	C:\Users\jkuzm\OneDrive - University of Massachusetts\HRSL x UMILL-PUMA Fatigue - Fatigue\Data\F01\FR3_Metabolic3.c3d
	FP1
	COFP
	ORIGINAL
ITEM	X
1	0.27432838
2	0.27376255
3	0.27317744
4	0.27257881
5	0.27197263
6	0.27136517
7	0.27076268
8	0.27017152
9	0.26959780
10	0.26904765
11	0.26852706
12	0.26804191
13	0.26759800
14	0.26720116
15	0.26685706
16	0.26657149
17	0.26635003
18	0.26619807
19	0.26612061
20	0.26612222
21	0.26620659
22	0.26637658
23	0.26663360
24	0.26697791
25	0.26740795
26	0.26792040
27	0.26851010
28	0.26916978
29	0.26989019
30	0.27066019
31	0.27146667
32	0.27229482
33	0.27312836
34	0.27394968
35	0.27474037
36	0.27548143
37	0.27615374
38	0.27673885
39	0.27721912
40	0.27757871
41	0.27780411
42	0.27788457
43	0.27781293
44	0.27758595
45	0.27720460
46	0.27667421
47	0.27600461
48	0.27520970
49	0.27430719
50	0.27331805
51	0.27226600
52	0.27117673
53	0.27007729
54	0.26899552
55	0.26795945
56	0.26699659
57	0.26613376
58	0.26539642
59	0.26480839
60	0.26439148
61	0.26416507
62	0.26414576
63	0.26434681
64	0.26477787
65	0.26544407
66	0.26634571
67	0.26747769
68	0.26882845
69	0.27037984
70	0.27210668
71	0.27397642
72	0.27594963
73	0.27798060
74	0.28001821
75	0.28200823
76	0.28389511
77	0.28562447
78	0.28714597
79	0.28841537
80	0.28939685
81	0.29006448
82	0.29040268
83	0.29040638
84	0.29008052
85	0.28943843
86	0.28850096
87	0.28729475
88	0.28585035
89	0.28420186
90	0.28238595
91	0.28044087
92	0.27840695
93	0.27632707
94	0.27424699
95	0.27221707
96	0.27029377
97	0.26854140
98	0.26703537
99	0.26586524
100	0.26513767
101	0.26498148
102	0.26555040
103	0.26702821
104	0.26963210
105	0.27361655
106	0.27927339
107	0.28693610
108	0.29698026
109	0.30982828
110	0.32596442
111	0.34595674
112	0.37051651
113	0.40059501
114	0.43756461
115	0.48354509
116	0.54204029
117	0.61924428
118	0.72708529
119	0.89150041
120	1.18072939
121	NaN
122	NaN
123	NaN
124	NaN
125	NaN
126	NaN
127	NaN
128	NaN
129	NaN
130	NaN
131	NaN
132	NaN
133	NaN
134	NaN
135	NaN
136	NaN
137	NaN
138	NaN
139	NaN
140	NaN
141	NaN
142	NaN
143	NaN
144	NaN
145	NaN
146	NaN
147	NaN
148	NaN
149	NaN
150	NaN
151	NaN
152	NaN
153	NaN
154	NaN
155	NaN
156	NaN
157	NaN
158	NaN
159	NaN
160	NaN
161	NaN
162	NaN
163	NaN
164	NaN
165	NaN
166	NaN
167	NaN
168	NaN
169	NaN
170	NaN
171	NaN
172	NaN
173	NaN
174	NaN
175	NaN
176	NaN
177	NaN
178	NaN
179	NaN
180	NaN
181	NaN
182	NaN
183	NaN
184	NaN
185	NaN
186	NaN
187	NaN
188	NaN
189	NaN
190	NaN
191	NaN
192	NaN
193	NaN
194	NaN
195	NaN
196	NaN
197	NaN
198	NaN
199	NaN
200	NaN
201	NaN
202	NaN
203	NaN
204	NaN
205	NaN
206	0.80495274
207	0.55972213
208	0.47149479
209	0.42651603
210	0.39953822
211	0.38175547
212	0.36929098
213	0.36017126
214	0.35328528
215	0.34796008
216	0.34376425
217	0.34040904
218	0.33769459
219	0.33547834
220	0.33365682
221	0.33215344
222	0.33091101
223	0.32988650
224	0.32904753
225	0.32836968
226	0.32783473
227	0.32742935
228	0.32714376
229	0.32697102
230	0.32690626
231	0.32694572
232	0.32708657
233	0.32732606
234	0.32766107
235	0.32808766
236	0.32860041
237	0.32919222
238	0.32985374
239	0.33057317
240	0.33133593
241	0.33212486
242	0.33292013
243	0.33369973
244	0.33444002
245	0.33511654
246	0.33570498
247	0.33618256
248	0.33652917
249	0.33672857
250	0.33676994
251	0.33664837
252	0.33636591
253	0.33593151
254	0.33536080
255	0.33467564
256	0.33390290
257	0.33307314
258	0.33221921
259	0.33137482
260	0.33057287
261	0.32984436
262	0.32921714
263	0.32871503
264	0.32835728
265	0.32815781
266	0.32812524
267	0.32826254
268	0.32856712
269	0.32903114
270	0.32964167
271	0.33038130
272	0.33122852
273	0.33215857
274	0.33314422
275	0.33415669
276	0.33516651
277	0.33614460
278	0.33706328
279	0.33789733
280	0.33862463
281	0.33922711
282	0.33969119
283	0.34000838
284	0.34017518
285	0.34019321
286	0.34006882
287	0.33981279
288	0.33943948
289	0.33896622
290	0.33841249
291	0.33779907
292	0.33714721
293	0.33647797
294	0.33581161
295	0.33516696
296	0.33456120
297	0.33400944
298	0.33352470
299	0.33311787
300	0.33279753
301	0.33257025
302	0.33244067
303	0.33241159
304	0.33248401
305	0.33265740
306	0.33292964
307	0.33329713
308	0.33375490
309	0.33429646
310	0.33491412
311	0.33559889
312	0.33634084
313	0.33712921
314	0.33795279
315	0.33879998
316	0.33965945
317	0.34052008
318	0.34137130
319	0.34220335
320	0.34300721
321	0.34377471
322	0.34449852
323	0.34517202
324	0.34578919
325	0.34634459
326	0.34683320
327	0.34725040
328	0.34759203
329	0.34785429
330	0.34803396
331	0.34812847
332	0.34813607
333	0.34805614
334	0.34788933
335	0.34763777
336	0.34730536
337	0.34689778
338	0.34642264
339	0.34588951
340	0.34530985
341	0.34469676
342	0.34406477
343	0.34342977
344	0.34280837
345	0.34221789
346	0.34167573
347	0.34119907
348	0.34080443
349	0.34050736
350	0.34032193
351	0.34026027
352	0.34033233
353	0.34054542
354	0.34090400
355	0.34140939
356	0.34205961
357	0.34284934
358	0.34376991
359	0.34480926
360	0.34595230
361	0.34718081
362	0.34847409
363	0.34980896
364	0.35116047
365	0.35250208
366	0.35380644
367	0.35504594
368	0.35619321
369	0.35722214
370	0.35810837
371	0.35883039
372	0.35937011
373	0.35971385
374	0.35985291
375	0.35978442
376	0.35951144
377	0.35904357
378	0.35839674
379	0.35759294
380	0.35665968
381	0.35562924
382	0.35453749
383	0.35342294
384	0.35232547
385	0.35128510
386	0.35034099
387	0.34953031
388	0.34888753
389	0.34844360
390	0.34822521
391	0.34825456
392	0.34854862
393	0.34911883
394	0.34997073
395	0.35110343
396	0.35250923
397	0.35417342
398	0.35607380
399	0.35818079
400	0.36045754
401	0.36286017
402	0.36533880
403	0.36783871
404	0.37030211
405	0.37267002
406	0.37488490
407	0.37689310
408	0.37864777
409	0.38011083
410	0.38125536
411	0.38206649
412	0.38254234
413	0.38269365
414	0.38254276
415	0.38212222
416	0.38147324
417	0.38064322
418	0.37968427
419	0.37865159
420	0.37760195
421	0.37659344
422	0.37568435
423	0.37493366
424	0.37440085
425	0.37414634
426	0.37423244
427	0.37472323
428	0.37568557
429	0.37718922
430	0.37930751
431	0.38211721
432	0.38569933
433	0.39013901
434	0.39552572
435	0.40195531
436	0.40953094
437	0.41836745
438	0.42859668
439	0.44037947
440	0.45392025
441	0.46949452
442	0.48748755
443	0.50845605
444	0.53322804
445	0.56306887
446	0.59997785
447	0.64725286
448	0.71068871
449	0.80138487
450	0.94351196
451	1.20141554
452	1.82217634
453	NaN
454	NaN
455	NaN
456	NaN
457	NaN
458	NaN
459	NaN
460	NaN
461	NaN
462	NaN
463	NaN
464	NaN
465	NaN
466	NaN
467	NaN
468	NaN
469	NaN
470	NaN
471	NaN
472	NaN
473	NaN
474	NaN
475	NaN
476	NaN
477	NaN
478	NaN
479	NaN
480	NaN
481	NaN
482	NaN
483	NaN
484	NaN
485	NaN
486	NaN
487	NaN
488	NaN
489	NaN
490	NaN
491	NaN
492	NaN
493	NaN
494	NaN
495	NaN
496	NaN
497	NaN
498	NaN
499	NaN
500	NaN
501	NaN
502	NaN
503	NaN
504	NaN
505	NaN
506	NaN
507	NaN
508	NaN
509	NaN
510	NaN
511	NaN
512	NaN
513	NaN
514	NaN
515	NaN
516	NaN
517	NaN
518	NaN
519	NaN
520	NaN
521	NaN
522	NaN
523	NaN
524	NaN
525	NaN
526	NaN
527	NaN
528	NaN
529	NaN
530	NaN
531	NaN
532	NaN
533	NaN
534	NaN
535	NaN
536	NaN
537	NaN
538	0.98737001
539	0.52426016
540	0.40678683
541	0.35398132
542	0.32449082
543	0.30602282
544	0.29362753
545	0.28492528
546	0.27862790
547	0.27397600
548	0.27049282
549	0.26786330
550	0.26587114
551	0.26436311
552	0.26322794
553	0.26238284
554	0.26176557
555	0.26132867
556	0.26103529
557	0.26085687
558	0.26077086
559	0.26075929
560	0.26080781
561	0.26090455
562	0.26103964
563	0.26120457
564	0.26139179
565	0.26159430
566	0.26180562
567	0.26201928
568	0.26222906
569	0.26242855
570	0.26261163
571	0.26277211
572	0.26290414
573	0.26300210
574	0.26306105
575	0.26307660
576	0.26304528
577	0.26296479
578	0.26283410
579	0.26265356
580	0.26242515
581	0.26215252
582	0.26184097
583	0.26149735
584	0.26113001
585	0.26074845
586	0.26036316
587	0.25998536
588	0.25962639
589	0.25929764
590	0.25901002
591	0.25877357
592	0.25859746
593	0.25848943
594	0.25845575
595	0.25850114
596	0.25862846
597	0.25883883
598	0.25913128
599	0.25950301
600	0.25994891
601	0.26046193
602	0.26103276
603	0.26165006
604	0.26230052
605	0.26296896
606	0.26363891
607	0.26429275
608	0.26491243
609	0.26548007
610	0.26597878
611	0.26639324
612	0.26671070
613	0.26692149
614	0.26701957
615	0.26700297
616	0.26687381
617	0.26663816
618	0.26630569
619	0.26588914
620	0.26540348
621	0.26486531
622	0.26429185
623	0.26370025
624	0.26310682
625	0.26252675
626	0.26197335
627	0.26145786
628	0.26098946
629	0.26057491
630	0.26021898
631	0.25992426
632	0.25969145
633	0.25951982
634	0.25940704
635	0.25934979
636	0.25934395
637	0.25938478
638	0.25946718
639	0.25958601
640	0.25973606
641	0.25991234
642	0.26011017
643	0.26032513
644	0.26055327
645	0.26079100
646	0.26103514
647	0.26128289
648	0.26153180
649	0.26177967
650	0.26202449
651	0.26226449
652	0.26249787
653	0.26272288
654	0.26293772
655	0.26314047
656	0.26332924
657	0.26350188
658	0.26365629
659	0.26379019
660	0.26390144
661	0.26398775
662	0.26404718
663	0.26407784
664	0.26407820
665	0.26404718
666	0.26398408
667	0.26388887
668	0.26376203
669	0.26360476
670	0.26341891
671	0.26320711
672	0.26297262
673	0.26271945
674	0.26245236
675	0.26217660
676	0.26189825
677	0.26162377
678	0.26136017
679	0.26111469
680	0.26089483
681	0.26070797
682	0.26056141
683	0.26046190
684	0.26041573
685	0.26042816
686	0.26050353
687	0.26064497
688	0.26085421
689	0.26113158
690	0.26147568
691	0.26188368
692	0.26235092
693	0.26287112
694	0.26343641
695	0.26403740
696	0.26466319
697	0.26530156
698	0.26593935
699	0.26656222
700	0.26715553
701	0.26770404
702	0.26819289
703	0.26860759
704	0.26893479
705	0.26916263
706	0.26928130
707	0.26928359
708	0.26916522
709	0.26892516
710	0.26856592
711	0.26809368
712	0.26751798
713	0.26685184
714	0.26611125
715	0.26531473
716	0.26448286
717	0.26363778
718	0.26280254
719	0.26200056
720	0.26125515
721	0.26058897
722	0.26002362
723	0.25957915
724	0.25927392
725	0.25912407
726	0.25914329
727	0.25934252
728	0.25972974
729	0.26030931
730	0.26108193
731	0.26204413
732	0.26318789
733	0.26450011
734	0.26596272
735	0.26755229
736	0.26924008
737	0.27099264
738	0.27277213
739	0.27453750
740	0.27624574
741	0.27785349
742	0.27931860
743	0.28060201
744	0.28166941
745	0.28249240
746	0.28304970
747	0.28332761
748	0.28332022
749	0.28302902
750	0.28246263
751	0.28163555
752	0.28056777
753	0.27928409
754	0.27781254
755	0.27618504
756	0.27443600
757	0.27260333
758	0.27072847
759	0.26885682
760	0.26703951
761	0.26533455
762	0.26380888
763	0.26254109
764	0.26162374
765	0.26116616
766	0.26129925
767	0.26217881
768	0.26398960
769	0.26695192
770	0.27132717
771	0.27742597
772	0.28562188
773	0.29636946
774	0.31023601
775	0.32795358
776	0.35051435
777	0.37933341
778	0.41656178
779	0.46569297
780	0.53287017
781	0.63002199
782	0.78371042
783	1.06730795
784	NaN
785	NaN
786	NaN
787	NaN
788	NaN
789	NaN
790	NaN
791	NaN
792	NaN
793	NaN
794	NaN
795	NaN
796	NaN
797	NaN
798	NaN
799	NaN
800	NaN
801	NaN
802	NaN
803	NaN
804	NaN
805	NaN
806	NaN
807	NaN
808	NaN
809	NaN
810	NaN
811	NaN
812	NaN
813	NaN
814	NaN
815	NaN
816	NaN
817	NaN
818	NaN
819	NaN
820	NaN
821	NaN
822	NaN
823	NaN
824	NaN
825	NaN
826	NaN
827	NaN
828	NaN
829	NaN
830	NaN
831	NaN
832	NaN
833	NaN
834	NaN
835	NaN
836	NaN
837	NaN
838	NaN
839	NaN
840	NaN
841	NaN
842	NaN
843	NaN
844	NaN
845	NaN
846	NaN
847	NaN
848	NaN
849	NaN
850	NaN
851	NaN
852	NaN
853	NaN
854	NaN
855	NaN
856	NaN
857	NaN
858	NaN
859	NaN
860	NaN
861	NaN
862	NaN
863	NaN
864	0.87384063
865	0.59320730
866	0.49517712
867	0.44522855
868	0.41497320
869	0.39472398
870	0.38026860
871	0.36947832
872	0.36115989
873	0.35459164
874	0.34931070
875	0.34500641
876	0.34146208
877	0.33852229
878	0.33607262
879	0.33402708
880	0.33232006
881	0.33090064
882	0.32972917
883	0.32877424
884	0.32801083
885	0.32741883
886	0.32698211
887	0.32668719
888	0.32652295
889	0.32647970
890	0.32654884
891	0.32672215
892	0.32699162
893	0.32734874
894	0.32778436
895	0.32828814
896	0.32884839
897	0.32945186
898	0.33008364
899	0.33072716
900	0.33136433
901	0.33197629
902	0.33254346
903	0.33304670
904	0.33346793
905	0.33379120
906	0.33400354
907	0.33409595
908	0.33406380
909	0.33390757
910	0.33363286
911	0.33325028
912	0.33277500
913	0.33222604
914	0.33162537
915	0.33099699
916	0.33036557
917	0.32975569
918	0.32919073
919	0.32869199
920	0.32827812
921	0.32796451
922	0.32776287
923	0.32768101
924	0.32772288
925	0.32788834
926	0.32817340
927	0.32857037
928	0.32906812
929	0.32965246
930	0.33030647
931	0.33101106
932	0.33174562
933	0.33248851
934	0.33321792
935	0.33391270
936	0.33455297
937	0.33512098
938	0.33560169
939	0.33598357
940	0.33625871
941	0.33642310
942	0.33647677
943	0.33642355
944	0.33627075
945	0.33602843
946	0.33570918
947	0.33532721
948	0.33489773
949	0.33443633
950	0.33395845
951	0.33347893
952	0.33301157
953	0.33256903
954	0.33216256
955	0.33180192
956	0.33149552
957	0.33125031
958	0.33107200
959	0.33096492
960	0.33093235
961	0.33097643
962	0.33109814
963	0.33129755
964	0.33157349
965	0.33192390
966	0.33234549
967	0.33283395
968	0.33338389
969	0.33398882
970	0.33464146
971	0.33533359
972	0.33605650
973	0.33680105
974	0.33755773
975	0.33831725
976	0.33907029
977	0.33980796
978	0.34052181
979	0.34120393
980	0.34184700
981	0.34244427
982	0.34298962
983	0.34347758
984	0.34390324
985	0.34426242
986	0.34455168
987	0.34476838
988	0.34491083
989	0.34497836
990	0.34497142
991	0.34489173
992	0.34474233
993	0.34452760
994	0.34425333
995	0.34392676
996	0.34355634
997	0.34315193
998	0.34272438
999	0.34228566
1000	0.34184855
1001	0.34142637
1002	0.34103280
1003	0.34068167
1004	0.34038660
1005	0.34016064
1006	0.34001598
1007	0.33996367
1008	0.34001327
1009	0.34017232
1010	0.34044644
1011	0.34083879
1012	0.34135005
1013	0.34197825
1014	0.34271878
1015	0.34356427
1016	0.34450489
1017	0.34552827
1018	0.34661981
1019	0.34776288
1020	0.34893903
1021	0.35012829
1022	0.35130966
1023	0.35246122
1024	0.35356084
1025	0.35458642
1026	0.35551670
1027	0.35633156
1028	0.35701266
1029	0.35754445
1030	0.35791442
1031	0.35811397
1032	0.35813898
1033	0.35799006
1034	0.35767314
1035	0.35719931
1036	0.35658509
1037	0.35585147
1038	0.35502404
1039	0.35413176
1040	0.35320616
1041	0.35228059
1042	0.35138899
1043	0.35056505
1044	0.34984112
1045	0.34924760
1046	0.34881237
1047	0.34855950
1048	0.34850958
1049	0.34867880
1050	0.34907854
1051	0.34971526
1052	0.35058999
1053	0.35169819
1054	0.35302940
1055	0.35456714
1056	0.35628873
1057	0.35816571
1058	0.36016387
1059	0.36224419
1060	0.36436340
1061	0.36647546
1062	0.36853305
1063	0.37048924
1064	0.37229943
1065	0.37392327
1066	0.37532675
1067	0.37648353
1068	0.37737653
1069	0.37799853
1070	0.37835249
1071	0.37845147
1072	0.37831789
1073	0.37798247
1074	0.37748307
1075	0.37686363
1076	0.37617242
1077	0.37546122
1078	0.37478411
1079	0.37419656
1080	0.37375525
1081	0.37351722
1082	0.37353972
1083	0.37388030
1084	0.37459621
1085	0.37574473
1086	0.37738296
1087	0.37956750
1088	0.38235390
1089	0.38579682
1090	0.38994953
1091	0.39486256
1092	0.40058491
1093	0.40716287
1094	0.41464159
1095	0.42306682
1096	0.43248805
1097	0.44296366
1098	0.45457000
1099	0.46741343
1100	0.48164636
1101	0.49749357
1102	0.51528335
1103	0.53550321
1104	0.55887711
1105	0.58649874
1106	0.62006670
1107	0.66231716
1108	0.71792740
1109	0.79554462
1110	0.91309279
1111	1.11467957
1112	1.54598701
1113	NaN
1114	NaN
1115	NaN
1116	NaN
1117	NaN
1118	NaN
1119	NaN
1120	NaN
1121	NaN
1122	NaN
1123	NaN
1124	NaN
1125	NaN
1126	NaN
1127	NaN
1128	NaN
1129	NaN
1130	NaN
1131	NaN
1132	NaN
1133	NaN
1134	NaN
1135	NaN
1136	NaN
1137	NaN
1138	NaN
1139	NaN
1140	NaN
1141	NaN
1142	NaN
1143	NaN
1144	NaN
1145	NaN
1146	NaN
1147	NaN
1148	NaN
1149	NaN
1150	NaN
1151	NaN
1152	NaN
1153	NaN
1154	NaN
1155	NaN
1156	NaN
1157	NaN
1158	NaN
1159	NaN
1160	NaN
1161	NaN
1162	NaN
1163	NaN
1164	NaN
1165	NaN
1166	NaN
1167	NaN
1168	NaN
1169	NaN
1170	NaN
1171	NaN
1172	NaN
1173	NaN
1174	NaN
1175	NaN
1176	NaN
1177	NaN
1178	NaN
1179	NaN
1180	NaN
1181	NaN
1182	NaN
1183	NaN
1184	NaN
1185	NaN
1186	NaN
1187	NaN
1188	NaN
1189	NaN
1190	NaN
1191	NaN
1192	NaN
1193	NaN
1194	NaN
1195	NaN
1196	NaN
1197	0.60663605
1198	0.43272683
1199	0.37018013
1200	0.33885980
1201	0.32060939
1202	0.30903929
1203	0.30132177
1204	0.29601246
1205	0.29229608
1206	0.28967768
1207	0.28783932
1208	0.28656778
1209	0.28571492
1210	0.28517482
1211	0.28487003
1212	0.28474274
1213	0.28474909
1214	0.28485551
1215	0.28503591
1216	0.28526965
1217	0.28554046
1218	0.28583515
1219	0.28614300
1220	0.28645521
1221	0.28676420
1222	0.28706348
1223	0.28734729
1224	0.28761038
1225	0.28784797
1226	0.28805545
1227	0.28822854
1228	0.28836313
1229	0.28845528
1230	0.28850138
1231	0.28849807
1232	0.28844243
1233	0.28833216
1234	0.28816569
1235	0.28794241
1236	0.28766295
1237	0.28732935
1238	0.28694537
1239	0.28651649
1240	0.28605002
1241	0.28555527
1242	0.28504315
1243	0.28452620
1244	0.28401813
1245	0.28353336
1246	0.28308675
1247	0.28269291
1248	0.28236577
1249	0.28211811
1250	0.28196114
1251	0.28190419
1252	0.28195438
1253	0.28211644
1254	0.28239262
1255	0.28278247
1256	0.28328285
1257	0.28388792
1258	0.28458908
1259	0.28537494
1260	0.28623152
1261	0.28714228
1262	0.28808826
1263	0.28904846
1264	0.29000023
1265	0.29091975
1266	0.29178277
1267	0.29256552
1268	0.29324546
1269	0.29380226
1270	0.29421908
1271	0.29448292
1272	0.29458594
1273	0.29452562
1274	0.29430506
1275	0.29393294
1276	0.29342321
1277	0.29279408
1278	0.29206747
1279	0.29126766
1280	0.29042026
1281	0.28955111
1282	0.28868508
1283	0.28784540
1284	0.28705287
1285	0.28632531
1286	0.28567725
1287	0.28512007
1288	0.28466165
1289	0.28430673
1290	0.28405705
1291	0.28391165
1292	0.28386715
1293	0.28391802
1294	0.28405696
1295	0.28427508
1296	0.28456244
1297	0.28490800
1298	0.28530017
1299	0.28572705
1300	0.28617659
1301	0.28663704
1302	0.28709707
1303	0.28754622
1304	0.28797504
1305	0.28837541
1306	0.28874055
1307	0.28906533
1308	0.28934619
1309	0.28958100
1310	0.28976923
1311	0.28991157
1312	0.29000980
1313	0.29006651
1314	0.29008493
1315	0.29006869
1316	0.29002154
1317	0.28994727
1318	0.28984943
1319	0.28973129
1320	0.28959587
1321	0.28944573
1322	0.28928319
1323	0.28911018
1324	0.28892845
1325	0.28873953
1326	0.28854480
1327	0.28834569
1328	0.28814346
1329	0.28793952
1330	0.28773534
1331	0.28753242
1332	0.28733253
1333	0.28713760
1334	0.28694987
1335	0.28677195
1336	0.28660700
1337	0.28645852
1338	0.28633070
1339	0.28622800
1340	0.28615540
1341	0.28611797
1342	0.28612074
1343	0.28616843
1344	0.28626525
1345	0.28641459
1346	0.28661859
1347	0.28687823
1348	0.28719291
1349	0.28756043
1350	0.28797698
1351	0.28843695
1352	0.28893325
1353	0.28945702
1354	0.28999817
1355	0.29054525
1356	0.29108581
1357	0.29160658
1358	0.29209384
1359	0.29253376
1360	0.29291281
1361	0.29321820
1362	0.29343829
1363	0.29356325
1364	0.29358527
1365	0.29349923
1366	0.29330301
1367	0.29299760
1368	0.29258752
1369	0.29208064
1370	0.29148805
1371	0.29082400
1372	0.29010522
1373	0.28935075
1374	0.28858128
1375	0.28781849
1376	0.28708488
1377	0.28640273
1378	0.28579414
1379	0.28528005
1380	0.28488025
1381	0.28461277
1382	0.28449360
1383	0.28453636
1384	0.28475189
1385	0.28514808
1386	0.28572935
1387	0.28649625
1388	0.28744498
1389	0.28856727
1390	0.28984961
1391	0.29127327
1392	0.29281402
1393	0.29444218
1394	0.29612309
1395	0.29781777
1396	0.29948372
1397	0.30107680
1398	0.30255273
1399	0.30386892
1400	0.30498666
1401	0.30587292
1402	0.30650148
1403	0.30685461
1404	0.30692279
1405	0.30670536
1406	0.30620944
1407	0.30544910
1408	0.30444455
1409	0.30322051
1410	0.30180541
1411	0.30023018
1412	0.29852805
1413	0.29673395
1414	0.29488462
1415	0.29301912
1416	0.29117942
1417	0.28941202
1418	0.28776920
1419	0.28631121
1420	0.28510875
1421	0.28424647
1422	0.28382573
1423	0.28396964
1424	0.28482744
1425	0.28657898
1426	0.28944188
1427	0.29367679
1428	0.29959458
1429	0.30756477
1430	0.31802914
1431	0.33151859
1432	0.34868944
1433	0.37038049
1434	0.39772242
1435	0.43233699
1436	0.47670889
1437	0.53493947
1438	0.61435306
1439	0.72944152
1440	0.91323471
1441	1.26025760
1442	NaN
1443	NaN
1444	NaN
1445	NaN
1446	NaN
1447	NaN
1448	NaN
1449	NaN
1450	NaN
1451	NaN
1452	NaN
1453	NaN
1454	NaN
1455	NaN
1456	NaN
1457	NaN
1458	NaN
1459	NaN
1460	NaN
1461	NaN
1462	NaN
1463	NaN
1464	NaN
1465	NaN
1466	NaN
1467	NaN
1468	NaN
1469	NaN
1470	NaN
1471	NaN
1472	NaN
1473	NaN
1474	NaN
1475	NaN
1476	NaN
1477	NaN
1478	NaN
1479	NaN
1480	NaN
1481	NaN
1482	NaN
1483	NaN
1484	NaN
1485	NaN
1486	NaN
1487	NaN
1488	NaN
1489	NaN
1490	NaN
1491	NaN
1492	NaN
1493	NaN
1494	NaN
1495	NaN
1496	NaN
1497	NaN
1498	NaN
1499	NaN
1500	NaN
1501	NaN
1502	NaN
1503	NaN
1504	NaN
1505	NaN
1506	NaN
1507	NaN
1508	NaN
1509	NaN
1510	NaN
1511	NaN
1512	NaN
1513	NaN
1514	NaN
1515	NaN
1516	NaN
1517	NaN
1518	NaN
1519	NaN
1520	NaN
1521	NaN
1522	NaN
1523	NaN
1524	NaN
1525	NaN
1526	NaN
1527	1.41689157
1528	0.69431376
1529	0.53297693
1530	0.46250111
1531	0.42338359
1532	0.39877236
1533	0.38205358
1534	0.37009853
1535	0.36123335
1536	0.35448077
1537	0.34923145
1538	0.34508559
1539	0.34177032
1540	0.33909345
1541	0.33691621
1542	0.33513653
1543	0.33367822
1544	0.33248386
1545	0.33150983
1546	0.33072302
1547	0.33009800
1548	0.32961547
1549	0.32926059
1550	0.32902193
1551	0.32889053
1552	0.32885921
1553	0.32892177
1554	0.32907259
1555	0.32930601
1556	0.32961601
1557	0.32999569
1558	0.33043692
1559	0.33093017
1560	0.33146411
1561	0.33202553
1562	0.33259952
1563	0.33316925
1564	0.33371648
1565	0.33422205
1566	0.33466643
1567	0.33503041
1568	0.33529630
1569	0.33544886
1570	0.33547607
1571	0.33537054
1572	0.33512980
1573	0.33475706
1574	0.33426133
1575	0.33365715
1576	0.33296406
1577	0.33220589
1578	0.33140945
1579	0.33060339
1580	0.32981700
1581	0.32907885
1582	0.32841572
1583	0.32785177
1584	0.32740754
1585	0.32709944
1586	0.32693946
1587	0.32693475
1588	0.32708755
1589	0.32739532
1590	0.32785073
1591	0.32844195
1592	0.32915312
1593	0.32996461
1594	0.33085367
1595	0.33179504
1596	0.33276168
1597	0.33372563
1598	0.33465898
1599	0.33553460
1600	0.33632731
1601	0.33701479
1602	0.33757827
1603	0.33800346
1604	0.33828077
1605	0.33840588
1606	0.33837953
1607	0.33820748
1608	0.33789974
1609	0.33747026
1610	0.33693594
1611	0.33631581
1612	0.33563021
1613	0.33489999
1614	0.33414572
1615	0.33338714
1616	0.33264276
1617	0.33192939
1618	0.33126202
1619	0.33065370
1620	0.33011556
1621	0.32965690
1622	0.32928509
1623	0.32900590
1624	0.32882351
1625	0.32874057
1626	0.32875836
1627	0.32887655
1628	0.32909346
1629	0.32940590
1630	0.32980913
1631	0.33029696
1632	0.33086181
1633	0.33149472
1634	0.33218566
1635	0.33292371
1636	0.33369732
1637	0.33449459
1638	0.33530357
1639	0.33611259
1640	0.33691034
1641	0.33768612
1642	0.33843008
1643	0.33913305
1644	0.33978683
1645	0.34038401
1646	0.34091794
1647	0.34138289
1648	0.34177381
1649	0.34208649
1650	0.34231767
1651	0.34246480
1652	0.34252656
1653	0.34250259
1654	0.34239382
1655	0.34220240
1656	0.34193209
1657	0.34158805
1658	0.34117702
1659	0.34070742
1660	0.34018910
1661	0.33963341
1662	0.33905309
1663	0.33846208
1664	0.33787510
1665	0.33730763
1666	0.33677548
1667	0.33629438
1668	0.33587968
1669	0.33554587
1670	0.33530632
1671	0.33517283
1672	0.33515522
1673	0.33526129
1674	0.33549631
1675	0.33586305
1676	0.33636159
1677	0.33698922
1678	0.33774045
1679	0.33860704
1680	0.33957800
1681	0.34063962
1682	0.34177560
1683	0.34296718
1684	0.34419337
1685	0.34543121
1686	0.34665599
1687	0.34784210
1688	0.34896308
1689	0.34999266
1690	0.35090557
1691	0.35167831
1692	0.35229003
1693	0.35272360
1694	0.35296649
1695	0.35301149
1696	0.35285729
1697	0.35250893
1698	0.35197785
1699	0.35128167
1700	0.35044390
1701	0.34949306
1702	0.34846187
1703	0.34738624
1704	0.34630409
1705	0.34525418
1706	0.34427506
1707	0.34340402
1708	0.34267634
1709	0.34212413
1710	0.34177616
1711	0.34165692
1712	0.34178632
1713	0.34217939
1714	0.34284565
1715	0.34378880
1716	0.34500664
1717	0.34649065
1718	0.34822536
1719	0.35018879
1720	0.35235190
1721	0.35467884
1722	0.35712737
1723	0.35964969
1724	0.36219314
1725	0.36470202
1726	0.36711919
1727	0.36938816
1728	0.37145570
1729	0.37327400
1730	0.37480316
1731	0.37601313
1732	0.37688538
1733	0.37741387
1734	0.37760535
1735	0.37747946
1736	0.37706748
1737	0.37641141
1738	0.37556195
1739	0.37457731
1740	0.37352100
1741	0.37246007
1742	0.37146404
1743	0.37060317
1744	0.36994773
1745	0.36956736
1746	0.36953095
1747	0.36990535
1748	0.37075651
1749	0.37214860
1750	0.37414420
1751	0.37680396
1752	0.38018602
1753	0.38434532
1754	0.38933307
1755	0.39519545
1756	0.40197250
1757	0.40969843
1758	0.41840151
1759	0.42810577
1760	0.43883538
1761	0.45062068
1762	0.46350855
1763	0.47757816
1764	0.49296042
1765	0.50986791
1766	0.52863431
1767	0.54977596
1768	0.57408649
1769	0.60279530
1770	0.63785297
1771	0.68248755
1772	0.74239749
1773	0.82860535
1774	0.96556872
1775	1.22059965
1776	NaN
1777	NaN
1778	NaN
1779	NaN
1780	NaN
1781	NaN
1782	NaN
1783	NaN
1784	NaN
1785	NaN
1786	NaN
1787	NaN
1788	NaN
1789	NaN
1790	NaN
1791	NaN
1792	NaN
1793	NaN
1794	NaN
1795	NaN
1796	NaN
1797	NaN
1798	NaN
1799	NaN
1800	NaN
1801	NaN
1802	NaN
1803	NaN
1804	NaN
1805	NaN
1806	NaN
1807	NaN
1808	NaN
1809	NaN
1810	NaN
1811	NaN
1812	NaN
1813	NaN
1814	NaN
1815	NaN
1816	NaN
1817	NaN
1818	NaN
1819	NaN
1820	NaN
1821	NaN
1822	NaN
1823	NaN
1824	NaN
1825	NaN
1826	NaN
1827	NaN
1828	NaN
1829	NaN
1830	NaN
1831	NaN
1832	NaN
1833	NaN
1834	NaN
1835	NaN
1836	NaN
1837	NaN
1838	NaN
1839	NaN
1840	NaN
1841	NaN
1842	NaN
1843	NaN
1844	NaN
1845	NaN
1846	NaN
1847	NaN
1848	NaN
1849	NaN
1850	NaN
1851	NaN
1852	NaN
1853	NaN
1854	NaN
1855	NaN
1856	NaN
1857	NaN
1858	NaN
1859	NaN
1860	NaN
1861	NaN
1862	NaN
1863	0.60132509
1864	0.39251593
1865	0.33077922
1866	0.30202365
1867	0.28588608
1868	0.27588096
1869	0.26929787
1870	0.26480383
1871	0.26166761
1872	0.25945446
1873	0.25789073
1874	0.25679600
1875	0.25604680
1876	0.25555658
1877	0.25526303
1878	0.25512049
1879	0.25509512
1880	0.25516140
1881	0.25529978
1882	0.25549498
1883	0.25573498
1884	0.25600991
1885	0.25631145
1886	0.25663233
1887	0.25696585
1888	0.25730574
1889	0.25764567
1890	0.25797930
1891	0.25830016
1892	0.25860143
1893	0.25887614
1894	0.25911707
1895	0.25931686
1896	0.25946829
1897	0.25956422
1898	0.25959805
1899	0.25956374
1900	0.25945649
1901	0.25927258
1902	0.25901026
1903	0.25866956
1904	0.25825286
1905	0.25776494
1906	0.25721315
1907	0.25660723
1908	0.25595939
1909	0.25528371
1910	0.25459594
1911	0.25391296
1912	0.25325215
1913	0.25263077
1914	0.25206554
1915	0.25157180
1916	0.25116330
1917	0.25085178
1918	0.25064665
1919	0.25055489
1920	0.25058094
1921	0.25072658
1922	0.25099090
1923	0.25137040
1924	0.25185886
1925	0.25244725
1926	0.25312397
1927	0.25387457
1928	0.25468218
1929	0.25552750
1930	0.25638920
1931	0.25724435
1932	0.25806916
1933	0.25883970
1934	0.25953287
1935	0.26012743
1936	0.26060495
1937	0.26095083
1938	0.26115516
1939	0.26121312
1940	0.26112536
1941	0.26089787
1942	0.26054156
1943	0.26007152
1944	0.25950608
1945	0.25886580
1946	0.25817236
1947	0.25744736
1948	0.25671157
1949	0.25598413
1950	0.25528204
1951	0.25461972
1952	0.25400910
1953	0.25345939
1954	0.25297740
1955	0.25256765
1956	0.25223264
1957	0.25197312
1958	0.25178838
1959	0.25167641
1960	0.25163418
1961	0.25165778
1962	0.25174260
1963	0.25188330
1964	0.25207406
1965	0.25230858
1966	0.25258017
1967	0.25288185
1968	0.25320640
1969	0.25354657
1970	0.25389516
1971	0.25424519
1972	0.25459003
1973	0.25492361
1974	0.25524041
1975	0.25553572
1976	0.25580546
1977	0.25604632
1978	0.25625566
1979	0.25643146
1980	0.25657213
1981	0.25667652
1982	0.25674382
1983	0.25677341
1984	0.25676489
1985	0.25671816
1986	0.25663325
1987	0.25651067
1988	0.25635129
1989	0.25615650
1990	0.25592831
1991	0.25566939
1992	0.25538316
1993	0.25507373
1994	0.25474584
1995	0.25440487
1996	0.25405663
1997	0.25370729
1998	0.25336331
1999	0.25303113
2000	0.25271732
2001	0.25242823
2002	0.25217015
2003	0.25194904
2004	0.25177059
2005	0.25164011
2006	0.25156248
2007	0.25154203
2008	0.25158247
2009	0.25168672
2010	0.25185665
2011	0.25209332
2012	0.25239629
2013	0.25276396
2014	0.25319335
2015	0.25367984
2016	0.25421748
2017	0.25479865
2018	0.25541440
2019	0.25605434
2020	0.25670683
2021	0.25735906
2022	0.25799739
2023	0.25860751
2024	0.25917470
2025	0.25968435
2026	0.26012224
2027	0.26047507
2028	0.26073092
2029	0.26087984
2030	0.26091412
2031	0.26082891
2032	0.26062226
2033	0.26029569
2034	0.25985393
2035	0.25930503
2036	0.25866017
2037	0.25793347
2038	0.25714129
2039	0.25630221
2040	0.25543618
2041	0.25456426
2042	0.25370809
2043	0.25288939
2044	0.25212958
2045	0.25144947
2046	0.25086895
2047	0.25040650
2048	0.25007915
2049	0.24990219
2050	0.24988866
2051	0.25004932
2052	0.25039199
2053	0.25092131
2054	0.25163814
2055	0.25253904
2056	0.25361559
2057	0.25485417
2058	0.25623524
2059	0.25773346
2060	0.25931761
2061	0.26095107
2062	0.26259285
2063	0.26419887
2064	0.26572368
2065	0.26712239
2066	0.26835287
2067	0.26937747
2068	0.27016506
2069	0.27069169
2070	0.27094141
2071	0.27090642
2072	0.27058640
2073	0.26998779
2074	0.26912266
2075	0.26800758
2076	0.26666251
2077	0.26511037
2078	0.26337606
2079	0.26148629
2080	0.25947005
2081	0.25735861
2082	0.25518665
2083	0.25299391
2084	0.25082579
2085	0.24873643
2086	0.24679124
2087	0.24506883
2088	0.24366561
2089	0.24269772
2090	0.24230504
2091	0.24265358
2092	0.24393713
2093	0.24637608
2094	0.25021750
2095	0.25573036
2096	0.26320118
2097	0.27293307
2098	0.28524581
2099	0.30048895
2100	0.31906953
2101	0.34150574
2102	0.36851382
2103	0.40116650
2104	0.44115356
2105	0.49126899
2106	0.55639184
2107	0.64567077
2108	0.77822071
2109	1.00121176
2110	1.47018385
2111	NaN
2112	NaN
2113	NaN
2114	NaN
2115	NaN
2116	NaN
2117	NaN
2118	NaN
2119	NaN
2120	NaN
2121	NaN
2122	NaN
2123	NaN
2124	NaN
2125	NaN
2126	NaN
2127	NaN
2128	NaN
2129	NaN
2130	NaN
2131	NaN
2132	NaN
2133	NaN
2134	NaN
2135	NaN
2136	NaN
2137	NaN
2138	NaN
2139	NaN
2140	NaN
2141	NaN
2142	NaN
2143	NaN
2144	NaN
2145	NaN
2146	NaN
2147	NaN
2148	NaN
2149	NaN
2150	NaN
2151	NaN
2152	NaN
2153	NaN
2154	NaN
2155	NaN
2156	NaN
2157	NaN
2158	NaN
2159	NaN
2160	NaN
2161	NaN
2162	NaN
2163	NaN
2164	NaN
2165	NaN
2166	NaN
2167	NaN
2168	NaN
2169	NaN
2170	NaN
2171	NaN
2172	NaN
2173	NaN
2174	NaN
2175	NaN
2176	NaN
2177	NaN
2178	NaN
2179	NaN
2180	NaN
2181	NaN
2182	NaN
2183	NaN
2184	NaN
2185	NaN
2186	NaN
2187	NaN
2188	NaN
2189	NaN
2190	NaN
2191	NaN
2192	NaN
2193	NaN
2194	NaN
2195	NaN
2196	NaN
2197	0.79973316
2198	0.54197019
2199	0.45132723
2200	0.40571445
2201	0.37864646
2202	0.36098012
2203	0.34871605
2204	0.33982766
2205	0.33317915
2206	0.32808521
2207	0.32410890
2208	0.32095921
2209	0.31843567
2210	0.31639659
2211	0.31473956
2212	0.31338945
2213	0.31229034
2214	0.31140047
2215	0.31068832
2216	0.31013003
2217	0.30970767
2218	0.30940744
2219	0.30921900
2220	0.30913424
2221	0.30914667
2222	0.30925104
2223	0.30944246
2224	0.30971631
2225	0.31006759
2226	0.31049067
2227	0.31097880
2228	0.31152394
2229	0.31211638
2230	0.31274456
2231	0.31339499
2232	0.31405205
2233	0.31469837
2234	0.31531519
2235	0.31588274
2236	0.31638110
2237	0.31679118
2238	0.31709564
2239	0.31728002
2240	0.31733382
2241	0.31725135
2242	0.31703231
2243	0.31668222
2244	0.31621227
2245	0.31563890
2246	0.31498325
2247	0.31426981
2248	0.31352559
2249	0.31277850
2250	0.31205639
2251	0.31138587
2252	0.31079116
2253	0.31029347
2254	0.30991036
2255	0.30965528
2256	0.30953735
2257	0.30956122
2258	0.30972719
2259	0.31003115
2260	0.31046483
2261	0.31101623
2262	0.31166965
2263	0.31240642
2264	0.31320515
2265	0.31404263
2266	0.31489432
2267	0.31573510
2268	0.31654033
2269	0.31728649
2270	0.31795222
2271	0.31851906
2272	0.31897220
2273	0.31930086
2274	0.31949902
2275	0.31956506
2276	0.31950206
2277	0.31931719
2278	0.31902131
2279	0.31862819
2280	0.31815389
2281	0.31761587
2282	0.31703228
2283	0.31642136
2284	0.31580082
2285	0.31518739
2286	0.31459662
2287	0.31404257
2288	0.31353772
2289	0.31309298
2290	0.31271780
2291	0.31241986
2292	0.31220549
2293	0.31207958
2294	0.31204543
2295	0.31210500
2296	0.31225872
2297	0.31250554
2298	0.31284302
2299	0.31326714
2300	0.31377238
2301	0.31435204
2302	0.31499803
2303	0.31570137
2304	0.31645232
2305	0.31724054
2306	0.31805545
2307	0.31888649
2308	0.31972310
2309	0.32055524
2310	0.32137311
2311	0.32216746
2312	0.32292956
2313	0.32365122
2314	0.32432467
2315	0.32494274
2316	0.32549879
2317	0.32598677
2318	0.32640132
2319	0.32673779
2320	0.32699239
2321	0.32716238
2322	0.32724619
2323	0.32724336
2324	0.32715487
2325	0.32698318
2326	0.32673234
2327	0.32640794
2328	0.32601705
2329	0.32556856
2330	0.32507262
2331	0.32454088
2332	0.32398623
2333	0.32342255
2334	0.32286453
2335	0.32232735
2336	0.32182643
2337	0.32137692
2338	0.32099363
2339	0.32069036
2340	0.32047993
2341	0.32037339
2342	0.32038006
2343	0.32050717
2344	0.32075971
2345	0.32114008
2346	0.32164818
2347	0.32228121
2348	0.32303363
2349	0.32389715
2350	0.32486081
2351	0.32591084
2352	0.32703099
2353	0.32820258
2354	0.32940468
2355	0.33061457
2356	0.33180800
2357	0.33295983
2358	0.33404458
2359	0.33503720
2360	0.33591378
2361	0.33665258
2362	0.33723482
2363	0.33764556
2364	0.33787447
2365	0.33791652
2366	0.33777243
2367	0.33744898
2368	0.33695891
2369	0.33632058
2370	0.33555752
2371	0.33469766
2372	0.33377230
2373	0.33281520
2374	0.33186150
2375	0.33094662
2376	0.33010554
2377	0.32937169
2378	0.32877633
2379	0.32834795
2380	0.32811168
2381	0.32808870
2382	0.32829624
2383	0.32874662
2384	0.32944736
2385	0.33040068
2386	0.33160302
2387	0.33304489
2388	0.33471063
2389	0.33657801
2390	0.33861864
2391	0.34079790
2392	0.34307557
2393	0.34540668
2394	0.34774265
2395	0.35003299
2396	0.35222703
2397	0.35427624
2398	0.35613605
2399	0.35776857
2400	0.35914379
2401	0.36024153
2402	0.36105210
2403	0.36157688
2404	0.36182779
2405	0.36182702
2406	0.36160547
2407	0.36120158
2408	0.36065990
2409	0.36002967
2410	0.35936335
2411	0.35871542
2412	0.35814181
2413	0.35769856
2414	0.35744169
2415	0.35742682
2416	0.35770825
2417	0.35833973
2418	0.35937366
2419	0.36086136
2420	0.36285281
2421	0.36539611
2422	0.36853778
2423	0.37232259
2424	0.37679291
2425	0.38198882
2426	0.38794917
2427	0.39471203
2428	0.40231815
2429	0.41081426
2430	0.42025968
2431	0.43073642
2432	0.44236401
2433	0.45531809
2434	0.46986052
2435	0.48638198
2436	0.50546455
2437	0.52799064
2438	0.55532128
2439	0.58963275
2440	0.63459104
2441	0.69684368
2442	0.78978288
2443	0.94500071
2444	1.25912821
2445	NaN
2446	NaN
2447	NaN
2448	NaN
2449	NaN
2450	NaN
2451	NaN
2452	NaN
2453	NaN
2454	NaN
2455	NaN
2456	NaN
2457	NaN
2458	NaN
2459	NaN
2460	NaN
2461	NaN
2462	NaN
2463	NaN
2464	NaN
2465	NaN
2466	NaN
2467	NaN
2468	NaN
2469	NaN
2470	NaN
2471	NaN
2472	NaN
2473	NaN
2474	NaN
2475	NaN
2476	NaN
2477	NaN
2478	NaN
2479	NaN
2480	NaN
2481	NaN
2482	NaN
2483	NaN
2484	NaN
2485	NaN
2486	NaN
2487	NaN
2488	NaN
2489	NaN
2490	NaN
2491	NaN
2492	NaN
2493	NaN
2494	NaN
2495	NaN
2496	NaN
2497	NaN
2498	NaN
2499	NaN
2500	NaN
2501	NaN
2502	NaN
2503	NaN
2504	NaN
2505	NaN
2506	NaN
2507	NaN
2508	NaN
2509	NaN
2510	NaN
2511	NaN
2512	NaN
2513	NaN
2514	NaN
2515	NaN
2516	NaN
2517	NaN
2518	NaN
2519	NaN
2520	NaN
2521	NaN
2522	NaN
2523	NaN
2524	NaN
2525	NaN
2526	NaN
2527	NaN
2528	NaN
2529	NaN
2530	NaN
2531	NaN
2532	NaN
2533	NaN
2534	NaN
2535	0.70434713
2536	0.43629071
2537	0.35655388
2538	0.31959829
2539	0.29907247
2540	0.28653288
2541	0.27844065
2542	0.27305177
2543	0.26940793
2544	0.26694041
2545	0.26529101
2546	0.26422411
2547	0.26357925
2548	0.26324421
2549	0.26313859
2550	0.26320386
2551	0.26339686
2552	0.26368499
2553	0.26404375
2554	0.26445422
2555	0.26490155
2556	0.26537389
2557	0.26586175
2558	0.26635689
2559	0.26685229
2560	0.26734173
2561	0.26781929
2562	0.26827946
2563	0.26871687
2564	0.26912627
2565	0.26950240
2566	0.26984030
2567	0.27013490
2568	0.27038136
2569	0.27057511
2570	0.27071193
2571	0.27078813
2572	0.27080080
2573	0.27074790
2574	0.27062878
2575	0.27044410
2576	0.27019626
2577	0.26988956
2578	0.26953027
2579	0.26912665
2580	0.26868895
2581	0.26822922
2582	0.26776093
2583	0.26729879
2584	0.26685804
2585	0.26645422
2586	0.26610237
2587	0.26581675
2588	0.26561010
2589	0.26549354
2590	0.26547584
2591	0.26556349
2592	0.26576021
2593	0.26606706
2594	0.26648214
2595	0.26700065
2596	0.26761490
2597	0.26831436
2598	0.26908568
2599	0.26991302
2600	0.27077812
2601	0.27166089
2602	0.27253976
2603	0.27339241
2604	0.27419645
2605	0.27493024
2606	0.27557406
2607	0.27611068
2608	0.27652633
2609	0.27681154
2610	0.27696145
2611	0.27697605
2612	0.27686030
2613	0.27662352
2614	0.27627891
2615	0.27584282
2616	0.27533349
2617	0.27477047
2618	0.27417344
2619	0.27356136
2620	0.27295196
2621	0.27236107
2622	0.27180240
2623	0.27128726
2624	0.27082455
2625	0.27042088
2626	0.27008057
2627	0.26980591
2628	0.26959738
2629	0.26945385
2630	0.26937288
2631	0.26935083
2632	0.26938322
2633	0.26946485
2634	0.26959008
2635	0.26975283
2636	0.26994711
2637	0.27016672
2638	0.27040571
2639	0.27065825
2640	0.27091902
2641	0.27118298
2642	0.27144563
2643	0.27170309
2644	0.27195191
2645	0.27218926
2646	0.27241287
2647	0.27262086
2648	0.27281189
2649	0.27298477
2650	0.27313885
2651	0.27327341
2652	0.27338803
2653	0.27348232
2654	0.27355596
2655	0.27360868
2656	0.27364028
2657	0.27365041
2658	0.27363902
2659	0.27360609
2660	0.27355158
2661	0.27347594
2662	0.27337968
2663	0.27326375
2664	0.27312949
2665	0.27297863
2666	0.27281347
2667	0.27263674
2668	0.27245161
2669	0.27226183
2670	0.27207154
2671	0.27188519
2672	0.27170774
2673	0.27154446
2674	0.27140066
2675	0.27128196
2676	0.27119395
2677	0.27114218
2678	0.27113187
2679	0.27116784
2680	0.27125433
2681	0.27139482
2682	0.27159178
2683	0.27184662
2684	0.27215946
2685	0.27252904
2686	0.27295256
2687	0.27342576
2688	0.27394283
2689	0.27449635
2690	0.27507746
2691	0.27567583
2692	0.27627987
2693	0.27687693
2694	0.27745345
2695	0.27799535
2696	0.27848840
2697	0.27891842
2698	0.27927205
2699	0.27953711
2700	0.27970302
2701	0.27976146
2702	0.27970669
2703	0.27953592
2704	0.27924988
2705	0.27885246
2706	0.27835113
2707	0.27775672
2708	0.27708316
2709	0.27634707
2710	0.27556744
2711	0.27476501
2712	0.27396178
2713	0.27318048
2714	0.27244404
2715	0.27177492
2716	0.27119485
2717	0.27072427
2718	0.27038175
2719	0.27018398
2720	0.27014512
2721	0.27027661
2722	0.27058682
2723	0.27108082
2724	0.27175993
2725	0.27262130
2726	0.27365789
2727	0.27485779
2728	0.27620414
2729	0.27767491
2730	0.27924305
2731	0.28087646
2732	0.28253874
2733	0.28419003
2734	0.28578803
2735	0.28728971
2736	0.28865302
2737	0.28983867
2738	0.29081196
2739	0.29154453
2740	0.29201564
2741	0.29221287
2742	0.29213277
2743	0.29178026
2744	0.29116836
2745	0.29031712
2746	0.28925258
2747	0.28800514
2748	0.28660876
2749	0.28509998
2750	0.28351685
2751	0.28189886
2752	0.28028682
2753	0.27872264
2754	0.27725074
2755	0.27591833
2756	0.27477694
2757	0.27388367
2758	0.27330315
2759	0.27310932
2760	0.27338758
2761	0.27423629
2762	0.27576897
2763	0.27811614
2764	0.28142530
2765	0.28586307
2766	0.29161388
2767	0.29888046
2768	0.30788517
2769	0.31887236
2770	0.33211550
2771	0.34793296
2772	0.36671817
2773	0.38898781
2774	0.41546851
2775	0.44723877
2776	0.48597676
2777	0.53442746
2778	0.59732616
2779	0.68348032
2780	0.81109512
2781	1.02453291
2782	1.46674538
2783	NaN
2784	NaN
2785	NaN
2786	NaN
2787	NaN
2788	NaN
2789	NaN
2790	NaN
2791	NaN
2792	NaN
2793	NaN
2794	NaN
2795	NaN
2796	NaN
2797	NaN
2798	NaN
2799	NaN
2800	NaN
2801	NaN
2802	NaN
2803	NaN
2804	NaN
2805	NaN
2806	NaN
2807	NaN
2808	NaN
2809	NaN
2810	NaN
2811	NaN
2812	NaN
2813	NaN
2814	NaN
2815	NaN
2816	NaN
2817	NaN
2818	NaN
2819	NaN
2820	NaN
2821	NaN
2822	NaN
2823	NaN
2824	NaN
2825	NaN
2826	NaN
2827	NaN
2828	NaN
2829	NaN
2830	NaN
2831	NaN
2832	NaN
2833	NaN
2834	NaN
2835	NaN
2836	NaN
2837	NaN
2838	NaN
2839	NaN
2840	NaN
2841	NaN
2842	NaN
2843	NaN
2844	NaN
2845	NaN
2846	NaN
2847	NaN
2848	NaN
2849	NaN
2850	NaN
2851	NaN
2852	NaN
2853	NaN
2854	NaN
2855	NaN
2856	NaN
2857	1.69815397
2858	0.72774816
2859	0.54862565
2860	0.47309664
2861	0.43140897
2862	0.40498713
2863	0.38676822
2864	0.37347803
2865	0.36338896
2866	0.35550231
2867	0.34919989
2868	0.34407783
2869	0.33986112
2870	0.33635587
2871	0.33342156
2872	0.33095381
2873	0.32887393
2874	0.32712162
2875	0.32565001
2876	0.32442245
2877	0.32341000
2878	0.32258976
2879	0.32194331
2880	0.32145590
2881	0.32111537
2882	0.32091174
2883	0.32083637
2884	0.32088158
2885	0.32104012
2886	0.32130474
2887	0.32166776
2888	0.32212073
2889	0.32265392
2890	0.32325622
2891	0.32391492
2892	0.32461527
2893	0.32534102
2894	0.32607418
2895	0.32679561
2896	0.32748541
2897	0.32812378
2898	0.32869178
2899	0.32917225
2900	0.32955089
2901	0.32981700
2902	0.32996431
2903	0.32999140
2904	0.32990193
2905	0.32970449
2906	0.32941216
2907	0.32904178
2908	0.32861307
2909	0.32814756
2910	0.32766750
2911	0.32719505
2912	0.32675102
2913	0.32635450
2914	0.32602197
2915	0.32576692
2916	0.32559961
2917	0.32552683
2918	0.32555190
2919	0.32567459
2920	0.32589146
2921	0.32619581
2922	0.32657820
2923	0.32702672
2924	0.32752731
2925	0.32806450
2926	0.32862175
2927	0.32918197
2928	0.32972845
2929	0.33024517
2930	0.33071738
2931	0.33113235
2932	0.33147949
2933	0.33175090
2934	0.33194157
2935	0.33204943
2936	0.33207530
2937	0.33202273
2938	0.33189768
2939	0.33170816
2940	0.33146396
2941	0.33117586
2942	0.33085552
2943	0.33051479
2944	0.33016530
2945	0.32981840
2946	0.32948452
2947	0.32917321
2948	0.32889292
2949	0.32865092
2950	0.32845336
2951	0.32830521
2952	0.32821044
2953	0.32817197
2954	0.32819197
2955	0.32827175
2956	0.32841191
2957	0.32861242
2958	0.32887262
2959	0.32919127
2960	0.32956636
2961	0.32999542
2962	0.33047512
2963	0.33100155
2964	0.33157021
2965	0.33217582
2966	0.33281252
2967	0.33347392
2968	0.33415303
2969	0.33484250
2970	0.33553451
2971	0.33622092
2972	0.33689359
2973	0.33754414
2974	0.33816436
2975	0.33874631
2976	0.33928242
2977	0.33976579
2978	0.34019014
2979	0.34055018
2980	0.34084159
2981	0.34106117
2982	0.34120697
2983	0.34127831
2984	0.34127596
2985	0.34120205
2986	0.34106016
2987	0.34085539
2988	0.34059426
2989	0.34028462
2990	0.33993581
2991	0.33955824
2992	0.33916339
2993	0.33876362
2994	0.33837187
2995	0.33800131
2996	0.33766526
2997	0.33737651
2998	0.33714727
2999	0.33698875
3000	0.33691078
3001	0.33692172
3002	0.33702797
3003	0.33723393
3004	0.33754200
3005	0.33795211
3006	0.33846205
3007	0.33906731
3008	0.33976093
3009	0.34053379
3010	0.34137461
3011	0.34226990
3012	0.34320429
3013	0.34416068
3014	0.34512028
3015	0.34606320
3016	0.34696859
3017	0.34781516
3018	0.34858170
3019	0.34924749
3020	0.34979308
3021	0.35020083
3022	0.35045555
3023	0.35054541
3024	0.35046220
3025	0.35020235
3026	0.34976715
3027	0.34916329
3028	0.34840304
3029	0.34750426
3030	0.34649029
3031	0.34538960
3032	0.34423509
3033	0.34306338
3034	0.34191367
3035	0.34082654
3036	0.33984274
3037	0.33900151
3038	0.33833909
3039	0.33788761
3040	0.33767337
3041	0.33771625
3042	0.33802894
3043	0.33861643
3044	0.33947656
3045	0.34059983
3046	0.34197003
3047	0.34356475
3048	0.34535602
3049	0.34731102
3050	0.34939298
3051	0.35156164
3052	0.35377449
3053	0.35598776
3054	0.35815749
3055	0.36024070
3056	0.36219674
3057	0.36398861
3058	0.36558411
3059	0.36695728
3060	0.36808929
3061	0.36896905
3062	0.36959395
3063	0.36996984
3064	0.37011087
3065	0.37003902
3066	0.36978304
3067	0.36937773
3068	0.36886284
3069	0.36828142
3070	0.36767912
3071	0.36710277
3072	0.36659950
3073	0.36621588
3074	0.36599723
3075	0.36598670
3076	0.36622542
3077	0.36675200
3078	0.36760175
3079	0.36880735
3080	0.37039790
3081	0.37239906
3082	0.37483278
3083	0.37771684
3084	0.38106450
3085	0.38488406
3086	0.38917890
3087	0.39394641
3088	0.39917934
3089	0.40486541
3090	0.41098937
3091	0.41753498
3092	0.42448863
3093	0.43184218
3094	0.43960029
3095	0.44778532
3096	0.45644528
3097	0.46566433
3098	0.47557089
3099	0.48635712
3100	0.49829766
3101	0.51178360
3102	0.52737248
3103	0.54587442
3104	0.56850052
3105	0.59713578
3106	0.63487434
3107	0.68717098
3108	0.76463246
3109	0.89096487
3110	1.13224125
3111	NaN
3112	NaN
3113	NaN
3114	NaN
3115	NaN
3116	NaN
3117	NaN
3118	NaN
3119	NaN
3120	NaN
3121	NaN
3122	NaN
3123	NaN
3124	NaN
3125	NaN
3126	NaN
3127	NaN
3128	NaN
3129	NaN
3130	NaN
3131	NaN
3132	NaN
3133	NaN
3134	NaN
3135	NaN
3136	NaN
3137	NaN
3138	NaN
3139	NaN
3140	NaN
3141	NaN
3142	NaN
3143	NaN
3144	NaN
3145	NaN
3146	NaN
3147	NaN
3148	NaN
3149	NaN
3150	NaN
3151	NaN
3152	NaN
3153	NaN
3154	NaN
3155	NaN
3156	NaN
3157	NaN
3158	NaN
3159	NaN
3160	NaN
3161	NaN
3162	NaN
3163	NaN
3164	NaN
3165	NaN
3166	NaN
3167	NaN
3168	NaN
3169	NaN
3170	NaN
3171	NaN
3172	NaN
3173	NaN
3174	NaN
3175	NaN
3176	NaN
3177	NaN
3178	NaN
3179	NaN
3180	NaN
3181	NaN
3182	NaN
3183	NaN
3184	NaN
3185	NaN
3186	0.98711628
3187	0.50080943
3188	0.39955112
3189	0.35651958
3190	0.33315623
3191	0.31876922
3192	0.30921182
3193	0.30253920
3194	0.29771820
3195	0.29414946
3196	0.29146159
3197	0.28941247
3198	0.28783759
3199	0.28662178
3200	0.28568196
3201	0.28495726
3202	0.28440213
3203	0.28398204
3204	0.28367046
3205	0.28344688
3206	0.28329515
3207	0.28320256
3208	0.28315863
3209	0.28315496
3210	0.28318435
3211	0.28324053
3212	0.28331792
3213	0.28341129
3214	0.28351569
3215	0.28362614
3216	0.28373778
3217	0.28384575
3218	0.28394511
3219	0.28403100
3220	0.28409857
3221	0.28414315
3222	0.28416038
3223	0.28414613
3224	0.28409696
3225	0.28401002
3226	0.28388345
3227	0.28371638
3228	0.28350940
3229	0.28326443
3230	0.28298533
3231	0.28267747
3232	0.28234833
3233	0.28200704
3234	0.28166449
3235	0.28133276
3236	0.28102499
3237	0.28075469
3238	0.28053510
3239	0.28037888
3240	0.28029749
3241	0.28030053
3242	0.28039557
3243	0.28058797
3244	0.28088051
3245	0.28127342
3246	0.28176436
3247	0.28234833
3248	0.28301793
3249	0.28376308
3250	0.28457141
3251	0.28542817
3252	0.28631642
3253	0.28721729
3254	0.28811029
3255	0.28897363
3256	0.28978500
3257	0.29052228
3258	0.29116428
3259	0.29169175
3260	0.29208857
3261	0.29234236
3262	0.29244551
3263	0.29239571
3264	0.29219612
3265	0.29185548
3266	0.29138756
3267	0.29081041
3268	0.29014543
3269	0.28941625
3270	0.28864744
3271	0.28786340
3272	0.28708750
3273	0.28634086
3274	0.28564212
3275	0.28500685
3276	0.28444728
3277	0.28397247
3278	0.28358817
3279	0.28329724
3280	0.28309986
3281	0.28299376
3282	0.28297466
3283	0.28303662
3284	0.28317213
3285	0.28337279
3286	0.28362927
3287	0.28393176
3288	0.28427017
3289	0.28463438
3290	0.28501448
3291	0.28540084
3292	0.28578442
3293	0.28615698
3294	0.28651103
3295	0.28684029
3296	0.28713948
3297	0.28740448
3298	0.28763252
3299	0.28782207
3300	0.28797278
3301	0.28808543
3302	0.28816184
3303	0.28820470
3304	0.28821737
3305	0.28820378
3306	0.28816804
3307	0.28811458
3308	0.28804758
3309	0.28797120
3310	0.28788915
3311	0.28780478
3312	0.28772104
3313	0.28764024
3314	0.28756434
3315	0.28749463
3316	0.28743190
3317	0.28737649
3318	0.28732827
3319	0.28728667
3320	0.28725082
3321	0.28721958
3322	0.28719187
3323	0.28716660
3324	0.28714299
3325	0.28712076
3326	0.28710008
3327	0.28708202
3328	0.28706813
3329	0.28706086
3330	0.28706327
3331	0.28707883
3332	0.28711140
3333	0.28716490
3334	0.28724304
3335	0.28734925
3336	0.28748640
3337	0.28765658
3338	0.28786108
3339	0.28810027
3340	0.28837344
3341	0.28867888
3342	0.28901374
3343	0.28937408
3344	0.28975484
3345	0.29014981
3346	0.29055178
3347	0.29095259
3348	0.29134318
3349	0.29171395
3350	0.29205492
3351	0.29235604
3352	0.29260743
3353	0.29280001
3354	0.29292575
3355	0.29297817
3356	0.29295260
3357	0.29284656
3358	0.29266021
3359	0.29239619
3360	0.29205981
3361	0.29165912
3362	0.29120445
3363	0.29070842
3364	0.29018536
3365	0.28965107
3366	0.28912219
3367	0.28861597
3368	0.28814963
3369	0.28774005
3370	0.28740329
3371	0.28715426
3372	0.28700638
3373	0.28697142
3374	0.28705886
3375	0.28727594
3376	0.28762734
3377	0.28811482
3378	0.28873688
3379	0.28948882
3380	0.29036233
3381	0.29134548
3382	0.29242289
3383	0.29357564
3384	0.29478180
3385	0.29601696
3386	0.29725495
3387	0.29846877
3388	0.29963148
3389	0.30071726
3390	0.30170280
3391	0.30256787
3392	0.30329609
3393	0.30387551
3394	0.30429900
3395	0.30456394
3396	0.30467227
3397	0.30463004
3398	0.30444658
3399	0.30413461
3400	0.30370924
3401	0.30318779
3402	0.30258909
3403	0.30193350
3404	0.30124259
3405	0.30053937
3406	0.29984808
3407	0.29919469
3408	0.29860774
3409	0.29811838
3410	0.29776216
3411	0.29757950
3412	0.29761726
3413	0.29793021
3414	0.29858276
3415	0.29965076
3416	0.30122337
3417	0.30340609
3418	0.30632147
3419	0.31011316
3420	0.31494772
3421	0.32101887
3422	0.32855541
3423	0.33783177
3424	0.34918603
3425	0.36305094
3426	0.38000712
3427	0.40086767
3428	0.42683104
3429	0.45975253
3430	0.50267226
3431	0.56093603
3432	0.64484918
3433	0.77707535
3434	1.01892602
3435	NaN
3436	NaN
3437	NaN
3438	NaN
3439	NaN
3440	NaN
3441	NaN
3442	NaN
3443	NaN
3444	NaN
3445	NaN
3446	NaN
3447	NaN
3448	NaN
3449	NaN
3450	NaN
3451	NaN
3452	NaN
3453	NaN
3454	NaN
3455	NaN
3456	NaN
3457	NaN
3458	NaN
3459	NaN
3460	NaN
3461	NaN
3462	NaN
3463	NaN
3464	NaN
3465	NaN
3466	NaN
3467	NaN
3468	NaN
3469	NaN
3470	NaN
3471	NaN
3472	NaN
3473	NaN
3474	NaN
3475	NaN
3476	NaN
3477	NaN
3478	NaN
3479	NaN
3480	NaN
3481	NaN
3482	NaN
3483	NaN
3484	NaN
3485	NaN
3486	NaN
3487	NaN
3488	NaN
3489	NaN
3490	NaN
3491	NaN
3492	NaN
3493	NaN
3494	NaN
3495	NaN
3496	NaN
3497	NaN
3498	NaN
3499	NaN
3500	NaN
3501	NaN
3502	NaN
3503	NaN
3504	NaN
3505	NaN
3506	NaN
3507	NaN
3508	NaN
3509	NaN
3510	NaN
3511	NaN
3512	NaN
3513	NaN
3514	0.85830551
3515	0.61072010
3516	0.51566648
3517	0.46538115
3518	0.43431899
3519	0.41329420
3520	0.39818659
3521	0.38687000
3522	0.37813351
3523	0.37123585
3524	0.36569712
3525	0.36119235
3526	0.35749352
3527	0.35443604
3528	0.35189825
3529	0.34978852
3530	0.34803677
3531	0.34658879
3532	0.34540218
3533	0.34444365
3534	0.34368676
3535	0.34311068
3536	0.34269854
3537	0.34243691
3538	0.34231469
3539	0.34232265
3540	0.34245265
3541	0.34269717
3542	0.34304884
3543	0.34349984
3544	0.34404150
3545	0.34466380
3546	0.34535515
3547	0.34610182
3548	0.34688798
3549	0.34769559
3550	0.34850439
3551	0.34929261
3552	0.35003719
3553	0.35071492
3554	0.35130322
3555	0.35178143
3556	0.35213196
3557	0.35234144
3558	0.35240167
3559	0.35231057
3560	0.35207227
3561	0.35169739
3562	0.35120258
3563	0.35060969
3564	0.34994474
3565	0.34923670
3566	0.34851602
3567	0.34781331
3568	0.34715798
3569	0.34657723
3570	0.34609500
3571	0.34573129
3572	0.34550163
3573	0.34541672
3574	0.34548235
3575	0.34569919
3576	0.34606308
3577	0.34656522
3578	0.34719238
3579	0.34792739
3580	0.34874970
3581	0.34963596
3582	0.35056069
3583	0.35149726
3584	0.35241854
3585	0.35329813
3586	0.35411111
3587	0.35483503
3588	0.35545081
3589	0.35594338
3590	0.35630235
3591	0.35652205
3592	0.35660186
3593	0.35654598
3594	0.35636303
3595	0.35606536
3596	0.35566854
3597	0.35519046
3598	0.35465059
3599	0.35406896
3600	0.35346591
3601	0.35286084
3602	0.35227218
3603	0.35171676
3604	0.35120937
3605	0.35076284
3606	0.35038757
3607	0.35009176
3608	0.34988129
3609	0.34975988
3610	0.34972912
3611	0.34978881
3612	0.34993699
3613	0.35017020
3614	0.35048369
3615	0.35087150
3616	0.35132682
3617	0.35184199
3618	0.35240874
3619	0.35301834
3620	0.35366184
3621	0.35433012
3622	0.35501418
3623	0.35570511
3624	0.35639447
3625	0.35707411
3626	0.35773656
3627	0.35837480
3628	0.35898253
3629	0.35955414
3630	0.36008465
3631	0.36056980
3632	0.36100605
3633	0.36139038
3634	0.36172044
3635	0.36199450
3636	0.36221132
3637	0.36237010
3638	0.36247066
3639	0.36251324
3640	0.36249858
3641	0.36242810
3642	0.36230367
3643	0.36212796
3644	0.36190441
3645	0.36163726
3646	0.36133155
3647	0.36099342
3648	0.36062983
3649	0.36024871
3650	0.35985902
3651	0.35947046
3652	0.35909352
3653	0.35873911
3654	0.35841867
3655	0.35814360
3656	0.35792512
3657	0.35777402
3658	0.35770029
3659	0.35771281
3660	0.35781911
3661	0.35802522
3662	0.35833523
3663	0.35875139
3664	0.35927367
3665	0.35989979
3666	0.36062509
3667	0.36144245
3668	0.36234227
3669	0.36331251
3670	0.36433879
3671	0.36540443
3672	0.36649087
3673	0.36757785
3674	0.36864385
3675	0.36966652
3676	0.37062344
3677	0.37149242
3678	0.37225258
3679	0.37288478
3680	0.37337261
3681	0.37370306
3682	0.37386721
3683	0.37386075
3684	0.37368470
3685	0.37334538
3686	0.37285462
3687	0.37222964
3688	0.37149248
3689	0.37066957
3690	0.36979082
3691	0.36888877
3692	0.36799759
3693	0.36715207
3694	0.36638659
3695	0.36573425
3696	0.36522591
3697	0.36488953
3698	0.36474937
3699	0.36482558
3700	0.36513358
3701	0.36568370
3702	0.36648098
3703	0.36752453
3704	0.36880782
3705	0.37031808
3706	0.37203649
3707	0.37393796
3708	0.37599164
3709	0.37816110
3710	0.38040492
3711	0.38267764
3712	0.38493076
3713	0.38711461
3714	0.38917944
3715	0.39107791
3716	0.39276654
3717	0.39420798
3718	0.39537284
3719	0.39624107
3720	0.39680302
3721	0.39706022
3722	0.39702538
3723	0.39672187
3724	0.39618334
3725	0.39545193
3726	0.39457715
3727	0.39361438
3728	0.39262342
3729	0.39166701
3730	0.39080951
3731	0.39011651
3732	0.38965380
3733	0.38948709
3734	0.38968155
3735	0.39030227
3736	0.39141393
3737	0.39308149
3738	0.39536983
3739	0.39834422
3740	0.40207112
3741	0.40661752
3742	0.41205215
3743	0.41844526
3744	0.42586976
3745	0.43440321
3746	0.44412985
3747	0.45514545
3748	0.46756318
3749	0.48152488
3750	0.49721625
3751	0.51488769
3752	0.53488898
3753	0.55771649
3754	0.58409101
3755	0.61507881
3756	0.65229887
3757	0.69829828
3758	0.75728154
3759	0.83666426
3760	0.95079023
3761	1.13141978
3762	1.46551287
3763	NaN
3764	NaN
3765	NaN
3766	NaN
3767	NaN
3768	NaN
3769	NaN
3770	NaN
3771	NaN
3772	NaN
3773	NaN
3774	NaN
3775	NaN
3776	NaN
3777	NaN
3778	NaN
3779	NaN
3780	NaN
3781	NaN
3782	NaN
3783	NaN
3784	NaN
3785	NaN
3786	NaN
3787	NaN
3788	NaN
3789	NaN
3790	NaN
3791	NaN
3792	NaN
3793	NaN
3794	NaN
3795	NaN
3796	NaN
3797	NaN
3798	NaN
3799	NaN
3800	NaN
3801	NaN
3802	NaN
3803	NaN
3804	NaN
3805	NaN
3806	NaN
3807	NaN
3808	NaN
3809	NaN
3810	NaN
3811	NaN
3812	NaN
3813	NaN
3814	NaN
3815	NaN
3816	NaN
3817	NaN
3818	NaN
3819	NaN
3820	NaN
3821	NaN
3822	NaN
3823	NaN
3824	NaN
3825	NaN
3826	NaN
3827	NaN
3828	NaN
3829	NaN
3830	NaN
3831	NaN
3832	NaN
3833	NaN
3834	NaN
3835	NaN
3836	NaN
3837	0.66004282
3838	0.45662230
3839	0.38629100
3840	0.35076427
3841	0.32944825
3842	0.31533796
3843	0.30539274
3844	0.29807776
3845	0.29253247
3846	0.28823653
3847	0.28485572
3848	0.28216502
3849	0.28000709
3850	0.27826834
3851	0.27686441
3852	0.27573133
3853	0.27481955
3854	0.27408981
3855	0.27351075
3856	0.27305678
3857	0.27270657
3858	0.27244234
3859	0.27224883
3860	0.27211285
3861	0.27202275
3862	0.27196822
3863	0.27193981
3864	0.27192903
3865	0.27192795
3866	0.27192944
3867	0.27192703
3868	0.27191472
3869	0.27188751
3870	0.27184102
3871	0.27177191
3872	0.27167761
3873	0.27155682
3874	0.27140906
3875	0.27123508
3876	0.27103662
3877	0.27081636
3878	0.27057809
3879	0.27032632
3880	0.27006638
3881	0.26980424
3882	0.26954633
3883	0.26929948
3884	0.26907074
3885	0.26886734
3886	0.26869637
3887	0.26856464
3888	0.26847854
3889	0.26844385
3890	0.26846534
3891	0.26854685
3892	0.26869091
3893	0.26889867
3894	0.26916981
3895	0.26950249
3896	0.26989308
3897	0.27033642
3898	0.27082559
3899	0.27135214
3900	0.27190587
3901	0.27247533
3902	0.27304783
3903	0.27360961
3904	0.27414641
3905	0.27464372
3906	0.27508727
3907	0.27546373
3908	0.27576116
3909	0.27596954
3910	0.27608135
3911	0.27609220
3912	0.27600077
3913	0.27580935
3914	0.27552363
3915	0.27515242
3916	0.27470741
3917	0.27420253
3918	0.27365321
3919	0.27307570
3920	0.27248648
3921	0.27190119
3922	0.27133444
3923	0.27079901
3924	0.27030563
3925	0.26986280
3926	0.26947665
3927	0.26915094
3928	0.26888743
3929	0.26868570
3930	0.26854381
3931	0.26845849
3932	0.26842526
3933	0.26843897
3934	0.26849392
3935	0.26858425
3936	0.26870406
3937	0.26884758
3938	0.26900923
3939	0.26918402
3940	0.26936728
3941	0.26955482
3942	0.26974300
3943	0.26992860
3944	0.27010903
3945	0.27028206
3946	0.27044603
3947	0.27059972
3948	0.27074245
3949	0.27087379
3950	0.27099374
3951	0.27110255
3952	0.27120072
3953	0.27128872
3954	0.27136716
3955	0.27143651
3956	0.27149707
3957	0.27154896
3958	0.27159208
3959	0.27162603
3960	0.27165025
3961	0.27166402
3962	0.27166656
3963	0.27165702
3964	0.27163482
3965	0.27159950
3966	0.27155089
3967	0.27148920
3968	0.27141488
3969	0.27132890
3970	0.27123228
3971	0.27112654
3972	0.27101338
3973	0.27089456
3974	0.27077213
3975	0.27064839
3976	0.27052575
3977	0.27040684
3978	0.27029473
3979	0.27019256
3980	0.27010387
3981	0.27003241
3982	0.26998192
3983	0.26995626
3984	0.26995903
3985	0.26999351
3986	0.27006242
3987	0.27016792
3988	0.27031130
3989	0.27049303
3990	0.27071255
3991	0.27096835
3992	0.27125782
3993	0.27157730
3994	0.27192211
3995	0.27228647
3996	0.27266377
3997	0.27304634
3998	0.27342597
3999	0.27379373
4000	0.27414051
4001	0.27445710
4002	0.27473456
4003	0.27496457
4004	0.27513978
4005	0.27525413
4006	0.27530307
4007	0.27528381
4008	0.27519566
4009	0.27503994
4010	0.27482015
4011	0.27454177
4012	0.27421239
4013	0.27384129
4014	0.27343938
4015	0.27301881
4016	0.27259269
4017	0.27217475
4018	0.27177903
4019	0.27141947
4020	0.27110973
4021	0.27086285
4022	0.27069092
4023	0.27060497
4024	0.27061477
4025	0.27072835
4026	0.27095208
4027	0.27129027
4028	0.27174473
4029	0.27231467
4030	0.27299646
4031	0.27378312
4032	0.27466434
4033	0.27562651
4034	0.27665234
4035	0.27772149
4036	0.27881098
4037	0.27989575
4038	0.28094965
4039	0.28194645
4040	0.28286093
4041	0.28367028
4042	0.28435519
4043	0.28490022
4044	0.28529543
4045	0.28553605
4046	0.28562275
4047	0.28556162
4048	0.28536341
4049	0.28504324
4050	0.28461993
4051	0.28411525
4052	0.28355363
4053	0.28296152
4054	0.28236726
4055	0.28180182
4056	0.28129780
4057	0.28089061
4058	0.28061929
4059	0.28052738
4060	0.28066382
4061	0.28108528
4062	0.28185809
4063	0.28305995
4064	0.28478417
4065	0.28714246
4066	0.29026937
4067	0.29432946
4068	0.29952550
4069	0.30610907
4070	0.31440064
4071	0.32481521
4072	0.33790815
4073	0.35444984
4074	0.37555644
4075	0.40292689
4076	0.43930554
4077	0.48947224
4078	0.56257385
4079	0.67863286
4080	0.89147723
4081	NaN
4082	NaN
4083	NaN
4084	NaN
4085	NaN
4086	NaN
4087	NaN
4088	NaN
4089	NaN
4090	NaN
4091	NaN
4092	NaN
4093	NaN
4094	NaN
4095	NaN
4096	NaN
4097	NaN
4098	NaN
4099	NaN
4100	NaN
4101	NaN
4102	NaN
4103	NaN
4104	NaN
4105	NaN
4106	NaN
4107	NaN
4108	NaN
4109	NaN
4110	NaN
4111	NaN
4112	NaN
4113	NaN
4114	NaN
4115	NaN
4116	NaN
4117	NaN
4118	NaN
4119	NaN
4120	NaN
4121	NaN
4122	NaN
4123	NaN
4124	NaN
4125	NaN
4126	NaN
4127	NaN
4128	NaN
4129	NaN
4130	NaN
4131	NaN
4132	NaN
4133	NaN
4134	NaN
4135	NaN
4136	NaN
4137	NaN
4138	NaN
4139	NaN
4140	NaN
4141	NaN
4142	NaN
4143	NaN
4144	NaN
4145	NaN
4146	NaN
4147	NaN
4148	NaN
4149	NaN
4150	NaN
4151	NaN
4152	NaN
4153	NaN
4154	NaN
4155	NaN
4156	NaN
4157	NaN
4158	NaN
4159	NaN
4160	NaN
4161	NaN
4162	NaN
4163	NaN
4164	NaN
4165	1.17013216
4166	0.65503883
4167	0.52097821
4168	0.45933944
4169	0.42395082
4170	0.40101847
4171	0.38497812
4172	0.37315360
4173	0.36409828
4174	0.35696167
4175	0.35121098
4176	0.34649572
4177	0.34257594
4178	0.33928233
4179	0.33649215
4180	0.33411461
4181	0.33208129
4182	0.33034009
4183	0.32885072
4184	0.32758203
4185	0.32650945
4186	0.32561359
4187	0.32487911
4188	0.32429352
4189	0.32384652
4190	0.32352933
4191	0.32333407
4192	0.32325327
4193	0.32327944
4194	0.32340467
4195	0.32362014
4196	0.32391608
4197	0.32428125
4198	0.32470295
4199	0.32516697
4200	0.32565755
4201	0.32615763
4202	0.32664916
4203	0.32711351
4204	0.32753217
4205	0.32788745
4206	0.32816321
4207	0.32834581
4208	0.32842481
4209	0.32839367
4210	0.32825038
4211	0.32799774
4212	0.32764331
4213	0.32719937
4214	0.32668221
4215	0.32611167
4216	0.32551003
4217	0.32490110
4218	0.32430920
4219	0.32375801
4220	0.32326975
4221	0.32286429
4222	0.32255846
4223	0.32236546
4224	0.32229459
4225	0.32235095
4226	0.32253531
4227	0.32284412
4228	0.32326972
4229	0.32380065
4230	0.32442176
4231	0.32511505
4232	0.32585993
4233	0.32663393
4234	0.32741365
4235	0.32817531
4236	0.32889575
4237	0.32955328
4238	0.33012846
4239	0.33060488
4240	0.33096984
4241	0.33121467
4242	0.33133522
4243	0.33133164
4244	0.33120850
4245	0.33097419
4246	0.33064047
4247	0.33022189
4248	0.32973510
4249	0.32919788
4250	0.32862875
4251	0.32804611
4252	0.32746777
4253	0.32691044
4254	0.32638949
4255	0.32591864
4256	0.32550973
4257	0.32517281
4258	0.32491595
4259	0.32474533
4260	0.32466543
4261	0.32467881
4262	0.32478651
4263	0.32498792
4264	0.32528082
4265	0.32566163
4266	0.32612526
4267	0.32666537
4268	0.32727438
4269	0.32794353
4270	0.32866314
4271	0.32942280
4272	0.33021143
4273	0.33101776
4274	0.33183029
4275	0.33263767
4276	0.33342901
4277	0.33419392
4278	0.33492264
4279	0.33560652
4280	0.33623776
4281	0.33680975
4282	0.33731705
4283	0.33775535
4284	0.33812162
4285	0.33841401
4286	0.33863181
4287	0.33877558
4288	0.33884680
4289	0.33884808
4290	0.33878309
4291	0.33865640
4292	0.33847347
4293	0.33824056
4294	0.33796480
4295	0.33765388
4296	0.33731610
4297	0.33696029
4298	0.33659571
4299	0.33623192
4300	0.33587876
4301	0.33554611
4302	0.33524397
4303	0.33498216
4304	0.33477017
4305	0.33461702
4306	0.33453101
4307	0.33451945
4308	0.33458847
4309	0.33474290
4310	0.33498588
4311	0.33531901
4312	0.33574212
4313	0.33625320
4314	0.33684853
4315	0.33752266
4316	0.33826846
4317	0.33907735
4318	0.33993915
4319	0.34084240
4320	0.34177428
4321	0.34272087
4322	0.34366730
4323	0.34459773
4324	0.34549582
4325	0.34634489
4326	0.34712827
4327	0.34782982
4328	0.34843424
4329	0.34892783
4330	0.34929880
4331	0.34953815
4332	0.34963998
4333	0.34960201
4334	0.34942594
4335	0.34911782
4336	0.34868786
4337	0.34815040
4338	0.34752366
4339	0.34682903
4340	0.34609064
4341	0.34533459
4342	0.34458810
4343	0.34387869
4344	0.34323364
4345	0.34267902
4346	0.34223914
4347	0.34193599
4348	0.34178868
4349	0.34181315
4350	0.34202167
4351	0.34242246
4352	0.34301946
4353	0.34381205
4354	0.34479490
4355	0.34595770
4356	0.34728527
4357	0.34875730
4358	0.35034898
4359	0.35203087
4360	0.35377005
4361	0.35553017
4362	0.35727316
4363	0.35896006
4364	0.36055258
4365	0.36201459
4366	0.36331370
4367	0.36442289
4368	0.36532176
4369	0.36599773
4370	0.36644650
4371	0.36667278
4372	0.36668998
4373	0.36652002
4374	0.36619234
4375	0.36574325
4376	0.36521474
4377	0.36465338
4378	0.36410919
4379	0.36363465
4380	0.36328313
4381	0.36310872
4382	0.36316484
4383	0.36350372
4384	0.36417568
4385	0.36522889
4386	0.36670870
4387	0.36865732
4388	0.37111375
4389	0.37411299
4390	0.37768665
4391	0.38186258
4392	0.38666490
4393	0.39211500
4394	0.39823154
4395	0.40503362
4396	0.41254181
4397	0.42078349
4398	0.42979681
4399	0.43964136
4400	0.45040646
4401	0.46222931
4402	0.47531605
4403	0.48997012
4404	0.50664312
4405	0.52600300
4406	0.54905635
4407	0.57735723
4408	0.61340004
4409	0.66142827
4410	0.72926104
4411	0.83303624
4412	1.01230884
4413	1.39684749
4414	NaN
4415	NaN
4416	NaN
4417	NaN
4418	NaN
4419	NaN
4420	NaN
4421	NaN
4422	NaN
4423	NaN
4424	NaN
4425	NaN
4426	NaN
4427	NaN
4428	NaN
4429	NaN
4430	NaN
4431	NaN
4432	NaN
4433	NaN
4434	NaN
4435	NaN
4436	NaN
4437	NaN
4438	NaN
4439	NaN
4440	NaN
4441	NaN
4442	NaN
4443	NaN
4444	NaN
4445	NaN
4446	NaN
4447	NaN
4448	NaN
4449	NaN
4450	NaN
4451	NaN
4452	NaN
4453	NaN
4454	NaN
4455	NaN
4456	NaN
4457	NaN
4458	NaN
4459	NaN
4460	NaN
4461	NaN
4462	NaN
4463	NaN
4464	NaN
4465	NaN
4466	NaN
4467	NaN
4468	NaN
4469	NaN
4470	NaN
4471	NaN
4472	NaN
4473	NaN
4474	NaN
4475	NaN
4476	NaN
4477	NaN
4478	NaN
4479	NaN
4480	NaN
4481	NaN
4482	NaN
4483	NaN
4484	NaN
4485	NaN
4486	0.41576385
4487	0.33041954
4488	0.29766977
4489	0.28045529
4490	0.26991349
4491	0.26284930
4492	0.25782853
4493	0.25411174
4494	0.25127912
4495	0.24907427
4496	0.24733184
4497	0.24594048
4498	0.24482226
4499	0.24392100
4500	0.24319509
4501	0.24261297
4502	0.24215008
4503	0.24178694
4504	0.24150762
4505	0.24129874
4506	0.24114875
4507	0.24104734
4508	0.24098504
4509	0.24095289
4510	0.24094224
4511	0.24094458
4512	0.24095155
4513	0.24095480
4514	0.24094625
4515	0.24091804
4516	0.24086274
4517	0.24077369
4518	0.24064513
4519	0.24047242
4520	0.24025251
4521	0.23998398
4522	0.23966722
4523	0.23930471
4524	0.23890094
4525	0.23846243
4526	0.23799777
4527	0.23751700
4528	0.23703168
4529	0.23655419
4530	0.23609743
4531	0.23567404
4532	0.23529613
4533	0.23497482
4534	0.23471968
4535	0.23453866
4536	0.23443779
4537	0.23442115
4538	0.23449092
4539	0.23464732
4540	0.23488890
4541	0.23521259
4542	0.23561385
4543	0.23608685
4544	0.23662457
4545	0.23721875
4546	0.23786016
4547	0.23853847
4548	0.23924227
4549	0.23995917
4550	0.24067581
4551	0.24137805
4552	0.24205106
4553	0.24267974
4554	0.24324889
4555	0.24374399
4556	0.24415140
4557	0.24445938
4558	0.24465843
4559	0.24474204
4560	0.24470706
4561	0.24455431
4562	0.24428840
4563	0.24391782
4564	0.24345469
4565	0.24291411
4566	0.24231346
4567	0.24167168
4568	0.24100834
4569	0.24034271
4570	0.23969300
4571	0.23907582
4572	0.23850553
4573	0.23799387
4574	0.23754987
4575	0.23717982
4576	0.23688723
4577	0.23667318
4578	0.23653632
4579	0.23647352
4580	0.23647982
4581	0.23654902
4582	0.23667388
4583	0.23684639
4584	0.23705813
4585	0.23730054
4586	0.23756506
4587	0.23784330
4588	0.23812750
4589	0.23841034
4590	0.23868528
4591	0.23894662
4592	0.23918954
4593	0.23941022
4594	0.23960581
4595	0.23977445
4596	0.23991522
4597	0.24002802
4598	0.24011360
4599	0.24017335
4600	0.24020925
4601	0.24022371
4602	0.24021935
4603	0.24019918
4604	0.24016608
4605	0.24012297
4606	0.24007261
4607	0.24001743
4608	0.23995966
4609	0.23990105
4610	0.23984301
4611	0.23978658
4612	0.23973241
4613	0.23968086
4614	0.23963200
4615	0.23958576
4616	0.23954187
4617	0.23950005
4618	0.23945998
4619	0.23942129
4620	0.23938367
4621	0.23934682
4622	0.23931058
4623	0.23927489
4624	0.23923977
4625	0.23920551
4626	0.23917261
4627	0.23914191
4628	0.23911443
4629	0.23909158
4630	0.23907505
4631	0.23906660
4632	0.23906833
4633	0.23908214
4634	0.23911008
4635	0.23915391
4636	0.23921517
4637	0.23929513
4638	0.23939465
4639	0.23951423
4640	0.23965397
4641	0.23981348
4642	0.23999190
4643	0.24018784
4644	0.24039924
4645	0.24062352
4646	0.24085735
4647	0.24109674
4648	0.24133706
4649	0.24157314
4650	0.24179940
4651	0.24200998
4652	0.24219902
4653	0.24236076
4654	0.24248996
4655	0.24258210
4656	0.24263319
4657	0.24264058
4658	0.24260271
4659	0.24251914
4660	0.24239084
4661	0.24222003
4662	0.24201028
4663	0.24176641
4664	0.24149433
4665	0.24120113
4666	0.24089469
4667	0.24058373
4668	0.24027750
4669	0.23998572
4670	0.23971818
4671	0.23948476
4672	0.23929505
4673	0.23915817
4674	0.23908260
4675	0.23907587
4676	0.23914430
4677	0.23929279
4678	0.23952462
4679	0.23984098
4680	0.24024118
4681	0.24072213
4682	0.24127835
4683	0.24190201
4684	0.24258289
4685	0.24330847
4686	0.24406436
4687	0.24483463
4688	0.24560210
4689	0.24634922
4690	0.24705844
4691	0.24771287
4692	0.24829702
4693	0.24879718
4694	0.24920180
4695	0.24950214
4696	0.24969192
4697	0.24976803
4698	0.24973002
4699	0.24958000
4700	0.24932306
4701	0.24896653
4702	0.24852003
4703	0.24799563
4704	0.24740782
4705	0.24677345
4706	0.24611276
4707	0.24544962
4708	0.24481240
4709	0.24423535
4710	0.24376017
4711	0.24343716
4712	0.24332760
4713	0.24350657
4714	0.24406381
4715	0.24510807
4716	0.24676846
4717	0.24919829
4718	0.25257936
4719	0.25712714
4720	0.26309860
4721	0.27080709
4722	0.28064579
4723	0.29312488
4724	0.30894199
4725	0.32909814
4726	0.35512474
4727	0.38951463
4728	0.43665254
4729	0.50504959
4730	0.61366355
4731	0.81486952
4732	NaN
4733	NaN
4734	NaN
4735	NaN
4736	NaN
4737	NaN
4738	NaN
4739	NaN
4740	NaN
4741	NaN
4742	NaN
4743	NaN
4744	NaN
4745	NaN
4746	NaN
4747	NaN
4748	NaN
4749	NaN
4750	NaN
4751	NaN
4752	NaN
4753	NaN
4754	NaN
4755	NaN
4756	NaN
4757	NaN
4758	NaN
4759	NaN
4760	NaN
4761	NaN
4762	NaN
4763	NaN
4764	NaN
4765	NaN
4766	NaN
4767	NaN
4768	NaN
4769	NaN
4770	NaN
4771	NaN
4772	NaN
4773	NaN
4774	NaN
4775	NaN
4776	NaN
4777	NaN
4778	NaN
4779	NaN
4780	NaN
4781	NaN
4782	NaN
4783	NaN
4784	NaN
4785	NaN
4786	NaN
4787	NaN
4788	NaN
4789	NaN
4790	NaN
4791	NaN
4792	NaN
4793	NaN
4794	NaN
4795	NaN
4796	NaN
4797	NaN
4798	NaN
4799	NaN
4800	NaN
4801	NaN
4802	NaN
4803	NaN
4804	NaN
4805	NaN
4806	NaN
4807	NaN
4808	NaN
4809	NaN
4810	NaN
4811	NaN
4812	NaN
4813	NaN
4814	NaN
4815	NaN
4816	0.75483680
4817	0.49278516
4818	0.40576205
4819	0.36250651
4820	0.33677563
4821	0.31981799
4822	0.30787972
4823	0.29908159
4824	0.29237771
4825	0.28713974
4826	0.28296730
4827	0.27959347
4828	0.27683368
4829	0.27455693
4830	0.27266762
4831	0.27109501
4832	0.26978570
4833	0.26869911
4834	0.26780394
4835	0.26707590
4836	0.26649573
4837	0.26604825
4838	0.26572102
4839	0.26550370
4840	0.26538751
4841	0.26536438
4842	0.26542690
4843	0.26556766
4844	0.26577902
4845	0.26605284
4846	0.26638025
4847	0.26675153
4848	0.26715603
4849	0.26758227
4850	0.26801798
4851	0.26845035
4852	0.26886651
4853	0.26925361
4854	0.26959968
4855	0.26989380
4856	0.27012676
4857	0.27029166
4858	0.27038404
4859	0.27040231
4860	0.27034786
4861	0.27022511
4862	0.27004117
4863	0.26980561
4864	0.26953000
4865	0.26922733
4866	0.26891148
4867	0.26859650
4868	0.26829615
4869	0.26802346
4870	0.26779023
4871	0.26760656
4872	0.26748085
4873	0.26741949
4874	0.26742661
4875	0.26750436
4876	0.26765251
4877	0.26786876
4878	0.26814860
4879	0.26848570
4880	0.26887175
4881	0.26929703
4882	0.26975030
4883	0.27021945
4884	0.27069172
4885	0.27115414
4886	0.27159399
4887	0.27199921
4888	0.27235880
4889	0.27266335
4890	0.27290535
4891	0.27307919
4892	0.27318168
4893	0.27321199
4894	0.27317140
4895	0.27306354
4896	0.27289385
4897	0.27266940
4898	0.27239862
4899	0.27209079
4900	0.27175584
4901	0.27140379
4902	0.27104473
4903	0.27068833
4904	0.27034381
4905	0.27001971
4906	0.26972380
4907	0.26946324
4908	0.26924437
4909	0.26907277
4910	0.26895341
4911	0.26889059
4912	0.26888809
4913	0.26894903
4914	0.26907581
4915	0.26927021
4916	0.26953319
4917	0.26986453
4918	0.27026325
4919	0.27072695
4920	0.27125201
4921	0.27183351
4922	0.27246526
4923	0.27313977
4924	0.27384856
4925	0.27458215
4926	0.27533031
4927	0.27608234
4928	0.27682742
4929	0.27755457
4930	0.27825323
4931	0.27891326
4932	0.27952537
4933	0.28008094
4934	0.28057259
4935	0.28099400
4936	0.28134015
4937	0.28160724
4938	0.28179294
4939	0.28189635
4940	0.28191796
4941	0.28185979
4942	0.28172532
4943	0.28151947
4944	0.28124869
4945	0.28092062
4946	0.28054437
4947	0.28012991
4948	0.27968845
4949	0.27923188
4950	0.27877274
4951	0.27832395
4952	0.27789861
4953	0.27750966
4954	0.27716970
4955	0.27689058
4956	0.27668324
4957	0.27655727
4958	0.27652076
4959	0.27658018
4960	0.27673993
4961	0.27700251
4962	0.27736837
4963	0.27783585
4964	0.27840123
4965	0.27905884
4966	0.27980122
4967	0.28061906
4968	0.28150150
4969	0.28243622
4970	0.28340954
4971	0.28440669
4972	0.28541195
4973	0.28640899
4974	0.28738099
4975	0.28831095
4976	0.28918216
4977	0.28997847
4978	0.29068479
4979	0.29128739
4980	0.29177451
4981	0.29213682
4982	0.29236782
4983	0.29246438
4984	0.29242691
4985	0.29225984
4986	0.29197156
4987	0.29157430
4988	0.29108420
4989	0.29052064
4990	0.28990573
4991	0.28926390
4992	0.28862086
4993	0.28800288
4994	0.28743622
4995	0.28694618
4996	0.28655642
4997	0.28628877
4998	0.28616220
4999	0.28619289
5000	0.28639358
5001	0.28677368
5002	0.28733853
5003	0.28808972
5004	0.28902465
5005	0.29013646
5006	0.29141387
5007	0.29284108
5008	0.29439777
5009	0.29605940
5010	0.29779711
5011	0.29957861
5012	0.30136871
5013	0.30313039
5014	0.30482602
5015	0.30641899
5016	0.30787483
5017	0.30916342
5018	0.31026015
5019	0.31114727
5020	0.31181502
5021	0.31226215
5022	0.31249595
5023	0.31253237
5024	0.31239507
5025	0.31211454
5026	0.31172737
5027	0.31127504
5028	0.31080240
5029	0.31035748
5030	0.30998975
5031	0.30975002
5032	0.30968958
5033	0.30985972
5034	0.31031117
5035	0.31109449
5036	0.31225899
5037	0.31385332
5038	0.31592470
5039	0.31851837
5040	0.32167783
5041	0.32544336
5042	0.32985160
5043	0.33493432
5044	0.34071723
5045	0.34721845
5046	0.35444874
5047	0.36241031
5048	0.37109730
5049	0.38049918
5050	0.39060465
5051	0.40140665
5052	0.41291276
5053	0.42515612
5054	0.43821070
5055	0.45221251
5056	0.46738788
5057	0.48409298
5058	0.50288063
5059	0.52460808
5060	0.55063033
5061	0.58318496
5062	0.62618184
5063	0.68711138
5064	0.78228295
5065	0.95518684
5066	NaN
5067	NaN
5068	NaN
5069	NaN
5070	NaN
5071	NaN
5072	NaN
5073	NaN
5074	NaN
5075	NaN
5076	NaN
5077	NaN
5078	NaN
5079	NaN
5080	NaN
5081	NaN
5082	NaN
5083	NaN
5084	NaN
5085	NaN
5086	NaN
5087	NaN
5088	NaN
5089	NaN
5090	NaN
5091	NaN
5092	NaN
5093	NaN
5094	NaN
5095	NaN
5096	NaN
5097	NaN
5098	NaN
5099	NaN
5100	NaN
5101	NaN
5102	NaN
5103	NaN
5104	NaN
5105	NaN
5106	NaN
5107	NaN
5108	NaN
5109	NaN
5110	NaN
5111	NaN
5112	NaN
5113	NaN
5114	NaN
5115	NaN
5116	NaN
5117	NaN
5118	NaN
5119	NaN
5120	NaN
5121	NaN
5122	NaN
5123	NaN
5124	NaN
5125	NaN
5126	NaN
5127	NaN
5128	NaN
5129	NaN
5130	NaN
5131	NaN
5132	NaN
5133	NaN
5134	NaN
5135	NaN
5136	NaN
5137	NaN
5138	NaN
5139	NaN
5140	NaN
5141	NaN
5142	0.56906861
5143	0.35210571
5144	0.29451719
5145	0.26839146
5146	0.25380120
5147	0.24470881
5148	0.23866062
5149	0.23447073
5150	0.23149531
5151	0.22935472
5152	0.22781035
5153	0.22670428
5154	0.22592777
5155	0.22540314
5156	0.22507331
5157	0.22489502
5158	0.22483470
5159	0.22486567
5160	0.22496638
5161	0.22511883
5162	0.22530793
5163	0.22552066
5164	0.22574551
5165	0.22597249
5166	0.22619247
5167	0.22639719
5168	0.22657908
5169	0.22673140
5170	0.22684795
5171	0.22692326
5172	0.22695270
5173	0.22693247
5174	0.22685984
5175	0.22673325
5176	0.22655235
5177	0.22631814
5178	0.22603317
5179	0.22570141
5180	0.22532846
5181	0.22492135
5182	0.22448830
5183	0.22403882
5184	0.22358321
5185	0.22313228
5186	0.22269715
5187	0.22228870
5188	0.22191754
5189	0.22159345
5190	0.22132534
5191	0.22112086
5192	0.22098637
5193	0.22092669
5194	0.22094500
5195	0.22104289
5196	0.22122020
5197	0.22147518
5198	0.22180456
5199	0.22220340
5200	0.22266555
5201	0.22318345
5202	0.22374840
5203	0.22435053
5204	0.22497895
5205	0.22562185
5206	0.22626653
5207	0.22689970
5208	0.22750761
5209	0.22807640
5210	0.22859254
5211	0.22904323
5212	0.22941701
5213	0.22970428
5214	0.22989778
5215	0.22999321
5216	0.22998928
5217	0.22988813
5218	0.22969507
5219	0.22941849
5220	0.22906932
5221	0.22866060
5222	0.22820660
5223	0.22772227
5224	0.22722256
5225	0.22672163
5226	0.22623253
5227	0.22576675
5228	0.22533390
5229	0.22494169
5230	0.22459587
5231	0.22430035
5232	0.22405735
5233	0.22386754
5234	0.22373028
5235	0.22364399
5236	0.22360624
5237	0.22361393
5238	0.22366360
5239	0.22375150
5240	0.22387369
5241	0.22402628
5242	0.22420524
5243	0.22440670
5244	0.22462675
5245	0.22486156
5246	0.22510733
5247	0.22536027
5248	0.22561662
5249	0.22587273
5250	0.22612497
5251	0.22636992
5252	0.22660424
5253	0.22682495
5254	0.22702928
5255	0.22721484
5256	0.22737949
5257	0.22752160
5258	0.22763984
5259	0.22773331
5260	0.22780147
5261	0.22784413
5262	0.22786149
5263	0.22785404
5264	0.22782268
5265	0.22776848
5266	0.22769299
5267	0.22759803
5268	0.22748575
5269	0.22735848
5270	0.22721906
5271	0.22707036
5272	0.22691551
5273	0.22675765
5274	0.22660001
5275	0.22644566
5276	0.22629762
5277	0.22615862
5278	0.22603126
5279	0.22591792
5280	0.22582068
5281	0.22574157
5282	0.22568238
5283	0.22564474
5284	0.22563009
5285	0.22563967
5286	0.22567448
5287	0.22573520
5288	0.22582214
5289	0.22593525
5290	0.22607407
5291	0.22623773
5292	0.22642493
5293	0.22663403
5294	0.22686301
5295	0.22710951
5296	0.22737084
5297	0.22764395
5298	0.22792552
5299	0.22821176
5300	0.22849867
5301	0.22878183
5302	0.22905660
5303	0.22931801
5304	0.22956100
5305	0.22978042
5306	0.22997117
5307	0.23012827
5308	0.23024711
5309	0.23032349
5310	0.23035385
5311	0.23033538
5312	0.23026623
5313	0.23014563
5314	0.22997409
5315	0.22975332
5316	0.22948650
5317	0.22917826
5318	0.22883454
5319	0.22846264
5320	0.22807106
5321	0.22766918
5322	0.22726728
5323	0.22687617
5324	0.22650687
5325	0.22617052
5326	0.22587800
5327	0.22563979
5328	0.22546564
5329	0.22536452
5330	0.22534415
5331	0.22541107
5332	0.22557026
5333	0.22582491
5334	0.22617623
5335	0.22662345
5336	0.22716327
5337	0.22779015
5338	0.22849599
5339	0.22927007
5340	0.23009963
5341	0.23096964
5342	0.23186326
5343	0.23276249
5344	0.23364832
5345	0.23450172
5346	0.23530401
5347	0.23603733
5348	0.23668514
5349	0.23723306
5350	0.23766844
5351	0.23798127
5352	0.23816392
5353	0.23821123
5354	0.23812069
5355	0.23789251
5356	0.23752902
5357	0.23703545
5358	0.23641939
5359	0.23569086
5360	0.23486294
5361	0.23395151
5362	0.23297626
5363	0.23196171
5364	0.23093854
5365	0.22994475
5366	0.22902887
5367	0.22825246
5368	0.22769353
5369	0.22745155
5370	0.22765152
5371	0.22845067
5372	0.23004577
5373	0.23268028
5374	0.23665585
5375	0.24234679
5376	0.25021777
5377	0.26086113
5378	0.27504918
5379	0.29383215
5380	0.31871241
5381	0.35197994
5382	0.39738828
5383	0.46165255
5384	0.55819660
5385	0.71840447
5386	1.03669405
5387	NaN
5388	NaN
5389	NaN
5390	NaN
5391	NaN
5392	NaN
5393	NaN
5394	NaN
5395	NaN
5396	NaN
5397	NaN
5398	NaN
5399	NaN
5400	NaN
5401	NaN
5402	NaN
5403	NaN
5404	NaN
5405	NaN
5406	NaN
5407	NaN
5408	NaN
5409	NaN
5410	NaN
5411	NaN
5412	NaN
5413	NaN
5414	NaN
5415	NaN
5416	NaN
5417	NaN
5418	NaN
5419	NaN
5420	NaN
5421	NaN
5422	NaN
5423	NaN
5424	NaN
5425	NaN
5426	NaN
5427	NaN
5428	NaN
5429	NaN
5430	NaN
5431	NaN
5432	NaN
5433	NaN
5434	NaN
5435	NaN
5436	NaN
5437	NaN
5438	NaN
5439	NaN
5440	NaN
5441	NaN
5442	NaN
5443	NaN
5444	NaN
5445	NaN
5446	NaN
5447	NaN
5448	NaN
5449	NaN
5450	NaN
5451	NaN
5452	NaN
5453	NaN
5454	NaN
5455	NaN
5456	NaN
5457	NaN
5458	NaN
5459	NaN
5460	NaN
5461	NaN
5462	NaN
5463	NaN
5464	NaN
5465	NaN
5466	NaN
5467	0.81655574
5468	0.52376878
5469	0.43113032
5470	0.38542500
5471	0.35807079
5472	0.33980474
5473	0.32671750
5474	0.31687352
5475	0.30920303
5476	0.30306667
5477	0.29805782
5478	0.29390579
5479	0.29042292
5480	0.28747544
5481	0.28496504
5482	0.28281850
5483	0.28098005
5484	0.27940664
5485	0.27806482
5486	0.27692813
5487	0.27597564
5488	0.27519047
5489	0.27455884
5490	0.27406934
5491	0.27371228
5492	0.27347907
5493	0.27336207
5494	0.27335396
5495	0.27344754
5496	0.27363536
5497	0.27390948
5498	0.27426130
5499	0.27468118
5500	0.27515846
5501	0.27568108
5502	0.27623576
5503	0.27680808
5504	0.27738225
5505	0.27794212
5506	0.27847111
5507	0.27895308
5508	0.27937302
5509	0.27971789
5510	0.27997720
5511	0.28014392
5512	0.28021482
5513	0.28019089
5514	0.28007716
5515	0.27988288
5516	0.27962053
5517	0.27930552
5518	0.27895522
5519	0.27858800
5520	0.27822256
5521	0.27787688
5522	0.27756763
5523	0.27730954
5524	0.27711514
5525	0.27699420
5526	0.27695382
5527	0.27699810
5528	0.27712840
5529	0.27734318
5530	0.27763826
5531	0.27800688
5532	0.27843991
5533	0.27892607
5534	0.27945220
5535	0.28000373
5536	0.28056493
5537	0.28111973
5538	0.28165200
5539	0.28214639
5540	0.28258884
5541	0.28296718
5542	0.28327173
5543	0.28349560
5544	0.28363505
5545	0.28368947
5546	0.28366137
5547	0.28355610
5548	0.28338143
5549	0.28314722
5550	0.28286463
5551	0.28254578
5552	0.28220314
5553	0.28184906
5554	0.28149539
5555	0.28115317
5556	0.28083253
5557	0.28054228
5558	0.28029028
5559	0.28008294
5560	0.27992570
5561	0.27982289
5562	0.27977774
5563	0.27979264
5564	0.27986911
5565	0.28000766
5566	0.28020814
5567	0.28046954
5568	0.28078991
5569	0.28116655
5570	0.28159592
5571	0.28207368
5572	0.28259465
5573	0.28315306
5574	0.28374249
5575	0.28435606
5576	0.28498647
5577	0.28562620
5578	0.28626764
5579	0.28690308
5580	0.28752506
5581	0.28812629
5582	0.28869972
5583	0.28923884
5584	0.28973758
5585	0.29019055
5586	0.29059309
5587	0.29094139
5588	0.29123244
5589	0.29146433
5590	0.29163626
5591	0.29174837
5592	0.29180193
5593	0.29179925
5594	0.29174361
5595	0.29163915
5596	0.29149097
5597	0.29130486
5598	0.29108730
5599	0.29084560
5600	0.29058748
5601	0.29032132
5602	0.29005587
5603	0.28980032
5604	0.28956398
5605	0.28935635
5606	0.28918666
5607	0.28906375
5608	0.28899592
5609	0.28899047
5610	0.28905368
5611	0.28919029
5612	0.28940365
5613	0.28969547
5614	0.29006568
5615	0.29051250
5616	0.29103255
5617	0.29162082
5618	0.29227096
5619	0.29297519
5620	0.29372463
5621	0.29450938
5622	0.29531866
5623	0.29614088
5624	0.29696384
5625	0.29777494
5626	0.29856119
5627	0.29930943
5628	0.30000684
5629	0.30064079
5630	0.30119959
5631	0.30167252
5632	0.30205047
5633	0.30232617
5634	0.30249459
5635	0.30255333
5636	0.30250275
5637	0.30234638
5638	0.30209079
5639	0.30174550
5640	0.30132300
5641	0.30083838
5642	0.30030900
5643	0.29975393
5644	0.29919356
5645	0.29864901
5646	0.29814172
5647	0.29769281
5648	0.29732251
5649	0.29704994
5650	0.29689240
5651	0.29686534
5652	0.29698142
5653	0.29725084
5654	0.29768056
5655	0.29827410
5656	0.29903144
5657	0.29994857
5658	0.30101755
5659	0.30222613
5660	0.30355814
5661	0.30499327
5662	0.30650774
5663	0.30807459
5664	0.30966452
5665	0.31124675
5666	0.31279016
5667	0.31426439
5668	0.31564111
5669	0.31689507
5670	0.31800526
5671	0.31895566
5672	0.31973609
5673	0.32034221
5674	0.32077584
5675	0.32104480
5676	0.32116237
5677	0.32114694
5678	0.32102135
5679	0.32081208
5680	0.32054868
5681	0.32026300
5682	0.31998879
5683	0.31976113
5684	0.31961593
5685	0.31958988
5686	0.31972018
5687	0.32004446
5688	0.32060111
5689	0.32142913
5690	0.32256824
5691	0.32405934
5692	0.32594433
5693	0.32826620
5694	0.33106899
5695	0.33439809
5696	0.33829901
5697	0.34281835
5698	0.34800249
5699	0.35389870
5700	0.36055556
5701	0.36802390
5702	0.37635985
5703	0.38562715
5704	0.39590490
5705	0.40729380
5706	0.41992986
5707	0.43399966
5708	0.44976500
5709	0.46759936
5710	0.48804280
5711	0.51189262
5712	0.54035234
5713	0.57530850
5714	0.61985922
5715	0.67943746
5716	0.76446861
5717	0.89778990
5718	1.14082658
5719	NaN
5720	NaN
5721	NaN
5722	NaN
5723	NaN
5724	NaN
5725	NaN
5726	NaN
5727	NaN
5728	NaN
5729	NaN
5730	NaN
5731	NaN
5732	NaN
5733	NaN
5734	NaN
5735	NaN
5736	NaN
5737	NaN
5738	NaN
5739	NaN
5740	NaN
5741	NaN
5742	NaN
5743	NaN
5744	NaN
5745	NaN
5746	NaN
5747	NaN
5748	NaN
5749	NaN
5750	NaN
5751	NaN
5752	NaN
5753	NaN
5754	NaN
5755	NaN
5756	NaN
5757	NaN
5758	NaN
5759	NaN
5760	NaN
5761	NaN
5762	NaN
5763	NaN
5764	NaN
5765	NaN
5766	NaN
5767	NaN
5768	NaN
5769	NaN
5770	NaN
5771	NaN
5772	NaN
5773	NaN
5774	NaN
5775	NaN
5776	NaN
5777	NaN
5778	NaN
5779	NaN
5780	NaN
5781	NaN
5782	NaN
5783	NaN
5784	NaN
5785	NaN
5786	NaN
5787	NaN
5788	NaN
5789	NaN
5790	NaN
5791	0.47900954
5792	0.32599124
5793	0.27817273
5794	0.25489220
5795	0.24121723
5796	0.23231764
5797	0.22615305
5798	0.22170950
5799	0.21842407
5800	0.21595733
5801	0.21409185
5802	0.21268100
5803	0.21162167
5804	0.21083896
5805	0.21027695
5806	0.20989247
5807	0.20965183
5808	0.20952785
5809	0.20949832
5810	0.20954470
5811	0.20965128
5812	0.20980433
5813	0.20999177
5814	0.21020277
5815	0.21042725
5816	0.21065594
5817	0.21088003
5818	0.21109101
5819	0.21128093
5820	0.21144219
5821	0.21156760
5822	0.21165071
5823	0.21168585
5824	0.21166831
5825	0.21159473
5826	0.21146320
5827	0.21127351
5828	0.21102731
5829	0.21072838
5830	0.21038243
5831	0.20999737
5832	0.20958291
5833	0.20915048
5834	0.20871268
5835	0.20828296
5836	0.20787507
5837	0.20750241
5838	0.20717748
5839	0.20691149
5840	0.20671391
5841	0.20659205
5842	0.20655100
5843	0.20659345
5844	0.20671974
5845	0.20692804
5846	0.20721444
5847	0.20757329
5848	0.20799740
5849	0.20847826
5850	0.20900631
5851	0.20957112
5852	0.21016163
5853	0.21076614
5854	0.21137266
5855	0.21196893
5856	0.21254261
5857	0.21308154
5858	0.21357398
5859	0.21400881
5860	0.21437606
5861	0.21466716
5862	0.21487536
5863	0.21499616
5864	0.21502750
5865	0.21497011
5866	0.21482752
5867	0.21460579
5868	0.21431363
5869	0.21396172
5870	0.21356231
5871	0.21312860
5872	0.21267425
5873	0.21221255
5874	0.21175607
5875	0.21131620
5876	0.21090266
5877	0.21052352
5878	0.21018496
5879	0.20989126
5880	0.20964502
5881	0.20944718
5882	0.20929721
5883	0.20919342
5884	0.20913312
5885	0.20911284
5886	0.20912859
5887	0.20917596
5888	0.20925051
5889	0.20934775
5890	0.20946345
5891	0.20959373
5892	0.20973511
5893	0.20988467
5894	0.21003997
5895	0.21019913
5896	0.21036068
5897	0.21052350
5898	0.21068682
5899	0.21084988
5900	0.21101211
5901	0.21117283
5902	0.21133123
5903	0.21148635
5904	0.21163706
5905	0.21178190
5906	0.21191935
5907	0.21204767
5908	0.21216497
5909	0.21226932
5910	0.21235876
5911	0.21243119
5912	0.21248484
5913	0.21251792
5914	0.21252894
5915	0.21251677
5916	0.21248078
5917	0.21242084
5918	0.21233745
5919	0.21223186
5920	0.21210591
5921	0.21196216
5922	0.21180381
5923	0.21163443
5924	0.21145810
5925	0.21127902
5926	0.21110159
5927	0.21093018
5928	0.21076897
5929	0.21062204
5930	0.21049315
5931	0.21038574
5932	0.21030296
5933	0.21024753
5934	0.21022180
5935	0.21022770
5936	0.21026671
5937	0.21033983
5938	0.21044758
5939	0.21059000
5940	0.21076657
5941	0.21097630
5942	0.21121770
5943	0.21148869
5944	0.21178666
5945	0.21210857
5946	0.21245073
5947	0.21280900
5948	0.21317869
5949	0.21355462
5950	0.21393114
5951	0.21430224
5952	0.21466152
5953	0.21500240
5954	0.21531823
5955	0.21560249
5956	0.21584891
5957	0.21605170
5958	0.21620587
5959	0.21630725
5960	0.21635287
5961	0.21634097
5962	0.21627136
5963	0.21614523
5964	0.21596536
5965	0.21573611
5966	0.21546316
5967	0.21515360
5968	0.21481575
5969	0.21445882
5970	0.21409282
5971	0.21372844
5972	0.21337673
5973	0.21304893
5974	0.21275634
5975	0.21251003
5976	0.21232083
5977	0.21219902
5978	0.21215415
5979	0.21219489
5980	0.21232876
5981	0.21256174
5982	0.21289818
5983	0.21334030
5984	0.21388793
5985	0.21453816
5986	0.21528508
5987	0.21611959
5988	0.21702929
5989	0.21799849
5990	0.21900867
5991	0.22003874
5992	0.22106576
5993	0.22206587
5994	0.22301507
5995	0.22389026
5996	0.22467014
5997	0.22533609
5998	0.22587243
5999	0.22626732
6000	0.22651261
6001	0.22660361
6002	0.22653933
6003	0.22632204
6004	0.22595681
6005	0.22545156
6006	0.22481655
6007	0.22406419
6008	0.22320934
6009	0.22226951
6010	0.22126473
6011	0.22021879
6012	0.21915935
6013	0.21811903
6014	0.21713665
6015	0.21625784
6016	0.21553715
6017	0.21503846
6018	0.21483669
6019	0.21501917
6020	0.21568707
6021	0.21695472
6022	0.21895224
6023	0.22182497
6024	0.22573417
6025	0.23085907
6026	0.23740159
6027	0.24559394
6028	0.25571290
6029	0.26810890
6030	0.28324634
6031	0.30178604
6032	0.32471830
6033	0.35361284
6034	0.39111608
6035	0.44203061
6036	0.51599503
6037	0.63545346
6038	0.86708945
6039	NaN
6040	NaN
6041	NaN
6042	NaN
6043	NaN
6044	NaN
6045	NaN
6046	NaN
6047	NaN
6048	NaN
6049	NaN
6050	NaN
6051	NaN
6052	NaN
6053	NaN
6054	NaN
6055	NaN
6056	NaN
6057	NaN
6058	NaN
6059	NaN
6060	NaN
6061	NaN
6062	NaN
6063	NaN
6064	NaN
6065	NaN
6066	NaN
6067	NaN
6068	NaN
6069	NaN
6070	NaN
6071	NaN
6072	NaN
6073	NaN
6074	NaN
6075	NaN
6076	NaN
6077	NaN
6078	NaN
6079	NaN
6080	NaN
6081	NaN
6082	NaN
6083	NaN
6084	NaN
6085	NaN
6086	NaN
6087	NaN
6088	NaN
6089	NaN
6090	NaN
6091	NaN
6092	NaN
6093	NaN
6094	NaN
6095	NaN
6096	NaN
6097	NaN
6098	NaN
6099	NaN
6100	NaN
6101	NaN
6102	NaN
6103	NaN
6104	NaN
6105	NaN
6106	NaN
6107	NaN
6108	NaN
6109	NaN
6110	NaN
6111	NaN
6112	NaN
6113	NaN
6114	NaN
6115	NaN
6116	NaN
6117	NaN
6118	NaN
6119	1.37405014
6120	0.63676953
6121	0.48663825
6122	0.42236263
6123	0.38690177
6124	0.36459169
6125	0.34938422
6126	0.33844846
6127	0.33028200
6128	0.32401294
6129	0.31910011
6130	0.31518981
6131	0.31204090
6132	0.30948311
6133	0.30739307
6134	0.30567911
6135	0.30427182
6136	0.30311787
6137	0.30217591
6138	0.30141351
6139	0.30080530
6140	0.30033132
6141	0.29997596
6142	0.29972729
6143	0.29957598
6144	0.29951504
6145	0.29953918
6146	0.29964429
6147	0.29982716
6148	0.30008480
6149	0.30041412
6150	0.30081141
6151	0.30127192
6152	0.30178931
6153	0.30235547
6154	0.30296001
6155	0.30359009
6156	0.30423045
6157	0.30486351
6158	0.30546993
6159	0.30602890
6160	0.30651942
6161	0.30692101
6162	0.30721530
6163	0.30738679
6164	0.30742460
6165	0.30732301
6166	0.30708250
6167	0.30670986
6168	0.30621806
6169	0.30562589
6170	0.30495670
6171	0.30423746
6172	0.30349711
6173	0.30276525
6174	0.30207074
6175	0.30144045
6176	0.30089831
6177	0.30046460
6178	0.30015525
6179	0.29998183
6180	0.29995102
6181	0.30006501
6182	0.30032131
6183	0.30071309
6184	0.30122954
6185	0.30185601
6186	0.30257487
6187	0.30336544
6188	0.30420509
6189	0.30506977
6190	0.30593446
6191	0.30677429
6192	0.30756521
6193	0.30828479
6194	0.30891296
6195	0.30943272
6196	0.30983067
6197	0.31009755
6198	0.31022835
6199	0.31022245
6200	0.31008342
6201	0.30981869
6202	0.30943915
6203	0.30895859
6204	0.30839312
6205	0.30776030
6206	0.30707887
6207	0.30636781
6208	0.30564603
6209	0.30493188
6210	0.30424255
6211	0.30359396
6212	0.30300048
6213	0.30247471
6214	0.30202731
6215	0.30166709
6216	0.30140087
6217	0.30123359
6218	0.30116835
6219	0.30120629
6220	0.30134687
6221	0.30158776
6222	0.30192500
6223	0.30235308
6224	0.30286506
6225	0.30345264
6226	0.30410659
6227	0.30481678
6228	0.30557248
6229	0.30636263
6230	0.30717599
6231	0.30800137
6232	0.30882791
6233	0.30964482
6234	0.31044197
6235	0.31120947
6236	0.31193820
6237	0.31261939
6238	0.31324509
6239	0.31380793
6240	0.31430152
6241	0.31472021
6242	0.31505951
6243	0.31531599
6244	0.31548756
6245	0.31557345
6246	0.31557453
6247	0.31549314
6248	0.31533325
6249	0.31510052
6250	0.31480229
6251	0.31444728
6252	0.31404576
6253	0.31360915
6254	0.31315002
6255	0.31268165
6256	0.31221783
6257	0.31177273
6258	0.31136024
6259	0.31099409
6260	0.31068707
6261	0.31045121
6262	0.31029713
6263	0.31023392
6264	0.31026900
6265	0.31040791
6266	0.31065410
6267	0.31100914
6268	0.31147236
6269	0.31204098
6270	0.31271026
6271	0.31347319
6272	0.31432095
6273	0.31524259
6274	0.31622535
6275	0.31725460
6276	0.31831416
6277	0.31938642
6278	0.32045260
6279	0.32149312
6280	0.32248789
6281	0.32341704
6282	0.32426104
6283	0.32500154
6284	0.32562196
6285	0.32610813
6286	0.32644874
6287	0.32663640
6288	0.32666773
6289	0.32654399
6290	0.32627133
6291	0.32586086
6292	0.32532838
6293	0.32469395
6294	0.32398146
6295	0.32321769
6296	0.32243150
6297	0.32165289
6298	0.32091200
6299	0.32023835
6300	0.31966010
6301	0.31920332
6302	0.31889150
6303	0.31874526
6304	0.31878176
6305	0.31901482
6306	0.31945422
6307	0.32010597
6308	0.32097173
6309	0.32204866
6310	0.32332930
6311	0.32480115
6312	0.32644668
6313	0.32824320
6314	0.33016303
6315	0.33217353
6316	0.33423775
6317	0.33631542
6318	0.33836371
6319	0.34033877
6320	0.34219754
6321	0.34389919
6322	0.34540758
6323	0.34669265
6324	0.34773248
6325	0.34851426
6326	0.34903523
6327	0.34930304
6328	0.34933558
6329	0.34915972
6330	0.34881088
6331	0.34833142
6332	0.34776881
6333	0.34717476
6334	0.34660316
6335	0.34610936
6336	0.34574914
6337	0.34557757
6338	0.34564891
6339	0.34601584
6340	0.34672976
6341	0.34784004
6342	0.34939474
6343	0.35144019
6344	0.35402042
6345	0.35717773
6346	0.36095199
6347	0.36537984
6348	0.37049398
6349	0.37632325
6350	0.38289142
6351	0.39021811
6352	0.39832038
6353	0.40721503
6354	0.41692576
6355	0.42749196
6356	0.43898213
6357	0.45151258
6358	0.46527576
6359	0.48057628
6360	0.49788877
6361	0.51794648
6362	0.54189086
6363	0.57154888
6364	0.60997772
6365	0.66265309
6366	0.74041682
6367	0.86814219
6368	1.11846042
6369	NaN
6370	NaN
6371	NaN
6372	NaN
6373	NaN
6374	NaN
6375	NaN
6376	NaN
6377	NaN
6378	NaN
6379	NaN
6380	NaN
6381	NaN
6382	NaN
6383	NaN
6384	NaN
6385	NaN
6386	NaN
6387	NaN
6388	NaN
6389	NaN
6390	NaN
6391	NaN
6392	NaN
6393	NaN
6394	NaN
6395	NaN
6396	NaN
6397	NaN
6398	NaN
6399	NaN
6400	NaN
6401	NaN
6402	NaN
6403	NaN
6404	NaN
6405	NaN
6406	NaN
6407	NaN
6408	NaN
6409	NaN
6410	NaN
6411	NaN
6412	NaN
6413	NaN
6414	NaN
6415	NaN
6416	NaN
6417	NaN
6418	NaN
6419	NaN
6420	NaN
6421	NaN
6422	NaN
6423	NaN
6424	NaN
6425	NaN
6426	NaN
6427	NaN
6428	NaN
6429	NaN
6430	NaN
6431	NaN
6432	NaN
6433	NaN
6434	NaN
6435	NaN
6436	NaN
6437	NaN
6438	NaN
6439	NaN
6440	NaN
6441	NaN
6442	NaN
6443	NaN
6444	NaN
6445	NaN
6446	NaN
6447	NaN
6448	NaN
6449	NaN
6450	NaN
6451	NaN
6452	NaN
6453	NaN
6454	NaN
6455	0.50787860
6456	0.35585213
6457	0.30528882
6458	0.28062394
6459	0.26639652
6460	0.25740090
6461	0.25139260
6462	0.24724382
6463	0.24432532
6464	0.24225819
6465	0.24080074
6466	0.23979120
6467	0.23911752
6468	0.23869942
6469	0.23847793
6470	0.23840879
6471	0.23845811
6472	0.23859933
6473	0.23881142
6474	0.23907746
6475	0.23938343
6476	0.23971772
6477	0.24007034
6478	0.24043253
6479	0.24079649
6480	0.24115500
6481	0.24150132
6482	0.24182898
6483	0.24213167
6484	0.24240339
6485	0.24263832
6486	0.24283095
6487	0.24297622
6488	0.24306965
6489	0.24310754
6490	0.24308719
6491	0.24300703
6492	0.24286680
6493	0.24266776
6494	0.24241289
6495	0.24210665
6496	0.24175520
6497	0.24136634
6498	0.24094917
6499	0.24051400
6500	0.24007210
6501	0.23963532
6502	0.23921590
6503	0.23882599
6504	0.23847747
6505	0.23818144
6506	0.23794802
6507	0.23778613
6508	0.23770320
6509	0.23770484
6510	0.23779504
6511	0.23797567
6512	0.23824665
6513	0.23860580
6514	0.23904873
6515	0.23956892
6516	0.24015760
6517	0.24080402
6518	0.24149521
6519	0.24221653
6520	0.24295171
6521	0.24368337
6522	0.24439348
6523	0.24506404
6524	0.24567768
6525	0.24621856
6526	0.24667302
6527	0.24703027
6528	0.24728298
6529	0.24742760
6530	0.24746458
6531	0.24739820
6532	0.24723622
6533	0.24698944
6534	0.24667089
6535	0.24629512
6536	0.24587740
6537	0.24543287
6538	0.24497597
6539	0.24451989
6540	0.24407625
6541	0.24365474
6542	0.24326319
6543	0.24290760
6544	0.24259219
6545	0.24231963
6546	0.24209128
6547	0.24190739
6548	0.24176733
6549	0.24166971
6550	0.24161275
6551	0.24159417
6552	0.24161144
6553	0.24166185
6554	0.24174258
6555	0.24185070
6556	0.24198325
6557	0.24213727
6558	0.24230975
6559	0.24249773
6560	0.24269827
6561	0.24290852
6562	0.24312556
6563	0.24334671
6564	0.24356925
6565	0.24379051
6566	0.24400790
6567	0.24421883
6568	0.24442080
6569	0.24461113
6570	0.24478725
6571	0.24494645
6572	0.24508613
6573	0.24520354
6574	0.24529611
6575	0.24536142
6576	0.24539721
6577	0.24540170
6578	0.24537344
6579	0.24531157
6580	0.24521597
6581	0.24508716
6582	0.24492641
6583	0.24473578
6584	0.24451795
6585	0.24427630
6586	0.24401486
6587	0.24373803
6588	0.24345061
6589	0.24315788
6590	0.24286529
6591	0.24257860
6592	0.24230382
6593	0.24204712
6594	0.24181473
6595	0.24161303
6596	0.24144824
6597	0.24132620
6598	0.24125256
6599	0.24123225
6600	0.24126938
6601	0.24136718
6602	0.24152771
6603	0.24175182
6604	0.24203905
6605	0.24238747
6606	0.24279378
6607	0.24325322
6608	0.24375953
6609	0.24430513
6610	0.24488115
6611	0.24547736
6612	0.24608256
6613	0.24668451
6614	0.24727018
6615	0.24782608
6616	0.24833840
6617	0.24879338
6618	0.24917777
6619	0.24947920
6620	0.24968658
6621	0.24979068
6622	0.24978453
6623	0.24966377
6624	0.24942707
6625	0.24907631
6626	0.24861658
6627	0.24805634
6628	0.24740708
6629	0.24668308
6630	0.24590111
6631	0.24507979
6632	0.24423937
6633	0.24340113
6634	0.24258681
6635	0.24181844
6636	0.24111788
6637	0.24050638
6638	0.24000449
6639	0.23963173
6640	0.23940617
6641	0.23934437
6642	0.23946071
6643	0.23976712
6644	0.24027258
6645	0.24098249
6646	0.24189788
6647	0.24301498
6648	0.24432436
6649	0.24581040
6650	0.24745099
6651	0.24921736
6652	0.25107399
6653	0.25297949
6654	0.25488785
6655	0.25674957
6656	0.25851423
6657	0.26013210
6658	0.26155686
6659	0.26274762
6660	0.26367083
6661	0.26430091
6662	0.26462168
6663	0.26462564
6664	0.26431385
6665	0.26369479
6666	0.26278302
6667	0.26159862
6668	0.26016578
6669	0.25851214
6670	0.25666845
6671	0.25466880
6672	0.25255102
6673	0.25035828
6674	0.24814060
6675	0.24595769
6676	0.24388279
6677	0.24200846
6678	0.24045300
6679	0.23937036
6680	0.23896283
6681	0.23949744
6682	0.24132973
6683	0.24493441
6684	0.25094667
6685	0.26022404
6686	0.27393532
6687	0.29369634
6688	0.32180411
6689	0.36164877
6690	0.41853333
6691	0.50144404
6692	0.62733716
6693	0.83341312
6694	NaN
6695	NaN
6696	NaN
6697	NaN
6698	NaN
6699	NaN
6700	NaN
6701	NaN
6702	NaN
6703	NaN
6704	NaN
6705	NaN
6706	NaN
6707	NaN
6708	NaN
6709	NaN
6710	NaN
6711	NaN
6712	NaN
6713	NaN
6714	NaN
6715	NaN
6716	NaN
6717	NaN
6718	NaN
6719	NaN
6720	NaN
6721	NaN
6722	NaN
6723	NaN
6724	NaN
6725	NaN
6726	NaN
6727	NaN
6728	NaN
6729	NaN
6730	NaN
6731	NaN
6732	NaN
6733	NaN
6734	NaN
6735	NaN
6736	NaN
6737	NaN
6738	NaN
6739	NaN
6740	NaN
6741	NaN
6742	NaN
6743	NaN
6744	NaN
6745	NaN
6746	NaN
6747	NaN
6748	NaN
6749	NaN
6750	NaN
6751	NaN
6752	NaN
6753	NaN
6754	NaN
6755	NaN
6756	NaN
6757	NaN
6758	NaN
6759	NaN
6760	NaN
6761	NaN
6762	NaN
6763	NaN
6764	NaN
6765	NaN
6766	NaN
6767	NaN
6768	NaN
6769	NaN
6770	NaN
6771	NaN
6772	NaN
6773	NaN
6774	NaN
6775	NaN
6776	NaN
6777	NaN
6778	NaN
6779	NaN
6780	NaN
6781	NaN
6782	NaN
6783	NaN
6784	NaN
6785	NaN
6786	NaN
6787	0.99783385
6788	0.57477248
6789	0.46013173
6790	0.40732384
6791	0.37728515
6792	0.35811144
6793	0.34494790
6794	0.33544448
6795	0.32832581
6796	0.32284087
6797	0.31851953
6798	0.31505388
6799	0.31223464
6800	0.30991518
6801	0.30799115
6802	0.30638662
6803	0.30504578
6804	0.30392718
6805	0.30299997
6806	0.30224100
6807	0.30163279
6808	0.30116215
6809	0.30081871
6810	0.30059442
6811	0.30048275
6812	0.30047786
6813	0.30057436
6814	0.30076677
6815	0.30104899
6816	0.30141419
6817	0.30185425
6818	0.30235955
6819	0.30291873
6820	0.30351865
6821	0.30414426
6822	0.30477884
6823	0.30540422
6824	0.30600125
6825	0.30655047
6826	0.30703294
6827	0.30743092
6828	0.30772910
6829	0.30791521
6830	0.30798098
6831	0.30792272
6832	0.30774161
6833	0.30744380
6834	0.30704027
6835	0.30654618
6836	0.30598029
6837	0.30536389
6838	0.30471998
6839	0.30407220
6840	0.30344388
6841	0.30285710
6842	0.30233225
6843	0.30188715
6844	0.30153674
6845	0.30129281
6846	0.30116352
6847	0.30115369
6848	0.30126432
6849	0.30149290
6850	0.30183321
6851	0.30227581
6852	0.30280796
6853	0.30341417
6854	0.30407652
6855	0.30477533
6856	0.30548957
6857	0.30619782
6858	0.30687889
6859	0.30751255
6860	0.30808029
6861	0.30856612
6862	0.30895698
6863	0.30924326
6864	0.30941904
6865	0.30948216
6866	0.30943424
6867	0.30928031
6868	0.30902842
6869	0.30868930
6870	0.30827564
6871	0.30780157
6872	0.30728218
6873	0.30673289
6874	0.30616912
6875	0.30560574
6876	0.30505702
6877	0.30453619
6878	0.30405542
6879	0.30362570
6880	0.30325687
6881	0.30295748
6882	0.30273494
6883	0.30259538
6884	0.30254373
6885	0.30258366
6886	0.30271742
6887	0.30294582
6888	0.30326828
6889	0.30368254
6890	0.30418471
6891	0.30476931
6892	0.30542934
6893	0.30615628
6894	0.30694032
6895	0.30777067
6896	0.30863559
6897	0.30952284
6898	0.31041974
6899	0.31131363
6900	0.31219190
6901	0.31304243
6902	0.31385356
6903	0.31461447
6904	0.31531516
6905	0.31594679
6906	0.31650156
6907	0.31697306
6908	0.31735626
6909	0.31764749
6910	0.31784457
6911	0.31794700
6912	0.31795564
6913	0.31787309
6914	0.31770346
6915	0.31745246
6916	0.31712720
6917	0.31673649
6918	0.31629026
6919	0.31579989
6920	0.31527764
6921	0.31473690
6922	0.31419158
6923	0.31365621
6924	0.31314531
6925	0.31267342
6926	0.31225464
6927	0.31190234
6928	0.31162891
6929	0.31144539
6930	0.31136137
6931	0.31138450
6932	0.31152067
6933	0.31177345
6934	0.31214422
6935	0.31263205
6936	0.31323373
6937	0.31394345
6938	0.31475338
6939	0.31565318
6940	0.31663054
6941	0.31767112
6942	0.31875879
6943	0.31987590
6944	0.32100344
6945	0.32212138
6946	0.32320920
6947	0.32424599
6948	0.32521117
6949	0.32608485
6950	0.32684857
6951	0.32748562
6952	0.32798201
6953	0.32832688
6954	0.32851309
6955	0.32853794
6956	0.32840347
6957	0.32811663
6958	0.32768947
6959	0.32713893
6960	0.32648647
6961	0.32575750
6962	0.32498053
6963	0.32418633
6964	0.32340702
6965	0.32267517
6966	0.32202253
6967	0.32147959
6968	0.32107463
6969	0.32083309
6970	0.32077697
6971	0.32092464
6972	0.32129025
6973	0.32188368
6974	0.32271004
6975	0.32376957
6976	0.32505748
6977	0.32656363
6978	0.32827225
6979	0.33016217
6980	0.33220631
6981	0.33437240
6982	0.33662310
6983	0.33891678
6984	0.34120837
6985	0.34345096
6986	0.34559724
6987	0.34760171
6988	0.34942254
6989	0.35102361
6990	0.35237676
6991	0.35346323
6992	0.35427469
6993	0.35481393
6994	0.35509488
6995	0.35514155
6996	0.35498765
6997	0.35467458
6998	0.35424986
6999	0.35376593
7000	0.35327858
7001	0.35284537
7002	0.35252547
7003	0.35237807
7004	0.35246304
7005	0.35284013
7006	0.35356921
7007	0.35471046
7008	0.35632464
7009	0.35847342
7010	0.36121970
7011	0.36462867
7012	0.36876687
7013	0.37370491
7014	0.37951848
7015	0.38628978
7016	0.39411262
7017	0.40309778
7018	0.41338190
7019	0.42514274
7020	0.43862009
7021	0.45414743
7022	0.47220704
7023	0.49351045
7024	0.51914078
7025	0.55080044
7026	0.59128606
7027	0.64548260
7028	0.72267967
7029	0.84286392
7030	1.05822659
7031	1.56146455
7032	NaN
7033	NaN
7034	NaN
7035	NaN
7036	NaN
7037	NaN
7038	NaN
7039	NaN
7040	NaN
7041	NaN
7042	NaN
7043	NaN
7044	NaN
7045	NaN
7046	NaN
7047	NaN
7048	NaN
7049	NaN
7050	NaN
7051	NaN
7052	NaN
7053	NaN
7054	NaN
7055	NaN
7056	NaN
7057	NaN
7058	NaN
7059	NaN
7060	NaN
7061	NaN
7062	NaN
7063	NaN
7064	NaN
7065	NaN
7066	NaN
7067	NaN
7068	NaN
7069	NaN
7070	NaN
7071	NaN
7072	NaN
7073	NaN
7074	NaN
7075	NaN
7076	NaN
7077	NaN
7078	NaN
7079	NaN
7080	NaN
7081	NaN
7082	NaN
7083	NaN
7084	NaN
7085	NaN
7086	NaN
7087	NaN
7088	NaN
7089	NaN
7090	NaN
7091	NaN
7092	NaN
7093	NaN
7094	NaN
7095	NaN
7096	NaN
7097	NaN
7098	NaN
7099	NaN
7100	NaN
7101	NaN
7102	NaN
7103	NaN
7104	NaN
7105	NaN
7106	NaN
7107	NaN
7108	NaN
7109	NaN
7110	NaN
7111	NaN
7112	NaN
7113	NaN
7114	NaN
7115	NaN
7116	NaN
7117	NaN
7118	NaN
7119	NaN
7120	1.00034428
7121	0.48072204
7122	0.37661004
7123	0.33286265
7124	0.30932367
7125	0.29498389
7126	0.28559509
7127	0.27916947
7128	0.27465090
7129	0.27142665
7130	0.26911595
7131	0.26746950
7132	0.26631701
7133	0.26553828
7134	0.26504564
7135	0.26477370
7136	0.26467240
7137	0.26470271
7138	0.26483369
7139	0.26504043
7140	0.26530248
7141	0.26560286
7142	0.26592737
7143	0.26626396
7144	0.26660225
7145	0.26693335
7146	0.26724938
7147	0.26754364
7148	0.26781011
7149	0.26804364
7150	0.26823965
7151	0.26839432
7152	0.26850435
7153	0.26856714
7154	0.26858070
7155	0.26854366
7156	0.26845551
7157	0.26831642
7158	0.26812759
7159	0.26789120
7160	0.26761043
7161	0.26728979
7162	0.26693493
7163	0.26655287
7164	0.26615185
7165	0.26574132
7166	0.26533177
7167	0.26493457
7168	0.26456159
7169	0.26422492
7170	0.26393640
7171	0.26370734
7172	0.26354799
7173	0.26346728
7174	0.26347226
7175	0.26356813
7176	0.26375780
7177	0.26404187
7178	0.26441851
7179	0.26488346
7180	0.26543003
7181	0.26604921
7182	0.26672962
7183	0.26745781
7184	0.26821846
7185	0.26899451
7186	0.26976770
7187	0.27051875
7188	0.27122834
7189	0.27187741
7190	0.27244800
7191	0.27292415
7192	0.27329248
7193	0.27354297
7194	0.27366954
7195	0.27367035
7196	0.27354804
7197	0.27330947
7198	0.27296546
7199	0.27253011
7200	0.27202007
7201	0.27145362
7202	0.27084973
7203	0.27022734
7204	0.26960433
7205	0.26899713
7206	0.26842019
7207	0.26788560
7208	0.26740304
7209	0.26697975
7210	0.26662052
7211	0.26632804
7212	0.26610291
7213	0.26594403
7214	0.26584876
7215	0.26581326
7216	0.26583266
7217	0.26590133
7218	0.26601312
7219	0.26616159
7220	0.26634008
7221	0.26654193
7222	0.26676065
7223	0.26699001
7224	0.26722392
7225	0.26745701
7226	0.26768416
7227	0.26790100
7228	0.26810375
7229	0.26828951
7230	0.26845598
7231	0.26860186
7232	0.26872656
7233	0.26883018
7234	0.26891354
7235	0.26897794
7236	0.26902500
7237	0.26905668
7238	0.26907483
7239	0.26908144
7240	0.26907814
7241	0.26906633
7242	0.26904705
7243	0.26902092
7244	0.26898825
7245	0.26894891
7246	0.26890254
7247	0.26884848
7248	0.26878610
7249	0.26871455
7250	0.26863325
7251	0.26854163
7252	0.26843962
7253	0.26832730
7254	0.26820543
7255	0.26807538
7256	0.26793885
7257	0.26779860
7258	0.26765788
7259	0.26752073
7260	0.26739177
7261	0.26727632
7262	0.26717994
7263	0.26710856
7264	0.26706821
7265	0.26706457
7266	0.26710314
7267	0.26718879
7268	0.26732558
7269	0.26751664
7270	0.26776409
7271	0.26806873
7272	0.26843008
7273	0.26884618
7274	0.26931351
7275	0.26982695
7276	0.27037963
7277	0.27096298
7278	0.27156681
7279	0.27217925
7280	0.27278697
7281	0.27337551
7282	0.27392930
7283	0.27443257
7284	0.27486929
7285	0.27522415
7286	0.27548298
7287	0.27563354
7288	0.27566603
7289	0.27557367
7290	0.27535325
7291	0.27500534
7292	0.27453467
7293	0.27395004
7294	0.27326402
7295	0.27249283
7296	0.27165574
7297	0.27077457
7298	0.26987293
7299	0.26897573
7300	0.26810822
7301	0.26729569
7302	0.26656288
7303	0.26593336
7304	0.26542938
7305	0.26507133
7306	0.26487765
7307	0.26486450
7308	0.26504552
7309	0.26543134
7310	0.26602960
7311	0.26684397
7312	0.26787394
7313	0.26911423
7314	0.27055392
7315	0.27217644
7316	0.27395859
7317	0.27587068
7318	0.27787668
7319	0.27993473
7320	0.28199807
7321	0.28401646
7322	0.28593838
7323	0.28771281
7324	0.28929186
7325	0.29063264
7326	0.29169932
7327	0.29246485
7328	0.29291144
7329	0.29303083
7330	0.29282388
7331	0.29229984
7332	0.29147452
7333	0.29036966
7334	0.28901058
7335	0.28742540
7336	0.28564429
7337	0.28369877
7338	0.28162163
7339	0.27944791
7340	0.27721548
7341	0.27496746
7342	0.27275506
7343	0.27063996
7344	0.26869962
7345	0.26703274
7346	0.26576596
7347	0.26506308
7348	0.26513517
7349	0.26625380
7350	0.26876676
7351	0.27311948
7352	0.27987731
7353	0.28976288
7354	0.30370715
7355	0.32293046
7356	0.34909061
7357	0.38454881
7358	0.43290034
7359	0.50007868
7360	0.59691453
7361	0.74581838
7362	1.00232661
7363	NaN
7364	NaN
7365	NaN
7366	NaN
7367	NaN
7368	NaN
7369	NaN
7370	NaN
7371	NaN
7372	NaN
7373	NaN
7374	NaN
7375	NaN
7376	NaN
7377	NaN
7378	NaN
7379	NaN
7380	NaN
7381	NaN
7382	NaN
7383	NaN
7384	NaN
7385	NaN
7386	NaN
7387	NaN
7388	NaN
7389	NaN
7390	NaN
7391	NaN
7392	NaN
7393	NaN
7394	NaN
7395	NaN
7396	NaN
7397	NaN
7398	NaN
7399	NaN
7400	NaN
7401	NaN
7402	NaN
7403	NaN
7404	NaN
7405	NaN
7406	NaN
7407	NaN
7408	NaN
7409	NaN
7410	NaN
7411	NaN
7412	NaN
7413	NaN
7414	NaN
7415	NaN
7416	NaN
7417	NaN
7418	NaN
7419	NaN
7420	NaN
7421	NaN
7422	NaN
7423	NaN
7424	NaN
7425	NaN
7426	NaN
7427	NaN
7428	NaN
7429	NaN
7430	NaN
7431	NaN
7432	NaN
7433	NaN
7434	NaN
7435	NaN
7436	NaN
7437	NaN
7438	NaN
7439	NaN
7440	NaN
7441	NaN
7442	NaN
7443	NaN
7444	NaN
7445	0.89400351
7446	0.58502483
7447	0.48336169
7448	0.43273979
7449	0.40244332
7450	0.38230285
7451	0.36797452
7452	0.35728988
7453	0.34904420
7454	0.34251437
7455	0.33723953
7456	0.33291245
7457	0.32932001
7458	0.32631040
7459	0.32377228
7460	0.32162270
7461	0.31979880
7462	0.31825215
7463	0.31694537
7464	0.31584910
7465	0.31494027
7466	0.31420064
7467	0.31361568
7468	0.31317344
7469	0.31286424
7470	0.31267974
7471	0.31261235
7472	0.31265509
7473	0.31280071
7474	0.31304145
7475	0.31336871
7476	0.31377274
7477	0.31424215
7478	0.31476402
7479	0.31532380
7480	0.31590524
7481	0.31649083
7482	0.31706208
7483	0.31760022
7484	0.31808668
7485	0.31850421
7486	0.31883755
7487	0.31907430
7488	0.31920570
7489	0.31922716
7490	0.31913877
7491	0.31894514
7492	0.31865543
7493	0.31828272
7494	0.31784359
7495	0.31735685
7496	0.31684306
7497	0.31632325
7498	0.31581816
7499	0.31534725
7500	0.31492823
7501	0.31457615
7502	0.31430337
7503	0.31411895
7504	0.31402865
7505	0.31403503
7506	0.31413716
7507	0.31433102
7508	0.31460986
7509	0.31496400
7510	0.31538171
7511	0.31584921
7512	0.31635135
7513	0.31687191
7514	0.31739429
7515	0.31790185
7516	0.31837872
7517	0.31881014
7518	0.31918308
7519	0.31948665
7520	0.31971252
7521	0.31985515
7522	0.31991199
7523	0.31988361
7524	0.31977326
7525	0.31958705
7526	0.31933334
7527	0.31902239
7528	0.31866589
7529	0.31827641
7530	0.31786701
7531	0.31745070
7532	0.31704012
7533	0.31664711
7534	0.31628263
7535	0.31595638
7536	0.31567684
7537	0.31545112
7538	0.31528512
7539	0.31518346
7540	0.31514961
7541	0.31518587
7542	0.31529361
7543	0.31547320
7544	0.31572402
7545	0.31604466
7546	0.31643265
7547	0.31688470
7548	0.31739649
7549	0.31796291
7550	0.31857795
7551	0.31923476
7552	0.31992593
7553	0.32064348
7554	0.32137904
7555	0.32212406
7556	0.32286987
7557	0.32360801
7558	0.32433012
7559	0.32502833
7560	0.32569513
7561	0.32632351
7562	0.32690710
7563	0.32744008
7564	0.32791734
7565	0.32833433
7566	0.32868731
7567	0.32897323
7568	0.32918990
7569	0.32933608
7570	0.32941136
7571	0.32941654
7572	0.32935342
7573	0.32922512
7574	0.32903594
7575	0.32879156
7576	0.32849884
7577	0.32816610
7578	0.32780278
7579	0.32741952
7580	0.32702789
7581	0.32664034
7582	0.32626981
7583	0.32592967
7584	0.32563317
7585	0.32539329
7586	0.32522228
7587	0.32513142
7588	0.32513049
7589	0.32522771
7590	0.32542917
7591	0.32573888
7592	0.32615852
7593	0.32668722
7594	0.32732171
7595	0.32805616
7596	0.32888231
7597	0.32978973
7598	0.33076560
7599	0.33179531
7600	0.33286244
7601	0.33394918
7602	0.33503646
7603	0.33610448
7604	0.33713305
7605	0.33810189
7606	0.33899131
7607	0.33978242
7608	0.34045812
7609	0.34100324
7610	0.34140551
7611	0.34165591
7612	0.34174943
7613	0.34168541
7614	0.34146807
7615	0.34110644
7616	0.34061474
7617	0.34001169
7618	0.33932048
7619	0.33856797
7620	0.33778381
7621	0.33699945
7622	0.33624718
7623	0.33555925
7624	0.33496663
7625	0.33449820
7626	0.33418009
7627	0.33403498
7628	0.33408147
7629	0.33433381
7630	0.33480150
7631	0.33548895
7632	0.33639544
7633	0.33751485
7634	0.33883521
7635	0.34033900
7636	0.34200281
7637	0.34379748
7638	0.34568840
7639	0.34763590
7640	0.34959617
7641	0.35152224
7642	0.35336563
7643	0.35507813
7644	0.35661370
7645	0.35793111
7646	0.35899562
7647	0.35978132
7648	0.36027262
7649	0.36046526
7650	0.36036691
7651	0.35999680
7652	0.35938495
7653	0.35857093
7654	0.35760212
7655	0.35653225
7656	0.35541978
7657	0.35432607
7658	0.35331437
7659	0.35244924
7660	0.35179511
7661	0.35141671
7662	0.35137796
7663	0.35174242
7664	0.35257319
7665	0.35393265
7666	0.35588229
7667	0.35848227
7668	0.36179104
7669	0.36586407
7670	0.37075293
7671	0.37650383
7672	0.38315469
7673	0.39073551
7674	0.39926475
7675	0.40874994
7676	0.41918704
7677	0.43056470
7678	0.44286853
7679	0.45609105
7680	0.47024351
7681	0.48537630
7682	0.50160205
7683	0.51912796
7684	0.53830433
7685	0.55968934
7686	0.58416587
7687	0.61312938
7688	0.64885509
7689	0.69524157
7690	0.75949103
7691	0.85652214
7692	1.02300560
7693	1.37988257
7694	NaN
7695	NaN
7696	NaN
7697	NaN
7698	NaN
7699	NaN
7700	NaN
7701	NaN
7702	NaN
7703	NaN
7704	NaN
7705	NaN
7706	NaN
7707	NaN
7708	NaN
7709	NaN
7710	NaN
7711	NaN
7712	NaN
7713	NaN
7714	NaN
7715	NaN
7716	NaN
7717	NaN
7718	NaN
7719	NaN
7720	NaN
7721	NaN
7722	NaN
7723	NaN
7724	NaN
7725	NaN
7726	NaN
7727	NaN
7728	NaN
7729	NaN
7730	NaN
7731	NaN
7732	NaN
7733	NaN
7734	NaN
7735	NaN
7736	NaN
7737	NaN
7738	NaN
7739	NaN
7740	NaN
7741	NaN
7742	NaN
7743	NaN
7744	NaN
7745	NaN
7746	NaN
7747	NaN
7748	NaN
7749	NaN
7750	NaN
7751	NaN
7752	NaN
7753	NaN
7754	NaN
7755	NaN
7756	NaN
7757	NaN
7758	NaN
7759	NaN
7760	NaN
7761	NaN
7762	NaN
7763	NaN
7764	NaN
7765	NaN
7766	NaN
7767	NaN
7768	NaN
7769	NaN
7770	NaN
7771	0.52055722
7772	0.36988351
7773	0.32131517
7774	0.29788366
7775	0.28442535
7776	0.27591717
7777	0.27021343
7778	0.26624396
7779	0.26341459
7780	0.26136944
7781	0.25988215
7782	0.25880176
7783	0.25802407
7784	0.25747490
7785	0.25709972
7786	0.25685817
7787	0.25671929
7788	0.25665942
7789	0.25665998
7790	0.25670630
7791	0.25678647
7792	0.25689077
7793	0.25701109
7794	0.25714040
7795	0.25727251
7796	0.25740176
7797	0.25752276
7798	0.25763038
7799	0.25771964
7800	0.25778559
7801	0.25782368
7802	0.25782955
7803	0.25779924
7804	0.25772941
7805	0.25761753
7806	0.25746197
7807	0.25726220
7808	0.25701901
7809	0.25673455
7810	0.25641248
7811	0.25605792
7812	0.25567752
7813	0.25527936
7814	0.25487259
7815	0.25446749
7816	0.25407508
7817	0.25370669
7818	0.25337389
7819	0.25308794
7820	0.25285947
7821	0.25269809
7822	0.25261226
7823	0.25260863
7824	0.25269225
7825	0.25286624
7826	0.25313160
7827	0.25348756
7828	0.25393108
7829	0.25445747
7830	0.25506008
7831	0.25573051
7832	0.25645864
7833	0.25723273
7834	0.25803936
7835	0.25886366
7836	0.25968948
7837	0.26049942
7838	0.26127535
7839	0.26199883
7840	0.26265162
7841	0.26321650
7842	0.26367778
7843	0.26402235
7844	0.26424038
7845	0.26432583
7846	0.26427686
7847	0.26409638
7848	0.26379165
7849	0.26337418
7850	0.26285902
7851	0.26226410
7852	0.26160926
7853	0.26091531
7854	0.26020303
7855	0.25949240
7856	0.25880173
7857	0.25814739
7858	0.25754327
7859	0.25700051
7860	0.25652781
7861	0.25613108
7862	0.25581402
7863	0.25557795
7864	0.25542253
7865	0.25534552
7866	0.25534341
7867	0.25541136
7868	0.25554368
7869	0.25573376
7870	0.25597435
7871	0.25625774
7872	0.25657573
7873	0.25691995
7874	0.25728187
7875	0.25765297
7876	0.25802493
7877	0.25838989
7878	0.25874043
7879	0.25906983
7880	0.25937241
7881	0.25964323
7882	0.25987855
7883	0.26007569
7884	0.26023310
7885	0.26035026
7886	0.26042777
7887	0.26046702
7888	0.26047021
7889	0.26044023
7890	0.26038042
7891	0.26029444
7892	0.26018611
7893	0.26005945
7894	0.25991839
7895	0.25976682
7896	0.25960836
7897	0.25944659
7898	0.25928473
7899	0.25912583
7900	0.25897264
7901	0.25882760
7902	0.25869289
7903	0.25857034
7904	0.25846151
7905	0.25836751
7906	0.25828928
7907	0.25822747
7908	0.25818253
7909	0.25815478
7910	0.25814444
7911	0.25815177
7912	0.25817710
7913	0.25822076
7914	0.25828317
7915	0.25836474
7916	0.25846577
7917	0.25858650
7918	0.25872695
7919	0.25888693
7920	0.25906587
7921	0.25926283
7922	0.25947657
7923	0.25970539
7924	0.25994727
7925	0.26019961
7926	0.26045951
7927	0.26072365
7928	0.26098832
7929	0.26124933
7930	0.26150218
7931	0.26174200
7932	0.26196375
7933	0.26216209
7934	0.26233175
7935	0.26246744
7936	0.26256418
7937	0.26261744
7938	0.26262325
7939	0.26257858
7940	0.26248127
7941	0.26233065
7942	0.26212725
7943	0.26187316
7944	0.26157209
7945	0.26122934
7946	0.26085165
7947	0.26044729
7948	0.26002565
7949	0.25959712
7950	0.25917295
7951	0.25876459
7952	0.25838390
7953	0.25804237
7954	0.25775114
7955	0.25752062
7956	0.25736028
7957	0.25727826
7958	0.25728136
7959	0.25737455
7960	0.25756112
7961	0.25784203
7962	0.25821608
7963	0.25867969
7964	0.25922662
7965	0.25984827
7966	0.26053345
7967	0.26126885
7968	0.26203898
7969	0.26282686
7970	0.26361451
7971	0.26438329
7972	0.26511511
7973	0.26579276
7974	0.26640067
7975	0.26692560
7976	0.26735708
7977	0.26768753
7978	0.26791275
7979	0.26803175
7980	0.26804641
7981	0.26796159
7982	0.26778457
7983	0.26752478
7984	0.26719350
7985	0.26680341
7986	0.26636872
7987	0.26590499
7988	0.26542875
7989	0.26495811
7990	0.26451284
7991	0.26411483
7992	0.26378864
7993	0.26356292
7994	0.26347050
7995	0.26355082
7996	0.26385081
7997	0.26442656
7998	0.26534593
7999	0.26669067
8000	0.26855797
8001	0.27106518
8002	0.27435130
8003	0.27858058
8004	0.28394821
8005	0.29068622
8006	0.29907334
8007	0.30945250
8008	0.32225800
8009	0.33806252
8010	0.35765797
8011	0.38219628
8012	0.41344321
8013	0.45428228
8014	0.50976330
8015	0.58960134
8016	0.71509480
8017	0.94354045
8018	NaN
8019	NaN
8020	NaN
8021	NaN
8022	NaN
8023	NaN
8024	NaN
8025	NaN
8026	NaN
8027	NaN
8028	NaN
8029	NaN
8030	NaN
8031	NaN
8032	NaN
8033	NaN
8034	NaN
8035	NaN
8036	NaN
8037	NaN
8038	NaN
8039	NaN
8040	NaN
8041	NaN
8042	NaN
8043	NaN
8044	NaN
8045	NaN
8046	NaN
8047	NaN
8048	NaN
8049	NaN
8050	NaN
8051	NaN
8052	NaN
8053	NaN
8054	NaN
8055	NaN
8056	NaN
8057	NaN
8058	NaN
8059	NaN
8060	NaN
8061	NaN
8062	NaN
8063	NaN
8064	NaN
8065	NaN
8066	NaN
8067	NaN
8068	NaN
8069	NaN
8070	NaN
8071	NaN
8072	NaN
8073	NaN
8074	NaN
8075	NaN
8076	NaN
8077	NaN
8078	NaN
8079	NaN
8080	NaN
8081	NaN
8082	NaN
8083	NaN
8084	NaN
8085	NaN
8086	NaN
8087	NaN
8088	NaN
8089	NaN
8090	NaN
8091	NaN
8092	NaN
8093	NaN
8094	NaN
8095	NaN
8096	NaN
8097	NaN
8098	NaN
8099	NaN
8100	NaN
8101	NaN
8102	0.95294207
8103	0.56943542
8104	0.45242557
8105	0.39603254
8106	0.36305740
8107	0.34158927
8108	0.32663313
8109	0.31572303
8110	0.30750000
8111	0.30115187
8112	0.29616335
8113	0.29219097
8114	0.28899717
8115	0.28641242
8116	0.28431255
8117	0.28260478
8118	0.28121859
8119	0.28009942
8120	0.27920479
8121	0.27850121
8122	0.27796197
8123	0.27756563
8124	0.27729490
8125	0.27713546
8126	0.27707565
8127	0.27710536
8128	0.27721596
8129	0.27739963
8130	0.27764910
8131	0.27795726
8132	0.27831686
8133	0.27872029
8134	0.27915937
8135	0.27962503
8136	0.28010741
8137	0.28059563
8138	0.28107807
8139	0.28154233
8140	0.28197563
8141	0.28236517
8142	0.28269875
8143	0.28296506
8144	0.28315470
8145	0.28326032
8146	0.28327748
8147	0.28320488
8148	0.28304461
8149	0.28280222
8150	0.28248647
8151	0.28210914
8152	0.28168434
8153	0.28122801
8154	0.28075713
8155	0.28028893
8156	0.27984041
8157	0.27942732
8158	0.27906385
8159	0.27876198
8160	0.27853125
8161	0.27837840
8162	0.27830735
8163	0.27831903
8164	0.27841169
8165	0.27858093
8166	0.27881995
8167	0.27911985
8168	0.27947021
8169	0.27985916
8170	0.28027406
8171	0.28070182
8172	0.28112927
8173	0.28154385
8174	0.28193364
8175	0.28228801
8176	0.28259784
8177	0.28285572
8178	0.28305620
8179	0.28319588
8180	0.28327349
8181	0.28328979
8182	0.28324753
8183	0.28315121
8184	0.28300688
8185	0.28282201
8186	0.28260493
8187	0.28236470
8188	0.28211066
8189	0.28185228
8190	0.28159887
8191	0.28135929
8192	0.28114173
8193	0.28095379
8194	0.28080216
8195	0.28069258
8196	0.28062993
8197	0.28061807
8198	0.28065988
8199	0.28075734
8200	0.28091139
8201	0.28112197
8202	0.28138816
8203	0.28170803
8204	0.28207874
8205	0.28249657
8206	0.28295699
8207	0.28345469
8208	0.28398374
8209	0.28453767
8210	0.28510967
8211	0.28569269
8212	0.28627959
8213	0.28686339
8214	0.28743741
8215	0.28799534
8216	0.28853148
8217	0.28904065
8218	0.28951851
8219	0.28996128
8220	0.29036593
8221	0.29073006
8222	0.29105189
8223	0.29133034
8224	0.29156455
8225	0.29175454
8226	0.29190055
8227	0.29200354
8228	0.29206488
8229	0.29208651
8230	0.29207093
8231	0.29202121
8232	0.29194120
8233	0.29183501
8234	0.29170761
8235	0.29156443
8236	0.29141158
8237	0.29125556
8238	0.29110348
8239	0.29096285
8240	0.29084137
8241	0.29074714
8242	0.29068825
8243	0.29067260
8244	0.29070792
8245	0.29080132
8246	0.29095918
8247	0.29118696
8248	0.29148895
8249	0.29186806
8250	0.29232576
8251	0.29286194
8252	0.29347467
8253	0.29416043
8254	0.29491386
8255	0.29572803
8256	0.29659420
8257	0.29750234
8258	0.29844081
8259	0.29939693
8260	0.30035684
8261	0.30130607
8262	0.30222940
8263	0.30311158
8264	0.30393744
8265	0.30469227
8266	0.30536237
8267	0.30593535
8268	0.30640090
8269	0.30675086
8270	0.30697998
8271	0.30708620
8272	0.30707100
8273	0.30693957
8274	0.30670092
8275	0.30636761
8276	0.30595580
8277	0.30548456
8278	0.30497560
8279	0.30445248
8280	0.30394006
8281	0.30346367
8282	0.30304852
8283	0.30271891
8284	0.30249774
8285	0.30240577
8286	0.30246130
8287	0.30267972
8288	0.30307305
8289	0.30364969
8290	0.30441427
8291	0.30536723
8292	0.30650494
8293	0.30781919
8294	0.30929744
8295	0.31092268
8296	0.31267348
8297	0.31452432
8298	0.31644574
8299	0.31840521
8300	0.32036778
8301	0.32229701
8302	0.32415625
8303	0.32591006
8304	0.32752544
8305	0.32897350
8306	0.33023062
8307	0.33127970
8308	0.33211085
8309	0.33272222
8310	0.33311984
8311	0.33331773
8312	0.33333707
8313	0.33320603
8314	0.33295846
8315	0.33263338
8316	0.33227402
8317	0.33192712
8318	0.33164263
8319	0.33147314
8320	0.33147377
8321	0.33170193
8322	0.33221787
8323	0.33308464
8324	0.33436853
8325	0.33613956
8326	0.33847135
8327	0.34144273
8328	0.34513706
8329	0.34964344
8330	0.35505691
8331	0.36147904
8332	0.36901903
8333	0.37779579
8334	0.38793910
8335	0.39959487
8336	0.41293240
8337	0.42815441
8338	0.44551575
8339	0.46534887
8340	0.48810801
8341	0.51443613
8342	0.54527575
8343	0.58205658
8344	0.62703502
8345	0.68394989
8346	0.75941080
8347	0.86619198
8348	1.03242564
8349	1.33426201
8350	NaN
8351	NaN
8352	NaN
8353	NaN
8354	NaN
8355	NaN
8356	NaN
8357	NaN
8358	NaN
8359	NaN
8360	NaN
8361	NaN
8362	NaN
8363	NaN
8364	NaN
8365	NaN
8366	NaN
8367	NaN
8368	NaN
8369	NaN
8370	NaN
8371	NaN
8372	NaN
8373	NaN
8374	NaN
8375	NaN
8376	NaN
8377	NaN
8378	NaN
8379	NaN
8380	NaN
8381	NaN
8382	NaN
8383	NaN
8384	NaN
8385	NaN
8386	NaN
8387	NaN
8388	NaN
8389	NaN
8390	NaN
8391	NaN
8392	NaN
8393	NaN
8394	NaN
8395	NaN
8396	NaN
8397	NaN
8398	NaN
8399	NaN
8400	NaN
8401	NaN
8402	NaN
8403	NaN
8404	NaN
8405	NaN
8406	NaN
8407	NaN
8408	NaN
8409	NaN
8410	NaN
8411	NaN
8412	NaN
8413	NaN
8414	NaN
8415	NaN
8416	NaN
8417	NaN
8418	NaN
8419	NaN
8420	NaN
8421	NaN
8422	NaN
8423	NaN
8424	NaN
8425	NaN
8426	NaN
8427	NaN
8428	NaN
8429	NaN
8430	NaN
8431	NaN
8432	NaN
8433	NaN
8434	NaN
8435	NaN
8436	NaN
8437	NaN
8438	0.53096879
8439	0.35606158
8440	0.29986373
8441	0.27331558
8442	0.25854042
8443	0.24957412
8444	0.24386100
8445	0.24012609
8446	0.23766319
8447	0.23605135
8448	0.23502465
8449	0.23440802
8450	0.23408200
8451	0.23396270
8452	0.23399039
8453	0.23412134
8454	0.23432349
8455	0.23457296
8456	0.23485194
8457	0.23514718
8458	0.23544875
8459	0.23574916
8460	0.23604287
8461	0.23632571
8462	0.23659441
8463	0.23684637
8464	0.23707934
8465	0.23729131
8466	0.23748031
8467	0.23764448
8468	0.23778181
8469	0.23789044
8470	0.23796847
8471	0.23801424
8472	0.23802637
8473	0.23800375
8474	0.23794587
8475	0.23785266
8476	0.23772493
8477	0.23756404
8478	0.23737223
8479	0.23715256
8480	0.23690884
8481	0.23664574
8482	0.23636857
8483	0.23608343
8484	0.23579702
8485	0.23551650
8486	0.23524946
8487	0.23500372
8488	0.23478703
8489	0.23460701
8490	0.23447080
8491	0.23438478
8492	0.23435435
8493	0.23438382
8494	0.23447610
8495	0.23463257
8496	0.23485291
8497	0.23513508
8498	0.23547520
8499	0.23586762
8500	0.23630482
8501	0.23677768
8502	0.23727560
8503	0.23778675
8504	0.23829845
8505	0.23879759
8506	0.23927110
8507	0.23970658
8508	0.24009256
8509	0.24041943
8510	0.24067946
8511	0.24086742
8512	0.24098071
8513	0.24101943
8514	0.24098614
8515	0.24088596
8516	0.24072586
8517	0.24051455
8518	0.24026170
8519	0.23997773
8520	0.23967303
8521	0.23935774
8522	0.23904136
8523	0.23873234
8524	0.23843808
8525	0.23816475
8526	0.23791720
8527	0.23769911
8528	0.23751295
8529	0.23736008
8530	0.23724106
8531	0.23715557
8532	0.23710264
8533	0.23708086
8534	0.23708838
8535	0.23712313
8536	0.23718292
8537	0.23726547
8538	0.23736851
8539	0.23748986
8540	0.23762742
8541	0.23777913
8542	0.23794308
8543	0.23811744
8544	0.23830044
8545	0.23849030
8546	0.23868522
8547	0.23888339
8548	0.23908283
8549	0.23928142
8550	0.23947696
8551	0.23966707
8552	0.23984925
8553	0.24002106
8554	0.24017994
8555	0.24032345
8556	0.24044934
8557	0.24055558
8558	0.24064037
8559	0.24070230
8560	0.24074040
8561	0.24075407
8562	0.24074325
8563	0.24070847
8564	0.24065079
8565	0.24057186
8566	0.24047397
8567	0.24035990
8568	0.24023306
8569	0.24009724
8570	0.23995651
8571	0.23981524
8572	0.23967785
8573	0.23954874
8574	0.23943222
8575	0.23933229
8576	0.23925275
8577	0.23919700
8578	0.23916806
8579	0.23916854
8580	0.23920061
8581	0.23926596
8582	0.23936570
8583	0.23950058
8584	0.23967050
8585	0.23987497
8586	0.24011283
8587	0.24038218
8588	0.24068055
8589	0.24100479
8590	0.24135111
8591	0.24171518
8592	0.24209203
8593	0.24247621
8594	0.24286188
8595	0.24324282
8596	0.24361254
8597	0.24396452
8598	0.24429220
8599	0.24458921
8600	0.24484944
8601	0.24506739
8602	0.24523796
8603	0.24535711
8604	0.24542150
8605	0.24542908
8606	0.24537896
8607	0.24527155
8608	0.24510881
8609	0.24489428
8610	0.24463291
8611	0.24433133
8612	0.24399750
8613	0.24364069
8614	0.24327132
8615	0.24290060
8616	0.24254036
8617	0.24220261
8618	0.24189955
8619	0.24164291
8620	0.24144405
8621	0.24131349
8622	0.24126071
8623	0.24129409
8624	0.24142058
8625	0.24164546
8626	0.24197225
8627	0.24240255
8628	0.24293561
8629	0.24356839
8630	0.24429508
8631	0.24510734
8632	0.24599385
8633	0.24694067
8634	0.24793103
8635	0.24894589
8636	0.24996430
8637	0.25096402
8638	0.25192243
8639	0.25281721
8640	0.25362751
8641	0.25433460
8642	0.25492299
8643	0.25538060
8644	0.25569960
8645	0.25587606
8646	0.25591049
8647	0.25580689
8648	0.25557271
8649	0.25521833
8650	0.25475639
8651	0.25420114
8652	0.25356844
8653	0.25287506
8654	0.25213853
8655	0.25137743
8656	0.25061128
8657	0.24986061
8658	0.24914806
8659	0.24849820
8660	0.24793956
8661	0.24750461
8662	0.24723177
8663	0.24716553
8664	0.24735929
8665	0.24787545
8666	0.24878764
8667	0.25018135
8668	0.25215498
8669	0.25482118
8670	0.25830704
8671	0.26275465
8672	0.26832408
8673	0.27519590
8674	0.28357756
8675	0.29371619
8676	0.30591631
8677	0.32057333
8678	0.33822617
8679	0.35964188
8680	0.38596299
8681	0.41896802
8682	0.46157837
8683	0.51890266
8684	0.60070705
8685	0.72815818
8686	0.95708567
8687	NaN
8688	NaN
8689	NaN
8690	NaN
8691	NaN
8692	NaN
8693	NaN
8694	NaN
8695	NaN
8696	NaN
8697	NaN
8698	NaN
8699	NaN
8700	NaN
8701	NaN
8702	NaN
8703	NaN
8704	NaN
8705	NaN
8706	NaN
8707	NaN
8708	NaN
8709	NaN
8710	NaN
8711	NaN
8712	NaN
8713	NaN
8714	NaN
8715	NaN
8716	NaN
8717	NaN
8718	NaN
8719	NaN
8720	NaN
8721	NaN
8722	NaN
8723	NaN
8724	NaN
8725	NaN
8726	NaN
8727	NaN
8728	NaN
8729	NaN
8730	NaN
8731	NaN
8732	NaN
8733	NaN
8734	NaN
8735	NaN
8736	NaN
8737	NaN
8738	NaN
8739	NaN
8740	NaN
8741	NaN
8742	NaN
8743	NaN
8744	NaN
8745	NaN
8746	NaN
8747	NaN
8748	NaN
8749	NaN
8750	NaN
8751	NaN
8752	NaN
8753	NaN
8754	NaN
8755	NaN
8756	NaN
8757	NaN
8758	NaN
8759	NaN
8760	NaN
8761	NaN
8762	NaN
8763	NaN
8764	0.68049604
8765	0.49525353
8766	0.42313683
8767	0.38483411
8768	0.36114570
8769	0.34510547
8770	0.33357453
8771	0.32492983
8772	0.31824678
8773	0.31295970
8774	0.30870268
8775	0.30522859
8776	0.30236417
8777	0.29998446
8778	0.29799712
8779	0.29633266
8780	0.29493800
8781	0.29377207
8782	0.29280284
8783	0.29200509
8784	0.29135904
8785	0.29084885
8786	0.29046208
8787	0.29018852
8788	0.29002002
8789	0.28994972
8790	0.28997168
8791	0.29008043
8792	0.29027075
8793	0.29053706
8794	0.29087332
8795	0.29127243
8796	0.29172614
8797	0.29222453
8798	0.29275608
8799	0.29330751
8800	0.29386383
8801	0.29440880
8802	0.29492530
8803	0.29539612
8804	0.29580465
8805	0.29613611
8806	0.29637805
8807	0.29652172
8808	0.29656249
8809	0.29650044
8810	0.29634038
8811	0.29609182
8812	0.29576841
8813	0.29538724
8814	0.29496780
8815	0.29453108
8816	0.29409835
8817	0.29369026
8818	0.29332602
8819	0.29302245
8820	0.29279363
8821	0.29265046
8822	0.29260030
8823	0.29264703
8824	0.29279101
8825	0.29302916
8826	0.29335523
8827	0.29376021
8828	0.29423234
8829	0.29475793
8830	0.29532149
8831	0.29590636
8832	0.29649529
8833	0.29707092
8834	0.29761639
8835	0.29811606
8836	0.29855591
8837	0.29892409
8838	0.29921135
8839	0.29941154
8840	0.29952136
8841	0.29954094
8842	0.29947332
8843	0.29932442
8844	0.29910260
8845	0.29881829
8846	0.29848334
8847	0.29811057
8848	0.29771331
8849	0.29730472
8850	0.29689762
8851	0.29650399
8852	0.29613486
8853	0.29580003
8854	0.29550806
8855	0.29526618
8856	0.29508033
8857	0.29495528
8858	0.29489443
8859	0.29490024
8860	0.29497385
8861	0.29511550
8862	0.29532430
8863	0.29559833
8864	0.29593474
8865	0.29632959
8866	0.29677811
8867	0.29727471
8868	0.29781294
8869	0.29838589
8870	0.29898593
8871	0.29960543
8872	0.30023631
8873	0.30087072
8874	0.30150086
8875	0.30211926
8876	0.30271882
8877	0.30329302
8878	0.30383587
8879	0.30434197
8880	0.30480668
8881	0.30522597
8882	0.30559656
8883	0.30591583
8884	0.30618200
8885	0.30639401
8886	0.30655143
8887	0.30665463
8888	0.30670467
8889	0.30670333
8890	0.30665299
8891	0.30655679
8892	0.30641851
8893	0.30624250
8894	0.30603394
8895	0.30579859
8896	0.30554292
8897	0.30527401
8898	0.30499953
8899	0.30472779
8900	0.30446747
8901	0.30422756
8902	0.30401722
8903	0.30384549
8904	0.30372125
8905	0.30365273
8906	0.30364752
8907	0.30371204
8908	0.30385157
8909	0.30406997
8910	0.30436948
8911	0.30475059
8912	0.30521217
8913	0.30575114
8914	0.30636275
8915	0.30704048
8916	0.30777621
8917	0.30856013
8918	0.30938116
8919	0.31022665
8920	0.31108302
8921	0.31193542
8922	0.31276846
8923	0.31356612
8924	0.31431231
8925	0.31499115
8926	0.31558746
8927	0.31608737
8928	0.31647864
8929	0.31675145
8930	0.31689861
8931	0.31691638
8932	0.31680459
8933	0.31656691
8934	0.31621101
8935	0.31574857
8936	0.31519479
8937	0.31456828
8938	0.31389037
8939	0.31318441
8940	0.31247538
8941	0.31178886
8942	0.31115037
8943	0.31058511
8944	0.31011662
8945	0.30976710
8946	0.30955631
8947	0.30950153
8948	0.30961701
8949	0.30991375
8950	0.31039914
8951	0.31107661
8952	0.31194541
8953	0.31300029
8954	0.31423143
8955	0.31562415
8956	0.31715906
8957	0.31881207
8958	0.32055494
8959	0.32235545
8960	0.32417864
8961	0.32598758
8962	0.32774451
8963	0.32941261
8964	0.33095711
8965	0.33234680
8966	0.33355555
8967	0.33456323
8968	0.33535650
8969	0.33592960
8970	0.33628407
8971	0.33642882
8972	0.33637950
8973	0.33615786
8974	0.33579114
8975	0.33531100
8976	0.33475268
8977	0.33415443
8978	0.33355662
8979	0.33300096
8980	0.33253023
8981	0.33218774
8982	0.33201680
8983	0.33206087
8984	0.33236316
8985	0.33296624
8986	0.33391291
8987	0.33524534
8988	0.33700556
8989	0.33923498
8990	0.34197429
8991	0.34526336
8992	0.34914047
8993	0.35364237
8994	0.35880336
8995	0.36465538
8996	0.37122872
8997	0.37855253
8998	0.38665724
8999	0.39557627
9000	0.40535155
9001	0.41603851
9002	0.42771509
9003	0.44049141
9004	0.45452678
9005	0.47005028
9006	0.48739454
9007	0.50704479
9008	0.52972025
9009	0.55651236
9010	0.58913201
9011	0.63038868
9012	0.68520194
9013	0.76299179
9014	0.88429856
9015	1.10396922
9016	NaN
9017	NaN
9018	NaN
9019	NaN
9020	NaN
9021	NaN
9022	NaN
9023	NaN
9024	NaN
9025	NaN
9026	NaN
9027	NaN
9028	NaN
9029	NaN
9030	NaN
9031	NaN
9032	NaN
9033	NaN
9034	NaN
9035	NaN
9036	NaN
9037	NaN
9038	NaN
9039	NaN
9040	NaN
9041	NaN
9042	NaN
9043	NaN
9044	NaN
9045	NaN
9046	NaN
9047	NaN
9048	NaN
9049	NaN
9050	NaN
9051	NaN
9052	NaN
9053	NaN
9054	NaN
9055	NaN
9056	NaN
9057	NaN
9058	NaN
9059	NaN
9060	NaN
9061	NaN
9062	NaN
9063	NaN
9064	NaN
9065	NaN
9066	NaN
9067	NaN
9068	NaN
9069	NaN
9070	NaN
9071	NaN
9072	NaN
9073	NaN
9074	NaN
9075	NaN
9076	NaN
9077	NaN
9078	NaN
9079	NaN
9080	NaN
9081	NaN
9082	NaN
9083	NaN
9084	NaN
9085	NaN
9086	NaN
9087	NaN
9088	NaN
9089	NaN
9090	NaN
9091	NaN
9092	NaN
9093	NaN
9094	NaN
9095	NaN
9096	NaN
9097	0.75150281
9098	0.42675352
9099	0.34846395
9100	0.31473070
9101	0.29681629
9102	0.28627458
9103	0.27972692
9104	0.27555680
9105	0.27289429
9106	0.27123037
9107	0.27024791
9108	0.26973996
9109	0.26956624
9110	0.26962870
9111	0.26985759
9112	0.27020207
9113	0.27062449
9114	0.27109680
9115	0.27159783
9116	0.27211142
9117	0.27262533
9118	0.27313009
9119	0.27361837
9120	0.27408454
9121	0.27452424
9122	0.27493390
9123	0.27531070
9124	0.27565220
9125	0.27595639
9126	0.27622133
9127	0.27644533
9128	0.27662674
9129	0.27676404
9130	0.27685580
9131	0.27690092
9132	0.27689847
9133	0.27684790
9134	0.27674922
9135	0.27660319
9136	0.27641127
9137	0.27617595
9138	0.27590081
9139	0.27559072
9140	0.27525172
9141	0.27489120
9142	0.27451774
9143	0.27414119
9144	0.27377230
9145	0.27342254
9146	0.27310371
9147	0.27282780
9148	0.27260616
9149	0.27244940
9150	0.27236691
9151	0.27236643
9152	0.27245376
9153	0.27263260
9154	0.27290452
9155	0.27326870
9156	0.27372208
9157	0.27425936
9158	0.27487320
9159	0.27555400
9160	0.27629036
9161	0.27706882
9162	0.27787438
9163	0.27869034
9164	0.27949888
9165	0.28028113
9166	0.28101796
9167	0.28169045
9168	0.28228047
9169	0.28277171
9170	0.28315023
9171	0.28340521
9172	0.28352973
9173	0.28352115
9174	0.28338110
9175	0.28311583
9176	0.28273568
9177	0.28225464
9178	0.28168961
9179	0.28105953
9180	0.28038460
9181	0.27968529
9182	0.27898157
9183	0.27829230
9184	0.27763456
9185	0.27702343
9186	0.27647156
9187	0.27598912
9188	0.27558380
9189	0.27526081
9190	0.27502298
9191	0.27487099
9192	0.27480349
9193	0.27481729
9194	0.27490762
9195	0.27506834
9196	0.27529207
9197	0.27557048
9198	0.27589443
9199	0.27625424
9200	0.27663979
9201	0.27704087
9202	0.27744734
9203	0.27784941
9204	0.27823779
9205	0.27860412
9206	0.27894101
9207	0.27924219
9208	0.27950284
9209	0.27971926
9210	0.27988929
9211	0.28001201
9212	0.28008771
9213	0.28011766
9214	0.28010419
9215	0.28005025
9216	0.27995947
9217	0.27983594
9218	0.27968410
9219	0.27950856
9220	0.27931404
9221	0.27910537
9222	0.27888727
9223	0.27866435
9224	0.27844107
9225	0.27822173
9226	0.27801022
9227	0.27781022
9228	0.27762511
9229	0.27745777
9230	0.27731079
9231	0.27718639
9232	0.27708641
9233	0.27701238
9234	0.27696562
9235	0.27694726
9236	0.27695841
9237	0.27700016
9238	0.27707347
9239	0.27717951
9240	0.27731937
9241	0.27749404
9242	0.27770436
9243	0.27795091
9244	0.27823386
9245	0.27855280
9246	0.27890667
9247	0.27929372
9248	0.27971134
9249	0.28015602
9250	0.28062344
9251	0.28110835
9252	0.28160468
9253	0.28210554
9254	0.28260323
9255	0.28308955
9256	0.28355578
9257	0.28399271
9258	0.28439111
9259	0.28474188
9260	0.28503630
9261	0.28526628
9262	0.28542480
9263	0.28550634
9264	0.28550693
9265	0.28542483
9266	0.28526053
9267	0.28501707
9268	0.28470004
9269	0.28431773
9270	0.28388095
9271	0.28340262
9272	0.28289777
9273	0.28238291
9274	0.28187564
9275	0.28139427
9276	0.28095722
9277	0.28058288
9278	0.28028905
9279	0.28009257
9280	0.28000918
9281	0.28005323
9282	0.28023732
9283	0.28057212
9284	0.28106585
9285	0.28172427
9286	0.28254980
9287	0.28354162
9288	0.28469470
9289	0.28599966
9290	0.28744215
9291	0.28900287
9292	0.29065716
9293	0.29237521
9294	0.29412240
9295	0.29586023
9296	0.29754737
9297	0.29914111
9298	0.30059960
9299	0.30188316
9300	0.30295721
9301	0.30379367
9302	0.30437276
9303	0.30468404
9304	0.30472699
9305	0.30451071
9306	0.30405354
9307	0.30338198
9308	0.30252877
9309	0.30153227
9310	0.30043426
9311	0.29927951
9312	0.29811427
9313	0.29698625
9314	0.29594442
9315	0.29503921
9316	0.29432362
9317	0.29385459
9318	0.29369578
9319	0.29391938
9320	0.29461145
9321	0.29587620
9322	0.29784274
9323	0.30067459
9324	0.30458111
9325	0.30983332
9326	0.31678560
9327	0.32590607
9328	0.33782166
9329	0.35338351
9330	0.37377524
9331	0.40068376
9332	0.43661717
9333	0.48549503
9334	0.55387920
9335	0.65380061
9336	0.81027424
9337	1.08586347
9338	NaN
9339	NaN
9340	NaN
9341	NaN
9342	NaN
9343	NaN
9344	NaN
9345	NaN
9346	NaN
9347	NaN
9348	NaN
9349	NaN
9350	NaN
9351	NaN
9352	NaN
9353	NaN
9354	NaN
9355	NaN
9356	NaN
9357	NaN
9358	NaN
9359	NaN
9360	NaN
9361	NaN
9362	NaN
9363	NaN
9364	NaN
9365	NaN
9366	NaN
9367	NaN
9368	NaN
9369	NaN
9370	NaN
9371	NaN
9372	NaN
9373	NaN
9374	NaN
9375	NaN
9376	NaN
9377	NaN
9378	NaN
9379	NaN
9380	NaN
9381	NaN
9382	NaN
9383	NaN
9384	NaN
9385	NaN
9386	NaN
9387	NaN
9388	NaN
9389	NaN
9390	NaN
9391	NaN
9392	NaN
9393	NaN
9394	NaN
9395	NaN
9396	NaN
9397	NaN
9398	NaN
9399	NaN
9400	NaN
9401	NaN
9402	NaN
9403	NaN
9404	NaN
9405	NaN
9406	NaN
9407	NaN
9408	NaN
9409	NaN
9410	NaN
9411	NaN
9412	NaN
9413	NaN
9414	NaN
9415	NaN
9416	NaN
9417	NaN
9418	NaN
9419	NaN
9420	1.85308790
9421	0.82038653
9422	0.61908609
9423	0.53292578
9424	0.48492730
9425	0.45427763
9426	0.43300214
9427	0.41738430
9428	0.40545663
9429	0.39607763
9430	0.38853875
9431	0.38237593
9432	0.37727198
9433	0.37300253
9434	0.36940444
9435	0.36635599
9436	0.36376509
9437	0.36156070
9438	0.35968763
9439	0.35810268
9440	0.35677192
9441	0.35566854
9442	0.35477141
9443	0.35406393
9444	0.35353276
9445	0.35316721
9446	0.35295817
9447	0.35289764
9448	0.35297793
9449	0.35319105
9450	0.35352808
9451	0.35397875
9452	0.35453099
9453	0.35517052
9454	0.35588083
9455	0.35664299
9456	0.35743594
9457	0.35823682
9458	0.35902154
9459	0.35976562
9460	0.36044496
9461	0.36103711
9462	0.36152223
9463	0.36188403
9464	0.36211097
9465	0.36219662
9466	0.36214042
9467	0.36194772
9468	0.36162949
9469	0.36120197
9470	0.36068571
9471	0.36010483
9472	0.35948560
9473	0.35885537
9474	0.35824141
9475	0.35766977
9476	0.35716426
9477	0.35674560
9478	0.35643077
9479	0.35623252
9480	0.35615912
9481	0.35621414
9482	0.35639641
9483	0.35670024
9484	0.35711604
9485	0.35763016
9486	0.35822588
9487	0.35888398
9488	0.35958326
9489	0.36030149
9490	0.36101615
9491	0.36170521
9492	0.36234781
9493	0.36292511
9494	0.36342090
9495	0.36382198
9496	0.36411875
9497	0.36430526
9498	0.36437950
9499	0.36434317
9500	0.36420155
9501	0.36396292
9502	0.36363837
9503	0.36324105
9504	0.36278561
9505	0.36228758
9506	0.36176276
9507	0.36122695
9508	0.36069512
9509	0.36018145
9510	0.35969877
9511	0.35925847
9512	0.35887048
9513	0.35854307
9514	0.35828280
9515	0.35809484
9516	0.35798261
9517	0.35794827
9518	0.35799244
9519	0.35811478
9520	0.35831362
9521	0.35858637
9522	0.35892937
9523	0.35933816
9524	0.35980743
9525	0.36033100
9526	0.36090204
9527	0.36151305
9528	0.36215594
9529	0.36282220
9530	0.36350289
9531	0.36418906
9532	0.36487150
9533	0.36554131
9534	0.36618978
9535	0.36680859
9536	0.36739004
9537	0.36792710
9538	0.36841348
9539	0.36884379
9540	0.36921352
9541	0.36951944
9542	0.36975914
9543	0.36993146
9544	0.37003645
9545	0.37007546
9546	0.37005076
9547	0.36996606
9548	0.36982605
9549	0.36963654
9550	0.36940423
9551	0.36913675
9552	0.36884236
9553	0.36852989
9554	0.36820868
9555	0.36788830
9556	0.36757848
9557	0.36728889
9558	0.36702904
9559	0.36680815
9560	0.36663491
9561	0.36651736
9562	0.36646280
9563	0.36647746
9564	0.36656648
9565	0.36673376
9566	0.36698180
9567	0.36731163
9568	0.36772281
9569	0.36821327
9570	0.36877936
9571	0.36941588
9572	0.37011620
9573	0.37087214
9574	0.37167412
9575	0.37251130
9576	0.37337166
9577	0.37424204
9578	0.37510845
9579	0.37595624
9580	0.37677023
9581	0.37753531
9582	0.37823659
9583	0.37885991
9584	0.37939245
9585	0.37982303
9586	0.38014290
9587	0.38034591
9588	0.38042924
9589	0.38039348
9590	0.38024306
9591	0.37998620
9592	0.37963483
9593	0.37920439
9594	0.37871349
9595	0.37818313
9596	0.37763658
9597	0.37709814
9598	0.37659287
9599	0.37614554
9600	0.37578017
9601	0.37551922
9602	0.37538302
9603	0.37538946
9604	0.37555334
9605	0.37588608
9606	0.37639552
9607	0.37708560
9608	0.37795609
9609	0.37900275
9610	0.38021687
9611	0.38158563
9612	0.38309202
9613	0.38471502
9614	0.38643017
9615	0.38820976
9616	0.39002353
9617	0.39183968
9618	0.39362574
9619	0.39534959
9620	0.39698076
9621	0.39849126
9622	0.39985731
9623	0.40105981
9624	0.40208536
9625	0.40292704
9626	0.40358421
9627	0.40406317
9628	0.40437669
9629	0.40454379
9630	0.40458870
9631	0.40454075
9632	0.40443286
9633	0.40430117
9634	0.40418378
9635	0.40411958
9636	0.40414762
9637	0.40430591
9638	0.40463081
9639	0.40515545
9640	0.40590996
9641	0.40692008
9642	0.40820688
9643	0.40978625
9644	0.41166878
9645	0.41385975
9646	0.41635966
9647	0.41916537
9648	0.42227086
9649	0.42566961
9650	0.42935652
9651	0.43333110
9652	0.43759999
9653	0.44218126
9654	0.44710690
9655	0.45242822
9656	0.45821962
9657	0.46458432
9658	0.47166118
9659	0.47963446
9660	0.48874918
9661	0.49933052
9662	0.51181906
9663	0.52682251
9664	0.54520786
9665	0.56825334
9666	0.59793496
9667	0.63747907
9668	0.69255704
9669	0.77414757
9670	0.90664965
9671	1.15745044
9672	NaN
9673	NaN
9674	NaN
9675	NaN
9676	NaN
9677	NaN
9678	NaN
9679	NaN
9680	NaN
9681	NaN
9682	NaN
9683	NaN
9684	NaN
9685	NaN
9686	NaN
9687	NaN
9688	NaN
9689	NaN
9690	NaN
9691	NaN
9692	NaN
9693	NaN
9694	NaN
9695	NaN
9696	NaN
9697	NaN
9698	NaN
9699	NaN
9700	NaN
9701	NaN
9702	NaN
9703	NaN
9704	NaN
9705	NaN
9706	NaN
9707	NaN
9708	NaN
9709	NaN
9710	NaN
9711	NaN
9712	NaN
9713	NaN
9714	NaN
9715	NaN
9716	NaN
9717	NaN
9718	NaN
9719	NaN
9720	NaN
9721	NaN
9722	NaN
9723	NaN
9724	NaN
9725	NaN
9726	NaN
9727	NaN
9728	NaN
9729	NaN
9730	NaN
9731	NaN
9732	NaN
9733	NaN
9734	NaN
9735	NaN
9736	NaN
9737	NaN
9738	NaN
9739	NaN
9740	NaN
9741	NaN
9742	NaN
9743	NaN
9744	NaN
9745	1.12885165
9746	0.56153375
9747	0.44493514
9748	0.39523157
9749	0.36803731
9750	0.35111442
9751	0.33972934
9752	0.33166596
9753	0.32574791
9754	0.32129297
9755	0.31787768
9756	0.31522566
9757	0.31314865
9758	0.31151411
9759	0.31022584
9760	0.30921277
9761	0.30842093
9762	0.30780885
9763	0.30734414
9764	0.30700099
9765	0.30675888
9766	0.30660105
9767	0.30651364
9768	0.30648512
9769	0.30650565
9770	0.30656686
9771	0.30666122
9772	0.30678195
9773	0.30692273
9774	0.30707744
9775	0.30724019
9776	0.30740499
9777	0.30756578
9778	0.30771625
9779	0.30785003
9780	0.30796057
9781	0.30804130
9782	0.30808574
9783	0.30808783
9784	0.30804211
9785	0.30794406
9786	0.30779064
9787	0.30758056
9788	0.30731481
9789	0.30699706
9790	0.30663383
9791	0.30623472
9792	0.30581221
9793	0.30538160
9794	0.30496016
9795	0.30456659
9796	0.30422008
9797	0.30393934
9798	0.30374187
9799	0.30364296
9800	0.30365509
9801	0.30378756
9802	0.30404603
9803	0.30443260
9804	0.30494547
9805	0.30557936
9806	0.30632550
9807	0.30717173
9808	0.30810279
9809	0.30910063
9810	0.31014442
9811	0.31121129
9812	0.31227633
9813	0.31331345
9814	0.31429589
9815	0.31519702
9816	0.31599131
9817	0.31665540
9818	0.31716907
9819	0.31751621
9820	0.31768599
9821	0.31767327
9822	0.31747922
9823	0.31711140
9824	0.31658337
9825	0.31591415
9826	0.31512731
9827	0.31424978
9828	0.31331047
9829	0.31233919
9830	0.31136525
9831	0.31041637
9832	0.30951792
9833	0.30869216
9834	0.30795765
9835	0.30732924
9836	0.30681771
9837	0.30642992
9838	0.30616888
9839	0.30603409
9840	0.30602163
9841	0.30612475
9842	0.30633408
9843	0.30663806
9844	0.30702364
9845	0.30747631
9846	0.30798095
9847	0.30852202
9848	0.30908403
9849	0.30965215
9850	0.31021222
9851	0.31075147
9852	0.31125847
9853	0.31172368
9854	0.31213951
9855	0.31250039
9856	0.31280285
9857	0.31304550
9858	0.31322891
9859	0.31335533
9860	0.31342855
9861	0.31345361
9862	0.31343642
9863	0.31338355
9864	0.31330183
9865	0.31319821
9866	0.31307933
9867	0.31295151
9868	0.31282035
9869	0.31269079
9870	0.31256694
9871	0.31245190
9872	0.31234786
9873	0.31225619
9874	0.31217706
9875	0.31211010
9876	0.31205392
9877	0.31200662
9878	0.31196576
9879	0.31192863
9880	0.31189242
9881	0.31185448
9882	0.31181255
9883	0.31176504
9884	0.31171125
9885	0.31165156
9886	0.31158757
9887	0.31152216
9888	0.31145945
9889	0.31140473
9890	0.31136417
9891	0.31134459
9892	0.31135330
9893	0.31139740
9894	0.31148389
9895	0.31161895
9896	0.31180778
9897	0.31205443
9898	0.31236124
9899	0.31272894
9900	0.31315625
9901	0.31363982
9902	0.31417418
9903	0.31475148
9904	0.31536180
9905	0.31599301
9906	0.31663111
9907	0.31726035
9908	0.31786379
9909	0.31842375
9910	0.31892228
9911	0.31934205
9912	0.31966686
9913	0.31988251
9914	0.31997749
9915	0.31994361
9916	0.31977656
9917	0.31947628
9918	0.31904697
9919	0.31849760
9920	0.31784120
9921	0.31709468
9922	0.31627858
9923	0.31541607
9924	0.31453240
9925	0.31365427
9926	0.31280896
9927	0.31202355
9928	0.31132448
9929	0.31073663
9930	0.31028301
9931	0.30998415
9932	0.30985779
9933	0.30991817
9934	0.31017596
9935	0.31063744
9936	0.31130451
9937	0.31217378
9938	0.31323627
9939	0.31447700
9940	0.31587464
9941	0.31740132
9942	0.31902274
9943	0.32069895
9944	0.32238463
9945	0.32403123
9946	0.32558849
9947	0.32700667
9948	0.32823896
9949	0.32924435
9950	0.32998940
9951	0.33045045
9952	0.33061451
9953	0.33047983
9954	0.33005568
9955	0.32936105
9956	0.32842356
9957	0.32727769
9958	0.32596239
9959	0.32452014
9960	0.32299516
9961	0.32143241
9962	0.31987697
9963	0.31837377
9964	0.31696808
9965	0.31570616
9966	0.31463632
9967	0.31381032
9968	0.31328598
9969	0.31312910
9970	0.31341597
9971	0.31423655
9972	0.31569791
9973	0.31792751
9974	0.32107630
9975	0.32532439
9976	0.33088198
9977	0.33799732
9978	0.34696043
9979	0.35811153
9980	0.37185729
9981	0.38869196
9982	0.40924242
9983	0.43434128
9984	0.46515766
9985	0.50342846
9986	0.55188721
9987	0.61511683
9988	0.70138967
9989	0.82720977
9990	1.03062367
9991	1.42284381
9992	NaN
9993	NaN
9994	NaN
9995	NaN
9996	NaN
9997	NaN
9998	NaN
9999	NaN
10000	NaN
10001	NaN
10002	NaN
10003	NaN
10004	NaN
10005	NaN
10006	NaN
10007	NaN
10008	NaN
10009	NaN
10010	NaN
10011	NaN
10012	NaN
10013	NaN
10014	NaN
10015	NaN
10016	NaN
10017	NaN
10018	NaN
10019	NaN
10020	NaN
10021	NaN
10022	NaN
10023	NaN
10024	NaN
10025	NaN
10026	NaN
10027	NaN
10028	NaN
10029	NaN
10030	NaN
10031	NaN
10032	NaN
10033	NaN
10034	NaN
10035	NaN
10036	NaN
10037	NaN
10038	NaN
10039	NaN
10040	NaN
10041	NaN
10042	NaN
10043	NaN
10044	NaN
10045	NaN
10046	NaN
10047	NaN
10048	NaN
10049	NaN
10050	NaN
10051	NaN
10052	NaN
10053	NaN
10054	NaN
10055	NaN
10056	NaN
10057	NaN
10058	NaN
10059	NaN
10060	NaN
10061	NaN
10062	NaN
10063	NaN
10064	NaN
10065	NaN
10066	NaN
10067	NaN
10068	NaN
10069	NaN
10070	NaN
10071	NaN
10072	NaN
10073	NaN
10074	NaN
10075	NaN
10076	NaN
10077	NaN
10078	0.84895790
10079	0.58945996
10080	0.49684817
10081	0.44995391
10082	0.42203048
10083	0.40377027
10084	0.39108232
10085	0.38188553
10086	0.37500963
10087	0.36974609
10088	0.36564183
10089	0.36239412
10090	0.35979393
10091	0.35769290
10092	0.35598379
10093	0.35458776
10094	0.35344648
10095	0.35251632
10096	0.35176480
10097	0.35116768
10098	0.35070693
10099	0.35036933
10100	0.35014528
10101	0.35002750
10102	0.35001072
10103	0.35009062
10104	0.35026354
10105	0.35052556
10106	0.35087246
10107	0.35129884
10108	0.35179806
10109	0.35236165
10110	0.35297903
10111	0.35363737
10112	0.35432136
10113	0.35501349
10114	0.35569409
10115	0.35634193
10116	0.35693491
10117	0.35745090
10118	0.35786894
10119	0.35817018
10120	0.35833934
10121	0.35836560
10122	0.35824361
10123	0.35797414
10124	0.35756424
10125	0.35702738
10126	0.35638261
10127	0.35565403
10128	0.35486948
10129	0.35405931
10130	0.35325500
10131	0.35248780
10132	0.35178754
10133	0.35118148
10134	0.35069346
10135	0.35034311
10136	0.35014552
10137	0.35011056
10138	0.35024300
10139	0.35054225
10140	0.35100257
10141	0.35161310
10142	0.35235828
10143	0.35321835
10144	0.35416970
10145	0.35518581
10146	0.35623771
10147	0.35729516
10148	0.35832754
10149	0.35930490
10150	0.36019906
10151	0.36098477
10152	0.36164051
10153	0.36214939
10154	0.36250001
10155	0.36268643
10156	0.36270860
10157	0.36257195
10158	0.36228710
10159	0.36186901
10160	0.36133620
10161	0.36070988
10162	0.36001289
10163	0.35926878
10164	0.35850105
10165	0.35773236
10166	0.35698405
10167	0.35627568
10168	0.35562479
10169	0.35504663
10170	0.35455421
10171	0.35415816
10172	0.35386693
10173	0.35368669
10174	0.35362148
10175	0.35367319
10176	0.35384169
10177	0.35412487
10178	0.35451868
10179	0.35501716
10180	0.35561252
10181	0.35629535
10182	0.35705468
10183	0.35787827
10184	0.35875306
10185	0.35966524
10186	0.36060086
10187	0.36154607
10188	0.36248747
10189	0.36341247
10190	0.36430949
10191	0.36516804
10192	0.36597887
10193	0.36673394
10194	0.36742640
10195	0.36805049
10196	0.36860147
10197	0.36907539
10198	0.36946923
10199	0.36978060
10200	0.37000793
10201	0.37015033
10202	0.37020755
10203	0.37018028
10204	0.37007001
10205	0.36987925
10206	0.36961150
10207	0.36927146
10208	0.36886510
10209	0.36839962
10210	0.36788362
10211	0.36732703
10212	0.36674112
10213	0.36613843
10214	0.36553246
10215	0.36493778
10216	0.36436963
10217	0.36384362
10218	0.36337548
10219	0.36298066
10220	0.36267397
10221	0.36246905
10222	0.36237815
10223	0.36241162
10224	0.36257765
10225	0.36288202
10226	0.36332753
10227	0.36391440
10228	0.36463952
10229	0.36549681
10230	0.36647692
10231	0.36756724
10232	0.36875212
10233	0.37001273
10234	0.37132728
10235	0.37267134
10236	0.37401819
10237	0.37533918
10238	0.37660450
10239	0.37778372
10240	0.37884691
10241	0.37976551
10242	0.38051346
10243	0.38106847
10244	0.38141277
10245	0.38153479
10246	0.38142940
10247	0.38109902
10248	0.38055369
10249	0.37981090
10250	0.37889555
10251	0.37783897
10252	0.37667784
10253	0.37545303
10254	0.37420833
10255	0.37298885
10256	0.37183997
10257	0.37080589
10258	0.36992878
10259	0.36924762
10260	0.36879769
10261	0.36860985
10262	0.36870962
10263	0.36911726
10264	0.36984655
10265	0.37090471
10266	0.37229159
10267	0.37399891
10268	0.37601000
10269	0.37829906
10270	0.38083079
10271	0.38356036
10272	0.38643357
10273	0.38938761
10274	0.39235264
10275	0.39525357
10276	0.39801279
10277	0.40055394
10278	0.40280518
10279	0.40470359
10280	0.40619862
10281	0.40725556
10282	0.40785766
10283	0.40800750
10284	0.40772671
10285	0.40705475
10286	0.40604699
10287	0.40477169
10288	0.40330705
10289	0.40173808
10290	0.40015328
10291	0.39864337
10292	0.39729854
10293	0.39620790
10294	0.39545858
10295	0.39513493
10296	0.39531994
10297	0.39609441
10298	0.39753804
10299	0.39972889
10300	0.40274486
10301	0.40666205
10302	0.41155562
10303	0.41749775
10304	0.42455682
10305	0.43279654
10306	0.44227347
10307	0.45303738
10308	0.46513090
10309	0.47859508
10310	0.49347544
10311	0.50983691
10312	0.52778548
10313	0.54750073
10314	0.56928688
10315	0.59364122
10316	0.62136608
10317	0.65374488
10318	0.69285125
10319	0.74213994
10320	0.80768472
10321	0.90109116
10322	1.04752731
10323	1.31366849
10324	NaN
10325	NaN
10326	NaN
10327	NaN
10328	NaN
10329	NaN
10330	NaN
10331	NaN
10332	NaN
10333	NaN
10334	NaN
10335	NaN
10336	NaN
10337	NaN
10338	NaN
10339	NaN
10340	NaN
10341	NaN
10342	NaN
10343	NaN
10344	NaN
10345	NaN
10346	NaN
10347	NaN
10348	NaN
10349	NaN
10350	NaN
10351	NaN
10352	NaN
10353	NaN
10354	NaN
10355	NaN
10356	NaN
10357	NaN
10358	NaN
10359	NaN
10360	NaN
10361	NaN
10362	NaN
10363	NaN
10364	NaN
10365	NaN
10366	NaN
10367	NaN
10368	NaN
10369	NaN
10370	NaN
10371	NaN
10372	NaN
10373	NaN
10374	NaN
10375	NaN
10376	NaN
10377	NaN
10378	NaN
10379	NaN
10380	NaN
10381	NaN
10382	NaN
10383	NaN
10384	NaN
10385	NaN
10386	NaN
10387	NaN
10388	NaN
10389	NaN
10390	NaN
10391	NaN
10392	NaN
10393	NaN
10394	NaN
10395	NaN
10396	NaN
10397	NaN
10398	NaN
10399	NaN
10400	NaN
10401	NaN
10402	NaN
10403	0.75784272
10404	0.44965842
10405	0.37449801
10406	0.34086636
10407	0.32199332
10408	0.31005862
10409	0.30194291
10410	0.29615572
10411	0.29189411
10412	0.28868619
10413	0.28623611
10414	0.28434834
10415	0.28288826
10416	0.28175995
10417	0.28089309
10418	0.28023469
10419	0.27974424
10420	0.27938989
10421	0.27914661
10422	0.27899414
10423	0.27891597
10424	0.27889851
10425	0.27893031
10426	0.27900162
10427	0.27910408
10428	0.27923015
10429	0.27937305
10430	0.27952659
10431	0.27968478
10432	0.27984205
10433	0.27999285
10434	0.28013182
10435	0.28025362
10436	0.28035304
10437	0.28042498
10438	0.28046441
10439	0.28046659
10440	0.28042728
10441	0.28034276
10442	0.28021032
10443	0.28002828
10444	0.27979660
10445	0.27951685
10446	0.27919269
10447	0.27882990
10448	0.27843660
10449	0.27802312
10450	0.27760178
10451	0.27718663
10452	0.27679276
10453	0.27643603
10454	0.27613202
10455	0.27589566
10456	0.27574050
10457	0.27567804
10458	0.27571768
10459	0.27586603
10460	0.27612707
10461	0.27650180
10462	0.27698848
10463	0.27758241
10464	0.27827606
10465	0.27905926
10466	0.27991906
10467	0.28083989
10468	0.28180385
10469	0.28279075
10470	0.28377858
10471	0.28474391
10472	0.28566244
10473	0.28650993
10474	0.28726274
10475	0.28789893
10476	0.28839931
10477	0.28874817
10478	0.28893441
10479	0.28895187
10480	0.28880021
10481	0.28848451
10482	0.28801560
10483	0.28740919
10484	0.28668517
10485	0.28586665
10486	0.28497881
10487	0.28404775
10488	0.28309932
10489	0.28215820
10490	0.28124711
10491	0.28038624
10492	0.27959281
10493	0.27888080
10494	0.27826110
10495	0.27774134
10496	0.27732620
10497	0.27701759
10498	0.27681494
10499	0.27671531
10500	0.27671391
10501	0.27680424
10502	0.27697831
10503	0.27722695
10504	0.27754006
10505	0.27790672
10506	0.27831554
10507	0.27875477
10508	0.27921262
10509	0.27967748
10510	0.28013808
10511	0.28058395
10512	0.28100544
10513	0.28139418
10514	0.28174305
10515	0.28204644
10516	0.28230029
10517	0.28250214
10518	0.28265107
10519	0.28274763
10520	0.28279364
10521	0.28279206
10522	0.28274682
10523	0.28266254
10524	0.28254431
10525	0.28239748
10526	0.28222758
10527	0.28203994
10528	0.28183982
10529	0.28163207
10530	0.28142115
10531	0.28121117
10532	0.28100565
10533	0.28080764
10534	0.28061974
10535	0.28044400
10536	0.28028190
10537	0.28013456
10538	0.28000271
10539	0.27988666
10540	0.27978656
10541	0.27970257
10542	0.27963480
10543	0.27958357
10544	0.27954966
10545	0.27953422
10546	0.27953887
10547	0.27956581
10548	0.27961758
10549	0.27969706
10550	0.27980733
10551	0.27995130
10552	0.28013170
10553	0.28035066
10554	0.28060958
10555	0.28090906
10556	0.28124860
10557	0.28162655
10558	0.28203997
10559	0.28248474
10560	0.28295544
10561	0.28344527
10562	0.28394634
10563	0.28444964
10564	0.28494513
10565	0.28542200
10566	0.28586879
10567	0.28627399
10568	0.28662604
10569	0.28691399
10570	0.28712791
10571	0.28725937
10572	0.28730178
10573	0.28725109
10574	0.28710574
10575	0.28686738
10576	0.28654057
10577	0.28613293
10578	0.28565511
10579	0.28512031
10580	0.28454402
10581	0.28394341
10582	0.28333712
10583	0.28274435
10584	0.28218466
10585	0.28167737
10586	0.28124100
10587	0.28089309
10588	0.28064972
10589	0.28052521
10590	0.28053194
10591	0.28067997
10592	0.28097683
10593	0.28142726
10594	0.28203288
10595	0.28279170
10596	0.28369808
10597	0.28474221
10598	0.28590980
10599	0.28718212
10600	0.28853583
10601	0.28994349
10602	0.29137394
10603	0.29279333
10604	0.29416636
10605	0.29545793
10606	0.29663458
10607	0.29766655
10608	0.29852912
10609	0.29920396
10610	0.29967988
10611	0.29995346
10612	0.30002835
10613	0.29991511
10614	0.29963031
10615	0.29919502
10616	0.29863456
10617	0.29797640
10618	0.29725042
10619	0.29648769
10620	0.29572082
10621	0.29498354
10622	0.29431143
10623	0.29374322
10624	0.29332119
10625	0.29309359
10626	0.29311669
10627	0.29345697
10628	0.29419541
10629	0.29543099
10630	0.29728577
10631	0.29991135
10632	0.30349520
10633	0.30826911
10634	0.31451890
10635	0.32259321
10636	0.33291918
10637	0.34601745
10638	0.36252716
10639	0.38324681
10640	0.40920523
10641	0.44179285
10642	0.48300794
10643	0.53593326
10644	0.60570824
10645	0.70166922
10646	0.84273922
10647	1.07367003
10648	NaN
10649	NaN
10650	NaN
10651	NaN
10652	NaN
10653	NaN
10654	NaN
10655	NaN
10656	NaN
10657	NaN
10658	NaN
10659	NaN
10660	NaN
10661	NaN
10662	NaN
10663	NaN
10664	NaN
10665	NaN
10666	NaN
10667	NaN
10668	NaN
10669	NaN
10670	NaN
10671	NaN
10672	NaN
10673	NaN
10674	NaN
10675	NaN
10676	NaN
10677	NaN
10678	NaN
10679	NaN
10680	NaN
10681	NaN
10682	NaN
10683	NaN
10684	NaN
10685	NaN
10686	NaN
10687	NaN
10688	NaN
10689	NaN
10690	NaN
10691	NaN
10692	NaN
10693	NaN
10694	NaN
10695	NaN
10696	NaN
10697	NaN
10698	NaN
10699	NaN
10700	NaN
10701	NaN
10702	NaN
10703	NaN
10704	NaN
10705	NaN
10706	NaN
10707	NaN
10708	NaN
10709	NaN
10710	NaN
10711	NaN
10712	NaN
10713	NaN
10714	NaN
10715	NaN
10716	NaN
10717	NaN
10718	NaN
10719	NaN
10720	NaN
10721	NaN
10722	NaN
10723	NaN
10724	NaN
10725	NaN
10726	NaN
10727	NaN
10728	NaN
10729	NaN
10730	NaN
10731	NaN
10732	NaN
10733	NaN
10734	NaN
10735	1.74549866
10736	0.73070961
10737	0.54007006
10738	0.46016684
10739	0.41663510
10740	0.38952571
10741	0.37122545
10742	0.35819501
10743	0.34856471
10744	0.34125280
10745	0.33559009
10746	0.33113983
10747	0.32760549
10748	0.32477868
10749	0.32250923
10750	0.32068619
10751	0.31922656
10752	0.31806728
10753	0.31716001
10754	0.31646752
10755	0.31596100
10756	0.31561819
10757	0.31542155
10758	0.31535754
10759	0.31541514
10760	0.31558517
10761	0.31585953
10762	0.31623071
10763	0.31669092
10764	0.31723186
10765	0.31784412
10766	0.31851682
10767	0.31923738
10768	0.31999141
10769	0.32076263
10770	0.32153305
10771	0.32228321
10772	0.32299283
10773	0.32364130
10774	0.32420865
10775	0.32467628
10776	0.32502818
10777	0.32525164
10778	0.32533810
10779	0.32528397
10780	0.32509089
10781	0.32476580
10782	0.32432085
10783	0.32377270
10784	0.32314196
10785	0.32245210
10786	0.32172826
10787	0.32099640
10788	0.32028195
10789	0.31960887
10790	0.31899905
10791	0.31847134
10792	0.31804135
10793	0.31772086
10794	0.31751791
10795	0.31743652
10796	0.31747687
10797	0.31763542
10798	0.31790504
10799	0.31827533
10800	0.31873292
10801	0.31926194
10802	0.31984437
10803	0.32046083
10804	0.32109079
10805	0.32171360
10806	0.32230896
10807	0.32285768
10808	0.32334226
10809	0.32374781
10810	0.32406214
10811	0.32427651
10812	0.32438573
10813	0.32438844
10814	0.32428691
10815	0.32408673
10816	0.32379657
10817	0.32342771
10818	0.32299328
10819	0.32250780
10820	0.32198653
10821	0.32144493
10822	0.32089821
10823	0.32036087
10824	0.31984639
10825	0.31936708
10826	0.31893381
10827	0.31855607
10828	0.31824189
10829	0.31799790
10830	0.31782934
10831	0.31774029
10832	0.31773350
10833	0.31781062
10834	0.31797209
10835	0.31821737
10836	0.31854454
10837	0.31895074
10838	0.31943169
10839	0.31998199
10840	0.32059506
10841	0.32126322
10842	0.32197779
10843	0.32272950
10844	0.32350835
10845	0.32430413
10846	0.32510665
10847	0.32590565
10848	0.32669127
10849	0.32745412
10850	0.32818523
10851	0.32887635
10852	0.32951972
10853	0.33010849
10854	0.33063638
10855	0.33109796
10856	0.33148864
10857	0.33180466
10858	0.33204314
10859	0.33220223
10860	0.33228108
10861	0.33227998
10862	0.33220020
10863	0.33204427
10864	0.33181602
10865	0.33152035
10866	0.33116364
10867	0.33075351
10868	0.33029875
10869	0.32980961
10870	0.32929727
10871	0.32877409
10872	0.32825336
10873	0.32774886
10874	0.32727504
10875	0.32684606
10876	0.32647631
10877	0.32617927
10878	0.32596767
10879	0.32585308
10880	0.32584539
10881	0.32595280
10882	0.32618126
10883	0.32653466
10884	0.32701448
10885	0.32761958
10886	0.32834637
10887	0.32918867
10888	0.33013764
10889	0.33118197
10890	0.33230782
10891	0.33349878
10892	0.33473644
10893	0.33600011
10894	0.33726752
10895	0.33851489
10896	0.33971763
10897	0.34085080
10898	0.34188977
10899	0.34281117
10900	0.34359342
10901	0.34421793
10902	0.34466961
10903	0.34493804
10904	0.34501785
10905	0.34490940
10906	0.34461904
10907	0.34415919
10908	0.34354803
10909	0.34280902
10910	0.34197041
10911	0.34106395
10912	0.34012413
10913	0.33918700
10914	0.33828902
10915	0.33746624
10916	0.33675304
10917	0.33618176
10918	0.33578151
10919	0.33557799
10920	0.33559272
10921	0.33584267
10922	0.33633989
10923	0.33709115
10924	0.33809745
10925	0.33935404
10926	0.34084949
10927	0.34256607
10928	0.34447944
10929	0.34655839
10930	0.34876558
10931	0.35105765
10932	0.35338634
10933	0.35569963
10934	0.35794359
10935	0.36006394
10936	0.36200857
10937	0.36372975
10938	0.36518642
10939	0.36634618
10940	0.36718696
10941	0.36769819
10942	0.36788118
10943	0.36774933
10944	0.36732706
10945	0.36664933
10946	0.36575976
10947	0.36470956
10948	0.36355561
10949	0.36235896
10950	0.36118385
10951	0.36009628
10952	0.35916293
10953	0.35845101
10954	0.35802746
10955	0.35795873
10956	0.35831118
10957	0.35915068
10958	0.36054361
10959	0.36255592
10960	0.36525515
10961	0.36870900
10962	0.37298673
10963	0.37815821
10964	0.38429448
10965	0.39146772
10966	0.39975131
10967	0.40922105
10968	0.41995800
10969	0.43205351
10970	0.44561511
10971	0.46078181
10972	0.47773892
10973	0.49674973
10974	0.51819414
10975	0.54263335
10976	0.57091153
10977	0.60432369
10978	0.64492542
10979	0.69611859
10980	0.76389885
10981	0.85980916
10982	1.00915742
10983	1.28006828
10984	NaN
10985	NaN
10986	NaN
10987	NaN
10988	NaN
10989	NaN
10990	NaN
10991	NaN
10992	NaN
10993	NaN
10994	NaN
10995	NaN
10996	NaN
10997	NaN
10998	NaN
10999	NaN
11000	NaN
11001	NaN
11002	NaN
11003	NaN
11004	NaN
11005	NaN
11006	NaN
11007	NaN
11008	NaN
11009	NaN
11010	NaN
11011	NaN
11012	NaN
11013	NaN
11014	NaN
11015	NaN
11016	NaN
11017	NaN
11018	NaN
11019	NaN
11020	NaN
11021	NaN
11022	NaN
11023	NaN
11024	NaN
11025	NaN
11026	NaN
11027	NaN
11028	NaN
11029	NaN
11030	NaN
11031	NaN
11032	NaN
11033	NaN
11034	NaN
11035	NaN
11036	NaN
11037	NaN
11038	NaN
11039	NaN
11040	NaN
11041	NaN
11042	NaN
11043	NaN
11044	NaN
11045	NaN
11046	NaN
11047	NaN
11048	NaN
11049	NaN
11050	NaN
11051	NaN
11052	NaN
11053	NaN
11054	NaN
11055	NaN
11056	NaN
11057	NaN
11058	NaN
11059	NaN
11060	NaN
11061	NaN
11062	NaN
11063	NaN
11064	NaN
11065	NaN
11066	NaN
11067	1.33027887
11068	0.59529996
11069	0.45495477
11070	0.39663118
11071	0.36541080
11072	0.34645489
11073	0.33407810
11074	0.32563034
11075	0.31970820
11076	0.31549752
11077	0.31249237
11078	0.31036183
11079	0.30887961
11080	0.30788550
11081	0.30726299
11082	0.30692503
11083	0.30680537
11084	0.30685267
11085	0.30702665
11086	0.30729508
11087	0.30763212
11088	0.30801669
11089	0.30843148
11090	0.30886224
11091	0.30929706
11092	0.30972609
11093	0.31014100
11094	0.31053495
11095	0.31090212
11096	0.31123772
11097	0.31153759
11098	0.31179842
11099	0.31201726
11100	0.31219167
11101	0.31231964
11102	0.31239957
11103	0.31243029
11104	0.31241131
11105	0.31234267
11106	0.31222531
11107	0.31206107
11108	0.31185290
11109	0.31160519
11110	0.31132355
11111	0.31101525
11112	0.31068900
11113	0.31035504
11114	0.31002495
11115	0.30971128
11116	0.30942735
11117	0.30918670
11118	0.30900258
11119	0.30888760
11120	0.30885306
11121	0.30890849
11122	0.30906138
11123	0.30931672
11124	0.30967689
11125	0.31014132
11126	0.31070650
11127	0.31136599
11128	0.31211036
11129	0.31292745
11130	0.31380236
11131	0.31471795
11132	0.31565496
11133	0.31659272
11134	0.31750959
11135	0.31838357
11136	0.31919324
11137	0.31991839
11138	0.32054082
11139	0.32104522
11140	0.32141975
11141	0.32165658
11142	0.32175234
11143	0.32170814
11144	0.32152963
11145	0.32122660
11146	0.32081264
11147	0.32030430
11148	0.31972060
11149	0.31908175
11150	0.31840876
11151	0.31772241
11152	0.31704247
11153	0.31638727
11154	0.31577304
11155	0.31521374
11156	0.31472066
11157	0.31430253
11158	0.31396550
11159	0.31371310
11160	0.31354675
11161	0.31346551
11162	0.31346682
11163	0.31354645
11164	0.31369886
11165	0.31391746
11166	0.31419486
11167	0.31452292
11168	0.31489319
11169	0.31529686
11170	0.31572503
11171	0.31616873
11172	0.31661919
11173	0.31706792
11174	0.31750685
11175	0.31792849
11176	0.31832612
11177	0.31869379
11178	0.31902665
11179	0.31932077
11180	0.31957349
11181	0.31978312
11182	0.31994909
11183	0.32007203
11184	0.32015324
11185	0.32019496
11186	0.32020006
11187	0.32017177
11188	0.32011381
11189	0.32002985
11190	0.31992367
11191	0.31979895
11192	0.31965920
11193	0.31950772
11194	0.31934750
11195	0.31918147
11196	0.31901217
11197	0.31884202
11198	0.31867334
11199	0.31850821
11200	0.31834874
11201	0.31819695
11202	0.31805497
11203	0.31792501
11204	0.31780937
11205	0.31771076
11206	0.31763196
11207	0.31757605
11208	0.31754649
11209	0.31754676
11210	0.31758055
11211	0.31765145
11212	0.31776279
11213	0.31791759
11214	0.31811810
11215	0.31836587
11216	0.31866139
11217	0.31900394
11218	0.31939155
11219	0.31982085
11220	0.32028702
11221	0.32078379
11222	0.32130343
11223	0.32183698
11224	0.32237425
11225	0.32290399
11226	0.32341442
11227	0.32389310
11228	0.32432765
11229	0.32470581
11230	0.32501608
11231	0.32524785
11232	0.32539222
11233	0.32544193
11234	0.32539207
11235	0.32524031
11236	0.32498729
11237	0.32463649
11238	0.32419464
11239	0.32367155
11240	0.32307991
11241	0.32243499
11242	0.32175443
11243	0.32105744
11244	0.32036471
11245	0.31969744
11246	0.31907710
11247	0.31852496
11248	0.31806123
11249	0.31770521
11250	0.31747451
11251	0.31738496
11252	0.31745020
11253	0.31768146
11254	0.31808725
11255	0.31867310
11256	0.31944120
11257	0.32038996
11258	0.32151386
11259	0.32280311
11260	0.32424313
11261	0.32581493
11262	0.32749477
11263	0.32925469
11264	0.33106303
11265	0.33288556
11266	0.33468607
11267	0.33642876
11268	0.33807898
11269	0.33960524
11270	0.34098095
11271	0.34218511
11272	0.34320375
11273	0.34403023
11274	0.34466511
11275	0.34511593
11276	0.34539643
11277	0.34552577
11278	0.34552729
11279	0.34542772
11280	0.34525633
11281	0.34504411
11282	0.34482408
11283	0.34463078
11284	0.34450114
11285	0.34447575
11286	0.34459925
11287	0.34492382
11288	0.34551144
11289	0.34643757
11290	0.34779680
11291	0.34970969
11292	0.35233203
11293	0.35586852
11294	0.36059108
11295	0.36686575
11296	0.37519428
11297	0.38627419
11298	0.40110222
11299	0.42114091
11300	0.44863454
11301	0.48720467
11302	0.54314280
11303	0.62849319
11304	0.76975071
11305	1.03931713
11306	NaN
11307	NaN
11308	NaN
11309	NaN
11310	NaN
11311	NaN
11312	NaN
11313	NaN
11314	NaN
11315	NaN
11316	NaN
11317	NaN
11318	NaN
11319	NaN
11320	NaN
11321	NaN
11322	NaN
11323	NaN
11324	NaN
11325	NaN
11326	NaN
11327	NaN
11328	NaN
11329	NaN
11330	NaN
11331	NaN
11332	NaN
11333	NaN
11334	NaN
11335	NaN
11336	NaN
11337	NaN
11338	NaN
11339	NaN
11340	NaN
11341	NaN
11342	NaN
11343	NaN
11344	NaN
11345	NaN
11346	NaN
11347	NaN
11348	NaN
11349	NaN
11350	NaN
11351	NaN
11352	NaN
11353	NaN
11354	NaN
11355	NaN
11356	NaN
11357	NaN
11358	NaN
11359	NaN
11360	NaN
11361	NaN
11362	NaN
11363	NaN
11364	NaN
11365	NaN
11366	NaN
11367	NaN
11368	NaN
11369	NaN
11370	NaN
11371	NaN
11372	NaN
11373	NaN
11374	NaN
11375	NaN
11376	NaN
11377	NaN
11378	NaN
11379	NaN
11380	NaN
11381	NaN
11382	NaN
11383	NaN
11384	NaN
11385	NaN
11386	NaN
11387	NaN
11388	NaN
11389	NaN
11390	NaN
11391	NaN
11392	NaN
11393	NaN
11394	1.15525842
11395	0.70874661
11396	0.57525593
11397	0.51100022
11398	0.47323075
11399	0.44841844
11400	0.43092623
11401	0.41798389
11402	0.40806910
11403	0.40027463
11404	0.39402542
11405	0.38893893
11406	0.38475069
11407	0.38127217
11408	0.37836537
11409	0.37592748
11410	0.37388071
11411	0.37216514
11412	0.37073478
11413	0.36955366
11414	0.36859366
11415	0.36783284
11416	0.36725369
11417	0.36684239
11418	0.36658770
11419	0.36648011
11420	0.36651120
11421	0.36667323
11422	0.36695829
11423	0.36735788
11424	0.36786228
11425	0.36846021
11426	0.36913830
11427	0.36988077
11428	0.37066931
11429	0.37148291
11430	0.37229839
11431	0.37309048
11432	0.37383273
11433	0.37449864
11434	0.37506238
11435	0.37550050
11436	0.37579319
11437	0.37592530
11438	0.37588793
11439	0.37567878
11440	0.37530273
11441	0.37477201
11442	0.37410533
11443	0.37332737
11444	0.37246743
11445	0.37155795
11446	0.37063316
11447	0.36972719
11448	0.36887315
11449	0.36810136
11450	0.36743864
11451	0.36690748
11452	0.36652529
11453	0.36630416
11454	0.36625060
11455	0.36636549
11456	0.36664432
11457	0.36707726
11458	0.36764961
11459	0.36834234
11460	0.36913264
11461	0.36999473
11462	0.37090063
11463	0.37182131
11464	0.37272748
11465	0.37359074
11466	0.37438461
11467	0.37508562
11468	0.37567401
11469	0.37613449
11470	0.37645668
11471	0.37663555
11472	0.37667131
11473	0.37656909
11474	0.37633854
11475	0.37599322
11476	0.37554967
11477	0.37502673
11478	0.37444440
11479	0.37382329
11480	0.37318367
11481	0.37254483
11482	0.37192485
11483	0.37133989
11484	0.37080419
11485	0.37032983
11486	0.36992666
11487	0.36960244
11488	0.36936268
11489	0.36921093
11490	0.36914885
11491	0.36917630
11492	0.36929145
11493	0.36949101
11494	0.36977038
11495	0.37012371
11496	0.37054411
11497	0.37102386
11498	0.37155467
11499	0.37212762
11500	0.37273374
11501	0.37336394
11502	0.37400943
11503	0.37466177
11504	0.37531325
11505	0.37595671
11506	0.37658593
11507	0.37719530
11508	0.37778005
11509	0.37833604
11510	0.37885976
11511	0.37934804
11512	0.37979832
11513	0.38020810
11514	0.38057518
11515	0.38089752
11516	0.38117304
11517	0.38139990
11518	0.38157609
11519	0.38169998
11520	0.38176996
11521	0.38178477
11522	0.38174373
11523	0.38164669
11524	0.38149446
11525	0.38128883
11526	0.38103279
11527	0.38073054
11528	0.38038784
11529	0.38001189
11530	0.37961122
11531	0.37919596
11532	0.37877738
11533	0.37836799
11534	0.37798098
11535	0.37763026
11536	0.37732989
11537	0.37709379
11538	0.37693524
11539	0.37686667
11540	0.37689906
11541	0.37704161
11542	0.37730154
11543	0.37768367
11544	0.37819031
11545	0.37882096
11546	0.37957230
11547	0.38043809
11548	0.38140899
11549	0.38247266
11550	0.38361385
11551	0.38481441
11552	0.38605344
11553	0.38730773
11554	0.38855216
11555	0.38975999
11556	0.39090398
11557	0.39195678
11558	0.39289224
11559	0.39368603
11560	0.39431709
11561	0.39476842
11562	0.39502794
11563	0.39508945
11564	0.39495316
11565	0.39462584
11566	0.39412096
11567	0.39345828
11568	0.39266333
11569	0.39176655
11570	0.39080241
11571	0.38980803
11572	0.38882232
11573	0.38788471
11574	0.38703406
11575	0.38630769
11576	0.38574079
11577	0.38536510
11578	0.38520879
11579	0.38529578
11580	0.38564509
11581	0.38627058
11582	0.38718042
11583	0.38837683
11584	0.38985562
11585	0.39160582
11586	0.39360949
11587	0.39584166
11588	0.39827016
11589	0.40085605
11590	0.40355402
11591	0.40631339
11592	0.40907946
11593	0.41179520
11594	0.41440332
11595	0.41684848
11596	0.41908026
11597	0.42105523
11598	0.42273930
11599	0.42410994
11600	0.42515677
11601	0.42588279
11602	0.42630389
11603	0.42644817
11604	0.42635456
11605	0.42607176
11606	0.42565542
11607	0.42516744
11608	0.42467341
11609	0.42424202
11610	0.42394361
11611	0.42384976
11612	0.42403284
11613	0.42456546
11614	0.42552224
11615	0.42697933
11616	0.42901599
11617	0.43171588
11618	0.43516895
11619	0.43947431
11620	0.44474366
11621	0.45110500
11622	0.45871097
11623	0.46774438
11624	0.47843191
11625	0.49106118
11626	0.50600350
11627	0.52375513
11628	0.54499412
11629	0.57067943
11630	0.60221338
11631	0.64173132
11632	0.69265270
11633	0.76080084
11634	0.85694134
11635	1.00338495
11636	1.25502396
11637	1.79278493
11638	NaN
11639	NaN
11640	NaN
11641	NaN
11642	NaN
11643	NaN
11644	NaN
11645	NaN
11646	NaN
11647	NaN
11648	NaN
11649	NaN
11650	NaN
11651	NaN
11652	NaN
11653	NaN
11654	NaN
11655	NaN
11656	NaN
11657	NaN
11658	NaN
11659	NaN
11660	NaN
11661	NaN
11662	NaN
11663	NaN
11664	NaN
11665	NaN
11666	NaN
11667	NaN
11668	NaN
11669	NaN
11670	NaN
11671	NaN
11672	NaN
11673	NaN
11674	NaN
11675	NaN
11676	NaN
11677	NaN
11678	NaN
11679	NaN
11680	NaN
11681	NaN
11682	NaN
11683	NaN
11684	NaN
11685	NaN
11686	NaN
11687	NaN
11688	NaN
11689	NaN
11690	NaN
11691	NaN
11692	NaN
11693	NaN
11694	NaN
11695	NaN
11696	NaN
11697	NaN
11698	NaN
11699	NaN
11700	NaN
11701	NaN
11702	NaN
11703	NaN
11704	NaN
11705	NaN
11706	NaN
11707	NaN
11708	NaN
11709	NaN
11710	NaN
11711	NaN
11712	NaN
11713	NaN
11714	NaN
11715	NaN
11716	NaN
11717	NaN
11718	NaN
11719	NaN
11720	NaN
11721	NaN
11722	NaN
11723	NaN
11724	NaN
11725	NaN
11726	NaN
11727	NaN
11728	0.99492264
11729	0.55572784
11730	0.44403601
11731	0.39411366
11732	0.36646292
11733	0.34930870
11734	0.33790830
11735	0.32998294
11736	0.32430342
11737	0.32014847
11738	0.31706789
11739	0.31476691
11740	0.31304485
11741	0.31176087
11742	0.31081349
11743	0.31012812
11744	0.30964893
11745	0.30933338
11746	0.30914870
11747	0.30906945
11748	0.30907550
11749	0.30915087
11750	0.30928269
11751	0.30946043
11752	0.30967546
11753	0.30992031
11754	0.31018871
11755	0.31047499
11756	0.31077388
11757	0.31108046
11758	0.31138977
11759	0.31169674
11760	0.31199598
11761	0.31228173
11762	0.31254783
11763	0.31278759
11764	0.31299391
11765	0.31315953
11766	0.31327704
11767	0.31333935
11768	0.31334010
11769	0.31327406
11770	0.31313768
11771	0.31292939
11772	0.31265038
11773	0.31230459
11774	0.31189904
11775	0.31144401
11776	0.31095260
11777	0.31044054
11778	0.30992550
11779	0.30942643
11780	0.30896288
11781	0.30855405
11782	0.30821809
11783	0.30797139
11784	0.30782792
11785	0.30779889
11786	0.30789220
11787	0.30811217
11788	0.30845949
11789	0.30893090
11790	0.30951923
11791	0.31021348
11792	0.31099886
11793	0.31185707
11794	0.31276682
11795	0.31370410
11796	0.31464311
11797	0.31555679
11798	0.31641811
11799	0.31720093
11800	0.31788126
11801	0.31843823
11802	0.31885520
11803	0.31912047
11804	0.31922802
11805	0.31917754
11806	0.31897455
11807	0.31862974
11808	0.31815845
11809	0.31757954
11810	0.31691456
11811	0.31618646
11812	0.31541854
11813	0.31463373
11814	0.31385353
11815	0.31309772
11816	0.31238371
11817	0.31172645
11818	0.31113824
11819	0.31062871
11820	0.31020492
11821	0.30987144
11822	0.30963057
11823	0.30948240
11824	0.30942509
11825	0.30945495
11826	0.30956677
11827	0.30975381
11828	0.31000823
11829	0.31032109
11830	0.31068265
11831	0.31108266
11832	0.31151035
11833	0.31195509
11834	0.31240639
11835	0.31285420
11836	0.31328940
11837	0.31370384
11838	0.31409055
11839	0.31444398
11840	0.31476000
11841	0.31503576
11842	0.31526977
11843	0.31546175
11844	0.31561232
11845	0.31572300
11846	0.31579602
11847	0.31583393
11848	0.31583971
11849	0.31581646
11850	0.31576729
11851	0.31569517
11852	0.31560296
11853	0.31549326
11854	0.31536826
11855	0.31523004
11856	0.31508020
11857	0.31492025
11858	0.31475133
11859	0.31457457
11860	0.31439102
11861	0.31420186
11862	0.31400841
11863	0.31381238
11864	0.31361586
11865	0.31342143
11866	0.31323242
11867	0.31305262
11868	0.31288663
11869	0.31273952
11870	0.31261680
11871	0.31252435
11872	0.31246802
11873	0.31245360
11874	0.31248629
11875	0.31257069
11876	0.31271031
11877	0.31290767
11878	0.31316379
11879	0.31347829
11880	0.31384927
11881	0.31427300
11882	0.31474426
11883	0.31525618
11884	0.31580025
11885	0.31636643
11886	0.31694344
11887	0.31751880
11888	0.31807908
11889	0.31861034
11890	0.31909829
11891	0.31952891
11892	0.31988880
11893	0.32016563
11894	0.32034871
11895	0.32042947
11896	0.32040194
11897	0.32026309
11898	0.32001343
11899	0.31965694
11900	0.31920114
11901	0.31865737
11902	0.31804013
11903	0.31736708
11904	0.31665802
11905	0.31593496
11906	0.31522095
11907	0.31453970
11908	0.31391495
11909	0.31336987
11910	0.31292653
11911	0.31260535
11912	0.31242472
11913	0.31240055
11914	0.31254584
11915	0.31287020
11916	0.31337953
11917	0.31407544
11918	0.31495494
11919	0.31600994
11920	0.31722707
11921	0.31858736
11922	0.32006627
11923	0.32163373
11924	0.32325500
11925	0.32489097
11926	0.32649958
11927	0.32803711
11928	0.32946008
11929	0.33072695
11930	0.33180025
11931	0.33264831
11932	0.33324698
11933	0.33358067
11934	0.33364296
11935	0.33343649
11936	0.33297291
11937	0.33227140
11938	0.33135766
11939	0.33026263
11940	0.32902035
11941	0.32766744
11942	0.32624146
11943	0.32478011
11944	0.32332069
11945	0.32190016
11946	0.32055449
11947	0.31932005
11948	0.31823331
11949	0.31733233
11950	0.31665716
11951	0.31625205
11952	0.31616610
11953	0.31645519
11954	0.31718403
11955	0.31842697
11956	0.32027081
11957	0.32281521
11958	0.32617500
11959	0.33048165
11960	0.33588383
11961	0.34255046
11962	0.35067409
11963	0.36047626
11964	0.37222129
11965	0.38623568
11966	0.40294042
11967	0.42291048
11968	0.44696334
11969	0.47632191
11970	0.51289457
11971	0.55981767
11972	0.62257493
11973	0.71161139
11974	0.84943110
11975	1.09478199
11976	NaN
11977	NaN
11978	NaN
11979	NaN
11980	NaN
11981	NaN
11982	NaN
11983	NaN
11984	NaN
11985	NaN
11986	NaN
11987	NaN
11988	NaN
11989	NaN
11990	NaN
11991	NaN
11992	NaN
11993	NaN
11994	NaN
11995	NaN
11996	NaN
11997	NaN
11998	NaN
11999	NaN
12000	NaN
12001	NaN
12002	NaN
12003	NaN
12004	NaN
12005	NaN
12006	NaN
12007	NaN
12008	NaN
12009	NaN
12010	NaN
12011	NaN
12012	NaN
12013	NaN
12014	NaN
12015	NaN
12016	NaN
12017	NaN
12018	NaN
12019	NaN
12020	NaN
12021	NaN
12022	NaN
12023	NaN
12024	NaN
12025	NaN
12026	NaN
12027	NaN
12028	NaN
12029	NaN
12030	NaN
12031	NaN
12032	NaN
12033	NaN
12034	NaN
12035	NaN
12036	NaN
12037	NaN
12038	NaN
12039	NaN
12040	NaN
12041	NaN
12042	NaN
12043	NaN
12044	NaN
12045	NaN
12046	NaN
12047	NaN
12048	NaN
12049	NaN
12050	NaN
12051	NaN
12052	NaN
12053	NaN
12054	NaN
12055	NaN
12056	NaN
12057	NaN
12058	NaN
12059	1.09743917
12060	0.68716896
12061	0.55806482
12062	0.49534020
12063	0.45857897
12064	0.43463504
12065	0.41794944
12066	0.40576562
12067	0.39656055
12068	0.38942394
12069	0.38377854
12070	0.37924096
12071	0.37554696
12072	0.37250939
12073	0.36999232
12074	0.36789542
12075	0.36614349
12076	0.36467963
12077	0.36346054
12078	0.36245313
12079	0.36163205
12080	0.36097786
12081	0.36047596
12082	0.36011511
12083	0.35988685
12084	0.35978472
12085	0.35980371
12086	0.35993949
12087	0.36018804
12088	0.36054507
12089	0.36100534
12090	0.36156234
12091	0.36220735
12092	0.36292934
12093	0.36371431
12094	0.36454511
12095	0.36540130
12096	0.36625937
12097	0.36709327
12098	0.36787501
12099	0.36857596
12100	0.36916819
12101	0.36962605
12102	0.36992785
12103	0.37005752
12104	0.37000611
12105	0.36977267
12106	0.36936495
12107	0.36879921
12108	0.36809948
12109	0.36729658
12110	0.36642623
12111	0.36552724
12112	0.36463967
12113	0.36380285
12114	0.36305359
12115	0.36242506
12116	0.36194530
12117	0.36163670
12118	0.36151531
12119	0.36159047
12120	0.36186501
12121	0.36233488
12122	0.36298969
12123	0.36381298
12124	0.36478260
12125	0.36587140
12126	0.36704797
12127	0.36827758
12128	0.36952338
12129	0.37074733
12130	0.37191185
12131	0.37298134
12132	0.37392345
12133	0.37471050
12134	0.37532085
12135	0.37573963
12136	0.37595946
12137	0.37598059
12138	0.37581068
12139	0.37546393
12140	0.37496054
12141	0.37432510
12142	0.37358537
12143	0.37277102
12144	0.37191215
12145	0.37103826
12146	0.37017721
12147	0.36935461
12148	0.36859301
12149	0.36791193
12150	0.36732742
12151	0.36685213
12152	0.36649531
12153	0.36626306
12154	0.36615849
12155	0.36618176
12156	0.36633056
12157	0.36660004
12158	0.36698321
12159	0.36747110
12160	0.36805296
12161	0.36871648
12162	0.36944824
12163	0.37023386
12164	0.37105867
12165	0.37190780
12166	0.37276697
12167	0.37362275
12168	0.37446293
12169	0.37527692
12170	0.37605596
12171	0.37679321
12172	0.37748358
12173	0.37812400
12174	0.37871274
12175	0.37924954
12176	0.37973514
12177	0.38017082
12178	0.38055834
12179	0.38089943
12180	0.38119572
12181	0.38144851
12182	0.38165855
12183	0.38182625
12184	0.38195154
12185	0.38203388
12186	0.38207266
12187	0.38206702
12188	0.38201642
12189	0.38192049
12190	0.38177955
12191	0.38159469
12192	0.38136804
12193	0.38110286
12194	0.38080385
12195	0.38047713
12196	0.38013044
12197	0.37977311
12198	0.37941587
12199	0.37907076
12200	0.37875095
12201	0.37847036
12202	0.37824318
12203	0.37808353
12204	0.37800485
12205	0.37801960
12206	0.37813857
12207	0.37837061
12208	0.37872204
12209	0.37919661
12210	0.37979499
12211	0.38051468
12212	0.38134989
12213	0.38229153
12214	0.38332719
12215	0.38444108
12216	0.38561445
12217	0.38682568
12218	0.38805053
12219	0.38926268
12220	0.39043432
12221	0.39153665
12222	0.39254081
12223	0.39341879
12224	0.39414456
12225	0.39469501
12226	0.39505127
12227	0.39519951
12228	0.39513218
12229	0.39484832
12230	0.39435440
12231	0.39366397
12232	0.39279768
12233	0.39178249
12234	0.39065108
12235	0.38944030
12236	0.38819021
12237	0.38694277
12238	0.38574031
12239	0.38462442
12240	0.38363495
12241	0.38280880
12242	0.38217935
12243	0.38177571
12244	0.38162196
12245	0.38173711
12246	0.38213444
12247	0.38282117
12248	0.38379833
12249	0.38505989
12250	0.38659313
12251	0.38837782
12252	0.39038619
12253	0.39258307
12254	0.39492595
12255	0.39736575
12256	0.39984778
12257	0.40231329
12258	0.40470150
12259	0.40695179
12260	0.40900648
12261	0.41081372
12262	0.41232976
12263	0.41352138
12264	0.41436771
12265	0.41486079
12266	0.41500610
12267	0.41482186
12268	0.41433761
12269	0.41359288
12270	0.41263503
12271	0.41151714
12272	0.41029608
12273	0.40903091
12274	0.40778133
12275	0.40660653
12276	0.40556484
12277	0.40471247
12278	0.40410402
12279	0.40379173
12280	0.40382591
12281	0.40425459
12282	0.40512335
12283	0.40647542
12284	0.40835109
12285	0.41078714
12286	0.41381630
12287	0.41746664
12288	0.42176044
12289	0.42671451
12290	0.43233877
12291	0.43863884
12292	0.44561648
12293	0.45327362
12294	0.46161672
12295	0.47066316
12296	0.48045069
12297	0.49104691
12298	0.50256395
12299	0.51517487
12300	0.52913505
12301	0.54481471
12302	0.56274664
12303	0.58370000
12304	0.60880709
12305	0.63978565
12306	0.67936569
12307	0.73215574
12308	0.80659252
12309	0.92002660
12310	1.11472821
12311	1.52805018
12312	NaN
12313	NaN
12314	NaN
12315	NaN
12316	NaN
12317	NaN
12318	NaN
12319	NaN
12320	NaN
12321	NaN
12322	NaN
12323	NaN
12324	NaN
12325	NaN
12326	NaN
12327	NaN
12328	NaN
12329	NaN
12330	NaN
12331	NaN
12332	NaN
12333	NaN
12334	NaN
12335	NaN
12336	NaN
12337	NaN
12338	NaN
12339	NaN
12340	NaN
12341	NaN
12342	NaN
12343	NaN
12344	NaN
12345	NaN
12346	NaN
12347	NaN
12348	NaN
12349	NaN
12350	NaN
12351	NaN
12352	NaN
12353	NaN
12354	NaN
12355	NaN
12356	NaN
12357	NaN
12358	NaN
12359	NaN
12360	NaN
12361	NaN
12362	NaN
12363	NaN
12364	NaN
12365	NaN
12366	NaN
12367	NaN
12368	NaN
12369	NaN
12370	NaN
12371	NaN
12372	NaN
12373	NaN
12374	NaN
12375	NaN
12376	NaN
12377	NaN
12378	NaN
12379	NaN
12380	NaN
12381	NaN
12382	NaN
12383	NaN
12384	NaN
12385	NaN
12386	NaN
12387	NaN
12388	NaN
12389	NaN
12390	1.13456333
12391	0.52713203
12392	0.40997595
12393	0.36090094
12394	0.33436677
12395	0.31804544
12396	0.30720937
12397	0.29965374
12398	0.29421037
12399	0.29020166
12400	0.28720680
12401	0.28495052
12402	0.28324503
12403	0.28195786
12404	0.28099298
12405	0.28027907
12406	0.27976242
12407	0.27940169
12408	0.27916467
12409	0.27902612
12410	0.27896571
12411	0.27896714
12412	0.27901703
12413	0.27910417
12414	0.27921912
12415	0.27935359
12416	0.27950031
12417	0.27965239
12418	0.27980363
12419	0.27994785
12420	0.28007922
12421	0.28019199
12422	0.28028068
12423	0.28034008
12424	0.28036529
12425	0.28035185
12426	0.28029594
12427	0.28019446
12428	0.28004506
12429	0.27984655
12430	0.27959871
12431	0.27930284
12432	0.27896157
12433	0.27857900
12434	0.27816105
12435	0.27771500
12436	0.27724981
12437	0.27677569
12438	0.27630398
12439	0.27584675
12440	0.27541646
12441	0.27502549
12442	0.27468577
12443	0.27440825
12444	0.27420262
12445	0.27407715
12446	0.27403817
12447	0.27409032
12448	0.27423614
12449	0.27447635
12450	0.27480951
12451	0.27523217
12452	0.27573875
12453	0.27632162
12454	0.27697098
12455	0.27767473
12456	0.27841869
12457	0.27918664
12458	0.27996045
12459	0.28072056
12460	0.28144631
12461	0.28211683
12462	0.28271151
12463	0.28321120
12464	0.28359896
12465	0.28386101
12466	0.28398752
12467	0.28397331
12468	0.28381801
12469	0.28352636
12470	0.28310791
12471	0.28257632
12472	0.28194886
12473	0.28124535
12474	0.28048712
12475	0.27969617
12476	0.27889407
12477	0.27810121
12478	0.27733627
12479	0.27661553
12480	0.27595285
12481	0.27535933
12482	0.27484348
12483	0.27441114
12484	0.27406573
12485	0.27380851
12486	0.27363876
12487	0.27355400
12488	0.27355024
12489	0.27362216
12490	0.27376327
12491	0.27396625
12492	0.27422282
12493	0.27452412
12494	0.27486080
12495	0.27522320
12496	0.27560154
12497	0.27598614
12498	0.27636775
12499	0.27673757
12500	0.27708778
12501	0.27741140
12502	0.27770272
12503	0.27795711
12504	0.27817145
12505	0.27834353
12506	0.27847248
12507	0.27855840
12508	0.27860212
12509	0.27860525
12510	0.27856988
12511	0.27849838
12512	0.27839327
12513	0.27825731
12514	0.27809322
12515	0.27790368
12516	0.27769145
12517	0.27745926
12518	0.27720991
12519	0.27694631
12520	0.27667144
12521	0.27638850
12522	0.27610084
12523	0.27581203
12524	0.27552584
12525	0.27524617
12526	0.27497706
12527	0.27472264
12528	0.27448714
12529	0.27427465
12530	0.27408940
12531	0.27393541
12532	0.27381673
12533	0.27373710
12534	0.27370030
12535	0.27370957
12536	0.27376798
12537	0.27387804
12538	0.27404165
12539	0.27425995
12540	0.27453312
12541	0.27486038
12542	0.27523959
12543	0.27566743
12544	0.27613917
12545	0.27664858
12546	0.27718818
12547	0.27774891
12548	0.27832058
12549	0.27889195
12550	0.27945080
12551	0.27998427
12552	0.28047940
12553	0.28092316
12554	0.28130311
12555	0.28160781
12556	0.28182733
12557	0.28195348
12558	0.28198045
12559	0.28190500
12560	0.28172675
12561	0.28144839
12562	0.28107557
12563	0.28061697
12564	0.28008395
12565	0.27949053
12566	0.27885270
12567	0.27818811
12568	0.27751553
12569	0.27685434
12570	0.27622411
12571	0.27564389
12572	0.27513203
12573	0.27470556
12574	0.27438015
12575	0.27416953
12576	0.27408558
12577	0.27413785
12578	0.27433357
12579	0.27467743
12580	0.27517110
12581	0.27581334
12582	0.27659938
12583	0.27752090
12584	0.27856568
12585	0.27971748
12586	0.28095594
12587	0.28225684
12588	0.28359255
12589	0.28493229
12590	0.28624353
12591	0.28749251
12592	0.28864637
12593	0.28967389
12594	0.29054725
12595	0.29124346
12596	0.29174551
12597	0.29204300
12598	0.29213277
12599	0.29201856
12600	0.29171094
12601	0.29122645
12602	0.29058623
12603	0.28981569
12604	0.28894261
12605	0.28799698
12606	0.28700969
12607	0.28601241
12608	0.28503713
12609	0.28411624
12610	0.28328270
12611	0.28257069
12612	0.28201604
12613	0.28165701
12614	0.28153539
12615	0.28169712
12616	0.28219375
12617	0.28308237
12618	0.28442714
12619	0.28629926
12620	0.28877750
12621	0.29194841
12622	0.29590574
12623	0.30075148
12624	0.30659586
12625	0.31355950
12626	0.32177737
12627	0.33140597
12628	0.34263626
12629	0.35571432
12630	0.37097296
12631	0.38888410
12632	0.41013467
12633	0.43576902
12634	0.46742514
12635	0.50779623
12636	0.56159294
12637	0.63778567
12638	0.75575030
12639	0.96633422
12640	1.45914650
12641	NaN
12642	NaN
12643	NaN
12644	NaN
12645	NaN
12646	NaN
12647	NaN
12648	NaN
12649	NaN
12650	NaN
12651	NaN
12652	NaN
12653	NaN
12654	NaN
12655	NaN
12656	NaN
12657	NaN
12658	NaN
12659	NaN
12660	NaN
12661	NaN
12662	NaN
12663	NaN
12664	NaN
12665	NaN
12666	NaN
12667	NaN
12668	NaN
12669	NaN
12670	NaN
12671	NaN
12672	NaN
12673	NaN
12674	NaN
12675	NaN
12676	NaN
12677	NaN
12678	NaN
12679	NaN
12680	NaN
12681	NaN
12682	NaN
12683	NaN
12684	NaN
12685	NaN
12686	NaN
12687	NaN
12688	NaN
12689	NaN
12690	NaN
12691	NaN
12692	NaN
12693	NaN
12694	NaN
12695	NaN
12696	NaN
12697	NaN
12698	NaN
12699	NaN
12700	NaN
12701	NaN
12702	NaN
12703	NaN
12704	NaN
12705	NaN
12706	NaN
12707	NaN
12708	NaN
12709	NaN
12710	NaN
12711	0.85438395
12712	0.59247375
12713	0.50229955
12714	0.45618021
12715	0.42792231
12716	0.40870076
12717	0.39470968
12718	0.38403586
12719	0.37561145
12720	0.36879203
12721	0.36316508
12722	0.35845330
12723	0.35446331
12724	0.35105568
12725	0.34812772
12726	0.34560180
12727	0.34341863
12728	0.34153214
12729	0.33990616
12730	0.33851221
12731	0.33732766
12732	0.33633435
12733	0.33551762
12734	0.33486554
12735	0.33436814
12736	0.33401698
12737	0.33380455
12738	0.33372375
12739	0.33376777
12740	0.33392936
12741	0.33420056
12742	0.33457235
12743	0.33503440
12744	0.33557460
12745	0.33617899
12746	0.33683181
12747	0.33751538
12748	0.33821043
12749	0.33889666
12750	0.33955324
12751	0.34015957
12752	0.34069636
12753	0.34114635
12754	0.34149539
12755	0.34173331
12756	0.34185445
12757	0.34185818
12758	0.34174892
12759	0.34153607
12760	0.34123340
12761	0.34085837
12762	0.34043133
12763	0.33997419
12764	0.33950967
12765	0.33906010
12766	0.33864671
12767	0.33828852
12768	0.33800203
12769	0.33780053
12770	0.33769390
12771	0.33768827
12772	0.33778602
12773	0.33798599
12774	0.33828333
12775	0.33866993
12776	0.33913463
12777	0.33966371
12778	0.34024119
12779	0.34084949
12780	0.34146979
12781	0.34208301
12782	0.34267008
12783	0.34321293
12784	0.34369498
12785	0.34410185
12786	0.34442186
12787	0.34464642
12788	0.34477037
12789	0.34479201
12790	0.34471318
12791	0.34453890
12792	0.34427711
12793	0.34393826
12794	0.34353468
12795	0.34308016
12796	0.34258926
12797	0.34207687
12798	0.34155777
12799	0.34104607
12800	0.34055510
12801	0.34009701
12802	0.33968246
12803	0.33932084
12804	0.33901986
12805	0.33878583
12806	0.33862346
12807	0.33853623
12808	0.33852619
12809	0.33859423
12810	0.33874017
12811	0.33896270
12812	0.33925956
12813	0.33962759
12814	0.34006274
12815	0.34056005
12816	0.34111384
12817	0.34171754
12818	0.34236413
12819	0.34304580
12820	0.34375435
12821	0.34448108
12822	0.34521714
12823	0.34595340
12824	0.34668082
12825	0.34739032
12826	0.34807330
12827	0.34872139
12828	0.34932676
12829	0.34988227
12830	0.35038149
12831	0.35081884
12832	0.35118967
12833	0.35149041
12834	0.35171846
12835	0.35187244
12836	0.35195225
12837	0.35195896
12838	0.35189500
12839	0.35176420
12840	0.35157156
12841	0.35132346
12842	0.35102752
12843	0.35069245
12844	0.35032800
12845	0.34994474
12846	0.34955418
12847	0.34916809
12848	0.34879890
12849	0.34845892
12850	0.34816048
12851	0.34791544
12852	0.34773502
12853	0.34762934
12854	0.34760737
12855	0.34767640
12856	0.34784201
12857	0.34810767
12858	0.34847477
12859	0.34894246
12860	0.34950748
12861	0.35016441
12862	0.35090554
12863	0.35172102
12864	0.35259914
12865	0.35352638
12866	0.35448784
12867	0.35546732
12868	0.35644794
12869	0.35741225
12870	0.35834277
12871	0.35922235
12872	0.36003464
12873	0.36076453
12874	0.36139858
12875	0.36192542
12876	0.36233631
12877	0.36262524
12878	0.36278951
12879	0.36282972
12880	0.36275005
12881	0.36255834
12882	0.36226580
12883	0.36188713
12884	0.36143991
12885	0.36094430
12886	0.36042255
12887	0.35989830
12888	0.35939601
12889	0.35894033
12890	0.35855520
12891	0.35826346
12892	0.35808611
12893	0.35804173
12894	0.35814610
12895	0.35841170
12896	0.35884726
12897	0.35945800
12898	0.36024457
12899	0.36120388
12900	0.36232811
12901	0.36360532
12902	0.36501917
12903	0.36654916
12904	0.36817095
12905	0.36985677
12906	0.37157619
12907	0.37329671
12908	0.37498480
12909	0.37660751
12910	0.37813324
12911	0.37953329
12912	0.38078350
12913	0.38186508
12914	0.38276613
12915	0.38348189
12916	0.38401583
12917	0.38437939
12918	0.38459155
12919	0.38467866
12920	0.38467339
12921	0.38461334
12922	0.38454044
12923	0.38449901
12924	0.38453516
12925	0.38469547
12926	0.38502553
12927	0.38557014
12928	0.38637161
12929	0.38747001
12930	0.38890231
12931	0.39070198
12932	0.39289933
12933	0.39552021
12934	0.39858678
12935	0.40211615
12936	0.40612075
12937	0.41060743
12938	0.41557798
12939	0.42102849
12940	0.42695096
12941	0.43333313
12942	0.44016203
12943	0.44742632
12944	0.45512119
12945	0.46325448
12946	0.47185248
12947	0.48097241
12948	0.49071258
12949	0.50122941
12950	0.51275879
12951	0.52564919
12952	0.54040927
12953	0.55779105
12954	0.57892555
12955	0.60558361
12956	0.64068729
12957	0.68941402
12958	0.76192296
12959	0.88124865
12960	1.11337185
12961	NaN
12962	NaN
12963	NaN
12964	NaN
12965	NaN
12966	NaN
12967	NaN
12968	NaN
12969	NaN
12970	NaN
12971	NaN
12972	NaN
12973	NaN
12974	NaN
12975	NaN
12976	NaN
12977	NaN
12978	NaN
12979	NaN
12980	NaN
12981	NaN
12982	NaN
12983	NaN
12984	NaN
12985	NaN
12986	NaN
12987	NaN
12988	NaN
12989	NaN
12990	NaN
12991	NaN
12992	NaN
12993	NaN
12994	NaN
12995	NaN
12996	NaN
12997	NaN
12998	NaN
12999	NaN
13000	NaN
13001	NaN
13002	NaN
13003	NaN
13004	NaN
13005	NaN
13006	NaN
13007	NaN
13008	NaN
13009	NaN
13010	NaN
13011	NaN
13012	NaN
13013	NaN
13014	NaN
13015	NaN
13016	NaN
13017	NaN
13018	NaN
13019	NaN
13020	NaN
13021	NaN
13022	NaN
13023	NaN
13024	NaN
13025	NaN
13026	NaN
13027	NaN
13028	NaN
13029	NaN
13030	NaN
13031	NaN
13032	NaN
13033	NaN
13034	NaN
13035	NaN
13036	NaN
13037	NaN
13038	NaN
13039	NaN
13040	NaN
13041	NaN
13042	NaN
13043	NaN
13044	NaN
13045	NaN
13046	0.85864824
13047	0.42897230
13048	0.34840760
13049	0.31550160
13050	0.29822063
13051	0.28793624
13052	0.28135440
13053	0.27694726
13054	0.27391136
13055	0.27178538
13056	0.27028650
13057	0.26923293
13058	0.26850301
13059	0.26801300
13060	0.26770380
13061	0.26753297
13062	0.26746938
13063	0.26749021
13064	0.26757807
13065	0.26771992
13066	0.26790562
13067	0.26812696
13068	0.26837736
13069	0.26865095
13070	0.26894251
13071	0.26924694
13072	0.26955912
13073	0.26987353
13074	0.27018434
13075	0.27048513
13076	0.27076882
13077	0.27102771
13078	0.27125359
13079	0.27143756
13080	0.27157050
13081	0.27164316
13082	0.27164650
13083	0.27157211
13084	0.27141264
13085	0.27116257
13086	0.27081868
13087	0.27038065
13088	0.26985174
13089	0.26923928
13090	0.26855457
13091	0.26781338
13092	0.26703513
13093	0.26624250
13094	0.26546052
13095	0.26471519
13096	0.26403254
13097	0.26343718
13098	0.26295131
13099	0.26259401
13100	0.26238051
13101	0.26232195
13102	0.26242524
13103	0.26269326
13104	0.26312500
13105	0.26371568
13106	0.26445702
13107	0.26533732
13108	0.26634181
13109	0.26745239
13110	0.26864800
13111	0.26990458
13112	0.27119538
13113	0.27249122
13114	0.27376100
13115	0.27497268
13116	0.27609384
13117	0.27709323
13118	0.27794191
13119	0.27861488
13120	0.27909219
13121	0.27936050
13122	0.27941379
13123	0.27925384
13124	0.27889031
13125	0.27834016
13126	0.27762654
13127	0.27677754
13128	0.27582440
13129	0.27479991
13130	0.27373692
13131	0.27266678
13132	0.27161837
13133	0.27061728
13134	0.26968545
13135	0.26884076
13136	0.26809728
13137	0.26746529
13138	0.26695162
13139	0.26655990
13140	0.26629102
13141	0.26614329
13142	0.26611286
13143	0.26619387
13144	0.26637873
13145	0.26665825
13146	0.26702192
13147	0.26745802
13148	0.26795372
13149	0.26849562
13150	0.26906976
13151	0.26966205
13152	0.27025872
13153	0.27084681
13154	0.27141419
13155	0.27195039
13156	0.27244669
13157	0.27289626
13158	0.27329418
13159	0.27363762
13160	0.27392545
13161	0.27415806
13162	0.27433708
13163	0.27446496
13164	0.27454481
13165	0.27457988
13166	0.27457356
13167	0.27452910
13168	0.27444953
13169	0.27433771
13170	0.27419633
13171	0.27402785
13172	0.27383491
13173	0.27362013
13174	0.27338624
13175	0.27313638
13176	0.27287379
13177	0.27260223
13178	0.27232561
13179	0.27204818
13180	0.27177426
13181	0.27150860
13182	0.27125591
13183	0.27102119
13184	0.27080938
13185	0.27062574
13186	0.27047551
13187	0.27036405
13188	0.27029684
13189	0.27027914
13190	0.27031618
13191	0.27041277
13192	0.27057311
13193	0.27080074
13194	0.27109793
13195	0.27146584
13196	0.27190405
13197	0.27241042
13198	0.27298111
13199	0.27361014
13200	0.27428982
13201	0.27501035
13202	0.27576002
13203	0.27652550
13204	0.27729151
13205	0.27804154
13206	0.27875796
13207	0.27942213
13208	0.28001541
13209	0.28051916
13210	0.28091592
13211	0.28118986
13212	0.28132758
13213	0.28131908
13214	0.28115836
13215	0.28084415
13216	0.28037995
13217	0.27977461
13218	0.27904189
13219	0.27820012
13220	0.27727154
13221	0.27628154
13222	0.27525747
13223	0.27422813
13224	0.27322251
13225	0.27226916
13226	0.27139553
13227	0.27062729
13228	0.26998812
13229	0.26949924
13230	0.26917922
13231	0.26904404
13232	0.26910648
13233	0.26937619
13234	0.26985931
13235	0.27055809
13236	0.27147031
13237	0.27258879
13238	0.27390057
13239	0.27538648
13240	0.27702048
13241	0.27876943
13242	0.28059298
13243	0.28244436
13244	0.28427118
13245	0.28601745
13246	0.28762588
13247	0.28904095
13248	0.29021183
13249	0.29109579
13250	0.29166058
13251	0.29188645
13252	0.29176718
13253	0.29130933
13254	0.29053181
13255	0.28946337
13256	0.28814071
13257	0.28660566
13258	0.28490317
13259	0.28307950
13260	0.28118074
13261	0.27925202
13262	0.27733755
13263	0.27548045
13264	0.27372393
13265	0.27211207
13266	0.27069134
13267	0.26951227
13268	0.26863089
13269	0.26811144
13270	0.26802769
13271	0.26846492
13272	0.26952142
13273	0.27130848
13274	0.27395076
13275	0.27758220
13276	0.28234252
13277	0.28836873
13278	0.29578650
13279	0.30469775
13280	0.31517440
13281	0.32725272
13282	0.34093961
13283	0.35623017
13284	0.37313783
13285	0.39173734
13286	0.41221675
13287	0.43495095
13288	0.46059266
13289	0.49022037
13290	0.52558976
13291	0.56962007
13292	0.62743127
13293	0.70879686
13294	0.83494532
13295	1.06238616
13296	1.60871267
13297	NaN
13298	NaN
13299	NaN
13300	NaN
13301	NaN
13302	NaN
13303	NaN
13304	NaN
13305	NaN
13306	NaN
13307	NaN
13308	NaN
13309	NaN
13310	NaN
13311	NaN
13312	NaN
13313	NaN
13314	NaN
13315	NaN
13316	NaN
13317	NaN
13318	NaN
13319	NaN
13320	NaN
13321	NaN
13322	NaN
13323	NaN
13324	NaN
13325	NaN
13326	NaN
13327	NaN
13328	NaN
13329	NaN
13330	NaN
13331	NaN
13332	NaN
13333	NaN
13334	NaN
13335	NaN
13336	NaN
13337	NaN
13338	NaN
13339	NaN
13340	NaN
13341	NaN
13342	NaN
13343	NaN
13344	NaN
13345	NaN
13346	NaN
13347	NaN
13348	NaN
13349	NaN
13350	NaN
13351	NaN
13352	NaN
13353	NaN
13354	NaN
13355	NaN
13356	NaN
13357	NaN
13358	NaN
13359	NaN
13360	NaN
13361	NaN
13362	NaN
13363	NaN
13364	NaN
13365	NaN
13366	NaN
13367	NaN
13368	NaN
13369	NaN
13370	NaN
13371	NaN
13372	NaN
13373	NaN
13374	NaN
13375	NaN
13376	NaN
13377	NaN
13378	0.83223528
13379	0.54942930
13380	0.45650178
13381	0.41085199
13382	0.38406742
13383	0.36668798
13384	0.35466063
13385	0.34595767
13386	0.33945227
13387	0.33446831
13388	0.33057573
13389	0.32748860
13390	0.32501003
13391	0.32300070
13392	0.32135987
13393	0.32001361
13394	0.31890708
13395	0.31799945
13396	0.31726006
13397	0.31666625
13398	0.31620115
13399	0.31585249
13400	0.31561130
13401	0.31547117
13402	0.31542730
13403	0.31547624
13404	0.31561473
13405	0.31583968
13406	0.31614736
13407	0.31653303
13408	0.31699055
13409	0.31751209
13410	0.31808773
13411	0.31870532
13412	0.31935060
13413	0.32000718
13414	0.32065681
13415	0.32127997
13416	0.32185638
13417	0.32236594
13418	0.32278940
13419	0.32310957
13420	0.32331222
13421	0.32338697
13422	0.32332805
13423	0.32313487
13424	0.32281211
13425	0.32236990
13426	0.32182321
13427	0.32119122
13428	0.32049650
13429	0.31976384
13430	0.31901929
13431	0.31828892
13432	0.31759790
13433	0.31696957
13434	0.31642470
13435	0.31598097
13436	0.31565249
13437	0.31544957
13438	0.31537855
13439	0.31544173
13440	0.31563744
13441	0.31596020
13442	0.31640083
13443	0.31694677
13444	0.31758255
13445	0.31828991
13446	0.31904861
13447	0.31983677
13448	0.32063162
13449	0.32141018
13450	0.32215005
13451	0.32282999
13452	0.32343093
13453	0.32393646
13454	0.32433352
13455	0.32461286
13456	0.32476929
13457	0.32480177
13458	0.32471335
13459	0.32451081
13460	0.32420427
13461	0.32380661
13462	0.32333282
13463	0.32279935
13464	0.32222348
13465	0.32162273
13466	0.32101426
13467	0.32041457
13468	0.31983906
13469	0.31930190
13470	0.31881574
13471	0.31839174
13472	0.31803957
13473	0.31776735
13474	0.31758171
13475	0.31748781
13476	0.31748939
13477	0.31758872
13478	0.31778651
13479	0.31808197
13480	0.31847268
13481	0.31895459
13482	0.31952196
13483	0.32016751
13484	0.32088256
13485	0.32165706
13486	0.32247990
13487	0.32333916
13488	0.32422236
13489	0.32511675
13490	0.32600945
13491	0.32688791
13492	0.32773989
13493	0.32855380
13494	0.32931888
13495	0.33002523
13496	0.33066401
13497	0.33122748
13498	0.33170918
13499	0.33210394
13500	0.33240795
13501	0.33261883
13502	0.33273572
13503	0.33275917
13504	0.33269125
13505	0.33253554
13506	0.33229703
13507	0.33198205
13508	0.33159825
13509	0.33115458
13510	0.33066094
13511	0.33012837
13512	0.32956871
13513	0.32899460
13514	0.32841933
13515	0.32785666
13516	0.32732052
13517	0.32682508
13518	0.32638422
13519	0.32601148
13520	0.32571965
13521	0.32552043
13522	0.32542419
13523	0.32543966
13524	0.32557359
13525	0.32583070
13526	0.32621318
13527	0.32672071
13528	0.32735050
13529	0.32809699
13530	0.32895190
13531	0.32990438
13532	0.33094108
13533	0.33204597
13534	0.33320120
13535	0.33438656
13536	0.33558044
13537	0.33675992
13538	0.33790123
13539	0.33898038
13540	0.33997375
13541	0.34085876
13542	0.34161463
13543	0.34222314
13544	0.34266919
13545	0.34294194
13546	0.34303516
13547	0.34294766
13548	0.34268385
13549	0.34225360
13550	0.34167233
13551	0.34096038
13552	0.34014279
13553	0.33924827
13554	0.33830836
13555	0.33735660
13556	0.33642736
13557	0.33555505
13558	0.33477315
13559	0.33411327
13560	0.33360472
13561	0.33327371
13562	0.33314267
13563	0.33323026
13564	0.33355045
13565	0.33411255
13566	0.33492070
13567	0.33597347
13568	0.33726376
13569	0.33877835
13570	0.34049788
13571	0.34239671
13572	0.34444320
13573	0.34659982
13574	0.34882426
13575	0.35107011
13576	0.35328844
13577	0.35542941
13578	0.35744432
13579	0.35928771
13580	0.36091939
13581	0.36230671
13582	0.36342573
13583	0.36426285
13584	0.36481524
13585	0.36509082
13586	0.36510822
13587	0.36489531
13588	0.36448824
13589	0.36392984
13590	0.36326802
13591	0.36255434
13592	0.36184290
13593	0.36118877
13594	0.36064759
13595	0.36027440
13596	0.36012399
13597	0.36024997
13598	0.36070520
13599	0.36154169
13600	0.36281052
13601	0.36456233
13602	0.36684701
13603	0.36971402
13604	0.37321240
13605	0.37739044
13606	0.38229629
13607	0.38797820
13608	0.39448425
13609	0.40186617
13610	0.41017935
13611	0.41948932
13612	0.42987823
13613	0.44145393
13614	0.45436648
13615	0.46882990
13616	0.48515272
13617	0.50378519
13618	0.52539283
13619	0.55097491
13620	0.58207184
13621	0.62114686
13622	0.67236167
13623	0.74328411
13624	0.84924221
13625	1.02663076
13626	1.38806736
13627	NaN
13628	NaN
13629	NaN
13630	NaN
13631	NaN
13632	NaN
13633	NaN
13634	NaN
13635	NaN
13636	NaN
13637	NaN
13638	NaN
13639	NaN
13640	NaN
13641	NaN
13642	NaN
13643	NaN
13644	NaN
13645	NaN
13646	NaN
13647	NaN
13648	NaN
13649	NaN
13650	NaN
13651	NaN
13652	NaN
13653	NaN
13654	NaN
13655	NaN
13656	NaN
13657	NaN
13658	NaN
13659	NaN
13660	NaN
13661	NaN
13662	NaN
13663	NaN
13664	NaN
13665	NaN
13666	NaN
13667	NaN
13668	NaN
13669	NaN
13670	NaN
13671	NaN
13672	NaN
13673	NaN
13674	NaN
13675	NaN
13676	NaN
13677	NaN
13678	NaN
13679	NaN
13680	NaN
13681	NaN
13682	NaN
13683	NaN
13684	NaN
13685	NaN
13686	NaN
13687	NaN
13688	NaN
13689	NaN
13690	NaN
13691	NaN
13692	NaN
13693	NaN
13694	NaN
13695	NaN
13696	NaN
13697	NaN
13698	NaN
13699	NaN
13700	NaN
13701	NaN
13702	NaN
13703	NaN
13704	NaN
13705	NaN
13706	NaN
13707	NaN
13708	NaN
13709	NaN
13710	NaN
13711	NaN
13712	0.69308108
13713	0.43270338
13714	0.35625690
13715	0.32066908
13716	0.30068523
13717	0.28829247
13718	0.28014761
13719	0.27460709
13720	0.27076739
13721	0.26809105
13722	0.26623783
13723	0.26498219
13724	0.26416886
13725	0.26368761
13726	0.26345828
13727	0.26342127
13728	0.26353154
13729	0.26375464
13730	0.26406378
13731	0.26443794
13732	0.26486057
13733	0.26531827
13734	0.26580033
13735	0.26629791
13736	0.26680359
13737	0.26731110
13738	0.26781482
13739	0.26830956
13740	0.26879054
13741	0.26925299
13742	0.26969209
13743	0.27010316
13744	0.27048123
13745	0.27082139
13746	0.27111873
13747	0.27136853
13748	0.27156621
13749	0.27170795
13750	0.27179047
13751	0.27181163
13752	0.27177054
13753	0.27166787
13754	0.27150607
13755	0.27128956
13756	0.27102479
13757	0.27072033
13758	0.27038670
13759	0.27003619
13760	0.26968259
13761	0.26934052
13762	0.26902521
13763	0.26875168
13764	0.26853418
13765	0.26838571
13766	0.26831737
13767	0.26833808
13768	0.26845425
13769	0.26866949
13770	0.26898459
13771	0.26939744
13772	0.26990309
13773	0.27049398
13774	0.27115983
13775	0.27188817
13776	0.27266419
13777	0.27347130
13778	0.27429143
13779	0.27510539
13780	0.27589339
13781	0.27663580
13782	0.27731356
13783	0.27790913
13784	0.27840713
13785	0.27879506
13786	0.27906385
13787	0.27920845
13788	0.27922794
13789	0.27912563
13790	0.27890888
13791	0.27858871
13792	0.27817920
13793	0.27769661
13794	0.27715871
13795	0.27658388
13796	0.27599040
13797	0.27539551
13798	0.27481520
13799	0.27426338
13800	0.27375188
13801	0.27329016
13802	0.27288529
13803	0.27254203
13804	0.27226296
13805	0.27204874
13806	0.27189833
13807	0.27180916
13808	0.27177760
13809	0.27179909
13810	0.27186844
13811	0.27198008
13812	0.27212822
13813	0.27230722
13814	0.27251145
13815	0.27273563
13816	0.27297476
13817	0.27322420
13818	0.27347982
13819	0.27373788
13820	0.27399501
13821	0.27424842
13822	0.27449554
13823	0.27473429
13824	0.27496284
13825	0.27517959
13826	0.27538314
13827	0.27557233
13828	0.27574602
13829	0.27590311
13830	0.27604255
13831	0.27616337
13832	0.27626452
13833	0.27634498
13834	0.27640381
13835	0.27644020
13836	0.27645344
13837	0.27644303
13838	0.27640876
13839	0.27635077
13840	0.27626947
13841	0.27616572
13842	0.27604091
13843	0.27589667
13844	0.27573523
13845	0.27555916
13846	0.27537149
13847	0.27517575
13848	0.27497584
13849	0.27477616
13850	0.27458170
13851	0.27439776
13852	0.27423021
13853	0.27408519
13854	0.27396917
13855	0.27388868
13856	0.27385014
13857	0.27385968
13858	0.27392286
13859	0.27404448
13860	0.27422827
13861	0.27447686
13862	0.27479136
13863	0.27517137
13864	0.27561474
13865	0.27611768
13866	0.27667460
13867	0.27727816
13868	0.27791920
13869	0.27858707
13870	0.27926967
13871	0.27995354
13872	0.28062424
13873	0.28126678
13874	0.28186566
13875	0.28240559
13876	0.28287178
13877	0.28325066
13878	0.28353012
13879	0.28370032
13880	0.28375399
13881	0.28368691
13882	0.28349826
13883	0.28319073
13884	0.28277081
13885	0.28224859
13886	0.28163746
13887	0.28095406
13888	0.28021756
13889	0.27944931
13890	0.27867222
13891	0.27791023
13892	0.27718756
13893	0.27652839
13894	0.27595609
13895	0.27549300
13896	0.27515972
13897	0.27497494
13898	0.27495506
13899	0.27511373
13900	0.27546158
13901	0.27600586
13902	0.27674994
13903	0.27769306
13904	0.27882963
13905	0.28014898
13906	0.28163505
13907	0.28326592
13908	0.28501400
13909	0.28684613
13910	0.28872421
13911	0.29060611
13912	0.29244715
13913	0.29420152
13914	0.29582438
13915	0.29727376
13916	0.29851276
13917	0.29951093
13918	0.30024570
13919	0.30070326
13920	0.30087873
13921	0.30077571
13922	0.30040553
13923	0.29978657
13924	0.29894254
13925	0.29790172
13926	0.29669580
13927	0.29535860
13928	0.29392636
13929	0.29243711
13930	0.29093072
13931	0.28944981
13932	0.28804055
13933	0.28675395
13934	0.28564811
13935	0.28478995
13936	0.28425911
13937	0.28415060
13938	0.28458053
13939	0.28569132
13940	0.28765818
13941	0.29069784
13942	0.29507890
13943	0.30113426
13944	0.30927697
13945	0.32002100
13946	0.33401331
13947	0.35208163
13948	0.37531474
13949	0.40520522
13950	0.44390300
13951	0.49472067
13952	0.56314993
13953	0.65916789
13954	0.80313873
13955	1.04407859
13956	NaN
13957	NaN
13958	NaN
13959	NaN
13960	NaN
13961	NaN
13962	NaN
13963	NaN
13964	NaN
13965	NaN
13966	NaN
13967	NaN
13968	NaN
13969	NaN
13970	NaN
13971	NaN
13972	NaN
13973	NaN
13974	NaN
13975	NaN
13976	NaN
13977	NaN
13978	NaN
13979	NaN
13980	NaN
13981	NaN
13982	NaN
13983	NaN
13984	NaN
13985	NaN
13986	NaN
13987	NaN
13988	NaN
13989	NaN
13990	NaN
13991	NaN
13992	NaN
13993	NaN
13994	NaN
13995	NaN
13996	NaN
13997	NaN
13998	NaN
13999	NaN
14000	NaN
14001	NaN
14002	NaN
14003	NaN
14004	NaN
14005	NaN
14006	NaN
14007	NaN
14008	NaN
14009	NaN
14010	NaN
14011	NaN
14012	NaN
14013	NaN
14014	NaN
14015	NaN
14016	NaN
14017	NaN
14018	NaN
14019	NaN
14020	NaN
14021	NaN
14022	NaN
14023	NaN
14024	NaN
14025	NaN
14026	NaN
14027	NaN
14028	NaN
14029	NaN
14030	NaN
14031	NaN
14032	NaN
14033	NaN
14034	NaN
14035	NaN
14036	NaN
14037	NaN
14038	NaN
14039	NaN
14040	2.18426418
14041	0.83380872
14042	0.60980964
14043	0.51817405
14044	0.46866921
14045	0.43790212
14046	0.41709566
14047	0.40221250
14048	0.39113578
14049	0.38264742
14050	0.37599689
14051	0.37069654
14052	0.36641613
14053	0.36292446
14054	0.36005530
14055	0.35768649
14056	0.35572690
14057	0.35410756
14058	0.35277566
14059	0.35169086
14060	0.35082170
14061	0.35014397
14062	0.34963876
14063	0.34929124
14064	0.34908950
14065	0.34902388
14066	0.34908590
14067	0.34926781
14068	0.34956193
14069	0.34995994
14070	0.35045254
14071	0.35102889
14072	0.35167629
14073	0.35237989
14074	0.35312268
14075	0.35388535
14076	0.35464668
14077	0.35538396
14078	0.35607377
14079	0.35669264
14080	0.35721835
14081	0.35763076
14082	0.35791314
14083	0.35805303
14084	0.35804310
14085	0.35788172
14086	0.35757321
14087	0.35712755
14088	0.35656011
14089	0.35589096
14090	0.35514364
14091	0.35434440
14092	0.35352072
14093	0.35270032
14094	0.35191017
14095	0.35117546
14096	0.35051876
14097	0.34995961
14098	0.34951389
14099	0.34919342
14100	0.34900615
14101	0.34895563
14102	0.34904134
14103	0.34925875
14104	0.34959951
14105	0.35005173
14106	0.35060030
14107	0.35122752
14108	0.35191333
14109	0.35263622
14110	0.35337377
14111	0.35410324
14112	0.35480255
14113	0.35545099
14114	0.35602987
14115	0.35652325
14116	0.35691842
14117	0.35720637
14118	0.35738185
14119	0.35744345
14120	0.35739359
14121	0.35723802
14122	0.35698545
14123	0.35664710
14124	0.35623604
14125	0.35576671
14126	0.35525429
14127	0.35471424
14128	0.35416192
14129	0.35361204
14130	0.35307851
14131	0.35257426
14132	0.35211089
14133	0.35169876
14134	0.35134682
14135	0.35106266
14136	0.35085243
14137	0.35072094
14138	0.35067171
14139	0.35070688
14140	0.35082722
14141	0.35103232
14142	0.35132053
14143	0.35168892
14144	0.35213333
14145	0.35264847
14146	0.35322797
14147	0.35386452
14148	0.35454977
14149	0.35527462
14150	0.35602933
14151	0.35680363
14152	0.35758686
14153	0.35836822
14154	0.35913700
14155	0.35988259
14156	0.36059496
14157	0.36126465
14158	0.36188284
14159	0.36244187
14160	0.36293507
14161	0.36335680
14162	0.36370280
14163	0.36397016
14164	0.36415720
14165	0.36426377
14166	0.36429101
14167	0.36424151
14168	0.36411917
14169	0.36392921
14170	0.36367822
14171	0.36337388
14172	0.36302501
14173	0.36264154
14174	0.36223418
14175	0.36181456
14176	0.36139479
14177	0.36098754
14178	0.36060569
14179	0.36026207
14180	0.35996923
14181	0.35973927
14182	0.35958332
14183	0.35951141
14184	0.35953218
14185	0.35965237
14186	0.35987690
14187	0.36020839
14188	0.36064708
14189	0.36119053
14190	0.36183369
14191	0.36256877
14192	0.36338511
14193	0.36426947
14194	0.36520576
14195	0.36617547
14196	0.36715767
14197	0.36812946
14198	0.36906612
14199	0.36994186
14200	0.37072995
14201	0.37140387
14202	0.37193766
14203	0.37230709
14204	0.37249038
14205	0.37246928
14206	0.37223017
14207	0.37176475
14208	0.37107116
14209	0.37015474
14210	0.36902848
14211	0.36771345
14212	0.36623880
14213	0.36464146
14214	0.36296535
14215	0.36126024
14216	0.35958037
14217	0.35798228
14218	0.35652259
14219	0.35525581
14220	0.35423177
14221	0.35349336
14222	0.35307500
14223	0.35300115
14224	0.35328615
14225	0.35393408
14226	0.35493901
14227	0.35628611
14228	0.35795215
14229	0.35990670
14230	0.36211297
14231	0.36452854
14232	0.36710671
14233	0.36979693
14234	0.37254611
14235	0.37529948
14236	0.37800172
14237	0.38059837
14238	0.38303721
14239	0.38526979
14240	0.38725322
14241	0.38895142
14242	0.39033687
14243	0.39139181
14244	0.39210898
14245	0.39249215
14246	0.39255580
14247	0.39232513
14248	0.39183486
14249	0.39112774
14250	0.39025325
14251	0.38926628
14252	0.38822541
14253	0.38719106
14254	0.38622487
14255	0.38538823
14256	0.38474154
14257	0.38434359
14258	0.38425082
14259	0.38451713
14260	0.38519359
14261	0.38632810
14262	0.38796511
14263	0.39014554
14264	0.39290586
14265	0.39627838
14266	0.40029040
14267	0.40496409
14268	0.41031569
14269	0.41635585
14270	0.42309025
14271	0.43052059
14272	0.43864590
14273	0.44746745
14274	0.45699331
14275	0.46724546
14276	0.47827151
14277	0.49015558
14278	0.50303930
14279	0.51714438
14280	0.53280985
14281	0.55054420
14282	0.57110727
14283	0.59565604
14284	0.62600070
14285	0.66510451
14286	0.71814042
14287	0.79499936
14288	0.91726184
14289	1.14271915
14290	NaN
14291	NaN
14292	NaN
14293	NaN
14294	NaN
14295	NaN
14296	NaN
14297	NaN
14298	NaN
14299	NaN
14300	NaN
14301	NaN
14302	NaN
14303	NaN
14304	NaN
14305	NaN
14306	NaN
14307	NaN
14308	NaN
14309	NaN
14310	NaN
14311	NaN
14312	NaN
14313	NaN
14314	NaN
14315	NaN
14316	NaN
14317	NaN
14318	NaN
14319	NaN
14320	NaN
14321	NaN
14322	NaN
14323	NaN
14324	NaN
14325	NaN
14326	NaN
14327	NaN
14328	NaN
14329	NaN
14330	NaN
14331	NaN
14332	NaN
14333	NaN
14334	NaN
14335	NaN
14336	NaN
14337	NaN
14338	NaN
14339	NaN
14340	NaN
14341	NaN
14342	NaN
14343	NaN
14344	NaN
14345	NaN
14346	NaN
14347	NaN
14348	NaN
14349	NaN
14350	NaN
14351	NaN
14352	NaN
14353	NaN
14354	NaN
14355	NaN
14356	NaN
14357	NaN
14358	NaN
14359	NaN
14360	NaN
14361	NaN
14362	NaN
14363	NaN
14364	NaN
14365	NaN
14366	NaN
14367	NaN
14368	0.52232963
14369	0.39011529
14370	0.34242877
14371	0.31830049
14372	0.30400425
14373	0.29472542
14374	0.28833899
14375	0.28376266
14376	0.28038776
14377	0.27784607
14378	0.27590206
14379	0.27439868
14380	0.27322751
14381	0.27231160
14382	0.27159509
14383	0.27103677
14384	0.27060553
14385	0.27027774
14386	0.27003497
14387	0.26986274
14388	0.26974955
14389	0.26968575
14390	0.26966330
14391	0.26967531
14392	0.26971552
14393	0.26977810
14394	0.26985770
14395	0.26994905
14396	0.27004698
14397	0.27014640
14398	0.27024239
14399	0.27033013
14400	0.27040499
14401	0.27046269
14402	0.27049932
14403	0.27051157
14404	0.27049664
14405	0.27045241
14406	0.27037764
14407	0.27027175
14408	0.27013519
14409	0.26996925
14410	0.26977631
14411	0.26955968
14412	0.26932380
14413	0.26907414
14414	0.26881728
14415	0.26856077
14416	0.26831302
14417	0.26808327
14418	0.26788110
14419	0.26771620
14420	0.26759806
14421	0.26753569
14422	0.26753688
14423	0.26760831
14424	0.26775500
14425	0.26798007
14426	0.26828462
14427	0.26866752
14428	0.26912540
14429	0.26965240
14430	0.27024040
14431	0.27087891
14432	0.27155536
14433	0.27225515
14434	0.27296203
14435	0.27365854
14436	0.27432641
14437	0.27494726
14438	0.27550325
14439	0.27597779
14440	0.27635640
14441	0.27662736
14442	0.27678239
14443	0.27681714
14444	0.27673152
14445	0.27652967
14446	0.27621987
14447	0.27581406
14448	0.27532724
14449	0.27477670
14450	0.27418107
14451	0.27355960
14452	0.27293116
14453	0.27231362
14454	0.27172324
14455	0.27117422
14456	0.27067834
14457	0.27024487
14458	0.26988047
14459	0.26958928
14460	0.26937300
14461	0.26923123
14462	0.26916149
14463	0.26915970
14464	0.26922038
14465	0.26933685
14466	0.26950175
14467	0.26970693
14468	0.26994410
14469	0.27020487
14470	0.27048078
14471	0.27076375
14472	0.27104613
14473	0.27132082
14474	0.27158147
14475	0.27182263
14476	0.27203971
14477	0.27222928
14478	0.27238896
14479	0.27251735
14480	0.27261415
14481	0.27267998
14482	0.27271637
14483	0.27272537
14484	0.27270970
14485	0.27267230
14486	0.27261645
14487	0.27254534
14488	0.27246210
14489	0.27236968
14490	0.27227074
14491	0.27216768
14492	0.27206251
14493	0.27195707
14494	0.27185273
14495	0.27175072
14496	0.27165198
14497	0.27155712
14498	0.27146661
14499	0.27138051
14500	0.27129874
14501	0.27122107
14502	0.27114698
14503	0.27107593
14504	0.27100745
14505	0.27094114
14506	0.27087685
14507	0.27081487
14508	0.27075595
14509	0.27070132
14510	0.27065283
14511	0.27061281
14512	0.27058399
14513	0.27056962
14514	0.27057296
14515	0.27059740
14516	0.27064613
14517	0.27072194
14518	0.27082723
14519	0.27096358
14520	0.27113175
14521	0.27133155
14522	0.27156180
14523	0.27182025
14524	0.27210370
14525	0.27240786
14526	0.27272773
14527	0.27305731
14528	0.27339002
14529	0.27371874
14530	0.27403593
14531	0.27433372
14532	0.27460411
14533	0.27483937
14534	0.27503204
14535	0.27517530
14536	0.27526328
14537	0.27529138
14538	0.27525660
14539	0.27515781
14540	0.27499586
14541	0.27477384
14542	0.27449706
14543	0.27417296
14544	0.27381092
14545	0.27342209
14546	0.27301899
14547	0.27261510
14548	0.27222478
14549	0.27186260
14550	0.27154306
14551	0.27128038
14552	0.27108827
14553	0.27097937
14554	0.27096531
14555	0.27105626
14556	0.27126077
14557	0.27158538
14558	0.27203426
14559	0.27260894
14560	0.27330780
14561	0.27412590
14562	0.27505451
14563	0.27608097
14564	0.27718866
14565	0.27835718
14566	0.27956265
14567	0.28077841
14568	0.28197584
14569	0.28312561
14570	0.28419885
14571	0.28516874
14572	0.28601161
14573	0.28670812
14574	0.28724441
14575	0.28761235
14576	0.28780994
14577	0.28784132
14578	0.28771600
14579	0.28744832
14580	0.28705695
14581	0.28656343
14582	0.28599221
14583	0.28536952
14584	0.28472319
14585	0.28408247
14586	0.28347766
14587	0.28294137
14588	0.28250828
14589	0.28221661
14590	0.28210917
14591	0.28223464
14592	0.28264949
14593	0.28342012
14594	0.28462499
14595	0.28635705
14596	0.28872669
14597	0.29186490
14598	0.29592657
14599	0.30109444
14600	0.30758438
14601	0.31565046
14602	0.32559562
14603	0.33778685
14604	0.35268018
14605	0.37086561
14606	0.39314085
14607	0.42064208
14608	0.45507574
14609	0.49915677
14610	0.55749792
14611	0.63859999
14612	0.75995255
14613	0.96399152
14614	1.38666272
14615	NaN
14616	NaN
14617	NaN
14618	NaN
14619	NaN
14620	NaN
14621	NaN
14622	NaN
14623	NaN
14624	NaN
14625	NaN
14626	NaN
14627	NaN
14628	NaN
14629	NaN
14630	NaN
14631	NaN
14632	NaN
14633	NaN
14634	NaN
14635	NaN
14636	NaN
14637	NaN
14638	NaN
14639	NaN
14640	NaN
14641	NaN
14642	NaN
14643	NaN
14644	NaN
14645	NaN
14646	NaN
14647	NaN
14648	NaN
14649	NaN
14650	NaN
14651	NaN
14652	NaN
14653	NaN
14654	NaN
14655	NaN
14656	NaN
14657	NaN
14658	NaN
14659	NaN
14660	NaN
14661	NaN
14662	NaN
14663	NaN
14664	NaN
14665	NaN
14666	NaN
14667	NaN
14668	NaN
14669	NaN
14670	NaN
14671	NaN
14672	NaN
14673	NaN
14674	NaN
14675	NaN
14676	NaN
14677	NaN
14678	NaN
14679	NaN
14680	NaN
14681	NaN
14682	NaN
14683	NaN
14684	NaN
14685	NaN
14686	NaN
14687	NaN
14688	NaN
14689	NaN
14690	NaN
14691	NaN
14692	NaN
14693	NaN
14694	NaN
14695	NaN
14696	NaN
14697	NaN
14698	NaN
14699	NaN
14700	NaN
14701	NaN
14702	NaN
14703	NaN
14704	NaN
14705	NaN
14706	1.08470535
14707	0.57149220
14708	0.45316556
14709	0.40195557
14710	0.37408501
14711	0.35695851
14712	0.34560260
14713	0.33766353
14714	0.33188751
14715	0.32754958
14716	0.32420409
14717	0.32156479
14718	0.31944138
14719	0.31770369
14720	0.31626114
14721	0.31504950
14722	0.31402275
14723	0.31314775
14724	0.31240040
14725	0.31176329
14726	0.31122380
14727	0.31077287
14728	0.31040406
14729	0.31011277
14730	0.30989584
14731	0.30975085
14732	0.30967593
14733	0.30966935
14734	0.30972916
14735	0.30985290
14736	0.31003723
14737	0.31027776
14738	0.31056860
14739	0.31090221
14740	0.31126922
14741	0.31165829
14742	0.31205612
14743	0.31244788
14744	0.31281710
14745	0.31314683
14746	0.31341994
14747	0.31362012
14748	0.31373316
14749	0.31374758
14750	0.31365582
14751	0.31345505
14752	0.31314746
14753	0.31274059
14754	0.31224722
14755	0.31168446
14756	0.31107327
14757	0.31043708
14758	0.30980065
14759	0.30918884
14760	0.30862540
14761	0.30813199
14762	0.30772734
14763	0.30742654
14764	0.30724084
14765	0.30717725
14766	0.30723846
14767	0.30742306
14768	0.30772555
14769	0.30813664
14770	0.30864355
14771	0.30923054
14772	0.30987915
14773	0.31056896
14774	0.31127810
14775	0.31198400
14776	0.31266409
14777	0.31329662
14778	0.31386140
14779	0.31434062
14780	0.31471935
14781	0.31498623
14782	0.31513378
14783	0.31515855
14784	0.31506136
14785	0.31484684
14786	0.31452322
14787	0.31410187
14788	0.31359658
14789	0.31302312
14790	0.31239828
14791	0.31173947
14792	0.31106412
14793	0.31038913
14794	0.30973038
14795	0.30910280
14796	0.30851978
14797	0.30799320
14798	0.30753332
14799	0.30714884
14800	0.30684677
14801	0.30663261
14802	0.30651018
14803	0.30648193
14804	0.30654874
14805	0.30671000
14806	0.30696371
14807	0.30730635
14808	0.30773291
14809	0.30823705
14810	0.30881104
14811	0.30944604
14812	0.31013206
14813	0.31085840
14814	0.31161380
14815	0.31238678
14816	0.31316578
14817	0.31393969
14818	0.31469783
14819	0.31543019
14820	0.31612760
14821	0.31678173
14822	0.31738511
14823	0.31793121
14824	0.31841433
14825	0.31882960
14826	0.31917316
14827	0.31944188
14828	0.31963378
14829	0.31974778
14830	0.31978390
14831	0.31974339
14832	0.31962869
14833	0.31944340
14834	0.31919256
14835	0.31888238
14836	0.31852028
14837	0.31811488
14838	0.31767583
14839	0.31721371
14840	0.31673986
14841	0.31626621
14842	0.31580523
14843	0.31536946
14844	0.31497151
14845	0.31462368
14846	0.31433776
14847	0.31412479
14848	0.31399468
14849	0.31395608
14850	0.31401601
14851	0.31417987
14852	0.31445095
14853	0.31483060
14854	0.31531802
14855	0.31591019
14856	0.31660187
14857	0.31738576
14858	0.31825227
14859	0.31918982
14860	0.32018489
14861	0.32122219
14862	0.32228476
14863	0.32335430
14864	0.32441148
14865	0.32543620
14866	0.32640809
14867	0.32730696
14868	0.32811341
14869	0.32880938
14870	0.32937887
14871	0.32980838
14872	0.33008781
14873	0.33021095
14874	0.33017597
14875	0.32998577
14876	0.32964835
14877	0.32917663
14878	0.32858831
14879	0.32790542
14880	0.32715371
14881	0.32636189
14882	0.32556048
14883	0.32478109
14884	0.32405549
14885	0.32341442
14886	0.32288721
14887	0.32250074
14888	0.32227921
14889	0.32224336
14890	0.32241032
14891	0.32279313
14892	0.32340065
14893	0.32423705
14894	0.32530156
14895	0.32658818
14896	0.32808539
14897	0.32977572
14898	0.33163595
14899	0.33363676
14900	0.33574304
14901	0.33791459
14902	0.34010661
14903	0.34227121
14904	0.34435883
14905	0.34632012
14906	0.34810817
14907	0.34968090
14908	0.35100299
14909	0.35204849
14910	0.35280165
14911	0.35325858
14912	0.35342732
14913	0.35332733
14914	0.35298911
14915	0.35245228
14916	0.35176423
14917	0.35097837
14918	0.35015216
14919	0.34934616
14920	0.34862256
14921	0.34804454
14922	0.34767556
14923	0.34757912
14924	0.34781873
14925	0.34845814
14926	0.34956121
14927	0.35119268
14928	0.35341752
14929	0.35630161
14930	0.35991168
14931	0.36431423
14932	0.36957699
14933	0.37576595
14934	0.38294730
14935	0.39118585
14936	0.40054578
14937	0.41109297
14938	0.42289835
14939	0.43604487
14940	0.45063999
14941	0.46683195
14942	0.48483971
14943	0.50499511
14944	0.52780610
14945	0.55406195
14946	0.58500534
14947	0.62265092
14948	0.67039698
14949	0.73435676
14950	0.82659894
14951	0.97457224
14952	1.25687075
14953	NaN
14954	NaN
14955	NaN
14956	NaN
14957	NaN
14958	NaN
14959	NaN
14960	NaN
14961	NaN
14962	NaN
14963	NaN
14964	NaN
14965	NaN
14966	NaN
14967	NaN
14968	NaN
14969	NaN
14970	NaN
14971	NaN
14972	NaN
14973	NaN
14974	NaN
14975	NaN
14976	NaN
14977	NaN
14978	NaN
14979	NaN
14980	NaN
14981	NaN
14982	NaN
14983	NaN
14984	NaN
14985	NaN
14986	NaN
14987	NaN
14988	NaN
14989	NaN
14990	NaN
14991	NaN
14992	NaN
14993	NaN
14994	NaN
14995	NaN
14996	NaN
14997	NaN
14998	NaN
14999	NaN
15000	NaN
15001	NaN
15002	NaN
15003	NaN
15004	NaN
15005	NaN
15006	NaN
15007	NaN
15008	NaN
15009	NaN
15010	NaN
15011	NaN
15012	NaN
15013	NaN
15014	NaN
15015	NaN
15016	NaN
15017	NaN
15018	NaN
15019	NaN
15020	NaN
15021	NaN
15022	NaN
15023	NaN
15024	NaN
15025	NaN
15026	NaN
15027	NaN
15028	NaN
15029	NaN
15030	NaN
15031	NaN
15032	NaN
15033	NaN
15034	NaN
15035	NaN
15036	NaN
15037	NaN
15038	NaN
15039	NaN
15040	NaN
15041	NaN
15042	1.09824824
15043	0.50259840
15044	0.38663638
15045	0.33846319
15046	0.31278411
15047	0.29727706
15048	0.28720734
15049	0.28036633
15050	0.27558544
15051	0.27218843
15052	0.26975766
15053	0.26802176
15054	0.26679710
15055	0.26595524
15056	0.26540408
15057	0.26507583
15058	0.26491976
15059	0.26489708
15060	0.26497775
15061	0.26513806
15062	0.26535913
15063	0.26562560
15064	0.26592478
15065	0.26624611
15066	0.26658043
15067	0.26691973
15068	0.26725680
15069	0.26758501
15070	0.26789808
15071	0.26819006
15072	0.26845518
15073	0.26868802
15074	0.26888320
15075	0.26903588
15076	0.26914144
15077	0.26919588
15078	0.26919597
15079	0.26913923
15080	0.26902440
15081	0.26885140
15082	0.26862165
15083	0.26833829
15084	0.26800600
15085	0.26763126
15086	0.26722237
15087	0.26678908
15088	0.26634261
15089	0.26589516
15090	0.26545963
15091	0.26504934
15092	0.26467726
15093	0.26435584
15094	0.26409647
15095	0.26390907
15096	0.26380184
15097	0.26378095
15098	0.26385051
15099	0.26401225
15100	0.26426572
15101	0.26460814
15102	0.26503456
15103	0.26553786
15104	0.26610875
15105	0.26673612
15106	0.26740685
15107	0.26810616
15108	0.26881781
15109	0.26952437
15110	0.27020764
15111	0.27084935
15112	0.27143157
15113	0.27193749
15114	0.27235234
15115	0.27266383
15116	0.27286321
15117	0.27294534
15118	0.27290949
15119	0.27275905
15120	0.27250156
15121	0.27214831
15122	0.27171361
15123	0.27121416
15124	0.27066794
15125	0.27009353
15126	0.26950923
15127	0.26893222
15128	0.26837808
15129	0.26786032
15130	0.26739004
15131	0.26697603
15132	0.26662445
15133	0.26633936
15134	0.26612252
15135	0.26597378
15136	0.26589143
15137	0.26587224
15138	0.26591188
15139	0.26600507
15140	0.26614577
15141	0.26632741
15142	0.26654306
15143	0.26678559
15144	0.26704782
15145	0.26732251
15146	0.26760280
15147	0.26788196
15148	0.26815373
15149	0.26841244
15150	0.26865298
15151	0.26887101
15152	0.26906303
15153	0.26922634
15154	0.26935917
15155	0.26946062
15156	0.26953056
15157	0.26956972
15158	0.26957935
15159	0.26956135
15160	0.26951802
15161	0.26945180
15162	0.26936546
15163	0.26926175
15164	0.26914340
15165	0.26901299
15166	0.26887313
15167	0.26872614
15168	0.26857424
15169	0.26841941
15170	0.26826364
15171	0.26810861
15172	0.26795578
15173	0.26780671
15174	0.26766250
15175	0.26752424
15176	0.26739287
15177	0.26726922
15178	0.26715410
15179	0.26704842
15180	0.26695320
15181	0.26686981
15182	0.26679999
15183	0.26674584
15184	0.26670989
15185	0.26669511
15186	0.26670477
15187	0.26674223
15188	0.26681095
15189	0.26691407
15190	0.26705453
15191	0.26723450
15192	0.26745555
15193	0.26771834
15194	0.26802245
15195	0.26836643
15196	0.26874766
15197	0.26916218
15198	0.26960483
15199	0.27006912
15200	0.27054724
15201	0.27103019
15202	0.27150783
15203	0.27196896
15204	0.27240181
15205	0.27279395
15206	0.27313310
15207	0.27340725
15208	0.27360526
15209	0.27371731
15210	0.27373558
15211	0.27365440
15212	0.27347088
15213	0.27318510
15214	0.27280024
15215	0.27232260
15216	0.27176163
15217	0.27112943
15218	0.27044070
15219	0.26971221
15220	0.26896229
15221	0.26821053
15222	0.26747707
15223	0.26678234
15224	0.26614663
15225	0.26558965
15226	0.26513034
15227	0.26478633
15228	0.26457390
15229	0.26450744
15230	0.26459941
15231	0.26485965
15232	0.26529500
15233	0.26590902
15234	0.26670113
15235	0.26766625
15236	0.26879424
15237	0.27006924
15238	0.27146959
15239	0.27296773
15240	0.27453038
15241	0.27611938
15242	0.27769262
15243	0.27920577
15244	0.28061399
15245	0.28187418
15246	0.28294706
15247	0.28379902
15248	0.28440395
15249	0.28474388
15250	0.28480959
15251	0.28460070
15252	0.28412470
15253	0.28339595
15254	0.28243485
15255	0.28126600
15256	0.27991769
15257	0.27842078
15258	0.27680844
15259	0.27511621
15260	0.27338204
15261	0.27164814
15262	0.26996243
15263	0.26838115
15264	0.26697350
15265	0.26582631
15266	0.26505196
15267	0.26479906
15268	0.26526660
15269	0.26672545
15270	0.26954740
15271	0.27424783
15272	0.28154853
15273	0.29247260
15274	0.30849540
15275	0.33178797
15276	0.36565143
15277	0.41533557
15278	0.48974293
15279	0.60544759
15280	0.79775721
15281	NaN
15282	NaN
15283	NaN
15284	NaN
15285	NaN
15286	NaN
15287	NaN
15288	NaN
15289	NaN
15290	NaN
15291	NaN
15292	NaN
15293	NaN
15294	NaN
15295	NaN
15296	NaN
15297	NaN
15298	NaN
15299	NaN
15300	NaN
15301	NaN
15302	NaN
15303	NaN
15304	NaN
15305	NaN
15306	NaN
15307	NaN
15308	NaN
15309	NaN
15310	NaN
15311	NaN
15312	NaN
15313	NaN
15314	NaN
15315	NaN
15316	NaN
15317	NaN
15318	NaN
15319	NaN
15320	NaN
15321	NaN
15322	NaN
15323	NaN
15324	NaN
15325	NaN
15326	NaN
15327	NaN
15328	NaN
15329	NaN
15330	NaN
15331	NaN
15332	NaN
15333	NaN
15334	NaN
15335	NaN
15336	NaN
15337	NaN
15338	NaN
15339	NaN
15340	NaN
15341	NaN
15342	NaN
15343	NaN
15344	NaN
15345	NaN
15346	NaN
15347	NaN
15348	NaN
15349	NaN
15350	NaN
15351	NaN
15352	NaN
15353	NaN
15354	NaN
15355	NaN
15356	NaN
15357	NaN
15358	NaN
15359	NaN
15360	NaN
15361	NaN
15362	NaN
15363	NaN
15364	NaN
15365	NaN
15366	NaN
15367	0.89472121
15368	0.58298749
15369	0.47919536
15370	0.42720532
15371	0.39595205
15372	0.37509888
15373	0.36021829
15374	0.34909502
15375	0.34049663
15376	0.33368242
15377	0.32817945
15378	0.32367119
15379	0.31993783
15380	0.31682149
15381	0.31420618
15382	0.31200466
15383	0.31015012
15384	0.30859071
15385	0.30728582
15386	0.30620310
15387	0.30531684
15388	0.30460632
15389	0.30405477
15390	0.30364847
15391	0.30337620
15392	0.30322841
15393	0.30319691
15394	0.30327418
15395	0.30345312
15396	0.30372649
15397	0.30408648
15398	0.30452442
15399	0.30503052
15400	0.30559352
15401	0.30620068
15402	0.30683768
15403	0.30748895
15404	0.30813771
15405	0.30876678
15406	0.30935887
15407	0.30989736
15408	0.31036726
15409	0.31075576
15410	0.31105310
15411	0.31125307
15412	0.31135356
15413	0.31135669
15414	0.31126875
15415	0.31109989
15416	0.31086358
15417	0.31057584
15418	0.31025451
15419	0.30991814
15420	0.30958536
15421	0.30927381
15422	0.30899969
15423	0.30877700
15424	0.30861720
15425	0.30852899
15426	0.30851790
15427	0.30858663
15428	0.30873477
15429	0.30895913
15430	0.30925384
15431	0.30961072
15432	0.31001958
15433	0.31046849
15434	0.31094429
15435	0.31143308
15436	0.31192055
15437	0.31239274
15438	0.31283623
15439	0.31323877
15440	0.31358981
15441	0.31388074
15442	0.31410515
15443	0.31425926
15444	0.31434163
15445	0.31435353
15446	0.31429851
15447	0.31418231
15448	0.31401235
15449	0.31379750
15450	0.31354755
15451	0.31327280
15452	0.31298369
15453	0.31269044
15454	0.31240273
15455	0.31212950
15456	0.31187886
15457	0.31165791
15458	0.31147274
15459	0.31132856
15460	0.31122962
15461	0.31117931
15462	0.31118014
15463	0.31123412
15464	0.31134233
15465	0.31150547
15466	0.31172359
15467	0.31199598
15468	0.31232160
15469	0.31269860
15470	0.31312460
15471	0.31359655
15472	0.31411070
15473	0.31466278
15474	0.31524792
15475	0.31586066
15476	0.31649518
15477	0.31714520
15478	0.31780419
15479	0.31846547
15480	0.31912217
15481	0.31976742
15482	0.32039446
15483	0.32099658
15484	0.32156754
15485	0.32210121
15486	0.32259211
15487	0.32303527
15488	0.32342631
15489	0.32376167
15490	0.32403859
15491	0.32425529
15492	0.32441083
15493	0.32450545
15494	0.32454044
15495	0.32451829
15496	0.32444263
15497	0.32431832
15498	0.32415140
15499	0.32394916
15500	0.32371983
15501	0.32347274
15502	0.32321817
15503	0.32296681
15504	0.32272997
15505	0.32251903
15506	0.32234517
15507	0.32221913
15508	0.32215062
15509	0.32214826
15510	0.32221901
15511	0.32236794
15512	0.32259807
15513	0.32291007
15514	0.32330224
15515	0.32377046
15516	0.32430813
15517	0.32490638
15518	0.32555404
15519	0.32623801
15520	0.32694322
15521	0.32765296
15522	0.32834911
15523	0.32901242
15524	0.32962278
15525	0.33015987
15526	0.33060330
15527	0.33093363
15528	0.33113268
15529	0.33118445
15530	0.33107591
15531	0.33079788
15532	0.33034572
15533	0.32972035
15534	0.32892865
15535	0.32798418
15536	0.32690719
15537	0.32572472
15538	0.32446980
15539	0.32318079
15540	0.32190001
15541	0.32067168
15542	0.31954041
15543	0.31854892
15544	0.31773612
15545	0.31713557
15546	0.31677434
15547	0.31667259
15548	0.31684345
15549	0.31729326
15550	0.31802207
15551	0.31902444
15552	0.32028982
15553	0.32180345
15554	0.32354656
15555	0.32549697
15556	0.32762942
15557	0.32991567
15558	0.33232477
15559	0.33482337
15560	0.33737585
15561	0.33994481
15562	0.34249154
15563	0.34497663
15564	0.34736088
15565	0.34960636
15566	0.35167760
15567	0.35354260
15568	0.35517451
15569	0.35655224
15570	0.35766187
15571	0.35849744
15572	0.35906106
15573	0.35936356
15574	0.35942397
15575	0.35926917
15576	0.35893357
15577	0.35845783
15578	0.35788834
15579	0.35727626
15580	0.35667646
15581	0.35614660
15582	0.35574615
15583	0.35553566
15584	0.35557589
15585	0.35592720
15586	0.35664892
15587	0.35779878
15588	0.35943308
15589	0.36160618
15590	0.36437050
15591	0.36777693
15592	0.37187439
15593	0.37671131
15594	0.38233572
15595	0.38879576
15596	0.39614284
15597	0.40443251
15598	0.41372949
15599	0.42411235
15600	0.43568173
15601	0.44857386
15602	0.46297702
15603	0.47915867
15604	0.49750555
15605	0.51858586
15606	0.54325199
15607	0.57281584
15608	0.60936588
15609	0.65639961
15610	0.72017604
15611	0.81304532
15612	0.96309668
15613	1.25078714
15614	NaN
15615	NaN
15616	NaN
15617	NaN
15618	NaN
15619	NaN
15620	NaN
15621	NaN
15622	NaN
15623	NaN
15624	NaN
15625	NaN
15626	NaN
15627	NaN
15628	NaN
15629	NaN
15630	NaN
15631	NaN
15632	NaN
15633	NaN
15634	NaN
15635	NaN
15636	NaN
15637	NaN
15638	NaN
15639	NaN
15640	NaN
15641	NaN
15642	NaN
15643	NaN
15644	NaN
15645	NaN
15646	NaN
15647	NaN
15648	NaN
15649	NaN
15650	NaN
15651	NaN
15652	NaN
15653	NaN
15654	NaN
15655	NaN
15656	NaN
15657	NaN
15658	NaN
15659	NaN
15660	NaN
15661	NaN
15662	NaN
15663	NaN
15664	NaN
15665	NaN
15666	NaN
15667	NaN
15668	NaN
15669	NaN
15670	NaN
15671	NaN
15672	NaN
15673	NaN
15674	NaN
15675	NaN
15676	NaN
15677	NaN
15678	NaN
15679	NaN
15680	NaN
15681	NaN
15682	NaN
15683	NaN
15684	NaN
15685	NaN
15686	NaN
15687	NaN
15688	NaN
15689	NaN
15690	NaN
15691	NaN
15692	NaN
15693	NaN
15694	NaN
15695	0.81166947
15696	0.40430593
15697	0.32702196
15698	0.29490745
15699	0.27769369
15700	0.26722008
15701	0.26036417
15702	0.25567120
15703	0.25237137
15704	0.25001827
15705	0.24833454
15706	0.24713853
15707	0.24630590
15708	0.24574843
15709	0.24540150
15710	0.24521656
15711	0.24515611
15712	0.24519064
15713	0.24529643
15714	0.24545421
15715	0.24564785
15716	0.24586394
15717	0.24609102
15718	0.24631932
15719	0.24654040
15720	0.24674687
15721	0.24693225
15722	0.24709095
15723	0.24721797
15724	0.24730898
15725	0.24736024
15726	0.24736866
15727	0.24733175
15728	0.24724774
15729	0.24711566
15730	0.24693531
15731	0.24670751
15732	0.24643420
15733	0.24611828
15734	0.24576412
15735	0.24537708
15736	0.24496394
15737	0.24453256
15738	0.24409176
15739	0.24365139
15740	0.24322183
15741	0.24281393
15742	0.24243860
15743	0.24210653
15744	0.24182783
15745	0.24161176
15746	0.24146624
15747	0.24139774
15748	0.24141091
15749	0.24150853
15750	0.24169131
15751	0.24195808
15752	0.24230562
15753	0.24272893
15754	0.24322128
15755	0.24377441
15756	0.24437866
15757	0.24502301
15758	0.24569526
15759	0.24638221
15760	0.24706969
15761	0.24774283
15762	0.24838632
15763	0.24898478
15764	0.24952310
15765	0.24998711
15766	0.25036404
15767	0.25064301
15768	0.25081593
15769	0.25087768
15770	0.25082654
15771	0.25066447
15772	0.25039706
15773	0.25003338
15774	0.24958540
15775	0.24906759
15776	0.24849604
15777	0.24788791
15778	0.24726038
15779	0.24663028
15780	0.24601325
15781	0.24542335
15782	0.24487276
15783	0.24437147
15784	0.24392731
15785	0.24354587
15786	0.24323064
15787	0.24298316
15788	0.24280313
15789	0.24268866
15790	0.24263646
15791	0.24264212
15792	0.24270017
15793	0.24280444
15794	0.24294813
15795	0.24312405
15796	0.24332479
15797	0.24354281
15798	0.24377061
15799	0.24400088
15800	0.24422663
15801	0.24444127
15802	0.24463879
15803	0.24481387
15804	0.24496198
15805	0.24507952
15806	0.24516380
15807	0.24521323
15808	0.24522717
15809	0.24520600
15810	0.24515101
15811	0.24506427
15812	0.24494866
15813	0.24480744
15814	0.24464440
15815	0.24446350
15816	0.24426888
15817	0.24406467
15818	0.24385493
15819	0.24364357
15820	0.24343422
15821	0.24323040
15822	0.24303524
15823	0.24285163
15824	0.24268204
15825	0.24252863
15826	0.24239315
15827	0.24227685
15828	0.24218062
15829	0.24210490
15830	0.24204972
15831	0.24201480
15832	0.24199949
15833	0.24200307
15834	0.24202462
15835	0.24206324
15836	0.24211811
15837	0.24218844
15838	0.24227372
15839	0.24237347
15840	0.24248743
15841	0.24261540
15842	0.24275726
15843	0.24291287
15844	0.24308209
15845	0.24326462
15846	0.24346001
15847	0.24366768
15848	0.24388678
15849	0.24411623
15850	0.24435453
15851	0.24459991
15852	0.24485010
15853	0.24510244
15854	0.24535368
15855	0.24560022
15856	0.24583785
15857	0.24606207
15858	0.24626799
15859	0.24645054
15860	0.24660459
15861	0.24672519
15862	0.24680756
15863	0.24684754
15864	0.24684162
15865	0.24678729
15866	0.24668311
15867	0.24652900
15868	0.24632627
15869	0.24607776
15870	0.24578790
15871	0.24546257
15872	0.24510901
15873	0.24473563
15874	0.24435195
15875	0.24396808
15876	0.24359465
15877	0.24324247
15878	0.24292231
15879	0.24264462
15880	0.24241944
15881	0.24225618
15882	0.24216340
15883	0.24214885
15884	0.24221912
15885	0.24237964
15886	0.24263430
15887	0.24298544
15888	0.24343354
15889	0.24397692
15890	0.24461174
15891	0.24533166
15892	0.24612801
15893	0.24698943
15894	0.24790242
15895	0.24885128
15896	0.24981858
15897	0.25078568
15898	0.25173336
15899	0.25264257
15900	0.25349480
15901	0.25427306
15902	0.25496227
15903	0.25554985
15904	0.25602585
15905	0.25638339
15906	0.25661874
15907	0.25673097
15908	0.25672200
15909	0.25659618
15910	0.25636041
15911	0.25602362
15912	0.25559685
15913	0.25509325
15914	0.25452796
15915	0.25391874
15916	0.25328660
15917	0.25265640
15918	0.25205845
15919	0.25152999
15920	0.25111780
15921	0.25088084
15922	0.25089434
15923	0.25125447
15924	0.25208354
15925	0.25353926
15926	0.25582293
15927	0.25919223
15928	0.26397955
15929	0.27061656
15930	0.27967167
15931	0.29191551
15932	0.30842549
15933	0.33078408
15934	0.36145875
15935	0.40459669
15936	0.46786675
15937	0.56736767
15938	0.74387127
15939	NaN
15940	NaN
15941	NaN
15942	NaN
15943	NaN
15944	NaN
15945	NaN
15946	NaN
15947	NaN
15948	NaN
15949	NaN
15950	NaN
15951	NaN
15952	NaN
15953	NaN
15954	NaN
15955	NaN
15956	NaN
15957	NaN
15958	NaN
15959	NaN
15960	NaN
15961	NaN
15962	NaN
15963	NaN
15964	NaN
15965	NaN
15966	NaN
15967	NaN
15968	NaN
15969	NaN
15970	NaN
15971	NaN
15972	NaN
15973	NaN
15974	NaN
15975	NaN
15976	NaN
15977	NaN
15978	NaN
15979	NaN
15980	NaN
15981	NaN
15982	NaN
15983	NaN
15984	NaN
15985	NaN
15986	NaN
15987	NaN
15988	NaN
15989	NaN
15990	NaN
15991	NaN
15992	NaN
15993	NaN
15994	NaN
15995	NaN
15996	NaN
15997	NaN
15998	NaN
15999	NaN
16000	NaN
16001	NaN
16002	NaN
16003	NaN
16004	NaN
16005	NaN
16006	NaN
16007	NaN
16008	NaN
16009	NaN
16010	NaN
16011	NaN
16012	NaN
16013	NaN
16014	NaN
16015	NaN
16016	NaN
16017	NaN
16018	NaN
16019	NaN
16020	NaN
16021	1.23604441
16022	0.62653780
16023	0.48338521
16024	0.41927722
16025	0.38285524
16026	0.35936630
16027	0.34297898
16028	0.33092362
16029	0.32171372
16030	0.31447971
16031	0.30867788
16032	0.30395046
16033	0.30005202
16034	0.29680842
16035	0.29409289
16036	0.29181069
16037	0.28988993
16038	0.28827512
16039	0.28692299
16040	0.28579938
16041	0.28487727
16042	0.28413501
16043	0.28355536
16044	0.28312433
16045	0.28283063
16046	0.28266504
16047	0.28261977
16048	0.28268817
16049	0.28286409
16050	0.28314167
16051	0.28351474
16052	0.28397650
16053	0.28451926
16054	0.28513390
16055	0.28580949
16056	0.28653342
16057	0.28729087
16058	0.28806514
16059	0.28883782
16060	0.28958926
16061	0.29029903
16062	0.29094696
16063	0.29151407
16064	0.29198354
16065	0.29234189
16066	0.29257974
16067	0.29269272
16068	0.29268178
16069	0.29255322
16070	0.29231846
16071	0.29199344
16072	0.29159749
16073	0.29115248
16074	0.29068136
16075	0.29020721
16076	0.28975210
16077	0.28933609
16078	0.28897658
16079	0.28868783
16080	0.28848049
16081	0.28836158
16082	0.28833440
16083	0.28839871
16084	0.28855085
16085	0.28878415
16086	0.28908908
16087	0.28945398
16088	0.28986520
16089	0.29030782
16090	0.29076594
16091	0.29122344
16092	0.29166436
16093	0.29207364
16094	0.29243749
16095	0.29274395
16096	0.29298326
16097	0.29314834
16098	0.29323483
16099	0.29324132
16100	0.29316929
16101	0.29302293
16102	0.29280895
16103	0.29253605
16104	0.29221466
16105	0.29185638
16106	0.29147330
16107	0.29107782
16108	0.29068205
16109	0.29029736
16110	0.28993428
16111	0.28960222
16112	0.28930932
16113	0.28906244
16114	0.28886715
16115	0.28872797
16116	0.28864810
16117	0.28862989
16118	0.28867465
16119	0.28878292
16120	0.28895444
16121	0.28918800
16122	0.28948191
16123	0.28983352
16124	0.29023939
16125	0.29069540
16126	0.29119667
16127	0.29173759
16128	0.29231197
16129	0.29291311
16130	0.29353383
16131	0.29416680
16132	0.29480457
16133	0.29543966
16134	0.29606488
16135	0.29667342
16136	0.29725870
16137	0.29781488
16138	0.29833660
16139	0.29881909
16140	0.29925832
16141	0.29965082
16142	0.29999381
16143	0.30028522
16144	0.30052358
16145	0.30070809
16146	0.30083871
16147	0.30091596
16148	0.30094111
16149	0.30091614
16150	0.30084366
16151	0.30072716
16152	0.30057070
16153	0.30037931
16154	0.30015859
16155	0.29991516
16156	0.29965633
16157	0.29939026
16158	0.29912567
16159	0.29887187
16160	0.29863864
16161	0.29843575
16162	0.29827300
16163	0.29815972
16164	0.29810467
16165	0.29811561
16166	0.29819921
16167	0.29836068
16168	0.29860365
16169	0.29893029
16170	0.29934081
16171	0.29983392
16172	0.30040640
16173	0.30105355
16174	0.30176899
16175	0.30254492
16176	0.30337209
16177	0.30423987
16178	0.30513659
16179	0.30604935
16180	0.30696434
16181	0.30786696
16182	0.30874202
16183	0.30957395
16184	0.31034723
16185	0.31104669
16186	0.31165808
16187	0.31216854
16188	0.31256703
16189	0.31284517
16190	0.31299749
16191	0.31302199
16192	0.31292051
16193	0.31269893
16194	0.31236714
16195	0.31193891
16196	0.31143165
16197	0.31086594
16198	0.31026486
16199	0.30965343
16200	0.30905768
16201	0.30850413
16202	0.30801886
16203	0.30762699
16204	0.30735195
16205	0.30721495
16206	0.30723459
16207	0.30742636
16208	0.30780220
16209	0.30837032
16210	0.30913466
16211	0.31009468
16212	0.31124520
16213	0.31257600
16214	0.31407183
16215	0.31571248
16216	0.31747279
16217	0.31932303
16218	0.32122949
16219	0.32315519
16220	0.32506102
16221	0.32690665
16222	0.32865220
16223	0.33025950
16224	0.33169359
16225	0.33292431
16226	0.33392727
16227	0.33468503
16228	0.33518767
16229	0.33543348
16230	0.33542889
16231	0.33518791
16232	0.33473212
16233	0.33408955
16234	0.33329400
16235	0.33238402
16236	0.33140197
16237	0.33039299
16238	0.32940409
16239	0.32848349
16240	0.32768002
16241	0.32704219
16242	0.32661819
16243	0.32645527
16244	0.32659951
16245	0.32709575
16246	0.32798675
16247	0.32931376
16248	0.33111534
16249	0.33342719
16250	0.33628166
16251	0.33970636
16252	0.34372425
16253	0.34835249
16254	0.35360190
16255	0.35947701
16256	0.36597577
16257	0.37309104
16258	0.38081211
16259	0.38912696
16260	0.39802617
16261	0.40750760
16262	0.41758284
16263	0.42828488
16264	0.43967718
16265	0.45186821
16266	0.46502739
16267	0.47941110
16268	0.49540001
16269	0.51355714
16270	0.53473276
16271	0.56024569
16272	0.59223282
16273	0.63438314
16274	0.69363165
16275	0.78472769
16276	0.94551623
16277	NaN
16278	NaN
16279	NaN
16280	NaN
16281	NaN
16282	NaN
16283	NaN
16284	NaN
16285	NaN
16286	NaN
16287	NaN
16288	NaN
16289	NaN
16290	NaN
16291	NaN
16292	NaN
16293	NaN
16294	NaN
16295	NaN
16296	NaN
16297	NaN
16298	NaN
16299	NaN
16300	NaN
16301	NaN
16302	NaN
16303	NaN
16304	NaN
16305	NaN
16306	NaN
16307	NaN
16308	NaN
16309	NaN
16310	NaN
16311	NaN
16312	NaN
16313	NaN
16314	NaN
16315	NaN
16316	NaN
16317	NaN
16318	NaN
16319	NaN
16320	NaN
16321	NaN
16322	NaN
16323	NaN
16324	NaN
16325	NaN
16326	NaN
16327	NaN
16328	NaN
16329	NaN
16330	NaN
16331	NaN
16332	NaN
16333	NaN
16334	NaN
16335	NaN
16336	NaN
16337	NaN
16338	NaN
16339	NaN
16340	NaN
16341	NaN
16342	NaN
16343	NaN
16344	NaN
16345	NaN
16346	NaN
16347	NaN
16348	NaN
16349	NaN
16350	NaN
16351	NaN
16352	NaN
16353	0.49229366
16354	0.37215307
16355	0.32571581
16356	0.30189711
16357	0.28792378
16358	0.27908900
16359	0.27325308
16360	0.26930374
16361	0.26660547
16362	0.26476932
16363	0.26354390
16364	0.26275992
16365	0.26229924
16366	0.26207709
16367	0.26203105
16368	0.26211438
16369	0.26229125
16370	0.26253393
16371	0.26282045
16372	0.26313341
16373	0.26345861
16374	0.26378459
16375	0.26410186
16376	0.26440245
16377	0.26467958
16378	0.26492742
16379	0.26514080
16380	0.26531526
16381	0.26544669
16382	0.26553151
16383	0.26556659
16384	0.26554921
16385	0.26547736
16386	0.26534951
16387	0.26516506
16388	0.26492438
16389	0.26462877
16390	0.26428109
16391	0.26388538
16392	0.26344737
16393	0.26297435
16394	0.26247516
16395	0.26196021
16396	0.26144105
16397	0.26093030
16398	0.26044124
16399	0.25998726
16400	0.25958157
16401	0.25923657
16402	0.25896361
16403	0.25877246
16404	0.25867105
16405	0.25866532
16406	0.25875908
16407	0.25895393
16408	0.25924942
16409	0.25964284
16410	0.26012960
16411	0.26070321
16412	0.26135513
16413	0.26207530
16414	0.26285172
16415	0.26367083
16416	0.26451755
16417	0.26537529
16418	0.26622635
16419	0.26705220
16420	0.26783383
16421	0.26855242
16422	0.26918983
16423	0.26972952
16424	0.27015710
16425	0.27046117
16426	0.27063391
16427	0.27067170
16428	0.27057523
16429	0.27034971
16430	0.27000454
16431	0.26955304
16432	0.26901165
16433	0.26839912
16434	0.26773557
16435	0.26704168
16436	0.26633766
16437	0.26564255
16438	0.26497367
16439	0.26434600
16440	0.26377204
16441	0.26326174
16442	0.26282233
16443	0.26245850
16444	0.26217279
16445	0.26196548
16446	0.26183510
16447	0.26177856
16448	0.26179150
16449	0.26186833
16450	0.26200277
16451	0.26218769
16452	0.26241556
16453	0.26267853
16454	0.26296851
16455	0.26327753
16456	0.26359761
16457	0.26392117
16458	0.26424095
16459	0.26455036
16460	0.26484334
16461	0.26511478
16462	0.26536041
16463	0.26557678
16464	0.26576152
16465	0.26591316
16466	0.26603106
16467	0.26611543
16468	0.26616722
16469	0.26618794
16470	0.26617953
16471	0.26614419
16472	0.26608443
16473	0.26600271
16474	0.26590157
16475	0.26578337
16476	0.26565042
16477	0.26550496
16478	0.26534906
16479	0.26518479
16480	0.26501432
16481	0.26483962
16482	0.26466292
16483	0.26448637
16484	0.26431227
16485	0.26414296
16486	0.26398075
16487	0.26382804
16488	0.26368719
16489	0.26356065
16490	0.26345077
16491	0.26336005
16492	0.26329097
16493	0.26324603
16494	0.26322770
16495	0.26323849
16496	0.26328060
16497	0.26335618
16498	0.26346695
16499	0.26361412
16500	0.26379842
16501	0.26401982
16502	0.26427752
16503	0.26456976
16504	0.26489395
16505	0.26524636
16506	0.26562235
16507	0.26601616
16508	0.26642099
16509	0.26682910
16510	0.26723179
16511	0.26761958
16512	0.26798227
16513	0.26830927
16514	0.26858976
16515	0.26881316
16516	0.26896939
16517	0.26904941
16518	0.26904556
16519	0.26895213
16520	0.26876566
16521	0.26848525
16522	0.26811269
16523	0.26765287
16524	0.26711330
16525	0.26650420
16526	0.26583830
16527	0.26513013
16528	0.26439592
16529	0.26365304
16530	0.26291943
16531	0.26221326
16532	0.26155257
16533	0.26095462
16534	0.26043591
16535	0.26001170
16536	0.25969571
16537	0.25950006
16538	0.25943485
16539	0.25950807
16540	0.25972527
16541	0.26008943
16542	0.26060033
16543	0.26125458
16544	0.26204512
16545	0.26296076
16546	0.26398629
16547	0.26510215
16548	0.26628461
16549	0.26750612
16550	0.26873580
16551	0.26994056
16552	0.27108639
16553	0.27213964
16554	0.27306888
16555	0.27384627
16556	0.27444944
16557	0.27486226
16558	0.27507576
16559	0.27508822
16560	0.27490503
16561	0.27453798
16562	0.27400428
16563	0.27332515
16564	0.27252537
16565	0.27163124
16566	0.27067050
16567	0.26967150
16568	0.26866260
16569	0.26767248
16570	0.26673049
16571	0.26586699
16572	0.26511452
16573	0.26450866
16574	0.26409024
16575	0.26390660
16576	0.26401418
16577	0.26448092
16578	0.26538861
16579	0.26683703
16580	0.26894596
16581	0.27185911
16582	0.27574730
16583	0.28081125
16584	0.28728411
16585	0.29543635
16586	0.30557775
16587	0.31807241
16588	0.33335233
16589	0.35195932
16590	0.37461102
16591	0.40231678
16592	0.43659583
16593	0.47987160
16594	0.53625238
16595	0.61323595
16596	0.72593749
16597	0.90970886
16598	1.27030039
16599	NaN
16600	NaN
16601	NaN
16602	NaN
16603	NaN
16604	NaN
16605	NaN
16606	NaN
16607	NaN
16608	NaN
16609	NaN
16610	NaN
16611	NaN
16612	NaN
16613	NaN
16614	NaN
16615	NaN
16616	NaN
16617	NaN
16618	NaN
16619	NaN
16620	NaN
16621	NaN
16622	NaN
16623	NaN
16624	NaN
16625	NaN
16626	NaN
16627	NaN
16628	NaN
16629	NaN
16630	NaN
16631	NaN
16632	NaN
16633	NaN
16634	NaN
16635	NaN
16636	NaN
16637	NaN
16638	NaN
16639	NaN
16640	NaN
16641	NaN
16642	NaN
16643	NaN
16644	NaN
16645	NaN
16646	NaN
16647	NaN
16648	NaN
16649	NaN
16650	NaN
16651	NaN
16652	NaN
16653	NaN
16654	NaN
16655	NaN
16656	NaN
16657	NaN
16658	NaN
16659	NaN
16660	NaN
16661	NaN
16662	NaN
16663	NaN
16664	NaN
16665	NaN
16666	NaN
16667	NaN
16668	NaN
16669	NaN
16670	NaN
16671	NaN
16672	NaN
16673	NaN
16674	NaN
16675	NaN
16676	NaN
16677	NaN
16678	NaN
16679	NaN
16680	NaN
16681	NaN
16682	NaN
16683	NaN
16684	NaN
16685	NaN
16686	NaN
16687	1.11896646
16688	0.56090695
16689	0.43756124
16690	0.38396198
16691	0.35433874
16692	0.33576608
16693	0.32318079
16694	0.31419286
16695	0.30752704
16696	0.30244097
16697	0.29847386
16698	0.29532489
16699	0.29279009
16700	0.29072660
16701	0.28903216
16702	0.28763193
16703	0.28647041
16704	0.28550598
16705	0.28470731
16706	0.28405041
16707	0.28351709
16708	0.28309342
16709	0.28276852
16710	0.28253409
16711	0.28238329
16712	0.28231058
16713	0.28231087
16714	0.28237951
16715	0.28251159
16716	0.28270179
16717	0.28294399
16718	0.28323120
16719	0.28355518
16720	0.28390637
16721	0.28427395
16722	0.28464586
16723	0.28500900
16724	0.28534961
16725	0.28565368
16726	0.28590775
16727	0.28609926
16728	0.28621769
16729	0.28625488
16730	0.28620604
16731	0.28606978
16732	0.28584874
16733	0.28554946
16734	0.28518218
16735	0.28476036
16736	0.28430000
16737	0.28381887
16738	0.28333566
16739	0.28286901
16740	0.28243673
16741	0.28205520
16742	0.28173858
16743	0.28149861
16744	0.28134412
16745	0.28128085
16746	0.28131148
16747	0.28143558
16748	0.28164962
16749	0.28194717
16750	0.28231919
16751	0.28275424
16752	0.28323889
16753	0.28375813
16754	0.28429595
16755	0.28483567
16756	0.28536084
16757	0.28585556
16758	0.28630513
16759	0.28669664
16760	0.28701928
16761	0.28726488
16762	0.28742796
16763	0.28750601
16764	0.28749925
16765	0.28741089
16766	0.28724650
16767	0.28701395
16768	0.28672284
16769	0.28638431
16770	0.28601038
16771	0.28561363
16772	0.28520662
16773	0.28480184
16774	0.28441113
16775	0.28404546
16776	0.28371483
16777	0.28342795
16778	0.28319231
16779	0.28301400
16780	0.28289783
16781	0.28284726
16782	0.28286448
16783	0.28295049
16784	0.28310525
16785	0.28332764
16786	0.28361556
16787	0.28396603
16788	0.28437519
16789	0.28483841
16790	0.28535026
16791	0.28590465
16792	0.28649491
16793	0.28711393
16794	0.28775430
16795	0.28840840
16796	0.28906861
16797	0.28972751
16798	0.29037786
16799	0.29101282
16800	0.29162601
16801	0.29221162
16802	0.29276431
16803	0.29327953
16804	0.29375318
16805	0.29418194
16806	0.29456300
16807	0.29489416
16808	0.29517382
16809	0.29540095
16810	0.29557508
16811	0.29569623
16812	0.29576501
16813	0.29578254
16814	0.29575059
16815	0.29567164
16816	0.29554868
16817	0.29538554
16818	0.29518685
16819	0.29495788
16820	0.29470488
16821	0.29443476
16822	0.29415524
16823	0.29387462
16824	0.29360193
16825	0.29334641
16826	0.29311764
16827	0.29292533
16828	0.29277888
16829	0.29268736
16830	0.29265925
16831	0.29270220
16832	0.29282284
16833	0.29302654
16834	0.29331735
16835	0.29369792
16836	0.29416913
16837	0.29473028
16838	0.29537895
16839	0.29611084
16840	0.29691988
16841	0.29779801
16842	0.29873541
16843	0.29972041
16844	0.30073953
16845	0.30177772
16846	0.30281845
16847	0.30384406
16848	0.30483609
16849	0.30577582
16850	0.30664453
16851	0.30742449
16852	0.30809915
16853	0.30865431
16854	0.30907831
16855	0.30936301
16856	0.30950418
16857	0.30950195
16858	0.30936098
16859	0.30909082
16860	0.30870536
16861	0.30822292
16862	0.30766535
16863	0.30705759
16864	0.30642673
16865	0.30580145
16866	0.30521095
16867	0.30468425
16868	0.30424955
16869	0.30393359
16870	0.30376098
16871	0.30375385
16872	0.30393153
16873	0.30430990
16874	0.30490145
16875	0.30571440
16876	0.30675280
16877	0.30801573
16878	0.30949712
16879	0.31118539
16880	0.31306291
16881	0.31510618
16882	0.31728551
16883	0.31956550
16884	0.32190573
16885	0.32426152
16886	0.32658559
16887	0.32882982
16888	0.33094737
16889	0.33289489
16890	0.33463502
16891	0.33613837
16892	0.33738524
16893	0.33836681
16894	0.33908579
16895	0.33955595
16896	0.33980158
16897	0.33985621
16898	0.33976120
16899	0.33956417
16900	0.33931717
16901	0.33907640
16902	0.33890057
16903	0.33885098
16904	0.33899170
16905	0.33938971
16906	0.34011632
16907	0.34124872
16908	0.34287140
16909	0.34507871
16910	0.34797707
16911	0.35168821
16912	0.35635266
16913	0.36213362
16914	0.36922228
16915	0.37784299
16916	0.38826311
16917	0.40080467
16918	0.41586173
16919	0.43393320
16920	0.45566741
16921	0.48194689
16922	0.51402932
16923	0.55379617
16924	0.60423332
16925	0.67038125
16926	0.76144785
16927	0.89615136
16928	1.11896873
16929	1.56715548
16930	NaN
16931	NaN
16932	NaN
16933	NaN
16934	NaN
16935	NaN
16936	NaN
16937	NaN
16938	NaN
16939	NaN
16940	NaN
16941	NaN
16942	NaN
16943	NaN
16944	NaN
16945	NaN
16946	NaN
16947	NaN
16948	NaN
16949	NaN
16950	NaN
16951	NaN
16952	NaN
16953	NaN
16954	NaN
16955	NaN
16956	NaN
16957	NaN
16958	NaN
16959	NaN
16960	NaN
16961	NaN
16962	NaN
16963	NaN
16964	NaN
16965	NaN
16966	NaN
16967	NaN
16968	NaN
16969	NaN
16970	NaN
16971	NaN
16972	NaN
16973	NaN
16974	NaN
16975	NaN
16976	NaN
16977	NaN
16978	NaN
16979	NaN
16980	NaN
16981	NaN
16982	NaN
16983	NaN
16984	NaN
16985	NaN
16986	NaN
16987	NaN
16988	NaN
16989	NaN
16990	NaN
16991	NaN
16992	NaN
16993	NaN
16994	NaN
16995	NaN
16996	NaN
16997	NaN
16998	NaN
16999	NaN
17000	NaN
17001	NaN
17002	NaN
17003	NaN
17004	NaN
17005	NaN
17006	NaN
17007	NaN
17008	NaN
17009	NaN
17010	NaN
17011	NaN
17012	NaN
17013	NaN
17014	NaN
17015	NaN
17016	NaN
17017	NaN
17018	NaN
17019	NaN
17020	NaN
17021	NaN
17022	NaN
17023	NaN
17024	NaN
17025	NaN
17026	0.44352683
17027	0.31724215
17028	0.27531475
17029	0.25552583
17030	0.24467547
17031	0.23825653
17032	0.23431455
17033	0.23186775
17034	0.23037188
17035	0.22950287
17036	0.22905752
17037	0.22890314
17038	0.22895047
17039	0.22913800
17040	0.22942252
17041	0.22977333
17042	0.23016815
17043	0.23059076
17044	0.23102920
17045	0.23147447
17046	0.23191972
17047	0.23235948
17048	0.23278928
17049	0.23320527
17050	0.23360395
17051	0.23398195
17052	0.23433594
17053	0.23466247
17054	0.23495811
17055	0.23521930
17056	0.23544244
17057	0.23562406
17058	0.23576082
17059	0.23584975
17060	0.23588832
17061	0.23587476
17062	0.23580810
17063	0.23568857
17064	0.23551762
17065	0.23529817
17066	0.23503466
17067	0.23473310
17068	0.23440103
17069	0.23404740
17070	0.23368230
17071	0.23331682
17072	0.23296264
17073	0.23263173
17074	0.23233582
17075	0.23208621
17076	0.23189315
17077	0.23176569
17078	0.23171118
17079	0.23173530
17080	0.23184164
17081	0.23203181
17082	0.23230530
17083	0.23265962
17084	0.23309024
17085	0.23359057
17086	0.23415229
17087	0.23476508
17088	0.23541704
17089	0.23609456
17090	0.23678283
17091	0.23746589
17092	0.23812719
17093	0.23875001
17094	0.23931810
17095	0.23981629
17096	0.24023117
17097	0.24055174
17098	0.24076995
17099	0.24088113
17100	0.24088433
17101	0.24078232
17102	0.24058145
17103	0.24029137
17104	0.23992439
17105	0.23949495
17106	0.23901884
17107	0.23851232
17108	0.23799162
17109	0.23747204
17110	0.23696761
17111	0.23649059
17112	0.23605134
17113	0.23565808
17114	0.23531708
17115	0.23503265
17116	0.23480748
17117	0.23464258
17118	0.23453787
17119	0.23449208
17120	0.23450314
17121	0.23456828
17122	0.23468418
17123	0.23484705
17124	0.23505272
17125	0.23529664
17126	0.23557390
17127	0.23587923
17128	0.23620696
17129	0.23655114
17130	0.23690540
17131	0.23726328
17132	0.23761804
17133	0.23796311
17134	0.23829204
17135	0.23859873
17136	0.23887765
17137	0.23912393
17138	0.23933360
17139	0.23950358
17140	0.23963183
17141	0.23971727
17142	0.23975989
17143	0.23976059
17144	0.23972103
17145	0.23964374
17146	0.23953189
17147	0.23938915
17148	0.23921968
17149	0.23902805
17150	0.23881903
17151	0.23859774
17152	0.23836935
17153	0.23813921
17154	0.23791265
17155	0.23769498
17156	0.23749132
17157	0.23730670
17158	0.23714559
17159	0.23701218
17160	0.23691007
17161	0.23684219
17162	0.23681082
17163	0.23681755
17164	0.23686330
17165	0.23694819
17166	0.23707187
17167	0.23723343
17168	0.23743139
17169	0.23766401
17170	0.23792915
17171	0.23822449
17172	0.23854735
17173	0.23889492
17174	0.23926413
17175	0.23965181
17176	0.24005441
17177	0.24046829
17178	0.24088946
17179	0.24131368
17180	0.24173650
17181	0.24215306
17182	0.24255835
17183	0.24294700
17184	0.24331351
17185	0.24365219
17186	0.24395728
17187	0.24422304
17188	0.24444391
17189	0.24461468
17190	0.24473061
17191	0.24478769
17192	0.24478295
17193	0.24471457
17194	0.24458215
17195	0.24438705
17196	0.24413240
17197	0.24382322
17198	0.24346665
17199	0.24307157
17200	0.24264863
17201	0.24220991
17202	0.24176864
17203	0.24133882
17204	0.24093477
17205	0.24057089
17206	0.24026112
17207	0.24001889
17208	0.23985662
17209	0.23978552
17210	0.23981558
17211	0.23995511
17212	0.24021092
17213	0.24058786
17214	0.24108875
17215	0.24171427
17216	0.24246255
17217	0.24332893
17218	0.24430573
17219	0.24538200
17220	0.24654302
17221	0.24777071
17222	0.24904315
17223	0.25033525
17224	0.25161898
17225	0.25286457
17226	0.25404146
17227	0.25511944
17228	0.25607064
17229	0.25687042
17230	0.25749883
17231	0.25794145
17232	0.25818992
17233	0.25824189
17234	0.25810057
17235	0.25777397
17236	0.25727406
17237	0.25661549
17238	0.25581485
17239	0.25488961
17240	0.25385764
17241	0.25273672
17242	0.25154397
17243	0.25029665
17244	0.24901196
17245	0.24770786
17246	0.24640362
17247	0.24512143
17248	0.24388799
17249	0.24273661
17250	0.24171029
17251	0.24086560
17252	0.24027720
17253	0.24004403
17254	0.24029709
17255	0.24120681
17256	0.24299528
17257	0.24594592
17258	0.25041756
17259	0.25685978
17260	0.26583236
17261	0.27803528
17262	0.29436252
17263	0.31599641
17264	0.34459263
17265	0.38264173
17266	0.43422234
17267	0.50668246
17268	0.61486864
17269	0.79398632
17270	NaN
17271	NaN
17272	NaN
17273	NaN
17274	NaN
17275	NaN
17276	NaN
17277	NaN
17278	NaN
17279	NaN
17280	NaN
17281	NaN
17282	NaN
17283	NaN
17284	NaN
17285	NaN
17286	NaN
17287	NaN
17288	NaN
17289	NaN
17290	NaN
17291	NaN
17292	NaN
17293	NaN
17294	NaN
17295	NaN
17296	NaN
17297	NaN
17298	NaN
17299	NaN
17300	NaN
17301	NaN
17302	NaN
17303	NaN
17304	NaN
17305	NaN
17306	NaN
17307	NaN
17308	NaN
17309	NaN
17310	NaN
17311	NaN
17312	NaN
17313	NaN
17314	NaN
17315	NaN
17316	NaN
17317	NaN
17318	NaN
17319	NaN
17320	NaN
17321	NaN
17322	NaN
17323	NaN
17324	NaN
17325	NaN
17326	NaN
17327	NaN
17328	NaN
17329	NaN
17330	NaN
17331	NaN
17332	NaN
17333	NaN
17334	NaN
17335	NaN
17336	NaN
17337	NaN
17338	NaN
17339	NaN
17340	NaN
17341	NaN
17342	NaN
17343	NaN
17344	NaN
17345	NaN
17346	NaN
17347	NaN
17348	NaN
17349	NaN
17350	NaN
17351	NaN
17352	NaN
17353	NaN
17354	NaN
17355	0.81600469
17356	0.57376271
17357	0.48116869
17358	0.43255666
17359	0.40279660
17360	0.38284332
17361	0.36864150
17362	0.35810044
17363	0.35003299
17364	0.34371471
17365	0.33867839
17366	0.33460939
17367	0.33128813
17368	0.32855695
17369	0.32630017
17370	0.32443112
17371	0.32288384
17372	0.32160780
17373	0.32056364
17374	0.31972077
17375	0.31905499
17376	0.31854719
17377	0.31818220
17378	0.31794772
17379	0.31783369
17380	0.31783146
17381	0.31793344
17382	0.31813249
17383	0.31842142
17384	0.31879261
17385	0.31923735
17386	0.31974587
17387	0.32030660
17388	0.32090613
17389	0.32152921
17390	0.32215855
17391	0.32277524
17392	0.32335928
17393	0.32389006
17394	0.32434744
17395	0.32471257
17396	0.32496923
17397	0.32510468
17398	0.32511073
17399	0.32498446
17400	0.32472873
17401	0.32435209
17402	0.32386863
17403	0.32329735
17404	0.32266101
17405	0.32198521
17406	0.32129705
17407	0.32062382
17408	0.31999177
17409	0.31942523
17410	0.31894565
17411	0.31857094
17412	0.31831506
17413	0.31818759
17414	0.31819376
17415	0.31833434
17416	0.31860590
17417	0.31900084
17418	0.31950796
17419	0.32011256
17420	0.32079723
17421	0.32154211
17422	0.32232580
17423	0.32312581
17424	0.32391939
17425	0.32468423
17426	0.32539934
17427	0.32604563
17428	0.32660657
17429	0.32706884
17430	0.32742271
17431	0.32766223
17432	0.32778549
17433	0.32779428
17434	0.32769406
17435	0.32749352
17436	0.32720396
17437	0.32683882
17438	0.32641307
17439	0.32594258
17440	0.32544360
17441	0.32493219
17442	0.32442400
17443	0.32393381
17444	0.32347521
17445	0.32306066
17446	0.32270113
17447	0.32240611
17448	0.32218367
17449	0.32204023
17450	0.32198063
17451	0.32200819
17452	0.32212460
17453	0.32232985
17454	0.32262239
17455	0.32299906
17456	0.32345521
17457	0.32398468
17458	0.32458004
17459	0.32523277
17460	0.32593334
17461	0.32667154
17462	0.32743686
17463	0.32821861
17464	0.32900622
17465	0.32978943
17466	0.33055869
17467	0.33130503
17468	0.33202052
17469	0.33269802
17470	0.33333153
17471	0.33391592
17472	0.33444712
17473	0.33492202
17474	0.33533832
17475	0.33569464
17476	0.33599019
17477	0.33622497
17478	0.33639950
17479	0.33651489
17480	0.33657280
17481	0.33657536
17482	0.33652532
17483	0.33642584
17484	0.33628088
17485	0.33609489
17486	0.33587307
17487	0.33562139
17488	0.33534658
17489	0.33505619
17490	0.33475843
17491	0.33446231
17492	0.33417746
17493	0.33391386
17494	0.33368188
17495	0.33349180
17496	0.33335373
17497	0.33327729
17498	0.33327129
17499	0.33334351
17500	0.33350044
17501	0.33374712
17502	0.33408692
17503	0.33452144
17504	0.33505043
17505	0.33567163
17506	0.33638099
17507	0.33717236
17508	0.33803758
17509	0.33896664
17510	0.33994731
17511	0.34096560
17512	0.34200555
17513	0.34304941
17514	0.34407797
17515	0.34507081
17516	0.34600672
17517	0.34686428
17518	0.34762248
17519	0.34826151
17520	0.34876361
17521	0.34911391
17522	0.34930113
17523	0.34931847
17524	0.34916413
17525	0.34884158
17526	0.34836006
17527	0.34773415
17528	0.34698370
17529	0.34613311
17530	0.34521073
17531	0.34424791
17532	0.34327796
17533	0.34233534
17534	0.34145445
17535	0.34066901
17536	0.34001079
17537	0.33950934
17538	0.33919099
17539	0.33907837
17540	0.33919013
17541	0.33954006
17542	0.34013698
17543	0.34098434
17544	0.34207970
17545	0.34341455
17546	0.34497404
17547	0.34673688
17548	0.34867534
17549	0.35075563
17550	0.35293829
17551	0.35517886
17552	0.35742933
17553	0.35963932
17554	0.36175799
17555	0.36373597
17556	0.36552754
17557	0.36709273
17558	0.36839935
17559	0.36942452
17560	0.37015596
17561	0.37059259
17562	0.37074456
17563	0.37063283
17564	0.37028784
17565	0.36974871
17566	0.36906132
17567	0.36827686
17568	0.36745054
17569	0.36663955
17570	0.36590287
17571	0.36529991
17572	0.36489019
17573	0.36473289
17574	0.36488664
17575	0.36541006
17576	0.36636177
17577	0.36780024
17578	0.36978495
17579	0.37237588
17580	0.37563461
17581	0.37962461
17582	0.38441142
17583	0.39006472
17584	0.39665905
17585	0.40427697
17586	0.41301256
17587	0.42297804
17588	0.43431333
17589	0.44720122
17590	0.46188816
17591	0.47871757
17592	0.49817771
17593	0.52098250
17594	0.54819649
17595	0.58145231
17596	0.62335658
17597	0.67828912
17598	0.75417322
17599	0.86688226
17600	1.05348706
17601	1.42531180
17602	NaN
17603	NaN
17604	NaN
17605	NaN
17606	NaN
17607	NaN
17608	NaN
17609	NaN
17610	NaN
17611	NaN
17612	NaN
17613	NaN
17614	NaN
17615	NaN
17616	NaN
17617	NaN
17618	NaN
17619	NaN
17620	NaN
17621	NaN
17622	NaN
17623	NaN
17624	NaN
17625	NaN
17626	NaN
17627	NaN
17628	NaN
17629	NaN
17630	NaN
17631	NaN
17632	NaN
17633	NaN
17634	NaN
17635	NaN
17636	NaN
17637	NaN
17638	NaN
17639	NaN
17640	NaN
17641	NaN
17642	NaN
17643	NaN
17644	NaN
17645	NaN
17646	NaN
17647	NaN
17648	NaN
17649	NaN
17650	NaN
17651	NaN
17652	NaN
17653	NaN
17654	NaN
17655	NaN
17656	NaN
17657	NaN
17658	NaN
17659	NaN
17660	NaN
17661	NaN
17662	NaN
17663	NaN
17664	NaN
17665	NaN
17666	NaN
17667	NaN
17668	NaN
17669	NaN
17670	NaN
17671	NaN
17672	NaN
17673	NaN
17674	NaN
17675	NaN
17676	NaN
17677	NaN
17678	NaN
17679	NaN
17680	NaN
17681	NaN
17682	0.55874270
17683	0.37345874
17684	0.32312086
17685	0.30011913
17686	0.28722033
17687	0.27915168
17688	0.27375799
17689	0.26999342
17690	0.26728925
17691	0.26530915
17692	0.26384175
17693	0.26274750
17694	0.26193061
17695	0.26132330
17696	0.26087642
17697	0.26055333
17698	0.26032647
17699	0.26017439
17700	0.26008049
17701	0.26003146
17702	0.26001647
17703	0.26002660
17704	0.26005429
17705	0.26009300
17706	0.26013690
17707	0.26018071
17708	0.26021957
17709	0.26024890
17710	0.26026452
17711	0.26026237
17712	0.26023898
17713	0.26019117
17714	0.26011637
17715	0.26001263
17716	0.25987887
17717	0.25971475
17718	0.25952089
17719	0.25929898
17720	0.25905174
17721	0.25878295
17722	0.25849739
17723	0.25820071
17724	0.25789940
17725	0.25760052
17726	0.25731155
17727	0.25704005
17728	0.25679362
17729	0.25657946
17730	0.25640440
17731	0.25627452
17732	0.25619528
17733	0.25617096
17734	0.25620508
17735	0.25629991
17736	0.25645673
17737	0.25667560
17738	0.25695553
17739	0.25729427
17740	0.25768855
17741	0.25813392
17742	0.25862476
17743	0.25915438
17744	0.25971478
17745	0.26029679
17746	0.26088998
17747	0.26148286
17748	0.26206285
17749	0.26261663
17750	0.26313040
17751	0.26359040
17752	0.26398340
17753	0.26429737
17754	0.26452211
17755	0.26464993
17756	0.26467606
17757	0.26459935
17758	0.26442221
17759	0.26415077
17760	0.26379454
17761	0.26336616
17762	0.26288050
17763	0.26235402
17764	0.26180381
17765	0.26124698
17766	0.26069963
17767	0.26017645
17768	0.25968999
17769	0.25925058
17770	0.25886604
17771	0.25854176
17772	0.25828069
17773	0.25808382
17774	0.25795010
17775	0.25787693
17776	0.25786045
17777	0.25789574
17778	0.25797707
17779	0.25809824
17780	0.25825259
17781	0.25843340
17782	0.25863382
17783	0.25884727
17784	0.25906718
17785	0.25928751
17786	0.25950244
17787	0.25970680
17788	0.25989598
17789	0.26006594
17790	0.26021355
17791	0.26033637
17792	0.26043287
17793	0.26050243
17794	0.26054522
17795	0.26056242
17796	0.26055580
17797	0.26052776
17798	0.26048118
17799	0.26041925
17800	0.26034510
17801	0.26026189
17802	0.26017246
17803	0.26007926
17804	0.25998425
17805	0.25988892
17806	0.25979418
17807	0.25970057
17808	0.25960815
17809	0.25951669
17810	0.25942573
17811	0.25933471
17812	0.25924295
17813	0.25914979
17814	0.25905463
17815	0.25895703
17816	0.25885665
17817	0.25875345
17818	0.25864765
17819	0.25853986
17820	0.25843114
17821	0.25832304
17822	0.25821772
17823	0.25811782
17824	0.25802648
17825	0.25794736
17826	0.25788426
17827	0.25784129
17828	0.25782245
17829	0.25783154
17830	0.25787199
17831	0.25794664
17832	0.25805759
17833	0.25820619
17834	0.25839284
17835	0.25861695
17836	0.25887686
17837	0.25916991
17838	0.25949243
17839	0.25983959
17840	0.26020569
17841	0.26058403
17842	0.26096699
17843	0.26134640
17844	0.26171345
17845	0.26205897
17846	0.26237381
17847	0.26264900
17848	0.26287615
17849	0.26304781
17850	0.26315778
17851	0.26320148
17852	0.26317626
17853	0.26308161
17854	0.26291952
17855	0.26269427
17856	0.26241258
17857	0.26208356
17858	0.26171830
17859	0.26132977
17860	0.26093218
17861	0.26054090
17862	0.26017171
17863	0.25984049
17864	0.25956285
17865	0.25935370
17866	0.25922689
17867	0.25919506
17868	0.25926918
17869	0.25945842
17870	0.25976998
17871	0.26020843
17872	0.26077589
17873	0.26147136
17874	0.26229051
17875	0.26322529
17876	0.26426387
17877	0.26539055
17878	0.26658541
17879	0.26782510
17880	0.26908305
17881	0.27033034
17882	0.27153686
17883	0.27267236
17884	0.27370822
17885	0.27461892
17886	0.27538309
17887	0.27598518
17888	0.27641591
17889	0.27667293
17890	0.27676070
17891	0.27668992
17892	0.27647728
17893	0.27614394
17894	0.27571502
17895	0.27521864
17896	0.27468470
17897	0.27414498
17898	0.27363271
17899	0.27318257
17900	0.27283150
17901	0.27261919
17902	0.27259004
17903	0.27279457
17904	0.27329192
17905	0.27415335
17906	0.27546546
17907	0.27733660
17908	0.27990234
17909	0.28333530
17910	0.28785589
17911	0.29374608
17912	0.30137044
17913	0.31120047
17914	0.32384959
17915	0.34012428
17916	0.36109990
17917	0.38824373
17918	0.42363188
17919	0.47034407
17920	0.53327560
17921	0.62089741
17922	0.74956584
17923	0.95595741
17924	NaN
17925	NaN
17926	NaN
17927	NaN
17928	NaN
17929	NaN
17930	NaN
17931	NaN
17932	NaN
17933	NaN
17934	NaN
17935	NaN
17936	NaN
17937	NaN
17938	NaN
17939	NaN
17940	NaN
17941	NaN
17942	NaN
17943	NaN
17944	NaN
17945	NaN
17946	NaN
17947	NaN
17948	NaN
17949	NaN
17950	NaN
17951	NaN
17952	NaN
17953	NaN
17954	NaN
17955	NaN
17956	NaN
17957	NaN
17958	NaN
17959	NaN
17960	NaN
17961	NaN
17962	NaN
17963	NaN
17964	NaN
17965	NaN
17966	NaN
17967	NaN
17968	NaN
17969	NaN
17970	NaN
17971	NaN
17972	NaN
17973	NaN
17974	NaN
17975	NaN
17976	NaN
17977	NaN
17978	NaN
17979	NaN
17980	NaN
17981	NaN
17982	NaN
17983	NaN
17984	NaN
17985	NaN
17986	NaN
17987	NaN
17988	NaN
17989	NaN
17990	NaN
17991	NaN
17992	NaN
17993	NaN
17994	NaN
17995	NaN
17996	NaN
17997	NaN
17998	NaN
17999	NaN
18000	NaN
18001	NaN
18002	NaN
18003	NaN
18004	NaN
18005	NaN
18006	0.73559749
18007	0.55453801
18008	0.47919360
18009	0.43773901
18010	0.41144687
18011	0.39326912
18012	0.37995797
18013	0.36980641
18014	0.36182958
18015	0.35541883
18016	0.35017639
18017	0.34583142
18018	0.34219241
18019	0.33912009
18020	0.33651072
18021	0.33428541
18022	0.33238333
18023	0.33075693
18024	0.32936862
18025	0.32818875
18026	0.32719353
18027	0.32636413
18028	0.32568565
18029	0.32514608
18030	0.32473603
18031	0.32444784
18032	0.32427537
18033	0.32421318
18034	0.32425630
18035	0.32439962
18036	0.32463753
18037	0.32496336
18038	0.32536915
18039	0.32584509
18040	0.32637960
18041	0.32695892
18042	0.32756731
18043	0.32818735
18044	0.32880011
18045	0.32938609
18046	0.32992551
18047	0.33039975
18048	0.33079174
18049	0.33108735
18050	0.33127600
18051	0.33135152
18052	0.33131260
18053	0.33116287
18054	0.33091092
18055	0.33056998
18056	0.33015692
18057	0.32969174
18058	0.32919616
18059	0.32869294
18060	0.32820448
18061	0.32775229
18062	0.32735565
18063	0.32703137
18064	0.32679316
18065	0.32665104
18066	0.32661158
18067	0.32667732
18068	0.32684723
18069	0.32711667
18070	0.32747763
18071	0.32791919
18072	0.32842773
18073	0.32898766
18074	0.32958192
18075	0.33019236
18076	0.33080062
18077	0.33138859
18078	0.33193901
18079	0.33243617
18080	0.33286619
18081	0.33321771
18082	0.33348206
18083	0.33365363
18084	0.33372986
18085	0.33371139
18086	0.33360168
18087	0.33340713
18088	0.33313635
18089	0.33280006
18090	0.33241025
18091	0.33198008
18092	0.33152321
18093	0.33105335
18094	0.33058381
18095	0.33012733
18096	0.32969558
18097	0.32929924
18098	0.32894754
18099	0.32864851
18100	0.32840860
18101	0.32823300
18102	0.32812554
18103	0.32808867
18104	0.32812375
18105	0.32823095
18106	0.32840928
18107	0.32865682
18108	0.32897061
18109	0.32934675
18110	0.32978055
18111	0.33026645
18112	0.33079824
18113	0.33136904
18114	0.33197150
18115	0.33259788
18116	0.33324024
18117	0.33389032
18118	0.33453995
18119	0.33518097
18120	0.33580539
18121	0.33640534
18122	0.33697349
18123	0.33750290
18124	0.33798721
18125	0.33842081
18126	0.33879894
18127	0.33911777
18128	0.33937445
18129	0.33956739
18130	0.33969602
18131	0.33976108
18132	0.33976445
18133	0.33970913
18134	0.33959946
18135	0.33944073
18136	0.33923924
18137	0.33900222
18138	0.33873767
18139	0.33845419
18140	0.33816093
18141	0.33786732
18142	0.33758304
18143	0.33731785
18144	0.33708137
18145	0.33688289
18146	0.33673134
18147	0.33663490
18148	0.33660102
18149	0.33663610
18150	0.33674520
18151	0.33693221
18152	0.33719936
18153	0.33754727
18154	0.33797485
18155	0.33847931
18156	0.33905619
18157	0.33969930
18158	0.34040093
18159	0.34115192
18160	0.34194180
18161	0.34275892
18162	0.34359065
18163	0.34442368
18164	0.34524408
18165	0.34603769
18166	0.34679040
18167	0.34748852
18168	0.34811899
18169	0.34866986
18170	0.34913060
18171	0.34949264
18172	0.34974965
18173	0.34989786
18174	0.34993657
18175	0.34986821
18176	0.34969842
18177	0.34943640
18178	0.34909436
18179	0.34868762
18180	0.34823394
18181	0.34775323
18182	0.34726691
18183	0.34679723
18184	0.34636682
18185	0.34599805
18186	0.34571236
18187	0.34552976
18188	0.34546852
18189	0.34554455
18190	0.34577113
18191	0.34615856
18192	0.34671387
18193	0.34744045
18194	0.34833792
18195	0.34940174
18196	0.35062340
18197	0.35198987
18198	0.35348380
18199	0.35508382
18200	0.35676444
18201	0.35849684
18202	0.36024940
18203	0.36198881
18204	0.36368108
18205	0.36529273
18206	0.36679265
18207	0.36815342
18208	0.36935252
18209	0.37037393
18210	0.37120879
18211	0.37185603
18212	0.37232283
18213	0.37262407
18214	0.37278214
18215	0.37282592
18216	0.37278998
18217	0.37271354
18218	0.37263912
18219	0.37261236
18220	0.37268010
18221	0.37289044
18222	0.37329158
18223	0.37393162
18224	0.37485790
18225	0.37611675
18226	0.37775293
18227	0.37980926
18228	0.38232577
18229	0.38533995
18230	0.38888544
18231	0.39299145
18232	0.39768308
18233	0.40297940
18234	0.40889505
18235	0.41543978
18236	0.42262021
18237	0.43044275
18238	0.43891615
18239	0.44805875
18240	0.45790595
18241	0.46851999
18242	0.48000598
18243	0.49252838
18244	0.50633860
18245	0.52181512
18246	0.53951937
18247	0.56029880
18248	0.58545673
18249	0.61707097
18250	0.65864182
18251	0.71651971
18252	0.80354095
18253	0.95011854
18254	1.25010037
18255	NaN
18256	NaN
18257	NaN
18258	NaN
18259	NaN
18260	NaN
18261	NaN
18262	NaN
18263	NaN
18264	NaN
18265	NaN
18266	NaN
18267	NaN
18268	NaN
18269	NaN
18270	NaN
18271	NaN
18272	NaN
18273	NaN
18274	NaN
18275	NaN
18276	NaN
18277	NaN
18278	NaN
18279	NaN
18280	NaN
18281	NaN
18282	NaN
18283	NaN
18284	NaN
18285	NaN
18286	NaN
18287	NaN
18288	NaN
18289	NaN
18290	NaN
18291	NaN
18292	NaN
18293	NaN
18294	NaN
18295	NaN
18296	NaN
18297	NaN
18298	NaN
18299	NaN
18300	NaN
18301	NaN
18302	NaN
18303	NaN
18304	NaN
18305	NaN
18306	NaN
18307	NaN
18308	NaN
18309	NaN
18310	NaN
18311	NaN
18312	NaN
18313	NaN
18314	NaN
18315	NaN
18316	NaN
18317	NaN
18318	NaN
18319	NaN
18320	NaN
18321	NaN
18322	NaN
18323	NaN
18324	NaN
18325	NaN
18326	NaN
18327	NaN
18328	NaN
18329	NaN
18330	NaN
18331	NaN
18332	NaN
18333	0.53248447
18334	0.40765300
18335	0.35916466
18336	0.33374530
18337	0.31831828
18338	0.30810878
18339	0.30095965
18340	0.29575381
18341	0.29185510
18342	0.28887504
18343	0.28656298
18344	0.28475016
18345	0.28331900
18346	0.28218499
18347	0.28128621
18348	0.28057608
18349	0.28001902
18350	0.27958739
18351	0.27925941
18352	0.27901751
18353	0.27884722
18354	0.27873659
18355	0.27867523
18356	0.27865401
18357	0.27866468
18358	0.27869952
18359	0.27875108
18360	0.27881220
18361	0.27887571
18362	0.27893445
18363	0.27898133
18364	0.27900931
18365	0.27901149
18366	0.27898136
18367	0.27891287
18368	0.27880052
18369	0.27863988
18370	0.27842751
18371	0.27816138
18372	0.27784100
18373	0.27746779
18374	0.27704501
18375	0.27657807
18376	0.27607444
18377	0.27554360
18378	0.27499694
18379	0.27444729
18380	0.27390879
18381	0.27339607
18382	0.27292410
18383	0.27250725
18384	0.27215901
18385	0.27189136
18386	0.27171436
18387	0.27163592
18388	0.27166161
18389	0.27179444
18390	0.27203500
18391	0.27238142
18392	0.27282944
18393	0.27337238
18394	0.27400124
18395	0.27470481
18396	0.27546954
18397	0.27627981
18398	0.27711785
18399	0.27796406
18400	0.27879727
18401	0.27959532
18402	0.28033549
18403	0.28099552
18404	0.28155419
18405	0.28199273
18406	0.28229553
18407	0.28245127
18408	0.28245372
18409	0.28230217
18410	0.28200164
18411	0.28156289
18412	0.28100172
18413	0.28033805
18414	0.27959505
18415	0.27879784
18416	0.27797198
18417	0.27714261
18418	0.27633327
18419	0.27556512
18420	0.27485630
18421	0.27422163
18422	0.27367246
18423	0.27321669
18424	0.27285895
18425	0.27260083
18426	0.27244109
18427	0.27237618
18428	0.27240044
18429	0.27250642
18430	0.27268523
18431	0.27292699
18432	0.27322081
18433	0.27355546
18434	0.27391946
18435	0.27430141
18436	0.27469018
18437	0.27507538
18438	0.27544725
18439	0.27579722
18440	0.27611789
18441	0.27640319
18442	0.27664858
18443	0.27685106
18444	0.27700916
18445	0.27712286
18446	0.27719364
18447	0.27722406
18448	0.27721795
18449	0.27717972
18450	0.27711457
18451	0.27702788
18452	0.27692515
18453	0.27681172
18454	0.27669251
18455	0.27657196
18456	0.27645385
18457	0.27634123
18458	0.27623641
18459	0.27614114
18460	0.27605629
18461	0.27598220
18462	0.27591872
18463	0.27586505
18464	0.27582008
18465	0.27578229
18466	0.27574992
18467	0.27572095
18468	0.27569345
18469	0.27566546
18470	0.27563542
18471	0.27560207
18472	0.27556491
18473	0.27552417
18474	0.27548090
18475	0.27543712
18476	0.27539572
18477	0.27536047
18478	0.27533567
18479	0.27532619
18480	0.27533707
18481	0.27537331
18482	0.27543956
18483	0.27553996
18484	0.27567792
18485	0.27585578
18486	0.27607480
18487	0.27633491
18488	0.27663475
18489	0.27697134
18490	0.27734023
18491	0.27773550
18492	0.27814955
18493	0.27857354
18494	0.27899727
18495	0.27940959
18496	0.27979848
18497	0.28015158
18498	0.28045675
18499	0.28070223
18500	0.28087738
18501	0.28097305
18502	0.28098211
18503	0.28089985
18504	0.28072426
18505	0.28045616
18506	0.28009948
18507	0.27966103
18508	0.27915055
18509	0.27858010
18510	0.27796423
18511	0.27731913
18512	0.27666235
18513	0.27601236
18514	0.27538791
18515	0.27480778
18516	0.27429020
18517	0.27385247
18518	0.27351069
18519	0.27327922
18520	0.27317050
18521	0.27319479
18522	0.27335972
18523	0.27367005
18524	0.27412713
18525	0.27472898
18526	0.27546939
18527	0.27633792
18528	0.27731943
18529	0.27839401
18530	0.27953699
18531	0.28071895
18532	0.28190660
18533	0.28306350
18534	0.28415141
18535	0.28513178
18536	0.28596762
18537	0.28662482
18538	0.28707471
18539	0.28729466
18540	0.28726932
18541	0.28699142
18542	0.28646117
18543	0.28568640
18544	0.28468111
18545	0.28346497
18546	0.28206155
18547	0.28049752
18548	0.27880153
18549	0.27700353
18550	0.27513424
18551	0.27322522
18552	0.27130932
18553	0.26942128
18554	0.26759952
18555	0.26588765
18556	0.26433754
18557	0.26301301
18558	0.26199391
18559	0.26138204
18560	0.26130843
18561	0.26194218
18562	0.26350182
18563	0.26627031
18564	0.27061257
18565	0.27699909
18566	0.28603876
18567	0.29852310
18568	0.31549242
18569	0.33834428
18570	0.36901456
18571	0.41031840
18572	0.46661922
18573	0.54524362
18574	0.65987241
18575	0.83975828
18576	1.16142488
18577	NaN
18578	NaN
18579	NaN
18580	NaN
18581	NaN
18582	NaN
18583	NaN
18584	NaN
18585	NaN
18586	NaN
18587	NaN
18588	NaN
18589	NaN
18590	NaN
18591	NaN
18592	NaN
18593	NaN
18594	NaN
18595	NaN
18596	NaN
18597	NaN
18598	NaN
18599	NaN
18600	NaN
18601	NaN
18602	NaN
18603	NaN
18604	NaN
18605	NaN
18606	NaN
18607	NaN
18608	NaN
18609	NaN
18610	NaN
18611	NaN
18612	NaN
18613	NaN
18614	NaN
18615	NaN
18616	NaN
18617	NaN
18618	NaN
18619	NaN
18620	NaN
18621	NaN
18622	NaN
18623	NaN
18624	NaN
18625	NaN
18626	NaN
18627	NaN
18628	NaN
18629	NaN
18630	NaN
18631	NaN
18632	NaN
18633	NaN
18634	NaN
18635	NaN
18636	NaN
18637	NaN
18638	NaN
18639	NaN
18640	NaN
18641	NaN
18642	NaN
18643	NaN
18644	NaN
18645	NaN
18646	NaN
18647	NaN
18648	NaN
18649	NaN
18650	NaN
18651	NaN
18652	NaN
18653	NaN
18654	NaN
18655	NaN
18656	NaN
18657	NaN
18658	NaN
18659	NaN
18660	NaN
18661	NaN
18662	0.82741886
18663	0.56874698
18664	0.47326347
18665	0.42377031
18666	0.39364088
18667	0.37348866
18668	0.35915577
18669	0.34851515
18670	0.34036478
18671	0.33397380
18672	0.32887188
18673	0.32474265
18674	0.32136568
18675	0.31858271
18676	0.31627744
18677	0.31436282
18678	0.31277254
18679	0.31145549
18680	0.31037188
18681	0.30949035
18682	0.30878624
18683	0.30823976
18684	0.30783492
18685	0.30755866
18686	0.30740011
18687	0.30734983
18688	0.30739933
18689	0.30754060
18690	0.30776569
18691	0.30806622
18692	0.30843318
18693	0.30885652
18694	0.30932519
18695	0.30982682
18696	0.31034783
18697	0.31087363
18698	0.31138873
18699	0.31187734
18700	0.31232381
18701	0.31271315
18702	0.31303200
18703	0.31326905
18704	0.31341588
18705	0.31346747
18706	0.31342259
18707	0.31328413
18708	0.31305900
18709	0.31275797
18710	0.31239510
18711	0.31198719
18712	0.31155285
18713	0.31111184
18714	0.31068397
18715	0.31028849
18716	0.30994305
18717	0.30966336
18718	0.30946246
18719	0.30935046
18720	0.30933416
18721	0.30941707
18722	0.30959925
18723	0.30987746
18724	0.31024522
18725	0.31069314
18726	0.31120908
18727	0.31177866
18728	0.31238556
18729	0.31301215
18730	0.31364003
18731	0.31425059
18732	0.31482577
18733	0.31534863
18734	0.31580406
18735	0.31617925
18736	0.31646428
18737	0.31665239
18738	0.31674033
18739	0.31672826
18740	0.31661981
18741	0.31642175
18742	0.31614360
18743	0.31579721
18744	0.31539613
18745	0.31495512
18746	0.31448939
18747	0.31401423
18748	0.31354442
18749	0.31309381
18750	0.31267506
18751	0.31229934
18752	0.31197631
18753	0.31171390
18754	0.31151846
18755	0.31139478
18756	0.31134614
18757	0.31137457
18758	0.31148079
18759	0.31166452
18760	0.31192440
18761	0.31225806
18762	0.31266224
18763	0.31313276
18764	0.31366447
18765	0.31425127
18766	0.31488627
18767	0.31556168
18768	0.31626913
18769	0.31699961
18770	0.31774378
18771	0.31849211
18772	0.31923506
18773	0.31996349
18774	0.32066843
18775	0.32134169
18776	0.32197574
18777	0.32256380
18778	0.32310000
18779	0.32357940
18780	0.32399783
18781	0.32435220
18782	0.32464021
18783	0.32486054
18784	0.32501283
18785	0.32509762
18786	0.32511649
18787	0.32507196
18788	0.32496756
18789	0.32480794
18790	0.32459858
18791	0.32434607
18792	0.32405782
18793	0.32374215
18794	0.32340807
18795	0.32306531
18796	0.32272398
18797	0.32239476
18798	0.32208830
18799	0.32181546
18800	0.32158685
18801	0.32141271
18802	0.32130259
18803	0.32126522
18804	0.32130826
18805	0.32143787
18806	0.32165876
18807	0.32197386
18808	0.32238415
18809	0.32288861
18810	0.32348406
18811	0.32416525
18812	0.32492480
18813	0.32575315
18814	0.32663888
18815	0.32756868
18816	0.32852757
18817	0.32949924
18818	0.33046609
18819	0.33140987
18820	0.33231175
18821	0.33315304
18822	0.33391553
18823	0.33458200
18824	0.33513683
18825	0.33556661
18826	0.33586070
18827	0.33601174
18828	0.33601624
18829	0.33587480
18830	0.33559251
18831	0.33517909
18832	0.33464867
18833	0.33401954
18834	0.33331373
18835	0.33255652
18836	0.33177543
18837	0.33099961
18838	0.33025903
18839	0.32958335
18840	0.32900146
18841	0.32854050
18842	0.32822537
18843	0.32807812
18844	0.32811770
18845	0.32835931
18846	0.32881415
18847	0.32948938
18848	0.33038747
18849	0.33150616
18850	0.33283803
18851	0.33437023
18852	0.33608407
18853	0.33795521
18854	0.33995333
18855	0.34204251
18856	0.34418154
18857	0.34632516
18858	0.34842506
18859	0.35043159
18860	0.35229579
18861	0.35397163
18862	0.35541856
18863	0.35660344
18864	0.35750264
18865	0.35810366
18866	0.35840607
18867	0.35842136
18868	0.35817301
18869	0.35769501
18870	0.35703096
18871	0.35623181
18872	0.35535470
18873	0.35446066
18874	0.35361356
18875	0.35287869
18876	0.35232198
18877	0.35200927
18878	0.35200599
18879	0.35237676
18880	0.35318562
18881	0.35449588
18882	0.35636970
18883	0.35886875
18884	0.36205295
18885	0.36598054
18886	0.37070686
18887	0.37628299
18888	0.38275492
18889	0.39016160
18890	0.39853448
18891	0.40789694
18892	0.41826472
18893	0.42964938
18894	0.44206429
18895	0.45553365
18896	0.47010750
18897	0.48588112
18898	0.50302637
18899	0.52183133
18900	0.54276019
18901	0.56654721
18902	0.59434891
18903	0.62802303
18904	0.67065799
18905	0.72770280
18906	0.80967557
18907	0.93975210
18908	1.18096697
18909	NaN
18910	NaN
18911	NaN
18912	NaN
18913	NaN
18914	NaN
18915	NaN
18916	NaN
18917	NaN
18918	NaN
18919	NaN
18920	NaN
18921	NaN
18922	NaN
18923	NaN
18924	NaN
18925	NaN
18926	NaN
18927	NaN
18928	NaN
18929	NaN
18930	NaN
18931	NaN
18932	NaN
18933	NaN
18934	NaN
18935	NaN
18936	NaN
18937	NaN
18938	NaN
18939	NaN
18940	NaN
18941	NaN
18942	NaN
18943	NaN
18944	NaN
18945	NaN
18946	NaN
18947	NaN
18948	NaN
18949	NaN
18950	NaN
18951	NaN
18952	NaN
18953	NaN
18954	NaN
18955	NaN
18956	NaN
18957	NaN
18958	NaN
18959	NaN
18960	NaN
18961	NaN
18962	NaN
18963	NaN
18964	NaN
18965	NaN
18966	NaN
18967	NaN
18968	NaN
18969	NaN
18970	NaN
18971	NaN
18972	NaN
18973	NaN
18974	NaN
18975	NaN
18976	NaN
18977	NaN
18978	NaN
18979	NaN
18980	NaN
18981	NaN
18982	NaN
18983	NaN
18984	NaN
18985	NaN
18986	NaN
18987	NaN
18988	NaN
18989	NaN
18990	NaN
18991	NaN
18992	NaN
18993	0.42427459
18994	0.34068254
18995	0.30821514
18996	0.29137379
18997	0.28132793
18998	0.27483234
18999	0.27041385
19000	0.26730731
19001	0.26507604
19002	0.26345295
19003	0.26226562
19004	0.26139829
19005	0.26077050
19006	0.26032487
19007	0.26001969
19008	0.25982410
19009	0.25971478
19010	0.25967416
19011	0.25968862
19012	0.25974739
19013	0.25984198
19014	0.25996542
19015	0.26011166
19016	0.26027551
19017	0.26045218
19018	0.26063699
19019	0.26082551
19020	0.26101303
19021	0.26119494
19022	0.26136643
19023	0.26152250
19024	0.26165819
19025	0.26176852
19026	0.26184860
19027	0.26189390
19028	0.26190028
19029	0.26186427
19030	0.26178324
19031	0.26165572
19032	0.26148149
19033	0.26126185
19034	0.26099986
19035	0.26070026
19036	0.26036954
19037	0.26001602
19038	0.25964940
19039	0.25928065
19040	0.25892177
19041	0.25858524
19042	0.25828353
19043	0.25802895
19044	0.25783300
19045	0.25770605
19046	0.25765708
19047	0.25769344
19048	0.25782058
19049	0.25804198
19050	0.25835899
19051	0.25877082
19052	0.25927427
19053	0.25986376
19054	0.26053128
19055	0.26126617
19056	0.26205543
19057	0.26288348
19058	0.26373261
19059	0.26458314
19060	0.26541403
19061	0.26620337
19062	0.26692933
19063	0.26757076
19064	0.26810843
19065	0.26852584
19066	0.26881018
19067	0.26895303
19068	0.26895094
19069	0.26880571
19070	0.26852426
19071	0.26811826
19072	0.26760361
19073	0.26699933
19074	0.26632676
19075	0.26560816
19076	0.26486599
19077	0.26412174
19078	0.26339525
19079	0.26270413
19080	0.26206344
19081	0.26148540
19082	0.26097944
19083	0.26055238
19084	0.26020846
19085	0.25994959
19086	0.25977576
19087	0.25968501
19088	0.25967389
19089	0.25973758
19090	0.25987005
19091	0.26006427
19092	0.26031232
19093	0.26060554
19094	0.26093468
19095	0.26129001
19096	0.26166156
19097	0.26203921
19098	0.26241308
19099	0.26277360
19100	0.26311195
19101	0.26342022
19102	0.26369178
19103	0.26392132
19104	0.26410511
19105	0.26424104
19106	0.26432860
19107	0.26436874
19108	0.26436380
19109	0.26431710
19110	0.26423284
19111	0.26411584
19112	0.26397118
19113	0.26380393
19114	0.26361907
19115	0.26342139
19116	0.26321527
19117	0.26300469
19118	0.26279327
19119	0.26258406
19120	0.26237994
19121	0.26218331
19122	0.26199624
19123	0.26182052
19124	0.26165777
19125	0.26150915
19126	0.26137576
19127	0.26125833
19128	0.26115760
19129	0.26107404
19130	0.26100826
19131	0.26096079
19132	0.26093236
19133	0.26092395
19134	0.26093677
19135	0.26097238
19136	0.26103255
19137	0.26111937
19138	0.26123494
19139	0.26138139
19140	0.26156059
19141	0.26177415
19142	0.26202312
19143	0.26230779
19144	0.26262787
19145	0.26298201
19146	0.26336801
19147	0.26378262
19148	0.26422161
19149	0.26467973
19150	0.26515049
19151	0.26562652
19152	0.26609933
19153	0.26655960
19154	0.26699713
19155	0.26740113
19156	0.26776063
19157	0.26806450
19158	0.26830208
19159	0.26846364
19160	0.26854077
19161	0.26852673
19162	0.26841730
19163	0.26821071
19164	0.26790842
19165	0.26751485
19166	0.26703766
19167	0.26648772
19168	0.26587856
19169	0.26522630
19170	0.26454902
19171	0.26386634
19172	0.26319870
19173	0.26256701
19174	0.26199219
19175	0.26149449
19176	0.26109329
19177	0.26080692
19178	0.26065198
19179	0.26064354
19180	0.26079455
19181	0.26111561
19182	0.26161465
19183	0.26229632
19184	0.26316178
19185	0.26420784
19186	0.26542664
19187	0.26680490
19188	0.26832372
19189	0.26995829
19190	0.27167797
19191	0.27344680
19192	0.27522454
19193	0.27696803
19194	0.27863318
19195	0.28017715
19196	0.28156054
19197	0.28274983
19198	0.28371897
19199	0.28445089
19200	0.28493771
19201	0.28518081
19202	0.28519011
19203	0.28498274
19204	0.28458172
19205	0.28401440
19206	0.28331104
19207	0.28250399
19208	0.28162718
19209	0.28071532
19210	0.27980474
19211	0.27893355
19212	0.27814361
19213	0.27748194
19214	0.27700379
19215	0.27677694
19216	0.27688649
19217	0.27744317
19218	0.27859345
19219	0.28053340
19220	0.28352937
19221	0.28794581
19222	0.29428446
19223	0.30324298
19224	0.31579792
19225	0.33334121
19226	0.35789758
19227	0.39251813
19228	0.44204444
19229	0.51476276
19230	0.62647367
19231	0.81230855
19232	NaN
19233	NaN
19234	NaN
19235	NaN
19236	NaN
19237	NaN
19238	NaN
19239	NaN
19240	NaN
19241	NaN
19242	NaN
19243	NaN
19244	NaN
19245	NaN
19246	NaN
19247	NaN
19248	NaN
19249	NaN
19250	NaN
19251	NaN
19252	NaN
19253	NaN
19254	NaN
19255	NaN
19256	NaN
19257	NaN
19258	NaN
19259	NaN
19260	NaN
19261	NaN
19262	NaN
19263	NaN
19264	NaN
19265	NaN
19266	NaN
19267	NaN
19268	NaN
19269	NaN
19270	NaN
19271	NaN
19272	NaN
19273	NaN
19274	NaN
19275	NaN
19276	NaN
19277	NaN
19278	NaN
19279	NaN
19280	NaN
19281	NaN
19282	NaN
19283	NaN
19284	NaN
19285	NaN
19286	NaN
19287	NaN
19288	NaN
19289	NaN
19290	NaN
19291	NaN
19292	NaN
19293	NaN
19294	NaN
19295	NaN
19296	NaN
19297	NaN
19298	NaN
19299	NaN
19300	NaN
19301	NaN
19302	NaN
19303	NaN
19304	NaN
19305	NaN
19306	NaN
19307	NaN
19308	NaN
19309	NaN
19310	NaN
19311	NaN
19312	NaN
19313	NaN
19314	NaN
19315	NaN
19316	NaN
19317	NaN
19318	NaN
19319	0.89367557
19320	0.59275568
19321	0.48762736
19322	0.43409166
19323	0.40169251
19324	0.38003346
19325	0.36459297
19326	0.35308543
19327	0.34422988
19328	0.33725154
19329	0.33165351
19330	0.32710263
19331	0.32336649
19332	0.32027850
19333	0.31771621
19334	0.31558758
19335	0.31382254
19336	0.31236693
19337	0.31117842
19338	0.31022367
19339	0.30947611
19340	0.30891436
19341	0.30852109
19342	0.30828178
19343	0.30818412
19344	0.30821717
19345	0.30837083
19346	0.30863529
19347	0.30900055
19348	0.30945593
19349	0.30998987
19350	0.31058955
19351	0.31124088
19352	0.31192821
19353	0.31263471
19354	0.31334245
19355	0.31403282
19356	0.31468713
19357	0.31528723
19358	0.31581637
19359	0.31625977
19360	0.31660545
19361	0.31684500
19362	0.31697378
19363	0.31699142
19364	0.31690171
19365	0.31671265
19366	0.31643575
19367	0.31608576
19368	0.31567979
19369	0.31523666
19370	0.31477588
19371	0.31431711
19372	0.31387925
19373	0.31347981
19374	0.31313437
19375	0.31285611
19376	0.31265545
19377	0.31253982
19378	0.31251347
19379	0.31257734
19380	0.31272918
19381	0.31296372
19382	0.31327286
19383	0.31364578
19384	0.31406969
19385	0.31453001
19386	0.31501094
19387	0.31549615
19388	0.31596926
19389	0.31641451
19390	0.31681719
19391	0.31716436
19392	0.31744522
19393	0.31765142
19394	0.31777748
19395	0.31782070
19396	0.31778127
19397	0.31766227
19398	0.31746906
19399	0.31720945
19400	0.31689277
19401	0.31652984
19402	0.31613225
19403	0.31571203
19404	0.31528121
19405	0.31485155
19406	0.31443408
19407	0.31403911
19408	0.31367597
19409	0.31335297
19410	0.31307736
19411	0.31285527
19412	0.31269187
19413	0.31259125
19414	0.31255656
19415	0.31258994
19416	0.31269264
19417	0.31286493
19418	0.31310621
19419	0.31341487
19420	0.31378844
19421	0.31422344
19422	0.31471542
19423	0.31525901
19424	0.31584799
19425	0.31647530
19426	0.31713322
19427	0.31781340
19428	0.31850722
19429	0.31920582
19430	0.31990033
19431	0.32058206
19432	0.32124272
19433	0.32187456
19434	0.32247043
19435	0.32302409
19436	0.32352999
19437	0.32398349
19438	0.32438084
19439	0.32471919
19440	0.32499662
19441	0.32521206
19442	0.32536530
19443	0.32545710
19444	0.32548904
19445	0.32546365
19446	0.32538435
19447	0.32525533
19448	0.32508186
19449	0.32486975
19450	0.32462582
19451	0.32435742
19452	0.32407272
19453	0.32378039
19454	0.32348949
19455	0.32320952
19456	0.32295009
19457	0.32272094
19458	0.32253167
19459	0.32239145
19460	0.32230914
19461	0.32229277
19462	0.32234952
19463	0.32248548
19464	0.32270545
19465	0.32301286
19466	0.32340947
19467	0.32389531
19468	0.32446867
19469	0.32512596
19470	0.32586163
19471	0.32666832
19472	0.32753679
19473	0.32845610
19474	0.32941380
19475	0.33039606
19476	0.33138791
19477	0.33237350
19478	0.33333650
19479	0.33426043
19480	0.33512905
19481	0.33592668
19482	0.33663872
19483	0.33725217
19484	0.33775598
19485	0.33814165
19486	0.33840358
19487	0.33853945
19488	0.33855069
19489	0.33844244
19490	0.33822373
19491	0.33790752
19492	0.33751011
19493	0.33705109
19494	0.33655262
19495	0.33603874
19496	0.33553502
19497	0.33506748
19498	0.33466196
19499	0.33434376
19500	0.33413652
19501	0.33406216
19502	0.33414009
19503	0.33438677
19504	0.33481541
19505	0.33543557
19506	0.33625287
19507	0.33726859
19508	0.33847961
19509	0.33987808
19510	0.34145129
19511	0.34318164
19512	0.34504682
19513	0.34701994
19514	0.34906998
19515	0.35116231
19516	0.35325989
19517	0.35532397
19518	0.35731545
19519	0.35919651
19520	0.36093158
19521	0.36248931
19522	0.36384365
19523	0.36497492
19524	0.36587086
19525	0.36652708
19526	0.36694720
19527	0.36714298
19528	0.36713347
19529	0.36694458
19530	0.36660826
19531	0.36616150
19532	0.36564544
19533	0.36510420
19534	0.36458465
19535	0.36413562
19536	0.36380711
19537	0.36365053
19538	0.36371788
19539	0.36406240
19540	0.36473808
19541	0.36579943
19542	0.36730230
19543	0.36930284
19544	0.37185809
19545	0.37502638
19546	0.37886646
19547	0.38343909
19548	0.38880718
19549	0.39503765
19550	0.40220422
19551	0.41039065
19552	0.41969806
19553	0.43025252
19554	0.44221881
19555	0.45581901
19556	0.47135907
19557	0.48927400
19558	0.51019329
19559	0.53505385
19560	0.56529796
19561	0.60323292
19562	0.65277028
19563	0.72106361
19564	0.82267088
19565	0.99239594
19566	1.33898246
19567	NaN
19568	NaN
19569	NaN
19570	NaN
19571	NaN
19572	NaN
19573	NaN
19574	NaN
19575	NaN
19576	NaN
19577	NaN
19578	NaN
19579	NaN
19580	NaN
19581	NaN
19582	NaN
19583	NaN
19584	NaN
19585	NaN
19586	NaN
19587	NaN
19588	NaN
19589	NaN
19590	NaN
19591	NaN
19592	NaN
19593	NaN
19594	NaN
19595	NaN
19596	NaN
19597	NaN
19598	NaN
19599	NaN
19600	NaN
19601	NaN
19602	NaN
19603	NaN
19604	NaN
19605	NaN
19606	NaN
19607	NaN
19608	NaN
19609	NaN
19610	NaN
19611	NaN
19612	NaN
19613	NaN
19614	NaN
19615	NaN
19616	NaN
19617	NaN
19618	NaN
19619	NaN
19620	NaN
19621	NaN
19622	NaN
19623	NaN
19624	NaN
19625	NaN
19626	NaN
19627	NaN
19628	NaN
19629	NaN
19630	NaN
19631	NaN
19632	NaN
19633	NaN
19634	NaN
19635	NaN
19636	NaN
19637	NaN
19638	NaN
19639	NaN
19640	NaN
19641	NaN
19642	NaN
19643	NaN
19644	NaN
19645	NaN
19646	NaN
19647	NaN
19648	NaN
19649	NaN
19650	0.85620034
19651	0.49594954
19652	0.40327168
19653	0.36195248
19654	0.33923328
19655	0.32528639
19656	0.31613940
19657	0.30988055
19658	0.30547634
19659	0.30232027
19660	0.30003384
19661	0.29836875
19662	0.29715654
19663	0.29627919
19664	0.29565209
19665	0.29521337
19666	0.29491711
19667	0.29472888
19668	0.29462251
19669	0.29457802
19670	0.29458013
19671	0.29461697
19672	0.29467934
19673	0.29475999
19674	0.29485312
19675	0.29495403
19676	0.29505858
19677	0.29516312
19678	0.29526418
19679	0.29535830
19680	0.29544207
19681	0.29551181
19682	0.29556382
19683	0.29559425
19684	0.29559913
19685	0.29557472
19686	0.29551733
19687	0.29542369
19688	0.29529116
19689	0.29511791
19690	0.29490313
19691	0.29464737
19692	0.29435262
19693	0.29402250
19694	0.29366234
19695	0.29327920
19696	0.29288182
19697	0.29248041
19698	0.29208651
19699	0.29171255
19700	0.29137149
19701	0.29107630
19702	0.29083964
19703	0.29067320
19704	0.29058743
19705	0.29059103
19706	0.29069075
19707	0.29089102
19708	0.29119408
19709	0.29159942
19710	0.29210413
19711	0.29270259
19712	0.29338652
19713	0.29414508
19714	0.29496488
19715	0.29582992
19716	0.29672208
19717	0.29762122
19718	0.29850569
19719	0.29935303
19720	0.30014062
19721	0.30084661
19722	0.30145076
19723	0.30193564
19724	0.30228719
19725	0.30249581
19726	0.30255660
19727	0.30246991
19728	0.30224109
19729	0.30188045
19730	0.30140248
19731	0.30082521
19732	0.30016917
19733	0.29945642
19734	0.29870960
19735	0.29795092
19736	0.29720142
19737	0.29648033
19738	0.29580450
19739	0.29518822
19740	0.29464290
19741	0.29417720
19742	0.29379702
19743	0.29350561
19744	0.29330385
19745	0.29319042
19746	0.29316217
19747	0.29321429
19748	0.29334065
19749	0.29353404
19750	0.29378635
19751	0.29408899
19752	0.29443288
19753	0.29480878
19754	0.29520732
19755	0.29561931
19756	0.29603574
19757	0.29644811
19758	0.29684845
19759	0.29722953
19760	0.29758513
19761	0.29790992
19762	0.29819971
19763	0.29845160
19764	0.29866365
19765	0.29883510
19766	0.29896632
19767	0.29905850
19768	0.29911360
19769	0.29913417
19770	0.29912323
19771	0.29908410
19772	0.29902026
19773	0.29893517
19774	0.29883230
19775	0.29871491
19776	0.29858610
19777	0.29844880
19778	0.29830560
19779	0.29815888
19780	0.29801106
19781	0.29786420
19782	0.29772043
19783	0.29758185
19784	0.29745060
19785	0.29732898
19786	0.29721934
19787	0.29712424
19788	0.29704645
19789	0.29698884
19790	0.29695451
19791	0.29694673
19792	0.29696882
19793	0.29702413
19794	0.29711592
19795	0.29724738
19796	0.29742125
19797	0.29763979
19798	0.29790467
19799	0.29821658
19800	0.29857540
19801	0.29897970
19802	0.29942679
19803	0.29991263
19804	0.30043170
19805	0.30097684
19806	0.30153969
19807	0.30211025
19808	0.30267745
19809	0.30322903
19810	0.30375212
19811	0.30423337
19812	0.30465943
19813	0.30501726
19814	0.30529469
19815	0.30548084
19816	0.30556655
19817	0.30554479
19818	0.30541119
19819	0.30516407
19820	0.30480510
19821	0.30433917
19822	0.30377451
19823	0.30312270
19824	0.30239838
19825	0.30161893
19826	0.30080402
19827	0.29997513
19828	0.29915482
19829	0.29836634
19830	0.29763284
19831	0.29697683
19832	0.29641965
19833	0.29598114
19834	0.29567891
19835	0.29552832
19836	0.29554188
19837	0.29572898
19838	0.29609567
19839	0.29664433
19840	0.29737344
19841	0.29827726
19842	0.29934546
19843	0.30056340
19844	0.30191162
19845	0.30336621
19846	0.30489892
19847	0.30647755
19848	0.30806708
19849	0.30963030
19850	0.31112915
19851	0.31252667
19852	0.31378797
19853	0.31488231
19854	0.31578466
19855	0.31647664
19856	0.31694761
19857	0.31719500
19858	0.31722412
19859	0.31704777
19860	0.31668517
19861	0.31616104
19862	0.31550416
19863	0.31474641
19864	0.31392154
19865	0.31306437
19866	0.31221053
19867	0.31139603
19868	0.31065738
19869	0.31003243
19870	0.30956033
19871	0.30928347
19872	0.30924845
19873	0.30950725
19874	0.31012028
19875	0.31115702
19876	0.31269976
19877	0.31484610
19878	0.31771073
19879	0.32143044
19880	0.32616758
19881	0.33211455
19882	0.33950037
19883	0.34859902
19884	0.35974249
19885	0.37334141
19886	0.38991684
19887	0.41015753
19888	0.43500796
19889	0.46583065
19890	0.50468910
19891	0.55488962
19892	0.62208825
19893	0.71678632
19894	0.86087030
19895	1.10851920
19896	NaN
19897	NaN
19898	NaN
19899	NaN
19900	NaN
19901	NaN
19902	NaN
19903	NaN
19904	NaN
19905	NaN
19906	NaN
19907	NaN
19908	NaN
19909	NaN
19910	NaN
19911	NaN
19912	NaN
19913	NaN
19914	NaN
19915	NaN
19916	NaN
19917	NaN
19918	NaN
19919	NaN
19920	NaN
19921	NaN
19922	NaN
19923	NaN
19924	NaN
19925	NaN
19926	NaN
19927	NaN
19928	NaN
19929	NaN
19930	NaN
19931	NaN
19932	NaN
19933	NaN
19934	NaN
19935	NaN
19936	NaN
19937	NaN
19938	NaN
19939	NaN
19940	NaN
19941	NaN
19942	NaN
19943	NaN
19944	NaN
19945	NaN
19946	NaN
19947	NaN
19948	NaN
19949	NaN
19950	NaN
19951	NaN
19952	NaN
19953	NaN
19954	NaN
19955	NaN
19956	NaN
19957	NaN
19958	NaN
19959	NaN
19960	NaN
19961	NaN
19962	NaN
19963	NaN
19964	NaN
19965	NaN
19966	NaN
19967	NaN
19968	NaN
19969	NaN
19970	NaN
19971	NaN
19972	NaN
19973	NaN
19974	NaN
19975	NaN
19976	NaN
19977	NaN
19978	NaN
19979	1.32081032
19980	0.67744803
19981	0.53226072
19982	0.46847469
19983	0.43285593
19984	0.41028789
19985	0.39483100
19986	0.38367534
19987	0.37531775
19988	0.36888105
19989	0.36381865
19990	0.35977218
19991	0.35649732
19992	0.35382208
19993	0.35162219
19994	0.34980634
19995	0.34830627
19996	0.34707049
19997	0.34605986
19998	0.34524462
19999	0.34460199
20000	0.34411466
20001	0.34376934
20002	0.34355593
20003	0.34346631
20004	0.34349403
20005	0.34363335
20006	0.34387887
20007	0.34422490
20008	0.34466502
20009	0.34519166
20010	0.34579569
20011	0.34646595
20012	0.34718910
20013	0.34794927
20014	0.34872815
20015	0.34950510
20016	0.35025737
20017	0.35096082
20018	0.35159075
20019	0.35212299
20020	0.35253504
20021	0.35280752
20022	0.35292548
20023	0.35287958
20024	0.35266691
20025	0.35229155
20026	0.35176453
20027	0.35110372
20028	0.35033262
20029	0.34947959
20030	0.34857598
20031	0.34765494
20032	0.34674987
20033	0.34589282
20034	0.34511343
20035	0.34443790
20036	0.34388822
20037	0.34348169
20038	0.34323052
20039	0.34314162
20040	0.34321687
20041	0.34345293
20042	0.34384158
20043	0.34437016
20044	0.34502181
20045	0.34577608
20046	0.34660944
20047	0.34749606
20048	0.34840858
20049	0.34931868
20050	0.35019860
20051	0.35102147
20052	0.35176259
20053	0.35240042
20054	0.35291705
20055	0.35329920
20056	0.35353851
20057	0.35363171
20058	0.35358068
20059	0.35339224
20060	0.35307738
20061	0.35265094
20062	0.35213026
20063	0.35153502
20064	0.35088560
20065	0.35020283
20066	0.34950700
20067	0.34881738
20068	0.34815171
20069	0.34752610
20070	0.34695458
20071	0.34644923
20072	0.34602010
20073	0.34567532
20074	0.34542114
20075	0.34526211
20076	0.34520105
20077	0.34523910
20078	0.34537584
20079	0.34560922
20080	0.34593561
20081	0.34634978
20082	0.34684497
20083	0.34741303
20084	0.34804466
20085	0.34872931
20086	0.34945592
20087	0.35021275
20088	0.35098794
20089	0.35176986
20090	0.35254708
20091	0.35330889
20092	0.35404533
20093	0.35474727
20094	0.35540667
20095	0.35601631
20096	0.35656998
20097	0.35706243
20098	0.35748923
20099	0.35784680
20100	0.35813242
20101	0.35834414
20102	0.35848072
20103	0.35854188
20104	0.35852805
20105	0.35844049
20106	0.35828137
20107	0.35805380
20108	0.35776174
20109	0.35741019
20110	0.35700509
20111	0.35655341
20112	0.35606325
20113	0.35554364
20114	0.35500476
20115	0.35445762
20116	0.35391426
20117	0.35338727
20118	0.35288987
20119	0.35243541
20120	0.35203731
20121	0.35170850
20122	0.35146126
20123	0.35130671
20124	0.35125467
20125	0.35131308
20126	0.35148805
20127	0.35178339
20128	0.35220051
20129	0.35273829
20130	0.35339320
20131	0.35415891
20132	0.35502663
20133	0.35598499
20134	0.35702026
20135	0.35811633
20136	0.35925493
20137	0.36041588
20138	0.36157739
20139	0.36271617
20140	0.36380807
20141	0.36482847
20142	0.36575311
20143	0.36655864
20144	0.36722365
20145	0.36772940
20146	0.36806089
20147	0.36820769
20148	0.36816460
20149	0.36793235
20150	0.36751789
20151	0.36693421
20152	0.36620057
20153	0.36534163
20154	0.36438674
20155	0.36336920
20156	0.36232492
20157	0.36129159
20158	0.36030734
20159	0.35940987
20160	0.35863546
20161	0.35801813
20162	0.35758892
20163	0.35737532
20164	0.35740080
20165	0.35768420
20166	0.35823944
20167	0.35907510
20168	0.36019388
20169	0.36159208
20170	0.36325949
20171	0.36517853
20172	0.36732423
20173	0.36966410
20174	0.37215799
20175	0.37475896
20176	0.37741381
20177	0.38006470
20178	0.38265082
20179	0.38511074
20180	0.38738492
20181	0.38941851
20182	0.39116380
20183	0.39258292
20184	0.39364961
20185	0.39435053
20186	0.39468595
20187	0.39466947
20188	0.39432764
20189	0.39369819
20190	0.39282897
20191	0.39177594
20192	0.39060152
20193	0.38937318
20194	0.38816217
20195	0.38704222
20196	0.38608935
20197	0.38538101
20198	0.38499606
20199	0.38501549
20200	0.38552186
20201	0.38660073
20202	0.38834101
20203	0.39083630
20204	0.39418638
20205	0.39849785
20206	0.40388712
20207	0.41048184
20208	0.41842425
20209	0.42787451
20210	0.43901625
20211	0.45206508
20212	0.46728075
20213	0.48498669
20214	0.50560123
20215	0.52968389
20216	0.55801415
20217	0.59171665
20218	0.63247740
20219	0.68293333
20220	0.74741697
20221	0.83353847
20222	0.95588094
20223	1.14622629
20224	1.48912835
20225	NaN
20226	NaN
20227	NaN
20228	NaN
20229	NaN
20230	NaN
20231	NaN
20232	NaN
20233	NaN
20234	NaN
20235	NaN
20236	NaN
20237	NaN
20238	NaN
20239	NaN
20240	NaN
20241	NaN
20242	NaN
20243	NaN
20244	NaN
20245	NaN
20246	NaN
20247	NaN
20248	NaN
20249	NaN
20250	NaN
20251	NaN
20252	NaN
20253	NaN
20254	NaN
20255	NaN
20256	NaN
20257	NaN
20258	NaN
20259	NaN
20260	NaN
20261	NaN
20262	NaN
20263	NaN
20264	NaN
20265	NaN
20266	NaN
20267	NaN
20268	NaN
20269	NaN
20270	NaN
20271	NaN
20272	NaN
20273	NaN
20274	NaN
20275	NaN
20276	NaN
20277	NaN
20278	NaN
20279	NaN
20280	NaN
20281	NaN
20282	NaN
20283	NaN
20284	NaN
20285	NaN
20286	NaN
20287	NaN
20288	NaN
20289	NaN
20290	NaN
20291	NaN
20292	NaN
20293	NaN
20294	NaN
20295	NaN
20296	NaN
20297	NaN
20298	NaN
20299	NaN
20300	NaN
20301	NaN
20302	NaN
20303	NaN
20304	NaN
20305	NaN
20306	NaN
20307	NaN
20308	NaN
20309	NaN
20310	NaN
20311	NaN
20312	NaN
20313	NaN
20314	0.57120806
20315	0.41369426
20316	0.35597163
20317	0.32704708
20318	0.31029695
20319	0.29978162
20320	0.29285091
20321	0.28814563
20322	0.28489754
20323	0.28264126
20324	0.28107974
20325	0.28001535
20326	0.27931270
20327	0.27887666
20328	0.27863911
20329	0.27855068
20330	0.27857506
20331	0.27868551
20332	0.27886209
20333	0.27909008
20334	0.27935842
20335	0.27965879
20336	0.27998510
20337	0.28033245
20338	0.28069729
20339	0.28107643
20340	0.28146714
20341	0.28186676
20342	0.28227240
20343	0.28268096
20344	0.28308871
20345	0.28349149
20346	0.28388450
20347	0.28426218
20348	0.28461850
20349	0.28494680
20350	0.28524011
20351	0.28549132
20352	0.28569347
20353	0.28583989
20354	0.28592497
20355	0.28594416
20356	0.28589457
20357	0.28577533
20358	0.28558773
20359	0.28533569
20360	0.28502578
20361	0.28466704
20362	0.28427106
20363	0.28385144
20364	0.28342333
20365	0.28300297
20366	0.28260699
20367	0.28225163
20368	0.28195238
20369	0.28172323
20370	0.28157640
20371	0.28152168
20372	0.28156644
20373	0.28171515
20374	0.28196943
20375	0.28232768
20376	0.28278527
20377	0.28333423
20378	0.28396350
20379	0.28465903
20380	0.28540385
20381	0.28617865
20382	0.28696215
20383	0.28773177
20384	0.28846446
20385	0.28913763
20386	0.28973007
20387	0.29022297
20388	0.29060090
20389	0.29085240
20390	0.29097080
20391	0.29095435
20392	0.29080632
20393	0.29053453
20394	0.29015088
20395	0.28967071
20396	0.28911161
20397	0.28849265
20398	0.28783339
20399	0.28715307
20400	0.28646970
20401	0.28579992
20402	0.28515822
20403	0.28455704
20404	0.28400651
20405	0.28351462
20406	0.28308719
20407	0.28272825
20408	0.28244016
20409	0.28222367
20410	0.28207836
20411	0.28200263
20412	0.28199396
20413	0.28204891
20414	0.28216338
20415	0.28233236
20416	0.28255045
20417	0.28281146
20418	0.28310898
20419	0.28343603
20420	0.28378552
20421	0.28415042
20422	0.28452370
20423	0.28489873
20424	0.28526929
20425	0.28562969
20426	0.28597489
20427	0.28630045
20428	0.28660259
20429	0.28687808
20430	0.28712431
20431	0.28733909
20432	0.28752062
20433	0.28766754
20434	0.28777871
20435	0.28785336
20436	0.28789100
20437	0.28789154
20438	0.28785518
20439	0.28778255
20440	0.28767481
20441	0.28753355
20442	0.28736091
20443	0.28715971
20444	0.28693315
20445	0.28668523
20446	0.28642029
20447	0.28614327
20448	0.28585958
20449	0.28557509
20450	0.28529593
20451	0.28502864
20452	0.28477994
20453	0.28455681
20454	0.28436625
20455	0.28421530
20456	0.28411075
20457	0.28405923
20458	0.28406674
20459	0.28413865
20460	0.28427950
20461	0.28449261
20462	0.28478017
20463	0.28514281
20464	0.28557959
20465	0.28608781
20466	0.28666294
20467	0.28729865
20468	0.28798661
20469	0.28871676
20470	0.28947723
20471	0.29025450
20472	0.29103354
20473	0.29179808
20474	0.29253089
20475	0.29321423
20476	0.29383019
20477	0.29436126
20478	0.29479107
20479	0.29510480
20480	0.29529014
20481	0.29533783
20482	0.29524225
20483	0.29500204
20484	0.29462039
20485	0.29410529
20486	0.29346925
20487	0.29272923
20488	0.29190615
20489	0.29102415
20490	0.29010987
20491	0.28919169
20492	0.28829896
20493	0.28746104
20494	0.28670681
20495	0.28606403
20496	0.28555873
20497	0.28521502
20498	0.28505450
20499	0.28509620
20500	0.28535604
20501	0.28584668
20502	0.28657696
20503	0.28755155
20504	0.28877032
20505	0.29022762
20506	0.29191169
20507	0.29380399
20508	0.29587862
20509	0.29810187
20510	0.30043241
20511	0.30282155
20512	0.30521435
20513	0.30755150
20514	0.30977127
20515	0.31181279
20516	0.31361914
20517	0.31514075
20518	0.31633818
20519	0.31718457
20520	0.31766710
20521	0.31778717
20522	0.31755975
20523	0.31701189
20524	0.31618059
20525	0.31511039
20526	0.31385118
20527	0.31245625
20528	0.31098080
20529	0.30948031
20530	0.30801159
20531	0.30663216
20532	0.30540189
20533	0.30438486
20534	0.30365184
20535	0.30328470
20536	0.30338168
20537	0.30406326
20538	0.30548328
20539	0.30784065
20540	0.31139588
20541	0.31649545
20542	0.32360196
20543	0.33333972
20544	0.34655353
20545	0.36439720
20546	0.38845730
20547	0.42094079
20548	0.46499118
20549	0.52524006
20550	0.60891849
20551	0.72830522
20552	0.90690130
20553	NaN
20554	NaN
20555	NaN
20556	NaN
20557	NaN
20558	NaN
20559	NaN
20560	NaN
20561	NaN
20562	NaN
20563	NaN
20564	NaN
20565	NaN
20566	NaN
20567	NaN
20568	NaN
20569	NaN
20570	NaN
20571	NaN
20572	NaN
20573	NaN
20574	NaN
20575	NaN
20576	NaN
20577	NaN
20578	NaN
20579	NaN
20580	NaN
20581	NaN
20582	NaN
20583	NaN
20584	NaN
20585	NaN
20586	NaN
20587	NaN
20588	NaN
20589	NaN
20590	NaN
20591	NaN
20592	NaN
20593	NaN
20594	NaN
20595	NaN
20596	NaN
20597	NaN
20598	NaN
20599	NaN
20600	NaN
20601	NaN
20602	NaN
20603	NaN
20604	NaN
20605	NaN
20606	NaN
20607	NaN
20608	NaN
20609	NaN
20610	NaN
20611	NaN
20612	NaN
20613	NaN
20614	NaN
20615	NaN
20616	NaN
20617	NaN
20618	NaN
20619	NaN
20620	NaN
20621	NaN
20622	NaN
20623	NaN
20624	NaN
20625	NaN
20626	NaN
20627	NaN
20628	NaN
20629	NaN
20630	NaN
20631	NaN
20632	NaN
20633	NaN
20634	NaN
20635	NaN
20636	NaN
20637	NaN
20638	NaN
20639	NaN
20640	NaN
20641	NaN
20642	NaN
20643	NaN
20644	NaN
20645	1.04950833
20646	0.64673811
20647	0.52292311
20648	0.46333894
20649	0.42862532
20650	0.40611455
20651	0.39048284
20652	0.37910146
20653	0.37052360
20654	0.36388677
20655	0.35864615
20656	0.35444096
20657	0.35102361
20658	0.34821936
20659	0.34590206
20660	0.34397900
20661	0.34238118
20662	0.34105670
20663	0.33996627
20664	0.33907992
20665	0.33837461
20666	0.33783269
20667	0.33744019
20668	0.33718616
20669	0.33706155
20670	0.33705863
20671	0.33717033
20672	0.33738971
20673	0.33770940
20674	0.33812121
20675	0.33861560
20676	0.33918130
20677	0.33980501
20678	0.34047103
20679	0.34116143
20680	0.34185567
20681	0.34253138
20682	0.34316444
20683	0.34372994
20684	0.34420314
20685	0.34456065
20686	0.34478182
20687	0.34484985
20688	0.34475330
20689	0.34448686
20690	0.34405231
20691	0.34345859
20692	0.34272164
20693	0.34186390
20694	0.34091306
20695	0.33990088
20696	0.33886153
20697	0.33783007
20698	0.33684087
20699	0.33592623
20700	0.33511522
20701	0.33443287
20702	0.33389935
20703	0.33352959
20704	0.33333313
20705	0.33331388
20706	0.33347023
20707	0.33379543
20708	0.33427757
20709	0.33490041
20710	0.33564356
20711	0.33648324
20712	0.33739316
20713	0.33834502
20714	0.33930963
20715	0.34025761
20716	0.34116071
20717	0.34199235
20718	0.34272864
20719	0.34334943
20720	0.34383872
20721	0.34418520
20722	0.34438273
20723	0.34443021
20724	0.34433153
20725	0.34409529
20726	0.34373400
20727	0.34326360
20728	0.34270254
20729	0.34207091
20730	0.34138975
20731	0.34068021
20732	0.33996293
20733	0.33925733
20734	0.33858144
20735	0.33795133
20736	0.33738118
20737	0.33688286
20738	0.33646631
20739	0.33613914
20740	0.33590710
20741	0.33577392
20742	0.33574140
20743	0.33580971
20744	0.33597723
20745	0.33624068
20746	0.33659524
20747	0.33703458
20748	0.33755103
20749	0.33813569
20750	0.33877859
20751	0.33946911
20752	0.34019619
20753	0.34094861
20754	0.34171534
20755	0.34248573
20756	0.34324980
20757	0.34399840
20758	0.34472328
20759	0.34541708
20760	0.34607330
20761	0.34668633
20762	0.34725133
20763	0.34776413
20764	0.34822103
20765	0.34861892
20766	0.34895515
20767	0.34922746
20768	0.34943405
20769	0.34957376
20770	0.34964591
20771	0.34965062
20772	0.34958863
20773	0.34946185
20774	0.34927303
20775	0.34902602
20776	0.34872583
20777	0.34837854
20778	0.34799138
20779	0.34757259
20780	0.34713149
20781	0.34667808
20782	0.34622324
20783	0.34577858
20784	0.34535611
20785	0.34496826
20786	0.34462765
20787	0.34434688
20788	0.34413826
20789	0.34401357
20790	0.34398377
20791	0.34405857
20792	0.34424606
20793	0.34455267
20794	0.34498239
20795	0.34553695
20796	0.34621528
20797	0.34701341
20798	0.34792444
20799	0.34893835
20800	0.35004196
20801	0.35121915
20802	0.35245079
20803	0.35371527
20804	0.35498846
20805	0.35624442
20806	0.35745582
20807	0.35859460
20808	0.35963282
20809	0.36054343
20810	0.36130136
20811	0.36188450
20812	0.36227468
20813	0.36245880
20814	0.36242956
20815	0.36218622
20816	0.36173487
20817	0.36108872
20818	0.36026779
20819	0.35929829
20820	0.35821179
20821	0.35704416
20822	0.35583431
20823	0.35462272
20824	0.35345030
20825	0.35235712
20826	0.35138151
20827	0.35055888
20828	0.34992144
20829	0.34949735
20830	0.34931052
20831	0.34938034
20832	0.34972125
20833	0.35034242
20834	0.35124761
20835	0.35243458
20836	0.35389465
20837	0.35561252
20838	0.35756543
20839	0.35972354
20840	0.36204913
20841	0.36449769
20842	0.36701787
20843	0.36955297
20844	0.37204280
20845	0.37442550
20846	0.37664026
20847	0.37863034
20848	0.38034588
20849	0.38174659
20850	0.38280419
20851	0.38350365
20852	0.38384435
20853	0.38383973
20854	0.38351631
20855	0.38291240
20856	0.38207564
20857	0.38106140
20858	0.37993056
20859	0.37874758
20860	0.37757909
20861	0.37649280
20862	0.37555695
20863	0.37484014
20864	0.37441111
20865	0.37433940
20866	0.37469545
20867	0.37555182
20868	0.37698367
20869	0.37906903
20870	0.38189065
20871	0.38553560
20872	0.39009699
20873	0.39567441
20874	0.40237549
20875	0.41031873
20876	0.41963738
20877	0.43048561
20878	0.44304916
20879	0.45756111
20880	0.47432896
20881	0.49377289
20882	0.51648682
20883	0.54333818
20884	0.57562947
20885	0.61539382
20886	0.66594094
20887	0.73299301
20888	0.82728857
20889	0.97148675
20890	1.22294927
20891	1.78101707
20892	NaN
20893	NaN
20894	NaN
20895	NaN
20896	NaN
20897	NaN
20898	NaN
20899	NaN
20900	NaN
20901	NaN
20902	NaN
20903	NaN
20904	NaN
20905	NaN
20906	NaN
20907	NaN
20908	NaN
20909	NaN
20910	NaN
20911	NaN
20912	NaN
20913	NaN
20914	NaN
20915	NaN
20916	NaN
20917	NaN
20918	NaN
20919	NaN
20920	NaN
20921	NaN
20922	NaN
20923	NaN
20924	NaN
20925	NaN
20926	NaN
20927	NaN
20928	NaN
20929	NaN
20930	NaN
20931	NaN
20932	NaN
20933	NaN
20934	NaN
20935	NaN
20936	NaN
20937	NaN
20938	NaN
20939	NaN
20940	NaN
20941	NaN
20942	NaN
20943	NaN
20944	NaN
20945	NaN
20946	NaN
20947	NaN
20948	NaN
20949	NaN
20950	NaN
20951	NaN
20952	NaN
20953	NaN
20954	NaN
20955	NaN
20956	NaN
20957	NaN
20958	NaN
20959	NaN
20960	NaN
20961	NaN
20962	NaN
20963	NaN
20964	NaN
20965	NaN
20966	NaN
20967	NaN
20968	NaN
20969	NaN
20970	NaN
20971	NaN
20972	NaN
20973	NaN
20974	NaN
20975	NaN
20976	NaN
20977	NaN
20978	NaN
20979	NaN
20980	NaN
20981	0.82168466
20982	0.39751062
20983	0.32621458
20984	0.29805511
20985	0.28366077
20986	0.27533874
20987	0.27019063
20988	0.26688227
20989	0.26471525
20990	0.26329055
20991	0.26236480
20992	0.26178274
20993	0.26144162
20994	0.26127172
20995	0.26122513
20996	0.26126823
20997	0.26137739
20998	0.26153603
20999	0.26173234
21000	0.26195797
21001	0.26220700
21002	0.26247507
21003	0.26275894
21004	0.26305589
21005	0.26336360
21006	0.26367980
21007	0.26400205
21008	0.26432770
21009	0.26465374
21010	0.26497692
21011	0.26529336
21012	0.26559907
21013	0.26588947
21014	0.26615974
21015	0.26640490
21016	0.26661971
21017	0.26679894
21018	0.26693749
21019	0.26703066
21020	0.26707432
21021	0.26706517
21022	0.26700106
21023	0.26688132
21024	0.26670679
21025	0.26648042
21026	0.26620695
21027	0.26589334
21028	0.26554850
21029	0.26518318
21030	0.26480979
21031	0.26444188
21032	0.26409373
21033	0.26377994
21034	0.26351473
21035	0.26331156
21036	0.26318267
21037	0.26313862
21038	0.26318780
21039	0.26333645
21040	0.26358795
21041	0.26394302
21042	0.26439923
21043	0.26495111
21044	0.26559004
21045	0.26630428
21046	0.26707920
21047	0.26789749
21048	0.26873958
21049	0.26958433
21050	0.27040941
21051	0.27119249
21052	0.27191195
21053	0.27254778
21054	0.27308273
21055	0.27350292
21056	0.27379873
21057	0.27396518
21058	0.27400202
21059	0.27391377
21060	0.27370933
21061	0.27340123
21062	0.27300498
21063	0.27253792
21064	0.27201864
21065	0.27146572
21066	0.27089721
21067	0.27032983
21068	0.26977864
21069	0.26925671
21070	0.26877493
21071	0.26834205
21072	0.26796478
21073	0.26764786
21074	0.26739433
21075	0.26720572
21076	0.26708212
21077	0.26702252
21078	0.26702484
21079	0.26708609
21080	0.26720253
21081	0.26736957
21082	0.26758218
21083	0.26783457
21084	0.26812068
21085	0.26843402
21086	0.26876792
21087	0.26911566
21088	0.26947075
21089	0.26982695
21090	0.27017835
21091	0.27051973
21092	0.27084646
21093	0.27115443
21094	0.27144027
21095	0.27170113
21096	0.27193460
21097	0.27213866
21098	0.27231166
21099	0.27245203
21100	0.27255860
21101	0.27263007
21102	0.27266553
21103	0.27266419
21104	0.27262551
21105	0.27254933
21106	0.27243587
21107	0.27228576
21108	0.27210039
21109	0.27188158
21110	0.27163196
21111	0.27135471
21112	0.27105370
21113	0.27073351
21114	0.27039924
21115	0.27005658
21116	0.26971161
21117	0.26937082
21118	0.26904100
21119	0.26872906
21120	0.26844209
21121	0.26818722
21122	0.26797137
21123	0.26780134
21124	0.26768360
21125	0.26762402
21126	0.26762784
21127	0.26769939
21128	0.26784196
21129	0.26805755
21130	0.26834658
21131	0.26870802
21132	0.26913896
21133	0.26963496
21134	0.27018952
21135	0.27079469
21136	0.27144068
21137	0.27211633
21138	0.27280909
21139	0.27350536
21140	0.27419069
21141	0.27485004
21142	0.27546811
21143	0.27602980
21144	0.27652058
21145	0.27692673
21146	0.27723634
21147	0.27743918
21148	0.27752754
21149	0.27749670
21150	0.27734500
21151	0.27707449
21152	0.27669069
21153	0.27620292
21154	0.27562380
21155	0.27496919
21156	0.27425769
21157	0.27350995
21158	0.27274811
21159	0.27199540
21160	0.27127516
21161	0.27061066
21162	0.27002427
21163	0.26953736
21164	0.26916969
21165	0.26893917
21166	0.26886168
21167	0.26895079
21168	0.26921722
21169	0.26966900
21170	0.27031043
21171	0.27114227
21172	0.27216077
21173	0.27335727
21174	0.27471802
21175	0.27622327
21176	0.27784738
21177	0.27955875
21178	0.28132010
21179	0.28308955
21180	0.28482145
21181	0.28646863
21182	0.28798455
21183	0.28932536
21184	0.29045290
21185	0.29133686
21186	0.29195631
21187	0.29230091
21188	0.29237112
21189	0.29217768
21190	0.29174033
21191	0.29108596
21192	0.29024726
21193	0.28926054
21194	0.28816438
21195	0.28699872
21196	0.28580409
21197	0.28462246
21198	0.28349674
21199	0.28247270
21200	0.28160006
21201	0.28093472
21202	0.28054157
21203	0.28049707
21204	0.28089425
21205	0.28184697
21206	0.28349623
21207	0.28601947
21208	0.28964007
21209	0.29464075
21210	0.30138177
21211	0.31032202
21212	0.32205182
21213	0.33733568
21214	0.35717550
21215	0.38291693
21216	0.41642308
21217	0.46040538
21218	0.51906919
21219	0.59948725
21220	0.71485835
21221	0.89329970
21222	1.20766568
21223	NaN
21224	NaN
21225	NaN
21226	NaN
21227	NaN
21228	NaN
21229	NaN
21230	NaN
21231	NaN
21232	NaN
21233	NaN
21234	NaN
21235	NaN
21236	NaN
21237	NaN
21238	NaN
21239	NaN
21240	NaN
21241	NaN
21242	NaN
21243	NaN
21244	NaN
21245	NaN
21246	NaN
21247	NaN
21248	NaN
21249	NaN
21250	NaN
21251	NaN
21252	NaN
21253	NaN
21254	NaN
21255	NaN
21256	NaN
21257	NaN
21258	NaN
21259	NaN
21260	NaN
21261	NaN
21262	NaN
21263	NaN
21264	NaN
21265	NaN
21266	NaN
21267	NaN
21268	NaN
21269	NaN
21270	NaN
21271	NaN
21272	NaN
21273	NaN
21274	NaN
21275	NaN
21276	NaN
21277	NaN
21278	NaN
21279	NaN
21280	NaN
21281	NaN
21282	NaN
21283	NaN
21284	NaN
21285	NaN
21286	NaN
21287	NaN
21288	NaN
21289	NaN
21290	NaN
21291	NaN
21292	NaN
21293	NaN
21294	NaN
21295	NaN
21296	NaN
21297	NaN
21298	NaN
21299	NaN
21300	NaN
21301	NaN
21302	NaN
21303	NaN
21304	NaN
21305	NaN
21306	NaN
21307	NaN
21308	NaN
21309	NaN
21310	NaN
21311	NaN
21312	NaN
21313	1.13320756
21314	0.65093189
21315	0.51476747
21316	0.45116067
21317	0.41472203
21318	0.39137959
21319	0.37533942
21320	0.36377707
21321	0.35515064
21322	0.34854770
21323	0.34339353
21324	0.33930942
21325	0.33603612
21326	0.33339101
21327	0.33124247
21328	0.32949397
21329	0.32807356
21330	0.32692716
21331	0.32601362
21332	0.32530162
21333	0.32476693
21334	0.32439071
21335	0.32415825
21336	0.32405773
21337	0.32407939
21338	0.32421494
21339	0.32445666
21340	0.32479733
21341	0.32522929
21342	0.32574433
21343	0.32633317
21344	0.32698512
21345	0.32768810
21346	0.32842797
21347	0.32918891
21348	0.32995337
21349	0.33070213
21350	0.33141497
21351	0.33207121
21352	0.33265024
21353	0.33313274
21354	0.33350146
21355	0.33374235
21356	0.33384556
21357	0.33380604
21358	0.33362445
21359	0.33330715
21360	0.33286628
21361	0.33231929
21362	0.33168814
21363	0.33099848
21364	0.33027816
21365	0.32955614
21366	0.32886127
21367	0.32822087
21368	0.32766005
21369	0.32720071
21370	0.32686082
21371	0.32665411
21372	0.32658970
21373	0.32667193
21374	0.32690042
21375	0.32726997
21376	0.32777095
21377	0.32838944
21378	0.32910770
21379	0.32990465
21380	0.33075649
21381	0.33163753
21382	0.33252093
21383	0.33337975
21384	0.33418784
21385	0.33492079
21386	0.33555713
21387	0.33607882
21388	0.33647227
21389	0.33672854
21390	0.33684385
21391	0.33681935
21392	0.33666104
21393	0.33637917
21394	0.33598772
21395	0.33550340
21396	0.33494508
21397	0.33433273
21398	0.33368659
21399	0.33302671
21400	0.33237195
21401	0.33173999
21402	0.33114666
21403	0.33060583
21404	0.33012938
21405	0.32972717
21406	0.32940695
21407	0.32917461
21408	0.32903418
21409	0.32898802
21410	0.32903671
21411	0.32917953
21412	0.32941404
21413	0.32973653
21414	0.33014202
21415	0.33062410
21416	0.33117539
21417	0.33178735
21418	0.33245060
21419	0.33315527
21420	0.33389089
21421	0.33464706
21422	0.33541340
21423	0.33617994
21424	0.33693734
21425	0.33767706
21426	0.33839127
21427	0.33907333
21428	0.33971724
21429	0.34031805
21430	0.34087160
21431	0.34137437
21432	0.34182361
21433	0.34221694
21434	0.34255263
21435	0.34282938
21436	0.34304622
21437	0.34320286
21438	0.34329933
21439	0.34333634
21440	0.34331515
21441	0.34323776
21442	0.34310693
21443	0.34292614
21444	0.34269992
21445	0.34243357
21446	0.34213334
21447	0.34180656
21448	0.34146136
21449	0.34110680
21450	0.34075275
21451	0.34040979
21452	0.34008893
21453	0.33980158
21454	0.33955917
21455	0.33937296
21456	0.33925375
21457	0.33921155
21458	0.33925542
21459	0.33939296
21460	0.33963037
21461	0.33997199
21462	0.34042031
21463	0.34097561
21464	0.34163606
21465	0.34239730
21466	0.34325269
21467	0.34419298
21468	0.34520638
21469	0.34627870
21470	0.34739316
21471	0.34853092
21472	0.34967110
21473	0.35079136
21474	0.35186815
21475	0.35287774
21476	0.35379639
21477	0.35460174
21478	0.35527334
21479	0.35579342
21480	0.35614821
21481	0.35632828
21482	0.35632932
21483	0.35615280
21484	0.35580596
21485	0.35530180
21486	0.35465914
21487	0.35390162
21488	0.35305744
21489	0.35215798
21490	0.35123715
21491	0.35033023
21492	0.34947276
21493	0.34869957
21494	0.34804392
21495	0.34753680
21496	0.34720609
21497	0.34707606
21498	0.34716704
21499	0.34749484
21500	0.34807026
21501	0.34889930
21502	0.34998211
21503	0.35131320
21504	0.35288095
21505	0.35466751
21506	0.35664880
21507	0.35879427
21508	0.36106759
21509	0.36342701
21510	0.36582619
21511	0.36821577
21512	0.37054452
21513	0.37276152
21514	0.37481812
21515	0.37666997
21516	0.37827927
21517	0.37961650
21518	0.38066185
21519	0.38140604
21520	0.38185051
21521	0.38200751
21522	0.38189885
21523	0.38155484
21524	0.38101301
21525	0.38031593
21526	0.37950990
21527	0.37864378
21528	0.37776688
21529	0.37692881
21530	0.37617800
21531	0.37556139
21532	0.37512439
21533	0.37491003
21534	0.37496030
21535	0.37531495
21536	0.37601262
21537	0.37709075
21538	0.37858582
21539	0.38053381
21540	0.38296980
21541	0.38592863
21542	0.38944441
21543	0.39355102
21544	0.39828300
21545	0.40367705
21546	0.40977341
21547	0.41662186
21548	0.42428419
21549	0.43284485
21550	0.44241977
21551	0.45316881
21552	0.46531916
21553	0.47918767
21554	0.49522492
21555	0.51407725
21556	0.53669202
21557	0.56450820
21558	0.59979671
21559	0.64636886
21560	0.71113461
21561	0.80805165
21562	0.97023016
21563	1.29997063
21564	NaN
21565	NaN
21566	NaN
21567	NaN
21568	NaN
21569	NaN
21570	NaN
21571	NaN
21572	NaN
21573	NaN
21574	NaN
21575	NaN
21576	NaN
21577	NaN
21578	NaN
21579	NaN
21580	NaN
21581	NaN
21582	NaN
21583	NaN
21584	NaN
21585	NaN
21586	NaN
21587	NaN
21588	NaN
21589	NaN
21590	NaN
21591	NaN
21592	NaN
21593	NaN
21594	NaN
21595	NaN
21596	NaN
21597	NaN
21598	NaN
21599	NaN
21600	NaN
21601	NaN
21602	NaN
21603	NaN
21604	NaN
21605	NaN
21606	NaN
21607	NaN
21608	NaN
21609	NaN
21610	NaN
21611	NaN
21612	NaN
21613	NaN
21614	NaN
21615	NaN
21616	NaN
21617	NaN
21618	NaN
21619	NaN
21620	NaN
21621	NaN
21622	NaN
21623	NaN
21624	NaN
21625	NaN
21626	NaN
21627	NaN
21628	NaN
21629	NaN
21630	NaN
21631	NaN
21632	NaN
21633	NaN
21634	NaN
21635	NaN
21636	NaN
21637	NaN
21638	NaN
21639	NaN
21640	NaN
21641	NaN
21642	NaN
21643	NaN
21644	NaN
21645	NaN
21646	NaN
21647	NaN
21648	0.60656095
21649	0.43022189
21650	0.36420456
21651	0.33043522
21652	0.31041312
21653	0.29749042
21654	0.28869036
21655	0.28248000
21656	0.27798986
21657	0.27469081
21658	0.27224231
21659	0.27041641
21660	0.26905507
21661	0.26804572
21662	0.26730660
21663	0.26677716
21664	0.26641205
21665	0.26617670
21666	0.26604456
21667	0.26599497
21668	0.26601163
21669	0.26608139
21670	0.26619360
21671	0.26633921
21672	0.26651046
21673	0.26670021
21674	0.26690188
21675	0.26710919
21676	0.26731572
21677	0.26751503
21678	0.26770055
21679	0.26786548
21680	0.26800290
21681	0.26810589
21682	0.26816770
21683	0.26818186
21684	0.26814246
21685	0.26804444
21686	0.26788387
21687	0.26765829
21688	0.26736706
21689	0.26701149
21690	0.26659524
21691	0.26612419
21692	0.26560670
21693	0.26505321
21694	0.26447618
21695	0.26388964
21696	0.26330858
21697	0.26274854
21698	0.26222497
21699	0.26175269
21700	0.26134527
21701	0.26101482
21702	0.26077151
21703	0.26062337
21704	0.26057634
21705	0.26063389
21706	0.26079741
21707	0.26106593
21708	0.26143637
21709	0.26190332
21710	0.26245922
21711	0.26309419
21712	0.26379609
21713	0.26455075
21714	0.26534161
21715	0.26615033
21716	0.26695698
21717	0.26774040
21718	0.26847920
21719	0.26915216
21720	0.26973939
21721	0.27022320
21722	0.27058902
21723	0.27082631
21724	0.27092910
21725	0.27089632
21726	0.27073205
21727	0.27044505
21728	0.27004835
21729	0.26955843
21730	0.26899424
21731	0.26837626
21732	0.26772538
21733	0.26706207
21734	0.26640552
21735	0.26577312
21736	0.26517996
21737	0.26463866
21738	0.26415917
21739	0.26374885
21740	0.26341262
21741	0.26315311
21742	0.26297083
21743	0.26286450
21744	0.26283127
21745	0.26286685
21746	0.26296586
21747	0.26312190
21748	0.26332784
21749	0.26357597
21750	0.26385808
21751	0.26416582
21752	0.26449069
21753	0.26482436
21754	0.26515877
21755	0.26548630
21756	0.26580012
21757	0.26609415
21758	0.26636314
21759	0.26660299
21760	0.26681054
21761	0.26698369
21762	0.26712143
21763	0.26722363
21764	0.26729098
21765	0.26732504
21766	0.26732776
21767	0.26730156
21768	0.26724905
21769	0.26717308
21770	0.26707643
21771	0.26696178
21772	0.26683176
21773	0.26668894
21774	0.26653567
21775	0.26637441
21776	0.26620746
21777	0.26603732
21778	0.26586646
21779	0.26569745
21780	0.26553288
21781	0.26537541
21782	0.26522771
21783	0.26509228
21784	0.26497164
21785	0.26486814
21786	0.26478398
21787	0.26472113
21788	0.26468155
21789	0.26466709
21790	0.26467940
21791	0.26472011
21792	0.26479083
21793	0.26489297
21794	0.26502767
21795	0.26519600
21796	0.26539838
21797	0.26563492
21798	0.26590505
21799	0.26620740
21800	0.26653981
21801	0.26689914
21802	0.26728132
21803	0.26768133
21804	0.26809302
21805	0.26850948
21806	0.26892287
21807	0.26932472
21808	0.26970604
21809	0.27005744
21810	0.27036968
21811	0.27063358
21812	0.27084053
21813	0.27098289
21814	0.27105403
21815	0.27104890
21816	0.27096409
21817	0.27079821
21818	0.27055198
21819	0.27022830
21820	0.26983240
21821	0.26937163
21822	0.26885545
21823	0.26829511
21824	0.26770341
21825	0.26709431
21826	0.26648253
21827	0.26588321
21828	0.26531142
21829	0.26478168
21830	0.26430783
21831	0.26390246
21832	0.26357687
21833	0.26334071
21834	0.26320195
21835	0.26316667
21836	0.26323885
21837	0.26342031
21838	0.26371077
21839	0.26410711
21840	0.26460385
21841	0.26519260
21842	0.26586202
21843	0.26659805
21844	0.26738364
21845	0.26819929
21846	0.26902351
21847	0.26983318
21848	0.27060455
21849	0.27131438
21850	0.27194071
21851	0.27246398
21852	0.27286825
21853	0.27314159
21854	0.27327693
21855	0.27327198
21856	0.27312949
21857	0.27285612
21858	0.27246264
21859	0.27196264
21860	0.27137178
21861	0.27070749
21862	0.26998752
21863	0.26923028
21864	0.26845413
21865	0.26767719
21866	0.26691794
21867	0.26619494
21868	0.26552761
21869	0.26493683
21870	0.26444554
21871	0.26407972
21872	0.26386932
21873	0.26384914
21874	0.26406005
21875	0.26454911
21876	0.26537111
21877	0.26658878
21878	0.26827195
21879	0.27049866
21880	0.27335235
21881	0.27692237
21882	0.28130132
21883	0.28658441
21884	0.29287174
21885	0.30026916
21886	0.30889583
21887	0.31889597
21888	0.33045375
21889	0.34382117
21890	0.35935277
21891	0.37756553
21892	0.39923021
21893	0.42552617
21894	0.45832908
21895	0.50076818
21896	0.55844492
21897	0.64240235
21898	0.77777678
21899	1.03672576
21900	NaN
21901	NaN
21902	NaN
21903	NaN
21904	NaN
21905	NaN
21906	NaN
21907	NaN
21908	NaN
21909	NaN
21910	NaN
21911	NaN
21912	NaN
21913	NaN
21914	NaN
21915	NaN
21916	NaN
21917	NaN
21918	NaN
21919	NaN
21920	NaN
21921	NaN
21922	NaN
21923	NaN
21924	NaN
21925	NaN
21926	NaN
21927	NaN
21928	NaN
21929	NaN
21930	NaN
21931	NaN
21932	NaN
21933	NaN
21934	NaN
21935	NaN
21936	NaN
21937	NaN
21938	NaN
21939	NaN
21940	NaN
21941	NaN
21942	NaN
21943	NaN
21944	NaN
21945	NaN
21946	NaN
21947	NaN
21948	NaN
21949	NaN
21950	NaN
21951	NaN
21952	NaN
21953	NaN
21954	NaN
21955	NaN
21956	NaN
21957	NaN
21958	NaN
21959	NaN
21960	NaN
21961	NaN
21962	NaN
21963	NaN
21964	NaN
21965	NaN
21966	NaN
21967	NaN
21968	NaN
21969	NaN
21970	NaN
21971	NaN
21972	NaN
21973	NaN
21974	NaN
21975	NaN
21976	NaN
21977	0.70710605
21978	0.50603908
21979	0.42972165
21980	0.38976997
21981	0.36536184
21982	0.34903368
21983	0.33744726
21984	0.32888371
21985	0.32236654
21986	0.31730002
21987	0.31329900
21988	0.31010371
21989	0.30753228
21990	0.30545369
21991	0.30377126
21992	0.30241230
21993	0.30132112
21994	0.30045477
21995	0.29977959
21996	0.29926914
21997	0.29890242
21998	0.29866281
21999	0.29853696
22000	0.29851419
22001	0.29858577
22002	0.29874444
22003	0.29898384
22004	0.29929814
22005	0.29968166
22006	0.30012834
22007	0.30063152
22008	0.30118346
22009	0.30177516
22010	0.30239609
22011	0.30303398
22012	0.30367503
22013	0.30430382
22014	0.30490375
22015	0.30545738
22016	0.30594727
22017	0.30635670
22018	0.30667037
22019	0.30687559
22020	0.30696306
22021	0.30692780
22022	0.30676961
22023	0.30649343
22024	0.30610949
22025	0.30563277
22026	0.30508247
22027	0.30448109
22028	0.30385333
22029	0.30322474
22030	0.30262095
22031	0.30206603
22032	0.30158219
22033	0.30118844
22034	0.30090037
22035	0.30072969
22036	0.30068389
22037	0.30076626
22038	0.30097589
22039	0.30130780
22040	0.30175316
22041	0.30229956
22042	0.30293143
22043	0.30363038
22044	0.30437586
22045	0.30514577
22046	0.30591708
22047	0.30666676
22048	0.30737251
22049	0.30801353
22050	0.30857161
22051	0.30903137
22052	0.30938131
22053	0.30961391
22054	0.30972597
22055	0.30971861
22056	0.30959702
22057	0.30937013
22058	0.30905005
22059	0.30865133
22060	0.30819035
22061	0.30768457
22062	0.30715179
22063	0.30660957
22064	0.30607471
22065	0.30556273
22066	0.30508766
22067	0.30466166
22068	0.30429521
22069	0.30399668
22070	0.30377260
22071	0.30362767
22072	0.30356482
22073	0.30358550
22074	0.30368948
22075	0.30387530
22076	0.30414030
22077	0.30448046
22078	0.30489087
22079	0.30536550
22080	0.30589744
22081	0.30647895
22082	0.30710152
22083	0.30775625
22084	0.30843380
22085	0.30912477
22086	0.30981982
22087	0.31050980
22088	0.31118619
22089	0.31184098
22090	0.31246689
22091	0.31305748
22092	0.31360701
22093	0.31411070
22094	0.31456459
22095	0.31496534
22096	0.31531051
22097	0.31559825
22098	0.31582749
22099	0.31599769
22100	0.31610897
22101	0.31616208
22102	0.31615835
22103	0.31609976
22104	0.31598887
22105	0.31582889
22106	0.31562367
22107	0.31537780
22108	0.31509641
22109	0.31478536
22110	0.31445107
22111	0.31410065
22112	0.31374168
22113	0.31338230
22114	0.31303099
22115	0.31269649
22116	0.31238765
22117	0.31211329
22118	0.31188190
22119	0.31170166
22120	0.31158003
22121	0.31152359
22122	0.31153807
22123	0.31162789
22124	0.31179634
22125	0.31204519
22126	0.31237483
22127	0.31278411
22128	0.31327024
22129	0.31382892
22130	0.31445423
22131	0.31513855
22132	0.31587282
22133	0.31664622
22134	0.31744671
22135	0.31826076
22136	0.31907374
22137	0.31987014
22138	0.32063398
22139	0.32134891
22140	0.32199895
22141	0.32256886
22142	0.32304484
22143	0.32341477
22144	0.32366934
22145	0.32380202
22146	0.32380986
22147	0.32369381
22148	0.32345864
22149	0.32311332
22150	0.32267067
22151	0.32214701
22152	0.32156187
22153	0.32093731
22154	0.32029718
22155	0.31966668
22156	0.31907123
22157	0.31853616
22158	0.31808585
22159	0.31774315
22160	0.31752905
22161	0.31746191
22162	0.31755739
22163	0.31782794
22164	0.31828254
22165	0.31892639
22166	0.31976065
22167	0.32078215
22168	0.32198328
22169	0.32335153
22170	0.32486993
22171	0.32651648
22172	0.32826474
22173	0.33008423
22174	0.33194089
22175	0.33379814
22176	0.33561790
22177	0.33736187
22178	0.33899322
22179	0.34047773
22180	0.34178552
22181	0.34289226
22182	0.34378022
22183	0.34443918
22184	0.34486663
22185	0.34506798
22186	0.34505641
22187	0.34485206
22188	0.34448186
22189	0.34397790
22190	0.34337714
22191	0.34272024
22192	0.34205058
22193	0.34141403
22194	0.34085754
22195	0.34042948
22196	0.34017918
22197	0.34015650
22198	0.34041262
22199	0.34099948
22200	0.34197038
22201	0.34338063
22202	0.34528735
22203	0.34775069
22204	0.35083395
22205	0.35460386
22206	0.35913223
22207	0.36449581
22208	0.37077844
22209	0.37807265
22210	0.38648179
22211	0.39612666
22212	0.40715015
22213	0.41972867
22214	0.43408787
22215	0.45052373
22216	0.46944231
22217	0.49140906
22218	0.51724315
22219	0.54816550
22220	0.58606070
22221	0.63398451
22222	0.69718349
22223	0.78544456
22224	0.91924751
22225	1.14970565
22226	1.64975393
22227	NaN
22228	NaN
22229	NaN
22230	NaN
22231	NaN
22232	NaN
22233	NaN
22234	NaN
22235	NaN
22236	NaN
22237	NaN
22238	NaN
22239	NaN
22240	NaN
22241	NaN
22242	NaN
22243	NaN
22244	NaN
22245	NaN
22246	NaN
22247	NaN
22248	NaN
22249	NaN
22250	NaN
22251	NaN
22252	NaN
22253	NaN
22254	NaN
22255	NaN
22256	NaN
22257	NaN
22258	NaN
22259	NaN
22260	NaN
22261	NaN
22262	NaN
22263	NaN
22264	NaN
22265	NaN
22266	NaN
22267	NaN
22268	NaN
22269	NaN
22270	NaN
22271	NaN
22272	NaN
22273	NaN
22274	NaN
22275	NaN
22276	NaN
22277	NaN
22278	NaN
22279	NaN
22280	NaN
22281	NaN
22282	NaN
22283	NaN
22284	NaN
22285	NaN
22286	NaN
22287	NaN
22288	NaN
22289	NaN
22290	NaN
22291	NaN
22292	NaN
22293	NaN
22294	NaN
22295	NaN
22296	NaN
22297	NaN
22298	NaN
22299	NaN
22300	NaN
22301	NaN
22302	NaN
22303	NaN
22304	NaN
22305	NaN
22306	NaN
22307	NaN
22308	NaN
22309	0.52907228
22310	0.35970232
22311	0.30242199
22312	0.27427030
22313	0.25795174
22314	0.24759270
22315	0.24064659
22316	0.23582825
22317	0.23241819
22318	0.22998166
22319	0.22824031
22320	0.22700763
22321	0.22615406
22322	0.22558677
22323	0.22523774
22324	0.22505611
22325	0.22500288
22326	0.22504804
22327	0.22516771
22328	0.22534293
22329	0.22555821
22330	0.22580062
22331	0.22605920
22332	0.22632439
22333	0.22658771
22334	0.22684130
22335	0.22707789
22336	0.22729063
22337	0.22747296
22338	0.22761871
22339	0.22772223
22340	0.22777829
22341	0.22778249
22342	0.22773130
22343	0.22762236
22344	0.22745462
22345	0.22722851
22346	0.22694612
22347	0.22661141
22348	0.22623003
22349	0.22580959
22350	0.22535926
22351	0.22488965
22352	0.22441255
22353	0.22394030
22354	0.22348560
22355	0.22306085
22356	0.22267769
22357	0.22234671
22358	0.22207703
22359	0.22187606
22360	0.22174923
22361	0.22170021
22362	0.22173059
22363	0.22184011
22364	0.22202691
22365	0.22228749
22366	0.22261693
22367	0.22300920
22368	0.22345716
22369	0.22395273
22370	0.22448701
22371	0.22505020
22372	0.22563198
22373	0.22622119
22374	0.22680627
22375	0.22737519
22376	0.22791573
22377	0.22841577
22378	0.22886367
22379	0.22924861
22380	0.22956116
22381	0.22979361
22382	0.22994047
22383	0.22999871
22384	0.22996809
22385	0.22985117
22386	0.22965318
22387	0.22938195
22388	0.22904734
22389	0.22866094
22390	0.22823527
22391	0.22778341
22392	0.22731824
22393	0.22685200
22394	0.22639585
22395	0.22595948
22396	0.22555093
22397	0.22517657
22398	0.22484104
22399	0.22454728
22400	0.22429688
22401	0.22409011
22402	0.22392626
22403	0.22380373
22404	0.22372040
22405	0.22367376
22406	0.22366090
22407	0.22367898
22408	0.22372489
22409	0.22379574
22410	0.22388865
22411	0.22400071
22412	0.22412913
22413	0.22427113
22414	0.22442392
22415	0.22458467
22416	0.22475053
22417	0.22491862
22418	0.22508597
22419	0.22524977
22420	0.22540703
22421	0.22555506
22422	0.22569117
22423	0.22581294
22424	0.22591816
22425	0.22600493
22426	0.22607175
22427	0.22611733
22428	0.22614096
22429	0.22614215
22430	0.22612093
22431	0.22607771
22432	0.22601327
22433	0.22592892
22434	0.22582632
22435	0.22570759
22436	0.22557536
22437	0.22543254
22438	0.22528255
22439	0.22512908
22440	0.22497608
22441	0.22482760
22442	0.22468774
22443	0.22456047
22444	0.22444955
22445	0.22435847
22446	0.22429025
22447	0.22424750
22448	0.22423230
22449	0.22424632
22450	0.22429070
22451	0.22436614
22452	0.22447288
22453	0.22461082
22454	0.22477937
22455	0.22497760
22456	0.22520417
22457	0.22545736
22458	0.22573493
22459	0.22603440
22460	0.22635265
22461	0.22668628
22462	0.22703142
22463	0.22738378
22464	0.22773877
22465	0.22809133
22466	0.22843628
22467	0.22876808
22468	0.22908111
22469	0.22936979
22470	0.22962838
22471	0.22985159
22472	0.23003426
22473	0.23017196
22474	0.23026088
22475	0.23029809
22476	0.23028176
22477	0.23021136
22478	0.23008750
22479	0.22991255
22480	0.22969009
22481	0.22942519
22482	0.22912437
22483	0.22879526
22484	0.22844662
22485	0.22808795
22486	0.22772948
22487	0.22738175
22488	0.22705543
22489	0.22676128
22490	0.22650993
22491	0.22631153
22492	0.22617605
22493	0.22611281
22494	0.22613065
22495	0.22623770
22496	0.22644125
22497	0.22674781
22498	0.22716250
22499	0.22768913
22500	0.22832972
22501	0.22908403
22502	0.22994940
22503	0.23091997
22504	0.23198663
22505	0.23313656
22506	0.23435308
22507	0.23561576
22508	0.23690075
22509	0.23818146
22510	0.23942934
22511	0.24061511
22512	0.24171032
22513	0.24268872
22514	0.24352737
22515	0.24420848
22516	0.24471964
22517	0.24505480
22518	0.24521410
22519	0.24520373
22520	0.24503540
22521	0.24472521
22522	0.24429329
22523	0.24376281
22524	0.24315895
22525	0.24250935
22526	0.24184313
22527	0.24119174
22528	0.24058956
22529	0.24007484
22530	0.23969194
22531	0.23949336
22532	0.23954377
22533	0.23992401
22534	0.24073718
22535	0.24211784
22536	0.24424309
22537	0.24734721
22538	0.25174662
22539	0.25786927
22540	0.26630247
22541	0.27786544
22542	0.29371709
22543	0.31555033
22544	0.34592208
22545	0.38891345
22546	0.45154119
22547	0.54718852
22548	0.70554626
22549	NaN
22550	NaN
22551	NaN
22552	NaN
22553	NaN
22554	NaN
22555	NaN
22556	NaN
22557	NaN
22558	NaN
22559	NaN
22560	NaN
22561	NaN
22562	NaN
22563	NaN
22564	NaN
22565	NaN
22566	NaN
22567	NaN
22568	NaN
22569	NaN
22570	NaN
22571	NaN
22572	NaN
22573	NaN
22574	NaN
22575	NaN
22576	NaN
22577	NaN
22578	NaN
22579	NaN
22580	NaN
22581	NaN
22582	NaN
22583	NaN
22584	NaN
22585	NaN
22586	NaN
22587	NaN
22588	NaN
22589	NaN
22590	NaN
22591	NaN
22592	NaN
22593	NaN
22594	NaN
22595	NaN
22596	NaN
22597	NaN
22598	NaN
22599	NaN
22600	NaN
22601	NaN
22602	NaN
22603	NaN
22604	NaN
22605	NaN
22606	NaN
22607	NaN
22608	NaN
22609	NaN
22610	NaN
22611	NaN
22612	NaN
22613	NaN
22614	NaN
22615	NaN
22616	NaN
22617	NaN
22618	NaN
22619	NaN
22620	NaN
22621	NaN
22622	NaN
22623	NaN
22624	NaN
22625	NaN
22626	NaN
22627	NaN
22628	NaN
22629	NaN
22630	NaN
22631	NaN
22632	NaN
22633	NaN
22634	NaN
22635	0.91576183
22636	0.58473790
22637	0.47823444
22638	0.42567071
22639	0.39436844
22640	0.37362537
22641	0.35889795
22642	0.34792817
22643	0.33946618
22644	0.33276331
22645	0.32734433
22646	0.32289228
22647	0.31918836
22648	0.31607664
22649	0.31344351
22650	0.31120458
22651	0.30929622
22652	0.30767012
22653	0.30628914
22654	0.30512467
22655	0.30415472
22656	0.30336213
22657	0.30273345
22658	0.30225816
22659	0.30192745
22660	0.30173406
22661	0.30167121
22662	0.30173212
22663	0.30190986
22664	0.30219641
22665	0.30258259
22666	0.30305764
22667	0.30360895
22668	0.30422211
22669	0.30488062
22670	0.30556637
22671	0.30625966
22672	0.30693984
22673	0.30758590
22674	0.30817702
22675	0.30869377
22676	0.30911860
22677	0.30943686
22678	0.30963770
22679	0.30971435
22680	0.30966491
22681	0.30949223
22682	0.30920386
22683	0.30881163
22684	0.30833119
22685	0.30778095
22686	0.30718145
22687	0.30655414
22688	0.30592084
22689	0.30530253
22690	0.30471885
22691	0.30418742
22692	0.30372337
22693	0.30333892
22694	0.30304343
22695	0.30284294
22696	0.30274054
22697	0.30273610
22698	0.30282670
22699	0.30300662
22700	0.30326772
22701	0.30359980
22702	0.30399069
22703	0.30442688
22704	0.30489367
22705	0.30537584
22706	0.30585781
22707	0.30632427
22708	0.30676058
22709	0.30715340
22710	0.30749086
22711	0.30776328
22712	0.30796328
22713	0.30808610
22714	0.30812979
22715	0.30809501
22716	0.30798504
22717	0.30780557
22718	0.30756423
22719	0.30727038
22720	0.30693454
22721	0.30656809
22722	0.30618277
22723	0.30579042
22724	0.30540270
22725	0.30503079
22726	0.30468524
22727	0.30437592
22728	0.30411193
22729	0.30390140
22730	0.30375168
22731	0.30366912
22732	0.30365917
22733	0.30372596
22734	0.30387273
22735	0.30410123
22736	0.30441180
22737	0.30480334
22738	0.30527315
22739	0.30581680
22740	0.30642843
22741	0.30710056
22742	0.30782443
22743	0.30859005
22744	0.30938643
22745	0.31020197
22746	0.31102443
22747	0.31184158
22748	0.31264120
22749	0.31341144
22750	0.31414115
22751	0.31481996
22752	0.31543857
22753	0.31598899
22754	0.31646451
22755	0.31686005
22756	0.31717199
22757	0.31739843
22758	0.31753913
22759	0.31759545
22760	0.31757051
22761	0.31746903
22762	0.31729725
22763	0.31706282
22764	0.31677464
22765	0.31644264
22766	0.31607765
22767	0.31569117
22768	0.31529507
22769	0.31490138
22770	0.31452218
22771	0.31416926
22772	0.31385410
22773	0.31358761
22774	0.31337994
22775	0.31324035
22776	0.31317705
22777	0.31319714
22778	0.31330627
22779	0.31350860
22780	0.31380671
22781	0.31420144
22782	0.31469178
22783	0.31527492
22784	0.31594619
22785	0.31669915
22786	0.31752566
22787	0.31841582
22788	0.31935850
22789	0.32034099
22790	0.32134959
22791	0.32236964
22792	0.32338572
22793	0.32438198
22794	0.32534239
22795	0.32625106
22796	0.32709256
22797	0.32785213
22798	0.32851642
22799	0.32907358
22800	0.32951388
22801	0.32983020
22802	0.33001831
22803	0.33007735
22804	0.33001015
22805	0.32982332
22806	0.32952744
22807	0.32913673
22808	0.32866895
22809	0.32814473
22810	0.32758704
22811	0.32702085
22812	0.32647187
22813	0.32596609
22814	0.32552904
22815	0.32518509
22816	0.32495672
22817	0.32486418
22818	0.32492489
22819	0.32515302
22820	0.32555923
22821	0.32615030
22822	0.32692903
22823	0.32789379
22824	0.32903862
22825	0.33035275
22826	0.33182091
22827	0.33342302
22828	0.33513448
22829	0.33692655
22830	0.33876640
22831	0.34061834
22832	0.34244427
22833	0.34420502
22834	0.34586179
22835	0.34737748
22836	0.34871835
22837	0.34985590
22838	0.35076776
22839	0.35143927
22840	0.35186437
22841	0.35204566
22842	0.35199472
22843	0.35173157
22844	0.35128415
22845	0.35068727
22846	0.34998113
22847	0.34921134
22848	0.34842637
22849	0.34767765
22850	0.34701839
22851	0.34650230
22852	0.34618437
22853	0.34611884
22854	0.34636045
22855	0.34696361
22856	0.34798190
22857	0.34946927
22858	0.35147879
22859	0.35406417
22860	0.35727897
22861	0.36117730
22862	0.36581481
22863	0.37125006
22864	0.37754583
22865	0.38477272
22866	0.39301261
22867	0.40236586
22868	0.41296029
22869	0.42496455
22870	0.43860975
22871	0.45421517
22872	0.47223732
22873	0.49333933
22874	0.51850712
22875	0.54926169
22876	0.58803797
22877	0.63897198
22878	0.70964181
22879	0.81551176
22880	0.99375004
22881	1.36151946
22882	NaN
22883	NaN
22884	NaN
22885	NaN
22886	NaN
22887	NaN
22888	NaN
22889	NaN
22890	NaN
22891	NaN
22892	NaN
22893	NaN
22894	NaN
22895	NaN
22896	NaN
22897	NaN
22898	NaN
22899	NaN
22900	NaN
22901	NaN
22902	NaN
22903	NaN
22904	NaN
22905	NaN
22906	NaN
22907	NaN
22908	NaN
22909	NaN
22910	NaN
22911	NaN
22912	NaN
22913	NaN
22914	NaN
22915	NaN
22916	NaN
22917	NaN
22918	NaN
22919	NaN
22920	NaN
22921	NaN
22922	NaN
22923	NaN
22924	NaN
22925	NaN
22926	NaN
22927	NaN
22928	NaN
22929	NaN
22930	NaN
22931	NaN
22932	NaN
22933	NaN
22934	NaN
22935	NaN
22936	NaN
22937	NaN
22938	NaN
22939	NaN
22940	NaN
22941	NaN
22942	NaN
22943	NaN
22944	NaN
22945	NaN
22946	NaN
22947	NaN
22948	NaN
22949	NaN
22950	NaN
22951	NaN
22952	NaN
22953	NaN
22954	NaN
22955	NaN
22956	NaN
22957	NaN
22958	NaN
22959	NaN
22960	NaN
22961	NaN
22962	NaN
22963	NaN
22964	NaN
22965	NaN
22966	NaN
22967	NaN
22968	NaN
22969	NaN
22970	NaN
22971	NaN
22972	NaN
22973	0.49045935
22974	0.37954241
22975	0.33845794
22976	0.31778839
22977	0.30577198
22978	0.29817900
22979	0.29311979
22980	0.28962579
22981	0.28715166
22982	0.28536886
22983	0.28406909
22984	0.28311515
22985	0.28241396
22986	0.28190082
22987	0.28153017
22988	0.28126961
22989	0.28109562
22990	0.28099135
22991	0.28094447
22992	0.28094614
22993	0.28098983
22994	0.28107059
22995	0.28118485
22996	0.28132963
22997	0.28150231
22998	0.28170040
22999	0.28192127
23000	0.28216207
23001	0.28241935
23002	0.28268933
23003	0.28296754
23004	0.28324893
23005	0.28352791
23006	0.28379840
23007	0.28405389
23008	0.28428766
23009	0.28449282
23010	0.28466266
23011	0.28479099
23012	0.28487211
23013	0.28490162
23014	0.28487629
23015	0.28479463
23016	0.28465712
23017	0.28446648
23018	0.28422761
23019	0.28394765
23020	0.28363591
23021	0.28330347
23022	0.28296283
23023	0.28262761
23024	0.28231174
23025	0.28202924
23026	0.28179368
23027	0.28161773
23028	0.28151271
23029	0.28148839
23030	0.28155273
23031	0.28171146
23032	0.28196794
23033	0.28232294
23034	0.28277424
23035	0.28331673
23036	0.28394210
23037	0.28463882
23038	0.28539228
23039	0.28618503
23040	0.28699708
23041	0.28780669
23042	0.28859085
23043	0.28932652
23044	0.28999147
23045	0.29056540
23046	0.29103112
23047	0.29137534
23048	0.29158950
23049	0.29167026
23050	0.29161951
23051	0.29144415
23052	0.29115579
23053	0.29076949
23054	0.29030317
23055	0.28977630
23056	0.28920889
23057	0.28862053
23058	0.28802955
23059	0.28745243
23060	0.28690338
23061	0.28639415
23062	0.28593394
23063	0.28552952
23064	0.28518555
23065	0.28490439
23066	0.28468689
23067	0.28453228
23068	0.28443864
23069	0.28440300
23070	0.28442147
23071	0.28448969
23072	0.28460270
23073	0.28475514
23074	0.28494143
23075	0.28515586
23076	0.28539252
23077	0.28564578
23078	0.28591013
23079	0.28618029
23080	0.28645167
23081	0.28672004
23082	0.28698194
23083	0.28723440
23084	0.28747511
23085	0.28770229
23086	0.28791457
23087	0.28811106
23088	0.28829083
23089	0.28845328
23090	0.28859773
23091	0.28872338
23092	0.28882942
23093	0.28891477
23094	0.28897834
23095	0.28901884
23096	0.28903499
23097	0.28902549
23098	0.28898931
23099	0.28892544
23100	0.28883338
23101	0.28871292
23102	0.28856441
23103	0.28838876
23104	0.28818753
23105	0.28796297
23106	0.28771794
23107	0.28745624
23108	0.28718236
23109	0.28690150
23110	0.28661972
23111	0.28634372
23112	0.28608075
23113	0.28583857
23114	0.28562519
23115	0.28544855
23116	0.28531644
23117	0.28523603
23118	0.28521359
23119	0.28525436
23120	0.28536230
23121	0.28553966
23122	0.28578711
23123	0.28610349
23124	0.28648567
23125	0.28692862
23126	0.28742540
23127	0.28796694
23128	0.28854254
23129	0.28913936
23130	0.28974324
23131	0.29033846
23132	0.29090822
23133	0.29143512
23134	0.29190141
23135	0.29228994
23136	0.29258451
23137	0.29277059
23138	0.29283643
23139	0.29277310
23140	0.29257557
23141	0.29224306
23142	0.29177928
23143	0.29119271
23144	0.29049620
23145	0.28970698
23146	0.28884593
23147	0.28793696
23148	0.28700632
23149	0.28608179
23150	0.28519168
23151	0.28436428
23152	0.28362691
23153	0.28300551
23154	0.28252411
23155	0.28220412
23156	0.28206420
23157	0.28211984
23158	0.28238294
23159	0.28286162
23160	0.28355968
23161	0.28447637
23162	0.28560573
23163	0.28693634
23164	0.28845081
23165	0.29012522
23166	0.29192930
23167	0.29382607
23168	0.29577234
23169	0.29771954
23170	0.29961491
23171	0.30140349
23172	0.30303013
23173	0.30444247
23174	0.30559349
23175	0.30644435
23176	0.30696642
23177	0.30714324
23178	0.30697072
23179	0.30645773
23180	0.30562451
23181	0.30450162
23182	0.30312774
23183	0.30154759
23184	0.29981026
23185	0.29796705
23186	0.29607084
23187	0.29417503
23188	0.29233307
23189	0.29059947
23190	0.28902954
23191	0.28768080
23192	0.28661475
23193	0.28589758
23194	0.28560328
23195	0.28581512
23196	0.28662857
23197	0.28815335
23198	0.29051507
23199	0.29385740
23200	0.29834232
23201	0.30414784
23202	0.31146613
23203	0.32049653
23204	0.33143938
23205	0.34448954
23206	0.35983098
23207	0.37764609
23208	0.39813131
23209	0.42154393
23210	0.44827759
23211	0.47898093
23212	0.51475817
23213	0.55747986
23214	0.61038417
23215	0.67928344
23216	0.77538037
23217	0.92298126
23218	1.18607903
23219	NaN
23220	NaN
23221	NaN
23222	NaN
23223	NaN
23224	NaN
23225	NaN
23226	NaN
23227	NaN
23228	NaN
23229	NaN
23230	NaN
23231	NaN
23232	NaN
23233	NaN
23234	NaN
23235	NaN
23236	NaN
23237	NaN
23238	NaN
23239	NaN
23240	NaN
23241	NaN
23242	NaN
23243	NaN
23244	NaN
23245	NaN
23246	NaN
23247	NaN
23248	NaN
23249	NaN
23250	NaN
23251	NaN
23252	NaN
23253	NaN
23254	NaN
23255	NaN
23256	NaN
23257	NaN
23258	NaN
23259	NaN
23260	NaN
23261	NaN
23262	NaN
23263	NaN
23264	NaN
23265	NaN
23266	NaN
23267	NaN
23268	NaN
23269	NaN
23270	NaN
23271	NaN
23272	NaN
23273	NaN
23274	NaN
23275	NaN
23276	NaN
23277	NaN
23278	NaN
23279	NaN
23280	NaN
23281	NaN
23282	NaN
23283	NaN
23284	NaN
23285	NaN
23286	NaN
23287	NaN
23288	NaN
23289	NaN
23290	NaN
23291	NaN
23292	NaN
23293	NaN
23294	NaN
23295	NaN
23296	NaN
23297	1.46926308
23298	0.63817579
23299	0.48996001
23300	0.42809498
23301	0.39419332
23302	0.37284231
23303	0.35820660
23304	0.34758854
23305	0.33956677
23306	0.33332101
23307	0.32834378
23308	0.32430413
23309	0.32097709
23310	0.31820393
23311	0.31587020
23312	0.31389126
23313	0.31220338
23314	0.31075832
23315	0.30951896
23316	0.30845684
23317	0.30754992
23318	0.30678120
23319	0.30613762
23320	0.30560911
23321	0.30518776
23322	0.30486748
23323	0.30464306
23324	0.30451009
23325	0.30446443
23326	0.30450168
23327	0.30461729
23328	0.30480579
23329	0.30506080
23330	0.30537492
23331	0.30573931
23332	0.30614394
23333	0.30657727
23334	0.30702671
23335	0.30747867
23336	0.30791891
23337	0.30833325
23338	0.30870780
23339	0.30902988
23340	0.30928850
23341	0.30947497
23342	0.30958340
23343	0.30961120
23344	0.30955911
23345	0.30943131
23346	0.30923536
23347	0.30898166
23348	0.30868304
23349	0.30835411
23350	0.30801067
23351	0.30766883
23352	0.30734459
23353	0.30705285
23354	0.30680722
23355	0.30661935
23356	0.30649859
23357	0.30645177
23358	0.30648309
23359	0.30659389
23360	0.30678287
23361	0.30704606
23362	0.30737704
23363	0.30776721
23364	0.30820599
23365	0.30868122
23366	0.30917972
23367	0.30968747
23368	0.31019029
23369	0.31067425
23370	0.31112611
23371	0.31153399
23372	0.31188741
23373	0.31217811
23374	0.31239995
23375	0.31254926
23376	0.31262493
23377	0.31262830
23378	0.31256306
23379	0.31243503
23380	0.31225181
23381	0.31202236
23382	0.31175679
23383	0.31146568
23384	0.31115985
23385	0.31085002
23386	0.31054658
23387	0.31025907
23388	0.30999634
23389	0.30976620
23390	0.30957547
23391	0.30942985
23392	0.30933398
23393	0.30929139
23394	0.30930462
23395	0.30937514
23396	0.30950350
23397	0.30968925
23398	0.30993110
23399	0.31022683
23400	0.31057334
23401	0.31096685
23402	0.31140265
23403	0.31187543
23404	0.31237915
23405	0.31290722
23406	0.31345251
23407	0.31400764
23408	0.31456485
23409	0.31511635
23410	0.31565443
23411	0.31617168
23412	0.31666097
23413	0.31711581
23414	0.31753051
23415	0.31790009
23416	0.31822050
23417	0.31848884
23418	0.31870306
23419	0.31886235
23420	0.31896687
23421	0.31901783
23422	0.31901744
23423	0.31896886
23424	0.31887609
23425	0.31874388
23426	0.31857774
23427	0.31838366
23428	0.31816828
23429	0.31793863
23430	0.31770197
23431	0.31746590
23432	0.31723815
23433	0.31702629
23434	0.31683782
23435	0.31668004
23436	0.31655973
23437	0.31648329
23438	0.31645638
23439	0.31648391
23440	0.31657004
23441	0.31671786
23442	0.31692946
23443	0.31720585
23444	0.31754690
23445	0.31795123
23446	0.31841636
23447	0.31893855
23448	0.31951302
23449	0.32013381
23450	0.32079411
23451	0.32148606
23452	0.32220104
23453	0.32292971
23454	0.32366204
23455	0.32438767
23456	0.32509583
23457	0.32577565
23458	0.32641637
23459	0.32700756
23460	0.32753944
23461	0.32800299
23462	0.32839057
23463	0.32869580
23464	0.32891414
23465	0.32904294
23466	0.32908168
23467	0.32903215
23468	0.32889852
23469	0.32868728
23470	0.32840744
23471	0.32807016
23472	0.32768881
23473	0.32727858
23474	0.32685620
23475	0.32643968
23476	0.32604754
23477	0.32569879
23478	0.32541206
23479	0.32520524
23480	0.32509494
23481	0.32509607
23482	0.32522127
23483	0.32548070
23484	0.32588148
23485	0.32642761
23486	0.32711965
23487	0.32795438
23488	0.32892528
23489	0.33002186
23490	0.33123031
23491	0.33253348
23492	0.33391112
23493	0.33534065
23494	0.33679739
23495	0.33825561
23496	0.33968914
23497	0.34107229
23498	0.34238097
23499	0.34359345
23500	0.34469143
23501	0.34566078
23502	0.34649202
23503	0.34718102
23504	0.34772909
23505	0.34814301
23506	0.34843501
23507	0.34862190
23508	0.34872535
23509	0.34877068
23510	0.34878621
23511	0.34880325
23512	0.34885442
23513	0.34897396
23514	0.34919688
23515	0.34955809
23516	0.35009319
23517	0.35083714
23518	0.35182491
23519	0.35309118
23520	0.35467008
23521	0.35659632
23522	0.35890391
23523	0.36162752
23524	0.36480173
23525	0.36846110
23526	0.37264079
23527	0.37737617
23528	0.38270339
23529	0.38865983
23530	0.39528522
23531	0.40262350
23532	0.41072622
23533	0.41965494
23534	0.42948985
23535	0.44033468
23536	0.45233020
23537	0.46566984
23538	0.48062155
23539	0.49756521
23540	0.51704061
23541	0.53983748
23542	0.56713647
23543	0.60076582
23544	0.64369857
23545	0.70107472
23546	0.78259921
23547	0.90901387
23548	1.13395441
23549	NaN
23550	NaN
23551	NaN
23552	NaN
23553	NaN
23554	NaN
23555	NaN
23556	NaN
23557	NaN
23558	NaN
23559	NaN
23560	NaN
23561	NaN
23562	NaN
23563	NaN
23564	NaN
23565	NaN
23566	NaN
23567	NaN
23568	NaN
23569	NaN
23570	NaN
23571	NaN
23572	NaN
23573	NaN
23574	NaN
23575	NaN
23576	NaN
23577	NaN
23578	NaN
23579	NaN
23580	NaN
23581	NaN
23582	NaN
23583	NaN
23584	NaN
23585	NaN
23586	NaN
23587	NaN
23588	NaN
23589	NaN
23590	NaN
23591	NaN
23592	NaN
23593	NaN
23594	NaN
23595	NaN
23596	NaN
23597	NaN
23598	NaN
23599	NaN
23600	NaN
23601	NaN
23602	NaN
23603	NaN
23604	NaN
23605	NaN
23606	NaN
23607	NaN
23608	NaN
23609	NaN
23610	NaN
23611	NaN
23612	NaN
23613	NaN
23614	NaN
23615	NaN
23616	NaN
23617	NaN
23618	NaN
23619	NaN
23620	NaN
23621	NaN
23622	NaN
23623	0.66926414
23624	0.41161761
23625	0.33545819
23626	0.29919553
23627	0.27812251
23628	0.26443925
23629	0.25490323
23630	0.24792469
23631	0.24263297
23632	0.23851074
23633	0.23523217
23634	0.23258165
23635	0.23041119
23636	0.22861639
23637	0.22712129
23638	0.22586995
23639	0.22482006
23640	0.22393912
23641	0.22320192
23642	0.22258812
23643	0.22208118
23644	0.22166717
23645	0.22133394
23646	0.22107065
23647	0.22086728
23648	0.22071432
23649	0.22060263
23650	0.22052328
23651	0.22046764
23652	0.22042720
23653	0.22039378
23654	0.22035976
23655	0.22031799
23656	0.22026217
23657	0.22018707
23658	0.22008854
23659	0.21996401
23660	0.21981230
23661	0.21963383
23662	0.21943069
23663	0.21920626
23664	0.21896549
23665	0.21871422
23666	0.21845917
23667	0.21820745
23668	0.21796626
23669	0.21774235
23670	0.21754204
23671	0.21737054
23672	0.21723209
23673	0.21712963
23674	0.21706490
23675	0.21703847
23676	0.21704978
23677	0.21709754
23678	0.21717966
23679	0.21729359
23680	0.21743645
23681	0.21760505
23682	0.21779612
23683	0.21800603
23684	0.21823098
23685	0.21846673
23686	0.21870853
23687	0.21895121
23688	0.21918882
23689	0.21941498
23690	0.21962281
23691	0.21980511
23692	0.21995480
23693	0.22006507
23694	0.22012995
23695	0.22014447
23696	0.22010531
23697	0.22001095
23698	0.21986212
23699	0.21966150
23700	0.21941431
23701	0.21912749
23702	0.21880984
23703	0.21847136
23704	0.21812274
23705	0.21777475
23706	0.21743777
23707	0.21712112
23708	0.21683283
23709	0.21657912
23710	0.21636443
23711	0.21619123
23712	0.21606028
23713	0.21597056
23714	0.21591978
23715	0.21590446
23716	0.21592033
23717	0.21596256
23718	0.21602608
23719	0.21610579
23720	0.21619669
23721	0.21629417
23722	0.21639398
23723	0.21649250
23724	0.21658662
23725	0.21667384
23726	0.21675231
23727	0.21682075
23728	0.21687841
23729	0.21692523
23730	0.21696149
23731	0.21698797
23732	0.21700580
23733	0.21701644
23734	0.21702152
23735	0.21702281
23736	0.21702209
23737	0.21702100
23738	0.21702111
23739	0.21702366
23740	0.21702962
23741	0.21703966
23742	0.21705399
23743	0.21707255
23744	0.21709479
23745	0.21711993
23746	0.21714677
23747	0.21717393
23748	0.21719986
23749	0.21722282
23750	0.21724120
23751	0.21725342
23752	0.21725808
23753	0.21725404
23754	0.21724045
23755	0.21721682
23756	0.21718299
23757	0.21713910
23758	0.21708563
23759	0.21702340
23760	0.21695343
23761	0.21687706
23762	0.21679591
23763	0.21671180
23764	0.21662688
23765	0.21654354
23766	0.21646428
23767	0.21639192
23768	0.21632922
23769	0.21627906
23770	0.21624418
23771	0.21622720
23772	0.21623054
23773	0.21625625
23774	0.21630597
23775	0.21638103
23776	0.21648216
23777	0.21660973
23778	0.21676353
23779	0.21694285
23780	0.21714647
23781	0.21737255
23782	0.21761876
23783	0.21788211
23784	0.21815909
23785	0.21844569
23786	0.21873719
23787	0.21902864
23788	0.21931449
23789	0.21958908
23790	0.21984664
23791	0.22008130
23792	0.22028758
23793	0.22046027
23794	0.22059484
23795	0.22068745
23796	0.22073522
23797	0.22073629
23798	0.22068994
23799	0.22059670
23800	0.22045834
23801	0.22027783
23802	0.22005945
23803	0.21980859
23804	0.21953167
23805	0.21923617
23806	0.21893016
23807	0.21862249
23808	0.21832244
23809	0.21803951
23810	0.21778344
23811	0.21756364
23812	0.21738949
23813	0.21726969
23814	0.21721213
23815	0.21722381
23816	0.21731032
23817	0.21747571
23818	0.21772215
23819	0.21804962
23820	0.21845593
23821	0.21893620
23822	0.21948312
23823	0.22008690
23824	0.22073516
23825	0.22141375
23826	0.22210658
23827	0.22279637
23828	0.22346535
23829	0.22409542
23830	0.22466914
23831	0.22516999
23832	0.22558284
23833	0.22589438
23834	0.22609326
23835	0.22617033
23836	0.22611865
23837	0.22593358
23838	0.22561277
23839	0.22515599
23840	0.22456533
23841	0.22384515
23842	0.22300208
23843	0.22204544
23844	0.22098728
23845	0.21984310
23846	0.21863231
23847	0.21737884
23848	0.21611266
23849	0.21486968
23850	0.21369375
23851	0.21263729
23852	0.21176185
23853	0.21113986
23854	0.21085428
23855	0.21099974
23856	0.21168208
23857	0.21301836
23858	0.21513765
23859	0.21818119
23860	0.22230455
23861	0.22768368
23862	0.23452096
23863	0.24306358
23864	0.25362593
23865	0.26663154
23866	0.28268439
23867	0.30268222
23868	0.32803667
23869	0.36109588
23870	0.40604767
23871	0.47112724
23872	0.57493627
23873	0.77004182
23874	NaN
23875	NaN
23876	NaN
23877	NaN
23878	NaN
23879	NaN
23880	NaN
23881	NaN
23882	NaN
23883	NaN
23884	NaN
23885	NaN
23886	NaN
23887	NaN
23888	NaN
23889	NaN
23890	NaN
23891	NaN
23892	NaN
23893	NaN
23894	NaN
23895	NaN
23896	NaN
23897	NaN
23898	NaN
23899	NaN
23900	NaN
23901	NaN
23902	NaN
23903	NaN
23904	NaN
23905	NaN
23906	NaN
23907	NaN
23908	NaN
23909	NaN
23910	NaN
23911	NaN
23912	NaN
23913	NaN
23914	NaN
23915	NaN
23916	NaN
23917	NaN
23918	NaN
23919	NaN
23920	NaN
23921	NaN
23922	NaN
23923	NaN
23924	NaN
23925	NaN
23926	NaN
23927	NaN
23928	NaN
23929	NaN
23930	NaN
23931	NaN
23932	NaN
23933	NaN
23934	NaN
23935	NaN
23936	NaN
23937	NaN
23938	NaN
23939	NaN
23940	NaN
23941	NaN
23942	NaN
23943	NaN
23944	NaN
23945	NaN
23946	NaN
23947	NaN
23948	NaN
23949	NaN
23950	NaN
23951	NaN
23952	NaN
23953	NaN
23954	0.66653544
23955	0.47771540
23956	0.40303308
23957	0.36326268
23958	0.33872375
23959	0.32218510
23960	0.31036454
23961	0.30155650
23962	0.29478624
23963	0.28945655
23964	0.28518090
23965	0.28169835
23966	0.27882683
23967	0.27643549
23968	0.27442855
23969	0.27273449
23970	0.27129930
23971	0.27008179
23972	0.26905021
23973	0.26818013
23974	0.26745251
23975	0.26685256
23976	0.26636869
23977	0.26599172
23978	0.26571420
23979	0.26552993
23980	0.26543355
23981	0.26542002
23982	0.26548439
23983	0.26562136
23984	0.26582518
23985	0.26608908
23986	0.26640552
23987	0.26676562
23988	0.26715940
23989	0.26757559
23990	0.26800188
23991	0.26842523
23992	0.26883203
23993	0.26920885
23994	0.26954284
23995	0.26982257
23996	0.27003843
23997	0.27018347
23998	0.27025375
23999	0.27024868
24000	0.27017117
24001	0.27002743
24002	0.26982671
24003	0.26958078
24004	0.26930320
24005	0.26900870
24006	0.26871243
24007	0.26842916
24008	0.26817289
24009	0.26795605
24010	0.26778927
24011	0.26768109
24012	0.26763779
24013	0.26766315
24014	0.26775870
24015	0.26792365
24016	0.26815498
24017	0.26844782
24018	0.26879528
24019	0.26918903
24020	0.26961935
24021	0.27007532
24022	0.27054530
24023	0.27101701
24024	0.27147806
24025	0.27191627
24026	0.27231997
24027	0.27267861
24028	0.27298298
24029	0.27322552
24030	0.27340087
24031	0.27350581
24032	0.27353951
24033	0.27350336
24034	0.27340096
24035	0.27323785
24036	0.27302113
24037	0.27275926
24038	0.27246150
24039	0.27213776
24040	0.27179813
24041	0.27145264
24042	0.27111095
24043	0.27078235
24044	0.27047542
24045	0.27019808
24046	0.26995751
24047	0.26976025
24048	0.26961213
24049	0.26951838
24050	0.26948351
24051	0.26951149
24052	0.26960561
24053	0.26976839
24054	0.27000135
24055	0.27030516
24056	0.27067927
24057	0.27112186
24058	0.27162966
24059	0.27219802
24060	0.27282095
24061	0.27349094
24062	0.27419931
24063	0.27493638
24064	0.27569148
24065	0.27645352
24066	0.27721101
24067	0.27795243
24068	0.27866650
24069	0.27934247
24070	0.27997023
24071	0.28054065
24072	0.28104568
24073	0.28147852
24074	0.28183380
24075	0.28210759
24076	0.28229767
24077	0.28240329
24078	0.28242546
24079	0.28236684
24080	0.28223175
24081	0.28202596
24082	0.28175679
24083	0.28143308
24084	0.28106481
24085	0.28066310
24086	0.28024012
24087	0.27980867
24088	0.27938223
24089	0.27897456
24090	0.27859932
24091	0.27827004
24092	0.27799931
24093	0.27779901
24094	0.27767929
24095	0.27764878
24096	0.27771392
24097	0.27787879
24098	0.27814499
24099	0.27851138
24100	0.27897403
24101	0.27952632
24102	0.28015891
24103	0.28085995
24104	0.28161523
24105	0.28240839
24106	0.28322116
24107	0.28403366
24108	0.28482479
24109	0.28557250
24110	0.28625438
24111	0.28684801
24112	0.28733179
24113	0.28768525
24114	0.28789014
24115	0.28793091
24116	0.28779575
24117	0.28747725
24118	0.28697312
24119	0.28628689
24120	0.28542849
24121	0.28441426
24122	0.28326705
24123	0.28201574
24124	0.28069463
24125	0.27934191
24126	0.27799848
24127	0.27670613
24128	0.27550563
24129	0.27443504
24130	0.27352843
24131	0.27281463
24132	0.27231696
24133	0.27205279
24134	0.27203426
24135	0.27226797
24136	0.27275607
24137	0.27349642
24138	0.27448308
24139	0.27570677
24140	0.27715483
24141	0.27881169
24142	0.28065863
24143	0.28267372
24144	0.28483173
24145	0.28710422
24146	0.28945920
24147	0.29186150
24148	0.29427305
24149	0.29665327
24150	0.29896009
24151	0.30115077
24152	0.30318367
24153	0.30501941
24154	0.30662271
24155	0.30796400
24156	0.30902076
24157	0.30977908
24158	0.31023404
24159	0.31039068
24160	0.31026345
24161	0.30987599
24162	0.30926049
24163	0.30845627
24164	0.30750856
24165	0.30646750
24166	0.30538616
24167	0.30432004
24168	0.30332565
24169	0.30245966
24170	0.30177882
24171	0.30133894
24172	0.30119535
24173	0.30140263
24174	0.30201477
24175	0.30308565
24176	0.30466849
24177	0.30681628
24178	0.30958122
24179	0.31301352
24180	0.31716114
24181	0.32206723
24182	0.32776865
24183	0.33429405
24184	0.34166071
24185	0.34987426
24186	0.35892674
24187	0.36879680
24188	0.37945291
24189	0.39085659
24190	0.40297058
24191	0.41576910
24192	0.42925039
24193	0.44345787
24194	0.45849967
24195	0.47458276
24196	0.49205625
24197	0.51147687
24198	0.53372496
24199	0.56019354
24200	0.59317720
24201	0.63667357
24202	0.69826275
24203	0.79431415
24204	0.96782291
24205	NaN
24206	NaN
24207	NaN
24208	NaN
24209	NaN
24210	NaN
24211	NaN
24212	NaN
24213	NaN
24214	NaN
24215	NaN
24216	NaN
24217	NaN
24218	NaN
24219	NaN
24220	NaN
24221	NaN
24222	NaN
24223	NaN
24224	NaN
24225	NaN
24226	NaN
24227	NaN
24228	NaN
24229	NaN
24230	NaN
24231	NaN
24232	NaN
24233	NaN
24234	NaN
24235	NaN
24236	NaN
24237	NaN
24238	NaN
24239	NaN
24240	NaN
24241	NaN
24242	NaN
24243	NaN
24244	NaN
24245	NaN
24246	NaN
24247	NaN
24248	NaN
24249	NaN
24250	NaN
24251	NaN
24252	NaN
24253	NaN
24254	NaN
24255	NaN
24256	NaN
24257	NaN
24258	NaN
24259	NaN
24260	NaN
24261	NaN
24262	NaN
24263	NaN
24264	NaN
24265	NaN
24266	NaN
24267	NaN
24268	NaN
24269	NaN
24270	NaN
24271	NaN
24272	NaN
24273	NaN
24274	NaN
24275	NaN
24276	NaN
24277	NaN
24278	NaN
24279	NaN
24280	NaN
24281	NaN
24282	NaN
24283	NaN
24284	NaN
24285	NaN
24286	NaN
24287	NaN
24288	NaN
24289	0.34242064
24290	0.24583301
24291	0.21977869
24292	0.20854680
24293	0.20282409
24294	0.19971710
24295	0.19803500
24296	0.19719782
24297	0.19689021
24298	0.19692621
24299	0.19718951
24300	0.19760418
24301	0.19811846
24302	0.19869639
24303	0.19931231
24304	0.19994754
24305	0.20058821
24306	0.20122378
24307	0.20184606
24308	0.20244855
24309	0.20302561
24310	0.20357242
24311	0.20408458
24312	0.20455761
24313	0.20498733
24314	0.20536932
24315	0.20569912
24316	0.20597216
24317	0.20618393
24318	0.20632994
24319	0.20640609
24320	0.20640865
24321	0.20633473
24322	0.20618232
24323	0.20595078
24324	0.20564103
24325	0.20525581
24326	0.20480005
24327	0.20428090
24328	0.20370805
24329	0.20309348
24330	0.20245154
24331	0.20179836
24332	0.20115162
24333	0.20052971
24334	0.19995123
24335	0.19943392
24336	0.19899409
24337	0.19864583
24338	0.19840042
24339	0.19826594
24340	0.19824693
24341	0.19834450
24342	0.19855642
24343	0.19887738
24344	0.19929940
24345	0.19981225
24346	0.20040391
24347	0.20106094
24348	0.20176885
24349	0.20251223
24350	0.20327507
24351	0.20404077
24352	0.20479232
24353	0.20551232
24354	0.20618321
24355	0.20678742
24356	0.20730770
24357	0.20772751
24358	0.20803162
24359	0.20820668
24360	0.20824189
24361	0.20812970
24362	0.20786643
24363	0.20745264
24364	0.20689353
24365	0.20619884
24366	0.20538273
24367	0.20446326
24368	0.20346159
24369	0.20240135
24370	0.20130751
24371	0.20020548
24372	0.19912031
24373	0.19807585
24374	0.19709416
24375	0.19619501
24376	0.19539557
24377	0.19471021
24378	0.19415025
24379	0.19372387
24380	0.19343612
24381	0.19328870
24382	0.19327997
24383	0.19340511
24384	0.19365619
24385	0.19402264
24386	0.19449168
24387	0.19504890
24388	0.19567874
24389	0.19636510
24390	0.19709174
24391	0.19784266
24392	0.19860251
24393	0.19935678
24394	0.20009214
24395	0.20079650
24396	0.20145929
24397	0.20207149
24398	0.20262586
24399	0.20311677
24400	0.20354056
24401	0.20389512
24402	0.20418006
24403	0.20439656
24404	0.20454706
24405	0.20463516
24406	0.20466527
24407	0.20464255
24408	0.20457244
24409	0.20446070
24410	0.20431311
24411	0.20413542
24412	0.20393324
24413	0.20371206
24414	0.20347722
24415	0.20323402
24416	0.20298760
24417	0.20274305
24418	0.20250545
24419	0.20227973
24420	0.20207065
24421	0.20188275
24422	0.20172021
24423	0.20158674
24424	0.20148550
24425	0.20141912
24426	0.20138936
24427	0.20139733
24428	0.20144340
24429	0.20152724
24430	0.20164774
24431	0.20180327
24432	0.20199163
24433	0.20221017
24434	0.20245586
24435	0.20272543
24436	0.20301539
24437	0.20332211
24438	0.20364195
24439	0.20397124
24440	0.20430632
24441	0.20464355
24442	0.20497942
24443	0.20531040
24444	0.20563309
24445	0.20594399
24446	0.20623966
24447	0.20651661
24448	0.20677134
24449	0.20700020
24450	0.20719963
24451	0.20736609
24452	0.20749597
24453	0.20758599
24454	0.20763302
24455	0.20763431
24456	0.20758764
24457	0.20749146
24458	0.20734484
24459	0.20714794
24460	0.20690168
24461	0.20660828
24462	0.20627093
24463	0.20589393
24464	0.20548271
24465	0.20504358
24466	0.20458381
24467	0.20411134
24468	0.20363469
24469	0.20316283
24470	0.20270501
24471	0.20227069
24472	0.20186941
24473	0.20151086
24474	0.20120463
24475	0.20096023
24476	0.20078720
24477	0.20069493
24478	0.20069231
24479	0.20078811
24480	0.20099016
24481	0.20130517
24482	0.20173846
24483	0.20229302
24484	0.20296919
24485	0.20376369
24486	0.20466921
24487	0.20567372
24488	0.20676051
24489	0.20790832
24490	0.20909154
24491	0.21028154
24492	0.21144740
24493	0.21255754
24494	0.21358104
24495	0.21448889
24496	0.21525528
24497	0.21585843
24498	0.21628080
24499	0.21651003
24500	0.21653816
24501	0.21636157
24502	0.21598102
24503	0.21540043
24504	0.21462709
24505	0.21367134
24506	0.21254615
24507	0.21126755
24508	0.20985472
24509	0.20833090
24510	0.20672421
24511	0.20506898
24512	0.20340791
24513	0.20179382
24514	0.20029297
24515	0.19898787
24516	0.19798099
24517	0.19739884
24518	0.19739577
24519	0.19815809
24520	0.19990790
24521	0.20290613
24522	0.20745707
24523	0.21391353
24524	0.22268684
24525	0.23426872
24526	0.24926685
24527	0.26847789
24528	0.29301989
24529	0.32457310
24530	0.36586881
24531	0.42169952
24532	0.50133282
24533	0.62518352
24534	0.84837520
24535	NaN
24536	NaN
24537	NaN
24538	NaN
24539	NaN
24540	NaN
24541	NaN
24542	NaN
24543	NaN
24544	NaN
24545	NaN
24546	NaN
24547	NaN
24548	NaN
24549	NaN
24550	NaN
24551	NaN
24552	NaN
24553	NaN
24554	NaN
24555	NaN
24556	NaN
24557	NaN
24558	NaN
24559	NaN
24560	NaN
24561	NaN
24562	NaN
24563	NaN
24564	NaN
24565	NaN
24566	NaN
24567	NaN
24568	NaN
24569	NaN
24570	NaN
24571	NaN
24572	NaN
24573	NaN
24574	NaN
24575	NaN
24576	NaN
24577	NaN
24578	NaN
24579	NaN
24580	NaN
24581	NaN
24582	NaN
24583	NaN
24584	NaN
24585	NaN
24586	NaN
24587	NaN
24588	NaN
24589	NaN
24590	NaN
24591	NaN
24592	NaN
24593	NaN
24594	NaN
24595	NaN
24596	NaN
24597	NaN
24598	NaN
24599	NaN
24600	NaN
24601	NaN
24602	NaN
24603	NaN
24604	NaN
24605	NaN
24606	NaN
24607	NaN
24608	NaN
24609	NaN
24610	NaN
24611	NaN
24612	NaN
24613	NaN
24614	NaN
24615	NaN
24616	NaN
24617	NaN
24618	NaN
24619	NaN
24620	1.21166003
24621	0.56634665
24622	0.43218914
24623	0.37474510
24624	0.34320575
24625	0.32351038
24626	0.31020814
24627	0.30074254
24628	0.29375404
24629	0.28845322
24630	0.28435043
24631	0.28112566
24632	0.27856156
24633	0.27650535
24634	0.27484694
24635	0.27350530
24636	0.27241981
24637	0.27154467
24638	0.27084494
24639	0.27029383
24640	0.26987091
24641	0.26956058
24642	0.26935104
24643	0.26923338
24644	0.26920095
24645	0.26924893
24646	0.26937345
24647	0.26957142
24648	0.26984018
24649	0.27017659
24650	0.27057725
24651	0.27103770
24652	0.27155209
24653	0.27211314
24654	0.27271152
24655	0.27333602
24656	0.27397335
24657	0.27460828
24658	0.27522418
24659	0.27580327
24660	0.27632755
24661	0.27677971
24662	0.27714390
24663	0.27740699
24664	0.27755949
24665	0.27759621
24666	0.27751687
24667	0.27732632
24668	0.27703440
24669	0.27665529
24670	0.27620697
24671	0.27571005
24672	0.27518660
24673	0.27465931
24674	0.27415010
24675	0.27367952
24676	0.27326590
24677	0.27292454
24678	0.27266771
24679	0.27250415
24680	0.27243897
24681	0.27247381
24682	0.27260670
24683	0.27283260
24684	0.27314338
24685	0.27352843
24686	0.27397493
24687	0.27446821
24688	0.27499259
24689	0.27553153
24690	0.27606836
24691	0.27658674
24692	0.27707118
24693	0.27750754
24694	0.27788350
24695	0.27818882
24696	0.27841577
24697	0.27855939
24698	0.27861738
24699	0.27859032
24700	0.27848136
24701	0.27829611
24702	0.27804220
24703	0.27772892
24704	0.27736676
24705	0.27696693
24706	0.27654099
24707	0.27610061
24708	0.27565694
24709	0.27522081
24710	0.27480224
24711	0.27441064
24712	0.27405462
24713	0.27374196
24714	0.27348000
24715	0.27327514
24716	0.27313331
24717	0.27305964
24718	0.27305862
24719	0.27313387
24720	0.27328801
24721	0.27352256
24722	0.27383775
24723	0.27423242
24724	0.27470392
24725	0.27524802
24726	0.27585903
24727	0.27652982
24728	0.27725196
24729	0.27801597
24730	0.27881160
24731	0.27962798
24732	0.28045395
24733	0.28127837
24734	0.28209025
24735	0.28287894
24736	0.28363433
24737	0.28434697
24738	0.28500801
24739	0.28560945
24740	0.28614423
24741	0.28660610
24742	0.28699002
24743	0.28729197
24744	0.28750908
24745	0.28763998
24746	0.28768456
24747	0.28764430
24748	0.28752199
24749	0.28732222
24750	0.28705111
24751	0.28671628
24752	0.28632709
24753	0.28589416
24754	0.28542963
24755	0.28494683
24756	0.28445995
24757	0.28398398
24758	0.28353420
24759	0.28312591
24760	0.28277400
24761	0.28249246
24762	0.28229415
24763	0.28219035
24764	0.28219047
24765	0.28230187
24766	0.28252962
24767	0.28287640
24768	0.28334251
24769	0.28392565
24770	0.28462121
24771	0.28542209
24772	0.28631887
24773	0.28729993
24774	0.28835136
24775	0.28945744
24776	0.29060048
24777	0.29176137
24778	0.29291961
24779	0.29405379
24780	0.29514199
24781	0.29616210
24782	0.29709262
24783	0.29791313
24784	0.29860494
24785	0.29915184
24786	0.29954094
24787	0.29976320
24788	0.29981419
24789	0.29969445
24790	0.29940993
24791	0.29897195
24792	0.29839712
24793	0.29770699
24794	0.29692721
24795	0.29608700
24796	0.29521778
24797	0.29435265
24798	0.29352501
24799	0.29276764
24800	0.29211199
24801	0.29158735
24802	0.29122004
24803	0.29103321
24804	0.29104626
24805	0.29127455
24806	0.29172924
24807	0.29241669
24808	0.29333860
24809	0.29449126
24810	0.29586557
24811	0.29744652
24812	0.29921296
24813	0.30113757
24814	0.30318683
24815	0.30532148
24816	0.30749726
24817	0.30966580
24818	0.31177637
24819	0.31377777
24820	0.31562027
24821	0.31725848
24822	0.31865290
24823	0.31977257
24824	0.32059631
24825	0.32111380
24826	0.32132593
24827	0.32124448
24828	0.32089126
24829	0.32029676
24830	0.31949860
24831	0.31853983
24832	0.31746751
24833	0.31633100
24834	0.31518120
24835	0.31406900
24836	0.31304550
24837	0.31216103
24838	0.31146476
24839	0.31100556
24840	0.31083065
24841	0.31098643
24842	0.31151775
24843	0.31246734
24844	0.31387573
24845	0.31577933
24846	0.31820980
24847	0.32119241
24848	0.32474408
24849	0.32887197
24850	0.33357227
24851	0.33882970
24852	0.34461778
24853	0.35090032
24854	0.35763606
24855	0.36478332
24856	0.37230560
24857	0.38018233
24858	0.38841519
24859	0.39704040
24860	0.40613908
24861	0.41585258
24862	0.42640486
24863	0.43813118
24864	0.45153195
24865	0.46736482
24866	0.48681143
24867	0.51182246
24868	0.54584289
24869	0.59561974
24870	0.67642748
24871	0.83182263
24872	NaN
24873	NaN
24874	NaN
24875	NaN
24876	NaN
24877	NaN
24878	NaN
24879	NaN
24880	NaN
24881	NaN
24882	NaN
24883	NaN
24884	NaN
24885	NaN
24886	NaN
24887	NaN
24888	NaN
24889	NaN
24890	NaN
24891	NaN
24892	NaN
24893	NaN
24894	NaN
24895	NaN
24896	NaN
24897	NaN
24898	NaN
24899	NaN
24900	NaN
24901	NaN
24902	NaN
24903	NaN
24904	NaN
24905	NaN
24906	NaN
24907	NaN
24908	NaN
24909	NaN
24910	NaN
24911	NaN
24912	NaN
24913	NaN
24914	NaN
24915	NaN
24916	NaN
24917	NaN
24918	NaN
24919	NaN
24920	NaN
24921	NaN
24922	NaN
24923	NaN
24924	NaN
24925	NaN
24926	NaN
24927	NaN
24928	NaN
24929	NaN
24930	NaN
24931	NaN
24932	NaN
24933	NaN
24934	NaN
24935	NaN
24936	NaN
24937	NaN
24938	NaN
24939	NaN
24940	NaN
24941	NaN
24942	NaN
24943	NaN
24944	NaN
24945	NaN
24946	NaN
24947	NaN
24948	NaN
24949	NaN
24950	NaN
24951	NaN
24952	NaN
24953	NaN
24954	NaN
24955	NaN
24956	NaN
24957	0.48490167
24958	0.32587028
24959	0.27482587
24960	0.25060883
24961	0.23704250
24962	0.22874139
24963	0.22339907
24964	0.21986447
24965	0.21749876
24966	0.21592055
24967	0.21488866
24968	0.21424372
24969	0.21387699
24970	0.21371226
24971	0.21369487
24972	0.21378514
24973	0.21395366
24974	0.21417843
24975	0.21444295
24976	0.21473436
24977	0.21504270
24978	0.21535982
24979	0.21567902
24980	0.21599434
24981	0.21630037
24982	0.21659178
24983	0.21686332
24984	0.21710956
24985	0.21732487
24986	0.21750341
24987	0.21763933
24988	0.21772672
24989	0.21776010
24990	0.21773438
24991	0.21764553
24992	0.21749051
24993	0.21726798
24994	0.21697836
24995	0.21662432
24996	0.21621089
24997	0.21574561
24998	0.21523859
24999	0.21470214
25000	0.21415076
25001	0.21360019
25002	0.21306713
25003	0.21256827
25004	0.21211955
25005	0.21173547
25006	0.21142839
25007	0.21120806
25008	0.21108146
25009	0.21105257
25010	0.21112262
25011	0.21129028
25012	0.21155210
25013	0.21190277
25014	0.21233557
25015	0.21284267
25016	0.21341535
25017	0.21404412
25018	0.21471880
25019	0.21542856
25020	0.21616170
25021	0.21690598
25022	0.21764819
25023	0.21837471
25024	0.21907130
25025	0.21972366
25026	0.22031769
25027	0.22084020
25028	0.22127931
25029	0.22162527
25030	0.22187090
25031	0.22201210
25032	0.22204831
25033	0.22198245
25034	0.22182097
25035	0.22157340
25036	0.22125193
25037	0.22087064
25038	0.22044478
25039	0.21998990
25040	0.21952118
25041	0.21905273
25042	0.21859707
25043	0.21816488
25044	0.21776479
25045	0.21740334
25046	0.21708517
25047	0.21681306
25048	0.21658830
25049	0.21641101
25050	0.21628019
25051	0.21619427
25052	0.21615103
25053	0.21614805
25054	0.21618262
25055	0.21625189
25056	0.21635300
25057	0.21648288
25058	0.21663845
25059	0.21681640
25060	0.21701333
25061	0.21722558
25062	0.21744943
25063	0.21768090
25064	0.21791603
25065	0.21815078
25066	0.21838118
25067	0.21860351
25068	0.21881418
25069	0.21901007
25070	0.21918826
25071	0.21934630
25072	0.21948215
25073	0.21959403
25074	0.21968064
25075	0.21974084
25076	0.21977387
25077	0.21977930
25078	0.21975696
25079	0.21970710
25080	0.21963045
25081	0.21952809
25082	0.21940185
25083	0.21925399
25084	0.21908748
25085	0.21890585
25086	0.21871315
25087	0.21851395
25088	0.21831308
25089	0.21811561
25090	0.21792661
25091	0.21775107
25092	0.21759376
25093	0.21745899
25094	0.21735066
25095	0.21727221
25096	0.21722640
25097	0.21721545
25098	0.21724106
25099	0.21730426
25100	0.21740563
25101	0.21754520
25102	0.21772249
25103	0.21793653
25104	0.21818580
25105	0.21846817
25106	0.21878099
25107	0.21912085
25108	0.21948367
25109	0.21986476
25110	0.22025858
25111	0.22065896
25112	0.22105911
25113	0.22145168
25114	0.22182886
25115	0.22218250
25116	0.22250418
25117	0.22278553
25118	0.22301817
25119	0.22319414
25120	0.22330607
25121	0.22334743
25122	0.22331274
25123	0.22319800
25124	0.22300085
25125	0.22272092
25126	0.22235981
25127	0.22192140
25128	0.22141169
25129	0.22083873
25130	0.22021262
25131	0.21954502
25132	0.21884888
25133	0.21813837
25134	0.21742819
25135	0.21673350
25136	0.21606961
25137	0.21545158
25138	0.21489426
25139	0.21441178
25140	0.21401772
25141	0.21372482
25142	0.21354480
25143	0.21348843
25144	0.21356510
25145	0.21378274
25146	0.21414760
25147	0.21466362
25148	0.21533227
25149	0.21615168
25150	0.21711649
25151	0.21821690
25152	0.21943833
25153	0.22076111
25154	0.22216015
25155	0.22360526
25156	0.22506191
25157	0.22649181
25158	0.22785474
25159	0.22911033
25160	0.23021965
25161	0.23114748
25162	0.23186368
25163	0.23234479
25164	0.23257460
25165	0.23254405
25166	0.23225164
25167	0.23170191
25168	0.23090509
25169	0.22987559
25170	0.22863145
25171	0.22719327
25172	0.22558354
25173	0.22382684
25174	0.22194967
25175	0.21998088
25176	0.21795325
25177	0.21590409
25178	0.21387786
25179	0.21192884
25180	0.21012381
25181	0.20854655
25182	0.20730251
25183	0.20652394
25184	0.20637551
25185	0.20705968
25186	0.20882101
25187	0.21194816
25188	0.21677212
25189	0.22366139
25190	0.23300910
25191	0.24522103
25192	0.26070333
25193	0.27985820
25194	0.30310452
25195	0.33092400
25196	0.36396325
25197	0.40320778
25198	0.45027363
25199	0.50794381
25200	0.58118308
25201	0.67940104
25202	0.82219529
25203	1.05728805
25204	NaN
25205	NaN
25206	NaN
25207	NaN
25208	NaN
25209	NaN
25210	NaN
25211	NaN
25212	NaN
25213	NaN
25214	NaN
25215	NaN
25216	NaN
25217	NaN
25218	NaN
25219	NaN
25220	NaN
25221	NaN
25222	NaN
25223	NaN
25224	NaN
25225	NaN
25226	NaN
25227	NaN
25228	NaN
25229	NaN
25230	NaN
25231	NaN
25232	NaN
25233	NaN
25234	NaN
25235	NaN
25236	NaN
25237	NaN
25238	NaN
25239	NaN
25240	NaN
25241	NaN
25242	NaN
25243	NaN
25244	NaN
25245	NaN
25246	NaN
25247	NaN
25248	NaN
25249	NaN
25250	NaN
25251	NaN
25252	NaN
25253	NaN
25254	NaN
25255	NaN
25256	NaN
25257	NaN
25258	NaN
25259	NaN
25260	NaN
25261	NaN
25262	NaN
25263	NaN
25264	NaN
25265	NaN
25266	NaN
25267	NaN
25268	NaN
25269	NaN
25270	NaN
25271	NaN
25272	NaN
25273	NaN
25274	NaN
25275	NaN
25276	NaN
25277	NaN
25278	NaN
25279	NaN
25280	NaN
25281	NaN
25282	NaN
25283	NaN
25284	NaN
25285	NaN
25286	NaN
25287	NaN
25288	NaN
25289	NaN
25290	0.81375039
25291	0.45452893
25292	0.36574510
25293	0.32612708
25294	0.30404580
25295	0.29019433
25296	0.28084880
25297	0.27422702
25298	0.26936972
25299	0.26571509
25300	0.26291248
25301	0.26073238
25302	0.25901866
25303	0.25766161
25304	0.25658268
25305	0.25572404
25306	0.25504276
25307	0.25450650
25308	0.25409070
25309	0.25377664
25310	0.25354999
25311	0.25339979
25312	0.25331748
25313	0.25329658
25314	0.25333202
25315	0.25341976
25316	0.25355631
25317	0.25373867
25318	0.25396377
25319	0.25422823
25320	0.25452825
25321	0.25485912
25322	0.25521523
25323	0.25558984
25324	0.25597501
25325	0.25636169
25326	0.25673974
25327	0.25709832
25328	0.25742617
25329	0.25771210
25330	0.25794554
25331	0.25811723
25332	0.25821966
25333	0.25824779
25334	0.25819933
25335	0.25807515
25336	0.25787932
25337	0.25761911
25338	0.25730464
25339	0.25694847
25340	0.25656494
25341	0.25616968
25342	0.25577861
25343	0.25540757
25344	0.25507140
25345	0.25478357
25346	0.25455561
25347	0.25439683
25348	0.25431412
25349	0.25431186
25350	0.25439164
25351	0.25455269
25352	0.25479153
25353	0.25510260
25354	0.25547805
25355	0.25590828
25356	0.25638199
25357	0.25688672
25358	0.25740901
25359	0.25793493
25360	0.25845039
25361	0.25894168
25362	0.25939578
25363	0.25980085
25364	0.26014665
25365	0.26042485
25366	0.26062936
25367	0.26075646
25368	0.26080486
25369	0.26077574
25370	0.26067254
25371	0.26050073
25372	0.26026750
25373	0.25998139
25374	0.25965193
25375	0.25928929
25376	0.25890389
25377	0.25850618
25378	0.25810644
25379	0.25771457
25380	0.25733995
25381	0.25699148
25382	0.25667748
25383	0.25640568
25384	0.25618318
25385	0.25601664
25386	0.25591198
25387	0.25587448
25388	0.25590876
25389	0.25601852
25390	0.25620639
25391	0.25647384
25392	0.25682095
25393	0.25724611
25394	0.25774613
25395	0.25831601
25396	0.25894886
25397	0.25963613
25398	0.26036766
25399	0.26113203
25400	0.26191667
25401	0.26270840
25402	0.26349363
25403	0.26425889
25404	0.26499107
25405	0.26567769
25406	0.26630741
25407	0.26686999
25408	0.26735657
25409	0.26775992
25410	0.26807436
25411	0.26829594
25412	0.26842245
25413	0.26845342
25414	0.26839027
25415	0.26823610
25416	0.26799589
25417	0.26767623
25418	0.26728538
25419	0.26683328
25420	0.26633108
25421	0.26579121
25422	0.26522717
25423	0.26465306
25424	0.26408359
25425	0.26353341
25426	0.26301709
25427	0.26254869
25428	0.26214129
25429	0.26180705
25430	0.26155648
25431	0.26139861
25432	0.26134065
25433	0.26138771
25434	0.26154289
25435	0.26180717
25436	0.26217937
25437	0.26265627
25438	0.26323256
25439	0.26390103
25440	0.26465276
25441	0.26547727
25442	0.26636255
25443	0.26729530
25444	0.26826131
25445	0.26924533
25446	0.27023134
25447	0.27120307
25448	0.27214384
25449	0.27303711
25450	0.27386671
25451	0.27461728
25452	0.27527466
25453	0.27582633
25454	0.27626193
25455	0.27657360
25456	0.27675650
25457	0.27680916
25458	0.27673364
25459	0.27653575
25460	0.27622503
25461	0.27581459
25462	0.27532086
25463	0.27476311
25464	0.27416298
25465	0.27354383
25466	0.27293006
25467	0.27234644
25468	0.27181742
25469	0.27136657
25470	0.27101606
25471	0.27078608
25472	0.27069440
25473	0.27075636
25474	0.27098414
25475	0.27138692
25476	0.27197036
25477	0.27273652
25478	0.27368370
25479	0.27480599
25480	0.27609348
25481	0.27753165
25482	0.27910176
25483	0.28078058
25484	0.28254083
25485	0.28435156
25486	0.28617880
25487	0.28798643
25488	0.28973752
25489	0.29139543
25490	0.29292563
25491	0.29429719
25492	0.29548407
25493	0.29646698
25494	0.29723385
25495	0.29778090
25496	0.29811263
25497	0.29824162
25498	0.29818803
25499	0.29797855
25500	0.29764530
25501	0.29722485
25502	0.29675665
25503	0.29628283
25504	0.29584640
25505	0.29549155
25506	0.29526296
25507	0.29520538
25508	0.29536435
25509	0.29578543
25510	0.29651511
25511	0.29760066
25512	0.29908982
25513	0.30103147
25514	0.30347502
25515	0.30646956
25516	0.31006461
25517	0.31430826
25518	0.31924701
25519	0.32492635
25520	0.33138967
25521	0.33868152
25522	0.34684873
25523	0.35594681
25524	0.36604780
25525	0.37725207
25526	0.38970828
25527	0.40363690
25528	0.41937181
25529	0.43741873
25530	0.45854947
25531	0.48397291
25532	0.51563317
25533	0.55682468
25534	0.61354899
25535	0.69793373
25536	0.83870345
25537	1.12424219
25538	NaN
25539	NaN
25540	NaN
25541	NaN
25542	NaN
25543	NaN
25544	NaN
25545	NaN
25546	NaN
25547	NaN
25548	NaN
25549	NaN
25550	NaN
25551	NaN
25552	NaN
25553	NaN
25554	NaN
25555	NaN
25556	NaN
25557	NaN
25558	NaN
25559	NaN
25560	NaN
25561	NaN
25562	NaN
25563	NaN
25564	NaN
25565	NaN
25566	NaN
25567	NaN
25568	NaN
25569	NaN
25570	NaN
25571	NaN
25572	NaN
25573	NaN
25574	NaN
25575	NaN
25576	NaN
25577	NaN
25578	NaN
25579	NaN
25580	NaN
25581	NaN
25582	NaN
25583	NaN
25584	NaN
25585	NaN
25586	NaN
25587	NaN
25588	NaN
25589	NaN
25590	NaN
25591	NaN
25592	NaN
25593	NaN
25594	NaN
25595	NaN
25596	NaN
25597	NaN
25598	NaN
25599	NaN
25600	NaN
25601	NaN
25602	NaN
25603	NaN
25604	NaN
25605	NaN
25606	NaN
25607	NaN
25608	NaN
25609	NaN
25610	NaN
25611	NaN
25612	NaN
25613	NaN
25614	NaN
25615	NaN
25616	NaN
25617	NaN
25618	NaN
25619	NaN
25620	NaN
25621	NaN
25622	NaN
25623	NaN
25624	NaN
25625	NaN
25626	NaN
25627	0.49612153
25628	0.33242878
25629	0.28025064
25630	0.25551668
25631	0.24165428
25632	0.23317091
25633	0.22771986
25634	0.22412990
25635	0.22175154
25636	0.22019590
25637	0.21921614
25638	0.21864854
25639	0.21838059
25640	0.21833265
25641	0.21844725
25642	0.21868193
25643	0.21900488
25644	0.21939215
25645	0.21982516
25646	0.22028971
25647	0.22077450
25648	0.22127062
25649	0.22177073
25650	0.22226870
25651	0.22275914
25652	0.22323716
25653	0.22369823
25654	0.22413778
25655	0.22455141
25656	0.22493456
25657	0.22528277
25658	0.22559139
25659	0.22585611
25660	0.22607259
25661	0.22623703
25662	0.22634612
25663	0.22639717
25664	0.22638860
25665	0.22631992
25666	0.22619203
25667	0.22600740
25668	0.22577022
25669	0.22548641
25670	0.22516368
25671	0.22481130
25672	0.22444005
25673	0.22406176
25674	0.22368905
25675	0.22333479
25676	0.22301172
25677	0.22273174
25678	0.22250573
25679	0.22234297
25680	0.22225083
25681	0.22223464
25682	0.22229764
25683	0.22244082
25684	0.22266310
25685	0.22296144
25686	0.22333086
25687	0.22376475
25688	0.22425486
25689	0.22479159
25690	0.22536395
25691	0.22596002
25692	0.22656688
25693	0.22717105
25694	0.22775884
25695	0.22831653
25696	0.22883107
25697	0.22929035
25698	0.22968380
25699	0.23000281
25700	0.23024105
25701	0.23039483
25702	0.23046327
25703	0.23044832
25704	0.23035456
25705	0.23018913
25706	0.22996095
25707	0.22968058
25708	0.22935954
25709	0.22900949
25710	0.22864206
25711	0.22826804
25712	0.22789718
25713	0.22753787
25714	0.22719690
25715	0.22687964
25716	0.22658984
25717	0.22633001
25718	0.22610152
25719	0.22590475
25720	0.22573951
25721	0.22560513
25722	0.22550073
25723	0.22542539
25724	0.22537819
25725	0.22535840
25726	0.22536549
25727	0.22539903
25728	0.22545874
25729	0.22554426
25730	0.22565520
25731	0.22579099
25732	0.22595067
25733	0.22613296
25734	0.22633608
25735	0.22655779
25736	0.22679541
25737	0.22704576
25738	0.22730538
25739	0.22757040
25740	0.22783683
25741	0.22810054
25742	0.22835730
25743	0.22860302
25744	0.22883354
25745	0.22904500
25746	0.22923368
25747	0.22939616
25748	0.22952938
25749	0.22963086
25750	0.22969857
25751	0.22973116
25752	0.22972812
25753	0.22968970
25754	0.22961707
25755	0.22951223
25756	0.22937804
25757	0.22921810
25758	0.22903681
25759	0.22883907
25760	0.22863027
25761	0.22841628
25762	0.22820301
25763	0.22799671
25764	0.22780356
25765	0.22762962
25766	0.22748096
25767	0.22736323
25768	0.22728170
25769	0.22724123
25770	0.22724599
25771	0.22729950
25772	0.22740451
25773	0.22756271
25774	0.22777504
25775	0.22804119
25776	0.22835986
25777	0.22872864
25778	0.22914398
25779	0.22960122
25780	0.23009455
25781	0.23061720
25782	0.23116134
25783	0.23171823
25784	0.23227827
25785	0.23283117
25786	0.23336604
25787	0.23387153
25788	0.23433614
25789	0.23474844
25790	0.23509736
25791	0.23537259
25792	0.23556496
25793	0.23566690
25794	0.23567270
25795	0.23557910
25796	0.23538545
25797	0.23509397
25798	0.23470990
25799	0.23424146
25800	0.23369969
25801	0.23309828
25802	0.23245312
25803	0.23178181
25804	0.23110341
25805	0.23043771
25806	0.22980489
25807	0.22922520
25808	0.22871825
25809	0.22830300
25810	0.22799727
25811	0.22781755
25812	0.22777887
25813	0.22789428
25814	0.22817488
25815	0.22862956
25816	0.22926432
25817	0.23008217
25818	0.23108257
25819	0.23226079
25820	0.23360737
25821	0.23510762
25822	0.23674108
25823	0.23848128
25824	0.24029551
25825	0.24214555
25826	0.24398790
25827	0.24577543
25828	0.24745888
25829	0.24898863
25830	0.25031751
25831	0.25140220
25832	0.25220570
25833	0.25269872
25834	0.25286019
25835	0.25267828
25836	0.25214946
25837	0.25127816
25838	0.25007537
25839	0.24855743
25840	0.24674493
25841	0.24466150
25842	0.24233289
25843	0.23978692
25844	0.23705265
25845	0.23416145
25846	0.23114742
25847	0.22804888
25848	0.22491083
25849	0.22178672
25850	0.21874344
25851	0.21586503
25852	0.21325849
25853	0.21106178
25854	0.20945002
25855	0.20864569
25856	0.20892762
25857	0.21063825
25858	0.21419364
25859	0.22008689
25860	0.22889479
25861	0.24128596
25862	0.25803581
25863	0.28007278
25864	0.30856335
25865	0.34510243
25866	0.39207819
25867	0.45340893
25868	0.53614169
25869	0.65430892
25870	0.83997267
25871	1.18459070
25872	NaN
25873	NaN
25874	NaN
25875	NaN
25876	NaN
25877	NaN
25878	NaN
25879	NaN
25880	NaN
25881	NaN
25882	NaN
25883	NaN
25884	NaN
25885	NaN
25886	NaN
25887	NaN
25888	NaN
25889	NaN
25890	NaN
25891	NaN
25892	NaN
25893	NaN
25894	NaN
25895	NaN
25896	NaN
25897	NaN
25898	NaN
25899	NaN
25900	NaN
25901	NaN
25902	NaN
25903	NaN
25904	NaN
25905	NaN
25906	NaN
25907	NaN
25908	NaN
25909	NaN
25910	NaN
25911	NaN
25912	NaN
25913	NaN
25914	NaN
25915	NaN
25916	NaN
25917	NaN
25918	NaN
25919	NaN
25920	NaN
25921	NaN
25922	NaN
25923	NaN
25924	NaN
25925	NaN
25926	NaN
25927	NaN
25928	NaN
25929	NaN
25930	NaN
25931	NaN
25932	NaN
25933	NaN
25934	NaN
25935	NaN
25936	NaN
25937	NaN
25938	NaN
25939	NaN
25940	NaN
25941	NaN
25942	NaN
25943	NaN
25944	NaN
25945	NaN
25946	NaN
25947	NaN
25948	NaN
25949	NaN
25950	NaN
25951	NaN
25952	NaN
25953	NaN
25954	NaN
25955	NaN
25956	NaN
25957	NaN
25958	NaN
25959	NaN
25960	NaN
25961	1.54238772
25962	0.65787029
25963	0.49013722
25964	0.42028227
25965	0.38260993
25966	0.35942075
25967	0.34394929
25968	0.33305264
25969	0.32507265
25970	0.31905356
25971	0.31440690
25972	0.31075168
25973	0.30783159
25974	0.30546841
25975	0.30353573
25976	0.30194178
25977	0.30061918
25978	0.29951811
25979	0.29860115
25980	0.29784039
25981	0.29721490
25982	0.29670888
25983	0.29631048
25984	0.29601064
25985	0.29580241
25986	0.29568011
25987	0.29563883
25988	0.29567397
25989	0.29578072
25990	0.29595372
25991	0.29618669
25992	0.29647213
25993	0.29680103
25994	0.29716286
25995	0.29754534
25996	0.29793477
25997	0.29831600
25998	0.29867309
25999	0.29898956
26000	0.29924935
26001	0.29943758
26002	0.29954115
26003	0.29954997
26004	0.29945749
26005	0.29926130
26006	0.29896364
26007	0.29857138
26008	0.29809594
26009	0.29755270
26010	0.29696047
26011	0.29634032
26012	0.29571483
26013	0.29510689
26014	0.29453883
26015	0.29403141
26016	0.29360324
26017	0.29327008
26018	0.29304433
26019	0.29293492
26020	0.29294699
26021	0.29308194
26022	0.29333743
26023	0.29370740
26024	0.29418251
26025	0.29475027
26026	0.29539543
26027	0.29610053
26028	0.29684621
26029	0.29761204
26030	0.29837695
26031	0.29911998
26032	0.29982084
26033	0.30046067
26034	0.30102259
26035	0.30149230
26036	0.30185837
26037	0.30211285
26038	0.30225122
26039	0.30227271
26040	0.30217996
26041	0.30197904
26042	0.30167899
26043	0.30129144
26044	0.30082998
26045	0.30030972
26046	0.29974669
26047	0.29915732
26048	0.29855791
26049	0.29796427
26050	0.29739127
26051	0.29685268
26052	0.29636097
26053	0.29592714
26054	0.29556066
26055	0.29526961
26056	0.29506052
26057	0.29493847
26058	0.29490724
26059	0.29496917
26060	0.29512525
26061	0.29537502
26062	0.29571667
26063	0.29614684
26064	0.29666066
26065	0.29725182
26066	0.29791254
26067	0.29863369
26068	0.29940513
26069	0.30021554
26070	0.30105311
26071	0.30190533
26072	0.30275977
26073	0.30360392
26074	0.30442572
26075	0.30521369
26076	0.30595717
26077	0.30664653
26078	0.30727330
26079	0.30783024
26080	0.30831152
26081	0.30871275
26082	0.30903098
26083	0.30926478
26084	0.30941409
26085	0.30948046
26086	0.30946675
26087	0.30937731
26088	0.30921784
26089	0.30899525
26090	0.30871767
26091	0.30839440
26092	0.30803555
26093	0.30765212
26094	0.30725560
26095	0.30685788
26096	0.30647105
26097	0.30610710
26098	0.30577779
26099	0.30549425
26100	0.30526710
26101	0.30510589
26102	0.30501926
26103	0.30501455
26104	0.30509776
26105	0.30527341
26106	0.30554444
26107	0.30591208
26108	0.30637577
26109	0.30693325
26110	0.30758020
26111	0.30831057
26112	0.30911648
26113	0.30998811
26114	0.31091395
26115	0.31188068
26116	0.31287351
26117	0.31387615
26118	0.31487119
26119	0.31584033
26120	0.31676471
26121	0.31762537
26122	0.31840372
26123	0.31908202
26124	0.31964418
26125	0.32007602
26126	0.32036614
26127	0.32050651
26128	0.32049271
26129	0.32032475
26130	0.32000706
26131	0.31954870
26132	0.31896347
26133	0.31826943
26134	0.31748873
26135	0.31664684
26136	0.31577179
26137	0.31489342
26138	0.31404245
26139	0.31324962
26140	0.31254464
26141	0.31195575
26142	0.31150877
26143	0.31122661
26144	0.31112897
26145	0.31123176
26146	0.31154701
26147	0.31208265
26148	0.31284207
26149	0.31382421
26150	0.31502315
26151	0.31642789
26152	0.31802228
26153	0.31978467
26154	0.32168806
26155	0.32370016
26156	0.32578358
26157	0.32789683
26158	0.32999495
26159	0.33203101
26160	0.33395785
26161	0.33572993
26162	0.33730584
26163	0.33865008
26164	0.33973551
26165	0.34054482
26166	0.34107155
26167	0.34132114
26168	0.34131026
26169	0.34106621
26170	0.34062567
26171	0.34003294
26172	0.33933806
26173	0.33859509
26174	0.33786052
26175	0.33719173
26176	0.33664590
26177	0.33627954
26178	0.33614829
26179	0.33630618
26180	0.33680683
26181	0.33770227
26182	0.33904469
26183	0.34088561
26184	0.34327635
26185	0.34626898
26186	0.34991515
26187	0.35426730
26188	0.35937843
26189	0.36530167
26190	0.37209326
26191	0.37981144
26192	0.38852170
26193	0.39830127
26194	0.40924531
26195	0.42148122
26196	0.43518549
26197	0.45060992
26198	0.46812052
26199	0.48825592
26200	0.51182276
26201	0.54005259
26202	0.57487768
26203	0.61948121
26204	0.67942363
26205	0.76533115
26206	0.90029407
26207	1.14564204
26208	NaN
26209	NaN
26210	NaN
26211	NaN
26212	NaN
26213	NaN
26214	NaN
26215	NaN
26216	NaN
26217	NaN
26218	NaN
26219	NaN
26220	NaN
26221	NaN
26222	NaN
26223	NaN
26224	NaN
26225	NaN
26226	NaN
26227	NaN
26228	NaN
26229	NaN
26230	NaN
26231	NaN
26232	NaN
26233	NaN
26234	NaN
26235	NaN
26236	NaN
26237	NaN
26238	NaN
26239	NaN
26240	NaN
26241	NaN
26242	NaN
26243	NaN
26244	NaN
26245	NaN
26246	NaN
26247	NaN
26248	NaN
26249	NaN
26250	NaN
26251	NaN
26252	NaN
26253	NaN
26254	NaN
26255	NaN
26256	NaN
26257	NaN
26258	NaN
26259	NaN
26260	NaN
26261	NaN
26262	NaN
26263	NaN
26264	NaN
26265	NaN
26266	NaN
26267	NaN
26268	NaN
26269	NaN
26270	NaN
26271	NaN
26272	NaN
26273	NaN
26274	NaN
26275	NaN
26276	NaN
26277	NaN
26278	NaN
26279	NaN
26280	NaN
26281	NaN
26282	NaN
26283	NaN
26284	NaN
26285	NaN
26286	NaN
26287	NaN
26288	NaN
26289	NaN
26290	NaN
26291	NaN
26292	NaN
26293	NaN
26294	NaN
26295	0.61878520
26296	0.39183611
26297	0.33358857
26298	0.30756897
26299	0.29324669
26300	0.28447467
26301	0.27876663
26302	0.27492422
26303	0.27229702
26304	0.27050063
26305	0.26929310
26306	0.26851380
26307	0.26805201
26308	0.26782864
26309	0.26778546
26310	0.26787910
26311	0.26807606
26312	0.26835045
26313	0.26868176
26314	0.26905355
26315	0.26945257
26316	0.26986799
26317	0.27029076
26318	0.27071336
26319	0.27112928
26320	0.27153283
26321	0.27191904
26322	0.27228323
26323	0.27262115
26324	0.27292883
26325	0.27320260
26326	0.27343887
26327	0.27363446
26328	0.27378657
26329	0.27389270
26330	0.27395093
26331	0.27395999
26332	0.27391928
26333	0.27382937
26334	0.27369162
26335	0.27350876
26336	0.27328467
26337	0.27302480
26338	0.27273580
26339	0.27242583
26340	0.27210423
26341	0.27178147
26342	0.27146891
26343	0.27117833
26344	0.27092183
26345	0.27071106
26346	0.27055717
26347	0.27047005
26348	0.27045828
26349	0.27052853
26350	0.27068549
26351	0.27093169
26352	0.27126732
26353	0.27169037
26354	0.27219653
26355	0.27277914
26356	0.27342969
26357	0.27413744
26358	0.27488983
26359	0.27567270
26360	0.27647024
26361	0.27726558
26362	0.27804098
26363	0.27877831
26364	0.27945971
26365	0.28006810
26366	0.28058797
26367	0.28100616
26368	0.28131220
26369	0.28149936
26370	0.28156474
26371	0.28150952
26372	0.28133914
26373	0.28106290
26374	0.28069359
26375	0.28024679
26376	0.27974012
26377	0.27919242
26378	0.27862287
26379	0.27805018
26380	0.27749193
26381	0.27696392
26382	0.27647978
26383	0.27605063
26384	0.27568492
26385	0.27538842
26386	0.27516437
26387	0.27501339
26388	0.27493411
26389	0.27492315
26390	0.27497557
26391	0.27508524
26392	0.27524513
26393	0.27544758
26394	0.27568462
26395	0.27594832
26396	0.27623087
26397	0.27652478
26398	0.27682295
26399	0.27711895
26400	0.27740687
26401	0.27768150
26402	0.27793840
26403	0.27817383
26404	0.27838486
26405	0.27856940
26406	0.27872613
26407	0.27885449
26408	0.27895454
26409	0.27902716
26410	0.27907372
26411	0.27909604
26412	0.27909628
26413	0.27907681
26414	0.27904007
26415	0.27898839
26416	0.27892402
26417	0.27884889
26418	0.27876461
26419	0.27867234
26420	0.27857313
26421	0.27846745
26422	0.27835563
26423	0.27823776
26424	0.27811378
26425	0.27798367
26426	0.27784738
26427	0.27770513
26428	0.27755734
26429	0.27740481
26430	0.27724871
26431	0.27709076
26432	0.27693325
26433	0.27677900
26434	0.27663144
26435	0.27649465
26436	0.27637318
26437	0.27627194
26438	0.27619627
26439	0.27615157
26440	0.27614328
26441	0.27617651
26442	0.27625594
26443	0.27638558
26444	0.27656847
26445	0.27680659
26446	0.27710059
26447	0.27744967
26448	0.27785149
26449	0.27830207
26450	0.27879584
26451	0.27932554
26452	0.27988228
26453	0.28045574
26454	0.28103426
26455	0.28160504
26456	0.28215444
26457	0.28266838
26458	0.28313255
26459	0.28353313
26460	0.28385705
26461	0.28409284
26462	0.28423074
26463	0.28426355
26464	0.28418699
26465	0.28399983
26466	0.28370455
26467	0.28330687
26468	0.28281620
26469	0.28224519
26470	0.28160945
26471	0.28092715
26472	0.28021839
26473	0.27950481
26474	0.27880880
26475	0.27815291
26476	0.27755943
26477	0.27704963
26478	0.27664340
26479	0.27635878
26480	0.27621150
26481	0.27621490
26482	0.27637929
26483	0.27671188
26484	0.27721661
26485	0.27789354
26486	0.27873886
26487	0.27974451
26488	0.28089797
26489	0.28218207
26490	0.28357485
26491	0.28504983
26492	0.28657639
26493	0.28811991
26494	0.28964341
26495	0.29110813
26496	0.29247537
26497	0.29370800
26498	0.29477212
26499	0.29563907
26500	0.29628617
26501	0.29669836
26502	0.29686853
26503	0.29679748
26504	0.29649374
26505	0.29597297
26506	0.29525667
26507	0.29437152
26508	0.29334778
26509	0.29221904
26510	0.29102138
26511	0.28979263
26512	0.28857327
26513	0.28740603
26514	0.28633717
26515	0.28541753
26516	0.28470409
26517	0.28426290
26518	0.28417045
26519	0.28451800
26520	0.28541511
26521	0.28699371
26522	0.28941438
26523	0.29287133
26524	0.29760164
26525	0.30389404
26526	0.31210023
26527	0.32265395
26528	0.33609521
26529	0.35311103
26530	0.37460446
26531	0.40181011
26532	0.43651134
26533	0.48144394
26534	0.54110670
26535	0.62355524
26536	0.74479991
26537	0.94183987
26538	1.32339096
26539	NaN
26540	NaN
26541	NaN
26542	NaN
26543	NaN
26544	NaN
26545	NaN
26546	NaN
26547	NaN
26548	NaN
26549	NaN
26550	NaN
26551	NaN
26552	NaN
26553	NaN
26554	NaN
26555	NaN
26556	NaN
26557	NaN
26558	NaN
26559	NaN
26560	NaN
26561	NaN
26562	NaN
26563	NaN
26564	NaN
26565	NaN
26566	NaN
26567	NaN
26568	NaN
26569	NaN
26570	NaN
26571	NaN
26572	NaN
26573	NaN
26574	NaN
26575	NaN
26576	NaN
26577	NaN
26578	NaN
26579	NaN
26580	NaN
26581	NaN
26582	NaN
26583	NaN
26584	NaN
26585	NaN
26586	NaN
26587	NaN
26588	NaN
26589	NaN
26590	NaN
26591	NaN
26592	NaN
26593	NaN
26594	NaN
26595	NaN
26596	NaN
26597	NaN
26598	NaN
26599	NaN
26600	NaN
26601	NaN
26602	NaN
26603	NaN
26604	NaN
26605	NaN
26606	NaN
26607	NaN
26608	NaN
26609	NaN
26610	NaN
26611	NaN
26612	NaN
26613	NaN
26614	NaN
26615	NaN
26616	NaN
26617	NaN
26618	NaN
26619	NaN
26620	NaN
26621	NaN
26622	1.43909359
26623	0.69645733
26624	0.53159869
26625	0.45932174
26626	0.41890717
26627	0.39321798
26628	0.37554246
26629	0.36271212
26630	0.35303497
26631	0.34552449
26632	0.33956686
26633	0.33475947
26634	0.33082774
26635	0.32757789
26636	0.32486922
26637	0.32259768
26638	0.32068449
26639	0.31906956
26640	0.31770635
26641	0.31655845
26642	0.31559774
26643	0.31480190
26644	0.31415349
26645	0.31363901
26646	0.31324771
26647	0.31297120
26648	0.31280267
26649	0.31273660
26650	0.31276789
26651	0.31289166
26652	0.31310287
26653	0.31339568
26654	0.31376320
26655	0.31419703
26656	0.31468716
26657	0.31522167
26658	0.31578675
26659	0.31636673
26660	0.31694460
26661	0.31750211
26662	0.31802070
26663	0.31848222
26664	0.31886965
26665	0.31916821
26666	0.31936607
26667	0.31945527
26668	0.31943229
26669	0.31929827
26670	0.31905910
26671	0.31872556
26672	0.31831214
26673	0.31783691
26674	0.31732023
26675	0.31678399
26676	0.31625044
26677	0.31574121
26678	0.31527668
26679	0.31487495
26680	0.31455144
26681	0.31431845
26682	0.31418478
26683	0.31415570
26684	0.31423280
26685	0.31441411
26686	0.31469417
26687	0.31506437
26688	0.31551313
26689	0.31602630
26690	0.31658775
26691	0.31717962
26692	0.31778312
26693	0.31837913
26694	0.31894872
26695	0.31947401
26696	0.31993866
26697	0.32032856
26698	0.32063222
26699	0.32084131
26700	0.32095063
26701	0.32095852
26702	0.32086650
26703	0.32067919
26704	0.32040396
26705	0.32005048
26706	0.31963030
26707	0.31915629
26708	0.31864226
26709	0.31810242
26710	0.31755105
26711	0.31700218
26712	0.31646922
26713	0.31596491
26714	0.31550089
26715	0.31508774
26716	0.31473485
26717	0.31445023
26718	0.31424069
26719	0.31411162
26720	0.31406692
26721	0.31410918
26722	0.31423950
26723	0.31445757
26724	0.31476158
26725	0.31514820
26726	0.31561282
26727	0.31614935
26728	0.31675038
26729	0.31740749
26730	0.31811127
26731	0.31885156
26732	0.31961769
26733	0.32039872
26734	0.32118365
26735	0.32196158
26736	0.32272196
26737	0.32345477
26738	0.32415056
26739	0.32480079
26740	0.32539758
26741	0.32593432
26742	0.32640529
26743	0.32680607
26744	0.32713339
26745	0.32738534
26746	0.32756132
26747	0.32766199
26748	0.32768938
26749	0.32764676
26750	0.32753864
26751	0.32737073
26752	0.32714987
26753	0.32688376
26754	0.32658121
26755	0.32625175
26756	0.32590556
26757	0.32555339
26758	0.32520634
26759	0.32487571
26760	0.32457274
26761	0.32430837
26762	0.32409322
26763	0.32393712
26764	0.32384893
26765	0.32383639
26766	0.32390586
26767	0.32406208
26768	0.32430816
26769	0.32464534
26770	0.32507309
26771	0.32558879
26772	0.32618812
26773	0.32686484
26774	0.32761094
26775	0.32841682
26776	0.32927132
26777	0.33016187
26778	0.33107471
26779	0.33199510
26780	0.33290747
26781	0.33379573
26782	0.33464354
26783	0.33543473
26784	0.33615366
26785	0.33678558
26786	0.33731714
26787	0.33773690
26788	0.33803573
26789	0.33820736
26790	0.33824876
26791	0.33816049
26792	0.33794683
26793	0.33761635
26794	0.33718124
26795	0.33665761
26796	0.33606502
26797	0.33542576
26798	0.33476466
26799	0.33410794
26800	0.33348289
26801	0.33291671
26802	0.33243614
26803	0.33206674
26804	0.33183202
26805	0.33175322
26806	0.33184862
26807	0.33213329
26808	0.33261856
26809	0.33331150
26810	0.33421502
26811	0.33532718
26812	0.33664092
26813	0.33814406
26814	0.33981898
26815	0.34164280
26816	0.34358725
26817	0.34561917
26818	0.34770131
26819	0.34979287
26820	0.35185069
26821	0.35383105
26822	0.35569075
26823	0.35738930
26824	0.35889071
26825	0.36016521
26826	0.36119092
26827	0.36195481
26828	0.36245376
26829	0.36269498
26830	0.36269528
26831	0.36248100
26832	0.36208653
26833	0.36155328
26834	0.36092815
26835	0.36026192
26836	0.35960817
26837	0.35902211
26838	0.35855922
26839	0.35827482
26840	0.35822323
26841	0.35845801
26842	0.35903105
26843	0.35999265
26844	0.36139232
26845	0.36327714
26846	0.36569268
26847	0.36868256
26848	0.37228727
26849	0.37654498
26850	0.38148931
26851	0.38715050
26852	0.39355490
26853	0.40072522
26854	0.40868407
26855	0.41745567
26856	0.42707306
26857	0.43758750
26858	0.44908050
26859	0.46168506
26860	0.47561160
26861	0.49118942
26862	0.50893074
26863	0.52963096
26864	0.55454969
26865	0.58574563
26866	0.62675416
26867	0.68414932
26868	0.77158111
26869	0.92280579
26870	1.25019085
26871	NaN
26872	NaN
26873	NaN
26874	NaN
26875	NaN
26876	NaN
26877	NaN
26878	NaN
26879	NaN
26880	NaN
26881	NaN
26882	NaN
26883	NaN
26884	NaN
26885	NaN
26886	NaN
26887	NaN
26888	NaN
26889	NaN
26890	NaN
26891	NaN
26892	NaN
26893	NaN
26894	NaN
26895	NaN
26896	NaN
26897	NaN
26898	NaN
26899	NaN
26900	NaN
26901	NaN
26902	NaN
26903	NaN
26904	NaN
26905	NaN
26906	NaN
26907	NaN
26908	NaN
26909	NaN
26910	NaN
26911	NaN
26912	NaN
26913	NaN
26914	NaN
26915	NaN
26916	NaN
26917	NaN
26918	NaN
26919	NaN
26920	NaN
26921	NaN
26922	NaN
26923	NaN
26924	NaN
26925	NaN
26926	NaN
26927	NaN
26928	NaN
26929	NaN
26930	NaN
26931	NaN
26932	NaN
26933	NaN
26934	NaN
26935	NaN
26936	NaN
26937	NaN
26938	NaN
26939	NaN
26940	NaN
26941	NaN
26942	NaN
26943	NaN
26944	NaN
26945	NaN
26946	NaN
26947	NaN
26948	NaN
26949	NaN
26950	NaN
26951	0.45720863
26952	0.34662467
26953	0.30267289
26954	0.27931064
26955	0.26495737
26956	0.25533748
26957	0.24850693
26958	0.24345510
26959	0.23960581
26960	0.23660652
26961	0.23422991
26962	0.23232283
26963	0.23077837
26964	0.22951984
26965	0.22849049
26966	0.22764759
26967	0.22695816
26968	0.22639602
26969	0.22594030
26970	0.22557358
26971	0.22528118
26972	0.22505035
26973	0.22486965
26974	0.22472878
26975	0.22461791
26976	0.22452791
26977	0.22444992
26978	0.22437544
26979	0.22429641
26980	0.22420515
26981	0.22409452
26982	0.22395822
26983	0.22379081
26984	0.22358805
26985	0.22334708
26986	0.22306646
26987	0.22274657
26988	0.22238941
26989	0.22199881
26990	0.22158033
26991	0.22114107
26992	0.22068956
26993	0.22023539
26994	0.21978876
26995	0.21936028
26996	0.21896027
26997	0.21859851
26998	0.21828371
26999	0.21802332
27000	0.21782312
27001	0.21768717
27002	0.21761785
27003	0.21761580
27004	0.21768007
27005	0.21780834
27006	0.21799710
27007	0.21824189
27008	0.21853732
27009	0.21887727
27010	0.21925500
27011	0.21966301
27012	0.22009316
27013	0.22053660
27014	0.22098376
27015	0.22142452
27016	0.22184826
27017	0.22224407
27018	0.22260110
27019	0.22290890
27020	0.22315787
27021	0.22333972
27022	0.22344801
27023	0.22347847
27024	0.22342956
27025	0.22330247
27026	0.22310127
27027	0.22283293
27028	0.22250682
27029	0.22213438
27030	0.22172856
27031	0.22130309
27032	0.22087184
27033	0.22044812
27034	0.22004415
27035	0.21967052
27036	0.21933591
27037	0.21904674
27038	0.21880744
27039	0.21862018
27040	0.21848522
27041	0.21840107
27042	0.21836480
27043	0.21837234
27044	0.21841872
27045	0.21849838
27046	0.21860550
27047	0.21873407
27048	0.21887814
27049	0.21903203
27050	0.21919042
27051	0.21934839
27052	0.21950157
27053	0.21964622
27054	0.21977919
27055	0.21989797
27056	0.22000082
27057	0.22008650
27058	0.22015448
27059	0.22020483
27060	0.22023810
27061	0.22025533
27062	0.22025792
27063	0.22024754
27064	0.22022608
27065	0.22019547
27066	0.22015776
27067	0.22011484
27068	0.22006862
27069	0.22002073
27070	0.21997258
27071	0.21992545
27072	0.21988013
27073	0.21983726
27074	0.21979710
27075	0.21975966
27076	0.21972464
27077	0.21969168
27078	0.21966019
27079	0.21962972
27080	0.21959975
27081	0.21956994
27082	0.21954013
27083	0.21951032
27084	0.21948078
27085	0.21945184
27086	0.21942414
27087	0.21939833
27088	0.21937522
27089	0.21935569
27090	0.21934073
27091	0.21933141
27092	0.21932894
27093	0.21933468
27094	0.21935003
27095	0.21937661
27096	0.21941605
27097	0.21947010
27098	0.21954033
27099	0.21962833
27100	0.21973543
27101	0.21986258
27102	0.22001043
27103	0.22017917
27104	0.22036833
27105	0.22057703
27106	0.22080366
27107	0.22104608
27108	0.22130148
27109	0.22156660
27110	0.22183754
27111	0.22210991
27112	0.22237898
27113	0.22263949
27114	0.22288591
27115	0.22311258
27116	0.22331347
27117	0.22348283
27118	0.22361498
27119	0.22370450
27120	0.22374682
27121	0.22373803
27122	0.22367516
27123	0.22355661
27124	0.22338195
27125	0.22315231
27126	0.22287025
27127	0.22253963
27128	0.22216581
27129	0.22175534
27130	0.22131583
27131	0.22085588
27132	0.22038473
27133	0.21991219
27134	0.21944833
27135	0.21900345
27136	0.21858777
27137	0.21821125
27138	0.21788339
27139	0.21761316
27140	0.21740884
27141	0.21727756
27142	0.21722542
27143	0.21725722
27144	0.21737605
27145	0.21758331
27146	0.21787851
27147	0.21825884
27148	0.21871932
27149	0.21925256
27150	0.21984877
27151	0.22049598
27152	0.22118016
27153	0.22188570
27154	0.22259574
27155	0.22329292
27156	0.22395989
27157	0.22457977
27158	0.22513704
27159	0.22561753
27160	0.22600913
27161	0.22630185
27162	0.22648756
27163	0.22656064
27164	0.22651732
27165	0.22635566
27166	0.22607568
27167	0.22567914
27168	0.22516978
27169	0.22455360
27170	0.22383888
27171	0.22303757
27172	0.22216527
27173	0.22124290
27174	0.22029755
27175	0.21936408
27176	0.21848655
27177	0.21771961
27178	0.21713060
27179	0.21680067
27180	0.21682532
27181	0.21731651
27182	0.21840185
27183	0.22022469
27184	0.22294396
27185	0.22673307
27186	0.23178230
27187	0.23830022
27188	0.24652265
27189	0.25672722
27190	0.26925874
27191	0.28457192
27192	0.30330414
27193	0.32639605
27194	0.35530570
27195	0.39241248
27196	0.44185719
27197	0.51146448
27198	0.61788201
27199	0.80370229
27200	1.21956837
27201	NaN
27202	NaN
27203	NaN
27204	NaN
27205	NaN
27206	NaN
27207	NaN
27208	NaN
27209	NaN
27210	NaN
27211	NaN
27212	NaN
27213	NaN
27214	NaN
27215	NaN
27216	NaN
27217	NaN
27218	NaN
27219	NaN
27220	NaN
27221	NaN
27222	NaN
27223	NaN
27224	NaN
27225	NaN
27226	NaN
27227	NaN
27228	NaN
27229	NaN
27230	NaN
27231	NaN
27232	NaN
27233	NaN
27234	NaN
27235	NaN
27236	NaN
27237	NaN
27238	NaN
27239	NaN
27240	NaN
27241	NaN
27242	NaN
27243	NaN
27244	NaN
27245	NaN
27246	NaN
27247	NaN
27248	NaN
27249	NaN
27250	NaN
27251	NaN
27252	NaN
27253	NaN
27254	NaN
27255	NaN
27256	NaN
27257	NaN
27258	NaN
27259	NaN
27260	NaN
27261	NaN
27262	NaN
27263	NaN
27264	NaN
27265	NaN
27266	NaN
27267	NaN
27268	NaN
27269	NaN
27270	NaN
27271	NaN
27272	NaN
27273	NaN
27274	NaN
27275	NaN
27276	NaN
27277	NaN
27278	NaN
27279	NaN
27280	NaN
27281	0.71405911
27282	0.46502942
27283	0.38602003
27284	0.34758559
27285	0.32509139
27286	0.31048808
27287	0.30036286
27288	0.29302096
27289	0.28752458
27290	0.28331190
27291	0.28002638
27292	0.27743015
27293	0.27535889
27294	0.27369535
27295	0.27235380
27296	0.27127057
27297	0.27039734
27298	0.26969716
27299	0.26914164
27300	0.26870871
27301	0.26838127
27302	0.26814604
27303	0.26799268
27304	0.26791319
27305	0.26790139
27306	0.26795226
27307	0.26806182
27308	0.26822668
27309	0.26844352
27310	0.26870903
27311	0.26901940
27312	0.26937020
27313	0.26975605
27314	0.27017042
27315	0.27060550
27316	0.27105230
27317	0.27150053
27318	0.27193907
27319	0.27235603
27320	0.27273944
27321	0.27307773
27322	0.27336022
27323	0.27357793
27324	0.27372408
27325	0.27379471
27326	0.27378893
27327	0.27370936
27328	0.27356178
27329	0.27335525
27330	0.27310151
27331	0.27281433
27332	0.27250895
27333	0.27220115
27334	0.27190658
27335	0.27164000
27336	0.27141467
27337	0.27124196
27338	0.27113068
27339	0.27108732
27340	0.27111536
27341	0.27121568
27342	0.27138641
27343	0.27162316
27344	0.27191928
27345	0.27226606
27346	0.27265304
27347	0.27306864
27348	0.27350023
27349	0.27393475
27350	0.27435911
27351	0.27476054
27352	0.27512714
27353	0.27544817
27354	0.27571443
27355	0.27591863
27356	0.27605554
27357	0.27612218
27358	0.27611807
27359	0.27604493
27360	0.27590674
27361	0.27570951
27362	0.27546105
27363	0.27517039
27364	0.27484763
27365	0.27450341
27366	0.27414855
27367	0.27379376
27368	0.27344930
27369	0.27312475
27370	0.27282894
27371	0.27256966
27372	0.27235380
27373	0.27218726
27374	0.27207491
27375	0.27202085
27376	0.27202815
27377	0.27209920
27378	0.27223554
27379	0.27243796
27380	0.27270663
27381	0.27304074
27382	0.27343881
27383	0.27389839
27384	0.27441600
27385	0.27498731
27386	0.27560690
27387	0.27626833
27388	0.27696443
27389	0.27768713
27390	0.27842784
27391	0.27917749
27392	0.27992684
27393	0.28066665
27394	0.28138778
27395	0.28208145
27396	0.28273937
27397	0.28335372
27398	0.28391749
27399	0.28442428
27400	0.28486854
27401	0.28524560
27402	0.28555164
27403	0.28578380
27404	0.28594017
27405	0.28601998
27406	0.28602350
27407	0.28595215
27408	0.28580859
27409	0.28559667
27410	0.28532162
27411	0.28498989
27412	0.28460923
27413	0.28418866
27414	0.28373843
27415	0.28326979
27416	0.28279498
27417	0.28232691
27418	0.28187901
27419	0.28146484
27420	0.28109783
27421	0.28079095
27422	0.28055617
27423	0.28040427
27424	0.28034443
27425	0.28038400
27426	0.28052825
27427	0.28078017
27428	0.28114051
27429	0.28160772
27430	0.28217795
27431	0.28284517
27432	0.28360143
27433	0.28443661
27434	0.28533897
27435	0.28629509
27436	0.28728992
27437	0.28830725
27438	0.28932953
27439	0.29033858
27440	0.29131553
27441	0.29224133
27442	0.29309732
27443	0.29386547
27444	0.29452920
27445	0.29507384
27446	0.29548728
27447	0.29576048
27448	0.29588804
27449	0.29586866
27450	0.29570547
27451	0.29540610
27452	0.29498267
27453	0.29445145
27454	0.29383272
27455	0.29315013
27456	0.29242966
27457	0.29169950
27458	0.29098859
27459	0.29032633
27460	0.28974143
27461	0.28926134
27462	0.28891170
27463	0.28871545
27464	0.28869256
27465	0.28885958
27466	0.28922915
27467	0.28980976
27468	0.29060555
27469	0.29161581
27470	0.29283485
27471	0.29425186
27472	0.29585063
27473	0.29760957
27474	0.29950160
27475	0.30149445
27476	0.30355132
27477	0.30563131
27478	0.30769083
27479	0.30968460
27480	0.31156775
27481	0.31329730
27482	0.31483412
27483	0.31614500
27484	0.31720397
27485	0.31799376
27486	0.31850645
27487	0.31874400
27488	0.31871790
27489	0.31844872
27490	0.31796515
27491	0.31730306
27492	0.31650424
27493	0.31561530
27494	0.31468663
27495	0.31377164
27496	0.31292567
27497	0.31220585
27498	0.31167066
27499	0.31137955
27500	0.31139311
27501	0.31177333
27502	0.31258333
27503	0.31388792
27504	0.31575358
27505	0.31824809
27506	0.32144108
27507	0.32540238
27508	0.33020201
27509	0.33590859
27510	0.34258798
27511	0.35030201
27512	0.35910755
27513	0.36905727
27514	0.38020104
27515	0.39259192
27516	0.40629470
27517	0.42140120
27518	0.43805248
27519	0.45647085
27520	0.47701088
27521	0.50023270
27522	0.52702487
27523	0.55881310
27524	0.59795570
27525	0.64854032
27526	0.71820903
27527	0.82293850
27528	1.00247622
27529	1.39052689
27530	NaN
27531	NaN
27532	NaN
27533	NaN
27534	NaN
27535	NaN
27536	NaN
27537	NaN
27538	NaN
27539	NaN
27540	NaN
27541	NaN
27542	NaN
27543	NaN
27544	NaN
27545	NaN
27546	NaN
27547	NaN
27548	NaN
27549	NaN
27550	NaN
27551	NaN
27552	NaN
27553	NaN
27554	NaN
27555	NaN
27556	NaN
27557	NaN
27558	NaN
27559	NaN
27560	NaN
27561	NaN
27562	NaN
27563	NaN
27564	NaN
27565	NaN
27566	NaN
27567	NaN
27568	NaN
27569	NaN
27570	NaN
27571	NaN
27572	NaN
27573	NaN
27574	NaN
27575	NaN
27576	NaN
27577	NaN
27578	NaN
27579	NaN
27580	NaN
27581	NaN
27582	NaN
27583	NaN
27584	NaN
27585	NaN
27586	NaN
27587	NaN
27588	NaN
27589	NaN
27590	NaN
27591	NaN
27592	NaN
27593	NaN
27594	NaN
27595	NaN
27596	NaN
27597	NaN
27598	NaN
27599	NaN
27600	NaN
27601	NaN
27602	NaN
27603	NaN
27604	NaN
27605	NaN
27606	NaN
27607	NaN
27608	NaN
27609	NaN
27610	NaN
27611	NaN
27612	NaN
27613	NaN
27614	0.51403624
27615	0.34573519
27616	0.29305190
27617	0.26811233
27618	0.25407025
27619	0.24540514
27620	0.23977242
27621	0.23600630
27622	0.23346111
27623	0.23175089
27624	0.23063034
27625	0.22993638
27626	0.22955656
27627	0.22941074
27628	0.22944048
27629	0.22960217
27630	0.22986263
27631	0.23019634
27632	0.23058321
27633	0.23100731
27634	0.23145579
27635	0.23191814
27636	0.23238558
27637	0.23285058
27638	0.23330654
27639	0.23374745
27640	0.23416778
27641	0.23456217
27642	0.23492555
27643	0.23525298
27644	0.23553962
27645	0.23578110
27646	0.23597331
27647	0.23611277
27648	0.23619673
27649	0.23622331
27650	0.23619175
27651	0.23610255
27652	0.23595756
27653	0.23576027
27654	0.23551565
27655	0.23523030
27656	0.23491232
27657	0.23457123
27658	0.23421772
27659	0.23386331
27660	0.23352021
27661	0.23320080
27662	0.23291732
27663	0.23268156
27664	0.23250437
27665	0.23239537
27666	0.23236270
27667	0.23241277
27668	0.23255011
27669	0.23277728
27670	0.23309471
27671	0.23350090
27672	0.23399223
27673	0.23456316
27674	0.23520614
27675	0.23591183
27676	0.23666896
27677	0.23746464
27678	0.23828433
27679	0.23911208
27680	0.23993082
27681	0.24072273
27682	0.24146970
27683	0.24215382
27684	0.24275823
27685	0.24326757
27686	0.24366893
27687	0.24395242
27688	0.24411172
27689	0.24414445
27690	0.24405265
27691	0.24384232
27692	0.24352349
27693	0.24310961
27694	0.24261679
27695	0.24206306
27696	0.24146740
27697	0.24084896
27698	0.24022615
27699	0.23961604
27700	0.23903382
27701	0.23849246
27702	0.23800254
27703	0.23757213
27704	0.23720701
27705	0.23691064
27706	0.23668458
27707	0.23652858
27708	0.23644090
27709	0.23641849
27710	0.23645736
27711	0.23655266
27712	0.23669884
27713	0.23689000
27714	0.23711976
27715	0.23738153
27716	0.23766860
27717	0.23797414
27718	0.23829137
27719	0.23861371
27720	0.23893473
27721	0.23924841
27722	0.23954920
27723	0.23983219
27724	0.24009305
27725	0.24032822
27726	0.24053484
27727	0.24071090
27728	0.24085508
27729	0.24096671
27730	0.24104585
27731	0.24109298
27732	0.24110919
27733	0.24109596
27734	0.24105507
27735	0.24098869
27736	0.24089924
27737	0.24078944
27738	0.24066225
27739	0.24052088
27740	0.24036883
27741	0.24020979
27742	0.24004772
27743	0.23988663
27744	0.23973073
27745	0.23958425
27746	0.23945124
27747	0.23933561
27748	0.23924102
27749	0.23917061
27750	0.23912717
27751	0.23911299
27752	0.23912986
27753	0.23917906
27754	0.23926151
27755	0.23937769
27756	0.23952775
27757	0.23971152
27758	0.23992853
27759	0.24017803
27760	0.24045895
27761	0.24076991
27762	0.24110918
27763	0.24147463
27764	0.24186371
27765	0.24227349
27766	0.24270056
27767	0.24314097
27768	0.24359040
27769	0.24404399
27770	0.24449655
27771	0.24494241
27772	0.24537548
27773	0.24578942
27774	0.24617752
27775	0.24653292
27776	0.24684852
27777	0.24711737
27778	0.24733268
27779	0.24748802
27780	0.24757792
27781	0.24759774
27782	0.24754441
27783	0.24741645
27784	0.24721444
27785	0.24694116
27786	0.24660161
27787	0.24620315
27788	0.24575526
27789	0.24526930
27790	0.24475826
27791	0.24423634
27792	0.24371859
27793	0.24322048
27794	0.24275768
27795	0.24234560
27796	0.24199927
27797	0.24173316
27798	0.24156095
27799	0.24149542
27800	0.24154828
27801	0.24173008
27802	0.24204986
27803	0.24251504
27804	0.24313095
27805	0.24390052
27806	0.24482378
27807	0.24589728
27808	0.24711365
27809	0.24846114
27810	0.24992310
27811	0.25147808
27812	0.25309956
27813	0.25475666
27814	0.25641492
27815	0.25803730
27816	0.25958589
27817	0.26102373
27818	0.26231650
27819	0.26343429
27820	0.26435292
27821	0.26505509
27822	0.26553077
27823	0.26577693
27824	0.26579741
27825	0.26560166
27826	0.26520437
27827	0.26462361
27828	0.26388046
27829	0.26299816
27830	0.26200134
27831	0.26091573
27832	0.25976846
27833	0.25858837
27834	0.25740671
27835	0.25625888
27836	0.25518629
27837	0.25423959
27838	0.25348330
27839	0.25300068
27840	0.25290397
27841	0.25334466
27842	0.25452977
27843	0.25674638
27844	0.26039180
27845	0.26601851
27846	0.27439797
27847	0.28661305
27848	0.30419707
27849	0.32936317
27850	0.36540586
27851	0.41749090
27852	0.49438098
27853	0.61270344
27854	0.80954671
27855	NaN
27856	NaN
27857	NaN
27858	NaN
27859	NaN
27860	NaN
27861	NaN
27862	NaN
27863	NaN
27864	NaN
27865	NaN
27866	NaN
27867	NaN
27868	NaN
27869	NaN
27870	NaN
27871	NaN
27872	NaN
27873	NaN
27874	NaN
27875	NaN
27876	NaN
27877	NaN
27878	NaN
27879	NaN
27880	NaN
27881	NaN
27882	NaN
27883	NaN
27884	NaN
27885	NaN
27886	NaN
27887	NaN
27888	NaN
27889	NaN
27890	NaN
27891	NaN
27892	NaN
27893	NaN
27894	NaN
27895	NaN
27896	NaN
27897	NaN
27898	NaN
27899	NaN
27900	NaN
27901	NaN
27902	NaN
27903	NaN
27904	NaN
27905	NaN
27906	NaN
27907	NaN
27908	NaN
27909	NaN
27910	NaN
27911	NaN
27912	NaN
27913	NaN
27914	NaN
27915	NaN
27916	NaN
27917	NaN
27918	NaN
27919	NaN
27920	NaN
27921	NaN
27922	NaN
27923	NaN
27924	NaN
27925	NaN
27926	NaN
27927	NaN
27928	NaN
27929	NaN
27930	NaN
27931	NaN
27932	NaN
27933	NaN
27934	NaN
27935	NaN
27936	NaN
27937	NaN
27938	NaN
27939	NaN
27940	NaN
27941	NaN
27942	NaN
27943	NaN
27944	NaN
27945	0.89129806
27946	0.58438623
27947	0.47762203
27948	0.42381349
27949	0.39169666
27950	0.37057474
27951	0.35579112
27952	0.34499079
27953	0.33685392
27954	0.33058280
27955	0.32566658
27956	0.32176292
27957	0.31863433
27958	0.31611100
27959	0.31406891
27960	0.31241575
27961	0.31108189
27962	0.31001437
27963	0.30917233
27964	0.30852416
27965	0.30804515
27966	0.30771580
27967	0.30752039
27968	0.30744594
27969	0.30748150
27970	0.30761716
27971	0.30784369
27972	0.30815190
27973	0.30853221
27974	0.30897442
27975	0.30946729
27976	0.30999842
27977	0.31055421
27978	0.31111977
27979	0.31167930
27980	0.31221631
27981	0.31271395
27982	0.31315571
27983	0.31352600
27984	0.31381086
27985	0.31399855
27986	0.31408042
27987	0.31405136
27988	0.31391010
27989	0.31365955
27990	0.31330696
27991	0.31286320
27992	0.31234300
27993	0.31176370
27994	0.31114498
27995	0.31050774
27996	0.30987337
27997	0.30926284
27998	0.30869597
27999	0.30819064
28000	0.30776253
28001	0.30742428
28002	0.30718547
28003	0.30705225
28004	0.30702740
28005	0.30711022
28006	0.30729678
28007	0.30758002
28008	0.30795002
28009	0.30839452
28010	0.30889902
28011	0.30944759
28012	0.31002307
28013	0.31060785
28014	0.31118423
28015	0.31173512
28016	0.31224456
28017	0.31269833
28018	0.31308427
28019	0.31339285
28020	0.31361732
28021	0.31375393
28022	0.31380200
28023	0.31376374
28024	0.31364411
28025	0.31345034
28026	0.31319174
28027	0.31287909
28028	0.31252429
28029	0.31213987
28030	0.31173846
28031	0.31133267
28032	0.31093454
28033	0.31055531
28034	0.31020534
28035	0.30989388
28036	0.30962893
28037	0.30941740
28038	0.30926490
28039	0.30917582
28040	0.30915347
28041	0.30920005
28042	0.30931675
28043	0.30950373
28044	0.30976027
28045	0.31008476
28046	0.31047457
28047	0.31092626
28048	0.31143549
28049	0.31199709
28050	0.31260499
28051	0.31325254
28052	0.31393230
28053	0.31463641
28054	0.31535649
28055	0.31608406
28056	0.31681046
28057	0.31752700
28058	0.31822532
28059	0.31889731
28060	0.31953532
28061	0.32013226
28062	0.32068178
28063	0.32117817
28064	0.32161659
28065	0.32199302
28066	0.32230434
28067	0.32254824
28068	0.32272345
28069	0.32282957
28070	0.32286724
28071	0.32283807
28072	0.32274470
28073	0.32259098
28074	0.32238173
28075	0.32212290
28076	0.32182154
28077	0.32148579
28078	0.32112476
28079	0.32074848
28080	0.32036790
28081	0.31999457
28082	0.31964058
28083	0.31931835
28084	0.31904039
28085	0.31881887
28086	0.31866556
28087	0.31859136
28088	0.31860599
28089	0.31871772
28090	0.31893313
28091	0.31925678
28092	0.31969112
28093	0.32023624
28094	0.32088989
28095	0.32164732
28096	0.32250145
28097	0.32344270
28098	0.32445922
28099	0.32553703
28100	0.32665998
28101	0.32781017
28102	0.32896814
28103	0.33011314
28104	0.33122349
28105	0.33227727
28106	0.33325249
28107	0.33412805
28108	0.33488423
28109	0.33550346
28110	0.33597115
28111	0.33627635
28112	0.33641237
28113	0.33637762
28114	0.33617547
28115	0.33581510
28116	0.33531088
28117	0.33468249
28118	0.33395422
28119	0.33315435
28120	0.33231434
28121	0.33146778
28122	0.33064932
28123	0.32989386
28124	0.32923537
28125	0.32870606
28126	0.32833552
28127	0.32815018
28128	0.32817253
28129	0.32842064
28130	0.32890779
28131	0.32964209
28132	0.33062592
28133	0.33185580
28134	0.33332202
28135	0.33500829
28136	0.33689141
28137	0.33894145
28138	0.34112161
28139	0.34338832
28140	0.34569213
28141	0.34797859
28142	0.35018975
28143	0.35226595
28144	0.35414824
28145	0.35578114
28146	0.35711521
28147	0.35810983
28148	0.35873565
28149	0.35897657
28150	0.35883060
28151	0.35831046
28152	0.35744295
28153	0.35626790
28154	0.35483646
28155	0.35320878
28156	0.35145214
28157	0.34963894
28158	0.34784478
28159	0.34614703
28160	0.34462458
28161	0.34335673
28162	0.34242368
28163	0.34190720
28164	0.34189093
28165	0.34246212
28166	0.34371239
28167	0.34573954
28168	0.34864876
28169	0.35255423
28170	0.35758054
28171	0.36386424
28172	0.37155518
28173	0.38081777
28174	0.39183471
28175	0.40481028
28176	0.41997722
28177	0.43760991
28178	0.45804468
28179	0.48171568
28180	0.50921285
28181	0.54138196
28182	0.57949048
28183	0.62552780
28184	0.68276155
28185	0.75687468
28186	0.85854179
28187	1.01013780
28188	1.26731873
28189	NaN
28190	NaN
28191	NaN
28192	NaN
28193	NaN
28194	NaN
28195	NaN
28196	NaN
28197	NaN
28198	NaN
28199	NaN
28200	NaN
28201	NaN
28202	NaN
28203	NaN
28204	NaN
28205	NaN
28206	NaN
28207	NaN
28208	NaN
28209	NaN
28210	NaN
28211	NaN
28212	NaN
28213	NaN
28214	NaN
28215	NaN
28216	NaN
28217	NaN
28218	NaN
28219	NaN
28220	NaN
28221	NaN
28222	NaN
28223	NaN
28224	NaN
28225	NaN
28226	NaN
28227	NaN
28228	NaN
28229	NaN
28230	NaN
28231	NaN
28232	NaN
28233	NaN
28234	NaN
28235	NaN
28236	NaN
28237	NaN
28238	NaN
28239	NaN
28240	NaN
28241	NaN
28242	NaN
28243	NaN
28244	NaN
28245	NaN
28246	NaN
28247	NaN
28248	NaN
28249	NaN
28250	NaN
28251	NaN
28252	NaN
28253	NaN
28254	NaN
28255	NaN
28256	NaN
28257	NaN
28258	NaN
28259	NaN
28260	NaN
28261	NaN
28262	NaN
28263	NaN
28264	NaN
28265	NaN
28266	NaN
28267	NaN
28268	NaN
28269	NaN
28270	NaN
28271	NaN
28272	NaN
28273	NaN
28274	NaN
28275	NaN
28276	0.45883128
28277	0.31817254
28278	0.27723360
28279	0.25836647
28280	0.24788143
28281	0.24144185
28282	0.23724374
28283	0.23440349
28284	0.23243816
28285	0.23106271
28286	0.23009823
28287	0.22942759
28288	0.22897126
28289	0.22867383
28290	0.22849569
28291	0.22840819
28292	0.22839019
28293	0.22842589
28294	0.22850330
28295	0.22861314
28296	0.22874811
28297	0.22890221
28298	0.22907014
28299	0.22924730
28300	0.22942923
28301	0.22961146
28302	0.22978947
28303	0.22995855
28304	0.23011379
28305	0.23025014
28306	0.23036255
28307	0.23044606
28308	0.23049615
28309	0.23050874
28310	0.23048064
28311	0.23040970
28312	0.23029499
28313	0.23013696
28314	0.22993766
28315	0.22970065
28316	0.22943106
28317	0.22913542
28318	0.22882153
28319	0.22849816
28320	0.22817478
28321	0.22786105
28322	0.22756672
28323	0.22730106
28324	0.22707276
28325	0.22688939
28326	0.22675747
28327	0.22668216
28328	0.22666723
28329	0.22671521
28330	0.22682722
28331	0.22700319
28332	0.22724186
28333	0.22754084
28334	0.22789666
28335	0.22830470
28336	0.22875907
28337	0.22925274
28338	0.22977731
28339	0.23032300
28340	0.23087890
28341	0.23143290
28342	0.23197201
28343	0.23248285
28344	0.23295191
28345	0.23336624
28346	0.23371401
28347	0.23398525
28348	0.23417221
28349	0.23427002
28350	0.23427704
28351	0.23419479
28352	0.23402813
28353	0.23378487
28354	0.23347527
28355	0.23311159
28356	0.23270725
28357	0.23227611
28358	0.23183188
28359	0.23138748
28360	0.23095448
28361	0.23054287
28362	0.23016079
28363	0.22981456
28364	0.22950861
28365	0.22924571
28366	0.22902708
28367	0.22885273
28368	0.22872160
28369	0.22863179
28370	0.22858088
28371	0.22856590
28372	0.22858369
28373	0.22863090
28374	0.22870404
28375	0.22879963
28376	0.22891420
28377	0.22904427
28378	0.22918648
28379	0.22933748
28380	0.22949411
28381	0.22965334
28382	0.22981231
28383	0.22996837
28384	0.23011917
28385	0.23026256
28386	0.23039661
28387	0.23051959
28388	0.23063000
28389	0.23072636
28390	0.23080739
28391	0.23087180
28392	0.23091842
28393	0.23094615
28394	0.23095389
28395	0.23094074
28396	0.23090601
28397	0.23084918
28398	0.23077013
28399	0.23066910
28400	0.23054677
28401	0.23040439
28402	0.23024374
28403	0.23006707
28404	0.22987719
28405	0.22967730
28406	0.22947098
28407	0.22926199
28408	0.22905420
28409	0.22885145
28410	0.22865745
28411	0.22847567
28412	0.22830932
28413	0.22816117
28414	0.22803383
28415	0.22792941
28416	0.22784983
28417	0.22779661
28418	0.22777112
28419	0.22777431
28420	0.22780693
28421	0.22786945
28422	0.22796185
28423	0.22808382
28424	0.22823454
28425	0.22841270
28426	0.22861631
28427	0.22884291
28428	0.22908936
28429	0.22935177
28430	0.22962582
28431	0.22990648
28432	0.23018825
28433	0.23046528
28434	0.23073126
28435	0.23097987
28436	0.23120458
28437	0.23139904
28438	0.23155709
28439	0.23167299
28440	0.23174156
28441	0.23175836
28442	0.23171985
28443	0.23162352
28444	0.23146813
28445	0.23125376
28446	0.23098196
28447	0.23065586
28448	0.23028016
28449	0.22986113
28450	0.22940642
28451	0.22892524
28452	0.22842787
28453	0.22792561
28454	0.22743057
28455	0.22695534
28456	0.22651283
28457	0.22611608
28458	0.22577780
28459	0.22551054
28460	0.22532611
28461	0.22523570
28462	0.22524962
28463	0.22537698
28464	0.22562553
28465	0.22600147
28466	0.22650890
28467	0.22714953
28468	0.22792225
28469	0.22882262
28470	0.22984245
28471	0.23096964
28472	0.23218764
28473	0.23347579
28474	0.23480934
28475	0.23616013
28476	0.23749742
28477	0.23878932
28478	0.24000388
28479	0.24111100
28480	0.24208373
28481	0.24289967
28482	0.24354164
28483	0.24399875
28484	0.24426588
28485	0.24434395
28486	0.24423903
28487	0.24396147
28488	0.24352552
28489	0.24294809
28490	0.24224827
28491	0.24144691
28492	0.24056636
28493	0.23963062
28494	0.23866598
28495	0.23770183
28496	0.23677181
28497	0.23591626
28498	0.23518501
28499	0.23464078
28500	0.23436420
28501	0.23446055
28502	0.23506807
28503	0.23636852
28504	0.23860078
28505	0.24207669
28506	0.24720177
28507	0.25449598
28508	0.26462170
28509	0.27841571
28510	0.29693234
28511	0.32151517
28512	0.35392907
28513	0.39662015
28514	0.45325467
28515	0.52989703
28516	0.63774520
28517	0.80037129
28518	1.07722199
28519	NaN
28520	NaN
28521	NaN
28522	NaN
28523	NaN
28524	NaN
28525	NaN
28526	NaN
28527	NaN
28528	NaN
28529	NaN
28530	NaN
28531	NaN
28532	NaN
28533	NaN
28534	NaN
28535	NaN
28536	NaN
28537	NaN
28538	NaN
28539	NaN
28540	NaN
28541	NaN
28542	NaN
28543	NaN
28544	NaN
28545	NaN
28546	NaN
28547	NaN
28548	NaN
28549	NaN
28550	NaN
28551	NaN
28552	NaN
28553	NaN
28554	NaN
28555	NaN
28556	NaN
28557	NaN
28558	NaN
28559	NaN
28560	NaN
28561	NaN
28562	NaN
28563	NaN
28564	NaN
28565	NaN
28566	NaN
28567	NaN
28568	NaN
28569	NaN
28570	NaN
28571	NaN
28572	NaN
28573	NaN
28574	NaN
28575	NaN
28576	NaN
28577	NaN
28578	NaN
28579	NaN
28580	NaN
28581	NaN
28582	NaN
28583	NaN
28584	NaN
28585	NaN
28586	NaN
28587	NaN
28588	NaN
28589	NaN
28590	NaN
28591	NaN
28592	NaN
28593	NaN
28594	NaN
28595	NaN
28596	NaN
28597	NaN
28598	NaN
28599	NaN
28600	NaN
28601	NaN
28602	NaN
28603	NaN
28604	NaN
28605	NaN
28606	NaN
28607	NaN
28608	NaN
28609	0.90664059
28610	0.51365805
28611	0.40888903
28612	0.36097020
28613	0.33389702
28614	0.31675971
28615	0.30512044
28616	0.29683205
28617	0.29072836
28618	0.28612104
28619	0.28257826
28620	0.27981570
28621	0.27763906
28622	0.27591178
28623	0.27453539
28624	0.27343795
28625	0.27256572
28626	0.27187866
28627	0.27134606
28628	0.27094468
28629	0.27065656
28630	0.27046770
28631	0.27036709
28632	0.27034581
28633	0.27039653
28634	0.27051282
28635	0.27068883
28636	0.27091900
28637	0.27119756
28638	0.27151850
28639	0.27187523
28640	0.27226049
28641	0.27266610
28642	0.27308309
28643	0.27350166
28644	0.27391118
28645	0.27430061
28646	0.27465871
28647	0.27497444
28648	0.27523738
28649	0.27543837
28650	0.27556992
28651	0.27562675
28652	0.27560622
28653	0.27550858
28654	0.27533731
28655	0.27509877
28656	0.27480236
28657	0.27446002
28658	0.27408570
28659	0.27369472
28660	0.27330330
28661	0.27292758
28662	0.27258316
28663	0.27228436
28664	0.27204382
28665	0.27187201
28666	0.27177691
28667	0.27176395
28668	0.27183571
28669	0.27199218
28670	0.27223048
28671	0.27254534
28672	0.27292901
28673	0.27337170
28674	0.27386168
28675	0.27438584
28676	0.27492982
28677	0.27547869
28678	0.27601722
28679	0.27653047
28680	0.27700427
28681	0.27742574
28682	0.27778387
28683	0.27806970
28684	0.27827698
28685	0.27840212
28686	0.27844447
28687	0.27840626
28688	0.27829236
28689	0.27811003
28690	0.27786842
28691	0.27757829
28692	0.27725124
28693	0.27689937
28694	0.27653486
28695	0.27616948
28696	0.27581427
28697	0.27547947
28698	0.27517417
28699	0.27490631
28700	0.27468279
28701	0.27450925
28702	0.27439031
28703	0.27432957
28704	0.27432969
28705	0.27439246
28706	0.27451888
28707	0.27470911
28708	0.27496257
28709	0.27527791
28710	0.27565289
28711	0.27608445
28712	0.27656865
28713	0.27710062
28714	0.27767459
28715	0.27828404
28716	0.27892166
28717	0.27957970
28718	0.28024989
28719	0.28092378
28720	0.28159299
28721	0.28224927
28722	0.28288475
28723	0.28349203
28724	0.28406435
28725	0.28459558
28726	0.28508043
28727	0.28551438
28728	0.28589362
28729	0.28621522
28730	0.28647715
28731	0.28667814
28732	0.28681791
28733	0.28689703
28734	0.28691694
28735	0.28688011
28736	0.28678980
28737	0.28665030
28738	0.28646672
28739	0.28624505
28740	0.28599212
28741	0.28571558
28742	0.28542370
28743	0.28512546
28744	0.28483039
28745	0.28454846
28746	0.28428984
28747	0.28406486
28748	0.28388381
28749	0.28375664
28750	0.28369272
28751	0.28370059
28752	0.28378785
28753	0.28396079
28754	0.28422427
28755	0.28458145
28756	0.28503391
28757	0.28558120
28758	0.28622112
28759	0.28694949
28760	0.28776023
28761	0.28864539
28762	0.28959525
28763	0.29059827
28764	0.29164141
28765	0.29271013
28766	0.29378855
28767	0.29485980
28768	0.29590607
28769	0.29690909
28770	0.29785049
28771	0.29871207
28772	0.29947653
28773	0.30012789
28774	0.30065227
28775	0.30103830
28776	0.30127802
28777	0.30136725
28778	0.30130610
28779	0.30109939
28780	0.30075654
28781	0.30029190
28782	0.29972392
28783	0.29907519
28784	0.29837134
28785	0.29764062
28786	0.29691279
28787	0.29621843
28788	0.29558796
28789	0.29505095
28790	0.29463530
28791	0.29436672
28792	0.29426825
28793	0.29435968
28794	0.29465732
28795	0.29517359
28796	0.29591680
28797	0.29689085
28798	0.29809484
28799	0.29952288
28800	0.30116373
28801	0.30300060
28802	0.30501097
28803	0.30716667
28804	0.30943388
28805	0.31177381
28806	0.31414330
28807	0.31649616
28808	0.31878465
28809	0.32096115
28810	0.32298052
28811	0.32480207
28812	0.32639173
28813	0.32772389
28814	0.32878295
28815	0.32956398
28816	0.33007324
28817	0.33032778
28818	0.33035478
28819	0.33019015
28820	0.32987741
28821	0.32946587
28822	0.32900974
28823	0.32856658
28824	0.32819659
28825	0.32796201
28826	0.32792711
28827	0.32815754
28828	0.32872137
28829	0.32968920
28830	0.33113483
28831	0.33313629
28832	0.33577624
28833	0.33914340
28834	0.34333327
28835	0.34844866
28836	0.35460120
28837	0.36191201
28838	0.37051317
28839	0.38054907
28840	0.39218104
28841	0.40559262
28842	0.42099878
28843	0.43866506
28844	0.45893407
28845	0.48227245
28846	0.50934517
28847	0.54114246
28848	0.57919526
28849	0.62596762
28850	0.68564057
28851	0.76580012
28852	0.88162291
28853	1.06822407
28854	1.42893887
28855	NaN
28856	NaN
28857	NaN
28858	NaN
28859	NaN
28860	NaN
28861	NaN
28862	NaN
28863	NaN
28864	NaN
28865	NaN
28866	NaN
28867	NaN
28868	NaN
28869	NaN
28870	NaN
28871	NaN
28872	NaN
28873	NaN
28874	NaN
28875	NaN
28876	NaN
28877	NaN
28878	NaN
28879	NaN
28880	NaN
28881	NaN
28882	NaN
28883	NaN
28884	NaN
28885	NaN
28886	NaN
28887	NaN
28888	NaN
28889	NaN
28890	NaN
28891	NaN
28892	NaN
28893	NaN
28894	NaN
28895	NaN
28896	NaN
28897	NaN
28898	NaN
28899	NaN
28900	NaN
28901	NaN
28902	NaN
28903	NaN
28904	NaN
28905	NaN
28906	NaN
28907	NaN
28908	NaN
28909	NaN
28910	NaN
28911	NaN
28912	NaN
28913	NaN
28914	NaN
28915	NaN
28916	NaN
28917	NaN
28918	NaN
28919	NaN
28920	NaN
28921	NaN
28922	NaN
28923	NaN
28924	NaN
28925	NaN
28926	NaN
28927	NaN
28928	NaN
28929	NaN
28930	NaN
28931	NaN
28932	NaN
28933	NaN
28934	NaN
28935	NaN
28936	NaN
28937	NaN
28938	NaN
28939	NaN
28940	NaN
28941	NaN
28942	NaN
28943	NaN
28944	NaN
28945	NaN
28946	NaN
28947	NaN
28948	0.47449723
28949	0.35458019
28950	0.31203189
28951	0.29135504
28952	0.27979109
28953	0.27282670
28954	0.26846397
28955	0.26568598
28956	0.26392370
28957	0.26283619
28958	0.26220870
28959	0.26190072
28960	0.26181754
28961	0.26189390
28962	0.26208410
28963	0.26235563
28964	0.26268500
28965	0.26305529
28966	0.26345387
28967	0.26387134
28968	0.26430047
28969	0.26473558
28970	0.26517195
28971	0.26560542
28972	0.26603216
28973	0.26644838
28974	0.26685032
28975	0.26723385
28976	0.26759472
28977	0.26792839
28978	0.26822999
28979	0.26849458
28980	0.26871708
28981	0.26889253
28982	0.26901615
28983	0.26908353
28984	0.26909092
28985	0.26903540
28986	0.26891503
28987	0.26872930
28988	0.26847920
28989	0.26816747
28990	0.26779881
28991	0.26738003
28992	0.26691994
28993	0.26642945
28994	0.26592132
28995	0.26540974
28996	0.26491019
28997	0.26443860
28998	0.26401103
28999	0.26364288
29000	0.26334849
29001	0.26314050
29002	0.26302946
29003	0.26302353
29004	0.26312825
29005	0.26334640
29006	0.26367781
29007	0.26411954
29008	0.26466560
29009	0.26530722
29010	0.26603276
29011	0.26682782
29012	0.26767549
29013	0.26855654
29014	0.26944965
29015	0.27033228
29016	0.27118084
29017	0.27197206
29018	0.27268338
29019	0.27329427
29020	0.27378723
29021	0.27414849
29022	0.27436909
29023	0.27444530
29024	0.27437881
29025	0.27417669
29026	0.27385110
29027	0.27341831
29028	0.27289796
29029	0.27231184
29030	0.27168280
29031	0.27103356
29032	0.27038589
29033	0.26975963
29034	0.26917228
29035	0.26863849
29036	0.26817006
29037	0.26777580
29038	0.26746169
29039	0.26723129
29040	0.26708564
29041	0.26702386
29042	0.26704323
29043	0.26713952
29044	0.26730725
29045	0.26753968
29046	0.26782930
29047	0.26816770
29048	0.26854593
29049	0.26895460
29050	0.26938400
29051	0.26982439
29052	0.27026606
29053	0.27069977
29054	0.27111679
29055	0.27150926
29056	0.27187026
29057	0.27219415
29058	0.27247646
29059	0.27271438
29060	0.27290618
29061	0.27305180
29062	0.27315229
29063	0.27320990
29064	0.27322787
29065	0.27321005
29066	0.27316093
29067	0.27308527
29068	0.27298802
29069	0.27287403
29070	0.27274811
29071	0.27261469
29072	0.27247807
29073	0.27234215
29074	0.27221030
29075	0.27208567
29076	0.27197087
29077	0.27186796
29078	0.27177873
29079	0.27170435
29080	0.27164564
29081	0.27160299
29082	0.27157664
29083	0.27156666
29084	0.27157298
29085	0.27159581
29086	0.27163544
29087	0.27169263
29088	0.27176833
29089	0.27186394
29090	0.27198112
29091	0.27212182
29092	0.27228796
29093	0.27248150
29094	0.27270418
29095	0.27295732
29096	0.27324200
29097	0.27355844
29098	0.27390638
29099	0.27428487
29100	0.27469200
29101	0.27512515
29102	0.27558076
29103	0.27605417
29104	0.27653992
29105	0.27703130
29106	0.27752063
29107	0.27799910
29108	0.27845702
29109	0.27888384
29110	0.27926865
29111	0.27960032
29112	0.27986795
29113	0.28006160
29114	0.28017253
29115	0.28019395
29116	0.28012151
29117	0.27995369
29118	0.27969196
29119	0.27934134
29120	0.27891001
29121	0.27840924
29122	0.27785316
29123	0.27725831
29124	0.27664292
29125	0.27602655
29126	0.27542952
29127	0.27487212
29128	0.27437437
29129	0.27395540
29130	0.27363315
29131	0.27342418
29132	0.27334300
29133	0.27340224
29134	0.27361226
29135	0.27398068
29136	0.27451241
29137	0.27520880
29138	0.27606773
29139	0.27708262
29140	0.27824244
29141	0.27953082
29142	0.28092617
29143	0.28240135
29144	0.28392383
29145	0.28545660
29146	0.28695852
29147	0.28838646
29148	0.28969654
29149	0.29084668
29150	0.29179838
29151	0.29251903
29152	0.29298371
29153	0.29317605
29154	0.29308912
29155	0.29272497
29156	0.29209408
29157	0.29121405
29158	0.29010791
29159	0.28880268
29160	0.28732777
29161	0.28571358
29162	0.28399068
29163	0.28218922
29164	0.28033859
29165	0.27846783
29166	0.27660659
29167	0.27478585
29168	0.27304056
29169	0.27141157
29170	0.26994973
29171	0.26872084
29172	0.26781219
29173	0.26734111
29174	0.26746663
29175	0.26840445
29176	0.27044466
29177	0.27397576
29178	0.27951011
29179	0.28771585
29180	0.29945081
29181	0.31580162
29182	0.33813486
29183	0.36817047
29184	0.40812317
29185	0.46098280
29186	0.53111386
29187	0.62552983
29188	0.75680697
29189	0.95043588
29190	NaN
29191	NaN
29192	NaN
29193	NaN
29194	NaN
29195	NaN
29196	NaN
29197	NaN
29198	NaN
29199	NaN
29200	NaN
29201	NaN
29202	NaN
29203	NaN
29204	NaN
29205	NaN
29206	NaN
29207	NaN
29208	NaN
29209	NaN
29210	NaN
29211	NaN
29212	NaN
29213	NaN
29214	NaN
29215	NaN
29216	NaN
29217	NaN
29218	NaN
29219	NaN
29220	NaN
29221	NaN
29222	NaN
29223	NaN
29224	NaN
29225	NaN
29226	NaN
29227	NaN
29228	NaN
29229	NaN
29230	NaN
29231	NaN
29232	NaN
29233	NaN
29234	NaN
29235	NaN
29236	NaN
29237	NaN
29238	NaN
29239	NaN
29240	NaN
29241	NaN
29242	NaN
29243	NaN
29244	NaN
29245	NaN
29246	NaN
29247	NaN
29248	NaN
29249	NaN
29250	NaN
29251	NaN
29252	NaN
29253	NaN
29254	NaN
29255	NaN
29256	NaN
29257	NaN
29258	NaN
29259	NaN
29260	NaN
29261	NaN
29262	NaN
29263	NaN
29264	NaN
29265	NaN
29266	NaN
29267	NaN
29268	NaN
29269	NaN
29270	NaN
29271	NaN
29272	NaN
29273	NaN
29274	NaN
29275	NaN
29276	1.03805089
29277	0.65066385
29278	0.52726978
29279	0.46695164
29280	0.43143785
29281	0.40821946
29282	0.39199200
29283	0.38011983
29284	0.37114415
29285	0.36419156
29286	0.35870680
29287	0.35432005
29288	0.35077557
29289	0.34789097
29290	0.34553307
29291	0.34360257
29292	0.34202442
29293	0.34074107
29294	0.33970794
29295	0.33889043
29296	0.33826146
29297	0.33779973
29298	0.33748853
29299	0.33731464
29300	0.33726743
29301	0.33733836
29302	0.33752003
29303	0.33780584
29304	0.33818939
29305	0.33866391
29306	0.33922163
29307	0.33985353
29308	0.34054866
29309	0.34129399
29310	0.34207407
29311	0.34287092
29312	0.34366441
29313	0.34443232
29314	0.34515128
29315	0.34579745
29316	0.34634772
29317	0.34678096
29318	0.34707928
29319	0.34722936
29320	0.34722358
29321	0.34706071
29322	0.34674633
29323	0.34629297
29324	0.34571928
29325	0.34504956
29326	0.34431207
29327	0.34353787
29328	0.34275934
29329	0.34200844
29330	0.34131554
29331	0.34070811
29332	0.34020990
29333	0.33984020
29334	0.33961335
29335	0.33953848
29336	0.33961958
29337	0.33985540
29338	0.34023985
29339	0.34076217
29340	0.34140748
29341	0.34215736
29342	0.34299025
29343	0.34388238
29344	0.34480816
29345	0.34574148
29346	0.34665596
29347	0.34752634
29348	0.34832892
29349	0.34904256
29350	0.34964946
29351	0.35013548
29352	0.35049093
29353	0.35071051
29354	0.35079357
29355	0.35074395
29356	0.35056946
29357	0.35028154
29358	0.34989455
29359	0.34942523
29360	0.34889171
29361	0.34831303
29362	0.34770826
29363	0.34709620
29364	0.34649456
29365	0.34591970
29366	0.34538633
29367	0.34490731
29368	0.34449345
29369	0.34415349
29370	0.34389424
29371	0.34372061
29372	0.34363568
29373	0.34364092
29374	0.34373623
29375	0.34392020
29376	0.34419000
29377	0.34454179
29378	0.34497049
29379	0.34547013
29380	0.34603372
29381	0.34665358
29382	0.34732133
29383	0.34802824
29384	0.34876511
29385	0.34952289
29386	0.35029241
29387	0.35106474
29388	0.35183153
29389	0.35258460
29390	0.35331658
29391	0.35402060
29392	0.35469031
29393	0.35532004
29394	0.35590461
29395	0.35643944
29396	0.35692045
29397	0.35734409
29398	0.35770747
29399	0.35800812
29400	0.35824433
29401	0.35841504
29402	0.35852000
29403	0.35855979
29404	0.35853583
29405	0.35845062
29406	0.35830760
29407	0.35811126
29408	0.35786721
29409	0.35758203
29410	0.35726342
29411	0.35691991
29412	0.35656109
29413	0.35619715
29414	0.35583913
29415	0.35549831
29416	0.35518634
29417	0.35491484
29418	0.35469526
29419	0.35453835
29420	0.35445416
29421	0.35445160
29422	0.35453817
29423	0.35471970
29424	0.35500029
29425	0.35538179
29426	0.35586393
29427	0.35644409
29428	0.35711727
29429	0.35787600
29430	0.35871035
29431	0.35960808
29432	0.36055470
29433	0.36153364
29434	0.36252651
29435	0.36351341
29436	0.36447337
29437	0.36538479
29438	0.36622605
29439	0.36697611
29440	0.36761516
29441	0.36812550
29442	0.36849207
29443	0.36870348
29444	0.36875248
29445	0.36863646
29446	0.36835819
29447	0.36792570
29448	0.36735255
29449	0.36665747
29450	0.36586398
29451	0.36499977
29452	0.36409566
29453	0.36318487
29454	0.36230174
29455	0.36148065
29456	0.36075503
29457	0.36015612
29458	0.35971242
29459	0.35944849
29460	0.35938466
29461	0.35953608
29462	0.35991272
29463	0.36051863
29464	0.36135161
29465	0.36240330
29466	0.36365864
29467	0.36509588
29468	0.36668664
29469	0.36839601
29470	0.37018296
29471	0.37200111
29472	0.37379968
29473	0.37552506
29474	0.37712237
29475	0.37853765
29476	0.37972057
29477	0.38062683
29478	0.38122067
29479	0.38147765
29480	0.38138667
29481	0.38095132
29482	0.38019091
29483	0.37914017
29484	0.37784839
29485	0.37637737
29486	0.37479863
29487	0.37319034
29488	0.37163389
29489	0.37021059
29490	0.36899918
29491	0.36807400
29492	0.36750358
29493	0.36735061
29494	0.36767197
29495	0.36851934
29496	0.36994007
29497	0.37197843
29498	0.37467638
29499	0.37807453
29500	0.38221335
29501	0.38713315
29502	0.39287579
29503	0.39948422
29504	0.40700355
29505	0.41548222
29506	0.42497352
29507	0.43553752
29508	0.44724518
29509	0.46018517
29510	0.47447193
29511	0.49026006
29512	0.50776273
29513	0.52728277
29514	0.54925340
29515	0.57430249
29516	0.60335863
29517	0.63782048
29518	0.67986268
29519	0.73301196
29520	0.80334520
29521	0.90223223
29522	1.05362904
29523	1.31808996
29524	1.90571892
29525	NaN
29526	NaN
29527	NaN
29528	NaN
29529	NaN
29530	NaN
29531	NaN
29532	NaN
29533	NaN
29534	NaN
29535	NaN
29536	NaN
29537	NaN
29538	NaN
29539	NaN
29540	NaN
29541	NaN
29542	NaN
29543	NaN
29544	NaN
29545	NaN
29546	NaN
29547	NaN
29548	NaN
29549	NaN
29550	NaN
29551	NaN
29552	NaN
29553	NaN
29554	NaN
29555	NaN
29556	NaN
29557	NaN
29558	NaN
29559	NaN
29560	NaN
29561	NaN
29562	NaN
29563	NaN
29564	NaN
29565	NaN
29566	NaN
29567	NaN
29568	NaN
29569	NaN
29570	NaN
29571	NaN
29572	NaN
29573	NaN
29574	NaN
29575	NaN
29576	NaN
29577	NaN
29578	NaN
29579	NaN
29580	NaN
29581	NaN
29582	NaN
29583	NaN
29584	NaN
29585	NaN
29586	NaN
29587	NaN
29588	NaN
29589	NaN
29590	NaN
29591	NaN
29592	NaN
29593	NaN
29594	NaN
29595	NaN
29596	NaN
29597	NaN
29598	NaN
29599	NaN
29600	NaN
29601	NaN
29602	NaN
29603	NaN
29604	NaN
29605	NaN
29606	NaN
29607	NaN
29608	NaN
29609	0.42334813
29610	0.33203796
29611	0.29810455
29612	0.28087848
29613	0.27077481
29614	0.26435578
29615	0.26008236
29616	0.25716114
29617	0.25514087
29618	0.25374556
29619	0.25279701
29620	0.25217494
29621	0.25179517
29622	0.25159743
29623	0.25153720
29624	0.25158140
29625	0.25170478
29626	0.25188777
29627	0.25211534
29628	0.25237548
29629	0.25265855
29630	0.25295678
29631	0.25326362
29632	0.25357342
29633	0.25388125
29634	0.25418243
29635	0.25447255
29636	0.25474718
29637	0.25500193
29638	0.25523207
29639	0.25543299
29640	0.25559986
29641	0.25572786
29642	0.25581241
29643	0.25584906
29644	0.25583395
29645	0.25576389
29646	0.25563660
29647	0.25545111
29648	0.25520787
29649	0.25490904
29650	0.25455853
29651	0.25416237
29652	0.25372836
29653	0.25326630
29654	0.25278765
29655	0.25230524
29656	0.25183296
29657	0.25138521
29658	0.25097635
29659	0.25062022
29660	0.25032958
29661	0.25011563
29662	0.24998762
29663	0.24995267
29664	0.25001550
29665	0.25017831
29666	0.25044104
29667	0.25080115
29668	0.25125387
29669	0.25179228
29670	0.25240740
29671	0.25308827
29672	0.25382206
29673	0.25459418
29674	0.25538841
29675	0.25618720
29676	0.25697193
29677	0.25772324
29678	0.25842187
29679	0.25904900
29680	0.25958723
29681	0.26002106
29682	0.26033798
29683	0.26052880
29684	0.26058850
29685	0.26051632
29686	0.26031601
29687	0.25999570
29688	0.25956732
29689	0.25904626
29690	0.25845045
29691	0.25779936
29692	0.25711334
29693	0.25641251
29694	0.25571615
29695	0.25504187
29696	0.25440523
29697	0.25381944
29698	0.25329500
29699	0.25283995
29700	0.25245970
29701	0.25215718
29702	0.25193328
29703	0.25178683
29704	0.25171500
29705	0.25171354
29706	0.25177696
29707	0.25189877
29708	0.25207171
29709	0.25228798
29710	0.25253934
29711	0.25281733
29712	0.25311330
29713	0.25341871
29714	0.25372514
29715	0.25402457
29716	0.25430945
29717	0.25457293
29718	0.25480887
29719	0.25501218
29720	0.25517872
29721	0.25530556
29722	0.25539100
29723	0.25543448
29724	0.25543672
29725	0.25539938
29726	0.25532529
29727	0.25521785
29728	0.25508121
29729	0.25491992
29730	0.25473869
29731	0.25454235
29732	0.25433558
29733	0.25412300
29734	0.25390878
29735	0.25369704
29736	0.25349143
29737	0.25329542
29738	0.25311229
29739	0.25294495
29740	0.25279617
29741	0.25266850
29742	0.25256404
29743	0.25248474
29744	0.25243214
29745	0.25240734
29746	0.25241119
29747	0.25244409
29748	0.25250614
29749	0.25259715
29750	0.25271672
29751	0.25286421
29752	0.25303885
29753	0.25323984
29754	0.25346613
29755	0.25371671
29756	0.25399041
29757	0.25428581
29758	0.25460151
29759	0.25493568
29760	0.25528643
29761	0.25565138
29762	0.25602791
29763	0.25641298
29764	0.25680310
29765	0.25719431
29766	0.25758219
29767	0.25796190
29768	0.25832805
29769	0.25867498
29770	0.25899670
29771	0.25928706
29772	0.25953999
29773	0.25974956
29774	0.25991029
29775	0.26001734
29776	0.26006678
29777	0.26005578
29778	0.25998300
29779	0.25984859
29780	0.25965440
29781	0.25940427
29782	0.25910401
29783	0.25876132
29784	0.25838572
29785	0.25798845
29786	0.25758210
29787	0.25718039
29788	0.25679782
29789	0.25644913
29790	0.25614908
29791	0.25591198
29792	0.25575128
29793	0.25567937
29794	0.25570723
29795	0.25584421
29796	0.25609776
29797	0.25647348
29798	0.25697467
29799	0.25760230
29800	0.25835478
29801	0.25922775
29802	0.26021385
29803	0.26130247
29804	0.26247981
29805	0.26372853
29806	0.26502809
29807	0.26635492
29808	0.26768309
29809	0.26898491
29810	0.27023232
29811	0.27139789
29812	0.27245635
29813	0.27338600
29814	0.27416998
29815	0.27479708
29816	0.27526250
29817	0.27556783
29818	0.27572080
29819	0.27573493
29820	0.27562827
29821	0.27542257
29822	0.27514273
29823	0.27481532
29824	0.27446827
29825	0.27413100
29826	0.27383378
29827	0.27360860
29828	0.27348968
29829	0.27351519
29830	0.27372834
29831	0.27418026
29832	0.27493307
29833	0.27606350
29834	0.27766889
29835	0.27987307
29836	0.28283626
29837	0.28676668
29838	0.29193544
29839	0.29869768
29840	0.30751991
29841	0.31901658
29842	0.33400258
29843	0.35357380
29844	0.37922949
29845	0.41309255
29846	0.45831245
29847	0.51988786
29848	0.60648054
29849	0.73489261
29850	0.94314438
29851	NaN
29852	NaN
29853	NaN
29854	NaN
29855	NaN
29856	NaN
29857	NaN
29858	NaN
29859	NaN
29860	NaN
29861	NaN
29862	NaN
29863	NaN
29864	NaN
29865	NaN
29866	NaN
29867	NaN
29868	NaN
29869	NaN
29870	NaN
29871	NaN
29872	NaN
29873	NaN
29874	NaN
29875	NaN
29876	NaN
29877	NaN
29878	NaN
29879	NaN
29880	NaN
29881	NaN
29882	NaN
29883	NaN
29884	NaN
29885	NaN
29886	NaN
29887	NaN
29888	NaN
29889	NaN
29890	NaN
29891	NaN
29892	NaN
29893	NaN
29894	NaN
29895	NaN
29896	NaN
29897	NaN
29898	NaN
29899	NaN
29900	NaN
29901	NaN
29902	NaN
29903	NaN
29904	NaN
29905	NaN
29906	NaN
29907	NaN
29908	NaN
29909	NaN
29910	NaN
29911	NaN
29912	NaN
29913	NaN
29914	NaN
29915	NaN
29916	NaN
29917	NaN
29918	NaN
29919	NaN
29920	NaN
29921	NaN
29922	NaN
29923	NaN
29924	NaN
29925	NaN
29926	NaN
29927	NaN
29928	NaN
29929	NaN
29930	NaN
29931	NaN
29932	NaN
29933	NaN
29934	NaN
29935	NaN
29936	NaN
29937	NaN
29938	1.98313189
29939	0.72261244
29940	0.52761137
29941	0.44867197
29942	0.40609813
29943	0.37958902
29944	0.36159351
29945	0.34865662
29946	0.33897245
29947	0.33150455
29948	0.32561508
29949	0.32088995
29950	0.31704885
29951	0.31389540
29952	0.31128806
29953	0.30912271
29954	0.30732134
29955	0.30582464
29956	0.30458698
29957	0.30357307
29958	0.30275533
29959	0.30211222
29960	0.30162656
29961	0.30128488
29962	0.30107617
29963	0.30099139
29964	0.30102259
29965	0.30116269
29966	0.30140468
29967	0.30174121
29968	0.30216429
29969	0.30266464
29970	0.30323160
29971	0.30385271
29972	0.30451363
29973	0.30519819
29974	0.30588835
29975	0.30656475
29976	0.30720705
29977	0.30779481
29978	0.30830804
29979	0.30872861
29980	0.30904078
29981	0.30923241
29982	0.30929571
29983	0.30922791
29984	0.30903146
29985	0.30871406
29986	0.30828840
29987	0.30777141
29988	0.30718353
29989	0.30654749
29990	0.30588725
29991	0.30522695
29992	0.30458981
29993	0.30399719
29994	0.30346808
29995	0.30301833
29996	0.30266035
29997	0.30240297
29998	0.30225140
29999	0.30220711
30000	0.30226815
30001	0.30242923
30002	0.30268213
30003	0.30301592
30004	0.30341733
30005	0.30387124
30006	0.30436113
30007	0.30486950
30008	0.30537859
30009	0.30587083
30010	0.30632946
30011	0.30673912
30012	0.30708644
30013	0.30736020
30014	0.30755222
30015	0.30765703
30016	0.30767238
30017	0.30759898
30018	0.30744040
30019	0.30720273
30020	0.30689439
30021	0.30652544
30022	0.30610737
30023	0.30565250
30024	0.30517367
30025	0.30468366
30026	0.30419526
30027	0.30372059
30028	0.30327114
30029	0.30285767
30030	0.30248985
30031	0.30217645
30032	0.30192518
30033	0.30174264
30034	0.30163431
30035	0.30160451
30036	0.30165634
30037	0.30179170
30038	0.30201107
30039	0.30231377
30040	0.30269760
30041	0.30315900
30042	0.30369309
30043	0.30429366
30044	0.30495325
30045	0.30566341
30046	0.30641481
30047	0.30719733
30048	0.30800048
30049	0.30881348
30050	0.30962548
30051	0.31042594
30052	0.31120452
30053	0.31195140
30054	0.31265751
30055	0.31331438
30056	0.31391439
30057	0.31445101
30058	0.31491867
30059	0.31531283
30060	0.31563032
30061	0.31586918
30062	0.31602880
30063	0.31610996
30064	0.31611475
30065	0.31604666
30066	0.31591043
30067	0.31571192
30068	0.31545800
30069	0.31515667
30070	0.31481647
30071	0.31444684
30072	0.31405780
30073	0.31365982
30074	0.31326386
30075	0.31288117
30076	0.31252313
30077	0.31220102
30078	0.31192607
30079	0.31170884
30080	0.31155932
30081	0.31148648
30082	0.31149811
30083	0.31160045
30084	0.31179830
30085	0.31209460
30086	0.31249058
30087	0.31298560
30088	0.31357718
30089	0.31426099
30090	0.31503099
30091	0.31587934
30092	0.31679657
30093	0.31777140
30094	0.31879106
30095	0.31984115
30096	0.32090569
30097	0.32196748
30098	0.32300824
30099	0.32400903
30100	0.32495034
30101	0.32581320
30102	0.32657927
30103	0.32723176
30104	0.32775623
30105	0.32814109
30106	0.32837838
30107	0.32846439
30108	0.32840011
30109	0.32819128
30110	0.32784876
30111	0.32738811
30112	0.32682928
30113	0.32619616
30114	0.32551563
30115	0.32481691
30116	0.32413065
30117	0.32348797
30118	0.32291976
30119	0.32245573
30120	0.32212412
30121	0.32195064
30122	0.32195836
30123	0.32216707
30124	0.32259294
30125	0.32324818
30126	0.32414034
30127	0.32527238
30128	0.32664162
30129	0.32823983
30130	0.33005264
30131	0.33205926
30132	0.33423236
30133	0.33653808
30134	0.33893657
30135	0.34138227
30136	0.34382522
30137	0.34621230
30138	0.34848908
30139	0.35060173
30140	0.35249931
30141	0.35413608
30142	0.35547376
30143	0.35648322
30144	0.35714620
30145	0.35745636
30146	0.35741922
30147	0.35705242
30148	0.35638487
30149	0.35545528
30150	0.35431120
30151	0.35300690
30152	0.35160208
30153	0.35016030
30154	0.34874773
30155	0.34743184
30156	0.34628114
30157	0.34536436
30158	0.34474999
30159	0.34450701
30160	0.34470448
30161	0.34541243
30162	0.34670195
30163	0.34864637
30164	0.35132179
30165	0.35480794
30166	0.35918951
30167	0.36455745
30168	0.37101161
30169	0.37866282
30170	0.38763836
30171	0.39808935
30172	0.41020113
30173	0.42421076
30174	0.44043341
30175	0.45930448
30176	0.48144400
30177	0.50776726
30178	0.53967386
30179	0.57939321
30180	0.63066953
30181	0.70024592
30182	0.80152845
30183	0.96533185
30184	1.28143013
30185	NaN
30186	NaN
30187	NaN
30188	NaN
30189	NaN
30190	NaN
30191	NaN
30192	NaN
30193	NaN
30194	NaN
30195	NaN
30196	NaN
30197	NaN
30198	NaN
30199	NaN
30200	NaN
30201	NaN
30202	NaN
30203	NaN
30204	NaN
30205	NaN
30206	NaN
30207	NaN
30208	NaN
30209	NaN
30210	NaN
30211	NaN
30212	NaN
30213	NaN
30214	NaN
30215	NaN
30216	NaN
30217	NaN
30218	NaN
30219	NaN
30220	NaN
30221	NaN
30222	NaN
30223	NaN
30224	NaN
30225	NaN
30226	NaN
30227	NaN
30228	NaN
30229	NaN
30230	NaN
30231	NaN
30232	NaN
30233	NaN
30234	NaN
30235	NaN
30236	NaN
30237	NaN
30238	NaN
30239	NaN
30240	NaN
30241	NaN
30242	NaN
30243	NaN
30244	NaN
30245	NaN
30246	NaN
30247	NaN
30248	NaN
30249	NaN
30250	NaN
30251	NaN
30252	NaN
30253	NaN
30254	NaN
30255	NaN
30256	NaN
30257	NaN
30258	NaN
30259	NaN
30260	NaN
30261	NaN
30262	NaN
30263	NaN
30264	NaN
30265	NaN
30266	NaN
30267	NaN
30268	NaN
30269	NaN
30270	NaN
30271	NaN
30272	NaN
30273	NaN
30274	NaN
30275	NaN
30276	NaN
30277	NaN
30278	NaN
30279	NaN
30280	0.85900193
30281	0.43772218
30282	0.35247067
30283	0.31719697
30284	0.29863358
30285	0.28760299
30286	0.28056285
30287	0.27586177
30288	0.27263004
30289	0.27036855
30290	0.26877242
30291	0.26764598
30292	0.26685902
30293	0.26632220
30294	0.26597247
30295	0.26576450
30296	0.26566529
30297	0.26565024
30298	0.26570082
30299	0.26580295
30300	0.26594576
30301	0.26612067
30302	0.26632082
30303	0.26654041
30304	0.26677456
30305	0.26701880
30306	0.26726884
30307	0.26752058
30308	0.26776981
30309	0.26801220
30310	0.26824325
30311	0.26845837
30312	0.26865280
30313	0.26882178
30314	0.26896054
30315	0.26906458
30316	0.26912957
30317	0.26915175
30318	0.26912796
30319	0.26905593
30320	0.26893449
30321	0.26876372
30322	0.26854539
30323	0.26828286
30324	0.26798132
30325	0.26764801
30326	0.26729190
30327	0.26692367
30328	0.26655552
30329	0.26620060
30330	0.26587275
30331	0.26558581
30332	0.26535302
30333	0.26518667
30334	0.26509744
30335	0.26509407
30336	0.26518300
30337	0.26536822
30338	0.26565096
30339	0.26602975
30340	0.26650038
30341	0.26705575
30342	0.26768610
30343	0.26837897
30344	0.26911956
30345	0.26989070
30346	0.27067351
30347	0.27144781
30348	0.27219266
30349	0.27288720
30350	0.27351153
30351	0.27404746
30352	0.27447951
30353	0.27479550
30354	0.27498749
30355	0.27505183
30356	0.27498958
30357	0.27480632
30358	0.27451190
30359	0.27411976
30360	0.27364615
30361	0.27310929
30362	0.27252859
30363	0.27192351
30364	0.27131298
30365	0.27071449
30366	0.27014387
30367	0.26961452
30368	0.26913741
30369	0.26872101
30370	0.26837119
30371	0.26809150
30372	0.26788315
30373	0.26774544
30374	0.26767600
30375	0.26767093
30376	0.26772517
30377	0.26783270
30378	0.26798671
30379	0.26817983
30380	0.26840428
30381	0.26865205
30382	0.26891497
30383	0.26918498
30384	0.26945424
30385	0.26971534
30386	0.26996145
30387	0.27018642
30388	0.27038527
30389	0.27055389
30390	0.27068949
30391	0.27079040
30392	0.27085632
30393	0.27088797
30394	0.27088723
30395	0.27085686
30396	0.27080035
30397	0.27072173
30398	0.27062517
30399	0.27051529
30400	0.27039632
30401	0.27027252
30402	0.27014765
30403	0.27002522
30404	0.26990816
30405	0.26979887
30406	0.26969931
30407	0.26961085
30408	0.26953441
30409	0.26947042
30410	0.26941890
30411	0.26937950
30412	0.26935157
30413	0.26933426
30414	0.26932651
30415	0.26932728
30416	0.26933539
30417	0.26934987
30418	0.26936984
30419	0.26939470
30420	0.26942405
30421	0.26945788
30422	0.26949653
30423	0.26954073
30424	0.26959145
30425	0.26964998
30426	0.26971778
30427	0.26979649
30428	0.26988757
30429	0.26999235
30430	0.27011198
30431	0.27024692
30432	0.27039728
30433	0.27056229
30434	0.27074039
30435	0.27092928
30436	0.27112561
30437	0.27132517
30438	0.27152294
30439	0.27171314
30440	0.27188924
30441	0.27204439
30442	0.27217138
30443	0.27226302
30444	0.27231240
30445	0.27231303
30446	0.27225935
30447	0.27214691
30448	0.27197266
30449	0.27173525
30450	0.27143529
30451	0.27107543
30452	0.27066061
30453	0.27019802
30454	0.26969698
30455	0.26916876
30456	0.26862639
30457	0.26808429
30458	0.26755762
30459	0.26706237
30460	0.26661435
30461	0.26622918
30462	0.26592177
30463	0.26570594
30464	0.26559430
30465	0.26559779
30466	0.26572564
30467	0.26598498
30468	0.26638061
30469	0.26691473
30470	0.26758674
30471	0.26839283
30472	0.26932579
30473	0.27037495
30474	0.27152565
30475	0.27275959
30476	0.27405474
30477	0.27538586
30478	0.27672476
30479	0.27804148
30480	0.27930495
30481	0.28048447
30482	0.28155112
30483	0.28247911
30484	0.28324711
30485	0.28383937
30486	0.28424641
30487	0.28446540
30488	0.28450027
30489	0.28436074
30490	0.28406209
30491	0.28362414
30492	0.28306982
30493	0.28242496
30494	0.28171703
30495	0.28097525
30496	0.28023019
30497	0.27951393
30498	0.27886119
30499	0.27831018
30500	0.27790409
30501	0.27769330
30502	0.27773896
30503	0.27811581
30504	0.27891731
30505	0.28026256
30506	0.28230301
30507	0.28523293
30508	0.28930154
30509	0.29482818
30510	0.30222058
30511	0.31199905
30512	0.32482496
30513	0.34154236
30514	0.36323899
30515	0.39134049
30516	0.42778856
30517	0.47536179
30518	0.53832227
30519	0.62378639
30520	0.74488199
30521	0.92910093
30522	1.24533844
30523	NaN
30524	NaN
30525	NaN
30526	NaN
30527	NaN
30528	NaN
30529	NaN
30530	NaN
30531	NaN
30532	NaN
30533	NaN
30534	NaN
30535	NaN
30536	NaN
30537	NaN
30538	NaN
30539	NaN
30540	NaN
30541	NaN
30542	NaN
30543	NaN
30544	NaN
30545	NaN
30546	NaN
30547	NaN
30548	NaN
30549	NaN
30550	NaN
30551	NaN
30552	NaN
30553	NaN
30554	NaN
30555	NaN
30556	NaN
30557	NaN
30558	NaN
30559	NaN
30560	NaN
30561	NaN
30562	NaN
30563	NaN
30564	NaN
30565	NaN
30566	NaN
30567	NaN
30568	NaN
30569	NaN
30570	NaN
30571	NaN
30572	NaN
30573	NaN
30574	NaN
30575	NaN
30576	NaN
30577	NaN
30578	NaN
30579	NaN
30580	NaN
30581	NaN
30582	NaN
30583	NaN
30584	NaN
30585	NaN
30586	NaN
30587	NaN
30588	NaN
30589	NaN
30590	NaN
30591	NaN
30592	NaN
30593	NaN
30594	NaN
30595	NaN
30596	NaN
30597	NaN
30598	NaN
30599	NaN
30600	NaN
30601	NaN
30602	NaN
30603	NaN
30604	NaN
30605	NaN
30606	NaN
30607	NaN
30608	NaN
30609	NaN
30610	NaN
30611	NaN
30612	NaN
30613	1.15624011
30614	0.58917594
30615	0.46333095
30616	0.40877643
30617	0.37876993
30618	0.36007887
30619	0.34751266
30620	0.33861837
30621	0.33208579
30622	0.32715213
30623	0.32334369
30624	0.32035175
30625	0.31796709
30626	0.31604365
30627	0.31447732
30628	0.31319231
30629	0.31213278
30630	0.31125730
30631	0.31053498
30632	0.30994260
30633	0.30946282
30634	0.30908269
30635	0.30879259
30636	0.30858541
30637	0.30845568
30638	0.30839932
30639	0.30841303
30640	0.30849367
30641	0.30863824
30642	0.30884320
30643	0.30910429
30644	0.30941606
30645	0.30977184
30646	0.31016323
30647	0.31058016
30648	0.31101087
30649	0.31144202
30650	0.31185877
30651	0.31224549
30652	0.31258610
30653	0.31286499
30654	0.31306764
30655	0.31318170
30656	0.31319770
30657	0.31310990
30658	0.31291685
30659	0.31262183
30660	0.31223279
30661	0.31176224
30662	0.31122664
30663	0.31064561
30664	0.31004098
30665	0.30943578
30666	0.30885303
30667	0.30831477
30668	0.30784133
30669	0.30745029
30670	0.30715618
30671	0.30696988
30672	0.30689859
30673	0.30694568
30674	0.30711067
30675	0.30738941
30676	0.30777439
30677	0.30825496
30678	0.30881763
30679	0.30944651
30680	0.31012398
30681	0.31083071
30682	0.31154674
30683	0.31225178
30684	0.31292585
30685	0.31355006
30686	0.31410706
30687	0.31458178
30688	0.31496182
30689	0.31523812
30690	0.31540492
30691	0.31546023
30692	0.31540567
30693	0.31524640
30694	0.31499061
30695	0.31464928
30696	0.31423551
30697	0.31376389
30698	0.31324989
30699	0.31270948
30700	0.31215823
30701	0.31161129
30702	0.31108275
30703	0.31058547
30704	0.31013095
30705	0.30972916
30706	0.30938855
30707	0.30911607
30708	0.30891711
30709	0.30879572
30710	0.30875441
30711	0.30879453
30712	0.30891600
30713	0.30911759
30714	0.30939677
30715	0.30974978
30716	0.31017175
30717	0.31065664
30718	0.31119740
30719	0.31178606
30720	0.31241384
30721	0.31307152
30722	0.31374931
30723	0.31443736
30724	0.31512585
30725	0.31580508
30726	0.31646588
30727	0.31709945
30728	0.31769779
30729	0.31825361
30730	0.31876037
30731	0.31921244
30732	0.31960508
30733	0.31993440
30734	0.32019749
30735	0.32039246
30736	0.32051823
30737	0.32057491
30738	0.32056355
30739	0.32048616
30740	0.32034591
30741	0.32014698
30742	0.31989464
30743	0.31959516
30744	0.31925589
30745	0.31888512
30746	0.31849197
30747	0.31808642
30748	0.31767914
30749	0.31728134
30750	0.31690457
30751	0.31656051
30752	0.31626078
30753	0.31601658
30754	0.31583858
30755	0.31573641
30756	0.31571874
30757	0.31579265
30758	0.31596383
30759	0.31623620
30760	0.31661174
30761	0.31709072
30762	0.31767127
30763	0.31834969
30764	0.31912029
30765	0.31997544
30766	0.32090557
30767	0.32189924
30768	0.32294327
30769	0.32402250
30770	0.32512033
30771	0.32621855
30772	0.32729781
30773	0.32833779
30774	0.32931790
30775	0.33021757
30776	0.33101693
30777	0.33169773
30778	0.33224383
30779	0.33264220
30780	0.33288351
30781	0.33296290
30782	0.33288047
30783	0.33264148
30784	0.33225662
30785	0.33174178
30786	0.33111763
30787	0.33040911
30788	0.32964468
30789	0.32885537
30790	0.32807389
30791	0.32733369
30792	0.32666796
30793	0.32610896
30794	0.32568693
30795	0.32542953
30796	0.32536137
30797	0.32550323
30798	0.32587180
30799	0.32647908
30800	0.32733217
30801	0.32843286
30802	0.32977727
30803	0.33135566
30804	0.33315206
30805	0.33514401
30806	0.33730274
30807	0.33959332
30808	0.34197462
30809	0.34440055
30810	0.34682065
30811	0.34918192
30812	0.35143015
30813	0.35351253
30814	0.35537973
30815	0.35698840
30816	0.35830361
30817	0.35930073
30818	0.35996726
30819	0.36030370
30820	0.36032388
30821	0.36005479
30822	0.35953569
30823	0.35881650
30824	0.35795635
30825	0.35702181
30826	0.35608485
30827	0.35522142
30828	0.35450995
30829	0.35402998
30830	0.35386223
30831	0.35408700
30832	0.35478505
30833	0.35603729
30834	0.35792524
30835	0.36053127
30836	0.36393991
30837	0.36823773
30838	0.37351406
30839	0.37986171
30840	0.38737750
30841	0.39616314
30842	0.40632585
30843	0.41798145
30844	0.43125832
30845	0.44630381
30846	0.46329761
30847	0.48247012
30848	0.50413573
30849	0.52874053
30850	0.55694282
30851	0.58974397
30852	0.62870991
30853	0.67637825
30854	0.73705232
30855	0.81853938
30856	0.93640178
30857	1.12650740
30858	1.49370933
30859	NaN
30860	NaN
30861	NaN
30862	NaN
30863	NaN
30864	NaN
30865	NaN
30866	NaN
30867	NaN
30868	NaN
30869	NaN
30870	NaN
30871	NaN
30872	NaN
30873	NaN
30874	NaN
30875	NaN
30876	NaN
30877	NaN
30878	NaN
30879	NaN
30880	NaN
30881	NaN
30882	NaN
30883	NaN
30884	NaN
30885	NaN
30886	NaN
30887	NaN
30888	NaN
30889	NaN
30890	NaN
30891	NaN
30892	NaN
30893	NaN
30894	NaN
30895	NaN
30896	NaN
30897	NaN
30898	NaN
30899	NaN
30900	NaN
30901	NaN
30902	NaN
30903	NaN
30904	NaN
30905	NaN
30906	NaN
30907	NaN
30908	NaN
30909	NaN
30910	NaN
30911	NaN
30912	NaN
30913	NaN
30914	NaN
30915	NaN
30916	NaN
30917	NaN
30918	NaN
30919	NaN
30920	NaN
30921	NaN
30922	NaN
30923	NaN
30924	NaN
30925	NaN
30926	NaN
30927	NaN
30928	NaN
30929	NaN
30930	NaN
30931	NaN
30932	NaN
30933	NaN
30934	NaN
30935	NaN
30936	NaN
30937	NaN
30938	NaN
30939	NaN
30940	NaN
30941	NaN
30942	NaN
30943	NaN
30944	NaN
30945	NaN
30946	NaN
30947	NaN
30948	NaN
30949	NaN
30950	NaN
30951	NaN
30952	NaN
30953	NaN
30954	0.74143237
30955	0.41073880
30956	0.33899218
30957	0.30894867
30958	0.29315701
30959	0.28385723
30960	0.27801514
30961	0.27420491
30962	0.27167088
30963	0.26997778
30964	0.26885909
30965	0.26814374
30966	0.26771796
30967	0.26750395
30968	0.26744717
30969	0.26750875
30970	0.26766038
30971	0.26788113
30972	0.26815522
30973	0.26847062
30974	0.26881763
30975	0.26918849
30976	0.26957664
30977	0.26997620
30978	0.27038184
30979	0.27078852
30980	0.27119121
30981	0.27158478
30982	0.27196395
30983	0.27232331
30984	0.27265707
30985	0.27295932
30986	0.27322403
30987	0.27344504
30988	0.27361631
30989	0.27373204
30990	0.27378684
30991	0.27377608
30992	0.27369606
30993	0.27354443
30994	0.27332035
30995	0.27302492
30996	0.27266145
30997	0.27223551
30998	0.27175525
30999	0.27123114
31000	0.27067614
31001	0.27010503
31002	0.26953420
31003	0.26898110
31004	0.26846340
31005	0.26799858
31006	0.26760295
31007	0.26729140
31008	0.26707661
31009	0.26696882
31010	0.26697546
31011	0.26710093
31012	0.26734644
31013	0.26771000
31014	0.26818633
31015	0.26876679
31016	0.26943961
31017	0.27018979
31018	0.27099943
31019	0.27184805
31020	0.27271304
31021	0.27357015
31022	0.27439457
31023	0.27516147
31024	0.27584726
31025	0.27643055
31026	0.27689323
31027	0.27722144
31028	0.27740625
31029	0.27744403
31030	0.27733698
31031	0.27709255
31032	0.27672321
31033	0.27624550
31034	0.27567917
31035	0.27504596
31036	0.27436844
31037	0.27366915
31038	0.27296931
31039	0.27228844
31040	0.27164367
31041	0.27104923
31042	0.27051672
31043	0.27005476
31044	0.26966929
31045	0.26936376
31046	0.26913941
31047	0.26899552
31048	0.26892966
31049	0.26893809
31050	0.26901573
31051	0.26915663
31052	0.26935402
31053	0.26960036
31054	0.26988772
31055	0.27020755
31056	0.27055115
31057	0.27090961
31058	0.27127391
31059	0.27163529
31060	0.27198544
31061	0.27231649
31062	0.27262145
31063	0.27289438
31064	0.27313045
31065	0.27332607
31066	0.27347904
31067	0.27358833
31068	0.27365422
31069	0.27367806
31070	0.27366197
31071	0.27360889
31072	0.27352217
31073	0.27340552
31074	0.27326277
31075	0.27309781
31076	0.27291438
31077	0.27271619
31078	0.27250671
31079	0.27228928
31080	0.27206713
31081	0.27184331
31082	0.27162075
31083	0.27140227
31084	0.27119064
31085	0.27098843
31086	0.27079818
31087	0.27062225
31088	0.27046296
31089	0.27032253
31090	0.27020299
31091	0.27010649
31092	0.27003494
31093	0.26999044
31094	0.26997507
31095	0.26999080
31096	0.27003974
31097	0.27012390
31098	0.27024528
31099	0.27040547
31100	0.27060595
31101	0.27084762
31102	0.27113083
31103	0.27145523
31104	0.27181953
31105	0.27222154
31106	0.27265790
31107	0.27312404
31108	0.27361417
31109	0.27412125
31110	0.27463689
31111	0.27515158
31112	0.27565473
31113	0.27613491
31114	0.27658004
31115	0.27697766
31116	0.27731544
31117	0.27758136
31118	0.27776444
31119	0.27785480
31120	0.27784464
31121	0.27772829
31122	0.27750289
31123	0.27716875
31124	0.27672961
31125	0.27619281
31126	0.27556920
31127	0.27487317
31128	0.27412227
31129	0.27333668
31130	0.27253875
31131	0.27175233
31132	0.27100205
31133	0.27031273
31134	0.26970866
31135	0.26921314
31136	0.26884797
31137	0.26863298
31138	0.26858574
31139	0.26872134
31140	0.26905191
31141	0.26958632
31142	0.27032995
31143	0.27128384
31144	0.27244449
31145	0.27380279
31146	0.27534375
31147	0.27704510
31148	0.27887732
31149	0.28080267
31150	0.28277564
31151	0.28474295
31152	0.28664488
31153	0.28841734
31154	0.28999424
31155	0.29131106
31156	0.29230860
31157	0.29293689
31158	0.29315835
31159	0.29295048
31160	0.29230672
31161	0.29123682
31162	0.28976494
31163	0.28792706
31164	0.28576824
31165	0.28333870
31166	0.28069094
31167	0.27787757
31168	0.27494925
31169	0.27195403
31170	0.26893759
31171	0.26594445
31172	0.26301965
31173	0.26021248
31174	0.25757962
31175	0.25519204
31176	0.25314292
31177	0.25155854
31178	0.25061658
31179	0.25057146
31180	0.25179422
31181	0.25483701
31182	0.26054147
31183	0.27022311
31184	0.28600886
31185	0.31149924
31186	0.35316637
31187	0.42370349
31188	0.55145711
31189	NaN
31190	NaN
31191	NaN
31192	NaN
31193	NaN
31194	NaN
31195	NaN
31196	NaN
31197	NaN
31198	NaN
31199	NaN
31200	NaN
31201	NaN
31202	NaN
31203	NaN
31204	NaN
31205	NaN
31206	NaN
31207	NaN
31208	NaN
31209	NaN
31210	NaN
31211	NaN
31212	NaN
31213	NaN
31214	NaN
31215	NaN
31216	NaN
31217	NaN
31218	NaN
31219	NaN
31220	NaN
31221	NaN
31222	NaN
31223	NaN
31224	NaN
31225	NaN
31226	NaN
31227	NaN
31228	NaN
31229	NaN
31230	NaN
31231	NaN
31232	NaN
31233	NaN
31234	NaN
31235	NaN
31236	NaN
31237	NaN
31238	NaN
31239	NaN
31240	NaN
31241	NaN
31242	NaN
31243	NaN
31244	NaN
31245	NaN
31246	NaN
31247	NaN
31248	NaN
31249	NaN
31250	NaN
31251	NaN
31252	NaN
31253	NaN
31254	NaN
31255	NaN
31256	NaN
31257	NaN
31258	NaN
31259	NaN
31260	NaN
31261	NaN
31262	NaN
31263	NaN
31264	NaN
31265	NaN
31266	NaN
31267	NaN
31268	NaN
31269	NaN
31270	NaN
31271	NaN
31272	NaN
31273	NaN
31274	NaN
31275	NaN
31276	NaN
31277	NaN
31278	NaN
31279	NaN
31280	NaN
31281	NaN
31282	1.01026726
31283	0.63498920
31284	0.51303142
31285	0.45300382
31286	0.41752353
31287	0.39424780
31288	0.37791470
31289	0.36590222
31290	0.35675701
31291	0.34960920
31292	0.34390694
31293	0.33928376
31294	0.33548754
31295	0.33233964
31296	0.32971078
31297	0.32750535
31298	0.32565188
31299	0.32409617
31300	0.32279664
31301	0.32172123
31302	0.32084489
31303	0.32014784
31304	0.31961429
31305	0.31923136
31306	0.31898808
31307	0.31887493
31308	0.31888306
31309	0.31900400
31310	0.31922904
31311	0.31954902
31312	0.31995398
31313	0.32043296
31314	0.32097378
31315	0.32156301
31316	0.32218605
31317	0.32282707
31318	0.32346928
31319	0.32409546
31320	0.32468805
31321	0.32523006
31322	0.32570541
31323	0.32609987
31324	0.32640153
31325	0.32660165
31326	0.32669500
31327	0.32668042
31328	0.32656097
31329	0.32634372
31330	0.32603976
31331	0.32566342
31332	0.32523170
31333	0.32476372
31334	0.32427946
31335	0.32379925
31336	0.32334289
31337	0.32292885
31338	0.32257378
31339	0.32229209
31340	0.32209548
31341	0.32199264
31342	0.32198939
31343	0.32208815
31344	0.32228839
31345	0.32258630
31346	0.32297504
31347	0.32344505
31348	0.32398406
31349	0.32457757
31350	0.32520926
31351	0.32586154
31352	0.32651603
31353	0.32715419
31354	0.32775822
31355	0.32831141
31356	0.32879916
31357	0.32920921
31358	0.32953230
31359	0.32976246
31360	0.32989720
31361	0.32993725
31362	0.32988665
31363	0.32975221
31364	0.32954299
31365	0.32926995
31366	0.32894516
31367	0.32858145
31368	0.32819179
31369	0.32778895
31370	0.32738513
31371	0.32699174
31372	0.32661936
31373	0.32627746
31374	0.32597470
31375	0.32571852
31376	0.32551572
31377	0.32537201
31378	0.32529238
31379	0.32528090
31380	0.32534093
31381	0.32547465
31382	0.32568341
31383	0.32596746
31384	0.32632571
31385	0.32675591
31386	0.32725435
31387	0.32781601
31388	0.32843456
31389	0.32910249
31390	0.32981116
31391	0.33055106
31392	0.33131206
31393	0.33208358
31394	0.33285478
31395	0.33361492
31396	0.33435354
31397	0.33506063
31398	0.33572680
31399	0.33634368
31400	0.33690378
31401	0.33740085
31402	0.33782992
31403	0.33818740
31404	0.33847103
31405	0.33868006
31406	0.33881506
31407	0.33887804
31408	0.33887205
31409	0.33880150
31410	0.33867174
31411	0.33848915
31412	0.33826083
31413	0.33799481
31414	0.33769971
31415	0.33738479
31416	0.33705971
31417	0.33673468
31418	0.33642012
31419	0.33612651
31420	0.33586431
31421	0.33564368
31422	0.33547434
31423	0.33536518
31424	0.33532420
31425	0.33535814
31426	0.33547238
31427	0.33567062
31428	0.33595496
31429	0.33632565
31430	0.33678102
31431	0.33731768
31432	0.33793020
31433	0.33861166
31434	0.33935314
31435	0.34014431
31436	0.34097329
31437	0.34182683
31438	0.34269050
31439	0.34354883
31440	0.34438574
31441	0.34518453
31442	0.34592855
31443	0.34660152
31444	0.34718797
31445	0.34767386
31446	0.34804717
31447	0.34829822
31448	0.34842044
31449	0.34841082
31450	0.34827000
31451	0.34800282
31452	0.34761828
31453	0.34712943
31454	0.34655318
31455	0.34590989
31456	0.34522274
31457	0.34451708
31458	0.34381983
31459	0.34315842
31460	0.34256020
31461	0.34205166
31462	0.34165764
31463	0.34140089
31464	0.34130138
31465	0.34137592
31466	0.34163785
31467	0.34209657
31468	0.34275737
31469	0.34362108
31470	0.34468406
31471	0.34593779
31472	0.34736878
31473	0.34895897
31474	0.35068524
31475	0.35252005
31476	0.35443184
31477	0.35638568
31478	0.35834414
31479	0.36026827
31480	0.36211929
31481	0.36385956
31482	0.36545452
31483	0.36687398
31484	0.36809376
31485	0.36909670
31486	0.36987361
31487	0.37042421
31488	0.37075672
31489	0.37088808
31490	0.37084323
31491	0.37065440
31492	0.37036002
31493	0.37000367
31494	0.36963296
31495	0.36929846
31496	0.36905244
31497	0.36894819
31498	0.36903897
31499	0.36937740
31500	0.37001467
31501	0.37100002
31502	0.37238038
31503	0.37419984
31504	0.37649918
31505	0.37931600
31506	0.38268411
31507	0.38663357
31508	0.39119038
31509	0.39637682
31510	0.40221202
31511	0.40871188
31512	0.41589114
31513	0.42376524
31514	0.43235397
31515	0.44168532
31516	0.45180407
31517	0.46277988
31518	0.47472042
31519	0.48779032
31520	0.50223589
31521	0.51842415
31522	0.53689831
31523	0.55847228
31524	0.58438957
31525	0.61660784
31526	0.65835917
31527	0.71534461
31528	0.79860115
31529	0.93259728
31530	1.18459189
31531	NaN
31532	NaN
31533	NaN
31534	NaN
31535	NaN
31536	NaN
31537	NaN
31538	NaN
31539	NaN
31540	NaN
31541	NaN
31542	NaN
31543	NaN
31544	NaN
31545	NaN
31546	NaN
31547	NaN
31548	NaN
31549	NaN
31550	NaN
31551	NaN
31552	NaN
31553	NaN
31554	NaN
31555	NaN
31556	NaN
31557	NaN
31558	NaN
31559	NaN
31560	NaN
31561	NaN
31562	NaN
31563	NaN
31564	NaN
31565	NaN
31566	NaN
31567	NaN
31568	NaN
31569	NaN
31570	NaN
31571	NaN
31572	NaN
31573	NaN
31574	NaN
31575	NaN
31576	NaN
31577	NaN
31578	NaN
31579	NaN
31580	NaN
31581	NaN
31582	NaN
31583	NaN
31584	NaN
31585	NaN
31586	NaN
31587	NaN
31588	NaN
31589	NaN
31590	NaN
31591	NaN
31592	NaN
31593	NaN
31594	NaN
31595	NaN
31596	NaN
31597	NaN
31598	NaN
31599	NaN
31600	NaN
31601	NaN
31602	NaN
31603	NaN
31604	NaN
31605	NaN
31606	NaN
31607	NaN
31608	NaN
31609	NaN
31610	0.55560356
31611	0.39879084
31612	0.35171264
31613	0.32950413
31614	0.31685951
31615	0.30888501
31616	0.30353233
31617	0.29979205
31618	0.29710910
31619	0.29515246
31620	0.29371241
31621	0.29264942
31622	0.29186687
31623	0.29129609
31624	0.29088673
31625	0.29060104
31626	0.29041040
31627	0.29029277
31628	0.29023078
31629	0.29021084
31630	0.29022199
31631	0.29025543
31632	0.29030401
31633	0.29036176
31634	0.29042387
31635	0.29048607
31636	0.29054481
31637	0.29059699
31638	0.29063982
31639	0.29067078
31640	0.29068759
31641	0.29068822
31642	0.29067075
31643	0.29063356
31644	0.29057512
31645	0.29049426
31646	0.29038998
31647	0.29026181
31648	0.29010954
31649	0.28993368
31650	0.28973529
31651	0.28951624
31652	0.28927925
31653	0.28902811
31654	0.28876761
31655	0.28850365
31656	0.28824326
31657	0.28799438
31658	0.28776583
31659	0.28756684
31660	0.28740695
31661	0.28729546
31662	0.28724113
31663	0.28725177
31664	0.28733385
31665	0.28749228
31666	0.28773010
31667	0.28804848
31668	0.28844643
31669	0.28892088
31670	0.28946659
31671	0.29007626
31672	0.29074046
31673	0.29144779
31674	0.29218474
31675	0.29293627
31676	0.29368567
31677	0.29441512
31678	0.29510605
31679	0.29573974
31680	0.29629806
31681	0.29676411
31682	0.29712299
31683	0.29736280
31684	0.29747507
31685	0.29745558
31686	0.29730460
31687	0.29702705
31688	0.29663244
31689	0.29613426
31690	0.29554963
31691	0.29489815
31692	0.29420114
31693	0.29348063
31694	0.29275832
31695	0.29205480
31696	0.29138881
31697	0.29077676
31698	0.29023215
31699	0.28976563
31700	0.28938472
31701	0.28909397
31702	0.28889498
31703	0.28878662
31704	0.28876534
31705	0.28882545
31706	0.28895918
31707	0.28915745
31708	0.28940970
31709	0.28970468
31710	0.29003051
31711	0.29037511
31712	0.29072666
31713	0.29107365
31714	0.29140541
31715	0.29171237
31716	0.29198614
31717	0.29221991
31718	0.29240838
31719	0.29254812
31720	0.29263738
31721	0.29267603
31722	0.29266572
31723	0.29260939
31724	0.29251140
31725	0.29237702
31726	0.29221246
31727	0.29202437
31728	0.29181969
31729	0.29160538
31730	0.29138806
31731	0.29117399
31732	0.29096860
31733	0.29077655
31734	0.29060158
31735	0.29044634
31736	0.29031253
31737	0.29020083
31738	0.29011101
31739	0.29004198
31740	0.28999203
31741	0.28995892
31742	0.28994000
31743	0.28993234
31744	0.28993315
31745	0.28993961
31746	0.28994933
31747	0.28996038
31748	0.28997144
31749	0.28998187
31750	0.28999180
31751	0.29000220
31752	0.29001465
31753	0.29003155
31754	0.29005572
31755	0.29009038
31756	0.29013899
31757	0.29020503
31758	0.29029185
31759	0.29040253
31760	0.29053968
31761	0.29070532
31762	0.29090083
31763	0.29112676
31764	0.29138279
31765	0.29166776
31766	0.29197934
31767	0.29231423
31768	0.29266798
31769	0.29303506
31770	0.29340899
31771	0.29378214
31772	0.29414633
31773	0.29449248
31774	0.29481140
31775	0.29509380
31776	0.29533058
31777	0.29551351
31778	0.29563543
31779	0.29569063
31780	0.29567525
31781	0.29558763
31782	0.29542840
31783	0.29520053
31784	0.29490969
31785	0.29456374
31786	0.29417276
31787	0.29374886
31788	0.29330558
31789	0.29285774
31790	0.29242089
31791	0.29201087
31792	0.29164347
31793	0.29133391
31794	0.29109645
31795	0.29094422
31796	0.29088861
31797	0.29093924
31798	0.29110357
31799	0.29138669
31800	0.29179105
31801	0.29231611
31802	0.29295823
31803	0.29371059
31804	0.29456288
31805	0.29550147
31806	0.29650936
31807	0.29756677
31808	0.29865128
31809	0.29973871
31810	0.30080393
31811	0.30182189
31812	0.30276850
31813	0.30362192
31814	0.30436337
31815	0.30497795
31816	0.30545530
31817	0.30578971
31818	0.30598047
31819	0.30603141
31820	0.30595049
31821	0.30574957
31822	0.30544335
31823	0.30504903
31824	0.30458564
31825	0.30407360
31826	0.30353451
31827	0.30299085
31828	0.30246630
31829	0.30198577
31830	0.30157623
31831	0.30126697
31832	0.30109075
31833	0.30108500
31834	0.30129239
31835	0.30176267
31836	0.30255404
31837	0.30373418
31838	0.30538189
31839	0.30758891
31840	0.31046057
31841	0.31411844
31842	0.31870165
31843	0.32436895
31844	0.33130437
31845	0.33972192
31846	0.34987774
31847	0.36208788
31848	0.37675723
31849	0.39442644
31850	0.41584888
31851	0.44212160
31852	0.47491238
31853	0.51689047
31854	0.57258892
31855	0.65035379
31856	0.76733506
31857	0.96513259
31858	1.37726378
31859	NaN
31860	NaN
31861	NaN
31862	NaN
31863	NaN
31864	NaN
31865	NaN
31866	NaN
31867	NaN
31868	NaN
31869	NaN
31870	NaN
31871	NaN
31872	NaN
31873	NaN
31874	NaN
31875	NaN
31876	NaN
31877	NaN
31878	NaN
31879	NaN
31880	NaN
31881	NaN
31882	NaN
31883	NaN
31884	NaN
31885	NaN
31886	NaN
31887	NaN
31888	NaN
31889	NaN
31890	NaN
31891	NaN
31892	NaN
31893	NaN
31894	NaN
31895	NaN
31896	NaN
31897	NaN
31898	NaN
31899	NaN
31900	NaN
31901	NaN
31902	NaN
31903	NaN
31904	NaN
31905	NaN
31906	NaN
31907	NaN
31908	NaN
31909	NaN
31910	NaN
31911	NaN
31912	NaN
31913	NaN
31914	NaN
31915	NaN
31916	NaN
31917	NaN
31918	NaN
31919	NaN
31920	NaN
31921	NaN
31922	NaN
31923	NaN
31924	NaN
31925	NaN
31926	NaN
31927	NaN
31928	NaN
31929	0.96033663
31930	0.64657265
31931	0.53959066
31932	0.48497319
31933	0.45148823
31934	0.42867732
31935	0.41204402
31936	0.39933270
31937	0.38928458
31938	0.38113981
31939	0.37441111
31940	0.36877006
31941	0.36398664
31942	0.35989431
31943	0.35636941
31944	0.35331798
31945	0.35066757
31946	0.34836164
31947	0.34635553
31948	0.34461409
31949	0.34310946
31950	0.34181949
31951	0.34072679
31952	0.33981764
31953	0.33908111
31954	0.33850837
31955	0.33809224
31956	0.33782622
31957	0.33770424
31958	0.33772016
31959	0.33786696
31960	0.33813667
31961	0.33851969
31962	0.33900452
31963	0.33957741
31964	0.34022236
31965	0.34092078
31966	0.34165201
31967	0.34239361
31968	0.34312189
31969	0.34381294
31970	0.34444329
31971	0.34499142
31972	0.34543872
31973	0.34577063
31974	0.34597751
31975	0.34605530
31976	0.34600586
31977	0.34583700
31978	0.34556183
31979	0.34519818
31980	0.34476757
31981	0.34429392
31982	0.34380236
31983	0.34331796
31984	0.34286472
31985	0.34246448
31986	0.34213606
31987	0.34189487
31988	0.34175229
31989	0.34171560
31990	0.34178770
31991	0.34196734
31992	0.34224921
31993	0.34262434
31994	0.34308022
31995	0.34360167
31996	0.34417111
31997	0.34476912
31998	0.34537542
31999	0.34596926
32000	0.34653032
32001	0.34703940
32002	0.34747910
32003	0.34783453
32004	0.34809378
32005	0.34824848
32006	0.34829387
32007	0.34822920
32008	0.34805742
32009	0.34778515
32010	0.34742215
32011	0.34698087
32012	0.34647581
32013	0.34592295
32014	0.34533906
32015	0.34474099
32016	0.34414521
32017	0.34356737
32018	0.34302172
32019	0.34252095
32020	0.34207594
32021	0.34169564
32022	0.34138691
32023	0.34115475
32024	0.34100217
32025	0.34093043
32026	0.34093910
32027	0.34102634
32028	0.34118900
32029	0.34142286
32030	0.34172273
32031	0.34208283
32032	0.34249660
32033	0.34295708
32034	0.34345707
32035	0.34398901
32036	0.34454533
32037	0.34511837
32038	0.34570068
32039	0.34628499
32040	0.34686434
32041	0.34743217
32042	0.34798256
32043	0.34850988
32044	0.34900922
32045	0.34947622
32046	0.34990710
32047	0.35029867
32048	0.35064831
32049	0.35095409
32050	0.35121465
32051	0.35142928
32052	0.35159785
32053	0.35172099
32054	0.35179979
32055	0.35183597
32056	0.35183182
32057	0.35179025
32058	0.35171467
32059	0.35160899
32060	0.35147768
32061	0.35132587
32062	0.35115904
32063	0.35098329
32064	0.35080510
32065	0.35063142
32066	0.35046944
32067	0.35032657
32068	0.35021028
32069	0.35012794
32070	0.35008663
32071	0.35009301
32072	0.35015306
32073	0.35027191
32074	0.35045382
32075	0.35070181
32076	0.35101765
32077	0.35140178
32078	0.35185307
32079	0.35236901
32080	0.35294551
32081	0.35357693
32082	0.35425612
32083	0.35497460
32084	0.35572255
32085	0.35648888
32086	0.35726172
32087	0.35802820
32088	0.35877508
32089	0.35948876
32090	0.36015579
32091	0.36076313
32092	0.36129859
32093	0.36175114
32094	0.36211148
32095	0.36237228
32096	0.36252862
32097	0.36257842
32098	0.36252254
32099	0.36236504
32100	0.36211330
32101	0.36177793
32102	0.36137262
32103	0.36091387
32104	0.36042073
32105	0.35991398
32106	0.35941589
32107	0.35894945
32108	0.35853773
32109	0.35820341
32110	0.35796782
32111	0.35785070
32112	0.35786948
32113	0.35803899
32114	0.35837084
32115	0.35887325
32116	0.35955074
32117	0.36040390
32118	0.36142913
32119	0.36261868
32120	0.36396059
32121	0.36543870
32122	0.36703271
32123	0.36871859
32124	0.37046891
32125	0.37225318
32126	0.37403882
32127	0.37579176
32128	0.37747777
32129	0.37906334
32130	0.38051701
32131	0.38181075
32132	0.38292113
32133	0.38383043
32134	0.38452759
32135	0.38500911
32136	0.38527894
32137	0.38534883
32138	0.38523790
32139	0.38497207
32140	0.38458288
32141	0.38410702
32142	0.38358465
32143	0.38305870
32144	0.38257360
32145	0.38217443
32146	0.38190618
32147	0.38181290
32148	0.38193738
32149	0.38232055
32150	0.38300139
32151	0.38401607
32152	0.38539824
32153	0.38717839
32154	0.38938329
32155	0.39203605
32156	0.39515522
32157	0.39875481
32158	0.40284348
32159	0.40742472
32160	0.41249713
32161	0.41805494
32162	0.42408893
32163	0.43058869
32164	0.43754551
32165	0.44495484
32166	0.45282146
32167	0.46116477
32168	0.47002393
32169	0.47946653
32170	0.48959723
32171	0.50057191
32172	0.51261431
32173	0.52604383
32174	0.54131871
32175	0.55910391
32176	0.58039469
32177	0.60673708
32178	0.64066988
32179	0.68666309
32180	0.75339019
32181	0.86019140
32182	1.06073558
32183	NaN
32184	NaN
32185	NaN
32186	NaN
32187	NaN
32188	NaN
32189	NaN
32190	NaN
32191	NaN
32192	NaN
32193	NaN
32194	NaN
32195	NaN
32196	NaN
32197	NaN
32198	NaN
32199	NaN
32200	NaN
32201	NaN
32202	NaN
32203	NaN
32204	NaN
32205	NaN
32206	NaN
32207	NaN
32208	NaN
32209	NaN
32210	NaN
32211	NaN
32212	NaN
32213	NaN
32214	NaN
32215	NaN
32216	NaN
32217	NaN
32218	NaN
32219	NaN
32220	NaN
32221	NaN
32222	NaN
32223	NaN
32224	NaN
32225	NaN
32226	NaN
32227	NaN
32228	NaN
32229	NaN
32230	NaN
32231	NaN
32232	NaN
32233	NaN
32234	NaN
32235	NaN
32236	NaN
32237	NaN
32238	NaN
32239	NaN
32240	NaN
32241	NaN
32242	NaN
32243	NaN
32244	NaN
32245	NaN
32246	NaN
32247	NaN
32248	NaN
32249	NaN
32250	NaN
32251	NaN
32252	NaN
32253	NaN
32254	NaN
32255	NaN
32256	NaN
32257	NaN
32258	NaN
32259	NaN
32260	NaN
32261	NaN
32262	NaN
32263	NaN
32264	NaN
32265	0.92721504
32266	0.45229304
32267	0.36072758
32268	0.32329097
32269	0.30370551
32270	0.29210913
32271	0.28472129
32272	0.27978626
32273	0.27638084
32274	0.27397606
32275	0.27224916
32276	0.27099341
32277	0.27007198
32278	0.26939133
32279	0.26888642
32280	0.26851124
32281	0.26823288
32282	0.26802760
32283	0.26787809
32284	0.26777181
32285	0.26769951
32286	0.26765427
32287	0.26763096
32288	0.26762551
32289	0.26763454
32290	0.26765499
32291	0.26768404
32292	0.26771873
32293	0.26775596
32294	0.26779217
32295	0.26782361
32296	0.26784614
32297	0.26785532
32298	0.26784652
32299	0.26781511
32300	0.26775658
32301	0.26766667
32302	0.26754180
32303	0.26737908
32304	0.26717678
32305	0.26693437
32306	0.26665279
32307	0.26633477
32308	0.26598448
32309	0.26560810
32310	0.26521325
32311	0.26480907
32312	0.26440588
32313	0.26401490
32314	0.26364782
32315	0.26331636
32316	0.26303199
32317	0.26280537
32318	0.26264620
32319	0.26256272
32320	0.26256183
32321	0.26264864
32322	0.26282650
32323	0.26309690
32324	0.26345938
32325	0.26391131
32326	0.26444796
32327	0.26506224
32328	0.26574466
32329	0.26648325
32330	0.26726362
32331	0.26806906
32332	0.26888081
32333	0.26967862
32334	0.27044109
32335	0.27114668
32336	0.27177468
32337	0.27230605
32338	0.27272457
32339	0.27301776
32340	0.27317780
32341	0.27320197
32342	0.27309278
32343	0.27285805
32344	0.27251035
32345	0.27206603
32346	0.27154428
32347	0.27096617
32348	0.27035323
32349	0.26972651
32350	0.26910570
32351	0.26850858
32352	0.26795048
32353	0.26744387
32354	0.26699871
32355	0.26662219
32356	0.26631901
32357	0.26609161
32358	0.26594052
32359	0.26586437
32360	0.26586038
32361	0.26592436
32362	0.26605114
32363	0.26623449
32364	0.26646757
32365	0.26674280
32366	0.26705220
32367	0.26738754
32368	0.26774031
32369	0.26810211
32370	0.26846474
32371	0.26882032
32372	0.26916170
32373	0.26948243
32374	0.26977712
32375	0.27004135
32376	0.27027199
32377	0.27046710
32378	0.27062589
32379	0.27074873
32380	0.27083689
32381	0.27089241
32382	0.27091789
32383	0.27091631
32384	0.27089077
32385	0.27084440
32386	0.27078024
32387	0.27070099
32388	0.27060929
32389	0.27050734
32390	0.27039734
32391	0.27028111
32392	0.27016050
32393	0.27003708
32394	0.26991254
32395	0.26978847
32396	0.26966634
32397	0.26954779
32398	0.26943433
32399	0.26932752
32400	0.26922911
32401	0.26914093
32402	0.26906511
32403	0.26900387
32404	0.26896000
32405	0.26893631
32406	0.26893616
32407	0.26896295
32408	0.26902035
32409	0.26911193
32410	0.26924103
32411	0.26941067
32412	0.26962328
32413	0.26988056
32414	0.27018332
32415	0.27053124
32416	0.27092287
32417	0.27135551
32418	0.27182508
32419	0.27232599
32420	0.27285135
32421	0.27339277
32422	0.27394050
32423	0.27448359
32424	0.27500987
32425	0.27550641
32426	0.27595976
32427	0.27635616
32428	0.27668241
32429	0.27692580
32430	0.27707535
32431	0.27712163
32432	0.27705798
32433	0.27688035
32434	0.27658814
32435	0.27618408
32436	0.27567446
32437	0.27506912
32438	0.27438089
32439	0.27362564
32440	0.27282143
32441	0.27198812
32442	0.27114677
32443	0.27031898
32444	0.26952651
32445	0.26879048
32446	0.26813108
32447	0.26756722
32448	0.26711607
32449	0.26679274
32450	0.26661026
32451	0.26657897
32452	0.26670668
32453	0.26699802
32454	0.26745439
32455	0.26807362
32456	0.26884928
32457	0.26977068
32458	0.27082229
32459	0.27198344
32460	0.27322838
32461	0.27452633
32462	0.27584219
32463	0.27713713
32464	0.27837038
32465	0.27950066
32466	0.28048855
32467	0.28129837
32468	0.28190061
32469	0.28227380
32470	0.28240532
32471	0.28229246
32472	0.28194213
32473	0.28137013
32474	0.28059945
32475	0.27965930
32476	0.27858272
32477	0.27740523
32478	0.27616352
32479	0.27489403
32480	0.27363276
32481	0.27241498
32482	0.27127498
32483	0.27024710
32484	0.26936626
32485	0.26866874
32486	0.26819384
32487	0.26798540
32488	0.26809263
32489	0.26857281
32490	0.26949191
32491	0.27092689
32492	0.27296665
32493	0.27571189
32494	0.27927533
32495	0.28377980
32496	0.28935459
32497	0.29613063
32498	0.30423579
32499	0.31378996
32500	0.32490364
32501	0.33768493
32502	0.35225549
32503	0.36878052
32504	0.38751423
32505	0.40886948
32506	0.43351778
32507	0.46254548
32508	0.49772361
32509	0.54201138
32510	0.60061651
32511	0.68346888
32512	0.81202102
32513	1.04266155
32514	NaN
32515	NaN
32516	NaN
32517	NaN
32518	NaN
32519	NaN
32520	NaN
32521	NaN
32522	NaN
32523	NaN
32524	NaN
32525	NaN
32526	NaN
32527	NaN
32528	NaN
32529	NaN
32530	NaN
32531	NaN
32532	NaN
32533	NaN
32534	NaN
32535	NaN
32536	NaN
32537	NaN
32538	NaN
32539	NaN
32540	NaN
32541	NaN
32542	NaN
32543	NaN
32544	NaN
32545	NaN
32546	NaN
32547	NaN
32548	NaN
32549	NaN
32550	NaN
32551	NaN
32552	NaN
32553	NaN
32554	NaN
32555	NaN
32556	NaN
32557	NaN
32558	NaN
32559	NaN
32560	NaN
32561	NaN
32562	NaN
32563	NaN
32564	NaN
32565	NaN
32566	NaN
32567	NaN
32568	NaN
32569	NaN
32570	NaN
32571	NaN
32572	NaN
32573	NaN
32574	NaN
32575	NaN
32576	NaN
32577	NaN
32578	NaN
32579	NaN
32580	NaN
32581	NaN
32582	NaN
32583	NaN
32584	NaN
32585	NaN
32586	NaN
32587	NaN
32588	NaN
32589	NaN
32590	NaN
32591	NaN
32592	NaN
32593	NaN
32594	NaN
32595	NaN
32596	NaN
32597	1.01858461
32598	0.57274866
32599	0.45898318
32600	0.40760213
32601	0.37870872
32602	0.36042857
32603	0.34798041
32604	0.33906785
32605	0.33245102
32606	0.32740217
32607	0.32346645
32608	0.32034594
32609	0.31783786
32610	0.31579995
32611	0.31413016
32612	0.31275389
32613	0.31161585
32614	0.31067479
32615	0.30989960
32616	0.30926695
32617	0.30875933
32618	0.30836368
32619	0.30807036
32620	0.30787230
32621	0.30776435
32622	0.30774266
32623	0.30780438
32624	0.30794686
32625	0.30816758
32626	0.30846345
32627	0.30883074
32628	0.30926439
32629	0.30975786
32630	0.31030276
32631	0.31088853
32632	0.31150246
32633	0.31212959
32634	0.31275290
32635	0.31335384
32636	0.31391260
32637	0.31440935
32638	0.31482494
32639	0.31514215
32640	0.31534681
32641	0.31542888
32642	0.31538346
32643	0.31521127
32644	0.31491894
32645	0.31451905
32646	0.31402931
32647	0.31347182
32648	0.31287175
32649	0.31225628
32650	0.31165290
32651	0.31108844
32652	0.31058758
32653	0.31017235
32654	0.30986091
32655	0.30966732
32656	0.30960113
32657	0.30966717
32658	0.30986574
32659	0.31019244
32660	0.31063861
32661	0.31119156
32662	0.31183502
32663	0.31254965
32664	0.31331351
32665	0.31410283
32666	0.31489280
32667	0.31565833
32668	0.31637502
32669	0.31701994
32670	0.31757268
32671	0.31801617
32672	0.31833720
32673	0.31852713
32674	0.31858203
32675	0.31850305
32676	0.31829578
32677	0.31797034
32678	0.31754035
32679	0.31702253
32680	0.31643566
32681	0.31579971
32682	0.31513515
32683	0.31446207
32684	0.31379962
32685	0.31316563
32686	0.31257612
32687	0.31204501
32688	0.31158432
32689	0.31120399
32690	0.31091183
32691	0.31071368
32692	0.31061351
32693	0.31061351
32694	0.31071410
32695	0.31091401
32696	0.31121027
32697	0.31159824
32698	0.31207174
32699	0.31262296
32700	0.31324270
32701	0.31392041
32702	0.31464460
32703	0.31540290
32704	0.31618264
32705	0.31697085
32706	0.31775516
32707	0.31852353
32708	0.31926510
32709	0.31997007
32710	0.32063001
32711	0.32123801
32712	0.32178846
32713	0.32227731
32714	0.32270172
32715	0.32306004
32716	0.32335165
32717	0.32357678
32718	0.32373643
32719	0.32383224
32720	0.32386628
32721	0.32384104
32722	0.32375941
32723	0.32362461
32724	0.32344005
32725	0.32320949
32726	0.32293704
32727	0.32262710
32728	0.32228446
32729	0.32191443
32730	0.32152286
32731	0.32111621
32732	0.32070160
32733	0.32028687
32734	0.31988055
32735	0.31949168
32736	0.31912988
32737	0.31880501
32738	0.31852704
32739	0.31830573
32740	0.31815031
32741	0.31806922
32742	0.31806988
32743	0.31815830
32744	0.31833896
32745	0.31861460
32746	0.31898600
32747	0.31945205
32748	0.32000962
32749	0.32065359
32750	0.32137689
32751	0.32217047
32752	0.32302338
32753	0.32392302
32754	0.32485500
32755	0.32580343
32756	0.32675102
32757	0.32767946
32758	0.32856956
32759	0.32940185
32760	0.33015710
32761	0.33081675
32762	0.33136368
32763	0.33178318
32764	0.33206335
32765	0.33219609
32766	0.33217764
32767	0.33200890
32768	0.33169597
32769	0.33124998
32770	0.33068690
32771	0.33002737
32772	0.32929567
32773	0.32851925
32774	0.32772771
32775	0.32695198
32776	0.32622316
32777	0.32557201
32778	0.32502785
32779	0.32461777
32780	0.32436642
32781	0.32429504
32782	0.32442123
32783	0.32475850
32784	0.32531583
32785	0.32609743
32786	0.32710233
32787	0.32832408
32788	0.32975057
32789	0.33136365
32790	0.33313909
32791	0.33504695
32792	0.33705154
32793	0.33911225
32794	0.34118444
32795	0.34322074
32796	0.34517267
32797	0.34699252
32798	0.34863561
32799	0.35006210
32800	0.35123929
32801	0.35214308
32802	0.35275921
32803	0.35308418
32804	0.35312492
32805	0.35289863
32806	0.35243171
32807	0.35175866
32808	0.35092038
32809	0.34996277
32810	0.34893537
32811	0.34788996
32812	0.34687972
32813	0.34595823
32814	0.34517920
32815	0.34459576
32816	0.34426042
32817	0.34422505
32818	0.34454066
32819	0.34525743
32820	0.34642443
32821	0.34808961
32822	0.35029912
32823	0.35309696
32824	0.35652417
32825	0.36061779
32826	0.36541018
32827	0.37092817
32828	0.37719232
32829	0.38421792
32830	0.39201617
32831	0.40059710
32832	0.40997487
32833	0.42017645
32834	0.43124986
32835	0.44328031
32836	0.45640659
32837	0.47084671
32838	0.48692992
32839	0.50514710
32840	0.52622908
32841	0.55127621
32842	0.58199352
32843	0.62113667
32844	0.67345279
32845	0.74784243
32846	0.86320031
32847	1.06795144
32848	1.53491426
32849	NaN
32850	NaN
32851	NaN
32852	NaN
32853	NaN
32854	NaN
32855	NaN
32856	NaN
32857	NaN
32858	NaN
32859	NaN
32860	NaN
32861	NaN
32862	NaN
32863	NaN
32864	NaN
32865	NaN
32866	NaN
32867	NaN
32868	NaN
32869	NaN
32870	NaN
32871	NaN
32872	NaN
32873	NaN
32874	NaN
32875	NaN
32876	NaN
32877	NaN
32878	NaN
32879	NaN
32880	NaN
32881	NaN
32882	NaN
32883	NaN
32884	NaN
32885	NaN
32886	NaN
32887	NaN
32888	NaN
32889	NaN
32890	NaN
32891	NaN
32892	NaN
32893	NaN
32894	NaN
32895	NaN
32896	NaN
32897	NaN
32898	NaN
32899	NaN
32900	NaN
32901	NaN
32902	NaN
32903	NaN
32904	NaN
32905	NaN
32906	NaN
32907	NaN
32908	NaN
32909	NaN
32910	NaN
32911	NaN
32912	NaN
32913	NaN
32914	NaN
32915	NaN
32916	NaN
32917	NaN
32918	NaN
32919	NaN
32920	NaN
32921	NaN
32922	NaN
32923	NaN
32924	NaN
32925	NaN
32926	NaN
32927	NaN
32928	NaN
32929	NaN
32930	NaN
32931	NaN
32932	NaN
32933	NaN
32934	NaN
32935	0.64555734
32936	0.38699138
32937	0.31976575
32938	0.29014501
32939	0.27421367
32940	0.26473102
32941	0.25875682
32942	0.25487289
32943	0.25231320
32944	0.25062892
32945	0.24954121
32946	0.24886876
32947	0.24848948
32948	0.24831893
32949	0.24829759
32950	0.24838255
32951	0.24854274
32952	0.24875520
32953	0.24900302
32954	0.24927337
32955	0.24955668
32956	0.24984545
32957	0.25013372
32958	0.25041661
32959	0.25068983
32960	0.25094953
32961	0.25119177
32962	0.25141275
32963	0.25160840
32964	0.25177446
32965	0.25190637
32966	0.25199944
32967	0.25204888
32968	0.25204989
32969	0.25199795
32970	0.25188893
32971	0.25171947
32972	0.25148714
32973	0.25119096
32974	0.25083148
32975	0.25041124
32976	0.24993491
32977	0.24940941
32978	0.24884395
32979	0.24824989
32980	0.24764054
32981	0.24703081
32982	0.24643646
32983	0.24587381
32984	0.24535885
32985	0.24490668
32986	0.24453101
32987	0.24424352
32988	0.24405363
32989	0.24396834
32990	0.24399203
32991	0.24412662
32992	0.24437164
32993	0.24472423
32994	0.24517940
32995	0.24573001
32996	0.24636674
32997	0.24707812
32998	0.24785055
32999	0.24866833
33000	0.24951361
33001	0.25036681
33002	0.25120682
33003	0.25201145
33004	0.25275829
33005	0.25342512
33006	0.25399131
33007	0.25443831
33008	0.25475091
33009	0.25491789
33010	0.25493285
33011	0.25479457
33012	0.25450704
33013	0.25407940
33014	0.25352547
33015	0.25286281
33016	0.25211188
33017	0.25129488
33018	0.25043473
33019	0.24955410
33020	0.24867447
33021	0.24781547
33022	0.24699451
33023	0.24622628
33024	0.24552286
33025	0.24489363
33026	0.24434535
33027	0.24388254
33028	0.24350755
33029	0.24322090
33030	0.24302143
33031	0.24290667
33032	0.24287288
33033	0.24291524
33034	0.24302790
33035	0.24320418
33036	0.24343653
33037	0.24371663
33038	0.24403551
33039	0.24438371
33040	0.24475142
33041	0.24512862
33042	0.24550559
33043	0.24587284
33044	0.24622166
33045	0.24654415
33046	0.24683353
33047	0.24708429
33048	0.24729216
33049	0.24745429
33050	0.24756908
33051	0.24763618
33052	0.24765632
33053	0.24763118
33054	0.24756329
33055	0.24745581
33056	0.24731241
33057	0.24713719
33058	0.24693461
33059	0.24670938
33060	0.24646647
33061	0.24621104
33062	0.24594843
33063	0.24568410
33064	0.24542361
33065	0.24517255
33066	0.24493641
33067	0.24472037
33068	0.24452934
33069	0.24436776
33070	0.24423943
33071	0.24414742
33072	0.24409415
33073	0.24408117
33074	0.24410924
33075	0.24417846
33076	0.24428822
33077	0.24443729
33078	0.24462403
33079	0.24484634
33080	0.24510175
33081	0.24538760
33082	0.24570078
33083	0.24603797
33084	0.24639556
33085	0.24676950
33086	0.24715544
33087	0.24754849
33088	0.24794342
33089	0.24833454
33090	0.24871570
33091	0.24908035
33092	0.24942167
33093	0.24973257
33094	0.25000581
33095	0.25023425
33096	0.25041083
33097	0.25052899
33098	0.25058284
33099	0.25056741
33100	0.25047895
33101	0.25031531
33102	0.25007620
33103	0.24976353
33104	0.24938132
33105	0.24893612
33106	0.24843678
33107	0.24789423
33108	0.24732141
33109	0.24673274
33110	0.24614367
33111	0.24557042
33112	0.24502937
33113	0.24453674
33114	0.24410823
33115	0.24375872
33116	0.24350217
33117	0.24335133
33118	0.24331765
33119	0.24341123
33120	0.24364071
33121	0.24401301
33122	0.24453327
33123	0.24520472
33124	0.24602810
33125	0.24700148
33126	0.24811973
33127	0.24937399
33128	0.25075117
33129	0.25223345
33130	0.25379792
33131	0.25541654
33132	0.25705621
33133	0.25867921
33134	0.26024467
33135	0.26170975
33136	0.26303169
33137	0.26417038
33138	0.26509053
33139	0.26576385
33140	0.26617074
33141	0.26630133
33142	0.26615572
33143	0.26574317
33144	0.26508102
33145	0.26419279
33146	0.26310673
33147	0.26185319
33148	0.26046360
33149	0.25896931
33150	0.25740016
33151	0.25578460
33152	0.25414971
33153	0.25252154
33154	0.25092593
33155	0.24939001
33156	0.24794376
33157	0.24662203
33158	0.24546805
33159	0.24453622
33160	0.24389839
33161	0.24364944
33162	0.24391505
33163	0.24486312
33164	0.24671577
33165	0.24976355
33166	0.25438240
33167	0.26105064
33168	0.27036223
33169	0.28304118
33170	0.29995036
33171	0.32211298
33172	0.35076791
33173	0.38750494
33174	0.43459827
33175	0.49572051
33176	0.57752818
33177	0.69347119
33178	0.87468404
33179	NaN
33180	NaN
33181	NaN
33182	NaN
33183	NaN
33184	NaN
33185	NaN
33186	NaN
33187	NaN
33188	NaN
33189	NaN
33190	NaN
33191	NaN
33192	NaN
33193	NaN
33194	NaN
33195	NaN
33196	NaN
33197	NaN
33198	NaN
33199	NaN
33200	NaN
33201	NaN
33202	NaN
33203	NaN
33204	NaN
33205	NaN
33206	NaN
33207	NaN
33208	NaN
33209	NaN
33210	NaN
33211	NaN
33212	NaN
33213	NaN
33214	NaN
33215	NaN
33216	NaN
33217	NaN
33218	NaN
33219	NaN
33220	NaN
33221	NaN
33222	NaN
33223	NaN
33224	NaN
33225	NaN
33226	NaN
33227	NaN
33228	NaN
33229	NaN
33230	NaN
33231	NaN
33232	NaN
33233	NaN
33234	NaN
33235	NaN
33236	NaN
33237	NaN
33238	NaN
33239	NaN
33240	NaN
33241	NaN
33242	NaN
33243	NaN
33244	NaN
33245	NaN
33246	NaN
33247	NaN
33248	NaN
33249	NaN
33250	NaN
33251	NaN
33252	NaN
33253	NaN
33254	NaN
33255	NaN
33256	NaN
33257	NaN
33258	NaN
33259	NaN
33260	NaN
33261	NaN
33262	NaN
33263	NaN
33264	NaN
33265	NaN
33266	NaN
33267	NaN
33268	NaN
33269	NaN
33270	0.92431515
33271	0.56667119
33272	0.45663726
33273	0.40371701
33274	0.37292349
33275	0.35298657
33276	0.33916706
33277	0.32912454
33278	0.32157016
33279	0.31573591
33280	0.31113678
33281	0.30745190
33282	0.30446139
33283	0.30201033
33284	0.29998708
33285	0.29830998
33286	0.29691842
33287	0.29576701
33288	0.29482162
33289	0.29405639
33290	0.29345143
33291	0.29299158
33292	0.29266480
33293	0.29246128
33294	0.29237267
33295	0.29239133
33296	0.29250985
33297	0.29272053
33298	0.29301488
33299	0.29338351
33300	0.29381570
33301	0.29429927
33302	0.29482064
33303	0.29536471
33304	0.29591516
33305	0.29645473
33306	0.29696557
33307	0.29742989
33308	0.29783070
33309	0.29815236
33310	0.29838160
33311	0.29850817
33312	0.29852542
33313	0.29843101
33314	0.29822716
33315	0.29792064
33316	0.29752252
33317	0.29704791
33318	0.29651523
33319	0.29594511
33320	0.29535979
33321	0.29478201
33322	0.29423410
33323	0.29373711
33324	0.29331020
33325	0.29296994
33326	0.29273003
33327	0.29260078
33328	0.29258898
33329	0.29269797
33330	0.29292735
33331	0.29327321
33332	0.29372817
33333	0.29428160
33334	0.29491979
33335	0.29562643
33336	0.29638278
33337	0.29716852
33338	0.29796207
33339	0.29874134
33340	0.29948464
33341	0.30017135
33342	0.30078274
33343	0.30130282
33344	0.30171883
33345	0.30202198
33346	0.30220756
33347	0.30227506
33348	0.30222827
33349	0.30207449
33350	0.30182448
33351	0.30149156
33352	0.30109102
33353	0.30063933
33354	0.30015349
33355	0.29965055
33356	0.29914689
33357	0.29865804
33358	0.29819822
33359	0.29778019
33360	0.29741520
33361	0.29711294
33362	0.29688135
33363	0.29672694
33364	0.29665458
33365	0.29666781
33366	0.29676864
33367	0.29695779
33368	0.29723459
33369	0.29759720
33370	0.29804227
33371	0.29856530
33372	0.29916060
33373	0.29982117
33374	0.30053902
33375	0.30130515
33376	0.30210978
33377	0.30294248
33378	0.30379251
33379	0.30464903
33380	0.30550119
33381	0.30633858
33382	0.30715120
33383	0.30792975
33384	0.30866584
33385	0.30935183
33386	0.30998114
33387	0.31054813
33388	0.31104818
33389	0.31147784
33390	0.31183451
33391	0.31211668
33392	0.31232390
33393	0.31245673
33394	0.31251657
33395	0.31250599
33396	0.31242836
33397	0.31228808
33398	0.31209031
33399	0.31184113
33400	0.31154755
33401	0.31121734
33402	0.31085917
33403	0.31048262
33404	0.31009802
33405	0.30971670
33406	0.30935061
33407	0.30901229
33408	0.30871475
33409	0.30847102
33410	0.30829400
33411	0.30819595
33412	0.30818817
33413	0.30828059
33414	0.30848145
33415	0.30879703
33416	0.30923131
33417	0.30978587
33418	0.31045985
33419	0.31124985
33420	0.31214991
33421	0.31315151
33422	0.31424358
33423	0.31541273
33424	0.31664306
33425	0.31791642
33426	0.31921253
33427	0.32050908
33428	0.32178217
33429	0.32300666
33430	0.32415667
33431	0.32520619
33432	0.32613006
33433	0.32690462
33434	0.32750893
33435	0.32792565
33436	0.32814187
33437	0.32815024
33438	0.32794937
33439	0.32754448
33440	0.32694739
33441	0.32617635
33442	0.32525557
33443	0.32421455
33444	0.32308698
33445	0.32190970
33446	0.32072151
33447	0.31956199
33448	0.31847048
33449	0.31748500
33450	0.31664148
33451	0.31597304
33452	0.31550938
33453	0.31527629
33454	0.31529522
33455	0.31558296
33456	0.31615105
33457	0.31700552
33458	0.31814644
33459	0.31956723
33460	0.32125446
33461	0.32318729
33462	0.32533708
33463	0.32766753
33464	0.33013463
33465	0.33268744
33466	0.33526900
33467	0.33781791
33468	0.34027043
33469	0.34256309
33470	0.34463540
33471	0.34643292
33472	0.34791020
33473	0.34903297
33474	0.34978014
33475	0.35014468
33476	0.35013399
33477	0.34976900
33478	0.34908319
33479	0.34812039
33480	0.34693334
33481	0.34558129
33482	0.34412831
33483	0.34264210
33484	0.34119222
33485	0.33984998
33486	0.33868766
33487	0.33777875
33488	0.33719802
33489	0.33702204
33490	0.33732998
33491	0.33820400
33492	0.33973038
33493	0.34199959
33494	0.34510726
33495	0.34915403
33496	0.35424525
33497	0.36049062
33498	0.36800358
33499	0.37690052
33500	0.38730085
33501	0.39932927
33502	0.41311988
33503	0.42882705
33504	0.44664136
33505	0.46681660
33506	0.48971418
33507	0.51586634
33508	0.54608208
33509	0.58161670
33510	0.62447041
33511	0.67794472
33512	0.74778712
33513	0.84483045
33514	0.99198872
33515	1.24736762
33516	1.81350708
33517	NaN
33518	NaN
33519	NaN
33520	NaN
33521	NaN
33522	NaN
33523	NaN
33524	NaN
33525	NaN
33526	NaN
33527	NaN
33528	NaN
33529	NaN
33530	NaN
33531	NaN
33532	NaN
33533	NaN
33534	NaN
33535	NaN
33536	NaN
33537	NaN
33538	NaN
33539	NaN
33540	NaN
33541	NaN
33542	NaN
33543	NaN
33544	NaN
33545	NaN
33546	NaN
33547	NaN
33548	NaN
33549	NaN
33550	NaN
33551	NaN
33552	NaN
33553	NaN
33554	NaN
33555	NaN
33556	NaN
33557	NaN
33558	NaN
33559	NaN
33560	NaN
33561	NaN
33562	NaN
33563	NaN
33564	NaN
33565	NaN
33566	NaN
33567	NaN
33568	NaN
33569	NaN
33570	NaN
33571	NaN
33572	NaN
33573	NaN
33574	NaN
33575	NaN
33576	NaN
33577	NaN
33578	NaN
33579	NaN
33580	NaN
33581	NaN
33582	NaN
33583	NaN
33584	NaN
33585	NaN
33586	NaN
33587	NaN
33588	NaN
33589	NaN
33590	NaN
33591	NaN
33592	NaN
33593	NaN
33594	NaN
33595	NaN
33596	NaN
33597	NaN
33598	NaN
33599	NaN
33600	NaN
33601	NaN
33602	NaN
33603	NaN
33604	NaN
33605	0.41051570
33606	0.32516214
33607	0.29244947
33608	0.27591360
33609	0.26640317
33610	0.26053989
33611	0.25678667
33612	0.25434461
33613	0.25275818
33614	0.25174984
33615	0.25114134
33616	0.25081402
33617	0.25068653
33618	0.25070164
33619	0.25081849
33620	0.25100753
33621	0.25124711
33622	0.25152126
33623	0.25181818
33624	0.25212893
33625	0.25244674
33626	0.25276634
33627	0.25308350
33628	0.25339460
33629	0.25369638
33630	0.25398567
33631	0.25425920
33632	0.25451356
33633	0.25474492
33634	0.25494918
33635	0.25512201
33636	0.25525874
33637	0.25535470
33638	0.25540528
33639	0.25540620
33640	0.25535366
33641	0.25524479
33642	0.25507775
33643	0.25485215
33644	0.25456932
33645	0.25423247
33646	0.25384676
33647	0.25341958
33648	0.25296023
33649	0.25247997
33650	0.25199157
33651	0.25150901
33652	0.25104696
33653	0.25062034
33654	0.25024360
33655	0.24993044
33656	0.24969310
33657	0.24954201
33658	0.24948560
33659	0.24952990
33660	0.24967860
33661	0.24993287
33662	0.25029144
33663	0.25075063
33664	0.25130433
33665	0.25194401
33666	0.25265887
33667	0.25343591
33668	0.25425994
33669	0.25511369
33670	0.25597823
33671	0.25683314
33672	0.25765717
33673	0.25842866
33674	0.25912639
33675	0.25973043
33676	0.26022300
33677	0.26058927
33678	0.26081842
33679	0.26090395
33680	0.26084450
33681	0.26064369
33682	0.26031014
33683	0.25985697
33684	0.25930110
33685	0.25866225
33686	0.25796214
33687	0.25722304
33688	0.25646722
33689	0.25571567
33690	0.25498778
33691	0.25430048
33692	0.25366834
33693	0.25310302
33694	0.25261360
33695	0.25220650
33696	0.25188580
33697	0.25165331
33698	0.25150892
33699	0.25145075
33700	0.25147542
33701	0.25157809
33702	0.25175273
33703	0.25199223
33704	0.25228852
33705	0.25263259
33706	0.25301471
33707	0.25342473
33708	0.25385192
33709	0.25428551
33710	0.25471491
33711	0.25512969
33712	0.25552031
33713	0.25587809
33714	0.25619546
33715	0.25646630
33716	0.25668600
33717	0.25685152
33718	0.25696144
33719	0.25701579
33720	0.25701600
33721	0.25696468
33722	0.25686547
33723	0.25672263
33724	0.25654104
33725	0.25632584
33726	0.25608224
33727	0.25581551
33728	0.25553080
33729	0.25523308
33730	0.25492719
33731	0.25461781
33732	0.25430939
33733	0.25400627
33734	0.25371268
33735	0.25343254
33736	0.25316966
33737	0.25292736
33738	0.25270879
33739	0.25251654
33740	0.25235289
33741	0.25221953
33742	0.25211784
33743	0.25204879
33744	0.25201297
33745	0.25201073
33746	0.25204217
33747	0.25210723
33748	0.25220558
33749	0.25233677
33750	0.25250009
33751	0.25269440
33752	0.25291842
33753	0.25317037
33754	0.25344804
33755	0.25374883
33756	0.25406954
33757	0.25440654
33758	0.25475568
33759	0.25511235
33760	0.25547147
33761	0.25582743
33762	0.25617409
33763	0.25650510
33764	0.25681350
33765	0.25709218
33766	0.25733384
33767	0.25753120
33768	0.25767738
33769	0.25776592
33770	0.25779134
33771	0.25774947
33772	0.25763765
33773	0.25745508
33774	0.25720316
33775	0.25688544
33776	0.25650799
33777	0.25607902
33778	0.25560880
33779	0.25510949
33780	0.25459468
33781	0.25407913
33782	0.25357816
33783	0.25310746
33784	0.25268245
33785	0.25231829
33786	0.25202927
33787	0.25182867
33788	0.25172859
33789	0.25173971
33790	0.25187105
33791	0.25212994
33792	0.25252172
33793	0.25304943
33794	0.25371364
33795	0.25451201
33796	0.25543898
33797	0.25648534
33798	0.25763798
33799	0.25887948
33800	0.26018822
33801	0.26153824
33802	0.26289985
33803	0.26424041
33804	0.26552537
33805	0.26671973
33806	0.26778996
33807	0.26870546
33808	0.26944068
33809	0.26997641
33810	0.27030042
33811	0.27040872
33812	0.27030471
33813	0.26999876
33814	0.26950726
33815	0.26885155
33816	0.26805624
33817	0.26714870
33818	0.26615772
33819	0.26511332
33820	0.26404649
33821	0.26298940
33822	0.26197648
33823	0.26104513
33824	0.26023763
33825	0.25960329
33826	0.25920236
33827	0.25910982
33828	0.25942230
33829	0.26026678
33830	0.26181254
33831	0.26428932
33832	0.26801237
33833	0.27341932
33834	0.28112361
33835	0.29199761
33836	0.30729908
33837	0.32888085
33838	0.35955176
33839	0.40375084
33840	0.46894947
33841	0.56890404
33842	0.73254466
33843	1.03442180
33844	NaN
33845	NaN
33846	NaN
33847	NaN
33848	NaN
33849	NaN
33850	NaN
33851	NaN
33852	NaN
33853	NaN
33854	NaN
33855	NaN
33856	NaN
33857	NaN
33858	NaN
33859	NaN
33860	NaN
33861	NaN
33862	NaN
33863	NaN
33864	NaN
33865	NaN
33866	NaN
33867	NaN
33868	NaN
33869	NaN
33870	NaN
33871	NaN
33872	NaN
33873	NaN
33874	NaN
33875	NaN
33876	NaN
33877	NaN
33878	NaN
33879	NaN
33880	NaN
33881	NaN
33882	NaN
33883	NaN
33884	NaN
33885	NaN
33886	NaN
33887	NaN
33888	NaN
33889	NaN
33890	NaN
33891	NaN
33892	NaN
33893	NaN
33894	NaN
33895	NaN
33896	NaN
33897	NaN
33898	NaN
33899	NaN
33900	NaN
33901	NaN
33902	NaN
33903	NaN
33904	NaN
33905	NaN
33906	NaN
33907	NaN
33908	NaN
33909	NaN
33910	NaN
33911	NaN
33912	NaN
33913	NaN
33914	NaN
33915	NaN
33916	NaN
33917	NaN
33918	NaN
33919	NaN
33920	NaN
33921	NaN
33922	NaN
33923	NaN
33924	NaN
33925	NaN
33926	NaN
33927	NaN
33928	NaN
33929	0.78072548
33930	0.54287821
33931	0.45721039
33932	0.41271290
33933	0.38530338
33934	0.36666137
33935	0.35314047
33936	0.34288713
33937	0.33485645
33938	0.32841313
33939	0.32314768
33940	0.31878361
33941	0.31512710
33942	0.31203824
33943	0.30941349
33944	0.30717483
33945	0.30526242
33946	0.30362990
33947	0.30224109
33948	0.30106750
33949	0.30008653
33950	0.29928038
33951	0.29863480
33952	0.29813844
33953	0.29778206
33954	0.29755813
33955	0.29746020
33956	0.29748255
33957	0.29761967
33958	0.29786599
33959	0.29821521
33960	0.29866022
33961	0.29919249
33962	0.29980177
33963	0.30047587
33964	0.30120045
33965	0.30195889
33966	0.30273262
33967	0.30350122
33968	0.30424318
33969	0.30493644
33970	0.30555955
33971	0.30609259
33972	0.30651844
33973	0.30682367
33974	0.30699971
33975	0.30704334
33976	0.30695710
33977	0.30674925
33978	0.30643344
33979	0.30602768
33980	0.30555370
33981	0.30503535
33982	0.30449754
33983	0.30396503
33984	0.30346122
33985	0.30300733
33986	0.30262169
33987	0.30231908
33988	0.30211082
33989	0.30200428
33990	0.30200306
33991	0.30210724
33992	0.30231345
33993	0.30261511
33994	0.30300286
33995	0.30346483
33996	0.30398694
33997	0.30455333
33998	0.30514693
33999	0.30574965
34000	0.30634323
34001	0.30690953
34002	0.30743143
34003	0.30789322
34004	0.30828127
34005	0.30858448
34006	0.30879483
34007	0.30890733
34008	0.30892038
34009	0.30883574
34010	0.30865806
34011	0.30839491
34012	0.30805603
34013	0.30765307
34014	0.30719900
34015	0.30670765
34016	0.30619308
34017	0.30566940
34018	0.30515033
34019	0.30464882
34020	0.30417699
34021	0.30374604
34022	0.30336586
34023	0.30304539
34024	0.30279225
34025	0.30261293
34026	0.30251250
34027	0.30249488
34028	0.30256256
34029	0.30271649
34030	0.30295628
34031	0.30328000
34032	0.30368412
34033	0.30416372
34034	0.30471236
34035	0.30532232
34036	0.30598482
34037	0.30669004
34038	0.30742747
34039	0.30818611
34040	0.30895478
34041	0.30972236
34042	0.31047803
34043	0.31121144
34044	0.31191304
34045	0.31257412
34046	0.31318694
34047	0.31374484
34048	0.31424245
34049	0.31467530
34050	0.31504026
34051	0.31533524
34052	0.31555942
34053	0.31571305
34054	0.31579739
34055	0.31581488
34056	0.31576893
34057	0.31566393
34058	0.31550521
34059	0.31529909
34060	0.31505272
34061	0.31477416
34062	0.31447217
34063	0.31415629
34064	0.31383681
34065	0.31352434
34066	0.31322998
34067	0.31296495
34068	0.31274047
34069	0.31256732
34070	0.31245580
34071	0.31241530
34072	0.31245419
34073	0.31257939
34074	0.31279638
34075	0.31310880
34076	0.31351861
34077	0.31402564
34078	0.31462795
34079	0.31532151
34080	0.31610048
34081	0.31695721
34082	0.31788227
34083	0.31886464
34084	0.31989181
34085	0.32094982
34086	0.32202360
34087	0.32309696
34088	0.32415298
34089	0.32517400
34090	0.32614222
34091	0.32703999
34092	0.32785013
34093	0.32855669
34094	0.32914525
34095	0.32960370
34096	0.32992277
34097	0.33009648
34098	0.33012286
34099	0.33000398
34100	0.32974654
34101	0.32936165
34102	0.32886484
34103	0.32827580
34104	0.32761782
34105	0.32691744
34106	0.32620332
34107	0.32550582
34108	0.32485610
34109	0.32428509
34110	0.32382286
34111	0.32349783
34112	0.32333615
34113	0.32336089
34114	0.32359180
34115	0.32404450
34116	0.32473040
34117	0.32565615
34118	0.32682338
34119	0.32822847
34120	0.32986224
34121	0.33170992
34122	0.33375096
34123	0.33595923
34124	0.33830306
34125	0.34074569
34126	0.34324607
34127	0.34575951
34128	0.34823909
34129	0.35063699
34130	0.35290632
34131	0.35500303
34132	0.35688770
34133	0.35852757
34134	0.35989830
34135	0.36098510
34136	0.36178383
34137	0.36230147
34138	0.36255601
34139	0.36257583
34140	0.36239907
34141	0.36207220
34142	0.36164889
34143	0.36118850
34144	0.36075485
34145	0.36041516
34146	0.36023939
34147	0.36029920
34148	0.36066797
34149	0.36142132
34150	0.36263642
34151	0.36439383
34152	0.36677736
34153	0.36987603
34154	0.37378514
34155	0.37860748
34156	0.38445580
34157	0.39145473
34158	0.39974362
34159	0.40948007
34160	0.42084685
34161	0.43406036
34162	0.44938448
34163	0.46715552
34164	0.48781738
34165	0.51198357
34166	0.54053694
34167	0.57480699
34168	0.61688387
34169	0.67023301
34170	0.74099183
34171	0.84104323
34172	0.99659383
34173	1.27859414
34174	NaN
34175	NaN
34176	NaN
34177	NaN
34178	NaN
34179	NaN
34180	NaN
34181	NaN
34182	NaN
34183	NaN
34184	NaN
34185	NaN
34186	NaN
34187	NaN
34188	NaN
34189	NaN
34190	NaN
34191	NaN
34192	NaN
34193	NaN
34194	NaN
34195	NaN
34196	NaN
34197	NaN
34198	NaN
34199	NaN
34200	NaN
34201	NaN
34202	NaN
34203	NaN
34204	NaN
34205	NaN
34206	NaN
34207	NaN
34208	NaN
34209	NaN
34210	NaN
34211	NaN
34212	NaN
34213	NaN
34214	NaN
34215	NaN
34216	NaN
34217	NaN
34218	NaN
34219	NaN
34220	NaN
34221	NaN
34222	NaN
34223	NaN
34224	NaN
34225	NaN
34226	NaN
34227	NaN
34228	NaN
34229	NaN
34230	NaN
34231	NaN
34232	NaN
34233	NaN
34234	NaN
34235	NaN
34236	NaN
34237	NaN
34238	NaN
34239	NaN
34240	NaN
34241	NaN
34242	NaN
34243	NaN
34244	NaN
34245	NaN
34246	NaN
34247	NaN
34248	NaN
34249	NaN
34250	NaN
34251	NaN
34252	NaN
34253	NaN
34254	NaN
34255	NaN
34256	NaN
34257	NaN
34258	NaN
34259	NaN
34260	NaN
34261	NaN
34262	0.90713698
34263	0.45135790
34264	0.35660601
34265	0.31687659
34266	0.29571858
34267	0.28299865
34268	0.27478346
34269	0.26922935
34270	0.26535955
34271	0.26260984
34272	0.26063234
34273	0.25920245
34274	0.25816911
34275	0.25742763
34276	0.25690368
34277	0.25654328
34278	0.25630656
34279	0.25616369
34280	0.25609186
34281	0.25607362
34282	0.25609532
34283	0.25614601
34284	0.25621688
34285	0.25630060
34286	0.25639090
34287	0.25648218
34288	0.25656939
34289	0.25664762
34290	0.25671229
34291	0.25675881
34292	0.25678277
34293	0.25677991
34294	0.25674635
34295	0.25667852
34296	0.25657344
34297	0.25642887
34298	0.25624335
34299	0.25601646
34300	0.25574893
34301	0.25544259
34302	0.25510058
34303	0.25472727
34304	0.25432828
34305	0.25391045
34306	0.25348151
34307	0.25305006
34308	0.25262526
34309	0.25221655
34310	0.25183335
34311	0.25148478
34312	0.25117934
34313	0.25092459
34314	0.25072703
34315	0.25059196
34316	0.25052327
34317	0.25052345
34318	0.25059363
34319	0.25073355
34320	0.25094160
34321	0.25121477
34322	0.25154883
34323	0.25193807
34324	0.25237554
34325	0.25285286
34326	0.25336024
34327	0.25388667
34328	0.25441989
34329	0.25494662
34330	0.25545287
34331	0.25592428
34332	0.25634667
34333	0.25670651
34334	0.25699171
34335	0.25719211
34336	0.25730017
34337	0.25731155
34338	0.25722536
34339	0.25704437
34340	0.25677508
34341	0.25642720
34342	0.25601327
34343	0.25554800
34344	0.25504741
34345	0.25452796
34346	0.25400585
34347	0.25349629
34348	0.25301284
34349	0.25256708
34350	0.25216836
34351	0.25182369
34352	0.25153777
34353	0.25131312
34354	0.25115040
34355	0.25104854
34356	0.25100502
34357	0.25101629
34358	0.25107777
34359	0.25118431
34360	0.25133023
34361	0.25150949
34362	0.25171590
34363	0.25194326
34364	0.25218526
34365	0.25243574
34366	0.25268871
34367	0.25293857
34368	0.25317997
34369	0.25340819
34370	0.25361910
34371	0.25380918
34372	0.25397578
34373	0.25411701
34374	0.25423169
34375	0.25431952
34376	0.25438079
34377	0.25441647
34378	0.25442794
34379	0.25441691
34380	0.25438541
34381	0.25433552
34382	0.25426936
34383	0.25418898
34384	0.25409630
34385	0.25399315
34386	0.25388116
34387	0.25376192
34388	0.25363690
34389	0.25350761
34390	0.25337553
34391	0.25324219
34392	0.25310937
34393	0.25297886
34394	0.25285259
34395	0.25273263
34396	0.25262111
34397	0.25252020
34398	0.25243208
34399	0.25235885
34400	0.25230268
34401	0.25226545
34402	0.25224918
34403	0.25225556
34404	0.25228629
34405	0.25234291
34406	0.25242671
34407	0.25253889
34408	0.25268027
34409	0.25285143
34410	0.25305250
34411	0.25328326
34412	0.25354284
34413	0.25382981
34414	0.25414211
34415	0.25447690
34416	0.25483081
34417	0.25519952
34418	0.25557816
34419	0.25596109
34420	0.25634208
34421	0.25671425
34422	0.25707039
34423	0.25740287
34424	0.25770384
34425	0.25796580
34426	0.25818133
34427	0.25834367
34428	0.25844684
34429	0.25848612
34430	0.25845814
34431	0.25836113
34432	0.25819513
34433	0.25796208
34434	0.25766578
34435	0.25731200
34436	0.25690815
34437	0.25646329
34438	0.25598770
34439	0.25549290
34440	0.25499094
34441	0.25449452
34442	0.25401649
34443	0.25356963
34444	0.25316629
34445	0.25281823
34446	0.25253639
34447	0.25233054
34448	0.25220919
34449	0.25217918
34450	0.25224563
34451	0.25241163
34452	0.25267792
34453	0.25304267
34454	0.25350145
34455	0.25404668
34456	0.25466794
34457	0.25535163
34458	0.25608131
34459	0.25683799
34460	0.25760052
34461	0.25834626
34462	0.25905210
34463	0.25969511
34464	0.26025388
34465	0.26070938
34466	0.26104581
34467	0.26125151
34468	0.26131925
34469	0.26124653
34470	0.26103556
34471	0.26069283
34472	0.26022884
34473	0.25965732
34474	0.25899479
34475	0.25825974
34476	0.25747234
34477	0.25665396
34478	0.25582683
34479	0.25501415
34480	0.25424016
34481	0.25353047
34482	0.25291240
34483	0.25241616
34484	0.25207505
34485	0.25192729
34486	0.25201696
34487	0.25239515
34488	0.25312227
34489	0.25426853
34490	0.25591600
34491	0.25815991
34492	0.26110902
34493	0.26488572
34494	0.26962689
34495	0.27548257
34496	0.28261590
34497	0.29120606
34498	0.30145139
34499	0.31358173
34500	0.32787716
34501	0.34470305
34502	0.36456621
34503	0.38820618
34504	0.41674846
34505	0.45197615
34506	0.49684650
34507	0.55655730
34508	0.64104968
34509	0.77182865
34510	1.00535703
34511	NaN
34512	NaN
34513	NaN
34514	NaN
34515	NaN
34516	NaN
34517	NaN
34518	NaN
34519	NaN
34520	NaN
34521	NaN
34522	NaN
34523	NaN
34524	NaN
34525	NaN
34526	NaN
34527	NaN
34528	NaN
34529	NaN
34530	NaN
34531	NaN
34532	NaN
34533	NaN
34534	NaN
34535	NaN
34536	NaN
34537	NaN
34538	NaN
34539	NaN
34540	NaN
34541	NaN
34542	NaN
34543	NaN
34544	NaN
34545	NaN
34546	NaN
34547	NaN
34548	NaN
34549	NaN
34550	NaN
34551	NaN
34552	NaN
34553	NaN
34554	NaN
34555	NaN
34556	NaN
34557	NaN
34558	NaN
34559	NaN
34560	NaN
34561	NaN
34562	NaN
34563	NaN
34564	NaN
34565	NaN
34566	NaN
34567	NaN
34568	NaN
34569	NaN
34570	NaN
34571	NaN
34572	NaN
34573	NaN
34574	NaN
34575	NaN
34576	NaN
34577	NaN
34578	NaN
34579	NaN
34580	NaN
34581	NaN
34582	NaN
34583	NaN
34584	NaN
34585	NaN
34586	NaN
34587	NaN
34588	1.67191255
34589	0.69754493
34590	0.52160621
34591	0.44818193
34592	0.40804580
34593	0.38285589
34594	0.36565909
34595	0.35323879
34596	0.34390193
34597	0.33667210
34598	0.33094677
34599	0.32633385
34600	0.32256728
34601	0.31946069
34602	0.31687969
34603	0.31472540
34604	0.31292376
34605	0.31141880
34606	0.31016758
34607	0.30913705
34608	0.30830181
34609	0.30764201
34610	0.30714238
34611	0.30679083
34612	0.30657786
34613	0.30649579
34614	0.30653813
34615	0.30669916
34616	0.30697334
34617	0.30735499
34618	0.30783778
34619	0.30841443
34620	0.30907619
34621	0.30981255
34622	0.31061104
34623	0.31145701
34624	0.31233346
34625	0.31322140
34626	0.31410003
34627	0.31494725
34628	0.31574067
34629	0.31645828
34630	0.31707969
34631	0.31758729
34632	0.31796724
34633	0.31821045
34634	0.31831336
34635	0.31827831
34636	0.31811336
34637	0.31783208
34638	0.31745285
34639	0.31699774
34640	0.31649145
34641	0.31596002
34642	0.31542975
34643	0.31492594
34644	0.31447196
34645	0.31408867
34646	0.31379363
34647	0.31360072
34648	0.31352001
34649	0.31355754
34650	0.31371531
34651	0.31399149
34652	0.31438038
34653	0.31487280
34654	0.31545636
34655	0.31611583
34656	0.31683359
34657	0.31759009
34658	0.31836456
34659	0.31913552
34660	0.31988168
34661	0.32058254
34662	0.32121927
34663	0.32177532
34664	0.32223707
34665	0.32259446
34666	0.32284123
34667	0.32297516
34668	0.32299811
34669	0.32291552
34670	0.32273635
34671	0.32247236
34672	0.32213759
34673	0.32174748
34674	0.32131845
34675	0.32086709
34676	0.32040974
34677	0.31996199
34678	0.31953821
34679	0.31915140
34680	0.31881306
34681	0.31853282
34682	0.31831875
34683	0.31817713
34684	0.31811255
34685	0.31812802
34686	0.31822509
34687	0.31840387
34688	0.31866312
34689	0.31900042
34690	0.31941211
34691	0.31989345
34692	0.32043856
34693	0.32104075
34694	0.32169226
34695	0.32238469
34696	0.32310885
34697	0.32385507
34698	0.32461339
34699	0.32537359
34700	0.32612547
34701	0.32685921
34702	0.32756519
34703	0.32823464
34704	0.32885945
34705	0.32943261
34706	0.32994804
34707	0.33040100
34708	0.33078787
34709	0.33110636
34710	0.33135533
34711	0.33153498
34712	0.33164644
34713	0.33169207
34714	0.33167499
34715	0.33159921
34716	0.33146951
34717	0.33129126
34718	0.33107057
34719	0.33081388
34720	0.33052838
34721	0.33022165
34722	0.32990178
34723	0.32957748
34724	0.32925755
34725	0.32895136
34726	0.32866818
34727	0.32841733
34728	0.32820791
34729	0.32804835
34730	0.32794645
34731	0.32790902
34732	0.32794157
34733	0.32804826
34734	0.32823175
34735	0.32849297
34736	0.32883111
34737	0.32924375
34738	0.32972664
34739	0.33027408
34740	0.33087856
34741	0.33153155
34742	0.33222297
34743	0.33294180
34744	0.33367610
34745	0.33441326
34746	0.33514026
34747	0.33584371
34748	0.33651033
34749	0.33712715
34750	0.33768168
34751	0.33816230
34752	0.33855861
34753	0.33886167
34754	0.33906439
34755	0.33916202
34756	0.33915216
34757	0.33903521
34758	0.33881471
34759	0.33849710
34760	0.33809212
34761	0.33761248
34762	0.33707371
34763	0.33649379
34764	0.33589283
34765	0.33529237
34766	0.33471507
34767	0.33418372
34768	0.33372095
34769	0.33334833
34770	0.33308610
34771	0.33295223
34772	0.33296216
34773	0.33312833
34774	0.33345982
34775	0.33396196
34776	0.33463609
34777	0.33547950
34778	0.33648512
34779	0.33764169
34780	0.33893368
34781	0.34034172
34782	0.34184265
34783	0.34341031
34784	0.34501576
34785	0.34662837
34786	0.34821668
34787	0.34974927
34788	0.35119602
34789	0.35252929
34790	0.35372484
34791	0.35476291
34792	0.35562921
34793	0.35631523
34794	0.35681888
34795	0.35714430
34796	0.35730186
34797	0.35730776
34798	0.35718313
34799	0.35695347
34800	0.35664788
34801	0.35629791
34802	0.35593688
34803	0.35559905
34804	0.35531914
34805	0.35513157
34806	0.35506999
34807	0.35516718
34808	0.35545474
34809	0.35596266
34810	0.35671934
34811	0.35775149
34812	0.35908365
34813	0.36073819
34814	0.36273518
34815	0.36509213
34816	0.36782369
34817	0.37094173
34818	0.37445542
34819	0.37837130
34820	0.38269365
34821	0.38742474
34822	0.39256662
34823	0.39812168
34824	0.40409446
34825	0.41049388
34826	0.41733658
34827	0.42464951
34828	0.43247417
34829	0.44087207
34830	0.44993004
34831	0.45976833
34832	0.47054937
34833	0.48249269
34834	0.49589363
34835	0.51115054
34836	0.52881181
34837	0.54964566
34838	0.57475871
34839	0.60580122
34840	0.64534855
34841	0.69764924
34842	0.77023846
34843	0.87787706
34844	1.05390477
34845	1.39284611
34846	NaN
34847	NaN
34848	NaN
34849	NaN
34850	NaN
34851	NaN
34852	NaN
34853	NaN
34854	NaN
34855	NaN
34856	NaN
34857	NaN
34858	NaN
34859	NaN
34860	NaN
34861	NaN
34862	NaN
34863	NaN
34864	NaN
34865	NaN
34866	NaN
34867	NaN
34868	NaN
34869	NaN
34870	NaN
34871	NaN
34872	NaN
34873	NaN
34874	NaN
34875	NaN
34876	NaN
34877	NaN
34878	NaN
34879	NaN
34880	NaN
34881	NaN
34882	NaN
34883	NaN
34884	NaN
34885	NaN
34886	NaN
34887	NaN
34888	NaN
34889	NaN
34890	NaN
34891	NaN
34892	NaN
34893	NaN
34894	NaN
34895	NaN
34896	NaN
34897	NaN
34898	NaN
34899	NaN
34900	NaN
34901	NaN
34902	NaN
34903	NaN
34904	NaN
34905	NaN
34906	NaN
34907	NaN
34908	NaN
34909	NaN
34910	NaN
34911	NaN
34912	NaN
34913	NaN
34914	NaN
34915	NaN
34916	0.55622584
34917	0.41386285
34918	0.36157435
34919	0.33469784
34920	0.31853843
34921	0.30791351
34922	0.30052382
34923	0.29519099
34924	0.29124728
34925	0.28828487
34926	0.28604001
34927	0.28433400
34928	0.28304139
34929	0.28207102
34930	0.28135532
34931	0.28084263
34932	0.28049296
34933	0.28027466
34934	0.28016227
34935	0.28013507
34936	0.28017586
34937	0.28027028
34938	0.28040600
34939	0.28057241
34940	0.28076014
34941	0.28096083
34942	0.28116667
34943	0.28137043
34944	0.28156519
34945	0.28174421
34946	0.28190082
34947	0.28202865
34948	0.28212127
34949	0.28217256
34950	0.28217679
34951	0.28212872
34952	0.28202388
34953	0.28185880
34954	0.28163132
34955	0.28134096
34956	0.28098914
34957	0.28057939
34958	0.28011772
34959	0.27961248
34960	0.27907443
34961	0.27851653
34962	0.27795357
34963	0.27740169
34964	0.27687785
34965	0.27639911
34966	0.27598208
34967	0.27564213
34968	0.27539286
34969	0.27524564
34970	0.27520931
34971	0.27528986
34972	0.27549025
34973	0.27581045
34974	0.27624762
34975	0.27679583
34976	0.27744657
34977	0.27818868
34978	0.27900854
34979	0.27989024
34980	0.28081599
34981	0.28176600
34982	0.28271919
34983	0.28365335
34984	0.28454569
34985	0.28537345
34986	0.28611457
34987	0.28674853
34988	0.28725728
34989	0.28762582
34990	0.28784329
34991	0.28790334
34992	0.28780493
34993	0.28755215
34994	0.28715438
34995	0.28662589
34996	0.28598508
34997	0.28525373
34998	0.28445584
34999	0.28361666
35000	0.28276154
35001	0.28191477
35002	0.28109893
35003	0.28033403
35004	0.27963698
35005	0.27902144
35006	0.27849746
35007	0.27807152
35008	0.27774683
35009	0.27752334
35010	0.27739823
35011	0.27736604
35012	0.27741927
35013	0.27754852
35014	0.27774313
35015	0.27799138
35016	0.27828106
35017	0.27859962
35018	0.27893475
35019	0.27927452
35020	0.27960789
35021	0.27992475
35022	0.28021634
35023	0.28047541
35024	0.28069615
35025	0.28087455
35026	0.28100824
35027	0.28109652
35028	0.28114024
35029	0.28114161
35030	0.28110409
35031	0.28103212
35032	0.28093088
35033	0.28080592
35034	0.28066295
35035	0.28050771
35036	0.28034547
35037	0.28018099
35038	0.28001836
35039	0.27986100
35040	0.27971157
35041	0.27957198
35042	0.27944344
35043	0.27932665
35044	0.27922174
35045	0.27912843
35046	0.27904621
35047	0.27897418
35048	0.27891132
35049	0.27885652
35050	0.27880853
35051	0.27876630
35052	0.27872875
35053	0.27869526
35054	0.27866548
35055	0.27863964
35056	0.27861860
35057	0.27860391
35058	0.27859777
35059	0.27860317
35060	0.27862361
35061	0.27866307
35062	0.27872580
35063	0.27881598
35064	0.27893767
35065	0.27909443
35066	0.27928913
35067	0.27952352
35068	0.27979854
35069	0.28011364
35070	0.28046694
35071	0.28085509
35072	0.28127337
35073	0.28171551
35074	0.28217393
35075	0.28263977
35076	0.28310305
35077	0.28355283
35078	0.28397754
35079	0.28436524
35080	0.28470406
35081	0.28498253
35082	0.28519008
35083	0.28531760
35084	0.28535780
35085	0.28530574
35086	0.28515911
35087	0.28491876
35088	0.28458843
35089	0.28417519
35090	0.28368911
35091	0.28314310
35092	0.28255233
35093	0.28193405
35094	0.28130698
35095	0.28069070
35096	0.28010505
35097	0.27956986
35098	0.27910417
35099	0.27872586
35100	0.27845129
35101	0.27829498
35102	0.27826911
35103	0.27838352
35104	0.27864519
35105	0.27905819
35106	0.27962327
35107	0.28033760
35108	0.28119457
35109	0.28218341
35110	0.28328925
35111	0.28449273
35112	0.28577036
35113	0.28709477
35114	0.28843522
35115	0.28975841
35116	0.29102978
35117	0.29221466
35118	0.29327983
35119	0.29419529
35120	0.29493541
35121	0.29548040
35122	0.29581720
35123	0.29593998
35124	0.29585043
35125	0.29555708
35126	0.29507494
35127	0.29442447
35128	0.29363075
35129	0.29272217
35130	0.29172996
35131	0.29068747
35132	0.28962937
35133	0.28859219
35134	0.28761408
35135	0.28673542
35136	0.28599963
35137	0.28545380
35138	0.28515068
35139	0.28514954
35140	0.28551838
35141	0.28633544
35142	0.28769171
35143	0.28969279
35144	0.29246089
35145	0.29613790
35146	0.30088645
35147	0.30689237
35148	0.31436649
35149	0.32354775
35150	0.33470684
35151	0.34815624
35152	0.36426547
35153	0.38349098
35154	0.40642738
35155	0.43389368
35156	0.46708587
35157	0.50784099
35158	0.55913371
35159	0.62607938
35160	0.71817517
35161	0.85508406
35162	1.08481300
35163	1.56285250
35164	NaN
35165	NaN
35166	NaN
35167	NaN
35168	NaN
35169	NaN
35170	NaN
35171	NaN
35172	NaN
35173	NaN
35174	NaN
35175	NaN
35176	NaN
35177	NaN
35178	NaN
35179	NaN
35180	NaN
35181	NaN
35182	NaN
35183	NaN
35184	NaN
35185	NaN
35186	NaN
35187	NaN
35188	NaN
35189	NaN
35190	NaN
35191	NaN
35192	NaN
35193	NaN
35194	NaN
35195	NaN
35196	NaN
35197	NaN
35198	NaN
35199	NaN
35200	NaN
35201	NaN
35202	NaN
35203	NaN
35204	NaN
35205	NaN
35206	NaN
35207	NaN
35208	NaN
35209	NaN
35210	NaN
35211	NaN
35212	NaN
35213	NaN
35214	NaN
35215	NaN
35216	NaN
35217	NaN
35218	NaN
35219	NaN
35220	NaN
35221	NaN
35222	NaN
35223	NaN
35224	NaN
35225	NaN
35226	NaN
35227	NaN
35228	NaN
35229	NaN
35230	NaN
35231	NaN
35232	NaN
35233	NaN
35234	NaN
35235	NaN
35236	NaN
35237	NaN
35238	NaN
35239	NaN
35240	NaN
35241	NaN
35242	NaN
35243	NaN
35244	NaN
35245	NaN
35246	0.85891414
35247	0.56507242
35248	0.46397224
35249	0.41325101
35250	0.38305157
35251	0.36321607
35252	0.34933773
35253	0.33919436
35254	0.33154297
35255	0.32563415
35256	0.32098892
35257	0.31728694
35258	0.31430620
35259	0.31188798
35260	0.30991638
35261	0.30830473
35262	0.30698735
35263	0.30591378
35264	0.30504498
35265	0.30435026
35266	0.30380562
35267	0.30339214
35268	0.30309483
35269	0.30290192
35270	0.30280399
35271	0.30279362
35272	0.30286473
35273	0.30301225
35274	0.30323169
35275	0.30351871
35276	0.30386883
35277	0.30427688
35278	0.30473694
35279	0.30524170
35280	0.30578241
35281	0.30634874
35282	0.30692863
35283	0.30750853
35284	0.30807352
35285	0.30860782
35286	0.30909535
35287	0.30952048
35288	0.30986884
35289	0.31012806
35290	0.31028870
35291	0.31034496
35292	0.31029510
35293	0.31014183
35294	0.30989227
35295	0.30955771
35296	0.30915305
35297	0.30869612
35298	0.30820680
35299	0.30770594
35300	0.30721477
35301	0.30675352
35302	0.30634102
35303	0.30599383
35304	0.30572572
35305	0.30554742
35306	0.30546603
35307	0.30548534
35308	0.30560547
35309	0.30582297
35310	0.30613112
35311	0.30652016
35312	0.30697751
35313	0.30748832
35314	0.30803588
35315	0.30860239
35316	0.30916920
35317	0.30971792
35318	0.31023088
35319	0.31069186
35320	0.31108674
35321	0.31140402
35322	0.31163514
35323	0.31177494
35324	0.31182143
35325	0.31177607
35326	0.31164330
35327	0.31143028
35328	0.31114650
35329	0.31080323
35330	0.31041306
35331	0.30998942
35332	0.30954608
35333	0.30909675
35334	0.30865484
35335	0.30823299
35336	0.30784294
35337	0.30749527
35338	0.30719936
35339	0.30696315
35340	0.30679321
35341	0.30669466
35342	0.30667114
35343	0.30672494
35344	0.30685690
35345	0.30706671
35346	0.30735272
35347	0.30771217
35348	0.30814129
35349	0.30863535
35350	0.30918866
35351	0.30979469
35352	0.31044638
35353	0.31113586
35354	0.31185493
35355	0.31259492
35356	0.31334701
35357	0.31410229
35358	0.31485188
35359	0.31558701
35360	0.31629941
35361	0.31698114
35362	0.31762472
35363	0.31822360
35364	0.31877163
35365	0.31926370
35366	0.31969541
35367	0.32006335
35368	0.32036501
35369	0.32059878
35370	0.32076406
35371	0.32086119
35372	0.32089150
35373	0.32085723
35374	0.32076171
35375	0.32060918
35376	0.32040492
35377	0.32015526
35378	0.31986752
35379	0.31955004
35380	0.31921205
35381	0.31886375
35382	0.31851590
35383	0.31817985
35384	0.31786710
35385	0.31758919
35386	0.31735727
35387	0.31718177
35388	0.31707227
35389	0.31703719
35390	0.31708339
35391	0.31721631
35392	0.31743965
35393	0.31775546
35394	0.31816396
35395	0.31866372
35396	0.31925157
35397	0.31992251
35398	0.32066992
35399	0.32148546
35400	0.32235903
35401	0.32327896
35402	0.32423192
35403	0.32520306
35404	0.32617640
35405	0.32713488
35406	0.32806075
35407	0.32893607
35408	0.32974318
35409	0.33046523
35410	0.33108690
35411	0.33159482
35412	0.33197826
35413	0.33222973
35414	0.33234540
35415	0.33232543
35416	0.33217424
35417	0.33190057
35418	0.33151746
35419	0.33104184
35420	0.33049440
35421	0.32989874
35422	0.32928094
35423	0.32866865
35424	0.32809049
35425	0.32757506
35426	0.32715032
35427	0.32684261
35428	0.32667628
35429	0.32667282
35430	0.32685032
35431	0.32722321
35432	0.32780156
35433	0.32859093
35434	0.32959199
35435	0.33080009
35436	0.33220512
35437	0.33379140
35438	0.33553740
35439	0.33741593
35440	0.33939439
35441	0.34143513
35442	0.34349632
35443	0.34553286
35444	0.34749785
35445	0.34934419
35446	0.35102636
35447	0.35250261
35448	0.35373670
35449	0.35470003
35450	0.35537302
35451	0.35574660
35452	0.35582227
35453	0.35561275
35454	0.35514128
35455	0.35444048
35456	0.35355127
35457	0.35252073
35458	0.35140097
35459	0.35024709
35460	0.34911573
35461	0.34806398
35462	0.34714833
35463	0.34642407
35464	0.34594476
35465	0.34576258
35466	0.34592748
35467	0.34648812
35468	0.34749138
35469	0.34898242
35470	0.35100502
35471	0.35360098
35472	0.35680997
35473	0.36066929
35474	0.36521325
35475	0.37047273
35476	0.37647560
35477	0.38324699
35478	0.39081016
35479	0.39919055
35480	0.40842021
35481	0.41854644
35482	0.42964259
35483	0.44182584
35484	0.45528039
35485	0.47029015
35486	0.48728889
35487	0.50693542
35488	0.53024215
35489	0.55879474
35490	0.59518307
35491	0.64389533
35492	0.71340400
35493	0.82183349
35494	1.01619625
35495	NaN
35496	NaN
35497	NaN
35498	NaN
35499	NaN
35500	NaN
35501	NaN
35502	NaN
35503	NaN
35504	NaN
35505	NaN
35506	NaN
35507	NaN
35508	NaN
35509	NaN
35510	NaN
35511	NaN
35512	NaN
35513	NaN
35514	NaN
35515	NaN
35516	NaN
35517	NaN
35518	NaN
35519	NaN
35520	NaN
35521	NaN
35522	NaN
35523	NaN
35524	NaN
35525	NaN
35526	NaN
35527	NaN
35528	NaN
35529	NaN
35530	NaN
35531	NaN
35532	NaN
35533	NaN
35534	NaN
35535	NaN
35536	NaN
35537	NaN
35538	NaN
35539	NaN
35540	NaN
35541	NaN
35542	NaN
35543	NaN
35544	NaN
35545	NaN
35546	NaN
35547	NaN
35548	NaN
35549	NaN
35550	NaN
35551	NaN
35552	NaN
35553	NaN
35554	NaN
35555	NaN
35556	NaN
35557	NaN
35558	NaN
35559	NaN
35560	NaN
35561	NaN
35562	NaN
35563	NaN
35564	NaN
35565	NaN
35566	NaN
35567	NaN
35568	NaN
35569	NaN
35570	NaN
35571	NaN
35572	NaN
35573	NaN
35574	NaN
35575	NaN
35576	NaN
35577	NaN
35578	NaN
35579	NaN
35580	NaN
35581	NaN
35582	NaN
35583	NaN
35584	NaN
35585	0.44847348
35586	0.31612003
35587	0.27402732
35588	0.25422657
35589	0.24324626
35590	0.23661484
35591	0.23242164
35592	0.22971471
35593	0.22796734
35594	0.22686544
35595	0.22621071
35596	0.22587249
35597	0.22576146
35598	0.22581501
35599	0.22598812
35600	0.22624773
35601	0.22656925
35602	0.22693387
35603	0.22732699
35604	0.22773708
35605	0.22815464
35606	0.22857174
35607	0.22898139
35608	0.22937727
35609	0.22975343
35610	0.23010421
35611	0.23042397
35612	0.23070726
35613	0.23094875
35614	0.23114334
35615	0.23128630
35616	0.23137347
35617	0.23140143
35618	0.23136763
35619	0.23127078
35620	0.23111090
35621	0.23088960
35622	0.23061025
35623	0.23027800
35624	0.22989993
35625	0.22948486
35626	0.22904332
35627	0.22858723
35628	0.22812951
35629	0.22768378
35630	0.22726384
35631	0.22688322
35632	0.22655460
35633	0.22628964
35634	0.22609831
35635	0.22598884
35636	0.22596727
35637	0.22603752
35638	0.22620118
35639	0.22645764
35640	0.22680412
35641	0.22723573
35642	0.22774579
35643	0.22832568
35644	0.22896521
35645	0.22965263
35646	0.23037480
35647	0.23111734
35648	0.23186481
35649	0.23260091
35650	0.23330894
35651	0.23397215
35652	0.23457429
35653	0.23510022
35654	0.23553661
35655	0.23587248
35656	0.23610003
35657	0.23621494
35658	0.23621672
35659	0.23610894
35660	0.23589896
35661	0.23559758
35662	0.23521850
35663	0.23477751
35664	0.23429167
35665	0.23377849
35666	0.23325497
35667	0.23273702
35668	0.23223883
35669	0.23177245
35670	0.23134769
35671	0.23097186
35672	0.23064990
35673	0.23038468
35674	0.23017696
35675	0.23002593
35676	0.22992939
35677	0.22988403
35678	0.22988573
35679	0.22992976
35680	0.23001112
35681	0.23012458
35682	0.23026490
35683	0.23042691
35684	0.23060557
35685	0.23079614
35686	0.23099408
35687	0.23119514
35688	0.23139542
35689	0.23159128
35690	0.23177963
35691	0.23195757
35692	0.23212278
35693	0.23227333
35694	0.23240779
35695	0.23252520
35696	0.23262502
35697	0.23270719
35698	0.23277195
35699	0.23281989
35700	0.23285173
35701	0.23286840
35702	0.23287083
35703	0.23285989
35704	0.23283646
35705	0.23280136
35706	0.23275539
35707	0.23269935
35708	0.23263414
35709	0.23256078
35710	0.23248053
35711	0.23239484
35712	0.23230539
35713	0.23221408
35714	0.23212297
35715	0.23203424
35716	0.23195012
35717	0.23187272
35718	0.23180415
35719	0.23174635
35720	0.23170106
35721	0.23166992
35722	0.23165441
35723	0.23165591
35724	0.23167565
35725	0.23171486
35726	0.23177469
35727	0.23185612
35728	0.23196016
35729	0.23208758
35730	0.23223901
35731	0.23241481
35732	0.23261511
35733	0.23283951
35734	0.23308724
35735	0.23335692
35736	0.23364657
35737	0.23395348
35738	0.23427412
35739	0.23460421
35740	0.23493858
35741	0.23527136
35742	0.23559573
35743	0.23590431
35744	0.23618905
35745	0.23644158
35746	0.23665334
35747	0.23681583
35748	0.23692100
35749	0.23696153
35750	0.23693115
35751	0.23682509
35752	0.23664035
35753	0.23637596
35754	0.23603323
35755	0.23561592
35756	0.23513028
35757	0.23458487
35758	0.23399061
35759	0.23336028
35760	0.23270839
35761	0.23205069
35762	0.23140374
35763	0.23078464
35764	0.23021060
35765	0.22969861
35766	0.22926517
35767	0.22892615
35768	0.22869639
35769	0.22858970
35770	0.22861859
35771	0.22879416
35772	0.22912553
35773	0.22961982
35774	0.23028155
35775	0.23111215
35776	0.23210952
35777	0.23326707
35778	0.23457372
35779	0.23601298
35780	0.23756263
35781	0.23919503
35782	0.24087727
35783	0.24257180
35784	0.24423802
35785	0.24583361
35786	0.24731681
35787	0.24864845
35788	0.24979405
35789	0.25072578
35790	0.25142369
35791	0.25187612
35792	0.25208011
35793	0.25204057
35794	0.25176910
35795	0.25128284
35796	0.25060314
35797	0.24975413
35798	0.24876170
35799	0.24765325
35800	0.24645713
35801	0.24520320
35802	0.24392387
35803	0.24265522
35804	0.24143979
35805	0.24032973
35806	0.23939081
35807	0.23870856
35808	0.23839685
35809	0.23860699
35810	0.23954301
35811	0.24148056
35812	0.24479097
35813	0.24997628
35814	0.25771260
35815	0.26891202
35816	0.28480718
35817	0.30707473
35818	0.33803627
35819	0.38100263
35820	0.44093692
35821	0.52585232
35822	0.65009999
35823	0.84314978
35824	NaN
35825	NaN
35826	NaN
35827	NaN
35828	NaN
35829	NaN
35830	NaN
35831	NaN
35832	NaN
35833	NaN
35834	NaN
35835	NaN
35836	NaN
35837	NaN
35838	NaN
35839	NaN
35840	NaN
35841	NaN
35842	NaN
35843	NaN
35844	NaN
35845	NaN
35846	NaN
35847	NaN
35848	NaN
35849	NaN
35850	NaN
35851	NaN
35852	NaN
35853	NaN
35854	NaN
35855	NaN
35856	NaN
35857	NaN
35858	NaN
35859	NaN
35860	NaN
35861	NaN
35862	NaN
35863	NaN
35864	NaN
35865	NaN
35866	NaN
35867	NaN
35868	NaN
35869	NaN
35870	NaN
35871	NaN
35872	NaN
35873	NaN
35874	NaN
35875	NaN
35876	NaN
35877	NaN
35878	NaN
35879	NaN
35880	NaN
35881	NaN
35882	NaN
35883	NaN
35884	NaN
35885	NaN
35886	NaN
35887	NaN
35888	NaN
35889	NaN
35890	NaN
35891	NaN
35892	NaN
35893	NaN
35894	NaN
35895	NaN
35896	NaN
35897	NaN
35898	NaN
35899	NaN
35900	NaN
35901	NaN
35902	NaN
35903	NaN
35904	NaN
35905	NaN
35906	NaN
35907	NaN
35908	NaN
35909	NaN
35910	0.67767960
35911	0.48326972
35912	0.41297233
35913	0.37666532
35914	0.35452217
35915	0.33965138
35916	0.32902336
35917	0.32109573
35918	0.31499857
35919	0.31020293
35920	0.30636796
35921	0.30326381
35922	0.30072930
35923	0.29864794
35924	0.29693356
35925	0.29552093
35926	0.29436001
35927	0.29341191
35928	0.29264629
35929	0.29203933
35930	0.29157254
35931	0.29123142
35932	0.29100505
35933	0.29088527
35934	0.29086596
35935	0.29094294
35936	0.29111311
35937	0.29137433
35938	0.29172474
35939	0.29216248
35940	0.29268500
35941	0.29328883
35942	0.29396880
35943	0.29471788
35944	0.29552662
35945	0.29638302
35946	0.29727226
35947	0.29817691
35948	0.29907727
35949	0.29995170
35950	0.30077773
35951	0.30153289
35952	0.30219585
35953	0.30274773
35954	0.30317327
35955	0.30346194
35956	0.30360869
35957	0.30361426
35958	0.30348542
35959	0.30323455
35960	0.30287880
35961	0.30243900
35962	0.30193874
35963	0.30140263
35964	0.30085552
35965	0.30032110
35966	0.29982111
35967	0.29937455
35968	0.29899734
35969	0.29870185
35970	0.29849690
35971	0.29838780
35972	0.29837641
35973	0.29846132
35974	0.29863825
35975	0.29890019
35976	0.29923779
35977	0.29963955
35978	0.30009252
35979	0.30058226
35980	0.30109355
35981	0.30161074
35982	0.30211824
35983	0.30260104
35984	0.30304530
35985	0.30343869
35986	0.30377096
35987	0.30403420
35988	0.30422324
35989	0.30433562
35990	0.30437168
35991	0.30433434
35992	0.30422872
35993	0.30406216
35994	0.30384329
35995	0.30358201
35996	0.30328888
35997	0.30297476
35998	0.30265048
35999	0.30232668
36000	0.30201337
36001	0.30172002
36002	0.30145529
36003	0.30122703
36004	0.30104220
36005	0.30090690
36006	0.30082628
36007	0.30080462
36008	0.30084518
36009	0.30095035
36010	0.30112129
36011	0.30135831
36012	0.30166036
36013	0.30202529
36014	0.30244979
36015	0.30292931
36016	0.30345833
36017	0.30403030
36018	0.30463788
36019	0.30527300
36020	0.30592719
36021	0.30659166
36022	0.30725744
36023	0.30791557
36024	0.30855724
36025	0.30917397
36026	0.30975756
36027	0.31030026
36028	0.31079507
36029	0.31123549
36030	0.31161594
36031	0.31193167
36032	0.31217906
36033	0.31235552
36034	0.31245977
36035	0.31249177
36036	0.31245282
36037	0.31234559
36038	0.31217396
36039	0.31194323
36040	0.31165975
36041	0.31133124
36042	0.31096628
36043	0.31057453
36044	0.31016648
36045	0.30975321
36046	0.30934644
36047	0.30895823
36048	0.30860063
36049	0.30828568
36050	0.30802494
36051	0.30782941
36052	0.30770904
36053	0.30767259
36054	0.30772740
36055	0.30787912
36056	0.30813152
36057	0.30848646
36058	0.30894372
36059	0.30950105
36060	0.31015405
36061	0.31089634
36062	0.31171969
36063	0.31261402
36064	0.31356746
36065	0.31456679
36066	0.31559739
36067	0.31664345
36068	0.31768838
36069	0.31871498
36070	0.31970578
36071	0.32064331
36072	0.32151061
36073	0.32229158
36074	0.32297146
36075	0.32353735
36076	0.32397860
36077	0.32428741
36078	0.32445925
36079	0.32449320
36080	0.32439226
36081	0.32416353
36082	0.32381815
36083	0.32337132
36084	0.32284164
36085	0.32225099
36086	0.32162362
36087	0.32098570
36088	0.32036433
36089	0.31978682
36090	0.31928006
36091	0.31886971
36092	0.31857964
36093	0.31843126
36094	0.31844330
36095	0.31863123
36096	0.31900695
36097	0.31957856
36098	0.32034987
36099	0.32132038
36100	0.32248482
36101	0.32383308
36102	0.32534993
36103	0.32701510
36104	0.32880330
36105	0.33068457
36106	0.33262488
36107	0.33458674
36108	0.33653048
36109	0.33841532
36110	0.34020111
36111	0.34184977
36112	0.34332693
36113	0.34460375
36114	0.34565794
36115	0.34647533
36116	0.34705022
36117	0.34738588
36118	0.34749448
36119	0.34739673
36120	0.34712106
36121	0.34670272
36122	0.34618270
36123	0.34560683
36124	0.34502444
36125	0.34448746
36126	0.34404954
36127	0.34376571
36128	0.34369102
36129	0.34388089
36130	0.34439030
36131	0.34527406
36132	0.34658614
36133	0.34838021
36134	0.35070938
36135	0.35362601
36136	0.35718200
36137	0.36142814
36138	0.36641452
36139	0.37218973
36140	0.37880105
36141	0.38629428
36142	0.39471525
36143	0.40411046
36144	0.41453049
36145	0.42603537
36146	0.43870124
36147	0.45263276
36148	0.46797881
36149	0.48495734
36150	0.50389165
36151	0.52526337
36152	0.54980057
36153	0.57862288
36154	0.61349654
36155	0.65732080
36156	0.71514386
36157	0.79650921
36158	0.92177480
36159	1.14335895
36160	1.64963555
36161	NaN
36162	NaN
36163	NaN
36164	NaN
36165	NaN
36166	NaN
36167	NaN
36168	NaN
36169	NaN
36170	NaN
36171	NaN
36172	NaN
36173	NaN
36174	NaN
36175	NaN
36176	NaN
36177	NaN
36178	NaN
36179	NaN
36180	NaN
36181	NaN
36182	NaN
36183	NaN
36184	NaN
36185	NaN
36186	NaN
36187	NaN
36188	NaN
36189	NaN
36190	NaN
36191	NaN
36192	NaN
36193	NaN
36194	NaN
36195	NaN
36196	NaN
36197	NaN
36198	NaN
36199	NaN
36200	NaN
36201	NaN
36202	NaN
36203	NaN
36204	NaN
36205	NaN
36206	NaN
36207	NaN
36208	NaN
36209	NaN
36210	NaN
36211	NaN
36212	NaN
36213	NaN
36214	NaN
36215	NaN
36216	NaN
36217	NaN
36218	NaN
36219	NaN
36220	NaN
36221	NaN
36222	NaN
36223	NaN
36224	NaN
36225	NaN
36226	NaN
36227	NaN
36228	NaN
36229	NaN
36230	NaN
36231	NaN
36232	NaN
36233	NaN
36234	NaN
36235	NaN
36236	NaN
36237	NaN
36238	NaN
36239	NaN
36240	NaN
36241	NaN
36242	NaN
36243	NaN
36244	NaN
36245	NaN
36246	NaN
36247	NaN
36248	0.68222022
36249	0.43107125
36250	0.36076897
36251	0.32898486
36252	0.31159443
36253	0.30107102
36254	0.29431126
36255	0.28980649
36256	0.28673792
36257	0.28462520
36258	0.28317004
36259	0.28217861
36260	0.28152081
36261	0.28110686
36262	0.28087330
36263	0.28077474
36264	0.28077796
36265	0.28085849
36266	0.28099793
36267	0.28118250
36268	0.28140154
36269	0.28164682
36270	0.28191170
36271	0.28219077
36272	0.28247947
36273	0.28277346
36274	0.28306884
36275	0.28336149
36276	0.28364721
36277	0.28392139
36278	0.28417915
36279	0.28441513
36280	0.28462353
36281	0.28479847
36282	0.28493372
36283	0.28502315
36284	0.28506085
36285	0.28504154
36286	0.28496069
36287	0.28481486
36288	0.28460231
36289	0.28432298
36290	0.28397897
36291	0.28357476
36292	0.28311744
36293	0.28261650
36294	0.28208387
36295	0.28153357
36296	0.28098133
36297	0.28044397
36298	0.27993864
36299	0.27948236
36300	0.27909109
36301	0.27877924
36302	0.27855909
36303	0.27844054
36304	0.27843067
36305	0.27853373
36306	0.27875108
36307	0.27908126
36308	0.27951995
36309	0.28006011
36310	0.28069201
36311	0.28140336
36312	0.28217924
36313	0.28300241
36314	0.28385341
36315	0.28471094
36316	0.28555217
36317	0.28635344
36318	0.28709090
36319	0.28774157
36320	0.28828415
36321	0.28870013
36322	0.28897485
36323	0.28909829
36324	0.28906584
36325	0.28887841
36326	0.28854290
36327	0.28807139
36328	0.28748086
36329	0.28679201
36330	0.28602833
36331	0.28521475
36332	0.28437647
36333	0.28353795
36334	0.28272209
36335	0.28194910
36336	0.28123656
36337	0.28059864
36338	0.28004619
36339	0.27958676
36340	0.27922466
36341	0.27896127
36342	0.27879512
36343	0.27872249
36344	0.27873752
36345	0.27883261
36346	0.27899891
36347	0.27922645
36348	0.27950460
36349	0.27982241
36350	0.28016883
36351	0.28053299
36352	0.28090456
36353	0.28127387
36354	0.28163213
36355	0.28197166
36356	0.28228608
36357	0.28257027
36358	0.28282055
36359	0.28303468
36360	0.28321171
36361	0.28335196
36362	0.28345671
36363	0.28352833
36364	0.28356972
36365	0.28358430
36366	0.28357574
36367	0.28354785
36368	0.28350434
36369	0.28344861
36370	0.28338382
36371	0.28331262
36372	0.28323731
36373	0.28315970
36374	0.28308108
36375	0.28300235
36376	0.28292397
36377	0.28284606
36378	0.28276858
36379	0.28269115
36380	0.28261352
36381	0.28253540
36382	0.28245673
36383	0.28237772
36384	0.28229922
36385	0.28222254
36386	0.28214964
36387	0.28208324
36388	0.28202668
36389	0.28198397
36390	0.28195947
36391	0.28195795
36392	0.28198418
36393	0.28204268
36394	0.28213754
36395	0.28227201
36396	0.28244844
36397	0.28266773
36398	0.28292936
36399	0.28323132
36400	0.28356960
36401	0.28393829
36402	0.28432953
36403	0.28473336
36404	0.28513768
36405	0.28552839
36406	0.28588957
36407	0.28620344
36408	0.28645107
36409	0.28661248
36410	0.28666753
36411	0.28659624
36412	0.28638008
36413	0.28600237
36414	0.28544962
36415	0.28471237
36416	0.28378609
36417	0.28267211
36418	0.28137839
36419	0.27991992
36420	0.27831897
36421	0.27660513
36422	0.27481472
36423	0.27299005
36424	0.27117810
36425	0.26942903
36426	0.26779440
36427	0.26632485
36428	0.26506820
36429	0.26406723
36430	0.26335797
36431	0.26296848
36432	0.26291806
36433	0.26321736
36434	0.26386854
36435	0.26486602
36436	0.26619714
36437	0.26784292
36438	0.26977849
36439	0.27197373
36440	0.27439332
36441	0.27699727
36442	0.27974078
36443	0.28257462
36444	0.28544548
36445	0.28829652
36446	0.29106835
36447	0.29370040
36448	0.29613248
36449	0.29830697
36450	0.30017084
36451	0.30167806
36452	0.30279174
36453	0.30348554
36454	0.30374506
36455	0.30356815
36456	0.30296463
36457	0.30195513
36458	0.30056989
36459	0.29884678
36460	0.29682907
36461	0.29456404
36462	0.29210097
36463	0.28949010
36464	0.28678164
36465	0.28402573
36466	0.28127223
36467	0.27857146
36468	0.27597511
36469	0.27353764
36470	0.27131832
36471	0.26938292
36472	0.26780692
36473	0.26667818
36474	0.26610002
36475	0.26619440
36476	0.26710531
36477	0.26900080
36478	0.27207404
36479	0.27654389
36480	0.28265142
36481	0.29065621
36482	0.30083093
36483	0.31345579
36484	0.32882059
36485	0.34723333
36486	0.36904803
36487	0.39471975
36488	0.42490005
36489	0.46059346
36490	0.50342882
36491	0.55614883
36492	0.62357044
36493	0.71472579
36494	0.84833580
36495	1.06995595
36496	NaN
36497	NaN
36498	NaN
36499	NaN
36500	NaN
36501	NaN
36502	NaN
36503	NaN
36504	NaN
36505	NaN
36506	NaN
36507	NaN
36508	NaN
36509	NaN
36510	NaN
36511	NaN
36512	NaN
36513	NaN
36514	NaN
36515	NaN
36516	NaN
36517	NaN
36518	NaN
36519	NaN
36520	NaN
36521	NaN
36522	NaN
36523	NaN
36524	NaN
36525	NaN
36526	NaN
36527	NaN
36528	NaN
36529	NaN
36530	NaN
36531	NaN
36532	NaN
36533	NaN
36534	NaN
36535	NaN
36536	NaN
36537	NaN
36538	NaN
36539	NaN
36540	NaN
36541	NaN
36542	NaN
36543	NaN
36544	NaN
36545	NaN
36546	NaN
36547	NaN
36548	NaN
36549	NaN
36550	NaN
36551	NaN
36552	NaN
36553	NaN
36554	NaN
36555	NaN
36556	NaN
36557	NaN
36558	NaN
36559	NaN
36560	NaN
36561	NaN
36562	NaN
36563	NaN
36564	NaN
36565	NaN
36566	NaN
36567	NaN
36568	NaN
36569	NaN
36570	NaN
36571	NaN
36572	NaN
36573	NaN
36574	NaN
36575	NaN
36576	NaN
36577	NaN
36578	1.48503649
36579	0.70146185
36580	0.53136975
36581	0.45773688
36582	0.41708207
36583	0.39159280
36584	0.37431592
36585	0.36197612
36586	0.35282785
36587	0.34585574
36588	0.34042904
36589	0.33613557
36590	0.33269504
36591	0.32991043
36592	0.32763988
36593	0.32577872
36594	0.32424879
36595	0.32299086
36596	0.32195938
36597	0.32111946
36598	0.32044396
36599	0.31991190
36600	0.31950685
36601	0.31921622
36602	0.31903005
36603	0.31894064
36604	0.31894177
36605	0.31902826
36606	0.31919545
36607	0.31943890
36608	0.31975371
36609	0.32013419
36610	0.32057351
36611	0.32106298
36612	0.32159224
36613	0.32214856
36614	0.32271722
36615	0.32328135
36616	0.32382250
36617	0.32432118
36618	0.32475773
36619	0.32511312
36620	0.32537037
36621	0.32551536
36622	0.32553816
36623	0.32543364
36624	0.32520232
36625	0.32485047
36626	0.32438999
36627	0.32383811
36628	0.32321611
36629	0.32254866
36630	0.32186231
36631	0.32118431
36632	0.32054129
36633	0.31995815
36634	0.31945726
36635	0.31905740
36636	0.31877366
36637	0.31861669
36638	0.31859279
36639	0.31870377
36640	0.31894720
36641	0.31931636
36642	0.31980085
36643	0.32038671
36644	0.32105705
36645	0.32179257
36646	0.32257202
36647	0.32337302
36648	0.32417271
36649	0.32494843
36650	0.32567862
36651	0.32634330
36652	0.32692495
36653	0.32740888
36654	0.32778391
36655	0.32804245
36656	0.32818082
36657	0.32819930
36658	0.32810184
36659	0.32789582
36660	0.32759157
36661	0.32720196
36662	0.32674176
36663	0.32622695
36664	0.32567436
36665	0.32510087
36666	0.32452318
36667	0.32395715
36668	0.32341775
36669	0.32291859
36670	0.32247180
36671	0.32208794
36672	0.32177591
36673	0.32154304
36674	0.32139489
36675	0.32133549
36676	0.32136714
36677	0.32149071
36678	0.32170543
36679	0.32200909
36680	0.32239792
36681	0.32286680
36682	0.32340917
36683	0.32401729
36684	0.32468235
36685	0.32539463
36686	0.32614377
36687	0.32691890
36688	0.32770905
36689	0.32850325
36690	0.32929090
36691	0.33006176
36692	0.33080626
36693	0.33151558
36694	0.33218172
36695	0.33279759
36696	0.33335707
36697	0.33385509
36698	0.33428743
36699	0.33465117
36700	0.33494419
36701	0.33516568
36702	0.33531573
36703	0.33539566
36704	0.33540779
36705	0.33535561
36706	0.33524361
36707	0.33507735
36708	0.33486348
36709	0.33460954
36710	0.33432388
36711	0.33401573
36712	0.33369479
36713	0.33337137
36714	0.33305600
36715	0.33275947
36716	0.33249238
36717	0.33226532
36718	0.33208826
36719	0.33197069
36720	0.33192134
36721	0.33194783
36722	0.33205661
36723	0.33225277
36724	0.33253977
36725	0.33291933
36726	0.33339137
36727	0.33395377
36728	0.33460245
36729	0.33533138
36730	0.33613244
36731	0.33699572
36732	0.33790949
36733	0.33886033
36734	0.33983344
36735	0.34081280
36736	0.34178135
36737	0.34272158
36738	0.34361553
36739	0.34444553
36740	0.34519443
36741	0.34584609
36742	0.34638599
36743	0.34680176
36744	0.34708348
36745	0.34722453
36746	0.34722176
36747	0.34707591
36748	0.34679204
36749	0.34637940
36750	0.34585154
36751	0.34522587
36752	0.34452328
36753	0.34376761
36754	0.34298474
36755	0.34220186
36756	0.34144652
36757	0.34074587
36758	0.34012571
36759	0.33960980
36760	0.33921915
36761	0.33897147
36762	0.33888057
36763	0.33895612
36764	0.33920321
36765	0.33962211
36766	0.34020817
36767	0.34095171
36768	0.34183806
36769	0.34284765
36770	0.34395632
36771	0.34513554
36772	0.34635323
36773	0.34757435
36774	0.34876201
36775	0.34987864
36776	0.35088757
36777	0.35175464
36778	0.35244995
36779	0.35295004
36780	0.35323918
36781	0.35331139
36782	0.35317090
36783	0.35283297
36784	0.35232356
36785	0.35167783
36786	0.35093865
36787	0.35015443
36788	0.34937647
36789	0.34865686
36790	0.34804696
36791	0.34759563
36792	0.34734878
36793	0.34734896
36794	0.34763521
36795	0.34824386
36796	0.34920859
36797	0.35056135
36798	0.35233280
36799	0.35455289
36800	0.35725093
36801	0.36045599
36802	0.36419666
36803	0.36850041
36804	0.37339368
36805	0.37890062
36806	0.38504317
36807	0.39184040
36808	0.39930841
36809	0.40746170
36810	0.41631439
36811	0.42588419
36812	0.43619689
36813	0.44729471
36814	0.45924655
36815	0.47216171
36816	0.48621082
36817	0.50165105
36818	0.51886708
36819	0.53842908
36820	0.56118947
36821	0.58844709
36822	0.62224656
36823	0.66597307
36824	0.72563201
36825	0.81297350
36826	0.95451015
36827	1.22537148
36828	NaN
36829	NaN
36830	NaN
36831	NaN
36832	NaN
36833	NaN
36834	NaN
36835	NaN
36836	NaN
36837	NaN
36838	NaN
36839	NaN
36840	NaN
36841	NaN
36842	NaN
36843	NaN
36844	NaN
36845	NaN
36846	NaN
36847	NaN
36848	NaN
36849	NaN
36850	NaN
36851	NaN
36852	NaN
36853	NaN
36854	NaN
36855	NaN
36856	NaN
36857	NaN
36858	NaN
36859	NaN
36860	NaN
36861	NaN
36862	NaN
36863	NaN
36864	NaN
36865	NaN
36866	NaN
36867	NaN
36868	NaN
36869	NaN
36870	NaN
36871	NaN
36872	NaN
36873	NaN
36874	NaN
36875	NaN
36876	NaN
36877	NaN
36878	NaN
36879	NaN
36880	NaN
36881	NaN
36882	NaN
36883	NaN
36884	NaN
36885	NaN
36886	NaN
36887	NaN
36888	NaN
36889	NaN
36890	NaN
36891	NaN
36892	NaN
36893	NaN
36894	NaN
36895	NaN
36896	NaN
36897	NaN
36898	NaN
36899	NaN
36900	NaN
36901	NaN
36902	NaN
36903	NaN
36904	NaN
36905	NaN
36906	NaN
36907	NaN
36908	NaN
36909	NaN
36910	NaN
36911	NaN
36912	NaN
36913	NaN
36914	NaN
36915	NaN
36916	NaN
36917	NaN
36918	NaN
36919	0.63771296
36920	0.34524164
36921	0.29222387
36922	0.27129260
36923	0.26079118
36924	0.25491336
36925	0.25144824
36926	0.24937384
36927	0.24815473
36928	0.24748525
36929	0.24717990
36930	0.24712051
36931	0.24722937
36932	0.24745382
36933	0.24775761
36934	0.24811514
36935	0.24850824
36936	0.24892372
36937	0.24935186
36938	0.24978547
36939	0.25021887
36940	0.25064754
36941	0.25106770
36942	0.25147581
36943	0.25186870
36944	0.25224301
36945	0.25259537
36946	0.25292221
36947	0.25321981
36948	0.25348416
36949	0.25371131
36950	0.25389722
36951	0.25403798
36952	0.25412998
36953	0.25417003
36954	0.25415564
36955	0.25408506
36956	0.25395757
36957	0.25377369
36958	0.25353521
36959	0.25324541
36960	0.25290909
36961	0.25253257
36962	0.25212356
36963	0.25169125
36964	0.25124580
36965	0.25079837
36966	0.25036064
36967	0.24994446
36968	0.24956158
36969	0.24922319
36970	0.24893959
36971	0.24871980
36972	0.24857135
36973	0.24850017
36974	0.24851011
36975	0.24860331
36976	0.24877991
36977	0.24903797
36978	0.24937375
36979	0.24978155
36980	0.25025383
36981	0.25078121
36982	0.25135264
36983	0.25195533
36984	0.25257525
36985	0.25319698
36986	0.25380445
36987	0.25438112
36988	0.25491068
36989	0.25537762
36990	0.25576803
36991	0.25607017
36992	0.25627506
36993	0.25637716
36994	0.25637445
36995	0.25626877
36996	0.25606567
36997	0.25577402
36998	0.25540560
36999	0.25497440
37000	0.25449589
37001	0.25398621
37002	0.25346151
37003	0.25293699
37004	0.25242671
37005	0.25194278
37006	0.25149533
37007	0.25109217
37008	0.25073898
37009	0.25043926
37010	0.25019449
37011	0.25000453
37012	0.24986759
37013	0.24978080
37014	0.24974038
37015	0.24974176
37016	0.24978001
37017	0.24984983
37018	0.24994577
37019	0.25006250
37020	0.25019455
37021	0.25033677
37022	0.25048414
37023	0.25063187
37024	0.25077555
37025	0.25091100
37026	0.25103456
37027	0.25114304
37028	0.25123373
37029	0.25130433
37030	0.25135338
37031	0.25137979
37032	0.25138307
37033	0.25136325
37034	0.25132081
37035	0.25125664
37036	0.25117195
37037	0.25106812
37038	0.25094676
37039	0.25080955
37040	0.25065830
37041	0.25049472
37042	0.25032073
37043	0.25013813
37044	0.24994886
37045	0.24975483
37046	0.24955803
37047	0.24936047
37048	0.24916424
37049	0.24897151
37050	0.24878436
37051	0.24860506
37052	0.24843574
37053	0.24827866
37054	0.24813609
37055	0.24801031
37056	0.24790363
37057	0.24781843
37058	0.24775708
37059	0.24772196
37060	0.24771538
37061	0.24773949
37062	0.24779627
37063	0.24788737
37064	0.24801405
37065	0.24817702
37066	0.24837650
37067	0.24861191
37068	0.24888203
37069	0.24918486
37070	0.24951765
37071	0.24987672
37072	0.25025773
37073	0.25065544
37074	0.25106385
37075	0.25147626
37076	0.25188527
37077	0.25228286
37078	0.25266060
37079	0.25300977
37080	0.25332147
37081	0.25358710
37082	0.25379848
37083	0.25394827
37084	0.25403020
37085	0.25403947
37086	0.25397298
37087	0.25382969
37088	0.25361067
37089	0.25331932
37090	0.25296122
37091	0.25254431
37092	0.25207859
37093	0.25157589
37094	0.25104952
37095	0.25051415
37096	0.24998514
37097	0.24947852
37098	0.24901034
37099	0.24859656
37100	0.24825260
37101	0.24799319
37102	0.24783196
37103	0.24778132
37104	0.24785219
37105	0.24805363
37106	0.24839273
37107	0.24887410
37108	0.24949963
37109	0.25026813
37110	0.25117484
37111	0.25221097
37112	0.25336370
37113	0.25461552
37114	0.25594437
37115	0.25732389
37116	0.25872359
37117	0.26010966
37118	0.26144612
37119	0.26269621
37120	0.26382393
37121	0.26479593
37122	0.26558331
37123	0.26616308
37124	0.26651958
37125	0.26664504
37126	0.26654011
37127	0.26621348
37128	0.26568097
37129	0.26496503
37130	0.26409319
37131	0.26309696
37132	0.26201108
37133	0.26087257
37134	0.25972015
37135	0.25859463
37136	0.25753891
37137	0.25659898
37138	0.25582558
37139	0.25527585
37140	0.25501627
37141	0.25512642
37142	0.25570330
37143	0.25686744
37144	0.25877056
37145	0.26160550
37146	0.26561865
37147	0.27112684
37148	0.27853993
37149	0.28839082
37150	0.30138052
37151	0.31844175
37152	0.34084389
37153	0.37036639
37154	0.40961289
37155	0.46261469
37156	0.53609657
37157	0.64240831
37158	0.80734587
37159	1.09592795
37160	NaN
37161	NaN
37162	NaN
37163	NaN
37164	NaN
37165	NaN
37166	NaN
37167	NaN
37168	NaN
37169	NaN
37170	NaN
37171	NaN
37172	NaN
37173	NaN
37174	NaN
37175	NaN
37176	NaN
37177	NaN
37178	NaN
37179	NaN
37180	NaN
37181	NaN
37182	NaN
37183	NaN
37184	NaN
37185	NaN
37186	NaN
37187	NaN
37188	NaN
37189	NaN
37190	NaN
37191	NaN
37192	NaN
37193	NaN
37194	NaN
37195	NaN
37196	NaN
37197	NaN
37198	NaN
37199	NaN
37200	NaN
37201	NaN
37202	NaN
37203	NaN
37204	NaN
37205	NaN
37206	NaN
37207	NaN
37208	NaN
37209	NaN
37210	NaN
37211	NaN
37212	NaN
37213	NaN
37214	NaN
37215	NaN
37216	NaN
37217	NaN
37218	NaN
37219	NaN
37220	NaN
37221	NaN
37222	NaN
37223	NaN
37224	NaN
37225	NaN
37226	NaN
37227	NaN
37228	NaN
37229	NaN
37230	NaN
37231	NaN
37232	NaN
37233	NaN
37234	NaN
37235	NaN
37236	NaN
37237	NaN
37238	NaN
37239	NaN
37240	NaN
37241	NaN
37242	NaN
37243	NaN
37244	NaN
37245	NaN
37246	NaN
37247	NaN
37248	0.94479692
37249	0.57947260
37250	0.46879700
37251	0.41573125
37252	0.38483697
37253	0.36479202
37254	0.35085824
37255	0.34070173
37256	0.33303952
37257	0.32710785
37258	0.32242379
37259	0.31866729
37260	0.31561834
37261	0.31312105
37262	0.31106231
37263	0.30935863
37264	0.30794734
37265	0.30678093
37266	0.30582321
37267	0.30504638
37268	0.30442908
37269	0.30395499
37270	0.30361164
37271	0.30338940
37272	0.30328107
37273	0.30328098
37274	0.30338469
37275	0.30358830
37276	0.30388808
37277	0.30428010
37278	0.30475950
37279	0.30532035
37280	0.30595496
37281	0.30665392
37282	0.30740538
37283	0.30819532
37284	0.30900738
37285	0.30982289
37286	0.31062159
37287	0.31138182
37288	0.31208169
37289	0.31269965
37290	0.31321591
37291	0.31361327
37292	0.31387845
37293	0.31400284
37294	0.31398341
37295	0.31382295
37296	0.31353027
37297	0.31311959
37298	0.31261009
37299	0.31202480
37300	0.31138930
37301	0.31073070
37302	0.31007621
37303	0.30945203
37304	0.30888239
37305	0.30838874
37306	0.30798891
37307	0.30769709
37308	0.30752325
37309	0.30747300
37310	0.30754781
37311	0.30774495
37312	0.30805767
37313	0.30847558
37314	0.30898505
37315	0.30956933
37316	0.31020951
37317	0.31088471
37318	0.31157300
37319	0.31225196
37320	0.31289953
37321	0.31349486
37322	0.31401891
37323	0.31445536
37324	0.31479105
37325	0.31501678
37326	0.31512716
37327	0.31512120
37328	0.31500190
37329	0.31477606
37330	0.31445396
37331	0.31404853
37332	0.31357503
37333	0.31305009
37334	0.31249130
37335	0.31191632
37336	0.31134260
37337	0.31078681
37338	0.31026438
37339	0.30978933
37340	0.30937400
37341	0.30902910
37342	0.30876338
37343	0.30858386
37344	0.30849576
37345	0.30850255
37346	0.30860603
37347	0.30880636
37348	0.30910218
37349	0.30949047
37350	0.30996680
37351	0.31052521
37352	0.31115836
37353	0.31185755
37354	0.31261295
37355	0.31341374
37356	0.31424832
37357	0.31510454
37358	0.31597003
37359	0.31683251
37360	0.31768000
37361	0.31850106
37362	0.31928521
37363	0.32002288
37364	0.32070580
37365	0.32132685
37366	0.32188037
37367	0.32236198
37368	0.32276866
37369	0.32309878
37370	0.32335189
37371	0.32352874
37372	0.32363123
37373	0.32366231
37374	0.32362592
37375	0.32352689
37376	0.32337099
37377	0.32316476
37378	0.32291546
37379	0.32263100
37380	0.32232004
37381	0.32199162
37382	0.32165533
37383	0.32132116
37384	0.32099929
37385	0.32070014
37386	0.32043406
37387	0.32021129
37388	0.32004169
37389	0.31993461
37390	0.31989858
37391	0.31994122
37392	0.32006893
37393	0.32028666
37394	0.32059798
37395	0.32100442
37396	0.32150596
37397	0.32210052
37398	0.32278413
37399	0.32355088
37400	0.32439291
37401	0.32530060
37402	0.32626256
37403	0.32726583
37404	0.32829598
37405	0.32933736
37406	0.33037341
37407	0.33138672
37408	0.33235964
37409	0.33327439
37410	0.33411381
37411	0.33486149
37412	0.33550256
37413	0.33602402
37414	0.33641544
37415	0.33666936
37416	0.33678177
37417	0.33675259
37418	0.33658588
37419	0.33629003
37420	0.33587781
37421	0.33536610
37422	0.33477563
37423	0.33413035
37424	0.33345687
37425	0.33278373
37426	0.33214039
37427	0.33155665
37428	0.33106154
37429	0.33068284
37430	0.33044630
37431	0.33037508
37432	0.33048913
37433	0.33080497
37434	0.33133525
37435	0.33208835
37436	0.33306813
37437	0.33427355
37438	0.33569846
37439	0.33733103
37440	0.33915377
37441	0.34114319
37442	0.34326971
37443	0.34549794
37444	0.34778702
37445	0.35009146
37446	0.35236213
37447	0.35454786
37448	0.35659736
37449	0.35846132
37450	0.36009485
37451	0.36145973
37452	0.36252657
37453	0.36327645
37454	0.36370218
37455	0.36380854
37456	0.36361220
37457	0.36314088
37458	0.36243162
37459	0.36152935
37460	0.36048460
37461	0.35935220
37462	0.35818902
37463	0.35705289
37464	0.35600176
37465	0.35509232
37466	0.35438028
37467	0.35391960
37468	0.35376254
37469	0.35395953
37470	0.35455951
37471	0.35560930
37472	0.35715407
37473	0.35923707
37474	0.36189926
37475	0.36517972
37476	0.36911470
37477	0.37373820
37478	0.37908188
37479	0.38517573
37480	0.39204940
37481	0.39973491
37482	0.40827104
37483	0.41770983
37484	0.42812708
37485	0.43963537
37486	0.45240590
37487	0.46669683
37488	0.48289520
37489	0.50158501
37490	0.52365452
37491	0.55048877
37492	0.58432645
37493	0.62899649
37494	0.69158411
37495	0.78678358
37496	0.95084530
37497	1.30396700
37498	NaN
37499	NaN
37500	NaN
37501	NaN
37502	NaN
37503	NaN
37504	NaN
37505	NaN
37506	NaN
37507	NaN
37508	NaN
37509	NaN
37510	NaN
37511	NaN
37512	NaN
37513	NaN
37514	NaN
37515	NaN
37516	NaN
37517	NaN
37518	NaN
37519	NaN
37520	NaN
37521	NaN
37522	NaN
37523	NaN
37524	NaN
37525	NaN
37526	NaN
37527	NaN
37528	NaN
37529	NaN
37530	NaN
37531	NaN
37532	NaN
37533	NaN
37534	NaN
37535	NaN
37536	NaN
37537	NaN
37538	NaN
37539	NaN
37540	NaN
37541	NaN
37542	NaN
37543	NaN
37544	NaN
37545	NaN
37546	NaN
37547	NaN
37548	NaN
37549	NaN
37550	NaN
37551	NaN
37552	NaN
37553	NaN
37554	NaN
37555	NaN
37556	NaN
37557	NaN
37558	NaN
37559	NaN
37560	NaN
37561	NaN
37562	NaN
37563	NaN
37564	NaN
37565	NaN
37566	NaN
37567	NaN
37568	NaN
37569	NaN
37570	NaN
37571	NaN
37572	NaN
37573	NaN
37574	NaN
37575	NaN
37576	NaN
37577	NaN
37578	NaN
37579	NaN
37580	NaN
37581	NaN
37582	NaN
37583	NaN
37584	NaN
37585	NaN
37586	0.61391109
37587	0.42247570
37588	0.35707814
37589	0.32516417
37590	0.30690768
37591	0.29550532
37592	0.28799400
37593	0.28287801
37594	0.27932262
37595	0.27682677
37596	0.27507254
37597	0.27384979
37598	0.27301475
37599	0.27246630
37600	0.27213189
37601	0.27195817
37602	0.27190533
37603	0.27194315
37604	0.27204823
37605	0.27220216
37606	0.27239004
37607	0.27259973
37608	0.27282089
37609	0.27304465
37610	0.27326313
37611	0.27346918
37612	0.27365625
37613	0.27381828
37614	0.27394959
37615	0.27404502
37616	0.27409983
37617	0.27410987
37618	0.27407181
37619	0.27398297
37620	0.27384165
37621	0.27364728
37622	0.27340034
37623	0.27310285
37624	0.27275804
37625	0.27237070
37626	0.27194715
37627	0.27149498
37628	0.27102327
37629	0.27054214
37630	0.27006269
37631	0.26959664
37632	0.26915619
37633	0.26875344
37634	0.26840016
37635	0.26810750
37636	0.26788551
37637	0.26774275
37638	0.26768613
37639	0.26772052
37640	0.26784864
37641	0.26807076
37642	0.26838472
37643	0.26878569
37644	0.26926631
37645	0.26981640
37646	0.27042323
37647	0.27107146
37648	0.27174330
37649	0.27241859
37650	0.27307537
37651	0.27369010
37652	0.27423853
37653	0.27469638
37654	0.27504030
37655	0.27524924
37656	0.27530539
37657	0.27519551
37658	0.27491215
37659	0.27445436
37660	0.27382845
37661	0.27304813
37662	0.27213421
37663	0.27111393
37664	0.27001974
37665	0.26888776
37666	0.26775593
37667	0.26666206
37668	0.26564184
37669	0.26472712
37670	0.26394436
37671	0.26331362
37672	0.26284790
37673	0.26255316
37674	0.26242870
37675	0.26246801
37676	0.26265982
37677	0.26298922
37678	0.26343891
37679	0.26398990
37680	0.26462272
37681	0.26531786
37682	0.26605648
37683	0.26682079
37684	0.26759431
37685	0.26836205
37686	0.26911077
37687	0.26982883
37688	0.27050635
37689	0.27113518
37690	0.27170879
37691	0.27222237
37692	0.27267262
37693	0.27305794
37694	0.27337810
37695	0.27363434
37696	0.27382925
37697	0.27396649
37698	0.27405068
37699	0.27408728
37700	0.27408215
37701	0.27404144
37702	0.27397135
37703	0.27387777
37704	0.27376622
37705	0.27364165
37706	0.27350837
37707	0.27336994
37708	0.27322921
37709	0.27308854
37710	0.27294958
37711	0.27281365
37712	0.27268165
37713	0.27255425
37714	0.27243191
37715	0.27231494
37716	0.27220362
37717	0.27209815
37718	0.27199861
37719	0.27190521
37720	0.27181816
37721	0.27173778
37722	0.27166465
37723	0.27159959
37724	0.27154374
37725	0.27149862
37726	0.27146608
37727	0.27144837
37728	0.27144796
37729	0.27146742
37730	0.27150935
37731	0.27157614
37732	0.27166972
37733	0.27179158
37734	0.27194235
37735	0.27212182
37736	0.27232885
37737	0.27256125
37738	0.27281567
37739	0.27308774
37740	0.27337196
37741	0.27366182
37742	0.27394977
37743	0.27422750
37744	0.27448583
37745	0.27471527
37746	0.27490598
37747	0.27504817
37748	0.27513245
37749	0.27515033
37750	0.27509439
37751	0.27495888
37752	0.27473998
37753	0.27443618
37754	0.27404851
37755	0.27358067
37756	0.27303919
37757	0.27243313
37758	0.27177411
37759	0.27107599
37760	0.27035439
37761	0.26962629
37762	0.26890960
37763	0.26822263
37764	0.26758358
37765	0.26701009
37766	0.26651886
37767	0.26612532
37768	0.26584321
37769	0.26568449
37770	0.26565912
37771	0.26577458
37772	0.26603609
37773	0.26644596
37774	0.26700360
37775	0.26770511
37776	0.26854283
37777	0.26950520
37778	0.27057645
37779	0.27173629
37780	0.27296004
37781	0.27421886
37782	0.27548036
37783	0.27670920
37784	0.27786860
37785	0.27892172
37786	0.27983344
37787	0.28057200
37788	0.28111106
37789	0.28143096
37790	0.28151977
37791	0.28137389
37792	0.28099802
37793	0.28040463
37794	0.27961284
37795	0.27864739
37796	0.27753735
37797	0.27631453
37798	0.27501303
37799	0.27366784
37800	0.27231500
37801	0.27099112
37802	0.26973382
37803	0.26858214
37804	0.26757768
37805	0.26676551
37806	0.26619589
37807	0.26592615
37808	0.26602221
37809	0.26656184
37810	0.26763660
37811	0.26935458
37812	0.27184364
37813	0.27525285
37814	0.27975515
37815	0.28554773
37816	0.29285240
37817	0.30191389
37818	0.31300038
37819	0.32640430
37820	0.34244996
37821	0.36151549
37822	0.38406947
37823	0.41074598
37824	0.44246730
37825	0.48065716
37826	0.52762085
37827	0.58726841
37828	0.66664696
37829	0.77959096
37830	0.95708215
37831	1.28499198
37832	NaN
37833	NaN
37834	NaN
37835	NaN
37836	NaN
37837	NaN
37838	NaN
37839	NaN
37840	NaN
37841	NaN
37842	NaN
37843	NaN
37844	NaN
37845	NaN
37846	NaN
37847	NaN
37848	NaN
37849	NaN
37850	NaN
37851	NaN
37852	NaN
37853	NaN
37854	NaN
37855	NaN
37856	NaN
37857	NaN
37858	NaN
37859	NaN
37860	NaN
37861	NaN
37862	NaN
37863	NaN
37864	NaN
37865	NaN
37866	NaN
37867	NaN
37868	NaN
37869	NaN
37870	NaN
37871	NaN
37872	NaN
37873	NaN
37874	NaN
37875	NaN
37876	NaN
37877	NaN
37878	NaN
37879	NaN
37880	NaN
37881	NaN
37882	NaN
37883	NaN
37884	NaN
37885	NaN
37886	NaN
37887	NaN
37888	NaN
37889	NaN
37890	NaN
37891	NaN
37892	NaN
37893	NaN
37894	NaN
37895	NaN
37896	NaN
37897	NaN
37898	NaN
37899	NaN
37900	NaN
37901	NaN
37902	NaN
37903	NaN
37904	NaN
37905	NaN
37906	NaN
37907	NaN
37908	NaN
37909	NaN
37910	NaN
37911	NaN
37912	NaN
37913	NaN
37914	0.60346955
37915	0.45792177
37916	0.39936808
37917	0.36782637
37918	0.34816456
37919	0.33478120
37920	0.32512236
37921	0.31785592
37922	0.31221917
37923	0.30774343
37924	0.30412492
37925	0.30115813
37926	0.29869929
37927	0.29664496
37928	0.29491928
37929	0.29346567
37930	0.29224133
37931	0.29121384
37932	0.29035839
37933	0.28965610
37934	0.28909266
37935	0.28865704
37936	0.28834096
37937	0.28813800
37938	0.28804317
37939	0.28805220
37940	0.28816128
37941	0.28836644
37942	0.28866333
37943	0.28904679
37944	0.28951046
37945	0.29004660
37946	0.29064566
37947	0.29129639
37948	0.29198551
37949	0.29269788
37950	0.29341680
37951	0.29412404
37952	0.29480079
37953	0.29542789
37954	0.29598698
37955	0.29646122
37956	0.29683626
37957	0.29710102
37958	0.29724854
37959	0.29727644
37960	0.29718715
37961	0.29698795
37962	0.29669061
37963	0.29631072
37964	0.29586703
37965	0.29538029
37966	0.29487252
37967	0.29436576
37968	0.29388139
37969	0.29343918
37970	0.29305679
37971	0.29274920
37972	0.29252842
37973	0.29240325
37974	0.29237905
37975	0.29245791
37976	0.29263860
37977	0.29291677
37978	0.29328504
37979	0.29373330
37980	0.29424885
37981	0.29481697
37982	0.29542121
37983	0.29604387
37984	0.29666653
37985	0.29727083
37986	0.29783890
37987	0.29835409
37988	0.29880181
37989	0.29916978
37990	0.29944885
37991	0.29963306
37992	0.29972002
37993	0.29971072
37994	0.29960945
37995	0.29942346
37996	0.29916239
37997	0.29883781
37998	0.29846272
37999	0.29805073
38000	0.29761583
38001	0.29717186
38002	0.29673207
38003	0.29630893
38004	0.29591399
38005	0.29555771
38006	0.29524931
38007	0.29499695
38008	0.29480764
38009	0.29468709
38010	0.29464000
38011	0.29466981
38012	0.29477867
38013	0.29496756
38014	0.29523608
38015	0.29558238
38016	0.29600325
38017	0.29649398
38018	0.29704842
38019	0.29765919
38020	0.29831755
38021	0.29901397
38022	0.29973790
38023	0.30047831
38024	0.30122378
38025	0.30196294
38026	0.30268446
38027	0.30337757
38028	0.30403212
38029	0.30463880
38030	0.30518934
38031	0.30567658
38032	0.30609459
38033	0.30643877
38034	0.30670586
38035	0.30689389
38036	0.30700231
38037	0.30703178
38038	0.30698434
38039	0.30686316
38040	0.30667269
38041	0.30641830
38042	0.30610660
38043	0.30574510
38044	0.30534217
38045	0.30490720
38046	0.30445012
38047	0.30398169
38048	0.30351317
38049	0.30305627
38050	0.30262288
38051	0.30222508
38052	0.30187458
38053	0.30158281
38054	0.30136028
38055	0.30121654
38056	0.30115980
38057	0.30119675
38058	0.30133221
38059	0.30156910
38060	0.30190843
38061	0.30234900
38062	0.30288771
38063	0.30351940
38064	0.30423710
38065	0.30503201
38066	0.30589366
38067	0.30681008
38068	0.30776790
38069	0.30875263
38070	0.30974859
38071	0.31073958
38072	0.31170875
38073	0.31263903
38074	0.31351349
38075	0.31431577
38076	0.31503037
38077	0.31564316
38078	0.31614196
38079	0.31651694
38080	0.31676108
38081	0.31687057
38082	0.31684542
38083	0.31668931
38084	0.31641006
38085	0.31601939
38086	0.31553274
38087	0.31496912
38088	0.31435034
38089	0.31370059
38090	0.31304571
38091	0.31241241
38092	0.31182763
38093	0.31131765
38094	0.31090754
38095	0.31062052
38096	0.31047732
38097	0.31049582
38098	0.31069058
38099	0.31107241
38100	0.31164837
38101	0.31242111
38102	0.31338891
38103	0.31454542
38104	0.31587952
38105	0.31737527
38106	0.31901199
38107	0.32076424
38108	0.32260245
38109	0.32449320
38110	0.32640016
38111	0.32828501
38112	0.33010864
38113	0.33183265
38114	0.33342090
38115	0.33484092
38116	0.33606550
38117	0.33707392
38118	0.33785319
38119	0.33839828
38120	0.33871287
38121	0.33880901
38122	0.33870673
38123	0.33843333
38124	0.33802244
38125	0.33751318
38126	0.33694860
38127	0.33637515
38128	0.33584130
38129	0.33539712
38130	0.33509320
38131	0.33498040
38132	0.33510968
38133	0.33553132
38134	0.33629555
38135	0.33745191
38136	0.33904955
38137	0.34113714
38138	0.34376264
38139	0.34697348
38140	0.35081619
38141	0.35533673
38142	0.36058027
38143	0.36659217
38144	0.37341920
38145	0.38111100
38146	0.38972521
38147	0.39933211
38148	0.41002354
38149	0.42192522
38150	0.43521437
38151	0.45014507
38152	0.46708444
38153	0.48657021
38154	0.50939977
38155	0.53678387
38156	0.57061827
38157	0.61401331
38158	0.67240578
38159	0.75619155
38160	0.88799202
38161	1.12805855
38162	1.70826244
38163	NaN
38164	NaN
38165	NaN
38166	NaN
38167	NaN
38168	NaN
38169	NaN
38170	NaN
38171	NaN
38172	NaN
38173	NaN
38174	NaN
38175	NaN
38176	NaN
38177	NaN
38178	NaN
38179	NaN
38180	NaN
38181	NaN
38182	NaN
38183	NaN
38184	NaN
38185	NaN
38186	NaN
38187	NaN
38188	NaN
38189	NaN
38190	NaN
38191	NaN
38192	NaN
38193	NaN
38194	NaN
38195	NaN
38196	NaN
38197	NaN
38198	NaN
38199	NaN
38200	NaN
38201	NaN
38202	NaN
38203	NaN
38204	NaN
38205	NaN
38206	NaN
38207	NaN
38208	NaN
38209	NaN
38210	NaN
38211	NaN
38212	NaN
38213	NaN
38214	NaN
38215	NaN
38216	NaN
38217	NaN
38218	NaN
38219	NaN
38220	NaN
38221	NaN
38222	NaN
38223	NaN
38224	NaN
38225	NaN
38226	NaN
38227	NaN
38228	NaN
38229	NaN
38230	NaN
38231	NaN
38232	NaN
38233	NaN
38234	NaN
38235	NaN
38236	NaN
38237	NaN
38238	NaN
38239	NaN
38240	NaN
38241	NaN
38242	NaN
38243	NaN
38244	NaN
38245	NaN
38246	NaN
38247	0.75274915
38248	0.44255567
38249	0.35652360
38250	0.31713969
38251	0.29514697
38252	0.28149968
38253	0.27247894
38254	0.26627436
38255	0.26189840
38256	0.25876686
38257	0.25651222
38258	0.25489184
38259	0.25373948
38260	0.25293761
38261	0.25240105
38262	0.25206679
38263	0.25188729
38264	0.25182623
38265	0.25185534
38266	0.25195262
38267	0.25210044
38268	0.25228465
38269	0.25249389
38270	0.25271857
38271	0.25295073
38272	0.25318351
38273	0.25341082
38274	0.25362733
38275	0.25382802
38276	0.25400829
38277	0.25416389
38278	0.25429091
38279	0.25438586
38280	0.25444573
38281	0.25446814
38282	0.25445130
38283	0.25439438
38284	0.25429735
38285	0.25416121
38286	0.25398794
38287	0.25378063
38288	0.25354341
38289	0.25328130
38290	0.25300029
38291	0.25270715
38292	0.25240925
38293	0.25211442
38294	0.25183091
38295	0.25156698
38296	0.25133091
38297	0.25113079
38298	0.25097412
38299	0.25086784
38300	0.25081787
38301	0.25082913
38302	0.25090531
38303	0.25104871
38304	0.25126016
38305	0.25153899
38306	0.25188279
38307	0.25228760
38308	0.25274771
38309	0.25325575
38310	0.25380263
38311	0.25437763
38312	0.25496864
38313	0.25556219
38314	0.25614393
38315	0.25669888
38316	0.25721204
38317	0.25766891
38318	0.25805616
38319	0.25836226
38320	0.25857809
38321	0.25869751
38322	0.25871772
38323	0.25863945
38324	0.25846708
38325	0.25820827
38326	0.25787365
38327	0.25747624
38328	0.25703070
38329	0.25655252
38330	0.25605738
38331	0.25556034
38332	0.25507534
38333	0.25461474
38334	0.25418887
38335	0.25380599
38336	0.25347227
38337	0.25319171
38338	0.25296640
38339	0.25279665
38340	0.25268126
38341	0.25261775
38342	0.25260264
38343	0.25263169
38344	0.25270018
38345	0.25280300
38346	0.25293502
38347	0.25309110
38348	0.25326627
38349	0.25345588
38350	0.25365543
38351	0.25386104
38352	0.25406900
38353	0.25427622
38354	0.25447994
38355	0.25467795
38356	0.25486854
38357	0.25505036
38358	0.25522256
38359	0.25538459
38360	0.25553623
38361	0.25567740
38362	0.25580820
38363	0.25592867
38364	0.25603887
38365	0.25613883
38366	0.25622836
38367	0.25630724
38368	0.25637501
38369	0.25643122
38370	0.25647515
38371	0.25650620
38372	0.25652370
38373	0.25652698
38374	0.25651559
38375	0.25648913
38376	0.25644758
38377	0.25639102
38378	0.25632000
38379	0.25623536
38380	0.25613841
38381	0.25603095
38382	0.25591516
38383	0.25579387
38384	0.25567043
38385	0.25554860
38386	0.25543287
38387	0.25532797
38388	0.25523898
38389	0.25517121
38390	0.25513002
38391	0.25512046
38392	0.25514740
38393	0.25521499
38394	0.25532675
38395	0.25548530
38396	0.25569221
38397	0.25594804
38398	0.25625202
38399	0.25660241
38400	0.25699592
38401	0.25742811
38402	0.25789329
38403	0.25838441
38404	0.25889313
38405	0.25941002
38406	0.25992462
38407	0.26042551
38408	0.26090077
38409	0.26133806
38410	0.26172513
38411	0.26205015
38412	0.26230219
38413	0.26247162
38414	0.26255056
38415	0.26253334
38416	0.26241684
38417	0.26220062
38418	0.26188737
38419	0.26148269
38420	0.26099524
38421	0.26043651
38422	0.25982049
38423	0.25916353
38424	0.25848362
38425	0.25780016
38426	0.25713351
38427	0.25650421
38428	0.25593293
38429	0.25543973
38430	0.25504377
38431	0.25476295
38432	0.25461361
38433	0.25461009
38434	0.25476456
38435	0.25508672
38436	0.25558326
38437	0.25625777
38438	0.25711018
38439	0.25813636
38440	0.25932762
38441	0.26067045
38442	0.26214594
38443	0.26372972
38444	0.26539198
38445	0.26709735
38446	0.26880613
38447	0.27047464
38448	0.27205724
38449	0.27350765
38450	0.27478114
38451	0.27583656
38452	0.27663836
38453	0.27715796
38454	0.27737540
38455	0.27727979
38456	0.27686912
38457	0.27615047
38458	0.27513841
38459	0.27385452
38460	0.27232549
38461	0.27058217
38462	0.26865834
38463	0.26658979
38464	0.26441365
38465	0.26216817
38466	0.25989315
38467	0.25763035
38468	0.25542507
38469	0.25332811
38470	0.25139797
38471	0.24970512
38472	0.24833609
38473	0.24739954
38474	0.24703306
38475	0.24741273
38476	0.24876329
38477	0.25137126
38478	0.25560224
38479	0.26192003
38480	0.27091560
38481	0.28334600
38482	0.30019641
38483	0.32278672
38484	0.35296518
38485	0.39347717
38486	0.44873047
38487	0.52649420
38488	0.64215630
38489	0.83145368
38490	NaN
38491	NaN
38492	NaN
38493	NaN
38494	NaN
38495	NaN
38496	NaN
38497	NaN
38498	NaN
38499	NaN
38500	NaN
38501	NaN
38502	NaN
38503	NaN
38504	NaN
38505	NaN
38506	NaN
38507	NaN
38508	NaN
38509	NaN
38510	NaN
38511	NaN
38512	NaN
38513	NaN
38514	NaN
38515	NaN
38516	NaN
38517	NaN
38518	NaN
38519	NaN
38520	NaN
38521	NaN
38522	NaN
38523	NaN
38524	NaN
38525	NaN
38526	NaN
38527	NaN
38528	NaN
38529	NaN
38530	NaN
38531	NaN
38532	NaN
38533	NaN
38534	NaN
38535	NaN
38536	NaN
38537	NaN
38538	NaN
38539	NaN
38540	NaN
38541	NaN
38542	NaN
38543	NaN
38544	NaN
38545	NaN
38546	NaN
38547	NaN
38548	NaN
38549	NaN
38550	NaN
38551	NaN
38552	NaN
38553	NaN
38554	NaN
38555	NaN
38556	NaN
38557	NaN
38558	NaN
38559	NaN
38560	NaN
38561	NaN
38562	NaN
38563	NaN
38564	NaN
38565	NaN
38566	NaN
38567	NaN
38568	NaN
38569	NaN
38570	NaN
38571	NaN
38572	NaN
38573	NaN
38574	NaN
38575	NaN
38576	1.19357872
38577	0.62668669
38578	0.48721424
38579	0.42452991
38580	0.38916266
38581	0.36661896
38582	0.35111180
38583	0.33987537
38584	0.33142087
38585	0.32487550
38586	0.31969398
38587	0.31551808
38588	0.31210342
38589	0.30927777
38590	0.30691674
38591	0.30492902
38592	0.30324617
38593	0.30181673
38594	0.30060151
38595	0.29957065
38596	0.29870126
38597	0.29797602
38598	0.29738152
38599	0.29690757
38600	0.29654628
38601	0.29629135
38602	0.29613751
38603	0.29607999
38604	0.29611409
38605	0.29623476
38606	0.29643613
38607	0.29671127
38608	0.29705173
38609	0.29744762
38610	0.29788703
38611	0.29835641
38612	0.29884043
38613	0.29932240
38614	0.29978463
38615	0.30020902
38616	0.30057794
38617	0.30087486
38618	0.30108556
38619	0.30119860
38620	0.30120650
38621	0.30110604
38622	0.30089873
38623	0.30059084
38624	0.30019334
38625	0.29972118
38626	0.29919264
38627	0.29862860
38628	0.29805130
38629	0.29748347
38630	0.29694733
38631	0.29646364
38632	0.29605114
38633	0.29572573
38634	0.29550010
38635	0.29538348
38636	0.29538131
38637	0.29549527
38638	0.29572335
38639	0.29605982
38640	0.29649556
38641	0.29701850
38642	0.29761368
38643	0.29826406
38644	0.29895076
38645	0.29965392
38646	0.30035317
38647	0.30102837
38648	0.30166027
38649	0.30223119
38650	0.30272558
38651	0.30313051
38652	0.30343613
38653	0.30363595
38654	0.30372688
38655	0.30370945
38656	0.30358747
38657	0.30336794
38658	0.30306053
38659	0.30267724
38660	0.30223188
38661	0.30173945
38662	0.30121562
38663	0.30067626
38664	0.30013701
38665	0.29961276
38666	0.29911742
38667	0.29866359
38668	0.29826263
38669	0.29792425
38670	0.29765674
38671	0.29746684
38672	0.29735985
38673	0.29733974
38674	0.29740900
38675	0.29756886
38676	0.29781920
38677	0.29815859
38678	0.29858407
38679	0.29909140
38680	0.29967481
38681	0.30032721
38682	0.30104008
38683	0.30180374
38684	0.30260754
38685	0.30343986
38686	0.30428860
38687	0.30514139
38688	0.30598569
38689	0.30680937
38690	0.30760071
38691	0.30834886
38692	0.30904379
38693	0.30967668
38694	0.31023988
38695	0.31072709
38696	0.31113335
38697	0.31145522
38698	0.31169054
38699	0.31183866
38700	0.31190029
38701	0.31187752
38702	0.31177384
38703	0.31159398
38704	0.31134406
38705	0.31103146
38706	0.31066477
38707	0.31025377
38708	0.30980939
38709	0.30934346
38710	0.30886868
38711	0.30839822
38712	0.30794573
38713	0.30752477
38714	0.30714878
38715	0.30683061
38716	0.30658230
38717	0.30641481
38718	0.30633777
38719	0.30635929
38720	0.30648565
38721	0.30672136
38722	0.30706891
38723	0.30752859
38724	0.30809852
38725	0.30877471
38726	0.30955073
38727	0.31041795
38728	0.31136554
38729	0.31238037
38730	0.31344736
38731	0.31454951
38732	0.31566808
38733	0.31678307
38734	0.31787351
38735	0.31891775
38736	0.31989428
38737	0.32078192
38738	0.32156065
38739	0.32221213
38740	0.32272041
38741	0.32307249
38742	0.32325888
38743	0.32327417
38744	0.32311743
38745	0.32279271
38746	0.32230872
38747	0.32167920
38748	0.32092252
38749	0.32006139
38750	0.31912199
38751	0.31813347
38752	0.31712702
38753	0.31613487
38754	0.31518945
38755	0.31432241
38756	0.31356382
38757	0.31294158
38758	0.31248048
38759	0.31220213
38760	0.31212425
38761	0.31226048
38762	0.31262016
38763	0.31320810
38764	0.31402424
38765	0.31506348
38766	0.31631544
38767	0.31776431
38768	0.31938881
38769	0.32116175
38770	0.32305071
38771	0.32501808
38772	0.32702163
38773	0.32901582
38774	0.33095270
38775	0.33278394
38776	0.33446246
38777	0.33594486
38778	0.33719337
38779	0.33817786
38780	0.33887777
38781	0.33928326
38782	0.33939597
38783	0.33922914
38784	0.33880690
38785	0.33816320
38786	0.33734056
38787	0.33638805
38788	0.33535931
38789	0.33431134
38790	0.33330259
38791	0.33239210
38792	0.33163837
38793	0.33109891
38794	0.33083010
38795	0.33088705
38796	0.33132347
38797	0.33219212
38798	0.33354455
38799	0.33543071
38800	0.33789936
38801	0.34099668
38802	0.34476563
38803	0.34924513
38804	0.35446844
38805	0.36046237
38806	0.36724642
38807	0.37483320
38808	0.38322926
38809	0.39243940
38810	0.40247217
38811	0.41334859
38812	0.42511630
38813	0.43786523
38814	0.45175299
38815	0.46703547
38816	0.48411289
38817	0.50360042
38818	0.52644116
38819	0.55410796
38820	0.58898443
38821	0.63515347
38822	0.70019805
38823	0.79996800
38824	0.97408557
38825	1.35743511
38826	NaN
38827	NaN
38828	NaN
38829	NaN
38830	NaN
38831	NaN
38832	NaN
38833	NaN
38834	NaN
38835	NaN
38836	NaN
38837	NaN
38838	NaN
38839	NaN
38840	NaN
38841	NaN
38842	NaN
38843	NaN
38844	NaN
38845	NaN
38846	NaN
38847	NaN
38848	NaN
38849	NaN
38850	NaN
38851	NaN
38852	NaN
38853	NaN
38854	NaN
38855	NaN
38856	NaN
38857	NaN
38858	NaN
38859	NaN
38860	NaN
38861	NaN
38862	NaN
38863	NaN
38864	NaN
38865	NaN
38866	NaN
38867	NaN
38868	NaN
38869	NaN
38870	NaN
38871	NaN
38872	NaN
38873	NaN
38874	NaN
38875	NaN
38876	NaN
38877	NaN
38878	NaN
38879	NaN
38880	NaN
38881	NaN
38882	NaN
38883	NaN
38884	NaN
38885	NaN
38886	NaN
38887	NaN
38888	NaN
38889	NaN
38890	NaN
38891	NaN
38892	NaN
38893	NaN
38894	NaN
38895	NaN
38896	NaN
38897	NaN
38898	NaN
38899	NaN
38900	NaN
38901	NaN
38902	NaN
38903	NaN
38904	NaN
38905	NaN
38906	NaN
38907	NaN
38908	NaN
38909	NaN
38910	NaN
38911	NaN
38912	NaN
38913	0.58720124
38914	0.32970917
38915	0.27713421
38916	0.25550279
38917	0.24429473
38918	0.23781678
38919	0.23385893
38920	0.23138399
38921	0.22984095
38922	0.22891083
38923	0.22839668
38924	0.22817089
38925	0.22814782
38926	0.22826831
38927	0.22849044
38928	0.22878401
38929	0.22912693
38930	0.22950274
38931	0.22989894
38932	0.23030597
38933	0.23071618
38934	0.23112336
38935	0.23152202
38936	0.23190744
38937	0.23227499
38938	0.23262019
38939	0.23293845
38940	0.23322505
38941	0.23347516
38942	0.23368381
38943	0.23384599
38944	0.23395683
38945	0.23401174
38946	0.23400670
38947	0.23393838
38948	0.23380458
38949	0.23360439
38950	0.23333845
38951	0.23300926
38952	0.23262128
38953	0.23218106
38954	0.23169720
38955	0.23118027
38956	0.23064250
38957	0.23009743
38958	0.22955939
38959	0.22904299
38960	0.22856261
38961	0.22813177
38962	0.22776273
38963	0.22746612
38964	0.22725055
38965	0.22712249
38966	0.22708635
38967	0.22714418
38968	0.22729622
38969	0.22754060
38970	0.22787374
38971	0.22829051
38972	0.22878420
38973	0.22934666
38974	0.22996844
38975	0.23063868
38976	0.23134519
38977	0.23207454
38978	0.23281209
38979	0.23354219
38980	0.23424841
38981	0.23491400
38982	0.23552234
38983	0.23605761
38984	0.23650539
38985	0.23685350
38986	0.23709252
38987	0.23721652
38988	0.23722333
38989	0.23711476
38990	0.23689668
38991	0.23657846
38992	0.23617281
38993	0.23569475
38994	0.23516102
38995	0.23458914
38996	0.23399663
38997	0.23340023
38998	0.23281530
38999	0.23225543
39000	0.23173204
39001	0.23125440
39002	0.23082942
39003	0.23046196
39004	0.23015493
39005	0.22990955
39006	0.22972558
39007	0.22960161
39008	0.22953527
39009	0.22952351
39010	0.22956268
39011	0.22964869
39012	0.22977723
39013	0.22994359
39014	0.23014286
39015	0.23036996
39016	0.23061948
39017	0.23088592
39018	0.23116359
39019	0.23144668
39020	0.23172945
39021	0.23200624
39022	0.23227163
39023	0.23252060
39024	0.23274863
39025	0.23295164
39026	0.23312634
39027	0.23326993
39028	0.23338029
39029	0.23345590
39030	0.23349579
39031	0.23349936
39032	0.23346658
39033	0.23339774
39034	0.23329343
39035	0.23315479
39036	0.23298329
39037	0.23278086
39038	0.23254995
39039	0.23229359
39040	0.23201536
39041	0.23171943
39042	0.23141050
39043	0.23109376
39044	0.23077480
39045	0.23045942
39046	0.23015359
39047	0.22986327
39048	0.22959425
39049	0.22935201
39050	0.22914162
39051	0.22896770
39052	0.22883421
39053	0.22874460
39054	0.22870156
39055	0.22870712
39056	0.22876270
39057	0.22886893
39058	0.22902577
39059	0.22923240
39060	0.22948727
39061	0.22978804
39062	0.23013154
39063	0.23051372
39064	0.23092975
39065	0.23137392
39066	0.23183976
39067	0.23232001
39068	0.23280676
39069	0.23329154
39070	0.23376539
39071	0.23421903
39072	0.23464303
39073	0.23502792
39074	0.23536454
39075	0.23564404
39076	0.23585841
39077	0.23600048
39078	0.23606437
39079	0.23604575
39080	0.23594210
39081	0.23575287
39082	0.23547983
39083	0.23512697
39084	0.23470064
39085	0.23420948
39086	0.23366424
39087	0.23307751
39088	0.23246346
39089	0.23183750
39090	0.23121575
39091	0.23061495
39092	0.23005186
39093	0.22954299
39094	0.22910444
39095	0.22875145
39096	0.22849829
39097	0.22835808
39098	0.22834247
39099	0.22846161
39100	0.22872379
39101	0.22913517
39102	0.22969952
39103	0.23041773
39104	0.23128742
39105	0.23230253
39106	0.23345269
39107	0.23472308
39108	0.23609397
39109	0.23754084
39110	0.23903434
39111	0.24054116
39112	0.24202460
39113	0.24344613
39114	0.24476682
39115	0.24594904
39116	0.24695839
39117	0.24776523
39118	0.24834603
39119	0.24868429
39120	0.24877089
39121	0.24860409
39122	0.24818894
39123	0.24753663
39124	0.24666345
39125	0.24558982
39126	0.24433978
39127	0.24293977
39128	0.24141899
39129	0.23980901
39130	0.23814394
39131	0.23646143
39132	0.23480374
39133	0.23321855
39134	0.23176184
39135	0.23049940
39136	0.22951008
39137	0.22888944
39138	0.22875305
39139	0.22924180
39140	0.23052616
39141	0.23281105
39142	0.23634073
39143	0.24140261
39144	0.24833088
39145	0.25750861
39146	0.26937437
39147	0.28443137
39148	0.30327430
39149	0.32664156
39150	0.35551736
39151	0.39132535
39152	0.43629137
39153	0.49415940
39154	0.57172185
39155	0.68252820
39156	0.85755718
39157	1.18538070
39158	NaN
39159	NaN
39160	NaN
39161	NaN
39162	NaN
39163	NaN
39164	NaN
39165	NaN
39166	NaN
39167	NaN
39168	NaN
39169	NaN
39170	NaN
39171	NaN
39172	NaN
39173	NaN
39174	NaN
39175	NaN
39176	NaN
39177	NaN
39178	NaN
39179	NaN
39180	NaN
39181	NaN
39182	NaN
39183	NaN
39184	NaN
39185	NaN
39186	NaN
39187	NaN
39188	NaN
39189	NaN
39190	NaN
39191	NaN
39192	NaN
39193	NaN
39194	NaN
39195	NaN
39196	NaN
39197	NaN
39198	NaN
39199	NaN
39200	NaN
39201	NaN
39202	NaN
39203	NaN
39204	NaN
39205	NaN
39206	NaN
39207	NaN
39208	NaN
39209	NaN
39210	NaN
39211	NaN
39212	NaN
39213	NaN
39214	NaN
39215	NaN
39216	NaN
39217	NaN
39218	NaN
39219	NaN
39220	NaN
39221	NaN
39222	NaN
39223	NaN
39224	NaN
39225	NaN
39226	NaN
39227	NaN
39228	NaN
39229	NaN
39230	NaN
39231	NaN
39232	NaN
39233	NaN
39234	NaN
39235	NaN
39236	NaN
39237	NaN
39238	NaN
39239	NaN
39240	NaN
39241	NaN
39242	NaN
39243	1.10156596
39244	0.58509701
39245	0.45811915
39246	0.40100124
39247	0.36874312
39248	0.34816799
39249	0.33401439
39250	0.32376730
39251	0.31607199
39252	0.31013325
39253	0.30545357
39254	0.30170554
39255	0.29866478
39256	0.29617277
39257	0.29411435
39258	0.29240435
39259	0.29097867
39260	0.28978851
39261	0.28879640
39262	0.28797358
39263	0.28729784
39264	0.28675219
39265	0.28632361
39266	0.28600234
39267	0.28578085
39268	0.28565365
39269	0.28561646
39270	0.28566587
39271	0.28579891
39272	0.28601250
39273	0.28630325
39274	0.28666699
39275	0.28709835
39276	0.28759050
39277	0.28813478
39278	0.28872049
39279	0.28933477
39280	0.28996268
39281	0.29058716
39282	0.29118961
39283	0.29175043
39284	0.29224974
39285	0.29266840
39286	0.29298916
39287	0.29319757
39288	0.29328334
39289	0.29324093
39290	0.29307035
39291	0.29277727
39292	0.29237306
39293	0.29187414
39294	0.29130116
39295	0.29067791
39296	0.29003012
39297	0.28938413
39298	0.28876573
39299	0.28819898
39300	0.28770551
39301	0.28730354
39302	0.28700742
39303	0.28682745
39304	0.28676951
39305	0.28683525
39306	0.28702193
39307	0.28732294
39308	0.28772795
39309	0.28822336
39310	0.28879279
39311	0.28941756
39312	0.29007745
39313	0.29075113
39314	0.29141709
39315	0.29205412
39316	0.29264203
39317	0.29316252
39318	0.29359955
39319	0.29393995
39320	0.29417378
39321	0.29429486
39322	0.29430059
39323	0.29419211
39324	0.29397416
39325	0.29365477
39326	0.29324475
39327	0.29275715
39328	0.29220685
39329	0.29160979
39330	0.29098240
39331	0.29034111
39332	0.28970200
39333	0.28908023
39334	0.28848985
39335	0.28794366
39336	0.28745300
39337	0.28702775
39338	0.28667623
39339	0.28640532
39340	0.28622043
39341	0.28612548
39342	0.28612298
39343	0.28621411
39344	0.28639850
39345	0.28667438
39346	0.28703856
39347	0.28748646
39348	0.28801200
39349	0.28860784
39350	0.28926533
39351	0.28997484
39352	0.29072571
39353	0.29150668
39354	0.29230598
39355	0.29311171
39356	0.29391202
39357	0.29469544
39358	0.29545110
39359	0.29616892
39360	0.29683974
39361	0.29745552
39362	0.29800928
39363	0.29849520
39364	0.29890874
39365	0.29924646
39366	0.29950616
39367	0.29968673
39368	0.29978836
39369	0.29981226
39370	0.29976094
39371	0.29963797
39372	0.29944825
39373	0.29919773
39374	0.29889366
39375	0.29854441
39376	0.29815951
39377	0.29774946
39378	0.29732570
39379	0.29690036
39380	0.29648608
39381	0.29609567
39382	0.29574198
39383	0.29543743
39384	0.29519394
39385	0.29502243
39386	0.29493269
39387	0.29493311
39388	0.29503053
39389	0.29522994
39390	0.29553452
39391	0.29594547
39392	0.29646188
39393	0.29708081
39394	0.29779732
39395	0.29860434
39396	0.29949284
39397	0.30045184
39398	0.30146864
39399	0.30252871
39400	0.30361608
39401	0.30471343
39402	0.30580229
39403	0.30686337
39404	0.30787703
39405	0.30882365
39406	0.30968407
39407	0.31044027
39408	0.31107599
39409	0.31157735
39410	0.31193331
39411	0.31213650
39412	0.31218350
39413	0.31207535
39414	0.31181768
39415	0.31142083
39416	0.31089976
39417	0.31027356
39418	0.30956531
39419	0.30880114
39420	0.30800965
39421	0.30722114
39422	0.30646661
39423	0.30577704
39424	0.30518258
39425	0.30471167
39426	0.30439061
39427	0.30424273
39428	0.30428818
39429	0.30454326
39430	0.30502024
39431	0.30572692
39432	0.30666637
39433	0.30783680
39434	0.30923098
39435	0.31083634
39436	0.31263462
39437	0.31460178
39438	0.31670815
39439	0.31891865
39440	0.32119319
39441	0.32348755
39442	0.32575440
39443	0.32794482
39444	0.33001003
39445	0.33190313
39446	0.33358148
39447	0.33500847
39448	0.33615547
39449	0.33700320
39450	0.33754277
39451	0.33777624
39452	0.33771613
39453	0.33738500
39454	0.33681411
39455	0.33604199
39456	0.33511275
39457	0.33407462
39458	0.33297825
39459	0.33187562
39460	0.33081922
39461	0.32986102
39462	0.32905254
39463	0.32844457
39464	0.32808727
39465	0.32803005
39466	0.32832223
39467	0.32901263
39468	0.33014959
39469	0.33178106
39470	0.33395314
39471	0.33671042
39472	0.34009391
39473	0.34414011
39474	0.34887990
39475	0.35433707
39476	0.36052847
39477	0.36746460
39478	0.37515199
39479	0.38359785
39480	0.39281809
39481	0.40284699
39482	0.41375157
39483	0.42565119
39484	0.43874153
39485	0.45333132
39486	0.46989429
39487	0.48915794
39488	0.51225346
39489	0.54100388
39490	0.57850945
39491	0.63047445
39492	0.70866442
39493	0.84188139
39494	1.12448061
39495	NaN
39496	NaN
39497	NaN
39498	NaN
39499	NaN
39500	NaN
39501	NaN
39502	NaN
39503	NaN
39504	NaN
39505	NaN
39506	NaN
39507	NaN
39508	NaN
39509	NaN
39510	NaN
39511	NaN
39512	NaN
39513	NaN
39514	NaN
39515	NaN
39516	NaN
39517	NaN
39518	NaN
39519	NaN
39520	NaN
39521	NaN
39522	NaN
39523	NaN
39524	NaN
39525	NaN
39526	NaN
39527	NaN
39528	NaN
39529	NaN
39530	NaN
39531	NaN
39532	NaN
39533	NaN
39534	NaN
39535	NaN
39536	NaN
39537	NaN
39538	NaN
39539	NaN
39540	NaN
39541	NaN
39542	NaN
39543	NaN
39544	NaN
39545	NaN
39546	NaN
39547	NaN
39548	NaN
39549	NaN
39550	NaN
39551	NaN
39552	NaN
39553	NaN
39554	NaN
39555	NaN
39556	NaN
39557	NaN
39558	NaN
39559	NaN
39560	NaN
39561	NaN
39562	NaN
39563	NaN
39564	NaN
39565	NaN
39566	NaN
39567	NaN
39568	NaN
39569	NaN
39570	NaN
39571	NaN
39572	NaN
39573	NaN
39574	NaN
39575	NaN
39576	NaN
39577	NaN
39578	NaN
39579	NaN
39580	NaN
39581	NaN
39582	NaN
39583	NaN
39584	NaN
39585	NaN
39586	0.58113790
39587	0.37611669
39588	0.31465161
39589	0.28656766
39590	0.27133825
39591	0.26232076
39592	0.25672007
39593	0.25316045
39594	0.25088936
39595	0.24946360
39596	0.24860772
39597	0.24814302
39598	0.24795002
39599	0.24794669
39600	0.24807546
39601	0.24829516
39602	0.24857581
39603	0.24889512
39604	0.24923618
39605	0.24958585
39606	0.24993370
39607	0.25027111
39608	0.25059095
39609	0.25088701
39610	0.25115377
39611	0.25138640
39612	0.25158057
39613	0.25173241
39614	0.25183854
39615	0.25189614
39616	0.25190291
39617	0.25185734
39618	0.25175846
39619	0.25160614
39620	0.25140107
39621	0.25114468
39622	0.25083944
39623	0.25048888
39624	0.25009745
39625	0.24967077
39626	0.24921559
39627	0.24873964
39628	0.24825183
39629	0.24776183
39630	0.24728020
39631	0.24681790
39632	0.24638626
39633	0.24599656
39634	0.24565983
39635	0.24538642
39636	0.24518573
39637	0.24506599
39638	0.24503380
39639	0.24509411
39640	0.24524991
39641	0.24550205
39642	0.24584933
39643	0.24628828
39644	0.24681331
39645	0.24741678
39646	0.24808894
39647	0.24881822
39648	0.24959120
39649	0.25039306
39650	0.25120741
39651	0.25201696
39652	0.25280377
39653	0.25354967
39654	0.25423691
39655	0.25484890
39656	0.25537065
39657	0.25578970
39658	0.25609669
39659	0.25628582
39660	0.25635517
39661	0.25630695
39662	0.25614733
39663	0.25588611
39664	0.25553614
39665	0.25511283
39666	0.25463304
39667	0.25411448
39668	0.25357485
39669	0.25303105
39670	0.25249872
39671	0.25199166
39672	0.25152177
39673	0.25109863
39674	0.25072965
39675	0.25042015
39676	0.25017351
39677	0.24999124
39678	0.24987327
39679	0.24981818
39680	0.24982335
39681	0.24988517
39682	0.24999914
39683	0.25016013
39684	0.25036240
39685	0.25059983
39686	0.25086600
39687	0.25115433
39688	0.25145811
39689	0.25177073
39690	0.25208569
39691	0.25239688
39692	0.25269857
39693	0.25298551
39694	0.25325307
39695	0.25349736
39696	0.25371510
39697	0.25390387
39698	0.25406194
39699	0.25418833
39700	0.25428274
39701	0.25434533
39702	0.25437695
39703	0.25437871
39704	0.25435212
39705	0.25429901
39706	0.25422141
39707	0.25412157
39708	0.25400198
39709	0.25386527
39710	0.25371447
39711	0.25355262
39712	0.25338313
39713	0.25320956
39714	0.25303555
39715	0.25286484
39716	0.25270125
39717	0.25254852
39718	0.25241011
39719	0.25228944
39720	0.25218961
39721	0.25211334
39722	0.25206321
39723	0.25204137
39724	0.25204965
39725	0.25208968
39726	0.25216261
39727	0.25226945
39728	0.25241068
39729	0.25258657
39730	0.25279671
39731	0.25304040
39732	0.25331619
39733	0.25362200
39734	0.25395510
39735	0.25431198
39736	0.25468838
39737	0.25507933
39738	0.25547913
39739	0.25588143
39740	0.25627929
39741	0.25666520
39742	0.25703141
39743	0.25736979
39744	0.25767216
39745	0.25793049
39746	0.25813714
39747	0.25828502
39748	0.25836799
39749	0.25838101
39750	0.25832054
39751	0.25818458
39752	0.25797302
39753	0.25768772
39754	0.25733244
39755	0.25691310
39756	0.25643739
39757	0.25591493
39758	0.25535679
39759	0.25477543
39760	0.25418434
39761	0.25359762
39762	0.25302988
39763	0.25249574
39764	0.25200948
39765	0.25158492
39766	0.25123507
39767	0.25097167
39768	0.25080529
39769	0.25074485
39770	0.25079748
39771	0.25096837
39772	0.25126040
39773	0.25167406
39774	0.25220725
39775	0.25285488
39776	0.25360873
39777	0.25445753
39778	0.25538653
39779	0.25637779
39780	0.25741029
39781	0.25846025
39782	0.25950193
39783	0.26050818
39784	0.26145154
39785	0.26230538
39786	0.26304504
39787	0.26364905
39788	0.26409993
39789	0.26438543
39790	0.26449856
39791	0.26443827
39792	0.26420885
39793	0.26381987
39794	0.26328543
39795	0.26262349
39796	0.26185504
39797	0.26100352
39798	0.26009405
39799	0.25915307
39800	0.25820816
39801	0.25728777
39802	0.25642133
39803	0.25563976
39804	0.25497541
39805	0.25446326
39806	0.25414133
39807	0.25405124
39808	0.25423968
39809	0.25475883
39810	0.25566721
39811	0.25703040
39812	0.25892150
39813	0.26142099
39814	0.26461688
39815	0.26860413
39816	0.27348325
39817	0.27936092
39818	0.28634909
39819	0.29456821
39820	0.30415139
39821	0.31525430
39822	0.32807097
39823	0.34285909
39824	0.35997924
39825	0.37995389
39826	0.40356693
39827	0.43202412
39828	0.46725026
39829	0.51246291
39830	0.57340002
39831	0.66130221
39832	0.80143672
39833	1.06471777
39834	NaN
39835	NaN
39836	NaN
39837	NaN
39838	NaN
39839	NaN
39840	NaN
39841	NaN
39842	NaN
39843	NaN
39844	NaN
39845	NaN
39846	NaN
39847	NaN
39848	NaN
39849	NaN
39850	NaN
39851	NaN
39852	NaN
39853	NaN
39854	NaN
39855	NaN
39856	NaN
39857	NaN
39858	NaN
39859	NaN
39860	NaN
39861	NaN
39862	NaN
39863	NaN
39864	NaN
39865	NaN
39866	NaN
39867	NaN
39868	NaN
39869	NaN
39870	NaN
39871	NaN
39872	NaN
39873	NaN
39874	NaN
39875	NaN
39876	NaN
39877	NaN
39878	NaN
39879	NaN
39880	NaN
39881	NaN
39882	NaN
39883	NaN
39884	NaN
39885	NaN
39886	NaN
39887	NaN
39888	NaN
39889	NaN
39890	NaN
39891	NaN
39892	NaN
39893	NaN
39894	NaN
39895	NaN
39896	NaN
39897	NaN
39898	NaN
39899	NaN
39900	NaN
39901	NaN
39902	NaN
39903	NaN
39904	NaN
39905	NaN
39906	NaN
39907	NaN
39908	0.73798501
39909	0.53759193
39910	0.46205506
39911	0.42232326
39912	0.39778131
39913	0.38110468
39914	0.36903590
39915	0.35990518
39916	0.35276818
39917	0.34704977
39918	0.34237975
39919	0.33850873
39920	0.33526248
39921	0.33251578
39922	0.33017629
39923	0.32817477
39924	0.32645833
39925	0.32498634
39926	0.32372713
39927	0.32265618
39928	0.32175440
39929	0.32100683
39930	0.32040209
39931	0.31993139
39932	0.31958804
39933	0.31936693
39934	0.31926402
39935	0.31927589
39936	0.31939921
39937	0.31963041
39938	0.31996515
39939	0.32039788
39940	0.32092148
39941	0.32152671
39942	0.32220221
39943	0.32293397
39944	0.32370558
39945	0.32449827
39946	0.32529110
39947	0.32606187
39948	0.32678765
39949	0.32744592
39950	0.32801560
39951	0.32847822
39952	0.32881913
39953	0.32902843
39954	0.32910153
39955	0.32903975
39956	0.32885033
39957	0.32854593
39958	0.32814404
39959	0.32766613
39960	0.32713634
39961	0.32658046
39962	0.32602462
39963	0.32549429
39964	0.32501310
39965	0.32460222
39966	0.32427961
39967	0.32405949
39968	0.32395199
39969	0.32396314
39970	0.32409462
39971	0.32434413
39972	0.32470521
39973	0.32516792
39974	0.32571906
39975	0.32634249
39976	0.32701999
39977	0.32773161
39978	0.32845643
39979	0.32917327
39980	0.32986125
39981	0.33050072
39982	0.33107373
39983	0.33156478
39984	0.33196127
39985	0.33225411
39986	0.33243763
39987	0.33250996
39988	0.33247301
39989	0.33233202
39990	0.33209538
39991	0.33177420
39992	0.33138165
39993	0.33093241
39994	0.33044216
39995	0.32992694
39996	0.32940263
39997	0.32888463
39998	0.32838732
39999	0.32792386
40000	0.32750615
40001	0.32714450
40002	0.32684761
40003	0.32662264
40004	0.32647520
40005	0.32640946
40006	0.32642797
40007	0.32653198
40008	0.32672128
40009	0.32699430
40010	0.32734814
40011	0.32777867
40012	0.32828033
40013	0.32884657
40014	0.32946965
40015	0.33014089
40016	0.33085084
40017	0.33158934
40018	0.33234587
40019	0.33310959
40020	0.33386970
40021	0.33461541
40022	0.33533645
40023	0.33602300
40024	0.33666599
40025	0.33725712
40026	0.33778915
40027	0.33825579
40028	0.33865198
40029	0.33897367
40030	0.33921811
40031	0.33938384
40032	0.33947057
40033	0.33947933
40034	0.33941233
40035	0.33927310
40036	0.33906636
40037	0.33879799
40038	0.33847496
40039	0.33810538
40040	0.33769819
40041	0.33726329
40042	0.33681121
40043	0.33635312
40044	0.33590063
40045	0.33546549
40046	0.33505964
40047	0.33469468
40048	0.33438194
40049	0.33413196
40050	0.33395439
40051	0.33385769
40052	0.33384880
40053	0.33393306
40054	0.33411378
40055	0.33439237
40056	0.33476812
40057	0.33523810
40058	0.33579731
40059	0.33643883
40060	0.33715373
40061	0.33793145
40062	0.33875987
40063	0.33962551
40064	0.34051394
40065	0.34140980
40066	0.34229720
40067	0.34315991
40068	0.34398183
40069	0.34474707
40070	0.34544063
40071	0.34604844
40072	0.34655795
40073	0.34695870
40074	0.34724233
40075	0.34740338
40076	0.34743962
40077	0.34735203
40078	0.34714544
40079	0.34682831
40080	0.34641281
40081	0.34591460
40082	0.34535256
40083	0.34474799
40084	0.34412450
40085	0.34350687
40086	0.34292063
40087	0.34239122
40088	0.34194323
40089	0.34159994
40090	0.34138250
40091	0.34130970
40092	0.34139732
40093	0.34165785
40094	0.34210017
40095	0.34272933
40096	0.34354615
40097	0.34454730
40098	0.34572494
40099	0.34706673
40100	0.34855592
40101	0.35017121
40102	0.35188723
40103	0.35367474
40104	0.35550135
40105	0.35733235
40106	0.35913160
40107	0.36086282
40108	0.36249095
40109	0.36398351
40110	0.36531213
40111	0.36645371
40112	0.36739156
40113	0.36811617
40114	0.36862585
40115	0.36892655
40116	0.36903194
40117	0.36896294
40118	0.36874655
40119	0.36841568
40120	0.36800781
40121	0.36756429
40122	0.36712924
40123	0.36674899
40124	0.36647141
40125	0.36634499
40126	0.36641875
40127	0.36674133
40128	0.36736119
40129	0.36832571
40130	0.36968136
40131	0.37147319
40132	0.37374449
40133	0.37653676
40134	0.37988904
40135	0.38383824
40136	0.38841826
40137	0.39366096
40138	0.39959610
40139	0.40625259
40140	0.41366139
40141	0.42185730
40142	0.43088511
40143	0.44080544
40144	0.45170423
40145	0.46370468
40146	0.47698510
40147	0.49180189
40148	0.50852460
40149	0.52769047
40150	0.55008894
40151	0.57690871
40152	0.60999507
40153	0.65235043
40154	0.70916945
40155	0.79024869
40156	0.91648328
40157	1.14172399
40158	1.66000080
40159	NaN
40160	NaN
40161	NaN
40162	NaN
40163	NaN
40164	NaN
40165	NaN
40166	NaN
40167	NaN
40168	NaN
40169	NaN
40170	NaN
40171	NaN
40172	NaN
40173	NaN
40174	NaN
40175	NaN
40176	NaN
40177	NaN
40178	NaN
40179	NaN
40180	NaN
40181	NaN
40182	NaN
40183	NaN
40184	NaN
40185	NaN
40186	NaN
40187	NaN
40188	NaN
40189	NaN
40190	NaN
40191	NaN
40192	NaN
40193	NaN
40194	NaN
40195	NaN
40196	NaN
40197	NaN
40198	NaN
40199	NaN
40200	NaN
40201	NaN
40202	NaN
40203	NaN
40204	NaN
40205	NaN
40206	NaN
40207	NaN
40208	NaN
40209	NaN
40210	NaN
40211	NaN
40212	NaN
40213	NaN
40214	NaN
40215	NaN
40216	NaN
40217	NaN
40218	NaN
40219	NaN
40220	NaN
40221	NaN
40222	NaN
40223	NaN
40224	NaN
40225	NaN
40226	NaN
40227	NaN
40228	NaN
40229	NaN
40230	NaN
40231	NaN
40232	NaN
40233	NaN
40234	NaN
40235	NaN
40236	NaN
40237	NaN
40238	NaN
40239	NaN
40240	NaN
40241	0.97930413
40242	0.50066531
40243	0.39750436
40244	0.35370398
40245	0.33018824
40246	0.31597066
40247	0.30675888
40248	0.30053046
40249	0.29620764
40250	0.29316437
40251	0.29101205
40252	0.28949749
40253	0.28844899
40254	0.28774613
40255	0.28730240
40256	0.28705412
40257	0.28695354
40258	0.28696418
40259	0.28705782
40260	0.28721237
40261	0.28741014
40262	0.28763694
40263	0.28788114
40264	0.28813311
40265	0.28838474
40266	0.28862903
40267	0.28885993
40268	0.28907207
40269	0.28926051
40270	0.28942084
40271	0.28954899
40272	0.28964129
40273	0.28969449
40274	0.28970578
40275	0.28967285
40276	0.28959402
40277	0.28946829
40278	0.28929546
40279	0.28907636
40280	0.28881273
40281	0.28850761
40282	0.28816524
40283	0.28779113
40284	0.28739220
40285	0.28697667
40286	0.28655386
40287	0.28613421
40288	0.28572893
40289	0.28534982
40290	0.28500894
40291	0.28471810
40292	0.28448871
40293	0.28433123
40294	0.28425494
40295	0.28426737
40296	0.28437427
40297	0.28457934
40298	0.28488389
40299	0.28528702
40300	0.28578535
40301	0.28637305
40302	0.28704196
40303	0.28778160
40304	0.28857917
40305	0.28941983
40306	0.29028681
40307	0.29116163
40308	0.29202443
40309	0.29285455
40310	0.29363087
40311	0.29433262
40312	0.29494008
40313	0.29543534
40314	0.29580319
40315	0.29603183
40316	0.29611358
40317	0.29604536
40318	0.29582900
40319	0.29547110
40320	0.29498300
40321	0.29437989
40322	0.29368052
40323	0.29290587
40324	0.29207847
40325	0.29122120
40326	0.29035664
40327	0.28950599
40328	0.28868863
40329	0.28792149
40330	0.28721881
40331	0.28659195
40332	0.28604931
40333	0.28559649
40334	0.28523636
40335	0.28496921
40336	0.28479314
40337	0.28470430
40338	0.28469694
40339	0.28476405
40340	0.28489739
40341	0.28508788
40342	0.28532577
40343	0.28560102
40344	0.28590348
40345	0.28622308
40346	0.28655019
40347	0.28687569
40348	0.28719127
40349	0.28748947
40350	0.28776392
40351	0.28800952
40352	0.28822234
40353	0.28839964
40354	0.28854001
40355	0.28864312
40356	0.28870976
40357	0.28874156
40358	0.28874093
40359	0.28871092
40360	0.28865483
40361	0.28857633
40362	0.28847909
40363	0.28836673
40364	0.28824264
40365	0.28810996
40366	0.28797156
40367	0.28782991
40368	0.28768715
40369	0.28754511
40370	0.28740537
40371	0.28726915
40372	0.28713745
40373	0.28701127
40374	0.28689134
40375	0.28677845
40376	0.28667331
40377	0.28657681
40378	0.28648990
40379	0.28641382
40380	0.28635010
40381	0.28630060
40382	0.28626755
40383	0.28625357
40384	0.28626162
40385	0.28629485
40386	0.28635666
40387	0.28645030
40388	0.28657883
40389	0.28674498
40390	0.28695080
40391	0.28719756
40392	0.28748551
40393	0.28781387
40394	0.28818065
40395	0.28858259
40396	0.28901517
40397	0.28947255
40398	0.28994784
40399	0.29043287
40400	0.29091853
40401	0.29139489
40402	0.29185122
40403	0.29227644
40404	0.29265925
40405	0.29298851
40406	0.29325357
40407	0.29344478
40408	0.29355389
40409	0.29357439
40410	0.29350212
40411	0.29333553
40412	0.29307595
40413	0.29272780
40414	0.29229861
40415	0.29179886
40416	0.29124194
40417	0.29064351
40418	0.29002139
40419	0.28939486
40420	0.28878409
40421	0.28820994
40422	0.28769311
40423	0.28725392
40424	0.28691179
40425	0.28668505
40426	0.28659025
40427	0.28664219
40428	0.28685334
40429	0.28723353
40430	0.28778955
40431	0.28852466
40432	0.28943816
40433	0.29052493
40434	0.29177493
40435	0.29317284
40436	0.29469782
40437	0.29632357
40438	0.29801816
40439	0.29974499
40440	0.30146340
40441	0.30313000
40442	0.30470031
40443	0.30613068
40444	0.30738023
40445	0.30841318
40446	0.30920035
40447	0.30972070
40448	0.30996245
40449	0.30992311
40450	0.30960926
40451	0.30903614
40452	0.30822578
40453	0.30720645
40454	0.30601066
40455	0.30467412
40456	0.30323473
40457	0.30173185
40458	0.30020577
40459	0.29869786
40460	0.29725087
40461	0.29590940
40462	0.29472160
40463	0.29373994
40464	0.29302365
40465	0.29264122
40466	0.29267308
40467	0.29321563
40468	0.29438534
40469	0.29632413
40470	0.29920515
40471	0.30324000
40472	0.30868635
40473	0.31585625
40474	0.32512844
40475	0.33696014
40476	0.35190937
40477	0.37066695
40478	0.39411244
40479	0.42341581
40480	0.46022230
40481	0.50700390
40482	0.56775361
40483	0.64946818
40484	0.76565766
40485	0.94611311
40486	1.27140999
40487	NaN
40488	NaN
40489	NaN
40490	NaN
40491	NaN
40492	NaN
40493	NaN
40494	NaN
40495	NaN
40496	NaN
40497	NaN
40498	NaN
40499	NaN
40500	NaN
40501	NaN
40502	NaN
40503	NaN
40504	NaN
40505	NaN
40506	NaN
40507	NaN
40508	NaN
40509	NaN
40510	NaN
40511	NaN
40512	NaN
40513	NaN
40514	NaN
40515	NaN
40516	NaN
40517	NaN
40518	NaN
40519	NaN
40520	NaN
40521	NaN
40522	NaN
40523	NaN
40524	NaN
40525	NaN
40526	NaN
40527	NaN
40528	NaN
40529	NaN
40530	NaN
40531	NaN
40532	NaN
40533	NaN
40534	NaN
40535	NaN
40536	NaN
40537	NaN
40538	NaN
40539	NaN
40540	NaN
40541	NaN
40542	NaN
40543	NaN
40544	NaN
40545	NaN
40546	NaN
40547	NaN
40548	NaN
40549	NaN
40550	NaN
40551	NaN
40552	NaN
40553	NaN
40554	NaN
40555	NaN
40556	NaN
40557	NaN
40558	NaN
40559	NaN
40560	NaN
40561	NaN
40562	NaN
40563	NaN
40564	NaN
40565	NaN
40566	NaN
40567	NaN
40568	1.43253529
40569	0.74376935
40570	0.57763028
40571	0.50308758
40572	0.46091604
40573	0.43391120
40574	0.41523239
40575	0.40161908
40576	0.39131820
40577	0.38330251
40578	0.37692985
40579	0.37177789
40580	0.36755762
40581	0.36406472
40582	0.36115098
40583	0.35870665
40584	0.35664913
40585	0.35491550
40586	0.35345733
40587	0.35223740
40588	0.35122669
40589	0.35040262
40590	0.34974766
40591	0.34924805
40592	0.34889281
40593	0.34867299
40594	0.34858105
40595	0.34860992
40596	0.34875304
40597	0.34900314
40598	0.34935239
40599	0.34979159
40600	0.35030994
40601	0.35089460
40602	0.35153073
40603	0.35220128
40604	0.35288697
40605	0.35356677
40606	0.35421830
40607	0.35481855
40608	0.35534489
40609	0.35577586
40610	0.35609278
40611	0.35628030
40612	0.35632780
40613	0.35623005
40614	0.35598779
40615	0.35560772
40616	0.35510254
40617	0.35449013
40618	0.35379297
40619	0.35303682
40620	0.35224968
40621	0.35146037
40622	0.35069746
40623	0.34998810
40624	0.34935713
40625	0.34882605
40626	0.34841275
40627	0.34813082
40628	0.34798941
40629	0.34799293
40630	0.34814131
40631	0.34842992
40632	0.34884974
40633	0.34938797
40634	0.35002816
40635	0.35075089
40636	0.35153425
40637	0.35235450
40638	0.35318696
40639	0.35400668
40640	0.35478923
40641	0.35551167
40642	0.35615334
40643	0.35669658
40644	0.35712746
40645	0.35743615
40646	0.35761735
40647	0.35767025
40648	0.35759854
40649	0.35740978
40650	0.35711515
40651	0.35672861
40652	0.35626632
40653	0.35574567
40654	0.35518476
40655	0.35460174
40656	0.35401413
40657	0.35343862
40658	0.35289049
40659	0.35238361
40660	0.35193008
40661	0.35154045
40662	0.35122350
40663	0.35098633
40664	0.35083428
40665	0.35077131
40666	0.35079968
40667	0.35092017
40668	0.35113209
40669	0.35143328
40670	0.35182023
40671	0.35228789
40672	0.35282999
40673	0.35343903
40674	0.35410637
40675	0.35482255
40676	0.35557729
40677	0.35636005
40678	0.35715985
40679	0.35796589
40680	0.35876736
40681	0.35955402
40682	0.36031604
40683	0.36104426
40684	0.36173031
40685	0.36236656
40686	0.36294636
40687	0.36346397
40688	0.36391455
40689	0.36429438
40690	0.36460075
40691	0.36483195
40692	0.36498746
40693	0.36506778
40694	0.36507443
40695	0.36501035
40696	0.36487922
40697	0.36468604
40698	0.36443689
40699	0.36413878
40700	0.36379984
40701	0.36342904
40702	0.36303622
40703	0.36263195
40704	0.36222741
40705	0.36183426
40706	0.36146441
40707	0.36112988
40708	0.36084262
40709	0.36061415
40710	0.36045542
40711	0.36037648
40712	0.36038613
40713	0.36049172
40714	0.36069897
40715	0.36101153
40716	0.36143109
40717	0.36195704
40718	0.36258647
40719	0.36331412
40720	0.36413246
40721	0.36503175
40722	0.36600003
40723	0.36702347
40724	0.36808631
40725	0.36917141
40726	0.37026021
40727	0.37133324
40728	0.37237051
40729	0.37335190
40730	0.37425762
40731	0.37506878
40732	0.37576810
40733	0.37634021
40734	0.37677267
40735	0.37705621
40736	0.37718543
40737	0.37715918
40738	0.37698093
40739	0.37665871
40740	0.37620524
40741	0.37563774
40742	0.37497729
40743	0.37424839
40744	0.37347841
40745	0.37269640
40746	0.37193269
40747	0.37121755
40748	0.37058088
40749	0.37005106
40750	0.36965454
40751	0.36941490
40752	0.36935258
40753	0.36948436
40754	0.36982262
40755	0.37037539
40756	0.37114561
40757	0.37213087
40758	0.37332332
40759	0.37470925
40760	0.37626916
40761	0.37797770
40762	0.37980410
40763	0.38171244
40764	0.38366255
40765	0.38561088
40766	0.38751179
40767	0.38931924
40768	0.39098826
40769	0.39247715
40770	0.39374930
40771	0.39477482
40772	0.39553255
40773	0.39601114
40774	0.39621022
40775	0.39614025
40776	0.39582303
40777	0.39529076
40778	0.39458507
40779	0.39375567
40780	0.39285916
40781	0.39195713
40782	0.39111474
40783	0.39039966
40784	0.38988066
40785	0.38962707
40786	0.38970783
40787	0.39019129
40788	0.39114481
40789	0.39263466
40790	0.39472613
40791	0.39748317
40792	0.40096852
40793	0.40524328
40794	0.41036743
40795	0.41639876
40796	0.42339382
40797	0.43140811
40798	0.44049677
40799	0.45071802
40800	0.46213624
40801	0.47483021
40802	0.48890367
40803	0.50450301
40804	0.52184266
40805	0.54124349
40806	0.56319314
40807	0.58843684
40808	0.61813438
40809	0.65412641
40810	0.69944942
40811	0.75938743
40812	0.84390283
40813	0.97414654
40814	1.20409596
40815	NaN
40816	NaN
40817	NaN
40818	NaN
40819	NaN
40820	NaN
40821	NaN
40822	NaN
40823	NaN
40824	NaN
40825	NaN
40826	NaN
40827	NaN
40828	NaN
40829	NaN
40830	NaN
40831	NaN
40832	NaN
40833	NaN
40834	NaN
40835	NaN
40836	NaN
40837	NaN
40838	NaN
40839	NaN
40840	NaN
40841	NaN
40842	NaN
40843	NaN
40844	NaN
40845	NaN
40846	NaN
40847	NaN
40848	NaN
40849	NaN
40850	NaN
40851	NaN
40852	NaN
40853	NaN
40854	NaN
40855	NaN
40856	NaN
40857	NaN
40858	NaN
40859	NaN
40860	NaN
40861	NaN
40862	NaN
40863	NaN
40864	NaN
40865	NaN
40866	NaN
40867	NaN
40868	NaN
40869	NaN
40870	NaN
40871	NaN
40872	NaN
40873	NaN
40874	NaN
40875	NaN
40876	NaN
40877	NaN
40878	NaN
40879	NaN
40880	NaN
40881	NaN
40882	NaN
40883	NaN
40884	NaN
40885	NaN
40886	NaN
40887	NaN
40888	NaN
40889	NaN
40890	NaN
40891	NaN
40892	NaN
40893	NaN
40894	NaN
40895	NaN
40896	NaN
40897	NaN
40898	NaN
40899	NaN
40900	NaN
40901	NaN
40902	NaN
40903	0.65998113
40904	0.42213151
40905	0.35524949
40906	0.32466379
40907	0.30766094
40908	0.29716316
40909	0.29025230
40910	0.28550741
40911	0.28215507
40912	0.27973989
40913	0.27797729
40914	0.27668124
40915	0.27572569
40916	0.27502289
40917	0.27451023
40918	0.27414235
40919	0.27388579
40920	0.27371535
40921	0.27361220
40922	0.27356169
40923	0.27355245
40924	0.27357545
40925	0.27362326
40926	0.27368963
40927	0.27376911
40928	0.27385655
40929	0.27394721
40930	0.27403623
40931	0.27411884
40932	0.27419010
40933	0.27424499
40934	0.27427855
40935	0.27428576
40936	0.27426198
40937	0.27420291
40938	0.27410480
40939	0.27396479
40940	0.27378097
40941	0.27355257
40942	0.27328032
40943	0.27296624
40944	0.27261400
40945	0.27222866
40946	0.27181676
40947	0.27138618
40948	0.27094597
40949	0.27050620
40950	0.27007776
40951	0.26967224
40952	0.26930141
40953	0.26897708
40954	0.26871061
40955	0.26851276
40956	0.26839316
40957	0.26836011
40958	0.26842043
40959	0.26857895
40960	0.26883870
40961	0.26920041
40962	0.26966256
40963	0.27022114
40964	0.27086934
40965	0.27159780
40966	0.27239415
40967	0.27324331
40968	0.27412736
40969	0.27502608
40970	0.27591723
40971	0.27677703
40972	0.27758124
40973	0.27830592
40974	0.27892849
40975	0.27942890
40976	0.27979073
40977	0.28000203
40978	0.28005627
40979	0.27995250
40980	0.27969575
40981	0.27929652
40982	0.27877036
40983	0.27813676
40984	0.27741823
40985	0.27663887
40986	0.27582327
40987	0.27499545
40988	0.27417776
40989	0.27339026
40990	0.27265030
40991	0.27197209
40992	0.27136680
40993	0.27084261
40994	0.27040479
40995	0.27005613
40996	0.26979712
40997	0.26962620
40998	0.26954013
40999	0.26953417
41000	0.26960236
41001	0.26973757
41002	0.26993191
41003	0.27017665
41004	0.27046257
41005	0.27078006
41006	0.27111924
41007	0.27147040
41008	0.27182397
41009	0.27217096
41010	0.27250314
41011	0.27281323
41012	0.27309519
41013	0.27334431
41014	0.27355725
41015	0.27373201
41016	0.27386805
41017	0.27396595
41018	0.27402720
41019	0.27405417
41020	0.27404970
41021	0.27401689
41022	0.27395892
41023	0.27387893
41024	0.27377972
41025	0.27366376
41026	0.27353317
41027	0.27338970
41028	0.27323461
41029	0.27306896
41030	0.27289352
41031	0.27270883
41032	0.27251533
41033	0.27231342
41034	0.27210343
41035	0.27188590
41036	0.27166137
41037	0.27143067
41038	0.27119496
41039	0.27095571
41040	0.27071491
41041	0.27047512
41042	0.27023944
41043	0.27001178
41044	0.26979658
41045	0.26959890
41046	0.26942435
41047	0.26927876
41048	0.26916811
41049	0.26909822
41050	0.26907462
41051	0.26910201
41052	0.26918420
41053	0.26932383
41054	0.26952213
41055	0.26977882
41056	0.27009183
41057	0.27045739
41058	0.27086988
41059	0.27132195
41060	0.27180439
41061	0.27230638
41062	0.27281559
41063	0.27331829
41064	0.27379975
41065	0.27424449
41066	0.27463675
41067	0.27496099
41068	0.27520248
41069	0.27534798
41070	0.27538618
41071	0.27530870
41072	0.27511033
41073	0.27478975
41074	0.27434945
41075	0.27379635
41076	0.27314138
41077	0.27239928
41078	0.27158806
41079	0.27072877
41080	0.26984444
41081	0.26895964
41082	0.26809973
41083	0.26729017
41084	0.26655608
41085	0.26592165
41086	0.26540977
41087	0.26504165
41088	0.26483646
41089	0.26481122
41090	0.26498020
41091	0.26535478
41092	0.26594290
41093	0.26674855
41094	0.26777124
41095	0.26900527
41096	0.27043912
41097	0.27205470
41098	0.27382702
41099	0.27572367
41100	0.27770492
41101	0.27972430
41102	0.28172952
41103	0.28366432
41104	0.28547084
41105	0.28709224
41106	0.28847602
41107	0.28957707
41108	0.29036033
41109	0.29080263
41110	0.29089421
41111	0.29063824
41112	0.29005027
41113	0.28915623
41114	0.28799057
41115	0.28659368
41116	0.28500986
41117	0.28328562
41118	0.28146818
41119	0.27960530
41120	0.27774504
41121	0.27593666
41122	0.27423251
41123	0.27268973
41124	0.27137381
41125	0.27036270
41126	0.26975217
41127	0.26966295
41128	0.27025029
41129	0.27171513
41130	0.27432042
41131	0.27841163
41132	0.28444266
41133	0.29301277
41134	0.30491138
41135	0.32118323
41136	0.34321910
41137	0.37289324
41138	0.41279671
41139	0.46665731
41140	0.54018033
41141	0.64286697
41142	0.79240507
41143	1.02686739
41144	1.44735074
41145	NaN
41146	NaN
41147	NaN
41148	NaN
41149	NaN
41150	NaN
41151	NaN
41152	NaN
41153	NaN
41154	NaN
41155	NaN
41156	NaN
41157	NaN
41158	NaN
41159	NaN
41160	NaN
41161	NaN
41162	NaN
41163	NaN
41164	NaN
41165	NaN
41166	NaN
41167	NaN
41168	NaN
41169	NaN
41170	NaN
41171	NaN
41172	NaN
41173	NaN
41174	NaN
41175	NaN
41176	NaN
41177	NaN
41178	NaN
41179	NaN
41180	NaN
41181	NaN
41182	NaN
41183	NaN
41184	NaN
41185	NaN
41186	NaN
41187	NaN
41188	NaN
41189	NaN
41190	NaN
41191	NaN
41192	NaN
41193	NaN
41194	NaN
41195	NaN
41196	NaN
41197	NaN
41198	NaN
41199	NaN
41200	NaN
41201	NaN
41202	NaN
41203	NaN
41204	NaN
41205	NaN
41206	NaN
41207	NaN
41208	NaN
41209	NaN
41210	NaN
41211	NaN
41212	NaN
41213	NaN
41214	NaN
41215	NaN
41216	NaN
41217	NaN
41218	NaN
41219	NaN
41220	NaN
41221	NaN
41222	NaN
41223	NaN
41224	NaN
41225	NaN
41226	NaN
41227	NaN
41228	NaN
41229	NaN
41230	NaN
41231	NaN
41232	NaN
41233	NaN
41234	0.73616624
41235	0.51437348
41236	0.43365180
41237	0.39226428
41238	0.36734292
41239	0.35086495
41240	0.33928579
41241	0.33079621
41242	0.32437548
41243	0.31940377
41244	0.31548351
41245	0.31234780
41246	0.30981147
41247	0.30774230
41248	0.30604383
41249	0.30464444
41250	0.30349031
41251	0.30254072
41252	0.30176455
41253	0.30113819
41254	0.30064344
41255	0.30026668
41256	0.29999748
41257	0.29982796
41258	0.29975227
41259	0.29976562
41260	0.29986423
41261	0.30004460
41262	0.30030316
41263	0.30063578
41264	0.30103749
41265	0.30150202
41266	0.30202150
41267	0.30258620
41268	0.30318442
41269	0.30380246
41270	0.30442473
41271	0.30503410
41272	0.30561242
41273	0.30614120
41274	0.30660230
41275	0.30697909
41276	0.30725724
41277	0.30742568
41278	0.30747730
41279	0.30740976
41280	0.30722564
41281	0.30693248
41282	0.30654258
41283	0.30607238
41284	0.30554166
41285	0.30497256
41286	0.30438843
41287	0.30381295
41288	0.30326903
41289	0.30277789
41290	0.30235842
41291	0.30202663
41292	0.30179510
41293	0.30167285
41294	0.30166510
41295	0.30177331
41296	0.30199522
41297	0.30232501
41298	0.30275345
41299	0.30326840
41300	0.30385497
41301	0.30449614
41302	0.30517325
41303	0.30586645
41304	0.30655539
41305	0.30721995
41306	0.30784076
41307	0.30839995
41308	0.30888167
41309	0.30927274
41310	0.30956313
41311	0.30974618
41312	0.30981877
41313	0.30978152
41314	0.30963844
41315	0.30939662
41316	0.30906600
41317	0.30865866
41318	0.30818832
41319	0.30766985
41320	0.30711851
41321	0.30654979
41322	0.30597866
41323	0.30541947
41324	0.30488560
41325	0.30438921
41326	0.30394122
41327	0.30355126
41328	0.30322742
41329	0.30297664
41330	0.30280432
41331	0.30271456
41332	0.30271024
41333	0.30279273
41334	0.30296215
41335	0.30321726
41336	0.30355528
41337	0.30397210
41338	0.30446211
41339	0.30501831
41340	0.30563250
41341	0.30629531
41342	0.30699646
41343	0.30772510
41344	0.30846983
41345	0.30921927
41346	0.30996206
41347	0.31068721
41348	0.31138432
41349	0.31204358
41350	0.31265604
41351	0.31321365
41352	0.31370932
41353	0.31413692
41354	0.31449145
41355	0.31476912
41356	0.31496724
41357	0.31508434
41358	0.31512043
41359	0.31507674
41360	0.31495601
41361	0.31476235
41362	0.31450132
41363	0.31417990
41364	0.31380638
41365	0.31339025
41366	0.31294218
41367	0.31247377
41368	0.31199729
41369	0.31152561
41370	0.31107190
41371	0.31064919
41372	0.31027040
41373	0.30994788
41374	0.30969316
41375	0.30951676
41376	0.30942789
41377	0.30943432
41378	0.30954218
41379	0.30975571
41380	0.31007734
41381	0.31050730
41382	0.31104395
41383	0.31168336
41384	0.31241962
41385	0.31324476
41386	0.31414872
41387	0.31511953
41388	0.31614345
41389	0.31720489
41390	0.31828696
41391	0.31937134
41392	0.32043880
41393	0.32146949
41394	0.32244334
41395	0.32334068
41396	0.32414266
41397	0.32483205
41398	0.32539365
41399	0.32581517
41400	0.32608768
41401	0.32620630
41402	0.32617041
41403	0.32598412
41404	0.32565632
41405	0.32520047
41406	0.32463446
41407	0.32398024
41408	0.32326287
41409	0.32250997
41410	0.32175094
41411	0.32101589
41412	0.32033503
41413	0.31973752
41414	0.31925112
41415	0.31890115
41416	0.31871024
41417	0.31869775
41418	0.31887940
41419	0.31926692
41420	0.31986794
41421	0.32068565
41422	0.32171851
41423	0.32295999
41424	0.32439870
41425	0.32601774
41426	0.32779500
41427	0.32970303
41428	0.33170933
41429	0.33377677
41430	0.33586442
41431	0.33792874
41432	0.33992475
41433	0.34180829
41434	0.34353748
41435	0.34507519
41436	0.34639096
41437	0.34746280
41438	0.34827846
41439	0.34883654
41440	0.34914643
41441	0.34922823
41442	0.34911191
41443	0.34883577
41444	0.34844530
41445	0.34799114
41446	0.34752759
41447	0.34711128
41448	0.34679949
41449	0.34664956
41450	0.34671783
41451	0.34705940
41452	0.34772721
41453	0.34877247
41454	0.35024375
41455	0.35218683
41456	0.35464418
41457	0.35765412
41458	0.36124969
41459	0.36545715
41460	0.37029469
41461	0.37577033
41462	0.38188019
41463	0.38860768
41464	0.39592212
41465	0.40378073
41466	0.41213000
41467	0.42091170
41468	0.43006963
41469	0.43956041
41470	0.44936636
41471	0.45951071
41472	0.47007656
41473	0.48122934
41474	0.49324772
41475	0.50656533
41476	0.52184266
41477	0.54008687
41478	0.56287837
41479	0.59283054
41480	0.63459712
41481	0.69740170
41482	0.80258667
41483	1.01360559
41484	NaN
41485	NaN
41486	NaN
41487	NaN
41488	NaN
41489	NaN
41490	NaN
41491	NaN
41492	NaN
41493	NaN
41494	NaN
41495	NaN
41496	NaN
41497	NaN
41498	NaN
41499	NaN
41500	NaN
41501	NaN
41502	NaN
41503	NaN
41504	NaN
41505	NaN
41506	NaN
41507	NaN
41508	NaN
41509	NaN
41510	NaN
41511	NaN
41512	NaN
41513	NaN
41514	NaN
41515	NaN
41516	NaN
41517	NaN
41518	NaN
41519	NaN
41520	NaN
41521	NaN
41522	NaN
41523	NaN
41524	NaN
41525	NaN
41526	NaN
41527	NaN
41528	NaN
41529	NaN
41530	NaN
41531	NaN
41532	NaN
41533	NaN
41534	NaN
41535	NaN
41536	NaN
41537	NaN
41538	NaN
41539	NaN
41540	NaN
41541	NaN
41542	NaN
41543	NaN
41544	NaN
41545	NaN
41546	NaN
41547	NaN
41548	NaN
41549	NaN
41550	NaN
41551	NaN
41552	NaN
41553	NaN
41554	NaN
41555	NaN
41556	NaN
41557	NaN
41558	NaN
41559	NaN
41560	NaN
41561	NaN
41562	NaN
41563	NaN
41564	NaN
41565	NaN
41566	NaN
41567	NaN
41568	NaN
41569	NaN
41570	NaN
41571	0.79573494
41572	0.44061896
41573	0.35302901
41574	0.31440130
41575	0.29325727
41576	0.28031322
41577	0.27185011
41578	0.26608813
41579	0.26206833
41580	0.25922900
41581	0.25721955
41582	0.25581002
41583	0.25484383
41584	0.25421068
41585	0.25383097
41586	0.25364596
41587	0.25361130
41588	0.25369292
41589	0.25386441
41590	0.25410467
41591	0.25439659
41592	0.25472611
41593	0.25508139
41594	0.25545213
41595	0.25582930
41596	0.25620463
41597	0.25657058
41598	0.25691992
41599	0.25724584
41600	0.25754178
41601	0.25780150
41602	0.25801891
41603	0.25818846
41604	0.25830486
41605	0.25836363
41606	0.25836083
41607	0.25829369
41608	0.25816053
41609	0.25796115
41610	0.25769696
41611	0.25737113
41612	0.25698876
41613	0.25655687
41614	0.25608438
41615	0.25558189
41616	0.25506151
41617	0.25453660
41618	0.25402117
41619	0.25352961
41620	0.25307614
41621	0.25267428
41622	0.25233653
41623	0.25207368
41624	0.25189486
41625	0.25180683
41626	0.25181416
41627	0.25191906
41628	0.25212118
41629	0.25241780
41630	0.25280386
41631	0.25327212
41632	0.25381309
41633	0.25441539
41634	0.25506577
41635	0.25574937
41636	0.25645000
41637	0.25715041
41638	0.25783277
41639	0.25847900
41640	0.25907156
41641	0.25959402
41642	0.26003155
41643	0.26037189
41644	0.26060566
41645	0.26072705
41646	0.26073408
41647	0.26062870
41648	0.26041684
41649	0.26010796
41650	0.25971475
41651	0.25925234
41652	0.25873744
41653	0.25818786
41654	0.25762138
41655	0.25705510
41656	0.25650489
41657	0.25598475
41658	0.25550646
41659	0.25507951
41660	0.25471079
41661	0.25440490
41662	0.25416413
41663	0.25398868
41664	0.25387695
41665	0.25382593
41666	0.25383127
41667	0.25388771
41668	0.25398934
41669	0.25412989
41670	0.25430277
41671	0.25450143
41672	0.25471941
41673	0.25495055
41674	0.25518903
41675	0.25542942
41676	0.25566679
41677	0.25589684
41678	0.25611565
41679	0.25632009
41680	0.25650755
41681	0.25667602
41682	0.25682417
41683	0.25695115
41684	0.25705677
41685	0.25714117
41686	0.25720507
41687	0.25724930
41688	0.25727507
41689	0.25728366
41690	0.25727633
41691	0.25725436
41692	0.25721890
41693	0.25717089
41694	0.25711122
41695	0.25704074
41696	0.25696012
41697	0.25687006
41698	0.25677133
41699	0.25666472
41700	0.25655127
41701	0.25643209
41702	0.25630844
41703	0.25618178
41704	0.25605375
41705	0.25592613
41706	0.25580093
41707	0.25568029
41708	0.25556663
41709	0.25546265
41710	0.25537133
41711	0.25529587
41712	0.25523978
41713	0.25520670
41714	0.25520039
41715	0.25522453
41716	0.25528264
41717	0.25537774
41718	0.25551245
41719	0.25568861
41720	0.25590709
41721	0.25616795
41722	0.25646994
41723	0.25681084
41724	0.25718719
41725	0.25759435
41726	0.25802660
41727	0.25847706
41728	0.25893784
41729	0.25940022
41730	0.25985453
41731	0.26029062
41732	0.26069778
41733	0.26106516
41734	0.26138192
41735	0.26163772
41736	0.26182291
41737	0.26192898
41738	0.26194915
41739	0.26187843
41740	0.26171428
41741	0.26145676
41742	0.26110861
41743	0.26067552
41744	0.26016608
41745	0.25959140
41746	0.25896510
41747	0.25830287
41748	0.25762179
41749	0.25694042
41750	0.25627777
41751	0.25565305
41752	0.25508529
41753	0.25459284
41754	0.25419292
41755	0.25390151
41756	0.25373283
41757	0.25369903
41758	0.25381014
41759	0.25407335
41760	0.25449291
41761	0.25506970
41762	0.25580066
41763	0.25667846
41764	0.25769129
41765	0.25882226
41766	0.26004949
41767	0.26134622
41768	0.26268095
41769	0.26401827
41770	0.26531985
41771	0.26654577
41772	0.26765594
41773	0.26861227
41774	0.26937997
41775	0.26992956
41776	0.27023816
41777	0.27028999
41778	0.27007723
41779	0.26959977
41780	0.26886430
41781	0.26788375
41782	0.26667598
41783	0.26526278
41784	0.26366875
41785	0.26192060
41786	0.26004666
41787	0.25807658
41788	0.25604191
41789	0.25397635
41790	0.25191733
41791	0.24990706
41792	0.24799514
41793	0.24624103
41794	0.24471739
41795	0.24351433
41796	0.24274448
41797	0.24254866
41798	0.24310251
41799	0.24462476
41800	0.24738413
41801	0.25170761
41802	0.25798881
41803	0.26669341
41804	0.27837023
41805	0.29366243
41806	0.31333220
41807	0.33831152
41808	0.36980113
41809	0.40945855
41810	0.45976287
41811	0.52472711
41812	0.61138654
41813	0.73327923
41814	0.91987205
41815	1.24886382
41816	NaN
41817	NaN
41818	NaN
41819	NaN
41820	NaN
41821	NaN
41822	NaN
41823	NaN
41824	NaN
41825	NaN
41826	NaN
41827	NaN
41828	NaN
41829	NaN
41830	NaN
41831	NaN
41832	NaN
41833	NaN
41834	NaN
41835	NaN
41836	NaN
41837	NaN
41838	NaN
41839	NaN
41840	NaN
41841	NaN
41842	NaN
41843	NaN
41844	NaN
41845	NaN
41846	NaN
41847	NaN
41848	NaN
41849	NaN
41850	NaN
41851	NaN
41852	NaN
41853	NaN
41854	NaN
41855	NaN
41856	NaN
41857	NaN
41858	NaN
41859	NaN
41860	NaN
41861	NaN
41862	NaN
41863	NaN
41864	NaN
41865	NaN
41866	NaN
41867	NaN
41868	NaN
41869	NaN
41870	NaN
41871	NaN
41872	NaN
41873	NaN
41874	NaN
41875	NaN
41876	NaN
41877	NaN
41878	NaN
41879	NaN
41880	NaN
41881	NaN
41882	NaN
41883	NaN
41884	NaN
41885	NaN
41886	NaN
41887	NaN
41888	NaN
41889	NaN
41890	NaN
41891	NaN
41892	NaN
41893	NaN
41894	NaN
41895	NaN
41896	NaN
41897	NaN
41898	NaN
41899	NaN
41900	NaN
41901	NaN
41902	NaN
41903	1.01685119
41904	0.59336936
41905	0.47184223
41906	0.41501170
41907	0.38256577
41908	0.36190084
41909	0.34780413
41910	0.33772862
41911	0.33028203
41912	0.32463986
41913	0.32028309
41914	0.31686977
41915	0.31416625
41916	0.31200814
41917	0.31027728
41918	0.30888730
41919	0.30777419
41920	0.30688995
41921	0.30619866
41922	0.30567303
41923	0.30529240
41924	0.30504107
41925	0.30490699
41926	0.30488089
41927	0.30495530
41928	0.30512419
41929	0.30538207
41930	0.30572388
41931	0.30614412
41932	0.30663690
41933	0.30719525
41934	0.30781087
41935	0.30847389
41936	0.30917257
41937	0.30989340
41938	0.31062073
41939	0.31133735
41940	0.31202456
41941	0.31266275
41942	0.31323218
41943	0.31371382
41944	0.31409037
41945	0.31434727
41946	0.31447363
41947	0.31446323
41948	0.31431502
41949	0.31403363
41950	0.31362918
41951	0.31311715
41952	0.31251758
41953	0.31185430
41954	0.31115359
41955	0.31044319
41956	0.30975106
41957	0.30910403
41958	0.30852711
41959	0.30804256
41960	0.30766907
41961	0.30742159
41962	0.30731085
41963	0.30734313
41964	0.30752033
41965	0.30783993
41966	0.30829510
41967	0.30887499
41968	0.30956492
41969	0.31034672
41970	0.31119931
41971	0.31209916
41972	0.31302088
41973	0.31393826
41974	0.31482476
41975	0.31565470
41976	0.31640404
41977	0.31705144
41978	0.31757879
41979	0.31797224
41980	0.31822246
41981	0.31832501
41982	0.31828043
41983	0.31809396
41984	0.31777534
41985	0.31733805
41986	0.31679863
41987	0.31617612
41988	0.31549093
41989	0.31476441
41990	0.31401786
41991	0.31327215
41992	0.31254685
41993	0.31186026
41994	0.31122875
41995	0.31066668
41996	0.31018633
41997	0.30979782
41998	0.30950907
41999	0.30932599
42000	0.30925235
42001	0.30929011
42002	0.30943918
42003	0.30969790
42004	0.31006253
42005	0.31052798
42006	0.31108731
42007	0.31173214
42008	0.31245270
42009	0.31323788
42010	0.31407562
42011	0.31495303
42012	0.31585661
42013	0.31677264
42014	0.31768736
42015	0.31858745
42016	0.31946012
42017	0.32029346
42018	0.32107666
42019	0.32180020
42020	0.32245591
42021	0.32303703
42022	0.32353836
42023	0.32395619
42024	0.32428813
42025	0.32453325
42026	0.32469195
42027	0.32476571
42028	0.32475731
42029	0.32467046
42030	0.32450995
42031	0.32428157
42032	0.32399195
42033	0.32364869
42034	0.32326031
42035	0.32283622
42036	0.32238668
42037	0.32192278
42038	0.32145625
42039	0.32099944
42040	0.32056499
42041	0.32016575
42042	0.31981432
42043	0.31952289
42044	0.31930295
42045	0.31916469
42046	0.31911710
42047	0.31916729
42048	0.31932053
42049	0.31957996
42050	0.31994641
42051	0.32041851
42052	0.32099241
42053	0.32166204
42054	0.32241896
42055	0.32325265
42056	0.32415050
42057	0.32509798
42058	0.32607895
42059	0.32707596
42060	0.32807043
42061	0.32904303
42062	0.32997432
42063	0.33084482
42064	0.33163574
42065	0.33232954
42066	0.33291021
42067	0.33336422
42068	0.33368057
42069	0.33385167
42070	0.33387351
42071	0.33374628
42072	0.33347443
42073	0.33306682
42074	0.33253673
42075	0.33190179
42076	0.33118334
42077	0.33040613
42078	0.32959777
42079	0.32878786
42080	0.32800710
42081	0.32728675
42082	0.32665741
42083	0.32614863
42084	0.32578778
42085	0.32559967
42086	0.32560575
42087	0.32582381
42088	0.32626745
42089	0.32694566
42090	0.32786259
42091	0.32901719
42092	0.33040297
42093	0.33200774
42094	0.33381337
42095	0.33579585
42096	0.33792526
42097	0.34016594
42098	0.34247693
42099	0.34481305
42100	0.34712541
42101	0.34936333
42102	0.35147581
42103	0.35341352
42104	0.35513112
42105	0.35658932
42106	0.35775688
42107	0.35861266
42108	0.35914677
42109	0.35936141
42110	0.35927102
42111	0.35890180
42112	0.35829070
42113	0.35748374
42114	0.35653439
42115	0.35550177
42116	0.35444880
42117	0.35344040
42118	0.35254285
42119	0.35182253
42120	0.35134536
42121	0.35117701
42122	0.35138243
42123	0.35202679
42124	0.35317531
42125	0.35489404
42126	0.35724998
42127	0.36031115
42128	0.36414692
42129	0.36882755
42130	0.37442398
42131	0.38100684
42132	0.38864633
42133	0.39741230
42134	0.40737477
42135	0.41860628
42136	0.43118647
42137	0.44521213
42138	0.46081039
42139	0.47816244
42140	0.49753553
42141	0.51933688
42142	0.54419154
42143	0.57306892
42144	0.60750079
42145	0.64996988
42146	0.70469379
42147	0.77933061
42148	0.88925016
42149	1.07035649
42150	1.43035722
42151	NaN
42152	NaN
42153	NaN
42154	NaN
42155	NaN
42156	NaN
42157	NaN
42158	NaN
42159	NaN
42160	NaN
42161	NaN
42162	NaN
42163	NaN
42164	NaN
42165	NaN
42166	NaN
42167	NaN
42168	NaN
42169	NaN
42170	NaN
42171	NaN
42172	NaN
42173	NaN
42174	NaN
42175	NaN
42176	NaN
42177	NaN
42178	NaN
42179	NaN
42180	NaN
42181	NaN
42182	NaN
42183	NaN
42184	NaN
42185	NaN
42186	NaN
42187	NaN
42188	NaN
42189	NaN
42190	NaN
42191	NaN
42192	NaN
42193	NaN
42194	NaN
42195	NaN
42196	NaN
42197	NaN
42198	NaN
42199	NaN
42200	NaN
42201	NaN
42202	NaN
42203	NaN
42204	NaN
42205	NaN
42206	NaN
42207	NaN
42208	NaN
42209	NaN
42210	NaN
42211	NaN
42212	NaN
42213	NaN
42214	NaN
42215	NaN
42216	NaN
42217	NaN
42218	NaN
42219	NaN
42220	NaN
42221	NaN
42222	NaN
42223	NaN
42224	NaN
42225	NaN
42226	NaN
42227	NaN
42228	NaN
42229	NaN
42230	NaN
42231	NaN
42232	NaN
42233	NaN
42234	NaN
42235	NaN
42236	NaN
42237	NaN
42238	NaN
42239	0.51449424
42240	0.36887363
42241	0.32242393
42242	0.30033773
42243	0.28789821
42244	0.28023165
42245	0.27525696
42246	0.27193627
42247	0.26969442
42248	0.26818722
42249	0.26719663
42250	0.26657808
42251	0.26623219
42252	0.26608881
42253	0.26609707
42254	0.26621938
42255	0.26642758
42256	0.26669994
42257	0.26701978
42258	0.26737389
42259	0.26775163
42260	0.26814428
42261	0.26854447
42262	0.26894578
42263	0.26934236
42264	0.26972884
42265	0.27009985
42266	0.27045029
42267	0.27077493
42268	0.27106860
42269	0.27132604
42270	0.27154216
42271	0.27171195
42272	0.27183080
42273	0.27189445
42274	0.27189940
42275	0.27184305
42276	0.27172378
42277	0.27154145
42278	0.27129745
42279	0.27099484
42280	0.27063856
42281	0.27023548
42282	0.26979440
42283	0.26932579
42284	0.26884183
42285	0.26835594
42286	0.26788244
42287	0.26743633
42288	0.26703253
42289	0.26668566
42290	0.26640940
42291	0.26621607
42292	0.26611629
42293	0.26611879
42294	0.26622987
42295	0.26645353
42296	0.26679105
42297	0.26724115
42298	0.26779971
42299	0.26845977
42300	0.26921162
42301	0.27004266
42302	0.27093753
42303	0.27187833
42304	0.27284485
42305	0.27381495
42306	0.27476501
42307	0.27567095
42308	0.27650875
42309	0.27725545
42310	0.27789041
42311	0.27839598
42312	0.27875865
42313	0.27896965
42314	0.27902552
42315	0.27892843
42316	0.27868563
42317	0.27830955
42318	0.27781653
42319	0.27722639
42320	0.27656081
42321	0.27584273
42322	0.27509505
42323	0.27433965
42324	0.27359685
42325	0.27288464
42326	0.27221841
42327	0.27161077
42328	0.27107140
42329	0.27060711
42330	0.27022216
42331	0.26991826
42332	0.26969504
42333	0.26955014
42334	0.26947963
42335	0.26947826
42336	0.26953980
42337	0.26965714
42338	0.26982266
42339	0.27002832
42340	0.27026600
42341	0.27052757
42342	0.27080494
42343	0.27109048
42344	0.27137694
42345	0.27165774
42346	0.27192703
42347	0.27217990
42348	0.27241233
42349	0.27262133
42350	0.27280506
42351	0.27296248
42352	0.27309355
42353	0.27319887
42354	0.27327979
42355	0.27333796
42356	0.27337536
42357	0.27339399
42358	0.27339572
42359	0.27338234
42360	0.27335522
42361	0.27331552
42362	0.27326405
42363	0.27320138
42364	0.27312779
42365	0.27304366
42366	0.27294922
42367	0.27284479
42368	0.27273092
42369	0.27260840
42370	0.27247822
42371	0.27234179
42372	0.27220070
42373	0.27205712
42374	0.27191338
42375	0.27177238
42376	0.27163738
42377	0.27151200
42378	0.27140042
42379	0.27130702
42380	0.27123651
42381	0.27119386
42382	0.27118397
42383	0.27121177
42384	0.27128181
42385	0.27139822
42386	0.27156448
42387	0.27178320
42388	0.27205595
42389	0.27238309
42390	0.27276358
42391	0.27319479
42392	0.27367267
42393	0.27419132
42394	0.27474329
42395	0.27531940
42396	0.27590901
42397	0.27650011
42398	0.27707952
42399	0.27763322
42400	0.27814686
42401	0.27860588
42402	0.27899632
42403	0.27930504
42404	0.27952054
42405	0.27963325
42406	0.27963629
42407	0.27952573
42408	0.27930102
42409	0.27896523
42410	0.27852520
42411	0.27799132
42412	0.27737746
42413	0.27670038
42414	0.27597949
42415	0.27523592
42416	0.27449229
42417	0.27377155
42418	0.27309695
42419	0.27249086
42420	0.27197477
42421	0.27156872
42422	0.27129075
42423	0.27115694
42424	0.27118096
42425	0.27137378
42426	0.27174351
42427	0.27229497
42428	0.27302945
42429	0.27394417
42430	0.27503192
42431	0.27628061
42432	0.27767295
42433	0.27918607
42434	0.28079173
42435	0.28245634
42436	0.28414175
42437	0.28580609
42438	0.28740555
42439	0.28889582
42440	0.29023424
42441	0.29138225
42442	0.29230705
42443	0.29298359
42444	0.29339573
42445	0.29353678
42446	0.29340965
42447	0.29302618
42448	0.29240605
42449	0.29157534
42450	0.29056525
42451	0.28941041
42452	0.28814808
42453	0.28681707
42454	0.28545696
42455	0.28410873
42456	0.28281438
42457	0.28161815
42458	0.28056711
42459	0.27971300
42460	0.27911383
42461	0.27883610
42462	0.27895716
42463	0.27956787
42464	0.28077585
42465	0.28270820
42466	0.28551430
42467	0.28936872
42468	0.29447159
42469	0.30104995
42470	0.30935603
42471	0.31966478
42472	0.33227098
42473	0.34749174
42474	0.36567450
42475	0.38722223
42476	0.41264492
42477	0.44265047
42478	0.47830996
42479	0.52133995
42480	0.57462412
42481	0.64326292
42482	0.73692292
42483	0.87600535
42484	1.11153233
42485	NaN
42486	NaN
42487	NaN
42488	NaN
42489	NaN
42490	NaN
42491	NaN
42492	NaN
42493	NaN
42494	NaN
42495	NaN
42496	NaN
42497	NaN
42498	NaN
42499	NaN
42500	NaN
42501	NaN
42502	NaN
42503	NaN
42504	NaN
42505	NaN
42506	NaN
42507	NaN
42508	NaN
42509	NaN
42510	NaN
42511	NaN
42512	NaN
42513	NaN
42514	NaN
42515	NaN
42516	NaN
42517	NaN
42518	NaN
42519	NaN
42520	NaN
42521	NaN
42522	NaN
42523	NaN
42524	NaN
42525	NaN
42526	NaN
42527	NaN
42528	NaN
42529	NaN
42530	NaN
42531	NaN
42532	NaN
42533	NaN
42534	NaN
42535	NaN
42536	NaN
42537	NaN
42538	NaN
42539	NaN
42540	NaN
42541	NaN
42542	NaN
42543	NaN
42544	NaN
42545	NaN
42546	NaN
42547	NaN
42548	NaN
42549	NaN
42550	NaN
42551	NaN
42552	NaN
42553	NaN
42554	NaN
42555	NaN
42556	NaN
42557	NaN
42558	NaN
42559	NaN
42560	NaN
42561	NaN
42562	NaN
42563	NaN
42564	NaN
42565	NaN
42566	NaN
42567	NaN
42568	1.04741120
42569	0.63527799
42570	0.51056945
42571	0.45098343
42572	0.41648054
42573	0.39426118
42574	0.37896541
42575	0.36795253
42576	0.35976958
42577	0.35355061
42578	0.34874675
42579	0.34499291
42580	0.34203672
42581	0.33969775
42582	0.33784369
42583	0.33637539
42584	0.33521736
42585	0.33431146
42586	0.33361280
42587	0.33308646
42588	0.33270559
42589	0.33244970
42590	0.33230338
42591	0.33225515
42592	0.33229676
42593	0.33242241
42594	0.33262792
42595	0.33291039
42596	0.33326727
42597	0.33369616
42598	0.33419397
42599	0.33475661
42600	0.33537841
42601	0.33605161
42602	0.33676624
42603	0.33750960
42604	0.33826634
42605	0.33901864
42606	0.33974615
42607	0.34042704
42608	0.34103835
42609	0.34155720
42610	0.34196198
42611	0.34223366
42612	0.34235701
42613	0.34232187
42614	0.34212416
42615	0.34176642
42616	0.34125802
42617	0.34061503
42618	0.33985946
42619	0.33901805
42620	0.33812115
42621	0.33720109
42622	0.33629090
42623	0.33542249
42624	0.33462584
42625	0.33392763
42626	0.33335066
42627	0.33291313
42628	0.33262822
42629	0.33250400
42630	0.33254334
42631	0.33274391
42632	0.33309844
42633	0.33359504
42634	0.33421752
42635	0.33494595
42636	0.33575732
42637	0.33662593
42638	0.33752465
42639	0.33842546
42640	0.33930045
42641	0.34012291
42642	0.34086818
42643	0.34151453
42644	0.34204412
42645	0.34244347
42646	0.34270391
42647	0.34282187
42648	0.34279874
42649	0.34264058
42650	0.34235770
42651	0.34196395
42652	0.34147608
42653	0.34091291
42654	0.34029451
42655	0.33964142
42656	0.33897415
42657	0.33831239
42658	0.33767462
42659	0.33707777
42660	0.33653688
42661	0.33606490
42662	0.33567274
42663	0.33536890
42664	0.33515984
42665	0.33504984
42666	0.33504114
42667	0.33513391
42668	0.33532658
42669	0.33561572
42670	0.33599627
42671	0.33646163
42672	0.33700380
42673	0.33761367
42674	0.33828107
42675	0.33899507
42676	0.33974430
42677	0.34051713
42678	0.34130192
42679	0.34208727
42680	0.34286219
42681	0.34361631
42682	0.34434000
42683	0.34502450
42684	0.34566194
42685	0.34624553
42686	0.34676957
42687	0.34722942
42688	0.34762159
42689	0.34794372
42690	0.34819451
42691	0.34837386
42692	0.34848264
42693	0.34852275
42694	0.34849694
42695	0.34840888
42696	0.34826306
42697	0.34806469
42698	0.34781960
42699	0.34753451
42700	0.34721661
42701	0.34687379
42702	0.34651458
42703	0.34614798
42704	0.34578362
42705	0.34543139
42706	0.34510157
42707	0.34480441
42708	0.34455016
42709	0.34434864
42710	0.34420916
42711	0.34414017
42712	0.34414902
42713	0.34424177
42714	0.34442300
42715	0.34469566
42716	0.34506094
42717	0.34551814
42718	0.34606472
42719	0.34669617
42720	0.34740624
42721	0.34818673
42722	0.34902769
42723	0.34991768
42724	0.35084355
42725	0.35179093
42726	0.35274434
42727	0.35368732
42728	0.35460296
42729	0.35547405
42730	0.35628355
42731	0.35701507
42732	0.35765341
42733	0.35818502
42734	0.35859862
42735	0.35888565
42736	0.35904077
42737	0.35906237
42738	0.35895273
42739	0.35871813
42740	0.35836881
42741	0.35791889
42742	0.35738602
42743	0.35679078
42744	0.35615614
42745	0.35550690
42746	0.35486871
42747	0.35426760
42748	0.35372904
42749	0.35327736
42750	0.35293499
42751	0.35272196
42752	0.35265529
42753	0.35274860
42754	0.35301176
42755	0.35345060
42756	0.35406649
42757	0.35485643
42758	0.35581273
42759	0.35692292
42760	0.35816997
42761	0.35953230
42762	0.36098409
42763	0.36249590
42764	0.36403522
42765	0.36556739
42766	0.36705688
42767	0.36846820
42768	0.36976746
42769	0.37092373
42770	0.37191027
42771	0.37270579
42772	0.37329507
42773	0.37367004
42774	0.37382987
42775	0.37378126
42776	0.37353814
42777	0.37312102
42778	0.37255678
42779	0.37187749
42780	0.37111956
42781	0.37032282
42782	0.36952958
42783	0.36878359
42784	0.36812937
42785	0.36761156
42786	0.36727390
42787	0.36715940
42788	0.36730939
42789	0.36776343
42790	0.36855876
42791	0.36973009
42792	0.37130895
42793	0.37332347
42794	0.37579727
42795	0.37874895
42796	0.38219166
42797	0.38613212
42798	0.39057049
42799	0.39550009
42800	0.40090784
42801	0.40677574
42802	0.41308245
42803	0.41980645
42804	0.42692989
42805	0.43444404
42806	0.44235548
42807	0.45069394
42808	0.45952082
42809	0.46893930
42810	0.47910884
42811	0.49026078
42812	0.50272316
42813	0.51695621
42814	0.53361154
42815	0.55362809
42816	0.57840341
42817	0.61011130
42818	0.65233129
42819	0.71143776
42820	0.80001116
42821	0.94688839
42822	1.23606396
42823	NaN
42824	NaN
42825	NaN
42826	NaN
42827	NaN
42828	NaN
42829	NaN
42830	NaN
42831	NaN
42832	NaN
42833	NaN
42834	NaN
42835	NaN
42836	NaN
42837	NaN
42838	NaN
42839	NaN
42840	NaN
42841	NaN
42842	NaN
42843	NaN
42844	NaN
42845	NaN
42846	NaN
42847	NaN
42848	NaN
42849	NaN
42850	NaN
42851	NaN
42852	NaN
42853	NaN
42854	NaN
42855	NaN
42856	NaN
42857	NaN
42858	NaN
42859	NaN
42860	NaN
42861	NaN
42862	NaN
42863	NaN
42864	NaN
42865	NaN
42866	NaN
42867	NaN
42868	NaN
42869	NaN
42870	NaN
42871	NaN
42872	NaN
42873	NaN
42874	NaN
42875	NaN
42876	NaN
42877	NaN
42878	NaN
42879	NaN
42880	NaN
42881	NaN
42882	NaN
42883	NaN
42884	NaN
42885	NaN
42886	NaN
42887	NaN
42888	NaN
42889	NaN
42890	NaN
42891	NaN
42892	NaN
42893	NaN
42894	NaN
42895	NaN
42896	NaN
42897	0.54726475
42898	0.40308246
42899	0.34770441
42900	0.31881255
42901	0.30134696
42902	0.28984842
42903	0.28185925
42904	0.27610886
42905	0.27187392
42906	0.26871172
42907	0.26633584
42908	0.26455233
42909	0.26322499
42910	0.26225483
42911	0.26156822
42912	0.26110888
42913	0.26083270
42914	0.26070464
42915	0.26069608
42916	0.26078326
42917	0.26094607
42918	0.26116732
42919	0.26143175
42920	0.26172590
42921	0.26203758
42922	0.26235563
42923	0.26266965
42924	0.26297006
42925	0.26324791
42926	0.26349485
42927	0.26370326
42928	0.26386613
42929	0.26397738
42930	0.26403174
42931	0.26402500
42932	0.26395422
42933	0.26381779
42934	0.26361570
42935	0.26334962
42936	0.26302308
42937	0.26264164
42938	0.26221272
42939	0.26174569
42940	0.26125169
42941	0.26074341
42942	0.26023456
42943	0.25973973
42944	0.25927377
42945	0.25885117
42946	0.25848570
42947	0.25818983
42948	0.25797424
42949	0.25784758
42950	0.25781614
42951	0.25788367
42952	0.25805134
42953	0.25831774
42954	0.25867894
42955	0.25912872
42956	0.25965852
42957	0.26025787
42958	0.26091459
42959	0.26161486
42960	0.26234370
42961	0.26308522
42962	0.26382279
42963	0.26453975
42964	0.26521948
42965	0.26584604
42966	0.26640466
42967	0.26688200
42968	0.26726696
42969	0.26755074
42970	0.26772738
42971	0.26779392
42972	0.26775068
42973	0.26760134
42974	0.26735273
42975	0.26701477
42976	0.26660016
42977	0.26612389
42978	0.26560244
42979	0.26505333
42980	0.26449433
42981	0.26394260
42982	0.26341435
42983	0.26292413
42984	0.26248458
42985	0.26210615
42986	0.26179695
42987	0.26156279
42988	0.26140714
42989	0.26133126
42990	0.26133442
42991	0.26141393
42992	0.26156548
42993	0.26178318
42994	0.26205996
42995	0.26238757
42996	0.26275706
42997	0.26315889
42998	0.26358306
42999	0.26401964
43000	0.26445869
43001	0.26489085
43002	0.26530728
43003	0.26570013
43004	0.26606274
43005	0.26638967
43006	0.26667693
43007	0.26692200
43008	0.26712391
43009	0.26728299
43010	0.26740089
43011	0.26748034
43012	0.26752487
43013	0.26753870
43014	0.26752639
43015	0.26749256
43016	0.26744175
43017	0.26737818
43018	0.26730558
43019	0.26722714
43020	0.26714545
43021	0.26706231
43022	0.26697916
43023	0.26689664
43024	0.26681504
43025	0.26673409
43026	0.26665327
43027	0.26657143
43028	0.26648718
43029	0.26639870
43030	0.26630348
43031	0.26619878
43032	0.26608127
43033	0.26594719
43034	0.26579270
43035	0.26561370
43036	0.26540646
43037	0.26516750
43038	0.26489407
43039	0.26458433
43040	0.26423764
43041	0.26385450
43042	0.26343685
43043	0.26298803
43044	0.26251277
43045	0.26201731
43046	0.26150909
43047	0.26099697
43048	0.26049089
43049	0.26000178
43050	0.25954151
43051	0.25912237
43052	0.25875691
43053	0.25845739
43054	0.25823510
43055	0.25809970
43056	0.25805843
43057	0.25811526
43058	0.25827041
43059	0.25851974
43060	0.25885502
43061	0.25926399
43062	0.25973135
43063	0.26023936
43064	0.26076907
43065	0.26130128
43066	0.26181778
43067	0.26230207
43068	0.26274022
43069	0.26312166
43070	0.26343927
43071	0.26368964
43072	0.26387304
43073	0.26399326
43074	0.26405710
43075	0.26407406
43076	0.26405558
43077	0.26401478
43078	0.26396573
43079	0.26392293
43080	0.26390097
43081	0.26391384
43082	0.26397488
43083	0.26409629
43084	0.26428875
43085	0.26456112
43086	0.26492018
43087	0.26537019
43088	0.26591271
43089	0.26654610
43090	0.26726535
43091	0.26806176
43092	0.26892313
43093	0.26983353
43094	0.27077368
43095	0.27172154
43096	0.27265295
43097	0.27354267
43098	0.27436543
43099	0.27509707
43100	0.27571598
43101	0.27620378
43102	0.27654639
43103	0.27673444
43104	0.27676341
43105	0.27663368
43106	0.27635008
43107	0.27592131
43108	0.27535924
43109	0.27467850
43110	0.27389553
43111	0.27302840
43112	0.27209651
43113	0.27112013
43114	0.27012086
43115	0.26912180
43116	0.26814780
43117	0.26722640
43118	0.26638839
43119	0.26566887
43120	0.26510802
43121	0.26475266
43122	0.26465639
43123	0.26488131
43124	0.26549837
43125	0.26658738
43126	0.26823771
43127	0.27054670
43128	0.27361935
43129	0.27756691
43130	0.28250569
43131	0.28855669
43132	0.29584748
43133	0.30451688
43134	0.31472328
43135	0.32665995
43136	0.34057587
43137	0.35681185
43138	0.37585291
43139	0.39841175
43140	0.42556921
43141	0.45902246
43142	0.50156283
43143	0.55807251
43144	0.63786209
43145	0.76105672
43146	0.98058909
43147	1.49465132
43148	NaN
43149	NaN
43150	NaN
43151	NaN
43152	NaN
43153	NaN
43154	NaN
43155	NaN
43156	NaN
43157	NaN
43158	NaN
43159	NaN
43160	NaN
43161	NaN
43162	NaN
43163	NaN
43164	NaN
43165	NaN
43166	NaN
43167	NaN
43168	NaN
43169	NaN
43170	NaN
43171	NaN
43172	NaN
43173	NaN
43174	NaN
43175	NaN
43176	NaN
43177	NaN
43178	NaN
43179	NaN
43180	NaN
43181	NaN
43182	NaN
43183	NaN
43184	NaN
43185	NaN
43186	NaN
43187	NaN
43188	NaN
43189	NaN
43190	NaN
43191	NaN
43192	NaN
43193	NaN
43194	NaN
43195	NaN
43196	NaN
43197	NaN
43198	NaN
43199	NaN
43200	NaN
43201	NaN
43202	NaN
43203	NaN
43204	NaN
43205	NaN
43206	NaN
43207	NaN
43208	NaN
43209	NaN
43210	NaN
43211	NaN
43212	NaN
43213	NaN
43214	NaN
43215	NaN
43216	NaN
43217	NaN
43218	NaN
43219	NaN
43220	NaN
43221	NaN
43222	NaN
43223	NaN
43224	NaN
43225	NaN
43226	NaN
43227	NaN
43228	NaN
43229	NaN
43230	NaN
43231	NaN
43232	NaN
43233	NaN
43234	0.81577200
43235	0.52617562
43236	0.43851522
43237	0.39732707
43238	0.37404594
43239	0.35947159
43240	0.34973878
43241	0.34294236
43242	0.33803725
43243	0.33440548
43244	0.33166003
43245	0.32954833
43246	0.32790026
43247	0.32659814
43248	0.32555938
43249	0.32472512
43250	0.32405311
43251	0.32351291
43252	0.32308260
43253	0.32274643
43254	0.32249334
43255	0.32231551
43256	0.32220751
43257	0.32216579
43258	0.32218778
43259	0.32227182
43260	0.32241648
43261	0.32262018
43262	0.32288095
43263	0.32319611
43264	0.32356176
43265	0.32397255
43266	0.32442147
43267	0.32489952
43268	0.32539561
43269	0.32589665
43270	0.32638758
43271	0.32685184
43272	0.32727182
43273	0.32762969
43274	0.32790822
43275	0.32809186
43276	0.32816783
43277	0.32812712
43278	0.32796520
43279	0.32768285
43280	0.32728642
43281	0.32678774
43282	0.32620373
43283	0.32555559
43284	0.32486787
43285	0.32416716
43286	0.32348099
43287	0.32283640
43288	0.32225886
43289	0.32177144
43290	0.32139385
43291	0.32114172
43292	0.32102647
43293	0.32105485
43294	0.32122892
43295	0.32154599
43296	0.32199886
43297	0.32257590
43298	0.32326147
43299	0.32403636
43300	0.32487836
43301	0.32576284
43302	0.32666358
43303	0.32755369
43304	0.32840642
43305	0.32919627
43306	0.32989988
43307	0.33049685
43308	0.33097059
43309	0.33130896
43310	0.33150443
43311	0.33155456
43312	0.33146170
43313	0.33123285
43314	0.33087903
43315	0.33041483
43316	0.32985750
43317	0.32922632
43318	0.32854167
43319	0.32782435
43320	0.32709494
43321	0.32637313
43322	0.32567734
43323	0.32502443
43324	0.32442921
43325	0.32390451
43326	0.32346100
43327	0.32310712
43328	0.32284924
43329	0.32269165
43330	0.32263654
43331	0.32268438
43332	0.32283372
43333	0.32308155
43334	0.32342318
43335	0.32385248
43336	0.32436201
43337	0.32494313
43338	0.32558608
43339	0.32628036
43340	0.32701474
43341	0.32777777
43342	0.32855785
43343	0.32934350
43344	0.33012360
43345	0.33088782
43346	0.33162636
43347	0.33233050
43348	0.33299232
43349	0.33360502
43350	0.33416271
43351	0.33466062
43352	0.33509484
43353	0.33546260
43354	0.33576193
43355	0.33599198
43356	0.33615273
43357	0.33624515
43358	0.33627108
43359	0.33623323
43360	0.33613524
43361	0.33598146
43362	0.33577713
43363	0.33552819
43364	0.33524150
43365	0.33492446
43366	0.33458534
43367	0.33423293
43368	0.33387667
43369	0.33352655
43370	0.33319291
43371	0.33288637
43372	0.33261776
43373	0.33239770
43374	0.33223674
43375	0.33214492
43376	0.33213139
43377	0.33220449
43378	0.33237118
43379	0.33263695
43380	0.33300546
43381	0.33347848
43382	0.33405563
43383	0.33473435
43384	0.33550981
43385	0.33637485
43386	0.33732015
43387	0.33833417
43388	0.33940336
43389	0.34051219
43390	0.34164339
43391	0.34277827
43392	0.34389699
43393	0.34497890
43394	0.34600314
43395	0.34694907
43396	0.34779686
43397	0.34852833
43398	0.34912744
43399	0.34958103
43400	0.34987962
43401	0.35001788
43402	0.34999508
43403	0.34981573
43404	0.34948930
43405	0.34903052
43406	0.34845906
43407	0.34779882
43408	0.34707737
43409	0.34632522
43410	0.34557474
43411	0.34485918
43412	0.34421176
43413	0.34366468
43414	0.34324840
43415	0.34299091
43416	0.34291691
43417	0.34304777
43418	0.34340087
43419	0.34398901
43420	0.34482065
43421	0.34589913
43422	0.34722248
43423	0.34878322
43424	0.35056794
43425	0.35255700
43426	0.35472462
43427	0.35703850
43428	0.35946026
43429	0.36194608
43430	0.36444727
43431	0.36691147
43432	0.36928490
43433	0.37151358
43434	0.37354660
43435	0.37533817
43436	0.37685019
43437	0.37805480
43438	0.37893632
43439	0.37949222
43440	0.37973377
43441	0.37968588
43442	0.37938589
43443	0.37888226
43444	0.37823242
43445	0.37750074
43446	0.37675685
43447	0.37607360
43448	0.37552601
43449	0.37519050
43450	0.37514409
43451	0.37546498
43452	0.37623250
43453	0.37752774
43454	0.37943408
43455	0.38203847
43456	0.38543174
43457	0.38970965
43458	0.39497411
43459	0.40133312
43460	0.40890276
43461	0.41780818
43462	0.42818537
43463	0.44018355
43464	0.45397100
43465	0.46974170
43466	0.48772871
43467	0.50822508
43468	0.53161550
43469	0.55843258
43470	0.58944321
43471	0.62579328
43472	0.66926110
43473	0.72271514
43474	0.79102868
43475	0.88306147
43476	1.01657236
43477	1.23278189
43478	1.65364969
43479	NaN
43480	NaN
43481	NaN
43482	NaN
43483	NaN
43484	NaN
43485	NaN
43486	NaN
43487	NaN
43488	NaN
43489	NaN
43490	NaN
43491	NaN
43492	NaN
43493	NaN
43494	NaN
43495	NaN
43496	NaN
43497	NaN
43498	NaN
43499	NaN
43500	NaN
43501	NaN
43502	NaN
43503	NaN
43504	NaN
43505	NaN
43506	NaN
43507	NaN
43508	NaN
43509	NaN
43510	NaN
43511	NaN
43512	NaN
43513	NaN
43514	NaN
43515	NaN
43516	NaN
43517	NaN
43518	NaN
43519	NaN
43520	NaN
43521	NaN
43522	NaN
43523	NaN
43524	NaN
43525	NaN
43526	NaN
43527	NaN
43528	NaN
43529	NaN
43530	NaN
43531	NaN
43532	NaN
43533	NaN
43534	NaN
43535	NaN
43536	NaN
43537	NaN
43538	NaN
43539	NaN
43540	NaN
43541	NaN
43542	NaN
43543	NaN
43544	NaN
43545	NaN
43546	NaN
43547	NaN
43548	NaN
43549	NaN
43550	NaN
43551	NaN
43552	NaN
43553	NaN
43554	NaN
43555	NaN
43556	NaN
43557	NaN
43558	NaN
43559	NaN
43560	NaN
43561	NaN
43562	NaN
43563	NaN
43564	NaN
43565	NaN
43566	NaN
43567	NaN
43568	NaN
43569	NaN
43570	NaN
43571	NaN
43572	NaN
43573	NaN
43574	NaN
43575	NaN
43576	NaN
43577	0.54664612
43578	0.40653628
43579	0.35870877
43580	0.33570808
43581	0.32282498
43582	0.31498480
43583	0.30997774
43584	0.30669338
43585	0.30451629
43586	0.30308068
43587	0.30215722
43588	0.30159602
43589	0.30129597
43590	0.30118680
43591	0.30121863
43592	0.30135521
43593	0.30156961
43594	0.30184162
43595	0.30215558
43596	0.30249920
43597	0.30286261
43598	0.30323762
43599	0.30361739
43600	0.30399588
43601	0.30436778
43602	0.30472809
43603	0.30507216
43604	0.30539542
43605	0.30569333
43606	0.30596122
43607	0.30619437
43608	0.30638784
43609	0.30653659
43610	0.30663544
43611	0.30667910
43612	0.30666265
43613	0.30658129
43614	0.30643111
43615	0.30620909
43616	0.30591363
43617	0.30554503
43618	0.30510589
43619	0.30460122
43620	0.30403894
43621	0.30343002
43622	0.30278808
43623	0.30212954
43624	0.30147287
43625	0.30083787
43626	0.30024514
43627	0.29971510
43628	0.29926702
43629	0.29891840
43630	0.29868418
43631	0.29857618
43632	0.29860276
43633	0.29876855
43634	0.29907423
43635	0.29951668
43636	0.30008897
43637	0.30078045
43638	0.30157685
43639	0.30246070
43640	0.30341160
43641	0.30440640
43642	0.30542004
43643	0.30642584
43644	0.30739653
43645	0.30830503
43646	0.30912539
43647	0.30983391
43648	0.31041005
43649	0.31083751
43650	0.31110483
43651	0.31120610
43652	0.31114125
43653	0.31091589
43654	0.31054109
43655	0.31003276
43656	0.30941051
43657	0.30869696
43658	0.30791631
43659	0.30709347
43660	0.30625272
43661	0.30541724
43662	0.30460796
43663	0.30384356
43664	0.30313969
43665	0.30250916
43666	0.30196175
43667	0.30150440
43668	0.30114144
43669	0.30087474
43670	0.30070394
43671	0.30062672
43672	0.30063912
43673	0.30073565
43674	0.30090961
43675	0.30115315
43676	0.30145764
43677	0.30181360
43678	0.30221125
43679	0.30264035
43680	0.30309051
43681	0.30355147
43682	0.30401334
43683	0.30446672
43684	0.30490303
43685	0.30531466
43686	0.30569518
43687	0.30603933
43688	0.30634326
43689	0.30660427
43690	0.30682099
43691	0.30699313
43692	0.30712140
43693	0.30720720
43694	0.30725265
43695	0.30726027
43696	0.30723286
43697	0.30717337
43698	0.30708486
43699	0.30697024
43700	0.30683246
43701	0.30667430
43702	0.30649856
43703	0.30630779
43704	0.30610466
43705	0.30589181
43706	0.30567202
43707	0.30544811
43708	0.30522317
43709	0.30500051
43710	0.30478373
43711	0.30457678
43712	0.30438399
43713	0.30421007
43714	0.30406007
43715	0.30393928
43716	0.30385318
43717	0.30380738
43718	0.30380711
43719	0.30385745
43720	0.30396283
43721	0.30412692
43722	0.30435237
43723	0.30464071
43724	0.30499208
43725	0.30540532
43726	0.30587763
43727	0.30640483
43728	0.30698106
43729	0.30759889
43730	0.30824935
43731	0.30892190
43732	0.30960456
43733	0.31028390
43734	0.31094542
43735	0.31157359
43736	0.31215242
43737	0.31266567
43738	0.31309760
43739	0.31343341
43740	0.31365991
43741	0.31376621
43742	0.31374434
43743	0.31358975
43744	0.31330171
43745	0.31288394
43746	0.31234413
43747	0.31169432
43748	0.31095058
43749	0.31013221
43750	0.30926141
43751	0.30836272
43752	0.30746204
43753	0.30658588
43754	0.30576077
43755	0.30501264
43756	0.30436605
43757	0.30384383
43758	0.30346659
43759	0.30325228
43760	0.30321601
43761	0.30336955
43762	0.30372110
43763	0.30427483
43764	0.30503076
43765	0.30598405
43766	0.30712494
43767	0.30843827
43768	0.30990294
43769	0.31149229
43770	0.31317362
43771	0.31490877
43772	0.31665456
43773	0.31836382
43774	0.31998679
43775	0.32147303
43776	0.32277325
43777	0.32384181
43778	0.32463884
43779	0.32513240
43780	0.32530013
43781	0.32513034
43782	0.32462221
43783	0.32378602
43784	0.32264203
43785	0.32121924
43786	0.31955373
43787	0.31768745
43788	0.31566617
43789	0.31353846
43790	0.31135452
43791	0.30916536
43792	0.30702308
43793	0.30498046
43794	0.30309194
43795	0.30141431
43796	0.30000809
43797	0.29893965
43798	0.29828301
43799	0.29812247
43800	0.29855496
43801	0.29969403
43802	0.30167183
43803	0.30464318
43804	0.30878857
43805	0.31431577
43806	0.32146451
43807	0.33050883
43808	0.34176201
43809	0.35558552
43810	0.37240687
43811	0.39275053
43812	0.41729400
43813	0.44696561
43814	0.48311108
43815	0.52779788
43816	0.58437473
43817	0.65860778
43818	0.76121384
43819	0.91440737
43820	1.17248225
43821	NaN
43822	NaN
43823	NaN
43824	NaN
43825	NaN
43826	NaN
43827	NaN
43828	NaN
43829	NaN
43830	NaN
43831	NaN
43832	NaN
43833	NaN
43834	NaN
43835	NaN
43836	NaN
43837	NaN
43838	NaN
43839	NaN
43840	NaN
43841	NaN
43842	NaN
43843	NaN
43844	NaN
43845	NaN
43846	NaN
43847	NaN
43848	NaN
43849	NaN
43850	NaN
43851	NaN
43852	NaN
43853	NaN
43854	NaN
43855	NaN
43856	NaN
43857	NaN
43858	NaN
43859	NaN
43860	NaN
43861	NaN
43862	NaN
43863	NaN
43864	NaN
43865	NaN
43866	NaN
43867	NaN
43868	NaN
43869	NaN
43870	NaN
43871	NaN
43872	NaN
43873	NaN
43874	NaN
43875	NaN
43876	NaN
43877	NaN
43878	NaN
43879	NaN
43880	NaN
43881	NaN
43882	NaN
43883	NaN
43884	NaN
43885	NaN
43886	NaN
43887	NaN
43888	NaN
43889	NaN
43890	NaN
43891	NaN
43892	NaN
43893	NaN
43894	NaN
43895	NaN
43896	NaN
43897	NaN
43898	NaN
43899	NaN
43900	NaN
43901	NaN
43902	NaN
43903	NaN
43904	NaN
43905	2.20897746
43906	0.82749552
43907	0.60263902
43908	0.51120347
43909	0.46203056
43910	0.43159398
43911	0.41108960
43912	0.39647684
43913	0.38564038
43914	0.37736574
43915	0.37090567
43916	0.36577594
43917	0.36164913
43918	0.35829642
43919	0.35555348
43920	0.35329977
43921	0.35144529
43922	0.34992182
43923	0.34867749
43924	0.34767196
43925	0.34687418
43926	0.34626016
43927	0.34581110
43928	0.34551251
43929	0.34535298
43930	0.34532350
43931	0.34541678
43932	0.34562647
43933	0.34594667
43934	0.34637126
43935	0.34689346
43936	0.34750527
43937	0.34819692
43938	0.34895638
43939	0.34976929
43940	0.35061854
43941	0.35148418
43942	0.35234383
43943	0.35317302
43944	0.35394582
43945	0.35463592
43946	0.35521793
43947	0.35566849
43948	0.35596806
43949	0.35610202
43950	0.35606208
43951	0.35584700
43952	0.35546303
43953	0.35492402
43954	0.35425052
43955	0.35346913
43956	0.35261092
43957	0.35170987
43958	0.35080144
43959	0.34992066
43960	0.34910104
43961	0.34837312
43962	0.34776354
43963	0.34729442
43964	0.34698272
43965	0.34683999
43966	0.34687233
43967	0.34708014
43968	0.34745866
43969	0.34799781
43970	0.34868276
43971	0.34949437
43972	0.35040948
43973	0.35140193
43974	0.35244310
43975	0.35350272
43976	0.35455000
43977	0.35555458
43978	0.35648757
43979	0.35732269
43980	0.35803711
43981	0.35861248
43982	0.35903549
43983	0.35929832
43984	0.35939884
43985	0.35934052
43986	0.35913190
43987	0.35878631
43988	0.35832077
43989	0.35775533
43990	0.35711205
43991	0.35641402
43992	0.35568467
43993	0.35494691
43994	0.35422245
43995	0.35353139
43996	0.35289174
43997	0.35231924
43998	0.35182723
43999	0.35142648
44000	0.35112536
44001	0.35092965
44002	0.35084298
44003	0.35086668
44004	0.35100004
44005	0.35124049
44006	0.35158357
44007	0.35202324
44008	0.35255194
44009	0.35316074
44010	0.35383967
44011	0.35457772
44012	0.35536322
44013	0.35618415
44014	0.35702819
44015	0.35788324
44016	0.35873753
44017	0.35957968
44018	0.36039925
44019	0.36118653
44020	0.36193290
44021	0.36263064
44022	0.36327317
44023	0.36385506
44024	0.36437184
44025	0.36482021
44026	0.36519769
44027	0.36550289
44028	0.36573547
44029	0.36589578
44030	0.36598513
44031	0.36600563
44032	0.36596021
44033	0.36585248
44034	0.36568689
44035	0.36546847
44036	0.36520299
44037	0.36489695
44038	0.36455742
44039	0.36419204
44040	0.36380923
44041	0.36341769
44042	0.36302683
44043	0.36264634
44044	0.36228615
44045	0.36195651
44046	0.36166745
44047	0.36142886
44048	0.36125019
44049	0.36114004
44050	0.36110622
44051	0.36115521
44052	0.36129212
44053	0.36152035
44054	0.36184156
44055	0.36225533
44056	0.36275938
44057	0.36334929
44058	0.36401856
44059	0.36475861
44060	0.36555898
44061	0.36640725
44062	0.36728927
44063	0.36818942
44064	0.36909071
44065	0.36997512
44066	0.37082413
44067	0.37161884
44068	0.37234074
44069	0.37297225
44070	0.37349710
44071	0.37390125
44072	0.37417340
44073	0.37430558
44074	0.37429377
44075	0.37413833
44076	0.37384409
44077	0.37342060
44078	0.37288204
44079	0.37224677
44080	0.37153694
44081	0.37077767
44082	0.36999640
44083	0.36922213
44084	0.36848414
44085	0.36781162
44086	0.36723250
44087	0.36677289
44088	0.36645660
44089	0.36630434
44090	0.36633351
44091	0.36655781
44092	0.36698672
44093	0.36762559
44094	0.36847508
44095	0.36953092
44096	0.37078381
44097	0.37221947
44098	0.37381813
44099	0.37555519
44100	0.37740099
44101	0.37932178
44102	0.38128021
44103	0.38323629
44104	0.38514873
44105	0.38697642
44106	0.38867989
44107	0.39022315
44108	0.39157507
44109	0.39271116
44110	0.39361453
44111	0.39427677
44112	0.39469868
44113	0.39488962
44114	0.39486781
44115	0.39465901
44116	0.39429575
44117	0.39381599
44118	0.39326173
44119	0.39267796
44120	0.39211133
44121	0.39160928
44122	0.39121902
44123	0.39098692
44124	0.39095792
44125	0.39117521
44126	0.39167988
44127	0.39251021
44128	0.39370197
44129	0.39528781
44130	0.39729723
44131	0.39975658
44132	0.40268859
44133	0.40611336
44134	0.41004825
44135	0.41450927
44136	0.41951132
44137	0.42507127
44138	0.43120968
44139	0.43795419
44140	0.44534385
44141	0.45343399
44142	0.46230328
44143	0.47206220
44144	0.48286381
44145	0.49491882
44146	0.50851649
44147	0.52405655
44148	0.54209632
44149	0.56342876
44150	0.58920860
44151	0.62118244
44152	0.66211087
44153	0.71662599
44154	0.79313397
44155	0.90863252
44156	1.10348046
44157	1.50250721
44158	NaN
44159	NaN
44160	NaN
44161	NaN
44162	NaN
44163	NaN
44164	NaN
44165	NaN
44166	NaN
44167	NaN
44168	NaN
44169	NaN
44170	NaN
44171	NaN
44172	NaN
44173	NaN
44174	NaN
44175	NaN
44176	NaN
44177	NaN
44178	NaN
44179	NaN
44180	NaN
44181	NaN
44182	NaN
44183	NaN
44184	NaN
44185	NaN
44186	NaN
44187	NaN
44188	NaN
44189	NaN
44190	NaN
44191	NaN
44192	NaN
44193	NaN
44194	NaN
44195	NaN
44196	NaN
44197	NaN
44198	NaN
44199	NaN
44200	NaN
44201	NaN
44202	NaN
44203	NaN
44204	NaN
44205	NaN
44206	NaN
44207	NaN
44208	NaN
44209	NaN
44210	NaN
44211	NaN
44212	NaN
44213	NaN
44214	NaN
44215	NaN
44216	NaN
44217	NaN
44218	NaN
44219	NaN
44220	NaN
44221	NaN
44222	NaN
44223	NaN
44224	NaN
44225	NaN
44226	NaN
44227	NaN
44228	NaN
44229	NaN
44230	NaN
44231	NaN
44232	NaN
44233	NaN
44234	NaN
44235	NaN
44236	NaN
44237	NaN
44238	0.99167699
44239	0.49763963
44240	0.40147093
44241	0.36144489
44242	0.34007078
44243	0.32715124
44244	0.31876585
44245	0.31308305
44246	0.30913109
44247	0.30634552
44248	0.30437621
44249	0.30299419
44250	0.30204353
44251	0.30141476
44252	0.30102876
44253	0.30082735
44254	0.30076700
44255	0.30081457
44256	0.30094451
44257	0.30113700
44258	0.30137646
44259	0.30165046
44260	0.30194902
44261	0.30226398
44262	0.30258846
44263	0.30291674
44264	0.30324355
44265	0.30356431
44266	0.30387455
44267	0.30417004
44268	0.30444649
44269	0.30469939
44270	0.30492428
44271	0.30511630
44272	0.30527049
44273	0.30538189
44274	0.30544552
44275	0.30545658
44276	0.30541095
44277	0.30530524
44278	0.30513743
44279	0.30490690
44280	0.30461526
44281	0.30426636
44282	0.30386654
44283	0.30342510
44284	0.30295390
44285	0.30246735
44286	0.30198205
44287	0.30151597
44288	0.30108818
44289	0.30071750
44290	0.30042210
44291	0.30021852
44292	0.30012107
44293	0.30014098
44294	0.30028632
44295	0.30056173
44296	0.30096802
44297	0.30150250
44298	0.30215898
44299	0.30292779
44300	0.30379641
44301	0.30474934
44302	0.30576837
44303	0.30683312
44304	0.30792114
44305	0.30900854
44306	0.31007016
44307	0.31108040
44308	0.31201375
44309	0.31284586
44310	0.31355411
44311	0.31411880
44312	0.31452397
44313	0.31475827
44314	0.31481576
44315	0.31469613
44316	0.31440508
44317	0.31395400
44318	0.31335944
44319	0.31264260
44320	0.31182799
44321	0.31094241
44322	0.31001389
44323	0.30907029
44324	0.30813855
44325	0.30724341
44326	0.30640700
44327	0.30564809
44328	0.30498192
44329	0.30441988
44330	0.30396947
44331	0.30363461
44332	0.30341569
44333	0.30330980
44334	0.30331132
44335	0.30341208
44336	0.30360213
44337	0.30386981
44338	0.30420259
44339	0.30458704
44340	0.30500975
44341	0.30545735
44342	0.30591694
44343	0.30637628
44344	0.30682433
44345	0.30725110
44346	0.30764815
44347	0.30800852
44348	0.30832687
44349	0.30859956
44350	0.30882463
44351	0.30900151
44352	0.30913126
44353	0.30921614
44354	0.30925947
44355	0.30926549
44356	0.30923906
44357	0.30918553
44358	0.30911028
44359	0.30901873
44360	0.30891600
44361	0.30880681
44362	0.30869526
44363	0.30858472
44364	0.30847776
44365	0.30837643
44366	0.30828181
44367	0.30819434
44368	0.30811393
44369	0.30803990
44370	0.30797130
44371	0.30790684
44372	0.30784523
44373	0.30778524
44374	0.30772594
44375	0.30766678
44376	0.30760798
44377	0.30755046
44378	0.30749610
44379	0.30744782
44380	0.30740944
44381	0.30738568
44382	0.30738211
44383	0.30740470
44384	0.30745977
44385	0.30755350
44386	0.30769163
44387	0.30787924
44388	0.30812028
44389	0.30841738
44390	0.30877161
44391	0.30918229
44392	0.30964687
44393	0.31016082
44394	0.31071761
44395	0.31130877
44396	0.31192401
44397	0.31255120
44398	0.31317687
44399	0.31378612
44400	0.31436345
44401	0.31489283
44402	0.31535840
44403	0.31574509
44404	0.31603900
44405	0.31622836
44406	0.31630394
44407	0.31625968
44408	0.31609321
44409	0.31580606
44410	0.31540397
44411	0.31489673
44412	0.31429827
44413	0.31362584
44414	0.31289995
44415	0.31214345
44416	0.31138086
44417	0.31063780
44418	0.30993989
44419	0.30931234
44420	0.30877921
44421	0.30836260
44422	0.30808246
44423	0.30795598
44424	0.30799714
44425	0.30821654
44426	0.30862114
44427	0.30921376
44428	0.30999312
44429	0.31095341
44430	0.31208399
44431	0.31336927
44432	0.31478843
44433	0.31631544
44434	0.31791925
44435	0.31956401
44436	0.32120991
44437	0.32281446
44438	0.32433370
44439	0.32572410
44440	0.32694477
44441	0.32795939
44442	0.32873845
44443	0.32926092
44444	0.32951555
44445	0.32950148
44446	0.32922840
44447	0.32871586
44448	0.32799187
44449	0.32709196
44450	0.32605663
44451	0.32493040
44452	0.32376021
44453	0.32259375
44454	0.32147941
44455	0.32046536
44456	0.31959981
44457	0.31893170
44458	0.31851122
44459	0.31839079
44460	0.31862685
44461	0.31928104
44462	0.32042158
44463	0.32212529
44464	0.32447830
44465	0.32757789
44466	0.33153307
44467	0.33646518
44468	0.34250680
44469	0.34980229
44470	0.35850519
44471	0.36877745
44472	0.38078871
44473	0.39471701
44474	0.41075715
44475	0.42913446
44476	0.45013234
44477	0.47413862
44478	0.50171810
44479	0.53373086
44480	0.57152474
44481	0.61726934
44482	0.67458081
44483	0.74982584
44484	0.85513973
44485	1.01663601
44486	1.30234885
44487	NaN
44488	NaN
44489	NaN
44490	NaN
44491	NaN
44492	NaN
44493	NaN
44494	NaN
44495	NaN
44496	NaN
44497	NaN
44498	NaN
44499	NaN
44500	NaN
44501	NaN
44502	NaN
44503	NaN
44504	NaN
44505	NaN
44506	NaN
44507	NaN
44508	NaN
44509	NaN
44510	NaN
44511	NaN
44512	NaN
44513	NaN
44514	NaN
44515	NaN
44516	NaN
44517	NaN
44518	NaN
44519	NaN
44520	NaN
44521	NaN
44522	NaN
44523	NaN
44524	NaN
44525	NaN
44526	NaN
44527	NaN
44528	NaN
44529	NaN
44530	NaN
44531	NaN
44532	NaN
44533	NaN
44534	NaN
44535	NaN
44536	NaN
44537	NaN
44538	NaN
44539	NaN
44540	NaN
44541	NaN
44542	NaN
44543	NaN
44544	NaN
44545	NaN
44546	NaN
44547	NaN
44548	NaN
44549	NaN
44550	NaN
44551	NaN
44552	NaN
44553	NaN
44554	NaN
44555	NaN
44556	NaN
44557	NaN
44558	NaN
44559	NaN
44560	NaN
44561	NaN
44562	NaN
44563	0.97170198
44564	0.64388269
44565	0.53203887
44566	0.47562322
44567	0.44166398
44568	0.41904202
44569	0.40295631
44570	0.39099130
44571	0.38179776
44572	0.37456113
44573	0.36875975
44574	0.36404335
44575	0.36016777
44576	0.35695741
44577	0.35428277
44578	0.35204613
44579	0.35017285
44580	0.34860483
44581	0.34729660
44582	0.34621221
44583	0.34532323
44584	0.34460697
44585	0.34404561
44586	0.34362498
44587	0.34333390
44588	0.34316352
44589	0.34310687
44590	0.34315810
44591	0.34331226
44592	0.34356460
44593	0.34391004
44594	0.34434292
44595	0.34485635
44596	0.34544182
44597	0.34608886
44598	0.34678477
44599	0.34751466
44600	0.34826118
44601	0.34900528
44602	0.34972617
44603	0.35040250
44604	0.35101292
44605	0.35153735
44606	0.35195789
44607	0.35226011
44608	0.35243392
44609	0.35247436
44610	0.35238215
44611	0.35216367
44612	0.35183096
44613	0.35140088
44614	0.35089436
44615	0.35033527
44616	0.34974912
44617	0.34916204
44618	0.34859928
44619	0.34808439
44620	0.34763825
44621	0.34727836
44622	0.34701827
44623	0.34686753
44624	0.34683126
44625	0.34691018
44626	0.34710112
44627	0.34739691
44628	0.34778702
44629	0.34825787
44630	0.34879342
44631	0.34937567
44632	0.34998533
44633	0.35060251
44634	0.35120714
44635	0.35177997
44636	0.35230294
44637	0.35275990
44638	0.35313725
44639	0.35342428
44640	0.35361370
44641	0.35370162
44642	0.35368785
44643	0.35357559
44644	0.35337129
44645	0.35308418
44646	0.35272577
44647	0.35230938
44648	0.35184935
44649	0.35136071
44650	0.35085848
44651	0.35035720
44652	0.34987071
44653	0.34941155
44654	0.34899092
44655	0.34861857
44656	0.34830254
44657	0.34804937
44658	0.34786400
44659	0.34774989
44660	0.34770921
44661	0.34774286
44662	0.34785062
44663	0.34803131
44664	0.34828284
44665	0.34860227
44666	0.34898576
44667	0.34942883
44668	0.34992626
44669	0.35047218
44670	0.35106021
44671	0.35168341
44672	0.35233450
44673	0.35300586
44674	0.35368982
44675	0.35437843
44676	0.35506397
44677	0.35573867
44678	0.35639501
44679	0.35702583
44680	0.35762414
44681	0.35818359
44682	0.35869819
44683	0.35916251
44684	0.35957187
44685	0.35992211
44686	0.36021003
44687	0.36043334
44688	0.36059058
44689	0.36068138
44690	0.36070660
44691	0.36066827
44692	0.36056960
44693	0.36041507
44694	0.36021036
44695	0.35996234
44696	0.35967907
44697	0.35936937
44698	0.35904303
44699	0.35871053
44700	0.35838273
44701	0.35807085
44702	0.35778606
44703	0.35753945
44704	0.35734153
44705	0.35720223
44706	0.35713050
44707	0.35713416
44708	0.35721964
44709	0.35739180
44710	0.35765392
44711	0.35800728
44712	0.35845140
44713	0.35898367
44714	0.35959962
44715	0.36029279
44716	0.36105484
44717	0.36187562
44718	0.36274344
44719	0.36364499
44720	0.36456588
44721	0.36549065
44722	0.36640307
44723	0.36728665
44724	0.36812481
44725	0.36890152
44726	0.36960146
44727	0.37021077
44728	0.37071750
44729	0.37111193
44730	0.37138742
44731	0.37154025
44732	0.37157044
44733	0.37148169
44734	0.37128142
44735	0.37098077
44736	0.37059423
44737	0.37013954
44738	0.36963695
44739	0.36910886
44740	0.36857894
44741	0.36807176
44742	0.36761194
44743	0.36722344
44744	0.36692894
44745	0.36674926
44746	0.36670282
44747	0.36680514
44748	0.36706841
44749	0.36750105
44750	0.36810771
44751	0.36888859
44752	0.36983955
44753	0.37095195
44754	0.37221238
44755	0.37360284
44756	0.37510079
44757	0.37667960
44758	0.37830892
44759	0.37995511
44760	0.38158274
44761	0.38315508
44762	0.38463601
44763	0.38599083
44764	0.38718823
44765	0.38820159
44766	0.38901022
44767	0.38960049
44768	0.38996649
44769	0.39011046
44770	0.39004263
44771	0.38978091
44772	0.38935009
44773	0.38878068
44774	0.38810822
44775	0.38737160
44776	0.38661236
44777	0.38587323
44778	0.38519758
44779	0.38462827
44780	0.38420722
44781	0.38397488
44782	0.38396928
44783	0.38422638
44784	0.38477904
44785	0.38565692
44786	0.38688615
44787	0.38848832
44788	0.39048070
44789	0.39287543
44790	0.39567897
44791	0.39889154
44792	0.40250745
44793	0.40651438
44794	0.41089424
44795	0.41562387
44796	0.42067578
44797	0.42602146
44798	0.43163329
44799	0.43748856
44800	0.44357285
44801	0.44988576
44802	0.45644549
44803	0.46329495
44804	0.47050890
44805	0.47820082
44806	0.48653659
44807	0.49574763
44808	0.50615489
44809	0.51820534
44810	0.53252947
44811	0.55004495
44812	0.57213491
44813	0.60099006
44814	0.64030415
44815	0.69685745
44816	0.78459930
44817	0.93757707
44818	1.26650393
44819	NaN
44820	NaN
44821	NaN
44822	NaN
44823	NaN
44824	NaN
44825	NaN
44826	NaN
44827	NaN
44828	NaN
44829	NaN
44830	NaN
44831	NaN
44832	NaN
44833	NaN
44834	NaN
44835	NaN
44836	NaN
44837	NaN
44838	NaN
44839	NaN
44840	NaN
44841	NaN
44842	NaN
44843	NaN
44844	NaN
44845	NaN
44846	NaN
44847	NaN
44848	NaN
44849	NaN
44850	NaN
44851	NaN
44852	NaN
44853	NaN
44854	NaN
44855	NaN
44856	NaN
44857	NaN
44858	NaN
44859	NaN
44860	NaN
44861	NaN
44862	NaN
44863	NaN
44864	NaN
44865	NaN
44866	NaN
44867	NaN
44868	NaN
44869	NaN
44870	NaN
44871	NaN
44872	NaN
44873	NaN
44874	NaN
44875	NaN
44876	NaN
44877	NaN
44878	NaN
44879	NaN
44880	NaN
44881	NaN
44882	NaN
44883	NaN
44884	NaN
44885	NaN
44886	NaN
44887	NaN
44888	NaN
44889	NaN
44890	NaN
44891	NaN
44892	NaN
44893	NaN
44894	NaN
44895	NaN
44896	NaN
44897	1.24943829
44898	0.55239743
44899	0.42424718
44900	0.37147525
44901	0.34328389
44902	0.32610127
44903	0.31476501
44904	0.30688477
44905	0.30120382
44906	0.29699939
44907	0.29382771
44908	0.29140198
44909	0.28952923
44910	0.28807536
44911	0.28694466
44912	0.28606719
44913	0.28539094
44914	0.28487647
44915	0.28449330
44916	0.28421775
44917	0.28403077
44918	0.28391713
44919	0.28386426
44920	0.28386146
44921	0.28389943
44922	0.28396997
44923	0.28406546
44924	0.28417858
44925	0.28430218
44926	0.28442904
44927	0.28455192
44928	0.28466332
44929	0.28475556
44930	0.28482097
44931	0.28485191
44932	0.28484091
44933	0.28478113
44934	0.28466645
44935	0.28449187
44936	0.28425398
44937	0.28395137
44938	0.28358486
44939	0.28315800
44940	0.28267711
44941	0.28215146
44942	0.28159302
44943	0.28101629
44944	0.28043765
44945	0.27987483
44946	0.27934614
44947	0.27886957
44948	0.27846223
44949	0.27813956
44950	0.27791479
44951	0.27779865
44952	0.27779895
44953	0.27792078
44954	0.27816626
44955	0.27853468
44956	0.27902263
44957	0.27962399
44958	0.28033003
44959	0.28112957
44960	0.28200889
44961	0.28295177
44962	0.28393960
44963	0.28495160
44964	0.28596494
44965	0.28695512
44966	0.28789669
44967	0.28876382
44968	0.28953132
44969	0.29017568
44970	0.29067633
44971	0.29101664
44972	0.29118511
44973	0.29117614
44974	0.29099053
44975	0.29063570
44976	0.29012525
44977	0.28947830
44978	0.28871861
44979	0.28787303
44980	0.28697035
44981	0.28603977
44982	0.28510970
44983	0.28420669
44984	0.28335443
44985	0.28257325
44986	0.28187981
44987	0.28128678
44988	0.28080311
44989	0.28043395
44990	0.28018099
44991	0.28004292
44992	0.28001559
44993	0.28009245
44994	0.28026482
44995	0.28052244
44996	0.28085357
44997	0.28124553
44998	0.28168491
44999	0.28215793
45000	0.28265083
45001	0.28315014
45002	0.28364295
45003	0.28411737
45004	0.28456265
45005	0.28496960
45006	0.28533065
45007	0.28564012
45008	0.28589422
45009	0.28609112
45010	0.28623098
45011	0.28631565
45012	0.28634876
45013	0.28633520
45014	0.28628099
45015	0.28619289
45016	0.28607816
45017	0.28594393
45018	0.28579730
45019	0.28564465
45020	0.28549170
45021	0.28534335
45022	0.28520340
45023	0.28507471
45024	0.28495917
45025	0.28485772
45026	0.28477049
45027	0.28469694
45028	0.28463584
45029	0.28458551
45030	0.28454399
45031	0.28450912
45032	0.28447857
45033	0.28445035
45034	0.28442270
45035	0.28439438
45036	0.28436485
45037	0.28433451
45038	0.28430456
45039	0.28427729
45040	0.28425589
45041	0.28424439
45042	0.28424737
45043	0.28426993
45044	0.28431720
45045	0.28439406
45046	0.28450489
45047	0.28465334
45048	0.28484184
45049	0.28507155
45050	0.28534210
45051	0.28565156
45052	0.28599623
45053	0.28637075
45054	0.28676793
45055	0.28717917
45056	0.28759432
45057	0.28800187
45058	0.28838944
45059	0.28874388
45060	0.28905174
45061	0.28929970
45062	0.28947499
45063	0.28956595
45064	0.28956252
45065	0.28945667
45066	0.28924286
45067	0.28891826
45068	0.28848305
45069	0.28794047
45070	0.28729668
45071	0.28656060
45072	0.28574347
45073	0.28485858
45074	0.28392062
45075	0.28294522
45076	0.28194860
45077	0.28094682
45078	0.27995563
45079	0.27899015
45080	0.27806461
45081	0.27719223
45082	0.27638513
45083	0.27565452
45084	0.27501056
45085	0.27446276
45086	0.27401975
45087	0.27368957
45088	0.27347967
45089	0.27339670
45090	0.27344635
45091	0.27363279
45092	0.27395836
45093	0.27442247
45094	0.27502093
45095	0.27574477
45096	0.27657971
45097	0.27750540
45098	0.27849555
45099	0.27951890
45100	0.28054056
45101	0.28152406
45102	0.28243390
45103	0.28323761
45104	0.28390801
45105	0.28442442
45106	0.28477395
45107	0.28495133
45108	0.28495905
45109	0.28480619
45110	0.28450793
45111	0.28408429
45112	0.28355938
45113	0.28296062
45114	0.28231812
45115	0.28166464
45116	0.28103575
45117	0.28047028
45118	0.28001076
45119	0.27970478
45120	0.27960610
45121	0.27977583
45122	0.28028405
45123	0.28121087
45124	0.28264797
45125	0.28469890
45126	0.28747946
45127	0.29111618
45128	0.29574472
45129	0.30150676
45130	0.30854571
45131	0.31700408
45132	0.32702073
45133	0.33873403
45134	0.35229081
45135	0.36786336
45136	0.38568014
45137	0.40607059
45138	0.42953473
45139	0.45684758
45140	0.48923051
45141	0.52864623
45142	0.57837033
45143	0.64418250
45144	0.73718840
45145	0.88163018
45146	1.14224982
45147	NaN
45148	NaN
45149	NaN
45150	NaN
45151	NaN
45152	NaN
45153	NaN
45154	NaN
45155	NaN
45156	NaN
45157	NaN
45158	NaN
45159	NaN
45160	NaN
45161	NaN
45162	NaN
45163	NaN
45164	NaN
45165	NaN
45166	NaN
45167	NaN
45168	NaN
45169	NaN
45170	NaN
45171	NaN
45172	NaN
45173	NaN
45174	NaN
45175	NaN
45176	NaN
45177	NaN
45178	NaN
45179	NaN
45180	NaN
45181	NaN
45182	NaN
45183	NaN
45184	NaN
45185	NaN
45186	NaN
45187	NaN
45188	NaN
45189	NaN
45190	NaN
45191	NaN
45192	NaN
45193	NaN
45194	NaN
45195	NaN
45196	NaN
45197	NaN
45198	NaN
45199	NaN
45200	NaN
45201	NaN
45202	NaN
45203	NaN
45204	NaN
45205	NaN
45206	NaN
45207	NaN
45208	NaN
45209	NaN
45210	NaN
45211	NaN
45212	NaN
45213	NaN
45214	NaN
45215	NaN
45216	NaN
45217	NaN
45218	NaN
45219	NaN
45220	NaN
45221	NaN
45222	NaN
45223	NaN
45224	NaN
45225	0.77990371
45226	0.52749121
45227	0.44038123
45228	0.39637733
45229	0.36996037
45230	0.35245997
45231	0.34011364
45232	0.33102152
45233	0.32411858
45234	0.31875977
45235	0.31453091
45236	0.31115323
45237	0.30843201
45238	0.30622685
45239	0.30443424
45240	0.30297628
45241	0.30179334
45242	0.30083948
45243	0.30007881
45244	0.29948327
45245	0.29903105
45246	0.29870492
45247	0.29849169
45248	0.29838097
45249	0.29836491
45250	0.29843748
45251	0.29859394
45252	0.29883045
45253	0.29914367
45254	0.29953030
45255	0.29998669
45256	0.30050838
45257	0.30108958
45258	0.30172312
45259	0.30239961
45260	0.30310771
45261	0.30383369
45262	0.30456173
45263	0.30527404
45264	0.30595165
45265	0.30657488
45266	0.30712447
45267	0.30758250
45268	0.30793366
45269	0.30816630
45270	0.30827320
45271	0.30825245
45272	0.30810773
45273	0.30784813
45274	0.30748793
45275	0.30704564
45276	0.30654305
45277	0.30600423
45278	0.30545390
45279	0.30491668
45280	0.30441576
45281	0.30397201
45282	0.30360350
45283	0.30332476
45284	0.30314657
45285	0.30307573
45286	0.30311516
45287	0.30326384
45288	0.30351722
45289	0.30386722
45290	0.30430281
45291	0.30481035
45292	0.30537394
45293	0.30597615
45294	0.30659828
45295	0.30722123
45296	0.30782598
45297	0.30839431
45298	0.30890933
45299	0.30935606
45300	0.30972216
45301	0.30999818
45302	0.31017792
45303	0.31025857
45304	0.31024081
45305	0.31012845
45306	0.30992851
45307	0.30965015
45308	0.30930486
45309	0.30890530
45310	0.30846503
45311	0.30799803
45312	0.30751801
45313	0.30703819
45314	0.30657110
45315	0.30612814
45316	0.30571958
45317	0.30535454
45318	0.30504087
45319	0.30478513
45320	0.30459285
45321	0.30446827
45322	0.30441457
45323	0.30443382
45324	0.30452707
45325	0.30469432
45326	0.30493441
45327	0.30524519
45328	0.30562341
45329	0.30606464
45330	0.30656347
45331	0.30711350
45332	0.30770734
45333	0.30833682
45334	0.30899316
45335	0.30966699
45336	0.31034866
45337	0.31102842
45338	0.31169656
45339	0.31234375
45340	0.31296101
45341	0.31354004
45342	0.31407329
45343	0.31455413
45344	0.31497678
45345	0.31533656
45346	0.31562978
45347	0.31585392
45348	0.31600749
45349	0.31609014
45350	0.31610265
45351	0.31604695
45352	0.31592613
45353	0.31574431
45354	0.31550688
45355	0.31522018
45356	0.31489164
45357	0.31452972
45358	0.31414363
45359	0.31374347
45360	0.31333992
45361	0.31294420
45362	0.31256789
45363	0.31222263
45364	0.31192008
45365	0.31167164
45366	0.31148809
45367	0.31137937
45368	0.31135437
45369	0.31142053
45370	0.31158361
45371	0.31184751
45372	0.31221405
45373	0.31268299
45374	0.31325167
45375	0.31391546
45376	0.31466734
45377	0.31549835
45378	0.31639755
45379	0.31735224
45380	0.31834823
45381	0.31937000
45382	0.32040080
45383	0.32142320
45384	0.32241923
45385	0.32337081
45386	0.32426000
45387	0.32506964
45388	0.32578364
45389	0.32638764
45390	0.32686937
45391	0.32721940
45392	0.32743126
45393	0.32750219
45394	0.32743329
45395	0.32722965
45396	0.32690063
45397	0.32645950
45398	0.32592335
45399	0.32531267
45400	0.32465065
45401	0.32396269
45402	0.32327563
45403	0.32261702
45404	0.32201439
45405	0.32149461
45406	0.32108301
45407	0.32080296
45408	0.32067537
45409	0.32071790
45410	0.32094496
45411	0.32136703
45412	0.32199040
45413	0.32281691
45414	0.32384375
45415	0.32506317
45416	0.32646233
45417	0.32802331
45418	0.32972297
45419	0.33153325
45420	0.33342165
45421	0.33535153
45422	0.33728331
45423	0.33917525
45424	0.34098503
45425	0.34267130
45426	0.34419534
45427	0.34552255
45428	0.34662440
45429	0.34747967
45430	0.34807551
45431	0.34840825
45432	0.34848344
45433	0.34831595
45434	0.34792921
45435	0.34735435
45436	0.34662917
45437	0.34579670
45438	0.34490398
45439	0.34400094
45440	0.34313926
45441	0.34237123
45442	0.34174946
45443	0.34132600
45444	0.34115246
45445	0.34127951
45446	0.34175691
45447	0.34263355
45448	0.34395736
45449	0.34577504
45450	0.34813130
45451	0.35106876
45452	0.35462674
45453	0.35884005
45454	0.36373794
45455	0.36934209
45456	0.37566563
45457	0.38271219
45458	0.39047492
45459	0.39893702
45460	0.40807286
45461	0.41785103
45462	0.42823833
45463	0.43920630
45464	0.45073795
45465	0.46283939
45466	0.47555071
45467	0.48896155
45468	0.50323129
45469	0.51861370
45470	0.53549731
45471	0.55446374
45472	0.57638639
45473	0.60259986
45474	0.63522762
45475	0.67783153
45476	0.73687238
45477	0.82541442
45478	0.97447598
45479	1.28018320
45480	NaN
45481	NaN
45482	NaN
45483	NaN
45484	NaN
45485	NaN
45486	NaN
45487	NaN
45488	NaN
45489	NaN
45490	NaN
45491	NaN
45492	NaN
45493	NaN
45494	NaN
45495	NaN
45496	NaN
45497	NaN
45498	NaN
45499	NaN
45500	NaN
45501	NaN
45502	NaN
45503	NaN
45504	NaN
45505	NaN
45506	NaN
45507	NaN
45508	NaN
45509	NaN
45510	NaN
45511	NaN
45512	NaN
45513	NaN
45514	NaN
45515	NaN
45516	NaN
45517	NaN
45518	NaN
45519	NaN
45520	NaN
45521	NaN
45522	NaN
45523	NaN
45524	NaN
45525	NaN
45526	NaN
45527	NaN
45528	NaN
45529	NaN
45530	NaN
45531	NaN
45532	NaN
45533	NaN
45534	NaN
45535	NaN
45536	NaN
45537	NaN
45538	NaN
45539	NaN
45540	NaN
45541	NaN
45542	NaN
45543	NaN
45544	NaN
45545	NaN
45546	NaN
45547	NaN
45548	NaN
45549	NaN
45550	NaN
45551	NaN
45552	NaN
45553	NaN
45554	NaN
45555	NaN
45556	NaN
45557	NaN
45558	NaN
45559	NaN
45560	NaN
45561	NaN
45562	0.44119754
45563	0.33664218
45564	0.29623199
45565	0.27569386
45566	0.26380050
45567	0.25639218
45568	0.25157461
45569	0.24836463
45570	0.24620330
45571	0.24475130
45572	0.24379210
45573	0.24318206
45574	0.24282312
45575	0.24264659
45576	0.24260363
45577	0.24265875
45578	0.24278599
45579	0.24296588
45580	0.24318381
45581	0.24342841
45582	0.24369071
45583	0.24396352
45584	0.24424061
45585	0.24451652
45586	0.24478614
45587	0.24504462
45588	0.24528705
45589	0.24550833
45590	0.24570331
45591	0.24586655
45592	0.24599250
45593	0.24607547
45594	0.24610989
45595	0.24609044
45596	0.24601232
45597	0.24587150
45598	0.24566495
45599	0.24539107
45600	0.24504992
45601	0.24464354
45602	0.24417624
45603	0.24365467
45604	0.24308805
45605	0.24248801
45606	0.24186836
45607	0.24124475
45608	0.24063411
45609	0.24005404
45610	0.23952198
45611	0.23905446
45612	0.23866639
45613	0.23837051
45614	0.23817679
45615	0.23809217
45616	0.23812056
45617	0.23826273
45618	0.23851661
45619	0.23887761
45620	0.23933874
45621	0.23989108
45622	0.24052390
45623	0.24122505
45624	0.24198084
45625	0.24277645
45626	0.24359582
45627	0.24442182
45628	0.24523640
45629	0.24602085
45630	0.24675605
45631	0.24742308
45632	0.24800368
45633	0.24848107
45634	0.24884063
45635	0.24907076
45636	0.24916357
45637	0.24911545
45638	0.24892752
45639	0.24860559
45640	0.24816015
45641	0.24760577
45642	0.24696036
45643	0.24624428
45644	0.24547942
45645	0.24468794
45646	0.24389149
45647	0.24311033
45648	0.24236272
45649	0.24166438
45650	0.24102834
45651	0.24046487
45652	0.23998143
45653	0.23958279
45654	0.23927146
45655	0.23904765
45656	0.23890968
45657	0.23885414
45658	0.23887624
45659	0.23896991
45660	0.23912802
45661	0.23934266
45662	0.23960514
45663	0.23990640
45664	0.24023694
45665	0.24058732
45666	0.24094808
45667	0.24131000
45668	0.24166448
45669	0.24200360
45670	0.24232031
45671	0.24260864
45672	0.24286371
45673	0.24308197
45674	0.24326105
45675	0.24339981
45676	0.24349825
45677	0.24355738
45678	0.24357915
45679	0.24356613
45680	0.24352154
45681	0.24344891
45682	0.24335198
45683	0.24323466
45684	0.24310075
45685	0.24295393
45686	0.24279776
45687	0.24263564
45688	0.24247070
45689	0.24230602
45690	0.24214450
45691	0.24198890
45692	0.24184200
45693	0.24170642
45694	0.24158467
45695	0.24147916
45696	0.24139211
45697	0.24132544
45698	0.24128084
45699	0.24125960
45700	0.24126276
45701	0.24129091
45702	0.24134444
45703	0.24142335
45704	0.24152759
45705	0.24165675
45706	0.24181037
45707	0.24198774
45708	0.24218804
45709	0.24241017
45710	0.24265292
45711	0.24291469
45712	0.24319363
45713	0.24348745
45714	0.24379353
45715	0.24410881
45716	0.24442983
45717	0.24475266
45718	0.24507293
45719	0.24538590
45720	0.24568640
45721	0.24596901
45722	0.24622788
45723	0.24645713
45724	0.24665073
45725	0.24680285
45726	0.24690801
45727	0.24696119
45728	0.24695840
45729	0.24689659
45730	0.24677429
45731	0.24659148
45732	0.24635002
45733	0.24605358
45734	0.24570785
45735	0.24532025
45736	0.24489985
45737	0.24445722
45738	0.24400407
45739	0.24355300
45740	0.24311708
45741	0.24270967
45742	0.24234411
45743	0.24203332
45744	0.24178986
45745	0.24162528
45746	0.24155034
45747	0.24157460
45748	0.24170625
45749	0.24195199
45750	0.24231674
45751	0.24280334
45752	0.24341235
45753	0.24414158
45754	0.24498592
45755	0.24593675
45756	0.24698189
45757	0.24810515
45758	0.24928632
45759	0.25050122
45760	0.25172204
45761	0.25291795
45762	0.25405598
45763	0.25510210
45764	0.25602281
45765	0.25678653
45766	0.25736499
45767	0.25773475
45768	0.25787804
45769	0.25778359
45770	0.25744683
45771	0.25686982
45772	0.25606060
45773	0.25503254
45774	0.25380352
45775	0.25239480
45776	0.25083035
45777	0.24913613
45778	0.24733923
45779	0.24546807
45780	0.24355204
45781	0.24162205
45782	0.23971084
45783	0.23785423
45784	0.23609197
45785	0.23446935
45786	0.23303869
45787	0.23186080
45788	0.23100717
45789	0.23056079
45790	0.23061749
45791	0.23128588
45792	0.23268639
45793	0.23494858
45794	0.23820701
45795	0.24259557
45796	0.24824019
45797	0.25525394
45798	0.26373219
45799	0.27375272
45800	0.28538266
45801	0.29869038
45802	0.31376955
45803	0.33077154
45804	0.34994996
45805	0.37172553
45806	0.39678681
45807	0.42625087
45808	0.46196270
45809	0.50708491
45810	0.56740069
45811	0.65460974
45812	0.79632407
45813	1.07688928
45814	NaN
45815	NaN
45816	NaN
45817	NaN
45818	NaN
45819	NaN
45820	NaN
45821	NaN
45822	NaN
45823	NaN
45824	NaN
45825	NaN
45826	NaN
45827	NaN
45828	NaN
45829	NaN
45830	NaN
45831	NaN
45832	NaN
45833	NaN
45834	NaN
45835	NaN
45836	NaN
45837	NaN
45838	NaN
45839	NaN
45840	NaN
45841	NaN
45842	NaN
45843	NaN
45844	NaN
45845	NaN
45846	NaN
45847	NaN
45848	NaN
45849	NaN
45850	NaN
45851	NaN
45852	NaN
45853	NaN
45854	NaN
45855	NaN
45856	NaN
45857	NaN
45858	NaN
45859	NaN
45860	NaN
45861	NaN
45862	NaN
45863	NaN
45864	NaN
45865	NaN
45866	NaN
45867	NaN
45868	NaN
45869	NaN
45870	NaN
45871	NaN
45872	NaN
45873	NaN
45874	NaN
45875	NaN
45876	NaN
45877	NaN
45878	NaN
45879	NaN
45880	NaN
45881	NaN
45882	NaN
45883	NaN
45884	NaN
45885	NaN
45886	NaN
45887	NaN
45888	NaN
45889	NaN
45890	NaN
45891	NaN
45892	NaN
45893	NaN
45894	NaN
45895	NaN
45896	NaN
45897	0.73645419
45898	0.52026290
45899	0.43704244
45900	0.39369294
45901	0.36754298
45902	0.35034180
45903	0.33836684
45904	0.32969221
45905	0.32322228
45906	0.31828851
45907	0.31446058
45908	0.31144992
45909	0.30905634
45910	0.30713752
45911	0.30558982
45912	0.30433685
45913	0.30332145
45914	0.30250067
45915	0.30184186
45916	0.30132037
45917	0.30091757
45918	0.30061948
45919	0.30041575
45920	0.30029866
45921	0.30026257
45922	0.30030328
45923	0.30041739
45924	0.30060199
45925	0.30085394
45926	0.30116954
45927	0.30154431
45928	0.30197206
45929	0.30244508
45930	0.30295354
45931	0.30348554
45932	0.30402690
45933	0.30456159
45934	0.30507180
45935	0.30553874
45936	0.30594343
45937	0.30626753
45938	0.30649465
45939	0.30661130
45940	0.30660802
45941	0.30648035
45942	0.30622935
45943	0.30586201
45944	0.30539081
45945	0.30483341
45946	0.30421168
45947	0.30355051
45948	0.30287656
45949	0.30221704
45950	0.30159822
45951	0.30104464
45952	0.30057800
45953	0.30021659
45954	0.29997489
45955	0.29986310
45956	0.29988712
45957	0.30004862
45958	0.30034482
45959	0.30076909
45960	0.30131081
45961	0.30195585
45962	0.30268696
45963	0.30348420
45964	0.30432549
45965	0.30518731
45966	0.30604532
45967	0.30687514
45968	0.30765337
45969	0.30835816
45970	0.30897027
45971	0.30947357
45972	0.30985576
45973	0.31010878
45974	0.31022897
45975	0.31021717
45976	0.31007835
45977	0.30982140
45978	0.30945861
45979	0.30900478
45980	0.30847687
45981	0.30789301
45982	0.30727208
45983	0.30663306
45984	0.30599448
45985	0.30537400
45986	0.30478814
45987	0.30425194
45988	0.30377880
45989	0.30338049
45990	0.30306670
45991	0.30284539
45992	0.30272260
45993	0.30270234
45994	0.30278686
45995	0.30297634
45996	0.30326921
45997	0.30366200
45998	0.30414948
45999	0.30472469
46000	0.30537918
46001	0.30610314
46002	0.30688557
46003	0.30771476
46004	0.30857816
46005	0.30946323
46006	0.31035724
46007	0.31124783
46008	0.31212309
46009	0.31297189
46010	0.31378400
46011	0.31455004
46012	0.31526199
46013	0.31591278
46014	0.31649655
46015	0.31700873
46016	0.31744587
46017	0.31780568
46018	0.31808713
46019	0.31829014
46020	0.31841594
46021	0.31846666
46022	0.31844550
46023	0.31835669
46024	0.31820548
46025	0.31799790
46026	0.31774110
46027	0.31744304
46028	0.31711251
46029	0.31675920
46030	0.31639361
46031	0.31602678
46032	0.31567049
46033	0.31533679
46034	0.31503806
46035	0.31478652
46036	0.31459409
46037	0.31447187
46038	0.31443015
46039	0.31447777
46040	0.31462198
46041	0.31486812
46042	0.31521958
46043	0.31567749
46044	0.31624073
46045	0.31690583
46046	0.31766710
46047	0.31851664
46048	0.31944424
46049	0.32043773
46050	0.32148287
46051	0.32256356
46052	0.32366222
46053	0.32475972
46054	0.32583588
46055	0.32686973
46056	0.32784012
46057	0.32872590
46058	0.32950681
46059	0.33016387
46060	0.33068034
46061	0.33104214
46062	0.33123875
46063	0.33126366
46064	0.33111510
46065	0.33079633
46066	0.33031580
46067	0.32968736
46068	0.32892975
46069	0.32806641
46070	0.32712471
46071	0.32613522
46072	0.32513064
46073	0.32414502
46074	0.32321274
46075	0.32236728
46076	0.32164085
46077	0.32106316
46078	0.32066107
46079	0.32045785
46080	0.32047290
46081	0.32072127
46082	0.32121336
46083	0.32195461
46084	0.32294515
46085	0.32417953
46086	0.32564622
46087	0.32732743
46088	0.32919887
46089	0.33122957
46090	0.33338213
46091	0.33561286
46092	0.33787289
46093	0.34010914
46094	0.34226587
46095	0.34428689
46096	0.34611762
46097	0.34770787
46098	0.34901413
46099	0.35000223
46100	0.35064873
46101	0.35094288
46102	0.35088709
46103	0.35049677
46104	0.34979984
46105	0.34883511
46106	0.34765077
46107	0.34630221
46108	0.34485021
46109	0.34335855
46110	0.34189275
46111	0.34051844
46112	0.33930042
46113	0.33830196
46114	0.33758423
46115	0.33720645
46116	0.33722559
46117	0.33769652
46118	0.33867204
46119	0.34020230
46120	0.34233505
46121	0.34511414
46122	0.34857911
46123	0.35276270
46124	0.35768992
46125	0.36337534
46126	0.36982122
46127	0.37701562
46128	0.38493168
46129	0.39352825
46130	0.40275240
46131	0.41254458
46132	0.42284593
46133	0.43360800
46134	0.44480652
46135	0.45645520
46136	0.46862316
46137	0.48145407
46138	0.49519235
46139	0.51021719
46140	0.52709645
46141	0.54667509
46142	0.57022965
46143	0.59976852
46144	0.63862938
46145	0.69281739
46146	0.77437353
46147	0.91164529
46148	1.19121003
46149	NaN
46150	NaN
46151	NaN
46152	NaN
46153	NaN
46154	NaN
46155	NaN
46156	NaN
46157	NaN
46158	NaN
46159	NaN
46160	NaN
46161	NaN
46162	NaN
46163	NaN
46164	NaN
46165	NaN
46166	NaN
46167	NaN
46168	NaN
46169	NaN
46170	NaN
46171	NaN
46172	NaN
46173	NaN
46174	NaN
46175	NaN
46176	NaN
46177	NaN
46178	NaN
46179	NaN
46180	NaN
46181	NaN
46182	NaN
46183	NaN
46184	NaN
46185	NaN
46186	NaN
46187	NaN
46188	NaN
46189	NaN
46190	NaN
46191	NaN
46192	NaN
46193	NaN
46194	NaN
46195	NaN
46196	NaN
46197	NaN
46198	NaN
46199	NaN
46200	NaN
46201	NaN
46202	NaN
46203	NaN
46204	NaN
46205	NaN
46206	NaN
46207	NaN
46208	NaN
46209	NaN
46210	NaN
46211	NaN
46212	NaN
46213	NaN
46214	NaN
46215	NaN
46216	NaN
46217	NaN
46218	NaN
46219	NaN
46220	NaN
46221	NaN
46222	NaN
46223	NaN
46224	NaN
46225	NaN
46226	NaN
46227	NaN
46228	NaN
46229	NaN
46230	NaN
46231	NaN
46232	NaN
46233	NaN
46234	NaN
46235	0.55427474
46236	0.35442975
46237	0.30625027
46238	0.28567076
46239	0.27487287
46240	0.26860940
46241	0.26478267
46242	0.26239192
46243	0.26090088
46244	0.25999832
46245	0.25949216
46246	0.25925854
46247	0.25921500
46248	0.25930497
46249	0.25948918
46250	0.25973967
46251	0.26003656
46252	0.26036540
46253	0.26071581
46254	0.26108021
46255	0.26145288
46256	0.26182950
46257	0.26220655
46258	0.26258105
46259	0.26295027
46260	0.26331145
46261	0.26366168
46262	0.26399764
46263	0.26431575
46264	0.26461205
46265	0.26488209
46266	0.26512107
46267	0.26532406
46268	0.26548588
46269	0.26560134
46270	0.26566562
46271	0.26567423
46272	0.26562345
46273	0.26551053
46274	0.26533398
46275	0.26509395
46276	0.26479235
46277	0.26443318
46278	0.26402244
46279	0.26356855
46280	0.26308194
46281	0.26257503
46282	0.26206195
46283	0.26155806
46284	0.26107943
46285	0.26064241
46286	0.26026270
46287	0.25995508
46288	0.25973275
46289	0.25960672
46290	0.25958583
46291	0.25967625
46292	0.25988147
46293	0.26020217
46294	0.26063630
46295	0.26117891
46296	0.26182237
46297	0.26255623
46298	0.26336727
46299	0.26423964
46300	0.26515508
46301	0.26609302
46302	0.26703116
46303	0.26794586
46304	0.26881301
46305	0.26960894
46306	0.27031121
46307	0.27089986
46308	0.27135819
46309	0.27167389
46310	0.27183953
46311	0.27185312
46312	0.27171811
46313	0.27144331
46314	0.27104217
46315	0.27053210
46316	0.26993343
46317	0.26926827
46318	0.26855943
46319	0.26782927
46320	0.26709911
46321	0.26638812
46322	0.26571313
46323	0.26508814
46324	0.26452434
46325	0.26403007
46326	0.26361093
46327	0.26327008
46328	0.26300848
46329	0.26282516
46330	0.26271766
46331	0.26268208
46332	0.26271352
46333	0.26280624
46334	0.26295388
46335	0.26314932
46336	0.26338530
46337	0.26365396
46338	0.26394728
46339	0.26425698
46340	0.26457477
46341	0.26489240
46342	0.26520187
46343	0.26549575
46344	0.26576734
46345	0.26601073
46346	0.26622123
46347	0.26639530
46348	0.26653063
46349	0.26662609
46350	0.26668170
46351	0.26669851
46352	0.26667824
46353	0.26662338
46354	0.26653665
46355	0.26642117
46356	0.26628011
46357	0.26611659
46358	0.26593375
46359	0.26573443
46360	0.26552153
46361	0.26529768
46362	0.26506546
46363	0.26482731
46364	0.26458576
46365	0.26434329
46366	0.26410255
46367	0.26386631
46368	0.26363739
46369	0.26341903
46370	0.26321453
46371	0.26302743
46372	0.26286143
46373	0.26272041
46374	0.26260826
46375	0.26252890
46376	0.26248622
46377	0.26248378
46378	0.26252502
46379	0.26261279
46380	0.26274946
46381	0.26293674
46382	0.26317552
46383	0.26346588
46384	0.26380685
46385	0.26419637
46386	0.26463145
46387	0.26510775
46388	0.26561987
46389	0.26616123
46390	0.26672399
46391	0.26729915
46392	0.26787671
46393	0.26844558
46394	0.26899382
46395	0.26950881
46396	0.26997739
46397	0.27038643
46398	0.27072302
46399	0.27097487
46400	0.27113095
46401	0.27118197
46402	0.27112091
46403	0.27094361
46404	0.27064919
46405	0.27024037
46406	0.26972374
46407	0.26910993
46408	0.26841319
46409	0.26765135
46410	0.26684517
46411	0.26601782
46412	0.26519418
46413	0.26440012
46414	0.26366183
46415	0.26300505
46416	0.26245469
46417	0.26203409
46418	0.26176479
46419	0.26166609
46420	0.26175475
46421	0.26204461
46422	0.26254636
46423	0.26326695
46424	0.26420936
46425	0.26537195
46426	0.26674783
46427	0.26832443
46428	0.27008259
46429	0.27199632
46430	0.27403241
46431	0.27615032
46432	0.27830246
46433	0.28043544
46434	0.28249145
46435	0.28441039
46436	0.28613290
46437	0.28760335
46438	0.28877297
46439	0.28960311
46440	0.29006717
46441	0.29015234
46442	0.28985965
46443	0.28920370
46444	0.28821084
46445	0.28691742
46446	0.28536689
46447	0.28360820
46448	0.28169337
46449	0.27967596
46450	0.27761048
46451	0.27555162
46452	0.27355501
46453	0.27167788
46454	0.26998127
46455	0.26853120
46456	0.26740301
46457	0.26668447
46458	0.26648074
46459	0.26692066
46460	0.26816291
46461	0.27040556
46462	0.27389553
46463	0.27894020
46464	0.28592014
46465	0.29530290
46466	0.30765861
46467	0.32367548
46468	0.34418115
46469	0.37017086
46470	0.40286416
46471	0.44381249
46472	0.49511433
46473	0.55985522
46474	0.64299762
46475	0.75331223
46476	0.90793115
46477	1.14497101
46478	1.56798327
46479	NaN
46480	NaN
46481	NaN
46482	NaN
46483	NaN
46484	NaN
46485	NaN
46486	NaN
46487	NaN
46488	NaN
46489	NaN
46490	NaN
46491	NaN
46492	NaN
46493	NaN
46494	NaN
46495	NaN
46496	NaN
46497	NaN
46498	NaN
46499	NaN
46500	NaN
46501	NaN
46502	NaN
46503	NaN
46504	NaN
46505	NaN
46506	NaN
46507	NaN
46508	NaN
46509	NaN
46510	NaN
46511	NaN
46512	NaN
46513	NaN
46514	NaN
46515	NaN
46516	NaN
46517	NaN
46518	NaN
46519	NaN
46520	NaN
46521	NaN
46522	NaN
46523	NaN
46524	NaN
46525	NaN
46526	NaN
46527	NaN
46528	NaN
46529	NaN
46530	NaN
46531	NaN
46532	NaN
46533	NaN
46534	NaN
46535	NaN
46536	NaN
46537	NaN
46538	NaN
46539	NaN
46540	NaN
46541	NaN
46542	NaN
46543	NaN
46544	NaN
46545	NaN
46546	NaN
46547	NaN
46548	NaN
46549	NaN
46550	NaN
46551	NaN
46552	NaN
46553	NaN
46554	NaN
46555	NaN
46556	NaN
46557	NaN
46558	NaN
46559	NaN
46560	NaN
46561	NaN
46562	NaN
46563	NaN
46564	NaN
46565	NaN
46566	NaN
46567	1.35987091
46568	0.65167427
46569	0.50163490
46570	0.43717119
46571	0.40174767
46572	0.37961903
46573	0.36466172
46574	0.35399735
46575	0.34609458
46576	0.34006408
46577	0.33535433
46578	0.33160597
46579	0.32857564
46580	0.32609305
46581	0.32403660
46582	0.32231748
46583	0.32087022
46584	0.31964591
46585	0.31860793
46586	0.31772882
46587	0.31698811
46588	0.31637082
46589	0.31586584
46590	0.31546551
46591	0.31516469
46592	0.31495994
46593	0.31484932
46594	0.31483155
46595	0.31490576
46596	0.31507099
46597	0.31532565
46598	0.31566697
46599	0.31609088
46600	0.31659111
46601	0.31715921
46602	0.31778407
46603	0.31845173
46604	0.31914559
46605	0.31984618
46606	0.32053196
46607	0.32117966
46608	0.32176530
46609	0.32226542
46610	0.32265812
46611	0.32292467
46612	0.32305077
46613	0.32302779
46614	0.32285365
46615	0.32253337
46616	0.32207912
46617	0.32150957
46618	0.32084918
46619	0.32012671
46620	0.31937379
46621	0.31862310
46622	0.31790698
46623	0.31725585
46624	0.31669703
46625	0.31625381
46626	0.31594479
46627	0.31578338
46628	0.31577772
46629	0.31593049
46630	0.31623909
46631	0.31669590
46632	0.31728849
46633	0.31800014
46634	0.31881016
46635	0.31969461
46636	0.32062697
46637	0.32157880
46638	0.32252085
46639	0.32342380
46640	0.32425949
46641	0.32500190
46642	0.32562816
46643	0.32611960
46644	0.32646221
46645	0.32664758
46646	0.32667276
46647	0.32654056
46648	0.32625902
46649	0.32584101
46650	0.32530338
46651	0.32466626
46652	0.32395196
46653	0.32318422
46654	0.32238710
46655	0.32158443
46656	0.32079908
46657	0.32005230
46658	0.31936345
46659	0.31874964
46660	0.31822550
46661	0.31780311
46662	0.31749198
46663	0.31729895
46664	0.31722829
46665	0.31728184
46666	0.31745887
46667	0.31775641
46668	0.31816921
46669	0.31868988
46670	0.31930906
46671	0.32001570
46672	0.32079720
46673	0.32163987
46674	0.32252911
46675	0.32345003
46676	0.32438755
46677	0.32532704
46678	0.32625467
46679	0.32715753
46680	0.32802406
46681	0.32884422
46682	0.32960945
46683	0.33031297
46684	0.33094928
46685	0.33151460
46686	0.33200639
46687	0.33242330
46688	0.33276507
46689	0.33303228
46690	0.33322626
46691	0.33334911
46692	0.33340353
46693	0.33339280
46694	0.33332083
46695	0.33319202
46696	0.33301136
46697	0.33278459
46698	0.33251792
46699	0.33221829
46700	0.33189318
46701	0.33155078
46702	0.33119985
46703	0.33084977
46704	0.33051032
46705	0.33019182
46706	0.32990471
46707	0.32965961
46708	0.32946700
46709	0.32933694
46710	0.32927877
46711	0.32930100
46712	0.32941094
46713	0.32961437
46714	0.32991561
46715	0.33031711
46716	0.33081958
46717	0.33142173
46718	0.33212030
46719	0.33291012
46720	0.33378401
46721	0.33473280
46722	0.33574528
46723	0.33680841
46724	0.33790722
46725	0.33902502
46726	0.34014356
46727	0.34124330
46728	0.34230366
46729	0.34330362
46730	0.34422216
46731	0.34503886
46732	0.34573472
46733	0.34629279
46734	0.34669906
46735	0.34694320
46736	0.34701926
46737	0.34692609
46738	0.34666803
46739	0.34625477
46740	0.34570152
46741	0.34502855
46742	0.34426090
46743	0.34342739
46744	0.34255984
46745	0.34169230
46746	0.34085956
46747	0.34009656
46748	0.33943728
46749	0.33891377
46750	0.33855534
46751	0.33838814
46752	0.33843443
46753	0.33871195
46754	0.33923382
46755	0.34000778
46756	0.34103626
46757	0.34231573
46758	0.34383640
46759	0.34558213
46760	0.34752989
46761	0.34964994
46762	0.35190594
46763	0.35425517
46764	0.35664925
46765	0.35903543
46766	0.36135775
46767	0.36355919
46768	0.36558375
46769	0.36737868
46770	0.36889735
46771	0.37010127
46772	0.37096229
46773	0.37146413
46774	0.37160331
46775	0.37138933
46776	0.37084427
46777	0.37000161
46778	0.36890453
46779	0.36760432
46780	0.36615795
46781	0.36462632
46782	0.36307251
46783	0.36155999
46784	0.36015171
46785	0.35890931
46786	0.35789242
46787	0.35715815
46788	0.35676140
46789	0.35675430
46790	0.35718638
46791	0.35810435
46792	0.35955134
46793	0.36156729
46794	0.36418748
46795	0.36744246
46796	0.37135649
46797	0.37594739
46798	0.38122553
46799	0.38719386
46800	0.39384824
46801	0.40117881
46802	0.40917334
46803	0.41782156
46804	0.42712170
46805	0.43708971
46806	0.44776982
46807	0.45925087
46808	0.47168472
46809	0.48531204
46810	0.50049794
46811	0.51779014
46812	0.53800857
46813	0.56240559
46814	0.59296489
46815	0.63299972
46816	0.68849266
46817	0.77146298
46818	0.91021496
46819	1.19121182
46820	NaN
46821	NaN
46822	NaN
46823	NaN
46824	NaN
46825	NaN
46826	NaN
46827	NaN
46828	NaN
46829	NaN
46830	NaN
46831	NaN
46832	NaN
46833	NaN
46834	NaN
46835	NaN
46836	NaN
46837	NaN
46838	NaN
46839	NaN
46840	NaN
46841	NaN
46842	NaN
46843	NaN
46844	NaN
46845	NaN
46846	NaN
46847	NaN
46848	NaN
46849	NaN
46850	NaN
46851	NaN
46852	NaN
46853	NaN
46854	NaN
46855	NaN
46856	NaN
46857	NaN
46858	NaN
46859	NaN
46860	NaN
46861	NaN
46862	NaN
46863	NaN
46864	NaN
46865	NaN
46866	NaN
46867	NaN
46868	NaN
46869	NaN
46870	NaN
46871	NaN
46872	NaN
46873	NaN
46874	NaN
46875	NaN
46876	NaN
46877	NaN
46878	NaN
46879	NaN
46880	NaN
46881	NaN
46882	NaN
46883	NaN
46884	NaN
46885	NaN
46886	NaN
46887	NaN
46888	NaN
46889	NaN
46890	NaN
46891	NaN
46892	NaN
46893	NaN
46894	NaN
46895	NaN
46896	NaN
46897	NaN
46898	NaN
46899	NaN
46900	NaN
46901	NaN
46902	NaN
46903	NaN
46904	NaN
46905	NaN
46906	0.57333106
46907	0.41296798
46908	0.35298181
46909	0.32255208
46910	0.30474284
46911	0.29344323
46912	0.28591013
46913	0.28072980
46914	0.27709958
46915	0.27453116
46916	0.27271068
46917	0.27142826
46918	0.27053884
46919	0.26993951
46920	0.26955590
46921	0.26933327
46922	0.26923102
46923	0.26921856
46924	0.26927277
46925	0.26937604
46926	0.26951459
46927	0.26967779
46928	0.26985705
46929	0.27004528
46930	0.27023652
46931	0.27042535
46932	0.27060682
46933	0.27077609
46934	0.27092850
46935	0.27105942
46936	0.27116409
46937	0.27123794
46938	0.27127647
46939	0.27127540
46940	0.27123079
46941	0.27113941
46942	0.27099866
46943	0.27080694
46944	0.27056378
46945	0.27027014
46946	0.26992849
46947	0.26954284
46948	0.26911902
46949	0.26866451
46950	0.26818848
46951	0.26770148
46952	0.26721537
46953	0.26674280
46954	0.26629689
46955	0.26589084
46956	0.26553726
46957	0.26524797
46958	0.26503319
46959	0.26490164
46960	0.26485997
46961	0.26491266
46962	0.26506203
46963	0.26530817
46964	0.26564887
46965	0.26607984
46966	0.26659462
46967	0.26718467
46968	0.26783964
46969	0.26854703
46970	0.26929262
46971	0.27006057
46972	0.27083346
46973	0.27159292
46974	0.27231991
46975	0.27299532
46976	0.27360064
46977	0.27411878
46978	0.27453482
46979	0.27483684
46980	0.27501643
46981	0.27506948
46982	0.27499622
46983	0.27480155
46984	0.27449456
46985	0.27408814
46986	0.27359831
46987	0.27304322
46988	0.27244234
46989	0.27181530
46990	0.27118123
46991	0.27055785
46992	0.26996100
46993	0.26940417
46994	0.26889837
46995	0.26845202
46996	0.26807100
46997	0.26775894
46998	0.26751730
46999	0.26734570
47000	0.26724231
47001	0.26720381
47002	0.26722607
47003	0.26730397
47004	0.26743180
47005	0.26760343
47006	0.26781234
47007	0.26805180
47008	0.26831505
47009	0.26859513
47010	0.26888528
47011	0.26917887
47012	0.26946950
47013	0.26975125
47014	0.27001858
47015	0.27026671
47016	0.27049145
47017	0.27068949
47018	0.27085829
47019	0.27099615
47020	0.27110219
47021	0.27117631
47022	0.27121899
47023	0.27123132
47024	0.27121490
47025	0.27117148
47026	0.27110326
47027	0.27101246
47028	0.27090147
47029	0.27077270
47030	0.27062857
47031	0.27047160
47032	0.27030429
47033	0.27012917
47034	0.26994881
47035	0.26976588
47036	0.26958308
47037	0.26940307
47038	0.26922864
47039	0.26906252
47040	0.26890746
47041	0.26876608
47042	0.26864117
47043	0.26853549
47044	0.26845157
47045	0.26839212
47046	0.26835984
47047	0.26835719
47048	0.26838654
47049	0.26845008
47050	0.26854950
47051	0.26868623
47052	0.26886109
47053	0.26907408
47054	0.26932466
47055	0.26961130
47056	0.26993158
47057	0.27028212
47058	0.27065849
47059	0.27105522
47060	0.27146575
47061	0.27188236
47062	0.27229646
47063	0.27269840
47064	0.27307776
47065	0.27342346
47066	0.27372423
47067	0.27396864
47068	0.27414572
47069	0.27424532
47070	0.27425852
47071	0.27417827
47072	0.27399954
47073	0.27371994
47074	0.27333990
47075	0.27286288
47076	0.27229530
47077	0.27164668
47078	0.27092916
47079	0.27015743
47080	0.26934826
47081	0.26851997
47082	0.26769197
47083	0.26688454
47084	0.26611808
47085	0.26541278
47086	0.26478827
47087	0.26426321
47088	0.26385492
47089	0.26357919
47090	0.26344991
47091	0.26347876
47092	0.26367483
47093	0.26404461
47094	0.26459116
47095	0.26531416
47096	0.26620904
47097	0.26726681
47098	0.26847351
47099	0.26980981
47100	0.27125102
47101	0.27276680
47102	0.27432176
47103	0.27587608
47104	0.27738658
47105	0.27880841
47106	0.28009674
47107	0.28120920
47108	0.28210783
47109	0.28276122
47110	0.28314611
47111	0.28324860
47112	0.28306469
47113	0.28259999
47114	0.28186920
47115	0.28089461
47116	0.27970511
47117	0.27833432
47118	0.27681923
47119	0.27519894
47120	0.27351373
47121	0.27180442
47122	0.27011254
47123	0.26848045
47124	0.26695195
47125	0.26557457
47126	0.26440072
47127	0.26349118
47128	0.26291835
47129	0.26277083
47130	0.26315936
47131	0.26422387
47132	0.26614156
47133	0.26913792
47134	0.27349943
47135	0.27958870
47136	0.28786397
47137	0.29890227
47138	0.31343031
47139	0.33237091
47140	0.35690930
47141	0.38860819
47142	0.42960837
47143	0.48301122
47144	0.55363321
47145	0.64961410
47146	0.78618455
47147	0.99581689
47148	1.36234117
47149	NaN
47150	NaN
47151	NaN
47152	NaN
47153	NaN
47154	NaN
47155	NaN
47156	NaN
47157	NaN
47158	NaN
47159	NaN
47160	NaN
47161	NaN
47162	NaN
47163	NaN
47164	NaN
47165	NaN
47166	NaN
47167	NaN
47168	NaN
47169	NaN
47170	NaN
47171	NaN
47172	NaN
47173	NaN
47174	NaN
47175	NaN
47176	NaN
47177	NaN
47178	NaN
47179	NaN
47180	NaN
47181	NaN
47182	NaN
47183	NaN
47184	NaN
47185	NaN
47186	NaN
47187	NaN
47188	NaN
47189	NaN
47190	NaN
47191	NaN
47192	NaN
47193	NaN
47194	NaN
47195	NaN
47196	NaN
47197	NaN
47198	NaN
47199	NaN
47200	NaN
47201	NaN
47202	NaN
47203	NaN
47204	NaN
47205	NaN
47206	NaN
47207	NaN
47208	NaN
47209	NaN
47210	NaN
47211	NaN
47212	NaN
47213	NaN
47214	NaN
47215	NaN
47216	NaN
47217	NaN
47218	NaN
47219	NaN
47220	NaN
47221	NaN
47222	NaN
47223	NaN
47224	NaN
47225	NaN
47226	NaN
47227	NaN
47228	NaN
47229	NaN
47230	NaN
47231	1.20185518
47232	0.60109484
47233	0.47172552
47234	0.41502982
47235	0.38310635
47236	0.36259630
47237	0.34830004
47238	0.33777088
47239	0.32970440
47240	0.32334074
47241	0.31820658
47242	0.31399119
47243	0.31048220
47244	0.30752930
47245	0.30502343
47246	0.30288363
47247	0.30104887
47248	0.29947245
47249	0.29811841
47250	0.29695895
47251	0.29597235
47252	0.29514182
47253	0.29445428
47254	0.29389948
47255	0.29346949
47256	0.29315802
47257	0.29295975
47258	0.29287013
47259	0.29288483
47260	0.29299930
47261	0.29320848
47262	0.29350629
47263	0.29388541
47264	0.29433706
47265	0.29485059
47266	0.29541361
47267	0.29601189
47268	0.29662949
47269	0.29724914
47270	0.29785275
47271	0.29842192
47272	0.29893878
47273	0.29938677
47274	0.29975146
47275	0.30002129
47276	0.30018842
47277	0.30024904
47278	0.30020383
47279	0.30005792
47280	0.29982060
47281	0.29950500
47282	0.29912725
47283	0.29870564
47284	0.29826000
47285	0.29781038
47286	0.29737651
47287	0.29697686
47288	0.29662806
47289	0.29634440
47290	0.29613739
47291	0.29601556
47292	0.29598433
47293	0.29604593
47294	0.29619953
47295	0.29644132
47296	0.29676476
47297	0.29716069
47298	0.29761776
47299	0.29812270
47300	0.29866073
47301	0.29921594
47302	0.29977193
47303	0.30031213
47304	0.30082056
47305	0.30128217
47306	0.30168355
47307	0.30201340
47308	0.30226275
47309	0.30242556
47310	0.30249864
47311	0.30248183
47312	0.30237794
47313	0.30219239
47314	0.30193314
47315	0.30161008
47316	0.30123472
47317	0.30081972
47318	0.30037841
47319	0.29992437
47320	0.29947099
47321	0.29903126
47322	0.29861736
47323	0.29824048
47324	0.29791066
47325	0.29763678
47326	0.29742631
47327	0.29728538
47328	0.29721883
47329	0.29723015
47330	0.29732144
47331	0.29749343
47332	0.29774550
47333	0.29807574
47334	0.29848078
47335	0.29895592
47336	0.29949522
47337	0.30009156
47338	0.30073658
47339	0.30142105
47340	0.30213484
47341	0.30286729
47342	0.30360723
47343	0.30434337
47344	0.30506447
47345	0.30575961
47346	0.30641848
47347	0.30703145
47348	0.30758995
47349	0.30808654
47350	0.30851510
47351	0.30887082
47352	0.30915040
47353	0.30935198
47354	0.30947515
47355	0.30952108
47356	0.30949226
47357	0.30939266
47358	0.30922753
47359	0.30900326
47360	0.30872750
47361	0.30840877
47362	0.30805647
47363	0.30768067
47364	0.30729192
47365	0.30690101
47366	0.30651882
47367	0.30615619
47368	0.30582342
47369	0.30553034
47370	0.30528608
47371	0.30509853
47372	0.30497456
47373	0.30491936
47374	0.30493668
47375	0.30502832
47376	0.30519426
47377	0.30543244
47378	0.30573878
47379	0.30610725
47380	0.30652988
47381	0.30699697
47382	0.30749705
47383	0.30801746
47384	0.30854422
47385	0.30906260
47386	0.30955738
47387	0.31001326
47388	0.31041548
47389	0.31074998
47390	0.31100437
47391	0.31116807
47392	0.31123313
47393	0.31119460
47394	0.31105107
47395	0.31080502
47396	0.31046286
47397	0.31003514
47398	0.30953622
47399	0.30898392
47400	0.30839854
47401	0.30780214
47402	0.30721751
47403	0.30666685
47404	0.30617121
47405	0.30574960
47406	0.30541870
47407	0.30519289
47408	0.30508420
47409	0.30510262
47410	0.30525604
47411	0.30555099
47412	0.30599239
47413	0.30658391
47414	0.30732793
47415	0.30822551
47416	0.30927643
47417	0.31047887
47418	0.31182930
47419	0.31332207
47420	0.31494930
47421	0.31670028
47422	0.31856146
47423	0.32051584
47424	0.32254323
47425	0.32461962
47426	0.32671788
47427	0.32880780
47428	0.33085671
47429	0.33283052
47430	0.33469483
47431	0.33641633
47432	0.33796436
47433	0.33931246
47434	0.34044009
47435	0.34133384
47436	0.34198853
47437	0.34240752
47438	0.34260330
47439	0.34259680
47440	0.34241676
47441	0.34209886
47442	0.34168416
47443	0.34121823
47444	0.34074968
47445	0.34032926
47446	0.34000868
47447	0.33984062
47448	0.33987778
47449	0.34017289
47450	0.34077913
47451	0.34174961
47452	0.34313813
47453	0.34499937
47454	0.34738892
47455	0.35036388
47456	0.35398263
47457	0.35830548
47458	0.36339489
47459	0.36931613
47460	0.37613752
47461	0.38393277
47462	0.39278349
47463	0.40278307
47464	0.41404468
47465	0.42671087
47466	0.44097176
47467	0.45709008
47468	0.47543991
47469	0.49656793
47470	0.52128917
47471	0.55085307
47472	0.58723527
47473	0.63370335
47474	0.69600028
47475	0.78515846
47476	0.92527032
47477	1.18078077
47478	NaN
47479	NaN
47480	NaN
47481	NaN
47482	NaN
47483	NaN
47484	NaN
47485	NaN
47486	NaN
47487	NaN
47488	NaN
47489	NaN
47490	NaN
47491	NaN
47492	NaN
47493	NaN
47494	NaN
47495	NaN
47496	NaN
47497	NaN
47498	NaN
47499	NaN
47500	NaN
47501	NaN
47502	NaN
47503	NaN
47504	NaN
47505	NaN
47506	NaN
47507	NaN
47508	NaN
47509	NaN
47510	NaN
47511	NaN
47512	NaN
47513	NaN
47514	NaN
47515	NaN
47516	NaN
47517	NaN
47518	NaN
47519	NaN
47520	NaN
47521	NaN
47522	NaN
47523	NaN
47524	NaN
47525	NaN
47526	NaN
47527	NaN
47528	NaN
47529	NaN
47530	NaN
47531	NaN
47532	NaN
47533	NaN
47534	NaN
47535	NaN
47536	NaN
47537	NaN
47538	NaN
47539	NaN
47540	NaN
47541	NaN
47542	NaN
47543	NaN
47544	NaN
47545	NaN
47546	NaN
47547	NaN
47548	NaN
47549	NaN
47550	NaN
47551	NaN
47552	NaN
47553	NaN
47554	NaN
47555	NaN
47556	NaN
47557	NaN
47558	NaN
47559	NaN
47560	NaN
47561	NaN
47562	0.83794034
47563	0.40080532
47564	0.31798866
47565	0.28366536
47566	0.26531005
47567	0.25415528
47568	0.24684827
47569	0.24182971
47570	0.23827600
47571	0.23571090
47572	0.23384026
47573	0.23247238
47574	0.23147710
47575	0.23076314
47576	0.23026425
47577	0.22993149
47578	0.22972782
47579	0.22962451
47580	0.22959901
47581	0.22963323
47582	0.22971246
47583	0.22982426
47584	0.22995825
47585	0.23010524
47586	0.23025696
47587	0.23040590
47588	0.23054488
47589	0.23066701
47590	0.23076567
47591	0.23083435
47592	0.23086691
47593	0.23085749
47594	0.23080084
47595	0.23069248
47596	0.23052903
47597	0.23030840
47598	0.23003012
47599	0.22969559
47600	0.22930817
47601	0.22887348
47602	0.22839928
47603	0.22789538
47604	0.22737360
47605	0.22684707
47606	0.22633009
47607	0.22583742
47608	0.22538359
47609	0.22498247
47610	0.22464655
47611	0.22438654
47612	0.22421084
47613	0.22412544
47614	0.22413361
47615	0.22423601
47616	0.22443075
47617	0.22471355
47618	0.22507806
47619	0.22551616
47620	0.22601819
47621	0.22657335
47622	0.22716978
47623	0.22779490
47624	0.22843546
47625	0.22907771
47626	0.22970758
47627	0.23031071
47628	0.23087277
47629	0.23137961
47630	0.23181772
47631	0.23217461
47632	0.23243925
47633	0.23260279
47634	0.23265891
47635	0.23260441
47636	0.23243958
47637	0.23216833
47638	0.23179820
47639	0.23134008
47640	0.23080781
47641	0.23021750
47642	0.22958674
47643	0.22893372
47644	0.22827654
47645	0.22763222
47646	0.22701633
47647	0.22644226
47648	0.22592120
47649	0.22546157
47650	0.22506946
47651	0.22474845
47652	0.22449988
47653	0.22432314
47654	0.22421591
47655	0.22417443
47656	0.22419378
47657	0.22426818
47658	0.22439110
47659	0.22455558
47660	0.22475426
47661	0.22497967
47662	0.22522427
47663	0.22548060
47664	0.22574157
47665	0.22600025
47666	0.22625041
47667	0.22648628
47668	0.22670291
47669	0.22689615
47670	0.22706275
47671	0.22720040
47672	0.22730774
47673	0.22738433
47674	0.22743060
47675	0.22744767
47676	0.22743748
47677	0.22740236
47678	0.22734502
47679	0.22726850
47680	0.22717589
47681	0.22707029
47682	0.22695471
47683	0.22683200
47684	0.22670470
47685	0.22657520
47686	0.22644554
47687	0.22631761
47688	0.22619312
47689	0.22607356
47690	0.22596049
47691	0.22585532
47692	0.22575949
47693	0.22567448
47694	0.22560169
47695	0.22554250
47696	0.22549808
47697	0.22546947
47698	0.22545744
47699	0.22546247
47700	0.22548462
47701	0.22552377
47702	0.22557949
47703	0.22565116
47704	0.22573806
47705	0.22583953
47706	0.22595479
47707	0.22608341
47708	0.22622499
47709	0.22637923
47710	0.22654605
47711	0.22672535
47712	0.22691701
47713	0.22712085
47714	0.22733635
47715	0.22756276
47716	0.22779897
47717	0.22804335
47718	0.22829379
47719	0.22854763
47720	0.22880171
47721	0.22905232
47722	0.22929521
47723	0.22952572
47724	0.22973882
47725	0.22992925
47726	0.23009169
47727	0.23022088
47728	0.23031196
47729	0.23036066
47730	0.23036344
47731	0.23031788
47732	0.23022278
47733	0.23007837
47734	0.22988641
47735	0.22965021
47736	0.22937453
47737	0.22906555
47738	0.22873065
47739	0.22837825
47740	0.22801764
47741	0.22765875
47742	0.22731183
47743	0.22698750
47744	0.22669645
47745	0.22644924
47746	0.22625628
47747	0.22612771
47748	0.22607303
47749	0.22610112
47750	0.22622001
47751	0.22643651
47752	0.22675605
47753	0.22718236
47754	0.22771701
47755	0.22835927
47756	0.22910550
47757	0.22994901
47758	0.23087974
47759	0.23188403
47760	0.23294455
47761	0.23404059
47762	0.23514843
47763	0.23624191
47764	0.23729342
47765	0.23827480
47766	0.23915862
47767	0.23991945
47768	0.24053483
47769	0.24098600
47770	0.24125898
47771	0.24134436
47772	0.24123763
47773	0.24093889
47774	0.24045193
47775	0.23978440
47776	0.23894678
47777	0.23795179
47778	0.23681410
47779	0.23555012
47780	0.23417778
47781	0.23271690
47782	0.23118958
47783	0.22962071
47784	0.22803982
47785	0.22648177
47786	0.22498912
47787	0.22361438
47788	0.22242206
47789	0.22149192
47790	0.22092175
47791	0.22082967
47792	0.22135583
47793	0.22266421
47794	0.22494076
47795	0.22839160
47796	0.23323987
47797	0.23972027
47798	0.24807777
47799	0.25857022
47800	0.27147833
47801	0.28713122
47802	0.30595589
47803	0.32855758
47804	0.35586351
47805	0.38937426
47806	0.43163660
47807	0.48725384
47808	0.56526053
47809	0.68581015
47810	0.90427065
47811	NaN
47812	NaN
47813	NaN
47814	NaN
47815	NaN
47816	NaN
47817	NaN
47818	NaN
47819	NaN
47820	NaN
47821	NaN
47822	NaN
47823	NaN
47824	NaN
47825	NaN
47826	NaN
47827	NaN
47828	NaN
47829	NaN
47830	NaN
47831	NaN
47832	NaN
47833	NaN
47834	NaN
47835	NaN
47836	NaN
47837	NaN
47838	NaN
47839	NaN
47840	NaN
47841	NaN
47842	NaN
47843	NaN
47844	NaN
47845	NaN
47846	NaN
47847	NaN
47848	NaN
47849	NaN
47850	NaN
47851	NaN
47852	NaN
47853	NaN
47854	NaN
47855	NaN
47856	NaN
47857	NaN
47858	NaN
47859	NaN
47860	NaN
47861	NaN
47862	NaN
47863	NaN
47864	NaN
47865	NaN
47866	NaN
47867	NaN
47868	NaN
47869	NaN
47870	NaN
47871	NaN
47872	NaN
47873	NaN
47874	NaN
47875	NaN
47876	NaN
47877	NaN
47878	NaN
47879	NaN
47880	NaN
47881	NaN
47882	NaN
47883	NaN
47884	NaN
47885	NaN
47886	NaN
47887	NaN
47888	NaN
47889	NaN
47890	NaN
47891	NaN
47892	1.14117301
47893	0.61368304
47894	0.47545135
47895	0.41224486
47896	0.37635419
47897	0.35345179
47898	0.33773899
47899	0.32641989
47900	0.31797931
47901	0.31152353
47902	0.30649114
47903	0.30251107
47904	0.29932845
47905	0.29676226
47906	0.29468060
47907	0.29298520
47908	0.29160172
47909	0.29047319
47910	0.28955549
47911	0.28881431
47912	0.28822291
47913	0.28776041
47914	0.28741074
47915	0.28716153
47916	0.28700337
47917	0.28692907
47918	0.28693330
47919	0.28701195
47920	0.28716168
47921	0.28737944
47922	0.28766221
47923	0.28800619
47924	0.28840679
47925	0.28885785
47926	0.28935149
47927	0.28987798
47928	0.29042527
47929	0.29097927
47930	0.29152402
47931	0.29204211
47932	0.29251534
47933	0.29292566
47934	0.29325604
47935	0.29349160
47936	0.29362074
47937	0.29363599
47938	0.29353473
47939	0.29331976
47940	0.29299912
47941	0.29258606
47942	0.29209810
47943	0.29155636
47944	0.29098415
47945	0.29040599
47946	0.28984621
47947	0.28932807
47948	0.28887266
47949	0.28849804
47950	0.28821909
47951	0.28804669
47952	0.28798777
47953	0.28804541
47954	0.28821853
47955	0.28850257
47956	0.28888944
47957	0.28936791
47958	0.28992417
47959	0.29054222
47960	0.29120415
47961	0.29189107
47962	0.29258320
47963	0.29326084
47964	0.29390475
47965	0.29449701
47966	0.29502136
47967	0.29546389
47968	0.29581353
47969	0.29606241
47970	0.29620612
47971	0.29624394
47972	0.29617855
47973	0.29601595
47974	0.29576525
47975	0.29543790
47976	0.29504734
47977	0.29460829
47978	0.29413626
47979	0.29364696
47980	0.29315570
47981	0.29267713
47982	0.29222491
47983	0.29181126
47984	0.29144710
47985	0.29114181
47986	0.29090318
47987	0.29073754
47988	0.29064971
47989	0.29064313
47990	0.29071996
47991	0.29088101
47992	0.29112595
47993	0.29145318
47994	0.29185992
47995	0.29234216
47996	0.29289478
47997	0.29351145
47998	0.29418471
47999	0.29490614
48000	0.29566637
48001	0.29645532
48002	0.29726252
48003	0.29807711
48004	0.29888824
48005	0.29968533
48006	0.30045819
48007	0.30119732
48008	0.30189392
48009	0.30254024
48010	0.30312926
48011	0.30365518
48012	0.30411315
48013	0.30449939
48014	0.30481118
48015	0.30504695
48016	0.30520618
48017	0.30528966
48018	0.30529925
48019	0.30523807
48020	0.30511048
48021	0.30492201
48022	0.30467957
48023	0.30439100
48024	0.30406529
48025	0.30371246
48026	0.30334330
48027	0.30296928
48028	0.30260241
48029	0.30225497
48030	0.30193931
48031	0.30166760
48032	0.30145150
48033	0.30130202
48034	0.30122918
48035	0.30124179
48036	0.30134723
48037	0.30155104
48038	0.30185708
48039	0.30226710
48040	0.30278072
48041	0.30339530
48042	0.30410609
48043	0.30490604
48044	0.30578607
48045	0.30673495
48046	0.30773962
48047	0.30878535
48048	0.30985585
48049	0.31093365
48050	0.31200027
48051	0.31303665
48052	0.31402344
48053	0.31494144
48054	0.31577215
48055	0.31649801
48056	0.31710330
48057	0.31757438
48058	0.31790036
48059	0.31807360
48060	0.31809008
48061	0.31795004
48062	0.31765795
48063	0.31722277
48064	0.31665799
48065	0.31598118
48066	0.31521377
48067	0.31438041
48068	0.31350827
48069	0.31262624
48070	0.31176409
48071	0.31095171
48072	0.31021813
48073	0.30959100
48074	0.30909568
48075	0.30875495
48076	0.30858836
48077	0.30861172
48078	0.30883697
48079	0.30927169
48080	0.30991891
48081	0.31077680
48082	0.31183839
48083	0.31309137
48084	0.31451812
48085	0.31609553
48086	0.31779528
48087	0.31958401
48088	0.32142407
48089	0.32327425
48090	0.32509106
48091	0.32683003
48092	0.32844731
48093	0.32990178
48094	0.33115688
48095	0.33218214
48096	0.33295515
48097	0.33346242
48098	0.33370033
48099	0.33367515
48100	0.33340278
48101	0.33290786
48102	0.33222264
48103	0.33138558
48104	0.33044001
48105	0.32943243
48106	0.32841137
48107	0.32742652
48108	0.32652760
48109	0.32576385
48110	0.32518375
48111	0.32483464
48112	0.32476273
48113	0.32501283
48114	0.32562834
48115	0.32665059
48116	0.32811886
48117	0.33006936
48118	0.33253467
48119	0.33554256
48120	0.33911473
48121	0.34326589
48122	0.34800270
48123	0.35332268
48124	0.35921425
48125	0.36565757
48126	0.37262636
48127	0.38009119
48128	0.38802430
48129	0.39640558
48130	0.40523145
48131	0.41452414
48132	0.42434350
48133	0.43480045
48134	0.44607690
48135	0.45845017
48136	0.47233251
48137	0.48833284
48138	0.50736052
48139	0.53082079
48140	0.56098437
48141	0.60177225
48142	0.66059458
48143	0.75336212
48144	0.92168242
48145	1.31997442
48146	NaN
48147	NaN
48148	NaN
48149	NaN
48150	NaN
48151	NaN
48152	NaN
48153	NaN
48154	NaN
48155	NaN
48156	NaN
48157	NaN
48158	NaN
48159	NaN
48160	NaN
48161	NaN
48162	NaN
48163	NaN
48164	NaN
48165	NaN
48166	NaN
48167	NaN
48168	NaN
48169	NaN
48170	NaN
48171	NaN
48172	NaN
48173	NaN
48174	NaN
48175	NaN
48176	NaN
48177	NaN
48178	NaN
48179	NaN
48180	NaN
48181	NaN
48182	NaN
48183	NaN
48184	NaN
48185	NaN
48186	NaN
48187	NaN
48188	NaN
48189	NaN
48190	NaN
48191	NaN
48192	NaN
48193	NaN
48194	NaN
48195	NaN
48196	NaN
48197	NaN
48198	NaN
48199	NaN
48200	NaN
48201	NaN
48202	NaN
48203	NaN
48204	NaN
48205	NaN
48206	NaN
48207	NaN
48208	NaN
48209	NaN
48210	NaN
48211	NaN
48212	NaN
48213	NaN
48214	NaN
48215	NaN
48216	NaN
48217	NaN
48218	NaN
48219	NaN
48220	NaN
48221	NaN
48222	NaN
48223	NaN
48224	NaN
48225	NaN
48226	NaN
48227	NaN
48228	NaN
48229	0.41898242
48230	0.32709607
48231	0.29298189
48232	0.27597699
48233	0.26627600
48234	0.26032969
48235	0.25654262
48236	0.25409272
48237	0.25251451
48238	0.25152558
48239	0.25094518
48240	0.25065339
48241	0.25056779
48242	0.25063050
48243	0.25080001
48244	0.25104606
48245	0.25134638
48246	0.25168437
48247	0.25204751
48248	0.25242618
48249	0.25281298
48250	0.25320202
48251	0.25358853
48252	0.25396836
48253	0.25433782
48254	0.25469342
48255	0.25503168
48256	0.25534889
48257	0.25564119
48258	0.25590432
48259	0.25613376
48260	0.25632468
48261	0.25647211
48262	0.25657099
48263	0.25661653
48264	0.25660428
48265	0.25653046
48266	0.25639242
48267	0.25618875
48268	0.25591996
48269	0.25558844
48270	0.25519904
48271	0.25475904
48272	0.25427818
48273	0.25376868
48274	0.25324488
48275	0.25272274
48276	0.25221935
48277	0.25175214
48278	0.25133836
48279	0.25099406
48280	0.25073376
48281	0.25056964
48282	0.25051144
48283	0.25056595
48284	0.25073716
48285	0.25102609
48286	0.25143108
48287	0.25194782
48288	0.25256941
48289	0.25328675
48290	0.25408837
48291	0.25496075
48292	0.25588828
48293	0.25685346
48294	0.25783700
48295	0.25881809
48296	0.25977477
48297	0.26068452
48298	0.26152474
48299	0.26227364
48300	0.26291123
48301	0.26342002
48302	0.26378614
48303	0.26399997
48304	0.26405689
48305	0.26395759
48306	0.26370811
48307	0.26331964
48308	0.26280797
48309	0.26219243
48310	0.26149523
48311	0.26074019
48312	0.25995156
48313	0.25915316
48314	0.25836730
48315	0.25761434
48316	0.25691202
48317	0.25627515
48318	0.25571549
48319	0.25524184
48320	0.25486007
48321	0.25457337
48322	0.25438243
48323	0.25428563
48324	0.25427946
48325	0.25435865
48326	0.25451642
48327	0.25474468
48328	0.25503433
48329	0.25537536
48330	0.25575706
48331	0.25616828
48332	0.25659758
48333	0.25703359
48334	0.25746512
48335	0.25788155
48336	0.25827309
48337	0.25863099
48338	0.25894785
48339	0.25921777
48340	0.25943646
48341	0.25960129
48342	0.25971141
48343	0.25976741
48344	0.25977141
48345	0.25972661
48346	0.25963712
48347	0.25950769
48348	0.25934348
48349	0.25914970
48350	0.25893149
48351	0.25869384
48352	0.25844142
48353	0.25817850
48354	0.25790918
48355	0.25763717
48356	0.25736606
48357	0.25709921
48358	0.25683990
48359	0.25659132
48360	0.25635648
48361	0.25613827
48362	0.25593939
48363	0.25576228
48364	0.25560895
48365	0.25548127
48366	0.25538054
48367	0.25530791
48368	0.25526416
48369	0.25524995
48370	0.25526574
48371	0.25531188
48372	0.25538871
48373	0.25549644
48374	0.25563526
48375	0.25580508
48376	0.25600564
48377	0.25623637
48378	0.25649613
48379	0.25678325
48380	0.25709552
48381	0.25742984
48382	0.25778240
48383	0.25814852
48384	0.25852272
48385	0.25889868
48386	0.25926942
48387	0.25962716
48388	0.25996369
48389	0.26027033
48390	0.26053831
48391	0.26075891
48392	0.26092362
48393	0.26102474
48394	0.26105544
48395	0.26101026
48396	0.26088542
48397	0.26067922
48398	0.26039225
48399	0.26002771
48400	0.25959149
48401	0.25909203
48402	0.25854048
48403	0.25795010
48404	0.25733623
48405	0.25671560
48406	0.25610614
48407	0.25552621
48408	0.25499430
48409	0.25452867
48410	0.25414684
48411	0.25386533
48412	0.25369945
48413	0.25366303
48414	0.25376815
48415	0.25402492
48416	0.25444144
48417	0.25502321
48418	0.25577304
48419	0.25669035
48420	0.25777096
48421	0.25900647
48422	0.26038364
48423	0.26188394
48424	0.26348323
48425	0.26515147
48426	0.26685306
48427	0.26854733
48428	0.27018946
48429	0.27173245
48430	0.27312896
48431	0.27433369
48432	0.27530614
48433	0.27601269
48434	0.27642885
48435	0.27654052
48436	0.27634460
48437	0.27584866
48438	0.27506995
48439	0.27403408
48440	0.27277318
48441	0.27132410
48442	0.26972654
48443	0.26802218
48444	0.26625368
48445	0.26446441
48446	0.26269877
48447	0.26100293
48448	0.25942636
48449	0.25802392
48450	0.25685856
48451	0.25600418
48452	0.25555077
48453	0.25560910
48454	0.25631723
48455	0.25784963
48456	0.26042631
48457	0.26432669
48458	0.26990557
48459	0.27761221
48460	0.28801489
48461	0.30183050
48462	0.31996369
48463	0.34355992
48464	0.37408954
48465	0.41348466
48466	0.46440041
48467	0.53072131
48468	0.61861068
48469	0.73884755
48470	0.91257203
48471	1.18796539
48472	NaN
48473	NaN
48474	NaN
48475	NaN
48476	NaN
48477	NaN
48478	NaN
48479	NaN
48480	NaN
48481	NaN
48482	NaN
48483	NaN
48484	NaN
48485	NaN
48486	NaN
48487	NaN
48488	NaN
48489	NaN
48490	NaN
48491	NaN
48492	NaN
48493	NaN
48494	NaN
48495	NaN
48496	NaN
48497	NaN
48498	NaN
48499	NaN
48500	NaN
48501	NaN
48502	NaN
48503	NaN
48504	NaN
48505	NaN
48506	NaN
48507	NaN
48508	NaN
48509	NaN
48510	NaN
48511	NaN
48512	NaN
48513	NaN
48514	NaN
48515	NaN
48516	NaN
48517	NaN
48518	NaN
48519	NaN
48520	NaN
48521	NaN
48522	NaN
48523	NaN
48524	NaN
48525	NaN
48526	NaN
48527	NaN
48528	NaN
48529	NaN
48530	NaN
48531	NaN
48532	NaN
48533	NaN
48534	NaN
48535	NaN
48536	NaN
48537	NaN
48538	NaN
48539	NaN
48540	NaN
48541	NaN
48542	NaN
48543	NaN
48544	NaN
48545	NaN
48546	NaN
48547	NaN
48548	NaN
48549	NaN
48550	NaN
48551	NaN
48552	NaN
48553	NaN
48554	NaN
48555	NaN
48556	NaN
48557	NaN
48558	NaN
48559	NaN
48560	NaN
48561	NaN
48562	NaN
48563	NaN
48564	NaN
48565	NaN
48566	NaN
48567	0.66147470
48568	0.49134457
48569	0.42407593
48570	0.38883063
48571	0.36759079
48572	0.35366565
48573	0.34400219
48574	0.33701232
48575	0.33179116
48576	0.32778755
48577	0.32464916
48578	0.32214183
48579	0.32010537
48580	0.31842792
48581	0.31702989
48582	0.31585416
48583	0.31485948
48584	0.31401595
48585	0.31330186
48586	0.31270167
48587	0.31220418
48588	0.31180131
48589	0.31148732
48590	0.31125793
48591	0.31110975
48592	0.31103975
48593	0.31104484
48594	0.31112152
48595	0.31126547
48596	0.31147131
48597	0.31173229
48598	0.31204018
48599	0.31238508
48600	0.31275550
48601	0.31313825
48602	0.31351894
48603	0.31388217
48604	0.31421196
48605	0.31449252
48606	0.31470889
48607	0.31484771
48608	0.31489810
48609	0.31485245
48610	0.31470698
48611	0.31446236
48612	0.31412396
48613	0.31370157
48614	0.31320959
48615	0.31266600
48616	0.31209171
48617	0.31150949
48618	0.31094310
48619	0.31041598
48620	0.30995029
48621	0.30956620
48622	0.30928075
48623	0.30910772
48624	0.30905682
48625	0.30913371
48626	0.30933976
48627	0.30967215
48628	0.31012386
48629	0.31068400
48630	0.31133813
48631	0.31206849
48632	0.31285474
48633	0.31367436
48634	0.31450340
48635	0.31531724
48636	0.31609127
48637	0.31680188
48638	0.31742713
48639	0.31794775
48640	0.31834757
48641	0.31861439
48642	0.31874037
48643	0.31872225
48644	0.31856161
48645	0.31826463
48646	0.31784180
48647	0.31730753
48648	0.31667927
48649	0.31597707
48650	0.31522250
48651	0.31443802
48652	0.31364617
48653	0.31286889
48654	0.31212690
48655	0.31143931
48656	0.31082311
48657	0.31029314
48658	0.30986172
48659	0.30953878
48660	0.30933160
48661	0.30924514
48662	0.30928186
48663	0.30944195
48664	0.30972326
48665	0.31012163
48666	0.31063068
48667	0.31124219
48668	0.31194600
48669	0.31273037
48670	0.31358209
48671	0.31448683
48672	0.31542951
48673	0.31639454
48674	0.31736633
48675	0.31832969
48676	0.31927013
48677	0.32017428
48678	0.32103014
48679	0.32182720
48680	0.32255673
48681	0.32321167
48682	0.32378662
48683	0.32427797
48684	0.32468355
48685	0.32500267
48686	0.32523599
48687	0.32538530
48688	0.32545358
48689	0.32544485
48690	0.32536402
48691	0.32521701
48692	0.32501063
48693	0.32475251
48694	0.32445103
48695	0.32411528
48696	0.32375491
48697	0.32337999
48698	0.32300085
48699	0.32262781
48700	0.32227108
48701	0.32194060
48702	0.32164577
48703	0.32139546
48704	0.32119778
48705	0.32106009
48706	0.32098892
48707	0.32098982
48708	0.32106754
48709	0.32122582
48710	0.32146716
48711	0.32179317
48712	0.32220408
48713	0.32269892
48714	0.32327518
48715	0.32392904
48716	0.32465503
48717	0.32544619
48718	0.32629395
48719	0.32718813
48720	0.32811710
48721	0.32906780
48722	0.33002588
48723	0.33097595
48724	0.33190170
48725	0.33278650
48726	0.33361337
48727	0.33436584
48728	0.33502805
48729	0.33558577
48730	0.33602649
48731	0.33634031
48732	0.33652043
48733	0.33656368
48734	0.33647090
48735	0.33624727
48736	0.33590248
48737	0.33545047
48738	0.33490953
48739	0.33430147
48740	0.33365130
48741	0.33298624
48742	0.33233500
48743	0.33172682
48744	0.33119076
48745	0.33075482
48746	0.33044517
48747	0.33028564
48748	0.33029714
48749	0.33049738
48750	0.33090070
48751	0.33151719
48752	0.33235320
48753	0.33341059
48754	0.33468676
48755	0.33617413
48756	0.33785993
48757	0.33972612
48758	0.34174892
48759	0.34389880
48760	0.34614068
48761	0.34843436
48762	0.35073504
48763	0.35299456
48764	0.35516295
48765	0.35719004
48766	0.35902813
48767	0.36063403
48768	0.36197168
48769	0.36301449
48770	0.36374685
48771	0.36416560
48772	0.36428034
48773	0.36411327
48774	0.36369780
48775	0.36307722
48776	0.36230275
48777	0.36143097
48778	0.36052218
48779	0.35963801
48780	0.35884029
48781	0.35818961
48782	0.35774443
48783	0.35756037
48784	0.35769030
48785	0.35818362
48786	0.35908639
48787	0.36044118
48788	0.36228621
48789	0.36465609
48790	0.36758065
48791	0.37108442
48792	0.37518704
48793	0.37990186
48794	0.38523731
48795	0.39119777
48796	0.39778566
48797	0.40500432
48798	0.41286543
48799	0.42139614
48800	0.43065092
48801	0.44072789
48802	0.45178768
48803	0.46408436
48804	0.47800568
48805	0.49413684
48806	0.51336312
48807	0.53705865
48808	0.56743771
48809	0.60828733
48810	0.66665781
48811	0.75734800
48812	0.91770130
48813	1.27717543
48814	NaN
48815	NaN
48816	NaN
48817	NaN
48818	NaN
48819	NaN
48820	NaN
48821	NaN
48822	NaN
48823	NaN
48824	NaN
48825	NaN
48826	NaN
48827	NaN
48828	NaN
48829	NaN
48830	NaN
48831	NaN
48832	NaN
48833	NaN
48834	NaN
48835	NaN
48836	NaN
48837	NaN
48838	NaN
48839	NaN
48840	NaN
48841	NaN
48842	NaN
48843	NaN
48844	NaN
48845	NaN
48846	NaN
48847	NaN
48848	NaN
48849	NaN
48850	NaN
48851	NaN
48852	NaN
48853	NaN
48854	NaN
48855	NaN
48856	NaN
48857	NaN
48858	NaN
48859	NaN
48860	NaN
48861	NaN
48862	NaN
48863	NaN
48864	NaN
48865	NaN
48866	NaN
48867	NaN
48868	NaN
48869	NaN
48870	NaN
48871	NaN
48872	NaN
48873	NaN
48874	NaN
48875	NaN
48876	NaN
48877	NaN
48878	NaN
48879	NaN
48880	NaN
48881	NaN
48882	NaN
48883	NaN
48884	NaN
48885	NaN
48886	NaN
48887	NaN
48888	NaN
48889	NaN
48890	NaN
48891	NaN
48892	NaN
48893	NaN
48894	NaN
48895	NaN
48896	NaN
48897	NaN
48898	NaN
48899	NaN
48900	NaN
48901	NaN
48902	NaN
48903	NaN
48904	NaN
48905	NaN
48906	NaN
48907	0.70908278
48908	0.41250587
48909	0.33510312
48910	0.30077961
48911	0.28214630
48912	0.27091154
48913	0.26370913
48914	0.25891629
48915	0.25565633
48916	0.25341606
48917	0.25187665
48918	0.25083104
48919	0.25013992
48920	0.24970701
48921	0.24946435
48922	0.24936290
48923	0.24936700
48924	0.24945006
48925	0.24959210
48926	0.24977773
48927	0.24999495
48928	0.25023395
48929	0.25048652
48930	0.25074556
48931	0.25100446
48932	0.25125706
48933	0.25149736
48934	0.25171924
48935	0.25191665
48936	0.25208336
48937	0.25221324
48938	0.25230014
48939	0.25233826
48940	0.25232214
48941	0.25224712
48942	0.25210947
48943	0.25190657
48944	0.25163755
48945	0.25130320
48946	0.25090656
48947	0.25045282
48948	0.24994966
48949	0.24940704
48950	0.24883713
48951	0.24825387
48952	0.24767271
48953	0.24710980
48954	0.24658151
48955	0.24610367
48956	0.24569106
48957	0.24535674
48958	0.24511170
48959	0.24496458
48960	0.24492157
48961	0.24498633
48962	0.24516010
48963	0.24544191
48964	0.24582863
48965	0.24631509
48966	0.24689418
48967	0.24755691
48968	0.24829237
48969	0.24908777
48970	0.24992843
48971	0.25079787
48972	0.25167796
48973	0.25254920
48974	0.25339106
48975	0.25418264
48976	0.25490335
48977	0.25553361
48978	0.25605592
48979	0.25645566
48980	0.25672197
48981	0.25684842
48982	0.25683355
48983	0.25668103
48984	0.25639951
48985	0.25600231
48986	0.25550643
48987	0.25493184
48988	0.25430021
48989	0.25363386
48990	0.25295472
48991	0.25228330
48992	0.25163808
48993	0.25103498
48994	0.25048709
48995	0.25000450
48996	0.24959470
48997	0.24926239
48998	0.24900998
48999	0.24883790
49000	0.24874473
49001	0.24872765
49002	0.24878258
49003	0.24890444
49004	0.24908727
49005	0.24932437
49006	0.24960841
49007	0.24993156
49008	0.25028554
49009	0.25066173
49010	0.25105146
49011	0.25144583
49012	0.25183639
49013	0.25221485
49014	0.25257364
49015	0.25290588
49016	0.25320572
49017	0.25346830
49018	0.25369003
49019	0.25386852
49020	0.25400257
49021	0.25409216
49022	0.25413829
49023	0.25414288
49024	0.25410861
49025	0.25403866
49026	0.25393662
49027	0.25380638
49028	0.25365195
49029	0.25347736
49030	0.25328675
49031	0.25308424
49032	0.25287393
49033	0.25265992
49034	0.25244641
49035	0.25223750
49036	0.25203735
49037	0.25184998
49038	0.25167924
49039	0.25152880
49040	0.25140187
49041	0.25130141
49042	0.25122979
49043	0.25118899
49044	0.25118038
49045	0.25120503
49046	0.25126341
49047	0.25135568
49048	0.25148162
49049	0.25164068
49050	0.25183192
49051	0.25205427
49052	0.25230622
49053	0.25258592
49054	0.25289115
49055	0.25321925
49056	0.25356701
49057	0.25393081
49058	0.25430641
49059	0.25468889
49060	0.25507289
49061	0.25545236
49062	0.25582072
49063	0.25617087
49064	0.25649533
49065	0.25678632
49066	0.25703582
49067	0.25723597
49068	0.25737911
49069	0.25745821
49070	0.25746697
49071	0.25740048
49072	0.25725532
49073	0.25702992
49074	0.25672489
49075	0.25634328
49076	0.25589043
49077	0.25537428
49078	0.25480488
49079	0.25419447
49080	0.25355673
49081	0.25290665
49082	0.25225988
49083	0.25163242
49084	0.25104004
49085	0.25049797
49086	0.25002071
49087	0.24962156
49088	0.24931248
49089	0.24910405
49090	0.24900526
49091	0.24902326
49092	0.24916333
49093	0.24942859
49094	0.24981992
49095	0.25033575
49096	0.25097150
49097	0.25171965
49098	0.25256938
49099	0.25350615
49100	0.25451192
49101	0.25556484
49102	0.25663969
49103	0.25770834
49104	0.25874031
49105	0.25970411
49106	0.26056823
49107	0.26130301
49108	0.26188186
49109	0.26228315
49110	0.26249120
49111	0.26249713
49112	0.26229948
49113	0.26190406
49114	0.26132327
49115	0.26057535
49116	0.25968316
49117	0.25867307
49118	0.25757381
49119	0.25641537
49120	0.25522822
49121	0.25404301
49122	0.25289020
49123	0.25180000
49124	0.25080290
49125	0.24992977
49126	0.24921328
49127	0.24868833
49128	0.24839337
49129	0.24837174
49130	0.24867311
49131	0.24935454
49132	0.25048214
49133	0.25213182
49134	0.25438923
49135	0.25735062
49136	0.26112032
49137	0.26580876
49138	0.27152812
49139	0.27838856
49140	0.28649375
49141	0.29593945
49142	0.30681586
49143	0.31921631
49144	0.33325818
49145	0.34911063
49146	0.36703944
49147	0.38747138
49148	0.41108644
49149	0.43897328
49150	0.47289243
49151	0.51578671
49152	0.57285440
49153	0.65411508
49154	0.78154784
49155	1.01441479
49156	NaN
49157	NaN
49158	NaN
49159	NaN
49160	NaN
49161	NaN
49162	NaN
49163	NaN
49164	NaN
49165	NaN
49166	NaN
49167	NaN
49168	NaN
49169	NaN
49170	NaN
49171	NaN
49172	NaN
49173	NaN
49174	NaN
49175	NaN
49176	NaN
49177	NaN
49178	NaN
49179	NaN
49180	NaN
49181	NaN
49182	NaN
49183	NaN
49184	NaN
49185	NaN
49186	NaN
49187	NaN
49188	NaN
49189	NaN
49190	NaN
49191	NaN
49192	NaN
49193	NaN
49194	NaN
49195	NaN
49196	NaN
49197	NaN
49198	NaN
49199	NaN
49200	NaN
49201	NaN
49202	NaN
49203	NaN
49204	NaN
49205	NaN
49206	NaN
49207	NaN
49208	NaN
49209	NaN
49210	NaN
49211	NaN
49212	NaN
49213	NaN
49214	NaN
49215	NaN
49216	NaN
49217	NaN
49218	NaN
49219	NaN
49220	NaN
49221	NaN
49222	NaN
49223	NaN
49224	NaN
49225	NaN
49226	NaN
49227	NaN
49228	NaN
49229	NaN
49230	NaN
49231	NaN
49232	NaN
49233	NaN
49234	NaN
49235	NaN
49236	NaN
49237	NaN
49238	NaN
49239	NaN
49240	NaN
49241	NaN
49242	0.66671121
49243	0.46339530
49244	0.39377415
49245	0.35928330
49246	0.33909619
49247	0.32610574
49248	0.31722534
49249	0.31089830
49250	0.30625531
49251	0.30277389
49252	0.30012161
49253	0.29807749
49254	0.29648980
49255	0.29525128
49256	0.29428452
49257	0.29353288
49258	0.29295418
49259	0.29251707
49260	0.29219812
49261	0.29197985
49262	0.29184926
49263	0.29179680
49264	0.29181543
49265	0.29189992
49266	0.29204622
49267	0.29225099
49268	0.29251119
49269	0.29282370
49270	0.29318491
49271	0.29359034
49272	0.29403463
49273	0.29451102
49274	0.29501131
49275	0.29552567
49276	0.29604271
49277	0.29654944
49278	0.29703173
49279	0.29747462
49280	0.29786286
49281	0.29818171
49282	0.29841769
49283	0.29855958
49284	0.29859915
49285	0.29853204
49286	0.29835808
49287	0.29808199
49288	0.29771301
49289	0.29726478
49290	0.29675466
49291	0.29620293
49292	0.29563180
49293	0.29506430
49294	0.29452321
49295	0.29403016
49296	0.29360461
49297	0.29326352
49298	0.29302040
49299	0.29288536
49300	0.29286459
49301	0.29296070
49302	0.29317236
49303	0.29349467
49304	0.29391932
49305	0.29443479
49306	0.29502672
49307	0.29567832
49308	0.29637083
49309	0.29708394
49310	0.29779652
49311	0.29848713
49312	0.29913497
49313	0.29972038
49314	0.30022565
49315	0.30063587
49316	0.30093935
49317	0.30112812
49318	0.30119821
49319	0.30114999
49320	0.30098772
49321	0.30071956
49322	0.30035686
49323	0.29991370
49324	0.29940611
49325	0.29885137
49326	0.29826730
49327	0.29767156
49328	0.29708108
49329	0.29651180
49330	0.29597813
49331	0.29549295
49332	0.29506737
49333	0.29471084
49334	0.29443103
49335	0.29423401
49336	0.29412413
49337	0.29410437
49338	0.29417601
49339	0.29433903
49340	0.29459170
49341	0.29493085
49342	0.29535192
49343	0.29584873
49344	0.29641378
49345	0.29703835
49346	0.29771265
49347	0.29842606
49348	0.29916748
49349	0.29992548
49350	0.30068871
49351	0.30144620
49352	0.30218750
49353	0.30290300
49354	0.30358401
49355	0.30422276
49356	0.30481276
49357	0.30534843
49358	0.30582532
49359	0.30624008
49360	0.30659020
49361	0.30687425
49362	0.30709159
49363	0.30724263
49364	0.30732843
49365	0.30735099
49366	0.30731305
49367	0.30721802
49368	0.30707011
49369	0.30687416
49370	0.30663565
49371	0.30636075
49372	0.30605620
49373	0.30572933
49374	0.30538809
49375	0.30504087
49376	0.30469662
49377	0.30436456
49378	0.30405414
49379	0.30377486
49380	0.30353615
49381	0.30334702
49382	0.30321607
49383	0.30315089
49384	0.30315825
49385	0.30324370
49386	0.30341139
49387	0.30366394
49388	0.30400249
49389	0.30442652
49390	0.30493379
49391	0.30552059
49392	0.30618158
49393	0.30690983
49394	0.30769721
49395	0.30853400
49396	0.30940947
49397	0.31031144
49398	0.31122681
49399	0.31214139
49400	0.31304008
49401	0.31390715
49402	0.31472638
49403	0.31548142
49404	0.31615636
49405	0.31673586
49406	0.31720632
49407	0.31755593
49408	0.31777588
49409	0.31786063
49410	0.31780854
49411	0.31762242
49412	0.31730962
49413	0.31688195
49414	0.31635571
49415	0.31575102
49416	0.31509128
49417	0.31440255
49418	0.31371245
49419	0.31304935
49420	0.31244177
49421	0.31191730
49422	0.31150204
49423	0.31122011
49424	0.31109282
49425	0.31113869
49426	0.31137270
49427	0.31180617
49428	0.31244653
49429	0.31329668
49430	0.31435499
49431	0.31561479
49432	0.31706437
49433	0.31868631
49434	0.32045782
49435	0.32235068
49436	0.32433134
49437	0.32636172
49438	0.32839996
49439	0.33040145
49440	0.33232069
49441	0.33411276
49442	0.33573544
49443	0.33715096
49444	0.33832839
49445	0.33924469
49446	0.33988640
49447	0.34025007
49448	0.34034273
49449	0.34018153
49450	0.33979282
49451	0.33921123
49452	0.33847827
49453	0.33764088
49454	0.33674997
49455	0.33585948
49456	0.33502465
49457	0.33430186
49458	0.33374757
49459	0.33341804
49460	0.33336908
49461	0.33365569
49462	0.33433238
49463	0.33545306
49464	0.33707100
49465	0.33923879
49466	0.34200826
49467	0.34543067
49468	0.34955597
49469	0.35443318
49470	0.36010936
49471	0.36663046
49472	0.37404159
49473	0.38238788
49474	0.39171773
49475	0.40208614
49476	0.41356274
49477	0.42624098
49478	0.44025311
49479	0.45579079
49480	0.47313279
49481	0.49268988
49482	0.51506865
49483	0.54117781
49484	0.57240587
49485	0.61095113
49486	0.66046327
49487	0.72743183
49488	0.82456309
49489	0.98050261
49490	1.27624631
49491	NaN
49492	NaN
49493	NaN
49494	NaN
49495	NaN
49496	NaN
49497	NaN
49498	NaN
49499	NaN
49500	NaN
49501	NaN
49502	NaN
49503	NaN
49504	NaN
49505	NaN
49506	NaN
49507	NaN
49508	NaN
49509	NaN
49510	NaN
49511	NaN
49512	NaN
49513	NaN
49514	NaN
49515	NaN
49516	NaN
49517	NaN
49518	NaN
49519	NaN
49520	NaN
49521	NaN
49522	NaN
49523	NaN
49524	NaN
49525	NaN
49526	NaN
49527	NaN
49528	NaN
49529	NaN
49530	NaN
49531	NaN
49532	NaN
49533	NaN
49534	NaN
49535	NaN
49536	NaN
49537	NaN
49538	NaN
49539	NaN
49540	NaN
49541	NaN
49542	NaN
49543	NaN
49544	NaN
49545	NaN
49546	NaN
49547	NaN
49548	NaN
49549	NaN
49550	NaN
49551	NaN
49552	NaN
49553	NaN
49554	NaN
49555	NaN
49556	NaN
49557	NaN
49558	NaN
49559	NaN
49560	NaN
49561	NaN
49562	NaN
49563	NaN
49564	NaN
49565	NaN
49566	NaN
49567	NaN
49568	NaN
49569	NaN
49570	NaN
49571	NaN
49572	NaN
49573	NaN
49574	NaN
49575	0.45865375
49576	0.33992597
49577	0.29625607
49578	0.27424443
49579	0.26141730
49580	0.25332093
49581	0.24796651
49582	0.24433166
49583	0.24183659
49584	0.24012791
49585	0.23897798
49586	0.23823376
49587	0.23778845
49588	0.23756565
49589	0.23750907
49590	0.23757628
49591	0.23773485
49592	0.23795944
49593	0.23822983
49594	0.23852974
49595	0.23884560
49596	0.23916614
49597	0.23948164
49598	0.23978373
49599	0.24006499
49600	0.24031879
49601	0.24053922
49602	0.24072094
49603	0.24085934
49604	0.24095030
49605	0.24099039
49606	0.24097699
49607	0.24090821
49608	0.24078317
49609	0.24060193
49610	0.24036570
49611	0.24007693
49612	0.23973933
49613	0.23935798
49614	0.23893929
49615	0.23849104
49616	0.23802216
49617	0.23754270
49618	0.23706339
49619	0.23659551
49620	0.23615052
49621	0.23573972
49622	0.23537380
49623	0.23506260
49624	0.23481472
49625	0.23463728
49626	0.23453566
49627	0.23451337
49628	0.23457198
49629	0.23471120
49630	0.23492894
49631	0.23522137
49632	0.23558319
49633	0.23600769
49634	0.23648694
49635	0.23701189
49636	0.23757242
49637	0.23815744
49638	0.23875496
49639	0.23935212
49640	0.23993546
49641	0.24049087
49642	0.24100420
49643	0.24146156
49644	0.24184972
49645	0.24215674
49646	0.24237263
49647	0.24248976
49648	0.24250352
49649	0.24241266
49650	0.24221939
49651	0.24192956
49652	0.24155234
49653	0.24109979
49654	0.24058637
49655	0.24002801
49656	0.23944147
49657	0.23884346
49658	0.23824988
49659	0.23767528
49660	0.23713227
49661	0.23663127
49662	0.23618037
49663	0.23578532
49664	0.23544964
49665	0.23517491
49666	0.23496085
49667	0.23480588
49668	0.23470721
49669	0.23466112
49670	0.23466337
49671	0.23470917
49672	0.23479353
49673	0.23491122
49674	0.23505709
49675	0.23522581
49676	0.23541224
49677	0.23561119
49678	0.23581761
49679	0.23602651
49680	0.23623316
49681	0.23643297
49682	0.23662178
49683	0.23679581
49684	0.23695186
49685	0.23708721
49686	0.23719986
49687	0.23728853
49688	0.23735252
49689	0.23739173
49690	0.23740664
49691	0.23739827
49692	0.23736784
49693	0.23731700
49694	0.23724753
49695	0.23716143
49696	0.23706068
49697	0.23694736
49698	0.23682369
49699	0.23669180
49700	0.23655395
49701	0.23641242
49702	0.23626953
49703	0.23612766
49704	0.23598920
49705	0.23585646
49706	0.23573174
49707	0.23561724
49708	0.23551497
49709	0.23542674
49710	0.23535426
49711	0.23529899
49712	0.23526224
49713	0.23524518
49714	0.23524892
49715	0.23527440
49716	0.23532258
49717	0.23539421
49718	0.23549001
49719	0.23561044
49720	0.23575579
49721	0.23592597
49722	0.23612057
49723	0.23633873
49724	0.23657918
49725	0.23684019
49726	0.23711950
49727	0.23741430
49728	0.23772149
49729	0.23803729
49730	0.23835745
49731	0.23867728
49732	0.23899150
49733	0.23929438
49734	0.23957981
49735	0.23984143
49736	0.24007267
49737	0.24026707
49738	0.24041839
49739	0.24052094
49740	0.24056984
49741	0.24056120
49742	0.24049237
49743	0.24036223
49744	0.24017118
49745	0.23992145
49746	0.23961708
49747	0.23926367
49748	0.23886870
49749	0.23844104
49750	0.23799090
49751	0.23752959
49752	0.23706919
49753	0.23662233
49754	0.23620191
49755	0.23582083
49756	0.23549169
49757	0.23522671
49758	0.23503742
49759	0.23493458
49760	0.23492786
49761	0.23502567
49762	0.23523502
49763	0.23556112
49764	0.23600714
49765	0.23657377
49766	0.23725905
49767	0.23805782
49768	0.23896159
49769	0.23995826
49770	0.24103183
49771	0.24216281
49772	0.24332820
49773	0.24450192
49774	0.24565582
49775	0.24676029
49776	0.24778579
49777	0.24870382
49778	0.24948856
49779	0.25011775
49780	0.25057393
49781	0.25084502
49782	0.25092441
49783	0.25081134
49784	0.25050980
49785	0.25002843
49786	0.24937949
49787	0.24857812
49788	0.24764109
49789	0.24658684
49790	0.24543464
49791	0.24420440
49792	0.24291728
49793	0.24159530
49794	0.24026266
49795	0.23894666
49796	0.23767883
49797	0.23649701
49798	0.23544751
49799	0.23458807
49800	0.23399164
49801	0.23375140
49802	0.23398513
49803	0.23484418
49804	0.23652135
49805	0.23926139
49806	0.24337670
49807	0.24926445
49808	0.25743389
49809	0.26854786
49810	0.28348663
49811	0.30346137
49812	0.33022514
49813	0.36647585
49814	0.41670504
49815	0.48915181
49816	0.60095000
49817	0.79486388
49818	NaN
49819	NaN
49820	NaN
49821	NaN
49822	NaN
49823	NaN
49824	NaN
49825	NaN
49826	NaN
49827	NaN
49828	NaN
49829	NaN
49830	NaN
49831	NaN
49832	NaN
49833	NaN
49834	NaN
49835	NaN
49836	NaN
49837	NaN
49838	NaN
49839	NaN
49840	NaN
49841	NaN
49842	NaN
49843	NaN
49844	NaN
49845	NaN
49846	NaN
49847	NaN
49848	NaN
49849	NaN
49850	NaN
49851	NaN
49852	NaN
49853	NaN
49854	NaN
49855	NaN
49856	NaN
49857	NaN
49858	NaN
49859	NaN
49860	NaN
49861	NaN
49862	NaN
49863	NaN
49864	NaN
49865	NaN
49866	NaN
49867	NaN
49868	NaN
49869	NaN
49870	NaN
49871	NaN
49872	NaN
49873	NaN
49874	NaN
49875	NaN
49876	NaN
49877	NaN
49878	NaN
49879	NaN
49880	NaN
49881	NaN
49882	NaN
49883	NaN
49884	NaN
49885	NaN
49886	NaN
49887	NaN
49888	NaN
49889	NaN
49890	NaN
49891	NaN
49892	NaN
49893	NaN
49894	NaN
49895	NaN
49896	NaN
49897	NaN
49898	NaN
49899	NaN
49900	NaN
49901	NaN
49902	NaN
49903	0.86096448
49904	0.53636593
49905	0.43203187
49906	0.38066101
49907	0.35016933
49908	0.33004355
49909	0.31582108
49910	0.30528387
49911	0.29720461
49912	0.29084891
49913	0.28575012
49914	0.28159797
49915	0.27817783
49916	0.27533689
49917	0.27296329
49918	0.27097374
49919	0.26930499
49920	0.26790833
49921	0.26674592
49922	0.26578778
49923	0.26501024
49924	0.26439407
49925	0.26392356
49926	0.26358572
49927	0.26336920
49928	0.26326421
49929	0.26326168
49930	0.26335296
49931	0.26352957
49932	0.26378274
49933	0.26410335
49934	0.26448157
49935	0.26490673
49936	0.26536733
49937	0.26585096
49938	0.26634428
49939	0.26683331
49940	0.26730376
49941	0.26774123
49942	0.26813188
49943	0.26846296
49944	0.26872322
49945	0.26890379
49946	0.26899844
49947	0.26900429
49948	0.26892173
49949	0.26875469
49950	0.26851055
49951	0.26819965
49952	0.26783490
49953	0.26743126
49954	0.26700467
49955	0.26657182
49956	0.26614892
49957	0.26575157
49958	0.26539385
49959	0.26508799
49960	0.26484415
49961	0.26467010
49962	0.26457098
49963	0.26454964
49964	0.26460624
49965	0.26473862
49966	0.26494229
49967	0.26521072
49968	0.26553541
49969	0.26590636
49970	0.26631218
49971	0.26674041
49972	0.26717815
49973	0.26761219
49974	0.26802972
49975	0.26841858
49976	0.26876783
49977	0.26906812
49978	0.26931196
49979	0.26949409
49980	0.26961151
49981	0.26966363
49982	0.26965213
49983	0.26958093
49984	0.26945585
49985	0.26928425
49986	0.26907480
49987	0.26883715
49988	0.26858127
49989	0.26831743
49990	0.26805574
49991	0.26780573
49992	0.26757649
49993	0.26737618
49994	0.26721212
49995	0.26709074
49996	0.26701754
49997	0.26699707
49998	0.26703316
49999	0.26712868
50000	0.26728579
50001	0.26750579
50002	0.26778921
50003	0.26813573
50004	0.26854393
50005	0.26901156
50006	0.26953515
50007	0.27011025
50008	0.27073118
50009	0.27139124
50010	0.27208278
50011	0.27279726
50012	0.27352539
50013	0.27425757
50014	0.27498382
50015	0.27569422
50016	0.27637911
50017	0.27702937
50018	0.27763656
50019	0.27819327
50020	0.27869308
50021	0.27913094
50022	0.27950308
50023	0.27980721
50024	0.28004250
50025	0.28020945
50026	0.28031006
50027	0.28034753
50028	0.28032613
50029	0.28025132
50030	0.28012943
50031	0.27996749
50032	0.27977318
50033	0.27955481
50034	0.27932101
50035	0.27908084
50036	0.27884367
50037	0.27861878
50038	0.27841565
50039	0.27824351
50040	0.27811119
50041	0.27802703
50042	0.27799863
50043	0.27803254
50044	0.27813429
50045	0.27830803
50046	0.27855659
50047	0.27888131
50048	0.27928200
50049	0.27975702
50050	0.28030327
50051	0.28091624
50052	0.28159022
50053	0.28231809
50054	0.28309169
50055	0.28390190
50056	0.28473860
50057	0.28559083
50058	0.28644696
50059	0.28729486
50060	0.28812191
50061	0.28891540
50062	0.28966248
50063	0.29035082
50064	0.29096851
50065	0.29150471
50066	0.29194987
50067	0.29229605
50068	0.29253760
50069	0.29267099
50070	0.29269546
50071	0.29261315
50072	0.29242915
50073	0.29215163
50074	0.29179168
50075	0.29136318
50076	0.29088250
50077	0.29036808
50078	0.28983995
50079	0.28931931
50080	0.28882787
50081	0.28838727
50082	0.28801855
50083	0.28774160
50084	0.28757468
50085	0.28753403
50086	0.28763351
50087	0.28788424
50088	0.28829443
50089	0.28886896
50090	0.28960940
50091	0.29051366
50092	0.29157588
50093	0.29278612
50094	0.29413047
50095	0.29559097
50096	0.29714561
50097	0.29876879
50098	0.30043158
50099	0.30210251
50100	0.30374846
50101	0.30533552
50102	0.30683047
50103	0.30820206
50104	0.30942243
50105	0.31046855
50106	0.31132349
50107	0.31197727
50108	0.31242791
50109	0.31268159
50110	0.31275269
50111	0.31266314
50112	0.31244203
50113	0.31212431
50114	0.31174970
50115	0.31136161
50116	0.31100547
50117	0.31072852
50118	0.31057823
50119	0.31060222
50120	0.31084761
50121	0.31136107
50122	0.31218883
50123	0.31337699
50124	0.31497160
50125	0.31701884
50126	0.31956580
50127	0.32266071
50128	0.32635283
50129	0.33069354
50130	0.33573583
50131	0.34153599
50132	0.34815431
50133	0.35565737
50134	0.36412051
50135	0.37363473
50136	0.38431376
50137	0.39630753
50138	0.40982285
50139	0.42515039
50140	0.44271478
50141	0.46314615
50142	0.48740250
50143	0.51698220
50144	0.55432928
50145	0.60365194
50146	0.67279083
50147	0.77811503
50148	0.96028513
50149	NaN
50150	NaN
50151	NaN
50152	NaN
50153	NaN
50154	NaN
50155	NaN
50156	NaN
50157	NaN
50158	NaN
50159	NaN
50160	NaN
50161	NaN
50162	NaN
50163	NaN
50164	NaN
50165	NaN
50166	NaN
50167	NaN
50168	NaN
50169	NaN
50170	NaN
50171	NaN
50172	NaN
50173	NaN
50174	NaN
50175	NaN
50176	NaN
50177	NaN
50178	NaN
50179	NaN
50180	NaN
50181	NaN
50182	NaN
50183	NaN
50184	NaN
50185	NaN
50186	NaN
50187	NaN
50188	NaN
50189	NaN
50190	NaN
50191	NaN
50192	NaN
50193	NaN
50194	NaN
50195	NaN
50196	NaN
50197	NaN
50198	NaN
50199	NaN
50200	NaN
50201	NaN
50202	NaN
50203	NaN
50204	NaN
50205	NaN
50206	NaN
50207	NaN
50208	NaN
50209	NaN
50210	NaN
50211	NaN
50212	NaN
50213	NaN
50214	NaN
50215	NaN
50216	NaN
50217	NaN
50218	NaN
50219	NaN
50220	NaN
50221	NaN
50222	NaN
50223	NaN
50224	NaN
50225	NaN
50226	NaN
50227	NaN
50228	NaN
50229	NaN
50230	NaN
50231	NaN
50232	NaN
50233	0.35262153
50234	0.27094045
50235	0.24451628
50236	0.23201828
50237	0.22507699
50238	0.22088970
50239	0.21825415
50240	0.21656927
50241	0.21550204
50242	0.21485339
50243	0.21449712
50244	0.21434975
50245	0.21435374
50246	0.21446840
50247	0.21466416
50248	0.21491896
50249	0.21521601
50250	0.21554227
50251	0.21588747
50252	0.21624315
50253	0.21660227
50254	0.21695876
50255	0.21730717
50256	0.21764240
50257	0.21795964
50258	0.21825413
50259	0.21852110
50260	0.21875577
50261	0.21895330
50262	0.21910888
50263	0.21921788
50264	0.21927591
50265	0.21927911
50266	0.21922433
50267	0.21910937
50268	0.21893327
50269	0.21869667
50270	0.21840185
50271	0.21805315
50272	0.21765693
50273	0.21722168
50274	0.21675794
50275	0.21627802
50276	0.21579568
50277	0.21532565
50278	0.21488303
50279	0.21448261
50280	0.21413827
50281	0.21386230
50282	0.21366487
50283	0.21355361
50284	0.21353343
50285	0.21360634
50286	0.21377167
50287	0.21402617
50288	0.21436445
50289	0.21477932
50290	0.21526214
50291	0.21580327
50292	0.21639223
50293	0.21701804
50294	0.21766932
50295	0.21833438
50296	0.21900117
50297	0.21965751
50298	0.22029108
50299	0.22088945
50300	0.22144043
50301	0.22193232
50302	0.22235437
50303	0.22269714
50304	0.22295307
50305	0.22311701
50306	0.22318658
50307	0.22316246
50308	0.22304851
50309	0.22285175
50310	0.22258209
50311	0.22225168
50312	0.22187448
50313	0.22146545
50314	0.22103979
50315	0.22061208
50316	0.22019587
50317	0.21980293
50318	0.21944304
50319	0.21912360
50320	0.21884979
50321	0.21862450
50322	0.21844855
50323	0.21832100
50324	0.21823941
50325	0.21820012
50326	0.21819866
50327	0.21823002
50328	0.21828888
50329	0.21836995
50330	0.21846804
50331	0.21857832
50332	0.21869645
50333	0.21881859
50334	0.21894154
50335	0.21906272
50336	0.21918006
50337	0.21929213
50338	0.21939799
50339	0.21949713
50340	0.21958929
50341	0.21967459
50342	0.21975324
50343	0.21982557
50344	0.21989192
50345	0.21995260
50346	0.22000784
50347	0.22005768
50348	0.22010212
50349	0.22014087
50350	0.22017358
50351	0.22019964
50352	0.22021833
50353	0.22022879
50354	0.22022998
50355	0.22022079
50356	0.22020014
50357	0.22016694
50358	0.22012028
50359	0.22005951
50360	0.21998423
50361	0.21989460
50362	0.21979108
50363	0.21967474
50364	0.21954717
50365	0.21941042
50366	0.21926707
50367	0.21912007
50368	0.21897270
50369	0.21882844
50370	0.21869096
50371	0.21856399
50372	0.21845122
50373	0.21835621
50374	0.21828236
50375	0.21823268
50376	0.21820986
50377	0.21821617
50378	0.21825320
50379	0.21832210
50380	0.21842328
50381	0.21855654
50382	0.21872102
50383	0.21891506
50384	0.21913645
50385	0.21938224
50386	0.21964888
50387	0.21993218
50388	0.22022745
50389	0.22052942
50390	0.22083238
50391	0.22113018
50392	0.22141625
50393	0.22168396
50394	0.22192635
50395	0.22213647
50396	0.22230777
50397	0.22243394
50398	0.22250940
50399	0.22252959
50400	0.22249106
50401	0.22239195
50402	0.22223195
50403	0.22201261
50404	0.22173727
50405	0.22141121
50406	0.22104132
50407	0.22063607
50408	0.22020522
50409	0.21975946
50410	0.21931028
50411	0.21886943
50412	0.21844906
50413	0.21806094
50414	0.21771674
50415	0.21742754
50416	0.21720389
50417	0.21705560
50418	0.21699145
50419	0.21701941
50420	0.21714611
50421	0.21737681
50422	0.21771532
50423	0.21816352
50424	0.21872127
50425	0.21938586
50426	0.22015204
50427	0.22101140
50428	0.22195250
50429	0.22296032
50430	0.22401673
50431	0.22510043
50432	0.22618738
50433	0.22725168
50434	0.22826627
50435	0.22920419
50436	0.23003963
50437	0.23074928
50438	0.23131309
50439	0.23171550
50440	0.23194568
50441	0.23199795
50442	0.23187152
50443	0.23157029
50444	0.23110230
50445	0.23047903
50446	0.22971499
50447	0.22882687
50448	0.22783338
50449	0.22675517
50450	0.22561470
50451	0.22443679
50452	0.22324941
50453	0.22208445
50454	0.22097985
50455	0.21998116
50456	0.21914449
50457	0.21853952
50458	0.21825373
50459	0.21839704
50460	0.21910739
50461	0.22055620
50462	0.22295487
50463	0.22656064
50464	0.23168105
50465	0.23867790
50466	0.24796927
50467	0.26003316
50468	0.27541527
50469	0.29474965
50470	0.31880563
50471	0.34858215
50472	0.38549611
50473	0.43173409
50474	0.49094799
50475	0.56972587
50476	0.68111092
50477	0.85452384
50478	1.17195487
50479	NaN
50480	NaN
50481	NaN
50482	NaN
50483	NaN
50484	NaN
50485	NaN
50486	NaN
50487	NaN
50488	NaN
50489	NaN
50490	NaN
50491	NaN
50492	NaN
50493	NaN
50494	NaN
50495	NaN
50496	NaN
50497	NaN
50498	NaN
50499	NaN
50500	NaN
50501	NaN
50502	NaN
50503	NaN
50504	NaN
50505	NaN
50506	NaN
50507	NaN
50508	NaN
50509	NaN
50510	NaN
50511	NaN
50512	NaN
50513	NaN
50514	NaN
50515	NaN
50516	NaN
50517	NaN
50518	NaN
50519	NaN
50520	NaN
50521	NaN
50522	NaN
50523	NaN
50524	NaN
50525	NaN
50526	NaN
50527	NaN
50528	NaN
50529	NaN
50530	NaN
50531	NaN
50532	NaN
50533	NaN
50534	NaN
50535	NaN
50536	NaN
50537	NaN
50538	NaN
50539	NaN
50540	NaN
50541	NaN
50542	NaN
50543	NaN
50544	NaN
50545	NaN
50546	NaN
50547	NaN
50548	NaN
50549	NaN
50550	NaN
50551	NaN
50552	NaN
50553	NaN
50554	NaN
50555	NaN
50556	NaN
50557	NaN
50558	NaN
50559	NaN
50560	NaN
50561	NaN
50562	0.90155345
50563	0.50461447
50564	0.40075180
50565	0.35311782
50566	0.32594386
50567	0.30850580
50568	0.29646763
50569	0.28773874
50570	0.28118622
50571	0.27614188
50572	0.27218544
50573	0.26903936
50574	0.26651257
50575	0.26446924
50576	0.26281026
50577	0.26146147
50578	0.26036665
50579	0.25948232
50580	0.25877461
50581	0.25821680
50582	0.25778770
50583	0.25747055
50584	0.25725189
50585	0.25712115
50586	0.25706977
50587	0.25709110
50588	0.25717974
50589	0.25733134
50590	0.25754210
50591	0.25780869
50592	0.25812751
50593	0.25849473
50594	0.25890580
50595	0.25935504
50596	0.25983554
50597	0.26033896
50598	0.26085538
50599	0.26137337
50600	0.26188028
50601	0.26236242
50602	0.26280570
50603	0.26319617
50604	0.26352078
50605	0.26376823
50606	0.26392949
50607	0.26399884
50608	0.26397413
50609	0.26385722
50610	0.26365402
50611	0.26337430
50612	0.26303127
50613	0.26264080
50614	0.26222068
50615	0.26178971
50616	0.26136670
50617	0.26096979
50618	0.26061550
50619	0.26031834
50620	0.26009029
50621	0.25994045
50622	0.25987497
50623	0.25989708
50624	0.26000696
50625	0.26020208
50626	0.26047727
50627	0.26082501
50628	0.26123568
50629	0.26169789
50630	0.26219884
50631	0.26272461
50632	0.26326048
50633	0.26379162
50634	0.26430327
50635	0.26478133
50636	0.26521274
50637	0.26558593
50638	0.26589137
50639	0.26612154
50640	0.26627150
50641	0.26633877
50642	0.26632354
50643	0.26622841
50644	0.26605842
50645	0.26582047
50646	0.26552328
50647	0.26517677
50648	0.26479200
50649	0.26438040
50650	0.26395380
50651	0.26352391
50652	0.26310211
50653	0.26269934
50654	0.26232570
50655	0.26199058
50656	0.26170248
50657	0.26146886
50658	0.26129633
50659	0.26119035
50660	0.26115543
50661	0.26119491
50662	0.26131108
50663	0.26150498
50664	0.26177645
50665	0.26212394
50666	0.26254463
50667	0.26303425
50668	0.26358727
50669	0.26419660
50670	0.26485404
50671	0.26555014
50672	0.26627451
50673	0.26701599
50674	0.26776290
50675	0.26850337
50676	0.26922566
50677	0.26991835
50678	0.27057076
50679	0.27117318
50680	0.27171698
50681	0.27219495
50682	0.27260137
50683	0.27293208
50684	0.27318460
50685	0.27335808
50686	0.27345341
50687	0.27347299
50688	0.27342081
50689	0.27330220
50690	0.27312386
50691	0.27289361
50692	0.27262026
50693	0.27231348
50694	0.27198356
50695	0.27164134
50696	0.27129808
50697	0.27096498
50698	0.27065340
50699	0.27037436
50700	0.27013844
50701	0.26995546
50702	0.26983443
50703	0.26978317
50704	0.26980823
50705	0.26991463
50706	0.27010584
50707	0.27038363
50708	0.27074799
50709	0.27119729
50710	0.27172807
50711	0.27233532
50712	0.27301252
50713	0.27375162
50714	0.27454343
50715	0.27537757
50716	0.27624276
50717	0.27712694
50718	0.27801746
50719	0.27890131
50720	0.27976519
50721	0.28059602
50722	0.28138074
50723	0.28210700
50724	0.28276309
50725	0.28333846
50726	0.28382385
50727	0.28421181
50728	0.28449672
50729	0.28467533
50730	0.28474692
50731	0.28471330
50732	0.28457931
50733	0.28435239
50734	0.28404281
50735	0.28366330
50736	0.28322896
50737	0.28275666
50738	0.28226456
50739	0.28177181
50740	0.28129768
50741	0.28086114
50742	0.28048027
50743	0.28017157
50744	0.27994955
50745	0.27982652
50746	0.27981201
50747	0.27991247
50748	0.28013161
50749	0.28046963
50750	0.28092384
50751	0.28148842
50752	0.28215465
50753	0.28291106
50754	0.28374383
50755	0.28463724
50756	0.28557393
50757	0.28653565
50758	0.28750390
50759	0.28846064
50760	0.28938922
50761	0.29027483
50762	0.29110563
50763	0.29187301
50764	0.29257208
50765	0.29320192
50766	0.29376516
50767	0.29426789
50768	0.29471931
50769	0.29513118
50770	0.29551721
50771	0.29589328
50772	0.29627675
50773	0.29668626
50774	0.29714164
50775	0.29766336
50776	0.29827264
50777	0.29899132
50778	0.29984164
50779	0.30084643
50780	0.30202904
50781	0.30341354
50782	0.30502483
50783	0.30688867
50784	0.30903110
50785	0.31147894
50786	0.31425908
50787	0.31739768
50788	0.32092002
50789	0.32484910
50790	0.32920501
50791	0.33400434
50792	0.33925971
50793	0.34497875
50794	0.35116616
50795	0.35782495
50796	0.36495966
50797	0.37258220
50798	0.38071793
50799	0.38941693
50800	0.39876643
50801	0.40890750
50802	0.42005944
50803	0.43255118
50804	0.44687465
50805	0.46376768
50806	0.48436365
50807	0.51046854
50808	0.54513866
50809	0.59397972
50810	0.66852176
50811	0.79693174
50812	1.07110178
50813	NaN
50814	NaN
50815	NaN
50816	NaN
50817	NaN
50818	NaN
50819	NaN
50820	NaN
50821	NaN
50822	NaN
50823	NaN
50824	NaN
50825	NaN
50826	NaN
50827	NaN
50828	NaN
50829	NaN
50830	NaN
50831	NaN
50832	NaN
50833	NaN
50834	NaN
50835	NaN
50836	NaN
50837	NaN
50838	NaN
50839	NaN
50840	NaN
50841	NaN
50842	NaN
50843	NaN
50844	NaN
50845	NaN
50846	NaN
50847	NaN
50848	NaN
50849	NaN
50850	NaN
50851	NaN
50852	NaN
50853	NaN
50854	NaN
50855	NaN
50856	NaN
50857	NaN
50858	NaN
50859	NaN
50860	NaN
50861	NaN
50862	NaN
50863	NaN
50864	NaN
50865	NaN
50866	NaN
50867	NaN
50868	NaN
50869	NaN
50870	NaN
50871	NaN
50872	NaN
50873	NaN
50874	NaN
50875	NaN
50876	NaN
50877	NaN
50878	NaN
50879	NaN
50880	NaN
50881	NaN
50882	NaN
50883	NaN
50884	NaN
50885	NaN
50886	NaN
50887	NaN
50888	NaN
50889	NaN
50890	NaN
50891	0.53136814
50892	0.35619101
50893	0.30182713
50894	0.27580759
50895	0.26083329
50896	0.25129479
50897	0.24482565
50898	0.24025521
50899	0.23693813
50900	0.23448977
50901	0.23266631
50902	0.23130608
50903	0.23029731
50904	0.22956021
50905	0.22903629
50906	0.22868147
50907	0.22846167
50908	0.22835010
50909	0.22832499
50910	0.22836849
50911	0.22846548
50912	0.22860295
50913	0.22876930
50914	0.22895423
50915	0.22914805
50916	0.22934175
50917	0.22952682
50918	0.22969490
50919	0.22983810
50920	0.22994861
50921	0.23001914
50922	0.23004271
50923	0.23001312
50924	0.22992493
50925	0.22977386
50926	0.22955704
50927	0.22927323
50928	0.22892335
50929	0.22851054
50930	0.22804050
50931	0.22752152
50932	0.22696455
50933	0.22638296
50934	0.22579214
50935	0.22520916
50936	0.22465177
50937	0.22413799
50938	0.22368500
50939	0.22330846
50940	0.22302182
50941	0.22283565
50942	0.22275735
50943	0.22279096
50944	0.22293705
50945	0.22319317
50946	0.22355393
50947	0.22401154
50948	0.22455622
50949	0.22517666
50950	0.22586021
50951	0.22659336
50952	0.22736184
50953	0.22815087
50954	0.22894514
50955	0.22972901
50956	0.23048666
50957	0.23120229
50958	0.23186031
50959	0.23244576
50960	0.23294485
50961	0.23334539
50962	0.23363748
50963	0.23381406
50964	0.23387140
50965	0.23380956
50966	0.23363250
50967	0.23334815
50968	0.23296806
50969	0.23250708
50970	0.23198241
50971	0.23141304
50972	0.23081866
50973	0.23021872
50974	0.22963186
50975	0.22907487
50976	0.22856233
50977	0.22810626
50978	0.22771582
50979	0.22739737
50980	0.22715451
50981	0.22698838
50982	0.22689776
50983	0.22687961
50984	0.22692920
50985	0.22704051
50986	0.22720656
50987	0.22741966
50988	0.22767165
50989	0.22795421
50990	0.22825904
50991	0.22857800
50992	0.22890328
50993	0.22922766
50994	0.22954451
50995	0.22984795
50996	0.23013294
50997	0.23039539
50998	0.23063213
50999	0.23084100
51000	0.23102087
51001	0.23117141
51002	0.23129326
51003	0.23138775
51004	0.23145694
51005	0.23150323
51006	0.23152953
51007	0.23153895
51008	0.23153459
51009	0.23151959
51010	0.23149680
51011	0.23146884
51012	0.23143809
51013	0.23140639
51014	0.23137534
51015	0.23134613
51016	0.23131967
51017	0.23129666
51018	0.23127763
51019	0.23126298
51020	0.23125306
51021	0.23124814
51022	0.23124853
51023	0.23125441
51024	0.23126595
51025	0.23128322
51026	0.23130620
51027	0.23133485
51028	0.23136905
51029	0.23140876
51030	0.23145397
51031	0.23150489
51032	0.23156179
51033	0.23162536
51034	0.23169635
51035	0.23177585
51036	0.23186520
51037	0.23196582
51038	0.23207925
51039	0.23220712
51040	0.23235086
51041	0.23251182
51042	0.23269095
51043	0.23288889
51044	0.23310570
51045	0.23334083
51046	0.23359306
51047	0.23386036
51048	0.23414005
51049	0.23442852
51050	0.23472153
51051	0.23501404
51052	0.23530042
51053	0.23557460
51054	0.23583005
51055	0.23606020
51056	0.23625849
51057	0.23641868
51058	0.23653500
51059	0.23660268
51060	0.23661795
51061	0.23657836
51062	0.23648298
51063	0.23633257
51064	0.23612954
51065	0.23587796
51066	0.23558345
51067	0.23525317
51068	0.23489541
51069	0.23451947
51070	0.23413548
51071	0.23375405
51072	0.23338610
51073	0.23304267
51074	0.23273471
51075	0.23247288
51076	0.23226742
51077	0.23212799
51078	0.23206344
51079	0.23208164
51080	0.23218915
51081	0.23239103
51082	0.23269048
51083	0.23308851
51084	0.23358344
51085	0.23417084
51086	0.23484294
51087	0.23558865
51088	0.23639335
51089	0.23723902
51090	0.23810464
51091	0.23896669
51092	0.23979996
51093	0.24057841
51094	0.24127664
51095	0.24187061
51096	0.24233904
51097	0.24266429
51098	0.24283268
51099	0.24283531
51100	0.24266779
51101	0.24232994
51102	0.24182548
51103	0.24116121
51104	0.24034654
51105	0.23939277
51106	0.23831257
51107	0.23711956
51108	0.23582841
51109	0.23445478
51110	0.23301588
51111	0.23153101
51112	0.23002313
51113	0.22851993
51114	0.22705635
51115	0.22567670
51116	0.22443745
51117	0.22341147
51118	0.22269104
51119	0.22239250
51120	0.22266045
51121	0.22367053
51122	0.22563276
51123	0.22879221
51124	0.23342705
51125	0.23984611
51126	0.24838613
51127	0.25940976
51128	0.27331364
51129	0.29054919
51130	0.31166548
51131	0.33739927
51132	0.36882418
51133	0.40762401
51134	0.45660499
51135	0.52073568
51136	0.60955000
51137	0.74356276
51138	0.97578514
51139	NaN
51140	NaN
51141	NaN
51142	NaN
51143	NaN
51144	NaN
51145	NaN
51146	NaN
51147	NaN
51148	NaN
51149	NaN
51150	NaN
51151	NaN
51152	NaN
51153	NaN
51154	NaN
51155	NaN
51156	NaN
51157	NaN
51158	NaN
51159	NaN
51160	NaN
51161	NaN
51162	NaN
51163	NaN
51164	NaN
51165	NaN
51166	NaN
51167	NaN
51168	NaN
51169	NaN
51170	NaN
51171	NaN
51172	NaN
51173	NaN
51174	NaN
51175	NaN
51176	NaN
51177	NaN
51178	NaN
51179	NaN
51180	NaN
51181	NaN
51182	NaN
51183	NaN
51184	NaN
51185	NaN
51186	NaN
51187	NaN
51188	NaN
51189	NaN
51190	NaN
51191	NaN
51192	NaN
51193	NaN
51194	NaN
51195	NaN
51196	NaN
51197	NaN
51198	NaN
51199	NaN
51200	NaN
51201	NaN
51202	NaN
51203	NaN
51204	NaN
51205	NaN
51206	NaN
51207	NaN
51208	NaN
51209	NaN
51210	NaN
51211	NaN
51212	NaN
51213	NaN
51214	NaN
51215	NaN
51216	NaN
51217	NaN
51218	NaN
51219	NaN
51220	NaN
51221	NaN
51222	NaN
51223	NaN
51224	0.79961991
51225	0.53169191
51226	0.43833631
51227	0.39158085
51228	0.36395332
51229	0.34601128
51230	0.33363423
51231	0.32473588
51232	0.31814685
51233	0.31316099
51234	0.30932680
51235	0.30634290
51236	0.30400082
51237	0.30215248
51238	0.30069050
51239	0.29953557
51240	0.29862851
51241	0.29792473
51242	0.29739046
51243	0.29700005
51244	0.29673404
51245	0.29657736
51246	0.29651859
51247	0.29654878
51248	0.29666078
51249	0.29684862
51250	0.29710716
51251	0.29743147
51252	0.29781651
51253	0.29825678
51254	0.29874584
51255	0.29927626
51256	0.29983911
51257	0.30042395
51258	0.30101863
51259	0.30160949
51260	0.30218133
51261	0.30271795
51262	0.30320272
51263	0.30361912
51264	0.30395165
51265	0.30418679
51266	0.30431381
51267	0.30432567
51268	0.30421966
51269	0.30399790
51270	0.30366746
51271	0.30324021
51272	0.30273241
51273	0.30216402
51274	0.30155760
51275	0.30093750
51276	0.30032849
51277	0.29975492
51278	0.29923967
51279	0.29880333
51280	0.29846352
51281	0.29823446
51282	0.29812658
51283	0.29814625
51284	0.29829586
51285	0.29857370
51286	0.29897422
51287	0.29948795
51288	0.30010220
51289	0.30080110
51290	0.30156612
51291	0.30237654
51292	0.30321020
51293	0.30404398
51294	0.30485469
51295	0.30561975
51296	0.30631804
51297	0.30693063
51298	0.30744162
51299	0.30783856
51300	0.30811310
51301	0.30826104
51302	0.30828267
51303	0.30818236
51304	0.30796835
51305	0.30765224
51306	0.30724818
51307	0.30677241
51308	0.30624241
51309	0.30567628
51310	0.30509201
51311	0.30450717
51312	0.30393833
51313	0.30340084
51314	0.30290851
51315	0.30247363
51316	0.30210674
51317	0.30181670
51318	0.30161068
51319	0.30149421
51320	0.30147117
51321	0.30154398
51322	0.30171341
51323	0.30197874
51324	0.30233777
51325	0.30278668
51326	0.30332020
51327	0.30393144
51328	0.30461207
51329	0.30535242
51330	0.30614173
51331	0.30696809
51332	0.30781904
51333	0.30868176
51334	0.30954328
51335	0.31039101
51336	0.31121290
51337	0.31199762
51338	0.31273505
51339	0.31341612
51340	0.31403309
51341	0.31457961
51342	0.31505051
51343	0.31544217
51344	0.31575218
51345	0.31597942
51346	0.31612414
51347	0.31618762
51348	0.31617248
51349	0.31608245
51350	0.31592238
51351	0.31569818
51352	0.31541684
51353	0.31508633
51354	0.31471545
51355	0.31431398
51356	0.31389233
51357	0.31346154
51358	0.31303316
51359	0.31261900
51360	0.31223091
51361	0.31188065
51362	0.31157953
51363	0.31133822
51364	0.31116652
51365	0.31107298
51366	0.31106472
51367	0.31114742
51368	0.31132481
51369	0.31159881
51370	0.31196937
51371	0.31243441
51372	0.31298977
51373	0.31362936
51374	0.31434500
51375	0.31512675
51376	0.31596291
51377	0.31684023
51378	0.31774405
51379	0.31865850
51380	0.31956685
51381	0.32045183
51382	0.32129574
51383	0.32208100
51384	0.32279059
51385	0.32340831
51386	0.32391942
51387	0.32431123
51388	0.32457337
51389	0.32469872
51390	0.32468349
51391	0.32452798
51392	0.32423675
51393	0.32381859
51394	0.32328686
51395	0.32265887
51396	0.32195571
51397	0.32120162
51398	0.32042322
51399	0.31964874
51400	0.31890726
51401	0.31822777
51402	0.31763852
51403	0.31716627
51404	0.31683558
51405	0.31666839
51406	0.31668344
51407	0.31689581
51408	0.31731677
51409	0.31795338
51410	0.31880823
51411	0.31987908
51412	0.32115886
51413	0.32263526
51414	0.32429054
51415	0.32610163
51416	0.32803982
51417	0.33007139
51418	0.33215767
51419	0.33425611
51420	0.33632109
51421	0.33830553
51422	0.34016255
51423	0.34184736
51424	0.34331951
51425	0.34454474
51426	0.34549725
51427	0.34616092
51428	0.34653065
51429	0.34661275
51430	0.34642473
51431	0.34599495
51432	0.34536108
51433	0.34456894
51434	0.34367055
51435	0.34272245
51436	0.34178439
51437	0.34091777
51438	0.34018463
51439	0.33964705
51440	0.33936688
51441	0.33940551
51442	0.33982453
51443	0.34068531
51444	0.34205022
51445	0.34398258
51446	0.34654704
51447	0.34980991
51448	0.35383862
51449	0.35870206
51450	0.36446962
51451	0.37121123
51452	0.37899691
51453	0.38789639
51454	0.39798191
51455	0.40933040
51456	0.42203066
51457	0.43619338
51458	0.45197004
51459	0.46957996
51460	0.48935297
51461	0.51179522
51462	0.53769195
51463	0.56828457
51464	0.60557896
51465	0.65294778
51466	0.71639818
51467	0.80763298
51468	0.95269305
51469	1.22340107
51470	NaN
51471	NaN
51472	NaN
51473	NaN
51474	NaN
51475	NaN
51476	NaN
51477	NaN
51478	NaN
51479	NaN
51480	NaN
51481	NaN
51482	NaN
51483	NaN
51484	NaN
51485	NaN
51486	NaN
51487	NaN
51488	NaN
51489	NaN
51490	NaN
51491	NaN
51492	NaN
51493	NaN
51494	NaN
51495	NaN
51496	NaN
51497	NaN
51498	NaN
51499	NaN
51500	NaN
51501	NaN
51502	NaN
51503	NaN
51504	NaN
51505	NaN
51506	NaN
51507	NaN
51508	NaN
51509	NaN
51510	NaN
51511	NaN
51512	NaN
51513	NaN
51514	NaN
51515	NaN
51516	NaN
51517	NaN
51518	NaN
51519	NaN
51520	NaN
51521	NaN
51522	NaN
51523	NaN
51524	NaN
51525	NaN
51526	NaN
51527	NaN
51528	NaN
51529	NaN
51530	NaN
51531	NaN
51532	NaN
51533	NaN
51534	NaN
51535	NaN
51536	NaN
51537	NaN
51538	NaN
51539	NaN
51540	NaN
51541	NaN
51542	NaN
51543	NaN
51544	NaN
51545	NaN
51546	NaN
51547	NaN
51548	NaN
51549	NaN
51550	NaN
51551	NaN
51552	NaN
51553	0.35585266
51554	0.28530762
51555	0.25935718
51556	0.24608582
51557	0.23816273
51558	0.23299323
51559	0.22942589
51560	0.22687171
51561	0.22499835
51562	0.22360413
51563	0.22255942
51564	0.22177754
51565	0.22119807
51566	0.22077774
51567	0.22048488
51568	0.22029552
51569	0.22019134
51570	0.22015792
51571	0.22018367
51572	0.22025889
51573	0.22037545
51574	0.22052602
51575	0.22070400
51576	0.22090299
51577	0.22111680
51578	0.22133915
51579	0.22156377
51580	0.22178409
51581	0.22199346
51582	0.22218509
51583	0.22235221
51584	0.22248812
51585	0.22258651
51586	0.22264156
51587	0.22264823
51588	0.22260256
51589	0.22250184
51590	0.22234493
51591	0.22213246
51592	0.22186701
51593	0.22155318
51594	0.22119778
51595	0.22080956
51596	0.22039904
51597	0.21997826
51598	0.21956009
51599	0.21915792
51600	0.21878488
51601	0.21845341
51602	0.21817453
51603	0.21795756
51604	0.21780978
51605	0.21773624
51606	0.21773978
51607	0.21782114
51608	0.21797922
51609	0.21821111
51610	0.21851261
51611	0.21887825
51612	0.21930146
51613	0.21977481
51614	0.22028981
51615	0.22083718
51616	0.22140665
51617	0.22198705
51618	0.22256641
51619	0.22313195
51620	0.22367056
51621	0.22416890
51622	0.22461401
51623	0.22499378
51624	0.22529764
51625	0.22551709
51626	0.22564629
51627	0.22568242
51628	0.22562610
51629	0.22548126
51630	0.22525507
51631	0.22495754
51632	0.22460088
51633	0.22419879
51634	0.22376579
51635	0.22331624
51636	0.22286385
51637	0.22242098
51638	0.22199824
51639	0.22160426
51640	0.22124557
51641	0.22092669
51642	0.22065008
51643	0.22041661
51644	0.22022565
51645	0.22007538
51646	0.21996298
51647	0.21988508
51648	0.21983778
51649	0.21981704
51650	0.21981862
51651	0.21983849
51652	0.21987273
51653	0.21991771
51654	0.21997018
51655	0.22002718
51656	0.22008610
51657	0.22014487
51658	0.22020161
51659	0.22025499
51660	0.22030391
51661	0.22034767
51662	0.22038591
51663	0.22041853
51664	0.22044562
51665	0.22046749
51666	0.22048450
51667	0.22049709
51668	0.22050555
51669	0.22051010
51670	0.22051074
51671	0.22050717
51672	0.22049890
51673	0.22048509
51674	0.22046469
51675	0.22043651
51676	0.22039932
51677	0.22035192
51678	0.22029334
51679	0.22022292
51680	0.22014038
51681	0.22004588
51682	0.21994010
51683	0.21982415
51684	0.21969967
51685	0.21956861
51686	0.21943331
51687	0.21929641
51688	0.21916066
51689	0.21902896
51690	0.21890427
51691	0.21878949
51692	0.21868752
51693	0.21860103
51694	0.21853262
51695	0.21848466
51696	0.21845934
51697	0.21845855
51698	0.21848385
51699	0.21853657
51700	0.21861765
51701	0.21872765
51702	0.21886677
51703	0.21903481
51704	0.21923113
51705	0.21945465
51706	0.21970379
51707	0.21997663
51708	0.22027056
51709	0.22058254
51710	0.22090907
51711	0.22124588
51712	0.22158837
51713	0.22193119
51714	0.22226851
51715	0.22259395
51716	0.22290087
51717	0.22318216
51718	0.22343081
51719	0.22363979
51720	0.22380249
51721	0.22391300
51722	0.22396637
51723	0.22395897
51724	0.22388867
51725	0.22375514
51726	0.22356005
51727	0.22330706
51728	0.22300181
51729	0.22265182
51730	0.22226641
51731	0.22185627
51732	0.22143328
51733	0.22101030
51734	0.22060061
51735	0.22021799
51736	0.21987632
51737	0.21958941
51738	0.21937089
51739	0.21923424
51740	0.21919245
51741	0.21925801
51742	0.21944280
51743	0.21975757
51744	0.22021200
51745	0.22081397
51746	0.22156914
51747	0.22248049
51748	0.22354746
51749	0.22476555
51750	0.22612546
51751	0.22761282
51752	0.22920759
51753	0.23088454
51754	0.23261343
51755	0.23435996
51756	0.23608732
51757	0.23775759
51758	0.23933391
51759	0.24078234
51760	0.24207360
51761	0.24318410
51762	0.24409741
51763	0.24480399
51764	0.24530137
51765	0.24559364
51766	0.24569035
51767	0.24560614
51768	0.24536003
51769	0.24497466
51770	0.24447678
51771	0.24389726
51772	0.24327235
51773	0.24264602
51774	0.24207310
51775	0.24162346
51776	0.24139079
51777	0.24150239
51778	0.24213593
51779	0.24354497
51780	0.24609560
51781	0.25032726
51782	0.25704849
51783	0.26749250
51784	0.28358534
51785	0.30842397
51786	0.34719083
51787	0.40906146
51788	0.51169705
51789	0.69375706
51790	NaN
51791	NaN
51792	NaN
51793	NaN
51794	NaN
51795	NaN
51796	NaN
51797	NaN
51798	NaN
51799	NaN
51800	NaN
51801	NaN
51802	NaN
51803	NaN
51804	NaN
51805	NaN
51806	NaN
51807	NaN
51808	NaN
51809	NaN
51810	NaN
51811	NaN
51812	NaN
51813	NaN
51814	NaN
51815	NaN
51816	NaN
51817	NaN
51818	NaN
51819	NaN
51820	NaN
51821	NaN
51822	NaN
51823	NaN
51824	NaN
51825	NaN
51826	NaN
51827	NaN
51828	NaN
51829	NaN
51830	NaN
51831	NaN
51832	NaN
51833	NaN
51834	NaN
51835	NaN
51836	NaN
51837	NaN
51838	NaN
51839	NaN
51840	NaN
51841	NaN
51842	NaN
51843	NaN
51844	NaN
51845	NaN
51846	NaN
51847	NaN
51848	NaN
51849	NaN
51850	NaN
51851	NaN
51852	NaN
51853	NaN
51854	NaN
51855	NaN
51856	NaN
51857	NaN
51858	NaN
51859	NaN
51860	NaN
51861	NaN
51862	NaN
51863	NaN
51864	NaN
51865	NaN
51866	NaN
51867	NaN
51868	NaN
51869	NaN
51870	NaN
51871	NaN
51872	NaN
51873	NaN
51874	NaN
51875	NaN
51876	NaN
51877	NaN
51878	NaN
51879	NaN
51880	NaN
51881	NaN
51882	NaN
51883	0.70242441
51884	0.50620008
51885	0.42732379
51886	0.38498691
51887	0.35874692
51888	0.34102347
51889	0.32835454
51890	0.31893229
51891	0.31171900
51892	0.30607614
51893	0.30158904
51894	0.29797620
51895	0.29504013
51896	0.29263836
51897	0.29066554
51898	0.28904262
51899	0.28770927
51900	0.28661895
51901	0.28573555
51902	0.28503081
51903	0.28448257
51904	0.28407323
51905	0.28378895
51906	0.28361860
51907	0.28355318
51908	0.28358516
51909	0.28370789
51910	0.28391543
51911	0.28420183
51912	0.28456083
51913	0.28498563
51914	0.28546828
51915	0.28599975
51916	0.28656951
51917	0.28716570
51918	0.28777492
51919	0.28838259
51920	0.28897324
51921	0.28953093
51922	0.29003999
51923	0.29048541
51924	0.29085401
51925	0.29113489
51926	0.29132009
51927	0.29140529
51928	0.29139006
51929	0.29127800
51930	0.29107654
51931	0.29079670
51932	0.29045230
51933	0.29005942
51934	0.28963548
51935	0.28919831
51936	0.28876552
51937	0.28835362
51938	0.28797755
51939	0.28765020
51940	0.28738201
51941	0.28718090
51942	0.28705212
51943	0.28699830
51944	0.28701943
51945	0.28711322
51946	0.28727499
51947	0.28749821
51948	0.28777456
51949	0.28809434
51950	0.28844661
51951	0.28881967
51952	0.28920132
51953	0.28957927
51954	0.28994155
51955	0.29027665
51956	0.29057431
51957	0.29082558
51958	0.29102314
51959	0.29116169
51960	0.29123810
51961	0.29125139
51962	0.29120302
51963	0.29109639
51964	0.29093698
51965	0.29073179
51966	0.29048917
51967	0.29021835
51968	0.28992912
51969	0.28963125
51970	0.28933457
51971	0.28904819
51972	0.28878084
51973	0.28854042
51974	0.28833395
51975	0.28816777
51976	0.28804746
51977	0.28797787
51978	0.28796315
51979	0.28800681
51980	0.28811190
51981	0.28828058
51982	0.28851441
51983	0.28881401
51984	0.28917909
51985	0.28960821
51986	0.29009879
51987	0.29064700
51988	0.29124781
51989	0.29189503
51990	0.29258141
51991	0.29329881
51992	0.29403844
51993	0.29479098
51994	0.29554689
51995	0.29629657
51996	0.29703054
51997	0.29773962
51998	0.29841512
51999	0.29904896
52000	0.29963377
52001	0.30016294
52002	0.30063102
52003	0.30103335
52004	0.30136651
52005	0.30162826
52006	0.30181742
52007	0.30193421
52008	0.30197996
52009	0.30195734
52010	0.30187011
52011	0.30172339
52012	0.30152333
52013	0.30127725
52014	0.30099344
52015	0.30068111
52016	0.30035022
52017	0.30001146
52018	0.29967588
52019	0.29935479
52020	0.29905966
52021	0.29880172
52022	0.29859188
52023	0.29844052
52024	0.29835713
52025	0.29835024
52026	0.29842728
52027	0.29859427
52028	0.29885569
52029	0.29921436
52030	0.29967126
52031	0.30022556
52032	0.30087444
52033	0.30161315
52034	0.30243498
52035	0.30333135
52036	0.30429193
52037	0.30530477
52038	0.30635628
52039	0.30743170
52040	0.30851504
52041	0.30958953
52042	0.31063774
52043	0.31164190
52044	0.31258434
52045	0.31344786
52046	0.31421617
52047	0.31487426
52048	0.31540930
52049	0.31581080
52050	0.31607157
52051	0.31618801
52052	0.31616065
52053	0.31599462
52054	0.31569949
52055	0.31528956
52056	0.31478330
52057	0.31420305
52058	0.31357431
52059	0.31292498
52060	0.31228450
52061	0.31168273
52062	0.31114933
52063	0.31071287
52064	0.31039998
52065	0.31023479
52066	0.31023830
52067	0.31042814
52068	0.31081793
52069	0.31141707
52070	0.31223053
52071	0.31325835
52072	0.31449562
52073	0.31593204
52074	0.31755194
52075	0.31933409
52076	0.32125178
52077	0.32327300
52078	0.32536101
52079	0.32747486
52080	0.32957023
52081	0.33160120
52082	0.33352143
52083	0.33528611
52084	0.33685371
52085	0.33818841
52086	0.33926147
52087	0.34005329
52088	0.34055424
52089	0.34076527
52090	0.34069836
52091	0.34037575
52092	0.33982942
52093	0.33909932
52094	0.33823264
52095	0.33728188
52096	0.33630362
52097	0.33535722
52098	0.33450347
52099	0.33380443
52100	0.33332205
52101	0.33311829
52102	0.33325487
52103	0.33379290
52104	0.33479300
52105	0.33631569
52106	0.33842072
52107	0.34116721
52108	0.34461376
52109	0.34881774
52110	0.35383525
52111	0.35972109
52112	0.36652789
52113	0.37430799
52114	0.38311470
52115	0.39300492
52116	0.40404555
52117	0.41632208
52118	0.42995271
52119	0.44510800
52120	0.46204224
52121	0.48113516
52122	0.50296724
52123	0.52843320
52124	0.55894464
52125	0.59681547
52126	0.64603472
52127	0.71405190
52128	0.81642228
52129	0.99182218
52130	NaN
52131	NaN
52132	NaN
52133	NaN
52134	NaN
52135	NaN
52136	NaN
52137	NaN
52138	NaN
52139	NaN
52140	NaN
52141	NaN
52142	NaN
52143	NaN
52144	NaN
52145	NaN
52146	NaN
52147	NaN
52148	NaN
52149	NaN
52150	NaN
52151	NaN
52152	NaN
52153	NaN
52154	NaN
52155	NaN
52156	NaN
52157	NaN
52158	NaN
52159	NaN
52160	NaN
52161	NaN
52162	NaN
52163	NaN
52164	NaN
52165	NaN
52166	NaN
52167	NaN
52168	NaN
52169	NaN
52170	NaN
52171	NaN
52172	NaN
52173	NaN
52174	NaN
52175	NaN
52176	NaN
52177	NaN
52178	NaN
52179	NaN
52180	NaN
52181	NaN
52182	NaN
52183	NaN
52184	NaN
52185	NaN
52186	NaN
52187	NaN
52188	NaN
52189	NaN
52190	NaN
52191	NaN
52192	NaN
52193	NaN
52194	NaN
52195	NaN
52196	NaN
52197	NaN
52198	NaN
52199	NaN
52200	NaN
52201	NaN
52202	NaN
52203	NaN
52204	NaN
52205	NaN
52206	NaN
52207	NaN
52208	NaN
52209	NaN
52210	NaN
52211	NaN
52212	NaN
52213	NaN
52214	NaN
52215	0.49289539
52216	0.37642074
52217	0.33100137
52218	0.30748841
52219	0.29353809
52220	0.28459445
52221	0.27858630
52222	0.27443627
52223	0.27152935
52224	0.26948884
52225	0.26807079
52226	0.26711035
52227	0.26649183
52228	0.26613158
52229	0.26596755
52230	0.26595259
52231	0.26605025
52232	0.26623183
52233	0.26647452
52234	0.26675981
52235	0.26707262
52236	0.26740050
52237	0.26773307
52238	0.26806155
52239	0.26837853
52240	0.26867771
52241	0.26895350
52242	0.26920128
52243	0.26941696
52244	0.26959714
52245	0.26973885
52246	0.26983967
52247	0.26989776
52248	0.26991168
52249	0.26988071
52250	0.26980463
52251	0.26968408
52252	0.26952055
52253	0.26931638
52254	0.26907504
52255	0.26880100
52256	0.26849997
52257	0.26817876
52258	0.26784539
52259	0.26750892
52260	0.26717940
52261	0.26686770
52262	0.26658517
52263	0.26634341
52264	0.26615396
52265	0.26602766
52266	0.26597452
52267	0.26600313
52268	0.26612037
52269	0.26633093
52270	0.26663738
52271	0.26703969
52272	0.26753536
52273	0.26811931
52274	0.26878399
52275	0.26951948
52276	0.27031359
52277	0.27115214
52278	0.27201909
52279	0.27289689
52280	0.27376688
52281	0.27460966
52282	0.27540562
52283	0.27613565
52284	0.27678168
52285	0.27732760
52286	0.27775976
52287	0.27806780
52288	0.27824515
52289	0.27828953
52290	0.27820289
52291	0.27799180
52292	0.27766660
52293	0.27724147
52294	0.27673337
52295	0.27616122
52296	0.27554533
52297	0.27490604
52298	0.27426335
52299	0.27363589
52300	0.27304059
52301	0.27249208
52302	0.27200255
52303	0.27158159
52304	0.27123624
52305	0.27097088
52306	0.27078766
52307	0.27068645
52308	0.27066517
52309	0.27071998
52310	0.27084562
52311	0.27103552
52312	0.27128223
52313	0.27157754
52314	0.27191290
52315	0.27227938
52316	0.27266812
52317	0.27307037
52318	0.27347770
52319	0.27388209
52320	0.27427617
52321	0.27465311
52322	0.27500692
52323	0.27533248
52324	0.27562559
52325	0.27588296
52326	0.27610248
52327	0.27628303
52328	0.27642444
52329	0.27652761
52330	0.27659422
52331	0.27662674
52332	0.27662820
52333	0.27660197
52334	0.27655181
52335	0.27648145
52336	0.27639455
52337	0.27629471
52338	0.27618513
52339	0.27606890
52340	0.27594867
52341	0.27582687
52342	0.27570567
52343	0.27558693
52344	0.27547246
52345	0.27536374
52346	0.27526242
52347	0.27516970
52348	0.27508691
52349	0.27501541
52350	0.27495641
52351	0.27491122
52352	0.27488130
52353	0.27486822
52354	0.27487361
52355	0.27489939
52356	0.27494740
52357	0.27501971
52358	0.27511823
52359	0.27524477
52360	0.27540079
52361	0.27558744
52362	0.27580541
52363	0.27605468
52364	0.27633461
52365	0.27664375
52366	0.27697992
52367	0.27733999
52368	0.27771983
52369	0.27811447
52370	0.27851796
52371	0.27892339
52372	0.27932301
52373	0.27970833
52374	0.28007007
52375	0.28039885
52376	0.28068474
52377	0.28091833
52378	0.28109035
52379	0.28119254
52380	0.28121772
52381	0.28116027
52382	0.28101632
52383	0.28078434
52384	0.28046501
52385	0.28006163
52386	0.27958015
52387	0.27902910
52388	0.27841952
52389	0.27776468
52390	0.27707988
52391	0.27638182
52392	0.27568859
52393	0.27501872
52394	0.27439091
52395	0.27382365
52396	0.27333465
52397	0.27294049
52398	0.27265608
52399	0.27249476
52400	0.27246761
52401	0.27258360
52402	0.27284887
52403	0.27326697
52404	0.27383834
52405	0.27456003
52406	0.27542561
52407	0.27642465
52408	0.27754307
52409	0.27876246
52410	0.28006080
52411	0.28141221
52412	0.28278780
52413	0.28415641
52414	0.28548548
52415	0.28674227
52416	0.28789541
52417	0.28891587
52418	0.28977862
52419	0.29046336
52420	0.29095531
52421	0.29124570
52422	0.29133180
52423	0.29121643
52424	0.29090765
52425	0.29041779
52426	0.28976271
52427	0.28896135
52428	0.28803444
52429	0.28700456
52430	0.28589568
52431	0.28473312
52432	0.28354400
52433	0.28235781
52434	0.28120720
52435	0.28012890
52436	0.27916610
52437	0.27836972
52438	0.27780119
52439	0.27753496
52440	0.27766255
52441	0.27829596
52442	0.27957261
52443	0.28166059
52444	0.28476334
52445	0.28912801
52446	0.29505095
52447	0.30288947
52448	0.31307375
52449	0.32613203
52450	0.34272948
52451	0.36373895
52452	0.39036378
52453	0.42436281
52454	0.46847787
52455	0.52728182
52456	0.60905385
52457	0.73044544
52458	0.93047899
52459	1.32659101
52460	NaN
52461	NaN
52462	NaN
52463	NaN
52464	NaN
52465	NaN
52466	NaN
52467	NaN
52468	NaN
52469	NaN
52470	NaN
52471	NaN
52472	NaN
52473	NaN
52474	NaN
52475	NaN
52476	NaN
52477	NaN
52478	NaN
52479	NaN
52480	NaN
52481	NaN
52482	NaN
52483	NaN
52484	NaN
52485	NaN
52486	NaN
52487	NaN
52488	NaN
52489	NaN
52490	NaN
52491	NaN
52492	NaN
52493	NaN
52494	NaN
52495	NaN
52496	NaN
52497	NaN
52498	NaN
52499	NaN
52500	NaN
52501	NaN
52502	NaN
52503	NaN
52504	NaN
52505	NaN
52506	NaN
52507	NaN
52508	NaN
52509	NaN
52510	NaN
52511	NaN
52512	NaN
52513	NaN
52514	NaN
52515	NaN
52516	NaN
52517	NaN
52518	NaN
52519	NaN
52520	NaN
52521	NaN
52522	NaN
52523	NaN
52524	NaN
52525	NaN
52526	NaN
52527	NaN
52528	NaN
52529	NaN
52530	NaN
52531	NaN
52532	NaN
52533	NaN
52534	NaN
52535	NaN
52536	NaN
52537	NaN
52538	NaN
52539	NaN
52540	NaN
52541	NaN
52542	1.47835720
52543	0.67556357
52544	0.51473761
52545	0.44587520
52546	0.40775216
52547	0.38365227
52548	0.36713719
52549	0.35519612
52550	0.34623048
52551	0.33931145
52552	0.33386180
52553	0.32950324
52554	0.32597730
52555	0.32310164
52556	0.32074356
52557	0.31880489
52558	0.31721130
52559	0.31590599
52560	0.31484503
52561	0.31399426
52562	0.31332710
52563	0.31282267
52564	0.31246459
52565	0.31224012
52566	0.31213924
52567	0.31215382
52568	0.31227705
52569	0.31250307
52570	0.31282619
52571	0.31324035
52572	0.31373885
52573	0.31431362
52574	0.31495503
52575	0.31565139
52576	0.31638876
52577	0.31715092
52578	0.31791940
52579	0.31867379
52580	0.31939235
52581	0.32005268
52582	0.32063276
52583	0.32111204
52584	0.32147267
52585	0.32170075
52586	0.32178715
52587	0.32172847
52588	0.32152751
52589	0.32119313
52590	0.32074007
52591	0.32018805
52592	0.31956092
52593	0.31888524
52594	0.31818908
52595	0.31750056
52596	0.31684679
52597	0.31625256
52598	0.31573990
52599	0.31532696
52600	0.31502789
52601	0.31485245
52602	0.31480604
52603	0.31488949
52604	0.31509951
52605	0.31542876
52606	0.31586617
52607	0.31639755
52608	0.31700584
52609	0.31767187
52610	0.31837469
52611	0.31909254
52612	0.31980333
52613	0.32048550
52614	0.32111865
52615	0.32168433
52616	0.32216665
52617	0.32255277
52618	0.32283342
52619	0.32300302
52620	0.32305989
52621	0.32300609
52622	0.32284719
52623	0.32259181
52624	0.32225117
52625	0.32183862
52626	0.32136881
52627	0.32085732
52628	0.32031998
52629	0.31977251
52630	0.31922999
52631	0.31870663
52632	0.31821546
52633	0.31776822
52634	0.31737515
52635	0.31704494
52636	0.31678483
52637	0.31660035
52638	0.31649569
52639	0.31647342
52640	0.31653473
52641	0.31667933
52642	0.31690562
52643	0.31721067
52644	0.31759027
52645	0.31803900
52646	0.31855035
52647	0.31911680
52648	0.31972995
52649	0.32038081
52650	0.32105976
52651	0.32175705
52652	0.32246271
52653	0.32316703
52654	0.32386050
52655	0.32453418
52656	0.32517964
52657	0.32578921
52658	0.32635596
52659	0.32687381
52660	0.32733738
52661	0.32774219
52662	0.32808453
52663	0.32836151
52664	0.32857108
52665	0.32871193
52666	0.32878372
52667	0.32878697
52668	0.32872316
52669	0.32859471
52670	0.32840496
52671	0.32815832
52672	0.32786009
52673	0.32751644
52674	0.32713449
52675	0.32672220
52676	0.32628828
52677	0.32584220
52678	0.32539418
52679	0.32495490
52680	0.32453555
52681	0.32414758
52682	0.32380253
52683	0.32351163
52684	0.32328582
52685	0.32313508
52686	0.32306856
52687	0.32309389
52688	0.32321733
52689	0.32344317
52690	0.32377398
52691	0.32421023
52692	0.32475027
52693	0.32539040
52694	0.32612470
52695	0.32694536
52696	0.32784230
52697	0.32880366
52698	0.32981557
52699	0.33086243
52700	0.33192694
52701	0.33299044
52702	0.33403304
52703	0.33503401
52704	0.33597222
52705	0.33682671
52706	0.33757737
52707	0.33820549
52708	0.33869472
52709	0.33903182
52710	0.33920732
52711	0.33921629
52712	0.33905882
52713	0.33874029
52714	0.33827159
52715	0.33766890
52716	0.33695319
52717	0.33614993
52718	0.33528790
52719	0.33439869
52720	0.33351538
52721	0.33267182
52722	0.33190143
52723	0.33123669
52724	0.33070791
52725	0.33034301
52726	0.33016661
52727	0.33019975
52728	0.33045948
52729	0.33095831
52730	0.33170393
52731	0.33269885
52732	0.33394012
52733	0.33541870
52734	0.33711952
52735	0.33902103
52736	0.34109539
52737	0.34330842
52738	0.34562027
52739	0.34798610
52740	0.35035723
52741	0.35268280
52742	0.35491148
52743	0.35699347
52744	0.35888299
52745	0.36054015
52746	0.36193299
52747	0.36303923
52748	0.36384711
52749	0.36435622
52750	0.36457738
52751	0.36453202
52752	0.36425135
52753	0.36377463
52754	0.36314839
52755	0.36242458
52756	0.36165947
52757	0.36091220
52758	0.36024463
52759	0.35972044
52760	0.35940462
52761	0.35936412
52762	0.35966721
52763	0.36038452
52764	0.36158904
52765	0.36335713
52766	0.36576855
52767	0.36890835
52768	0.37286723
52769	0.37774321
52770	0.38364339
52771	0.39068535
52772	0.39900142
52773	0.40874198
52774	0.42008236
52775	0.43323195
52776	0.44844922
52777	0.46606439
52778	0.48651525
52779	0.51040232
52780	0.53857809
52781	0.57229942
52782	0.61348832
52783	0.66522294
52784	0.73271894
52785	0.82550555
52786	0.96294415
52787	1.19111586
52788	1.65276992
52789	NaN
52790	NaN
52791	NaN
52792	NaN
52793	NaN
52794	NaN
52795	NaN
52796	NaN
52797	NaN
52798	NaN
52799	NaN
52800	NaN
52801	NaN
52802	NaN
52803	NaN
52804	NaN
52805	NaN
52806	NaN
52807	NaN
52808	NaN
52809	NaN
52810	NaN
52811	NaN
52812	NaN
52813	NaN
52814	NaN
52815	NaN
52816	NaN
52817	NaN
52818	NaN
52819	NaN
52820	NaN
52821	NaN
52822	NaN
52823	NaN
52824	NaN
52825	NaN
52826	NaN
52827	NaN
52828	NaN
52829	NaN
52830	NaN
52831	NaN
52832	NaN
52833	NaN
52834	NaN
52835	NaN
52836	NaN
52837	NaN
52838	NaN
52839	NaN
52840	NaN
52841	NaN
52842	NaN
52843	NaN
52844	NaN
52845	NaN
52846	NaN
52847	NaN
52848	NaN
52849	NaN
52850	NaN
52851	NaN
52852	NaN
52853	NaN
52854	NaN
52855	NaN
52856	NaN
52857	NaN
52858	NaN
52859	NaN
52860	NaN
52861	NaN
52862	NaN
52863	NaN
52864	NaN
52865	NaN
52866	NaN
52867	NaN
52868	NaN
52869	NaN
52870	NaN
52871	NaN
52872	NaN
52873	NaN
52874	NaN
52875	NaN
52876	1.02992129
52877	0.49218157
52878	0.38457280
52879	0.33975852
52880	0.31594372
52881	0.30165258
52882	0.29245386
52883	0.28627533
52884	0.28201801
52885	0.27904534
52886	0.27696377
52887	0.27551726
52888	0.27453277
52889	0.27388945
52890	0.27350086
52891	0.27330369
52892	0.27325103
52893	0.27330729
52894	0.27344546
52895	0.27364454
52896	0.27388802
52897	0.27416283
52898	0.27445853
52899	0.27476650
52900	0.27507946
52901	0.27539137
52902	0.27569684
52903	0.27599114
52904	0.27626997
52905	0.27652931
52906	0.27676541
52907	0.27697477
52908	0.27715400
52909	0.27729994
52910	0.27740958
52911	0.27748007
52912	0.27750900
52913	0.27749419
52914	0.27743411
52915	0.27732784
52916	0.27717531
52917	0.27697748
52918	0.27673650
52919	0.27645579
52920	0.27614018
52921	0.27579606
52922	0.27543116
52923	0.27505469
52924	0.27467701
52925	0.27430955
52926	0.27396432
52927	0.27365369
52928	0.27338970
52929	0.27318397
52930	0.27304706
52931	0.27298808
52932	0.27301455
52933	0.27313182
52934	0.27334312
52935	0.27364913
52936	0.27404812
52937	0.27453560
52938	0.27510431
52939	0.27574450
52940	0.27644354
52941	0.27718651
52942	0.27795613
52943	0.27873331
52944	0.27949774
52945	0.28022841
52946	0.28090435
52947	0.28150570
52948	0.28201437
52949	0.28241497
52950	0.28269571
52951	0.28284883
52952	0.28287119
52953	0.28276420
52954	0.28253400
52955	0.28219077
52956	0.28174835
52957	0.28122324
52958	0.28063384
52959	0.27999941
52960	0.27933928
52961	0.27867216
52962	0.27801529
52963	0.27738413
52964	0.27679211
52965	0.27625027
52966	0.27576742
52967	0.27535009
52968	0.27500269
52969	0.27472761
52970	0.27452546
52971	0.27439535
52972	0.27433488
52973	0.27434048
52974	0.27440763
52975	0.27453086
52976	0.27470404
52977	0.27492055
52978	0.27517331
52979	0.27545503
52980	0.27575821
52981	0.27607548
52982	0.27639967
52983	0.27672398
52984	0.27704212
52985	0.27734846
52986	0.27763817
52987	0.27790722
52988	0.27815247
52989	0.27837154
52990	0.27856296
52991	0.27872586
52992	0.27886003
52993	0.27896574
52994	0.27904376
52995	0.27909508
52996	0.27912098
52997	0.27912289
52998	0.27910230
52999	0.27906084
53000	0.27900010
53001	0.27892169
53002	0.27882713
53003	0.27871808
53004	0.27859625
53005	0.27846324
53006	0.27832088
53007	0.27817103
53008	0.27801576
53009	0.27785727
53010	0.27769792
53011	0.27754027
53012	0.27738708
53013	0.27724147
53014	0.27710670
53015	0.27698627
53016	0.27688399
53017	0.27680394
53018	0.27675021
53019	0.27672708
53020	0.27673861
53021	0.27678871
53022	0.27688083
53023	0.27701777
53024	0.27720168
53025	0.27743363
53026	0.27771389
53027	0.27804145
53028	0.27841437
53029	0.27882937
53030	0.27928209
53031	0.27976707
53032	0.28027764
53033	0.28080606
53034	0.28134349
53035	0.28188023
53036	0.28240567
53037	0.28290862
53038	0.28337741
53039	0.28380027
53040	0.28416565
53041	0.28446275
53042	0.28468174
53043	0.28481436
53044	0.28485432
53045	0.28479779
53046	0.28464359
53047	0.28439349
53048	0.28405216
53049	0.28362742
53050	0.28312978
53051	0.28257230
53052	0.28197026
53053	0.28134063
53054	0.28070158
53055	0.28007212
53056	0.27947155
53057	0.27891886
53058	0.27843273
53059	0.27803072
53060	0.27772924
53061	0.27754325
53062	0.27748561
53063	0.27756730
53064	0.27779675
53065	0.27817965
53066	0.27871850
53067	0.27941245
53068	0.28025666
53069	0.28124228
53070	0.28235605
53071	0.28358009
53072	0.28489217
53073	0.28626576
53074	0.28767058
53075	0.28907338
53076	0.29043910
53077	0.29173207
53078	0.29291767
53079	0.29396376
53080	0.29484206
53081	0.29552975
53082	0.29600987
53083	0.29627228
53084	0.29631346
53085	0.29613632
53086	0.29574937
53087	0.29516616
53088	0.29440403
53089	0.29348293
53090	0.29242519
53091	0.29125410
53092	0.28999388
53093	0.28866899
53094	0.28730422
53095	0.28592497
53096	0.28455755
53097	0.28322962
53098	0.28197128
53099	0.28081605
53100	0.27980202
53101	0.27897358
53102	0.27838230
53103	0.27808857
53104	0.27816296
53105	0.27868688
53106	0.27975258
53107	0.28146383
53108	0.28393364
53109	0.28728446
53110	0.29164651
53111	0.29715869
53112	0.30396938
53113	0.31224495
53114	0.32218069
53115	0.33402073
53116	0.34809271
53117	0.36485445
53118	0.38497901
53119	0.40948790
53120	0.43999413
53121	0.47916055
53122	0.53167909
53123	0.60656464
53124	0.72351384
53125	0.93521219
53126	NaN
53127	NaN
53128	NaN
53129	NaN
53130	NaN
53131	NaN
53132	NaN
53133	NaN
53134	NaN
53135	NaN
53136	NaN
53137	NaN
53138	NaN
53139	NaN
53140	NaN
53141	NaN
53142	NaN
53143	NaN
53144	NaN
53145	NaN
53146	NaN
53147	NaN
53148	NaN
53149	NaN
53150	NaN
53151	NaN
53152	NaN
53153	NaN
53154	NaN
53155	NaN
53156	NaN
53157	NaN
53158	NaN
53159	NaN
53160	NaN
53161	NaN
53162	NaN
53163	NaN
53164	NaN
53165	NaN
53166	NaN
53167	NaN
53168	NaN
53169	NaN
53170	NaN
53171	NaN
53172	NaN
53173	NaN
53174	NaN
53175	NaN
53176	NaN
53177	NaN
53178	NaN
53179	NaN
53180	NaN
53181	NaN
53182	NaN
53183	NaN
53184	NaN
53185	NaN
53186	NaN
53187	NaN
53188	NaN
53189	NaN
53190	NaN
53191	NaN
53192	NaN
53193	NaN
53194	NaN
53195	NaN
53196	NaN
53197	NaN
53198	0.98256654
53199	0.61156642
53200	0.49728006
53201	0.44147000
53202	0.40826249
53203	0.38617265
53204	0.37038863
53205	0.35853913
53206	0.34931967
53207	0.34195217
53208	0.33594364
53209	0.33096561
53210	0.32679090
53211	0.32325685
53212	0.32024404
53213	0.31766260
53214	0.31544375
53215	0.31353411
53216	0.31189153
53217	0.31048283
53218	0.30928144
53219	0.30826613
53220	0.30741984
53221	0.30672908
53222	0.30618286
53223	0.30577227
53224	0.30549011
53225	0.30533022
53226	0.30528709
53227	0.30535546
53228	0.30552986
53229	0.30580428
53230	0.30617151
53231	0.30662289
53232	0.30714789
53233	0.30773377
53234	0.30836552
53235	0.30902568
53236	0.30969468
53237	0.31035107
53238	0.31097248
53239	0.31153625
53240	0.31202075
53241	0.31240642
53242	0.31267720
53243	0.31282160
53244	0.31283355
53245	0.31271312
53246	0.31246647
53247	0.31210592
53248	0.31164888
53249	0.31111717
53250	0.31053546
53251	0.30993021
53252	0.30932799
53253	0.30875456
53254	0.30823350
53255	0.30778542
53256	0.30742744
53257	0.30717254
53258	0.30702958
53259	0.30700293
53260	0.30709282
53261	0.30729544
53262	0.30760339
53263	0.30800584
53264	0.30848926
53265	0.30903777
53266	0.30963382
53267	0.31025866
53268	0.31089300
53269	0.31151760
53270	0.31211400
53271	0.31266487
53272	0.31315464
53273	0.31357008
53274	0.31390050
53275	0.31413826
53276	0.31427887
53277	0.31432107
53278	0.31426692
53279	0.31412134
53280	0.31389213
53281	0.31358945
53282	0.31322548
53283	0.31281358
53284	0.31236824
53285	0.31190443
53286	0.31143683
53287	0.31097975
53288	0.31054667
53289	0.31014994
53290	0.30980048
53291	0.30950776
53292	0.30927950
53293	0.30912200
53294	0.30903971
53295	0.30903563
53296	0.30911136
53297	0.30926692
53298	0.30950114
53299	0.30981165
53300	0.31019491
53301	0.31064633
53302	0.31116039
53303	0.31173065
53304	0.31235009
53305	0.31301099
53306	0.31370515
53307	0.31442416
53308	0.31515941
53309	0.31590229
53310	0.31664419
53311	0.31737682
53312	0.31809208
53313	0.31878230
53314	0.31944019
53315	0.32005885
53316	0.32063204
53317	0.32115394
53318	0.32161948
53319	0.32202426
53320	0.32236460
53321	0.32263780
53322	0.32284200
53323	0.32297650
53324	0.32304168
53325	0.32303903
53326	0.32297140
53327	0.32284293
53328	0.32265899
53329	0.32242614
53330	0.32215220
53331	0.32184610
53332	0.32151753
53333	0.32117712
53334	0.32083601
53335	0.32050565
53336	0.32019761
53337	0.31992343
53338	0.31969407
53339	0.31952009
53340	0.31941110
53341	0.31937560
53342	0.31942093
53343	0.31955287
53344	0.31977552
53345	0.32009140
53346	0.32050109
53347	0.32100320
53348	0.32159454
53349	0.32226992
53350	0.32302225
53351	0.32384273
53352	0.32472074
53353	0.32564417
53354	0.32659948
53355	0.32757199
53356	0.32854605
53357	0.32950529
53358	0.33043298
53359	0.33131233
53360	0.33212674
53361	0.33286026
53362	0.33349791
53363	0.33402628
53364	0.33443376
53365	0.33471122
53366	0.33485243
53367	0.33485433
53368	0.33471769
53369	0.33444721
53370	0.33405155
53371	0.33354339
53372	0.33293924
53373	0.33225888
53374	0.33152488
53375	0.33076200
53376	0.32999614
53377	0.32925394
53378	0.32856172
53379	0.32794470
53380	0.32742655
53381	0.32702872
53382	0.32676992
53383	0.32666579
53384	0.32672855
53385	0.32696676
53386	0.32738519
53387	0.32798451
53388	0.32876134
53389	0.32970789
53390	0.33081216
53391	0.33205765
53392	0.33342382
53393	0.33488598
53394	0.33641595
53395	0.33798268
53396	0.33955297
53397	0.34109253
53398	0.34256727
53399	0.34394443
53400	0.34519401
53401	0.34629011
53402	0.34721181
53403	0.34794423
53404	0.34847930
53405	0.34881565
53406	0.34895894
53407	0.34892127
53408	0.34872076
53409	0.34838066
53410	0.34792873
53411	0.34739619
53412	0.34681705
53413	0.34622720
53414	0.34566399
53415	0.34516561
53416	0.34477031
53417	0.34451652
53418	0.34444207
53419	0.34458396
53420	0.34497800
53421	0.34565836
53422	0.34665725
53423	0.34800440
53424	0.34972665
53425	0.35184774
53426	0.35438719
53427	0.35736123
53428	0.36078194
53429	0.36465794
53430	0.36899486
53431	0.37379655
53432	0.37906694
53433	0.38481206
53434	0.39104268
53435	0.39777741
53436	0.40504774
53437	0.41290182
53438	0.42141184
53439	0.43068102
53440	0.44085485
53441	0.45213753
53442	0.46481284
53443	0.47928175
53444	0.49611473
53445	0.51614910
53446	0.54064858
53447	0.57160842
53448	0.61235929
53449	0.66889608
53450	0.75319958
53451	0.89316928
53452	1.17216492
53453	NaN
53454	NaN
53455	NaN
53456	NaN
53457	NaN
53458	NaN
53459	NaN
53460	NaN
53461	NaN
53462	NaN
53463	NaN
53464	NaN
53465	NaN
53466	NaN
53467	NaN
53468	NaN
53469	NaN
53470	NaN
53471	NaN
53472	NaN
53473	NaN
53474	NaN
53475	NaN
53476	NaN
53477	NaN
53478	NaN
53479	NaN
53480	NaN
53481	NaN
53482	NaN
53483	NaN
53484	NaN
53485	NaN
53486	NaN
53487	NaN
53488	NaN
53489	NaN
53490	NaN
53491	NaN
53492	NaN
53493	NaN
53494	NaN
53495	NaN
53496	NaN
53497	NaN
53498	NaN
53499	NaN
53500	NaN
53501	NaN
53502	NaN
53503	NaN
53504	NaN
53505	NaN
53506	NaN
53507	NaN
53508	NaN
53509	NaN
53510	NaN
53511	NaN
53512	NaN
53513	NaN
53514	NaN
53515	NaN
53516	NaN
53517	NaN
53518	NaN
53519	NaN
53520	NaN
53521	NaN
53522	NaN
53523	NaN
53524	NaN
53525	NaN
53526	NaN
53527	NaN
53528	NaN
53529	NaN
53530	NaN
53531	NaN
53532	0.57406503
53533	0.35511658
53534	0.29558182
53535	0.26886445
53536	0.25430807
53537	0.24555233
53538	0.23998910
53539	0.23635161
53540	0.23395100
53541	0.23238064
53542	0.23138560
53543	0.23079856
53544	0.23050529
53545	0.23042558
53546	0.23050174
53547	0.23069134
53548	0.23096277
53549	0.23129196
53550	0.23166044
53551	0.23205364
53552	0.23246016
53553	0.23287053
53554	0.23327702
53555	0.23367295
53556	0.23405242
53557	0.23441008
53558	0.23474097
53559	0.23504037
53560	0.23530371
53561	0.23552676
53562	0.23570538
53563	0.23583592
53564	0.23591514
53565	0.23594044
53566	0.23591006
53567	0.23582320
53568	0.23568025
53569	0.23548284
53570	0.23523419
53571	0.23493886
53572	0.23460303
53573	0.23423414
53574	0.23384093
53575	0.23343308
53576	0.23302101
53577	0.23261552
53578	0.23222744
53579	0.23186742
53580	0.23154555
53581	0.23127122
53582	0.23105270
53583	0.23089717
53584	0.23081048
53585	0.23079704
53586	0.23085985
53587	0.23100032
53588	0.23121840
53589	0.23151247
53590	0.23187938
53591	0.23231433
53592	0.23281097
53593	0.23336138
53594	0.23395595
53595	0.23458371
53596	0.23523211
53597	0.23588750
53598	0.23653527
53599	0.23716031
53600	0.23774748
53601	0.23828223
53602	0.23875108
53603	0.23914249
53604	0.23944725
53605	0.23965894
53606	0.23977442
53607	0.23979387
53608	0.23972084
53609	0.23956184
53610	0.23932616
53611	0.23902515
53612	0.23867160
53613	0.23827909
53614	0.23786129
53615	0.23743129
53616	0.23700124
53617	0.23658176
53618	0.23618191
53619	0.23580883
53620	0.23546796
53621	0.23516285
53622	0.23489574
53623	0.23466730
53624	0.23447725
53625	0.23432446
53626	0.23420721
53627	0.23412347
53628	0.23407103
53629	0.23404770
53630	0.23405141
53631	0.23408026
53632	0.23413263
53633	0.23420693
53634	0.23430179
53635	0.23441581
53636	0.23454762
53637	0.23469560
53638	0.23485799
53639	0.23503283
53640	0.23521785
53641	0.23541060
53642	0.23560837
53643	0.23580822
53644	0.23600703
53645	0.23620158
53646	0.23638849
53647	0.23656429
53648	0.23672543
53649	0.23686840
53650	0.23698957
53651	0.23708554
53652	0.23715287
53653	0.23718852
53654	0.23718965
53655	0.23715395
53656	0.23707965
53657	0.23696573
53658	0.23681200
53659	0.23661919
53660	0.23638906
53661	0.23612432
53662	0.23582873
53663	0.23550697
53664	0.23516457
53665	0.23480769
53666	0.23444310
53667	0.23407790
53668	0.23371948
53669	0.23337524
53670	0.23305248
53671	0.23275828
53672	0.23249935
53673	0.23228174
53674	0.23211101
53675	0.23199178
53676	0.23192780
53677	0.23192184
53678	0.23197548
53679	0.23208922
53680	0.23226237
53681	0.23249301
53682	0.23277798
53683	0.23311296
53684	0.23349245
53685	0.23390982
53686	0.23435742
53687	0.23482659
53688	0.23530778
53689	0.23579061
53690	0.23626414
53691	0.23671691
53692	0.23713715
53693	0.23751314
53694	0.23783334
53695	0.23808679
53696	0.23826347
53697	0.23835468
53698	0.23835336
53699	0.23825458
53700	0.23805578
53701	0.23775709
53702	0.23736143
53703	0.23687465
53704	0.23630537
53705	0.23566480
53706	0.23496656
53707	0.23422609
53708	0.23346037
53709	0.23268729
53710	0.23192532
53711	0.23119292
53712	0.23050822
53713	0.22988860
53714	0.22935054
53715	0.22890925
53716	0.22857854
53717	0.22837076
53718	0.22829652
53719	0.22836450
53720	0.22858140
53721	0.22895162
53722	0.22947681
53723	0.23015574
53724	0.23098372
53725	0.23195219
53726	0.23304848
53727	0.23425519
53728	0.23555037
53729	0.23690742
53730	0.23829541
53731	0.23968001
53732	0.24102449
53733	0.24229121
53734	0.24344310
53735	0.24444550
53736	0.24526788
53737	0.24588503
53738	0.24627842
53739	0.24643637
53740	0.24635470
53741	0.24603628
53742	0.24549007
53743	0.24473111
53744	0.24377899
53745	0.24265745
53746	0.24139369
53747	0.24001813
53748	0.23856398
53749	0.23706791
53750	0.23557042
53751	0.23411676
53752	0.23275888
53753	0.23155640
53754	0.23058012
53755	0.22991441
53756	0.22966090
53757	0.22994266
53758	0.23090887
53759	0.23274003
53760	0.23565273
53761	0.23990606
53762	0.24580511
53763	0.25370798
53764	0.26403132
53765	0.27726063
53766	0.29396874
53767	0.31485328
53768	0.34080818
53769	0.37306041
53770	0.41342738
53771	0.46481124
53772	0.53222394
53773	0.62508291
53774	0.76320392
53775	0.99595726
53776	NaN
53777	NaN
53778	NaN
53779	NaN
53780	NaN
53781	NaN
53782	NaN
53783	NaN
53784	NaN
53785	NaN
53786	NaN
53787	NaN
53788	NaN
53789	NaN
53790	NaN
53791	NaN
53792	NaN
53793	NaN
53794	NaN
53795	NaN
53796	NaN
53797	NaN
53798	NaN
53799	NaN
53800	NaN
53801	NaN
53802	NaN
53803	NaN
53804	NaN
53805	NaN
53806	NaN
53807	NaN
53808	NaN
53809	NaN
53810	NaN
53811	NaN
53812	NaN
53813	NaN
53814	NaN
53815	NaN
53816	NaN
53817	NaN
53818	NaN
53819	NaN
53820	NaN
53821	NaN
53822	NaN
53823	NaN
53824	NaN
53825	NaN
53826	NaN
53827	NaN
53828	NaN
53829	NaN
53830	NaN
53831	NaN
53832	NaN
53833	NaN
53834	NaN
53835	NaN
53836	NaN
53837	NaN
53838	NaN
53839	NaN
53840	NaN
53841	NaN
53842	NaN
53843	NaN
53844	NaN
53845	NaN
53846	NaN
53847	NaN
53848	NaN
53849	NaN
53850	NaN
53851	NaN
53852	NaN
53853	NaN
53854	NaN
53855	NaN
53856	NaN
53857	NaN
53858	0.68326634
53859	0.47998008
53860	0.40513167
53861	0.36616936
53862	0.34225962
53863	0.32609126
53864	0.31443512
53865	0.30564436
53866	0.29879078
53867	0.29331136
53868	0.28884500
53869	0.28514960
53870	0.28205702
53871	0.27944702
53872	0.27723172
53873	0.27534533
53874	0.27373818
53875	0.27237204
53876	0.27121705
53877	0.27024978
53878	0.26945153
53879	0.26880711
53880	0.26830399
53881	0.26793152
53882	0.26768041
53883	0.26754200
53884	0.26750842
53885	0.26757148
53886	0.26772293
53887	0.26795396
53888	0.26825508
53889	0.26861605
53890	0.26902583
53891	0.26947254
53892	0.26994371
53893	0.27042654
53894	0.27090806
53895	0.27137563
53896	0.27181724
53897	0.27222186
53898	0.27258003
53899	0.27288386
53900	0.27312753
53901	0.27330720
53902	0.27342141
53903	0.27347067
53904	0.27345768
53905	0.27338699
53906	0.27326483
53907	0.27309886
53908	0.27289778
53909	0.27267125
53910	0.27242920
53911	0.27218190
53912	0.27193940
53913	0.27171135
53914	0.27150664
53915	0.27133322
53916	0.27119783
53917	0.27110586
53918	0.27106106
53919	0.27106559
53920	0.27111968
53921	0.27122182
53922	0.27136856
53923	0.27155456
53924	0.27177280
53925	0.27201453
53926	0.27226955
53927	0.27252641
53928	0.27277276
53929	0.27299562
53930	0.27318189
53931	0.27331871
53932	0.27339399
53933	0.27339673
53934	0.27331758
53935	0.27314913
53936	0.27288610
53937	0.27252579
53938	0.27206802
53939	0.27151519
53940	0.27087241
53941	0.27014738
53942	0.26935026
53943	0.26849359
53944	0.26759216
53945	0.26666290
53946	0.26572445
53947	0.26479718
53948	0.26390263
53949	0.26306307
53950	0.26230106
53951	0.26163861
53952	0.26109651
53953	0.26069337
53954	0.26044482
53955	0.26036265
53956	0.26045415
53957	0.26072162
53958	0.26116249
53959	0.26176926
53960	0.26253021
53961	0.26342976
53962	0.26444957
53963	0.26556897
53964	0.26676589
53965	0.26801759
53966	0.26930124
53967	0.27059469
53968	0.27187672
53969	0.27312762
53970	0.27432939
53971	0.27546600
53972	0.27652353
53973	0.27749026
53974	0.27835658
53975	0.27911526
53976	0.27976120
53977	0.28029147
53978	0.28070524
53979	0.28100374
53980	0.28119007
53981	0.28126928
53982	0.28124806
53983	0.28113467
53984	0.28093880
53985	0.28067142
53986	0.28034437
53987	0.27997038
53988	0.27956265
53989	0.27913475
53990	0.27870029
53991	0.27827266
53992	0.27786490
53993	0.27748936
53994	0.27715757
53995	0.27688003
53996	0.27666602
53997	0.27652353
53998	0.27645901
53999	0.27647737
54000	0.27658194
54001	0.27677426
54002	0.27705434
54003	0.27742055
54004	0.27786952
54005	0.27839652
54006	0.27899539
54007	0.27965868
54008	0.28037781
54009	0.28114322
54010	0.28194457
54011	0.28277078
54012	0.28361031
54013	0.28445131
54014	0.28528175
54015	0.28608960
54016	0.28686315
54017	0.28759104
54018	0.28826272
54019	0.28886849
54020	0.28939977
54021	0.28984949
54022	0.29021230
54023	0.29048461
54024	0.29066521
54025	0.29075500
54026	0.29075745
54027	0.29067844
54028	0.29052642
54029	0.29031214
54030	0.29004845
54031	0.28975013
54032	0.28943345
54033	0.28911573
54034	0.28881481
54035	0.28854871
54036	0.28833500
54037	0.28819060
54038	0.28813109
54039	0.28817049
54040	0.28832099
54041	0.28859264
54042	0.28899309
54043	0.28952748
54044	0.29019827
54045	0.29100496
54046	0.29194424
54047	0.29300982
54048	0.29419228
54049	0.29547939
54050	0.29685608
54051	0.29830471
54052	0.29980540
54053	0.30133653
54054	0.30287525
54055	0.30439848
54056	0.30588344
54057	0.30730864
54058	0.30865484
54059	0.30990595
54060	0.31104970
54061	0.31207842
54062	0.31298921
54063	0.31378451
54064	0.31447190
54065	0.31506410
54066	0.31557846
54067	0.31603652
54068	0.31646359
54069	0.31688803
54070	0.31734064
54071	0.31785393
54072	0.31846181
54073	0.31919885
54074	0.32009983
54075	0.32119915
54076	0.32253057
54077	0.32412645
54078	0.32601747
54079	0.32823241
54080	0.33079696
54081	0.33373415
54082	0.33706382
54083	0.34080231
54084	0.34496269
54085	0.34955516
54086	0.35458812
54087	0.36006990
54088	0.36601076
54089	0.37242711
54090	0.37934512
54091	0.38680774
54092	0.39488342
54093	0.40367642
54094	0.41334185
54095	0.42410865
54096	0.43631172
54097	0.45044279
54098	0.46723866
54099	0.48782828
54100	0.51402432
54101	0.54890478
54102	0.59812999
54103	0.67335284
54104	0.80300170
54105	1.07942390
54106	NaN
54107	NaN
54108	NaN
54109	NaN
54110	NaN
54111	NaN
54112	NaN
54113	NaN
54114	NaN
54115	NaN
54116	NaN
54117	NaN
54118	NaN
54119	NaN
54120	NaN
54121	NaN
54122	NaN
54123	NaN
54124	NaN
54125	NaN
54126	NaN
54127	NaN
54128	NaN
54129	NaN
54130	NaN
54131	NaN
54132	NaN
54133	NaN
54134	NaN
54135	NaN
54136	NaN
54137	NaN
54138	NaN
54139	NaN
54140	NaN
54141	NaN
54142	NaN
54143	NaN
54144	NaN
54145	NaN
54146	NaN
54147	NaN
54148	NaN
54149	NaN
54150	NaN
54151	NaN
54152	NaN
54153	NaN
54154	NaN
54155	NaN
54156	NaN
54157	NaN
54158	NaN
54159	NaN
54160	NaN
54161	NaN
54162	NaN
54163	NaN
54164	NaN
54165	NaN
54166	NaN
54167	NaN
54168	NaN
54169	NaN
54170	NaN
54171	NaN
54172	NaN
54173	NaN
54174	NaN
54175	NaN
54176	NaN
54177	NaN
54178	NaN
54179	NaN
54180	NaN
54181	NaN
54182	NaN
54183	NaN
54184	NaN
54185	NaN
54186	NaN
54187	NaN
54188	NaN
54189	0.54958546
54190	0.34765387
54191	0.29451722
54192	0.27074227
54193	0.25772050
54194	0.24981649
54195	0.24474134
54196	0.24138942
54197	0.23916160
54198	0.23770420
54199	0.23679483
54200	0.23628572
54201	0.23607481
54202	0.23608851
54203	0.23627208
54204	0.23658368
54205	0.23699024
54206	0.23746516
54207	0.23798643
54208	0.23853557
54209	0.23909660
54210	0.23965564
54211	0.24020037
54212	0.24071974
54213	0.24120393
54214	0.24164408
54215	0.24203238
54216	0.24236217
54217	0.24262783
54218	0.24282496
54219	0.24295034
54220	0.24300212
54221	0.24297976
54222	0.24288416
54223	0.24271755
54224	0.24248368
54225	0.24218766
54226	0.24183604
54227	0.24143665
54228	0.24099846
54229	0.24053161
54230	0.24004707
54231	0.23955664
54232	0.23907259
54233	0.23860741
54234	0.23817368
54235	0.23778361
54236	0.23744887
54237	0.23718014
54238	0.23698692
54239	0.23687722
54240	0.23685731
54241	0.23693156
54242	0.23710223
54243	0.23736957
54244	0.23773167
54245	0.23818448
54246	0.23872191
54247	0.23933583
54248	0.24001628
54249	0.24075133
54250	0.24152741
54251	0.24232931
54252	0.24314058
54253	0.24394363
54254	0.24472034
54255	0.24545245
54256	0.24612229
54257	0.24671336
54258	0.24721119
54259	0.24760391
54260	0.24788293
54261	0.24804334
54262	0.24808429
54263	0.24800907
54264	0.24782483
54265	0.24754232
54266	0.24717531
54267	0.24673980
54268	0.24625330
54269	0.24573389
54270	0.24519952
54271	0.24466720
54272	0.24415253
54273	0.24366914
54274	0.24322845
54275	0.24283957
54276	0.24250926
54277	0.24224198
54278	0.24204013
54279	0.24190415
54280	0.24183294
54281	0.24182391
54282	0.24187334
54283	0.24197657
54284	0.24212822
54285	0.24232236
54286	0.24255262
54287	0.24281247
54288	0.24309519
54289	0.24339403
54290	0.24370234
54291	0.24401362
54292	0.24432150
54293	0.24461995
54294	0.24490342
54295	0.24516667
54296	0.24540515
54297	0.24561490
54298	0.24579269
54299	0.24593610
54300	0.24604352
54301	0.24611425
54302	0.24614845
54303	0.24614711
54304	0.24611208
54305	0.24604595
54306	0.24595188
54307	0.24583358
54308	0.24569523
54309	0.24554120
54310	0.24537601
54311	0.24520412
54312	0.24502990
54313	0.24485745
54314	0.24469052
54315	0.24453248
54316	0.24438618
54317	0.24425399
54318	0.24413781
54319	0.24403895
54320	0.24395823
54321	0.24389599
54322	0.24385226
54323	0.24382667
54324	0.24381869
54325	0.24382755
54326	0.24385257
54327	0.24389309
54328	0.24394867
54329	0.24401899
54330	0.24410409
54331	0.24420419
54332	0.24431983
54333	0.24445169
54334	0.24460058
54335	0.24476737
54336	0.24495287
54337	0.24515781
54338	0.24538247
54339	0.24562703
54340	0.24589102
54341	0.24617352
54342	0.24647287
54343	0.24678674
54344	0.24711202
54345	0.24744470
54346	0.24778001
54347	0.24811237
54348	0.24843536
54349	0.24874212
54350	0.24902526
54351	0.24927720
54352	0.24949035
54353	0.24965741
54354	0.24977176
54355	0.24982750
54356	0.24982001
54357	0.24974592
54358	0.24960351
54359	0.24939279
54360	0.24911568
54361	0.24877585
54362	0.24837899
54363	0.24793245
54364	0.24744530
54365	0.24692808
54366	0.24639259
54367	0.24585150
54368	0.24531841
54369	0.24480723
54370	0.24433210
54371	0.24390705
54372	0.24354579
54373	0.24326135
54374	0.24306591
54375	0.24297044
54376	0.24298441
54377	0.24311569
54378	0.24336992
54379	0.24375044
54380	0.24425773
54381	0.24488948
54382	0.24563982
54383	0.24649943
54384	0.24745543
54385	0.24849100
54386	0.24958609
54387	0.25071728
54388	0.25185871
54389	0.25298238
54390	0.25405949
54391	0.25506106
54392	0.25595915
54393	0.25672776
54394	0.25734338
54395	0.25778610
54396	0.25803968
54397	0.25809205
54398	0.25793481
54399	0.25756356
54400	0.25697723
54401	0.25617784
54402	0.25516990
54403	0.25396022
54404	0.25255758
54405	0.25097290
54406	0.24921955
54407	0.24731387
54408	0.24527636
54409	0.24313363
54410	0.24092038
54411	0.23868239
54412	0.23647986
54413	0.23439206
54414	0.23252200
54415	0.23100212
54416	0.23000169
54417	0.22973272
54418	0.23046030
54419	0.23251262
54420	0.23629345
54421	0.24230109
54422	0.25115752
54423	0.26365432
54424	0.28083214
54425	0.30412737
54426	0.33563548
54427	0.37864503
54428	0.43874869
54429	0.52646470
54430	0.66435492
54431	0.91128606
54432	NaN
54433	NaN
54434	NaN
54435	NaN
54436	NaN
54437	NaN
54438	NaN
54439	NaN
54440	NaN
54441	NaN
54442	NaN
54443	NaN
54444	NaN
54445	NaN
54446	NaN
54447	NaN
54448	NaN
54449	NaN
54450	NaN
54451	NaN
54452	NaN
54453	NaN
54454	NaN
54455	NaN
54456	NaN
54457	NaN
54458	NaN
54459	NaN
54460	NaN
54461	NaN
54462	NaN
54463	NaN
54464	NaN
54465	NaN
54466	NaN
54467	NaN
54468	NaN
54469	NaN
54470	NaN
54471	NaN
54472	NaN
54473	NaN
54474	NaN
54475	NaN
54476	NaN
54477	NaN
54478	NaN
54479	NaN
54480	NaN
54481	NaN
54482	NaN
54483	NaN
54484	NaN
54485	NaN
54486	NaN
54487	NaN
54488	NaN
54489	NaN
54490	NaN
54491	NaN
54492	NaN
54493	NaN
54494	NaN
54495	NaN
54496	NaN
54497	NaN
54498	NaN
54499	NaN
54500	NaN
54501	NaN
54502	NaN
54503	NaN
54504	NaN
54505	NaN
54506	NaN
54507	NaN
54508	NaN
54509	NaN
54510	NaN
54511	NaN
54512	NaN
54513	NaN
54514	NaN
54515	NaN
54516	NaN
54517	NaN
54518	NaN
54519	NaN
54520	NaN
54521	NaN
54522	NaN
54523	1.15194929
54524	0.59684575
54525	0.45433795
54526	0.39006704
54527	0.35407624
54528	0.33144516
54529	0.31615278
54530	0.30530289
54531	0.29732972
54532	0.29131326
54533	0.28667882
54534	0.28304964
54535	0.28017005
54536	0.27786109
54537	0.27599487
54538	0.27447844
54539	0.27324337
54540	0.27223870
54541	0.27142626
54542	0.27077702
54543	0.27026916
54544	0.26988575
54545	0.26961368
54546	0.26944253
54547	0.26936379
54548	0.26937026
54549	0.26945531
54550	0.26961285
54551	0.26983649
54552	0.27011961
54553	0.27045476
54554	0.27083382
54555	0.27124751
54556	0.27168563
54557	0.27213693
54558	0.27258924
54559	0.27302977
54560	0.27344540
54561	0.27382314
54562	0.27415067
54563	0.27441689
54564	0.27461249
54565	0.27473050
54566	0.27476680
54567	0.27472037
54568	0.27459353
54569	0.27439180
54570	0.27412370
54571	0.27380046
54572	0.27343538
54573	0.27304325
54574	0.27263966
54575	0.27224061
54576	0.27186146
54577	0.27151689
54578	0.27122006
54579	0.27098241
54580	0.27081352
54581	0.27072060
54582	0.27070868
54583	0.27078027
54584	0.27093551
54585	0.27117208
54586	0.27148524
54587	0.27186799
54588	0.27231121
54589	0.27280378
54590	0.27333289
54591	0.27388439
54592	0.27444321
54593	0.27499381
54594	0.27552086
54595	0.27600959
54596	0.27644664
54597	0.27682039
54598	0.27712148
54599	0.27734333
54600	0.27748218
54601	0.27753714
54602	0.27751026
54603	0.27740616
54604	0.27723181
54605	0.27699614
54606	0.27670935
54607	0.27638283
54608	0.27602842
54609	0.27565822
54610	0.27528402
54611	0.27491727
54612	0.27456877
54613	0.27424839
54614	0.27396515
54615	0.27372715
54616	0.27354139
54617	0.27341399
54618	0.27335006
54619	0.27335367
54620	0.27342802
54621	0.27357528
54622	0.27379656
54623	0.27409202
54624	0.27446058
54625	0.27490014
54626	0.27540740
54627	0.27597779
54628	0.27660567
54629	0.27728420
54630	0.27800551
54631	0.27876070
54632	0.27954015
54633	0.28033349
54634	0.28112999
54635	0.28191862
54636	0.28268832
54637	0.28342843
54638	0.28412864
54639	0.28477937
54640	0.28537208
54641	0.28589922
54642	0.28635460
54643	0.28673330
54644	0.28703204
54645	0.28724894
54646	0.28738374
54647	0.28743762
54648	0.28741336
54649	0.28731498
54650	0.28714803
54651	0.28691918
54652	0.28663614
54653	0.28630781
54654	0.28594390
54655	0.28555501
54656	0.28515238
54657	0.28474781
54658	0.28435344
54659	0.28398165
54660	0.28364474
54661	0.28335452
54662	0.28312227
54663	0.28295833
54664	0.28287172
54665	0.28287008
54666	0.28295928
54667	0.28314334
54668	0.28342426
54669	0.28380194
54670	0.28427422
54671	0.28483698
54672	0.28548396
54673	0.28620723
54674	0.28699705
54675	0.28784195
54676	0.28872916
54677	0.28964472
54678	0.29057336
54679	0.29149920
54680	0.29240566
54681	0.29327595
54682	0.29409334
54683	0.29484174
54684	0.29550582
54685	0.29607177
54686	0.29652762
54687	0.29686385
54688	0.29707363
54689	0.29715335
54690	0.29710302
54691	0.29692611
54692	0.29663011
54693	0.29622608
54694	0.29572862
54695	0.29515553
54696	0.29452729
54697	0.29386666
54698	0.29319793
54699	0.29254624
54700	0.29193711
54701	0.29139555
54702	0.29094562
54703	0.29060975
54704	0.29040822
54705	0.29035884
54706	0.29047647
54707	0.29077268
54708	0.29125556
54709	0.29192933
54710	0.29279426
54711	0.29384628
54712	0.29507679
54713	0.29647258
54714	0.29801568
54715	0.29968339
54716	0.30144840
54717	0.30327928
54718	0.30514097
54719	0.30699566
54720	0.30880398
54721	0.31052625
54722	0.31212395
54723	0.31356159
54724	0.31480816
54725	0.31583863
54726	0.31663531
54727	0.31718898
54728	0.31749925
54729	0.31757492
54730	0.31743348
54731	0.31710061
54732	0.31660938
54733	0.31599858
54734	0.31531206
54735	0.31459674
54736	0.31390217
54737	0.31327894
54738	0.31277809
54739	0.31245035
54740	0.31234562
54741	0.31251293
54742	0.31299981
54743	0.31385276
54744	0.31511635
54745	0.31683359
54746	0.31904554
54747	0.32179075
54748	0.32510498
54749	0.32901973
54750	0.33356270
54751	0.33875608
54752	0.34461704
54753	0.35115674
54754	0.35838220
54755	0.36629736
54756	0.37490734
54757	0.38422289
54758	0.39426824
54759	0.40509203
54760	0.41678065
54761	0.42947763
54762	0.44340917
54763	0.45891953
54764	0.47652724
54765	0.49701387
54766	0.52157456
54767	0.55209625
54768	0.59170973
54769	0.64598852
54770	0.72588444
54771	0.85630369
54772	1.10874271
54773	NaN
54774	NaN
54775	NaN
54776	NaN
54777	NaN
54778	NaN
54779	NaN
54780	NaN
54781	NaN
54782	NaN
54783	NaN
54784	NaN
54785	NaN
54786	NaN
54787	NaN
54788	NaN
54789	NaN
54790	NaN
54791	NaN
54792	NaN
54793	NaN
54794	NaN
54795	NaN
54796	NaN
54797	NaN
54798	NaN
54799	NaN
54800	NaN
54801	NaN
54802	NaN
54803	NaN
54804	NaN
54805	NaN
54806	NaN
54807	NaN
54808	NaN
54809	NaN
54810	NaN
54811	NaN
54812	NaN
54813	NaN
54814	NaN
54815	NaN
54816	NaN
54817	NaN
54818	NaN
54819	NaN
54820	NaN
54821	NaN
54822	NaN
54823	NaN
54824	NaN
54825	NaN
54826	NaN
54827	NaN
54828	NaN
54829	NaN
54830	NaN
54831	NaN
54832	NaN
54833	NaN
54834	NaN
54835	NaN
54836	NaN
54837	NaN
54838	NaN
54839	NaN
54840	NaN
54841	NaN
54842	NaN
54843	NaN
54844	NaN
54845	NaN
54846	NaN
54847	NaN
54848	0.38999724
54849	0.30182365
54850	0.27206701
54851	0.25738257
54852	0.24880981
54853	0.24332084
54854	0.23960756
54855	0.23701228
54856	0.23516756
54857	0.23385173
54858	0.23292254
54859	0.23228417
54860	0.23186940
54861	0.23162930
54862	0.23152721
54863	0.23153475
54864	0.23162946
54865	0.23179312
54866	0.23201066
54867	0.23226918
54868	0.23255774
54869	0.23286653
54870	0.23318681
54871	0.23351078
54872	0.23383114
54873	0.23414116
54874	0.23443459
54875	0.23470558
54876	0.23494874
54877	0.23515917
54878	0.23533244
54879	0.23546481
54880	0.23555319
54881	0.23559545
54882	0.23559029
54883	0.23553757
54884	0.23543832
54885	0.23529483
54886	0.23511082
54887	0.23489121
54888	0.23464228
54889	0.23437160
54890	0.23408766
54891	0.23379999
54892	0.23351876
54893	0.23325469
54894	0.23301877
54895	0.23282199
54896	0.23267508
54897	0.23258820
54898	0.23257060
54899	0.23263033
54900	0.23277378
54901	0.23300548
54902	0.23332782
54903	0.23374091
54904	0.23424244
54905	0.23482765
54906	0.23548952
54907	0.23621881
54908	0.23700443
54909	0.23783343
54910	0.23869152
54911	0.23956326
54912	0.24043234
54913	0.24128209
54914	0.24209568
54915	0.24285662
54916	0.24354926
54917	0.24415921
54918	0.24467388
54919	0.24508296
54920	0.24537893
54921	0.24555737
54922	0.24561723
54923	0.24556108
54924	0.24539483
54925	0.24512786
54926	0.24477229
54927	0.24434271
54928	0.24385537
54929	0.24332765
54930	0.24277711
54931	0.24222106
54932	0.24167575
54933	0.24115600
54934	0.24067478
54935	0.24024297
54936	0.23986916
54937	0.23955962
54938	0.23931834
54939	0.23914710
54940	0.23904571
54941	0.23901211
54942	0.23904262
54943	0.23913224
54944	0.23927490
54945	0.23946378
54946	0.23969147
54947	0.23995037
54948	0.24023284
54949	0.24053146
54950	0.24083912
54951	0.24114919
54952	0.24145558
54953	0.24175282
54954	0.24203604
54955	0.24230109
54956	0.24254443
54957	0.24276315
54958	0.24295503
54959	0.24311844
54960	0.24325244
54961	0.24335662
54962	0.24343123
54963	0.24347703
54964	0.24349537
54965	0.24348809
54966	0.24345739
54967	0.24340594
54968	0.24333656
54969	0.24325240
54970	0.24315661
54971	0.24305253
54972	0.24294339
54973	0.24283241
54974	0.24272272
54975	0.24261729
54976	0.24251893
54977	0.24243023
54978	0.24235348
54979	0.24229066
54980	0.24224326
54981	0.24221246
54982	0.24219890
54983	0.24220279
54984	0.24222393
54985	0.24226186
54986	0.24231584
54987	0.24238506
54988	0.24246874
54989	0.24256620
54990	0.24267697
54991	0.24280079
54992	0.24293759
54993	0.24308753
54994	0.24325089
54995	0.24342801
54996	0.24361914
54997	0.24382451
54998	0.24404410
54999	0.24427763
55000	0.24452461
55001	0.24478412
55002	0.24505484
55003	0.24533510
55004	0.24562274
55005	0.24591514
55006	0.24620928
55007	0.24650164
55008	0.24678828
55009	0.24706495
55010	0.24732713
55011	0.24757004
55012	0.24778883
55013	0.24797872
55014	0.24813509
55015	0.24825381
55016	0.24833125
55017	0.24836457
55018	0.24835198
55019	0.24829285
55020	0.24818791
55021	0.24803935
55022	0.24785101
55023	0.24762812
55024	0.24737750
55025	0.24710731
55026	0.24682675
55027	0.24654610
55028	0.24627620
55029	0.24602821
55030	0.24581352
55031	0.24564332
55032	0.24552830
55033	0.24547857
55034	0.24550337
55035	0.24561077
55036	0.24580762
55037	0.24609917
55038	0.24648903
55039	0.24697867
55040	0.24756734
55041	0.24825189
55042	0.24902649
55043	0.24988261
55044	0.25080889
55045	0.25179154
55046	0.25281435
55047	0.25385934
55048	0.25490728
55049	0.25593847
55050	0.25693351
55051	0.25787401
55052	0.25874364
55053	0.25952828
55054	0.26021701
55055	0.26080206
55056	0.26127890
55057	0.26164636
55058	0.26190612
55059	0.26206255
55060	0.26212236
55061	0.26209426
55062	0.26198843
55063	0.26181668
55064	0.26159209
55065	0.26132905
55066	0.26104346
55067	0.26075307
55068	0.26047811
55069	0.26024187
55070	0.26007202
55071	0.26000124
55072	0.26006922
55073	0.26032388
55074	0.26082364
55075	0.26163897
55076	0.26285449
55077	0.26457179
55078	0.26691085
55079	0.27001265
55080	0.27404121
55081	0.27918571
55082	0.28566471
55083	0.29373267
55084	0.30369037
55085	0.31590331
55086	0.33083507
55087	0.34910035
55088	0.37155578
55089	0.39945823
55090	0.43474677
55091	0.48059180
55092	0.54254597
55093	0.63125354
55094	0.76993936
55095	1.02052665
55096	NaN
55097	NaN
55098	NaN
55099	NaN
55100	NaN
55101	NaN
55102	NaN
55103	NaN
55104	NaN
55105	NaN
55106	NaN
55107	NaN
55108	NaN
55109	NaN
55110	NaN
55111	NaN
55112	NaN
55113	NaN
55114	NaN
55115	NaN
55116	NaN
55117	NaN
55118	NaN
55119	NaN
55120	NaN
55121	NaN
55122	NaN
55123	NaN
55124	NaN
55125	NaN
55126	NaN
55127	NaN
55128	NaN
55129	NaN
55130	NaN
55131	NaN
55132	NaN
55133	NaN
55134	NaN
55135	NaN
55136	NaN
55137	NaN
55138	NaN
55139	NaN
55140	NaN
55141	NaN
55142	NaN
55143	NaN
55144	NaN
55145	NaN
55146	NaN
55147	NaN
55148	NaN
55149	NaN
55150	NaN
55151	NaN
55152	NaN
55153	NaN
55154	NaN
55155	NaN
55156	NaN
55157	NaN
55158	NaN
55159	NaN
55160	NaN
55161	NaN
55162	NaN
55163	NaN
55164	NaN
55165	NaN
55166	NaN
55167	NaN
55168	NaN
55169	NaN
55170	NaN
55171	NaN
55172	0.98889577
55173	0.62369817
55174	0.50709009
55175	0.44932780
55176	0.41468108
55177	0.39152285
55178	0.37493381
55179	0.36247218
55180	0.35278615
55181	0.34506589
55182	0.33879557
55183	0.33363056
55184	0.32933167
55185	0.32572725
55186	0.32269120
55187	0.32012847
55188	0.31796634
55189	0.31614825
55190	0.31462964
55191	0.31337497
55192	0.31235570
55193	0.31154874
55194	0.31093499
55195	0.31049874
55196	0.31022668
55197	0.31010726
55198	0.31013012
55199	0.31028554
55200	0.31056392
55201	0.31095514
55202	0.31144840
55203	0.31203157
55204	0.31269091
55205	0.31341094
55206	0.31417426
55207	0.31496167
55208	0.31575242
55209	0.31652477
55210	0.31725642
55211	0.31792560
55212	0.31851181
55213	0.31899703
55214	0.31936654
55215	0.31960991
55216	0.31972164
55217	0.31970155
55218	0.31955490
55219	0.31929216
55220	0.31892836
55221	0.31848240
55222	0.31797594
55223	0.31743246
55224	0.31687590
55225	0.31632984
55226	0.31581655
55227	0.31535605
55228	0.31496564
55229	0.31465927
55230	0.31444746
55231	0.31433699
55232	0.31433082
55233	0.31442815
55234	0.31462482
55235	0.31491324
55236	0.31528297
55237	0.31572089
55238	0.31621191
55239	0.31673938
55240	0.31728554
55241	0.31783232
55242	0.31836173
55243	0.31885666
55244	0.31930143
55245	0.31968230
55246	0.31998795
55247	0.32020995
55248	0.32034290
55249	0.32038468
55250	0.32033637
55251	0.32020193
55252	0.31998819
55253	0.31970406
55254	0.31936026
55255	0.31896871
55256	0.31854215
55257	0.31809342
55258	0.31763524
55259	0.31717977
55260	0.31673846
55261	0.31632167
55262	0.31593883
55263	0.31559813
55264	0.31530663
55265	0.31507024
55266	0.31489378
55267	0.31478098
55268	0.31473461
55269	0.31475633
55270	0.31484693
55271	0.31500614
55272	0.31523272
55273	0.31552449
55274	0.31587812
55275	0.31628942
55276	0.31675324
55277	0.31726351
55278	0.31781343
55279	0.31839561
55280	0.31900212
55281	0.31962472
55282	0.32025510
55283	0.32088482
55284	0.32150564
55285	0.32210961
55286	0.32268915
55287	0.32323724
55288	0.32374731
55289	0.32421356
55290	0.32463086
55291	0.32499483
55292	0.32530189
55293	0.32554939
55294	0.32573551
55295	0.32585955
55296	0.32592171
55297	0.32592341
55298	0.32586706
55299	0.32575637
55300	0.32559600
55301	0.32539180
55302	0.32515043
55303	0.32487947
55304	0.32458714
55305	0.32428214
55306	0.32397363
55307	0.32367083
55308	0.32338309
55309	0.32311967
55310	0.32288957
55311	0.32270133
55312	0.32256311
55313	0.32248229
55314	0.32246548
55315	0.32251823
55316	0.32264492
55317	0.32284877
55318	0.32313153
55319	0.32349342
55320	0.32393318
55321	0.32444790
55322	0.32503322
55323	0.32568312
55324	0.32639024
55325	0.32714584
55326	0.32793996
55327	0.32876152
55328	0.32959849
55329	0.33043814
55330	0.33126706
55331	0.33207166
55332	0.33283821
55333	0.33355340
55334	0.33420441
55335	0.33477950
55336	0.33526847
55337	0.33566290
55338	0.33595648
55339	0.33614573
55340	0.33622986
55341	0.33621120
55342	0.33609530
55343	0.33589080
55344	0.33560944
55345	0.33526561
55346	0.33487621
55347	0.33446002
55348	0.33403721
55349	0.33362883
55350	0.33325624
55351	0.33294037
55352	0.33270130
55353	0.33255768
55354	0.33252630
55355	0.33262166
55356	0.33285561
55357	0.33323711
55358	0.33377194
55359	0.33446261
55360	0.33530802
55361	0.33630347
55362	0.33744064
55363	0.33870739
55364	0.34008786
55365	0.34156269
55366	0.34310919
55367	0.34470168
55368	0.34631220
55369	0.34791106
55370	0.34946796
55371	0.35095280
55372	0.35233697
55373	0.35359436
55374	0.35470244
55375	0.35564342
55376	0.35640472
55377	0.35697985
55378	0.35736850
55379	0.35757679
55380	0.35761666
55381	0.35750601
55382	0.35726756
55383	0.35692853
55384	0.35651976
55385	0.35607475
55386	0.35562950
55387	0.35522121
55388	0.35488805
55389	0.35466856
55390	0.35460091
55391	0.35472265
55392	0.35507023
55393	0.35567835
55394	0.35657954
55395	0.35780373
55396	0.35937789
55397	0.36132553
55398	0.36366650
55399	0.36641648
55400	0.36958712
55401	0.37318644
55402	0.37721848
55403	0.38168439
55404	0.38658360
55405	0.39191541
55406	0.39768097
55407	0.40388674
55408	0.41054693
55409	0.41768861
55410	0.42535707
55411	0.43362138
55412	0.44258383
55413	0.45238906
55414	0.46324217
55415	0.47542918
55416	0.48935401
55417	0.50559133
55418	0.52498460
55419	0.54880977
55420	0.57908660
55421	0.61920989
55422	0.67534274
55423	0.75998217
55424	0.90285325
55425	1.19624150
55426	NaN
55427	NaN
55428	NaN
55429	NaN
55430	NaN
55431	NaN
55432	NaN
55433	NaN
55434	NaN
55435	NaN
55436	NaN
55437	NaN
55438	NaN
55439	NaN
55440	NaN
55441	NaN
55442	NaN
55443	NaN
55444	NaN
55445	NaN
55446	NaN
55447	NaN
55448	NaN
55449	NaN
55450	NaN
55451	NaN
55452	NaN
55453	NaN
55454	NaN
55455	NaN
55456	NaN
55457	NaN
55458	NaN
55459	NaN
55460	NaN
55461	NaN
55462	NaN
55463	NaN
55464	NaN
55465	NaN
55466	NaN
55467	NaN
55468	NaN
55469	NaN
55470	NaN
55471	NaN
55472	NaN
55473	NaN
55474	NaN
55475	NaN
55476	NaN
55477	NaN
55478	NaN
55479	NaN
55480	NaN
55481	NaN
55482	NaN
55483	NaN
55484	NaN
55485	NaN
55486	NaN
55487	NaN
55488	NaN
55489	NaN
55490	NaN
55491	NaN
55492	NaN
55493	NaN
55494	NaN
55495	NaN
55496	NaN
55497	NaN
55498	0.56720006
55499	0.41679606
55500	0.36047092
55501	0.33168885
55502	0.31465608
55503	0.30369622
55504	0.29626876
55505	0.29106632
55506	0.28734833
55507	0.28466398
55508	0.28272319
55509	0.28133079
55510	0.28035080
55511	0.27968541
55512	0.27926213
55513	0.27902627
55514	0.27893522
55515	0.27895531
55516	0.27905923
55517	0.27922446
55518	0.27943203
55519	0.27966559
55520	0.27991110
55521	0.28015608
55522	0.28038946
55523	0.28060144
55524	0.28078321
55525	0.28092700
55526	0.28102598
55527	0.28107426
55528	0.28106681
55529	0.28099966
55530	0.28086987
55531	0.28067559
55532	0.28041610
55533	0.28009215
55534	0.27970579
55535	0.27926058
55536	0.27876177
55537	0.27821615
55538	0.27763218
55539	0.27701986
55540	0.27639079
55541	0.27575785
55542	0.27513492
55543	0.27453685
55544	0.27397880
55545	0.27347600
55546	0.27304319
55547	0.27269405
55548	0.27244103
55549	0.27229443
55550	0.27226239
55551	0.27235034
55552	0.27256098
55553	0.27289408
55554	0.27334648
55555	0.27391216
55556	0.27458239
55557	0.27534598
55558	0.27618936
55559	0.27709696
55560	0.27805138
55561	0.27903387
55562	0.28002435
55563	0.28100210
55564	0.28194594
55565	0.28283486
55566	0.28364852
55567	0.28436792
55568	0.28497607
55569	0.28545848
55570	0.28580403
55571	0.28600541
55572	0.28605947
55573	0.28596756
55574	0.28573552
55575	0.28537351
55576	0.28489545
55577	0.28431863
55578	0.28366277
55579	0.28294906
55580	0.28219944
55581	0.28143558
55582	0.28067803
55583	0.27994579
55584	0.27925551
55585	0.27862126
55586	0.27805430
55587	0.27756315
55588	0.27715346
55589	0.27682826
55590	0.27658817
55591	0.27643180
55592	0.27635568
55593	0.27635494
55594	0.27642348
55595	0.27655420
55596	0.27673933
55597	0.27697068
55598	0.27723986
55599	0.27753851
55600	0.27785838
55601	0.27819154
55602	0.27853039
55603	0.27886790
55604	0.27919754
55605	0.27951345
55606	0.27981052
55607	0.28008440
55608	0.28033149
55609	0.28054923
55610	0.28073573
55611	0.28089011
55612	0.28101215
55613	0.28110263
55614	0.28116283
55615	0.28119472
55616	0.28120065
55617	0.28118336
55618	0.28114587
55619	0.28109112
55620	0.28102213
55621	0.28094167
55622	0.28085244
55623	0.28075671
55624	0.28065667
55625	0.28055403
55626	0.28045037
55627	0.28034696
55628	0.28024486
55629	0.28014499
55630	0.28004822
55631	0.27995530
55632	0.27986696
55633	0.27978420
55634	0.27970809
55635	0.27964002
55636	0.27958173
55637	0.27953526
55638	0.27950314
55639	0.27948818
55640	0.27949345
55641	0.27952215
55642	0.27957761
55643	0.27966276
55644	0.27978036
55645	0.27993256
55646	0.28012094
55647	0.28034618
55648	0.28060815
55649	0.28090575
55650	0.28123674
55651	0.28159797
55652	0.28198504
55653	0.28239238
55654	0.28281334
55655	0.28324008
55656	0.28366363
55657	0.28407416
55658	0.28446102
55659	0.28481308
55660	0.28511909
55661	0.28536806
55662	0.28554970
55663	0.28565496
55664	0.28567639
55665	0.28560862
55666	0.28544876
55667	0.28519651
55668	0.28485459
55669	0.28442842
55670	0.28392637
55671	0.28335926
55672	0.28274029
55673	0.28208461
55674	0.28140888
55675	0.28073081
55676	0.28006884
55677	0.27944157
55678	0.27886751
55679	0.27836448
55680	0.27794948
55681	0.27763829
55682	0.27744511
55683	0.27738225
55684	0.27746004
55685	0.27768609
55686	0.27806544
55687	0.27859971
55688	0.27928707
55689	0.28012165
55690	0.28109345
55691	0.28218776
55692	0.28338531
55693	0.28466225
55694	0.28599039
55695	0.28733781
55696	0.28866985
55697	0.28995013
55698	0.29114193
55699	0.29221004
55700	0.29312211
55701	0.29385030
55702	0.29437262
55703	0.29467368
55704	0.29474536
55705	0.29458669
55706	0.29420394
55707	0.29360932
55708	0.29282069
55709	0.29186052
55710	0.29075494
55711	0.28953308
55712	0.28822643
55713	0.28686860
55714	0.28549510
55715	0.28414369
55716	0.28285486
55717	0.28167251
55718	0.28064579
55719	0.27983096
55720	0.27929354
55721	0.27911150
55722	0.27937958
55723	0.28021351
55724	0.28175512
55725	0.28418007
55726	0.28770339
55727	0.29259011
55728	0.29916531
55729	0.30782750
55730	0.31906921
55731	0.33350399
55732	0.35191587
55733	0.37533727
55734	0.40519205
55735	0.44355035
55736	0.49362928
55737	0.56080192
55738	0.65487373
55739	0.79589170
55740	1.03212738
55741	NaN
55742	NaN
55743	NaN
55744	NaN
55745	NaN
55746	NaN
55747	NaN
55748	NaN
55749	NaN
55750	NaN
55751	NaN
55752	NaN
55753	NaN
55754	NaN
55755	NaN
55756	NaN
55757	NaN
55758	NaN
55759	NaN
55760	NaN
55761	NaN
55762	NaN
55763	NaN
55764	NaN
55765	NaN
55766	NaN
55767	NaN
55768	NaN
55769	NaN
55770	NaN
55771	NaN
55772	NaN
55773	NaN
55774	NaN
55775	NaN
55776	NaN
55777	NaN
55778	NaN
55779	NaN
55780	NaN
55781	NaN
55782	NaN
55783	NaN
55784	NaN
55785	NaN
55786	NaN
55787	NaN
55788	NaN
55789	NaN
55790	NaN
55791	NaN
55792	NaN
55793	NaN
55794	NaN
55795	NaN
55796	NaN
55797	NaN
55798	NaN
55799	NaN
55800	NaN
55801	NaN
55802	NaN
55803	NaN
55804	NaN
55805	NaN
55806	NaN
55807	NaN
55808	NaN
55809	NaN
55810	NaN
55811	NaN
55812	NaN
55813	NaN
55814	NaN
55815	NaN
55816	NaN
55817	NaN
55818	NaN
55819	NaN
55820	NaN
55821	NaN
55822	NaN
55823	NaN
55824	NaN
55825	1.14426339
55826	0.63106245
55827	0.50132465
55828	0.44249138
55829	0.40911743
55830	0.38775805
55831	0.37301850
55832	0.36231238
55833	0.35424510
55834	0.34799775
55835	0.34305823
55836	0.33908948
55837	0.33586097
55838	0.33320984
55839	0.33101785
55840	0.32919753
55841	0.32768261
55842	0.32642254
55843	0.32537812
55844	0.32451886
55845	0.32382083
55846	0.32326525
55847	0.32283750
55848	0.32252631
55849	0.32232282
55850	0.32222059
55851	0.32221448
55852	0.32230052
55853	0.32247552
55854	0.32273641
55855	0.32307985
55856	0.32350165
55857	0.32399648
55858	0.32455736
55859	0.32517505
55860	0.32583797
55861	0.32653201
55862	0.32724050
55863	0.32794449
55864	0.32862321
55865	0.32925484
55866	0.32981735
55867	0.33028978
55868	0.33065334
55869	0.33089259
55870	0.33099684
55871	0.33096075
55872	0.33078513
55873	0.33047718
55874	0.33005017
55875	0.32952294
55876	0.32891902
55877	0.32826519
55878	0.32759041
55879	0.32692418
55880	0.32629529
55881	0.32573071
55882	0.32525447
55883	0.32488683
55884	0.32464376
55885	0.32453662
55886	0.32457188
55887	0.32475102
55888	0.32507074
55889	0.32552323
55890	0.32609627
55891	0.32677391
55892	0.32753682
55893	0.32836303
55894	0.32922864
55895	0.33010861
55896	0.33097774
55897	0.33181134
55898	0.33258638
55899	0.33328217
55900	0.33388120
55901	0.33436966
55902	0.33473793
55903	0.33498085
55904	0.33509761
55905	0.33509183
55906	0.33497086
55907	0.33474556
55908	0.33442953
55909	0.33403847
55910	0.33358943
55911	0.33310023
55912	0.33258861
55913	0.33207196
55914	0.33156675
55915	0.33108795
55916	0.33064920
55917	0.33026221
55918	0.32993698
55919	0.32968146
55920	0.32950181
55921	0.32940221
55922	0.32938525
55923	0.32945168
55924	0.32960078
55925	0.32983044
55926	0.33013722
55927	0.33051664
55928	0.33096308
55929	0.33147019
55930	0.33203080
55931	0.33263713
55932	0.33328092
55933	0.33395371
55934	0.33464667
55935	0.33535114
55936	0.33605844
55937	0.33676025
55938	0.33744857
55939	0.33811602
55940	0.33875579
55941	0.33936170
55942	0.33992839
55943	0.34045100
55944	0.34092548
55945	0.34134841
55946	0.34171689
55947	0.34202856
55948	0.34228173
55949	0.34247509
55950	0.34260798
55951	0.34268028
55952	0.34269258
55953	0.34264621
55954	0.34254321
55955	0.34238663
55956	0.34218049
55957	0.34192976
55958	0.34164056
55959	0.34132010
55960	0.34097657
55961	0.34061915
55962	0.34025794
55963	0.33990362
55964	0.33956742
55965	0.33926064
55966	0.33899462
55967	0.33878034
55968	0.33862802
55969	0.33854705
55970	0.33854547
55971	0.33862993
55972	0.33880538
55973	0.33907500
55974	0.33943996
55975	0.33989942
55976	0.34045056
55977	0.34108829
55978	0.34180570
55979	0.34259373
55980	0.34344140
55981	0.34433597
55982	0.34526309
55983	0.34620690
55984	0.34715042
55985	0.34807578
55986	0.34896469
55987	0.34979874
55988	0.35056013
55989	0.35123184
55990	0.35179850
55991	0.35224691
55992	0.35256648
55993	0.35274979
55994	0.35279328
55995	0.35269725
55996	0.35246649
55997	0.35211015
55998	0.35164165
55999	0.35107863
56000	0.35044241
56001	0.34975731
56002	0.34905016
56003	0.34834927
56004	0.34768382
56005	0.34708267
56006	0.34657395
56007	0.34618381
56008	0.34593621
56009	0.34585193
56010	0.34594822
56011	0.34623846
56012	0.34673163
56013	0.34743205
56014	0.34833929
56015	0.34944788
56016	0.35074726
56017	0.35222152
56018	0.35384989
56019	0.35560647
56020	0.35746098
56021	0.35937899
56022	0.36132291
56023	0.36325303
56024	0.36512879
56025	0.36691028
56026	0.36855993
56027	0.37004426
56028	0.37133557
56029	0.37241352
56030	0.37326595
56031	0.37389013
56032	0.37429270
56033	0.37448978
56034	0.37450615
56035	0.37437439
56036	0.37413365
56037	0.37382850
56038	0.37350741
56039	0.37322176
56040	0.37302431
56041	0.37296894
56042	0.37310940
56043	0.37349921
56044	0.37419081
56045	0.37523594
56046	0.37668526
56047	0.37858811
56048	0.38099289
56049	0.38394648
56050	0.38749489
56051	0.39168271
56052	0.39655393
56053	0.40215114
56054	0.40851772
56055	0.41569817
56056	0.42374122
56057	0.43270421
56058	0.44265813
56059	0.45370004
56060	0.46596518
56061	0.47964916
56062	0.49503762
56063	0.51254874
56064	0.53280145
56065	0.55672085
56066	0.58571613
56067	0.62200165
56068	0.66922772
56069	0.73381591
56070	0.82817549
56071	0.97977722
56072	1.26400936
56073	NaN
56074	NaN
56075	NaN
56076	NaN
56077	NaN
56078	NaN
56079	NaN
56080	NaN
56081	NaN
56082	NaN
56083	NaN
56084	NaN
56085	NaN
56086	NaN
56087	NaN
56088	NaN
56089	NaN
56090	NaN
56091	NaN
56092	NaN
56093	NaN
56094	NaN
56095	NaN
56096	NaN
56097	NaN
56098	NaN
56099	NaN
56100	NaN
56101	NaN
56102	NaN
56103	NaN
56104	NaN
56105	NaN
56106	NaN
56107	NaN
56108	NaN
56109	NaN
56110	NaN
56111	NaN
56112	NaN
56113	NaN
56114	NaN
56115	NaN
56116	NaN
56117	NaN
56118	NaN
56119	NaN
56120	NaN
56121	NaN
56122	NaN
56123	NaN
56124	NaN
56125	NaN
56126	NaN
56127	NaN
56128	NaN
56129	NaN
56130	NaN
56131	NaN
56132	NaN
56133	NaN
56134	NaN
56135	NaN
56136	NaN
56137	NaN
56138	NaN
56139	NaN
56140	NaN
56141	NaN
56142	NaN
56143	NaN
56144	NaN
56145	NaN
56146	NaN
56147	NaN
56148	NaN
56149	NaN
56150	NaN
56151	NaN
56152	NaN
56153	NaN
56154	0.49260890
56155	0.35339546
56156	0.30839166
56157	0.28642666
56158	0.27360389
56159	0.26533383
56160	0.25965896
56161	0.25560257
56162	0.25262210
56163	0.25039181
56164	0.24870406
56165	0.24742022
56166	0.24644414
56167	0.24570695
56168	0.24515815
56169	0.24475969
56170	0.24448250
56171	0.24430385
56172	0.24420571
56173	0.24417339
56174	0.24419487
56175	0.24425986
56176	0.24435951
56177	0.24448590
56178	0.24463180
56179	0.24479023
56180	0.24495456
56181	0.24511820
56182	0.24527450
56183	0.24541685
56184	0.24553856
56185	0.24563308
56186	0.24569398
56187	0.24571522
56188	0.24569130
56189	0.24561752
56190	0.24549033
56191	0.24530743
56192	0.24506824
56193	0.24477401
56194	0.24442804
56195	0.24403578
56196	0.24360470
56197	0.24314432
56198	0.24266577
56199	0.24218144
56200	0.24170461
56201	0.24124877
56202	0.24082707
56203	0.24045198
56204	0.24013461
56205	0.23988448
56206	0.23970932
56207	0.23961471
56208	0.23960444
56209	0.23968029
56210	0.23984227
56211	0.24008864
56212	0.24041624
56213	0.24082033
56214	0.24129476
56215	0.24183188
56216	0.24242252
56217	0.24305597
56218	0.24371986
56219	0.24440032
56220	0.24508196
56221	0.24574831
56222	0.24638197
56223	0.24696530
56224	0.24748099
56225	0.24791287
56226	0.24824665
56227	0.24847077
56228	0.24857709
56229	0.24856137
56230	0.24842380
56231	0.24816881
56232	0.24780513
56233	0.24734505
56234	0.24680391
56235	0.24619915
56236	0.24554928
56237	0.24487306
56238	0.24418850
56239	0.24351221
56240	0.24285880
56241	0.24224052
56242	0.24166718
56243	0.24114597
56244	0.24068180
56245	0.24027739
56246	0.23993358
56247	0.23964965
56248	0.23942365
56249	0.23925272
56250	0.23913322
56251	0.23906116
56252	0.23903209
56253	0.23904148
56254	0.23908462
56255	0.23915681
56256	0.23925324
56257	0.23936909
56258	0.23949972
56259	0.23964037
56260	0.23978658
56261	0.23993403
56262	0.24007876
56263	0.24021727
56264	0.24034655
56265	0.24046415
56266	0.24056821
56267	0.24065755
56268	0.24073145
56269	0.24078968
56270	0.24083236
56271	0.24085976
56272	0.24087231
56273	0.24087024
56274	0.24085379
56275	0.24082285
56276	0.24077724
56277	0.24071658
56278	0.24064049
56279	0.24054854
56280	0.24044053
56281	0.24031648
56282	0.24017678
56283	0.24002224
56284	0.23985401
56285	0.23967367
56286	0.23948318
56287	0.23928474
56288	0.23908077
56289	0.23887399
56290	0.23866716
56291	0.23846324
56292	0.23826529
56293	0.23807649
56294	0.23790023
56295	0.23773989
56296	0.23759916
56297	0.23748168
56298	0.23739114
56299	0.23733120
56300	0.23730533
56301	0.23731671
56302	0.23736808
56303	0.23746158
56304	0.23759857
56305	0.23777956
56306	0.23800412
56307	0.23827063
56308	0.23857634
56309	0.23891741
56310	0.23928870
56311	0.23968381
56312	0.24009536
56313	0.24051480
56314	0.24093263
56315	0.24133860
56316	0.24172185
56317	0.24207126
56318	0.24237567
56319	0.24262439
56320	0.24280749
56321	0.24291638
56322	0.24294423
56323	0.24288638
56324	0.24274065
56325	0.24250764
56326	0.24219087
56327	0.24179673
56328	0.24133424
56329	0.24081497
56330	0.24025239
56331	0.23966180
56332	0.23905955
56333	0.23846291
56334	0.23788947
56335	0.23735683
56336	0.23688231
56337	0.23648281
56338	0.23617445
56339	0.23597237
56340	0.23589069
56341	0.23594211
56342	0.23613764
56343	0.23648639
56344	0.23699492
56345	0.23766695
56346	0.23850279
56347	0.23949872
56348	0.24064657
56349	0.24193320
56350	0.24334031
56351	0.24484421
56352	0.24641611
56353	0.24802256
56354	0.24962652
56355	0.25118852
56356	0.25266838
56357	0.25402686
56358	0.25522742
56359	0.25623807
56360	0.25703260
56361	0.25759152
56362	0.25790244
56363	0.25796020
56364	0.25776631
56365	0.25732827
56366	0.25665888
56367	0.25577492
56368	0.25469691
56369	0.25344816
56370	0.25205484
56371	0.25054547
56372	0.24895179
56373	0.24730940
56374	0.24565905
56375	0.24404883
56376	0.24253649
56377	0.24119365
56378	0.24011017
56379	0.23940027
56380	0.23921043
56381	0.23972800
56382	0.24119216
56383	0.24390654
56384	0.24825105
56385	0.25469491
56386	0.26381058
56387	0.27628511
56388	0.29293871
56389	0.31475452
56390	0.34293950
56391	0.37905529
56392	0.42528757
56393	0.48498797
56394	0.56382543
56395	0.67237711
56396	0.83286190
56397	1.10044587
56398	NaN
56399	NaN
56400	NaN
56401	NaN
56402	NaN
56403	NaN
56404	NaN
56405	NaN
56406	NaN
56407	NaN
56408	NaN
56409	NaN
56410	NaN
56411	NaN
56412	NaN
56413	NaN
56414	NaN
56415	NaN
56416	NaN
56417	NaN
56418	NaN
56419	NaN
56420	NaN
56421	NaN
56422	NaN
56423	NaN
56424	NaN
56425	NaN
56426	NaN
56427	NaN
56428	NaN
56429	NaN
56430	NaN
56431	NaN
56432	NaN
56433	NaN
56434	NaN
56435	NaN
56436	NaN
56437	NaN
56438	NaN
56439	NaN
56440	NaN
56441	NaN
56442	NaN
56443	NaN
56444	NaN
56445	NaN
56446	NaN
56447	NaN
56448	NaN
56449	NaN
56450	NaN
56451	NaN
56452	NaN
56453	NaN
56454	NaN
56455	NaN
56456	NaN
56457	NaN
56458	NaN
56459	NaN
56460	NaN
56461	NaN
56462	NaN
56463	NaN
56464	NaN
56465	NaN
56466	NaN
56467	NaN
56468	NaN
56469	NaN
56470	NaN
56471	NaN
56472	NaN
56473	NaN
56474	NaN
56475	NaN
56476	NaN
56477	NaN
56478	NaN
56479	NaN
56480	NaN
56481	NaN
56482	NaN
56483	NaN
56484	NaN
56485	NaN
56486	0.74206024
56487	0.53363013
56488	0.45004058
56489	0.40547517
56490	0.37810293
56491	0.35980830
56492	0.34688029
56493	0.33738026
56494	0.33019584
56495	0.32464370
56496	0.32028046
56497	0.31680685
56498	0.31401372
56499	0.31175119
56500	0.30990952
56501	0.30840701
56502	0.30718225
56503	0.30618858
56504	0.30539048
56505	0.30476061
56506	0.30427817
56507	0.30392706
56508	0.30369505
56509	0.30357254
56510	0.30355182
56511	0.30362666
56512	0.30379137
56513	0.30404058
56514	0.30436847
56515	0.30476850
56516	0.30523303
56517	0.30575290
56518	0.30631715
56519	0.30691284
56520	0.30752516
56521	0.30813736
56522	0.30873123
56523	0.30928740
56524	0.30978614
56525	0.31020814
56526	0.31053552
56527	0.31075287
56528	0.31084806
56529	0.31081331
56530	0.31064576
56531	0.31034783
56532	0.30992734
56533	0.30939710
56534	0.30877447
56535	0.30808040
56536	0.30733842
56537	0.30657357
56538	0.30581120
56539	0.30507603
56540	0.30439106
56541	0.30377704
56542	0.30325165
56543	0.30282933
56544	0.30252066
56545	0.30233261
56546	0.30226824
56547	0.30232680
56548	0.30250394
56549	0.30279189
56550	0.30317980
56551	0.30365404
56552	0.30419862
56553	0.30479583
56554	0.30542648
56555	0.30607080
56556	0.30670884
56557	0.30732128
56558	0.30788979
56559	0.30839786
56560	0.30883121
56561	0.30917829
56562	0.30943069
56563	0.30958319
56564	0.30963397
56565	0.30958456
56566	0.30943951
56567	0.30920616
56568	0.30889413
56569	0.30851492
56570	0.30808124
56571	0.30760670
56572	0.30710518
56573	0.30659050
56574	0.30607608
56575	0.30557472
56576	0.30509830
56577	0.30465782
56578	0.30426326
56579	0.30392349
56580	0.30364627
56581	0.30343845
56582	0.30330566
56583	0.30325255
56584	0.30328250
56585	0.30339783
56586	0.30359960
56587	0.30388743
56588	0.30425957
56589	0.30471274
56590	0.30524218
56591	0.30584159
56592	0.30650333
56593	0.30721834
56594	0.30797663
56595	0.30876738
56596	0.30957916
56597	0.31040037
56598	0.31121939
56599	0.31202486
56600	0.31280607
56601	0.31355283
56602	0.31425589
56603	0.31490690
56604	0.31549847
56605	0.31602421
56606	0.31647885
56607	0.31685802
56608	0.31715855
56609	0.31737831
56610	0.31751636
56611	0.31757298
56612	0.31754968
56613	0.31744933
56614	0.31727618
56615	0.31703597
56616	0.31673580
56617	0.31638423
56618	0.31599119
56619	0.31556785
56620	0.31512642
56621	0.31468013
56622	0.31424278
56623	0.31382853
56624	0.31345162
56625	0.31312603
56626	0.31286511
56627	0.31268132
56628	0.31258589
56629	0.31258860
56630	0.31269744
56631	0.31291860
56632	0.31325611
56633	0.31371206
56634	0.31428611
56635	0.31497580
56636	0.31577629
56637	0.31668049
56638	0.31767908
56639	0.31876031
56640	0.31991032
56641	0.32111305
56642	0.32235053
56643	0.32360286
56644	0.32484871
56645	0.32606554
56646	0.32723010
56647	0.32831907
56648	0.32930952
56649	0.33017978
56650	0.33091033
56651	0.33148423
56652	0.33188850
56653	0.33211434
56654	0.33215809
56655	0.33202156
56656	0.33171242
56657	0.33124402
56658	0.33063531
56659	0.32991031
56660	0.32909733
56661	0.32822818
56662	0.32733703
56663	0.32645947
56664	0.32563135
56665	0.32488766
56666	0.32426184
56667	0.32378465
56668	0.32348388
56669	0.32338339
56670	0.32350290
56671	0.32385758
56672	0.32445765
56673	0.32530820
56674	0.32640880
56675	0.32775331
56676	0.32932940
56677	0.33111870
56678	0.33309630
56679	0.33523101
56680	0.33748531
56681	0.33981621
56682	0.34217569
56683	0.34451208
56684	0.34677166
56685	0.34890041
56686	0.35084650
56687	0.35256240
56688	0.35400766
56689	0.35515064
56690	0.35597062
56691	0.35645887
56692	0.35661930
56693	0.35646844
56694	0.35603428
56695	0.35535541
56696	0.35447907
56697	0.35345969
56698	0.35235664
56699	0.35123289
56700	0.35015377
56701	0.34918594
56702	0.34839660
56703	0.34785336
56704	0.34762433
56705	0.34777805
56706	0.34838405
56707	0.34951314
56708	0.35123727
56709	0.35363021
56710	0.35676745
56711	0.36072555
56712	0.36558250
56713	0.37141597
56714	0.37830395
56715	0.38632372
56716	0.39555207
56717	0.40606707
56718	0.41795221
56719	0.43130443
56720	0.44624701
56721	0.46295217
56722	0.48167145
56723	0.50279075
56724	0.52690619
56725	0.55495727
56726	0.58844602
56727	0.62985981
56728	0.68351948
56729	0.75751013
56730	0.86876810
56731	1.05949509
56732	1.47214508
56733	NaN
56734	NaN
56735	NaN
56736	NaN
56737	NaN
56738	NaN
56739	NaN
56740	NaN
56741	NaN
56742	NaN
56743	NaN
56744	NaN
56745	NaN
56746	NaN
56747	NaN
56748	NaN
56749	NaN
56750	NaN
56751	NaN
56752	NaN
56753	NaN
56754	NaN
56755	NaN
56756	NaN
56757	NaN
56758	NaN
56759	NaN
56760	NaN
56761	NaN
56762	NaN
56763	NaN
56764	NaN
56765	NaN
56766	NaN
56767	NaN
56768	NaN
56769	NaN
56770	NaN
56771	NaN
56772	NaN
56773	NaN
56774	NaN
56775	NaN
56776	NaN
56777	NaN
56778	NaN
56779	NaN
56780	NaN
56781	NaN
56782	NaN
56783	NaN
56784	NaN
56785	NaN
56786	NaN
56787	NaN
56788	NaN
56789	NaN
56790	NaN
56791	NaN
56792	NaN
56793	NaN
56794	NaN
56795	NaN
56796	NaN
56797	NaN
56798	NaN
56799	NaN
56800	NaN
56801	NaN
56802	NaN
56803	NaN
56804	NaN
56805	NaN
56806	NaN
56807	NaN
56808	NaN
56809	NaN
56810	NaN
56811	NaN
56812	NaN
56813	NaN
56814	NaN
56815	NaN
56816	NaN
56817	NaN
56818	NaN
56819	NaN
56820	0.88644457
56821	0.45646933
56822	0.36628670
56823	0.32855844
56824	0.30861238
56825	0.29677075
56826	0.28926843
56827	0.28433669
56828	0.28103566
56829	0.27882102
56830	0.27735582
56831	0.27642131
56832	0.27586931
56833	0.27559662
56834	0.27552915
56835	0.27561280
56836	0.27580726
56837	0.27608192
56838	0.27641344
56839	0.27678373
56840	0.27717853
56841	0.27758652
56842	0.27799851
56843	0.27840695
56844	0.27880549
56845	0.27918863
56846	0.27955142
56847	0.27988937
56848	0.28019834
56849	0.28047428
56850	0.28071323
56851	0.28091130
56852	0.28106457
56853	0.28116921
56854	0.28122148
56855	0.28121784
56856	0.28115511
56857	0.28103092
56858	0.28084373
56859	0.28059334
56860	0.28028113
56861	0.27991042
56862	0.27948669
56863	0.27901775
56864	0.27851376
56865	0.27798715
56866	0.27745226
56867	0.27692509
56868	0.27642256
56869	0.27596208
56870	0.27556083
56871	0.27523503
56872	0.27499941
56873	0.27486670
56874	0.27484715
56875	0.27494827
56876	0.27517462
56877	0.27552778
56878	0.27600613
56879	0.27660516
56880	0.27731720
56881	0.27813169
56882	0.27903530
56883	0.28001183
56884	0.28104252
56885	0.28210625
56886	0.28317979
56887	0.28423825
56888	0.28525570
56889	0.28620589
56890	0.28706318
56891	0.28780350
56892	0.28840542
56893	0.28885129
56894	0.28912804
56895	0.28922826
56896	0.28915039
56897	0.28889912
56898	0.28848499
56899	0.28792411
56900	0.28723696
56901	0.28644767
56902	0.28558251
56903	0.28466880
56904	0.28373376
56905	0.28280333
56906	0.28190151
56907	0.28104976
56908	0.28026634
56909	0.27956638
56910	0.27896157
56911	0.27846032
56912	0.27806792
56913	0.27778664
56914	0.27761608
56915	0.27755338
56916	0.27759349
56917	0.27772951
56918	0.27795294
56919	0.27825397
56920	0.27862182
56921	0.27904490
56922	0.27951115
56923	0.28000838
56924	0.28052431
56925	0.28104705
56926	0.28156522
56927	0.28206828
56928	0.28254682
56929	0.28299260
56930	0.28339884
56931	0.28376037
56932	0.28407350
56933	0.28433612
56934	0.28454757
56935	0.28470853
56936	0.28482082
56937	0.28488714
56938	0.28491089
56939	0.28489593
56940	0.28484625
56941	0.28476596
56942	0.28465903
56943	0.28452921
56944	0.28437984
56945	0.28421405
56946	0.28403449
56947	0.28384358
56948	0.28364342
56949	0.28343591
56950	0.28322276
56951	0.28300571
56952	0.28278634
56953	0.28256634
56954	0.28234756
56955	0.28213203
56956	0.28192207
56957	0.28172037
56958	0.28153005
56959	0.28135458
56960	0.28119802
56961	0.28106478
56962	0.28095967
56963	0.28088766
56964	0.28085399
56965	0.28086355
56966	0.28092113
56967	0.28103086
56968	0.28119603
56969	0.28141898
56970	0.28170070
56971	0.28204083
56972	0.28243732
56973	0.28288642
56974	0.28338256
56975	0.28391844
56976	0.28448480
56977	0.28507081
56978	0.28566393
56979	0.28625038
56980	0.28681520
56981	0.28734273
56982	0.28781703
56983	0.28822234
56984	0.28854364
56985	0.28876719
56986	0.28888124
56987	0.28887653
56988	0.28874677
56989	0.28848922
56990	0.28810483
56991	0.28759858
56992	0.28697938
56993	0.28625995
56994	0.28545648
56995	0.28458819
56996	0.28367680
56997	0.28274596
56998	0.28182045
56999	0.28092566
57000	0.28008693
57001	0.27932906
57002	0.27867573
57003	0.27814913
57004	0.27776954
57005	0.27755505
57006	0.27752131
57007	0.27768099
57008	0.27804351
57009	0.27861473
57010	0.27939618
57011	0.28038490
57012	0.28157240
57013	0.28294468
57014	0.28448135
57015	0.28615558
57016	0.28793415
57017	0.28977755
57018	0.29164097
57019	0.29347548
57020	0.29522970
57021	0.29685184
57022	0.29829231
57023	0.29950574
57024	0.30045363
57025	0.30110580
57026	0.30144164
57027	0.30145094
57028	0.30113366
57029	0.30049896
57030	0.29956418
57031	0.29835325
57032	0.29689535
57033	0.29522300
57034	0.29337156
57035	0.29137790
57036	0.28928018
57037	0.28711835
57038	0.28493425
57039	0.28277320
57040	0.28068525
57041	0.27872774
57042	0.27696770
57043	0.27548519
57044	0.27437711
57045	0.27376103
57046	0.27378058
57047	0.27461004
57048	0.27645996
57049	0.27958152
57050	0.28427261
57051	0.29088056
57052	0.29980680
57053	0.31151175
57054	0.32652333
57055	0.34545645
57056	0.36905167
57057	0.39825079
57058	0.43433097
57059	0.47916162
57060	0.53567088
57061	0.60877097
57062	0.70733559
57063	0.84900224
57064	1.07405090
57065	1.49776626
57066	NaN
57067	NaN
57068	NaN
57069	NaN
57070	NaN
57071	NaN
57072	NaN
57073	NaN
57074	NaN
57075	NaN
57076	NaN
57077	NaN
57078	NaN
57079	NaN
57080	NaN
57081	NaN
57082	NaN
57083	NaN
57084	NaN
57085	NaN
57086	NaN
57087	NaN
57088	NaN
57089	NaN
57090	NaN
57091	NaN
57092	NaN
57093	NaN
57094	NaN
57095	NaN
57096	NaN
57097	NaN
57098	NaN
57099	NaN
57100	NaN
57101	NaN
57102	NaN
57103	NaN
57104	NaN
57105	NaN
57106	NaN
57107	NaN
57108	NaN
57109	NaN
57110	NaN
57111	NaN
57112	NaN
57113	NaN
57114	NaN
57115	NaN
57116	NaN
57117	NaN
57118	NaN
57119	NaN
57120	NaN
57121	NaN
57122	NaN
57123	NaN
57124	NaN
57125	NaN
57126	NaN
57127	NaN
57128	NaN
57129	NaN
57130	NaN
57131	NaN
57132	NaN
57133	NaN
57134	NaN
57135	NaN
57136	NaN
57137	NaN
57138	NaN
57139	NaN
57140	NaN
57141	0.69323224
57142	0.53288764
57143	0.46744683
57144	0.43133771
57145	0.40819597
57146	0.39198831
57147	0.37996411
57148	0.37068531
57149	0.36332318
57150	0.35736397
57151	0.35247022
57152	0.34840986
57153	0.34501708
57154	0.34216955
57155	0.33977467
57156	0.33776072
57157	0.33607134
57158	0.33466142
57159	0.33349475
57160	0.33254191
57161	0.33177894
57162	0.33118650
57163	0.33074874
57164	0.33045289
57165	0.33028850
57166	0.33024701
57167	0.33032110
57168	0.33050439
57169	0.33079085
57170	0.33117440
57171	0.33164847
57172	0.33220556
57173	0.33283681
57174	0.33353156
57175	0.33427736
57176	0.33505946
57177	0.33586118
57178	0.33666381
57179	0.33744743
57180	0.33819121
57181	0.33887443
57182	0.33947751
57183	0.33998293
57184	0.34037653
57185	0.34064832
57186	0.34079340
57187	0.34081227
57188	0.34071118
57189	0.34050167
57190	0.34020022
57191	0.33982727
57192	0.33940595
57193	0.33896127
57194	0.33851838
57195	0.33810186
57196	0.33773434
57197	0.33743581
57198	0.33722284
57199	0.33710819
57200	0.33710039
57201	0.33720362
57202	0.33741790
57203	0.33773887
57204	0.33815858
57205	0.33866534
57206	0.33924451
57207	0.33987916
57208	0.34055036
57209	0.34123820
57210	0.34192252
57211	0.34258342
57212	0.34320229
57213	0.34376225
57214	0.34424901
57215	0.34465119
57216	0.34496075
57217	0.34517327
57218	0.34528789
57219	0.34530723
57220	0.34523711
57221	0.34508619
57222	0.34486538
57223	0.34458742
57224	0.34426600
57225	0.34391546
57226	0.34355012
57227	0.34318367
57228	0.34282893
57229	0.34249747
57230	0.34219927
57231	0.34194276
57232	0.34173450
57233	0.34157935
57234	0.34148034
57235	0.34143901
57236	0.34145543
57237	0.34152827
57238	0.34165531
57239	0.34183341
57240	0.34205890
57241	0.34232762
57242	0.34263533
57243	0.34297755
57244	0.34334996
57245	0.34374830
57246	0.34416842
57247	0.34460649
57248	0.34505874
57249	0.34552178
57250	0.34599227
57251	0.34646723
57252	0.34694374
57253	0.34741908
57254	0.34789070
57255	0.34835619
57256	0.34881309
57257	0.34925896
57258	0.34969124
57259	0.35010728
57260	0.35050422
57261	0.35087883
57262	0.35122776
57263	0.35154730
57264	0.35183355
57265	0.35208258
57266	0.35229036
57267	0.35245326
57268	0.35256785
57269	0.35263145
57270	0.35264206
57271	0.35259897
57272	0.35250247
57273	0.35235444
57274	0.35215828
57275	0.35191891
57276	0.35164303
57277	0.35133877
57278	0.35101581
57279	0.35068503
57280	0.35035840
57281	0.35004848
57282	0.34976834
57283	0.34953085
57284	0.34934857
57285	0.34923321
57286	0.34919521
57287	0.34924352
57288	0.34938520
57289	0.34962523
57290	0.34996629
57291	0.35040870
57292	0.35095042
57293	0.35158673
57294	0.35231078
57295	0.35311320
57296	0.35398254
57297	0.35490537
57298	0.35586637
57299	0.35684893
57300	0.35783517
57301	0.35880652
57302	0.35974407
57303	0.36062902
57304	0.36144325
57305	0.36216968
57306	0.36279297
57307	0.36329997
57308	0.36368001
57309	0.36392576
57310	0.36403313
57311	0.36400202
57312	0.36383602
57313	0.36354306
57314	0.36313489
57315	0.36262697
57316	0.36203831
57317	0.36139065
57318	0.36070812
57319	0.36001641
57320	0.35934198
57321	0.35871127
57322	0.35815001
57323	0.35768235
57324	0.35733029
57325	0.35711300
57326	0.35704637
57327	0.35714245
57328	0.35740930
57329	0.35785079
57330	0.35846621
57331	0.35925058
57332	0.36019439
57333	0.36128390
57334	0.36250138
57335	0.36382514
57336	0.36523047
57337	0.36668986
57338	0.36817393
57339	0.36965248
57340	0.37109512
57341	0.37247297
57342	0.37375954
57343	0.37493175
57344	0.37597108
57345	0.37686428
57346	0.37760401
57347	0.37818885
57348	0.37862346
57349	0.37891832
57350	0.37908977
57351	0.37915909
57352	0.37915257
57353	0.37910047
57354	0.37903672
57355	0.37899849
57356	0.37902531
57357	0.37915906
57358	0.37944323
57359	0.37992316
57360	0.38064554
57361	0.38165870
57362	0.38301232
57363	0.38475743
57364	0.38694662
57365	0.38963377
57366	0.39287385
57367	0.39672199
57368	0.40123412
57369	0.40646532
57370	0.41247013
57371	0.41930178
57372	0.42701229
57373	0.43565330
57374	0.44527787
57375	0.45594308
57376	0.46771356
57377	0.48067033
57378	0.49491858
57379	0.51060301
57380	0.52792674
57381	0.54717970
57382	0.56878042
57383	0.59334046
57384	0.62176383
57385	0.65542084
57386	0.69645077
57387	0.74835485
57388	0.81723535
57389	0.91470033
57390	1.06582046
57391	1.33654296
57392	NaN
57393	NaN
57394	NaN
57395	NaN
57396	NaN
57397	NaN
57398	NaN
57399	NaN
57400	NaN
57401	NaN
57402	NaN
57403	NaN
57404	NaN
57405	NaN
57406	NaN
57407	NaN
57408	NaN
57409	NaN
57410	NaN
57411	NaN
57412	NaN
57413	NaN
57414	NaN
57415	NaN
57416	NaN
57417	NaN
57418	NaN
57419	NaN
57420	NaN
57421	NaN
57422	NaN
57423	NaN
57424	NaN
57425	NaN
57426	NaN
57427	NaN
57428	NaN
57429	NaN
57430	NaN
57431	NaN
57432	NaN
57433	NaN
57434	NaN
57435	NaN
57436	NaN
57437	NaN
57438	NaN
57439	NaN
57440	NaN
57441	NaN
57442	NaN
57443	NaN
57444	NaN
57445	NaN
57446	NaN
57447	NaN
57448	NaN
57449	NaN
57450	NaN
57451	NaN
57452	NaN
57453	NaN
57454	NaN
57455	NaN
57456	NaN
57457	NaN
57458	NaN
57459	NaN
57460	NaN
57461	NaN
57462	NaN
57463	NaN
57464	NaN
57465	NaN
57466	NaN
57467	NaN
57468	NaN
57469	NaN
57470	NaN
57471	NaN
57472	NaN
57473	NaN
57474	NaN
57475	NaN
57476	NaN
57477	0.60108131
57478	0.40277043
57479	0.34236884
57480	0.31443107
57481	0.29907835
57482	0.28984681
57483	0.28400919
57484	0.28021836
57485	0.27773476
57486	0.27612078
57487	0.27510187
57488	0.27449888
57489	0.27419052
57490	0.27409264
57491	0.27414563
57492	0.27430636
57493	0.27454355
57494	0.27483392
57495	0.27516022
57496	0.27550939
57497	0.27587163
57498	0.27623931
57499	0.27660668
57500	0.27696902
57501	0.27732250
57502	0.27766389
57503	0.27799019
57504	0.27829874
57505	0.27858672
57506	0.27885133
57507	0.27908972
57508	0.27929878
57509	0.27947542
57510	0.27961633
57511	0.27971822
57512	0.27977788
57513	0.27979228
57514	0.27975884
57515	0.27967548
57516	0.27954093
57517	0.27935496
57518	0.27911848
57519	0.27883378
57520	0.27850464
57521	0.27813649
57522	0.27773637
57523	0.27731290
57524	0.27687612
57525	0.27643737
57526	0.27600899
57527	0.27560380
57528	0.27523494
57529	0.27491525
57530	0.27465692
57531	0.27447110
57532	0.27436742
57533	0.27435359
57534	0.27443537
57535	0.27461603
57536	0.27489632
57537	0.27527425
57538	0.27574497
57539	0.27630088
57540	0.27693152
57541	0.27762377
57542	0.27836201
57543	0.27912843
57544	0.27990359
57545	0.28066680
57546	0.28139681
57547	0.28207269
57548	0.28267458
57549	0.28318447
57550	0.28358716
57551	0.28387067
57552	0.28402719
57553	0.28405315
57554	0.28394955
57555	0.28372175
57556	0.28337917
57557	0.28293470
57558	0.28240421
57559	0.28180540
57560	0.28115720
57561	0.28047878
57562	0.27978891
57563	0.27910522
57564	0.27844366
57565	0.27781829
57566	0.27724090
57567	0.27672091
57568	0.27626544
57569	0.27587944
57570	0.27556568
57571	0.27532512
57572	0.27515697
57573	0.27505898
57574	0.27502781
57575	0.27505887
57576	0.27514702
57577	0.27528644
57578	0.27547088
57579	0.27569389
57580	0.27594894
57581	0.27622950
57582	0.27652922
57583	0.27684197
57584	0.27716190
57585	0.27748361
57586	0.27780211
57587	0.27811286
57588	0.27841181
57589	0.27869534
57590	0.27896038
57591	0.27920428
57592	0.27942488
57593	0.27962035
57594	0.27978927
57595	0.27993047
57596	0.28004310
57597	0.28012648
57598	0.28018019
57599	0.28020391
57600	0.28019756
57601	0.28016123
57602	0.28009519
57603	0.28000009
57604	0.27987683
57605	0.27972677
57606	0.27955171
57607	0.27935404
57608	0.27913666
57609	0.27890313
57610	0.27865744
57611	0.27840433
57612	0.27814883
57613	0.27789652
57614	0.27765331
57615	0.27742529
57616	0.27721879
57617	0.27704015
57618	0.27689567
57619	0.27679139
57620	0.27673301
57621	0.27672568
57622	0.27677393
57623	0.27688131
57624	0.27705047
57625	0.27728271
57626	0.27757812
57627	0.27793539
57628	0.27835163
57629	0.27882254
57630	0.27934211
57631	0.27990299
57632	0.28049621
57633	0.28111151
57634	0.28173745
57635	0.28236139
57636	0.28297010
57637	0.28354988
57638	0.28408673
57639	0.28456712
57640	0.28497815
57641	0.28530800
57642	0.28554660
57643	0.28568569
57644	0.28571945
57645	0.28564480
57646	0.28546146
57647	0.28517228
57648	0.28478318
57649	0.28430322
57650	0.28374425
57651	0.28312078
57652	0.28244960
57653	0.28174931
57654	0.28103977
57655	0.28034183
57656	0.27967638
57657	0.27906430
57658	0.27852550
57659	0.27807885
57660	0.27774152
57661	0.27752870
57662	0.27745330
57663	0.27752551
57664	0.27775270
57665	0.27813891
57666	0.27868479
57667	0.27938718
57668	0.28023881
57669	0.28122836
57670	0.28234002
57671	0.28355363
57672	0.28484473
57673	0.28618506
57674	0.28754276
57675	0.28888357
57676	0.29017165
57677	0.29137105
57678	0.29244697
57679	0.29336742
57680	0.29410461
57681	0.29463595
57682	0.29494536
57683	0.29502344
57684	0.29486775
57685	0.29448226
57686	0.29387701
57687	0.29306695
57688	0.29207104
57689	0.29091126
57690	0.28961170
57691	0.28819776
57692	0.28669605
57693	0.28513378
57694	0.28353918
57695	0.28194159
57696	0.28037223
57697	0.27886471
57698	0.27745619
57699	0.27618784
57700	0.27510619
57701	0.27426401
57702	0.27372050
57703	0.27354246
57704	0.27380341
57705	0.27458411
57706	0.27597085
57707	0.27805373
57708	0.28092450
57709	0.28467405
57710	0.28939000
57711	0.29515570
57712	0.30205104
57713	0.31015491
57714	0.31955466
57715	0.33035594
57716	0.34270135
57717	0.35679498
57718	0.37293464
57719	0.39156517
57720	0.41335380
57721	0.43932167
57722	0.47106868
57723	0.51121783
57724	0.56432921
57725	0.63904530
57726	0.75391144
57727	0.95717669
57728	1.42595804
57729	NaN
57730	NaN
57731	NaN
57732	NaN
57733	NaN
57734	NaN
57735	NaN
57736	NaN
57737	NaN
57738	NaN
57739	NaN
57740	NaN
57741	NaN
57742	NaN
57743	NaN
57744	NaN
57745	NaN
57746	NaN
57747	NaN
57748	NaN
57749	NaN
57750	NaN
57751	NaN
57752	NaN
57753	NaN
57754	NaN
57755	NaN
57756	NaN
57757	NaN
57758	NaN
57759	NaN
57760	NaN
57761	NaN
57762	NaN
57763	NaN
57764	NaN
57765	NaN
57766	NaN
57767	NaN
57768	NaN
57769	NaN
57770	NaN
57771	NaN
57772	NaN
57773	NaN
57774	NaN
57775	NaN
57776	NaN
57777	NaN
57778	NaN
57779	NaN
57780	NaN
57781	NaN
57782	NaN
57783	NaN
57784	NaN
57785	NaN
57786	NaN
57787	NaN
57788	NaN
57789	NaN
57790	NaN
57791	NaN
57792	NaN
57793	NaN
57794	NaN
57795	NaN
57796	NaN
57797	NaN
57798	NaN
57799	NaN
57800	NaN
57801	NaN
57802	NaN
57803	NaN
57804	NaN
57805	NaN
57806	NaN
57807	1.13991952
57808	0.65331757
57809	0.51572174
57810	0.45134470
57811	0.41438967
57812	0.39065868
57813	0.37430754
57814	0.36248842
57815	0.35364762
57816	0.34686521
57817	0.34156203
57818	0.33735535
57819	0.33398226
57820	0.33125672
57821	0.32904336
57822	0.32724184
57823	0.32577652
57824	0.32458952
57825	0.32363623
57826	0.32288209
57827	0.32230005
57828	0.32186913
57829	0.32157284
57830	0.32139844
57831	0.32133591
57832	0.32137740
57833	0.32151634
57834	0.32174712
57835	0.32206461
57836	0.32246336
57837	0.32293731
57838	0.32347924
57839	0.32408026
57840	0.32472947
57841	0.32541358
57842	0.32611671
57843	0.32682034
57844	0.32750359
57845	0.32814360
57846	0.32871631
57847	0.32919741
57848	0.32956371
57849	0.32979459
57850	0.32987356
57851	0.32978937
57852	0.32953757
57853	0.32912099
57854	0.32855016
57855	0.32784307
57856	0.32702419
57857	0.32612333
57858	0.32517412
57859	0.32421216
57860	0.32327348
57861	0.32239264
57862	0.32160163
57863	0.32092866
57864	0.32039723
57865	0.32002559
57866	0.31982645
57867	0.31980684
57868	0.31996799
57869	0.32030556
57870	0.32080984
57871	0.32146606
57872	0.32225487
57873	0.32315287
57874	0.32413307
57875	0.32516602
57876	0.32622039
57877	0.32726416
57878	0.32826591
57879	0.32919565
57880	0.33002618
57881	0.33073422
57882	0.33130118
57883	0.33171389
57884	0.33196488
57885	0.33205274
57886	0.33198157
57887	0.33176079
57888	0.33140421
57889	0.33092925
57890	0.33035597
57891	0.32970607
57892	0.32900211
57893	0.32826647
57894	0.32752091
57895	0.32678580
57896	0.32607993
57897	0.32541987
57898	0.32482019
57899	0.32429317
57900	0.32384878
57901	0.32349473
57902	0.32323658
57903	0.32307789
57904	0.32302022
57905	0.32306343
57906	0.32320562
57907	0.32344341
57908	0.32377201
57909	0.32418540
57910	0.32467642
57911	0.32523710
57912	0.32585862
57913	0.32653174
57914	0.32724690
57915	0.32799453
57916	0.32876512
57917	0.32954958
57918	0.33033919
57919	0.33112592
57920	0.33190218
57921	0.33266121
57922	0.33339670
57923	0.33410287
57924	0.33477435
57925	0.33540609
57926	0.33599317
57927	0.33653080
57928	0.33701435
57929	0.33743924
57930	0.33780113
57931	0.33809590
57932	0.33831990
57933	0.33847010
57934	0.33854416
57935	0.33854079
57936	0.33845982
57937	0.33830231
57938	0.33807096
57939	0.33776990
57940	0.33740503
57941	0.33698413
57942	0.33651668
57943	0.33601400
57944	0.33548898
57945	0.33495602
57946	0.33443084
57947	0.33392999
57948	0.33347034
57949	0.33306906
57950	0.33274260
57951	0.33250648
57952	0.33237481
57953	0.33235961
57954	0.33247069
57955	0.33271515
57956	0.33309719
57957	0.33361787
57958	0.33427504
57959	0.33506334
57960	0.33597413
57961	0.33699545
57962	0.33811235
57963	0.33930680
57964	0.34055796
57965	0.34184253
57966	0.34313500
57967	0.34440812
57968	0.34563360
57969	0.34678265
57970	0.34782696
57971	0.34873945
57972	0.34949541
57973	0.35007355
57974	0.35045674
57975	0.35063326
57976	0.35059714
57977	0.35034889
57978	0.34989575
57979	0.34925145
57980	0.34843603
57981	0.34747505
57982	0.34639895
57983	0.34524179
57984	0.34404030
57985	0.34283271
57986	0.34165764
57987	0.34055310
57988	0.33955568
57989	0.33869970
57990	0.33801654
57991	0.33753431
57992	0.33727717
57993	0.33726519
57994	0.33751366
57995	0.33803293
57996	0.33882794
57997	0.33989775
57998	0.34123504
57999	0.34282580
58000	0.34464893
58001	0.34667605
58002	0.34887168
58003	0.35119340
58004	0.35359281
58005	0.35601664
58006	0.35840821
58007	0.36070985
58008	0.36286464
58009	0.36481932
58010	0.36652648
58011	0.36794671
58012	0.36905047
58013	0.36981910
58014	0.37024558
58015	0.37033427
58016	0.37010047
58017	0.36956900
58018	0.36877319
58019	0.36775327
58020	0.36655465
58021	0.36522695
58022	0.36382249
58023	0.36239552
58024	0.36100167
58025	0.35969716
58026	0.35853884
58027	0.35758391
58028	0.35689038
58029	0.35651681
58030	0.35652283
58031	0.35696885
58032	0.35791683
58033	0.35942954
58034	0.36157048
58035	0.36440364
58036	0.36799183
58037	0.37239692
58038	0.37767828
58039	0.38389289
58040	0.39109468
58041	0.39933744
58042	0.40867719
58043	0.41917816
58044	0.43092096
58045	0.44401467
58046	0.45861429
58047	0.47494283
58048	0.49332577
58049	0.51423860
58050	0.53838229
58051	0.56680912
58052	0.60113966
58053	0.64396876
58054	0.69968569
58055	0.77630991
58056	0.89017439
58057	1.08041775
58058	1.47008812
58059	NaN
58060	NaN
58061	NaN
58062	NaN
58063	NaN
58064	NaN
58065	NaN
58066	NaN
58067	NaN
58068	NaN
58069	NaN
58070	NaN
58071	NaN
58072	NaN
58073	NaN
58074	NaN
58075	NaN
58076	NaN
58077	NaN
58078	NaN
58079	NaN
58080	NaN
58081	NaN
58082	NaN
58083	NaN
58084	NaN
58085	NaN
58086	NaN
58087	NaN
58088	NaN
58089	NaN
58090	NaN
58091	NaN
58092	NaN
58093	NaN
58094	NaN
58095	NaN
58096	NaN
58097	NaN
58098	NaN
58099	NaN
58100	NaN
58101	NaN
58102	NaN
58103	NaN
58104	NaN
58105	NaN
58106	NaN
58107	NaN
58108	NaN
58109	NaN
58110	NaN
58111	NaN
58112	NaN
58113	NaN
58114	NaN
58115	NaN
58116	NaN
58117	NaN
58118	NaN
58119	NaN
58120	NaN
58121	NaN
58122	NaN
58123	NaN
58124	NaN
58125	NaN
58126	NaN
58127	NaN
58128	NaN
58129	NaN
58130	NaN
58131	NaN
58132	NaN
58133	NaN
58134	NaN
58135	NaN
58136	NaN
58137	NaN
58138	NaN
58139	NaN
58140	NaN
58141	NaN
58142	NaN
58143	0.89254165
58144	0.44541472
58145	0.34821296
58146	0.30724570
58147	0.28559139
58148	0.27280948
58149	0.26480454
58150	0.25963965
58151	0.25627947
58152	0.25412011
58153	0.25278622
58154	0.25203258
58155	0.25169307
58156	0.25165144
58157	0.25182471
58158	0.25215238
58159	0.25258970
58160	0.25310332
58161	0.25366789
58162	0.25426432
58163	0.25487795
58164	0.25549743
58165	0.25611386
58166	0.25672019
58167	0.25731069
58168	0.25788048
58169	0.25842524
58170	0.25894117
58171	0.25942451
58172	0.25987178
58173	0.26027963
58174	0.26064458
58175	0.26096347
58176	0.26123330
58177	0.26145118
58178	0.26161483
58179	0.26172227
58180	0.26177230
58181	0.26176462
58182	0.26169986
58183	0.26157966
58184	0.26140711
58185	0.26118633
58186	0.26092288
58187	0.26062346
58188	0.26029602
58189	0.25994956
58190	0.25959405
58191	0.25924030
58192	0.25889963
58193	0.25858375
58194	0.25830445
58195	0.25807336
58196	0.25790146
58197	0.25779885
58198	0.25777438
58199	0.25783536
58200	0.25798717
58201	0.25823304
58202	0.25857386
58203	0.25900796
58204	0.25953099
58205	0.26013598
58206	0.26081321
58207	0.26155046
58208	0.26233315
58209	0.26314464
58210	0.26396665
58211	0.26477972
58212	0.26556402
58213	0.26629999
58214	0.26696897
58215	0.26755425
58216	0.26804167
58217	0.26842022
58218	0.26868269
58219	0.26882580
58220	0.26885036
58221	0.26876116
58222	0.26856658
58223	0.26827809
58224	0.26790944
58225	0.26747617
58226	0.26699457
58227	0.26648113
58228	0.26595184
58229	0.26542175
58230	0.26490438
58231	0.26441157
58232	0.26395336
58233	0.26353788
58234	0.26317146
58235	0.26285854
58236	0.26260212
58237	0.26240367
58238	0.26226342
58239	0.26218054
58240	0.26215315
58241	0.26217866
58242	0.26225373
58243	0.26237443
58244	0.26253638
58245	0.26273474
58246	0.26296443
58247	0.26322007
58248	0.26349613
58249	0.26378712
58250	0.26408741
58251	0.26439166
58252	0.26469460
58253	0.26499140
58254	0.26527739
58255	0.26554835
58256	0.26580039
58257	0.26602998
58258	0.26623404
58259	0.26640978
58260	0.26655480
58261	0.26666713
58262	0.26674509
58263	0.26678747
58264	0.26679346
58265	0.26676279
58266	0.26669562
58267	0.26659271
58268	0.26645529
58269	0.26628533
58270	0.26608524
58271	0.26585808
58272	0.26560739
58273	0.26533729
58274	0.26505220
58275	0.26475692
58276	0.26445669
58277	0.26415676
58278	0.26386258
58279	0.26357979
58280	0.26331404
58281	0.26307088
58282	0.26285589
58283	0.26267439
58284	0.26253155
58285	0.26243225
58286	0.26238081
58287	0.26238105
58288	0.26243606
58289	0.26254797
58290	0.26271793
58291	0.26294604
58292	0.26323119
58293	0.26357093
58294	0.26396170
58295	0.26439857
58296	0.26487553
58297	0.26538548
58298	0.26592019
58299	0.26647064
58300	0.26702699
58301	0.26757875
58302	0.26811489
58303	0.26862410
58304	0.26909488
58305	0.26951593
58306	0.26987633
58307	0.27016586
58308	0.27037531
58309	0.27049699
58310	0.27052492
58311	0.27045530
58312	0.27028671
58313	0.27002025
58314	0.26965985
58315	0.26921210
58316	0.26868632
58317	0.26809427
58318	0.26744995
58319	0.26676926
58320	0.26606968
58321	0.26536980
58322	0.26468894
58323	0.26404667
58324	0.26346248
58325	0.26295540
58326	0.26254350
58327	0.26224369
58328	0.26207137
58329	0.26204005
58330	0.26216117
58331	0.26244345
58332	0.26289290
58333	0.26351219
58334	0.26430029
58335	0.26525208
58336	0.26635814
58337	0.26760450
58338	0.26897231
58339	0.27043840
58340	0.27197531
58341	0.27355188
58342	0.27513450
58343	0.27668798
58344	0.27817708
58345	0.27956772
58346	0.28082898
58347	0.28193381
58348	0.28286052
58349	0.28359303
58350	0.28412169
58351	0.28444278
58352	0.28455842
58353	0.28447613
58354	0.28420773
58355	0.28376952
58356	0.28318107
58357	0.28246561
58358	0.28164914
58359	0.28076145
58360	0.27983567
58361	0.27890924
58362	0.27802461
58363	0.27723002
58364	0.27658123
58365	0.27614290
58366	0.27599090
58367	0.27621499
58368	0.27692160
58369	0.27823853
58370	0.28031924
58371	0.28334820
58372	0.28754789
58373	0.29318669
58374	0.30058956
58375	0.31015238
58376	0.32236183
58377	0.33782721
58378	0.35733396
58379	0.38193217
58380	0.41309273
58381	0.45299149
58382	0.50505650
58383	0.57508904
58384	0.67379993
58385	0.82341981
58386	1.07870114
58387	NaN
58388	NaN
58389	NaN
58390	NaN
58391	NaN
58392	NaN
58393	NaN
58394	NaN
58395	NaN
58396	NaN
58397	NaN
58398	NaN
58399	NaN
58400	NaN
58401	NaN
58402	NaN
58403	NaN
58404	NaN
58405	NaN
58406	NaN
58407	NaN
58408	NaN
58409	NaN
58410	NaN
58411	NaN
58412	NaN
58413	NaN
58414	NaN
58415	NaN
58416	NaN
58417	NaN
58418	NaN
58419	NaN
58420	NaN
58421	NaN
58422	NaN
58423	NaN
58424	NaN
58425	NaN
58426	NaN
58427	NaN
58428	NaN
58429	NaN
58430	NaN
58431	NaN
58432	NaN
58433	NaN
58434	NaN
58435	NaN
58436	NaN
58437	NaN
58438	NaN
58439	NaN
58440	NaN
58441	NaN
58442	NaN
58443	NaN
58444	NaN
58445	NaN
58446	NaN
58447	NaN
58448	NaN
58449	NaN
58450	NaN
58451	NaN
58452	NaN
58453	NaN
58454	NaN
58455	NaN
58456	NaN
58457	NaN
58458	NaN
58459	NaN
58460	NaN
58461	NaN
58462	NaN
58463	NaN
58464	NaN
58465	NaN
58466	NaN
58467	NaN
58468	NaN
58469	NaN
58470	NaN
58471	NaN
58472	NaN
58473	0.95098025
58474	0.62066144
58475	0.50981969
58476	0.45457080
58477	0.42170259
58478	0.40007597
58479	0.38489673
58480	0.37375906
58481	0.36532146
58482	0.35877648
58483	0.35360837
58484	0.34947273
58485	0.34613070
58486	0.34341192
58487	0.34119168
58488	0.33937731
58489	0.33789870
58490	0.33670214
58491	0.33574629
58492	0.33499882
58493	0.33443463
58494	0.33403376
58495	0.33378047
58496	0.33366185
58497	0.33366743
58498	0.33378804
58499	0.33401552
58500	0.33434200
58501	0.33475950
58502	0.33525938
58503	0.33583203
58504	0.33646649
58505	0.33715031
58506	0.33786920
58507	0.33860707
58508	0.33934632
58509	0.34006774
58510	0.34075129
58511	0.34137630
58512	0.34192258
58513	0.34237114
58514	0.34270504
58515	0.34291059
58516	0.34297809
58517	0.34290266
58518	0.34268478
58519	0.34233052
58520	0.34185150
58521	0.34126452
58522	0.34059063
58523	0.33985439
58524	0.33908266
58525	0.33830327
58526	0.33754405
58527	0.33683163
58528	0.33619034
58529	0.33564165
58530	0.33520335
58531	0.33488914
58532	0.33470854
58533	0.33466646
58534	0.33476326
58535	0.33499506
58536	0.33535355
58537	0.33582661
58538	0.33639836
58539	0.33705014
58540	0.33776054
58541	0.33850643
58542	0.33926374
58543	0.34000808
58544	0.34071583
58545	0.34136486
58546	0.34193555
58547	0.34241122
58548	0.34277904
58549	0.34303027
58550	0.34316051
58551	0.34316969
58552	0.34306186
58553	0.34284496
58554	0.34252986
58555	0.34213030
58556	0.34166163
58557	0.34114045
58558	0.34058374
58559	0.34000847
58560	0.33943090
58561	0.33886626
58562	0.33832845
58563	0.33782992
58564	0.33738136
58565	0.33699188
58566	0.33666873
58567	0.33641768
58568	0.33624285
58569	0.33614698
58570	0.33613145
58571	0.33619627
58572	0.33634049
58573	0.33656189
58574	0.33685741
58575	0.33722290
58576	0.33765340
58577	0.33814305
58578	0.33868527
58579	0.33927283
58580	0.33989802
58581	0.34055287
58582	0.34122914
58583	0.34191883
58584	0.34261394
58585	0.34330699
58586	0.34399089
58587	0.34465900
58588	0.34530526
58589	0.34592411
58590	0.34651047
58591	0.34705961
58592	0.34756741
58593	0.34802985
58594	0.34844348
58595	0.34880507
58596	0.34911186
58597	0.34936142
58598	0.34955195
58599	0.34968215
58600	0.34975144
58601	0.34976009
58602	0.34970918
58603	0.34960088
58604	0.34943837
58605	0.34922600
58606	0.34896937
58607	0.34867516
58608	0.34835133
58609	0.34800690
58610	0.34765196
58611	0.34729752
58612	0.34695527
58613	0.34663743
58614	0.34635654
58615	0.34612498
58616	0.34595492
58617	0.34585765
58618	0.34584379
58619	0.34592238
58620	0.34610102
58621	0.34638545
58622	0.34677938
58623	0.34728429
58624	0.34789938
58625	0.34862128
58626	0.34944418
58627	0.35035968
58628	0.35135671
58629	0.35242197
58630	0.35353947
58631	0.35469124
58632	0.35585737
58633	0.35701647
58634	0.35814607
58635	0.35922322
58636	0.36022520
58637	0.36113015
58638	0.36191785
58639	0.36257055
58640	0.36307368
58641	0.36341658
58642	0.36359325
58643	0.36360267
58644	0.36344907
58645	0.36314219
58646	0.36269709
58647	0.36213356
58648	0.36147588
58649	0.36075178
58650	0.35999170
58651	0.35922804
58652	0.35849383
58653	0.35782209
58654	0.35724488
58655	0.35679257
58656	0.35649303
58657	0.35637131
58658	0.35644886
58659	0.35674334
58660	0.35726798
58661	0.35803148
58662	0.35903755
58663	0.36028436
58664	0.36176464
58665	0.36346495
58666	0.36536595
58667	0.36744183
58668	0.36966088
58669	0.37198567
58670	0.37437361
58671	0.37677824
58672	0.37915012
58673	0.38143891
58674	0.38359496
58675	0.38557154
58676	0.38732645
58677	0.38882446
58678	0.39003858
58679	0.39095119
58680	0.39155507
58681	0.39185309
58682	0.39185831
58683	0.39159289
58684	0.39108697
58685	0.39037749
58686	0.38950646
58687	0.38851988
58688	0.38746649
58689	0.38639638
58690	0.38536048
58691	0.38440984
58692	0.38359556
58693	0.38296831
58694	0.38257891
58695	0.38247806
58696	0.38271710
58697	0.38334814
58698	0.38442424
58699	0.38600019
58700	0.38813147
58701	0.39087579
58702	0.39429197
58703	0.39844120
58704	0.40338644
58705	0.40919498
58706	0.41594034
58707	0.42370555
58708	0.43259001
58709	0.44271663
58710	0.45424592
58711	0.46739128
58712	0.48244581
58713	0.49981591
58714	0.52008033
58715	0.54407746
58716	0.57305706
58717	0.60894960
58718	0.65487581
58719	0.71621990
58720	0.80308980
58721	0.93693417
58722	1.17258179
58723	1.70447016
58724	NaN
58725	NaN
58726	NaN
58727	NaN
58728	NaN
58729	NaN
58730	NaN
58731	NaN
58732	NaN
58733	NaN
58734	NaN
58735	NaN
58736	NaN
58737	NaN
58738	NaN
58739	NaN
58740	NaN
58741	NaN
58742	NaN
58743	NaN
58744	NaN
58745	NaN
58746	NaN
58747	NaN
58748	NaN
58749	NaN
58750	NaN
58751	NaN
58752	NaN
58753	NaN
58754	NaN
58755	NaN
58756	NaN
58757	NaN
58758	NaN
58759	NaN
58760	NaN
58761	NaN
58762	NaN
58763	NaN
58764	NaN
58765	NaN
58766	NaN
58767	NaN
58768	NaN
58769	NaN
58770	NaN
58771	NaN
58772	NaN
58773	NaN
58774	NaN
58775	NaN
58776	NaN
58777	NaN
58778	NaN
58779	NaN
58780	NaN
58781	NaN
58782	NaN
58783	NaN
58784	NaN
58785	NaN
58786	NaN
58787	NaN
58788	NaN
58789	NaN
58790	NaN
58791	NaN
58792	NaN
58793	NaN
58794	NaN
58795	NaN
58796	NaN
58797	NaN
58798	NaN
58799	NaN
58800	NaN
58801	NaN
58802	NaN
58803	NaN
58804	NaN
58805	NaN
58806	NaN
58807	NaN
58808	NaN
58809	0.65346062
58810	0.46478978
58811	0.39535356
58812	0.36025932
58813	0.33968768
58814	0.32656857
58815	0.31775105
58816	0.31161913
58817	0.30726001
58818	0.30412012
58819	0.30184501
58820	0.30019838
58821	0.29901701
58822	0.29818532
58823	0.29761949
58824	0.29725757
58825	0.29705298
58826	0.29697037
58827	0.29698223
58828	0.29706711
58829	0.29720777
58830	0.29739043
58831	0.29760367
58832	0.29783788
58833	0.29808488
58834	0.29833746
58835	0.29858905
58836	0.29883370
58837	0.29906574
58838	0.29927969
58839	0.29947031
58840	0.29963240
58841	0.29976076
58842	0.29985037
58843	0.29989627
58844	0.29989377
58845	0.29983857
58846	0.29972696
58847	0.29955611
58848	0.29932421
58849	0.29903087
58850	0.29867738
58851	0.29826686
58852	0.29780445
58853	0.29729745
58854	0.29675531
58855	0.29618952
58856	0.29561329
58857	0.29504138
58858	0.29448944
58859	0.29397377
58860	0.29351035
58861	0.29311466
58862	0.29280102
58863	0.29258204
58864	0.29246825
58865	0.29246780
58866	0.29258633
58867	0.29282647
58868	0.29318812
58869	0.29366809
58870	0.29426005
58871	0.29495466
58872	0.29573947
58873	0.29659903
58874	0.29751492
58875	0.29846621
58876	0.29942977
58877	0.30038092
58878	0.30129406
58879	0.30214378
58880	0.30290577
58881	0.30355784
58882	0.30408123
58883	0.30446121
58884	0.30468807
58885	0.30475754
58886	0.30467084
58887	0.30443475
58888	0.30406082
58889	0.30356485
58890	0.30296585
58891	0.30228502
58892	0.30154464
58893	0.30076712
58894	0.29997423
58895	0.29918617
58896	0.29842126
58897	0.29769549
58898	0.29702231
58899	0.29641274
58900	0.29587525
58901	0.29541609
58902	0.29503918
58903	0.29474655
58904	0.29453835
58905	0.29441318
58906	0.29436818
58907	0.29439911
58908	0.29450068
58909	0.29466647
58910	0.29488930
58911	0.29516119
58912	0.29547361
58913	0.29581761
58914	0.29618406
58915	0.29656392
58916	0.29694828
58917	0.29732880
58918	0.29769772
58919	0.29804817
58920	0.29837430
58921	0.29867125
58922	0.29893535
58923	0.29916403
58924	0.29935580
58925	0.29951009
58926	0.29962713
58927	0.29970783
58928	0.29975370
58929	0.29976633
58930	0.29974777
58931	0.29969993
58932	0.29962477
58933	0.29952425
58934	0.29940018
58935	0.29925430
58936	0.29908839
58937	0.29890427
58938	0.29870385
58939	0.29848924
58940	0.29826289
58941	0.29802746
58942	0.29778600
58943	0.29754201
58944	0.29729933
58945	0.29706222
58946	0.29683527
58947	0.29662347
58948	0.29643202
58949	0.29626632
58950	0.29613188
58951	0.29603422
58952	0.29597867
58953	0.29597005
58954	0.29601282
58955	0.29611057
58956	0.29626596
58957	0.29648060
58958	0.29675466
58959	0.29708689
58960	0.29747450
58961	0.29791310
58962	0.29839644
58963	0.29891670
58964	0.29946426
58965	0.30002809
58966	0.30059561
58967	0.30115321
58968	0.30168629
58969	0.30217975
58970	0.30261853
58971	0.30298793
58972	0.30327418
58973	0.30346507
58974	0.30355045
58975	0.30352274
58976	0.30337715
58977	0.30311242
58978	0.30273059
58979	0.30223754
58980	0.30164242
58981	0.30095792
58982	0.30019990
58983	0.29938680
58984	0.29853934
58985	0.29767969
58986	0.29683128
58987	0.29601765
58988	0.29526225
58989	0.29458758
58990	0.29401484
58991	0.29356343
58992	0.29325050
58993	0.29309076
58994	0.29309613
58995	0.29327545
58996	0.29363441
58997	0.29417497
58998	0.29489538
58999	0.29578960
59000	0.29684696
59001	0.29805207
59002	0.29938444
59003	0.30081841
59004	0.30232334
59005	0.30386412
59006	0.30540183
59007	0.30689508
59008	0.30830103
59009	0.30957758
59010	0.31068513
59011	0.31158847
59012	0.31225872
59013	0.31267452
59014	0.31282330
59015	0.31270140
59016	0.31231400
59017	0.31167451
59018	0.31080303
59019	0.30972549
59020	0.30847192
59021	0.30707517
59022	0.30556947
59023	0.30399019
59024	0.30237296
59025	0.30075377
59026	0.29916918
59027	0.29765692
59028	0.29625729
59029	0.29501399
59030	0.29397675
59031	0.29320234
59032	0.29275823
59033	0.29272506
59034	0.29320034
59035	0.29430225
59036	0.29617357
59037	0.29898700
59038	0.30294892
59039	0.30830497
59040	0.31534371
59041	0.32440287
59042	0.33587599
59043	0.35022563
59044	0.36800474
59045	0.38989830
59046	0.41680241
59047	0.44995964
59048	0.49121264
59049	0.54347169
59050	0.61164451
59051	0.70466214
59052	0.84048867
59053	1.06096864
59054	1.49036407
59055	NaN
59056	NaN
59057	NaN
59058	NaN
59059	NaN
59060	NaN
59061	NaN
59062	NaN
59063	NaN
59064	NaN
59065	NaN
59066	NaN
59067	NaN
59068	NaN
59069	NaN
59070	NaN
59071	NaN
59072	NaN
59073	NaN
59074	NaN
59075	NaN
59076	NaN
59077	NaN
59078	NaN
59079	NaN
59080	NaN
59081	NaN
59082	NaN
59083	NaN
59084	NaN
59085	NaN
59086	NaN
59087	NaN
59088	NaN
59089	NaN
59090	NaN
59091	NaN
59092	NaN
59093	NaN
59094	NaN
59095	NaN
59096	NaN
59097	NaN
59098	NaN
59099	NaN
59100	NaN
59101	NaN
59102	NaN
59103	NaN
59104	NaN
59105	NaN
59106	NaN
59107	NaN
59108	NaN
59109	NaN
59110	NaN
59111	NaN
59112	NaN
59113	NaN
59114	NaN
59115	NaN
59116	NaN
59117	NaN
59118	NaN
59119	NaN
59120	NaN
59121	NaN
59122	NaN
59123	NaN
59124	NaN
59125	NaN
59126	NaN
59127	NaN
59128	NaN
59129	NaN
59130	NaN
59131	NaN
59132	NaN
59133	NaN
59134	NaN
59135	NaN
59136	NaN
59137	0.90569323
59138	0.59972310
59139	0.49715373
59140	0.44586906
59141	0.41518915
59142	0.39484856
59143	0.38043642
59144	0.36974257
59145	0.36153647
59146	0.35507855
59147	0.34989727
59148	0.34567824
59149	0.34220403
59150	0.33931965
59151	0.33691201
59152	0.33489707
59153	0.33321151
59154	0.33180681
59155	0.33064556
59156	0.32969853
59157	0.32894284
59158	0.32836032
59159	0.32793626
59160	0.32765880
59161	0.32751793
59162	0.32750496
59163	0.32761195
59164	0.32783139
59165	0.32815558
59166	0.32857633
59167	0.32908446
59168	0.32966971
59169	0.33032015
59170	0.33102211
59171	0.33176011
59172	0.33251670
59173	0.33327287
59174	0.33400807
59175	0.33470094
59176	0.33533004
59177	0.33587468
59178	0.33631581
59179	0.33663723
59180	0.33682662
59181	0.33687636
59182	0.33678427
59183	0.33655405
59184	0.33619532
59185	0.33572328
59186	0.33515808
59187	0.33452398
59188	0.33384797
59189	0.33315870
59190	0.33248517
59191	0.33185542
59192	0.33129555
59193	0.33082870
59194	0.33047453
59195	0.33024848
59196	0.33016166
59197	0.33022049
59198	0.33042687
59199	0.33077803
59200	0.33126697
59201	0.33188254
59202	0.33260974
59203	0.33343038
59204	0.33432332
59205	0.33526516
59206	0.33623090
59207	0.33719462
59208	0.33813044
59209	0.33901331
59210	0.33981997
59211	0.34052977
59212	0.34112555
59213	0.34159431
59214	0.34192756
59215	0.34212169
59216	0.34217787
59217	0.34210199
59218	0.34190407
59219	0.34159771
59220	0.34119937
59221	0.34072754
59222	0.34020209
59223	0.33964336
59224	0.33907151
59225	0.33850589
59226	0.33796474
59227	0.33746457
59228	0.33702001
59229	0.33664364
59230	0.33634588
59231	0.33613485
59232	0.33601665
59233	0.33599520
59234	0.33607236
59235	0.33624813
59236	0.33652061
59237	0.33688614
59238	0.33733946
59239	0.33787376
59240	0.33848086
59241	0.33915141
59242	0.33987504
59243	0.34064060
59244	0.34143651
59245	0.34225097
59246	0.34307227
59247	0.34388909
59248	0.34469077
59249	0.34546736
59250	0.34620997
59251	0.34691083
59252	0.34756321
59253	0.34816170
59254	0.34870192
59255	0.34918064
59256	0.34959564
59257	0.34994563
59258	0.35023016
59259	0.35044950
59260	0.35060474
59261	0.35069749
59262	0.35073003
59263	0.35070527
59264	0.35062662
59265	0.35049826
59266	0.35032499
59267	0.35011223
59268	0.34986618
59269	0.34959376
59270	0.34930259
59271	0.34900093
59272	0.34869757
59273	0.34840190
59274	0.34812358
59275	0.34787235
59276	0.34765801
59277	0.34749004
59278	0.34737736
59279	0.34732813
59280	0.34734932
59281	0.34744674
59282	0.34762439
59283	0.34788465
59284	0.34822786
59285	0.34865221
59286	0.34915373
59287	0.34972617
59288	0.35036108
59289	0.35104778
59290	0.35177350
59291	0.35252339
59292	0.35328072
59293	0.35402730
59294	0.35474336
59295	0.35540828
59296	0.35600084
59297	0.35649982
59298	0.35688472
59299	0.35713616
59300	0.35723716
59301	0.35717365
59302	0.35693568
59303	0.35651809
59304	0.35592148
59305	0.35515299
59306	0.35422647
59307	0.35316300
59308	0.35199037
59309	0.35074258
59310	0.34945872
59311	0.34818143
59312	0.34695512
59313	0.34582385
59314	0.34482938
59315	0.34400967
59316	0.34339738
59317	0.34301913
59318	0.34289533
59319	0.34304008
59320	0.34346163
59321	0.34416270
59322	0.34514105
59323	0.34639004
59324	0.34789893
59325	0.34965321
59326	0.35163474
59327	0.35382184
59328	0.35618919
59329	0.35870796
59330	0.36134562
59331	0.36406612
59332	0.36683005
59333	0.36959523
59334	0.37231705
59335	0.37494990
59336	0.37744775
59337	0.37976623
59338	0.38186365
59339	0.38370302
59340	0.38525328
59341	0.38649109
59342	0.38740185
59343	0.38798025
59344	0.38823134
59345	0.38816965
59346	0.38781971
59347	0.38721466
59348	0.38639572
59349	0.38541070
59350	0.38431290
59351	0.38316000
59352	0.38201296
59353	0.38093501
59354	0.37999073
59355	0.37924612
59356	0.37876767
59357	0.37862271
59358	0.37887916
59359	0.37960562
59360	0.38087189
59361	0.38274878
59362	0.38530841
59363	0.38862419
59364	0.39277101
59365	0.39782509
59366	0.40386453
59367	0.41096920
59368	0.41922164
59369	0.42870924
59370	0.43952754
59371	0.45178476
59372	0.46561080
59373	0.48116761
59374	0.49866912
59375	0.51840478
59376	0.54077971
59377	0.56637013
59378	0.59601569
59379	0.63096654
59380	0.67313689
59381	0.72557539
59382	0.79338551
59383	0.88575661
59384	1.02095711
59385	1.24113476
59386	1.66997790
59387	NaN
59388	NaN
59389	NaN
59390	NaN
59391	NaN
59392	NaN
59393	NaN
59394	NaN
59395	NaN
59396	NaN
59397	NaN
59398	NaN
59399	NaN
59400	NaN
59401	NaN
59402	NaN
59403	NaN
59404	NaN
59405	NaN
59406	NaN
59407	NaN
59408	NaN
59409	NaN
59410	NaN
59411	NaN
59412	NaN
59413	NaN
59414	NaN
59415	NaN
59416	NaN
59417	NaN
59418	NaN
59419	NaN
59420	NaN
59421	NaN
59422	NaN
59423	NaN
59424	NaN
59425	NaN
59426	NaN
59427	NaN
59428	NaN
59429	NaN
59430	NaN
59431	NaN
59432	NaN
59433	NaN
59434	NaN
59435	NaN
59436	NaN
59437	NaN
59438	NaN
59439	NaN
59440	NaN
59441	NaN
59442	NaN
59443	NaN
59444	NaN
59445	NaN
59446	NaN
59447	NaN
59448	NaN
59449	NaN
59450	NaN
59451	NaN
59452	NaN
59453	NaN
59454	NaN
59455	NaN
59456	NaN
59457	NaN
59458	NaN
59459	NaN
59460	NaN
59461	NaN
59462	NaN
59463	NaN
59464	0.44880727
59465	0.33867443
59466	0.29670611
59467	0.27493423
59468	0.26186532
59469	0.25334316
59470	0.24749611
59471	0.24335437
59472	0.24036366
59473	0.23818375
59474	0.23659317
59475	0.23544158
59476	0.23462315
59477	0.23406106
59478	0.23369817
59479	0.23349108
59480	0.23340617
59481	0.23341689
59482	0.23350199
59483	0.23364395
59484	0.23382814
59485	0.23404209
59486	0.23427482
59487	0.23451647
59488	0.23475800
59489	0.23499094
59490	0.23520721
59491	0.23539917
59492	0.23555936
59493	0.23568079
59494	0.23575690
59495	0.23578186
59496	0.23575057
59497	0.23565906
59498	0.23550467
59499	0.23528625
59500	0.23500448
59501	0.23466204
59502	0.23426367
59503	0.23381634
59504	0.23332916
59505	0.23281313
59506	0.23228094
59507	0.23174649
59508	0.23122457
59509	0.23072997
59510	0.23027742
59511	0.22988063
59512	0.22955215
59513	0.22930275
59514	0.22914119
59515	0.22907408
59516	0.22910552
59517	0.22923733
59518	0.22946900
59519	0.22979781
59520	0.23021892
59521	0.23072568
59522	0.23130962
59523	0.23196074
59524	0.23266757
59525	0.23341724
59526	0.23419574
59527	0.23498787
59528	0.23577748
59529	0.23654777
59530	0.23728159
59531	0.23796172
59532	0.23857151
59533	0.23909535
59534	0.23951939
59535	0.23983218
59536	0.24002516
59537	0.24009342
59538	0.24003594
59539	0.23985571
59540	0.23955984
59541	0.23915923
59542	0.23866796
59543	0.23810269
59544	0.23748179
59545	0.23682448
59546	0.23615001
59547	0.23547669
59548	0.23482148
59549	0.23419930
59550	0.23362286
59551	0.23310237
59552	0.23264554
59553	0.23225766
59554	0.23194171
59555	0.23169863
59556	0.23152742
59557	0.23142533
59558	0.23138818
59559	0.23141050
59560	0.23148568
59561	0.23160613
59562	0.23176344
59563	0.23194855
59564	0.23215179
59565	0.23236309
59566	0.23257202
59567	0.23276807
59568	0.23294073
59569	0.23307966
59570	0.23317517
59571	0.23321812
59572	0.23320062
59573	0.23311599
59574	0.23295911
59575	0.23272677
59576	0.23241770
59577	0.23203285
59578	0.23157537
59579	0.23105079
59580	0.23046677
59581	0.22983339
59582	0.22916268
59583	0.22846864
59584	0.22776681
59585	0.22707403
59586	0.22640789
59587	0.22578609
59588	0.22522594
59589	0.22474337
59590	0.22435227
59591	0.22406371
59592	0.22388530
59593	0.22382079
59594	0.22387004
59595	0.22402921
59596	0.22429121
59597	0.22464629
59598	0.22508280
59599	0.22558779
59600	0.22614773
59601	0.22674921
59602	0.22737947
59603	0.22802676
59604	0.22868080
59605	0.22933301
59606	0.22997649
59607	0.23060609
59608	0.23121826
59609	0.23181100
59610	0.23238336
59611	0.23293537
59612	0.23346761
59613	0.23398104
59614	0.23447673
59615	0.23495556
59616	0.23541813
59617	0.23586451
59618	0.23629428
59619	0.23670641
59620	0.23709916
59621	0.23747015
59622	0.23781642
59623	0.23813441
59624	0.23842011
59625	0.23866917
59626	0.23887694
59627	0.23903900
59628	0.23915102
59629	0.23920928
59630	0.23921083
59631	0.23915380
59632	0.23903765
59633	0.23886339
59634	0.23863381
59635	0.23835339
59636	0.23802847
59637	0.23766722
59638	0.23727919
59639	0.23687541
59640	0.23646782
59641	0.23606919
59642	0.23569258
59643	0.23535110
59644	0.23505756
59645	0.23482415
59646	0.23466226
59647	0.23458211
59648	0.23459269
59649	0.23470148
59650	0.23491433
59651	0.23523521
59652	0.23566620
59653	0.23620711
59654	0.23685530
59655	0.23760563
59656	0.23845020
59657	0.23937817
59658	0.24037567
59659	0.24142604
59660	0.24250975
59661	0.24360482
59662	0.24468753
59663	0.24573275
59664	0.24671540
59665	0.24761097
59666	0.24839696
59667	0.24905367
59668	0.24956517
59669	0.24991995
59670	0.25011143
59671	0.25013781
59672	0.25000224
59673	0.24971218
59674	0.24927914
59675	0.24871811
59676	0.24804689
59677	0.24728562
59678	0.24645662
59679	0.24558391
59680	0.24469325
59681	0.24381201
59682	0.24296968
59683	0.24219790
59684	0.24153173
59685	0.24100976
59686	0.24067555
59687	0.24057870
59688	0.24077654
59689	0.24133493
59690	0.24233006
59691	0.24384913
59692	0.24599135
59693	0.24886733
59694	0.25259921
59695	0.25731814
59696	0.26316324
59697	0.27028054
59698	0.27882290
59699	0.28895485
59700	0.30086151
59701	0.31476900
59702	0.33097517
59703	0.34990323
59704	0.37218615
59705	0.39880899
59706	0.43136671
59707	0.47255728
59708	0.52724218
59709	0.60500318
59710	0.72752535
59711	0.95610070
59712	NaN
59713	NaN
59714	NaN
59715	NaN
59716	NaN
59717	NaN
59718	NaN
59719	NaN
59720	NaN
59721	NaN
59722	NaN
59723	NaN
59724	NaN
59725	NaN
59726	NaN
59727	NaN
59728	NaN
59729	NaN
59730	NaN
59731	NaN
59732	NaN
59733	NaN
59734	NaN
59735	NaN
59736	NaN
59737	NaN
59738	NaN
59739	NaN
59740	NaN
59741	NaN
59742	NaN
59743	NaN
59744	NaN
59745	NaN
59746	NaN
59747	NaN
59748	NaN
59749	NaN
59750	NaN
59751	NaN
59752	NaN
59753	NaN
59754	NaN
59755	NaN
59756	NaN
59757	NaN
59758	NaN
59759	NaN
59760	NaN
59761	NaN
59762	NaN
59763	NaN
59764	NaN
59765	NaN
59766	NaN
59767	NaN
59768	NaN
59769	NaN
59770	NaN
59771	NaN
59772	NaN
59773	NaN
59774	NaN
59775	NaN
59776	NaN
59777	NaN
59778	NaN
59779	NaN
59780	NaN
59781	NaN
59782	NaN
59783	NaN
59784	NaN
59785	NaN
59786	NaN
59787	NaN
59788	NaN
59789	NaN
59790	NaN
59791	NaN
59792	NaN
59793	NaN
59794	NaN
59795	NaN
59796	NaN
59797	0.82966644
59798	0.57372975
59799	0.47614911
59800	0.42514402
59801	0.39407858
59802	0.37336004
59803	0.35868618
59804	0.34784067
59805	0.33956599
59806	0.33309656
59807	0.32794040
59808	0.32376808
59809	0.32035139
59810	0.31752852
59811	0.31518203
59812	0.31322595
59813	0.31159660
59814	0.31024641
59815	0.30913979
59816	0.30825013
59817	0.30755743
59818	0.30704632
59819	0.30670506
59820	0.30652380
59821	0.30649394
59822	0.30660743
59823	0.30685595
59824	0.30723044
59825	0.30772099
59826	0.30831644
59827	0.30900431
59828	0.30977076
59829	0.31060034
59830	0.31147608
59831	0.31237951
59832	0.31329063
59833	0.31418824
59834	0.31505027
59835	0.31585437
59836	0.31657839
59837	0.31720155
59838	0.31770518
59839	0.31807372
59840	0.31829578
59841	0.31836498
59842	0.31828061
59843	0.31804782
59844	0.31767786
59845	0.31718749
59846	0.31659845
59847	0.31593624
59848	0.31522909
59849	0.31450662
59850	0.31379837
59851	0.31313285
59852	0.31253624
59853	0.31203166
59854	0.31163833
59855	0.31137133
59856	0.31124100
59857	0.31125304
59858	0.31140840
59859	0.31170344
59860	0.31213009
59861	0.31267634
59862	0.31332645
59863	0.31406161
59864	0.31486040
59865	0.31569943
59866	0.31655407
59867	0.31739905
59868	0.31820950
59869	0.31896141
59870	0.31963283
59871	0.32020435
59872	0.32066011
59873	0.32098824
59874	0.32118142
59875	0.32123697
59876	0.32115707
59877	0.32094851
59878	0.32062215
59879	0.32019237
59880	0.31967628
59881	0.31909308
59882	0.31846291
59883	0.31780639
59884	0.31714365
59885	0.31649396
59886	0.31587514
59887	0.31530336
59888	0.31479275
59889	0.31435552
59890	0.31400171
59891	0.31373942
59892	0.31357476
59893	0.31351191
59894	0.31355324
59895	0.31369933
59896	0.31394908
59897	0.31429955
59898	0.31474620
59899	0.31528273
59900	0.31590128
59901	0.31659243
59902	0.31734541
59903	0.31814831
59904	0.31898856
59905	0.31985289
59906	0.32072809
59907	0.32160100
59908	0.32245910
59909	0.32329065
59910	0.32408503
59911	0.32483280
59912	0.32552588
59913	0.32615757
59914	0.32672247
59915	0.32721657
59916	0.32763699
59917	0.32798192
59918	0.32825068
59919	0.32844353
59920	0.32856166
59921	0.32860711
59922	0.32858291
59923	0.32849294
59924	0.32834190
59925	0.32813564
59926	0.32788056
59927	0.32758418
59928	0.32725471
59929	0.32690105
59930	0.32653278
59931	0.32616007
59932	0.32579339
59933	0.32544357
59934	0.32512152
59935	0.32483807
59936	0.32460383
59937	0.32442895
59938	0.32432288
59939	0.32429424
59940	0.32435042
59941	0.32449755
59942	0.32474026
59943	0.32508147
59944	0.32552224
59945	0.32606184
59946	0.32669756
59947	0.32742468
59948	0.32823661
59949	0.32912478
59950	0.33007872
59951	0.33108634
59952	0.33213371
59953	0.33320546
59954	0.33428478
59955	0.33535379
59956	0.33639354
59957	0.33738458
59958	0.33830711
59959	0.33914158
59960	0.33986917
59961	0.34047246
59962	0.34093601
59963	0.34124708
59964	0.34139642
59965	0.34137869
59966	0.34119311
59967	0.34084389
59968	0.34034029
59969	0.33969659
59970	0.33893195
59971	0.33806965
59972	0.33713666
59973	0.33616260
59974	0.33517894
59975	0.33421797
59976	0.33331171
59977	0.33249137
59978	0.33178613
59979	0.33122313
59980	0.33082661
59981	0.33061779
59982	0.33061481
59983	0.33083290
59984	0.33128431
59985	0.33197880
59986	0.33292380
59987	0.33412483
59988	0.33558592
59989	0.33731008
59990	0.33929962
59991	0.34155682
59992	0.34408429
59993	0.34688577
59994	0.34996635
59995	0.35333329
59996	0.35699669
59997	0.36096960
59998	0.36526859
59999	0.36991379
60000	0.37492806