	C:\Users\jkuzm\OneDrive - University of Massachusetts\HRSL x UMILL-PUMA Fatigue - Fatigue\Data\F01\FR3_Metabolic3.c3d
	FP1
	COFP
	ORIGINAL
ITEM	Y
1	0.60228026
2	0.59462649
3	0.58691323
4	0.57920605
5	0.57157195
6	0.56407773
7	0.55678821
8	0.54976493
9	0.54306459
10	0.53673768
11	0.53082752
12	0.52536917
13	0.52038854
14	0.51590258
15	0.51191843
16	0.50843370
17	0.50543696
18	0.50290781
19	0.50081831
20	0.49913305
21	0.49781057
22	0.49680433
23	0.49606344
24	0.49553391
25	0.49515948
26	0.49488238
27	0.49464446
28	0.49438760
29	0.49405488
30	0.49359092
31	0.49294314
32	0.49206197
33	0.49090207
34	0.48942283
35	0.48758927
36	0.48537275
37	0.48275176
38	0.47971243
39	0.47624928
40	0.47236574
41	0.46807426
42	0.46339703
43	0.45836556
44	0.45302060
45	0.44741151
46	0.44159561
47	0.43563643
48	0.42960271
49	0.42356637
50	0.41760072
51	0.41177869
52	0.40617099
53	0.40084511
54	0.39586383
55	0.39128467
56	0.38715947
57	0.38353422
58	0.38044885
59	0.37793756
60	0.37602830
61	0.37474254
62	0.37409484
63	0.37409136
64	0.37472883
65	0.37599292
66	0.37785590
67	0.38027498
68	0.38319007
69	0.38652229
70	0.39017257
71	0.39402166
72	0.39793089
73	0.40174490
74	0.40529606
75	0.40840974
76	0.41091236
77	0.41263935
78	0.41344345
79	0.41320285
80	0.41182649
81	0.40925834
82	0.40547833
83	0.40050083
84	0.39437088
85	0.38715866
86	0.37895396
87	0.36985952
88	0.35998708
89	0.34945220
90	0.33837301
91	0.32686913
92	0.31506404
93	0.30308762
94	0.29108235
95	0.27920982
96	0.26766014
97	0.25666463
98	0.24650721
99	0.23754141
100	0.23020753
101	0.22505078
102	0.22274095
103	0.22408742
104	0.23005299
105	0.24176067
106	0.26049319
107	0.28768027
108	0.32488659
109	0.37380278
110	0.43625855
111	0.51428950
112	0.61029792
113	0.72738367
114	0.86996579
115	1.04491341
116	1.26372254
117	1.54700661
118	1.93485737
119	2.51497459
120	3.51883340
121	NaN
122	NaN
123	NaN
124	NaN
125	NaN
126	NaN
127	NaN
128	NaN
129	NaN
130	NaN
131	NaN
132	NaN
133	NaN
134	NaN
135	NaN
136	NaN
137	NaN
138	NaN
139	NaN
140	NaN
141	NaN
142	NaN
143	NaN
144	NaN
145	NaN
146	NaN
147	NaN
148	NaN
149	NaN
150	NaN
151	NaN
152	NaN
153	NaN
154	NaN
155	NaN
156	NaN
157	NaN
158	NaN
159	NaN
160	NaN
161	NaN
162	NaN
163	NaN
164	NaN
165	NaN
166	NaN
167	NaN
168	NaN
169	NaN
170	NaN
171	NaN
172	NaN
173	NaN
174	NaN
175	NaN
176	NaN
177	NaN
178	NaN
179	NaN
180	NaN
181	NaN
182	NaN
183	NaN
184	NaN
185	NaN
186	NaN
187	NaN
188	NaN
189	NaN
190	NaN
191	NaN
192	NaN
193	NaN
194	NaN
195	NaN
196	NaN
197	NaN
198	NaN
199	NaN
200	NaN
201	NaN
202	NaN
203	NaN
204	NaN
205	NaN
206	1.84978271
207	1.28763795
208	1.08926260
209	0.99107492
210	0.93456405
211	0.89931047
212	0.87631476
213	0.86098766
214	0.85073739
215	0.84398830
216	0.83972669
217	0.83727092
218	0.83614683
219	0.83601636
220	0.83663285
221	0.83781421
222	0.83942479
223	0.84136236
224	0.84354973
225	0.84592789
226	0.84845114
227	0.85108316
228	0.85379368
229	0.85655540
230	0.85934180
231	0.86212510
232	0.86487383
233	0.86755228
234	0.87011838
235	0.87252271
236	0.87470853
237	0.87661093
238	0.87815702
239	0.87926781
240	0.87985879
241	0.87984324
242	0.87913513
243	0.87765318
244	0.87532538
245	0.87209421
246	0.86792159
247	0.86279380
248	0.85672551
249	0.84976280
250	0.84198427
251	0.83350104
252	0.82445395
253	0.81500858
254	0.80534995
255	0.79567438
256	0.78618205
257	0.77706826
258	0.76851666
259	0.76069236
260	0.75373662
261	0.74776328
262	0.74285603
263	0.73906755
264	0.73641890
265	0.73490041
266	0.73447305
267	0.73506975
268	0.73659819
269	0.73894280
270	0.74196804
271	0.74552149
272	0.74943787
273	0.75354308
274	0.75765949
275	0.76161075
276	0.76522744
277	0.76835287
278	0.77084780
279	0.77259541
280	0.77350527
281	0.77351594
282	0.77259576
283	0.77074355
284	0.76798666
285	0.76437789
286	0.75999236
287	0.75492233
288	0.74927258
289	0.74315578
290	0.73668700
291	0.72998041
292	0.72314543
293	0.71628380
294	0.70948762
295	0.70283836
296	0.69640583
297	0.69024831
298	0.68441260
299	0.67893505
300	0.67384195
301	0.66915101
302	0.66487175
303	0.66100711
304	0.65755332
305	0.65450120
306	0.65183628
307	0.64953899
308	0.64758492
309	0.64594495
310	0.64458543
311	0.64346850
312	0.64255214
313	0.64179134
314	0.64113873
315	0.64054543
316	0.63996232
317	0.63934118
318	0.63863611
319	0.63780433
320	0.63680685
321	0.63560987
322	0.63418436
323	0.63250685
324	0.63055938
325	0.62832916
326	0.62580860
327	0.62299526
328	0.61989146
329	0.61650461
330	0.61284667
331	0.60893470
332	0.60479075
333	0.60044158
334	0.59591895
335	0.59125918
336	0.58650267
337	0.58169335
338	0.57687771
339	0.57210374
340	0.56741947
341	0.56287163
342	0.55850422
343	0.55435669
344	0.55046302
345	0.54685044
346	0.54353875
347	0.54053938
348	0.53785586
349	0.53548324
350	0.53340882
351	0.53161246
352	0.53006744
353	0.52874118
354	0.52759594
355	0.52658993
356	0.52567834
357	0.52481359
358	0.52394706
359	0.52302963
360	0.52201253
361	0.52084851
362	0.51949251
363	0.51790273
364	0.51604140
365	0.51387554
366	0.51137751
367	0.50852591
368	0.50530565
369	0.50170910
370	0.49773574
371	0.49339294
372	0.48869610
373	0.48366892
374	0.47834322
375	0.47275892
376	0.46696350
377	0.46101129
378	0.45496270
379	0.44888270
380	0.44283932
381	0.43690214
382	0.43114057
383	0.42562220
384	0.42041135
385	0.41556782
386	0.41114584
387	0.40719372
388	0.40375292
389	0.40085813
390	0.39853704
391	0.39681008
392	0.39569044
393	0.39518359
394	0.39528650
395	0.39598748
396	0.39726457
397	0.39908493
398	0.40140310
399	0.40416017
400	0.40728256
401	0.41068175
402	0.41425431
403	0.41788283
404	0.42143819
405	0.42478290
406	0.42777529
407	0.43027422
408	0.43214515
409	0.43326470
410	0.43352619
411	0.43284300
412	0.43115079
413	0.42840880
414	0.42459893
415	0.41972411
416	0.41380534
417	0.40687895
418	0.39899293
419	0.39020491
420	0.38057983
421	0.37018901
422	0.35911074
423	0.34743145
424	0.33524874
425	0.32267481
426	0.30984181
427	0.29690829
428	0.28406656
429	0.27155089
430	0.25964671
431	0.24870020
432	0.23912783
433	0.23142533
434	0.22617723
435	0.22406067
436	0.22585098
437	0.23242611
438	0.24476992
439	0.26398078
440	0.29129595
441	0.32813698
442	0.37620047
443	0.43762776
444	0.51529658
445	0.61334860
446	0.73814923
447	0.90013605
448	1.11771274
449	1.42637253
450	1.90385342
451	2.75788689
452	4.78755426
453	NaN
454	NaN
455	NaN
456	NaN
457	NaN
458	NaN
459	NaN
460	NaN
461	NaN
462	NaN
463	NaN
464	NaN
465	NaN
466	NaN
467	NaN
468	NaN
469	NaN
470	NaN
471	NaN
472	NaN
473	NaN
474	NaN
475	NaN
476	NaN
477	NaN
478	NaN
479	NaN
480	NaN
481	NaN
482	NaN
483	NaN
484	NaN
485	NaN
486	NaN
487	NaN
488	NaN
489	NaN
490	NaN
491	NaN
492	NaN
493	NaN
494	NaN
495	NaN
496	NaN
497	NaN
498	NaN
499	NaN
500	NaN
501	NaN
502	NaN
503	NaN
504	NaN
505	NaN
506	NaN
507	NaN
508	NaN
509	NaN
510	NaN
511	NaN
512	NaN
513	NaN
514	NaN
515	NaN
516	NaN
517	NaN
518	NaN
519	NaN
520	NaN
521	NaN
522	NaN
523	NaN
524	NaN
525	NaN
526	NaN
527	NaN
528	NaN
529	NaN
530	NaN
531	NaN
532	NaN
533	NaN
534	NaN
535	NaN
536	NaN
537	NaN
538	2.89062643
539	1.56933057
540	1.23426330
541	1.08362675
542	0.99943048
543	0.94661719
544	0.91108143
545	0.88604522
546	0.86784452
547	0.85432363
548	0.84413081
549	0.83637649
550	0.83045280
551	0.82593179
552	0.82250553
553	0.81994927
554	0.81809616
555	0.81682175
556	0.81603259
557	0.81565744
558	0.81564182
559	0.81594306
560	0.81652629
561	0.81736195
562	0.81842297
563	0.81968260
564	0.82111281
565	0.82268244
566	0.82435620
567	0.82609332
568	0.82784683
569	0.82956290
570	0.83118021
571	0.83263063
572	0.83383906
573	0.83472466
574	0.83520263
575	0.83518606
576	0.83458984
577	0.83333361
578	0.83134663
579	0.82857263
580	0.82497454
581	0.82053941
582	0.81528205
583	0.80924749
584	0.80251229
585	0.79518282
586	0.78739250
587	0.77929682
588	0.77106631
589	0.76287973
590	0.75491589
591	0.74734670
592	0.74033016
593	0.73400545
594	0.72848845
595	0.72386920
596	0.72021025
597	0.71754622
598	0.71588391
599	0.71520352
600	0.71545905
601	0.71658069
602	0.71847594
603	0.72103208
604	0.72411811
605	0.72758770
606	0.73128247
607	0.73503548
608	0.73867589
609	0.74203378
610	0.74494559
611	0.74726003
612	0.74884361
613	0.74958634
614	0.74940610
615	0.74825209
616	0.74610698
617	0.74298686
618	0.73893911
619	0.73403949
620	0.72838700
621	0.72209805
622	0.71530014
623	0.70812583
624	0.70070696
625	0.69316953
626	0.68563026
627	0.67819381
628	0.67095101
629	0.66397798
630	0.65733659
631	0.65107477
632	0.64522755
633	0.63981837
634	0.63486052
635	0.63035816
636	0.62630790
637	0.62269962
638	0.61951768
639	0.61674136
640	0.61434609
641	0.61230344
642	0.61058187
643	0.60914719
644	0.60796267
645	0.60698932
646	0.60618675
647	0.60551274
648	0.60492414
649	0.60437727
650	0.60382825
651	0.60323346
652	0.60255045
653	0.60173827
654	0.60075849
655	0.59957564
656	0.59815782
657	0.59647769
658	0.59451264
659	0.59224570
660	0.58966559
661	0.58676720
662	0.58355176
663	0.58002687
664	0.57620668
665	0.57211167
666	0.56776810
667	0.56320798
668	0.55846828
669	0.55359036
670	0.54861891
671	0.54360098
672	0.53858525
673	0.53362036
674	0.52875400
675	0.52403128
676	0.51949376
677	0.51517808
678	0.51111478
679	0.50732768
680	0.50383312
681	0.50063962
682	0.49774793
683	0.49515110
684	0.49283522
685	0.49077988
686	0.48895901
687	0.48734209
688	0.48589471
689	0.48457974
690	0.48335811
691	0.48218960
692	0.48103347
693	0.47984913
694	0.47859654
695	0.47723681
696	0.47573280
697	0.47404945
698	0.47215450
699	0.47001928
700	0.46761900
701	0.46493396
702	0.46194983
703	0.45865849
704	0.45505878
705	0.45115677
706	0.44696614
707	0.44250855
708	0.43781322
709	0.43291658
710	0.42786202
711	0.42269850
712	0.41747966
713	0.41226268
714	0.40710652
715	0.40207088
716	0.39721498
717	0.39259604
718	0.38826844
719	0.38428339
720	0.38068777
721	0.37752390
722	0.37482941
723	0.37263665
724	0.37097242
725	0.36985749
726	0.36930585
727	0.36932370
728	0.36990854
729	0.37104771
730	0.37271696
731	0.37487897
732	0.37748197
733	0.38045892
734	0.38372639
735	0.38718486
736	0.39071968
737	0.39420283
738	0.39749640
739	0.40045682
740	0.40294021
741	0.40480849
742	0.40593591
743	0.40621457
744	0.40555963
745	0.40391272
746	0.40124369
747	0.39755052
748	0.39285746
749	0.38721210
750	0.38068131
751	0.37334761
752	0.36530516
753	0.35665679
754	0.34751230
755	0.33798790
756	0.32820782
757	0.31830630
758	0.30843261
759	0.29875749
760	0.28947970
761	0.28083664
762	0.27311409
763	0.26665884
764	0.26189250
765	0.25932765
766	0.25958198
767	0.26339597
768	0.27165082
769	0.28538588
770	0.30582163
771	0.33438453
772	0.37274888
773	0.42290184
774	0.48726502
775	0.56890357
776	0.67190713
777	0.80208528
778	0.96825844
779	1.18482482
780	1.47723234
781	1.89509320
782	2.54920363
783	3.74603724
784	NaN
785	NaN
786	NaN
787	NaN
788	NaN
789	NaN
790	NaN
791	NaN
792	NaN
793	NaN
794	NaN
795	NaN
796	NaN
797	NaN
798	NaN
799	NaN
800	NaN
801	NaN
802	NaN
803	NaN
804	NaN
805	NaN
806	NaN
807	NaN
808	NaN
809	NaN
810	NaN
811	NaN
812	NaN
813	NaN
814	NaN
815	NaN
816	NaN
817	NaN
818	NaN
819	NaN
820	NaN
821	NaN
822	NaN
823	NaN
824	NaN
825	NaN
826	NaN
827	NaN
828	NaN
829	NaN
830	NaN
831	NaN
832	NaN
833	NaN
834	NaN
835	NaN
836	NaN
837	NaN
838	NaN
839	NaN
840	NaN
841	NaN
842	NaN
843	NaN
844	NaN
845	NaN
846	NaN
847	NaN
848	NaN
849	NaN
850	NaN
851	NaN
852	NaN
853	NaN
854	NaN
855	NaN
856	NaN
857	NaN
858	NaN
859	NaN
860	NaN
861	NaN
862	NaN
863	NaN
864	1.91965437
865	1.33892679
866	1.13801968
867	1.03716362
868	0.97731322
869	0.93831778
870	0.91141200
871	0.89216256
872	0.87808013
873	0.86765611
874	0.85991967
875	0.85421640
876	0.85008824
877	0.84720409
878	0.84531820
879	0.84424400
880	0.84383720
881	0.84398335
882	0.84459025
883	0.84558123
884	0.84689116
885	0.84846228
886	0.85024142
887	0.85217756
888	0.85421991
889	0.85631603
890	0.85841095
891	0.86044574
892	0.86235714
893	0.86407763
894	0.86553502
895	0.86665350
896	0.86735487
897	0.86755979
898	0.86719060
899	0.86617374
900	0.86444318
901	0.86194378
902	0.85863525
903	0.85449541
904	0.84952384
905	0.84374428
906	0.83720607
907	0.82998443
908	0.82217938
909	0.81391317
910	0.80532658
911	0.79657328
912	0.78781474
913	0.77921408
914	0.77092981
915	0.76311046
916	0.75588953
917	0.74938196
918	0.74368048
919	0.73885417
920	0.73494685
921	0.73197728
922	0.72993916
923	0.72880197
924	0.72851282
925	0.72899759
926	0.73016363
927	0.73190182
928	0.73408955
929	0.73659372
930	0.73927462
931	0.74198955
932	0.74459684
933	0.74696034
934	0.74895364
935	0.75046426
936	0.75139713
937	0.75167769
938	0.75125426
939	0.75009876
940	0.74820715
941	0.74559814
942	0.74231136
943	0.73840386
944	0.73394728
945	0.72902322
946	0.72371960
947	0.71812648
948	0.71233267
949	0.70642281
950	0.70047474
951	0.69455844
952	0.68873465
953	0.68305457
954	0.67756033
955	0.67228514
956	0.66725409
957	0.66248530
958	0.65799063
959	0.65377659
960	0.64984483
961	0.64619315
962	0.64281559
963	0.63970309
964	0.63684332
965	0.63422132
966	0.63181925
967	0.62961686
968	0.62759161
969	0.62571883
970	0.62397230
971	0.62232429
972	0.62074631
973	0.61920929
974	0.61768413
975	0.61614239
976	0.61455625
977	0.61289960
978	0.61114806
979	0.60927945
980	0.60727447
981	0.60511655
982	0.60279250
983	0.60029262
984	0.59761095
985	0.59474534
986	0.59169793
987	0.58847469
988	0.58508605
989	0.58154643
990	0.57787412
991	0.57409102
992	0.57022250
993	0.56629640
994	0.56234264
995	0.55839235
996	0.55447710
997	0.55062783
998	0.54687399
999	0.54324293
1000	0.53975838
1001	0.53644061
1002	0.53330541
1003	0.53036368
1004	0.52762163
1005	0.52508050
1006	0.52273667
1007	0.52058214
1008	0.51860428
1009	0.51678681
1010	0.51510966
1011	0.51354945
1012	0.51207983
1013	0.51067239
1014	0.50929642
1015	0.50792021
1016	0.50651109
1017	0.50503659
1018	0.50346482
1019	0.50176525
1020	0.49990928
1021	0.49787098
1022	0.49562773
1023	0.49316016
1024	0.49045318
1025	0.48749584
1026	0.48428178
1027	0.48080939
1028	0.47708204
1029	0.47310823
1030	0.46890172
1031	0.46448186
1032	0.45987329
1033	0.45510632
1034	0.45021614
1035	0.44524285
1036	0.44023034
1037	0.43522575
1038	0.43027833
1039	0.42543811
1040	0.42075500
1041	0.41627732
1042	0.41205102
1043	0.40811843
1044	0.40451771
1045	0.40128204
1046	0.39843920
1047	0.39601108
1048	0.39401343
1049	0.39245540
1050	0.39133918
1051	0.39065966
1052	0.39040378
1053	0.39055035
1054	0.39106914
1055	0.39192072
1056	0.39305630
1057	0.39441749
1058	0.39593640
1059	0.39753664
1060	0.39913425
1061	0.40063927
1062	0.40195802
1063	0.40299535
1064	0.40365827
1065	0.40385845
1066	0.40351593
1067	0.40256166
1068	0.40094006
1069	0.39861050
1070	0.39554861
1071	0.39174581
1072	0.38720864
1073	0.38195756
1074	0.37602517
1075	0.36945429
1076	0.36229652
1077	0.35461092
1078	0.34646329
1079	0.33792725
1080	0.32908347
1081	0.32002267
1082	0.31084722
1083	0.30167344
1084	0.29263562
1085	0.28388834
1086	0.27561125
1087	0.26801181
1088	0.26133123
1089	0.25584674
1090	0.25187621
1091	0.24978133
1092	0.24996898
1093	0.25289252
1094	0.25905007
1095	0.26898152
1096	0.28326771
1097	0.30252838
1098	0.32742661
1099	0.35868508
1100	0.39711532
1101	0.44367579
1102	0.49956849
1103	0.56639439
1104	0.64640909
1105	0.74295521
1106	0.86120820
1107	1.00958121
1108	1.20258451
1109	1.46725655
1110	1.85994470
1111	2.51979065
1112	3.90695310
1113	NaN
1114	NaN
1115	NaN
1116	NaN
1117	NaN
1118	NaN
1119	NaN
1120	NaN
1121	NaN
1122	NaN
1123	NaN
1124	NaN
1125	NaN
1126	NaN
1127	NaN
1128	NaN
1129	NaN
1130	NaN
1131	NaN
1132	NaN
1133	NaN
1134	NaN
1135	NaN
1136	NaN
1137	NaN
1138	NaN
1139	NaN
1140	NaN
1141	NaN
1142	NaN
1143	NaN
1144	NaN
1145	NaN
1146	NaN
1147	NaN
1148	NaN
1149	NaN
1150	NaN
1151	NaN
1152	NaN
1153	NaN
1154	NaN
1155	NaN
1156	NaN
1157	NaN
1158	NaN
1159	NaN
1160	NaN
1161	NaN
1162	NaN
1163	NaN
1164	NaN
1165	NaN
1166	NaN
1167	NaN
1168	NaN
1169	NaN
1170	NaN
1171	NaN
1172	NaN
1173	NaN
1174	NaN
1175	NaN
1176	NaN
1177	NaN
1178	NaN
1179	NaN
1180	NaN
1181	NaN
1182	NaN
1183	NaN
1184	NaN
1185	NaN
1186	NaN
1187	NaN
1188	NaN
1189	NaN
1190	NaN
1191	NaN
1192	NaN
1193	NaN
1194	NaN
1195	NaN
1196	NaN
1197	1.85391879
1198	1.28875792
1199	1.08692145
1200	0.98675871
1201	0.92900449
1202	0.89280850
1203	0.86895186
1204	0.85273194
1205	0.84150022
1206	0.83365524
1207	0.82817441
1208	0.82437819
1209	0.82180071
1210	0.82011563
1211	0.81909037
1212	0.81855786
1213	0.81839758
1214	0.81852180
1215	0.81886697
1216	0.81938684
1217	0.82004714
1218	0.82082146
1219	0.82168806
1220	0.82262754
1221	0.82362014
1222	0.82464433
1223	0.82567525
1224	0.82668394
1225	0.82763600
1226	0.82849145
1227	0.82920444
1228	0.82972330
1229	0.82999074
1230	0.82994521
1231	0.82952189
1232	0.82865441
1233	0.82727766
1234	0.82533008
1235	0.82275754
1236	0.81951672
1237	0.81557906
1238	0.81093436
1239	0.80559438
1240	0.79959482
1241	0.79299682
1242	0.78588712
1243	0.77837563
1244	0.77059293
1245	0.76268548
1246	0.75480944
1247	0.74712521
1248	0.73979020
1249	0.73295325
1250	0.72674894
1251	0.72129250
1252	0.71667713
1253	0.71297097
1254	0.71021616
1255	0.70842826
1256	0.70759612
1257	0.70768356
1258	0.70863014
1259	0.71035284
1260	0.71274793
1261	0.71569318
1262	0.71905029
1263	0.72266787
1264	0.72638488
1265	0.73003447
1266	0.73344880
1267	0.73646384
1268	0.73892540
1269	0.74069440
1270	0.74165243
1271	0.74170738
1272	0.74079680
1273	0.73889101
1274	0.73599428
1275	0.73214400
1276	0.72740787
1277	0.72188079
1278	0.71567816
1279	0.70893061
1280	0.70177728
1281	0.69435918
1282	0.68681407
1283	0.67927116
1284	0.67184800
1285	0.66464782
1286	0.65775812
1287	0.65125030
1288	0.64518011
1289	0.63958818
1290	0.63450158
1291	0.62993497
1292	0.62589198
1293	0.62236696
1294	0.61934566
1295	0.61680681
1296	0.61472279
1297	0.61306065
1298	0.61178243
1299	0.61084610
1300	0.61020607
1301	0.60981351
1302	0.60961729
1303	0.60956454
1304	0.60960108
1305	0.60967249
1306	0.60972476
1307	0.60970503
1308	0.60956228
1309	0.60924822
1310	0.60871780
1311	0.60793012
1312	0.60684860
1313	0.60544205
1314	0.60368472
1315	0.60155696
1316	0.59904522
1317	0.59614295
1318	0.59285003
1319	0.58917391
1320	0.58512866
1321	0.58073568
1322	0.57602316
1323	0.57102609
1324	0.56578541
1325	0.56034797
1326	0.55476540
1327	0.54909313
1328	0.54338944
1329	0.53771412
1330	0.53212708
1331	0.52668655
1332	0.52144808
1333	0.51646227
1334	0.51177377
1335	0.50741976
1336	0.50342888
1337	0.49982032
1338	0.49660352
1339	0.49377790
1340	0.49133328
1341	0.48925030
1342	0.48750144
1343	0.48605207
1344	0.48486137
1345	0.48388377
1346	0.48307014
1347	0.48236871
1348	0.48172632
1349	0.48108926
1350	0.48040411
1351	0.47961864
1352	0.47868249
1353	0.47754797
1354	0.47617105
1355	0.47451174
1356	0.47253540
1357	0.47021323
1358	0.46752316
1359	0.46445066
1360	0.46098918
1361	0.45714074
1362	0.45291629
1363	0.44833568
1364	0.44342795
1365	0.43823075
1366	0.43278989
1367	0.42715874
1368	0.42139655
1369	0.41556776
1370	0.40973979
1371	0.40398157
1372	0.39836180
1373	0.39294681
1374	0.38779947
1375	0.38297769
1376	0.37853342
1377	0.37451211
1378	0.37095243
1379	0.36788628
1380	0.36533868
1381	0.36332810
1382	0.36186650
1383	0.36095917
1384	0.36060444
1385	0.36079308
1386	0.36150748
1387	0.36272073
1388	0.36439535
1389	0.36648193
1390	0.36891818
1391	0.37162766
1392	0.37451985
1393	0.37748989
1394	0.38041982
1395	0.38318083
1396	0.38563669
1397	0.38764840
1398	0.38907939
1399	0.38980204
1400	0.38970336
1401	0.38869098
1402	0.38669753
1403	0.38368270
1404	0.37963486
1405	0.37456909
1406	0.36852503
1407	0.36156255
1408	0.35375717
1409	0.34519583
1410	0.33597320
1411	0.32618853
1412	0.31594434
1413	0.30534667
1414	0.29450658
1415	0.28354412
1416	0.27259272
1417	0.26180613
1418	0.25136700
1419	0.24149740
1420	0.23247086
1421	0.22462624
1422	0.21838395
1423	0.21426329
1424	0.21290030
1425	0.21506640
1426	0.22168495
1427	0.23384556
1428	0.25281620
1429	0.28005558
1430	0.31722733
1431	0.36623853
1432	0.42931545
1433	0.50916737
1434	0.60931462
1435	0.73471242
1436	0.89295650
1437	1.09668517
1438	1.36874986
1439	1.75479686
1440	2.35950184
1441	3.48333073
1442	NaN
1443	NaN
1444	NaN
1445	NaN
1446	NaN
1447	NaN
1448	NaN
1449	NaN
1450	NaN
1451	NaN
1452	NaN
1453	NaN
1454	NaN
1455	NaN
1456	NaN
1457	NaN
1458	NaN
1459	NaN
1460	NaN
1461	NaN
1462	NaN
1463	NaN
1464	NaN
1465	NaN
1466	NaN
1467	NaN
1468	NaN
1469	NaN
1470	NaN
1471	NaN
1472	NaN
1473	NaN
1474	NaN
1475	NaN
1476	NaN
1477	NaN
1478	NaN
1479	NaN
1480	NaN
1481	NaN
1482	NaN
1483	NaN
1484	NaN
1485	NaN
1486	NaN
1487	NaN
1488	NaN
1489	NaN
1490	NaN
1491	NaN
1492	NaN
1493	NaN
1494	NaN
1495	NaN
1496	NaN
1497	NaN
1498	NaN
1499	NaN
1500	NaN
1501	NaN
1502	NaN
1503	NaN
1504	NaN
1505	NaN
1506	NaN
1507	NaN
1508	NaN
1509	NaN
1510	NaN
1511	NaN
1512	NaN
1513	NaN
1514	NaN
1515	NaN
1516	NaN
1517	NaN
1518	NaN
1519	NaN
1520	NaN
1521	NaN
1522	NaN
1523	NaN
1524	NaN
1525	NaN
1526	NaN
1527	2.98337197
1528	1.49596882
1529	1.16729867
1530	1.02626061
1531	0.95000285
1532	0.90372401
1533	0.87375849
1534	0.85363549
1535	0.83988935
1536	0.83049148
1537	0.82417345
1538	0.82010084
1539	0.81770092
1540	0.81656849
1541	0.81640917
1542	0.81700480
1543	0.81819052
1544	0.81984055
1545	0.82185733
1546	0.82416344
1547	0.82669705
1548	0.82940632
1549	0.83224654
1550	0.83517694
1551	0.83815801
1552	0.84114993
1553	0.84411049
1554	0.84699374
1555	0.84974939
1556	0.85232145
1557	0.85464853
1558	0.85666382
1559	0.85829550
1560	0.85946834
1561	0.86010468
1562	0.86012781
1563	0.85946369
1564	0.85804504
1565	0.85581470
1566	0.85272962
1567	0.84876466
1568	0.84391665
1569	0.83820677
1570	0.83168322
1571	0.82442224
1572	0.81652671
1573	0.80812526
1574	0.79936749
1575	0.79041916
1576	0.78145653
1577	0.77265859
1578	0.76420099
1579	0.75624871
1580	0.74895072
1581	0.74243474
1582	0.73680395
1583	0.73213422
1584	0.72847313
1585	0.72583967
1586	0.72422493
1587	0.72359306
1588	0.72388357
1589	0.72501296
1590	0.72687751
1591	0.72935605
1592	0.73231292
1593	0.73560143
1594	0.73906755
1595	0.74255425
1596	0.74590564
1597	0.74897188
1598	0.75161338
1599	0.75370592
1600	0.75514400
1601	0.75584477
1602	0.75575030
1603	0.75482905
1604	0.75307590
1605	0.75051159
1606	0.74717993
1607	0.74314493
1608	0.73848671
1609	0.73329741
1610	0.72767597
1611	0.72172475
1612	0.71554470
1613	0.70923227
1614	0.70287699
1615	0.69655949
1616	0.69035006
1617	0.68430835
1618	0.67848337
1619	0.67291409
1620	0.66762984
1621	0.66265184
1622	0.65799373
1623	0.65366280
1624	0.64966077
1625	0.64598459
1626	0.64262712
1627	0.63957727
1628	0.63682061
1629	0.63433927
1630	0.63211232
1631	0.63011581
1632	0.62832272
1633	0.62670362
1634	0.62522691
1635	0.62385863
1636	0.62256384
1637	0.62130648
1638	0.62005037
1639	0.61875945
1640	0.61739904
1641	0.61593562
1642	0.61433828
1643	0.61257875
1644	0.61063230
1645	0.60847783
1646	0.60609871
1647	0.60348290
1648	0.60062325
1649	0.59751803
1650	0.59417075
1651	0.59059066
1652	0.58679235
1653	0.58279598
1654	0.57862657
1655	0.57431412
1656	0.56989211
1657	0.56539750
1658	0.56086934
1659	0.55634785
1660	0.55187339
1661	0.54748547
1662	0.54322106
1663	0.53911459
1664	0.53519619
1665	0.53149122
1666	0.52801979
1667	0.52479607
1668	0.52182811
1669	0.51911807
1670	0.51666176
1671	0.51444924
1672	0.51246524
1673	0.51068920
1674	0.50909638
1675	0.50765824
1676	0.50634307
1677	0.50511640
1678	0.50394237
1679	0.50278342
1680	0.50160158
1681	0.50035876
1682	0.49901730
1683	0.49754050
1684	0.49589324
1685	0.49404240
1686	0.49195755
1687	0.48961124
1688	0.48698002
1689	0.48404476
1690	0.48079139
1691	0.47721189
1692	0.47330472
1693	0.46907562
1694	0.46453801
1695	0.45971337
1696	0.45463142
1697	0.44932958
1698	0.44385251
1699	0.43825111
1700	0.43258145
1701	0.42690328
1702	0.42127857
1703	0.41576999
1704	0.41043976
1705	0.40534815
1706	0.40055284
1707	0.39610791
1708	0.39206335
1709	0.38846475
1710	0.38535252
1711	0.38276190
1712	0.38072222
1713	0.37925646
1714	0.37838012
1715	0.37810087
1716	0.37841713
1717	0.37931696
1718	0.38077694
1719	0.38276127
1720	0.38522065
1721	0.38809165
1722	0.39129683
1723	0.39474458
1724	0.39833072
1725	0.40193960
1726	0.40544730
1727	0.40872446
1728	0.41164035
1729	0.41406712
1730	0.41588444
1731	0.41698363
1732	0.41727138
1733	0.41667312
1734	0.41513488
1735	0.41262409
1736	0.40912974
1737	0.40466124
1738	0.39924636
1739	0.39292964
1740	0.38576874
1741	0.37783352
1742	0.36920321
1743	0.35996625
1744	0.35021991
1745	0.34007111
1746	0.32963890
1747	0.31905851
1748	0.30848512
1749	0.29809999
1750	0.28811771
1751	0.27879232
1752	0.27042606
1753	0.26337504
1754	0.25805473
1755	0.25494343
1756	0.25458243
1757	0.25757337
1758	0.26457110
1759	0.27627701
1760	0.29342809
1761	0.31679469
1762	0.34718189
1763	0.38545078
1764	0.43256259
1765	0.48966232
1766	0.55821735
1767	0.64024168
1768	0.73867142
1769	0.85798961
1770	1.00535405
1771	1.19277239
1772	1.44170845
1773	1.79412663
1774	2.34369302
1775	3.34907174
1776	NaN
1777	NaN
1778	NaN
1779	NaN
1780	NaN
1781	NaN
1782	NaN
1783	NaN
1784	NaN
1785	NaN
1786	NaN
1787	NaN
1788	NaN
1789	NaN
1790	NaN
1791	NaN
1792	NaN
1793	NaN
1794	NaN
1795	NaN
1796	NaN
1797	NaN
1798	NaN
1799	NaN
1800	NaN
1801	NaN
1802	NaN
1803	NaN
1804	NaN
1805	NaN
1806	NaN
1807	NaN
1808	NaN
1809	NaN
1810	NaN
1811	NaN
1812	NaN
1813	NaN
1814	NaN
1815	NaN
1816	NaN
1817	NaN
1818	NaN
1819	NaN
1820	NaN
1821	NaN
1822	NaN
1823	NaN
1824	NaN
1825	NaN
1826	NaN
1827	NaN
1828	NaN
1829	NaN
1830	NaN
1831	NaN
1832	NaN
1833	NaN
1834	NaN
1835	NaN
1836	NaN
1837	NaN
1838	NaN
1839	NaN
1840	NaN
1841	NaN
1842	NaN
1843	NaN
1844	NaN
1845	NaN
1846	NaN
1847	NaN
1848	NaN
1849	NaN
1850	NaN
1851	NaN
1852	NaN
1853	NaN
1854	NaN
1855	NaN
1856	NaN
1857	NaN
1858	NaN
1859	NaN
1860	NaN
1861	NaN
1862	NaN
1863	2.20160103
1864	1.36022174
1865	1.11220312
1866	0.99714541
1867	0.93287718
1868	0.89322603
1869	0.86725795
1870	0.84959680
1871	0.83729470
1872	0.82860428
1873	0.82242709
1874	0.81804228
1875	0.81496137
1876	0.81284475
1877	0.81145263
1878	0.81061357
1879	0.81020451
1880	0.81013709
1881	0.81034768
1882	0.81079078
1883	0.81143385
1884	0.81225300
1885	0.81322980
1886	0.81434882
1887	0.81559515
1888	0.81695229
1889	0.81840086
1890	0.81991684
1891	0.82147044
1892	0.82302469
1893	0.82453537
1894	0.82594919
1895	0.82720459
1896	0.82823104
1897	0.82894999
1898	0.82927626
1899	0.82911962
1900	0.82838792
1901	0.82699102
1902	0.82484508
1903	0.82187831
1904	0.81803709
1905	0.81329167
1906	0.80764192
1907	0.80112183
1908	0.79380172
1909	0.78578883
1910	0.77722496
1911	0.76828104
1912	0.75915039
1913	0.75003964
1914	0.74115902
1915	0.73271281
1916	0.72489035
1917	0.71785879
1918	0.71175760
1919	0.70669478
1920	0.70274478
1921	0.69994789
1922	0.69831133
1923	0.69780999
1924	0.69838899
1925	0.69996512
1926	0.70242983
1927	0.70565128
1928	0.70947707
1929	0.71373761
1930	0.71824902
1931	0.72281796
1932	0.72724593
1933	0.73133522
1934	0.73489511
1935	0.73774904
1936	0.73974121
1937	0.74074411
1938	0.74066353
1939	0.73944390
1940	0.73707038
1941	0.73356926
1942	0.72900552
1943	0.72347862
1944	0.71711570
1945	0.71006423
1946	0.70248365
1947	0.69453734
1948	0.68638539
1949	0.67817879
1950	0.67005432
1951	0.66213214
1952	0.65451384
1953	0.64728218
1954	0.64050168
1955	0.63421983
1956	0.62846875
1957	0.62326711
1958	0.61862183
1959	0.61452997
1960	0.61098009
1961	0.60795361
1962	0.60542578
1963	0.60336667
1964	0.60174161
1965	0.60051191
1966	0.59963500
1967	0.59906501
1968	0.59875309
1969	0.59864771
1970	0.59869534
1971	0.59884095
1972	0.59902847
1973	0.59920180
1974	0.59930563
1975	0.59928578
1976	0.59909075
1977	0.59867209
1978	0.59798551
1979	0.59699130
1980	0.59565526
1981	0.59394944
1982	0.59185207
1983	0.58934867
1984	0.58643228
1985	0.58310336
1986	0.57937062
1987	0.57525074
1988	0.57076842
1989	0.56595612
1990	0.56085384
1991	0.55550855
1992	0.54997325
1993	0.54430604
1994	0.53856933
1995	0.53282791
1996	0.52714825
1997	0.52159595
1998	0.51623464
1999	0.51112401
2000	0.50631803
2001	0.50186324
2002	0.49779731
2003	0.49414808
2004	0.49093252
2005	0.48815638
2006	0.48581442
2007	0.48389068
2008	0.48235920
2009	0.48118547
2010	0.48032707
2011	0.47973564
2012	0.47935787
2013	0.47913691
2014	0.47901374
2015	0.47892824
2016	0.47882035
2017	0.47863093
2018	0.47830254
2019	0.47778067
2020	0.47701406
2021	0.47595578
2022	0.47456369
2023	0.47280157
2024	0.47063953
2025	0.46805492
2026	0.46503326
2027	0.46156847
2028	0.45766401
2029	0.45333302
2030	0.44859871
2031	0.44349441
2032	0.43806320
2033	0.43235755
2034	0.42643768
2035	0.42037091
2036	0.41422939
2037	0.40808842
2038	0.40202445
2039	0.39611283
2040	0.39042634
2041	0.38503346
2042	0.37999725
2043	0.37537482
2044	0.37121671
2045	0.36756679
2046	0.36446249
2047	0.36193478
2048	0.36000830
2049	0.35870093
2050	0.35802358
2051	0.35797909
2052	0.35856134
2053	0.35975310
2054	0.36152458
2055	0.36383140
2056	0.36661261
2057	0.36978900
2058	0.37326235
2059	0.37691513
2060	0.38061169
2061	0.38420120
2062	0.38752133
2063	0.39040402
2064	0.39268270
2065	0.39419931
2066	0.39481270
2067	0.39440462
2068	0.39288583
2069	0.39019883
2070	0.38631949
2071	0.38125497
2072	0.37504062
2073	0.36773577
2074	0.35941777
2075	0.35017738
2076	0.34011385
2077	0.32933182
2078	0.31793940
2079	0.30604926
2080	0.29377899
2081	0.28125653
2082	0.26862475
2083	0.25605014
2084	0.24373205
2085	0.23191358
2086	0.22089466
2087	0.21104582
2088	0.20282196
2089	0.19677618
2090	0.19356886
2091	0.19397339
2092	0.19887294
2093	0.20924880
2094	0.22615473
2095	0.25068438
2096	0.28393146
2097	0.32695606
2098	0.38077381
2099	0.44638219
2100	0.52485287
2101	0.61752182
2102	0.72631431
2103	0.85427755
2104	1.00647914
2105	1.19163561
2106	1.42531765
2107	1.73710454
2108	2.18915677
2109	2.93519211
2110	4.48239803
2111	NaN
2112	NaN
2113	NaN
2114	NaN
2115	NaN
2116	NaN
2117	NaN
2118	NaN
2119	NaN
2120	NaN
2121	NaN
2122	NaN
2123	NaN
2124	NaN
2125	NaN
2126	NaN
2127	NaN
2128	NaN
2129	NaN
2130	NaN
2131	NaN
2132	NaN
2133	NaN
2134	NaN
2135	NaN
2136	NaN
2137	NaN
2138	NaN
2139	NaN
2140	NaN
2141	NaN
2142	NaN
2143	NaN
2144	NaN
2145	NaN
2146	NaN
2147	NaN
2148	NaN
2149	NaN
2150	NaN
2151	NaN
2152	NaN
2153	NaN
2154	NaN
2155	NaN
2156	NaN
2157	NaN
2158	NaN
2159	NaN
2160	NaN
2161	NaN
2162	NaN
2163	NaN
2164	NaN
2165	NaN
2166	NaN
2167	NaN
2168	NaN
2169	NaN
2170	NaN
2171	NaN
2172	NaN
2173	NaN
2174	NaN
2175	NaN
2176	NaN
2177	NaN
2178	NaN
2179	NaN
2180	NaN
2181	NaN
2182	NaN
2183	NaN
2184	NaN
2185	NaN
2186	NaN
2187	NaN
2188	NaN
2189	NaN
2190	NaN
2191	NaN
2192	NaN
2193	NaN
2194	NaN
2195	NaN
2196	NaN
2197	2.18349648
2198	1.41534007
2199	1.14814115
2200	1.01595211
2201	0.93937612
2202	0.89098960
2203	0.85878754
2204	0.83667761
2205	0.82123810
2206	0.81040066
2207	0.80284256
2208	0.79768103
2209	0.79430741
2210	0.79229063
2211	0.79131919
2212	0.79116505
2213	0.79165858
2214	0.79267234
2215	0.79410964
2216	0.79589534
2217	0.79797000
2218	0.80028415
2219	0.80279493
2220	0.80546230
2221	0.80824637
2222	0.81110579
2223	0.81399548
2224	0.81686574
2225	0.81966120
2226	0.82232046
2227	0.82477570
2228	0.82695287
2229	0.82877243
2230	0.83015049
2231	0.83100069
2232	0.83123618
2233	0.83077288
2234	0.82953286
2235	0.82744879
2236	0.82446808
2237	0.82055759
2238	0.81570840
2239	0.80993861
2240	0.80329680
2241	0.79586273
2242	0.78774661
2243	0.77908605
2244	0.77004224
2245	0.76079291
2246	0.75152552
2247	0.74242920
2248	0.73368698
2249	0.72546881
2250	0.71792525
2251	0.71118331
2252	0.70534283
2253	0.70047510
2254	0.69662178
2255	0.69379610
2256	0.69198322
2257	0.69114280
2258	0.69121015
2259	0.69209945
2260	0.69370574
2261	0.69590759
2262	0.69857055
2263	0.70155007
2264	0.70469517
2265	0.70785260
2266	0.71087098
2267	0.71360528
2268	0.71592140
2269	0.71770060
2270	0.71884334
2271	0.71927267
2272	0.71893626
2273	0.71780777
2274	0.71588647
2275	0.71319616
2276	0.70978260
2277	0.70570982
2278	0.70105648
2279	0.69591105
2280	0.69036776
2281	0.68452221
2282	0.67846811
2283	0.67229396
2284	0.66608101
2285	0.65990204
2286	0.65382004
2287	0.64788878
2288	0.64215285
2289	0.63664824
2290	0.63140351
2291	0.62644094
2292	0.62177718
2293	0.61742437
2294	0.61339080
2295	0.60968137
2296	0.60629785
2297	0.60323882
2298	0.60049945
2299	0.59807128
2300	0.59594184
2301	0.59409434
2302	0.59250736
2303	0.59115487
2304	0.59000629
2305	0.58902693
2306	0.58817840
2307	0.58741939
2308	0.58670646
2309	0.58599508
2310	0.58524066
2311	0.58439928
2312	0.58342904
2313	0.58229089
2314	0.58094931
2315	0.57937324
2316	0.57753682
2317	0.57541990
2318	0.57300866
2319	0.57029575
2320	0.56728107
2321	0.56397140
2322	0.56038058
2323	0.55652922
2324	0.55244422
2325	0.54815811
2326	0.54370821
2327	0.53913569
2328	0.53448457
2329	0.52980042
2330	0.52512908
2331	0.52051580
2332	0.51600355
2333	0.51163244
2334	0.50743800
2335	0.50345099
2336	0.49969611
2337	0.49619171
2338	0.49294940
2339	0.48997408
2340	0.48726356
2341	0.48480928
2342	0.48259658
2343	0.48060504
2344	0.47880951
2345	0.47718075
2346	0.47568619
2347	0.47429085
2348	0.47295797
2349	0.47165006
2350	0.47032928
2351	0.46895829
2352	0.46750054
2353	0.46592084
2354	0.46418571
2355	0.46226388
2356	0.46012640
2357	0.45774749
2358	0.45510453
2359	0.45217919
2360	0.44895786
2361	0.44543251
2362	0.44160143
2363	0.43747020
2364	0.43305197
2365	0.42836800
2366	0.42344776
2367	0.41832811
2368	0.41305283
2369	0.40767160
2370	0.40223846
2371	0.39681023
2372	0.39144504
2373	0.38620088
2374	0.38113412
2375	0.37629852
2376	0.37174422
2377	0.36751735
2378	0.36365950
2379	0.36020756
2380	0.35719338
2381	0.35464385
2382	0.35258043
2383	0.35101870
2384	0.34996817
2385	0.34943089
2386	0.34940097
2387	0.34986344
2388	0.35079315
2389	0.35215390
2390	0.35389751
2391	0.35596353
2392	0.35827899
2393	0.36075905
2394	0.36330765
2395	0.36581963
2396	0.36818260
2397	0.37028033
2398	0.37199605
2399	0.37321591
2400	0.37383303
2401	0.37375134
2402	0.37288854
2403	0.37117806
2404	0.36857152
2405	0.36503845
2406	0.36056662
2407	0.35516053
2408	0.34883982
2409	0.34163666
2410	0.33359435
2411	0.32476503
2412	0.31520808
2413	0.30499041
2414	0.29418656
2415	0.28288114
2416	0.27117226
2417	0.25917578
2418	0.24703167
2419	0.23491129
2420	0.22302453
2421	0.21162961
2422	0.20103911
2423	0.19162826
2424	0.18383963
2425	0.17818642
2426	0.17524880
2427	0.17567033
2428	0.18014809
2429	0.18942165
2430	0.20426579
2431	0.22548446
2432	0.25392270
2433	0.29050097
2434	0.33628526
2435	0.39260897
2436	0.46128479
2437	0.54495418
2438	0.64769363
2439	0.77613401
2440	0.94165838
2441	1.16525912
2442	1.48973417
2443	2.01671648
2444	3.05811262
2445	NaN
2446	NaN
2447	NaN
2448	NaN
2449	NaN
2450	NaN
2451	NaN
2452	NaN
2453	NaN
2454	NaN
2455	NaN
2456	NaN
2457	NaN
2458	NaN
2459	NaN
2460	NaN
2461	NaN
2462	NaN
2463	NaN
2464	NaN
2465	NaN
2466	NaN
2467	NaN
2468	NaN
2469	NaN
2470	NaN
2471	NaN
2472	NaN
2473	NaN
2474	NaN
2475	NaN
2476	NaN
2477	NaN
2478	NaN
2479	NaN
2480	NaN
2481	NaN
2482	NaN
2483	NaN
2484	NaN
2485	NaN
2486	NaN
2487	NaN
2488	NaN
2489	NaN
2490	NaN
2491	NaN
2492	NaN
2493	NaN
2494	NaN
2495	NaN
2496	NaN
2497	NaN
2498	NaN
2499	NaN
2500	NaN
2501	NaN
2502	NaN
2503	NaN
2504	NaN
2505	NaN
2506	NaN
2507	NaN
2508	NaN
2509	NaN
2510	NaN
2511	NaN
2512	NaN
2513	NaN
2514	NaN
2515	NaN
2516	NaN
2517	NaN
2518	NaN
2519	NaN
2520	NaN
2521	NaN
2522	NaN
2523	NaN
2524	NaN
2525	NaN
2526	NaN
2527	NaN
2528	NaN
2529	NaN
2530	NaN
2531	NaN
2532	NaN
2533	NaN
2534	NaN
2535	2.29806399
2536	1.37482595
2537	1.09898019
2538	0.97011799
2539	0.89764935
2540	0.85256845
2541	0.82272577
2542	0.80214405
2543	0.78754741
2544	0.77699620
2545	0.76927519
2546	0.76358956
2547	0.75940162
2548	0.75633848
2549	0.75413680
2550	0.75260717
2551	0.75161237
2552	0.75105166
2553	0.75085020
2554	0.75095117
2555	0.75131041
2556	0.75189143
2557	0.75266242
2558	0.75359339
2559	0.75465405
2560	0.75581175
2561	0.75703073
2562	0.75827074
2563	0.75948626
2564	0.76062679
2565	0.76163644
2566	0.76245427
2567	0.76301497
2568	0.76325071
2569	0.76309150
2570	0.76246864
2571	0.76131612
2572	0.75957447
2573	0.75719345
2574	0.75413603
2575	0.75038195
2576	0.74593014
2577	0.74080211
2578	0.73504329
2579	0.72872323
2580	0.72193456
2581	0.71479100
2582	0.70742333
2583	0.69997430
2584	0.69259369
2585	0.68543172
2586	0.67863351
2587	0.67233342
2588	0.66665053
2589	0.66168493
2590	0.65751499
2591	0.65419561
2592	0.65175742
2593	0.65020680
2594	0.64952654
2595	0.64967632
2596	0.65059429
2597	0.65219855
2598	0.65438855
2599	0.65704775
2600	0.66004533
2601	0.66323924
2602	0.66647971
2603	0.66961288
2604	0.67248529
2605	0.67494917
2606	0.67686683
2607	0.67811710
2608	0.67859912
2609	0.67823744
2610	0.67698491
2611	0.67482436
2612	0.67176902
2613	0.66786104
2614	0.66316795
2615	0.65777898
2616	0.65179902
2617	0.64534336
2618	0.63853180
2619	0.63148361
2620	0.62431300
2621	0.61712563
2622	0.61001664
2623	0.60306865
2624	0.59635162
2625	0.58992302
2626	0.58382821
2627	0.57810175
2628	0.57276815
2629	0.56784338
2630	0.56333584
2631	0.55924761
2632	0.55557513
2633	0.55231011
2634	0.54943997
2635	0.54694813
2636	0.54481423
2637	0.54301417
2638	0.54152036
2639	0.54030138
2640	0.53932226
2641	0.53854454
2642	0.53792655
2643	0.53742379
2644	0.53698951
2645	0.53657532
2646	0.53613198
2647	0.53561032
2648	0.53496242
2649	0.53414214
2650	0.53310680
2651	0.53181779
2652	0.53024143
2653	0.52835000
2654	0.52612245
2655	0.52354455
2656	0.52060980
2657	0.51731920
2658	0.51368153
2659	0.50971311
2660	0.50543779
2661	0.50088614
2662	0.49609530
2663	0.49110791
2664	0.48597136
2665	0.48073688
2666	0.47545815
2667	0.47018996
2668	0.46498698
2669	0.45990232
2670	0.45498553
2671	0.45028177
2672	0.44583005
2673	0.44166207
2674	0.43780169
2675	0.43426391
2676	0.43105501
2677	0.42817247
2678	0.42560560
2679	0.42333600
2680	0.42133880
2681	0.41958332
2682	0.41803452
2683	0.41665402
2684	0.41540083
2685	0.41423291
2686	0.41310763
2687	0.41198251
2688	0.41081616
2689	0.40956873
2690	0.40820223
2691	0.40668139
2692	0.40497395
2693	0.40305120
2694	0.40088844
2695	0.39846572
2696	0.39576805
2697	0.39278626
2698	0.38951710
2699	0.38596356
2700	0.38213539
2701	0.37804884
2702	0.37372681
2703	0.36919847
2704	0.36449882
2705	0.35966763
2706	0.35474944
2707	0.34979144
2708	0.34484303
2709	0.33995438
2710	0.33517528
2711	0.33055413
2712	0.32613686
2713	0.32196644
2714	0.31808197
2715	0.31451884
2716	0.31130785
2717	0.30847561
2718	0.30604422
2719	0.30403128
2720	0.30244952
2721	0.30130672
2722	0.30060506
2723	0.30034050
2724	0.30050194
2725	0.30107027
2726	0.30201730
2727	0.30330461
2728	0.30488256
2729	0.30669013
2730	0.30865392
2731	0.31068897
2732	0.31269979
2733	0.31458199
2734	0.31622559
2735	0.31751847
2736	0.31835073
2737	0.31861937
2738	0.31823334
2739	0.31711730
2740	0.31521508
2741	0.31249219
2742	0.30893594
2743	0.30455562
2744	0.29938057
2745	0.29345754
2746	0.28684840
2747	0.27962691
2748	0.27187657
2749	0.26368874
2750	0.25516263
2751	0.24640535
2752	0.23753461
2753	0.22868222
2754	0.21999867
2755	0.21166036
2756	0.20387711
2757	0.19690196
2758	0.19103988
2759	0.18665962
2760	0.18420289
2761	0.18419516
2762	0.18725115
2763	0.19407922
2764	0.20548056
2765	0.22234029
2766	0.24561532
2767	0.27631354
2768	0.31547427
2769	0.36415428
2770	0.42343166
2771	0.49444541
2772	0.57849050
2773	0.67720652
2774	0.79289985
2775	0.92908531
2776	1.09143186
2777	1.28946209
2778	1.53994823
2779	1.87447214
2780	2.35872841
2781	3.15319800
2782	4.77552509
2783	NaN
2784	NaN
2785	NaN
2786	NaN
2787	NaN
2788	NaN
2789	NaN
2790	NaN
2791	NaN
2792	NaN
2793	NaN
2794	NaN
2795	NaN
2796	NaN
2797	NaN
2798	NaN
2799	NaN
2800	NaN
2801	NaN
2802	NaN
2803	NaN
2804	NaN
2805	NaN
2806	NaN
2807	NaN
2808	NaN
2809	NaN
2810	NaN
2811	NaN
2812	NaN
2813	NaN
2814	NaN
2815	NaN
2816	NaN
2817	NaN
2818	NaN
2819	NaN
2820	NaN
2821	NaN
2822	NaN
2823	NaN
2824	NaN
2825	NaN
2826	NaN
2827	NaN
2828	NaN
2829	NaN
2830	NaN
2831	NaN
2832	NaN
2833	NaN
2834	NaN
2835	NaN
2836	NaN
2837	NaN
2838	NaN
2839	NaN
2840	NaN
2841	NaN
2842	NaN
2843	NaN
2844	NaN
2845	NaN
2846	NaN
2847	NaN
2848	NaN
2849	NaN
2850	NaN
2851	NaN
2852	NaN
2853	NaN
2854	NaN
2855	NaN
2856	NaN
2857	3.74798656
2858	1.64534616
2859	1.25559747
2860	1.09048903
2861	0.99901932
2862	0.94094437
2863	0.90094090
2864	0.87188673
2865	0.85001189
2866	0.83312762
2867	0.81987059
2868	0.80934519
2869	0.80093688
2870	0.79420829
2871	0.78883946
2872	0.78459054
2873	0.78127784
2874	0.77875769
2875	0.77691609
2876	0.77566010
2877	0.77491271
2878	0.77460796
2879	0.77468735
2880	0.77509749
2881	0.77578741
2882	0.77670687
2883	0.77780509
2884	0.77902907
2885	0.78032351
2886	0.78162932
2887	0.78288394
2888	0.78402084
2889	0.78497016
2890	0.78565913
2891	0.78601348
2892	0.78595918
2893	0.78542393
2894	0.78434014
2895	0.78264815
2896	0.78029829
2897	0.77725524
2898	0.77350050
2899	0.76903516
2900	0.76388246
2901	0.75808841
2902	0.75172240
2903	0.74487543
2904	0.73765796
2905	0.73019594
2906	0.72262621
2907	0.71509087
2908	0.70773166
2909	0.70068461
2910	0.69407493
2911	0.68801236
2912	0.68258828
2913	0.67787290
2914	0.67391360
2915	0.67073494
2916	0.66833842
2917	0.66670293
2918	0.66578698
2919	0.66552973
2920	0.66585326
2921	0.66666549
2922	0.66786242
2923	0.66933149
2924	0.67095512
2925	0.67261410
2926	0.67419112
2927	0.67557514
2928	0.67666447
2929	0.67737025
2930	0.67761916
2931	0.67735511
2932	0.67654109
2933	0.67515892
2934	0.67320883
2935	0.67070812
2936	0.66768885
2937	0.66419530
2938	0.66028100
2939	0.65600568
2940	0.65143210
2941	0.64662385
2942	0.64164269
2943	0.63654685
2944	0.63138986
2945	0.62621921
2946	0.62107670
2947	0.61599773
2948	0.61101186
2949	0.60614318
2950	0.60141093
2951	0.59683025
2952	0.59241265
2953	0.58816671
2954	0.58409870
2955	0.58021277
2956	0.57651156
2957	0.57299626
2958	0.56966633
2959	0.56652021
2960	0.56355464
2961	0.56076473
2962	0.55814391
2963	0.55568361
2964	0.55337298
2965	0.55119896
2966	0.54914635
2967	0.54719710
2968	0.54533100
2969	0.54352564
2970	0.54175657
2971	0.53999776
2972	0.53822219
2973	0.53640270
2974	0.53451228
2975	0.53252518
2976	0.53041780
2977	0.52816898
2978	0.52576137
2979	0.52318144
2980	0.52042013
2981	0.51747334
2982	0.51434201
2983	0.51103199
2984	0.50755435
2985	0.50392467
2986	0.50016290
2987	0.49629280
2988	0.49234119
2989	0.48833725
2990	0.48431149
2991	0.48029494
2992	0.47631815
2993	0.47240993
2994	0.46859676
2995	0.46490172
2996	0.46134391
2997	0.45793802
2998	0.45469368
2999	0.45161587
3000	0.44870469
3001	0.44595560
3002	0.44336000
3003	0.44090569
3004	0.43857735
3005	0.43635729
3006	0.43422619
3007	0.43216351
3008	0.43014851
3009	0.42816055
3010	0.42617974
3011	0.42418748
3012	0.42216679
3013	0.42010248
3014	0.41798154
3015	0.41579324
3016	0.41352895
3017	0.41118240
3018	0.40874943
3019	0.40622780
3020	0.40361741
3021	0.40091971
3022	0.39813796
3023	0.39527687
3024	0.39234266
3025	0.38934249
3026	0.38628474
3027	0.38317859
3028	0.38003352
3029	0.37685969
3030	0.37366721
3031	0.37046617
3032	0.36726680
3033	0.36407933
3034	0.36091423
3035	0.35778248
3036	0.35469586
3037	0.35166734
3038	0.34871152
3039	0.34584442
3040	0.34308365
3041	0.34044814
3042	0.33795720
3043	0.33562979
3044	0.33348322
3045	0.33153179
3046	0.32978585
3047	0.32825068
3048	0.32692525
3049	0.32580170
3050	0.32486454
3051	0.32409066
3052	0.32344908
3053	0.32290137
3054	0.32240206
3055	0.32189989
3056	0.32133898
3057	0.32066050
3058	0.31980440
3059	0.31871155
3060	0.31732550
3061	0.31559515
3062	0.31347573
3063	0.31093103
3064	0.30793399
3065	0.30446753
3066	0.30052528
3067	0.29611045
3068	0.29123613
3069	0.28592369
3070	0.28020304
3071	0.27411062
3072	0.26768976
3073	0.26098999
3074	0.25406733
3075	0.24698545
3076	0.23981568
3077	0.23263940
3078	0.22554930
3079	0.21865165
3080	0.21206859
3081	0.20593971
3082	0.20042437
3083	0.19570322
3084	0.19197890
3085	0.18947566
3086	0.18843798
3087	0.18912855
3088	0.19182298
3089	0.19680606
3090	0.20436403
3091	0.21477871
3092	0.22832103
3093	0.24524908
3094	0.26580557
3095	0.29022413
3096	0.31873971
3097	0.35160902
3098	0.38914323
3099	0.43174967
3100	0.47999686
3101	0.53471130
3102	0.59711790
3103	0.66907185
3104	0.75344712
3105	0.85484034
3106	0.98094225
3107	1.14549112
3108	1.37536812
3109	1.73084927
3110	2.38018751
3111	NaN
3112	NaN
3113	NaN
3114	NaN
3115	NaN
3116	NaN
3117	NaN
3118	NaN
3119	NaN
3120	NaN
3121	NaN
3122	NaN
3123	NaN
3124	NaN
3125	NaN
3126	NaN
3127	NaN
3128	NaN
3129	NaN
3130	NaN
3131	NaN
3132	NaN
3133	NaN
3134	NaN
3135	NaN
3136	NaN
3137	NaN
3138	NaN
3139	NaN
3140	NaN
3141	NaN
3142	NaN
3143	NaN
3144	NaN
3145	NaN
3146	NaN
3147	NaN
3148	NaN
3149	NaN
3150	NaN
3151	NaN
3152	NaN
3153	NaN
3154	NaN
3155	NaN
3156	NaN
3157	NaN
3158	NaN
3159	NaN
3160	NaN
3161	NaN
3162	NaN
3163	NaN
3164	NaN
3165	NaN
3166	NaN
3167	NaN
3168	NaN
3169	NaN
3170	NaN
3171	NaN
3172	NaN
3173	NaN
3174	NaN
3175	NaN
3176	NaN
3177	NaN
3178	NaN
3179	NaN
3180	NaN
3181	NaN
3182	NaN
3183	NaN
3184	NaN
3185	NaN
3186	3.53094602
3187	1.61758184
3188	1.21912670
3189	1.04961848
3190	0.95736200
3191	0.90030748
3192	0.86215365
3193	0.83526176
3194	0.81557995
3195	0.80076152
3196	0.78935575
3197	0.78042096
3198	0.77332103
3199	0.76761335
3200	0.76298350
3201	0.75920320
3202	0.75610518
3203	0.75356561
3204	0.75149214
3205	0.74981523
3206	0.74848253
3207	0.74745339
3208	0.74669576
3209	0.74618280
3210	0.74589068
3211	0.74579632
3212	0.74587595
3213	0.74610353
3214	0.74644923
3215	0.74687910
3216	0.74735379
3217	0.74782789
3218	0.74825037
3219	0.74856389
3220	0.74870569
3221	0.74860811
3222	0.74820036
3223	0.74741006
3224	0.74616605
3225	0.74440116
3226	0.74205607
3227	0.73908347
3228	0.73545182
3229	0.73114967
3230	0.72618884
3231	0.72060692
3232	0.71446830
3233	0.70786351
3234	0.70090681
3235	0.69373244
3236	0.68648863
3237	0.67933148
3238	0.67241770
3239	0.66589779
3240	0.65990949
3241	0.65457267
3242	0.64998490
3243	0.64621878
3244	0.64332074
3245	0.64130992
3246	0.64017969
3247	0.63989830
3248	0.64041066
3249	0.64164066
3250	0.64349347
3251	0.64585751
3252	0.64860773
3253	0.65160799
3254	0.65471411
3255	0.65777767
3256	0.66064936
3257	0.66318351
3258	0.66524291
3259	0.66670287
3260	0.66745657
3261	0.66741961
3262	0.66653317
3263	0.66476709
3264	0.66212094
3265	0.65862346
3266	0.65433073
3267	0.64932251
3268	0.64369720
3269	0.63756645
3270	0.63104922
3271	0.62426621
3272	0.61733478
3273	0.61036515
3274	0.60345656
3275	0.59669656
3276	0.59015930
3277	0.58390558
3278	0.57798356
3279	0.57242978
3280	0.56727004
3281	0.56252128
3282	0.55819219
3283	0.55428487
3284	0.55079532
3285	0.54771459
3286	0.54502916
3287	0.54272121
3288	0.54076916
3289	0.53914750
3290	0.53782701
3291	0.53677487
3292	0.53595459
3293	0.53532648
3294	0.53484744
3295	0.53447175
3296	0.53415138
3297	0.53383666
3298	0.53347683
3299	0.53302139
3300	0.53242040
3301	0.53162640
3302	0.53059494
3303	0.52928579
3304	0.52766436
3305	0.52570248
3306	0.52337909
3307	0.52068120
3308	0.51760423
3309	0.51415235
3310	0.51033860
3311	0.50618440
3312	0.50171947
3313	0.49698117
3314	0.49201369
3315	0.48686677
3316	0.48159504
3317	0.47625637
3318	0.47091043
3319	0.46561742
3320	0.46043631
3321	0.45542333
3322	0.45063034
3323	0.44610333
3324	0.44188109
3325	0.43799388
3326	0.43446279
3327	0.43129879
3328	0.42850292
3329	0.42606601
3330	0.42396945
3331	0.42218572
3332	0.42067963
3333	0.41940951
3334	0.41832864
3335	0.41738638
3336	0.41653007
3337	0.41570610
3338	0.41486129
3339	0.41394395
3340	0.41290519
3341	0.41169962
3342	0.41028610
3343	0.40862870
3344	0.40669703
3345	0.40446681
3346	0.40192023
3347	0.39904648
3348	0.39584154
3349	0.39230868
3350	0.38845795
3351	0.38430640
3352	0.37987760
3353	0.37520120
3354	0.37031242
3355	0.36525136
3356	0.36006230
3357	0.35479271
3358	0.34949228
3359	0.34421179
3360	0.33900231
3361	0.33391377
3362	0.32899415
3363	0.32428861
3364	0.31983879
3365	0.31568199
3366	0.31185144
3367	0.30837545
3368	0.30527756
3369	0.30257705
3370	0.30028841
3371	0.29842162
3372	0.29698196
3373	0.29596996
3374	0.29538098
3375	0.29520425
3376	0.29542264
3377	0.29601133
3378	0.29693684
3379	0.29815641
3380	0.29961669
3381	0.30125371
3382	0.30299249
3383	0.30474794
3384	0.30642611
3385	0.30792612
3386	0.30914339
3387	0.30997270
3388	0.31031242
3389	0.31006885
3390	0.30915955
3391	0.30751702
3392	0.30509105
3393	0.30185026
3394	0.29778203
3395	0.29289213
3396	0.28720304
3397	0.28075206
3398	0.27358863
3399	0.26577204
3400	0.25737011
3401	0.24845681
3402	0.23911284
3403	0.22942464
3404	0.21948619
3405	0.20940076
3406	0.19928397
3407	0.18926798
3408	0.17950559
3409	0.17017601
3410	0.16149077
3411	0.15369906
3412	0.14709552
3413	0.14202231
3414	0.13887464
3415	0.13810144
3416	0.14020461
3417	0.14573169
3418	0.15526807
3419	0.16942544
3420	0.18882683
3421	0.21409880
3422	0.24586523
3423	0.28476536
3424	0.33149457
3425	0.38688955
3426	0.45207384
3427	0.52870780
3428	0.61940885
3429	0.72848326
3430	0.86332941
3431	1.03733802
3432	1.27676499
3433	1.63985920
3434	2.28469968
3435	NaN
3436	NaN
3437	NaN
3438	NaN
3439	NaN
3440	NaN
3441	NaN
3442	NaN
3443	NaN
3444	NaN
3445	NaN
3446	NaN
3447	NaN
3448	NaN
3449	NaN
3450	NaN
3451	NaN
3452	NaN
3453	NaN
3454	NaN
3455	NaN
3456	NaN
3457	NaN
3458	NaN
3459	NaN
3460	NaN
3461	NaN
3462	NaN
3463	NaN
3464	NaN
3465	NaN
3466	NaN
3467	NaN
3468	NaN
3469	NaN
3470	NaN
3471	NaN
3472	NaN
3473	NaN
3474	NaN
3475	NaN
3476	NaN
3477	NaN
3478	NaN
3479	NaN
3480	NaN
3481	NaN
3482	NaN
3483	NaN
3484	NaN
3485	NaN
3486	NaN
3487	NaN
3488	NaN
3489	NaN
3490	NaN
3491	NaN
3492	NaN
3493	NaN
3494	NaN
3495	NaN
3496	NaN
3497	NaN
3498	NaN
3499	NaN
3500	NaN
3501	NaN
3502	NaN
3503	NaN
3504	NaN
3505	NaN
3506	NaN
3507	NaN
3508	NaN
3509	NaN
3510	NaN
3511	NaN
3512	NaN
3513	NaN
3514	1.68423367
3515	1.21050966
3516	1.03089237
3517	0.93751383
3518	0.88110894
3519	0.84397042
3520	0.81816256
3521	0.79959142
3522	0.78592885
3523	0.77575052
3524	0.76813525
3525	0.76245999
3526	0.75828886
3527	0.75530726
3528	0.75328332
3529	0.75204194
3530	0.75144893
3531	0.75139958
3532	0.75181007
3533	0.75261152
3534	0.75374591
3535	0.75516200
3536	0.75681245
3537	0.75865179
3538	0.76063418
3539	0.76271206
3540	0.76483488
3541	0.76694834
3542	0.76899350
3543	0.77090704
3544	0.77262098
3545	0.77406305
3546	0.77515781
3547	0.77582783
3548	0.77599537
3549	0.77558529
3550	0.77452719
3551	0.77275896
3552	0.77023077
3553	0.76690823
3554	0.76277596
3555	0.75784117
3556	0.75213569
3557	0.74571735
3558	0.73866975
3559	0.73110086
3560	0.72314018
3561	0.71493405
3562	0.70664012
3563	0.69842130
3564	0.69043934
3565	0.68284851
3566	0.67579031
3567	0.66938859
3568	0.66374600
3569	0.65894157
3570	0.65502906
3571	0.65203673
3572	0.64996731
3573	0.64879906
3574	0.64848697
3575	0.64896452
3576	0.65014583
3577	0.65192801
3578	0.65419364
3579	0.65681392
3580	0.65965194
3581	0.66256648
3582	0.66541564
3583	0.66806155
3584	0.67037439
3585	0.67223668
3586	0.67354727
3587	0.67422432
3588	0.67420840
3589	0.67346317
3590	0.67197639
3591	0.66975862
3592	0.66684198
3593	0.66327679
3594	0.65912837
3595	0.65447342
3596	0.64939588
3597	0.64398313
3598	0.63832283
3599	0.63249993
3600	0.62659395
3601	0.62067819
3602	0.61481786
3603	0.60906988
3604	0.60348272
3605	0.59809643
3606	0.59294325
3607	0.58804798
3608	0.58342868
3609	0.57909733
3610	0.57506025
3611	0.57131875
3612	0.56786942
3613	0.56470454
3614	0.56181228
3615	0.55917728
3616	0.55678046
3617	0.55459964
3618	0.55261004
3619	0.55078435
3620	0.54909331
3621	0.54750639
3622	0.54599208
3623	0.54451829
3624	0.54305327
3625	0.54156584
3626	0.54002559
3627	0.53840405
3628	0.53667456
3629	0.53481299
3630	0.53279799
3631	0.53061140
3632	0.52823859
3633	0.52566886
3634	0.52289546
3635	0.51991570
3636	0.51673138
3637	0.51334858
3638	0.50977778
3639	0.50603372
3640	0.50213522
3641	0.49810523
3642	0.49397013
3643	0.48975924
3644	0.48550442
3645	0.48123911
3646	0.47699746
3647	0.47281355
3648	0.46871990
3649	0.46474695
3650	0.46092165
3651	0.45726663
3652	0.45379958
3653	0.45053259
3654	0.44747174
3655	0.44461712
3656	0.44196317
3657	0.43949863
3658	0.43720761
3659	0.43506989
3660	0.43306190
3661	0.43115741
3662	0.42932844
3663	0.42754593
3664	0.42578053
3665	0.42400324
3666	0.42218584
3667	0.42030147
3668	0.41832513
3669	0.41623369
3670	0.41400641
3671	0.41162512
3672	0.40907428
3673	0.40634117
3674	0.40341604
3675	0.40029255
3676	0.39696765
3677	0.39344198
3678	0.38972005
3679	0.38581070
3680	0.38172668
3681	0.37748525
3682	0.37310782
3683	0.36861983
3684	0.36405024
3685	0.35943133
3686	0.35479790
3687	0.35018656
3688	0.34563535
3689	0.34118283
3690	0.33686727
3691	0.33272618
3692	0.32879570
3693	0.32510972
3694	0.32169950
3695	0.31859306
3696	0.31581461
3697	0.31338418
3698	0.31131709
3699	0.30962363
3700	0.30830824
3701	0.30736962
3702	0.30679989
3703	0.30658424
3704	0.30670053
3705	0.30711868
3706	0.30780050
3707	0.30869952
3708	0.30976039
3709	0.31091967
3710	0.31210586
3711	0.31324109
3712	0.31424144
3713	0.31501999
3714	0.31548861
3715	0.31556055
3716	0.31515399
3717	0.31419444
3718	0.31261781
3719	0.31037253
3720	0.30742204
3721	0.30374524
3722	0.29933730
3723	0.29420930
3724	0.28838724
3725	0.28191078
3726	0.27483201
3727	0.26721323
3728	0.25912678
3729	0.25065336
3730	0.24188292
3731	0.23291409
3732	0.22385617
3733	0.21483080
3734	0.20597491
3735	0.19744369
3736	0.18941437
3737	0.18209037
3738	0.17570595
3739	0.17053071
3740	0.16687275
3741	0.16508332
3742	0.16555877
3743	0.16874263
3744	0.17512812
3745	0.18525685
3746	0.19972116
3747	0.21916592
3748	0.24429852
3749	0.27590111
3750	0.31486103
3751	0.36222067
3752	0.41926140
3753	0.48763925
3754	0.56960946
3755	0.66839415
3756	0.78881890
3757	0.93845981
3758	1.12987268
3759	1.38532078
3760	1.74806690
3761	2.31420088
3762	3.34730244
3763	NaN
3764	NaN
3765	NaN
3766	NaN
3767	NaN
3768	NaN
3769	NaN
3770	NaN
3771	NaN
3772	NaN
3773	NaN
3774	NaN
3775	NaN
3776	NaN
3777	NaN
3778	NaN
3779	NaN
3780	NaN
3781	NaN
3782	NaN
3783	NaN
3784	NaN
3785	NaN
3786	NaN
3787	NaN
3788	NaN
3789	NaN
3790	NaN
3791	NaN
3792	NaN
3793	NaN
3794	NaN
3795	NaN
3796	NaN
3797	NaN
3798	NaN
3799	NaN
3800	NaN
3801	NaN
3802	NaN
3803	NaN
3804	NaN
3805	NaN
3806	NaN
3807	NaN
3808	NaN
3809	NaN
3810	NaN
3811	NaN
3812	NaN
3813	NaN
3814	NaN
3815	NaN
3816	NaN
3817	NaN
3818	NaN
3819	NaN
3820	NaN
3821	NaN
3822	NaN
3823	NaN
3824	NaN
3825	NaN
3826	NaN
3827	NaN
3828	NaN
3829	NaN
3830	NaN
3831	NaN
3832	NaN
3833	NaN
3834	NaN
3835	NaN
3836	NaN
3837	1.88226664
3838	1.28630352
3839	1.08183110
3840	0.97933137
3841	0.91820437
3842	0.87787992
3843	0.84945899
3844	0.82847071
3845	0.81242615
3846	0.79983097
3847	0.78973585
3848	0.78150994
3849	0.77471918
3850	0.76905602
3851	0.76429874
3852	0.76028365
3853	0.75688893
3854	0.75402290
3855	0.75161541
3856	0.74961233
3857	0.74797106
3858	0.74665672
3859	0.74563992
3860	0.74489439
3861	0.74439484
3862	0.74411601
3863	0.74403101
3864	0.74411082
3865	0.74432325
3866	0.74463242
3867	0.74499834
3868	0.74537700
3869	0.74572051
3870	0.74597704
3871	0.74609208
3872	0.74600893
3873	0.74567032
3874	0.74501961
3875	0.74400336
3876	0.74257284
3877	0.74068725
3878	0.73831546
3879	0.73543894
3880	0.73205405
3881	0.72817367
3882	0.72382796
3883	0.71906507
3884	0.71394998
3885	0.70856255
3886	0.70299542
3887	0.69734961
3888	0.69173121
3889	0.68624681
3890	0.68099874
3891	0.67608184
3892	0.67157912
3893	0.66755933
3894	0.66407466
3895	0.66115934
3896	0.65882868
3897	0.65707976
3898	0.65589124
3899	0.65522504
3900	0.65502769
3901	0.65523177
3902	0.65575838
3903	0.65651959
3904	0.65742087
3905	0.65836370
3906	0.65924877
3907	0.65997881
3908	0.66046160
3909	0.66061324
3910	0.66036069
3911	0.65964425
3912	0.65841997
3913	0.65666109
3914	0.65435845
3915	0.65152121
3916	0.64817488
3917	0.64436036
3918	0.64013106
3919	0.63555002
3920	0.63068622
3921	0.62561154
3922	0.62039727
3923	0.61511129
3924	0.60981596
3925	0.60456634
3926	0.59940928
3927	0.59438288
3928	0.58951694
3929	0.58483350
3930	0.58034748
3931	0.57606798
3932	0.57199955
3933	0.56814295
3934	0.56449652
3935	0.56105679
3936	0.55781913
3937	0.55477840
3938	0.55192876
3939	0.54926383
3940	0.54677641
3941	0.54445839
3942	0.54229999
3943	0.54028940
3944	0.53841257
3945	0.53665268
3946	0.53498971
3947	0.53340101
3948	0.53186065
3949	0.53034014
3950	0.52880907
3951	0.52723545
3952	0.52558672
3953	0.52383095
3954	0.52193773
3955	0.51987886
3956	0.51763022
3957	0.51517159
3958	0.51248825
3959	0.50957108
3960	0.50641710
3961	0.50302964
3962	0.49941841
3963	0.49559909
3964	0.49159321
3965	0.48742744
3966	0.48313290
3967	0.47874433
3968	0.47429904
3969	0.46983606
3970	0.46539468
3971	0.46101359
3972	0.45672950
3973	0.45257619
3974	0.44858363
3975	0.44477683
3976	0.44117564
3977	0.43779385
3978	0.43463925
3979	0.43171370
3980	0.42901313
3981	0.42652783
3982	0.42424327
3983	0.42214027
3984	0.42019585
3985	0.41838387
3986	0.41667563
3987	0.41504073
3988	0.41344774
3989	0.41186470
3990	0.41026011
3991	0.40860328
3992	0.40686503
3993	0.40501833
3994	0.40303853
3995	0.40090406
3996	0.39859667
3997	0.39610171
3998	0.39340830
3999	0.39050958
4000	0.38740271
4001	0.38408896
4002	0.38057372
4003	0.37686637
4004	0.37298045
4005	0.36893341
4006	0.36474663
4007	0.36044511
4008	0.35605744
4009	0.35161522
4010	0.34715274
4011	0.34270662
4012	0.33831498
4013	0.33401647
4014	0.32985029
4015	0.32585469
4016	0.32206684
4017	0.31852192
4018	0.31525272
4019	0.31228939
4020	0.30965891
4021	0.30738512
4022	0.30548823
4023	0.30398464
4024	0.30288655
4025	0.30220160
4026	0.30193189
4027	0.30207348
4028	0.30261543
4029	0.30353880
4030	0.30481568
4031	0.30640844
4032	0.30826890
4033	0.31033790
4034	0.31254598
4035	0.31481358
4036	0.31705281
4037	0.31916976
4038	0.32106739
4039	0.32264918
4040	0.32382318
4041	0.32450575
4042	0.32462540
4043	0.32412603
4044	0.32296816
4045	0.32113013
4046	0.31860781
4047	0.31541303
4048	0.31157231
4049	0.30712360
4050	0.30211422
4051	0.29659951
4052	0.29064041
4053	0.28430381
4054	0.27766234
4055	0.27079645
4056	0.26379511
4057	0.25676200
4058	0.24981661
4059	0.24310194
4060	0.23678941
4061	0.23108786
4062	0.22625117
4063	0.22258930
4064	0.22048008
4065	0.22038244
4066	0.22285572
4067	0.22857617
4068	0.23836592
4069	0.25322804
4070	0.27439889
4071	0.30343309
4072	0.34233671
4073	0.39379886
4074	0.46160185
4075	0.55138743
4076	0.67215323
4077	0.83945048
4078	1.08299208
4079	1.46778047
4080	2.16873550
4081	NaN
4082	NaN
4083	NaN
4084	NaN
4085	NaN
4086	NaN
4087	NaN
4088	NaN
4089	NaN
4090	NaN
4091	NaN
4092	NaN
4093	NaN
4094	NaN
4095	NaN
4096	NaN
4097	NaN
4098	NaN
4099	NaN
4100	NaN
4101	NaN
4102	NaN
4103	NaN
4104	NaN
4105	NaN
4106	NaN
4107	NaN
4108	NaN
4109	NaN
4110	NaN
4111	NaN
4112	NaN
4113	NaN
4114	NaN
4115	NaN
4116	NaN
4117	NaN
4118	NaN
4119	NaN
4120	NaN
4121	NaN
4122	NaN
4123	NaN
4124	NaN
4125	NaN
4126	NaN
4127	NaN
4128	NaN
4129	NaN
4130	NaN
4131	NaN
4132	NaN
4133	NaN
4134	NaN
4135	NaN
4136	NaN
4137	NaN
4138	NaN
4139	NaN
4140	NaN
4141	NaN
4142	NaN
4143	NaN
4144	NaN
4145	NaN
4146	NaN
4147	NaN
4148	NaN
4149	NaN
4150	NaN
4151	NaN
4152	NaN
4153	NaN
4154	NaN
4155	NaN
4156	NaN
4157	NaN
4158	NaN
4159	NaN
4160	NaN
4161	NaN
4162	NaN
4163	NaN
4164	NaN
4165	2.58932066
4166	1.44114053
4167	1.14620459
4168	1.01326203
4169	0.93890274
4170	0.89224207
4171	0.86082816
4172	0.83867544
4173	0.82255208
4174	0.81055927
4175	0.80150986
4176	0.79462463
4177	0.78937149
4178	0.78537583
4179	0.78236783
4180	0.78014839
4181	0.77856833
4182	0.77751458
4183	0.77689958
4184	0.77665430
4185	0.77672344
4186	0.77706057
4187	0.77762520
4188	0.77837992
4189	0.77928811
4190	0.78031242
4191	0.78141302
4192	0.78254652
4193	0.78366530
4194	0.78471643
4195	0.78564239
4196	0.78638029
4197	0.78686333
4198	0.78702122
4199	0.78678221
4200	0.78607500
4201	0.78483129
4202	0.78298903
4203	0.78049546
4204	0.77731085
4205	0.77341187
4206	0.76879436
4207	0.76347601
4208	0.75749791
4209	0.75092471
4210	0.74384367
4211	0.73636246
4212	0.72860587
4213	0.72071046
4214	0.71282047
4215	0.70508128
4216	0.69763398
4217	0.69061065
4218	0.68412942
4219	0.67829108
4220	0.67317611
4221	0.66884303
4222	0.66532743
4223	0.66264147
4224	0.66077483
4225	0.65969485
4226	0.65934896
4227	0.65966541
4228	0.66055614
4229	0.66191882
4230	0.66363972
4231	0.66559672
4232	0.66766292
4233	0.66971010
4234	0.67161286
4235	0.67325246
4236	0.67452067
4237	0.67532361
4238	0.67558455
4239	0.67524642
4240	0.67427313
4241	0.67265016
4242	0.67038381
4243	0.66749990
4244	0.66404110
4245	0.66006422
4246	0.65563643
4247	0.65083200
4248	0.64572865
4249	0.64040411
4250	0.63493377
4251	0.62938803
4252	0.62383085
4253	0.61831874
4254	0.61290026
4255	0.60761583
4256	0.60249841
4257	0.59757376
4258	0.59286171
4259	0.58837652
4260	0.58412820
4261	0.58012295
4262	0.57636386
4263	0.57285148
4264	0.56958359
4265	0.56655598
4266	0.56376177
4267	0.56119168
4268	0.55883378
4269	0.55667347
4270	0.55469328
4271	0.55287313
4272	0.55119020
4273	0.54961902
4274	0.54813224
4275	0.54670036
4276	0.54529268
4277	0.54387772
4278	0.54242373
4279	0.54089946
4280	0.53927493
4281	0.53752214
4282	0.53561580
4283	0.53353381
4284	0.53125829
4285	0.52877575
4286	0.52607781
4287	0.52316141
4288	0.52002937
4289	0.51668984
4290	0.51315683
4291	0.50944942
4292	0.50559163
4293	0.50161177
4294	0.49754143
4295	0.49341488
4296	0.48926798
4297	0.48513710
4298	0.48105827
4299	0.47706607
4300	0.47319251
4301	0.46946660
4302	0.46591291
4303	0.46255162
4304	0.45939735
4305	0.45645937
4306	0.45374098
4307	0.45123973
4308	0.44894749
4309	0.44685087
4310	0.44493154
4311	0.44316709
4312	0.44153151
4313	0.43999609
4314	0.43853015
4315	0.43710187
4316	0.43567923
4317	0.43423042
4318	0.43272483
4319	0.43113333
4320	0.42942891
4321	0.42758691
4322	0.42558530
4323	0.42340484
4324	0.42102936
4325	0.41844556
4326	0.41564345
4327	0.41261640
4328	0.40936127
4329	0.40587887
4330	0.40217400
4331	0.39825583
4332	0.39413819
4333	0.38983947
4334	0.38538301
4335	0.38079625
4336	0.37611097
4337	0.37136227
4338	0.36658809
4339	0.36182833
4340	0.35712403
4341	0.35251656
4342	0.34804675
4343	0.34375459
4344	0.33967820
4345	0.33585379
4346	0.33231518
4347	0.32909352
4348	0.32621670
4349	0.32370937
4350	0.32159194
4351	0.31988055
4352	0.31858599
4353	0.31771284
4354	0.31725916
4355	0.31721470
4356	0.31756097
4357	0.31827024
4358	0.31930459
4359	0.32061622
4360	0.32214698
4361	0.32382897
4362	0.32558528
4363	0.32733071
4364	0.32897425
4365	0.33042040
4366	0.33157247
4367	0.33233476
4368	0.33261597
4369	0.33233202
4370	0.33140889
4371	0.32978487
4372	0.32741240
4373	0.32425898
4374	0.32030773
4375	0.31555727
4376	0.31002057
4377	0.30372432
4378	0.29670742
4379	0.28901947
4380	0.28072080
4381	0.27188060
4382	0.26257768
4383	0.25290069
4384	0.24295007
4385	0.23283947
4386	0.22269942
4387	0.21268041
4388	0.20295879
4389	0.19374129
4390	0.18526988
4391	0.17782745
4392	0.17174120
4393	0.16738702
4394	0.16518955
4395	0.16562250
4396	0.16920686
4397	0.17650904
4398	0.18813694
4399	0.20474467
4400	0.22704031
4401	0.25580797
4402	0.29195246
4403	0.33657789
4404	0.39111274
4405	0.45752677
4406	0.53869683
4407	0.63904333
4408	0.76573211
4409	0.93110001
4410	1.15812647
4411	1.49461257
4412	2.05827188
4413	3.23605180
4414	NaN
4415	NaN
4416	NaN
4417	NaN
4418	NaN
4419	NaN
4420	NaN
4421	NaN
4422	NaN
4423	NaN
4424	NaN
4425	NaN
4426	NaN
4427	NaN
4428	NaN
4429	NaN
4430	NaN
4431	NaN
4432	NaN
4433	NaN
4434	NaN
4435	NaN
4436	NaN
4437	NaN
4438	NaN
4439	NaN
4440	NaN
4441	NaN
4442	NaN
4443	NaN
4444	NaN
4445	NaN
4446	NaN
4447	NaN
4448	NaN
4449	NaN
4450	NaN
4451	NaN
4452	NaN
4453	NaN
4454	NaN
4455	NaN
4456	NaN
4457	NaN
4458	NaN
4459	NaN
4460	NaN
4461	NaN
4462	NaN
4463	NaN
4464	NaN
4465	NaN
4466	NaN
4467	NaN
4468	NaN
4469	NaN
4470	NaN
4471	NaN
4472	NaN
4473	NaN
4474	NaN
4475	NaN
4476	NaN
4477	NaN
4478	NaN
4479	NaN
4480	NaN
4481	NaN
4482	NaN
4483	NaN
4484	NaN
4485	NaN
4486	1.88317192
4487	1.33933008
4488	1.13320661
4489	1.02632594
4490	0.96173263
4491	0.91892970
4492	0.88875091
4493	0.86649507
4494	0.84950918
4495	0.83618790
4496	0.82550734
4497	0.81678545
4498	0.80955380
4499	0.80348134
4500	0.79832971
4501	0.79392374
4502	0.79013413
4503	0.78686357
4504	0.78403878
4505	0.78160411
4506	0.77951711
4507	0.77774495
4508	0.77626157
4509	0.77504522
4510	0.77407700
4511	0.77333838
4512	0.77281010
4513	0.77247071
4514	0.77229518
4515	0.77225411
4516	0.77231294
4517	0.77243102
4518	0.77256185
4519	0.77265280
4520	0.77264595
4521	0.77247864
4522	0.77208537
4523	0.77139932
4524	0.77035517
4525	0.76889163
4526	0.76695478
4527	0.76450133
4528	0.76150250
4529	0.75794607
4530	0.75383943
4531	0.74921137
4532	0.74411154
4533	0.73861051
4534	0.73279738
4535	0.72677618
4536	0.72066218
4537	0.71457684
4538	0.70864290
4539	0.70297885
4540	0.69769484
4541	0.69288808
4542	0.68863970
4543	0.68501228
4544	0.68204790
4545	0.67976755
4546	0.67817062
4547	0.67723554
4548	0.67692107
4549	0.67716718
4550	0.67789710
4551	0.67901969
4552	0.68043178
4553	0.68202084
4554	0.68366826
4555	0.68525285
4556	0.68665433
4557	0.68775725
4558	0.68845505
4559	0.68865383
4560	0.68827647
4561	0.68726540
4562	0.68558532
4563	0.68322450
4564	0.68019557
4565	0.67653358
4566	0.67229480
4567	0.66755247
4568	0.66239309
4569	0.65691161
4570	0.65120655
4571	0.64537555
4572	0.63951129
4573	0.63369876
4574	0.62801224
4575	0.62251449
4576	0.61725610
4577	0.61227536
4578	0.60759926
4579	0.60324436
4580	0.59921807
4581	0.59552002
4582	0.59214348
4583	0.58907664
4584	0.58630335
4585	0.58380449
4586	0.58155835
4587	0.57954144
4588	0.57772893
4589	0.57609487
4590	0.57461232
4591	0.57325405
4592	0.57199222
4593	0.57079893
4594	0.56964582
4595	0.56850487
4596	0.56734788
4597	0.56614709
4598	0.56487489
4599	0.56350428
4600	0.56200886
4601	0.56036347
4602	0.55854428
4603	0.55652976
4604	0.55430096
4605	0.55184227
4606	0.54914236
4607	0.54619449
4608	0.54299736
4609	0.53955531
4610	0.53587854
4611	0.53198314
4612	0.52789098
4613	0.52362895
4614	0.51922852
4615	0.51472503
4616	0.51015681
4617	0.50556380
4618	0.50098705
4619	0.49646750
4620	0.49204475
4621	0.48775622
4622	0.48363584
4623	0.47971338
4624	0.47601330
4625	0.47255394
4626	0.46934718
4627	0.46639776
4628	0.46370336
4629	0.46125454
4630	0.45903540
4631	0.45702377
4632	0.45519242
4633	0.45350975
4634	0.45194066
4635	0.45044789
4636	0.44899285
4637	0.44753656
4638	0.44604075
4639	0.44446826
4640	0.44278416
4641	0.44095612
4642	0.43895501
4643	0.43675521
4644	0.43433529
4645	0.43167812
4646	0.42877126
4647	0.42560723
4648	0.42218393
4649	0.41850445
4650	0.41457745
4651	0.41041705
4652	0.40604272
4653	0.40147889
4654	0.39675471
4655	0.39190337
4656	0.38696149
4657	0.38196817
4658	0.37696427
4659	0.37199143
4660	0.36709121
4661	0.36230439
4662	0.35766998
4663	0.35322478
4664	0.34900284
4665	0.34503523
4666	0.34134966
4667	0.33797047
4668	0.33491865
4669	0.33221173
4670	0.32986400
4671	0.32788596
4672	0.32628444
4673	0.32506222
4674	0.32421705
4675	0.32374129
4676	0.32362074
4677	0.32383391
4678	0.32435086
4679	0.32513285
4680	0.32613146
4681	0.32728869
4682	0.32853726
4683	0.32980129
4684	0.33099824
4685	0.33204040
4686	0.33283788
4687	0.33330140
4688	0.33334562
4689	0.33289266
4690	0.33187518
4691	0.33023891
4692	0.32794476
4693	0.32497033
4694	0.32130995
4695	0.31697425
4696	0.31198910
4697	0.30639350
4698	0.30023837
4699	0.29358333
4700	0.28649607
4701	0.27905014
4702	0.27132556
4703	0.26340792
4704	0.25539076
4705	0.24737741
4706	0.23948434
4707	0.23184577
4708	0.22461836
4709	0.21798636
4710	0.21216843
4711	0.20742314
4712	0.20405594
4713	0.20242399
4714	0.20294194
4715	0.20608656
4716	0.21240105
4717	0.22250102
4718	0.23708034
4719	0.25692719
4720	0.28294659
4721	0.31620911
4722	0.35802835
4723	0.41010645
4724	0.47477680
4725	0.55544531
4726	0.65738797
4727	0.78931993
4728	0.96674216
4729	1.21993935
4730	1.61661804
4731	2.34418392
4732	NaN
4733	NaN
4734	NaN
4735	NaN
4736	NaN
4737	NaN
4738	NaN
4739	NaN
4740	NaN
4741	NaN
4742	NaN
4743	NaN
4744	NaN
4745	NaN
4746	NaN
4747	NaN
4748	NaN
4749	NaN
4750	NaN
4751	NaN
4752	NaN
4753	NaN
4754	NaN
4755	NaN
4756	NaN
4757	NaN
4758	NaN
4759	NaN
4760	NaN
4761	NaN
4762	NaN
4763	NaN
4764	NaN
4765	NaN
4766	NaN
4767	NaN
4768	NaN
4769	NaN
4770	NaN
4771	NaN
4772	NaN
4773	NaN
4774	NaN
4775	NaN
4776	NaN
4777	NaN
4778	NaN
4779	NaN
4780	NaN
4781	NaN
4782	NaN
4783	NaN
4784	NaN
4785	NaN
4786	NaN
4787	NaN
4788	NaN
4789	NaN
4790	NaN
4791	NaN
4792	NaN
4793	NaN
4794	NaN
4795	NaN
4796	NaN
4797	NaN
4798	NaN
4799	NaN
4800	NaN
4801	NaN
4802	NaN
4803	NaN
4804	NaN
4805	NaN
4806	NaN
4807	NaN
4808	NaN
4809	NaN
4810	NaN
4811	NaN
4812	NaN
4813	NaN
4814	NaN
4815	NaN
4816	2.01128531
4817	1.30520129
4818	1.07506132
4819	0.96373832
4820	0.89985096
4821	0.85960847
4822	0.83281350
4823	0.81436598
4824	0.80143285
4825	0.79231381
4826	0.78592724
4827	0.78155398
4828	0.77869713
4829	0.77700406
4830	0.77621859
4831	0.77615064
4832	0.77665710
4833	0.77762818
4834	0.77897805
4835	0.78063786
4836	0.78255039
4837	0.78466600
4838	0.78693944
4839	0.78932691
4840	0.79178417
4841	0.79426527
4842	0.79672080
4843	0.79909718
4844	0.80133635
4845	0.80337584
4846	0.80514854
4847	0.80658352
4848	0.80760723
4849	0.80814499
4850	0.80812317
4851	0.80747175
4852	0.80612731
4853	0.80403656
4854	0.80115998
4855	0.79747510
4856	0.79298007
4857	0.78769594
4858	0.78166878
4859	0.77496958
4860	0.76769382
4861	0.75995934
4862	0.75190198
4863	0.74367148
4864	0.73542541
4865	0.72732306
4866	0.71951944
4867	0.71215951
4868	0.70537293
4869	0.69927055
4870	0.69394058
4871	0.68944752
4872	0.68583071
4873	0.68310457
4874	0.68125910
4875	0.68026131
4876	0.68005669
4877	0.68057185
4878	0.68171608
4879	0.68338442
4880	0.68546015
4881	0.68781793
4882	0.69032705
4883	0.69285458
4884	0.69526964
4885	0.69744664
4886	0.69926947
4887	0.70063502
4888	0.70145655
4889	0.70166636
4890	0.70121759
4891	0.70008528
4892	0.69826639
4893	0.69577855
4894	0.69265836
4895	0.68895829
4896	0.68474382
4897	0.68008971
4898	0.67507643
4899	0.66978669
4900	0.66430265
4901	0.65870291
4902	0.65306062
4903	0.64744186
4904	0.64190459
4905	0.63649803
4906	0.63126266
4907	0.62622988
4908	0.62142336
4909	0.61685914
4910	0.61254662
4911	0.60848939
4912	0.60468644
4913	0.60113269
4914	0.59781992
4915	0.59473729
4916	0.59187192
4917	0.58920890
4918	0.58673179
4919	0.58442265
4920	0.58226204
4921	0.58022887
4922	0.57830101
4923	0.57645482
4924	0.57466573
4925	0.57290816
4926	0.57115608
4927	0.56938314
4928	0.56756330
4929	0.56567115
4930	0.56368262
4931	0.56157529
4932	0.55932915
4933	0.55692708
4934	0.55435520
4935	0.55160350
4936	0.54866588
4937	0.54554069
4938	0.54223078
4939	0.53874373
4940	0.53509158
4941	0.53129095
4942	0.52736247
4943	0.52333075
4944	0.51922339
4945	0.51507044
4946	0.51090372
4947	0.50675565
4948	0.50265825
4949	0.49864218
4950	0.49473587
4951	0.49096435
4952	0.48734882
4953	0.48390582
4954	0.48064679
4955	0.47757822
4956	0.47470146
4957	0.47201279
4958	0.46950415
4959	0.46716306
4960	0.46497378
4961	0.46291724
4962	0.46097180
4963	0.45911396
4964	0.45731825
4965	0.45555839
4966	0.45380723
4967	0.45203739
4968	0.45022169
4969	0.44833356
4970	0.44634739
4971	0.44423917
4972	0.44198665
4973	0.43956974
4974	0.43697107
4975	0.43417609
4976	0.43117359
4977	0.42795587
4978	0.42451915
4979	0.42086390
4980	0.41699511
4981	0.41292280
4982	0.40866193
4983	0.40423274
4984	0.39966077
4985	0.39497650
4986	0.39021516
4987	0.38541594
4988	0.38062122
4989	0.37587553
4990	0.37122458
4991	0.36671379
4992	0.36238763
4993	0.35828823
4994	0.35445482
4995	0.35092276
4996	0.34772328
4997	0.34488311
4998	0.34242412
4999	0.34036347
5000	0.33871293
5001	0.33747917
5002	0.33666331
5003	0.33626017
5004	0.33625814
5005	0.33663809
5006	0.33737290
5007	0.33842698
5008	0.33975506
5009	0.34130251
5010	0.34300488
5011	0.34478870
5012	0.34657189
5013	0.34826598
5014	0.34977764
5015	0.35101163
5016	0.35187420
5017	0.35227585
5018	0.35213527
5019	0.35138229
5020	0.34996054
5021	0.34782970
5022	0.34496638
5023	0.34136456
5024	0.33703482
5025	0.33200362
5026	0.32631126
5027	0.32001004
5028	0.31316289
5029	0.30584159
5030	0.29812622
5031	0.29010478
5032	0.28187340
5033	0.27353823
5034	0.26521665
5035	0.25704002
5036	0.24915683
5037	0.24173626
5038	0.23497179
5039	0.22908653
5040	0.22433710
5041	0.22101802
5042	0.21946691
5043	0.22006547
5044	0.22324368
5045	0.22947712
5046	0.23928584
5047	0.25322759
5048	0.27189341
5049	0.29589722
5050	0.32587266
5051	0.36247545
5052	0.40639299
5053	0.45837614
5054	0.51929379
5055	0.59022552
5056	0.67260671
5057	0.76846445
5058	0.88078058
5059	1.01411867
5060	1.17573106
5061	1.37768042
5062	1.64130199
5063	2.00771976
5064	2.56690574
5065	3.55940676
5066	NaN
5067	NaN
5068	NaN
5069	NaN
5070	NaN
5071	NaN
5072	NaN
5073	NaN
5074	NaN
5075	NaN
5076	NaN
5077	NaN
5078	NaN
5079	NaN
5080	NaN
5081	NaN
5082	NaN
5083	NaN
5084	NaN
5085	NaN
5086	NaN
5087	NaN
5088	NaN
5089	NaN
5090	NaN
5091	NaN
5092	NaN
5093	NaN
5094	NaN
5095	NaN
5096	NaN
5097	NaN
5098	NaN
5099	NaN
5100	NaN
5101	NaN
5102	NaN
5103	NaN
5104	NaN
5105	NaN
5106	NaN
5107	NaN
5108	NaN
5109	NaN
5110	NaN
5111	NaN
5112	NaN
5113	NaN
5114	NaN
5115	NaN
5116	NaN
5117	NaN
5118	NaN
5119	NaN
5120	NaN
5121	NaN
5122	NaN
5123	NaN
5124	NaN
5125	NaN
5126	NaN
5127	NaN
5128	NaN
5129	NaN
5130	NaN
5131	NaN
5132	NaN
5133	NaN
5134	NaN
5135	NaN
5136	NaN
5137	NaN
5138	NaN
5139	NaN
5140	NaN
5141	NaN
5142	2.60671258
5143	1.47136903
5144	1.16962731
5145	1.03227484
5146	0.95506644
5147	0.90643471
5148	0.87355381
5149	0.85023206
5150	0.83311504
5151	0.82022989
5152	0.81034231
5153	0.80264276
5154	0.79658073
5155	0.79177070
5156	0.78793693
5157	0.78487802
5158	0.78244549
5159	0.78052789
5160	0.77904081
5161	0.77791971
5162	0.77711385
5163	0.77658236
5164	0.77629155
5165	0.77621138
5166	0.77631396
5167	0.77657217
5168	0.77695757
5169	0.77743936
5170	0.77798420
5171	0.77855462
5172	0.77910894
5173	0.77960128
5174	0.77998114
5175	0.78019416
5176	0.78018302
5177	0.77988815
5178	0.77924979
5179	0.77820987
5180	0.77671403
5181	0.77471447
5182	0.77217269
5183	0.76906234
5184	0.76537198
5185	0.76110703
5186	0.75629199
5187	0.75097156
5188	0.74521005
5189	0.73909086
5190	0.73271394
5191	0.72619277
5192	0.71964985
5193	0.71321207
5194	0.70700532
5195	0.70114970
5196	0.69575429
5197	0.69091314
5198	0.68670231
5199	0.68317717
5200	0.68037122
5201	0.67829555
5202	0.67693955
5203	0.67627126
5204	0.67623931
5205	0.67677462
5206	0.67779225
5207	0.67919391
5208	0.68087077
5209	0.68270558
5210	0.68457615
5211	0.68635863
5212	0.68793094
5213	0.68917656
5214	0.68998885
5215	0.69027418
5216	0.68995631
5217	0.68897885
5218	0.68730772
5219	0.68493211
5220	0.68186468
5221	0.67813945
5222	0.67381030
5223	0.66894662
5224	0.66362965
5225	0.65794808
5226	0.65199339
5227	0.64585650
5228	0.63962430
5229	0.63337696
5230	0.62718660
5231	0.62111622
5232	0.61521959
5233	0.60954124
5234	0.60411751
5235	0.59897703
5236	0.59414178
5237	0.58962804
5238	0.58544743
5239	0.58160704
5240	0.57811022
5241	0.57495689
5242	0.57214344
5243	0.56966275
5244	0.56750387
5245	0.56565154
5246	0.56408656
5247	0.56278455
5248	0.56171662
5249	0.56084889
5250	0.56014252
5251	0.55955428
5252	0.55903733
5253	0.55854130
5254	0.55801409
5255	0.55740279
5256	0.55665487
5257	0.55571997
5258	0.55455112
5259	0.55310637
5260	0.55134970
5261	0.54925269
5262	0.54679477
5263	0.54396427
5264	0.54075855
5265	0.53718406
5266	0.53325611
5267	0.52899867
5268	0.52444333
5269	0.51962888
5270	0.51460022
5271	0.50940716
5272	0.50410372
5273	0.49874625
5274	0.49339277
5275	0.48810095
5276	0.48292699
5277	0.47792405
5278	0.47314069
5279	0.46861970
5280	0.46439683
5281	0.46049982
5282	0.45694771
5283	0.45375043
5284	0.45090899
5285	0.44841531
5286	0.44625294
5287	0.44439799
5288	0.44281977
5289	0.44148207
5290	0.44034424
5291	0.43936247
5292	0.43849099
5293	0.43768281
5294	0.43689123
5295	0.43607017
5296	0.43517542
5297	0.43416494
5298	0.43299979
5299	0.43164438
5300	0.43006706
5301	0.42824066
5302	0.42614284
5303	0.42375642
5304	0.42106971
5305	0.41807696
5306	0.41477835
5307	0.41118038
5308	0.40729588
5309	0.40314394
5310	0.39874980
5311	0.39414477
5312	0.38936552
5313	0.38445374
5314	0.37945524
5315	0.37441924
5316	0.36939716
5317	0.36444163
5318	0.35960555
5319	0.35494083
5320	0.35049757
5321	0.34632322
5322	0.34246174
5323	0.33895305
5324	0.33583272
5325	0.33313140
5326	0.33087450
5327	0.32908174
5328	0.32776675
5329	0.32693639
5330	0.32659042
5331	0.32672024
5332	0.32730824
5333	0.32832694
5334	0.32973808
5335	0.33149171
5336	0.33352610
5337	0.33576721
5338	0.33812994
5339	0.34051874
5340	0.34282997
5341	0.34495488
5342	0.34678251
5343	0.34820476
5344	0.34912005
5345	0.34943762
5346	0.34908146
5347	0.34799299
5348	0.34613273
5349	0.34348080
5350	0.34003645
5351	0.33581623
5352	0.33085155
5353	0.32518673
5354	0.31887597
5355	0.31198174
5356	0.30457327
5357	0.29672632
5358	0.28852358
5359	0.28005597
5360	0.27142578
5361	0.26275125
5362	0.25417107
5363	0.24585132
5364	0.23799402
5365	0.23084533
5366	0.22470815
5367	0.21995175
5368	0.21702638
5369	0.21647666
5370	0.21895538
5371	0.22523950
5372	0.23624389
5373	0.25304005
5374	0.27687851
5375	0.30922440
5376	0.35181928
5377	0.40678462
5378	0.47681841
5379	0.56554914
5380	0.67818731
5381	0.82276165
5382	1.01264000
5383	1.27203751
5384	1.64980626
5385	2.26076722
5386	3.45112658
5387	NaN
5388	NaN
5389	NaN
5390	NaN
5391	NaN
5392	NaN
5393	NaN
5394	NaN
5395	NaN
5396	NaN
5397	NaN
5398	NaN
5399	NaN
5400	NaN
5401	NaN
5402	NaN
5403	NaN
5404	NaN
5405	NaN
5406	NaN
5407	NaN
5408	NaN
5409	NaN
5410	NaN
5411	NaN
5412	NaN
5413	NaN
5414	NaN
5415	NaN
5416	NaN
5417	NaN
5418	NaN
5419	NaN
5420	NaN
5421	NaN
5422	NaN
5423	NaN
5424	NaN
5425	NaN
5426	NaN
5427	NaN
5428	NaN
5429	NaN
5430	NaN
5431	NaN
5432	NaN
5433	NaN
5434	NaN
5435	NaN
5436	NaN
5437	NaN
5438	NaN
5439	NaN
5440	NaN
5441	NaN
5442	NaN
5443	NaN
5444	NaN
5445	NaN
5446	NaN
5447	NaN
5448	NaN
5449	NaN
5450	NaN
5451	NaN
5452	NaN
5453	NaN
5454	NaN
5455	NaN
5456	NaN
5457	NaN
5458	NaN
5459	NaN
5460	NaN
5461	NaN
5462	NaN
5463	NaN
5464	NaN
5465	NaN
5466	NaN
5467	2.32520461
5468	1.46560085
5469	1.19741726
5470	1.06771362
5471	0.99201018
5472	0.94293904
5473	0.90895593
5474	0.88434708
5475	0.86595911
5476	0.85190696
5477	0.84099400
5478	0.83242399
5479	0.82564598
5480	0.82026750
5481	0.81600255
5482	0.81263810
5483	0.81001341
5484	0.80800521
5485	0.80651790
5486	0.80547577
5487	0.80481774
5488	0.80449259
5489	0.80445576
5490	0.80466580
5491	0.80508286
5492	0.80566609
5493	0.80637252
5494	0.80715543
5495	0.80796444
5496	0.80874425
5497	0.80943441
5498	0.80997056
5499	0.81028378
5500	0.81030208
5501	0.80995202
5502	0.80916035
5503	0.80785644
5504	0.80597544
5505	0.80346119
5506	0.80027020
5507	0.79637504
5508	0.79176790
5509	0.78646332
5510	0.78050047
5511	0.77394360
5512	0.76688141
5513	0.75942534
5514	0.75170517
5515	0.74386460
5516	0.73605502
5517	0.72842956
5518	0.72113627
5519	0.71431279
5520	0.70808089
5521	0.70254248
5522	0.69777673
5523	0.69383848
5524	0.69075692
5525	0.68853647
5526	0.68715698
5527	0.68657565
5528	0.68672895
5529	0.68753457
5530	0.68889391
5531	0.69069499
5532	0.69281501
5533	0.69512403
5534	0.69748759
5535	0.69977129
5536	0.70184416
5537	0.70358300
5538	0.70487630
5539	0.70562834
5540	0.70576245
5541	0.70522332
5542	0.70397919
5543	0.70202184
5544	0.69936639
5545	0.69604915
5546	0.69212502
5547	0.68766367
5548	0.68274599
5549	0.67745960
5550	0.67189485
5551	0.66614151
5552	0.66028535
5553	0.65440601
5554	0.64857525
5555	0.64285564
5556	0.63730037
5557	0.63195300
5558	0.62684757
5559	0.62200963
5560	0.61745638
5561	0.61319768
5562	0.60923696
5563	0.60557175
5564	0.60219443
5565	0.59909302
5566	0.59625173
5567	0.59365135
5568	0.59127009
5569	0.58908361
5570	0.58706582
5571	0.58518928
5572	0.58342576
5573	0.58174652
5574	0.58012301
5575	0.57852727
5576	0.57693207
5577	0.57531154
5578	0.57364124
5579	0.57189840
5580	0.57006204
5581	0.56811309
5582	0.56603456
5583	0.56381190
5584	0.56143314
5585	0.55888909
5586	0.55617386
5587	0.55328518
5588	0.55022496
5589	0.54699916
5590	0.54361826
5591	0.54009718
5592	0.53645515
5593	0.53271520
5594	0.52890372
5595	0.52504981
5596	0.52118444
5597	0.51733941
5598	0.51354659
5599	0.50983697
5600	0.50623941
5601	0.50278014
5602	0.49948168
5603	0.49636203
5604	0.49343425
5605	0.49070585
5606	0.48817843
5607	0.48584780
5608	0.48370379
5609	0.48173076
5610	0.47990802
5611	0.47821021
5612	0.47660846
5613	0.47507092
5614	0.47356388
5615	0.47205275
5616	0.47050303
5617	0.46888110
5618	0.46715522
5619	0.46529609
5620	0.46327767
5621	0.46107736
5622	0.45867637
5623	0.45606008
5624	0.45321780
5625	0.45014298
5626	0.44683313
5627	0.44328961
5628	0.43951771
5629	0.43552664
5630	0.43132928
5631	0.42694253
5632	0.42238715
5633	0.41768757
5634	0.41287208
5635	0.40797248
5636	0.40302369
5637	0.39806318
5638	0.39313039
5639	0.38826591
5640	0.38351062
5641	0.37890467
5642	0.37448671
5643	0.37029314
5644	0.36635733
5645	0.36270922
5646	0.35937473
5647	0.35637587
5648	0.35373002
5649	0.35145026
5650	0.34954488
5651	0.34801742
5652	0.34686622
5653	0.34608418
5654	0.34565833
5655	0.34556940
5656	0.34579140
5657	0.34629112
5658	0.34702802
5659	0.34795389
5660	0.34901318
5661	0.35014337
5662	0.35127565
5663	0.35233638
5664	0.35324848
5665	0.35393336
5666	0.35431322
5667	0.35431337
5668	0.35386464
5669	0.35290578
5670	0.35138562
5671	0.34926450
5672	0.34651577
5673	0.34312651
5674	0.33909759
5675	0.33444324
5676	0.32919037
5677	0.32337734
5678	0.31705287
5679	0.31027406
5680	0.30310583
5681	0.29561934
5682	0.28789121
5683	0.28000331
5684	0.27204236
5685	0.26410142
5686	0.25627920
5687	0.24868359
5688	0.24143167
5689	0.23465326
5690	0.22849254
5691	0.22311085
5692	0.21868874
5693	0.21542862
5694	0.21355501
5695	0.21331559
5696	0.21498008
5697	0.21883793
5698	0.22519599
5699	0.23437202
5700	0.24669187
5701	0.26248321
5702	0.28207466
5703	0.30579609
5704	0.33398381
5705	0.36699694
5706	0.40524149
5707	0.44921294
5708	0.49955955
5709	0.55717665
5710	0.62336046
5711	0.70004469
5712	0.79020447
5713	0.89858282
5714	1.03307188
5715	1.20765018
5716	1.44932747
5717	1.81744981
5718	2.47189951
5719	NaN
5720	NaN
5721	NaN
5722	NaN
5723	NaN
5724	NaN
5725	NaN
5726	NaN
5727	NaN
5728	NaN
5729	NaN
5730	NaN
5731	NaN
5732	NaN
5733	NaN
5734	NaN
5735	NaN
5736	NaN
5737	NaN
5738	NaN
5739	NaN
5740	NaN
5741	NaN
5742	NaN
5743	NaN
5744	NaN
5745	NaN
5746	NaN
5747	NaN
5748	NaN
5749	NaN
5750	NaN
5751	NaN
5752	NaN
5753	NaN
5754	NaN
5755	NaN
5756	NaN
5757	NaN
5758	NaN
5759	NaN
5760	NaN
5761	NaN
5762	NaN
5763	NaN
5764	NaN
5765	NaN
5766	NaN
5767	NaN
5768	NaN
5769	NaN
5770	NaN
5771	NaN
5772	NaN
5773	NaN
5774	NaN
5775	NaN
5776	NaN
5777	NaN
5778	NaN
5779	NaN
5780	NaN
5781	NaN
5782	NaN
5783	NaN
5784	NaN
5785	NaN
5786	NaN
5787	NaN
5788	NaN
5789	NaN
5790	NaN
5791	2.27673054
5792	1.44000900
5793	1.18139875
5794	1.05678236
5795	0.98407298
5796	0.93680066
5797	0.90384614
5798	0.87973213
5799	0.86144972
5800	0.84721279
5801	0.83589441
5802	0.82675052
5803	0.81927133
5804	0.81309652
5805	0.80796558
5806	0.80368650
5807	0.80011511
5808	0.79714185
5809	0.79468250
5810	0.79267120
5811	0.79105550
5812	0.78979307
5813	0.78884816
5814	0.78818977
5815	0.78778917
5816	0.78761840
5817	0.78764874
5818	0.78784961
5819	0.78818709
5820	0.78862369
5821	0.78911692
5822	0.78961939
5823	0.79007804
5824	0.79043484
5825	0.79062665
5826	0.79058623
5827	0.79024374
5828	0.78952885
5829	0.78837252
5830	0.78671098
5831	0.78448856
5832	0.78166163
5833	0.77820295
5834	0.77410465
5835	0.76938152
5836	0.76407295
5837	0.75824308
5838	0.75198048
5839	0.74539489
5840	0.73861325
5841	0.73177451
5842	0.72502345
5843	0.71850395
5844	0.71235359
5845	0.70669734
5846	0.70164305
5847	0.69727850
5848	0.69366807
5849	0.69085199
5850	0.68884587
5851	0.68764091
5852	0.68720496
5853	0.68748426
5854	0.68840480
5855	0.68987483
5856	0.69178754
5857	0.69402337
5858	0.69645339
5859	0.69894284
5860	0.70135456
5861	0.70355314
5862	0.70540923
5863	0.70680368
5864	0.70763201
5865	0.70780796
5866	0.70726699
5867	0.70596904
5868	0.70389950
5869	0.70106959
5870	0.69751519
5871	0.69329435
5872	0.68848389
5873	0.68317473
5874	0.67746741
5875	0.67146677
5876	0.66527802
5877	0.65900183
5878	0.65273184
5879	0.64655191
5880	0.64053440
5881	0.63474005
5882	0.62921733
5883	0.62400329
5884	0.61912388
5885	0.61459565
5886	0.61042637
5887	0.60661656
5888	0.60316044
5889	0.60004693
5890	0.59726059
5891	0.59478259
5892	0.59259099
5893	0.59066141
5894	0.58896756
5895	0.58748132
5896	0.58617312
5897	0.58501202
5898	0.58396590
5899	0.58300173
5900	0.58208555
5901	0.58118284
5902	0.58025891
5903	0.57927901
5904	0.57820904
5905	0.57701588
5906	0.57566828
5907	0.57413685
5908	0.57239550
5909	0.57042110
5910	0.56819475
5911	0.56570208
5912	0.56293350
5913	0.55988491
5914	0.55655742
5915	0.55295825
5916	0.54910022
5917	0.54500192
5918	0.54068738
5919	0.53618592
5920	0.53153139
5921	0.52676165
5922	0.52191758
5923	0.51704246
5924	0.51218063
5925	0.50737655
5926	0.50267321
5927	0.49811128
5928	0.49372786
5929	0.48955497
5930	0.48561901
5931	0.48193973
5932	0.47852972
5933	0.47539428
5934	0.47253123
5935	0.46993139
5936	0.46757913
5937	0.46545279
5938	0.46352592
5939	0.46176788
5940	0.46014497
5941	0.45862114
5942	0.45715910
5943	0.45572108
5944	0.45426959
5945	0.45276797
5946	0.45118126
5947	0.44947678
5948	0.44762436
5949	0.44559720
5950	0.44337216
5951	0.44093034
5952	0.43825728
5953	0.43534335
5954	0.43218416
5955	0.42878056
5956	0.42513889
5957	0.42127091
5958	0.41719371
5959	0.41292953
5960	0.40850547
5961	0.40395293
5962	0.39930683
5963	0.39460528
5964	0.38988826
5965	0.38519695
5966	0.38057289
5967	0.37605688
5968	0.37168834
5969	0.36750457
5970	0.36354047
5971	0.35982767
5972	0.35639474
5973	0.35326651
5974	0.35046431
5975	0.34800532
5976	0.34590256
5977	0.34416428
5978	0.34279364
5979	0.34178796
5980	0.34113795
5981	0.34082696
5982	0.34083039
5983	0.34111458
5984	0.34163693
5985	0.34234467
5986	0.34317604
5987	0.34405997
5988	0.34491768
5989	0.34566441
5990	0.34621173
5991	0.34647050
5992	0.34635478
5993	0.34578493
5994	0.34469193
5995	0.34301993
5996	0.34072897
5997	0.33779669
5998	0.33421898
5999	0.33000854
6000	0.32519433
6001	0.31981874
6002	0.31393546
6003	0.30760652
6004	0.30090040
6005	0.29389036
6006	0.28665310
6007	0.27926996
6008	0.27182665
6009	0.26441634
6010	0.25714210
6011	0.25012055
6012	0.24348663
6013	0.23739794
6014	0.23203939
6015	0.22762921
6016	0.22442272
6017	0.22271782
6018	0.22285812
6019	0.22523548
6020	0.23029201
6021	0.23852049
6022	0.25046140
6023	0.26670298
6024	0.28788209
6025	0.31468996
6026	0.34788769
6027	0.38834348
6028	0.43709552
6029	0.49547061
6030	0.56527638
6031	0.64913005
6032	0.75102943
6033	0.87740678
6034	1.03918803
6035	1.25630319
6036	1.56884980
6037	2.07027888
6038	3.03832245
6039	NaN
6040	NaN
6041	NaN
6042	NaN
6043	NaN
6044	NaN
6045	NaN
6046	NaN
6047	NaN
6048	NaN
6049	NaN
6050	NaN
6051	NaN
6052	NaN
6053	NaN
6054	NaN
6055	NaN
6056	NaN
6057	NaN
6058	NaN
6059	NaN
6060	NaN
6061	NaN
6062	NaN
6063	NaN
6064	NaN
6065	NaN
6066	NaN
6067	NaN
6068	NaN
6069	NaN
6070	NaN
6071	NaN
6072	NaN
6073	NaN
6074	NaN
6075	NaN
6076	NaN
6077	NaN
6078	NaN
6079	NaN
6080	NaN
6081	NaN
6082	NaN
6083	NaN
6084	NaN
6085	NaN
6086	NaN
6087	NaN
6088	NaN
6089	NaN
6090	NaN
6091	NaN
6092	NaN
6093	NaN
6094	NaN
6095	NaN
6096	NaN
6097	NaN
6098	NaN
6099	NaN
6100	NaN
6101	NaN
6102	NaN
6103	NaN
6104	NaN
6105	NaN
6106	NaN
6107	NaN
6108	NaN
6109	NaN
6110	NaN
6111	NaN
6112	NaN
6113	NaN
6114	NaN
6115	NaN
6116	NaN
6117	NaN
6118	NaN
6119	3.27926469
6120	1.53681707
6121	1.18519902
6122	1.03685939
6123	0.95667380
6124	0.90753502
6125	0.87511504
6126	0.85270667
6127	0.83674890
6128	0.82517409
6129	0.81670010
6130	0.81048912
6131	0.80597109
6132	0.80274642
6133	0.80052656
6134	0.79909986
6135	0.79830813
6136	0.79803163
6137	0.79817879
6138	0.79867917
6139	0.79947728
6140	0.80052930
6141	0.80179948
6142	0.80325752
6143	0.80487663
6144	0.80663133
6145	0.80849606
6146	0.81044376
6147	0.81244421
6148	0.81446314
6149	0.81646091
6150	0.81839150
6151	0.82020211
6152	0.82183224
6153	0.82321405
6154	0.82427293
6155	0.82492858
6156	0.82509732
6157	0.82469434
6158	0.82363755
6159	0.82185209
6160	0.81927472
6161	0.81585926
6162	0.81158149
6163	0.80644333
6164	0.80047685
6165	0.79374534
6166	0.78634375
6167	0.77839667
6168	0.77005351
6169	0.76148301
6170	0.75286615
6171	0.74438751
6172	0.73622781
6173	0.72855645
6174	0.72152472
6175	0.71526116
6176	0.70986754
6177	0.70541692
6178	0.70195264
6179	0.69948840
6180	0.69800925
6181	0.69747329
6182	0.69781357
6183	0.69894087
6184	0.70074594
6185	0.70310295
6186	0.70587265
6187	0.70890659
6188	0.71205050
6189	0.71514946
6190	0.71805221
6191	0.72061598
6192	0.72271127
6193	0.72422570
6194	0.72506815
6195	0.72517109
6196	0.72449249
6197	0.72301602
6198	0.72075069
6199	0.71772861
6200	0.71400201
6201	0.70963991
6202	0.70472366
6203	0.69934297
6204	0.69359213
6205	0.68756562
6206	0.68135566
6207	0.67504936
6208	0.66872680
6209	0.66245979
6210	0.65631109
6211	0.65033418
6212	0.64457339
6213	0.63906395
6214	0.63383341
6215	0.62890130
6216	0.62428075
6217	0.61997861
6218	0.61599630
6219	0.61233044
6220	0.60897303
6221	0.60591209
6222	0.60313171
6223	0.60061264
6224	0.59833246
6225	0.59626585
6226	0.59438545
6227	0.59266162
6228	0.59106386
6229	0.58956063
6230	0.58812022
6231	0.58671123
6232	0.58530265
6233	0.58386493
6234	0.58236945
6235	0.58078951
6236	0.57910001
6237	0.57727832
6238	0.57530361
6239	0.57315809
6240	0.57082641
6241	0.56829655
6242	0.56555986
6243	0.56261170
6244	0.55945158
6245	0.55608386
6246	0.55251753
6247	0.54876679
6248	0.54485101
6249	0.54079413
6250	0.53662473
6251	0.53237545
6252	0.52808183
6253	0.52378166
6254	0.51951391
6255	0.51531744
6256	0.51123011
6257	0.50728732
6258	0.50352091
6259	0.49995819
6260	0.49662113
6261	0.49352539
6262	0.49067998
6263	0.48808694
6264	0.48574135
6265	0.48363149
6266	0.48173913
6267	0.48004043
6268	0.47850630
6269	0.47710380
6270	0.47579649
6271	0.47454596
6272	0.47331250
6273	0.47205621
6274	0.47073779
6275	0.46931925
6276	0.46776477
6277	0.46604094
6278	0.46411747
6279	0.46196741
6280	0.45956740
6281	0.45689830
6282	0.45394507
6283	0.45069784
6284	0.44715199
6285	0.44330868
6286	0.43917555
6287	0.43476701
6288	0.43010452
6289	0.42521667
6290	0.42013881
6291	0.41491234
6292	0.40958440
6293	0.40420613
6294	0.39883178
6295	0.39351732
6296	0.38831893
6297	0.38329202
6298	0.37849000
6299	0.37396324
6300	0.36975864
6301	0.36591876
6302	0.36248168
6303	0.35948080
6304	0.35694438
6305	0.35489556
6306	0.35335231
6307	0.35232666
6308	0.35182446
6309	0.35184488
6310	0.35237926
6311	0.35341081
6312	0.35491300
6313	0.35684919
6314	0.35917157
6315	0.36182085
6316	0.36472619
6317	0.36780494
6318	0.37096462
6319	0.37410346
6320	0.37711307
6321	0.37988156
6322	0.38229603
6323	0.38424662
6324	0.38562980
6325	0.38635185
6326	0.38633147
6327	0.38550192
6328	0.38381261
6329	0.38122937
6330	0.37773439
6331	0.37332529
6332	0.36801389
6333	0.36182487
6334	0.35479423
6335	0.34696844
6336	0.33840361
6337	0.32916531
6338	0.31932986
6339	0.30898613
6340	0.29823783
6341	0.28720835
6342	0.27604556
6343	0.26492804
6344	0.25407448
6345	0.24375004
6346	0.23427725
6347	0.22604425
6348	0.21951352
6349	0.21522692
6350	0.21381004
6351	0.21597163
6352	0.22249895
6353	0.23425391
6354	0.25216299
6355	0.27721852
6356	0.31048858
6357	0.35315338
6358	0.40657747
6359	0.47244602
6360	0.55300075
6361	0.65143842
6362	0.77260536
6363	0.92425585
6364	1.11954319
6365	1.38237584
6366	1.76063871
6367	2.36506844
6368	3.52016068
6369	NaN
6370	NaN
6371	NaN
6372	NaN
6373	NaN
6374	NaN
6375	NaN
6376	NaN
6377	NaN
6378	NaN
6379	NaN
6380	NaN
6381	NaN
6382	NaN
6383	NaN
6384	NaN
6385	NaN
6386	NaN
6387	NaN
6388	NaN
6389	NaN
6390	NaN
6391	NaN
6392	NaN
6393	NaN
6394	NaN
6395	NaN
6396	NaN
6397	NaN
6398	NaN
6399	NaN
6400	NaN
6401	NaN
6402	NaN
6403	NaN
6404	NaN
6405	NaN
6406	NaN
6407	NaN
6408	NaN
6409	NaN
6410	NaN
6411	NaN
6412	NaN
6413	NaN
6414	NaN
6415	NaN
6416	NaN
6417	NaN
6418	NaN
6419	NaN
6420	NaN
6421	NaN
6422	NaN
6423	NaN
6424	NaN
6425	NaN
6426	NaN
6427	NaN
6428	NaN
6429	NaN
6430	NaN
6431	NaN
6432	NaN
6433	NaN
6434	NaN
6435	NaN
6436	NaN
6437	NaN
6438	NaN
6439	NaN
6440	NaN
6441	NaN
6442	NaN
6443	NaN
6444	NaN
6445	NaN
6446	NaN
6447	NaN
6448	NaN
6449	NaN
6450	NaN
6451	NaN
6452	NaN
6453	NaN
6454	NaN
6455	2.15760994
6456	1.39171803
6457	1.13592958
6458	1.01028466
6459	0.93704098
6460	0.89003009
6461	0.85796887
6462	0.83519316
6463	0.81854826
6464	0.80613899
6465	0.79676098
6466	0.78961450
6467	0.78415030
6468	0.77998072
6469	0.77682698
6470	0.77448457
6471	0.77280116
6472	0.77166247
6473	0.77098054
6474	0.77068698
6475	0.77072704
6476	0.77105528
6477	0.77163184
6478	0.77242023
6479	0.77338451
6480	0.77448785
6481	0.77569085
6482	0.77695006
6483	0.77821743
6484	0.77943933
6485	0.78055638
6486	0.78150296
6487	0.78220814
6488	0.78259641
6489	0.78258878
6490	0.78210509
6491	0.78106701
6492	0.77940094
6493	0.77704233
6494	0.77393997
6495	0.77006042
6496	0.76539236
6497	0.75995022
6498	0.75377655
6499	0.74694312
6500	0.73954988
6501	0.73172259
6502	0.72360802
6503	0.71536815
6504	0.70717323
6505	0.69919443
6506	0.69159639
6507	0.68453109
6508	0.67813212
6509	0.67251039
6510	0.66775137
6511	0.66391337
6512	0.66102707
6513	0.65909564
6514	0.65809602
6515	0.65797997
6516	0.65867645
6517	0.66009301
6518	0.66211855
6519	0.66462570
6520	0.66747427
6521	0.67051369
6522	0.67358774
6523	0.67653823
6524	0.67920995
6525	0.68145543
6526	0.68313998
6527	0.68414700
6528	0.68438202
6529	0.68377692
6530	0.68229234
6531	0.67991930
6532	0.67667854
6533	0.67261875
6534	0.66781342
6535	0.66235584
6536	0.65635401
6537	0.64992470
6538	0.64318782
6539	0.63626117
6540	0.62925649
6541	0.62227565
6542	0.61540860
6543	0.60873216
6544	0.60230994
6545	0.59619218
6546	0.59041727
6547	0.58501273
6548	0.57999688
6549	0.57538009
6550	0.57116616
6551	0.56735361
6552	0.56393647
6553	0.56090498
6554	0.55824596
6555	0.55594319
6556	0.55397731
6557	0.55232573
6558	0.55096239
6559	0.54985803
6560	0.54897946
6561	0.54829013
6562	0.54774982
6563	0.54731530
6564	0.54694057
6565	0.54657787
6566	0.54617786
6567	0.54569119
6568	0.54506940
6569	0.54426563
6570	0.54323626
6571	0.54194140
6572	0.54034644
6573	0.53842247
6574	0.53614742
6575	0.53350645
6576	0.53049278
6577	0.52710801
6578	0.52336234
6579	0.51927495
6580	0.51487356
6581	0.51019430
6582	0.50528079
6583	0.50018364
6584	0.49495897
6585	0.48966697
6586	0.48437062
6587	0.47913373
6588	0.47401935
6589	0.46908784
6590	0.46439523
6591	0.45999154
6592	0.45591921
6593	0.45221192
6594	0.44889376
6595	0.44597811
6596	0.44346803
6597	0.44135597
6598	0.43962425
6599	0.43824613
6600	0.43718660
6601	0.43640366
6602	0.43584993
6603	0.43547377
6604	0.43522084
6605	0.43503544
6606	0.43486151
6607	0.43464381
6608	0.43432876
6609	0.43386522
6610	0.43320501
6611	0.43230361
6612	0.43112049
6613	0.42961967
6614	0.42777005
6615	0.42554596
6616	0.42292774
6617	0.41990215
6618	0.41646320
6619	0.41261277
6620	0.40836126
6621	0.40372825
6622	0.39874256
6623	0.39344263
6624	0.38787591
6625	0.38209805
6626	0.37617171
6627	0.37016487
6628	0.36414865
6629	0.35819578
6630	0.35237807
6631	0.34676516
6632	0.34142274
6633	0.33641204
6634	0.33178926
6635	0.32760513
6636	0.32390535
6637	0.32073078
6638	0.31811762
6639	0.31609741
6640	0.31469703
6641	0.31393805
6642	0.31383592
6643	0.31439871
6644	0.31562531
6645	0.31750327
6646	0.32000685
6647	0.32309404
6648	0.32670480
6649	0.33075827
6650	0.33515161
6651	0.33975941
6652	0.34443447
6653	0.34901020
6654	0.35330483
6655	0.35712814
6656	0.36028862
6657	0.36260289
6658	0.36390439
6659	0.36405095
6660	0.36293152
6661	0.36046976
6662	0.35662463
6663	0.35138896
6664	0.34478590
6665	0.33686265
6666	0.32768628
6667	0.31733653
6668	0.30590159
6669	0.29347527
6670	0.28015476
6671	0.26604187
6672	0.25124609
6673	0.23588972
6674	0.22011670
6675	0.20410536
6676	0.18808632
6677	0.17236422
6678	0.15734935
6679	0.14359738
6680	0.13186289
6681	0.12316766
6682	0.11889124
6683	0.12088985
6684	0.13165671
6685	0.15453576
6686	0.19403611
6687	0.25630885
6688	0.34993207
6689	0.48733684
6690	0.68761718
6691	0.98264736
6692	1.43202233
6693	2.16588593
6694	NaN
6695	NaN
6696	NaN
6697	NaN
6698	NaN
6699	NaN
6700	NaN
6701	NaN
6702	NaN
6703	NaN
6704	NaN
6705	NaN
6706	NaN
6707	NaN
6708	NaN
6709	NaN
6710	NaN
6711	NaN
6712	NaN
6713	NaN
6714	NaN
6715	NaN
6716	NaN
6717	NaN
6718	NaN
6719	NaN
6720	NaN
6721	NaN
6722	NaN
6723	NaN
6724	NaN
6725	NaN
6726	NaN
6727	NaN
6728	NaN
6729	NaN
6730	NaN
6731	NaN
6732	NaN
6733	NaN
6734	NaN
6735	NaN
6736	NaN
6737	NaN
6738	NaN
6739	NaN
6740	NaN
6741	NaN
6742	NaN
6743	NaN
6744	NaN
6745	NaN
6746	NaN
6747	NaN
6748	NaN
6749	NaN
6750	NaN
6751	NaN
6752	NaN
6753	NaN
6754	NaN
6755	NaN
6756	NaN
6757	NaN
6758	NaN
6759	NaN
6760	NaN
6761	NaN
6762	NaN
6763	NaN
6764	NaN
6765	NaN
6766	NaN
6767	NaN
6768	NaN
6769	NaN
6770	NaN
6771	NaN
6772	NaN
6773	NaN
6774	NaN
6775	NaN
6776	NaN
6777	NaN
6778	NaN
6779	NaN
6780	NaN
6781	NaN
6782	NaN
6783	NaN
6784	NaN
6785	NaN
6786	NaN
6787	2.63310146
6788	1.44134772
6789	1.12158346
6790	0.97664875
6791	0.89609700
6792	0.84625721
6793	0.81339246
6794	0.79084808
6795	0.77500790
6796	0.76373971
6797	0.75570703
6798	0.75003225
6799	0.74611747
6800	0.74354410
6801	0.74201185
6802	0.74130136
6803	0.74125034
6804	0.74173594
6805	0.74266380
6806	0.74395978
6807	0.74556357
6808	0.74742347
6809	0.74949396
6810	0.75173134
6811	0.75409251
6812	0.75653303
6813	0.75900549
6814	0.76145893
6815	0.76383793
6816	0.76608253
6817	0.76812786
6818	0.76990455
6819	0.77133954
6820	0.77235705
6821	0.77287990
6822	0.77283227
6823	0.77214158
6824	0.77074248
6825	0.76857960
6826	0.76561236
6827	0.76181769
6828	0.75719410
6829	0.75176430
6830	0.74557668
6831	0.73870575
6832	0.73125112
6833	0.72333461
6834	0.71509618
6835	0.70668864
6836	0.69827139
6837	0.69000417
6838	0.68204093
6839	0.67452383
6840	0.66757905
6841	0.66131270
6842	0.65580863
6843	0.65112644
6844	0.64730191
6845	0.64434630
6846	0.64224797
6847	0.64097327
6848	0.64046830
6849	0.64066100
6850	0.64146316
6851	0.64277267
6852	0.64447659
6853	0.64645350
6854	0.64857715
6855	0.65071988
6856	0.65275621
6857	0.65456682
6858	0.65604216
6859	0.65708590
6860	0.65761817
6861	0.65757740
6862	0.65692198
6863	0.65563107
6864	0.65370351
6865	0.65115696
6866	0.64802551
6867	0.64435714
6868	0.64021039
6869	0.63565135
6870	0.63075048
6871	0.62557989
6872	0.62021041
6873	0.61471039
6874	0.60914332
6875	0.60356718
6876	0.59803402
6877	0.59258938
6878	0.58727252
6879	0.58211708
6880	0.57715100
6881	0.57239771
6882	0.56787628
6883	0.56360239
6884	0.55958849
6885	0.55584413
6886	0.55237609
6887	0.54918849
6888	0.54628235
6889	0.54365516
6890	0.54130089
6891	0.53920901
6892	0.53736454
6893	0.53574759
6894	0.53433329
6895	0.53309190
6896	0.53198951
6897	0.53098828
6898	0.53004748
6899	0.52912450
6900	0.52817571
6901	0.52715796
6902	0.52602947
6903	0.52475095
6904	0.52328658
6905	0.52160496
6906	0.51968002
6907	0.51749134
6908	0.51502484
6909	0.51227301
6910	0.50923538
6911	0.50591832
6912	0.50233507
6913	0.49850559
6914	0.49445584
6915	0.49021745
6916	0.48582667
6917	0.48132351
6918	0.47675046
6919	0.47215155
6920	0.46757081
6921	0.46305108
6922	0.45863292
6923	0.45435318
6924	0.45024419
6925	0.44633299
6926	0.44264057
6927	0.43918163
6928	0.43596452
6929	0.43299124
6930	0.43025771
6931	0.42775452
6932	0.42546692
6933	0.42337593
6934	0.42145866
6935	0.41968909
6936	0.41803831
6937	0.41647571
6938	0.41496894
6939	0.41348493
6940	0.41199017
6941	0.41045144
6942	0.40883628
6943	0.40711355
6944	0.40525386
6945	0.40323016
6946	0.40101796
6947	0.39859596
6948	0.39594632
6949	0.39305511
6950	0.38991264
6951	0.38651398
6952	0.38285926
6953	0.37895417
6954	0.37481025
6955	0.37044489
6956	0.36588168
6957	0.36115012
6958	0.35628504
6959	0.35132632
6960	0.34631789
6961	0.34130669
6962	0.33634186
6963	0.33147341
6964	0.32675126
6965	0.32222396
6966	0.31793854
6967	0.31393895
6968	0.31026620
6969	0.30695784
6970	0.30404764
6971	0.30156583
6972	0.29953822
6973	0.29798675
6974	0.29692841
6975	0.29637492
6976	0.29633132
6977	0.29679528
6978	0.29775539
6979	0.29918966
6980	0.30106449
6981	0.30333290
6982	0.30593362
6983	0.30879083
6984	0.31181422
6985	0.31490016
6986	0.31793320
6987	0.32078922
6988	0.32333872
6989	0.32545167
6990	0.32700133
6991	0.32786915
6992	0.32794893
6993	0.32715034
6994	0.32540065
6995	0.32264623
6996	0.31885266
6997	0.31400320
6998	0.30809787
6999	0.30115026
7000	0.29318607
7001	0.28424114
7002	0.27436012
7003	0.26359704
7004	0.25201547
7005	0.23969126
7006	0.22671632
7007	0.21320297
7008	0.19929112
7009	0.18515503
7010	0.17101116
7011	0.15712857
7012	0.14383958
7013	0.13154835
7014	0.12074468
7015	0.11201158
7016	0.10604231
7017	0.10364663
7018	0.10576933
7019	0.11351133
7020	0.12816456
7021	0.15127783
7022	0.18476667
7023	0.23111698
7024	0.29375449
7025	0.37772533
7026	0.49104056
7027	0.64748102
7028	0.87316960
7029	1.22442019
7030	1.84865868
7031	3.29114890
7032	NaN
7033	NaN
7034	NaN
7035	NaN
7036	NaN
7037	NaN
7038	NaN
7039	NaN
7040	NaN
7041	NaN
7042	NaN
7043	NaN
7044	NaN
7045	NaN
7046	NaN
7047	NaN
7048	NaN
7049	NaN
7050	NaN
7051	NaN
7052	NaN
7053	NaN
7054	NaN
7055	NaN
7056	NaN
7057	NaN
7058	NaN
7059	NaN
7060	NaN
7061	NaN
7062	NaN
7063	NaN
7064	NaN
7065	NaN
7066	NaN
7067	NaN
7068	NaN
7069	NaN
7070	NaN
7071	NaN
7072	NaN
7073	NaN
7074	NaN
7075	NaN
7076	NaN
7077	NaN
7078	NaN
7079	NaN
7080	NaN
7081	NaN
7082	NaN
7083	NaN
7084	NaN
7085	NaN
7086	NaN
7087	NaN
7088	NaN
7089	NaN
7090	NaN
7091	NaN
7092	NaN
7093	NaN
7094	NaN
7095	NaN
7096	NaN
7097	NaN
7098	NaN
7099	NaN
7100	NaN
7101	NaN
7102	NaN
7103	NaN
7104	NaN
7105	NaN
7106	NaN
7107	NaN
7108	NaN
7109	NaN
7110	NaN
7111	NaN
7112	NaN
7113	NaN
7114	NaN
7115	NaN
7116	NaN
7117	NaN
7118	NaN
7119	NaN
7120	3.45978451
7121	1.53832221
7122	1.15225780
7123	0.98914188
7124	0.90059102
7125	0.84594417
7126	0.80952036
7127	0.78398991
7128	0.76546848
7129	0.75170588
7130	0.74131000
7131	0.73337555
7132	0.72728938
7133	0.72262383
7134	0.71907306
7135	0.71641362
7136	0.71448016
7137	0.71314800
7138	0.71232134
7139	0.71192515
7140	0.71189898
7141	0.71219194
7142	0.71275920
7143	0.71355939
7144	0.71455175
7145	0.71569490
7146	0.71694541
7147	0.71825653
7148	0.71957791
7149	0.72085506
7150	0.72202951
7151	0.72303885
7152	0.72381800
7153	0.72429961
7154	0.72441584
7155	0.72410041
7156	0.72329026
7157	0.72192866
7158	0.71996766
7159	0.71737128
7160	0.71411848
7161	0.71020561
7162	0.70564914
7163	0.70048636
7164	0.69477659
7165	0.68860006
7166	0.68205655
7167	0.67526174
7168	0.66834372
7169	0.66143811
7170	0.65468240
7171	0.64821070
7172	0.64214861
7173	0.63660848
7174	0.63168550
7175	0.62745512
7176	0.62397075
7177	0.62126338
7178	0.61934137
7179	0.61819082
7180	0.61777717
7181	0.61804634
7182	0.61892676
7183	0.62033093
7184	0.62215769
7185	0.62429446
7186	0.62661958
7187	0.62900513
7188	0.63132012
7189	0.63343412
7190	0.63522100
7191	0.63656324
7192	0.63735610
7193	0.63751167
7194	0.63696218
7195	0.63566291
7196	0.63359374
7197	0.63075936
7198	0.62718862
7199	0.62293196
7200	0.61805809
7201	0.61265028
7202	0.60680121
7203	0.60060883
7204	0.59417212
7205	0.58758718
7206	0.58094454
7207	0.57432711
7208	0.56780875
7209	0.56145364
7210	0.55531657
7211	0.54944301
7212	0.54386967
7213	0.53862578
7214	0.53373325
7215	0.52920794
7216	0.52506024
7217	0.52129537
7218	0.51791424
7219	0.51491332
7220	0.51228499
7221	0.51001728
7222	0.50809407
7223	0.50649470
7224	0.50519395
7225	0.50416178
7226	0.50336337
7227	0.50275934
7228	0.50230587
7229	0.50195533
7230	0.50165683
7231	0.50135726
7232	0.50100207
7233	0.50053698
7234	0.49990880
7235	0.49906707
7236	0.49796557
7237	0.49656329
7238	0.49482572
7239	0.49272582
7240	0.49024475
7241	0.48737216
7242	0.48410651
7243	0.48045534
7244	0.47643462
7245	0.47206888
7246	0.46739027
7247	0.46243832
7248	0.45725870
7249	0.45190269
7250	0.44642571
7251	0.44088620
7252	0.43534428
7253	0.42986020
7254	0.42449278
7255	0.41929772
7256	0.41432628
7257	0.40962353
7258	0.40522736
7259	0.40116733
7260	0.39746407
7261	0.39412895
7262	0.39116400
7263	0.38856232
7264	0.38630876
7265	0.38438061
7266	0.38274875
7267	0.38137856
7268	0.38023096
7269	0.37926346
7270	0.37843120
7271	0.37768760
7272	0.37698537
7273	0.37627703
7274	0.37551576
7275	0.37465590
7276	0.37365371
7277	0.37246796
7278	0.37106052
7279	0.36939734
7280	0.36744887
7281	0.36519068
7282	0.36260438
7283	0.35967779
7284	0.35640574
7285	0.35279015
7286	0.34884068
7287	0.34457457
7288	0.34001684
7289	0.33520034
7290	0.33016497
7291	0.32495728
7292	0.31962937
7293	0.31423780
7294	0.30884203
7295	0.30350286
7296	0.29828104
7297	0.29323572
7298	0.28842351
7299	0.28389692
7300	0.27970460
7301	0.27589005
7302	0.27249211
7303	0.26954451
7304	0.26707602
7305	0.26511052
7306	0.26366675
7307	0.26275837
7308	0.26239309
7309	0.26257247
7310	0.26329055
7311	0.26453289
7312	0.26627538
7313	0.26848209
7314	0.27110437
7315	0.27407932
7316	0.27732831
7317	0.28075767
7318	0.28425807
7319	0.28770685
7320	0.29097107
7321	0.29391128
7322	0.29638681
7323	0.29826158
7324	0.29940996
7325	0.29972246
7326	0.29910988
7327	0.29750597
7328	0.29486898
7329	0.29118028
7330	0.28644329
7331	0.28067955
7332	0.27392593
7333	0.26623136
7334	0.25765395
7335	0.24826074
7336	0.23812661
7337	0.22733660
7338	0.21598980
7339	0.20420471
7340	0.19212878
7341	0.17994729
7342	0.16789858
7343	0.15629169
7344	0.14552918
7345	0.13613237
7346	0.12877603
7347	0.12432528
7348	0.12388302
7349	0.12883981
7350	0.14093493
7351	0.16232626
7352	0.19567508
7353	0.24426688
7354	0.31218380
7355	0.40461782
7356	0.52842742
7357	0.69320476
7358	0.91344231
7359	1.21305144
7360	1.63583577
7361	2.27293253
7362	3.35094976
7363	NaN
7364	NaN
7365	NaN
7366	NaN
7367	NaN
7368	NaN
7369	NaN
7370	NaN
7371	NaN
7372	NaN
7373	NaN
7374	NaN
7375	NaN
7376	NaN
7377	NaN
7378	NaN
7379	NaN
7380	NaN
7381	NaN
7382	NaN
7383	NaN
7384	NaN
7385	NaN
7386	NaN
7387	NaN
7388	NaN
7389	NaN
7390	NaN
7391	NaN
7392	NaN
7393	NaN
7394	NaN
7395	NaN
7396	NaN
7397	NaN
7398	NaN
7399	NaN
7400	NaN
7401	NaN
7402	NaN
7403	NaN
7404	NaN
7405	NaN
7406	NaN
7407	NaN
7408	NaN
7409	NaN
7410	NaN
7411	NaN
7412	NaN
7413	NaN
7414	NaN
7415	NaN
7416	NaN
7417	NaN
7418	NaN
7419	NaN
7420	NaN
7421	NaN
7422	NaN
7423	NaN
7424	NaN
7425	NaN
7426	NaN
7427	NaN
7428	NaN
7429	NaN
7430	NaN
7431	NaN
7432	NaN
7433	NaN
7434	NaN
7435	NaN
7436	NaN
7437	NaN
7438	NaN
7439	NaN
7440	NaN
7441	NaN
7442	NaN
7443	NaN
7444	NaN
7445	1.76310110
7446	1.20241320
7447	1.01817989
7448	0.92688823
7449	0.87278152
7450	0.83737588
7451	0.81275755
7452	0.79495943
7453	0.78176552
7454	0.77183568
7455	0.76430780
7456	0.75859988
7457	0.75430381
7458	0.75112391
7459	0.74884003
7460	0.74728537
7461	0.74633026
7462	0.74587220
7463	0.74582839
7464	0.74613035
7465	0.74671966
7466	0.74754447
7467	0.74855715
7468	0.74971193
7469	0.75096291
7470	0.75226313
7471	0.75356299
7472	0.75481009
7473	0.75594807
7474	0.75691730
7475	0.75765443
7476	0.75809401
7477	0.75816894
7478	0.75781262
7479	0.75696087
7480	0.75555444
7481	0.75354195
7482	0.75088269
7483	0.74755007
7484	0.74353373
7485	0.73884243
7486	0.73350513
7487	0.72757226
7488	0.72111487
7489	0.71422344
7490	0.70700520
7491	0.69958067
7492	0.69207895
7493	0.68463337
7494	0.67737597
7495	0.67043334
7496	0.66392136
7497	0.65794188
7498	0.65257972
7499	0.64790016
7500	0.64394760
7501	0.64074504
7502	0.63829416
7503	0.63657576
7504	0.63555110
7505	0.63516349
7506	0.63534021
7507	0.63599455
7508	0.63702852
7509	0.63833553
7510	0.63980341
7511	0.64131755
7512	0.64276421
7513	0.64403421
7514	0.64502591
7515	0.64564896
7516	0.64582664
7517	0.64549839
7518	0.64462197
7519	0.64317340
7520	0.64114779
7521	0.63855803
7522	0.63543344
7523	0.63181710
7524	0.62776363
7525	0.62333566
7526	0.61860073
7527	0.61362886
7528	0.60848922
7529	0.60324818
7530	0.59796739
7531	0.59270245
7532	0.58750188
7533	0.58240676
7534	0.57745081
7535	0.57266033
7536	0.56805485
7537	0.56364787
7538	0.55944753
7539	0.55545753
7540	0.55167800
7541	0.54810596
7542	0.54473633
7543	0.54156232
7544	0.53857571
7545	0.53576720
7546	0.53312641
7547	0.53064209
7548	0.52830201
7549	0.52609289
7550	0.52400053
7551	0.52200937
7552	0.52010316
7553	0.51826435
7554	0.51647460
7555	0.51471466
7556	0.51296461
7557	0.51120418
7558	0.50941300
7559	0.50757080
7560	0.50565803
7561	0.50365615
7562	0.50154805
7563	0.49931851
7564	0.49695495
7565	0.49444738
7566	0.49178910
7567	0.48897713
7568	0.48601222
7569	0.48289928
7570	0.47964761
7571	0.47627059
7572	0.47278571
7573	0.46921447
7574	0.46558124
7575	0.46191341
7576	0.45823982
7577	0.45459023
7578	0.45099375
7579	0.44747832
7580	0.44406918
7581	0.44078803
7582	0.43765232
7583	0.43467459
7584	0.43186218
7585	0.42921701
7586	0.42673603
7587	0.42441106
7588	0.42222980
7589	0.42017582
7590	0.41822970
7591	0.41636920
7592	0.41457009
7593	0.41280690
7594	0.41105327
7595	0.40928262
7596	0.40746880
7597	0.40558660
7598	0.40361220
7599	0.40152386
7600	0.39930218
7601	0.39693049
7602	0.39439544
7603	0.39168718
7604	0.38879949
7605	0.38573006
7606	0.38248056
7607	0.37905672
7608	0.37546816
7609	0.37172854
7610	0.36785522
7611	0.36386934
7612	0.35979509
7613	0.35565987
7614	0.35149357
7615	0.34732774
7616	0.34319565
7617	0.33913082
7618	0.33516681
7619	0.33133605
7620	0.32766950
7621	0.32419571
7622	0.32094058
7623	0.31792650
7624	0.31517231
7625	0.31269333
7626	0.31050083
7627	0.30860239
7628	0.30700171
7629	0.30569893
7630	0.30469018
7631	0.30396777
7632	0.30351973
7633	0.30332950
7634	0.30337581
7635	0.30363163
7636	0.30406404
7637	0.30463368
7638	0.30529454
7639	0.30599406
7640	0.30667347
7641	0.30726862
7642	0.30771145
7643	0.30793172
7644	0.30785960
7645	0.30742791
7646	0.30657515
7647	0.30524793
7648	0.30340323
7649	0.30101025
7650	0.29805070
7651	0.29451945
7652	0.29042345
7653	0.28578061
7654	0.28061780
7655	0.27496925
7656	0.26887432
7657	0.26237720
7658	0.25552434
7659	0.24836606
7660	0.24095549
7661	0.23335110
7662	0.22561836
7663	0.21783181
7664	0.21007927
7665	0.20246492
7666	0.19511467
7667	0.18818128
7668	0.18184914
7669	0.17634153
7670	0.17192519
7671	0.16891655
7672	0.16768639
7673	0.16866137
7674	0.17232552
7675	0.17921707
7676	0.18992420
7677	0.20507799
7678	0.22534619
7679	0.25143000
7680	0.28407320
7681	0.32408148
7682	0.37237471
7683	0.43007305
7684	0.49864414
7685	0.58014631
7686	0.67763656
7687	0.79587656
7688	0.94265848
7689	1.13149774
7690	1.38767385
7691	1.76397669
7692	2.39087009
7693	3.69959378
7694	NaN
7695	NaN
7696	NaN
7697	NaN
7698	NaN
7699	NaN
7700	NaN
7701	NaN
7702	NaN
7703	NaN
7704	NaN
7705	NaN
7706	NaN
7707	NaN
7708	NaN
7709	NaN
7710	NaN
7711	NaN
7712	NaN
7713	NaN
7714	NaN
7715	NaN
7716	NaN
7717	NaN
7718	NaN
7719	NaN
7720	NaN
7721	NaN
7722	NaN
7723	NaN
7724	NaN
7725	NaN
7726	NaN
7727	NaN
7728	NaN
7729	NaN
7730	NaN
7731	NaN
7732	NaN
7733	NaN
7734	NaN
7735	NaN
7736	NaN
7737	NaN
7738	NaN
7739	NaN
7740	NaN
7741	NaN
7742	NaN
7743	NaN
7744	NaN
7745	NaN
7746	NaN
7747	NaN
7748	NaN
7749	NaN
7750	NaN
7751	NaN
7752	NaN
7753	NaN
7754	NaN
7755	NaN
7756	NaN
7757	NaN
7758	NaN
7759	NaN
7760	NaN
7761	NaN
7762	NaN
7763	NaN
7764	NaN
7765	NaN
7766	NaN
7767	NaN
7768	NaN
7769	NaN
7770	NaN
7771	2.10801601
7772	1.33876383
7773	1.09040320
7774	0.97010708
7775	0.90051693
7776	0.85602778
7777	0.82571638
7778	0.80414307
7779	0.78829837
7780	0.77638417
7781	0.76726300
7782	0.76018256
7783	0.75462735
7784	0.75023466
7785	0.74674356
7786	0.74396324
7787	0.74175233
7788	0.74000478
7789	0.73864037
7790	0.73759764
7791	0.73682928
7792	0.73629731
7793	0.73597050
7794	0.73582196
7795	0.73582685
7796	0.73596048
7797	0.73619723
7798	0.73650891
7799	0.73686391
7800	0.73722655
7801	0.73755616
7802	0.73780698
7803	0.73792833
7804	0.73786461
7805	0.73755634
7806	0.73694110
7807	0.73595566
7808	0.73453796
7809	0.73262960
7810	0.73017967
7811	0.72714806
7812	0.72350889
7813	0.71925443
7814	0.71439815
7815	0.70897681
7816	0.70305121
7817	0.69670635
7818	0.69004875
7819	0.68320304
7820	0.67630708
7821	0.66950577
7822	0.66294461
7823	0.65676361
7824	0.65109074
7825	0.64603728
7826	0.64169335
7827	0.63812590
7828	0.63537663
7829	0.63346183
7830	0.63237315
7831	0.63207859
7832	0.63252425
7833	0.63363689
7834	0.63532573
7835	0.63748503
7836	0.63999665
7837	0.64273286
7838	0.64555901
7839	0.64833683
7840	0.65092796
7841	0.65319759
7842	0.65501881
7843	0.65627664
7844	0.65687275
7845	0.65672904
7846	0.65579158
7847	0.65403253
7848	0.65145165
7849	0.64807588
7850	0.64395732
7851	0.63917023
7852	0.63380635
7853	0.62797004
7854	0.62177205
7855	0.61532515
7856	0.60873872
7857	0.60211509
7858	0.59554666
7859	0.58911389
7860	0.58288473
7861	0.57691443
7862	0.57124591
7863	0.56591135
7864	0.56093305
7865	0.55632478
7866	0.55209351
7867	0.54824024
7868	0.54476118
7869	0.54164863
7870	0.53889132
7871	0.53647482
7872	0.53438169
7873	0.53259122
7874	0.53107989
7875	0.52982068
7876	0.52878314
7877	0.52793378
7878	0.52723545
7879	0.52664816
7880	0.52612913
7881	0.52563345
7882	0.52511448
7883	0.52452493
7884	0.52381772
7885	0.52294666
7886	0.52186799
7887	0.52054113
7888	0.51893026
7889	0.51700479
7890	0.51474094
7891	0.51212233
7892	0.50914067
7893	0.50579613
7894	0.50209767
7895	0.49806291
7896	0.49371785
7897	0.48909634
7898	0.48423928
7899	0.47919369
7900	0.47401151
7901	0.46874866
7902	0.46346337
7903	0.45821494
7904	0.45306230
7905	0.44806218
7906	0.44326788
7907	0.43872744
7908	0.43448222
7909	0.43056569
7910	0.42700207
7911	0.42380574
7912	0.42098066
7913	0.41852033
7914	0.41640815
7915	0.41461802
7916	0.41311538
7917	0.41185865
7918	0.41080031
7919	0.40988874
7920	0.40906972
7921	0.40828788
7922	0.40748811
7923	0.40661696
7924	0.40562376
7925	0.40446156
7926	0.40308800
7927	0.40146604
7928	0.39956442
7929	0.39735812
7930	0.39482903
7931	0.39196575
7932	0.38876393
7933	0.38522658
7934	0.38136372
7935	0.37719232
7936	0.37273598
7937	0.36802450
7938	0.36309323
7939	0.35798246
7940	0.35273641
7941	0.34740236
7942	0.34202957
7943	0.33666825
7944	0.33136842
7945	0.32617903
7946	0.32114702
7947	0.31631675
7948	0.31172937
7949	0.30742237
7950	0.30342963
7951	0.29978091
7952	0.29650208
7953	0.29361507
7954	0.29113778
7955	0.28908372
7956	0.28746229
7957	0.28627798
7958	0.28553000
7959	0.28521162
7960	0.28530949
7961	0.28580245
7962	0.28666070
7963	0.28784516
7964	0.28930616
7965	0.29098377
7966	0.29280695
7967	0.29469442
7968	0.29655576
7969	0.29829302
7970	0.29980364
7971	0.30098385
7972	0.30173194
7973	0.30195308
7974	0.30156282
7975	0.30049065
7976	0.29868287
7977	0.29610378
7978	0.29273629
7979	0.28858066
7980	0.28365356
7981	0.27798450
7982	0.27161396
7983	0.26459065
7984	0.25696918
7985	0.24880843
7986	0.24017052
7987	0.23112138
7988	0.22173162
7989	0.21207902
7990	0.20225132
7991	0.19235165
7992	0.18250360
7993	0.17285803
7994	0.16360056
7995	0.15495931
7996	0.14721365
7997	0.14070314
7998	0.13583346
7999	0.13308519
8000	0.13301241
8001	0.13624716
8002	0.14348939
8003	0.15550485
8004	0.17310891
8005	0.19716206
8006	0.22857417
8007	0.26832551
8008	0.31753480
8009	0.37758413
8010	0.45034990
8011	0.53861517
8012	0.64681417
8013	0.78244466
8014	0.95903176
8015	1.20307851
8016	1.57330334
8017	2.22843933
8018	NaN
8019	NaN
8020	NaN
8021	NaN
8022	NaN
8023	NaN
8024	NaN
8025	NaN
8026	NaN
8027	NaN
8028	NaN
8029	NaN
8030	NaN
8031	NaN
8032	NaN
8033	NaN
8034	NaN
8035	NaN
8036	NaN
8037	NaN
8038	NaN
8039	NaN
8040	NaN
8041	NaN
8042	NaN
8043	NaN
8044	NaN
8045	NaN
8046	NaN
8047	NaN
8048	NaN
8049	NaN
8050	NaN
8051	NaN
8052	NaN
8053	NaN
8054	NaN
8055	NaN
8056	NaN
8057	NaN
8058	NaN
8059	NaN
8060	NaN
8061	NaN
8062	NaN
8063	NaN
8064	NaN
8065	NaN
8066	NaN
8067	NaN
8068	NaN
8069	NaN
8070	NaN
8071	NaN
8072	NaN
8073	NaN
8074	NaN
8075	NaN
8076	NaN
8077	NaN
8078	NaN
8079	NaN
8080	NaN
8081	NaN
8082	NaN
8083	NaN
8084	NaN
8085	NaN
8086	NaN
8087	NaN
8088	NaN
8089	NaN
8090	NaN
8091	NaN
8092	NaN
8093	NaN
8094	NaN
8095	NaN
8096	NaN
8097	NaN
8098	NaN
8099	NaN
8100	NaN
8101	NaN
8102	2.19513297
8103	1.33339226
8104	1.07480454
8105	0.95313168
8106	0.88415354
8107	0.84091991
8108	0.81213689
8109	0.79223663
8110	0.77815479
8111	0.76806581
8112	0.76081365
8113	0.75563192
8114	0.75199318
8115	0.74952364
8116	0.74795246
8117	0.74707907
8118	0.74675250
8119	0.74685806
8120	0.74730647
8121	0.74802738
8122	0.74896431
8123	0.75007015
8124	0.75130421
8125	0.75263000
8126	0.75401253
8127	0.75541747
8128	0.75680965
8129	0.75815195
8130	0.75940496
8131	0.76052648
8132	0.76147133
8133	0.76219171
8134	0.76263720
8135	0.76275587
8136	0.76249534
8137	0.76180381
8138	0.76063240
8139	0.75893676
8140	0.75667983
8141	0.75383431
8142	0.75038481
8143	0.74633098
8144	0.74168873
8145	0.73649180
8146	0.73079234
8147	0.72466028
8148	0.71818179
8149	0.71145684
8150	0.70459563
8151	0.69771492
8152	0.69093293
8153	0.68436557
8154	0.67812186
8155	0.67230022
8156	0.66698521
8157	0.66224539
8158	0.65813142
8159	0.65467507
8160	0.65188903
8161	0.64976740
8162	0.64828581
8163	0.64740342
8164	0.64706391
8165	0.64719737
8166	0.64772260
8167	0.64854920
8168	0.64958006
8169	0.65071440
8170	0.65185022
8171	0.65288782
8172	0.65373230
8173	0.65429688
8174	0.65450537
8175	0.65429461
8176	0.65361601
8177	0.65243691
8178	0.65074104
8179	0.64852804
8180	0.64581275
8181	0.64262354
8182	0.63900065
8183	0.63499355
8184	0.63065857
8185	0.62605637
8186	0.62124950
8187	0.61630040
8188	0.61126930
8189	0.60621256
8190	0.60118175
8191	0.59622258
8192	0.59137458
8193	0.58667058
8194	0.58213711
8195	0.57779437
8196	0.57365698
8197	0.56973416
8198	0.56603044
8199	0.56254631
8200	0.55927831
8201	0.55622000
8202	0.55336183
8203	0.55069160
8204	0.54819471
8205	0.54585433
8206	0.54365152
8207	0.54156566
8208	0.53957462
8209	0.53765512
8210	0.53578329
8211	0.53393483
8212	0.53208613
8213	0.53021407
8214	0.52829713
8215	0.52631521
8216	0.52425075
8217	0.52208835
8218	0.51981562
8219	0.51742268
8220	0.51490265
8221	0.51225144
8222	0.50946772
8223	0.50655264
8224	0.50351024
8225	0.50034684
8226	0.49707124
8227	0.49369463
8228	0.49023056
8229	0.48669469
8230	0.48310477
8231	0.47948018
8232	0.47584161
8233	0.47221074
8234	0.46860945
8235	0.46505934
8236	0.46158069
8237	0.45819205
8238	0.45490927
8239	0.45174488
8240	0.44870773
8241	0.44580239
8242	0.44302928
8243	0.44038472
8244	0.43786100
8245	0.43544707
8246	0.43312892
8247	0.43089029
8248	0.42871311
8249	0.42657807
8250	0.42446530
8251	0.42235452
8252	0.42022568
8253	0.41805908
8254	0.41583580
8255	0.41353780
8256	0.41114855
8257	0.40865305
8258	0.40603811
8259	0.40329289
8260	0.40040880
8261	0.39737999
8262	0.39420348
8263	0.39087901
8264	0.38740939
8265	0.38380033
8266	0.38006055
8267	0.37620193
8268	0.37223899
8269	0.36818939
8270	0.36407354
8271	0.35991427
8272	0.35573682
8273	0.35156819
8274	0.34743673
8275	0.34337172
8276	0.33940241
8277	0.33555761
8278	0.33186489
8279	0.32835019
8280	0.32503706
8281	0.32194629
8282	0.31909555
8283	0.31649932
8284	0.31416848
8285	0.31211051
8286	0.31032923
8287	0.30882469
8288	0.30759335
8289	0.30662781
8290	0.30591652
8291	0.30544373
8292	0.30518901
8293	0.30512723
8294	0.30522799
8295	0.30545536
8296	0.30576813
8297	0.30611950
8298	0.30645788
8299	0.30672732
8300	0.30686888
8301	0.30682161
8302	0.30652511
8303	0.30592069
8304	0.30495402
8305	0.30357677
8306	0.30174842
8307	0.29943755
8308	0.29662290
8309	0.29329380
8310	0.28944966
8311	0.28509986
8312	0.28026313
8313	0.27496585
8314	0.26924202
8315	0.26313165
8316	0.25668103
8317	0.24994189
8318	0.24297175
8319	0.23583551
8320	0.22860599
8321	0.22136673
8322	0.21421432
8323	0.20726220
8324	0.20064466
8325	0.19452207
8326	0.18908700
8327	0.18456928
8328	0.18124333
8329	0.17943461
8330	0.17952619
8331	0.18196622
8332	0.18727161
8333	0.19603556
8334	0.20893259
8335	0.22672655
8336	0.25028133
8337	0.28058058
8338	0.31876403
8339	0.36619028
8340	0.42454410
8341	0.49601954
8342	0.58363748
8343	0.69180065
8344	0.82730037
8345	1.00128102
8346	1.23339891
8347	1.56167853
8348	2.07000089
8349	2.98578191
8350	NaN
8351	NaN
8352	NaN
8353	NaN
8354	NaN
8355	NaN
8356	NaN
8357	NaN
8358	NaN
8359	NaN
8360	NaN
8361	NaN
8362	NaN
8363	NaN
8364	NaN
8365	NaN
8366	NaN
8367	NaN
8368	NaN
8369	NaN
8370	NaN
8371	NaN
8372	NaN
8373	NaN
8374	NaN
8375	NaN
8376	NaN
8377	NaN
8378	NaN
8379	NaN
8380	NaN
8381	NaN
8382	NaN
8383	NaN
8384	NaN
8385	NaN
8386	NaN
8387	NaN
8388	NaN
8389	NaN
8390	NaN
8391	NaN
8392	NaN
8393	NaN
8394	NaN
8395	NaN
8396	NaN
8397	NaN
8398	NaN
8399	NaN
8400	NaN
8401	NaN
8402	NaN
8403	NaN
8404	NaN
8405	NaN
8406	NaN
8407	NaN
8408	NaN
8409	NaN
8410	NaN
8411	NaN
8412	NaN
8413	NaN
8414	NaN
8415	NaN
8416	NaN
8417	NaN
8418	NaN
8419	NaN
8420	NaN
8421	NaN
8422	NaN
8423	NaN
8424	NaN
8425	NaN
8426	NaN
8427	NaN
8428	NaN
8429	NaN
8430	NaN
8431	NaN
8432	NaN
8433	NaN
8434	NaN
8435	NaN
8436	NaN
8437	NaN
8438	1.81718731
8439	1.18328714
8440	0.97784692
8441	0.87945271
8442	0.82359076
8443	0.78873479
8444	0.76566321
8445	0.74977446
8446	0.73852187
8447	0.73038822
8448	0.72441828
8449	0.71998483
8450	0.71666360
8451	0.71416026
8452	0.71226698
8453	0.71083570
8454	0.70975965
8455	0.70896173
8456	0.70838577
8457	0.70799059
8458	0.70774555
8459	0.70762736
8460	0.70761687
8461	0.70769733
8462	0.70785254
8463	0.70806539
8464	0.70831656
8465	0.70858383
8466	0.70884097
8467	0.70905751
8468	0.70919806
8469	0.70922261
8470	0.70908618
8471	0.70873988
8472	0.70813167
8473	0.70720768
8474	0.70591438
8475	0.70420063
8476	0.70202088
8477	0.69933760
8478	0.69612473
8479	0.69237083
8480	0.68808103
8481	0.68327910
8482	0.67800844
8483	0.67233187
8484	0.66632986
8485	0.66009825
8486	0.65374500
8487	0.64738554
8488	0.64113843
8489	0.63512075
8490	0.62944341
8491	0.62420750
8492	0.61950040
8493	0.61539370
8494	0.61194062
8495	0.60917521
8496	0.60711128
8497	0.60574263
8498	0.60504329
8499	0.60496783
8500	0.60545325
8501	0.60641980
8502	0.60777330
8503	0.60940719
8504	0.61120570
8505	0.61304682
8506	0.61480600
8507	0.61636007
8508	0.61759168
8509	0.61839336
8510	0.61867148
8511	0.61834991
8512	0.61737299
8513	0.61570746
8514	0.61334342
8515	0.61029398
8516	0.60659385
8517	0.60229677
8518	0.59747177
8519	0.59219980
8520	0.58656907
8521	0.58067083
8522	0.57459569
8523	0.56843054
8524	0.56225556
8525	0.55614251
8526	0.55015373
8527	0.54434144
8528	0.53874826
8529	0.53340703
8530	0.52834272
8531	0.52357256
8532	0.51910812
8533	0.51495552
8534	0.51111716
8535	0.50759238
8536	0.50437766
8537	0.50146735
8538	0.49885336
8539	0.49652538
8540	0.49447000
8541	0.49267092
8542	0.49110821
8543	0.48975810
8544	0.48859271
8545	0.48758045
8546	0.48668578
8547	0.48587003
8548	0.48509189
8549	0.48430797
8550	0.48347417
8551	0.48254627
8552	0.48148125
8553	0.48023805
8554	0.47877896
8555	0.47707015
8556	0.47508287
8557	0.47279412
8558	0.47018728
8559	0.46725249
8560	0.46398744
8561	0.46039715
8562	0.45649445
8563	0.45229968
8564	0.44784054
8565	0.44315156
8566	0.43827346
8567	0.43325225
8568	0.42813805
8569	0.42298394
8570	0.41784424
8571	0.41277307
8572	0.40782267
8573	0.40304157
8574	0.39847341
8575	0.39415523
8576	0.39011654
8577	0.38637841
8578	0.38295290
8579	0.37984329
8580	0.37704381
8581	0.37454051
8582	0.37231192
8583	0.37032992
8584	0.36856118
8585	0.36696824
8586	0.36551085
8587	0.36414719
8588	0.36283514
8589	0.36153331
8590	0.36020219
8591	0.35880458
8592	0.35730681
8593	0.35567877
8594	0.35389474
8595	0.35193333
8596	0.34977791
8597	0.34741661
8598	0.34484240
8599	0.34205294
8600	0.33905032
8601	0.33584112
8602	0.33243579
8603	0.32884854
8604	0.32509673
8605	0.32120073
8606	0.31718314
8607	0.31306863
8608	0.30888319
8609	0.30465397
8610	0.30040875
8611	0.29617527
8612	0.29198158
8613	0.28785509
8614	0.28382275
8615	0.27991068
8616	0.27614430
8617	0.27254793
8618	0.26914495
8619	0.26595771
8620	0.26300737
8621	0.26031378
8622	0.25789541
8623	0.25576881
8624	0.25394824
8625	0.25244528
8626	0.25126782
8627	0.25041938
8628	0.24989793
8629	0.24969500
8630	0.24979489
8631	0.25017303
8632	0.25079545
8633	0.25161842
8634	0.25258774
8635	0.25363973
8636	0.25470176
8637	0.25569415
8638	0.25653255
8639	0.25713110
8640	0.25740597
8641	0.25727841
8642	0.25667870
8643	0.25554824
8644	0.25384265
8645	0.25153187
8646	0.24860160
8647	0.24505168
8648	0.24089701
8649	0.23616484
8650	0.23089381
8651	0.22513361
8652	0.21894361
8653	0.21239324
8654	0.20556243
8655	0.19854264
8656	0.19143930
8657	0.18437476
8658	0.17749211
8659	0.17095889
8660	0.16497201
8661	0.15976287
8662	0.15560138
8663	0.15280032
8664	0.15171613
8665	0.15274902
8666	0.15633966
8667	0.16296275
8668	0.17311586
8669	0.18730614
8670	0.20603460
8671	0.22978471
8672	0.25901133
8673	0.29414430
8674	0.33560652
8675	0.38385302
8676	0.43944281
8677	0.50314826
8678	0.57612473
8679	0.66017330
8680	0.75817502
8681	0.87483495
8682	1.01810265
8683	1.20212376
8684	1.45413649
8685	1.83335757
8686	2.49619436
8687	NaN
8688	NaN
8689	NaN
8690	NaN
8691	NaN
8692	NaN
8693	NaN
8694	NaN
8695	NaN
8696	NaN
8697	NaN
8698	NaN
8699	NaN
8700	NaN
8701	NaN
8702	NaN
8703	NaN
8704	NaN
8705	NaN
8706	NaN
8707	NaN
8708	NaN
8709	NaN
8710	NaN
8711	NaN
8712	NaN
8713	NaN
8714	NaN
8715	NaN
8716	NaN
8717	NaN
8718	NaN
8719	NaN
8720	NaN
8721	NaN
8722	NaN
8723	NaN
8724	NaN
8725	NaN
8726	NaN
8727	NaN
8728	NaN
8729	NaN
8730	NaN
8731	NaN
8732	NaN
8733	NaN
8734	NaN
8735	NaN
8736	NaN
8737	NaN
8738	NaN
8739	NaN
8740	NaN
8741	NaN
8742	NaN
8743	NaN
8744	NaN
8745	NaN
8746	NaN
8747	NaN
8748	NaN
8749	NaN
8750	NaN
8751	NaN
8752	NaN
8753	NaN
8754	NaN
8755	NaN
8756	NaN
8757	NaN
8758	NaN
8759	NaN
8760	NaN
8761	NaN
8762	NaN
8763	NaN
8764	1.64115000
8765	1.19126225
8766	1.01754606
8767	0.92636311
8768	0.87083840
8769	0.83396310
8770	0.80807412
8771	0.78920680
8772	0.77510250
8773	0.76437891
8774	0.75614113
8775	0.74978375
8776	0.74488264
8777	0.74113113
8778	0.73830223
8779	0.73622441
8780	0.73476523
8781	0.73382074
8782	0.73330814
8783	0.73315942
8784	0.73331785
8785	0.73373389
8786	0.73436284
8787	0.73516238
8788	0.73609036
8789	0.73710346
8790	0.73815554
8791	0.73919666
8792	0.74017239
8793	0.74102360
8794	0.74168599
8795	0.74209124
8796	0.74216771
8797	0.74184209
8798	0.74104190
8799	0.73969758
8800	0.73774660
8801	0.73513585
8802	0.73182660
8803	0.72779703
8804	0.72304583
8805	0.71759504
8806	0.71149081
8807	0.70480430
8808	0.69763035
8809	0.69008440
8810	0.68229896
8811	0.67441851
8812	0.66659361
8813	0.65897471
8814	0.65170676
8815	0.64492333
8816	0.63874239
8817	0.63326240
8818	0.62855989
8819	0.62468809
8820	0.62167567
8821	0.61952752
8822	0.61822522
8823	0.61772817
8824	0.61797535
8825	0.61888742
8826	0.62036854
8827	0.62230903
8828	0.62458813
8829	0.62707698
8830	0.62964189
8831	0.63214844
8832	0.63446486
8833	0.63646638
8834	0.63803941
8835	0.63908494
8836	0.63952214
8837	0.63929099
8838	0.63835377
8839	0.63669580
8840	0.63432527
8841	0.63127136
8842	0.62758189
8843	0.62332040
8844	0.61856198
8845	0.61338985
8846	0.60789096
8847	0.60215300
8848	0.59626096
8849	0.59029466
8850	0.58432728
8851	0.57842380
8852	0.57264066
8853	0.56702566
8854	0.56161809
8855	0.55644959
8856	0.55154473
8857	0.54692173
8858	0.54259330
8859	0.53856730
8860	0.53484702
8861	0.53143156
8862	0.52831632
8863	0.52549243
8864	0.52294713
8865	0.52066350
8866	0.51862085
8867	0.51679438
8868	0.51515561
8869	0.51367295
8870	0.51231247
8871	0.51103795
8872	0.50981247
8873	0.50859886
8874	0.50736070
8875	0.50606292
8876	0.50467300
8877	0.50316077
8878	0.50149971
8879	0.49966681
8880	0.49764320
8881	0.49541435
8882	0.49297026
8883	0.49030593
8884	0.48742130
8885	0.48432153
8886	0.48101708
8887	0.47752336
8888	0.47386074
8889	0.47005391
8890	0.46613157
8891	0.46212536
8892	0.45806938
8893	0.45399937
8894	0.44995135
8895	0.44596115
8896	0.44206294
8897	0.43828866
8898	0.43466687
8899	0.43122175
8900	0.42797250
8901	0.42493251
8902	0.42210928
8903	0.41950348
8904	0.41710967
8905	0.41491604
8906	0.41290501
8907	0.41105381
8908	0.40933529
8909	0.40771878
8910	0.40617096
8911	0.40465710
8912	0.40314168
8913	0.40158954
8914	0.39996666
8915	0.39824089
8916	0.39638287
8917	0.39436609
8918	0.39216781
8919	0.38976920
8920	0.38715550
8921	0.38431641
8922	0.38124603
8923	0.37794280
8924	0.37440968
8925	0.37065408
8926	0.36668780
8927	0.36252698
8928	0.35819206
8929	0.35370767
8930	0.34910229
8931	0.34440804
8932	0.33965996
8933	0.33489564
8934	0.33015418
8935	0.32547539
8936	0.32089898
8937	0.31646347
8938	0.31220546
8939	0.30815902
8940	0.30435467
8941	0.30081934
8942	0.29757571
8943	0.29464233
8944	0.29203326
8945	0.28975824
8946	0.28782246
8947	0.28622693
8948	0.28496799
8949	0.28403735
8950	0.28342187
8951	0.28310314
8952	0.28305703
8953	0.28325352
8954	0.28365606
8955	0.28422141
8956	0.28489986
8957	0.28563491
8958	0.28636396
8959	0.28701955
8960	0.28753012
8961	0.28782204
8962	0.28782156
8963	0.28745699
8964	0.28666103
8965	0.28537366
8966	0.28354350
8967	0.28113049
8968	0.27810651
8969	0.27445671
8970	0.27017936
8971	0.26528570
8972	0.25979927
8973	0.25375462
8974	0.24719617
8975	0.24017721
8976	0.23275913
8977	0.22501005
8978	0.21700482
8979	0.20882502
8980	0.20055954
8981	0.19230497
8982	0.18416725
8983	0.17626280
8984	0.16872041
8985	0.16168296
8986	0.15530945
8987	0.14977537
8988	0.14527567
8989	0.14202170
8990	0.14024420
8991	0.14018723
8992	0.14210591
8993	0.14626019
8994	0.15290798
8995	0.16229813
8996	0.17466202
8997	0.19020787
8998	0.20911601
8999	0.23154053
9000	0.25761226
9001	0.28745076
9002	0.32118264
9003	0.35896942
9004	0.40104508
9005	0.44777128
9006	0.49971414
9007	0.55775762
9008	0.62328833
9009	0.69849223
9010	0.78689051
9011	0.89437920
9012	1.03139567
9013	1.21806347
9014	1.49840772
9015	1.99015677
9016	NaN
9017	NaN
9018	NaN
9019	NaN
9020	NaN
9021	NaN
9022	NaN
9023	NaN
9024	NaN
9025	NaN
9026	NaN
9027	NaN
9028	NaN
9029	NaN
9030	NaN
9031	NaN
9032	NaN
9033	NaN
9034	NaN
9035	NaN
9036	NaN
9037	NaN
9038	NaN
9039	NaN
9040	NaN
9041	NaN
9042	NaN
9043	NaN
9044	NaN
9045	NaN
9046	NaN
9047	NaN
9048	NaN
9049	NaN
9050	NaN
9051	NaN
9052	NaN
9053	NaN
9054	NaN
9055	NaN
9056	NaN
9057	NaN
9058	NaN
9059	NaN
9060	NaN
9061	NaN
9062	NaN
9063	NaN
9064	NaN
9065	NaN
9066	NaN
9067	NaN
9068	NaN
9069	NaN
9070	NaN
9071	NaN
9072	NaN
9073	NaN
9074	NaN
9075	NaN
9076	NaN
9077	NaN
9078	NaN
9079	NaN
9080	NaN
9081	NaN
9082	NaN
9083	NaN
9084	NaN
9085	NaN
9086	NaN
9087	NaN
9088	NaN
9089	NaN
9090	NaN
9091	NaN
9092	NaN
9093	NaN
9094	NaN
9095	NaN
9096	NaN
9097	2.51613045
9098	1.30848861
9099	1.01618969
9100	0.88929349
9101	0.82107949
9102	0.78019166
9103	0.75409436
9104	0.73679483
9105	0.72506988
9106	0.71703452
9107	0.71151739
9108	0.70775563
9109	0.70523494
9110	0.70360023
9111	0.70260108
9112	0.70205897
9113	0.70184553
9114	0.70186788
9115	0.70205832
9116	0.70236725
9117	0.70275754
9118	0.70320040
9119	0.70367265
9120	0.70415390
9121	0.70462471
9122	0.70506531
9123	0.70545459
9124	0.70576888
9125	0.70598173
9126	0.70606351
9127	0.70598125
9128	0.70569891
9129	0.70517755
9130	0.70437628
9131	0.70325285
9132	0.70176548
9133	0.69987410
9134	0.69754261
9135	0.69474071
9136	0.69144666
9137	0.68764949
9138	0.68335134
9139	0.67856944
9140	0.67333734
9141	0.66770571
9142	0.66174221
9143	0.65552962
9144	0.64916438
9145	0.64275306
9146	0.63640869
9147	0.63024640
9148	0.62437928
9149	0.61891377
9150	0.61394578
9151	0.60955763
9152	0.60581481
9153	0.60276484
9154	0.60043538
9155	0.59883434
9156	0.59794950
9157	0.59774983
9158	0.59818578
9159	0.59919113
9160	0.60068452
9161	0.60257089
9162	0.60474402
9163	0.60708863
9164	0.60948300
9165	0.61180204
9166	0.61392057
9167	0.61571658
9168	0.61707586
9169	0.61789513
9170	0.61808652
9171	0.61758095
9172	0.61633080
9173	0.61431265
9174	0.61152762
9175	0.60800153
9176	0.60378289
9177	0.59894043
9178	0.59355903
9179	0.58773530
9180	0.58157277
9181	0.57517701
9182	0.56865162
9183	0.56209451
9184	0.55559510
9185	0.54923266
9186	0.54307562
9187	0.53718042
9188	0.53159302
9189	0.52634859
9190	0.52147317
9191	0.51698440
9192	0.51289254
9193	0.50920159
9194	0.50590974
9195	0.50301021
9196	0.50049132
9197	0.49833706
9198	0.49652705
9199	0.49503660
9200	0.49383661
9201	0.49289396
9202	0.49217120
9203	0.49162745
9204	0.49121815
9205	0.49089605
9206	0.49061179
9207	0.49031439
9208	0.48995268
9209	0.48947567
9210	0.48883396
9211	0.48798075
9212	0.48687276
9213	0.48547137
9214	0.48374349
9215	0.48166263
9216	0.47920924
9217	0.47637156
9218	0.47314587
9219	0.46953675
9220	0.46555716
9221	0.46122810
9222	0.45657846
9223	0.45164445
9224	0.44646871
9225	0.44109979
9226	0.43559095
9227	0.42999896
9228	0.42438298
9229	0.41880310
9230	0.41331893
9231	0.40798807
9232	0.40286493
9233	0.39799869
9234	0.39343256
9235	0.38920227
9236	0.38533527
9237	0.38184977
9238	0.37875456
9239	0.37604868
9240	0.37372169
9241	0.37175390
9242	0.37011722
9243	0.36877596
9244	0.36768812
9245	0.36680618
9246	0.36607888
9247	0.36545214
9248	0.36487079
9249	0.36427960
9250	0.36362442
9251	0.36285347
9252	0.36191815
9253	0.36077398
9254	0.35938114
9255	0.35770535
9256	0.35571837
9257	0.35339841
9258	0.35073084
9259	0.34770840
9260	0.34433165
9261	0.34060928
9262	0.33655810
9263	0.33220285
9264	0.32757622
9265	0.32271793
9266	0.31767401
9267	0.31249574
9268	0.30723825
9269	0.30195922
9270	0.29671705
9271	0.29156959
9272	0.28657255
9273	0.28177813
9274	0.27723432
9275	0.27298376
9276	0.26906368
9277	0.26550525
9278	0.26233435
9279	0.25957102
9280	0.25723058
9281	0.25532353
9282	0.25385600
9283	0.25282979
9284	0.25224262
9285	0.25208741
9286	0.25235176
9287	0.25301731
9288	0.25405803
9289	0.25543982
9290	0.25711799
9291	0.25903726
9292	0.26112995
9293	0.26331592
9294	0.26550287
9295	0.26758727
9296	0.26945710
9297	0.27099496
9298	0.27208230
9299	0.27260500
9300	0.27245787
9301	0.27154988
9302	0.26980823
9303	0.26718166
9304	0.26364103
9305	0.25918022
9306	0.25381407
9307	0.24757628
9308	0.24051663
9309	0.23269711
9310	0.22418974
9311	0.21507335
9312	0.20543300
9313	0.19535933
9314	0.18494982
9315	0.17431150
9316	0.16356611
9317	0.15285704
9318	0.14235823
9319	0.13228789
9320	0.12292499
9321	0.11463039
9322	0.10787559
9323	0.10327750
9324	0.10164553
9325	0.10404172
9326	0.11185904
9327	0.12693043
9328	0.15167759
9329	0.18932660
9330	0.24424876
9331	0.32250559
9332	0.43283215
9333	0.58849430
9334	0.81119448
9335	1.14007056
9336	1.65570438
9337	2.55886173
9338	NaN
9339	NaN
9340	NaN
9341	NaN
9342	NaN
9343	NaN
9344	NaN
9345	NaN
9346	NaN
9347	NaN
9348	NaN
9349	NaN
9350	NaN
9351	NaN
9352	NaN
9353	NaN
9354	NaN
9355	NaN
9356	NaN
9357	NaN
9358	NaN
9359	NaN
9360	NaN
9361	NaN
9362	NaN
9363	NaN
9364	NaN
9365	NaN
9366	NaN
9367	NaN
9368	NaN
9369	NaN
9370	NaN
9371	NaN
9372	NaN
9373	NaN
9374	NaN
9375	NaN
9376	NaN
9377	NaN
9378	NaN
9379	NaN
9380	NaN
9381	NaN
9382	NaN
9383	NaN
9384	NaN
9385	NaN
9386	NaN
9387	NaN
9388	NaN
9389	NaN
9390	NaN
9391	NaN
9392	NaN
9393	NaN
9394	NaN
9395	NaN
9396	NaN
9397	NaN
9398	NaN
9399	NaN
9400	NaN
9401	NaN
9402	NaN
9403	NaN
9404	NaN
9405	NaN
9406	NaN
9407	NaN
9408	NaN
9409	NaN
9410	NaN
9411	NaN
9412	NaN
9413	NaN
9414	NaN
9415	NaN
9416	NaN
9417	NaN
9418	NaN
9419	NaN
9420	3.09286785
9421	1.44324780
9422	1.12210071
9423	0.98515546
9424	0.90940571
9425	0.86157292
9426	0.82889086
9427	0.80540037
9428	0.78793657
9429	0.77465677
9430	0.76441139
9431	0.75644219
9432	0.75022745
9433	0.74539399
9434	0.74166721
9435	0.73884004
9436	0.73675299
9437	0.73528069
9438	0.73432356
9439	0.73380077
9440	0.73364580
9441	0.73380280
9442	0.73422331
9443	0.73486370
9444	0.73568338
9445	0.73664242
9446	0.73770016
9447	0.73881382
9448	0.73993713
9449	0.74101990
9450	0.74200743
9451	0.74284047
9452	0.74345583
9453	0.74378759
9454	0.74376863
9455	0.74333268
9456	0.74241745
9457	0.74096727
9458	0.73893595
9459	0.73629034
9460	0.73301309
9461	0.72910470
9462	0.72458524
9463	0.71949500
9464	0.71389455
9465	0.70786262
9466	0.70149440
9467	0.69489813
9468	0.68819094
9469	0.68149507
9470	0.67493284
9471	0.66862261
9472	0.66267467
9473	0.65718746
9474	0.65224475
9475	0.64791322
9476	0.64424050
9477	0.64125460
9478	0.63896304
9479	0.63735342
9480	0.63639361
9481	0.63603336
9482	0.63620567
9483	0.63682908
9484	0.63780993
9485	0.63904536
9486	0.64042628
9487	0.64184111
9488	0.64317924
9489	0.64433455
9490	0.64520925
9491	0.64571667
9492	0.64578426
9493	0.64535588
9494	0.64439291
9495	0.64287478
9496	0.64079899
9497	0.63818014
9498	0.63504773
9499	0.63144422
9500	0.62742227
9501	0.62304169
9502	0.61836672
9503	0.61346304
9504	0.60839558
9505	0.60322601
9506	0.59801173
9507	0.59280413
9508	0.58764851
9509	0.58258343
9510	0.57764101
9511	0.57284760
9512	0.56822371
9513	0.56378543
9514	0.55954456
9515	0.55550939
9516	0.55168545
9517	0.54807562
9518	0.54468060
9519	0.54149884
9520	0.53852671
9521	0.53575826
9522	0.53318524
9523	0.53079712
9524	0.52858067
9525	0.52652019
9526	0.52459770
9527	0.52279258
9528	0.52108234
9529	0.51944250
9530	0.51784676
9531	0.51626784
9532	0.51467746
9533	0.51304710
9534	0.51134861
9535	0.50955456
9536	0.50763923
9537	0.50557917
9538	0.50335389
9539	0.50094682
9540	0.49834540
9541	0.49554214
9542	0.49253446
9543	0.48932534
9544	0.48592317
9545	0.48234144
9546	0.47859871
9547	0.47471803
9548	0.47072613
9549	0.46665293
9550	0.46253043
9551	0.45839196
9552	0.45427105
9553	0.45020032
9554	0.44621068
9555	0.44233006
9556	0.43858278
9557	0.43498874
9558	0.43156272
9559	0.42831433
9560	0.42524758
9561	0.42236102
9562	0.41964799
9563	0.41709721
9564	0.41469309
9565	0.41241661
9566	0.41024607
9567	0.40815774
9568	0.40612686
9569	0.40412831
9570	0.40213728
9571	0.40012994
9572	0.39808419
9573	0.39597976
9574	0.39379856
9575	0.39152539
9576	0.38914731
9577	0.38665420
9578	0.38403851
9579	0.38129488
9580	0.37842047
9581	0.37541449
9582	0.37227786
9583	0.36901355
9584	0.36562604
9585	0.36212155
9586	0.35850799
9587	0.35479498
9588	0.35099378
9589	0.34711772
9590	0.34318191
9591	0.33920333
9592	0.33520105
9593	0.33119586
9594	0.32721028
9595	0.32326815
9596	0.31939438
9597	0.31561500
9598	0.31195590
9599	0.30844307
9600	0.30510199
9601	0.30195686
9602	0.29903060
9603	0.29634410
9604	0.29391572
9605	0.29176092
9606	0.28989163
9607	0.28831589
9608	0.28703725
9609	0.28605410
9610	0.28535935
9611	0.28493989
9612	0.28477615
9613	0.28484207
9614	0.28510490
9615	0.28552529
9616	0.28605813
9617	0.28665274
9618	0.28725383
9619	0.28780288
9620	0.28823942
9621	0.28850272
9622	0.28853318
9623	0.28827411
9624	0.28767350
9625	0.28668511
9626	0.28527012
9627	0.28339753
9628	0.28104517
9629	0.27820003
9630	0.27485788
9631	0.27102411
9632	0.26671222
9633	0.26194525
9634	0.25675389
9635	0.25117818
9636	0.24526687
9637	0.23907849
9638	0.23268197
9639	0.22615847
9640	0.21960177
9641	0.21312013
9642	0.20683791
9643	0.20089649
9644	0.19545598
9645	0.19069532
9646	0.18681267
9647	0.18402448
9648	0.18256409
9649	0.18267961
9650	0.18462990
9651	0.18868117
9652	0.19510284
9653	0.20416482
9654	0.21613641
9655	0.23128903
9656	0.24990314
9657	0.27228031
9658	0.29876602
9659	0.32977983
9660	0.36586210
9661	0.40774110
9662	0.45643443
9663	0.51340389
9664	0.58080536
9665	0.66191620
9666	0.76190710
9667	0.88934886
9668	1.05942976
9669	1.30168390
9670	1.68188667
9671	2.38184714
9672	NaN
9673	NaN
9674	NaN
9675	NaN
9676	NaN
9677	NaN
9678	NaN
9679	NaN
9680	NaN
9681	NaN
9682	NaN
9683	NaN
9684	NaN
9685	NaN
9686	NaN
9687	NaN
9688	NaN
9689	NaN
9690	NaN
9691	NaN
9692	NaN
9693	NaN
9694	NaN
9695	NaN
9696	NaN
9697	NaN
9698	NaN
9699	NaN
9700	NaN
9701	NaN
9702	NaN
9703	NaN
9704	NaN
9705	NaN
9706	NaN
9707	NaN
9708	NaN
9709	NaN
9710	NaN
9711	NaN
9712	NaN
9713	NaN
9714	NaN
9715	NaN
9716	NaN
9717	NaN
9718	NaN
9719	NaN
9720	NaN
9721	NaN
9722	NaN
9723	NaN
9724	NaN
9725	NaN
9726	NaN
9727	NaN
9728	NaN
9729	NaN
9730	NaN
9731	NaN
9732	NaN
9733	NaN
9734	NaN
9735	NaN
9736	NaN
9737	NaN
9738	NaN
9739	NaN
9740	NaN
9741	NaN
9742	NaN
9743	NaN
9744	NaN
9745	2.75089884
9746	1.38043499
9747	1.09933770
9748	0.97967350
9749	0.91418052
9750	0.87330973
9751	0.84565121
9752	0.82587576
9753	0.81116295
9754	0.79988408
9755	0.79103518
9756	0.78396499
9757	0.77823508
9758	0.77354145
9759	0.76966816
9760	0.76645941
9761	0.76380157
9762	0.76161093
9763	0.75982541
9764	0.75839889
9765	0.75729603
9766	0.75648928
9767	0.75595611
9768	0.75567627
9769	0.75562990
9770	0.75579607
9771	0.75615072
9772	0.75666577
9773	0.75730759
9774	0.75803632
9775	0.75880492
9776	0.75955874
9777	0.76023543
9778	0.76076525
9779	0.76107192
9780	0.76107365
9781	0.76068586
9782	0.75982302
9783	0.75840271
9784	0.75634950
9785	0.75359964
9786	0.75010574
9787	0.74584246
9788	0.74080980
9789	0.73503733
9790	0.72858572
9791	0.72154671
9792	0.71404076
9793	0.70621294
9794	0.69822663
9795	0.69025558
9796	0.68247640
9797	0.67505962
9798	0.66816258
9799	0.66192287
9800	0.65645379
9801	0.65184081
9802	0.64814031
9803	0.64537925
9804	0.64355582
9805	0.64264166
9806	0.64258301
9807	0.64330453
9808	0.64471066
9809	0.64668941
9810	0.64911449
9811	0.65184855
9812	0.65474659
9813	0.65765876
9814	0.66043460
9815	0.66292685
9816	0.66499597
9817	0.66651452
9818	0.66737187
9819	0.66747850
9820	0.66677016
9821	0.66520995
9822	0.66279072
9823	0.65953434
9824	0.65549064
9825	0.65073413
9826	0.64535904
9827	0.63947451
9828	0.63319844
9829	0.62665147
9830	0.61995196
9831	0.61321127
9832	0.60653043
9833	0.59999800
9834	0.59368837
9835	0.58766222
9836	0.58196652
9837	0.57663548
9838	0.57169217
9839	0.56714976
9840	0.56301302
9841	0.55927962
9842	0.55594158
9843	0.55298603
9844	0.55039608
9845	0.54815155
9846	0.54622924
9847	0.54460365
9848	0.54324657
9849	0.54212785
9850	0.54121488
9851	0.54047322
9852	0.53986627
9853	0.53935540
9854	0.53890032
9855	0.53845900
9856	0.53798813
9857	0.53744376
9858	0.53678149
9859	0.53595781
9860	0.53493065
9861	0.53366047
9862	0.53211159
9863	0.53025293
9864	0.52805942
9865	0.52551275
9866	0.52260196
9867	0.51932418
9868	0.51568502
9869	0.51169842
9870	0.50738674
9871	0.50278044
9872	0.49791759
9873	0.49284282
9874	0.48760700
9875	0.48226562
9876	0.47687778
9877	0.47150502
9878	0.46620926
9879	0.46105158
9880	0.45609042
9881	0.45137954
9882	0.44696668
9883	0.44289172
9884	0.43918553
9885	0.43586871
9886	0.43295145
9887	0.43043295
9888	0.42830187
9889	0.42653719
9890	0.42510885
9891	0.42397955
9892	0.42310572
9893	0.42243946
9894	0.42192942
9895	0.42152274
9896	0.42116562
9897	0.42080474
9898	0.42038777
9899	0.41986409
9900	0.41918534
9901	0.41830587
9902	0.41718331
9903	0.41577908
9904	0.41405901
9905	0.41199392
9906	0.40956077
9907	0.40674296
9908	0.40353134
9909	0.39992476
9910	0.39593074
9911	0.39156541
9912	0.38685405
9913	0.38183039
9914	0.37653625
9915	0.37102082
9916	0.36533943
9917	0.35955220
9918	0.35372272
9919	0.34791616
9920	0.34219790
9921	0.33663225
9922	0.33128053
9923	0.32620063
9924	0.32144570
9925	0.31706393
9926	0.31309801
9927	0.30958506
9928	0.30655658
9929	0.30403844
9930	0.30205116
9931	0.30060923
9932	0.29972190
9933	0.29939166
9934	0.29961428
9935	0.30037794
9936	0.30166152
9937	0.30343375
9938	0.30565158
9939	0.30825835
9940	0.31118309
9941	0.31433913
9942	0.31762376
9943	0.32091895
9944	0.32409346
9945	0.32700577
9946	0.32950854
9947	0.33145493
9948	0.33270490
9949	0.33313200
9950	0.33262992
9951	0.33111739
9952	0.32854146
9953	0.32487947
9954	0.32013699
9955	0.31434578
9956	0.30755919
9957	0.29984689
9958	0.29129085
9959	0.28197956
9960	0.27200538
9961	0.26146227
9962	0.25044537
9963	0.23905306
9964	0.22738960
9965	0.21557064
9966	0.20372991
9967	0.19202900
9968	0.18066685
9969	0.16989355
9970	0.16002445
9971	0.15145729
9972	0.14468850
9973	0.14033389
9974	0.13914190
9975	0.14201207
9976	0.15000141
9977	0.16433141
9978	0.18638496
9979	0.21770392
9980	0.25999179
9981	0.31514451
9982	0.38533202
9983	0.47318250
9984	0.58215201
9985	0.71721601
9986	0.88618433
9987	1.10230374
9988	1.38984883
9989	1.79784119
9990	2.44021845
9991	3.65125132
9992	NaN
9993	NaN
9994	NaN
9995	NaN
9996	NaN
9997	NaN
9998	NaN
9999	NaN
10000	NaN
10001	NaN
10002	NaN
10003	NaN
10004	NaN
10005	NaN
10006	NaN
10007	NaN
10008	NaN
10009	NaN
10010	NaN
10011	NaN
10012	NaN
10013	NaN
10014	NaN
10015	NaN
10016	NaN
10017	NaN
10018	NaN
10019	NaN
10020	NaN
10021	NaN
10022	NaN
10023	NaN
10024	NaN
10025	NaN
10026	NaN
10027	NaN
10028	NaN
10029	NaN
10030	NaN
10031	NaN
10032	NaN
10033	NaN
10034	NaN
10035	NaN
10036	NaN
10037	NaN
10038	NaN
10039	NaN
10040	NaN
10041	NaN
10042	NaN
10043	NaN
10044	NaN
10045	NaN
10046	NaN
10047	NaN
10048	NaN
10049	NaN
10050	NaN
10051	NaN
10052	NaN
10053	NaN
10054	NaN
10055	NaN
10056	NaN
10057	NaN
10058	NaN
10059	NaN
10060	NaN
10061	NaN
10062	NaN
10063	NaN
10064	NaN
10065	NaN
10066	NaN
10067	NaN
10068	NaN
10069	NaN
10070	NaN
10071	NaN
10072	NaN
10073	NaN
10074	NaN
10075	NaN
10076	NaN
10077	NaN
10078	1.79527986
10079	1.21048856
10080	1.00552428
10081	0.90457708
10082	0.84676212
10083	0.81089079
10084	0.78764319
10085	0.77227473
10086	0.76211327
10087	0.75553769
10088	0.75150770
10089	0.74932653
10090	0.74851012
10091	0.74871373
10092	0.74968624
10093	0.75124121
10094	0.75323838
10095	0.75557101
10096	0.75815618
10097	0.76092833
10098	0.76383418
10099	0.76682854
10100	0.76987094
10101	0.77292329
10102	0.77594709
10103	0.77890199
10104	0.78174418
10105	0.78442574
10106	0.78689349
10107	0.78908914
10108	0.79094929
10109	0.79240614
10110	0.79338878
10111	0.79382497
10112	0.79364336
10113	0.79277670
10114	0.79116452
10115	0.78875738
10116	0.78551996
10117	0.78143513
10118	0.77650666
10119	0.77076197
10120	0.76425356
10121	0.75705928
10122	0.74928141
10123	0.74104393
10124	0.73248911
10125	0.72377205
10126	0.71505558
10127	0.70650393
10128	0.69827634
10129	0.69052154
10130	0.68337303
10131	0.67694455
10132	0.67132765
10133	0.66658914
10134	0.66277069
10135	0.65988857
10136	0.65793437
10137	0.65687609
10138	0.65666020
10139	0.65721327
10140	0.65844417
10141	0.66024709
10142	0.66250324
10143	0.66508472
10144	0.66785687
10145	0.67068213
10146	0.67342347
10147	0.67594850
10148	0.67813253
10149	0.67986333
10150	0.68104404
10151	0.68159616
10152	0.68146217
10153	0.68060696
10154	0.67901808
10155	0.67670548
10156	0.67369968
10157	0.67004949
10158	0.66581881
10159	0.66108298
10160	0.65592474
10161	0.65043074
10162	0.64468813
10163	0.63878143
10164	0.63279027
10165	0.62678754
10166	0.62083852
10167	0.61500013
10168	0.60932106
10169	0.60384184
10170	0.59859604
10171	0.59361023
10172	0.58890545
10173	0.58449781
10174	0.58039898
10175	0.57661670
10176	0.57315522
10177	0.57001531
10178	0.56719428
10179	0.56468570
10180	0.56247902
10181	0.56055945
10182	0.55890793
10183	0.55750060
10184	0.55630916
10185	0.55530107
10186	0.55443990
10187	0.55368567
10188	0.55299616
10189	0.55232722
10190	0.55163413
10191	0.55087227
10192	0.54999858
10193	0.54897231
10194	0.54775590
10195	0.54631621
10196	0.54462492
10197	0.54265958
10198	0.54040360
10199	0.53784728
10200	0.53498757
10201	0.53182840
10202	0.52838069
10203	0.52466208
10204	0.52069664
10205	0.51651430
10206	0.51215047
10207	0.50764459
10208	0.50304013
10209	0.49838263
10210	0.49371919
10211	0.48909691
10212	0.48456168
10213	0.48015684
10214	0.47592211
10215	0.47189239
10216	0.46809667
10217	0.46455765
10218	0.46129084
10219	0.45830432
10220	0.45559895
10221	0.45316842
10222	0.45099947
10223	0.44907260
10224	0.44736278
10225	0.44584012
10226	0.44447097
10227	0.44321853
10228	0.44204387
10229	0.44090691
10230	0.43976697
10231	0.43858370
10232	0.43731752
10233	0.43593040
10234	0.43438637
10235	0.43265170
10236	0.43069562
10237	0.42849070
10238	0.42601338
10239	0.42324445
10240	0.42016962
10241	0.41678038
10242	0.41307425
10243	0.40905583
10244	0.40473711
10245	0.40013781
10246	0.39528540
10247	0.39021510
10248	0.38496885
10249	0.37959504
10250	0.37414670
10251	0.36868036
10252	0.36325490
10253	0.35792965
10254	0.35276327
10255	0.34781277
10256	0.34313229
10257	0.33877259
10258	0.33478075
10259	0.33119938
10260	0.32806695
10261	0.32541728
10262	0.32327965
10263	0.32167825
10264	0.32063180
10265	0.32015303
10266	0.32024738
10267	0.32091230
10268	0.32213506
10269	0.32389179
10270	0.32614532
10271	0.32884353
10272	0.33191893
10273	0.33528632
10274	0.33884439
10275	0.34247538
10276	0.34604856
10277	0.34942216
10278	0.35244870
10279	0.35497984
10280	0.35687226
10281	0.35799375
10282	0.35822764
10283	0.35747775
10284	0.35567081
10285	0.35275775
10286	0.34871343
10287	0.34353524
10288	0.33724013
10289	0.32986173
10290	0.32144782
10291	0.31205624
10292	0.30175361
10293	0.29061356
10294	0.27871686
10295	0.26615334
10296	0.25302386
10297	0.23944578
10298	0.22555955
10299	0.21153796
10300	0.19759558
10301	0.18400228
10302	0.17109643
10303	0.15929936
10304	0.14912923
10305	0.14121206
10306	0.13629107
10307	0.13523015
10308	0.13901125
10309	0.14872447
10310	0.16555743
10311	0.19078612
10312	0.22577590
10313	0.27201423
10314	0.33118844
10315	0.40535679
10316	0.49725336
10317	0.61084354
10318	0.75232136
10319	0.93202639
10320	1.16841245
10321	1.49734914
10322	1.99760091
10323	2.87933111
10324	NaN
10325	NaN
10326	NaN
10327	NaN
10328	NaN
10329	NaN
10330	NaN
10331	NaN
10332	NaN
10333	NaN
10334	NaN
10335	NaN
10336	NaN
10337	NaN
10338	NaN
10339	NaN
10340	NaN
10341	NaN
10342	NaN
10343	NaN
10344	NaN
10345	NaN
10346	NaN
10347	NaN
10348	NaN
10349	NaN
10350	NaN
10351	NaN
10352	NaN
10353	NaN
10354	NaN
10355	NaN
10356	NaN
10357	NaN
10358	NaN
10359	NaN
10360	NaN
10361	NaN
10362	NaN
10363	NaN
10364	NaN
10365	NaN
10366	NaN
10367	NaN
10368	NaN
10369	NaN
10370	NaN
10371	NaN
10372	NaN
10373	NaN
10374	NaN
10375	NaN
10376	NaN
10377	NaN
10378	NaN
10379	NaN
10380	NaN
10381	NaN
10382	NaN
10383	NaN
10384	NaN
10385	NaN
10386	NaN
10387	NaN
10388	NaN
10389	NaN
10390	NaN
10391	NaN
10392	NaN
10393	NaN
10394	NaN
10395	NaN
10396	NaN
10397	NaN
10398	NaN
10399	NaN
10400	NaN
10401	NaN
10402	NaN
10403	2.32281137
10404	1.32396615
10405	1.08186531
10406	0.97434670
10407	0.91447270
10408	0.87687159
10409	0.85144198
10410	0.83336961
10411	0.82006985
10412	0.81003225
10413	0.80231494
10414	0.79630232
10415	0.79157484
10416	0.78783864
10417	0.78488284
10418	0.78255332
10419	0.78073597
10420	0.77934563
10421	0.77831805
10422	0.77760470
10423	0.77716833
10424	0.77697980
10425	0.77701521
10426	0.77725399
10427	0.77767694
10428	0.77826411
10429	0.77899390
10430	0.77984124
10431	0.78077698
10432	0.78176665
10433	0.78277004
10434	0.78374016
10435	0.78462362
10436	0.78536034
10437	0.78588390
10438	0.78612274
10439	0.78600103
10440	0.78544104
10441	0.78436553
10442	0.78270119
10443	0.78038281
10444	0.77735728
10445	0.77358925
10446	0.76906514
10447	0.76379764
10448	0.75782847
10449	0.75123030
10450	0.74410570
10451	0.73658472
10452	0.72882015
10453	0.72098047
10454	0.71324247
10455	0.70578253
10456	0.69876850
10457	0.69235247
10458	0.68666452
10459	0.68180865
10460	0.67785984
10461	0.67486346
10462	0.67283487
10463	0.67176098
10464	0.67160243
10465	0.67229527
10466	0.67375410
10467	0.67587447
10468	0.67853552
10469	0.68160331
10470	0.68493307
10471	0.68837303
10472	0.69176757
10473	0.69496143
10474	0.69780385
10475	0.70015305
10476	0.70188165
10477	0.70288080
10478	0.70306504
10479	0.70237571
10480	0.70078331
10481	0.69828892
10482	0.69492316
10483	0.69074380
10484	0.68583244
10485	0.68028903
10486	0.67422634
10487	0.66776407
10488	0.66102332
10489	0.65412170
10490	0.64716941
10491	0.64026630
10492	0.63350022
10493	0.62694621
10494	0.62066621
10495	0.61470985
10496	0.60911518
10497	0.60391003
10498	0.59911269
10499	0.59473360
10500	0.59077615
10501	0.58723742
10502	0.58410895
10503	0.58137751
10504	0.57902479
10505	0.57702845
10506	0.57536173
10507	0.57399368
10508	0.57288951
10509	0.57201058
10510	0.57131457
10511	0.57075620
10512	0.57028711
10513	0.56985700
10514	0.56941396
10515	0.56890571
10516	0.56828046
10517	0.56748807
10518	0.56648117
10519	0.56521684
10520	0.56365716
10521	0.56177074
10522	0.55953336
10523	0.55692869
10524	0.55394852
10525	0.55059326
10526	0.54687184
10527	0.54280120
10528	0.53840643
10529	0.53372008
10530	0.52878135
10531	0.52363580
10532	0.51833391
10533	0.51293057
10534	0.50748378
10535	0.50205308
10536	0.49669871
10537	0.49147961
10538	0.48645216
10539	0.48166850
10540	0.47717503
10541	0.47301084
10542	0.46920675
10543	0.46578428
10544	0.46275479
10545	0.46011963
10546	0.45787004
10547	0.45598769
10548	0.45444557
10549	0.45320889
10550	0.45223653
10551	0.45148227
10552	0.45089585
10553	0.45042470
10554	0.45001468
10555	0.44961128
10556	0.44916007
10557	0.44860807
10558	0.44790384
10559	0.44699845
10560	0.44584575
10561	0.44440362
10562	0.44263414
10563	0.44050476
10564	0.43798903
10565	0.43506718
10566	0.43172738
10567	0.42796570
10568	0.42378715
10569	0.41920575
10570	0.41424462
10571	0.40893614
10572	0.40332150
10573	0.39745036
10574	0.39137995
10575	0.38517421
10576	0.37890229
10577	0.37263742
10578	0.36645472
10579	0.36042961
10580	0.35463595
10581	0.34914452
10582	0.34402102
10583	0.33932546
10584	0.33511117
10585	0.33142406
10586	0.32830307
10587	0.32577956
10588	0.32387784
10589	0.32261521
10590	0.32200164
10591	0.32203948
10592	0.32272288
10593	0.32403675
10594	0.32595545
10595	0.32844141
10596	0.33144361
10597	0.33489585
10598	0.33871591
10599	0.34280473
10600	0.34704638
10601	0.35130912
10602	0.35544789
10603	0.35930815
10604	0.36273095
10605	0.36555904
10606	0.36764407
10607	0.36885366
10608	0.36907727
10609	0.36823186
10610	0.36626413
10611	0.36315149
10612	0.35890105
10613	0.35354537
10614	0.34713835
10615	0.33974975
10616	0.33146057
10617	0.32235771
10618	0.31253263
10619	0.30207771
10620	0.29108870
10621	0.27966577
10622	0.26791900
10623	0.25597394
10624	0.24398139
10625	0.23212895
10626	0.22065532
10627	0.20987034
10628	0.20017524
10629	0.19209130
10630	0.18629128
10631	0.18363531
10632	0.18521136
10633	0.19237772
10634	0.20680362
10635	0.23051034
10636	0.26589984
10637	0.31578979
10638	0.38345614
10639	0.47272041
10640	0.58815795
10641	0.73554683
10642	0.92280418
10643	1.16188633
10644	1.47274232
10645	1.89202929
10646	2.49491191
10647	3.46068621
10648	NaN
10649	NaN
10650	NaN
10651	NaN
10652	NaN
10653	NaN
10654	NaN
10655	NaN
10656	NaN
10657	NaN
10658	NaN
10659	NaN
10660	NaN
10661	NaN
10662	NaN
10663	NaN
10664	NaN
10665	NaN
10666	NaN
10667	NaN
10668	NaN
10669	NaN
10670	NaN
10671	NaN
10672	NaN
10673	NaN
10674	NaN
10675	NaN
10676	NaN
10677	NaN
10678	NaN
10679	NaN
10680	NaN
10681	NaN
10682	NaN
10683	NaN
10684	NaN
10685	NaN
10686	NaN
10687	NaN
10688	NaN
10689	NaN
10690	NaN
10691	NaN
10692	NaN
10693	NaN
10694	NaN
10695	NaN
10696	NaN
10697	NaN
10698	NaN
10699	NaN
10700	NaN
10701	NaN
10702	NaN
10703	NaN
10704	NaN
10705	NaN
10706	NaN
10707	NaN
10708	NaN
10709	NaN
10710	NaN
10711	NaN
10712	NaN
10713	NaN
10714	NaN
10715	NaN
10716	NaN
10717	NaN
10718	NaN
10719	NaN
10720	NaN
10721	NaN
10722	NaN
10723	NaN
10724	NaN
10725	NaN
10726	NaN
10727	NaN
10728	NaN
10729	NaN
10730	NaN
10731	NaN
10732	NaN
10733	NaN
10734	NaN
10735	3.84136772
10736	1.62489104
10737	1.21245217
10738	1.04234958
10739	0.95179075
10740	0.89710289
10741	0.86161399
10742	0.83757210
10743	0.82088071
10744	0.80916822
10745	0.80096740
10746	0.79532206
10747	0.79158396
10748	0.78929919
10749	0.78814226
10750	0.78787512
10751	0.78832036
10752	0.78934407
10753	0.79084259
10754	0.79273427
10755	0.79495233
10756	0.79743928
10757	0.80014384
10758	0.80301660
10759	0.80600846
10760	0.80906808
10761	0.81214035
10762	0.81516576
10763	0.81807917
10764	0.82080972
10765	0.82328087
10766	0.82541138
10767	0.82711565
10768	0.82830572
10769	0.82889354
10770	0.82879364
10771	0.82792622
10772	0.82622147
10773	0.82362318
10774	0.82009292
10775	0.81561416
10776	0.81019562
10777	0.80387324
10778	0.79671210
10779	0.78880566
10780	0.78027415
10781	0.77126139
10782	0.76192975
10783	0.75245440
10784	0.74301642
10785	0.73379588
10786	0.72496551
10787	0.71668386
10788	0.70909065
10789	0.70230263
10790	0.69641042
10791	0.69147742
10792	0.68753880
10793	0.68460208
10794	0.68264782
10795	0.68163192
10796	0.68148732
10797	0.68212616
10798	0.68344331
10799	0.68531817
10800	0.68761909
10801	0.69020605
10802	0.69293475
10803	0.69566065
10804	0.69824278
10805	0.70054853
10806	0.70245695
10807	0.70386320
10808	0.70468104
10809	0.70484573
10810	0.70431519
10811	0.70307040
10812	0.70111501
10813	0.69847369
10814	0.69518930
10815	0.69132030
10816	0.68693703
10817	0.68211782
10818	0.67694569
10819	0.67150462
10820	0.66587692
10821	0.66014069
10822	0.65436780
10823	0.64862287
10824	0.64296252
10825	0.63743478
10826	0.63207966
10827	0.62692916
10828	0.62200820
10829	0.61733532
10830	0.61292309
10831	0.60877949
10832	0.60490781
10833	0.60130811
10834	0.59797680
10835	0.59490710
10836	0.59208953
10837	0.58951139
10838	0.58715689
10839	0.58500737
10840	0.58304089
10841	0.58123273
10842	0.57955545
10843	0.57797933
10844	0.57647300
10845	0.57500374
10846	0.57353860
10847	0.57204485
10848	0.57049084
10849	0.56884652
10850	0.56708413
10851	0.56517893
10852	0.56310958
10853	0.56085855
10854	0.55841231
10855	0.55576205
10856	0.55290341
10857	0.54983717
10858	0.54656881
10859	0.54310924
10860	0.53947419
10861	0.53568393
10862	0.53176355
10863	0.52774173
10864	0.52365035
10865	0.51952344
10866	0.51539654
10867	0.51130509
10868	0.50728393
10869	0.50336570
10870	0.49958017
10871	0.49595326
10872	0.49250621
10873	0.48925534
10874	0.48621130
10875	0.48337948
10876	0.48075965
10877	0.47834632
10878	0.47612914
10879	0.47409323
10880	0.47221971
10881	0.47048625
10882	0.46886769
10883	0.46733639
10884	0.46586299
10885	0.46441707
10886	0.46296731
10887	0.46148241
10888	0.45993152
10889	0.45828462
10890	0.45651293
10891	0.45458943
10892	0.45248920
10893	0.45018971
10894	0.44767129
10895	0.44491741
10896	0.44191512
10897	0.43865547
10898	0.43513408
10899	0.43135148
10900	0.42731386
10901	0.42303336
10902	0.41852844
10903	0.41382444
10904	0.40895298
10905	0.40395209
10906	0.39886561
10907	0.39374191
10908	0.38863340
10909	0.38359451
10910	0.37868088
10911	0.37394774
10912	0.36944857
10913	0.36523423
10914	0.36135185
10915	0.35784402
10916	0.35474852
10917	0.35209760
10918	0.34991777
10919	0.34822965
10920	0.34704721
10921	0.34637794
10922	0.34622160
10923	0.34657022
10924	0.34740677
10925	0.34870470
10926	0.35042718
10927	0.35252589
10928	0.35494077
10929	0.35759968
10930	0.36041838
10931	0.36330101
10932	0.36614156
10933	0.36882541
10934	0.37123212
10935	0.37323859
10936	0.37472332
10937	0.37557003
10938	0.37567249
10939	0.37493867
10940	0.37329391
10941	0.37068391
10942	0.36707628
10943	0.36246112
10944	0.35685042
10945	0.35027602
10946	0.34278768
10947	0.33445024
10948	0.32534036
10949	0.31554517
10950	0.30515891
10951	0.29428229
10952	0.28302246
10953	0.27149308
10954	0.25981668
10955	0.24812673
10956	0.23657180
10957	0.22531968
10958	0.21456462
10959	0.20453157
10960	0.19548556
10961	0.18773635
10962	0.18164870
10963	0.17764486
10964	0.17621326
10965	0.17790833
10966	0.18335226
10967	0.19323505
10968	0.20831016
10969	0.22939529
10970	0.25737813
10971	0.29323053
10972	0.33804780
10973	0.39311519
10974	0.46003032
10975	0.54090834
10976	0.63872236
10977	0.75789332
10978	0.90535456
10979	1.09258711
10980	1.33992648
10981	1.68674219
10982	2.21971083
10983	3.17269301
10984	NaN
10985	NaN
10986	NaN
10987	NaN
10988	NaN
10989	NaN
10990	NaN
10991	NaN
10992	NaN
10993	NaN
10994	NaN
10995	NaN
10996	NaN
10997	NaN
10998	NaN
10999	NaN
11000	NaN
11001	NaN
11002	NaN
11003	NaN
11004	NaN
11005	NaN
11006	NaN
11007	NaN
11008	NaN
11009	NaN
11010	NaN
11011	NaN
11012	NaN
11013	NaN
11014	NaN
11015	NaN
11016	NaN
11017	NaN
11018	NaN
11019	NaN
11020	NaN
11021	NaN
11022	NaN
11023	NaN
11024	NaN
11025	NaN
11026	NaN
11027	NaN
11028	NaN
11029	NaN
11030	NaN
11031	NaN
11032	NaN
11033	NaN
11034	NaN
11035	NaN
11036	NaN
11037	NaN
11038	NaN
11039	NaN
11040	NaN
11041	NaN
11042	NaN
11043	NaN
11044	NaN
11045	NaN
11046	NaN
11047	NaN
11048	NaN
11049	NaN
11050	NaN
11051	NaN
11052	NaN
11053	NaN
11054	NaN
11055	NaN
11056	NaN
11057	NaN
11058	NaN
11059	NaN
11060	NaN
11061	NaN
11062	NaN
11063	NaN
11064	NaN
11065	NaN
11066	NaN
11067	3.93051410
11068	1.65877533
11069	1.22620356
11070	1.04695821
11071	0.95118827
11072	0.89302897
11073	0.85493112
11074	0.82873452
11075	0.81013048
11076	0.79663235
11077	0.78670710
11078	0.77936000
11079	0.77392000
11080	0.76992005
11081	0.76702654
11082	0.76499659
11083	0.76365000
11084	0.76285064
11085	0.76249361
11086	0.76249623
11087	0.76279110
11088	0.76332110
11089	0.76403558
11090	0.76488763
11091	0.76583171
11092	0.76682276
11093	0.76781404
11094	0.76875752
11095	0.76960284
11096	0.77029759
11097	0.77078754
11098	0.77101719
11099	0.77093077
11100	0.77047318
11101	0.76959163
11102	0.76823765
11103	0.76636869
11104	0.76395059
11105	0.76095980
11106	0.75738525
11107	0.75323045
11108	0.74851459
11109	0.74327379
11110	0.73756063
11111	0.73144400
11112	0.72500736
11113	0.71834648
11114	0.71156716
11115	0.70478106
11116	0.69810259
11117	0.69164473
11118	0.68551552
11119	0.67981404
11120	0.67462760
11121	0.67002887
11122	0.66607398
11123	0.66280109
11124	0.66022950
11125	0.65835971
11126	0.65717357
11127	0.65663505
11128	0.65669137
11129	0.65727443
11130	0.65830237
11131	0.65968174
11132	0.66130966
11133	0.66307640
11134	0.66486812
11135	0.66657060
11136	0.66807181
11137	0.66926587
11138	0.67005682
11139	0.67036110
11140	0.67011082
11141	0.66925627
11142	0.66776687
11143	0.66563183
11144	0.66286016
11145	0.65947884
11146	0.65553099
11147	0.65107304
11148	0.64617139
11149	0.64089948
11150	0.63533413
11151	0.62955272
11152	0.62363100
11153	0.61764044
11154	0.61164761
11155	0.60571253
11156	0.59988916
11157	0.59422433
11158	0.58875877
11159	0.58352727
11160	0.57855886
11161	0.57387781
11162	0.56950372
11163	0.56545210
11164	0.56173432
11165	0.55835807
11166	0.55532712
11167	0.55264109
11168	0.55029541
11169	0.54828095
11170	0.54658347
11171	0.54518342
11172	0.54405552
11173	0.54316896
11174	0.54248691
11175	0.54196733
11176	0.54156303
11177	0.54122299
11178	0.54089290
11179	0.54051703
11180	0.54003918
11181	0.53940487
11182	0.53856242
11183	0.53746468
11184	0.53607023
11185	0.53434473
11186	0.53226161
11187	0.52980268
11188	0.52695858
11189	0.52372903
11190	0.52012259
11191	0.51615685
11192	0.51185739
11193	0.50725818
11194	0.50239998
11195	0.49732971
11196	0.49209952
11197	0.48676533
11198	0.48138523
11199	0.47601819
11200	0.47072226
11201	0.46555290
11202	0.46056142
11203	0.45579377
11204	0.45128915
11205	0.44707921
11206	0.44318756
11207	0.43962932
11208	0.43641138
11209	0.43353257
11210	0.43098435
11211	0.42875117
11212	0.42681170
11213	0.42513901
11214	0.42370170
11215	0.42246449
11216	0.42138880
11217	0.42043340
11218	0.41955492
11219	0.41870859
11220	0.41784891
11221	0.41693008
11222	0.41590717
11223	0.41473672
11224	0.41337761
11225	0.41179225
11226	0.40994704
11227	0.40781343
11228	0.40536854
11229	0.40259582
11230	0.39948550
11231	0.39603478
11232	0.39224839
11233	0.38813850
11234	0.38372490
11235	0.37903488
11236	0.37410277
11237	0.36896980
11238	0.36368316
11239	0.35829526
11240	0.35286257
11241	0.34744439
11242	0.34210148
11243	0.33689496
11244	0.33188438
11245	0.32712758
11246	0.32267886
11247	0.31858873
11248	0.31490350
11249	0.31166458
11250	0.30890873
11251	0.30666739
11252	0.30496684
11253	0.30382764
11254	0.30326417
11255	0.30328351
11256	0.30388451
11257	0.30505630
11258	0.30677676
11259	0.30901113
11260	0.31170985
11261	0.31480843
11262	0.31822544
11263	0.32186404
11264	0.32561132
11265	0.32934120
11266	0.33291730
11267	0.33619618
11268	0.33903301
11269	0.34128633
11270	0.34282327
11271	0.34352452
11272	0.34328824
11273	0.34203237
11274	0.33969656
11275	0.33624133
11276	0.33164757
11277	0.32591343
11278	0.31905302
11279	0.31109256
11280	0.30206960
11281	0.29203168
11282	0.28103527
11283	0.26914850
11284	0.25645292
11285	0.24304777
11286	0.22905809
11287	0.21464099
11288	0.19999799
11289	0.18539076
11290	0.17115864
11291	0.15774515
11292	0.14572921
11293	0.13586777
11294	0.12915592
11295	0.12690252
11296	0.13084432
11297	0.14331417
11298	0.16750669
11299	0.20793077
11300	0.27122247
11301	0.36775440
11302	0.51509219
11303	0.74630964
11304	1.13358736
11305	1.87345791
11306	NaN
11307	NaN
11308	NaN
11309	NaN
11310	NaN
11311	NaN
11312	NaN
11313	NaN
11314	NaN
11315	NaN
11316	NaN
11317	NaN
11318	NaN
11319	NaN
11320	NaN
11321	NaN
11322	NaN
11323	NaN
11324	NaN
11325	NaN
11326	NaN
11327	NaN
11328	NaN
11329	NaN
11330	NaN
11331	NaN
11332	NaN
11333	NaN
11334	NaN
11335	NaN
11336	NaN
11337	NaN
11338	NaN
11339	NaN
11340	NaN
11341	NaN
11342	NaN
11343	NaN
11344	NaN
11345	NaN
11346	NaN
11347	NaN
11348	NaN
11349	NaN
11350	NaN
11351	NaN
11352	NaN
11353	NaN
11354	NaN
11355	NaN
11356	NaN
11357	NaN
11358	NaN
11359	NaN
11360	NaN
11361	NaN
11362	NaN
11363	NaN
11364	NaN
11365	NaN
11366	NaN
11367	NaN
11368	NaN
11369	NaN
11370	NaN
11371	NaN
11372	NaN
11373	NaN
11374	NaN
11375	NaN
11376	NaN
11377	NaN
11378	NaN
11379	NaN
11380	NaN
11381	NaN
11382	NaN
11383	NaN
11384	NaN
11385	NaN
11386	NaN
11387	NaN
11388	NaN
11389	NaN
11390	NaN
11391	NaN
11392	NaN
11393	NaN
11394	2.29719186
11395	1.41255283
11396	1.14900887
11397	1.02291322
11398	0.94945914
11399	0.90180683
11400	0.86877292
11401	0.84485954
11402	0.82704359
11403	0.81352186
11404	0.80314964
11405	0.79516423
11406	0.78903675
11407	0.78438872
11408	0.78094244
11409	0.77848899
11410	0.77686882
11411	0.77595800
11412	0.77565819
11413	0.77589011
11414	0.77658802
11415	0.77769554
11416	0.77916253
11417	0.78094155
11418	0.78298622
11419	0.78524852
11420	0.78767729
11421	0.79021680
11422	0.79280579
11423	0.79537672
11424	0.79785538
11425	0.80016136
11426	0.80220860
11427	0.80390680
11428	0.80516332
11429	0.80588597
11430	0.80598569
11431	0.80538088
11432	0.80400056
11433	0.80178910
11434	0.79871011
11435	0.79474986
11436	0.78992033
11437	0.78426129
11438	0.77784032
11439	0.77075213
11440	0.76311582
11441	0.75507075
11442	0.74677169
11443	0.73838216
11444	0.73006821
11445	0.72199196
11446	0.71430558
11447	0.70714605
11448	0.70063049
11449	0.69485414
11450	0.68988705
11451	0.68577439
11452	0.68253553
11453	0.68016523
11454	0.67863500
11455	0.67789453
11456	0.67787409
11457	0.67848665
11458	0.67963099
11459	0.68119407
11460	0.68305463
11461	0.68508631
11462	0.68716139
11463	0.68915468
11464	0.69094718
11465	0.69242990
11466	0.69350678
11467	0.69409817
11468	0.69414258
11469	0.69359845
11470	0.69244409
11471	0.69067788
11472	0.68831617
11473	0.68539190
11474	0.68195122
11475	0.67805082
11476	0.67375457
11477	0.66912991
11478	0.66424572
11479	0.65916938
11480	0.65396476
11481	0.64869106
11482	0.64340174
11483	0.63814396
11484	0.63295907
11485	0.62788230
11486	0.62294352
11487	0.61816782
11488	0.61357599
11489	0.60918522
11490	0.60500944
11491	0.60105968
11492	0.59734434
11493	0.59386915
11494	0.59063715
11495	0.58764851
11496	0.58490044
11497	0.58238649
11498	0.58009696
11499	0.57801789
11500	0.57613158
11501	0.57441622
11502	0.57284641
11503	0.57139331
11504	0.57002497
11505	0.56870723
11506	0.56740433
11507	0.56607968
11508	0.56469679
11509	0.56322038
11510	0.56161684
11511	0.55985582
11512	0.55791056
11513	0.55575895
11514	0.55338413
11515	0.55077493
11516	0.54792631
11517	0.54483944
11518	0.54152179
11519	0.53798681
11520	0.53425390
11521	0.53034741
11522	0.52629644
11523	0.52213389
11524	0.51789552
11525	0.51361889
11526	0.50934255
11527	0.50510460
11528	0.50094181
11529	0.49688852
11530	0.49297556
11531	0.48922953
11532	0.48567197
11533	0.48231888
11534	0.47918046
11535	0.47626108
11536	0.47355941
11537	0.47106859
11538	0.46877697
11539	0.46666867
11540	0.46472386
11541	0.46291995
11542	0.46123171
11543	0.45963213
11544	0.45809302
11545	0.45658517
11546	0.45507899
11547	0.45354486
11548	0.45195356
11549	0.45027640
11550	0.44848582
11551	0.44655535
11552	0.44446024
11553	0.44217762
11554	0.43968675
11555	0.43696973
11556	0.43401164
11557	0.43080124
11558	0.42733148
11559	0.42359999
11560	0.41960973
11561	0.41536930
11562	0.41089380
11563	0.40620419
11564	0.40132797
11565	0.39629841
11566	0.39115420
11567	0.38593861
11568	0.38069847
11569	0.37548330
11570	0.37034410
11571	0.36533234
11572	0.36049932
11573	0.35589507
11574	0.35156795
11575	0.34756380
11576	0.34392586
11577	0.34069434
11578	0.33790597
11579	0.33559349
11580	0.33378562
11581	0.33250582
11582	0.33177170
11583	0.33159387
11584	0.33197454
11585	0.33290625
11586	0.33437005
11587	0.33633432
11588	0.33875301
11589	0.34156498
11590	0.34469327
11591	0.34804529
11592	0.35151368
11593	0.35497797
11594	0.35830721
11595	0.36136383
11596	0.36400706
11597	0.36609802
11598	0.36750484
11599	0.36810607
11600	0.36779642
11601	0.36648872
11602	0.36411649
11603	0.36063620
11604	0.35602513
11605	0.35028255
11606	0.34342617
11607	0.33549103
11608	0.32652709
11609	0.31659701
11610	0.30577499
11611	0.29414719
11612	0.28181282
11613	0.26888767
11614	0.25550747
11615	0.24183483
11616	0.22806713
11617	0.21444555
11618	0.20126699
11619	0.18889540
11620	0.17777680
11621	0.16845509
11622	0.16158760
11623	0.15796976
11624	0.15855704
11625	0.16450028
11626	0.17719840
11627	0.19837153
11628	0.23019050
11629	0.27549231
11630	0.33815837
11631	0.42380950
11632	0.54113597
11633	0.70464760
11634	0.94091630
11635	1.30484724
11636	1.93151593
11637	3.26638961
11638	NaN
11639	NaN
11640	NaN
11641	NaN
11642	NaN
11643	NaN
11644	NaN
11645	NaN
11646	NaN
11647	NaN
11648	NaN
11649	NaN
11650	NaN
11651	NaN
11652	NaN
11653	NaN
11654	NaN
11655	NaN
11656	NaN
11657	NaN
11658	NaN
11659	NaN
11660	NaN
11661	NaN
11662	NaN
11663	NaN
11664	NaN
11665	NaN
11666	NaN
11667	NaN
11668	NaN
11669	NaN
11670	NaN
11671	NaN
11672	NaN
11673	NaN
11674	NaN
11675	NaN
11676	NaN
11677	NaN
11678	NaN
11679	NaN
11680	NaN
11681	NaN
11682	NaN
11683	NaN
11684	NaN
11685	NaN
11686	NaN
11687	NaN
11688	NaN
11689	NaN
11690	NaN
11691	NaN
11692	NaN
11693	NaN
11694	NaN
11695	NaN
11696	NaN
11697	NaN
11698	NaN
11699	NaN
11700	NaN
11701	NaN
11702	NaN
11703	NaN
11704	NaN
11705	NaN
11706	NaN
11707	NaN
11708	NaN
11709	NaN
11710	NaN
11711	NaN
11712	NaN
11713	NaN
11714	NaN
11715	NaN
11716	NaN
11717	NaN
11718	NaN
11719	NaN
11720	NaN
11721	NaN
11722	NaN
11723	NaN
11724	NaN
11725	NaN
11726	NaN
11727	NaN
11728	2.57455063
11729	1.39221883
11730	1.09296453
11731	0.96029335
11732	0.88768613
11733	0.84337622
11734	0.81455606
11735	0.79506463
11736	0.78157204
11737	0.77212250
11738	0.76549399
11739	0.76088750
11740	0.75776100
11741	0.75573719
11742	0.75454819
11743	0.75400060
11744	0.75395328
11745	0.75430220
11746	0.75497001
11747	0.75589800
11748	0.75704068
11749	0.75836146
11750	0.75982922
11751	0.76141578
11752	0.76309377
11753	0.76483494
11754	0.76660925
11755	0.76838291
11756	0.77011847
11757	0.77177393
11758	0.77330208
11759	0.77465063
11760	0.77576226
11761	0.77657562
11762	0.77702534
11763	0.77704436
11764	0.77656531
11765	0.77552307
11766	0.77385819
11767	0.77151972
11768	0.76846927
11769	0.76468480
11770	0.76016396
11771	0.75492728
11772	0.74901974
11773	0.74251175
11774	0.73549879
11775	0.72809833
11776	0.72044641
11777	0.71269286
11778	0.70499438
11779	0.69750899
11780	0.69038922
11781	0.68377572
11782	0.67779297
11783	0.67254466
11784	0.66811097
11785	0.66454715
11786	0.66188282
11787	0.66012204
11788	0.65924436
11789	0.65920615
11790	0.65994197
11791	0.66136646
11792	0.66337639
11793	0.66585261
11794	0.66866285
11795	0.67166448
11796	0.67470813
11797	0.67764151
11798	0.68031424
11799	0.68258250
11800	0.68431431
11801	0.68539476
11802	0.68573058
11803	0.68525392
11804	0.68392473
11805	0.68173218
11806	0.67869401
11807	0.67485440
11808	0.67028058
11809	0.66505802
11810	0.65928566
11811	0.65307015
11812	0.64652121
11813	0.63974667
11814	0.63284940
11815	0.62592429
11816	0.61905664
11817	0.61232102
11818	0.60578150
11819	0.59949130
11820	0.59349430
11821	0.58782518
11822	0.58251065
11823	0.57757074
11824	0.57301903
11825	0.56886381
11826	0.56510824
11827	0.56175107
11828	0.55878633
11829	0.55620354
11830	0.55398750
11831	0.55211800
11832	0.55056983
11833	0.54931265
11834	0.54831046
11835	0.54752296
11836	0.54690492
11837	0.54640740
11838	0.54597878
11839	0.54556543
11840	0.54511297
11841	0.54456794
11842	0.54387873
11843	0.54299694
11844	0.54187876
11845	0.54048574
11846	0.53878576
11847	0.53675389
11848	0.53437251
11849	0.53163189
11850	0.52853006
11851	0.52507299
11852	0.52127403
11853	0.51715410
11854	0.51274061
11855	0.50806749
11856	0.50317430
11857	0.49810535
11858	0.49290910
11859	0.48763707
11860	0.48234260
11861	0.47708017
11862	0.47190368
11863	0.46686542
11864	0.46201473
11865	0.45739660
11866	0.45305055
11867	0.44900963
11868	0.44529918
11869	0.44193658
11870	0.43893060
11871	0.43628117
11872	0.43397978
11873	0.43200967
11874	0.43034637
11875	0.42895854
11876	0.42780906
11877	0.42685574
11878	0.42605260
11879	0.42535093
11880	0.42470014
11881	0.42404908
11882	0.42334658
11883	0.42254260
11884	0.42158884
11885	0.42043969
11886	0.41905275
11887	0.41738978
11888	0.41541746
11889	0.41310811
11890	0.41044065
11891	0.40740126
11892	0.40398428
11893	0.40019268
11894	0.39603901
11895	0.39154530
11896	0.38674313
11897	0.38167337
11898	0.37638515
11899	0.37093499
11900	0.36538506
11901	0.35980126
11902	0.35425174
11903	0.34880444
11904	0.34352607
11905	0.33847970
11906	0.33372420
11907	0.32931286
11908	0.32529303
11909	0.32170564
11910	0.31858516
11911	0.31595951
11912	0.31385058
11913	0.31227353
11914	0.31123716
11915	0.31074345
11916	0.31078684
11917	0.31135374
11918	0.31242102
11919	0.31395537
11920	0.31591186
11921	0.31823301
11922	0.32084844
11923	0.32367426
11924	0.32661369
11925	0.32955858
11926	0.33239117
11927	0.33498764
11928	0.33722180
11929	0.33896959
11930	0.34011433
11931	0.34055111
11932	0.34019110
11933	0.33896464
11934	0.33682349
11935	0.33374140
11936	0.32971290
11937	0.32475188
11938	0.31888872
11939	0.31216723
11940	0.30464217
11941	0.29637551
11942	0.28743529
11943	0.27789459
11944	0.26783076
11945	0.25732830
11946	0.24647917
11947	0.23538916
11948	0.22418071
11949	0.21300304
11950	0.20203798
11951	0.19151115
11952	0.18170269
11953	0.17295986
11954	0.16570736
11955	0.16046084
11956	0.15783329
11957	0.15854019
11958	0.16340116
11959	0.17332838
11960	0.18931527
11961	0.21241385
11962	0.24371356
11963	0.28432691
11964	0.33538923
11965	0.39809868
11966	0.47381228
11967	0.56423229
11968	0.67173558
11969	0.79994428
11970	0.95471948
11971	1.14603901
11972	1.39184701
11973	1.72693479
11974	2.22699332
11975	3.09054375
11976	NaN
11977	NaN
11978	NaN
11979	NaN
11980	NaN
11981	NaN
11982	NaN
11983	NaN
11984	NaN
11985	NaN
11986	NaN
11987	NaN
11988	NaN
11989	NaN
11990	NaN
11991	NaN
11992	NaN
11993	NaN
11994	NaN
11995	NaN
11996	NaN
11997	NaN
11998	NaN
11999	NaN
12000	NaN
12001	NaN
12002	NaN
12003	NaN
12004	NaN
12005	NaN
12006	NaN
12007	NaN
12008	NaN
12009	NaN
12010	NaN
12011	NaN
12012	NaN
12013	NaN
12014	NaN
12015	NaN
12016	NaN
12017	NaN
12018	NaN
12019	NaN
12020	NaN
12021	NaN
12022	NaN
12023	NaN
12024	NaN
12025	NaN
12026	NaN
12027	NaN
12028	NaN
12029	NaN
12030	NaN
12031	NaN
12032	NaN
12033	NaN
12034	NaN
12035	NaN
12036	NaN
12037	NaN
12038	NaN
12039	NaN
12040	NaN
12041	NaN
12042	NaN
12043	NaN
12044	NaN
12045	NaN
12046	NaN
12047	NaN
12048	NaN
12049	NaN
12050	NaN
12051	NaN
12052	NaN
12053	NaN
12054	NaN
12055	NaN
12056	NaN
12057	NaN
12058	NaN
12059	2.42605495
12060	1.48499167
12061	1.19037402
12062	1.04845619
12063	0.96632123
12064	0.91373682
12065	0.87791032
12066	0.85249060
12067	0.83396190
12068	0.82021821
12069	0.80991948
12070	0.80217326
12071	0.79636264
12072	0.79204881
12073	0.78891283
12074	0.78671849
12075	0.78528845
12076	0.78448832
12077	0.78421444
12078	0.78438616
12079	0.78493941
12080	0.78582162
12081	0.78698802
12082	0.78839833
12083	0.79001439
12084	0.79179734
12085	0.79370624
12086	0.79569620
12087	0.79771721
12088	0.79971290
12089	0.80162001
12090	0.80336767
12091	0.80487788
12092	0.80606568
12093	0.80684090
12094	0.80710948
12095	0.80677700
12096	0.80575168
12097	0.80394870
12098	0.80129570
12099	0.79773718
12100	0.79324090
12101	0.78780234
12102	0.78144872
12103	0.77424163
12104	0.76627755
12105	0.75768620
12106	0.74862665
12107	0.73928106
12108	0.72984684
12109	0.72052819
12110	0.71152699
12111	0.70303404
12112	0.69522184
12113	0.68823832
12114	0.68220270
12115	0.67720282
12116	0.67329371
12117	0.67049831
12118	0.66880769
12119	0.66818374
12120	0.66856074
12121	0.66984814
12122	0.67193323
12123	0.67468423
12124	0.67795324
12125	0.68158031
12126	0.68539679
12127	0.68923050
12128	0.69291002
12129	0.69627023
12130	0.69915748
12131	0.70143491
12132	0.70298725
12133	0.70372462
12134	0.70358586
12135	0.70253998
12136	0.70058602
12137	0.69775242
12138	0.69409347
12139	0.68968594
12140	0.68462384
12141	0.67901355
12142	0.67296827
12143	0.66660297
12144	0.66003048
12145	0.65335721
12146	0.64668071
12147	0.64008784
12148	0.63365352
12149	0.62744063
12150	0.62149984
12151	0.61587054
12152	0.61058187
12153	0.60565341
12154	0.60109675
12155	0.59691602
12156	0.59310937
12157	0.58966947
12158	0.58658409
12159	0.58383667
12160	0.58140689
12161	0.57927066
12162	0.57740092
12163	0.57576746
12164	0.57433784
12165	0.57307726
12166	0.57194948
12167	0.57091713
12168	0.56994224
12169	0.56898683
12170	0.56801349
12171	0.56698567
12172	0.56586862
12173	0.56462944
12174	0.56323791
12175	0.56166661
12176	0.55989164
12177	0.55789268
12178	0.55565369
12179	0.55316299
12180	0.55041385
12181	0.54740435
12182	0.54413831
12183	0.54062468
12184	0.53687829
12185	0.53291953
12186	0.52877402
12187	0.52447265
12188	0.52005094
12189	0.51554793
12190	0.51100594
12191	0.50646889
12192	0.50198156
12193	0.49758795
12194	0.49333030
12195	0.48924756
12196	0.48537427
12197	0.48173955
12198	0.47836605
12199	0.47526947
12200	0.47245803
12201	0.46993247
12202	0.46768585
12203	0.46570441
12204	0.46396738
12205	0.46244836
12206	0.46111536
12207	0.45993209
12208	0.45885909
12209	0.45785385
12210	0.45687264
12211	0.45587099
12212	0.45480469
12213	0.45363066
12214	0.45230794
12215	0.45079827
12216	0.44906679
12217	0.44708258
12218	0.44481933
12219	0.44225565
12220	0.43937546
12221	0.43616861
12222	0.43263093
12223	0.42876482
12224	0.42457926
12225	0.42009044
12226	0.41532153
12227	0.41030279
12228	0.40507117
12229	0.39966998
12230	0.39414778
12231	0.38855773
12232	0.38295594
12233	0.37740028
12234	0.37194890
12235	0.36665881
12236	0.36158472
12237	0.35677794
12238	0.35228533
12239	0.34814936
12240	0.34440702
12241	0.34109020
12242	0.33822522
12243	0.33583301
12244	0.33392894
12245	0.33252254
12246	0.33161697
12247	0.33120874
12248	0.33128670
12249	0.33183131
12250	0.33281362
12251	0.33419442
12252	0.33592322
12253	0.33793780
12254	0.34016410
12255	0.34251624
12256	0.34489757
12257	0.34720224
12258	0.34931761
12259	0.35112736
12260	0.35251513
12261	0.35336846
12262	0.35358360
12263	0.35306880
12264	0.35174802
12265	0.34956372
12266	0.34647807
12267	0.34247386
12268	0.33755335
12269	0.33173716
12270	0.32506186
12271	0.31757775
12272	0.30934656
12273	0.30043903
12274	0.29093358
12275	0.28091559
12276	0.27047721
12277	0.25971889
12278	0.24875063
12279	0.23769484
12280	0.22668961
12281	0.21589243
12282	0.20548436
12283	0.19567373
12284	0.18669951
12285	0.17883469
12286	0.17238663
12287	0.16769721
12288	0.16513911
12289	0.16511086
12290	0.16802575
12291	0.17430189
12292	0.18434554
12293	0.19854093
12294	0.21723561
12295	0.24073650
12296	0.26931223
12297	0.30320701
12298	0.34267116
12299	0.38800591
12300	0.43963596
12301	0.49820349
12302	0.56471151
12303	0.64073533
12304	0.72876227
12305	0.83277720
12306	0.95934504
12307	1.11981308
12308	1.33525634
12309	1.64929152
12310	2.16854739
12311	3.23982501
12312	NaN
12313	NaN
12314	NaN
12315	NaN
12316	NaN
12317	NaN
12318	NaN
12319	NaN
12320	NaN
12321	NaN
12322	NaN
12323	NaN
12324	NaN
12325	NaN
12326	NaN
12327	NaN
12328	NaN
12329	NaN
12330	NaN
12331	NaN
12332	NaN
12333	NaN
12334	NaN
12335	NaN
12336	NaN
12337	NaN
12338	NaN
12339	NaN
12340	NaN
12341	NaN
12342	NaN
12343	NaN
12344	NaN
12345	NaN
12346	NaN
12347	NaN
12348	NaN
12349	NaN
12350	NaN
12351	NaN
12352	NaN
12353	NaN
12354	NaN
12355	NaN
12356	NaN
12357	NaN
12358	NaN
12359	NaN
12360	NaN
12361	NaN
12362	NaN
12363	NaN
12364	NaN
12365	NaN
12366	NaN
12367	NaN
12368	NaN
12369	NaN
12370	NaN
12371	NaN
12372	NaN
12373	NaN
12374	NaN
12375	NaN
12376	NaN
12377	NaN
12378	NaN
12379	NaN
12380	NaN
12381	NaN
12382	NaN
12383	NaN
12384	NaN
12385	NaN
12386	NaN
12387	NaN
12388	NaN
12389	NaN
12390	3.43525529
12391	1.53082252
12392	1.16438985
12393	1.01142180
12394	0.92907262
12395	0.87868708
12396	0.84544736
12397	0.82244706
12398	0.80602723
12399	0.79406512
12400	0.78524268
12401	0.77869743
12402	0.77384108
12403	0.77025944
12404	0.76765323
12405	0.76580226
12406	0.76454180
12407	0.76374745
12408	0.76332438
12409	0.76319963
12410	0.76331693
12411	0.76363200
12412	0.76410943
12413	0.76472020
12414	0.76543903
12415	0.76624286
12416	0.76710886
12417	0.76801342
12418	0.76893061
12419	0.76983130
12420	0.77068245
12421	0.77144659
12422	0.77208096
12423	0.77253824
12424	0.77276611
12425	0.77270818
12426	0.77230489
12427	0.77149522
12428	0.77021861
12429	0.76841742
12430	0.76604033
12431	0.76304561
12432	0.75940514
12433	0.75510806
12434	0.75016379
12435	0.74460530
12436	0.73848993
12437	0.73189932
12438	0.72493786
12439	0.71772909
12440	0.71041113
12441	0.70313066
12442	0.69603652
12443	0.68927366
12444	0.68297696
12445	0.67726606
12446	0.67224175
12447	0.66798276
12448	0.66454440
12449	0.66195786
12450	0.66023046
12451	0.65934664
12452	0.65926898
12453	0.65994012
12454	0.66128451
12455	0.66320986
12456	0.66560948
12457	0.66836411
12458	0.67134440
12459	0.67441314
12460	0.67742878
12461	0.68024838
12462	0.68273211
12463	0.68474746
12464	0.68617386
12465	0.68690801
12466	0.68686742
12467	0.68599510
12468	0.68426168
12469	0.68166661
12470	0.67823792
12471	0.67403036
12472	0.66912127
12473	0.66360658
12474	0.65759504
12475	0.65120256
12476	0.64454710
12477	0.63774347
12478	0.63089967
12479	0.62411380
12480	0.61747229
12481	0.61104894
12482	0.60490465
12483	0.59908801
12484	0.59363616
12485	0.58857578
12486	0.58392435
12487	0.57969153
12488	0.57587999
12489	0.57248646
12490	0.56950247
12491	0.56691480
12492	0.56470585
12493	0.56285405
12494	0.56133360
12495	0.56011492
12496	0.55916446
12497	0.55844492
12498	0.55791539
12499	0.55753142
12500	0.55724591
12501	0.55700892
12502	0.55676919
12503	0.55647421
12504	0.55607182
12505	0.55551070
12506	0.55474222
12507	0.55372095
12508	0.55240625
12509	0.55076313
12510	0.54876316
12511	0.54638529
12512	0.54361635
12513	0.54045159
12514	0.53689462
12515	0.53295767
12516	0.52866119
12517	0.52403384
12518	0.51911163
12519	0.51393735
12520	0.50855994
12521	0.50303310
12522	0.49741459
12523	0.49176466
12524	0.48614481
12525	0.48061615
12526	0.47523788
12527	0.47006562
12528	0.46514979
12529	0.46053433
12530	0.45625526
12531	0.45233959
12532	0.44880474
12533	0.44565839
12534	0.44289792
12535	0.44051149
12536	0.43847820
12537	0.43676913
12538	0.43534839
12539	0.43417445
12540	0.43320125
12541	0.43237939
12542	0.43165728
12543	0.43098244
12544	0.43030196
12545	0.42956403
12546	0.42871815
12547	0.42771623
12548	0.42651325
12549	0.42506796
12550	0.42334360
12551	0.42130885
12552	0.41893852
12553	0.41621438
12554	0.41312584
12555	0.40967047
12556	0.40585449
12557	0.40169296
12558	0.39720953
12559	0.39243627
12560	0.38741279
12561	0.38218555
12562	0.37680644
12563	0.37133178
12564	0.36582050
12565	0.36033309
12566	0.35492954
12567	0.34966865
12568	0.34460631
12569	0.33979455
12570	0.33528066
12571	0.33110684
12572	0.32730949
12573	0.32391918
12574	0.32096073
12575	0.31845301
12576	0.31640938
12577	0.31483725
12578	0.31373829
12579	0.31310794
12580	0.31293508
12581	0.31320143
12582	0.31388023
12583	0.31493613
12584	0.31632361
12585	0.31798649
12586	0.31985757
12587	0.32185814
12588	0.32389903
12589	0.32588115
12590	0.32769847
12591	0.32924008
12592	0.33039451
12593	0.33105400
12594	0.33111918
12595	0.33050326
12596	0.32913631
12597	0.32696819
12598	0.32396978
12599	0.32013428
12600	0.31547523
12601	0.31002492
12602	0.30383167
12603	0.29695654
12604	0.28947067
12605	0.28145278
12606	0.27298751
12607	0.26416537
12608	0.25508329
12609	0.24584664
12610	0.23657194
12611	0.22739103
12612	0.21845639
12613	0.20994598
12614	0.20207086
12615	0.19508034
12616	0.18926950
12617	0.18498483
12618	0.18262832
12619	0.18266056
12620	0.18559919
12621	0.19201355
12622	0.20251574
12623	0.21774426
12624	0.23834750
12625	0.26496604
12626	0.29821950
12627	0.33870828
12628	0.38703489
12629	0.44386142
12630	0.51001453
12631	0.58666360
12632	0.67560184
12633	0.77971590
12634	0.90378672
12635	1.05599284
12636	1.25100863
12637	1.51720977
12638	1.91632783
12639	2.61086321
12640	4.20742702
12641	NaN
12642	NaN
12643	NaN
12644	NaN
12645	NaN
12646	NaN
12647	NaN
12648	NaN
12649	NaN
12650	NaN
12651	NaN
12652	NaN
12653	NaN
12654	NaN
12655	NaN
12656	NaN
12657	NaN
12658	NaN
12659	NaN
12660	NaN
12661	NaN
12662	NaN
12663	NaN
12664	NaN
12665	NaN
12666	NaN
12667	NaN
12668	NaN
12669	NaN
12670	NaN
12671	NaN
12672	NaN
12673	NaN
12674	NaN
12675	NaN
12676	NaN
12677	NaN
12678	NaN
12679	NaN
12680	NaN
12681	NaN
12682	NaN
12683	NaN
12684	NaN
12685	NaN
12686	NaN
12687	NaN
12688	NaN
12689	NaN
12690	NaN
12691	NaN
12692	NaN
12693	NaN
12694	NaN
12695	NaN
12696	NaN
12697	NaN
12698	NaN
12699	NaN
12700	NaN
12701	NaN
12702	NaN
12703	NaN
12704	NaN
12705	NaN
12706	NaN
12707	NaN
12708	NaN
12709	NaN
12710	NaN
12711	1.55895209
12712	1.16083229
12713	1.02391648
12714	0.95410383
12715	0.91157526
12716	0.88291198
12717	0.86232126
12718	0.84688663
12719	0.83497554
12720	0.82559770
12721	0.81811559
12722	0.81209737
12723	0.80723929
12724	0.80332053
12725	0.80017626
12726	0.79768085
12727	0.79573673
12728	0.79426718
12729	0.79321021
12730	0.79251558
12731	0.79214066
12732	0.79204822
12733	0.79220414
12734	0.79257560
12735	0.79312950
12736	0.79383069
12737	0.79464108
12738	0.79551888
12739	0.79641771
12740	0.79728609
12741	0.79806793
12742	0.79870230
12743	0.79912436
12744	0.79926622
12745	0.79905933
12746	0.79843563
12747	0.79733080
12748	0.79568702
12749	0.79345554
12750	0.79060048
12751	0.78710139
12752	0.78295612
12753	0.77818245
12754	0.77281934
12755	0.76692718
12756	0.76058608
12757	0.75389433
12758	0.74696440
12759	0.73991948
12760	0.73288828
12761	0.72600043
12762	0.71938127
12763	0.71314746
12764	0.70740330
12765	0.70223701
12766	0.69771850
12767	0.69389772
12768	0.69080377
12769	0.68844450
12770	0.68680704
12771	0.68585885
12772	0.68554854
12773	0.68580842
12774	0.68655586
12775	0.68769616
12776	0.68912506
12777	0.69073188
12778	0.69240254
12779	0.69402277
12780	0.69548225
12781	0.69667745
12782	0.69751495
12783	0.69791496
12784	0.69781327
12785	0.69716352
12786	0.69593805
12787	0.69412822
12788	0.69174355
12789	0.68881029
12790	0.68536907
12791	0.68147236
12792	0.67718089
12793	0.67256087
12794	0.66768086
12795	0.66260898
12796	0.65741068
12797	0.65214670
12798	0.64687228
12799	0.64163595
12800	0.63647950
12801	0.63143754
12802	0.62653863
12803	0.62180489
12804	0.61725312
12805	0.61289555
12806	0.60874021
12807	0.60479188
12808	0.60105234
12809	0.59752107
12810	0.59419513
12811	0.59106994
12812	0.58813876
12813	0.58539289
12814	0.58282197
12815	0.58041364
12816	0.57815343
12817	0.57602549
12818	0.57401204
12819	0.57209361
12820	0.57024950
12821	0.56845772
12822	0.56669533
12823	0.56493837
12824	0.56316280
12825	0.56134415
12826	0.55945843
12827	0.55748272
12828	0.55539519
12829	0.55317634
12830	0.55080914
12831	0.54827982
12832	0.54557830
12833	0.54269886
12834	0.53964019
12835	0.53640568
12836	0.53300375
12837	0.52944738
12838	0.52575397
12839	0.52194536
12840	0.51804668
12841	0.51408625
12842	0.51009446
12843	0.50610340
12844	0.50214523
12845	0.49825186
12846	0.49445343
12847	0.49077764
12848	0.48724851
12849	0.48388562
12850	0.48070368
12851	0.47771156
12852	0.47491246
12853	0.47230396
12854	0.46987787
12855	0.46762109
12856	0.46551585
12857	0.46354091
12858	0.46167168
12859	0.45988154
12860	0.45814237
12861	0.45642519
12862	0.45470113
12863	0.45294181
12864	0.45111993
12865	0.44921002
12866	0.44718871
12867	0.44503537
12868	0.44273239
12869	0.44026548
12870	0.43762422
12871	0.43480158
12872	0.43179473
12873	0.42860454
12874	0.42523542
12875	0.42169556
12876	0.41799626
12877	0.41415215
12878	0.41018048
12879	0.40610108
12880	0.40193599
12881	0.39770901
12882	0.39344540
12883	0.38917145
12884	0.38491404
12885	0.38070062
12886	0.37655863
12887	0.37251532
12888	0.36859772
12889	0.36483252
12890	0.36124563
12891	0.35786238
12892	0.35470706
12893	0.35180280
12894	0.34917110
12895	0.34683153
12896	0.34480080
12897	0.34309244
12898	0.34171611
12899	0.34067634
12900	0.33997232
12901	0.33959693
12902	0.33953589
12903	0.33976755
12904	0.34026220
12905	0.34098220
12906	0.34188184
12907	0.34290785
12908	0.34400016
12909	0.34509292
12910	0.34611604
12911	0.34699711
12912	0.34766325
12913	0.34804413
12914	0.34807348
12915	0.34769201
12916	0.34684902
12917	0.34550408
12918	0.34362820
12919	0.34120372
12920	0.33822459
12921	0.33469611
12922	0.33063275
12923	0.32605889
12924	0.32100645
12925	0.31551486
12926	0.30963096
12927	0.30340892
12928	0.29691121
12929	0.29021001
12930	0.28338900
12931	0.27654579
12932	0.26979455
12933	0.26326746
12934	0.25711945
12935	0.25152773
12936	0.24669784
12937	0.24286163
12938	0.24028002
12939	0.23924269
12940	0.24006709
12941	0.24309731
12942	0.24870062
12943	0.25726572
12944	0.26920107
12945	0.28493696
12946	0.30493304
12947	0.32969162
12948	0.35978436
12949	0.39589971
12950	0.43891078
12951	0.48999086
12952	0.55079097
12953	0.62373489
12954	0.71252304
12955	0.82304907
12956	0.96520680
12957	1.15677893
12958	1.43296528
12959	1.87403858
12960	2.71045804
12961	NaN
12962	NaN
12963	NaN
12964	NaN
12965	NaN
12966	NaN
12967	NaN
12968	NaN
12969	NaN
12970	NaN
12971	NaN
12972	NaN
12973	NaN
12974	NaN
12975	NaN
12976	NaN
12977	NaN
12978	NaN
12979	NaN
12980	NaN
12981	NaN
12982	NaN
12983	NaN
12984	NaN
12985	NaN
12986	NaN
12987	NaN
12988	NaN
12989	NaN
12990	NaN
12991	NaN
12992	NaN
12993	NaN
12994	NaN
12995	NaN
12996	NaN
12997	NaN
12998	NaN
12999	NaN
13000	NaN
13001	NaN
13002	NaN
13003	NaN
13004	NaN
13005	NaN
13006	NaN
13007	NaN
13008	NaN
13009	NaN
13010	NaN
13011	NaN
13012	NaN
13013	NaN
13014	NaN
13015	NaN
13016	NaN
13017	NaN
13018	NaN
13019	NaN
13020	NaN
13021	NaN
13022	NaN
13023	NaN
13024	NaN
13025	NaN
13026	NaN
13027	NaN
13028	NaN
13029	NaN
13030	NaN
13031	NaN
13032	NaN
13033	NaN
13034	NaN
13035	NaN
13036	NaN
13037	NaN
13038	NaN
13039	NaN
13040	NaN
13041	NaN
13042	NaN
13043	NaN
13044	NaN
13045	NaN
13046	2.66545224
13047	1.29958057
13048	1.04362237
13049	0.93914157
13050	0.88428879
13051	0.85162973
13052	0.83069062
13053	0.81661379
13054	0.80684525
13055	0.79991937
13056	0.79494005
13057	0.79133278
13058	0.78871584
13059	0.78682905
13060	0.78549153
13061	0.78457665
13062	0.78399491
13063	0.78368318
13064	0.78359735
13065	0.78370661
13066	0.78398925
13067	0.78443015
13068	0.78501779
13069	0.78574193
13070	0.78659254
13071	0.78755724
13072	0.78862065
13073	0.78976262
13074	0.79095721
13075	0.79217184
13076	0.79336560
13077	0.79448956
13078	0.79548520
13079	0.79628426
13080	0.79680943
13081	0.79697442
13082	0.79668570
13083	0.79584503
13084	0.79435277
13085	0.79211307
13086	0.78903991
13087	0.78506410
13088	0.78014129
13089	0.77425987
13090	0.76744759
13091	0.75977641
13092	0.75136405
13093	0.74237227
13094	0.73300105
13095	0.72347850
13096	0.71404928
13097	0.70496094
13098	0.69645059
13099	0.68873316
13100	0.68199152
13101	0.67637086
13102	0.67197442
13103	0.66886300
13104	0.66705602
13105	0.66653413
13106	0.66724229
13107	0.66909385
13108	0.67197347
13109	0.67574120
13110	0.68023533
13111	0.68527585
13112	0.69066733
13113	0.69620311
13114	0.70166922
13115	0.70684958
13116	0.71153164
13117	0.71551347
13118	0.71861082
13119	0.72066528
13120	0.72155130
13121	0.72118336
13122	0.71951997
13123	0.71656692
13124	0.71237636
13125	0.70704371
13126	0.70070130
13127	0.69351017
13128	0.68565035
13129	0.67731100
13130	0.66868073
13131	0.65993959
13132	0.65125239
13133	0.64276451
13134	0.63459903
13135	0.62685609
13136	0.61961317
13137	0.61292678
13138	0.60683435
13139	0.60135680
13140	0.59650064
13141	0.59226060
13142	0.58862120
13143	0.58555895
13144	0.58304328
13145	0.58103788
13146	0.57950133
13147	0.57838792
13148	0.57764822
13149	0.57722962
13150	0.57707679
13151	0.57713234
13152	0.57733756
13153	0.57763338
13154	0.57796073
13155	0.57826197
13156	0.57848126
13157	0.57856584
13158	0.57846630
13159	0.57813764
13160	0.57753932
13161	0.57663602
13162	0.57539773
13163	0.57379997
13164	0.57182395
13165	0.56945670
13166	0.56669110
13167	0.56352633
13168	0.55996764
13169	0.55602694
13170	0.55172271
13171	0.54708016
13172	0.54213113
13173	0.53691417
13174	0.53147382
13175	0.52586043
13176	0.52012932
13177	0.51433980
13178	0.50855422
13179	0.50283676
13180	0.49725175
13181	0.49186224
13182	0.48672831
13183	0.48190513
13184	0.47744128
13185	0.47337693
13186	0.46974242
13187	0.46655715
13188	0.46382874
13189	0.46155316
13190	0.45971459
13191	0.45828632
13192	0.45723191
13193	0.45650670
13194	0.45605904
13195	0.45583212
13196	0.45576537
13197	0.45579600
13198	0.45586008
13199	0.45589381
13200	0.45583451
13201	0.45562118
13202	0.45519578
13203	0.45450366
13204	0.45349461
13205	0.45212349
13206	0.45035124
13207	0.44814581
13208	0.44548300
13209	0.44234738
13210	0.43873334
13211	0.43464580
13212	0.43010095
13213	0.42512661
13214	0.41976237
13215	0.41405928
13216	0.40807897
13217	0.40189213
13218	0.39557654
13219	0.38921487
13220	0.38289189
13221	0.37669161
13222	0.37069511
13223	0.36497775
13224	0.35960791
13225	0.35464558
13226	0.35014212
13227	0.34613997
13228	0.34267330
13229	0.33976874
13230	0.33744615
13231	0.33571920
13232	0.33459574
13233	0.33407804
13234	0.33416170
13235	0.33483565
13236	0.33607969
13237	0.33786353
13238	0.34014416
13239	0.34286398
13240	0.34594893
13241	0.34930685
13242	0.35282648
13243	0.35637829
13244	0.35981628
13245	0.36298200
13246	0.36571008
13247	0.36783546
13248	0.36920229
13249	0.36967170
13250	0.36913061
13251	0.36749688
13252	0.36472285
13253	0.36079600
13254	0.35573611
13255	0.34959072
13256	0.34242877
13257	0.33433381
13258	0.32539788
13259	0.31571594
13260	0.30538258
13261	0.29449001
13262	0.28312841
13263	0.27138841
13264	0.25936469
13265	0.24716258
13266	0.23490542
13267	0.22274515
13268	0.21087447
13269	0.19954064
13270	0.18906175
13271	0.17984428
13272	0.17240000
13273	0.16736178
13274	0.16549186
13275	0.16767770
13276	0.17491645
13277	0.18826580
13278	0.20878445
13279	0.23743197
13280	0.27497494
13281	0.32189310
13282	0.37832674
13283	0.44409180
13284	0.51877564
13285	0.60191691
13286	0.69325751
13287	0.79305297
13288	0.90245217
13289	1.02401888
13290	1.16254401
13291	1.32655537
13292	1.53148627
13293	1.80718493
13294	2.21875191
13295	2.93961215
13296	4.63745546
13297	NaN
13298	NaN
13299	NaN
13300	NaN
13301	NaN
13302	NaN
13303	NaN
13304	NaN
13305	NaN
13306	NaN
13307	NaN
13308	NaN
13309	NaN
13310	NaN
13311	NaN
13312	NaN
13313	NaN
13314	NaN
13315	NaN
13316	NaN
13317	NaN
13318	NaN
13319	NaN
13320	NaN
13321	NaN
13322	NaN
13323	NaN
13324	NaN
13325	NaN
13326	NaN
13327	NaN
13328	NaN
13329	NaN
13330	NaN
13331	NaN
13332	NaN
13333	NaN
13334	NaN
13335	NaN
13336	NaN
13337	NaN
13338	NaN
13339	NaN
13340	NaN
13341	NaN
13342	NaN
13343	NaN
13344	NaN
13345	NaN
13346	NaN
13347	NaN
13348	NaN
13349	NaN
13350	NaN
13351	NaN
13352	NaN
13353	NaN
13354	NaN
13355	NaN
13356	NaN
13357	NaN
13358	NaN
13359	NaN
13360	NaN
13361	NaN
13362	NaN
13363	NaN
13364	NaN
13365	NaN
13366	NaN
13367	NaN
13368	NaN
13369	NaN
13370	NaN
13371	NaN
13372	NaN
13373	NaN
13374	NaN
13375	NaN
13376	NaN
13377	NaN
13378	2.25290298
13379	1.40421677
13380	1.12839878
13381	0.99529022
13382	0.91917419
13383	0.87150079
13384	0.84002596
13385	0.81861615
13386	0.80385423
13387	0.79368287
13388	0.78678817
13389	0.78229135
13390	0.77958339
13391	0.77822995
13392	0.77791399
13393	0.77840042
13394	0.77951175
13395	0.78111267
13396	0.78309810
13397	0.78538513
13398	0.78790677
13399	0.79060686
13400	0.79343629
13401	0.79634953
13402	0.79930264
13403	0.80225086
13404	0.80514735
13405	0.80794138
13406	0.81057805
13407	0.81299764
13408	0.81513500
13409	0.81692028
13410	0.81827950
13411	0.81913590
13412	0.81941187
13413	0.81903154
13414	0.81792367
13415	0.81602532
13416	0.81328619
13417	0.80967182
13418	0.80516779
13419	0.79978329
13420	0.79355311
13421	0.78653920
13422	0.77883089
13423	0.77054256
13424	0.76181155
13425	0.75279295
13426	0.74365419
13427	0.73456848
13428	0.72570848
13429	0.71723962
13430	0.70931423
13431	0.70206678
13432	0.69560987
13433	0.69003147
13434	0.68539339
13435	0.68173057
13436	0.67905182
13437	0.67734021
13438	0.67655498
13439	0.67663354
13440	0.67749339
13441	0.67903495
13442	0.68114376
13443	0.68369383
13444	0.68655026
13445	0.68957293
13446	0.69261968
13447	0.69555032
13448	0.69823027
13449	0.70053464
13450	0.70235181
13451	0.70358640
13452	0.70416272
13453	0.70402616
13454	0.70314449
13455	0.70150822
13456	0.69912964
13457	0.69604105
13458	0.69229251
13459	0.68794841
13460	0.68308425
13461	0.67778313
13462	0.67213207
13463	0.66621882
13464	0.66012907
13465	0.65394431
13466	0.64773965
13467	0.64158332
13468	0.63553530
13469	0.62964761
13470	0.62396467
13471	0.61852330
13472	0.61335367
13473	0.60847992
13474	0.60392088
13475	0.59969050
13476	0.59579837
13477	0.59224963
13478	0.58904529
13479	0.58618194
13480	0.58365172
13481	0.58144164
13482	0.57953376
13483	0.57790482
13484	0.57652658
13485	0.57536554
13486	0.57438403
13487	0.57354021
13488	0.57278925
13489	0.57208437
13490	0.57137764
13491	0.57062149
13492	0.56976944
13493	0.56877774
13494	0.56760597
13495	0.56621808
13496	0.56458342
13497	0.56267709
13498	0.56048065
13499	0.55798239
13500	0.55517769
13501	0.55206925
13502	0.54866678
13503	0.54498732
13504	0.54105455
13505	0.53689826
13506	0.53255391
13507	0.52806175
13508	0.52346534
13509	0.51881087
13510	0.51414549
13511	0.50951624
13512	0.50496852
13513	0.50054497
13514	0.49628425
13515	0.49222010
13516	0.48838067
13517	0.48478767
13518	0.48145640
13519	0.47839528
13520	0.47560591
13521	0.47308335
13522	0.47081649
13523	0.46878824
13524	0.46697637
13525	0.46535391
13526	0.46389014
13527	0.46255085
13528	0.46129957
13529	0.46009809
13530	0.45890731
13531	0.45768788
13532	0.45640099
13533	0.45500889
13534	0.45347553
13535	0.45176688
13536	0.44985175
13537	0.44770199
13538	0.44529280
13539	0.44260368
13540	0.43961835
13541	0.43632597
13542	0.43272123
13543	0.42880526
13544	0.42458650
13545	0.42008054
13546	0.41531092
13547	0.41030884
13548	0.40511298
13549	0.39976877
13550	0.39432713
13551	0.38884342
13552	0.38337576
13553	0.37798345
13554	0.37272564
13555	0.36765975
13556	0.36284047
13557	0.35831887
13558	0.35414177
13559	0.35035154
13560	0.34698540
13561	0.34407577
13562	0.34165001
13563	0.33972991
13564	0.33833170
13565	0.33746523
13566	0.33713353
13567	0.33733171
13568	0.33804604
13569	0.33925298
13570	0.34091794
13571	0.34299448
13572	0.34542370
13573	0.34813368
13574	0.35103953
13575	0.35404426
13576	0.35703990
13577	0.35991019
13578	0.36253282
13579	0.36478367
13580	0.36654049
13581	0.36768714
13582	0.36811808
13583	0.36774153
13584	0.36648247
13585	0.36428505
13586	0.36111233
13587	0.35694727
13588	0.35179099
13589	0.34566131
13590	0.33859059
13591	0.33062351
13592	0.32181498
13593	0.31222877
13594	0.30193636
13595	0.29101741
13596	0.27956024
13597	0.26766381
13598	0.25544143
13599	0.24302392
13600	0.23056602
13601	0.21825108
13602	0.20629801
13603	0.19496816
13604	0.18457165
13605	0.17547351
13606	0.16809681
13607	0.16292523
13608	0.16050385
13609	0.16143329
13610	0.16636795
13611	0.17600928
13612	0.19110319
13613	0.21244623
13614	0.24090131
13615	0.27743852
13616	0.32320908
13617	0.37967238
13618	0.44881392
13619	0.53350073
13620	0.63812304
13621	0.76975256
13622	0.94048649
13623	1.17260242
13624	1.51159394
13625	2.06606507
13626	3.17290998
13627	NaN
13628	NaN
13629	NaN
13630	NaN
13631	NaN
13632	NaN
13633	NaN
13634	NaN
13635	NaN
13636	NaN
13637	NaN
13638	NaN
13639	NaN
13640	NaN
13641	NaN
13642	NaN
13643	NaN
13644	NaN
13645	NaN
13646	NaN
13647	NaN
13648	NaN
13649	NaN
13650	NaN
13651	NaN
13652	NaN
13653	NaN
13654	NaN
13655	NaN
13656	NaN
13657	NaN
13658	NaN
13659	NaN
13660	NaN
13661	NaN
13662	NaN
13663	NaN
13664	NaN
13665	NaN
13666	NaN
13667	NaN
13668	NaN
13669	NaN
13670	NaN
13671	NaN
13672	NaN
13673	NaN
13674	NaN
13675	NaN
13676	NaN
13677	NaN
13678	NaN
13679	NaN
13680	NaN
13681	NaN
13682	NaN
13683	NaN
13684	NaN
13685	NaN
13686	NaN
13687	NaN
13688	NaN
13689	NaN
13690	NaN
13691	NaN
13692	NaN
13693	NaN
13694	NaN
13695	NaN
13696	NaN
13697	NaN
13698	NaN
13699	NaN
13700	NaN
13701	NaN
13702	NaN
13703	NaN
13704	NaN
13705	NaN
13706	NaN
13707	NaN
13708	NaN
13709	NaN
13710	NaN
13711	NaN
13712	2.31120706
13713	1.38251638
13714	1.10810769
13715	0.97900265
13716	0.90537846
13717	0.85874933
13718	0.82724273
13719	0.80502850
13720	0.78890842
13721	0.77698308
13722	0.76805383
13723	0.76132876
13724	0.75626534
13725	0.75248080
13726	0.74969888
13727	0.74771667
13728	0.74638247
13729	0.74558169
13730	0.74522626
13731	0.74524736
13732	0.74558961
13733	0.74620736
13734	0.74706066
13735	0.74811274
13736	0.74932772
13737	0.75066894
13738	0.75209707
13739	0.75356913
13740	0.75503755
13741	0.75644970
13742	0.75774759
13743	0.75886792
13744	0.75974250
13745	0.76029974
13746	0.76046515
13747	0.76016402
13748	0.75932348
13749	0.75787580
13750	0.75576121
13751	0.75293225
13752	0.74935746
13753	0.74502486
13754	0.73994529
13755	0.73415464
13756	0.72771537
13757	0.72071564
13758	0.71326780
13759	0.70550501
13760	0.69757634
13761	0.68964100
13762	0.68186194
13763	0.67439926
13764	0.66740388
13765	0.66101211
13766	0.65534109
13767	0.65048534
13768	0.64651442
13769	0.64347214
13770	0.64137590
13771	0.64021760
13772	0.63996458
13773	0.64056104
13774	0.64193010
13775	0.64397538
13776	0.64658332
13777	0.64962590
13778	0.65296298
13779	0.65644580
13780	0.65992033
13781	0.66323143
13782	0.66622716
13783	0.66876382
13784	0.67071074
13785	0.67195499
13786	0.67240590
13787	0.67199844
13788	0.67069620
13789	0.66849160
13790	0.66540605
13791	0.66148776
13792	0.65680838
13793	0.65145820
13794	0.64554161
13795	0.63917071
13796	0.63246095
13797	0.62552589
13798	0.61847353
13799	0.61140317
13800	0.60440385
13801	0.59755278
13802	0.59091556
13803	0.58454615
13804	0.57848781
13805	0.57277399
13806	0.56742948
13807	0.56247181
13808	0.55791157
13809	0.55375427
13810	0.55000025
13811	0.54664552
13812	0.54368228
13813	0.54109854
13814	0.53887844
13815	0.53700215
13816	0.53544545
13817	0.53417981
13818	0.53317219
13819	0.53238505
13820	0.53177655
13821	0.53130096
13822	0.53090948
13823	0.53055048
13824	0.53017110
13825	0.52971816
13826	0.52913934
13827	0.52838457
13828	0.52740741
13829	0.52616626
13830	0.52462506
13831	0.52275491
13832	0.52053404
13833	0.51794893
13834	0.51499420
13835	0.51167303
13836	0.50799710
13837	0.50398630
13838	0.49966824
13839	0.49507800
13840	0.49025720
13841	0.48525292
13842	0.48011672
13843	0.47490349
13844	0.46966949
13845	0.46447152
13846	0.45936471
13847	0.45440131
13848	0.44962895
13849	0.44508943
13850	0.44081751
13851	0.43684009
13852	0.43317571
13853	0.42983428
13854	0.42681736
13855	0.42411831
13856	0.42172295
13857	0.41961044
13858	0.41775408
13859	0.41612226
13860	0.41467929
13861	0.41338664
13862	0.41220358
13863	0.41108823
13864	0.40999812
13865	0.40889117
13866	0.40772617
13867	0.40646333
13868	0.40506524
13869	0.40349701
13870	0.40172696
13871	0.39972728
13872	0.39747447
13873	0.39494991
13874	0.39214024
13875	0.38903791
13876	0.38564169
13877	0.38195682
13878	0.37799519
13879	0.37377548
13880	0.36932322
13881	0.36467043
13882	0.35985485
13883	0.35491979
13884	0.34991270
13885	0.34488443
13886	0.33988777
13887	0.33497617
13888	0.33020228
13889	0.32561707
13890	0.32126850
13891	0.31720081
13892	0.31345385
13893	0.31006283
13894	0.30705822
13895	0.30446577
13896	0.30230647
13897	0.30059659
13898	0.29934797
13899	0.29856735
13900	0.29825604
13901	0.29840910
13902	0.29901418
13903	0.30005023
13904	0.30148622
13905	0.30327946
13906	0.30537459
13907	0.30770245
13908	0.31017992
13909	0.31271040
13910	0.31518504
13911	0.31748539
13912	0.31948701
13913	0.32106361
13914	0.32209301
13915	0.32246175
13916	0.32207096
13917	0.32084075
13918	0.31871340
13919	0.31565556
13920	0.31165817
13921	0.30673572
13922	0.30092368
13923	0.29427516
13924	0.28685796
13925	0.27875122
13926	0.27004272
13927	0.26082802
13928	0.25120991
13929	0.24129961
13930	0.23122023
13931	0.22111155
13932	0.21113706
13933	0.20149194
13934	0.19241498
13935	0.18420194
13936	0.17722160
13937	0.17193685
13938	0.16892603
13939	0.16891097
13940	0.17278796
13941	0.18166138
13942	0.19688419
13943	0.22010250
13944	0.25330794
13945	0.29890913
13946	0.35982853
13947	0.43966979
13948	0.54300392
13949	0.67589843
13950	0.84692115
13951	1.06910837
13952	1.36403203
13953	1.77099252
13954	2.37053204
13955	3.35721159
13956	NaN
13957	NaN
13958	NaN
13959	NaN
13960	NaN
13961	NaN
13962	NaN
13963	NaN
13964	NaN
13965	NaN
13966	NaN
13967	NaN
13968	NaN
13969	NaN
13970	NaN
13971	NaN
13972	NaN
13973	NaN
13974	NaN
13975	NaN
13976	NaN
13977	NaN
13978	NaN
13979	NaN
13980	NaN
13981	NaN
13982	NaN
13983	NaN
13984	NaN
13985	NaN
13986	NaN
13987	NaN
13988	NaN
13989	NaN
13990	NaN
13991	NaN
13992	NaN
13993	NaN
13994	NaN
13995	NaN
13996	NaN
13997	NaN
13998	NaN
13999	NaN
14000	NaN
14001	NaN
14002	NaN
14003	NaN
14004	NaN
14005	NaN
14006	NaN
14007	NaN
14008	NaN
14009	NaN
14010	NaN
14011	NaN
14012	NaN
14013	NaN
14014	NaN
14015	NaN
14016	NaN
14017	NaN
14018	NaN
14019	NaN
14020	NaN
14021	NaN
14022	NaN
14023	NaN
14024	NaN
14025	NaN
14026	NaN
14027	NaN
14028	NaN
14029	NaN
14030	NaN
14031	NaN
14032	NaN
14033	NaN
14034	NaN
14035	NaN
14036	NaN
14037	NaN
14038	NaN
14039	NaN
14040	4.41383457
14041	1.67404342
14042	1.22162056
14043	1.03813601
14044	0.94036645
14045	0.88079816
14046	0.84159464
14047	0.81454337
14048	0.79532915
14049	0.78146201
14050	0.77140152
14051	0.76414055
14052	0.75899237
14053	0.75547129
14054	0.75322384
14055	0.75198638
14056	0.75155842
14057	0.75178391
14058	0.75253981
14059	0.75372690
14060	0.75526309
14061	0.75707901
14062	0.75911349
14063	0.76131094
14064	0.76361847
14065	0.76598358
14066	0.76835346
14067	0.77067274
14068	0.77288336
14069	0.77492362
14070	0.77672863
14071	0.77823007
14072	0.77935737
14073	0.78003889
14074	0.78020364
14075	0.77978373
14076	0.77871710
14077	0.77695048
14078	0.77444255
14079	0.77116734
14080	0.76711679
14081	0.76230329
14082	0.75676137
14083	0.75054818
14084	0.74374288
14085	0.73644489
14086	0.72877121
14087	0.72085178
14088	0.71282572
14089	0.70483547
14090	0.69702202
14091	0.68951988
14092	0.68245208
14093	0.67592740
14094	0.67003655
14095	0.66485035
14096	0.66041851
14097	0.65676874
14098	0.65390736
14099	0.65181947
14100	0.65047014
14101	0.64980644
14102	0.64975870
14103	0.65024304
14104	0.65116394
14105	0.65241629
14106	0.65388912
14107	0.65546793
14108	0.65703827
14109	0.65848905
14110	0.65971559
14111	0.66062284
14112	0.66112816
14113	0.66116375
14114	0.66067833
14115	0.65963840
14116	0.65802830
14117	0.65584993
14118	0.65312129
14119	0.64987463
14120	0.64615387
14121	0.64201200
14122	0.63750798
14123	0.63270408
14124	0.62766349
14125	0.62244785
14126	0.61711580
14127	0.61172175
14128	0.60631502
14129	0.60093939
14130	0.59563363
14131	0.59043086
14132	0.58535957
14133	0.58044422
14134	0.57570523
14135	0.57115990
14136	0.56682259
14137	0.56270510
14138	0.55881679
14139	0.55516481
14140	0.55175382
14141	0.54858571
14142	0.54565978
14143	0.54297221
14144	0.54051590
14145	0.53828007
14146	0.53625041
14147	0.53440869
14148	0.53273308
14149	0.53119814
14150	0.52977508
14151	0.52843249
14152	0.52713645
14153	0.52585173
14154	0.52454245
14155	0.52317297
14156	0.52170879
14157	0.52011770
14158	0.51837051
14159	0.51644206
14160	0.51431179
14161	0.51196432
14162	0.50939012
14163	0.50658554
14164	0.50355297
14165	0.50030088
14166	0.49684355
14167	0.49320060
14168	0.48939636
14169	0.48545942
14170	0.48142132
14171	0.47731614
14172	0.47317940
14173	0.46904674
14174	0.46495333
14175	0.46093270
14176	0.45701563
14177	0.45322967
14178	0.44959798
14179	0.44613889
14180	0.44286570
14181	0.43978599
14182	0.43690214
14183	0.43421125
14184	0.43170556
14185	0.42937315
14186	0.42719850
14187	0.42516309
14188	0.42324641
14189	0.42142650
14190	0.41968063
14191	0.41798598
14192	0.41632035
14193	0.41466248
14194	0.41299245
14195	0.41129231
14196	0.40954593
14197	0.40773952
14198	0.40586159
14199	0.40390289
14200	0.40185663
14201	0.39971811
14202	0.39748469
14203	0.39515582
14204	0.39273247
14205	0.39021727
14206	0.38761392
14207	0.38492733
14208	0.38216302
14209	0.37932697
14210	0.37642545
14211	0.37346470
14212	0.37045071
14213	0.36738941
14214	0.36428645
14215	0.36114779
14216	0.35797974
14217	0.35478988
14218	0.35158786
14219	0.34838563
14220	0.34519866
14221	0.34204608
14222	0.33895069
14223	0.33593854
14224	0.33303788
14225	0.33027768
14226	0.32768634
14227	0.32528982
14228	0.32311028
14229	0.32116467
14230	0.31946340
14231	0.31800956
14232	0.31679791
14233	0.31581485
14234	0.31503794
14235	0.31443611
14236	0.31397066
14237	0.31359538
14238	0.31325802
14239	0.31290147
14240	0.31246543
14241	0.31188843
14242	0.31110907
14243	0.31006855
14244	0.30871212
14245	0.30699080
14246	0.30486333
14247	0.30229658
14248	0.29926637
14249	0.29575825
14250	0.29176718
14251	0.28729686
14252	0.28235978
14253	0.27697620
14254	0.27117425
14255	0.26498920
14256	0.25846407
14257	0.25165007
14258	0.24460816
14259	0.23741108
14260	0.23014502
14261	0.22291353
14262	0.21584058
14263	0.20907432
14264	0.20279148
14265	0.19720094
14266	0.19254738
14267	0.18911502
14268	0.18722868
14269	0.18725517
14270	0.18960084
14271	0.19470952
14272	0.20305844
14273	0.21515268
14274	0.23152271
14275	0.25272459
14276	0.27934799
14277	0.31203723
14278	0.35152876
14279	0.39871711
14280	0.45476130
14281	0.52125770
14282	0.60051960
14283	0.69604683
14284	0.81337690
14285	0.96171045
14286	1.15732574
14287	1.43166614
14288	1.85372984
14289	2.60884452
14290	NaN
14291	NaN
14292	NaN
14293	NaN
14294	NaN
14295	NaN
14296	NaN
14297	NaN
14298	NaN
14299	NaN
14300	NaN
14301	NaN
14302	NaN
14303	NaN
14304	NaN
14305	NaN
14306	NaN
14307	NaN
14308	NaN
14309	NaN
14310	NaN
14311	NaN
14312	NaN
14313	NaN
14314	NaN
14315	NaN
14316	NaN
14317	NaN
14318	NaN
14319	NaN
14320	NaN
14321	NaN
14322	NaN
14323	NaN
14324	NaN
14325	NaN
14326	NaN
14327	NaN
14328	NaN
14329	NaN
14330	NaN
14331	NaN
14332	NaN
14333	NaN
14334	NaN
14335	NaN
14336	NaN
14337	NaN
14338	NaN
14339	NaN
14340	NaN
14341	NaN
14342	NaN
14343	NaN
14344	NaN
14345	NaN
14346	NaN
14347	NaN
14348	NaN
14349	NaN
14350	NaN
14351	NaN
14352	NaN
14353	NaN
14354	NaN
14355	NaN
14356	NaN
14357	NaN
14358	NaN
14359	NaN
14360	NaN
14361	NaN
14362	NaN
14363	NaN
14364	NaN
14365	NaN
14366	NaN
14367	NaN
14368	1.82544839
14369	1.26667917
14370	1.06513143
14371	0.96305013
14372	0.90242231
14373	0.86290687
14374	0.83553463
14375	0.81573963
14376	0.80095595
14377	0.78963345
14378	0.78078282
14379	0.77374583
14380	0.76806974
14381	0.76343566
14382	0.75961423
14383	0.75643867
14384	0.75378615
14385	0.75156581
14386	0.74970996
14387	0.74816823
14388	0.74690264
14389	0.74588412
14390	0.74508983
14391	0.74450070
14392	0.74409932
14393	0.74386847
14394	0.74378973
14395	0.74384153
14396	0.74399894
14397	0.74423218
14398	0.74450558
14399	0.74477762
14400	0.74500012
14401	0.74511868
14402	0.74507260
14403	0.74479657
14404	0.74422163
14405	0.74327749
14406	0.74189562
14407	0.74001241
14408	0.73757291
14409	0.73453510
14410	0.73087406
14411	0.72658551
14412	0.72168845
14413	0.71622729
14414	0.71027142
14415	0.70391399
14416	0.69726861
14417	0.69046491
14418	0.68364263
14419	0.67694521
14420	0.67051387
14421	0.66448087
14422	0.65896457
14423	0.65406507
14424	0.64986110
14425	0.64640778
14426	0.64373565
14427	0.64185107
14428	0.64073658
14429	0.64035237
14430	0.64063811
14431	0.64151508
14432	0.64288855
14433	0.64465028
14434	0.64668143
14435	0.64885563
14436	0.65104198
14437	0.65310913
14438	0.65492821
14439	0.65637773
14440	0.65734708
14441	0.65774083
14442	0.65748215
14443	0.65651625
14444	0.65481251
14445	0.65236533
14446	0.64919418
14447	0.64534223
14448	0.64087296
14449	0.63586700
14450	0.63041699
14451	0.62462312
14452	0.61858803
14453	0.61241245
14454	0.60619158
14455	0.60001189
14456	0.59394938
14457	0.58806843
14458	0.58242130
14459	0.57704854
14460	0.57198000
14461	0.56723547
14462	0.56282634
14463	0.55875695
14464	0.55502558
14465	0.55162585
14466	0.54854769
14467	0.54577786
14468	0.54330057
14469	0.54109782
14470	0.53914934
14471	0.53743309
14472	0.53592443
14473	0.53459710
14474	0.53342247
14475	0.53236985
14476	0.53140706
14477	0.53049994
14478	0.52961326
14479	0.52871102
14480	0.52775681
14481	0.52671456
14482	0.52554929
14483	0.52422762
14484	0.52271891
14485	0.52099574
14486	0.51903474
14487	0.51681727
14488	0.51433009
14489	0.51156563
14490	0.50852269
14491	0.50520629
14492	0.50162804
14493	0.49780631
14494	0.49376544
14495	0.48953608
14496	0.48515397
14497	0.48065990
14498	0.47609806
14499	0.47151557
14500	0.46696061
14501	0.46248141
14502	0.45812443
14503	0.45393294
14504	0.44994560
14505	0.44619486
14506	0.44270602
14507	0.43949610
14508	0.43657336
14509	0.43393713
14510	0.43157774
14511	0.42947716
14512	0.42760974
14513	0.42594317
14514	0.42443979
14515	0.42305797
14516	0.42175320
14517	0.42047989
14518	0.41919219
14519	0.41784552
14520	0.41639730
14521	0.41480801
14522	0.41304180
14523	0.41106734
14524	0.40885800
14525	0.40639263
14526	0.40365577
14527	0.40063804
14528	0.39733627
14529	0.39375359
14530	0.38989964
14531	0.38579008
14532	0.38144672
14533	0.37689674
14534	0.37217242
14535	0.36731049
14536	0.36235115
14537	0.35733736
14538	0.35231394
14539	0.34732643
14540	0.34242031
14541	0.33763999
14542	0.33302784
14543	0.32862350
14544	0.32446316
14545	0.32057914
14546	0.31699941
14547	0.31374738
14548	0.31084201
14549	0.30829769
14550	0.30612466
14551	0.30432889
14552	0.30291274
14553	0.30187485
14554	0.30121011
14555	0.30091000
14556	0.30096209
14557	0.30134934
14558	0.30204993
14559	0.30303591
14560	0.30427232
14561	0.30571645
14562	0.30731636
14563	0.30901089
14564	0.31072912
14565	0.31239066
14566	0.31390727
14567	0.31518483
14568	0.31612673
14569	0.31663728
14570	0.31662637
14571	0.31601357
14572	0.31473267
14573	0.31273457
14574	0.30998966
14575	0.30648831
14576	0.30224088
14577	0.29727504
14578	0.29163420
14579	0.28537410
14580	0.27855968
14581	0.27126312
14582	0.26356161
14583	0.25553665
14584	0.24727426
14585	0.23886621
14586	0.23041277
14587	0.22202511
14588	0.21382989
14589	0.20597425
14590	0.19863147
14591	0.19200799
14592	0.18635021
14593	0.18195255
14594	0.17916517
14595	0.17840174
14596	0.18014657
14597	0.18495829
14598	0.19347270
14599	0.20640206
14600	0.22452970
14601	0.24871053
14602	0.27987039
14603	0.31902337
14604	0.36732182
14605	0.42615443
14606	0.49733660
14607	0.58345532
14608	0.68848032
14609	0.81891286
14610	0.98607260
14611	1.21119165
14612	1.53842342
14613	2.07545018
14614	3.16800642
14615	NaN
14616	NaN
14617	NaN
14618	NaN
14619	NaN
14620	NaN
14621	NaN
14622	NaN
14623	NaN
14624	NaN
14625	NaN
14626	NaN
14627	NaN
14628	NaN
14629	NaN
14630	NaN
14631	NaN
14632	NaN
14633	NaN
14634	NaN
14635	NaN
14636	NaN
14637	NaN
14638	NaN
14639	NaN
14640	NaN
14641	NaN
14642	NaN
14643	NaN
14644	NaN
14645	NaN
14646	NaN
14647	NaN
14648	NaN
14649	NaN
14650	NaN
14651	NaN
14652	NaN
14653	NaN
14654	NaN
14655	NaN
14656	NaN
14657	NaN
14658	NaN
14659	NaN
14660	NaN
14661	NaN
14662	NaN
14663	NaN
14664	NaN
14665	NaN
14666	NaN
14667	NaN
14668	NaN
14669	NaN
14670	NaN
14671	NaN
14672	NaN
14673	NaN
14674	NaN
14675	NaN
14676	NaN
14677	NaN
14678	NaN
14679	NaN
14680	NaN
14681	NaN
14682	NaN
14683	NaN
14684	NaN
14685	NaN
14686	NaN
14687	NaN
14688	NaN
14689	NaN
14690	NaN
14691	NaN
14692	NaN
14693	NaN
14694	NaN
14695	NaN
14696	NaN
14697	NaN
14698	NaN
14699	NaN
14700	NaN
14701	NaN
14702	NaN
14703	NaN
14704	NaN
14705	NaN
14706	2.28628969
14707	1.21011782
14708	0.96668464
14709	0.86459196
14710	0.81149799
14711	0.78083867
14712	0.76212627
14713	0.75039917
14714	0.74301797
14715	0.73845941
14716	0.73579144
14717	0.73441923
14718	0.73395169
14719	0.73412603
14720	0.73476338
14721	0.73574114
14722	0.73697478
14723	0.73840606
14724	0.73999470
14725	0.74171191
14726	0.74353671
14727	0.74545205
14728	0.74744225
14729	0.74949133
14730	0.75158143
14731	0.75369072
14732	0.75579357
14733	0.75785911
14734	0.75985092
14735	0.76172674
14736	0.76343858
14737	0.76493227
14738	0.76614827
14739	0.76702225
14740	0.76748621
14741	0.76747000
14742	0.76690346
14743	0.76571953
14744	0.76385671
14745	0.76126373
14746	0.75790286
14747	0.75375450
14748	0.74882042
14749	0.74312717
14750	0.73672754
14751	0.72970176
14752	0.72215593
14753	0.71421903
14754	0.70603853
14755	0.69777483
14756	0.68959415
14757	0.68166149
14758	0.67413396
14759	0.66715449
14760	0.66084707
14761	0.65531242
14762	0.65062606
14763	0.64683652
14764	0.64396554
14765	0.64200848
14766	0.64093578
14767	0.64069456
14768	0.64121115
14769	0.64239347
14770	0.64413339
14771	0.64630985
14772	0.64879215
14773	0.65144312
14774	0.65412307
14775	0.65669358
14776	0.65902191
14777	0.66098493
14778	0.66247320
14779	0.66339475
14780	0.66367775
14781	0.66327280
14782	0.66215414
14783	0.66031915
14784	0.65778750
14785	0.65459901
14786	0.65081018
14787	0.64649093
14788	0.64172035
14789	0.63658291
14790	0.63116467
14791	0.62554985
14792	0.61981869
14793	0.61404490
14794	0.60829473
14795	0.60262609
14796	0.59708828
14797	0.59172249
14798	0.58656216
14799	0.58163339
14800	0.57695645
14801	0.57254571
14802	0.56841117
14803	0.56455851
14804	0.56098980
14805	0.55770391
14806	0.55469614
14807	0.55195892
14808	0.54948109
14809	0.54724807
14810	0.54524153
14811	0.54343951
14812	0.54181635
14813	0.54034275
14814	0.53898633
14815	0.53771186
14816	0.53648227
14817	0.53525919
14818	0.53400391
14819	0.53267831
14820	0.53124577
14821	0.52967197
14822	0.52792591
14823	0.52598011
14824	0.52381170
14825	0.52140254
14826	0.51873988
14827	0.51581663
14828	0.51263136
14829	0.50918871
14830	0.50549936
14831	0.50158030
14832	0.49745405
14833	0.49314889
14834	0.48869818
14835	0.48413956
14836	0.47951442
14837	0.47486657
14838	0.47024107
14839	0.46568331
14840	0.46123728
14841	0.45694429
14842	0.45284176
14843	0.44896212
14844	0.44533160
14845	0.44196963
14846	0.43888831
14847	0.43609205
14848	0.43357778
14849	0.43133512
14850	0.42934674
14851	0.42758921
14852	0.42603362
14853	0.42464653
14854	0.42339075
14855	0.42222649
14856	0.42111218
14857	0.42000532
14858	0.41886348
14859	0.41764528
14860	0.41631079
14861	0.41482252
14862	0.41314608
14863	0.41125053
14864	0.40910891
14865	0.40669873
14866	0.40400213
14867	0.40100658
14868	0.39770463
14869	0.39409465
14870	0.39018095
14871	0.38597399
14872	0.38149059
14873	0.37675384
14874	0.37179321
14875	0.36664400
14876	0.36134687
14877	0.35594726
14878	0.35049430
14879	0.34503955
14880	0.33963621
14881	0.33433774
14882	0.32919675
14883	0.32426417
14884	0.31958807
14885	0.31521377
14886	0.31118238
14887	0.30753157
14888	0.30429479
14889	0.30150145
14890	0.29917681
14891	0.29734176
14892	0.29601279
14893	0.29520097
14894	0.29491159
14895	0.29514307
14896	0.29588559
14897	0.29711980
14898	0.29881543
14899	0.30092987
14900	0.30340716
14901	0.30617726
14902	0.30915588
14903	0.31224525
14904	0.31533551
14905	0.31830725
14906	0.32103470
14907	0.32338956
14908	0.32524595
14909	0.32648399
14910	0.32699543
14911	0.32668608
14912	0.32547951
14913	0.32331830
14914	0.32016471
14915	0.31600007
14916	0.31082380
14917	0.30465117
14918	0.29751173
14919	0.28944629
14920	0.28050607
14921	0.27075073
14922	0.26024860
14923	0.24907744
14924	0.23732530
14925	0.22509439
14926	0.21250474
14927	0.19969998
14928	0.18685485
14929	0.17418300
14930	0.16194640
14931	0.15046786
14932	0.14013906
14933	0.13143530
14934	0.12492264
14935	0.12126794
14936	0.12124579
14937	0.12574080
14938	0.13575099
14939	0.15239064
14940	0.17690073
14941	0.21067603
14942	0.25531870
14943	0.31274706
14944	0.38539720
14945	0.47657630
14946	0.59109920
14947	0.73646611
14948	0.92518127
14949	1.17974842
14950	1.54484832
14951	2.12265587
14952	3.20670676
14953	NaN
14954	NaN
14955	NaN
14956	NaN
14957	NaN
14958	NaN
14959	NaN
14960	NaN
14961	NaN
14962	NaN
14963	NaN
14964	NaN
14965	NaN
14966	NaN
14967	NaN
14968	NaN
14969	NaN
14970	NaN
14971	NaN
14972	NaN
14973	NaN
14974	NaN
14975	NaN
14976	NaN
14977	NaN
14978	NaN
14979	NaN
14980	NaN
14981	NaN
14982	NaN
14983	NaN
14984	NaN
14985	NaN
14986	NaN
14987	NaN
14988	NaN
14989	NaN
14990	NaN
14991	NaN
14992	NaN
14993	NaN
14994	NaN
14995	NaN
14996	NaN
14997	NaN
14998	NaN
14999	NaN
15000	NaN
15001	NaN
15002	NaN
15003	NaN
15004	NaN
15005	NaN
15006	NaN
15007	NaN
15008	NaN
15009	NaN
15010	NaN
15011	NaN
15012	NaN
15013	NaN
15014	NaN
15015	NaN
15016	NaN
15017	NaN
15018	NaN
15019	NaN
15020	NaN
15021	NaN
15022	NaN
15023	NaN
15024	NaN
15025	NaN
15026	NaN
15027	NaN
15028	NaN
15029	NaN
15030	NaN
15031	NaN
15032	NaN
15033	NaN
15034	NaN
15035	NaN
15036	NaN
15037	NaN
15038	NaN
15039	NaN
15040	NaN
15041	NaN
15042	3.55758929
15043	1.51569223
15044	1.11910403
15045	0.95489687
15046	0.86768979
15047	0.81520921
15048	0.78121275
15049	0.75812525
15050	0.74194181
15051	0.73035127
15052	0.72193182
15053	0.71576566
15054	0.71123886
15055	0.70792925
15056	0.70554024
15057	0.70386004
15058	0.70273513
15059	0.70205283
15060	0.70172888
15061	0.70169932
15062	0.70191389
15063	0.70233178
15064	0.70291775
15065	0.70363963
15066	0.70446652
15067	0.70536637
15068	0.70630550
15069	0.70724714
15070	0.70815086
15071	0.70897222
15072	0.70966250
15073	0.71016896
15074	0.71043551
15075	0.71040291
15076	0.71001071
15077	0.70919877
15078	0.70790899
15079	0.70608807
15080	0.70369029
15081	0.70068038
15082	0.69703656
15083	0.69275361
15084	0.68784499
15085	0.68234473
15086	0.67630810
15087	0.66981149
15088	0.66295075
15089	0.65583855
15090	0.64860016
15091	0.64136952
15092	0.63428319
15093	0.62747562
15094	0.62107366
15095	0.61519188
15096	0.60992831
15097	0.60536182
15098	0.60154957
15099	0.59852636
15100	0.59630400
15101	0.59487212
15102	0.59419900
15103	0.59423345
15104	0.59490627
15105	0.59613246
15106	0.59781349
15107	0.59983957
15108	0.60209197
15109	0.60444599
15110	0.60677385
15111	0.60894781
15112	0.61084378
15113	0.61234492
15114	0.61334538
15115	0.61375386
15116	0.61349726
15117	0.61252290
15118	0.61080122
15119	0.60832632
15120	0.60511583
15121	0.60120964
15122	0.59666735
15123	0.59156471
15124	0.58598948
15125	0.58003706
15126	0.57380581
15127	0.56739342
15128	0.56089300
15129	0.55439079
15130	0.54796422
15131	0.54168093
15132	0.53559822
15133	0.52976394
15134	0.52421623
15135	0.51898509
15136	0.51409310
15137	0.50955635
15138	0.50538528
15139	0.50158536
15140	0.49815795
15141	0.49510002
15142	0.49240506
15143	0.49006242
15144	0.48805782
15145	0.48637259
15146	0.48498395
15147	0.48386446
15148	0.48298216
15149	0.48230049
15150	0.48177847
15151	0.48137113
15152	0.48103017
15153	0.48070461
15154	0.48034194
15155	0.47988912
15156	0.47929412
15157	0.47850689
15158	0.47748110
15159	0.47617519
15160	0.47455350
15161	0.47258738
15162	0.47025600
15163	0.46754694
15164	0.46445659
15165	0.46099031
15166	0.45716256
15167	0.45299655
15168	0.44852382
15169	0.44378361
15170	0.43882191
15171	0.43369058
15172	0.42844579
15173	0.42314699
15174	0.41785499
15175	0.41263068
15176	0.40753314
15177	0.40261808
15178	0.39793614
15179	0.39353153
15180	0.38944060
15181	0.38569099
15182	0.38230076
15183	0.37927827
15184	0.37662184
15185	0.37432036
15186	0.37235391
15187	0.37069452
15188	0.36930749
15189	0.36815241
15190	0.36718461
15191	0.36635646
15192	0.36561850
15193	0.36492053
15194	0.36421299
15195	0.36344746
15196	0.36257768
15197	0.36156014
15198	0.36035487
15199	0.35892585
15200	0.35724148
15201	0.35527521
15202	0.35300595
15203	0.35041845
15204	0.34750384
15205	0.34425983
15206	0.34069097
15207	0.33680904
15208	0.33263302
15209	0.32818913
15210	0.32351062
15211	0.31863728
15212	0.31361523
15213	0.30849558
15214	0.30333379
15215	0.29818803
15216	0.29311770
15217	0.28818196
15218	0.28343830
15219	0.27894074
15220	0.27473894
15221	0.27087733
15222	0.26739463
15223	0.26432341
15224	0.26169047
15225	0.25951692
15226	0.25781855
15227	0.25660640
15228	0.25588658
15229	0.25566059
15230	0.25592458
15231	0.25666890
15232	0.25787714
15233	0.25952429
15234	0.26157555
15235	0.26398435
15236	0.26669082
15237	0.26962036
15238	0.27268285
15239	0.27577266
15240	0.27877015
15241	0.28154388
15242	0.28395450
15243	0.28586021
15244	0.28712285
15245	0.28761494
15246	0.28722522
15247	0.28586501
15248	0.28347179
15249	0.28001133
15250	0.27547747
15251	0.26988956
15252	0.26328951
15253	0.25573692
15254	0.24730411
15255	0.23807316
15256	0.22813125
15257	0.21756962
15258	0.20648374
15259	0.19497442
15260	0.18315265
15261	0.17114493
15262	0.15910329
15263	0.14721890
15264	0.13573819
15265	0.12499048
15266	0.11541932
15267	0.10762963
15268	0.10245121
15269	0.10102534
15270	0.10492793
15271	0.11634161
15272	0.13830706
15273	0.17509659
15274	0.23278435
15275	0.32018569
15276	0.45048830
15277	0.64433539
15278	0.93627638
15279	1.38993526
15280	2.13994813
15281	NaN
15282	NaN
15283	NaN
15284	NaN
15285	NaN
15286	NaN
15287	NaN
15288	NaN
15289	NaN
15290	NaN
15291	NaN
15292	NaN
15293	NaN
15294	NaN
15295	NaN
15296	NaN
15297	NaN
15298	NaN
15299	NaN
15300	NaN
15301	NaN
15302	NaN
15303	NaN
15304	NaN
15305	NaN
15306	NaN
15307	NaN
15308	NaN
15309	NaN
15310	NaN
15311	NaN
15312	NaN
15313	NaN
15314	NaN
15315	NaN
15316	NaN
15317	NaN
15318	NaN
15319	NaN
15320	NaN
15321	NaN
15322	NaN
15323	NaN
15324	NaN
15325	NaN
15326	NaN
15327	NaN
15328	NaN
15329	NaN
15330	NaN
15331	NaN
15332	NaN
15333	NaN
15334	NaN
15335	NaN
15336	NaN
15337	NaN
15338	NaN
15339	NaN
15340	NaN
15341	NaN
15342	NaN
15343	NaN
15344	NaN
15345	NaN
15346	NaN
15347	NaN
15348	NaN
15349	NaN
15350	NaN
15351	NaN
15352	NaN
15353	NaN
15354	NaN
15355	NaN
15356	NaN
15357	NaN
15358	NaN
15359	NaN
15360	NaN
15361	NaN
15362	NaN
15363	NaN
15364	NaN
15365	NaN
15366	NaN
15367	2.12674356
15368	1.35351253
15369	1.09763336
15370	0.97063494
15371	0.89522129
15372	0.84567022
15373	0.81095964
15374	0.78557295
15375	0.76643997
15376	0.75171262
15377	0.74021101
15378	0.73114431
15379	0.72396272
15380	0.71827149
15381	0.71377957
15382	0.71026760
15383	0.70756668
15384	0.70554435
15385	0.70409453
15386	0.70313001
15387	0.70257753
15388	0.70237321
15389	0.70245945
15390	0.70278239
15391	0.70329016
15392	0.70393097
15393	0.70465219
15394	0.70539987
15395	0.70611775
15396	0.70674711
15397	0.70722747
15398	0.70749664
15399	0.70749146
15400	0.70714951
15401	0.70641047
15402	0.70521808
15403	0.70352262
15404	0.70128286
15405	0.69846892
15406	0.69506460
15407	0.69106936
15408	0.68649989
15409	0.68139118
15410	0.67579639
15411	0.66978627
15412	0.66344714
15413	0.65687853
15414	0.65018934
15415	0.64349407
15416	0.63690883
15417	0.63054651
15418	0.62451321
15419	0.61890411
15420	0.61380070
15421	0.60926849
15422	0.60535455
15423	0.60208750
15424	0.59947664
15425	0.59751201
15426	0.59616578
15427	0.59539300
15428	0.59513336
15429	0.59531349
15430	0.59584868
15431	0.59664595
15432	0.59760678
15433	0.59862995
15434	0.59961492
15435	0.60046494
15436	0.60109049
15437	0.60141164
15438	0.60136122
15439	0.60088652
15440	0.59995049
15441	0.59853256
15442	0.59662843
15443	0.59424883
15444	0.59141833
15445	0.58817279
15446	0.58455712
15447	0.58062238
15448	0.57642341
15449	0.57201582
15450	0.56745428
15451	0.56279057
15452	0.55807203
15453	0.55334091
15454	0.54863358
15455	0.54398048
15456	0.53940630
15457	0.53493047
15458	0.53056735
15459	0.52632755
15460	0.52221793
15461	0.51824313
15462	0.51440585
15463	0.51070744
15464	0.50714850
15465	0.50372916
15466	0.50044918
15467	0.49730796
15468	0.49430454
15469	0.49143726
15470	0.48870367
15471	0.48610002
15472	0.48362124
15473	0.48126063
15474	0.47900939
15475	0.47685710
15476	0.47479081
15477	0.47279567
15478	0.47085485
15479	0.46894953
15480	0.46705949
15481	0.46516308
15482	0.46323818
15483	0.46126252
15484	0.45921442
15485	0.45707372
15486	0.45482221
15487	0.45244470
15488	0.44992951
15489	0.44726893
15490	0.44446000
15491	0.44150442
15492	0.43840882
15493	0.43518448
15494	0.43184718
15495	0.42841664
15496	0.42491573
15497	0.42136985
15498	0.41780591
15499	0.41425139
15500	0.41073343
15501	0.40727767
15502	0.40390745
15503	0.40064302
15504	0.39750072
15505	0.39449233
15506	0.39162493
15507	0.38890052
15508	0.38631618
15509	0.38386431
15510	0.38153303
15511	0.37930676
15512	0.37716702
15513	0.37509334
15514	0.37306383
15515	0.37105641
15516	0.36904925
15517	0.36702186
15518	0.36495569
15519	0.36283439
15520	0.36064458
15521	0.35837570
15522	0.35602036
15523	0.35357416
15524	0.35103548
15525	0.34840512
15526	0.34568623
15527	0.34288320
15528	0.34000200
15529	0.33704919
15530	0.33403158
15531	0.33095604
15532	0.32782894
15533	0.32465616
15534	0.32144287
15535	0.31819361
15536	0.31491241
15537	0.31160286
15538	0.30826873
15539	0.30491421
15540	0.30154446
15541	0.29816651
15542	0.29478967
15543	0.29142585
15544	0.28809041
15545	0.28480184
15546	0.28158176
15547	0.27845380
15548	0.27544308
15549	0.27257493
15550	0.26987392
15551	0.26736256
15552	0.26506040
15553	0.26298270
15554	0.26113999
15555	0.25953662
15556	0.25817043
15557	0.25703219
15558	0.25610501
15559	0.25536445
15560	0.25477841
15561	0.25430784
15562	0.25390694
15563	0.25352451
15564	0.25310495
15565	0.25258961
15566	0.25191838
15567	0.25103131
15568	0.24987066
15569	0.24838243
15570	0.24651808
15571	0.24423604
15572	0.24150355
15573	0.23829687
15574	0.23460284
15575	0.23041907
15576	0.22575395
15577	0.22062702
15578	0.21506770
15579	0.20911531
15580	0.20281856
15581	0.19623438
15582	0.18942848
15583	0.18247469
15584	0.17545554
15585	0.16846341
15586	0.16160193
15587	0.15498894
15588	0.14875846
15589	0.14306504
15590	0.13808765
15591	0.13403326
15592	0.13114266
15593	0.12969182
15594	0.12999682
15595	0.13241623
15596	0.13735144
15597	0.14524871
15598	0.15660198
15599	0.17195559
15600	0.19191599
15601	0.21716680
15602	0.24850290
15603	0.28688520
15604	0.33353439
15605	0.39008719
15606	0.45885512
15607	0.54328507
15608	0.64879560
15609	0.78443265
15610	0.96643394
15611	1.22693634
15612	1.63927257
15613	2.41389918
15614	NaN
15615	NaN
15616	NaN
15617	NaN
15618	NaN
15619	NaN
15620	NaN
15621	NaN
15622	NaN
15623	NaN
15624	NaN
15625	NaN
15626	NaN
15627	NaN
15628	NaN
15629	NaN
15630	NaN
15631	NaN
15632	NaN
15633	NaN
15634	NaN
15635	NaN
15636	NaN
15637	NaN
15638	NaN
15639	NaN
15640	NaN
15641	NaN
15642	NaN
15643	NaN
15644	NaN
15645	NaN
15646	NaN
15647	NaN
15648	NaN
15649	NaN
15650	NaN
15651	NaN
15652	NaN
15653	NaN
15654	NaN
15655	NaN
15656	NaN
15657	NaN
15658	NaN
15659	NaN
15660	NaN
15661	NaN
15662	NaN
15663	NaN
15664	NaN
15665	NaN
15666	NaN
15667	NaN
15668	NaN
15669	NaN
15670	NaN
15671	NaN
15672	NaN
15673	NaN
15674	NaN
15675	NaN
15676	NaN
15677	NaN
15678	NaN
15679	NaN
15680	NaN
15681	NaN
15682	NaN
15683	NaN
15684	NaN
15685	NaN
15686	NaN
15687	NaN
15688	NaN
15689	NaN
15690	NaN
15691	NaN
15692	NaN
15693	NaN
15694	NaN
15695	3.36168933
15696	1.46765721
15697	1.10773766
15698	0.95733356
15699	0.87579525
15700	0.82524914
15701	0.79123485
15702	0.76704156
15703	0.74913406
15704	0.73547608
15705	0.72481400
15706	0.71633619
15707	0.70949566
15708	0.70391196
15709	0.69931376
15710	0.69550353
15711	0.69233543
15712	0.68969983
15713	0.68751317
15714	0.68571115
15715	0.68424267
15716	0.68306661
15717	0.68214822
15718	0.68145722
15719	0.68096524
15720	0.68064505
15721	0.68046880
15722	0.68040735
15723	0.68042916
15724	0.68050009
15725	0.68058270
15726	0.68063617
15727	0.68061620
15728	0.68047541
15729	0.68016368
15730	0.67962903
15731	0.67881888
15732	0.67768127
15733	0.67616689
15734	0.67423135
15735	0.67183721
15736	0.66895700
15737	0.66557556
15738	0.66169256
15739	0.65732425
15740	0.65250468
15741	0.64728653
15742	0.64173985
15743	0.63595080
15744	0.63001847
15745	0.62405145
15746	0.61816311
15747	0.61246705
15748	0.60707217
15749	0.60207826
15750	0.59757203
15751	0.59362406
15752	0.59028661
15753	0.58759260
15754	0.58555508
15755	0.58416730
15756	0.58340424
15757	0.58322328
15758	0.58356625
15759	0.58436102
15760	0.58552319
15761	0.58695847
15762	0.58856463
15763	0.59023410
15764	0.59185636
15765	0.59332085
15766	0.59452039
15767	0.59535450
15768	0.59573281
15769	0.59557855
15770	0.59483141
15771	0.59345049
15772	0.59141529
15773	0.58872682
15774	0.58540678
15775	0.58149582
15776	0.57705098
15777	0.57214206
15778	0.56684774
15779	0.56125170
15780	0.55543876
15781	0.54949188
15782	0.54348910
15783	0.53750241
15784	0.53159606
15785	0.52582628
15786	0.52024114
15787	0.51488096
15788	0.50977856
15789	0.50496048
15790	0.50044692
15791	0.49625269
15792	0.49238777
15793	0.48885748
15794	0.48566303
15795	0.48280141
15796	0.48026571
15797	0.47804493
15798	0.47612402
15799	0.47448373
15800	0.47310060
15801	0.47194672
15802	0.47098994
15803	0.47019386
15804	0.46951815
15805	0.46891880
15806	0.46834895
15807	0.46775958
15808	0.46710047
15809	0.46632177
15810	0.46537480
15811	0.46421382
15812	0.46279743
15813	0.46108958
15814	0.45906079
15815	0.45668903
15816	0.45396030
15817	0.45086899
15818	0.44741797
15819	0.44361854
15820	0.43948990
15821	0.43505895
15822	0.43035951
15823	0.42543155
15824	0.42032045
15825	0.41507596
15826	0.40975115
15827	0.40440136
15828	0.39908275
15829	0.39385110
15830	0.38876021
15831	0.38386041
15832	0.37919724
15833	0.37481004
15834	0.37073052
15835	0.36698231
15836	0.36357975
15837	0.36052814
15838	0.35782334
15839	0.35545242
15840	0.35339433
15841	0.35162050
15842	0.35009634
15843	0.34878221
15844	0.34763449
15845	0.34660733
15846	0.34565321
15847	0.34472442
15848	0.34377402
15849	0.34275657
15850	0.34162918
15851	0.34035203
15852	0.33888912
15853	0.33720893
15854	0.33528468
15855	0.33309516
15856	0.33062491
15857	0.32786444
15858	0.32481050
15859	0.32146627
15860	0.31784102
15861	0.31395009
15862	0.30981454
15863	0.30546072
15864	0.30091965
15865	0.29622638
15866	0.29141933
15867	0.28653917
15868	0.28162864
15869	0.27673087
15870	0.27188912
15871	0.26714563
15872	0.26254106
15873	0.25811371
15874	0.25389886
15875	0.24992843
15876	0.24623053
15877	0.24282907
15878	0.23974390
15879	0.23699045
15880	0.23458004
15881	0.23251976
15882	0.23081245
15883	0.22945702
15884	0.22844790
15885	0.22777516
15886	0.22742410
15887	0.22737449
15888	0.22760026
15889	0.22806855
15890	0.22873940
15891	0.22956531
15892	0.23049103
15893	0.23145401
15894	0.23238528
15895	0.23321101
15896	0.23385473
15897	0.23423955
15898	0.23429121
15899	0.23394080
15900	0.23312716
15901	0.23179963
15902	0.22991836
15903	0.22745587
15904	0.22439693
15905	0.22073768
15906	0.21648462
15907	0.21165417
15908	0.20627120
15909	0.20036925
15910	0.19398965
15911	0.18718301
15912	0.18001023
15913	0.17254485
15914	0.16487706
15915	0.15711701
15916	0.14940092
15917	0.14189799
15918	0.13481897
15919	0.12842672
15920	0.12304759
15921	0.11908592
15922	0.11704037
15923	0.11752255
15924	0.12127884
15925	0.12921275
15926	0.14241484
15927	0.16220087
15928	0.19016065
15929	0.22824174
15930	0.27887946
15931	0.34523121
15932	0.43159622
15933	0.54420036
15934	0.69273853
15935	0.89361537
15936	1.17743075
15937	1.60893643
15938	2.35292077
15939	NaN
15940	NaN
15941	NaN
15942	NaN
15943	NaN
15944	NaN
15945	NaN
15946	NaN
15947	NaN
15948	NaN
15949	NaN
15950	NaN
15951	NaN
15952	NaN
15953	NaN
15954	NaN
15955	NaN
15956	NaN
15957	NaN
15958	NaN
15959	NaN
15960	NaN
15961	NaN
15962	NaN
15963	NaN
15964	NaN
15965	NaN
15966	NaN
15967	NaN
15968	NaN
15969	NaN
15970	NaN
15971	NaN
15972	NaN
15973	NaN
15974	NaN
15975	NaN
15976	NaN
15977	NaN
15978	NaN
15979	NaN
15980	NaN
15981	NaN
15982	NaN
15983	NaN
15984	NaN
15985	NaN
15986	NaN
15987	NaN
15988	NaN
15989	NaN
15990	NaN
15991	NaN
15992	NaN
15993	NaN
15994	NaN
15995	NaN
15996	NaN
15997	NaN
15998	NaN
15999	NaN
16000	NaN
16001	NaN
16002	NaN
16003	NaN
16004	NaN
16005	NaN
16006	NaN
16007	NaN
16008	NaN
16009	NaN
16010	NaN
16011	NaN
16012	NaN
16013	NaN
16014	NaN
16015	NaN
16016	NaN
16017	NaN
16018	NaN
16019	NaN
16020	NaN
16021	2.61589813
16022	1.37488997
16023	1.08488941
16024	0.95613229
16025	0.88388264
16026	0.83804625
16027	0.80672020
16028	0.78424364
16029	0.76757449
16030	0.75492775
16031	0.74518484
16032	0.73760748
16033	0.73168838
16034	0.72706771
16035	0.72348309
16036	0.72073919
16037	0.71868831
16038	0.71721655
16039	0.71623510
16040	0.71567345
16041	0.71547437
16042	0.71559024
16043	0.71597999
16044	0.71660662
16045	0.71743512
16046	0.71843058
16047	0.71955669
16048	0.72077441
16049	0.72204065
16050	0.72330767
16051	0.72452217
16052	0.72562534
16053	0.72655243
16054	0.72723395
16055	0.72759634
16056	0.72756392
16057	0.72706139
16058	0.72601670
16059	0.72436458
16060	0.72205025
16061	0.71903384
16062	0.71529371
16063	0.71083057
16064	0.70566928
16065	0.69986081
16066	0.69348198
16067	0.68663371
16068	0.67943788
16069	0.67203254
16070	0.66456622
16071	0.65719193
16072	0.65006036
16073	0.64331353
16074	0.63708019
16075	0.63147044
16076	0.62657297
16077	0.62245262
16078	0.61914927
16079	0.61667764
16080	0.61502773
16081	0.61416644
16082	0.61403888
16083	0.61457044
16084	0.61566973
16085	0.61723089
16086	0.61913651
16087	0.62126130
16088	0.62347507
16089	0.62564695
16090	0.62764889
16091	0.62935966
16092	0.63066900
16093	0.63148081
16094	0.63171625
16095	0.63131648
16096	0.63024384
16097	0.62848252
16098	0.62603849
16099	0.62293780
16100	0.61922449
16101	0.61495763
16102	0.61020821
16103	0.60505486
16104	0.59958106
16105	0.59387112
16106	0.58800727
16107	0.58206731
16108	0.57612258
16109	0.57023662
16110	0.56446439
16111	0.55885202
16112	0.55343711
16113	0.54824895
16114	0.54330951
16115	0.53863394
16116	0.53423178
16117	0.53010756
16118	0.52626139
16119	0.52268970
16120	0.51938576
16121	0.51633960
16122	0.51353860
16123	0.51096737
16124	0.50860798
16125	0.50643986
16126	0.50444043
16127	0.50258482
16128	0.50084633
16129	0.49919724
16130	0.49760869
16131	0.49605146
16132	0.49449643
16133	0.49291506
16134	0.49127987
16135	0.48956481
16136	0.48774585
16137	0.48580107
16138	0.48371139
16139	0.48146057
16140	0.47903588
16141	0.47642818
16142	0.47363251
16143	0.47064811
16144	0.46747899
16145	0.46413377
16146	0.46062574
16147	0.45697290
16148	0.45319748
16149	0.44932547
16150	0.44538611
16151	0.44141096
16152	0.43743336
16153	0.43348718
16154	0.42960602
16155	0.42582205
16156	0.42216498
16157	0.41866097
16158	0.41533175
16159	0.41219389
16160	0.40925792
16161	0.40652812
16162	0.40400231
16163	0.40167186
16164	0.39952219
16165	0.39753321
16166	0.39568004
16167	0.39393416
16168	0.39226422
16169	0.39063701
16170	0.38901874
16171	0.38737577
16172	0.38567573
16173	0.38388813
16174	0.38198513
16175	0.37994197
16176	0.37773752
16177	0.37535456
16178	0.37277988
16179	0.37000433
16180	0.36702293
16181	0.36383477
16182	0.36044285
16183	0.35685399
16184	0.35307860
16185	0.34913075
16186	0.34502780
16187	0.34079051
16188	0.33644298
16189	0.33201194
16190	0.32752723
16191	0.32302070
16192	0.31852603
16193	0.31407818
16194	0.30971244
16195	0.30546391
16196	0.30136651
16197	0.29745257
16198	0.29375201
16199	0.29029197
16200	0.28709620
16201	0.28418511
16202	0.28157514
16203	0.27927896
16204	0.27730516
16205	0.27565819
16206	0.27433819
16207	0.27334097
16208	0.27265778
16209	0.27227476
16210	0.27217311
16211	0.27232826
16212	0.27270964
16213	0.27328056
16214	0.27399749
16215	0.27481043
16216	0.27566293
16217	0.27649263
16218	0.27723244
16219	0.27781168
16220	0.27815795
16221	0.27819899
16222	0.27786502
16223	0.27709132
16224	0.27581972
16225	0.27400094
16226	0.27159613
16227	0.26857787
16228	0.26493090
16229	0.26065221
16230	0.25575086
16231	0.25024799
16232	0.24417545
16233	0.23757586
16234	0.23050120
16235	0.22301221
16236	0.21517807
16237	0.20707554
16238	0.19878846
16239	0.19040805
16240	0.18203281
16241	0.17376956
16242	0.16573422
16243	0.15805341
16244	0.15086621
16245	0.14432661
16246	0.13860574
16247	0.13389292
16248	0.13039751
16249	0.12834905
16250	0.12799536
16251	0.12960130
16252	0.13344297
16253	0.13980171
16254	0.14895773
16255	0.16118088
16256	0.17672428
16257	0.19581559
16258	0.21865402
16259	0.24540992
16260	0.27622744
16261	0.31123710
16262	0.35057244
16263	0.39439735
16264	0.44294408
16265	0.49656245
16266	0.55578929
16267	0.62144870
16268	0.69479293
16269	0.77773339
16270	0.87321365
16271	0.98587251
16272	1.12331533
16273	1.29874563
16274	1.53706229
16275	1.89122319
16276	2.49704289
16277	NaN
16278	NaN
16279	NaN
16280	NaN
16281	NaN
16282	NaN
16283	NaN
16284	NaN
16285	NaN
16286	NaN
16287	NaN
16288	NaN
16289	NaN
16290	NaN
16291	NaN
16292	NaN
16293	NaN
16294	NaN
16295	NaN
16296	NaN
16297	NaN
16298	NaN
16299	NaN
16300	NaN
16301	NaN
16302	NaN
16303	NaN
16304	NaN
16305	NaN
16306	NaN
16307	NaN
16308	NaN
16309	NaN
16310	NaN
16311	NaN
16312	NaN
16313	NaN
16314	NaN
16315	NaN
16316	NaN
16317	NaN
16318	NaN
16319	NaN
16320	NaN
16321	NaN
16322	NaN
16323	NaN
16324	NaN
16325	NaN
16326	NaN
16327	NaN
16328	NaN
16329	NaN
16330	NaN
16331	NaN
16332	NaN
16333	NaN
16334	NaN
16335	NaN
16336	NaN
16337	NaN
16338	NaN
16339	NaN
16340	NaN
16341	NaN
16342	NaN
16343	NaN
16344	NaN
16345	NaN
16346	NaN
16347	NaN
16348	NaN
16349	NaN
16350	NaN
16351	NaN
16352	NaN
16353	1.62216270
16354	1.17024672
16355	0.99313784
16356	0.90048742
16357	0.84469134
16358	0.80820084
16359	0.78303337
16360	0.76503348
16361	0.75182480
16362	0.74195021
16363	0.73446810
16364	0.72874475
16365	0.72433990
16366	0.72094035
16367	0.71831882
16368	0.71630806
16369	0.71478343
16370	0.71365106
16371	0.71283919
16372	0.71229184
16373	0.71196479
16374	0.71182084
16375	0.71182799
16376	0.71195644
16377	0.71217710
16378	0.71245998
16379	0.71277303
16380	0.71308106
16381	0.71334547
16382	0.71352315
16383	0.71356708
16384	0.71342599
16385	0.71304518
16386	0.71236730
16387	0.71133375
16388	0.70988661
16389	0.70797080
16390	0.70553666
16391	0.70254344
16392	0.69896251
16393	0.69478047
16394	0.69000262
16395	0.68465531
16396	0.67878729
16397	0.67247033
16398	0.66579783
16399	0.65888232
16400	0.65185130
16401	0.64484209
16402	0.63799614
16403	0.63145238
16404	0.62534195
16405	0.61978209
16406	0.61487234
16407	0.61069083
16408	0.60729241
16409	0.60470766
16410	0.60294276
16411	0.60198033
16412	0.60178071
16413	0.60228390
16414	0.60341156
16415	0.60506928
16416	0.60714895
16417	0.60953152
16418	0.61208969
16419	0.61469084
16420	0.61720031
16421	0.61948520
16422	0.62141752
16423	0.62287885
16424	0.62376386
16425	0.62398428
16426	0.62347221
16427	0.62218332
16428	0.62009811
16429	0.61722296
16430	0.61358917
16431	0.60925132
16432	0.60428375
16433	0.59877646
16434	0.59283042
16435	0.58655238
16436	0.58005017
16437	0.57342833
16438	0.56678450
16439	0.56020707
16440	0.55377316
16441	0.54754806
16442	0.54158539
16443	0.53592724
16444	0.53060544
16445	0.52564275
16446	0.52105391
16447	0.51684707
16448	0.51302481
16449	0.50958514
16450	0.50652230
16451	0.50382704
16452	0.50148720
16453	0.49948782
16454	0.49781084
16455	0.49643525
16456	0.49533671
16457	0.49448726
16458	0.49385527
16459	0.49340492
16460	0.49309653
16461	0.49288642
16462	0.49272725
16463	0.49256888
16464	0.49235868
16465	0.49204296
16466	0.49156806
16467	0.49088192
16468	0.48993537
16469	0.48868376
16470	0.48708832
16471	0.48511744
16472	0.48274761
16473	0.47996438
16474	0.47676265
16475	0.47314709
16476	0.46913224
16477	0.46474198
16478	0.46000913
16479	0.45497504
16480	0.44968829
16481	0.44420403
16482	0.43858251
16483	0.43288779
16484	0.42718649
16485	0.42154565
16486	0.41603178
16487	0.41070819
16488	0.40563396
16489	0.40086150
16490	0.39643556
16491	0.39239141
16492	0.38875404
16493	0.38553727
16494	0.38274381
16495	0.38036522
16496	0.37838262
16497	0.37676764
16498	0.37548339
16499	0.37448639
16500	0.37372726
16501	0.37315294
16502	0.37270752
16503	0.37233385
16504	0.37197468
16505	0.37157348
16506	0.37107563
16507	0.37042907
16508	0.36958504
16509	0.36849898
16510	0.36713096
16511	0.36544657
16512	0.36341754
16513	0.36102241
16514	0.35824725
16515	0.35508609
16516	0.35154104
16517	0.34762314
16518	0.34335181
16519	0.33875507
16520	0.33386892
16521	0.32873654
16522	0.32340744
16523	0.31793618
16524	0.31238112
16525	0.30680233
16526	0.30126044
16527	0.29581499
16528	0.29052287
16529	0.28543726
16530	0.28060660
16531	0.27607420
16532	0.27187786
16533	0.26804978
16534	0.26461691
16535	0.26160124
16536	0.25901988
16537	0.25688589
16538	0.25520781
16539	0.25398991
16540	0.25323185
16541	0.25292775
16542	0.25306594
16543	0.25362736
16544	0.25458431
16545	0.25589967
16546	0.25752509
16547	0.25940022
16548	0.26145208
16549	0.26359522
16550	0.26573259
16551	0.26775742
16552	0.26955655
16553	0.27101406
16554	0.27201653
16555	0.27245787
16556	0.27224407
16557	0.27129745
16558	0.26955965
16559	0.26699287
16560	0.26358011
16561	0.25932309
16562	0.25423965
16563	0.24836168
16564	0.24173009
16565	0.23439388
16566	0.22640669
16567	0.21782610
16568	0.20871447
16569	0.19913992
16570	0.18917947
16571	0.17892420
16572	0.16848575
16573	0.15800510
16574	0.14766294
16575	0.13769239
16576	0.12839493
16577	0.12015739
16578	0.11347185
16579	0.10895447
16580	0.10736486
16581	0.10962182
16582	0.11681177
16583	0.13018860
16584	0.15115756
16585	0.18125112
16586	0.22209570
16587	0.27537787
16588	0.34285441
16589	0.42641690
16590	0.52828729
16591	0.65142494
16592	0.80027819
16593	0.98218465
16594	1.21009803
16595	1.50841272
16596	1.92730355
16597	2.58534169
16598	3.83874893
16599	NaN
16600	NaN
16601	NaN
16602	NaN
16603	NaN
16604	NaN
16605	NaN
16606	NaN
16607	NaN
16608	NaN
16609	NaN
16610	NaN
16611	NaN
16612	NaN
16613	NaN
16614	NaN
16615	NaN
16616	NaN
16617	NaN
16618	NaN
16619	NaN
16620	NaN
16621	NaN
16622	NaN
16623	NaN
16624	NaN
16625	NaN
16626	NaN
16627	NaN
16628	NaN
16629	NaN
16630	NaN
16631	NaN
16632	NaN
16633	NaN
16634	NaN
16635	NaN
16636	NaN
16637	NaN
16638	NaN
16639	NaN
16640	NaN
16641	NaN
16642	NaN
16643	NaN
16644	NaN
16645	NaN
16646	NaN
16647	NaN
16648	NaN
16649	NaN
16650	NaN
16651	NaN
16652	NaN
16653	NaN
16654	NaN
16655	NaN
16656	NaN
16657	NaN
16658	NaN
16659	NaN
16660	NaN
16661	NaN
16662	NaN
16663	NaN
16664	NaN
16665	NaN
16666	NaN
16667	NaN
16668	NaN
16669	NaN
16670	NaN
16671	NaN
16672	NaN
16673	NaN
16674	NaN
16675	NaN
16676	NaN
16677	NaN
16678	NaN
16679	NaN
16680	NaN
16681	NaN
16682	NaN
16683	NaN
16684	NaN
16685	NaN
16686	NaN
16687	2.50035357
16688	1.24413526
16689	0.97259533
16690	0.85868526
16691	0.79869193
16692	0.76333451
16693	0.74115324
16694	0.72674614
16695	0.71723938
16696	0.71096843
16697	0.70690817
16698	0.70439655
16699	0.70299172
16700	0.70239055
16701	0.70238125
16702	0.70281386
16703	0.70358109
16704	0.70460546
16705	0.70583045
16706	0.70721412
16707	0.70872432
16708	0.71033490
16709	0.71202296
16710	0.71376616
16711	0.71554136
16712	0.71732235
16713	0.71907902
16714	0.72077674
16715	0.72237527
16716	0.72382891
16717	0.72508663
16718	0.72609210
16719	0.72678512
16720	0.72710246
16721	0.72697985
16722	0.72635406
16723	0.72516543
16724	0.72336096
16725	0.72089738
16726	0.71774441
16727	0.71388793
16728	0.70933288
16729	0.70410484
16730	0.69825196
16731	0.69184440
16732	0.68497354
16733	0.67774916
16734	0.67029595
16735	0.66274858
16736	0.65524656
16737	0.64792854
16738	0.64092654
16739	0.63436139
16740	0.62833822
16741	0.62294346
16742	0.61824220
16743	0.61427748
16744	0.61106962
16745	0.60861695
16746	0.60689664
16747	0.60586637
16748	0.60546613
16749	0.60562050
16750	0.60624081
16751	0.60722774
16752	0.60847431
16753	0.60986841
16754	0.61129636
16755	0.61264580
16756	0.61380965
16757	0.61468858
16758	0.61519516
16759	0.61525553
16760	0.61481255
16761	0.61382681
16762	0.61227739
16763	0.61016196
16764	0.60749531
16765	0.60430819
16766	0.60064423
16767	0.59655792
16768	0.59211099
16769	0.58736974
16770	0.58240217
16771	0.57727551
16772	0.57205409
16773	0.56679779
16774	0.56156123
16775	0.55639249
16776	0.55133325
16777	0.54641891
16778	0.54167855
16779	0.53713548
16780	0.53280813
16781	0.52870995
16782	0.52485073
16783	0.52123648
16784	0.51787055
16785	0.51475310
16786	0.51188189
16787	0.50925177
16788	0.50685501
16789	0.50468075
16790	0.50271505
16791	0.50094044
16792	0.49933591
16793	0.49787706
16794	0.49653602
16795	0.49528182
16796	0.49408108
16797	0.49289829
16798	0.49169686
16799	0.49044004
16800	0.48909169
16801	0.48761737
16802	0.48598528
16803	0.48416737
16804	0.48213986
16805	0.47988400
16806	0.47738674
16807	0.47464094
16808	0.47164580
16809	0.46840668
16810	0.46493521
16811	0.46124920
16812	0.45737192
16813	0.45333210
16814	0.44916305
16815	0.44490194
16816	0.44058928
16817	0.43626735
16818	0.43197975
16819	0.42776975
16820	0.42367899
16821	0.41974628
16822	0.41600615
16823	0.41248742
16824	0.40921238
16825	0.40619552
16826	0.40344349
16827	0.40095425
16828	0.39871791
16829	0.39671704
16830	0.39492735
16831	0.39331922
16832	0.39185858
16833	0.39050832
16834	0.38922966
16835	0.38798308
16836	0.38672939
16837	0.38543078
16838	0.38405108
16839	0.38255668
16840	0.38091654
16841	0.37910303
16842	0.37709165
16843	0.37486160
16844	0.37239593
16845	0.36968178
16846	0.36671051
16847	0.36347789
16848	0.35998446
16849	0.35623544
16850	0.35224095
16851	0.34801605
16852	0.34358057
16853	0.33895907
16854	0.33418056
16855	0.32927811
16856	0.32428822
16857	0.31925052
16858	0.31420663
16859	0.30919987
16860	0.30427399
16861	0.29947281
16862	0.29483908
16863	0.29041412
16864	0.28623703
16865	0.28234410
16866	0.27876851
16867	0.27554023
16868	0.27268538
16869	0.27022660
16870	0.26818278
16871	0.26656908
16872	0.26539686
16873	0.26467347
16874	0.26440203
16875	0.26458058
16876	0.26520172
16877	0.26625142
16878	0.26770779
16879	0.26954007
16880	0.27170685
16881	0.27415526
16882	0.27681994
16883	0.27962252
16884	0.28247187
16885	0.28526539
16886	0.28789061
16887	0.29022905
16888	0.29215884
16889	0.29355985
16890	0.29431751
16891	0.29432747
16892	0.29349938
16893	0.29175889
16894	0.28904960
16895	0.28533369
16896	0.28059053
16897	0.27481547
16898	0.26801771
16899	0.26021808
16900	0.25144723
16901	0.24174349
16902	0.23115282
16903	0.21972954
16904	0.20753755
16905	0.19465500
16906	0.18117817
16907	0.16722903
16908	0.15296468
16909	0.13858874
16910	0.12436588
16911	0.11063772
16912	0.09784363
16913	0.08654226
16914	0.07743609
16915	0.07140009
16916	0.06951060
16917	0.07308015
16918	0.08370285
16919	0.10330901
16920	0.13426958
16921	0.17955807
16922	0.24306045
16923	0.33016384
16924	0.44889915
16925	0.61232156
16926	0.84383571
16927	1.19069743
16928	1.76521063
16929	2.91434407
16930	NaN
16931	NaN
16932	NaN
16933	NaN
16934	NaN
16935	NaN
16936	NaN
16937	NaN
16938	NaN
16939	NaN
16940	NaN
16941	NaN
16942	NaN
16943	NaN
16944	NaN
16945	NaN
16946	NaN
16947	NaN
16948	NaN
16949	NaN
16950	NaN
16951	NaN
16952	NaN
16953	NaN
16954	NaN
16955	NaN
16956	NaN
16957	NaN
16958	NaN
16959	NaN
16960	NaN
16961	NaN
16962	NaN
16963	NaN
16964	NaN
16965	NaN
16966	NaN
16967	NaN
16968	NaN
16969	NaN
16970	NaN
16971	NaN
16972	NaN
16973	NaN
16974	NaN
16975	NaN
16976	NaN
16977	NaN
16978	NaN
16979	NaN
16980	NaN
16981	NaN
16982	NaN
16983	NaN
16984	NaN
16985	NaN
16986	NaN
16987	NaN
16988	NaN
16989	NaN
16990	NaN
16991	NaN
16992	NaN
16993	NaN
16994	NaN
16995	NaN
16996	NaN
16997	NaN
16998	NaN
16999	NaN
17000	NaN
17001	NaN
17002	NaN
17003	NaN
17004	NaN
17005	NaN
17006	NaN
17007	NaN
17008	NaN
17009	NaN
17010	NaN
17011	NaN
17012	NaN
17013	NaN
17014	NaN
17015	NaN
17016	NaN
17017	NaN
17018	NaN
17019	NaN
17020	NaN
17021	NaN
17022	NaN
17023	NaN
17024	NaN
17025	NaN
17026	1.45094144
17027	1.01299143
17028	0.86648130
17029	0.79634172
17030	0.75696647
17031	0.73279560
17032	0.71709257
17033	0.70648342
17034	0.69910556
17035	0.69385779
17036	0.69005597
17037	0.68725997
17038	0.68517929
17039	0.68361878
17040	0.68244600
17041	0.68157023
17042	0.68092912
17043	0.68047923
17044	0.68019021
17045	0.68003947
17046	0.68000948
17047	0.68008506
17048	0.68025124
17049	0.68049222
17050	0.68079007
17051	0.68112379
17052	0.68146878
17053	0.68179667
17054	0.68207455
17055	0.68226540
17056	0.68232799
17057	0.68221718
17058	0.68188465
17059	0.68127972
17060	0.68035054
17061	0.67904556
17062	0.67731559
17063	0.67511618
17064	0.67240989
17065	0.66916966
17066	0.66538113
17067	0.66104591
17068	0.65618390
17069	0.65083456
17070	0.64505810
17071	0.63893497
17072	0.63256389
17073	0.62605900
17074	0.61954534
17075	0.61315399
17076	0.60701615
17077	0.60125744
17078	0.59599257
17079	0.59132075
17080	0.58732212
17081	0.58405501
17082	0.58155501
17083	0.57983392
17084	0.57888097
17085	0.57866311
17086	0.57912683
17087	0.58019996
17088	0.58179355
17089	0.58380377
17090	0.58611441
17091	0.58859962
17092	0.59112662
17093	0.59355897
17094	0.59576058
17095	0.59759980
17096	0.59895396
17097	0.59971380
17098	0.59978789
17099	0.59910673
17100	0.59762543
17101	0.59532607
17102	0.59221768
17103	0.58833557
17104	0.58373863
17105	0.57850581
17106	0.57273090
17107	0.56651771
17108	0.55997467
17109	0.55320996
17110	0.54632711
17111	0.53942198
17112	0.53258044
17113	0.52587688
17114	0.51937401
17115	0.51312315
17116	0.50716501
17117	0.50153077
17118	0.49624357
17119	0.49131984
17120	0.48677045
17121	0.48260200
17122	0.47881749
17123	0.47541714
17124	0.47239849
17125	0.46975642
17126	0.46748298
17127	0.46556681
17128	0.46399257
17129	0.46274003
17130	0.46178380
17131	0.46109220
17132	0.46062773
17133	0.46034646
17134	0.46019873
17135	0.46013001
17136	0.46008199
17137	0.45999420
17138	0.45980558
17139	0.45945650
17140	0.45889038
17141	0.45805562
17142	0.45690683
17143	0.45540619
17144	0.45352432
17145	0.45124084
17146	0.44854480
17147	0.44543466
17148	0.44191840
17149	0.43801299
17150	0.43374437
17151	0.42914656
17152	0.42426127
17153	0.41913709
17154	0.41382825
17155	0.40839413
17156	0.40289745
17157	0.39740285
17158	0.39197573
17159	0.38667995
17160	0.38157624
17161	0.37672034
17162	0.37216121
17163	0.36793950
17164	0.36408618
17165	0.36062166
17166	0.35755536
17167	0.35488555
17168	0.35259983
17169	0.35067597
17170	0.34908268
17171	0.34778139
17172	0.34672725
17173	0.34587097
17174	0.34515998
17175	0.34453994
17176	0.34395590
17177	0.34335342
17178	0.34267947
17179	0.34188348
17180	0.34091783
17181	0.33973894
17182	0.33830765
17183	0.33659008
17184	0.33455813
17185	0.33219007
17186	0.32947123
17187	0.32639417
17188	0.32295939
17189	0.31917521
17190	0.31505817
17191	0.31063277
17192	0.30593145
17193	0.30099374
17194	0.29586592
17195	0.29059979
17196	0.28525153
17197	0.27988032
17198	0.27454647
17199	0.26931009
17200	0.26422903
17201	0.25935793
17202	0.25474659
17203	0.25043932
17204	0.24647439
17205	0.24288389
17206	0.23969376
17207	0.23692429
17208	0.23459056
17209	0.23270294
17210	0.23126785
17211	0.23028778
17212	0.22976173
17213	0.22968487
17214	0.23004813
17215	0.23083748
17216	0.23203237
17217	0.23360485
17218	0.23551759
17219	0.23772261
17220	0.24015959
17221	0.24275506
17222	0.24542210
17223	0.24806109
17224	0.25056162
17225	0.25280538
17226	0.25467068
17227	0.25603750
17228	0.25679335
17229	0.25683871
17230	0.25609180
17231	0.25449190
17232	0.25200135
17233	0.24860506
17234	0.24430923
17235	0.23913832
17236	0.23313132
17237	0.22633877
17238	0.21881877
17239	0.21063511
17240	0.20185629
17241	0.19255531
17242	0.18281218
17243	0.17271635
17244	0.16237263
17245	0.15190823
17246	0.14148214
17247	0.13129827
17248	0.12161958
17249	0.11278755
17250	0.10524563
17251	0.09956520
17252	0.09647688
17253	0.09690434
17254	0.10199890
17255	0.11317624
17256	0.13214402
17257	0.16092645
17258	0.20187801
17259	0.25769439
17260	0.33144102
17261	0.42662343
17262	0.54738903
17263	0.69897121
17264	0.88860714
17265	1.12739813
17266	1.43410003
17267	1.84350181
17268	2.42735648
17269	3.35760689
17270	NaN
17271	NaN
17272	NaN
17273	NaN
17274	NaN
17275	NaN
17276	NaN
17277	NaN
17278	NaN
17279	NaN
17280	NaN
17281	NaN
17282	NaN
17283	NaN
17284	NaN
17285	NaN
17286	NaN
17287	NaN
17288	NaN
17289	NaN
17290	NaN
17291	NaN
17292	NaN
17293	NaN
17294	NaN
17295	NaN
17296	NaN
17297	NaN
17298	NaN
17299	NaN
17300	NaN
17301	NaN
17302	NaN
17303	NaN
17304	NaN
17305	NaN
17306	NaN
17307	NaN
17308	NaN
17309	NaN
17310	NaN
17311	NaN
17312	NaN
17313	NaN
17314	NaN
17315	NaN
17316	NaN
17317	NaN
17318	NaN
17319	NaN
17320	NaN
17321	NaN
17322	NaN
17323	NaN
17324	NaN
17325	NaN
17326	NaN
17327	NaN
17328	NaN
17329	NaN
17330	NaN
17331	NaN
17332	NaN
17333	NaN
17334	NaN
17335	NaN
17336	NaN
17337	NaN
17338	NaN
17339	NaN
17340	NaN
17341	NaN
17342	NaN
17343	NaN
17344	NaN
17345	NaN
17346	NaN
17347	NaN
17348	NaN
17349	NaN
17350	NaN
17351	NaN
17352	NaN
17353	NaN
17354	NaN
17355	1.74960828
17356	1.21717048
17357	1.01424563
17358	0.90829051
17359	0.84398460
17360	0.80140412
17361	0.77160603
17362	0.74997371
17363	0.73387879
17364	0.72171313
17365	0.71243650
17366	0.70534623
17367	0.69995022
17368	0.69589412
17369	0.69291657
17370	0.69082099
17371	0.68945664
17372	0.68870586
17373	0.68847507
17374	0.68868780
17375	0.68927974
17376	0.69019443
17377	0.69138044
17378	0.69278818
17379	0.69436818
17380	0.69606942
17381	0.69783777
17382	0.69961530
17383	0.70133972
17384	0.70294422
17385	0.70435774
17386	0.70550531
17387	0.70630962
17388	0.70669252
17389	0.70657688
17390	0.70588958
17391	0.70456445
17392	0.70254552
17393	0.69979072
17394	0.69627517
17395	0.69199431
17396	0.68696660
17397	0.68123472
17398	0.67486596
17399	0.66795141
17400	0.66060334
17401	0.65295118
17402	0.64513701
17403	0.63730961
17404	0.62961870
17405	0.62220860
17406	0.61521333
17407	0.60875148
17408	0.60292280
17409	0.59780556
17410	0.59345490
17411	0.58990222
17412	0.58715534
17413	0.58519977
17414	0.58399969
17415	0.58350003
17416	0.58362865
17417	0.58429831
17418	0.58540994
17419	0.58685452
17420	0.58851659
17421	0.59027719
17422	0.59201670
17423	0.59361911
17424	0.59497470
17425	0.59598374
17426	0.59655958
17427	0.59663111
17428	0.59614521
17429	0.59506756
17430	0.59338343
17431	0.59109706
17432	0.58823019
17433	0.58482009
17434	0.58091682
17435	0.57658023
17436	0.57187665
17437	0.56687582
17438	0.56164819
17439	0.55626237
17440	0.55078316
17441	0.54527026
17442	0.53977728
17443	0.53435135
17444	0.52903324
17445	0.52385747
17446	0.51885289
17447	0.51404351
17448	0.50944859
17449	0.50508410
17450	0.50096262
17451	0.49709386
17452	0.49348515
17453	0.49014130
17454	0.48706448
17455	0.48425412
17456	0.48170647
17457	0.47941440
17458	0.47736686
17459	0.47554889
17460	0.47394124
17461	0.47252050
17462	0.47125915
17463	0.47012576
17464	0.46908569
17465	0.46810171
17466	0.46713433
17467	0.46614322
17468	0.46508795
17469	0.46392888
17470	0.46262851
17471	0.46115234
17472	0.45946994
17473	0.45755577
17474	0.45538986
17475	0.45295858
17476	0.45025510
17477	0.44727936
17478	0.44403842
17479	0.44054618
17480	0.43682292
17481	0.43289506
17482	0.42879423
17483	0.42455629
17484	0.42022076
17485	0.41582954
17486	0.41142544
17487	0.40705177
17488	0.40275040
17489	0.39856100
17490	0.39451969
17491	0.39065802
17492	0.38700193
17493	0.38357121
17494	0.38037857
17495	0.37742987
17496	0.37472361
17497	0.37225175
17498	0.36999992
17499	0.36794823
17500	0.36607257
17501	0.36434495
17502	0.36273506
17503	0.36121106
17504	0.35974044
17505	0.35829109
17506	0.35683158
17507	0.35533231
17508	0.35376549
17509	0.35210565
17510	0.35032994
17511	0.34841800
17512	0.34635210
17513	0.34411705
17514	0.34170005
17515	0.33909073
17516	0.33628124
17517	0.33326614
17518	0.33004302
17519	0.32661250
17520	0.32297873
17521	0.31914973
17522	0.31513745
17523	0.31095839
17524	0.30663306
17525	0.30218607
17526	0.29764545
17527	0.29304239
17528	0.28841043
17529	0.28378481
17530	0.27920166
17531	0.27469772
17532	0.27030948
17533	0.26607299
17534	0.26202336
17535	0.25819451
17536	0.25461891
17537	0.25132701
17538	0.24834722
17539	0.24570519
17540	0.24342331
17541	0.24152046
17542	0.24001081
17543	0.23890339
17544	0.23820108
17545	0.23789978
17546	0.23798750
17547	0.23844317
17548	0.23923633
17549	0.24032579
17550	0.24165973
17551	0.24317542
17552	0.24479939
17553	0.24644865
17554	0.24803197
17555	0.24945208
17556	0.25060880
17557	0.25140163
17558	0.25173327
17559	0.25151363
17560	0.25066260
17561	0.24911273
17562	0.24681130
17563	0.24372171
17564	0.23982379
17565	0.23511307
17566	0.22960000
17567	0.22330859
17568	0.21627490
17569	0.20854615
17570	0.20017941
17571	0.19124256
17572	0.18181476
17573	0.17198859
17574	0.16187450
17575	0.15160364
17576	0.14133476
17577	0.13126044
17578	0.12161393
17579	0.11267740
17580	0.10478871
17581	0.09834821
17582	0.09382659
17583	0.09176693
17584	0.09278900
17585	0.09759066
17586	0.10694730
17587	0.12171640
17588	0.14284034
17589	0.17136629
17590	0.20848270
17591	0.25558707
17592	0.31441328
17593	0.38724312
17594	0.47728232
17595	0.58931410
17596	0.73092127
17597	0.91490299
17598	1.16457939
17599	1.52700222
17600	2.11257982
17601	3.25364518
17602	NaN
17603	NaN
17604	NaN
17605	NaN
17606	NaN
17607	NaN
17608	NaN
17609	NaN
17610	NaN
17611	NaN
17612	NaN
17613	NaN
17614	NaN
17615	NaN
17616	NaN
17617	NaN
17618	NaN
17619	NaN
17620	NaN
17621	NaN
17622	NaN
17623	NaN
17624	NaN
17625	NaN
17626	NaN
17627	NaN
17628	NaN
17629	NaN
17630	NaN
17631	NaN
17632	NaN
17633	NaN
17634	NaN
17635	NaN
17636	NaN
17637	NaN
17638	NaN
17639	NaN
17640	NaN
17641	NaN
17642	NaN
17643	NaN
17644	NaN
17645	NaN
17646	NaN
17647	NaN
17648	NaN
17649	NaN
17650	NaN
17651	NaN
17652	NaN
17653	NaN
17654	NaN
17655	NaN
17656	NaN
17657	NaN
17658	NaN
17659	NaN
17660	NaN
17661	NaN
17662	NaN
17663	NaN
17664	NaN
17665	NaN
17666	NaN
17667	NaN
17668	NaN
17669	NaN
17670	NaN
17671	NaN
17672	NaN
17673	NaN
17674	NaN
17675	NaN
17676	NaN
17677	NaN
17678	NaN
17679	NaN
17680	NaN
17681	NaN
17682	2.30242729
17683	1.30879080
17684	1.03809404
17685	0.91374904
17686	0.84344459
17687	0.79895484
17688	0.76875496
17689	0.74726206
17690	0.73144352
17691	0.71951091
17692	0.71034199
17693	0.70319760
17694	0.69757199
17695	0.69310838
17696	0.68954897
17697	0.68670368
17698	0.68443000
17699	0.68261963
17700	0.68118894
17701	0.68007261
17702	0.67921847
17703	0.67858380
17704	0.67813247
17705	0.67783278
17706	0.67765534
17707	0.67757207
17708	0.67755479
17709	0.67757452
17710	0.67760068
17711	0.67760086
17712	0.67754054
17713	0.67738277
17714	0.67708820
17715	0.67661560
17716	0.67592198
17717	0.67496371
17718	0.67369747
17719	0.67208135
17720	0.67007726
17721	0.66765249
17722	0.66478240
17723	0.66145289
17724	0.65766275
17725	0.65342587
17726	0.64877248
17727	0.64375007
17728	0.63842291
17729	0.63287067
17730	0.62718564
17731	0.62146956
17732	0.61582887
17733	0.61037081
17734	0.60519803
17735	0.60040492
17736	0.59607321
17737	0.59226954
17738	0.58904314
17739	0.58642447
17740	0.58442491
17741	0.58303714
17742	0.58223587
17743	0.58197916
17744	0.58220983
17745	0.58285749
17746	0.58384043
17747	0.58506721
17748	0.58643967
17749	0.58785462
17750	0.58920681
17751	0.59039122
17752	0.59130651
17753	0.59185815
17754	0.59196109
17755	0.59154356
17756	0.59054935
17757	0.58894098
17758	0.58670086
17759	0.58383220
17760	0.58035886
17761	0.57632381
17762	0.57178670
17763	0.56682044
17764	0.56150734
17765	0.55593467
17766	0.55019057
17767	0.54436016
17768	0.53852284
17769	0.53274965
17770	0.52710199
17771	0.52163100
17772	0.51637775
17773	0.51137364
17774	0.50664121
17775	0.50219589
17776	0.49804655
17777	0.49419683
17778	0.49064651
17779	0.48739183
17780	0.48442668
17781	0.48174286
17782	0.47933012
17783	0.47717652
17784	0.47526801
17785	0.47358844
17786	0.47211894
17787	0.47083777
17788	0.46971995
17789	0.46873710
17790	0.46785751
17791	0.46704614
17792	0.46626526
17793	0.46547493
17794	0.46463388
17795	0.46370059
17796	0.46263415
17797	0.46139556
17798	0.45994908
17799	0.45826283
17800	0.45631015
17801	0.45407018
17802	0.45152837
17803	0.44867733
17804	0.44551662
17805	0.44205293
17806	0.43830001
17807	0.43427828
17808	0.43001410
17809	0.42553985
17810	0.42089254
17811	0.41611353
17812	0.41124728
17813	0.40634072
17814	0.40144208
17815	0.39659947
17816	0.39186010
17817	0.38726881
17818	0.38286656
17819	0.37868968
17820	0.37476826
17821	0.37112558
17822	0.36777729
17823	0.36473095
17824	0.36198601
17825	0.35953382
17826	0.35735843
17827	0.35543686
17828	0.35374019
17829	0.35223427
17830	0.35088104
17831	0.34963909
17832	0.34846535
17833	0.34731546
17834	0.34614509
17835	0.34491089
17836	0.34357125
17837	0.34208742
17838	0.34042397
17839	0.33854979
17840	0.33643886
17841	0.33407041
17842	0.33142999
17843	0.32850939
17844	0.32530713
17845	0.32182869
17846	0.31808627
17847	0.31409878
17848	0.30989149
17849	0.30549550
17850	0.30094740
17851	0.29628792
17852	0.29156137
17853	0.28681424
17854	0.28209400
17855	0.27744788
17856	0.27292114
17857	0.26855639
17858	0.26439205
17859	0.26046181
17860	0.25679401
17861	0.25341153
17862	0.25033167
17863	0.24756648
17864	0.24512307
17865	0.24300420
17866	0.24120864
17867	0.23973158
17868	0.23856497
17869	0.23769754
17870	0.23711489
17871	0.23679914
17872	0.23672868
17873	0.23687755
17874	0.23721477
17875	0.23770383
17876	0.23830216
17877	0.23896070
17878	0.23962428
17879	0.24023196
17880	0.24071817
17881	0.24101472
17882	0.24105285
17883	0.24076654
17884	0.24009526
17885	0.23898678
17886	0.23740047
17887	0.23530798
17888	0.23269515
17889	0.22956069
17890	0.22591519
17891	0.22177924
17892	0.21717992
17893	0.21214882
17894	0.20671953
17895	0.20092535
17896	0.19479963
17897	0.18837464
17898	0.18168318
17899	0.17476147
17900	0.16765225
17901	0.16041103
17902	0.15311208
17903	0.14585820
17904	0.13879344
17905	0.13211797
17906	0.12610932
17907	0.12114643
17908	0.11774281
17909	0.11658806
17910	0.11859802
17911	0.12498044
17912	0.13731115
17913	0.15763357
17914	0.18858686
17915	0.23356494
17916	0.29695672
17917	0.38451588
17918	0.50401193
17919	0.66647917
17920	0.88878793
17921	1.19940650
17922	1.65266633
17923	2.37005806
17924	NaN
17925	NaN
17926	NaN
17927	NaN
17928	NaN
17929	NaN
17930	NaN
17931	NaN
17932	NaN
17933	NaN
17934	NaN
17935	NaN
17936	NaN
17937	NaN
17938	NaN
17939	NaN
17940	NaN
17941	NaN
17942	NaN
17943	NaN
17944	NaN
17945	NaN
17946	NaN
17947	NaN
17948	NaN
17949	NaN
17950	NaN
17951	NaN
17952	NaN
17953	NaN
17954	NaN
17955	NaN
17956	NaN
17957	NaN
17958	NaN
17959	NaN
17960	NaN
17961	NaN
17962	NaN
17963	NaN
17964	NaN
17965	NaN
17966	NaN
17967	NaN
17968	NaN
17969	NaN
17970	NaN
17971	NaN
17972	NaN
17973	NaN
17974	NaN
17975	NaN
17976	NaN
17977	NaN
17978	NaN
17979	NaN
17980	NaN
17981	NaN
17982	NaN
17983	NaN
17984	NaN
17985	NaN
17986	NaN
17987	NaN
17988	NaN
17989	NaN
17990	NaN
17991	NaN
17992	NaN
17993	NaN
17994	NaN
17995	NaN
17996	NaN
17997	NaN
17998	NaN
17999	NaN
18000	NaN
18001	NaN
18002	NaN
18003	NaN
18004	NaN
18005	NaN
18006	1.43654609
18007	1.09074962
18008	0.94908005
18009	0.87278658
18010	0.82568735
18011	0.79416406
18012	0.77193940
18013	0.75571299
18014	0.74358028
18015	0.73436344
18016	0.72729331
18017	0.72184521
18018	0.71764904
18019	0.71443558
18020	0.71200460
18021	0.71020448
18022	0.70891821
18023	0.70805442
18024	0.70754087
18025	0.70731950
18026	0.70734280
18027	0.70757079
18028	0.70796877
18029	0.70850515
18030	0.70914972
18031	0.70987254
18032	0.71064234
18033	0.71142578
18034	0.71218646
18035	0.71288460
18036	0.71347660
18037	0.71391475
18038	0.71414816
18039	0.71412277
18040	0.71378267
18041	0.71307212
18042	0.71193689
18043	0.71032733
18044	0.70820051
18045	0.70552367
18046	0.70227659
18047	0.69845426
18048	0.69406909
18049	0.68915200
18050	0.68375313
18051	0.67794043
18052	0.67179865
18053	0.66542614
18054	0.65893155
18055	0.65242940
18056	0.64603579
18057	0.63986415
18058	0.63402057
18059	0.62860042
18060	0.62368518
18061	0.61933988
18062	0.61561143
18063	0.61252779
18064	0.61009771
18065	0.60831076
18066	0.60713863
18067	0.60653615
18068	0.60644281
18069	0.60678542
18070	0.60747969
18071	0.60843319
18072	0.60954815
18073	0.61072409
18074	0.61186129
18075	0.61286360
18076	0.61364120
18077	0.61411381
18078	0.61421281
18079	0.61388308
18080	0.61308450
18081	0.61179256
18082	0.60999840
18083	0.60770828
18084	0.60494214
18085	0.60173172
18086	0.59811884
18087	0.59415245
18088	0.58988655
18089	0.58537769
18090	0.58068275
18091	0.57585716
18092	0.57095295
18093	0.56601816
18094	0.56109536
18095	0.55622166
18096	0.55142832
18097	0.54674095
18098	0.54217994
18099	0.53776097
18100	0.53349566
18101	0.52939224
18102	0.52545631
18103	0.52169132
18104	0.51809919
18105	0.51468045
18106	0.51143450
18107	0.50835961
18108	0.50545287
18109	0.50270993
18110	0.50012475
18111	0.49768960
18112	0.49539471
18113	0.49322799
18114	0.49117520
18115	0.48921973
18116	0.48734266
18117	0.48552305
18118	0.48373795
18119	0.48196289
18120	0.48017225
18121	0.47833997
18122	0.47643992
18123	0.47444704
18124	0.47233793
18125	0.47009158
18126	0.46769035
18127	0.46512064
18128	0.46237352
18129	0.45944518
18130	0.45633730
18131	0.45305717
18132	0.44961756
18133	0.44603658
18134	0.44233662
18135	0.43854445
18136	0.43468955
18137	0.43080336
18138	0.42691827
18139	0.42306614
18140	0.41927737
18141	0.41557968
18142	0.41199723
18143	0.40854973
18144	0.40525201
18145	0.40211368
18146	0.39913896
18147	0.39632687
18148	0.39367157
18149	0.39116284
18150	0.38878638
18151	0.38652474
18152	0.38435781
18153	0.38226345
18154	0.38021836
18155	0.37819839
18156	0.37617949
18157	0.37413806
18158	0.37205163
18159	0.36989921
18160	0.36766180
18161	0.36532295
18162	0.36286858
18163	0.36028758
18164	0.35757196
18165	0.35471660
18166	0.35171938
18167	0.34858119
18168	0.34530565
18169	0.34189913
18170	0.33837050
18171	0.33473110
18172	0.33099461
18173	0.32717678
18174	0.32329530
18175	0.31936964
18176	0.31542039
18177	0.31146935
18178	0.30753872
18179	0.30365071
18180	0.29982710
18181	0.29608899
18182	0.29245624
18183	0.28894728
18184	0.28557894
18185	0.28236648
18186	0.27932358
18187	0.27646241
18188	0.27379358
18189	0.27132651
18190	0.26906922
18191	0.26702851
18192	0.26520956
18193	0.26361594
18194	0.26224908
18195	0.26110783
18196	0.26018769
18197	0.25948045
18198	0.25897327
18199	0.25864819
18200	0.25848147
18201	0.25844339
18202	0.25849819
18203	0.25860411
18204	0.25871441
18205	0.25877815
18206	0.25874171
18207	0.25855026
18208	0.25815001
18209	0.25748923
18210	0.25652108
18211	0.25520378
18212	0.25350267
18213	0.25139040
18214	0.24884763
18215	0.24586326
18216	0.24243392
18217	0.23856390
18218	0.23426542
18219	0.22955708
18220	0.22446561
18221	0.21902452
18222	0.21327524
18223	0.20726782
18224	0.20106158
18225	0.19472712
18226	0.18834797
18227	0.18202333
18228	0.17587124
18229	0.17003144
18230	0.16466960
18231	0.15998109
18232	0.15619503
18233	0.15357859
18234	0.15243922
18235	0.15312734
18236	0.15603837
18237	0.16161264
18238	0.17033815
18239	0.18275131
18240	0.19944267
18241	0.22107139
18242	0.24838357
18243	0.28226048
18244	0.32378289
18245	0.37434980
18246	0.43587172
18247	0.51109415
18248	0.60416955
18249	0.72172171
18250	0.87497771
18251	1.08449614
18252	1.39209723
18253	1.89732993
18254	2.90807724
18255	NaN
18256	NaN
18257	NaN
18258	NaN
18259	NaN
18260	NaN
18261	NaN
18262	NaN
18263	NaN
18264	NaN
18265	NaN
18266	NaN
18267	NaN
18268	NaN
18269	NaN
18270	NaN
18271	NaN
18272	NaN
18273	NaN
18274	NaN
18275	NaN
18276	NaN
18277	NaN
18278	NaN
18279	NaN
18280	NaN
18281	NaN
18282	NaN
18283	NaN
18284	NaN
18285	NaN
18286	NaN
18287	NaN
18288	NaN
18289	NaN
18290	NaN
18291	NaN
18292	NaN
18293	NaN
18294	NaN
18295	NaN
18296	NaN
18297	NaN
18298	NaN
18299	NaN
18300	NaN
18301	NaN
18302	NaN
18303	NaN
18304	NaN
18305	NaN
18306	NaN
18307	NaN
18308	NaN
18309	NaN
18310	NaN
18311	NaN
18312	NaN
18313	NaN
18314	NaN
18315	NaN
18316	NaN
18317	NaN
18318	NaN
18319	NaN
18320	NaN
18321	NaN
18322	NaN
18323	NaN
18324	NaN
18325	NaN
18326	NaN
18327	NaN
18328	NaN
18329	NaN
18330	NaN
18331	NaN
18332	NaN
18333	1.50422347
18334	1.11404705
18335	0.96236926
18336	0.88268125
18337	0.83413005
18338	0.80181253
18339	0.77900285
18340	0.76222444
18341	0.74950206
18342	0.73963171
18343	0.73183995
18344	0.72560805
18345	0.72057617
18346	0.71648884
18347	0.71316028
18348	0.71045327
18349	0.70826536
18350	0.70651925
18351	0.70515615
18352	0.70413065
18353	0.70340735
18354	0.70295787
18355	0.70275837
18356	0.70278734
18357	0.70302421
18358	0.70344764
18359	0.70403397
18360	0.70475626
18361	0.70558321
18362	0.70647818
18363	0.70739853
18364	0.70829535
18365	0.70911282
18366	0.70978886
18367	0.71025515
18368	0.71043855
18369	0.71026254
18370	0.70964962
18371	0.70852405
18372	0.70681566
18373	0.70446426
18374	0.70142400
18375	0.69766796
18376	0.69319296
18377	0.68802220
18378	0.68220782
18379	0.67583108
18380	0.66900033
18381	0.66184747
18382	0.65452254
18383	0.64718610
18384	0.64000231
18385	0.63313103
18386	0.62672055
18387	0.62090153
18388	0.61578244
18389	0.61144626
18390	0.60794914
18391	0.60531938
18392	0.60355860
18393	0.60264295
18394	0.60252512
18395	0.60313624
18396	0.60438907
18397	0.60617948
18398	0.60838938
18399	0.61088967
18400	0.61354262
18401	0.61620516
18402	0.61873233
18403	0.62098140
18404	0.62281597
18405	0.62411100
18406	0.62475717
18407	0.62466598
18408	0.62377346
18409	0.62204337
18410	0.61946893
18411	0.61607271
18412	0.61190522
18413	0.60704136
18414	0.60157603
18415	0.59561795
18416	0.58928430
18417	0.58269423
18418	0.57596397
18419	0.56920213
18420	0.56250632
18421	0.55596137
18422	0.54963791
18423	0.54359245
18424	0.53786790
18425	0.53249472
18426	0.52749240
18427	0.52287114
18428	0.51863325
18429	0.51477474
18430	0.51128668
18431	0.50815606
18432	0.50536692
18433	0.50290066
18434	0.50073642
18435	0.49885133
18436	0.49722046
18437	0.49581689
18438	0.49461141
18439	0.49357277
18440	0.49266744
18441	0.49185961
18442	0.49111176
18443	0.49038419
18444	0.48963618
18445	0.48882619
18446	0.48791227
18447	0.48685339
18448	0.48560995
18449	0.48414490
18450	0.48242491
18451	0.48042125
18452	0.47811058
18453	0.47547624
18454	0.47250855
18455	0.46920568
18456	0.46557352
18457	0.46162614
18458	0.45738545
18459	0.45288077
18460	0.44814819
18461	0.44323003
18462	0.43817356
18463	0.43303025
18464	0.42785442
18465	0.42270175
18466	0.41762829
18467	0.41268864
18468	0.40793464
18469	0.40341365
18470	0.39916718
18471	0.39522958
18472	0.39162672
18473	0.38837534
18474	0.38548231
18475	0.38294473
18476	0.38075012
18477	0.37887704
18478	0.37729612
18479	0.37597120
18480	0.37486076
18481	0.37391928
18482	0.37309843
18483	0.37234855
18484	0.37161955
18485	0.37086204
18486	0.37002814
18487	0.36907211
18488	0.36795098
18489	0.36662534
18490	0.36505967
18491	0.36322320
18492	0.36109018
18493	0.35864073
18494	0.35586122
18495	0.35274476
18496	0.34929168
18497	0.34550980
18498	0.34141442
18499	0.33702841
18500	0.33238190
18501	0.32751185
18502	0.32246122
18503	0.31727800
18504	0.31201428
18505	0.30672449
18506	0.30146438
18507	0.29628924
18508	0.29125249
18509	0.28640470
18510	0.28179225
18511	0.27745682
18512	0.27343491
18513	0.26975757
18514	0.26645088
18515	0.26353577
18516	0.26102850
18517	0.25894105
18518	0.25728124
18519	0.25605306
18520	0.25525612
18521	0.25488591
18522	0.25493288
18523	0.25538144
18524	0.25620967
18525	0.25738743
18526	0.25887534
18527	0.26062387
18528	0.26257163
18529	0.26464513
18530	0.26675826
18531	0.26881289
18532	0.27070063
18533	0.27230510
18534	0.27350581
18535	0.27418301
18536	0.27422288
18537	0.27352360
18538	0.27199984
18539	0.26958749
18540	0.26624587
18541	0.26195914
18542	0.25673509
18543	0.25060251
18544	0.24360803
18545	0.23581180
18546	0.22728314
18547	0.21809742
18548	0.20833276
18549	0.19806890
18550	0.18738782
18551	0.17637458
18552	0.16512133
18553	0.15373319
18554	0.14233477
18555	0.13108139
18556	0.12017089
18557	0.10985978
18558	0.10048384
18559	0.09248192
18560	0.08642756
18561	0.08306524
18562	0.08335689
18563	0.08853775
18564	0.10018419
18565	0.12030176
18566	0.15143189
18567	0.19680266
18568	0.26055133
18569	0.34808013
18570	0.46668440
18571	0.62672806
18572	0.84400380
18573	1.14482760
18574	1.57815230
18575	2.24877930
18576	3.43133497
18577	NaN
18578	NaN
18579	NaN
18580	NaN
18581	NaN
18582	NaN
18583	NaN
18584	NaN
18585	NaN
18586	NaN
18587	NaN
18588	NaN
18589	NaN
18590	NaN
18591	NaN
18592	NaN
18593	NaN
18594	NaN
18595	NaN
18596	NaN
18597	NaN
18598	NaN
18599	NaN
18600	NaN
18601	NaN
18602	NaN
18603	NaN
18604	NaN
18605	NaN
18606	NaN
18607	NaN
18608	NaN
18609	NaN
18610	NaN
18611	NaN
18612	NaN
18613	NaN
18614	NaN
18615	NaN
18616	NaN
18617	NaN
18618	NaN
18619	NaN
18620	NaN
18621	NaN
18622	NaN
18623	NaN
18624	NaN
18625	NaN
18626	NaN
18627	NaN
18628	NaN
18629	NaN
18630	NaN
18631	NaN
18632	NaN
18633	NaN
18634	NaN
18635	NaN
18636	NaN
18637	NaN
18638	NaN
18639	NaN
18640	NaN
18641	NaN
18642	NaN
18643	NaN
18644	NaN
18645	NaN
18646	NaN
18647	NaN
18648	NaN
18649	NaN
18650	NaN
18651	NaN
18652	NaN
18653	NaN
18654	NaN
18655	NaN
18656	NaN
18657	NaN
18658	NaN
18659	NaN
18660	NaN
18661	NaN
18662	1.99622166
18663	1.33493590
18664	1.09319532
18665	0.96964312
18666	0.89581811
18667	0.84758812
18668	0.81426293
18669	0.79037428
18670	0.77283126
18671	0.75975341
18672	0.74992973
18673	0.74254471
18674	0.73702902
18675	0.73297310
18676	0.73007488
18677	0.72810698
18678	0.72689432
18679	0.72630024
18680	0.72621554
18681	0.72655106
18682	0.72723198
18683	0.72819322
18684	0.72937638
18685	0.73072660
18686	0.73219037
18687	0.73371422
18688	0.73524296
18689	0.73671931
18690	0.73808295
18691	0.73927063
18692	0.74021673
18693	0.74085349
18694	0.74111229
18695	0.74092597
18696	0.74023002
18697	0.73896581
18698	0.73708284
18699	0.73454243
18700	0.73131996
18701	0.72740823
18702	0.72281921
18703	0.71758592
18704	0.71176285
18705	0.70542538
18706	0.69866830
18707	0.69160265
18708	0.68435180
18709	0.67704725
18710	0.66982341
18711	0.66281205
18712	0.65613824
18713	0.64991516
18714	0.64424074
18715	0.63919502
18716	0.63483781
18717	0.63120764
18718	0.62832183
18719	0.62617618
18720	0.62474638
18721	0.62398928
18722	0.62384444
18723	0.62423623
18724	0.62507617
18725	0.62626547
18726	0.62769747
18727	0.62926096
18728	0.63084310
18729	0.63233298
18730	0.63362432
18731	0.63461965
18732	0.63523251
18733	0.63539064
18734	0.63503808
18735	0.63413614
18736	0.63266468
18737	0.63062191
18738	0.62802285
18739	0.62489849
18740	0.62129295
18741	0.61726099
18742	0.61286503
18743	0.60817218
18744	0.60325140
18745	0.59817070
18746	0.59299523
18747	0.58778512
18748	0.58259451
18749	0.57747048
18750	0.57245290
18751	0.56757402
18752	0.56285930
18753	0.55832750
18754	0.55399185
18755	0.54986036
18756	0.54593718
18757	0.54222298
18758	0.53871602
18759	0.53541243
18760	0.53230697
18761	0.52939314
18762	0.52666318
18763	0.52410835
18764	0.52171874
18765	0.51948309
18766	0.51738858
18767	0.51542073
18768	0.51356333
18769	0.51179808
18770	0.51010513
18771	0.50846261
18772	0.50684714
18773	0.50523436
18774	0.50359899
18775	0.50191551
18776	0.50015873
18777	0.49830455
18778	0.49633041
18779	0.49421600
18780	0.49194381
18781	0.48949978
18782	0.48687401
18783	0.48406062
18784	0.48105881
18785	0.47787276
18786	0.47451165
18787	0.47098997
18788	0.46732685
18789	0.46354610
18790	0.45967501
18791	0.45574391
18792	0.45178512
18793	0.44783166
18794	0.44391644
18795	0.44007081
18796	0.43632370
18797	0.43270057
18798	0.42922270
18799	0.42590660
18800	0.42276379
18801	0.41980034
18802	0.41701728
18803	0.41441059
18804	0.41197160
18805	0.40968749
18806	0.40754163
18807	0.40551421
18808	0.40358281
18809	0.40172264
18810	0.39990744
18811	0.39810982
18812	0.39630181
18813	0.39445567
18814	0.39254403
18815	0.39054084
18816	0.38842180
18817	0.38616478
18818	0.38375032
18819	0.38116211
18820	0.37838739
18821	0.37541702
18822	0.37224606
18823	0.36887351
18824	0.36530298
18825	0.36154217
18826	0.35760346
18827	0.35350341
18828	0.34926304
18829	0.34490728
18830	0.34046486
18831	0.33596763
18832	0.33145005
18833	0.32694843
18834	0.32250002
18835	0.31814209
18836	0.31391096
18837	0.30984160
18838	0.30596629
18839	0.30231461
18840	0.29891291
18841	0.29578426
18842	0.29294810
18843	0.29042062
18844	0.28821489
18845	0.28634048
18846	0.28480399
18847	0.28360870
18848	0.28275397
18849	0.28223521
18850	0.28204247
18851	0.28216058
18852	0.28256729
18853	0.28323290
18854	0.28411931
18855	0.28517911
18856	0.28635588
18857	0.28758371
18858	0.28878829
18859	0.28988844
18860	0.29079756
18861	0.29142678
18862	0.29168770
18863	0.29149574
18864	0.29077387
18865	0.28945488
18866	0.28748479
18867	0.28482389
18868	0.28144801
18869	0.27734867
18870	0.27253205
18871	0.26701787
18872	0.26083785
18873	0.25403401
18874	0.24665709
18875	0.23876500
18876	0.23042256
18877	0.22170088
18878	0.21267810
18879	0.20344204
18880	0.19409086
18881	0.18473811
18882	0.17551708
18883	0.16658594
18884	0.15813443
18885	0.15039137
18886	0.14363161
18887	0.13818464
18888	0.13444023
18889	0.13285387
18890	0.13395038
18891	0.13832286
18892	0.14663115
18893	0.15959503
18894	0.17798845
18895	0.20263700
18896	0.23442343
18897	0.27430993
18898	0.32338870
18899	0.38298067
18900	0.45480499
18901	0.54127163
18902	0.64598805
18903	0.77466398
18904	0.93686461
18905	1.14970720
18906	1.44662273
18907	1.90192974
18908	2.71874118
18909	NaN
18910	NaN
18911	NaN
18912	NaN
18913	NaN
18914	NaN
18915	NaN
18916	NaN
18917	NaN
18918	NaN
18919	NaN
18920	NaN
18921	NaN
18922	NaN
18923	NaN
18924	NaN
18925	NaN
18926	NaN
18927	NaN
18928	NaN
18929	NaN
18930	NaN
18931	NaN
18932	NaN
18933	NaN
18934	NaN
18935	NaN
18936	NaN
18937	NaN
18938	NaN
18939	NaN
18940	NaN
18941	NaN
18942	NaN
18943	NaN
18944	NaN
18945	NaN
18946	NaN
18947	NaN
18948	NaN
18949	NaN
18950	NaN
18951	NaN
18952	NaN
18953	NaN
18954	NaN
18955	NaN
18956	NaN
18957	NaN
18958	NaN
18959	NaN
18960	NaN
18961	NaN
18962	NaN
18963	NaN
18964	NaN
18965	NaN
18966	NaN
18967	NaN
18968	NaN
18969	NaN
18970	NaN
18971	NaN
18972	NaN
18973	NaN
18974	NaN
18975	NaN
18976	NaN
18977	NaN
18978	NaN
18979	NaN
18980	NaN
18981	NaN
18982	NaN
18983	NaN
18984	NaN
18985	NaN
18986	NaN
18987	NaN
18988	NaN
18989	NaN
18990	NaN
18991	NaN
18992	NaN
18993	1.39488101
18994	1.05653071
18995	0.92564189
18996	0.85806715
18997	0.81796318
18998	0.79216272
18999	0.77469492
19000	0.76246184
19001	0.75369817
19002	0.74732584
19003	0.74265087
19004	0.73920858
19005	0.73667747
19006	0.73483032
19007	0.73350352
19008	0.73257822
19009	0.73196727
19010	0.73160702
19011	0.73145032
19012	0.73146260
19013	0.73161793
19014	0.73189658
19015	0.73228210
19016	0.73276001
19017	0.73331553
19018	0.73393238
19019	0.73459172
19020	0.73527098
19021	0.73594302
19022	0.73657554
19023	0.73713064
19024	0.73756450
19025	0.73782790
19026	0.73786604
19027	0.73761958
19028	0.73702586
19029	0.73602045
19030	0.73453981
19031	0.73252380
19032	0.72991991
19033	0.72668660
19034	0.72279781
19035	0.71824753
19036	0.71305299
19037	0.70725745
19038	0.70093167
19039	0.69417328
19040	0.68710357
19041	0.67986393
19042	0.67260879
19043	0.66549903
19044	0.65869385
19045	0.65234381
19046	0.64658397
19047	0.64152855
19048	0.63726741
19049	0.63386363
19050	0.63135260
19051	0.62974250
19052	0.62901539
19053	0.62912887
19054	0.63001829
19055	0.63159871
19056	0.63376760
19057	0.63640696
19058	0.63938630
19059	0.64256477
19060	0.64579493
19061	0.64892608
19062	0.65180802
19063	0.65429556
19064	0.65625340
19065	0.65756083
19066	0.65811658
19067	0.65784323
19068	0.65669090
19069	0.65463918
19070	0.65169847
19071	0.64790851
19072	0.64333642
19073	0.63807189
19074	0.63222241
19075	0.62590694
19076	0.61925012
19077	0.61237603
19078	0.60540378
19079	0.59844309
19080	0.59159154
19081	0.58493334
19082	0.57853848
19083	0.57246280
19084	0.56674927
19085	0.56142896
19086	0.55652261
19087	0.55204213
19088	0.54799187
19089	0.54436988
19090	0.54116887
19091	0.53837699
19092	0.53597796
19093	0.53395182
19094	0.53227466
19095	0.53091848
19096	0.52985126
19097	0.52903694
19098	0.52843499
19099	0.52800107
19100	0.52768695
19101	0.52744126
19102	0.52721012
19103	0.52693820
19104	0.52657020
19105	0.52605164
19106	0.52533060
19107	0.52435917
19108	0.52309430
19109	0.52149940
19110	0.51954496
19111	0.51720923
19112	0.51447868
19113	0.51134843
19114	0.50782210
19115	0.50391179
19116	0.49963820
19117	0.49502975
19118	0.49012262
19119	0.48495990
19120	0.47959092
19121	0.47407034
19122	0.46845731
19123	0.46281394
19124	0.45720416
19125	0.45169210
19126	0.44634077
19127	0.44120991
19128	0.43635464
19129	0.43182355
19130	0.42765716
19131	0.42388660
19132	0.42053244
19133	0.41760415
19134	0.41509962
19135	0.41300562
19136	0.41129810
19137	0.40994358
19138	0.40890014
19139	0.40811920
19140	0.40754685
19141	0.40712574
19142	0.40679666
19143	0.40649989
19144	0.40617642
19145	0.40576911
19146	0.40522373
19147	0.40448955
19148	0.40352011
19149	0.40227377
19150	0.40071419
19151	0.39881080
19152	0.39653933
19153	0.39388204
19154	0.39082828
19155	0.38737503
19156	0.38352665
19157	0.37929595
19158	0.37470359
19159	0.36977866
19160	0.36455828
19161	0.35908708
19162	0.35341692
19163	0.34760562
19164	0.34171584
19165	0.33581394
19166	0.32996798
19167	0.32424617
19168	0.31871536
19169	0.31343919
19170	0.30847701
19171	0.30388290
19172	0.29970491
19173	0.29598504
19174	0.29275915
19175	0.29005721
19176	0.28790376
19177	0.28631839
19178	0.28531590
19179	0.28490624
19180	0.28509396
19181	0.28587788
19182	0.28724927
19183	0.28919080
19184	0.29167384
19185	0.29465687
19186	0.29808292
19187	0.30187729
19188	0.30594650
19189	0.31017688
19190	0.31443521
19191	0.31857082
19192	0.32241920
19193	0.32580760
19194	0.32856244
19195	0.33051780
19196	0.33152422
19197	0.33145645
19198	0.33022004
19199	0.32775524
19200	0.32403749
19201	0.31907642
19202	0.31291017
19203	0.30560029
19204	0.29722422
19205	0.28786877
19206	0.27762476
19207	0.26658207
19208	0.25482759
19209	0.24244575
19210	0.22952050
19211	0.21614121
19212	0.20241028
19213	0.18845548
19214	0.17444563
19215	0.16061176
19216	0.14727624
19217	0.13489066
19218	0.12408809
19219	0.11575386
19220	0.11111721
19221	0.11188200
19222	0.12040162
19223	0.13992222
19224	0.17493321
19225	0.23168431
19226	0.31902912
19227	0.44990367
19228	0.64422280
19229	0.93521440
19230	1.38510990
19231	2.13105369
19232	NaN
19233	NaN
19234	NaN
19235	NaN
19236	NaN
19237	NaN
19238	NaN
19239	NaN
19240	NaN
19241	NaN
19242	NaN
19243	NaN
19244	NaN
19245	NaN
19246	NaN
19247	NaN
19248	NaN
19249	NaN
19250	NaN
19251	NaN
19252	NaN
19253	NaN
19254	NaN
19255	NaN
19256	NaN
19257	NaN
19258	NaN
19259	NaN
19260	NaN
19261	NaN
19262	NaN
19263	NaN
19264	NaN
19265	NaN
19266	NaN
19267	NaN
19268	NaN
19269	NaN
19270	NaN
19271	NaN
19272	NaN
19273	NaN
19274	NaN
19275	NaN
19276	NaN
19277	NaN
19278	NaN
19279	NaN
19280	NaN
19281	NaN
19282	NaN
19283	NaN
19284	NaN
19285	NaN
19286	NaN
19287	NaN
19288	NaN
19289	NaN
19290	NaN
19291	NaN
19292	NaN
19293	NaN
19294	NaN
19295	NaN
19296	NaN
19297	NaN
19298	NaN
19299	NaN
19300	NaN
19301	NaN
19302	NaN
19303	NaN
19304	NaN
19305	NaN
19306	NaN
19307	NaN
19308	NaN
19309	NaN
19310	NaN
19311	NaN
19312	NaN
19313	NaN
19314	NaN
19315	NaN
19316	NaN
19317	NaN
19318	NaN
19319	1.78008199
19320	1.22403300
19321	1.03172886
19322	0.93532783
19323	0.87825853
19324	0.84120649
19325	0.81576711
19326	0.79768819
19327	0.78458017
19328	0.77499366
19329	0.76799506
19330	0.76295346
19331	0.75942647
19332	0.75709337
19333	0.75571573
19334	0.75511193
19335	0.75514072
19336	0.75568980
19337	0.75666809
19338	0.75799948
19339	0.75961840
19340	0.76146626
19341	0.76348859
19342	0.76563251
19343	0.76784497
19344	0.77007163
19345	0.77225506
19346	0.77433497
19347	0.77624714
19348	0.77792436
19349	0.77929670
19350	0.78029251
19351	0.78084040
19352	0.78087080
19353	0.78031898
19354	0.77912742
19355	0.77724934
19356	0.77465123
19357	0.77131617
19358	0.76724583
19359	0.76246303
19360	0.75701171
19361	0.75095773
19362	0.74438697
19363	0.73740327
19364	0.73012513
19365	0.72268140
19366	0.71520674
19367	0.70783687
19368	0.70070362
19369	0.69393039
19370	0.68762857
19371	0.68189383
19372	0.67680395
19373	0.67241704
19374	0.66877055
19375	0.66588062
19376	0.66374272
19377	0.66233200
19378	0.66160440
19379	0.66149849
19380	0.66193694
19381	0.66282910
19382	0.66407335
19383	0.66555995
19384	0.66717416
19385	0.66879964
19386	0.67032200
19387	0.67163205
19388	0.67262977
19389	0.67322671
19390	0.67334956
19391	0.67294168
19392	0.67196488
19393	0.67039990
19394	0.66824615
19395	0.66552079
19396	0.66225678
19397	0.65850061
19398	0.65430951
19399	0.64974827
19400	0.64488655
19401	0.63979542
19402	0.63454515
19403	0.62920284
19404	0.62383050
19405	0.61848372
19406	0.61321121
19407	0.60805386
19408	0.60304505
19409	0.59821099
19410	0.59357101
19411	0.58913839
19412	0.58492130
19413	0.58092338
19414	0.57714456
19415	0.57358158
19416	0.57022905
19417	0.56707913
19418	0.56412238
19419	0.56134778
19420	0.55874246
19421	0.55629224
19422	0.55398130
19423	0.55179232
19424	0.54970634
19425	0.54770321
19426	0.54576147
19427	0.54385853
19428	0.54197127
19429	0.54007590
19430	0.53814888
19431	0.53616714
19432	0.53410870
19433	0.53195322
19434	0.52968270
19435	0.52728182
19436	0.52473873
19437	0.52204520
19438	0.51919699
19439	0.51619428
19440	0.51304108
19441	0.50974596
19442	0.50632119
19443	0.50278282
19444	0.49914995
19445	0.49544451
19446	0.49169037
19447	0.48791301
19448	0.48413825
19449	0.48039201
19450	0.47669914
19451	0.47308275
19452	0.46956339
19453	0.46615833
19454	0.46288097
19455	0.45974043
19456	0.45674109
19457	0.45388290
19458	0.45116121
19459	0.44856745
19460	0.44608957
19461	0.44371259
19462	0.44141966
19463	0.43919241
19464	0.43701175
19465	0.43485838
19466	0.43271330
19467	0.43055785
19468	0.42837444
19469	0.42614633
19470	0.42385787
19471	0.42149475
19472	0.41904411
19473	0.41649440
19474	0.41383567
19475	0.41105959
19476	0.40815958
19477	0.40513092
19478	0.40197065
19479	0.39867783
19480	0.39525363
19481	0.39170158
19482	0.38802755
19483	0.38424006
19484	0.38035047
19485	0.37637299
19486	0.37232488
19487	0.36822623
19488	0.36409992
19489	0.35997120
19490	0.35586745
19491	0.35181752
19492	0.34785128
19493	0.34399909
19494	0.34029105
19495	0.33675677
19496	0.33342433
19497	0.33032027
19498	0.32746881
19499	0.32489133
19500	0.32260618
19501	0.32062832
19502	0.31896865
19503	0.31763411
19504	0.31662741
19505	0.31594664
19506	0.31558487
19507	0.31552988
19508	0.31576365
19509	0.31626177
19510	0.31699303
19511	0.31791872
19512	0.31899256
19513	0.32016054
19514	0.32136124
19515	0.32252672
19516	0.32358357
19517	0.32445461
19518	0.32506126
19519	0.32532528
19520	0.32517195
19521	0.32453245
19522	0.32334581
19523	0.32156202
19524	0.31914276
19525	0.31606287
19526	0.31231108
19527	0.30788976
19528	0.30281469
19529	0.29711369
19530	0.29082587
19531	0.28400034
19532	0.27669495
19533	0.26897612
19534	0.26091799
19535	0.25260270
19536	0.24412178
19537	0.23557658
19538	0.22708173
19539	0.21876585
19540	0.21077518
19541	0.20327792
19542	0.19646537
19543	0.19055866
19544	0.18581079
19545	0.18251097
19546	0.18098912
19547	0.18161809
19548	0.18481776
19549	0.19105865
19550	0.20086485
19551	0.21482092
19552	0.23358169
19553	0.25789088
19554	0.28861180
19555	0.32677880
19556	0.37368435
19557	0.43101549
19558	0.50108379
19559	0.58721101
19560	0.69440860
19561	0.83065158
19562	1.00943172
19563	1.25544810
19564	1.61906028
19565	2.22082162
19566	3.43775320
19567	NaN
19568	NaN
19569	NaN
19570	NaN
19571	NaN
19572	NaN
19573	NaN
19574	NaN
19575	NaN
19576	NaN
19577	NaN
19578	NaN
19579	NaN
19580	NaN
19581	NaN
19582	NaN
19583	NaN
19584	NaN
19585	NaN
19586	NaN
19587	NaN
19588	NaN
19589	NaN
19590	NaN
19591	NaN
19592	NaN
19593	NaN
19594	NaN
19595	NaN
19596	NaN
19597	NaN
19598	NaN
19599	NaN
19600	NaN
19601	NaN
19602	NaN
19603	NaN
19604	NaN
19605	NaN
19606	NaN
19607	NaN
19608	NaN
19609	NaN
19610	NaN
19611	NaN
19612	NaN
19613	NaN
19614	NaN
19615	NaN
19616	NaN
19617	NaN
19618	NaN
19619	NaN
19620	NaN
19621	NaN
19622	NaN
19623	NaN
19624	NaN
19625	NaN
19626	NaN
19627	NaN
19628	NaN
19629	NaN
19630	NaN
19631	NaN
19632	NaN
19633	NaN
19634	NaN
19635	NaN
19636	NaN
19637	NaN
19638	NaN
19639	NaN
19640	NaN
19641	NaN
19642	NaN
19643	NaN
19644	NaN
19645	NaN
19646	NaN
19647	NaN
19648	NaN
19649	NaN
19650	2.55635738
19651	1.41245961
19652	1.11786592
19653	0.98626286
19654	0.91367525
19655	0.86891437
19656	0.83937287
19657	0.81898355
19658	0.80446589
19659	0.79389369
19660	0.78606379
19661	0.78018856
19662	0.77573395
19663	0.77232778
19664	0.76970530
19665	0.76767570
19666	0.76610047
19667	0.76487815
19668	0.76393443
19669	0.76321465
19670	0.76267827
19671	0.76229465
19672	0.76203972
19673	0.76189309
19674	0.76183599
19675	0.76184946
19676	0.76191258
19677	0.76200151
19678	0.76208895
19679	0.76214266
19680	0.76212579
19681	0.76199669
19682	0.76170856
19683	0.76121092
19684	0.76044965
19685	0.75936908
19686	0.75791317
19687	0.75602835
19688	0.75366563
19689	0.75078374
19690	0.74735266
19691	0.74335623
19692	0.73879552
19693	0.73369110
19694	0.72808427
19695	0.72203803
19696	0.71563578
19697	0.70897943
19698	0.70218623
19699	0.69538414
19700	0.68870658
19701	0.68228745
19702	0.67625493
19703	0.67072660
19704	0.66580522
19705	0.66157442
19706	0.65809673
19707	0.65541166
19708	0.65353513
19709	0.65245968
19710	0.65215522
19711	0.65257055
19712	0.65363497
19713	0.65526015
19714	0.65734261
19715	0.65976608
19716	0.66240412
19717	0.66512287
19718	0.66778499
19719	0.67025286
19720	0.67239273
19721	0.67407864
19722	0.67519760
19723	0.67565304
19724	0.67536920
19725	0.67429423
19726	0.67240196
19727	0.66969341
19728	0.66619581
19729	0.66196108
19730	0.65706229
19731	0.65158963
19732	0.64564556
19733	0.63933927
19734	0.63278222
19735	0.62608308
19736	0.61934435
19737	0.61265951
19738	0.60611099
19739	0.59976941
19740	0.59369338
19741	0.58792961
19742	0.58251405
19743	0.57747281
19744	0.57282305
19745	0.56857467
19746	0.56473088
19747	0.56128955
19748	0.55824369
19749	0.55558193
19750	0.55328941
19751	0.55134749
19752	0.54973418
19753	0.54842407
19754	0.54738808
19755	0.54659373
19756	0.54600471
19757	0.54558098
19758	0.54527920
19759	0.54505247
19760	0.54485089
19761	0.54462254
19762	0.54431427
19763	0.54387259
19764	0.54324520
19765	0.54238230
19766	0.54123795
19767	0.53977191
19768	0.53795034
19769	0.53574723
19770	0.53314507
19771	0.53013551
19772	0.52671945
19773	0.52290714
19774	0.51871794
19775	0.51417929
19776	0.50932664
19777	0.50420237
19778	0.49885470
19779	0.49333706
19780	0.48770657
19781	0.48202318
19782	0.47634828
19783	0.47074318
19784	0.46526819
19785	0.45998037
19786	0.45493257
19787	0.45017177
19788	0.44573775
19789	0.44166192
19790	0.43796673
19791	0.43466502
19792	0.43175986
19793	0.42924511
19794	0.42710570
19795	0.42531827
19796	0.42385253
19797	0.42267203
19798	0.42173541
19799	0.42099720
19800	0.42040950
19801	0.41992217
19802	0.41948435
19803	0.41904488
19804	0.41855326
19805	0.41796029
19806	0.41721869
19807	0.41628382
19808	0.41511446
19809	0.41367334
19810	0.41192815
19811	0.40985188
19812	0.40742373
19813	0.40462980
19814	0.40146330
19815	0.39792535
19816	0.39402482
19817	0.38977876
19818	0.38521209
19819	0.38035721
19820	0.37525365
19821	0.36994711
19822	0.36448857
19823	0.35893336
19824	0.35333976
19825	0.34776780
19826	0.34227794
19827	0.33693001
19828	0.33178183
19829	0.32688850
19830	0.32230133
19831	0.31806734
19832	0.31422895
19833	0.31082323
19834	0.30788198
19835	0.30543137
19836	0.30349171
19837	0.30207741
19838	0.30119607
19839	0.30084834
19840	0.30102688
19841	0.30171534
19842	0.30288768
19843	0.30450651
19844	0.30652225
19845	0.30887222
19846	0.31147987
19847	0.31425509
19848	0.31709495
19849	0.31988549
19850	0.32250503
19851	0.32482734
19852	0.32672754
19853	0.32808676
19854	0.32879740
19855	0.32876837
19856	0.32792795
19857	0.32622641
19858	0.32363662
19859	0.32015267
19860	0.31578836
19861	0.31057370
19862	0.30455199
19863	0.29777676
19864	0.29030925
19865	0.28221741
19866	0.27357516
19867	0.26446357
19868	0.25497368
19869	0.24521007
19870	0.23529750
19871	0.22538699
19872	0.21566585
19873	0.20636915
19874	0.19779085
19875	0.19030124
19876	0.18436033
19877	0.18053606
19878	0.17952155
19879	0.18214743
19880	0.18939511
19881	0.20240335
19882	0.22246826
19883	0.25104362
19884	0.28973982
19885	0.34034258
19886	0.40486547
19887	0.48568082
19888	0.58578187
19889	0.70927757
19890	0.86231810
19891	1.05485797
19892	1.30424154
19893	1.64325237
19894	2.14103007
19895	2.96991348
19896	NaN
19897	NaN
19898	NaN
19899	NaN
19900	NaN
19901	NaN
19902	NaN
19903	NaN
19904	NaN
19905	NaN
19906	NaN
19907	NaN
19908	NaN
19909	NaN
19910	NaN
19911	NaN
19912	NaN
19913	NaN
19914	NaN
19915	NaN
19916	NaN
19917	NaN
19918	NaN
19919	NaN
19920	NaN
19921	NaN
19922	NaN
19923	NaN
19924	NaN
19925	NaN
19926	NaN
19927	NaN
19928	NaN
19929	NaN
19930	NaN
19931	NaN
19932	NaN
19933	NaN
19934	NaN
19935	NaN
19936	NaN
19937	NaN
19938	NaN
19939	NaN
19940	NaN
19941	NaN
19942	NaN
19943	NaN
19944	NaN
19945	NaN
19946	NaN
19947	NaN
19948	NaN
19949	NaN
19950	NaN
19951	NaN
19952	NaN
19953	NaN
19954	NaN
19955	NaN
19956	NaN
19957	NaN
19958	NaN
19959	NaN
19960	NaN
19961	NaN
19962	NaN
19963	NaN
19964	NaN
19965	NaN
19966	NaN
19967	NaN
19968	NaN
19969	NaN
19970	NaN
19971	NaN
19972	NaN
19973	NaN
19974	NaN
19975	NaN
19976	NaN
19977	NaN
19978	NaN
19979	2.82347536
19980	1.43243563
19981	1.12183976
19982	0.98778927
19983	0.91483188
19984	0.87018013
19985	0.84094852
19986	0.82103544
19987	0.80717230
19988	0.79744726
19989	0.79066539
19990	0.78604060
19991	0.78303444
19992	0.78126621
19993	0.78045970
19994	0.78041059
19995	0.78096515
19996	0.78200567
19997	0.78344119
19998	0.78519964
19999	0.78722256
20000	0.78946090
20001	0.79187149
20002	0.79441363
20003	0.79704726
20004	0.79973012
20005	0.80241698
20006	0.80505759
20007	0.80759627
20008	0.80997109
20009	0.81211418
20010	0.81395227
20011	0.81540704
20012	0.81639767
20013	0.81684226
20014	0.81666070
20015	0.81577808
20016	0.81412774
20017	0.81165582
20018	0.80832452
20019	0.80411625
20020	0.79903650
20021	0.79311699
20022	0.78641659
20023	0.77902174
20024	0.77104509
20025	0.76262212
20026	0.75390691
20027	0.74506676
20028	0.73627520
20029	0.72770536
20030	0.71952331
20031	0.71188182
20032	0.70491552
20033	0.69873643
20034	0.69343150
20035	0.68906057
20036	0.68565625
20037	0.68322378
20038	0.68174255
20039	0.68116748
20040	0.68143123
20041	0.68244654
20042	0.68410850
20043	0.68629813
20044	0.68888444
20045	0.69172835
20046	0.69468564
20047	0.69761145
20048	0.70036322
20049	0.70280576
20050	0.70481479
20051	0.70628124
20052	0.70711452
20053	0.70724565
20054	0.70662910
20055	0.70524383
20056	0.70309323
20057	0.70020372
20058	0.69662249
20059	0.69241410
20060	0.68765718
20061	0.68243957
20062	0.67685467
20063	0.67099750
20064	0.66496122
20065	0.65883404
20066	0.65269744
20067	0.64662451
20068	0.64067894
20069	0.63491488
20070	0.62937725
20071	0.62410170
20072	0.61911589
20073	0.61444008
20074	0.61008787
20075	0.60606724
20076	0.60238099
20077	0.59902745
20078	0.59600061
20079	0.59329069
20080	0.59088367
20081	0.58876181
20082	0.58690339
20083	0.58528280
20084	0.58387083
20085	0.58263481
20086	0.58153892
20087	0.58054507
20088	0.57961345
20089	0.57870311
20090	0.57777327
20091	0.57678360
20092	0.57569546
20093	0.57447255
20094	0.57308155
20095	0.57149285
20096	0.56968105
20097	0.56762540
20098	0.56531030
20099	0.56272560
20100	0.55986714
20101	0.55673659
20102	0.55334198
20103	0.54969740
20104	0.54582304
20105	0.54174471
20106	0.53749317
20107	0.53310370
20108	0.52861482
20109	0.52406764
20110	0.51950431
20111	0.51496750
20112	0.51049852
20113	0.50613683
20114	0.50191861
20115	0.49787605
20116	0.49403641
20117	0.49042132
20118	0.48704636
20119	0.48392078
20120	0.48104724
20121	0.47842199
20122	0.47603527
20123	0.47387138
20124	0.47190964
20125	0.47012469
20126	0.46848729
20127	0.46696517
20128	0.46552360
20129	0.46412626
20130	0.46273622
20131	0.46131653
20132	0.45983103
20133	0.45824528
20134	0.45652696
20135	0.45464671
20136	0.45257837
20137	0.45029929
20138	0.44779089
20139	0.44503847
20140	0.44203162
20141	0.43876433
20142	0.43523514
20143	0.43144718
20144	0.42740870
20145	0.42313293
20146	0.41863880
20147	0.41395044
20148	0.40909749
20149	0.40411469
20150	0.39904144
20151	0.39392105
20152	0.38880002
20153	0.38372681
20154	0.37875098
20155	0.37392220
20156	0.36928907
20157	0.36489868
20158	0.36079547
20159	0.35702121
20160	0.35361436
20161	0.35060978
20162	0.34803861
20163	0.34592807
20164	0.34430090
20165	0.34317493
20166	0.34256244
20167	0.34246895
20168	0.34289238
20169	0.34382173
20170	0.34523562
20171	0.34710103
20172	0.34937206
20173	0.35198897
20174	0.35487798
20175	0.35795102
20176	0.36110672
20177	0.36423224
20178	0.36720532
20179	0.36989844
20180	0.37218204
20181	0.37392956
20182	0.37502232
20183	0.37535319
20184	0.37483120
20185	0.37338468
20186	0.37096304
20187	0.36753801
20188	0.36310360
20189	0.35767478
20190	0.35128573
20191	0.34398744
20192	0.33584538
20193	0.32693657
20194	0.31734756
20195	0.30717286
20196	0.29651445
20197	0.28548282
20198	0.27419794
20199	0.26279309
20200	0.25141951
20201	0.24025320
20202	0.22950234
20203	0.21941708
20204	0.21029995
20205	0.20251802
20206	0.19651383
20207	0.19281824
20208	0.19206168
20209	0.19498415
20210	0.20244826
20211	0.21544877
20212	0.23513255
20213	0.26282841
20214	0.30010018
20215	0.34884667
20216	0.41146764
20217	0.49116743
20218	0.59248966
20219	0.72230309
20220	0.89171910
20221	1.12013304
20222	1.44473004
20223	1.94669151
20224	2.84240317
20225	NaN
20226	NaN
20227	NaN
20228	NaN
20229	NaN
20230	NaN
20231	NaN
20232	NaN
20233	NaN
20234	NaN
20235	NaN
20236	NaN
20237	NaN
20238	NaN
20239	NaN
20240	NaN
20241	NaN
20242	NaN
20243	NaN
20244	NaN
20245	NaN
20246	NaN
20247	NaN
20248	NaN
20249	NaN
20250	NaN
20251	NaN
20252	NaN
20253	NaN
20254	NaN
20255	NaN
20256	NaN
20257	NaN
20258	NaN
20259	NaN
20260	NaN
20261	NaN
20262	NaN
20263	NaN
20264	NaN
20265	NaN
20266	NaN
20267	NaN
20268	NaN
20269	NaN
20270	NaN
20271	NaN
20272	NaN
20273	NaN
20274	NaN
20275	NaN
20276	NaN
20277	NaN
20278	NaN
20279	NaN
20280	NaN
20281	NaN
20282	NaN
20283	NaN
20284	NaN
20285	NaN
20286	NaN
20287	NaN
20288	NaN
20289	NaN
20290	NaN
20291	NaN
20292	NaN
20293	NaN
20294	NaN
20295	NaN
20296	NaN
20297	NaN
20298	NaN
20299	NaN
20300	NaN
20301	NaN
20302	NaN
20303	NaN
20304	NaN
20305	NaN
20306	NaN
20307	NaN
20308	NaN
20309	NaN
20310	NaN
20311	NaN
20312	NaN
20313	NaN
20314	1.63574529
20315	1.16370475
20316	0.99149382
20317	0.90581948
20318	0.85672295
20319	0.82634515
20320	0.80670983
20321	0.79371756
20322	0.78504848
20323	0.77929372
20324	0.77555287
20325	0.77322757
20326	0.77190900
20327	0.77131140
20328	0.77123296
20329	0.77152926
20330	0.77209663
20331	0.77286023
20332	0.77376622
20333	0.77477527
20334	0.77585888
20335	0.77699542
20336	0.77816778
20337	0.77936161
20338	0.78056288
20339	0.78175718
20340	0.78292799
20341	0.78405577
20342	0.78511709
20343	0.78608400
20344	0.78692323
20345	0.78759617
20346	0.78805858
20347	0.78826100
20348	0.78814936
20349	0.78766626
20350	0.78675246
20351	0.78534925
20352	0.78340119
20353	0.78085929
20354	0.77768487
20355	0.77385360
20356	0.76935881
20357	0.76421529
20358	0.75846177
20359	0.75216198
20360	0.74540460
20361	0.73830134
20362	0.73098332
20363	0.72359639
20364	0.71629441
20365	0.70923311
20366	0.70256317
20367	0.69642383
20368	0.69093788
20369	0.68620718
20370	0.68230927
20371	0.67929614
20372	0.67719328
20373	0.67599952
20374	0.67568833
20375	0.67620891
20376	0.67748803
20377	0.67943186
20378	0.68192846
20379	0.68485022
20380	0.68805671
20381	0.69139814
20382	0.69471902
20383	0.69786215
20384	0.70067346
20385	0.70300728
20386	0.70473081
20387	0.70572984
20388	0.70591307
20389	0.70521611
20390	0.70360416
20391	0.70107335
20392	0.69765025
20393	0.69338989
20394	0.68837202
20395	0.68269640
20396	0.67647678
20397	0.66983521
20398	0.66289616
20399	0.65578139
20400	0.64860523
20401	0.64147186
20402	0.63447285
20403	0.62768614
20404	0.62117583
20405	0.61499262
20406	0.60917515
20407	0.60375071
20408	0.59873712
20409	0.59414428
20410	0.58997494
20411	0.58622634
20412	0.58289063
20413	0.57995588
20414	0.57740617
20415	0.57522196
20416	0.57338011
20417	0.57185394
20418	0.57061332
20419	0.56962430
20420	0.56884956
20421	0.56824845
20422	0.56777728
20423	0.56738973
20424	0.56703788
20425	0.56667244
20426	0.56624413
20427	0.56570446
20428	0.56500691
20429	0.56410795
20430	0.56296796
20431	0.56155223
20432	0.55983186
20433	0.55778426
20434	0.55539370
20435	0.55265164
20436	0.54955721
20437	0.54611695
20438	0.54234511
20439	0.53826326
20440	0.53390002
20441	0.52929044
20442	0.52447540
20443	0.51950067
20444	0.51441586
20445	0.50927335
20446	0.50412697
20447	0.49903083
20448	0.49403763
20449	0.48919773
20450	0.48455757
20451	0.48015848
20452	0.47603557
20453	0.47221708
20454	0.46872309
20455	0.46556562
20456	0.46274796
20457	0.46026507
20458	0.45810366
20459	0.45624295
20460	0.45465523
20461	0.45330703
20462	0.45216003
20463	0.45117232
20464	0.45029929
20465	0.44949499
20466	0.44871271
20467	0.44790605
20468	0.44702989
20469	0.44604060
20470	0.44489685
20471	0.44356036
20472	0.44199601
20473	0.44017288
20474	0.43806425
20475	0.43564865
20476	0.43290988
20477	0.42983809
20478	0.42643005
20479	0.42268956
20480	0.41862804
20481	0.41426477
20482	0.40962681
20483	0.40474936
20484	0.39967474
20485	0.39445242
20486	0.38913745
20487	0.38378951
20488	0.37847161
20489	0.37324813
20490	0.36818352
20491	0.36334074
20492	0.35877982
20493	0.35455686
20494	0.35072330
20495	0.34732535
20496	0.34440401
20497	0.34199494
20498	0.34012845
20499	0.33882993
20500	0.33811924
20501	0.33801076
20502	0.33851230
20503	0.33962396
20504	0.34133655
20505	0.34362975
20506	0.34646997
20507	0.34980810
20508	0.35357773
20509	0.35769346
20510	0.36205029
20511	0.36652395
20512	0.37097260
20513	0.37524027
20514	0.37916213
20515	0.38257104
20516	0.38530555
20517	0.38721827
20518	0.38818350
20519	0.38810420
20520	0.38691574
20521	0.38458762
20522	0.38112205
20523	0.37655070
20524	0.37092933
20525	0.36433110
20526	0.35684049
20527	0.34854797
20528	0.33954555
20529	0.32992512
20530	0.31977731
20531	0.30919459
20532	0.29827622
20533	0.28713563
20534	0.27591389
20535	0.26479492
20536	0.25402880
20537	0.24396536
20538	0.23509602
20539	0.22811624
20540	0.22400947
20541	0.22416323
20542	0.23053263
20543	0.24586040
20544	0.27398488
20545	0.32026032
20546	0.39214996
20547	0.50008768
20548	0.65880358
20549	0.88962704
20550	1.22496891
20551	1.71829605
20552	2.46948934
20553	NaN
20554	NaN
20555	NaN
20556	NaN
20557	NaN
20558	NaN
20559	NaN
20560	NaN
20561	NaN
20562	NaN
20563	NaN
20564	NaN
20565	NaN
20566	NaN
20567	NaN
20568	NaN
20569	NaN
20570	NaN
20571	NaN
20572	NaN
20573	NaN
20574	NaN
20575	NaN
20576	NaN
20577	NaN
20578	NaN
20579	NaN
20580	NaN
20581	NaN
20582	NaN
20583	NaN
20584	NaN
20585	NaN
20586	NaN
20587	NaN
20588	NaN
20589	NaN
20590	NaN
20591	NaN
20592	NaN
20593	NaN
20594	NaN
20595	NaN
20596	NaN
20597	NaN
20598	NaN
20599	NaN
20600	NaN
20601	NaN
20602	NaN
20603	NaN
20604	NaN
20605	NaN
20606	NaN
20607	NaN
20608	NaN
20609	NaN
20610	NaN
20611	NaN
20612	NaN
20613	NaN
20614	NaN
20615	NaN
20616	NaN
20617	NaN
20618	NaN
20619	NaN
20620	NaN
20621	NaN
20622	NaN
20623	NaN
20624	NaN
20625	NaN
20626	NaN
20627	NaN
20628	NaN
20629	NaN
20630	NaN
20631	NaN
20632	NaN
20633	NaN
20634	NaN
20635	NaN
20636	NaN
20637	NaN
20638	NaN
20639	NaN
20640	NaN
20641	NaN
20642	NaN
20643	NaN
20644	NaN
20645	2.21918941
20646	1.38812351
20647	1.13475239
20648	1.01448214
20649	0.94580323
20650	0.90247083
20651	0.87344593
20652	0.85327089
20653	0.83893484
20654	0.82863969
20655	0.82124543
20656	0.81599504
20657	0.81236768
20658	0.80999416
20659	0.80860764
20660	0.80801111
20661	0.80805737
20662	0.80863464
20663	0.80965680
20664	0.81105584
20665	0.81277627
20666	0.81477100
20667	0.81699735
20668	0.81941438
20669	0.82198042
20670	0.82465118
20671	0.82737803
20672	0.83010691
20673	0.83277732
20674	0.83532190
20675	0.83766603
20676	0.83972830
20677	0.84142131
20678	0.84265292
20679	0.84332865
20680	0.84335423
20681	0.84263903
20682	0.84110022
20683	0.83866751
20684	0.83528757
20685	0.83092928
20686	0.82558775
20687	0.81928802
20688	0.81208754
20689	0.80407619
20690	0.79537570
20691	0.78613597
20692	0.77652997
20693	0.76674712
20694	0.75698525
20695	0.74744314
20696	0.73831147
20697	0.72976625
20698	0.72196269
20699	0.71503031
20700	0.70906967
20701	0.70415086
20702	0.70031267
20703	0.69756347
20704	0.69588220
20705	0.69522041
20706	0.69550443
20707	0.69663805
20708	0.69850540
20709	0.70097423
20710	0.70389891
20711	0.70712483
20712	0.71049196
20713	0.71383971
20714	0.71701139
20715	0.71985918
20716	0.72224844
20717	0.72406280
20718	0.72520697
20719	0.72561020
20720	0.72522753
20721	0.72404069
20722	0.72205663
20723	0.71930653
20724	0.71584183
20725	0.71173131
20726	0.70705658
20727	0.70190793
20728	0.69638020
20729	0.69056898
20730	0.68456751
20731	0.67846394
20732	0.67233926
20733	0.66626638
20734	0.66030866
20735	0.65452021
20736	0.64894569
20737	0.64362085
20738	0.63857317
20739	0.63382274
20740	0.62938291
20741	0.62526155
20742	0.62146133
20743	0.61798072
20744	0.61481398
20745	0.61195195
20746	0.60938168
20747	0.60708660
20748	0.60504651
20749	0.60323751
20750	0.60163206
20751	0.60019910
20752	0.59890473
20753	0.59771246
20754	0.59658402
20755	0.59548044
20756	0.59436297
20757	0.59319377
20758	0.59193695
20759	0.59055942
20760	0.58903164
20761	0.58732778
20762	0.58542627
20763	0.58330989
20764	0.58096617
20765	0.57838678
20766	0.57556856
20767	0.57251257
20768	0.56922466
20769	0.56571543
20770	0.56200022
20771	0.55809897
20772	0.55403632
20773	0.54984111
20774	0.54554605
20775	0.54118729
20776	0.53680325
20777	0.53243375
20778	0.52811921
20779	0.52389884
20780	0.51980978
20781	0.51588577
20782	0.51215619
20783	0.50864512
20784	0.50537056
20785	0.50234425
20786	0.49957159
20787	0.49705124
20788	0.49477607
20789	0.49273324
20790	0.49090484
20791	0.48926863
20792	0.48779863
20793	0.48646581
20794	0.48523891
20795	0.48408484
20796	0.48296946
20797	0.48185822
20798	0.48071638
20799	0.47950992
20800	0.47820571
20801	0.47677195
20802	0.47517854
20803	0.47339720
20804	0.47140196
20805	0.46916932
20806	0.46667835
20807	0.46391156
20808	0.46085489
20809	0.45749843
20810	0.45383736
20811	0.44987231
20812	0.44561026
20813	0.44106501
20814	0.43625802
20815	0.43121833
20816	0.42598253
20817	0.42059463
20818	0.41510496
20819	0.40956903
20820	0.40404665
20821	0.39859986
20822	0.39329180
20823	0.38818505
20824	0.38334030
20825	0.37881520
20826	0.37466368
20827	0.37093505
20828	0.36767378
20829	0.36491904
20830	0.36270443
20831	0.36105785
20832	0.36000067
20833	0.35954759
20834	0.35970518
20835	0.36047110
20836	0.36183256
20837	0.36376464
20838	0.36622915
20839	0.36917251
20840	0.37252522
20841	0.37620056
20842	0.38009521
20843	0.38409013
20844	0.38805217
20845	0.39183766
20846	0.39529681
20847	0.39827824
20848	0.40063521
20849	0.40223122
20850	0.40294531
20851	0.40267688
20852	0.40134868
20853	0.39890838
20854	0.39532897
20855	0.39060694
20856	0.38476020
20857	0.37782428
20858	0.36984953
20859	0.36089793
20860	0.35104027
20861	0.34035599
20862	0.32893208
20863	0.31686535
20864	0.30426452
20865	0.29125500
20866	0.27798474
20867	0.26462981
20868	0.25140300
20869	0.23856379
20870	0.22642642
20871	0.21537109
20872	0.20585433
20873	0.19841886
20874	0.19370461
20875	0.19245408
20876	0.19552231
20877	0.20388529
20878	0.21865134
20879	0.24108718
20880	0.27265960
20881	0.31512052
20882	0.37065414
20883	0.44214347
20884	0.53363746
20885	0.65120196
20886	0.80455261
20887	1.01041842
20888	1.30025744
20889	1.74071443
20890	2.50095677
20891	4.16978788
20892	NaN
20893	NaN
20894	NaN
20895	NaN
20896	NaN
20897	NaN
20898	NaN
20899	NaN
20900	NaN
20901	NaN
20902	NaN
20903	NaN
20904	NaN
20905	NaN
20906	NaN
20907	NaN
20908	NaN
20909	NaN
20910	NaN
20911	NaN
20912	NaN
20913	NaN
20914	NaN
20915	NaN
20916	NaN
20917	NaN
20918	NaN
20919	NaN
20920	NaN
20921	NaN
20922	NaN
20923	NaN
20924	NaN
20925	NaN
20926	NaN
20927	NaN
20928	NaN
20929	NaN
20930	NaN
20931	NaN
20932	NaN
20933	NaN
20934	NaN
20935	NaN
20936	NaN
20937	NaN
20938	NaN
20939	NaN
20940	NaN
20941	NaN
20942	NaN
20943	NaN
20944	NaN
20945	NaN
20946	NaN
20947	NaN
20948	NaN
20949	NaN
20950	NaN
20951	NaN
20952	NaN
20953	NaN
20954	NaN
20955	NaN
20956	NaN
20957	NaN
20958	NaN
20959	NaN
20960	NaN
20961	NaN
20962	NaN
20963	NaN
20964	NaN
20965	NaN
20966	NaN
20967	NaN
20968	NaN
20969	NaN
20970	NaN
20971	NaN
20972	NaN
20973	NaN
20974	NaN
20975	NaN
20976	NaN
20977	NaN
20978	NaN
20979	NaN
20980	NaN
20981	3.57357883
20982	1.45998693
20983	1.10353982
20984	0.96204841
20985	0.88926560
20986	0.84688318
20987	0.82045776
20988	0.80333149
20989	0.79201090
20990	0.78449017
20991	0.77953994
20992	0.77636862
20993	0.77444839
20994	0.77341771
20995	0.77302426
20996	0.77309000
20997	0.77348852
20998	0.77412981
20999	0.77494997
21000	0.77590346
21001	0.77695787
21002	0.77808958
21003	0.77928072
21004	0.78051609
21005	0.78178173
21006	0.78306299
21007	0.78434294
21008	0.78560156
21009	0.78681499
21010	0.78795451
21011	0.78898609
21012	0.78986990
21013	0.79056042
21014	0.79100603
21015	0.79114944
21016	0.79092872
21017	0.79027843
21018	0.78913176
21019	0.78742325
21020	0.78509247
21021	0.78208768
21022	0.77837116
21023	0.77392340
21024	0.76874757
21025	0.76287299
21026	0.75635773
21027	0.74928844
21028	0.74177897
21029	0.73396683
21030	0.72600752
21031	0.71806741
21032	0.71031713
21033	0.70292282
21034	0.69604009
21035	0.68980765
21036	0.68434280
21037	0.67973828
21038	0.67606026
21039	0.67334765
21040	0.67161214
21041	0.67083889
21042	0.67098784
21043	0.67199504
21044	0.67377412
21045	0.67621839
21046	0.67920268
21047	0.68258595
21048	0.68621397
21049	0.68992335
21050	0.69354510
21051	0.69690990
21052	0.69985366
21053	0.70222276
21054	0.70388103
21055	0.70471483
21056	0.70463824
21057	0.70359719
21058	0.70157152
21059	0.69857544
21060	0.69465578
21061	0.68988883
21062	0.68437469
21063	0.67823160
21064	0.67158908
21065	0.66458130
21066	0.65734106
21067	0.64999473
21068	0.64265817
21069	0.63543421
21070	0.62841070
21071	0.62166035
21072	0.61524111
21073	0.60919660
21074	0.60355812
21075	0.59834605
21076	0.59357142
21077	0.58923739
21078	0.58534116
21079	0.58187467
21080	0.57882559
21081	0.57617807
21082	0.57391298
21083	0.57200783
21084	0.57043695
21085	0.56917101
21086	0.56817716
21087	0.56741881
21088	0.56685549
21089	0.56644350
21090	0.56613594
21091	0.56588376
21092	0.56563658
21093	0.56534338
21094	0.56495404
21095	0.56442004
21096	0.56369579
21097	0.56273925
21098	0.56151319
21099	0.55998546
21100	0.55812985
21101	0.55592650
21102	0.55336237
21103	0.55043137
21104	0.54713488
21105	0.54348183
21106	0.53948849
21107	0.53517902
21108	0.53058451
21109	0.52574289
21110	0.52069831
21111	0.51550007
21112	0.51020187
21113	0.50486010
21114	0.49953312
21115	0.49427903
21116	0.48915461
21117	0.48421347
21118	0.47950464
21119	0.47507077
21120	0.47094727
21121	0.46716073
21122	0.46372887
21123	0.46065935
21124	0.45795041
21125	0.45559087
21126	0.45356059
21127	0.45183170
21128	0.45036912
21129	0.44913220
21130	0.44807547
21131	0.44715035
21132	0.44630590
21133	0.44549018
21134	0.44465142
21135	0.44373888
21136	0.44270393
21137	0.44150084
21138	0.44008765
21139	0.43842670
21140	0.43648556
21141	0.43423736
21142	0.43166137
21143	0.42874345
21144	0.42547631
21145	0.42186028
21146	0.41790307
21147	0.41362026
21148	0.40903556
21149	0.40418038
21150	0.39909387
21151	0.39382190
21152	0.38841662
21153	0.38293496
21154	0.37743717
21155	0.37198558
21156	0.36664245
21157	0.36146888
21158	0.35652316
21159	0.35185966
21160	0.34752831
21161	0.34357375
21162	0.34003517
21163	0.33694673
21164	0.33433717
21165	0.33223048
21166	0.33064565
21167	0.32959694
21168	0.32909337
21169	0.32913792
21170	0.32972702
21171	0.33084866
21172	0.33248097
21173	0.33459049
21174	0.33712998
21175	0.34003687
21176	0.34323153
21177	0.34661672
21178	0.35007775
21179	0.35348356
21180	0.35669044
21181	0.35954577
21182	0.36189479
21183	0.36358762
21184	0.36448672
21185	0.36447471
21186	0.36346027
21187	0.36138207
21188	0.35821128
21189	0.35394964
21190	0.34862727
21191	0.34229782
21192	0.33503202
21193	0.32691315
21194	0.31803125
21195	0.30847928
21196	0.29835185
21197	0.28774321
21198	0.27675080
21199	0.26547757
21200	0.25403854
21201	0.24256958
21202	0.23123665
21203	0.22025336
21204	0.20989689
21205	0.20053342
21206	0.19264987
21207	0.18689007
21208	0.18410590
21209	0.18541841
21210	0.19229412
21211	0.20664318
21212	0.23093735
21213	0.26836887
21214	0.32307291
21215	0.40045381
21216	0.50776231
21217	0.65514374
21218	0.85777551
21219	1.14050269
21220	1.54890037
21221	2.17949629
21222	3.28213549
21223	NaN
21224	NaN
21225	NaN
21226	NaN
21227	NaN
21228	NaN
21229	NaN
21230	NaN
21231	NaN
21232	NaN
21233	NaN
21234	NaN
21235	NaN
21236	NaN
21237	NaN
21238	NaN
21239	NaN
21240	NaN
21241	NaN
21242	NaN
21243	NaN
21244	NaN
21245	NaN
21246	NaN
21247	NaN
21248	NaN
21249	NaN
21250	NaN
21251	NaN
21252	NaN
21253	NaN
21254	NaN
21255	NaN
21256	NaN
21257	NaN
21258	NaN
21259	NaN
21260	NaN
21261	NaN
21262	NaN
21263	NaN
21264	NaN
21265	NaN
21266	NaN
21267	NaN
21268	NaN
21269	NaN
21270	NaN
21271	NaN
21272	NaN
21273	NaN
21274	NaN
21275	NaN
21276	NaN
21277	NaN
21278	NaN
21279	NaN
21280	NaN
21281	NaN
21282	NaN
21283	NaN
21284	NaN
21285	NaN
21286	NaN
21287	NaN
21288	NaN
21289	NaN
21290	NaN
21291	NaN
21292	NaN
21293	NaN
21294	NaN
21295	NaN
21296	NaN
21297	NaN
21298	NaN
21299	NaN
21300	NaN
21301	NaN
21302	NaN
21303	NaN
21304	NaN
21305	NaN
21306	NaN
21307	NaN
21308	NaN
21309	NaN
21310	NaN
21311	NaN
21312	NaN
21313	2.44013810
21314	1.40495944
21315	1.11620128
21316	0.98382384
21317	0.90993029
21318	0.86417717
21319	0.83407146
21320	0.81352437
21321	0.79921234
21322	0.78916687
21323	0.78214836
21324	0.77733892
21325	0.77417845
21326	0.77227223
21327	0.77133590
21328	0.77116114
21329	0.77159303
21330	0.77251530
21331	0.77383929
21332	0.77549654
21333	0.77743250
21334	0.77960217
21335	0.78196621
21336	0.78448772
21337	0.78713000
21338	0.78985447
21339	0.79261893
21340	0.79537636
21341	0.79807413
21342	0.80065358
21343	0.80304927
21344	0.80519015
21345	0.80699921
21346	0.80839586
21347	0.80929685
21348	0.80961895
21349	0.80928236
21350	0.80821329
21351	0.80634892
21352	0.80364096
21353	0.80005980
21354	0.79559851
21355	0.79027563
21356	0.78413749
21357	0.77725893
21358	0.76974195
21359	0.76171362
21360	0.75332183
21361	0.74472970
21362	0.73610920
21363	0.72763431
21364	0.71947426
21365	0.71178663
21366	0.70471251
21367	0.69837159
21368	0.69285893
21369	0.68824339
21370	0.68456608
21371	0.68184084
21372	0.68005520
21373	0.67917138
21374	0.67912853
21375	0.67984492
21376	0.68122035
21377	0.68313915
21378	0.68547320
21379	0.68808490
21380	0.69083136
21381	0.69356775
21382	0.69615185
21383	0.69844794
21384	0.70033121
21385	0.70169204
21386	0.70243925
21387	0.70250314
21388	0.70183778
21389	0.70042163
21390	0.69825745
21391	0.69537079
21392	0.69180781
21393	0.68763161
21394	0.68291867
21395	0.67775428
21396	0.67222887
21397	0.66643357
21398	0.66045743
21399	0.65438437
21400	0.64829111
21401	0.64224613
21402	0.63630879
21403	0.63052917
21404	0.62494856
21405	0.61959970
21406	0.61450815
21407	0.60969245
21408	0.60516584
21409	0.60093647
21410	0.59700859
21411	0.59338266
21412	0.59005606
21413	0.58702332
21414	0.58427572
21415	0.58180177
21416	0.57958639
21417	0.57761145
21418	0.57585508
21419	0.57429200
21420	0.57289344
21421	0.57162744
21422	0.57045919
21423	0.56935161
21424	0.56826603
21425	0.56716287
21426	0.56600255
21427	0.56474656
21428	0.56335807
21429	0.56180322
21430	0.56005174
21431	0.55807781
21432	0.55586106
21433	0.55338669
21434	0.55064613
21435	0.54763728
21436	0.54436463
21437	0.54083902
21438	0.53707767
21439	0.53310341
21440	0.52894461
21441	0.52463406
21442	0.52020842
21443	0.51570731
21444	0.51117212
21445	0.50664496
21446	0.50216782
21447	0.49778113
21448	0.49352258
21449	0.48942634
21450	0.48552200
21451	0.48183349
21452	0.47837877
21453	0.47516948
21454	0.47221056
21455	0.46950030
21456	0.46703115
21457	0.46478984
21458	0.46275803
21459	0.46091327
21460	0.45922953
21461	0.45767814
21462	0.45622829
21463	0.45484769
21464	0.45350313
21465	0.45216092
21466	0.45078737
21467	0.44934905
21468	0.44781330
21469	0.44614863
21470	0.44432497
21471	0.44231415
21472	0.44009042
21473	0.43763083
21474	0.43491614
21475	0.43193093
21476	0.42866468
21477	0.42511222
21478	0.42127416
21479	0.41715777
21480	0.41277704
21481	0.40815273
21482	0.40331265
21483	0.39829081
21484	0.39312723
21485	0.38786691
21486	0.38255867
21487	0.37725431
21488	0.37200722
21489	0.36687151
21490	0.36190084
21491	0.35714754
21492	0.35266200
21493	0.34849182
21494	0.34468138
21495	0.34127146
21496	0.33829853
21497	0.33579478
21498	0.33378693
21499	0.33229640
21500	0.33133814
21501	0.33091983
21502	0.33104125
21503	0.33169284
21504	0.33285475
21505	0.33449572
21506	0.33657175
21507	0.33902556
21508	0.34178555
21509	0.34476614
21510	0.34786853
21511	0.35098156
21512	0.35398474
21513	0.35675135
21514	0.35915208
21515	0.36106020
21516	0.36235580
21517	0.36293098
21518	0.36269325
21519	0.36156914
21520	0.35950619
21521	0.35647357
21522	0.35246176
21523	0.34748152
21524	0.34156093
21525	0.33474398
21526	0.32708710
21527	0.31865707
21528	0.30952996
21529	0.29978859
21530	0.28952438
21531	0.27883691
21532	0.26783675
21533	0.25664878
21534	0.24541475
21535	0.23430002
21536	0.22349712
21537	0.21323188
21538	0.20376843
21539	0.19541287
21540	0.18851678
21541	0.18347739
21542	0.18073642
21543	0.18077648
21544	0.18411231
21545	0.19128315
21546	0.20284341
21547	0.21935169
21548	0.24137051
21549	0.26946974
21550	0.30424407
21551	0.34635264
21552	0.39657882
21553	0.45593569
21554	0.52582049
21555	0.60826051
21556	0.70631409
21557	0.82475346
21558	0.97132957
21559	1.15928435
21560	1.41293097
21561	1.78174829
21562	2.38348985
21563	3.58250666
21564	NaN
21565	NaN
21566	NaN
21567	NaN
21568	NaN
21569	NaN
21570	NaN
21571	NaN
21572	NaN
21573	NaN
21574	NaN
21575	NaN
21576	NaN
21577	NaN
21578	NaN
21579	NaN
21580	NaN
21581	NaN
21582	NaN
21583	NaN
21584	NaN
21585	NaN
21586	NaN
21587	NaN
21588	NaN
21589	NaN
21590	NaN
21591	NaN
21592	NaN
21593	NaN
21594	NaN
21595	NaN
21596	NaN
21597	NaN
21598	NaN
21599	NaN
21600	NaN
21601	NaN
21602	NaN
21603	NaN
21604	NaN
21605	NaN
21606	NaN
21607	NaN
21608	NaN
21609	NaN
21610	NaN
21611	NaN
21612	NaN
21613	NaN
21614	NaN
21615	NaN
21616	NaN
21617	NaN
21618	NaN
21619	NaN
21620	NaN
21621	NaN
21622	NaN
21623	NaN
21624	NaN
21625	NaN
21626	NaN
21627	NaN
21628	NaN
21629	NaN
21630	NaN
21631	NaN
21632	NaN
21633	NaN
21634	NaN
21635	NaN
21636	NaN
21637	NaN
21638	NaN
21639	NaN
21640	NaN
21641	NaN
21642	NaN
21643	NaN
21644	NaN
21645	NaN
21646	NaN
21647	NaN
21648	1.90798521
21649	1.31537402
21650	1.09322369
21651	0.97939610
21652	0.91176468
21653	0.86800134
21654	0.83810008
21655	0.81690574
21656	0.80149168
21657	0.79007441
21658	0.78150719
21659	0.77502084
21660	0.77008319
21661	0.76631641
21662	0.76344723
21663	0.76127523
21664	0.75965154
21665	0.75846511
21666	0.75763261
21667	0.75709087
21668	0.75679213
21669	0.75669909
21670	0.75678229
21671	0.75701737
21672	0.75738239
21673	0.75785643
21674	0.75841779
21675	0.75904250
21676	0.75970328
21677	0.76036847
21678	0.76100117
21679	0.76155859
21680	0.76199192
21681	0.76224607
21682	0.76226032
21683	0.76196915
21684	0.76130360
21685	0.76019365
21686	0.75857061
21687	0.75637114
21688	0.75354081
21689	0.75003874
21690	0.74584234
21691	0.74095088
21692	0.73538917
21693	0.72921002
21694	0.72249371
21695	0.71534687
21696	0.70789921
21697	0.70029777
21698	0.69270074
21699	0.68526995
21700	0.67816377
21701	0.67153025
21702	0.66550136
21703	0.66018838
21704	0.65567881
21705	0.65203458
21706	0.64929134
21707	0.64745891
21708	0.64652187
21709	0.64644128
21710	0.64715624
21711	0.64858580
21712	0.65063059
21713	0.65317547
21714	0.65609145
21715	0.65923810
21716	0.66246700
21717	0.66562480
21718	0.66855741
21719	0.67111462
21720	0.67315489
21721	0.67455101
21722	0.67519492
21723	0.67500287
21724	0.67391902
21725	0.67191833
21726	0.66900694
21727	0.66522199
21728	0.66062808
21729	0.65531379
21730	0.64938587
21731	0.64296293
21732	0.63617015
21733	0.62913233
21734	0.62196988
21735	0.61479437
21736	0.60770559
21737	0.60079044
21738	0.59412152
21739	0.58775800
21740	0.58174562
21741	0.57611853
21742	0.57090014
21743	0.56610501
21744	0.56173980
21745	0.55780488
21746	0.55429512
21747	0.55120075
21748	0.54850787
21749	0.54619890
21750	0.54425251
21751	0.54264379
21752	0.54134423
21753	0.54032141
21754	0.53953922
21755	0.53895783
21756	0.53853399
21757	0.53822106
21758	0.53797024
21759	0.53773052
21760	0.53745049
21761	0.53707844
21762	0.53656429
21763	0.53586018
21764	0.53492200
21765	0.53371018
21766	0.53219086
21767	0.53033644
21768	0.52812648
21769	0.52554768
21770	0.52259469
21771	0.51926994
21772	0.51558363
21773	0.51155365
21774	0.50720549
21775	0.50257146
21776	0.49769074
21777	0.49260840
21778	0.48737478
21779	0.48204458
21780	0.47667554
21781	0.47132754
21782	0.46606079
21783	0.46093428
21784	0.45600414
21785	0.45132178
21786	0.44693223
21787	0.44287261
21788	0.43917096
21789	0.43584517
21790	0.43290266
21791	0.43034041
21792	0.42814490
21793	0.42629337
21794	0.42475450
21795	0.42348969
21796	0.42245466
21797	0.42160049
21798	0.42087534
21799	0.42022577
21800	0.41959766
21801	0.41893774
21802	0.41819429
21803	0.41731828
21804	0.41626418
21805	0.41499048
21806	0.41346079
21807	0.41164413
21808	0.40951562
21809	0.40705699
21810	0.40425682
21811	0.40111098
21812	0.39762264
21813	0.39380231
21814	0.38966766
21815	0.38524324
21816	0.38056001
21817	0.37565470
21818	0.37056890
21819	0.36534825
21820	0.36004135
21821	0.35469872
21822	0.34937152
21823	0.34411040
21824	0.33896479
21825	0.33398145
21826	0.32920411
21827	0.32467273
21828	0.32042301
21829	0.31648618
21830	0.31288895
21831	0.30965322
21832	0.30679655
21833	0.30433169
21834	0.30226690
21835	0.30060577
21836	0.29934692
21837	0.29848373
21838	0.29800338
21839	0.29788667
21840	0.29810691
21841	0.29862911
21842	0.29940939
21843	0.30039409
21844	0.30152026
21845	0.30271542
21846	0.30389875
21847	0.30498317
21848	0.30587745
21849	0.30648953
21850	0.30673036
21851	0.30651748
21852	0.30577928
21853	0.30445766
21854	0.30251083
21855	0.29991451
21856	0.29666170
21857	0.29276258
21858	0.28824180
21859	0.28313655
21860	0.27749464
21861	0.27137080
21862	0.26482657
21863	0.25792831
21864	0.25074732
21865	0.24336168
21866	0.23585661
21867	0.22832923
21868	0.22089128
21869	0.21367417
21870	0.20683442
21871	0.20055801
21872	0.19506687
21873	0.19062223
21874	0.18752852
21875	0.18613426
21876	0.18682890
21877	0.19003598
21878	0.19620213
21879	0.20577629
21880	0.21919009
21881	0.23682828
21882	0.25900370
21883	0.28593743
21884	0.31774414
21885	0.35444331
21886	0.39598125
21887	0.44228172
21888	0.49332073
21889	0.54921782
21890	0.61036479
21891	0.67758930
21892	0.75239521
21893	0.83734709
21894	0.93675643
21895	1.05801988
21896	1.21452701
21897	1.43278325
21898	1.77318776
21899	2.40906620
21900	NaN
21901	NaN
21902	NaN
21903	NaN
21904	NaN
21905	NaN
21906	NaN
21907	NaN
21908	NaN
21909	NaN
21910	NaN
21911	NaN
21912	NaN
21913	NaN
21914	NaN
21915	NaN
21916	NaN
21917	NaN
21918	NaN
21919	NaN
21920	NaN
21921	NaN
21922	NaN
21923	NaN
21924	NaN
21925	NaN
21926	NaN
21927	NaN
21928	NaN
21929	NaN
21930	NaN
21931	NaN
21932	NaN
21933	NaN
21934	NaN
21935	NaN
21936	NaN
21937	NaN
21938	NaN
21939	NaN
21940	NaN
21941	NaN
21942	NaN
21943	NaN
21944	NaN
21945	NaN
21946	NaN
21947	NaN
21948	NaN
21949	NaN
21950	NaN
21951	NaN
21952	NaN
21953	NaN
21954	NaN
21955	NaN
21956	NaN
21957	NaN
21958	NaN
21959	NaN
21960	NaN
21961	NaN
21962	NaN
21963	NaN
21964	NaN
21965	NaN
21966	NaN
21967	NaN
21968	NaN
21969	NaN
21970	NaN
21971	NaN
21972	NaN
21973	NaN
21974	NaN
21975	NaN
21976	NaN
21977	1.93093419
21978	1.32390451
21979	1.09594476
21980	0.97837061
21981	0.90788829
21982	0.86181754
21983	0.83001423
21984	0.80725747
21985	0.79058290
21986	0.77818149
21987	0.76888633
21988	0.76191127
21989	0.75670755
21990	0.75288224
21991	0.75014681
21992	0.74828601
21993	0.74713659
21994	0.74657315
21995	0.74649811
21996	0.74683386
21997	0.74751782
21998	0.74849749
21999	0.74972755
22000	0.75116664
22001	0.75277525
22002	0.75451374
22003	0.75634068
22004	0.75821143
22005	0.76007718
22006	0.76188391
22007	0.76357192
22008	0.76507574
22009	0.76632404
22010	0.76724088
22011	0.76774693
22012	0.76776117
22013	0.76720440
22014	0.76600170
22015	0.76408684
22016	0.76140636
22017	0.75792372
22018	0.75362366
22019	0.74851543
22020	0.74263555
22021	0.73604888
22022	0.72884786
22023	0.72115064
22024	0.71309710
22025	0.70484310
22026	0.69655484
22027	0.68840098
22028	0.68054640
22029	0.67314541
22030	0.66633618
22031	0.66023612
22032	0.65493870
22033	0.65051162
22034	0.64699560
22035	0.64440489
22036	0.64272761
22037	0.64192766
22038	0.64194602
22039	0.64270365
22040	0.64410311
22041	0.64603180
22042	0.64836442
22043	0.65096664
22044	0.65369827
22045	0.65641743
22046	0.65898412
22047	0.66126502
22048	0.66313726
22049	0.66449285
22050	0.66524160
22051	0.66531456
22052	0.66466558
22053	0.66327232
22054	0.66113645
22055	0.65828162
22056	0.65475178
22057	0.65060800
22058	0.64592451
22059	0.64078522
22060	0.63527954
22061	0.62949890
22062	0.62353337
22063	0.61746883
22064	0.61138529
22065	0.60535485
22066	0.59944093
22067	0.59369808
22068	0.58817160
22069	0.58289808
22070	0.57790571
22071	0.57321537
22072	0.56884116
22073	0.56479096
22074	0.56106776
22075	0.55766952
22076	0.55459005
22077	0.55181915
22078	0.54934287
22079	0.54714364
22080	0.54519999
22081	0.54348719
22082	0.54197687
22083	0.54063761
22084	0.53943509
22085	0.53833276
22086	0.53729224
22087	0.53627455
22088	0.53523993
22089	0.53414989
22090	0.53296685
22091	0.53165573
22092	0.53018427
22093	0.52852386
22094	0.52665001
22095	0.52454305
22096	0.52218813
22097	0.51957607
22098	0.51670313
22099	0.51357138
22100	0.51018852
22101	0.50656801
22102	0.50272870
22103	0.49869445
22104	0.49449420
22105	0.49016050
22106	0.48572966
22107	0.48124039
22108	0.47673291
22109	0.47224811
22110	0.46782610
22111	0.46350524
22112	0.45932078
22113	0.45530403
22114	0.45148104
22115	0.44787234
22116	0.44449186
22117	0.44134694
22118	0.43843839
22119	0.43576032
22120	0.43330076
22121	0.43104225
22122	0.42896235
22123	0.42703462
22124	0.42522913
22125	0.42351380
22126	0.42185482
22127	0.42021784
22128	0.41856867
22129	0.41687417
22130	0.41510284
22131	0.41322568
22132	0.41121635
22133	0.40905190
22134	0.40671277
22135	0.40418309
22136	0.40145081
22137	0.39850742
22138	0.39534843
22139	0.39197293
22140	0.38838395
22141	0.38458854
22142	0.38059768
22143	0.37642673
22144	0.37209532
22145	0.36762738
22146	0.36305124
22147	0.35839891
22148	0.35370603
22149	0.34901083
22150	0.34435362
22151	0.33977565
22152	0.33531848
22153	0.33102268
22154	0.32692730
22155	0.32306886
22156	0.31948093
22157	0.31619331
22158	0.31323171
22159	0.31061769
22160	0.30836794
22161	0.30649453
22162	0.30500448
22163	0.30389962
22164	0.30317628
22165	0.30282456
22166	0.30282840
22167	0.30316442
22168	0.30380160
22169	0.30470046
22170	0.30581260
22171	0.30708084
22172	0.30843878
22173	0.30981162
22174	0.31111762
22175	0.31226891
22176	0.31317466
22177	0.31374317
22178	0.31388491
22179	0.31351599
22180	0.31256074
22181	0.31095445
22182	0.30864576
22183	0.30559763
22184	0.30178878
22185	0.29721382
22186	0.29188246
22187	0.28581956
22188	0.27906281
22189	0.27166298
22190	0.26368171
22191	0.25519037
22192	0.24627006
22193	0.23700978
22194	0.22750783
22195	0.21787083
22196	0.20821527
22197	0.19866975
22198	0.18937548
22199	0.18049140
22200	0.17219603
22201	0.16469178
22202	0.15820922
22203	0.15301077
22204	0.14939371
22205	0.14769460
22206	0.14828834
22207	0.15159167
22208	0.15806097
22209	0.16819261
22210	0.18252374
22211	0.20163201
22212	0.22614671
22213	0.25676164
22214	0.29426712
22215	0.33960405
22216	0.39394826
22217	0.45885992
22218	0.53651822
22219	0.63012916
22220	0.74464500
22221	0.88811678
22222	1.07448018
22223	1.32986975
22224	1.70921075
22225	2.34995747
22226	3.71770287
22227	NaN
22228	NaN
22229	NaN
22230	NaN
22231	NaN
22232	NaN
22233	NaN
22234	NaN
22235	NaN
22236	NaN
22237	NaN
22238	NaN
22239	NaN
22240	NaN
22241	NaN
22242	NaN
22243	NaN
22244	NaN
22245	NaN
22246	NaN
22247	NaN
22248	NaN
22249	NaN
22250	NaN
22251	NaN
22252	NaN
22253	NaN
22254	NaN
22255	NaN
22256	NaN
22257	NaN
22258	NaN
22259	NaN
22260	NaN
22261	NaN
22262	NaN
22263	NaN
22264	NaN
22265	NaN
22266	NaN
22267	NaN
22268	NaN
22269	NaN
22270	NaN
22271	NaN
22272	NaN
22273	NaN
22274	NaN
22275	NaN
22276	NaN
22277	NaN
22278	NaN
22279	NaN
22280	NaN
22281	NaN
22282	NaN
22283	NaN
22284	NaN
22285	NaN
22286	NaN
22287	NaN
22288	NaN
22289	NaN
22290	NaN
22291	NaN
22292	NaN
22293	NaN
22294	NaN
22295	NaN
22296	NaN
22297	NaN
22298	NaN
22299	NaN
22300	NaN
22301	NaN
22302	NaN
22303	NaN
22304	NaN
22305	NaN
22306	NaN
22307	NaN
22308	NaN
22309	2.00011587
22310	1.29231775
22311	1.05283022
22312	0.93492091
22313	0.86631817
22314	0.82249373
22315	0.79281938
22316	0.77193713
22317	0.75685048
22318	0.74575198
22319	0.73748666
22320	0.73128271
22321	0.72660697
22322	0.72308046
22323	0.72042835
22324	0.71844834
22325	0.71698976
22326	0.71593893
22327	0.71520996
22328	0.71473718
22329	0.71446955
22330	0.71436703
22331	0.71439701
22332	0.71453190
22333	0.71474689
22334	0.71501839
22335	0.71532261
22336	0.71563441
22337	0.71592671
22338	0.71616954
22339	0.71632981
22340	0.71637142
22341	0.71625471
22342	0.71593726
22343	0.71537417
22344	0.71451932
22345	0.71332616
22346	0.71174943
22347	0.70974755
22348	0.70728433
22349	0.70433199
22350	0.70087337
22351	0.69690531
22352	0.69243997
22353	0.68750739
22354	0.68215573
22355	0.67645168
22356	0.67047888
22357	0.66433543
22358	0.65813059
22359	0.65198046
22360	0.64600325
22361	0.64031416
22362	0.63502067
22363	0.63021839
22364	0.62598753
22365	0.62239033
22366	0.61946911
22367	0.61724579
22368	0.61572176
22369	0.61487854
22370	0.61467856
22371	0.61506701
22372	0.61597341
22373	0.61731321
22374	0.61899036
22375	0.62089938
22376	0.62292773
22377	0.62495887
22378	0.62687498
22379	0.62856042
22380	0.62990487
22381	0.63080698
22382	0.63117778
22383	0.63094413
22384	0.63005126
22385	0.62846506
22386	0.62617320
22387	0.62318575
22388	0.61953372
22389	0.61526740
22390	0.61045331
22391	0.60517043
22392	0.59950632
22393	0.59355253
22394	0.58740073
22395	0.58113950
22396	0.57485110
22397	0.56860965
22398	0.56247991
22399	0.55651659
22400	0.55076450
22401	0.54525894
22402	0.54002678
22403	0.53508747
22404	0.53045380
22405	0.52613348
22406	0.52212971
22407	0.51844227
22408	0.51506776
22409	0.51200032
22410	0.50923175
22411	0.50675130
22412	0.50454569
22413	0.50259888
22414	0.50089163
22415	0.49940136
22416	0.49810180
22417	0.49696302
22418	0.49595153
22419	0.49503043
22420	0.49416009
22421	0.49329868
22422	0.49240327
22423	0.49143064
22424	0.49033856
22425	0.48908713
22426	0.48763940
22427	0.48596293
22428	0.48403037
22429	0.48182037
22430	0.47931796
22431	0.47651517
22432	0.47341117
22433	0.47001213
22434	0.46633139
22435	0.46238902
22436	0.45821145
22437	0.45383108
22438	0.44928533
22439	0.44461608
22440	0.43986863
22441	0.43509063
22442	0.43033075
22443	0.42563781
22444	0.42105865
22445	0.41663757
22446	0.41241437
22447	0.40842348
22448	0.40469280
22449	0.40124288
22450	0.39808631
22451	0.39522749
22452	0.39266276
22453	0.39038038
22454	0.38836145
22455	0.38658038
22456	0.38500580
22457	0.38360184
22458	0.38232893
22459	0.38114500
22460	0.38000667
22461	0.37887019
22462	0.37769246
22463	0.37643206
22464	0.37504980
22465	0.37350973
22466	0.37177971
22467	0.36983192
22468	0.36764356
22469	0.36519709
22470	0.36248076
22471	0.35948879
22472	0.35622168
22473	0.35268626
22474	0.34889540
22475	0.34486821
22476	0.34062943
22477	0.33620903
22478	0.33164179
22479	0.32696617
22480	0.32222369
22481	0.31745777
22482	0.31271267
22483	0.30803248
22484	0.30345988
22485	0.29903528
22486	0.29479581
22487	0.29077479
22488	0.28700137
22489	0.28350022
22490	0.28029159
22491	0.27739170
22492	0.27481279
22493	0.27256408
22494	0.27065185
22495	0.26907983
22496	0.26784980
22497	0.26696089
22498	0.26640981
22499	0.26619023
22500	0.26629159
22501	0.26669863
22502	0.26738974
22503	0.26833606
22504	0.26950023
22505	0.27083570
22506	0.27228618
22507	0.27378598
22508	0.27526087
22509	0.27662992
22510	0.27780819
22511	0.27871042
22512	0.27925470
22513	0.27936649
22514	0.27898335
22515	0.27805695
22516	0.27655673
22517	0.27446991
22518	0.27180186
22519	0.26857528
22520	0.26482737
22521	0.26060885
22522	0.25598091
22523	0.25101396
22524	0.24578778
22525	0.24039052
22526	0.23492278
22527	0.22950046
22528	0.22426142
22529	0.21937422
22530	0.21504971
22531	0.21155687
22532	0.20924284
22533	0.20856039
22534	0.21010497
22535	0.21466082
22536	0.22326647
22537	0.23730369
22538	0.25861299
22539	0.28966877
22540	0.33381572
22541	0.39563146
22542	0.48149133
22543	0.60050076
22544	0.76618224
22545	0.99976087
22546	1.33728456
22547	1.84702051
22548	2.67986083
22549	NaN
22550	NaN
22551	NaN
22552	NaN
22553	NaN
22554	NaN
22555	NaN
22556	NaN
22557	NaN
22558	NaN
22559	NaN
22560	NaN
22561	NaN
22562	NaN
22563	NaN
22564	NaN
22565	NaN
22566	NaN
22567	NaN
22568	NaN
22569	NaN
22570	NaN
22571	NaN
22572	NaN
22573	NaN
22574	NaN
22575	NaN
22576	NaN
22577	NaN
22578	NaN
22579	NaN
22580	NaN
22581	NaN
22582	NaN
22583	NaN
22584	NaN
22585	NaN
22586	NaN
22587	NaN
22588	NaN
22589	NaN
22590	NaN
22591	NaN
22592	NaN
22593	NaN
22594	NaN
22595	NaN
22596	NaN
22597	NaN
22598	NaN
22599	NaN
22600	NaN
22601	NaN
22602	NaN
22603	NaN
22604	NaN
22605	NaN
22606	NaN
22607	NaN
22608	NaN
22609	NaN
22610	NaN
22611	NaN
22612	NaN
22613	NaN
22614	NaN
22615	NaN
22616	NaN
22617	NaN
22618	NaN
22619	NaN
22620	NaN
22621	NaN
22622	NaN
22623	NaN
22624	NaN
22625	NaN
22626	NaN
22627	NaN
22628	NaN
22629	NaN
22630	NaN
22631	NaN
22632	NaN
22633	NaN
22634	NaN
22635	1.88579094
22636	1.22842324
22637	1.01960921
22638	0.91853970
22639	0.85992646
22640	0.82238317
22641	0.79683107
22642	0.77875531
22643	0.76565397
22644	0.75602752
22645	0.74892020
22646	0.74369401
22647	0.73990583
22648	0.73723823
22649	0.73545808
22650	0.73439002
22651	0.73390007
22652	0.73388356
22653	0.73425758
22654	0.73495466
22655	0.73591822
22656	0.73709959
22657	0.73845458
22658	0.73994130
22659	0.74151856
22660	0.74314409
22661	0.74477315
22662	0.74635828
22663	0.74784809
22664	0.74918753
22665	0.75031805
22666	0.75117785
22667	0.75170302
22668	0.75182909
22669	0.75149268
22670	0.75063378
22671	0.74919814
22672	0.74714047
22673	0.74442643
22674	0.74103642
22675	0.73696715
22676	0.73223448
22677	0.72687382
22678	0.72094125
22679	0.71451253
22680	0.70768148
22681	0.70055681
22682	0.69325876
22683	0.68591458
22684	0.67865330
22685	0.67160118
22686	0.66487664
22687	0.65858638
22688	0.65282190
22689	0.64765644
22690	0.64314371
22691	0.63931686
22692	0.63618827
22693	0.63375014
22694	0.63197595
22695	0.63082153
22696	0.63022733
22697	0.63012081
22698	0.63041848
22699	0.63102877
22700	0.63185483
22701	0.63279718
22702	0.63375676
22703	0.63463753
22704	0.63534939
22705	0.63581043
22706	0.63594908
22707	0.63570595
22708	0.63503534
22709	0.63390541
22710	0.63229907
22711	0.63021296
22712	0.62765718
22713	0.62465346
22714	0.62123394
22715	0.61743903
22716	0.61331528
22717	0.60891360
22718	0.60428715
22719	0.59948933
22720	0.59457266
22721	0.58958709
22722	0.58457899
22723	0.57959080
22724	0.57466000
22725	0.56981957
22726	0.56509757
22727	0.56051773
22728	0.55609941
22729	0.55185854
22730	0.54780751
22731	0.54395586
22732	0.54031050
22733	0.53687596
22734	0.53365415
22735	0.53064448
22736	0.52784389
22737	0.52524626
22738	0.52284253
22739	0.52062029
22740	0.51856393
22741	0.51665473
22742	0.51487052
22743	0.51318669
22744	0.51157606
22745	0.51000959
22746	0.50845701
22747	0.50688761
22748	0.50527066
22749	0.50357658
22750	0.50177735
22751	0.49984753
22752	0.49776471
22753	0.49551010
22754	0.49306932
22755	0.49043262
22756	0.48759538
22757	0.48455843
22758	0.48132801
22759	0.47791591
22760	0.47433922
22761	0.47062004
22762	0.46678489
22763	0.46286377
22764	0.45888948
22765	0.45489636
22766	0.45091930
22767	0.44699219
22768	0.44314709
22769	0.43941292
22770	0.43581450
22771	0.43237197
22772	0.42910010
22773	0.42600799
22774	0.42309931
22775	0.42037228
22776	0.41781995
22777	0.41543096
22778	0.41318992
22779	0.41107801
22780	0.40907398
22781	0.40715429
22782	0.40529424
22783	0.40346822
22784	0.40165055
22785	0.39981583
22786	0.39793956
22787	0.39599878
22788	0.39397213
22789	0.39184067
22790	0.38958788
22791	0.38720003
22792	0.38466626
22793	0.38197872
22794	0.37913248
22795	0.37612537
22796	0.37295809
22797	0.36963382
22798	0.36615825
22799	0.36253932
22800	0.35878760
22801	0.35491580
22802	0.35093951
22803	0.34687683
22804	0.34274870
22805	0.33857882
22806	0.33439341
22807	0.33022124
22808	0.32609284
22809	0.32204017
22810	0.31809586
22811	0.31429225
22812	0.31066120
22813	0.30723274
22814	0.30403501
22815	0.30109373
22816	0.29843163
22817	0.29606822
22818	0.29401994
22819	0.29229936
22820	0.29091558
22821	0.28987342
22822	0.28917325
22823	0.28881037
22824	0.28877422
22825	0.28904814
22826	0.28960833
22827	0.29042321
22828	0.29145348
22829	0.29265079
22830	0.29395899
22831	0.29531348
22832	0.29664227
22833	0.29786757
22834	0.29890636
22835	0.29967350
22836	0.30008352
22837	0.30005279
22838	0.29950276
22839	0.29836181
22840	0.29656702
22841	0.29406697
22842	0.29082158
22843	0.28680378
22844	0.28199938
22845	0.27640671
22846	0.27003723
22847	0.26291376
22848	0.25507185
22849	0.24655804
22850	0.23743103
22851	0.22776283
22852	0.21763834
22853	0.20715909
22854	0.19644403
22855	0.18563338
22856	0.17489249
22857	0.16441444
22858	0.15442772
22859	0.14519890
22860	0.13703978
22861	0.13031369
22862	0.12543985
22863	0.12289993
22864	0.12324361
22865	0.12709317
22866	0.13515274
22867	0.14821650
22868	0.16718695
22869	0.19310598
22870	0.22720133
22871	0.27097848
22872	0.32635713
22873	0.39591351
22874	0.48329607
22875	0.59394538
22876	0.73647690
22877	0.92544413
22878	1.18751311
22879	1.57722664
22880	2.22582507
22881	3.54749846
22882	NaN
22883	NaN
22884	NaN
22885	NaN
22886	NaN
22887	NaN
22888	NaN
22889	NaN
22890	NaN
22891	NaN
22892	NaN
22893	NaN
22894	NaN
22895	NaN
22896	NaN
22897	NaN
22898	NaN
22899	NaN
22900	NaN
22901	NaN
22902	NaN
22903	NaN
22904	NaN
22905	NaN
22906	NaN
22907	NaN
22908	NaN
22909	NaN
22910	NaN
22911	NaN
22912	NaN
22913	NaN
22914	NaN
22915	NaN
22916	NaN
22917	NaN
22918	NaN
22919	NaN
22920	NaN
22921	NaN
22922	NaN
22923	NaN
22924	NaN
22925	NaN
22926	NaN
22927	NaN
22928	NaN
22929	NaN
22930	NaN
22931	NaN
22932	NaN
22933	NaN
22934	NaN
22935	NaN
22936	NaN
22937	NaN
22938	NaN
22939	NaN
22940	NaN
22941	NaN
22942	NaN
22943	NaN
22944	NaN
22945	NaN
22946	NaN
22947	NaN
22948	NaN
22949	NaN
22950	NaN
22951	NaN
22952	NaN
22953	NaN
22954	NaN
22955	NaN
22956	NaN
22957	NaN
22958	NaN
22959	NaN
22960	NaN
22961	NaN
22962	NaN
22963	NaN
22964	NaN
22965	NaN
22966	NaN
22967	NaN
22968	NaN
22969	NaN
22970	NaN
22971	NaN
22972	NaN
22973	1.63965285
22974	1.14685535
22975	0.96278989
22976	0.86931789
22977	0.81446987
22978	0.77953035
22979	0.75610882
22980	0.73988545
22981	0.72841191
22982	0.72020024
22983	0.71429724
22984	0.71006638
22985	0.70706880
22986	0.70499444
22987	0.70361954
22988	0.70277971
22989	0.70235306
22990	0.70224726
22991	0.70239222
22992	0.70273352
22993	0.70322818
22994	0.70384115
22995	0.70454293
22996	0.70530736
22997	0.70610982
22998	0.70692563
22999	0.70772928
23000	0.70849293
23001	0.70918614
23002	0.70977455
23003	0.71022028
23004	0.71048117
23005	0.71051115
23006	0.71026081
23007	0.70967805
23008	0.70870978
23009	0.70730346
23010	0.70540988
23011	0.70298582
23012	0.69999772
23013	0.69642490
23014	0.69226295
23015	0.68752712
23016	0.68225420
23017	0.67650360
23018	0.67035699
23019	0.66391623
23020	0.65729970
23021	0.65063757
23022	0.64406610
23023	0.63772124
23024	0.63173330
23025	0.62622088
23026	0.62128693
23027	0.61701512
23028	0.61346787
23029	0.61068493
23030	0.60868323
23031	0.60745698
23032	0.60697889
23033	0.60720134
23034	0.60805756
23035	0.60946393
23036	0.61132127
23037	0.61351752
23038	0.61593008
23039	0.61842841
23040	0.62087750
23041	0.62314153
23042	0.62508768
23043	0.62659073
23044	0.62753749
23045	0.62783104
23046	0.62739527
23047	0.62617779
23048	0.62415260
23049	0.62132120
23050	0.61771196
23051	0.61337876
23052	0.60839713
23053	0.60286075
23054	0.59687537
23055	0.59055394
23056	0.58401138
23057	0.57735944
23058	0.57070279
23059	0.56413597
23060	0.55774105
23061	0.55158699
23062	0.54572886
23063	0.54020870
23064	0.53505641
23065	0.53029114
23066	0.52592283
23067	0.52195376
23068	0.51838028
23069	0.51519382
23070	0.51238191
23071	0.50992942
23072	0.50781846
23073	0.50602907
23074	0.50453907
23075	0.50332415
23076	0.50235754
23077	0.50160986
23078	0.50104916
23079	0.50064045
23080	0.50034606
23081	0.50012547
23082	0.49993581
23083	0.49973232
23084	0.49946883
23085	0.49909878
23086	0.49857581
23087	0.49785501
23088	0.49689412
23089	0.49565426
23090	0.49410138
23091	0.49220723
23092	0.48995003
23093	0.48731548
23094	0.48429728
23095	0.48089758
23096	0.47712696
23097	0.47300464
23098	0.46855807
23099	0.46382260
23100	0.45884055
23101	0.45366052
23102	0.44833609
23103	0.44292465
23104	0.43748590
23105	0.43208030
23106	0.42676747
23107	0.42160448
23108	0.41664425
23109	0.41193396
23110	0.40751368
23111	0.40341517
23112	0.39966124
23113	0.39626461
23114	0.39322856
23115	0.39054635
23116	0.38820210
23117	0.38617146
23118	0.38442266
23119	0.38291788
23120	0.38161433
23121	0.38046578
23122	0.37942398
23123	0.37843975
23124	0.37746432
23125	0.37645024
23126	0.37535208
23127	0.37412751
23128	0.37273747
23129	0.37114695
23130	0.36932537
23131	0.36724705
23132	0.36489165
23133	0.36224467
23134	0.35929775
23135	0.35604903
23136	0.35250375
23137	0.34867412
23138	0.34457916
23139	0.34024492
23140	0.33570364
23141	0.33099309
23142	0.32615581
23143	0.32123750
23144	0.31628639
23145	0.31135097
23146	0.30647942
23147	0.30171788
23148	0.29710960
23149	0.29269376
23150	0.28850555
23151	0.28457522
23152	0.28092879
23153	0.27758783
23154	0.27456987
23155	0.27188939
23156	0.26955754
23157	0.26758319
23158	0.26597264
23159	0.26472983
23160	0.26385579
23161	0.26334780
23162	0.26319897
23163	0.26339659
23164	0.26392099
23165	0.26474425
23166	0.26582843
23167	0.26712528
23168	0.26857504
23169	0.27010646
23170	0.27163771
23171	0.27307785
23172	0.27432913
23173	0.27529070
23174	0.27586254
23175	0.27595028
23176	0.27546886
23177	0.27434677
23178	0.27252918
23179	0.26997879
23180	0.26667678
23181	0.26262119
23182	0.25782523
23183	0.25231484
23184	0.24612498
23185	0.23929840
23186	0.23188229
23187	0.22392783
23188	0.21549079
23189	0.20663173
23190	0.19742177
23191	0.18794549
23192	0.17830977
23193	0.16865396
23194	0.15916120
23195	0.15007420
23196	0.14171283
23197	0.13449362
23198	0.12895226
23199	0.12576196
23200	0.12575258
23201	0.12992157
23202	0.13942717
23203	0.15557285
23204	0.17975765
23205	0.21341105
23206	0.25791419
23207	0.31451923
23208	0.38432199
23209	0.46830112
23210	0.56749636
23211	0.68337607
23212	0.81845474
23213	0.97735310
23214	1.16866577
23215	1.40866041
23216	1.72976172
23217	2.20352817
23218	3.01975965
23219	NaN
23220	NaN
23221	NaN
23222	NaN
23223	NaN
23224	NaN
23225	NaN
23226	NaN
23227	NaN
23228	NaN
23229	NaN
23230	NaN
23231	NaN
23232	NaN
23233	NaN
23234	NaN
23235	NaN
23236	NaN
23237	NaN
23238	NaN
23239	NaN
23240	NaN
23241	NaN
23242	NaN
23243	NaN
23244	NaN
23245	NaN
23246	NaN
23247	NaN
23248	NaN
23249	NaN
23250	NaN
23251	NaN
23252	NaN
23253	NaN
23254	NaN
23255	NaN
23256	NaN
23257	NaN
23258	NaN
23259	NaN
23260	NaN
23261	NaN
23262	NaN
23263	NaN
23264	NaN
23265	NaN
23266	NaN
23267	NaN
23268	NaN
23269	NaN
23270	NaN
23271	NaN
23272	NaN
23273	NaN
23274	NaN
23275	NaN
23276	NaN
23277	NaN
23278	NaN
23279	NaN
23280	NaN
23281	NaN
23282	NaN
23283	NaN
23284	NaN
23285	NaN
23286	NaN
23287	NaN
23288	NaN
23289	NaN
23290	NaN
23291	NaN
23292	NaN
23293	NaN
23294	NaN
23295	NaN
23296	NaN
23297	3.54462838
23298	1.49313664
23299	1.12889826
23300	0.97811806
23301	0.89652288
23302	0.84601712
23303	0.81217140
23304	0.78830534
23305	0.77089477
23306	0.75790000
23307	0.74805492
23308	0.74052978
23309	0.73475605
23310	0.73033112
23311	0.72696060
23312	0.72442466
23313	0.72255588
23314	0.72122484
23315	0.72033006
23316	0.71979111
23317	0.71954328
23318	0.71953380
23319	0.71971786
23320	0.72005689
23321	0.72051585
23322	0.72106111
23323	0.72165936
23324	0.72227609
23325	0.72287476
23326	0.72341603
23327	0.72385752
23328	0.72415364
23329	0.72425604
23330	0.72411400
23331	0.72367579
23332	0.72288978
23333	0.72170639
23334	0.72007996
23335	0.71797079
23336	0.71534801
23337	0.71219146
23338	0.70849419
23339	0.70426410
23340	0.69952536
23341	0.69431925
23342	0.68870360
23343	0.68275183
23344	0.67655110
23345	0.67019916
23346	0.66380107
23347	0.65746534
23348	0.65129977
23349	0.64540762
23350	0.63988364
23351	0.63481134
23352	0.63025975
23353	0.62628186
23354	0.62291306
23355	0.62017071
23356	0.61805427
23357	0.61654502
23358	0.61560839
23359	0.61519414
23360	0.61523890
23361	0.61566782
23362	0.61639702
23363	0.61733598
23364	0.61839026
23365	0.61946386
23366	0.62046242
23367	0.62129587
23368	0.62188077
23369	0.62214327
23370	0.62202096
23371	0.62146449
23372	0.62043911
23373	0.61892486
23374	0.61691684
23375	0.61442435
23376	0.61146969
23377	0.60808647
23378	0.60431755
23379	0.60021263
23380	0.59582609
23381	0.59121454
23382	0.58643490
23383	0.58154261
23384	0.57659000
23385	0.57162553
23386	0.56669265
23387	0.56182981
23388	0.55707014
23389	0.55244154
23390	0.54796690
23391	0.54366457
23392	0.53954864
23393	0.53562957
23394	0.53191435
23395	0.52840680
23396	0.52510780
23397	0.52201545
23398	0.51912510
23399	0.51642936
23400	0.51391798
23401	0.51157779
23402	0.50939274
23403	0.50734425
23404	0.50541091
23405	0.50356883
23406	0.50179231
23407	0.50005382
23408	0.49832469
23409	0.49657568
23410	0.49477759
23411	0.49290177
23412	0.49092102
23413	0.48881018
23414	0.48654687
23415	0.48411217
23416	0.48149118
23417	0.47867370
23418	0.47565454
23419	0.47243384
23420	0.46901724
23421	0.46541569
23422	0.46164554
23423	0.45772773
23424	0.45368776
23425	0.44955468
23426	0.44536063
23427	0.44113991
23428	0.43692809
23429	0.43276140
23430	0.42867523
23431	0.42470351
23432	0.42087740
23433	0.41722459
23434	0.41376799
23435	0.41052508
23436	0.40750730
23437	0.40471935
23438	0.40215939
23439	0.39981875
23440	0.39768252
23441	0.39573008
23442	0.39393583
23443	0.39227012
23444	0.39070031
23445	0.38919154
23446	0.38770813
23447	0.38621417
23448	0.38467458
23449	0.38305593
23450	0.38132691
23451	0.37945914
23452	0.37742749
23453	0.37521070
23454	0.37279132
23455	0.37015635
23456	0.36729717
23457	0.36420980
23458	0.36089471
23459	0.35735714
23460	0.35360658
23461	0.34965715
23462	0.34552696
23463	0.34123790
23464	0.33681554
23465	0.33228827
23466	0.32768741
23467	0.32304609
23468	0.31839904
23469	0.31378207
23470	0.30923110
23471	0.30478194
23472	0.30046949
23473	0.29632714
23474	0.29238647
23475	0.28867629
23476	0.28522289
23477	0.28204897
23478	0.27917382
23479	0.27661270
23480	0.27437669
23481	0.27247223
23482	0.27090114
23483	0.26965997
23484	0.26873988
23485	0.26812634
23486	0.26779881
23487	0.26773077
23488	0.26788941
23489	0.26823568
23490	0.26872486
23491	0.26930645
23492	0.26992521
23493	0.27052134
23494	0.27103227
23495	0.27139324
23496	0.27153906
23497	0.27140591
23498	0.27093241
23499	0.27006239
23500	0.26874563
23501	0.26694012
23502	0.26461312
23503	0.26174197
23504	0.25831482
23505	0.25433075
23506	0.24979946
23507	0.24474086
23508	0.23918399
23509	0.23316629
23510	0.22673339
23511	0.21993700
23512	0.21283615
23513	0.20549597
23514	0.19798799
23515	0.19039162
23516	0.18279356
23517	0.17529090
23518	0.16799168
23519	0.16101724
23520	0.15450540
23521	0.14861122
23522	0.14351177
23523	0.13940668
23524	0.13652115
23525	0.13510773
23526	0.13544603
23527	0.13784313
23528	0.14263195
23529	0.15016875
23530	0.16083203
23531	0.17501833
23532	0.19314225
23533	0.21564083
23534	0.24297547
23535	0.27565378
23536	0.31425157
23537	0.35945711
23538	0.41214284
23539	0.47346848
23540	0.54505455
23541	0.62925488
23542	0.72961885
23543	0.85171688
23544	1.00470781
23545	1.20461059
23546	1.48186719
23547	1.90183294
23548	2.63392234
23549	NaN
23550	NaN
23551	NaN
23552	NaN
23553	NaN
23554	NaN
23555	NaN
23556	NaN
23557	NaN
23558	NaN
23559	NaN
23560	NaN
23561	NaN
23562	NaN
23563	NaN
23564	NaN
23565	NaN
23566	NaN
23567	NaN
23568	NaN
23569	NaN
23570	NaN
23571	NaN
23572	NaN
23573	NaN
23574	NaN
23575	NaN
23576	NaN
23577	NaN
23578	NaN
23579	NaN
23580	NaN
23581	NaN
23582	NaN
23583	NaN
23584	NaN
23585	NaN
23586	NaN
23587	NaN
23588	NaN
23589	NaN
23590	NaN
23591	NaN
23592	NaN
23593	NaN
23594	NaN
23595	NaN
23596	NaN
23597	NaN
23598	NaN
23599	NaN
23600	NaN
23601	NaN
23602	NaN
23603	NaN
23604	NaN
23605	NaN
23606	NaN
23607	NaN
23608	NaN
23609	NaN
23610	NaN
23611	NaN
23612	NaN
23613	NaN
23614	NaN
23615	NaN
23616	NaN
23617	NaN
23618	NaN
23619	NaN
23620	NaN
23621	NaN
23622	NaN
23623	2.50777483
23624	1.46548688
23625	1.15761006
23626	1.01102412
23627	0.92575949
23628	0.87027258
23629	0.83146250
23630	0.80291480
23631	0.78112048
23632	0.76399976
23633	0.75024319
23634	0.73898661
23635	0.72963870
23636	0.72178209
23637	0.71511579
23638	0.70941842
23639	0.70452422
23640	0.70030797
23641	0.69667357
23642	0.69354659
23643	0.69086868
23644	0.68859309
23645	0.68668181
23646	0.68510318
23647	0.68382949
23648	0.68283588
23649	0.68209827
23650	0.68159276
23651	0.68129402
23652	0.68117470
23653	0.68120414
23654	0.68134791
23655	0.68156707
23656	0.68181765
23657	0.68205053
23658	0.68221176
23659	0.68224287
23660	0.68208212
23661	0.68166578
23662	0.68093044
23663	0.67981583
23664	0.67826742
23665	0.67624021
23666	0.67370147
23667	0.67063469
23668	0.66704160
23669	0.66294420
23670	0.65838480
23671	0.65342617
23672	0.64814907
23673	0.64264894
23674	0.63703227
23675	0.63141173
23676	0.62590110
23677	0.62061077
23678	0.61564308
23679	0.61108863
23680	0.60702294
23681	0.60350460
23682	0.60057318
23683	0.59824884
23684	0.59653175
23685	0.59540284
23686	0.59482461
23687	0.59474218
23688	0.59508538
23689	0.59577096
23690	0.59670454
23691	0.59778398
23692	0.59890211
23693	0.59994978
23694	0.60082012
23695	0.60141140
23696	0.60163081
23697	0.60139817
23698	0.60064876
23699	0.59933597
23700	0.59743285
23701	0.59493327
23702	0.59185153
23703	0.58822066
23704	0.58409077
23705	0.57952547
23706	0.57459819
23707	0.56938851
23708	0.56397796
23709	0.55844665
23710	0.55286998
23711	0.54731649
23712	0.54184616
23713	0.53650916
23714	0.53134614
23715	0.52638775
23716	0.52165574
23717	0.51716405
23718	0.51291949
23719	0.50892365
23720	0.50517333
23721	0.50166231
23722	0.49838188
23723	0.49532166
23724	0.49247020
23725	0.48981503
23726	0.48734295
23727	0.48503995
23728	0.48289102
23729	0.48088005
23730	0.47898954
23731	0.47720075
23732	0.47549322
23733	0.47384527
23734	0.47223377
23735	0.47063464
23736	0.46902281
23737	0.46737304
23738	0.46566010
23739	0.46385926
23740	0.46194708
23741	0.45990184
23742	0.45770419
23743	0.45533770
23744	0.45278943
23745	0.45005038
23746	0.44711575
23747	0.44398534
23748	0.44066352
23749	0.43715930
23750	0.43348634
23751	0.42966259
23752	0.42571002
23753	0.42165413
23754	0.41752347
23755	0.41334885
23756	0.40916279
23757	0.40499848
23758	0.40088886
23759	0.39686593
23760	0.39295948
23761	0.38919616
23762	0.38559863
23763	0.38218477
23764	0.37896684
23765	0.37595120
23766	0.37313789
23767	0.37052083
23768	0.36808798
23769	0.36582172
23770	0.36369964
23771	0.36169559
23772	0.35978016
23773	0.35792232
23774	0.35609004
23775	0.35425159
23776	0.35237646
23777	0.35043600
23778	0.34840447
23779	0.34625924
23780	0.34398150
23781	0.34155628
23782	0.33897284
23783	0.33622459
23784	0.33330899
23785	0.33022764
23786	0.32698590
23787	0.32359266
23788	0.32006016
23789	0.31640342
23790	0.31263992
23791	0.30878922
23792	0.30487245
23793	0.30091181
23794	0.29693022
23795	0.29295087
23796	0.28899664
23797	0.28508985
23798	0.28125203
23799	0.27750322
23800	0.27386209
23801	0.27034554
23802	0.26696843
23803	0.26374397
23804	0.26068321
23805	0.25779527
23806	0.25508758
23807	0.25256580
23808	0.25023386
23809	0.24809419
23810	0.24614754
23811	0.24439326
23812	0.24282850
23813	0.24144815
23814	0.24024481
23815	0.23920748
23816	0.23832203
23817	0.23757024
23818	0.23692939
23819	0.23637255
23820	0.23586771
23821	0.23537874
23822	0.23486552
23823	0.23428448
23824	0.23359033
23825	0.23273659
23826	0.23167834
23827	0.23037308
23828	0.22878283
23829	0.22687604
23830	0.22462800
23831	0.22202253
23832	0.21905178
23833	0.21571603
23834	0.21202360
23835	0.20798960
23836	0.20363562
23837	0.19898906
23838	0.19408189
23839	0.18895198
23840	0.18364209
23841	0.17820103
23842	0.17268550
23843	0.16716017
23844	0.16170134
23845	0.15639822
23846	0.15135577
23847	0.14669852
23848	0.14257163
23849	0.13914607
23850	0.13661987
23851	0.13522081
23852	0.13520892
23853	0.13687468
23854	0.14054058
23855	0.14655690
23856	0.15529855
23857	0.16716221
23858	0.18256152
23859	0.20192772
23860	0.22571839
23861	0.25443003
23862	0.28863668
23863	0.32904136
23864	0.37656918
23865	0.43251923
23866	0.49879810
23867	0.57833892
23868	0.67583776
23869	0.79920346
23870	0.96266210
23871	1.19426525
23872	1.55750310
23873	2.23185778
23874	NaN
23875	NaN
23876	NaN
23877	NaN
23878	NaN
23879	NaN
23880	NaN
23881	NaN
23882	NaN
23883	NaN
23884	NaN
23885	NaN
23886	NaN
23887	NaN
23888	NaN
23889	NaN
23890	NaN
23891	NaN
23892	NaN
23893	NaN
23894	NaN
23895	NaN
23896	NaN
23897	NaN
23898	NaN
23899	NaN
23900	NaN
23901	NaN
23902	NaN
23903	NaN
23904	NaN
23905	NaN
23906	NaN
23907	NaN
23908	NaN
23909	NaN
23910	NaN
23911	NaN
23912	NaN
23913	NaN
23914	NaN
23915	NaN
23916	NaN
23917	NaN
23918	NaN
23919	NaN
23920	NaN
23921	NaN
23922	NaN
23923	NaN
23924	NaN
23925	NaN
23926	NaN
23927	NaN
23928	NaN
23929	NaN
23930	NaN
23931	NaN
23932	NaN
23933	NaN
23934	NaN
23935	NaN
23936	NaN
23937	NaN
23938	NaN
23939	NaN
23940	NaN
23941	NaN
23942	NaN
23943	NaN
23944	NaN
23945	NaN
23946	NaN
23947	NaN
23948	NaN
23949	NaN
23950	NaN
23951	NaN
23952	NaN
23953	NaN
23954	1.41356456
23955	1.04919541
23956	0.90812540
23957	0.83523679
23958	0.79200774
23959	0.76429325
23960	0.74567717
23961	0.73282695
23962	0.72383922
23963	0.71754652
23964	0.71319288
23965	0.71026647
23966	0.70840853
23967	0.70736015
23968	0.70692992
23969	0.70697349
23970	0.70737994
23971	0.70806289
23972	0.70895350
23973	0.70999569
23974	0.71114236
23975	0.71235240
23976	0.71358818
23977	0.71481317
23978	0.71599078
23979	0.71708262
23980	0.71804774
23981	0.71884173
23982	0.71941662
23983	0.71972102
23984	0.71970040
23985	0.71929795
23986	0.71845645
23987	0.71711922
23988	0.71523303
23989	0.71275055
23990	0.70963305
23991	0.70585370
23992	0.70140016
23993	0.69627762
23994	0.69051093
23995	0.68414617
23996	0.67725104
23997	0.66991419
23998	0.66224355
23999	0.65436292
24000	0.64640796
24001	0.63852113
24002	0.63084596
24003	0.62352175
24004	0.61667812
24005	0.61043036
24006	0.60487586
24007	0.60009074
24008	0.59612894
24009	0.59302038
24010	0.59077173
24011	0.58936673
24012	0.58876741
24013	0.58891600
24014	0.58973658
24015	0.59113765
24016	0.59301430
24017	0.59525114
24018	0.59772491
24019	0.60030758
24020	0.60286969
24021	0.60528392
24022	0.60742837
24023	0.60919023
24024	0.61046934
24025	0.61118138
24026	0.61126024
24027	0.61066043
24028	0.60935789
24029	0.60735023
24030	0.60465616
24031	0.60131329
24032	0.59737605
24033	0.59291196
24034	0.58799839
24035	0.58271849
24036	0.57715791
24037	0.57140124
24038	0.56552929
24039	0.55961698
24040	0.55373144
24041	0.54793155
24042	0.54226720
24043	0.53677922
24044	0.53150034
24045	0.52645534
24046	0.52166224
24047	0.51713330
24048	0.51287550
24049	0.50889182
24050	0.50518143
24051	0.50174069
24052	0.49856278
24053	0.49563855
24054	0.49295616
24055	0.49050108
24056	0.48825642
24057	0.48620257
24058	0.48431763
24059	0.48257744
24060	0.48095590
24061	0.47942513
24062	0.47795621
24063	0.47651914
24064	0.47508359
24065	0.47361925
24066	0.47209650
24067	0.47048673
24068	0.46876281
24069	0.46690002
24070	0.46487632
24071	0.46267304
24072	0.46027544
24073	0.45767307
24074	0.45486045
24075	0.45183715
24076	0.44860834
24077	0.44518471
24078	0.44158235
24079	0.43782270
24080	0.43393210
24081	0.42994100
24082	0.42588341
24083	0.42179596
24084	0.41771677
24085	0.41368428
24086	0.40973604
24087	0.40590748
24088	0.40223056
24089	0.39873284
24090	0.39543620
24091	0.39235637
24092	0.38950229
24093	0.38687590
24094	0.38447222
24095	0.38227966
24096	0.38028061
24097	0.37845239
24098	0.37676784
24099	0.37519667
24100	0.37370649
24101	0.37226373
24102	0.37083513
24103	0.36938816
24104	0.36789241
24105	0.36632010
24106	0.36464664
24107	0.36285114
24108	0.36091661
24109	0.35882989
24110	0.35658175
24111	0.35416636
24112	0.35158125
24113	0.34882650
24114	0.34590459
24115	0.34282002
24116	0.33957860
24117	0.33618790
24118	0.33265653
24119	0.32899451
24120	0.32521322
24121	0.32132548
24122	0.31734586
24123	0.31329072
24124	0.30917841
24125	0.30502954
24126	0.30086669
24127	0.29671496
24128	0.29260167
24129	0.28855601
24130	0.28460878
24131	0.28079155
24132	0.27713576
24133	0.27367178
24134	0.27042770
24135	0.26742893
24136	0.26469666
24137	0.26224753
24138	0.26009339
24139	0.25824007
24140	0.25668734
24141	0.25542879
24142	0.25445092
24143	0.25373358
24144	0.25324938
24145	0.25296378
24146	0.25283560
24147	0.25281641
24148	0.25285241
24149	0.25288382
24150	0.25284705
24151	0.25267571
24152	0.25230205
24153	0.25165948
24154	0.25068426
24155	0.24931775
24156	0.24750866
24157	0.24521457
24158	0.24240413
24159	0.23905757
24160	0.23516755
24161	0.23073933
24162	0.22578986
24163	0.22034714
24164	0.21444875
24165	0.20814000
24166	0.20147347
24167	0.19450663
24168	0.18730135
24169	0.17992455
24170	0.17244679
24171	0.16494532
24172	0.15750495
24173	0.15022099
24174	0.14320344
24175	0.13657939
24176	0.13049960
24177	0.12514080
24178	0.12071087
24179	0.11745287
24180	0.11564469
24181	0.11560314
24182	0.11767957
24183	0.12225699
24184	0.12974484
24185	0.14056934
24186	0.15516396
24187	0.17395893
24188	0.19737081
24189	0.22579899
24190	0.25962389
24191	0.29921734
24192	0.34496996
24193	0.39733118
24194	0.45688564
24195	0.52445889
24196	0.60128677
24197	0.68927795
24198	0.79144180
24199	0.91265166
24200	1.06107664
24201	1.25118983
24202	1.51078391
24203	1.90020955
24204	2.57859421
24205	NaN
24206	NaN
24207	NaN
24208	NaN
24209	NaN
24210	NaN
24211	NaN
24212	NaN
24213	NaN
24214	NaN
24215	NaN
24216	NaN
24217	NaN
24218	NaN
24219	NaN
24220	NaN
24221	NaN
24222	NaN
24223	NaN
24224	NaN
24225	NaN
24226	NaN
24227	NaN
24228	NaN
24229	NaN
24230	NaN
24231	NaN
24232	NaN
24233	NaN
24234	NaN
24235	NaN
24236	NaN
24237	NaN
24238	NaN
24239	NaN
24240	NaN
24241	NaN
24242	NaN
24243	NaN
24244	NaN
24245	NaN
24246	NaN
24247	NaN
24248	NaN
24249	NaN
24250	NaN
24251	NaN
24252	NaN
24253	NaN
24254	NaN
24255	NaN
24256	NaN
24257	NaN
24258	NaN
24259	NaN
24260	NaN
24261	NaN
24262	NaN
24263	NaN
24264	NaN
24265	NaN
24266	NaN
24267	NaN
24268	NaN
24269	NaN
24270	NaN
24271	NaN
24272	NaN
24273	NaN
24274	NaN
24275	NaN
24276	NaN
24277	NaN
24278	NaN
24279	NaN
24280	NaN
24281	NaN
24282	NaN
24283	NaN
24284	NaN
24285	NaN
24286	NaN
24287	NaN
24288	NaN
24289	1.89470351
24290	1.15025842
24291	0.94296616
24292	0.84865940
24293	0.79643929
24294	0.76429176
24295	0.74315971
24296	0.72864062
24297	0.71834421
24298	0.71086586
24299	0.70533127
24300	0.70117188
24301	0.69800574
24302	0.69556981
24303	0.69368017
24304	0.69220632
24305	0.69105518
24306	0.69015992
24307	0.68947250
24308	0.68895793
24309	0.68859041
24310	0.68834972
24311	0.68821931
24312	0.68818408
24313	0.68822861
24314	0.68833619
24315	0.68848741
24316	0.68865979
24317	0.68882686
24318	0.68895763
24319	0.68901676
24320	0.68896383
24321	0.68875378
24322	0.68833780
24323	0.68766320
24324	0.68667507
24325	0.68531799
24326	0.68353766
24327	0.68128401
24328	0.67851371
24329	0.67519385
24330	0.67130560
24331	0.66684735
24332	0.66183823
24333	0.65632004
24334	0.65035844
24335	0.64404279
24336	0.63748348
24337	0.63080883
24338	0.62415957
24339	0.61768222
24340	0.61152273
24341	0.60581923
24342	0.60069603
24343	0.59625840
24344	0.59258866
24345	0.58974373
24346	0.58775437
24347	0.58662510
24348	0.58633518
24349	0.58684069
24350	0.58807635
24351	0.58995801
24352	0.59238499
24353	0.59524244
24354	0.59840429
24355	0.60173547
24356	0.60509527
24357	0.60833979
24358	0.61132663
24359	0.61391777
24360	0.61598438
24361	0.61741149
24362	0.61810201
24363	0.61798161
24364	0.61700147
24365	0.61514121
24366	0.61240977
24367	0.60884458
24368	0.60450929
24369	0.59948993
24370	0.59388953
24371	0.58782250
24372	0.58140838
24373	0.57476592
24374	0.56800842
24375	0.56123954
24376	0.55455077
24377	0.54801983
24378	0.54171067
24379	0.53567392
24380	0.52994817
24381	0.52456176
24382	0.51953447
24383	0.51487964
24384	0.51060528
24385	0.50671506
24386	0.50320917
24387	0.50008446
24388	0.49733421
24389	0.49494800
24390	0.49291128
24391	0.49120489
24392	0.48980448
24393	0.48868036
24394	0.48779714
24395	0.48711371
24396	0.48658374
24397	0.48615593
24398	0.48577514
24399	0.48538333
24400	0.48492098
24401	0.48432884
24402	0.48354918
24403	0.48252773
24404	0.48121548
24405	0.47956964
24406	0.47755527
24407	0.47514606
24408	0.47232500
24409	0.46908498
24410	0.46542850
24411	0.46136785
24412	0.45692438
24413	0.45212808
24414	0.44701663
24415	0.44163451
24416	0.43603206
24417	0.43026417
24418	0.42438948
24419	0.41846907
24420	0.41256511
24421	0.40673977
24422	0.40105394
24423	0.39556563
24424	0.39032874
24425	0.38539144
24426	0.38079500
24427	0.37657252
24428	0.37274793
24429	0.36933538
24430	0.36633879
24431	0.36375201
24432	0.36155909
24433	0.35973492
24434	0.35824645
24435	0.35705361
24436	0.35611078
24437	0.35536799
24438	0.35477224
24439	0.35426906
24440	0.35380322
24441	0.35332003
24442	0.35276648
24443	0.35209164
24444	0.35124788
24445	0.35019127
24446	0.34888244
24447	0.34728700
24448	0.34537625
24449	0.34312746
24450	0.34052455
24451	0.33755851
24452	0.33422750
24453	0.33053750
24454	0.32650220
24455	0.32214317
24456	0.31748942
24457	0.31257743
24458	0.30745006
24459	0.30215591
24460	0.29674822
24461	0.29128334
24462	0.28581941
24463	0.28041476
24464	0.27512628
24465	0.27000841
24466	0.26511154
24467	0.26048121
24468	0.25615761
24469	0.25217512
24470	0.24856260
24471	0.24534297
24472	0.24253416
24473	0.24014890
24474	0.23819548
24475	0.23667763
24476	0.23559445
24477	0.23494041
24478	0.23470449
24479	0.23486954
24480	0.23541124
24481	0.23629707
24482	0.23748504
24483	0.23892289
24484	0.24054702
24485	0.24228260
24486	0.24404410
24487	0.24573614
24488	0.24725653
24489	0.24849851
24490	0.24935590
24491	0.24972692
24492	0.24951942
24493	0.24865535
24494	0.24707429
24495	0.24473621
24496	0.24162185
24497	0.23773304
24498	0.23309025
24499	0.22773035
24500	0.22170299
24501	0.21506824
24502	0.20789284
24503	0.20025003
24504	0.19221725
24505	0.18387802
24506	0.17532368
24507	0.16665581
24508	0.15799271
24509	0.14947395
24510	0.14126837
24511	0.13358399
24512	0.12667584
24513	0.12086057
24514	0.11652620
24515	0.11414618
24516	0.11429252
24517	0.11764570
24518	0.12500361
24519	0.13728581
24520	0.15553401
24521	0.18090847
24522	0.21468264
24523	0.25824893
24524	0.31314775
24525	0.38113397
24526	0.46433836
24527	0.56556243
24528	0.68882704
24529	0.84038979
24530	1.03070474
24531	1.27852750
24532	1.62058496
24533	2.13832283
24534	3.05225396
24535	NaN
24536	NaN
24537	NaN
24538	NaN
24539	NaN
24540	NaN
24541	NaN
24542	NaN
24543	NaN
24544	NaN
24545	NaN
24546	NaN
24547	NaN
24548	NaN
24549	NaN
24550	NaN
24551	NaN
24552	NaN
24553	NaN
24554	NaN
24555	NaN
24556	NaN
24557	NaN
24558	NaN
24559	NaN
24560	NaN
24561	NaN
24562	NaN
24563	NaN
24564	NaN
24565	NaN
24566	NaN
24567	NaN
24568	NaN
24569	NaN
24570	NaN
24571	NaN
24572	NaN
24573	NaN
24574	NaN
24575	NaN
24576	NaN
24577	NaN
24578	NaN
24579	NaN
24580	NaN
24581	NaN
24582	NaN
24583	NaN
24584	NaN
24585	NaN
24586	NaN
24587	NaN
24588	NaN
24589	NaN
24590	NaN
24591	NaN
24592	NaN
24593	NaN
24594	NaN
24595	NaN
24596	NaN
24597	NaN
24598	NaN
24599	NaN
24600	NaN
24601	NaN
24602	NaN
24603	NaN
24604	NaN
24605	NaN
24606	NaN
24607	NaN
24608	NaN
24609	NaN
24610	NaN
24611	NaN
24612	NaN
24613	NaN
24614	NaN
24615	NaN
24616	NaN
24617	NaN
24618	NaN
24619	NaN
24620	2.96448565
24621	1.37879515
24622	1.05307055
24623	0.91647983
24624	0.84375954
24625	0.80022788
24626	0.77242851
24627	0.75403780
24628	0.74168742
24629	0.73341542
24630	0.72800052
24631	0.72464281
24632	0.72279620
24633	0.72207630
24634	0.72220576
24635	0.72298014
24636	0.72424680
24637	0.72588986
24638	0.72782099
24639	0.72997153
24640	0.73228729
24641	0.73472494
24642	0.73724794
24643	0.73982382
24644	0.74242216
24645	0.74501204
24646	0.74756038
24647	0.75003034
24648	0.75238025
24649	0.75456238
24650	0.75652260
24651	0.75820017
24652	0.75952810
24653	0.76043415
24654	0.76084238
24655	0.76067537
24656	0.75985742
24657	0.75831801
24658	0.75599581
24659	0.75284374
24660	0.74883288
24661	0.74395740
24662	0.73823792
24663	0.73172402
24664	0.72449559
24665	0.71666157
24666	0.70835775
24667	0.69974160
24668	0.69098657
24669	0.68227464
24670	0.67378855
24671	0.66570413
24672	0.65818322
24673	0.65136784
24674	0.64537549
24675	0.64029628
24676	0.63619083
24677	0.63309026
24678	0.63099641
24679	0.62988341
24680	0.62969971
24681	0.63037002
24682	0.63179845
24683	0.63387096
24684	0.63645828
24685	0.63941967
24686	0.64260596
24687	0.64586365
24688	0.64903885
24689	0.65198195
24690	0.65455186
24691	0.65662068
24692	0.65807772
24693	0.65883297
24694	0.65882027
24695	0.65799874
24696	0.65635359
24697	0.65389562
24698	0.65065914
24699	0.64669973
24700	0.64209020
24701	0.63691658
24702	0.63127375
24703	0.62526125
24704	0.61897904
24705	0.61252433
24706	0.60598814
24707	0.59945399
24708	0.59299588
24709	0.58667755
24710	0.58055276
24711	0.57466495
24712	0.56904864
24713	0.56373006
24714	0.55872774
24715	0.55405444
24716	0.54971743
24717	0.54571956
24718	0.54205996
24719	0.53873396
24720	0.53573364
24721	0.53304774
24722	0.53066146
24723	0.52855629
24724	0.52670997
24725	0.52509654
24726	0.52368629
24727	0.52244627
24728	0.52134049
24729	0.52033079
24730	0.51937735
24731	0.51843971
24732	0.51747757
24733	0.51645166
24734	0.51532447
24735	0.51406115
24736	0.51263028
24737	0.51100397
24738	0.50915897
24739	0.50707668
24740	0.50474375
24741	0.50215220
24742	0.49929997
24743	0.49619097
24744	0.49283516
24745	0.48924872
24746	0.48545367
24747	0.48147759
24748	0.47735307
24749	0.47311711
24750	0.46880996
24751	0.46447417
24752	0.46015337
24753	0.45589110
24754	0.45172903
24755	0.44770625
24756	0.44385773
24757	0.44021323
24758	0.43679643
24759	0.43362448
24760	0.43070745
24761	0.42804831
24762	0.42564288
24763	0.42348027
24764	0.42154342
24765	0.41980961
24766	0.41825137
24767	0.41683722
24768	0.41553253
24769	0.41430062
24770	0.41310334
24771	0.41190222
24772	0.41065904
24773	0.40933672
24774	0.40789992
24775	0.40631580
24776	0.40455443
24777	0.40258935
24778	0.40039796
24779	0.39796200
24780	0.39526772
24781	0.39230621
24782	0.38907361
24783	0.38557133
24784	0.38180640
24785	0.37779129
24786	0.37354425
24787	0.36908934
24788	0.36445603
24789	0.35967922
24790	0.35479859
24791	0.34985772
24792	0.34490368
24793	0.33998519
24794	0.33515233
24795	0.33045447
24796	0.32593951
24797	0.32165280
24798	0.31763580
24799	0.31392607
24800	0.31055611
24801	0.30755335
24802	0.30494031
24803	0.30273429
24804	0.30094767
24805	0.29958743
24806	0.29865566
24807	0.29814881
24808	0.29805723
24809	0.29836446
24810	0.29904664
24811	0.30007130
24812	0.30139711
24813	0.30297276
24814	0.30473703
24815	0.30661905
24816	0.30853841
24817	0.31040755
24818	0.31213269
24819	0.31361711
24820	0.31476417
24821	0.31548014
24822	0.31567854
24823	0.31528276
24824	0.31422886
24825	0.31246778
24826	0.30996579
24827	0.30670500
24828	0.30268234
24829	0.29790777
24830	0.29240268
24831	0.28619733
24832	0.27932888
24833	0.27184045
24834	0.26377895
24835	0.25519633
24836	0.24614900
24837	0.23669995
24838	0.22692141
24839	0.21689692
24840	0.20672715
24841	0.19653329
24842	0.18646292
24843	0.17669660
24844	0.16745155
24845	0.15898857
24846	0.15161389
24847	0.14568032
24848	0.14158586
24849	0.13976489
24850	0.14067779
24851	0.14479400
24852	0.15257308
24853	0.16444334
24854	0.18078250
24855	0.20190470
24856	0.22806023
24857	0.25944099
24858	0.29621336
24859	0.33855787
24860	0.38673517
24861	0.44117543
24862	0.50259358
24863	0.57217038
24864	0.65181202
24865	0.74459469
24866	0.85556632
24867	0.99330395
24868	1.17329085
24869	1.42616534
24870	1.82165551
24871	2.55906653
24872	NaN
24873	NaN
24874	NaN
24875	NaN
24876	NaN
24877	NaN
24878	NaN
24879	NaN
24880	NaN
24881	NaN
24882	NaN
24883	NaN
24884	NaN
24885	NaN
24886	NaN
24887	NaN
24888	NaN
24889	NaN
24890	NaN
24891	NaN
24892	NaN
24893	NaN
24894	NaN
24895	NaN
24896	NaN
24897	NaN
24898	NaN
24899	NaN
24900	NaN
24901	NaN
24902	NaN
24903	NaN
24904	NaN
24905	NaN
24906	NaN
24907	NaN
24908	NaN
24909	NaN
24910	NaN
24911	NaN
24912	NaN
24913	NaN
24914	NaN
24915	NaN
24916	NaN
24917	NaN
24918	NaN
24919	NaN
24920	NaN
24921	NaN
24922	NaN
24923	NaN
24924	NaN
24925	NaN
24926	NaN
24927	NaN
24928	NaN
24929	NaN
24930	NaN
24931	NaN
24932	NaN
24933	NaN
24934	NaN
24935	NaN
24936	NaN
24937	NaN
24938	NaN
24939	NaN
24940	NaN
24941	NaN
24942	NaN
24943	NaN
24944	NaN
24945	NaN
24946	NaN
24947	NaN
24948	NaN
24949	NaN
24950	NaN
24951	NaN
24952	NaN
24953	NaN
24954	NaN
24955	NaN
24956	NaN
24957	1.94494116
24958	1.26704419
24959	1.04718578
24960	0.94107759
24961	0.88011277
24962	0.84146553
24963	0.81537056
24964	0.79695708
24965	0.78352952
24966	0.77348024
24967	0.76579523
24968	0.75980824
24969	0.75506675
24970	0.75125599
24971	0.74815321
24972	0.74559915
24973	0.74347854
24974	0.74170756
24975	0.74022526
24976	0.73898673
24977	0.73795885
24978	0.73711622
24979	0.73643881
24980	0.73590940
24981	0.73551196
24982	0.73522985
24983	0.73504490
24984	0.73493600
24985	0.73487836
24986	0.73484272
24987	0.73479438
24988	0.73469329
24989	0.73449326
24990	0.73414201
24991	0.73358160
24992	0.73274928
24993	0.73157859
24994	0.73000163
24995	0.72795165
24996	0.72536665
24997	0.72219390
24998	0.71839422
24999	0.71394759
25000	0.70885742
25001	0.70315468
25002	0.69690031
25003	0.69018513
25004	0.68312871
25005	0.67587423
25006	0.66858250
25007	0.66142350
25008	0.65456784
25009	0.64817816
25010	0.64240098
25011	0.63736087
25012	0.63315535
25013	0.62985295
25014	0.62749171
25015	0.62607962
25016	0.62559646
25017	0.62599546
25018	0.62720585
25019	0.62913543
25020	0.63167334
25021	0.63469231
25022	0.63805157
25023	0.64159995
25024	0.64517844
25025	0.64862466
25026	0.65177608
25027	0.65447545
25028	0.65657520
25029	0.65794355
25030	0.65846956
25031	0.65806836
25032	0.65668565
25033	0.65430045
25034	0.65092635
25035	0.64661133
25036	0.64143407
25037	0.63550019
25038	0.62893546
25039	0.62187904
25040	0.61447632
25041	0.60687172
25042	0.59920311
25043	0.59159666
25044	0.58416373
25045	0.57699901
25046	0.57017952
25047	0.56376553
25048	0.55780107
25049	0.55231601
25050	0.54732758
25051	0.54284269
25052	0.53885925
25053	0.53536797
25054	0.53235358
25055	0.52979583
25056	0.52767009
25057	0.52594775
25058	0.52459651
25059	0.52358049
25060	0.52286029
25061	0.52239281
25062	0.52213198
25063	0.52202857
25064	0.52203089
25065	0.52208561
25066	0.52213830
25067	0.52213478
25068	0.52202201
25069	0.52174902
25070	0.52126825
25071	0.52053654
25072	0.51951569
25073	0.51817334
25074	0.51648349
25075	0.51442701
25076	0.51199174
25077	0.50917292
25078	0.50597310
25079	0.50240219
25080	0.49847749
25081	0.49422354
25082	0.48967174
25083	0.48486015
25084	0.47983271
25085	0.47463870
25086	0.46933174
25087	0.46396893
25088	0.45860928
25089	0.45331270
25090	0.44813818
25091	0.44314232
25092	0.43837786
25093	0.43389186
25094	0.42972437
25095	0.42590714
25096	0.42246243
25097	0.41940248
25098	0.41672900
25099	0.41443348
25100	0.41249710
25101	0.41089213
25102	0.40958256
25103	0.40852562
25104	0.40767312
25105	0.40697312
25106	0.40637127
25107	0.40581229
25108	0.40524125
25109	0.40460476
25110	0.40385190
25111	0.40293521
25112	0.40181115
25113	0.40044090
25114	0.39879054
25115	0.39683151
25116	0.39454085
25117	0.39190161
25118	0.38890290
25119	0.38554052
25120	0.38181695
25121	0.37774199
25122	0.37333301
25123	0.36861500
25124	0.36362088
25125	0.35839096
25126	0.35297257
25127	0.34741902
25128	0.34178838
25129	0.33614188
25130	0.33054191
25131	0.32505056
25132	0.31972733
25133	0.31462777
25134	0.30980232
25135	0.30529529
25136	0.30114433
25137	0.29738075
25138	0.29402918
25139	0.29110882
25140	0.28863323
25141	0.28661150
25142	0.28504851
25143	0.28394496
25144	0.28329760
25145	0.28309873
25146	0.28333515
25147	0.28398740
25148	0.28502795
25149	0.28641975
25150	0.28811455
25151	0.29005119
25152	0.29215494
25153	0.29433647
25154	0.29649320
25155	0.29851049
25156	0.30026540
25157	0.30163127
25158	0.30248296
25159	0.30270392
25160	0.30219194
25161	0.30086541
25162	0.29866725
25163	0.29556754
25164	0.29156333
25165	0.28667739
25166	0.28095359
25167	0.27445370
25168	0.26725170
25169	0.25942910
25170	0.25107205
25171	0.24226746
25172	0.23310401
25173	0.22367123
25174	0.21406288
25175	0.20438206
25176	0.19474566
25177	0.18529555
25178	0.17620765
25179	0.16770515
25180	0.16007571
25181	0.15368785
25182	0.14901182
25183	0.14664088
25184	0.14731090
25185	0.15191829
25186	0.16152640
25187	0.17736086
25188	0.20078658
25189	0.23325573
25190	0.27624354
25191	0.33116126
25192	0.39928445
25193	0.48172340
25194	0.57947230
25195	0.69359934
25196	0.82561469
25197	0.97809803
25198	1.15572596
25199	1.36703265
25200	1.62779248
25201	1.96836460
25202	2.45237660
25203	3.23509026
25204	NaN
25205	NaN
25206	NaN
25207	NaN
25208	NaN
25209	NaN
25210	NaN
25211	NaN
25212	NaN
25213	NaN
25214	NaN
25215	NaN
25216	NaN
25217	NaN
25218	NaN
25219	NaN
25220	NaN
25221	NaN
25222	NaN
25223	NaN
25224	NaN
25225	NaN
25226	NaN
25227	NaN
25228	NaN
25229	NaN
25230	NaN
25231	NaN
25232	NaN
25233	NaN
25234	NaN
25235	NaN
25236	NaN
25237	NaN
25238	NaN
25239	NaN
25240	NaN
25241	NaN
25242	NaN
25243	NaN
25244	NaN
25245	NaN
25246	NaN
25247	NaN
25248	NaN
25249	NaN
25250	NaN
25251	NaN
25252	NaN
25253	NaN
25254	NaN
25255	NaN
25256	NaN
25257	NaN
25258	NaN
25259	NaN
25260	NaN
25261	NaN
25262	NaN
25263	NaN
25264	NaN
25265	NaN
25266	NaN
25267	NaN
25268	NaN
25269	NaN
25270	NaN
25271	NaN
25272	NaN
25273	NaN
25274	NaN
25275	NaN
25276	NaN
25277	NaN
25278	NaN
25279	NaN
25280	NaN
25281	NaN
25282	NaN
25283	NaN
25284	NaN
25285	NaN
25286	NaN
25287	NaN
25288	NaN
25289	NaN
25290	2.68964410
25291	1.39044213
25292	1.07260048
25293	0.93321514
25294	0.85748947
25295	0.81162369
25296	0.78207415
25297	0.76234925
25298	0.74894363
25299	0.73979813
25300	0.73362452
25301	0.72957748
25302	0.72708178
25303	0.72573519
25304	0.72525012
25305	0.72541803
25306	0.72608548
25307	0.72713864
25308	0.72849196
25309	0.73008013
25310	0.73185205
25311	0.73376644
25312	0.73578781
25313	0.73788393
25314	0.74002331
25315	0.74217349
25316	0.74429959
25317	0.74636304
25318	0.74832088
25319	0.75012553
25320	0.75172400
25321	0.75305820
25322	0.75406563
25323	0.75467974
25324	0.75483179
25325	0.75445265
25326	0.75347519
25327	0.75183749
25328	0.74948627
25329	0.74638104
25330	0.74249750
25331	0.73783159
25332	0.73240280
25333	0.72625560
25334	0.71946108
25335	0.71211582
25336	0.70433986
25337	0.69627261
25338	0.68806803
25339	0.67988795
25340	0.67189598
25341	0.66425031
25342	0.65709794
25343	0.65056914
25344	0.64477360
25345	0.63979697
25346	0.63569957
25347	0.63251531
25348	0.63025188
25349	0.62889183
25350	0.62839389
25351	0.62869471
25352	0.62971145
25353	0.63134348
25354	0.63347572
25355	0.63598138
25356	0.63872510
25357	0.64156657
25358	0.64436460
25359	0.64698070
25360	0.64928389
25361	0.65115434
25362	0.65248740
25363	0.65319711
25364	0.65321875
25365	0.65251046
25366	0.65105462
25367	0.64885646
25368	0.64594370
25369	0.64236325
25370	0.63817865
25371	0.63346601
25372	0.62831026
25373	0.62280095
25374	0.61702889
25375	0.61108279
25376	0.60504675
25377	0.59899795
25378	0.59300572
25379	0.58713061
25380	0.58142400
25381	0.57592869
25382	0.57067919
25383	0.56570250
25384	0.56101918
25385	0.55664414
25386	0.55258733
25387	0.54885477
25388	0.54544872
25389	0.54236817
25390	0.53960860
25391	0.53716207
25392	0.53501695
25393	0.53315741
25394	0.53156281
25395	0.53020793
25396	0.52906263
25397	0.52809191
25398	0.52725625
25399	0.52651238
25400	0.52581394
25401	0.52511263
25402	0.52435917
25403	0.52350497
25404	0.52250308
25405	0.52130938
25406	0.51988375
25407	0.51819116
25408	0.51620239
25409	0.51389468
25410	0.51125228
25411	0.50826681
25412	0.50493771
25413	0.50127196
25414	0.49728438
25415	0.49299744
25416	0.48844051
25417	0.48364976
25418	0.47866717
25419	0.47353971
25420	0.46831813
25421	0.46305594
25422	0.45780778
25423	0.45262825
25424	0.44757015
25425	0.44268331
25426	0.43801281
25427	0.43359807
25428	0.42947173
25429	0.42565852
25430	0.42217508
25431	0.41902947
25432	0.41622117
25433	0.41374153
25434	0.41157421
25435	0.40969607
25436	0.40807790
25437	0.40668559
25438	0.40548095
25439	0.40442282
25440	0.40346813
25441	0.40257254
25442	0.40169165
25443	0.40078148
25444	0.39979947
25445	0.39870483
25446	0.39745942
25447	0.39602807
25448	0.39437929
25449	0.39248526
25450	0.39032269
25451	0.38787279
25452	0.38512173
25453	0.38206121
25454	0.37868860
25455	0.37500730
25456	0.37102744
25457	0.36676571
25458	0.36224565
25459	0.35749751
25460	0.35255787
25461	0.34746909
25462	0.34227797
25463	0.33703527
25464	0.33179373
25465	0.32660723
25466	0.32152921
25467	0.31661168
25468	0.31190398
25469	0.30745244
25470	0.30329910
25471	0.29948223
25472	0.29603544
25473	0.29298800
25474	0.29036444
25475	0.28818429
25476	0.28646237
25477	0.28520778
25478	0.28442371
25479	0.28410682
25480	0.28424612
25481	0.28482252
25482	0.28580755
25483	0.28716254
25484	0.28883839
25485	0.29077432
25486	0.29289877
25487	0.29512918
25488	0.29737350
25489	0.29953218
25490	0.30150038
25491	0.30317119
25492	0.30443966
25493	0.30520549
25494	0.30537757
25495	0.30487663
25496	0.30363724
25497	0.30161020
25498	0.29876202
25499	0.29507571
25500	0.29054910
25501	0.28519347
25502	0.27903277
25503	0.27210039
25504	0.26443967
25505	0.25610200
25506	0.24714777
25507	0.23764713
25508	0.22768161
25509	0.21734846
25510	0.20676386
25511	0.19606861
25512	0.18543486
25513	0.17507206
25514	0.16523464
25515	0.15622982
25516	0.14842211
25517	0.14224090
25518	0.13818200
25519	0.13680838
25520	0.13874915
25521	0.14469230
25522	0.15538126
25523	0.17160617
25524	0.19420464
25525	0.22407453
25526	0.26219997
25527	0.30972314
25528	0.36805779
25529	0.43909642
25530	0.52556062
25531	0.63161016
25532	0.76397943
25533	0.93421727
25534	1.16364324
25535	1.49580431
25536	2.03447747
25537	3.09999561
25538	NaN
25539	NaN
25540	NaN
25541	NaN
25542	NaN
25543	NaN
25544	NaN
25545	NaN
25546	NaN
25547	NaN
25548	NaN
25549	NaN
25550	NaN
25551	NaN
25552	NaN
25553	NaN
25554	NaN
25555	NaN
25556	NaN
25557	NaN
25558	NaN
25559	NaN
25560	NaN
25561	NaN
25562	NaN
25563	NaN
25564	NaN
25565	NaN
25566	NaN
25567	NaN
25568	NaN
25569	NaN
25570	NaN
25571	NaN
25572	NaN
25573	NaN
25574	NaN
25575	NaN
25576	NaN
25577	NaN
25578	NaN
25579	NaN
25580	NaN
25581	NaN
25582	NaN
25583	NaN
25584	NaN
25585	NaN
25586	NaN
25587	NaN
25588	NaN
25589	NaN
25590	NaN
25591	NaN
25592	NaN
25593	NaN
25594	NaN
25595	NaN
25596	NaN
25597	NaN
25598	NaN
25599	NaN
25600	NaN
25601	NaN
25602	NaN
25603	NaN
25604	NaN
25605	NaN
25606	NaN
25607	NaN
25608	NaN
25609	NaN
25610	NaN
25611	NaN
25612	NaN
25613	NaN
25614	NaN
25615	NaN
25616	NaN
25617	NaN
25618	NaN
25619	NaN
25620	NaN
25621	NaN
25622	NaN
25623	NaN
25624	NaN
25625	NaN
25626	NaN
25627	1.90736651
25628	1.23061347
25629	1.01341009
25630	0.90918177
25631	0.84962380
25632	0.81211072
25633	0.78698736
25634	0.76944554
25635	0.75682819
25636	0.74755192
25637	0.74062032
25638	0.73537874
25639	0.73138344
25640	0.72832620
25641	0.72598857
25642	0.72421438
25643	0.72288978
25644	0.72193170
25645	0.72127837
25646	0.72088325
25647	0.72071028
25648	0.72072995
25649	0.72091728
25650	0.72124887
25651	0.72170162
25652	0.72225130
25653	0.72287136
25654	0.72353208
25655	0.72420043
25656	0.72483897
25657	0.72540605
25658	0.72585553
25659	0.72613722
25660	0.72619712
25661	0.72597837
25662	0.72542208
25663	0.72446936
25664	0.72306293
25665	0.72114992
25666	0.71868455
25667	0.71563172
25668	0.71197051
25669	0.70769733
25670	0.70282960
25671	0.69740754
25672	0.69149566
25673	0.68518233
25674	0.67857802
25675	0.67181170
25676	0.66502553
25677	0.65836847
25678	0.65198976
25679	0.64603162
25680	0.64062268
25681	0.63587314
25682	0.63186979
25683	0.62867367
25684	0.62631893
25685	0.62481213
25686	0.62413365
25687	0.62423885
25688	0.62506050
25689	0.62651098
25690	0.62848508
25691	0.63086265
25692	0.63351172
25693	0.63629204
25694	0.63905823
25695	0.64166391
25696	0.64396596
25697	0.64582878
25698	0.64712900
25699	0.64775985
25700	0.64763540
25701	0.64669418
25702	0.64490145
25703	0.64225072
25704	0.63876373
25705	0.63448858
25706	0.62949711
25707	0.62388015
25708	0.61774290
25709	0.61119932
25710	0.60436654
25711	0.59736001
25712	0.59028941
25713	0.58325487
25714	0.57634526
25715	0.56963629
25716	0.56319070
25717	0.55705833
25718	0.55127710
25719	0.54587400
25720	0.54086679
25721	0.53626567
25722	0.53207386
25723	0.52828950
25724	0.52490652
25725	0.52191496
25726	0.51930177
25727	0.51705098
25728	0.51514345
25729	0.51355708
25730	0.51226628
25731	0.51124185
25732	0.51045084
25733	0.50985610
25734	0.50941676
25735	0.50908828
25736	0.50882292
25737	0.50857055
25738	0.50827974
25739	0.50789869
25740	0.50737685
25741	0.50666583
25742	0.50572115
25743	0.50450301
25744	0.50297779
25745	0.50111842
25746	0.49890530
25747	0.49632668
25748	0.49337891
25749	0.49006632
25750	0.48640153
25751	0.48240504
25752	0.47810477
25753	0.47353581
25754	0.46873936
25755	0.46376219
25756	0.45865527
25757	0.45347261
25758	0.44826990
25759	0.44310281
25760	0.43802565
25761	0.43308949
25762	0.42834112
25763	0.42382124
25764	0.41956386
25765	0.41559520
25766	0.41193318
25767	0.40858746
25768	0.40555927
25769	0.40284202
25770	0.40042180
25771	0.39827830
25772	0.39638546
25773	0.39471275
25774	0.39322603
25775	0.39188862
25776	0.39066213
25777	0.38950723
25778	0.38838485
25779	0.38725606
25780	0.38608351
25781	0.38483134
25782	0.38346601
25783	0.38195655
25784	0.38027495
25785	0.37839684
25786	0.37630135
25787	0.37397179
25788	0.37139592
25789	0.36856586
25790	0.36547887
25791	0.36213702
25792	0.35854784
25793	0.35472423
25794	0.35068464
25795	0.34645322
25796	0.34205955
25797	0.33753833
25798	0.33292910
25799	0.32827494
25800	0.32362187
25801	0.31901738
25802	0.31450889
25803	0.31014314
25804	0.30596396
25805	0.30201215
25806	0.29832461
25807	0.29493344
25808	0.29186666
25809	0.28914765
25810	0.28679577
25811	0.28482652
25812	0.28325146
25813	0.28207847
25814	0.28131106
25815	0.28094774
25816	0.28098130
25817	0.28139713
25818	0.28217217
25819	0.28327337
25820	0.28465635
25821	0.28626448
25822	0.28802812
25823	0.28986457
25824	0.29167971
25825	0.29336894
25826	0.29482120
25827	0.29592231
25828	0.29656023
25829	0.29663044
25830	0.29604068
25831	0.29471639
25832	0.29260349
25833	0.28967050
25834	0.28590897
25835	0.28133100
25836	0.27596754
25837	0.26986372
25838	0.26307529
25839	0.25566489
25840	0.24769878
25841	0.23924549
25842	0.23037492
25843	0.22115993
25844	0.21167938
25845	0.20202199
25846	0.19229363
25847	0.18262649
25848	0.17318869
25849	0.16420119
25850	0.15595250
25851	0.14882074
25852	0.14329940
25853	0.14002146
25854	0.13979456
25855	0.14362799
25856	0.15276194
25857	0.16869304
25858	0.19318078
25859	0.22825746
25860	0.27621773
25861	0.33962566
25862	0.42136207
25863	0.52476853
25864	0.65400487
25865	0.81477064
25866	1.01574850
25867	1.27147555
25868	1.60847962
25869	2.08006883
25870	2.80860996
25871	4.14366007
25872	NaN
25873	NaN
25874	NaN
25875	NaN
25876	NaN
25877	NaN
25878	NaN
25879	NaN
25880	NaN
25881	NaN
25882	NaN
25883	NaN
25884	NaN
25885	NaN
25886	NaN
25887	NaN
25888	NaN
25889	NaN
25890	NaN
25891	NaN
25892	NaN
25893	NaN
25894	NaN
25895	NaN
25896	NaN
25897	NaN
25898	NaN
25899	NaN
25900	NaN
25901	NaN
25902	NaN
25903	NaN
25904	NaN
25905	NaN
25906	NaN
25907	NaN
25908	NaN
25909	NaN
25910	NaN
25911	NaN
25912	NaN
25913	NaN
25914	NaN
25915	NaN
25916	NaN
25917	NaN
25918	NaN
25919	NaN
25920	NaN
25921	NaN
25922	NaN
25923	NaN
25924	NaN
25925	NaN
25926	NaN
25927	NaN
25928	NaN
25929	NaN
25930	NaN
25931	NaN
25932	NaN
25933	NaN
25934	NaN
25935	NaN
25936	NaN
25937	NaN
25938	NaN
25939	NaN
25940	NaN
25941	NaN
25942	NaN
25943	NaN
25944	NaN
25945	NaN
25946	NaN
25947	NaN
25948	NaN
25949	NaN
25950	NaN
25951	NaN
25952	NaN
25953	NaN
25954	NaN
25955	NaN
25956	NaN
25957	NaN
25958	NaN
25959	NaN
25960	NaN
25961	3.87015462
25962	1.59376431
25963	1.16446662
25964	0.98751909
25965	0.89361507
25966	0.83712178
25967	0.80058241
25968	0.77587384
25969	0.75870305
25970	0.74658895
25971	0.73799950
25972	0.73194045
25973	0.72774082
25974	0.72493422
25975	0.72318876
25976	0.72226375
25977	0.72198218
25978	0.72221196
25979	0.72285300
25980	0.72382820
25981	0.72507620
25982	0.72654653
25983	0.72819525
25984	0.72998220
25985	0.73186773
25986	0.73381114
25987	0.73576909
25988	0.73769444
25989	0.73953521
25990	0.74123412
25991	0.74272907
25992	0.74395233
25993	0.74483269
25994	0.74529570
25995	0.74526632
25996	0.74467087
25997	0.74344021
25998	0.74151343
25999	0.73884106
26000	0.73538947
26001	0.73114365
26002	0.72611111
26003	0.72032350
26004	0.71383804
26005	0.70673746
26006	0.69912815
26007	0.69113708
26008	0.68290728
26009	0.67459244
26010	0.66635090
26011	0.65833908
26012	0.65070581
26013	0.64358670
26014	0.63709950
26015	0.63134116
26016	0.62638521
26017	0.62228048
26018	0.61905092
26019	0.61669600
26020	0.61519176
26021	0.61449212
26022	0.61453110
26023	0.61522466
26024	0.61647344
26025	0.61816514
26026	0.62017792
26027	0.62238324
26028	0.62464964
26029	0.62684655
26030	0.62884820
26031	0.63053739
26032	0.63180935
26033	0.63257504
26034	0.63276356
26035	0.63232446
26036	0.63122827
26037	0.62946647
26038	0.62705082
26039	0.62401104
26040	0.62039232
26041	0.61625242
26042	0.61165810
26043	0.60668212
26044	0.60139978
26045	0.59588677
26046	0.59021634
26047	0.58445781
26048	0.57867533
26049	0.57292676
26050	0.56726354
26051	0.56173050
26052	0.55636603
26053	0.55120230
26054	0.54626614
26055	0.54157948
26056	0.53716004
26057	0.53302163
26058	0.52917480
26059	0.52562714
26060	0.52238303
26061	0.51944381
26062	0.51680714
26063	0.51446682
26064	0.51241213
26065	0.51062733
26066	0.50909168
26067	0.50777870
26068	0.50665694
26069	0.50568968
26070	0.50483596
26071	0.50405139
26072	0.50328898
26073	0.50250065
26074	0.50163811
26075	0.50065446
26076	0.49950546
26077	0.49815023
26078	0.49655291
26079	0.49468324
26080	0.49251726
26081	0.49003819
26082	0.48723671
26083	0.48411122
26084	0.48066834
26085	0.47692236
26086	0.47289580
26087	0.46861839
26088	0.46412700
26089	0.45946485
26090	0.45468041
26091	0.44982618
26092	0.44495749
26093	0.44013077
26094	0.43540189
26095	0.43082425
26096	0.42644730
26097	0.42231479
26098	0.41846320
26099	0.41492090
26100	0.41170725
26101	0.40883216
26102	0.40629640
26103	0.40409160
26104	0.40220106
26105	0.40060064
26106	0.39925969
26107	0.39814219
26108	0.39720780
26109	0.39641279
26110	0.39571139
26111	0.39505628
26112	0.39439973
26113	0.39369455
26114	0.39289454
26115	0.39195558
26116	0.39083600
26117	0.38949743
26118	0.38790524
26119	0.38602901
26120	0.38384312
26121	0.38132679
26122	0.37846482
26123	0.37524790
26124	0.37167290
26125	0.36774316
26126	0.36346930
26127	0.35886896
26128	0.35396731
26129	0.34879670
26130	0.34339660
26131	0.33781272
26132	0.33209619
26133	0.32630247
26134	0.32048991
26135	0.31471846
26136	0.30904818
26137	0.30353791
26138	0.29824418
26139	0.29322019
26140	0.28851521
26141	0.28417405
26142	0.28023666
26143	0.27673846
26144	0.27370968
26145	0.27117622
26146	0.26915908
26147	0.26767451
26148	0.26673371
26149	0.26634249
26150	0.26650006
26151	0.26719853
26152	0.26842135
26153	0.27014208
26154	0.27232292
26155	0.27491307
26156	0.27784824
26157	0.28104922
26158	0.28442255
26159	0.28786102
26160	0.29124540
26161	0.29444760
26162	0.29733345
26163	0.29976809
26164	0.30161989
26165	0.30276564
26166	0.30309519
26167	0.30251423
26168	0.30094832
26169	0.29834342
26170	0.29466650
26171	0.28990516
26172	0.28406578
26173	0.27717140
26174	0.26925999
26175	0.26038221
26176	0.25060022
26177	0.23998693
26178	0.22862683
26179	0.21661846
26180	0.20407571
26181	0.19113445
26182	0.17795759
26183	0.16474155
26184	0.15172602
26185	0.13920058
26186	0.12751652
26187	0.11709325
26188	0.10842706
26189	0.10209835
26190	0.09877164
26191	0.09920004
26192	0.10422082
26193	0.11475258
26194	0.13179666
26195	0.15644161
26196	0.18988834
26197	0.23350359
26198	0.28891948
26199	0.35821691
26200	0.44423702
26201	0.55112857
26202	0.68533462
26203	0.85748094
26204	1.08634901
26205	1.40816092
26206	1.90218699
26207	2.77986383
26208	NaN
26209	NaN
26210	NaN
26211	NaN
26212	NaN
26213	NaN
26214	NaN
26215	NaN
26216	NaN
26217	NaN
26218	NaN
26219	NaN
26220	NaN
26221	NaN
26222	NaN
26223	NaN
26224	NaN
26225	NaN
26226	NaN
26227	NaN
26228	NaN
26229	NaN
26230	NaN
26231	NaN
26232	NaN
26233	NaN
26234	NaN
26235	NaN
26236	NaN
26237	NaN
26238	NaN
26239	NaN
26240	NaN
26241	NaN
26242	NaN
26243	NaN
26244	NaN
26245	NaN
26246	NaN
26247	NaN
26248	NaN
26249	NaN
26250	NaN
26251	NaN
26252	NaN
26253	NaN
26254	NaN
26255	NaN
26256	NaN
26257	NaN
26258	NaN
26259	NaN
26260	NaN
26261	NaN
26262	NaN
26263	NaN
26264	NaN
26265	NaN
26266	NaN
26267	NaN
26268	NaN
26269	NaN
26270	NaN
26271	NaN
26272	NaN
26273	NaN
26274	NaN
26275	NaN
26276	NaN
26277	NaN
26278	NaN
26279	NaN
26280	NaN
26281	NaN
26282	NaN
26283	NaN
26284	NaN
26285	NaN
26286	NaN
26287	NaN
26288	NaN
26289	NaN
26290	NaN
26291	NaN
26292	NaN
26293	NaN
26294	NaN
26295	2.53557873
26296	1.35250008
26297	1.04834080
26298	0.91190302
26299	0.83621573
26300	0.78925717
26301	0.75809211
26302	0.73649222
26303	0.72108787
26304	0.70989698
26305	0.70167911
26306	0.69561988
26307	0.69116503
26308	0.68792593
26309	0.68562430
26310	0.68405682
26311	0.68307316
26312	0.68256021
26313	0.68243164
26314	0.68262017
26315	0.68307191
26316	0.68374187
26317	0.68459046
26318	0.68558115
26319	0.68667787
26320	0.68784392
26321	0.68904001
26322	0.69022405
26323	0.69135028
26324	0.69236869
26325	0.69322592
26326	0.69386494
26327	0.69422632
26328	0.69424921
26329	0.69387287
26330	0.69303864
26331	0.69169235
26332	0.68978691
26333	0.68728465
26334	0.68416083
26335	0.68040556
26336	0.67602682
26337	0.67105186
26338	0.66552818
26339	0.65952373
26340	0.65312535
26341	0.64643711
26342	0.63957667
26343	0.63267130
26344	0.62585306
26345	0.61925417
26346	0.61300135
26347	0.60721171
26348	0.60198861
26349	0.59741783
26350	0.59356576
26351	0.59047723
26352	0.58817542
26353	0.58666152
26354	0.58591539
26355	0.58589691
26356	0.58654726
26357	0.58779055
26358	0.58953631
26359	0.59168065
26360	0.59410918
26361	0.59669942
26362	0.59932333
26363	0.60185069
26364	0.60415244
26365	0.60610461
26366	0.60759199
26367	0.60851234
26368	0.60878021
26369	0.60833019
26370	0.60711974
26371	0.60513043
26372	0.60236877
26373	0.59886509
26374	0.59467149
26375	0.58985871
26376	0.58451200
26377	0.57872635
26378	0.57260257
26379	0.56624204
26380	0.55974370
26381	0.55320066
26382	0.54669780
26383	0.54031044
26384	0.53410375
26385	0.52813226
26386	0.52244037
26387	0.51706302
26388	0.51202631
26389	0.50734848
26390	0.50304079
26391	0.49910846
26392	0.49555117
26393	0.49236396
26394	0.48953763
26395	0.48705915
26396	0.48491195
26397	0.48307598
26398	0.48152792
26399	0.48024085
26400	0.47918442
26401	0.47832480
26402	0.47762439
26403	0.47704244
26404	0.47653481
26405	0.47605506
26406	0.47555473
26407	0.47498444
26408	0.47429484
26409	0.47343802
26410	0.47236845
26411	0.47104448
26412	0.46942937
26413	0.46749234
26414	0.46520951
26415	0.46256438
26416	0.45954844
26417	0.45616150
26418	0.45241159
26419	0.44831505
26420	0.44389609
26421	0.43918660
26422	0.43422535
26423	0.42905724
26424	0.42373246
26425	0.41830522
26426	0.41283247
26427	0.40737259
26428	0.40198371
26429	0.39672223
26430	0.39164114
26431	0.38678837
26432	0.38220546
26433	0.37792617
26434	0.37397560
26435	0.37036958
26436	0.36711425
26437	0.36420652
26438	0.36163419
26439	0.35937729
26440	0.35740867
26441	0.35569566
26442	0.35420108
26443	0.35288441
26444	0.35170329
26445	0.35061410
26446	0.34957308
26447	0.34853697
26448	0.34746349
26449	0.34631205
26450	0.34504431
26451	0.34362456
26452	0.34202057
26453	0.34020370
26454	0.33815014
26455	0.33584112
26456	0.33326325
26457	0.33040950
26458	0.32727891
26459	0.32387698
26460	0.32021555
26461	0.31631255
26462	0.31219169
26463	0.30788174
26464	0.30341622
26465	0.29883254
26466	0.29417089
26467	0.28947395
26468	0.28478554
26469	0.28014973
26470	0.27561012
26471	0.27120852
26472	0.26698461
26473	0.26297492
26474	0.25921226
26475	0.25572562
26476	0.25253966
26477	0.24967492
26478	0.24714780
26479	0.24497049
26480	0.24315149
26481	0.24169506
26482	0.24060163
26483	0.23986724
26484	0.23948315
26485	0.23943515
26486	0.23970290
26487	0.24025877
26488	0.24106707
26489	0.24208292
26490	0.24325198
26491	0.24450986
26492	0.24578236
26493	0.24698687
26494	0.24803345
26495	0.24882826
26496	0.24927624
26497	0.24928518
26498	0.24877006
26499	0.24765587
26500	0.24588180
26501	0.24340259
26502	0.24018976
26503	0.23623182
26504	0.23153239
26505	0.22610910
26506	0.21999073
26507	0.21321504
26508	0.20582762
26509	0.19788004
26510	0.18943016
26511	0.18054390
26512	0.17129622
26513	0.16177705
26514	0.15209566
26515	0.14238837
26516	0.13282873
26517	0.12363700
26518	0.11509676
26519	0.10756885
26520	0.10151133
26521	0.09750229
26522	0.09626000
26523	0.09867453
26524	0.10583168
26525	0.11904552
26526	0.13989429
26527	0.17026126
26528	0.21239981
26529	0.26903650
26530	0.34355697
26531	0.44035873
26532	0.56551397
26533	0.72807246
26534	0.94273412
26535	1.23572433
26536	1.65934575
26537	2.33491564
26538	3.61990523
26539	NaN
26540	NaN
26541	NaN
26542	NaN
26543	NaN
26544	NaN
26545	NaN
26546	NaN
26547	NaN
26548	NaN
26549	NaN
26550	NaN
26551	NaN
26552	NaN
26553	NaN
26554	NaN
26555	NaN
26556	NaN
26557	NaN
26558	NaN
26559	NaN
26560	NaN
26561	NaN
26562	NaN
26563	NaN
26564	NaN
26565	NaN
26566	NaN
26567	NaN
26568	NaN
26569	NaN
26570	NaN
26571	NaN
26572	NaN
26573	NaN
26574	NaN
26575	NaN
26576	NaN
26577	NaN
26578	NaN
26579	NaN
26580	NaN
26581	NaN
26582	NaN
26583	NaN
26584	NaN
26585	NaN
26586	NaN
26587	NaN
26588	NaN
26589	NaN
26590	NaN
26591	NaN
26592	NaN
26593	NaN
26594	NaN
26595	NaN
26596	NaN
26597	NaN
26598	NaN
26599	NaN
26600	NaN
26601	NaN
26602	NaN
26603	NaN
26604	NaN
26605	NaN
26606	NaN
26607	NaN
26608	NaN
26609	NaN
26610	NaN
26611	NaN
26612	NaN
26613	NaN
26614	NaN
26615	NaN
26616	NaN
26617	NaN
26618	NaN
26619	NaN
26620	NaN
26621	NaN
26622	2.88195610
26623	1.40150106
26624	1.07581079
26625	0.93519115
26626	0.85828209
26627	0.81082267
26628	0.77938682
26629	0.75762630
26630	0.74214405
26631	0.73095375
26632	0.72281295
26633	0.71690387
26634	0.71266538
26635	0.70969927
26636	0.70771551
26637	0.70649815
26638	0.70588356
26639	0.70574582
26640	0.70598668
26641	0.70652866
26642	0.70730913
26643	0.70827717
26644	0.70938945
26645	0.71060830
26646	0.71189934
26647	0.71322972
26648	0.71456671
26649	0.71587664
26650	0.71712381
26651	0.71827000
26652	0.71927381
26653	0.72009051
26654	0.72067231
26655	0.72096843
26656	0.72092611
26657	0.72049195
26658	0.71961331
26659	0.71824068
26660	0.71633011
26661	0.71384555
26662	0.71076250
26663	0.70706975
26664	0.70277262
26665	0.69789428
26666	0.69247717
26667	0.68658274
26668	0.68029076
26669	0.67369717
26670	0.66691083
26671	0.66004968
26672	0.65323615
26673	0.64659262
26674	0.64023650
26675	0.63427579
26676	0.62880552
26677	0.62390494
26678	0.61963469
26679	0.61603594
26680	0.61312950
26681	0.61091590
26682	0.60937631
26683	0.60847324
26684	0.60815209
26685	0.60834354
26686	0.60896492
26687	0.60992330
26688	0.61111778
26689	0.61244243
26690	0.61378962
26691	0.61505282
26692	0.61613035
26693	0.61692798
26694	0.61736232
26695	0.61736286
26696	0.61687452
26697	0.61585867
26698	0.61429399
26699	0.61217594
26700	0.60951656
26701	0.60634208
26702	0.60269147
26703	0.59861350
26704	0.59416425
26705	0.58940434
26706	0.58439624
26707	0.57920229
26708	0.57388258
26709	0.56849349
26710	0.56308693
26711	0.55770934
26712	0.55240178
26713	0.54719973
26714	0.54213357
26715	0.53722852
26716	0.53250563
26717	0.52798206
26718	0.52367139
26719	0.51958424
26720	0.51572853
26721	0.51210952
26722	0.50872999
26723	0.50559044
26724	0.50268823
26725	0.50001812
26726	0.49757168
26727	0.49533707
26728	0.49329904
26729	0.49143881
26730	0.48973426
26731	0.48815989
26732	0.48668769
26733	0.48528713
26734	0.48392606
26735	0.48257118
26736	0.48118922
26737	0.47974706
26738	0.47821307
26739	0.47655755
26740	0.47475365
26741	0.47277799
26742	0.47061118
26743	0.46823853
26744	0.46565056
26745	0.46284303
26746	0.45981756
26747	0.45658150
26748	0.45314795
26749	0.44953558
26750	0.44576803
26751	0.44187343
26752	0.43788376
26753	0.43383381
26754	0.42976004
26755	0.42569989
26756	0.42169034
26757	0.41776690
26758	0.41396251
26759	0.41030645
26760	0.40682352
26761	0.40353334
26762	0.40044957
26763	0.39757976
26764	0.39492503
26765	0.39248031
26766	0.39023447
26767	0.38817084
26768	0.38626784
26769	0.38449973
26770	0.38283738
26771	0.38124949
26772	0.37970304
26773	0.37816465
26774	0.37660125
26775	0.37498084
26776	0.37327349
26777	0.37145165
26778	0.36949083
26779	0.36737001
26780	0.36507171
26781	0.36258239
26782	0.35989228
26783	0.35699549
26784	0.35389003
26785	0.35057753
26786	0.34706336
26787	0.34335661
26788	0.33947006
26789	0.33542028
26790	0.33122742
26791	0.32691538
26792	0.32251132
26793	0.31804532
26794	0.31355006
26795	0.30905980
26796	0.30461007
26797	0.30023667
26798	0.29597482
26799	0.29185888
26800	0.28792143
26801	0.28419310
26802	0.28070238
26803	0.27747485
26804	0.27453381
26805	0.27189973
26806	0.26959011
26807	0.26761961
26808	0.26599926
26809	0.26473692
26810	0.26383588
26811	0.26329505
26812	0.26310775
26813	0.26326135
26814	0.26373646
26815	0.26450619
26816	0.26553574
26817	0.26678193
26818	0.26819322
26819	0.26970950
26820	0.27126360
26821	0.27278125
26822	0.27418360
26823	0.27538860
26824	0.27631345
26825	0.27687740
26826	0.27700338
26827	0.27662152
26828	0.27567047
26829	0.27409893
26830	0.27186772
26831	0.26894900
26832	0.26532766
26833	0.26100034
26834	0.25597471
26835	0.25026882
26836	0.24391028
26837	0.23693521
26838	0.22938806
26839	0.22132137
26840	0.21279716
26841	0.20388733
26842	0.19467673
26843	0.18526699
26844	0.17577928
26845	0.16636217
26846	0.15719606
26847	0.14850079
26848	0.14054382
26849	0.13364504
26850	0.12818566
26851	0.12461121
26852	0.12343540
26853	0.12524162
26854	0.13067958
26855	0.14046796
26856	0.15539111
26857	0.17630449
26858	0.20415536
26859	0.24001513
26860	0.28515351
26861	0.34116378
26862	0.41018158
26863	0.49526700
26864	0.60107762
26865	0.73515213
26866	0.91051710
26867	1.15156913
26868	1.50944471
26869	2.11125326
26870	3.38130879
26871	NaN
26872	NaN
26873	NaN
26874	NaN
26875	NaN
26876	NaN
26877	NaN
26878	NaN
26879	NaN
26880	NaN
26881	NaN
26882	NaN
26883	NaN
26884	NaN
26885	NaN
26886	NaN
26887	NaN
26888	NaN
26889	NaN
26890	NaN
26891	NaN
26892	NaN
26893	NaN
26894	NaN
26895	NaN
26896	NaN
26897	NaN
26898	NaN
26899	NaN
26900	NaN
26901	NaN
26902	NaN
26903	NaN
26904	NaN
26905	NaN
26906	NaN
26907	NaN
26908	NaN
26909	NaN
26910	NaN
26911	NaN
26912	NaN
26913	NaN
26914	NaN
26915	NaN
26916	NaN
26917	NaN
26918	NaN
26919	NaN
26920	NaN
26921	NaN
26922	NaN
26923	NaN
26924	NaN
26925	NaN
26926	NaN
26927	NaN
26928	NaN
26929	NaN
26930	NaN
26931	NaN
26932	NaN
26933	NaN
26934	NaN
26935	NaN
26936	NaN
26937	NaN
26938	NaN
26939	NaN
26940	NaN
26941	NaN
26942	NaN
26943	NaN
26944	NaN
26945	NaN
26946	NaN
26947	NaN
26948	NaN
26949	NaN
26950	NaN
26951	1.73829758
26952	1.24874473
26953	1.05391014
26954	0.95017946
26955	0.88633657
26956	0.84346014
26957	0.81293708
26958	0.79028445
26959	0.77293837
26960	0.75932723
26961	0.74843490
26962	0.73957652
26963	0.73227471
26964	0.72618866
26965	0.72106975
26966	0.71673381
26967	0.71304268
26968	0.70989209
26969	0.70720202
26970	0.70491117
26971	0.70297170
26972	0.70134574
26973	0.70000237
26974	0.69891542
26975	0.69806093
26976	0.69741619
26977	0.69695759
26978	0.69665986
26979	0.69649440
26980	0.69642895
26981	0.69642651
26982	0.69644475
26983	0.69643587
26984	0.69634676
26985	0.69611907
26986	0.69569027
26987	0.69499505
26988	0.69396728
26989	0.69254237
26990	0.69066048
26991	0.68827027
26992	0.68533206
26993	0.68182194
26994	0.67773521
26995	0.67308897
26996	0.66792315
26997	0.66230148
26998	0.65630913
26999	0.65005046
27000	0.64364427
27001	0.63721895
27002	0.63090634
27003	0.62483615
27004	0.61913031
27005	0.61389810
27006	0.60923254
27007	0.60520750
27008	0.60187560
27009	0.59926766
27010	0.59739238
27011	0.59623712
27012	0.59576869
27013	0.59593487
27014	0.59666616
27015	0.59787744
27016	0.59947050
27017	0.60133630
27018	0.60335714
27019	0.60541070
27020	0.60737228
27021	0.60911900
27022	0.61053342
27023	0.61150753
27024	0.61194682
27025	0.61177385
27026	0.61093152
27027	0.60938525
27028	0.60712427
27029	0.60416204
27030	0.60053420
27031	0.59629679
27032	0.59152263
27033	0.58629680
27034	0.58071238
27035	0.57486600
27036	0.56885302
27037	0.56276476
27038	0.55668491
27039	0.55068785
27040	0.54483747
27041	0.53918648
27042	0.53377670
27043	0.52863973
27044	0.52379805
27045	0.51926565
27046	0.51504999
27047	0.51115263
27048	0.50757062
27049	0.50429714
27050	0.50132251
27051	0.49863425
27052	0.49621767
27053	0.49405566
27054	0.49212861
27055	0.49041471
27056	0.48888910
27057	0.48752466
27058	0.48629132
27059	0.48515680
27060	0.48408663
27061	0.48304489
27062	0.48199460
27063	0.48089856
27064	0.47972023
27065	0.47842452
27066	0.47697830
27067	0.47535172
27068	0.47351834
27069	0.47145617
27070	0.46914804
27071	0.46658194
27072	0.46375141
27073	0.46065560
27074	0.45729944
27075	0.45369357
27076	0.44985399
27077	0.44580194
27078	0.44156349
27079	0.43716893
27080	0.43265244
27081	0.42805120
27082	0.42340487
27083	0.41875464
27084	0.41414225
27085	0.40960911
27086	0.40519512
27087	0.40093741
27088	0.39686927
27089	0.39301902
27090	0.38940910
27091	0.38605502
27092	0.38296503
27093	0.38013977
27094	0.37757236
27095	0.37524873
27096	0.37314823
27097	0.37124470
27098	0.36950728
27099	0.36790180
27100	0.36639172
27101	0.36493945
27102	0.36350730
27103	0.36205831
27104	0.36055723
27105	0.35897085
27106	0.35726899
27107	0.35542458
27108	0.35341448
27109	0.35121945
27110	0.34882477
27111	0.34622025
27112	0.34340045
27113	0.34036493
27114	0.33711767
27115	0.33366725
27116	0.33002645
27117	0.32621157
27118	0.32224229
27119	0.31814098
27120	0.31393218
27121	0.30964217
27122	0.30529839
27123	0.30092919
27124	0.29656318
27125	0.29222894
27126	0.28795475
27127	0.28376785
27128	0.27969450
27129	0.27575940
27130	0.27198532
27131	0.26839331
27132	0.26500201
27133	0.26182786
27134	0.25888497
27135	0.25618476
27136	0.25373617
27137	0.25154543
27138	0.24961552
27139	0.24794658
27140	0.24653454
27141	0.24537174
27142	0.24444576
27143	0.24373922
27144	0.24322948
27145	0.24288788
27146	0.24267979
27147	0.24256475
27148	0.24249621
27149	0.24242267
27150	0.24228822
27151	0.24203411
27152	0.24160081
27153	0.24092950
27154	0.23996501
27155	0.23865759
27156	0.23696503
27157	0.23485486
27158	0.23230438
27159	0.22930223
27160	0.22584754
27161	0.22194909
27162	0.21762510
27163	0.21290098
27164	0.20780931
27165	0.20238835
27166	0.19668207
27167	0.19074117
27168	0.18462414
27169	0.17839912
27170	0.17214811
27171	0.16596934
27172	0.15998359
27173	0.15433766
27174	0.14921044
27175	0.14481850
27176	0.14141858
27177	0.13931394
27178	0.13885333
27179	0.14043261
27180	0.14449100
27181	0.15150262
27182	0.16197072
27183	0.17641185
27184	0.19534481
27185	0.21928233
27186	0.24872437
27187	0.28417245
27188	0.32615456
27189	0.37528390
27190	0.43235487
27191	0.49849382
27192	0.57539743
27193	0.66572511
27194	0.77377778
27195	0.90675616
27196	1.07735646
27197	1.30974400
27198	1.65547502
27199	2.24654603
27200	3.54995632
27201	NaN
27202	NaN
27203	NaN
27204	NaN
27205	NaN
27206	NaN
27207	NaN
27208	NaN
27209	NaN
27210	NaN
27211	NaN
27212	NaN
27213	NaN
27214	NaN
27215	NaN
27216	NaN
27217	NaN
27218	NaN
27219	NaN
27220	NaN
27221	NaN
27222	NaN
27223	NaN
27224	NaN
27225	NaN
27226	NaN
27227	NaN
27228	NaN
27229	NaN
27230	NaN
27231	NaN
27232	NaN
27233	NaN
27234	NaN
27235	NaN
27236	NaN
27237	NaN
27238	NaN
27239	NaN
27240	NaN
27241	NaN
27242	NaN
27243	NaN
27244	NaN
27245	NaN
27246	NaN
27247	NaN
27248	NaN
27249	NaN
27250	NaN
27251	NaN
27252	NaN
27253	NaN
27254	NaN
27255	NaN
27256	NaN
27257	NaN
27258	NaN
27259	NaN
27260	NaN
27261	NaN
27262	NaN
27263	NaN
27264	NaN
27265	NaN
27266	NaN
27267	NaN
27268	NaN
27269	NaN
27270	NaN
27271	NaN
27272	NaN
27273	NaN
27274	NaN
27275	NaN
27276	NaN
27277	NaN
27278	NaN
27279	NaN
27280	NaN
27281	1.76117206
27282	1.14379478
27283	0.95138973
27284	0.86027497
27285	0.80886060
27286	0.77702850
27287	0.75625402
27288	0.74230343
27289	0.73283386
27290	0.72644299
27291	0.72223842
27292	0.71962547
27293	0.71819234
27294	0.71764475
27295	0.71776778
27296	0.71840090
27297	0.71942216
27298	0.72073781
27299	0.72227460
27300	0.72397405
27301	0.72578835
27302	0.72767729
27303	0.72960502
27304	0.73153824
27305	0.73344415
27306	0.73528874
27307	0.73703581
27308	0.73864591
27309	0.74007547
27310	0.74127680
27311	0.74219775
27312	0.74278206
27313	0.74297035
27314	0.74270141
27315	0.74191391
27316	0.74054879
27317	0.73855203
27318	0.73587781
27319	0.73249197
27320	0.72837514
27321	0.72352612
27322	0.71796483
27323	0.71173346
27324	0.70489782
27325	0.69754714
27326	0.68979174
27327	0.68176025
27328	0.67359513
27329	0.66544735
27330	0.65747046
27331	0.64981478
27332	0.64262134
27333	0.63601714
27334	0.63011050
27335	0.62498832
27336	0.62071383
27337	0.61732525
27338	0.61483598
27339	0.61323529
27340	0.61248899
27341	0.61254174
27342	0.61331820
27343	0.61472625
27344	0.61665863
27345	0.61899626
27346	0.62161076
27347	0.62436825
27348	0.62713271
27349	0.62976944
27350	0.63214958
27351	0.63415396
27352	0.63567650
27353	0.63662779
27354	0.63693827
27355	0.63655949
27356	0.63546580
27357	0.63365400
27358	0.63114250
27359	0.62796926
27360	0.62418908
27361	0.61987013
27362	0.61509043
27363	0.60993403
27364	0.60448730
27365	0.59883571
27366	0.59306115
27367	0.58723998
27368	0.58144087
27369	0.57572460
27370	0.57014298
27371	0.56473941
27372	0.55954868
27373	0.55459815
27374	0.54990822
27375	0.54549313
27376	0.54136205
27377	0.53751963
27378	0.53396654
27379	0.53070021
27380	0.52771455
27381	0.52500075
27382	0.52254677
27383	0.52033752
27384	0.51835465
27385	0.51657677
27386	0.51497936
27387	0.51353508
27388	0.51221395
27389	0.51098412
27390	0.50981200
27391	0.50866318
27392	0.50750291
27393	0.50629693
27394	0.50501198
27395	0.50361651
27396	0.50208122
27397	0.50037986
27398	0.49848941
27399	0.49639097
27400	0.49406993
27401	0.49151638
27402	0.48872560
27403	0.48569807
27404	0.48243982
27405	0.47896233
27406	0.47528246
27407	0.47142243
27408	0.46740931
27409	0.46327454
27410	0.45905346
27411	0.45478401
27412	0.45050648
27413	0.44626167
27414	0.44209000
27415	0.43803009
27416	0.43411720
27417	0.43038240
27418	0.42685106
27419	0.42354205
27420	0.42046705
27421	0.41763017
27422	0.41502795
27423	0.41264951
27424	0.41047716
27425	0.40848720
27426	0.40665057
27427	0.40493420
27428	0.40330184
27429	0.40171543
27430	0.40013608
27431	0.39852515
27432	0.39684522
27433	0.39506125
27434	0.39314091
27435	0.39105576
27436	0.38878146
27437	0.38629821
27438	0.38359115
27439	0.38065007
27440	0.37746996
27441	0.37405056
27442	0.37039632
27443	0.36651635
27444	0.36242419
27445	0.35813788
27446	0.35367954
27447	0.34907562
27448	0.34435639
27449	0.33955565
27450	0.33471051
27451	0.32986060
27452	0.32504702
27453	0.32031217
27454	0.31569797
27455	0.31124541
27456	0.30699381
27457	0.30297959
27458	0.29923618
27459	0.29579347
27460	0.29267749
27461	0.28991058
27462	0.28751081
27463	0.28549236
27464	0.28386536
27465	0.28263530
27466	0.28180313
27467	0.28136435
27468	0.28130886
27469	0.28161994
27470	0.28227356
27471	0.28323773
27472	0.28447199
27473	0.28592679
27474	0.28754327
27475	0.28925371
27476	0.29098198
27477	0.29264468
27478	0.29415262
27479	0.29541343
27480	0.29633379
27481	0.29682249
27482	0.29679391
27483	0.29617044
27484	0.29488605
27485	0.29288805
27486	0.29013884
27487	0.28661704
27488	0.28231734
27489	0.27725005
27490	0.27144009
27491	0.26492533
27492	0.25775489
27493	0.24998784
27494	0.24169134
27495	0.23294020
27496	0.22381610
27497	0.21440803
27498	0.20481350
27499	0.19514011
27500	0.18550843
27501	0.17605500
27502	0.16693744
27503	0.15833841
27504	0.15047078
27505	0.14358385
27506	0.13796781
27507	0.13395904
27508	0.13194330
27509	0.13235863
27510	0.13569410
27511	0.14248748
27512	0.15331955
27513	0.16880614
27514	0.18959129
27515	0.21634127
27516	0.24974982
27517	0.29055575
27518	0.33958638
27519	0.39784038
27520	0.46662703
27521	0.54780221
27522	0.64416212
27523	0.76013583
27524	0.90307093
27525	1.08584762
27526	1.33279204
27527	1.69515681
27528	2.30105257
27529	3.58235931
27530	NaN
27531	NaN
27532	NaN
27533	NaN
27534	NaN
27535	NaN
27536	NaN
27537	NaN
27538	NaN
27539	NaN
27540	NaN
27541	NaN
27542	NaN
27543	NaN
27544	NaN
27545	NaN
27546	NaN
27547	NaN
27548	NaN
27549	NaN
27550	NaN
27551	NaN
27552	NaN
27553	NaN
27554	NaN
27555	NaN
27556	NaN
27557	NaN
27558	NaN
27559	NaN
27560	NaN
27561	NaN
27562	NaN
27563	NaN
27564	NaN
27565	NaN
27566	NaN
27567	NaN
27568	NaN
27569	NaN
27570	NaN
27571	NaN
27572	NaN
27573	NaN
27574	NaN
27575	NaN
27576	NaN
27577	NaN
27578	NaN
27579	NaN
27580	NaN
27581	NaN
27582	NaN
27583	NaN
27584	NaN
27585	NaN
27586	NaN
27587	NaN
27588	NaN
27589	NaN
27590	NaN
27591	NaN
27592	NaN
27593	NaN
27594	NaN
27595	NaN
27596	NaN
27597	NaN
27598	NaN
27599	NaN
27600	NaN
27601	NaN
27602	NaN
27603	NaN
27604	NaN
27605	NaN
27606	NaN
27607	NaN
27608	NaN
27609	NaN
27610	NaN
27611	NaN
27612	NaN
27613	NaN
27614	1.72879338
27615	1.12523234
27616	0.93769348
27617	0.84975672
27618	0.80077219
27619	0.77087039
27620	0.75161886
27621	0.73882997
27622	0.73019129
27623	0.72432429
27624	0.72036016
27625	0.71772689
27626	0.71603632
27627	0.71501893
27628	0.71448433
27629	0.71429712
27630	0.71436059
27631	0.71460557
27632	0.71498317
27633	0.71545851
27634	0.71600699
27635	0.71661103
27636	0.71725708
27637	0.71793377
27638	0.71862996
27639	0.71933335
27640	0.72002894
27641	0.72069824
27642	0.72131854
27643	0.72186166
27644	0.72229403
27645	0.72257680
27646	0.72266513
27647	0.72250944
27648	0.72205603
27649	0.72124803
27650	0.72002774
27651	0.71833819
27652	0.71612632
27653	0.71334594
27654	0.70996106
27655	0.70595020
27656	0.70130932
27657	0.69605553
27658	0.69022888
27659	0.68389457
27660	0.67714161
27661	0.67008156
27662	0.66284490
27663	0.65557569
27664	0.64842623
27665	0.64154953
27666	0.63509315
27667	0.62919295
27668	0.62396747
27669	0.61951399
27670	0.61590546
27671	0.61318910
27672	0.61138558
27673	0.61048961
27674	0.61047077
27675	0.61127514
27676	0.61282659
27677	0.61502951
27678	0.61777020
27679	0.62091994
27680	0.62433702
27681	0.62787020
27682	0.63136244
27683	0.63465440
27684	0.63758945
27685	0.64001876
27686	0.64180619
27687	0.64283407
27688	0.64300776
27689	0.64226013
27690	0.64055467
27691	0.63788718
27692	0.63428539
27693	0.62980711
27694	0.62453699
27695	0.61858064
27696	0.61205953
27697	0.60510385
27698	0.59784645
27699	0.59041739
27700	0.58293873
27701	0.57552123
27702	0.56826216
27703	0.56124347
27704	0.55453223
27705	0.54818124
27706	0.54222929
27707	0.53670388
27708	0.53162199
27709	0.52699178
27710	0.52281427
27711	0.51908439
27712	0.51579207
27713	0.51292270
27714	0.51045763
27715	0.50837451
27716	0.50664705
27717	0.50524533
27718	0.50413555
27719	0.50327992
27720	0.50263721
27721	0.50216246
27722	0.50180787
27723	0.50152326
27724	0.50125676
27725	0.50095576
27726	0.50056791
27727	0.50004232
27728	0.49933046
27729	0.49838731
27730	0.49717224
27731	0.49564993
27732	0.49379125
27733	0.49157372
27734	0.48898205
27735	0.48600873
27736	0.48265418
27737	0.47892699
27738	0.47484404
27739	0.47043043
27740	0.46571925
27741	0.46075118
27742	0.45557383
27743	0.45024100
27744	0.44481158
27745	0.43934798
27746	0.43391493
27747	0.42857748
27748	0.42339921
27749	0.41844037
27750	0.41375583
27751	0.40939334
27752	0.40539208
27753	0.40178090
27754	0.39857790
27755	0.39578941
27756	0.39341030
27757	0.39142400
27758	0.38980338
27759	0.38851184
27760	0.38750476
27761	0.38673103
27762	0.38613489
27763	0.38565752
27764	0.38523871
27765	0.38481855
27766	0.38433868
27767	0.38374346
27768	0.38298109
27769	0.38200417
27770	0.38077047
27771	0.37924352
27772	0.37739277
27773	0.37519416
27774	0.37263033
27775	0.36969081
27776	0.36637244
27777	0.36267960
27778	0.35862422
27779	0.35422602
27780	0.34951240
27781	0.34451842
27782	0.33928630
27783	0.33386490
27784	0.32830867
27785	0.32267672
27786	0.31703112
27787	0.31143537
27788	0.30595267
27789	0.30064404
27790	0.29556692
27791	0.29077375
27792	0.28631097
27793	0.28221875
27794	0.27853060
27795	0.27527362
27796	0.27246907
27797	0.27013290
27798	0.26827633
27799	0.26690647
27800	0.26602656
27801	0.26563615
27802	0.26573065
27803	0.26630089
27804	0.26733190
27805	0.26880193
27806	0.27068049
27807	0.27292687
27808	0.27548835
27809	0.27829853
27810	0.28127652
27811	0.28432652
27812	0.28733826
27813	0.29018974
27814	0.29274988
27815	0.29488406
27816	0.29645970
27817	0.29735267
27818	0.29745388
27819	0.29667470
27820	0.29495093
27821	0.29224482
27822	0.28854558
27823	0.28386694
27824	0.27824423
27825	0.27173042
27826	0.26439139
27827	0.25630254
27828	0.24754587
27829	0.23820810
27830	0.22838119
27831	0.21816358
27832	0.20766445
27833	0.19700907
27834	0.18634836
27835	0.17587039
27836	0.16581716
27837	0.15650745
27838	0.14836580
27839	0.14196448
27840	0.13807610
27841	0.13774784
27842	0.14239758
27843	0.15394372
27844	0.17497985
27845	0.20900604
27846	0.26074669
27847	0.33659795
27848	0.44529977
27849	0.59901965
27850	0.81531477
27851	1.12105155
27852	1.56113589
27853	2.22042966
27854	3.28853202
27855	NaN
27856	NaN
27857	NaN
27858	NaN
27859	NaN
27860	NaN
27861	NaN
27862	NaN
27863	NaN
27864	NaN
27865	NaN
27866	NaN
27867	NaN
27868	NaN
27869	NaN
27870	NaN
27871	NaN
27872	NaN
27873	NaN
27874	NaN
27875	NaN
27876	NaN
27877	NaN
27878	NaN
27879	NaN
27880	NaN
27881	NaN
27882	NaN
27883	NaN
27884	NaN
27885	NaN
27886	NaN
27887	NaN
27888	NaN
27889	NaN
27890	NaN
27891	NaN
27892	NaN
27893	NaN
27894	NaN
27895	NaN
27896	NaN
27897	NaN
27898	NaN
27899	NaN
27900	NaN
27901	NaN
27902	NaN
27903	NaN
27904	NaN
27905	NaN
27906	NaN
27907	NaN
27908	NaN
27909	NaN
27910	NaN
27911	NaN
27912	NaN
27913	NaN
27914	NaN
27915	NaN
27916	NaN
27917	NaN
27918	NaN
27919	NaN
27920	NaN
27921	NaN
27922	NaN
27923	NaN
27924	NaN
27925	NaN
27926	NaN
27927	NaN
27928	NaN
27929	NaN
27930	NaN
27931	NaN
27932	NaN
27933	NaN
27934	NaN
27935	NaN
27936	NaN
27937	NaN
27938	NaN
27939	NaN
27940	NaN
27941	NaN
27942	NaN
27943	NaN
27944	NaN
27945	1.90630019
27946	1.25147915
27947	1.02573693
27948	0.91360348
27949	0.84805936
27950	0.80616313
27951	0.77791715
27952	0.75825816
27953	0.74434149
27954	0.73444200
27955	0.72745049
27956	0.72262007
27957	0.71942890
27958	0.71750146
27959	0.71656036
27960	0.71639687
27961	0.71685100
27962	0.71779764
27963	0.71913731
27964	0.72078907
27965	0.72268486
27966	0.72476554
27967	0.72697753
27968	0.72926921
27969	0.73158997
27970	0.73388743
27971	0.73610663
27972	0.73818928
27973	0.74007338
27974	0.74169302
27975	0.74297959
27976	0.74386269
27977	0.74427181
27978	0.74413884
27979	0.74340034
27980	0.74200058
27981	0.73989487
27982	0.73705202
27983	0.73345780
27984	0.72911674
27985	0.72405428
27986	0.71831673
27987	0.71197176
27988	0.70510697
27989	0.69782710
27990	0.69025087
27991	0.68250728
27992	0.67473024
27993	0.66705471
27994	0.65961111
27995	0.65252149
27996	0.64589530
27997	0.63982654
27998	0.63439131
27999	0.62964600
28000	0.62562674
28001	0.62234908
28002	0.61980844
28003	0.61798096
28004	0.61682516
28005	0.61628342
28006	0.61628383
28007	0.61674273
28008	0.61756688
28009	0.61865604
28010	0.61990565
28011	0.62120974
28012	0.62246370
28013	0.62356716
28014	0.62442678
28015	0.62495911
28016	0.62509269
28017	0.62477052
28018	0.62395102
28019	0.62260926
28020	0.62073690
28021	0.61834186
28022	0.61544681
28023	0.61208737
28024	0.60830957
28025	0.60416752
28026	0.59972024
28027	0.59502935
28028	0.59015638
28029	0.58516091
28030	0.58009869
28031	0.57502091
28032	0.56997299
28033	0.56499481
28034	0.56012022
28035	0.55537766
28036	0.55079037
28037	0.54637706
28038	0.54215223
28039	0.53812689
28040	0.53430879
28041	0.53070283
28042	0.52731127
28043	0.52413374
28044	0.52116758
28045	0.51840729
28046	0.51584506
28047	0.51347029
28048	0.51126987
28049	0.50922787
28050	0.50732613
28051	0.50554377
28052	0.50385803
28053	0.50224406
28054	0.50067550
28055	0.49912491
28056	0.49756411
28057	0.49596483
28058	0.49429926
28059	0.49254075
28060	0.49066430
28061	0.48864755
28062	0.48647109
28063	0.48411918
28064	0.48158029
28065	0.47884747
28066	0.47591871
28067	0.47279683
28068	0.46949008
28069	0.46601126
28070	0.46237797
28071	0.45861199
28072	0.45473877
28073	0.45078659
28074	0.44678608
28075	0.44276908
28076	0.43876806
28077	0.43481481
28078	0.43093979
28079	0.42717123
28080	0.42353401
28081	0.42004907
28082	0.41673279
28083	0.41359645
28084	0.41064590
28085	0.40788183
28086	0.40529960
28087	0.40288997
28088	0.40063947
28089	0.39853120
28090	0.39654550
28091	0.39466077
28092	0.39285395
28093	0.39110142
28094	0.38937917
28095	0.38766354
28096	0.38593122
28097	0.38415977
28098	0.38232777
28099	0.38041493
28100	0.37840256
28101	0.37627357
28102	0.37401310
28103	0.37160808
28104	0.36904824
28105	0.36632574
28106	0.36343578
28107	0.36037654
28108	0.35714936
28109	0.35375920
28110	0.35021436
28111	0.34652680
28112	0.34271210
28113	0.33878943
28114	0.33478138
28115	0.33071369
28116	0.32661498
28117	0.32251590
28118	0.31844914
28119	0.31444803
28120	0.31054631
28121	0.30677724
28122	0.30317286
28123	0.29976335
28124	0.29657668
28125	0.29363805
28126	0.29096964
28127	0.28859058
28128	0.28651625
28129	0.28475866
28130	0.28332576
28131	0.28222111
28132	0.28144377
28133	0.28098699
28134	0.28083822
28135	0.28097793
28136	0.28137916
28137	0.28200653
28138	0.28281584
28139	0.28375393
28140	0.28475857
28141	0.28575915
28142	0.28667775
28143	0.28743106
28144	0.28793243
28145	0.28809524
28146	0.28783578
28147	0.28707665
28148	0.28574973
28149	0.28379896
28150	0.28118223
28151	0.27787215
28152	0.27385649
28153	0.26913738
28154	0.26372984
28155	0.25765979
28156	0.25096220
28157	0.24367934
28158	0.23585892
28159	0.22755401
28160	0.21882279
28161	0.20973006
28162	0.20034996
28163	0.19076969
28164	0.18109491
28165	0.17145655
28166	0.16201892
28167	0.15298997
28168	0.14463292
28169	0.13728014
28170	0.13134827
28171	0.12735656
28172	0.12594406
28173	0.12789230
28174	0.13414563
28175	0.14583720
28176	0.16431564
28177	0.19118281
28178	0.22834891
28179	0.27812049
28180	0.34335560
28181	0.42773703
28182	0.53628045
28183	0.67626196
28184	0.85903507
28185	1.10378599
28186	1.44607937
28187	1.96020651
28188	2.83097649
28189	NaN
28190	NaN
28191	NaN
28192	NaN
28193	NaN
28194	NaN
28195	NaN
28196	NaN
28197	NaN
28198	NaN
28199	NaN
28200	NaN
28201	NaN
28202	NaN
28203	NaN
28204	NaN
28205	NaN
28206	NaN
28207	NaN
28208	NaN
28209	NaN
28210	NaN
28211	NaN
28212	NaN
28213	NaN
28214	NaN
28215	NaN
28216	NaN
28217	NaN
28218	NaN
28219	NaN
28220	NaN
28221	NaN
28222	NaN
28223	NaN
28224	NaN
28225	NaN
28226	NaN
28227	NaN
28228	NaN
28229	NaN
28230	NaN
28231	NaN
28232	NaN
28233	NaN
28234	NaN
28235	NaN
28236	NaN
28237	NaN
28238	NaN
28239	NaN
28240	NaN
28241	NaN
28242	NaN
28243	NaN
28244	NaN
28245	NaN
28246	NaN
28247	NaN
28248	NaN
28249	NaN
28250	NaN
28251	NaN
28252	NaN
28253	NaN
28254	NaN
28255	NaN
28256	NaN
28257	NaN
28258	NaN
28259	NaN
28260	NaN
28261	NaN
28262	NaN
28263	NaN
28264	NaN
28265	NaN
28266	NaN
28267	NaN
28268	NaN
28269	NaN
28270	NaN
28271	NaN
28272	NaN
28273	NaN
28274	NaN
28275	NaN
28276	2.15799499
28277	1.29928708
28278	1.04680967
28279	0.92871803
28280	0.86180598
28281	0.81970280
28282	0.79142559
28283	0.77158618
28284	0.75723290
28285	0.74661505
28286	0.73863029
28287	0.73255175
28288	0.72788244
28289	0.72427326
28290	0.72147316
28291	0.71929848
28292	0.71761328
28293	0.71631598
28294	0.71532953
28295	0.71459562
28296	0.71406919
28297	0.71371526
28298	0.71350569
28299	0.71341717
28300	0.71342915
28301	0.71352232
28302	0.71367699
28303	0.71387196
28304	0.71408373
28305	0.71428490
28306	0.71444356
28307	0.71452314
28308	0.71448141
28309	0.71427041
28310	0.71383739
28311	0.71312493
28312	0.71207273
28313	0.71061969
28314	0.70870650
28315	0.70627916
28316	0.70329303
28317	0.69971716
28318	0.69553840
28319	0.69076562
28320	0.68543214
28321	0.67959768
28322	0.67334771
28323	0.66679120
28324	0.66005653
28325	0.65328532
28326	0.64662611
28327	0.64022654
28328	0.63422680
28329	0.62875324
28330	0.62391347
28331	0.61979258
28332	0.61645108
28333	0.61392403
28334	0.61222094
28335	0.61132681
28336	0.61120373
28337	0.61179227
28338	0.61301386
28339	0.61477292
28340	0.61695921
28341	0.61945033
28342	0.62211484
28343	0.62481457
28344	0.62740916
28345	0.62975872
28346	0.63172877
28347	0.63319439
28348	0.63404477
28349	0.63418758
28350	0.63355327
28351	0.63209784
28352	0.62980515
28353	0.62668741
28354	0.62278396
28355	0.61815923
28356	0.61289823
28357	0.60710168
28358	0.60088062
28359	0.59435070
28360	0.58762652
28361	0.58081746
28362	0.57402384
28363	0.56733453
28364	0.56082553
28365	0.55455947
28366	0.54858589
28367	0.54294258
28368	0.53765661
28369	0.53274596
28370	0.52822101
28371	0.52408618
28372	0.52034104
28373	0.51698112
28374	0.51399875
28375	0.51138294
28376	0.50911999
28377	0.50719285
28378	0.50558096
28379	0.50425982
28380	0.50320125
28381	0.50237221
28382	0.50173587
28383	0.50125122
28384	0.50087386
28385	0.50055671
28386	0.50025064
28387	0.49990579
28388	0.49947259
28389	0.49890280
28390	0.49815077
28391	0.49717441
28392	0.49593619
28393	0.49440369
28394	0.49255085
28395	0.49035797
28396	0.48781258
28397	0.48490959
28398	0.48165169
28399	0.47804928
28400	0.47412056
28401	0.46989122
28402	0.46539429
28403	0.46066943
28404	0.45576248
28405	0.45072433
28406	0.44561020
28407	0.44047797
28408	0.43538702
28409	0.43039647
28410	0.42556348
28411	0.42094147
28412	0.41657817
28413	0.41251412
28414	0.40878120
28415	0.40540120
28416	0.40238538
28417	0.39973396
28418	0.39743611
28419	0.39547053
28420	0.39380652
28421	0.39240515
28422	0.39122063
28423	0.39020237
28424	0.38929638
28425	0.38844711
28426	0.38759911
28427	0.38669825
28428	0.38569313
28429	0.38453609
28430	0.38318375
28431	0.38159788
28432	0.37974569
28433	0.37760016
28434	0.37514037
28435	0.37235156
28436	0.36922577
28437	0.36576143
28438	0.36196405
28439	0.35784611
28440	0.35342726
28441	0.34873408
28442	0.34379989
28443	0.33866444
28444	0.33337268
28445	0.32797426
28446	0.32252178
28447	0.31706971
28448	0.31167272
28449	0.30638424
28450	0.30125502
28451	0.29633221
28452	0.29165858
28453	0.28727168
28454	0.28320408
28455	0.27948332
28456	0.27613190
28457	0.27316833
28458	0.27060720
28459	0.26845986
28460	0.26673484
28461	0.26543799
28462	0.26457283
28463	0.26414004
28464	0.26413718
28465	0.26455769
28466	0.26538986
28467	0.26661524
28468	0.26820710
28469	0.27012855
28470	0.27233061
28471	0.27475110
28472	0.27731302
28473	0.27992523
28474	0.28248280
28475	0.28486997
28476	0.28696340
28477	0.28863806
28478	0.28977236
28479	0.29025507
28480	0.28999081
28481	0.28890491
28482	0.28694648
28483	0.28408930
28484	0.28033125
28485	0.27569124
28486	0.27020544
28487	0.26392359
28488	0.25690395
28489	0.24921052
28490	0.24091035
28491	0.23207302
28492	0.22277083
28493	0.21308228
28494	0.20309688
28495	0.19292217
28496	0.18269438
28497	0.17259072
28498	0.16284885
28499	0.15378681
28500	0.14583349
28501	0.13956241
28502	0.13573591
28503	0.13535812
28504	0.13973436
28505	0.15054102
28506	0.16989601
28507	0.20043331
28508	0.24536970
28509	0.30857402
28510	0.39466035
28511	0.50915998
28512	0.65892577
28513	0.85305303
28514	1.10492599
28515	1.43675148
28516	1.89019418
28517	2.55429983
28518	3.65583086
28519	NaN
28520	NaN
28521	NaN
28522	NaN
28523	NaN
28524	NaN
28525	NaN
28526	NaN
28527	NaN
28528	NaN
28529	NaN
28530	NaN
28531	NaN
28532	NaN
28533	NaN
28534	NaN
28535	NaN
28536	NaN
28537	NaN
28538	NaN
28539	NaN
28540	NaN
28541	NaN
28542	NaN
28543	NaN
28544	NaN
28545	NaN
28546	NaN
28547	NaN
28548	NaN
28549	NaN
28550	NaN
28551	NaN
28552	NaN
28553	NaN
28554	NaN
28555	NaN
28556	NaN
28557	NaN
28558	NaN
28559	NaN
28560	NaN
28561	NaN
28562	NaN
28563	NaN
28564	NaN
28565	NaN
28566	NaN
28567	NaN
28568	NaN
28569	NaN
28570	NaN
28571	NaN
28572	NaN
28573	NaN
28574	NaN
28575	NaN
28576	NaN
28577	NaN
28578	NaN
28579	NaN
28580	NaN
28581	NaN
28582	NaN
28583	NaN
28584	NaN
28585	NaN
28586	NaN
28587	NaN
28588	NaN
28589	NaN
28590	NaN
28591	NaN
28592	NaN
28593	NaN
28594	NaN
28595	NaN
28596	NaN
28597	NaN
28598	NaN
28599	NaN
28600	NaN
28601	NaN
28602	NaN
28603	NaN
28604	NaN
28605	NaN
28606	NaN
28607	NaN
28608	NaN
28609	2.27943635
28610	1.27525532
28611	1.01077640
28612	0.89212656
28613	0.82688451
28614	0.78704429
28615	0.76121157
28616	0.74387139
28617	0.73202664
28618	0.72390807
28619	0.71840459
28620	0.71478486
28621	0.71254951
28622	0.71134782
28623	0.71092844
28624	0.71110773
28625	0.71174979
28626	0.71275276
28627	0.71403927
28628	0.71554887
28629	0.71723330
28630	0.71905208
28631	0.72096914
28632	0.72295052
28633	0.72496194
28634	0.72696745
28635	0.72892827
28636	0.73080170
28637	0.73254073
28638	0.73409390
28639	0.73540521
28640	0.73641467
28641	0.73705935
28642	0.73727465
28643	0.73699564
28644	0.73615992
28645	0.73471004
28646	0.73259646
28647	0.72978085
28648	0.72623968
28649	0.72196692
28650	0.71697688
28651	0.71130615
28652	0.70501405
28653	0.69818282
28654	0.69091564
28655	0.68333375
28656	0.67557204
28657	0.66777414
28658	0.66008717
28659	0.65265530
28660	0.64561486
28661	0.63908923
28662	0.63318479
28663	0.62798804
28664	0.62356317
28665	0.61995155
28666	0.61717069
28667	0.61521548
28668	0.61405867
28669	0.61365247
28670	0.61393028
28671	0.61480898
28672	0.61619085
28673	0.61796665
28674	0.62001789
28675	0.62222040
28676	0.62444741
28677	0.62657315
28678	0.62847644
28679	0.63004452
28680	0.63117665
28681	0.63178688
28682	0.63180733
28683	0.63118976
28684	0.62990713
28685	0.62795341
28686	0.62534314
28687	0.62210983
28688	0.61830330
28689	0.61398703
28690	0.60923439
28691	0.60412520
28692	0.59874225
28693	0.59316796
28694	0.58748162
28695	0.58175713
28696	0.57606131
28697	0.57045281
28698	0.56498158
28699	0.55968904
28700	0.55460811
28701	0.54976410
28702	0.54517531
28703	0.54085428
28704	0.53680801
28705	0.53303945
28706	0.52954745
28707	0.52632779
28708	0.52337295
28709	0.52067250
28710	0.51821303
28711	0.51597792
28712	0.51394773
28713	0.51209962
28714	0.51040781
28715	0.50884378
28716	0.50737655
28717	0.50597328
28718	0.50459987
28719	0.50322163
28720	0.50180417
28721	0.50031406
28722	0.49871969
28723	0.49699208
28724	0.49510518
28725	0.49303660
28726	0.49076822
28727	0.48828620
28728	0.48558146
28729	0.48264977
28730	0.47949195
28731	0.47611400
28732	0.47252694
28733	0.46874693
28734	0.46479499
28735	0.46069661
28736	0.45648143
28737	0.45218229
28738	0.44783500
28739	0.44347695
28740	0.43914616
28741	0.43488038
28742	0.43071571
28743	0.42668554
28744	0.42281955
28745	0.41914281
28746	0.41567492
28747	0.41242975
28748	0.40941477
28749	0.40663162
28750	0.40407559
28751	0.40173647
28752	0.39959884
28753	0.39764267
28754	0.39584413
28755	0.39417627
28756	0.39260957
28757	0.39111292
28758	0.38965419
28759	0.38820112
28760	0.38672167
28761	0.38518497
28762	0.38356143
28763	0.38182360
28764	0.37994611
28765	0.37790614
28766	0.37568396
28767	0.37326258
28768	0.37062824
28769	0.36777052
28770	0.36468256
28771	0.36136129
28772	0.35780764
28773	0.35402685
28774	0.35002893
28775	0.34582886
28776	0.34144670
28777	0.33690777
28778	0.33224252
28779	0.32748592
28780	0.32267717
28781	0.31785876
28782	0.31307545
28783	0.30837336
28784	0.30379882
28785	0.29939729
28786	0.29521248
28787	0.29128560
28788	0.28765443
28789	0.28435332
28790	0.28141224
28791	0.27885693
28792	0.27670854
28793	0.27498353
28794	0.27369326
28795	0.27284360
28796	0.27243486
28797	0.27246061
28798	0.27290750
28799	0.27375406
28800	0.27497014
28801	0.27651596
28802	0.27834150
28803	0.28038594
28804	0.28257760
28805	0.28483427
28806	0.28706419
28807	0.28916791
28808	0.29104042
28809	0.29257467
28810	0.29366490
28811	0.29421070
28812	0.29412118
28813	0.29331812
28814	0.29173946
28815	0.28934088
28816	0.28609723
28817	0.28200218
28818	0.27706745
28819	0.27132148
28820	0.26480678
28821	0.25757846
28822	0.24970172
28823	0.24125063
28824	0.23230724
28825	0.22296180
28826	0.21331368
28827	0.20347463
28828	0.19357187
28829	0.18375370
28830	0.17419659
28831	0.16511260
28832	0.15676001
28833	0.14945363
28834	0.14357671
28835	0.13959439
28836	0.13806556
28837	0.13965641
28838	0.14514974
28839	0.15545672
28840	0.17162295
28841	0.19483989
28842	0.22645909
28843	0.26802069
28844	0.32131487
28845	0.38849378
28846	0.47228596
28847	0.57638109
28848	0.70613557
28849	0.86989212
28850	1.08161664
28851	1.36663079
28852	1.77574933
28853	2.42704105
28854	3.66881895
28855	NaN
28856	NaN
28857	NaN
28858	NaN
28859	NaN
28860	NaN
28861	NaN
28862	NaN
28863	NaN
28864	NaN
28865	NaN
28866	NaN
28867	NaN
28868	NaN
28869	NaN
28870	NaN
28871	NaN
28872	NaN
28873	NaN
28874	NaN
28875	NaN
28876	NaN
28877	NaN
28878	NaN
28879	NaN
28880	NaN
28881	NaN
28882	NaN
28883	NaN
28884	NaN
28885	NaN
28886	NaN
28887	NaN
28888	NaN
28889	NaN
28890	NaN
28891	NaN
28892	NaN
28893	NaN
28894	NaN
28895	NaN
28896	NaN
28897	NaN
28898	NaN
28899	NaN
28900	NaN
28901	NaN
28902	NaN
28903	NaN
28904	NaN
28905	NaN
28906	NaN
28907	NaN
28908	NaN
28909	NaN
28910	NaN
28911	NaN
28912	NaN
28913	NaN
28914	NaN
28915	NaN
28916	NaN
28917	NaN
28918	NaN
28919	NaN
28920	NaN
28921	NaN
28922	NaN
28923	NaN
28924	NaN
28925	NaN
28926	NaN
28927	NaN
28928	NaN
28929	NaN
28930	NaN
28931	NaN
28932	NaN
28933	NaN
28934	NaN
28935	NaN
28936	NaN
28937	NaN
28938	NaN
28939	NaN
28940	NaN
28941	NaN
28942	NaN
28943	NaN
28944	NaN
28945	NaN
28946	NaN
28947	NaN
28948	1.41175103
28949	1.02731538
28950	0.88989943
28951	0.82220244
28952	0.78347993
28953	0.75932652
28954	0.74337566
28955	0.73239595
28956	0.72458541
28957	0.71887207
28958	0.71458638
28959	0.71129596
28960	0.70871502
28961	0.70665181
28962	0.70497674
28963	0.70360202
28964	0.70246840
28965	0.70153624
28966	0.70077908
28967	0.70017886
28968	0.69972277
28969	0.69940042
28970	0.69920212
28971	0.69911665
28972	0.69913089
28973	0.69922781
28974	0.69938660
28975	0.69958121
28976	0.69978082
28977	0.69994920
28978	0.70004481
28979	0.70002121
28980	0.69982761
28981	0.69941008
28982	0.69871211
28983	0.69767696
28984	0.69624889
28985	0.69437623
28986	0.69201332
28987	0.68912399
28988	0.68568432
28989	0.68168557
28990	0.67713714
28991	0.67206830
28992	0.66652954
28993	0.66059256
28994	0.65434867
28995	0.64790636
28996	0.64138716
28997	0.63492060
28998	0.62863880
28999	0.62267035
29000	0.61713487
29001	0.61213797
29002	0.60776746
29003	0.60408998
29004	0.60114914
29005	0.59896529
29006	0.59753489
29007	0.59683198
29008	0.59680933
29009	0.59740049
29010	0.59852183
29011	0.60007489
29012	0.60194880
29013	0.60402322
29014	0.60617083
29015	0.60826105
29016	0.61016309
29017	0.61174971
29018	0.61290175
29019	0.61351198
29020	0.61348909
29021	0.61276203
29022	0.61128265
29023	0.60902804
29024	0.60600144
29025	0.60223204
29026	0.59777254
29027	0.59269637
29028	0.58709311
29029	0.58106339
29030	0.57471395
29031	0.56815231
29032	0.56148261
29033	0.55480170
29034	0.54819679
29035	0.54174358
29036	0.53550607
29037	0.52953625
29038	0.52387506
29039	0.51855344
29040	0.51359361
29041	0.50901055
29042	0.50481296
29043	0.50100428
29044	0.49758399
29045	0.49454737
29046	0.49188656
29047	0.48959008
29048	0.48764324
29049	0.48602763
29050	0.48472100
29051	0.48369691
29052	0.48292455
29053	0.48236874
29054	0.48198974
29055	0.48174343
29056	0.48158187
29057	0.48145375
29058	0.48130530
29059	0.48108128
29060	0.48072633
29061	0.48018613
29062	0.47940901
29063	0.47834739
29064	0.47695890
29065	0.47520792
29066	0.47306654
29067	0.47051546
29068	0.46754473
29069	0.46415418
29070	0.46035370
29071	0.45616290
29072	0.45161107
29073	0.44673657
29074	0.44158569
29075	0.43621188
29076	0.43067431
29077	0.42503649
29078	0.41936460
29079	0.41372582
29080	0.40818679
29081	0.40281153
29082	0.39765987
29083	0.39278579
29084	0.38823584
29085	0.38404775
29086	0.38024944
29087	0.37685812
29088	0.37387991
29089	0.37130994
29090	0.36913246
29091	0.36732200
29092	0.36584413
29093	0.36465713
29094	0.36371320
29095	0.36296040
29096	0.36234400
29097	0.36180830
29098	0.36129776
29099	0.36075836
29100	0.36013860
29101	0.35939044
29102	0.35846964
29103	0.35733676
29104	0.35595712
29105	0.35430145
29106	0.35234582
29107	0.35007223
29108	0.34746867
29109	0.34452927
29110	0.34125471
29111	0.33765197
29112	0.33373505
29113	0.32952452
29114	0.32504764
29115	0.32033804
29116	0.31543535
29117	0.31038430
29118	0.30523428
29119	0.30003771
29120	0.29484898
29121	0.28972313
29122	0.28471425
29123	0.27987468
29124	0.27525330
29125	0.27089506
29126	0.26684046
29127	0.26312500
29128	0.25977933
29129	0.25682947
29130	0.25429696
29131	0.25219914
29132	0.25054958
29133	0.24935782
29134	0.24862964
29135	0.24836616
29136	0.24856320
29137	0.24921009
29138	0.25028831
29139	0.25176957
29140	0.25361428
29141	0.25576997
29142	0.25816968
29143	0.26073095
29144	0.26335639
29145	0.26593402
29146	0.26833999
29147	0.27044192
29148	0.27210376
29149	0.27319166
29150	0.27358010
29151	0.27315801
29152	0.27183452
29153	0.26954252
29154	0.26624039
29155	0.26191279
29156	0.25656840
29157	0.25023699
29158	0.24296483
29159	0.23481125
29160	0.22584434
29161	0.21613766
29162	0.20576914
29163	0.19481996
29164	0.18337706
29165	0.17153594
29166	0.15940700
29167	0.14712545
29168	0.13486263
29169	0.12284492
29170	0.11137541
29171	0.10086508
29172	0.09187107
29173	0.08514617
29174	0.08170123
29175	0.08287800
29176	0.09043755
29177	0.10665438
29178	0.13441777
29179	0.17732045
29180	0.23973466
29181	0.32686159
29182	0.44478244
29183	0.60057765
29184	0.80268842
29185	1.06188345
29186	1.39351106
29187	1.82252157
29188	2.39485002
29189	3.20590281
29190	NaN
29191	NaN
29192	NaN
29193	NaN
29194	NaN
29195	NaN
29196	NaN
29197	NaN
29198	NaN
29199	NaN
29200	NaN
29201	NaN
29202	NaN
29203	NaN
29204	NaN
29205	NaN
29206	NaN
29207	NaN
29208	NaN
29209	NaN
29210	NaN
29211	NaN
29212	NaN
29213	NaN
29214	NaN
29215	NaN
29216	NaN
29217	NaN
29218	NaN
29219	NaN
29220	NaN
29221	NaN
29222	NaN
29223	NaN
29224	NaN
29225	NaN
29226	NaN
29227	NaN
29228	NaN
29229	NaN
29230	NaN
29231	NaN
29232	NaN
29233	NaN
29234	NaN
29235	NaN
29236	NaN
29237	NaN
29238	NaN
29239	NaN
29240	NaN
29241	NaN
29242	NaN
29243	NaN
29244	NaN
29245	NaN
29246	NaN
29247	NaN
29248	NaN
29249	NaN
29250	NaN
29251	NaN
29252	NaN
29253	NaN
29254	NaN
29255	NaN
29256	NaN
29257	NaN
29258	NaN
29259	NaN
29260	NaN
29261	NaN
29262	NaN
29263	NaN
29264	NaN
29265	NaN
29266	NaN
29267	NaN
29268	NaN
29269	NaN
29270	NaN
29271	NaN
29272	NaN
29273	NaN
29274	NaN
29275	NaN
29276	2.43103409
29277	1.45896137
29278	1.14965975
29279	0.99883938
29280	0.91043431
29281	0.85303849
29282	0.81332916
29283	0.78468263
29284	0.76342857
29285	0.74736625
29286	0.73509413
29287	0.72567570
29288	0.71846104
29289	0.71298534
29290	0.70890677
29291	0.70596874
29292	0.70397490
29293	0.70277190
29294	0.70223808
29295	0.70227391
29296	0.70279676
29297	0.70373493
29298	0.70502436
29299	0.70660549
29300	0.70842075
29301	0.71041262
29302	0.71252203
29303	0.71468765
29304	0.71684438
29305	0.71892327
29306	0.72085118
29307	0.72255081
29308	0.72394127
29309	0.72493964
29310	0.72546196
29311	0.72542614
29312	0.72475433
29313	0.72337657
29314	0.72123450
29315	0.71828550
29316	0.71450615
29317	0.70989621
29318	0.70448142
29319	0.69831455
29320	0.69147617
29321	0.68407297
29322	0.67623472
29323	0.66810977
29324	0.65985888
29325	0.65164876
29326	0.64364541
29327	0.63600719
29328	0.62887871
29329	0.62238628
29330	0.61663371
29331	0.61169994
29332	0.60763776
29333	0.60447353
29334	0.60220742
29335	0.60081536
29336	0.60025007
29337	0.60044378
29338	0.60131007
29339	0.60274714
29340	0.60464025
29341	0.60686493
29342	0.60929024
29343	0.61178231
29344	0.61420828
29345	0.61643994
29346	0.61835772
29347	0.61985439
29348	0.62083834
29349	0.62123644
29350	0.62099576
29351	0.62008440
29352	0.61849207
29353	0.61622858
29354	0.61332226
29355	0.60981721
29356	0.60577053
29357	0.60124880
29358	0.59632480
29359	0.59107429
29360	0.58557349
29361	0.57989669
29362	0.57411414
29363	0.56829089
29364	0.56248605
29365	0.55675209
29366	0.55113482
29367	0.54567355
29368	0.54040140
29369	0.53534567
29370	0.53052866
29371	0.52596772
29372	0.52167606
29373	0.51766318
29374	0.51393491
29375	0.51049381
29376	0.50733900
29377	0.50446647
29378	0.50186861
29379	0.49953428
29380	0.49744865
29381	0.49559310
29382	0.49394515
29383	0.49247861
29384	0.49116400
29385	0.48996860
29386	0.48885730
29387	0.48779300
29388	0.48673761
29389	0.48565274
29390	0.48450059
29391	0.48324481
29392	0.48185137
29393	0.48028940
29394	0.47853163
29395	0.47655526
29396	0.47434229
29397	0.47188002
29398	0.46916163
29399	0.46618611
29400	0.46295896
29401	0.45949182
29402	0.45580262
29403	0.45191541
29404	0.44785953
29405	0.44366917
29406	0.43938249
29407	0.43504032
29408	0.43068510
29409	0.42635953
29410	0.42210504
29411	0.41796082
29412	0.41396213
29413	0.41013938
29414	0.40651721
29415	0.40311366
29416	0.39993998
29417	0.39700034
29418	0.39429197
29419	0.39180577
29420	0.38952670
29421	0.38743466
29422	0.38550523
29423	0.38371065
29424	0.38202059
29425	0.38040304
29426	0.37882498
29427	0.37725320
29428	0.37565476
29429	0.37399793
29430	0.37225217
29431	0.37038898
29432	0.36838222
29433	0.36620820
29434	0.36384642
29435	0.36127940
29436	0.35849312
29437	0.35547724
29438	0.35222515
29439	0.34873432
29440	0.34500644
29441	0.34104785
29442	0.33686936
29443	0.33248702
29444	0.32792157
29445	0.32319891
29446	0.31834960
29447	0.31340867
29448	0.30841491
29449	0.30341002
29450	0.29843807
29451	0.29354420
29452	0.28877392
29453	0.28417197
29454	0.27978149
29455	0.27564353
29456	0.27179620
29457	0.26827440
29458	0.26510945
29459	0.26232901
29460	0.25995648
29461	0.25801119
29462	0.25650835
29463	0.25545800
29464	0.25486529
29465	0.25472954
29466	0.25504392
29467	0.25579447
29468	0.25695929
29469	0.25850832
29470	0.26040179
29471	0.26259029
29472	0.26501408
29473	0.26760307
29474	0.27027687
29475	0.27294579
29476	0.27551186
29477	0.27787060
29478	0.27991349
29479	0.28153041
29480	0.28261304
29481	0.28305784
29482	0.28276968
29483	0.28166500
29484	0.27967474
29485	0.27674747
29486	0.27285081
29487	0.26797390
29488	0.26212749
29489	0.25534403
29490	0.24767701
29491	0.23919886
29492	0.23000011
29493	0.22018741
29494	0.20988299
29495	0.19922473
29496	0.18836735
29497	0.17748421
29498	0.16677122
29499	0.15645121
29500	0.14677866
29501	0.13804606
29502	0.13058974
29503	0.12479597
29504	0.12110566
29505	0.12001923
29506	0.12209872
29507	0.12796907
29508	0.13831918
29509	0.15390231
29510	0.17554188
29511	0.20414305
29512	0.24072082
29513	0.28645098
29514	0.34276158
29515	0.41149151
29516	0.49515748
29517	0.59741396
29518	0.72387302
29519	0.88366282
29520	1.09262717
29521	1.38065565
29522	1.81112301
29523	2.54479694
29524	4.14046717
29525	NaN
29526	NaN
29527	NaN
29528	NaN
29529	NaN
29530	NaN
29531	NaN
29532	NaN
29533	NaN
29534	NaN
29535	NaN
29536	NaN
29537	NaN
29538	NaN
29539	NaN
29540	NaN
29541	NaN
29542	NaN
29543	NaN
29544	NaN
29545	NaN
29546	NaN
29547	NaN
29548	NaN
29549	NaN
29550	NaN
29551	NaN
29552	NaN
29553	NaN
29554	NaN
29555	NaN
29556	NaN
29557	NaN
29558	NaN
29559	NaN
29560	NaN
29561	NaN
29562	NaN
29563	NaN
29564	NaN
29565	NaN
29566	NaN
29567	NaN
29568	NaN
29569	NaN
29570	NaN
29571	NaN
29572	NaN
29573	NaN
29574	NaN
29575	NaN
29576	NaN
29577	NaN
29578	NaN
29579	NaN
29580	NaN
29581	NaN
29582	NaN
29583	NaN
29584	NaN
29585	NaN
29586	NaN
29587	NaN
29588	NaN
29589	NaN
29590	NaN
29591	NaN
29592	NaN
29593	NaN
29594	NaN
29595	NaN
29596	NaN
29597	NaN
29598	NaN
29599	NaN
29600	NaN
29601	NaN
29602	NaN
29603	NaN
29604	NaN
29605	NaN
29606	NaN
29607	NaN
29608	NaN
29609	1.59799790
29610	1.12994611
29611	0.95494509
29612	0.86518472
29613	0.81170446
29614	0.77695751
29615	0.75309539
29616	0.73607790
29617	0.72361255
29618	0.71430165
29619	0.70724517
29620	0.70183897
29621	0.69766372
29622	0.69442111
29623	0.69189537
29624	0.68992764
29625	0.68840057
29626	0.68722653
29627	0.68633991
29628	0.68569124
29629	0.68524277
29630	0.68496501
29631	0.68483400
29632	0.68482912
29633	0.68493086
29634	0.68511981
29635	0.68537527
29636	0.68567389
29637	0.68598908
29638	0.68629068
29639	0.68654406
29640	0.68671000
29641	0.68674505
29642	0.68660140
29643	0.68622774
29644	0.68557012
29645	0.68457347
29646	0.68318343
29647	0.68134850
29648	0.67902303
29649	0.67617023
29650	0.67276549
29651	0.66879970
29652	0.66428202
29653	0.65924239
29654	0.65373248
29655	0.64782584
29656	0.64161628
29657	0.63521522
29658	0.62874722
29659	0.62234479
29660	0.61614245
29661	0.61027098
29662	0.60485113
29663	0.59998918
29664	0.59577256
29665	0.59226727
29666	0.58951610
29667	0.58753812
29668	0.58632910
29669	0.58586246
29670	0.58609092
29671	0.58694851
29672	0.58835220
29673	0.59020466
29674	0.59239602
29675	0.59480703
29676	0.59731132
29677	0.59977853
29678	0.60207772
29679	0.60408103
29680	0.60566753
29681	0.60672760
29682	0.60716647
29683	0.60690868
29684	0.60590082
29685	0.60411376
29686	0.60154408
29687	0.59821379
29688	0.59416848
29689	0.58947468
29690	0.58421588
29691	0.57848763
29692	0.57239312
29693	0.56603777
29694	0.55952525
29695	0.55295378
29696	0.54641324
29697	0.53998351
29698	0.53373331
29699	0.52772003
29700	0.52198982
29701	0.51657856
29702	0.51151270
29703	0.50681019
29704	0.50248182
29705	0.49853218
29706	0.49496025
29707	0.49176073
29708	0.48892403
29709	0.48643681
29710	0.48428231
29711	0.48244023
29712	0.48088670
29713	0.47959426
29714	0.47853169
29715	0.47766405
29716	0.47695270
29717	0.47635540
29718	0.47582692
29719	0.47531927
29720	0.47478291
29721	0.47416726
29722	0.47342217
29723	0.47249922
29724	0.47135279
29725	0.46994162
29726	0.46822989
29727	0.46618828
29728	0.46379474
29729	0.46103507
29730	0.45790333
29731	0.45440176
29732	0.45054084
29733	0.44633895
29734	0.44182205
29735	0.43702325
29736	0.43198234
29737	0.42674500
29738	0.42136222
29739	0.41588938
29740	0.41038516
29741	0.40491033
29742	0.39952624
29743	0.39429328
29744	0.38926882
29745	0.38450575
29746	0.38005015
29747	0.37594017
29748	0.37220436
29749	0.36886069
29750	0.36591619
29751	0.36336675
29752	0.36119753
29753	0.35938376
29754	0.35789201
29755	0.35668132
29756	0.35570487
29757	0.35491151
29758	0.35424706
29759	0.35365617
29760	0.35308313
29761	0.35247332
29762	0.35177410
29763	0.35093579
29764	0.34991238
29765	0.34866220
29766	0.34714857
29767	0.34534037
29768	0.34321260
29769	0.34074700
29770	0.33793205
29771	0.33476382
29772	0.33124584
29773	0.32738939
29774	0.32321334
29775	0.31874400
29776	0.31401455
29777	0.30906448
29778	0.30393887
29779	0.29868713
29780	0.29336205
29781	0.28801847
29782	0.28271192
29783	0.27749738
29784	0.27242798
29785	0.26755393
29786	0.26292166
29787	0.25857314
29788	0.25454536
29789	0.25087041
29790	0.24757499
29791	0.24468127
29792	0.24220653
29793	0.24016385
29794	0.23856226
29795	0.23740686
29796	0.23669866
29797	0.23643449
29798	0.23660666
29799	0.23720182
29800	0.23820065
29801	0.23957632
29802	0.24129322
29803	0.24330617
29804	0.24555877
29805	0.24798280
29806	0.25049770
29807	0.25301105
29808	0.25541952
29809	0.25761160
29810	0.25947082
29811	0.26088035
29812	0.26172844
29813	0.26191315
29814	0.26134801
29815	0.25996530
29816	0.25771877
29817	0.25458497
29818	0.25056121
29819	0.24566445
29820	0.23992728
29821	0.23339503
29822	0.22612199
29823	0.21816905
29824	0.20960246
29825	0.20049372
29826	0.19092230
29827	0.18097822
29828	0.17076924
29829	0.16042852
29830	0.15012620
29831	0.14008372
29832	0.13059281
29833	0.12203979
29834	0.11493562
29835	0.10995571
29836	0.10798807
29837	0.11019544
29838	0.11809057
29839	0.13362996
29840	0.15932912
29841	0.19840509
29842	0.25496447
29843	0.33426753
29844	0.44315371
29845	0.59079075
29846	0.79015774
29847	1.06116176
29848	1.43769193
29849	1.98527503
29850	2.85272217
29851	NaN
29852	NaN
29853	NaN
29854	NaN
29855	NaN
29856	NaN
29857	NaN
29858	NaN
29859	NaN
29860	NaN
29861	NaN
29862	NaN
29863	NaN
29864	NaN
29865	NaN
29866	NaN
29867	NaN
29868	NaN
29869	NaN
29870	NaN
29871	NaN
29872	NaN
29873	NaN
29874	NaN
29875	NaN
29876	NaN
29877	NaN
29878	NaN
29879	NaN
29880	NaN
29881	NaN
29882	NaN
29883	NaN
29884	NaN
29885	NaN
29886	NaN
29887	NaN
29888	NaN
29889	NaN
29890	NaN
29891	NaN
29892	NaN
29893	NaN
29894	NaN
29895	NaN
29896	NaN
29897	NaN
29898	NaN
29899	NaN
29900	NaN
29901	NaN
29902	NaN
29903	NaN
29904	NaN
29905	NaN
29906	NaN
29907	NaN
29908	NaN
29909	NaN
29910	NaN
29911	NaN
29912	NaN
29913	NaN
29914	NaN
29915	NaN
29916	NaN
29917	NaN
29918	NaN
29919	NaN
29920	NaN
29921	NaN
29922	NaN
29923	NaN
29924	NaN
29925	NaN
29926	NaN
29927	NaN
29928	NaN
29929	NaN
29930	NaN
29931	NaN
29932	NaN
29933	NaN
29934	NaN
29935	NaN
29936	NaN
29937	NaN
29938	4.43570709
29939	1.59458566
29940	1.15768814
29941	0.98270118
29942	0.88979203
29943	0.83314514
29944	0.79571241
29945	0.76968926
29946	0.75099319
29947	0.73727810
29948	0.72709912
29949	0.71951717
29950	0.71389592
29951	0.70978934
29952	0.70687610
29953	0.70491952
29954	0.70374167
29955	0.70320642
29956	0.70320719
29957	0.70365936
29958	0.70449322
29959	0.70564985
29960	0.70707709
29961	0.70872658
29962	0.71055180
29963	0.71250564
29964	0.71453953
29965	0.71660191
29966	0.71863776
29967	0.72058797
29968	0.72238922
29969	0.72397411
29970	0.72527206
29971	0.72620964
29972	0.72671282
29973	0.72670823
29974	0.72612613
29975	0.72490299
29976	0.72298515
29977	0.72033179
29978	0.71691883
29979	0.71274185
29980	0.70781910
29981	0.70219260
29982	0.69592905
29983	0.68911898
29984	0.68187428
29985	0.67432451
29986	0.66661215
29987	0.65888673
29988	0.65129864
29989	0.64399320
29990	0.63710463
29991	0.63075161
29992	0.62503278
29993	0.62002414
29994	0.61577767
29995	0.61232054
29996	0.60965538
29997	0.60776156
29998	0.60659713
29999	0.60610104
30000	0.60619557
30001	0.60678935
30002	0.60778022
30003	0.60905838
30004	0.61050928
30005	0.61201710
30006	0.61346781
30007	0.61475223
30008	0.61576939
30009	0.61642915
30010	0.61665493
30011	0.61638576
30012	0.61557770
30013	0.61420476
30014	0.61225915
30015	0.60974997
30016	0.60670239
30017	0.60315526
30018	0.59915847
30019	0.59477037
30020	0.59005487
30021	0.58507824
30022	0.57990730
30023	0.57460648
30024	0.56923676
30025	0.56385398
30026	0.55850798
30027	0.55324262
30028	0.54809535
30029	0.54309756
30030	0.53827512
30031	0.53364873
30032	0.52923471
30033	0.52504545
30034	0.52109015
30035	0.51737499
30036	0.51390332
30037	0.51067597
30038	0.50769138
30039	0.50494504
30040	0.50242978
30041	0.50013518
30042	0.49804780
30043	0.49615085
30044	0.49442437
30045	0.49284515
30046	0.49138704
30047	0.49002126
30048	0.48871693
30049	0.48744151
30050	0.48616135
30051	0.48484248
30052	0.48345137
30053	0.48195559
30054	0.48032475
30055	0.47853115
30056	0.47655064
30057	0.47436315
30058	0.47195354
30059	0.46931186
30060	0.46643394
30061	0.46332157
30062	0.45998269
30063	0.45643118
30064	0.45268694
30065	0.44877514
30066	0.44472578
30067	0.44057289
30068	0.43635345
30069	0.43210655
30070	0.42787197
30071	0.42368913
30072	0.41959566
30073	0.41562659
30074	0.41181263
30075	0.40817982
30076	0.40474841
30077	0.40153241
30078	0.39853927
30079	0.39576992
30080	0.39321902
30081	0.39087513
30082	0.38872182
30083	0.38673806
30084	0.38489926
30085	0.38317823
30086	0.38154602
30087	0.37997279
30088	0.37842873
30089	0.37688464
30090	0.37531260
30091	0.37368649
30092	0.37198213
30093	0.37017757
30094	0.36825323
30095	0.36619189
30096	0.36397851
30097	0.36160022
30098	0.35904604
30099	0.35630715
30100	0.35337692
30101	0.35025084
30102	0.34692740
30103	0.34340808
30104	0.33969808
30105	0.33580679
30106	0.33174825
30107	0.32754117
30108	0.32320926
30109	0.31878090
30110	0.31428850
30111	0.30976811
30112	0.30525839
30113	0.30079967
30114	0.29643300
30115	0.29219943
30116	0.28813875
30117	0.28428912
30118	0.28068641
30119	0.27736393
30120	0.27435201
30121	0.27167773
30122	0.26936471
30123	0.26743302
30124	0.26589870
30125	0.26477310
30126	0.26406285
30127	0.26376840
30128	0.26388368
30129	0.26439479
30130	0.26527923
30131	0.26650482
30132	0.26802900
30133	0.26979798
30134	0.27174658
30135	0.27379864
30136	0.27586722
30137	0.27785629
30138	0.27966234
30139	0.28117719
30140	0.28229073
30141	0.28289407
30142	0.28288373
30143	0.28216451
30144	0.28065291
30145	0.27827939
30146	0.27499110
30147	0.27075207
30148	0.26554433
30149	0.25936738
30150	0.25223699
30151	0.24418409
30152	0.23525335
30153	0.22550155
30154	0.21499652
30155	0.20381714
30156	0.19205308
30157	0.17980646
30158	0.16719474
30159	0.15435384
30160	0.14144410
30161	0.12865657
30162	0.11622118
30163	0.10441577
30164	0.09357566
30165	0.08410493
30166	0.07648498
30167	0.07128586
30168	0.06917281
30169	0.07091736
30170	0.07740382
30171	0.08964260
30172	0.10879046
30173	0.13618465
30174	0.17340937
30175	0.22240853
30176	0.28568572
30177	0.36665136
30178	0.47024983
30179	0.60412169
30180	0.78091389
30181	1.02331340
30182	1.37641573
30183	1.94406581
30184	3.02921200
30185	NaN
30186	NaN
30187	NaN
30188	NaN
30189	NaN
30190	NaN
30191	NaN
30192	NaN
30193	NaN
30194	NaN
30195	NaN
30196	NaN
30197	NaN
30198	NaN
30199	NaN
30200	NaN
30201	NaN
30202	NaN
30203	NaN
30204	NaN
30205	NaN
30206	NaN
30207	NaN
30208	NaN
30209	NaN
30210	NaN
30211	NaN
30212	NaN
30213	NaN
30214	NaN
30215	NaN
30216	NaN
30217	NaN
30218	NaN
30219	NaN
30220	NaN
30221	NaN
30222	NaN
30223	NaN
30224	NaN
30225	NaN
30226	NaN
30227	NaN
30228	NaN
30229	NaN
30230	NaN
30231	NaN
30232	NaN
30233	NaN
30234	NaN
30235	NaN
30236	NaN
30237	NaN
30238	NaN
30239	NaN
30240	NaN
30241	NaN
30242	NaN
30243	NaN
30244	NaN
30245	NaN
30246	NaN
30247	NaN
30248	NaN
30249	NaN
30250	NaN
30251	NaN
30252	NaN
30253	NaN
30254	NaN
30255	NaN
30256	NaN
30257	NaN
30258	NaN
30259	NaN
30260	NaN
30261	NaN
30262	NaN
30263	NaN
30264	NaN
30265	NaN
30266	NaN
30267	NaN
30268	NaN
30269	NaN
30270	NaN
30271	NaN
30272	NaN
30273	NaN
30274	NaN
30275	NaN
30276	NaN
30277	NaN
30278	NaN
30279	NaN
30280	3.30019546
30281	1.46961844
30282	1.09701240
30283	0.94139135
30284	0.85839480
30285	0.80817974
30286	0.77535254
30287	0.75272822
30288	0.73651791
30289	0.72454524
30290	0.71547955
30291	0.70846868
30292	0.70294702
30293	0.69852847
30294	0.69494414
30295	0.69200367
30296	0.68957043
30297	0.68754542
30298	0.68585622
30299	0.68444884
30300	0.68328238
30301	0.68232465
30302	0.68154871
30303	0.68093103
30304	0.68044871
30305	0.68007845
30306	0.67979515
30307	0.67957121
30308	0.67937601
30309	0.67917496
30310	0.67893016
30311	0.67859995
30312	0.67813921
30313	0.67750013
30314	0.67663300
30315	0.67548728
30316	0.67401284
30317	0.67216235
30318	0.66989285
30319	0.66716892
30320	0.66396493
30321	0.66026837
30322	0.65608197
30323	0.65142643
30324	0.64634150
30325	0.64088672
30326	0.63514042
30327	0.62919801
30328	0.62316829
30329	0.61716932
30330	0.61132300
30331	0.60575020
30332	0.60056484
30333	0.59586912
30334	0.59174955
30335	0.58827347
30336	0.58548719
30337	0.58341461
30338	0.58205718
30339	0.58139426
30340	0.58138430
30341	0.58196640
30342	0.58306229
30343	0.58457822
30344	0.58640784
30345	0.58843440
30346	0.59053391
30347	0.59257865
30348	0.59444034
30349	0.59599423
30350	0.59712338
30351	0.59772259
30352	0.59770232
30353	0.59699273
30354	0.59554625
30355	0.59333992
30356	0.59037602
30357	0.58668160
30358	0.58230680
30359	0.57732171
30360	0.57181233
30361	0.56587601
30362	0.55961645
30363	0.55313897
30364	0.54654640
30365	0.53993529
30366	0.53339338
30367	0.52699804
30368	0.52081478
30369	0.51489776
30370	0.50928974
30371	0.50402319
30372	0.49912110
30373	0.49459842
30374	0.49046293
30375	0.48671672
30376	0.48335677
30377	0.48037598
30378	0.47776347
30379	0.47550517
30380	0.47358394
30381	0.47197956
30382	0.47066855
30383	0.46962419
30384	0.46881619
30385	0.46821049
30386	0.46776944
30387	0.46745160
30388	0.46721229
30389	0.46700400
30390	0.46677721
30391	0.46648127
30392	0.46606576
30393	0.46548149
30394	0.46468186
30395	0.46362439
30396	0.46227154
30397	0.46059200
30398	0.45856136
30399	0.45616299
30400	0.45338818
30401	0.45023650
30402	0.44671592
30403	0.44284257
30404	0.43864039
30405	0.43414095
30406	0.42938244
30407	0.42440933
30408	0.41927126
30409	0.41402209
30410	0.40871882
30411	0.40342006
30412	0.39818481
30413	0.39307085
30414	0.38813323
30415	0.38342252
30416	0.37898341
30417	0.37485316
30418	0.37106037
30419	0.36762398
30420	0.36455271
30421	0.36184469
30422	0.35948795
30423	0.35746065
30424	0.35573217
30425	0.35426438
30426	0.35301301
30427	0.35192907
30428	0.35096073
30429	0.35005447
30430	0.34915671
30431	0.34821501
30432	0.34717926
30433	0.34600261
30434	0.34464231
30435	0.34306040
30436	0.34122437
30437	0.33910754
30438	0.33668971
30439	0.33395725
30440	0.33090359
30441	0.32752925
30442	0.32384211
30443	0.31985718
30444	0.31559670
30445	0.31108928
30446	0.30637008
30447	0.30147931
30448	0.29646185
30449	0.29136607
30450	0.28624243
30451	0.28114253
30452	0.27611753
30453	0.27121693
30454	0.26648766
30455	0.26197281
30456	0.25771096
30457	0.25373590
30458	0.25007600
30459	0.24675433
30460	0.24378891
30461	0.24119283
30462	0.23897445
30463	0.23713803
30464	0.23568381
30465	0.23460838
30466	0.23390457
30467	0.23356158
30468	0.23356442
30469	0.23389387
30470	0.23452523
30471	0.23542811
30472	0.23656525
30473	0.23789175
30474	0.23935448
30475	0.24089149
30476	0.24243230
30477	0.24389821
30478	0.24520397
30479	0.24625960
30480	0.24697354
30481	0.24725613
30482	0.24702328
30483	0.24620074
30484	0.24472718
30485	0.24255729
30486	0.23966283
30487	0.23603347
30488	0.23167534
30489	0.22660944
30490	0.22086886
30491	0.21449624
30492	0.20754150
30493	0.20005907
30494	0.19210808
30495	0.18375196
30496	0.17506018
30497	0.16611202
30498	0.15700118
30499	0.14784350
30500	0.13878596
30501	0.13002051
30502	0.12179889
30503	0.11445353
30504	0.10842282
30505	0.10428099
30506	0.10277676
30507	0.10487526
30508	0.11181132
30509	0.12514499
30510	0.14682566
30511	0.17926034
30512	0.22538988
30513	0.28878364
30514	0.37377489
30515	0.48570901
30516	0.63142556
30517	0.82025909
30518	1.06614518
30519	1.39217913
30520	1.84124339
30521	2.50408220
30522	3.60995173
30523	NaN
30524	NaN
30525	NaN
30526	NaN
30527	NaN
30528	NaN
30529	NaN
30530	NaN
30531	NaN
30532	NaN
30533	NaN
30534	NaN
30535	NaN
30536	NaN
30537	NaN
30538	NaN
30539	NaN
30540	NaN
30541	NaN
30542	NaN
30543	NaN
30544	NaN
30545	NaN
30546	NaN
30547	NaN
30548	NaN
30549	NaN
30550	NaN
30551	NaN
30552	NaN
30553	NaN
30554	NaN
30555	NaN
30556	NaN
30557	NaN
30558	NaN
30559	NaN
30560	NaN
30561	NaN
30562	NaN
30563	NaN
30564	NaN
30565	NaN
30566	NaN
30567	NaN
30568	NaN
30569	NaN
30570	NaN
30571	NaN
30572	NaN
30573	NaN
30574	NaN
30575	NaN
30576	NaN
30577	NaN
30578	NaN
30579	NaN
30580	NaN
30581	NaN
30582	NaN
30583	NaN
30584	NaN
30585	NaN
30586	NaN
30587	NaN
30588	NaN
30589	NaN
30590	NaN
30591	NaN
30592	NaN
30593	NaN
30594	NaN
30595	NaN
30596	NaN
30597	NaN
30598	NaN
30599	NaN
30600	NaN
30601	NaN
30602	NaN
30603	NaN
30604	NaN
30605	NaN
30606	NaN
30607	NaN
30608	NaN
30609	NaN
30610	NaN
30611	NaN
30612	NaN
30613	2.60333586
30614	1.27040863
30615	0.97802413
30616	0.85370320
30617	0.78720033
30618	0.74730396
30619	0.72177011
30620	0.70481110
30621	0.69333518
30622	0.68554205
30623	0.68031418
30624	0.67692304
30625	0.67487586
30626	0.67382920
30627	0.67353833
30628	0.67382526
30629	0.67455900
30630	0.67564136
30631	0.67699766
30632	0.67856997
30633	0.68031180
30634	0.68218452
30635	0.68415403
30636	0.68618852
30637	0.68825626
30638	0.69032419
30639	0.69235677
30640	0.69431520
30641	0.69615620
30642	0.69783276
30643	0.69929314
30644	0.70048189
30645	0.70134002
30646	0.70180666
30647	0.70182008
30648	0.70131975
30649	0.70024884
30650	0.69855666
30651	0.69620198
30652	0.69315583
30653	0.68940473
30654	0.68495333
30655	0.67982662
30656	0.67407125
30657	0.66775578
30658	0.66096985
30659	0.65382195
30660	0.64643604
30661	0.63894713
30662	0.63149583
30663	0.62422335
30664	0.61726552
30665	0.61074769
30666	0.60478014
30667	0.59945476
30668	0.59484226
30669	0.59099054
30670	0.58792436
30671	0.58564526
30672	0.58413285
30673	0.58334607
30674	0.58322543
30675	0.58369499
30676	0.58466506
30677	0.58603472
30678	0.58769453
30679	0.58952993
30680	0.59142369
30681	0.59325975
30682	0.59492612
30683	0.59631830
30684	0.59734249
30685	0.59791833
30686	0.59798121
30687	0.59748435
30688	0.59639943
30689	0.59471714
30690	0.59244621
30691	0.58961213
30692	0.58625495
30693	0.58242679
30694	0.57818830
30695	0.57360631
30696	0.56875014
30697	0.56368947
30698	0.55849159
30699	0.55321968
30700	0.54793131
30701	0.54267788
30702	0.53750372
30703	0.53244632
30704	0.52753651
30705	0.52279890
30706	0.51825249
30707	0.51391166
30708	0.50978678
30709	0.50588465
30710	0.50220954
30711	0.49876308
30712	0.49554482
30713	0.49255219
30714	0.48978034
30715	0.48722199
30716	0.48486733
30717	0.48270345
30718	0.48071459
30719	0.47888163
30720	0.47718248
30721	0.47559181
30722	0.47408181
30723	0.47262204
30724	0.47118017
30725	0.46972263
30726	0.46821511
30727	0.46662346
30728	0.46491453
30729	0.46305689
30730	0.46102208
30731	0.45878506
30732	0.45632514
30733	0.45362705
30734	0.45068106
30735	0.44748366
30736	0.44403794
30737	0.44035360
30738	0.43644685
30739	0.43234017
30740	0.42806199
30741	0.42364576
30742	0.41912937
30743	0.41455391
30744	0.40996271
30745	0.40540019
30746	0.40091023
30747	0.39653522
30748	0.39231443
30749	0.38828298
30750	0.38447061
30751	0.38090080
30752	0.37759006
30753	0.37454751
30754	0.37177467
30755	0.36926571
30756	0.36700767
30757	0.36498117
30758	0.36316121
30759	0.36151814
30760	0.36001855
30761	0.35862634
30762	0.35730395
30763	0.35601321
30764	0.35471642
30765	0.35337707
30766	0.35196078
30767	0.35043561
30768	0.34877276
30769	0.34694690
30770	0.34493598
30771	0.34272197
30772	0.34029025
30773	0.33763000
30774	0.33473411
30775	0.33159924
30776	0.32822600
30777	0.32461920
30778	0.32078797
30779	0.31674609
30780	0.31251225
30781	0.30810976
30782	0.30356681
30783	0.29891554
30784	0.29419178
30785	0.28943413
30786	0.28468293
30787	0.27997941
30788	0.27536443
30789	0.27087790
30790	0.26655796
30791	0.26244017
30792	0.25855759
30793	0.25494018
30794	0.25161475
30795	0.24860510
30796	0.24593180
30797	0.24361224
30798	0.24166027
30799	0.24008612
30800	0.23889588
30801	0.23809089
30802	0.23766695
30803	0.23761389
30804	0.23791444
30805	0.23854369
30806	0.23946832
30807	0.24064581
30808	0.24202473
30809	0.24354422
30810	0.24513441
30811	0.24671736
30812	0.24820831
30813	0.24951728
30814	0.25055161
30815	0.25121871
30816	0.25142878
30817	0.25109848
30818	0.25015360
30819	0.24853210
30820	0.24618618
30821	0.24308373
30822	0.23920925
30823	0.23456326
30824	0.22916195
30825	0.22303510
30826	0.21622537
30827	0.20878588
30828	0.20077938
30829	0.19227824
30830	0.18336438
30831	0.17413118
30832	0.16468641
30833	0.15515687
30834	0.14569393
30835	0.13648155
30836	0.12774445
30837	0.11975869
30838	0.11286272
30839	0.10746904
30840	0.10407662
30841	0.10328218
30842	0.10579223
30843	0.11243298
30844	0.12416183
30845	0.14208069
30846	0.16745584
30847	0.20175438
30848	0.24670507
30849	0.30441436
30850	0.37756863
30851	0.46979925
30852	0.58634394
30853	0.73528230
30854	0.93000925
30855	1.19462764
30856	1.57720232
30857	2.18879271
30858	3.35483670
30859	NaN
30860	NaN
30861	NaN
30862	NaN
30863	NaN
30864	NaN
30865	NaN
30866	NaN
30867	NaN
30868	NaN
30869	NaN
30870	NaN
30871	NaN
30872	NaN
30873	NaN
30874	NaN
30875	NaN
30876	NaN
30877	NaN
30878	NaN
30879	NaN
30880	NaN
30881	NaN
30882	NaN
30883	NaN
30884	NaN
30885	NaN
30886	NaN
30887	NaN
30888	NaN
30889	NaN
30890	NaN
30891	NaN
30892	NaN
30893	NaN
30894	NaN
30895	NaN
30896	NaN
30897	NaN
30898	NaN
30899	NaN
30900	NaN
30901	NaN
30902	NaN
30903	NaN
30904	NaN
30905	NaN
30906	NaN
30907	NaN
30908	NaN
30909	NaN
30910	NaN
30911	NaN
30912	NaN
30913	NaN
30914	NaN
30915	NaN
30916	NaN
30917	NaN
30918	NaN
30919	NaN
30920	NaN
30921	NaN
30922	NaN
30923	NaN
30924	NaN
30925	NaN
30926	NaN
30927	NaN
30928	NaN
30929	NaN
30930	NaN
30931	NaN
30932	NaN
30933	NaN
30934	NaN
30935	NaN
30936	NaN
30937	NaN
30938	NaN
30939	NaN
30940	NaN
30941	NaN
30942	NaN
30943	NaN
30944	NaN
30945	NaN
30946	NaN
30947	NaN
30948	NaN
30949	NaN
30950	NaN
30951	NaN
30952	NaN
30953	NaN
30954	2.01298547
30955	1.06136191
30956	0.85667169
30957	0.77202713
30958	0.72822016
30959	0.70286936
30960	0.68723339
30961	0.67721224
30962	0.67064303
30963	0.66628760
30964	0.66339505
30965	0.66149080
30966	0.66026586
30967	0.65951473
30968	0.65909940
30969	0.65892661
30970	0.65893328
30971	0.65907687
30972	0.65932864
30973	0.65966851
30974	0.66008186
30975	0.66055685
30976	0.66108185
30977	0.66164428
30978	0.66222936
30979	0.66281873
30980	0.66339034
30981	0.66391760
30982	0.66436923
30983	0.66470933
30984	0.66489738
30985	0.66488880
30986	0.66463530
30987	0.66408610
30988	0.66318899
30989	0.66189182
30990	0.66014445
30991	0.65790111
30992	0.65512305
30993	0.65178144
30994	0.64786035
30995	0.64336008
30996	0.63829941
30997	0.63271791
30998	0.62667680
30999	0.62025875
31000	0.61356616
31001	0.60671800
31002	0.59984529
31003	0.59308571
31004	0.58657748
31005	0.58045322
31006	0.57483417
31007	0.56982517
31008	0.56551099
31009	0.56195331
31010	0.55918920
31011	0.55723071
31012	0.55606538
31013	0.55565733
31014	0.55594873
31015	0.55686229
31016	0.55830324
31017	0.56016189
31018	0.56231660
31019	0.56463659
31020	0.56698531
31021	0.56922430
31022	0.57121646
31023	0.57283121
31024	0.57394826
31025	0.57446212
31026	0.57428646
31027	0.57335770
31028	0.57163763
31029	0.56911498
31030	0.56580573
31031	0.56175190
31032	0.55701864
31033	0.55169034
31034	0.54586589
31035	0.53965312
31036	0.53316349
31037	0.52650708
31038	0.51978832
31039	0.51310253
31040	0.50653362
31041	0.50015312
31042	0.49401948
31043	0.48817849
31044	0.48266464
31045	0.47750202
31046	0.47270617
31047	0.46828532
31048	0.46424216
31049	0.46057492
31050	0.45727852
31051	0.45434520
31052	0.45176512
31053	0.44952664
31054	0.44761601
31055	0.44601741
31056	0.44471234
31057	0.44367915
31058	0.44289255
31059	0.44232294
31060	0.44193622
31061	0.44169357
31062	0.44155151
31063	0.44146222
31064	0.44137436
31065	0.44123384
31066	0.44098532
31067	0.44057339
31068	0.43994439
31069	0.43904784
31070	0.43783820
31071	0.43627617
31072	0.43432996
31073	0.43197644
31074	0.42920178
31075	0.42600203
31076	0.42238331
31077	0.41836202
31078	0.41396424
31079	0.40922564
31080	0.40419072
31081	0.39891180
31082	0.39344811
31083	0.38786420
31084	0.38222882
31085	0.37661281
31086	0.37108743
31087	0.36572233
31088	0.36058336
31089	0.35573056
31090	0.35121626
31091	0.34708324
31092	0.34336334
31093	0.34007651
31094	0.33723024
31095	0.33481950
31096	0.33282739
31097	0.33122599
31098	0.32997778
31099	0.32903719
31100	0.32835239
31101	0.32786712
31102	0.32752234
31103	0.32725787
31104	0.32701364
31105	0.32673123
31106	0.32635430
31107	0.32582986
31108	0.32510895
31109	0.32414699
31110	0.32290435
31111	0.32134709
31112	0.31944734
31113	0.31718376
31114	0.31454226
31115	0.31151628
31116	0.30810729
31117	0.30432522
31118	0.30018839
31119	0.29572371
31120	0.29096621
31121	0.28595877
31122	0.28075108
31123	0.27539867
31124	0.26996157
31125	0.26450253
31126	0.25908548
31127	0.25377360
31128	0.24862759
31129	0.24370420
31130	0.23905499
31131	0.23472537
31132	0.23075415
31133	0.22717363
31134	0.22400977
31135	0.22128268
31136	0.21900737
31137	0.21719445
31138	0.21585068
31139	0.21497935
31140	0.21458031
31141	0.21465009
31142	0.21518075
31143	0.21615931
31144	0.21756606
31145	0.21937278
31146	0.22154064
31147	0.22401792
31148	0.22673737
31149	0.22961456
31150	0.23254615
31151	0.23540992
31152	0.23806597
31153	0.24035993
31154	0.24212886
31155	0.24320845
31156	0.24344204
31157	0.24269012
31158	0.24083903
31159	0.23780729
31160	0.23354977
31161	0.22805703
31162	0.22135201
31163	0.21348436
31164	0.20452154
31165	0.19454101
31166	0.18362194
31167	0.17184030
31168	0.15926369
31169	0.14595090
31170	0.13195302
31171	0.11731739
31172	0.10209526
31173	0.08635143
31174	0.07018011
31175	0.05372545
31176	0.03721239
31177	0.02099212
31178	0.00560727
31179	-0.00810450
31180	-0.01885491
31181	-0.02464692
31182	-0.02235742
31183	-0.00701047
31184	0.02954387
31185	0.10117617
31186	0.23288663
31187	0.47365266
31188	0.93255764
31189	NaN
31190	NaN
31191	NaN
31192	NaN
31193	NaN
31194	NaN
31195	NaN
31196	NaN
31197	NaN
31198	NaN
31199	NaN
31200	NaN
31201	NaN
31202	NaN
31203	NaN
31204	NaN
31205	NaN
31206	NaN
31207	NaN
31208	NaN
31209	NaN
31210	NaN
31211	NaN
31212	NaN
31213	NaN
31214	NaN
31215	NaN
31216	NaN
31217	NaN
31218	NaN
31219	NaN
31220	NaN
31221	NaN
31222	NaN
31223	NaN
31224	NaN
31225	NaN
31226	NaN
31227	NaN
31228	NaN
31229	NaN
31230	NaN
31231	NaN
31232	NaN
31233	NaN
31234	NaN
31235	NaN
31236	NaN
31237	NaN
31238	NaN
31239	NaN
31240	NaN
31241	NaN
31242	NaN
31243	NaN
31244	NaN
31245	NaN
31246	NaN
31247	NaN
31248	NaN
31249	NaN
31250	NaN
31251	NaN
31252	NaN
31253	NaN
31254	NaN
31255	NaN
31256	NaN
31257	NaN
31258	NaN
31259	NaN
31260	NaN
31261	NaN
31262	NaN
31263	NaN
31264	NaN
31265	NaN
31266	NaN
31267	NaN
31268	NaN
31269	NaN
31270	NaN
31271	NaN
31272	NaN
31273	NaN
31274	NaN
31275	NaN
31276	NaN
31277	NaN
31278	NaN
31279	NaN
31280	NaN
31281	NaN
31282	2.43607140
31283	1.44637191
31284	1.12479508
31285	0.96679938
31286	0.87381130
31287	0.81326890
31288	0.77127630
31289	0.74089575
31290	0.71827269
31291	0.70109093
31292	0.68787342
31293	0.67763317
31294	0.66968530
31295	0.66353959
31296	0.65883660
31297	0.65530610
31298	0.65274131
31299	0.65098035
31300	0.64989436
31301	0.64937752
31302	0.64934105
31303	0.64970779
31304	0.65040815
31305	0.65137762
31306	0.65255398
31307	0.65387577
31308	0.65528131
31309	0.65670758
31310	0.65809000
31311	0.65936196
31312	0.66045570
31313	0.66130215
31314	0.66183251
31315	0.66197920
31316	0.66167760
31317	0.66086823
31318	0.65949881
31319	0.65752697
31320	0.65492249
31321	0.65166992
31322	0.64777082
31323	0.64324516
31324	0.63813233
31325	0.63249141
31326	0.62639993
31327	0.61995232
31328	0.61325651
31329	0.60643053
31330	0.59959787
31331	0.59288251
31332	0.58640450
31333	0.58027518
31334	0.57459331
31335	0.56944197
31336	0.56488615
31337	0.56097144
31338	0.55772316
31339	0.55514699
31340	0.55322933
31341	0.55193895
31342	0.55122828
31343	0.55103582
31344	0.55128795
31345	0.55190134
31346	0.55278534
31347	0.55384433
31348	0.55498058
31349	0.55609649
31350	0.55709767
31351	0.55789512
31352	0.55840814
31353	0.55856645
31354	0.55831230
31355	0.55760175
31356	0.55640596
31357	0.55471140
31358	0.55251926
31359	0.54984504
31360	0.54671633
31361	0.54317129
31362	0.53925616
31363	0.53502268
31364	0.53052598
31365	0.52582186
31366	0.52096534
31367	0.51600832
31368	0.51099896
31369	0.50598061
31370	0.50099134
31371	0.49606383
31372	0.49122581
31373	0.48650014
31374	0.48190579
31375	0.47745815
31376	0.47316995
31377	0.46905178
31378	0.46511263
31379	0.46136028
31380	0.45780146
31381	0.45444196
31382	0.45128646
31383	0.44833806
31384	0.44559816
31385	0.44306564
31386	0.44073656
31387	0.43860370
31388	0.43665591
31389	0.43487799
31390	0.43325058
31391	0.43175006
31392	0.43034896
31393	0.42901617
31394	0.42771778
31395	0.42641762
31396	0.42507875
31397	0.42366391
31398	0.42213714
31399	0.42046469
31400	0.41861627
31401	0.41656595
31402	0.41429326
31403	0.41178387
31404	0.40902990
31405	0.40603057
31406	0.40279216
31407	0.39932775
31408	0.39565700
31409	0.39180523
31410	0.38780287
31411	0.38368416
31412	0.37948593
31413	0.37524664
31414	0.37100458
31415	0.36679703
31416	0.36265886
31417	0.35862151
31418	0.35471240
31419	0.35095397
31420	0.34736353
31421	0.34395307
31422	0.34072906
31423	0.33769262
31424	0.33483982
31425	0.33216190
31426	0.32964578
31427	0.32727429
31428	0.32502708
31429	0.32288104
31430	0.32081106
31431	0.31879082
31432	0.31679341
31433	0.31479207
31434	0.31276092
31435	0.31067547
31436	0.30851296
31437	0.30625293
31438	0.30387729
31439	0.30137056
31440	0.29872015
31441	0.29591614
31442	0.29295161
31443	0.28982276
31444	0.28652883
31445	0.28307223
31446	0.27945873
31447	0.27569753
31448	0.27180105
31449	0.26778495
31450	0.26366800
31451	0.25947160
31452	0.25521925
31453	0.25093621
31454	0.24664870
31455	0.24238333
31456	0.23816648
31457	0.23402366
31458	0.22997905
31459	0.22605513
31460	0.22227255
31461	0.21864970
31462	0.21520302
31463	0.21194690
31464	0.20889376
31465	0.20605431
31466	0.20343767
31467	0.20105112
31468	0.19890024
31469	0.19698866
31470	0.19531752
31471	0.19388506
31472	0.19268622
31473	0.19171180
31474	0.19094804
31475	0.19037633
31476	0.18997277
31477	0.18970826
31478	0.18954845
31479	0.18945442
31480	0.18938312
31481	0.18928815
31482	0.18912084
31483	0.18883137
31484	0.18836991
31485	0.18768822
31486	0.18674053
31487	0.18548518
31488	0.18388592
31489	0.18191247
31490	0.17954199
31491	0.17675921
31492	0.17355727
31493	0.16993740
31494	0.16590920
31495	0.16149093
31496	0.15670858
31497	0.15159689
31498	0.14619951
31499	0.14056988
31500	0.13477269
31501	0.12888564
31502	0.12300254
31503	0.11723573
31504	0.11171995
31505	0.10661565
31506	0.10211328
31507	0.09843587
31508	0.09584208
31509	0.09462842
31510	0.09512886
31511	0.09771506
31512	0.10279284
31513	0.11080008
31514	0.12220234
31515	0.13749158
31516	0.15718658
31517	0.18183929
31518	0.21205267
31519	0.24851052
31520	0.29203501
31521	0.34367627
31522	0.40486282
31523	0.47764879
31524	0.56514102
31525	0.67226791
31526	0.80727154
31527	0.98488355
31528	1.23390627
31529	1.61864030
31530	2.31643724
31531	NaN
31532	NaN
31533	NaN
31534	NaN
31535	NaN
31536	NaN
31537	NaN
31538	NaN
31539	NaN
31540	NaN
31541	NaN
31542	NaN
31543	NaN
31544	NaN
31545	NaN
31546	NaN
31547	NaN
31548	NaN
31549	NaN
31550	NaN
31551	NaN
31552	NaN
31553	NaN
31554	NaN
31555	NaN
31556	NaN
31557	NaN
31558	NaN
31559	NaN
31560	NaN
31561	NaN
31562	NaN
31563	NaN
31564	NaN
31565	NaN
31566	NaN
31567	NaN
31568	NaN
31569	NaN
31570	NaN
31571	NaN
31572	NaN
31573	NaN
31574	NaN
31575	NaN
31576	NaN
31577	NaN
31578	NaN
31579	NaN
31580	NaN
31581	NaN
31582	NaN
31583	NaN
31584	NaN
31585	NaN
31586	NaN
31587	NaN
31588	NaN
31589	NaN
31590	NaN
31591	NaN
31592	NaN
31593	NaN
31594	NaN
31595	NaN
31596	NaN
31597	NaN
31598	NaN
31599	NaN
31600	NaN
31601	NaN
31602	NaN
31603	NaN
31604	NaN
31605	NaN
31606	NaN
31607	NaN
31608	NaN
31609	NaN
31610	1.75773311
31611	1.11732960
31612	0.92410463
31613	0.83214188
31614	0.77907169
31615	0.74496484
31616	0.72148758
31617	0.70454091
31618	0.69187492
31619	0.68215311
31620	0.67453265
31621	0.66845614
31622	0.66354245
31623	0.65952271
31624	0.65620363
31625	0.65344375
31626	0.65113837
31627	0.64920896
31628	0.64759648
31629	0.64625525
31630	0.64514977
31631	0.64425111
31632	0.64353460
31633	0.64297777
31634	0.64255857
31635	0.64225441
31636	0.64204043
31637	0.64188927
31638	0.64177018
31639	0.64164889
31640	0.64148718
31641	0.64124322
31642	0.64087200
31643	0.64032573
31644	0.63955492
31645	0.63850957
31646	0.63714063
31647	0.63540202
31648	0.63325262
31649	0.63065851
31650	0.62759602
31651	0.62405372
31652	0.62003511
31653	0.61556011
31654	0.61066681
31655	0.60541058
31656	0.59986442
31657	0.59411615
31658	0.58826554
31659	0.58242059
31660	0.57669264
31661	0.57119209
31662	0.56602335
31663	0.56128085
31664	0.55704528
31665	0.55338103
31666	0.55033427
31667	0.54793179
31668	0.54618114
31669	0.54507053
31670	0.54457033
31671	0.54463381
31672	0.54519916
31673	0.54619086
31674	0.54752207
31675	0.54909635
31676	0.55080998
31677	0.55255467
31678	0.55422020
31679	0.55569732
31680	0.55688101
31681	0.55767375
31682	0.55798900
31683	0.55775416
31684	0.55691367
31685	0.55543083
31686	0.55328977
31687	0.55049568
31688	0.54707438
31689	0.54307038
31690	0.53854460
31691	0.53357095
31692	0.52823198
31693	0.52261531
31694	0.51680946
31695	0.51090050
31696	0.50496888
31697	0.49908781
31698	0.49332163
31699	0.48772517
31700	0.48234394
31701	0.47721440
31702	0.47236454
31703	0.46781507
31704	0.46358019
31705	0.45966822
31706	0.45608258
31707	0.45282251
31708	0.44988313
31709	0.44725621
31710	0.44492993
31711	0.44288927
31712	0.44111598
31713	0.43958855
31714	0.43828213
31715	0.43716857
31716	0.43621653
31717	0.43539134
31718	0.43465537
31719	0.43396819
31720	0.43328699
31721	0.43256727
31722	0.43176326
31723	0.43082935
31724	0.42972073
31725	0.42839488
31726	0.42681247
31727	0.42493898
31728	0.42274559
31729	0.42021009
31730	0.41731790
31731	0.41406253
31732	0.41044590
31733	0.40647861
31734	0.40217957
31735	0.39757597
31736	0.39270249
31737	0.38760063
31738	0.38231796
31739	0.37690702
31740	0.37142384
31741	0.36592704
31742	0.36047620
31743	0.35513017
31744	0.34994584
31745	0.34497622
31746	0.34026897
31747	0.33586511
31748	0.33179739
31749	0.32808957
31750	0.32475567
31751	0.32179943
31752	0.31921455
31753	0.31698495
31754	0.31508544
31755	0.31348267
31756	0.31213665
31757	0.31100160
31758	0.31002802
31759	0.30916357
31760	0.30835503
31761	0.30754921
31762	0.30669448
31763	0.30574182
31764	0.30464575
31765	0.30336511
31766	0.30186397
31767	0.30011234
31768	0.29808635
31769	0.29576907
31770	0.29315069
31771	0.29022858
31772	0.28700742
31773	0.28349900
31774	0.27972177
31775	0.27570033
31776	0.27146456
31777	0.26704887
31778	0.26249120
31779	0.25783181
31780	0.25311252
31781	0.24837528
31782	0.24366149
31783	0.23901102
31784	0.23446141
31785	0.23004721
31786	0.22579944
31787	0.22174534
31788	0.21790813
31789	0.21430694
31790	0.21095718
31791	0.20787059
31792	0.20505577
31793	0.20251849
31794	0.20026204
31795	0.19828741
31796	0.19659340
31797	0.19517668
31798	0.19403127
31799	0.19314855
31800	0.19251621
31801	0.19211781
31802	0.19193226
31803	0.19193278
31804	0.19208646
31805	0.19235381
31806	0.19268875
31807	0.19303848
31808	0.19334432
31809	0.19354273
31810	0.19356713
31811	0.19334963
31812	0.19282371
31813	0.19192694
31814	0.19060309
31815	0.18880446
31816	0.18649387
31817	0.18364528
31818	0.18024442
31819	0.17628838
31820	0.17178515
31821	0.16675225
31822	0.16121618
31823	0.15521134
31824	0.14877975
31825	0.14197116
31826	0.13484375
31827	0.12746593
31828	0.11991791
31829	0.11229562
31830	0.10471343
31831	0.09730932
31832	0.09024984
31833	0.08373553
31834	0.07800736
31835	0.07335173
31836	0.07010552
31837	0.06865951
31838	0.06945985
31839	0.07300486
31840	0.07984082
31841	0.09055115
31842	0.10574459
31843	0.12604274
31844	0.15206881
31845	0.18444662
31846	0.22381346
31847	0.27085972
31848	0.32640359
31849	0.39152217
31850	0.46776655
31851	0.55751669
31852	0.66459173
31853	0.79536134
31854	0.96097589
31855	1.18232822
31856	1.50276697
31857	2.02792239
31858	3.09736300
31859	NaN
31860	NaN
31861	NaN
31862	NaN
31863	NaN
31864	NaN
31865	NaN
31866	NaN
31867	NaN
31868	NaN
31869	NaN
31870	NaN
31871	NaN
31872	NaN
31873	NaN
31874	NaN
31875	NaN
31876	NaN
31877	NaN
31878	NaN
31879	NaN
31880	NaN
31881	NaN
31882	NaN
31883	NaN
31884	NaN
31885	NaN
31886	NaN
31887	NaN
31888	NaN
31889	NaN
31890	NaN
31891	NaN
31892	NaN
31893	NaN
31894	NaN
31895	NaN
31896	NaN
31897	NaN
31898	NaN
31899	NaN
31900	NaN
31901	NaN
31902	NaN
31903	NaN
31904	NaN
31905	NaN
31906	NaN
31907	NaN
31908	NaN
31909	NaN
31910	NaN
31911	NaN
31912	NaN
31913	NaN
31914	NaN
31915	NaN
31916	NaN
31917	NaN
31918	NaN
31919	NaN
31920	NaN
31921	NaN
31922	NaN
31923	NaN
31924	NaN
31925	NaN
31926	NaN
31927	NaN
31928	NaN
31929	0.92286748
31930	0.80182773
31931	0.76075190
31932	0.73988122
31933	0.72718465
31934	0.71865875
31935	0.71259487
31936	0.70813954
31937	0.70481455
31938	0.70232773
31939	0.70048648
31940	0.69915611
31941	0.69823724
31942	0.69765353
31943	0.69734472
31944	0.69726163
31945	0.69736397
31946	0.69761783
31947	0.69799453
31948	0.69846958
31949	0.69902134
31950	0.69963056
31951	0.70027870
31952	0.70094728
31953	0.70161676
31954	0.70226556
31955	0.70286870
31956	0.70339721
31957	0.70381767
31958	0.70409161
31959	0.70417553
31960	0.70402145
31961	0.70357782
31962	0.70279092
31963	0.70160639
31964	0.69997221
31965	0.69784087
31966	0.69517279
31967	0.69193894
31968	0.68812412
31969	0.68372953
31970	0.67877430
31971	0.67329711
31972	0.66735625
31973	0.66102880
31974	0.65440828
31975	0.64760214
31976	0.64072764
31977	0.63390762
31978	0.62726551
31979	0.62092119
31980	0.61498618
31981	0.60956025
31982	0.60472757
31983	0.60055488
31984	0.59708971
31985	0.59435904
31986	0.59236908
31987	0.59110546
31988	0.59053421
31989	0.59060222
31990	0.59123951
31991	0.59236103
31992	0.59386867
31993	0.59565377
31994	0.59760064
31995	0.59958893
31996	0.60149777
31997	0.60320908
31998	0.60461116
31999	0.60560286
32000	0.60609639
32001	0.60602057
32002	0.60532326
32003	0.60397255
32004	0.60195768
32005	0.59928858
32006	0.59599459
32007	0.59212238
32008	0.58773291
32009	0.58289862
32010	0.57769930
32011	0.57221866
32012	0.56654090
32013	0.56074786
32014	0.55491638
32015	0.54911631
32016	0.54340953
32017	0.53784895
32018	0.53247845
32019	0.52733296
32020	0.52243906
32021	0.51781529
32022	0.51347315
32023	0.50941783
32024	0.50564867
32025	0.50215989
32026	0.49894145
32027	0.49597925
32028	0.49325570
32029	0.49075028
32030	0.48843989
32031	0.48629916
32032	0.48430136
32033	0.48241848
32034	0.48062187
32035	0.47888297
32036	0.47717354
32037	0.47546631
32038	0.47373542
32039	0.47195664
32040	0.47010764
32041	0.46816838
32042	0.46612102
32043	0.46395016
32044	0.46164283
32045	0.45918858
32046	0.45657960
32047	0.45381090
32048	0.45088047
32049	0.44778940
32050	0.44454241
32051	0.44114780
32052	0.43761787
32053	0.43396869
32054	0.43022037
32055	0.42639661
32056	0.42252439
32057	0.41863334
32058	0.41475537
32059	0.41092348
32060	0.40717110
32061	0.40353051
32062	0.40003222
32063	0.39670342
32064	0.39356691
32065	0.39063990
32066	0.38793328
32067	0.38545054
32068	0.38318774
32069	0.38113317
32070	0.37926754
32071	0.37756479
32072	0.37599286
32073	0.37451488
32074	0.37309071
32075	0.37167829
32076	0.37023523
32077	0.36872047
32078	0.36709529
32079	0.36532462
32080	0.36337802
32081	0.36123011
32082	0.35886127
32083	0.35625774
32084	0.35341170
32085	0.35032120
32086	0.34699005
32087	0.34342739
32088	0.33964750
32089	0.33566916
32090	0.33151537
32091	0.32721257
32092	0.32279044
32093	0.31828064
32094	0.31371677
32095	0.30913332
32096	0.30456516
32097	0.30004659
32098	0.29561105
32099	0.29129007
32100	0.28711301
32101	0.28310660
32102	0.27929443
32103	0.27569681
32104	0.27233058
32105	0.26920924
32106	0.26634264
32107	0.26373732
32108	0.26139647
32109	0.25932008
32110	0.25750491
32111	0.25594455
32112	0.25462955
32113	0.25354704
32114	0.25268105
32115	0.25201216
32116	0.25151765
32117	0.25117141
32118	0.25094369
32119	0.25080174
32120	0.25070956
32121	0.25062793
32122	0.25051513
32123	0.25032708
32124	0.25001773
32125	0.24953990
32126	0.24884608
32127	0.24788955
32128	0.24662520
32129	0.24501143
32130	0.24301121
32131	0.24059382
32132	0.23773581
32133	0.23442261
32134	0.23064895
32135	0.22641973
32136	0.22175007
32137	0.21666515
32138	0.21119981
32139	0.20539773
32140	0.19931047
32141	0.19299646
32142	0.18652032
32143	0.17995171
32144	0.17336470
32145	0.16683795
32146	0.16045401
32147	0.15430024
32148	0.14846872
32149	0.14305772
32150	0.13817178
32151	0.13392305
32152	0.13043168
32153	0.12782580
32154	0.12624182
32155	0.12582299
32156	0.12671866
32157	0.12908165
32158	0.13306558
32159	0.13882245
32160	0.14649847
32161	0.15623152
32162	0.16814823
32163	0.18236294
32164	0.19897597
32165	0.21807690
32166	0.23974800
32167	0.26407188
32168	0.29114383
32169	0.32108706
32170	0.35407692
32171	0.39037204
32172	0.43036118
32173	0.47462624
32174	0.52404487
32175	0.57995218
32176	0.64441144
32177	0.72071671
32178	0.81436056
32179	0.93511540
32180	1.10204852
32181	1.35776985
32182	1.82063401
32183	NaN
32184	NaN
32185	NaN
32186	NaN
32187	NaN
32188	NaN
32189	NaN
32190	NaN
32191	NaN
32192	NaN
32193	NaN
32194	NaN
32195	NaN
32196	NaN
32197	NaN
32198	NaN
32199	NaN
32200	NaN
32201	NaN
32202	NaN
32203	NaN
32204	NaN
32205	NaN
32206	NaN
32207	NaN
32208	NaN
32209	NaN
32210	NaN
32211	NaN
32212	NaN
32213	NaN
32214	NaN
32215	NaN
32216	NaN
32217	NaN
32218	NaN
32219	NaN
32220	NaN
32221	NaN
32222	NaN
32223	NaN
32224	NaN
32225	NaN
32226	NaN
32227	NaN
32228	NaN
32229	NaN
32230	NaN
32231	NaN
32232	NaN
32233	NaN
32234	NaN
32235	NaN
32236	NaN
32237	NaN
32238	NaN
32239	NaN
32240	NaN
32241	NaN
32242	NaN
32243	NaN
32244	NaN
32245	NaN
32246	NaN
32247	NaN
32248	NaN
32249	NaN
32250	NaN
32251	NaN
32252	NaN
32253	NaN
32254	NaN
32255	NaN
32256	NaN
32257	NaN
32258	NaN
32259	NaN
32260	NaN
32261	NaN
32262	NaN
32263	NaN
32264	NaN
32265	2.82969046
32266	1.29286444
32267	0.99541754
32268	0.87319076
32269	0.80889833
32270	0.77063489
32271	0.74615306
32272	0.72975135
32273	0.71842325
32274	0.71043777
32275	0.70473278
32276	0.70062405
32277	0.69765437
32278	0.69550979
32279	0.69396996
32280	0.69287795
32281	0.69212115
32282	0.69161791
32283	0.69130892
32284	0.69115102
32285	0.69111234
32286	0.69116896
32287	0.69130218
32288	0.69149613
32289	0.69173604
32290	0.69200701
32291	0.69229209
32292	0.69257194
32293	0.69282347
32294	0.69301939
32295	0.69312751
32296	0.69311059
32297	0.69292611
32298	0.69252628
32299	0.69185877
32300	0.69086760
32301	0.68949437
32302	0.68768078
32303	0.68537050
32304	0.68251354
32305	0.67906922
32306	0.67501098
32307	0.67033041
32308	0.66504139
32309	0.65918303
32310	0.65282148
32311	0.64604962
32312	0.63898498
32313	0.63176525
32314	0.62454253
32315	0.61747581
32316	0.61072278
32317	0.60443300
32318	0.59874022
32319	0.59375757
32320	0.58957320
32321	0.58624846
32322	0.58381689
32323	0.58228487
32324	0.58163261
32325	0.58181638
32326	0.58277047
32327	0.58440959
32328	0.58663106
32329	0.58931720
32330	0.59233785
32331	0.59555292
32332	0.59881514
32333	0.60197377
32334	0.60487765
32335	0.60738015
32336	0.60934365
32337	0.61064434
32338	0.61117792
32339	0.61086351
32340	0.60964859
32341	0.60751122
32342	0.60446149
32343	0.60054082
32344	0.59581941
32345	0.59039205
32346	0.58437198
32347	0.57788521
32348	0.57106274
32349	0.56403518
32350	0.55692637
32351	0.54984975
32352	0.54290479
32353	0.53617561
32354	0.52973020
32355	0.52362114
32356	0.51788664
32357	0.51255214
32358	0.50763237
32359	0.50313318
32360	0.49905312
32361	0.49538535
32362	0.49211884
32363	0.48923939
32364	0.48673019
32365	0.48457235
32366	0.48274523
32367	0.48122591
32368	0.47998947
32369	0.47900844
32370	0.47825247
32371	0.47768822
32372	0.47727910
32373	0.47698513
32374	0.47676340
32375	0.47656804
32376	0.47635132
32377	0.47606403
32378	0.47565678
32379	0.47508103
32380	0.47429040
32381	0.47324181
32382	0.47189659
32383	0.47022167
32384	0.46819055
32385	0.46578383
32386	0.46299011
32387	0.45980620
32388	0.45623764
32389	0.45229852
32390	0.44801137
32391	0.44340721
32392	0.43852469
32393	0.43340942
32394	0.42811328
32395	0.42269322
32396	0.41721019
32397	0.41172743
32398	0.40630928
32399	0.40101919
32400	0.39591813
32401	0.39106256
32402	0.38650286
32403	0.38228157
32404	0.37843177
32405	0.37497625
32406	0.37192661
32407	0.36928299
32408	0.36703438
32409	0.36515898
32410	0.36362565
32411	0.36239463
32412	0.36141974
32413	0.36064962
32414	0.36002928
32415	0.35950217
32416	0.35901093
32417	0.35849932
32418	0.35791275
32419	0.35719949
32420	0.35631129
32421	0.35520422
32422	0.35383907
32423	0.35218185
32424	0.35020474
32425	0.34788603
32426	0.34521091
32427	0.34217191
32428	0.33876905
32429	0.33501026
32430	0.33091158
32431	0.32649696
32432	0.32179826
32433	0.31685472
32434	0.31171197
32435	0.30642122
32436	0.30103782
32437	0.29561934
32438	0.29022408
32439	0.28490898
32440	0.27972811
32441	0.27473098
32442	0.26996168
32443	0.26545799
32444	0.26125145
32445	0.25736722
32446	0.25382480
32447	0.25063851
32448	0.24781841
32449	0.24537081
32450	0.24329892
32451	0.24160311
32452	0.24028099
32453	0.23932731
32454	0.23873349
32455	0.23848689
32456	0.23856983
32457	0.23895872
32458	0.23962268
32459	0.24052222
32460	0.24160838
32461	0.24282174
32462	0.24409224
32463	0.24533962
32464	0.24647462
32465	0.24740182
32466	0.24802247
32467	0.24823916
32468	0.24796015
32469	0.24710397
32470	0.24560335
32471	0.24340762
32472	0.24048442
32473	0.23681910
32474	0.23241331
32475	0.22728209
32476	0.22145127
32477	0.21495405
32478	0.20782828
32479	0.20011537
32480	0.19185901
32481	0.18310678
32482	0.17391193
32483	0.16433728
32484	0.15446147
32485	0.14438581
32486	0.13424444
32487	0.12421569
32488	0.11453693
32489	0.10552035
32490	0.09757210
32491	0.09121104
32492	0.08708658
32493	0.08599348
32494	0.08887545
32495	0.09681611
32496	0.11100867
32497	0.13270006
32498	0.16310979
32499	0.20333290
32500	0.25424394
32501	0.31642717
32502	0.39017415
32503	0.47556415
32504	0.57265902
32505	0.68181747
32506	0.80414528
32507	0.94213486
32508	1.10066259
32509	1.28873909
32510	1.52305830
32511	1.83625352
32512	2.29951644
32513	3.10052609
32514	NaN
32515	NaN
32516	NaN
32517	NaN
32518	NaN
32519	NaN
32520	NaN
32521	NaN
32522	NaN
32523	NaN
32524	NaN
32525	NaN
32526	NaN
32527	NaN
32528	NaN
32529	NaN
32530	NaN
32531	NaN
32532	NaN
32533	NaN
32534	NaN
32535	NaN
32536	NaN
32537	NaN
32538	NaN
32539	NaN
32540	NaN
32541	NaN
32542	NaN
32543	NaN
32544	NaN
32545	NaN
32546	NaN
32547	NaN
32548	NaN
32549	NaN
32550	NaN
32551	NaN
32552	NaN
32553	NaN
32554	NaN
32555	NaN
32556	NaN
32557	NaN
32558	NaN
32559	NaN
32560	NaN
32561	NaN
32562	NaN
32563	NaN
32564	NaN
32565	NaN
32566	NaN
32567	NaN
32568	NaN
32569	NaN
32570	NaN
32571	NaN
32572	NaN
32573	NaN
32574	NaN
32575	NaN
32576	NaN
32577	NaN
32578	NaN
32579	NaN
32580	NaN
32581	NaN
32582	NaN
32583	NaN
32584	NaN
32585	NaN
32586	NaN
32587	NaN
32588	NaN
32589	NaN
32590	NaN
32591	NaN
32592	NaN
32593	NaN
32594	NaN
32595	NaN
32596	NaN
32597	2.21659851
32598	1.21820605
32599	0.96741861
32600	0.85703307
32601	0.79721200
32602	0.76120615
32603	0.73823661
32604	0.72311890
32605	0.71304858
32606	0.70637566
32607	0.70206738
32608	0.69944608
32609	0.69805050
32610	0.69755888
32611	0.69774151
32612	0.69843245
32613	0.69951087
32614	0.70088780
32615	0.70249772
32616	0.70429188
32617	0.70623314
32618	0.70829231
32619	0.71044475
32620	0.71266806
32621	0.71493930
32622	0.71723342
32623	0.71952164
32624	0.72176999
32625	0.72393841
32626	0.72597986
32627	0.72784036
32628	0.72945863
32629	0.73076689
32630	0.73169178
32631	0.73215616
32632	0.73208141
32633	0.73139036
32634	0.73001099
32635	0.72788030
32636	0.72494864
32637	0.72118407
32638	0.71657681
32639	0.71114224
32640	0.70492381
32641	0.69799364
32642	0.69045252
32643	0.68242711
32644	0.67406595
32645	0.66553408
32646	0.65700603
32647	0.64865851
32648	0.64066333
32649	0.63318062
32650	0.62635243
32651	0.62029874
32652	0.61511350
32653	0.61086297
32654	0.60758477
32655	0.60528827
32656	0.60395569
32657	0.60354358
32658	0.60398519
32659	0.60519284
32660	0.60706055
32661	0.60946673
32662	0.61227745
32663	0.61534929
32664	0.61853337
32665	0.62167883
32666	0.62463719
32667	0.62726682
32668	0.62943721
32669	0.63103366
32670	0.63196099
32671	0.63214684
32672	0.63154429
32673	0.63013279
32674	0.62791836
32675	0.62493169
32676	0.62122595
32677	0.61687303
32678	0.61195892
32679	0.60657942
32680	0.60083538
32681	0.59482801
32682	0.58865535
32683	0.58240962
32684	0.57617402
32685	0.57002234
32686	0.56401759
32687	0.55821222
32688	0.55264848
32689	0.54735923
32690	0.54236901
32691	0.53769505
32692	0.53334856
32693	0.52933532
32694	0.52565664
32695	0.52230996
32696	0.51928902
32697	0.51658398
32698	0.51418155
32699	0.51206440
32700	0.51021159
32701	0.50859773
32702	0.50719368
32703	0.50596642
32704	0.50487936
32705	0.50389320
32706	0.50296634
32707	0.50205600
32708	0.50111890
32709	0.50011253
32710	0.49899572
32711	0.49772975
32712	0.49627915
32713	0.49461207
32714	0.49270138
32715	0.49052501
32716	0.48806638
32717	0.48531523
32718	0.48226765
32719	0.47892660
32720	0.47530183
32721	0.47140980
32722	0.46727374
32723	0.46292284
32724	0.45839161
32725	0.45371926
32726	0.44894874
32727	0.44412541
32728	0.43929628
32729	0.43450871
32730	0.42980909
32731	0.42524195
32732	0.42084849
32733	0.41666564
32734	0.41272479
32735	0.40905097
32736	0.40566203
32737	0.40256786
32738	0.39977032
32739	0.39726299
32740	0.39503154
32741	0.39305422
32742	0.39130279
32743	0.38974330
32744	0.38833749
32745	0.38704371
32746	0.38581842
32747	0.38461718
32748	0.38339585
32749	0.38211167
32750	0.38072407
32751	0.37919554
32752	0.37749204
32753	0.37558395
32754	0.37344602
32755	0.37105808
32756	0.36840481
32757	0.36547640
32758	0.36226836
32759	0.35878184
32760	0.35502353
32761	0.35100597
32762	0.34674755
32763	0.34227237
32764	0.33761013
32765	0.33279583
32766	0.32786912
32767	0.32287356
32768	0.31785533
32769	0.31286246
32770	0.30794340
32771	0.30314553
32772	0.29851449
32773	0.29409277
32774	0.28991923
32775	0.28602841
32776	0.28245044
32777	0.27921051
32778	0.27632934
32779	0.27382317
32780	0.27170342
32781	0.26997772
32782	0.26864880
32783	0.26771519
32784	0.26717043
32785	0.26700285
32786	0.26719478
32787	0.26772198
32788	0.26855284
32789	0.26964745
32790	0.27095741
32791	0.27242494
32792	0.27398309
32793	0.27555618
32794	0.27706042
32795	0.27840564
32796	0.27949739
32797	0.28023958
32798	0.28053761
32799	0.28030214
32800	0.27945200
32801	0.27791783
32802	0.27564454
32803	0.27259329
32804	0.26874247
32805	0.26408786
32806	0.25864196
32807	0.25243264
32808	0.24550128
32809	0.23790090
32810	0.22969402
32811	0.22095156
32812	0.21175133
32813	0.20217818
32814	0.19232415
32815	0.18229036
32816	0.17218910
32817	0.16214688
32818	0.15230864
32819	0.14284161
32820	0.13394055
32821	0.12583116
32822	0.11877546
32823	0.11307269
32824	0.10906159
32825	0.10711810
32826	0.10765052
32827	0.11109184
32828	0.11788788
32829	0.12848362
32830	0.14330749
32831	0.16275735
32832	0.18719068
32833	0.21692269
32834	0.25223640
32835	0.29340711
32836	0.34075066
32837	0.39469251
32838	0.45587417
32839	0.52530795
32840	0.60461390
32841	0.69640142
32842	0.80493015
32843	0.93735647
32844	1.10630584
32845	1.33581293
32846	1.67728555
32847	2.26292658
32848	3.56514931
32849	NaN
32850	NaN
32851	NaN
32852	NaN
32853	NaN
32854	NaN
32855	NaN
32856	NaN
32857	NaN
32858	NaN
32859	NaN
32860	NaN
32861	NaN
32862	NaN
32863	NaN
32864	NaN
32865	NaN
32866	NaN
32867	NaN
32868	NaN
32869	NaN
32870	NaN
32871	NaN
32872	NaN
32873	NaN
32874	NaN
32875	NaN
32876	NaN
32877	NaN
32878	NaN
32879	NaN
32880	NaN
32881	NaN
32882	NaN
32883	NaN
32884	NaN
32885	NaN
32886	NaN
32887	NaN
32888	NaN
32889	NaN
32890	NaN
32891	NaN
32892	NaN
32893	NaN
32894	NaN
32895	NaN
32896	NaN
32897	NaN
32898	NaN
32899	NaN
32900	NaN
32901	NaN
32902	NaN
32903	NaN
32904	NaN
32905	NaN
32906	NaN
32907	NaN
32908	NaN
32909	NaN
32910	NaN
32911	NaN
32912	NaN
32913	NaN
32914	NaN
32915	NaN
32916	NaN
32917	NaN
32918	NaN
32919	NaN
32920	NaN
32921	NaN
32922	NaN
32923	NaN
32924	NaN
32925	NaN
32926	NaN
32927	NaN
32928	NaN
32929	NaN
32930	NaN
32931	NaN
32932	NaN
32933	NaN
32934	NaN
32935	1.94841492
32936	1.12917161
32937	0.91753834
32938	0.82510042
32939	0.77588683
32940	0.74690360
32941	0.72882050
32942	0.71714532
32943	0.70945764
32944	0.70434761
32945	0.70094609
32946	0.69869506
32947	0.69722694
32948	0.69629371
32949	0.69572693
32950	0.69541228
32951	0.69527179
32952	0.69525361
32953	0.69532353
32954	0.69545990
32955	0.69564921
32956	0.69588315
32957	0.69615632
32958	0.69646430
32959	0.69680196
32960	0.69716251
32961	0.69753647
32962	0.69791055
32963	0.69826764
32964	0.69858557
32965	0.69883752
32966	0.69899124
32967	0.69900918
32968	0.69884896
32969	0.69846338
32970	0.69780147
32971	0.69680977
32972	0.69543380
32973	0.69362044
32974	0.69132060
32975	0.68849248
32976	0.68510538
32977	0.68114382
32978	0.67661077
32979	0.67153156
32980	0.66595560
32981	0.65995747
32982	0.65363568
32983	0.64710945
32984	0.64051437
32985	0.63399583
32986	0.62770164
32987	0.62177491
32988	0.61634725
32989	0.61153221
32990	0.60742146
32991	0.60408151
32992	0.60155231
32993	0.59984702
32994	0.59895325
32995	0.59883434
32996	0.59943151
32997	0.60066646
32998	0.60244328
32999	0.60465145
33000	0.60716808
33001	0.60986078
33002	0.61259049
33003	0.61521494
33004	0.61759192
33005	0.61958373
33006	0.62106109
33007	0.62190819
33008	0.62202692
33009	0.62134129
33010	0.61980093
33011	0.61738384
33012	0.61409712
33013	0.60997677
33014	0.60508549
33015	0.59950876
33016	0.59335011
33017	0.58672541
33018	0.57975680
33019	0.57256693
33020	0.56527424
33021	0.55798864
33022	0.55080867
33023	0.54381955
33024	0.53709286
33025	0.53068614
33026	0.52464408
33027	0.51899940
33028	0.51377469
33029	0.50898355
33030	0.50463241
33031	0.50072134
33032	0.49724576
33033	0.49419668
33034	0.49156156
33035	0.48932448
33036	0.48746613
33037	0.48596400
33038	0.48479167
33039	0.48391888
33040	0.48331115
33041	0.48292965
33042	0.48273107
33043	0.48266804
33044	0.48268926
33045	0.48274046
33046	0.48276523
33047	0.48270631
33048	0.48250669
33049	0.48211125
33050	0.48146799
33051	0.48052964
33052	0.47925439
33053	0.47760761
33054	0.47556183
33055	0.47309813
33056	0.47020617
33057	0.46688455
33058	0.46314135
33059	0.45899343
33060	0.45446694
33061	0.44959670
33062	0.44442570
33063	0.43900454
33064	0.43339053
33065	0.42764655
33066	0.42183968
33067	0.41603979
33068	0.41031778
33069	0.40474373
33070	0.39938480
33071	0.39430338
33072	0.38955516
33073	0.38518703
33074	0.38123578
33075	0.37772673
33076	0.37467292
33077	0.37207478
33078	0.36992043
33079	0.36818600
33080	0.36683726
33081	0.36583042
33082	0.36511421
33083	0.36463171
33084	0.36432189
33085	0.36412159
33086	0.36396712
33087	0.36379561
33088	0.36354637
33089	0.36316174
33090	0.36258823
33091	0.36177701
33092	0.36068463
33093	0.35927364
33094	0.35751286
33095	0.35537797
33096	0.35285196
33097	0.34992543
33098	0.34659711
33099	0.34287384
33100	0.33877119
33101	0.33431324
33102	0.32953271
33103	0.32447031
33104	0.31917447
33105	0.31370011
33106	0.30810758
33107	0.30246094
33108	0.29682615
33109	0.29126936
33110	0.28585488
33111	0.28064340
33112	0.27569067
33113	0.27104655
33114	0.26675400
33115	0.26284948
33116	0.25936270
33117	0.25631750
33118	0.25373226
33119	0.25162080
33120	0.24999304
33121	0.24885544
33122	0.24821131
33123	0.24806042
33124	0.24839886
33125	0.24921779
33126	0.25050232
33127	0.25222978
33128	0.25436786
33129	0.25687265
33130	0.25968656
33131	0.26273683
33132	0.26593423
33133	0.26917356
33134	0.27233487
33135	0.27528605
33136	0.27788797
33137	0.27999976
33138	0.28148603
33139	0.28222379
33140	0.28210863
33141	0.28105950
33142	0.27902171
33143	0.27596703
33144	0.27189186
33145	0.26681384
33146	0.26076671
33147	0.25379598
33148	0.24595395
33149	0.23729618
33150	0.22788006
33151	0.21776401
33152	0.20700933
33153	0.19568419
33154	0.18386985
33155	0.17166977
33156	0.15922250
33157	0.14671892
33158	0.13442448
33159	0.12271071
33160	0.11209255
33161	0.10328099
33162	0.09724591
33163	0.09529357
33164	0.09915870
33165	0.11110199
33166	0.13400570
33167	0.17144556
33168	0.22771592
33169	0.30778000
33170	0.41715318
33171	0.56176805
33172	0.74799591
33173	0.98316693
33174	1.27717674
33175	1.64624059
33176	2.12119603
33177	2.76712251
33178	3.73848987
33179	NaN
33180	NaN
33181	NaN
33182	NaN
33183	NaN
33184	NaN
33185	NaN
33186	NaN
33187	NaN
33188	NaN
33189	NaN
33190	NaN
33191	NaN
33192	NaN
33193	NaN
33194	NaN
33195	NaN
33196	NaN
33197	NaN
33198	NaN
33199	NaN
33200	NaN
33201	NaN
33202	NaN
33203	NaN
33204	NaN
33205	NaN
33206	NaN
33207	NaN
33208	NaN
33209	NaN
33210	NaN
33211	NaN
33212	NaN
33213	NaN
33214	NaN
33215	NaN
33216	NaN
33217	NaN
33218	NaN
33219	NaN
33220	NaN
33221	NaN
33222	NaN
33223	NaN
33224	NaN
33225	NaN
33226	NaN
33227	NaN
33228	NaN
33229	NaN
33230	NaN
33231	NaN
33232	NaN
33233	NaN
33234	NaN
33235	NaN
33236	NaN
33237	NaN
33238	NaN
33239	NaN
33240	NaN
33241	NaN
33242	NaN
33243	NaN
33244	NaN
33245	NaN
33246	NaN
33247	NaN
33248	NaN
33249	NaN
33250	NaN
33251	NaN
33252	NaN
33253	NaN
33254	NaN
33255	NaN
33256	NaN
33257	NaN
33258	NaN
33259	NaN
33260	NaN
33261	NaN
33262	NaN
33263	NaN
33264	NaN
33265	NaN
33266	NaN
33267	NaN
33268	NaN
33269	NaN
33270	2.20905304
33271	1.29906678
33272	1.02334952
33273	0.89393890
33274	0.82118648
33275	0.77619499
33276	0.74679959
33277	0.72698236
33278	0.71342307
33279	0.70413989
33280	0.69787788
33281	0.69380605
33282	0.69135433
33283	0.69012052
33284	0.68981498
33285	0.69022506
33286	0.69119209
33287	0.69259590
33288	0.69434351
33289	0.69636071
33290	0.69858664
33291	0.70096833
33292	0.70345712
33293	0.70600605
33294	0.70856684
33295	0.71108890
33296	0.71351731
33297	0.71579248
33298	0.71784961
33299	0.71961844
33300	0.72102439
33301	0.72198945
33302	0.72243345
33303	0.72227681
33304	0.72144324
33305	0.71986288
33306	0.71747643
33307	0.71423906
33308	0.71012449
33309	0.70512879
33310	0.69927365
33311	0.69260842
33312	0.68521082
33313	0.67718661
33314	0.66866660
33315	0.65980297
33316	0.65076339
33317	0.64172477
33318	0.63286573
33319	0.62435967
33320	0.61636788
33321	0.60903388
33322	0.60247868
33323	0.59679765
33324	0.59205872
33325	0.58830148
33326	0.58553767
33327	0.58375239
33328	0.58290583
33329	0.58293539
33330	0.58375806
33331	0.58527315
33332	0.58736491
33333	0.58990514
33334	0.59275639
33335	0.59577519
33336	0.59881520
33337	0.60173118
33338	0.60438281
33339	0.60663867
33340	0.60838038
33341	0.60950655
33342	0.60993606
33343	0.60961068
33344	0.60849696
33345	0.60658699
33346	0.60389745
33347	0.60046786
33348	0.59635788
33349	0.59164363
33350	0.58641303
33351	0.58076203
33352	0.57478952
33353	0.56859404
33354	0.56227005
33355	0.55590540
33356	0.54957968
33357	0.54336286
33358	0.53731483
33359	0.53148562
33360	0.52591580
33361	0.52063715
33362	0.51567364
33363	0.51104242
33364	0.50675434
33365	0.50281513
33366	0.49922550
33367	0.49598220
33368	0.49307752
33369	0.49049997
33370	0.48823404
33371	0.48626012
33372	0.48455465
33373	0.48309016
33374	0.48183528
33375	0.48075506
33376	0.47981134
33377	0.47896349
33378	0.47816867
33379	0.47738281
33380	0.47656143
33381	0.47566047
33382	0.47463721
33383	0.47345120
33384	0.47206518
33385	0.47044590
33386	0.46856487
33387	0.46639907
33388	0.46393168
33389	0.46115249
33390	0.45805839
33391	0.45465368
33392	0.45095038
33393	0.44696793
33394	0.44273323
33395	0.43827996
33396	0.43364820
33397	0.42888334
33398	0.42403507
33399	0.41915610
33400	0.41430065
33401	0.40952316
33402	0.40487629
33403	0.40040979
33404	0.39616850
33405	0.39219123
33406	0.38850933
33407	0.38514584
33408	0.38211483
33409	0.37942100
33410	0.37705985
33411	0.37501785
33412	0.37327346
33413	0.37179762
33414	0.37055543
33415	0.36950690
33416	0.36860865
33417	0.36781511
33418	0.36707953
33419	0.36635530
33420	0.36559674
33421	0.36475986
33422	0.36380300
33423	0.36268714
33424	0.36137649
33425	0.35983849
33426	0.35804424
33427	0.35596862
33428	0.35359082
33429	0.35089427
33430	0.34786740
33431	0.34450382
33432	0.34080294
33433	0.33677068
33434	0.33241960
33435	0.32776982
33436	0.32284871
33437	0.31769124
33438	0.31233934
33439	0.30684119
33440	0.30125004
33441	0.29562265
33442	0.29001763
33443	0.28449392
33444	0.27910879
33445	0.27391681
33446	0.26896846
33447	0.26430970
33448	0.25998127
33449	0.25601891
33450	0.25245351
33451	0.24931115
33452	0.24661376
33453	0.24437909
33454	0.24262089
33455	0.24134864
33456	0.24056730
33457	0.24027647
33458	0.24046943
33459	0.24113241
33460	0.24224260
33461	0.24376759
33462	0.24566345
33463	0.24787369
33464	0.25032851
33465	0.25294429
33466	0.25562391
33467	0.25825801
33468	0.26072696
33469	0.26290390
33470	0.26465920
33471	0.26586422
33472	0.26639703
33473	0.26614684
33474	0.26501825
33475	0.26293489
33476	0.25984123
33477	0.25570399
33478	0.25051120
33479	0.24427164
33480	0.23701201
33481	0.22877485
33482	0.21961617
33483	0.20960334
33484	0.19881387
33485	0.18733478
33486	0.17526436
33487	0.16271405
33488	0.14981294
33489	0.13671410
33490	0.12360106
33491	0.11069876
33492	0.09828283
33493	0.08669276
33494	0.07634349
33495	0.06773792
33496	0.06147680
33497	0.05826618
33498	0.05892148
33499	0.06436442
33500	0.07561645
33501	0.09378433
33502	0.12005099
33503	0.15566549
33504	0.20195399
33505	0.26036417
33506	0.33255741
33507	0.42059502
33508	0.52726048
33509	0.65662152
33510	0.81502926
33511	1.01299238
33512	1.26900613
33513	1.61830425
33514	2.13605809
33515	3.01380444
33516	4.92070866
33517	NaN
33518	NaN
33519	NaN
33520	NaN
33521	NaN
33522	NaN
33523	NaN
33524	NaN
33525	NaN
33526	NaN
33527	NaN
33528	NaN
33529	NaN
33530	NaN
33531	NaN
33532	NaN
33533	NaN
33534	NaN
33535	NaN
33536	NaN
33537	NaN
33538	NaN
33539	NaN
33540	NaN
33541	NaN
33542	NaN
33543	NaN
33544	NaN
33545	NaN
33546	NaN
33547	NaN
33548	NaN
33549	NaN
33550	NaN
33551	NaN
33552	NaN
33553	NaN
33554	NaN
33555	NaN
33556	NaN
33557	NaN
33558	NaN
33559	NaN
33560	NaN
33561	NaN
33562	NaN
33563	NaN
33564	NaN
33565	NaN
33566	NaN
33567	NaN
33568	NaN
33569	NaN
33570	NaN
33571	NaN
33572	NaN
33573	NaN
33574	NaN
33575	NaN
33576	NaN
33577	NaN
33578	NaN
33579	NaN
33580	NaN
33581	NaN
33582	NaN
33583	NaN
33584	NaN
33585	NaN
33586	NaN
33587	NaN
33588	NaN
33589	NaN
33590	NaN
33591	NaN
33592	NaN
33593	NaN
33594	NaN
33595	NaN
33596	NaN
33597	NaN
33598	NaN
33599	NaN
33600	NaN
33601	NaN
33602	NaN
33603	NaN
33604	NaN
33605	1.20546925
33606	0.91774052
33607	0.80823845
33608	0.75341326
33609	0.72225547
33610	0.70331520
33611	0.69138235
33612	0.68374974
33613	0.67887568
33614	0.67582238
33615	0.67399174
33616	0.67298877
33617	0.67254585
33618	0.67247915
33619	0.67266113
33620	0.67300332
33621	0.67344487
33622	0.67394423
33623	0.67447400
33624	0.67501634
33625	0.67556024
33626	0.67609841
33627	0.67662621
33628	0.67713886
33629	0.67763078
33630	0.67809397
33631	0.67851734
33632	0.67888558
33633	0.67917842
33634	0.67937040
33635	0.67943048
33636	0.67932177
33637	0.67900211
33638	0.67842412
33639	0.67753690
33640	0.67628682
33641	0.67461973
33642	0.67248356
33643	0.66983122
33644	0.66662407
33645	0.66283590
33646	0.65845686
33647	0.65349668
33648	0.64798808
33649	0.64198792
33650	0.63557798
33651	0.62886304
33652	0.62196749
33653	0.61503059
33654	0.60820001
33655	0.60162479
33656	0.59544849
33657	0.58980238
33658	0.58480024
33659	0.58053380
33660	0.57707042
33661	0.57445127
33662	0.57269162
33663	0.57178140
33664	0.57168698
33665	0.57235271
33666	0.57370335
33667	0.57564628
33668	0.57807356
33669	0.58086443
33670	0.58388782
33671	0.58700478
33672	0.59007192
33673	0.59294426
33674	0.59547973
33675	0.59754288
33676	0.59900981
33677	0.59977281
33678	0.59974492
33679	0.59886366
33680	0.59709436
33681	0.59443158
33682	0.59089965
33683	0.58655059
33684	0.58146143
33685	0.57572925
33686	0.56946599
33687	0.56279224
33688	0.55583149
33689	0.54870480
33690	0.54152620
33691	0.53439945
33692	0.52741569
33693	0.52065241
33694	0.51417339
33695	0.50802904
33696	0.50225765
33697	0.49688682
33698	0.49193472
33699	0.48741207
33700	0.48332313
33701	0.47966701
33702	0.47643843
33703	0.47362846
33704	0.47122443
33705	0.46921039
33706	0.46756640
33707	0.46626860
33708	0.46528858
33709	0.46459320
33710	0.46414426
33711	0.46389872
33712	0.46380842
33713	0.46382114
33714	0.46388108
33715	0.46392977
33716	0.46390760
33717	0.46375513
33718	0.46341458
33719	0.46283162
33720	0.46195647
33721	0.46074557
33722	0.45916256
33723	0.45717904
33724	0.45477533
33725	0.45194092
33726	0.44867441
33727	0.44498363
33728	0.44088545
33729	0.43640563
33730	0.43157783
33731	0.42644379
33732	0.42105213
33733	0.41545761
33734	0.40972051
33735	0.40390512
33736	0.39807862
33737	0.39230949
33738	0.38666579
33739	0.38121337
33740	0.37601385
33741	0.37112281
33742	0.36658788
33743	0.36244705
33744	0.35872760
33745	0.35544506
33746	0.35260302
33747	0.35019287
33748	0.34819454
33749	0.34657747
33750	0.34530154
33751	0.34431887
33752	0.34357530
33753	0.34301201
33754	0.34256729
33755	0.34217799
33756	0.34178120
33757	0.34131554
33758	0.34072226
33759	0.33994657
33760	0.33893842
33761	0.33765343
33762	0.33605355
33763	0.33410770
33764	0.33179253
33765	0.32909268
33766	0.32600117
33767	0.32252005
33768	0.31866026
33769	0.31444168
33770	0.30989328
33771	0.30505228
33772	0.29996395
33773	0.29468012
33774	0.28925857
33775	0.28376091
33776	0.27825117
33777	0.27279401
33778	0.26745266
33779	0.26228720
33780	0.25735322
33781	0.25270027
33782	0.24837138
33783	0.24440235
33784	0.24082191
33785	0.23765202
33786	0.23490867
33787	0.23260251
33788	0.23073970
33789	0.22932293
33790	0.22835176
33791	0.22782296
33792	0.22773033
33793	0.22806457
33794	0.22881193
33795	0.22995321
33796	0.23146236
33797	0.23330426
33798	0.23543376
33799	0.23779346
33800	0.24031302
33801	0.24290827
33802	0.24548207
33803	0.24792542
33804	0.25012067
33805	0.25194547
33806	0.25327748
33807	0.25400135
33808	0.25401321
33809	0.25322667
33810	0.25157627
33811	0.24901986
33812	0.24553792
33813	0.24113218
33814	0.23582219
33815	0.22964101
33816	0.22263142
33817	0.21484156
33818	0.20632298
33819	0.19712853
33820	0.18731314
33821	0.17693540
33822	0.16606177
33823	0.15477264
33824	0.14317147
33825	0.13139822
33826	0.11964634
33827	0.10818836
33828	0.09740881
33829	0.08785091
33830	0.08028223
33831	0.07578260
33832	0.07587206
33833	0.08268419
33834	0.09922162
33835	0.12972099
33836	0.18020830
33837	0.25937632
33838	0.38006589
33839	0.56202376
33840	0.83757371
33841	1.26491833
33842	1.96464562
33843	3.24527216
33844	NaN
33845	NaN
33846	NaN
33847	NaN
33848	NaN
33849	NaN
33850	NaN
33851	NaN
33852	NaN
33853	NaN
33854	NaN
33855	NaN
33856	NaN
33857	NaN
33858	NaN
33859	NaN
33860	NaN
33861	NaN
33862	NaN
33863	NaN
33864	NaN
33865	NaN
33866	NaN
33867	NaN
33868	NaN
33869	NaN
33870	NaN
33871	NaN
33872	NaN
33873	NaN
33874	NaN
33875	NaN
33876	NaN
33877	NaN
33878	NaN
33879	NaN
33880	NaN
33881	NaN
33882	NaN
33883	NaN
33884	NaN
33885	NaN
33886	NaN
33887	NaN
33888	NaN
33889	NaN
33890	NaN
33891	NaN
33892	NaN
33893	NaN
33894	NaN
33895	NaN
33896	NaN
33897	NaN
33898	NaN
33899	NaN
33900	NaN
33901	NaN
33902	NaN
33903	NaN
33904	NaN
33905	NaN
33906	NaN
33907	NaN
33908	NaN
33909	NaN
33910	NaN
33911	NaN
33912	NaN
33913	NaN
33914	NaN
33915	NaN
33916	NaN
33917	NaN
33918	NaN
33919	NaN
33920	NaN
33921	NaN
33922	NaN
33923	NaN
33924	NaN
33925	NaN
33926	NaN
33927	NaN
33928	NaN
33929	1.59712005
33930	1.13067400
33931	0.96446604
33932	0.87954181
33933	0.82838863
33934	0.79458123
33935	0.77091438
33936	0.75371814
33937	0.74091876
33938	0.73125106
33939	0.72389585
33940	0.71829730
33941	0.71406382
33942	0.71091098
33943	0.70862705
33944	0.70705163
33945	0.70606065
33946	0.70555663
33947	0.70546240
33948	0.70571488
33949	0.70626175
33950	0.70705801
33951	0.70806336
33952	0.70924002
33953	0.71055079
33954	0.71195787
33955	0.71342146
33956	0.71489859
33957	0.71634299
33958	0.71770406
33959	0.71892720
33960	0.71995342
33961	0.72072053
33962	0.72116309
33963	0.72121418
33964	0.72080696
33965	0.71987677
33966	0.71836358
33967	0.71621531
33968	0.71339071
33969	0.70986301
33970	0.70562345
33971	0.70068383
33972	0.69507921
33973	0.68886864
33974	0.68213540
33975	0.67498523
33976	0.66754311
33977	0.65994883
33978	0.65235144
33979	0.64490294
33980	0.63775176
33981	0.63103676
33982	0.62488174
33983	0.61939096
33984	0.61464590
33985	0.61070311
33986	0.60759354
33987	0.60532284
33988	0.60387170
33989	0.60319829
33990	0.60324013
33991	0.60391647
33992	0.60513121
33993	0.60677600
33994	0.60873294
33995	0.61087823
33996	0.61308545
33997	0.61522883
33998	0.61718726
33999	0.61884713
34000	0.62010622
34001	0.62087667
34002	0.62108737
34003	0.62068611
34004	0.61964089
34005	0.61793989
34006	0.61559147
34007	0.61262196
34008	0.60907418
34009	0.60500425
34010	0.60047853
34011	0.59557015
34012	0.59035599
34013	0.58491343
34014	0.57931793
34015	0.57364076
34016	0.56794745
34017	0.56229687
34018	0.55674028
34019	0.55132157
34020	0.54607707
34021	0.54103571
34022	0.53622031
34023	0.53164726
34024	0.52732754
34025	0.52326739
34026	0.51946855
34027	0.51592869
34028	0.51264215
34029	0.50959969
34030	0.50678927
34031	0.50419593
34032	0.50180233
34033	0.49958891
34034	0.49753413
34035	0.49561480
34036	0.49380642
34037	0.49208346
34038	0.49041948
34039	0.48878771
34040	0.48716116
34041	0.48551297
34042	0.48381695
34043	0.48204786
34044	0.48018160
34045	0.47819611
34046	0.47607142
34047	0.47379041
34048	0.47133887
34049	0.46870640
34050	0.46588668
34051	0.46287757
34052	0.45968178
34053	0.45630690
34054	0.45276549
34055	0.44907483
34056	0.44525683
34057	0.44133765
34058	0.43734688
34059	0.43331698
34060	0.42928219
34061	0.42527798
34062	0.42133948
34063	0.41750062
34064	0.41379270
34065	0.41024363
34066	0.40687659
34067	0.40370926
34068	0.40075311
34069	0.39801303
34070	0.39548713
34071	0.39316681
34072	0.39103749
34073	0.38907883
34074	0.38726592
34075	0.38557008
34076	0.38395977
34077	0.38240197
34078	0.38086268
34079	0.37930825
34080	0.37770593
34081	0.37602475
34082	0.37423593
34083	0.37231374
34084	0.37023550
34085	0.36798200
34086	0.36553800
34087	0.36289200
34088	0.36003634
34089	0.35696757
34090	0.35368600
34091	0.35019594
34092	0.34650561
34093	0.34262696
34094	0.33857596
34095	0.33437225
34096	0.33003873
34097	0.32560188
34098	0.32109094
34099	0.31653768
34100	0.31197581
34101	0.30744034
34102	0.30296716
34103	0.29859209
34104	0.29435059
34105	0.29027694
34106	0.28640381
34107	0.28276178
34108	0.27937907
34109	0.27628136
34110	0.27349144
34111	0.27102935
34112	0.26891211
34113	0.26715386
34114	0.26576525
34115	0.26475364
34116	0.26412228
34117	0.26386991
34118	0.26399013
34119	0.26447043
34120	0.26529160
34121	0.26642677
34122	0.26784068
34123	0.26948920
34124	0.27131864
34125	0.27326599
34126	0.27525863
34127	0.27721539
34128	0.27904737
34129	0.28065982
34130	0.28195426
34131	0.28283098
34132	0.28319252
34133	0.28294656
34134	0.28200933
34135	0.28030863
34136	0.27778661
34137	0.27440098
34138	0.27012724
34139	0.26495814
34140	0.25890350
34141	0.25198942
34142	0.24425597
34143	0.23575616
34144	0.22655416
34145	0.21672456
34146	0.20635198
34147	0.19553226
34148	0.18437433
34149	0.17300390
34150	0.16156869
34151	0.15024363
34152	0.13923976
34153	0.12881199
34154	0.11927042
34155	0.11099162
34156	0.10443202
34157	0.10014274
34158	0.09878610
34159	0.10115572
34160	0.10819906
34161	0.12104852
34162	0.14106499
34163	0.16990133
34164	0.20960915
34165	0.26280928
34166	0.33299649
34167	0.42507264
34168	0.54634809
34169	0.70850360
34170	0.93178356
34171	1.25498295
34172	1.76329601
34173	2.68721080
34174	NaN
34175	NaN
34176	NaN
34177	NaN
34178	NaN
34179	NaN
34180	NaN
34181	NaN
34182	NaN
34183	NaN
34184	NaN
34185	NaN
34186	NaN
34187	NaN
34188	NaN
34189	NaN
34190	NaN
34191	NaN
34192	NaN
34193	NaN
34194	NaN
34195	NaN
34196	NaN
34197	NaN
34198	NaN
34199	NaN
34200	NaN
34201	NaN
34202	NaN
34203	NaN
34204	NaN
34205	NaN
34206	NaN
34207	NaN
34208	NaN
34209	NaN
34210	NaN
34211	NaN
34212	NaN
34213	NaN
34214	NaN
34215	NaN
34216	NaN
34217	NaN
34218	NaN
34219	NaN
34220	NaN
34221	NaN
34222	NaN
34223	NaN
34224	NaN
34225	NaN
34226	NaN
34227	NaN
34228	NaN
34229	NaN
34230	NaN
34231	NaN
34232	NaN
34233	NaN
34234	NaN
34235	NaN
34236	NaN
34237	NaN
34238	NaN
34239	NaN
34240	NaN
34241	NaN
34242	NaN
34243	NaN
34244	NaN
34245	NaN
34246	NaN
34247	NaN
34248	NaN
34249	NaN
34250	NaN
34251	NaN
34252	NaN
34253	NaN
34254	NaN
34255	NaN
34256	NaN
34257	NaN
34258	NaN
34259	NaN
34260	NaN
34261	NaN
34262	3.11256480
34263	1.43881941
34264	1.08829808
34265	0.93973321
34266	0.85954118
34267	0.81056285
34268	0.77835786
34269	0.75614268
34270	0.74030906
34271	0.72876114
34272	0.72020012
34273	0.71377915
34274	0.70892489
34275	0.70523703
34276	0.70242947
34277	0.70029396
34278	0.69867712
34279	0.69746459
34280	0.69657063
34281	0.69593048
34282	0.69549453
34283	0.69522458
34284	0.69509023
34285	0.69506627
34286	0.69513035
34287	0.69526148
34288	0.69543809
34289	0.69563729
34290	0.69583344
34291	0.69599777
34292	0.69609731
34293	0.69609553
34294	0.69595098
34295	0.69561887
34296	0.69505072
34297	0.69419551
34298	0.69300127
34299	0.69141644
34300	0.68939221
34301	0.68688524
34302	0.68386018
34303	0.68029332
34304	0.67617506
34305	0.67151338
34306	0.66633552
34307	0.66068965
34308	0.65464455
34309	0.64828885
34310	0.64172781
34311	0.63508022
34312	0.62847251
34313	0.62203431
34314	0.61589223
34315	0.61016482
34316	0.60495776
34317	0.60035986
34318	0.59644061
34319	0.59324795
34320	0.59080756
34321	0.58912301
34322	0.58817631
34323	0.58792907
34324	0.58832437
34325	0.58928818
34326	0.59073174
34327	0.59255350
34328	0.59464157
34329	0.59687632
34330	0.59913296
34331	0.60128468
34332	0.60320604
34333	0.60477668
34334	0.60588485
34335	0.60643184
34336	0.60633558
34337	0.60553378
34338	0.60398710
34339	0.60168082
34340	0.59862512
34341	0.59485453
34342	0.59042579
34343	0.58541417
34344	0.57990944
34345	0.57401103
34346	0.56782269
34347	0.56144798
34348	0.55498624
34349	0.54852879
34350	0.54215682
34351	0.53593999
34352	0.52993578
34353	0.52418935
34354	0.51873493
34355	0.51359630
34356	0.50878876
34357	0.50432026
34358	0.50019288
34359	0.49640423
34360	0.49294841
34361	0.48981681
34362	0.48699895
34363	0.48448229
34364	0.48225269
34365	0.48029420
34366	0.47858861
34367	0.47711542
34368	0.47585118
34369	0.47476953
34370	0.47384080
34371	0.47303203
34372	0.47230709
34373	0.47162712
34374	0.47095093
34375	0.47023571
34376	0.46943793
34377	0.46851426
34378	0.46742278
34379	0.46612394
34380	0.46458176
34381	0.46276489
34382	0.46064761
34383	0.45821062
34384	0.45544189
34385	0.45233709
34386	0.44889984
34387	0.44514212
34388	0.44108391
34389	0.43675289
34390	0.43218398
34391	0.42741841
34392	0.42250291
34393	0.41748837
34394	0.41242874
34395	0.40737960
34396	0.40239647
34397	0.39753354
34398	0.39284185
34399	0.38836798
34400	0.38415241
34401	0.38022831
34402	0.37662044
34403	0.37334451
34404	0.37040660
34405	0.36780307
34406	0.36552089
34407	0.36353832
34408	0.36182573
34409	0.36034673
34410	0.35905966
34411	0.35791880
34412	0.35687593
34413	0.35588166
34414	0.35488680
34415	0.35384354
34416	0.35270628
34417	0.35143322
34418	0.34998640
34419	0.34833291
34420	0.34644532
34421	0.34430209
34422	0.34188798
34423	0.33919445
34424	0.33621931
34425	0.33296737
34426	0.32944965
34427	0.32568350
34428	0.32169196
34429	0.31750333
34430	0.31315026
34431	0.30866906
34432	0.30409878
34433	0.29948017
34434	0.29485446
34435	0.29026243
34436	0.28574324
34437	0.28133354
34438	0.27706671
34439	0.27297217
34440	0.26907507
34441	0.26539636
34442	0.26195261
34443	0.25875661
34444	0.25581753
34445	0.25314158
34446	0.25073197
34447	0.24858961
34448	0.24671297
34449	0.24509798
34450	0.24373804
34451	0.24262331
34452	0.24174063
34453	0.24107230
34454	0.24059601
34455	0.24028385
34456	0.24010164
34457	0.24000879
34458	0.23995797
34459	0.23989567
34460	0.23976247
34461	0.23949489
34462	0.23902677
34463	0.23829214
34464	0.23722748
34465	0.23577501
34466	0.23388505
34467	0.23151852
34468	0.22864842
34469	0.22526054
34470	0.22135356
34471	0.21693793
34472	0.21203463
34473	0.20667376
34474	0.20089254
34475	0.19473454
34476	0.18824813
34477	0.18148698
34478	0.17451043
34479	0.16738516
34480	0.16018817
34481	0.15301047
34482	0.14596249
34483	0.13918044
34484	0.13283454
34485	0.12713765
34486	0.12235592
34487	0.11881946
34488	0.11693189
34489	0.11718041
34490	0.12014046
34491	0.12647703
34492	0.13693710
34493	0.15233520
34494	0.17352661
34495	0.20137233
34496	0.23670089
34497	0.28027016
34498	0.33274665
34499	0.39471194
34500	0.46671864
34501	0.54940808
34502	0.64371985
34503	0.75122285
34504	0.87464243
34505	1.01875222
34506	1.19199240
34507	1.40978479
34508	1.70221066
34509	2.13491011
34510	2.88079071
34511	NaN
34512	NaN
34513	NaN
34514	NaN
34515	NaN
34516	NaN
34517	NaN
34518	NaN
34519	NaN
34520	NaN
34521	NaN
34522	NaN
34523	NaN
34524	NaN
34525	NaN
34526	NaN
34527	NaN
34528	NaN
34529	NaN
34530	NaN
34531	NaN
34532	NaN
34533	NaN
34534	NaN
34535	NaN
34536	NaN
34537	NaN
34538	NaN
34539	NaN
34540	NaN
34541	NaN
34542	NaN
34543	NaN
34544	NaN
34545	NaN
34546	NaN
34547	NaN
34548	NaN
34549	NaN
34550	NaN
34551	NaN
34552	NaN
34553	NaN
34554	NaN
34555	NaN
34556	NaN
34557	NaN
34558	NaN
34559	NaN
34560	NaN
34561	NaN
34562	NaN
34563	NaN
34564	NaN
34565	NaN
34566	NaN
34567	NaN
34568	NaN
34569	NaN
34570	NaN
34571	NaN
34572	NaN
34573	NaN
34574	NaN
34575	NaN
34576	NaN
34577	NaN
34578	NaN
34579	NaN
34580	NaN
34581	NaN
34582	NaN
34583	NaN
34584	NaN
34585	NaN
34586	NaN
34587	NaN
34588	3.79363656
34589	1.53975141
34590	1.13651085
34591	0.97078604
34592	0.88211566
34593	0.82798660
34594	0.79228413
34595	0.76755345
34596	0.74986905
34597	0.73696679
34598	0.72744739
34599	0.72039896
34600	0.71520180
34601	0.71142000
34602	0.70873803
34603	0.70692247
34604	0.70579708
34605	0.70522618
34606	0.70510417
34607	0.70534676
34608	0.70588541
34609	0.70666313
34610	0.70763040
34611	0.70874238
34612	0.70995706
34613	0.71123260
34614	0.71252644
34615	0.71379358
34616	0.71498609
34617	0.71605247
34618	0.71693742
34619	0.71758205
34620	0.71792465
34621	0.71790171
34622	0.71744907
34623	0.71650440
34624	0.71500921
34625	0.71291173
34626	0.71016991
34627	0.70675462
34628	0.70265263
34629	0.69786924
34630	0.69243079
34631	0.68638551
34632	0.67980409
34633	0.67277825
34634	0.66541874
34635	0.65785176
34636	0.65021449
34637	0.64264971
34638	0.63530040
34639	0.62830478
34640	0.62179035
34641	0.61587036
34642	0.61063987
34643	0.60617346
34644	0.60252315
34645	0.59971833
34646	0.59776515
34647	0.59664738
34648	0.59632748
34649	0.59674793
34650	0.59783316
34651	0.59949130
34652	0.60161656
34653	0.60409182
34654	0.60679114
34655	0.60958314
34656	0.61233425
34657	0.61491263
34658	0.61719197
34659	0.61905551
34660	0.62039977
34661	0.62113833
34662	0.62120438
34663	0.62055308
34664	0.61916226
34665	0.61703289
34666	0.61418754
34667	0.61066842
34668	0.60653448
34669	0.60185796
34670	0.59672046
34671	0.59120923
34672	0.58541334
34673	0.57942086
34674	0.57331610
34675	0.56717741
34676	0.56107605
34677	0.55507493
34678	0.54922879
34679	0.54358393
34680	0.53817838
34681	0.53304279
34682	0.52820069
34683	0.52366918
34684	0.51945972
34685	0.51557839
34686	0.51202631
34687	0.50879991
34688	0.50589120
34689	0.50328767
34690	0.50097305
34691	0.49892646
34692	0.49712357
34693	0.49553648
34694	0.49413413
34695	0.49288276
34696	0.49174657
34697	0.49068797
34698	0.48966855
34699	0.48864937
34700	0.48759177
34701	0.48645800
34702	0.48521191
34703	0.48381954
34704	0.48224992
34705	0.48047578
34706	0.47847432
34707	0.47622758
34708	0.47372320
34709	0.47095475
34710	0.46792197
34711	0.46463105
34712	0.46109453
34713	0.45733091
34714	0.45336455
34715	0.44922486
34716	0.44494584
34717	0.44056511
34718	0.43612283
34719	0.43166098
34720	0.42722186
34721	0.42284712
34722	0.41857636
34723	0.41444594
34724	0.41048795
34725	0.40672895
34726	0.40318924
34727	0.39988211
34728	0.39681363
34729	0.39398241
34730	0.39137971
34731	0.38899007
34732	0.38679174
34733	0.38475749
34734	0.38285604
34735	0.38105270
34736	0.37931076
34737	0.37759280
34738	0.37586170
34739	0.37408173
34740	0.37221947
34741	0.37024441
34742	0.36812991
34743	0.36585310
34744	0.36339569
34745	0.36074373
34746	0.35788795
34747	0.35482359
34748	0.35155049
34749	0.34807283
34750	0.34439918
34751	0.34054220
34752	0.33651850
34753	0.33234826
34754	0.32805493
34755	0.32366472
34756	0.31920615
34757	0.31470925
34758	0.31020543
34759	0.30572638
34760	0.30130380
34761	0.29696891
34762	0.29275179
34763	0.28868127
34764	0.28478435
34765	0.28108597
34766	0.27760881
34767	0.27437270
34768	0.27139491
34769	0.26868927
34770	0.26626655
34771	0.26413390
34772	0.26229480
34773	0.26074877
34774	0.25949118
34775	0.25851294
34776	0.25780028
34777	0.25733435
34778	0.25709108
34779	0.25704083
34780	0.25714818
34781	0.25737202
34782	0.25766572
34783	0.25797725
34784	0.25825003
34785	0.25842381
34786	0.25843596
34787	0.25822297
34788	0.25772202
34789	0.25687337
34790	0.25562161
34791	0.25391790
34792	0.25172153
34793	0.24900098
34794	0.24573497
34795	0.24191302
34796	0.23753515
34797	0.23261213
34798	0.22716454
34799	0.22122207
34800	0.21482305
34801	0.20801330
34802	0.20084575
34803	0.19338025
34804	0.18568327
34805	0.17782855
34806	0.16989730
34807	0.16197988
34808	0.15417631
34809	0.14659834
34810	0.13937050
34811	0.13263173
34812	0.12653634
34813	0.12125427
34814	0.11697105
34815	0.11388627
34816	0.11221173
34817	0.11216681
34818	0.11397523
34819	0.11785886
34820	0.12403102
34821	0.13269129
34822	0.14401786
34823	0.15816283
34824	0.17524694
34825	0.19535713
34826	0.21854596
34827	0.24483509
34828	0.27422181
34829	0.30668995
34830	0.34222671
34831	0.38084188
34832	0.42259604
34833	0.46763241
34834	0.51621932
34835	0.56880820
34836	0.62611276
34837	0.68923277
34838	0.75985175
34839	0.84057969
34840	0.93557882
34841	1.05180383
34842	1.20167816
34843	1.40961158
34844	1.73084784
34845	2.32213497
34846	NaN
34847	NaN
34848	NaN
34849	NaN
34850	NaN
34851	NaN
34852	NaN
34853	NaN
34854	NaN
34855	NaN
34856	NaN
34857	NaN
34858	NaN
34859	NaN
34860	NaN
34861	NaN
34862	NaN
34863	NaN
34864	NaN
34865	NaN
34866	NaN
34867	NaN
34868	NaN
34869	NaN
34870	NaN
34871	NaN
34872	NaN
34873	NaN
34874	NaN
34875	NaN
34876	NaN
34877	NaN
34878	NaN
34879	NaN
34880	NaN
34881	NaN
34882	NaN
34883	NaN
34884	NaN
34885	NaN
34886	NaN
34887	NaN
34888	NaN
34889	NaN
34890	NaN
34891	NaN
34892	NaN
34893	NaN
34894	NaN
34895	NaN
34896	NaN
34897	NaN
34898	NaN
34899	NaN
34900	NaN
34901	NaN
34902	NaN
34903	NaN
34904	NaN
34905	NaN
34906	NaN
34907	NaN
34908	NaN
34909	NaN
34910	NaN
34911	NaN
34912	NaN
34913	NaN
34914	NaN
34915	NaN
34916	1.51014256
34917	1.10761809
34918	0.95929617
34919	0.88259560
34920	0.83605009
34921	0.80504638
34922	0.78311223
34923	0.76693600
34924	0.75464499
34925	0.74509943
34926	0.73756462
34927	0.73154563
34928	0.72669733
34929	0.72277218
34930	0.71958840
34931	0.71701044
34932	0.71493560
34933	0.71328515
34934	0.71199799
34935	0.71102583
34936	0.71033019
34937	0.70987922
34938	0.70964587
34939	0.70960540
34940	0.70973450
34941	0.71000922
34942	0.71040404
34943	0.71089089
34944	0.71143776
34945	0.71200836
34946	0.71256137
34947	0.71305019
34948	0.71342272
34949	0.71362185
34950	0.71358615
34951	0.71325082
34952	0.71254998
34953	0.71141815
34954	0.70979375
34955	0.70762211
34956	0.70485920
34957	0.70147568
34958	0.69746047
34959	0.69282395
34960	0.68760055
34961	0.68184966
34962	0.67565507
34963	0.66912311
34964	0.66237903
34965	0.65556157
34966	0.64881724
34967	0.64229405
34968	0.63613439
34969	0.63046962
34970	0.62541461
34971	0.62106353
34972	0.61748725
34973	0.61473143
34974	0.61281562
34975	0.61173421
34976	0.61145669
34977	0.61192983
34978	0.61307967
34979	0.61481375
34980	0.61702359
34981	0.61958796
34982	0.62237531
34983	0.62524748
34984	0.62806278
34985	0.63068014
34986	0.63296258
34987	0.63478237
34988	0.63602418
34989	0.63659018
34990	0.63640362
34991	0.63541186
34992	0.63358885
34993	0.63093603
34994	0.62748194
34995	0.62328058
34996	0.61840796
34997	0.61295789
34998	0.60703713
34999	0.60075974
35000	0.59424168
35001	0.58759606
35002	0.58092898
35003	0.57433629
35004	0.56790137
35005	0.56169426
35006	0.55577093
35007	0.55017430
35008	0.54493469
35009	0.54007155
35010	0.53559500
35011	0.53150696
35012	0.52780300
35013	0.52447331
35014	0.52150387
35015	0.51887715
35016	0.51657277
35017	0.51456779
35018	0.51283693
35019	0.51135284
35020	0.51008570
35021	0.50900376
35022	0.50807297
35023	0.50725740
35024	0.50651926
35025	0.50581914
35026	0.50511646
35027	0.50436980
35028	0.50353754
35029	0.50257844
35030	0.50145215
35031	0.50012064
35032	0.49854824
35033	0.49670336
35034	0.49455881
35035	0.49209294
35036	0.48929024
35037	0.48614222
35038	0.48264751
35039	0.47881243
35040	0.47465113
35041	0.47018534
35042	0.46544456
35043	0.46046501
35044	0.45528939
35045	0.44996589
35046	0.44454709
35047	0.43908876
35048	0.43364850
35049	0.42828396
35050	0.42305148
35051	0.41800421
35052	0.41319060
35053	0.40865272
35054	0.40442508
35055	0.40053347
35056	0.39699426
35057	0.39381424
35058	0.39099035
35059	0.38851056
35060	0.38635430
35061	0.38449368
35062	0.38289469
35063	0.38151845
35064	0.38032240
35065	0.37926176
35066	0.37829050
35067	0.37736240
35068	0.37643185
35069	0.37545463
35070	0.37438837
35071	0.37319332
35072	0.37183258
35073	0.37027287
35074	0.36848477
35075	0.36644340
35076	0.36412889
35077	0.36152700
35078	0.35862935
35079	0.35543406
35080	0.35194573
35081	0.34817573
35082	0.34414196
35083	0.33986855
35084	0.33538559
35085	0.33072823
35086	0.32593611
35087	0.32105225
35088	0.31612232
35089	0.31119329
35090	0.30631223
35091	0.30152583
35092	0.29687867
35093	0.29241264
35094	0.28816620
35095	0.28417403
35096	0.28046596
35097	0.27706772
35098	0.27400023
35099	0.27127993
35100	0.26891896
35101	0.26692539
35102	0.26530319
35103	0.26405212
35104	0.26316792
35105	0.26264149
35106	0.26245868
35107	0.26259923
35108	0.26303619
35109	0.26373488
35110	0.26465183
35111	0.26573449
35112	0.26692060
35113	0.26813841
35114	0.26930776
35115	0.27034152
35116	0.27114829
35117	0.27163565
35118	0.27171391
35119	0.27130035
35120	0.27032316
35121	0.26872504
35122	0.26646566
35123	0.26352316
35124	0.25989428
35125	0.25559348
35126	0.25065073
35127	0.24510920
35128	0.23902197
35129	0.23244968
35130	0.22545850
35131	0.21811809
35132	0.21050204
35133	0.20268804
35134	0.19476053
35135	0.18681374
35136	0.17895651
35137	0.17131884
35138	0.16405885
35139	0.15737206
35140	0.15150109
35141	0.14674698
35142	0.14348015
35143	0.14215186
35144	0.14330511
35145	0.14758182
35146	0.15572715
35147	0.16858800
35148	0.18710598
35149	0.21230443
35150	0.24527667
35151	0.28717700
35152	0.33923423
35153	0.40280482
35154	0.47948998
35155	0.57137167
35156	0.68143165
35157	0.81430531
35158	0.97767907
35159	1.18507349
35160	1.46203804
35161	1.86205304
35162	2.51642418
35163	3.85141015
35164	NaN
35165	NaN
35166	NaN
35167	NaN
35168	NaN
35169	NaN
35170	NaN
35171	NaN
35172	NaN
35173	NaN
35174	NaN
35175	NaN
35176	NaN
35177	NaN
35178	NaN
35179	NaN
35180	NaN
35181	NaN
35182	NaN
35183	NaN
35184	NaN
35185	NaN
35186	NaN
35187	NaN
35188	NaN
35189	NaN
35190	NaN
35191	NaN
35192	NaN
35193	NaN
35194	NaN
35195	NaN
35196	NaN
35197	NaN
35198	NaN
35199	NaN
35200	NaN
35201	NaN
35202	NaN
35203	NaN
35204	NaN
35205	NaN
35206	NaN
35207	NaN
35208	NaN
35209	NaN
35210	NaN
35211	NaN
35212	NaN
35213	NaN
35214	NaN
35215	NaN
35216	NaN
35217	NaN
35218	NaN
35219	NaN
35220	NaN
35221	NaN
35222	NaN
35223	NaN
35224	NaN
35225	NaN
35226	NaN
35227	NaN
35228	NaN
35229	NaN
35230	NaN
35231	NaN
35232	NaN
35233	NaN
35234	NaN
35235	NaN
35236	NaN
35237	NaN
35238	NaN
35239	NaN
35240	NaN
35241	NaN
35242	NaN
35243	NaN
35244	NaN
35245	NaN
35246	1.94605410
35247	1.26528251
35248	1.03357327
35249	0.91923267
35250	0.85268247
35251	0.81024206
35252	0.78162903
35253	0.76165134
35254	0.74740010
35255	0.73711711
35256	0.72967559
35257	0.72432065
35258	0.72052759
35259	0.71792179
35260	0.71622950
35261	0.71524704
35262	0.71482080
35263	0.71483374
35264	0.71519554
35265	0.71583533
35266	0.71669704
35267	0.71773499
35268	0.71891057
35269	0.72018993
35270	0.72154170
35271	0.72293550
35272	0.72434026
35273	0.72572327
35274	0.72704935
35275	0.72827995
35276	0.72937298
35277	0.73028213
35278	0.73095739
35279	0.73134547
35280	0.73139054
35281	0.73103535
35282	0.73022377
35283	0.72890240
35284	0.72702348
35285	0.72454798
35286	0.72144848
35287	0.71771222
35288	0.71334416
35289	0.70836836
35290	0.70282966
35291	0.69679338
35292	0.69034433
35293	0.68358427
35294	0.67662823
35295	0.66960043
35296	0.66262913
35297	0.65584159
35298	0.64935893
35299	0.64329201
35300	0.63773727
35301	0.63277382
35302	0.62846160
35303	0.62484008
35304	0.62192780
35305	0.61972260
35306	0.61820287
35307	0.61732841
35308	0.61704242
35309	0.61727345
35310	0.61793727
35311	0.61893958
35312	0.62017846
35313	0.62154710
35314	0.62293667
35315	0.62423980
35316	0.62535334
35317	0.62618190
35318	0.62664056
35319	0.62665790
35320	0.62617797
35321	0.62516212
35322	0.62358952
35323	0.62145740
35324	0.61877984
35325	0.61558634
35326	0.61191922
35327	0.60783112
35328	0.60338175
35329	0.59863502
35330	0.59365624
35331	0.58850968
35332	0.58325660
35333	0.57795382
35334	0.57265270
35335	0.56739885
35336	0.56223160
35337	0.55718464
35338	0.55228597
35339	0.54755884
35340	0.54302198
35341	0.53869009
35342	0.53457510
35343	0.53068566
35344	0.52702808
35345	0.52360606
35346	0.52042103
35347	0.51747191
35348	0.51475501
35349	0.51226348
35350	0.50998765
35351	0.50791436
35352	0.50602686
35353	0.50430495
35354	0.50272483
35355	0.50125945
35356	0.49987870
35357	0.49854994
35358	0.49723876
35359	0.49590957
35360	0.49452645
35361	0.49305433
35362	0.49145973
35363	0.48971179
35364	0.48778304
35365	0.48565042
35366	0.48329556
35367	0.48070577
35368	0.47787395
35369	0.47479919
35370	0.47148639
35371	0.46794656
35372	0.46419623
35373	0.46025726
35374	0.45615631
35375	0.45192432
35376	0.44759572
35377	0.44320783
35378	0.43879992
35379	0.43441227
35380	0.43008497
35381	0.42585722
35382	0.42176563
35383	0.41784334
35384	0.41411898
35385	0.41061538
35386	0.40734920
35387	0.40432999
35388	0.40156034
35389	0.39903569
35390	0.39674467
35391	0.39466986
35392	0.39278847
35393	0.39107317
35394	0.38949320
35395	0.38801536
35396	0.38660491
35397	0.38522661
35398	0.38384518
35399	0.38242656
35400	0.38093793
35401	0.37934855
35402	0.37763014
35403	0.37575731
35404	0.37370774
35405	0.37146276
35406	0.36900747
35407	0.36633110
35408	0.36342734
35409	0.36029458
35410	0.35693604
35411	0.35336009
35412	0.34958002
35413	0.34561402
35414	0.34148487
35415	0.33721945
35416	0.33284801
35417	0.32840368
35418	0.32392150
35419	0.31943765
35420	0.31498894
35421	0.31061164
35422	0.30634180
35423	0.30221385
35424	0.29826099
35425	0.29451481
35426	0.29100478
35427	0.28775856
35428	0.28480133
35429	0.28215593
35430	0.27984217
35431	0.27787665
35432	0.27627236
35433	0.27503803
35434	0.27417731
35435	0.27368861
35436	0.27356392
35437	0.27378857
35438	0.27434027
35439	0.27518851
35440	0.27629429
35441	0.27760926
35442	0.27907577
35443	0.28062728
35444	0.28218871
35445	0.28367761
35446	0.28500614
35447	0.28608313
35448	0.28681707
35449	0.28711885
35450	0.28690508
35451	0.28610101
35452	0.28464299
35453	0.28248003
35454	0.27957514
35455	0.27590558
35456	0.27146184
35457	0.26624718
35458	0.26027569
35459	0.25357118
35460	0.24616566
35461	0.23809858
35462	0.22941689
35463	0.22017510
35464	0.21043710
35465	0.20027816
35466	0.18978854
35467	0.17907701
35468	0.16827601
35469	0.15754770
35470	0.14708953
35471	0.13714126
35472	0.12799107
35473	0.11998126
35474	0.11351301
35475	0.10904910
35476	0.10711364
35477	0.10829061
35478	0.11321876
35479	0.12258390
35480	0.13711493
35481	0.15757965
35482	0.18479209
35483	0.21963663
35484	0.26311606
35485	0.31644586
35486	0.38121217
35487	0.45964053
35488	0.55504805
35489	0.67265290
35490	0.82110173
35491	1.01563632
35492	1.28544092
35493	1.69350970
35494	2.40404344
35495	NaN
35496	NaN
35497	NaN
35498	NaN
35499	NaN
35500	NaN
35501	NaN
35502	NaN
35503	NaN
35504	NaN
35505	NaN
35506	NaN
35507	NaN
35508	NaN
35509	NaN
35510	NaN
35511	NaN
35512	NaN
35513	NaN
35514	NaN
35515	NaN
35516	NaN
35517	NaN
35518	NaN
35519	NaN
35520	NaN
35521	NaN
35522	NaN
35523	NaN
35524	NaN
35525	NaN
35526	NaN
35527	NaN
35528	NaN
35529	NaN
35530	NaN
35531	NaN
35532	NaN
35533	NaN
35534	NaN
35535	NaN
35536	NaN
35537	NaN
35538	NaN
35539	NaN
35540	NaN
35541	NaN
35542	NaN
35543	NaN
35544	NaN
35545	NaN
35546	NaN
35547	NaN
35548	NaN
35549	NaN
35550	NaN
35551	NaN
35552	NaN
35553	NaN
35554	NaN
35555	NaN
35556	NaN
35557	NaN
35558	NaN
35559	NaN
35560	NaN
35561	NaN
35562	NaN
35563	NaN
35564	NaN
35565	NaN
35566	NaN
35567	NaN
35568	NaN
35569	NaN
35570	NaN
35571	NaN
35572	NaN
35573	NaN
35574	NaN
35575	NaN
35576	NaN
35577	NaN
35578	NaN
35579	NaN
35580	NaN
35581	NaN
35582	NaN
35583	NaN
35584	NaN
35585	2.07210660
35586	1.29498458
35587	1.04318416
35588	0.92130190
35589	0.85096610
35590	0.80615920
35591	0.77576506
35592	0.75424165
35593	0.73852205
35594	0.72677571
35595	0.71784669
35596	0.71097183
35597	0.70563114
35598	0.70145994
35599	0.69819719
35600	0.69565308
35601	0.69368714
35602	0.69219410
35603	0.69109362
35604	0.69032270
35605	0.68983066
35606	0.68957514
35607	0.68951815
35608	0.68962461
35609	0.68985969
35610	0.69018763
35611	0.69057047
35612	0.69096774
35613	0.69133526
35614	0.69162536
35615	0.69178689
35616	0.69176525
35617	0.69150341
35618	0.69094265
35619	0.69002372
35620	0.68868899
35621	0.68688428
35622	0.68456155
35623	0.68168211
35624	0.67821956
35625	0.67416334
35626	0.66952169
35627	0.66432393
35628	0.65862256
35629	0.65249300
35630	0.64603263
35631	0.63935834
35632	0.63260168
35633	0.62590390
35634	0.61940938
35635	0.61325872
35636	0.60758287
35637	0.60249722
35638	0.59809703
35639	0.59445453
35640	0.59161669
35641	0.58960485
35642	0.58841527
35643	0.58802027
35644	0.58837008
35645	0.58939475
35646	0.59100699
35647	0.59310383
35648	0.59556943
35649	0.59827775
35650	0.60109490
35651	0.60388231
35652	0.60650027
35653	0.60881156
35654	0.61068541
35655	0.61200231
35656	0.61265802
35657	0.61256814
35658	0.61167186
35659	0.60993445
35660	0.60734928
35661	0.60393769
35662	0.59974766
35663	0.59485072
35664	0.58933806
35665	0.58331484
35666	0.57689482
35667	0.57019478
35668	0.56332952
35669	0.55640721
35670	0.54952669
35671	0.54277480
35672	0.53622562
35673	0.52994019
35674	0.52396703
35675	0.51834285
35676	0.51309437
35677	0.50823915
35678	0.50378728
35679	0.49974278
35680	0.49610433
35681	0.49286643
35682	0.49001974
35683	0.48755172
35684	0.48544648
35685	0.48368505
35686	0.48224491
35687	0.48109993
35688	0.48022020
35689	0.47957155
35690	0.47911575
35691	0.47881049
35692	0.47860956
35693	0.47846365
35694	0.47832087
35695	0.47812814
35696	0.47783232
35697	0.47738153
35698	0.47672674
35699	0.47582301
35700	0.47463092
35701	0.47311735
35702	0.47125649
35703	0.46903029
35704	0.46642905
35705	0.46345109
35706	0.46010312
35707	0.45639992
35708	0.45236400
35709	0.44802526
35710	0.44342035
35711	0.43859214
35712	0.43358865
35713	0.42846239
35714	0.42326894
35715	0.41806597
35716	0.41291153
35717	0.40786284
35718	0.40297434
35719	0.39829639
35720	0.39387351
35721	0.38974303
35722	0.38593408
35723	0.38246638
35724	0.37934998
35725	0.37658501
35726	0.37416196
35727	0.37206224
35728	0.37025896
35729	0.36871830
35730	0.36740056
35731	0.36626169
35732	0.36525452
35733	0.36433023
35734	0.36343917
35735	0.36253217
35736	0.36156133
35737	0.36048073
35738	0.35924703
35739	0.35782027
35740	0.35616401
35741	0.35424638
35742	0.35204017
35743	0.34952372
35744	0.34668109
35745	0.34350297
35746	0.33998683
35747	0.33613735
35748	0.33196688
35749	0.32749516
35750	0.32274961
35751	0.31776476
35752	0.31258193
35753	0.30724847
35754	0.30181655
35755	0.29634216
35756	0.29088336
35757	0.28549907
35758	0.28024721
35759	0.27518353
35760	0.27035990
35761	0.26582375
35762	0.26161692
35763	0.25777566
35764	0.25433043
35765	0.25130603
35766	0.24872212
35767	0.24659349
35768	0.24493060
35769	0.24373962
35770	0.24302283
35771	0.24277776
35772	0.24299718
35773	0.24366796
35774	0.24476966
35775	0.24627374
35776	0.24814129
35777	0.25032204
35778	0.25275260
35779	0.25535566
35780	0.25803944
35781	0.26069850
35782	0.26321554
35783	0.26546457
35784	0.26731578
35785	0.26864111
35786	0.26932123
35787	0.26925176
35788	0.26834893
35789	0.26655445
35790	0.26383644
35791	0.26019034
35792	0.25563595
35793	0.25021327
35794	0.24397826
35795	0.23699719
35796	0.22934261
35797	0.22108987
35798	0.21231586
35799	0.20309879
35800	0.19352101
35801	0.18367331
35802	0.17366165
35803	0.16361843
35804	0.15371440
35805	0.14417861
35806	0.13532089
35807	0.12756445
35808	0.12148634
35809	0.11787172
35810	0.11778477
35811	0.12265794
35812	0.13441209
35813	0.15560339
35814	0.18961990
35815	0.24093035
35816	0.31542167
35817	0.42088395
35818	0.56777430
35819	0.77057081
35820	1.05043161
35821	1.44094050
35822	2.00175548
35823	2.85538125
35824	NaN
35825	NaN
35826	NaN
35827	NaN
35828	NaN
35829	NaN
35830	NaN
35831	NaN
35832	NaN
35833	NaN
35834	NaN
35835	NaN
35836	NaN
35837	NaN
35838	NaN
35839	NaN
35840	NaN
35841	NaN
35842	NaN
35843	NaN
35844	NaN
35845	NaN
35846	NaN
35847	NaN
35848	NaN
35849	NaN
35850	NaN
35851	NaN
35852	NaN
35853	NaN
35854	NaN
35855	NaN
35856	NaN
35857	NaN
35858	NaN
35859	NaN
35860	NaN
35861	NaN
35862	NaN
35863	NaN
35864	NaN
35865	NaN
35866	NaN
35867	NaN
35868	NaN
35869	NaN
35870	NaN
35871	NaN
35872	NaN
35873	NaN
35874	NaN
35875	NaN
35876	NaN
35877	NaN
35878	NaN
35879	NaN
35880	NaN
35881	NaN
35882	NaN
35883	NaN
35884	NaN
35885	NaN
35886	NaN
35887	NaN
35888	NaN
35889	NaN
35890	NaN
35891	NaN
35892	NaN
35893	NaN
35894	NaN
35895	NaN
35896	NaN
35897	NaN
35898	NaN
35899	NaN
35900	NaN
35901	NaN
35902	NaN
35903	NaN
35904	NaN
35905	NaN
35906	NaN
35907	NaN
35908	NaN
35909	NaN
35910	1.82050323
35911	1.24224806
35912	1.03581655
35913	0.93118191
35914	0.86893308
35915	0.82841396
35916	0.80054051
35917	0.78068191
35918	0.76622343
35919	0.75557154
35920	0.74769741
35921	0.74190515
35922	0.73770618
35923	0.73474735
35924	0.73276687
35925	0.73156697
35926	0.73099566
35927	0.73093426
35928	0.73128921
35929	0.73198473
35930	0.73295939
35931	0.73416096
35932	0.73554438
35933	0.73706883
35934	0.73869574
35935	0.74038708
35936	0.74210399
35937	0.74380553
35938	0.74544781
35939	0.74698323
35940	0.74836004
35941	0.74952209
35942	0.75040901
35943	0.75095701
35944	0.75109947
35945	0.75076902
35946	0.74989933
35947	0.74842793
35948	0.74629968
35949	0.74347001
35950	0.73990917
35951	0.73560566
35952	0.73057008
35953	0.72483695
35954	0.71846676
35955	0.71154577
35956	0.70418376
35957	0.69651151
35958	0.68867540
35959	0.68083173
35960	0.67313975
35961	0.66575533
35962	0.65882385
35963	0.65247560
35964	0.64682007
35965	0.64194375
35966	0.63790721
35967	0.63474482
35968	0.63246477
35969	0.63104999
35970	0.63045979
35971	0.63063210
35972	0.63148576
35973	0.63292336
35974	0.63483411
35975	0.63709676
35976	0.63958311
35977	0.64216137
35978	0.64469963
35979	0.64706945
35980	0.64914984
35981	0.65083075
35982	0.65201622
35983	0.65262735
35984	0.65260452
35985	0.65190893
35986	0.65052313
35987	0.64845073
35988	0.64571488
35989	0.64235640
35990	0.63843083
35991	0.63400549
35992	0.62915558
35993	0.62396097
35994	0.61850303
35995	0.61286157
35996	0.60711277
35997	0.60132718
35998	0.59556860
35999	0.58989310
36000	0.58434886
36001	0.57897621
36002	0.57380790
36003	0.56886947
36004	0.56418008
36005	0.55975306
36006	0.55559641
36007	0.55171353
36008	0.54810369
36009	0.54476237
36010	0.54168147
36011	0.53884977
36012	0.53625280
36013	0.53387296
36014	0.53168994
36015	0.52968061
36016	0.52781934
36017	0.52607846
36018	0.52442825
36019	0.52283812
36020	0.52127635
36021	0.51971143
36022	0.51811194
36023	0.51644784
36024	0.51469052
36025	0.51281339
36026	0.51079279
36027	0.50860780
36028	0.50624126
36029	0.50367951
36030	0.50091314
36031	0.49793735
36032	0.49475163
36033	0.49136055
36034	0.48777351
36035	0.48400491
36036	0.48007387
36037	0.47600389
36038	0.47182253
36039	0.46756077
36040	0.46325201
36041	0.45893151
36042	0.45463523
36043	0.45039901
36044	0.44625711
36045	0.44224176
36046	0.43838161
36047	0.43470117
36048	0.43122000
36049	0.42795208
36050	0.42490548
36051	0.42208213
36052	0.41947785
36053	0.41708258
36054	0.41488066
36055	0.41285133
36056	0.41096964
36057	0.40920681
36058	0.40753147
36059	0.40591031
36060	0.40430900
36061	0.40269339
36062	0.40102997
36063	0.39928707
36064	0.39743537
36065	0.39544854
36066	0.39330372
36067	0.39098182
36068	0.38846776
36069	0.38575050
36070	0.38282314
36071	0.37968266
36072	0.37633023
36073	0.37277079
36074	0.36901346
36075	0.36507115
36076	0.36096093
36077	0.35670373
36078	0.35232446
36079	0.34785151
36080	0.34331673
36081	0.33875462
36082	0.33420163
36083	0.32969558
36084	0.32527471
36085	0.32097667
36086	0.31683779
36087	0.31289211
36088	0.30917075
36089	0.30570149
36090	0.30250803
36091	0.29960987
36092	0.29702216
36093	0.29475570
36094	0.29281685
36095	0.29120746
36096	0.28992480
36097	0.28896168
36098	0.28830609
36099	0.28794080
36100	0.28784338
36101	0.28798553
36102	0.28833315
36103	0.28884578
36104	0.28947681
36105	0.29017380
36106	0.29087883
36107	0.29152951
36108	0.29206014
36109	0.29240373
36110	0.29249310
36111	0.29226378
36112	0.29165563
36113	0.29061472
36114	0.28909534
36115	0.28706127
36116	0.28448662
36117	0.28135666
36118	0.27766737
36119	0.27342567
36120	0.26864865
36121	0.26336268
36122	0.25760278
36123	0.25141180
36124	0.24483965
36125	0.23794301
36126	0.23078500
36127	0.22343563
36128	0.21597238
36129	0.20848124
36130	0.20105849
36131	0.19381304
36132	0.18686929
36133	0.18037008
36134	0.17448092
36135	0.16939427
36136	0.16533269
36137	0.16255409
36138	0.16135395
36139	0.16206895
36140	0.16507749
36141	0.17080040
36142	0.17970037
36143	0.19227985
36144	0.20908025
36145	0.23068295
36146	0.25771844
36147	0.29087964
36148	0.33095786
36149	0.37889722
36150	0.43588975
36151	0.50353307
36152	0.58408684
36153	0.68091452
36154	0.79926711
36155	0.94777811
36156	1.14155686
36157	1.40935063
36158	1.81279826
36159	2.51107383
36160	4.07703876
36161	NaN
36162	NaN
36163	NaN
36164	NaN
36165	NaN
36166	NaN
36167	NaN
36168	NaN
36169	NaN
36170	NaN
36171	NaN
36172	NaN
36173	NaN
36174	NaN
36175	NaN
36176	NaN
36177	NaN
36178	NaN
36179	NaN
36180	NaN
36181	NaN
36182	NaN
36183	NaN
36184	NaN
36185	NaN
36186	NaN
36187	NaN
36188	NaN
36189	NaN
36190	NaN
36191	NaN
36192	NaN
36193	NaN
36194	NaN
36195	NaN
36196	NaN
36197	NaN
36198	NaN
36199	NaN
36200	NaN
36201	NaN
36202	NaN
36203	NaN
36204	NaN
36205	NaN
36206	NaN
36207	NaN
36208	NaN
36209	NaN
36210	NaN
36211	NaN
36212	NaN
36213	NaN
36214	NaN
36215	NaN
36216	NaN
36217	NaN
36218	NaN
36219	NaN
36220	NaN
36221	NaN
36222	NaN
36223	NaN
36224	NaN
36225	NaN
36226	NaN
36227	NaN
36228	NaN
36229	NaN
36230	NaN
36231	NaN
36232	NaN
36233	NaN
36234	NaN
36235	NaN
36236	NaN
36237	NaN
36238	NaN
36239	NaN
36240	NaN
36241	NaN
36242	NaN
36243	NaN
36244	NaN
36245	NaN
36246	NaN
36247	NaN
36248	2.11703134
36249	1.26687288
36250	1.02610123
36251	0.91540235
36252	0.85350019
36253	0.81501180
36254	0.78945333
36255	0.77171278
36256	0.75900608
36257	0.74969250
36258	0.74274731
36259	0.73750216
36260	0.73350614
36261	0.73044735
36262	0.72810566
36263	0.72632378
36264	0.72498786
36265	0.72401476
36266	0.72334325
36267	0.72292739
36268	0.72273242
36269	0.72273028
36270	0.72289777
36271	0.72321391
36272	0.72365791
36273	0.72420830
36274	0.72484148
36275	0.72553027
36276	0.72624385
36277	0.72694671
36278	0.72759837
36279	0.72815287
36280	0.72855914
36281	0.72876120
36282	0.72869909
36283	0.72830951
36284	0.72752798
36285	0.72629088
36286	0.72453839
36287	0.72221732
36288	0.71928537
36289	0.71571457
36290	0.71149534
36291	0.70663971
36292	0.70118403
36293	0.69518983
36294	0.68874395
36295	0.68195617
36296	0.67495537
36297	0.66788459
36298	0.66089427
36299	0.65413570
36300	0.64775395
36301	0.64188206
36302	0.63663518
36303	0.63210720
36304	0.62836778
36305	0.62546110
36306	0.62340540
36307	0.62219381
36308	0.62179542
36309	0.62215686
36310	0.62320447
36311	0.62484616
36312	0.62697375
36313	0.62946534
36314	0.63218814
36315	0.63500118
36316	0.63775891
36317	0.64031446
36318	0.64252436
36319	0.64425248
36320	0.64537537
36321	0.64578682
36322	0.64540219
36323	0.64416289
36324	0.64203888
36325	0.63903022
36326	0.63516694
36327	0.63050735
36328	0.62513411
36329	0.61914998
36330	0.61267197
36331	0.60582489
36332	0.59873599
36333	0.59152919
36334	0.58432060
36335	0.57721549
36336	0.57030529
36337	0.56366724
36338	0.55736357
36339	0.55144215
36340	0.54593754
36341	0.54087216
36342	0.53625798
36343	0.53209770
36344	0.52838659
36345	0.52511346
36346	0.52226168
36347	0.51981032
36348	0.51773500
36349	0.51600790
36350	0.51459879
36351	0.51347482
36352	0.51260096
36353	0.51194006
36354	0.51145303
36355	0.51109868
36356	0.51083434
36357	0.51061565
36358	0.51039732
36359	0.51013321
36360	0.50977701
36361	0.50928301
36362	0.50860667
36363	0.50770581
36364	0.50654101
36365	0.50507712
36366	0.50328386
36367	0.50113678
36368	0.49861792
36369	0.49571675
36370	0.49243057
36371	0.48876467
36372	0.48473287
36373	0.48035720
36374	0.47566777
36375	0.47070238
36376	0.46550572
36377	0.46012858
36378	0.45462695
36379	0.44906029
36380	0.44349062
36381	0.43798059
36382	0.43259194
36383	0.42738363
36384	0.42241022
36385	0.41772017
36386	0.41335413
36387	0.40934390
36388	0.40571141
36389	0.40246806
36390	0.39961475
36391	0.39714208
36392	0.39503112
36393	0.39325437
36394	0.39177701
36395	0.39055851
36396	0.38955399
36397	0.38871568
36398	0.38799450
36399	0.38734114
36400	0.38670737
36401	0.38604677
36402	0.38531575
36403	0.38447419
36404	0.38348597
36405	0.38231951
36406	0.38094813
36407	0.37935060
36408	0.37751117
36409	0.37542000
36410	0.37307313
36411	0.37047264
36412	0.36762619
36413	0.36454719
36414	0.36125398
36415	0.35776934
36416	0.35411984
36417	0.35033500
36418	0.34644628
36419	0.34248593
36420	0.33848625
36421	0.33447853
36422	0.33049217
36423	0.32655418
36424	0.32268885
36425	0.31891778
36426	0.31526023
36427	0.31173381
36428	0.30835530
36429	0.30514157
36430	0.30211052
36431	0.29928151
36432	0.29667541
36433	0.29431415
36434	0.29222018
36435	0.29041484
36436	0.28891751
36437	0.28774372
36438	0.28690368
36439	0.28640047
36440	0.28622848
36441	0.28637171
36442	0.28680241
36443	0.28747976
36444	0.28834921
36445	0.28934187
36446	0.29037544
36447	0.29135516
36448	0.29217675
36449	0.29272923
36450	0.29289988
36451	0.29257914
36452	0.29166561
36453	0.29007128
36454	0.28772557
36455	0.28457820
36456	0.28060043
36457	0.27578515
36458	0.27014524
36459	0.26371112
36460	0.25652793
36461	0.24865223
36462	0.24014950
36463	0.23109213
36464	0.22155835
36465	0.21163276
36466	0.20140775
36467	0.19098701
36468	0.18048985
36469	0.17005885
36470	0.15986738
36471	0.15013099
36472	0.14111951
36473	0.13317214
36474	0.12671311
36475	0.12226844
36476	0.12048197
36477	0.12212630
36478	0.12811010
36479	0.13947244
36480	0.15736565
36481	0.18302074
36482	0.21769883
36483	0.26263979
36484	0.31901333
36485	0.38790730
36486	0.47037682
36487	0.56759650
36488	0.68115360
36489	0.81356794
36490	0.96915138
36491	1.15554798
36492	1.38669527
36493	1.68931222
36494	2.11946106
36495	2.81427741
36496	NaN
36497	NaN
36498	NaN
36499	NaN
36500	NaN
36501	NaN
36502	NaN
36503	NaN
36504	NaN
36505	NaN
36506	NaN
36507	NaN
36508	NaN
36509	NaN
36510	NaN
36511	NaN
36512	NaN
36513	NaN
36514	NaN
36515	NaN
36516	NaN
36517	NaN
36518	NaN
36519	NaN
36520	NaN
36521	NaN
36522	NaN
36523	NaN
36524	NaN
36525	NaN
36526	NaN
36527	NaN
36528	NaN
36529	NaN
36530	NaN
36531	NaN
36532	NaN
36533	NaN
36534	NaN
36535	NaN
36536	NaN
36537	NaN
36538	NaN
36539	NaN
36540	NaN
36541	NaN
36542	NaN
36543	NaN
36544	NaN
36545	NaN
36546	NaN
36547	NaN
36548	NaN
36549	NaN
36550	NaN
36551	NaN
36552	NaN
36553	NaN
36554	NaN
36555	NaN
36556	NaN
36557	NaN
36558	NaN
36559	NaN
36560	NaN
36561	NaN
36562	NaN
36563	NaN
36564	NaN
36565	NaN
36566	NaN
36567	NaN
36568	NaN
36569	NaN
36570	NaN
36571	NaN
36572	NaN
36573	NaN
36574	NaN
36575	NaN
36576	NaN
36577	NaN
36578	3.88379788
36579	1.73933530
36580	1.27515018
36581	1.07535887
36582	0.96608961
36583	0.89853126
36584	0.85361403
36585	0.82233948
36586	0.79990113
36587	0.78349394
36588	0.77136827
36589	0.76237583
36590	0.75573176
36591	0.75088191
36592	0.74742472
36593	0.74506301
36594	0.74357283
36595	0.74278289
36596	0.74256033
36597	0.74280041
36598	0.74341923
36599	0.74434781
36600	0.74552804
36601	0.74690884
36602	0.74844378
36603	0.75008833
36604	0.75179833
36605	0.75352842
36606	0.75523061
36607	0.75685370
36608	0.75834215
36609	0.75963622
36610	0.76067156
36611	0.76138020
36612	0.76169103
36613	0.76153201
36614	0.76083189
36615	0.75952333
36616	0.75754595
36617	0.75485039
36618	0.75140172
36619	0.74718338
36620	0.74220067
36621	0.73648310
36622	0.73008573
36623	0.72308946
36624	0.71559930
36625	0.70774138
36626	0.69965827
36627	0.69150370
36628	0.68343616
36629	0.67561209
36630	0.66818023
36631	0.66127568
36632	0.65501547
36633	0.64949483
36634	0.64478528
36635	0.64093298
36636	0.63795865
36637	0.63585836
36638	0.63460439
36639	0.63414741
36640	0.63441825
36641	0.63533008
36642	0.63678128
36643	0.63865829
36644	0.64083821
36645	0.64319229
36646	0.64558971
36647	0.64790046
36648	0.64999998
36649	0.65177250
36650	0.65311450
36651	0.65393811
36652	0.65417343
36653	0.65377051
36654	0.65270025
36655	0.65095413
36656	0.64854378
36657	0.64549887
36658	0.64186466
36659	0.63769919
36660	0.63307011
36661	0.62805110
36662	0.62271905
36663	0.61715126
36664	0.61142272
36665	0.60560447
36666	0.59976226
36667	0.59395534
36668	0.58823603
36669	0.58265001
36670	0.57723600
36671	0.57202643
36672	0.56704783
36673	0.56232166
36674	0.55786467
36675	0.55368948
36676	0.54980481
36677	0.54621595
36678	0.54292452
36679	0.53992867
36680	0.53722274
36681	0.53479707
36682	0.53263789
36683	0.53072709
36684	0.52904207
36685	0.52755600
36686	0.52623814
36687	0.52505398
36688	0.52396601
36689	0.52293468
36690	0.52191859
36691	0.52087617
36692	0.51976615
36693	0.51854891
36694	0.51718706
36695	0.51564664
36696	0.51389796
36697	0.51191622
36698	0.50968230
36699	0.50718307
36700	0.50441206
36701	0.50136924
36702	0.49806172
36703	0.49450317
36704	0.49071395
36705	0.48672041
36706	0.48255464
36707	0.47825336
36708	0.47385725
36709	0.46940970
36710	0.46495569
36711	0.46054059
36712	0.45620874
36713	0.45200211
36714	0.44795921
36715	0.44411382
36716	0.44049394
36717	0.43712127
36718	0.43401027
36719	0.43116796
36720	0.42859408
36721	0.42628098
36722	0.42421415
36723	0.42237288
36724	0.42073086
36725	0.41925725
36726	0.41791722
36727	0.41667330
36728	0.41548583
36729	0.41431394
36730	0.41311646
36731	0.41185251
36732	0.41048232
36733	0.40896773
36734	0.40727311
36735	0.40536577
36736	0.40321660
36737	0.40080082
36738	0.39809844
36739	0.39509457
36740	0.39178011
36741	0.38815191
36742	0.38421306
36743	0.37997305
36744	0.37544790
36745	0.37065998
36746	0.36563808
36747	0.36041692
36748	0.35503677
36749	0.34954283
36750	0.34398431
36751	0.33841339
36752	0.33288428
36753	0.32745180
36754	0.32217020
36755	0.31709209
36756	0.31226748
36757	0.30774263
36758	0.30355975
36759	0.29975641
36760	0.29636526
36761	0.29341394
36762	0.29092517
36763	0.28891650
36764	0.28740057
36765	0.28638488
36766	0.28587130
36767	0.28585607
36768	0.28632888
36769	0.28727216
36770	0.28866038
36771	0.29045877
36772	0.29262251
36773	0.29509595
36774	0.29781145
36775	0.30068940
36776	0.30363801
36777	0.30655384
36778	0.30932334
36779	0.31182474
36780	0.31393135
36781	0.31551495
36782	0.31645080
36783	0.31662226
36784	0.31592569
36785	0.31427589
36786	0.31160948
36787	0.30788815
36788	0.30310017
36789	0.29726005
36790	0.29040664
36791	0.28260088
36792	0.27392188
36793	0.26446381
36794	0.25433335
36795	0.24364719
36796	0.23253158
36797	0.22112201
36798	0.20956476
36799	0.19801982
36800	0.18666346
36801	0.17569295
36802	0.16533104
36803	0.15583105
36804	0.14748056
36805	0.14060681
36806	0.13557850
36807	0.13280722
36808	0.13274775
36809	0.13589443
36810	0.14277786
36811	0.15395890
36812	0.17002638
36813	0.19159636
36814	0.21931860
36815	0.25389972
36816	0.29614174
36817	0.34701598
36818	0.40778029
36819	0.48017335
36820	0.56673360
36821	0.67134279
36822	0.80021447
36823	0.96382248
36824	1.18103456
36825	1.48915339
36826	1.97289979
36827	2.87304878
36828	NaN
36829	NaN
36830	NaN
36831	NaN
36832	NaN
36833	NaN
36834	NaN
36835	NaN
36836	NaN
36837	NaN
36838	NaN
36839	NaN
36840	NaN
36841	NaN
36842	NaN
36843	NaN
36844	NaN
36845	NaN
36846	NaN
36847	NaN
36848	NaN
36849	NaN
36850	NaN
36851	NaN
36852	NaN
36853	NaN
36854	NaN
36855	NaN
36856	NaN
36857	NaN
36858	NaN
36859	NaN
36860	NaN
36861	NaN
36862	NaN
36863	NaN
36864	NaN
36865	NaN
36866	NaN
36867	NaN
36868	NaN
36869	NaN
36870	NaN
36871	NaN
36872	NaN
36873	NaN
36874	NaN
36875	NaN
36876	NaN
36877	NaN
36878	NaN
36879	NaN
36880	NaN
36881	NaN
36882	NaN
36883	NaN
36884	NaN
36885	NaN
36886	NaN
36887	NaN
36888	NaN
36889	NaN
36890	NaN
36891	NaN
36892	NaN
36893	NaN
36894	NaN
36895	NaN
36896	NaN
36897	NaN
36898	NaN
36899	NaN
36900	NaN
36901	NaN
36902	NaN
36903	NaN
36904	NaN
36905	NaN
36906	NaN
36907	NaN
36908	NaN
36909	NaN
36910	NaN
36911	NaN
36912	NaN
36913	NaN
36914	NaN
36915	NaN
36916	NaN
36917	NaN
36918	NaN
36919	2.40016174
36920	1.15067875
36921	0.92314470
36922	0.83233124
36923	0.78582180
36924	0.75886357
36925	0.74205101
36926	0.73104960
36927	0.72360116
36928	0.71842700
36929	0.71475840
36930	0.71211338
36931	0.71018028
36932	0.70875293
36933	0.70769280
36934	0.70690626
36935	0.70632905
36936	0.70591730
36937	0.70564020
36938	0.70547616
36939	0.70540887
36940	0.70542520
36941	0.70551294
36942	0.70565987
36943	0.70585173
36944	0.70607215
36945	0.70630163
36946	0.70651680
36947	0.70669049
36948	0.70679170
36949	0.70678526
36950	0.70663273
36951	0.70629227
36952	0.70571995
36953	0.70487046
36954	0.70369816
36955	0.70215929
36956	0.70021296
36957	0.69782400
36958	0.69496465
36959	0.69161743
36960	0.68777734
36961	0.68345410
36962	0.67867410
36963	0.67348093
36964	0.66793609
36965	0.66211778
36966	0.65611911
36967	0.65004462
36968	0.64400691
36969	0.63812160
36970	0.63250262
36971	0.62725765
36972	0.62248355
36973	0.61826253
36974	0.61465949
36975	0.61171997
36976	0.60946900
36977	0.60791105
36978	0.60703009
36979	0.60679072
36980	0.60713965
36981	0.60800719
36982	0.60930902
36983	0.61094850
36984	0.61281884
36985	0.61480570
36986	0.61679006
36987	0.61865127
36988	0.62027085
36989	0.62153596
36990	0.62234312
36991	0.62260228
36992	0.62224013
36993	0.62120318
36994	0.61946005
36995	0.61700225
36996	0.61384493
36997	0.61002517
36998	0.60559988
36999	0.60064268
37000	0.59523946
37001	0.58948445
37002	0.58347559
37003	0.57731014
37004	0.57108140
37005	0.56487536
37006	0.55876893
37007	0.55282825
37008	0.54710829
37009	0.54165286
37010	0.53649479
37011	0.53165728
37012	0.52715462
37013	0.52299351
37014	0.51917416
37015	0.51569140
37016	0.51253605
37017	0.50969517
37018	0.50715321
37019	0.50489223
37020	0.50289226
37021	0.50113153
37022	0.49958631
37023	0.49823093
37024	0.49703759
37025	0.49597645
37026	0.49501538
37027	0.49412012
37028	0.49325442
37029	0.49238056
37030	0.49145976
37031	0.49045274
37032	0.48932087
37033	0.48802662
37034	0.48653492
37035	0.48481369
37036	0.48283502
37037	0.48057577
37038	0.47801834
37039	0.47515133
37040	0.47196999
37041	0.46847638
37042	0.46467963
37043	0.46059600
37044	0.45624855
37045	0.45166689
37046	0.44688657
37047	0.44194841
37048	0.43689743
37049	0.43178195
37050	0.42665240
37051	0.42155984
37052	0.41655469
37053	0.41168529
37054	0.40699655
37055	0.40252858
37056	0.39831558
37057	0.39438465
37058	0.39075536
37059	0.38743898
37060	0.38443843
37061	0.38174838
37062	0.37935564
37063	0.37723982
37064	0.37537405
37065	0.37372622
37066	0.37225974
37067	0.37093484
37068	0.36970949
37069	0.36854070
37070	0.36738527
37071	0.36620080
37072	0.36494654
37073	0.36358422
37074	0.36207855
37075	0.36039791
37076	0.35851485
37077	0.35640660
37078	0.35405517
37079	0.35144797
37080	0.34857798
37081	0.34544367
37082	0.34204945
37083	0.33840552
37084	0.33452782
37085	0.33043799
37086	0.32616287
37087	0.32173446
37088	0.31718895
37089	0.31256604
37090	0.30790815
37091	0.30325904
37092	0.29866305
37093	0.29416320
37094	0.28980094
37095	0.28561449
37096	0.28163856
37097	0.27790380
37098	0.27443656
37099	0.27125919
37100	0.26839021
37101	0.26584464
37102	0.26363450
37103	0.26176906
37104	0.26025486
37105	0.25909573
37106	0.25829217
37107	0.25784099
37108	0.25773427
37109	0.25795835
37110	0.25849268
37111	0.25930873
37112	0.26036885
37113	0.26162556
37114	0.26302087
37115	0.26448646
37116	0.26594412
37117	0.26730752
37118	0.26848409
37119	0.26937863
37120	0.26989672
37121	0.26994944
37122	0.26945740
37123	0.26835534
37124	0.26659501
37125	0.26414746
37126	0.26100448
37127	0.25717732
37128	0.25269607
37129	0.24760666
37130	0.24196875
37131	0.23585264
37132	0.22933738
37133	0.22250989
37134	0.21546443
37135	0.20830461
37136	0.20114557
37137	0.19411978
37138	0.18738303
37139	0.18112428
37140	0.17557782
37141	0.17103800
37142	0.16788095
37143	0.16658768
37144	0.16777752
37145	0.17224811
37146	0.18102615
37147	0.19543464
37148	0.21717575
37149	0.24844655
37150	0.29209366
37151	0.35184541
37152	0.43267027
37153	0.54138601
37154	0.68775851
37155	0.88664120
37156	1.16248643
37157	1.55986452
37158	2.17159629
37159	3.23149443
37160	NaN
37161	NaN
37162	NaN
37163	NaN
37164	NaN
37165	NaN
37166	NaN
37167	NaN
37168	NaN
37169	NaN
37170	NaN
37171	NaN
37172	NaN
37173	NaN
37174	NaN
37175	NaN
37176	NaN
37177	NaN
37178	NaN
37179	NaN
37180	NaN
37181	NaN
37182	NaN
37183	NaN
37184	NaN
37185	NaN
37186	NaN
37187	NaN
37188	NaN
37189	NaN
37190	NaN
37191	NaN
37192	NaN
37193	NaN
37194	NaN
37195	NaN
37196	NaN
37197	NaN
37198	NaN
37199	NaN
37200	NaN
37201	NaN
37202	NaN
37203	NaN
37204	NaN
37205	NaN
37206	NaN
37207	NaN
37208	NaN
37209	NaN
37210	NaN
37211	NaN
37212	NaN
37213	NaN
37214	NaN
37215	NaN
37216	NaN
37217	NaN
37218	NaN
37219	NaN
37220	NaN
37221	NaN
37222	NaN
37223	NaN
37224	NaN
37225	NaN
37226	NaN
37227	NaN
37228	NaN
37229	NaN
37230	NaN
37231	NaN
37232	NaN
37233	NaN
37234	NaN
37235	NaN
37236	NaN
37237	NaN
37238	NaN
37239	NaN
37240	NaN
37241	NaN
37242	NaN
37243	NaN
37244	NaN
37245	NaN
37246	NaN
37247	NaN
37248	2.19822240
37249	1.32355297
37250	1.06051350
37251	0.93594557
37252	0.86472881
37253	0.81965357
37254	0.78931731
37255	0.76809400
37256	0.75288242
37257	0.74182916
37258	0.73375738
37259	0.72788334
37260	0.72366512
37261	0.72071683
37262	0.71875721
37263	0.71757752
37264	0.71702027
37265	0.71696538
37266	0.71732002
37267	0.71801144
37268	0.71898156
37269	0.72018272
37270	0.72157437
37271	0.72312039
37272	0.72478682
37273	0.72653979
37274	0.72834456
37275	0.73016351
37276	0.73195589
37277	0.73367614
37278	0.73527414
37279	0.73669457
37280	0.73787689
37281	0.73875600
37282	0.73926324
37283	0.73932773
37284	0.73887873
37285	0.73784822
37286	0.73617387
37287	0.73380333
37288	0.73069745
37289	0.72683436
37290	0.72221315
37291	0.71685672
37292	0.71081322
37293	0.70415694
37294	0.69698685
37295	0.68942404
37296	0.68160725
37297	0.67368746
37298	0.66582167
37299	0.65816611
37300	0.65086997
37301	0.64406973
37302	0.63788420
37303	0.63241100
37304	0.62772411
37305	0.62387264
37306	0.62088042
37307	0.61874670
37308	0.61744708
37309	0.61693513
37310	0.61714470
37311	0.61799157
37312	0.61937606
37313	0.62118578
37314	0.62329823
37315	0.62558401
37316	0.62791055
37317	0.63014543
37318	0.63216037
37319	0.63383520
37320	0.63506174
37321	0.63574713
37322	0.63581705
37323	0.63521779
37324	0.63391733
37325	0.63190597
37326	0.62919557
37327	0.62581736
37328	0.62182003
37329	0.61726624
37330	0.61222917
37331	0.60678929
37332	0.60103041
37333	0.59503704
37334	0.58889145
37335	0.58267176
37336	0.57644999
37337	0.57029140
37338	0.56425357
37339	0.55838633
37340	0.55273181
37341	0.54732502
37342	0.54219407
37343	0.53736097
37344	0.53284228
37345	0.52864933
37346	0.52478909
37347	0.52126414
37348	0.51807272
37349	0.51520896
37350	0.51266277
37351	0.51041943
37352	0.50845987
37353	0.50676030
37354	0.50529259
37355	0.50402439
37356	0.50291944
37357	0.50193828
37358	0.50103921
37359	0.50017858
37360	0.49931225
37361	0.49839649
37362	0.49738872
37363	0.49624890
37364	0.49494022
37365	0.49342990
37366	0.49168995
37367	0.48969778
37368	0.48743644
37369	0.48489532
37370	0.48206982
37371	0.47896191
37372	0.47557983
37373	0.47193801
37374	0.46805692
37375	0.46396261
37376	0.45968628
37377	0.45526364
37378	0.45073423
37379	0.44614035
37380	0.44152641
37381	0.43693736
37382	0.43241769
37383	0.42801017
37384	0.42375454
37385	0.41968635
37386	0.41583592
37387	0.41222757
37388	0.40887877
37389	0.40580010
37390	0.40299469
37391	0.40045866
37392	0.39818123
37393	0.39614522
37394	0.39432764
37395	0.39270058
37396	0.39123175
37397	0.38988563
37398	0.38862425
37399	0.38740814
37400	0.38619736
37401	0.38495240
37402	0.38363487
37403	0.38220850
37404	0.38063979
37405	0.37889832
37406	0.37695763
37407	0.37479547
37408	0.37239394
37409	0.36973998
37410	0.36682570
37411	0.36364830
37412	0.36021042
37413	0.35652024
37414	0.35259143
37415	0.34844312
37416	0.34409982
37417	0.33959073
37418	0.33494973
37419	0.33021441
37420	0.32542527
37421	0.32062528
37422	0.31585842
37423	0.31116927
37424	0.30660158
37425	0.30219793
37426	0.29799858
37427	0.29404122
37428	0.29036015
37429	0.28698614
37430	0.28394634
37431	0.28126398
37432	0.27895841
37433	0.27704504
37434	0.27553517
37435	0.27443594
37436	0.27374953
37437	0.27347302
37438	0.27359742
37439	0.27410680
37440	0.27497742
37441	0.27617660
37442	0.27766195
37443	0.27938053
37444	0.28126842
37445	0.28325042
37446	0.28524104
37447	0.28714484
37448	0.28885892
37449	0.29027492
37450	0.29128233
37451	0.29177231
37452	0.29164121
37453	0.29079476
37454	0.28915134
37455	0.28664488
37456	0.28322673
37457	0.27886647
37458	0.27355215
37459	0.26728895
37460	0.26009837
37461	0.25201580
37462	0.24308941
37463	0.23337868
37464	0.22295362
37465	0.21189512
37466	0.20029549
37467	0.18826075
37468	0.17591286
37469	0.16339427
37470	0.15087174
37471	0.13854249
37472	0.12663968
37473	0.11543898
37474	0.10526558
37475	0.09649909
37476	0.08957940
37477	0.08500943
37478	0.08335772
37479	0.08525542
37480	0.09139308
37481	0.10251584
37482	0.11941630
37483	0.14293523
37484	0.17396526
37485	0.21347713
37486	0.26256788
37487	0.32255524
37488	0.39513803
37489	0.48266241
37490	0.58857644
37491	0.71822572
37492	0.88034230
37493	1.09006107
37494	1.37573695
37495	1.79669428
37496	2.49996591
37497	3.97423744
37498	NaN
37499	NaN
37500	NaN
37501	NaN
37502	NaN
37503	NaN
37504	NaN
37505	NaN
37506	NaN
37507	NaN
37508	NaN
37509	NaN
37510	NaN
37511	NaN
37512	NaN
37513	NaN
37514	NaN
37515	NaN
37516	NaN
37517	NaN
37518	NaN
37519	NaN
37520	NaN
37521	NaN
37522	NaN
37523	NaN
37524	NaN
37525	NaN
37526	NaN
37527	NaN
37528	NaN
37529	NaN
37530	NaN
37531	NaN
37532	NaN
37533	NaN
37534	NaN
37535	NaN
37536	NaN
37537	NaN
37538	NaN
37539	NaN
37540	NaN
37541	NaN
37542	NaN
37543	NaN
37544	NaN
37545	NaN
37546	NaN
37547	NaN
37548	NaN
37549	NaN
37550	NaN
37551	NaN
37552	NaN
37553	NaN
37554	NaN
37555	NaN
37556	NaN
37557	NaN
37558	NaN
37559	NaN
37560	NaN
37561	NaN
37562	NaN
37563	NaN
37564	NaN
37565	NaN
37566	NaN
37567	NaN
37568	NaN
37569	NaN
37570	NaN
37571	NaN
37572	NaN
37573	NaN
37574	NaN
37575	NaN
37576	NaN
37577	NaN
37578	NaN
37579	NaN
37580	NaN
37581	NaN
37582	NaN
37583	NaN
37584	NaN
37585	NaN
37586	2.10218382
37587	1.34031415
37588	1.07848942
37589	0.94964981
37590	0.87514836
37591	0.82797921
37592	0.79636788
37593	0.77436227
37594	0.75863290
37595	0.74717629
37596	0.73871988
37597	0.73242056
37598	0.72770238
37599	0.72416216
37600	0.72151232
37601	0.71954507
37602	0.71810800
37603	0.71708876
37604	0.71640265
37605	0.71598554
37606	0.71578681
37607	0.71576548
37608	0.71588635
37609	0.71611732
37610	0.71642751
37611	0.71678549
37612	0.71715820
37613	0.71751022
37614	0.71780294
37615	0.71799451
37616	0.71803963
37617	0.71789020
37618	0.71749526
37619	0.71680242
37620	0.71575868
37621	0.71431249
37622	0.71241534
37623	0.71002436
37624	0.70710462
37625	0.70363295
37626	0.69959956
37627	0.69501179
37628	0.68989557
37629	0.68429708
37630	0.67828321
37631	0.67194033
37632	0.66537249
37633	0.65869766
37634	0.65204340
37635	0.64554161
37636	0.63932317
37637	0.63351226
37638	0.62822133
37639	0.62354732
37640	0.61956811
37641	0.61634034
37642	0.61389875
37643	0.61225593
37644	0.61140257
37645	0.61130923
37646	0.61192745
37647	0.61319160
37648	0.61502081
37649	0.61732060
37650	0.61998487
37651	0.62289798
37652	0.62593704
37653	0.62897426
37654	0.63187981
37655	0.63452494
37656	0.63678592
37657	0.63854718
37658	0.63970566
37659	0.64017439
37660	0.63988602
37661	0.63879502
37662	0.63688016
37663	0.63414460
37664	0.63061559
37665	0.62634236
37666	0.62139356
37667	0.61585367
37668	0.60981864
37669	0.60339153
37670	0.59667873
37671	0.58978593
37672	0.58281463
37673	0.57585979
37674	0.56900746
37675	0.56233329
37676	0.55590141
37677	0.54976451
37678	0.54396409
37679	0.53853083
37680	0.53348595
37681	0.52884239
37682	0.52460539
37683	0.52077436
37684	0.51734322
37685	0.51430136
37686	0.51163405
37687	0.50932282
37688	0.50734544
37689	0.50567615
37690	0.50428522
37691	0.50313926
37692	0.50220102
37693	0.50142950
37694	0.50078034
37695	0.50020635
37696	0.49965799
37697	0.49908438
37698	0.49843433
37699	0.49765733
37700	0.49670500
37701	0.49553201
37702	0.49409750
37703	0.49236608
37704	0.49030885
37705	0.48790407
37706	0.48513806
37707	0.48200560
37708	0.47851011
37709	0.47466397
37710	0.47048807
37711	0.46601182
37712	0.46127242
37713	0.45631388
37714	0.45118639
37715	0.44594482
37716	0.44064760
37717	0.43535477
37718	0.43012676
37719	0.42502239
37720	0.42009711
37721	0.41540131
37722	0.41097873
37723	0.40686524
37724	0.40308759
37725	0.39966282
37726	0.39659789
37727	0.39389002
37728	0.39152679
37729	0.38948700
37730	0.38774171
37731	0.38625538
37732	0.38498685
37733	0.38389084
37734	0.38291889
37735	0.38202074
37736	0.38114539
37737	0.38024214
37738	0.37926164
37739	0.37815702
37740	0.37688440
37741	0.37540409
37742	0.37368119
37743	0.37168604
37744	0.36939526
37745	0.36679158
37746	0.36386487
37747	0.36061180
37748	0.35703632
37749	0.35314965
37750	0.34897009
37751	0.34452277
37752	0.33983940
37753	0.33495763
37754	0.32992014
37755	0.32477397
37756	0.31956926
37757	0.31435791
37758	0.30919224
37759	0.30412361
37760	0.29920122
37761	0.29447061
37762	0.28997305
37763	0.28574464
37764	0.28181607
37765	0.27821255
37766	0.27495378
37767	0.27205446
37768	0.26952457
37769	0.26736993
37770	0.26559225
37771	0.26418978
37772	0.26315698
37773	0.26248431
37774	0.26215780
37775	0.26215813
37776	0.26246002
37777	0.26303059
37778	0.26382887
37779	0.26480448
37780	0.26589718
37781	0.26703680
37782	0.26814392
37783	0.26913151
37784	0.26990703
37785	0.27037641
37786	0.27044764
37787	0.27003545
37788	0.26906550
37789	0.26747850
37790	0.26523292
37791	0.26230636
37792	0.25869584
37793	0.25441647
37794	0.24949944
37795	0.24398884
37796	0.23793890
37797	0.23141146
37798	0.22447357
37799	0.21719721
37800	0.20965859
37801	0.20194006
37802	0.19413239
37803	0.18633914
37804	0.17868191
37805	0.17130783
37806	0.16439804
37807	0.15817815
37808	0.15293136
37809	0.14901167
37810	0.14685968
37811	0.14701751
37812	0.15014310
37813	0.15702125
37814	0.16856690
37815	0.18582068
37816	0.20992933
37817	0.24211429
37818	0.28362617
37819	0.33569914
37820	0.39952075
37821	0.47624159
37822	0.56706744
37823	0.67347115
37824	0.79759413
37825	0.94293857
37826	1.11557055
37827	1.32634938
37828	1.59555101
37829	1.96378970
37830	2.52285576
37831	3.52811718
37832	NaN
37833	NaN
37834	NaN
37835	NaN
37836	NaN
37837	NaN
37838	NaN
37839	NaN
37840	NaN
37841	NaN
37842	NaN
37843	NaN
37844	NaN
37845	NaN
37846	NaN
37847	NaN
37848	NaN
37849	NaN
37850	NaN
37851	NaN
37852	NaN
37853	NaN
37854	NaN
37855	NaN
37856	NaN
37857	NaN
37858	NaN
37859	NaN
37860	NaN
37861	NaN
37862	NaN
37863	NaN
37864	NaN
37865	NaN
37866	NaN
37867	NaN
37868	NaN
37869	NaN
37870	NaN
37871	NaN
37872	NaN
37873	NaN
37874	NaN
37875	NaN
37876	NaN
37877	NaN
37878	NaN
37879	NaN
37880	NaN
37881	NaN
37882	NaN
37883	NaN
37884	NaN
37885	NaN
37886	NaN
37887	NaN
37888	NaN
37889	NaN
37890	NaN
37891	NaN
37892	NaN
37893	NaN
37894	NaN
37895	NaN
37896	NaN
37897	NaN
37898	NaN
37899	NaN
37900	NaN
37901	NaN
37902	NaN
37903	NaN
37904	NaN
37905	NaN
37906	NaN
37907	NaN
37908	NaN
37909	NaN
37910	NaN
37911	NaN
37912	NaN
37913	NaN
37914	1.48565829
37915	1.09950686
37916	0.94733834
37917	0.86780840
37918	0.82020122
37919	0.78943515
37920	0.76862377
37921	0.75416940
37922	0.74400544
37923	0.73685759
37924	0.73189646
37925	0.72855842
37926	0.72644728
37927	0.72527671
37928	0.72483557
37929	0.72496492
37930	0.72554404
37931	0.72647893
37932	0.72769642
37933	0.72913742
37934	0.73075348
37935	0.73250288
37936	0.73434812
37937	0.73625350
37938	0.73818326
37939	0.74009997
37940	0.74196297
37941	0.74372792
37942	0.74534583
37943	0.74676287
37944	0.74792027
37945	0.74875522
37946	0.74920118
37947	0.74919045
37948	0.74865544
37949	0.74753147
37950	0.74576026
37951	0.74329269
37952	0.74009293
37953	0.73614138
37954	0.73143846
37955	0.72600663
37956	0.71989256
37957	0.71316719
37958	0.70592511
37959	0.69828236
37960	0.69037247
37961	0.68234199
37962	0.67434454
37963	0.66653514
37964	0.65906364
37965	0.65206975
37966	0.64567739
37967	0.63999128
37968	0.63509411
37969	0.63104427
37970	0.62787563
37971	0.62559742
37972	0.62419498
37973	0.62363118
37974	0.62384808
37975	0.62476885
37976	0.62630045
37977	0.62833565
37978	0.63075542
37979	0.63343263
37980	0.63623422
37981	0.63902533
37982	0.64167243
37983	0.64404744
37984	0.64603150
37985	0.64751863
37986	0.64841968
37987	0.64866447
37988	0.64820474
37989	0.64701474
37990	0.64509171
37991	0.64245492
37992	0.63914376
37993	0.63521469
37994	0.63073820
37995	0.62579435
37996	0.62046963
37997	0.61485255
37998	0.60903049
37999	0.60308701
38000	0.59709948
38001	0.59113789
38002	0.58526373
38003	0.57952982
38004	0.57398039
38005	0.56865168
38006	0.56357270
38007	0.55876559
38008	0.55424666
38009	0.55002719
38010	0.54611373
38011	0.54250830
38012	0.53920907
38013	0.53620976
38014	0.53350025
38015	0.53106582
38016	0.52888745
38017	0.52694190
38018	0.52520174
38019	0.52363557
38020	0.52220893
38021	0.52088457
38022	0.51962322
38023	0.51838470
38024	0.51712853
38025	0.51581520
38026	0.51440644
38027	0.51286650
38028	0.51116270
38029	0.50926602
38030	0.50715190
38031	0.50480026
38032	0.50219673
38033	0.49933207
38034	0.49620321
38035	0.49281308
38036	0.48917079
38037	0.48529166
38038	0.48119679
38039	0.47691298
38040	0.47247198
38041	0.46790993
38042	0.46326637
38043	0.45858341
38044	0.45390466
38045	0.44927382
38046	0.44473395
38047	0.44032583
38048	0.43608704
38049	0.43205073
38050	0.42824477
38051	0.42469054
38052	0.42140284
38053	0.41838887
38054	0.41564837
38055	0.41317368
38056	0.41094998
38057	0.40895581
38058	0.40716389
38059	0.40554199
38060	0.40405405
38061	0.40266126
38062	0.40132317
38063	0.39999881
38064	0.39864784
38065	0.39723134
38066	0.39571288
38067	0.39405894
38068	0.39223978
38069	0.39022967
38070	0.38800725
38071	0.38555577
38072	0.38286307
38073	0.37992164
38074	0.37672850
38075	0.37328541
38076	0.36959860
38077	0.36567891
38078	0.36154175
38079	0.35720715
38080	0.35269967
38081	0.34804806
38082	0.34328532
38083	0.33844748
38084	0.33357361
38085	0.32870448
38086	0.32388198
38087	0.31914803
38088	0.31454372
38089	0.31010857
38090	0.30587989
38091	0.30189207
38092	0.29817668
38093	0.29476154
38094	0.29167125
38095	0.28892648
38096	0.28654426
38097	0.28453743
38098	0.28291473
38099	0.28168041
38100	0.28083366
38101	0.28036845
38102	0.28027284
38103	0.28052869
38104	0.28111094
38105	0.28198755
38106	0.28311890
38107	0.28445756
38108	0.28594857
38109	0.28752920
38110	0.28912985
38111	0.29067451
38112	0.29208261
38113	0.29327008
38114	0.29415190
38115	0.29464424
38116	0.29466736
38117	0.29414800
38118	0.29302174
38119	0.29123551
38120	0.28874874
38121	0.28553468
38122	0.28158087
38123	0.27688852
38124	0.27147248
38125	0.26536006
38126	0.25859004
38127	0.25121209
38128	0.24328606
38129	0.23488182
38130	0.22607976
38131	0.21697234
38132	0.20766495
38133	0.19827917
38134	0.18895511
38135	0.17985535
38136	0.17116873
38137	0.16311480
38138	0.15594795
38139	0.14996141
38140	0.14549059
38141	0.14291435
38142	0.14265642
38143	0.14518249
38144	0.15099750
38145	0.16064252
38146	0.17469008
38147	0.19374478
38148	0.21844974
38149	0.24950598
38150	0.28770903
38151	0.33401522
38152	0.38965014
38153	0.45628461
38154	0.53632426
38155	0.63339573
38156	0.75322193
38157	0.90529388
38158	1.10637975
38159	1.38879752
38160	1.82323277
38161	2.59846544
38162	4.44179440
38163	NaN
38164	NaN
38165	NaN
38166	NaN
38167	NaN
38168	NaN
38169	NaN
38170	NaN
38171	NaN
38172	NaN
38173	NaN
38174	NaN
38175	NaN
38176	NaN
38177	NaN
38178	NaN
38179	NaN
38180	NaN
38181	NaN
38182	NaN
38183	NaN
38184	NaN
38185	NaN
38186	NaN
38187	NaN
38188	NaN
38189	NaN
38190	NaN
38191	NaN
38192	NaN
38193	NaN
38194	NaN
38195	NaN
38196	NaN
38197	NaN
38198	NaN
38199	NaN
38200	NaN
38201	NaN
38202	NaN
38203	NaN
38204	NaN
38205	NaN
38206	NaN
38207	NaN
38208	NaN
38209	NaN
38210	NaN
38211	NaN
38212	NaN
38213	NaN
38214	NaN
38215	NaN
38216	NaN
38217	NaN
38218	NaN
38219	NaN
38220	NaN
38221	NaN
38222	NaN
38223	NaN
38224	NaN
38225	NaN
38226	NaN
38227	NaN
38228	NaN
38229	NaN
38230	NaN
38231	NaN
38232	NaN
38233	NaN
38234	NaN
38235	NaN
38236	NaN
38237	NaN
38238	NaN
38239	NaN
38240	NaN
38241	NaN
38242	NaN
38243	NaN
38244	NaN
38245	NaN
38246	NaN
38247	2.42250729
38248	1.37914312
38249	1.08840048
38250	0.95435584
38251	0.87878776
38252	0.83132446
38253	0.79947633
38254	0.77715880
38255	0.76105171
38256	0.74918878
38257	0.74033147
38258	0.73366255
38259	0.72862220
38260	0.72481573
38261	0.72195846
38262	0.71984148
38263	0.71830904
38264	0.71724391
38265	0.71655673
38266	0.71617818
38267	0.71605426
38268	0.71614134
38269	0.71640307
38270	0.71680802
38271	0.71732712
38272	0.71793240
38273	0.71859539
38274	0.71928579
38275	0.71997112
38276	0.72061568
38277	0.72118020
38278	0.72162199
38279	0.72189456
38280	0.72194821
38281	0.72173101
38282	0.72118944
38283	0.72027022
38284	0.71892220
38285	0.71709871
38286	0.71476007
38287	0.71187633
38288	0.70843041
38289	0.70442045
38290	0.69986212
38291	0.69479012
38292	0.68925893
38293	0.68334174
38294	0.67712945
38295	0.67072731
38296	0.66425157
38297	0.65782464
38298	0.65157074
38299	0.64561069
38300	0.64005721
38301	0.63501096
38302	0.63055706
38303	0.62676245
38304	0.62367380
38305	0.62131679
38306	0.61969572
38307	0.61879355
38308	0.61857301
38309	0.61897725
38310	0.61993212
38311	0.62134725
38312	0.62311876
38313	0.62513161
38314	0.62726223
38315	0.62938213
38316	0.63136107
38317	0.63307118
38318	0.63439107
38319	0.63520986
38320	0.63543165
38321	0.63497913
38322	0.63379687
38323	0.63185364
38324	0.62914377
38325	0.62568682
38326	0.62152624
38327	0.61672652
38328	0.61136943
38329	0.60554963
38330	0.59936917
38331	0.59293348
38332	0.58634621
38333	0.57970572
38334	0.57310218
38335	0.56661552
38336	0.56031418
38337	0.55425483
38338	0.54848230
38339	0.54303086
38340	0.53792465
38341	0.53317910
38342	0.52880234
38343	0.52479595
38344	0.52115637
38345	0.51787585
38346	0.51494271
38347	0.51234227
38348	0.51005715
38349	0.50806713
38350	0.50634944
38351	0.50487882
38352	0.50362736
38353	0.50256443
38354	0.50165689
38355	0.50086910
38356	0.50016338
38357	0.49950022
38358	0.49883866
38359	0.49813733
38360	0.49735487
38361	0.49645072
38362	0.49538609
38363	0.49412489
38364	0.49263427
38365	0.49088573
38366	0.48885602
38367	0.48652714
38368	0.48388773
38369	0.48093277
38370	0.47766426
38371	0.47409105
38372	0.47022912
38373	0.46610084
38374	0.46173495
38375	0.45716602
38376	0.45243323
38377	0.44758001
38378	0.44265270
38379	0.43769944
38380	0.43276909
38381	0.42790970
38382	0.42316747
38383	0.41858536
38384	0.41420197
38385	0.41005039
38386	0.40615743
38387	0.40254280
38388	0.39921871
38389	0.39618984
38390	0.39345300
38391	0.39099789
38392	0.38880730
38393	0.38685808
38394	0.38512176
38395	0.38356552
38396	0.38215330
38397	0.38084647
38398	0.37960511
38399	0.37838846
38400	0.37715614
38401	0.37586859
38402	0.37448791
38403	0.37297845
38404	0.37130749
38405	0.36944589
38406	0.36736864
38407	0.36505541
38408	0.36249125
38409	0.35966691
38410	0.35657948
38411	0.35323223
38412	0.34963536
38413	0.34580547
38414	0.34176567
38415	0.33754486
38416	0.33317751
38417	0.32870230
38418	0.32416162
38419	0.31960011
38420	0.31506333
38421	0.31059676
38422	0.30624458
38423	0.30204827
38424	0.29804644
38425	0.29427373
38426	0.29076082
38427	0.28753433
38428	0.28461689
38429	0.28202754
38430	0.27978203
38431	0.27789292
38432	0.27636978
38433	0.27521917
38434	0.27444419
38435	0.27404442
38436	0.27401474
38437	0.27434471
38438	0.27501756
38439	0.27600899
38440	0.27728620
38441	0.27880630
38442	0.28051591
38443	0.28235015
38444	0.28423244
38445	0.28607532
38446	0.28778145
38447	0.28924608
38448	0.29036051
38449	0.29101598
38450	0.29110822
38451	0.29054248
38452	0.28923744
38453	0.28712922
38454	0.28417316
38455	0.28034505
38456	0.27564067
38457	0.27007395
38458	0.26367456
38459	0.25648507
38460	0.24855804
38461	0.23995374
38462	0.23073867
38463	0.22098522
38464	0.21077268
38465	0.20018977
38466	0.18933883
38467	0.17834261
38468	0.16735277
38469	0.15656121
38470	0.14621633
38471	0.13664071
38472	0.12825575
38473	0.12160943
38474	0.11741237
38475	0.11657657
38476	0.12026426
38477	0.12994342
38478	0.14745072
38479	0.17507121
38480	0.21563515
38481	0.27266490
38482	0.35060292
38483	0.45522201
38484	0.59438884
38485	0.77958471
38486	1.02906001
38487	1.37490988
38488	1.88085961
38489	2.69529223
38490	NaN
38491	NaN
38492	NaN
38493	NaN
38494	NaN
38495	NaN
38496	NaN
38497	NaN
38498	NaN
38499	NaN
38500	NaN
38501	NaN
38502	NaN
38503	NaN
38504	NaN
38505	NaN
38506	NaN
38507	NaN
38508	NaN
38509	NaN
38510	NaN
38511	NaN
38512	NaN
38513	NaN
38514	NaN
38515	NaN
38516	NaN
38517	NaN
38518	NaN
38519	NaN
38520	NaN
38521	NaN
38522	NaN
38523	NaN
38524	NaN
38525	NaN
38526	NaN
38527	NaN
38528	NaN
38529	NaN
38530	NaN
38531	NaN
38532	NaN
38533	NaN
38534	NaN
38535	NaN
38536	NaN
38537	NaN
38538	NaN
38539	NaN
38540	NaN
38541	NaN
38542	NaN
38543	NaN
38544	NaN
38545	NaN
38546	NaN
38547	NaN
38548	NaN
38549	NaN
38550	NaN
38551	NaN
38552	NaN
38553	NaN
38554	NaN
38555	NaN
38556	NaN
38557	NaN
38558	NaN
38559	NaN
38560	NaN
38561	NaN
38562	NaN
38563	NaN
38564	NaN
38565	NaN
38566	NaN
38567	NaN
38568	NaN
38569	NaN
38570	NaN
38571	NaN
38572	NaN
38573	NaN
38574	NaN
38575	NaN
38576	2.73340678
38577	1.43367064
38578	1.11699140
38579	0.97697651
38580	0.89984083
38581	0.85223716
38582	0.82084066
38583	0.79927552
38584	0.78410256
38585	0.77329987
38586	0.76559925
38587	0.76016426
38588	0.75642061
38589	0.75396138
38590	0.75249106
38591	0.75179023
38592	0.75169313
38593	0.75207287
38594	0.75283074
38595	0.75388843
38596	0.75518268
38597	0.75666064
38598	0.75827658
38599	0.75998878
38600	0.76175743
38601	0.76354259
38602	0.76530272
38603	0.76699322
38604	0.76856595
38605	0.76996815
38606	0.77114254
38607	0.77202719
38608	0.77255642
38609	0.77266127
38610	0.77227157
38611	0.77131784
38612	0.76973426
38613	0.76746136
38614	0.76445049
38615	0.76066649
38616	0.75609243
38617	0.75073266
38618	0.74461555
38619	0.73779529
38620	0.73035258
38621	0.72239327
38622	0.71404564
38623	0.70545655
38624	0.69678569
38625	0.68819970
38626	0.67986524
38627	0.67194200
38628	0.66457754
38629	0.65790129
38630	0.65202087
38631	0.64701885
38632	0.64295155
38633	0.63984764
38634	0.63770938
38635	0.63651282
38636	0.63620979
38637	0.63672978
38638	0.63798249
38639	0.63986009
38640	0.64224023
38641	0.64498895
38642	0.64796466
38643	0.65102100
38644	0.65401179
38645	0.65679461
38646	0.65923560
38647	0.66121364
38648	0.66262424
38649	0.66338295
38650	0.66342807
38651	0.66272199
38652	0.66125160
38653	0.65902740
38654	0.65608197
38655	0.65246665
38656	0.64824837
38657	0.64350569
38658	0.63832486
38659	0.63279581
38660	0.62700897
38661	0.62105191
38662	0.61500764
38663	0.60895216
38664	0.60295361
38665	0.59707195
38666	0.59135830
38667	0.58585525
38668	0.58059758
38669	0.57561231
38670	0.57091999
38671	0.56653517
38672	0.56246680
38673	0.55871922
38674	0.55529237
38675	0.55218214
38676	0.54938078
38677	0.54687649
38678	0.54465389
38679	0.54269385
38680	0.54097348
38681	0.53946579
38682	0.53814048
38683	0.53696376
38684	0.53589863
38685	0.53490567
38686	0.53394383
38687	0.53297114
38688	0.53194547
38689	0.53082615
38690	0.52957451
38691	0.52815491
38692	0.52653581
38693	0.52469039
38694	0.52259696
38695	0.52023971
38696	0.51760870
38697	0.51470035
38698	0.51151729
38699	0.50806838
38700	0.50436896
38701	0.50044006
38702	0.49630859
38703	0.49200675
38704	0.48757148
38705	0.48304385
38706	0.47846818
38707	0.47389099
38708	0.46935993
38709	0.46492228
38710	0.46062389
38711	0.45650735
38712	0.45261073
38713	0.44896632
38714	0.44559929
38715	0.44252712
38716	0.43975857
38717	0.43729401
38718	0.43512520
38719	0.43323579
38720	0.43160227
38721	0.43019488
38722	0.42897850
38723	0.42791405
38724	0.42695957
38725	0.42607108
38726	0.42520365
38727	0.42431229
38728	0.42335266
38729	0.42228168
38730	0.42105839
38731	0.41964412
38732	0.41800380
38733	0.41610578
38734	0.41392300
38735	0.41143328
38736	0.40861976
38737	0.40547168
38738	0.40198448
38739	0.39816031
38740	0.39400807
38741	0.38954371
38742	0.38479018
38743	0.37977695
38744	0.37453988
38745	0.36912051
38746	0.36356527
38747	0.35792467
38748	0.35225195
38749	0.34660223
38750	0.34103104
38751	0.33559340
38752	0.33034247
38753	0.32532862
38754	0.32059875
38755	0.31619573
38756	0.31215784
38757	0.30851856
38758	0.30530658
38759	0.30254552
38760	0.30025417
38761	0.29844618
38762	0.29713023
38763	0.29630926
38764	0.29598075
38765	0.29613546
38766	0.29675698
38767	0.29782084
38768	0.29929319
38769	0.30113029
38770	0.30327713
38771	0.30566680
38772	0.30822051
38773	0.31084740
38774	0.31344602
38775	0.31590569
38776	0.31810963
38777	0.31993774
38778	0.32127145
38779	0.32199755
38780	0.32201278
38781	0.32122803
38782	0.31957087
38783	0.31698850
38784	0.31344822
38785	0.30893773
38786	0.30346379
38787	0.29705027
38788	0.28973675
38789	0.28157544
38790	0.27263039
38791	0.26297578
38792	0.25269601
38793	0.24188644
38794	0.23065487
38795	0.21912481
38796	0.20743887
38797	0.19576387
38798	0.18429634
38799	0.17326899
38800	0.16295661
38801	0.15368311
38802	0.14582705
38803	0.13982427
38804	0.13617030
38805	0.13541743
38806	0.13816977
38807	0.14507291
38808	0.15680216
38809	0.17404824
38810	0.19750765
38811	0.22788011
38812	0.26587826
38813	0.31226254
38814	0.36790526
38815	0.43390337
38816	0.51175839
38817	0.60366702
38818	0.71299601
38819	0.84511173
38820	1.00891626
38821	1.21998370
38822	1.50770903
38823	1.93409956
38824	2.65491796
38825	4.20153522
38826	NaN
38827	NaN
38828	NaN
38829	NaN
38830	NaN
38831	NaN
38832	NaN
38833	NaN
38834	NaN
38835	NaN
38836	NaN
38837	NaN
38838	NaN
38839	NaN
38840	NaN
38841	NaN
38842	NaN
38843	NaN
38844	NaN
38845	NaN
38846	NaN
38847	NaN
38848	NaN
38849	NaN
38850	NaN
38851	NaN
38852	NaN
38853	NaN
38854	NaN
38855	NaN
38856	NaN
38857	NaN
38858	NaN
38859	NaN
38860	NaN
38861	NaN
38862	NaN
38863	NaN
38864	NaN
38865	NaN
38866	NaN
38867	NaN
38868	NaN
38869	NaN
38870	NaN
38871	NaN
38872	NaN
38873	NaN
38874	NaN
38875	NaN
38876	NaN
38877	NaN
38878	NaN
38879	NaN
38880	NaN
38881	NaN
38882	NaN
38883	NaN
38884	NaN
38885	NaN
38886	NaN
38887	NaN
38888	NaN
38889	NaN
38890	NaN
38891	NaN
38892	NaN
38893	NaN
38894	NaN
38895	NaN
38896	NaN
38897	NaN
38898	NaN
38899	NaN
38900	NaN
38901	NaN
38902	NaN
38903	NaN
38904	NaN
38905	NaN
38906	NaN
38907	NaN
38908	NaN
38909	NaN
38910	NaN
38911	NaN
38912	NaN
38913	2.43986154
38914	1.22561932
38915	0.97749960
38916	0.87506545
38917	0.82157671
38918	0.79021275
38919	0.77057499
38920	0.75779295
38921	0.74928790
38922	0.74357176
38923	0.73973209
38924	0.73718292
38925	0.73553544
38926	0.73452544
38927	0.73397082
38928	0.73374486
38929	0.73375899
38930	0.73395109
38931	0.73427778
38932	0.73470855
38933	0.73522139
38934	0.73579979
38935	0.73643017
38936	0.73709989
38937	0.73779553
38938	0.73850209
38939	0.73920155
38940	0.73987210
38941	0.74048781
38942	0.74101800
38943	0.74142700
38944	0.74167418
38945	0.74171406
38946	0.74149656
38947	0.74096829
38948	0.74007332
38949	0.73875517
38950	0.73695892
38951	0.73463404
38952	0.73173749
38953	0.72823745
38954	0.72411692
38955	0.71937758
38956	0.71404278
38957	0.70815974
38958	0.70180076
38959	0.69506234
38960	0.68806273
38961	0.68093818
38962	0.67383701
38963	0.66691321
38964	0.66031945
38965	0.65420014
38966	0.64868534
38967	0.64388585
38968	0.63988906
38969	0.63675696
38970	0.63452482
38971	0.63320142
38972	0.63276953
38973	0.63318765
38974	0.63439178
38975	0.63629699
38976	0.63880014
38977	0.64178157
38978	0.64510787
38979	0.64863455
38980	0.65220916
38981	0.65567446
38982	0.65887326
38983	0.66165227
38984	0.66386741
38985	0.66538912
38986	0.66610759
38987	0.66593719
38988	0.66482115
38989	0.66273385
38990	0.65968233
38991	0.65570605
38992	0.65087390
38993	0.64528084
38994	0.63904208
38995	0.63228726
38996	0.62515318
38997	0.61777812
38998	0.61029565
38999	0.60282999
39000	0.59549278
39001	0.58838028
39002	0.58157295
39003	0.57513475
39004	0.56911427
39005	0.56354553
39006	0.55844992
39007	0.55383795
39008	0.54971057
39009	0.54606110
39010	0.54287642
39011	0.54013824
39012	0.53782386
39013	0.53590673
39014	0.53435707
39015	0.53314191
39016	0.53222513
39017	0.53156763
39018	0.53112710
39019	0.53085852
39020	0.53071409
39021	0.53064358
39022	0.53059548
39023	0.53051692
39024	0.53035527
39025	0.53005904
39026	0.52957869
39027	0.52886796
39028	0.52788484
39029	0.52659225
39030	0.52495909
39031	0.52296048
39032	0.52057850
39033	0.51780236
39034	0.51462901
39035	0.51106268
39036	0.50711542
39037	0.50280714
39038	0.49816477
39039	0.49322289
39040	0.48802242
39041	0.48261049
39042	0.47703931
39043	0.47136524
39044	0.46564761
39045	0.45994729
39046	0.45432520
39047	0.44884083
39048	0.44355062
39049	0.43850639
39050	0.43375394
39051	0.42933157
39052	0.42526907
39053	0.42158690
39054	0.41829562
39055	0.41539586
39056	0.41287836
39057	0.41072455
39058	0.40890753
39059	0.40739283
39060	0.40613982
39061	0.40510294
39062	0.40423289
39063	0.40347791
39064	0.40278515
39065	0.40210143
39066	0.40137443
39067	0.40055364
39068	0.39959115
39069	0.39844251
39070	0.39706743
39071	0.39543051
39072	0.39350188
39073	0.39125788
39074	0.38868147
39075	0.38576272
39076	0.38249919
39077	0.37889603
39078	0.37496614
39079	0.37073013
39080	0.36621597
39081	0.36145866
39082	0.35649967
39083	0.35138616
39084	0.34616968
39085	0.34090531
39086	0.33564991
39087	0.33046097
39088	0.32539460
39089	0.32050464
39090	0.31584114
39091	0.31144959
39092	0.30737025
39093	0.30363798
39094	0.30028215
39095	0.29732704
39096	0.29479194
39097	0.29269150
39098	0.29103592
39099	0.28983080
39100	0.28907695
39101	0.28876963
39102	0.28889775
39103	0.28944272
39104	0.29037711
39105	0.29166350
39106	0.29325300
39107	0.29508436
39108	0.29708329
39109	0.29916233
39110	0.30122215
39111	0.30315280
39112	0.30483732
39113	0.30615568
39114	0.30698967
39115	0.30722871
39116	0.30677506
39117	0.30554923
39118	0.30349320
39119	0.30057281
39120	0.29677829
39121	0.29212257
39122	0.28663889
39123	0.28037691
39124	0.27339953
39125	0.26577884
39126	0.25759366
39127	0.24892868
39128	0.23987402
39129	0.23052768
39130	0.22099882
39131	0.21141341
39132	0.20192172
39133	0.19270830
39134	0.18400311
39135	0.17609639
39136	0.16935530
39137	0.16424282
39138	0.16133939
39139	0.16136459
39140	0.16520004
39141	0.17390838
39142	0.18874665
39143	0.21117248
39144	0.24283777
39145	0.28557566
39146	0.34138539
39147	0.41244045
39148	0.50115043
39149	0.61034101
39150	0.74365032
39151	0.90629584
39152	1.10654056
39153	1.35856473
39154	1.68855381
39155	2.14935160
39156	2.86257458
39157	4.17692947
39158	NaN
39159	NaN
39160	NaN
39161	NaN
39162	NaN
39163	NaN
39164	NaN
39165	NaN
39166	NaN
39167	NaN
39168	NaN
39169	NaN
39170	NaN
39171	NaN
39172	NaN
39173	NaN
39174	NaN
39175	NaN
39176	NaN
39177	NaN
39178	NaN
39179	NaN
39180	NaN
39181	NaN
39182	NaN
39183	NaN
39184	NaN
39185	NaN
39186	NaN
39187	NaN
39188	NaN
39189	NaN
39190	NaN
39191	NaN
39192	NaN
39193	NaN
39194	NaN
39195	NaN
39196	NaN
39197	NaN
39198	NaN
39199	NaN
39200	NaN
39201	NaN
39202	NaN
39203	NaN
39204	NaN
39205	NaN
39206	NaN
39207	NaN
39208	NaN
39209	NaN
39210	NaN
39211	NaN
39212	NaN
39213	NaN
39214	NaN
39215	NaN
39216	NaN
39217	NaN
39218	NaN
39219	NaN
39220	NaN
39221	NaN
39222	NaN
39223	NaN
39224	NaN
39225	NaN
39226	NaN
39227	NaN
39228	NaN
39229	NaN
39230	NaN
39231	NaN
39232	NaN
39233	NaN
39234	NaN
39235	NaN
39236	NaN
39237	NaN
39238	NaN
39239	NaN
39240	NaN
39241	NaN
39242	NaN
39243	2.69684243
39244	1.41969156
39245	1.10951996
39246	0.97283691
39247	0.89789915
39248	0.85196322
39249	0.82193881
39250	0.80155504
39251	0.78742355
39252	0.77754897
39253	0.77067661
39254	0.76597732
39255	0.76288128
39256	0.76098466
39257	0.75999451
39258	0.75969493
39259	0.75992465
39260	0.76056296
39261	0.76151872
39262	0.76272345
39263	0.76412547
39264	0.76568550
39265	0.76737297
39266	0.76916307
39267	0.77103400
39268	0.77296472
39269	0.77493262
39270	0.77691221
39271	0.77887321
39272	0.78077972
39273	0.78258896
39274	0.78425062
39275	0.78570700
39276	0.78689271
39277	0.78773582
39278	0.78815883
39279	0.78808123
39280	0.78742176
39281	0.78610212
39282	0.78405094
39283	0.78120869
39284	0.77753234
39285	0.77300042
39286	0.76761729
39287	0.76141632
39288	0.75446230
39289	0.74685115
39290	0.73870814
39291	0.73018360
39292	0.72144741
39293	0.71268141
39294	0.70407134
39295	0.69579899
39296	0.68803430
39297	0.68092906
39298	0.67461145
39299	0.66918266
39300	0.66471463
39301	0.66124952
39302	0.65879983
39303	0.65734965
39304	0.65685666
39305	0.65725398
39306	0.65845281
39307	0.66034508
39308	0.66280627
39309	0.66569823
39310	0.66887283
39311	0.67217541
39312	0.67544883
39313	0.67853785
39314	0.68129396
39315	0.68357980
39316	0.68527383
39317	0.68627441
39318	0.68650317
39319	0.68590748
39320	0.68446165
39321	0.68216699
39322	0.67905051
39323	0.67516226
39324	0.67057234
39325	0.66536623
39326	0.65964091
39327	0.65349960
39328	0.64704806
39329	0.64039057
39330	0.63362652
39331	0.62684816
39332	0.62013876
39333	0.61357147
39334	0.60720867
39335	0.60110247
39336	0.59529442
39337	0.58981687
39338	0.58469319
39339	0.57993919
39340	0.57556349
39341	0.57156867
39342	0.56795162
39343	0.56470436
39344	0.56181401
39345	0.55926347
39346	0.55703127
39347	0.55509198
39348	0.55341625
39349	0.55197102
39350	0.55072004
39351	0.54962420
39352	0.54864192
39353	0.54773015
39354	0.54684490
39355	0.54594243
39356	0.54497963
39357	0.54391557
39358	0.54271185
39359	0.54133362
39360	0.53974998
39361	0.53793502
39362	0.53586781
39363	0.53353286
39364	0.53092057
39365	0.52802724
39366	0.52485514
39367	0.52141273
39368	0.51771444
39369	0.51378053
39370	0.50963712
39371	0.50531548
39372	0.50085193
39373	0.49628708
39374	0.49166515
39375	0.48703325
39376	0.48243982
39377	0.47793388
39378	0.47356340
39379	0.46937364
39380	0.46540582
39381	0.46169528
39382	0.45827058
39383	0.45515203
39384	0.45235109
39385	0.44987005
39386	0.44770202
39387	0.44583130
39388	0.44423401
39389	0.44287905
39390	0.44172955
39391	0.44074377
39392	0.43987644
39393	0.43908012
39394	0.43830630
39395	0.43750644
39396	0.43663302
39397	0.43564042
39398	0.43448535
39399	0.43312785
39400	0.43153155
39401	0.42966434
39402	0.42749873
39403	0.42501244
39404	0.42218864
39405	0.41901669
39406	0.41549262
39407	0.41161934
39408	0.40740737
39409	0.40287513
39410	0.39804885
39411	0.39296255
39412	0.38765761
39413	0.38218218
39414	0.37658998
39415	0.37093914
39416	0.36529082
39417	0.35970771
39418	0.35425246
39419	0.34898609
39420	0.34396690
39421	0.33924925
39422	0.33488247
39423	0.33091038
39424	0.32737070
39425	0.32429492
39426	0.32170808
39427	0.31962869
39428	0.31806889
39429	0.31703454
39430	0.31652474
39431	0.31653208
39432	0.31704199
39433	0.31803268
39434	0.31947401
39435	0.32132751
39436	0.32354519
39437	0.32606924
39438	0.32883182
39439	0.33175451
39440	0.33474892
39441	0.33771750
39442	0.34055483
39443	0.34314966
39444	0.34538758
39445	0.34715426
39446	0.34833905
39447	0.34883869
39448	0.34856102
39449	0.34742844
39450	0.34538028
39451	0.34237462
39452	0.33838910
39453	0.33342019
39454	0.32748234
39455	0.32060540
39456	0.31283253
39457	0.30421722
39458	0.29482159
39459	0.28471437
39460	0.27397037
39461	0.26267126
39462	0.25090694
39463	0.23877884
39464	0.22640368
39465	0.21391903
39466	0.20148876
39467	0.18930988
39468	0.17761931
39469	0.16669969
39470	0.15688579
39471	0.14856699
39472	0.14219058
39473	0.13825788
39474	0.13731934
39475	0.13996336
39476	0.14680135
39477	0.15845016
39478	0.17551257
39479	0.19856344
39480	0.22814138
39481	0.26475891
39482	0.30893302
39483	0.36124361
39484	0.42243645
39485	0.49357757
39486	0.57629645
39487	0.67317307
39488	0.78839785
39489	0.92897856
39490	1.10718167
39491	1.34601533
39492	1.69343984
39493	2.26752472
39494	3.45586681
39495	NaN
39496	NaN
39497	NaN
39498	NaN
39499	NaN
39500	NaN
39501	NaN
39502	NaN
39503	NaN
39504	NaN
39505	NaN
39506	NaN
39507	NaN
39508	NaN
39509	NaN
39510	NaN
39511	NaN
39512	NaN
39513	NaN
39514	NaN
39515	NaN
39516	NaN
39517	NaN
39518	NaN
39519	NaN
39520	NaN
39521	NaN
39522	NaN
39523	NaN
39524	NaN
39525	NaN
39526	NaN
39527	NaN
39528	NaN
39529	NaN
39530	NaN
39531	NaN
39532	NaN
39533	NaN
39534	NaN
39535	NaN
39536	NaN
39537	NaN
39538	NaN
39539	NaN
39540	NaN
39541	NaN
39542	NaN
39543	NaN
39544	NaN
39545	NaN
39546	NaN
39547	NaN
39548	NaN
39549	NaN
39550	NaN
39551	NaN
39552	NaN
39553	NaN
39554	NaN
39555	NaN
39556	NaN
39557	NaN
39558	NaN
39559	NaN
39560	NaN
39561	NaN
39562	NaN
39563	NaN
39564	NaN
39565	NaN
39566	NaN
39567	NaN
39568	NaN
39569	NaN
39570	NaN
39571	NaN
39572	NaN
39573	NaN
39574	NaN
39575	NaN
39576	NaN
39577	NaN
39578	NaN
39579	NaN
39580	NaN
39581	NaN
39582	NaN
39583	NaN
39584	NaN
39585	NaN
39586	2.32140517
39587	1.36750889
39588	1.07899344
39589	0.94530123
39590	0.87129790
39591	0.82618797
39592	0.79701048
39593	0.77737862
39594	0.76379710
39595	0.75420660
39596	0.74732542
39597	0.74232417
39598	0.73864913
39599	0.73592257
39600	0.73388243
39601	0.73234481
39602	0.73117894
39603	0.73029083
39604	0.72961247
39605	0.72909278
39606	0.72869265
39607	0.72837996
39608	0.72812670
39609	0.72790647
39610	0.72769284
39611	0.72745794
39612	0.72717166
39613	0.72680146
39614	0.72631168
39615	0.72566426
39616	0.72481883
39617	0.72373325
39618	0.72236484
39619	0.72067130
39620	0.71861225
39621	0.71615076
39622	0.71325535
39623	0.70990169
39624	0.70607525
39625	0.70177311
39626	0.69700611
39627	0.69180012
39628	0.68619740
39629	0.68025631
39630	0.67405099
39631	0.66766948
39632	0.66121095
39633	0.65478295
39634	0.64849657
39635	0.64246303
39636	0.63678914
39637	0.63157308
39638	0.62690139
39639	0.62284565
39640	0.61946017
39641	0.61678129
39642	0.61482561
39643	0.61359072
39644	0.61305523
39645	0.61317950
39646	0.61390668
39647	0.61516410
39648	0.61686468
39649	0.61890864
39650	0.62118560
39651	0.62357664
39652	0.62595713
39653	0.62820023
39654	0.63017982
39655	0.63177514
39656	0.63287485
39657	0.63338077
39658	0.63321292
39659	0.63231206
39660	0.63064271
39661	0.62819475
39662	0.62498337
39663	0.62104791
39664	0.61644953
39665	0.61126733
39666	0.60559428
39667	0.59953207
39668	0.59318662
39669	0.58666295
39670	0.58006197
39671	0.57347691
39672	0.56699115
39673	0.56067711
39674	0.55459529
39675	0.54879481
39676	0.54331368
39677	0.53817999
39678	0.53341281
39679	0.52902335
39680	0.52501625
39681	0.52139032
39682	0.51813984
39683	0.51525456
39684	0.51272082
39685	0.51052153
39686	0.50863624
39687	0.50704122
39688	0.50570983
39689	0.50461185
39690	0.50371397
39691	0.50297964
39692	0.50236940
39693	0.50184125
39694	0.50135094
39695	0.50085282
39696	0.50030059
39697	0.49964812
39698	0.49885052
39699	0.49786529
39700	0.49665302
39701	0.49517891
39702	0.49341312
39703	0.49133223
39704	0.48891926
39705	0.48616457
39706	0.48306614
39707	0.47962961
39708	0.47586837
39709	0.47180316
39710	0.46746182
39711	0.46287870
39712	0.45809388
39713	0.45315230
39714	0.44810292
39715	0.44299731
39716	0.43788865
39717	0.43283033
39718	0.42787454
39719	0.42307085
39720	0.41846472
39721	0.41409653
39722	0.40999997
39723	0.40620154
39724	0.40271968
39725	0.39956445
39726	0.39673758
39727	0.39423245
39728	0.39203471
39729	0.39012268
39730	0.38846835
39731	0.38703790
39732	0.38579294
39733	0.38469106
39734	0.38368723
39735	0.38273448
39736	0.38178492
39737	0.38079101
39738	0.37970605
39739	0.37848547
39740	0.37708768
39741	0.37547469
39742	0.37361300
39743	0.37147433
39744	0.36903596
39745	0.36628160
39746	0.36320144
39747	0.35979286
39748	0.35606033
39749	0.35201561
39750	0.34767762
39751	0.34307232
39752	0.33823195
39753	0.33319467
39754	0.32800370
39755	0.32270604
39756	0.31735164
39757	0.31199196
39758	0.30667883
39759	0.30146301
39760	0.29639319
39761	0.29151496
39762	0.28686997
39763	0.28249553
39764	0.27842402
39765	0.27468309
39766	0.27129546
39767	0.26827922
39768	0.26564789
39769	0.26341063
39770	0.26157209
39771	0.26013249
39772	0.25908712
39773	0.25842580
39774	0.25813225
39775	0.25818330
39776	0.25854811
39777	0.25918737
39778	0.26005280
39779	0.26108697
39780	0.26222318
39781	0.26338661
39782	0.26449510
39783	0.26546165
39784	0.26619667
39785	0.26661125
39786	0.26662064
39787	0.26614758
39788	0.26512602
39789	0.26350343
39790	0.26124334
39791	0.25832611
39792	0.25474933
39793	0.25052699
39794	0.24568832
39795	0.24027573
39796	0.23434283
39797	0.22795278
39798	0.22117673
39799	0.21409298
39800	0.20678714
39801	0.19935276
39802	0.19189347
39803	0.18452504
39804	0.17738031
39805	0.17061269
39806	0.16440192
39807	0.15896071
39808	0.15453972
39809	0.15143433
39810	0.14998856
39811	0.15059881
39812	0.15371308
39813	0.15982796
39814	0.16947909
39815	0.18322752
39816	0.20164166
39817	0.22527438
39818	0.25464350
39819	0.29021487
39820	0.33240050
39821	0.38157514
39822	0.43812123
39823	0.50251216
39824	0.57544327
39825	0.65803450
39826	0.75213820
39827	0.86084276
39828	0.98935133
39829	1.14666104
39830	1.34914553
39831	1.62919927
39832	2.05997038
39833	2.84709549
39834	NaN
39835	NaN
39836	NaN
39837	NaN
39838	NaN
39839	NaN
39840	NaN
39841	NaN
39842	NaN
39843	NaN
39844	NaN
39845	NaN
39846	NaN
39847	NaN
39848	NaN
39849	NaN
39850	NaN
39851	NaN
39852	NaN
39853	NaN
39854	NaN
39855	NaN
39856	NaN
39857	NaN
39858	NaN
39859	NaN
39860	NaN
39861	NaN
39862	NaN
39863	NaN
39864	NaN
39865	NaN
39866	NaN
39867	NaN
39868	NaN
39869	NaN
39870	NaN
39871	NaN
39872	NaN
39873	NaN
39874	NaN
39875	NaN
39876	NaN
39877	NaN
39878	NaN
39879	NaN
39880	NaN
39881	NaN
39882	NaN
39883	NaN
39884	NaN
39885	NaN
39886	NaN
39887	NaN
39888	NaN
39889	NaN
39890	NaN
39891	NaN
39892	NaN
39893	NaN
39894	NaN
39895	NaN
39896	NaN
39897	NaN
39898	NaN
39899	NaN
39900	NaN
39901	NaN
39902	NaN
39903	NaN
39904	NaN
39905	NaN
39906	NaN
39907	NaN
39908	1.54233861
39909	1.13765931
39910	0.98692340
39911	0.90904242
39912	0.86208409
39913	0.83114159
39914	0.80957830
39915	0.79398674
39916	0.78243417
39917	0.77374035
39918	0.76714164
39919	0.76212078
39920	0.75831431
39921	0.75545889
39922	0.75335872
39923	0.75186533
39924	0.75086415
39925	0.75026530
39926	0.74999744
39927	0.75000310
39928	0.75023466
39929	0.75065243
39930	0.75122154
39931	0.75191045
39932	0.75268906
39933	0.75352746
39934	0.75439405
39935	0.75525528
39936	0.75607407
39937	0.75680941
39938	0.75741571
39939	0.75784326
39940	0.75803792
39941	0.75794214
39942	0.75749612
39943	0.75663972
39944	0.75531441
39945	0.75346613
39946	0.75104809
39947	0.74802440
39948	0.74437255
39949	0.74008703
39950	0.73518187
39951	0.72969151
39952	0.72367233
39953	0.71720177
39954	0.71037638
39955	0.70330912
39956	0.69612515
39957	0.68895710
39958	0.68193972
39959	0.67520487
39960	0.66887629
39961	0.66306549
39962	0.65786773
39963	0.65335971
39964	0.64959705
39965	0.64661366
39966	0.64442122
39967	0.64300936
39968	0.64234680
39969	0.64238214
39970	0.64304590
39971	0.64425218
39972	0.64590126
39973	0.64788204
39974	0.65007520
39975	0.65235633
39976	0.65459961
39977	0.65668166
39978	0.65848547
39979	0.65990371
39980	0.66084290
39981	0.66122597
39982	0.66099489
39983	0.66011184
39984	0.65856040
39985	0.65634447
39986	0.65348768
39987	0.65003067
39988	0.64602864
39989	0.64154828
39990	0.63666379
39991	0.63145441
39992	0.62600052
39993	0.62038124
39994	0.61467212
39995	0.60894305
39996	0.60325730
39997	0.59767056
39998	0.59223050
39999	0.58697701
40000	0.58194196
40001	0.57715046
40002	0.57262081
40003	0.56836528
40004	0.56439096
40005	0.56070000
40006	0.55729043
40007	0.55415618
40008	0.55128783
40009	0.54867244
40010	0.54629374
40011	0.54413259
40012	0.54216695
40013	0.54037237
40014	0.53872198
40015	0.53718698
40016	0.53573745
40017	0.53434223
40018	0.53296977
40019	0.53158855
40020	0.53016764
40021	0.52867728
40022	0.52708912
40023	0.52537692
40024	0.52351677
40025	0.52148783
40026	0.51927233
40027	0.51685613
40028	0.51422894
40029	0.51138479
40030	0.50832218
40031	0.50504416
40032	0.50155866
40033	0.49787852
40034	0.49402133
40035	0.49000907
40036	0.48586804
40037	0.48162809
40038	0.47732192
40039	0.47298440
40040	0.46865147
40041	0.46435902
40042	0.46014220
40043	0.45603365
40044	0.45206299
40045	0.44825545
40046	0.44463143
40047	0.44120571
40048	0.43798700
40049	0.43497819
40050	0.43217599
40051	0.42957166
40052	0.42715096
40053	0.42489526
40054	0.42278162
40055	0.42078406
40056	0.41887394
40057	0.41702077
40058	0.41519320
40059	0.41335949
40060	0.41148847
40061	0.40955013
40062	0.40751651
40063	0.40536210
40064	0.40306461
40065	0.40060523
40066	0.39796919
40067	0.39514571
40068	0.39212835
40069	0.38891488
40070	0.38550723
40071	0.38191131
40072	0.37813717
40073	0.37419847
40074	0.37011254
40075	0.36590019
40076	0.36158529
40077	0.35719472
40078	0.35275766
40079	0.34830523
40080	0.34386992
40081	0.33948481
40082	0.33518279
40083	0.33099598
40084	0.32695508
40085	0.32308871
40086	0.31942290
40087	0.31598088
40088	0.31278300
40089	0.30984625
40090	0.30718467
40091	0.30480903
40092	0.30272695
40093	0.30094266
40094	0.29945698
40095	0.29826710
40096	0.29736575
40097	0.29674152
40098	0.29637775
40099	0.29625243
40100	0.29633763
40101	0.29659945
40102	0.29699761
40103	0.29748589
40104	0.29801244
40105	0.29852036
40106	0.29894909
40107	0.29923540
40108	0.29931551
40109	0.29912648
40110	0.29860836
40111	0.29770628
40112	0.29637185
40113	0.29456490
40114	0.29225436
40115	0.28941905
40116	0.28604761
40117	0.28213847
40118	0.27769932
40119	0.27274629
40120	0.26730353
40121	0.26140234
40122	0.25508112
40123	0.24838509
40124	0.24136691
40125	0.23408717
40126	0.22661574
40127	0.21903315
40128	0.21143231
40129	0.20392092
40130	0.19662322
40131	0.18968302
40132	0.18326636
40133	0.17756338
40134	0.17279154
40135	0.16919668
40136	0.16705513
40137	0.16667366
40138	0.16838944
40139	0.17256819
40140	0.17960221
40141	0.18990940
40142	0.20393178
40143	0.22213981
40144	0.24504103
40145	0.27319938
40146	0.30726877
40147	0.34805137
40148	0.39658767
40149	0.45430112
40150	0.52323627
40151	0.60645461
40152	0.70874625
40153	0.83797711
40154	1.00788653
40155	1.24457574
40156	1.60397708
40157	2.23061657
40158	3.64580607
40159	NaN
40160	NaN
40161	NaN
40162	NaN
40163	NaN
40164	NaN
40165	NaN
40166	NaN
40167	NaN
40168	NaN
40169	NaN
40170	NaN
40171	NaN
40172	NaN
40173	NaN
40174	NaN
40175	NaN
40176	NaN
40177	NaN
40178	NaN
40179	NaN
40180	NaN
40181	NaN
40182	NaN
40183	NaN
40184	NaN
40185	NaN
40186	NaN
40187	NaN
40188	NaN
40189	NaN
40190	NaN
40191	NaN
40192	NaN
40193	NaN
40194	NaN
40195	NaN
40196	NaN
40197	NaN
40198	NaN
40199	NaN
40200	NaN
40201	NaN
40202	NaN
40203	NaN
40204	NaN
40205	NaN
40206	NaN
40207	NaN
40208	NaN
40209	NaN
40210	NaN
40211	NaN
40212	NaN
40213	NaN
40214	NaN
40215	NaN
40216	NaN
40217	NaN
40218	NaN
40219	NaN
40220	NaN
40221	NaN
40222	NaN
40223	NaN
40224	NaN
40225	NaN
40226	NaN
40227	NaN
40228	NaN
40229	NaN
40230	NaN
40231	NaN
40232	NaN
40233	NaN
40234	NaN
40235	NaN
40236	NaN
40237	NaN
40238	NaN
40239	NaN
40240	NaN
40241	2.73096681
40242	1.34466863
40243	1.04536688
40244	0.91792899
40245	0.84924144
40246	0.80750376
40247	0.78029072
40248	0.76174510
40249	0.74874413
40250	0.73947030
40251	0.73279512
40252	0.72798234
40253	0.72453243
40254	0.72209698
40255	0.72042727
40256	0.71934265
40257	0.71871042
40258	0.71843219
40259	0.71843410
40260	0.71866024
40261	0.71906734
40262	0.71962070
40263	0.72029167
40264	0.72105414
40265	0.72188330
40266	0.72275382
40267	0.72363812
40268	0.72450560
40269	0.72532213
40270	0.72604924
40271	0.72664404
40272	0.72705925
40273	0.72724384
40274	0.72714359
40275	0.72670251
40276	0.72586411
40277	0.72457385
40278	0.72278076
40279	0.72044075
40280	0.71751916
40281	0.71399391
40282	0.70985794
40283	0.70512235
40284	0.69981766
40285	0.69399500
40286	0.68772644
40287	0.68110299
40288	0.67423260
40289	0.66723651
40290	0.66024458
40291	0.65339077
40292	0.64680713
40293	0.64061940
40294	0.63494188
40295	0.62987357
40296	0.62549514
40297	0.62186670
40298	0.61902636
40299	0.61698985
40300	0.61575115
40301	0.61528260
40302	0.61553681
40303	0.61644763
40304	0.61793250
40305	0.61989367
40306	0.62222105
40307	0.62479389
40308	0.62748379
40309	0.63015747
40310	0.63268018
40311	0.63491893
40312	0.63674712
40313	0.63804799
40314	0.63871932
40315	0.63867700
40316	0.63785881
40317	0.63622665
40318	0.63376826
40319	0.63049757
40320	0.62645352
40321	0.62169760
40322	0.61631060
40323	0.61038780
40324	0.60403472
40325	0.59736174
40326	0.59047949
40327	0.58349496
40328	0.57650816
40329	0.56960934
40330	0.56287783
40331	0.55638117
40332	0.55017459
40333	0.54430205
40334	0.53879660
40335	0.53368169
40336	0.52897185
40337	0.52467436
40338	0.52078986
40339	0.51731342
40340	0.51423502
40341	0.51154047
40342	0.50921154
40343	0.50722617
40344	0.50555873
40345	0.50418001
40346	0.50305742
40347	0.50215495
40348	0.50143319
40349	0.50084984
40350	0.50035995
40351	0.49991634
40352	0.49947041
40353	0.49897283
40354	0.49837440
40355	0.49762732
40356	0.49668607
40357	0.49550861
40358	0.49405739
40359	0.49230033
40360	0.49021190
40361	0.48777357
40362	0.48497438
40363	0.48181158
40364	0.47829053
40365	0.47442484
40366	0.47023606
40367	0.46575338
40368	0.46101329
40369	0.45605841
40370	0.45093700
40371	0.44570181
40372	0.44040880
40373	0.43511602
40374	0.42988202
40375	0.42476439
40376	0.41981846
40377	0.41509524
40378	0.41064054
40379	0.40649310
40380	0.40268373
40381	0.39923441
40382	0.39615768
40383	0.39345652
40384	0.39112425
40385	0.38914517
40386	0.38749510
40387	0.38614237
40388	0.38504893
40389	0.38417110
40390	0.38346118
40391	0.38286835
40392	0.38233992
40393	0.38182217
40394	0.38126180
40395	0.38060635
40396	0.37980554
40397	0.37881196
40398	0.37758189
40399	0.37607634
40400	0.37426141
40401	0.37210950
40402	0.36959952
40403	0.36671785
40404	0.36345854
40405	0.35982391
40406	0.35582471
40407	0.35148007
40408	0.34681740
40409	0.34187210
40410	0.33668700
40411	0.33131140
40412	0.32580018
40413	0.32021251
40414	0.31461048
40415	0.30905774
40416	0.30361763
40417	0.29835206
40418	0.29331982
40419	0.28857538
40420	0.28416830
40421	0.28014213
40422	0.27653435
40423	0.27337620
40424	0.27069294
40425	0.26850396
40426	0.26682320
40427	0.26565945
40428	0.26501620
40429	0.26489156
40430	0.26527774
40431	0.26616016
40432	0.26751631
40433	0.26931441
40434	0.27151191
40435	0.27405396
40436	0.27687225
40437	0.27988392
40438	0.28299165
40439	0.28608423
40440	0.28903866
40441	0.29172295
40442	0.29400074
40443	0.29573664
40444	0.29680195
40445	0.29708093
40446	0.29647624
40447	0.29491338
40448	0.29234362
40449	0.28874475
40450	0.28412071
40451	0.27849886
40452	0.27192712
40453	0.26446953
40454	0.25620306
40455	0.24721412
40456	0.23759598
40457	0.22744831
40458	0.21687661
40459	0.20599501
40460	0.19492826
40461	0.18381788
40462	0.17282762
40463	0.16215381
40464	0.15203570
40465	0.14276986
40466	0.13472834
40467	0.12837821
40468	0.12430707
40469	0.12324940
40470	0.12611730
40471	0.13403103
40472	0.14835110
40473	0.17070846
40474	0.20303240
40475	0.24758336
40476	0.30699411
40477	0.38434994
40478	0.48334554
40479	0.60861003
40480	0.76635176
40481	0.96563900
40482	1.22098494
40483	1.55788970
40484	2.02599883
40485	2.73554063
40486	3.98599744
40487	NaN
40488	NaN
40489	NaN
40490	NaN
40491	NaN
40492	NaN
40493	NaN
40494	NaN
40495	NaN
40496	NaN
40497	NaN
40498	NaN
40499	NaN
40500	NaN
40501	NaN
40502	NaN
40503	NaN
40504	NaN
40505	NaN
40506	NaN
40507	NaN
40508	NaN
40509	NaN
40510	NaN
40511	NaN
40512	NaN
40513	NaN
40514	NaN
40515	NaN
40516	NaN
40517	NaN
40518	NaN
40519	NaN
40520	NaN
40521	NaN
40522	NaN
40523	NaN
40524	NaN
40525	NaN
40526	NaN
40527	NaN
40528	NaN
40529	NaN
40530	NaN
40531	NaN
40532	NaN
40533	NaN
40534	NaN
40535	NaN
40536	NaN
40537	NaN
40538	NaN
40539	NaN
40540	NaN
40541	NaN
40542	NaN
40543	NaN
40544	NaN
40545	NaN
40546	NaN
40547	NaN
40548	NaN
40549	NaN
40550	NaN
40551	NaN
40552	NaN
40553	NaN
40554	NaN
40555	NaN
40556	NaN
40557	NaN
40558	NaN
40559	NaN
40560	NaN
40561	NaN
40562	NaN
40563	NaN
40564	NaN
40565	NaN
40566	NaN
40567	NaN
40568	2.97965050
40569	1.51142490
40570	1.15948129
40571	1.00333536
40572	0.91648334
40573	0.86215478
40574	0.82571715
40575	0.80018193
40576	0.78178322
40577	0.76830673
40578	0.75836200
40579	0.75102979
40580	0.74567711
40581	0.74185324
40582	0.73922825
40583	0.73755550
40584	0.73664671
40585	0.73635608
40586	0.73656863
40587	0.73719233
40588	0.73815185
40589	0.73938423
40590	0.74083471
40591	0.74245423
40592	0.74419606
40593	0.74601454
40594	0.74786294
40595	0.74969208
40596	0.75144923
40597	0.75307763
40598	0.75451642
40599	0.75570023
40600	0.75656062
40601	0.75702685
40602	0.75702763
40603	0.75649351
40604	0.75535965
40605	0.75356853
40606	0.75107378
40607	0.74784291
40608	0.74386066
40609	0.73913199
40610	0.73368353
40611	0.72756517
40612	0.72084951
40613	0.71363121
40614	0.70602375
40615	0.69815618
40616	0.69016850
40617	0.68220627
40618	0.67441505
40619	0.66693527
40620	0.65989697
40621	0.65341544
40622	0.64758772
40623	0.64249009
40624	0.63817638
40625	0.63467717
40626	0.63199985
40627	0.63012952
40628	0.62903005
40629	0.62864578
40630	0.62890387
40631	0.62971592
40632	0.63098139
40633	0.63258934
40634	0.63442260
40635	0.63635975
40636	0.63827908
40637	0.64006227
40638	0.64159715
40639	0.64278167
40640	0.64352661
40641	0.64375877
40642	0.64342254
40643	0.64248186
40644	0.64092034
40645	0.63874120
40646	0.63596576
40647	0.63263172
40648	0.62879032
40649	0.62450302
40650	0.61983865
40651	0.61486965
40652	0.60966939
40653	0.60430938
40654	0.59885681
40655	0.59337342
40656	0.58791423
40657	0.58252710
40658	0.57725239
40659	0.57212365
40660	0.56716794
40661	0.56240648
40662	0.55785573
40663	0.55352783
40664	0.54943150
40665	0.54557240
40666	0.54195374
40667	0.53857607
40668	0.53543800
40669	0.53253531
40670	0.52986157
40671	0.52740741
40672	0.52516061
40673	0.52310622
40674	0.52122593
40675	0.51949883
40676	0.51790094
40677	0.51640606
40678	0.51498556
40679	0.51360917
40680	0.51224500
40681	0.51086068
40682	0.50942361
40683	0.50790185
40684	0.50626469
40685	0.50448376
40686	0.50253361
40687	0.50039256
40688	0.49804336
40689	0.49547386
40690	0.49267754
40691	0.48965371
40692	0.48640758
40693	0.48295051
40694	0.47929963
40695	0.47547734
40696	0.47151086
40697	0.46743158
40698	0.46327406
40699	0.45907542
40700	0.45487401
40701	0.45070863
40702	0.44661725
40703	0.44263598
40704	0.43879810
40705	0.43513295
40706	0.43166503
40707	0.42841339
40708	0.42539117
40709	0.42260486
40710	0.42005476
40711	0.41773474
40712	0.41563261
40713	0.41373074
40714	0.41200653
40715	0.41043329
40716	0.40898088
40717	0.40761667
40718	0.40630627
40719	0.40501422
40720	0.40370500
40721	0.40234357
40722	0.40089598
40723	0.39933023
40724	0.39761671
40725	0.39572877
40726	0.39364335
40727	0.39134106
40728	0.38880700
40729	0.38603076
40730	0.38300669
40731	0.37973425
40732	0.37621796
40733	0.37246755
40734	0.36849779
40735	0.36432850
40736	0.35998407
40737	0.35549325
40738	0.35088831
40739	0.34620452
40740	0.34147918
40741	0.33675075
40742	0.33205789
40743	0.32743865
40744	0.32292953
40745	0.31856501
40746	0.31437689
40747	0.31039396
40748	0.30664194
40749	0.30314332
40750	0.29991749
40751	0.29698086
40752	0.29434687
40753	0.29202604
40754	0.29002625
40755	0.28835207
40756	0.28700474
40757	0.28598168
40758	0.28527567
40759	0.28487459
40760	0.28476036
40761	0.28490868
40762	0.28528827
40763	0.28586081
40764	0.28658044
40765	0.28739446
40766	0.28824335
40767	0.28906164
40768	0.28977931
40769	0.29032305
40770	0.29061791
40771	0.29058966
40772	0.29016659
40773	0.28928202
40774	0.28787595
40775	0.28589723
40776	0.28330448
40777	0.28006786
40778	0.27616844
40779	0.27159923
40780	0.26636434
40781	0.26047876
40782	0.25396764
40783	0.24686624
40784	0.23922001
40785	0.23108466
40786	0.22252825
40787	0.21363249
40788	0.20449632
40789	0.19523925
40790	0.18600610
40791	0.17697279
40792	0.16835268
40793	0.16040327
40794	0.15343285
40795	0.14780889
40796	0.14396313
40797	0.14239842
40798	0.14369340
40799	0.14850499
40800	0.15757303
40801	0.17172430
40802	0.19188444
40803	0.21909732
40804	0.25456858
40805	0.29974401
40806	0.35644588
40807	0.42711729
40808	0.51524401
40809	0.62612802
40810	0.76835787
40811	0.95685089
40812	1.21986151
40813	1.61769021
40814	2.30485415
40815	NaN
40816	NaN
40817	NaN
40818	NaN
40819	NaN
40820	NaN
40821	NaN
40822	NaN
40823	NaN
40824	NaN
40825	NaN
40826	NaN
40827	NaN
40828	NaN
40829	NaN
40830	NaN
40831	NaN
40832	NaN
40833	NaN
40834	NaN
40835	NaN
40836	NaN
40837	NaN
40838	NaN
40839	NaN
40840	NaN
40841	NaN
40842	NaN
40843	NaN
40844	NaN
40845	NaN
40846	NaN
40847	NaN
40848	NaN
40849	NaN
40850	NaN
40851	NaN
40852	NaN
40853	NaN
40854	NaN
40855	NaN
40856	NaN
40857	NaN
40858	NaN
40859	NaN
40860	NaN
40861	NaN
40862	NaN
40863	NaN
40864	NaN
40865	NaN
40866	NaN
40867	NaN
40868	NaN
40869	NaN
40870	NaN
40871	NaN
40872	NaN
40873	NaN
40874	NaN
40875	NaN
40876	NaN
40877	NaN
40878	NaN
40879	NaN
40880	NaN
40881	NaN
40882	NaN
40883	NaN
40884	NaN
40885	NaN
40886	NaN
40887	NaN
40888	NaN
40889	NaN
40890	NaN
40891	NaN
40892	NaN
40893	NaN
40894	NaN
40895	NaN
40896	NaN
40897	NaN
40898	NaN
40899	NaN
40900	NaN
40901	NaN
40902	NaN
40903	1.98971641
40904	1.20275569
40905	0.98203331
40906	0.88144636
40907	0.82576674
40908	0.79156303
40909	0.76917899
40910	0.75391579
40911	0.74322045
40912	0.73559135
40913	0.73009300
40914	0.72611648
40915	0.72325194
40916	0.72121638
40917	0.71981120
40918	0.71889484
40919	0.71836567
40920	0.71815020
40921	0.71819520
40922	0.71846199
40923	0.71892190
40924	0.71955305
40925	0.72033793
40926	0.72126091
40927	0.72230643
40928	0.72345769
40929	0.72469491
40930	0.72599441
40931	0.72732711
40932	0.72865838
40933	0.72994632
40934	0.73114198
40935	0.73218882
40936	0.73302263
40937	0.73357236
40938	0.73376095
40939	0.73350745
40940	0.73272985
40941	0.73134828
40942	0.72928953
40943	0.72649282
40944	0.72291452
40945	0.71853465
40946	0.71336144
40947	0.70743507
40948	0.70082968
40949	0.69365239
40950	0.68604058
40951	0.67815602
40952	0.67017734
40953	0.66229129
40954	0.65468305
40955	0.64752781
40956	0.64098275
40957	0.63518137
40958	0.63022864
40959	0.62619931
40960	0.62313724
40961	0.62105554
40962	0.61993873
40963	0.61974460
40964	0.62040681
40965	0.62183750
40966	0.62392980
40967	0.62656045
40968	0.62959266
40969	0.63287872
40970	0.63626325
40971	0.63958693
40972	0.64269018
40973	0.64541793
40974	0.64762449
40975	0.64917862
40976	0.64996862
40977	0.64990729
40978	0.64893574
40979	0.64702630
40980	0.64418346
40981	0.64044362
40982	0.63587248
40983	0.63056105
40984	0.62462014
40985	0.61817390
40986	0.61135381
40987	0.60429174
40988	0.59711504
40989	0.58994174
40990	0.58287734
40991	0.57601267
40992	0.56942350
40993	0.56317002
40994	0.55729789
40995	0.55183971
40996	0.54681611
40997	0.54223806
40998	0.53810805
40999	0.53442174
41000	0.53116930
41001	0.52833617
41002	0.52590406
41003	0.52385098
41004	0.52215207
41005	0.52077878
41006	0.51969963
41007	0.51887965
41008	0.51828039
41009	0.51786017
41010	0.51757419
41011	0.51737523
41012	0.51721394
41013	0.51703972
41014	0.51680183
41015	0.51645035
41016	0.51593697
41017	0.51521635
41018	0.51424712
41019	0.51299250
41020	0.51142138
41021	0.50950867
41022	0.50723642
41023	0.50459331
41024	0.50157571
41025	0.49818733
41026	0.49443945
41027	0.49035066
41028	0.48594683
41029	0.48126045
41030	0.47633046
41031	0.47120130
41032	0.46592230
41033	0.46054664
41034	0.45513040
41035	0.44973105
41036	0.44440636
41037	0.43921280
41038	0.43420401
41039	0.42942920
41040	0.42493168
41041	0.42074734
41042	0.41690353
41043	0.41341817
41044	0.41029897
41045	0.40754345
41046	0.40513915
41047	0.40306416
41048	0.40128824
41049	0.39977399
41050	0.39847818
41051	0.39735353
41052	0.39634982
41053	0.39541557
41054	0.39449915
41055	0.39354980
41056	0.39251870
41057	0.39135960
41058	0.39002946
41059	0.38848916
41060	0.38670379
41061	0.38464338
41062	0.38228318
41063	0.37960431
41064	0.37659419
41065	0.37324721
41066	0.36956489
41067	0.36555642
41068	0.36123896
41069	0.35663748
41070	0.35178483
41071	0.34672111
41072	0.34149316
41073	0.33615330
41074	0.33075827
41075	0.32536730
41076	0.32004085
41077	0.31483859
41078	0.30981782
41079	0.30503210
41080	0.30053008
41081	0.29635462
41082	0.29254249
41083	0.28912443
41084	0.28612521
41085	0.28356451
41086	0.28145733
41087	0.27981466
41088	0.27864429
41089	0.27795082
41090	0.27773568
41091	0.27799684
41092	0.27872756
41093	0.27991563
41094	0.28154096
41095	0.28357422
41096	0.28597435
41097	0.28868660
41098	0.29164058
41099	0.29474905
41100	0.29790771
41101	0.30099592
41102	0.30387923
41103	0.30641374
41104	0.30845144
41105	0.30984756
41106	0.31046826
41107	0.31019780
41108	0.30894530
41109	0.30664882
41110	0.30327722
41111	0.29882967
41112	0.29333210
41113	0.28683245
41114	0.27939463
41115	0.27109230
41116	0.26200360
41117	0.25220653
41118	0.24177696
41119	0.23078731
41120	0.21930903
41121	0.20741571
41122	0.19518977
41123	0.18273252
41124	0.17017621
41125	0.15770215
41126	0.14556317
41127	0.13411486
41128	0.12385476
41129	0.11547514
41130	0.10993162
41131	0.10853022
41132	0.11304288
41133	0.12584987
41134	0.15012817
41135	0.19008918
41136	0.25130457
41137	0.34118053
41138	0.46971866
41139	0.65090537
41140	0.90550733
41141	1.26724386
41142	1.79783571
41143	2.62918830
41144	4.11102200
41145	NaN
41146	NaN
41147	NaN
41148	NaN
41149	NaN
41150	NaN
41151	NaN
41152	NaN
41153	NaN
41154	NaN
41155	NaN
41156	NaN
41157	NaN
41158	NaN
41159	NaN
41160	NaN
41161	NaN
41162	NaN
41163	NaN
41164	NaN
41165	NaN
41166	NaN
41167	NaN
41168	NaN
41169	NaN
41170	NaN
41171	NaN
41172	NaN
41173	NaN
41174	NaN
41175	NaN
41176	NaN
41177	NaN
41178	NaN
41179	NaN
41180	NaN
41181	NaN
41182	NaN
41183	NaN
41184	NaN
41185	NaN
41186	NaN
41187	NaN
41188	NaN
41189	NaN
41190	NaN
41191	NaN
41192	NaN
41193	NaN
41194	NaN
41195	NaN
41196	NaN
41197	NaN
41198	NaN
41199	NaN
41200	NaN
41201	NaN
41202	NaN
41203	NaN
41204	NaN
41205	NaN
41206	NaN
41207	NaN
41208	NaN
41209	NaN
41210	NaN
41211	NaN
41212	NaN
41213	NaN
41214	NaN
41215	NaN
41216	NaN
41217	NaN
41218	NaN
41219	NaN
41220	NaN
41221	NaN
41222	NaN
41223	NaN
41224	NaN
41225	NaN
41226	NaN
41227	NaN
41228	NaN
41229	NaN
41230	NaN
41231	NaN
41232	NaN
41233	NaN
41234	1.73267198
41235	1.19121468
41236	0.99649006
41237	0.89851832
41238	0.84109288
41239	0.80447960
41240	0.77994770
41241	0.76302934
41242	0.75119638
41243	0.74290788
41244	0.73717016
41245	0.73331356
41246	0.73087132
41247	0.72950912
41248	0.72898215
41249	0.72910875
41250	0.72975159
41251	0.73080629
41252	0.73219198
41253	0.73384535
41254	0.73571527
41255	0.73775899
41256	0.73993891
41257	0.74222034
41258	0.74456859
41259	0.74694777
41260	0.74931937
41261	0.75164092
41262	0.75386506
41263	0.75593942
41264	0.75780594
41265	0.75940144
41266	0.76065767
41267	0.76150274
41268	0.76186246
41269	0.76166296
41270	0.76083320
41271	0.75930852
41272	0.75703412
41273	0.75396979
41274	0.75009316
41275	0.74540412
41276	0.73992705
41277	0.73371315
41278	0.72684067
41279	0.71941394
41280	0.71156013
41281	0.70342529
41282	0.69516838
41283	0.68695515
41284	0.67895091
41285	0.67131406
41286	0.66419023
41287	0.65770686
41288	0.65196937
41289	0.64705873
41290	0.64302945
41291	0.63990980
41292	0.63770181
41293	0.63638270
41294	0.63590664
41295	0.63620657
41296	0.63719720
41297	0.63877708
41298	0.64083141
41299	0.64323556
41300	0.64585781
41301	0.64856303
41302	0.65121615
41303	0.65368611
41304	0.65584970
41305	0.65759486
41306	0.65882474
41307	0.65945983
41308	0.65944105
41309	0.65873045
41310	0.65731204
41311	0.65519106
41312	0.65239286
41313	0.64896011
41314	0.64495009
41315	0.64043140
41316	0.63547999
41317	0.63017595
41318	0.62460017
41319	0.61883152
41320	0.61294472
41321	0.60700840
41322	0.60108417
41323	0.59522593
41324	0.58947998
41325	0.58388507
41326	0.57847297
41327	0.57326931
41328	0.56829435
41329	0.56356388
41330	0.55908984
41331	0.55488110
41332	0.55094367
41333	0.54728115
41334	0.54389453
41335	0.54078221
41336	0.53793979
41337	0.53535944
41338	0.53302985
41339	0.53093570
41340	0.52905732
41341	0.52737111
41342	0.52584898
41343	0.52445906
41344	0.52316618
41345	0.52193236
41346	0.52071780
41347	0.51948172
41348	0.51818365
41349	0.51678413
41350	0.51524597
41351	0.51353520
41352	0.51162183
41353	0.50948083
41354	0.50709224
41355	0.50444227
41356	0.50152326
41357	0.49833423
41358	0.49488086
41359	0.49117547
41360	0.48723707
41361	0.48309088
41362	0.47876784
41363	0.47430399
41364	0.46973971
41365	0.46511841
41366	0.46048543
41367	0.45588678
41368	0.45136759
41369	0.44697076
41370	0.44273561
41371	0.43869671
41372	0.43488273
41373	0.43131581
41374	0.42801109
41375	0.42497629
41376	0.42221197
41377	0.41971174
41378	0.41746268
41379	0.41544610
41380	0.41363809
41381	0.41201055
41382	0.41053179
41383	0.40916750
41384	0.40788159
41385	0.40663704
41386	0.40539655
41387	0.40412340
41388	0.40278220
41389	0.40133926
41390	0.39976332
41391	0.39802584
41392	0.39610142
41393	0.39396811
41394	0.39160755
41395	0.38900530
41396	0.38615105
41397	0.38303888
41398	0.37966749
41399	0.37604052
41400	0.37216690
41401	0.36806083
41402	0.36374229
41403	0.35923660
41404	0.35457444
41405	0.34979147
41406	0.34492743
41407	0.34002560
41408	0.33513179
41409	0.33029306
41410	0.32555678
41411	0.32096970
41412	0.31657684
41413	0.31242082
41414	0.30854124
41415	0.30497435
41416	0.30175272
41417	0.29890499
41418	0.29645610
41419	0.29442674
41420	0.29283330
41421	0.29168731
41422	0.29099512
41423	0.29075685
41424	0.29096574
41425	0.29160720
41426	0.29265773
41427	0.29408395
41428	0.29584202
41429	0.29787683
41430	0.30012202
41431	0.30249995
41432	0.30492291
41433	0.30729413
41434	0.30951047
41435	0.31146508
41436	0.31305057
41437	0.31416300
41438	0.31470561
41439	0.31459168
41440	0.31374776
41441	0.31211528
41442	0.30965146
41443	0.30632964
41444	0.30213785
41445	0.29707861
41446	0.29116631
41447	0.28442624
41448	0.27689353
41449	0.26861200
41450	0.25963444
41451	0.25002313
41452	0.23985201
41453	0.22920835
41454	0.21819694
41455	0.20694427
41456	0.19560356
41457	0.18436149
41458	0.17344411
41459	0.16312462
41460	0.15372896
41461	0.14564204
41462	0.13931076
41463	0.13524404
41464	0.13400902
41465	0.13622233
41466	0.14253867
41467	0.15363298
41468	0.17018671
41469	0.19287638
41470	0.22237280
41471	0.25935966
41472	0.30457580
41473	0.35889798
41474	0.42347410
41475	0.49994135
41476	0.59077281
41477	0.69987339
41478	0.83365089
41479	1.00312030
41480	1.22849619
41481	1.55059683
41482	2.06485128
41483	3.05626655
41484	NaN
41485	NaN
41486	NaN
41487	NaN
41488	NaN
41489	NaN
41490	NaN
41491	NaN
41492	NaN
41493	NaN
41494	NaN
41495	NaN
41496	NaN
41497	NaN
41498	NaN
41499	NaN
41500	NaN
41501	NaN
41502	NaN
41503	NaN
41504	NaN
41505	NaN
41506	NaN
41507	NaN
41508	NaN
41509	NaN
41510	NaN
41511	NaN
41512	NaN
41513	NaN
41514	NaN
41515	NaN
41516	NaN
41517	NaN
41518	NaN
41519	NaN
41520	NaN
41521	NaN
41522	NaN
41523	NaN
41524	NaN
41525	NaN
41526	NaN
41527	NaN
41528	NaN
41529	NaN
41530	NaN
41531	NaN
41532	NaN
41533	NaN
41534	NaN
41535	NaN
41536	NaN
41537	NaN
41538	NaN
41539	NaN
41540	NaN
41541	NaN
41542	NaN
41543	NaN
41544	NaN
41545	NaN
41546	NaN
41547	NaN
41548	NaN
41549	NaN
41550	NaN
41551	NaN
41552	NaN
41553	NaN
41554	NaN
41555	NaN
41556	NaN
41557	NaN
41558	NaN
41559	NaN
41560	NaN
41561	NaN
41562	NaN
41563	NaN
41564	NaN
41565	NaN
41566	NaN
41567	NaN
41568	NaN
41569	NaN
41570	NaN
41571	2.77629638
41572	1.45099568
41573	1.12412620
41574	0.97985250
41575	0.90066439
41576	0.85190481
41577	0.81969261
41578	0.79738796
41579	0.78142130
41580	0.76970780
41581	0.76095361
41582	0.75431812
41583	0.74923629
41584	0.74531734
41585	0.74228638
41586	0.73994631
41587	0.73815453
41588	0.73680663
41589	0.73582506
41590	0.73515111
41591	0.73473924
41592	0.73455220
41593	0.73455811
41594	0.73472714
41595	0.73503006
41596	0.73543596
41597	0.73591149
41598	0.73641950
41599	0.73691851
41600	0.73736244
41601	0.73770052
41602	0.73787749
41603	0.73783433
41604	0.73750907
41605	0.73683870
41606	0.73576045
41607	0.73421431
41608	0.73214591
41609	0.72950906
41610	0.72626919
41611	0.72240651
41612	0.71791852
41613	0.71282285
41614	0.70715880
41615	0.70098782
41616	0.69439256
41617	0.68747574
41618	0.68035620
41619	0.67316496
41620	0.66603982
41621	0.65912008
41622	0.65254062
41623	0.64642686
41624	0.64088935
41625	0.63602078
41626	0.63189250
41627	0.62855273
41628	0.62602597
41629	0.62431264
41630	0.62338990
41631	0.62321287
41632	0.62371612
41633	0.62481588
41634	0.62641191
41635	0.62839049
41636	0.63062662
41637	0.63298762
41638	0.63533622
41639	0.63753438
41640	0.63944757
41641	0.64094877
41642	0.64192307
41643	0.64227170
41644	0.64191592
41645	0.64080042
41646	0.63889521
41647	0.63619697
41648	0.63272852
41649	0.62853760
41650	0.62369323
41651	0.61828244
41652	0.61240500
41653	0.60616845
41654	0.59968317
41655	0.59305739
41656	0.58639371
41657	0.57978547
41658	0.57331508
41659	0.56705272
41660	0.56105614
41661	0.55537081
41662	0.55003083
41663	0.54506004
41664	0.54047340
41665	0.53627819
41666	0.53247535
41667	0.52906048
41668	0.52602488
41669	0.52335614
41670	0.52103859
41671	0.51905376
41672	0.51738030
41673	0.51599431
41674	0.51486880
41675	0.51397395
41676	0.51327693
41677	0.51274180
41678	0.51232958
41679	0.51199859
41680	0.51170468
41681	0.51140195
41682	0.51104337
41683	0.51058167
41684	0.50997037
41685	0.50916505
41686	0.50812399
41687	0.50680977
41688	0.50519001
41689	0.50323814
41690	0.50093454
41691	0.49826694
41692	0.49523079
41693	0.49182978
41694	0.48807597
41695	0.48398942
41696	0.47959837
41697	0.47493860
41698	0.47005263
41699	0.46498907
41700	0.45980132
41701	0.45454627
41702	0.44928321
41703	0.44407159
41704	0.43896985
41705	0.43403339
41706	0.42931303
41707	0.42485341
41708	0.42069158
41709	0.41685584
41710	0.41336533
41711	0.41022927
41712	0.40744719
41713	0.40500951
41714	0.40289795
41715	0.40108687
41716	0.39954409
41717	0.39823261
41718	0.39711148
41719	0.39613712
41720	0.39526466
41721	0.39444840
41722	0.39364326
41723	0.39280477
41724	0.39189029
41725	0.39085901
41726	0.38967276
41727	0.38829637
41728	0.38669813
41729	0.38485041
41730	0.38273007
41731	0.38031924
41732	0.37760547
41733	0.37458253
41734	0.37125075
41735	0.36761701
41736	0.36369526
41737	0.35950631
41738	0.35507768
41739	0.35044330
41740	0.34564298
41741	0.34072125
41742	0.33572686
41743	0.33071119
41744	0.32572687
41745	0.32082680
41746	0.31606200
41747	0.31148085
41748	0.30712789
41749	0.30304256
41750	0.29925916
41751	0.29580611
41752	0.29270637
41753	0.28997719
41754	0.28763077
41755	0.28567439
41756	0.28411084
41757	0.28293839
41758	0.28215054
41759	0.28173575
41760	0.28167641
41761	0.28194818
41762	0.28251860
41763	0.28334597
41764	0.28437820
41765	0.28555226
41766	0.28679386
41767	0.28801778
41768	0.28912944
41769	0.29002702
41770	0.29060486
41771	0.29075754
41772	0.29038462
41773	0.28939569
41774	0.28771514
41775	0.28528568
41776	0.28207168
41777	0.27806023
41778	0.27326068
41779	0.26770279
41780	0.26143438
41781	0.25451723
41782	0.24702361
41783	0.23903298
41784	0.23062941
41785	0.22189982
41786	0.21293440
41787	0.20382752
41788	0.19468072
41789	0.18560757
41790	0.17673941
41791	0.16823418
41792	0.16028604
41793	0.15313862
41794	0.14709906
41795	0.14255565
41796	0.13999853
41797	0.14003983
41798	0.14343847
41799	0.15112181
41800	0.16420619
41801	0.18401107
41802	0.21206503
41803	0.25010538
41804	0.30007032
41805	0.36410326
41806	0.44459283
41807	0.54429907
41808	0.66664237
41809	0.81630248
41810	1.00036526
41811	1.23057163
41812	1.52797866
41813	1.93371964
41814	2.53813529
41815	3.58036447
41816	NaN
41817	NaN
41818	NaN
41819	NaN
41820	NaN
41821	NaN
41822	NaN
41823	NaN
41824	NaN
41825	NaN
41826	NaN
41827	NaN
41828	NaN
41829	NaN
41830	NaN
41831	NaN
41832	NaN
41833	NaN
41834	NaN
41835	NaN
41836	NaN
41837	NaN
41838	NaN
41839	NaN
41840	NaN
41841	NaN
41842	NaN
41843	NaN
41844	NaN
41845	NaN
41846	NaN
41847	NaN
41848	NaN
41849	NaN
41850	NaN
41851	NaN
41852	NaN
41853	NaN
41854	NaN
41855	NaN
41856	NaN
41857	NaN
41858	NaN
41859	NaN
41860	NaN
41861	NaN
41862	NaN
41863	NaN
41864	NaN
41865	NaN
41866	NaN
41867	NaN
41868	NaN
41869	NaN
41870	NaN
41871	NaN
41872	NaN
41873	NaN
41874	NaN
41875	NaN
41876	NaN
41877	NaN
41878	NaN
41879	NaN
41880	NaN
41881	NaN
41882	NaN
41883	NaN
41884	NaN
41885	NaN
41886	NaN
41887	NaN
41888	NaN
41889	NaN
41890	NaN
41891	NaN
41892	NaN
41893	NaN
41894	NaN
41895	NaN
41896	NaN
41897	NaN
41898	NaN
41899	NaN
41900	NaN
41901	NaN
41902	NaN
41903	2.42324758
41904	1.36678517
41905	1.06754303
41906	0.93052047
41907	0.85461223
41908	0.80819631
41909	0.77818477
41910	0.75817323
41911	0.74465340
41912	0.73554051
41913	0.72951758
41914	0.72571295
41915	0.72352749
41916	0.72253865
41917	0.72244096
41918	0.72301030
41919	0.72408015
41920	0.72552496
41921	0.72724950
41922	0.72918022
41923	0.73125917
41924	0.73343927
41925	0.73568040
41926	0.73794657
41927	0.74020320
41928	0.74241537
41929	0.74454635
41930	0.74655616
41931	0.74840099
41932	0.75003248
41933	0.75139785
41934	0.75243998
41935	0.75309777
41936	0.75330794
41937	0.75300568
41938	0.75212765
41939	0.75061405
41940	0.74841243
41941	0.74548054
41942	0.74179018
41943	0.73733127
41944	0.73211432
41945	0.72617340
41946	0.71956766
41947	0.71238095
41948	0.70472115
41949	0.69671661
41950	0.68851221
41951	0.68026388
41952	0.67213231
41953	0.66427648
41954	0.65684730
41955	0.64998239
41956	0.64380103
41957	0.63840079
41958	0.63385504
41959	0.63021177
41960	0.62749332
41961	0.62569672
41962	0.62479472
41963	0.62473792
41964	0.62545580
41965	0.62685943
41966	0.62884337
41967	0.63128835
41968	0.63406378
41969	0.63703102
41970	0.64004636
41971	0.64296550
41972	0.64564687
41973	0.64795667
41974	0.64977288
41975	0.65098971
41976	0.65152103
41977	0.65130389
41978	0.65029973
41979	0.64849567
41980	0.64590377
41981	0.64255917
41982	0.63851774
41983	0.63385183
41984	0.62864679
41985	0.62299633
41986	0.61699855
41987	0.61075211
41988	0.60435259
41989	0.59789068
41990	0.59144938
41991	0.58510292
41992	0.57891613
41993	0.57294393
41994	0.56723154
41995	0.56181479
41996	0.55672079
41997	0.55196857
41998	0.54756981
41999	0.54352969
42000	0.53984749
42001	0.53651726
42002	0.53352815
42003	0.53086501
42004	0.52850896
42005	0.52643687
42006	0.52462280
42007	0.52303714
42008	0.52164781
42009	0.52042013
42010	0.51931757
42011	0.51830202
42012	0.51733458
42013	0.51637608
42014	0.51538783
42015	0.51433241
42016	0.51317430
42017	0.51188046
42018	0.51042116
42019	0.50876999
42020	0.50690478
42021	0.50480747
42022	0.50246459
42023	0.49986744
42024	0.49701229
42025	0.49390033
42026	0.49053779
42027	0.48693618
42028	0.48311189
42029	0.47908643
42030	0.47488600
42031	0.47054112
42032	0.46608627
42033	0.46155936
42034	0.45700073
42035	0.45245251
42036	0.44795725
42037	0.44355696
42038	0.43929183
42039	0.43519887
42040	0.43131068
42041	0.42765430
42042	0.42425066
42043	0.42111322
42044	0.41824836
42045	0.41565460
42046	0.41332319
42047	0.41123837
42048	0.40937784
42049	0.40771389
42050	0.40621388
42051	0.40484139
42052	0.40355739
42053	0.40232068
42054	0.40108937
42055	0.39982140
42056	0.39847568
42057	0.39701265
42058	0.39539516
42059	0.39358917
42060	0.39156428
42061	0.38929442
42062	0.38675836
42063	0.38394034
42064	0.38083026
42065	0.37742433
42066	0.37372530
42067	0.36974251
42068	0.36549225
42069	0.36099729
42070	0.35628694
42071	0.35139614
42072	0.34636497
42073	0.34123760
42074	0.33606103
42075	0.33088419
42076	0.32575613
42077	0.32072550
42078	0.31583890
42079	0.31114024
42080	0.30667022
42081	0.30246529
42082	0.29855818
42083	0.29497692
42084	0.29174536
42085	0.28888300
42086	0.28640509
42087	0.28432247
42088	0.28264207
42089	0.28136629
42090	0.28049317
42091	0.28001633
42092	0.27992415
42093	0.28020003
42094	0.28082141
42095	0.28175914
42096	0.28297713
42097	0.28443134
42098	0.28606951
42099	0.28783071
42100	0.28964537
42101	0.29143557
42102	0.29311651
42103	0.29459780
42104	0.29578587
42105	0.29658711
42106	0.29691058
42107	0.29667175
42108	0.29579556
42109	0.29421917
42110	0.29189420
42111	0.28878796
42112	0.28488380
42113	0.28018087
42114	0.27469271
42115	0.26844567
42116	0.26147744
42117	0.25383547
42118	0.24557531
42119	0.23676105
42120	0.22746535
42121	0.21777107
42122	0.20777456
42123	0.19758908
42124	0.18734969
42125	0.17721938
42126	0.16739546
42127	0.15811698
42128	0.14967172
42129	0.14240339
42130	0.13671836
42131	0.13309281
42132	0.13207531
42133	0.13429189
42134	0.14044751
42135	0.15132722
42136	0.16780072
42137	0.19082677
42138	0.22147235
42139	0.26094800
42140	0.31068021
42141	0.37243468
42142	0.44853914
42143	0.54226834
42144	0.65852183
42145	0.80508900
42146	0.99515665
42147	1.25279307
42148	1.62661958
42149	2.23079109
42150	3.40876389
42151	NaN
42152	NaN
42153	NaN
42154	NaN
42155	NaN
42156	NaN
42157	NaN
42158	NaN
42159	NaN
42160	NaN
42161	NaN
42162	NaN
42163	NaN
42164	NaN
42165	NaN
42166	NaN
42167	NaN
42168	NaN
42169	NaN
42170	NaN
42171	NaN
42172	NaN
42173	NaN
42174	NaN
42175	NaN
42176	NaN
42177	NaN
42178	NaN
42179	NaN
42180	NaN
42181	NaN
42182	NaN
42183	NaN
42184	NaN
42185	NaN
42186	NaN
42187	NaN
42188	NaN
42189	NaN
42190	NaN
42191	NaN
42192	NaN
42193	NaN
42194	NaN
42195	NaN
42196	NaN
42197	NaN
42198	NaN
42199	NaN
42200	NaN
42201	NaN
42202	NaN
42203	NaN
42204	NaN
42205	NaN
42206	NaN
42207	NaN
42208	NaN
42209	NaN
42210	NaN
42211	NaN
42212	NaN
42213	NaN
42214	NaN
42215	NaN
42216	NaN
42217	NaN
42218	NaN
42219	NaN
42220	NaN
42221	NaN
42222	NaN
42223	NaN
42224	NaN
42225	NaN
42226	NaN
42227	NaN
42228	NaN
42229	NaN
42230	NaN
42231	NaN
42232	NaN
42233	NaN
42234	NaN
42235	NaN
42236	NaN
42237	NaN
42238	NaN
42239	1.83111131
42240	1.19159257
42241	0.98644626
42242	0.88808477
42243	0.83204961
42244	0.79698914
42245	0.77378029
42246	0.75786889
42247	0.74672812
42248	0.73884487
42249	0.73325950
42250	0.72933638
42251	0.72664064
42252	0.72486681
42253	0.72379595
42254	0.72326940
42255	0.72317046
42256	0.72341257
42257	0.72393060
42258	0.72467446
42259	0.72560501
42260	0.72668970
42261	0.72790009
42262	0.72920942
42263	0.73059070
42264	0.73201531
42265	0.73345160
42266	0.73486418
42267	0.73621303
42268	0.73745322
42269	0.73853475
42270	0.73940277
42271	0.73999786
42272	0.74025697
42273	0.74011499
42274	0.73950636
42275	0.73836750
42276	0.73663956
42277	0.73427182
42278	0.73122549
42279	0.72747725
42280	0.72302324
42281	0.71788192
42282	0.71209639
42283	0.70573604
42284	0.69889528
42285	0.69169205
42286	0.68426365
42287	0.67676175
42288	0.66934586
42289	0.66217667
42290	0.65540880
42291	0.64918464
42292	0.64362878
42293	0.63884389
42294	0.63490772
42295	0.63187152
42296	0.62975937
42297	0.62856942
42298	0.62827402
42299	0.62882197
42300	0.63014042
42301	0.63213664
42302	0.63470024
42303	0.63770598
42304	0.64101553
42305	0.64448106
42306	0.64794832
42307	0.65126032
42308	0.65426183
42309	0.65680426
42310	0.65875041
42311	0.65998024
42312	0.66039521
42313	0.65992284
42314	0.65852016
42315	0.65617508
42316	0.65290672
42317	0.64876390
42318	0.64382178
42319	0.63817710
42320	0.63194281
42321	0.62524158
42322	0.61820024
42323	0.61094421
42324	0.60359269
42325	0.59625530
42326	0.58902955
42327	0.58199954
42328	0.57523513
42329	0.56879288
42330	0.56271625
42331	0.55703712
42332	0.55177712
42333	0.54694909
42334	0.54255843
42335	0.53860408
42336	0.53508002
42337	0.53197539
42338	0.52927560
42339	0.52696204
42340	0.52501285
42341	0.52340204
42342	0.52210009
42343	0.52107376
42344	0.52028555
42345	0.51969433
42346	0.51925528
42347	0.51892018
42348	0.51863819
42349	0.51835662
42350	0.51802176
42351	0.51758027
42352	0.51698011
42353	0.51617211
42354	0.51511103
42355	0.51375657
42356	0.51207483
42357	0.51003855
42358	0.50762826
42359	0.50483233
42360	0.50164741
42361	0.49807858
42362	0.49413916
42363	0.48985073
42364	0.48524272
42365	0.48035187
42366	0.47522181
42367	0.46990207
42368	0.46444732
42369	0.45891598
42370	0.45336896
42371	0.44786832
42372	0.44247523
42373	0.43724868
42374	0.43224332
42375	0.42750809
42376	0.42308465
42377	0.41900599
42378	0.41529569
42379	0.41196731
42380	0.40902421
42381	0.40645978
42382	0.40425810
42383	0.40239480
42384	0.40083820
42385	0.39955044
42386	0.39848897
42387	0.39760762
42388	0.39685777
42389	0.39618969
42390	0.39555335
42391	0.39489916
42392	0.39417881
42393	0.39334604
42394	0.39235729
42395	0.39117196
42396	0.38975355
42397	0.38806987
42398	0.38609371
42399	0.38380361
42400	0.38118422
42401	0.37822685
42402	0.37492982
42403	0.37129885
42404	0.36734697
42405	0.36309475
42406	0.35857004
42407	0.35380748
42408	0.34884810
42409	0.34373823
42410	0.33852884
42411	0.33327389
42412	0.32802930
42413	0.32285145
42414	0.31779557
42415	0.31291494
42416	0.30825928
42417	0.30387428
42418	0.29980102
42419	0.29607558
42420	0.29272914
42421	0.28978801
42422	0.28727406
42423	0.28520483
42424	0.28359354
42425	0.28244922
42426	0.28177637
42427	0.28157431
42428	0.28183600
42429	0.28254724
42430	0.28368497
42431	0.28521609
42432	0.28709561
42433	0.28926542
42434	0.29165357
42435	0.29417402
42436	0.29672703
42437	0.29920125
42438	0.30147633
42439	0.30342758
42440	0.30493096
42441	0.30586854
42442	0.30613455
42443	0.30564070
42444	0.30431956
42445	0.30212742
42446	0.29904449
42447	0.29507348
42448	0.29023731
42449	0.28457612
42450	0.27814254
42451	0.27099958
42452	0.26321712
42453	0.25487107
42454	0.24604341
42455	0.23682286
42456	0.22730847
42457	0.21761376
42458	0.20787381
42459	0.19825250
42460	0.18895338
42461	0.18023200
42462	0.17241032
42463	0.16589466
42464	0.16119279
42465	0.15893479
42466	0.15989114
42467	0.16498727
42468	0.17531277
42469	0.19211587
42470	0.21678434
42471	0.25080800
42472	0.29573056
42473	0.35309204
42474	0.42440218
42475	0.51116318
42476	0.61500192
42477	0.73797542
42478	0.88313860
42479	1.05555165
42480	1.26412141
42481	1.52519226
42482	1.87053800
42483	2.36814928
42484	3.18913031
42485	NaN
42486	NaN
42487	NaN
42488	NaN
42489	NaN
42490	NaN
42491	NaN
42492	NaN
42493	NaN
42494	NaN
42495	NaN
42496	NaN
42497	NaN
42498	NaN
42499	NaN
42500	NaN
42501	NaN
42502	NaN
42503	NaN
42504	NaN
42505	NaN
42506	NaN
42507	NaN
42508	NaN
42509	NaN
42510	NaN
42511	NaN
42512	NaN
42513	NaN
42514	NaN
42515	NaN
42516	NaN
42517	NaN
42518	NaN
42519	NaN
42520	NaN
42521	NaN
42522	NaN
42523	NaN
42524	NaN
42525	NaN
42526	NaN
42527	NaN
42528	NaN
42529	NaN
42530	NaN
42531	NaN
42532	NaN
42533	NaN
42534	NaN
42535	NaN
42536	NaN
42537	NaN
42538	NaN
42539	NaN
42540	NaN
42541	NaN
42542	NaN
42543	NaN
42544	NaN
42545	NaN
42546	NaN
42547	NaN
42548	NaN
42549	NaN
42550	NaN
42551	NaN
42552	NaN
42553	NaN
42554	NaN
42555	NaN
42556	NaN
42557	NaN
42558	NaN
42559	NaN
42560	NaN
42561	NaN
42562	NaN
42563	NaN
42564	NaN
42565	NaN
42566	NaN
42567	NaN
42568	2.71864653
42569	1.56780314
42570	1.22131062
42571	1.05705416
42572	0.96296293
42573	0.90319753
42574	0.86273903
42575	0.83417982
42576	0.81344032
42577	0.79808670
42578	0.78657705
42579	0.77788830
42580	0.77131623
42581	0.76636243
42582	0.76266611
42583	0.75996137
42584	0.75804985
42585	0.75678128
42586	0.75604075
42587	0.75573927
42588	0.75580657
42589	0.75618601
42590	0.75683039
42591	0.75769913
42592	0.75875491
42593	0.75996238
42594	0.76128560
42595	0.76268697
42596	0.76412582
42597	0.76555717
42598	0.76693112
42599	0.76819217
42600	0.76927894
42601	0.77012467
42602	0.77065766
42603	0.77080256
42604	0.77048248
42605	0.76962131
42606	0.76814723
42607	0.76599562
42608	0.76311421
42609	0.75946617
42610	0.75503492
42611	0.74982703
42612	0.74387515
42613	0.73723918
42614	0.73000622
42615	0.72228819
42616	0.71421874
42617	0.70594811
42618	0.69763678
42619	0.68944901
42620	0.68154573
42621	0.67407840
42622	0.66718328
42623	0.66097677
42624	0.65555227
42625	0.65097785
42626	0.64729548
42627	0.64452106
42628	0.64264488
42629	0.64163333
42630	0.64143020
42631	0.64195913
42632	0.64312577
42633	0.64482039
42634	0.64692086
42635	0.64929581
42636	0.65180779
42637	0.65431756
42638	0.65668750
42639	0.65878618
42640	0.66049218
42641	0.66169816
42642	0.66231453
42643	0.66227210
42644	0.66152406
42645	0.66004729
42646	0.65784192
42647	0.65493011
42648	0.65135401
42649	0.64717269
42650	0.64245832
42651	0.63729256
42652	0.63176280
42653	0.62595797
42654	0.61996603
42655	0.61387086
42656	0.60775024
42657	0.60167480
42658	0.59570646
42659	0.58989859
42660	0.58429569
42661	0.57893401
42662	0.57384169
42663	0.56903988
42664	0.56454295
42665	0.56035960
42666	0.55649304
42667	0.55294204
42668	0.54970068
42669	0.54675925
42670	0.54410398
42671	0.54171753
42672	0.53957921
42673	0.53766495
42674	0.53594780
42675	0.53439838
42676	0.53298503
42677	0.53167462
42678	0.53043276
42679	0.52922457
42680	0.52801532
42681	0.52677059
42682	0.52545714
42683	0.52404338
42684	0.52249962
42685	0.52079910
42686	0.51891780
42687	0.51683545
42688	0.51453561
42689	0.51200652
42690	0.50924093
42691	0.50623709
42692	0.50299829
42693	0.49953347
42694	0.49585718
42695	0.49198908
42696	0.48795387
42697	0.48378074
42698	0.47950271
42699	0.47515592
42700	0.47077847
42701	0.46640995
42702	0.46208999
42703	0.45785740
42704	0.45374915
42705	0.44979903
42706	0.44603705
42707	0.44248810
42708	0.43917155
42709	0.43610039
42710	0.43328094
42711	0.43071252
42712	0.42838776
42713	0.42629278
42714	0.42440763
42715	0.42270711
42716	0.42116147
42717	0.41973755
42718	0.41839963
42719	0.41711038
42720	0.41583204
42721	0.41452721
42722	0.41315967
42723	0.41169506
42724	0.41010165
42725	0.40835065
42726	0.40641665
42727	0.40427807
42728	0.40191701
42729	0.39931998
42730	0.39647764
42731	0.39338535
42732	0.39004326
42733	0.38645646
42734	0.38263530
42735	0.37859556
42736	0.37435845
42737	0.36995018
42738	0.36540186
42739	0.36074877
42740	0.35602960
42741	0.35128519
42742	0.34655774
42743	0.34188962
42744	0.33732244
42745	0.33289596
42746	0.32864764
42747	0.32461175
42748	0.32081932
42749	0.31729749
42750	0.31406912
42751	0.31115314
42752	0.30856380
42753	0.30631086
42754	0.30439886
42755	0.30282724
42756	0.30159009
42757	0.30067524
42758	0.30006480
42759	0.29973450
42760	0.29965341
42761	0.29978445
42762	0.30008417
42763	0.30050340
42764	0.30098757
42765	0.30147758
42766	0.30191067
42767	0.30222183
42768	0.30234483
42769	0.30221400
42770	0.30176559
42771	0.30093977
42772	0.29968172
42773	0.29794347
42774	0.29568473
42775	0.29287413
42776	0.28948936
42777	0.28551823
42778	0.28095788
42779	0.27581492
42780	0.27010521
42781	0.26385340
42782	0.25709203
42783	0.24986199
42784	0.24221212
42785	0.23419955
42786	0.22589096
42787	0.21736315
42788	0.20870538
42789	0.20002140
42790	0.19143261
42791	0.18308039
42792	0.17512918
42793	0.16776972
42794	0.16122079
42795	0.15573056
42796	0.15157612
42797	0.14906108
42798	0.14851104
42799	0.15026630
42800	0.15467282
42801	0.16206987
42802	0.17277871
42803	0.18709002
42804	0.20525563
42805	0.22748175
42806	0.25393081
42807	0.28473035
42808	0.31999189
42809	0.35984340
42810	0.40447021
42811	0.45417768
42812	0.50947237
42813	0.57117742
42814	0.64060116
42815	0.71980500
42816	0.81205583
42817	0.92265064
42818	1.06054735
42819	1.24191022
42820	1.49888480
42821	1.90536916
42822	2.67681718
42823	NaN
42824	NaN
42825	NaN
42826	NaN
42827	NaN
42828	NaN
42829	NaN
42830	NaN
42831	NaN
42832	NaN
42833	NaN
42834	NaN
42835	NaN
42836	NaN
42837	NaN
42838	NaN
42839	NaN
42840	NaN
42841	NaN
42842	NaN
42843	NaN
42844	NaN
42845	NaN
42846	NaN
42847	NaN
42848	NaN
42849	NaN
42850	NaN
42851	NaN
42852	NaN
42853	NaN
42854	NaN
42855	NaN
42856	NaN
42857	NaN
42858	NaN
42859	NaN
42860	NaN
42861	NaN
42862	NaN
42863	NaN
42864	NaN
42865	NaN
42866	NaN
42867	NaN
42868	NaN
42869	NaN
42870	NaN
42871	NaN
42872	NaN
42873	NaN
42874	NaN
42875	NaN
42876	NaN
42877	NaN
42878	NaN
42879	NaN
42880	NaN
42881	NaN
42882	NaN
42883	NaN
42884	NaN
42885	NaN
42886	NaN
42887	NaN
42888	NaN
42889	NaN
42890	NaN
42891	NaN
42892	NaN
42893	NaN
42894	NaN
42895	NaN
42896	NaN
42897	1.95722830
42898	1.36814785
42899	1.14200377
42900	1.02389920
42901	0.95225489
42902	0.90475911
42903	0.87137496
42904	0.84692270
42905	0.82846010
42906	0.81419319
42907	0.80296808
42908	0.79401022
42909	0.78678215
42910	0.78090161
42911	0.77609092
42912	0.77214521
42913	0.76891154
42914	0.76627481
42915	0.76414746
42916	0.76246202
42917	0.76116580
42918	0.76021624
42919	0.75957769
42920	0.75921780
42921	0.75910556
42922	0.75920916
42923	0.75949395
42924	0.75992078
42925	0.76044524
42926	0.76101619
42927	0.76157546
42928	0.76205796
42929	0.76239169
42930	0.76249880
42931	0.76229733
42932	0.76170319
42933	0.76063335
42934	0.75900877
42935	0.75675923
42936	0.75382727
42937	0.75017321
42938	0.74577892
42939	0.74065262
42940	0.73483062
42941	0.72837925
42942	0.72139382
42943	0.71399665
42944	0.70633245
42945	0.69856286
42946	0.69085914
42947	0.68339479
42948	0.67633808
42949	0.66984499
42950	0.66405326
42951	0.65907788
42952	0.65500772
42953	0.65190339
42954	0.64979684
42955	0.64869094
42956	0.64856136
42957	0.64935672
42958	0.65100133
42959	0.65339667
42960	0.65642357
42961	0.65994471
42962	0.66380751
42963	0.66784704
42964	0.67189002
42965	0.67575932
42966	0.67927921
42967	0.68228096
42968	0.68460941
42969	0.68612927
42970	0.68673152
42971	0.68633819
42972	0.68490708
42973	0.68243277
42974	0.67894685
42975	0.67451513
42976	0.66923332
42977	0.66322052
42978	0.65661216
42979	0.64955276
42980	0.64218843
42981	0.63466066
42982	0.62710130
42983	0.61962843
42984	0.61234409
42985	0.60533315
42986	0.59866339
42987	0.59238589
42988	0.58653677
42989	0.58113891
42990	0.57620358
42991	0.57173252
42992	0.56771994
42993	0.56415343
42994	0.56101578
42995	0.55828577
42996	0.55593896
42997	0.55394799
42998	0.55228323
42999	0.55091274
43000	0.54980242
43001	0.54891604
43002	0.54821557
43003	0.54766107
43004	0.54721105
43005	0.54682267
43006	0.54645211
43007	0.54605514
43008	0.54558742
43009	0.54500526
43010	0.54426646
43011	0.54333049
43012	0.54216003
43013	0.54072130
43014	0.53898466
43015	0.53692579
43016	0.53452623
43017	0.53177375
43018	0.52866310
43019	0.52519619
43020	0.52138269
43021	0.51723987
43022	0.51279277
43023	0.50807387
43024	0.50312310
43025	0.49798688
43026	0.49271750
43027	0.48737231
43028	0.48201197
43029	0.47669965
43030	0.47149879
43031	0.46647164
43032	0.46167716
43033	0.45716923
43034	0.45299464
43035	0.44919202
43036	0.44578969
43037	0.44280562
43038	0.44024625
43039	0.43810701
43040	0.43637210
43041	0.43501568
43042	0.43400237
43043	0.43328887
43044	0.43282479
43045	0.43255398
43046	0.43241578
43047	0.43234619
43048	0.43227890
43049	0.43214637
43050	0.43188107
43051	0.43141675
43052	0.43068972
43053	0.42964050
43054	0.42821553
43055	0.42636895
43056	0.42406434
43057	0.42127654
43058	0.41799289
43059	0.41421399
43060	0.40995383
43061	0.40523928
43062	0.40010908
43063	0.39461219
43064	0.38880593
43065	0.38275415
43066	0.37652496
43067	0.37018895
43068	0.36381721
43069	0.35747951
43070	0.35124284
43071	0.34517011
43072	0.33931908
43073	0.33374152
43074	0.32848272
43075	0.32358110
43076	0.31906846
43077	0.31496993
43078	0.31130433
43079	0.30808491
43080	0.30531952
43081	0.30301145
43082	0.30115950
43083	0.29975837
43084	0.29879838
43085	0.29826558
43086	0.29814059
43087	0.29839829
43088	0.29900652
43089	0.29992518
43090	0.30110502
43091	0.30248708
43092	0.30400193
43093	0.30557010
43094	0.30710289
43095	0.30850407
43096	0.30967271
43097	0.31050631
43098	0.31090498
43099	0.31077608
43100	0.31003773
43101	0.30862305
43102	0.30648267
43103	0.30358627
43104	0.29992330
43105	0.29550174
43106	0.29034674
43107	0.28449821
43108	0.27800858
43109	0.27094018
43110	0.26336375
43111	0.25535718
43112	0.24700531
43113	0.23840097
43114	0.22964567
43115	0.22085279
43116	0.21215020
43117	0.20368367
43118	0.19562165
43119	0.18815836
43120	0.18151848
43121	0.17595991
43122	0.17177664
43123	0.16929768
43124	0.16888557
43125	0.17093037
43126	0.17583938
43127	0.18402494
43128	0.19588661
43129	0.21179341
43130	0.23206693
43131	0.25696990
43132	0.28670481
43133	0.32142413
43134	0.36126050
43135	0.40637591
43136	0.45703766
43137	0.51372033
43138	0.57725471
43139	0.64904737
43140	0.73142868
43141	0.82825947
43142	0.94607985
43143	1.09650683
43144	1.30184829
43145	1.61046970
43146	2.14968085
43147	3.39623857
43148	NaN
43149	NaN
43150	NaN
43151	NaN
43152	NaN
43153	NaN
43154	NaN
43155	NaN
43156	NaN
43157	NaN
43158	NaN
43159	NaN
43160	NaN
43161	NaN
43162	NaN
43163	NaN
43164	NaN
43165	NaN
43166	NaN
43167	NaN
43168	NaN
43169	NaN
43170	NaN
43171	NaN
43172	NaN
43173	NaN
43174	NaN
43175	NaN
43176	NaN
43177	NaN
43178	NaN
43179	NaN
43180	NaN
43181	NaN
43182	NaN
43183	NaN
43184	NaN
43185	NaN
43186	NaN
43187	NaN
43188	NaN
43189	NaN
43190	NaN
43191	NaN
43192	NaN
43193	NaN
43194	NaN
43195	NaN
43196	NaN
43197	NaN
43198	NaN
43199	NaN
43200	NaN
43201	NaN
43202	NaN
43203	NaN
43204	NaN
43205	NaN
43206	NaN
43207	NaN
43208	NaN
43209	NaN
43210	NaN
43211	NaN
43212	NaN
43213	NaN
43214	NaN
43215	NaN
43216	NaN
43217	NaN
43218	NaN
43219	NaN
43220	NaN
43221	NaN
43222	NaN
43223	NaN
43224	NaN
43225	NaN
43226	NaN
43227	NaN
43228	NaN
43229	NaN
43230	NaN
43231	NaN
43232	NaN
43233	NaN
43234	1.73431897
43235	1.10448325
43236	0.91826493
43237	0.83407807
43238	0.78913891
43239	0.76320767
43240	0.74776793
43241	0.73861408
43242	0.73343426
43243	0.73085719
43244	0.73002386
43245	0.73037398
43246	0.73153144
43247	0.73323858
43248	0.73531681
43249	0.73764133
43250	0.74012512
43251	0.74270755
43252	0.74534631
43253	0.74801213
43254	0.75068384
43255	0.75334555
43256	0.75598377
43257	0.75858510
43258	0.76113439
43259	0.76361364
43260	0.76600027
43261	0.76826674
43262	0.77037966
43263	0.77229923
43264	0.77397913
43265	0.77536714
43266	0.77640533
43267	0.77703094
43268	0.77717870
43269	0.77678186
43270	0.77577591
43271	0.77410144
43272	0.77170736
43273	0.76855546
43274	0.76462406
43275	0.75991148
43276	0.75443929
43277	0.74825418
43278	0.74142855
43279	0.73405999
43280	0.72626841
43281	0.71819216
43282	0.70998323
43283	0.70180041
43284	0.69380331
43285	0.68614590
43286	0.67897063
43287	0.67240316
43288	0.66654903
43289	0.66149038
43290	0.65728492
43291	0.65396470
43292	0.65153694
43293	0.64998460
43294	0.64926773
43295	0.64932549
43296	0.65007782
43297	0.65142804
43298	0.65326488
43299	0.65546566
43300	0.65789950
43301	0.66043001
43302	0.66292012
43303	0.66523528
43304	0.66724795
43305	0.66884202
43306	0.66991615
43307	0.67038774
43308	0.67019498
43309	0.66929913
43310	0.66768450
43311	0.66535860
43312	0.66234988
43313	0.65870559
43314	0.65448844
43315	0.64977247
43316	0.64463967
43317	0.63917577
43318	0.63346696
43319	0.62759686
43320	0.62164432
43321	0.61568129
43322	0.60977221
43323	0.60397303
43324	0.59833127
43325	0.59288621
43326	0.58766961
43327	0.58270603
43328	0.57801396
43329	0.57360631
43330	0.56949133
43331	0.56567299
43332	0.56215149
43333	0.55892342
43334	0.55598211
43335	0.55331743
43336	0.55091578
43337	0.54876006
43338	0.54682958
43339	0.54509985
43340	0.54354310
43341	0.54212803
43342	0.54082072
43343	0.53958476
43344	0.53838223
43345	0.53717417
43346	0.53592157
43347	0.53458625
43348	0.53313184
43349	0.53152406
43350	0.52973241
43351	0.52772975
43352	0.52549392
43353	0.52300781
43354	0.52025986
43355	0.51724464
43356	0.51396286
43357	0.51042199
43358	0.50663561
43359	0.50262415
43360	0.49841398
43361	0.49403697
43362	0.48953018
43363	0.48493484
43364	0.48029521
43365	0.47565773
43366	0.47106943
43367	0.46657693
43368	0.46222487
43369	0.45805457
43370	0.45410269
43371	0.45040014
43372	0.44697130
43373	0.44383281
43374	0.44099373
43375	0.43845502
43376	0.43620959
43377	0.43424296
43378	0.43253374
43379	0.43105412
43380	0.42977110
43381	0.42864710
43382	0.42764121
43383	0.42670995
43384	0.42580828
43385	0.42489073
43386	0.42391196
43387	0.42282796
43388	0.42159647
43389	0.42017803
43390	0.41853660
43391	0.41664010
43392	0.41446111
43393	0.41197726
43394	0.40917215
43395	0.40603527
43396	0.40256310
43397	0.39875892
43398	0.39463320
43399	0.39020422
43400	0.38549724
43401	0.38054490
43402	0.37538648
43403	0.37006706
43404	0.36463684
43405	0.35914972
43406	0.35366198
43407	0.34823129
43408	0.34291479
43409	0.33776832
43410	0.33284503
43411	0.32819462
43412	0.32386249
43413	0.31988984
43414	0.31631276
43415	0.31316265
43416	0.31046614
43417	0.30824518
43418	0.30651677
43419	0.30529347
43420	0.30458254
43421	0.30438590
43422	0.30469921
43423	0.30551130
43424	0.30680284
43425	0.30854553
43426	0.31070071
43427	0.31321859
43428	0.31603715
43429	0.31908172
43430	0.32226515
43431	0.32548842
43432	0.32864201
43433	0.33160856
43434	0.33426568
43435	0.33648998
43436	0.33816198
43437	0.33916977
43438	0.33941373
43439	0.33881047
43440	0.33729509
43441	0.33482271
43442	0.33136889
43443	0.32692870
43444	0.32151502
43445	0.31515664
43446	0.30789527
43447	0.29978395
43448	0.29088497
43449	0.28126913
43450	0.27101621
43451	0.26021549
43452	0.24896881
43453	0.23739415
43454	0.22563177
43455	0.21384974
43456	0.20225410
43457	0.19109820
43458	0.18069443
43459	0.17142878
43460	0.16377392
43461	0.15830609
43462	0.15572082
43463	0.15685204
43464	0.16268909
43465	0.17440043
43466	0.19336097
43467	0.22119389
43468	0.25984174
43469	0.31167880
43470	0.37972099
43471	0.46799800
43472	0.58223265
43473	0.73114079
43474	0.92904085
43475	1.20158827
43476	1.60000587
43477	2.24329424
43478	3.48406839
43479	NaN
43480	NaN
43481	NaN
43482	NaN
43483	NaN
43484	NaN
43485	NaN
43486	NaN
43487	NaN
43488	NaN
43489	NaN
43490	NaN
43491	NaN
43492	NaN
43493	NaN
43494	NaN
43495	NaN
43496	NaN
43497	NaN
43498	NaN
43499	NaN
43500	NaN
43501	NaN
43502	NaN
43503	NaN
43504	NaN
43505	NaN
43506	NaN
43507	NaN
43508	NaN
43509	NaN
43510	NaN
43511	NaN
43512	NaN
43513	NaN
43514	NaN
43515	NaN
43516	NaN
43517	NaN
43518	NaN
43519	NaN
43520	NaN
43521	NaN
43522	NaN
43523	NaN
43524	NaN
43525	NaN
43526	NaN
43527	NaN
43528	NaN
43529	NaN
43530	NaN
43531	NaN
43532	NaN
43533	NaN
43534	NaN
43535	NaN
43536	NaN
43537	NaN
43538	NaN
43539	NaN
43540	NaN
43541	NaN
43542	NaN
43543	NaN
43544	NaN
43545	NaN
43546	NaN
43547	NaN
43548	NaN
43549	NaN
43550	NaN
43551	NaN
43552	NaN
43553	NaN
43554	NaN
43555	NaN
43556	NaN
43557	NaN
43558	NaN
43559	NaN
43560	NaN
43561	NaN
43562	NaN
43563	NaN
43564	NaN
43565	NaN
43566	NaN
43567	NaN
43568	NaN
43569	NaN
43570	NaN
43571	NaN
43572	NaN
43573	NaN
43574	NaN
43575	NaN
43576	NaN
43577	1.29946852
43578	0.96264613
43579	0.84966737
43580	0.79650116
43581	0.76742357
43582	0.75014538
43583	0.73934472
43584	0.73237133
43585	0.72777683
43586	0.72471660
43587	0.72267556
43588	0.72132832
43589	0.72046512
43590	0.71994811
43591	0.71968585
43592	0.71961731
43593	0.71970117
43594	0.71990877
43595	0.72021914
43596	0.72061545
43597	0.72108263
43598	0.72160494
43599	0.72216511
43600	0.72274297
43601	0.72331452
43602	0.72385174
43603	0.72432232
43604	0.72468936
43605	0.72491199
43606	0.72494555
43607	0.72474211
43608	0.72425181
43609	0.72342342
43610	0.72220635
43611	0.72055185
43612	0.71841514
43613	0.71575767
43614	0.71254909
43615	0.70877069
43616	0.70441711
43617	0.69949919
43618	0.69404572
43619	0.68810499
43620	0.68174505
43621	0.67505288
43622	0.66813308
43623	0.66110420
43624	0.65409470
43625	0.64723819
43626	0.64066774
43627	0.63451046
43628	0.62888223
43629	0.62388355
43630	0.61959511
43631	0.61607611
43632	0.61336231
43633	0.61146545
43634	0.61037385
43635	0.61005324
43636	0.61044794
43637	0.61148322
43638	0.61306673
43639	0.61509162
43640	0.61743814
43641	0.61997718
43642	0.62257284
43643	0.62508625
43644	0.62737948
43645	0.62931925
43646	0.63078183
43647	0.63165724
43648	0.63185352
43649	0.63130039
43650	0.62995213
43651	0.62778944
43652	0.62481982
43653	0.62107652
43654	0.61661643
43655	0.61151642
43656	0.60586870
43657	0.59977645
43658	0.59334821
43659	0.58669335
43660	0.57991797
43661	0.57312119
43662	0.56639290
43663	0.55981231
43664	0.55344683
43665	0.54735249
43666	0.54157418
43667	0.53614646
43668	0.53109497
43669	0.52643704
43670	0.52218306
43671	0.51833749
43672	0.51489949
43673	0.51186335
43674	0.50921929
43675	0.50695348
43676	0.50504810
43677	0.50348157
43678	0.50222820
43679	0.50125825
43680	0.50053793
43681	0.50002915
43682	0.49969009
43683	0.49947518
43684	0.49933562
43685	0.49921998
43686	0.49907517
43687	0.49884725
43688	0.49848258
43689	0.49792916
43690	0.49713752
43691	0.49606249
43692	0.49466401
43693	0.49290836
43694	0.49076927
43695	0.48822823
43696	0.48527554
43697	0.48191038
43698	0.47814092
43699	0.47398439
43700	0.46946657
43701	0.46462151
43702	0.45949078
43703	0.45412257
43704	0.44857088
43705	0.44289401
43706	0.43715352
43707	0.43141276
43708	0.42573512
43709	0.42018276
43710	0.41481471
43711	0.40968546
43712	0.40484342
43713	0.40032956
43714	0.39617652
43715	0.39240757
43716	0.38903654
43717	0.38606739
43718	0.38349468
43719	0.38130382
43720	0.37947208
43721	0.37796924
43722	0.37675893
43723	0.37579933
43724	0.37504455
43725	0.37444586
43726	0.37395248
43727	0.37351295
43728	0.37307578
43729	0.37259063
43730	0.37200892
43731	0.37128475
43732	0.37037542
43733	0.36924207
43734	0.36785012
43735	0.36617005
43736	0.36417758
43737	0.36185429
43738	0.35918784
43739	0.35617262
43740	0.35281011
43741	0.34910908
43742	0.34508568
43743	0.34076360
43744	0.33617413
43745	0.33135527
43746	0.32635117
43747	0.32121116
43748	0.31598848
43749	0.31073880
43750	0.30551887
43751	0.30038488
43752	0.29539138
43753	0.29059008
43754	0.28602928
43755	0.28175297
43756	0.27780086
43757	0.27420819
43758	0.27100563
43759	0.26821938
43760	0.26587093
43761	0.26397717
43762	0.26254934
43763	0.26159295
43764	0.26110646
43765	0.26108032
43766	0.26149571
43767	0.26232323
43768	0.26352203
43769	0.26503840
43770	0.26680517
43771	0.26874164
43772	0.27075413
43773	0.27273685
43774	0.27457431
43775	0.27614427
43776	0.27732185
43777	0.27798420
43778	0.27801508
43779	0.27731022
43780	0.27578118
43781	0.27335891
43782	0.26999590
43783	0.26566625
43784	0.26036564
43785	0.25410870
43786	0.24692729
43787	0.23886685
43788	0.22998405
43789	0.22034451
43790	0.21002156
43791	0.19909652
43792	0.18765920
43793	0.17581174
43794	0.16367275
43795	0.15138479
43796	0.13912226
43797	0.12710291
43798	0.11560078
43799	0.10496183
43800	0.09562121
43801	0.08812024
43802	0.08312522
43803	0.08144329
43804	0.08403309
43805	0.09201136
43806	0.10664556
43807	0.12934104
43808	0.16161816
43809	0.20509313
43810	0.26147026
43811	0.33258179
43812	0.42050517
43813	0.52782089
43814	0.65810364
43815	0.81681365
43816	1.01297593
43817	1.26251638
43818	1.59565663
43819	2.07586789
43820	2.85939121
43821	NaN
43822	NaN
43823	NaN
43824	NaN
43825	NaN
43826	NaN
43827	NaN
43828	NaN
43829	NaN
43830	NaN
43831	NaN
43832	NaN
43833	NaN
43834	NaN
43835	NaN
43836	NaN
43837	NaN
43838	NaN
43839	NaN
43840	NaN
43841	NaN
43842	NaN
43843	NaN
43844	NaN
43845	NaN
43846	NaN
43847	NaN
43848	NaN
43849	NaN
43850	NaN
43851	NaN
43852	NaN
43853	NaN
43854	NaN
43855	NaN
43856	NaN
43857	NaN
43858	NaN
43859	NaN
43860	NaN
43861	NaN
43862	NaN
43863	NaN
43864	NaN
43865	NaN
43866	NaN
43867	NaN
43868	NaN
43869	NaN
43870	NaN
43871	NaN
43872	NaN
43873	NaN
43874	NaN
43875	NaN
43876	NaN
43877	NaN
43878	NaN
43879	NaN
43880	NaN
43881	NaN
43882	NaN
43883	NaN
43884	NaN
43885	NaN
43886	NaN
43887	NaN
43888	NaN
43889	NaN
43890	NaN
43891	NaN
43892	NaN
43893	NaN
43894	NaN
43895	NaN
43896	NaN
43897	NaN
43898	NaN
43899	NaN
43900	NaN
43901	NaN
43902	NaN
43903	NaN
43904	NaN
43905	5.42372417
43906	1.88314462
43907	1.30935991
43908	1.07788706
43909	0.95489568
43910	0.88002622
43911	0.83068144
43912	0.79648197
43913	0.77198756
43914	0.75406909
43915	0.74079841
43916	0.73092228
43917	0.72359151
43918	0.71821135
43919	0.71435380
43920	0.71170372
43921	0.71002513
43922	0.70913815
43923	0.70890361
43924	0.70921212
43925	0.70997608
43926	0.71112341
43927	0.71259350
43928	0.71433258
43929	0.71629167
43930	0.71842378
43931	0.72068167
43932	0.72301638
43933	0.72537601
43934	0.72770417
43935	0.72993952
43936	0.73201501
43937	0.73385817
43938	0.73539132
43939	0.73653293
43940	0.73719901
43941	0.73730576
43942	0.73677278
43943	0.73552668
43944	0.73350501
43945	0.73066074
43946	0.72696668
43947	0.72241932
43948	0.71704167
43949	0.71088517
43950	0.70402968
43951	0.69658232
43952	0.68867368
43953	0.68045336
43954	0.67208356
43955	0.66373253
43956	0.65556741
43957	0.64774805
43958	0.64042056
43959	0.63371330
43960	0.62773269
43961	0.62256134
43962	0.61825663
43963	0.61485052
43964	0.61234987
43965	0.61073780
43966	0.60997480
43967	0.61000079
43968	0.61073691
43969	0.61208779
43970	0.61394387
43971	0.61618459
43972	0.61868060
43973	0.62129784
43974	0.62390083
43975	0.62635684
43976	0.62853980
43977	0.63033414
43978	0.63163865
43979	0.63236964
43980	0.63246369
43981	0.63187867
43982	0.63059509
43983	0.62861484
43984	0.62596017
43985	0.62267137
43986	0.61880350
43987	0.61442298
43988	0.60960442
43989	0.60442686
43990	0.59897053
43991	0.59331459
43992	0.58753443
43993	0.58170044
43994	0.57587683
43995	0.57012105
43996	0.56448328
43997	0.55900711
43998	0.55372941
43999	0.54868120
44000	0.54388767
44001	0.53936934
44002	0.53514183
44003	0.53121662
44004	0.52760106
44005	0.52429843
44006	0.52130777
44007	0.51862389
44008	0.51623696
44009	0.51413286
44010	0.51229256
44011	0.51069260
44012	0.50930500
44013	0.50809789
44014	0.50703579
44015	0.50608033
44016	0.50519085
44017	0.50432539
44018	0.50344127
44019	0.50249606
44020	0.50144845
44021	0.50025922
44022	0.49889201
44023	0.49731398
44024	0.49549669
44025	0.49341682
44026	0.49105680
44027	0.48840505
44028	0.48545662
44029	0.48221344
44030	0.47868440
44031	0.47488520
44032	0.47083837
44033	0.46657255
44034	0.46212223
44035	0.45752665
44036	0.45282891
44037	0.44807503
44038	0.44331232
44039	0.43858844
44040	0.43394983
44041	0.42944026
44042	0.42509967
44043	0.42096287
44044	0.41705877
44045	0.41340923
44046	0.41002882
44047	0.40692428
44048	0.40409476
44049	0.40153188
44050	0.39922014
44051	0.39713782
44052	0.39525750
44053	0.39354739
44054	0.39197201
44055	0.39049354
44056	0.38907269
44057	0.38766992
44058	0.38624632
44059	0.38476434
44060	0.38318861
44061	0.38148659
44062	0.37962884
44063	0.37758946
44064	0.37534639
44065	0.37288141
44066	0.37018037
44067	0.36723334
44068	0.36403456
44069	0.36058277
44070	0.35688129
44071	0.35293782
44072	0.34876513
44073	0.34438059
44074	0.33980635
44075	0.33506906
44076	0.33019951
44077	0.32523236
44078	0.32020509
44079	0.31515756
44080	0.31013107
44081	0.30516750
44082	0.30030835
44083	0.29559407
44084	0.29106337
44085	0.28675252
44086	0.28269508
44087	0.27892146
44088	0.27545875
44089	0.27233043
44090	0.26955661
44091	0.26715305
44092	0.26513177
44093	0.26350003
44094	0.26226011
44095	0.26140890
44096	0.26093706
44097	0.26082832
44098	0.26105905
44099	0.26159760
44100	0.26240405
44101	0.26342967
44102	0.26461753
44103	0.26590252
44104	0.26721278
44105	0.26847026
44106	0.26959300
44107	0.27049673
44108	0.27109754
44109	0.27131411
44110	0.27107000
44111	0.27029634
44112	0.26893333
44113	0.26693264
44114	0.26425791
44115	0.26088601
44116	0.25680715
44117	0.25202495
44118	0.24655646
44119	0.24043146
44120	0.23369223
44121	0.22639327
44122	0.21860141
44123	0.21039629
44124	0.20187062
44125	0.19313167
44126	0.18430252
44127	0.17552441
44128	0.16695835
44129	0.15878728
44130	0.15121865
44131	0.14448528
44132	0.13884738
44133	0.13459122
44134	0.13202828
44135	0.13149212
44136	0.13333488
44137	0.13791998
44138	0.14561708
44139	0.15679638
44140	0.17182443
44141	0.19106480
44142	0.21488273
44143	0.24365900
44144	0.27781475
44145	0.31785083
44146	0.36440825
44147	0.41835609
44148	0.48092836
44149	0.55393332
44150	0.64010090
44151	0.74367720
44152	0.87152797
44153	1.03535366
44154	1.25659680
44155	1.57886446
44156	2.10596681
44157	3.15934920
44158	NaN
44159	NaN
44160	NaN
44161	NaN
44162	NaN
44163	NaN
44164	NaN
44165	NaN
44166	NaN
44167	NaN
44168	NaN
44169	NaN
44170	NaN
44171	NaN
44172	NaN
44173	NaN
44174	NaN
44175	NaN
44176	NaN
44177	NaN
44178	NaN
44179	NaN
44180	NaN
44181	NaN
44182	NaN
44183	NaN
44184	NaN
44185	NaN
44186	NaN
44187	NaN
44188	NaN
44189	NaN
44190	NaN
44191	NaN
44192	NaN
44193	NaN
44194	NaN
44195	NaN
44196	NaN
44197	NaN
44198	NaN
44199	NaN
44200	NaN
44201	NaN
44202	NaN
44203	NaN
44204	NaN
44205	NaN
44206	NaN
44207	NaN
44208	NaN
44209	NaN
44210	NaN
44211	NaN
44212	NaN
44213	NaN
44214	NaN
44215	NaN
44216	NaN
44217	NaN
44218	NaN
44219	NaN
44220	NaN
44221	NaN
44222	NaN
44223	NaN
44224	NaN
44225	NaN
44226	NaN
44227	NaN
44228	NaN
44229	NaN
44230	NaN
44231	NaN
44232	NaN
44233	NaN
44234	NaN
44235	NaN
44236	NaN
44237	NaN
44238	3.17564368
44239	1.41598248
44240	1.07214475
44241	0.92812347
44242	0.85051811
44243	0.80305189
44244	0.77177936
44245	0.75018603
44246	0.73481607
44247	0.72366333
44248	0.71548152
44249	0.70945638
44250	0.70503426
44251	0.70182633
44252	0.69955379
44253	0.69801289
44254	0.69705260
44255	0.69655997
44256	0.69644970
44257	0.69665635
44258	0.69712907
44259	0.69782680
44260	0.69871503
44261	0.69976330
44262	0.70094234
44263	0.70222253
44264	0.70357263
44265	0.70495802
44266	0.70634037
44267	0.70767635
44268	0.70891732
44269	0.71000957
44270	0.71089399
44271	0.71150702
44272	0.71178144
44273	0.71164823
44274	0.71103829
44275	0.70988548
44276	0.70812941
44277	0.70571923
44278	0.70261729
44279	0.69880301
44280	0.69427639
44281	0.68906051
44282	0.68320388
44283	0.67678064
44284	0.66988951
44285	0.66265166
44286	0.65520591
44287	0.64770395
44288	0.64030397
44289	0.63316381
44290	0.62643427
44291	0.62025344
44292	0.61474097
44293	0.60999477
44294	0.60608768
44295	0.60306638
44296	0.60095114
44297	0.59973627
44298	0.59939140
44299	0.59986383
44300	0.60107976
44301	0.60294747
44302	0.60535920
44303	0.60819387
44304	0.61131936
44305	0.61459583
44306	0.61787832
44307	0.62102056
44308	0.62387854
44309	0.62631476
44310	0.62820274
44311	0.62943119
44312	0.62990856
44313	0.62956661
44314	0.62836331
44315	0.62628442
44316	0.62334394
44317	0.61958265
44318	0.61506534
44319	0.60987717
44320	0.60411811
44321	0.59789824
44322	0.59133208
44323	0.58453351
44324	0.57761186
44325	0.57066846
44326	0.56379426
44327	0.55706853
44328	0.55055875
44329	0.54432017
44330	0.53839689
44331	0.53282273
44332	0.52762222
44333	0.52281183
44334	0.51840097
44335	0.51439285
44336	0.51078534
44337	0.50757140
44338	0.50473970
44339	0.50227475
44340	0.50015730
44341	0.49836418
44342	0.49686867
44343	0.49564034
44344	0.49464518
44345	0.49384546
44346	0.49320021
44347	0.49266517
44348	0.49219313
44349	0.49173471
44350	0.49123892
44351	0.49065417
44352	0.48992920
44353	0.48901466
44354	0.48786399
44355	0.48643509
44356	0.48469135
44357	0.48260245
44358	0.48014587
44359	0.47730678
44360	0.47407907
44361	0.47046512
44362	0.46647629
44363	0.46213216
44364	0.45746088
44365	0.45249829
44366	0.44728741
44367	0.44187775
44368	0.43632406
44369	0.43068546
44370	0.42502379
44371	0.41940239
44372	0.41388431
44373	0.40853021
44374	0.40339720
44375	0.39853650
44376	0.39399216
44377	0.38979971
44378	0.38598490
44379	0.38256341
44380	0.37954029
44381	0.37691042
44382	0.37465888
44383	0.37276202
44384	0.37118831
44385	0.36989999
44386	0.36885378
44387	0.36800274
44388	0.36729693
44389	0.36668473
44390	0.36611390
44391	0.36553195
44392	0.36488733
44393	0.36412993
44394	0.36321184
44395	0.36208823
44396	0.36071810
44397	0.35906520
44398	0.35709873
44399	0.35479468
44400	0.35213622
44401	0.34911454
44402	0.34572926
44403	0.34198880
44404	0.33791041
44405	0.33351976
44406	0.32885063
44407	0.32394418
44408	0.31884789
44409	0.31361458
44410	0.30830079
44411	0.30296561
44412	0.29766867
44413	0.29246917
44414	0.28742394
44415	0.28258598
44416	0.27800390
44417	0.27372056
44418	0.26977292
44419	0.26619157
44420	0.26300094
44421	0.26021945
44422	0.25785998
44423	0.25593001
44424	0.25443214
44425	0.25336409
44426	0.25271872
44427	0.25248393
44428	0.25264183
44429	0.25316837
44430	0.25403261
44431	0.25519559
44432	0.25660998
44433	0.25821880
44434	0.25995573
44435	0.26174462
44436	0.26350069
44437	0.26513159
44438	0.26653978
44439	0.26762563
44440	0.26829091
44441	0.26844338
44442	0.26800036
44443	0.26689264
44444	0.26506752
44445	0.26249063
44446	0.25914636
44447	0.25503722
44448	0.25018206
44449	0.24461366
44450	0.23837636
44451	0.23152250
44452	0.22411105
44453	0.21620587
44454	0.20787503
44455	0.19919237
44456	0.19023882
44457	0.18110603
44458	0.17190114
44459	0.16275339
44460	0.15382120
44461	0.14530139
44462	0.13744006
44463	0.13054365
44464	0.12499284
44465	0.12125391
44466	0.11989167
44467	0.12157851
44468	0.12710127
44469	0.13735785
44470	0.15334682
44471	0.17614496
44472	0.20687336
44473	0.24665844
44474	0.29659110
44475	0.35770604
44476	0.43100104
44477	0.51752168
44478	0.61855006
44479	0.73594517
44480	0.87271649
44481	1.03401124
44482	1.22892344
44483	1.47413063
44484	1.80227113
44485	2.28458285
44486	3.10781193
44487	NaN
44488	NaN
44489	NaN
44490	NaN
44491	NaN
44492	NaN
44493	NaN
44494	NaN
44495	NaN
44496	NaN
44497	NaN
44498	NaN
44499	NaN
44500	NaN
44501	NaN
44502	NaN
44503	NaN
44504	NaN
44505	NaN
44506	NaN
44507	NaN
44508	NaN
44509	NaN
44510	NaN
44511	NaN
44512	NaN
44513	NaN
44514	NaN
44515	NaN
44516	NaN
44517	NaN
44518	NaN
44519	NaN
44520	NaN
44521	NaN
44522	NaN
44523	NaN
44524	NaN
44525	NaN
44526	NaN
44527	NaN
44528	NaN
44529	NaN
44530	NaN
44531	NaN
44532	NaN
44533	NaN
44534	NaN
44535	NaN
44536	NaN
44537	NaN
44538	NaN
44539	NaN
44540	NaN
44541	NaN
44542	NaN
44543	NaN
44544	NaN
44545	NaN
44546	NaN
44547	NaN
44548	NaN
44549	NaN
44550	NaN
44551	NaN
44552	NaN
44553	NaN
44554	NaN
44555	NaN
44556	NaN
44557	NaN
44558	NaN
44559	NaN
44560	NaN
44561	NaN
44562	NaN
44563	2.06559038
44564	1.34334600
44565	1.09802842
44566	0.97525543
44567	0.90221715
44568	0.85433722
44569	0.82098866
44570	0.79681414
44571	0.77881128
44572	0.76516181
44573	0.75469601
44574	0.74662524
44575	0.74039757
44576	0.73561424
44577	0.73198014
44578	0.72927248
44579	0.72732019
44580	0.72598988
44581	0.72517627
44582	0.72479504
44583	0.72477752
44584	0.72506666
44585	0.72561342
44586	0.72637475
44587	0.72731060
44588	0.72838259
44589	0.72955209
44590	0.73077887
44591	0.73202014
44592	0.73322952
44593	0.73435658
44594	0.73534644
44595	0.73613995
44596	0.73667437
44597	0.73688406
44598	0.73670262
44599	0.73606426
44600	0.73490673
44601	0.73317415
44602	0.73082018
44603	0.72781098
44604	0.72412896
44605	0.71977502
44606	0.71477050
44607	0.70915896
44608	0.70300567
44609	0.69639659
44610	0.68943626
44611	0.68224388
44612	0.67494917
44613	0.66768765
44614	0.66059446
44615	0.65380037
44616	0.64742595
44617	0.64157826
44618	0.63634658
44619	0.63180029
44620	0.62798733
44621	0.62493271
44622	0.62263942
44623	0.62108791
44624	0.62023813
44625	0.62003112
44626	0.62039059
44627	0.62122601
44628	0.62243545
44629	0.62390810
44630	0.62552851
44631	0.62717962
44632	0.62874645
44633	0.63011998
44634	0.63120031
44635	0.63189977
44636	0.63214558
44637	0.63188154
44638	0.63106954
44639	0.62968975
44640	0.62774032
44641	0.62523621
44642	0.62220716
44643	0.61869568
44644	0.61475384
44645	0.61044091
44646	0.60582000
44647	0.60095561
44648	0.59591126
44649	0.59074736
44650	0.58552003
44651	0.58027989
44652	0.57507139
44653	0.56993288
44654	0.56489623
44655	0.55998784
44656	0.55522883
44657	0.55063581
44658	0.54622144
44659	0.54199535
44660	0.53796446
44661	0.53413373
44662	0.53050613
44663	0.52708304
44664	0.52386397
44665	0.52084690
44666	0.51802772
44667	0.51540023
44668	0.51295573
44669	0.51068324
44670	0.50856888
44671	0.50659633
44672	0.50474650
44673	0.50299770
44674	0.50132614
44675	0.49970570
44676	0.49810871
44677	0.49650651
44678	0.49486971
44679	0.49316907
44680	0.49137622
44681	0.48946428
44682	0.48740885
44683	0.48518857
44684	0.48278591
44685	0.48018792
44686	0.47738662
44687	0.47437969
44688	0.47117049
44689	0.46776834
44690	0.46418843
44691	0.46045148
44692	0.45658329
44693	0.45261389
44694	0.44857699
44695	0.44450849
44696	0.44044566
44697	0.43642578
44698	0.43248492
44699	0.42865664
44700	0.42497104
44701	0.42145342
44702	0.41812384
44703	0.41499621
44704	0.41207796
44705	0.40936995
44706	0.40686646
44707	0.40455559
44708	0.40241981
44709	0.40043658
44710	0.39857915
44711	0.39681780
44712	0.39512065
44713	0.39345482
44714	0.39178732
44715	0.39008623
44716	0.38832143
44717	0.38646528
44718	0.38449341
44719	0.38238496
44720	0.38012311
44721	0.37769514
44722	0.37509251
44723	0.37231076
44724	0.36934957
44725	0.36621204
44726	0.36290506
44727	0.35943845
44728	0.35582498
44729	0.35208005
44730	0.34822121
44731	0.34426820
44732	0.34024253
44733	0.33616713
44734	0.33206612
44735	0.32796463
44736	0.32388800
44737	0.31986159
44738	0.31591040
44739	0.31205833
44740	0.30832848
44741	0.30474216
44742	0.30131888
44743	0.29807660
44744	0.29503116
44745	0.29219633
44746	0.28958383
44747	0.28720301
44748	0.28506070
44749	0.28316095
44750	0.28150478
44751	0.28008941
44752	0.27890804
44753	0.27794954
44754	0.27719790
44755	0.27663198
44756	0.27622554
44757	0.27594683
44758	0.27575928
44759	0.27562156
44760	0.27548796
44761	0.27530938
44762	0.27503410
44763	0.27460912
44764	0.27398106
44765	0.27309799
44766	0.27191064
44767	0.27037412
44768	0.26844919
44769	0.26610345
44770	0.26331219
44771	0.26005909
44772	0.25633633
44773	0.25214496
44774	0.24749400
44775	0.24240068
44776	0.23688935
44777	0.23099194
44778	0.22474678
44779	0.21819900
44780	0.21140100
44781	0.20441246
44782	0.19730200
44783	0.19014746
44784	0.18303801
44785	0.17607501
44786	0.16937371
44787	0.16306509
44788	0.15729597
44789	0.15223016
44790	0.14804819
44791	0.14494671
44792	0.14313535
44793	0.14283420
44794	0.14426856
44795	0.14766285
44796	0.15323447
44797	0.16118462
44798	0.17169243
44799	0.18490918
44800	0.20095554
44801	0.21992113
44802	0.24187048
44803	0.26685318
44804	0.29492030
44805	0.32614878
44806	0.36067080
44807	0.39871711
44808	0.44067490
44809	0.48716971
44810	0.53919458
44811	0.59831423
44812	0.66702557
44813	0.74943119
44814	0.85261029
44815	0.98970252
44816	1.18790960
44817	1.51378858
44818	2.18391323
44819	NaN
44820	NaN
44821	NaN
44822	NaN
44823	NaN
44824	NaN
44825	NaN
44826	NaN
44827	NaN
44828	NaN
44829	NaN
44830	NaN
44831	NaN
44832	NaN
44833	NaN
44834	NaN
44835	NaN
44836	NaN
44837	NaN
44838	NaN
44839	NaN
44840	NaN
44841	NaN
44842	NaN
44843	NaN
44844	NaN
44845	NaN
44846	NaN
44847	NaN
44848	NaN
44849	NaN
44850	NaN
44851	NaN
44852	NaN
44853	NaN
44854	NaN
44855	NaN
44856	NaN
44857	NaN
44858	NaN
44859	NaN
44860	NaN
44861	NaN
44862	NaN
44863	NaN
44864	NaN
44865	NaN
44866	NaN
44867	NaN
44868	NaN
44869	NaN
44870	NaN
44871	NaN
44872	NaN
44873	NaN
44874	NaN
44875	NaN
44876	NaN
44877	NaN
44878	NaN
44879	NaN
44880	NaN
44881	NaN
44882	NaN
44883	NaN
44884	NaN
44885	NaN
44886	NaN
44887	NaN
44888	NaN
44889	NaN
44890	NaN
44891	NaN
44892	NaN
44893	NaN
44894	NaN
44895	NaN
44896	NaN
44897	3.90665317
44898	1.60134602
44899	1.17766619
44900	1.00329816
44901	0.91022360
44902	0.85354847
44903	0.81619054
44904	0.79023600
44905	0.77151984
44906	0.75764585
44907	0.74714136
44908	0.73905492
44909	0.73274797
44910	0.72777885
44911	0.72383523
44912	0.72069228
44913	0.71818572
44914	0.71619433
44915	0.71462780
44916	0.71341807
44917	0.71251321
44918	0.71187240
44919	0.71146286
44920	0.71125644
44921	0.71122754
44922	0.71135086
44923	0.71159995
44924	0.71194559
44925	0.71235484
44926	0.71278971
44927	0.71320677
44928	0.71355671
44929	0.71378398
44930	0.71382713
44931	0.71361941
44932	0.71309024
44933	0.71216667
44934	0.71077603
44935	0.70884901
44936	0.70632356
44937	0.70314896
44938	0.69929063
44939	0.69473475
44940	0.68949175
44941	0.68360001
44942	0.67712682
44943	0.67016816
44944	0.66284591
44945	0.65530366
44946	0.64769995
44947	0.64020127
44948	0.63297373
44949	0.62617564
44950	0.61995077
44951	0.61442244
44952	0.60969013
44953	0.60582650
44954	0.60287696
44955	0.60085928
44956	0.59976524
44957	0.59956157
44958	0.60019261
44959	0.60158199
44960	0.60363460
44961	0.60623902
44962	0.60926944
44963	0.61258811
44964	0.61604774
44965	0.61949468
44966	0.62277228
44967	0.62572509
44968	0.62820381
44969	0.63007015
44970	0.63120252
44971	0.63150126
44972	0.63089353
44973	0.62933707
44974	0.62682235
44975	0.62337285
44976	0.61904436
44977	0.61392045
44978	0.60810816
44979	0.60173178
44980	0.59492564
44981	0.58782774
44982	0.58057362
44983	0.57329077
44984	0.56609488
44985	0.55908728
44986	0.55235314
44987	0.54596144
44988	0.53996503
44989	0.53440201
44990	0.52929723
44991	0.52466375
44992	0.52050459
44993	0.51681453
44994	0.51358163
44995	0.51078802
44996	0.50841147
44997	0.50642574
44998	0.50480139
44999	0.50350589
45000	0.50250417
45001	0.50175846
45002	0.50122857
45003	0.50087202
45004	0.50064415
45005	0.50049847
45006	0.50038707
45007	0.50026077
45008	0.50007051
45009	0.49976730
45010	0.49930373
45011	0.49863467
45012	0.49771845
45013	0.49651799
45014	0.49500152
45015	0.49314362
45016	0.49092588
45017	0.48833746
45018	0.48537526
45019	0.48204404
45020	0.47835642
45021	0.47433245
45022	0.46999961
45023	0.46539193
45024	0.46054941
45025	0.45551774
45026	0.45034689
45027	0.44509071
45028	0.43980539
45029	0.43454868
45030	0.42937824
45031	0.42435032
45032	0.41951838
45033	0.41493097
45034	0.41063079
45035	0.40665281
45036	0.40302327
45037	0.39975879
45038	0.39686558
45039	0.39433965
45040	0.39216697
45041	0.39032406
45042	0.38877916
45043	0.38749334
45044	0.38642204
45045	0.38551629
45046	0.38472438
45047	0.38399282
45048	0.38326785
45049	0.38249624
45050	0.38162601
45051	0.38060766
45052	0.37939441
45053	0.37794301
45054	0.37621477
45055	0.37417564
45056	0.37179762
45057	0.36905912
45058	0.36594605
45059	0.36245230
45060	0.35858056
45061	0.35434273
45062	0.34975997
45063	0.34486276
45064	0.33969015
45065	0.33428922
45066	0.32871392
45067	0.32302350
45068	0.31728095
45069	0.31155142
45070	0.30590013
45071	0.30039084
45072	0.29508418
45073	0.29003635
45074	0.28529790
45075	0.28091317
45076	0.27691978
45077	0.27334866
45078	0.27022427
45079	0.26756495
45080	0.26538357
45081	0.26368797
45082	0.26248157
45083	0.26176330
45084	0.26152769
45085	0.26176423
45086	0.26245680
45087	0.26358220
45088	0.26510853
45089	0.26699370
45090	0.26918343
45091	0.27160978
45092	0.27418983
45093	0.27682543
45094	0.27940381
45095	0.28180036
45096	0.28388160
45097	0.28551102
45098	0.28655559
45099	0.28689232
45100	0.28641593
45101	0.28504398
45102	0.28272155
45103	0.27942330
45104	0.27515310
45105	0.26994175
45106	0.26384240
45107	0.25692555
45108	0.24927303
45109	0.24097341
45110	0.23211698
45111	0.22279309
45112	0.21308909
45113	0.20308995
45114	0.19288097
45115	0.18255030
45116	0.17219433
45117	0.16192345
45118	0.15187043
45119	0.14219822
45120	0.13311040
45121	0.12486167
45122	0.11776877
45123	0.11222187
45124	0.10869239
45125	0.10773891
45126	0.11000676
45127	0.11621878
45128	0.12715742
45129	0.14363132
45130	0.16643460
45131	0.19629602
45132	0.23383339
45133	0.27951825
45134	0.33367255
45135	0.39650643
45136	0.46821111
45137	0.54911816
45138	0.63993341
45139	0.74207664
45140	0.85818964
45141	0.99298370
45142	1.15478897
45143	1.35877311
45144	1.63452423
45145	2.04703021
45146	2.77020884
45147	NaN
45148	NaN
45149	NaN
45150	NaN
45151	NaN
45152	NaN
45153	NaN
45154	NaN
45155	NaN
45156	NaN
45157	NaN
45158	NaN
45159	NaN
45160	NaN
45161	NaN
45162	NaN
45163	NaN
45164	NaN
45165	NaN
45166	NaN
45167	NaN
45168	NaN
45169	NaN
45170	NaN
45171	NaN
45172	NaN
45173	NaN
45174	NaN
45175	NaN
45176	NaN
45177	NaN
45178	NaN
45179	NaN
45180	NaN
45181	NaN
45182	NaN
45183	NaN
45184	NaN
45185	NaN
45186	NaN
45187	NaN
45188	NaN
45189	NaN
45190	NaN
45191	NaN
45192	NaN
45193	NaN
45194	NaN
45195	NaN
45196	NaN
45197	NaN
45198	NaN
45199	NaN
45200	NaN
45201	NaN
45202	NaN
45203	NaN
45204	NaN
45205	NaN
45206	NaN
45207	NaN
45208	NaN
45209	NaN
45210	NaN
45211	NaN
45212	NaN
45213	NaN
45214	NaN
45215	NaN
45216	NaN
45217	NaN
45218	NaN
45219	NaN
45220	NaN
45221	NaN
45222	NaN
45223	NaN
45224	NaN
45225	1.79895699
45226	1.20886481
45227	1.00773072
45228	0.90808225
45229	0.84987128
45230	0.81268126
45231	0.78764337
45232	0.77027065
45233	0.75804037
45234	0.74941897
45235	0.74341673
45236	0.73936278
45237	0.73678482
45238	0.73533976
45239	0.73477137
45240	0.73488426
45241	0.73552716
45242	0.73658067
45243	0.73794979
45244	0.73955804
45245	0.74134254
45246	0.74325120
45247	0.74523968
45248	0.74726874
45249	0.74930245
45250	0.75130606
45251	0.75324434
45252	0.75508058
45253	0.75677478
45254	0.75828356
45255	0.75955868
45256	0.76054782
45257	0.76119441
45258	0.76143873
45259	0.76121914
45260	0.76047426
45261	0.75914562
45262	0.75718027
45263	0.75453490
45264	0.75117856
45265	0.74709690
45266	0.74229503
45267	0.73680007
45268	0.73066276
45269	0.72395790
45270	0.71678323
45271	0.70925665
45272	0.70151258
45273	0.69369721
45274	0.68596214
45275	0.67845881
45276	0.67133230
45277	0.66471595
45278	0.65872651
45279	0.65346080
45280	0.64899260
45281	0.64537185
45282	0.64262331
45283	0.64074725
45284	0.63972068
45285	0.63949794
45286	0.64001346
45287	0.64118314
45288	0.64290732
45289	0.64507318
45290	0.64755732
45291	0.65022951
45292	0.65295583
45293	0.65560216
45294	0.65803838
45295	0.66014194
45296	0.66180205
45297	0.66292274
45298	0.66342622
45299	0.66325510
45300	0.66237402
45301	0.66077024
45302	0.65845299
45303	0.65545225
45304	0.65181631
45305	0.64760876
45306	0.64290500
45307	0.63778830
45308	0.63234609
45309	0.62666625
45310	0.62083405
45311	0.61492962
45312	0.60902590
45313	0.60318738
45314	0.59746915
45315	0.59191710
45316	0.58656788
45317	0.58144963
45318	0.57658273
45319	0.57198066
45320	0.56765091
45321	0.56359625
45322	0.55981481
45323	0.55630106
45324	0.55304635
45325	0.55003887
45326	0.54726446
45327	0.54470611
45328	0.54234457
45329	0.54015863
45330	0.53812516
45331	0.53621948
45332	0.53441548
45333	0.53268653
45334	0.53100497
45335	0.52934295
45336	0.52767265
45337	0.52596641
45338	0.52419728
45339	0.52233905
45340	0.52036697
45341	0.51825815
45342	0.51599181
45343	0.51355010
45344	0.51091868
45345	0.50808710
45346	0.50504947
45347	0.50180465
45348	0.49835682
45349	0.49471527
45350	0.49089468
45351	0.48691455
45352	0.48279929
45353	0.47857714
45354	0.47427997
45355	0.46994224
45356	0.46560046
45357	0.46129173
45358	0.45705315
45359	0.45292050
45360	0.44892707
45361	0.44510296
45362	0.44147372
45363	0.43805996
45364	0.43487608
45365	0.43193051
45366	0.42922512
45367	0.42675540
45368	0.42451039
45369	0.42247346
45370	0.42062262
45371	0.41893119
45372	0.41736883
45373	0.41590202
45374	0.41449532
45375	0.41311195
45376	0.41171485
45377	0.41026768
45378	0.40873516
45379	0.40708417
45380	0.40528423
45381	0.40330821
45382	0.40113258
45383	0.39873794
45384	0.39610922
45385	0.39323601
45386	0.39011273
45387	0.38673863
45388	0.38311800
45389	0.37926015
45390	0.37517956
45391	0.37089550
45392	0.36643237
45393	0.36181900
45394	0.35708851
45395	0.35227790
45396	0.34742710
45397	0.34257835
45398	0.33777529
45399	0.33306196
45400	0.32848197
45401	0.32407734
45402	0.31988797
45403	0.31595060
45404	0.31229842
45405	0.30896035
45406	0.30596083
45407	0.30331945
45408	0.30105063
45409	0.29916358
45410	0.29766175
45411	0.29654306
45412	0.29579934
45413	0.29541633
45414	0.29537302
45415	0.29564175
45416	0.29618791
45417	0.29696965
45418	0.29793826
45419	0.29903787
45420	0.30020639
45421	0.30137590
45422	0.30247387
45423	0.30342504
45424	0.30415249
45425	0.30458030
45426	0.30463579
45427	0.30425200
45428	0.30336970
45429	0.30193979
45430	0.29992482
45431	0.29730022
45432	0.29405501
45433	0.29019162
45434	0.28572565
45435	0.28068483
45436	0.27510783
45437	0.26904318
45438	0.26254788
45439	0.25568596
45440	0.24852803
45441	0.24115087
45442	0.23363695
45443	0.22607546
45444	0.21856265
45445	0.21120386
45446	0.20411499
45447	0.19742450
45448	0.19127575
45449	0.18582918
45450	0.18126495
45451	0.17778407
45452	0.17560938
45453	0.17498569
45454	0.17617758
45455	0.17946774
45456	0.18515007
45457	0.19352356
45458	0.20488438
45459	0.21951616
45460	0.23768190
45461	0.25961584
45462	0.28552046
45463	0.31556746
45464	0.34990764
45465	0.38868654
45466	0.43207419
45467	0.48030710
45468	0.53374690
45469	0.59296554
45470	0.65886623
45471	0.73286605
45472	0.81719404
45473	0.91539925
45474	1.03328729
45475	1.18080616
45476	1.37623072
45477	1.65676665
45478	2.11107516
45479	3.01423120
45480	NaN
45481	NaN
45482	NaN
45483	NaN
45484	NaN
45485	NaN
45486	NaN
45487	NaN
45488	NaN
45489	NaN
45490	NaN
45491	NaN
45492	NaN
45493	NaN
45494	NaN
45495	NaN
45496	NaN
45497	NaN
45498	NaN
45499	NaN
45500	NaN
45501	NaN
45502	NaN
45503	NaN
45504	NaN
45505	NaN
45506	NaN
45507	NaN
45508	NaN
45509	NaN
45510	NaN
45511	NaN
45512	NaN
45513	NaN
45514	NaN
45515	NaN
45516	NaN
45517	NaN
45518	NaN
45519	NaN
45520	NaN
45521	NaN
45522	NaN
45523	NaN
45524	NaN
45525	NaN
45526	NaN
45527	NaN
45528	NaN
45529	NaN
45530	NaN
45531	NaN
45532	NaN
45533	NaN
45534	NaN
45535	NaN
45536	NaN
45537	NaN
45538	NaN
45539	NaN
45540	NaN
45541	NaN
45542	NaN
45543	NaN
45544	NaN
45545	NaN
45546	NaN
45547	NaN
45548	NaN
45549	NaN
45550	NaN
45551	NaN
45552	NaN
45553	NaN
45554	NaN
45555	NaN
45556	NaN
45557	NaN
45558	NaN
45559	NaN
45560	NaN
45561	NaN
45562	1.36498916
45563	1.03673244
45564	0.90964508
45565	0.84485877
45566	0.80715144
45567	0.78346485
45568	0.76785040
45569	0.75721771
45570	0.74980968
45571	0.74455953
45572	0.74078822
45573	0.73804760
45574	0.73603445
45575	0.73454022
45576	0.73341990
45577	0.73257220
45578	0.73192680
45579	0.73143530
45580	0.73106480
45581	0.73079348
45582	0.73060697
45583	0.73049569
45584	0.73045307
45585	0.73047310
45586	0.73054940
45587	0.73067355
45588	0.73083419
45589	0.73101604
45590	0.73119926
45591	0.73135835
45592	0.73146242
45593	0.73147434
45594	0.73135108
45595	0.73104388
45596	0.73049873
45597	0.72965765
45598	0.72845995
45599	0.72684467
45600	0.72475249
45601	0.72212964
45602	0.71893156
45603	0.71512640
45604	0.71070009
45605	0.70565981
45606	0.70003718
45607	0.69389099
45608	0.68730658
45609	0.68039525
45610	0.67329025
45611	0.66614115
45612	0.65910757
45613	0.65235120
45614	0.64602804
45615	0.64028102
45616	0.63523406
45617	0.63098729
45618	0.62761390
45619	0.62515831
45620	0.62363589
45621	0.62303382
45622	0.62331223
45623	0.62440640
45624	0.62622875
45625	0.62867165
45626	0.63160968
45627	0.63490283
45628	0.63839900
45629	0.64193809
45630	0.64535552
45631	0.64848661
45632	0.65117121
45633	0.65325928
45634	0.65461612
45635	0.65512788
45636	0.65470678
45637	0.65329534
45638	0.65086925
45639	0.64743936
45640	0.64305019
45641	0.63777810
45642	0.63172680
45643	0.62502122
45644	0.61780059
45645	0.61021161
45646	0.60240138
45647	0.59451097
45648	0.58667099
45649	0.57899737
45650	0.57158965
45651	0.56452972
45652	0.55788183
45653	0.55169392
45654	0.54599869
45655	0.54081541
45656	0.53615189
45657	0.53200585
45658	0.52836692
45659	0.52521771
45660	0.52253497
45661	0.52029037
45662	0.51845133
45663	0.51698142
45664	0.51584071
45665	0.51498634
45666	0.51437271
45667	0.51395220
45668	0.51367527
45669	0.51349157
45670	0.51335007
45671	0.51320016
45672	0.51299226
45673	0.51267844
45674	0.51221323
45675	0.51155418
45676	0.51066267
45677	0.50950420
45678	0.50804889
45679	0.50627255
45680	0.50415635
45681	0.50168765
45682	0.49886036
45683	0.49567482
45684	0.49213845
45685	0.48826551
45686	0.48407707
45687	0.47960085
45688	0.47487071
45689	0.46992651
45690	0.46481302
45691	0.45957974
45692	0.45427954
45693	0.44896790
45694	0.44370180
45695	0.43853840
45696	0.43353352
45697	0.42874035
45698	0.42420763
45699	0.41997832
45700	0.41608769
45701	0.41256246
45702	0.40941927
45703	0.40666428
45704	0.40429252
45705	0.40228838
45706	0.40062580
45707	0.39926955
45708	0.39817649
45709	0.39729688
45710	0.39657640
45711	0.39595762
45712	0.39538178
45713	0.39479026
45714	0.39412609
45715	0.39333490
45716	0.39236620
45717	0.39117414
45718	0.38971835
45719	0.38796452
45720	0.38588500
45721	0.38345927
45722	0.38067466
45723	0.37752646
45724	0.37401822
45725	0.37016207
45726	0.36597860
45727	0.36149663
45728	0.35675269
45729	0.35179043
45730	0.34665933
45731	0.34141368
45732	0.33611101
45733	0.33081037
45734	0.32557085
45735	0.32044962
45736	0.31550083
45737	0.31077373
45738	0.30631214
45739	0.30215353
45740	0.29832867
45741	0.29486179
45742	0.29177055
45743	0.28906682
45744	0.28675699
45745	0.28484294
45746	0.28332222
45747	0.28218853
45748	0.28143203
45749	0.28103918
45750	0.28099227
45751	0.28126892
45752	0.28184116
45753	0.28267458
45754	0.28372696
45755	0.28494778
45756	0.28627673
45757	0.28764385
45758	0.28896922
45759	0.29016420
45760	0.29113278
45761	0.29177445
45762	0.29198766
45763	0.29167414
45764	0.29074371
45765	0.28911880
45766	0.28673860
45767	0.28356269
45768	0.27957267
45769	0.27477279
45770	0.26918894
45771	0.26286641
45772	0.25586668
45773	0.24826390
45774	0.24014091
45775	0.23158669
45776	0.22269344
45777	0.21355580
45778	0.20427099
45779	0.19493952
45780	0.18566845
45781	0.17657492
45782	0.16779158
45783	0.15947190
45784	0.15179756
45785	0.14498533
45786	0.13929419
45787	0.13503274
45788	0.13256320
45789	0.13230453
45790	0.13472946
45791	0.14035733
45792	0.14973634
45793	0.16341934
45794	0.18192901
45795	0.20571700
45796	0.23512213
45797	0.27033088
45798	0.31135687
45799	0.35803998
45800	0.41007695
45801	0.46708646
45802	0.52869993
45803	0.59468180
45804	0.66507638
45805	0.74038529
45806	0.82180858
45807	0.91162151
45808	1.01383221
45809	1.13549900
45810	1.28964269
45811	1.50261116
45812	1.83651423
45813	2.48083091
45814	NaN
45815	NaN
45816	NaN
45817	NaN
45818	NaN
45819	NaN
45820	NaN
45821	NaN
45822	NaN
45823	NaN
45824	NaN
45825	NaN
45826	NaN
45827	NaN
45828	NaN
45829	NaN
45830	NaN
45831	NaN
45832	NaN
45833	NaN
45834	NaN
45835	NaN
45836	NaN
45837	NaN
45838	NaN
45839	NaN
45840	NaN
45841	NaN
45842	NaN
45843	NaN
45844	NaN
45845	NaN
45846	NaN
45847	NaN
45848	NaN
45849	NaN
45850	NaN
45851	NaN
45852	NaN
45853	NaN
45854	NaN
45855	NaN
45856	NaN
45857	NaN
45858	NaN
45859	NaN
45860	NaN
45861	NaN
45862	NaN
45863	NaN
45864	NaN
45865	NaN
45866	NaN
45867	NaN
45868	NaN
45869	NaN
45870	NaN
45871	NaN
45872	NaN
45873	NaN
45874	NaN
45875	NaN
45876	NaN
45877	NaN
45878	NaN
45879	NaN
45880	NaN
45881	NaN
45882	NaN
45883	NaN
45884	NaN
45885	NaN
45886	NaN
45887	NaN
45888	NaN
45889	NaN
45890	NaN
45891	NaN
45892	NaN
45893	NaN
45894	NaN
45895	NaN
45896	NaN
45897	1.88839614
45898	1.27555692
45899	1.04297400
45900	0.92439777
45901	0.85496908
45902	0.81107038
45903	0.78203195
45904	0.76232398
45905	0.74879330
45906	0.73951066
45907	0.73323125
45908	0.72911835
45909	0.72659123
45910	0.72523677
45911	0.72475576
45912	0.72492772
45913	0.72558886
45914	0.72661579
45915	0.72791505
45916	0.72941446
45917	0.73105735
45918	0.73279774
45919	0.73459655
45920	0.73641914
45921	0.73823243
45922	0.74000299
45923	0.74169600
45924	0.74327332
45925	0.74469268
45926	0.74590760
45927	0.74686623
45928	0.74751180
45929	0.74778330
45930	0.74761617
45931	0.74694401
45932	0.74570125
45933	0.74382573
45934	0.74126256
45935	0.73796779
45936	0.73391289
45937	0.72908837
45938	0.72350770
45939	0.71720964
45940	0.71025980
45941	0.70275009
45942	0.69479710
45943	0.68653786
45944	0.67812520
45945	0.66972107
45946	0.66148967
45947	0.65359104
45948	0.64617419
45949	0.63937199
45950	0.63329697
45951	0.62803793
45952	0.62365872
45953	0.62019694
45954	0.61766464
45955	0.61604899
45956	0.61531365
45957	0.61540061
45958	0.61623216
45959	0.61771303
45960	0.61973280
45961	0.62216866
45962	0.62488770
45963	0.62775099
45964	0.63061607
45965	0.63334155
45966	0.63579094
45967	0.63783687
45968	0.63936526
45969	0.64027935
45970	0.64050287
45971	0.63998288
45972	0.63869083
45973	0.63662326
45974	0.63380086
45975	0.63026607
45976	0.62608063
45977	0.62132132
45978	0.61607587
45979	0.61043900
45980	0.60450792
45981	0.59837890
45982	0.59214437
45983	0.58589011
45984	0.57969391
45985	0.57362407
45986	0.56773925
45987	0.56208813
45988	0.55670995
45989	0.55163473
45990	0.54688430
45991	0.54247308
45992	0.53840852
45993	0.53469235
45994	0.53132069
45995	0.52828491
45996	0.52557176
45997	0.52316380
45998	0.52103949
45999	0.51917356
46000	0.51753718
46001	0.51609832
46002	0.51482236
46003	0.51367241
46004	0.51261008
46005	0.51159632
46006	0.51059180
46007	0.50955820
46008	0.50845832
46009	0.50725716
46010	0.50592214
46011	0.50442398
46012	0.50273645
46013	0.50083756
46014	0.49870914
46015	0.49633738
46016	0.49371326
46017	0.49083260
46018	0.48769641
46019	0.48431116
46020	0.48068875
46021	0.47684687
46022	0.47280842
46023	0.46860185
46024	0.46426019
46025	0.45982096
46026	0.45532522
46027	0.45081687
46028	0.44634137
46029	0.44194490
46030	0.43767291
46031	0.43356907
46032	0.42967373
46033	0.42602247
46034	0.42264545
46035	0.41956556
46036	0.41679808
46037	0.41434973
46038	0.41221824
46039	0.41039234
46040	0.40885207
46041	0.40756917
46042	0.40650803
46043	0.40562677
46044	0.40487859
46045	0.40421307
46046	0.40357760
46047	0.40291879
46048	0.40218380
46049	0.40132126
46050	0.40028262
46051	0.39902276
46052	0.39750078
46053	0.39568055
46054	0.39353144
46055	0.39102858
46056	0.38815355
46057	0.38489473
46058	0.38124779
46059	0.37721634
46060	0.37281200
46061	0.36805487
46062	0.36297357
46063	0.35760522
46064	0.35199457
46065	0.34619349
46066	0.34025988
46067	0.33425590
46068	0.32824644
46069	0.32229748
46070	0.31647399
46071	0.31083843
46072	0.30544913
46073	0.30035940
46074	0.29561645
46075	0.29126078
46076	0.28732625
46077	0.28383988
46078	0.28082204
46079	0.27828661
46080	0.27624151
46081	0.27468827
46082	0.27362296
46083	0.27303559
46084	0.27291012
46085	0.27322417
46086	0.27394873
46087	0.27504763
46088	0.27647680
46089	0.27818421
46090	0.28010902
46091	0.28218177
46092	0.28432423
46093	0.28645036
46094	0.28846735
46095	0.29027757
46096	0.29178128
46097	0.29287919
46098	0.29347637
46099	0.29348516
46100	0.29282886
46101	0.29144388
46102	0.28928229
46103	0.28631234
46104	0.28251916
46105	0.27790374
46106	0.27248186
46107	0.26628220
46108	0.25934443
46109	0.25171754
46110	0.24345846
46111	0.23463045
46112	0.22530375
46113	0.21555531
46114	0.20547137
46115	0.19514889
46116	0.18469965
46117	0.17425448
46118	0.16396829
46119	0.15402597
46120	0.14464790
46121	0.13609503
46122	0.12867336
46123	0.12273660
46124	0.11868492
46125	0.11696147
46126	0.11804355
46127	0.12242956
46128	0.13062221
46129	0.14310612
46130	0.16032776
46131	0.18267524
46132	0.21046549
46133	0.24394248
46134	0.28328696
46135	0.32864723
46136	0.38019004
46137	0.43817434
46138	0.50305456
46139	0.57562554
46140	0.65723133
46141	0.75009215
46142	0.85784590
46143	0.98654133
46144	1.14662051
46145	1.35728395
46146	1.65750837
46147	2.13955069
46148	3.08576035
46149	NaN
46150	NaN
46151	NaN
46152	NaN
46153	NaN
46154	NaN
46155	NaN
46156	NaN
46157	NaN
46158	NaN
46159	NaN
46160	NaN
46161	NaN
46162	NaN
46163	NaN
46164	NaN
46165	NaN
46166	NaN
46167	NaN
46168	NaN
46169	NaN
46170	NaN
46171	NaN
46172	NaN
46173	NaN
46174	NaN
46175	NaN
46176	NaN
46177	NaN
46178	NaN
46179	NaN
46180	NaN
46181	NaN
46182	NaN
46183	NaN
46184	NaN
46185	NaN
46186	NaN
46187	NaN
46188	NaN
46189	NaN
46190	NaN
46191	NaN
46192	NaN
46193	NaN
46194	NaN
46195	NaN
46196	NaN
46197	NaN
46198	NaN
46199	NaN
46200	NaN
46201	NaN
46202	NaN
46203	NaN
46204	NaN
46205	NaN
46206	NaN
46207	NaN
46208	NaN
46209	NaN
46210	NaN
46211	NaN
46212	NaN
46213	NaN
46214	NaN
46215	NaN
46216	NaN
46217	NaN
46218	NaN
46219	NaN
46220	NaN
46221	NaN
46222	NaN
46223	NaN
46224	NaN
46225	NaN
46226	NaN
46227	NaN
46228	NaN
46229	NaN
46230	NaN
46231	NaN
46232	NaN
46233	NaN
46234	NaN
46235	2.07626843
46236	1.15653932
46237	0.93346715
46238	0.83720231
46239	0.78589869
46240	0.75544810
46241	0.73620844
46242	0.72357869
46243	0.71509492
46244	0.70932615
46245	0.70539218
46246	0.70272762
46247	0.70095778
46248	0.69982886
46249	0.69916642
46250	0.69884908
46251	0.69879222
46252	0.69893682
46253	0.69924116
46254	0.69967598
46255	0.70021975
46256	0.70085609
46257	0.70157093
46258	0.70235074
46259	0.70318109
46260	0.70404482
46261	0.70492166
46262	0.70578706
46263	0.70661187
46264	0.70736152
46265	0.70799649
46266	0.70847213
46267	0.70873886
46268	0.70874316
46269	0.70842862
46270	0.70773691
46271	0.70661014
46272	0.70499271
46273	0.70283437
46274	0.70009291
46275	0.69673824
46276	0.69275534
46277	0.68814802
46278	0.68294191
46279	0.67718655
46280	0.67095613
46281	0.66434908
46282	0.65748531
46283	0.65050232
46284	0.64354968
46285	0.63678187
46286	0.63035160
46287	0.62440240
46288	0.61906242
46289	0.61443895
46290	0.61061466
46291	0.60764545
46292	0.60555893
46293	0.60435557
46294	0.60400909
46295	0.60446876
46296	0.60566157
46297	0.60749471
46298	0.60985833
46299	0.61262786
46300	0.61566740
46301	0.61883241
46302	0.62197310
46303	0.62493825
46304	0.62757897
46305	0.62975383
46306	0.63133281
46307	0.63220286
46308	0.63227195
46309	0.63147366
46310	0.62977022
46311	0.62715429
46312	0.62364936
46313	0.61930829
46314	0.61421013
46315	0.60845560
46316	0.60216123
46317	0.59545320
46318	0.58846086
46319	0.58131140
46320	0.57412463
46321	0.56700915
46322	0.56006032
46323	0.55335832
46324	0.54696870
46325	0.54094213
46326	0.53531593
46327	0.53011549
46328	0.52535570
46329	0.52104288
46330	0.51717597
46331	0.51374799
46332	0.51074690
46333	0.50815678
46334	0.50595808
46335	0.50412810
46336	0.50264102
46337	0.50146794
46338	0.50057691
46339	0.49993232
46340	0.49949527
46341	0.49922317
46342	0.49906990
46343	0.49898612
46344	0.49891979
46345	0.49881673
46346	0.49862182
46347	0.49828017
46348	0.49773812
46349	0.49694517
46350	0.49585482
46351	0.49442619
46352	0.49262497
46353	0.49042439
46354	0.48780614
46355	0.48476055
46356	0.48128718
46357	0.47739473
46358	0.47310114
46359	0.46843311
46360	0.46342605
46361	0.45812315
46362	0.45257470
46363	0.44683740
46364	0.44097292
46365	0.43504691
46366	0.42912725
46367	0.42328277
46368	0.41758126
46369	0.41208774
46370	0.40686262
46371	0.40195975
46372	0.39742479
46373	0.39329362
46374	0.38959122
46375	0.38633099
46376	0.38351411
46377	0.38113016
46378	0.37915736
46379	0.37756398
46380	0.37630939
46381	0.37534603
46382	0.37462097
46383	0.37407747
46384	0.37365681
46385	0.37329975
46386	0.37294772
46387	0.37254384
46388	0.37203386
46389	0.37136674
46390	0.37049532
46391	0.36937693
46392	0.36797374
46393	0.36625335
46394	0.36418936
46395	0.36176172
46396	0.35895768
46397	0.35577181
46398	0.35220680
46399	0.34827352
46400	0.34399134
46401	0.33938801
46402	0.33449939
46403	0.32936889
46404	0.32404646
46405	0.31858802
46406	0.31305364
46407	0.30750620
46408	0.30200991
46409	0.29662839
46410	0.29142341
46411	0.28645316
46412	0.28177142
46413	0.27742636
46414	0.27346036
46415	0.26990974
46416	0.26680470
46417	0.26416984
46418	0.26202452
46419	0.26038325
46420	0.25925621
46421	0.25864908
46422	0.25856274
46423	0.25899315
46424	0.25992981
46425	0.26135460
46426	0.26324025
46427	0.26554796
46428	0.26822606
46429	0.27120784
46430	0.27441004
46431	0.27773240
46432	0.28105822
46433	0.28425565
46434	0.28718129
46435	0.28968531
46436	0.29161760
46437	0.29283589
46438	0.29321289
46439	0.29264385
46440	0.29105213
46441	0.28839272
46442	0.28465337
46443	0.27985239
46444	0.27403519
46445	0.26726881
46446	0.25963655
46447	0.25123185
46448	0.24215394
46449	0.23250496
46450	0.22238804
46451	0.21190892
46452	0.20117816
46453	0.19031663
46454	0.17946327
46455	0.16878666
46456	0.15849805
46457	0.14886989
46458	0.14025888
46459	0.13313334
46460	0.12810931
46461	0.12599027
46462	0.12781630
46463	0.13492028
46464	0.14898573
46465	0.17210989
46466	0.20685960
46467	0.25632274
46468	0.32415262
46469	0.41462445
46470	0.53274310
46471	0.68451613
46472	0.87759435
46473	1.12268448
46474	1.43658233
46475	1.84882188
46476	2.41747808
46477	3.27278829
46478	4.77068233
46479	NaN
46480	NaN
46481	NaN
46482	NaN
46483	NaN
46484	NaN
46485	NaN
46486	NaN
46487	NaN
46488	NaN
46489	NaN
46490	NaN
46491	NaN
46492	NaN
46493	NaN
46494	NaN
46495	NaN
46496	NaN
46497	NaN
46498	NaN
46499	NaN
46500	NaN
46501	NaN
46502	NaN
46503	NaN
46504	NaN
46505	NaN
46506	NaN
46507	NaN
46508	NaN
46509	NaN
46510	NaN
46511	NaN
46512	NaN
46513	NaN
46514	NaN
46515	NaN
46516	NaN
46517	NaN
46518	NaN
46519	NaN
46520	NaN
46521	NaN
46522	NaN
46523	NaN
46524	NaN
46525	NaN
46526	NaN
46527	NaN
46528	NaN
46529	NaN
46530	NaN
46531	NaN
46532	NaN
46533	NaN
46534	NaN
46535	NaN
46536	NaN
46537	NaN
46538	NaN
46539	NaN
46540	NaN
46541	NaN
46542	NaN
46543	NaN
46544	NaN
46545	NaN
46546	NaN
46547	NaN
46548	NaN
46549	NaN
46550	NaN
46551	NaN
46552	NaN
46553	NaN
46554	NaN
46555	NaN
46556	NaN
46557	NaN
46558	NaN
46559	NaN
46560	NaN
46561	NaN
46562	NaN
46563	NaN
46564	NaN
46565	NaN
46566	NaN
46567	3.26490331
46568	1.48263884
46569	1.10820186
46570	0.94968891
46571	0.86448425
46572	0.81284249
46573	0.77928978
46574	0.75654137
46575	0.74071199
46576	0.72953916
46577	0.72161639
46578	0.71602476
46579	0.71214062
46580	0.70952833
46581	0.70787650
46582	0.70695925
46583	0.70661050
46584	0.70670736
46585	0.70715857
46586	0.70789570
46587	0.70886719
46588	0.71003371
46589	0.71136409
46590	0.71283251
46591	0.71441603
46592	0.71609235
46593	0.71783823
46594	0.71962768
46595	0.72143126
46596	0.72321397
46597	0.72493541
46598	0.72654843
46599	0.72799855
46600	0.72922462
46601	0.73015821
46602	0.73072535
46603	0.73084766
46604	0.73044443
46605	0.72943604
46606	0.72774726
46607	0.72531193
46608	0.72207773
46609	0.71801102
46610	0.71310169
46611	0.70736730
46612	0.70085621
46613	0.69364804
46614	0.68585360
46615	0.67761147
46616	0.66908288
46617	0.66044533
46618	0.65188438
46619	0.64358491
46620	0.63572353
46621	0.62846106
46622	0.62193608
46623	0.61626095
46624	0.61151868
46625	0.60776162
46626	0.60501122
46627	0.60325933
46628	0.60246927
46629	0.60257858
46630	0.60350126
46631	0.60513067
46632	0.60734266
46633	0.60999852
46634	0.61294907
46635	0.61603808
46636	0.61910695
46637	0.62199885
46638	0.62456399
46639	0.62666416
46640	0.62817752
46641	0.62900275
46642	0.62906277
46643	0.62830693
46644	0.62671238
46645	0.62428397
46646	0.62105256
46647	0.61707234
46648	0.61241704
46649	0.60717547
46650	0.60144675
46651	0.59533554
46652	0.58894742
46653	0.58238566
46654	0.57574719
46655	0.56912118
46656	0.56258702
46657	0.55621320
46658	0.55005783
46659	0.54416811
46660	0.53858143
46661	0.53332609
46662	0.52842206
46663	0.52388221
46664	0.51971322
46665	0.51591599
46666	0.51248658
46667	0.50941676
46668	0.50669384
46669	0.50430113
46670	0.50221813
46671	0.50042021
46672	0.49887916
46673	0.49756321
46674	0.49643710
46675	0.49546278
46676	0.49459973
46677	0.49380577
46678	0.49303755
46679	0.49225160
46680	0.49140492
46681	0.49045607
46682	0.48936585
46683	0.48809788
46684	0.48661977
46685	0.48490325
46686	0.48292467
46687	0.48066595
46688	0.47811443
46689	0.47526330
46690	0.47211194
46691	0.46866611
46692	0.46493787
46693	0.46094584
46694	0.45671493
46695	0.45227611
46696	0.44766629
46697	0.44292757
46698	0.43810666
46699	0.43325371
46700	0.42842156
46701	0.42366397
46702	0.41903439
46703	0.41458404
46704	0.41036060
46705	0.40640590
46706	0.40275490
46707	0.39943412
46708	0.39646062
46709	0.39384142
46710	0.39157298
46711	0.38964179
46712	0.38802436
46713	0.38668874
46714	0.38559520
46715	0.38469774
46716	0.38394582
46717	0.38328552
46718	0.38266146
46719	0.38201809
46720	0.38130113
46721	0.38045871
46722	0.37944263
46723	0.37820908
46724	0.37671953
46725	0.37494123
46726	0.37284774
46727	0.37041917
46728	0.36764270
46729	0.36451241
46730	0.36102989
46731	0.35720420
46732	0.35305199
46733	0.34859747
46734	0.34387228
46735	0.33891487
46736	0.33377030
46737	0.32848883
46738	0.32312489
46739	0.31773570
46740	0.31237984
46741	0.30711529
46742	0.30199832
46743	0.29708192
46744	0.29241470
46745	0.28804010
46746	0.28399587
46747	0.28031367
46748	0.27701902
46749	0.27413166
46750	0.27166575
46751	0.26962993
46752	0.26802799
46753	0.26685908
46754	0.26611748
46755	0.26579309
46756	0.26587084
46757	0.26633033
46758	0.26714522
46759	0.26828268
46760	0.26970279
46761	0.27135757
46762	0.27319059
46763	0.27513677
46764	0.27712253
46765	0.27906585
46766	0.28087780
46767	0.28246373
46768	0.28372553
46769	0.28456438
46770	0.28488359
46771	0.28459188
46772	0.28360659
46773	0.28185672
46774	0.27928510
46775	0.27585047
46776	0.27152801
46777	0.26630947
46778	0.26020303
46779	0.25323111
46780	0.24542937
46781	0.23684490
46782	0.22753459
46783	0.21756467
46784	0.20700954
46785	0.19595288
46786	0.18448871
46787	0.17272414
46788	0.16078199
46789	0.14880548
46790	0.13696213
46791	0.12544948
46792	0.11450048
46793	0.10438737
46794	0.09542649
46795	0.08798005
46796	0.08245717
46797	0.07930996
46798	0.07902747
46799	0.08212561
46800	0.08913223
46801	0.10057197
46802	0.11694671
46803	0.13872166
46804	0.16631541
46805	0.20010023
46806	0.24041995
46807	0.28762206
46808	0.34212020
46809	0.40448818
46810	0.47560179
46811	0.55684626
46812	0.65045118
46813	0.76004642
46814	0.89166886
46815	1.05576932
46816	1.27162147
46817	1.57842314
46818	2.06904078
46819	3.02781725
46820	NaN
46821	NaN
46822	NaN
46823	NaN
46824	NaN
46825	NaN
46826	NaN
46827	NaN
46828	NaN
46829	NaN
46830	NaN
46831	NaN
46832	NaN
46833	NaN
46834	NaN
46835	NaN
46836	NaN
46837	NaN
46838	NaN
46839	NaN
46840	NaN
46841	NaN
46842	NaN
46843	NaN
46844	NaN
46845	NaN
46846	NaN
46847	NaN
46848	NaN
46849	NaN
46850	NaN
46851	NaN
46852	NaN
46853	NaN
46854	NaN
46855	NaN
46856	NaN
46857	NaN
46858	NaN
46859	NaN
46860	NaN
46861	NaN
46862	NaN
46863	NaN
46864	NaN
46865	NaN
46866	NaN
46867	NaN
46868	NaN
46869	NaN
46870	NaN
46871	NaN
46872	NaN
46873	NaN
46874	NaN
46875	NaN
46876	NaN
46877	NaN
46878	NaN
46879	NaN
46880	NaN
46881	NaN
46882	NaN
46883	NaN
46884	NaN
46885	NaN
46886	NaN
46887	NaN
46888	NaN
46889	NaN
46890	NaN
46891	NaN
46892	NaN
46893	NaN
46894	NaN
46895	NaN
46896	NaN
46897	NaN
46898	NaN
46899	NaN
46900	NaN
46901	NaN
46902	NaN
46903	NaN
46904	NaN
46905	NaN
46906	1.88286626
46907	1.25844157
46908	1.02347553
46909	0.90323937
46910	0.83202833
46911	0.78613496
46912	0.75491554
46913	0.73288369
46914	0.71692789
46915	0.70515496
46916	0.69635129
46917	0.68970662
46918	0.68466246
46919	0.68082464
46920	0.67790979
46921	0.67571044
46922	0.67407370
46923	0.67288482
46924	0.67205703
46925	0.67152345
46926	0.67123145
46927	0.67113793
46928	0.67120612
46929	0.67140287
46930	0.67169625
46931	0.67205429
46932	0.67244351
46933	0.67282796
46934	0.67316854
46935	0.67342293
46936	0.67354524
46937	0.67348653
46938	0.67319500
46939	0.67261773
46940	0.67170084
46941	0.67039210
46942	0.66864252
46943	0.66640860
46944	0.66365486
46945	0.66035670
46946	0.65650302
46947	0.65209872
46948	0.64716673
46949	0.64174956
46950	0.63590932
46951	0.62972772
46952	0.62330347
46953	0.61674964
46954	0.61018938
46955	0.60375100
46956	0.59756237
46957	0.59174562
46958	0.58641189
46959	0.58165717
46960	0.57755852
46961	0.57417190
46962	0.57153094
46963	0.56964642
46964	0.56850719
46965	0.56808138
46966	0.56831771
46967	0.56914794
46968	0.57048881
46969	0.57224405
46970	0.57430685
46971	0.57656187
46972	0.57888848
46973	0.58116239
46974	0.58325958
46975	0.58505911
46976	0.58644694
46977	0.58731949
46978	0.58758730
46979	0.58717906
46980	0.58604389
46981	0.58415419
46982	0.58150649
46983	0.57812136
46984	0.57404250
46985	0.56933361
46986	0.56407499
46987	0.55835932
46988	0.55228651
46989	0.54595941
46990	0.53947932
46991	0.53294224
46992	0.52643615
46993	0.52003938
46994	0.51381892
46995	0.50783086
46996	0.50212014
46997	0.49672168
46998	0.49166134
46999	0.48695692
47000	0.48261949
47001	0.47865441
47002	0.47506228
47003	0.47183964
47004	0.46897963
47005	0.46647209
47006	0.46430397
47007	0.46245903
47008	0.46091792
47009	0.45965785
47010	0.45865223
47011	0.45787069
47012	0.45727879
47013	0.45683792
47014	0.45650578
47015	0.45623648
47016	0.45598131
47017	0.45568964
47018	0.45530963
47019	0.45478985
47020	0.45408037
47021	0.45313430
47022	0.45190892
47023	0.45036733
47024	0.44847935
47025	0.44622257
47026	0.44358310
47027	0.44055605
47028	0.43714574
47029	0.43336561
47030	0.42923796
47031	0.42479372
47032	0.42007139
47033	0.41511646
47034	0.40998018
47035	0.40471846
47036	0.39939058
47037	0.39405772
47038	0.38878131
47039	0.38362154
47040	0.37863544
47041	0.37387547
47042	0.36938778
47043	0.36521089
47044	0.36137447
47045	0.35789862
47046	0.35479331
47047	0.35205811
47048	0.34968281
47049	0.34764773
47050	0.34592474
47051	0.34447813
47052	0.34326604
47053	0.34224159
47054	0.34135416
47055	0.34055105
47056	0.33977816
47057	0.33898157
47058	0.33810863
47059	0.33710882
47060	0.33593473
47061	0.33454296
47062	0.33289474
47063	0.33095676
47064	0.32870176
47065	0.32610908
47066	0.32316485
47067	0.31986287
47068	0.31620467
47069	0.31219992
47070	0.30786636
47071	0.30322987
47072	0.29832423
47073	0.29319060
47074	0.28787655
47075	0.28243506
47076	0.27692312
47077	0.27140006
47078	0.26592591
47079	0.26055944
47080	0.25535685
47081	0.25037006
47082	0.24564607
47083	0.24122588
47084	0.23714444
47085	0.23343068
47086	0.23010769
47087	0.22719353
47088	0.22470136
47089	0.22264037
47090	0.22101592
47091	0.21982999
47092	0.21908107
47093	0.21876368
47094	0.21886782
47095	0.21937817
47096	0.22027281
47097	0.22152191
47098	0.22308637
47099	0.22491647
47100	0.22695105
47101	0.22911674
47102	0.23132825
47103	0.23348886
47104	0.23549287
47105	0.23722817
47106	0.23858003
47107	0.23943584
47108	0.23968990
47109	0.23924842
47110	0.23803388
47111	0.23598790
47112	0.23307370
47113	0.22927603
47114	0.22460048
47115	0.21907137
47116	0.21272852
47117	0.20562433
47118	0.19782086
47119	0.18938798
47120	0.18040106
47121	0.17094216
47122	0.16110079
47123	0.15097745
47124	0.14068954
47125	0.13037795
47126	0.12021834
47127	0.11043375
47128	0.10131354
47129	0.09323306
47130	0.08668163
47131	0.08229517
47132	0.08089541
47133	0.08353812
47134	0.09156625
47135	0.10667422
47136	0.13098057
47137	0.16711138
47138	0.21830572
47139	0.28854892
47140	0.38278469
47141	0.50727099
47142	0.67024481
47143	0.88321698
47144	1.16362858
47145	1.54057765
47146	2.06834936
47147	2.86293316
47148	4.22459555
47149	NaN
47150	NaN
47151	NaN
47152	NaN
47153	NaN
47154	NaN
47155	NaN
47156	NaN
47157	NaN
47158	NaN
47159	NaN
47160	NaN
47161	NaN
47162	NaN
47163	NaN
47164	NaN
47165	NaN
47166	NaN
47167	NaN
47168	NaN
47169	NaN
47170	NaN
47171	NaN
47172	NaN
47173	NaN
47174	NaN
47175	NaN
47176	NaN
47177	NaN
47178	NaN
47179	NaN
47180	NaN
47181	NaN
47182	NaN
47183	NaN
47184	NaN
47185	NaN
47186	NaN
47187	NaN
47188	NaN
47189	NaN
47190	NaN
47191	NaN
47192	NaN
47193	NaN
47194	NaN
47195	NaN
47196	NaN
47197	NaN
47198	NaN
47199	NaN
47200	NaN
47201	NaN
47202	NaN
47203	NaN
47204	NaN
47205	NaN
47206	NaN
47207	NaN
47208	NaN
47209	NaN
47210	NaN
47211	NaN
47212	NaN
47213	NaN
47214	NaN
47215	NaN
47216	NaN
47217	NaN
47218	NaN
47219	NaN
47220	NaN
47221	NaN
47222	NaN
47223	NaN
47224	NaN
47225	NaN
47226	NaN
47227	NaN
47228	NaN
47229	NaN
47230	NaN
47231	2.58368921
47232	1.28750503
47233	1.01055801
47234	0.89092767
47235	0.82503241
47236	0.78396577
47237	0.75645912
47238	0.73719585
47239	0.72333133
47240	0.71319818
47241	0.70574963
47242	0.70029223
47243	0.69634604
47244	0.69356698
47245	0.69170153
47246	0.69055825
47247	0.68998992
47248	0.68988186
47249	0.69014275
47250	0.69069958
47251	0.69149250
47252	0.69247121
47253	0.69359261
47254	0.69481802
47255	0.69611114
47256	0.69743663
47257	0.69875860
47258	0.70003951
47259	0.70123905
47260	0.70231414
47261	0.70321792
47262	0.70390034
47263	0.70430791
47264	0.70438498
47265	0.70407474
47266	0.70332080
47267	0.70206922
47268	0.70027119
47269	0.69788557
47270	0.69488174
47271	0.69124293
47272	0.68696827
47273	0.68207562
47274	0.67660260
47275	0.67060751
47276	0.66416860
47277	0.65738201
47278	0.65035951
47279	0.64322400
47280	0.63610548
47281	0.62913555
47282	0.62244248
47283	0.61614650
47284	0.61035514
47285	0.60516012
47286	0.60063410
47287	0.59682935
47288	0.59377640
47289	0.59148407
47290	0.58994001
47291	0.58911180
47292	0.58894831
47293	0.58938193
47294	0.59033054
47295	0.59169984
47296	0.59338605
47297	0.59527874
47298	0.59726351
47299	0.59922504
47300	0.60105085
47301	0.60263371
47302	0.60387540
47303	0.60468954
47304	0.60500413
47305	0.60476381
47306	0.60393113
47307	0.60248756
47308	0.60043269
47309	0.59778398
47310	0.59457421
47311	0.59084952
47312	0.58666664
47313	0.58208960
47314	0.57718688
47315	0.57202864
47316	0.56668401
47317	0.56121969
47318	0.55569768
47319	0.55017471
47320	0.54470152
47321	0.53932261
47322	0.53407627
47323	0.52899480
47324	0.52410531
47325	0.51942980
47326	0.51498580
47327	0.51078707
47328	0.50684363
47329	0.50316221
47330	0.49974629
47331	0.49659598
47332	0.49370801
47333	0.49107528
47334	0.48868695
47335	0.48652816
47336	0.48457986
47337	0.48281905
47338	0.48121881
47339	0.47974882
47340	0.47837585
47341	0.47706425
47342	0.47577688
47343	0.47447565
47344	0.47312289
47345	0.47168168
47346	0.47011709
47347	0.46839681
47348	0.46649218
47349	0.46437857
47350	0.46203628
47351	0.45945084
47352	0.45661351
47353	0.45352134
47354	0.45017779
47355	0.44659206
47356	0.44277966
47357	0.43876168
47358	0.43456456
47359	0.43021980
47360	0.42576277
47361	0.42123240
47362	0.41667020
47363	0.41211888
47364	0.40762189
47365	0.40322149
47366	0.39895797
47367	0.39486805
47368	0.39098406
47369	0.38733250
47370	0.38393340
47371	0.38079971
47372	0.37793699
47373	0.37534362
47374	0.37301096
47375	0.37092409
47376	0.36906251
47377	0.36740121
47378	0.36591139
47379	0.36456165
47380	0.36331892
47381	0.36214915
47382	0.36101836
47383	0.35989320
47384	0.35874155
47385	0.35753310
47386	0.35623959
47387	0.35483512
47388	0.35329637
47389	0.35160238
47390	0.34973466
47391	0.34767720
47392	0.34541595
47393	0.34293911
47394	0.34023705
47395	0.33730227
47396	0.33413002
47397	0.33071867
47398	0.32707033
47399	0.32319149
47400	0.31909424
47401	0.31479648
47402	0.31032270
47403	0.30570406
47404	0.30097786
47405	0.29618701
47406	0.29137829
47407	0.28660095
47408	0.28190529
47409	0.27734038
47410	0.27295339
47411	0.26878771
47412	0.26488259
47413	0.26127219
47414	0.25798544
47415	0.25504562
47416	0.25247055
47417	0.25027245
47418	0.24845767
47419	0.24702713
47420	0.24597561
47421	0.24529159
47422	0.24495712
47423	0.24494731
47424	0.24522983
47425	0.24576467
47426	0.24650393
47427	0.24739192
47428	0.24836563
47429	0.24935518
47430	0.25028533
47431	0.25107709
47432	0.25164962
47433	0.25192305
47434	0.25182071
47435	0.25127155
47436	0.25021273
47437	0.24859169
47438	0.24636714
47439	0.24350999
47440	0.24000344
47441	0.23584284
47442	0.23103485
47443	0.22559622
47444	0.21955343
47445	0.21294187
47446	0.20580612
47447	0.19820005
47448	0.19018857
47449	0.18184936
47450	0.17327575
47451	0.16458097
47452	0.15590099
47453	0.14740065
47454	0.13927828
47455	0.13177195
47456	0.12516584
47457	0.11979605
47458	0.11605730
47459	0.11440913
47460	0.11538316
47461	0.11958752
47462	0.12771422
47463	0.14054616
47464	0.15896776
47465	0.18398440
47466	0.21675257
47467	0.25863698
47468	0.31130892
47469	0.37691838
47470	0.45839205
47471	0.55995637
47472	0.68809760
47473	0.85342264
47474	1.07458186
47475	1.38752198
47476	1.87106860
47477	2.73667479
47478	NaN
47479	NaN
47480	NaN
47481	NaN
47482	NaN
47483	NaN
47484	NaN
47485	NaN
47486	NaN
47487	NaN
47488	NaN
47489	NaN
47490	NaN
47491	NaN
47492	NaN
47493	NaN
47494	NaN
47495	NaN
47496	NaN
47497	NaN
47498	NaN
47499	NaN
47500	NaN
47501	NaN
47502	NaN
47503	NaN
47504	NaN
47505	NaN
47506	NaN
47507	NaN
47508	NaN
47509	NaN
47510	NaN
47511	NaN
47512	NaN
47513	NaN
47514	NaN
47515	NaN
47516	NaN
47517	NaN
47518	NaN
47519	NaN
47520	NaN
47521	NaN
47522	NaN
47523	NaN
47524	NaN
47525	NaN
47526	NaN
47527	NaN
47528	NaN
47529	NaN
47530	NaN
47531	NaN
47532	NaN
47533	NaN
47534	NaN
47535	NaN
47536	NaN
47537	NaN
47538	NaN
47539	NaN
47540	NaN
47541	NaN
47542	NaN
47543	NaN
47544	NaN
47545	NaN
47546	NaN
47547	NaN
47548	NaN
47549	NaN
47550	NaN
47551	NaN
47552	NaN
47553	NaN
47554	NaN
47555	NaN
47556	NaN
47557	NaN
47558	NaN
47559	NaN
47560	NaN
47561	NaN
47562	3.13961792
47563	1.39371860
47564	1.06216276
47565	0.92417675
47566	0.84993047
47567	0.80442417
47568	0.77427065
47569	0.75323951
47570	0.73803705
47571	0.72675723
47572	0.71821982
47573	0.71165591
47574	0.70654386
47575	0.70251822
47576	0.69931734
47577	0.69675010
47578	0.69467521
47579	0.69298732
47580	0.69160783
47581	0.69047749
47582	0.68955207
47583	0.68879789
47584	0.68818915
47585	0.68770510
47586	0.68732822
47587	0.68704182
47588	0.68682903
47589	0.68667132
47590	0.68654704
47591	0.68643123
47592	0.68629420
47593	0.68610173
47594	0.68581468
47595	0.68538892
47596	0.68477619
47597	0.68392467
47598	0.68278068
47599	0.68129003
47600	0.67940086
47601	0.67706585
47602	0.67424566
47603	0.67091227
47604	0.66705227
47605	0.66266978
47606	0.65778917
47607	0.65245622
47608	0.64673847
47609	0.64072418
47610	0.63451922
47611	0.62824363
47612	0.62202615
47613	0.61599863
47614	0.61029023
47615	0.60502160
47616	0.60029984
47617	0.59621429
47618	0.59283382
47619	0.59020436
47620	0.58834839
47621	0.58726478
47622	0.58692944
47623	0.58729708
47624	0.58830214
47625	0.58986127
47626	0.59187543
47627	0.59423214
47628	0.59680814
47629	0.59947222
47630	0.60208815
47631	0.60451847
47632	0.60662788
47633	0.60828763
47634	0.60937965
47635	0.60980099
47636	0.60946804
47637	0.60832030
47638	0.60632330
47639	0.60347050
47640	0.59978384
47641	0.59531242
47642	0.59013003
47643	0.58433092
47644	0.57802486
47645	0.57133114
47646	0.56437272
47647	0.55727106
47648	0.55014074
47649	0.54308659
47650	0.53620034
47651	0.52955949
47652	0.52322674
47653	0.51725042
47654	0.51166517
47655	0.50649339
47656	0.50174665
47657	0.49742749
47658	0.49353057
47659	0.49004441
47660	0.48695239
47661	0.48423374
47662	0.48186427
47663	0.47981706
47664	0.47806263
47665	0.47656924
47666	0.47530317
47667	0.47422892
47668	0.47330916
47669	0.47250536
47670	0.47177786
47671	0.47108629
47672	0.47039026
47673	0.46964952
47674	0.46882480
47675	0.46787831
47676	0.46677428
47677	0.46547970
47678	0.46396476
47679	0.46220359
47680	0.46017486
47681	0.45786196
47682	0.45525384
47683	0.45234516
47684	0.44913658
47685	0.44563493
47686	0.44185349
47687	0.43781161
47688	0.43353456
47689	0.42905343
47690	0.42440420
47691	0.41962758
47692	0.41476762
47693	0.40987140
47694	0.40498760
47695	0.40016553
47696	0.39545372
47697	0.39089882
47698	0.38654399
47699	0.38242772
47700	0.37858245
47701	0.37503356
47702	0.37179837
47703	0.36888555
47704	0.36629468
47705	0.36401650
47706	0.36203313
47707	0.36031845
47708	0.35883963
47709	0.35755768
47710	0.35642916
47711	0.35540721
47712	0.35444319
47713	0.35348794
47714	0.35249296
47715	0.35141149
47716	0.35019967
47717	0.34881702
47718	0.34722748
47719	0.34539983
47720	0.34330809
47721	0.34093231
47722	0.33825850
47723	0.33527926
47724	0.33199400
47725	0.32840911
47726	0.32453796
47727	0.32040095
47728	0.31602523
47729	0.31144413
47730	0.30669689
47731	0.30182743
47732	0.29688376
47733	0.29191631
47734	0.28697708
47735	0.28211787
47736	0.27738926
47737	0.27283895
47738	0.26851079
47739	0.26444364
47740	0.26067093
47741	0.25721982
47742	0.25411150
47743	0.25136116
47744	0.24897811
47745	0.24696670
47746	0.24532667
47747	0.24405341
47748	0.24313861
47749	0.24257016
47750	0.24233238
47751	0.24240533
47752	0.24276467
47753	0.24338076
47754	0.24421808
47755	0.24523452
47756	0.24638078
47757	0.24759988
47758	0.24882717
47759	0.24999079
47760	0.25101271
47761	0.25180990
47762	0.25229719
47763	0.25238994
47764	0.25200740
47765	0.25107676
47766	0.24953635
47767	0.24733873
47768	0.24445315
47769	0.24086678
47770	0.23658432
47771	0.23162763
47772	0.22603300
47773	0.21984895
47774	0.21313414
47775	0.20595361
47776	0.19837767
47777	0.19048050
47778	0.18234010
47779	0.17403907
47780	0.16566688
47781	0.15732335
47782	0.14912327
47783	0.14120291
47784	0.13372645
47785	0.12689501
47786	0.12095574
47787	0.11621179
47788	0.11303360
47789	0.11186645
47790	0.11323899
47791	0.11776547
47792	0.12614432
47793	0.13914545
47794	0.15759052
47795	0.18232369
47796	0.21417524
47797	0.25392896
47798	0.30229670
47799	0.35992315
47800	0.42743289
47801	0.50554258
47802	0.59525657
47803	0.69819790
47804	0.81713557
47805	0.95688969
47806	1.12602222
47807	1.34032559
47808	1.63110495
47809	2.06845665
47810	2.84506226
47811	NaN
47812	NaN
47813	NaN
47814	NaN
47815	NaN
47816	NaN
47817	NaN
47818	NaN
47819	NaN
47820	NaN
47821	NaN
47822	NaN
47823	NaN
47824	NaN
47825	NaN
47826	NaN
47827	NaN
47828	NaN
47829	NaN
47830	NaN
47831	NaN
47832	NaN
47833	NaN
47834	NaN
47835	NaN
47836	NaN
47837	NaN
47838	NaN
47839	NaN
47840	NaN
47841	NaN
47842	NaN
47843	NaN
47844	NaN
47845	NaN
47846	NaN
47847	NaN
47848	NaN
47849	NaN
47850	NaN
47851	NaN
47852	NaN
47853	NaN
47854	NaN
47855	NaN
47856	NaN
47857	NaN
47858	NaN
47859	NaN
47860	NaN
47861	NaN
47862	NaN
47863	NaN
47864	NaN
47865	NaN
47866	NaN
47867	NaN
47868	NaN
47869	NaN
47870	NaN
47871	NaN
47872	NaN
47873	NaN
47874	NaN
47875	NaN
47876	NaN
47877	NaN
47878	NaN
47879	NaN
47880	NaN
47881	NaN
47882	NaN
47883	NaN
47884	NaN
47885	NaN
47886	NaN
47887	NaN
47888	NaN
47889	NaN
47890	NaN
47891	NaN
47892	2.74861312
47893	1.45852780
47894	1.12383246
47895	0.97320861
47896	0.88954222
47897	0.83765370
47898	0.80330038
47899	0.77961040
47900	0.76285511
47901	0.75083387
47902	0.74216229
47903	0.73592490
47904	0.73149234
47905	0.72841793
47906	0.72637671
47907	0.72512740
47908	0.72448844
47909	0.72432125
47910	0.72451943
47911	0.72500062
47912	0.72570044
47913	0.72656798
47914	0.72756213
47915	0.72864836
47916	0.72979605
47917	0.73097634
47918	0.73215997
47919	0.73331559
47920	0.73440844
47921	0.73539931
47922	0.73624337
47923	0.73689038
47924	0.73728395
47925	0.73736292
47926	0.73706132
47927	0.73631048
47928	0.73504150
47929	0.73318756
47930	0.73068774
47931	0.72749096
47932	0.72356004
47933	0.71887642
47934	0.71344364
47935	0.70729077
47936	0.70047414
47937	0.69307804
47938	0.68521285
47939	0.67701215
47940	0.66862738
47941	0.66022199
47942	0.65196401
47943	0.64401871
47944	0.63654214
47945	0.62967426
47946	0.62353462
47947	0.61821842
47948	0.61379451
47949	0.61030412
47950	0.60776114
47951	0.60615301
47952	0.60544217
47953	0.60556829
47954	0.60645044
47955	0.60798973
47956	0.61007220
47957	0.61257154
47958	0.61535257
47959	0.61827421
47960	0.62119395
47961	0.62397081
47962	0.62646991
47963	0.62856656
47964	0.63014960
47965	0.63112563
47966	0.63142127
47967	0.63098556
47968	0.62979138
47969	0.62783509
47970	0.62513602
47971	0.62173438
47972	0.61768830
47973	0.61307061
47974	0.60796469
47975	0.60246068
47976	0.59665138
47977	0.59062904
47978	0.58448195
47979	0.57829231
47980	0.57213444
47981	0.56607342
47982	0.56016487
47983	0.55445480
47984	0.54897976
47985	0.54376775
47986	0.53883904
47987	0.53420711
47988	0.52987951
47989	0.52585912
47990	0.52214479
47991	0.51873201
47992	0.51561344
47993	0.51277918
47994	0.51021695
47995	0.50791216
47996	0.50584775
47997	0.50400400
47998	0.50235885
47999	0.50088733
48000	0.49956217
48001	0.49835342
48002	0.49722916
48003	0.49615553
48004	0.49509764
48005	0.49401972
48006	0.49288589
48007	0.49166119
48008	0.49031186
48009	0.48880625
48010	0.48711547
48011	0.48521414
48012	0.48308101
48013	0.48069963
48014	0.47805884
48015	0.47515348
48016	0.47198445
48017	0.46855938
48018	0.46489280
48019	0.46100569
48020	0.45692581
48021	0.45268685
48022	0.44832787
48023	0.44389233
48024	0.43942714
48025	0.43498093
48026	0.43060282
48027	0.42634082
48028	0.42223987
48029	0.41834065
48030	0.41467792
48031	0.41127935
48032	0.40816465
48033	0.40534493
48034	0.40282238
48035	0.40059042
48036	0.39863417
48037	0.39693111
48038	0.39545199
48039	0.39416197
48040	0.39302170
48041	0.39198872
48042	0.39101851
48043	0.39006558
48044	0.38908467
48045	0.38803163
48046	0.38686439
48047	0.38554364
48048	0.38403356
48049	0.38230234
48050	0.38032293
48051	0.37807316
48052	0.37553623
48053	0.37270087
48054	0.36956134
48055	0.36611795
48056	0.36237663
48057	0.35834906
48058	0.35405275
48059	0.34951076
48060	0.34475166
48061	0.33980912
48062	0.33472124
48063	0.32953027
48064	0.32428142
48065	0.31902212
48066	0.31380072
48067	0.30866548
48068	0.30366316
48069	0.29883820
48070	0.29423147
48071	0.28987959
48072	0.28581458
48073	0.28206328
48074	0.27864754
48075	0.27558422
48076	0.27288520
48077	0.27055791
48078	0.26860526
48079	0.26702565
48080	0.26581278
48081	0.26495582
48082	0.26443863
48083	0.26423964
48084	0.26433119
48085	0.26467925
48086	0.26524279
48087	0.26597390
48088	0.26681733
48089	0.26771092
48090	0.26858625
48091	0.26936942
48092	0.26998278
48093	0.27034670
48094	0.27038181
48095	0.27001160
48096	0.26916486
48097	0.26777846
48098	0.26579884
48099	0.26318404
48100	0.25990447
48101	0.25594333
48102	0.25129616
48103	0.24597032
48104	0.23998378
48105	0.23336430
48106	0.22614868
48107	0.21838187
48108	0.21011695
48109	0.20141561
48110	0.19234915
48111	0.18299976
48112	0.17346264
48113	0.16384840
48114	0.15428622
48115	0.14492694
48116	0.13594589
48117	0.12754630
48118	0.11996169
48119	0.11345737
48120	0.10833162
48121	0.10491266
48122	0.10355553
48123	0.10463485
48124	0.10853674
48125	0.11564618
48126	0.12633510
48127	0.14095114
48128	0.15980773
48129	0.18318297
48130	0.21132229
48131	0.24445623
48132	0.28282994
48133	0.32675162
48134	0.37666044
48135	0.43322748
48136	0.49750239
48137	0.57113874
48138	0.65676510
48139	0.75863099
48140	0.88384861
48141	1.04496765
48142	1.26600897
48143	1.59891367
48144	2.17985320
48145	3.51466799
48146	NaN
48147	NaN
48148	NaN
48149	NaN
48150	NaN
48151	NaN
48152	NaN
48153	NaN
48154	NaN
48155	NaN
48156	NaN
48157	NaN
48158	NaN
48159	NaN
48160	NaN
48161	NaN
48162	NaN
48163	NaN
48164	NaN
48165	NaN
48166	NaN
48167	NaN
48168	NaN
48169	NaN
48170	NaN
48171	NaN
48172	NaN
48173	NaN
48174	NaN
48175	NaN
48176	NaN
48177	NaN
48178	NaN
48179	NaN
48180	NaN
48181	NaN
48182	NaN
48183	NaN
48184	NaN
48185	NaN
48186	NaN
48187	NaN
48188	NaN
48189	NaN
48190	NaN
48191	NaN
48192	NaN
48193	NaN
48194	NaN
48195	NaN
48196	NaN
48197	NaN
48198	NaN
48199	NaN
48200	NaN
48201	NaN
48202	NaN
48203	NaN
48204	NaN
48205	NaN
48206	NaN
48207	NaN
48208	NaN
48209	NaN
48210	NaN
48211	NaN
48212	NaN
48213	NaN
48214	NaN
48215	NaN
48216	NaN
48217	NaN
48218	NaN
48219	NaN
48220	NaN
48221	NaN
48222	NaN
48223	NaN
48224	NaN
48225	NaN
48226	NaN
48227	NaN
48228	NaN
48229	1.38673580
48230	1.02209115
48231	0.88604975
48232	0.81767941
48233	0.77817440
48234	0.75348306
48235	0.73728859
48236	0.72633559
48237	0.71877998
48238	0.71350384
48239	0.70979577
48240	0.70718455
48241	0.70535076
48242	0.70407337
48243	0.70319784
48244	0.70261568
48245	0.70225060
48246	0.70204908
48247	0.70197374
48248	0.70199871
48249	0.70210564
48250	0.70228106
48251	0.70251417
48252	0.70279509
48253	0.70311320
48254	0.70345587
48255	0.70380765
48256	0.70414913
48257	0.70445633
48258	0.70469993
48259	0.70484519
48260	0.70485145
48261	0.70467228
48262	0.70425594
48263	0.70354611
48264	0.70248312
48265	0.70100576
48266	0.69905370
48267	0.69657075
48268	0.69350809
48269	0.68982887
48270	0.68551213
48271	0.68055761
48272	0.67498881
48273	0.66885632
48274	0.66223836
48275	0.65524006
48276	0.64799076
48277	0.64063877
48278	0.63334489
48279	0.62627453
48280	0.61958981
48281	0.61344171
48282	0.60796344
48283	0.60326523
48284	0.59943026
48285	0.59651333
48286	0.59453970
48287	0.59350598
48288	0.59338158
48289	0.59411079
48290	0.59561503
48291	0.59779543
48292	0.60053539
48293	0.60370320
48294	0.60715503
48295	0.61073786
48296	0.61429298
48297	0.61765969
48298	0.62067997
48299	0.62320256
48300	0.62508869
48301	0.62621683
48302	0.62648773
48303	0.62582916
48304	0.62419909
48305	0.62158799
48306	0.61801952
48307	0.61354887
48308	0.60826004
48309	0.60226083
48310	0.59567702
48311	0.58864564
48312	0.58130836
48313	0.57380503
48314	0.56626815
48315	0.55881864
48316	0.55156273
48317	0.54459012
48318	0.53797364
48319	0.53176945
48320	0.52601779
48321	0.52074522
48322	0.51596582
48323	0.51168334
48324	0.50789291
48325	0.50458235
48326	0.50173390
48327	0.49932477
48328	0.49732828
48329	0.49571428
48330	0.49444923
48331	0.49349666
48332	0.49281725
48333	0.49236894
48334	0.49210694
48335	0.49198428
48336	0.49195176
48337	0.49195886
48338	0.49195379
48339	0.49188462
48340	0.49169976
48341	0.49134922
48342	0.49078518
48343	0.48996326
48344	0.48884338
48345	0.48739070
48346	0.48557630
48347	0.48337802
48348	0.48078078
48349	0.47777712
48350	0.47436732
48351	0.47055969
48352	0.46637017
48353	0.46182284
48354	0.45694908
48355	0.45178783
48356	0.44638452
48357	0.44079098
48358	0.43506461
48359	0.42926717
48360	0.42346391
48361	0.41772211
48362	0.41210935
48363	0.40669161
48364	0.40153155
48365	0.39668602
48366	0.39220431
48367	0.38812622
48368	0.38448048
48369	0.38128379
48370	0.37854013
48371	0.37624055
48372	0.37436402
48373	0.37287804
48374	0.37174019
48375	0.37089971
48376	0.37029928
48377	0.36987695
48378	0.36956808
48379	0.36930680
48380	0.36902773
48381	0.36866722
48382	0.36816469
48383	0.36746332
48384	0.36651126
48385	0.36526203
48386	0.36367559
48387	0.36171889
48388	0.35936633
48389	0.35660064
48390	0.35341343
48391	0.34980524
48392	0.34578648
48393	0.34137708
48394	0.33660641
48395	0.33151335
48396	0.32614514
48397	0.32055682
48398	0.31480977
48399	0.30897039
48400	0.30310804
48401	0.29729363
48402	0.29159716
48403	0.28608599
48404	0.28082290
48405	0.27586493
48406	0.27126193
48407	0.26705584
48408	0.26328090
48409	0.25996301
48410	0.25712121
48411	0.25476757
48412	0.25290850
48413	0.25154528
48414	0.25067484
48415	0.25029042
48416	0.25038120
48417	0.25093237
48418	0.25192437
48419	0.25333229
48420	0.25512379
48421	0.25725803
48422	0.25968373
48423	0.26233697
48424	0.26514038
48425	0.26800144
48426	0.27081281
48427	0.27345321
48428	0.27579072
48429	0.27768645
48430	0.27900082
48431	0.27960080
48432	0.27936700
48433	0.27820152
48434	0.27603331
48435	0.27282217
48436	0.26856047
48437	0.26327127
48438	0.25700545
48439	0.24983583
48440	0.24185154
48441	0.23315208
48442	0.22384240
48443	0.21402891
48444	0.20381841
48445	0.19331793
48446	0.18263774
48447	0.17189644
48448	0.16122808
48449	0.15079218
48450	0.14078683
48451	0.13146603
48452	0.12315927
48453	0.11629856
48454	0.11145099
48455	0.10935894
48456	0.11099121
48457	0.11760151
48458	0.13080241
48459	0.15264849
48460	0.18573304
48461	0.23330000
48462	0.29936931
48463	0.38890222
48464	0.50804180
48465	0.66454190
48466	0.86860013
48467	1.13459384
48468	1.48482060
48469	1.95795250
48470	2.62998390
48471	3.67501473
48472	NaN
48473	NaN
48474	NaN
48475	NaN
48476	NaN
48477	NaN
48478	NaN
48479	NaN
48480	NaN
48481	NaN
48482	NaN
48483	NaN
48484	NaN
48485	NaN
48486	NaN
48487	NaN
48488	NaN
48489	NaN
48490	NaN
48491	NaN
48492	NaN
48493	NaN
48494	NaN
48495	NaN
48496	NaN
48497	NaN
48498	NaN
48499	NaN
48500	NaN
48501	NaN
48502	NaN
48503	NaN
48504	NaN
48505	NaN
48506	NaN
48507	NaN
48508	NaN
48509	NaN
48510	NaN
48511	NaN
48512	NaN
48513	NaN
48514	NaN
48515	NaN
48516	NaN
48517	NaN
48518	NaN
48519	NaN
48520	NaN
48521	NaN
48522	NaN
48523	NaN
48524	NaN
48525	NaN
48526	NaN
48527	NaN
48528	NaN
48529	NaN
48530	NaN
48531	NaN
48532	NaN
48533	NaN
48534	NaN
48535	NaN
48536	NaN
48537	NaN
48538	NaN
48539	NaN
48540	NaN
48541	NaN
48542	NaN
48543	NaN
48544	NaN
48545	NaN
48546	NaN
48547	NaN
48548	NaN
48549	NaN
48550	NaN
48551	NaN
48552	NaN
48553	NaN
48554	NaN
48555	NaN
48556	NaN
48557	NaN
48558	NaN
48559	NaN
48560	NaN
48561	NaN
48562	NaN
48563	NaN
48564	NaN
48565	NaN
48566	NaN
48567	1.23376775
48568	0.92186832
48569	0.80435991
48570	0.74708194
48571	0.71589410
48572	0.69811183
48573	0.68794817
48574	0.68239558
48575	0.67974663
48576	0.67896962
48577	0.67941213
48578	0.68064910
48579	0.68239754
48580	0.68446726
48581	0.68672991
48582	0.68909925
48583	0.69151831
48584	0.69394994
48585	0.69637036
48586	0.69876456
48587	0.70112234
48588	0.70343572
48589	0.70569623
48590	0.70789349
48591	0.71001375
48592	0.71203858
48593	0.71394408
48594	0.71570081
48595	0.71727294
48596	0.71861857
48597	0.71969038
48598	0.72043592
48599	0.72079879
48600	0.72072065
48601	0.72014266
48602	0.71900845
48603	0.71726674
48604	0.71487445
48605	0.71180028
48606	0.70802778
48607	0.70355815
48608	0.69841301
48609	0.69263566
48610	0.68629175
48611	0.67946863
48612	0.67227328
48613	0.66482913
48614	0.65727162
48615	0.64974278
48616	0.64238572
48617	0.63533920
48618	0.62873143
48619	0.62267625
48620	0.61726856
48621	0.61258191
48622	0.60866672
48623	0.60554910
48624	0.60323155
48625	0.60169333
48626	0.60089213
48627	0.60076565
48628	0.60123414
48629	0.60220301
48630	0.60356498
48631	0.60520416
48632	0.60699821
48633	0.60882252
48634	0.61055356
48635	0.61207241
48636	0.61326867
48637	0.61404335
48638	0.61431247
48639	0.61400920
48640	0.61308610
48641	0.61151600
48642	0.60929221
48643	0.60642809
48644	0.60295534
48645	0.59892190
48646	0.59438908
48647	0.58942819
48648	0.58411729
48649	0.57853776
48650	0.57277131
48651	0.56689727
48652	0.56099033
48653	0.55511880
48654	0.54934371
48655	0.54371798
48656	0.53828651
48657	0.53308594
48658	0.52814555
48659	0.52348757
48660	0.51912779
48661	0.51507694
48662	0.51134050
48663	0.50792015
48664	0.50481355
48665	0.50201499
48666	0.49951535
48667	0.49730203
48668	0.49535906
48669	0.49366653
48670	0.49220073
48671	0.49093392
48672	0.48983443
48673	0.48886707
48674	0.48799318
48675	0.48717168
48676	0.48635960
48677	0.48551315
48678	0.48458859
48679	0.48354337
48680	0.48233700
48681	0.48093206
48682	0.47929493
48683	0.47739682
48684	0.47521392
48685	0.47272861
48686	0.46992928
48687	0.46681139
48688	0.46337727
48689	0.45963651
48690	0.45560613
48691	0.45131037
48692	0.44678038
48693	0.44205397
48694	0.43717477
48695	0.43219137
48696	0.42715630
48697	0.42212471
48698	0.41715294
48699	0.41229683
48700	0.40761009
48701	0.40314275
48702	0.39893952
48703	0.39503816
48704	0.39146858
48705	0.38825175
48706	0.38539904
48707	0.38291216
48708	0.38078302
48709	0.37899458
48710	0.37752104
48711	0.37632921
48712	0.37537944
48713	0.37462679
48714	0.37402254
48715	0.37351513
48716	0.37305161
48717	0.37257883
48718	0.37204438
48719	0.37139788
48720	0.37059167
48721	0.36958170
48722	0.36832815
48723	0.36679637
48724	0.36495686
48725	0.36278602
48726	0.36026657
48727	0.35738739
48728	0.35414448
48729	0.35054040
48730	0.34658504
48731	0.34229538
48732	0.33769551
48733	0.33281669
48734	0.32769677
48735	0.32237971
48736	0.31691471
48737	0.31135547
48738	0.30575851
48739	0.30018228
48740	0.29468569
48741	0.28932664
48742	0.28416124
48743	0.27924237
48744	0.27461931
48745	0.27033693
48746	0.26643586
48747	0.26295212
48748	0.25991759
48749	0.25735986
48750	0.25530291
48751	0.25376707
48752	0.25276873
48753	0.25232044
48754	0.25242990
48755	0.25309902
48756	0.25432298
48757	0.25608799
48758	0.25837019
48759	0.26113325
48760	0.26432735
48761	0.26788679
48762	0.27172989
48763	0.27575812
48764	0.27985671
48765	0.28389704
48766	0.28773838
48767	0.29123268
48768	0.29422879
48769	0.29657817
48770	0.29814070
48771	0.29878923
48772	0.29841483
48773	0.29692936
48774	0.29426831
48775	0.29039046
48776	0.28527772
48777	0.27893338
48778	0.27137995
48779	0.26265728
48780	0.25281996
48781	0.24193624
48782	0.23008773
48783	0.21737050
48784	0.20389631
48785	0.18979707
48786	0.17522921
48787	0.16038015
48788	0.14547653
48789	0.13079140
48790	0.11665381
48791	0.10345747
48792	0.09166805
48793	0.08183034
48794	0.07456906
48795	0.07058889
48796	0.07066836
48797	0.07565138
48798	0.08643275
48799	0.10394859
48800	0.12917183
48801	0.16312484
48802	0.20692070
48803	0.26184720
48804	0.32952327
48805	0.41216508
48806	0.51304305
48807	0.63727850
48808	0.79334658
48809	0.99613583
48810	1.27393115
48811	1.68692112
48812	2.38802075
48813	3.90893245
48814	NaN
48815	NaN
48816	NaN
48817	NaN
48818	NaN
48819	NaN
48820	NaN
48821	NaN
48822	NaN
48823	NaN
48824	NaN
48825	NaN
48826	NaN
48827	NaN
48828	NaN
48829	NaN
48830	NaN
48831	NaN
48832	NaN
48833	NaN
48834	NaN
48835	NaN
48836	NaN
48837	NaN
48838	NaN
48839	NaN
48840	NaN
48841	NaN
48842	NaN
48843	NaN
48844	NaN
48845	NaN
48846	NaN
48847	NaN
48848	NaN
48849	NaN
48850	NaN
48851	NaN
48852	NaN
48853	NaN
48854	NaN
48855	NaN
48856	NaN
48857	NaN
48858	NaN
48859	NaN
48860	NaN
48861	NaN
48862	NaN
48863	NaN
48864	NaN
48865	NaN
48866	NaN
48867	NaN
48868	NaN
48869	NaN
48870	NaN
48871	NaN
48872	NaN
48873	NaN
48874	NaN
48875	NaN
48876	NaN
48877	NaN
48878	NaN
48879	NaN
48880	NaN
48881	NaN
48882	NaN
48883	NaN
48884	NaN
48885	NaN
48886	NaN
48887	NaN
48888	NaN
48889	NaN
48890	NaN
48891	NaN
48892	NaN
48893	NaN
48894	NaN
48895	NaN
48896	NaN
48897	NaN
48898	NaN
48899	NaN
48900	NaN
48901	NaN
48902	NaN
48903	NaN
48904	NaN
48905	NaN
48906	NaN
48907	2.22923231
48908	1.23073936
48909	0.97160870
48910	0.85751361
48911	0.79603595
48912	0.75922060
48913	0.73573571
48914	0.72013175
48915	0.70947707
48916	0.70206624
48917	0.69684780
48918	0.69314533
48919	0.69050974
48920	0.68863499
48921	0.68730867
48922	0.68638134
48923	0.68574631
48924	0.68532658
48925	0.68506610
48926	0.68492323
48927	0.68486637
48928	0.68487054
48929	0.68491501
48930	0.68498117
48931	0.68505120
48932	0.68510658
48933	0.68512738
48934	0.68509138
48935	0.68497354
48936	0.68474555
48937	0.68437576
48938	0.68382907
48939	0.68306714
48940	0.68204886
48941	0.68073112
48942	0.67906988
48943	0.67702204
48944	0.67454654
48945	0.67160797
48946	0.66817826
48947	0.66424042
48948	0.65979165
48949	0.65484631
48950	0.64943838
48951	0.64362299
48952	0.63747674
48953	0.63109642
48954	0.62459618
48955	0.61810267
48956	0.61174995
48957	0.60567313
48958	0.60000151
48959	0.59485316
48960	0.59032935
48961	0.58651066
48962	0.58345443
48963	0.58119363
48964	0.57973629
48965	0.57906646
48966	0.57914555
48967	0.57991421
48968	0.58129436
48969	0.58319157
48970	0.58549720
48971	0.58809119
48972	0.59084451
48973	0.59362227
48974	0.59628654
48975	0.59870011
48976	0.60073042
48977	0.60225350
48978	0.60315865
48979	0.60335213
48980	0.60276181
48981	0.60134017
48982	0.59906673
48983	0.59594893
48984	0.59202224
48985	0.58734781
48986	0.58200949
48987	0.57610875
48988	0.56975943
48989	0.56308204
48990	0.55619776
48991	0.54922372
48992	0.54226822
48993	0.53542799
48994	0.52878582
48995	0.52241015
48996	0.51635456
48997	0.51065898
48998	0.50535101
48999	0.50044733
49000	0.49595562
49001	0.49187636
49002	0.48820424
49003	0.48492953
49004	0.48203906
49005	0.47951701
49006	0.47734535
49007	0.47550389
49008	0.47397032
49009	0.47272015
49010	0.47172597
49011	0.47095776
49012	0.47038218
49013	0.46996251
49014	0.46965888
49015	0.46942833
49016	0.46922499
49017	0.46900102
49018	0.46870750
49019	0.46829513
49020	0.46771550
49021	0.46692255
49022	0.46587342
49023	0.46452999
49024	0.46285978
49025	0.46083692
49026	0.45844316
49027	0.45566821
49028	0.45251024
49029	0.44897622
49030	0.44508180
49031	0.44085097
49032	0.43631598
49033	0.43151632
49034	0.42649809
49035	0.42131314
49036	0.41601759
49037	0.41067085
49038	0.40533391
49039	0.40006799
49040	0.39493293
49041	0.38998544
49042	0.38527778
49043	0.38085595
49044	0.37675861
49045	0.37301558
49046	0.36964723
49047	0.36666375
49048	0.36406481
49049	0.36183983
49050	0.35996833
49051	0.35842070
49052	0.35715941
49053	0.35614005
49054	0.35531285
49055	0.35462427
49056	0.35401812
49057	0.35343730
49058	0.35282493
49059	0.35212538
49060	0.35128564
49061	0.35025594
49062	0.34899065
49063	0.34744895
49064	0.34559572
49065	0.34340200
49066	0.34084550
49067	0.33791161
49068	0.33459342
49069	0.33089262
49070	0.32681960
49071	0.32239369
49072	0.31764299
49073	0.31260419
49074	0.30732173
49075	0.30184680
49076	0.29623613
49077	0.29055011
49078	0.28485134
49079	0.27920234
49080	0.27366373
49081	0.26829270
49082	0.26314098
49083	0.25825420
49084	0.25367075
49085	0.24942160
49086	0.24553023
49087	0.24201319
49088	0.23888072
49089	0.23613764
49090	0.23378415
49091	0.23181649
49092	0.23022775
49093	0.22900784
49094	0.22814353
49095	0.22761813
49096	0.22741070
49097	0.22749552
49098	0.22784045
49099	0.22840656
49100	0.22914697
49101	0.23000659
49102	0.23092134
49103	0.23181920
49104	0.23262106
49105	0.23324235
49106	0.23359607
49107	0.23359583
49108	0.23315963
49109	0.23221345
49110	0.23069501
49111	0.22855677
49112	0.22576723
49113	0.22231181
49114	0.21819213
49115	0.21342485
49116	0.20803855
49117	0.20207146
49118	0.19556877
49119	0.18858013
49120	0.18115890
49121	0.17336060
49122	0.16524443
49123	0.15687481
49124	0.14832450
49125	0.13968061
49126	0.13104944
49127	0.12256597
49128	0.11440325
49129	0.10678511
49130	0.09999828
49131	0.09440752
49132	0.09046970
49133	0.08874560
49134	0.08990883
49135	0.09474370
49136	0.10413262
49137	0.11902605
49138	0.14039513
49139	0.16916181
49140	0.20612241
49141	0.25187054
49142	0.30674329
49143	0.37081382
49144	0.44394156
49145	0.52590120
49146	0.61658603
49147	0.71628881
49148	0.82607901
49149	0.94833386
49150	1.08758175
49151	1.25204802
49152	1.45686364
49153	1.73166990
49154	2.14187932
49155	2.86408067
49156	NaN
49157	NaN
49158	NaN
49159	NaN
49160	NaN
49161	NaN
49162	NaN
49163	NaN
49164	NaN
49165	NaN
49166	NaN
49167	NaN
49168	NaN
49169	NaN
49170	NaN
49171	NaN
49172	NaN
49173	NaN
49174	NaN
49175	NaN
49176	NaN
49177	NaN
49178	NaN
49179	NaN
49180	NaN
49181	NaN
49182	NaN
49183	NaN
49184	NaN
49185	NaN
49186	NaN
49187	NaN
49188	NaN
49189	NaN
49190	NaN
49191	NaN
49192	NaN
49193	NaN
49194	NaN
49195	NaN
49196	NaN
49197	NaN
49198	NaN
49199	NaN
49200	NaN
49201	NaN
49202	NaN
49203	NaN
49204	NaN
49205	NaN
49206	NaN
49207	NaN
49208	NaN
49209	NaN
49210	NaN
49211	NaN
49212	NaN
49213	NaN
49214	NaN
49215	NaN
49216	NaN
49217	NaN
49218	NaN
49219	NaN
49220	NaN
49221	NaN
49222	NaN
49223	NaN
49224	NaN
49225	NaN
49226	NaN
49227	NaN
49228	NaN
49229	NaN
49230	NaN
49231	NaN
49232	NaN
49233	NaN
49234	NaN
49235	NaN
49236	NaN
49237	NaN
49238	NaN
49239	NaN
49240	NaN
49241	NaN
49242	1.52428651
49243	1.03142190
49244	0.86641049
49245	0.78736269
49246	0.74315262
49247	0.71632731
49248	0.69930166
49249	0.68825126
49250	0.68104362
49251	0.67640060
49252	0.67351544
49253	0.67185926
49254	0.67107582
49255	0.67092061
49256	0.67122406
49257	0.67186767
49258	0.67276847
49259	0.67386776
49260	0.67512375
49261	0.67650521
49262	0.67798764
49263	0.67954946
49264	0.68116987
49265	0.68282646
49266	0.68449354
49267	0.68614155
49268	0.68773562
49269	0.68923545
49270	0.69059509
49271	0.69176328
49272	0.69268370
49273	0.69329625
49274	0.69353777
49275	0.69334418
49276	0.69265217
49277	0.69140196
49278	0.68953967
49279	0.68702102
49280	0.68381399
49281	0.67990226
49282	0.67528826
49283	0.66999501
49284	0.66406834
49285	0.65757674
49286	0.65061110
49287	0.64328212
49288	0.63571721
49289	0.62805551
49290	0.62044263
49291	0.61302453
49292	0.60594213
49293	0.59932470
49294	0.59328645
49295	0.58792162
49296	0.58330262
49297	0.57947797
49298	0.57647210
49299	0.57428557
49300	0.57289624
49301	0.57226062
49302	0.57231623
49303	0.57298338
49304	0.57416826
49305	0.57576478
49306	0.57765788
49307	0.57972598
49308	0.58184469
49309	0.58388942
49310	0.58573949
49311	0.58728123
49312	0.58841193
49313	0.58904278
49314	0.58910251
49315	0.58853871
49316	0.58732045
49317	0.58543825
49318	0.58290374
49319	0.57974827
49320	0.57602048
49321	0.57178319
49322	0.56710994
49323	0.56208086
49324	0.55677950
49325	0.55128872
49326	0.54568845
49327	0.54005265
49328	0.53444815
49329	0.52893341
49330	0.52355784
49331	0.51836205
49332	0.51337826
49333	0.50863075
49334	0.50413704
49335	0.49990875
49336	0.49595246
49337	0.49227086
49338	0.48886305
49339	0.48572531
49340	0.48285118
49341	0.48023176
49342	0.47785524
49343	0.47570702
49344	0.47376943
49345	0.47202116
49346	0.47043779
49347	0.46899137
49348	0.46765086
49349	0.46638247
49350	0.46515071
49351	0.46391857
49352	0.46264875
49353	0.46130446
49354	0.45985007
49355	0.45825219
49356	0.45648003
49357	0.45450640
49358	0.45230788
49359	0.44986570
49360	0.44716606
49361	0.44420055
49362	0.44096658
49363	0.43746778
49364	0.43371424
49365	0.42972240
49366	0.42551520
49367	0.42112154
49368	0.41657564
49369	0.41191664
49370	0.40718740
49371	0.40243334
49372	0.39770144
49373	0.39303893
49374	0.38849178
49375	0.38410357
49376	0.37991402
49377	0.37595773
49378	0.37226319
49379	0.36885172
49380	0.36573654
49381	0.36292267
49382	0.36040640
49383	0.35817569
49384	0.35621053
49385	0.35448357
49386	0.35296127
49387	0.35160494
49388	0.35037199
49389	0.34921712
49390	0.34809390
49391	0.34695575
49392	0.34575745
49393	0.34445584
49394	0.34301132
49395	0.34138831
49396	0.33955616
49397	0.33748952
49398	0.33516884
49399	0.33258054
49400	0.32971692
49401	0.32657635
49402	0.32316294
49403	0.31948638
49404	0.31556168
49405	0.31140912
49406	0.30705351
49407	0.30252442
49408	0.29785505
49409	0.29308236
49410	0.28824592
49411	0.28338724
49412	0.27854869
49413	0.27377248
49414	0.26909968
49415	0.26456919
49416	0.26021689
49417	0.25607488
49418	0.25217122
49419	0.24852975
49420	0.24517009
49421	0.24210784
49422	0.23935519
49423	0.23692088
49424	0.23481117
49425	0.23302965
49426	0.23157761
49427	0.23045395
49428	0.22965480
49429	0.22917347
49430	0.22899921
49431	0.22911684
49432	0.22950551
49433	0.23013827
49434	0.23098080
49435	0.23199093
49436	0.23311849
49437	0.23430504
49438	0.23548453
49439	0.23658414
49440	0.23752578
49441	0.23822804
49442	0.23860846
49443	0.23858659
49444	0.23808628
49445	0.23703854
49446	0.23538397
49447	0.23307477
49448	0.23007601
49449	0.22636653
49450	0.22193900
49451	0.21679987
49452	0.21096869
49453	0.20447713
49454	0.19736831
49455	0.18969582
49456	0.18152392
49457	0.17292687
49458	0.16399021
49459	0.15481210
49460	0.14550526
49461	0.13620082
49462	0.12705135
49463	0.11823571
49464	0.10996440
49465	0.10248459
49466	0.09608600
49467	0.09110416
49468	0.08792426
49469	0.08698133
49470	0.08875948
49471	0.09378520
49472	0.10262007
49473	0.11584974
49474	0.13407233
49475	0.15789044
49476	0.18790586
49477	0.22472899
49478	0.26900357
49479	0.32145745
49480	0.38299024
49481	0.45480844
49482	0.53864652
49483	0.63711715
49484	0.75430346
49485	0.89682126
49486	1.07588696
49487	1.31174099
49488	1.64439273
49489	2.16453958
49490	3.12921786
49491	NaN
49492	NaN
49493	NaN
49494	NaN
49495	NaN
49496	NaN
49497	NaN
49498	NaN
49499	NaN
49500	NaN
49501	NaN
49502	NaN
49503	NaN
49504	NaN
49505	NaN
49506	NaN
49507	NaN
49508	NaN
49509	NaN
49510	NaN
49511	NaN
49512	NaN
49513	NaN
49514	NaN
49515	NaN
49516	NaN
49517	NaN
49518	NaN
49519	NaN
49520	NaN
49521	NaN
49522	NaN
49523	NaN
49524	NaN
49525	NaN
49526	NaN
49527	NaN
49528	NaN
49529	NaN
49530	NaN
49531	NaN
49532	NaN
49533	NaN
49534	NaN
49535	NaN
49536	NaN
49537	NaN
49538	NaN
49539	NaN
49540	NaN
49541	NaN
49542	NaN
49543	NaN
49544	NaN
49545	NaN
49546	NaN
49547	NaN
49548	NaN
49549	NaN
49550	NaN
49551	NaN
49552	NaN
49553	NaN
49554	NaN
49555	NaN
49556	NaN
49557	NaN
49558	NaN
49559	NaN
49560	NaN
49561	NaN
49562	NaN
49563	NaN
49564	NaN
49565	NaN
49566	NaN
49567	NaN
49568	NaN
49569	NaN
49570	NaN
49571	NaN
49572	NaN
49573	NaN
49574	NaN
49575	1.71387446
49576	1.15915334
49577	0.95357835
49578	0.84873950
49579	0.78661346
49580	0.74648285
49581	0.71909982
49582	0.69970995
49583	0.68561846
49584	0.67518473
49585	0.66735476
49586	0.66142249
49587	0.65689999
49588	0.65344143
49589	0.65079695
49590	0.64878380
49591	0.64726627
49592	0.64614284
49593	0.64533645
49594	0.64478797
49595	0.64445078
49596	0.64428699
49597	0.64426440
49598	0.64435428
49599	0.64452958
49600	0.64476335
49601	0.64502800
49602	0.64529461
49603	0.64553231
49604	0.64570820
49605	0.64578712
49606	0.64573216
49607	0.64550453
49608	0.64506423
49609	0.64437097
49610	0.64338470
49611	0.64206707
49612	0.64038265
49613	0.63830060
49614	0.63579661
49615	0.63285500
49616	0.62947029
49617	0.62564939
49618	0.62141305
49619	0.61679697
49620	0.61185175
49621	0.60664266
49622	0.60124809
49623	0.59575701
49624	0.59026593
49625	0.58487493
49626	0.57968336
49627	0.57478571
49628	0.57026744
49629	0.56620169
49630	0.56264639
49631	0.55964261
49632	0.55721354
49633	0.55536419
49634	0.55408227
49635	0.55333871
49636	0.55308956
49637	0.55327708
49638	0.55383182
49639	0.55467403
49640	0.55571568
49641	0.55686247
49642	0.55801558
49643	0.55907434
49644	0.55993861
49645	0.56051183
49646	0.56070381
49647	0.56043422
49648	0.55963558
49649	0.55825615
49650	0.55626231
49651	0.55364007
49652	0.55039561
49653	0.54655480
49654	0.54216170
49655	0.53727567
49656	0.53196806
49657	0.52631843
49658	0.52041060
49659	0.51432884
49660	0.50815475
49661	0.50196451
49662	0.49582735
49663	0.48980400
49664	0.48394674
49665	0.47829905
49666	0.47289631
49667	0.46776640
49668	0.46293050
49669	0.45840421
49670	0.45419809
49671	0.45031855
49672	0.44676849
49673	0.44354770
49674	0.44065300
49675	0.43807843
49676	0.43581498
49677	0.43385047
49678	0.43216905
49679	0.43075082
49680	0.42957151
49681	0.42860216
49682	0.42780885
49683	0.42715311
49684	0.42659178
49685	0.42607817
49686	0.42556253
49687	0.42499349
49688	0.42431927
49689	0.42348921
49690	0.42245531
49691	0.42117357
49692	0.41960579
49693	0.41772014
49694	0.41549271
49695	0.41290757
49696	0.40995771
49697	0.40664467
49698	0.40297872
49699	0.39897832
49700	0.39466965
49701	0.39008588
49702	0.38526648
49703	0.38025633
49704	0.37510446
49705	0.36986345
49706	0.36458796
49707	0.35933360
49708	0.35415560
49709	0.34910753
49710	0.34423989
49711	0.33959872
49712	0.33522439
49713	0.33115053
49714	0.32740298
49715	0.32399932
49716	0.32094839
49717	0.31825012
49718	0.31589571
49719	0.31386819
49720	0.31214294
49721	0.31068829
49722	0.30946681
49723	0.30843613
49724	0.30755013
49725	0.30675998
49726	0.30601537
49727	0.30526555
49728	0.30446044
49729	0.30355170
49730	0.30249360
49731	0.30124411
49732	0.29976550
49733	0.29802540
49734	0.29599732
49735	0.29366124
49736	0.29100415
49737	0.28802043
49738	0.28471217
49739	0.28108922
49740	0.27716902
49741	0.27297673
49742	0.26854450
49743	0.26391089
49744	0.25912020
49745	0.25422117
49746	0.24926573
49747	0.24430776
49748	0.23940106
49749	0.23459822
49750	0.22994880
49751	0.22549814
49752	0.22128657
49753	0.21734850
49754	0.21371230
49755	0.21040040
49756	0.20742986
49757	0.20481224
49758	0.20255512
49759	0.20066205
49760	0.19913331
49761	0.19796634
49762	0.19715558
49763	0.19669247
49764	0.19656503
49765	0.19675758
49766	0.19724946
49767	0.19801445
49768	0.19901989
49769	0.20022570
49770	0.20158422
49771	0.20303904
49772	0.20452572
49773	0.20597227
49774	0.20730025
49775	0.20842706
49776	0.20926811
49777	0.20973983
49778	0.20976283
49779	0.20926522
49780	0.20818450
49781	0.20646971
49782	0.20408268
49783	0.20099755
49784	0.19720092
49785	0.19268984
49786	0.18747100
49787	0.18155922
49788	0.17497684
49789	0.16775304
49790	0.15992418
49791	0.15153566
49792	0.14264336
49793	0.13331844
49794	0.12365089
49795	0.11375722
49796	0.10378861
49797	0.09394243
49798	0.08447736
49799	0.07572959
49800	0.06813584
49801	0.06225816
49802	0.05881611
49803	0.05871867
49804	0.06310534
49805	0.07339104
49806	0.09131704
49807	0.11901949
49808	0.15911597
49809	0.21484938
49810	0.29032490
49811	0.39095339
49812	0.52428281
49813	0.70167816
49814	0.94186848
49815	1.27915597
49816	1.78512621
49817	2.63906598
49818	NaN
49819	NaN
49820	NaN
49821	NaN
49822	NaN
49823	NaN
49824	NaN
49825	NaN
49826	NaN
49827	NaN
49828	NaN
49829	NaN
49830	NaN
49831	NaN
49832	NaN
49833	NaN
49834	NaN
49835	NaN
49836	NaN
49837	NaN
49838	NaN
49839	NaN
49840	NaN
49841	NaN
49842	NaN
49843	NaN
49844	NaN
49845	NaN
49846	NaN
49847	NaN
49848	NaN
49849	NaN
49850	NaN
49851	NaN
49852	NaN
49853	NaN
49854	NaN
49855	NaN
49856	NaN
49857	NaN
49858	NaN
49859	NaN
49860	NaN
49861	NaN
49862	NaN
49863	NaN
49864	NaN
49865	NaN
49866	NaN
49867	NaN
49868	NaN
49869	NaN
49870	NaN
49871	NaN
49872	NaN
49873	NaN
49874	NaN
49875	NaN
49876	NaN
49877	NaN
49878	NaN
49879	NaN
49880	NaN
49881	NaN
49882	NaN
49883	NaN
49884	NaN
49885	NaN
49886	NaN
49887	NaN
49888	NaN
49889	NaN
49890	NaN
49891	NaN
49892	NaN
49893	NaN
49894	NaN
49895	NaN
49896	NaN
49897	NaN
49898	NaN
49899	NaN
49900	NaN
49901	NaN
49902	NaN
49903	2.32271576
49904	1.39468610
49905	1.09839475
49906	0.95404667
49907	0.86960989
49908	0.81491411
49909	0.77714151
49910	0.74991202
49911	0.72968787
49912	0.71434581
49913	0.70253289
49914	0.69334447
49915	0.68615276
49916	0.68050843
49917	0.67608190
49918	0.67262602
49919	0.66995305
49920	0.66791719
49921	0.66640455
49922	0.66532391
49923	0.66460097
49924	0.66417354
49925	0.66398793
49926	0.66399533
49927	0.66415036
49928	0.66440827
49929	0.66472417
49930	0.66505152
49931	0.66534173
49932	0.66554374
49933	0.66560394
49934	0.66546673
49935	0.66507500
49936	0.66437161
49937	0.66330057
49938	0.66180909
49939	0.65984952
49940	0.65738213
49941	0.65437698
49942	0.65081728
49943	0.64670062
49944	0.64204144
49945	0.63687229
49946	0.63124377
49947	0.62522388
49948	0.61889714
49949	0.61236089
49950	0.60572261
49951	0.59909517
49952	0.59259295
49953	0.58632696
49954	0.58040076
49955	0.57490653
49956	0.56992221
49957	0.56550920
49958	0.56171083
49959	0.55855161
49960	0.55603689
49961	0.55415398
49962	0.55287266
49963	0.55214679
49964	0.55191588
49965	0.55210745
49966	0.55263877
49967	0.55341959
49968	0.55435461
49969	0.55534601
49970	0.55629617
49971	0.55711091
49972	0.55770153
49973	0.55798805
49974	0.55790144
49975	0.55738533
49976	0.55639803
49977	0.55491334
49978	0.55292058
49979	0.55042464
49980	0.54744440
49981	0.54401177
49982	0.54016906
49983	0.53596658
49984	0.53146040
49985	0.52670968
49986	0.52177417
49987	0.51671249
49988	0.51158047
49989	0.50642967
49990	0.50130683
49991	0.49625325
49992	0.49130484
49993	0.48649180
49994	0.48183939
49995	0.47736806
49996	0.47309399
49997	0.46902952
49998	0.46518376
49999	0.46156299
50000	0.45817071
50001	0.45500839
50002	0.45207503
50003	0.44936755
50004	0.44688058
50005	0.44460616
50006	0.44253385
50007	0.44065017
50008	0.43893853
50009	0.43737930
50010	0.43594950
50011	0.43462330
50012	0.43337193
50013	0.43216425
50014	0.43096751
50015	0.42974776
50016	0.42847070
50017	0.42710280
50018	0.42561179
50019	0.42396802
50020	0.42214489
50021	0.42012003
50022	0.41787595
50023	0.41540056
50024	0.41268787
50025	0.40973812
50026	0.40655786
50027	0.40316010
50028	0.39956397
50029	0.39579391
50030	0.39187938
50031	0.38785401
50032	0.38375443
50033	0.37961954
50034	0.37548909
50035	0.37140286
50036	0.36739922
50037	0.36351413
50038	0.35978016
50039	0.35622513
50040	0.35287157
50041	0.34973583
50042	0.34682769
50043	0.34414992
50044	0.34169853
50045	0.33946276
50046	0.33742562
50047	0.33556476
50048	0.33385319
50049	0.33226037
50050	0.33075315
50051	0.32929713
50052	0.32785735
50053	0.32639962
50054	0.32489085
50055	0.32330021
50056	0.32159942
50057	0.31976318
50058	0.31776953
50059	0.31559986
50060	0.31323940
50061	0.31067675
50062	0.30790421
50063	0.30491790
50064	0.30171758
50065	0.29830688
50066	0.29469326
50067	0.29088810
50068	0.28690666
50069	0.28276801
50070	0.27849492
50071	0.27411318
50072	0.26965144
50073	0.26514059
50074	0.26061279
50075	0.25610110
50076	0.25163853
50077	0.24725720
50078	0.24298806
50079	0.23886001
50080	0.23489945
50081	0.23113014
50082	0.22757280
50083	0.22424527
50084	0.22116219
50085	0.21833532
50086	0.21577351
50087	0.21348271
50088	0.21146595
50089	0.20972335
50090	0.20825179
50091	0.20704482
50092	0.20609228
50093	0.20538041
50094	0.20489100
50095	0.20460117
50096	0.20448345
50097	0.20450518
50098	0.20462804
50099	0.20480850
50100	0.20499752
50101	0.20514111
50102	0.20518118
50103	0.20505616
50104	0.20470273
50105	0.20405729
50106	0.20305789
50107	0.20164604
50108	0.19976829
50109	0.19737828
50110	0.19443758
50111	0.19091699
50112	0.18679638
50113	0.18206584
50114	0.17672476
50115	0.17078201
50116	0.16425629
50117	0.15717535
50118	0.14957672
50119	0.14150874
50120	0.13303196
50121	0.12422158
50122	0.11517009
50123	0.10599233
50124	0.09682987
50125	0.08785904
50126	0.07929602
50127	0.07140645
50128	0.06451326
50129	0.05900411
50130	0.05534117
50131	0.05406518
50132	0.05580210
50133	0.06126722
50134	0.07127041
50135	0.08671980
50136	0.10863375
50137	0.13816284
50138	0.17663226
50139	0.22562371
50140	0.28711292
50141	0.36371905
50142	0.45913973
50143	0.57893801
50144	0.73203033
50145	0.93374991
50146	1.21277034
50147	1.62924790
50148	2.33320332
50149	NaN
50150	NaN
50151	NaN
50152	NaN
50153	NaN
50154	NaN
50155	NaN
50156	NaN
50157	NaN
50158	NaN
50159	NaN
50160	NaN
50161	NaN
50162	NaN
50163	NaN
50164	NaN
50165	NaN
50166	NaN
50167	NaN
50168	NaN
50169	NaN
50170	NaN
50171	NaN
50172	NaN
50173	NaN
50174	NaN
50175	NaN
50176	NaN
50177	NaN
50178	NaN
50179	NaN
50180	NaN
50181	NaN
50182	NaN
50183	NaN
50184	NaN
50185	NaN
50186	NaN
50187	NaN
50188	NaN
50189	NaN
50190	NaN
50191	NaN
50192	NaN
50193	NaN
50194	NaN
50195	NaN
50196	NaN
50197	NaN
50198	NaN
50199	NaN
50200	NaN
50201	NaN
50202	NaN
50203	NaN
50204	NaN
50205	NaN
50206	NaN
50207	NaN
50208	NaN
50209	NaN
50210	NaN
50211	NaN
50212	NaN
50213	NaN
50214	NaN
50215	NaN
50216	NaN
50217	NaN
50218	NaN
50219	NaN
50220	NaN
50221	NaN
50222	NaN
50223	NaN
50224	NaN
50225	NaN
50226	NaN
50227	NaN
50228	NaN
50229	NaN
50230	NaN
50231	NaN
50232	NaN
50233	1.55609024
50234	1.05343342
50235	0.88782138
50236	0.80725700
50237	0.76069850
50238	0.73105139
50239	0.71097338
50240	0.69679219
50241	0.68646908
50242	0.67878354
50243	0.67296213
50244	0.66849279
50245	0.66502440
50246	0.66230983
50247	0.66017133
50248	0.65847886
50249	0.65713632
50250	0.65607160
50251	0.65523046
50252	0.65457135
50253	0.65406215
50254	0.65367746
50255	0.65339619
50256	0.65320027
50257	0.65307266
50258	0.65299648
50259	0.65295398
50260	0.65292543
50261	0.65288842
50262	0.65281725
50263	0.65268248
50264	0.65245062
50265	0.65208393
50266	0.65154070
50267	0.65077561
50268	0.64974087
50269	0.64838725
50270	0.64666587
50271	0.64453053
50272	0.64194047
50273	0.63886333
50274	0.63527870
50275	0.63118154
50276	0.62658483
50277	0.62152255
50278	0.61605030
50279	0.61024576
50280	0.60420680
50281	0.59804791
50282	0.59189606
50283	0.58588421
50284	0.58014542
50285	0.57480621
50286	0.56998062
50287	0.56576538
50288	0.56223601
50289	0.55944467
50290	0.55741882
50291	0.55616146
50292	0.55565220
50293	0.55584848
50294	0.55668795
50295	0.55809051
50296	0.55996096
50297	0.56219107
50298	0.56466258
50299	0.56724942
50300	0.56982124
50301	0.57224590
50302	0.57439351
50303	0.57613993
50304	0.57737064
50305	0.57798541
50306	0.57790184
50307	0.57705891
50308	0.57542038
50309	0.57297617
50310	0.56974304
50311	0.56576359
50312	0.56110382
50313	0.55584925
50314	0.55009997
50315	0.54396540
50316	0.53755867
50317	0.53099132
50318	0.52436912
50319	0.51778811
50320	0.51133281
50321	0.50507456
50322	0.49907103
50323	0.49336714
50324	0.48799568
50325	0.48297870
50326	0.47832927
50327	0.47405276
50328	0.47014844
50329	0.46661082
50330	0.46343052
50331	0.46059549
50332	0.45809093
50333	0.45590022
50334	0.45400465
50335	0.45238352
50336	0.45101374
50337	0.44986969
50338	0.44892284
50339	0.44814143
50340	0.44749057
50341	0.44693211
50342	0.44642493
50343	0.44592553
50344	0.44538870
50345	0.44476840
50346	0.44401878
50347	0.44309545
50348	0.44195646
50349	0.44056362
50350	0.43888327
50351	0.43688765
50352	0.43455544
50353	0.43187219
50354	0.42883131
50355	0.42543375
50356	0.42168859
50357	0.41761258
50358	0.41323003
50359	0.40857238
50360	0.40367773
50361	0.39858970
50362	0.39335710
50363	0.38803253
50364	0.38267133
50365	0.37733042
50366	0.37206659
50367	0.36693537
50368	0.36198905
50369	0.35727546
50370	0.35283616
50371	0.34870532
50372	0.34490821
50373	0.34146062
50374	0.33836803
50375	0.33562583
50376	0.33321923
50377	0.33112434
50378	0.32930890
50379	0.32773370
50380	0.32635391
50381	0.32512081
50382	0.32398307
50383	0.32288840
50384	0.32178462
50385	0.32062110
50386	0.31934974
50387	0.31792596
50388	0.31630966
50389	0.31446579
50390	0.31236526
50391	0.30998537
50392	0.30731052
50393	0.30433223
50394	0.30104971
50395	0.29746971
50396	0.29360637
50397	0.28948116
50398	0.28512225
50399	0.28056368
50400	0.27584469
50401	0.27100882
50402	0.26610249
50403	0.26117396
50404	0.25627175
50405	0.25144342
50406	0.24673425
50407	0.24218571
50408	0.23783459
50409	0.23371199
50410	0.22984293
50411	0.22624616
50412	0.22293419
50413	0.21991391
50414	0.21718718
50415	0.21475178
50416	0.21260203
50417	0.21072966
50418	0.20912465
50419	0.20777513
50420	0.20666812
50421	0.20578925
50422	0.20512228
50423	0.20464903
50424	0.20434855
50425	0.20419665
50426	0.20416498
50427	0.20422076
50428	0.20432608
50429	0.20443818
50430	0.20450941
50431	0.20448789
50432	0.20431919
50433	0.20394723
50434	0.20331746
50435	0.20237835
50436	0.20108448
50437	0.19939828
50438	0.19729231
50439	0.19474971
50440	0.19176473
50441	0.18834203
50442	0.18449552
50443	0.18024707
50444	0.17562464
50445	0.17066103
50446	0.16539341
50447	0.15986305
50448	0.15411660
50449	0.14820731
50450	0.14219873
50451	0.13616805
50452	0.13021322
50453	0.12445824
50454	0.11906359
50455	0.11423700
50456	0.11024705
50457	0.10744062
50458	0.10626068
50459	0.10726891
50460	0.11116819
50461	0.11882665
50462	0.13129628
50463	0.14982763
50464	0.17587408
50465	0.21108252
50466	0.25727528
50467	0.31642437
50468	0.39064601
50469	0.48224571
50470	0.59387571
50471	0.72889954
50472	0.89210677
50473	1.09108627
50474	1.33888543
50475	1.65957713
50476	2.10146880
50477	2.77428460
50478	3.98462820
50479	NaN
50480	NaN
50481	NaN
50482	NaN
50483	NaN
50484	NaN
50485	NaN
50486	NaN
50487	NaN
50488	NaN
50489	NaN
50490	NaN
50491	NaN
50492	NaN
50493	NaN
50494	NaN
50495	NaN
50496	NaN
50497	NaN
50498	NaN
50499	NaN
50500	NaN
50501	NaN
50502	NaN
50503	NaN
50504	NaN
50505	NaN
50506	NaN
50507	NaN
50508	NaN
50509	NaN
50510	NaN
50511	NaN
50512	NaN
50513	NaN
50514	NaN
50515	NaN
50516	NaN
50517	NaN
50518	NaN
50519	NaN
50520	NaN
50521	NaN
50522	NaN
50523	NaN
50524	NaN
50525	NaN
50526	NaN
50527	NaN
50528	NaN
50529	NaN
50530	NaN
50531	NaN
50532	NaN
50533	NaN
50534	NaN
50535	NaN
50536	NaN
50537	NaN
50538	NaN
50539	NaN
50540	NaN
50541	NaN
50542	NaN
50543	NaN
50544	NaN
50545	NaN
50546	NaN
50547	NaN
50548	NaN
50549	NaN
50550	NaN
50551	NaN
50552	NaN
50553	NaN
50554	NaN
50555	NaN
50556	NaN
50557	NaN
50558	NaN
50559	NaN
50560	NaN
50561	NaN
50562	2.22327232
50563	1.23503971
50564	0.97931468
50565	0.86405230
50566	0.79983664
50567	0.75985628
50568	0.73326367
50569	0.71482688
50570	0.70170647
50571	0.69222522
50572	0.68532735
50573	0.68031383
50574	0.67670333
50575	0.67415440
50576	0.67241836
50577	0.67131108
50578	0.67069399
50579	0.67046165
50580	0.67053306
50581	0.67084545
50582	0.67134923
50583	0.67200470
50584	0.67277884
50585	0.67364305
50586	0.67457104
50587	0.67553747
50588	0.67651635
50589	0.67748010
50590	0.67839867
50591	0.67923886
50592	0.67996395
50593	0.68053335
50594	0.68090272
50595	0.68102431
50596	0.68084764
50597	0.68032032
50598	0.67939001
50599	0.67800593
50600	0.67612153
50601	0.67369711
50602	0.67070270
50603	0.66712099
50604	0.66295069
50605	0.65820819
50606	0.65292996
50607	0.64717293
50608	0.64101356
50609	0.63454705
50610	0.62788314
50611	0.62114269
50612	0.61445242
50613	0.60793990
50614	0.60172778
50615	0.59592915
50616	0.59064353
50617	0.58595312
50618	0.58192074
50619	0.57858849
50620	0.57597703
50621	0.57408625
50622	0.57289559
50623	0.57236588
50624	0.57244062
50625	0.57304800
50626	0.57410300
50627	0.57550943
50628	0.57716280
50629	0.57895255
50630	0.58076519
50631	0.58248752
50632	0.58400941
50633	0.58522773
50634	0.58604890
50635	0.58639246
50636	0.58619356
50637	0.58540475
50638	0.58399731
50639	0.58196175
50640	0.57930726
50641	0.57606030
50642	0.57226217
50643	0.56796694
50644	0.56323779
50645	0.55814421
50646	0.55275875
50647	0.54715431
50648	0.54140180
50649	0.53556830
50650	0.52971554
50651	0.52389944
50652	0.51816916
50653	0.51256752
50654	0.50713092
50655	0.50189000
50656	0.49686995
50657	0.49209109
50658	0.48756966
50659	0.48331791
50660	0.47934464
50661	0.47565532
50662	0.47225222
50663	0.46913445
50664	0.46629754
50665	0.46373376
50666	0.46143156
50667	0.45937547
50668	0.45754591
50669	0.45591930
50670	0.45446798
50671	0.45316055
50672	0.45196211
50673	0.45083508
50674	0.44973990
50675	0.44863573
50676	0.44748175
50677	0.44623801
50678	0.44486663
50679	0.44333255
50680	0.44160473
50681	0.43965662
50682	0.43746713
50683	0.43502107
50684	0.43230954
50685	0.42933008
50686	0.42608714
50687	0.42259151
50688	0.41886061
50689	0.41491792
50690	0.41079244
50691	0.40651813
50692	0.40213320
50693	0.39767900
50694	0.39319918
50695	0.38873824
50696	0.38434047
50697	0.38004851
50698	0.37590206
50699	0.37193638
50700	0.36818141
50701	0.36466068
50702	0.36139038
50703	0.35837927
50704	0.35562834
50705	0.35313094
50706	0.35087359
50707	0.34883636
50708	0.34699371
50709	0.34531593
50710	0.34376973
50711	0.34231955
50712	0.34092858
50713	0.33955988
50714	0.33817694
50715	0.33674502
50716	0.33523142
50717	0.33360633
50718	0.33184338
50719	0.32991976
50720	0.32781699
50721	0.32552060
50722	0.32302055
50723	0.32031098
50724	0.31739044
50725	0.31426170
50726	0.31093153
50727	0.30741060
50728	0.30371353
50729	0.29985848
50730	0.29586679
50731	0.29176304
50732	0.28757423
50733	0.28332937
50734	0.27905920
50735	0.27479509
50736	0.27056894
50737	0.26641235
50738	0.26235640
50739	0.25843096
50740	0.25466469
50741	0.25108469
50742	0.24771631
50743	0.24458317
50744	0.24170679
50745	0.23910655
50746	0.23679958
50747	0.23480052
50748	0.23312104
50749	0.23176974
50750	0.23075177
50751	0.23006792
50752	0.22971463
50753	0.22968280
50754	0.22995743
50755	0.23051660
50756	0.23133098
50757	0.23236316
50758	0.23356690
50759	0.23488724
50760	0.23626044
50761	0.23761493
50762	0.23887204
50763	0.23994833
50764	0.24075818
50765	0.24121678
50766	0.24124427
50767	0.24076881
50768	0.23973028
50769	0.23808260
50770	0.23579568
50771	0.23285483
50772	0.22926112
50773	0.22502920
50774	0.22018556
50775	0.21476644
50776	0.20881549
50777	0.20238249
50778	0.19552234
50779	0.18829513
50780	0.18076691
50781	0.17301118
50782	0.16511141
50783	0.15716469
50784	0.14928582
50785	0.14161138
50786	0.13430518
50787	0.12756318
50788	0.12161829
50789	0.11674521
50790	0.11326244
50791	0.11153464
50792	0.11197127
50793	0.11502504
50794	0.12118407
50795	0.13096666
50796	0.14491160
50797	0.16357125
50798	0.18751146
50799	0.21731640
50800	0.25361252
50801	0.29711366
50802	0.34870088
50803	0.40955481
50804	0.48136544
50805	0.56668437
50806	0.66952896
50807	0.79650968
50808	0.95909327
50809	1.17870271
50810	1.49990714
50811	2.03221416
50812	3.13379765
50813	NaN
50814	NaN
50815	NaN
50816	NaN
50817	NaN
50818	NaN
50819	NaN
50820	NaN
50821	NaN
50822	NaN
50823	NaN
50824	NaN
50825	NaN
50826	NaN
50827	NaN
50828	NaN
50829	NaN
50830	NaN
50831	NaN
50832	NaN
50833	NaN
50834	NaN
50835	NaN
50836	NaN
50837	NaN
50838	NaN
50839	NaN
50840	NaN
50841	NaN
50842	NaN
50843	NaN
50844	NaN
50845	NaN
50846	NaN
50847	NaN
50848	NaN
50849	NaN
50850	NaN
50851	NaN
50852	NaN
50853	NaN
50854	NaN
50855	NaN
50856	NaN
50857	NaN
50858	NaN
50859	NaN
50860	NaN
50861	NaN
50862	NaN
50863	NaN
50864	NaN
50865	NaN
50866	NaN
50867	NaN
50868	NaN
50869	NaN
50870	NaN
50871	NaN
50872	NaN
50873	NaN
50874	NaN
50875	NaN
50876	NaN
50877	NaN
50878	NaN
50879	NaN
50880	NaN
50881	NaN
50882	NaN
50883	NaN
50884	NaN
50885	NaN
50886	NaN
50887	NaN
50888	NaN
50889	NaN
50890	NaN
50891	2.14865851
50892	1.33303046
50893	1.07767427
50894	0.95386112
50895	0.88137883
50896	0.83420753
50897	0.80136579
50898	0.77741575
50899	0.75935602
50900	0.74539363
50901	0.73439169
50902	0.72559440
50903	0.71848053
50904	0.71267974
50905	0.70792240
50906	0.70400846
50907	0.70078695
50908	0.69814247
50909	0.69598562
50910	0.69424611
50911	0.69286811
50912	0.69180608
50913	0.69102210
50914	0.69048321
50915	0.69015956
50916	0.69002241
50917	0.69004273
50918	0.69018996
50919	0.69043028
50920	0.69072628
50921	0.69103563
50922	0.69131029
50923	0.69149673
50924	0.69153541
50925	0.69136167
50926	0.69090629
50927	0.69009763
50928	0.68886369
50929	0.68713522
50930	0.68484914
50931	0.68195331
50932	0.67841035
50933	0.67420268
50934	0.66933620
50935	0.66384357
50936	0.65778536
50937	0.65125018
50938	0.64435202
50939	0.63722610
50940	0.63002253
50941	0.62289971
50942	0.61601597
50943	0.60952228
50944	0.60355550
50945	0.59823298
50946	0.59364820
50947	0.58986872
50948	0.58693486
50949	0.58485991
50950	0.58363152
50951	0.58321291
50952	0.58354557
50953	0.58455098
50954	0.58613354
50955	0.58818257
50956	0.59057522
50957	0.59317887
50958	0.59585440
50959	0.59845924
50960	0.60085100
50961	0.60289174
50962	0.60445207
50963	0.60541588
50964	0.60568500
50965	0.60518312
50966	0.60385936
50967	0.60169107
50968	0.59868437
50969	0.59487385
50970	0.59032047
50971	0.58510756
50972	0.57933605
50973	0.57311869
50974	0.56657410
50975	0.55982107
50976	0.55297363
50977	0.54613686
50978	0.53940409
50979	0.53285509
50980	0.52655536
50981	0.52055639
50982	0.51489633
50983	0.50960159
50984	0.50468820
50985	0.50016344
50986	0.49602756
50987	0.49227497
50988	0.48889577
50989	0.48587635
50990	0.48320040
50991	0.48084915
50992	0.47880191
50993	0.47703570
50994	0.47552568
50995	0.47424471
50996	0.47316343
50997	0.47224995
50998	0.47146997
50999	0.47078675
51000	0.47016129
51001	0.46955296
51002	0.46891978
51003	0.46821919
51004	0.46740893
51005	0.46644795
51006	0.46529740
51007	0.46392164
51008	0.46228924
51009	0.46037385
51010	0.45815492
51011	0.45561838
51012	0.45275709
51013	0.44957110
51014	0.44606787
51015	0.44226214
51016	0.43817589
51017	0.43383789
51018	0.42928323
51019	0.42455289
51020	0.41969261
51021	0.41475227
51022	0.40978462
51023	0.40484402
51024	0.39998502
51025	0.39526105
51026	0.39072260
51027	0.38641572
51028	0.38238043
51029	0.37864956
51030	0.37524727
51031	0.37218830
51032	0.36947748
51033	0.36710963
51034	0.36506972
51035	0.36333352
51036	0.36186874
51037	0.36063623
51038	0.35959134
51039	0.35868555
51040	0.35786819
51041	0.35708752
51042	0.35629252
51043	0.35543364
51044	0.35446408
51045	0.35334051
51046	0.35202363
51047	0.35047877
51048	0.34867653
51049	0.34659281
51050	0.34420958
51051	0.34151489
51052	0.33850351
51053	0.33517697
51054	0.33154359
51055	0.32761881
51056	0.32342482
51057	0.31899005
51058	0.31434911
51059	0.30954126
51060	0.30460998
51061	0.29960161
51062	0.29456422
51063	0.28954604
51064	0.28459448
51065	0.27975494
51066	0.27506942
51067	0.27057597
51068	0.26630798
51069	0.26229379
51070	0.25855643
51071	0.25511411
51072	0.25198022
51073	0.24916375
51074	0.24667002
51075	0.24450119
51076	0.24265639
51077	0.24113211
51078	0.23992221
51079	0.23901768
51080	0.23840615
51081	0.23807116
51082	0.23799093
51083	0.23813772
51084	0.23847654
51085	0.23896410
51086	0.23954833
51087	0.24016777
51088	0.24075261
51089	0.24122487
51090	0.24150097
51091	0.24149397
51092	0.24111708
51093	0.24028733
51094	0.23892944
51095	0.23697965
51096	0.23438878
51097	0.23112398
51098	0.22717036
51099	0.22252996
51100	0.21722081
51101	0.21127391
51102	0.20473151
51103	0.19764283
51104	0.19006217
51105	0.18204662
51106	0.17365505
51107	0.16494815
51108	0.15598990
51109	0.14685017
51110	0.13760950
51111	0.12836500
51112	0.11923721
51113	0.11038017
51114	0.10199143
51115	0.09432448
51116	0.08770312
51117	0.08253501
51118	0.07932623
51119	0.07869415
51120	0.08137543
51121	0.08822994
51122	0.10023028
51123	0.11844303
51124	0.14399472
51125	0.17802952
51126	0.22166133
51127	0.27594516
51128	0.34188044
51129	0.42048019
51130	0.51294357
51131	0.62096369
51132	0.74726915
51133	0.89654040
51134	1.07707012
51135	1.30410135
51136	1.60741138
51137	2.05158281
51138	2.80393934
51139	NaN
51140	NaN
51141	NaN
51142	NaN
51143	NaN
51144	NaN
51145	NaN
51146	NaN
51147	NaN
51148	NaN
51149	NaN
51150	NaN
51151	NaN
51152	NaN
51153	NaN
51154	NaN
51155	NaN
51156	NaN
51157	NaN
51158	NaN
51159	NaN
51160	NaN
51161	NaN
51162	NaN
51163	NaN
51164	NaN
51165	NaN
51166	NaN
51167	NaN
51168	NaN
51169	NaN
51170	NaN
51171	NaN
51172	NaN
51173	NaN
51174	NaN
51175	NaN
51176	NaN
51177	NaN
51178	NaN
51179	NaN
51180	NaN
51181	NaN
51182	NaN
51183	NaN
51184	NaN
51185	NaN
51186	NaN
51187	NaN
51188	NaN
51189	NaN
51190	NaN
51191	NaN
51192	NaN
51193	NaN
51194	NaN
51195	NaN
51196	NaN
51197	NaN
51198	NaN
51199	NaN
51200	NaN
51201	NaN
51202	NaN
51203	NaN
51204	NaN
51205	NaN
51206	NaN
51207	NaN
51208	NaN
51209	NaN
51210	NaN
51211	NaN
51212	NaN
51213	NaN
51214	NaN
51215	NaN
51216	NaN
51217	NaN
51218	NaN
51219	NaN
51220	NaN
51221	NaN
51222	NaN
51223	NaN
51224	1.98957670
51225	1.26690328
51226	1.01797128
51227	0.89547151
51228	0.82483745
51229	0.78043276
51230	0.75106227
51231	0.73105288
51232	0.71721941
51233	0.70763433
51234	0.70106345
51235	0.69668090
51236	0.69391495
51237	0.69235909
51238	0.69171870
51239	0.69177645
51240	0.69237024
51241	0.69337809
51242	0.69470632
51243	0.69628268
51244	0.69804931
51245	0.69995850
51246	0.70196861
51247	0.70404106
51248	0.70613825
51249	0.70822126
51250	0.71024865
51251	0.71217561
51252	0.71395290
51253	0.71552682
51254	0.71683919
51255	0.71782798
51256	0.71842796
51257	0.71857238
51258	0.71819437
51259	0.71723002
51260	0.71562076
51261	0.71331674
51262	0.71028054
51263	0.70649064
51264	0.70194471
51265	0.69666255
51266	0.69068754
51267	0.68408817
51268	0.67695647
51269	0.66940635
51270	0.66156977
51271	0.65359181
51272	0.64562494
51273	0.63782299
51274	0.63033479
51275	0.62329870
51276	0.61683738
51277	0.61105442
51278	0.60603148
51279	0.60182661
51280	0.59847385
51281	0.59598339
51282	0.59434259
51283	0.59351712
51284	0.59345287
51285	0.59407777
51286	0.59530395
51287	0.59702969
51288	0.59914213
51289	0.60151982
51290	0.60403550
51291	0.60655922
51292	0.60896194
51293	0.61111897
51294	0.61291379
51295	0.61424196
51296	0.61501420
51297	0.61515969
51298	0.61462831
51299	0.61339164
51300	0.61144376
51301	0.60880035
51302	0.60549676
51303	0.60158575
51304	0.59713376
51305	0.59221786
51306	0.58692133
51307	0.58133030
51308	0.57553047
51309	0.56960404
51310	0.56362802
51311	0.55767190
51312	0.55179739
51313	0.54605740
51314	0.54049629
51315	0.53515017
51316	0.53004754
51317	0.52520996
51318	0.52065301
51319	0.51638710
51320	0.51241833
51321	0.50874883
51322	0.50537771
51323	0.50230104
51324	0.49951187
51325	0.49700081
51326	0.49475536
51327	0.49275991
51328	0.49099573
51329	0.48944068
51330	0.48806918
51331	0.48685235
51332	0.48575813
51333	0.48475167
51334	0.48379597
51335	0.48285234
51336	0.48188129
51337	0.48084357
51338	0.47970065
51339	0.47841617
51340	0.47695643
51341	0.47529116
51342	0.47339469
51343	0.47124612
51344	0.46882984
51345	0.46613649
51346	0.46316230
51347	0.45991036
51348	0.45638981
51349	0.45261633
51350	0.44861168
51351	0.44440341
51352	0.44002432
51353	0.43551189
51354	0.43090710
51355	0.42625353
51356	0.42159626
51357	0.41698050
51358	0.41245008
51359	0.40804639
51360	0.40380695
51361	0.39976427
51362	0.39594507
51363	0.39236936
51364	0.38905007
51365	0.38599283
51366	0.38319588
51367	0.38065043
51368	0.37834099
51369	0.37624621
51370	0.37433946
51371	0.37258995
51372	0.37096336
51373	0.36942324
51374	0.36793169
51375	0.36645040
51376	0.36494154
51377	0.36336857
51378	0.36169693
51379	0.35989478
51380	0.35793364
51381	0.35578841
51382	0.35343829
51383	0.35086685
51384	0.34806213
51385	0.34501711
51386	0.34172952
51387	0.33820218
51388	0.33444282
51389	0.33046430
51390	0.32628426
51391	0.32192522
51392	0.31741419
51393	0.31278238
51394	0.30806446
51395	0.30329818
51396	0.29852340
51397	0.29378128
51398	0.28911319
51399	0.28455985
51400	0.28016055
51401	0.27595192
51402	0.27196792
51403	0.26823872
51404	0.26479113
51405	0.26164785
51406	0.25882816
51407	0.25634748
51408	0.25421777
51409	0.25244743
51410	0.25104102
51411	0.24999946
51412	0.24931920
51413	0.24899170
51414	0.24900292
51415	0.24933235
51416	0.24995244
51417	0.25082779
51418	0.25191444
51419	0.25315973
51420	0.25450233
51421	0.25587255
51422	0.25719321
51423	0.25838146
51424	0.25935054
51425	0.26001242
51426	0.26028064
51427	0.26007313
51428	0.25931537
51429	0.25794265
51430	0.25590250
51431	0.25315538
51432	0.24967596
51433	0.24545249
51434	0.24048701
51435	0.23479363
51436	0.22839819
51437	0.22133712
51438	0.21365759
51439	0.20541692
51440	0.19668411
51441	0.18754083
51442	0.17808458
51443	0.16843250
51444	0.15872566
51445	0.14913529
51446	0.13986993
51447	0.13118345
51448	0.12338524
51449	0.11684879
51450	0.11202271
51451	0.10943986
51452	0.10972600
51453	0.11360768
51454	0.12191502
51455	0.13558668
51456	0.15567255
51457	0.18334495
51458	0.21991695
51459	0.26689294
51460	0.32606193
51461	0.39967385
51462	0.49076003
51463	0.60370088
51464	0.74528980
51465	0.92679513
51466	1.16835427
51467	1.50948679
51468	2.03876019
51469	3.00158715
51470	NaN
51471	NaN
51472	NaN
51473	NaN
51474	NaN
51475	NaN
51476	NaN
51477	NaN
51478	NaN
51479	NaN
51480	NaN
51481	NaN
51482	NaN
51483	NaN
51484	NaN
51485	NaN
51486	NaN
51487	NaN
51488	NaN
51489	NaN
51490	NaN
51491	NaN
51492	NaN
51493	NaN
51494	NaN
51495	NaN
51496	NaN
51497	NaN
51498	NaN
51499	NaN
51500	NaN
51501	NaN
51502	NaN
51503	NaN
51504	NaN
51505	NaN
51506	NaN
51507	NaN
51508	NaN
51509	NaN
51510	NaN
51511	NaN
51512	NaN
51513	NaN
51514	NaN
51515	NaN
51516	NaN
51517	NaN
51518	NaN
51519	NaN
51520	NaN
51521	NaN
51522	NaN
51523	NaN
51524	NaN
51525	NaN
51526	NaN
51527	NaN
51528	NaN
51529	NaN
51530	NaN
51531	NaN
51532	NaN
51533	NaN
51534	NaN
51535	NaN
51536	NaN
51537	NaN
51538	NaN
51539	NaN
51540	NaN
51541	NaN
51542	NaN
51543	NaN
51544	NaN
51545	NaN
51546	NaN
51547	NaN
51548	NaN
51549	NaN
51550	NaN
51551	NaN
51552	NaN
51553	1.55087686
51554	1.12356102
51555	0.96575493
51556	0.88458842
51557	0.83575529
51558	0.80356312
51559	0.78104430
51560	0.76463127
51561	0.75230688
51562	0.74284500
51563	0.73545784
51564	0.72961652
51565	0.72495365
51566	0.72120744
51567	0.71818715
51568	0.71575171
51569	0.71379530
51570	0.71223819
51571	0.71101958
51572	0.71009320
51573	0.70942307
51574	0.70898104
51575	0.70874459
51576	0.70869464
51577	0.70881408
51578	0.70908624
51579	0.70949405
51580	0.71001816
51581	0.71063662
51582	0.71132350
51583	0.71204835
51584	0.71277517
51585	0.71346194
51586	0.71406031
51587	0.71451527
51588	0.71476561
51589	0.71474487
51590	0.71438241
51591	0.71360582
51592	0.71234411
51593	0.71053100
51594	0.70810980
51595	0.70503855
51596	0.70129460
51597	0.69687963
51598	0.69182312
51599	0.68618429
51600	0.68005180
51601	0.67354125
51602	0.66679078
51603	0.65995365
51604	0.65319127
51605	0.64666402
51606	0.64052355
51607	0.63490593
51608	0.62992597
51609	0.62567335
51610	0.62221050
51611	0.61957204
51612	0.61776549
51613	0.61677235
51614	0.61655092
51615	0.61703795
51616	0.61815131
51617	0.61979258
51618	0.62184966
51619	0.62419915
51620	0.62670910
51621	0.62924200
51622	0.63165796
51623	0.63381833
51624	0.63559020
51625	0.63685024
51626	0.63749003
51627	0.63742000
51628	0.63657403
51629	0.63491255
51630	0.63242435
51631	0.62912720
51632	0.62506658
51633	0.62031263
51634	0.61495554
51635	0.60910052
51636	0.60286152
51637	0.59635544
51638	0.58969706
51639	0.58299392
51640	0.57634354
51641	0.56983072
51642	0.56352657
51643	0.55748850
51644	0.55176038
51645	0.54637396
51646	0.54135031
51647	0.53670120
51648	0.53243077
51649	0.52853692
51650	0.52501243
51651	0.52184618
51652	0.51902342
51653	0.51652658
51654	0.51433551
51655	0.51242745
51656	0.51077706
51657	0.50935626
51658	0.50813454
51659	0.50707877
51660	0.50615305
51661	0.50531965
51662	0.50453877
51663	0.50376940
51664	0.50296974
51665	0.50209844
51666	0.50111473
51667	0.49997959
51668	0.49865690
51669	0.49711379
51670	0.49532172
51671	0.49325708
51672	0.49090177
51673	0.48824373
51674	0.48527727
51675	0.48200339
51676	0.47842982
51677	0.47457087
51678	0.47044775
51679	0.46608779
51680	0.46152425
51681	0.45679596
51682	0.45194638
51683	0.44702289
51684	0.44207585
51685	0.43715739
51686	0.43232021
51687	0.42761606
51688	0.42309424
51689	0.41880009
51690	0.41477343
51691	0.41104695
51692	0.40764523
51693	0.40458348
51694	0.40186688
51695	0.39949042
51696	0.39743903
51697	0.39568833
51698	0.39420545
51699	0.39295036
51700	0.39187762
51701	0.39093795
51702	0.39007980
51703	0.38925108
51704	0.38840061
51705	0.38747928
51706	0.38644126
51707	0.38524455
51708	0.38385201
51709	0.38223138
51710	0.38035578
51711	0.37820411
51712	0.37576059
51713	0.37301540
51714	0.36996451
51715	0.36660969
51716	0.36295837
51717	0.35902411
51718	0.35482606
51719	0.35038924
51720	0.34574422
51721	0.34092686
51722	0.33597764
51723	0.33094120
51724	0.32586539
51725	0.32080027
51726	0.31579697
51727	0.31090608
51728	0.30617690
51729	0.30165604
51730	0.29738641
51731	0.29340670
51732	0.28975075
51733	0.28644755
51734	0.28352159
51735	0.28099278
51736	0.27887708
51737	0.27718714
51738	0.27593249
51739	0.27511999
51740	0.27475345
51741	0.27483371
51742	0.27535784
51743	0.27631864
51744	0.27770284
51745	0.27949017
51746	0.28165150
51747	0.28414685
51748	0.28692439
51749	0.28991842
51750	0.29304868
51751	0.29622030
51752	0.29932523
51753	0.30224425
51754	0.30485144
51755	0.30701932
51756	0.30862522
51757	0.30955839
51758	0.30972588
51759	0.30905798
51760	0.30751151
51761	0.30507120
51762	0.30174816
51763	0.29757744
51764	0.29261369
51765	0.28692627
51766	0.28059581
51767	0.27370974
51768	0.26636100
51769	0.25864860
51770	0.25067964
51771	0.24257590
51772	0.23448244
51773	0.22658148
51774	0.21911249
51775	0.21240152
51776	0.20689951
51777	0.20324184
51778	0.20233206
51779	0.20546691
51780	0.21452647
51781	0.23226176
51782	0.26275429
51783	0.31215680
51784	0.38994473
51785	0.51113677
51786	0.70050025
51787	1.00130081
51788	1.49585581
51789	2.36289740
51790	NaN
51791	NaN
51792	NaN
51793	NaN
51794	NaN
51795	NaN
51796	NaN
51797	NaN
51798	NaN
51799	NaN
51800	NaN
51801	NaN
51802	NaN
51803	NaN
51804	NaN
51805	NaN
51806	NaN
51807	NaN
51808	NaN
51809	NaN
51810	NaN
51811	NaN
51812	NaN
51813	NaN
51814	NaN
51815	NaN
51816	NaN
51817	NaN
51818	NaN
51819	NaN
51820	NaN
51821	NaN
51822	NaN
51823	NaN
51824	NaN
51825	NaN
51826	NaN
51827	NaN
51828	NaN
51829	NaN
51830	NaN
51831	NaN
51832	NaN
51833	NaN
51834	NaN
51835	NaN
51836	NaN
51837	NaN
51838	NaN
51839	NaN
51840	NaN
51841	NaN
51842	NaN
51843	NaN
51844	NaN
51845	NaN
51846	NaN
51847	NaN
51848	NaN
51849	NaN
51850	NaN
51851	NaN
51852	NaN
51853	NaN
51854	NaN
51855	NaN
51856	NaN
51857	NaN
51858	NaN
51859	NaN
51860	NaN
51861	NaN
51862	NaN
51863	NaN
51864	NaN
51865	NaN
51866	NaN
51867	NaN
51868	NaN
51869	NaN
51870	NaN
51871	NaN
51872	NaN
51873	NaN
51874	NaN
51875	NaN
51876	NaN
51877	NaN
51878	NaN
51879	NaN
51880	NaN
51881	NaN
51882	NaN
51883	1.71891391
51884	1.23208582
51885	1.03853369
51886	0.93626511
51887	0.87417942
51888	0.83332843
51889	0.80505699
51890	0.78484368
51891	0.77009404
51892	0.75921053
51893	0.75115550
51894	0.74522591
51895	0.74092841
51896	0.73790771
51897	0.73590183
51898	0.73471367
51899	0.73419261
51900	0.73422152
51901	0.73470747
51902	0.73557490
51903	0.73676085
51904	0.73821056
51905	0.73987466
51906	0.74170631
51907	0.74365968
51908	0.74568790
51909	0.74774206
51910	0.74977022
51911	0.75171733
51912	0.75352412
51913	0.75512755
51914	0.75646156
51915	0.75745726
51916	0.75804442
51917	0.75815362
51918	0.75771779
51919	0.75667548
51920	0.75497359
51921	0.75257057
51922	0.74943972
51923	0.74557227
51924	0.74097967
51925	0.73569548
51926	0.72977602
51927	0.72329992
51928	0.71636593
51929	0.70909047
51930	0.70160264
51931	0.69403970
51932	0.68654162
51933	0.67924505
51934	0.67227858
51935	0.66575789
51936	0.65978181
51937	0.65442991
51938	0.64976066
51939	0.64581031
51940	0.64259315
51941	0.64010239
51942	0.63831133
51943	0.63717514
51944	0.63663304
51945	0.63661057
51946	0.63702208
51947	0.63777322
51948	0.63876384
51949	0.63989031
51950	0.64104879
51951	0.64213765
51952	0.64306039
51953	0.64372832
51954	0.64406264
51955	0.64399701
51956	0.64347899
51957	0.64247119
51958	0.64095193
51959	0.63891506
51960	0.63636965
51961	0.63333827
51962	0.62985563
51963	0.62596631
51964	0.62172252
51965	0.61718148
51966	0.61240321
51967	0.60744834
51968	0.60237586
51969	0.59724182
51970	0.59209764
51971	0.58698952
51972	0.58195776
51973	0.57703626
51974	0.57225329
51975	0.56763101
51976	0.56318676
51977	0.55893314
51978	0.55487889
51979	0.55102986
51980	0.54738915
51981	0.54395759
51982	0.54073447
51983	0.53771716
51984	0.53490126
51985	0.53228033
51986	0.52984577
51987	0.52758646
51988	0.52548873
51989	0.52353597
51990	0.52170879
51991	0.51998526
51992	0.51834095
51993	0.51674962
51994	0.51518327
51995	0.51361322
51996	0.51201034
51997	0.51034611
51998	0.50859278
51999	0.50672454
52000	0.50471807
52001	0.50255299
52002	0.50021279
52003	0.49768519
52004	0.49496272
52005	0.49204284
52006	0.48892856
52007	0.48562804
52008	0.48215494
52009	0.47852758
52010	0.47476909
52011	0.47090617
52012	0.46696869
52013	0.46298838
52014	0.45899817
52015	0.45503080
52016	0.45111778
52017	0.44728845
52018	0.44356909
52019	0.43998194
52020	0.43654498
52021	0.43327120
52022	0.43016866
52023	0.42724064
52024	0.42448583
52025	0.42189854
52026	0.41946939
52027	0.41718569
52028	0.41503206
52029	0.41299075
52030	0.41104230
52031	0.40916604
52032	0.40734023
52033	0.40554273
52034	0.40375143
52035	0.40194431
52036	0.40010011
52037	0.39819840
52038	0.39622012
52039	0.39414760
52040	0.39196476
52041	0.38965741
52042	0.38721326
52043	0.38462222
52044	0.38187620
52045	0.37896967
52046	0.37589973
52047	0.37266639
52048	0.36927289
52049	0.36572626
52050	0.36203715
52051	0.35822052
52052	0.35429555
52053	0.35028553
52054	0.34621769
52055	0.34212270
52056	0.33803409
52057	0.33398765
52058	0.33002037
52059	0.32616964
52060	0.32247239
52061	0.31896427
52062	0.31567878
52063	0.31264669
52064	0.30989540
52065	0.30744863
52066	0.30532610
52067	0.30354300
52068	0.30211020
52069	0.30103350
52070	0.30031359
52071	0.29994550
52072	0.29991779
52073	0.30021200
52074	0.30080184
52075	0.30165249
52076	0.30271959
52077	0.30394909
52078	0.30527711
52079	0.30663022
52080	0.30792710
52081	0.30907929
52082	0.30999440
52083	0.31057867
52084	0.31074044
52085	0.31039360
52086	0.30946106
52087	0.30787748
52088	0.30559176
52089	0.30256820
52090	0.29878712
52091	0.29424429
52092	0.28895009
52093	0.28292787
52094	0.27621228
52095	0.26884747
52096	0.26088554
52097	0.25238541
52098	0.24341251
52099	0.23403792
52100	0.22433957
52101	0.21440363
52102	0.20432641
52103	0.19421890
52104	0.18420973
52105	0.17445126
52106	0.16512530
52107	0.15645163
52108	0.14869325
52109	0.14216550
52110	0.13724239
52111	0.13436334
52112	0.13403973
52113	0.13685676
52114	0.14347911
52115	0.15465313
52116	0.17121437
52117	0.19409660
52118	0.22435774
52119	0.26322258
52120	0.31216401
52121	0.37304392
52122	0.44835111
52123	0.54162312
52124	0.65819526
52125	0.80662906
52126	1.00162768
52127	1.27066278
52128	1.67130256
52129	2.34707761
52130	NaN
52131	NaN
52132	NaN
52133	NaN
52134	NaN
52135	NaN
52136	NaN
52137	NaN
52138	NaN
52139	NaN
52140	NaN
52141	NaN
52142	NaN
52143	NaN
52144	NaN
52145	NaN
52146	NaN
52147	NaN
52148	NaN
52149	NaN
52150	NaN
52151	NaN
52152	NaN
52153	NaN
52154	NaN
52155	NaN
52156	NaN
52157	NaN
52158	NaN
52159	NaN
52160	NaN
52161	NaN
52162	NaN
52163	NaN
52164	NaN
52165	NaN
52166	NaN
52167	NaN
52168	NaN
52169	NaN
52170	NaN
52171	NaN
52172	NaN
52173	NaN
52174	NaN
52175	NaN
52176	NaN
52177	NaN
52178	NaN
52179	NaN
52180	NaN
52181	NaN
52182	NaN
52183	NaN
52184	NaN
52185	NaN
52186	NaN
52187	NaN
52188	NaN
52189	NaN
52190	NaN
52191	NaN
52192	NaN
52193	NaN
52194	NaN
52195	NaN
52196	NaN
52197	NaN
52198	NaN
52199	NaN
52200	NaN
52201	NaN
52202	NaN
52203	NaN
52204	NaN
52205	NaN
52206	NaN
52207	NaN
52208	NaN
52209	NaN
52210	NaN
52211	NaN
52212	NaN
52213	NaN
52214	NaN
52215	1.74777973
52216	1.24898589
52217	1.05294847
52218	0.95020908
52219	0.88816053
52220	0.84738857
52221	0.81906694
52222	0.79861093
52223	0.78340644
52224	0.77185786
52225	0.76293844
52226	0.75596094
52227	0.75045043
52228	0.74607050
52229	0.74257857
52230	0.73979682
52231	0.73759365
52232	0.73587030
52233	0.73455137
52234	0.73357844
52235	0.73290426
52236	0.73248911
52237	0.73229736
52238	0.73229527
52239	0.73244852
52240	0.73272115
52241	0.73307407
52242	0.73346424
52243	0.73384422
52244	0.73416197
52245	0.73436093
52246	0.73438030
52247	0.73415643
52248	0.73362339
52249	0.73271537
52250	0.73136836
52251	0.72952300
52252	0.72712785
52253	0.72414184
52254	0.72053838
52255	0.71630830
52256	0.71146196
52257	0.70603156
52258	0.70007211
52259	0.69366068
52260	0.68689531
52261	0.67989171
52262	0.67277950
52263	0.66569692
52264	0.65878570
52265	0.65218478
52266	0.64602482
52267	0.64042336
52268	0.63548005
52269	0.63127404
52270	0.62786144
52271	0.62527406
52272	0.62351972
52273	0.62258261
52274	0.62242460
52275	0.62298667
52276	0.62419128
52277	0.62594408
52278	0.62813658
52279	0.63064820
52280	0.63334942
52281	0.63610452
52282	0.63877535
52283	0.64122462
52284	0.64332050
52285	0.64494061
52286	0.64597642
52287	0.64633769
52288	0.64595538
52289	0.64478523
52290	0.64280879
52291	0.64003408
52292	0.63649428
52293	0.63224584
52294	0.62736416
52295	0.62193966
52296	0.61607277
52297	0.60986865
52298	0.60343319
52299	0.59686834
52300	0.59026927
52301	0.58372223
52302	0.57730311
52303	0.57107681
52304	0.56509751
52305	0.55940902
52306	0.55404592
52307	0.54903436
52308	0.54439312
52309	0.54013455
52310	0.53626549
52311	0.53278786
52312	0.52969885
52313	0.52699178
52314	0.52465576
52315	0.52267581
52316	0.52103323
52317	0.51970464
52318	0.51866269
52319	0.51787531
52320	0.51730621
52321	0.51691431
52322	0.51665461
52323	0.51647812
52324	0.51633298
52325	0.51616484
52326	0.51591831
52327	0.51553822
52328	0.51497078
52329	0.51416534
52330	0.51307613
52331	0.51166284
52332	0.50989276
52333	0.50774127
52334	0.50519246
52335	0.50223982
52336	0.49888656
52337	0.49514505
52338	0.49103674
52339	0.48659167
52340	0.48184776
52341	0.47684976
52342	0.47164866
52343	0.46630022
52344	0.46086398
52345	0.45540196
52346	0.44997677
52347	0.44465062
52348	0.43948299
52349	0.43452919
52350	0.42983866
52351	0.42545334
52352	0.42140636
52353	0.41772109
52354	0.41441041
52355	0.41147676
52356	0.40891239
52357	0.40669972
52358	0.40481266
52359	0.40321752
52360	0.40187451
52361	0.40073895
52362	0.39976272
52363	0.39889547
52364	0.39808577
52365	0.39728221
52366	0.39643428
52367	0.39549321
52368	0.39441279
52369	0.39314991
52370	0.39166543
52371	0.38992471
52372	0.38789833
52373	0.38556239
52374	0.38289934
52375	0.37989828
52376	0.37655523
52377	0.37287334
52378	0.36886302
52379	0.36454186
52380	0.35993415
52381	0.35507101
52382	0.34998938
52383	0.34473154
52384	0.33934441
52385	0.33387843
52386	0.32838646
52387	0.32292289
52388	0.31754270
52389	0.31229979
52390	0.30724648
52391	0.30243230
52392	0.29790345
52393	0.29370192
52394	0.28986520
52395	0.28642577
52396	0.28341097
52397	0.28084299
52398	0.27873865
52399	0.27710927
52400	0.27596071
52401	0.27529278
52402	0.27509916
52403	0.27536637
52404	0.27607316
52405	0.27718940
52406	0.27867502
52407	0.28047892
52408	0.28253815
52409	0.28477722
52410	0.28710821
52411	0.28943166
52412	0.29163793
52413	0.29360989
52414	0.29522654
52415	0.29636714
52416	0.29691625
52417	0.29676822
52418	0.29583177
52419	0.29403365
52420	0.29132098
52421	0.28766251
52422	0.28304765
52423	0.27748579
52424	0.27100283
52425	0.26363981
52426	0.25544864
52427	0.24649061
52428	0.23683479
52429	0.22655727
52430	0.21574268
52431	0.20448563
52432	0.19289549
52433	0.18110153
52434	0.16926044
52435	0.15756644
52436	0.14626126
52437	0.13564824
52438	0.12610671
52439	0.11810907
52440	0.11223676
52441	0.10919739
52442	0.10983970
52443	0.11516466
52444	0.12633297
52445	0.14466189
52446	0.17162307
52447	0.20883414
52448	0.25806797
52449	0.32128912
52450	0.40075988
52451	0.49926665
52452	0.62055933
52453	0.77015960
52454	0.95688748
52455	1.19587708
52456	1.51513636
52457	1.97181904
52458	2.70088816
52459	4.10975790
52460	NaN
52461	NaN
52462	NaN
52463	NaN
52464	NaN
52465	NaN
52466	NaN
52467	NaN
52468	NaN
52469	NaN
52470	NaN
52471	NaN
52472	NaN
52473	NaN
52474	NaN
52475	NaN
52476	NaN
52477	NaN
52478	NaN
52479	NaN
52480	NaN
52481	NaN
52482	NaN
52483	NaN
52484	NaN
52485	NaN
52486	NaN
52487	NaN
52488	NaN
52489	NaN
52490	NaN
52491	NaN
52492	NaN
52493	NaN
52494	NaN
52495	NaN
52496	NaN
52497	NaN
52498	NaN
52499	NaN
52500	NaN
52501	NaN
52502	NaN
52503	NaN
52504	NaN
52505	NaN
52506	NaN
52507	NaN
52508	NaN
52509	NaN
52510	NaN
52511	NaN
52512	NaN
52513	NaN
52514	NaN
52515	NaN
52516	NaN
52517	NaN
52518	NaN
52519	NaN
52520	NaN
52521	NaN
52522	NaN
52523	NaN
52524	NaN
52525	NaN
52526	NaN
52527	NaN
52528	NaN
52529	NaN
52530	NaN
52531	NaN
52532	NaN
52533	NaN
52534	NaN
52535	NaN
52536	NaN
52537	NaN
52538	NaN
52539	NaN
52540	NaN
52541	NaN
52542	3.11820173
52543	1.45390332
52544	1.12251067
52545	0.98216909
52546	0.90575624
52547	0.85855365
52548	0.82718015
52549	0.80536908
52550	0.78978723
52551	0.77849185
52552	0.77027082
52553	0.76432669
52554	0.76011217
52555	0.75723898
52556	0.75542378
52557	0.75445557
52558	0.75417358
52559	0.75445402
52560	0.75519925
52561	0.75633115
52562	0.75778562
52563	0.75950861
52564	0.76145238
52565	0.76357329
52566	0.76582927
52567	0.76817763
52568	0.77057391
52569	0.77297038
52570	0.77531481
52571	0.77754980
52572	0.77961266
52573	0.78143507
52574	0.78294361
52575	0.78406090
52576	0.78470689
52577	0.78480172
52578	0.78426808
52579	0.78303522
52580	0.78104234
52581	0.77824336
52582	0.77461082
52583	0.77013969
52584	0.76485008
52585	0.75878984
52586	0.75203437
52587	0.74468571
52588	0.73686993
52589	0.72873247
52590	0.72043240
52591	0.71213657
52592	0.70401210
52593	0.69622022
52594	0.68891001
52595	0.68221349
52596	0.67624128
52597	0.67108017
52598	0.66679114
52599	0.66340888
52600	0.66094190
52601	0.65937388
52602	0.65866435
52603	0.65875149
52604	0.65955377
52605	0.66097277
52606	0.66289586
52607	0.66519934
52608	0.66775137
52609	0.67041606
52610	0.67305666
52611	0.67553985
52612	0.67773944
52613	0.67954028
52614	0.68084204
52615	0.68156201
52616	0.68163764
52617	0.68102801
52618	0.67971468
52619	0.67770088
52620	0.67501044
52621	0.67168528
52622	0.66778278
52623	0.66337210
52624	0.65853065
52625	0.65334064
52626	0.64788574
52627	0.64224809
52628	0.63650602
52629	0.63073206
52630	0.62499177
52631	0.61934286
52632	0.61383504
52633	0.60850984
52634	0.60340112
52635	0.59853554
52636	0.59393311
52637	0.58960778
52638	0.58556819
52639	0.58181822
52640	0.57835722
52641	0.57518059
52642	0.57227999
52643	0.56964350
52644	0.56725568
52645	0.56509769
52646	0.56314760
52647	0.56138021
52648	0.55976748
52649	0.55827898
52650	0.55688196
52651	0.55554223
52652	0.55422455
52653	0.55289352
52654	0.55151385
52655	0.55005169
52656	0.54847473
52657	0.54675329
52658	0.54486084
52659	0.54277426
52660	0.54047489
52661	0.53794825
52662	0.53518474
52663	0.53217995
52664	0.52893472
52665	0.52545542
52666	0.52175385
52667	0.51784754
52668	0.51375920
52669	0.50951672
52670	0.50515234
52671	0.50070208
52672	0.49620494
52673	0.49170145
52674	0.48723274
52675	0.48283952
52676	0.47856033
52677	0.47443080
52678	0.47048214
52679	0.46674052
52680	0.46322611
52681	0.45995253
52682	0.45692676
52683	0.45414898
52684	0.45161295
52685	0.44930631
52686	0.44721135
52687	0.44530573
52688	0.44356313
52689	0.44195434
52690	0.44044778
52691	0.43901050
52692	0.43760890
52693	0.43620944
52694	0.43477920
52695	0.43328661
52696	0.43170184
52697	0.42999730
52698	0.42814782
52699	0.42613098
52700	0.42392722
52701	0.42151982
52702	0.41889504
52703	0.41604209
52704	0.41295356
52705	0.40962514
52706	0.40605637
52707	0.40225098
52708	0.39821696
52709	0.39396760
52710	0.38952136
52711	0.38490230
52712	0.38013995
52713	0.37526903
52714	0.37032887
52715	0.36536261
52716	0.36041626
52717	0.35553747
52718	0.35077468
52719	0.34617579
52720	0.34178758
52721	0.33765468
52722	0.33381927
52723	0.33032030
52724	0.32719335
52725	0.32447037
52726	0.32217911
52727	0.32034284
52728	0.31897989
52729	0.31810296
52730	0.31771848
52731	0.31782550
52732	0.31841475
52733	0.31946754
52734	0.32095495
52735	0.32283631
52736	0.32505888
52737	0.32755730
52738	0.33025321
52739	0.33305675
52740	0.33586690
52741	0.33857423
52742	0.34106305
52743	0.34321555
52744	0.34491470
52745	0.34604898
52746	0.34651592
52747	0.34622595
52748	0.34510526
52749	0.34309766
52750	0.34016627
52751	0.33629325
52752	0.33147955
52753	0.32574347
52754	0.31911927
52755	0.31165484
52756	0.30341050
52757	0.29445815
52758	0.28487971
52759	0.27476805
52760	0.26422772
52761	0.25337666
52762	0.24234982
52763	0.23130238
52764	0.22041523
52765	0.20990154
52766	0.20001477
52767	0.19105645
52768	0.18338726
52769	0.17743716
52770	0.17371655
52771	0.17282888
52772	0.17548086
52773	0.18249565
52774	0.19482788
52775	0.21358247
52776	0.24004701
52777	0.27573988
52778	0.32249853
52779	0.38262537
52780	0.45914581
52781	0.55624986
52782	0.68009132
52783	0.84029555
52784	1.05299449
52785	1.34756923
52786	1.78372443
52787	2.50372314
52788	3.94871497
52789	NaN
52790	NaN
52791	NaN
52792	NaN
52793	NaN
52794	NaN
52795	NaN
52796	NaN
52797	NaN
52798	NaN
52799	NaN
52800	NaN
52801	NaN
52802	NaN
52803	NaN
52804	NaN
52805	NaN
52806	NaN
52807	NaN
52808	NaN
52809	NaN
52810	NaN
52811	NaN
52812	NaN
52813	NaN
52814	NaN
52815	NaN
52816	NaN
52817	NaN
52818	NaN
52819	NaN
52820	NaN
52821	NaN
52822	NaN
52823	NaN
52824	NaN
52825	NaN
52826	NaN
52827	NaN
52828	NaN
52829	NaN
52830	NaN
52831	NaN
52832	NaN
52833	NaN
52834	NaN
52835	NaN
52836	NaN
52837	NaN
52838	NaN
52839	NaN
52840	NaN
52841	NaN
52842	NaN
52843	NaN
52844	NaN
52845	NaN
52846	NaN
52847	NaN
52848	NaN
52849	NaN
52850	NaN
52851	NaN
52852	NaN
52853	NaN
52854	NaN
52855	NaN
52856	NaN
52857	NaN
52858	NaN
52859	NaN
52860	NaN
52861	NaN
52862	NaN
52863	NaN
52864	NaN
52865	NaN
52866	NaN
52867	NaN
52868	NaN
52869	NaN
52870	NaN
52871	NaN
52872	NaN
52873	NaN
52874	NaN
52875	NaN
52876	3.28332996
52877	1.49744117
52878	1.13911498
52879	0.98927295
52880	0.90919620
52881	0.86078537
52882	0.82932359
52883	0.80791825
52884	0.79291040
52885	0.78217727
52886	0.77440512
52887	0.76874000
52888	0.76460618
52889	0.76160425
52890	0.75945187
52891	0.75794649
52892	0.75694120
52893	0.75632864
52894	0.75603002
52895	0.75598693
52896	0.75615513
52897	0.75650036
52898	0.75699466
52899	0.75761384
52900	0.75833517
52901	0.75913548
52902	0.75999033
52903	0.76087236
52904	0.76175082
52905	0.76259089
52906	0.76335305
52907	0.76399314
52908	0.76446247
52909	0.76470792
52910	0.76467264
52911	0.76429796
52912	0.76352394
52913	0.76229256
52914	0.76054949
52915	0.75824726
52916	0.75534898
52917	0.75183088
52918	0.74768621
52919	0.74292743
52920	0.73758805
52921	0.73172373
52922	0.72541165
52923	0.71874911
52924	0.71184993
52925	0.70484120
52926	0.69785744
52927	0.69103587
52928	0.68451053
52929	0.67840701
52930	0.67283815
52931	0.66789985
52932	0.66366845
52933	0.66019875
52934	0.65752304
52935	0.65565068
52936	0.65456885
52937	0.65424287
52938	0.65461791
52939	0.65561992
52940	0.65715802
52941	0.65912580
52942	0.66140389
52943	0.66386312
52944	0.66636682
52945	0.66877520
52946	0.67094928
52947	0.67275518
52948	0.67406911
52949	0.67478216
52950	0.67480439
52951	0.67406887
52952	0.67253417
52953	0.67018604
52954	0.66703737
52955	0.66312665
52956	0.65851516
52957	0.65328306
52958	0.64752454
52959	0.64134264
52960	0.63484448
52961	0.62813658
52962	0.62132096
52963	0.61449206
52964	0.60773486
52965	0.60112339
52966	0.59472060
52967	0.58857816
52968	0.58273733
52969	0.57722998
52970	0.57207942
52971	0.56730181
52972	0.56290698
52973	0.55889952
52974	0.55527979
52975	0.55204403
52976	0.54918510
52977	0.54669207
52978	0.54455084
52979	0.54274344
52980	0.54124773
52981	0.54003751
52982	0.53908187
52983	0.53834558
52984	0.53778881
52985	0.53736782
52986	0.53703499
52987	0.53674024
52988	0.53643113
52989	0.53605473
52990	0.53555810
52991	0.53489012
52992	0.53400248
52993	0.53285086
52994	0.53139651
52995	0.52960694
52996	0.52745688
52997	0.52492917
52998	0.52201509
52999	0.51871467
53000	0.51503694
53001	0.51099950
53002	0.50662857
53003	0.50195825
53004	0.49702993
53005	0.49189121
53006	0.48659521
53007	0.48119906
53008	0.47576261
53009	0.47034702
53010	0.46501294
53011	0.45981902
53012	0.45482010
53013	0.45006564
53014	0.44559833
53015	0.44145283
53016	0.43765491
53017	0.43422085
53018	0.43115717
53019	0.42846063
53020	0.42611915
53021	0.42411193
53022	0.42241067
53023	0.42098069
53024	0.41978183
53025	0.41877013
53026	0.41789851
53027	0.41711849
53028	0.41638079
53029	0.41563687
53030	0.41483936
53031	0.41394314
53032	0.41290605
53033	0.41168940
53034	0.41025874
53035	0.40858406
53036	0.40664056
53037	0.40440887
53038	0.40187541
53039	0.39903280
53040	0.39587981
53041	0.39242193
53042	0.38867107
53043	0.38464582
53044	0.38037115
53045	0.37587816
53046	0.37120363
53047	0.36638924
53048	0.36148089
53049	0.35652748
53050	0.35157982
53051	0.34668943
53052	0.34190753
53053	0.33728367
53054	0.33286503
53055	0.32869560
53056	0.32481566
53057	0.32126158
53058	0.31806538
53059	0.31525490
53060	0.31285354
53061	0.31088069
53062	0.30935088
53063	0.30827400
53064	0.30765447
53065	0.30749071
53066	0.30777434
53067	0.30848843
53068	0.30960691
53069	0.31109276
53070	0.31289715
53071	0.31495842
53072	0.31720179
53073	0.31953976
53074	0.32187313
53075	0.32409361
53076	0.32608652
53077	0.32773504
53078	0.32892466
53079	0.32954779
53080	0.32950869
53081	0.32872665
53082	0.32713905
53083	0.32470316
53084	0.32139590
53085	0.31721371
53086	0.31217015
53087	0.30629432
53088	0.29962835
53089	0.29222563
53090	0.28414881
53091	0.27546918
53092	0.26626644
53093	0.25662923
53094	0.24665770
53095	0.23646508
53096	0.22618271
53097	0.21596432
53098	0.20599288
53099	0.19648664
53100	0.18770728
53101	0.17996646
53102	0.17363137
53103	0.16912870
53104	0.16694124
53105	0.16760218
53106	0.17167982
53107	0.17975579
53108	0.19239806
53109	0.21012841
53110	0.23339382
53111	0.26254734
53112	0.29784524
53113	0.33946517
53114	0.38755783
53115	0.44232836
53116	0.50415736
53117	0.57377374
53118	0.65250117
53119	0.74264044
53120	0.84812975
53121	0.97577345
53122	1.13781834
53123	1.35804653
53124	1.68859982
53125	2.26907921
53126	NaN
53127	NaN
53128	NaN
53129	NaN
53130	NaN
53131	NaN
53132	NaN
53133	NaN
53134	NaN
53135	NaN
53136	NaN
53137	NaN
53138	NaN
53139	NaN
53140	NaN
53141	NaN
53142	NaN
53143	NaN
53144	NaN
53145	NaN
53146	NaN
53147	NaN
53148	NaN
53149	NaN
53150	NaN
53151	NaN
53152	NaN
53153	NaN
53154	NaN
53155	NaN
53156	NaN
53157	NaN
53158	NaN
53159	NaN
53160	NaN
53161	NaN
53162	NaN
53163	NaN
53164	NaN
53165	NaN
53166	NaN
53167	NaN
53168	NaN
53169	NaN
53170	NaN
53171	NaN
53172	NaN
53173	NaN
53174	NaN
53175	NaN
53176	NaN
53177	NaN
53178	NaN
53179	NaN
53180	NaN
53181	NaN
53182	NaN
53183	NaN
53184	NaN
53185	NaN
53186	NaN
53187	NaN
53188	NaN
53189	NaN
53190	NaN
53191	NaN
53192	NaN
53193	NaN
53194	NaN
53195	NaN
53196	NaN
53197	NaN
53198	2.27798367
53199	1.44178843
53200	1.18623948
53201	1.06289518
53202	0.99060702
53203	0.94339502
53204	0.91037488
53205	0.88618177
53206	0.86786360
53207	0.85366023
53208	0.84245688
53209	0.83351207
53210	0.82631397
53211	0.82049787
53212	0.81579661
53213	0.81201077
53214	0.80898803
53215	0.80661029
53216	0.80478442
53217	0.80343539
53218	0.80250156
53219	0.80193108
53220	0.80167878
53221	0.80170357
53222	0.80196685
53223	0.80243063
53224	0.80305576
53225	0.80380082
53226	0.80462122
53227	0.80546802
53228	0.80628705
53229	0.80701870
53230	0.80759788
53231	0.80795407
53232	0.80801231
53233	0.80769485
53234	0.80692267
53235	0.80561870
53236	0.80371094
53237	0.80113637
53238	0.79784477
53239	0.79380375
53240	0.78900176
53241	0.78345221
53242	0.77719527
53243	0.77029890
53244	0.76285797
53245	0.75499165
53246	0.74683940
53247	0.73855531
53248	0.73030156
53249	0.72224152
53250	0.71453321
53251	0.70732284
53252	0.70073962
53253	0.69489187
53254	0.68986386
53255	0.68571413
53256	0.68247479
53257	0.68015194
53258	0.67872614
53259	0.67815405
53260	0.67837024
53261	0.67928940
53262	0.68080884
53263	0.68281150
53264	0.68516886
53265	0.68774450
53266	0.69039822
53267	0.69298977
53268	0.69538319
53269	0.69745135
53270	0.69907957
53271	0.70016950
53272	0.70064247
53273	0.70044076
53274	0.69953001
53275	0.69789863
53276	0.69555730
53277	0.69253725
53278	0.68888754
53279	0.68467176
53280	0.67996484
53281	0.67484921
53282	0.66941118
53283	0.66373813
53284	0.65791488
53285	0.65202242
53286	0.64613509
53287	0.64032012
53288	0.63463646
53289	0.62913442
53290	0.62385565
53291	0.61883342
53292	0.61409277
53293	0.60965145
53294	0.60552019
53295	0.60170346
53296	0.59820014
53297	0.59500366
53298	0.59210324
53299	0.58948338
53300	0.58712500
53301	0.58500546
53302	0.58309907
53303	0.58137745
53304	0.57980996
53305	0.57836455
53306	0.57700795
53307	0.57570666
53308	0.57442749
53309	0.57313818
53310	0.57180810
53311	0.57040864
53312	0.56891370
53313	0.56730002
53314	0.56554717
53315	0.56363797
53316	0.56155807
53317	0.55929649
53318	0.55684513
53319	0.55419928
53320	0.55135763
53321	0.54832226
53322	0.54509932
53323	0.54169869
53324	0.53813475
53325	0.53442603
53326	0.53059530
53327	0.52666944
53328	0.52267897
53329	0.51865757
53330	0.51464081
53331	0.51066571
53332	0.50676900
53333	0.50298643
53334	0.49935076
53335	0.49589103
53336	0.49263120
53337	0.48958924
53338	0.48677677
53339	0.48419806
53340	0.48185048
53341	0.47972456
53342	0.47780424
53343	0.47606790
53344	0.47448900
53345	0.47303703
53346	0.47167838
53347	0.47037765
53348	0.46909821
53349	0.46780333
53350	0.46645689
53351	0.46502426
53352	0.46347305
53353	0.46177354
53354	0.45989937
53355	0.45782802
53356	0.45554104
53357	0.45302442
53358	0.45026854
53359	0.44726834
53360	0.44402313
53361	0.44053644
53362	0.43681604
53363	0.43287328
53364	0.42872337
53365	0.42438492
53366	0.41987988
53367	0.41523305
53368	0.41047245
53369	0.40562853
53370	0.40073439
53371	0.39582506
53372	0.39093727
53373	0.38610891
53374	0.38137820
53375	0.37678340
53376	0.37236154
53377	0.36814815
53378	0.36417633
53379	0.36047617
53380	0.35707438
53381	0.35399383
53382	0.35125321
53383	0.34886676
53384	0.34684414
53385	0.34519014
53386	0.34390408
53387	0.34297982
53388	0.34240478
53389	0.34215963
53390	0.34221759
53391	0.34254375
53392	0.34309480
53393	0.34381908
53394	0.34465659
53395	0.34553996
53396	0.34639561
53397	0.34714544
53398	0.34770915
53399	0.34800652
53400	0.34795985
53401	0.34749696
53402	0.34655306
53403	0.34507316
53404	0.34301299
53405	0.34034082
53406	0.33703694
53407	0.33309451
53408	0.32851857
53409	0.32332557
53410	0.31754276
53411	0.31120703
53412	0.30436480
53413	0.29707101
53414	0.28938931
53415	0.28139153
53416	0.27315843
53417	0.26477954
53418	0.25635344
53419	0.24798892
53420	0.23980512
53421	0.23193313
53422	0.22451608
53423	0.21771064
53424	0.21168756
53425	0.20663214
53426	0.20274445
53427	0.20023775
53428	0.19933686
53429	0.20027559
53430	0.20329317
53431	0.20862916
53432	0.21651952
53433	0.22719340
53434	0.24087040
53435	0.25776246
53436	0.27807724
53437	0.30202949
53438	0.32985696
53439	0.36184496
53440	0.39836377
53441	0.43991679
53442	0.48721507
53443	0.54128647
53444	0.60364354
53445	0.67656064
53446	0.76354903
53447	0.87023765
53448	1.00612128
53449	1.18840706
53450	1.45158041
53451	1.87606168
53452	2.70221949
53453	NaN
53454	NaN
53455	NaN
53456	NaN
53457	NaN
53458	NaN
53459	NaN
53460	NaN
53461	NaN
53462	NaN
53463	NaN
53464	NaN
53465	NaN
53466	NaN
53467	NaN
53468	NaN
53469	NaN
53470	NaN
53471	NaN
53472	NaN
53473	NaN
53474	NaN
53475	NaN
53476	NaN
53477	NaN
53478	NaN
53479	NaN
53480	NaN
53481	NaN
53482	NaN
53483	NaN
53484	NaN
53485	NaN
53486	NaN
53487	NaN
53488	NaN
53489	NaN
53490	NaN
53491	NaN
53492	NaN
53493	NaN
53494	NaN
53495	NaN
53496	NaN
53497	NaN
53498	NaN
53499	NaN
53500	NaN
53501	NaN
53502	NaN
53503	NaN
53504	NaN
53505	NaN
53506	NaN
53507	NaN
53508	NaN
53509	NaN
53510	NaN
53511	NaN
53512	NaN
53513	NaN
53514	NaN
53515	NaN
53516	NaN
53517	NaN
53518	NaN
53519	NaN
53520	NaN
53521	NaN
53522	NaN
53523	NaN
53524	NaN
53525	NaN
53526	NaN
53527	NaN
53528	NaN
53529	NaN
53530	NaN
53531	NaN
53532	2.38955092
53533	1.37793744
53534	1.10047555
53535	0.97407335
53536	0.90362465
53537	0.85986322
53538	0.83080411
53539	0.81063741
53540	0.79620987
53541	0.78566754
53542	0.77785254
53543	0.77200788
53544	0.76762116
53545	0.76433539
53546	0.76189685
53547	0.76012206
53548	0.75887662
53549	0.75806081
53550	0.75760013
53551	0.75743771
53552	0.75752914
53553	0.75783896
53554	0.75833672
53555	0.75899518
53556	0.75978786
53557	0.76068753
53558	0.76166475
53559	0.76268727
53560	0.76371843
53561	0.76471716
53562	0.76563746
53563	0.76642829
53564	0.76703376
53565	0.76739389
53566	0.76744527
53567	0.76712286
53568	0.76636171
53569	0.76509941
53570	0.76327890
53571	0.76085180
53572	0.75778192
53573	0.75404876
53574	0.74965078
53575	0.74460816
53576	0.73896480
53577	0.73278868
53578	0.72617126
53579	0.71922505
53580	0.71208000
53581	0.70487839
53582	0.69776905
53583	0.69090086
53584	0.68441665
53585	0.67844737
53586	0.67310691
53587	0.66848862
53588	0.66466224
53589	0.66167253
53590	0.65953875
53591	0.65825486
53592	0.65779084
53593	0.65809393
53594	0.65909046
53595	0.66068816
53596	0.66277838
53597	0.66523892
53598	0.66793662
53599	0.67073089
53600	0.67347735
53601	0.67603207
53602	0.67825538
53603	0.68001729
53604	0.68120134
53605	0.68170965
53606	0.68146646
53607	0.68042141
53608	0.67855150
53609	0.67586136
53610	0.67238295
53611	0.66817266
53612	0.66330796
53613	0.65788281
53614	0.65200216
53615	0.64577717
53616	0.63931966
53617	0.63273776
53618	0.62613243
53619	0.61959451
53620	0.61320317
53621	0.60702479
53622	0.60111320
53623	0.59551007
53624	0.59024584
53625	0.58534122
53626	0.58080816
53627	0.57665169
53628	0.57287121
53629	0.56946141
53630	0.56641346
53631	0.56371588
53632	0.56135440
53633	0.55931276
53634	0.55757236
53635	0.55611229
53636	0.55490869
53637	0.55393493
53638	0.55316132
53639	0.55255443
53640	0.55207771
53641	0.55169147
53642	0.55135322
53643	0.55101818
53644	0.55064029
53645	0.55017287
53646	0.54956990
53647	0.54878688
53648	0.54778206
53649	0.54651725
53650	0.54495889
53651	0.54307884
53652	0.54085499
53653	0.53827202
53654	0.53532153
53655	0.53200275
53656	0.52832252
53657	0.52429557
53658	0.51994449
53659	0.51529932
53660	0.51039737
53661	0.50528246
53662	0.50000405
53663	0.49461612
53664	0.48917562
53665	0.48374125
53666	0.47837168
53667	0.47312355
53668	0.46805006
53669	0.46319923
53670	0.45861247
53671	0.45432335
53672	0.45035681
53673	0.44672877
53674	0.44344568
53675	0.44050503
53676	0.43789551
53677	0.43559808
53678	0.43358645
53679	0.43182850
53680	0.43028697
53681	0.42892092
53682	0.42768663
53683	0.42653847
53684	0.42543036
53685	0.42431617
53686	0.42315093
53687	0.42189139
53688	0.42049694
53689	0.41893020
53690	0.41715765
53691	0.41515005
53692	0.41288331
53693	0.41033876
53694	0.40750346
53695	0.40437070
53696	0.40094009
53697	0.39721793
53698	0.39321733
53699	0.38895801
53700	0.38446641
53701	0.37977532
53702	0.37492326
53703	0.36995381
53704	0.36491460
53705	0.35985598
53706	0.35482961
53707	0.34988731
53708	0.34507936
53709	0.34045339
53710	0.33605340
53711	0.33191898
53712	0.32808509
53713	0.32458165
53714	0.32143378
53715	0.31866184
53716	0.31628183
53717	0.31430534
53718	0.31273991
53719	0.31158862
53720	0.31084967
53721	0.31051597
53722	0.31057382
53723	0.31100217
53724	0.31177106
53725	0.31284088
53726	0.31416094
53727	0.31566900
53728	0.31729135
53729	0.31894308
53730	0.32053033
53731	0.32195202
53732	0.32310399
53733	0.32388285
53734	0.32419083
53735	0.32394028
53736	0.32305786
53737	0.32148767
53738	0.31919283
53739	0.31615672
53740	0.31238100
53741	0.30788437
53742	0.30270010
53743	0.29687291
53744	0.29045710
53745	0.28351462
53746	0.27611440
53747	0.26833284
53748	0.26025650
53749	0.25198430
53750	0.24363351
53751	0.23534624
53752	0.22729790
53753	0.21970889
53754	0.21285737
53755	0.20709497
53756	0.20286611
53757	0.20072871
53758	0.20137939
53759	0.20567614
53760	0.21466482
53761	0.22960055
53762	0.25196797
53763	0.28349292
53764	0.32615447
53765	0.38220555
53766	0.45422059
53767	0.54521805
53768	0.65892076
53769	0.80029094
53770	0.97656125
53771	1.19926786
53772	1.48839962
53773	1.88175786
53774	2.45928741
53775	3.42073011
53776	NaN
53777	NaN
53778	NaN
53779	NaN
53780	NaN
53781	NaN
53782	NaN
53783	NaN
53784	NaN
53785	NaN
53786	NaN
53787	NaN
53788	NaN
53789	NaN
53790	NaN
53791	NaN
53792	NaN
53793	NaN
53794	NaN
53795	NaN
53796	NaN
53797	NaN
53798	NaN
53799	NaN
53800	NaN
53801	NaN
53802	NaN
53803	NaN
53804	NaN
53805	NaN
53806	NaN
53807	NaN
53808	NaN
53809	NaN
53810	NaN
53811	NaN
53812	NaN
53813	NaN
53814	NaN
53815	NaN
53816	NaN
53817	NaN
53818	NaN
53819	NaN
53820	NaN
53821	NaN
53822	NaN
53823	NaN
53824	NaN
53825	NaN
53826	NaN
53827	NaN
53828	NaN
53829	NaN
53830	NaN
53831	NaN
53832	NaN
53833	NaN
53834	NaN
53835	NaN
53836	NaN
53837	NaN
53838	NaN
53839	NaN
53840	NaN
53841	NaN
53842	NaN
53843	NaN
53844	NaN
53845	NaN
53846	NaN
53847	NaN
53848	NaN
53849	NaN
53850	NaN
53851	NaN
53852	NaN
53853	NaN
53854	NaN
53855	NaN
53856	NaN
53857	NaN
53858	1.82398701
53859	1.27221549
53860	1.07070827
53861	0.96718544
53862	0.90483946
53863	0.86372143
53864	0.83501220
53865	0.81420296
53866	0.79874521
53867	0.78708732
53868	0.77822793
53869	0.77149105
53870	0.76640308
53871	0.76262110
53872	0.75989091
53873	0.75801909
53874	0.75685519
53875	0.75627959
53876	0.75619477
53877	0.75651896
53878	0.75718153
53879	0.75811917
53880	0.75927347
53881	0.76058835
53882	0.76200908
53883	0.76348042
53884	0.76494646
53885	0.76634985
53886	0.76763201
53887	0.76873273
53888	0.76959145
53889	0.77014732
53890	0.77034062
53891	0.77011395
53892	0.76941401
53893	0.76819324
53894	0.76641208
53895	0.76404101
53896	0.76106280
53897	0.75747389
53898	0.75328636
53899	0.74852872
53900	0.74324590
53901	0.73749930
53902	0.73136544
53903	0.72493362
53904	0.71830350
53905	0.71158195
53906	0.70487893
53907	0.69830394
53908	0.69196254
53909	0.68595201
53910	0.68035895
53911	0.67525631
53912	0.67070168
53913	0.66673589
53914	0.66338247
53915	0.66064751
53916	0.65852034
53917	0.65697438
53918	0.65596861
53919	0.65544945
53920	0.65535259
53921	0.65560520
53922	0.65612853
53923	0.65683985
53924	0.65765566
53925	0.65849328
53926	0.65927404
53927	0.65992457
53928	0.66037965
53929	0.66058296
53930	0.66048926
53931	0.66006416
53932	0.65928525
53933	0.65814185
53934	0.65663385
53935	0.65477139
53936	0.65257281
53937	0.65006357
53938	0.64727378
53939	0.64423698
53940	0.64098746
53941	0.63755924
53942	0.63398421
53943	0.63029099
53944	0.62650377
53945	0.62264240
53946	0.61872149
53947	0.61475122
53948	0.61073762
53949	0.60668355
53950	0.60258991
53951	0.59845686
53952	0.59428543
53953	0.59007871
53954	0.58584362
53955	0.58159083
53956	0.57733619
53957	0.57309985
53958	0.56890559
53959	0.56477940
53960	0.56074786
53961	0.55683613
53962	0.55306625
53963	0.54945588
53964	0.54601669
53965	0.54275417
53966	0.53966689
53967	0.53674650
53968	0.53397840
53969	0.53134233
53970	0.52881294
53971	0.52636170
53972	0.52395737
53973	0.52156758
53974	0.51916021
53975	0.51670432
53976	0.51417172
53977	0.51153749
53978	0.50878137
53979	0.50588793
53980	0.50284737
53981	0.49965563
53982	0.49631438
53983	0.49283090
53984	0.48921749
53985	0.48549101
53986	0.48167202
53987	0.47778410
53988	0.47385243
53989	0.46990371
53990	0.46596450
53991	0.46206084
53992	0.45821720
53993	0.45445615
53994	0.45079747
53995	0.44725785
53996	0.44385064
53997	0.44058570
53998	0.43746889
53999	0.43450248
54000	0.43168524
54001	0.42901212
54002	0.42647526
54003	0.42406353
54004	0.42176348
54005	0.41955927
54006	0.41743350
54007	0.41536745
54008	0.41334155
54009	0.41133597
54010	0.40933079
54011	0.40730658
54012	0.40524462
54013	0.40312716
54014	0.40093762
54015	0.39866057
54016	0.39628196
54017	0.39378920
54018	0.39117095
54019	0.38841742
54020	0.38552073
54021	0.38247472
54022	0.37927568
54023	0.37592265
54024	0.37241775
54025	0.36876678
54026	0.36497942
54027	0.36106962
54028	0.35705557
54029	0.35295957
54030	0.34880823
54031	0.34463125
54032	0.34046137
54033	0.33633369
54034	0.33228475
54035	0.32835177
54036	0.32457206
54037	0.32098225
54038	0.31761768
54039	0.31451207
54040	0.31169620
54041	0.30919826
54042	0.30704245
54043	0.30524904
54044	0.30383316
54045	0.30280441
54046	0.30216610
54047	0.30191448
54048	0.30203846
54049	0.30251858
54050	0.30332690
54051	0.30442670
54052	0.30577233
54053	0.30730975
54054	0.30897683
54055	0.31070456
54056	0.31241831
54057	0.31403980
54058	0.31548902
54059	0.31668681
54060	0.31755689
54061	0.31802839
54062	0.31803823
54063	0.31753224
54064	0.31646663
54065	0.31480867
54066	0.31253725
54067	0.30964199
54068	0.30612379
54069	0.30199340
54070	0.29727164
54071	0.29198870
54072	0.28618389
54073	0.27990547
54074	0.27321133
54075	0.26616940
54076	0.25885922
54077	0.25137290
54078	0.24381757
54079	0.23631795
54080	0.22902030
54081	0.22209531
54082	0.21574260
54083	0.21019509
54084	0.20572281
54085	0.20263757
54086	0.20129474
54087	0.20209715
54088	0.20549716
54089	0.21199940
54090	0.22216710
54091	0.23662844
54092	0.25609383
54093	0.28138220
54094	0.31346998
54095	0.35356322
54096	0.40322703
54097	0.46459201
54098	0.54071033
54099	0.63618624
54100	0.75836420
54101	0.91974717
54102	1.14344275
54103	1.47724831
54104	2.03811359
54105	3.20658827
54106	NaN
54107	NaN
54108	NaN
54109	NaN
54110	NaN
54111	NaN
54112	NaN
54113	NaN
54114	NaN
54115	NaN
54116	NaN
54117	NaN
54118	NaN
54119	NaN
54120	NaN
54121	NaN
54122	NaN
54123	NaN
54124	NaN
54125	NaN
54126	NaN
54127	NaN
54128	NaN
54129	NaN
54130	NaN
54131	NaN
54132	NaN
54133	NaN
54134	NaN
54135	NaN
54136	NaN
54137	NaN
54138	NaN
54139	NaN
54140	NaN
54141	NaN
54142	NaN
54143	NaN
54144	NaN
54145	NaN
54146	NaN
54147	NaN
54148	NaN
54149	NaN
54150	NaN
54151	NaN
54152	NaN
54153	NaN
54154	NaN
54155	NaN
54156	NaN
54157	NaN
54158	NaN
54159	NaN
54160	NaN
54161	NaN
54162	NaN
54163	NaN
54164	NaN
54165	NaN
54166	NaN
54167	NaN
54168	NaN
54169	NaN
54170	NaN
54171	NaN
54172	NaN
54173	NaN
54174	NaN
54175	NaN
54176	NaN
54177	NaN
54178	NaN
54179	NaN
54180	NaN
54181	NaN
54182	NaN
54183	NaN
54184	NaN
54185	NaN
54186	NaN
54187	NaN
54188	NaN
54189	2.49126673
54190	1.41018963
54191	1.12148070
54192	0.98915249
54193	0.91411382
54194	0.86635566
54195	0.83369082
54196	0.81023741
54197	0.79281139
54198	0.77954060
54199	0.76925486
54200	0.76118696
54201	0.75481397
54202	0.74976873
54203	0.74578702
54204	0.74267328
54205	0.74028039
54206	0.73849428
54207	0.73722404
54208	0.73639446
54209	0.73594069
54210	0.73580420
54211	0.73592979
54212	0.73626351
54213	0.73675132
54214	0.73733753
54215	0.73796493
54216	0.73857379
54217	0.73910248
54218	0.73948759
54219	0.73966467
54220	0.73956907
54221	0.73913729
54222	0.73830831
54223	0.73702526
54224	0.73523760
54225	0.73290288
54226	0.72998929
54227	0.72647756
54228	0.72236329
54229	0.71765840
54230	0.71239257
54231	0.70661396
54232	0.70038909
54233	0.69380152
54234	0.68695039
54235	0.67994744
54236	0.67291343
54237	0.66597408
54238	0.65925509
54239	0.65287793
54240	0.64695472
54241	0.64158463
54242	0.63685024
54243	0.63281476
54244	0.62952101
54245	0.62698984
54246	0.62522060
54247	0.62419146
54248	0.62386078
54249	0.62416834
54250	0.62503701
54251	0.62637496
54252	0.62807769
54253	0.63003027
54254	0.63211030
54255	0.63419086
54256	0.63614410
54257	0.63784492
54258	0.63917530
54259	0.64002794
54260	0.64031094
54261	0.63995081
54262	0.63889539
54263	0.63711590
54264	0.63460714
54265	0.63138723
54266	0.62749547
54267	0.62298954
54268	0.61794162
54269	0.61243474
54270	0.60655779
54271	0.60040182
54272	0.59405673
54273	0.58760792
54274	0.58113468
54275	0.57470834
54276	0.56839228
54277	0.56224114
54278	0.55630153
54279	0.55061269
54280	0.54520684
54281	0.54011005
54282	0.53534317
54283	0.53092211
54284	0.52685815
54285	0.52315885
54286	0.51982731
54287	0.51686317
54288	0.51426166
54289	0.51201397
54290	0.51010644
54291	0.50852078
54292	0.50723320
54293	0.50621438
54294	0.50542933
54295	0.50483739
54296	0.50439250
54297	0.50404382
54298	0.50373644
54299	0.50341296
54300	0.50301462
54301	0.50248295
54302	0.50176179
54303	0.50079906
54304	0.49954829
54305	0.49797028
54306	0.49603444
54307	0.49371949
54308	0.49101415
54309	0.48791736
54310	0.48443806
54311	0.48059478
54312	0.47641504
54313	0.47193432
54314	0.46719497
54315	0.46224517
54316	0.45713750
54317	0.45192760
54318	0.44667298
54319	0.44143125
54320	0.43625921
54321	0.43121099
54322	0.42633706
54323	0.42168272
54324	0.41728711
54325	0.41318238
54326	0.40939239
54327	0.40593287
54328	0.40281069
54329	0.40002418
54330	0.39756340
54331	0.39541090
54332	0.39354244
54333	0.39192808
54334	0.39053339
54335	0.38932037
54336	0.38824856
54337	0.38727605
54338	0.38636035
54339	0.38545889
54340	0.38452980
54341	0.38353229
54342	0.38242722
54343	0.38117737
54344	0.37974799
54345	0.37810731
54346	0.37622690
54347	0.37408239
54348	0.37165400
54349	0.36892706
54350	0.36589274
54351	0.36254850
54352	0.35889843
54353	0.35495371
54354	0.35073265
54355	0.34626091
54356	0.34157100
54357	0.33670214
54358	0.33169940
54359	0.32661280
54360	0.32149631
54361	0.31640634
54362	0.31140071
54363	0.30653664
54364	0.30186981
54365	0.29745296
54366	0.29333472
54367	0.28955889
54368	0.28616372
54369	0.28318146
54370	0.28063816
54371	0.27855352
54372	0.27694041
54373	0.27580494
54374	0.27514595
54375	0.27495477
54376	0.27521440
54377	0.27589902
54378	0.27697325
54379	0.27839136
54380	0.28009704
54381	0.28202260
54382	0.28408915
54383	0.28620714
54384	0.28827682
54385	0.29019079
54386	0.29183546
54387	0.29309490
54388	0.29385436
54389	0.29400486
54390	0.29344735
54391	0.29209703
54392	0.28988707
54393	0.28677088
54394	0.28272411
54395	0.27774414
54396	0.27184942
54397	0.26507723
54398	0.25748146
54399	0.24912916
54400	0.24009842
54401	0.23047610
54402	0.22035651
54403	0.20984200
54404	0.19904286
54405	0.18808088
54406	0.17709246
54407	0.16623420
54408	0.15569060
54409	0.14568140
54410	0.13647336
54411	0.12839147
54412	0.12183423
54413	0.11728708
54414	0.11533996
54415	0.11670367
54416	0.12222705
54417	0.13291538
54418	0.14994670
54419	0.17469552
54420	0.20876111
54421	0.25402167
54422	0.31271905
54423	0.38762423
54424	0.48233154
54425	0.60180283
54426	0.75339049
54427	0.94883764
54428	1.20848489
54429	1.57109141
54430	2.12050033
54431	3.07639933
54432	NaN
54433	NaN
54434	NaN
54435	NaN
54436	NaN
54437	NaN
54438	NaN
54439	NaN
54440	NaN
54441	NaN
54442	NaN
54443	NaN
54444	NaN
54445	NaN
54446	NaN
54447	NaN
54448	NaN
54449	NaN
54450	NaN
54451	NaN
54452	NaN
54453	NaN
54454	NaN
54455	NaN
54456	NaN
54457	NaN
54458	NaN
54459	NaN
54460	NaN
54461	NaN
54462	NaN
54463	NaN
54464	NaN
54465	NaN
54466	NaN
54467	NaN
54468	NaN
54469	NaN
54470	NaN
54471	NaN
54472	NaN
54473	NaN
54474	NaN
54475	NaN
54476	NaN
54477	NaN
54478	NaN
54479	NaN
54480	NaN
54481	NaN
54482	NaN
54483	NaN
54484	NaN
54485	NaN
54486	NaN
54487	NaN
54488	NaN
54489	NaN
54490	NaN
54491	NaN
54492	NaN
54493	NaN
54494	NaN
54495	NaN
54496	NaN
54497	NaN
54498	NaN
54499	NaN
54500	NaN
54501	NaN
54502	NaN
54503	NaN
54504	NaN
54505	NaN
54506	NaN
54507	NaN
54508	NaN
54509	NaN
54510	NaN
54511	NaN
54512	NaN
54513	NaN
54514	NaN
54515	NaN
54516	NaN
54517	NaN
54518	NaN
54519	NaN
54520	NaN
54521	NaN
54522	NaN
54523	3.09779096
54524	1.53554404
54525	1.13918746
54526	0.96375662
54527	0.86806440
54528	0.80993909
54529	0.77236438
54530	0.74715471
54531	0.72988456
54532	0.71795446
54533	0.70973992
54534	0.70417637
54535	0.70054054
54536	0.69832706
54537	0.69717467
54538	0.69682056
54539	0.69707125
54540	0.69778192
54541	0.69884324
54542	0.70017093
54543	0.70169860
54544	0.70337200
54545	0.70514488
54546	0.70697564
54547	0.70882452
54548	0.71065199
54549	0.71241695
54550	0.71407604
54551	0.71558273
54552	0.71688730
54553	0.71793687
54554	0.71867573
54555	0.71904635
54556	0.71899021
54557	0.71844953
54558	0.71736932
54559	0.71569943
54560	0.71339774
54561	0.71043241
54562	0.70678550
54563	0.70245546
54564	0.69745982
54565	0.69183677
54566	0.68564588
54567	0.67896783
54568	0.67190266
54569	0.66456652
54570	0.65708780
54571	0.64960212
54572	0.64224678
54573	0.63515580
54574	0.62845409
54575	0.62225366
54576	0.61664987
54577	0.61171889
54578	0.60751617
54579	0.60407549
54580	0.60140938
54581	0.59950954
54582	0.59834778
54583	0.59787774
54584	0.59803623
54585	0.59874535
54586	0.59991413
54587	0.60144114
54588	0.60321641
54589	0.60512453
54590	0.60704720
54591	0.60886657
54592	0.61046851
54593	0.61174619
54594	0.61260331
54595	0.61295784
54596	0.61274433
54597	0.61191654
54598	0.61044884
54599	0.60833609
54600	0.60559350
54601	0.60225487
54602	0.59836978
54603	0.59400082
54604	0.58921993
54605	0.58410466
54606	0.57873487
54607	0.57318974
54608	0.56754470
54609	0.56186986
54610	0.55622840
54611	0.55067581
54612	0.54525954
54613	0.54001868
54614	0.53498518
54615	0.53018361
54616	0.52563232
54617	0.52134401
54618	0.51732659
54619	0.51358384
54620	0.51011604
54621	0.50692022
54622	0.50399083
54623	0.50131959
54624	0.49889588
54625	0.49670649
54626	0.49473566
54627	0.49296504
54628	0.49137351
54629	0.48993704
54630	0.48862883
54631	0.48741949
54632	0.48627710
54633	0.48516783
54634	0.48405644
54635	0.48290685
54636	0.48168308
54637	0.48035005
54638	0.47887459
54639	0.47722602
54640	0.47537723
54641	0.47330534
54642	0.47099242
54643	0.46842608
54644	0.46559957
54645	0.46251246
54646	0.45917055
54647	0.45558584
54648	0.45177627
54649	0.44776532
54650	0.44358164
54651	0.43925825
54652	0.43483177
54653	0.43034157
54654	0.42582870
54655	0.42133495
54656	0.41690156
54657	0.41256824
54658	0.40837184
54659	0.40434542
54660	0.40051705
54661	0.39690921
54662	0.39353800
54663	0.39041257
54664	0.38753527
54665	0.38490134
54666	0.38249952
54667	0.38031209
54668	0.37831610
54669	0.37648362
54670	0.37478328
54671	0.37318063
54672	0.37163958
54673	0.37012324
54674	0.36859483
54675	0.36701843
54676	0.36535981
54677	0.36358693
54678	0.36167073
54679	0.35958502
54680	0.35730755
54681	0.35481974
54682	0.35210732
54683	0.34916037
54684	0.34597376
54685	0.34254715
54686	0.33888522
54687	0.33499801
54688	0.33090082
54689	0.32661399
54690	0.32216278
54691	0.31757677
54692	0.31288907
54693	0.30813578
54694	0.30335462
54695	0.29858401
54696	0.29386228
54697	0.28922674
54698	0.28471273
54699	0.28035343
54700	0.27617919
54701	0.27221760
54702	0.26849335
54703	0.26502836
54704	0.26184174
54705	0.25894982
54706	0.25636649
54707	0.25410280
54708	0.25216696
54709	0.25056407
54710	0.24929573
54711	0.24835920
54712	0.24774751
54713	0.24744798
54714	0.24744208
54715	0.24770446
54716	0.24820261
54717	0.24889584
54718	0.24973561
54719	0.25066528
54720	0.25162056
54721	0.25253060
54722	0.25331935
54723	0.25390738
54724	0.25421438
54725	0.25416169
54726	0.25367516
54727	0.25268760
54728	0.25114128
54729	0.24898979
54730	0.24619985
54731	0.24275160
54732	0.23863903
54733	0.23386934
54734	0.22846238
54735	0.22244963
54736	0.21587263
54737	0.20878249
54738	0.20123936
54739	0.19331248
54740	0.18508163
54741	0.17663863
54742	0.16808954
54743	0.15955876
54744	0.15119298
54745	0.14316547
54746	0.13568099
54747	0.12898025
54748	0.12334378
54749	0.11909519
54750	0.11660108
54751	0.11627065
54752	0.11855149
54753	0.12392379
54754	0.13289054
54755	0.14596809
54756	0.16367634
54757	0.18653111
54758	0.21504620
54759	0.24974023
54760	0.29116598
54761	0.33995876
54762	0.39691803
54763	0.46313924
54764	0.54021394
54765	0.63056040
54766	0.73797238
54767	0.86861992
54768	1.03298831
54769	1.25007284
54770	1.55762553
54771	2.04200125
54772	2.95178103
54773	NaN
54774	NaN
54775	NaN
54776	NaN
54777	NaN
54778	NaN
54779	NaN
54780	NaN
54781	NaN
54782	NaN
54783	NaN
54784	NaN
54785	NaN
54786	NaN
54787	NaN
54788	NaN
54789	NaN
54790	NaN
54791	NaN
54792	NaN
54793	NaN
54794	NaN
54795	NaN
54796	NaN
54797	NaN
54798	NaN
54799	NaN
54800	NaN
54801	NaN
54802	NaN
54803	NaN
54804	NaN
54805	NaN
54806	NaN
54807	NaN
54808	NaN
54809	NaN
54810	NaN
54811	NaN
54812	NaN
54813	NaN
54814	NaN
54815	NaN
54816	NaN
54817	NaN
54818	NaN
54819	NaN
54820	NaN
54821	NaN
54822	NaN
54823	NaN
54824	NaN
54825	NaN
54826	NaN
54827	NaN
54828	NaN
54829	NaN
54830	NaN
54831	NaN
54832	NaN
54833	NaN
54834	NaN
54835	NaN
54836	NaN
54837	NaN
54838	NaN
54839	NaN
54840	NaN
54841	NaN
54842	NaN
54843	NaN
54844	NaN
54845	NaN
54846	NaN
54847	NaN
54848	1.68598497
54849	1.17770445
54850	1.00381339
54851	0.91616225
54852	0.86345160
54853	0.82834786
54854	0.80336338
54855	0.78473401
54856	0.77035910
54857	0.75897312
54858	0.74976760
54859	0.74220216
54860	0.73590243
54861	0.73060197
54862	0.72610712
54863	0.72227502
54864	0.71899927
54865	0.71619946
54866	0.71381509
54867	0.71179974
54868	0.71011692
54869	0.70873737
54870	0.70763606
54871	0.70678985
54872	0.70617598
54873	0.70577008
54874	0.70554495
54875	0.70546955
54876	0.70550781
54877	0.70561850
54878	0.70575434
54879	0.70586240
54880	0.70588464
54881	0.70575821
54882	0.70541704
54883	0.70479363
54884	0.70382100
54885	0.70243537
54886	0.70057940
54887	0.69820493
54888	0.69527650
54889	0.69177461
54890	0.68769825
54891	0.68306673
54892	0.67792135
54893	0.67232502
54894	0.66636115
54895	0.66013139
54896	0.65375185
54897	0.64734870
54898	0.64105284
54899	0.63499457
54900	0.62929821
54901	0.62407696
54902	0.61942875
54903	0.61543304
54904	0.61214817
54905	0.60961008
54906	0.60783213
54907	0.60680485
54908	0.60649735
54909	0.60685843
54910	0.60781819
54911	0.60929072
54912	0.61117566
54913	0.61336124
54914	0.61572719
54915	0.61814749
54916	0.62049425
54917	0.62264061
54918	0.62446529
54919	0.62585580
54920	0.62671280
54921	0.62695318
54922	0.62651366
54923	0.62535292
54924	0.62345308
54925	0.62082046
54926	0.61748415
54927	0.61349428
54928	0.60891896
54929	0.60383999
54930	0.59834856
54931	0.59254038
54932	0.58651185
54933	0.58035558
54934	0.57415789
54935	0.56799632
54936	0.56193852
54937	0.55604166
54938	0.55035263
54939	0.54490864
54940	0.53973812
54941	0.53486174
54942	0.53029382
54943	0.52604300
54944	0.52211338
54945	0.51850516
54946	0.51521516
54947	0.51223725
54948	0.50956225
54949	0.50717843
54950	0.50507092
54951	0.50322193
54952	0.50161010
54953	0.50021094
54954	0.49899623
54955	0.49793398
54956	0.49698874
54957	0.49612167
54958	0.49529091
54959	0.49445230
54960	0.49356025
54961	0.49256867
54962	0.49143225
54963	0.49010757
54964	0.48855454
54965	0.48673773
54966	0.48462737
54967	0.48220035
54968	0.47944096
54969	0.47634140
54970	0.47290233
54971	0.46913254
54972	0.46504918
54973	0.46067709
54974	0.45604846
54975	0.45120224
54976	0.44618297
54977	0.44103998
54978	0.43582597
54979	0.43059587
54980	0.42540529
54981	0.42030871
54982	0.41535816
54983	0.41060138
54984	0.40608060
54985	0.40183082
54986	0.39787915
54987	0.39424387
54988	0.39093402
54989	0.38794950
54990	0.38528109
54991	0.38291150
54992	0.38081583
54993	0.37896296
54994	0.37731659
54995	0.37583667
54996	0.37448069
54997	0.37320480
54998	0.37196502
54999	0.37071830
55000	0.36942309
55001	0.36804029
55002	0.36653388
55003	0.36487114
55004	0.36302337
55005	0.36096624
55006	0.35867998
55007	0.35614991
55008	0.35336658
55009	0.35032579
55010	0.34702885
55011	0.34348246
55012	0.33969831
55013	0.33569312
55014	0.33148801
55015	0.32710814
55016	0.32258239
55017	0.31794250
55018	0.31322294
55019	0.30846003
55020	0.30369163
55021	0.29895660
55022	0.29429394
55023	0.28974250
55024	0.28534010
55025	0.28112322
55026	0.27712631
55027	0.27338102
55028	0.26991636
55029	0.26675773
55030	0.26392734
55031	0.26144335
55032	0.25932029
55033	0.25756842
55034	0.25619373
55035	0.25519753
55036	0.25457576
55037	0.25431871
55038	0.25440988
55039	0.25482574
55040	0.25553441
55041	0.25649562
55042	0.25765970
55043	0.25896776
55044	0.26035190
55045	0.26173589
55046	0.26303676
55047	0.26416677
55048	0.26503658
55049	0.26555818
55050	0.26564863
55051	0.26523373
55052	0.26425132
55053	0.26265389
55054	0.26041001
55055	0.25750542
55056	0.25394213
55057	0.24973759
55058	0.24492283
55059	0.23954020
55060	0.23364154
55061	0.22728641
55062	0.22054182
55063	0.21348131
55064	0.20618631
55065	0.19874786
55066	0.19126903
55067	0.18386954
55068	0.17668876
55069	0.16989194
55070	0.16367519
55071	0.15827249
55072	0.15396109
55073	0.15106824
55074	0.14997661
55075	0.15112829
55076	0.15502834
55077	0.16224255
55078	0.17339469
55079	0.18915936
55080	0.21025223
55081	0.23742299
55082	0.27144951
55083	0.31314835
55084	0.36340562
55085	0.42324567
55086	0.49394801
55087	0.57725376
55088	0.67569828
55089	0.79317349
55090	0.93592006
55091	1.11441040
55092	1.34728897
55093	1.67060745
55094	2.16334105
55095	3.03641725
55096	NaN
55097	NaN
55098	NaN
55099	NaN
55100	NaN
55101	NaN
55102	NaN
55103	NaN
55104	NaN
55105	NaN
55106	NaN
55107	NaN
55108	NaN
55109	NaN
55110	NaN
55111	NaN
55112	NaN
55113	NaN
55114	NaN
55115	NaN
55116	NaN
55117	NaN
55118	NaN
55119	NaN
55120	NaN
55121	NaN
55122	NaN
55123	NaN
55124	NaN
55125	NaN
55126	NaN
55127	NaN
55128	NaN
55129	NaN
55130	NaN
55131	NaN
55132	NaN
55133	NaN
55134	NaN
55135	NaN
55136	NaN
55137	NaN
55138	NaN
55139	NaN
55140	NaN
55141	NaN
55142	NaN
55143	NaN
55144	NaN
55145	NaN
55146	NaN
55147	NaN
55148	NaN
55149	NaN
55150	NaN
55151	NaN
55152	NaN
55153	NaN
55154	NaN
55155	NaN
55156	NaN
55157	NaN
55158	NaN
55159	NaN
55160	NaN
55161	NaN
55162	NaN
55163	NaN
55164	NaN
55165	NaN
55166	NaN
55167	NaN
55168	NaN
55169	NaN
55170	NaN
55171	NaN
55172	2.02582145
55173	1.30796909
55174	1.08006370
55175	0.96819222
55176	0.90193176
55177	0.85836035
55178	0.82777327
55179	0.80534875
55180	0.78841496
55181	0.77536809
55182	0.76518518
55183	0.75718081
55184	0.75087851
55185	0.74593562
55186	0.74209934
55187	0.73917907
55188	0.73702794
55189	0.73553032
55190	0.73459357
55191	0.73414129
55192	0.73410857
55193	0.73443860
55194	0.73507857
55195	0.73597842
55196	0.73708802
55197	0.73835588
55198	0.73972797
55199	0.74114668
55200	0.74255049
55201	0.74387401
55202	0.74504799
55203	0.74600011
55204	0.74665642
55205	0.74694252
55206	0.74678606
55207	0.74611890
55208	0.74488050
55209	0.74302024
55210	0.74050134
55211	0.73730320
55212	0.73342413
55213	0.72888327
55214	0.72372150
55215	0.71800160
55216	0.71180660
55217	0.70523787
55218	0.69841135
55219	0.69145310
55220	0.68449485
55221	0.67766839
55222	0.67110080
55223	0.66490978
55224	0.65919954
55225	0.65405780
55226	0.64955318
55227	0.64573365
55228	0.64262599
55229	0.64023566
55230	0.63854700
55231	0.63752484
55232	0.63711548
55233	0.63724899
55234	0.63784105
55235	0.63879567
55236	0.64000791
55237	0.64136696
55238	0.64275956
55239	0.64407307
55240	0.64519936
55241	0.64603782
55242	0.64649904
55243	0.64650708
55244	0.64600223
55245	0.64494240
55246	0.64330423
55247	0.64108288
55248	0.63829148
55249	0.63495952
55250	0.63113075
55251	0.62686032
55252	0.62221211
55253	0.61725521
55254	0.61206150
55255	0.60670251
55256	0.60124701
55257	0.59575933
55258	0.59029776
55259	0.58491349
55260	0.57965004
55261	0.57454336
55262	0.56962156
55263	0.56490582
55264	0.56041074
55265	0.55614519
55266	0.55211306
55267	0.54831398
55268	0.54474401
55269	0.54139662
55270	0.53826255
55271	0.53533077
55272	0.53258848
55273	0.53002143
55274	0.52761418
55275	0.52534997
55276	0.52321142
55277	0.52118009
55278	0.51923716
55279	0.51736313
55280	0.51553822
55281	0.51374257
55282	0.51195592
55283	0.51015842
55284	0.50833011
55285	0.50645131
55286	0.50450295
55287	0.50246662
55288	0.50032479
55289	0.49806136
55290	0.49566194
55291	0.49311444
55292	0.49040926
55293	0.48753995
55294	0.48450372
55295	0.48130164
55296	0.47793895
55297	0.47442529
55298	0.47077474
55299	0.46700555
55300	0.46313986
55301	0.45920309
55302	0.45522329
55303	0.45123017
55304	0.44725409
55305	0.44332507
55306	0.43947160
55307	0.43571976
55308	0.43209192
55309	0.42860639
55310	0.42527649
55311	0.42211044
55312	0.41911104
55313	0.41627604
55314	0.41359824
55315	0.41106629
55316	0.40866518
55317	0.40637675
55318	0.40418088
55319	0.40205592
55320	0.39997962
55321	0.39792961
55322	0.39588416
55323	0.39382276
55324	0.39172652
55325	0.38957858
55326	0.38736430
55327	0.38507152
55328	0.38269070
55329	0.38021466
55330	0.37763849
55331	0.37495959
55332	0.37217703
55333	0.36929157
55334	0.36630535
55335	0.36322173
55336	0.36004511
55337	0.35678089
55338	0.35343599
55339	0.35001841
55340	0.34653765
55341	0.34300503
55342	0.33943361
55343	0.33583817
55344	0.33223537
55345	0.32864329
55346	0.32508129
55347	0.32156962
55348	0.31812915
55349	0.31478065
55350	0.31154469
55351	0.30844113
55352	0.30548877
55353	0.30270535
55354	0.30010700
55355	0.29770815
55356	0.29552138
55357	0.29355684
55358	0.29182208
55359	0.29032162
55360	0.28905609
55361	0.28802219
55362	0.28721163
55363	0.28661081
55364	0.28620031
55365	0.28595430
55366	0.28584054
55367	0.28582013
55368	0.28584781
55369	0.28587231
55370	0.28583729
55371	0.28568271
55372	0.28534594
55373	0.28476369
55374	0.28387439
55375	0.28261960
55376	0.28094646
55377	0.27880919
55378	0.27617061
55379	0.27300358
55380	0.26929146
55381	0.26502883
55382	0.26022145
55383	0.25488633
55384	0.24905145
55385	0.24275574
55386	0.23604843
55387	0.22898899
55388	0.22164710
55389	0.21410239
55390	0.20644489
55391	0.19877432
55392	0.19120112
55393	0.18384610
55394	0.17684165
55395	0.17033127
55396	0.16447075
55397	0.15942822
55398	0.15538393
55399	0.15253077
55400	0.15107220
55401	0.15122108
55402	0.15319645
55403	0.15722145
55404	0.16351825
55405	0.17230488
55406	0.18379299
55407	0.19818467
55408	0.21567547
55409	0.23645605
55410	0.26072222
55411	0.28868833
55412	0.32060844
55413	0.35680860
55414	0.39772832
55415	0.44398615
55416	0.49647427
55417	0.55650675
55418	0.62606210
55419	0.70820582
55420	0.80786878
55421	0.93342513
55422	1.10017920
55423	1.33922076
55424	1.72458160
55425	2.48608565
55426	NaN
55427	NaN
55428	NaN
55429	NaN
55430	NaN
55431	NaN
55432	NaN
55433	NaN
55434	NaN
55435	NaN
55436	NaN
55437	NaN
55438	NaN
55439	NaN
55440	NaN
55441	NaN
55442	NaN
55443	NaN
55444	NaN
55445	NaN
55446	NaN
55447	NaN
55448	NaN
55449	NaN
55450	NaN
55451	NaN
55452	NaN
55453	NaN
55454	NaN
55455	NaN
55456	NaN
55457	NaN
55458	NaN
55459	NaN
55460	NaN
55461	NaN
55462	NaN
55463	NaN
55464	NaN
55465	NaN
55466	NaN
55467	NaN
55468	NaN
55469	NaN
55470	NaN
55471	NaN
55472	NaN
55473	NaN
55474	NaN
55475	NaN
55476	NaN
55477	NaN
55478	NaN
55479	NaN
55480	NaN
55481	NaN
55482	NaN
55483	NaN
55484	NaN
55485	NaN
55486	NaN
55487	NaN
55488	NaN
55489	NaN
55490	NaN
55491	NaN
55492	NaN
55493	NaN
55494	NaN
55495	NaN
55496	NaN
55497	NaN
55498	1.81710172
55499	1.29007387
55500	1.09015381
55501	0.98601305
55502	0.92275530
55503	0.88066041
55504	0.85090876
55505	0.82896882
55506	0.81227732
55507	0.79927760
55508	0.78897208
55509	0.78069383
55510	0.77398092
55511	0.76850528
55512	0.76402801
55513	0.76037169
55514	0.75740248
55515	0.75501710
55516	0.75313419
55517	0.75168794
55518	0.75062311
55519	0.74989140
55520	0.74944866
55521	0.74925268
55522	0.74926132
55523	0.74943119
55524	0.74971676
55525	0.75006932
55526	0.75043684
55527	0.75076330
55528	0.75098944
55529	0.75105280
55530	0.75088871
55531	0.75043160
55532	0.74961615
55533	0.74838018
55534	0.74666595
55535	0.74442333
55536	0.74161249
55537	0.73820645
55538	0.73419398
55539	0.72958171
55540	0.72439563
55541	0.71868229
55542	0.71250850
55543	0.70596015
55544	0.69914031
55545	0.69216543
55546	0.68516201
55547	0.67826092
55548	0.67159313
55549	0.66528410
55550	0.65944946
55551	0.65419000
55552	0.64958876
55553	0.64570820
55554	0.64258862
55555	0.64024705
55556	0.63867790
55557	0.63785356
55558	0.63772553
55559	0.63822675
55560	0.63927376
55561	0.64076883
55562	0.64260310
55563	0.64465910
55564	0.64681387
55565	0.64894235
55566	0.65092009
55567	0.65262765
55568	0.65395337
55569	0.65479738
55570	0.65507478
55571	0.65471852
55572	0.65368211
55573	0.65194088
55574	0.64949256
55575	0.64635718
55576	0.64257497
55577	0.63820410
55578	0.63331705
55579	0.62799686
55580	0.62233269
55581	0.61641586
55582	0.61033607
55583	0.60417879
55584	0.59802216
55585	0.59193611
55586	0.58598131
55587	0.58020896
55588	0.57466131
55589	0.56937224
55590	0.56436831
55591	0.55966932
55592	0.55528998
55593	0.55124009
55594	0.54752541
55595	0.54414839
55596	0.54110813
55597	0.53840065
55598	0.53601879
55599	0.53395212
55600	0.53218657
55601	0.53070432
55602	0.52948350
55603	0.52849787
55604	0.52771682
55605	0.52710539
55606	0.52662420
55607	0.52623016
55608	0.52587628
55609	0.52551305
55610	0.52508885
55611	0.52455127
55612	0.52384859
55613	0.52293062
55614	0.52175105
55615	0.52026814
55616	0.51844698
55617	0.51626009
55618	0.51368880
55619	0.51072395
55620	0.50736624
55621	0.50362629
55622	0.49952468
55623	0.49509090
55624	0.49036309
55625	0.48538649
55626	0.48021278
55627	0.47489819
55628	0.46950239
55629	0.46408686
55630	0.45871323
55631	0.45344177
55632	0.44832984
55633	0.44343022
55634	0.43878996
55635	0.43444896
55636	0.43043903
55637	0.42678323
55638	0.42349550
55639	0.42058045
55640	0.41803366
55641	0.41584226
55642	0.41398555
55643	0.41243586
55644	0.41115960
55645	0.41011822
55646	0.40926930
55647	0.40856758
55648	0.40796560
55649	0.40741497
55650	0.40686658
55651	0.40627173
55652	0.40558261
55653	0.40475297
55654	0.40373871
55655	0.40249887
55656	0.40099612
55657	0.39919770
55658	0.39707613
55659	0.39460999
55660	0.39178464
55661	0.38859260
55662	0.38503417
55663	0.38111749
55664	0.37685880
55665	0.37228212
55666	0.36741892
55667	0.36230776
55668	0.35699332
55669	0.35152560
55670	0.34595847
55671	0.34034884
55672	0.33475485
55673	0.32923490
55674	0.32384613
55675	0.31864375
55676	0.31367972
55677	0.30900243
55678	0.30465624
55679	0.30068120
55680	0.29711312
55681	0.29398310
55682	0.29131785
55683	0.28913930
55684	0.28746378
55685	0.28630182
55686	0.28565693
55687	0.28552431
55688	0.28588986
55689	0.28672862
55690	0.28800309
55691	0.28966260
55692	0.29164189
55693	0.29386106
55694	0.29622605
55695	0.29862964
55696	0.30095375
55697	0.30307284
55698	0.30485827
55699	0.30618268
55700	0.30692574
55701	0.30697894
55702	0.30625010
55703	0.30466717
55704	0.30217981
55705	0.29876029
55706	0.29440272
55707	0.28912064
55708	0.28294507
55709	0.27592030
55710	0.26810166
55711	0.25955257
55712	0.25034326
55713	0.24054989
55714	0.23025556
55715	0.21955264
55716	0.20854665
55717	0.19736287
55718	0.18615295
55719	0.17510565
55720	0.16445883
55721	0.15451555
55722	0.14565979
55723	0.13837861
55724	0.13328439
55725	0.13113995
55726	0.13288668
55727	0.13967098
55728	0.15287378
55729	0.17414257
55730	0.20543185
55731	0.24906665
55732	0.30784908
55733	0.38526350
55734	0.48586601
55735	0.61603522
55736	0.78545433
55737	1.01017678
55738	1.31952643
55739	1.77372837
55740	2.51844621
55741	NaN
55742	NaN
55743	NaN
55744	NaN
55745	NaN
55746	NaN
55747	NaN
55748	NaN
55749	NaN
55750	NaN
55751	NaN
55752	NaN
55753	NaN
55754	NaN
55755	NaN
55756	NaN
55757	NaN
55758	NaN
55759	NaN
55760	NaN
55761	NaN
55762	NaN
55763	NaN
55764	NaN
55765	NaN
55766	NaN
55767	NaN
55768	NaN
55769	NaN
55770	NaN
55771	NaN
55772	NaN
55773	NaN
55774	NaN
55775	NaN
55776	NaN
55777	NaN
55778	NaN
55779	NaN
55780	NaN
55781	NaN
55782	NaN
55783	NaN
55784	NaN
55785	NaN
55786	NaN
55787	NaN
55788	NaN
55789	NaN
55790	NaN
55791	NaN
55792	NaN
55793	NaN
55794	NaN
55795	NaN
55796	NaN
55797	NaN
55798	NaN
55799	NaN
55800	NaN
55801	NaN
55802	NaN
55803	NaN
55804	NaN
55805	NaN
55806	NaN
55807	NaN
55808	NaN
55809	NaN
55810	NaN
55811	NaN
55812	NaN
55813	NaN
55814	NaN
55815	NaN
55816	NaN
55817	NaN
55818	NaN
55819	NaN
55820	NaN
55821	NaN
55822	NaN
55823	NaN
55824	NaN
55825	2.99138522
55826	1.54253769
55827	1.18012238
55828	1.01857650
55829	0.92912602
55830	0.87365878
55831	0.83687025
55832	0.81141633
55833	0.79332918
55834	0.78027391
55835	0.77078670
55836	0.76390189
55837	0.75895798
55838	0.75548697
55839	0.75314987
55840	0.75169593
55841	0.75093728
55842	0.75073099
55843	0.75096726
55844	0.75156105
55845	0.75244510
55846	0.75356591
55847	0.75487912
55848	0.75634712
55849	0.75793612
55850	0.75961441
55851	0.76135033
55852	0.76311082
55853	0.76486003
55854	0.76655817
55855	0.76816070
55856	0.76961756
55857	0.77087295
55858	0.77186537
55859	0.77252877
55860	0.77279347
55861	0.77258831
55862	0.77184379
55863	0.77049488
55864	0.76848501
55865	0.76576996
55866	0.76232195
55867	0.75813287
55868	0.75321758
55869	0.74761510
55870	0.74138951
55871	0.73462868
55872	0.72744191
55873	0.71995580
55874	0.71230984
55875	0.70465058
55876	0.69712585
55877	0.68987918
55878	0.68304461
55879	0.67674220
55880	0.67107439
55881	0.66612345
55882	0.66194963
55883	0.65859044
55884	0.65606010
55885	0.65435034
55886	0.65343076
55887	0.65325063
55888	0.65373999
55889	0.65481186
55890	0.65636450
55891	0.65828365
55892	0.66044599
55893	0.66272241
55894	0.66498166
55895	0.66709465
55896	0.66893858
55897	0.67040110
55898	0.67138410
55899	0.67180729
55900	0.67161071
55901	0.67075634
55902	0.66922843
55903	0.66703343
55904	0.66419798
55905	0.66076636
55906	0.65679777
55907	0.65236205
55908	0.64753652
55909	0.64240187
55910	0.63703942
55911	0.63152748
55912	0.62594008
55913	0.62034470
55914	0.61480135
55915	0.60936230
55916	0.60407180
55917	0.59896630
55918	0.59407514
55919	0.58942103
55920	0.58502114
55921	0.58088750
55922	0.57702750
55923	0.57344496
55924	0.57013994
55925	0.56710935
55926	0.56434673
55927	0.56184250
55928	0.55958360
55929	0.55755389
55930	0.55573362
55931	0.55410022
55932	0.55262786
55933	0.55128819
55934	0.55005062
55935	0.54888290
55936	0.54775167
55937	0.54662299
55938	0.54546309
55939	0.54423875
55940	0.54291821
55941	0.54147154
55942	0.53987122
55943	0.53809267
55944	0.53611475
55945	0.53392029
55946	0.53149629
55947	0.52883452
55948	0.52593160
55949	0.52278936
55950	0.51941496
55951	0.51582080
55952	0.51202458
55953	0.50804895
55954	0.50392127
55955	0.49967286
55956	0.49533868
55957	0.49095634
55958	0.48656520
55959	0.48220536
55960	0.47791636
55961	0.47373623
55962	0.46969998
55963	0.46583867
55964	0.46217820
55965	0.45873868
55966	0.45553350
55967	0.45256925
55968	0.44984540
55969	0.44735467
55970	0.44508329
55971	0.44301152
55972	0.44111457
55973	0.43936333
55974	0.43772531
55975	0.43616563
55976	0.43464810
55977	0.43313593
55978	0.43159276
55979	0.42998353
55980	0.42827511
55981	0.42643687
55982	0.42444143
55983	0.42226496
55984	0.41988760
55985	0.41729373
55986	0.41447219
55987	0.41141665
55988	0.40812537
55989	0.40460160
55990	0.40085334
55991	0.39689335
55992	0.39273888
55993	0.38841167
55994	0.38393697
55995	0.37934375
55996	0.37466347
55997	0.36992994
55998	0.36517847
55999	0.36044535
56000	0.35576704
56001	0.35117987
56002	0.34671947
56003	0.34242049
56004	0.33831605
56005	0.33443764
56006	0.33081487
56007	0.32747495
56008	0.32444280
56009	0.32174033
56010	0.31938630
56011	0.31739590
56012	0.31578022
56013	0.31454548
56014	0.31369260
56015	0.31321654
56016	0.31310546
56017	0.31334057
56018	0.31389508
56019	0.31473407
56020	0.31581414
56021	0.31708351
56022	0.31848198
56023	0.31994149
56024	0.32138729
56025	0.32273933
56026	0.32391435
56027	0.32482794
56028	0.32539791
56029	0.32554647
56030	0.32520387
56031	0.32431000
56032	0.32281700
56033	0.32069001
56034	0.31790766
56035	0.31446221
56036	0.31035793
56037	0.30561051
56038	0.30024540
56039	0.29429683
56040	0.28780735
56041	0.28082755
56042	0.27341688
56043	0.26564530
56044	0.25759622
56045	0.24936925
56046	0.24108452
56047	0.23288751
56048	0.22495423
56049	0.21749747
56050	0.21077202
56051	0.20508054
56052	0.20077875
56053	0.19828077
56054	0.19806089
56055	0.20065570
56056	0.20666425
56057	0.21674699
56058	0.23162712
56059	0.25209332
56060	0.27901497
56061	0.31337243
56062	0.35631552
56063	0.40927276
56064	0.47412908
56065	0.55353618
56066	0.65144557
56067	0.77407837
56068	0.93179464
56069	1.14306509
56070	1.44396603
56071	1.91491485
56072	2.77744675
56073	NaN
56074	NaN
56075	NaN
56076	NaN
56077	NaN
56078	NaN
56079	NaN
56080	NaN
56081	NaN
56082	NaN
56083	NaN
56084	NaN
56085	NaN
56086	NaN
56087	NaN
56088	NaN
56089	NaN
56090	NaN
56091	NaN
56092	NaN
56093	NaN
56094	NaN
56095	NaN
56096	NaN
56097	NaN
56098	NaN
56099	NaN
56100	NaN
56101	NaN
56102	NaN
56103	NaN
56104	NaN
56105	NaN
56106	NaN
56107	NaN
56108	NaN
56109	NaN
56110	NaN
56111	NaN
56112	NaN
56113	NaN
56114	NaN
56115	NaN
56116	NaN
56117	NaN
56118	NaN
56119	NaN
56120	NaN
56121	NaN
56122	NaN
56123	NaN
56124	NaN
56125	NaN
56126	NaN
56127	NaN
56128	NaN
56129	NaN
56130	NaN
56131	NaN
56132	NaN
56133	NaN
56134	NaN
56135	NaN
56136	NaN
56137	NaN
56138	NaN
56139	NaN
56140	NaN
56141	NaN
56142	NaN
56143	NaN
56144	NaN
56145	NaN
56146	NaN
56147	NaN
56148	NaN
56149	NaN
56150	NaN
56151	NaN
56152	NaN
56153	NaN
56154	1.84076500
56155	1.25112152
56156	1.06018960
56157	0.96661818
56158	0.91159540
56159	0.87572122
56160	0.85073406
56161	0.83252048
56162	0.81880367
56163	0.80822134
56164	0.79990959
56165	0.79329425
56166	0.78798014
56167	0.78368717
56168	0.78021193
56169	0.77740419
56170	0.77515107
56171	0.77336675
56172	0.77198529
56173	0.77095538
56174	0.77023637
56175	0.76979566
56176	0.76960599
56177	0.76964384
56178	0.76988763
56179	0.77031630
56180	0.77090812
56181	0.77163941
56182	0.77248365
56183	0.77340996
56184	0.77438295
56185	0.77536112
56186	0.77629697
56187	0.77713603
56188	0.77781701
56189	0.77827251
56190	0.77842945
56191	0.77821124
56192	0.77753985
56193	0.77633923
56194	0.77453947
56195	0.77208143
56196	0.76892215
56197	0.76503980
56198	0.76043898
56199	0.75515360
56200	0.74924946
56201	0.74282354
56202	0.73600131
56203	0.72893184
56204	0.72178060
56205	0.71472108
56206	0.70792627
56207	0.70155966
56208	0.69576830
56209	0.69067603
56210	0.68638039
56211	0.68294907
56212	0.68041992
56213	0.67880088
56214	0.67807168
56215	0.67818576
56216	0.67907292
56217	0.68064135
56218	0.68278116
56219	0.68536651
56220	0.68825883
56221	0.69131011
56222	0.69436610
56223	0.69727045
56224	0.69986892
56225	0.70201415
56226	0.70357084
56227	0.70442063
56228	0.70446777
56229	0.70364273
56230	0.70190644
56231	0.69925159
56232	0.69570315
56233	0.69131684
56234	0.68617529
56235	0.68038315
56236	0.67406100
56237	0.66733879
56238	0.66034913
56239	0.65322143
56240	0.64607692
56241	0.63902473
56242	0.63215971
56243	0.62556064
56244	0.61929059
56245	0.61339706
56246	0.60791361
56247	0.60286111
56248	0.59824961
56249	0.59407997
56250	0.59034562
56251	0.58703375
56252	0.58412629
56253	0.58160114
56254	0.57943225
56255	0.57759029
56256	0.57604301
56257	0.57475543
56258	0.57368976
56259	0.57280606
56260	0.57206202
56261	0.57141411
56262	0.57081747
56263	0.57022697
56264	0.56959748
56265	0.56888533
56266	0.56804854
56267	0.56704783
56268	0.56584740
56269	0.56441563
56270	0.56272578
56271	0.56075603
56272	0.55849034
56273	0.55591828
56274	0.55303538
56275	0.54984313
56276	0.54634881
56277	0.54256546
56278	0.53851193
56279	0.53421229
56280	0.52969563
56281	0.52499610
56282	0.52015162
56283	0.51520389
56284	0.51019746
56285	0.50517881
56286	0.50019538
56287	0.49529460
56288	0.49052262
56289	0.48592329
56290	0.48153663
56291	0.47739795
56292	0.47353658
56293	0.46997488
56294	0.46672758
56295	0.46380123
56296	0.46119398
56297	0.45889553
56298	0.45688808
56299	0.45514619
56300	0.45363849
56301	0.45232812
56302	0.45117432
56303	0.45013332
56304	0.44915965
56305	0.44820726
56306	0.44723043
56307	0.44618490
56308	0.44502848
56309	0.44372192
56310	0.44222936
56311	0.44051912
56312	0.43856379
56313	0.43634084
56314	0.43383285
56315	0.43102777
56316	0.42791906
56317	0.42450631
56318	0.42079490
56319	0.41679668
56320	0.41252995
56321	0.40801963
56322	0.40329701
56323	0.39839977
56324	0.39337125
56325	0.38825971
56326	0.38311729
56327	0.37799859
56328	0.37295946
56329	0.36805514
56330	0.36333933
56331	0.35886249
56332	0.35467121
56333	0.35080725
56334	0.34730732
56335	0.34420305
56336	0.34152076
56337	0.33928201
56338	0.33750352
56339	0.33619779
56340	0.33537269
56341	0.33503130
56342	0.33517155
56343	0.33578515
56344	0.33685684
56345	0.33836246
56346	0.34026772
56347	0.34252664
56348	0.34508023
56349	0.34785524
56350	0.35076427
56351	0.35370585
56352	0.35656673
56353	0.35922477
56354	0.36155295
56355	0.36342528
56356	0.36472246
56357	0.36533830
56358	0.36518535
56359	0.36419916
56360	0.36234096
56361	0.35959840
56362	0.35598463
56363	0.35153487
56364	0.34630284
56365	0.34035647
56366	0.33377326
56367	0.32663748
56368	0.31903717
56369	0.31106359
56370	0.30281162
56371	0.29438281
56372	0.28588864
56373	0.27745685
56374	0.26923993
56375	0.26142567
56376	0.25425136
56377	0.24802066
56378	0.24312590
56379	0.24007456
56380	0.23952059
56381	0.24230261
56382	0.24948217
56383	0.26238742
56384	0.28265163
56385	0.31225011
56386	0.35352245
56387	0.40919372
56388	0.48240331
56389	0.57677776
56390	0.69663680
56391	0.84745711
56392	1.03687942
56393	1.27676475
56394	1.58751142
56395	2.00774932
56396	2.61933470
56397	3.62642884
56398	NaN
56399	NaN
56400	NaN
56401	NaN
56402	NaN
56403	NaN
56404	NaN
56405	NaN
56406	NaN
56407	NaN
56408	NaN
56409	NaN
56410	NaN
56411	NaN
56412	NaN
56413	NaN
56414	NaN
56415	NaN
56416	NaN
56417	NaN
56418	NaN
56419	NaN
56420	NaN
56421	NaN
56422	NaN
56423	NaN
56424	NaN
56425	NaN
56426	NaN
56427	NaN
56428	NaN
56429	NaN
56430	NaN
56431	NaN
56432	NaN
56433	NaN
56434	NaN
56435	NaN
56436	NaN
56437	NaN
56438	NaN
56439	NaN
56440	NaN
56441	NaN
56442	NaN
56443	NaN
56444	NaN
56445	NaN
56446	NaN
56447	NaN
56448	NaN
56449	NaN
56450	NaN
56451	NaN
56452	NaN
56453	NaN
56454	NaN
56455	NaN
56456	NaN
56457	NaN
56458	NaN
56459	NaN
56460	NaN
56461	NaN
56462	NaN
56463	NaN
56464	NaN
56465	NaN
56466	NaN
56467	NaN
56468	NaN
56469	NaN
56470	NaN
56471	NaN
56472	NaN
56473	NaN
56474	NaN
56475	NaN
56476	NaN
56477	NaN
56478	NaN
56479	NaN
56480	NaN
56481	NaN
56482	NaN
56483	NaN
56484	NaN
56485	NaN
56486	1.81518507
56487	1.30138040
56488	1.09823895
56489	0.99226117
56490	0.92911512
56491	0.88858825
56492	0.86142313
56493	0.84277356
56494	0.82985091
56495	0.82093477
56496	0.81490517
56497	0.81100202
56498	0.80869198
56499	0.80759156
56500	0.80741894
56501	0.80796415
56502	0.80906850
56503	0.81061119
56504	0.81249863
56505	0.81465751
56506	0.81702906
56507	0.81956410
56508	0.82221955
56509	0.82495552
56510	0.82773250
56511	0.83050936
56512	0.83324182
56513	0.83588111
56514	0.83837336
56515	0.84065855
56516	0.84267122
56517	0.84434050
56518	0.84559107
56519	0.84634477
56520	0.84652275
56521	0.84604830
56522	0.84484959
56523	0.84286445
56524	0.84004295
56525	0.83635294
56526	0.83178312
56527	0.82634658
56528	0.82008344
56529	0.81306124
56530	0.80537522
56531	0.79714555
56532	0.78851372
56533	0.77963734
56534	0.77068377
56535	0.76182336
56536	0.75322270
56537	0.74503815
56538	0.73741055
56539	0.73046064
56540	0.72428608
56541	0.71895957
56542	0.71452785
56543	0.71101165
56544	0.70840722
56545	0.70668703
56546	0.70580173
56547	0.70568234
56548	0.70624268
56549	0.70738125
56550	0.70898449
56551	0.71092916
56552	0.71308613
56553	0.71532279
56554	0.71750748
56555	0.71951264
56556	0.72121894
56557	0.72251850
56558	0.72331828
56559	0.72354299
56560	0.72313684
56561	0.72206509
56562	0.72031432
56563	0.71789193
56564	0.71482462
56565	0.71115607
56566	0.70694435
56567	0.70225847
56568	0.69717515
56569	0.69177514
56570	0.68614030
56571	0.68035084
56572	0.67448270
56573	0.66860622
56574	0.66278464
56575	0.65707326
56576	0.65151942
56577	0.64616227
56578	0.64103329
56579	0.63615674
56580	0.63155043
56581	0.62722647
56582	0.62319177
56583	0.61944902
56584	0.61599702
56585	0.61283118
56586	0.60994381
56587	0.60732406
56588	0.60495847
56589	0.60283047
56590	0.60092038
56591	0.59920561
56592	0.59766054
56593	0.59625655
56594	0.59496266
56595	0.59374535
56596	0.59256977
56597	0.59139991
56598	0.59019965
56599	0.58893371
56600	0.58756846
56601	0.58607262
56602	0.58441824
56603	0.58258140
56604	0.58054256
56605	0.57828707
56606	0.57580531
56607	0.57309324
56608	0.57015169
56609	0.56698716
56610	0.56361085
56611	0.56003904
56612	0.55629236
56613	0.55239546
56614	0.54837698
56615	0.54426807
56616	0.54010254
56617	0.53591561
56618	0.53174311
56619	0.52762073
56620	0.52358282
56621	0.51966131
56622	0.51588541
56623	0.51228017
56624	0.50886619
56625	0.50565904
56626	0.50266886
56627	0.49990064
56628	0.49735379
56629	0.49502262
56630	0.49289674
56631	0.49096125
56632	0.48919722
56633	0.48758242
56634	0.48609149
56635	0.48469681
56636	0.48336878
56637	0.48207644
56638	0.48078814
56639	0.47947192
56640	0.47809613
56641	0.47662979
56642	0.47504327
56643	0.47330856
56644	0.47139975
56645	0.46929359
56646	0.46696967
56647	0.46441096
56648	0.46160457
56649	0.45854166
56650	0.45521864
56651	0.45163706
56652	0.44780448
56653	0.44373474
56654	0.43944797
56655	0.43497080
56656	0.43033591
56657	0.42558184
56658	0.42075163
56659	0.41589239
56660	0.41105381
56661	0.40628704
56662	0.40164331
56663	0.39717272
56664	0.39292321
56665	0.38893956
56666	0.38526261
56667	0.38192892
56668	0.37897000
56669	0.37641218
56670	0.37427634
56671	0.37257776
56672	0.37132528
56673	0.37052137
56674	0.37016103
56675	0.37023139
56676	0.37071094
56677	0.37156856
56678	0.37276289
56679	0.37424204
56680	0.37594339
56681	0.37779358
56682	0.37970954
56683	0.38159961
56684	0.38336548
56685	0.38490507
56686	0.38611472
56687	0.38689351
56688	0.38714620
56689	0.38678688
56690	0.38574243
56691	0.38395435
56692	0.38138124
56693	0.37799889
56694	0.37380031
56695	0.36879450
56696	0.36300433
56697	0.35646456
56698	0.34921905
56699	0.34131923
56700	0.33282152
56701	0.32378742
56702	0.31428277
56703	0.30437997
56704	0.29415888
56705	0.28371114
56706	0.27314475
56707	0.26258913
56708	0.25220355
56709	0.24218392
56710	0.23277278
56711	0.22426906
56712	0.21703865
56713	0.21152486
56714	0.20825765
56715	0.20786119
56716	0.21105969
56717	0.21868324
56718	0.23166861
56719	0.25106740
56720	0.27805993
56721	0.31399009
56722	0.36043653
56723	0.41934216
56724	0.49325442
56725	0.58575243
56726	0.70221788
56727	0.85130531
56728	1.04794586
56729	1.32015026
56730	1.72687781
56731	2.41569209
56732	3.88575268
56733	NaN
56734	NaN
56735	NaN
56736	NaN
56737	NaN
56738	NaN
56739	NaN
56740	NaN
56741	NaN
56742	NaN
56743	NaN
56744	NaN
56745	NaN
56746	NaN
56747	NaN
56748	NaN
56749	NaN
56750	NaN
56751	NaN
56752	NaN
56753	NaN
56754	NaN
56755	NaN
56756	NaN
56757	NaN
56758	NaN
56759	NaN
56760	NaN
56761	NaN
56762	NaN
56763	NaN
56764	NaN
56765	NaN
56766	NaN
56767	NaN
56768	NaN
56769	NaN
56770	NaN
56771	NaN
56772	NaN
56773	NaN
56774	NaN
56775	NaN
56776	NaN
56777	NaN
56778	NaN
56779	NaN
56780	NaN
56781	NaN
56782	NaN
56783	NaN
56784	NaN
56785	NaN
56786	NaN
56787	NaN
56788	NaN
56789	NaN
56790	NaN
56791	NaN
56792	NaN
56793	NaN
56794	NaN
56795	NaN
56796	NaN
56797	NaN
56798	NaN
56799	NaN
56800	NaN
56801	NaN
56802	NaN
56803	NaN
56804	NaN
56805	NaN
56806	NaN
56807	NaN
56808	NaN
56809	NaN
56810	NaN
56811	NaN
56812	NaN
56813	NaN
56814	NaN
56815	NaN
56816	NaN
56817	NaN
56818	NaN
56819	NaN
56820	3.50498772
56821	1.62519026
56822	1.22828829
56823	1.06042409
56824	0.97029245
56825	0.91565841
56826	0.88008595
56827	0.85585076
56828	0.83884650
56829	0.82669115
56830	0.81791162
56831	0.81155121
56832	0.80696470
56833	0.80370468
56834	0.80145389
56835	0.79998368
56836	0.79912746
56837	0.79876280
56838	0.79879826
56839	0.79916525
56840	0.79981077
56841	0.80069214
56842	0.80177367
56843	0.80302256
56844	0.80440724
56845	0.80589467
56846	0.80744892
56847	0.80903006
56848	0.81059283
56849	0.81208622
56850	0.81345260
56851	0.81462836
56852	0.81554371
56853	0.81612360
56854	0.81628925
56855	0.81596011
56856	0.81505632
56857	0.81350237
56858	0.81123066
56859	0.80818641
56860	0.80433160
56861	0.79965031
56862	0.79415166
56863	0.78787392
56864	0.78088540
56865	0.77328467
56866	0.76519853
56867	0.75677800
56868	0.74819297
56869	0.73962480
56870	0.73125899
56871	0.72327715
56872	0.71584970
56873	0.70912921
56874	0.70324558
56875	0.69830197
56876	0.69437265
56877	0.69150251
56878	0.68970650
56879	0.68897110
56880	0.68925542
56881	0.69049311
56882	0.69259399
56883	0.69544625
56884	0.69891846
56885	0.70286191
56886	0.70711327
56887	0.71149802
56888	0.71583432
56889	0.71993786
56890	0.72362721
56891	0.72673011
56892	0.72908998
56893	0.73057234
56894	0.73107094
56895	0.73051256
56896	0.72886080
56897	0.72611713
56898	0.72232014
56899	0.71754330
56900	0.71188933
56901	0.70548469
56902	0.69847202
56903	0.69100308
56904	0.68323135
56905	0.67530638
56906	0.66736835
56907	0.65954465
56908	0.65194720
56909	0.64467138
56910	0.63779563
56911	0.63138187
56912	0.62547642
56913	0.62011153
56914	0.61530644
56915	0.61106908
56916	0.60739714
56917	0.60427976
56918	0.60169786
56919	0.59962565
56920	0.59803081
56921	0.59687549
56922	0.59611607
56923	0.59570432
56924	0.59558755
56925	0.59570903
56926	0.59600878
56927	0.59642416
56928	0.59689093
56929	0.59734434
56930	0.59771985
56931	0.59795469
56932	0.59798884
56933	0.59776622
56934	0.59723610
56935	0.59635371
56936	0.59508175
56937	0.59339058
56938	0.59125906
56939	0.58867490
56940	0.58563489
56941	0.58214474
56942	0.57821894
56943	0.57388079
56944	0.56916136
56945	0.56409949
56946	0.55874062
56947	0.55313629
56948	0.54734331
56949	0.54142243
56950	0.53543758
56951	0.52945429
56952	0.52353889
56953	0.51775652
56954	0.51217014
56955	0.50683826
56956	0.50181401
56957	0.49714309
56958	0.49286258
56959	0.48899984
56960	0.48557150
56961	0.48258317
56962	0.48002961
56963	0.47789472
56964	0.47615266
56965	0.47476888
56966	0.47370133
56967	0.47290173
56968	0.47231716
56969	0.47189116
56970	0.47156522
56971	0.47127959
56972	0.47097456
56973	0.47059095
56974	0.47007123
56975	0.46936026
56976	0.46840581
56977	0.46715966
56978	0.46557820
56979	0.46362332
56980	0.46126342
56981	0.45847407
56982	0.45523903
56983	0.45155078
56984	0.44741142
56985	0.44283313
56986	0.43783826
56987	0.43245962
56988	0.42674032
56989	0.42073300
56990	0.41449881
56991	0.40810642
56992	0.40163007
56993	0.39514801
56994	0.38874018
56995	0.38248646
56996	0.37646455
56997	0.37074846
56998	0.36540720
56999	0.36050349
57000	0.35609338
57001	0.35222587
57002	0.34894243
57003	0.34627745
57004	0.34425792
57005	0.34290341
57006	0.34222600
57007	0.34222946
57008	0.34290877
57009	0.34424868
57010	0.34622252
57011	0.34879014
57012	0.35189649
57013	0.35546955
57014	0.35941875
57015	0.36363414
57016	0.36798599
57017	0.37232658
57018	0.37649199
57019	0.38030714
57020	0.38359156
57021	0.38616693
57022	0.38786528
57023	0.38853729
57024	0.38806000
57025	0.38634261
57026	0.38333029
57027	0.37900472
57028	0.37338296
57029	0.36651355
57030	0.35847104
57031	0.34935039
57032	0.33926058
57033	0.32831985
57034	0.31665185
57035	0.30438423
57036	0.29164809
57037	0.27858055
57038	0.26532933
57039	0.25205910
57040	0.23896067
57041	0.22626145
57042	0.21423899
57043	0.20323679
57044	0.19368127
57045	0.18610261
57046	0.18115391
57047	0.17963253
57048	0.18249866
57049	0.19089064
57050	0.20613101
57051	0.22972642
57052	0.26335749
57053	0.30886352
57054	0.36823919
57055	0.44365501
57056	0.53755444
57057	0.65287673
57058	0.79350871
57059	0.96513289
57060	1.17680717
57061	1.44406199
57062	1.79546058
57063	2.28845072
57064	3.05505991
57065	4.47420216
57066	NaN
57067	NaN
57068	NaN
57069	NaN
57070	NaN
57071	NaN
57072	NaN
57073	NaN
57074	NaN
57075	NaN
57076	NaN
57077	NaN
57078	NaN
57079	NaN
57080	NaN
57081	NaN
57082	NaN
57083	NaN
57084	NaN
57085	NaN
57086	NaN
57087	NaN
57088	NaN
57089	NaN
57090	NaN
57091	NaN
57092	NaN
57093	NaN
57094	NaN
57095	NaN
57096	NaN
57097	NaN
57098	NaN
57099	NaN
57100	NaN
57101	NaN
57102	NaN
57103	NaN
57104	NaN
57105	NaN
57106	NaN
57107	NaN
57108	NaN
57109	NaN
57110	NaN
57111	NaN
57112	NaN
57113	NaN
57114	NaN
57115	NaN
57116	NaN
57117	NaN
57118	NaN
57119	NaN
57120	NaN
57121	NaN
57122	NaN
57123	NaN
57124	NaN
57125	NaN
57126	NaN
57127	NaN
57128	NaN
57129	NaN
57130	NaN
57131	NaN
57132	NaN
57133	NaN
57134	NaN
57135	NaN
57136	NaN
57137	NaN
57138	NaN
57139	NaN
57140	NaN
57141	1.59161973
57142	1.26420140
57143	1.12939000
57144	1.05441892
57145	1.00611734
57146	0.97222620
57147	0.94713348
57148	0.92788696
57149	0.91277170
57150	0.90071326
57151	0.89099890
57152	0.88313204
57153	0.87675405
57154	0.87159735
57155	0.86745781
57156	0.86417615
57157	0.86162615
57158	0.85970610
57159	0.85833275
57160	0.85743690
57161	0.85695958
57162	0.85684943
57163	0.85705972
57164	0.85754710
57165	0.85826880
57166	0.85918164
57167	0.86024034
57168	0.86139619
57169	0.86259592
57170	0.86378115
57171	0.86488789
57172	0.86584657
57173	0.86658245
57174	0.86701685
57175	0.86706877
57176	0.86665767
57177	0.86570573
57178	0.86414224
57179	0.86190665
57180	0.85895330
57181	0.85525501
57182	0.85080618
57183	0.84562600
57184	0.83975953
57185	0.83327794
57186	0.82627702
57187	0.81887454
57188	0.81120551
57189	0.80341762
57190	0.79566491
57191	0.78810179
57192	0.78087717
57193	0.77412897
57194	0.76797980
57195	0.76253277
57196	0.75786930
57197	0.75404692
57198	0.75109839
57199	0.74903172
57200	0.74783021
57201	0.74745351
57202	0.74783933
57203	0.74890518
57204	0.75055075
57205	0.75266069
57206	0.75510812
57207	0.75775796
57208	0.76047105
57209	0.76310855
57210	0.76553619
57211	0.76762867
57212	0.76927388
57213	0.77037656
57214	0.77086109
57215	0.77067405
57216	0.76978505
57217	0.76818705
57218	0.76589519
57219	0.76294500
57220	0.75938976
57221	0.75529665
57222	0.75074369
57223	0.74581504
57224	0.74059790
57225	0.73517889
57226	0.72964096
57227	0.72406137
57228	0.71850961
57229	0.71304667
57230	0.70772409
57231	0.70258391
57232	0.69765913
57233	0.69297367
57234	0.68854326
57235	0.68437618
57236	0.68047363
57237	0.67683083
57238	0.67343765
57239	0.67027926
57240	0.66733688
57241	0.66458851
57242	0.66200954
57243	0.65957391
57244	0.65725422
57245	0.65502298
57246	0.65285307
57247	0.65071845
57248	0.64859468
57249	0.64645946
57250	0.64429265
57251	0.64207673
57252	0.63979661
57253	0.63743967
57254	0.63499582
57255	0.63245678
57256	0.62981677
57257	0.62707174
57258	0.62421924
57259	0.62125874
57260	0.61819124
57261	0.61501950
57262	0.61174792
57263	0.60838270
57264	0.60493177
57265	0.60140520
57266	0.59781480
57267	0.59417462
57268	0.59050047
57269	0.58680999
57270	0.58312237
57271	0.57945806
57272	0.57583827
57273	0.57228440
57274	0.56881750
57275	0.56545740
57276	0.56222212
57277	0.55912697
57278	0.55618393
57279	0.55340087
57280	0.55078101
57281	0.54832292
57282	0.54602003
57283	0.54386115
57284	0.54183060
57285	0.53990883
57286	0.53807306
57287	0.53629804
57288	0.53455681
57289	0.53282142
57290	0.53106362
57291	0.52925563
57292	0.52737021
57293	0.52538192
57294	0.52326673
57295	0.52100295
57296	0.51857150
57297	0.51595604
57298	0.51314408
57299	0.51012635
57300	0.50689793
57301	0.50345814
57302	0.49981058
57303	0.49596360
57304	0.49192965
57305	0.48772532
57306	0.48337114
57307	0.47889096
57308	0.47431165
57309	0.46966255
57310	0.46497509
57311	0.46028209
57312	0.45561767
57313	0.45101646
57314	0.44651338
57315	0.44214344
57316	0.43794093
57317	0.43393958
57318	0.43017191
57319	0.42666909
57320	0.42346039
57321	0.42057306
57322	0.41803172
57323	0.41585794
57324	0.41406992
57325	0.41268152
57326	0.41170225
57327	0.41113603
57328	0.41098076
57329	0.41122738
57330	0.41185930
57331	0.41285157
57332	0.41417009
57333	0.41577116
57334	0.41760099
57335	0.41959575
57336	0.42168161
57337	0.42377535
57338	0.42578566
57339	0.42761493
57340	0.42916170
57341	0.43032390
57342	0.43100235
57343	0.43110517
57344	0.43055218
57345	0.42927885
57346	0.42723992
57347	0.42441234
57348	0.42079642
57349	0.41641581
57350	0.41131610
57351	0.40556243
57352	0.39923593
57353	0.39243120
57354	0.38525203
57355	0.37780941
57356	0.37021926
57357	0.36260170
57358	0.35508010
57359	0.34778178
57360	0.34083876
57361	0.33438948
57362	0.32857993
57363	0.32356641
57364	0.31951660
57365	0.31661165
57366	0.31504804
57367	0.31503907
57368	0.31681532
57369	0.32062513
57370	0.32673505
57371	0.33542812
57372	0.34700468
57373	0.36178002
57374	0.38008612
57375	0.40227383
57376	0.42872053
57377	0.45984113
57378	0.49611026
57379	0.53809708
57380	0.58651596
57381	0.64230865
57382	0.70676434
57383	0.78171325
57384	0.86983109
57385	0.97516119
57386	1.10404289
57387	1.26688731
57388	1.48191357
57389	1.78388369
57390	2.24800754
57391	3.07227588
57392	NaN
57393	NaN
57394	NaN
57395	NaN
57396	NaN
57397	NaN
57398	NaN
57399	NaN
57400	NaN
57401	NaN
57402	NaN
57403	NaN
57404	NaN
57405	NaN
57406	NaN
57407	NaN
57408	NaN
57409	NaN
57410	NaN
57411	NaN
57412	NaN
57413	NaN
57414	NaN
57415	NaN
57416	NaN
57417	NaN
57418	NaN
57419	NaN
57420	NaN
57421	NaN
57422	NaN
57423	NaN
57424	NaN
57425	NaN
57426	NaN
57427	NaN
57428	NaN
57429	NaN
57430	NaN
57431	NaN
57432	NaN
57433	NaN
57434	NaN
57435	NaN
57436	NaN
57437	NaN
57438	NaN
57439	NaN
57440	NaN
57441	NaN
57442	NaN
57443	NaN
57444	NaN
57445	NaN
57446	NaN
57447	NaN
57448	NaN
57449	NaN
57450	NaN
57451	NaN
57452	NaN
57453	NaN
57454	NaN
57455	NaN
57456	NaN
57457	NaN
57458	NaN
57459	NaN
57460	NaN
57461	NaN
57462	NaN
57463	NaN
57464	NaN
57465	NaN
57466	NaN
57467	NaN
57468	NaN
57469	NaN
57470	NaN
57471	NaN
57472	NaN
57473	NaN
57474	NaN
57475	NaN
57476	NaN
57477	1.85506916
57478	1.25182295
57479	1.06849515
57480	0.98376983
57481	0.93710357
57482	0.90883398
57483	0.89068025
57484	0.87856811
57485	0.87027252
57486	0.86448562
57487	0.86039680
57488	0.85748351
57489	0.85539895
57490	0.85390806
57491	0.85285062
57492	0.85211611
57493	0.85162890
57494	0.85133797
57495	0.85120958
57496	0.85122162
57497	0.85136020
57498	0.85161638
57499	0.85198355
57500	0.85245520
57501	0.85302353
57502	0.85367781
57503	0.85440266
57504	0.85517794
57505	0.85597706
57506	0.85676718
57507	0.85750812
57508	0.85815322
57509	0.85864872
57510	0.85893524
57511	0.85894811
57512	0.85861951
57513	0.85788023
57514	0.85666221
57515	0.85490161
57516	0.85254228
57517	0.84953946
57518	0.84586376
57519	0.84150440
57520	0.83647287
57521	0.83080471
57522	0.82456076
57523	0.81782681
57524	0.81071156
57525	0.80334347
57526	0.79586548
57527	0.78842986
57528	0.78119153
57529	0.77430153
57530	0.76790130
57531	0.76211673
57532	0.75705439
57533	0.75279772
57534	0.74940503
57535	0.74690795
57536	0.74531174
57537	0.74459505
57538	0.74471122
57539	0.74559009
57540	0.74713910
57541	0.74924624
57542	0.75178260
57543	0.75460535
57544	0.75756150
57545	0.76049221
57546	0.76323742
57547	0.76564121
57548	0.76755679
57549	0.76885253
57550	0.76941681
57551	0.76916265
57552	0.76803130
57553	0.76599449
57554	0.76305538
57555	0.75924730
57556	0.75463170
57557	0.74929392
57558	0.74333841
57559	0.73688287
57560	0.73005253
57561	0.72297454
57562	0.71577281
57563	0.70856380
57564	0.70145363
57565	0.69453555
57566	0.68788886
57567	0.68157858
57568	0.67565572
57569	0.67015761
57570	0.66510934
57571	0.66052496
57572	0.65640861
57573	0.65275586
57574	0.64955503
57575	0.64678806
57576	0.64443165
57577	0.64245802
57578	0.64083546
57579	0.63952929
57580	0.63850182
57581	0.63771313
57582	0.63712144
57583	0.63668329
57584	0.63635379
57585	0.63608736
57586	0.63583761
57587	0.63555825
57588	0.63520300
57589	0.63472694
57590	0.63408655
57591	0.63324076
57592	0.63215142
57593	0.63078463
57594	0.62911081
57595	0.62710583
57596	0.62475157
57597	0.62203634
57598	0.61895531
57599	0.61551106
57600	0.61171311
57601	0.60757864
57602	0.60313189
57603	0.59840411
57604	0.59343284
57605	0.58826172
57606	0.58293921
57607	0.57751828
57608	0.57205468
57609	0.56660628
57610	0.56123108
57611	0.55598623
57612	0.55092585
57613	0.54609990
57614	0.54155236
57615	0.53731996
57616	0.53343117
57617	0.52990526
57618	0.52675205
57619	0.52397180
57620	0.52155572
57621	0.51948631
57622	0.51773846
57623	0.51628053
57624	0.51507509
57625	0.51408046
57626	0.51325160
57627	0.51254076
57628	0.51189911
57629	0.51127690
57630	0.51062465
57631	0.50989383
57632	0.50903755
57633	0.50801134
57634	0.50677413
57635	0.50528872
57636	0.50352299
57637	0.50145012
57638	0.49904987
57639	0.49630880
57640	0.49322075
57641	0.48978731
57642	0.48601785
57643	0.48192957
57644	0.47754717
57645	0.47290242
57646	0.46803361
57647	0.46298474
57648	0.45780459
57649	0.45254576
57650	0.44726318
57651	0.44201338
57652	0.43685302
57653	0.43183780
57654	0.42702147
57655	0.42245510
57656	0.41818595
57657	0.41425729
57658	0.41070774
57659	0.40757105
57660	0.40487555
57661	0.40264413
57662	0.40089384
57663	0.39963520
57664	0.39887181
57665	0.39859962
57666	0.39880583
57667	0.39946821
57668	0.40055397
57669	0.40201887
57670	0.40380666
57671	0.40584844
57672	0.40806291
57673	0.41035694
57674	0.41262704
57675	0.41476157
57676	0.41664386
57677	0.41815600
57678	0.41918340
57679	0.41961953
57680	0.41937032
57681	0.41835868
57682	0.41652718
57683	0.41384023
57684	0.41028464
57685	0.40586886
57686	0.40062112
57687	0.39458647
57688	0.38782418
57689	0.38040420
57690	0.37240532
57691	0.36391249
57692	0.35501659
57693	0.34581450
57694	0.33641040
57695	0.32691836
57696	0.31746542
57697	0.30819580
57698	0.29927501
57699	0.29089540
57700	0.28327984
57701	0.27668586
57702	0.27140793
57703	0.26777792
57704	0.26616269
57705	0.26695657
57706	0.27057090
57707	0.27741745
57708	0.28788951
57709	0.30233827
57710	0.32105240
57711	0.34424141
57712	0.37203023
57713	0.40446842
57714	0.44155520
57715	0.48328573
57716	0.52971637
57717	0.58104748
57718	0.63773263
57719	0.70062029
57720	0.77115899
57721	0.85172409
57722	0.94618875
57723	1.06101620
57724	1.20753407
57725	1.40727985
57726	1.70649493
57727	2.22548485
57728	3.40578723
57729	NaN
57730	NaN
57731	NaN
57732	NaN
57733	NaN
57734	NaN
57735	NaN
57736	NaN
57737	NaN
57738	NaN
57739	NaN
57740	NaN
57741	NaN
57742	NaN
57743	NaN
57744	NaN
57745	NaN
57746	NaN
57747	NaN
57748	NaN
57749	NaN
57750	NaN
57751	NaN
57752	NaN
57753	NaN
57754	NaN
57755	NaN
57756	NaN
57757	NaN
57758	NaN
57759	NaN
57760	NaN
57761	NaN
57762	NaN
57763	NaN
57764	NaN
57765	NaN
57766	NaN
57767	NaN
57768	NaN
57769	NaN
57770	NaN
57771	NaN
57772	NaN
57773	NaN
57774	NaN
57775	NaN
57776	NaN
57777	NaN
57778	NaN
57779	NaN
57780	NaN
57781	NaN
57782	NaN
57783	NaN
57784	NaN
57785	NaN
57786	NaN
57787	NaN
57788	NaN
57789	NaN
57790	NaN
57791	NaN
57792	NaN
57793	NaN
57794	NaN
57795	NaN
57796	NaN
57797	NaN
57798	NaN
57799	NaN
57800	NaN
57801	NaN
57802	NaN
57803	NaN
57804	NaN
57805	NaN
57806	NaN
57807	3.22965646
57808	1.79534781
57809	1.39184928
57810	1.20465851
57811	1.09850788
57812	1.03145504
57813	0.98622781
57814	0.95440322
57815	0.93138093
57816	0.91443294
57817	0.90183830
57818	0.89245826
57819	0.88550985
57820	0.88043773
57821	0.87683833
57822	0.87441254
57823	0.87293434
57824	0.87223101
57825	0.87216800
57826	0.87263972
57827	0.87356126
57828	0.87486303
57829	0.87648642
57830	0.87837988
57831	0.88049573
57832	0.88278788
57833	0.88520938
57834	0.88771039
57835	0.89023626
57836	0.89272606
57837	0.89511186
57838	0.89731729
57839	0.89925760
57840	0.90083992
57841	0.90196455
57842	0.90252686
57843	0.90241992
57844	0.90153927
57845	0.89978731
57846	0.89707923
57847	0.89334929
57848	0.88855755
57849	0.88269520
57850	0.87578970
57851	0.86790818
57852	0.85915697
57853	0.84968102
57854	0.83965844
57855	0.82929355
57856	0.81880844
57857	0.80843282
57858	0.79839373
57859	0.78890675
57860	0.78016704
57861	0.77234358
57862	0.76557374
57863	0.75996119
57864	0.75557399
57865	0.75244510
57866	0.75057298
57867	0.74992383
57868	0.75043291
57869	0.75200796
57870	0.75453115
57871	0.75786221
57872	0.76184148
57873	0.76629353
57874	0.77103138
57875	0.77586108
57876	0.78058660
57877	0.78501624
57878	0.78896815
57879	0.79227686
57880	0.79479909
57881	0.79641891
57882	0.79705209
57883	0.79664868
57884	0.79519397
57885	0.79270810
57886	0.78924274
57887	0.78487760
57888	0.77971500
57889	0.77387398
57890	0.76748401
57891	0.76067913
57892	0.75359279
57893	0.74635291
57894	0.73907852
57895	0.73187733
57896	0.72484362
57897	0.71805799
57898	0.71158648
57899	0.70548177
57900	0.69978309
57901	0.69451767
57902	0.68970180
57903	0.68534160
57904	0.68143409
57905	0.67796874
57906	0.67492759
57907	0.67228663
57908	0.67001641
57909	0.66808271
57910	0.66644764
57911	0.66507000
57912	0.66390657
57913	0.66291255
57914	0.66204268
57915	0.66125190
57916	0.66049653
57917	0.65973443
57918	0.65892619
57919	0.65803528
57920	0.65702856
57921	0.65587664
57922	0.65455407
57923	0.65303922
57924	0.65131450
57925	0.64936596
57926	0.64718378
57927	0.64476186
57928	0.64209777
57929	0.63919318
57930	0.63605374
57931	0.63268924
57932	0.62911373
57933	0.62534559
57934	0.62140751
57935	0.61732662
57936	0.61313367
57937	0.60886317
57938	0.60455233
57939	0.60024077
57940	0.59596920
57941	0.59177864
57942	0.58770919
57943	0.58379877
57944	0.58008206
57945	0.57658935
57946	0.57334530
57947	0.57036871
57948	0.56767136
57949	0.56525791
57950	0.56312579
57951	0.56126553
57952	0.55966038
57953	0.55828774
57954	0.55711907
57955	0.55612093
57956	0.55525547
57957	0.55448163
57958	0.55375564
57959	0.55303180
57960	0.55226332
57961	0.55140322
57962	0.55040479
57963	0.54922235
57964	0.54781204
57965	0.54613268
57966	0.54414600
57967	0.54181808
57968	0.53911954
57969	0.53602672
57970	0.53252268
57971	0.52859795
57972	0.52425146
57973	0.51949149
57974	0.51433617
57975	0.50881386
57976	0.50296348
57977	0.49683371
57978	0.49048236
57979	0.48397529
57980	0.47738448
57981	0.47078648
57982	0.46425995
57983	0.45788425
57984	0.45173669
57985	0.44589174
57986	0.44041890
57987	0.43538189
57988	0.43083793
57989	0.42683709
57990	0.42342189
57991	0.42062715
57992	0.41847959
57993	0.41699743
57994	0.41618988
57995	0.41605636
57996	0.41658542
57997	0.41775376
57998	0.41952488
57999	0.42184821
58000	0.42465761
58001	0.42787126
58002	0.43139106
58003	0.43510345
58004	0.43888083
58005	0.44258371
58006	0.44606471
58007	0.44917205
58008	0.45175555
58009	0.45367128
58010	0.45478749
58011	0.45498961
58012	0.45418435
58013	0.45230266
58014	0.44930130
58015	0.44516313
58016	0.43989569
58017	0.43352941
58018	0.42611426
58019	0.41771689
58020	0.40841734
58021	0.39830652
58022	0.38748413
58023	0.37605733
58024	0.36414042
58025	0.35185540
58026	0.33933392
58027	0.32671925
58028	0.31417006
58029	0.30186430
58030	0.29000404
58031	0.27882069
58032	0.26857939
58033	0.25958341
58034	0.25217757
58035	0.24674797
58036	0.24372204
58037	0.24356201
58038	0.24675739
58039	0.25381455
58040	0.26524454
58041	0.28155130
58042	0.30322418
58043	0.33073857
58044	0.36456591
58045	0.40520287
58046	0.45321783
58047	0.50932783
58048	0.57451183
58049	0.65018064
58050	0.73844033
58051	0.84251064
58052	0.96745574
58053	1.12152374
58054	1.31884360
58055	1.58543229
58056	1.97451854
58057	2.61393929
58058	3.90594292
58059	NaN
58060	NaN
58061	NaN
58062	NaN
58063	NaN
58064	NaN
58065	NaN
58066	NaN
58067	NaN
58068	NaN
58069	NaN
58070	NaN
58071	NaN
58072	NaN
58073	NaN
58074	NaN
58075	NaN
58076	NaN
58077	NaN
58078	NaN
58079	NaN
58080	NaN
58081	NaN
58082	NaN
58083	NaN
58084	NaN
58085	NaN
58086	NaN
58087	NaN
58088	NaN
58089	NaN
58090	NaN
58091	NaN
58092	NaN
58093	NaN
58094	NaN
58095	NaN
58096	NaN
58097	NaN
58098	NaN
58099	NaN
58100	NaN
58101	NaN
58102	NaN
58103	NaN
58104	NaN
58105	NaN
58106	NaN
58107	NaN
58108	NaN
58109	NaN
58110	NaN
58111	NaN
58112	NaN
58113	NaN
58114	NaN
58115	NaN
58116	NaN
58117	NaN
58118	NaN
58119	NaN
58120	NaN
58121	NaN
58122	NaN
58123	NaN
58124	NaN
58125	NaN
58126	NaN
58127	NaN
58128	NaN
58129	NaN
58130	NaN
58131	NaN
58132	NaN
58133	NaN
58134	NaN
58135	NaN
58136	NaN
58137	NaN
58138	NaN
58139	NaN
58140	NaN
58141	NaN
58142	NaN
58143	3.09038258
58144	1.52314055
58145	1.18204069
58146	1.03785563
58147	0.96120876
58148	0.91552782
58149	0.88647521
58150	0.86727607
58151	0.85431367
58152	0.84548360
58153	0.83948237
58154	0.83546323
58155	0.83285713
58156	0.83127141
58157	0.83043009
58158	0.83013713
58159	0.83025271
58160	0.83067626
58161	0.83133602
58162	0.83218062
58163	0.83317274
58164	0.83428508
58165	0.83549631
58166	0.83678806
58167	0.83814257
58168	0.83954102
58169	0.84096146
58170	0.84237772
58171	0.84375888
58172	0.84506780
58173	0.84626144
58174	0.84729064
58175	0.84810024
58176	0.84863007
58177	0.84881616
58178	0.84859210
58179	0.84789175
58180	0.84665096
58181	0.84481180
58182	0.84232467
58183	0.83915293
58184	0.83527559
58185	0.83069068
58186	0.82541764
58187	0.81949908
58188	0.81300116
58189	0.80601269
58190	0.79864323
58191	0.79101974
58192	0.78328222
58193	0.77557832
58194	0.76805842
58195	0.76086926
58196	0.75414932
58197	0.74802369
58198	0.74260038
58199	0.73796701
58200	0.73418850
58201	0.73130620
58202	0.72933698
58203	0.72827315
58204	0.72808307
58205	0.72871196
58206	0.73008299
58207	0.73209906
58208	0.73464471
58209	0.73758841
58210	0.74078572
58211	0.74408323
58212	0.74732208
58213	0.75034362
58214	0.75299430
58215	0.75513107
58216	0.75662738
58217	0.75737756
58218	0.75730163
58219	0.75634837
58220	0.75449693
58221	0.75175661
58222	0.74816597
58223	0.74378926
58224	0.73871225
58225	0.73303699
58226	0.72687644
58227	0.72034842
58228	0.71357089
58229	0.70665735
58230	0.69971353
58231	0.69283426
58232	0.68610287
58233	0.67959005
58234	0.67335379
58235	0.66744035
58236	0.66188508
58237	0.65671396
58238	0.65194404
58239	0.64758563
58240	0.64364237
58241	0.64011306
58242	0.63699132
58243	0.63426673
58244	0.63192439
58245	0.62994552
58246	0.62830693
58247	0.62698120
58248	0.62593651
58249	0.62513638
58250	0.62454051
58251	0.62410408
58252	0.62377936
58253	0.62351543
58254	0.62325960
58255	0.62295818
58256	0.62255794
58257	0.62200648
58258	0.62125432
58259	0.62025571
58260	0.61896938
58261	0.61736006
58262	0.61539900
58263	0.61306483
58264	0.61034399
58265	0.60723132
58266	0.60373026
58267	0.59985274
58268	0.59561938
58269	0.59105873
58270	0.58620703
58271	0.58110744
58272	0.57580864
58273	0.57036430
58274	0.56483167
58275	0.55927002
58276	0.55373967
58277	0.54829985
58278	0.54300767
58279	0.53791654
58280	0.53307462
58281	0.52852350
58282	0.52429730
58283	0.52042156
58284	0.51691300
58285	0.51377898
58286	0.51101774
58287	0.50861853
58288	0.50656217
58289	0.50482202
58290	0.50336450
58291	0.50215030
58292	0.50113529
58293	0.50027192
58294	0.49951011
58295	0.49879840
58296	0.49808490
58297	0.49731857
58298	0.49644983
58299	0.49543172
58300	0.49422038
58301	0.49277601
58302	0.49106333
58303	0.48905215
58304	0.48671815
58305	0.48404282
58306	0.48101446
58307	0.47762826
58308	0.47388685
58309	0.46980047
58310	0.46538728
58311	0.46067342
58312	0.45569274
58313	0.45048645
58314	0.44510239
58315	0.43959409
58316	0.43401957
58317	0.42844006
58318	0.42291841
58319	0.41751775
58320	0.41230056
58321	0.40732667
58322	0.40265337
58323	0.39833415
58324	0.39441830
58325	0.39095077
58326	0.38797191
58327	0.38551721
58328	0.38361707
58329	0.38229629
58330	0.38157311
58331	0.38145870
58332	0.38195506
58333	0.38305402
58334	0.38473484
58335	0.38696295
58336	0.38968772
58337	0.39284140
58338	0.39633816
58339	0.40007451
58340	0.40393034
58341	0.40777126
58342	0.41145274
58343	0.41482484
58344	0.41773856
58345	0.42005256
58346	0.42163935
58347	0.42239180
58348	0.42222789
58349	0.42109406
58350	0.41896650
58351	0.41585070
58352	0.41178003
58353	0.40681195
58354	0.40102538
58355	0.39451626
58356	0.38739455
58357	0.37978226
58358	0.37181211
58359	0.36362734
58360	0.35538357
58361	0.34725195
58362	0.33942330
58363	0.33211523
58364	0.32557872
58365	0.32010847
58366	0.31605321
58367	0.31382844
58368	0.31393158
58369	0.31695560
58370	0.32360789
58371	0.33472693
58372	0.35130298
58373	0.37449831
58374	0.40567437
58375	0.44642764
58376	0.49864557
58377	0.56460565
58378	0.64714128
58379	0.74995172
58380	0.87815201
58381	1.03929901
58382	1.24534845
58383	1.51669693
58384	1.89128995
58385	2.44829226
58386	3.38333750
58387	NaN
58388	NaN
58389	NaN
58390	NaN
58391	NaN
58392	NaN
58393	NaN
58394	NaN
58395	NaN
58396	NaN
58397	NaN
58398	NaN
58399	NaN
58400	NaN
58401	NaN
58402	NaN
58403	NaN
58404	NaN
58405	NaN
58406	NaN
58407	NaN
58408	NaN
58409	NaN
58410	NaN
58411	NaN
58412	NaN
58413	NaN
58414	NaN
58415	NaN
58416	NaN
58417	NaN
58418	NaN
58419	NaN
58420	NaN
58421	NaN
58422	NaN
58423	NaN
58424	NaN
58425	NaN
58426	NaN
58427	NaN
58428	NaN
58429	NaN
58430	NaN
58431	NaN
58432	NaN
58433	NaN
58434	NaN
58435	NaN
58436	NaN
58437	NaN
58438	NaN
58439	NaN
58440	NaN
58441	NaN
58442	NaN
58443	NaN
58444	NaN
58445	NaN
58446	NaN
58447	NaN
58448	NaN
58449	NaN
58450	NaN
58451	NaN
58452	NaN
58453	NaN
58454	NaN
58455	NaN
58456	NaN
58457	NaN
58458	NaN
58459	NaN
58460	NaN
58461	NaN
58462	NaN
58463	NaN
58464	NaN
58465	NaN
58466	NaN
58467	NaN
58468	NaN
58469	NaN
58470	NaN
58471	NaN
58472	NaN
58473	2.15644026
58474	1.41600287
58475	1.16967118
58476	1.04853415
58477	0.97782075
58478	0.93244696
58479	0.90160954
58480	0.87988186
58481	0.86423284
58482	0.85283470
58483	0.84451771
58484	0.83849835
58485	0.83423245
58486	0.83133143
58487	0.82951117
58488	0.82856035
58489	0.82831919
58490	0.82866561
58491	0.82950431
58492	0.83076012
58493	0.83237165
58494	0.83428675
58495	0.83645928
58496	0.83884603
58497	0.84140390
58498	0.84408844
58499	0.84685189
58500	0.84964246
58501	0.85240287
58502	0.85507029
58503	0.85757595
58504	0.85984540
58505	0.86179936
58506	0.86335528
58507	0.86442834
58508	0.86493438
58509	0.86479300
58510	0.86393034
58511	0.86228335
58512	0.85980350
58513	0.85646075
58514	0.85224664
58515	0.84717798
58516	0.84129757
58517	0.83467573
58518	0.82740867
58519	0.81961644
58520	0.81143892
58521	0.80303079
58522	0.79455549
58523	0.78617907
58524	0.77806336
58525	0.77036101
58526	0.76320893
58527	0.75672519
58528	0.75100541
58529	0.74612033
58530	0.74211538
58531	0.73900950
58532	0.73679638
58533	0.73544514
58534	0.73490202
58535	0.73509228
58536	0.73592257
58537	0.73728389
58538	0.73905402
58539	0.74110150
58540	0.74328899
58541	0.74547756
58542	0.74753034
58543	0.74931765
58544	0.75072044
58545	0.75163460
58546	0.75197428
58547	0.75167447
58548	0.75069267
58549	0.74900973
58550	0.74662948
58551	0.74357700
58552	0.73989677
58553	0.73564905
58554	0.73090655
58555	0.72575057
58556	0.72026724
58557	0.71454388
58558	0.70866567
58559	0.70271343
58560	0.69676119
58561	0.69087517
58562	0.68511277
58563	0.67952204
58564	0.67414200
58565	0.66900289
58566	0.66412687
58567	0.65952885
58568	0.65521705
58569	0.65119427
58570	0.64745855
58571	0.64400411
58572	0.64082140
58573	0.63789868
58574	0.63522112
58575	0.63277239
58576	0.63053375
58577	0.62848490
58578	0.62660372
58579	0.62486637
58580	0.62324756
58581	0.62172037
58582	0.62025696
58583	0.61882836
58584	0.61740500
58585	0.61595732
58586	0.61445612
58587	0.61287290
58588	0.61118096
58589	0.60935551
58590	0.60737443
58591	0.60521871
58592	0.60287315
58593	0.60032648
58594	0.59757173
58595	0.59460664
58596	0.59143370
58597	0.58806008
58598	0.58449769
58599	0.58076304
58600	0.57687682
58601	0.57286376
58602	0.56875181
58603	0.56457162
58604	0.56035572
58605	0.55613780
58606	0.55195147
58607	0.54782963
58608	0.54380363
58609	0.53990191
58610	0.53614974
58611	0.53256834
58612	0.52917445
58613	0.52598011
58614	0.52299237
58615	0.52021348
58616	0.51764077
58617	0.51526743
58618	0.51308221
58619	0.51107007
58620	0.50921273
58621	0.50748873
58622	0.50587404
58623	0.50434232
58624	0.50286555
58625	0.50141424
58626	0.49995831
58627	0.49846703
58628	0.49690998
58629	0.49525735
58630	0.49348056
58631	0.49155250
58632	0.48944819
58633	0.48714536
58634	0.48462459
58635	0.48187014
58636	0.47887030
58637	0.47561795
58638	0.47211096
58639	0.46835268
58640	0.46435255
58641	0.46012592
58642	0.45569444
58643	0.45108569
58644	0.44633311
58645	0.44147515
58646	0.43655452
58647	0.43161735
58648	0.42671204
58649	0.42188844
58650	0.41719660
58651	0.41268581
58652	0.40840384
58653	0.40439621
58654	0.40070537
58655	0.39737034
58656	0.39442605
58657	0.39190316
58658	0.38982737
58659	0.38821915
58660	0.38709316
58661	0.38645741
58662	0.38631275
58663	0.38665190
58664	0.38745838
58665	0.38870555
58666	0.39035556
58667	0.39235869
58668	0.39465261
58669	0.39716223
58670	0.39980033
58671	0.40246856
58672	0.40505937
58673	0.40745860
58674	0.40954882
58675	0.41121313
58676	0.41233954
58677	0.41282478
58678	0.41257784
58679	0.41152349
58680	0.40960377
58681	0.40678006
58682	0.40303236
58683	0.39835897
58684	0.39277530
58685	0.38631201
58686	0.37901339
58687	0.37093538
58688	0.36214489
58689	0.35271859
58690	0.34274349
58691	0.33231717
58692	0.32154974
58693	0.31056562
58694	0.29950696
58695	0.28853723
58696	0.27784458
58697	0.26764661
58698	0.25819492
58699	0.24977796
58700	0.24272484
58701	0.23740625
58702	0.23423445
58703	0.23366101
58704	0.23617360
58705	0.24228944
58706	0.25255099
58707	0.26752207
58708	0.28778979
58709	0.31397426
58710	0.34675044
58711	0.38688999
58712	0.43533009
58713	0.49328390
58714	0.56241274
58715	0.64510334
58716	0.74493527
58717	0.86750114
58718	1.02196324
58719	1.22426915
58720	1.50456953
58721	1.92708611
58722	2.65629649
58723	4.27595139
58724	NaN
58725	NaN
58726	NaN
58727	NaN
58728	NaN
58729	NaN
58730	NaN
58731	NaN
58732	NaN
58733	NaN
58734	NaN
58735	NaN
58736	NaN
58737	NaN
58738	NaN
58739	NaN
58740	NaN
58741	NaN
58742	NaN
58743	NaN
58744	NaN
58745	NaN
58746	NaN
58747	NaN
58748	NaN
58749	NaN
58750	NaN
58751	NaN
58752	NaN
58753	NaN
58754	NaN
58755	NaN
58756	NaN
58757	NaN
58758	NaN
58759	NaN
58760	NaN
58761	NaN
58762	NaN
58763	NaN
58764	NaN
58765	NaN
58766	NaN
58767	NaN
58768	NaN
58769	NaN
58770	NaN
58771	NaN
58772	NaN
58773	NaN
58774	NaN
58775	NaN
58776	NaN
58777	NaN
58778	NaN
58779	NaN
58780	NaN
58781	NaN
58782	NaN
58783	NaN
58784	NaN
58785	NaN
58786	NaN
58787	NaN
58788	NaN
58789	NaN
58790	NaN
58791	NaN
58792	NaN
58793	NaN
58794	NaN
58795	NaN
58796	NaN
58797	NaN
58798	NaN
58799	NaN
58800	NaN
58801	NaN
58802	NaN
58803	NaN
58804	NaN
58805	NaN
58806	NaN
58807	NaN
58808	NaN
58809	2.22994876
58810	1.49041545
58811	1.21632624
58812	1.07639706
58813	0.99328023
58814	0.93937671
58815	0.90238076
58816	0.87597746
58817	0.85659593
58818	0.84206808
58819	0.83100623
58820	0.82248420
58821	0.81586409
58822	0.81069595
58823	0.80665594
58824	0.80350763
58825	0.80107599
58826	0.79923040
58827	0.79787135
58828	0.79692239
58829	0.79632306
58830	0.79602385
58831	0.79598230
58832	0.79616016
58833	0.79652095
58834	0.79702830
58835	0.79764432
58836	0.79832870
58837	0.79903781
58838	0.79972482
58839	0.80033869
58840	0.80082464
58841	0.80112439
58842	0.80117667
58843	0.80091858
58844	0.80028605
58845	0.79921681
58846	0.79765141
58847	0.79553688
58848	0.79282898
58849	0.78949594
58850	0.78552115
58851	0.78090668
58852	0.77567518
58853	0.76987141
58854	0.76356298
58855	0.75683874
58856	0.74980706
58857	0.74259204
58858	0.73532873
58859	0.72815770
58860	0.72121930
58861	0.71464813
58862	0.70856762
58863	0.70308548
58864	0.69829047
58865	0.69424975
58866	0.69100761
58867	0.68858498
58868	0.68697947
58869	0.68616641
58870	0.68610024
58871	0.68671548
58872	0.68792933
58873	0.68964261
58874	0.69174284
58875	0.69410616
58876	0.69660014
58877	0.69908726
58878	0.70142841
58879	0.70348698
58880	0.70513356
58881	0.70625049
58882	0.70673639
58883	0.70651054
58884	0.70551598
58885	0.70372212
58886	0.70112526
58887	0.69774836
58888	0.69363892
58889	0.68886560
58890	0.68351400
58891	0.67768174
58892	0.67147332
58893	0.66499579
58894	0.65835363
58895	0.65164626
58896	0.64496493
58897	0.63839132
58898	0.63199645
58899	0.62584066
58900	0.61997402
58901	0.61443645
58902	0.60925937
58903	0.60446566
58904	0.60007143
58905	0.59608608
58906	0.59251368
58907	0.58935314
58908	0.58659852
58909	0.58423972
58910	0.58226210
58911	0.58064669
58912	0.57937008
58913	0.57840389
58914	0.57771510
58915	0.57726568
58916	0.57701284
58917	0.57690901
58918	0.57690275
58919	0.57693934
58920	0.57696140
58921	0.57691079
58922	0.57672942
58923	0.57636082
58924	0.57575178
58925	0.57485372
58926	0.57362431
58927	0.57202798
58928	0.57003748
58929	0.56763440
58930	0.56480932
58931	0.56156230
58932	0.55790269
58933	0.55384880
58934	0.54942757
58935	0.54467404
58936	0.53963041
58937	0.53434551
58938	0.52887386
58939	0.52327442
58940	0.51760954
58941	0.51194364
58942	0.50634193
58943	0.50086838
58944	0.49558479
58945	0.49054858
58946	0.48581126
58947	0.48141700
58948	0.47740129
58949	0.47378999
58950	0.47059864
58951	0.46783233
58952	0.46548563
58953	0.46354342
58954	0.46198133
58955	0.46076694
58956	0.45986077
58957	0.45921734
58958	0.45878658
58959	0.45851463
58960	0.45834506
58961	0.45821974
58962	0.45807993
58963	0.45786706
58964	0.45752358
58965	0.45699406
58966	0.45622584
58967	0.45517030
58968	0.45378360
58969	0.45202762
58970	0.44987100
58971	0.44728979
58972	0.44426847
58973	0.44080040
58974	0.43688843
58975	0.43254510
58976	0.42779297
58977	0.42266414
58978	0.41719985
58979	0.41144973
58980	0.40547070
58981	0.39932558
58982	0.39308146
58983	0.38680810
58984	0.38057643
58985	0.37445673
58986	0.36851737
58987	0.36282367
58988	0.35743678
58989	0.35241315
58990	0.34780425
58991	0.34365579
58992	0.34000817
58993	0.33689585
58994	0.33434761
58995	0.33238617
58996	0.33102772
58997	0.33028126
58998	0.33014771
58999	0.33061880
59000	0.33167514
59001	0.33328515
59002	0.33540311
59003	0.33796772
59004	0.34090132
59005	0.34410912
59006	0.34748000
59007	0.35088804
59008	0.35419580
59009	0.35725811
59010	0.35992789
59011	0.36206186
59012	0.36352715
59013	0.36420745
59014	0.36400732
59015	0.36285618
59016	0.36070952
59017	0.35754868
59018	0.35337931
59019	0.34822759
59020	0.34213668
59021	0.33516282
59022	0.32737210
59023	0.31883731
59024	0.30963722
59025	0.29985628
59026	0.28958663
59027	0.27893141
59028	0.26800981
59029	0.25696379
59030	0.24596708
59031	0.23523678
59032	0.22504543
59033	0.21573672
59034	0.20774327
59035	0.20160556
59036	0.19799249
59037	0.19771972
59038	0.20176621
59039	0.21128514
59040	0.22760506
59041	0.25222769
59042	0.28680870
59043	0.33315182
59044	0.39321941
59045	0.46920276
59046	0.56369609
59047	0.68007594
59048	0.82323134
59049	1.00094450
59050	1.22664356
59051	1.52530229
59052	1.94795561
59053	2.61459184
59054	3.88298917
59055	NaN
59056	NaN
59057	NaN
59058	NaN
59059	NaN
59060	NaN
59061	NaN
59062	NaN
59063	NaN
59064	NaN
59065	NaN
59066	NaN
59067	NaN
59068	NaN
59069	NaN
59070	NaN
59071	NaN
59072	NaN
59073	NaN
59074	NaN
59075	NaN
59076	NaN
59077	NaN
59078	NaN
59079	NaN
59080	NaN
59081	NaN
59082	NaN
59083	NaN
59084	NaN
59085	NaN
59086	NaN
59087	NaN
59088	NaN
59089	NaN
59090	NaN
59091	NaN
59092	NaN
59093	NaN
59094	NaN
59095	NaN
59096	NaN
59097	NaN
59098	NaN
59099	NaN
59100	NaN
59101	NaN
59102	NaN
59103	NaN
59104	NaN
59105	NaN
59106	NaN
59107	NaN
59108	NaN
59109	NaN
59110	NaN
59111	NaN
59112	NaN
59113	NaN
59114	NaN
59115	NaN
59116	NaN
59117	NaN
59118	NaN
59119	NaN
59120	NaN
59121	NaN
59122	NaN
59123	NaN
59124	NaN
59125	NaN
59126	NaN
59127	NaN
59128	NaN
59129	NaN
59130	NaN
59131	NaN
59132	NaN
59133	NaN
59134	NaN
59135	NaN
59136	NaN
59137	2.24604750
59138	1.42675114
59139	1.15492129
59140	1.02112281
59141	0.94277275
59142	0.89223337
59143	0.85762298
59144	0.83298230
59145	0.81498784
59146	0.80163753
59147	0.79165143
59148	0.78417259
59149	0.77860588
59150	0.77452552
59151	0.77161980
59152	0.76965564
59153	0.76845616
59154	0.76788479
59155	0.76783419
59156	0.76821840
59157	0.76896703
59158	0.77001995
59159	0.77132463
59160	0.77283216
59161	0.77449590
59162	0.77626902
59163	0.77810311
59164	0.77994734
59165	0.78174698
59166	0.78344351
59167	0.78497368
59168	0.78627002
59169	0.78726131
59170	0.78787363
59171	0.78803164
59172	0.78766137
59173	0.78669220
59174	0.78506058
59175	0.78271359
59176	0.77961206
59177	0.77573514
59178	0.77108288
59179	0.76567906
59180	0.75957251
59181	0.75283748
59182	0.74557233
59183	0.73789692
59184	0.72994828
59185	0.72187579
59186	0.71383524
59187	0.70598257
59188	0.69846839
59189	0.69143188
59190	0.68499672
59191	0.67926711
59192	0.67432547
59193	0.67023051
59194	0.66701633
59195	0.66469294
59196	0.66324627
59197	0.66263950
59198	0.66281438
59199	0.66369313
59200	0.66518039
59201	0.66716570
59202	0.66952598
59203	0.67212898
59204	0.67483622
59205	0.67750716
59206	0.68000305
59207	0.68219113
59208	0.68394923
59209	0.68516934
59210	0.68576199
59211	0.68565869
59212	0.68481457
59213	0.68320888
59214	0.68084574
59215	0.67775226
59216	0.67397630
59217	0.66958392
59218	0.66465485
59219	0.65927881
59220	0.65355134
59221	0.64756978
59222	0.64142972
59223	0.63522238
59224	0.62903196
59225	0.62293440
59226	0.61699599
59227	0.61127323
59228	0.60581261
59229	0.60065085
59230	0.59581572
59231	0.59132630
59232	0.58719397
59233	0.58342308
59234	0.58001149
59235	0.57695109
59236	0.57422841
59237	0.57182503
59238	0.56971759
59239	0.56787866
59240	0.56627667
59241	0.56487685
59242	0.56364137
59243	0.56253016
59244	0.56150210
59245	0.56051517
59246	0.55952781
59247	0.55849957
59248	0.55739206
59249	0.55616945
59250	0.55479908
59251	0.55325204
59252	0.55150372
59253	0.54953355
59254	0.54732579
59255	0.54486924
59256	0.54215771
59257	0.53918970
59258	0.53596884
59259	0.53250366
59260	0.52880752
59261	0.52489853
59262	0.52079958
59263	0.51653755
59264	0.51214331
59265	0.50765085
59266	0.50309694
59267	0.49852023
59268	0.49396020
59269	0.48945671
59270	0.48504871
59271	0.48077315
59272	0.47666413
59273	0.47275183
59274	0.46906164
59275	0.46561328
59276	0.46242043
59277	0.45949015
59278	0.45682272
59279	0.45441192
59280	0.45224521
59281	0.45030433
59282	0.44856593
59283	0.44700244
59284	0.44558299
59285	0.44427431
59286	0.44304189
59287	0.44185057
59288	0.44066602
59289	0.43945515
59290	0.43818700
59291	0.43683338
59292	0.43536919
59293	0.43377271
59294	0.43202579
59295	0.43011364
59296	0.42802480
59297	0.42575064
59298	0.42328537
59299	0.42062554
59300	0.41776961
59301	0.41471815
59302	0.41147318
59303	0.40803868
59304	0.40442014
59305	0.40062511
59306	0.39666346
59307	0.39254770
59308	0.38829347
59309	0.38392016
59310	0.37945136
59311	0.37491536
59312	0.37034544
59313	0.36578014
59314	0.36126265
59315	0.35684010
59316	0.35256234
59317	0.34848031
59318	0.34464395
59319	0.34110069
59320	0.33789366
59321	0.33506012
59322	0.33263066
59323	0.33062789
59324	0.32906589
59325	0.32794949
59326	0.32727385
59327	0.32702416
59328	0.32717502
59329	0.32769048
59330	0.32852378
59331	0.32961753
59332	0.33090389
59333	0.33230525
59334	0.33373544
59335	0.33510101
59336	0.33630362
59337	0.33724228
59338	0.33781645
59339	0.33792940
59340	0.33749142
59341	0.33642310
59342	0.33465821
59343	0.33214611
59344	0.32885349
59345	0.32476577
59346	0.31988701
59347	0.31423965
59348	0.30786413
59349	0.30081710
59350	0.29317075
59351	0.28501078
59352	0.27643579
59353	0.26755625
59354	0.25849453
59355	0.24938484
59356	0.24037443
59357	0.23162515
59358	0.22331570
59359	0.21564493
59360	0.20883396
59361	0.20313045
59362	0.19881132
59363	0.19618635
59364	0.19559899
59365	0.19742869
59366	0.20209056
59367	0.21003401
59368	0.22174281
59369	0.23773172
59370	0.25854763
59371	0.28477257
59372	0.31703299
59373	0.35601968
59374	0.40252218
59375	0.45748720
59376	0.52211386
59377	0.59800667
59378	0.68741721
59379	0.79365236
59380	0.92176932
59381	1.07986271
59382	1.28159344
59383	1.55170286
59384	1.93962646
59385	2.55973959
59386	3.74822116
59387	NaN
59388	NaN
59389	NaN
59390	NaN
59391	NaN
59392	NaN
59393	NaN
59394	NaN
59395	NaN
59396	NaN
59397	NaN
59398	NaN
59399	NaN
59400	NaN
59401	NaN
59402	NaN
59403	NaN
59404	NaN
59405	NaN
59406	NaN
59407	NaN
59408	NaN
59409	NaN
59410	NaN
59411	NaN
59412	NaN
59413	NaN
59414	NaN
59415	NaN
59416	NaN
59417	NaN
59418	NaN
59419	NaN
59420	NaN
59421	NaN
59422	NaN
59423	NaN
59424	NaN
59425	NaN
59426	NaN
59427	NaN
59428	NaN
59429	NaN
59430	NaN
59431	NaN
59432	NaN
59433	NaN
59434	NaN
59435	NaN
59436	NaN
59437	NaN
59438	NaN
59439	NaN
59440	NaN
59441	NaN
59442	NaN
59443	NaN
59444	NaN
59445	NaN
59446	NaN
59447	NaN
59448	NaN
59449	NaN
59450	NaN
59451	NaN
59452	NaN
59453	NaN
59454	NaN
59455	NaN
59456	NaN
59457	NaN
59458	NaN
59459	NaN
59460	NaN
59461	NaN
59462	NaN
59463	NaN
59464	1.62175286
59465	1.19321239
59466	1.02930355
59467	0.94370514
59468	0.89180130
59469	0.85747743
59470	0.83348727
59471	0.81608456
59472	0.80313355
59473	0.79332471
59474	0.78580922
59475	0.78001159
59476	0.77552783
59477	0.77206594
59478	0.76941055
59479	0.76739937
59480	0.76590890
59481	0.76484352
59482	0.76412857
59483	0.76370525
59484	0.76352626
59485	0.76355243
59486	0.76375085
59487	0.76409209
59488	0.76454902
59489	0.76509458
59490	0.76570123
59491	0.76633942
59492	0.76697689
59493	0.76757789
59494	0.76810277
59495	0.76850748
59496	0.76874393
59497	0.76875985
59498	0.76849997
59499	0.76790684
59500	0.76692265
59501	0.76549131
59502	0.76356101
59503	0.76108706
59504	0.75803560
59505	0.75438648
59506	0.75013703
59507	0.74530452
59508	0.73992860
59509	0.73407191
59510	0.72781980
59511	0.72127855
59512	0.71457171
59513	0.70783579
59514	0.70121408
59515	0.69485080
59516	0.68888462
59517	0.68344271
59518	0.67863554
59519	0.67455322
59520	0.67126197
59521	0.66880286
59522	0.66719115
59523	0.66641653
59524	0.66644388
59525	0.66721559
59526	0.66865271
59527	0.67065763
59528	0.67311692
59529	0.67590362
59530	0.67888033
59531	0.68190312
59532	0.68482453
59533	0.68749797
59534	0.68978220
59535	0.69154567
59536	0.69267148
59537	0.69306159
59538	0.69264132
59539	0.69136262
59540	0.68920583
59541	0.68618089
59542	0.68232608
59543	0.67770594
59544	0.67240685
59545	0.66653234
59546	0.66019732
59547	0.65352201
59548	0.64662695
59549	0.63962728
59550	0.63262963
59551	0.62572908
59552	0.61900735
59553	0.61253232
59554	0.60635799
59555	0.60052568
59556	0.59506476
59557	0.58999449
59558	0.58532554
59559	0.58106118
59560	0.57719916
59561	0.57373255
59562	0.57065046
59563	0.56793922
59564	0.56558222
59565	0.56356055
59566	0.56185251
59567	0.56043404
59568	0.55927861
59569	0.55835682
59570	0.55763680
59571	0.55708408
59572	0.55666173
59573	0.55633086
59574	0.55605090
59575	0.55577970
59576	0.55547446
59577	0.55509192
59578	0.55458897
59579	0.55392319
59580	0.55305356
59581	0.55194086
59582	0.55054867
59583	0.54884410
59584	0.54679853
59585	0.54438859
59586	0.54159755
59587	0.53841561
59588	0.53484136
59589	0.53088272
59590	0.52655721
59591	0.52189255
59592	0.51692653
59593	0.51170629
59594	0.50628704
59595	0.50073034
59596	0.49510199
59597	0.48946968
59598	0.48390070
59599	0.47845960
59600	0.47320610
59601	0.46819311
59602	0.46346548
59603	0.45905861
59604	0.45499769
59605	0.45129761
59606	0.44796255
59607	0.44498679
59608	0.44235516
59609	0.44004408
59610	0.43802258
59611	0.43625364
59612	0.43469533
59613	0.43330228
59614	0.43202651
59615	0.43081915
59616	0.42963085
59617	0.42841342
59618	0.42712009
59619	0.42570674
59620	0.42413265
59621	0.42236084
59622	0.42035940
59623	0.41810137
59624	0.41556591
59625	0.41273862
59626	0.40961203
59627	0.40618560
59628	0.40246636
59629	0.39846852
59630	0.39421371
59631	0.38973027
59632	0.38505301
59633	0.38022238
59634	0.37528360
59635	0.37028563
59636	0.36527979
59637	0.36031881
59638	0.35545525
59639	0.35074019
59640	0.34622252
59641	0.34194756
59642	0.33795655
59643	0.33428609
59644	0.33096787
59645	0.32802862
59646	0.32548982
59647	0.32336804
59648	0.32167494
59649	0.32041675
59650	0.31959429
59651	0.31920272
59652	0.31923026
59653	0.31965810
59654	0.32045913
59655	0.32159710
59656	0.32302600
59657	0.32468909
59658	0.32651904
59659	0.32843766
59660	0.33035707
59661	0.33218116
59662	0.33380798
59663	0.33513334
59664	0.33605489
59665	0.33647624
59666	0.33631244
59667	0.33549359
59668	0.33396930
59669	0.33171025
59670	0.32870996
59671	0.32498369
59672	0.32056710
59673	0.31551304
59674	0.30988842
59675	0.30377057
59676	0.29724419
59677	0.29039934
59678	0.28332964
59679	0.27613285
59680	0.26891136
59681	0.26177552
59682	0.25484636
59683	0.24826066
59684	0.24217677
59685	0.23678002
59686	0.23229109
59687	0.22897181
59688	0.22713347
59689	0.22714233
59690	0.22942500
59691	0.23446998
59692	0.24282536
59693	0.25509098
59694	0.27190426
59695	0.29392201
59696	0.32179430
59697	0.35614231
59698	0.39754215
59699	0.44652608
59700	0.50361186
59701	0.56937456
59702	0.64457643
59703	0.73038012
59704	0.82868052
59705	0.94265479
59706	1.07770813
59707	1.24327219
59708	1.45664203
59709	1.75220704
59710	2.20802188
59711	3.04496312
59712	NaN
59713	NaN
59714	NaN
59715	NaN
59716	NaN
59717	NaN
59718	NaN
59719	NaN
59720	NaN
59721	NaN
59722	NaN
59723	NaN
59724	NaN
59725	NaN
59726	NaN
59727	NaN
59728	NaN
59729	NaN
59730	NaN
59731	NaN
59732	NaN
59733	NaN
59734	NaN
59735	NaN
59736	NaN
59737	NaN
59738	NaN
59739	NaN
59740	NaN
59741	NaN
59742	NaN
59743	NaN
59744	NaN
59745	NaN
59746	NaN
59747	NaN
59748	NaN
59749	NaN
59750	NaN
59751	NaN
59752	NaN
59753	NaN
59754	NaN
59755	NaN
59756	NaN
59757	NaN
59758	NaN
59759	NaN
59760	NaN
59761	NaN
59762	NaN
59763	NaN
59764	NaN
59765	NaN
59766	NaN
59767	NaN
59768	NaN
59769	NaN
59770	NaN
59771	NaN
59772	NaN
59773	NaN
59774	NaN
59775	NaN
59776	NaN
59777	NaN
59778	NaN
59779	NaN
59780	NaN
59781	NaN
59782	NaN
59783	NaN
59784	NaN
59785	NaN
59786	NaN
59787	NaN
59788	NaN
59789	NaN
59790	NaN
59791	NaN
59792	NaN
59793	NaN
59794	NaN
59795	NaN
59796	NaN
59797	1.64194608
59798	1.16827106
59799	0.99430448
59800	0.90830249
59801	0.85978442
59802	0.83054799
59803	0.81241339
59804	0.80115491
59805	0.79436618
59806	0.79057586
59807	0.78883457
59808	0.78850418
59809	0.78914261
59810	0.79043573
59811	0.79215753
59812	0.79414344
59813	0.79627305
59814	0.79845822
59815	0.80063468
59816	0.80275577
59817	0.80478770
59818	0.80670589
59819	0.80849177
59820	0.81013107
59821	0.81161094
59822	0.81291878
59823	0.81404048
59824	0.81495929
59825	0.81565392
59826	0.81609815
59827	0.81625962
59828	0.81609982
59829	0.81557417
59830	0.81463301
59831	0.81322336
59832	0.81129080
59833	0.80878222
59834	0.80564922
59835	0.80185151
59836	0.79736078
59837	0.79216379
59838	0.78626645
59839	0.77969563
59840	0.77250135
59841	0.76475710
59842	0.75655895
59843	0.74802351
59844	0.73928428
59845	0.73048657
59846	0.72178251
59847	0.71332490
59848	0.70526129
59849	0.69772863
59850	0.69084835
59851	0.68472248
59852	0.67943126
59853	0.67503083
59854	0.67155266
59855	0.66900355
59856	0.66736603
59857	0.66659993
59858	0.66664350
59859	0.66741574
59860	0.66881847
59861	0.67073870
59862	0.67305154
59863	0.67562336
59864	0.67831486
59865	0.68098509
59866	0.68349516
59867	0.68571234
59868	0.68751419
59869	0.68879247
59870	0.68945670
59871	0.68943697
59872	0.68868619
59873	0.68718123
59874	0.68492293
59875	0.68193513
59876	0.67826253
59877	0.67396784
59878	0.66912824
59879	0.66383117
59880	0.65817046
59881	0.65224212
59882	0.64614093
59883	0.63995749
59884	0.63377565
59885	0.62767071
59886	0.62170851
59887	0.61594486
59888	0.61042559
59889	0.60518682
59890	0.60025591
59891	0.59565204
59892	0.59138739
59893	0.58746773
59894	0.58389342
59895	0.58065987
59896	0.57775801
59897	0.57517463
59898	0.57289273
59899	0.57089120
59900	0.56914520
59901	0.56762660
59902	0.56630385
59903	0.56514245
59904	0.56410551
59905	0.56315446
59906	0.56224948
59907	0.56135052
59908	0.56041789
59909	0.55941319
59910	0.55829984
59911	0.55704403
59912	0.55561495
59913	0.55398554
59914	0.55213296
59915	0.55003864
59916	0.54768890
59917	0.54507506
59918	0.54219371
59919	0.53904688
59920	0.53564227
59921	0.53199363
59922	0.52812022
59923	0.52404743
59924	0.51980591
59925	0.51543158
59926	0.51096463
59927	0.50644875
59928	0.50192988
59929	0.49745524
59930	0.49307147
59931	0.48882338
59932	0.48475248
59933	0.48089561
59934	0.47728369
59935	0.47394076
59936	0.47088355
59937	0.46812060
59938	0.46565259
59939	0.46347207
59940	0.46156448
59941	0.45990789
59942	0.45847464
59943	0.45723146
59944	0.45614111
59945	0.45516288
59946	0.45425403
59947	0.45337060
59948	0.45246869
59949	0.45150521
59950	0.45043901
59951	0.44923145
59952	0.44784725
59953	0.44625503
59954	0.44442782
59955	0.44234315
59956	0.43998340
59957	0.43733585
59958	0.43439275
59959	0.43115115
59960	0.42761314
59961	0.42378563
59962	0.41968068
59963	0.41531533
59964	0.41071165
59965	0.40589678
59966	0.40090269
59967	0.39576563
59968	0.39052582
59969	0.38522643
59970	0.37991285
59971	0.37463158
59972	0.36942947
59973	0.36435243
59974	0.35944512
59975	0.35474992
59976	0.35030660
59977	0.34615240
59978	0.34232166
59979	0.33884621
59980	0.33575532
59981	0.33307648
59982	0.33083528
59983	0.32905588
59984	0.32776147
59985	0.32697430
59986	0.32671586
59987	0.32700711
59988	0.32786855
59989	0.32932025
59990	0.33138219
59991	0.33407429
59992	0.33741647
59993	0.34142911
59994	0.34613311
59995	0.35155052
59996	0.35770425
59997	0.36461872
59998	0.37231964
59999	0.38083351
60000	0.39018738