	C:\Users\jkuzm\OneDrive - University of Massachusetts\HRSL x UMILL-PUMA Fatigue - Fatigue\Data\F01\FR3_Metabolic1.c3d
	FP1
	COFP
	ORIGINAL
ITEM	X
1	0.32822785
2	0.32993856
3	0.33168921
4	0.33347657
5	0.33529621
6	0.33714253
7	0.33900824
8	0.34088442
9	0.34275994
10	0.34462172
11	0.34645441
12	0.34824049
13	0.34996039
14	0.35159275
15	0.35311490
16	0.35450318
17	0.35573411
18	0.35678485
19	0.35763460
20	0.35826555
21	0.35866404
22	0.35882157
23	0.35873580
24	0.35841098
25	0.35785851
26	0.35709688
27	0.35615131
28	0.35505319
29	0.35383931
30	0.35255080
31	0.35123217
32	0.34993008
33	0.34869233
34	0.34756696
35	0.34660134
36	0.34584156
37	0.34533170
38	0.34511366
39	0.34522638
40	0.34570557
41	0.34658316
42	0.34788677
43	0.34963864
44	0.35185507
45	0.35454461
46	0.35770747
47	0.36133322
48	0.36540005
49	0.36987329
50	0.37470451
51	0.37983164
52	0.38517946
53	0.39066160
54	0.39618349
55	0.40164614
56	0.40695104
57	0.41200557
58	0.41672772
59	0.42105132
60	0.42492956
61	0.42833748
62	0.43127328
63	0.43375826
64	0.43583629
65	0.43757233
66	0.43905187
67	0.44038051
68	0.44168565
69	0.44312039
70	0.44487065
71	0.44716734
72	0.45030656
73	0.45468166
74	0.46083769
75	0.46955979
76	0.48203859
77	0.50017887
78	0.52724630
79	0.56934851
80	0.63939565
81	0.77018970
82	1.07668161
83	2.44266486
84	NaN
85	NaN
86	NaN
87	NaN
88	NaN
89	NaN
90	NaN
91	NaN
92	NaN
93	NaN
94	NaN
95	NaN
96	NaN
97	NaN
98	NaN
99	NaN
100	NaN
101	NaN
102	NaN
103	NaN
104	NaN
105	NaN
106	NaN
107	NaN
108	NaN
109	NaN
110	NaN
111	NaN
112	NaN
113	NaN
114	NaN
115	NaN
116	NaN
117	NaN
118	NaN
119	NaN
120	NaN
121	NaN
122	NaN
123	NaN
124	NaN
125	NaN
126	NaN
127	NaN
128	NaN
129	NaN
130	NaN
131	NaN
132	NaN
133	NaN
134	NaN
135	NaN
136	NaN
137	NaN
138	NaN
139	NaN
140	NaN
141	NaN
142	NaN
143	NaN
144	NaN
145	NaN
146	NaN
147	NaN
148	NaN
149	NaN
150	NaN
151	NaN
152	NaN
153	NaN
154	NaN
155	NaN
156	NaN
157	NaN
158	NaN
159	NaN
160	NaN
161	NaN
162	NaN
163	NaN
164	NaN
165	NaN
166	NaN
167	NaN
168	NaN
169	NaN
170	NaN
171	NaN
172	NaN
173	NaN
174	NaN
175	NaN
176	NaN
177	NaN
178	NaN
179	NaN
180	NaN
181	NaN
182	0.85600591
183	0.52050382
184	0.41913766
185	0.37009859
186	0.34120068
187	0.32221460
188	0.30886585
189	0.29904661
190	0.29159412
191	0.28581148
192	0.28125438
193	0.27762434
194	0.27471295
195	0.27236968
196	0.27048266
197	0.26896691
198	0.26775670
199	0.26680017
200	0.26605606
201	0.26549104
202	0.26507783
203	0.26479384
204	0.26462004
205	0.26454014
206	0.26453990
207	0.26460660
208	0.26472855
209	0.26489484
210	0.26509517
211	0.26531953
212	0.26555830
213	0.26580217
214	0.26604235
215	0.26627037
216	0.26647851
217	0.26665965
218	0.26680753
219	0.26691675
220	0.26698285
221	0.26700255
222	0.26697353
223	0.26689476
224	0.26676658
225	0.26659065
226	0.26637024
227	0.26611009
228	0.26581654
229	0.26549754
230	0.26516229
231	0.26482126
232	0.26448557
233	0.26416674
234	0.26387629
235	0.26362491
236	0.26342264
237	0.26327792
238	0.26319751
239	0.26318640
240	0.26324734
241	0.26338091
242	0.26358536
243	0.26385665
244	0.26418835
245	0.26457182
246	0.26499629
247	0.26544911
248	0.26591599
249	0.26638144
250	0.26682922
251	0.26724315
252	0.26760730
253	0.26790720
254	0.26813003
255	0.26826563
256	0.26830676
257	0.26824960
258	0.26809391
259	0.26784304
260	0.26750371
261	0.26708570
262	0.26660123
263	0.26606429
264	0.26548997
265	0.26489380
266	0.26429105
267	0.26369601
268	0.26312184
269	0.26257998
270	0.26208010
271	0.26163000
272	0.26123556
273	0.26090088
274	0.26062846
275	0.26041916
276	0.26027262
277	0.26018727
278	0.26016042
279	0.26018861
280	0.26026759
281	0.26039246
282	0.26055777
283	0.26075768
284	0.26098609
285	0.26123658
286	0.26150274
287	0.26177824
288	0.26205683
289	0.26233259
290	0.26260018
291	0.26285461
292	0.26309165
293	0.26330760
294	0.26349965
295	0.26366553
296	0.26380369
297	0.26391324
298	0.26399377
299	0.26404539
300	0.26406860
301	0.26406437
302	0.26403382
303	0.26397848
304	0.26390001
305	0.26380050
306	0.26368219
307	0.26354742
308	0.26339895
309	0.26323962
310	0.26307246
311	0.26290071
312	0.26272753
313	0.26255625
314	0.26239020
315	0.26223242
316	0.26208591
317	0.26195335
318	0.26183718
319	0.26173961
320	0.26166242
321	0.26160726
322	0.26157555
323	0.26156846
324	0.26158702
325	0.26163223
326	0.26170495
327	0.26180589
328	0.26193568
329	0.26209483
330	0.26228356
331	0.26250187
332	0.26274943
333	0.26302549
334	0.26332873
335	0.26365745
336	0.26400903
337	0.26438031
338	0.26476732
339	0.26516533
340	0.26556876
341	0.26597136
342	0.26636618
343	0.26674584
344	0.26710260
345	0.26742867
346	0.26771635
347	0.26795852
348	0.26814878
349	0.26828188
350	0.26835385
351	0.26836240
352	0.26830694
353	0.26818883
354	0.26801136
355	0.26777962
356	0.26750037
357	0.26718196
358	0.26683399
359	0.26646706
360	0.26609260
361	0.26572248
362	0.26536900
363	0.26504448
364	0.26476124
365	0.26453120
366	0.26436582
367	0.26427588
368	0.26427099
369	0.26435962
370	0.26454854
371	0.26484263
372	0.26524448
373	0.26575410
374	0.26636863
375	0.26708201
376	0.26788503
377	0.26876518
378	0.26970690
379	0.27069202
380	0.27170011
381	0.27270967
382	0.27369863
383	0.27464598
384	0.27553239
385	0.27634171
386	0.27706161
387	0.27768448
388	0.27820769
389	0.27863404
390	0.27897120
391	0.27923191
392	0.27943280
393	0.27959475
394	0.27974138
395	0.27989933
396	0.28009745
397	0.28036711
398	0.28074202
399	0.28125852
400	0.28195599
401	0.28287828
402	0.28407425
403	0.28560057
404	0.28752321
405	0.28992119
406	0.29289129
407	0.29655355
408	0.30106112
409	0.30661145
410	0.31346557
411	0.32197583
412	0.33263090
413	0.34613183
414	0.36352459
415	0.38645047
416	0.41765746
417	0.46214566
418	0.53011584
419	0.64616883
420	0.88868326
421	1.71386075
422	NaN
423	NaN
424	NaN
425	NaN
426	NaN
427	NaN
428	NaN
429	NaN
430	NaN
431	NaN
432	NaN
433	NaN
434	NaN
435	NaN
436	NaN
437	NaN
438	NaN
439	NaN
440	NaN
441	NaN
442	NaN
443	NaN
444	NaN
445	NaN
446	NaN
447	NaN
448	NaN
449	NaN
450	NaN
451	NaN
452	NaN
453	NaN
454	NaN
455	NaN
456	NaN
457	NaN
458	NaN
459	NaN
460	NaN
461	NaN
462	NaN
463	NaN
464	NaN
465	NaN
466	NaN
467	NaN
468	NaN
469	NaN
470	NaN
471	NaN
472	NaN
473	NaN
474	NaN
475	NaN
476	NaN
477	NaN
478	NaN
479	NaN
480	NaN
481	NaN
482	NaN
483	NaN
484	NaN
485	NaN
486	NaN
487	NaN
488	NaN
489	NaN
490	NaN
491	NaN
492	NaN
493	NaN
494	NaN
495	NaN
496	NaN
497	NaN
498	NaN
499	NaN
500	NaN
501	0.80030781
502	0.53747904
503	0.45378420
504	0.41286573
505	0.38871008
506	0.37282166
507	0.36160642
508	0.35328528
509	0.34687853
510	0.34180319
511	0.33769110
512	0.33429867
513	0.33145845
514	0.32905146
515	0.32699114
516	0.32521290
517	0.32366765
518	0.32231751
519	0.32113299
520	0.32009089
521	0.31917310
522	0.31836528
523	0.31765649
524	0.31703839
525	0.31650478
526	0.31605130
527	0.31567502
528	0.31537390
529	0.31514660
530	0.31499195
531	0.31490865
532	0.31489480
533	0.31494752
534	0.31506261
535	0.31523439
536	0.31545538
537	0.31571630
538	0.31600630
539	0.31631312
540	0.31662360
541	0.31692433
542	0.31720227
543	0.31744573
544	0.31764507
545	0.31779334
546	0.31788704
547	0.31792608
548	0.31791422
549	0.31785849
550	0.31776881
551	0.31765729
552	0.31753734
553	0.31742287
554	0.31732732
555	0.31726295
556	0.31724027
557	0.31726748
558	0.31735015
559	0.31749099
560	0.31769010
561	0.31794468
562	0.31824946
563	0.31859696
564	0.31897795
565	0.31938171
566	0.31979665
567	0.32021070
568	0.32061186
569	0.32098851
570	0.32132995
571	0.32162669
572	0.32187074
573	0.32205588
574	0.32217774
575	0.32223415
576	0.32222506
577	0.32215241
578	0.32202041
579	0.32183501
580	0.32160407
581	0.32133675
582	0.32104340
583	0.32073507
584	0.32042319
585	0.32011902
586	0.31983337
587	0.31957608
588	0.31935588
589	0.31917998
590	0.31905398
591	0.31898177
592	0.31896549
593	0.31900573
594	0.31910157
595	0.31925073
596	0.31945002
597	0.31969541
598	0.31998229
599	0.32030579
600	0.32066095
601	0.32104281
602	0.32144678
603	0.32186845
604	0.32230386
605	0.32274941
606	0.32320198
607	0.32365891
608	0.32411799
609	0.32457733
610	0.32503560
611	0.32549185
612	0.32594544
613	0.32639602
614	0.32684347
615	0.32728773
616	0.32772860
617	0.32816568
618	0.32859814
619	0.32902473
620	0.32944345
621	0.32985169
622	0.33024618
623	0.33062303
624	0.33097783
625	0.33130583
626	0.33160204
627	0.33186162
628	0.33208004
629	0.33225328
630	0.33237827
631	0.33245292
632	0.33247656
633	0.33244994
634	0.33237562
635	0.33225784
636	0.33210266
637	0.33191797
638	0.33171326
639	0.33149943
640	0.33128855
641	0.33109340
642	0.33092719
643	0.33080307
644	0.33073378
645	0.33073112
646	0.33080575
647	0.33096665
648	0.33122104
649	0.33157408
650	0.33202866
651	0.33258525
652	0.33324200
653	0.33399448
654	0.33483586
655	0.33575699
656	0.33674639
657	0.33779043
658	0.33887365
659	0.33997875
660	0.34108719
661	0.34217930
662	0.34323478
663	0.34423336
664	0.34515515
665	0.34598145
666	0.34669527
667	0.34728223
668	0.34773108
669	0.34803429
670	0.34818867
671	0.34819552
672	0.34806091
673	0.34779564
674	0.34741485
675	0.34693769
676	0.34638664
677	0.34578702
678	0.34516594
679	0.34455168
680	0.34397295
681	0.34345818
682	0.34303465
683	0.34272838
684	0.34256324
685	0.34256071
686	0.34273958
687	0.34311545
688	0.34370068
689	0.34450385
690	0.34552953
691	0.34677795
692	0.34824467
693	0.34992030
694	0.35179025
695	0.35383454
696	0.35602808
697	0.35834065
698	0.36073801
699	0.36318222
700	0.36563349
701	0.36805120
702	0.37039614
703	0.37263209
704	0.37472790
705	0.37665883
706	0.37840843
707	0.37996897
708	0.38134250
709	0.38254058
710	0.38358420
711	0.38450310
712	0.38533551
713	0.38612688
714	0.38692993
715	0.38780424
716	0.38881624
717	0.39004028
718	0.39155900
719	0.39346501
720	0.39586356
721	0.39887503
722	0.40263909
723	0.40732020
724	0.41311389
725	0.42025626
726	0.42903614
727	0.43981248
728	0.45303828
729	0.46929640
730	0.48935369
731	0.51424879
732	0.54543799
733	0.58504605
734	0.63634360
735	0.70468050
736	0.79954129
737	0.93956834
738	1.16727424
739	1.60517848
740	2.81082582
741	NaN
742	NaN
743	NaN
744	NaN
745	NaN
746	NaN
747	NaN
748	NaN
749	NaN
750	NaN
751	NaN
752	NaN
753	NaN
754	NaN
755	NaN
756	NaN
757	NaN
758	NaN
759	NaN
760	NaN
761	NaN
762	NaN
763	NaN
764	NaN
765	NaN
766	NaN
767	NaN
768	NaN
769	NaN
770	NaN
771	NaN
772	NaN
773	NaN
774	NaN
775	NaN
776	NaN
777	NaN
778	NaN
779	NaN
780	NaN
781	NaN
782	NaN
783	NaN
784	NaN
785	NaN
786	NaN
787	NaN
788	NaN
789	NaN
790	NaN
791	NaN
792	NaN
793	NaN
794	NaN
795	NaN
796	NaN
797	NaN
798	NaN
799	NaN
800	NaN
801	NaN
802	NaN
803	NaN
804	NaN
805	NaN
806	NaN
807	NaN
808	NaN
809	NaN
810	NaN
811	NaN
812	NaN
813	NaN
814	NaN
815	NaN
816	NaN
817	NaN
818	NaN
819	NaN
820	NaN
821	NaN
822	NaN
823	NaN
824	NaN
825	NaN
826	NaN
827	0.69013035
828	0.43966189
829	0.36764610
830	0.33350924
831	0.31365493
832	0.30073708
833	0.29172289
834	0.28513002
835	0.28014672
836	0.27628979
837	0.27325308
838	0.27083266
839	0.26888722
840	0.26731557
841	0.26604331
842	0.26501447
843	0.26418626
844	0.26352525
845	0.26300502
846	0.26260442
847	0.26230606
848	0.26209563
849	0.26196089
850	0.26189131
851	0.26187736
852	0.26191026
853	0.26198167
854	0.26208344
855	0.26220760
856	0.26234594
857	0.26249036
858	0.26263270
859	0.26276478
860	0.26287869
861	0.26296675
862	0.26302180
863	0.26303723
864	0.26300728
865	0.26292726
866	0.26279363
867	0.26260427
868	0.26235875
869	0.26205865
870	0.26170751
871	0.26131129
872	0.26087815
873	0.26041859
874	0.25994521
875	0.25947234
876	0.25901556
877	0.25859109
878	0.25821507
879	0.25790301
880	0.25766897
881	0.25752521
882	0.25748160
883	0.25754553
884	0.25772163
885	0.25801182
886	0.25841516
887	0.25892788
888	0.25954351
889	0.26025274
890	0.26104361
891	0.26190120
892	0.26280811
893	0.26374421
894	0.26468733
895	0.26561335
896	0.26649711
897	0.26731291
898	0.26803586
899	0.26864266
900	0.26911274
901	0.26942950
902	0.26958105
903	0.26956102
904	0.26936910
905	0.26901072
906	0.26849708
907	0.26784441
908	0.26707309
909	0.26620650
910	0.26526996
911	0.26428953
912	0.26329088
913	0.26229861
914	0.26133540
915	0.26042148
916	0.25957444
917	0.25880894
918	0.25813681
919	0.25756714
920	0.25710624
921	0.25675818
922	0.25652459
923	0.25640503
924	0.25639704
925	0.25649652
926	0.25669736
927	0.25699186
928	0.25737080
929	0.25782341
930	0.25833771
931	0.25890070
932	0.25949857
933	0.26011705
934	0.26074201
935	0.26135948
936	0.26195636
937	0.26252052
938	0.26304132
939	0.26350954
940	0.26391786
941	0.26426065
942	0.26453406
943	0.26473588
944	0.26486552
945	0.26492366
946	0.26491234
947	0.26483449
948	0.26469409
949	0.26449591
950	0.26424530
951	0.26394841
952	0.26361185
953	0.26324281
954	0.26284888
955	0.26243800
956	0.26201841
957	0.26159832
958	0.26118597
959	0.26078930
960	0.26041588
961	0.26007262
962	0.25976568
963	0.25950053
964	0.25928143
965	0.25911188
966	0.25899419
967	0.25892982
968	0.25891918
969	0.25896183
970	0.25905651
971	0.25920126
972	0.25939342
973	0.25962999
974	0.25990728
975	0.26022142
976	0.26056814
977	0.26094297
978	0.26134124
979	0.26175791
980	0.26218778
981	0.26262534
982	0.26306462
983	0.26349938
984	0.26392293
985	0.26432809
986	0.26470745
987	0.26505321
988	0.26535764
989	0.26561299
990	0.26581198
991	0.26594806
992	0.26601562
993	0.26601061
994	0.26593050
995	0.26577491
996	0.26554555
997	0.26524648
998	0.26488402
999	0.26446673
1000	0.26400495
1001	0.26351076
1002	0.26299742
1003	0.26247910
1004	0.26197022
1005	0.26148540
1006	0.26103902
1007	0.26064497
1008	0.26031640
1009	0.26006562
1010	0.25990388
1011	0.25984141
1012	0.25988707
1013	0.26004833
1014	0.26033112
1015	0.26073939
1016	0.26127502
1017	0.26193747
1018	0.26272345
1019	0.26362634
1020	0.26463613
1021	0.26573890
1022	0.26691681
1023	0.26814786
1024	0.26940620
1025	0.27066272
1026	0.27188569
1027	0.27304223
1028	0.27409956
1029	0.27502698
1030	0.27579769
1031	0.27639055
1032	0.27679181
1033	0.27699596
1034	0.27700639
1035	0.27683550
1036	0.27650395
1037	0.27604017
1038	0.27547845
1039	0.27485877
1040	0.27422494
1041	0.27362448
1042	0.27310804
1043	0.27272990
1044	0.27254829
1045	0.27262723
1046	0.27303848
1047	0.27386504
1048	0.27520412
1049	0.27717403
1050	0.27992046
1051	0.28362784
1052	0.28853235
1053	0.29494199
1054	0.30326378
1055	0.31404492
1056	0.32803342
1057	0.34627536
1058	0.37027362
1059	0.40226975
1060	0.44577017
1061	0.50664103
1062	0.59561217
1063	0.73495692
1064	0.98046625
1065	1.52453840
1066	3.78448772
1067	NaN
1068	NaN
1069	NaN
1070	NaN
1071	NaN
1072	NaN
1073	NaN
1074	NaN
1075	NaN
1076	NaN
1077	NaN
1078	NaN
1079	NaN
1080	NaN
1081	NaN
1082	NaN
1083	NaN
1084	NaN
1085	NaN
1086	NaN
1087	NaN
1088	NaN
1089	NaN
1090	NaN
1091	NaN
1092	NaN
1093	NaN
1094	NaN
1095	NaN
1096	NaN
1097	NaN
1098	NaN
1099	NaN
1100	NaN
1101	NaN
1102	NaN
1103	NaN
1104	NaN
1105	NaN
1106	NaN
1107	NaN
1108	NaN
1109	NaN
1110	NaN
1111	NaN
1112	NaN
1113	NaN
1114	NaN
1115	NaN
1116	NaN
1117	NaN
1118	NaN
1119	NaN
1120	NaN
1121	NaN
1122	NaN
1123	NaN
1124	NaN
1125	NaN
1126	NaN
1127	NaN
1128	NaN
1129	NaN
1130	NaN
1131	NaN
1132	NaN
1133	NaN
1134	NaN
1135	NaN
1136	NaN
1137	NaN
1138	NaN
1139	NaN
1140	NaN
1141	NaN
1142	NaN
1143	NaN
1144	NaN
1145	NaN
1146	NaN
1147	NaN
1148	NaN
1149	NaN
1150	NaN
1151	NaN
1152	NaN
1153	NaN
1154	NaN
1155	NaN
1156	NaN
1157	NaN
1158	NaN
1159	1.74010754
1160	0.68638289
1161	0.52244318
1162	0.45594802
1163	0.42000788
1164	0.39756665
1165	0.38227707
1166	0.37123573
1167	0.36292496
1168	0.35647401
1169	0.35134685
1170	0.34719551
1171	0.34378392
1172	0.34094661
1173	0.33856404
1174	0.33654815
1175	0.33483276
1176	0.33336771
1177	0.33211455
1178	0.33104384
1179	0.33013329
1180	0.32936600
1181	0.32872957
1182	0.32821530
1183	0.32781741
1184	0.32753241
1185	0.32735857
1186	0.32729536
1187	0.32734278
1188	0.32750097
1189	0.32776943
1190	0.32814652
1191	0.32862875
1192	0.32921016
1193	0.32988197
1194	0.33063188
1195	0.33144400
1196	0.33229873
1197	0.33317283
1198	0.33404019
1199	0.33487248
1200	0.33564034
1201	0.33631486
1202	0.33686921
1203	0.33728042
1204	0.33753088
1205	0.33760989
1206	0.33751446
1207	0.33724985
1208	0.33682936
1209	0.33627364
1210	0.33560941
1211	0.33486784
1212	0.33408296
1213	0.33328959
1214	0.33252200
1215	0.33181220
1216	0.33118883
1217	0.33067623
1218	0.33029401
1219	0.33005649
1220	0.32997262
1221	0.33004606
1222	0.33027530
1223	0.33065382
1224	0.33117059
1225	0.33181024
1226	0.33255365
1227	0.33337837
1228	0.33425936
1229	0.33516949
1230	0.33608058
1231	0.33696428
1232	0.33779296
1233	0.33854097
1234	0.33918560
1235	0.33970800
1236	0.34009406
1237	0.34033486
1238	0.34042713
1239	0.34037301
1240	0.34017998
1241	0.33986005
1242	0.33942926
1243	0.33890644
1244	0.33831248
1245	0.33766916
1246	0.33699855
1247	0.33632174
1248	0.33565858
1249	0.33502701
1250	0.33444270
1251	0.33391887
1252	0.33346617
1253	0.33309272
1254	0.33280417
1255	0.33260384
1256	0.33249295
1257	0.33247074
1258	0.33253476
1259	0.33268097
1260	0.33290401
1261	0.33319739
1262	0.33355373
1263	0.33396500
1264	0.33442274
1265	0.33491841
1266	0.33544356
1267	0.33599010
1268	0.33655068
1269	0.33711869
1270	0.33768848
1271	0.33825547
1272	0.33881629
1273	0.33936843
1274	0.33991033
1275	0.34044111
1276	0.34096023
1277	0.34146738
1278	0.34196201
1279	0.34244299
1280	0.34290865
1281	0.34335628
1282	0.34378222
1283	0.34418166
1284	0.34454879
1285	0.34487692
1286	0.34515870
1287	0.34538630
1288	0.34555191
1289	0.34564802
1290	0.34566787
1291	0.34560594
1292	0.34545845
1293	0.34522370
1294	0.34490255
1295	0.34449878
1296	0.34401932
1297	0.34347430
1298	0.34287700
1299	0.34224376
1300	0.34159353
1301	0.34094736
1302	0.34032783
1303	0.33975822
1304	0.33926192
1305	0.33886158
1306	0.33857846
1307	0.33843175
1308	0.33843800
1309	0.33861068
1310	0.33895963
1311	0.33949086
1312	0.34020621
1313	0.34110317
1314	0.34217477
1315	0.34340951
1316	0.34479135
1317	0.34629980
1318	0.34791011
1319	0.34959340
1320	0.35131717
1321	0.35304579
1322	0.35474113
1323	0.35636348
1324	0.35787264
1325	0.35922918
1326	0.36039597
1327	0.36133951
1328	0.36203170
1329	0.36245114
1330	0.36258450
1331	0.36242741
1332	0.36198497
1333	0.36127183
1334	0.36031190
1335	0.35913748
1336	0.35778818
1337	0.35630953
1338	0.35475147
1339	0.35316694
1340	0.35161024
1341	0.35013607
1342	0.34879827
1343	0.34764883
1344	0.34673744
1345	0.34611079
1346	0.34581220
1347	0.34588099
1348	0.34635207
1349	0.34725532
1350	0.34861466
1351	0.35044697
1352	0.35276073
1353	0.35555461
1354	0.35881579
1355	0.36251831
1356	0.36662188
1357	0.37107083
1358	0.37579423
1359	0.38070670
1360	0.38571048
1361	0.39069930
1362	0.39556268
1363	0.40019163
1364	0.40448463
1365	0.40835348
1366	0.41172808
1367	0.41456038
1368	0.41682592
1369	0.41852453
1370	0.41967845
1371	0.42033085
1372	0.42054155
1373	0.42038497
1374	0.41994652
1375	0.41932160
1376	0.41861403
1377	0.41793770
1378	0.41741788
1379	0.41719690
1380	0.41743997
1381	0.41834718
1382	0.42016703
1383	0.42322099
1384	0.42793554
1385	0.43489742
1386	0.44493636
1387	0.45926863
1388	0.47974274
1389	0.50930554
1390	0.55293185
1391	0.61970079
1392	0.72808826
1393	0.92235625
1394	1.34194863
1395	2.77835917
1396	NaN
1397	NaN
1398	NaN
1399	NaN
1400	NaN
1401	NaN
1402	NaN
1403	NaN
1404	NaN
1405	NaN
1406	NaN
1407	NaN
1408	NaN
1409	NaN
1410	NaN
1411	NaN
1412	NaN
1413	NaN
1414	NaN
1415	NaN
1416	NaN
1417	NaN
1418	NaN
1419	NaN
1420	NaN
1421	NaN
1422	NaN
1423	NaN
1424	NaN
1425	NaN
1426	NaN
1427	NaN
1428	NaN
1429	NaN
1430	NaN
1431	NaN
1432	NaN
1433	NaN
1434	NaN
1435	NaN
1436	NaN
1437	NaN
1438	NaN
1439	NaN
1440	NaN
1441	NaN
1442	NaN
1443	NaN
1444	NaN
1445	NaN
1446	NaN
1447	NaN
1448	NaN
1449	NaN
1450	NaN
1451	NaN
1452	NaN
1453	NaN
1454	NaN
1455	NaN
1456	NaN
1457	NaN
1458	NaN
1459	NaN
1460	NaN
1461	NaN
1462	NaN
1463	NaN
1464	NaN
1465	NaN
1466	NaN
1467	NaN
1468	NaN
1469	NaN
1470	NaN
1471	NaN
1472	NaN
1473	NaN
1474	NaN
1475	NaN
1476	NaN
1477	NaN
1478	NaN
1479	NaN
1480	NaN
1481	NaN
1482	NaN
1483	NaN
1484	NaN
1485	NaN
1486	NaN
1487	NaN
1488	0.86489046
1489	0.50584930
1490	0.40400058
1491	0.35504603
1492	0.32588965
1493	0.30635512
1494	0.29226711
1495	0.28159139
1496	0.27321556
1497	0.26647812
1498	0.26095966
1499	0.25638074
1500	0.25254732
1501	0.24932024
1502	0.24659687
1503	0.24429980
1504	0.24236947
1505	0.24075918
1506	0.23943168
1507	0.23835675
1508	0.23750933
1509	0.23686816
1510	0.23641454
1511	0.23613161
1512	0.23600355
1513	0.23601504
1514	0.23615077
1515	0.23639536
1516	0.23673297
1517	0.23714766
1518	0.23762329
1519	0.23814392
1520	0.23869389
1521	0.23925830
1522	0.23982304
1523	0.24037512
1524	0.24090271
1525	0.24139528
1526	0.24184369
1527	0.24224010
1528	0.24257821
1529	0.24285311
1530	0.24306136
1531	0.24320118
1532	0.24327235
1533	0.24327657
1534	0.24321720
1535	0.24309957
1536	0.24293081
1537	0.24271983
1538	0.24247704
1539	0.24221408
1540	0.24194348
1541	0.24167819
1542	0.24143106
1543	0.24121451
1544	0.24104001
1545	0.24091767
1546	0.24085586
1547	0.24086103
1548	0.24093737
1549	0.24108650
1550	0.24130754
1551	0.24159689
1552	0.24194816
1553	0.24235240
1554	0.24279822
1555	0.24327205
1556	0.24375854
1557	0.24424121
1558	0.24470292
1559	0.24512672
1560	0.24549656
1561	0.24579798
1562	0.24601890
1563	0.24615020
1564	0.24618605
1565	0.24612421
1566	0.24596596
1567	0.24571609
1568	0.24538217
1569	0.24497433
1570	0.24450436
1571	0.24398528
1572	0.24343063
1573	0.24285388
1574	0.24226807
1575	0.24168555
1576	0.24111763
1577	0.24057449
1578	0.24006529
1579	0.23959789
1580	0.23917900
1581	0.23881418
1582	0.23850790
1583	0.23826334
1584	0.23808257
1585	0.23796645
1586	0.23791459
1587	0.23792550
1588	0.23799640
1589	0.23812345
1590	0.23830184
1591	0.23852594
1592	0.23878950
1593	0.23908572
1594	0.23940770
1595	0.23974833
1596	0.24010073
1597	0.24045816
1598	0.24081430
1599	0.24116309
1600	0.24149899
1601	0.24181680
1602	0.24211177
1603	0.24237947
1604	0.24261586
1605	0.24281736
1606	0.24298066
1607	0.24310303
1608	0.24318223
1609	0.24321653
1610	0.24320489
1611	0.24314702
1612	0.24304342
1613	0.24289542
1614	0.24270536
1615	0.24247639
1616	0.24221264
1617	0.24191912
1618	0.24160159
1619	0.24126650
1620	0.24092075
1621	0.24057168
1622	0.24022664
1623	0.23989306
1624	0.23957804
1625	0.23928837
1626	0.23903029
1627	0.23880933
1628	0.23863032
1629	0.23849730
1630	0.23841341
1631	0.23838095
1632	0.23840138
1633	0.23847523
1634	0.23860224
1635	0.23878127
1636	0.23901057
1637	0.23928744
1638	0.23960862
1639	0.23997009
1640	0.24036723
1641	0.24079479
1642	0.24124697
1643	0.24171743
1644	0.24219935
1645	0.24268545
1646	0.24316813
1647	0.24363945
1648	0.24409130
1649	0.24451549
1650	0.24490395
1651	0.24524890
1652	0.24554303
1653	0.24577990
1654	0.24595402
1655	0.24606125
1656	0.24609895
1657	0.24606612
1658	0.24596354
1659	0.24579370
1660	0.24556088
1661	0.24527088
1662	0.24493076
1663	0.24454875
1664	0.24413392
1665	0.24369593
1666	0.24324498
1667	0.24279150
1668	0.24234614
1669	0.24191965
1670	0.24152285
1671	0.24116650
1672	0.24086121
1673	0.24061729
1674	0.24044463
1675	0.24035232
1676	0.24034849
1677	0.24043979
1678	0.24063136
1679	0.24092604
1680	0.24132444
1681	0.24182412
1682	0.24241976
1683	0.24310255
1684	0.24386023
1685	0.24467711
1686	0.24553426
1687	0.24640980
1688	0.24727978
1689	0.24811888
1690	0.24890210
1691	0.24960545
1692	0.25020808
1693	0.25069329
1694	0.25105000
1695	0.25127345
1696	0.25136620
1697	0.25133738
1698	0.25120318
1699	0.25098559
1700	0.25071228
1701	0.25041506
1702	0.25012967
1703	0.24989581
1704	0.24975689
1705	0.24976118
1706	0.24996316
1707	0.25042614
1708	0.25122550
1709	0.25245371
1710	0.25422776
1711	0.25669825
1712	0.26006451
1713	0.26459566
1714	0.27066323
1715	0.27879444
1716	0.28975669
1717	0.30471087
1718	0.32549322
1719	0.35518426
1720	0.39938417
1721	0.46946064
1722	0.59268075
1723	0.85537964
1724	1.75566435
1725	NaN
1726	NaN
1727	NaN
1728	NaN
1729	NaN
1730	NaN
1731	NaN
1732	NaN
1733	NaN
1734	NaN
1735	NaN
1736	NaN
1737	NaN
1738	NaN
1739	NaN
1740	NaN
1741	NaN
1742	NaN
1743	NaN
1744	NaN
1745	NaN
1746	NaN
1747	NaN
1748	NaN
1749	NaN
1750	NaN
1751	NaN
1752	NaN
1753	NaN
1754	NaN
1755	NaN
1756	NaN
1757	NaN
1758	NaN
1759	NaN
1760	NaN
1761	NaN
1762	NaN
1763	NaN
1764	NaN
1765	NaN
1766	NaN
1767	NaN
1768	NaN
1769	NaN
1770	NaN
1771	NaN
1772	NaN
1773	NaN
1774	NaN
1775	NaN
1776	NaN
1777	NaN
1778	NaN
1779	NaN
1780	NaN
1781	NaN
1782	NaN
1783	NaN
1784	NaN
1785	NaN
1786	NaN
1787	NaN
1788	NaN
1789	NaN
1790	NaN
1791	NaN
1792	NaN
1793	NaN
1794	NaN
1795	NaN
1796	NaN
1797	NaN
1798	NaN
1799	NaN
1800	NaN
1801	NaN
1802	NaN
1803	NaN
1804	NaN
1805	NaN
1806	NaN
1807	NaN
1808	NaN
1809	NaN
1810	NaN
1811	NaN
1812	NaN
1813	NaN
1814	NaN
1815	NaN
1816	NaN
1817	NaN
1818	NaN
1819	NaN
1820	NaN
1821	2.03389859
1822	0.68617594
1823	0.49816239
1824	0.42371494
1825	0.38407323
1826	0.35963035
1827	0.34317538
1828	0.33143353
1829	0.32270187
1830	0.31600735
1831	0.31075311
1832	0.30655304
1833	0.30314627
1834	0.30035046
1835	0.29803455
1836	0.29610214
1837	0.29448122
1838	0.29311708
1839	0.29196784
1840	0.29100120
1841	0.29019222
1842	0.28952175
1843	0.28897503
1844	0.28854087
1845	0.28821096
1846	0.28797904
1847	0.28784057
1848	0.28779215
1849	0.28783101
1850	0.28795466
1851	0.28816035
1852	0.28844479
1853	0.28880343
1854	0.28923023
1855	0.28971717
1856	0.29025397
1857	0.29082787
1858	0.29142371
1859	0.29202390
1860	0.29260907
1861	0.29315853
1862	0.29365155
1863	0.29406813
1864	0.29439050
1865	0.29460421
1866	0.29469946
1867	0.29467186
1868	0.29452297
1869	0.29426038
1870	0.29389739
1871	0.29345214
1872	0.29294670
1873	0.29240537
1874	0.29185382
1875	0.29131725
1876	0.29081962
1877	0.29038242
1878	0.29002407
1879	0.28975943
1880	0.28959948
1881	0.28955120
1882	0.28961775
1883	0.28979844
1884	0.29008904
1885	0.29048207
1886	0.29096690
1887	0.29153025
1888	0.29215640
1889	0.29282764
1890	0.29352456
1891	0.29422680
1892	0.29491350
1893	0.29556397
1894	0.29615861
1895	0.29667959
1896	0.29711157
1897	0.29744253
1898	0.29766420
1899	0.29777253
1900	0.29776770
1901	0.29765409
1902	0.29743987
1903	0.29713657
1904	0.29675829
1905	0.29632100
1906	0.29584187
1907	0.29533842
1908	0.29482788
1909	0.29432666
1910	0.29384992
1911	0.29341123
1912	0.29302239
1913	0.29269329
1914	0.29243195
1915	0.29224461
1916	0.29213580
1917	0.29210836
1918	0.29216370
1919	0.29230183
1920	0.29252145
1921	0.29281992
1922	0.29319349
1923	0.29363719
1924	0.29414487
1925	0.29470959
1926	0.29532349
1927	0.29597798
1928	0.29666421
1929	0.29737303
1930	0.29809552
1931	0.29882300
1932	0.29954737
1933	0.30026123
1934	0.30095804
1935	0.30163199
1936	0.30227822
1937	0.30289251
1938	0.30347124
1939	0.30401132
1940	0.30450985
1941	0.30496421
1942	0.30537179
1943	0.30573004
1944	0.30603635
1945	0.30628818
1946	0.30648297
1947	0.30661845
1948	0.30669254
1949	0.30670366
1950	0.30665076
1951	0.30653366
1952	0.30635318
1953	0.30611125
1954	0.30581126
1955	0.30545819
1956	0.30505866
1957	0.30462116
1958	0.30415595
1959	0.30367514
1960	0.30319226
1961	0.30272225
1962	0.30228084
1963	0.30188423
1964	0.30154851
1965	0.30128929
1966	0.30112091
1967	0.30105621
1968	0.30110601
1969	0.30127889
1970	0.30158073
1971	0.30201468
1972	0.30258107
1973	0.30327734
1974	0.30409789
1975	0.30503443
1976	0.30607578
1977	0.30720818
1978	0.30841526
1979	0.30967832
1980	0.31097642
1981	0.31228670
1982	0.31358457
1983	0.31484416
1984	0.31603885
1985	0.31714180
1986	0.31812671
1987	0.31896886
1988	0.31964564
1989	0.32013813
1990	0.32043144
1991	0.32051608
1992	0.32038838
1993	0.32005098
1994	0.31951311
1995	0.31879038
1996	0.31790450
1997	0.31688252
1998	0.31575608
1999	0.31456038
2000	0.31333312
2001	0.31211364
2002	0.31094176
2003	0.30985713
2004	0.30889836
2005	0.30810261
2006	0.30750492
2007	0.30713800
2008	0.30703160
2009	0.30721238
2010	0.30770335
2011	0.30852327
2012	0.30968603
2013	0.31119975
2014	0.31306595
2015	0.31527844
2016	0.31782246
2017	0.32067356
2018	0.32379726
2019	0.32714862
2020	0.33067268
2021	0.33430555
2022	0.33797616
2023	0.34160888
2024	0.34512684
2025	0.34845531
2026	0.35152534
2027	0.35427740
2028	0.35666385
2029	0.35865137
2030	0.36022127
2031	0.36137018
2032	0.36210883
2033	0.36246097
2034	0.36246124
2035	0.36215383
2036	0.36159042
2037	0.36082959
2038	0.35993576
2039	0.35897991
2040	0.35803989
2041	0.35720325
2042	0.35656932
2043	0.35625541
2044	0.35640213
2045	0.35718337
2046	0.35881865
2047	0.36159226
2048	0.36587781
2049	0.37217769
2050	0.38117814
2051	0.39383799
2052	0.41153133
2053	0.43629152
2054	0.47125980
2055	0.52157265
2056	0.59631485
2057	0.71340185
2058	0.91424882
2059	1.32251716
2060	2.55582738
2061	NaN
2062	NaN
2063	NaN
2064	NaN
2065	NaN
2066	NaN
2067	NaN
2068	NaN
2069	NaN
2070	NaN
2071	NaN
2072	NaN
2073	NaN
2074	NaN
2075	NaN
2076	NaN
2077	NaN
2078	NaN
2079	NaN
2080	NaN
2081	NaN
2082	NaN
2083	NaN
2084	NaN
2085	NaN
2086	NaN
2087	NaN
2088	NaN
2089	NaN
2090	NaN
2091	NaN
2092	NaN
2093	NaN
2094	NaN
2095	NaN
2096	NaN
2097	NaN
2098	NaN
2099	NaN
2100	NaN
2101	NaN
2102	NaN
2103	NaN
2104	NaN
2105	NaN
2106	NaN
2107	NaN
2108	NaN
2109	NaN
2110	NaN
2111	NaN
2112	NaN
2113	NaN
2114	NaN
2115	NaN
2116	NaN
2117	NaN
2118	NaN
2119	NaN
2120	NaN
2121	NaN
2122	NaN
2123	NaN
2124	NaN
2125	NaN
2126	NaN
2127	NaN
2128	NaN
2129	NaN
2130	NaN
2131	NaN
2132	NaN
2133	NaN
2134	NaN
2135	NaN
2136	NaN
2137	NaN
2138	NaN
2139	NaN
2140	NaN
2141	NaN
2142	NaN
2143	NaN
2144	NaN
2145	NaN
2146	NaN
2147	NaN
2148	NaN
2149	NaN
2150	NaN
2151	NaN
2152	NaN
2153	NaN
2154	NaN
2155	NaN
2156	NaN
2157	NaN
2158	2.42068744
2159	0.51425421
2160	0.34788039
2161	0.28711048
2162	0.25653264
2163	0.23877934
2164	0.22767286
2165	0.22045070
2166	0.21568488
2167	0.21255907
2168	0.21057020
2169	0.20939066
2170	0.20879744
2171	0.20863363
2172	0.20878570
2173	0.20916988
2174	0.20972316
2175	0.21039748
2176	0.21115576
2177	0.21196903
2178	0.21281433
2179	0.21367326
2180	0.21453068
2181	0.21537404
2182	0.21619253
2183	0.21697664
2184	0.21771772
2185	0.21840759
2186	0.21903856
2187	0.21960303
2188	0.22009364
2189	0.22050327
2190	0.22082527
2191	0.22105359
2192	0.22118318
2193	0.22121030
2194	0.22113277
2195	0.22095051
2196	0.22066578
2197	0.22028349
2198	0.21981139
2199	0.21926013
2200	0.21864311
2201	0.21797638
2202	0.21727787
2203	0.21656713
2204	0.21586430
2205	0.21518961
2206	0.21456243
2207	0.21400060
2208	0.21351990
2209	0.21313348
2210	0.21285176
2211	0.21268208
2212	0.21262893
2213	0.21269386
2214	0.21287589
2215	0.21317150
2216	0.21357498
2217	0.21407859
2218	0.21467271
2219	0.21534589
2220	0.21608505
2221	0.21687542
2222	0.21770076
2223	0.21854346
2224	0.21938467
2225	0.22020471
2226	0.22098354
2227	0.22170120
2228	0.22233856
2229	0.22287813
2230	0.22330482
2231	0.22360677
2232	0.22377597
2233	0.22380884
2234	0.22370642
2235	0.22347446
2236	0.22312288
2237	0.22266549
2238	0.22211896
2239	0.22150195
2240	0.22083420
2241	0.22013564
2242	0.21942542
2243	0.21872146
2244	0.21803980
2245	0.21739446
2246	0.21679720
2247	0.21625765
2248	0.21578318
2249	0.21537931
2250	0.21504965
2251	0.21479625
2252	0.21461956
2253	0.21451865
2254	0.21449131
2255	0.21453400
2256	0.21464197
2257	0.21480919
2258	0.21502836
2259	0.21529108
2260	0.21558775
2261	0.21590777
2262	0.21623969
2263	0.21657148
2264	0.21689080
2265	0.21718527
2266	0.21744290
2267	0.21765243
2268	0.21780358
2269	0.21788755
2270	0.21789706
2271	0.21782675
2272	0.21767318
2273	0.21743509
2274	0.21711321
2275	0.21671052
2276	0.21623199
2277	0.21568473
2278	0.21507780
2279	0.21442220
2280	0.21373065
2281	0.21301743
2282	0.21229810
2283	0.21158904
2284	0.21090701
2285	0.21026859
2286	0.20968929
2287	0.20918320
2288	0.20876235
2289	0.20843624
2290	0.20821178
2291	0.20809309
2292	0.20808157
2293	0.20817608
2294	0.20837310
2295	0.20866716
2296	0.20905098
2297	0.20951596
2298	0.21005258
2299	0.21065067
2300	0.21129984
2301	0.21198975
2302	0.21271034
2303	0.21345200
2304	0.21420576
2305	0.21496324
2306	0.21571666
2307	0.21645887
2308	0.21718328
2309	0.21788363
2310	0.21855412
2311	0.21918915
2312	0.21978326
2313	0.22033121
2314	0.22082789
2315	0.22126831
2316	0.22164761
2317	0.22196130
2318	0.22220522
2319	0.22237585
2320	0.22247027
2321	0.22248654
2322	0.22242378
2323	0.22228231
2324	0.22206391
2325	0.22177182
2326	0.22141068
2327	0.22098674
2328	0.22050753
2329	0.21998186
2330	0.21941943
2331	0.21883070
2332	0.21822660
2333	0.21761806
2334	0.21701610
2335	0.21643135
2336	0.21587399
2337	0.21535382
2338	0.21488011
2339	0.21446185
2340	0.21410768
2341	0.21382608
2342	0.21362552
2343	0.21351445
2344	0.21350147
2345	0.21359506
2346	0.21380357
2347	0.21413490
2348	0.21459629
2349	0.21519369
2350	0.21593143
2351	0.21681146
2352	0.21783282
2353	0.21899110
2354	0.22027756
2355	0.22167912
2356	0.22317772
2357	0.22475077
2358	0.22637148
2359	0.22800975
2360	0.22963341
2361	0.23121005
2362	0.23270848
2363	0.23410083
2364	0.23536354
2365	0.23647866
2366	0.23743437
2367	0.23822474
2368	0.23884964
2369	0.23931359
2370	0.23962477
2371	0.23979442
2372	0.23983559
2373	0.23976319
2374	0.23959312
2375	0.23934293
2376	0.23903219
2377	0.23868346
2378	0.23832470
2379	0.23799065
2380	0.23772779
2381	0.23759909
2382	0.23769334
2383	0.23813818
2384	0.23912150
2385	0.24092609
2386	0.24399169
2387	0.24902195
2388	0.25719902
2389	0.27061826
2390	0.29331350
2391	0.33403403
2392	0.41576710
2393	0.62419105
2394	1.78301764
2395	NaN
2396	NaN
2397	NaN
2398	NaN
2399	NaN
2400	NaN
2401	NaN
2402	NaN
2403	NaN
2404	NaN
2405	NaN
2406	NaN
2407	NaN
2408	NaN
2409	NaN
2410	NaN
2411	NaN
2412	NaN
2413	NaN
2414	NaN
2415	NaN
2416	NaN
2417	NaN
2418	NaN
2419	NaN
2420	NaN
2421	NaN
2422	NaN
2423	NaN
2424	NaN
2425	NaN
2426	NaN
2427	NaN
2428	NaN
2429	NaN
2430	NaN
2431	NaN
2432	NaN
2433	NaN
2434	NaN
2435	NaN
2436	NaN
2437	NaN
2438	NaN
2439	NaN
2440	NaN
2441	NaN
2442	NaN
2443	NaN
2444	NaN
2445	NaN
2446	NaN
2447	NaN
2448	NaN
2449	NaN
2450	NaN
2451	NaN
2452	NaN
2453	NaN
2454	NaN
2455	NaN
2456	NaN
2457	NaN
2458	NaN
2459	NaN
2460	NaN
2461	NaN
2462	NaN
2463	NaN
2464	NaN
2465	NaN
2466	NaN
2467	NaN
2468	NaN
2469	NaN
2470	NaN
2471	NaN
2472	NaN
2473	NaN
2474	NaN
2475	NaN
2476	NaN
2477	NaN
2478	NaN
2479	NaN
2480	NaN
2481	NaN
2482	NaN
2483	NaN
2484	NaN
2485	NaN
2486	NaN
2487	NaN
2488	NaN
2489	NaN
2490	NaN
2491	0.90576184
2492	0.54352283
2493	0.43753719
2494	0.38679478
2495	0.35699004
2496	0.33737987
2497	0.32351631
2498	0.31322294
2499	0.30530801
2500	0.29906258
2501	0.29403833
2502	0.28993666
2503	0.28655130
2504	0.28373459
2505	0.28137836
2506	0.27940151
2507	0.27774236
2508	0.27635324
2509	0.27519727
2510	0.27424535
2511	0.27347490
2512	0.27286795
2513	0.27241042
2514	0.27209112
2515	0.27190113
2516	0.27183324
2517	0.27188128
2518	0.27203971
2519	0.27230328
2520	0.27266645
2521	0.27312306
2522	0.27366576
2523	0.27428588
2524	0.27497283
2525	0.27571389
2526	0.27649409
2527	0.27729613
2528	0.27810046
2529	0.27888587
2530	0.27962995
2531	0.28030992
2532	0.28090358
2533	0.28139070
2534	0.28175381
2535	0.28197965
2536	0.28205985
2537	0.28199166
2538	0.28177831
2539	0.28142878
2540	0.28095743
2541	0.28038314
2542	0.27972817
2543	0.27901718
2544	0.27827579
2545	0.27752960
2546	0.27680299
2547	0.27611855
2548	0.27549621
2549	0.27495298
2550	0.27450266
2551	0.27415565
2552	0.27391890
2553	0.27379617
2554	0.27378795
2555	0.27389169
2556	0.27410179
2557	0.27441016
2558	0.27480593
2559	0.27527606
2560	0.27580547
2561	0.27637735
2562	0.27697375
2563	0.27757603
2564	0.27816549
2565	0.27872416
2566	0.27923536
2567	0.27968448
2568	0.28005958
2569	0.28035176
2570	0.28055558
2571	0.28066900
2572	0.28069332
2573	0.28063285
2574	0.28049466
2575	0.28028765
2576	0.28002247
2577	0.27971056
2578	0.27936384
2579	0.27899435
2580	0.27861360
2581	0.27823266
2582	0.27786180
2583	0.27751052
2584	0.27718744
2585	0.27690047
2586	0.27665678
2587	0.27646282
2588	0.27632442
2589	0.27624682
2590	0.27623445
2591	0.27629095
2592	0.27641910
2593	0.27662054
2594	0.27689561
2595	0.27724352
2596	0.27766189
2597	0.27814710
2598	0.27869403
2599	0.27929652
2600	0.27994728
2601	0.28063822
2602	0.28136072
2603	0.28210586
2604	0.28286457
2605	0.28362790
2606	0.28438699
2607	0.28513339
2608	0.28585869
2609	0.28655493
2610	0.28721434
2611	0.28782937
2612	0.28839269
2613	0.28889716
2614	0.28933600
2615	0.28970271
2616	0.28999141
2617	0.29019681
2618	0.29031456
2619	0.29034150
2620	0.29027584
2621	0.29011750
2622	0.28986830
2623	0.28953212
2624	0.28911528
2625	0.28862637
2626	0.28807643
2627	0.28747880
2628	0.28684896
2629	0.28620428
2630	0.28556356
2631	0.28494671
2632	0.28437406
2633	0.28386593
2634	0.28344196
2635	0.28312051
2636	0.28291833
2637	0.28284991
2638	0.28292722
2639	0.28315938
2640	0.28355256
2641	0.28410959
2642	0.28483015
2643	0.28571063
2644	0.28674406
2645	0.28792030
2646	0.28922588
2647	0.29064435
2648	0.29215604
2649	0.29373863
2650	0.29536673
2651	0.29701272
2652	0.29864657
2653	0.30023673
2654	0.30175039
2655	0.30315438
2656	0.30441606
2657	0.30550444
2658	0.30639130
2659	0.30705231
2660	0.30746841
2661	0.30762675
2662	0.30752161
2663	0.30715501
2664	0.30653694
2665	0.30568540
2666	0.30462575
2667	0.30339012
2668	0.30201638
2669	0.30054691
2670	0.29902753
2671	0.29750612
2672	0.29603165
2673	0.29465327
2674	0.29341939
2675	0.29237708
2676	0.29157171
2677	0.29104638
2678	0.29084161
2679	0.29099479
2680	0.29153991
2681	0.29250643
2682	0.29391867
2683	0.29579449
2684	0.29814374
2685	0.30096674
2686	0.30425224
2687	0.30797592
2688	0.31209868
2689	0.31656599
2690	0.32130739
2691	0.32623789
2692	0.33126003
2693	0.33626741
2694	0.34114933
2695	0.34579632
2696	0.35010543
2697	0.35398582
2698	0.35736242
2699	0.36017919
2700	0.36239985
2701	0.36400774
2702	0.36500379
2703	0.36540389
2704	0.36523530
2705	0.36453405
2706	0.36334097
2707	0.36170030
2708	0.35965765
2709	0.35726014
2710	0.35455665
2711	0.35160026
2712	0.34845346
2713	0.34519351
2714	0.34192449
2715	0.33879387
2716	0.33602214
2717	0.33395129
2718	0.33313125
2719	0.33448386
2720	0.33964252
2721	0.35171816
2722	0.37733451
2723	0.43322840
2724	0.57699579
2725	1.22534513
2726	NaN
2727	NaN
2728	NaN
2729	NaN
2730	NaN
2731	NaN
2732	NaN
2733	NaN
2734	NaN
2735	NaN
2736	NaN
2737	NaN
2738	NaN
2739	NaN
2740	NaN
2741	NaN
2742	NaN
2743	NaN
2744	NaN
2745	NaN
2746	NaN
2747	NaN
2748	NaN
2749	NaN
2750	NaN
2751	NaN
2752	NaN
2753	NaN
2754	NaN
2755	NaN
2756	NaN
2757	NaN
2758	NaN
2759	NaN
2760	NaN
2761	NaN
2762	NaN
2763	NaN
2764	NaN
2765	NaN
2766	NaN
2767	NaN
2768	NaN
2769	NaN
2770	NaN
2771	NaN
2772	NaN
2773	NaN
2774	NaN
2775	NaN
2776	NaN
2777	NaN
2778	NaN
2779	NaN
2780	NaN
2781	NaN
2782	NaN
2783	NaN
2784	NaN
2785	NaN
2786	NaN
2787	NaN
2788	NaN
2789	NaN
2790	NaN
2791	NaN
2792	NaN
2793	NaN
2794	NaN
2795	NaN
2796	NaN
2797	NaN
2798	NaN
2799	NaN
2800	NaN
2801	NaN
2802	NaN
2803	NaN
2804	NaN
2805	NaN
2806	NaN
2807	NaN
2808	NaN
2809	NaN
2810	NaN
2811	NaN
2812	NaN
2813	NaN
2814	NaN
2815	NaN
2816	NaN
2817	NaN
2818	NaN
2819	NaN
2820	NaN
2821	NaN
2822	NaN
2823	NaN
2824	NaN
2825	0.96835214
2826	0.47331914
2827	0.35504282
2828	0.30242383
2829	0.27306566
2830	0.25466919
2831	0.24233688
2832	0.23372488
2833	0.22756433
2834	0.22310449
2835	0.21987034
2836	0.21754465
2837	0.21590666
2838	0.21479736
2839	0.21409905
2840	0.21372263
2841	0.21359931
2842	0.21367525
2843	0.21390755
2844	0.21426174
2845	0.21470964
2846	0.21522789
2847	0.21579678
2848	0.21639948
2849	0.21702111
2850	0.21764845
2851	0.21826944
2852	0.21887282
2853	0.21944797
2854	0.21998492
2855	0.22047420
2856	0.22090699
2857	0.22127518
2858	0.22157162
2859	0.22179030
2860	0.22192647
2861	0.22197691
2862	0.22194016
2863	0.22181663
2864	0.22160880
2865	0.22132130
2866	0.22096092
2867	0.22053656
2868	0.22005919
2869	0.21954158
2870	0.21899797
2871	0.21844365
2872	0.21789460
2873	0.21736687
2874	0.21687607
2875	0.21643677
2876	0.21606211
2877	0.21576332
2878	0.21554953
2879	0.21542746
2880	0.21540147
2881	0.21547359
2882	0.21564345
2883	0.21590857
2884	0.21626455
2885	0.21670492
2886	0.21722163
2887	0.21780477
2888	0.21844299
2889	0.21912335
2890	0.21983159
2891	0.22055234
2892	0.22126925
2893	0.22196549
2894	0.22262423
2895	0.22322910
2896	0.22376494
2897	0.22421837
2898	0.22457847
2899	0.22483733
2900	0.22499050
2901	0.22503711
2902	0.22497992
2903	0.22482517
2904	0.22458203
2905	0.22426209
2906	0.22387861
2907	0.22344585
2908	0.22297831
2909	0.22249016
2910	0.22199476
2911	0.22150421
2912	0.22102922
2913	0.22057900
2914	0.22016123
2915	0.21978211
2916	0.21944663
2917	0.21915855
2918	0.21892069
2919	0.21873510
2920	0.21860312
2921	0.21852544
2922	0.21850231
2923	0.21853341
2924	0.21861790
2925	0.21875426
2926	0.21894032
2927	0.21917322
2928	0.21944927
2929	0.21976399
2930	0.22011220
2931	0.22048795
2932	0.22088471
2933	0.22129554
2934	0.22171319
2935	0.22213027
2936	0.22253950
2937	0.22293377
2938	0.22330633
2939	0.22365092
2940	0.22396171
2941	0.22423363
2942	0.22446209
2943	0.22464336
2944	0.22477441
2945	0.22485296
2946	0.22487767
2947	0.22484814
2948	0.22476499
2949	0.22462997
2950	0.22444597
2951	0.22421710
2952	0.22394867
2953	0.22364715
2954	0.22331996
2955	0.22297548
2956	0.22262266
2957	0.22227085
2958	0.22192949
2959	0.22160785
2960	0.22131462
2961	0.22105779
2962	0.22084433
2963	0.22067997
2964	0.22056921
2965	0.22051516
2966	0.22051953
2967	0.22058272
2968	0.22070393
2969	0.22088119
2970	0.22111169
2971	0.22139163
2972	0.22171681
2973	0.22208235
2974	0.22248304
2975	0.22291337
2976	0.22336759
2977	0.22383961
2978	0.22432311
2979	0.22481151
2980	0.22529785
2981	0.22577475
2982	0.22623459
2983	0.22666927
2984	0.22707050
2985	0.22742984
2986	0.22773890
2987	0.22798963
2988	0.22817449
2989	0.22828682
2990	0.22832119
2991	0.22827356
2992	0.22814171
2993	0.22792523
2994	0.22762580
2995	0.22724707
2996	0.22679466
2997	0.22627595
2998	0.22569990
2999	0.22507676
3000	0.22441787
3001	0.22373526
3002	0.22304164
3003	0.22234997
3004	0.22167346
3005	0.22102538
3006	0.22041893
3007	0.21986733
3008	0.21938357
3009	0.21898046
3010	0.21867053
3011	0.21846586
3012	0.21837817
3013	0.21841837
3014	0.21859643
3015	0.21892108
3016	0.21939941
3017	0.22003639
3018	0.22083424
3019	0.22179179
3020	0.22290383
3021	0.22416051
3022	0.22554693
3023	0.22704265
3024	0.22862203
3025	0.23025475
3026	0.23190646
3027	0.23354073
3028	0.23512027
3029	0.23660922
3030	0.23797472
3031	0.23918906
3032	0.24023020
3033	0.24108315
3034	0.24173944
3035	0.24219732
3036	0.24246086
3037	0.24253872
3038	0.24244343
3039	0.24219033
3040	0.24179666
3041	0.24128146
3042	0.24066499
3043	0.23996937
3044	0.23921935
3045	0.23844430
3046	0.23768163
3047	0.23698069
3048	0.23641083
3049	0.23607364
3050	0.23612134
3051	0.23678988
3052	0.23845319
3053	0.24172519
3054	0.24765737
3055	0.25815639
3056	0.27698520
3057	0.31257501
3058	0.38820410
3059	0.59973770
3060	NaN
3061	NaN
3062	NaN
3063	NaN
3064	NaN
3065	NaN
3066	NaN
3067	NaN
3068	NaN
3069	NaN
3070	NaN
3071	NaN
3072	NaN
3073	NaN
3074	NaN
3075	NaN
3076	NaN
3077	NaN
3078	NaN
3079	NaN
3080	NaN
3081	NaN
3082	NaN
3083	NaN
3084	NaN
3085	NaN
3086	NaN
3087	NaN
3088	NaN
3089	NaN
3090	NaN
3091	NaN
3092	NaN
3093	NaN
3094	NaN
3095	NaN
3096	NaN
3097	NaN
3098	NaN
3099	NaN
3100	NaN
3101	NaN
3102	NaN
3103	NaN
3104	NaN
3105	NaN
3106	NaN
3107	NaN
3108	NaN
3109	NaN
3110	NaN
3111	NaN
3112	NaN
3113	NaN
3114	NaN
3115	NaN
3116	NaN
3117	NaN
3118	NaN
3119	NaN
3120	NaN
3121	NaN
3122	NaN
3123	NaN
3124	NaN
3125	NaN
3126	NaN
3127	NaN
3128	NaN
3129	NaN
3130	NaN
3131	NaN
3132	NaN
3133	NaN
3134	NaN
3135	NaN
3136	NaN
3137	NaN
3138	NaN
3139	NaN
3140	NaN
3141	NaN
3142	NaN
3143	NaN
3144	NaN
3145	NaN
3146	NaN
3147	NaN
3148	NaN
3149	NaN
3150	NaN
3151	NaN
3152	NaN
3153	NaN
3154	NaN
3155	NaN
3156	0.94414663
3157	0.55041128
3158	0.44883284
3159	0.40218151
3160	0.37537301
3161	0.35796857
3162	0.34576565
3163	0.33674610
3164	0.32981941
3165	0.32434461
3166	0.31991974
3167	0.31628022
3168	0.31324431
3169	0.31068346
3170	0.30850416
3171	0.30663699
3172	0.30502966
3173	0.30364236
3174	0.30244476
3175	0.30141348
3176	0.30053091
3177	0.29978380
3178	0.29916233
3179	0.29865950
3180	0.29827043
3181	0.29799181
3182	0.29782140
3183	0.29775760
3184	0.29779899
3185	0.29794386
3186	0.29818973
3187	0.29853299
3188	0.29896840
3189	0.29948860
3190	0.30008382
3191	0.30074149
3192	0.30144617
3193	0.30217949
3194	0.30292040
3195	0.30364564
3196	0.30433050
3197	0.30494985
3198	0.30547944
3199	0.30589715
3200	0.30618453
3201	0.30632806
3202	0.30632013
3203	0.30615991
3204	0.30585328
3205	0.30541283
3206	0.30485702
3207	0.30420905
3208	0.30349571
3209	0.30274573
3210	0.30198833
3211	0.30125210
3212	0.30056363
3213	0.29994681
3214	0.29942194
3215	0.29900554
3216	0.29870996
3217	0.29854330
3218	0.29850957
3219	0.29860869
3220	0.29883680
3221	0.29918632
3222	0.29964638
3223	0.30020311
3224	0.30083990
3225	0.30153787
3226	0.30227637
3227	0.30303362
3228	0.30378729
3229	0.30451527
3230	0.30519661
3231	0.30581206
3232	0.30634508
3233	0.30678239
3234	0.30711445
3235	0.30733588
3236	0.30744538
3237	0.30744570
3238	0.30734327
3239	0.30714768
3240	0.30687103
3241	0.30652717
3242	0.30613118
3243	0.30569857
3244	0.30524471
3245	0.30478439
3246	0.30433151
3247	0.30389860
3248	0.30349708
3249	0.30313671
3250	0.30282593
3251	0.30257168
3252	0.30237964
3253	0.30225411
3254	0.30219820
3255	0.30221382
3256	0.30230165
3257	0.30246115
3258	0.30269065
3259	0.30298719
3260	0.30334666
3261	0.30376390
3262	0.30423275
3263	0.30474624
3264	0.30529681
3265	0.30587655
3266	0.30647749
3267	0.30709171
3268	0.30771184
3269	0.30833092
3270	0.30894265
3271	0.30954140
3272	0.31012222
3273	0.31068066
3274	0.31121275
3275	0.31171471
3276	0.31218299
3277	0.31261390
3278	0.31300378
3279	0.31334874
3280	0.31364465
3281	0.31388718
3282	0.31407198
3283	0.31419465
3284	0.31425092
3285	0.31423694
3286	0.31414956
3287	0.31398657
3288	0.31374711
3289	0.31343192
3290	0.31304380
3291	0.31258777
3292	0.31207135
3293	0.31150457
3294	0.31090012
3295	0.31027299
3296	0.30964020
3297	0.30902052
3298	0.30843359
3299	0.30789948
3300	0.30743808
3301	0.30706820
3302	0.30680713
3303	0.30667013
3304	0.30666995
3305	0.30681640
3306	0.30711642
3307	0.30757368
3308	0.30818862
3309	0.30895832
3310	0.30987668
3311	0.31093419
3312	0.31211817
3313	0.31341258
3314	0.31479818
3315	0.31625262
3316	0.31775054
3317	0.31926391
3318	0.32076219
3319	0.32221308
3320	0.32358319
3321	0.32483870
3322	0.32594693
3323	0.32687700
3324	0.32760155
3325	0.32809791
3326	0.32834935
3327	0.32834601
3328	0.32808584
3329	0.32757482
3330	0.32682705
3331	0.32586437
3332	0.32471567
3333	0.32341602
3334	0.32200536
3335	0.32052732
3336	0.31902820
3337	0.31755552
3338	0.31615716
3339	0.31488043
3340	0.31377134
3341	0.31287390
3342	0.31222987
3343	0.31187800
3344	0.31185368
3345	0.31218857
3346	0.31290969
3347	0.31403887
3348	0.31559157
3349	0.31757596
3350	0.31999144
3351	0.32282761
3352	0.32606271
3353	0.32966277
3354	0.33358106
3355	0.33775803
3356	0.34212270
3357	0.34659392
3358	0.35108382
3359	0.35550120
3360	0.35975608
3361	0.36376426
3362	0.36745128
3363	0.37075597
3364	0.37363318
3365	0.37605473
3366	0.37800995
3367	0.37950400
3368	0.38055685
3369	0.38120076
3370	0.38147861
3371	0.38144115
3372	0.38114667
3373	0.38065937
3374	0.38005024
3375	0.37939808
3376	0.37879214
3377	0.37833610
3378	0.37815544
3379	0.37840575
3380	0.37928814
3381	0.38106796
3382	0.38410702
3383	0.38890904
3384	0.39619517
3385	0.40702379
3386	0.42300102
3387	0.44665903
3388	0.48220587
3389	0.53713632
3390	0.62619919
3391	0.78301668
3392	1.10504746
3393	2.04575777
3394	NaN
3395	NaN
3396	NaN
3397	NaN
3398	NaN
3399	NaN
3400	NaN
3401	NaN
3402	NaN
3403	NaN
3404	NaN
3405	NaN
3406	NaN
3407	NaN
3408	NaN
3409	NaN
3410	NaN
3411	NaN
3412	NaN
3413	NaN
3414	NaN
3415	NaN
3416	NaN
3417	NaN
3418	NaN
3419	NaN
3420	NaN
3421	NaN
3422	NaN
3423	NaN
3424	NaN
3425	NaN
3426	NaN
3427	NaN
3428	NaN
3429	NaN
3430	NaN
3431	NaN
3432	NaN
3433	NaN
3434	NaN
3435	NaN
3436	NaN
3437	NaN
3438	NaN
3439	NaN
3440	NaN
3441	NaN
3442	NaN
3443	NaN
3444	NaN
3445	NaN
3446	NaN
3447	NaN
3448	NaN
3449	NaN
3450	NaN
3451	NaN
3452	NaN
3453	NaN
3454	NaN
3455	NaN
3456	NaN
3457	NaN
3458	NaN
3459	NaN
3460	NaN
3461	NaN
3462	NaN
3463	NaN
3464	NaN
3465	NaN
3466	NaN
3467	NaN
3468	NaN
3469	NaN
3470	NaN
3471	NaN
3472	NaN
3473	NaN
3474	NaN
3475	NaN
3476	NaN
3477	NaN
3478	NaN
3479	NaN
3480	NaN
3481	NaN
3482	NaN
3483	NaN
3484	NaN
3485	NaN
3486	NaN
3487	NaN
3488	NaN
3489	0.77199018
3490	0.43839151
3491	0.34295136
3492	0.29721716
3493	0.27023044
3494	0.25241783
3495	0.23983380
3496	0.23054679
3497	0.22349337
3498	0.21803565
3499	0.21376424
3500	0.21040204
3501	0.20775333
3502	0.20567466
3503	0.20405798
3504	0.20281966
3505	0.20189385
3506	0.20122771
3507	0.20077829
3508	0.20051032
3509	0.20039444
3510	0.20040587
3511	0.20052360
3512	0.20072949
3513	0.20100771
3514	0.20134421
3515	0.20172629
3516	0.20214230
3517	0.20258141
3518	0.20303340
3519	0.20348851
3520	0.20393744
3521	0.20437129
3522	0.20478167
3523	0.20516081
3524	0.20550175
3525	0.20579843
3526	0.20604609
3527	0.20624134
3528	0.20638226
3529	0.20646858
3530	0.20650159
3531	0.20648415
3532	0.20642060
3533	0.20631664
3534	0.20617902
3535	0.20601563
3536	0.20583501
3537	0.20564622
3538	0.20545864
3539	0.20528162
3540	0.20512423
3541	0.20499502
3542	0.20490177
3543	0.20485112
3544	0.20484853
3545	0.20489796
3546	0.20500179
3547	0.20516081
3548	0.20537394
3549	0.20563850
3550	0.20594995
3551	0.20630214
3552	0.20668739
3553	0.20709668
3554	0.20751967
3555	0.20794521
3556	0.20836163
3557	0.20875704
3558	0.20911987
3559	0.20943928
3560	0.20970567
3561	0.20991111
3562	0.21004970
3563	0.21011786
3564	0.21011440
3565	0.21004060
3566	0.20989990
3567	0.20969784
3568	0.20944156
3569	0.20913935
3570	0.20880032
3571	0.20843381
3572	0.20804916
3573	0.20765536
3574	0.20726068
3575	0.20687272
3576	0.20649821
3577	0.20614292
3578	0.20581183
3579	0.20550895
3580	0.20523758
3581	0.20500025
3582	0.20479886
3583	0.20463471
3584	0.20450866
3585	0.20442107
3586	0.20437196
3587	0.20436104
3588	0.20438762
3589	0.20445073
3590	0.20454907
3591	0.20468096
3592	0.20484440
3593	0.20503695
3594	0.20525569
3595	0.20549726
3596	0.20575790
3597	0.20603332
3598	0.20631880
3599	0.20660928
3600	0.20689937
3601	0.20718354
3602	0.20745608
3603	0.20771135
3604	0.20794381
3605	0.20814823
3606	0.20831975
3607	0.20845410
3608	0.20854761
3609	0.20859735
3610	0.20860136
3611	0.20855860
3612	0.20846909
3613	0.20833404
3614	0.20815580
3615	0.20793782
3616	0.20768486
3617	0.20740257
3618	0.20709760
3619	0.20677741
3620	0.20644988
3621	0.20612329
3622	0.20580593
3623	0.20550583
3624	0.20523061
3625	0.20498715
3626	0.20478153
3627	0.20461881
3628	0.20450306
3629	0.20443720
3630	0.20442310
3631	0.20446165
3632	0.20455271
3633	0.20469531
3634	0.20488767
3635	0.20512725
3636	0.20541091
3637	0.20573494
3638	0.20609504
3639	0.20648655
3640	0.20690435
3641	0.20734297
3642	0.20779657
3643	0.20825922
3644	0.20872468
3645	0.20918660
3646	0.20963864
3647	0.21007441
3648	0.21048765
3649	0.21087229
3650	0.21122247
3651	0.21153279
3652	0.21179821
3653	0.21201438
3654	0.21217749
3655	0.21228459
3656	0.21233356
3657	0.21232320
3658	0.21225335
3659	0.21212476
3660	0.21193938
3661	0.21170002
3662	0.21141055
3663	0.21107574
3664	0.21070127
3665	0.21029368
3666	0.20986024
3667	0.20940892
3668	0.20894839
3669	0.20848779
3670	0.20803697
3671	0.20760608
3672	0.20720564
3673	0.20684646
3674	0.20653942
3675	0.20629562
3676	0.20612589
3677	0.20604084
3678	0.20605062
3679	0.20616479
3680	0.20639187
3681	0.20673922
3682	0.20721245
3683	0.20781527
3684	0.20854874
3685	0.20941110
3686	0.21039702
3687	0.21149729
3688	0.21269855
3689	0.21398333
3690	0.21533017
3691	0.21671411
3692	0.21810757
3693	0.21948165
3694	0.22080700
3695	0.22205597
3696	0.22320333
3697	0.22422771
3698	0.22511232
3699	0.22584525
3700	0.22641999
3701	0.22683433
3702	0.22709039
3703	0.22719395
3704	0.22715347
3705	0.22698064
3706	0.22668949
3707	0.22629699
3708	0.22582388
3709	0.22529663
3710	0.22474928
3711	0.22422737
3712	0.22379373
3713	0.22353660
3714	0.22358404
3715	0.22412400
3716	0.22544166
3717	0.22798428
3718	0.23248330
3719	0.24021070
3720	0.25356251
3721	0.27763617
3722	0.32549229
3723	0.44384384
3724	1.02034736
3725	NaN
3726	NaN
3727	NaN
3728	NaN
3729	NaN
3730	NaN
3731	NaN
3732	NaN
3733	NaN
3734	NaN
3735	NaN
3736	NaN
3737	NaN
3738	NaN
3739	NaN
3740	NaN
3741	NaN
3742	NaN
3743	NaN
3744	NaN
3745	NaN
3746	NaN
3747	NaN
3748	NaN
3749	NaN
3750	NaN
3751	NaN
3752	NaN
3753	NaN
3754	NaN
3755	NaN
3756	NaN
3757	NaN
3758	NaN
3759	NaN
3760	NaN
3761	NaN
3762	NaN
3763	NaN
3764	NaN
3765	NaN
3766	NaN
3767	NaN
3768	NaN
3769	NaN
3770	NaN
3771	NaN
3772	NaN
3773	NaN
3774	NaN
3775	NaN
3776	NaN
3777	NaN
3778	NaN
3779	NaN
3780	NaN
3781	NaN
3782	NaN
3783	NaN
3784	NaN
3785	NaN
3786	NaN
3787	NaN
3788	NaN
3789	NaN
3790	NaN
3791	NaN
3792	NaN
3793	NaN
3794	NaN
3795	NaN
3796	NaN
3797	NaN
3798	NaN
3799	NaN
3800	NaN
3801	NaN
3802	NaN
3803	NaN
3804	NaN
3805	NaN
3806	NaN
3807	NaN
3808	NaN
3809	NaN
3810	NaN
3811	NaN
3812	NaN
3813	NaN
3814	NaN
3815	NaN
3816	NaN
3817	NaN
3818	NaN
3819	NaN
3820	NaN
3821	0.79392529
3822	0.51033652
3823	0.41891143
3824	0.37388206
3825	0.34717065
3826	0.32956123
3827	0.31713822
3828	0.30795434
3829	0.30093130
3830	0.29542354
3831	0.29102027
3832	0.28744769
3833	0.28451568
3834	0.28208819
3835	0.28006530
3836	0.27837169
3837	0.27695003
3838	0.27575585
3839	0.27475429
3840	0.27391821
3841	0.27322620
3842	0.27266172
3843	0.27221182
3844	0.27186686
3845	0.27161950
3846	0.27146435
3847	0.27139759
3848	0.27141616
3849	0.27151769
3850	0.27169985
3851	0.27195984
3852	0.27229422
3853	0.27269813
3854	0.27316523
3855	0.27368698
3856	0.27425283
3857	0.27484959
3858	0.27546188
3859	0.27607214
3860	0.27666110
3861	0.27720857
3862	0.27769437
3863	0.27809930
3864	0.27840647
3865	0.27860230
3866	0.27867779
3867	0.27862895
3868	0.27845752
3869	0.27817079
3870	0.27778131
3871	0.27730602
3872	0.27676541
3873	0.27618194
3874	0.27557927
3875	0.27498075
3876	0.27440861
3877	0.27388301
3878	0.27342153
3879	0.27303874
3880	0.27274600
3881	0.27255136
3882	0.27245972
3883	0.27247262
3884	0.27258873
3885	0.27280372
3886	0.27311075
3887	0.27350026
3888	0.27396050
3889	0.27447778
3890	0.27503666
3891	0.27562052
3892	0.27621195
3893	0.27679342
3894	0.27734783
3895	0.27785912
3896	0.27831298
3897	0.27869746
3898	0.27900326
3899	0.27922422
3900	0.27935743
3901	0.27940318
3902	0.27936485
3903	0.27924857
3904	0.27906275
3905	0.27881771
3906	0.27852497
3907	0.27819687
3908	0.27784610
3909	0.27748516
3910	0.27712607
3911	0.27678028
3912	0.27645823
3913	0.27616933
3914	0.27592206
3915	0.27572376
3916	0.27558070
3917	0.27549815
3918	0.27548039
3919	0.27553058
3920	0.27565095
3921	0.27584261
3922	0.27610561
3923	0.27643886
3924	0.27684012
3925	0.27730596
3926	0.27783188
3927	0.27841228
3928	0.27904069
3929	0.27970970
3930	0.28041133
3931	0.28113714
3932	0.28187844
3933	0.28262648
3934	0.28337279
3935	0.28410912
3936	0.28482777
3937	0.28552160
3938	0.28618401
3939	0.28680906
3940	0.28739130
3941	0.28792584
3942	0.28840816
3943	0.28883415
3944	0.28920001
3945	0.28950229
3946	0.28973788
3947	0.28990412
3948	0.28999880
3949	0.29002047
3950	0.28996852
3951	0.28984338
3952	0.28964695
3953	0.28938255
3954	0.28905541
3955	0.28867263
3956	0.28824350
3957	0.28777921
3958	0.28729308
3959	0.28680000
3960	0.28631625
3961	0.28585893
3962	0.28544548
3963	0.28509307
3964	0.28481799
3965	0.28463522
3966	0.28455782
3967	0.28459674
3968	0.28476045
3969	0.28505471
3970	0.28548276
3971	0.28604493
3972	0.28673893
3973	0.28755978
3974	0.28849968
3975	0.28954852
3976	0.29069343
3977	0.29191917
3978	0.29320818
3979	0.29454046
3980	0.29589403
3981	0.29724494
3982	0.29856777
3983	0.29983589
3984	0.30102220
3985	0.30209979
3986	0.30304289
3987	0.30382749
3988	0.30443278
3989	0.30484167
3990	0.30504212
3991	0.30502754
3992	0.30479759
3993	0.30435824
3994	0.30372220
3995	0.30290824
3996	0.30194083
3997	0.30084935
3998	0.29966727
3999	0.29843092
4000	0.29717866
4001	0.29594964
4002	0.29478306
4003	0.29371721
4004	0.29278907
4005	0.29203358
4006	0.29148322
4007	0.29116786
4008	0.29111424
4009	0.29134598
4010	0.29188266
4011	0.29273981
4012	0.29392803
4013	0.29545230
4014	0.29731113
4015	0.29949576
4016	0.30198902
4017	0.30476487
4018	0.30778781
4019	0.31101286
4020	0.31438613
4021	0.31784597
4022	0.32132477
4023	0.32475182
4024	0.32805619
4025	0.33116990
4026	0.33403173
4027	0.33658957
4028	0.33880329
4029	0.34064600
4030	0.34210479
4031	0.34318012
4032	0.34388515
4033	0.34424385
4034	0.34428954
4035	0.34406239
4036	0.34360862
4037	0.34297842
4038	0.34222576
4039	0.34140769
4040	0.34058559
4041	0.33982545
4042	0.33920091
4043	0.33879548
4044	0.33870798
4045	0.33905697
4046	0.33998942
4047	0.34168965
4048	0.34439281
4049	0.34840053
4050	0.35410136
4051	0.36199948
4052	0.37275025
4053	0.38721237
4054	0.40652236
4055	0.43222085
4056	0.46646473
4057	0.51243412
4058	0.57514983
4059	0.66328257
4060	0.79357839
4061	1.00364888
4062	1.39960885
4063	2.44157314
4064	NaN
4065	NaN
4066	NaN
4067	NaN
4068	NaN
4069	NaN
4070	NaN
4071	NaN
4072	NaN
4073	NaN
4074	NaN
4075	NaN
4076	NaN
4077	NaN
4078	NaN
4079	NaN
4080	NaN
4081	NaN
4082	NaN
4083	NaN
4084	NaN
4085	NaN
4086	NaN
4087	NaN
4088	NaN
4089	NaN
4090	NaN
4091	NaN
4092	NaN
4093	NaN
4094	NaN
4095	NaN
4096	NaN
4097	NaN
4098	NaN
4099	NaN
4100	NaN
4101	NaN
4102	NaN
4103	NaN
4104	NaN
4105	NaN
4106	NaN
4107	NaN
4108	NaN
4109	NaN
4110	NaN
4111	NaN
4112	NaN
4113	NaN
4114	NaN
4115	NaN
4116	NaN
4117	NaN
4118	NaN
4119	NaN
4120	NaN
4121	NaN
4122	NaN
4123	NaN
4124	NaN
4125	NaN
4126	NaN
4127	NaN
4128	NaN
4129	NaN
4130	NaN
4131	NaN
4132	NaN
4133	NaN
4134	NaN
4135	NaN
4136	NaN
4137	NaN
4138	NaN
4139	NaN
4140	NaN
4141	NaN
4142	NaN
4143	NaN
4144	NaN
4145	NaN
4146	NaN
4147	NaN
4148	NaN
4149	NaN
4150	NaN
4151	NaN
4152	NaN
4153	NaN
4154	0.75546199
4155	0.42785341
4156	0.33942586
4157	0.29845157
4158	0.27502152
4159	0.26005813
4160	0.24985822
4161	0.24262196
4162	0.23736362
4163	0.23349491
4164	0.23064017
4165	0.22854665
4166	0.22703686
4167	0.22598171
4168	0.22528468
4169	0.22487192
4170	0.22468586
4171	0.22468105
4172	0.22482091
4173	0.22507575
4174	0.22542109
4175	0.22583662
4176	0.22630504
4177	0.22681145
4178	0.22734269
4179	0.22788689
4180	0.22843307
4181	0.22897096
4182	0.22949064
4183	0.22998263
4184	0.23043774
4185	0.23084722
4186	0.23120287
4187	0.23149711
4188	0.23172331
4189	0.23187603
4190	0.23195103
4191	0.23194587
4192	0.23185973
4193	0.23169392
4194	0.23145175
4195	0.23113880
4196	0.23076279
4197	0.23033345
4198	0.22986244
4199	0.22936308
4200	0.22884981
4201	0.22833797
4202	0.22784317
4203	0.22738081
4204	0.22696559
4205	0.22661088
4206	0.22632845
4207	0.22612798
4208	0.22601686
4209	0.22600012
4210	0.22608009
4211	0.22625698
4212	0.22652841
4213	0.22688988
4214	0.22733493
4215	0.22785509
4216	0.22844021
4217	0.22907852
4218	0.22975667
4219	0.23046008
4220	0.23117296
4221	0.23187873
4222	0.23256023
4223	0.23320030
4224	0.23378223
4225	0.23429056
4226	0.23471147
4227	0.23503368
4228	0.23524891
4229	0.23535234
4230	0.23534298
4231	0.23522368
4232	0.23500101
4233	0.23468488
4234	0.23428805
4235	0.23382533
4236	0.23331283
4237	0.23276722
4238	0.23220491
4239	0.23164152
4240	0.23109117
4241	0.23056641
4242	0.23007770
4243	0.22963353
4244	0.22924037
4245	0.22890285
4246	0.22862375
4247	0.22840443
4248	0.22824492
4249	0.22814412
4250	0.22810005
4251	0.22810996
4252	0.22817039
4253	0.22827747
4254	0.22842667
4255	0.22861315
4256	0.22883157
4257	0.22907634
4258	0.22934137
4259	0.22962047
4260	0.22990721
4261	0.23019516
4262	0.23047791
4263	0.23074934
4264	0.23100366
4265	0.23123562
4266	0.23144065
4267	0.23161475
4268	0.23175479
4269	0.23185831
4270	0.23192362
4271	0.23194966
4272	0.23193595
4273	0.23188265
4274	0.23179038
4275	0.23166029
4276	0.23149404
4277	0.23129380
4278	0.23106235
4279	0.23080310
4280	0.23052001
4281	0.23021778
4282	0.22990164
4283	0.22957744
4284	0.22925140
4285	0.22893006
4286	0.22861999
4287	0.22832771
4288	0.22805935
4289	0.22782055
4290	0.22761619
4291	0.22745028
4292	0.22732589
4293	0.22724500
4294	0.22720878
4295	0.22721733
4296	0.22726992
4297	0.22736518
4298	0.22750108
4299	0.22767523
4300	0.22788472
4301	0.22812653
4302	0.22839729
4303	0.22869357
4304	0.22901177
4305	0.22934814
4306	0.22969869
4307	0.23005934
4308	0.23042576
4309	0.23079337
4310	0.23115732
4311	0.23151243
4312	0.23185323
4313	0.23217395
4314	0.23246859
4315	0.23273084
4316	0.23295437
4317	0.23313288
4318	0.23326033
4319	0.23333122
4320	0.23334077
4321	0.23328528
4322	0.23316246
4323	0.23297158
4324	0.23271374
4325	0.23239183
4326	0.23201068
4327	0.23157677
4328	0.23109815
4329	0.23058413
4330	0.23004499
4331	0.22949165
4332	0.22893547
4333	0.22838795
4334	0.22786061
4335	0.22736488
4336	0.22691202
4337	0.22651312
4338	0.22617915
4339	0.22592090
4340	0.22574882
4341	0.22567327
4342	0.22570390
4343	0.22584996
4344	0.22611955
4345	0.22651954
4346	0.22705501
4347	0.22772874
4348	0.22854081
4349	0.22948778
4350	0.23056230
4351	0.23175280
4352	0.23304312
4353	0.23441286
4354	0.23583761
4355	0.23728971
4356	0.23873971
4357	0.24015741
4358	0.24151416
4359	0.24278383
4360	0.24394473
4361	0.24498041
4362	0.24588066
4363	0.24664146
4364	0.24726464
4365	0.24775733
4366	0.24813130
4367	0.24840173
4368	0.24858724
4369	0.24870832
4370	0.24878843
4371	0.24885339
4372	0.24893270
4373	0.24906071
4374	0.24927866
4375	0.24963821
4376	0.25020596
4377	0.25107050
4378	0.25235319
4379	0.25422335
4380	0.25692350
4381	0.26080829
4382	0.26640800
4383	0.27454141
4384	0.28651142
4385	0.30448824
4386	0.33231175
4387	0.37738597
4388	0.45592543
4389	0.61153436
4390	1.01596832
4391	NaN
4392	NaN
4393	NaN
4394	NaN
4395	NaN
4396	NaN
4397	NaN
4398	NaN
4399	NaN
4400	NaN
4401	NaN
4402	NaN
4403	NaN
4404	NaN
4405	NaN
4406	NaN
4407	NaN
4408	NaN
4409	NaN
4410	NaN
4411	NaN
4412	NaN
4413	NaN
4414	NaN
4415	NaN
4416	NaN
4417	NaN
4418	NaN
4419	NaN
4420	NaN
4421	NaN
4422	NaN
4423	NaN
4424	NaN
4425	NaN
4426	NaN
4427	NaN
4428	NaN
4429	NaN
4430	NaN
4431	NaN
4432	NaN
4433	NaN
4434	NaN
4435	NaN
4436	NaN
4437	NaN
4438	NaN
4439	NaN
4440	NaN
4441	NaN
4442	NaN
4443	NaN
4444	NaN
4445	NaN
4446	NaN
4447	NaN
4448	NaN
4449	NaN
4450	NaN
4451	NaN
4452	NaN
4453	NaN
4454	NaN
4455	NaN
4456	NaN
4457	NaN
4458	NaN
4459	NaN
4460	NaN
4461	NaN
4462	NaN
4463	NaN
4464	NaN
4465	NaN
4466	NaN
4467	NaN
4468	NaN
4469	NaN
4470	NaN
4471	NaN
4472	NaN
4473	NaN
4474	NaN
4475	NaN
4476	NaN
4477	NaN
4478	NaN
4479	NaN
4480	NaN
4481	NaN
4482	NaN
4483	NaN
4484	NaN
4485	NaN
4486	NaN
4487	NaN
4488	NaN
4489	NaN
4490	NaN
4491	NaN
4492	1.59194994
4493	0.62337977
4494	0.46397197
4495	0.39892310
4496	0.36386743
4497	0.34214664
4498	0.32751587
4499	0.31710359
4500	0.30940419
4501	0.30355081
4502	0.29900926
4503	0.29543215
4504	0.29258397
4505	0.29029948
4506	0.28845960
4507	0.28697643
4508	0.28578407
4509	0.28483221
4510	0.28408229
4511	0.28350428
4512	0.28307480
4513	0.28277567
4514	0.28259271
4515	0.28251487
4516	0.28253379
4517	0.28264269
4518	0.28283647
4519	0.28311068
4520	0.28346145
4521	0.28388488
4522	0.28437653
4523	0.28493115
4524	0.28554216
4525	0.28620130
4526	0.28689834
4527	0.28762075
4528	0.28835377
4529	0.28908041
4530	0.28978178
4531	0.29043749
4532	0.29102656
4533	0.29152837
4534	0.29192373
4535	0.29219615
4536	0.29233304
4537	0.29232678
4538	0.29217559
4539	0.29188383
4540	0.29146212
4541	0.29092702
4542	0.29029998
4543	0.28960621
4544	0.28887343
4545	0.28813034
4546	0.28740519
4547	0.28672451
4548	0.28611219
4549	0.28558856
4550	0.28517011
4551	0.28486890
4552	0.28469285
4553	0.28464559
4554	0.28472674
4555	0.28493220
4556	0.28525445
4557	0.28568280
4558	0.28620386
4559	0.28680173
4560	0.28745851
4561	0.28815472
4562	0.28886980
4563	0.28958255
4564	0.29027209
4565	0.29091829
4566	0.29150262
4567	0.29200888
4568	0.29242375
4569	0.29273751
4570	0.29294407
4571	0.29304132
4572	0.29303104
4573	0.29291847
4574	0.29271212
4575	0.29242301
4576	0.29206422
4577	0.29165000
4578	0.29119548
4579	0.29071593
4580	0.29022628
4581	0.28974083
4582	0.28927296
4583	0.28883499
4584	0.28843790
4585	0.28809148
4586	0.28780413
4587	0.28758290
4588	0.28743356
4589	0.28736046
4590	0.28736657
4591	0.28745344
4592	0.28762132
4593	0.28786886
4594	0.28819349
4595	0.28859124
4596	0.28905678
4597	0.28958374
4598	0.29016480
4599	0.29079175
4600	0.29145598
4601	0.29214853
4602	0.29286039
4603	0.29358274
4604	0.29430726
4605	0.29502606
4606	0.29573199
4607	0.29641852
4608	0.29707989
4609	0.29771084
4610	0.29830667
4611	0.29886311
4612	0.29937622
4613	0.29984221
4614	0.30025768
4615	0.30061930
4616	0.30092403
4617	0.30116919
4618	0.30135241
4619	0.30147186
4620	0.30152634
4621	0.30151534
4622	0.30143937
4623	0.30129999
4624	0.30109990
4625	0.30084342
4626	0.30053619
4627	0.30018574
4628	0.29980120
4629	0.29939356
4630	0.29897526
4631	0.29856014
4632	0.29816312
4633	0.29779965
4634	0.29748529
4635	0.29723537
4636	0.29706410
4637	0.29698452
4638	0.29700777
4639	0.29714295
4640	0.29739690
4641	0.29777387
4642	0.29827556
4643	0.29890117
4644	0.29964718
4645	0.30050763
4646	0.30147398
4647	0.30253536
4648	0.30367848
4649	0.30488789
4650	0.30614591
4651	0.30743286
4652	0.30872726
4653	0.31000620
4654	0.31124547
4655	0.31242034
4656	0.31350601
4657	0.31447855
4658	0.31531557
4659	0.31599754
4660	0.31650820
4661	0.31683603
4662	0.31697458
4663	0.31692329
4664	0.31668758
4665	0.31627899
4666	0.31571481
4667	0.31501776
4668	0.31421492
4669	0.31333733
4670	0.31241864
4671	0.31149444
4672	0.31060141
4673	0.30977631
4674	0.30905548
4675	0.30847424
4676	0.30806628
4677	0.30786341
4678	0.30789497
4679	0.30818769
4680	0.30876487
4681	0.30964622
4682	0.31084701
4683	0.31237745
4684	0.31424168
4685	0.31643718
4686	0.31895357
4687	0.32177198
4688	0.32486433
4689	0.32819307
4690	0.33171126
4691	0.33536336
4692	0.33908647
4693	0.34281230
4694	0.34647000
4695	0.34998873
4696	0.35330123
4697	0.35634688
4698	0.35907429
4699	0.36144328
4700	0.36342663
4701	0.36501011
4702	0.36619261
4703	0.36698478
4704	0.36740804
4705	0.36749288
4706	0.36727744
4707	0.36680624
4708	0.36612904
4709	0.36530086
4710	0.36438176
4711	0.36343825
4712	0.36254469
4713	0.36178654
4714	0.36126405
4715	0.36109886
4716	0.36144084
4717	0.36248133
4718	0.36446670
4719	0.36772284
4720	0.37268615
4721	0.37995353
4722	0.39035708
4723	0.40508923
4724	0.42591292
4725	0.45556027
4726	0.49852544
4727	0.56284332
4728	0.66461241
4729	0.84199721
4730	1.21393514
4731	2.43952918
4732	NaN
4733	NaN
4734	NaN
4735	NaN
4736	NaN
4737	NaN
4738	NaN
4739	NaN
4740	NaN
4741	NaN
4742	NaN
4743	NaN
4744	NaN
4745	NaN
4746	NaN
4747	NaN
4748	NaN
4749	NaN
4750	NaN
4751	NaN
4752	NaN
4753	NaN
4754	NaN
4755	NaN
4756	NaN
4757	NaN
4758	NaN
4759	NaN
4760	NaN
4761	NaN
4762	NaN
4763	NaN
4764	NaN
4765	NaN
4766	NaN
4767	NaN
4768	NaN
4769	NaN
4770	NaN
4771	NaN
4772	NaN
4773	NaN
4774	NaN
4775	NaN
4776	NaN
4777	NaN
4778	NaN
4779	NaN
4780	NaN
4781	NaN
4782	NaN
4783	NaN
4784	NaN
4785	NaN
4786	NaN
4787	NaN
4788	NaN
4789	NaN
4790	NaN
4791	NaN
4792	NaN
4793	NaN
4794	NaN
4795	NaN
4796	NaN
4797	NaN
4798	NaN
4799	NaN
4800	NaN
4801	NaN
4802	NaN
4803	NaN
4804	NaN
4805	NaN
4806	NaN
4807	NaN
4808	NaN
4809	NaN
4810	NaN
4811	NaN
4812	NaN
4813	NaN
4814	NaN
4815	NaN
4816	NaN
4817	NaN
4818	NaN
4819	NaN
4820	NaN
4821	NaN
4822	NaN
4823	1.21940970
4824	0.53122991
4825	0.40197331
4826	0.34730795
4827	0.31718010
4828	0.29818743
4829	0.28521562
4830	0.27588463
4831	0.26893306
4832	0.26362756
4833	0.25951105
4834	0.25628263
4835	0.25373533
4836	0.25172147
4837	0.25013265
4838	0.24888711
4839	0.24792193
4840	0.24718769
4841	0.24664499
4842	0.24626185
4843	0.24601193
4844	0.24587329
4845	0.24582724
4846	0.24585776
4847	0.24595064
4848	0.24609315
4849	0.24627379
4850	0.24648151
4851	0.24670601
4852	0.24693714
4853	0.24716504
4854	0.24738012
4855	0.24757300
4856	0.24773462
4857	0.24785654
4858	0.24793096
4859	0.24795116
4860	0.24791153
4861	0.24780801
4862	0.24763836
4863	0.24740227
4864	0.24710177
4865	0.24674118
4866	0.24632740
4867	0.24586962
4868	0.24537936
4869	0.24487007
4870	0.24435669
4871	0.24385518
4872	0.24338180
4873	0.24295239
4874	0.24258186
4875	0.24228340
4876	0.24206814
4877	0.24194469
4878	0.24191903
4879	0.24199443
4880	0.24217156
4881	0.24244848
4882	0.24282101
4883	0.24328271
4884	0.24382529
4885	0.24443853
4886	0.24511059
4887	0.24582800
4888	0.24657585
4889	0.24733794
4890	0.24809690
4891	0.24883460
4892	0.24953243
4893	0.25017196
4894	0.25073543
4895	0.25120646
4896	0.25157088
4897	0.25181746
4898	0.25193840
4899	0.25193000
4900	0.25179291
4901	0.25153217
4902	0.25115693
4903	0.25068021
4904	0.25011802
4905	0.24948855
4906	0.24881145
4907	0.24810670
4908	0.24739394
4909	0.24669161
4910	0.24601640
4911	0.24538283
4912	0.24480291
4913	0.24428621
4914	0.24383956
4915	0.24346751
4916	0.24317227
4917	0.24295415
4918	0.24281177
4919	0.24274240
4920	0.24274224
4921	0.24280655
4922	0.24292997
4923	0.24310654
4924	0.24332997
4925	0.24359338
4926	0.24388970
4927	0.24421145
4928	0.24455093
4929	0.24490027
4930	0.24525161
4931	0.24559724
4932	0.24592988
4933	0.24624276
4934	0.24653003
4935	0.24678679
4936	0.24700937
4937	0.24719524
4938	0.24734324
4939	0.24745330
4940	0.24752639
4941	0.24756436
4942	0.24756972
4943	0.24754547
4944	0.24749477
4945	0.24742098
4946	0.24732737
4947	0.24721715
4948	0.24709341
4949	0.24695905
4950	0.24681696
4951	0.24666984
4952	0.24652044
4953	0.24637142
4954	0.24622542
4955	0.24608499
4956	0.24595267
4957	0.24583082
4958	0.24572162
4959	0.24562700
4960	0.24554867
4961	0.24548800
4962	0.24544613
4963	0.24542388
4964	0.24542193
4965	0.24544072
4966	0.24548061
4967	0.24554193
4968	0.24562499
4969	0.24573013
4970	0.24585764
4971	0.24600784
4972	0.24618097
4973	0.24637702
4974	0.24659579
4975	0.24683660
4976	0.24709831
4977	0.24737917
4978	0.24767673
4979	0.24798773
4980	0.24830820
4981	0.24863322
4982	0.24895720
4983	0.24927361
4984	0.24957538
4985	0.24985492
4986	0.25010428
4987	0.25031543
4988	0.25048068
4989	0.25059280
4990	0.25064570
4991	0.25063446
4992	0.25055596
4993	0.25040895
4994	0.25019440
4995	0.24991541
4996	0.24957728
4997	0.24918748
4998	0.24875507
4999	0.24829069
5000	0.24780604
5001	0.24731344
5002	0.24682568
5003	0.24635547
5004	0.24591529
5005	0.24551709
5006	0.24517214
5007	0.24489100
5008	0.24468331
5009	0.24455766
5010	0.24452168
5011	0.24458182
5012	0.24474330
5013	0.24500972
5014	0.24538311
5015	0.24586332
5016	0.24644788
5017	0.24713145
5018	0.24790549
5019	0.24875779
5020	0.24967226
5021	0.25062895
5022	0.25160420
5023	0.25257128
5024	0.25350153
5025	0.25436556
5026	0.25513536
5027	0.25578555
5028	0.25629583
5029	0.25665188
5030	0.25684667
5031	0.25688061
5032	0.25676143
5033	0.25650296
5034	0.25612450
5035	0.25564885
5036	0.25510150
5037	0.25450909
5038	0.25389895
5039	0.25329870
5040	0.25273633
5041	0.25224099
5042	0.25184384
5043	0.25157985
5044	0.25149015
5045	0.25162470
5046	0.25204736
5047	0.25284046
5048	0.25411361
5049	0.25601479
5050	0.25874671
5051	0.26259065
5052	0.26794103
5053	0.27535939
5054	0.28565708
5055	0.30002731
5056	0.32027072
5057	0.34919223
5058	0.39138070
5059	0.45487672
5060	0.55532098
5061	0.72832322
5062	1.07874775
5063	2.12072206
5064	NaN
5065	NaN
5066	NaN
5067	NaN
5068	NaN
5069	NaN
5070	NaN
5071	NaN
5072	NaN
5073	NaN
5074	NaN
5075	NaN
5076	NaN
5077	NaN
5078	NaN
5079	NaN
5080	NaN
5081	NaN
5082	NaN
5083	NaN
5084	NaN
5085	NaN
5086	NaN
5087	NaN
5088	NaN
5089	NaN
5090	NaN
5091	NaN
5092	NaN
5093	NaN
5094	NaN
5095	NaN
5096	NaN
5097	NaN
5098	NaN
5099	NaN
5100	NaN
5101	NaN
5102	NaN
5103	NaN
5104	NaN
5105	NaN
5106	NaN
5107	NaN
5108	NaN
5109	NaN
5110	NaN
5111	NaN
5112	NaN
5113	NaN
5114	NaN
5115	NaN
5116	NaN
5117	NaN
5118	NaN
5119	NaN
5120	NaN
5121	NaN
5122	NaN
5123	NaN
5124	NaN
5125	NaN
5126	NaN
5127	NaN
5128	NaN
5129	NaN
5130	NaN
5131	NaN
5132	NaN
5133	NaN
5134	NaN
5135	NaN
5136	NaN
5137	NaN
5138	NaN
5139	NaN
5140	NaN
5141	NaN
5142	NaN
5143	NaN
5144	NaN
5145	NaN
5146	NaN
5147	NaN
5148	NaN
5149	NaN
5150	NaN
5151	NaN
5152	NaN
5153	NaN
5154	NaN
5155	NaN
5156	NaN
5157	NaN
5158	NaN
5159	NaN
5160	NaN
5161	NaN
5162	NaN
5163	2.73320007
5164	0.72008497
5165	0.51161873
5166	0.43280151
5167	0.39171806
5168	0.36671788
5169	0.35004455
5170	0.33823067
5171	0.32949370
5172	0.32282418
5173	0.31760839
5174	0.31345266
5175	0.31009343
5176	0.30734849
5177	0.30508816
5178	0.30321831
5179	0.30166921
5180	0.30038843
5181	0.29933611
5182	0.29848152
5183	0.29780081
5184	0.29727525
5185	0.29688999
5186	0.29663315
5187	0.29649502
5188	0.29646751
5189	0.29654351
5190	0.29671657
5191	0.29698038
5192	0.29732817
5193	0.29775274
5194	0.29824555
5195	0.29879677
5196	0.29939476
5197	0.30002597
5198	0.30067474
5199	0.30132335
5200	0.30195245
5201	0.30254117
5202	0.30306807
5203	0.30351201
5204	0.30385318
5205	0.30407447
5206	0.30416256
5207	0.30410916
5208	0.30391186
5209	0.30357483
5210	0.30310857
5211	0.30252996
5212	0.30186120
5213	0.30112872
5214	0.30036175
5215	0.29959074
5216	0.29884592
5217	0.29815584
5218	0.29754630
5219	0.29703945
5220	0.29665306
5221	0.29640022
5222	0.29628924
5223	0.29632357
5224	0.29650196
5225	0.29681876
5226	0.29726413
5227	0.29782447
5228	0.29848289
5229	0.29921967
5230	0.30001268
5231	0.30083817
5232	0.30167148
5233	0.30248770
5234	0.30326244
5235	0.30397296
5236	0.30459875
5237	0.30512255
5238	0.30553085
5239	0.30581462
5240	0.30596939
5241	0.30599543
5242	0.30589762
5243	0.30568495
5244	0.30536982
5245	0.30496752
5246	0.30449528
5247	0.30397156
5248	0.30341512
5249	0.30284443
5250	0.30227715
5251	0.30172965
5252	0.30121657
5253	0.30075079
5254	0.30034325
5255	0.30000284
5256	0.29973665
5257	0.29954982
5258	0.29944587
5259	0.29942653
5260	0.29949218
5261	0.29964161
5262	0.29987237
5263	0.30018064
5264	0.30056134
5265	0.30100816
5266	0.30151376
5267	0.30206981
5268	0.30266729
5269	0.30329666
5270	0.30394804
5271	0.30461177
5272	0.30527839
5273	0.30593923
5274	0.30658627
5275	0.30721256
5276	0.30781221
5277	0.30838025
5278	0.30891269
5279	0.30940634
5280	0.30985856
5281	0.31026721
5282	0.31063038
5283	0.31094635
5284	0.31121334
5285	0.31142968
5286	0.31159377
5287	0.31170413
5288	0.31175938
5289	0.31175864
5290	0.31170136
5291	0.31158769
5292	0.31141853
5293	0.31119561
5294	0.31092179
5295	0.31060106
5296	0.31023866
5297	0.30984125
5298	0.30941692
5299	0.30897522
5300	0.30852702
5301	0.30808437
5302	0.30766037
5303	0.30726859
5304	0.30692309
5305	0.30663750
5306	0.30642498
5307	0.30629745
5308	0.30626535
5309	0.30633727
5310	0.30651939
5311	0.30681545
5312	0.30722654
5313	0.30775079
5314	0.30838344
5315	0.30911669
5316	0.30993986
5317	0.31083912
5318	0.31179792
5319	0.31279686
5320	0.31381395
5321	0.31482491
5322	0.31580335
5323	0.31672135
5324	0.31754994
5325	0.31825984
5326	0.31882226
5327	0.31921005
5328	0.31939861
5329	0.31936723
5330	0.31910041
5331	0.31858891
5332	0.31783107
5333	0.31683341
5334	0.31561136
5335	0.31418943
5336	0.31260088
5337	0.31088701
5338	0.30909607
5339	0.30728155
5340	0.30550030
5341	0.30381048
5342	0.30226907
5343	0.30092981
5344	0.29984125
5345	0.29904529
5346	0.29857603
5347	0.29845971
5348	0.29871449
5349	0.29935098
5350	0.30037263
5351	0.30177638
5352	0.30355293
5353	0.30568710
5354	0.30815798
5355	0.31093901
5356	0.31399772
5357	0.31729582
5358	0.32078919
5359	0.32442817
5360	0.32815847
5361	0.33192179
5362	0.33565760
5363	0.33930534
5364	0.34280628
5365	0.34610641
5366	0.34915853
5367	0.35192466
5368	0.35437739
5369	0.35650122
5370	0.35829252
5371	0.35975930
5372	0.36092004
5373	0.36180255
5374	0.36244217
5375	0.36288077
5376	0.36316466
5377	0.36334434
5378	0.36347333
5379	0.36360860
5380	0.36381048
5381	0.36414394
5382	0.36467928
5383	0.36549479
5384	0.36667824
5385	0.36833107
5386	0.37057129
5387	0.37353969
5388	0.37740552
5389	0.38237539
5390	0.38870502
5391	0.39671421
5392	0.40680894
5393	0.41951331
5394	0.43551922
5395	0.45576560
5396	0.48157281
5397	0.51488417
5398	0.55872142
5399	0.61811101
5400	0.70215648
5401	0.82930177
5402	1.04350734
5403	1.48161113
5404	2.89168406
5405	NaN
5406	NaN
5407	NaN
5408	NaN
5409	NaN
5410	NaN
5411	NaN
5412	NaN
5413	NaN
5414	NaN
5415	NaN
5416	NaN
5417	NaN
5418	NaN
5419	NaN
5420	NaN
5421	NaN
5422	NaN
5423	NaN
5424	NaN
5425	NaN
5426	NaN
5427	NaN
5428	NaN
5429	NaN
5430	NaN
5431	NaN
5432	NaN
5433	NaN
5434	NaN
5435	NaN
5436	NaN
5437	NaN
5438	NaN
5439	NaN
5440	NaN
5441	NaN
5442	NaN
5443	NaN
5444	NaN
5445	NaN
5446	NaN
5447	NaN
5448	NaN
5449	NaN
5450	NaN
5451	NaN
5452	NaN
5453	NaN
5454	NaN
5455	NaN
5456	NaN
5457	NaN
5458	NaN
5459	NaN
5460	NaN
5461	NaN
5462	NaN
5463	NaN
5464	NaN
5465	NaN
5466	NaN
5467	NaN
5468	NaN
5469	NaN
5470	NaN
5471	NaN
5472	NaN
5473	NaN
5474	NaN
5475	NaN
5476	NaN
5477	NaN
5478	NaN
5479	NaN
5480	NaN
5481	NaN
5482	NaN
5483	NaN
5484	NaN
5485	0.38709667
5486	0.27918562
5487	0.26503211
5488	0.25836089
5489	0.25396171
5490	0.25059235
5491	0.24780484
5492	0.24539784
5493	0.24326672
5494	0.24135102
5495	0.23961306
5496	0.23802778
5497	0.23657745
5498	0.23524936
5499	0.23403354
5500	0.23292214
5501	0.23190859
5502	0.23098721
5503	0.23015271
5504	0.22940016
5505	0.22872463
5506	0.22812125
5507	0.22758497
5508	0.22711067
5509	0.22669300
5510	0.22632642
5511	0.22600529
5512	0.22572371
5513	0.22547576
5514	0.22525544
5515	0.22505680
5516	0.22487415
5517	0.22470210
5518	0.22453587
5519	0.22437134
5520	0.22420532
5521	0.22403571
5522	0.22386150
5523	0.22368291
5524	0.22350128
5525	0.22331917
5526	0.22314005
5527	0.22296830
5528	0.22280885
5529	0.22266720
5530	0.22254884
5531	0.22245927
5532	0.22240357
5533	0.22238635
5534	0.22241132
5535	0.22248137
5536	0.22259833
5537	0.22276302
5538	0.22297518
5539	0.22323355
5540	0.22353601
5541	0.22387955
5542	0.22426052
5543	0.22467461
5544	0.22511694
5545	0.22558206
5546	0.22606403
5547	0.22655635
5548	0.22705196
5549	0.22754321
5550	0.22802186
5551	0.22847918
5552	0.22890601
5553	0.22929297
5554	0.22963060
5555	0.22990981
5556	0.23012213
5557	0.23026028
5558	0.23031843
5559	0.23029274
5560	0.23018162
5561	0.22998601
5562	0.22970954
5563	0.22935836
5564	0.22894107
5565	0.22846834
5566	0.22795245
5567	0.22740683
5568	0.22684543
5569	0.22628216
5570	0.22573034
5571	0.22520228
5572	0.22470886
5573	0.22425926
5574	0.22386087
5575	0.22351907
5576	0.22323747
5577	0.22301774
5578	0.22286008
5579	0.22276299
5580	0.22272390
5581	0.22273907
5582	0.22280385
5583	0.22291292
5584	0.22306044
5585	0.22324017
5586	0.22344568
5587	0.22367045
5588	0.22390802
5589	0.22415206
5590	0.22439666
5591	0.22463630
5592	0.22486602
5593	0.22508138
5594	0.22527865
5595	0.22545478
5596	0.22560737
5597	0.22573479
5598	0.22583592
5599	0.22591037
5600	0.22595823
5601	0.22598013
5602	0.22597711
5603	0.22595058
5604	0.22590227
5605	0.22583416
5606	0.22574842
5607	0.22564735
5608	0.22553343
5609	0.22540922
5610	0.22527741
5611	0.22514078
5612	0.22500224
5613	0.22486480
5614	0.22473149
5615	0.22460540
5616	0.22448950
5617	0.22438669
5618	0.22429958
5619	0.22423045
5620	0.22418104
5621	0.22415262
5622	0.22414580
5623	0.22416046
5624	0.22419587
5625	0.22425056
5626	0.22432262
5627	0.22440960
5628	0.22450881
5629	0.22461732
5630	0.22473234
5631	0.22485106
5632	0.22497103
5633	0.22509009
5634	0.22520646
5635	0.22531886
5636	0.22542639
5637	0.22552846
5638	0.22562495
5639	0.22571598
5640	0.22580202
5641	0.22588357
5642	0.22596146
5643	0.22603646
5644	0.22610937
5645	0.22618105
5646	0.22625217
5647	0.22632329
5648	0.22639479
5649	0.22646677
5650	0.22653930
5651	0.22661212
5652	0.22668485
5653	0.22675700
5654	0.22682798
5655	0.22689718
5656	0.22696400
5657	0.22702792
5658	0.22708853
5659	0.22714543
5660	0.22719859
5661	0.22724789
5662	0.22729358
5663	0.22733599
5664	0.22737572
5665	0.22741361
5666	0.22745065
5667	0.22748819
5668	0.22752778
5669	0.22757119
5670	0.22762051
5671	0.22767796
5672	0.22774601
5673	0.22782713
5674	0.22792393
5675	0.22803885
5676	0.22817408
5677	0.22833143
5678	0.22851221
5679	0.22871697
5680	0.22894551
5681	0.22919664
5682	0.22946826
5683	0.22975722
5684	0.23005943
5685	0.23037021
5686	0.23068418
5687	0.23099579
5688	0.23129950
5689	0.23159061
5690	0.23186521
5691	0.23212089
5692	0.23235713
5693	0.23257546
5694	0.23277995
5695	0.23297691
5696	0.23317498
5697	0.23338526
5698	0.23362099
5699	0.23389784
5700	0.23423356
5701	0.23464872
5702	0.23516677
5703	0.23581529
5704	0.23662683
5705	0.23764098
5706	0.23890606
5707	0.24048281
5708	0.24244778
5709	0.24490035
5710	0.24796870
5711	0.25182295
5712	0.25668973
5713	0.26287794
5714	0.27081695
5715	0.28111681
5716	0.29467177
5717	0.31284705
5718	0.33783144
5719	0.37337962
5720	0.42654306
5721	0.51239997
5722	0.67028999
5723	1.04646873
5724	3.03886700
5725	NaN
5726	NaN
5727	NaN
5728	NaN
5729	NaN
5730	NaN
5731	NaN
5732	NaN
5733	NaN
5734	NaN
5735	NaN
5736	NaN
5737	NaN
5738	NaN
5739	NaN
5740	NaN
5741	NaN
5742	NaN
5743	NaN
5744	NaN
5745	NaN
5746	NaN
5747	NaN
5748	NaN
5749	NaN
5750	NaN
5751	NaN
5752	NaN
5753	NaN
5754	NaN
5755	NaN
5756	NaN
5757	NaN
5758	NaN
5759	NaN
5760	NaN
5761	NaN
5762	NaN
5763	NaN
5764	NaN
5765	NaN
5766	NaN
5767	NaN
5768	NaN
5769	NaN
5770	NaN
5771	NaN
5772	NaN
5773	NaN
5774	NaN
5775	NaN
5776	NaN
5777	NaN
5778	NaN
5779	NaN
5780	NaN
5781	NaN
5782	NaN
5783	NaN
5784	NaN
5785	NaN
5786	NaN
5787	NaN
5788	NaN
5789	NaN
5790	NaN
5791	NaN
5792	NaN
5793	NaN
5794	NaN
5795	NaN
5796	NaN
5797	NaN
5798	NaN
5799	NaN
5800	NaN
5801	NaN
5802	NaN
5803	NaN
5804	NaN
5805	NaN
5806	NaN
5807	NaN
5808	NaN
5809	NaN
5810	NaN
5811	NaN
5812	NaN
5813	NaN
5814	NaN
5815	NaN
5816	NaN
5817	NaN
5818	NaN
5819	NaN
5820	NaN
5821	0.81719381
5822	0.51036358
5823	0.41302112
5824	0.36527902
5825	0.33697802
5826	0.31830075
5827	0.30509573
5828	0.29530397
5829	0.28778818
5830	0.28186855
5831	0.27711332
5832	0.27323535
5833	0.27003589
5834	0.26737300
5835	0.26514283
5836	0.26326749
5837	0.26168790
5838	0.26035827
5839	0.25924298
5840	0.25831395
5841	0.25754902
5842	0.25693053
5843	0.25644439
5844	0.25607926
5845	0.25582588
5846	0.25567639
5847	0.25562409
5848	0.25566265
5849	0.25578591
5850	0.25598732
5851	0.25625974
5852	0.25659490
5853	0.25698337
5854	0.25741422
5855	0.25787517
5856	0.25835243
5857	0.25883114
5858	0.25929570
5859	0.25973025
5860	0.26011941
5861	0.26044890
5862	0.26070639
5863	0.26088211
5864	0.26096931
5865	0.26096484
5866	0.26086929
5867	0.26068684
5868	0.26042524
5869	0.26009503
5870	0.25970933
5871	0.25928289
5872	0.25883138
5873	0.25837076
5874	0.25791645
5875	0.25748292
5876	0.25708312
5877	0.25672820
5878	0.25642714
5879	0.25618684
5880	0.25601187
5881	0.25590488
5882	0.25586626
5883	0.25589466
5884	0.25598696
5885	0.25613847
5886	0.25634316
5887	0.25659376
5888	0.25688192
5889	0.25719842
5890	0.25753337
5891	0.25787660
5892	0.25821754
5893	0.25854599
5894	0.25885206
5895	0.25912675
5896	0.25936201
5897	0.25955129
5898	0.25968939
5899	0.25977299
5900	0.25980040
5901	0.25977179
5902	0.25968900
5903	0.25955540
5904	0.25937563
5905	0.25915557
5906	0.25890201
5907	0.25862232
5908	0.25832441
5909	0.25801650
5910	0.25770688
5911	0.25740397
5912	0.25711605
5913	0.25685132
5914	0.25661761
5915	0.25642267
5916	0.25627372
5917	0.25617751
5918	0.25614020
5919	0.25616708
5920	0.25626263
5921	0.25643018
5922	0.25667167
5923	0.25698778
5924	0.25737759
5925	0.25783864
5926	0.25836676
5927	0.25895628
5928	0.25960001
5929	0.26028946
5930	0.26101506
5931	0.26176643
5932	0.26253253
5933	0.26330209
5934	0.26406372
5935	0.26480630
5936	0.26551902
5937	0.26619172
5938	0.26681489
5939	0.26737988
5940	0.26787895
5941	0.26830548
5942	0.26865387
5943	0.26891977
5944	0.26910013
5945	0.26919332
5946	0.26919907
5947	0.26911864
5948	0.26895493
5949	0.26871240
5950	0.26839721
5951	0.26801726
5952	0.26758203
5953	0.26710260
5954	0.26659161
5955	0.26606300
5956	0.26553157
5957	0.26501310
5958	0.26452357
5959	0.26407903
5960	0.26369506
5961	0.26338646
5962	0.26316676
5963	0.26304778
5964	0.26303965
5965	0.26315019
5966	0.26338506
5967	0.26374722
5968	0.26423731
5969	0.26485330
5970	0.26559079
5971	0.26644275
5972	0.26739997
5973	0.26845098
5974	0.26958224
5975	0.27077851
5976	0.27202258
5977	0.27329597
5978	0.27457875
5979	0.27585006
5980	0.27708820
5981	0.27827108
5982	0.27937657
5983	0.28038305
5984	0.28126994
5985	0.28201836
5986	0.28261173
5987	0.28303650
5988	0.28328288
5989	0.28334543
5990	0.28322348
5991	0.28292155
5992	0.28244945
5993	0.28182220
5994	0.28105974
5995	0.28018636
5996	0.27923015
5997	0.27822191
5998	0.27719459
5999	0.27618214
6000	0.27521878
6001	0.27433816
6002	0.27357271
6003	0.27295312
6004	0.27250794
6005	0.27226302
6006	0.27224150
6007	0.27246317
6008	0.27294445
6009	0.27369785
6010	0.27473173
6011	0.27604949
6012	0.27764949
6013	0.27952415
6014	0.28165963
6015	0.28403530
6016	0.28662366
6017	0.28939018
6018	0.29229376
6019	0.29528740
6020	0.29831943
6021	0.30133492
6022	0.30427778
6023	0.30709302
6024	0.30972874
6025	0.31213880
6026	0.31428465
6027	0.31613690
6028	0.31767663
6029	0.31889585
6030	0.31979743
6031	0.32039475
6032	0.32071117
6033	0.32077914
6034	0.32063958
6035	0.32034147
6036	0.31994176
6037	0.31950590
6038	0.31910941
6039	0.31883901
6040	0.31879598
6041	0.31909919
6042	0.31989014
6043	0.32133991
6044	0.32365707
6045	0.32709953
6046	0.33198985
6047	0.33873653
6048	0.34786582
6049	0.36006424
6050	0.37625146
6051	0.39769053
6052	0.42618787
6053	0.46445161
6054	0.51681030
6055	0.59075910
6056	0.70074046
6057	0.87897354
6058	1.21564758
6059	2.09692144
6060	NaN
6061	NaN
6062	NaN
6063	NaN
6064	NaN
6065	NaN
6066	NaN
6067	NaN
6068	NaN
6069	NaN
6070	NaN
6071	NaN
6072	NaN
6073	NaN
6074	NaN
6075	NaN
6076	NaN
6077	NaN
6078	NaN
6079	NaN
6080	NaN
6081	NaN
6082	NaN
6083	NaN
6084	NaN
6085	NaN
6086	NaN
6087	NaN
6088	NaN
6089	NaN
6090	NaN
6091	NaN
6092	NaN
6093	NaN
6094	NaN
6095	NaN
6096	NaN
6097	NaN
6098	NaN
6099	NaN
6100	NaN
6101	NaN
6102	NaN
6103	NaN
6104	NaN
6105	NaN
6106	NaN
6107	NaN
6108	NaN
6109	NaN
6110	NaN
6111	NaN
6112	NaN
6113	NaN
6114	NaN
6115	NaN
6116	NaN
6117	NaN
6118	NaN
6119	NaN
6120	NaN
6121	NaN
6122	NaN
6123	NaN
6124	NaN
6125	NaN
6126	NaN
6127	NaN
6128	NaN
6129	NaN
6130	NaN
6131	NaN
6132	NaN
6133	NaN
6134	NaN
6135	NaN
6136	NaN
6137	NaN
6138	NaN
6139	NaN
6140	NaN
6141	NaN
6142	NaN
6143	NaN
6144	NaN
6145	NaN
6146	0.39789569
6147	0.28395084
6148	0.24704926
6149	0.22852871
6150	0.21729030
6151	0.20971167
6152	0.20425530
6153	0.20015435
6154	0.19698207
6155	0.19448051
6156	0.19248389
6157	0.19087972
6158	0.18958874
6159	0.18855272
6160	0.18772767
6161	0.18707952
6162	0.18658102
6163	0.18620996
6164	0.18594791
6165	0.18577909
6166	0.18568985
6167	0.18566801
6168	0.18570247
6169	0.18578297
6170	0.18589969
6171	0.18604326
6172	0.18620451
6173	0.18637444
6174	0.18654433
6175	0.18670575
6176	0.18685082
6177	0.18697223
6178	0.18706369
6179	0.18712009
6180	0.18713775
6181	0.18711458
6182	0.18705033
6183	0.18694663
6184	0.18680695
6185	0.18663670
6186	0.18644311
6187	0.18623473
6188	0.18602143
6189	0.18581387
6190	0.18562309
6191	0.18546005
6192	0.18533510
6193	0.18525751
6194	0.18523519
6195	0.18527421
6196	0.18537875
6197	0.18555078
6198	0.18579035
6199	0.18609543
6200	0.18646242
6201	0.18688601
6202	0.18735974
6203	0.18787599
6204	0.18842642
6205	0.18900198
6206	0.18959320
6207	0.19018999
6208	0.19078214
6209	0.19135903
6210	0.19191006
6211	0.19242448
6212	0.19289193
6213	0.19330241
6214	0.19364685
6215	0.19391739
6216	0.19410776
6217	0.19421367
6218	0.19423318
6219	0.19416690
6220	0.19401819
6221	0.19379286
6222	0.19349934
6223	0.19314803
6224	0.19275099
6225	0.19232138
6226	0.19187272
6227	0.19141847
6228	0.19097136
6229	0.19054298
6230	0.19014348
6231	0.18978125
6232	0.18946293
6233	0.18919337
6234	0.18897563
6235	0.18881141
6236	0.18870096
6237	0.18864341
6238	0.18863702
6239	0.18867934
6240	0.18876749
6241	0.18889813
6242	0.18906778
6243	0.18927267
6244	0.18950914
6245	0.18977328
6246	0.19006117
6247	0.19036888
6248	0.19069237
6249	0.19102755
6250	0.19137023
6251	0.19171621
6252	0.19206122
6253	0.19240095
6254	0.19273122
6255	0.19304782
6256	0.19334678
6257	0.19362423
6258	0.19387656
6259	0.19410048
6260	0.19429292
6261	0.19445130
6262	0.19457343
6263	0.19465764
6264	0.19470282
6265	0.19470857
6266	0.19467507
6267	0.19460341
6268	0.19449535
6269	0.19435363
6270	0.19418167
6271	0.19398396
6272	0.19376554
6273	0.19353227
6274	0.19329065
6275	0.19304746
6276	0.19280982
6277	0.19258484
6278	0.19237939
6279	0.19219990
6280	0.19205207
6281	0.19194071
6282	0.19186947
6283	0.19184072
6284	0.19185553
6285	0.19191357
6286	0.19201316
6287	0.19215140
6288	0.19232443
6289	0.19252749
6290	0.19275521
6291	0.19300188
6292	0.19326170
6293	0.19352895
6294	0.19379829
6295	0.19406481
6296	0.19432423
6297	0.19457293
6298	0.19480807
6299	0.19502763
6300	0.19523023
6301	0.19541535
6302	0.19558305
6303	0.19573404
6304	0.19586965
6305	0.19599162
6306	0.19610196
6307	0.19620298
6308	0.19629700
6309	0.19638631
6310	0.19647282
6311	0.19655825
6312	0.19664358
6313	0.19672935
6314	0.19681530
6315	0.19690047
6316	0.19698317
6317	0.19706108
6318	0.19713137
6319	0.19719075
6320	0.19723569
6321	0.19726264
6322	0.19726811
6323	0.19724905
6324	0.19720283
6325	0.19712749
6326	0.19702190
6327	0.19688581
6328	0.19672012
6329	0.19652663
6330	0.19630827
6331	0.19606902
6332	0.19581388
6333	0.19554885
6334	0.19528081
6335	0.19501741
6336	0.19476713
6337	0.19453914
6338	0.19434328
6339	0.19418973
6340	0.19408919
6341	0.19405240
6342	0.19408993
6343	0.19421211
6344	0.19442809
6345	0.19474581
6346	0.19517128
6347	0.19570823
6348	0.19635773
6349	0.19711778
6350	0.19798332
6351	0.19894651
6352	0.19999690
6353	0.20112248
6354	0.20230953
6355	0.20354430
6356	0.20481321
6357	0.20610379
6358	0.20740521
6359	0.20870864
6360	0.21000756
6361	0.21129830
6362	0.21257965
6363	0.21385409
6364	0.21512708
6365	0.21640833
6366	0.21771222
6367	0.21905987
6368	0.22047953
6369	0.22201078
6370	0.22370760
6371	0.22564511
6372	0.22792812
6373	0.23070604
6374	0.23419423
6375	0.23871268
6376	0.24474525
6377	0.25305426
6378	0.26488623
6379	0.28240889
6380	0.30971971
6381	0.35557941
6382	0.44273558
6383	0.65485674
6384	1.76328349
6385	NaN
6386	NaN
6387	NaN
6388	NaN
6389	NaN
6390	NaN
6391	NaN
6392	NaN
6393	NaN
6394	NaN
6395	NaN
6396	NaN
6397	NaN
6398	NaN
6399	NaN
6400	NaN
6401	NaN
6402	NaN
6403	NaN
6404	NaN
6405	NaN
6406	NaN
6407	NaN
6408	NaN
6409	NaN
6410	NaN
6411	NaN
6412	NaN
6413	NaN
6414	NaN
6415	NaN
6416	NaN
6417	NaN
6418	NaN
6419	NaN
6420	NaN
6421	NaN
6422	NaN
6423	NaN
6424	NaN
6425	NaN
6426	NaN
6427	NaN
6428	NaN
6429	NaN
6430	NaN
6431	NaN
6432	NaN
6433	NaN
6434	NaN
6435	NaN
6436	NaN
6437	NaN
6438	NaN
6439	NaN
6440	NaN
6441	NaN
6442	NaN
6443	NaN
6444	NaN
6445	NaN
6446	NaN
6447	NaN
6448	NaN
6449	NaN
6450	NaN
6451	NaN
6452	NaN
6453	NaN
6454	NaN
6455	NaN
6456	NaN
6457	NaN
6458	NaN
6459	NaN
6460	NaN
6461	NaN
6462	NaN
6463	NaN
6464	NaN
6465	NaN
6466	NaN
6467	NaN
6468	NaN
6469	NaN
6470	NaN
6471	NaN
6472	NaN
6473	NaN
6474	NaN
6475	NaN
6476	NaN
6477	NaN
6478	0.77858269
6479	0.48942682
6480	0.40543774
6481	0.36539885
6482	0.34196544
6483	0.32659557
6484	0.31575897
6485	0.30773085
6486	0.30156782
6487	0.29670981
6488	0.29280275
6489	0.28961134
6490	0.28697306
6491	0.28477162
6492	0.28292167
6493	0.28135931
6494	0.28003573
6495	0.27891338
6496	0.27796298
6497	0.27716187
6498	0.27649230
6499	0.27594084
6500	0.27549714
6501	0.27515361
6502	0.27490461
6503	0.27474612
6504	0.27467513
6505	0.27468944
6506	0.27478683
6507	0.27496496
6508	0.27522075
6509	0.27555007
6510	0.27594742
6511	0.27640560
6512	0.27691555
6513	0.27746627
6514	0.27804488
6515	0.27863690
6516	0.27922657
6517	0.27979729
6518	0.28033245
6519	0.28081608
6520	0.28123367
6521	0.28157291
6522	0.28182453
6523	0.28198263
6524	0.28204542
6525	0.28201506
6526	0.28189754
6527	0.28170264
6528	0.28144288
6529	0.28113315
6530	0.28078982
6531	0.28042984
6532	0.28007007
6533	0.27972648
6534	0.27941364
6535	0.27914435
6536	0.27892917
6537	0.27877635
6538	0.27869171
6539	0.27867863
6540	0.27873811
6541	0.27886885
6542	0.27906743
6543	0.27932850
6544	0.27964485
6545	0.28000766
6546	0.28040686
6547	0.28083119
6548	0.28126872
6549	0.28170717
6550	0.28213432
6551	0.28253850
6552	0.28290904
6553	0.28323656
6554	0.28351358
6555	0.28373450
6556	0.28389600
6557	0.28399688
6558	0.28403813
6559	0.28402269
6560	0.28395531
6561	0.28384203
6562	0.28369012
6563	0.28350765
6564	0.28330317
6565	0.28308529
6566	0.28286263
6567	0.28264347
6568	0.28243557
6569	0.28224587
6570	0.28208080
6571	0.28194577
6572	0.28184545
6573	0.28178370
6574	0.28176367
6575	0.28178790
6576	0.28185827
6577	0.28197619
6578	0.28214249
6579	0.28235766
6580	0.28262144
6581	0.28293324
6582	0.28329170
6583	0.28369483
6584	0.28414020
6585	0.28462440
6586	0.28514367
6587	0.28569356
6588	0.28626919
6589	0.28686535
6590	0.28747651
6591	0.28809702
6592	0.28872105
6593	0.28934282
6594	0.28995654
6595	0.29055628
6596	0.29113621
6597	0.29169032
6598	0.29221264
6599	0.29269701
6600	0.29313734
6601	0.29352757
6602	0.29386181
6603	0.29413450
6604	0.29434076
6605	0.29447642
6606	0.29453835
6607	0.29452473
6608	0.29443529
6609	0.29427138
6610	0.29403630
6611	0.29373530
6612	0.29337567
6613	0.29296675
6614	0.29251993
6615	0.29204822
6616	0.29156637
6617	0.29109022
6618	0.29063660
6619	0.29022267
6620	0.28986543
6621	0.28958136
6622	0.28938586
6623	0.28929272
6624	0.28931400
6625	0.28945935
6626	0.28973615
6627	0.29014906
6628	0.29070011
6629	0.29138851
6630	0.29221067
6631	0.29316017
6632	0.29422787
6633	0.29540175
6634	0.29666713
6635	0.29800662
6636	0.29940024
6637	0.30082557
6638	0.30225807
6639	0.30367130
6640	0.30503732
6641	0.30632749
6642	0.30751306
6643	0.30856612
6644	0.30946070
6645	0.31017354
6646	0.31068578
6647	0.31098342
6648	0.31105858
6649	0.31091008
6650	0.31054378
6651	0.30997285
6652	0.30921742
6653	0.30830413
6654	0.30726528
6655	0.30613801
6656	0.30496305
6657	0.30378380
6658	0.30264521
6659	0.30159259
6660	0.30067110
6661	0.29992467
6662	0.29939568
6663	0.29912424
6664	0.29914784
6665	0.29950079
6666	0.30021381
6667	0.30131343
6668	0.30282116
6669	0.30475244
6670	0.30711588
6671	0.30991140
6672	0.31312940
6673	0.31674859
6674	0.32073539
6675	0.32504261
6676	0.32960930
6677	0.33436134
6678	0.33921322
6679	0.34407046
6680	0.34883440
6681	0.35340610
6682	0.35769281
6683	0.36161241
6684	0.36509904
6685	0.36810637
6686	0.37061018
6687	0.37260926
6688	0.37412465
6689	0.37519842
6690	0.37589115
6691	0.37628016
6692	0.37645811
6693	0.37653220
6694	0.37662587
6695	0.37688249
6696	0.37747219
6697	0.37860388
6698	0.38054320
6699	0.38364187
6700	0.38838604
6701	0.39547649
6702	0.40597069
6703	0.42155108
6704	0.44507053
6705	0.48178053
6706	0.54250842
6707	0.65366906
6708	0.90099710
6709	1.80845606
6710	NaN
6711	NaN
6712	NaN
6713	NaN
6714	NaN
6715	NaN
6716	NaN
6717	NaN
6718	NaN
6719	NaN
6720	NaN
6721	NaN
6722	NaN
6723	NaN
6724	NaN
6725	NaN
6726	NaN
6727	NaN
6728	NaN
6729	NaN
6730	NaN
6731	NaN
6732	NaN
6733	NaN
6734	NaN
6735	NaN
6736	NaN
6737	NaN
6738	NaN
6739	NaN
6740	NaN
6741	NaN
6742	NaN
6743	NaN
6744	NaN
6745	NaN
6746	NaN
6747	NaN
6748	NaN
6749	NaN
6750	NaN
6751	NaN
6752	NaN
6753	NaN
6754	NaN
6755	NaN
6756	NaN
6757	NaN
6758	NaN
6759	NaN
6760	NaN
6761	NaN
6762	NaN
6763	NaN
6764	NaN
6765	NaN
6766	NaN
6767	NaN
6768	NaN
6769	NaN
6770	NaN
6771	NaN
6772	NaN
6773	NaN
6774	NaN
6775	NaN
6776	NaN
6777	NaN
6778	NaN
6779	NaN
6780	NaN
6781	NaN
6782	NaN
6783	NaN
6784	NaN
6785	NaN
6786	NaN
6787	NaN
6788	NaN
6789	NaN
6790	NaN
6791	NaN
6792	NaN
6793	NaN
6794	NaN
6795	NaN
6796	NaN
6797	NaN
6798	NaN
6799	NaN
6800	NaN
6801	NaN
6802	NaN
6803	NaN
6804	NaN
6805	NaN
6806	NaN
6807	NaN
6808	NaN
6809	NaN
6810	NaN
6811	NaN
6812	NaN
6813	NaN
6814	NaN
6815	NaN
6816	1.32440686
6817	0.46046746
6818	0.33894867
6819	0.29233730
6820	0.26877066
6821	0.25523940
6822	0.24693498
6823	0.24166384
6824	0.23828210
6825	0.23613466
6826	0.23482028
6827	0.23408078
6828	0.23374337
6829	0.23368934
6830	0.23383519
6831	0.23412132
6832	0.23450466
6833	0.23495381
6834	0.23544559
6835	0.23596282
6836	0.23649248
6837	0.23702462
6838	0.23755118
6839	0.23806573
6840	0.23856251
6841	0.23903640
6842	0.23948237
6843	0.23989563
6844	0.24027118
6845	0.24060401
6846	0.24088910
6847	0.24112141
6848	0.24129608
6849	0.24140872
6850	0.24145539
6851	0.24143301
6852	0.24133952
6853	0.24117412
6854	0.24093747
6855	0.24063203
6856	0.24026200
6857	0.23983368
6858	0.23935518
6859	0.23883666
6860	0.23829003
6861	0.23772866
6862	0.23716702
6863	0.23662026
6864	0.23610370
6865	0.23563218
6866	0.23521963
6867	0.23487844
6868	0.23461911
6869	0.23445009
6870	0.23437719
6871	0.23440383
6872	0.23453085
6873	0.23475662
6874	0.23507710
6875	0.23548587
6876	0.23597445
6877	0.23653214
6878	0.23714642
6879	0.23780286
6880	0.23848553
6881	0.23917715
6882	0.23985948
6883	0.24051373
6884	0.24112117
6885	0.24166384
6886	0.24212511
6887	0.24249056
6888	0.24274866
6889	0.24289137
6890	0.24291456
6891	0.24281842
6892	0.24260728
6893	0.24228960
6894	0.24187723
6895	0.24138503
6896	0.24082977
6897	0.24022953
6898	0.23960274
6899	0.23896742
6900	0.23834050
6901	0.23773734
6902	0.23717143
6903	0.23665413
6904	0.23619452
6905	0.23579955
6906	0.23547404
6907	0.23522078
6908	0.23504084
6909	0.23493354
6910	0.23489678
6911	0.23492713
6912	0.23502001
6913	0.23516993
6914	0.23537038
6915	0.23561433
6916	0.23589395
6917	0.23620112
6918	0.23652735
6919	0.23686403
6920	0.23720255
6921	0.23753454
6922	0.23785199
6923	0.23814759
6924	0.23841467
6925	0.23864762
6926	0.23884182
6927	0.23899378
6928	0.23910117
6929	0.23916286
6930	0.23917881
6931	0.23914991
6932	0.23907809
6933	0.23896603
6934	0.23881705
6935	0.23863509
6936	0.23842452
6937	0.23819010
6938	0.23793694
6939	0.23767038
6940	0.23739594
6941	0.23711929
6942	0.23684625
6943	0.23658252
6944	0.23633373
6945	0.23610522
6946	0.23590201
6947	0.23572859
6948	0.23558880
6949	0.23548575
6950	0.23542161
6951	0.23539767
6952	0.23541425
6953	0.23547074
6954	0.23556563
6955	0.23569666
6956	0.23586093
6957	0.23605506
6958	0.23627535
6959	0.23651795
6960	0.23677905
6961	0.23705491
6962	0.23734212
6963	0.23763750
6964	0.23793824
6965	0.23824202
6966	0.23854670
6967	0.23885061
6968	0.23915230
6969	0.23945048
6970	0.23974393
6971	0.24003150
6972	0.24031180
6973	0.24058339
6974	0.24084438
6975	0.24109265
6976	0.24132559
6977	0.24154033
6978	0.24173348
6979	0.24190144
6980	0.24204046
6981	0.24214663
6982	0.24221629
6983	0.24224596
6984	0.24223275
6985	0.24217449
6986	0.24206984
6987	0.24191853
6988	0.24172145
6989	0.24148062
6990	0.24119934
6991	0.24088214
6992	0.24053456
6993	0.24016333
6994	0.23977603
6995	0.23938109
6996	0.23898765
6997	0.23860541
6998	0.23824447
6999	0.23791528
7000	0.23762843
7001	0.23739472
7002	0.23722482
7003	0.23712918
7004	0.23711808
7005	0.23720123
7006	0.23738775
7007	0.23768578
7008	0.23810221
7009	0.23864236
7010	0.23930940
7011	0.24010402
7012	0.24102375
7013	0.24206267
7014	0.24321072
7015	0.24445389
7016	0.24577433
7017	0.24715064
7018	0.24855888
7019	0.24997389
7020	0.25137055
7021	0.25272554
7022	0.25401831
7023	0.25523266
7024	0.25635684
7025	0.25738406
7026	0.25831223
7027	0.25914291
7028	0.25988066
7029	0.26053217
7030	0.26110455
7031	0.26160517
7032	0.26204041
7033	0.26241514
7034	0.26273245
7035	0.26299289
7036	0.26319590
7037	0.26333874
7038	0.26341838
7039	0.26343235
7040	0.26338297
7041	0.26328197
7042	0.26316002
7043	0.26308414
7044	0.26319218
7045	0.26375934
7046	0.26534191
7047	0.26912522
7048	0.27792150
7049	0.29983696
7050	0.37006482
7051	NaN
7052	NaN
7053	NaN
7054	NaN
7055	NaN
7056	NaN
7057	NaN
7058	NaN
7059	NaN
7060	NaN
7061	NaN
7062	NaN
7063	NaN
7064	NaN
7065	NaN
7066	NaN
7067	NaN
7068	NaN
7069	NaN
7070	NaN
7071	NaN
7072	NaN
7073	NaN
7074	NaN
7075	NaN
7076	NaN
7077	NaN
7078	NaN
7079	NaN
7080	NaN
7081	NaN
7082	NaN
7083	NaN
7084	NaN
7085	NaN
7086	NaN
7087	NaN
7088	NaN
7089	NaN
7090	NaN
7091	NaN
7092	NaN
7093	NaN
7094	NaN
7095	NaN
7096	NaN
7097	NaN
7098	NaN
7099	NaN
7100	NaN
7101	NaN
7102	NaN
7103	NaN
7104	NaN
7105	NaN
7106	NaN
7107	NaN
7108	NaN
7109	NaN
7110	NaN
7111	NaN
7112	NaN
7113	NaN
7114	NaN
7115	NaN
7116	NaN
7117	NaN
7118	NaN
7119	NaN
7120	NaN
7121	NaN
7122	NaN
7123	NaN
7124	NaN
7125	NaN
7126	NaN
7127	NaN
7128	NaN
7129	NaN
7130	NaN
7131	NaN
7132	NaN
7133	NaN
7134	NaN
7135	NaN
7136	NaN
7137	NaN
7138	NaN
7139	NaN
7140	NaN
7141	NaN
7142	NaN
7143	NaN
7144	NaN
7145	NaN
7146	1.02470028
7147	0.59557128
7148	0.47950637
7149	0.42543328
7150	0.39413661
7151	0.37372789
7152	0.35937509
7153	0.34874344
7154	0.34056658
7155	0.33409789
7156	0.32886836
7157	0.32456824
7158	0.32098466
7159	0.31796619
7160	0.31540227
7161	0.31321031
7162	0.31132749
7163	0.30970553
7164	0.30830684
7165	0.30710229
7166	0.30606917
7167	0.30519009
7168	0.30445200
7169	0.30384544
7170	0.30336386
7171	0.30300304
7172	0.30276066
7173	0.30263582
7174	0.30262828
7175	0.30273819
7176	0.30296537
7177	0.30330864
7178	0.30376536
7179	0.30433062
7180	0.30499697
7181	0.30575362
7182	0.30658630
7183	0.30747703
7184	0.30840415
7185	0.30934274
7186	0.31026533
7187	0.31114286
7188	0.31194606
7189	0.31264696
7190	0.31322056
7191	0.31364641
7192	0.31391019
7193	0.31400463
7194	0.31393009
7195	0.31369457
7196	0.31331307
7197	0.31280664
7198	0.31220081
7199	0.31152415
7200	0.31080636
7201	0.31007710
7202	0.30936438
7203	0.30869398
7204	0.30808824
7205	0.30756611
7206	0.30714267
7207	0.30682912
7208	0.30663300
7209	0.30655816
7210	0.30660501
7211	0.30677059
7212	0.30704892
7213	0.30743098
7214	0.30790499
7215	0.30845657
7216	0.30906919
7217	0.30972439
7218	0.31040254
7219	0.31108323
7220	0.31174612
7221	0.31237179
7222	0.31294256
7223	0.31344309
7224	0.31386137
7225	0.31418878
7226	0.31442064
7227	0.31455624
7228	0.31459841
7229	0.31455332
7230	0.31442994
7231	0.31423920
7232	0.31399372
7233	0.31370664
7234	0.31339151
7235	0.31306145
7236	0.31272891
7237	0.31240538
7238	0.31210107
7239	0.31182495
7240	0.31158465
7241	0.31138650
7242	0.31123564
7243	0.31113598
7244	0.31109044
7245	0.31110081
7246	0.31116802
7247	0.31129211
7248	0.31147215
7249	0.31170642
7250	0.31199244
7251	0.31232706
7252	0.31270656
7253	0.31312686
7254	0.31358364
7255	0.31407240
7256	0.31458879
7257	0.31512854
7258	0.31568772
7259	0.31626263
7260	0.31684980
7261	0.31744593
7262	0.31804785
7263	0.31865230
7264	0.31925580
7265	0.31985459
7266	0.32044443
7267	0.32102060
7268	0.32157770
7269	0.32210973
7270	0.32261002
7271	0.32307145
7272	0.32348642
7273	0.32384694
7274	0.32414514
7275	0.32437328
7276	0.32452428
7277	0.32459208
7278	0.32457206
7279	0.32446143
7280	0.32425982
7281	0.32396954
7282	0.32359603
7283	0.32314780
7284	0.32263672
7285	0.32207766
7286	0.32148823
7287	0.32088825
7288	0.32029900
7289	0.31974247
7290	0.31924069
7291	0.31881481
7292	0.31848446
7293	0.31826702
7294	0.31817728
7295	0.31822699
7296	0.31842461
7297	0.31877521
7298	0.31928024
7299	0.31993774
7300	0.32074216
7301	0.32168448
7302	0.32275224
7303	0.32392967
7304	0.32519761
7305	0.32653385
7306	0.32791331
7307	0.32930827
7308	0.33068889
7309	0.33202377
7310	0.33328065
7311	0.33442751
7312	0.33543342
7313	0.33626989
7314	0.33691180
7315	0.33733895
7316	0.33753696
7317	0.33749813
7318	0.33722216
7319	0.33671626
7320	0.33599544
7321	0.33508188
7322	0.33400428
7323	0.33279693
7324	0.33149868
7325	0.33015180
7326	0.32880056
7327	0.32749036
7328	0.32626662
7329	0.32517359
7330	0.32425398
7331	0.32354793
7332	0.32309255
7333	0.32292143
7334	0.32306394
7335	0.32354492
7336	0.32438391
7337	0.32559437
7338	0.32718304
7339	0.32914892
7340	0.33148253
7341	0.33416480
7342	0.33716625
7343	0.34044704
7344	0.34395620
7345	0.34763294
7346	0.35140735
7347	0.35520279
7348	0.35893843
7349	0.36253273
7350	0.36590695
7351	0.36898887
7352	0.37171626
7353	0.37403980
7354	0.37592471
7355	0.37735254
7356	0.37832049
7357	0.37884140
7358	0.37894201
7359	0.37866151
7360	0.37804958
7361	0.37716496
7362	0.37607363
7363	0.37484857
7364	0.37356913
7365	0.37232214
7366	0.37120339
7367	0.37032053
7368	0.36979774
7369	0.36978170
7370	0.37045068
7371	0.37202594
7372	0.37478843
7373	0.37910116
7374	0.38544008
7375	0.39443833
7376	0.40694883
7377	0.42413944
7378	0.44763917
7379	0.47977990
7380	0.52401775
7381	0.58572841
7382	0.67384964
7383	0.80466735
7384	1.01191008
7385	1.38004577
7386	2.20094657
7387	5.64229059
7388	NaN
7389	NaN
7390	NaN
7391	NaN
7392	NaN
7393	NaN
7394	NaN
7395	NaN
7396	NaN
7397	NaN
7398	NaN
7399	NaN
7400	NaN
7401	NaN
7402	NaN
7403	NaN
7404	NaN
7405	NaN
7406	NaN
7407	NaN
7408	NaN
7409	NaN
7410	NaN
7411	NaN
7412	NaN
7413	NaN
7414	NaN
7415	NaN
7416	NaN
7417	NaN
7418	NaN
7419	NaN
7420	NaN
7421	NaN
7422	NaN
7423	NaN
7424	NaN
7425	NaN
7426	NaN
7427	NaN
7428	NaN
7429	NaN
7430	NaN
7431	NaN
7432	NaN
7433	NaN
7434	NaN
7435	NaN
7436	NaN
7437	NaN
7438	NaN
7439	NaN
7440	NaN
7441	NaN
7442	NaN
7443	NaN
7444	NaN
7445	NaN
7446	NaN
7447	NaN
7448	NaN
7449	NaN
7450	NaN
7451	NaN
7452	NaN
7453	NaN
7454	NaN
7455	NaN
7456	NaN
7457	NaN
7458	NaN
7459	NaN
7460	NaN
7461	NaN
7462	NaN
7463	NaN
7464	NaN
7465	NaN
7466	NaN
7467	NaN
7468	NaN
7469	NaN
7470	NaN
7471	NaN
7472	NaN
7473	NaN
7474	NaN
7475	NaN
7476	0.76058209
7477	0.43170339
7478	0.34441257
7479	0.30388013
7480	0.28048500
7481	0.26532021
7482	0.25477296
7483	0.24709605
7484	0.24133730
7485	0.23693153
7486	0.23351991
7487	0.23086263
7488	0.22879209
7489	0.22718689
7490	0.22595623
7491	0.22503050
7492	0.22435485
7493	0.22388543
7494	0.22358626
7495	0.22342747
7496	0.22338368
7497	0.22343311
7498	0.22355664
7499	0.22373724
7500	0.22395948
7501	0.22420916
7502	0.22447303
7503	0.22473866
7504	0.22499418
7505	0.22522846
7506	0.22543103
7507	0.22559229
7508	0.22570358
7509	0.22575752
7510	0.22574806
7511	0.22567090
7512	0.22552362
7513	0.22530593
7514	0.22501975
7515	0.22466941
7516	0.22426152
7517	0.22380501
7518	0.22331084
7519	0.22279169
7520	0.22226159
7521	0.22173557
7522	0.22122900
7523	0.22075722
7524	0.22033496
7525	0.21997592
7526	0.21969229
7527	0.21949442
7528	0.21939048
7529	0.21938637
7530	0.21948548
7531	0.21968870
7532	0.21999454
7533	0.22039908
7534	0.22089611
7535	0.22147734
7536	0.22213241
7537	0.22284918
7538	0.22361368
7539	0.22441041
7540	0.22522251
7541	0.22603185
7542	0.22681957
7543	0.22756635
7544	0.22825293
7545	0.22886087
7546	0.22937302
7547	0.22977455
7548	0.23005337
7549	0.23020096
7550	0.23021284
7551	0.23008879
7552	0.22983313
7553	0.22945434
7554	0.22896487
7555	0.22838040
7556	0.22771914
7557	0.22700095
7558	0.22624642
7559	0.22547610
7560	0.22470967
7561	0.22396542
7562	0.22325973
7563	0.22260673
7564	0.22201815
7565	0.22150336
7566	0.22106929
7567	0.22072054
7568	0.22045968
7569	0.22028728
7570	0.22020219
7571	0.22020169
7572	0.22028171
7573	0.22043680
7574	0.22066058
7575	0.22094551
7576	0.22128324
7577	0.22166468
7578	0.22207999
7579	0.22251892
7580	0.22297083
7581	0.22342505
7582	0.22387084
7583	0.22429800
7584	0.22469677
7585	0.22505835
7586	0.22537497
7587	0.22564013
7588	0.22584869
7589	0.22599694
7590	0.22608262
7591	0.22610499
7592	0.22606455
7593	0.22596313
7594	0.22580369
7595	0.22559020
7596	0.22532764
7597	0.22502171
7598	0.22467893
7599	0.22430640
7600	0.22391187
7601	0.22350343
7602	0.22308977
7603	0.22267967
7604	0.22228217
7605	0.22190624
7606	0.22156069
7607	0.22125383
7608	0.22099328
7609	0.22078568
7610	0.22063649
7611	0.22054964
7612	0.22052744
7613	0.22057040
7614	0.22067726
7615	0.22084494
7616	0.22106880
7617	0.22134273
7618	0.22165951
7619	0.22201106
7620	0.22238883
7621	0.22278401
7622	0.22318791
7623	0.22359210
7624	0.22398868
7625	0.22437035
7626	0.22473052
7627	0.22506334
7628	0.22536367
7629	0.22562718
7630	0.22585028
7631	0.22603004
7632	0.22616422
7633	0.22625133
7634	0.22629064
7635	0.22628208
7636	0.22622637
7637	0.22612511
7638	0.22598065
7639	0.22579624
7640	0.22557595
7641	0.22532463
7642	0.22504784
7643	0.22475174
7644	0.22444284
7645	0.22412804
7646	0.22381417
7647	0.22350793
7648	0.22321564
7649	0.22294301
7650	0.22269519
7651	0.22247638
7652	0.22229007
7653	0.22213890
7654	0.22202481
7655	0.22194912
7656	0.22191259
7657	0.22191566
7658	0.22195846
7659	0.22204097
7660	0.22216311
7661	0.22232465
7662	0.22252542
7663	0.22276492
7664	0.22304264
7665	0.22335753
7666	0.22370824
7667	0.22409271
7668	0.22450821
7669	0.22495130
7670	0.22541757
7671	0.22590190
7672	0.22639829
7673	0.22690018
7674	0.22740076
7675	0.22789322
7676	0.22837128
7677	0.22882971
7678	0.22926484
7679	0.22967522
7680	0.23006177
7681	0.23042811
7682	0.23078072
7683	0.23112856
7684	0.23148304
7685	0.23185739
7686	0.23226652
7687	0.23272635
7688	0.23325375
7689	0.23386660
7690	0.23458363
7691	0.23542486
7692	0.23641215
7693	0.23756979
7694	0.23892595
7695	0.24051298
7696	0.24236982
7697	0.24454337
7698	0.24709155
7699	0.25008601
7700	0.25361714
7701	0.25779891
7702	0.26277798
7703	0.26874417
7704	0.27594915
7705	0.28472915
7706	0.29554740
7707	0.30905727
7708	0.32621673
7709	0.34849340
7710	0.37827227
7711	0.41973013
7712	0.48097512
7713	0.58016485
7714	0.76826882
7715	1.26427567
7716	NaN
7717	NaN
7718	NaN
7719	NaN
7720	NaN
7721	NaN
7722	NaN
7723	NaN
7724	NaN
7725	NaN
7726	NaN
7727	NaN
7728	NaN
7729	NaN
7730	NaN
7731	NaN
7732	NaN
7733	NaN
7734	NaN
7735	NaN
7736	NaN
7737	NaN
7738	NaN
7739	NaN
7740	NaN
7741	NaN
7742	NaN
7743	NaN
7744	NaN
7745	NaN
7746	NaN
7747	NaN
7748	NaN
7749	NaN
7750	NaN
7751	NaN
7752	NaN
7753	NaN
7754	NaN
7755	NaN
7756	NaN
7757	NaN
7758	NaN
7759	NaN
7760	NaN
7761	NaN
7762	NaN
7763	NaN
7764	NaN
7765	NaN
7766	NaN
7767	NaN
7768	NaN
7769	NaN
7770	NaN
7771	NaN
7772	NaN
7773	NaN
7774	NaN
7775	NaN
7776	NaN
7777	NaN
7778	NaN
7779	NaN
7780	NaN
7781	NaN
7782	NaN
7783	NaN
7784	NaN
7785	NaN
7786	NaN
7787	NaN
7788	NaN
7789	NaN
7790	NaN
7791	NaN
7792	NaN
7793	NaN
7794	NaN
7795	NaN
7796	NaN
7797	NaN
7798	NaN
7799	NaN
7800	NaN
7801	NaN
7802	1.95432878
7803	0.52748126
7804	0.40917173
7805	0.36531353
7806	0.34245744
7807	0.32842541
7808	0.31892452
7809	0.31205559
7810	0.30685011
7811	0.30276263
7812	0.29946306
7813	0.29674006
7814	0.29445228
7815	0.29250184
7816	0.29081887
7817	0.28935254
7818	0.28806502
7819	0.28692794
7820	0.28591987
7821	0.28502476
7822	0.28423068
7823	0.28352898
7824	0.28291386
7825	0.28238165
7826	0.28193077
7827	0.28156102
7828	0.28127348
7829	0.28107017
7830	0.28095347
7831	0.28092596
7832	0.28098994
7833	0.28114682
7834	0.28139678
7835	0.28173816
7836	0.28216714
7837	0.28267720
7838	0.28325903
7839	0.28390011
7840	0.28458509
7841	0.28529590
7842	0.28601235
7843	0.28671297
7844	0.28737605
7845	0.28798065
7846	0.28850815
7847	0.28894308
7848	0.28927445
7849	0.28949621
7850	0.28960776
7851	0.28961372
7852	0.28952363
7853	0.28935087
7854	0.28911194
7855	0.28882498
7856	0.28850880
7857	0.28818184
7858	0.28786114
7859	0.28756183
7860	0.28729668
7861	0.28707591
7862	0.28690693
7863	0.28679475
7864	0.28674188
7865	0.28674862
7866	0.28681338
7867	0.28693268
7868	0.28710154
7869	0.28731361
7870	0.28756130
7871	0.28783593
7872	0.28812805
7873	0.28842753
7874	0.28872404
7875	0.28900719
7876	0.28926712
7877	0.28949472
7878	0.28968227
7879	0.28982362
7880	0.28991467
7881	0.28995350
7882	0.28994039
7883	0.28987792
7884	0.28977063
7885	0.28962484
7886	0.28944823
7887	0.28924933
7888	0.28903726
7889	0.28882104
7890	0.28860959
7891	0.28841102
7892	0.28823271
7893	0.28808105
7894	0.28796142
7895	0.28787822
7896	0.28783485
7897	0.28783381
7898	0.28787687
7899	0.28796509
7900	0.28809878
7901	0.28827775
7902	0.28850108
7903	0.28876731
7904	0.28907439
7905	0.28941965
7906	0.28979987
7907	0.29021141
7908	0.29065031
7909	0.29111230
7910	0.29159319
7911	0.29208875
7912	0.29259491
7913	0.29310796
7914	0.29362446
7915	0.29414123
7916	0.29465535
7917	0.29516414
7918	0.29566479
7919	0.29615453
7920	0.29663035
7921	0.29708904
7922	0.29752707
7923	0.29794070
7924	0.29832587
7925	0.29867852
7926	0.29899439
7927	0.29926938
7928	0.29949948
7929	0.29968089
7930	0.29981023
7931	0.29988459
7932	0.29990155
7933	0.29985961
7934	0.29975805
7935	0.29959744
7936	0.29937956
7937	0.29910788
7938	0.29878753
7939	0.29842561
7940	0.29803106
7941	0.29761463
7942	0.29718891
7943	0.29676777
7944	0.29636618
7945	0.29599968
7946	0.29568395
7947	0.29543427
7948	0.29526502
7949	0.29518926
7950	0.29521835
7951	0.29536155
7952	0.29562581
7953	0.29601568
7954	0.29653296
7955	0.29717681
7956	0.29794353
7957	0.29882678
7958	0.29981738
7959	0.30090353
7960	0.30207053
7961	0.30330127
7962	0.30457604
7963	0.30587292
7964	0.30716798
7965	0.30843565
7966	0.30964932
7967	0.31078205
7968	0.31180730
7969	0.31270009
7970	0.31343776
7971	0.31400117
7972	0.31437576
7973	0.31455225
7974	0.31452733
7975	0.31430411
7976	0.31389204
7977	0.31330678
7978	0.31256968
7979	0.31170714
7980	0.31074950
7981	0.30973041
7982	0.30868563
7983	0.30765215
7984	0.30666763
7985	0.30576938
7986	0.30499384
7987	0.30437616
7988	0.30394951
7989	0.30374482
7990	0.30379012
7991	0.30411002
7992	0.30472496
7993	0.30565068
7994	0.30689713
7995	0.30846775
7996	0.31035843
7997	0.31255677
7998	0.31504130
7999	0.31778124
8000	0.32073614
8001	0.32385698
8002	0.32708663
8003	0.33036217
8004	0.33361691
8005	0.33678320
8006	0.33979538
8007	0.34259281
8008	0.34512231
8009	0.34734043
8010	0.34921458
8011	0.35072389
8012	0.35185876
8013	0.35262081
8014	0.35302091
8015	0.35307878
8016	0.35282096
8017	0.35227996
8018	0.35149321
8019	0.35050249
8020	0.34935319
8021	0.34809536
8022	0.34678343
8023	0.34547892
8024	0.34425130
8025	0.34318179
8026	0.34236711
8027	0.34192526
8028	0.34200275
8029	0.34278378
8030	0.34450233
8031	0.34745842
8032	0.35203907
8033	0.35874689
8034	0.36824033
8035	0.38139394
8036	0.39939383
8037	0.42389816
8038	0.45732874
8039	0.50343066
8040	0.56844932
8041	0.66385037
8042	0.81358480
8043	1.07801318
8044	1.66644692
8045	4.13824224
8046	NaN
8047	NaN
8048	NaN
8049	NaN
8050	NaN
8051	NaN
8052	NaN
8053	NaN
8054	NaN
8055	NaN
8056	NaN
8057	NaN
8058	NaN
8059	NaN
8060	NaN
8061	NaN
8062	NaN
8063	NaN
8064	NaN
8065	NaN
8066	NaN
8067	NaN
8068	NaN
8069	NaN
8070	NaN
8071	NaN
8072	NaN
8073	NaN
8074	NaN
8075	NaN
8076	NaN
8077	NaN
8078	NaN
8079	NaN
8080	NaN
8081	NaN
8082	NaN
8083	NaN
8084	NaN
8085	NaN
8086	NaN
8087	NaN
8088	NaN
8089	NaN
8090	NaN
8091	NaN
8092	NaN
8093	NaN
8094	NaN
8095	NaN
8096	NaN
8097	NaN
8098	NaN
8099	NaN
8100	NaN
8101	NaN
8102	NaN
8103	NaN
8104	NaN
8105	NaN
8106	NaN
8107	NaN
8108	NaN
8109	NaN
8110	NaN
8111	NaN
8112	NaN
8113	NaN
8114	NaN
8115	NaN
8116	NaN
8117	NaN
8118	NaN
8119	NaN
8120	NaN
8121	NaN
8122	NaN
8123	NaN
8124	NaN
8125	NaN
8126	NaN
8127	NaN
8128	NaN
8129	NaN
8130	NaN
8131	NaN
8132	0.61959755
8133	0.38384855
8134	0.30778530
8135	0.26961219
8136	0.24642026
8137	0.23075040
8138	0.21944059
8139	0.21091521
8140	0.20429701
8141	0.19905576
8142	0.19484958
8143	0.19144651
8144	0.18868268
8145	0.18643790
8146	0.18462159
8147	0.18316360
8148	0.18200846
8149	0.18111144
8150	0.18043563
8151	0.17995022
8152	0.17962873
8153	0.17944816
8154	0.17938796
8155	0.17942943
8156	0.17955536
8157	0.17974941
8158	0.17999606
8159	0.18028042
8160	0.18058813
8161	0.18090536
8162	0.18121895
8163	0.18151660
8164	0.18178692
8165	0.18201987
8166	0.18220685
8167	0.18234104
8168	0.18241754
8169	0.18243359
8170	0.18238857
8171	0.18228413
8172	0.18212399
8173	0.18191390
8174	0.18166134
8175	0.18137534
8176	0.18106599
8177	0.18074413
8178	0.18042085
8179	0.18010713
8180	0.17981340
8181	0.17954911
8182	0.17932253
8183	0.17914042
8184	0.17900804
8185	0.17892903
8186	0.17890544
8187	0.17893791
8188	0.17902566
8189	0.17916684
8190	0.17935856
8191	0.17959693
8192	0.17987743
8193	0.18019465
8194	0.18054256
8195	0.18091445
8196	0.18130292
8197	0.18170007
8198	0.18209742
8199	0.18248613
8200	0.18285741
8201	0.18320243
8202	0.18351293
8203	0.18378146
8204	0.18400173
8205	0.18416896
8206	0.18428014
8207	0.18433417
8208	0.18433197
8209	0.18427634
8210	0.18417184
8211	0.18402448
8212	0.18384123
8213	0.18362977
8214	0.18339793
8215	0.18315344
8216	0.18290341
8217	0.18265426
8218	0.18241152
8219	0.18217960
8220	0.18196213
8221	0.18176168
8222	0.18158016
8223	0.18141878
8224	0.18127835
8225	0.18115944
8226	0.18106246
8227	0.18098792
8228	0.18093635
8229	0.18090856
8230	0.18090545
8231	0.18092807
8232	0.18097742
8233	0.18105449
8234	0.18115999
8235	0.18129413
8236	0.18145666
8237	0.18164660
8238	0.18186231
8239	0.18210132
8240	0.18236034
8241	0.18263532
8242	0.18292153
8243	0.18321364
8244	0.18350601
8245	0.18379256
8246	0.18406719
8247	0.18432379
8248	0.18455647
8249	0.18475978
8250	0.18492867
8251	0.18505888
8252	0.18514687
8253	0.18518999
8254	0.18518673
8255	0.18513651
8256	0.18504013
8257	0.18489951
8258	0.18471788
8259	0.18449982
8260	0.18425114
8261	0.18397881
8262	0.18369080
8263	0.18339600
8264	0.18310370
8265	0.18282351
8266	0.18256496
8267	0.18233705
8268	0.18214805
8269	0.18200514
8270	0.18191408
8271	0.18187910
8272	0.18190277
8273	0.18198588
8274	0.18212771
8275	0.18232591
8276	0.18257681
8277	0.18287560
8278	0.18321659
8279	0.18359339
8280	0.18399924
8281	0.18442698
8282	0.18486938
8283	0.18531932
8284	0.18576966
8285	0.18621358
8286	0.18664438
8287	0.18705578
8288	0.18744172
8289	0.18779655
8290	0.18811500
8291	0.18839218
8292	0.18862370
8293	0.18880576
8294	0.18893515
8295	0.18900929
8296	0.18902667
8297	0.18898644
8298	0.18888901
8299	0.18873577
8300	0.18852924
8301	0.18827309
8302	0.18797190
8303	0.18763116
8304	0.18725696
8305	0.18685581
8306	0.18643428
8307	0.18599901
8308	0.18555635
8309	0.18511224
8310	0.18467224
8311	0.18424150
8312	0.18382493
8313	0.18342738
8314	0.18305363
8315	0.18270867
8316	0.18239783
8317	0.18212681
8318	0.18190184
8319	0.18172951
8320	0.18161680
8321	0.18157102
8322	0.18159947
8323	0.18170953
8324	0.18190818
8325	0.18220188
8326	0.18259616
8327	0.18309519
8328	0.18370153
8329	0.18441537
8330	0.18523414
8331	0.18615186
8332	0.18715891
8333	0.18824175
8334	0.18938270
8335	0.19056056
8336	0.19175103
8337	0.19292772
8338	0.19406365
8339	0.19513206
8340	0.19610813
8341	0.19696982
8342	0.19769908
8343	0.19828174
8344	0.19870800
8345	0.19897164
8346	0.19906984
8347	0.19900255
8348	0.19877127
8349	0.19837862
8350	0.19782759
8351	0.19712147
8352	0.19626418
8353	0.19526002
8354	0.19411515
8355	0.19283919
8356	0.19144773
8357	0.18996719
8358	0.18844083
8359	0.18693933
8360	0.18558009
8361	0.18455629
8362	0.18419822
8363	0.18508776
8364	0.18832466
8365	0.19620368
8366	0.21437515
8367	0.26142490
8368	0.45604441
8369	NaN
8370	NaN
8371	NaN
8372	NaN
8373	NaN
8374	NaN
8375	NaN
8376	NaN
8377	NaN
8378	NaN
8379	NaN
8380	NaN
8381	NaN
8382	NaN
8383	NaN
8384	NaN
8385	NaN
8386	NaN
8387	NaN
8388	NaN
8389	NaN
8390	NaN
8391	NaN
8392	NaN
8393	NaN
8394	NaN
8395	NaN
8396	NaN
8397	NaN
8398	NaN
8399	NaN
8400	NaN
8401	NaN
8402	NaN
8403	NaN
8404	NaN
8405	NaN
8406	NaN
8407	NaN
8408	NaN
8409	NaN
8410	NaN
8411	NaN
8412	NaN
8413	NaN
8414	NaN
8415	NaN
8416	NaN
8417	NaN
8418	NaN
8419	NaN
8420	NaN
8421	NaN
8422	NaN
8423	NaN
8424	NaN
8425	NaN
8426	NaN
8427	NaN
8428	NaN
8429	NaN
8430	NaN
8431	NaN
8432	NaN
8433	NaN
8434	NaN
8435	NaN
8436	NaN
8437	NaN
8438	NaN
8439	NaN
8440	NaN
8441	NaN
8442	NaN
8443	NaN
8444	NaN
8445	NaN
8446	NaN
8447	NaN
8448	NaN
8449	NaN
8450	NaN
8451	NaN
8452	NaN
8453	NaN
8454	NaN
8455	NaN
8456	NaN
8457	NaN
8458	NaN
8459	NaN
8460	NaN
8461	NaN
8462	NaN
8463	4.33745718
8464	0.56914514
8465	0.40082005
8466	0.34139383
8467	0.31106162
8468	0.29269230
8469	0.28040183
8470	0.27162534
8471	0.26506582
8472	0.25999686
8473	0.25598001
8474	0.25273445
8475	0.25007218
8476	0.24786219
8477	0.24601054
8478	0.24444796
8479	0.24312247
8480	0.24199438
8481	0.24103317
8482	0.24021496
8483	0.23952134
8484	0.23893797
8485	0.23845398
8486	0.23806107
8487	0.23775321
8488	0.23752603
8489	0.23737654
8490	0.23730263
8491	0.23730275
8492	0.23737550
8493	0.23751934
8494	0.23773219
8495	0.23801118
8496	0.23835215
8497	0.23874964
8498	0.23919646
8499	0.23968370
8500	0.24020074
8501	0.24073523
8502	0.24127351
8503	0.24180086
8504	0.24230216
8505	0.24276257
8506	0.24316815
8507	0.24350668
8508	0.24376835
8509	0.24394640
8510	0.24403751
8511	0.24404192
8512	0.24396351
8513	0.24380951
8514	0.24358980
8515	0.24331658
8516	0.24300332
8517	0.24266422
8518	0.24231339
8519	0.24196431
8520	0.24162927
8521	0.24131916
8522	0.24104309
8523	0.24080832
8524	0.24062040
8525	0.24048311
8526	0.24039862
8527	0.24036773
8528	0.24038981
8529	0.24046327
8530	0.24058534
8531	0.24075235
8532	0.24095978
8533	0.24120227
8534	0.24147378
8535	0.24176759
8536	0.24207646
8537	0.24239287
8538	0.24270901
8539	0.24301733
8540	0.24331059
8541	0.24358222
8542	0.24382651
8543	0.24403897
8544	0.24421635
8545	0.24435687
8546	0.24446003
8547	0.24452680
8548	0.24455933
8549	0.24456096
8550	0.24453582
8551	0.24448885
8552	0.24442543
8553	0.24435142
8554	0.24427271
8555	0.24419530
8556	0.24412526
8557	0.24406837
8558	0.24403039
8559	0.24401686
8560	0.24403305
8561	0.24408393
8562	0.24417414
8563	0.24430792
8564	0.24448889
8565	0.24472006
8566	0.24500349
8567	0.24534036
8568	0.24573071
8569	0.24617331
8570	0.24666557
8571	0.24720366
8572	0.24778232
8573	0.24839516
8574	0.24903473
8575	0.24969271
8576	0.25036013
8577	0.25102770
8578	0.25168604
8579	0.25232586
8580	0.25293821
8581	0.25351468
8582	0.25404748
8583	0.25452968
8584	0.25495511
8585	0.25531852
8586	0.25561556
8587	0.25584286
8588	0.25599805
8589	0.25607976
8590	0.25608760
8591	0.25602230
8592	0.25588572
8593	0.25568092
8594	0.25541216
8595	0.25508505
8596	0.25470656
8597	0.25428504
8598	0.25383025
8599	0.25335324
8600	0.25286630
8601	0.25238276
8602	0.25191659
8603	0.25148222
8604	0.25109416
8605	0.25076640
8606	0.25051197
8607	0.25034270
8608	0.25026876
8609	0.25029829
8610	0.25043738
8611	0.25068983
8612	0.25105724
8613	0.25153917
8614	0.25213289
8615	0.25283396
8616	0.25363591
8617	0.25453058
8618	0.25550821
8619	0.25655738
8620	0.25766495
8621	0.25881627
8622	0.25999513
8623	0.26118380
8624	0.26236320
8625	0.26351309
8626	0.26461229
8627	0.26563945
8628	0.26657310
8629	0.26739284
8630	0.26807967
8631	0.26861703
8632	0.26899144
8633	0.26919332
8634	0.26921758
8635	0.26906404
8636	0.26873761
8637	0.26824847
8638	0.26761165
8639	0.26684678
8640	0.26597747
8641	0.26503062
8642	0.26403579
8643	0.26302418
8644	0.26202822
8645	0.26108056
8646	0.26021367
8647	0.25945929
8648	0.25884768
8649	0.25840765
8650	0.25816584
8651	0.25814667
8652	0.25837192
8653	0.25886020
8654	0.25962681
8655	0.26068288
8656	0.26203498
8657	0.26368433
8658	0.26562601
8659	0.26784840
8660	0.27033228
8661	0.27305087
8662	0.27596951
8663	0.27904615
8664	0.28223222
8665	0.28547421
8666	0.28871527
8667	0.29189816
8668	0.29496682
8669	0.29786938
8670	0.30056030
8671	0.30300209
8672	0.30516684
8673	0.30703667
8674	0.30860400
8675	0.30987152
8676	0.31085095
8677	0.31156290
8678	0.31203544
8679	0.31230390
8680	0.31241024
8681	0.31240264
8682	0.31233704
8683	0.31227705
8684	0.31229672
8685	0.31248254
8686	0.31293914
8687	0.31379354
8688	0.31520435
8689	0.31737313
8690	0.32056057
8691	0.32511026
8692	0.33148226
8693	0.34030297
8694	0.35244513
8695	0.36915421
8696	0.39227092
8697	0.42463690
8698	0.47092137
8699	0.53945261
8700	0.64689928
8701	0.83269638
8702	1.21942556
8703	2.48156571
8704	NaN
8705	NaN
8706	NaN
8707	NaN
8708	NaN
8709	NaN
8710	NaN
8711	NaN
8712	NaN
8713	NaN
8714	NaN
8715	NaN
8716	NaN
8717	NaN
8718	NaN
8719	NaN
8720	NaN
8721	NaN
8722	NaN
8723	NaN
8724	NaN
8725	NaN
8726	NaN
8727	NaN
8728	NaN
8729	NaN
8730	NaN
8731	NaN
8732	NaN
8733	NaN
8734	NaN
8735	NaN
8736	NaN
8737	NaN
8738	NaN
8739	NaN
8740	NaN
8741	NaN
8742	NaN
8743	NaN
8744	NaN
8745	NaN
8746	NaN
8747	NaN
8748	NaN
8749	NaN
8750	NaN
8751	NaN
8752	NaN
8753	NaN
8754	NaN
8755	NaN
8756	NaN
8757	NaN
8758	NaN
8759	NaN
8760	NaN
8761	NaN
8762	NaN
8763	NaN
8764	NaN
8765	NaN
8766	NaN
8767	NaN
8768	NaN
8769	NaN
8770	NaN
8771	NaN
8772	NaN
8773	NaN
8774	NaN
8775	NaN
8776	NaN
8777	NaN
8778	NaN
8779	NaN
8780	NaN
8781	NaN
8782	NaN
8783	NaN
8784	NaN
8785	NaN
8786	NaN
8787	NaN
8788	NaN
8789	NaN
8790	NaN
8791	NaN
8792	0.82723910
8793	0.37264782
8794	0.29696468
8795	0.26549318
8796	0.24816242
8797	0.23718852
8798	0.22964911
8799	0.22419652
8800	0.22011967
8801	0.21700603
8802	0.21459807
8803	0.21272558
8804	0.21127082
8805	0.21014899
8806	0.20929703
8807	0.20866676
8808	0.20822041
8809	0.20792775
8810	0.20776404
8811	0.20770854
8812	0.20774356
8813	0.20785372
8814	0.20802538
8815	0.20824605
8816	0.20850419
8817	0.20878889
8818	0.20908979
8819	0.20939687
8820	0.20970039
8821	0.20999093
8822	0.21025953
8823	0.21049763
8824	0.21069749
8825	0.21085225
8826	0.21095617
8827	0.21100494
8828	0.21099584
8829	0.21092811
8830	0.21080288
8831	0.21062359
8832	0.21039574
8833	0.21012700
8834	0.20982714
8835	0.20950747
8836	0.20918074
8837	0.20886046
8838	0.20856050
8839	0.20829441
8840	0.20807488
8841	0.20791326
8842	0.20781907
8843	0.20779960
8844	0.20785996
8845	0.20800266
8846	0.20822790
8847	0.20853370
8848	0.20891607
8849	0.20936929
8850	0.20988609
8851	0.21045801
8852	0.21107544
8853	0.21172798
8854	0.21240425
8855	0.21309227
8856	0.21377932
8857	0.21445216
8858	0.21509717
8859	0.21570055
8860	0.21624863
8861	0.21672836
8862	0.21712767
8863	0.21743622
8864	0.21764585
8865	0.21775115
8866	0.21774977
8867	0.21764290
8868	0.21743524
8869	0.21713471
8870	0.21675231
8871	0.21630147
8872	0.21579732
8873	0.21525601
8874	0.21469390
8875	0.21412683
8876	0.21356961
8877	0.21303539
8878	0.21253571
8879	0.21207985
8880	0.21167524
8881	0.21132728
8882	0.21103950
8883	0.21081376
8884	0.21065044
8885	0.21054862
8886	0.21050638
8887	0.21052074
8888	0.21058816
8889	0.21070434
8890	0.21086459
8891	0.21106370
8892	0.21129628
8893	0.21155658
8894	0.21183874
8895	0.21213675
8896	0.21244456
8897	0.21275620
8898	0.21306591
8899	0.21336801
8900	0.21365739
8901	0.21392927
8902	0.21417947
8903	0.21440443
8904	0.21460120
8905	0.21476752
8906	0.21490173
8907	0.21500279
8908	0.21507016
8909	0.21510385
8910	0.21510427
8911	0.21507229
8912	0.21500915
8913	0.21491648
8914	0.21479639
8915	0.21465138
8916	0.21448439
8917	0.21429902
8918	0.21409924
8919	0.21388961
8920	0.21367514
8921	0.21346125
8922	0.21325368
8923	0.21305823
8924	0.21288073
8925	0.21272671
8926	0.21260132
8927	0.21250896
8928	0.21245323
8929	0.21243665
8930	0.21246068
8931	0.21252564
8932	0.21263072
8933	0.21277402
8934	0.21295287
8935	0.21316364
8936	0.21340229
8937	0.21366437
8938	0.21394520
8939	0.21424010
8940	0.21454456
8941	0.21485424
8942	0.21516520
8943	0.21547382
8944	0.21577685
8945	0.21607149
8946	0.21635520
8947	0.21662591
8948	0.21688168
8949	0.21712078
8950	0.21734165
8951	0.21754281
8952	0.21772285
8953	0.21788025
8954	0.21801358
8955	0.21812138
8956	0.21820213
8957	0.21825443
8958	0.21827699
8959	0.21826883
8960	0.21822912
8961	0.21815760
8962	0.21805455
8963	0.21792082
8964	0.21775801
8965	0.21756840
8966	0.21735504
8967	0.21712160
8968	0.21687248
8969	0.21661259
8970	0.21634738
8971	0.21608281
8972	0.21582513
8973	0.21558101
8974	0.21535745
8975	0.21516170
8976	0.21500136
8977	0.21488419
8978	0.21481806
8979	0.21481098
8980	0.21487072
8981	0.21500486
8982	0.21522033
8983	0.21552318
8984	0.21591832
8985	0.21640888
8986	0.21699616
8987	0.21767895
8988	0.21845333
8989	0.21931235
8990	0.22024599
8991	0.22124127
8992	0.22228236
8993	0.22335120
8994	0.22442804
8995	0.22549251
8996	0.22652423
8997	0.22750418
8998	0.22841492
8999	0.22924183
9000	0.22997306
9001	0.23060039
9002	0.23111835
9003	0.23152460
9004	0.23181918
9005	0.23200427
9006	0.23208374
9007	0.23206258
9008	0.23194644
9009	0.23174170
9010	0.23145519
9011	0.23109458
9012	0.23066868
9013	0.23018807
9014	0.22966653
9015	0.22912227
9016	0.22858073
9017	0.22807705
9018	0.22766039
9019	0.22739896
9020	0.22738750
9021	0.22775435
9022	0.22867145
9023	0.23036465
9024	0.23312484
9025	0.23732029
9026	0.24340793
9027	0.25195196
9028	0.26365912
9029	0.27944976
9030	0.30061466
9031	0.32914871
9032	0.36849013
9033	0.42529774
9034	0.51441520
9035	0.67660302
9036	1.07641721
9037	NaN
9038	NaN
9039	NaN
9040	NaN
9041	NaN
9042	NaN
9043	NaN
9044	NaN
9045	NaN
9046	NaN
9047	NaN
9048	NaN
9049	NaN
9050	NaN
9051	NaN
9052	NaN
9053	NaN
9054	NaN
9055	NaN
9056	NaN
9057	NaN
9058	NaN
9059	NaN
9060	NaN
9061	NaN
9062	NaN
9063	NaN
9064	NaN
9065	NaN
9066	NaN
9067	NaN
9068	NaN
9069	NaN
9070	NaN
9071	NaN
9072	NaN
9073	NaN
9074	NaN
9075	NaN
9076	NaN
9077	NaN
9078	NaN
9079	NaN
9080	NaN
9081	NaN
9082	NaN
9083	NaN
9084	NaN
9085	NaN
9086	NaN
9087	NaN
9088	NaN
9089	NaN
9090	NaN
9091	NaN
9092	NaN
9093	NaN
9094	NaN
9095	NaN
9096	NaN
9097	NaN
9098	NaN
9099	NaN
9100	NaN
9101	NaN
9102	NaN
9103	NaN
9104	NaN
9105	NaN
9106	NaN
9107	NaN
9108	NaN
9109	NaN
9110	NaN
9111	NaN
9112	NaN
9113	NaN
9114	NaN
9115	NaN
9116	NaN
9117	NaN
9118	NaN
9119	NaN
9120	NaN
9121	NaN
9122	NaN
9123	NaN
9124	NaN
9125	NaN
9126	NaN
9127	NaN
9128	NaN
9129	0.79544556
9130	0.51591527
9131	0.42461008
9132	0.37957180
9133	0.35293049
9134	0.33546403
9135	0.32323495
9136	0.31427789
9137	0.30750155
9138	0.30225059
9139	0.29810762
9140	0.29479361
9141	0.29211512
9142	0.28993356
9143	0.28814733
9144	0.28668013
9145	0.28547397
9146	0.28448400
9147	0.28367543
9148	0.28302118
9149	0.28250018
9150	0.28209612
9151	0.28179672
9152	0.28159285
9153	0.28147799
9154	0.28144774
9155	0.28149930
9156	0.28163093
9157	0.28184149
9158	0.28212994
9159	0.28249481
9160	0.28293356
9161	0.28344208
9162	0.28401414
9163	0.28464088
9164	0.28531060
9165	0.28600830
9166	0.28671589
9167	0.28741235
9168	0.28807434
9169	0.28867701
9170	0.28919524
9171	0.28960505
9172	0.28988513
9173	0.29001862
9174	0.28999436
9175	0.28980818
9176	0.28946355
9177	0.28897166
9178	0.28835076
9179	0.28762534
9180	0.28682441
9181	0.28598002
9182	0.28512502
9183	0.28429186
9184	0.28351074
9185	0.28280872
9186	0.28220877
9187	0.28172943
9188	0.28138450
9189	0.28118306
9190	0.28112975
9191	0.28122470
9192	0.28146395
9193	0.28183982
9194	0.28234076
9195	0.28295210
9196	0.28365603
9197	0.28443217
9198	0.28525788
9199	0.28610888
9200	0.28696007
9201	0.28778613
9202	0.28856263
9203	0.28926674
9204	0.28987843
9205	0.29038101
9206	0.29076198
9207	0.29101348
9208	0.29113239
9209	0.29112041
9210	0.29098359
9211	0.29073209
9212	0.29037920
9213	0.28994080
9214	0.28943446
9215	0.28887871
9216	0.28829238
9217	0.28769389
9218	0.28710085
9219	0.28652954
9220	0.28599486
9221	0.28550982
9222	0.28508580
9223	0.28473216
9224	0.28445652
9225	0.28426474
9226	0.28416079
9227	0.28414702
9228	0.28422412
9229	0.28439119
9230	0.28464574
9231	0.28498372
9232	0.28539991
9233	0.28588763
9234	0.28643909
9235	0.28704566
9236	0.28769785
9237	0.28838587
9238	0.28909948
9239	0.28982872
9240	0.29056388
9241	0.29129583
9242	0.29201630
9243	0.29271787
9244	0.29339406
9245	0.29403928
9246	0.29464889
9247	0.29521883
9248	0.29574558
9249	0.29622608
9250	0.29665735
9251	0.29703671
9252	0.29736125
9253	0.29762819
9254	0.29783478
9255	0.29797831
9256	0.29805636
9257	0.29806694
9258	0.29800880
9259	0.29788169
9260	0.29768661
9261	0.29742619
9262	0.29710490
9263	0.29672930
9264	0.29630816
9265	0.29585236
9266	0.29537499
9267	0.29489082
9268	0.29441616
9269	0.29396820
9270	0.29356444
9271	0.29322228
9272	0.29295811
9273	0.29278713
9274	0.29272255
9275	0.29277536
9276	0.29295421
9277	0.29326484
9278	0.29371047
9279	0.29429132
9280	0.29500484
9281	0.29584581
9282	0.29680619
9283	0.29787523
9284	0.29903960
9285	0.30028340
9286	0.30158824
9287	0.30293319
9288	0.30429527
9289	0.30564940
9290	0.30696893
9291	0.30822608
9292	0.30939260
9293	0.31044045
9294	0.31134298
9295	0.31207561
9296	0.31261724
9297	0.31295103
9298	0.31306544
9299	0.31295517
9300	0.31262156
9301	0.31207305
9302	0.31132495
9303	0.31039917
9304	0.30932370
9305	0.30813146
9306	0.30685946
9307	0.30554751
9308	0.30423698
9309	0.30296975
9310	0.30178720
9311	0.30072910
9312	0.29983324
9313	0.29913449
9314	0.29866472
9315	0.29845226
9316	0.29852164
9317	0.29889351
9318	0.29958400
9319	0.30060455
9320	0.30196142
9321	0.30365464
9322	0.30567759
9323	0.30801585
9324	0.31064656
9325	0.31353784
9326	0.31664810
9327	0.31992641
9328	0.32331333
9329	0.32674211
9330	0.33014125
9331	0.33343717
9332	0.33655784
9333	0.33943617
9334	0.34201384
9335	0.34424400
9336	0.34609348
9337	0.34754398
9338	0.34859240
9339	0.34924942
9340	0.34953868
9341	0.34949407
9342	0.34915796
9343	0.34857896
9344	0.34781066
9345	0.34691045
9346	0.34593943
9347	0.34496242
9348	0.34405002
9349	0.34328008
9350	0.34274215
9351	0.34254044
9352	0.34280151
9353	0.34368071
9354	0.34537393
9355	0.34813002
9356	0.35226974
9357	0.35820818
9358	0.36648884
9359	0.37782571
9360	0.39316949
9361	0.41379890
9362	0.44147888
9363	0.47872558
9364	0.52932137
9365	0.59936351
9366	0.69966346
9367	0.85192108
9368	1.10787714
9369	1.62983620
9370	3.32326269
9371	NaN
9372	NaN
9373	NaN
9374	NaN
9375	NaN
9376	NaN
9377	NaN
9378	NaN
9379	NaN
9380	NaN
9381	NaN
9382	NaN
9383	NaN
9384	NaN
9385	NaN
9386	NaN
9387	NaN
9388	NaN
9389	NaN
9390	NaN
9391	NaN
9392	NaN
9393	NaN
9394	NaN
9395	NaN
9396	NaN
9397	NaN
9398	NaN
9399	NaN
9400	NaN
9401	NaN
9402	NaN
9403	NaN
9404	NaN
9405	NaN
9406	NaN
9407	NaN
9408	NaN
9409	NaN
9410	NaN
9411	NaN
9412	NaN
9413	NaN
9414	NaN
9415	NaN
9416	NaN
9417	NaN
9418	NaN
9419	NaN
9420	NaN
9421	NaN
9422	NaN
9423	NaN
9424	NaN
9425	NaN
9426	NaN
9427	NaN
9428	NaN
9429	NaN
9430	NaN
9431	NaN
9432	NaN
9433	NaN
9434	NaN
9435	NaN
9436	NaN
9437	NaN
9438	NaN
9439	NaN
9440	NaN
9441	NaN
9442	NaN
9443	NaN
9444	NaN
9445	NaN
9446	NaN
9447	NaN
9448	NaN
9449	NaN
9450	NaN
9451	NaN
9452	NaN
9453	NaN
9454	NaN
9455	NaN
9456	NaN
9457	NaN
9458	4.14111137
9459	0.55416059
9460	0.38638797
9461	0.32645595
9462	0.29552060
9463	0.27659953
9464	0.26384476
9465	0.25469959
9466	0.24786632
9467	0.24261455
9468	0.23850033
9469	0.23523708
9470	0.23263052
9471	0.23054360
9472	0.22887617
9473	0.22755276
9474	0.22651494
9475	0.22571643
9476	0.22511981
9477	0.22469419
9478	0.22441375
9479	0.22425632
9480	0.22420266
9481	0.22423570
9482	0.22434014
9483	0.22450183
9484	0.22470760
9485	0.22494487
9486	0.22520149
9487	0.22546561
9488	0.22572568
9489	0.22597043
9490	0.22618890
9491	0.22637074
9492	0.22650631
9493	0.22658694
9494	0.22660525
9495	0.22655530
9496	0.22643289
9497	0.22623590
9498	0.22596426
9499	0.22562031
9500	0.22520889
9501	0.22473724
9502	0.22421503
9503	0.22365424
9504	0.22306874
9505	0.22247399
9506	0.22188632
9507	0.22132263
9508	0.22079942
9509	0.22033224
9510	0.21993515
9511	0.21962008
9512	0.21939665
9513	0.21927178
9514	0.21924973
9515	0.21933214
9516	0.21951815
9517	0.21980451
9518	0.22018586
9519	0.22065488
9520	0.22120221
9521	0.22181685
9522	0.22248608
9523	0.22319549
9524	0.22392927
9525	0.22467037
9526	0.22540072
9527	0.22610186
9528	0.22675522
9529	0.22734295
9530	0.22784847
9531	0.22825736
9532	0.22855794
9533	0.22874197
9534	0.22880505
9535	0.22874694
9536	0.22857155
9537	0.22828682
9538	0.22790411
9539	0.22743775
9540	0.22690414
9541	0.22632098
9542	0.22570631
9543	0.22507787
9544	0.22445239
9545	0.22384508
9546	0.22326933
9547	0.22273643
9548	0.22225562
9549	0.22183397
9550	0.22147663
9551	0.22118700
9552	0.22096673
9553	0.22081614
9554	0.22073425
9555	0.22071891
9556	0.22076707
9557	0.22087477
9558	0.22103718
9559	0.22124881
9560	0.22150348
9561	0.22179450
9562	0.22211468
9563	0.22245650
9564	0.22281228
9565	0.22317426
9566	0.22353491
9567	0.22388701
9568	0.22422381
9569	0.22453927
9570	0.22482812
9571	0.22508600
9572	0.22530942
9573	0.22549576
9574	0.22564337
9575	0.22575125
9576	0.22581920
9577	0.22584760
9578	0.22583731
9579	0.22578971
9580	0.22570652
9581	0.22558983
9582	0.22544220
9583	0.22526653
9584	0.22506613
9585	0.22484481
9586	0.22460693
9587	0.22435716
9588	0.22410069
9589	0.22384298
9590	0.22358979
9591	0.22334684
9592	0.22311977
9593	0.22291394
9594	0.22273411
9595	0.22258443
9596	0.22246814
9597	0.22238761
9598	0.22234410
9599	0.22233805
9600	0.22236885
9601	0.22243515
9602	0.22253488
9603	0.22266556
9604	0.22282431
9605	0.22300813
9606	0.22321396
9607	0.22343875
9608	0.22367963
9609	0.22393371
9610	0.22419828
9611	0.22447063
9612	0.22474796
9613	0.22502737
9614	0.22530581
9615	0.22558001
9616	0.22584645
9617	0.22610137
9618	0.22634076
9619	0.22656047
9620	0.22675636
9621	0.22692427
9622	0.22706023
9623	0.22716057
9624	0.22722214
9625	0.22724250
9626	0.22721985
9627	0.22715347
9628	0.22704354
9629	0.22689144
9630	0.22669958
9631	0.22647148
9632	0.22621164
9633	0.22592537
9634	0.22561868
9635	0.22529823
9636	0.22497089
9637	0.22464390
9638	0.22432454
9639	0.22402012
9640	0.22373791
9641	0.22348507
9642	0.22326863
9643	0.22309551
9644	0.22297247
9645	0.22290604
9646	0.22290245
9647	0.22296749
9648	0.22310628
9649	0.22332332
9650	0.22362177
9651	0.22400366
9652	0.22446917
9653	0.22501668
9654	0.22564217
9655	0.22633924
9656	0.22709864
9657	0.22790849
9658	0.22875401
9659	0.22961834
9660	0.23048232
9661	0.23132583
9662	0.23212811
9663	0.23286903
9664	0.23352993
9665	0.23409466
9666	0.23454987
9667	0.23488599
9668	0.23509704
9669	0.23518091
9670	0.23513870
9671	0.23497441
9672	0.23469451
9673	0.23430710
9674	0.23382193
9675	0.23324993
9676	0.23260310
9677	0.23189501
9678	0.23114116
9679	0.23036028
9680	0.22957535
9681	0.22881600
9682	0.22812100
9683	0.22754180
9684	0.22714777
9685	0.22703145
9686	0.22731708
9687	0.22817056
9688	0.22981158
9689	0.23252955
9690	0.23670015
9691	0.24280743
9692	0.25146911
9693	0.26347190
9694	0.27982426
9695	0.30185249
9696	0.33138716
9697	0.37115854
9698	0.42565662
9699	0.50316787
9700	0.62120527
9701	0.82438695
9702	1.26835406
9703	3.11639452
9704	NaN
9705	NaN
9706	NaN
9707	NaN
9708	NaN
9709	NaN
9710	NaN
9711	NaN
9712	NaN
9713	NaN
9714	NaN
9715	NaN
9716	NaN
9717	NaN
9718	NaN
9719	NaN
9720	NaN
9721	NaN
9722	NaN
9723	NaN
9724	NaN
9725	NaN
9726	NaN
9727	NaN
9728	NaN
9729	NaN
9730	NaN
9731	NaN
9732	NaN
9733	NaN
9734	NaN
9735	NaN
9736	NaN
9737	NaN
9738	NaN
9739	NaN
9740	NaN
9741	NaN
9742	NaN
9743	NaN
9744	NaN
9745	NaN
9746	NaN
9747	NaN
9748	NaN
9749	NaN
9750	NaN
9751	NaN
9752	NaN
9753	NaN
9754	NaN
9755	NaN
9756	NaN
9757	NaN
9758	NaN
9759	NaN
9760	NaN
9761	NaN
9762	NaN
9763	NaN
9764	NaN
9765	NaN
9766	NaN
9767	NaN
9768	NaN
9769	NaN
9770	NaN
9771	NaN
9772	NaN
9773	NaN
9774	NaN
9775	NaN
9776	NaN
9777	NaN
9778	NaN
9779	NaN
9780	NaN
9781	NaN
9782	NaN
9783	NaN
9784	NaN
9785	NaN
9786	NaN
9787	NaN
9788	1.10703158
9789	0.54655194
9790	0.43363827
9791	0.38516471
9792	0.35822901
9793	0.34110504
9794	0.32927737
9795	0.32063699
9796	0.31406629
9797	0.30891770
9798	0.30478981
9799	0.30142039
9800	0.29863074
9801	0.29629478
9802	0.29432103
9803	0.29264143
9804	0.29120436
9805	0.28997010
9806	0.28890780
9807	0.28799343
9808	0.28720829
9809	0.28653803
9810	0.28597197
9811	0.28550231
9812	0.28512391
9813	0.28483361
9814	0.28462994
9815	0.28451267
9816	0.28448239
9817	0.28454000
9818	0.28468621
9819	0.28492105
9820	0.28524339
9821	0.28565031
9822	0.28613666
9823	0.28669477
9824	0.28731406
9825	0.28798103
9826	0.28867948
9827	0.28939065
9828	0.29009396
9829	0.29076788
9830	0.29139093
9831	0.29194283
9832	0.29240581
9833	0.29276547
9834	0.29301202
9835	0.29314047
9836	0.29315141
9837	0.29305050
9838	0.29284820
9839	0.29255897
9840	0.29220033
9841	0.29179189
9842	0.29135406
9843	0.29090738
9844	0.29047132
9845	0.29006374
9846	0.28970036
9847	0.28939438
9848	0.28915617
9849	0.28899324
9850	0.28891036
9851	0.28890949
9852	0.28899005
9853	0.28914902
9854	0.28938115
9855	0.28967923
9856	0.29003423
9857	0.29043567
9858	0.29087171
9859	0.29132956
9860	0.29179576
9861	0.29225662
9862	0.29269865
9863	0.29310882
9864	0.29347527
9865	0.29378754
9866	0.29403716
9867	0.29421777
9868	0.29432538
9869	0.29435855
9870	0.29431829
9871	0.29420793
9872	0.29403287
9873	0.29380020
9874	0.29351848
9875	0.29319713
9876	0.29284629
9877	0.29247621
9878	0.29209721
9879	0.29171920
9880	0.29135171
9881	0.29100353
9882	0.29068273
9883	0.29039666
9884	0.29015180
9885	0.28995386
9886	0.28980762
9887	0.28971711
9888	0.28968537
9889	0.28971463
9890	0.28980628
9891	0.28996068
9892	0.29017735
9893	0.29045478
9894	0.29079068
9895	0.29118174
9896	0.29162389
9897	0.29211217
9898	0.29264104
9899	0.29320431
9900	0.29379547
9901	0.29440761
9902	0.29503372
9903	0.29566675
9904	0.29629958
9905	0.29692516
9906	0.29753655
9907	0.29812685
9908	0.29868922
9909	0.29921678
9910	0.29970294
9911	0.30014098
9912	0.30052453
9913	0.30084747
9914	0.30110410
9915	0.30128947
9916	0.30139941
9917	0.30143085
9918	0.30138227
9919	0.30125368
9920	0.30104706
9921	0.30076641
9922	0.30041814
9923	0.30001080
9924	0.29955539
9925	0.29906490
9926	0.29855433
9927	0.29804000
9928	0.29753947
9929	0.29707056
9930	0.29665118
9931	0.29629853
9932	0.29602867
9933	0.29585591
9934	0.29579261
9935	0.29584867
9936	0.29603145
9937	0.29634544
9938	0.29679245
9939	0.29737133
9940	0.29807800
9941	0.29890567
9942	0.29984477
9943	0.30088305
9944	0.30200583
9945	0.30319592
9946	0.30443406
9947	0.30569893
9948	0.30696759
9949	0.30821574
9950	0.30941817
9951	0.31054941
9952	0.31158414
9953	0.31249806
9954	0.31326878
9955	0.31387630
9956	0.31430432
9957	0.31454062
9958	0.31457812
9959	0.31441519
9960	0.31405628
9961	0.31351197
9962	0.31279883
9963	0.31193924
9964	0.31096080
9965	0.30989546
9966	0.30877879
9967	0.30764878
9968	0.30654508
9969	0.30550775
9970	0.30457658
9971	0.30378994
9972	0.30318448
9973	0.30279410
9974	0.30264977
9975	0.30277884
9976	0.30320466
9977	0.30394602
9978	0.30501682
9979	0.30642542
9980	0.30817401
9981	0.31025797
9982	0.31266513
9983	0.31537533
9984	0.31835967
9985	0.32158047
9986	0.32499120
9987	0.32853708
9988	0.33215615
9989	0.33578089
9990	0.33934042
9991	0.34276322
9992	0.34598023
9993	0.34892830
9994	0.35155293
9995	0.35381126
9996	0.35567403
9997	0.35712692
9998	0.35817108
9999	0.35882279
10000	0.35911256
10001	0.35908389
10002	0.35879213
10003	0.35830286
10004	0.35769147
10005	0.35704282
10006	0.35645229
10007	0.35602692
10008	0.35588935
10009	0.35618183
10010	0.35707363
10011	0.35876971
10012	0.36152494
10013	0.36566165
10014	0.37159580
10015	0.37987316
10016	0.39122343
10017	0.40664050
10018	0.42751080
10019	0.45581755
10020	0.49450025
10021	0.54811513
10022	0.62414944
10023	0.73593593
10024	0.90999758
10025	1.20847416
10026	1.82123923
10027	3.75229907
10028	NaN
10029	NaN
10030	NaN
10031	NaN
10032	NaN
10033	NaN
10034	NaN
10035	NaN
10036	NaN
10037	NaN
10038	NaN
10039	NaN
10040	NaN
10041	NaN
10042	NaN
10043	NaN
10044	NaN
10045	NaN
10046	NaN
10047	NaN
10048	NaN
10049	NaN
10050	NaN
10051	NaN
10052	NaN
10053	NaN
10054	NaN
10055	NaN
10056	NaN
10057	NaN
10058	NaN
10059	NaN
10060	NaN
10061	NaN
10062	NaN
10063	NaN
10064	NaN
10065	NaN
10066	NaN
10067	NaN
10068	NaN
10069	NaN
10070	NaN
10071	NaN
10072	NaN
10073	NaN
10074	NaN
10075	NaN
10076	NaN
10077	NaN
10078	NaN
10079	NaN
10080	NaN
10081	NaN
10082	NaN
10083	NaN
10084	NaN
10085	NaN
10086	NaN
10087	NaN
10088	NaN
10089	NaN
10090	NaN
10091	NaN
10092	NaN
10093	NaN
10094	NaN
10095	NaN
10096	NaN
10097	NaN
10098	NaN
10099	NaN
10100	NaN
10101	NaN
10102	NaN
10103	NaN
10104	NaN
10105	NaN
10106	NaN
10107	NaN
10108	NaN
10109	NaN
10110	NaN
10111	NaN
10112	NaN
10113	NaN
10114	NaN
10115	NaN
10116	NaN
10117	NaN
10118	0.60224581
10119	0.35139015
10120	0.28635871
10121	0.25638095
10122	0.23916531
10123	0.22806853
10124	0.22040661
10125	0.21488279
10126	0.21079065
10127	0.20770988
10128	0.20537326
10129	0.20360179
10130	0.20227015
10131	0.20128788
10132	0.20058726
10133	0.20011680
10134	0.19983615
10135	0.19971325
10136	0.19972202
10137	0.19984083
10138	0.20005126
10139	0.20033732
10140	0.20068470
10141	0.20108028
10142	0.20151171
10143	0.20196725
10144	0.20243539
10145	0.20290487
10146	0.20336463
10147	0.20380387
10148	0.20421200
10149	0.20457906
10150	0.20489576
10151	0.20515387
10152	0.20534627
10153	0.20546740
10154	0.20551342
10155	0.20548247
10156	0.20537472
10157	0.20519264
10158	0.20494097
10159	0.20462671
10160	0.20425901
10161	0.20384896
10162	0.20340940
10163	0.20295440
10164	0.20249893
10165	0.20205833
10166	0.20164765
10167	0.20128125
10168	0.20097214
10169	0.20073168
10170	0.20056906
10171	0.20049122
10172	0.20050250
10173	0.20060483
10174	0.20079757
10175	0.20107777
10176	0.20144011
10177	0.20187712
10178	0.20237932
10179	0.20293534
10180	0.20353201
10181	0.20415457
10182	0.20478669
10183	0.20541093
10184	0.20600878
10185	0.20656122
10186	0.20704921
10187	0.20745406
10188	0.20775832
10189	0.20794643
10190	0.20800550
10191	0.20792601
10192	0.20770241
10193	0.20733367
10194	0.20682341
10195	0.20618010
10196	0.20541659
10197	0.20454977
10198	0.20359983
10199	0.20258933
10200	0.20154247
10201	0.20048402
10202	0.19943851
10203	0.19842957
10204	0.19747926
10205	0.19660766
10206	0.19583243
10207	0.19516848
10208	0.19462793
10209	0.19421974
10210	0.19394968
10211	0.19382024
10212	0.19383053
10213	0.19397654
10214	0.19425125
10215	0.19464508
10216	0.19514625
10217	0.19574130
10218	0.19641542
10219	0.19715308
10220	0.19793820
10221	0.19875470
10222	0.19958679
10223	0.20041926
10224	0.20123787
10225	0.20202953
10226	0.20278250
10227	0.20348655
10228	0.20413308
10229	0.20471519
10230	0.20522755
10231	0.20566642
10232	0.20602949
10233	0.20631589
10234	0.20652589
10235	0.20666085
10236	0.20672303
10237	0.20671563
10238	0.20664248
10239	0.20650825
10240	0.20631824
10241	0.20607850
10242	0.20579571
10243	0.20547733
10244	0.20513147
10245	0.20476690
10246	0.20439297
10247	0.20401937
10248	0.20365605
10249	0.20331295
10250	0.20299971
10251	0.20272535
10252	0.20249806
10253	0.20232476
10254	0.20221102
10255	0.20216075
10256	0.20217602
10257	0.20225729
10258	0.20240316
10259	0.20261058
10260	0.20287517
10261	0.20319131
10262	0.20355248
10263	0.20395161
10264	0.20438133
10265	0.20483424
10266	0.20530307
10267	0.20578097
10268	0.20626156
10269	0.20673910
10270	0.20720842
10271	0.20766506
10272	0.20810501
10273	0.20852514
10274	0.20892264
10275	0.20929524
10276	0.20964120
10277	0.20995921
10278	0.21024831
10279	0.21050794
10280	0.21073779
10281	0.21093795
10282	0.21110870
10283	0.21125062
10284	0.21136442
10285	0.21145096
10286	0.21151134
10287	0.21154657
10288	0.21155791
10289	0.21154645
10290	0.21151336
10291	0.21145973
10292	0.21138664
10293	0.21129517
10294	0.21118645
10295	0.21106173
10296	0.21092252
10297	0.21077068
10298	0.21060871
10299	0.21043956
10300	0.21026707
10301	0.21009581
10302	0.20993118
10303	0.20977943
10304	0.20964752
10305	0.20954314
10306	0.20947441
10307	0.20944986
10308	0.20947817
10309	0.20956802
10310	0.20972781
10311	0.20996538
10312	0.21028781
10313	0.21070129
10314	0.21121025
10315	0.21181750
10316	0.21252351
10317	0.21332610
10318	0.21422032
10319	0.21519805
10320	0.21624829
10321	0.21735734
10322	0.21850932
10323	0.21968718
10324	0.22087343
10325	0.22205108
10326	0.22320437
10327	0.22431998
10328	0.22538692
10329	0.22639705
10330	0.22734518
10331	0.22822851
10332	0.22904719
10333	0.22980283
10334	0.23049931
10335	0.23114182
10336	0.23173711
10337	0.23229350
10338	0.23282106
10339	0.23333171
10340	0.23384085
10341	0.23436798
10342	0.23494004
10343	0.23559384
10344	0.23638345
10345	0.23738980
10346	0.23873869
10347	0.24063061
10348	0.24339627
10349	0.24760275
10350	0.25427574
10351	0.26541066
10352	0.28534856
10353	0.32536688
10354	0.42613766
10355	0.92952758
10356	NaN
10357	NaN
10358	NaN
10359	NaN
10360	NaN
10361	NaN
10362	NaN
10363	NaN
10364	NaN
10365	NaN
10366	NaN
10367	NaN
10368	NaN
10369	NaN
10370	NaN
10371	NaN
10372	NaN
10373	NaN
10374	NaN
10375	NaN
10376	NaN
10377	NaN
10378	NaN
10379	NaN
10380	NaN
10381	NaN
10382	NaN
10383	NaN
10384	NaN
10385	NaN
10386	NaN
10387	NaN
10388	NaN
10389	NaN
10390	NaN
10391	NaN
10392	NaN
10393	NaN
10394	NaN
10395	NaN
10396	NaN
10397	NaN
10398	NaN
10399	NaN
10400	NaN
10401	NaN
10402	NaN
10403	NaN
10404	NaN
10405	NaN
10406	NaN
10407	NaN
10408	NaN
10409	NaN
10410	NaN
10411	NaN
10412	NaN
10413	NaN
10414	NaN
10415	NaN
10416	NaN
10417	NaN
10418	NaN
10419	NaN
10420	NaN
10421	NaN
10422	NaN
10423	NaN
10424	NaN
10425	NaN
10426	NaN
10427	NaN
10428	NaN
10429	NaN
10430	NaN
10431	NaN
10432	NaN
10433	NaN
10434	NaN
10435	NaN
10436	NaN
10437	NaN
10438	NaN
10439	NaN
10440	NaN
10441	NaN
10442	NaN
10443	NaN
10444	NaN
10445	0.85315001
10446	0.55929631
10447	0.46666637
10448	0.42137086
10449	0.39455536
10450	0.37685522
10451	0.36431882
10452	0.35499081
10453	0.34779331
10454	0.34208304
10455	0.33745229
10456	0.33363006
10457	0.33042905
10458	0.32771567
10459	0.32539213
10460	0.32338542
10461	0.32164013
10462	0.32011372
10463	0.31877330
10464	0.31759366
10465	0.31655544
10466	0.31564415
10467	0.31484911
10468	0.31416309
10469	0.31358138
10470	0.31310168
10471	0.31272325
10472	0.31244674
10473	0.31227344
10474	0.31220493
10475	0.31224236
10476	0.31238592
10477	0.31263411
10478	0.31298333
10479	0.31342709
10480	0.31395590
10481	0.31455681
10482	0.31521365
10483	0.31590703
10484	0.31661516
10485	0.31731457
10486	0.31798106
10487	0.31859127
10488	0.31912366
10489	0.31956011
10490	0.31988704
10491	0.32009605
10492	0.32018477
10493	0.32015666
10494	0.32002085
10495	0.31979120
10496	0.31948537
10497	0.31912354
10498	0.31872725
10499	0.31831810
10500	0.31791672
10501	0.31754190
10502	0.31720990
10503	0.31693420
10504	0.31672499
10505	0.31658933
10506	0.31653094
10507	0.31655064
10508	0.31664628
10509	0.31681311
10510	0.31704402
10511	0.31732997
10512	0.31766012
10513	0.31802243
10514	0.31840378
10515	0.31879067
10516	0.31916946
10517	0.31952691
10518	0.31985062
10519	0.32012960
10520	0.32035455
10521	0.32051831
10522	0.32061625
10523	0.32064614
10524	0.32060862
10525	0.32050672
10526	0.32034588
10527	0.32013354
10528	0.31987879
10529	0.31959191
10530	0.31928381
10531	0.31896585
10532	0.31864902
10533	0.31834409
10534	0.31806076
10535	0.31780788
10536	0.31759307
10537	0.31742254
10538	0.31730112
10539	0.31723225
10540	0.31721798
10541	0.31725892
10542	0.31735459
10543	0.31750333
10544	0.31770256
10545	0.31794894
10546	0.31823844
10547	0.31856674
10548	0.31892928
10549	0.31932139
10550	0.31973857
10551	0.32017657
10552	0.32063150
10553	0.32109982
10554	0.32157856
10555	0.32206509
10556	0.32255724
10557	0.32305312
10558	0.32355112
10559	0.32404968
10560	0.32454729
10561	0.32504228
10562	0.32553270
10563	0.32601640
10564	0.32649067
10565	0.32695234
10566	0.32739767
10567	0.32782251
10568	0.32822210
10569	0.32859117
10570	0.32892421
10571	0.32921544
10572	0.32945907
10573	0.32964945
10574	0.32978156
10575	0.32985094
10576	0.32985428
10577	0.32978967
10578	0.32965684
10579	0.32945749
10580	0.32919553
10581	0.32887706
10582	0.32851058
10583	0.32810685
10584	0.32767862
10585	0.32724038
10586	0.32680795
10587	0.32639793
10588	0.32602718
10589	0.32571244
10590	0.32546934
10591	0.32531250
10592	0.32525471
10593	0.32530677
10594	0.32547703
10595	0.32577148
10596	0.32619318
10597	0.32674247
10598	0.32741669
10599	0.32821035
10600	0.32911479
10601	0.33011845
10602	0.33120683
10603	0.33236250
10604	0.33356535
10605	0.33479282
10606	0.33602032
10607	0.33722156
10608	0.33836925
10609	0.33943585
10610	0.34039426
10611	0.34121898
10612	0.34188676
10613	0.34237784
10614	0.34267658
10615	0.34277242
10616	0.34266031
10617	0.34234118
10618	0.34182206
10619	0.34111607
10620	0.34024197
10621	0.33922371
10622	0.33808997
10623	0.33687302
10624	0.33560807
10625	0.33433238
10626	0.33308437
10627	0.33190274
10628	0.33082569
10629	0.32989040
10630	0.32913220
10631	0.32858425
10632	0.32827687
10633	0.32823724
10634	0.32848877
10635	0.32905078
10636	0.32993779
10637	0.33115914
10638	0.33271781
10639	0.33461013
10640	0.33682472
10641	0.33934182
10642	0.34213248
10643	0.34515852
10644	0.34837231
10645	0.35171774
10646	0.35513106
10647	0.35854363
10648	0.36188388
10649	0.36508086
10650	0.36806723
10651	0.37078267
10652	0.37317646
10653	0.37520954
10654	0.37685579
10655	0.37810278
10656	0.37895122
10657	0.37941435
10658	0.37951681
10659	0.37929323
10660	0.37878713
10661	0.37804997
10662	0.37714052
10663	0.37612477
10664	0.37507659
10665	0.37407893
10666	0.37322617
10667	0.37262699
10668	0.37240890
10669	0.37272397
10670	0.37375653
10671	0.37573344
10672	0.37893739
10673	0.38372466
10674	0.39054871
10675	0.39999458
10676	0.41282746
10677	0.43006542
10678	0.45309758
10679	0.48388088
10680	0.52529234
10681	0.58180982
10682	0.66091251
10683	0.77633423
10684	0.95667201
10685	1.27363253
10686	1.97345316
10687	4.83713293
10688	NaN
10689	NaN
10690	NaN
10691	NaN
10692	NaN
10693	NaN
10694	NaN
10695	NaN
10696	NaN
10697	NaN
10698	NaN
10699	NaN
10700	NaN
10701	NaN
10702	NaN
10703	NaN
10704	NaN
10705	NaN
10706	NaN
10707	NaN
10708	NaN
10709	NaN
10710	NaN
10711	NaN
10712	NaN
10713	NaN
10714	NaN
10715	NaN
10716	NaN
10717	NaN
10718	NaN
10719	NaN
10720	NaN
10721	NaN
10722	NaN
10723	NaN
10724	NaN
10725	NaN
10726	NaN
10727	NaN
10728	NaN
10729	NaN
10730	NaN
10731	NaN
10732	NaN
10733	NaN
10734	NaN
10735	NaN
10736	NaN
10737	NaN
10738	NaN
10739	NaN
10740	NaN
10741	NaN
10742	NaN
10743	NaN
10744	NaN
10745	NaN
10746	NaN
10747	NaN
10748	NaN
10749	NaN
10750	NaN
10751	NaN
10752	NaN
10753	NaN
10754	NaN
10755	NaN
10756	NaN
10757	NaN
10758	NaN
10759	NaN
10760	NaN
10761	NaN
10762	NaN
10763	NaN
10764	NaN
10765	NaN
10766	NaN
10767	NaN
10768	NaN
10769	NaN
10770	NaN
10771	NaN
10772	NaN
10773	NaN
10774	NaN
10775	NaN
10776	NaN
10777	NaN
10778	NaN
10779	NaN
10780	NaN
10781	1.31826842
10782	0.53025657
10783	0.38949576
10784	0.33198929
10785	0.30156893
10786	0.28332472
10787	0.27158782
10788	0.26372376
10789	0.25833857
10790	0.25462297
10791	0.25207445
10792	0.25036392
10793	0.24926718
10794	0.24862647
10795	0.24832805
10796	0.24828805
10797	0.24844402
10798	0.24874853
10799	0.24916546
10800	0.24966684
10801	0.25023082
10802	0.25084022
10803	0.25148112
10804	0.25214219
10805	0.25281373
10806	0.25348708
10807	0.25415438
10808	0.25480792
10809	0.25543988
10810	0.25604230
10811	0.25660682
10812	0.25712445
10813	0.25758603
10814	0.25798202
10815	0.25830269
10816	0.25853857
10817	0.25868055
10818	0.25872052
10819	0.25865173
10820	0.25846934
10821	0.25817102
10822	0.25775737
10823	0.25723276
10824	0.25660530
10825	0.25588742
10826	0.25509560
10827	0.25425032
10828	0.25337517
10829	0.25249636
10830	0.25164127
10831	0.25083762
10832	0.25011197
10833	0.24948862
10834	0.24898891
10835	0.24863034
10836	0.24842618
10837	0.24838538
10838	0.24851257
10839	0.24880821
10840	0.24926876
10841	0.24988699
10842	0.25065216
10843	0.25155014
10844	0.25256357
10845	0.25367194
10846	0.25485185
10847	0.25607705
10848	0.25731900
10849	0.25854737
10850	0.25973070
10851	0.26083738
10852	0.26183683
10853	0.26270086
10854	0.26340473
10855	0.26392859
10856	0.26425844
10857	0.26438707
10858	0.26431426
10859	0.26404688
10860	0.26359850
10861	0.26298842
10862	0.26224056
10863	0.26138219
10864	0.26044255
10865	0.25945127
10866	0.25843751
10867	0.25742871
10868	0.25644994
10869	0.25552335
10870	0.25466791
10871	0.25389922
10872	0.25322959
10873	0.25266817
10874	0.25222111
10875	0.25189170
10876	0.25168073
10877	0.25158665
10878	0.25160569
10879	0.25173205
10880	0.25195816
10881	0.25227469
10882	0.25267082
10883	0.25313437
10884	0.25365201
10885	0.25420961
10886	0.25479242
10887	0.25538558
10888	0.25597438
10889	0.25654471
10890	0.25708345
10891	0.25757876
10892	0.25802046
10893	0.25840026
10894	0.25871176
10895	0.25895062
10896	0.25911447
10897	0.25920275
10898	0.25921655
10899	0.25915825
10900	0.25903153
10901	0.25884080
10902	0.25859135
10903	0.25828898
10904	0.25793985
10905	0.25755081
10906	0.25712886
10907	0.25668156
10908	0.25621694
10909	0.25574335
10910	0.25526962
10911	0.25480482
10912	0.25435820
10913	0.25393906
10914	0.25355637
10915	0.25321862
10916	0.25293350
10917	0.25270766
10918	0.25254643
10919	0.25245360
10920	0.25243127
10921	0.25248000
10922	0.25259870
10923	0.25278479
10924	0.25303438
10925	0.25334263
10926	0.25370383
10927	0.25411171
10928	0.25455981
10929	0.25504148
10930	0.25554994
10931	0.25607863
10932	0.25662097
10933	0.25717035
10934	0.25772017
10935	0.25826362
10936	0.25879368
10937	0.25930300
10938	0.25978374
10939	0.26022768
10940	0.26062623
10941	0.26097041
10942	0.26125115
10943	0.26145956
10944	0.26158723
10945	0.26162666
10946	0.26157176
10947	0.26141822
10948	0.26116407
10949	0.26080999
10950	0.26035953
10951	0.25981927
10952	0.25919884
10953	0.25851059
10954	0.25776923
10955	0.25699127
10956	0.25619474
10957	0.25539818
10958	0.25462052
10959	0.25388026
10960	0.25319529
10961	0.25258255
10962	0.25205791
10963	0.25163594
10964	0.25133002
10965	0.25115219
10966	0.25111324
10967	0.25122243
10968	0.25148767
10969	0.25191504
10970	0.25250873
10971	0.25327057
10972	0.25419959
10973	0.25529161
10974	0.25653848
10975	0.25792757
10976	0.25944141
10977	0.26105678
10978	0.26274487
10979	0.26447114
10980	0.26619607
10981	0.26787633
10982	0.26946646
10983	0.27092138
10984	0.27219930
10985	0.27326447
10986	0.27409026
10987	0.27466086
10988	0.27497280
10989	0.27503482
10990	0.27486727
10991	0.27450013
10992	0.27397105
10993	0.27332240
10994	0.27259994
10995	0.27185053
10996	0.27112177
10997	0.27046111
10998	0.26991734
10999	0.26954141
11000	0.26938936
11001	0.26952597
11002	0.27002999
11003	0.27100125
11004	0.27257174
11005	0.27492130
11006	0.27830169
11007	0.28307331
11008	0.28976858
11009	0.29919428
11010	0.31262192
11011	0.33214143
11012	0.36139929
11013	0.40728596
11014	0.48442176
11015	0.62994242
11016	0.97354633
11017	2.50488710
11018	NaN
11019	NaN
11020	NaN
11021	NaN
11022	NaN
11023	NaN
11024	NaN
11025	NaN
11026	NaN
11027	NaN
11028	NaN
11029	NaN
11030	NaN
11031	NaN
11032	NaN
11033	NaN
11034	NaN
11035	NaN
11036	NaN
11037	NaN
11038	NaN
11039	NaN
11040	NaN
11041	NaN
11042	NaN
11043	NaN
11044	NaN
11045	NaN
11046	NaN
11047	NaN
11048	NaN
11049	NaN
11050	NaN
11051	NaN
11052	NaN
11053	NaN
11054	NaN
11055	NaN
11056	NaN
11057	NaN
11058	NaN
11059	NaN
11060	NaN
11061	NaN
11062	NaN
11063	NaN
11064	NaN
11065	NaN
11066	NaN
11067	NaN
11068	NaN
11069	NaN
11070	NaN
11071	NaN
11072	NaN
11073	NaN
11074	NaN
11075	NaN
11076	NaN
11077	NaN
11078	NaN
11079	NaN
11080	NaN
11081	NaN
11082	NaN
11083	NaN
11084	NaN
11085	NaN
11086	NaN
11087	NaN
11088	NaN
11089	NaN
11090	NaN
11091	NaN
11092	NaN
11093	NaN
11094	NaN
11095	NaN
11096	NaN
11097	NaN
11098	NaN
11099	NaN
11100	NaN
11101	NaN
11102	NaN
11103	NaN
11104	NaN
11105	NaN
11106	NaN
11107	NaN
11108	NaN
11109	NaN
11110	NaN
11111	NaN
11112	NaN
11113	NaN
11114	NaN
11115	NaN
11116	NaN
11117	NaN
11118	4.58640528
11119	0.72303945
11120	0.49979547
11121	0.41984639
11122	0.37896764
11123	0.35430837
11124	0.33794019
11125	0.32638314
11126	0.31786713
11127	0.31139570
11128	0.30636418
11129	0.30238381
11130	0.29919338
11131	0.29661077
11132	0.29450539
11133	0.29278156
11134	0.29136795
11135	0.29021060
11136	0.28926840
11137	0.28850982
11138	0.28791070
11139	0.28745237
11140	0.28712055
11141	0.28690431
11142	0.28679529
11143	0.28678703
11144	0.28687447
11145	0.28705356
11146	0.28732058
11147	0.28767192
11148	0.28810355
11149	0.28861055
11150	0.28918684
11151	0.28982446
11152	0.29051340
11153	0.29124132
11154	0.29199311
11155	0.29275119
11156	0.29349539
11157	0.29420349
11158	0.29485205
11159	0.29541719
11160	0.29587582
11161	0.29620722
11162	0.29639411
11163	0.29642448
11164	0.29629230
11165	0.29599848
11166	0.29555115
11167	0.29496524
11168	0.29426184
11169	0.29346681
11170	0.29260942
11171	0.29172054
11172	0.29083127
11173	0.28997135
11174	0.28916815
11175	0.28844571
11176	0.28782427
11177	0.28731990
11178	0.28694436
11179	0.28670526
11180	0.28660595
11181	0.28664607
11182	0.28682125
11183	0.28712359
11184	0.28754190
11185	0.28806183
11186	0.28866613
11187	0.28933522
11188	0.29004756
11189	0.29078019
11190	0.29150972
11191	0.29221290
11192	0.29286769
11193	0.29345414
11194	0.29395509
11195	0.29435718
11196	0.29465100
11197	0.29483172
11198	0.29489887
11199	0.29485607
11200	0.29471079
11201	0.29447350
11202	0.29415712
11203	0.29377609
11204	0.29334587
11205	0.29288206
11206	0.29239985
11207	0.29191393
11208	0.29143751
11209	0.29098269
11210	0.29056016
11211	0.29017895
11212	0.28984672
11213	0.28956988
11214	0.28935343
11215	0.28920129
11216	0.28911635
11217	0.28910062
11218	0.28915516
11219	0.28928021
11220	0.28947508
11221	0.28973833
11222	0.29006755
11223	0.29045948
11224	0.29091004
11225	0.29141432
11226	0.29196677
11227	0.29256129
11228	0.29319131
11229	0.29385000
11230	0.29453042
11231	0.29522571
11232	0.29592901
11233	0.29663369
11234	0.29733333
11235	0.29802158
11236	0.29869238
11237	0.29933959
11238	0.29995707
11239	0.30053857
11240	0.30107766
11241	0.30156767
11242	0.30200174
11243	0.30237284
11244	0.30267391
11245	0.30289814
11246	0.30303907
11247	0.30309114
11248	0.30304986
11249	0.30291241
11250	0.30267787
11251	0.30234790
11252	0.30192670
11253	0.30142167
11254	0.30084321
11255	0.30020481
11256	0.29952294
11257	0.29881659
11258	0.29810670
11259	0.29741573
11260	0.29676664
11261	0.29618227
11262	0.29568473
11263	0.29529434
11264	0.29502946
11265	0.29490566
11266	0.29493564
11267	0.29512879
11268	0.29549122
11269	0.29602545
11270	0.29673067
11271	0.29760250
11272	0.29863304
11273	0.29981089
11274	0.30112118
11275	0.30254540
11276	0.30406180
11277	0.30564508
11278	0.30726689
11279	0.30889612
11280	0.31049934
11281	0.31204155
11282	0.31348714
11283	0.31480086
11284	0.31594929
11285	0.31690198
11286	0.31763300
11287	0.31812227
11288	0.31835648
11289	0.31833029
11290	0.31804648
11291	0.31751627
11292	0.31675890
11293	0.31580105
11294	0.31467572
11295	0.31342131
11296	0.31208014
11297	0.31069726
11298	0.30931917
11299	0.30799267
11300	0.30676398
11301	0.30567792
11302	0.30477694
11303	0.30410084
11304	0.30368617
11305	0.30356574
11306	0.30376801
11307	0.30431673
11308	0.30523008
11309	0.30651993
11310	0.30819070
11311	0.31023848
11312	0.31264961
11313	0.31539989
11314	0.31845328
11315	0.32176185
11316	0.32526556
11317	0.32889342
11318	0.33256537
11319	0.33619505
11320	0.33969367
11321	0.34297433
11322	0.34595653
11323	0.34857053
11324	0.35076079
11325	0.35248882
11326	0.35373390
11327	0.35449323
11328	0.35478061
11329	0.35462415
11330	0.35406363
11331	0.35314757
11332	0.35193044
11333	0.35047063
11334	0.34882864
11335	0.34706640
11336	0.34524694
11337	0.34343544
11338	0.34170070
11339	0.34011835
11340	0.33877361
11341	0.33776730
11342	0.33722121
11343	0.33728620
11344	0.33815232
11345	0.34006029
11346	0.34331608
11347	0.34830782
11348	0.35552645
11349	0.36558923
11350	0.37926629
11351	0.39751649
11352	0.42153740
11353	0.45284888
11354	0.49344724
11355	0.54611439
11356	0.61505044
11357	0.70723873
11358	0.83559066
11359	1.02719367
11360	1.34965837
11361	2.02921462
11362	4.55251598
11363	NaN
11364	NaN
11365	NaN
11366	NaN
11367	NaN
11368	NaN
11369	NaN
11370	NaN
11371	NaN
11372	NaN
11373	NaN
11374	NaN
11375	NaN
11376	NaN
11377	NaN
11378	NaN
11379	NaN
11380	NaN
11381	NaN
11382	NaN
11383	NaN
11384	NaN
11385	NaN
11386	NaN
11387	NaN
11388	NaN
11389	NaN
11390	NaN
11391	NaN
11392	NaN
11393	NaN
11394	NaN
11395	NaN
11396	NaN
11397	NaN
11398	NaN
11399	NaN
11400	NaN
11401	NaN
11402	NaN
11403	NaN
11404	NaN
11405	NaN
11406	NaN
11407	NaN
11408	NaN
11409	NaN
11410	NaN
11411	NaN
11412	NaN
11413	NaN
11414	NaN
11415	NaN
11416	NaN
11417	NaN
11418	NaN
11419	NaN
11420	NaN
11421	NaN
11422	NaN
11423	NaN
11424	NaN
11425	NaN
11426	NaN
11427	NaN
11428	NaN
11429	NaN
11430	NaN
11431	NaN
11432	NaN
11433	NaN
11434	NaN
11435	NaN
11436	NaN
11437	NaN
11438	NaN
11439	NaN
11440	NaN
11441	NaN
11442	NaN
11443	NaN
11444	NaN
11445	NaN
11446	NaN
11447	NaN
11448	NaN
11449	0.94312322
11450	0.51022738
11451	0.39588088
11452	0.34272206
11453	0.31190807
11454	0.29179248
11455	0.27766284
11456	0.26724419
11457	0.25930041
11458	0.25309932
11459	0.24817778
11460	0.24422723
11461	0.24103305
11462	0.23844089
11463	0.23633614
11464	0.23463176
11465	0.23326004
11466	0.23216744
11467	0.23131084
11468	0.23065488
11469	0.23017021
11470	0.22983193
11471	0.22961871
11472	0.22951196
11473	0.22949514
11474	0.22955331
11475	0.22967280
11476	0.22984083
11477	0.23004542
11478	0.23027515
11479	0.23051912
11480	0.23076691
11481	0.23100881
11482	0.23123586
11483	0.23143987
11484	0.23161380
11485	0.23175184
11486	0.23184946
11487	0.23190370
11488	0.23191310
11489	0.23187770
11490	0.23179910
11491	0.23168038
11492	0.23152600
11493	0.23134160
11494	0.23113395
11495	0.23091069
11496	0.23068000
11497	0.23045063
11498	0.23023136
11499	0.23003092
11500	0.22985768
11501	0.22971940
11502	0.22962311
11503	0.22957473
11504	0.22957918
11505	0.22964011
11506	0.22975987
11507	0.22993937
11508	0.23017816
11509	0.23047428
11510	0.23082419
11511	0.23122284
11512	0.23166363
11513	0.23213840
11514	0.23263749
11515	0.23314993
11516	0.23366363
11517	0.23416559
11518	0.23464236
11519	0.23508039
11520	0.23546664
11521	0.23578915
11522	0.23603751
11523	0.23620343
11524	0.23628138
11525	0.23626852
11526	0.23616539
11527	0.23597543
11528	0.23570512
11529	0.23536357
11530	0.23496191
11531	0.23451298
11532	0.23403047
11533	0.23352848
11534	0.23302092
11535	0.23252100
11536	0.23204094
11537	0.23159152
11538	0.23118202
11539	0.23082007
11540	0.23051158
11541	0.23026074
11542	0.23007020
11543	0.22994114
11544	0.22987331
11545	0.22986516
11546	0.22991420
11547	0.23001690
11548	0.23016880
11549	0.23036486
11550	0.23059931
11551	0.23086603
11552	0.23115847
11553	0.23146982
11554	0.23179330
11555	0.23212206
11556	0.23244959
11557	0.23276959
11558	0.23307635
11559	0.23336461
11560	0.23362990
11561	0.23386838
11562	0.23407705
11563	0.23425357
11564	0.23439635
11565	0.23450461
11566	0.23457806
11567	0.23461711
11568	0.23462278
11569	0.23459645
11570	0.23454012
11571	0.23445617
11572	0.23434739
11573	0.23421697
11574	0.23406848
11575	0.23390591
11576	0.23373348
11577	0.23355564
11578	0.23337716
11579	0.23320270
11580	0.23303701
11581	0.23288459
11582	0.23274970
11583	0.23263612
11584	0.23254709
11585	0.23248522
11586	0.23245232
11587	0.23244943
11588	0.23247680
11589	0.23253384
11590	0.23261924
11591	0.23273103
11592	0.23286669
11593	0.23302329
11594	0.23319757
11595	0.23338616
11596	0.23358570
11597	0.23379287
11598	0.23400460
11599	0.23421800
11600	0.23443061
11601	0.23464012
11602	0.23484455
11603	0.23504212
11604	0.23523125
11605	0.23541039
11606	0.23557813
11607	0.23573297
11608	0.23587349
11609	0.23599818
11610	0.23610559
11611	0.23619425
11612	0.23626289
11613	0.23631032
11614	0.23633574
11615	0.23633868
11616	0.23631914
11617	0.23627755
11618	0.23621491
11619	0.23613271
11620	0.23603289
11621	0.23591779
11622	0.23579010
11623	0.23565273
11624	0.23550871
11625	0.23536120
11626	0.23521337
11627	0.23506844
11628	0.23492958
11629	0.23480007
11630	0.23468316
11631	0.23458214
11632	0.23450044
11633	0.23444147
11634	0.23440865
11635	0.23440531
11636	0.23443463
11637	0.23449956
11638	0.23460251
11639	0.23474555
11640	0.23492992
11641	0.23515618
11642	0.23542389
11643	0.23573160
11644	0.23607686
11645	0.23645601
11646	0.23686436
11647	0.23729631
11648	0.23774546
11649	0.23820511
11650	0.23866838
11651	0.23912875
11652	0.23958062
11653	0.24001963
11654	0.24044329
11655	0.24085101
11656	0.24124466
11657	0.24162823
11658	0.24200818
11659	0.24239321
11660	0.24279395
11661	0.24322289
11662	0.24369432
11663	0.24422391
11664	0.24482930
11665	0.24552958
11666	0.24634588
11667	0.24730183
11668	0.24842389
11669	0.24974278
11670	0.25129366
11671	0.25311854
11672	0.25526753
11673	0.25780150
11674	0.26079574
11675	0.26434398
11676	0.26856396
11677	0.27360559
11678	0.27966204
11679	0.28698626
11680	0.29591316
11681	0.30689755
11682	0.32056999
11683	0.33783960
11684	0.36006641
11685	0.38941038
11686	0.42954817
11687	0.48737419
11688	0.57760543
11689	0.73848349
11690	1.11015153
11691	2.94984031
11692	NaN
11693	NaN
11694	NaN
11695	NaN
11696	NaN
11697	NaN
11698	NaN
11699	NaN
11700	NaN
11701	NaN
11702	NaN
11703	NaN
11704	NaN
11705	NaN
11706	NaN
11707	NaN
11708	NaN
11709	NaN
11710	NaN
11711	NaN
11712	NaN
11713	NaN
11714	NaN
11715	NaN
11716	NaN
11717	NaN
11718	NaN
11719	NaN
11720	NaN
11721	NaN
11722	NaN
11723	NaN
11724	NaN
11725	NaN
11726	NaN
11727	NaN
11728	NaN
11729	NaN
11730	NaN
11731	NaN
11732	NaN
11733	NaN
11734	NaN
11735	NaN
11736	NaN
11737	NaN
11738	NaN
11739	NaN
11740	NaN
11741	NaN
11742	NaN
11743	NaN
11744	NaN
11745	NaN
11746	NaN
11747	NaN
11748	NaN
11749	NaN
11750	NaN
11751	NaN
11752	NaN
11753	NaN
11754	NaN
11755	NaN
11756	NaN
11757	NaN
11758	NaN
11759	NaN
11760	NaN
11761	NaN
11762	NaN
11763	NaN
11764	NaN
11765	NaN
11766	NaN
11767	NaN
11768	NaN
11769	NaN
11770	NaN
11771	NaN
11772	NaN
11773	NaN
11774	NaN
11775	NaN
11776	NaN
11777	NaN
11778	NaN
11779	NaN
11780	NaN
11781	NaN
11782	NaN
11783	0.83953649
11784	0.53570682
11785	0.44266623
11786	0.39762127
11787	0.37110248
11788	0.35367298
11789	0.34137863
11790	0.33227113
11791	0.32527918
11792	0.31976455
11793	0.31532353
11794	0.31168807
11795	0.30867335
11796	0.30614775
11797	0.30401522
11798	0.30220419
11799	0.30066037
11800	0.29934219
11801	0.29821762
11802	0.29726183
11803	0.29645571
11804	0.29578456
11805	0.29523739
11806	0.29480597
11807	0.29448438
11808	0.29426846
11809	0.29415518
11810	0.29414234
11811	0.29422811
11812	0.29441029
11813	0.29468611
11814	0.29505160
11815	0.29550111
11816	0.29602695
11817	0.29661897
11818	0.29726416
11819	0.29794690
11820	0.29864886
11821	0.29934946
11822	0.30002639
11823	0.30065665
11824	0.30121756
11825	0.30168802
11826	0.30204973
11827	0.30228856
11828	0.30239537
11829	0.30236685
11830	0.30220589
11831	0.30192137
11832	0.30152771
11833	0.30104402
11834	0.30049291
11835	0.29989922
11836	0.29928872
11837	0.29868668
11838	0.29811704
11839	0.29760119
11840	0.29715747
11841	0.29680073
11842	0.29654196
11843	0.29638824
11844	0.29634291
11845	0.29640567
11846	0.29657286
11847	0.29683775
11848	0.29719085
11849	0.29762030
11850	0.29811230
11851	0.29865143
11852	0.29922113
11853	0.29980409
11854	0.30038312
11855	0.30094108
11856	0.30146208
11857	0.30193159
11858	0.30233720
11859	0.30266890
11860	0.30291942
11861	0.30308461
11862	0.30316329
11863	0.30315730
11864	0.30307126
11865	0.30291232
11866	0.30268967
11867	0.30241415
11868	0.30209768
11869	0.30175287
11870	0.30139256
11871	0.30102921
11872	0.30067474
11873	0.30034021
11874	0.30003545
11875	0.29976916
11876	0.29954863
11877	0.29937977
11878	0.29926714
11879	0.29921401
11880	0.29922247
11881	0.29929337
11882	0.29942656
11883	0.29962084
11884	0.29987410
11885	0.30018336
11886	0.30054492
11887	0.30095434
11888	0.30140662
11889	0.30189627
11890	0.30241752
11891	0.30296418
11892	0.30353004
11893	0.30410895
11894	0.30469471
11895	0.30528152
11896	0.30586377
11897	0.30643621
11898	0.30699396
11899	0.30753243
11900	0.30804735
11901	0.30853462
11902	0.30899015
11903	0.30941007
11904	0.30979028
11905	0.31012678
11906	0.31041542
11907	0.31065205
11908	0.31083259
11909	0.31095311
11910	0.31101003
11911	0.31100038
11912	0.31092191
11913	0.31077343
11914	0.31055510
11915	0.31026879
11916	0.30991805
11917	0.30950862
11918	0.30904838
11919	0.30854762
11920	0.30801865
11921	0.30747595
11922	0.30693564
11923	0.30641508
11924	0.30593246
11925	0.30550602
11926	0.30515361
11927	0.30489200
11928	0.30473638
11929	0.30469978
11930	0.30479279
11931	0.30502322
11932	0.30539584
11933	0.30591235
11934	0.30657127
11935	0.30736807
11936	0.30829501
11937	0.30934134
11938	0.31049350
11939	0.31173503
11940	0.31304687
11941	0.31440744
11942	0.31579292
11943	0.31717744
11944	0.31853366
11945	0.31983301
11946	0.32104653
11947	0.32214561
11948	0.32310274
11949	0.32389268
11950	0.32449335
11951	0.32488710
11952	0.32506138
11953	0.32500985
11954	0.32473284
11955	0.32423773
11956	0.32353896
11957	0.32265776
11958	0.32162166
11959	0.32046348
11960	0.31922051
11961	0.31793323
11962	0.31664416
11963	0.31539664
11964	0.31423408
11965	0.31319854
11966	0.31233034
11967	0.31166700
11968	0.31124312
11969	0.31108943
11970	0.31123263
11971	0.31169462
11972	0.31249225
11973	0.31363648
11974	0.31513190
11975	0.31697556
11976	0.31915680
11977	0.32165596
11978	0.32444429
11979	0.32748321
11980	0.33072475
11981	0.33411196
11982	0.33758023
11983	0.34105924
11984	0.34447542
11985	0.34775490
11986	0.35082710
11987	0.35362756
11988	0.35610163
11989	0.35820630
11990	0.35991243
11991	0.36120513
11992	0.36208424
11993	0.36256322
11994	0.36266810
11995	0.36243579
11996	0.36191279
11997	0.36115354
11998	0.36021999
11999	0.35918048
12000	0.35811043
12001	0.35709286
12002	0.35622028
12003	0.35559699
12004	0.35534227
12005	0.35559475
12006	0.35651821
12007	0.35830799
12008	0.36120066
12009	0.36548489
12010	0.37151584
12011	0.37973428
12012	0.39069152
12013	0.40508431
12014	0.42380413
12015	0.44801417
12016	0.47927368
12017	0.51975334
12018	0.57262915
12019	0.64285308
12020	0.73877698
12021	0.87593776
12022	1.08723283
12023	1.45679879
12024	2.28304720
12025	5.94315004
12026	NaN
12027	NaN
12028	NaN
12029	NaN
12030	NaN
12031	NaN
12032	NaN
12033	NaN
12034	NaN
12035	NaN
12036	NaN
12037	NaN
12038	NaN
12039	NaN
12040	NaN
12041	NaN
12042	NaN
12043	NaN
12044	NaN
12045	NaN
12046	NaN
12047	NaN
12048	NaN
12049	NaN
12050	NaN
12051	NaN
12052	NaN
12053	NaN
12054	NaN
12055	NaN
12056	NaN
12057	NaN
12058	NaN
12059	NaN
12060	NaN
12061	NaN
12062	NaN
12063	NaN
12064	NaN
12065	NaN
12066	NaN
12067	NaN
12068	NaN
12069	NaN
12070	NaN
12071	NaN
12072	NaN
12073	NaN
12074	NaN
12075	NaN
12076	NaN
12077	NaN
12078	NaN
12079	NaN
12080	NaN
12081	NaN
12082	NaN
12083	NaN
12084	NaN
12085	NaN
12086	NaN
12087	NaN
12088	NaN
12089	NaN
12090	NaN
12091	NaN
12092	NaN
12093	NaN
12094	NaN
12095	NaN
12096	NaN
12097	NaN
12098	NaN
12099	NaN
12100	NaN
12101	NaN
12102	NaN
12103	NaN
12104	NaN
12105	NaN
12106	NaN
12107	NaN
12108	NaN
12109	NaN
12110	NaN
12111	NaN
12112	NaN
12113	NaN
12114	NaN
12115	NaN
12116	NaN
12117	NaN
12118	0.59089381
12119	0.39351642
12120	0.32586738
12121	0.29242644
12122	0.27300966
12123	0.26071599
12124	0.25253615
12125	0.24694222
12126	0.24307330
12127	0.24040487
12128	0.23859835
12129	0.23742467
12130	0.23672333
12131	0.23637855
12132	0.23630476
12133	0.23643769
12134	0.23672831
12135	0.23713882
12136	0.23763976
12137	0.23820792
12138	0.23882489
12139	0.23947592
12140	0.24014893
12141	0.24083383
12142	0.24152195
12143	0.24220552
12144	0.24287739
12145	0.24353065
12146	0.24415840
12147	0.24475369
12148	0.24530934
12149	0.24581802
12150	0.24627236
12151	0.24666508
12152	0.24698909
12153	0.24723785
12154	0.24740569
12155	0.24748811
12156	0.24748203
12157	0.24738625
12158	0.24720164
12159	0.24693149
12160	0.24658163
12161	0.24616054
12162	0.24567927
12163	0.24515140
12164	0.24459259
12165	0.24402027
12166	0.24345295
12167	0.24290958
12168	0.24240884
12169	0.24196836
12170	0.24160421
12171	0.24133010
12172	0.24115714
12173	0.24109340
12174	0.24114388
12175	0.24131033
12176	0.24159141
12177	0.24198262
12178	0.24247664
12179	0.24306321
12180	0.24372946
12181	0.24446011
12182	0.24523757
12183	0.24604234
12184	0.24685341
12185	0.24764869
12186	0.24840572
12187	0.24910244
12188	0.24971797
12189	0.25023350
12190	0.25063321
12191	0.25090507
12192	0.25104129
12193	0.25103900
12194	0.25090012
12195	0.25063133
12196	0.25024363
12197	0.24975163
12198	0.24917264
12199	0.24852598
12200	0.24783175
12201	0.24711016
12202	0.24638078
12203	0.24566181
12204	0.24496977
12205	0.24431904
12206	0.24372189
12207	0.24318828
12208	0.24272597
12209	0.24234064
12210	0.24203601
12211	0.24181397
12212	0.24167475
12213	0.24161714
12214	0.24163853
12215	0.24173506
12216	0.24190179
12217	0.24213259
12218	0.24242049
12219	0.24275750
12220	0.24313489
12221	0.24354319
12222	0.24397253
12223	0.24441260
12224	0.24485312
12225	0.24528401
12226	0.24569561
12227	0.24607912
12228	0.24642670
12229	0.24673177
12230	0.24698910
12231	0.24719493
12232	0.24734688
12233	0.24744387
12234	0.24748620
12235	0.24747507
12236	0.24741264
12237	0.24730176
12238	0.24714592
12239	0.24694911
12240	0.24671577
12241	0.24645080
12242	0.24615948
12243	0.24584766
12244	0.24552152
12245	0.24518767
12246	0.24485303
12247	0.24452472
12248	0.24420978
12249	0.24391516
12250	0.24364725
12251	0.24341187
12252	0.24321383
12253	0.24305707
12254	0.24294426
12255	0.24287689
12256	0.24285524
12257	0.24287859
12258	0.24294524
12259	0.24305271
12260	0.24319801
12261	0.24337782
12262	0.24358864
12263	0.24382702
12264	0.24408965
12265	0.24437343
12266	0.24467558
12267	0.24499355
12268	0.24532509
12269	0.24566801
12270	0.24602024
12271	0.24637951
12272	0.24674346
12273	0.24710928
12274	0.24747379
12275	0.24783322
12276	0.24818315
12277	0.24851859
12278	0.24883409
12279	0.24912368
12280	0.24938117
12281	0.24960044
12282	0.24977541
12283	0.24990079
12284	0.24997202
12285	0.24998569
12286	0.24993986
12287	0.24983415
12288	0.24966994
12289	0.24945047
12290	0.24918064
12291	0.24886712
12292	0.24851790
12293	0.24814235
12294	0.24775063
12295	0.24735370
12296	0.24696288
12297	0.24658971
12298	0.24624576
12299	0.24594250
12300	0.24569117
12301	0.24550280
12302	0.24538811
12303	0.24535742
12304	0.24542065
12305	0.24558714
12306	0.24586555
12307	0.24626358
12308	0.24678767
12309	0.24744256
12310	0.24823073
12311	0.24915202
12312	0.25020292
12313	0.25137609
12314	0.25265980
12315	0.25403777
12316	0.25548902
12317	0.25698867
12318	0.25850844
12319	0.26001811
12320	0.26148751
12321	0.26288831
12322	0.26419634
12323	0.26539311
12324	0.26646733
12325	0.26741546
12326	0.26824141
12327	0.26895657
12328	0.26957750
12329	0.27012563
12330	0.27062497
12331	0.27110162
12332	0.27158242
12333	0.27209473
12334	0.27266625
12335	0.27332583
12336	0.27410379
12337	0.27503476
12338	0.27615827
12339	0.27752396
12340	0.27919522
12341	0.28125843
12342	0.28383568
12343	0.28710687
12344	0.29134846
12345	0.29700792
12346	0.30484864
12347	0.31627694
12348	0.33413580
12349	0.36506987
12350	0.42865092
12351	0.61687875
12352	NaN
12353	NaN
12354	NaN
12355	NaN
12356	NaN
12357	NaN
12358	NaN
12359	NaN
12360	NaN
12361	NaN
12362	NaN
12363	NaN
12364	NaN
12365	NaN
12366	NaN
12367	NaN
12368	NaN
12369	NaN
12370	NaN
12371	NaN
12372	NaN
12373	NaN
12374	NaN
12375	NaN
12376	NaN
12377	NaN
12378	NaN
12379	NaN
12380	NaN
12381	NaN
12382	NaN
12383	NaN
12384	NaN
12385	NaN
12386	NaN
12387	NaN
12388	NaN
12389	NaN
12390	NaN
12391	NaN
12392	NaN
12393	NaN
12394	NaN
12395	NaN
12396	NaN
12397	NaN
12398	NaN
12399	NaN
12400	NaN
12401	NaN
12402	NaN
12403	NaN
12404	NaN
12405	NaN
12406	NaN
12407	NaN
12408	NaN
12409	NaN
12410	NaN
12411	NaN
12412	NaN
12413	NaN
12414	NaN
12415	NaN
12416	NaN
12417	NaN
12418	NaN
12419	NaN
12420	NaN
12421	NaN
12422	NaN
12423	NaN
12424	NaN
12425	NaN
12426	NaN
12427	NaN
12428	NaN
12429	NaN
12430	NaN
12431	NaN
12432	NaN
12433	NaN
12434	NaN
12435	NaN
12436	NaN
12437	NaN
12438	NaN
12439	NaN
12440	NaN
12441	NaN
12442	NaN
12443	NaN
12444	NaN
12445	NaN
12446	NaN
12447	NaN
12448	NaN
12449	0.96269029
12450	0.61106956
12451	0.50192869
12452	0.44877601
12453	0.41734052
12454	0.39658493
12455	0.38187099
12456	0.37090978
12457	0.36244160
12458	0.35571602
12459	0.35025790
12460	0.34575215
12461	0.34198099
12462	0.33878952
12463	0.33606440
12464	0.33372113
12465	0.33169574
12466	0.32993910
12467	0.32841361
12468	0.32709020
12469	0.32594693
12470	0.32496718
12471	0.32413891
12472	0.32345372
12473	0.32290602
12474	0.32249251
12475	0.32221135
12476	0.32206163
12477	0.32204270
12478	0.32215354
12479	0.32239211
12480	0.32275471
12481	0.32323554
12482	0.32382599
12483	0.32451436
12484	0.32528567
12485	0.32612139
12486	0.32699978
12487	0.32789624
12488	0.32878375
12489	0.32963425
12490	0.33041936
12491	0.33111209
12492	0.33168805
12493	0.33212700
12494	0.33241418
12495	0.33254105
12496	0.33250627
12497	0.33231550
12498	0.33198130
12499	0.33152214
12500	0.33096138
12501	0.33032587
12502	0.32964438
12503	0.32894605
12504	0.32825929
12505	0.32761028
12506	0.32702240
12507	0.32651520
12508	0.32610443
12509	0.32580158
12510	0.32561389
12511	0.32554448
12512	0.32559267
12513	0.32575408
12514	0.32602108
12515	0.32638305
12516	0.32682681
12517	0.32733691
12518	0.32789624
12519	0.32848629
12520	0.32908797
12521	0.32968196
12522	0.33024955
12523	0.33077329
12524	0.33123773
12525	0.33163005
12526	0.33194041
12527	0.33216271
12528	0.33229440
12529	0.33233666
12530	0.33229402
12531	0.33217400
12532	0.33198652
12533	0.33174336
12534	0.33145732
12535	0.33114174
12536	0.33080989
12537	0.33047438
12538	0.33014697
12539	0.32983810
12540	0.32955691
12541	0.32931092
12542	0.32910627
12543	0.32894751
12544	0.32883784
12545	0.32877913
12546	0.32877207
12547	0.32881621
12548	0.32891032
12549	0.32905230
12550	0.32923934
12551	0.32946819
12552	0.32973534
12553	0.33003697
12554	0.33036926
12555	0.33072856
12556	0.33111149
12557	0.33151501
12558	0.33193663
12559	0.33237433
12560	0.33282658
12561	0.33329234
12562	0.33377090
12563	0.33426180
12564	0.33476460
12565	0.33527872
12566	0.33580330
12567	0.33633688
12568	0.33687741
12569	0.33742204
12570	0.33796698
12571	0.33850759
12572	0.33903831
12573	0.33955282
12574	0.34004393
12575	0.34050402
12576	0.34092504
12577	0.34129882
12578	0.34161749
12579	0.34187353
12580	0.34206042
12581	0.34217283
12582	0.34220713
12583	0.34216174
12584	0.34203735
12585	0.34183732
12586	0.34156781
12587	0.34123775
12588	0.34085894
12589	0.34044552
12590	0.34001389
12591	0.33958206
12592	0.33916914
12593	0.33879474
12594	0.33847818
12595	0.33823809
12596	0.33809164
12597	0.33805409
12598	0.33813828
12599	0.33835441
12600	0.33870956
12601	0.33920756
12602	0.33984897
12603	0.34063059
12604	0.34154582
12605	0.34258434
12606	0.34373230
12607	0.34497228
12608	0.34628344
12609	0.34764177
12610	0.34902042
12611	0.35039008
12612	0.35171968
12613	0.35297713
12614	0.35413036
12615	0.35514832
12616	0.35600224
12617	0.35666713
12618	0.35712254
12619	0.35735413
12620	0.35735428
12621	0.35712281
12622	0.35666716
12623	0.35600239
12624	0.35515064
12625	0.35414052
12626	0.35300604
12627	0.35178572
12628	0.35052118
12629	0.34925634
12630	0.34803599
12631	0.34690502
12632	0.34590745
12633	0.34508568
12634	0.34447977
12635	0.34412673
12636	0.34406027
12637	0.34430975
12638	0.34489983
12639	0.34584981
12640	0.34717298
12641	0.34887552
12642	0.35095611
12643	0.35340455
12644	0.35620150
12645	0.35931742
12646	0.36271247
12647	0.36633641
12648	0.37012929
12649	0.37402248
12650	0.37794107
12651	0.38180602
12652	0.38553777
12653	0.38905948
12654	0.39230105
12655	0.39520210
12656	0.39771551
12657	0.39980891
12658	0.40146622
12659	0.40268782
12660	0.40348995
12661	0.40390372
12662	0.40397313
12663	0.40375355
12664	0.40331018
12665	0.40271652
12666	0.40205428
12667	0.40141305
12668	0.40089187
12669	0.40060133
12670	0.40066779
12671	0.40123907
12672	0.40249291
12673	0.40464893
12674	0.40798596
12675	0.41286668
12676	0.41977426
12677	0.42936656
12678	0.44256154
12679	0.46067238
12680	0.48563930
12681	0.52044398
12682	0.56990927
12683	0.64238787
12684	0.75379759
12685	0.93889838
12686	1.29169524
12687	2.18847656
12688	NaN
12689	NaN
12690	NaN
12691	NaN
12692	NaN
12693	NaN
12694	NaN
12695	NaN
12696	NaN
12697	NaN
12698	NaN
12699	NaN
12700	NaN
12701	NaN
12702	NaN
12703	NaN
12704	NaN
12705	NaN
12706	NaN
12707	NaN
12708	NaN
12709	NaN
12710	NaN
12711	NaN
12712	NaN
12713	NaN
12714	NaN
12715	NaN
12716	NaN
12717	NaN
12718	NaN
12719	NaN
12720	NaN
12721	NaN
12722	NaN
12723	NaN
12724	NaN
12725	NaN
12726	NaN
12727	NaN
12728	NaN
12729	NaN
12730	NaN
12731	NaN
12732	NaN
12733	NaN
12734	NaN
12735	NaN
12736	NaN
12737	NaN
12738	NaN
12739	NaN
12740	NaN
12741	NaN
12742	NaN
12743	NaN
12744	NaN
12745	NaN
12746	NaN
12747	NaN
12748	NaN
12749	NaN
12750	NaN
12751	NaN
12752	NaN
12753	NaN
12754	NaN
12755	NaN
12756	NaN
12757	NaN
12758	NaN
12759	NaN
12760	NaN
12761	NaN
12762	NaN
12763	NaN
12764	NaN
12765	NaN
12766	NaN
12767	NaN
12768	NaN
12769	NaN
12770	NaN
12771	NaN
12772	NaN
12773	NaN
12774	NaN
12775	NaN
12776	1.28324914
12777	0.52589399
12778	0.40828720
12779	0.36008629
12780	0.33368647
12781	0.31697470
12782	0.30544522
12783	0.29703447
12784	0.29066131
12785	0.28570241
12786	0.28177127
12787	0.27861458
12788	0.27605784
12789	0.27397653
12790	0.27227843
12791	0.27089339
12792	0.26976660
12793	0.26885447
12794	0.26812154
12795	0.26753861
12796	0.26708108
12797	0.26672825
12798	0.26646233
12799	0.26626781
12800	0.26613104
12801	0.26603988
12802	0.26598331
12803	0.26595125
12804	0.26593423
12805	0.26592335
12806	0.26591015
12807	0.26588655
12808	0.26584494
12809	0.26577812
12810	0.26567951
12811	0.26554328
12812	0.26536453
12813	0.26513961
12814	0.26486629
12815	0.26454404
12816	0.26417440
12817	0.26376101
12818	0.26330978
12819	0.26282886
12820	0.26232857
12821	0.26182109
12822	0.26132008
12823	0.26084027
12824	0.26039675
12825	0.26000437
12826	0.25967720
12827	0.25942782
12828	0.25926688
12829	0.25920272
12830	0.25924093
12831	0.25938445
12832	0.25963339
12833	0.25998518
12834	0.26043457
12835	0.26097396
12836	0.26159361
12837	0.26228172
12838	0.26302484
12839	0.26380786
12840	0.26461443
12841	0.26542711
12842	0.26622742
12843	0.26699665
12844	0.26771575
12845	0.26836598
12846	0.26892957
12847	0.26939017
12848	0.26973352
12849	0.26994818
12850	0.27002609
12851	0.26996306
12852	0.26975921
12853	0.26941904
12854	0.26895154
12855	0.26836970
12856	0.26769015
12857	0.26693249
12858	0.26611823
12859	0.26527011
12860	0.26441097
12861	0.26356307
12862	0.26274717
12863	0.26198190
12864	0.26128355
12865	0.26066539
12866	0.26013786
12867	0.25970840
12868	0.25938162
12869	0.25915942
12870	0.25904125
12871	0.25902426
12872	0.25910369
12873	0.25927302
12874	0.25952426
12875	0.25984800
12876	0.26023394
12877	0.26067081
12878	0.26114675
12879	0.26164949
12880	0.26216659
12881	0.26268572
12882	0.26319483
12883	0.26368257
12884	0.26413849
12885	0.26455313
12886	0.26491860
12887	0.26522842
12888	0.26547799
12889	0.26566431
12890	0.26578623
12891	0.26584429
12892	0.26584065
12893	0.26577872
12894	0.26566300
12895	0.26549897
12896	0.26529258
12897	0.26505026
12898	0.26477855
12899	0.26448417
12900	0.26417363
12901	0.26385346
12902	0.26352996
12903	0.26320934
12904	0.26289752
12905	0.26260027
12906	0.26232299
12907	0.26207080
12908	0.26184824
12909	0.26165941
12910	0.26150751
12911	0.26139504
12912	0.26132342
12913	0.26129314
12914	0.26130360
12915	0.26135325
12916	0.26143947
12917	0.26155904
12918	0.26170793
12919	0.26188177
12920	0.26207596
12921	0.26228586
12922	0.26250702
12923	0.26273519
12924	0.26296660
12925	0.26319790
12926	0.26342615
12927	0.26364896
12928	0.26386419
12929	0.26407015
12930	0.26426524
12931	0.26444814
12932	0.26461750
12933	0.26477197
12934	0.26491013
12935	0.26503035
12936	0.26513094
12937	0.26521000
12938	0.26526561
12939	0.26529577
12940	0.26529863
12941	0.26527259
12942	0.26521653
12943	0.26513007
12944	0.26501361
12945	0.26486859
12946	0.26469770
12947	0.26450476
12948	0.26429474
12949	0.26407361
12950	0.26384816
12951	0.26362580
12952	0.26341426
12953	0.26322106
12954	0.26305363
12955	0.26291871
12956	0.26282245
12957	0.26277006
12958	0.26276577
12959	0.26281270
12960	0.26291308
12961	0.26306790
12962	0.26327714
12963	0.26353946
12964	0.26385245
12965	0.26421219
12966	0.26461354
12967	0.26504970
12968	0.26551220
12969	0.26599097
12970	0.26647422
12971	0.26694864
12972	0.26739964
12973	0.26781163
12974	0.26816872
12975	0.26845545
12976	0.26865768
12977	0.26876333
12978	0.26876363
12979	0.26865390
12980	0.26843452
12981	0.26811114
12982	0.26769525
12983	0.26720381
12984	0.26665902
12985	0.26608756
12986	0.26551977
12987	0.26498878
12988	0.26452947
12989	0.26417777
12990	0.26397055
12991	0.26394477
12992	0.26413786
12993	0.26458815
12994	0.26533520
12995	0.26642138
12996	0.26789245
12997	0.26979968
12998	0.27220178
12999	0.27516708
13000	0.27877644
13001	0.28312626
13002	0.28833270
13003	0.29453644
13004	0.30190834
13005	0.31065840
13006	0.32104614
13007	0.33339816
13008	0.34813380
13009	0.36580735
13010	0.38718358
13011	0.41336581
13012	0.44604072
13013	0.48795557
13014	0.54393375
13015	0.62326753
13016	0.74631315
13017	0.96748203
13018	1.49609232
13019	4.58847380
13020	NaN
13021	NaN
13022	NaN
13023	NaN
13024	NaN
13025	NaN
13026	NaN
13027	NaN
13028	NaN
13029	NaN
13030	NaN
13031	NaN
13032	NaN
13033	NaN
13034	NaN
13035	NaN
13036	NaN
13037	NaN
13038	NaN
13039	NaN
13040	NaN
13041	NaN
13042	NaN
13043	NaN
13044	NaN
13045	NaN
13046	NaN
13047	NaN
13048	NaN
13049	NaN
13050	NaN
13051	NaN
13052	NaN
13053	NaN
13054	NaN
13055	NaN
13056	NaN
13057	NaN
13058	NaN
13059	NaN
13060	NaN
13061	NaN
13062	NaN
13063	NaN
13064	NaN
13065	NaN
13066	NaN
13067	NaN
13068	NaN
13069	NaN
13070	NaN
13071	NaN
13072	NaN
13073	NaN
13074	NaN
13075	NaN
13076	NaN
13077	NaN
13078	NaN
13079	NaN
13080	NaN
13081	NaN
13082	NaN
13083	NaN
13084	NaN
13085	NaN
13086	NaN
13087	NaN
13088	NaN
13089	NaN
13090	NaN
13091	NaN
13092	NaN
13093	NaN
13094	NaN
13095	NaN
13096	NaN
13097	NaN
13098	NaN
13099	NaN
13100	NaN
13101	NaN
13102	NaN
13103	NaN
13104	NaN
13105	NaN
13106	NaN
13107	1.44531274
13108	0.61145395
13109	0.47572729
13110	0.42020053
13111	0.39003626
13112	0.37110201
13113	0.35811588
13114	0.34865797
13115	0.34146363
13116	0.33580843
13117	0.33124739
13118	0.32749274
13119	0.32434976
13120	0.32168257
13121	0.31939334
13122	0.31741038
13123	0.31568024
13124	0.31416258
13125	0.31282690
13126	0.31165016
13127	0.31061503
13128	0.30970892
13129	0.30892295
13130	0.30825105
13131	0.30768955
13132	0.30723670
13133	0.30689189
13134	0.30665550
13135	0.30652824
13136	0.30651081
13137	0.30660328
13138	0.30680460
13139	0.30711225
13140	0.30752143
13141	0.30802494
13142	0.30861253
13143	0.30927074
13144	0.30998290
13145	0.31072912
13146	0.31148684
13147	0.31223151
13148	0.31293738
13149	0.31357890
13150	0.31413203
13151	0.31457561
13152	0.31489283
13153	0.31507245
13154	0.31510961
13155	0.31500638
13156	0.31477171
13157	0.31442079
13158	0.31397438
13159	0.31345713
13160	0.31289643
13161	0.31232065
13162	0.31175777
13163	0.31123397
13164	0.31077281
13165	0.31039414
13166	0.31011373
13167	0.30994320
13168	0.30988964
13169	0.30995592
13170	0.31014094
13171	0.31043971
13172	0.31084383
13173	0.31134173
13174	0.31191894
13175	0.31255856
13176	0.31324154
13177	0.31394726
13178	0.31465420
13179	0.31534040
13180	0.31598440
13181	0.31656611
13182	0.31706762
13183	0.31747404
13184	0.31777397
13185	0.31796029
13186	0.31803033
13187	0.31798574
13188	0.31783247
13189	0.31758001
13190	0.31724101
13191	0.31683031
13192	0.31636432
13193	0.31586009
13194	0.31533471
13195	0.31480473
13196	0.31428567
13197	0.31379166
13198	0.31333533
13199	0.31292754
13200	0.31257743
13201	0.31229234
13202	0.31207794
13203	0.31193823
13204	0.31187567
13205	0.31189114
13206	0.31198427
13207	0.31215310
13208	0.31239465
13209	0.31270468
13210	0.31307793
13211	0.31350815
13212	0.31398857
13213	0.31451175
13214	0.31507012
13215	0.31565592
13216	0.31626177
13217	0.31688064
13218	0.31750605
13219	0.31813228
13220	0.31875437
13221	0.31936809
13222	0.31996986
13223	0.32055652
13224	0.32112536
13225	0.32167381
13226	0.32219937
13227	0.32269925
13228	0.32317069
13229	0.32361042
13230	0.32401493
13231	0.32438043
13232	0.32470283
13233	0.32497784
13234	0.32520103
13235	0.32536811
13236	0.32547489
13237	0.32551780
13238	0.32549378
13239	0.32540101
13240	0.32523882
13241	0.32500830
13242	0.32471251
13243	0.32435665
13244	0.32394826
13245	0.32349738
13246	0.32301638
13247	0.32251963
13248	0.32202321
13249	0.32154447
13250	0.32110137
13251	0.32071191
13252	0.32039341
13253	0.32016212
13254	0.32003257
13255	0.32001719
13256	0.32012603
13257	0.32036656
13258	0.32074344
13259	0.32125846
13260	0.32191041
13261	0.32269523
13262	0.32360572
13263	0.32463181
13264	0.32576022
13265	0.32697481
13266	0.32825652
13267	0.32958329
13268	0.33093068
13269	0.33227178
13270	0.33357808
13271	0.33481991
13272	0.33596727
13273	0.33699098
13274	0.33786368
13275	0.33856103
13276	0.33906299
13277	0.33935478
13278	0.33942783
13279	0.33928043
13280	0.33891794
13281	0.33835298
13282	0.33760488
13283	0.33669913
13284	0.33566642
13285	0.33454189
13286	0.33336371
13287	0.33217210
13288	0.33100837
13289	0.32991391
13290	0.32892954
13291	0.32809454
13292	0.32744628
13293	0.32701987
13294	0.32684737
13295	0.32695773
13296	0.32737592
13297	0.32812259
13298	0.32921338
13299	0.33065781
13300	0.33245891
13301	0.33461183
13302	0.33710325
13303	0.33991045
13304	0.34300101
13305	0.34633270
13306	0.34985381
13307	0.35350451
13308	0.35721835
13309	0.36092481
13310	0.36455220
13311	0.36803073
13312	0.37129590
13313	0.37429142
13314	0.37697169
13315	0.37930360
13316	0.38126755
13317	0.38285759
13318	0.38408071
13319	0.38495597
13320	0.38551277
13321	0.38578957
13322	0.38583189
13323	0.38569167
13324	0.38542637
13325	0.38509867
13326	0.38477656
13327	0.38453531
13328	0.38445863
13329	0.38464296
13330	0.38520083
13331	0.38626826
13332	0.38801247
13333	0.39064503
13334	0.39443761
13335	0.39974588
13336	0.40704146
13337	0.41696107
13338	0.43037555
13339	0.44850194
13340	0.47308207
13341	0.50669771
13342	0.55335772
13343	0.61969918
13344	0.71770841
13345	0.87180948
13346	1.14142835
13347	1.72066140
13348	3.82724261
13349	NaN
13350	NaN
13351	NaN
13352	NaN
13353	NaN
13354	NaN
13355	NaN
13356	NaN
13357	NaN
13358	NaN
13359	NaN
13360	NaN
13361	NaN
13362	NaN
13363	NaN
13364	NaN
13365	NaN
13366	NaN
13367	NaN
13368	NaN
13369	NaN
13370	NaN
13371	NaN
13372	NaN
13373	NaN
13374	NaN
13375	NaN
13376	NaN
13377	NaN
13378	NaN
13379	NaN
13380	NaN
13381	NaN
13382	NaN
13383	NaN
13384	NaN
13385	NaN
13386	NaN
13387	NaN
13388	NaN
13389	NaN
13390	NaN
13391	NaN
13392	NaN
13393	NaN
13394	NaN
13395	NaN
13396	NaN
13397	NaN
13398	NaN
13399	NaN
13400	NaN
13401	NaN
13402	NaN
13403	NaN
13404	NaN
13405	NaN
13406	NaN
13407	NaN
13408	NaN
13409	NaN
13410	NaN
13411	NaN
13412	NaN
13413	NaN
13414	NaN
13415	NaN
13416	NaN
13417	NaN
13418	NaN
13419	NaN
13420	NaN
13421	NaN
13422	NaN
13423	NaN
13424	NaN
13425	NaN
13426	NaN
13427	NaN
13428	-0.17824605
13429	0.13318345
13430	0.17353107
13431	0.18792991
13432	0.19445094
13433	0.19758299
13434	0.19897817
13435	0.19938824
13436	0.19920425
13437	0.19864985
13438	0.19786158
13439	0.19692747
13440	0.19590662
13441	0.19484007
13442	0.19375719
13443	0.19267927
13444	0.19162223
13445	0.19059786
13446	0.18961498
13447	0.18867996
13448	0.18779723
13449	0.18696935
13450	0.18619750
13451	0.18548143
13452	0.18481965
13453	0.18420960
13454	0.18364778
13455	0.18313009
13456	0.18265183
13457	0.18220828
13458	0.18179472
13459	0.18140686
13460	0.18104103
13461	0.18069442
13462	0.18036538
13463	0.18005340
13464	0.17975916
13465	0.17948455
13466	0.17923234
13467	0.17900617
13468	0.17880997
13469	0.17864770
13470	0.17852294
13471	0.17843869
13472	0.17839691
13473	0.17839834
13474	0.17844249
13475	0.17852746
13476	0.17865020
13477	0.17880659
13478	0.17899166
13479	0.17920001
13480	0.17942597
13481	0.17966388
13482	0.17990853
13483	0.18015513
13484	0.18039946
13485	0.18063799
13486	0.18086776
13487	0.18108621
13488	0.18129134
13489	0.18148112
13490	0.18165371
13491	0.18180722
13492	0.18193948
13493	0.18204823
13494	0.18213101
13495	0.18218534
13496	0.18220879
13497	0.18219937
13498	0.18215559
13499	0.18207686
13500	0.18196356
13501	0.18181735
13502	0.18164113
13503	0.18143903
13504	0.18121631
13505	0.18097901
13506	0.18073386
13507	0.18048757
13508	0.18024670
13509	0.18001728
13510	0.17980437
13511	0.17961210
13512	0.17944331
13513	0.17929971
13514	0.17918186
13515	0.17908934
13516	0.17902094
13517	0.17897481
13518	0.17894873
13519	0.17894019
13520	0.17894651
13521	0.17896511
13522	0.17899348
13523	0.17902924
13524	0.17907023
13525	0.17911454
13526	0.17916048
13527	0.17920664
13528	0.17925198
13529	0.17929569
13530	0.17933735
13531	0.17937696
13532	0.17941476
13533	0.17945145
13534	0.17948794
13535	0.17952530
13536	0.17956482
13537	0.17960766
13538	0.17965491
13539	0.17970724
13540	0.17976508
13541	0.17982827
13542	0.17989621
13543	0.17996776
13544	0.18004124
13545	0.18011473
13546	0.18018591
13547	0.18025234
13548	0.18031158
13549	0.18036127
13550	0.18039939
13551	0.18042423
13552	0.18043463
13553	0.18042998
13554	0.18041030
13555	0.18037628
13556	0.18032922
13557	0.18027101
13558	0.18020399
13559	0.18013088
13560	0.18005475
13561	0.17997865
13562	0.17990562
13563	0.17983851
13564	0.17977984
13565	0.17973173
13566	0.17969580
13567	0.17967317
13568	0.17966446
13569	0.17966977
13570	0.17968893
13571	0.17972134
13572	0.17976616
13573	0.17982243
13574	0.17988908
13575	0.17996503
13576	0.18004923
13577	0.18014064
13578	0.18023840
13579	0.18034174
13580	0.18045011
13581	0.18056306
13582	0.18068051
13583	0.18080249
13584	0.18092932
13585	0.18106157
13586	0.18119998
13587	0.18134542
13588	0.18149883
13589	0.18166119
13590	0.18183343
13591	0.18201622
13592	0.18221004
13593	0.18241496
13594	0.18263061
13595	0.18285613
13596	0.18308991
13597	0.18332978
13598	0.18357268
13599	0.18381494
13600	0.18405212
13601	0.18427922
13602	0.18449073
13603	0.18468091
13604	0.18484400
13605	0.18497455
13606	0.18506758
13607	0.18511897
13608	0.18512560
13609	0.18508561
13610	0.18499860
13611	0.18486544
13612	0.18468858
13613	0.18447179
13614	0.18422008
13615	0.18393952
13616	0.18363707
13617	0.18332034
13618	0.18299736
13619	0.18267651
13620	0.18236613
13621	0.18207462
13622	0.18181013
13623	0.18158039
13624	0.18139298
13625	0.18125466
13626	0.18117157
13627	0.18114907
13628	0.18119134
13629	0.18130144
13630	0.18148093
13631	0.18172967
13632	0.18204588
13633	0.18242577
13634	0.18286407
13635	0.18335372
13636	0.18388654
13637	0.18445313
13638	0.18504380
13639	0.18564890
13640	0.18625924
13641	0.18686652
13642	0.18746436
13643	0.18804830
13644	0.18861707
13645	0.18917248
13646	0.18972087
13647	0.19027433
13648	0.19085133
13649	0.19147956
13650	0.19219746
13651	0.19305785
13652	0.19413261
13653	0.19551829
13654	0.19734527
13655	0.19978844
13656	0.20308524
13657	0.20756155
13658	0.21367528
13659	0.22208661
13660	0.23378703
13661	0.25034642
13662	0.27443337
13663	0.31103849
13664	0.37083116
13665	0.48176670
13666	0.74891931
13667	2.22146606
13668	NaN
13669	NaN
13670	NaN
13671	NaN
13672	NaN
13673	NaN
13674	NaN
13675	NaN
13676	NaN
13677	NaN
13678	NaN
13679	NaN
13680	NaN
13681	NaN
13682	NaN
13683	NaN
13684	NaN
13685	NaN
13686	NaN
13687	NaN
13688	NaN
13689	NaN
13690	NaN
13691	NaN
13692	NaN
13693	NaN
13694	NaN
13695	NaN
13696	NaN
13697	NaN
13698	NaN
13699	NaN
13700	NaN
13701	NaN
13702	NaN
13703	NaN
13704	NaN
13705	NaN
13706	NaN
13707	NaN
13708	NaN
13709	NaN
13710	NaN
13711	NaN
13712	NaN
13713	NaN
13714	NaN
13715	NaN
13716	NaN
13717	NaN
13718	NaN
13719	NaN
13720	NaN
13721	NaN
13722	NaN
13723	NaN
13724	NaN
13725	NaN
13726	NaN
13727	NaN
13728	NaN
13729	NaN
13730	NaN
13731	NaN
13732	NaN
13733	NaN
13734	NaN
13735	NaN
13736	NaN
13737	NaN
13738	NaN
13739	NaN
13740	NaN
13741	NaN
13742	NaN
13743	NaN
13744	NaN
13745	NaN
13746	NaN
13747	NaN
13748	NaN
13749	0.70400244
13750	0.44891196
13751	0.37640715
13752	0.34223607
13753	0.32240489
13754	0.30947858
13755	0.30040115
13756	0.29368728
13757	0.28852928
13758	0.28445047
13759	0.28115177
13760	0.27843601
13761	0.27616781
13762	0.27425119
13763	0.27261597
13764	0.27120954
13765	0.26999173
13766	0.26893139
13767	0.26800406
13768	0.26719046
13769	0.26647547
13770	0.26584738
13771	0.26529717
13772	0.26481837
13773	0.26440635
13774	0.26405829
13775	0.26377258
13776	0.26354870
13777	0.26338682
13778	0.26328734
13779	0.26325059
13780	0.26327643
13781	0.26336384
13782	0.26351050
13783	0.26371256
13784	0.26396435
13785	0.26425844
13786	0.26458547
13787	0.26493463
13788	0.26529387
13789	0.26565054
13790	0.26599205
13791	0.26630664
13792	0.26658404
13793	0.26681629
13794	0.26699811
13795	0.26712742
13796	0.26720533
13797	0.26723611
13798	0.26722673
13799	0.26718646
13800	0.26712599
13801	0.26705697
13802	0.26699096
13803	0.26693904
13804	0.26691094
13805	0.26691473
13806	0.26695657
13807	0.26704037
13808	0.26716784
13809	0.26733857
13810	0.26755011
13811	0.26779827
13812	0.26807743
13813	0.26838058
13814	0.26870003
13815	0.26902735
13816	0.26935393
13817	0.26967117
13818	0.26997072
13819	0.27024487
13820	0.27048680
13821	0.27069080
13822	0.27085254
13823	0.27096912
13824	0.27103937
13825	0.27106366
13826	0.27104408
13827	0.27098420
13828	0.27088895
13829	0.27076429
13830	0.27061704
13831	0.27045447
13832	0.27028412
13833	0.27011341
13834	0.26994932
13835	0.26979849
13836	0.26966667
13837	0.26955876
13838	0.26947886
13839	0.26943004
13840	0.26941457
13841	0.26943380
13842	0.26948830
13843	0.26957795
13844	0.26970208
13845	0.26985955
13846	0.27004880
13847	0.27026808
13848	0.27051538
13849	0.27078882
13850	0.27108639
13851	0.27140629
13852	0.27174684
13853	0.27210659
13854	0.27248412
13855	0.27287832
13856	0.27328801
13857	0.27371219
13858	0.27414972
13859	0.27459946
13860	0.27506027
13861	0.27553061
13862	0.27600887
13863	0.27649319
13864	0.27698120
13865	0.27747038
13866	0.27795771
13867	0.27843973
13868	0.27891257
13869	0.27937201
13870	0.27981332
13871	0.28023151
13872	0.28062132
13873	0.28097731
13874	0.28129405
13875	0.28156626
13876	0.28178900
13877	0.28195795
13878	0.28206947
13879	0.28212115
13880	0.28211179
13881	0.28204188
13882	0.28191355
13883	0.28173092
13884	0.28150007
13885	0.28122902
13886	0.28092763
13887	0.28060734
13888	0.28028080
13889	0.27996162
13890	0.27966383
13891	0.27940142
13892	0.27918789
13893	0.27903590
13894	0.27895680
13895	0.27896038
13896	0.27905455
13897	0.27924520
13898	0.27953607
13899	0.27992862
13900	0.28042206
13901	0.28101334
13902	0.28169709
13903	0.28246590
13904	0.28331012
13905	0.28421810
13906	0.28517619
13907	0.28616905
13908	0.28717959
13909	0.28818944
13910	0.28917912
13911	0.29012853
13912	0.29101729
13913	0.29182550
13914	0.29253426
13915	0.29312634
13916	0.29358697
13917	0.29390433
13918	0.29407042
13919	0.29408127
13920	0.29393747
13921	0.29364407
13922	0.29321074
13923	0.29265139
13924	0.29198378
13925	0.29122916
13926	0.29041123
13927	0.28955609
13928	0.28869089
13929	0.28784403
13930	0.28704393
13931	0.28631893
13932	0.28569689
13933	0.28520480
13934	0.28486830
13935	0.28471154
13936	0.28475666
13937	0.28502336
13938	0.28552815
13939	0.28628412
13940	0.28729963
13941	0.28857812
13942	0.29011691
13943	0.29190686
13944	0.29393157
13945	0.29616749
13946	0.29858363
13947	0.30114248
13948	0.30380070
13949	0.30651051
13950	0.30922142
13951	0.31188232
13952	0.31444344
13953	0.31685841
13954	0.31908584
13955	0.32109109
13956	0.32284692
13957	0.32433429
13958	0.32554242
13959	0.32646850
13960	0.32711723
13961	0.32750016
13962	0.32763517
13963	0.32754582
13964	0.32726100
13965	0.32681465
13966	0.32624614
13967	0.32560062
13968	0.32493010
13969	0.32429454
13970	0.32376406
13971	0.32342115
13972	0.32336405
13973	0.32371143
13974	0.32460633
13975	0.32622418
13976	0.32877931
13977	0.33253604
13978	0.33782080
13979	0.34503964
13980	0.35470167
13981	0.36745757
13982	0.38415620
13983	0.40594909
13984	0.43446547
13985	0.47215286
13986	0.52294207
13987	0.59370041
13988	0.69772804
13989	0.86475533
13990	1.17763913
13991	1.98632705
13992	NaN
13993	NaN
13994	NaN
13995	NaN
13996	NaN
13997	NaN
13998	NaN
13999	NaN
14000	NaN
14001	NaN
14002	NaN
14003	NaN
14004	NaN
14005	NaN
14006	NaN
14007	NaN
14008	NaN
14009	NaN
14010	NaN
14011	NaN
14012	NaN
14013	NaN
14014	NaN
14015	NaN
14016	NaN
14017	NaN
14018	NaN
14019	NaN
14020	NaN
14021	NaN
14022	NaN
14023	NaN
14024	NaN
14025	NaN
14026	NaN
14027	NaN
14028	NaN
14029	NaN
14030	NaN
14031	NaN
14032	NaN
14033	NaN
14034	NaN
14035	NaN
14036	NaN
14037	NaN
14038	NaN
14039	NaN
14040	NaN
14041	NaN
14042	NaN
14043	NaN
14044	NaN
14045	NaN
14046	NaN
14047	NaN
14048	NaN
14049	NaN
14050	NaN
14051	NaN
14052	NaN
14053	NaN
14054	NaN
14055	NaN
14056	NaN
14057	NaN
14058	NaN
14059	NaN
14060	NaN
14061	NaN
14062	NaN
14063	NaN
14064	NaN
14065	NaN
14066	NaN
14067	NaN
14068	NaN
14069	NaN
14070	NaN
14071	NaN
14072	NaN
14073	NaN
14074	NaN
14075	NaN
14076	NaN
14077	0.53243291
14078	0.34023964
14079	0.28434294
14080	0.25715360
14081	0.24084114
14082	0.22987463
14083	0.22197145
14084	0.21601345
14085	0.21138537
14086	0.20771834
14087	0.20477584
14088	0.20239791
14089	0.20047155
14090	0.19891375
14091	0.19766179
14092	0.19666673
14093	0.19588965
14094	0.19529887
14095	0.19486804
14096	0.19457509
14097	0.19440070
14098	0.19432804
14099	0.19434182
14100	0.19442809
14101	0.19457366
14102	0.19476591
14103	0.19499265
14104	0.19524184
14105	0.19550169
14106	0.19576056
14107	0.19600713
14108	0.19623050
14109	0.19642045
14110	0.19656762
14111	0.19666389
14112	0.19670258
14113	0.19667871
14114	0.19658928
14115	0.19643354
14116	0.19621305
14117	0.19593178
14118	0.19559611
14119	0.19521479
14120	0.19479862
14121	0.19436005
14122	0.19391282
14123	0.19347121
14124	0.19304956
14125	0.19266158
14126	0.19231968
14127	0.19203463
14128	0.19181505
14129	0.19166717
14130	0.19159503
14131	0.19160032
14132	0.19168274
14133	0.19184019
14134	0.19206910
14135	0.19236471
14136	0.19272129
14137	0.19313219
14138	0.19359000
14139	0.19408657
14140	0.19461294
14141	0.19515930
14142	0.19571514
14143	0.19626908
14144	0.19680923
14145	0.19732335
14146	0.19779913
14147	0.19822474
14148	0.19858927
14149	0.19888338
14150	0.19909972
14151	0.19923338
14152	0.19928226
14153	0.19924709
14154	0.19913147
14155	0.19894157
14156	0.19868569
14157	0.19837376
14158	0.19801670
14159	0.19762579
14160	0.19721222
14161	0.19678649
14162	0.19635814
14163	0.19593561
14164	0.19552608
14165	0.19513555
14166	0.19476902
14167	0.19443043
14168	0.19412303
14169	0.19384956
14170	0.19361232
14171	0.19341338
14172	0.19325462
14173	0.19313785
14174	0.19306475
14175	0.19303679
14176	0.19305529
14177	0.19312100
14178	0.19323429
14179	0.19339480
14180	0.19360131
14181	0.19385174
14182	0.19414291
14183	0.19447057
14184	0.19482952
14185	0.19521344
14186	0.19561520
14187	0.19602691
14188	0.19644013
14189	0.19684620
14190	0.19723627
14191	0.19760166
14192	0.19793411
14193	0.19822574
14194	0.19846961
14195	0.19865952
14196	0.19879034
14197	0.19885807
14198	0.19885997
14199	0.19879463
14200	0.19866200
14201	0.19846360
14202	0.19820246
14203	0.19788323
14204	0.19751222
14205	0.19709718
14206	0.19664741
14207	0.19617341
14208	0.19568676
14209	0.19519977
14210	0.19472511
14211	0.19427530
14212	0.19386245
14213	0.19349766
14214	0.19319072
14215	0.19294967
14216	0.19278066
14217	0.19268763
14218	0.19267239
14219	0.19273464
14220	0.19287215
14221	0.19308084
14222	0.19335519
14223	0.19368854
14224	0.19407330
14225	0.19450133
14226	0.19496407
14227	0.19545282
14228	0.19595890
14229	0.19647366
14230	0.19698867
14231	0.19749577
14232	0.19798692
14233	0.19845457
14234	0.19889151
14235	0.19929093
14236	0.19964665
14237	0.19995299
14238	0.20020524
14239	0.20039938
14240	0.20053250
14241	0.20060274
14242	0.20060953
14243	0.20055349
14244	0.20043653
14245	0.20026188
14246	0.20003387
14247	0.19975786
14248	0.19944018
14249	0.19908760
14250	0.19870751
14251	0.19830728
14252	0.19789433
14253	0.19747588
14254	0.19705878
14255	0.19664945
14256	0.19625399
14257	0.19587810
14258	0.19552734
14259	0.19520703
14260	0.19492254
14261	0.19467939
14262	0.19448327
14263	0.19434015
14264	0.19425623
14265	0.19423786
14266	0.19429134
14267	0.19442271
14268	0.19463752
14269	0.19494028
14270	0.19533423
14271	0.19582066
14272	0.19639850
14273	0.19706391
14274	0.19780967
14275	0.19862503
14276	0.19949557
14277	0.20040348
14278	0.20132776
14279	0.20224513
14280	0.20313102
14281	0.20396079
14282	0.20471102
14283	0.20536089
14284	0.20589323
14285	0.20629522
14286	0.20655903
14287	0.20668171
14288	0.20666492
14289	0.20651428
14290	0.20623909
14291	0.20585120
14292	0.20536536
14293	0.20479813
14294	0.20416895
14295	0.20350039
14296	0.20281966
14297	0.20216087
14298	0.20156783
14299	0.20109876
14300	0.20083272
14301	0.20087810
14302	0.20138671
14303	0.20257163
14304	0.20473687
14305	0.20832148
14306	0.21397021
14307	0.22265415
14308	0.23587994
14309	0.25609341
14310	0.28752041
14311	0.33814159
14312	0.42516086
14313	0.59427571
14314	1.02325594
14315	NaN
14316	NaN
14317	NaN
14318	NaN
14319	NaN
14320	NaN
14321	NaN
14322	NaN
14323	NaN
14324	NaN
14325	NaN
14326	NaN
14327	NaN
14328	NaN
14329	NaN
14330	NaN
14331	NaN
14332	NaN
14333	NaN
14334	NaN
14335	NaN
14336	NaN
14337	NaN
14338	NaN
14339	NaN
14340	NaN
14341	NaN
14342	NaN
14343	NaN
14344	NaN
14345	NaN
14346	NaN
14347	NaN
14348	NaN
14349	NaN
14350	NaN
14351	NaN
14352	NaN
14353	NaN
14354	NaN
14355	NaN
14356	NaN
14357	NaN
14358	NaN
14359	NaN
14360	NaN
14361	NaN
14362	NaN
14363	NaN
14364	NaN
14365	NaN
14366	NaN
14367	NaN
14368	NaN
14369	NaN
14370	NaN
14371	NaN
14372	NaN
14373	NaN
14374	NaN
14375	NaN
14376	NaN
14377	NaN
14378	NaN
14379	NaN
14380	NaN
14381	NaN
14382	NaN
14383	NaN
14384	NaN
14385	NaN
14386	NaN
14387	NaN
14388	NaN
14389	NaN
14390	NaN
14391	NaN
14392	NaN
14393	NaN
14394	NaN
14395	NaN
14396	NaN
14397	NaN
14398	NaN
14399	NaN
14400	NaN
14401	NaN
14402	NaN
14403	NaN
14404	NaN
14405	NaN
14406	NaN
14407	0.82370698
14408	0.51224709
14409	0.42178276
14410	0.37870833
14411	0.35353634
14412	0.33704948
14413	0.32543707
14414	0.31683666
14415	0.31023011
14416	0.30501309
14417	0.30080420
14418	0.29735067
14419	0.29447824
14420	0.29206297
14421	0.29001427
14422	0.28826475
14423	0.28676328
14424	0.28547087
14425	0.28435755
14426	0.28340021
14427	0.28258136
14428	0.28188777
14429	0.28130972
14430	0.28084043
14431	0.28047523
14432	0.28021124
14433	0.28004676
14434	0.27998087
14435	0.28001297
14436	0.28014222
14437	0.28036714
14438	0.28068498
14439	0.28109151
14440	0.28158036
14441	0.28214267
14442	0.28276685
14443	0.28343850
14444	0.28414047
14445	0.28485319
14446	0.28555509
14447	0.28622362
14448	0.28683609
14449	0.28737098
14450	0.28780928
14451	0.28813556
14452	0.28833914
14453	0.28841478
14454	0.28836313
14455	0.28819075
14456	0.28790948
14457	0.28753582
14458	0.28708974
14459	0.28659350
14460	0.28607050
14461	0.28554392
14462	0.28503585
14463	0.28456637
14464	0.28415290
14465	0.28380984
14466	0.28354821
14467	0.28337562
14468	0.28329614
14469	0.28331062
14470	0.28341675
14471	0.28360915
14472	0.28387997
14473	0.28421876
14474	0.28461322
14475	0.28504917
14476	0.28551131
14477	0.28598347
14478	0.28644913
14479	0.28689215
14480	0.28729710
14481	0.28765014
14482	0.28793940
14483	0.28815547
14484	0.28829187
14485	0.28834522
14486	0.28831533
14487	0.28820509
14488	0.28802028
14489	0.28776905
14490	0.28746146
14491	0.28710911
14492	0.28672439
14493	0.28632003
14494	0.28590873
14495	0.28550270
14496	0.28511333
14497	0.28475100
14498	0.28442499
14499	0.28414330
14500	0.28391266
14501	0.28373861
14502	0.28362560
14503	0.28357679
14504	0.28359446
14505	0.28367978
14506	0.28383306
14507	0.28405347
14508	0.28433937
14509	0.28468812
14510	0.28509605
14511	0.28555867
14512	0.28607062
14513	0.28662583
14514	0.28721759
14515	0.28783888
14516	0.28848240
14517	0.28914079
14518	0.28980702
14519	0.29047415
14520	0.29113585
14521	0.29178607
14522	0.29241943
14523	0.29303092
14524	0.29361582
14525	0.29416984
14526	0.29468876
14527	0.29516855
14528	0.29560527
14529	0.29599497
14530	0.29633382
14531	0.29661795
14532	0.29684386
14533	0.29700831
14534	0.29710844
14535	0.29714218
14536	0.29710808
14537	0.29700595
14538	0.29683656
14539	0.29660237
14540	0.29630724
14541	0.29595685
14542	0.29555872
14543	0.29512212
14544	0.29465815
14545	0.29417959
14546	0.29370049
14547	0.29323602
14548	0.29280195
14549	0.29241419
14550	0.29208845
14551	0.29183951
14552	0.29168105
14553	0.29162526
14554	0.29168236
14555	0.29186061
14556	0.29216599
14557	0.29260209
14558	0.29317021
14559	0.29386908
14560	0.29469493
14561	0.29564133
14562	0.29669932
14563	0.29785728
14564	0.29910094
14565	0.30041328
14566	0.30177480
14567	0.30316341
14568	0.30455497
14569	0.30592325
14570	0.30724072
14571	0.30847904
14572	0.30960998
14573	0.31060621
14574	0.31144249
14575	0.31209657
14576	0.31255054
14577	0.31279162
14578	0.31281301
14579	0.31261447
14580	0.31220260
14581	0.31159082
14582	0.31079909
14583	0.30985335
14584	0.30878460
14585	0.30762827
14586	0.30642295
14587	0.30520961
14588	0.30403057
14589	0.30292872
14590	0.30194655
14591	0.30112591
14592	0.30050731
14593	0.30012941
14594	0.30002892
14595	0.30023992
14596	0.30079368
14597	0.30171803
14598	0.30303654
14599	0.30476779
14600	0.30692416
14601	0.30951062
14602	0.31252337
14603	0.31594825
14604	0.31975952
14605	0.32391900
14606	0.32837510
14607	0.33306351
14608	0.33790815
14609	0.34282312
14610	0.34771594
14611	0.35249120
14612	0.35705537
14613	0.36132085
14614	0.36521038
14615	0.36866030
14616	0.37162340
14617	0.37406981
14618	0.37598690
14619	0.37737846
14620	0.37826318
14621	0.37867233
14622	0.37864769
14623	0.37823939
14624	0.37750554
14625	0.37651077
14626	0.37532791
14627	0.37403899
14628	0.37273943
14629	0.37154338
14630	0.37059274
14631	0.37007031
14632	0.37022027
14633	0.37138027
14634	0.37403047
14635	0.37887630
14636	0.38698983
14637	0.40006399
14638	0.42090303
14639	0.45446950
14640	0.51038456
14641	0.61003131
14642	0.81252712
14643	1.36531830
14644	NaN
14645	NaN
14646	NaN
14647	NaN
14648	NaN
14649	NaN
14650	NaN
14651	NaN
14652	NaN
14653	NaN
14654	NaN
14655	NaN
14656	NaN
14657	NaN
14658	NaN
14659	NaN
14660	NaN
14661	NaN
14662	NaN
14663	NaN
14664	NaN
14665	NaN
14666	NaN
14667	NaN
14668	NaN
14669	NaN
14670	NaN
14671	NaN
14672	NaN
14673	NaN
14674	NaN
14675	NaN
14676	NaN
14677	NaN
14678	NaN
14679	NaN
14680	NaN
14681	NaN
14682	NaN
14683	NaN
14684	NaN
14685	NaN
14686	NaN
14687	NaN
14688	NaN
14689	NaN
14690	NaN
14691	NaN
14692	NaN
14693	NaN
14694	NaN
14695	NaN
14696	NaN
14697	NaN
14698	NaN
14699	NaN
14700	NaN
14701	NaN
14702	NaN
14703	NaN
14704	NaN
14705	NaN
14706	NaN
14707	NaN
14708	NaN
14709	NaN
14710	NaN
14711	NaN
14712	NaN
14713	NaN
14714	NaN
14715	NaN
14716	NaN
14717	NaN
14718	NaN
14719	NaN
14720	NaN
14721	NaN
14722	NaN
14723	NaN
14724	NaN
14725	NaN
14726	NaN
14727	NaN
14728	NaN
14729	NaN
14730	NaN
14731	NaN
14732	NaN
14733	NaN
14734	NaN
14735	NaN
14736	NaN
14737	NaN
14738	NaN
14739	NaN
14740	0.81635559
14741	0.47197512
14742	0.37224770
14743	0.32476506
14744	0.29709625
14745	0.27911738
14746	0.26663548
14747	0.25759280
14748	0.25085598
14749	0.24574627
14750	0.24182968
14751	0.23881431
14752	0.23649576
14753	0.23472564
14754	0.23339364
14755	0.23241545
14756	0.23172557
14757	0.23127219
14758	0.23101380
14759	0.23091663
14760	0.23095275
14761	0.23109882
14762	0.23133503
14763	0.23164411
14764	0.23201096
14765	0.23242176
14766	0.23286390
14767	0.23332542
14768	0.23379481
14769	0.23426095
14770	0.23471303
14771	0.23514044
14772	0.23553301
14773	0.23588103
14774	0.23617564
14775	0.23640877
14776	0.23657368
14777	0.23666510
14778	0.23667940
14779	0.23661511
14780	0.23647273
14781	0.23625512
14782	0.23596747
14783	0.23561719
14784	0.23521392
14785	0.23476912
14786	0.23429595
14787	0.23380864
14788	0.23332229
14789	0.23285218
14790	0.23241334
14791	0.23202011
14792	0.23168555
14793	0.23142132
14794	0.23123720
14795	0.23114097
14796	0.23113830
14797	0.23123260
14798	0.23142509
14799	0.23171473
14800	0.23209824
14801	0.23257008
14802	0.23312257
14803	0.23374578
14804	0.23442763
14805	0.23515411
14806	0.23590930
14807	0.23667575
14808	0.23743500
14809	0.23816788
14810	0.23885545
14811	0.23947950
14812	0.24002360
14813	0.24047367
14814	0.24081878
14815	0.24105161
14816	0.24116899
14817	0.24117173
14818	0.24106468
14819	0.24085616
14820	0.24055757
14821	0.24018249
14822	0.23974602
14823	0.23926403
14824	0.23875231
14825	0.23822612
14826	0.23769963
14827	0.23718567
14828	0.23669541
14829	0.23623836
14830	0.23582226
14831	0.23545329
14832	0.23513614
14833	0.23487405
14834	0.23466919
14835	0.23452261
14836	0.23443455
14837	0.23440436
14838	0.23443079
14839	0.23451187
14840	0.23464502
14841	0.23482703
14842	0.23505387
14843	0.23532106
14844	0.23562334
14845	0.23595488
14846	0.23630926
14847	0.23667976
14848	0.23705925
14849	0.23744057
14850	0.23781657
14851	0.23818029
14852	0.23852521
14853	0.23884529
14854	0.23913512
14855	0.23939000
14856	0.23960602
14857	0.23978004
14858	0.23990963
14859	0.23999320
14860	0.24002986
14861	0.24001941
14862	0.23996246
14863	0.23986036
14864	0.23971526
14865	0.23953013
14866	0.23930885
14867	0.23905617
14868	0.23877768
14869	0.23847979
14870	0.23816955
14871	0.23785451
14872	0.23754258
14873	0.23724167
14874	0.23695944
14875	0.23670322
14876	0.23647955
14877	0.23629425
14878	0.23615211
14879	0.23605688
14880	0.23601137
14881	0.23601745
14882	0.23607610
14883	0.23618759
14884	0.23635158
14885	0.23656721
14886	0.23683317
14887	0.23714776
14888	0.23750885
14889	0.23791388
14890	0.23835967
14891	0.23884255
14892	0.23935808
14893	0.23990104
14894	0.24046527
14895	0.24104369
14896	0.24162823
14897	0.24220988
14898	0.24277872
14899	0.24332388
14900	0.24383402
14901	0.24429718
14902	0.24470136
14903	0.24503472
14904	0.24528605
14905	0.24544519
14906	0.24550360
14907	0.24545476
14908	0.24529469
14909	0.24502210
14910	0.24463893
14911	0.24415025
14912	0.24356414
14913	0.24289168
14914	0.24214637
14915	0.24134378
14916	0.24050117
14917	0.23963657
14918	0.23876868
14919	0.23791620
14920	0.23709764
14921	0.23633105
14922	0.23563376
14923	0.23502256
14924	0.23451348
14925	0.23412181
14926	0.23386221
14927	0.23374839
14928	0.23379309
14929	0.23400779
14930	0.23440202
14931	0.23498333
14932	0.23575602
14933	0.23672058
14934	0.23787275
14935	0.23920260
14936	0.24069385
14937	0.24232294
14938	0.24405918
14939	0.24586475
14940	0.24769574
14941	0.24950401
14942	0.25123927
14943	0.25285208
14944	0.25429714
14945	0.25553593
14946	0.25653976
14947	0.25729081
14948	0.25778326
14949	0.25802234
14950	0.25802329
14951	0.25780973
14952	0.25741109
14953	0.25686052
14954	0.25619364
14955	0.25544736
14956	0.25465909
14957	0.25386724
14958	0.25311282
14959	0.25244126
14960	0.25190580
14961	0.25157353
14962	0.25153223
14963	0.25190315
14964	0.25285906
14965	0.25465488
14966	0.25767723
14967	0.26253480
14968	0.27022326
14969	0.28246504
14970	0.30246249
14971	0.33682746
14972	0.40157545
14973	0.54769641
14974	1.07011473
14975	NaN
14976	NaN
14977	NaN
14978	NaN
14979	NaN
14980	NaN
14981	NaN
14982	NaN
14983	NaN
14984	NaN
14985	NaN
14986	NaN
14987	NaN
14988	NaN
14989	NaN
14990	NaN
14991	NaN
14992	NaN
14993	NaN
14994	NaN
14995	NaN
14996	NaN
14997	NaN
14998	NaN
14999	NaN
15000	NaN
15001	NaN
15002	NaN
15003	NaN
15004	NaN
15005	NaN
15006	NaN
15007	NaN
15008	NaN
15009	NaN
15010	NaN
15011	NaN
15012	NaN
15013	NaN
15014	NaN
15015	NaN
15016	NaN
15017	NaN
15018	NaN
15019	NaN
15020	NaN
15021	NaN
15022	NaN
15023	NaN
15024	NaN
15025	NaN
15026	NaN
15027	NaN
15028	NaN
15029	NaN
15030	NaN
15031	NaN
15032	NaN
15033	NaN
15034	NaN
15035	NaN
15036	NaN
15037	NaN
15038	NaN
15039	NaN
15040	NaN
15041	NaN
15042	NaN
15043	NaN
15044	NaN
15045	NaN
15046	NaN
15047	NaN
15048	NaN
15049	NaN
15050	NaN
15051	NaN
15052	NaN
15053	NaN
15054	NaN
15055	NaN
15056	NaN
15057	NaN
15058	NaN
15059	NaN
15060	NaN
15061	NaN
15062	NaN
15063	NaN
15064	NaN
15065	NaN
15066	NaN
15067	NaN
15068	NaN
15069	NaN
15070	0.75328791
15071	0.51226014
15072	0.43132728
15073	0.39090103
15074	0.36675754
15075	0.35078049
15076	0.33948070
15077	0.33111000
15078	0.32469523
15079	0.31965137
15080	0.31560513
15081	0.31230700
15082	0.30958372
15083	0.30731121
15084	0.30539852
15085	0.30377764
15086	0.30239701
15087	0.30121741
15088	0.30020884
15089	0.29934844
15090	0.29861915
15091	0.29800847
15092	0.29750749
15093	0.29711041
15094	0.29681361
15095	0.29661524
15096	0.29651472
15097	0.29651207
15098	0.29660761
15099	0.29680121
15100	0.29709211
15101	0.29747799
15102	0.29795495
15103	0.29851684
15104	0.29915479
15105	0.29985714
15106	0.30060923
15107	0.30139342
15108	0.30218935
15109	0.30297446
15110	0.30372483
15111	0.30441603
15112	0.30502450
15113	0.30552882
15114	0.30591100
15115	0.30615780
15116	0.30626166
15117	0.30622134
15118	0.30604210
15119	0.30573562
15120	0.30531895
15121	0.30481368
15122	0.30424458
15123	0.30363834
15124	0.30302194
15125	0.30242157
15126	0.30186164
15127	0.30136374
15128	0.30094624
15129	0.30062386
15130	0.30040756
15131	0.30030438
15132	0.30031770
15133	0.30044731
15134	0.30068952
15135	0.30103749
15136	0.30148140
15137	0.30200869
15138	0.30260459
15139	0.30325213
15140	0.30393291
15141	0.30462742
15142	0.30531570
15143	0.30597809
15144	0.30659583
15145	0.30715179
15146	0.30763119
15147	0.30802226
15148	0.30831650
15149	0.30850917
15150	0.30859923
15151	0.30858943
15152	0.30848581
15153	0.30829740
15154	0.30803564
15155	0.30771387
15156	0.30734658
15157	0.30694899
15158	0.30653626
15159	0.30612335
15160	0.30572429
15161	0.30535227
15162	0.30501914
15163	0.30473545
15164	0.30451027
15165	0.30435115
15166	0.30426425
15167	0.30425414
15168	0.30432385
15169	0.30447492
15170	0.30470735
15171	0.30501953
15172	0.30540848
15173	0.30586961
15174	0.30639714
15175	0.30698410
15176	0.30762246
15177	0.30830359
15178	0.30901828
15179	0.30975714
15180	0.31051078
15181	0.31127018
15182	0.31202668
15183	0.31277227
15184	0.31349966
15185	0.31420222
15186	0.31487408
15187	0.31550997
15188	0.31610522
15189	0.31665561
15190	0.31715724
15191	0.31760651
15192	0.31800005
15193	0.31833461
15194	0.31860715
15195	0.31881469
15196	0.31895459
15197	0.31902450
15198	0.31902248
15199	0.31894720
15200	0.31879815
15201	0.31857592
15202	0.31828228
15203	0.31792060
15204	0.31749603
15205	0.31701571
15206	0.31648883
15207	0.31592682
15208	0.31534308
15209	0.31475288
15210	0.31417301
15211	0.31362131
15212	0.31311616
15213	0.31267586
15214	0.31231803
15215	0.31205902
15216	0.31191349
15217	0.31189397
15218	0.31201035
15219	0.31226993
15220	0.31267697
15221	0.31323278
15222	0.31393561
15223	0.31478062
15224	0.31575999
15225	0.31686276
15226	0.31807512
15227	0.31938031
15228	0.32075879
15229	0.32218832
15230	0.32364434
15231	0.32510003
15232	0.32652691
15233	0.32789531
15234	0.32917514
15235	0.33033648
15236	0.33135095
15237	0.33219239
15238	0.33283815
15239	0.33327013
15240	0.33347592
15241	0.33344942
15242	0.33319148
15243	0.33271027
15244	0.33202100
15245	0.33114582
15246	0.33011299
15247	0.32895607
15248	0.32771292
15249	0.32642457
15250	0.32513416
15251	0.32388580
15252	0.32272381
15253	0.32169172
15254	0.32083175
15255	0.32018405
15256	0.31978637
15257	0.31967345
15258	0.31987667
15259	0.32042345
15260	0.32133678
15261	0.32263413
15262	0.32432690
15263	0.32641917
15264	0.32890657
15265	0.33177531
15266	0.33500099
15267	0.33854780
15268	0.34236845
15269	0.34640402
15270	0.35058555
15271	0.35483545
15272	0.35907072
15273	0.36320609
15274	0.36715850
15275	0.37085086
15276	0.37421629
15277	0.37720111
15278	0.37976766
15279	0.38189510
15280	0.38358015
15281	0.38483569
15282	0.38569012
15283	0.38618481
15284	0.38637283
15285	0.38631681
15286	0.38608825
15287	0.38576669
15288	0.38544071
15289	0.38520929
15290	0.38518566
15291	0.38550234
15292	0.38631979
15293	0.38783881
15294	0.39031872
15295	0.39410651
15296	0.39967969
15297	0.40771633
15298	0.41921151
15299	0.43568063
15300	0.45953724
15301	0.49485448
15302	0.54906052
15303	0.63726616
15304	0.79569030
15305	1.13864410
15306	2.31858540
15307	NaN
15308	NaN
15309	NaN
15310	NaN
15311	NaN
15312	NaN
15313	NaN
15314	NaN
15315	NaN
15316	NaN
15317	NaN
15318	NaN
15319	NaN
15320	NaN
15321	NaN
15322	NaN
15323	NaN
15324	NaN
15325	NaN
15326	NaN
15327	NaN
15328	NaN
15329	NaN
15330	NaN
15331	NaN
15332	NaN
15333	NaN
15334	NaN
15335	NaN
15336	NaN
15337	NaN
15338	NaN
15339	NaN
15340	NaN
15341	NaN
15342	NaN
15343	NaN
15344	NaN
15345	NaN
15346	NaN
15347	NaN
15348	NaN
15349	NaN
15350	NaN
15351	NaN
15352	NaN
15353	NaN
15354	NaN
15355	NaN
15356	NaN
15357	NaN
15358	NaN
15359	NaN
15360	NaN
15361	NaN
15362	NaN
15363	NaN
15364	NaN
15365	NaN
15366	NaN
15367	NaN
15368	NaN
15369	NaN
15370	NaN
15371	NaN
15372	NaN
15373	NaN
15374	NaN
15375	NaN
15376	NaN
15377	NaN
15378	NaN
15379	NaN
15380	NaN
15381	NaN
15382	NaN
15383	NaN
15384	NaN
15385	NaN
15386	NaN
15387	NaN
15388	NaN
15389	NaN
15390	NaN
15391	NaN
15392	0.31355587
15393	0.26311770
15394	0.24888390
15395	0.24132465
15396	0.23621635
15397	0.23231727
15398	0.22913019
15399	0.22641589
15400	0.22404405
15401	0.22193700
15402	0.22004482
15403	0.21833389
15404	0.21678030
15405	0.21536665
15406	0.21407968
15407	0.21290934
15408	0.21184744
15409	0.21088730
15410	0.21002311
15411	0.20924954
15412	0.20856151
15413	0.20795396
15414	0.20742156
15415	0.20695874
15416	0.20655955
15417	0.20621772
15418	0.20592657
15419	0.20567909
15420	0.20546819
15421	0.20528665
15422	0.20512743
15423	0.20498385
15424	0.20484965
15425	0.20471951
15426	0.20458905
15427	0.20445506
15428	0.20431572
15429	0.20417058
15430	0.20402069
15431	0.20386842
15432	0.20371738
15433	0.20357218
15434	0.20343812
15435	0.20332088
15436	0.20322601
15437	0.20315881
15438	0.20312375
15439	0.20312434
15440	0.20316297
15441	0.20324084
15442	0.20335808
15443	0.20351385
15444	0.20370646
15445	0.20393386
15446	0.20419359
15447	0.20448321
15448	0.20480016
15449	0.20514208
15450	0.20550659
15451	0.20589130
15452	0.20629363
15453	0.20671068
15454	0.20713903
15455	0.20757446
15456	0.20801196
15457	0.20844556
15458	0.20886834
15459	0.20927244
15460	0.20964941
15461	0.20999038
15462	0.21028650
15463	0.21052946
15464	0.21071199
15465	0.21082827
15466	0.21087463
15467	0.21084955
15468	0.21075407
15469	0.21059169
15470	0.21036823
15471	0.21009143
15472	0.20977049
15473	0.20941554
15474	0.20903708
15475	0.20864545
15476	0.20825037
15477	0.20786060
15478	0.20748375
15479	0.20712620
15480	0.20679300
15481	0.20648806
15482	0.20621422
15483	0.20597337
15484	0.20576668
15485	0.20559470
15486	0.20545749
15487	0.20535477
15488	0.20528597
15489	0.20525023
15490	0.20524658
15491	0.20527373
15492	0.20533030
15493	0.20541461
15494	0.20552476
15495	0.20565866
15496	0.20581391
15497	0.20598793
15498	0.20617785
15499	0.20638064
15500	0.20659302
15501	0.20681165
15502	0.20703301
15503	0.20725347
15504	0.20746936
15505	0.20767695
15506	0.20787257
15507	0.20805252
15508	0.20821324
15509	0.20835131
15510	0.20846356
15511	0.20854720
15512	0.20859982
15513	0.20861962
15514	0.20860545
15515	0.20855699
15516	0.20847476
15517	0.20836015
15518	0.20821556
15519	0.20804432
15520	0.20785064
15521	0.20763937
15522	0.20741618
15523	0.20718707
15524	0.20695838
15525	0.20673655
15526	0.20652774
15527	0.20633787
15528	0.20617220
15529	0.20603529
15530	0.20593077
15531	0.20586133
15532	0.20582853
15533	0.20583300
15534	0.20587423
15535	0.20595098
15536	0.20606114
15537	0.20620212
15538	0.20637077
15539	0.20656380
15540	0.20677772
15541	0.20700917
15542	0.20725475
15543	0.20751141
15544	0.20777616
15545	0.20804644
15546	0.20831975
15547	0.20859385
15548	0.20886657
15549	0.20913589
15550	0.20939977
15551	0.20965625
15552	0.20990327
15553	0.21013875
15554	0.21036062
15555	0.21056682
15556	0.21075523
15557	0.21092393
15558	0.21107098
15559	0.21119469
15560	0.21129350
15561	0.21136603
15562	0.21141110
15563	0.21142778
15564	0.21141526
15565	0.21137306
15566	0.21130091
15567	0.21119876
15568	0.21106699
15569	0.21090628
15570	0.21071793
15571	0.21050368
15572	0.21026607
15573	0.21000832
15574	0.20973448
15575	0.20944959
15576	0.20915940
15577	0.20887072
15578	0.20859101
15579	0.20832853
15580	0.20809209
15581	0.20789088
15582	0.20773418
15583	0.20763129
15584	0.20759104
15585	0.20762168
15586	0.20773034
15587	0.20792292
15588	0.20820358
15589	0.20857468
15590	0.20903625
15591	0.20958605
15592	0.21021929
15593	0.21092877
15594	0.21170521
15595	0.21253717
15596	0.21341182
15597	0.21431547
15598	0.21523409
15599	0.21615437
15600	0.21706404
15601	0.21795301
15602	0.21881357
15603	0.21964104
15604	0.22043414
15605	0.22119501
15606	0.22192925
15607	0.22264622
15608	0.22335882
15609	0.22408402
15610	0.22484274
15611	0.22566047
15612	0.22656816
15613	0.22760306
15614	0.22881098
15615	0.23024768
15616	0.23198240
15617	0.23410128
15618	0.23671210
15619	0.23995133
15620	0.24399017
15621	0.24904627
15622	0.25539559
15623	0.26339102
15624	0.27348885
15625	0.28628844
15626	0.30259866
15627	0.32355890
15628	0.35085356
15629	0.38715565
15630	0.43706059
15631	0.50934601
15632	0.62327302
15633	0.83105570
15634	1.34045756
15635	NaN
15636	NaN
15637	NaN
15638	NaN
15639	NaN
15640	NaN
15641	NaN
15642	NaN
15643	NaN
15644	NaN
15645	NaN
15646	NaN
15647	NaN
15648	NaN
15649	NaN
15650	NaN
15651	NaN
15652	NaN
15653	NaN
15654	NaN
15655	NaN
15656	NaN
15657	NaN
15658	NaN
15659	NaN
15660	NaN
15661	NaN
15662	NaN
15663	NaN
15664	NaN
15665	NaN
15666	NaN
15667	NaN
15668	NaN
15669	NaN
15670	NaN
15671	NaN
15672	NaN
15673	NaN
15674	NaN
15675	NaN
15676	NaN
15677	NaN
15678	NaN
15679	NaN
15680	NaN
15681	NaN
15682	NaN
15683	NaN
15684	NaN
15685	NaN
15686	NaN
15687	NaN
15688	NaN
15689	NaN
15690	NaN
15691	NaN
15692	NaN
15693	NaN
15694	NaN
15695	NaN
15696	NaN
15697	NaN
15698	NaN
15699	NaN
15700	NaN
15701	NaN
15702	NaN
15703	NaN
15704	NaN
15705	NaN
15706	NaN
15707	NaN
15708	NaN
15709	NaN
15710	NaN
15711	NaN
15712	NaN
15713	NaN
15714	NaN
15715	NaN
15716	NaN
15717	NaN
15718	NaN
15719	NaN
15720	NaN
15721	NaN
15722	NaN
15723	NaN
15724	NaN
15725	NaN
15726	0.77178431
15727	0.49192688
15728	0.40674418
15729	0.36566302
15730	0.34158820
15731	0.32585967
15732	0.31485021
15733	0.30677116
15734	0.30063713
15735	0.29585996
15736	0.29206640
15737	0.28900790
15738	0.28651246
15739	0.28445706
15740	0.28275183
15741	0.28132948
15742	0.28013912
15743	0.27914160
15744	0.27830666
15745	0.27761102
15746	0.27703658
15747	0.27656960
15748	0.27619973
15749	0.27591938
15750	0.27572316
15751	0.27560741
15752	0.27556983
15753	0.27560893
15754	0.27572379
15755	0.27591336
15756	0.27617645
15757	0.27651080
15758	0.27691293
15759	0.27737764
15760	0.27789748
15761	0.27846271
15762	0.27906075
15763	0.27967641
15764	0.28029212
15765	0.28088823
15766	0.28144383
15767	0.28193772
15768	0.28234959
15769	0.28266129
15770	0.28285813
15771	0.28293008
15772	0.28287250
15773	0.28268680
15774	0.28238031
15775	0.28196600
15776	0.28146160
15777	0.28088835
15778	0.28026989
15779	0.27963081
15780	0.27899534
15781	0.27838635
15782	0.27782461
15783	0.27732784
15784	0.27691069
15785	0.27658439
15786	0.27635661
15787	0.27623171
15788	0.27621081
15789	0.27629194
15790	0.27647027
15791	0.27673838
15792	0.27708623
15793	0.27750176
15794	0.27797091
15795	0.27847803
15796	0.27900645
15797	0.27953869
15798	0.28005737
15799	0.28054553
15800	0.28098753
15801	0.28136966
15802	0.28168061
15803	0.28191197
15804	0.28205866
15805	0.28211883
15806	0.28209409
15807	0.28198892
15808	0.28181049
15809	0.28156811
15810	0.28127265
15811	0.28093597
15812	0.28057039
15813	0.28018829
15814	0.27980161
15815	0.27942175
15816	0.27905929
15817	0.27872390
15818	0.27842432
15819	0.27816829
15820	0.27796257
15821	0.27781302
15822	0.27772453
15823	0.27770093
15824	0.27774516
15825	0.27785900
15826	0.27804306
15827	0.27829686
15828	0.27861863
15829	0.27900544
15830	0.27945331
15831	0.27995703
15832	0.28051078
15833	0.28110784
15834	0.28174114
15835	0.28240329
15836	0.28308690
15837	0.28378463
15838	0.28448933
15839	0.28519428
15840	0.28589296
15841	0.28657925
15842	0.28724727
15843	0.28789130
15844	0.28850570
15845	0.28908485
15846	0.28962302
15847	0.29011443
15848	0.29055312
15849	0.29093322
15850	0.29124886
15851	0.29149437
15852	0.29166451
15853	0.29175463
15854	0.29176092
15855	0.29168066
15856	0.29151261
15857	0.29125717
15858	0.29091677
15859	0.29049605
15860	0.29000208
15861	0.28944460
15862	0.28883588
15863	0.28819081
15864	0.28752649
15865	0.28686208
15866	0.28621805
15867	0.28561565
15868	0.28507626
15869	0.28462058
15870	0.28426799
15871	0.28403577
15872	0.28393891
15873	0.28398934
15874	0.28419599
15875	0.28456435
15876	0.28509668
15877	0.28579193
15878	0.28664574
15879	0.28765053
15880	0.28879568
15881	0.29006740
15882	0.29144910
15883	0.29292110
15884	0.29446119
15885	0.29604426
15886	0.29764315
15887	0.29922855
15888	0.30076972
15889	0.30223519
15890	0.30359352
15891	0.30481413
15892	0.30586857
15893	0.30673152
15894	0.30738208
15895	0.30780464
15896	0.30798990
15897	0.30793539
15898	0.30764583
15899	0.30713326
15900	0.30641651
15901	0.30552062
15902	0.30447608
15903	0.30331773
15904	0.30208358
15905	0.30081391
15906	0.29955006
15907	0.29833359
15908	0.29720557
15909	0.29620582
15910	0.29537240
15911	0.29474121
15912	0.29434565
15913	0.29421595
15914	0.29437909
15915	0.29485792
15916	0.29567078
15917	0.29683030
15918	0.29834276
15919	0.30020681
15920	0.30241227
15921	0.30493918
15922	0.30775687
15923	0.31082350
15924	0.31408629
15925	0.31748199
15926	0.32093909
15927	0.32438001
15928	0.32772473
15929	0.33089408
15930	0.33381417
15931	0.33641994
15932	0.33865815
15933	0.34048975
15934	0.34189099
15935	0.34285346
15936	0.34338337
15937	0.34349966
15938	0.34323260
15939	0.34262133
15940	0.34171215
15941	0.34055677
15942	0.33921140
15943	0.33773634
15944	0.33619589
15945	0.33465916
15946	0.33320165
15947	0.33190754
15948	0.33087346
15949	0.33021209
15950	0.33005792
15951	0.33057496
15952	0.33196518
15953	0.33448046
15954	0.33843574
15955	0.34422734
15956	0.35235384
15957	0.36344397
15958	0.37829357
15959	0.39792001
15960	0.42364678
15961	0.45725298
15962	0.50124717
15963	0.55941647
15964	0.63797402
15965	0.74820113
15966	0.91330546
15967	1.19009817
15968	1.76336908
15969	3.76070666
15970	NaN
15971	NaN
15972	NaN
15973	NaN
15974	NaN
15975	NaN
15976	NaN
15977	NaN
15978	NaN
15979	NaN
15980	NaN
15981	NaN
15982	NaN
15983	NaN
15984	NaN
15985	NaN
15986	NaN
15987	NaN
15988	NaN
15989	NaN
15990	NaN
15991	NaN
15992	NaN
15993	NaN
15994	NaN
15995	NaN
15996	NaN
15997	NaN
15998	NaN
15999	NaN
16000	NaN
16001	NaN
16002	NaN
16003	NaN
16004	NaN
16005	NaN
16006	NaN
16007	NaN
16008	NaN
16009	NaN
16010	NaN
16011	NaN
16012	NaN
16013	NaN
16014	NaN
16015	NaN
16016	NaN
16017	NaN
16018	NaN
16019	NaN
16020	NaN
16021	NaN
16022	NaN
16023	NaN
16024	NaN
16025	NaN
16026	NaN
16027	NaN
16028	NaN
16029	NaN
16030	NaN
16031	NaN
16032	NaN
16033	NaN
16034	NaN
16035	NaN
16036	NaN
16037	NaN
16038	NaN
16039	NaN
16040	NaN
16041	NaN
16042	NaN
16043	NaN
16044	NaN
16045	NaN
16046	NaN
16047	NaN
16048	NaN
16049	NaN
16050	NaN
16051	NaN
16052	NaN
16053	NaN
16054	NaN
16055	NaN
16056	NaN
16057	NaN
16058	NaN
16059	NaN
16060	NaN
16061	NaN
16062	0.73573458
16063	0.45451903
16064	0.36110249
16065	0.31533703
16066	0.28880513
16067	0.27195957
16068	0.26067838
16069	0.25288254
16070	0.24740532
16071	0.24353881
16072	0.24082674
16073	0.23896144
16074	0.23772761
16075	0.23697031
16076	0.23657557
16077	0.23645803
16078	0.23655285
16079	0.23681034
16080	0.23719206
16081	0.23766814
16082	0.23821503
16083	0.23881407
16084	0.23945037
16085	0.24011163
16086	0.24078761
16087	0.24146937
16088	0.24214882
16089	0.24281844
16090	0.24347085
16091	0.24409880
16092	0.24469480
16093	0.24525137
16094	0.24576078
16095	0.24621530
16096	0.24660723
16097	0.24692912
16098	0.24717394
16099	0.24733546
16100	0.24740860
16101	0.24738981
16102	0.24727741
16103	0.24707231
16104	0.24677818
16105	0.24640195
16106	0.24595395
16107	0.24544798
16108	0.24490105
16109	0.24433291
16110	0.24376535
16111	0.24322122
16112	0.24272332
16113	0.24229336
16114	0.24195091
16115	0.24171263
16116	0.24159165
16117	0.24159710
16118	0.24173412
16119	0.24200389
16120	0.24240392
16121	0.24292821
16122	0.24356772
16123	0.24431066
16124	0.24514274
16125	0.24604754
16126	0.24700655
16127	0.24799947
16128	0.24900450
16129	0.24999860
16130	0.25095794
16131	0.25185856
16132	0.25267696
16133	0.25339118
16134	0.25398159
16135	0.25443196
16136	0.25473040
16137	0.25487015
16138	0.25484973
16139	0.25467363
16140	0.25435174
16141	0.25389877
16142	0.25333357
16143	0.25267798
16144	0.25195563
16145	0.25119084
16146	0.25040764
16147	0.24962859
16148	0.24887438
16149	0.24816321
16150	0.24751048
16151	0.24692872
16152	0.24642760
16153	0.24601400
16154	0.24569236
16155	0.24546474
16156	0.24533120
16157	0.24528998
16158	0.24533774
16159	0.24546981
16160	0.24568027
16161	0.24596207
16162	0.24630722
16163	0.24670690
16164	0.24715146
16165	0.24763073
16166	0.24813409
16167	0.24865080
16168	0.24917020
16169	0.24968207
16170	0.25017685
16171	0.25064597
16172	0.25108203
16173	0.25147900
16174	0.25183222
16175	0.25213850
16176	0.25239608
16177	0.25260431
16178	0.25276366
16179	0.25287554
16180	0.25294188
16181	0.25296527
16182	0.25294858
16183	0.25289494
16184	0.25280771
16185	0.25269040
16186	0.25254673
16187	0.25238052
16188	0.25219592
16189	0.25199720
16190	0.25178885
16191	0.25157556
16192	0.25136197
16193	0.25115281
16194	0.25095278
16195	0.25076631
16196	0.25059754
16197	0.25045025
16198	0.25032786
16199	0.25023320
16200	0.25016868
16201	0.25013611
16202	0.25013694
16203	0.25017214
16204	0.25024235
16205	0.25034782
16206	0.25048846
16207	0.25066403
16208	0.25087392
16209	0.25111735
16210	0.25139320
16211	0.25170019
16212	0.25203660
16213	0.25240040
16214	0.25278920
16215	0.25320005
16216	0.25362960
16217	0.25407371
16218	0.25452775
16219	0.25498638
16220	0.25544345
16221	0.25589198
16222	0.25632423
16223	0.25673169
16224	0.25710514
16225	0.25743484
16226	0.25771087
16227	0.25792339
16228	0.25806305
16229	0.25812167
16230	0.25809249
16231	0.25797102
16232	0.25775510
16233	0.25744560
16234	0.25704616
16235	0.25656363
16236	0.25600749
16237	0.25538975
16238	0.25472462
16239	0.25402772
16240	0.25331590
16241	0.25260663
16242	0.25191781
16243	0.25126725
16244	0.25067267
16245	0.25015143
16246	0.24972054
16247	0.24939655
16248	0.24919547
16249	0.24913265
16250	0.24922256
16251	0.24947853
16252	0.24991231
16253	0.25053355
16254	0.25134927
16255	0.25236273
16256	0.25357306
16257	0.25497392
16258	0.25655305
16259	0.25829133
16260	0.26016253
16261	0.26213345
16262	0.26416481
16263	0.26621222
16264	0.26822862
16265	0.27016646
16266	0.27198067
16267	0.27363136
16268	0.27508587
16269	0.27632031
16270	0.27732074
16271	0.27808243
16272	0.27860951
16273	0.27891302
16274	0.27900979
16275	0.27892005
16276	0.27866620
16277	0.27827129
16278	0.27775797
16279	0.27714825
16280	0.27646255
16281	0.27572030
16282	0.27494061
16283	0.27414331
16284	0.27335045
16285	0.27259013
16286	0.27190053
16287	0.27133870
16288	0.27099147
16289	0.27099720
16290	0.27157930
16291	0.27310529
16292	0.27619496
16293	0.28192401
16294	0.29224631
16295	0.31096417
16296	0.34630063
16297	0.41947895
16298	0.60626870
16299	1.52869189
16300	NaN
16301	NaN
16302	NaN
16303	NaN
16304	NaN
16305	NaN
16306	NaN
16307	NaN
16308	NaN
16309	NaN
16310	NaN
16311	NaN
16312	NaN
16313	NaN
16314	NaN
16315	NaN
16316	NaN
16317	NaN
16318	NaN
16319	NaN
16320	NaN
16321	NaN
16322	NaN
16323	NaN
16324	NaN
16325	NaN
16326	NaN
16327	NaN
16328	NaN
16329	NaN
16330	NaN
16331	NaN
16332	NaN
16333	NaN
16334	NaN
16335	NaN
16336	NaN
16337	NaN
16338	NaN
16339	NaN
16340	NaN
16341	NaN
16342	NaN
16343	NaN
16344	NaN
16345	NaN
16346	NaN
16347	NaN
16348	NaN
16349	NaN
16350	NaN
16351	NaN
16352	NaN
16353	NaN
16354	NaN
16355	NaN
16356	NaN
16357	NaN
16358	NaN
16359	NaN
16360	NaN
16361	NaN
16362	NaN
16363	NaN
16364	NaN
16365	NaN
16366	NaN
16367	NaN
16368	NaN
16369	NaN
16370	NaN
16371	NaN
16372	NaN
16373	NaN
16374	NaN
16375	NaN
16376	NaN
16377	NaN
16378	NaN
16379	NaN
16380	NaN
16381	NaN
16382	NaN
16383	NaN
16384	NaN
16385	NaN
16386	NaN
16387	NaN
16388	NaN
16389	NaN
16390	NaN
16391	NaN
16392	NaN
16393	NaN
16394	NaN
16395	NaN
16396	NaN
16397	NaN
16398	NaN
16399	NaN
16400	NaN
16401	1.17081654
16402	0.67032355
16403	0.52737808
16404	0.46020558
16405	0.42152411
16406	0.39661732
16407	0.37941229
16408	0.36694545
16409	0.35759747
16410	0.35040939
16411	0.34477681
16412	0.34030065
16413	0.33670685
16414	0.33380154
16415	0.33144388
16416	0.32952961
16417	0.32797995
16418	0.32673490
16419	0.32574794
16420	0.32498312
16421	0.32441214
16422	0.32401291
16423	0.32376814
16424	0.32366431
16425	0.32369065
16426	0.32383868
16427	0.32410127
16428	0.32447225
16429	0.32494551
16430	0.32551461
16431	0.32617208
16432	0.32690880
16433	0.32771349
16434	0.32857230
16435	0.32946834
16436	0.33038169
16437	0.33128932
16438	0.33216557
16439	0.33298263
16440	0.33371165
16441	0.33432385
16442	0.33479214
16443	0.33509260
16444	0.33520651
16445	0.33512139
16446	0.33483276
16447	0.33434448
16448	0.33366936
16449	0.33282834
16450	0.33184990
16451	0.33076826
16452	0.32962176
16453	0.32845086
16454	0.32729611
16455	0.32619646
16456	0.32518786
16457	0.32430196
16458	0.32356536
16459	0.32299915
16460	0.32261860
16461	0.32243308
16462	0.32244632
16463	0.32265621
16464	0.32305548
16465	0.32363176
16466	0.32436788
16467	0.32524258
16468	0.32623065
16469	0.32730380
16470	0.32843146
16471	0.32958138
16472	0.33072081
16473	0.33181760
16474	0.33284125
16475	0.33376405
16476	0.33456194
16477	0.33521578
16478	0.33571151
16479	0.33604082
16480	0.33620113
16481	0.33619544
16482	0.33603182
16483	0.33572268
16484	0.33528423
16485	0.33473527
16486	0.33409661
16487	0.33339018
16488	0.33263811
16489	0.33186236
16490	0.33108401
16491	0.33032277
16492	0.32959685
16493	0.32892251
16494	0.32831404
16495	0.32778355
16496	0.32734105
16497	0.32699427
16498	0.32674891
16499	0.32660854
16500	0.32657468
16501	0.32664686
16502	0.32682288
16503	0.32709867
16504	0.32746869
16505	0.32792589
16506	0.32846209
16507	0.32906812
16508	0.32973406
16509	0.33044961
16510	0.33120430
16511	0.33198756
16512	0.33278924
16513	0.33359951
16514	0.33440909
16515	0.33520937
16516	0.33599231
16517	0.33675048
16518	0.33747715
16519	0.33816597
16520	0.33881104
16521	0.33940682
16522	0.33994797
16523	0.34042940
16524	0.34084618
16525	0.34119368
16526	0.34146741
16527	0.34166336
16528	0.34177819
16529	0.34180915
16530	0.34175467
16531	0.34161440
16532	0.34138957
16533	0.34108335
16534	0.34070101
16535	0.34025031
16536	0.33974138
16537	0.33918700
16538	0.33860251
16539	0.33800533
16540	0.33741489
16541	0.33685178
16542	0.33633736
16543	0.33589298
16544	0.33553925
16545	0.33529535
16546	0.33517852
16547	0.33520338
16548	0.33538166
16549	0.33572179
16550	0.33622894
16551	0.33690459
16552	0.33774674
16553	0.33874980
16554	0.33990458
16555	0.34119833
16556	0.34261471
16557	0.34413403
16558	0.34573314
16559	0.34738573
16560	0.34906250
16561	0.35073158
16562	0.35235906
16563	0.35390958
16564	0.35534739
16565	0.35663721
16566	0.35774556
16567	0.35864225
16568	0.35930154
16569	0.35970378
16570	0.35983652
16571	0.35969558
16572	0.35928565
16573	0.35862049
16574	0.35772279
16575	0.35662350
16576	0.35536066
16577	0.35397854
16578	0.35252592
16579	0.35105461
16580	0.34961829
16581	0.34827095
16582	0.34706602
16583	0.34605521
16584	0.34528792
16585	0.34481049
16586	0.34466583
16587	0.34489271
16588	0.34552559
16589	0.34659371
16590	0.34812072
16591	0.35012358
16592	0.35261172
16593	0.35558558
16594	0.35903534
16595	0.36293936
16596	0.36726293
16597	0.37195683
16598	0.37695700
16599	0.38218454
16600	0.38754699
16601	0.39294088
16602	0.39825574
16603	0.40337875
16604	0.40820101
16605	0.41262367
16606	0.41656402
16607	0.41996056
16608	0.42277646
16609	0.42500210
16610	0.42665455
16611	0.42777693
16612	0.42843539
16613	0.42871705
16614	0.42872617
16615	0.42858317
16616	0.42842302
16617	0.42839679
16618	0.42867422
16619	0.42945084
16620	0.43095729
16621	0.43347698
16622	0.43736920
16623	0.44310895
16624	0.45134667
16625	0.46300790
16626	0.47946039
16627	0.50281930
16628	0.53652614
16629	0.58657265
16630	0.66434944
16631	0.79443139
16632	1.04129052
16633	1.64542615
16634	4.91830301
16635	NaN
16636	NaN
16637	NaN
16638	NaN
16639	NaN
16640	NaN
16641	NaN
16642	NaN
16643	NaN
16644	NaN
16645	NaN
16646	NaN
16647	NaN
16648	NaN
16649	NaN
16650	NaN
16651	NaN
16652	NaN
16653	NaN
16654	NaN
16655	NaN
16656	NaN
16657	NaN
16658	NaN
16659	NaN
16660	NaN
16661	NaN
16662	NaN
16663	NaN
16664	NaN
16665	NaN
16666	NaN
16667	NaN
16668	NaN
16669	NaN
16670	NaN
16671	NaN
16672	NaN
16673	NaN
16674	NaN
16675	NaN
16676	NaN
16677	NaN
16678	NaN
16679	NaN
16680	NaN
16681	NaN
16682	NaN
16683	NaN
16684	NaN
16685	NaN
16686	NaN
16687	NaN
16688	NaN
16689	NaN
16690	NaN
16691	NaN
16692	NaN
16693	NaN
16694	NaN
16695	NaN
16696	NaN
16697	NaN
16698	NaN
16699	NaN
16700	NaN
16701	NaN
16702	NaN
16703	NaN
16704	NaN
16705	NaN
16706	NaN
16707	NaN
16708	NaN
16709	NaN
16710	NaN
16711	NaN
16712	NaN
16713	NaN
16714	NaN
16715	NaN
16716	NaN
16717	NaN
16718	NaN
16719	NaN
16720	NaN
16721	NaN
16722	NaN
16723	NaN
16724	NaN
16725	NaN
16726	NaN
16727	NaN
16728	NaN
16729	NaN
16730	NaN
16731	NaN
16732	NaN
16733	NaN
16734	NaN
16735	NaN
16736	0.86356103
16737	0.53229100
16738	0.43277773
16739	0.38530660
16740	0.35785124
16741	0.34020826
16742	0.32810888
16743	0.31944808
16744	0.31306571
16745	0.30826783
16746	0.30461323
16747	0.30180722
16748	0.29964519
16749	0.29798052
16750	0.29670531
16751	0.29573852
16752	0.29501837
16753	0.29449704
16754	0.29413712
16755	0.29390937
16756	0.29379043
16757	0.29376182
16758	0.29380849
16759	0.29391837
16760	0.29408100
16761	0.29428759
16762	0.29453003
16763	0.29480058
16764	0.29509166
16765	0.29539546
16766	0.29570377
16767	0.29600793
16768	0.29629877
16769	0.29656675
16770	0.29680204
16771	0.29699475
16772	0.29713529
16773	0.29721478
16774	0.29722533
16775	0.29716069
16776	0.29701674
16777	0.29679167
16778	0.29648674
16779	0.29610628
16780	0.29565787
16781	0.29515246
16782	0.29460388
16783	0.29402870
16784	0.29344529
16785	0.29287329
16786	0.29233271
16787	0.29184306
16788	0.29142258
16789	0.29108748
16790	0.29085138
16791	0.29072487
16792	0.29071531
16793	0.29082665
16794	0.29105929
16795	0.29141030
16796	0.29187343
16797	0.29243937
16798	0.29309574
16799	0.29382733
16800	0.29461640
16801	0.29544282
16802	0.29628447
16803	0.29711771
16804	0.29791790
16805	0.29866028
16806	0.29932076
16807	0.29987696
16808	0.30030930
16809	0.30060202
16810	0.30074403
16811	0.30072969
16812	0.30055928
16813	0.30023894
16814	0.29978037
16815	0.29920033
16816	0.29851958
16817	0.29776180
16818	0.29695228
16819	0.29611692
16820	0.29528075
16821	0.29446733
16822	0.29369771
16823	0.29298997
16824	0.29235888
16825	0.29181576
16826	0.29136845
16827	0.29102156
16828	0.29077661
16829	0.29063228
16830	0.29058477
16831	0.29062819
16832	0.29075485
16833	0.29095551
16834	0.29121980
16835	0.29153648
16836	0.29189387
16837	0.29227993
16838	0.29268274
16839	0.29309088
16840	0.29349345
16841	0.29388064
16842	0.29424390
16843	0.29457605
16844	0.29487154
16845	0.29512647
16846	0.29533875
16847	0.29550782
16848	0.29563469
16849	0.29572165
16850	0.29577208
16851	0.29579017
16852	0.29578057
16853	0.29574814
16854	0.29569772
16855	0.29563373
16856	0.29556021
16857	0.29548055
16858	0.29539743
16859	0.29531282
16860	0.29522800
16861	0.29514360
16862	0.29505968
16863	0.29497573
16864	0.29489094
16865	0.29480416
16866	0.29471394
16867	0.29461893
16868	0.29451773
16869	0.29440916
16870	0.29429242
16871	0.29416707
16872	0.29403350
16873	0.29389262
16874	0.29374629
16875	0.29359719
16876	0.29344890
16877	0.29330584
16878	0.29317328
16879	0.29305694
16880	0.29296306
16881	0.29289815
16882	0.29286873
16883	0.29288098
16884	0.29294077
16885	0.29305315
16886	0.29322249
16887	0.29345185
16888	0.29374319
16889	0.29409704
16890	0.29451227
16891	0.29498616
16892	0.29551411
16893	0.29608956
16894	0.29670411
16895	0.29734734
16896	0.29800707
16897	0.29866943
16898	0.29931924
16899	0.29994035
16900	0.30051619
16901	0.30103034
16902	0.30146739
16903	0.30181336
16904	0.30205670
16905	0.30218875
16906	0.30220437
16907	0.30210212
16908	0.30188456
16909	0.30155817
16910	0.30113277
16911	0.30062157
16912	0.30004016
16913	0.29940602
16914	0.29873791
16915	0.29805505
16916	0.29737690
16917	0.29672241
16918	0.29610983
16919	0.29555646
16920	0.29507846
16921	0.29469073
16922	0.29440683
16923	0.29423854
16924	0.29419610
16925	0.29428756
16926	0.29451868
16927	0.29489243
16928	0.29540864
16929	0.29606363
16930	0.29684985
16931	0.29775563
16932	0.29876524
16933	0.29985884
16934	0.30101317
16935	0.30220234
16936	0.30339867
16937	0.30457407
16938	0.30570149
16939	0.30675620
16940	0.30771717
16941	0.30856785
16942	0.30929703
16943	0.30989882
16944	0.31037265
16945	0.31072286
16946	0.31095779
16947	0.31108907
16948	0.31113070
16949	0.31109822
16950	0.31100819
16951	0.31087729
16952	0.31072211
16953	0.31055889
16954	0.31040350
16955	0.31027168
16956	0.31017926
16957	0.31014299
16958	0.31018162
16959	0.31031740
16960	0.31057897
16961	0.31100342
16962	0.31164163
16963	0.31256250
16964	0.31386146
16965	0.31566793
16966	0.31815672
16967	0.32156068
16968	0.32618797
16969	0.33244273
16970	0.34086025
16971	0.35215628
16972	0.36732250
16973	0.38779277
16974	0.41577917
16975	0.45495978
16976	0.51206136
16977	0.60097009
16978	0.75588870
16979	1.08986700
16980	2.33010960
16981	NaN
16982	NaN
16983	NaN
16984	NaN
16985	NaN
16986	NaN
16987	NaN
16988	NaN
16989	NaN
16990	NaN
16991	NaN
16992	NaN
16993	NaN
16994	NaN
16995	NaN
16996	NaN
16997	NaN
16998	NaN
16999	NaN
17000	NaN
17001	NaN
17002	NaN
17003	NaN
17004	NaN
17005	NaN
17006	NaN
17007	NaN
17008	NaN
17009	NaN
17010	NaN
17011	NaN
17012	NaN
17013	NaN
17014	NaN
17015	NaN
17016	NaN
17017	NaN
17018	NaN
17019	NaN
17020	NaN
17021	NaN
17022	NaN
17023	NaN
17024	NaN
17025	NaN
17026	NaN
17027	NaN
17028	NaN
17029	NaN
17030	NaN
17031	NaN
17032	NaN
17033	NaN
17034	NaN
17035	NaN
17036	NaN
17037	NaN
17038	NaN
17039	NaN
17040	NaN
17041	NaN
17042	NaN
17043	NaN
17044	NaN
17045	NaN
17046	NaN
17047	NaN
17048	NaN
17049	NaN
17050	NaN
17051	NaN
17052	NaN
17053	NaN
17054	2.15764642
17055	0.66676402
17056	0.51007414
17057	0.45051178
17058	0.41916099
17059	0.39978352
17060	0.38657743
17061	0.37696069
17062	0.36961401
17063	0.36379486
17064	0.35905433
17065	0.35510519
17066	0.35175550
17067	0.34887198
17068	0.34635934
17069	0.34414744
17070	0.34218368
17071	0.34042794
17072	0.33884931
17073	0.33742371
17074	0.33613253
17075	0.33496130
17076	0.33389905
17077	0.33293766
17078	0.33207121
17079	0.33129582
17080	0.33060902
17081	0.33000958
17082	0.32949716
17083	0.32907191
17084	0.32873422
17085	0.32848421
17086	0.32832149
17087	0.32824460
17088	0.32825080
17089	0.32833558
17090	0.32849249
17091	0.32871294
17092	0.32898632
17093	0.32930019
17094	0.32964075
17095	0.32999340
17096	0.33034363
17097	0.33067778
17098	0.33098409
17099	0.33125338
17100	0.33147979
17101	0.33166099
17102	0.33179855
17103	0.33189756
17104	0.33196613
17105	0.33201483
17106	0.33205578
17107	0.33210170
17108	0.33216524
17109	0.33225781
17110	0.33238921
17111	0.33256689
17112	0.33279562
17113	0.33307707
17114	0.33340991
17115	0.33378977
17116	0.33420944
17117	0.33465928
17118	0.33512753
17119	0.33560103
17120	0.33606571
17121	0.33650720
17122	0.33691168
17123	0.33726633
17124	0.33756000
17125	0.33778363
17126	0.33793068
17127	0.33799738
17128	0.33798283
17129	0.33788887
17130	0.33772022
17131	0.33748406
17132	0.33718956
17133	0.33684787
17134	0.33647135
17135	0.33607319
17136	0.33566704
17137	0.33526647
17138	0.33488449
17139	0.33453324
17140	0.33422351
17141	0.33396456
17142	0.33376375
17143	0.33362654
17144	0.33355606
17145	0.33355343
17146	0.33361757
17147	0.33374560
17148	0.33393264
17149	0.33417243
17150	0.33445761
17151	0.33477977
17152	0.33513027
17153	0.33550024
17154	0.33588108
17155	0.33626485
17156	0.33664444
17157	0.33701387
17158	0.33736852
17159	0.33770508
17160	0.33802170
17161	0.33831790
17162	0.33859462
17163	0.33885390
17164	0.33909878
17165	0.33933321
17166	0.33956161
17167	0.33978876
17168	0.34001935
17169	0.34025797
17170	0.34050861
17171	0.34077451
17172	0.34105802
17173	0.34136027
17174	0.34168127
17175	0.34201959
17176	0.34237266
17177	0.34273651
17178	0.34310597
17179	0.34347498
17180	0.34383652
17181	0.34418297
17182	0.34450641
17183	0.34479898
17184	0.34505299
17185	0.34526154
17186	0.34541887
17187	0.34552062
17188	0.34556413
17189	0.34554893
17190	0.34547681
17191	0.34535193
17192	0.34518090
17193	0.34497252
17194	0.34473774
17195	0.34448907
17196	0.34424031
17197	0.34400606
17198	0.34380108
17199	0.34363979
17200	0.34353587
17201	0.34350154
17202	0.34354731
17203	0.34368145
17204	0.34390983
17205	0.34423569
17206	0.34465951
17207	0.34517896
17208	0.34578899
17209	0.34648195
17210	0.34724766
17211	0.34807381
17212	0.34894603
17213	0.34984830
17214	0.35076317
17215	0.35167226
17216	0.35255644
17217	0.35339659
17218	0.35417390
17219	0.35487029
17220	0.35546926
17221	0.35595632
17222	0.35631940
17223	0.35654962
17224	0.35664153
17225	0.35659352
17226	0.35640800
17227	0.35609147
17228	0.35565448
17229	0.35511154
17230	0.35448056
17231	0.35378268
17232	0.35304141
17233	0.35228243
17234	0.35153249
17235	0.35081914
17236	0.35016981
17237	0.34961131
17238	0.34916925
17239	0.34886745
17240	0.34872746
17241	0.34876823
17242	0.34900558
17243	0.34945199
17244	0.35011598
17245	0.35100204
17246	0.35211006
17247	0.35343513
17248	0.35496727
17249	0.35669124
17250	0.35858664
17251	0.36062798
17252	0.36278498
17253	0.36502361
17254	0.36730674
17255	0.36959544
17256	0.37185043
17257	0.37403342
17258	0.37610877
17259	0.37804472
17260	0.37981483
17261	0.38139853
17262	0.38278207
17263	0.38395855
17264	0.38492784
17265	0.38569674
17266	0.38627788
17267	0.38668996
17268	0.38695666
17269	0.38710657
17270	0.38717315
17271	0.38719428
17272	0.38721266
17273	0.38727617
17274	0.38743821
17275	0.38775867
17276	0.38830438
17277	0.38915026
17278	0.39038047
17279	0.39209008
17280	0.39438620
17281	0.39739016
17282	0.40123999
17283	0.40609300
17284	0.41212952
17285	0.41955721
17286	0.42861751
17287	0.43959525
17288	0.45283160
17289	0.46874589
17290	0.48786929
17291	0.51089710
17292	0.53877664
17293	0.57285190
17294	0.61512077
17295	0.66870290
17296	0.73877108
17297	0.83455706
17298	0.97428179
17299	1.19947350
17300	1.62950265
17301	2.80355549
17302	NaN
17303	NaN
17304	NaN
17305	NaN
17306	NaN
17307	NaN
17308	NaN
17309	NaN
17310	NaN
17311	NaN
17312	NaN
17313	NaN
17314	NaN
17315	NaN
17316	NaN
17317	NaN
17318	NaN
17319	NaN
17320	NaN
17321	NaN
17322	NaN
17323	NaN
17324	NaN
17325	NaN
17326	NaN
17327	NaN
17328	NaN
17329	NaN
17330	NaN
17331	NaN
17332	NaN
17333	NaN
17334	NaN
17335	NaN
17336	NaN
17337	NaN
17338	NaN
17339	NaN
17340	NaN
17341	NaN
17342	NaN
17343	NaN
17344	NaN
17345	NaN
17346	NaN
17347	NaN
17348	NaN
17349	NaN
17350	NaN
17351	NaN
17352	NaN
17353	NaN
17354	NaN
17355	NaN
17356	NaN
17357	NaN
17358	NaN
17359	NaN
17360	NaN
17361	NaN
17362	NaN
17363	NaN
17364	NaN
17365	NaN
17366	NaN
17367	NaN
17368	NaN
17369	NaN
17370	NaN
17371	NaN
17372	NaN
17373	NaN
17374	NaN
17375	NaN
17376	NaN
17377	NaN
17378	NaN
17379	NaN
17380	0.88955981
17381	0.44575205
17382	0.35951218
17383	0.32180950
17384	0.30020210
17385	0.28596830
17386	0.27577266
17387	0.26805964
17388	0.26200363
17389	0.25712323
17390	0.25311750
17391	0.24978752
17392	0.24699575
17393	0.24464327
17394	0.24265702
17395	0.24098121
17396	0.23957232
17397	0.23839580
17398	0.23742346
17399	0.23663200
17400	0.23600176
17401	0.23551577
17402	0.23515925
17403	0.23491879
17404	0.23478231
17405	0.23473842
17406	0.23477635
17407	0.23488565
17408	0.23505609
17409	0.23527767
17410	0.23554040
17411	0.23583449
17412	0.23615031
17413	0.23647840
17414	0.23680967
17415	0.23713528
17416	0.23744692
17417	0.23773664
17418	0.23799700
17419	0.23822099
17420	0.23840213
17421	0.23853458
17422	0.23861317
17423	0.23863371
17424	0.23859301
17425	0.23848949
17426	0.23832326
17427	0.23809649
17428	0.23781371
17429	0.23748168
17430	0.23710966
17431	0.23670892
17432	0.23629257
17433	0.23587495
17434	0.23547104
17435	0.23509592
17436	0.23476407
17437	0.23448880
17438	0.23428187
17439	0.23415276
17440	0.23410879
17441	0.23415440
17442	0.23429137
17443	0.23451839
17444	0.23483127
17445	0.23522283
17446	0.23568311
17447	0.23619963
17448	0.23675764
17449	0.23734051
17450	0.23793040
17451	0.23850872
17452	0.23905678
17453	0.23955657
17454	0.23999137
17455	0.24034652
17456	0.24061006
17457	0.24077307
17458	0.24083014
17459	0.24077953
17460	0.24062309
17461	0.24036604
17462	0.24001659
17463	0.23958544
17464	0.23908505
17465	0.23852907
17466	0.23793176
17467	0.23730738
17468	0.23666973
17469	0.23603190
17470	0.23540592
17471	0.23480275
17472	0.23423225
17473	0.23370315
17474	0.23322308
17475	0.23279874
17476	0.23243596
17477	0.23213948
17478	0.23191324
17479	0.23176007
17480	0.23168175
17481	0.23167884
17482	0.23175068
17483	0.23189516
17484	0.23210898
17485	0.23238726
17486	0.23272404
17487	0.23311208
17488	0.23354316
17489	0.23400822
17490	0.23449765
17491	0.23500143
17492	0.23550937
17493	0.23601137
17494	0.23649755
17495	0.23695838
17496	0.23738496
17497	0.23776893
17498	0.23810266
17499	0.23837946
17500	0.23859352
17501	0.23874004
17502	0.23881535
17503	0.23881704
17504	0.23874398
17505	0.23859642
17506	0.23837617
17507	0.23808643
17508	0.23773201
17509	0.23731916
17510	0.23685560
17511	0.23635037
17512	0.23581368
17513	0.23525670
17514	0.23469134
17515	0.23413004
17516	0.23358530
17517	0.23306949
17518	0.23259453
17519	0.23217149
17520	0.23181042
17521	0.23151994
17522	0.23130727
17523	0.23117788
17524	0.23113558
17525	0.23118244
17526	0.23131874
17527	0.23154321
17528	0.23185305
17529	0.23224394
17530	0.23271039
17531	0.23324570
17532	0.23384209
17533	0.23449093
17534	0.23518263
17535	0.23590688
17536	0.23665273
17537	0.23740847
17538	0.23816207
17539	0.23890090
17540	0.23961221
17541	0.24028309
17542	0.24090084
17543	0.24145311
17544	0.24192828
17545	0.24231583
17546	0.24260668
17547	0.24279352
17548	0.24287124
17549	0.24283729
17550	0.24269180
17551	0.24243781
17552	0.24208115
17553	0.24163057
17554	0.24109727
17555	0.24049464
17556	0.23983788
17557	0.23914357
17558	0.23842911
17559	0.23771264
17560	0.23701239
17561	0.23634660
17562	0.23573332
17563	0.23519017
17564	0.23473436
17565	0.23438248
17566	0.23415028
17567	0.23405266
17568	0.23410317
17569	0.23431391
17570	0.23469478
17571	0.23525323
17572	0.23599344
17573	0.23691580
17574	0.23801625
17575	0.23928532
17576	0.24070787
17577	0.24226235
17578	0.24392077
17579	0.24564888
17580	0.24740660
17581	0.24914937
17582	0.25082985
17583	0.25239992
17584	0.25381362
17585	0.25502929
17586	0.25601241
17587	0.25673726
17588	0.25718862
17589	0.25736210
17590	0.25726375
17591	0.25690922
17592	0.25632241
17593	0.25553370
17594	0.25457901
17595	0.25349793
17596	0.25233343
17597	0.25113228
17598	0.24994516
17599	0.24882928
17600	0.24785022
17601	0.24708705
17602	0.24663757
17603	0.24662688
17604	0.24721944
17605	0.24863589
17606	0.25117812
17607	0.25526831
17608	0.26150745
17609	0.27077547
17610	0.28439656
17611	0.30444270
17612	0.33432376
17613	0.38006049
17614	0.45337212
17615	0.58064252
17616	0.83694822
17617	1.55864584
17618	NaN
17619	NaN
17620	NaN
17621	NaN
17622	NaN
17623	NaN
17624	NaN
17625	NaN
17626	NaN
17627	NaN
17628	NaN
17629	NaN
17630	NaN
17631	NaN
17632	NaN
17633	NaN
17634	NaN
17635	NaN
17636	NaN
17637	NaN
17638	NaN
17639	NaN
17640	NaN
17641	NaN
17642	NaN
17643	NaN
17644	NaN
17645	NaN
17646	NaN
17647	NaN
17648	NaN
17649	NaN
17650	NaN
17651	NaN
17652	NaN
17653	NaN
17654	NaN
17655	NaN
17656	NaN
17657	NaN
17658	NaN
17659	NaN
17660	NaN
17661	NaN
17662	NaN
17663	NaN
17664	NaN
17665	NaN
17666	NaN
17667	NaN
17668	NaN
17669	NaN
17670	NaN
17671	NaN
17672	NaN
17673	NaN
17674	NaN
17675	NaN
17676	NaN
17677	NaN
17678	NaN
17679	NaN
17680	NaN
17681	NaN
17682	NaN
17683	NaN
17684	NaN
17685	NaN
17686	NaN
17687	NaN
17688	NaN
17689	NaN
17690	NaN
17691	NaN
17692	NaN
17693	NaN
17694	NaN
17695	NaN
17696	NaN
17697	NaN
17698	NaN
17699	NaN
17700	NaN
17701	NaN
17702	NaN
17703	NaN
17704	NaN
17705	NaN
17706	NaN
17707	NaN
17708	NaN
17709	NaN
17710	NaN
17711	NaN
17712	NaN
17713	1.03085065
17714	0.62659538
17715	0.50755745
17716	0.45095229
17717	0.41809416
17718	0.39678782
17719	0.38196617
17720	0.37114468
17721	0.36296120
17722	0.35660613
17723	0.35156760
17724	0.34750637
17725	0.34418881
17726	0.34144911
17727	0.33916661
17728	0.33725202
17729	0.33563820
17730	0.33427420
17731	0.33312127
17732	0.33214986
17733	0.33133763
17734	0.33066788
17735	0.33012846
17736	0.32971084
17737	0.32940933
17738	0.32922038
17739	0.32914209
17740	0.32917345
17741	0.32931390
17742	0.32956269
17743	0.32991830
17744	0.33037776
17745	0.33093628
17746	0.33158648
17747	0.33231804
17748	0.33311740
17749	0.33396751
17750	0.33484793
17751	0.33573526
17752	0.33660343
17753	0.33742496
17754	0.33817196
17755	0.33881760
17756	0.33933774
17757	0.33971238
17758	0.33992738
17759	0.33997530
17760	0.33985639
17761	0.33957869
17762	0.33915767
17763	0.33861539
17764	0.33797920
17765	0.33728024
17766	0.33655164
17767	0.33582684
17768	0.33513823
17769	0.33451551
17770	0.33398491
17771	0.33356819
17772	0.33328229
17773	0.33313897
17774	0.33314475
17775	0.33330092
17776	0.33360392
17777	0.33404544
17778	0.33461279
17779	0.33528942
17780	0.33605519
17781	0.33688712
17782	0.33775982
17783	0.33864629
17784	0.33951876
17785	0.34034970
17786	0.34111270
17787	0.34178370
17788	0.34234187
17789	0.34277061
17790	0.34305820
17791	0.34319836
17792	0.34319049
17793	0.34303945
17794	0.34275523
17795	0.34235224
17796	0.34184867
17797	0.34126535
17798	0.34062472
17799	0.33995008
17800	0.33926442
17801	0.33858994
17802	0.33794695
17803	0.33735386
17804	0.33682638
17805	0.33637771
17806	0.33601815
17807	0.33575529
17808	0.33559403
17809	0.33553684
17810	0.33558387
17811	0.33573321
17812	0.33598104
17813	0.33632186
17814	0.33674869
17815	0.33725324
17816	0.33782610
17817	0.33845702
17818	0.33913505
17819	0.33984897
17820	0.34058753
17821	0.34133974
17822	0.34209526
17823	0.34284469
17824	0.34357986
17825	0.34429401
17826	0.34498194
17827	0.34563997
17828	0.34626591
17829	0.34685877
17830	0.34741864
17831	0.34794623
17832	0.34844261
17833	0.34890872
17834	0.34934527
17835	0.34975228
17836	0.35012907
17837	0.35047412
17838	0.35078493
17839	0.35105827
17840	0.35129029
17841	0.35147667
17842	0.35161284
17843	0.35169443
17844	0.35171753
17845	0.35167909
17846	0.35157725
17847	0.35141173
17848	0.35118422
17849	0.35089859
17850	0.35056117
17851	0.35018080
17852	0.34976885
17853	0.34933895
17854	0.34890682
17855	0.34848976
17856	0.34810624
17857	0.34777501
17858	0.34751487
17859	0.34734377
17860	0.34727824
17861	0.34733307
17862	0.34752059
17863	0.34785041
17864	0.34832907
17865	0.34895983
17866	0.34974238
17867	0.35067284
17868	0.35174355
17869	0.35294327
17870	0.35425687
17871	0.35566568
17872	0.35714754
17873	0.35867697
17874	0.36022553
17875	0.36176234
17876	0.36325455
17877	0.36466831
17878	0.36596957
17879	0.36712530
17880	0.36810473
17881	0.36888075
17882	0.36943111
17883	0.36973974
17884	0.36979795
17885	0.36960483
17886	0.36916795
17887	0.36850327
17888	0.36763465
17889	0.36659342
17890	0.36541697
17891	0.36414778
17892	0.36283201
17893	0.36151826
17894	0.36025611
17895	0.35909513
17896	0.35808375
17897	0.35726866
17898	0.35669386
17899	0.35640052
17900	0.35642618
17901	0.35680449
17902	0.35756469
17903	0.35873115
17904	0.36032236
17905	0.36235026
17906	0.36481896
17907	0.36772349
17908	0.37104860
17909	0.37476712
17910	0.37883934
17911	0.38321197
17912	0.38781849
17913	0.39257994
17914	0.39740714
17915	0.40220344
17916	0.40686935
17917	0.41130704
17918	0.41542596
17919	0.41914743
17920	0.42240936
17921	0.42516914
17922	0.42740527
17923	0.42911759
17924	0.43032604
17925	0.43106863
17926	0.43139818
17927	0.43137994
17928	0.43108884
17929	0.43060789
17930	0.43002686
17931	0.42944330
17932	0.42896336
17933	0.42870626
17934	0.42880845
17935	0.42943254
17936	0.43077871
17937	0.43310219
17938	0.43673858
17939	0.44214419
17940	0.44995788
17941	0.46110642
17942	0.47698447
17943	0.49978980
17944	0.53318793
17945	0.58376998
17946	0.66468906
17947	0.80652773
17948	1.10066128
17949	2.00094199
17950	NaN
17951	NaN
17952	NaN
17953	NaN
17954	NaN
17955	NaN
17956	NaN
17957	NaN
17958	NaN
17959	NaN
17960	NaN
17961	NaN
17962	NaN
17963	NaN
17964	NaN
17965	NaN
17966	NaN
17967	NaN
17968	NaN
17969	NaN
17970	NaN
17971	NaN
17972	NaN
17973	NaN
17974	NaN
17975	NaN
17976	NaN
17977	NaN
17978	NaN
17979	NaN
17980	NaN
17981	NaN
17982	NaN
17983	NaN
17984	NaN
17985	NaN
17986	NaN
17987	NaN
17988	NaN
17989	NaN
17990	NaN
17991	NaN
17992	NaN
17993	NaN
17994	NaN
17995	NaN
17996	NaN
17997	NaN
17998	NaN
17999	NaN
18000	NaN
18001	NaN
18002	NaN
18003	NaN
18004	NaN
18005	NaN
18006	NaN
18007	NaN
18008	NaN
18009	NaN
18010	NaN
18011	NaN
18012	NaN
18013	NaN
18014	NaN
18015	NaN
18016	NaN
18017	NaN
18018	NaN
18019	NaN
18020	NaN
18021	NaN
18022	NaN
18023	NaN
18024	NaN
18025	NaN
18026	NaN
18027	NaN
18028	NaN
18029	NaN
18030	NaN
18031	NaN
18032	NaN
18033	NaN
18034	NaN
18035	NaN
18036	NaN
18037	NaN
18038	NaN
18039	NaN
18040	NaN
18041	2.19029212
18042	0.63930362
18043	0.46579987
18044	0.39800411
18045	0.36143076
18046	0.33834729
18047	0.32236210
18048	0.31060350
18049	0.30158597
18050	0.29446161
18051	0.28870940
18052	0.28399009
18053	0.28007236
18054	0.27679256
18055	0.27403089
18056	0.27169779
18057	0.26972422
18058	0.26805627
18059	0.26665089
18060	0.26547328
18061	0.26449469
18062	0.26369113
18063	0.26304197
18064	0.26252946
18065	0.26213756
18066	0.26185197
18067	0.26165923
18068	0.26154673
18069	0.26150236
18070	0.26151431
18071	0.26157117
18072	0.26166180
18073	0.26177537
18074	0.26190156
18075	0.26203054
18076	0.26215333
18077	0.26226163
18078	0.26234815
18079	0.26240656
18080	0.26243168
18081	0.26241934
18082	0.26236653
18083	0.26227152
18084	0.26213369
18085	0.26195386
18086	0.26173413
18087	0.26147807
18088	0.26119083
18089	0.26087883
18090	0.26055008
18091	0.26021367
18092	0.25987959
18093	0.25955853
18094	0.25926131
18095	0.25899866
18096	0.25878063
18097	0.25861633
18098	0.25851348
18099	0.25847825
18100	0.25851509
18101	0.25862616
18102	0.25881171
18103	0.25906953
18104	0.25939506
18105	0.25978139
18106	0.26021922
18107	0.26069707
18108	0.26120141
18109	0.26171714
18110	0.26222795
18111	0.26271698
18112	0.26316744
18113	0.26356333
18114	0.26389018
18115	0.26413581
18116	0.26429087
18117	0.26434931
18118	0.26430872
18119	0.26417041
18120	0.26393914
18121	0.26362300
18122	0.26323271
18123	0.26278108
18124	0.26228240
18125	0.26175156
18126	0.26120356
18127	0.26065284
18128	0.26011294
18129	0.25959605
18130	0.25911272
18131	0.25867188
18132	0.25828061
18133	0.25794423
18134	0.25766635
18135	0.25744888
18136	0.25729227
18137	0.25719547
18138	0.25715631
18139	0.25717142
18140	0.25723654
18141	0.25734657
18142	0.25749591
18143	0.25767833
18144	0.25788745
18145	0.25811669
18146	0.25835949
18147	0.25860944
18148	0.25886053
18149	0.25910720
18150	0.25934437
18151	0.25956771
18152	0.25977352
18153	0.25995880
18154	0.26012132
18155	0.26025933
18156	0.26037174
18157	0.26045790
18158	0.26051748
18159	0.26055050
18160	0.26055717
18161	0.26053786
18162	0.26049307
18163	0.26042348
18164	0.26032993
18165	0.26021343
18166	0.26007524
18167	0.25991687
18168	0.25974014
18169	0.25954720
18170	0.25934047
18171	0.25912264
18172	0.25889671
18173	0.25866580
18174	0.25843313
18175	0.25820199
18176	0.25797558
18177	0.25775707
18178	0.25754943
18179	0.25735569
18180	0.25717854
18181	0.25702068
18182	0.25688472
18183	0.25677320
18184	0.25668871
18185	0.25663361
18186	0.25661033
18187	0.25662100
18188	0.25666770
18189	0.25675207
18190	0.25687540
18191	0.25703853
18192	0.25724170
18193	0.25748450
18194	0.25776580
18195	0.25808370
18196	0.25843546
18197	0.25881740
18198	0.25922510
18199	0.25965309
18200	0.26009509
18201	0.26054394
18202	0.26099166
18203	0.26142976
18204	0.26184908
18205	0.26224014
18206	0.26259339
18207	0.26289949
18208	0.26314956
18209	0.26333559
18210	0.26345062
18211	0.26348931
18212	0.26344791
18213	0.26332477
18214	0.26312023
18215	0.26283681
18216	0.26247913
18217	0.26205376
18218	0.26156902
18219	0.26103494
18220	0.26046258
18221	0.25986424
18222	0.25925264
18223	0.25864118
18224	0.25804329
18225	0.25747234
18226	0.25694132
18227	0.25646266
18228	0.25604805
18229	0.25570822
18230	0.25545245
18231	0.25528881
18232	0.25522345
18233	0.25526085
18234	0.25540310
18235	0.25565010
18236	0.25599912
18237	0.25644484
18238	0.25697923
18239	0.25759149
18240	0.25826848
18241	0.25899482
18242	0.25975356
18243	0.26052693
18244	0.26129711
18245	0.26204723
18246	0.26276249
18247	0.26343119
18248	0.26404545
18249	0.26460204
18250	0.26510280
18251	0.26555482
18252	0.26597065
18253	0.26636794
18254	0.26676938
18255	0.26720273
18256	0.26770031
18257	0.26830027
18258	0.26904604
18259	0.26998821
18260	0.27118564
18261	0.27270865
18262	0.27464247
18263	0.27709275
18264	0.28019291
18265	0.28411648
18266	0.28909284
18267	0.29543397
18268	0.30357301
18269	0.31413034
18270	0.32802200
18271	0.34665778
18272	0.37231737
18273	0.40894455
18274	0.46399820
18275	0.55353969
18276	0.71978307
18277	1.12155700
18278	3.34604979
18279	NaN
18280	NaN
18281	NaN
18282	NaN
18283	NaN
18284	NaN
18285	NaN
18286	NaN
18287	NaN
18288	NaN
18289	NaN
18290	NaN
18291	NaN
18292	NaN
18293	NaN
18294	NaN
18295	NaN
18296	NaN
18297	NaN
18298	NaN
18299	NaN
18300	NaN
18301	NaN
18302	NaN
18303	NaN
18304	NaN
18305	NaN
18306	NaN
18307	NaN
18308	NaN
18309	NaN
18310	NaN
18311	NaN
18312	NaN
18313	NaN
18314	NaN
18315	NaN
18316	NaN
18317	NaN
18318	NaN
18319	NaN
18320	NaN
18321	NaN
18322	NaN
18323	NaN
18324	NaN
18325	NaN
18326	NaN
18327	NaN
18328	NaN
18329	NaN
18330	NaN
18331	NaN
18332	NaN
18333	NaN
18334	NaN
18335	NaN
18336	NaN
18337	NaN
18338	NaN
18339	NaN
18340	NaN
18341	NaN
18342	NaN
18343	NaN
18344	NaN
18345	NaN
18346	NaN
18347	NaN
18348	NaN
18349	NaN
18350	NaN
18351	NaN
18352	NaN
18353	NaN
18354	NaN
18355	NaN
18356	NaN
18357	NaN
18358	NaN
18359	NaN
18360	NaN
18361	NaN
18362	NaN
18363	NaN
18364	NaN
18365	NaN
18366	NaN
18367	NaN
18368	NaN
18369	NaN
18370	NaN
18371	NaN
18372	NaN
18373	NaN
18374	NaN
18375	NaN
18376	1.01894200
18377	0.56398070
18378	0.44795367
18379	0.39516595
18380	0.36514375
18381	0.34587461
18382	0.33253101
18383	0.32279739
18384	0.31542447
18385	0.30967897
18386	0.30510235
18387	0.30139312
18388	0.29834509
18389	0.29581267
18390	0.29369044
18391	0.29190037
18392	0.29038379
18393	0.28909618
18394	0.28800333
18395	0.28707913
18396	0.28630343
18397	0.28566101
18398	0.28514028
18399	0.28473273
18400	0.28443223
18401	0.28423429
18402	0.28413576
18403	0.28413430
18404	0.28422788
18405	0.28441444
18406	0.28469130
18407	0.28505498
18408	0.28550035
18409	0.28602073
18410	0.28660709
18411	0.28724813
18412	0.28792986
18413	0.28863573
18414	0.28934690
18415	0.29004267
18416	0.29070106
18417	0.29129991
18418	0.29181784
18419	0.29223567
18420	0.29253736
18421	0.29271141
18422	0.29275155
18423	0.29265738
18424	0.29243454
18425	0.29209426
18426	0.29165286
18427	0.29113054
18428	0.29055041
18429	0.28993696
18430	0.28931493
18431	0.28870815
18432	0.28813851
18433	0.28762537
18434	0.28718492
18435	0.28682995
18436	0.28656965
18437	0.28640968
18438	0.28635216
18439	0.28639603
18440	0.28653702
18441	0.28676811
18442	0.28707966
18443	0.28745985
18444	0.28789490
18445	0.28836942
18446	0.28886697
18447	0.28937051
18448	0.28986278
18449	0.29032725
18450	0.29074851
18451	0.29111290
18452	0.29140919
18453	0.29162905
18454	0.29176727
18455	0.29182214
18456	0.29179513
18457	0.29169095
18458	0.29151696
18459	0.29128289
18460	0.29100004
18461	0.29068089
18462	0.29033828
18463	0.28998521
18464	0.28963417
18465	0.28929684
18466	0.28898397
18467	0.28870508
18468	0.28846857
18469	0.28828159
18470	0.28815007
18471	0.28807884
18472	0.28807166
18473	0.28813115
18474	0.28825894
18475	0.28845549
18476	0.28872028
18477	0.28905153
18478	0.28944650
18479	0.28990123
18480	0.29041079
18481	0.29096916
18482	0.29156971
18483	0.29220507
18484	0.29286748
18485	0.29354909
18486	0.29424205
18487	0.29493886
18488	0.29563245
18489	0.29631636
18490	0.29698482
18491	0.29763275
18492	0.29825565
18493	0.29884958
18494	0.29941109
18495	0.29993686
18496	0.30042383
18497	0.30086893
18498	0.30126911
18499	0.30162120
18500	0.30192193
18501	0.30216804
18502	0.30235636
18503	0.30248389
18504	0.30254808
18505	0.30254683
18506	0.30247891
18507	0.30234417
18508	0.30214372
18509	0.30188027
18510	0.30155829
18511	0.30118424
18512	0.30076671
18513	0.30031630
18514	0.29984573
18515	0.29936942
18516	0.29890323
18517	0.29846403
18518	0.29806918
18519	0.29773569
18520	0.29748008
18521	0.29731748
18522	0.29726130
18523	0.29732284
18524	0.29751101
18525	0.29783216
18526	0.29828987
18527	0.29888508
18528	0.29961589
18529	0.30047777
18530	0.30146345
18531	0.30256301
18532	0.30376396
18533	0.30505112
18534	0.30640694
18535	0.30781132
18536	0.30924180
18537	0.31067395
18538	0.31208137
18539	0.31343633
18540	0.31471047
18541	0.31587526
18542	0.31690332
18543	0.31776926
18544	0.31845087
18545	0.31893027
18546	0.31919506
18547	0.31923926
18548	0.31906357
18549	0.31867617
18550	0.31809223
18551	0.31733373
18552	0.31642878
18553	0.31541044
18554	0.31431594
18555	0.31318530
18556	0.31206033
18557	0.31098363
18558	0.30999759
18559	0.30914381
18560	0.30846253
18561	0.30799201
18562	0.30776852
18563	0.30782571
18564	0.30819443
18565	0.30890217
18566	0.30997267
18567	0.31142500
18568	0.31327268
18569	0.31552228
18570	0.31817240
18571	0.32121193
18572	0.32461888
18573	0.32835895
18574	0.33238512
18575	0.33663726
18576	0.34104347
18577	0.34552166
18578	0.34998292
18579	0.35433552
18580	0.35848969
18581	0.36236283
18582	0.36588416
18583	0.36899832
18584	0.37166882
18585	0.37387872
18586	0.37563089
18587	0.37694663
18588	0.37786382
18589	0.37843436
18590	0.37872216
18591	0.37880147
18592	0.37875596
18593	0.37867928
18594	0.37867719
18595	0.37887141
18596	0.37940705
18597	0.38046309
18598	0.38226980
18599	0.38513622
18600	0.38949439
18601	0.39597514
18602	0.40554124
18603	0.41974178
18604	0.44122958
18605	0.47493473
18606	0.53112662
18607	0.63518596
18608	0.87130427
18609	1.78572905
18610	NaN
18611	NaN
18612	NaN
18613	NaN
18614	NaN
18615	NaN
18616	NaN
18617	NaN
18618	NaN
18619	NaN
18620	NaN
18621	NaN
18622	NaN
18623	NaN
18624	NaN
18625	NaN
18626	NaN
18627	NaN
18628	NaN
18629	NaN
18630	NaN
18631	NaN
18632	NaN
18633	NaN
18634	NaN
18635	NaN
18636	NaN
18637	NaN
18638	NaN
18639	NaN
18640	NaN
18641	NaN
18642	NaN
18643	NaN
18644	NaN
18645	NaN
18646	NaN
18647	NaN
18648	NaN
18649	NaN
18650	NaN
18651	NaN
18652	NaN
18653	NaN
18654	NaN
18655	NaN
18656	NaN
18657	NaN
18658	NaN
18659	NaN
18660	NaN
18661	NaN
18662	NaN
18663	NaN
18664	NaN
18665	NaN
18666	NaN
18667	NaN
18668	NaN
18669	NaN
18670	NaN
18671	NaN
18672	NaN
18673	NaN
18674	NaN
18675	NaN
18676	NaN
18677	NaN
18678	NaN
18679	NaN
18680	NaN
18681	NaN
18682	NaN
18683	NaN
18684	NaN
18685	NaN
18686	NaN
18687	NaN
18688	NaN
18689	NaN
18690	NaN
18691	NaN
18692	NaN
18693	NaN
18694	NaN
18695	NaN
18696	NaN
18697	NaN
18698	NaN
18699	NaN
18700	NaN
18701	NaN
18702	NaN
18703	NaN
18704	NaN
18705	NaN
18706	NaN
18707	NaN
18708	NaN
18709	NaN
18710	0.93821770
18711	0.44823250
18712	0.33891299
18713	0.29104745
18714	0.26447639
18715	0.24783085
18716	0.23664150
18717	0.22878593
18718	0.22312148
18719	0.21897477
18720	0.21592093
18721	0.21367715
18722	0.21204722
18723	0.21089010
18724	0.21010175
18725	0.20960374
18726	0.20933585
18727	0.20925108
18728	0.20931235
18729	0.20949017
18730	0.20976053
18731	0.21010390
18732	0.21050382
18733	0.21094637
18734	0.21141939
18735	0.21191195
18736	0.21241392
18737	0.21291564
18738	0.21340783
18739	0.21388116
18740	0.21432646
18741	0.21473446
18742	0.21509613
18743	0.21540262
18744	0.21564561
18745	0.21581744
18746	0.21591152
18747	0.21592256
18748	0.21584706
18749	0.21568334
18750	0.21543212
18751	0.21509667
18752	0.21468295
18753	0.21419972
18754	0.21365856
18755	0.21307339
18756	0.21246032
18757	0.21183696
18758	0.21122175
18759	0.21063302
18760	0.21008831
18761	0.20960352
18762	0.20919222
18763	0.20886534
18764	0.20863076
18765	0.20849337
18766	0.20845519
18767	0.20851566
18768	0.20867208
18769	0.20891976
18770	0.20925258
18771	0.20966305
18772	0.21014255
18773	0.21068159
18774	0.21126944
18775	0.21189450
18776	0.21254405
18777	0.21320443
18778	0.21386109
18779	0.21449883
18780	0.21510209
18781	0.21565552
18782	0.21614443
18783	0.21655557
18784	0.21687749
18785	0.21710156
18786	0.21722211
18787	0.21723689
18788	0.21714732
18789	0.21695818
18790	0.21667747
18791	0.21631582
18792	0.21588574
18793	0.21540110
18794	0.21487620
18795	0.21432514
18796	0.21376121
18797	0.21319655
18798	0.21264160
18799	0.21210532
18800	0.21159485
18801	0.21111581
18802	0.21067245
18803	0.21026795
18804	0.20990458
18805	0.20958403
18806	0.20930746
18807	0.20907591
18808	0.20889020
18809	0.20875089
18810	0.20865841
18811	0.20861278
18812	0.20861366
18813	0.20865999
18814	0.20875004
18815	0.20888114
18816	0.20904976
18817	0.20925140
18818	0.20948073
18819	0.20973165
18820	0.20999748
18821	0.21027121
18822	0.21054563
18823	0.21081363
18824	0.21106838
18825	0.21130340
18826	0.21151286
18827	0.21169150
18828	0.21183476
18829	0.21193877
18830	0.21200040
18831	0.21201722
18832	0.21198757
18833	0.21191059
18834	0.21178626
18835	0.21161550
18836	0.21140026
18837	0.21114354
18838	0.21084946
18839	0.21052335
18840	0.21017161
18841	0.20980167
18842	0.20942192
18843	0.20904133
18844	0.20866938
18845	0.20831560
18846	0.20798929
18847	0.20769924
18848	0.20745324
18849	0.20725790
18850	0.20711839
18851	0.20703839
18852	0.20701987
18853	0.20706318
18854	0.20716725
18855	0.20732954
18856	0.20754646
18857	0.20781347
18858	0.20812535
18859	0.20847636
18860	0.20886050
18861	0.20927149
18862	0.20970307
18863	0.21014889
18864	0.21060255
18865	0.21105759
18866	0.21150759
18867	0.21194588
18868	0.21236561
18869	0.21275987
18870	0.21312147
18871	0.21344322
18872	0.21371782
18873	0.21393816
18874	0.21409743
18875	0.21418931
18876	0.21420845
18877	0.21415058
18878	0.21401280
18879	0.21379407
18880	0.21349514
18881	0.21311888
18882	0.21267019
18883	0.21215594
18884	0.21158469
18885	0.21096650
18886	0.21031243
18887	0.20963429
18888	0.20894416
18889	0.20825416
18890	0.20757625
18891	0.20692205
18892	0.20630293
18893	0.20572990
18894	0.20521392
18895	0.20476589
18896	0.20439704
18897	0.20411894
18898	0.20394371
18899	0.20388407
18900	0.20395321
18901	0.20416500
18902	0.20453326
18903	0.20507152
18904	0.20579243
18905	0.20670681
18906	0.20782271
18907	0.20914397
18908	0.21066919
18909	0.21239007
18910	0.21429037
18911	0.21634540
18912	0.21852142
18913	0.22077678
18914	0.22306344
18915	0.22532965
18916	0.22752309
18917	0.22959447
18918	0.23150061
18919	0.23320735
18920	0.23469083
18921	0.23593846
18922	0.23694754
18923	0.23772457
18924	0.23828314
18925	0.23864259
18926	0.23882569
18927	0.23885834
18928	0.23876868
18929	0.23858775
18930	0.23835085
18931	0.23810048
18932	0.23789100
18933	0.23779820
18934	0.23793283
18935	0.23846926
18936	0.23969841
18937	0.24213935
18938	0.24680409
18939	0.25592169
18940	0.27544358
18941	0.32787022
18942	0.63518196
18943	NaN
18944	NaN
18945	NaN
18946	NaN
18947	NaN
18948	NaN
18949	NaN
18950	NaN
18951	NaN
18952	NaN
18953	NaN
18954	NaN
18955	NaN
18956	NaN
18957	NaN
18958	NaN
18959	NaN
18960	NaN
18961	NaN
18962	NaN
18963	NaN
18964	NaN
18965	NaN
18966	NaN
18967	NaN
18968	NaN
18969	NaN
18970	NaN
18971	NaN
18972	NaN
18973	NaN
18974	NaN
18975	NaN
18976	NaN
18977	NaN
18978	NaN
18979	NaN
18980	NaN
18981	NaN
18982	NaN
18983	NaN
18984	NaN
18985	NaN
18986	NaN
18987	NaN
18988	NaN
18989	NaN
18990	NaN
18991	NaN
18992	NaN
18993	NaN
18994	NaN
18995	NaN
18996	NaN
18997	NaN
18998	NaN
18999	NaN
19000	NaN
19001	NaN
19002	NaN
19003	NaN
19004	NaN
19005	NaN
19006	NaN
19007	NaN
19008	NaN
19009	NaN
19010	NaN
19011	NaN
19012	NaN
19013	NaN
19014	NaN
19015	NaN
19016	NaN
19017	NaN
19018	NaN
19019	NaN
19020	NaN
19021	NaN
19022	NaN
19023	NaN
19024	NaN
19025	NaN
19026	NaN
19027	NaN
19028	NaN
19029	NaN
19030	NaN
19031	NaN
19032	NaN
19033	NaN
19034	NaN
19035	NaN
19036	NaN
19037	NaN
19038	NaN
19039	NaN
19040	NaN
19041	NaN
19042	NaN
19043	NaN
19044	NaN
19045	NaN
19046	NaN
19047	NaN
19048	NaN
19049	0.75175720
19050	0.46290046
19051	0.37713915
19052	0.33637771
19053	0.31282592
19054	0.29768014
19055	0.28727090
19056	0.27979442
19057	0.27425921
19058	0.27007437
19059	0.26686519
19060	0.26438224
19061	0.26245290
19062	0.26095361
19063	0.25979379
19064	0.25890523
19065	0.25823590
19066	0.25774533
19067	0.25740176
19068	0.25718030
19069	0.25706109
19070	0.25702858
19071	0.25707066
19072	0.25717795
19073	0.25734353
19074	0.25756231
19075	0.25783059
19076	0.25814593
19077	0.25850636
19078	0.25891024
19079	0.25935569
19080	0.25984019
19081	0.26036003
19082	0.26091018
19083	0.26148358
19084	0.26207116
19085	0.26266149
19086	0.26324105
19087	0.26379415
19088	0.26430368
19089	0.26475161
19090	0.26511997
19091	0.26539204
19092	0.26555344
19093	0.26559341
19094	0.26550594
19095	0.26529047
19096	0.26495242
19097	0.26450318
19098	0.26395953
19099	0.26334289
19100	0.26267776
19101	0.26199064
19102	0.26130825
19103	0.26065639
19104	0.26005855
19105	0.25953531
19106	0.25910348
19107	0.25877604
19108	0.25856200
19109	0.25846636
19110	0.25849074
19111	0.25863335
19112	0.25888944
19113	0.25925177
19114	0.25971064
19115	0.26025441
19116	0.26086959
19117	0.26154110
19118	0.26225260
19119	0.26298678
19120	0.26372567
19121	0.26445124
19122	0.26514578
19123	0.26579261
19124	0.26637667
19125	0.26688507
19126	0.26730764
19127	0.26763725
19128	0.26787028
19129	0.26800635
19130	0.26804847
19131	0.26800257
19132	0.26787725
19133	0.26768312
19134	0.26743224
19135	0.26713780
19136	0.26681319
19137	0.26647183
19138	0.26612675
19139	0.26579019
19140	0.26547340
19141	0.26518667
19142	0.26493904
19143	0.26473844
19144	0.26459157
19145	0.26450402
19146	0.26448023
19147	0.26452354
19148	0.26463598
19149	0.26481867
19150	0.26507127
19151	0.26539242
19152	0.26577935
19153	0.26622817
19154	0.26673380
19155	0.26729009
19156	0.26789007
19157	0.26852593
19158	0.26918945
19159	0.26987222
19160	0.27056584
19161	0.27126220
19162	0.27195376
19163	0.27263358
19164	0.27329564
19165	0.27393463
19166	0.27454606
19167	0.27512622
19168	0.27567175
19169	0.27617985
19170	0.27664796
19171	0.27707350
19172	0.27745402
19173	0.27778694
19174	0.27806965
19175	0.27829948
19176	0.27847388
19177	0.27859047
19178	0.27864727
19179	0.27864286
19180	0.27857679
19181	0.27844968
19182	0.27826357
19183	0.27802226
19184	0.27773130
19185	0.27739829
19186	0.27703288
19187	0.27664661
19188	0.27625284
19189	0.27586612
19190	0.27550191
19191	0.27517611
19192	0.27490449
19193	0.27470183
19194	0.27458185
19195	0.27455664
19196	0.27463618
19197	0.27482837
19198	0.27513874
19199	0.27557039
19200	0.27612415
19201	0.27679831
19202	0.27758896
19203	0.27848989
19204	0.27949250
19205	0.28058597
19206	0.28175718
19207	0.28299069
19208	0.28426874
19209	0.28557134
19210	0.28687632
19211	0.28815970
19212	0.28939593
19213	0.29055858
19214	0.29162091
19215	0.29255715
19216	0.29334313
19217	0.29395759
19218	0.29438332
19219	0.29460821
19220	0.29462591
19221	0.29443648
19222	0.29404658
19223	0.29346934
19224	0.29272392
19225	0.29183486
19226	0.29083088
19227	0.28974420
19228	0.28860918
19229	0.28746143
19230	0.28633684
19231	0.28527075
19232	0.28429747
19233	0.28344950
19234	0.28275749
19235	0.28224978
19236	0.28195214
19237	0.28188765
19238	0.28207630
19239	0.28253475
19240	0.28327587
19241	0.28430805
19242	0.28563452
19243	0.28725255
19244	0.28915262
19245	0.29131764
19246	0.29372230
19247	0.29633281
19248	0.29910713
19249	0.30199584
19250	0.30494320
19251	0.30788970
19252	0.31077412
19253	0.31353658
19254	0.31612137
19255	0.31847963
19256	0.32057130
19257	0.32236668
19258	0.32384679
19259	0.32500395
19260	0.32584038
19261	0.32636723
19262	0.32660311
19263	0.32657281
19264	0.32630536
19265	0.32583353
19266	0.32519233
19267	0.32441911
19268	0.32355371
19269	0.32263878
19270	0.32172152
19271	0.32085505
19272	0.32010180
19273	0.31953603
19274	0.31924930
19275	0.31935489
19276	0.31999445
19277	0.32134509
19278	0.32362780
19279	0.32711709
19280	0.33215076
19281	0.33914116
19282	0.34859127
19283	0.36111450
19284	0.37747270
19285	0.39863786
19286	0.42591405
19287	0.46116659
19288	0.50726217
19289	0.56897569
19290	0.65500355
19291	0.78304696
19292	0.99529868
19293	1.42230296
19294	2.76321030
19295	NaN
19296	NaN
19297	NaN
19298	NaN
19299	NaN
19300	NaN
19301	NaN
19302	NaN
19303	NaN
19304	NaN
19305	NaN
19306	NaN
19307	NaN
19308	NaN
19309	NaN
19310	NaN
19311	NaN
19312	NaN
19313	NaN
19314	NaN
19315	NaN
19316	NaN
19317	NaN
19318	NaN
19319	NaN
19320	NaN
19321	NaN
19322	NaN
19323	NaN
19324	NaN
19325	NaN
19326	NaN
19327	NaN
19328	NaN
19329	NaN
19330	NaN
19331	NaN
19332	NaN
19333	NaN
19334	NaN
19335	NaN
19336	NaN
19337	NaN
19338	NaN
19339	NaN
19340	NaN
19341	NaN
19342	NaN
19343	NaN
19344	NaN
19345	NaN
19346	NaN
19347	NaN
19348	NaN
19349	NaN
19350	NaN
19351	NaN
19352	NaN
19353	NaN
19354	NaN
19355	NaN
19356	NaN
19357	NaN
19358	NaN
19359	NaN
19360	NaN
19361	NaN
19362	NaN
19363	NaN
19364	NaN
19365	NaN
19366	NaN
19367	NaN
19368	NaN
19369	NaN
19370	NaN
19371	NaN
19372	0.48260993
19373	0.28014743
19374	0.25515595
19375	0.24449503
19376	0.23810510
19377	0.23357984
19378	0.23005331
19379	0.22713852
19380	0.22463697
19381	0.22243619
19382	0.22046773
19383	0.21868733
19384	0.21706474
19385	0.21557859
19386	0.21421282
19387	0.21295525
19388	0.21179591
19389	0.21072657
19390	0.20974007
19391	0.20882998
19392	0.20799041
19393	0.20721570
19394	0.20650029
19395	0.20583871
19396	0.20522533
19397	0.20465463
19398	0.20412089
19399	0.20361845
19400	0.20314193
19401	0.20268612
19402	0.20224649
19403	0.20181926
19404	0.20140170
19405	0.20099238
19406	0.20059136
19407	0.20020020
19408	0.19982213
19409	0.19946168
19410	0.19912471
19411	0.19881786
19412	0.19854839
19413	0.19832352
19414	0.19815010
19415	0.19803414
19416	0.19798039
19417	0.19799212
19418	0.19807081
19419	0.19821623
19420	0.19842632
19421	0.19869746
19422	0.19902465
19423	0.19940174
19424	0.19982170
19425	0.20027691
19426	0.20075953
19427	0.20126146
19428	0.20177464
19429	0.20229125
19430	0.20280351
19431	0.20330392
19432	0.20378520
19433	0.20424017
19434	0.20466188
19435	0.20504346
19436	0.20537834
19437	0.20566000
19438	0.20588250
19439	0.20604040
19440	0.20612898
19441	0.20614478
19442	0.20608564
19443	0.20595118
19444	0.20574301
19445	0.20546485
19446	0.20512275
19447	0.20472480
19448	0.20428106
19449	0.20380317
19450	0.20330383
19451	0.20279635
19452	0.20229407
19453	0.20180956
19454	0.20135447
19455	0.20093885
19456	0.20057097
19457	0.20025709
19458	0.20000143
19459	0.19980620
19460	0.19967172
19461	0.19959669
19462	0.19957830
19463	0.19961257
19464	0.19969459
19465	0.19981869
19466	0.19997881
19467	0.20016858
19468	0.20038153
19469	0.20061117
19470	0.20085123
19471	0.20109577
19472	0.20133913
19473	0.20157607
19474	0.20180193
19475	0.20201263
19476	0.20220472
19477	0.20237537
19478	0.20252253
19479	0.20264487
19480	0.20274170
19481	0.20281303
19482	0.20285951
19483	0.20288229
19484	0.20288301
19485	0.20286363
19486	0.20282643
19487	0.20277384
19488	0.20270830
19489	0.20263237
19490	0.20254847
19491	0.20245901
19492	0.20236622
19493	0.20227227
19494	0.20217921
19495	0.20208913
19496	0.20200397
19497	0.20192574
19498	0.20185645
19499	0.20179814
19500	0.20175274
19501	0.20172215
19502	0.20170797
19503	0.20171154
19504	0.20173372
19505	0.20177481
19506	0.20183448
19507	0.20191172
19508	0.20200472
19509	0.20211108
19510	0.20222779
19511	0.20235130
19512	0.20247783
19513	0.20260333
19514	0.20272391
19515	0.20283578
19516	0.20293558
19517	0.20302036
19518	0.20308778
19519	0.20313613
19520	0.20316444
19521	0.20317237
19522	0.20316027
19523	0.20312920
19524	0.20308077
19525	0.20301726
19526	0.20294136
19527	0.20285624
19528	0.20276538
19529	0.20267242
19530	0.20258121
19531	0.20249547
19532	0.20241879
19533	0.20235439
19534	0.20230514
19535	0.20227335
19536	0.20226078
19537	0.20226841
19538	0.20229664
19539	0.20234509
19540	0.20241272
19541	0.20249780
19542	0.20259793
19543	0.20271017
19544	0.20283106
19545	0.20295675
19546	0.20308301
19547	0.20320550
19548	0.20331983
19549	0.20342176
19550	0.20350733
19551	0.20357302
19552	0.20361601
19553	0.20363414
19554	0.20362635
19555	0.20359245
19556	0.20353335
19557	0.20345113
19558	0.20334886
19559	0.20323072
19560	0.20310168
19561	0.20296735
19562	0.20283389
19563	0.20270762
19564	0.20259473
19565	0.20250107
19566	0.20243195
19567	0.20239176
19568	0.20238401
19569	0.20241114
19570	0.20247455
19571	0.20257446
19572	0.20271032
19573	0.20288061
19574	0.20308338
19575	0.20331615
19576	0.20357619
19577	0.20386074
19578	0.20416699
19579	0.20449238
19580	0.20483424
19581	0.20519018
19582	0.20555791
19583	0.20593509
19584	0.20631984
19585	0.20671020
19586	0.20710455
19587	0.20750166
19588	0.20790114
19589	0.20830370
19590	0.20871130
19591	0.20912780
19592	0.20955963
19593	0.21001655
19594	0.21051231
19595	0.21106568
19596	0.21170217
19597	0.21245487
19598	0.21336694
19599	0.21449374
19600	0.21590520
19601	0.21768925
19602	0.21995665
19603	0.22284669
19604	0.22653642
19605	0.23125421
19606	0.23730348
19607	0.24510121
19608	0.25525010
19609	0.26866645
19610	0.28684503
19611	0.31242406
19612	0.35058203
19613	0.41308761
19614	0.53370553
19615	0.86450684
19616	NaN
19617	NaN
19618	NaN
19619	NaN
19620	NaN
19621	NaN
19622	NaN
19623	NaN
19624	NaN
19625	NaN
19626	NaN
19627	NaN
19628	NaN
19629	NaN
19630	NaN
19631	NaN
19632	NaN
19633	NaN
19634	NaN
19635	NaN
19636	NaN
19637	NaN
19638	NaN
19639	NaN
19640	NaN
19641	NaN
19642	NaN
19643	NaN
19644	NaN
19645	NaN
19646	NaN
19647	NaN
19648	NaN
19649	NaN
19650	NaN
19651	NaN
19652	NaN
19653	NaN
19654	NaN
19655	NaN
19656	NaN
19657	NaN
19658	NaN
19659	NaN
19660	NaN
19661	NaN
19662	NaN
19663	NaN
19664	NaN
19665	NaN
19666	NaN
19667	NaN
19668	NaN
19669	NaN
19670	NaN
19671	NaN
19672	NaN
19673	NaN
19674	NaN
19675	NaN
19676	NaN
19677	NaN
19678	NaN
19679	NaN
19680	NaN
19681	NaN
19682	NaN
19683	NaN
19684	NaN
19685	NaN
19686	NaN
19687	NaN
19688	NaN
19689	NaN
19690	NaN
19691	NaN
19692	NaN
19693	NaN
19694	NaN
19695	NaN
19696	NaN
19697	1.38767314
19698	0.46985078
19699	0.36951050
19700	0.33077472
19701	0.31011167
19702	0.29719713
19703	0.28832307
19704	0.28183070
19705	0.27686656
19706	0.27294666
19707	0.26977554
19708	0.26716220
19709	0.26497716
19710	0.26312912
19711	0.26155180
19712	0.26019534
19713	0.25902164
19714	0.25800103
19715	0.25711003
19716	0.25633001
19717	0.25564635
19718	0.25504750
19719	0.25452459
19720	0.25407100
19721	0.25368214
19722	0.25335509
19723	0.25308827
19724	0.25288126
19725	0.25273451
19726	0.25264898
19727	0.25262594
19728	0.25266647
19729	0.25277123
19730	0.25294000
19731	0.25317135
19732	0.25346226
19733	0.25380790
19734	0.25420129
19735	0.25463337
19736	0.25509295
19737	0.25556716
19738	0.25604168
19739	0.25650144
19740	0.25693142
19741	0.25731742
19742	0.25764713
19743	0.25791049
19744	0.25810090
19745	0.25821504
19746	0.25825354
19747	0.25822052
19748	0.25812328
19749	0.25797173
19750	0.25777778
19751	0.25755420
19752	0.25731426
19753	0.25707084
19754	0.25683579
19755	0.25661966
19756	0.25643146
19757	0.25627828
19758	0.25616556
19759	0.25609696
19760	0.25607449
19761	0.25609881
19762	0.25616929
19763	0.25628418
19764	0.25644070
19765	0.25663525
19766	0.25686353
19767	0.25712037
19768	0.25740004
19769	0.25769624
19770	0.25800222
19771	0.25831088
19772	0.25861499
19773	0.25890744
19774	0.25918153
19775	0.25943109
19776	0.25965098
19777	0.25983718
19778	0.25998700
19779	0.26009905
19780	0.26017356
19781	0.26021200
19782	0.26021707
19783	0.26019242
19784	0.26014251
19785	0.26007235
19786	0.25998721
19787	0.25989234
19788	0.25979304
19789	0.25969431
19790	0.25960088
19791	0.25951722
19792	0.25944740
19793	0.25939539
19794	0.25936484
19795	0.25935924
19796	0.25938195
19797	0.25943616
19798	0.25952488
19799	0.25965077
19800	0.25981617
19801	0.26002288
19802	0.26027215
19803	0.26056427
19804	0.26089880
19805	0.26127431
19806	0.26168832
19807	0.26213756
19808	0.26261774
19809	0.26312399
19810	0.26365083
19811	0.26419246
19812	0.26474258
19813	0.26529497
19814	0.26584327
19815	0.26638120
19816	0.26690248
19817	0.26740095
19818	0.26787049
19819	0.26830524
19820	0.26869932
19821	0.26904714
19822	0.26934332
19823	0.26958287
19824	0.26976138
19825	0.26987514
19826	0.26992139
19827	0.26989850
19828	0.26980630
19829	0.26964629
19830	0.26942170
19831	0.26913780
19832	0.26880190
19833	0.26842335
19834	0.26801351
19835	0.26758543
19836	0.26715368
19837	0.26673386
19838	0.26634216
19839	0.26599488
19840	0.26570776
19841	0.26549563
19842	0.26537180
19843	0.26534769
19844	0.26543260
19845	0.26563334
19846	0.26595417
19847	0.26639676
19848	0.26696020
19849	0.26764101
19850	0.26843324
19851	0.26932868
19852	0.27031684
19853	0.27138510
19854	0.27251881
19855	0.27370167
19856	0.27491537
19857	0.27614033
19858	0.27735558
19859	0.27853939
19860	0.27966931
19861	0.28072307
19862	0.28167883
19863	0.28251600
19864	0.28321594
19865	0.28376266
19866	0.28414348
19867	0.28434974
19868	0.28437722
19869	0.28422678
19870	0.28390419
19871	0.28342044
19872	0.28279150
19873	0.28203771
19874	0.28118366
19875	0.28025725
19876	0.27928907
19877	0.27831158
19878	0.27735841
19879	0.27646351
19880	0.27566046
19881	0.27498189
19882	0.27445891
19883	0.27412054
19884	0.27399337
19885	0.27410117
19886	0.27446440
19887	0.27509990
19888	0.27602041
19889	0.27723384
19890	0.27874297
19891	0.28054449
19892	0.28262857
19893	0.28497809
19894	0.28756836
19895	0.29036674
19896	0.29333276
19897	0.29641870
19898	0.29957077
19899	0.30273047
19900	0.30583659
19901	0.30882779
19902	0.31164476
19903	0.31423345
19904	0.31654677
19905	0.31854710
19906	0.32020751
19907	0.32151294
19908	0.32246026
19909	0.32305849
19910	0.32332736
19911	0.32329744
19912	0.32300839
19913	0.32250911
19914	0.32185635
19915	0.32111579
19916	0.32036236
19917	0.31968242
19918	0.31917658
19919	0.31896454
19920	0.31919047
19921	0.32003295
19922	0.32171574
19923	0.32452554
19924	0.32883373
19925	0.33513016
19926	0.34406918
19927	0.35654205
19928	0.37378705
19929	0.39757243
19930	0.43051311
19931	0.47666270
19932	0.54271019
19933	0.64066857
19934	0.79479063
19935	1.06322026
19936	1.63102686
19937	3.58254766
19938	NaN
19939	NaN
19940	NaN
19941	NaN
19942	NaN
19943	NaN
19944	NaN
19945	NaN
19946	NaN
19947	NaN
19948	NaN
19949	NaN
19950	NaN
19951	NaN
19952	NaN
19953	NaN
19954	NaN
19955	NaN
19956	NaN
19957	NaN
19958	NaN
19959	NaN
19960	NaN
19961	NaN
19962	NaN
19963	NaN
19964	NaN
19965	NaN
19966	NaN
19967	NaN
19968	NaN
19969	NaN
19970	NaN
19971	NaN
19972	NaN
19973	NaN
19974	NaN
19975	NaN
19976	NaN
19977	NaN
19978	NaN
19979	NaN
19980	NaN
19981	NaN
19982	NaN
19983	NaN
19984	NaN
19985	NaN
19986	NaN
19987	NaN
19988	NaN
19989	NaN
19990	NaN
19991	NaN
19992	NaN
19993	NaN
19994	NaN
19995	NaN
19996	NaN
19997	NaN
19998	NaN
19999	NaN
20000	NaN
20001	NaN
20002	NaN
20003	NaN
20004	NaN
20005	NaN
20006	NaN
20007	NaN
20008	NaN
20009	NaN
20010	NaN
20011	NaN
20012	NaN
20013	NaN
20014	NaN
20015	NaN
20016	NaN
20017	NaN
20018	NaN
20019	NaN
20020	NaN
20021	NaN
20022	NaN
20023	NaN
20024	NaN
20025	NaN
20026	0.72786689
20027	0.39035270
20028	0.31086794
20029	0.27493614
20030	0.25432980
20031	0.24095124
20032	0.23159634
20033	0.22473796
20034	0.21955213
20035	0.21555212
20036	0.21243040
20037	0.20998120
20038	0.20806077
20039	0.20656478
20040	0.20541514
20041	0.20455194
20042	0.20392790
20043	0.20350526
20044	0.20325319
20045	0.20314616
20046	0.20316266
20047	0.20328429
20048	0.20349503
20049	0.20378067
20050	0.20412821
20051	0.20452572
20052	0.20496194
20053	0.20542592
20054	0.20590711
20055	0.20639513
20056	0.20687979
20057	0.20735118
20058	0.20779970
20059	0.20821624
20060	0.20859250
20061	0.20892105
20062	0.20919557
20063	0.20941111
20064	0.20956430
20065	0.20965359
20066	0.20967923
20067	0.20964350
20068	0.20955068
20069	0.20940700
20070	0.20922048
20071	0.20900071
20072	0.20875861
20073	0.20850599
20074	0.20825523
20075	0.20801878
20076	0.20780872
20077	0.20763637
20078	0.20751187
20079	0.20744388
20080	0.20743941
20081	0.20750356
20082	0.20763962
20083	0.20784888
20084	0.20813076
20085	0.20848298
20086	0.20890130
20087	0.20937979
20088	0.20991096
20089	0.21048552
20090	0.21109274
20091	0.21172044
20092	0.21235523
20093	0.21298280
20094	0.21358822
20095	0.21415666
20096	0.21467361
20097	0.21512575
20098	0.21550153
20099	0.21579160
20100	0.21598947
20101	0.21609172
20102	0.21609822
20103	0.21601205
20104	0.21583927
20105	0.21558850
20106	0.21527039
20107	0.21489702
20108	0.21448126
20109	0.21403623
20110	0.21357474
20111	0.21310893
20112	0.21264994
20113	0.21220782
20114	0.21179134
20115	0.21140793
20116	0.21106389
20117	0.21076430
20118	0.21051316
20119	0.21031351
20120	0.21016757
20121	0.21007672
20122	0.21004170
20123	0.21006256
20124	0.21013875
20125	0.21026906
20126	0.21045174
20127	0.21068433
20128	0.21096368
20129	0.21128605
20130	0.21164688
20131	0.21204092
20132	0.21246225
20133	0.21290426
20134	0.21335989
20135	0.21382168
20136	0.21428193
20137	0.21473289
20138	0.21516697
20139	0.21557698
20140	0.21595612
20141	0.21629825
20142	0.21659796
20143	0.21685061
20144	0.21705242
20145	0.21720055
20146	0.21729314
20147	0.21732932
20148	0.21730934
20149	0.21723457
20150	0.21710762
20151	0.21693222
20152	0.21671344
20153	0.21645744
20154	0.21617153
20155	0.21586388
20156	0.21554345
20157	0.21521965
20158	0.21490209
20159	0.21460031
20160	0.21432339
20161	0.21407965
20162	0.21387638
20163	0.21371974
20164	0.21361434
20165	0.21356338
20166	0.21356848
20167	0.21362975
20168	0.21374597
20169	0.21391468
20170	0.21413234
20171	0.21439458
20172	0.21469644
20173	0.21503253
20174	0.21539722
20175	0.21578486
20176	0.21618982
20177	0.21660660
20178	0.21703005
20179	0.21745506
20180	0.21787697
20181	0.21829119
20182	0.21869335
20183	0.21907932
20184	0.21944502
20185	0.21978666
20186	0.22010055
20187	0.22038330
20188	0.22063182
20189	0.22084342
20190	0.22101587
20191	0.22114754
20192	0.22123733
20193	0.22128496
20194	0.22129072
20195	0.22125572
20196	0.22118171
20197	0.22107114
20198	0.22092710
20199	0.22075325
20200	0.22055376
20201	0.22033328
20202	0.22009692
20203	0.21985026
20204	0.21959926
20205	0.21935031
20206	0.21911015
20207	0.21888597
20208	0.21868542
20209	0.21851638
20210	0.21838723
20211	0.21830648
20212	0.21828292
20213	0.21832527
20214	0.21844210
20215	0.21864159
20216	0.21893123
20217	0.21931747
20218	0.21980564
20219	0.22039914
20220	0.22109947
20221	0.22190551
20222	0.22281344
20223	0.22381632
20224	0.22490385
20225	0.22606251
20226	0.22727576
20227	0.22852455
20228	0.22978805
20229	0.23104456
20230	0.23227285
20231	0.23345320
20232	0.23456883
20233	0.23560651
20234	0.23655751
20235	0.23741770
20236	0.23818760
20237	0.23887193
20238	0.23947896
20239	0.24001977
20240	0.24050759
20241	0.24095714
20242	0.24138477
20243	0.24180783
20244	0.24224550
20245	0.24271971
20246	0.24325615
20247	0.24388702
20248	0.24465337
20249	0.24560937
20250	0.24682832
20251	0.24841161
20252	0.25050241
20253	0.25330481
20254	0.25711825
20255	0.26239452
20256	0.26983806
20257	0.28059554
20258	0.29664898
20259	0.32171553
20260	0.36364692
20261	0.44235447
20262	0.62762845
20263	1.46052110
20264	NaN
20265	NaN
20266	NaN
20267	NaN
20268	NaN
20269	NaN
20270	NaN
20271	NaN
20272	NaN
20273	NaN
20274	NaN
20275	NaN
20276	NaN
20277	NaN
20278	NaN
20279	NaN
20280	NaN
20281	NaN
20282	NaN
20283	NaN
20284	NaN
20285	NaN
20286	NaN
20287	NaN
20288	NaN
20289	NaN
20290	NaN
20291	NaN
20292	NaN
20293	NaN
20294	NaN
20295	NaN
20296	NaN
20297	NaN
20298	NaN
20299	NaN
20300	NaN
20301	NaN
20302	NaN
20303	NaN
20304	NaN
20305	NaN
20306	NaN
20307	NaN
20308	NaN
20309	NaN
20310	NaN
20311	NaN
20312	NaN
20313	NaN
20314	NaN
20315	NaN
20316	NaN
20317	NaN
20318	NaN
20319	NaN
20320	NaN
20321	NaN
20322	NaN
20323	NaN
20324	NaN
20325	NaN
20326	NaN
20327	NaN
20328	NaN
20329	NaN
20330	NaN
20331	NaN
20332	NaN
20333	NaN
20334	NaN
20335	NaN
20336	NaN
20337	NaN
20338	NaN
20339	NaN
20340	NaN
20341	NaN
20342	NaN
20343	NaN
20344	NaN
20345	NaN
20346	NaN
20347	NaN
20348	NaN
20349	NaN
20350	NaN
20351	NaN
20352	NaN
20353	NaN
20354	NaN
20355	NaN
20356	NaN
20357	1.19017398
20358	0.61486059
20359	0.48366192
20360	0.42558047
20361	0.39285192
20362	0.37188378
20363	0.35733211
20364	0.34666845
20365	0.33854115
20366	0.33216172
20367	0.32703921
20368	0.32285154
20369	0.31937891
20370	0.31646585
20371	0.31399956
20372	0.31189632
20373	0.31009290
20374	0.30854082
20375	0.30720294
20376	0.30605039
20377	0.30506104
20378	0.30421802
20379	0.30350864
20380	0.30292365
20381	0.30245653
20382	0.30210277
20383	0.30185944
20384	0.30172449
20385	0.30169636
20386	0.30177325
20387	0.30195272
20388	0.30223098
20389	0.30260271
20390	0.30306017
20391	0.30359310
20392	0.30418843
20393	0.30483010
20394	0.30549932
20395	0.30617490
20396	0.30683383
20397	0.30745226
20398	0.30800661
20399	0.30847490
20400	0.30883798
20401	0.30908093
20402	0.30919394
20403	0.30917335
20404	0.30902165
20405	0.30874762
20406	0.30836579
20407	0.30789521
20408	0.30735859
20409	0.30678084
20410	0.30618748
20411	0.30560365
20412	0.30505282
20413	0.30455598
20414	0.30413097
20415	0.30379212
20416	0.30354992
20417	0.30341116
20418	0.30337903
20419	0.30345330
20420	0.30363047
20421	0.30390435
20422	0.30426612
20423	0.30470482
20424	0.30520767
20425	0.30576026
20426	0.30634710
20427	0.30695194
20428	0.30755818
20429	0.30814940
20430	0.30870980
20431	0.30922472
20432	0.30968124
20433	0.31006849
20434	0.31037813
20435	0.31060475
20436	0.31074575
20437	0.31080163
20438	0.31077576
20439	0.31067410
20440	0.31050488
20441	0.31027812
20442	0.31000519
20443	0.30969825
20444	0.30936989
20445	0.30903262
20446	0.30869848
20447	0.30837879
20448	0.30808395
20449	0.30782333
20450	0.30760503
20451	0.30743587
20452	0.30732134
20453	0.30726576
20454	0.30727193
20455	0.30734149
20456	0.30747470
20457	0.30767065
20458	0.30792719
20459	0.30824125
20460	0.30860865
20461	0.30902457
20462	0.30948356
20463	0.30997989
20464	0.31050763
20465	0.31106099
20466	0.31163430
20467	0.31222242
20468	0.31282052
20469	0.31342441
20470	0.31403014
20471	0.31463444
20472	0.31523407
20473	0.31582612
20474	0.31640759
20475	0.31697547
20476	0.31752643
20477	0.31805682
20478	0.31856263
20479	0.31903940
20480	0.31948242
20481	0.31988660
20482	0.32024655
20483	0.32055703
20484	0.32081270
20485	0.32100865
20486	0.32114044
20487	0.32120439
20488	0.32119802
20489	0.32112011
20490	0.32097116
20491	0.32075357
20492	0.32047197
20493	0.32013330
20494	0.31974685
20495	0.31932431
20496	0.31887957
20497	0.31842834
20498	0.31798795
20499	0.31757665
20500	0.31721318
20501	0.31691617
20502	0.31670359
20503	0.31659213
20504	0.31659672
20505	0.31673011
20506	0.31700248
20507	0.31742105
20508	0.31798998
20509	0.31871000
20510	0.31957832
20511	0.32058865
20512	0.32173085
20513	0.32299128
20514	0.32435238
20515	0.32579330
20516	0.32728958
20517	0.32881373
20518	0.33033568
20519	0.33182305
20520	0.33324218
20521	0.33455881
20522	0.33573925
20523	0.33675161
20524	0.33756688
20525	0.33816034
20526	0.33851284
20527	0.33861184
20528	0.33845213
20529	0.33803654
20530	0.33737594
20531	0.33648932
20532	0.33540305
20533	0.33415022
20534	0.33276936
20535	0.33130357
20536	0.32979891
20537	0.32830355
20538	0.32686618
20539	0.32553539
20540	0.32435855
20541	0.32338107
20542	0.32264590
20543	0.32219303
20544	0.32205862
20545	0.32227495
20546	0.32286942
20547	0.32386428
20548	0.32527533
20549	0.32711121
20550	0.32937217
20551	0.33204883
20552	0.33512110
20553	0.33855683
20554	0.34231138
20555	0.34632719
20556	0.35053447
20557	0.35485253
20558	0.35919225
20559	0.36345950
20560	0.36755955
20561	0.37140128
20562	0.37490255
20563	0.37799397
20564	0.38062274
20565	0.38275501
20566	0.38437670
20567	0.38549337
20568	0.38612872
20569	0.38632262
20570	0.38612837
20571	0.38561115
20572	0.38484532
20573	0.38391417
20574	0.38290977
20575	0.38193491
20576	0.38110614
20577	0.38055900
20578	0.38045654
20579	0.38100192
20580	0.38245577
20581	0.38516510
20582	0.38960591
20583	0.39645168
20584	0.40668792
20585	0.42181134
20586	0.44420174
20587	0.47786060
20588	0.53005075
20589	0.61542237
20590	0.76860940
20591	1.09610534
20592	2.16599941
20593	NaN
20594	NaN
20595	NaN
20596	NaN
20597	NaN
20598	NaN
20599	NaN
20600	NaN
20601	NaN
20602	NaN
20603	NaN
20604	NaN
20605	NaN
20606	NaN
20607	NaN
20608	NaN
20609	NaN
20610	NaN
20611	NaN
20612	NaN
20613	NaN
20614	NaN
20615	NaN
20616	NaN
20617	NaN
20618	NaN
20619	NaN
20620	NaN
20621	NaN
20622	NaN
20623	NaN
20624	NaN
20625	NaN
20626	NaN
20627	NaN
20628	NaN
20629	NaN
20630	NaN
20631	NaN
20632	NaN
20633	NaN
20634	NaN
20635	NaN
20636	NaN
20637	NaN
20638	NaN
20639	NaN
20640	NaN
20641	NaN
20642	NaN
20643	NaN
20644	NaN
20645	NaN
20646	NaN
20647	NaN
20648	NaN
20649	NaN
20650	NaN
20651	NaN
20652	NaN
20653	NaN
20654	NaN
20655	NaN
20656	NaN
20657	NaN
20658	NaN
20659	NaN
20660	NaN
20661	NaN
20662	NaN
20663	NaN
20664	NaN
20665	NaN
20666	NaN
20667	NaN
20668	NaN
20669	NaN
20670	NaN
20671	NaN
20672	NaN
20673	NaN
20674	NaN
20675	NaN
20676	NaN
20677	NaN
20678	NaN
20679	0.54232019
20680	0.35198036
20681	0.30826947
20682	0.28804198
20683	0.27595523
20684	0.26768836
20685	0.26155013
20686	0.25674161
20687	0.25283405
20688	0.24957567
20689	0.24680755
20690	0.24442360
20691	0.24234979
20692	0.24053261
20693	0.23893204
20694	0.23751754
20695	0.23626518
20696	0.23515587
20697	0.23417395
20698	0.23330641
20699	0.23254205
20700	0.23187090
20701	0.23128389
20702	0.23077250
20703	0.23032849
20704	0.22994374
20705	0.22961031
20706	0.22932017
20707	0.22906542
20708	0.22883825
20709	0.22863115
20710	0.22843711
20711	0.22824971
20712	0.22806345
20713	0.22787383
20714	0.22767769
20715	0.22747305
20716	0.22725946
20717	0.22703776
20718	0.22681011
20719	0.22657986
20720	0.22635134
20721	0.22612964
20722	0.22592030
20723	0.22572918
20724	0.22556210
20725	0.22542447
20726	0.22532149
20727	0.22525752
20728	0.22523630
20729	0.22526063
20730	0.22533248
20731	0.22545284
20732	0.22562172
20733	0.22583827
20734	0.22610074
20735	0.22640653
20736	0.22675234
20737	0.22713411
20738	0.22754715
20739	0.22798611
20740	0.22844493
20741	0.22891691
20742	0.22939458
20743	0.22986977
20744	0.23033357
20745	0.23077643
20746	0.23118833
20747	0.23155899
20748	0.23187837
20749	0.23213691
20750	0.23232615
20751	0.23243921
20752	0.23247115
20753	0.23241955
20754	0.23228459
20755	0.23206913
20756	0.23177889
20757	0.23142181
20758	0.23100814
20759	0.23054956
20760	0.23005879
20761	0.22954907
20762	0.22903343
20763	0.22852443
20764	0.22803350
20765	0.22757086
20766	0.22714517
20767	0.22676331
20768	0.22643068
20769	0.22615089
20770	0.22592595
20771	0.22575656
20772	0.22564207
20773	0.22558086
20774	0.22557032
20775	0.22560725
20776	0.22568797
20777	0.22580837
20778	0.22596422
20779	0.22615111
20780	0.22636461
20781	0.22660024
20782	0.22685368
20783	0.22712061
20784	0.22739685
20785	0.22767842
20786	0.22796156
20787	0.22824275
20788	0.22851880
20789	0.22878672
20790	0.22904404
20791	0.22928828
20792	0.22951742
20793	0.22972949
20794	0.22992273
20795	0.23009539
20796	0.23024578
20797	0.23037226
20798	0.23047327
20799	0.23054728
20800	0.23059303
20801	0.23060949
20802	0.23059604
20803	0.23055252
20804	0.23047942
20805	0.23037781
20806	0.23024957
20807	0.23009725
20808	0.22992404
20809	0.22973372
20810	0.22953062
20811	0.22931927
20812	0.22910441
20813	0.22889082
20814	0.22868297
20815	0.22848514
20816	0.22830103
20817	0.22813395
20818	0.22798662
20819	0.22786111
20820	0.22775896
20821	0.22768117
20822	0.22762834
20823	0.22760047
20824	0.22759733
20825	0.22761832
20826	0.22766259
20827	0.22772907
20828	0.22781648
20829	0.22792341
20830	0.22804835
20831	0.22818962
20832	0.22834535
20833	0.22851363
20834	0.22869232
20835	0.22887903
20836	0.22907127
20837	0.22926626
20838	0.22946097
20839	0.22965223
20840	0.22983664
20841	0.23001087
20842	0.23017147
20843	0.23031519
20844	0.23043905
20845	0.23054045
20846	0.23061736
20847	0.23066840
20848	0.23069279
20849	0.23069067
20850	0.23066288
20851	0.23061107
20852	0.23053753
20853	0.23044530
20854	0.23033783
20855	0.23021922
20856	0.23009387
20857	0.22996654
20858	0.22984220
20859	0.22972605
20860	0.22962336
20861	0.22953950
20862	0.22947976
20863	0.22944933
20864	0.22945312
20865	0.22949569
20866	0.22958110
20867	0.22971258
20868	0.22989242
20869	0.23012178
20870	0.23040031
20871	0.23072609
20872	0.23109527
20873	0.23150207
20874	0.23193866
20875	0.23239522
20876	0.23286018
20877	0.23332046
20878	0.23376197
20879	0.23417002
20880	0.23453020
20881	0.23482895
20882	0.23505418
20883	0.23519590
20884	0.23524672
20885	0.23520222
20886	0.23506130
20887	0.23482598
20888	0.23450159
20889	0.23409663
20890	0.23362294
20891	0.23309527
20892	0.23253162
20893	0.23195322
20894	0.23138483
20895	0.23085502
20896	0.23039699
20897	0.23004912
20898	0.22985625
20899	0.22987077
20900	0.23015492
20901	0.23078302
20902	0.23184435
20903	0.23344743
20904	0.23572418
20905	0.23883738
20906	0.24298714
20907	0.24842182
20908	0.25545144
20909	0.26446804
20910	0.27597600
20911	0.29064015
20912	0.30936971
20913	0.33346820
20914	0.36492118
20915	0.40697768
20916	0.46544459
20917	0.55193192
20918	0.69361627
20919	0.97234601
20920	1.79976106
20921	NaN
20922	NaN
20923	NaN
20924	NaN
20925	NaN
20926	NaN
20927	NaN
20928	NaN
20929	NaN
20930	NaN
20931	NaN
20932	NaN
20933	NaN
20934	NaN
20935	NaN
20936	NaN
20937	NaN
20938	NaN
20939	NaN
20940	NaN
20941	NaN
20942	NaN
20943	NaN
20944	NaN
20945	NaN
20946	NaN
20947	NaN
20948	NaN
20949	NaN
20950	NaN
20951	NaN
20952	NaN
20953	NaN
20954	NaN
20955	NaN
20956	NaN
20957	NaN
20958	NaN
20959	NaN
20960	NaN
20961	NaN
20962	NaN
20963	NaN
20964	NaN
20965	NaN
20966	NaN
20967	NaN
20968	NaN
20969	NaN
20970	NaN
20971	NaN
20972	NaN
20973	NaN
20974	NaN
20975	NaN
20976	NaN
20977	NaN
20978	NaN
20979	NaN
20980	NaN
20981	NaN
20982	NaN
20983	NaN
20984	NaN
20985	NaN
20986	NaN
20987	NaN
20988	NaN
20989	NaN
20990	NaN
20991	NaN
20992	NaN
20993	NaN
20994	NaN
20995	NaN
20996	NaN
20997	NaN
20998	NaN
20999	NaN
21000	NaN
21001	NaN
21002	NaN
21003	NaN
21004	NaN
21005	NaN
21006	NaN
21007	NaN
21008	4.54577446
21009	0.65070206
21010	0.46626520
21011	0.40094343
21012	0.36758792
21013	0.34740797
21014	0.33393493
21015	0.32434371
21016	0.31720346
21017	0.31171131
21018	0.30738154
21019	0.30390254
21020	0.30106479
21021	0.29872215
21022	0.29676917
21023	0.29512814
21024	0.29374030
21025	0.29256070
21026	0.29155457
21027	0.29069486
21028	0.28996068
21029	0.28933585
21030	0.28880829
21031	0.28836900
21032	0.28801167
21033	0.28773224
21034	0.28752816
21035	0.28739825
21036	0.28734201
21037	0.28735951
21038	0.28745058
21039	0.28761467
21040	0.28785011
21041	0.28815398
21042	0.28852132
21043	0.28894511
21044	0.28941575
21045	0.28992093
21046	0.29044569
21047	0.29097262
21048	0.29148230
21049	0.29195401
21050	0.29236668
21051	0.29270008
21052	0.29293600
21053	0.29305977
21054	0.29306126
21055	0.29293597
21056	0.29268560
21057	0.29231814
21058	0.29184762
21059	0.29129326
21060	0.29067838
21061	0.29002884
21062	0.28937194
21063	0.28873461
21064	0.28814247
21065	0.28761852
21066	0.28718272
21067	0.28685111
21068	0.28663579
21069	0.28654471
21070	0.28658164
21071	0.28674647
21072	0.28703523
21073	0.28744054
21074	0.28795165
21075	0.28855497
21076	0.28923419
21077	0.28997090
21078	0.29074478
21079	0.29153419
21080	0.29231682
21081	0.29307023
21082	0.29377261
21083	0.29440346
21084	0.29494441
21085	0.29538000
21086	0.29569820
21087	0.29589099
21088	0.29595473
21089	0.29589018
21090	0.29570231
21091	0.29540023
21092	0.29499635
21093	0.29450595
21094	0.29394624
21095	0.29333574
21096	0.29269341
21097	0.29203802
21098	0.29138762
21099	0.29075894
21100	0.29016721
21101	0.28962576
21102	0.28914618
21103	0.28873813
21104	0.28840938
21105	0.28816614
21106	0.28801274
21107	0.28795227
21108	0.28798616
21109	0.28811452
21110	0.28833604
21111	0.28864792
21112	0.28904605
21113	0.28952485
21114	0.29007733
21115	0.29069528
21116	0.29136950
21117	0.29208976
21118	0.29284537
21119	0.29362532
21120	0.29441872
21121	0.29521507
21122	0.29600453
21123	0.29677814
21124	0.29752782
21125	0.29824656
21126	0.29892817
21127	0.29956734
21128	0.30015919
21129	0.30069935
21130	0.30118355
21131	0.30160761
21132	0.30196732
21133	0.30225837
21134	0.30247650
21135	0.30261749
21136	0.30267751
21137	0.30265343
21138	0.30254290
21139	0.30234501
21140	0.30206040
21141	0.30169171
21142	0.30124387
21143	0.30072421
21144	0.30014265
21145	0.29951173
21146	0.29884645
21147	0.29816395
21148	0.29748330
21149	0.29682478
21150	0.29620939
21151	0.29565826
21152	0.29519188
21153	0.29482949
21154	0.29458842
21155	0.29448357
21156	0.29452732
21157	0.29472867
21158	0.29509357
21159	0.29562441
21160	0.29632032
21161	0.29717693
21162	0.29818642
21163	0.29933774
21164	0.30061647
21165	0.30200490
21166	0.30348232
21167	0.30502480
21168	0.30660576
21169	0.30819592
21170	0.30976391
21171	0.31127682
21172	0.31270078
21173	0.31400201
21174	0.31514767
21175	0.31610748
21176	0.31685457
21177	0.31736693
21178	0.31762856
21179	0.31763062
21180	0.31737196
21181	0.31685969
21182	0.31610906
21183	0.31514317
21184	0.31399205
21185	0.31269187
21186	0.31128329
21187	0.30981046
21188	0.30831933
21189	0.30685657
21190	0.30546835
21191	0.30419934
21192	0.30309212
21193	0.30218655
21194	0.30151930
21195	0.30112380
21196	0.30102971
21197	0.30126271
21198	0.30184430
21199	0.30279082
21200	0.30411345
21201	0.30581650
21202	0.30789697
21203	0.31034306
21204	0.31313306
21205	0.31623438
21206	0.31960294
21207	0.32318294
21208	0.32690784
21209	0.33070180
21210	0.33448276
21211	0.33816564
21212	0.34166747
21213	0.34491122
21214	0.34783107
21215	0.35037556
21216	0.35251069
21217	0.35422075
21218	0.35550830
21219	0.35639265
21220	0.35690793
21221	0.35710013
21222	0.35702452
21223	0.35674343
21224	0.35632446
21225	0.35583988
21226	0.35536605
21227	0.35498464
21228	0.35478410
21229	0.35486242
21230	0.35533103
21231	0.35631934
21232	0.35798109
21233	0.36050245
21234	0.36411196
21235	0.36909240
21236	0.37579644
21237	0.38466543
21238	0.39625183
21239	0.41124883
21240	0.43052810
21241	0.45518973
21242	0.48664361
21243	0.52674168
21244	0.57803708
21245	0.64428449
21246	0.73151833
21247	0.85044426
21248	1.02244282
21249	1.29719114
21250	1.82108629
21251	3.28500795
21252	NaN
21253	NaN
21254	NaN
21255	NaN
21256	NaN
21257	NaN
21258	NaN
21259	NaN
21260	NaN
21261	NaN
21262	NaN
21263	NaN
21264	NaN
21265	NaN
21266	NaN
21267	NaN
21268	NaN
21269	NaN
21270	NaN
21271	NaN
21272	NaN
21273	NaN
21274	NaN
21275	NaN
21276	NaN
21277	NaN
21278	NaN
21279	NaN
21280	NaN
21281	NaN
21282	NaN
21283	NaN
21284	NaN
21285	NaN
21286	NaN
21287	NaN
21288	NaN
21289	NaN
21290	NaN
21291	NaN
21292	NaN
21293	NaN
21294	NaN
21295	NaN
21296	NaN
21297	NaN
21298	NaN
21299	NaN
21300	NaN
21301	NaN
21302	NaN
21303	NaN
21304	NaN
21305	NaN
21306	NaN
21307	NaN
21308	NaN
21309	NaN
21310	NaN
21311	NaN
21312	NaN
21313	NaN
21314	NaN
21315	NaN
21316	NaN
21317	NaN
21318	NaN
21319	NaN
21320	NaN
21321	NaN
21322	NaN
21323	NaN
21324	NaN
21325	NaN
21326	NaN
21327	NaN
21328	NaN
21329	NaN
21330	NaN
21331	NaN
21332	NaN
21333	NaN
21334	NaN
21335	NaN
21336	NaN
21337	NaN
21338	0.75307733
21339	0.39187828
21340	0.31742781
21341	0.28441679
21342	0.26538333
21343	0.25281343
21344	0.24380705
21345	0.23700401
21346	0.23167935
21347	0.22740923
21348	0.22392806
21349	0.22105955
21350	0.21868140
21351	0.21670505
21352	0.21506456
21353	0.21370882
21354	0.21259743
21355	0.21169750
21356	0.21098177
21357	0.21042697
21358	0.21001297
21359	0.20972204
21360	0.20953813
21361	0.20944661
21362	0.20943393
21363	0.20948736
21364	0.20959476
21365	0.20974453
21366	0.20992556
21367	0.21012723
21368	0.21033952
21369	0.21055292
21370	0.21075878
21371	0.21094935
21372	0.21111800
21373	0.21125917
21374	0.21136872
21375	0.21144381
21376	0.21148308
21377	0.21148647
21378	0.21145532
21379	0.21139218
21380	0.21130075
21381	0.21118563
21382	0.21105233
21383	0.21090686
21384	0.21075565
21385	0.21060538
21386	0.21046272
21387	0.21033432
21388	0.21022636
21389	0.21014468
21390	0.21009451
21391	0.21008033
21392	0.21010573
21393	0.21017349
21394	0.21028522
21395	0.21044146
21396	0.21064162
21397	0.21088398
21398	0.21116543
21399	0.21148174
21400	0.21182743
21401	0.21219592
21402	0.21257952
21403	0.21296960
21404	0.21335690
21405	0.21373162
21406	0.21408385
21407	0.21440393
21408	0.21468289
21409	0.21491282
21410	0.21508722
21411	0.21520156
21412	0.21525326
21413	0.21524200
21414	0.21516965
21415	0.21504021
21416	0.21485953
21417	0.21463490
21418	0.21437460
21419	0.21408761
21420	0.21378289
21421	0.21346921
21422	0.21315475
21423	0.21284679
21424	0.21255159
21425	0.21227439
21426	0.21201938
21427	0.21178980
21428	0.21158792
21429	0.21141541
21430	0.21127325
21431	0.21116203
21432	0.21108198
21433	0.21103302
21434	0.21101490
21435	0.21102715
21436	0.21106924
21437	0.21114039
21438	0.21123964
21439	0.21136586
21440	0.21151778
21441	0.21169387
21442	0.21189244
21443	0.21211152
21444	0.21234897
21445	0.21260236
21446	0.21286903
21447	0.21314602
21448	0.21342994
21449	0.21371725
21450	0.21400395
21451	0.21428584
21452	0.21455845
21453	0.21481720
21454	0.21505740
21455	0.21527453
21456	0.21546426
21457	0.21562262
21458	0.21574612
21459	0.21583195
21460	0.21587805
21461	0.21588320
21462	0.21584697
21463	0.21577002
21464	0.21565387
21465	0.21550094
21466	0.21531448
21467	0.21509856
21468	0.21485777
21469	0.21459728
21470	0.21432257
21471	0.21403933
21472	0.21375322
21473	0.21346997
21474	0.21319488
21475	0.21293306
21476	0.21268918
21477	0.21246739
21478	0.21227148
21479	0.21210460
21480	0.21196960
21481	0.21186887
21482	0.21180439
21483	0.21177778
21484	0.21179037
21485	0.21184319
21486	0.21193694
21487	0.21207197
21488	0.21224838
21489	0.21246582
21490	0.21272363
21491	0.21302062
21492	0.21335512
21493	0.21372496
21494	0.21412732
21495	0.21455869
21496	0.21501493
21497	0.21549119
21498	0.21598175
21499	0.21648030
21500	0.21697979
21501	0.21747260
21502	0.21795057
21503	0.21840523
21504	0.21882795
21505	0.21921027
21506	0.21954390
21507	0.21982126
21508	0.22003552
21509	0.22018097
21510	0.22025307
21511	0.22024880
21512	0.22016661
21513	0.22000661
21514	0.21977049
21515	0.21946166
21516	0.21908498
21517	0.21864684
21518	0.21815497
21519	0.21761845
21520	0.21704732
21521	0.21645273
21522	0.21584664
21523	0.21524163
21524	0.21465081
21525	0.21408772
21526	0.21356592
21527	0.21309890
21528	0.21269971
21529	0.21238095
21530	0.21215416
21531	0.21202970
21532	0.21201631
21533	0.21212097
21534	0.21234833
21535	0.21270044
21536	0.21317658
21537	0.21377277
21538	0.21448191
21539	0.21529356
21540	0.21619415
21541	0.21716724
21542	0.21819401
21543	0.21925376
21544	0.22032493
21545	0.22138551
21546	0.22241402
21547	0.22339015
21548	0.22429518
21549	0.22511302
21550	0.22582960
21551	0.22643374
21552	0.22691648
21553	0.22727135
21554	0.22749436
21555	0.22758348
21556	0.22753879
21557	0.22736296
21558	0.22706130
21559	0.22664358
21560	0.22612408
21561	0.22552472
21562	0.22487700
21563	0.22422554
21564	0.22363265
21565	0.22318359
21566	0.22299290
21567	0.22321333
21568	0.22404608
21569	0.22575295
21570	0.22867440
21571	0.23325576
21572	0.24008754
21573	0.24997702
21574	0.26408294
21575	0.28417820
21576	0.31321609
21577	0.35666788
21578	0.42617249
21579	0.55196851
21580	0.84525657
21581	2.31677294
21582	NaN
21583	NaN
21584	NaN
21585	NaN
21586	NaN
21587	NaN
21588	NaN
21589	NaN
21590	NaN
21591	NaN
21592	NaN
21593	NaN
21594	NaN
21595	NaN
21596	NaN
21597	NaN
21598	NaN
21599	NaN
21600	NaN
21601	NaN
21602	NaN
21603	NaN
21604	NaN
21605	NaN
21606	NaN
21607	NaN
21608	NaN
21609	NaN
21610	NaN
21611	NaN
21612	NaN
21613	NaN
21614	NaN
21615	NaN
21616	NaN
21617	NaN
21618	NaN
21619	NaN
21620	NaN
21621	NaN
21622	NaN
21623	NaN
21624	NaN
21625	NaN
21626	NaN
21627	NaN
21628	NaN
21629	NaN
21630	NaN
21631	NaN
21632	NaN
21633	NaN
21634	NaN
21635	NaN
21636	NaN
21637	NaN
21638	NaN
21639	NaN
21640	NaN
21641	NaN
21642	NaN
21643	NaN
21644	NaN
21645	NaN
21646	NaN
21647	NaN
21648	NaN
21649	NaN
21650	NaN
21651	NaN
21652	NaN
21653	NaN
21654	NaN
21655	NaN
21656	NaN
21657	NaN
21658	NaN
21659	NaN
21660	NaN
21661	NaN
21662	NaN
21663	NaN
21664	NaN
21665	NaN
21666	NaN
21667	NaN
21668	NaN
21669	NaN
21670	NaN
21671	NaN
21672	0.81297755
21673	0.50631952
21674	0.40836254
21675	0.36008793
21676	0.33136854
21677	0.31237644
21678	0.29894707
21679	0.28901035
21680	0.28141877
21681	0.27548313
21682	0.27076325
21683	0.26696378
21684	0.26387838
21685	0.26135796
21686	0.25929198
21687	0.25759634
21688	0.25620598
21689	0.25506988
21690	0.25414765
21691	0.25340700
21692	0.25282213
21693	0.25237247
21694	0.25204170
21695	0.25181699
21696	0.25168857
21697	0.25164875
21698	0.25169191
21699	0.25181371
21700	0.25201094
21701	0.25228071
21702	0.25262031
21703	0.25302655
21704	0.25349540
21705	0.25402141
21706	0.25459751
21707	0.25521454
21708	0.25586110
21709	0.25652346
21710	0.25718582
21711	0.25783062
21712	0.25843915
21713	0.25899240
21714	0.25947201
21715	0.25986141
21716	0.26014704
21717	0.26031914
21718	0.26037273
21719	0.26030809
21720	0.26013070
21721	0.25985116
21722	0.25948438
21723	0.25904864
21724	0.25856447
21725	0.25805351
21726	0.25753731
21727	0.25703636
21728	0.25656936
21729	0.25615257
21730	0.25579956
21731	0.25552100
21732	0.25532466
21733	0.25521550
21734	0.25519583
21735	0.25526547
21736	0.25542188
21737	0.25566036
21738	0.25597408
21739	0.25635433
21740	0.25679052
21741	0.25727057
21742	0.25778088
21743	0.25830683
21744	0.25883332
21745	0.25934494
21746	0.25982684
21747	0.26026511
21748	0.26064762
21749	0.26096413
21750	0.26120704
21751	0.26137152
21752	0.26145551
21753	0.26145977
21754	0.26138765
21755	0.26124477
21756	0.26103863
21757	0.26077813
21758	0.26047325
21759	0.26013461
21760	0.25977319
21761	0.25940007
21762	0.25902605
21763	0.25866166
21764	0.25831708
21765	0.25800174
21766	0.25772470
21767	0.25749415
21768	0.25731769
21769	0.25720194
21770	0.25715277
21771	0.25717500
21772	0.25727221
21773	0.25744689
21774	0.25770003
21775	0.25803128
21776	0.25843880
21777	0.25891915
21778	0.25946760
21779	0.26007795
21780	0.26074299
21781	0.26145440
21782	0.26220319
21783	0.26297987
21784	0.26377466
21785	0.26457778
21786	0.26537946
21787	0.26617026
21788	0.26694095
21789	0.26768270
21790	0.26838711
21791	0.26904616
21792	0.26965216
21793	0.27019790
21794	0.27067670
21795	0.27108234
21796	0.27140924
21797	0.27165255
21798	0.27180824
21799	0.27187338
21800	0.27184618
21801	0.27172631
21802	0.27151507
21803	0.27121559
21804	0.27083299
21805	0.27037466
21806	0.26985019
21807	0.26927146
21808	0.26865268
21809	0.26800987
21810	0.26736099
21811	0.26672491
21812	0.26612145
21813	0.26557028
21814	0.26509050
21815	0.26469997
21816	0.26441464
21817	0.26424810
21818	0.26421121
21819	0.26431191
21820	0.26455501
21821	0.26494217
21822	0.26547208
21823	0.26614043
21824	0.26694018
21825	0.26786155
21826	0.26889235
21827	0.27001804
21828	0.27122185
21829	0.27248499
21830	0.27378672
21831	0.27510467
21832	0.27641502
21833	0.27769282
21834	0.27891260
21835	0.28004867
21836	0.28107589
21837	0.28197032
21838	0.28271013
21839	0.28327638
21840	0.28365391
21841	0.28383213
21842	0.28380564
21843	0.28357470
21844	0.28314567
21845	0.28253064
21846	0.28174749
21847	0.28081924
21848	0.27977329
21849	0.27864075
21850	0.27745533
21851	0.27625263
21852	0.27506909
21853	0.27394131
21854	0.27290538
21855	0.27199620
21856	0.27124733
21857	0.27069014
21858	0.27035394
21859	0.27026537
21860	0.27044812
21861	0.27092239
21862	0.27170447
21863	0.27280599
21864	0.27423322
21865	0.27598614
21866	0.27805761
21867	0.28043249
21868	0.28308704
21869	0.28598830
21870	0.28909421
21871	0.29235408
21872	0.29570970
21873	0.29909727
21874	0.30244952
21875	0.30569866
21876	0.30877936
21877	0.31163183
21878	0.31420445
21879	0.31645581
21880	0.31835616
21881	0.31988817
21882	0.32104662
21883	0.32183793
21884	0.32227856
21885	0.32239398
21886	0.32221720
21887	0.32178727
21888	0.32114860
21889	0.32035026
21890	0.31944588
21891	0.31849414
21892	0.31756011
21893	0.31671715
21894	0.31604958
21895	0.31565627
21896	0.31565559
21897	0.31619173
21898	0.31744328
21899	0.31963241
21900	0.32303926
21901	0.32801867
21902	0.33502370
21903	0.34463602
21904	0.35761166
21905	0.37494865
21906	0.39800075
21907	0.42867061
21908	0.46978402
21909	0.52583021
21910	0.60460889
21911	0.72127676
21912	0.91016108
21913	1.26958025
21914	2.24068022
21915	NaN
21916	NaN
21917	NaN
21918	NaN
21919	NaN
21920	NaN
21921	NaN
21922	NaN
21923	NaN
21924	NaN
21925	NaN
21926	NaN
21927	NaN
21928	NaN
21929	NaN
21930	NaN
21931	NaN
21932	NaN
21933	NaN
21934	NaN
21935	NaN
21936	NaN
21937	NaN
21938	NaN
21939	NaN
21940	NaN
21941	NaN
21942	NaN
21943	NaN
21944	NaN
21945	NaN
21946	NaN
21947	NaN
21948	NaN
21949	NaN
21950	NaN
21951	NaN
21952	NaN
21953	NaN
21954	NaN
21955	NaN
21956	NaN
21957	NaN
21958	NaN
21959	NaN
21960	NaN
21961	NaN
21962	NaN
21963	NaN
21964	NaN
21965	NaN
21966	NaN
21967	NaN
21968	NaN
21969	NaN
21970	NaN
21971	NaN
21972	NaN
21973	NaN
21974	NaN
21975	NaN
21976	NaN
21977	NaN
21978	NaN
21979	NaN
21980	NaN
21981	NaN
21982	NaN
21983	NaN
21984	NaN
21985	NaN
21986	NaN
21987	NaN
21988	NaN
21989	NaN
21990	NaN
21991	NaN
21992	NaN
21993	NaN
21994	NaN
21995	NaN
21996	NaN
21997	NaN
21998	NaN
21999	NaN
22000	NaN
22001	NaN
22002	NaN
22003	NaN
22004	0.51523101
22005	0.33905989
22006	0.27950624
22007	0.24943316
22008	0.23131713
22009	0.21929115
22010	0.21082567
22011	0.20464525
22012	0.20003237
22013	0.19654939
22014	0.19391184
22015	0.19192518
22016	0.19045070
22017	0.18938588
22018	0.18865266
22019	0.18819022
22020	0.18795010
22021	0.18789279
22022	0.18798555
22023	0.18820079
22024	0.18851474
22025	0.18890665
22026	0.18935809
22027	0.18985234
22028	0.19037412
22029	0.19090919
22030	0.19144411
22031	0.19196612
22032	0.19246306
22033	0.19292317
22034	0.19333543
22035	0.19368929
22036	0.19397497
22037	0.19418378
22038	0.19430804
22039	0.19434159
22040	0.19428004
22041	0.19412102
22042	0.19386458
22043	0.19351350
22044	0.19307345
22045	0.19255325
22046	0.19196492
22047	0.19132337
22048	0.19064617
22049	0.18995298
22050	0.18926494
22051	0.18860351
22052	0.18798970
22053	0.18744300
22054	0.18698049
22055	0.18661612
22056	0.18636000
22057	0.18621838
22058	0.18619344
22059	0.18628363
22060	0.18648419
22061	0.18678749
22062	0.18718369
22063	0.18766142
22064	0.18820807
22065	0.18881044
22066	0.18945478
22067	0.19012718
22068	0.19081371
22069	0.19150037
22070	0.19217324
22071	0.19281860
22072	0.19342296
22073	0.19397345
22074	0.19445787
22075	0.19486535
22076	0.19518648
22077	0.19541398
22078	0.19554295
22079	0.19557123
22080	0.19549973
22081	0.19533235
22082	0.19507594
22083	0.19473998
22084	0.19433616
22085	0.19387768
22086	0.19337878
22087	0.19285375
22088	0.19231662
22089	0.19178048
22090	0.19125700
22091	0.19075617
22092	0.19028626
22093	0.18985371
22094	0.18946332
22095	0.18911830
22096	0.18882062
22097	0.18857124
22098	0.18837044
22099	0.18821795
22100	0.18811318
22101	0.18805537
22102	0.18804365
22103	0.18807700
22104	0.18815428
22105	0.18827400
22106	0.18843433
22107	0.18863286
22108	0.18886657
22109	0.18913166
22110	0.18942356
22111	0.18973696
22112	0.19006571
22113	0.19040310
22114	0.19074197
22115	0.19107471
22116	0.19139366
22117	0.19169126
22118	0.19196010
22119	0.19219346
22120	0.19238503
22121	0.19252944
22122	0.19262213
22123	0.19265959
22124	0.19263944
22125	0.19256030
22126	0.19242212
22127	0.19222599
22128	0.19197434
22129	0.19167098
22130	0.19132100
22131	0.19093090
22132	0.19050854
22133	0.19006303
22134	0.18960465
22135	0.18914458
22136	0.18869461
22137	0.18826684
22138	0.18787321
22139	0.18752509
22140	0.18723272
22141	0.18700489
22142	0.18684848
22143	0.18676814
22144	0.18676634
22145	0.18684308
22146	0.18699618
22147	0.18722124
22148	0.18751228
22149	0.18786173
22150	0.18826109
22151	0.18870117
22152	0.18917243
22153	0.18966551
22154	0.19017121
22155	0.19068086
22156	0.19118649
22157	0.19168073
22158	0.19215710
22159	0.19260983
22160	0.19303381
22161	0.19342472
22162	0.19377874
22163	0.19409274
22164	0.19436401
22165	0.19459036
22166	0.19477005
22167	0.19490173
22168	0.19498466
22169	0.19501846
22170	0.19500330
22171	0.19493994
22172	0.19482967
22173	0.19467443
22174	0.19447666
22175	0.19423932
22176	0.19396581
22177	0.19365986
22178	0.19332528
22179	0.19296610
22180	0.19258614
22181	0.19218916
22182	0.19177863
22183	0.19135804
22184	0.19093063
22185	0.19049969
22186	0.19006872
22187	0.18964151
22188	0.18922253
22189	0.18881699
22190	0.18843110
22191	0.18807229
22192	0.18774931
22193	0.18747243
22194	0.18725337
22195	0.18710528
22196	0.18704267
22197	0.18708111
22198	0.18723676
22199	0.18752575
22200	0.18796352
22201	0.18856364
22202	0.18933678
22203	0.19028959
22204	0.19142325
22205	0.19273275
22206	0.19420597
22207	0.19582385
22208	0.19756046
22209	0.19938423
22210	0.20125948
22211	0.20314841
22212	0.20501341
22213	0.20681888
22214	0.20853283
22215	0.21012792
22216	0.21158198
22217	0.21287832
22218	0.21400461
22219	0.21495238
22220	0.21571626
22221	0.21629299
22222	0.21668068
22223	0.21687837
22224	0.21688558
22225	0.21670319
22226	0.21633346
22227	0.21578351
22228	0.21506789
22229	0.21421610
22230	0.21328457
22231	0.21238136
22232	0.21171722
22233	0.21171573
22234	0.21330066
22235	0.21876608
22236	0.23536418
22237	0.30206087
22238	NaN
22239	NaN
22240	NaN
22241	NaN
22242	NaN
22243	NaN
22244	NaN
22245	NaN
22246	NaN
22247	NaN
22248	NaN
22249	NaN
22250	NaN
22251	NaN
22252	NaN
22253	NaN
22254	NaN
22255	NaN
22256	NaN
22257	NaN
22258	NaN
22259	NaN
22260	NaN
22261	NaN
22262	NaN
22263	NaN
22264	NaN
22265	NaN
22266	NaN
22267	NaN
22268	NaN
22269	NaN
22270	NaN
22271	NaN
22272	NaN
22273	NaN
22274	NaN
22275	NaN
22276	NaN
22277	NaN
22278	NaN
22279	NaN
22280	NaN
22281	NaN
22282	NaN
22283	NaN
22284	NaN
22285	NaN
22286	NaN
22287	NaN
22288	NaN
22289	NaN
22290	NaN
22291	NaN
22292	NaN
22293	NaN
22294	NaN
22295	NaN
22296	NaN
22297	NaN
22298	NaN
22299	NaN
22300	NaN
22301	NaN
22302	NaN
22303	NaN
22304	NaN
22305	NaN
22306	NaN
22307	NaN
22308	NaN
22309	NaN
22310	NaN
22311	NaN
22312	NaN
22313	NaN
22314	NaN
22315	NaN
22316	NaN
22317	NaN
22318	NaN
22319	NaN
22320	NaN
22321	NaN
22322	NaN
22323	NaN
22324	NaN
22325	NaN
22326	NaN
22327	NaN
22328	NaN
22329	NaN
22330	NaN
22331	NaN
22332	NaN
22333	NaN
22334	NaN
22335	0.93126029
22336	0.51980156
22337	0.41968328
22338	0.37434000
22339	0.34839320
22340	0.33155674
22341	0.31973991
22342	0.31099316
22343	0.30426827
22344	0.29895112
22345	0.29465744
22346	0.29113409
22347	0.28820729
22348	0.28575355
22349	0.28368264
22350	0.28192720
22351	0.28043580
22352	0.27916881
22353	0.27809536
22354	0.27719128
22355	0.27643776
22356	0.27582008
22357	0.27532700
22358	0.27494997
22359	0.27468270
22360	0.27452058
22361	0.27446029
22362	0.27449927
22363	0.27463531
22364	0.27486616
22365	0.27518901
22366	0.27560005
22367	0.27609414
22368	0.27666444
22369	0.27730194
22370	0.27799556
22371	0.27873182
22372	0.27949518
22373	0.28026789
22374	0.28103089
22375	0.28176412
22376	0.28244740
22377	0.28306130
22378	0.28358814
22379	0.28401288
22380	0.28432411
22381	0.28451440
22382	0.28458104
22383	0.28452602
22384	0.28435576
22385	0.28408080
22386	0.28371501
22387	0.28327486
22388	0.28277847
22389	0.28224474
22390	0.28169256
22391	0.28114030
22392	0.28060493
22393	0.28010184
22394	0.27964464
22395	0.27924478
22396	0.27891156
22397	0.27865219
22398	0.27847165
22399	0.27837279
22400	0.27835637
22401	0.27842113
22402	0.27856368
22403	0.27877867
22404	0.27905905
22405	0.27939591
22406	0.27977893
22407	0.28019670
22408	0.28063688
22409	0.28108695
22410	0.28153434
22411	0.28196716
22412	0.28237450
22413	0.28274685
22414	0.28307644
22415	0.28335738
22416	0.28358576
22417	0.28375959
22418	0.28387880
22419	0.28394493
22420	0.28396103
22421	0.28393126
22422	0.28386074
22423	0.28375542
22424	0.28362170
22425	0.28346631
22426	0.28329620
22427	0.28311843
22428	0.28294006
22429	0.28276813
22430	0.28260964
22431	0.28247136
22432	0.28236002
22433	0.28228202
22434	0.28224346
22435	0.28225014
22436	0.28230715
22437	0.28241906
22438	0.28258958
22439	0.28282145
22440	0.28311640
22441	0.28347510
22442	0.28389683
22443	0.28437978
22444	0.28492096
22445	0.28551605
22446	0.28615984
22447	0.28684610
22448	0.28756785
22449	0.28831741
22450	0.28908649
22451	0.28986651
22452	0.29064849
22453	0.29142323
22454	0.29218128
22455	0.29291320
22456	0.29360941
22457	0.29426038
22458	0.29485682
22459	0.29538962
22460	0.29585028
22461	0.29623085
22462	0.29652429
22463	0.29672489
22464	0.29682827
22465	0.29683191
22466	0.29673535
22467	0.29654038
22468	0.29625139
22469	0.29587537
22470	0.29542205
22471	0.29490378
22472	0.29433540
22473	0.29373398
22474	0.29311827
22475	0.29250839
22476	0.29192516
22477	0.29138947
22478	0.29092172
22479	0.29054129
22480	0.29026595
22481	0.29011142
22482	0.29009116
22483	0.29021597
22484	0.29049388
22485	0.29093000
22486	0.29152641
22487	0.29228219
22488	0.29319322
22489	0.29425231
22490	0.29544887
22491	0.29676923
22492	0.29819641
22493	0.29971024
22494	0.30128744
22495	0.30290192
22496	0.30452517
22497	0.30612668
22498	0.30767471
22499	0.30913693
22500	0.31048164
22501	0.31167871
22502	0.31270072
22503	0.31352413
22504	0.31413034
22505	0.31450659
22506	0.31464663
22507	0.31455129
22508	0.31422845
22509	0.31369299
22510	0.31296650
22511	0.31207651
22512	0.31105593
22513	0.30994183
22514	0.30877483
22515	0.30759797
22516	0.30645579
22517	0.30539361
22518	0.30445653
22519	0.30368900
22520	0.30313402
22521	0.30283257
22522	0.30282322
22523	0.30314136
22524	0.30381861
22525	0.30488208
22526	0.30635336
22527	0.30824751
22528	0.31057191
22529	0.31332466
22530	0.31649351
22531	0.32005456
22532	0.32397127
22533	0.32819396
22534	0.33266011
22535	0.33729553
22536	0.34201613
22537	0.34673131
22538	0.35134715
22539	0.35577121
22540	0.35991657
22541	0.36370635
22542	0.36707681
22543	0.36998045
22544	0.37238684
22545	0.37428337
22546	0.37567434
22547	0.37657961
22548	0.37703240
22549	0.37707773
22550	0.37677008
22551	0.37617278
22552	0.37535632
22553	0.37439978
22554	0.37339157
22555	0.37243357
22556	0.37164605
22557	0.37117705
22558	0.37121558
22559	0.37201282
22560	0.37391502
22561	0.37741655
22562	0.38324803
22563	0.39253244
22564	0.40707543
22565	0.42995235
22566	0.46682757
22567	0.52934247
22568	0.64578259
22569	0.90746421
22570	1.86765265
22571	NaN
22572	NaN
22573	NaN
22574	NaN
22575	NaN
22576	NaN
22577	NaN
22578	NaN
22579	NaN
22580	NaN
22581	NaN
22582	NaN
22583	NaN
22584	NaN
22585	NaN
22586	NaN
22587	NaN
22588	NaN
22589	NaN
22590	NaN
22591	NaN
22592	NaN
22593	NaN
22594	NaN
22595	NaN
22596	NaN
22597	NaN
22598	NaN
22599	NaN
22600	NaN
22601	NaN
22602	NaN
22603	NaN
22604	NaN
22605	NaN
22606	NaN
22607	NaN
22608	NaN
22609	NaN
22610	NaN
22611	NaN
22612	NaN
22613	NaN
22614	NaN
22615	NaN
22616	NaN
22617	NaN
22618	NaN
22619	NaN
22620	NaN
22621	NaN
22622	NaN
22623	NaN
22624	NaN
22625	NaN
22626	NaN
22627	NaN
22628	NaN
22629	NaN
22630	NaN
22631	NaN
22632	NaN
22633	NaN
22634	NaN
22635	NaN
22636	NaN
22637	NaN
22638	NaN
22639	NaN
22640	NaN
22641	NaN
22642	NaN
22643	NaN
22644	NaN
22645	NaN
22646	NaN
22647	NaN
22648	NaN
22649	NaN
22650	NaN
22651	NaN
22652	NaN
22653	NaN
22654	NaN
22655	NaN
22656	NaN
22657	NaN
22658	NaN
22659	NaN
22660	0.64989078
22661	0.43322283
22662	0.36861038
22663	0.33711120
22664	0.31824458
22665	0.30557361
22666	0.29642701
22667	0.28949460
22668	0.28405625
22669	0.27968240
22670	0.27609953
22671	0.27312446
22672	0.27062932
22673	0.26852164
22674	0.26673269
22675	0.26520988
22676	0.26391214
22677	0.26280677
22678	0.26186720
22679	0.26107147
22680	0.26040101
22681	0.25983998
22682	0.25937450
22683	0.25899217
22684	0.25868183
22685	0.25843313
22686	0.25823638
22687	0.25808245
22688	0.25796261
22689	0.25786868
22690	0.25779280
22691	0.25772768
22692	0.25766656
22693	0.25760326
22694	0.25753233
22695	0.25744906
22696	0.25734967
22697	0.25723112
22698	0.25709158
22699	0.25693005
22700	0.25674674
22701	0.25654289
22702	0.25632098
22703	0.25608450
22704	0.25583825
22705	0.25558791
22706	0.25534031
22707	0.25510296
22708	0.25488409
22709	0.25469232
22710	0.25453624
22711	0.25442430
22712	0.25436437
22713	0.25436345
22714	0.25442737
22715	0.25456071
22716	0.25476635
22717	0.25504562
22718	0.25539806
22719	0.25582138
22720	0.25631130
22721	0.25686169
22722	0.25746444
22723	0.25810951
22724	0.25878498
22725	0.25947723
22726	0.26017103
22727	0.26085010
22728	0.26149738
22729	0.26209566
22730	0.26262835
22731	0.26308003
22732	0.26343730
22733	0.26368955
22734	0.26382944
22735	0.26385337
22736	0.26376170
22737	0.26355860
22738	0.26325199
22739	0.26285294
22740	0.26237500
22741	0.26183343
22742	0.26124465
22743	0.26062536
22744	0.25999177
22745	0.25935930
22746	0.25874212
22747	0.25815272
22748	0.25760204
22749	0.25709918
22750	0.25665152
22751	0.25626487
22752	0.25594339
22753	0.25568989
22754	0.25550574
22755	0.25539112
22756	0.25534499
22757	0.25536513
22758	0.25544834
22759	0.25559032
22760	0.25578588
22761	0.25602904
22762	0.25631303
22763	0.25663072
22764	0.25697446
22765	0.25733650
22766	0.25770909
22767	0.25808474
22768	0.25845629
22769	0.25881696
22770	0.25916079
22771	0.25948232
22772	0.25977695
22773	0.26004079
22774	0.26027074
22775	0.26046437
22776	0.26061991
22777	0.26073635
22778	0.26081309
22779	0.26085019
22780	0.26084822
22781	0.26080820
22782	0.26073179
22783	0.26062113
22784	0.26047897
22785	0.26030880
22786	0.26011452
22787	0.25990084
22788	0.25967279
22789	0.25943601
22790	0.25919631
22791	0.25895965
22792	0.25873184
22793	0.25851855
22794	0.25832498
22795	0.25815567
22796	0.25801459
22797	0.25790489
22798	0.25782895
22799	0.25778842
22800	0.25778416
22801	0.25781646
22802	0.25788501
22803	0.25798908
22804	0.25812745
22805	0.25829867
22806	0.25850102
22807	0.25873256
22808	0.25899115
22809	0.25927439
22810	0.25957966
22811	0.25990400
22812	0.26024416
22813	0.26059636
22814	0.26095650
22815	0.26131988
22816	0.26168132
22817	0.26203522
22818	0.26237553
22819	0.26269594
22820	0.26298985
22821	0.26325083
22822	0.26347256
22823	0.26364931
22824	0.26377603
22825	0.26384860
22826	0.26386422
22827	0.26382148
22828	0.26372045
22829	0.26356274
22830	0.26335156
22831	0.26309156
22832	0.26278862
22833	0.26244974
22834	0.26208270
22835	0.26169607
22836	0.26129875
22837	0.26089993
22838	0.26050898
22839	0.26013520
22840	0.25978774
22841	0.25947559
22842	0.25920728
22843	0.25899076
22844	0.25883341
22845	0.25874150
22846	0.25872040
22847	0.25877401
22848	0.25890496
22849	0.25911394
22850	0.25939986
22851	0.25975966
22852	0.26018819
22853	0.26067811
22854	0.26122004
22855	0.26180258
22856	0.26241285
22857	0.26303646
22858	0.26365840
22859	0.26426348
22860	0.26483729
22861	0.26536676
22862	0.26584119
22863	0.26625282
22864	0.26659763
22865	0.26687568
22866	0.26709154
22867	0.26725414
22868	0.26737666
22869	0.26747635
22870	0.26757398
22871	0.26769373
22872	0.26786232
22873	0.26810932
22874	0.26846656
22875	0.26896876
22876	0.26965341
22877	0.27056143
22878	0.27173820
22879	0.27323428
22880	0.27510715
22881	0.27742317
22882	0.28025913
22883	0.28370541
22884	0.28786910
22885	0.29287848
22886	0.29888812
22887	0.30608550
22888	0.31470180
22889	0.32502463
22890	0.33742273
22891	0.35237759
22892	0.37054583
22893	0.39285833
22894	0.42071068
22895	0.45631793
22896	0.50345325
22897	0.56911343
22898	0.66786754
22899	0.83567351
22900	1.19125140
22901	2.49240851
22902	NaN
22903	NaN
22904	NaN
22905	NaN
22906	NaN
22907	NaN
22908	NaN
22909	NaN
22910	NaN
22911	NaN
22912	NaN
22913	NaN
22914	NaN
22915	NaN
22916	NaN
22917	NaN
22918	NaN
22919	NaN
22920	NaN
22921	NaN
22922	NaN
22923	NaN
22924	NaN
22925	NaN
22926	NaN
22927	NaN
22928	NaN
22929	NaN
22930	NaN
22931	NaN
22932	NaN
22933	NaN
22934	NaN
22935	NaN
22936	NaN
22937	NaN
22938	NaN
22939	NaN
22940	NaN
22941	NaN
22942	NaN
22943	NaN
22944	NaN
22945	NaN
22946	NaN
22947	NaN
22948	NaN
22949	NaN
22950	NaN
22951	NaN
22952	NaN
22953	NaN
22954	NaN
22955	NaN
22956	NaN
22957	NaN
22958	NaN
22959	NaN
22960	NaN
22961	NaN
22962	NaN
22963	NaN
22964	NaN
22965	NaN
22966	NaN
22967	NaN
22968	NaN
22969	NaN
22970	NaN
22971	NaN
22972	NaN
22973	NaN
22974	NaN
22975	NaN
22976	NaN
22977	NaN
22978	NaN
22979	NaN
22980	NaN
22981	NaN
22982	0.68790883
22983	0.49172327
22984	0.42766094
22985	0.39594305
22986	0.37702528
22987	0.36445752
22988	0.35549650
22989	0.34877998
22990	0.34355614
22991	0.33937654
22992	0.33595750
22993	0.33311081
22994	0.33070651
22995	0.32865191
22996	0.32687908
22997	0.32533708
22998	0.32398725
22999	0.32279959
23000	0.32175088
23001	0.32082313
23002	0.32000247
23003	0.31927848
23004	0.31864354
23005	0.31809244
23006	0.31762198
23007	0.31723049
23008	0.31691775
23009	0.31668442
23010	0.31653181
23011	0.31646132
23012	0.31647432
23013	0.31657144
23014	0.31675220
23015	0.31701449
23016	0.31735411
23017	0.31776449
23018	0.31823617
23019	0.31875694
23020	0.31931168
23021	0.31988284
23022	0.32045093
23023	0.32099539
23024	0.32149553
23025	0.32193190
23026	0.32228744
23027	0.32254869
23028	0.32270676
23029	0.32275826
23030	0.32270527
23031	0.32255548
23032	0.32232171
23033	0.32202083
23034	0.32167301
23035	0.32130015
23036	0.32092497
23037	0.32056943
23038	0.32025427
23039	0.31999752
23040	0.31981441
23041	0.31971666
23042	0.31971228
23043	0.31980544
23044	0.31999651
23045	0.32028222
23046	0.32065591
23047	0.32110775
23048	0.32162514
23049	0.32219321
23050	0.32279521
23051	0.32341316
23052	0.32402843
23053	0.32462221
23054	0.32517648
23055	0.32567441
23056	0.32610109
23057	0.32644418
23058	0.32669434
23059	0.32684556
23060	0.32689536
23061	0.32684490
23062	0.32669887
23063	0.32646501
23064	0.32615381
23065	0.32577792
23066	0.32535151
23067	0.32488969
23068	0.32440791
23069	0.32392138
23070	0.32344463
23071	0.32299107
23072	0.32257286
23073	0.32220036
23074	0.32188243
23075	0.32162613
23076	0.32143676
23077	0.32131800
23078	0.32127193
23079	0.32129911
23080	0.32139885
23081	0.32156923
23082	0.32180718
23083	0.32210875
23084	0.32246915
23085	0.32288286
23086	0.32334390
23087	0.32384577
23088	0.32438189
23089	0.32494539
23090	0.32552961
23091	0.32612804
23092	0.32673445
23093	0.32734311
23094	0.32794866
23095	0.32854640
23096	0.32913220
23097	0.32970247
23098	0.33025399
23099	0.33078396
23100	0.33128995
23101	0.33176950
23102	0.33222017
23103	0.33263946
23104	0.33302438
23105	0.33337191
23106	0.33367842
23107	0.33394009
23108	0.33415279
23109	0.33431238
23110	0.33441472
23111	0.33445609
23112	0.33443320
23113	0.33434394
23114	0.33418709
23115	0.33396316
23116	0.33367437
23117	0.33332491
23118	0.33292103
23119	0.33247119
23120	0.33198589
23121	0.33147758
23122	0.33096018
23123	0.33044893
23124	0.32995978
23125	0.32950902
23126	0.32911262
23127	0.32878599
23128	0.32854316
23129	0.32839662
23130	0.32835698
23131	0.32843253
23132	0.32862905
23133	0.32894975
23134	0.32939503
23135	0.32996255
23136	0.33064720
23137	0.33144116
23138	0.33233401
23139	0.33331290
23140	0.33436257
23141	0.33546585
23142	0.33660364
23143	0.33775535
23144	0.33889920
23145	0.34001264
23146	0.34107286
23147	0.34205747
23148	0.34294492
23149	0.34371540
23150	0.34435150
23151	0.34483880
23152	0.34516659
23153	0.34532857
23154	0.34532297
23155	0.34515300
23156	0.34482688
23157	0.34435764
23158	0.34376284
23159	0.34306419
23160	0.34228674
23161	0.34145841
23162	0.34060898
23163	0.33976951
23164	0.33897156
23165	0.33824643
23166	0.33762455
23167	0.33713496
23168	0.33680481
23169	0.33665887
23170	0.33671910
23171	0.33700433
23172	0.33752966
23173	0.33830625
23174	0.33934045
23175	0.34063381
23176	0.34218237
23177	0.34397620
23178	0.34599945
23179	0.34822997
23180	0.35063973
23181	0.35319501
23182	0.35585737
23183	0.35858461
23184	0.36133221
23185	0.36405495
23186	0.36670864
23187	0.36925194
23188	0.37164798
23189	0.37386587
23190	0.37588167
23191	0.37767929
23192	0.37925032
23193	0.38059437
23194	0.38171816
23195	0.38263547
23196	0.38336566
23197	0.38393396
23198	0.38437012
23199	0.38470894
23200	0.38498983
23201	0.38525757
23202	0.38556254
23203	0.38596293
23204	0.38652554
23205	0.38732952
23206	0.38846785
23207	0.39005288
23208	0.39222038
23209	0.39513677
23210	0.39900663
23211	0.40408474
23212	0.41068915
23213	0.41922283
23214	0.43020222
23215	0.44430244
23216	0.46242595
23217	0.48582241
23218	0.51628917
23219	0.55654907
23220	0.61098903
23221	0.68724251
23222	0.79999065
23223	0.98168892
23224	1.32130444
23225	2.18227649
23226	8.82360554
23227	NaN
23228	NaN
23229	NaN
23230	NaN
23231	NaN
23232	NaN
23233	NaN
23234	NaN
23235	NaN
23236	NaN
23237	NaN
23238	NaN
23239	NaN
23240	NaN
23241	NaN
23242	NaN
23243	NaN
23244	NaN
23245	NaN
23246	NaN
23247	NaN
23248	NaN
23249	NaN
23250	NaN
23251	NaN
23252	NaN
23253	NaN
23254	NaN
23255	NaN
23256	NaN
23257	NaN
23258	NaN
23259	NaN
23260	NaN
23261	NaN
23262	NaN
23263	NaN
23264	NaN
23265	NaN
23266	NaN
23267	NaN
23268	NaN
23269	NaN
23270	NaN
23271	NaN
23272	NaN
23273	NaN
23274	NaN
23275	NaN
23276	NaN
23277	NaN
23278	NaN
23279	NaN
23280	NaN
23281	NaN
23282	NaN
23283	NaN
23284	NaN
23285	NaN
23286	NaN
23287	NaN
23288	NaN
23289	NaN
23290	NaN
23291	NaN
23292	NaN
23293	NaN
23294	NaN
23295	NaN
23296	NaN
23297	NaN
23298	NaN
23299	NaN
23300	NaN
23301	NaN
23302	NaN
23303	NaN
23304	NaN
23305	NaN
23306	NaN
23307	0.53478128
23308	0.32760170
23309	0.28763580
23310	0.26933938
23311	0.25819945
23312	0.25036585
23313	0.24437529
23314	0.23954728
23315	0.23552063
23316	0.23208444
23317	0.22910598
23318	0.22649723
23319	0.22419651
23320	0.22215919
23321	0.22035159
23322	0.21874766
23323	0.21732654
23324	0.21607108
23325	0.21496670
23326	0.21400064
23327	0.21316129
23328	0.21243799
23329	0.21182044
23330	0.21129878
23331	0.21086320
23332	0.21050410
23333	0.21021183
23334	0.20997672
23335	0.20978919
23336	0.20963970
23337	0.20951889
23338	0.20941778
23339	0.20932765
23340	0.20924066
23341	0.20914964
23342	0.20904860
23343	0.20893271
23344	0.20879854
23345	0.20864426
23346	0.20846935
23347	0.20827498
23348	0.20806372
23349	0.20783938
23350	0.20760693
23351	0.20737210
23352	0.20714125
23353	0.20692095
23354	0.20671774
23355	0.20653777
23356	0.20638663
23357	0.20626912
23358	0.20618914
23359	0.20614958
23360	0.20615245
23361	0.20619884
23362	0.20628911
23363	0.20642301
23364	0.20659976
23365	0.20681801
23366	0.20707610
23367	0.20737182
23368	0.20770244
23369	0.20806457
23370	0.20845401
23371	0.20886573
23372	0.20929378
23373	0.20973115
23374	0.21016996
23375	0.21060146
23376	0.21101648
23377	0.21140541
23378	0.21175882
23379	0.21206783
23380	0.21232435
23381	0.21252173
23382	0.21265489
23383	0.21272072
23384	0.21271810
23385	0.21264800
23386	0.21251334
23387	0.21231879
23388	0.21207045
23389	0.21177562
23390	0.21144222
23391	0.21107866
23392	0.21069330
23393	0.21029426
23394	0.20988913
23395	0.20948483
23396	0.20908746
23397	0.20870224
23398	0.20833361
23399	0.20798509
23400	0.20765962
23401	0.20735942
23402	0.20708635
23403	0.20684196
23404	0.20662743
23405	0.20644385
23406	0.20629235
23407	0.20617388
23408	0.20608939
23409	0.20603971
23410	0.20602550
23411	0.20604718
23412	0.20610480
23413	0.20619796
23414	0.20632575
23415	0.20648657
23416	0.20667812
23417	0.20689744
23418	0.20714074
23419	0.20740362
23420	0.20768099
23421	0.20796731
23422	0.20825662
23423	0.20854272
23424	0.20881936
23425	0.20908035
23426	0.20931976
23427	0.20953202
23428	0.20971209
23429	0.20985551
23430	0.20995857
23431	0.21001838
23432	0.21003297
23433	0.21000138
23434	0.20992358
23435	0.20980079
23436	0.20963521
23437	0.20943022
23438	0.20919022
23439	0.20892055
23440	0.20862751
23441	0.20831791
23442	0.20799913
23443	0.20767872
23444	0.20736429
23445	0.20706314
23446	0.20678218
23447	0.20652759
23448	0.20630486
23449	0.20611861
23450	0.20597255
23451	0.20586950
23452	0.20581144
23453	0.20579955
23454	0.20583428
23455	0.20591550
23456	0.20604235
23457	0.20621356
23458	0.20642723
23459	0.20668100
23460	0.20697199
23461	0.20729677
23462	0.20765144
23463	0.20803146
23464	0.20843178
23465	0.20884696
23466	0.20927092
23467	0.20969728
23468	0.21011931
23469	0.21052998
23470	0.21092233
23471	0.21128932
23472	0.21162407
23473	0.21192017
23474	0.21217157
23475	0.21237305
23476	0.21252008
23477	0.21260911
23478	0.21263772
23479	0.21260457
23480	0.21250954
23481	0.21235378
23482	0.21213959
23483	0.21187046
23484	0.21155103
23485	0.21118696
23486	0.21078491
23487	0.21035244
23488	0.20989792
23489	0.20943056
23490	0.20896038
23491	0.20849812
23492	0.20805533
23493	0.20764412
23494	0.20727736
23495	0.20696832
23496	0.20673066
23497	0.20657822
23498	0.20652469
23499	0.20658323
23500	0.20676622
23501	0.20708443
23502	0.20754667
23503	0.20815875
23504	0.20892334
23505	0.20983848
23506	0.21089745
23507	0.21208796
23508	0.21339189
23509	0.21478550
23510	0.21623977
23511	0.21772134
23512	0.21919411
23513	0.22062084
23514	0.22196548
23515	0.22319496
23516	0.22428124
23517	0.22520258
23518	0.22594441
23519	0.22649996
23520	0.22686963
23521	0.22706047
23522	0.22708592
23523	0.22696522
23524	0.22672307
23525	0.22639032
23526	0.22600472
23527	0.22561485
23528	0.22528316
23529	0.22509493
23530	0.22516738
23531	0.22566913
23532	0.22684783
23533	0.22907850
23534	0.23294804
23535	0.23941059
23536	0.25009865
23537	0.26800409
23538	0.29915965
23539	0.35764462
23540	0.48520884
23541	0.88340724
23542	NaN
23543	NaN
23544	NaN
23545	NaN
23546	NaN
23547	NaN
23548	NaN
23549	NaN
23550	NaN
23551	NaN
23552	NaN
23553	NaN
23554	NaN
23555	NaN
23556	NaN
23557	NaN
23558	NaN
23559	NaN
23560	NaN
23561	NaN
23562	NaN
23563	NaN
23564	NaN
23565	NaN
23566	NaN
23567	NaN
23568	NaN
23569	NaN
23570	NaN
23571	NaN
23572	NaN
23573	NaN
23574	NaN
23575	NaN
23576	NaN
23577	NaN
23578	NaN
23579	NaN
23580	NaN
23581	NaN
23582	NaN
23583	NaN
23584	NaN
23585	NaN
23586	NaN
23587	NaN
23588	NaN
23589	NaN
23590	NaN
23591	NaN
23592	NaN
23593	NaN
23594	NaN
23595	NaN
23596	NaN
23597	NaN
23598	NaN
23599	NaN
23600	NaN
23601	NaN
23602	NaN
23603	NaN
23604	NaN
23605	NaN
23606	NaN
23607	NaN
23608	NaN
23609	NaN
23610	NaN
23611	NaN
23612	NaN
23613	NaN
23614	NaN
23615	NaN
23616	NaN
23617	NaN
23618	NaN
23619	NaN
23620	NaN
23621	NaN
23622	NaN
23623	NaN
23624	NaN
23625	NaN
23626	NaN
23627	NaN
23628	NaN
23629	NaN
23630	NaN
23631	NaN
23632	NaN
23633	NaN
23634	NaN
23635	NaN
23636	NaN
23637	NaN
23638	NaN
23639	1.09206915
23640	0.53812081
23641	0.42287990
23642	0.37302834
23643	0.34526843
23644	0.32764590
23645	0.31553078
23646	0.30675092
23647	0.30015069
23648	0.29505721
23649	0.29105130
23650	0.28785741
23651	0.28528649
23652	0.28320399
23653	0.28151146
23654	0.28013495
23655	0.27901781
23656	0.27811620
23657	0.27739567
23658	0.27682903
23659	0.27639496
23660	0.27607667
23661	0.27586144
23662	0.27573940
23663	0.27570343
23664	0.27574840
23665	0.27587089
23666	0.27606842
23667	0.27633935
23668	0.27668199
23669	0.27709442
23670	0.27757379
23671	0.27811599
23672	0.27871495
23673	0.27936268
23674	0.28004870
23675	0.28076008
23676	0.28148147
23677	0.28219560
23678	0.28288344
23679	0.28352532
23680	0.28410164
23681	0.28459394
23682	0.28498617
23683	0.28526559
23684	0.28542382
23685	0.28545737
23686	0.28536829
23687	0.28516370
23688	0.28485584
23689	0.28446117
23690	0.28399935
23691	0.28349233
23692	0.28296307
23693	0.28243464
23694	0.28192902
23695	0.28146654
23696	0.28106520
23697	0.28074011
23698	0.28050336
23699	0.28036389
23700	0.28032726
23701	0.28039587
23702	0.28056896
23703	0.28084275
23704	0.28121066
23705	0.28166354
23706	0.28218979
23707	0.28277585
23708	0.28340632
23709	0.28406456
23710	0.28473315
23711	0.28539437
23712	0.28603074
23713	0.28662592
23714	0.28716499
23715	0.28763506
23716	0.28802612
23717	0.28833082
23718	0.28854507
23719	0.28866792
23720	0.28870144
23721	0.28865048
23722	0.28852236
23723	0.28832626
23724	0.28807306
23725	0.28777465
23726	0.28744364
23727	0.28709304
23728	0.28673577
23729	0.28638446
23730	0.28605130
23731	0.28574762
23732	0.28548393
23733	0.28526962
23734	0.28511295
23735	0.28502095
23736	0.28499934
23737	0.28505251
23738	0.28518352
23739	0.28539386
23740	0.28568399
23741	0.28605270
23742	0.28649774
23743	0.28701541
23744	0.28760108
23745	0.28824887
23746	0.28895205
23747	0.28970313
23748	0.29049382
23749	0.29131535
23750	0.29215863
23751	0.29301435
23752	0.29387316
23753	0.29472595
23754	0.29556379
23755	0.29637811
23756	0.29716080
23757	0.29790431
23758	0.29860148
23759	0.29924566
23760	0.29983073
23761	0.30035084
23762	0.30080080
23763	0.30117565
23764	0.30147102
23765	0.30168322
23766	0.30180913
23767	0.30184662
23768	0.30179471
23769	0.30165371
23770	0.30142561
23771	0.30111423
23772	0.30072552
23773	0.30026770
23774	0.29975128
23775	0.29918936
23776	0.29859707
23777	0.29799172
23778	0.29739234
23779	0.29681906
23780	0.29629263
23781	0.29583380
23782	0.29546264
23783	0.29519781
23784	0.29505607
23785	0.29505181
23786	0.29519656
23787	0.29549882
23788	0.29596376
23789	0.29659319
23790	0.29738554
23791	0.29833588
23792	0.29943573
23793	0.30067340
23794	0.30203396
23795	0.30349925
23796	0.30504826
23797	0.30665696
23798	0.30829886
23799	0.30994529
23800	0.31156573
23801	0.31312868
23802	0.31460208
23803	0.31595448
23804	0.31715587
23805	0.31817883
23806	0.31899953
23807	0.31959906
23808	0.31996399
23809	0.32008761
23810	0.31997010
23811	0.31961891
23812	0.31904873
23813	0.31828088
23814	0.31734294
23815	0.31626764
23816	0.31509203
23817	0.31385633
23818	0.31260282
23819	0.31137499
23820	0.31021634
23821	0.30916965
23822	0.30827630
23823	0.30757546
23824	0.30710366
23825	0.30689406
23826	0.30697599
23827	0.30737454
23828	0.30810964
23829	0.30919546
23830	0.31063980
23831	0.31244287
23832	0.31459665
23833	0.31708360
23834	0.31987631
23835	0.32293659
23836	0.32621545
23837	0.32965347
23838	0.33318228
23839	0.33672607
23840	0.34020463
23841	0.34353667
23842	0.34664404
23843	0.34945524
23844	0.35190961
23845	0.35396001
23846	0.35557556
23847	0.35674232
23848	0.35746369
23849	0.35775921
23850	0.35766301
23851	0.35722166
23852	0.35649210
23853	0.35553944
23854	0.35443556
23855	0.35325822
23856	0.35209098
23857	0.35102448
23858	0.35015827
23859	0.34960470
23860	0.34949332
23861	0.34997782
23862	0.35124481
23863	0.35352632
23864	0.35711378
23865	0.36237949
23866	0.36980385
23867	0.38001296
23868	0.39383039
23869	0.41235250
23870	0.43706125
23871	0.47000384
23872	0.51409209
23873	0.57365388
23874	0.65552104
23875	0.77139866
23876	0.94369155
23877	1.22239590
23878	1.74847436
23879	3.13724613
23880	NaN
23881	NaN
23882	NaN
23883	NaN
23884	NaN
23885	NaN
23886	NaN
23887	NaN
23888	NaN
23889	NaN
23890	NaN
23891	NaN
23892	NaN
23893	NaN
23894	NaN
23895	NaN
23896	NaN
23897	NaN
23898	NaN
23899	NaN
23900	NaN
23901	NaN
23902	NaN
23903	NaN
23904	NaN
23905	NaN
23906	NaN
23907	NaN
23908	NaN
23909	NaN
23910	NaN
23911	NaN
23912	NaN
23913	NaN
23914	NaN
23915	NaN
23916	NaN
23917	NaN
23918	NaN
23919	NaN
23920	NaN
23921	NaN
23922	NaN
23923	NaN
23924	NaN
23925	NaN
23926	NaN
23927	NaN
23928	NaN
23929	NaN
23930	NaN
23931	NaN
23932	NaN
23933	NaN
23934	NaN
23935	NaN
23936	NaN
23937	NaN
23938	NaN
23939	NaN
23940	NaN
23941	NaN
23942	NaN
23943	NaN
23944	NaN
23945	NaN
23946	NaN
23947	NaN
23948	NaN
23949	NaN
23950	NaN
23951	NaN
23952	NaN
23953	NaN
23954	NaN
23955	NaN
23956	NaN
23957	NaN
23958	NaN
23959	NaN
23960	NaN
23961	NaN
23962	NaN
23963	NaN
23964	0.92738819
23965	0.41244635
23966	0.32923114
23967	0.29436439
23968	0.27482003
23969	0.26213336
23970	0.25314292
23971	0.24639608
23972	0.24112943
23973	0.23690137
23974	0.23343764
23975	0.23055783
23976	0.22813818
23977	0.22609024
23978	0.22434916
23979	0.22286579
23980	0.22160229
23981	0.22052872
23982	0.21962073
23983	0.21885811
23984	0.21822353
23985	0.21770175
23986	0.21727893
23987	0.21694209
23988	0.21667878
23989	0.21647678
23990	0.21632406
23991	0.21620856
23992	0.21611822
23993	0.21604089
23994	0.21596472
23995	0.21587807
23996	0.21576984
23997	0.21562970
23998	0.21544819
23999	0.21521710
24000	0.21492974
24001	0.21458115
24002	0.21416816
24003	0.21368988
24004	0.21314764
24005	0.21254526
24006	0.21188909
24007	0.21118799
24008	0.21045332
24009	0.20969881
24010	0.20894028
24011	0.20819522
24012	0.20748235
24013	0.20682095
24014	0.20623018
24015	0.20572831
24016	0.20533198
24017	0.20505534
24018	0.20490958
24019	0.20490220
24020	0.20503679
24021	0.20531270
24022	0.20572528
24023	0.20626597
24024	0.20692292
24025	0.20768131
24026	0.20852414
24027	0.20943242
24028	0.21038602
24029	0.21136391
24030	0.21234472
24031	0.21330719
24032	0.21423066
24033	0.21509551
24034	0.21588373
24035	0.21657950
24036	0.21716955
24037	0.21764366
24038	0.21799497
24039	0.21822014
24040	0.21831952
24041	0.21829683
24042	0.21815902
24043	0.21791583
24044	0.21757926
24045	0.21716304
24046	0.21668196
24047	0.21615122
24048	0.21558601
24049	0.21500096
24050	0.21440977
24051	0.21382488
24052	0.21325745
24053	0.21271701
24054	0.21221174
24055	0.21174826
24056	0.21133186
24057	0.21096666
24058	0.21065551
24059	0.21040037
24060	0.21020231
24061	0.21006151
24062	0.20997746
24063	0.20994891
24064	0.20997393
24065	0.21004993
24066	0.21017361
24067	0.21034110
24068	0.21054792
24069	0.21078902
24070	0.21105902
24071	0.21135190
24072	0.21166158
24073	0.21198156
24074	0.21230547
24075	0.21262674
24076	0.21293901
24077	0.21323609
24078	0.21351212
24079	0.21376166
24080	0.21397968
24081	0.21416186
24082	0.21430443
24083	0.21440440
24084	0.21445955
24085	0.21446860
24086	0.21443102
24087	0.21434738
24088	0.21421909
24089	0.21404862
24090	0.21383941
24091	0.21359588
24092	0.21332325
24093	0.21302757
24094	0.21271561
24095	0.21239458
24096	0.21207194
24097	0.21175529
24098	0.21145195
24099	0.21116897
24100	0.21091262
24101	0.21068843
24102	0.21050082
24103	0.21035318
24104	0.21024768
24105	0.21018538
24106	0.21016611
24107	0.21018872
24108	0.21025117
24109	0.21035054
24110	0.21048339
24111	0.21064572
24112	0.21083318
24113	0.21104129
24114	0.21126539
24115	0.21150079
24116	0.21174295
24117	0.21198732
24118	0.21222964
24119	0.21246582
24120	0.21269208
24121	0.21290484
24122	0.21310098
24123	0.21327777
24124	0.21343285
24125	0.21356443
24126	0.21367128
24127	0.21375272
24128	0.21380872
24129	0.21383975
24130	0.21384697
24131	0.21383177
24132	0.21379596
24133	0.21374159
24134	0.21367052
24135	0.21358462
24136	0.21348540
24137	0.21337406
24138	0.21325158
24139	0.21311842
24140	0.21297492
24141	0.21282145
24142	0.21265833
24143	0.21248628
24144	0.21230635
24145	0.21212022
24146	0.21193013
24147	0.21173903
24148	0.21155044
24149	0.21136841
24150	0.21119750
24151	0.21104248
24152	0.21090829
24153	0.21080001
24154	0.21072240
24155	0.21068001
24156	0.21067698
24157	0.21071678
24158	0.21080242
24159	0.21093583
24160	0.21111812
24161	0.21134941
24162	0.21162884
24163	0.21195470
24164	0.21232419
24165	0.21273395
24166	0.21318018
24167	0.21365874
24168	0.21416573
24169	0.21469770
24170	0.21525206
24171	0.21582717
24172	0.21642306
24173	0.21704128
24174	0.21768527
24175	0.21836047
24176	0.21907444
24177	0.21983719
24178	0.22066155
24179	0.22156332
24180	0.22256206
24181	0.22368172
24182	0.22495240
24183	0.22641082
24184	0.22810265
24185	0.23008530
24186	0.23243047
24187	0.23523006
24188	0.23860066
24189	0.24269356
24190	0.24770579
24191	0.25389919
24192	0.26162606
24193	0.27137145
24194	0.28381920
24195	0.29996809
24196	0.32133767
24197	0.35037786
24198	0.39133233
24199	0.45233855
24200	0.55137527
24201	0.73803562
24202	1.21876192
24203	NaN
24204	NaN
24205	NaN
24206	NaN
24207	NaN
24208	NaN
24209	NaN
24210	NaN
24211	NaN
24212	NaN
24213	NaN
24214	NaN
24215	NaN
24216	NaN
24217	NaN
24218	NaN
24219	NaN
24220	NaN
24221	NaN
24222	NaN
24223	NaN
24224	NaN
24225	NaN
24226	NaN
24227	NaN
24228	NaN
24229	NaN
24230	NaN
24231	NaN
24232	NaN
24233	NaN
24234	NaN
24235	NaN
24236	NaN
24237	NaN
24238	NaN
24239	NaN
24240	NaN
24241	NaN
24242	NaN
24243	NaN
24244	NaN
24245	NaN
24246	NaN
24247	NaN
24248	NaN
24249	NaN
24250	NaN
24251	NaN
24252	NaN
24253	NaN
24254	NaN
24255	NaN
24256	NaN
24257	NaN
24258	NaN
24259	NaN
24260	NaN
24261	NaN
24262	NaN
24263	NaN
24264	NaN
24265	NaN
24266	NaN
24267	NaN
24268	NaN
24269	NaN
24270	NaN
24271	NaN
24272	NaN
24273	NaN
24274	NaN
24275	NaN
24276	NaN
24277	NaN
24278	NaN
24279	NaN
24280	NaN
24281	NaN
24282	NaN
24283	NaN
24284	NaN
24285	NaN
24286	NaN
24287	NaN
24288	NaN
24289	NaN
24290	NaN
24291	NaN
24292	NaN
24293	NaN
24294	4.16664124
24295	0.64392531
24296	0.46654242
24297	0.40319043
24298	0.37058261
24299	0.35068035
24300	0.33726162
24301	0.32760614
24302	0.32033542
24303	0.31467584
24304	0.31015950
24305	0.30648649
24306	0.30345535
24307	0.30092567
24308	0.29879639
24309	0.29699281
24310	0.29545867
24311	0.29415086
24312	0.29303584
24313	0.29208764
24314	0.29128596
24315	0.29061523
24316	0.29006347
24317	0.28962198
24318	0.28928444
24319	0.28904667
24320	0.28890595
24321	0.28886086
24322	0.28891042
24323	0.28905398
24324	0.28929055
24325	0.28961843
24326	0.29003453
24327	0.29053408
24328	0.29111001
24329	0.29175282
24330	0.29245004
24331	0.29318652
24332	0.29394424
24333	0.29470292
24334	0.29544044
24335	0.29613397
24336	0.29676083
24337	0.29729986
24338	0.29773280
24339	0.29804537
24340	0.29822841
24341	0.29827866
24342	0.29819906
24343	0.29799846
24344	0.29769135
24345	0.29729679
24346	0.29683724
24347	0.29633713
24348	0.29582170
24349	0.29531574
24350	0.29484239
24351	0.29442233
24352	0.29407337
24353	0.29380980
24354	0.29364237
24355	0.29357821
24356	0.29362085
24357	0.29377040
24358	0.29402372
24359	0.29437467
24360	0.29481426
24361	0.29533094
24362	0.29591087
24363	0.29653823
24364	0.29719576
24365	0.29786500
24366	0.29852706
24367	0.29916316
24368	0.29975545
24369	0.30028757
24370	0.30074561
24371	0.30111834
24372	0.30139807
24373	0.30158070
24374	0.30166584
24375	0.30165672
24376	0.30155978
24377	0.30138430
24378	0.30114174
24379	0.30084512
24380	0.30050847
24381	0.30014601
24382	0.29977196
24383	0.29939985
24384	0.29904220
24385	0.29871047
24386	0.29841459
24387	0.29816312
24388	0.29796314
24389	0.29782024
24390	0.29773849
24391	0.29772073
24392	0.29776829
24393	0.29788142
24394	0.29805911
24395	0.29829931
24396	0.29859900
24397	0.29895431
24398	0.29936063
24399	0.29981279
24400	0.30030516
24401	0.30083191
24402	0.30138713
24403	0.30196485
24404	0.30255938
24405	0.30316532
24406	0.30377758
24407	0.30439141
24408	0.30500260
24409	0.30560714
24410	0.30620137
24411	0.30678165
24412	0.30734453
24413	0.30788642
24414	0.30840349
24415	0.30889171
24416	0.30934677
24417	0.30976397
24418	0.31013834
24419	0.31046471
24420	0.31073770
24421	0.31095204
24422	0.31110254
24423	0.31118438
24424	0.31119338
24425	0.31112632
24426	0.31098109
24427	0.31075716
24428	0.31045595
24429	0.31008092
24430	0.30963796
24431	0.30913562
24432	0.30858490
24433	0.30799943
24434	0.30739513
24435	0.30678964
24436	0.30620220
24437	0.30565274
24438	0.30516136
24439	0.30474764
24440	0.30443013
24441	0.30422550
24442	0.30414844
24443	0.30421093
24444	0.30442229
24445	0.30478874
24446	0.30531335
24447	0.30599594
24448	0.30683315
24449	0.30781814
24450	0.30894086
24451	0.31018776
24452	0.31154194
24453	0.31298336
24454	0.31448874
24455	0.31603196
24456	0.31758454
24457	0.31911600
24458	0.32059458
24459	0.32198828
24460	0.32326561
24461	0.32439676
24462	0.32535473
24463	0.32611641
24464	0.32666373
24465	0.32698432
24466	0.32707238
24467	0.32692897
24468	0.32656208
24469	0.32598639
24470	0.32522285
24471	0.32429796
24472	0.32324281
24473	0.32209229
24474	0.32088390
24475	0.31965682
24476	0.31845123
24477	0.31730705
24478	0.31626374
24479	0.31535926
24480	0.31462973
24481	0.31410885
24482	0.31382746
24483	0.31381294
24484	0.31408873
24485	0.31467363
24486	0.31558117
24487	0.31681886
24488	0.31838739
24489	0.32027978
24490	0.32248092
24491	0.32496700
24492	0.32770550
24493	0.33065522
24494	0.33376732
24495	0.33698630
24496	0.34025198
24497	0.34350184
24498	0.34667331
24499	0.34970650
24500	0.35254714
24501	0.35514811
24502	0.35747191
24503	0.35949129
24504	0.36119020
24505	0.36256328
24506	0.36361599
24507	0.36436293
24508	0.36482745
24509	0.36504009
24510	0.36503774
24511	0.36486265
24512	0.36456254
24513	0.36418971
24514	0.36380216
24515	0.36346406
24516	0.36324742
24517	0.36323416
24518	0.36351886
24519	0.36421233
24520	0.36544600
24521	0.36737734
24522	0.37019679
24523	0.37413555
24524	0.37947595
24525	0.38656399
24526	0.39582756
24527	0.40779951
24528	0.42315596
24529	0.44277465
24530	0.46783715
24531	0.50000286
24532	0.54173648
24533	0.59693909
24534	0.67227846
24535	0.78026402
24536	0.94754463
24537	1.24264848
24538	1.91095138
24539	4.97334385
24540	NaN
24541	NaN
24542	NaN
24543	NaN
24544	NaN
24545	NaN
24546	NaN
24547	NaN
24548	NaN
24549	NaN
24550	NaN
24551	NaN
24552	NaN
24553	NaN
24554	NaN
24555	NaN
24556	NaN
24557	NaN
24558	NaN
24559	NaN
24560	NaN
24561	NaN
24562	NaN
24563	NaN
24564	NaN
24565	NaN
24566	NaN
24567	NaN
24568	NaN
24569	NaN
24570	NaN
24571	NaN
24572	NaN
24573	NaN
24574	NaN
24575	NaN
24576	NaN
24577	NaN
24578	NaN
24579	NaN
24580	NaN
24581	NaN
24582	NaN
24583	NaN
24584	NaN
24585	NaN
24586	NaN
24587	NaN
24588	NaN
24589	NaN
24590	NaN
24591	NaN
24592	NaN
24593	NaN
24594	NaN
24595	NaN
24596	NaN
24597	NaN
24598	NaN
24599	NaN
24600	NaN
24601	NaN
24602	NaN
24603	NaN
24604	NaN
24605	NaN
24606	NaN
24607	NaN
24608	NaN
24609	NaN
24610	NaN
24611	NaN
24612	NaN
24613	NaN
24614	NaN
24615	NaN
24616	NaN
24617	NaN
24618	NaN
24619	NaN
24620	0.82235545
24621	0.43173039
24622	0.35466462
24623	0.32053056
24624	0.30068204
24625	0.28740120
24626	0.27773303
24627	0.27029845
24628	0.26436439
24629	0.25950277
24630	0.25544518
24631	0.25201312
24632	0.24908243
24633	0.24656312
24634	0.24438788
24635	0.24250482
24636	0.24087305
24637	0.23945950
24638	0.23823702
24639	0.23718295
24640	0.23627786
24641	0.23550504
24642	0.23484969
24643	0.23429850
24644	0.23383939
24645	0.23346108
24646	0.23315285
24647	0.23290457
24648	0.23270640
24649	0.23254889
24650	0.23242298
24651	0.23232016
24652	0.23223253
24653	0.23215285
24654	0.23207499
24655	0.23199366
24656	0.23190485
24657	0.23180564
24658	0.23169449
24659	0.23157112
24660	0.23143642
24661	0.23129244
24662	0.23114231
24663	0.23098996
24664	0.23084013
24665	0.23069811
24666	0.23056960
24667	0.23046063
24668	0.23037729
24669	0.23032570
24670	0.23031168
24671	0.23034063
24672	0.23041734
24673	0.23054580
24674	0.23072894
24675	0.23096862
24676	0.23126544
24677	0.23161858
24678	0.23202595
24679	0.23248398
24680	0.23298775
24681	0.23353089
24682	0.23410569
24683	0.23470317
24684	0.23531304
24685	0.23592401
24686	0.23652367
24687	0.23709910
24688	0.23763683
24689	0.23812348
24690	0.23854607
24691	0.23889263
24692	0.23915270
24693	0.23931788
24694	0.23938224
24695	0.23934272
24696	0.23919949
24697	0.23895583
24698	0.23861822
24699	0.23819593
24700	0.23770058
24701	0.23714575
24702	0.23654614
24703	0.23591715
24704	0.23527405
24705	0.23463151
24706	0.23400322
24707	0.23340140
24708	0.23283671
24709	0.23231803
24710	0.23185240
24711	0.23144527
24712	0.23110038
24713	0.23082009
24714	0.23060544
24715	0.23045637
24716	0.23037182
24717	0.23034991
24718	0.23038813
24719	0.23048320
24720	0.23063141
24721	0.23082849
24722	0.23106977
24723	0.23135020
24724	0.23166443
24725	0.23200679
24726	0.23237151
24727	0.23275261
24728	0.23314416
24729	0.23354030
24730	0.23393519
24731	0.23432338
24732	0.23469956
24733	0.23505881
24734	0.23539659
24735	0.23570868
24736	0.23599134
24737	0.23624121
24738	0.23645535
24739	0.23663135
24740	0.23676716
24741	0.23686133
24742	0.23691300
24743	0.23692185
24744	0.23688830
24745	0.23681352
24746	0.23669942
24747	0.23654883
24748	0.23636538
24749	0.23615353
24750	0.23591857
24751	0.23566636
24752	0.23540339
24753	0.23513646
24754	0.23487252
24755	0.23461846
24756	0.23438084
24757	0.23416591
24758	0.23397909
24759	0.23382510
24760	0.23370774
24761	0.23362991
24762	0.23359352
24763	0.23359962
24764	0.23364830
24765	0.23373890
24766	0.23387009
24767	0.23403993
24768	0.23424593
24769	0.23448528
24770	0.23475468
24771	0.23505063
24772	0.23536927
24773	0.23570649
24774	0.23605791
24775	0.23641878
24776	0.23678413
24777	0.23714866
24778	0.23750681
24779	0.23785281
24780	0.23818089
24781	0.23848516
24782	0.23876001
24783	0.23900008
24784	0.23920061
24785	0.23935747
24786	0.23946741
24787	0.23952825
24788	0.23953889
24789	0.23949952
24790	0.23941158
24791	0.23927784
24792	0.23910229
24793	0.23889005
24794	0.23864722
24795	0.23838069
24796	0.23809797
24797	0.23780704
24798	0.23751593
24799	0.23723288
24800	0.23696586
24801	0.23672278
24802	0.23651107
24803	0.23633783
24804	0.23620975
24805	0.23613292
24806	0.23611300
24807	0.23615479
24808	0.23626243
24809	0.23643886
24810	0.23668587
24811	0.23700385
24812	0.23739128
24813	0.23784481
24814	0.23835890
24815	0.23892577
24816	0.23953541
24817	0.24017566
24818	0.24083258
24819	0.24149086
24820	0.24213430
24821	0.24274683
24822	0.24331291
24823	0.24381845
24824	0.24425159
24825	0.24460322
24826	0.24486755
24827	0.24504216
24828	0.24512839
24829	0.24513109
24830	0.24505851
24831	0.24492207
24832	0.24473588
24833	0.24451639
24834	0.24428219
24835	0.24405357
24836	0.24385248
24837	0.24370225
24838	0.24362773
24839	0.24365541
24840	0.24381343
24841	0.24413238
24842	0.24464516
24843	0.24538814
24844	0.24640088
24845	0.24772741
24846	0.24941614
24847	0.25152019
24848	0.25409678
24849	0.25720742
24850	0.26091728
24851	0.26529482
24852	0.27041191
24853	0.27634594
24854	0.28318381
24855	0.29103044
24856	0.30002207
24857	0.31034848
24858	0.32228929
24859	0.33627051
24860	0.35296291
24861	0.37345359
24862	0.39958999
24863	0.43472022
24864	0.48551619
24865	0.56733942
24866	0.72505158
24867	1.16872370
24868	NaN
24869	NaN
24870	NaN
24871	NaN
24872	NaN
24873	NaN
24874	NaN
24875	NaN
24876	NaN
24877	NaN
24878	NaN
24879	NaN
24880	NaN
24881	NaN
24882	NaN
24883	NaN
24884	NaN
24885	NaN
24886	NaN
24887	NaN
24888	NaN
24889	NaN
24890	NaN
24891	NaN
24892	NaN
24893	NaN
24894	NaN
24895	NaN
24896	NaN
24897	NaN
24898	NaN
24899	NaN
24900	NaN
24901	NaN
24902	NaN
24903	NaN
24904	NaN
24905	NaN
24906	NaN
24907	NaN
24908	NaN
24909	NaN
24910	NaN
24911	NaN
24912	NaN
24913	NaN
24914	NaN
24915	NaN
24916	NaN
24917	NaN
24918	NaN
24919	NaN
24920	NaN
24921	NaN
24922	NaN
24923	NaN
24924	NaN
24925	NaN
24926	NaN
24927	NaN
24928	NaN
24929	NaN
24930	NaN
24931	NaN
24932	NaN
24933	NaN
24934	NaN
24935	NaN
24936	NaN
24937	NaN
24938	NaN
24939	NaN
24940	NaN
24941	NaN
24942	NaN
24943	NaN
24944	NaN
24945	NaN
24946	NaN
24947	1.03320265
24948	0.58178276
24949	0.46990407
24950	0.41909260
24951	0.39004463
24952	0.37124574
24953	0.35809976
24954	0.34841067
24955	0.34099615
24956	0.33516243
24957	0.33047509
24958	0.32664782
24959	0.32348397
24960	0.32084361
24961	0.31862444
24962	0.31674981
24963	0.31516129
24964	0.31381369
24965	0.31267151
24966	0.31170720
24967	0.31089899
24968	0.31023020
24969	0.30968812
24970	0.30926344
24971	0.30894950
24972	0.30874202
24973	0.30863819
24974	0.30863646
24975	0.30873588
24976	0.30893534
24977	0.30923325
24978	0.30962682
24979	0.31011146
24980	0.31068033
24981	0.31132400
24982	0.31203002
24983	0.31278303
24984	0.31356469
24985	0.31435406
24986	0.31512836
24987	0.31586361
24988	0.31653592
24989	0.31712261
24990	0.31760350
24991	0.31796235
24992	0.31818777
24993	0.31827438
24994	0.31822282
24995	0.31804028
24996	0.31773990
24997	0.31733996
24998	0.31686300
24999	0.31633437
25000	0.31578097
25001	0.31523001
25002	0.31470770
25003	0.31423825
25004	0.31384322
25005	0.31354052
25006	0.31334433
25007	0.31326470
25008	0.31330737
25009	0.31347385
25010	0.31376153
25011	0.31416386
25012	0.31467074
25013	0.31526870
25014	0.31594151
25015	0.31667060
25016	0.31743577
25017	0.31821576
25018	0.31898895
25019	0.31973416
25020	0.32043135
25021	0.32106230
25022	0.32161132
25023	0.32206571
25024	0.32241619
25025	0.32265714
25026	0.32278687
25027	0.32280731
25028	0.32272395
25029	0.32254541
25030	0.32228306
25031	0.32195023
25032	0.32156196
25033	0.32113406
25034	0.32068267
25035	0.32022366
25036	0.31977212
25037	0.31934214
25038	0.31894630
25039	0.31859556
25040	0.31829917
25041	0.31806469
25042	0.31789795
25043	0.31780317
25044	0.31778306
25045	0.31783900
25046	0.31797111
25047	0.31817830
25048	0.31845853
25049	0.31880870
25050	0.31922483
25051	0.31970215
25052	0.32023501
25053	0.32081729
25054	0.32144210
25055	0.32210216
25056	0.32278991
25057	0.32349774
25058	0.32421798
25059	0.32494316
25060	0.32566628
25061	0.32638055
25062	0.32707983
25063	0.32775834
25064	0.32841066
25065	0.32903171
25066	0.32961667
25067	0.33016074
25068	0.33065930
25069	0.33110768
25070	0.33150125
25071	0.33183551
25072	0.33210626
25073	0.33230957
25074	0.33244216
25075	0.33250153
25076	0.33248621
25077	0.33239606
25078	0.33223239
25079	0.33199823
25080	0.33169845
25081	0.33133987
25082	0.33093137
25083	0.33048368
25084	0.33000934
25085	0.32952252
25086	0.32903856
25087	0.32857376
25088	0.32814485
25089	0.32776845
25090	0.32746074
25091	0.32723689
25092	0.32711068
25093	0.32709411
25094	0.32719702
25095	0.32742691
25096	0.32778871
25097	0.32828450
25098	0.32891363
25099	0.32967246
25100	0.33055440
25101	0.33155006
25102	0.33264720
25103	0.33383104
25104	0.33508423
25105	0.33638731
25106	0.33771896
25107	0.33905625
25108	0.34037524
25109	0.34165123
25110	0.34285954
25111	0.34397593
25112	0.34497723
25113	0.34584221
25114	0.34655198
25115	0.34709087
25116	0.34744725
25117	0.34761372
25118	0.34758791
25119	0.34737277
25120	0.34697643
25121	0.34641248
25122	0.34569955
25123	0.34486076
25124	0.34392303
25125	0.34291661
25126	0.34187371
25127	0.34082803
25128	0.33981371
25129	0.33886439
25130	0.33801275
25131	0.33728966
25132	0.33672374
25133	0.33634084
25134	0.33616364
25135	0.33621144
25136	0.33649948
25137	0.33703879
25138	0.33783567
25139	0.33889121
25140	0.34020087
25141	0.34175423
25142	0.34353453
25143	0.34551862
25144	0.34767714
25145	0.34997496
25146	0.35237202
25147	0.35482419
25148	0.35728502
25149	0.35970727
25150	0.36204484
25151	0.36425456
25152	0.36629802
25153	0.36814302
25154	0.36976483
25155	0.37114692
25156	0.37228113
25157	0.37316754
25158	0.37381440
25159	0.37423670
25160	0.37445608
25161	0.37449968
25162	0.37439975
25163	0.37419277
25164	0.37391943
25165	0.37362465
25166	0.37335718
25167	0.37317035
25168	0.37312230
25169	0.37327662
25170	0.37370315
25171	0.37447861
25172	0.37568754
25173	0.37742394
25174	0.37979192
25175	0.38290781
25176	0.38690138
25177	0.39191929
25178	0.39812759
25179	0.40571663
25180	0.41490847
25181	0.42596737
25182	0.43921703
25183	0.45506707
25184	0.47405481
25185	0.49691570
25186	0.52469426
25187	0.55894071
25188	0.60206252
25189	0.65801209
25190	0.73373508
25191	0.84261709
25192	1.01409876
25193	1.32786882
25194	2.10016131
25195	7.27828503
25196	NaN
25197	NaN
25198	NaN
25199	NaN
25200	NaN
25201	NaN
25202	NaN
25203	NaN
25204	NaN
25205	NaN
25206	NaN
25207	NaN
25208	NaN
25209	NaN
25210	NaN
25211	NaN
25212	NaN
25213	NaN
25214	NaN
25215	NaN
25216	NaN
25217	NaN
25218	NaN
25219	NaN
25220	NaN
25221	NaN
25222	NaN
25223	NaN
25224	NaN
25225	NaN
25226	NaN
25227	NaN
25228	NaN
25229	NaN
25230	NaN
25231	NaN
25232	NaN
25233	NaN
25234	NaN
25235	NaN
25236	NaN
25237	NaN
25238	NaN
25239	NaN
25240	NaN
25241	NaN
25242	NaN
25243	NaN
25244	NaN
25245	NaN
25246	NaN
25247	NaN
25248	NaN
25249	NaN
25250	NaN
25251	NaN
25252	NaN
25253	NaN
25254	NaN
25255	NaN
25256	NaN
25257	NaN
25258	NaN
25259	NaN
25260	NaN
25261	NaN
25262	NaN
25263	NaN
25264	NaN
25265	NaN
25266	NaN
25267	NaN
25268	NaN
25269	0.43233964
25270	0.32247463
25271	0.29462606
25272	0.28088957
25273	0.27215433
25274	0.26580048
25275	0.26079547
25276	0.25665018
25277	0.25310278
25278	0.24999996
25279	0.24724542
25280	0.24477533
25281	0.24254535
25282	0.24052358
25283	0.23868632
25284	0.23701532
25285	0.23549625
25286	0.23411734
25287	0.23286854
25288	0.23174110
25289	0.23072687
25290	0.22981815
25291	0.22900732
25292	0.22828683
25293	0.22764911
25294	0.22708634
25295	0.22659066
25296	0.22615412
25297	0.22576876
25298	0.22542670
25299	0.22512011
25300	0.22484158
25301	0.22458401
25302	0.22434101
25303	0.22410686
25304	0.22387685
25305	0.22364733
25306	0.22341588
25307	0.22318129
25308	0.22294374
25309	0.22270460
25310	0.22246645
25311	0.22223276
25312	0.22200786
25313	0.22179656
25314	0.22160397
25315	0.22143522
25316	0.22129506
25317	0.22118798
25318	0.22111779
25319	0.22108762
25320	0.22109999
25321	0.22115663
25322	0.22125880
25323	0.22140715
25324	0.22160183
25325	0.22184265
25326	0.22212878
25327	0.22245911
25328	0.22283182
25329	0.22324447
25330	0.22369367
25331	0.22417511
25332	0.22468333
25333	0.22521156
25334	0.22575162
25335	0.22629392
25336	0.22682762
25337	0.22734073
25338	0.22782037
25339	0.22825332
25340	0.22862637
25341	0.22892708
25342	0.22914423
25343	0.22926864
25344	0.22929356
25345	0.22921517
25346	0.22903293
25347	0.22874962
25348	0.22837122
25349	0.22790672
25350	0.22736759
25351	0.22676718
25352	0.22612023
25353	0.22544210
25354	0.22474816
25355	0.22405341
25356	0.22337183
25357	0.22271621
25358	0.22209767
25359	0.22152583
25360	0.22100843
25361	0.22055162
25362	0.22015981
25363	0.21983589
25364	0.21958134
25365	0.21939631
25366	0.21927984
25367	0.21923003
25368	0.21924400
25369	0.21931817
25370	0.21944815
25371	0.21962905
25372	0.21985544
25373	0.22012147
25374	0.22042093
25375	0.22074743
25376	0.22109441
25377	0.22145550
25378	0.22182427
25379	0.22219464
25380	0.22256076
25381	0.22291732
25382	0.22325934
25383	0.22358237
25384	0.22388239
25385	0.22415584
25386	0.22439966
25387	0.22461115
25388	0.22478804
25389	0.22492848
25390	0.22503100
25391	0.22509463
25392	0.22511888
25393	0.22510372
25394	0.22504979
25395	0.22495832
25396	0.22483125
25397	0.22467126
25398	0.22448166
25399	0.22426645
25400	0.22403030
25401	0.22377838
25402	0.22351621
25403	0.22324957
25404	0.22298434
25405	0.22272629
25406	0.22248088
25407	0.22225320
25408	0.22204778
25409	0.22186850
25410	0.22171840
25411	0.22159995
25412	0.22151470
25413	0.22146355
25414	0.22144672
25415	0.22146384
25416	0.22151409
25417	0.22159612
25418	0.22170812
25419	0.22184815
25420	0.22201380
25421	0.22220254
25422	0.22241147
25423	0.22263762
25424	0.22287776
25425	0.22312844
25426	0.22338617
25427	0.22364719
25428	0.22390774
25429	0.22416392
25430	0.22441183
25431	0.22464755
25432	0.22486725
25433	0.22506730
25434	0.22524418
25435	0.22539483
25436	0.22551659
25437	0.22560728
25438	0.22566539
25439	0.22569005
25440	0.22568117
25441	0.22563936
25442	0.22556596
25443	0.22546294
25444	0.22533298
25445	0.22517924
25446	0.22500537
25447	0.22481540
25448	0.22461365
25449	0.22440478
25450	0.22419369
25451	0.22398543
25452	0.22378533
25453	0.22359878
25454	0.22343132
25455	0.22328858
25456	0.22317611
25457	0.22309935
25458	0.22306348
25459	0.22307318
25460	0.22313261
25461	0.22324501
25462	0.22341248
25463	0.22363587
25464	0.22391437
25465	0.22424555
25466	0.22462490
25467	0.22504607
25468	0.22550061
25469	0.22597849
25470	0.22646800
25471	0.22695638
25472	0.22743033
25473	0.22787644
25474	0.22828189
25475	0.22863501
25476	0.22892575
25477	0.22914600
25478	0.22929010
25479	0.22935456
25480	0.22933850
25481	0.22924325
25482	0.22907244
25483	0.22883156
25484	0.22852820
25485	0.22817180
25486	0.22777356
25487	0.22734676
25488	0.22690681
25489	0.22647196
25490	0.22606333
25491	0.22570591
25492	0.22542922
25493	0.22526814
25494	0.22526377
25495	0.22546436
25496	0.22592586
25497	0.22671300
25498	0.22789927
25499	0.22956760
25500	0.23180954
25501	0.23472519
25502	0.23842217
25503	0.24301535
25504	0.24862830
25505	0.25539586
25506	0.26347199
25507	0.27304405
25508	0.28435627
25509	0.29775265
25510	0.31374121
25511	0.33311218
25512	0.35715032
25513	0.38805649
25514	0.42987552
25515	0.49083185
25516	0.59043103
25517	0.78856826
25518	1.40108943
25519	NaN
25520	NaN
25521	NaN
25522	NaN
25523	NaN
25524	NaN
25525	NaN
25526	NaN
25527	NaN
25528	NaN
25529	NaN
25530	NaN
25531	NaN
25532	NaN
25533	NaN
25534	NaN
25535	NaN
25536	NaN
25537	NaN
25538	NaN
25539	NaN
25540	NaN
25541	NaN
25542	NaN
25543	NaN
25544	NaN
25545	NaN
25546	NaN
25547	NaN
25548	NaN
25549	NaN
25550	NaN
25551	NaN
25552	NaN
25553	NaN
25554	NaN
25555	NaN
25556	NaN
25557	NaN
25558	NaN
25559	NaN
25560	NaN
25561	NaN
25562	NaN
25563	NaN
25564	NaN
25565	NaN
25566	NaN
25567	NaN
25568	NaN
25569	NaN
25570	NaN
25571	NaN
25572	NaN
25573	NaN
25574	NaN
25575	NaN
25576	NaN
25577	NaN
25578	NaN
25579	NaN
25580	NaN
25581	NaN
25582	NaN
25583	NaN
25584	NaN
25585	NaN
25586	NaN
25587	NaN
25588	NaN
25589	NaN
25590	NaN
25591	NaN
25592	NaN
25593	NaN
25594	NaN
25595	NaN
25596	NaN
25597	NaN
25598	NaN
25599	NaN
25600	NaN
25601	NaN
25602	NaN
25603	NaN
25604	NaN
25605	NaN
25606	NaN
25607	NaN
25608	2.92900252
25609	0.67436749
25610	0.47011629
25611	0.39432347
25612	0.35527933
25613	0.33180043
25614	0.31635955
25615	0.30560434
25616	0.29781294
25617	0.29200888
25618	0.28759655
25619	0.28419149
25620	0.28153446
25621	0.27944428
25622	0.27779061
25623	0.27647740
25624	0.27543265
25625	0.27460131
25626	0.27394116
25627	0.27341944
25628	0.27301073
25629	0.27269530
25630	0.27245814
25631	0.27228776
25632	0.27217585
25633	0.27211639
25634	0.27210534
25635	0.27214000
25636	0.27221870
25637	0.27234039
25638	0.27250412
25639	0.27270874
25640	0.27295247
25641	0.27323246
25642	0.27354452
25643	0.27388287
25644	0.27423984
25645	0.27460587
25646	0.27496961
25647	0.27531815
25648	0.27563736
25649	0.27591276
25650	0.27613005
25651	0.27627617
25652	0.27634037
25653	0.27631482
25654	0.27619576
25655	0.27598390
25656	0.27568471
25657	0.27530831
25658	0.27486902
25659	0.27438468
25660	0.27387550
25661	0.27336314
25662	0.27286941
25663	0.27241519
25664	0.27201965
25665	0.27169955
25666	0.27146849
25667	0.27133685
25668	0.27131152
25669	0.27139598
25670	0.27159014
25671	0.27189082
25672	0.27229175
25673	0.27278370
25674	0.27335501
25675	0.27399155
25676	0.27467737
25677	0.27539474
25678	0.27612475
25679	0.27684781
25680	0.27754414
25681	0.27819455
25682	0.27878091
25683	0.27928710
25684	0.27969950
25685	0.28000769
25686	0.28020486
25687	0.28028819
25688	0.28025869
25689	0.28012127
25690	0.27988440
25691	0.27955949
25692	0.27916041
25693	0.27870256
25694	0.27820238
25695	0.27767676
25696	0.27714214
25697	0.27661425
25698	0.27610770
25699	0.27563572
25700	0.27520984
25701	0.27484003
25702	0.27453449
25703	0.27429986
25704	0.27414107
25705	0.27406168
25706	0.27406386
25707	0.27414849
25708	0.27431527
25709	0.27456281
25710	0.27488852
25711	0.27528885
25712	0.27575922
25713	0.27629399
25714	0.27688655
25715	0.27752954
25716	0.27821478
25717	0.27893355
25718	0.27967674
25719	0.28043509
25720	0.28119943
25721	0.28196096
25722	0.28271130
25723	0.28344265
25724	0.28414801
25725	0.28482091
25726	0.28545567
25727	0.28604698
25728	0.28659004
25729	0.28708029
25730	0.28751341
25731	0.28788519
25732	0.28819150
25733	0.28842849
25734	0.28859243
25735	0.28868017
25736	0.28868908
25737	0.28861743
25738	0.28846470
25739	0.28823185
25740	0.28792155
25741	0.28753856
25742	0.28708968
25743	0.28658414
25744	0.28603339
25745	0.28545114
25746	0.28485301
25747	0.28425631
25748	0.28367949
25749	0.28314167
25750	0.28266215
25751	0.28225958
25752	0.28195152
25753	0.28175390
25754	0.28168046
25755	0.28174245
25756	0.28194827
25757	0.28230333
25758	0.28280985
25759	0.28346699
25760	0.28427073
25761	0.28521395
25762	0.28628647
25763	0.28747520
25764	0.28876424
25765	0.29013494
25766	0.29156598
25767	0.29303378
25768	0.29451257
25769	0.29597479
25770	0.29739165
25771	0.29873356
25772	0.29997116
25773	0.30107588
25774	0.30202109
25775	0.30278316
25776	0.30334252
25777	0.30368456
25778	0.30380046
25779	0.30368799
25780	0.30335161
25781	0.30280256
25782	0.30205864
25783	0.30114350
25784	0.30008578
25785	0.29891825
25786	0.29767647
25787	0.29639804
25788	0.29512131
25789	0.29388463
25790	0.29272556
25791	0.29168019
25792	0.29078296
25793	0.29006600
25794	0.28955904
25795	0.28928906
25796	0.28928003
25797	0.28955242
25798	0.29012284
25799	0.29100338
25800	0.29220074
25801	0.29371551
25802	0.29554096
25803	0.29766247
25804	0.30005649
25805	0.30269027
25806	0.30552164
25807	0.30849984
25808	0.31156662
25809	0.31465864
25810	0.31771010
25811	0.32065609
25812	0.32343617
25813	0.32599780
25814	0.32829905
25815	0.33031076
25816	0.33201751
25817	0.33341742
25818	0.33452147
25819	0.33535177
25820	0.33593941
25821	0.33632272
25822	0.33654505
25823	0.33665356
25824	0.33669782
25825	0.33672968
25826	0.33680284
25827	0.33697382
25828	0.33730280
25829	0.33785513
25830	0.33870274
25831	0.33992717
25832	0.34162113
25833	0.34389254
25834	0.34686586
25835	0.35068583
25836	0.35551864
25837	0.36155447
25838	0.36900711
25839	0.37811297
25840	0.38912830
25841	0.40232870
25842	0.41800979
25843	0.43650180
25844	0.45819709
25845	0.48361444
25846	0.51351249
25847	0.54908735
25848	0.59231728
25849	0.64660287
25850	0.71809369
25851	0.81877780
25852	0.97504944
25853	1.25783563
25854	1.94398057
25855	6.23544741
25856	NaN
25857	NaN
25858	NaN
25859	NaN
25860	NaN
25861	NaN
25862	NaN
25863	NaN
25864	NaN
25865	NaN
25866	NaN
25867	NaN
25868	NaN
25869	NaN
25870	NaN
25871	NaN
25872	NaN
25873	NaN
25874	NaN
25875	NaN
25876	NaN
25877	NaN
25878	NaN
25879	NaN
25880	NaN
25881	NaN
25882	NaN
25883	NaN
25884	NaN
25885	NaN
25886	NaN
25887	NaN
25888	NaN
25889	NaN
25890	NaN
25891	NaN
25892	NaN
25893	NaN
25894	NaN
25895	NaN
25896	NaN
25897	NaN
25898	NaN
25899	NaN
25900	NaN
25901	NaN
25902	NaN
25903	NaN
25904	NaN
25905	NaN
25906	NaN
25907	NaN
25908	NaN
25909	NaN
25910	NaN
25911	NaN
25912	NaN
25913	NaN
25914	NaN
25915	NaN
25916	NaN
25917	NaN
25918	NaN
25919	NaN
25920	NaN
25921	NaN
25922	NaN
25923	NaN
25924	NaN
25925	NaN
25926	NaN
25927	NaN
25928	NaN
25929	NaN
25930	NaN
25931	NaN
25932	NaN
25933	NaN
25934	NaN
25935	0.34754983
25936	0.27530435
25937	0.25005409
25938	0.23654525
25939	0.22780290
25940	0.22150934
25941	0.21667078
25942	0.21278848
25943	0.20958324
25944	0.20688546
25945	0.20458558
25946	0.20260906
25947	0.20090276
25948	0.19942765
25949	0.19815372
25950	0.19705768
25951	0.19612059
25952	0.19532683
25953	0.19466305
25954	0.19411758
25955	0.19367990
25956	0.19334036
25957	0.19308972
25958	0.19291918
25959	0.19282007
25960	0.19278373
25961	0.19280171
25962	0.19286549
25963	0.19296664
25964	0.19309708
25965	0.19324896
25966	0.19341491
25967	0.19358838
25968	0.19376339
25969	0.19393498
25970	0.19409917
25971	0.19425303
25972	0.19439457
25973	0.19452292
25974	0.19463797
25975	0.19474043
25976	0.19483165
25977	0.19491354
25978	0.19498822
25979	0.19505833
25980	0.19512659
25981	0.19519594
25982	0.19526932
25983	0.19534996
25984	0.19544108
25985	0.19554587
25986	0.19566743
25987	0.19580875
25988	0.19597234
25989	0.19616023
25990	0.19637385
25991	0.19661383
25992	0.19687991
25993	0.19717082
25994	0.19748433
25995	0.19781709
25996	0.19816481
25997	0.19852217
25998	0.19888306
25999	0.19924061
26000	0.19958746
26001	0.19991592
26002	0.20021822
26003	0.20048685
26004	0.20071496
26005	0.20089652
26006	0.20102681
26007	0.20110257
26008	0.20112231
26009	0.20108630
26010	0.20099671
26011	0.20085749
26012	0.20067403
26013	0.20045292
26014	0.20020175
26015	0.19992839
26016	0.19964086
26017	0.19934686
26018	0.19905350
26019	0.19876713
26020	0.19849320
26021	0.19823620
26022	0.19799967
26023	0.19778642
26024	0.19759843
26025	0.19743717
26026	0.19730367
26027	0.19719857
26028	0.19712245
26029	0.19707561
26030	0.19705839
26031	0.19707106
26032	0.19711378
26033	0.19718666
26034	0.19728972
26035	0.19742285
26036	0.19758564
26037	0.19777758
26038	0.19799778
26039	0.19824497
26040	0.19851756
26041	0.19881339
26042	0.19912991
26043	0.19946395
26044	0.19981185
26045	0.20016938
26046	0.20053181
26047	0.20089400
26048	0.20125037
26049	0.20159519
26050	0.20192258
26051	0.20222674
26052	0.20250209
26053	0.20274331
26054	0.20294583
26055	0.20310560
26056	0.20321950
26057	0.20328534
26058	0.20330206
26059	0.20326976
26060	0.20318970
26061	0.20306426
26062	0.20289703
26063	0.20269260
26064	0.20245643
26065	0.20219472
26066	0.20191421
26067	0.20162195
26068	0.20132515
26069	0.20103084
26070	0.20074588
26071	0.20047671
26072	0.20022911
26073	0.20000835
26074	0.19981897
26075	0.19966476
26076	0.19954880
26077	0.19947338
26078	0.19944012
26079	0.19944993
26080	0.19950308
26081	0.19959927
26082	0.19973761
26083	0.19991682
26084	0.20013519
26085	0.20039059
26086	0.20068066
26087	0.20100273
26088	0.20135398
26089	0.20173129
26090	0.20213141
26091	0.20255078
26092	0.20298566
26093	0.20343201
26094	0.20388557
26095	0.20434168
26096	0.20479542
26097	0.20524152
26098	0.20567447
26099	0.20608854
26100	0.20647775
26101	0.20683610
26102	0.20715766
26103	0.20743659
26104	0.20766751
26105	0.20784546
26106	0.20796621
26107	0.20802636
26108	0.20802343
26109	0.20795617
26110	0.20782441
26111	0.20762947
26112	0.20737377
26113	0.20706132
26114	0.20669734
26115	0.20628838
26116	0.20584214
26117	0.20536752
26118	0.20487443
26119	0.20437357
26120	0.20387636
26121	0.20339483
26122	0.20294128
26123	0.20252836
26124	0.20216849
26125	0.20187400
26126	0.20165671
26127	0.20152773
26128	0.20149720
26129	0.20157389
26130	0.20176493
26131	0.20207553
26132	0.20250827
26133	0.20306340
26134	0.20373796
26135	0.20452586
26136	0.20541781
26137	0.20640135
26138	0.20746125
26139	0.20857970
26140	0.20973693
26141	0.21091180
26142	0.21208252
26143	0.21322738
26144	0.21432517
26145	0.21535580
26146	0.21630067
26147	0.21714313
26148	0.21786812
26149	0.21846260
26150	0.21891540
26151	0.21921688
26152	0.21935895
26153	0.21933518
26154	0.21914065
26155	0.21877250
26156	0.21822985
26157	0.21751575
26158	0.21663782
26159	0.21561086
26160	0.21445882
26161	0.21321988
26162	0.21195059
26163	0.21073364
26164	0.20968468
26165	0.20896453
26166	0.20879138
26167	0.20946148
26168	0.21137172
26169	0.21506278
26170	0.22128563
26171	0.23112889
26172	0.24627355
26173	0.26955020
26174	0.30629665
26175	0.36825225
26176	0.48782647
26177	0.80068070
26178	NaN
26179	NaN
26180	NaN
26181	NaN
26182	NaN
26183	NaN
26184	NaN
26185	NaN
26186	NaN
26187	NaN
26188	NaN
26189	NaN
26190	NaN
26191	NaN
26192	NaN
26193	NaN
26194	NaN
26195	NaN
26196	NaN
26197	NaN
26198	NaN
26199	NaN
26200	NaN
26201	NaN
26202	NaN
26203	NaN
26204	NaN
26205	NaN
26206	NaN
26207	NaN
26208	NaN
26209	NaN
26210	NaN
26211	NaN
26212	NaN
26213	NaN
26214	NaN
26215	NaN
26216	NaN
26217	NaN
26218	NaN
26219	NaN
26220	NaN
26221	NaN
26222	NaN
26223	NaN
26224	NaN
26225	NaN
26226	NaN
26227	NaN
26228	NaN
26229	NaN
26230	NaN
26231	NaN
26232	NaN
26233	NaN
26234	NaN
26235	NaN
26236	NaN
26237	NaN
26238	NaN
26239	NaN
26240	NaN
26241	NaN
26242	NaN
26243	NaN
26244	NaN
26245	NaN
26246	NaN
26247	NaN
26248	NaN
26249	NaN
26250	NaN
26251	NaN
26252	NaN
26253	NaN
26254	NaN
26255	NaN
26256	NaN
26257	NaN
26258	NaN
26259	NaN
26260	NaN
26261	NaN
26262	0.75846189
26263	0.47595102
26264	0.39665270
26265	0.35891178
26266	0.33663592
26267	0.32182261
26268	0.31119809
26269	0.30317336
26270	0.29688317
26271	0.29181558
26272	0.28764731
26273	0.28416380
26274	0.28121653
26275	0.27869907
26276	0.27653280
26277	0.27465829
26278	0.27302983
26279	0.27161151
26280	0.27037495
26281	0.26929763
26282	0.26836172
26283	0.26755306
26284	0.26686084
26285	0.26627684
26286	0.26579523
26287	0.26541197
26288	0.26512468
26289	0.26493207
26290	0.26483372
26291	0.26482943
26292	0.26491883
26293	0.26510084
26294	0.26537308
26295	0.26573151
26296	0.26616958
26297	0.26667827
26298	0.26724562
26299	0.26785666
26300	0.26849386
26301	0.26913747
26302	0.26976630
26303	0.27035874
26304	0.27089393
26305	0.27135307
26306	0.27172068
26307	0.27198547
26308	0.27214134
26309	0.27218756
26310	0.27212891
26311	0.27197513
26312	0.27174005
26313	0.27144068
26314	0.27109599
26315	0.27072573
26316	0.27034929
26317	0.26998493
26318	0.26964897
26319	0.26935533
26320	0.26911527
26321	0.26893720
26322	0.26882681
26323	0.26878712
26324	0.26881856
26325	0.26891935
26326	0.26908576
26327	0.26931214
26328	0.26959145
26329	0.26991531
26330	0.27027446
26331	0.27065882
26332	0.27105784
26333	0.27146074
26334	0.27185687
26335	0.27223584
26336	0.27258784
26337	0.27290398
26338	0.27317649
26339	0.27339903
26340	0.27356675
26341	0.27367657
26342	0.27372721
26343	0.27371910
26344	0.27365467
26345	0.27353778
26346	0.27337381
26347	0.27316946
26348	0.27293223
26349	0.27267060
26350	0.27239320
26351	0.27210900
26352	0.27182671
26353	0.27155486
26354	0.27130136
26355	0.27107358
26356	0.27087805
26357	0.27072060
26358	0.27060619
26359	0.27053908
26360	0.27052274
26361	0.27055988
26362	0.27065250
26363	0.27080196
26364	0.27100891
26365	0.27127323
26366	0.27159423
26367	0.27197036
26368	0.27239937
26369	0.27287826
26370	0.27340335
26371	0.27397010
26372	0.27457350
26373	0.27520782
26374	0.27586702
26375	0.27654472
26376	0.27723423
26377	0.27792880
26378	0.27862164
26379	0.27930593
26380	0.27997497
26381	0.28062189
26382	0.28123990
26383	0.28182214
26384	0.28236172
26385	0.28285152
26386	0.28328460
26387	0.28365389
26388	0.28395262
26389	0.28417438
26390	0.28431353
26391	0.28436536
26392	0.28432655
26393	0.28419560
26394	0.28397310
26395	0.28366205
26396	0.28326815
26397	0.28279999
26398	0.28226888
26399	0.28168890
26400	0.28107643
26401	0.28044981
26402	0.27982876
26403	0.27923381
26404	0.27868539
26405	0.27820346
26406	0.27780667
26407	0.27751184
26408	0.27733368
26409	0.27728432
26410	0.27737305
26411	0.27760628
26412	0.27798730
26413	0.27851644
26414	0.27919090
26415	0.28000471
26416	0.28094897
26417	0.28201157
26418	0.28317764
26419	0.28442934
26420	0.28574619
26421	0.28710517
26422	0.28848124
26423	0.28984743
26424	0.29117563
26425	0.29243708
26426	0.29360309
26427	0.29464582
26428	0.29553923
26429	0.29626000
26430	0.29678833
26431	0.29710889
26432	0.29721159
26433	0.29709199
26434	0.29675189
26435	0.29619932
26436	0.29544848
26437	0.29451951
26438	0.29343790
26439	0.29223368
26440	0.29094073
26441	0.28959575
26442	0.28823739
26443	0.28690523
26444	0.28563902
26445	0.28447774
26446	0.28345901
26447	0.28261852
26448	0.28198922
26449	0.28160125
26450	0.28148112
26451	0.28165144
26452	0.28213042
26453	0.28293112
26454	0.28406096
26455	0.28552088
26456	0.28730464
26457	0.28939828
26458	0.29177913
26459	0.29441571
26460	0.29726779
26461	0.30028659
26462	0.30341598
26463	0.30659375
26464	0.30975389
26465	0.31282896
26466	0.31575292
26467	0.31846383
26468	0.32090664
26469	0.32303518
26470	0.32481423
26471	0.32621995
26472	0.32724062
26473	0.32787585
26474	0.32813612
26475	0.32804099
26476	0.32761842
26477	0.32690331
26478	0.32593635
26479	0.32476360
26480	0.32343653
26481	0.32201222
26482	0.32055476
26483	0.31913614
26484	0.31783918
26485	0.31675985
26486	0.31601003
26487	0.31572202
26488	0.31605184
26489	0.31718412
26490	0.31933641
26491	0.32276496
26492	0.32776982
26493	0.33470222
26494	0.34397221
26495	0.35606351
26496	0.37155324
26497	0.39115062
26498	0.41576144
26499	0.44660559
26500	0.48543274
26501	0.53493261
26502	0.59954351
26503	0.68722576
26504	0.81377959
26505	1.01542103
26506	1.39666522
26507	2.43143678
26508	NaN
26509	NaN
26510	NaN
26511	NaN
26512	NaN
26513	NaN
26514	NaN
26515	NaN
26516	NaN
26517	NaN
26518	NaN
26519	NaN
26520	NaN
26521	NaN
26522	NaN
26523	NaN
26524	NaN
26525	NaN
26526	NaN
26527	NaN
26528	NaN
26529	NaN
26530	NaN
26531	NaN
26532	NaN
26533	NaN
26534	NaN
26535	NaN
26536	NaN
26537	NaN
26538	NaN
26539	NaN
26540	NaN
26541	NaN
26542	NaN
26543	NaN
26544	NaN
26545	NaN
26546	NaN
26547	NaN
26548	NaN
26549	NaN
26550	NaN
26551	NaN
26552	NaN
26553	NaN
26554	NaN
26555	NaN
26556	NaN
26557	NaN
26558	NaN
26559	NaN
26560	NaN
26561	NaN
26562	NaN
26563	NaN
26564	NaN
26565	NaN
26566	NaN
26567	NaN
26568	NaN
26569	NaN
26570	NaN
26571	NaN
26572	NaN
26573	NaN
26574	NaN
26575	NaN
26576	NaN
26577	NaN
26578	NaN
26579	NaN
26580	NaN
26581	NaN
26582	NaN
26583	NaN
26584	NaN
26585	NaN
26586	NaN
26587	NaN
26588	NaN
26589	NaN
26590	NaN
26591	NaN
26592	NaN
26593	NaN
26594	NaN
26595	NaN
26596	1.10561669
26597	0.46398544
26598	0.33459538
26599	0.27949753
26600	0.24942744
26601	0.23087616
26602	0.21861553
26603	0.21018405
26604	0.20426285
26605	0.20007659
26606	0.19713555
26607	0.19511336
26608	0.19378261
26609	0.19297953
26610	0.19258253
26611	0.19249956
26612	0.19265962
26613	0.19300722
26614	0.19349840
26615	0.19409813
26616	0.19477797
26617	0.19551462
26618	0.19628868
26619	0.19708373
26620	0.19788550
26621	0.19868131
26622	0.19945958
26623	0.20020950
26624	0.20092079
26625	0.20158353
26626	0.20218818
26627	0.20272550
26628	0.20318696
26629	0.20356461
26630	0.20385155
26631	0.20404214
26632	0.20413236
26633	0.20412007
26634	0.20400541
26635	0.20379095
26636	0.20348199
26637	0.20308648
26638	0.20261514
26639	0.20208128
26640	0.20150030
26641	0.20088938
26642	0.20026693
26643	0.19965184
26644	0.19906299
26645	0.19851828
26646	0.19803423
26647	0.19762529
26648	0.19730344
26649	0.19707805
26650	0.19695541
26651	0.19693916
26652	0.19703002
26653	0.19722633
26654	0.19752400
26655	0.19791694
26656	0.19839720
26657	0.19895522
26658	0.19957994
26659	0.20025894
26660	0.20097853
26661	0.20172398
26662	0.20247939
26663	0.20322837
26664	0.20395397
26665	0.20463926
26666	0.20526786
26667	0.20582454
26668	0.20629577
26669	0.20667037
26670	0.20694011
26671	0.20710008
26672	0.20714891
26673	0.20708898
26674	0.20692612
26675	0.20666929
26676	0.20633009
26677	0.20592196
26678	0.20545967
26679	0.20495838
26680	0.20443320
26681	0.20389847
26682	0.20336740
26683	0.20285185
26684	0.20236208
26685	0.20190679
26686	0.20149301
26687	0.20112646
26688	0.20081156
26689	0.20055157
26690	0.20034891
26691	0.20020518
26692	0.20012121
26693	0.20009743
26694	0.20013346
26695	0.20022839
26696	0.20038070
26697	0.20058806
26698	0.20084740
26699	0.20115469
26700	0.20150502
26701	0.20189252
26702	0.20231043
26703	0.20275114
26704	0.20320635
26705	0.20366718
26706	0.20412447
26707	0.20456888
26708	0.20499127
26709	0.20538276
26710	0.20573513
26711	0.20604086
26712	0.20629343
26713	0.20648745
26714	0.20661868
26715	0.20668413
26716	0.20668221
26717	0.20661268
26718	0.20647658
26719	0.20627639
26720	0.20601596
26721	0.20570049
26722	0.20533645
26723	0.20493165
26724	0.20449495
26725	0.20403630
26726	0.20356633
26727	0.20309639
26728	0.20263803
26729	0.20220277
26730	0.20180179
26731	0.20144552
26732	0.20114335
26733	0.20090327
26734	0.20073164
26735	0.20063293
26736	0.20060971
26737	0.20066264
26738	0.20079029
26739	0.20098950
26740	0.20125552
26741	0.20158225
26742	0.20196246
26743	0.20238820
26744	0.20285098
26745	0.20334205
26746	0.20385265
26747	0.20437424
26748	0.20489860
26749	0.20541790
26750	0.20592488
26751	0.20641270
26752	0.20687516
26753	0.20730652
26754	0.20770158
26755	0.20805560
26756	0.20836437
26757	0.20862418
26758	0.20883197
26759	0.20898525
26760	0.20908244
26761	0.20912263
26762	0.20910600
26763	0.20903364
26764	0.20890771
26765	0.20873140
26766	0.20850870
26767	0.20824461
26768	0.20794463
26769	0.20761473
26770	0.20726116
26771	0.20689017
26772	0.20650801
26773	0.20612070
26774	0.20573398
26775	0.20535333
26776	0.20498413
26777	0.20463146
26778	0.20430043
26779	0.20399615
26780	0.20372380
26781	0.20348874
26782	0.20329636
26783	0.20315225
26784	0.20306194
26785	0.20303068
26786	0.20306358
26787	0.20316510
26788	0.20333894
26789	0.20358767
26790	0.20391248
26791	0.20431297
26792	0.20478655
26793	0.20532846
26794	0.20593135
26795	0.20658524
26796	0.20727777
26797	0.20799409
26798	0.20871753
26799	0.20943017
26800	0.21011379
26801	0.21075070
26802	0.21132460
26803	0.21182150
26804	0.21223058
26805	0.21254438
26806	0.21275932
26807	0.21287525
26808	0.21289556
26809	0.21282642
26810	0.21267638
26811	0.21245585
26812	0.21217620
26813	0.21184936
26814	0.21148729
26815	0.21110213
26816	0.21070653
26817	0.21031383
26818	0.20993987
26819	0.20960493
26820	0.20933597
26821	0.20917191
26822	0.20916723
26823	0.20940168
26824	0.20999101
26825	0.21110548
26826	0.21299659
26827	0.21604143
26828	0.22081582
26829	0.22822875
26830	0.23977715
26831	0.25811037
26832	0.28840369
26833	0.34245855
26834	0.45486957
26835	0.79255098
26836	NaN
26837	NaN
26838	NaN
26839	NaN
26840	NaN
26841	NaN
26842	NaN
26843	NaN
26844	NaN
26845	NaN
26846	NaN
26847	NaN
26848	NaN
26849	NaN
26850	NaN
26851	NaN
26852	NaN
26853	NaN
26854	NaN
26855	NaN
26856	NaN
26857	NaN
26858	NaN
26859	NaN
26860	NaN
26861	NaN
26862	NaN
26863	NaN
26864	NaN
26865	NaN
26866	NaN
26867	NaN
26868	NaN
26869	NaN
26870	NaN
26871	NaN
26872	NaN
26873	NaN
26874	NaN
26875	NaN
26876	NaN
26877	NaN
26878	NaN
26879	NaN
26880	NaN
26881	NaN
26882	NaN
26883	NaN
26884	NaN
26885	NaN
26886	NaN
26887	NaN
26888	NaN
26889	NaN
26890	NaN
26891	NaN
26892	NaN
26893	NaN
26894	NaN
26895	NaN
26896	NaN
26897	NaN
26898	NaN
26899	NaN
26900	NaN
26901	NaN
26902	NaN
26903	NaN
26904	NaN
26905	NaN
26906	NaN
26907	NaN
26908	NaN
26909	NaN
26910	NaN
26911	NaN
26912	NaN
26913	NaN
26914	NaN
26915	NaN
26916	NaN
26917	NaN
26918	NaN
26919	NaN
26920	NaN
26921	NaN
26922	NaN
26923	NaN
26924	NaN
26925	NaN
26926	NaN
26927	NaN
26928	NaN
26929	1.14352155
26930	0.52468556
26931	0.40595052
26932	0.35545769
26933	0.32747611
26934	0.30969509
26935	0.29741049
26936	0.28843573
26937	0.28161556
26938	0.27628192
26939	0.27202094
26940	0.26856193
26941	0.26571992
26942	0.26336396
26943	0.26139843
26944	0.25975165
26945	0.25836879
26946	0.25720736
26947	0.25623396
26948	0.25542220
26949	0.25475138
26950	0.25420508
26951	0.25377062
26952	0.25343832
26953	0.25320098
26954	0.25305337
26955	0.25299183
26956	0.25301379
26957	0.25311753
26958	0.25330150
26959	0.25356409
26960	0.25390306
26961	0.25431526
26962	0.25479600
26963	0.25533879
26964	0.25593507
26965	0.25657380
26966	0.25724155
26967	0.25792247
26968	0.25859889
26969	0.25925148
26970	0.25986034
26971	0.26040584
26972	0.26086977
26973	0.26123643
26974	0.26149380
26975	0.26163420
26976	0.26165518
26977	0.26155952
26978	0.26135507
26979	0.26105431
26980	0.26067343
26981	0.26023111
26982	0.25974759
26983	0.25924349
26984	0.25873870
26985	0.25825155
26986	0.25779831
26987	0.25739270
26988	0.25704578
26989	0.25676575
26990	0.25655824
26991	0.25642627
26992	0.25637063
26993	0.25638995
26994	0.25648096
26995	0.25663882
26996	0.25685707
26997	0.25712794
26998	0.25744256
26999	0.25779101
27000	0.25816268
27001	0.25854632
27002	0.25893074
27003	0.25930473
27004	0.25965774
27005	0.25998011
27006	0.26026353
27007	0.26050135
27008	0.26068872
27009	0.26082280
27010	0.26090273
27011	0.26092944
27012	0.26090574
27013	0.26083574
27014	0.26072478
27015	0.26057905
27016	0.26040536
27017	0.26021084
27018	0.26000282
27019	0.25978857
27020	0.25957519
27021	0.25936958
27022	0.25917837
27023	0.25900778
27024	0.25886372
27025	0.25875157
27026	0.25867629
27027	0.25864241
27028	0.25865385
27029	0.25871393
27030	0.25882533
27031	0.25899002
27032	0.25920931
27033	0.25948358
27034	0.25981253
27035	0.26019496
27036	0.26062882
27037	0.26111129
27038	0.26163873
27039	0.26220679
27040	0.26281056
27041	0.26344457
27042	0.26410288
27043	0.26477939
27044	0.26546761
27045	0.26616091
27046	0.26685265
27047	0.26753590
27048	0.26820382
27049	0.26884940
27050	0.26946557
27051	0.27004516
27052	0.27058101
27053	0.27106598
27054	0.27149299
27055	0.27185521
27056	0.27214608
27057	0.27235964
27058	0.27249062
27059	0.27253473
27060	0.27248913
27061	0.27235258
27062	0.27212584
27063	0.27181211
27064	0.27141714
27065	0.27094936
27066	0.27042016
27067	0.26984358
27068	0.26923612
27069	0.26861629
27070	0.26800406
27071	0.26742020
27072	0.26688567
27073	0.26642057
27074	0.26604387
27075	0.26577264
27076	0.26562154
27077	0.26560265
27078	0.26572511
27079	0.26599512
27080	0.26641592
27081	0.26698771
27082	0.26770782
27083	0.26857069
27084	0.26956791
27085	0.27068815
27086	0.27191737
27087	0.27323851
27088	0.27463189
27089	0.27607480
27090	0.27754208
27091	0.27900621
27092	0.28043771
27093	0.28180581
27094	0.28307924
27095	0.28422716
27096	0.28522030
27097	0.28603208
27098	0.28663984
27099	0.28702614
27100	0.28717947
27101	0.28709525
27102	0.28677601
27103	0.28623170
27104	0.28547916
27105	0.28454173
27106	0.28344837
27107	0.28223270
27108	0.28093180
27109	0.27958536
27110	0.27823448
27111	0.27692109
27112	0.27568686
27113	0.27457300
27114	0.27361941
27115	0.27286458
27116	0.27234513
27117	0.27209520
27118	0.27214622
27119	0.27252620
27120	0.27325895
27121	0.27436295
27122	0.27585042
27123	0.27772588
27124	0.27998468
27125	0.28261179
27126	0.28558049
27127	0.28885156
27128	0.29237330
27129	0.29608196
27130	0.29990357
27131	0.30375618
27132	0.30755338
27133	0.31120834
27134	0.31463793
27135	0.31776679
27136	0.32053059
27137	0.32287827
27138	0.32477373
27139	0.32619554
27140	0.32713637
27141	0.32760137
27142	0.32760596
27143	0.32717368
27144	0.32633427
27145	0.32512164
27146	0.32357267
27147	0.32172653
27148	0.31962392
27149	0.31730843
27150	0.31482708
27151	0.31223261
27152	0.30958617
27153	0.30696189
27154	0.30445167
27155	0.30217242
27156	0.30027315
27157	0.29894683
27158	0.29844147
27159	0.29907519
27160	0.30125299
27161	0.30548775
27162	0.31242436
27163	0.32287544
27164	0.33787075
27165	0.35874787
27166	0.38731003
27167	0.42613623
27168	0.47920701
27169	0.55327427
27170	0.66111118
27171	0.83051765
27172	1.13575840
27173	1.86305904
27174	6.11874294
27175	NaN
27176	NaN
27177	NaN
27178	NaN
27179	NaN
27180	NaN
27181	NaN
27182	NaN
27183	NaN
27184	NaN
27185	NaN
27186	NaN
27187	NaN
27188	NaN
27189	NaN
27190	NaN
27191	NaN
27192	NaN
27193	NaN
27194	NaN
27195	NaN
27196	NaN
27197	NaN
27198	NaN
27199	NaN
27200	NaN
27201	NaN
27202	NaN
27203	NaN
27204	NaN
27205	NaN
27206	NaN
27207	NaN
27208	NaN
27209	NaN
27210	NaN
27211	NaN
27212	NaN
27213	NaN
27214	NaN
27215	NaN
27216	NaN
27217	NaN
27218	NaN
27219	NaN
27220	NaN
27221	NaN
27222	NaN
27223	NaN
27224	NaN
27225	NaN
27226	NaN
27227	NaN
27228	NaN
27229	NaN
27230	NaN
27231	NaN
27232	NaN
27233	NaN
27234	NaN
27235	NaN
27236	NaN
27237	NaN
27238	NaN
27239	NaN
27240	NaN
27241	NaN
27242	NaN
27243	NaN
27244	NaN
27245	NaN
27246	NaN
27247	NaN
27248	NaN
27249	NaN
27250	NaN
27251	NaN
27252	NaN
27253	NaN
27254	NaN
27255	NaN
27256	NaN
27257	NaN
27258	NaN
27259	NaN
27260	NaN
27261	NaN
27262	NaN
27263	1.04470682
27264	0.48620102
27265	0.36160934
27266	0.30654389
27267	0.27555671
27268	0.25582090
27269	0.24230234
27270	0.23261356
27271	0.22546941
27272	0.22011186
27273	0.21606143
27274	0.21299736
27275	0.21069510
27276	0.20899151
27277	0.20776467
27278	0.20692082
27279	0.20638661
27280	0.20610361
27281	0.20602454
27282	0.20611078
27283	0.20633037
27284	0.20665649
27285	0.20706651
27286	0.20754100
27287	0.20806314
27288	0.20861807
27289	0.20919253
27290	0.20977451
27291	0.21035294
27292	0.21091749
27293	0.21145865
27294	0.21196741
27295	0.21243541
27296	0.21285500
27297	0.21321926
27298	0.21352223
27299	0.21375898
27300	0.21392573
27301	0.21402013
27302	0.21404134
27303	0.21399012
27304	0.21386899
27305	0.21368216
27306	0.21343568
27307	0.21313716
27308	0.21279578
27309	0.21242203
27310	0.21202749
27311	0.21162443
27312	0.21122563
27313	0.21084377
27314	0.21049124
27315	0.21017966
27316	0.20991950
27317	0.20971993
27318	0.20958842
27319	0.20953065
27320	0.20955044
27321	0.20964950
27322	0.20982769
27323	0.21008277
27324	0.21041058
27325	0.21080500
27326	0.21125814
27327	0.21176040
27328	0.21230060
27329	0.21286626
27330	0.21344389
27331	0.21401931
27332	0.21457817
27333	0.21510625
27334	0.21559025
27335	0.21601807
27336	0.21637942
27337	0.21666622
27338	0.21687287
27339	0.21699655
27340	0.21703708
27341	0.21699701
27342	0.21688128
27343	0.21669675
27344	0.21645191
27345	0.21615629
27346	0.21582004
27347	0.21545343
27348	0.21506660
27349	0.21466912
27350	0.21426992
27351	0.21387714
27352	0.21349803
27353	0.21313901
27354	0.21280573
27355	0.21250305
27356	0.21223515
27357	0.21200557
27358	0.21181719
27359	0.21167231
27360	0.21157260
27361	0.21151912
27362	0.21151221
27363	0.21155153
27364	0.21163595
27365	0.21176356
27366	0.21193178
27367	0.21213703
27368	0.21237522
27369	0.21264143
27370	0.21293023
27371	0.21323568
27372	0.21355152
27373	0.21387126
27374	0.21418837
27375	0.21449630
27376	0.21478882
27377	0.21505998
27378	0.21530423
27379	0.21551661
27380	0.21569274
27381	0.21582906
27382	0.21592267
27383	0.21597166
27384	0.21597503
27385	0.21593285
27386	0.21584609
27387	0.21571697
27388	0.21554859
27389	0.21534525
27390	0.21511206
27391	0.21485515
27392	0.21458124
27393	0.21429774
27394	0.21401237
27395	0.21373303
27396	0.21346752
27397	0.21322332
27398	0.21300736
27399	0.21282579
27400	0.21268387
27401	0.21258576
27402	0.21253456
27403	0.21253215
27404	0.21257925
27405	0.21267571
27406	0.21282011
27407	0.21301042
27408	0.21324375
27409	0.21351665
27410	0.21382518
27411	0.21416505
27412	0.21453173
27413	0.21492048
27414	0.21532650
27415	0.21574493
27416	0.21617094
27417	0.21659967
27418	0.21702632
27419	0.21744606
27420	0.21785411
27421	0.21824566
27422	0.21861593
27423	0.21896011
27424	0.21927340
27425	0.21955119
27426	0.21978895
27427	0.21998245
27428	0.22012779
27429	0.22022168
27430	0.22026151
27431	0.22024533
27432	0.22017223
27433	0.22004227
27434	0.21985663
27435	0.21961752
27436	0.21932821
27437	0.21899302
27438	0.21861717
27439	0.21820655
27440	0.21776789
27441	0.21730843
27442	0.21683592
27443	0.21635847
27444	0.21588457
27445	0.21542312
27446	0.21498328
27447	0.21457447
27448	0.21420643
27449	0.21388912
27450	0.21363291
27451	0.21344812
27452	0.21334532
27453	0.21333505
27454	0.21342778
27455	0.21363355
27456	0.21396179
27457	0.21442108
27458	0.21501857
27459	0.21575962
27460	0.21664734
27461	0.21768178
27462	0.21885984
27463	0.22017442
27464	0.22161485
27465	0.22316630
27466	0.22481085
27467	0.22652756
27468	0.22829388
27469	0.23008679
27470	0.23188378
27471	0.23366424
27472	0.23541063
27473	0.23710887
27474	0.23874968
27475	0.24032797
27476	0.24184342
27477	0.24330039
27478	0.24470761
27479	0.24607848
27480	0.24743107
27481	0.24878874
27482	0.25018111
27483	0.25164512
27484	0.25322875
27485	0.25499395
27486	0.25702295
27487	0.25942820
27488	0.26236734
27489	0.26607022
27490	0.27088004
27491	0.27733487
27492	0.28632119
27493	0.29939985
27494	0.31957278
27495	0.35339573
27496	0.41836500
27497	0.58173287
27498	1.57003736
27499	NaN
27500	NaN
27501	NaN
27502	NaN
27503	NaN
27504	NaN
27505	NaN
27506	NaN
27507	NaN
27508	NaN
27509	NaN
27510	NaN
27511	NaN
27512	NaN
27513	NaN
27514	NaN
27515	NaN
27516	NaN
27517	NaN
27518	NaN
27519	NaN
27520	NaN
27521	NaN
27522	NaN
27523	NaN
27524	NaN
27525	NaN
27526	NaN
27527	NaN
27528	NaN
27529	NaN
27530	NaN
27531	NaN
27532	NaN
27533	NaN
27534	NaN
27535	NaN
27536	NaN
27537	NaN
27538	NaN
27539	NaN
27540	NaN
27541	NaN
27542	NaN
27543	NaN
27544	NaN
27545	NaN
27546	NaN
27547	NaN
27548	NaN
27549	NaN
27550	NaN
27551	NaN
27552	NaN
27553	NaN
27554	NaN
27555	NaN
27556	NaN
27557	NaN
27558	NaN
27559	NaN
27560	NaN
27561	NaN
27562	NaN
27563	NaN
27564	NaN
27565	NaN
27566	NaN
27567	NaN
27568	NaN
27569	NaN
27570	NaN
27571	NaN
27572	NaN
27573	NaN
27574	NaN
27575	NaN
27576	NaN
27577	NaN
27578	NaN
27579	0.68678004
27580	0.45984399
27581	0.39634380
27582	0.36700651
27583	0.35032582
27584	0.33965367
27585	0.33227164
27586	0.32686880
27587	0.32274070
27588	0.31947765
27589	0.31682688
27590	0.31462532
27591	0.31276342
27592	0.31116545
27593	0.30977744
27594	0.30855983
27595	0.30748320
27596	0.30652535
27597	0.30566913
27598	0.30490145
27599	0.30421215
27600	0.30359375
27601	0.30304083
27602	0.30254975
27603	0.30211857
27604	0.30174658
27605	0.30143422
27606	0.30118272
27607	0.30099392
27608	0.30086976
27609	0.30081207
27610	0.30082196
27611	0.30089971
27612	0.30104411
27613	0.30125225
27614	0.30151924
27615	0.30183807
27616	0.30219960
27617	0.30259275
27618	0.30300480
27619	0.30342197
27620	0.30383012
27621	0.30421546
27622	0.30456567
27623	0.30487031
27624	0.30512208
27625	0.30531693
27626	0.30545470
27627	0.30553907
27628	0.30557716
27629	0.30557916
27630	0.30555749
27631	0.30552596
27632	0.30549878
27633	0.30548984
27634	0.30551174
27635	0.30557516
27636	0.30568856
27637	0.30585769
27638	0.30608535
27639	0.30637163
27640	0.30671361
27641	0.30710602
27642	0.30754101
27643	0.30800882
27644	0.30849800
27645	0.30899581
27646	0.30948889
27647	0.30996346
27648	0.31040612
27649	0.31080431
27650	0.31114665
27651	0.31142378
27652	0.31162840
27653	0.31175581
27654	0.31180406
27655	0.31177387
27656	0.31166884
27657	0.31149486
27658	0.31126022
27659	0.31097487
27660	0.31065020
27661	0.31029850
27662	0.30993256
27663	0.30956516
27664	0.30920872
27665	0.30887499
27666	0.30857468
27667	0.30831721
27668	0.30811062
27669	0.30796134
27670	0.30787411
27671	0.30785197
27672	0.30789623
27673	0.30800664
27674	0.30818141
27675	0.30841729
27676	0.30871013
27677	0.30905461
27678	0.30944487
27679	0.30987453
27680	0.31033701
27681	0.31082591
27682	0.31133479
27683	0.31185785
27684	0.31238970
27685	0.31292558
27686	0.31346139
27687	0.31399369
27688	0.31451970
27689	0.31503716
27690	0.31554443
27691	0.31604022
27692	0.31652364
27693	0.31699401
27694	0.31745067
27695	0.31789306
27696	0.31832039
27697	0.31873164
27698	0.31912547
27699	0.31950012
27700	0.31985331
27701	0.32018238
27702	0.32048419
27703	0.32075512
27704	0.32099143
27705	0.32118911
27706	0.32134420
27707	0.32145301
27708	0.32151234
27709	0.32151982
27710	0.32147408
27711	0.32137501
27712	0.32122406
27713	0.32102451
27714	0.32078123
27715	0.32050121
27716	0.32019296
27717	0.31986687
27718	0.31953439
27719	0.31920812
27720	0.31890124
27721	0.31862706
27722	0.31839859
27723	0.31822819
27724	0.31812713
27725	0.31810531
27726	0.31817091
27727	0.31833011
27728	0.31858706
27729	0.31894365
27730	0.31939927
27731	0.31995097
27732	0.32059339
27733	0.32131884
27734	0.32211742
27735	0.32297719
27736	0.32388446
27737	0.32482404
27738	0.32577965
27739	0.32673419
27740	0.32767025
27741	0.32857043
27742	0.32941788
27743	0.33019680
27744	0.33089277
27745	0.33149323
27746	0.33198795
27747	0.33236930
27748	0.33263269
27749	0.33277670
27750	0.33280313
27751	0.33271730
27752	0.33252779
27753	0.33224639
27754	0.33188772
27755	0.33146903
27756	0.33100963
27757	0.33053041
27758	0.33005342
27759	0.32960123
27760	0.32919627
27761	0.32886049
27762	0.32861474
27763	0.32847816
27764	0.32846811
27765	0.32859942
27766	0.32888415
27767	0.32933152
27768	0.32994726
27769	0.33073384
27770	0.33168983
27771	0.33281028
27772	0.33408627
27773	0.33550531
27774	0.33705118
27775	0.33870453
27776	0.34044307
27777	0.34224233
27778	0.34407604
27779	0.34591758
27780	0.34774038
27781	0.34951928
27782	0.35123134
27783	0.35285696
27784	0.35438085
27785	0.35579255
27786	0.35708675
27787	0.35826373
27788	0.35932925
27789	0.36029404
27790	0.36117327
27791	0.36198601
27792	0.36275440
27793	0.36350304
27794	0.36425835
27795	0.36504817
27796	0.36590180
27797	0.36684966
27798	0.36792392
27799	0.36915860
27800	0.37059051
27801	0.37225989
27802	0.37421069
27803	0.37649229
27804	0.37916023
27805	0.38227758
27806	0.38591608
27807	0.39015943
27808	0.39510506
27809	0.40086874
27810	0.40758926
27811	0.41543782
27812	0.42462838
27813	0.43543699
27814	0.44822556
27815	0.46348709
27816	0.48191053
27817	0.50449413
27818	0.53273886
27819	0.56901330
27820	0.61727417
27821	0.68465859
27822	0.78544927
27823	0.95300627
27824	1.28747082
27825	2.29028797
27826	NaN
27827	NaN
27828	NaN
27829	NaN
27830	NaN
27831	NaN
27832	NaN
27833	NaN
27834	NaN
27835	NaN
27836	NaN
27837	NaN
27838	NaN
27839	NaN
27840	NaN
27841	NaN
27842	NaN
27843	NaN
27844	NaN
27845	NaN
27846	NaN
27847	NaN
27848	NaN
27849	NaN
27850	NaN
27851	NaN
27852	NaN
27853	NaN
27854	NaN
27855	NaN
27856	NaN
27857	NaN
27858	NaN
27859	NaN
27860	NaN
27861	NaN
27862	NaN
27863	NaN
27864	NaN
27865	NaN
27866	NaN
27867	NaN
27868	NaN
27869	NaN
27870	NaN
27871	NaN
27872	NaN
27873	NaN
27874	NaN
27875	NaN
27876	NaN
27877	NaN
27878	NaN
27879	NaN
27880	NaN
27881	NaN
27882	NaN
27883	NaN
27884	NaN
27885	NaN
27886	NaN
27887	NaN
27888	NaN
27889	NaN
27890	NaN
27891	NaN
27892	NaN
27893	NaN
27894	NaN
27895	NaN
27896	NaN
27897	NaN
27898	NaN
27899	NaN
27900	NaN
27901	0.57423633
27902	0.36070853
27903	0.31775144
27904	0.29850420
27905	0.28715423
27906	0.27942950
27907	0.27369639
27908	0.26919487
27909	0.26552284
27910	0.26244703
27911	0.25982207
27912	0.25755218
27913	0.25557104
27914	0.25383094
27915	0.25229633
27916	0.25094000
27917	0.24974035
27918	0.24867995
27919	0.24774425
27920	0.24692085
27921	0.24619888
27922	0.24556845
27923	0.24502048
27924	0.24454626
27925	0.24413736
27926	0.24378543
27927	0.24348216
27928	0.24321909
27929	0.24298781
27930	0.24277982
27931	0.24258672
27932	0.24240035
27933	0.24221285
27934	0.24201691
27935	0.24180593
27936	0.24157424
27937	0.24131724
27938	0.24103157
27939	0.24071530
27940	0.24036802
27941	0.23999108
27942	0.23958747
27943	0.23916197
27944	0.23872109
27945	0.23827296
27946	0.23782709
27947	0.23739408
27948	0.23698528
27949	0.23661231
27950	0.23628655
27951	0.23601891
27952	0.23581900
27953	0.23569496
27954	0.23565310
27955	0.23569766
27956	0.23583059
27957	0.23605165
27958	0.23635827
27959	0.23674576
27960	0.23720728
27961	0.23773402
27962	0.23831539
27963	0.23893899
27964	0.23959105
27965	0.24025626
27966	0.24091832
27967	0.24156006
27968	0.24216384
27969	0.24271199
27970	0.24318735
27971	0.24357395
27972	0.24385755
27973	0.24402642
27974	0.24407198
27975	0.24398941
27976	0.24377802
27977	0.24344152
27978	0.24298811
27979	0.24242997
27980	0.24178298
27981	0.24106568
27982	0.24029846
27983	0.23950247
27984	0.23869854
27985	0.23790631
27986	0.23714346
27987	0.23642525
27988	0.23576447
27989	0.23517114
27990	0.23465283
27991	0.23421486
27992	0.23386049
27993	0.23359123
27994	0.23340707
27995	0.23330672
27996	0.23328786
27997	0.23334704
27998	0.23348013
27999	0.23368210
28000	0.23394723
28001	0.23426911
28002	0.23464063
28003	0.23505414
28004	0.23550145
28005	0.23597401
28006	0.23646301
28007	0.23695947
28008	0.23745456
28009	0.23793964
28010	0.23840664
28011	0.23884800
28012	0.23925701
28013	0.23962784
28014	0.23995574
28015	0.24023692
28016	0.24046868
28017	0.24064934
28018	0.24077818
28019	0.24085534
28020	0.24088179
28021	0.24085917
28022	0.24078970
28023	0.24067618
28024	0.24052194
28025	0.24033067
28026	0.24010654
28027	0.23985413
28028	0.23957841
28029	0.23928468
28030	0.23897867
28031	0.23866636
28032	0.23835397
28033	0.23804778
28034	0.23775418
28035	0.23747936
28036	0.23722920
28037	0.23700902
28038	0.23682356
28039	0.23667672
28040	0.23657145
28041	0.23650962
28042	0.23649211
28043	0.23651874
28044	0.23658837
28045	0.23669894
28046	0.23684768
28047	0.23703133
28048	0.23724607
28049	0.23748787
28050	0.23775251
28051	0.23803571
28052	0.23833320
28053	0.23864073
28054	0.23895411
28055	0.23926936
28056	0.23958246
28057	0.23988953
28058	0.24018674
28059	0.24047035
28060	0.24073668
28061	0.24098215
28062	0.24120313
28063	0.24139626
28064	0.24155828
28065	0.24168618
28066	0.24177729
28067	0.24182940
28068	0.24184093
28069	0.24181105
28070	0.24173974
28071	0.24162796
28072	0.24147771
28073	0.24129209
28074	0.24107511
28075	0.24083170
28076	0.24056762
28077	0.24028924
28078	0.24000326
28079	0.23971672
28080	0.23943678
28081	0.23917043
28082	0.23892462
28083	0.23870605
28084	0.23852111
28085	0.23837590
28086	0.23827603
28087	0.23822680
28088	0.23823285
28089	0.23829815
28090	0.23842584
28091	0.23861806
28092	0.23887567
28093	0.23919819
28094	0.23958340
28095	0.24002729
28096	0.24052382
28097	0.24106476
28098	0.24163988
28099	0.24223682
28100	0.24284136
28101	0.24343781
28102	0.24400954
28103	0.24453972
28104	0.24501179
28105	0.24541061
28106	0.24572299
28107	0.24593848
28108	0.24604999
28109	0.24605395
28110	0.24595059
28111	0.24574386
28112	0.24544108
28113	0.24505293
28114	0.24459267
28115	0.24407588
28116	0.24352045
28117	0.24294575
28118	0.24237345
28119	0.24182673
28120	0.24133115
28121	0.24091481
28122	0.24060915
28123	0.24044980
28124	0.24047737
28125	0.24073823
28126	0.24128664
28127	0.24218528
28128	0.24350686
28129	0.24533491
28130	0.24776512
28131	0.25090522
28132	0.25487578
28133	0.25980899
28134	0.26584965
28135	0.27315551
28136	0.28189847
28137	0.29227316
28138	0.30450967
28139	0.31889737
28140	0.33582678
28141	0.35585767
28142	0.37983620
28143	0.40909585
28144	0.44583324
28145	0.49388316
28146	0.56047356
28147	0.66088331
28148	0.83368373
28149	1.21196079
28150	2.76841688
28151	NaN
28152	NaN
28153	NaN
28154	NaN
28155	NaN
28156	NaN
28157	NaN
28158	NaN
28159	NaN
28160	NaN
28161	NaN
28162	NaN
28163	NaN
28164	NaN
28165	NaN
28166	NaN
28167	NaN
28168	NaN
28169	NaN
28170	NaN
28171	NaN
28172	NaN
28173	NaN
28174	NaN
28175	NaN
28176	NaN
28177	NaN
28178	NaN
28179	NaN
28180	NaN
28181	NaN
28182	NaN
28183	NaN
28184	NaN
28185	NaN
28186	NaN
28187	NaN
28188	NaN
28189	NaN
28190	NaN
28191	NaN
28192	NaN
28193	NaN
28194	NaN
28195	NaN
28196	NaN
28197	NaN
28198	NaN
28199	NaN
28200	NaN
28201	NaN
28202	NaN
28203	NaN
28204	NaN
28205	NaN
28206	NaN
28207	NaN
28208	NaN
28209	NaN
28210	NaN
28211	NaN
28212	NaN
28213	NaN
28214	NaN
28215	NaN
28216	NaN
28217	NaN
28218	NaN
28219	NaN
28220	NaN
28221	NaN
28222	NaN
28223	NaN
28224	NaN
28225	NaN
28226	NaN
28227	NaN
28228	NaN
28229	NaN
28230	NaN
28231	5.24150467
28232	0.68337524
28233	0.48532411
28234	0.41522726
28235	0.37929526
28236	0.35743141
28237	0.34273553
28238	0.33219805
28239	0.32429552
28240	0.31817323
28241	0.31331369
28242	0.30938467
28243	0.30616274
28244	0.30349138
28245	0.30125785
28246	0.29937860
28247	0.29779044
28248	0.29644474
28249	0.29530391
28250	0.29433855
28251	0.29352584
28252	0.29284811
28253	0.29229212
28254	0.29184797
28255	0.29150882
28256	0.29127014
28257	0.29112917
28258	0.29108465
28259	0.29113606
28260	0.29128334
28261	0.29152629
28262	0.29186392
28263	0.29229409
28264	0.29281276
28265	0.29341355
28266	0.29408729
28267	0.29482156
28268	0.29560050
28269	0.29640490
28270	0.29721248
28271	0.29799837
28272	0.29873607
28273	0.29939887
28274	0.29996100
28275	0.30039957
28276	0.30069590
28277	0.30083719
28278	0.30081752
28279	0.30063853
28280	0.30030939
28281	0.29984623
28282	0.29927132
28283	0.29861122
28284	0.29789546
28285	0.29715464
28286	0.29641879
28287	0.29571623
28288	0.29507214
28289	0.29450810
28290	0.29404154
28291	0.29368559
28292	0.29344893
28293	0.29333624
28294	0.29334828
28295	0.29348218
28296	0.29373178
28297	0.29408783
28298	0.29453850
28299	0.29506937
28300	0.29566389
28301	0.29630372
28302	0.29696906
28303	0.29763928
28304	0.29829347
28305	0.29891109
28306	0.29947290
28307	0.29996157
28308	0.30036259
28309	0.30066484
28310	0.30086112
28311	0.30094832
28312	0.30092755
28313	0.30080384
28314	0.30058578
28315	0.30028483
28316	0.29991472
28317	0.29949060
28318	0.29902849
28319	0.29854450
28320	0.29805425
28321	0.29757261
28322	0.29711324
28323	0.29668847
28324	0.29630908
28325	0.29598445
28326	0.29572234
28327	0.29552910
28328	0.29540965
28329	0.29536754
28330	0.29540500
28331	0.29552293
28332	0.29572099
28333	0.29599753
28334	0.29634970
28335	0.29677343
28336	0.29726353
28337	0.29781383
28338	0.29841733
28339	0.29906633
28340	0.29975283
28341	0.30046853
28342	0.30120546
28343	0.30195579
28344	0.30271232
28345	0.30346841
28346	0.30421814
28347	0.30495617
28348	0.30567762
28349	0.30637792
28350	0.30705270
28351	0.30769739
28352	0.30830726
28353	0.30887714
28354	0.30940151
28355	0.30987436
28356	0.31028932
28357	0.31063977
28358	0.31091911
28359	0.31112081
28360	0.31123897
28361	0.31126848
28362	0.31120533
28363	0.31104729
28364	0.31079406
28365	0.31044781
28366	0.31001332
28367	0.30949846
28368	0.30891430
28369	0.30827489
28370	0.30759731
28371	0.30690116
28372	0.30620813
28373	0.30554128
28374	0.30492419
28375	0.30438039
28376	0.30393213
28377	0.30360013
28378	0.30340260
28379	0.30335474
28380	0.30346853
28381	0.30375227
28382	0.30421057
28383	0.30484423
28384	0.30565017
28385	0.30662161
28386	0.30774814
28387	0.30901563
28388	0.31040663
28389	0.31190017
28390	0.31347212
28391	0.31509534
28392	0.31673983
28393	0.31837335
28394	0.31996194
28395	0.32147038
28396	0.32286367
28397	0.32410753
28398	0.32517007
28399	0.32602295
28400	0.32664272
28401	0.32701209
28402	0.32712096
28403	0.32696715
28404	0.32655692
28405	0.32590470
28406	0.32503301
28407	0.32397148
28408	0.32275593
28409	0.32142708
28410	0.32002911
28411	0.31860837
28412	0.31721225
28413	0.31588772
28414	0.31468070
28415	0.31363499
28416	0.31279173
28417	0.31218901
28418	0.31186104
28419	0.31183812
28420	0.31214583
28421	0.31280452
28422	0.31382856
28423	0.31522569
28424	0.31699556
28425	0.31912917
28426	0.32160747
28427	0.32440069
28428	0.32746756
28429	0.33075523
28430	0.33419973
28431	0.33772737
28432	0.34125671
28433	0.34470168
28434	0.34797525
28435	0.35099331
28436	0.35367930
28437	0.35596779
28438	0.35780755
28439	0.35916391
28440	0.36001939
28441	0.36037382
28442	0.36024332
28443	0.35965770
28444	0.35865906
28445	0.35729891
28446	0.35563633
28447	0.35373637
28448	0.35166836
28449	0.34950596
28450	0.34732720
28451	0.34521475
28452	0.34325835
28453	0.34155649
28454	0.34021971
28455	0.33937478
28456	0.33916932
28457	0.33977830
28458	0.34141120
28459	0.34431955
28460	0.34880707
28461	0.35523897
28462	0.36405265
28463	0.37576869
28464	0.39100185
28465	0.41047719
28466	0.43505153
28467	0.46575394
28468	0.50386721
28469	0.55108422
28470	0.60981387
28471	0.68379521
28472	0.77933937
28473	0.90811288
28474	1.09410667
28475	1.39478648
28476	1.98779929
28477	3.81622839
28478	NaN
28479	NaN
28480	NaN
28481	NaN
28482	NaN
28483	NaN
28484	NaN
28485	NaN
28486	NaN
28487	NaN
28488	NaN
28489	NaN
28490	NaN
28491	NaN
28492	NaN
28493	NaN
28494	NaN
28495	NaN
28496	NaN
28497	NaN
28498	NaN
28499	NaN
28500	NaN
28501	NaN
28502	NaN
28503	NaN
28504	NaN
28505	NaN
28506	NaN
28507	NaN
28508	NaN
28509	NaN
28510	NaN
28511	NaN
28512	NaN
28513	NaN
28514	NaN
28515	NaN
28516	NaN
28517	NaN
28518	NaN
28519	NaN
28520	NaN
28521	NaN
28522	NaN
28523	NaN
28524	NaN
28525	NaN
28526	NaN
28527	NaN
28528	NaN
28529	NaN
28530	NaN
28531	NaN
28532	NaN
28533	NaN
28534	NaN
28535	NaN
28536	NaN
28537	NaN
28538	NaN
28539	NaN
28540	NaN
28541	NaN
28542	NaN
28543	NaN
28544	NaN
28545	NaN
28546	NaN
28547	NaN
28548	NaN
28549	NaN
28550	NaN
28551	NaN
28552	NaN
28553	NaN
28554	NaN
28555	NaN
28556	NaN
28557	NaN
28558	NaN
28559	NaN
28560	NaN
28561	NaN
28562	NaN
28563	NaN
28564	NaN
28565	NaN
28566	NaN
28567	NaN
28568	NaN
28569	NaN
28570	NaN
28571	NaN
28572	0.79658115
28573	0.39070404
28574	0.29999432
28575	0.26203865
28576	0.24241802
28577	0.23125757
28578	0.22464700
28579	0.22072265
28580	0.21848238
28581	0.21733913
28582	0.21692733
28583	0.21700858
28584	0.21742234
28585	0.21805747
28586	0.21883598
28587	0.21970208
28588	0.22061588
28589	0.22154841
28590	0.22247878
28591	0.22339164
28592	0.22427596
28593	0.22512342
28594	0.22592783
28595	0.22668415
28596	0.22738837
28597	0.22803676
28598	0.22862591
28599	0.22915246
28600	0.22961292
28601	0.23000392
28602	0.23032217
28603	0.23056450
28604	0.23072828
28605	0.23081134
28606	0.23081245
28607	0.23073135
28608	0.23056920
28609	0.23032868
28610	0.23001432
28611	0.22963257
28612	0.22919206
28613	0.22870333
28614	0.22817917
28615	0.22763397
28616	0.22708359
28617	0.22654495
28618	0.22603537
28619	0.22557203
28620	0.22517125
28621	0.22484800
28622	0.22461522
28623	0.22448334
28624	0.22446015
28625	0.22455040
28626	0.22475578
28627	0.22507511
28628	0.22550440
28629	0.22603709
28630	0.22666422
28631	0.22737482
28632	0.22815593
28633	0.22899294
28634	0.22986983
28635	0.23076914
28636	0.23167248
28637	0.23256056
28638	0.23341371
28639	0.23421225
28640	0.23493706
28641	0.23557025
28642	0.23609589
28643	0.23650081
28644	0.23677519
28645	0.23691331
28646	0.23691384
28647	0.23678017
28648	0.23652019
28649	0.23614593
28650	0.23567303
28651	0.23511976
28652	0.23450619
28653	0.23385312
28654	0.23318116
28655	0.23250987
28656	0.23185723
28657	0.23123898
28658	0.23066856
28659	0.23015687
28660	0.22971237
28661	0.22934125
28662	0.22904740
28663	0.22883302
28664	0.22869845
28665	0.22864252
28666	0.22866273
28667	0.22875537
28668	0.22891569
28669	0.22913788
28670	0.22941533
28671	0.22974066
28672	0.23010582
28673	0.23050223
28674	0.23092099
28675	0.23135284
28676	0.23178865
28677	0.23221932
28678	0.23263618
28679	0.23303108
28680	0.23339665
28681	0.23372635
28682	0.23401484
28683	0.23425770
28684	0.23445182
28685	0.23459516
28686	0.23468690
28687	0.23472716
28688	0.23471709
28689	0.23465869
28690	0.23455463
28691	0.23440832
28692	0.23422377
28693	0.23400553
28694	0.23375857
28695	0.23348847
28696	0.23320118
28697	0.23290297
28698	0.23260045
28699	0.23230040
28700	0.23200954
28701	0.23173447
28702	0.23148133
28703	0.23125578
28704	0.23106265
28705	0.23090576
28706	0.23078781
28707	0.23071039
28708	0.23067385
28709	0.23067741
28710	0.23071921
28711	0.23079655
28712	0.23090614
28713	0.23104426
28714	0.23120703
28715	0.23139068
28716	0.23159167
28717	0.23180696
28718	0.23203394
28719	0.23227066
28720	0.23251566
28721	0.23276806
28722	0.23302737
28723	0.23329335
28724	0.23356587
28725	0.23384477
28726	0.23412961
28727	0.23441969
28728	0.23471372
28729	0.23501004
28730	0.23530628
28731	0.23559952
28732	0.23588632
28733	0.23616269
28734	0.23642416
28735	0.23666596
28736	0.23688322
28737	0.23707111
28738	0.23722510
28739	0.23734106
28740	0.23741566
28741	0.23744646
28742	0.23743197
28743	0.23737194
28744	0.23726718
28745	0.23711976
28746	0.23693284
28747	0.23671070
28748	0.23645853
28749	0.23618259
28750	0.23588981
28751	0.23558818
28752	0.23528625
28753	0.23499346
28754	0.23471995
28755	0.23447658
28756	0.23427480
28757	0.23412676
28758	0.23404494
28759	0.23404218
28760	0.23413138
28761	0.23432545
28762	0.23463669
28763	0.23507661
28764	0.23565556
28765	0.23638205
28766	0.23726238
28767	0.23829980
28768	0.23949410
28769	0.24084097
28770	0.24233165
28771	0.24395274
28772	0.24568640
28773	0.24751092
28774	0.24940155
28775	0.25133196
28776	0.25327575
28777	0.25520784
28778	0.25710604
28779	0.25895229
28780	0.26073325
28781	0.26244089
28782	0.26407191
28783	0.26562762
28784	0.26711333
28785	0.26853701
28786	0.26990896
28787	0.27124086
28788	0.27254489
28789	0.27383363
28790	0.27511913
28791	0.27641365
28792	0.27772856
28793	0.27907601
28794	0.28046829
28795	0.28192100
28796	0.28345606
28797	0.28510731
28798	0.28693068
28799	0.28902489
28800	0.29156566
28801	0.29488045
28802	0.29959238
28803	0.30696785
28804	0.31982031
28805	0.34547457
28806	0.40956041
28807	0.70030683
28808	NaN
28809	NaN
28810	NaN
28811	NaN
28812	NaN
28813	NaN
28814	NaN
28815	NaN
28816	NaN
28817	NaN
28818	NaN
28819	NaN
28820	NaN
28821	NaN
28822	NaN
28823	NaN
28824	NaN
28825	NaN
28826	NaN
28827	NaN
28828	NaN
28829	NaN
28830	NaN
28831	NaN
28832	NaN
28833	NaN
28834	NaN
28835	NaN
28836	NaN
28837	NaN
28838	NaN
28839	NaN
28840	NaN
28841	NaN
28842	NaN
28843	NaN
28844	NaN
28845	NaN
28846	NaN
28847	NaN
28848	NaN
28849	NaN
28850	NaN
28851	NaN
28852	NaN
28853	NaN
28854	NaN
28855	NaN
28856	NaN
28857	NaN
28858	NaN
28859	NaN
28860	NaN
28861	NaN
28862	NaN
28863	NaN
28864	NaN
28865	NaN
28866	NaN
28867	NaN
28868	NaN
28869	NaN
28870	NaN
28871	NaN
28872	NaN
28873	NaN
28874	NaN
28875	NaN
28876	NaN
28877	NaN
28878	NaN
28879	NaN
28880	NaN
28881	NaN
28882	NaN
28883	NaN
28884	NaN
28885	NaN
28886	NaN
28887	NaN
28888	NaN
28889	NaN
28890	NaN
28891	NaN
28892	NaN
28893	NaN
28894	NaN
28895	NaN
28896	NaN
28897	NaN
28898	NaN
28899	NaN
28900	NaN
28901	NaN
28902	NaN
28903	NaN
28904	NaN
28905	NaN
28906	NaN
28907	NaN
28908	NaN
28909	2.66335201
28910	0.81288666
28911	0.57151240
28912	0.47654432
28913	0.42593798
28914	0.39465690
28915	0.37355351
28916	0.35848770
28917	0.34731045
28918	0.33879399
28919	0.33218491
28920	0.32699463
28921	0.32289150
28922	0.31964257
28923	0.31707856
28924	0.31507352
28925	0.31353131
28926	0.31237683
28927	0.31155068
28928	0.31100479
28929	0.31069970
28930	0.31060275
28931	0.31068674
28932	0.31092900
28933	0.31131074
28934	0.31181645
28935	0.31243345
28936	0.31315136
28937	0.31396142
28938	0.31485593
28939	0.31582776
28940	0.31686929
28941	0.31797200
28942	0.31912565
28943	0.32031780
28944	0.32153320
28945	0.32275355
28946	0.32395732
28947	0.32512021
28948	0.32621536
28949	0.32721442
28950	0.32808873
28951	0.32881078
28952	0.32935593
28953	0.32970408
28954	0.32984143
28955	0.32976186
28956	0.32946756
28957	0.32896981
28958	0.32828829
28959	0.32745042
28960	0.32648993
28961	0.32544488
28962	0.32435596
28963	0.32326454
28964	0.32221058
28965	0.32123134
28966	0.32036012
28967	0.31962538
28968	0.31905001
28969	0.31865129
28970	0.31844056
28971	0.31842339
28972	0.31859973
28973	0.31896418
28974	0.31950617
28975	0.32021040
28976	0.32105726
28977	0.32202324
28978	0.32308170
28979	0.32420343
28980	0.32535753
28981	0.32651237
28982	0.32763660
28983	0.32870039
28984	0.32967639
28985	0.33054060
28986	0.33127347
28987	0.33186036
28988	0.33229199
28989	0.33256444
28990	0.33267888
28991	0.33264145
28992	0.33246246
28993	0.33215564
28994	0.33173752
28995	0.33122668
28996	0.33064273
28997	0.33000612
28998	0.32933712
28999	0.32865557
29000	0.32798037
29001	0.32732919
29002	0.32671812
29003	0.32616168
29004	0.32567239
29005	0.32526085
29006	0.32493564
29007	0.32470337
29008	0.32456860
29009	0.32453388
29010	0.32459995
29011	0.32476574
29012	0.32502860
29013	0.32538435
29014	0.32582751
29015	0.32635140
29016	0.32694852
29017	0.32761046
29018	0.32832828
29019	0.32909262
29020	0.32989380
29021	0.33072209
29022	0.33156776
29023	0.33242133
29024	0.33327347
29025	0.33411521
29026	0.33493805
29027	0.33573374
29028	0.33649442
29029	0.33721247
29030	0.33788058
29031	0.33849153
29032	0.33903840
29033	0.33951434
29034	0.33991283
29035	0.34022769
29036	0.34045324
29037	0.34058464
29038	0.34061798
29039	0.34055075
29040	0.34038207
29041	0.34011310
29042	0.33974755
29043	0.33929166
29044	0.33875477
29045	0.33814925
29046	0.33749053
29047	0.33679688
29048	0.33608904
29049	0.33538970
29050	0.33472276
29051	0.33411255
29052	0.33358309
29053	0.33315721
29054	0.33285576
29055	0.33269712
29056	0.33269665
29057	0.33286610
29058	0.33321363
29059	0.33374351
29060	0.33445603
29061	0.33534744
29062	0.33641014
29063	0.33763248
29064	0.33899906
29065	0.34049061
29066	0.34208432
29067	0.34375390
29068	0.34546989
29069	0.34720007
29070	0.34890977
29071	0.35056290
29072	0.35212249
29073	0.35355175
29074	0.35481548
29075	0.35588107
29076	0.35672006
29077	0.35730934
29078	0.35763231
29079	0.35768005
29080	0.35745183
29081	0.35695544
29082	0.35620728
29083	0.35523185
29084	0.35406113
29085	0.35273340
29086	0.35129243
29087	0.34978575
29088	0.34826368
29089	0.34677780
29090	0.34537995
29091	0.34412098
29092	0.34304979
29093	0.34221256
29094	0.34165180
29095	0.34140596
29096	0.34150854
29097	0.34198737
29098	0.34286416
29099	0.34415367
29100	0.34586281
29101	0.34798986
29102	0.35052347
29103	0.35344207
29104	0.35671309
29105	0.36029229
29106	0.36412418
29107	0.36814225
29108	0.37227052
29109	0.37642530
29110	0.38051808
29111	0.38445914
29112	0.38816154
29113	0.39154479
29114	0.39453959
29115	0.39709079
29116	0.39915985
29117	0.40072688
29118	0.40179062
29119	0.40236789
29120	0.40249246
29121	0.40221247
29122	0.40158853
29123	0.40069142
29124	0.39959982
29125	0.39839977
29126	0.39718312
29127	0.39604834
29128	0.39510146
29129	0.39445788
29130	0.39424679
29131	0.39461529
29132	0.39573443
29133	0.39780867
29134	0.40108511
29135	0.40586805
29136	0.41253498
29137	0.42155716
29138	0.43352684
29139	0.44919160
29140	0.46949723
29141	0.49565208
29142	0.52922082
29143	0.57227564
29144	0.62766725
29145	0.69952774
29146	0.79429877
29147	0.92292708
29148	1.10610485
29149	1.38868809
29150	1.88940680
29151	3.05599618
29152	9.31906605
29153	NaN
29154	NaN
29155	NaN
29156	NaN
29157	NaN
29158	NaN
29159	NaN
29160	NaN
29161	NaN
29162	NaN
29163	NaN
29164	NaN
29165	NaN
29166	NaN
29167	NaN
29168	NaN
29169	NaN
29170	NaN
29171	NaN
29172	NaN
29173	NaN
29174	NaN
29175	NaN
29176	NaN
29177	NaN
29178	NaN
29179	NaN
29180	NaN
29181	NaN
29182	NaN
29183	NaN
29184	NaN
29185	NaN
29186	NaN
29187	NaN
29188	NaN
29189	NaN
29190	NaN
29191	NaN
29192	NaN
29193	NaN
29194	NaN
29195	NaN
29196	NaN
29197	NaN
29198	NaN
29199	NaN
29200	NaN
29201	NaN
29202	NaN
29203	NaN
29204	NaN
29205	NaN
29206	NaN
29207	NaN
29208	NaN
29209	NaN
29210	NaN
29211	NaN
29212	NaN
29213	NaN
29214	NaN
29215	NaN
29216	NaN
29217	NaN
29218	NaN
29219	NaN
29220	NaN
29221	NaN
29222	NaN
29223	NaN
29224	NaN
29225	NaN
29226	NaN
29227	NaN
29228	NaN
29229	NaN
29230	NaN
29231	NaN
29232	NaN
29233	NaN
29234	NaN
29235	NaN
29236	NaN
29237	NaN
29238	0.75002635
29239	0.46193901
29240	0.37887305
29241	0.33920529
29242	0.31592134
29243	0.30062008
29244	0.28983214
29245	0.28186059
29246	0.27577463
29247	0.27101895
29248	0.26724106
29249	0.26420522
29250	0.26174766
29251	0.25975060
29252	0.25812694
29253	0.25681096
29254	0.25575179
29255	0.25490952
29256	0.25425211
29257	0.25375342
29258	0.25339192
29259	0.25314918
29260	0.25300935
29261	0.25295839
29262	0.25298360
29263	0.25307328
29264	0.25321636
29265	0.25340229
29266	0.25362077
29267	0.25386193
29268	0.25411603
29269	0.25437364
29270	0.25462574
29271	0.25486374
29272	0.25507957
29273	0.25526595
29274	0.25541621
29275	0.25552469
29276	0.25558645
29277	0.25559774
29278	0.25555575
29279	0.25545895
29280	0.25530705
29281	0.25510120
29282	0.25484425
29283	0.25454071
29284	0.25419691
29285	0.25382113
29286	0.25342351
29287	0.25301579
29288	0.25261095
29289	0.25222290
29290	0.25186580
29291	0.25155357
29292	0.25129923
29293	0.25111440
29294	0.25100872
29295	0.25098965
29296	0.25106201
29297	0.25122795
29298	0.25148669
29299	0.25183472
29300	0.25226566
29301	0.25277036
29302	0.25333726
29303	0.25395238
29304	0.25459966
29305	0.25526142
29306	0.25591871
29307	0.25655195
29308	0.25714144
29309	0.25766823
29310	0.25811476
29311	0.25846562
29312	0.25870836
29313	0.25883389
29314	0.25883722
29315	0.25871748
29316	0.25847808
29317	0.25812659
29318	0.25767410
29319	0.25713497
29320	0.25652584
29321	0.25586486
29322	0.25517094
29323	0.25446299
29324	0.25375918
29325	0.25307643
29326	0.25242996
29327	0.25183296
29328	0.25129646
29329	0.25082922
29330	0.25043783
29331	0.25012675
29332	0.24989833
29333	0.24975318
29334	0.24969012
29335	0.24970645
29336	0.24979806
29337	0.24995951
29338	0.25018424
29339	0.25046474
29340	0.25079244
29341	0.25115827
29342	0.25155249
29343	0.25196511
29344	0.25238597
29345	0.25280514
29346	0.25321311
29347	0.25360101
29348	0.25396088
29349	0.25428587
29350	0.25457039
29351	0.25481012
29352	0.25500214
29353	0.25514469
29354	0.25523737
29355	0.25528088
29356	0.25527680
29357	0.25522771
29358	0.25513673
29359	0.25500777
29360	0.25484514
29361	0.25465357
29362	0.25443828
29363	0.25420463
29364	0.25395834
29365	0.25370529
29366	0.25345144
29367	0.25320262
29368	0.25296456
29369	0.25274259
29370	0.25254151
29371	0.25236553
29372	0.25221795
29373	0.25210118
29374	0.25201666
29375	0.25196490
29376	0.25194541
29377	0.25195688
29378	0.25199744
29379	0.25206465
29380	0.25215581
29381	0.25226811
29382	0.25239885
29383	0.25254554
29384	0.25270602
29385	0.25287840
29386	0.25306123
29387	0.25325346
29388	0.25345415
29389	0.25366256
29390	0.25387809
29391	0.25409994
29392	0.25432727
29393	0.25455898
29394	0.25479361
29395	0.25502944
29396	0.25526434
29397	0.25549579
29398	0.25572091
29399	0.25593650
29400	0.25613901
29401	0.25632471
29402	0.25648969
29403	0.25662994
29404	0.25674167
29405	0.25682127
29406	0.25686568
29407	0.25687236
29408	0.25683981
29409	0.25676745
29410	0.25665593
29411	0.25650710
29412	0.25632396
29413	0.25611085
29414	0.25587308
29415	0.25561696
29416	0.25534949
29417	0.25507826
29418	0.25481126
29419	0.25455669
29420	0.25432268
29421	0.25411731
29422	0.25394854
29423	0.25382370
29424	0.25374979
29425	0.25373313
29426	0.25377929
29427	0.25389272
29428	0.25407669
29429	0.25433314
29430	0.25466231
29431	0.25506234
29432	0.25552940
29433	0.25605723
29434	0.25663719
29435	0.25725827
29436	0.25790730
29437	0.25856936
29438	0.25922838
29439	0.25986806
29440	0.26047271
29441	0.26102832
29442	0.26152354
29443	0.26195058
29444	0.26230586
29445	0.26259023
29446	0.26280913
29447	0.26297206
29448	0.26309222
29449	0.26318592
29450	0.26327157
29451	0.26336950
29452	0.26350069
29453	0.26368734
29454	0.26395249
29455	0.26432005
29456	0.26481554
29457	0.26546681
29458	0.26630461
29459	0.26736513
29460	0.26869005
29461	0.27033082
29462	0.27235076
29463	0.27482998
29464	0.27787203
29465	0.28161258
29466	0.28623182
29467	0.29197484
29468	0.29917842
29469	0.30831960
29470	0.32008693
29471	0.33550736
29472	0.35617864
29473	0.38471815
29474	0.42573765
29475	0.48822290
29476	0.59243172
29477	0.79603106
29478	1.35610425
29479	NaN
29480	NaN
29481	NaN
29482	NaN
29483	NaN
29484	NaN
29485	NaN
29486	NaN
29487	NaN
29488	NaN
29489	NaN
29490	NaN
29491	NaN
29492	NaN
29493	NaN
29494	NaN
29495	NaN
29496	NaN
29497	NaN
29498	NaN
29499	NaN
29500	NaN
29501	NaN
29502	NaN
29503	NaN
29504	NaN
29505	NaN
29506	NaN
29507	NaN
29508	NaN
29509	NaN
29510	NaN
29511	NaN
29512	NaN
29513	NaN
29514	NaN
29515	NaN
29516	NaN
29517	NaN
29518	NaN
29519	NaN
29520	NaN
29521	NaN
29522	NaN
29523	NaN
29524	NaN
29525	NaN
29526	NaN
29527	NaN
29528	NaN
29529	NaN
29530	NaN
29531	NaN
29532	NaN
29533	NaN
29534	NaN
29535	NaN
29536	NaN
29537	NaN
29538	NaN
29539	NaN
29540	NaN
29541	NaN
29542	NaN
29543	NaN
29544	NaN
29545	NaN
29546	NaN
29547	NaN
29548	NaN
29549	NaN
29550	NaN
29551	NaN
29552	NaN
29553	NaN
29554	NaN
29555	NaN
29556	NaN
29557	NaN
29558	NaN
29559	NaN
29560	NaN
29561	NaN
29562	NaN
29563	NaN
29564	NaN
29565	NaN
29566	NaN
29567	NaN
29568	NaN
29569	NaN
29570	NaN
29571	4.07252598
29572	0.70932072
29573	0.49745744
29574	0.42068261
29575	0.38099676
29576	0.35675102
29577	0.34041315
29578	0.32867378
29579	0.31985039
29580	0.31299621
29581	0.30753747
29582	0.30310577
29583	0.29945305
29584	0.29640633
29585	0.29384106
29586	0.29166523
29587	0.28980953
29588	0.28822085
29589	0.28685808
29590	0.28568909
29591	0.28468877
29592	0.28383753
29593	0.28312013
29594	0.28252497
29595	0.28204334
29596	0.28166878
29597	0.28139681
29598	0.28122419
29599	0.28114858
29600	0.28116810
29601	0.28128079
29602	0.28148413
29603	0.28177455
29604	0.28214696
29605	0.28259432
29606	0.28310725
29607	0.28367382
29608	0.28427958
29609	0.28490749
29610	0.28553858
29611	0.28615227
29612	0.28672731
29613	0.28724292
29614	0.28767973
29615	0.28802106
29616	0.28825405
29617	0.28837040
29618	0.28836709
29619	0.28824663
29620	0.28801671
29621	0.28768998
29622	0.28728297
29623	0.28681505
29624	0.28630745
29625	0.28578180
29626	0.28525937
29627	0.28475991
29628	0.28430092
29629	0.28389743
29630	0.28356135
29631	0.28330153
29632	0.28312379
29633	0.28303087
29634	0.28302282
29635	0.28309721
29636	0.28324920
29637	0.28347200
29638	0.28375712
29639	0.28409439
29640	0.28447253
29641	0.28487936
29642	0.28530201
29643	0.28572741
29644	0.28614262
29645	0.28653538
29646	0.28689444
29647	0.28720981
29648	0.28747338
29649	0.28767908
29650	0.28782293
29651	0.28790328
29652	0.28792068
29653	0.28787780
29654	0.28777915
29655	0.28763089
29656	0.28744036
29657	0.28721583
29658	0.28696620
29659	0.28670043
29660	0.28642750
29661	0.28615600
29662	0.28589404
29663	0.28564888
29664	0.28542724
29665	0.28523487
29666	0.28507683
29667	0.28495744
29668	0.28488037
29669	0.28484854
29670	0.28486443
29671	0.28492969
29672	0.28504559
29673	0.28521261
29674	0.28543061
29675	0.28569871
29676	0.28601539
29677	0.28637829
29678	0.28678444
29679	0.28723007
29680	0.28771096
29681	0.28822237
29682	0.28875911
29683	0.28931579
29684	0.28988686
29685	0.29046676
29686	0.29104984
29687	0.29163057
29688	0.29220343
29689	0.29276291
29690	0.29330349
29691	0.29381961
29692	0.29430553
29693	0.29475558
29694	0.29516378
29695	0.29552433
29696	0.29583144
29697	0.29607955
29698	0.29626352
29699	0.29637891
29700	0.29642215
29701	0.29639083
29702	0.29628399
29703	0.29610243
29704	0.29584882
29705	0.29552799
29706	0.29514706
29707	0.29471532
29708	0.29424432
29709	0.29374751
29710	0.29324013
29711	0.29273850
29712	0.29225972
29713	0.29182118
29714	0.29143980
29715	0.29113173
29716	0.29091167
29717	0.29079258
29718	0.29078543
29719	0.29089859
29720	0.29113820
29721	0.29150766
29722	0.29200768
29723	0.29263628
29724	0.29338863
29725	0.29425734
29726	0.29523215
29727	0.29630002
29728	0.29744530
29729	0.29864976
29730	0.29989278
29731	0.30115154
29732	0.30240145
29733	0.30361655
29734	0.30477014
29735	0.30583540
29736	0.30678636
29737	0.30759865
29738	0.30825040
29739	0.30872339
29740	0.30900368
29741	0.30908245
29742	0.30895668
29743	0.30862942
29744	0.30811000
29745	0.30741385
29746	0.30656227
29747	0.30558175
29748	0.30450323
29749	0.30336127
29750	0.30219293
29751	0.30103692
29752	0.29993254
29753	0.29891878
29754	0.29803339
29755	0.29731238
29756	0.29678923
29757	0.29649431
29758	0.29645455
29759	0.29669282
29760	0.29722753
29761	0.29807219
29762	0.29923466
29763	0.30071652
29764	0.30251265
29765	0.30461016
29766	0.30698803
29767	0.30961633
29768	0.31245637
29769	0.31546077
29770	0.31857434
29771	0.32173541
29772	0.32487798
29773	0.32793444
29774	0.33083832
29775	0.33352736
29776	0.33594701
29777	0.33805278
29778	0.33981207
29779	0.34120584
29780	0.34222862
29781	0.34288833
29782	0.34320521
29783	0.34321028
29784	0.34294385
29785	0.34245402
29786	0.34179500
29787	0.34102675
29788	0.34021449
29789	0.33942878
29790	0.33874691
29791	0.33825400
29792	0.33804619
29793	0.33823395
29794	0.33894539
29795	0.34033251
29796	0.34257698
29797	0.34589803
29798	0.35056198
29799	0.35689202
29800	0.36528310
29801	0.37621757
29802	0.39028442
29803	0.40820971
29804	0.43089649
29805	0.45949095
29806	0.49550036
29807	0.54099637
29808	0.59902000
29809	0.67437017
29810	0.77529621
29811	0.91747534
29812	1.13482940
29813	1.51636541
29814	2.39157081
29815	6.79557705
29816	NaN
29817	NaN
29818	NaN
29819	NaN
29820	NaN
29821	NaN
29822	NaN
29823	NaN
29824	NaN
29825	NaN
29826	NaN
29827	NaN
29828	NaN
29829	NaN
29830	NaN
29831	NaN
29832	NaN
29833	NaN
29834	NaN
29835	NaN
29836	NaN
29837	NaN
29838	NaN
29839	NaN
29840	NaN
29841	NaN
29842	NaN
29843	NaN
29844	NaN
29845	NaN
29846	NaN
29847	NaN
29848	NaN
29849	NaN
29850	NaN
29851	NaN
29852	NaN
29853	NaN
29854	NaN
29855	NaN
29856	NaN
29857	NaN
29858	NaN
29859	NaN
29860	NaN
29861	NaN
29862	NaN
29863	NaN
29864	NaN
29865	NaN
29866	NaN
29867	NaN
29868	NaN
29869	NaN
29870	NaN
29871	NaN
29872	NaN
29873	NaN
29874	NaN
29875	NaN
29876	NaN
29877	NaN
29878	NaN
29879	NaN
29880	NaN
29881	NaN
29882	NaN
29883	NaN
29884	NaN
29885	NaN
29886	NaN
29887	NaN
29888	NaN
29889	NaN
29890	NaN
29891	NaN
29892	0.24697386
29893	0.23842858
29894	0.23412566
29895	0.23088713
29896	0.22812112
29897	0.22563821
29898	0.22335857
29899	0.22124200
29900	0.21926452
29901	0.21741031
29902	0.21566743
29903	0.21402627
29904	0.21247892
29905	0.21101852
29906	0.20963906
29907	0.20833519
29908	0.20710218
29909	0.20593563
29910	0.20483145
29911	0.20378584
29912	0.20279506
29913	0.20185544
29914	0.20096326
29915	0.20011479
29916	0.19930638
29917	0.19853432
29918	0.19779508
29919	0.19708537
29920	0.19640245
29921	0.19574431
29922	0.19510984
29923	0.19449933
29924	0.19391443
29925	0.19335850
29926	0.19283664
29927	0.19235553
29928	0.19192320
29929	0.19154857
29930	0.19124088
29931	0.19100891
29932	0.19086024
29933	0.19080058
29934	0.19083324
29935	0.19095889
29936	0.19117525
29937	0.19147740
29938	0.19185784
29939	0.19230703
29940	0.19281392
29941	0.19336642
29942	0.19395208
29943	0.19455878
29944	0.19517499
29945	0.19579041
29946	0.19639617
29947	0.19698499
29948	0.19755125
29949	0.19809085
29950	0.19860114
29951	0.19908062
29952	0.19952856
29953	0.19994491
29954	0.20032969
29955	0.20068295
29956	0.20100434
29957	0.20129290
29958	0.20154713
29959	0.20176481
29960	0.20194317
29961	0.20207901
29962	0.20216914
29963	0.20221044
29964	0.20220056
29965	0.20213805
29966	0.20202267
29967	0.20185567
29968	0.20163988
29969	0.20137960
29970	0.20108047
29971	0.20074928
29972	0.20039348
29973	0.20002095
29974	0.19963956
29975	0.19925691
29976	0.19887996
29977	0.19851489
29978	0.19816697
29979	0.19784044
29980	0.19753872
29981	0.19726424
29982	0.19701870
29983	0.19680320
29984	0.19661833
29985	0.19646443
29986	0.19634160
29987	0.19624980
29988	0.19618908
29989	0.19615945
29990	0.19616106
29991	0.19619389
29992	0.19625804
29993	0.19635327
29994	0.19647913
29995	0.19663475
29996	0.19681889
29997	0.19702962
29998	0.19726452
29999	0.19752043
30000	0.19779362
30001	0.19807971
30002	0.19837363
30003	0.19866991
30004	0.19896248
30005	0.19924487
30006	0.19951025
30007	0.19975144
30008	0.19996102
30009	0.20013154
30010	0.20025530
30011	0.20032474
30012	0.20033234
30013	0.20027091
30014	0.20013373
30015	0.19991466
30016	0.19960852
30017	0.19921124
30018	0.19872005
30019	0.19813403
30020	0.19745411
30021	0.19668338
30022	0.19582741
30023	0.19489428
30024	0.19389482
30025	0.19284256
30026	0.19175373
30027	0.19064708
30028	0.18954372
30029	0.18846671
30030	0.18744040
30031	0.18648988
30032	0.18564011
30033	0.18491493
30034	0.18433592
30035	0.18392135
30036	0.18368509
30037	0.18363561
30038	0.18377534
30039	0.18410057
30040	0.18460181
30041	0.18526414
30042	0.18606859
30043	0.18699308
30044	0.18801372
30045	0.18910575
30046	0.19024466
30047	0.19140674
30048	0.19257006
30049	0.19371445
30050	0.19482219
30051	0.19587779
30052	0.19686848
30053	0.19778384
30054	0.19861604
30055	0.19935951
30056	0.20001097
30057	0.20056929
30058	0.20103520
30059	0.20141135
30060	0.20170176
30061	0.20191187
30062	0.20204814
30063	0.20211785
30064	0.20212884
30065	0.20208918
30066	0.20200694
30067	0.20189013
30068	0.20174640
30069	0.20158303
30070	0.20140675
30071	0.20122388
30072	0.20104022
30073	0.20086132
30074	0.20069219
30075	0.20053768
30076	0.20040238
30077	0.20029062
30078	0.20020659
30079	0.20015423
30080	0.20013706
30081	0.20015822
30082	0.20022017
30083	0.20032452
30084	0.20047192
30085	0.20066170
30086	0.20089185
30087	0.20115861
30088	0.20145674
30089	0.20177926
30090	0.20211770
30091	0.20246230
30092	0.20280252
30093	0.20312734
30094	0.20342587
30095	0.20368777
30096	0.20390409
30097	0.20406745
30098	0.20417276
30099	0.20421720
30100	0.20420055
30101	0.20412518
30102	0.20399597
30103	0.20382036
30104	0.20360774
30105	0.20336972
30106	0.20311958
30107	0.20287292
30108	0.20264709
30109	0.20246165
30110	0.20233923
30111	0.20230593
30112	0.20239194
30113	0.20263343
30114	0.20307285
30115	0.20376103
30116	0.20475875
30117	0.20613860
30118	0.20798643
30119	0.21040387
30120	0.21350975
30121	0.21744286
30122	0.22236428
30123	0.22846162
30124	0.23595509
30125	0.24510835
30126	0.25624853
30127	0.26980218
30128	0.28635702
30129	0.30677995
30130	0.33243632
30131	0.36563942
30132	0.41063949
30133	0.47611305
30134	0.58277327
30135	0.79466528
30136	1.45402431
30137	NaN
30138	NaN
30139	NaN
30140	NaN
30141	NaN
30142	NaN
30143	NaN
30144	NaN
30145	NaN
30146	NaN
30147	NaN
30148	NaN
30149	NaN
30150	NaN
30151	NaN
30152	NaN
30153	NaN
30154	NaN
30155	NaN
30156	NaN
30157	NaN
30158	NaN
30159	NaN
30160	NaN
30161	NaN
30162	NaN
30163	NaN
30164	NaN
30165	NaN
30166	NaN
30167	NaN
30168	NaN
30169	NaN
30170	NaN
30171	NaN
30172	NaN
30173	NaN
30174	NaN
30175	NaN
30176	NaN
30177	NaN
30178	NaN
30179	NaN
30180	NaN
30181	NaN
30182	NaN
30183	NaN
30184	NaN
30185	NaN
30186	NaN
30187	NaN
30188	NaN
30189	NaN
30190	NaN
30191	NaN
30192	NaN
30193	NaN
30194	NaN
30195	NaN
30196	NaN
30197	NaN
30198	NaN
30199	NaN
30200	NaN
30201	NaN
30202	NaN
30203	NaN
30204	NaN
30205	NaN
30206	NaN
30207	NaN
30208	NaN
30209	NaN
30210	NaN
30211	NaN
30212	NaN
30213	NaN
30214	NaN
30215	NaN
30216	NaN
30217	NaN
30218	NaN
30219	NaN
30220	NaN
30221	NaN
30222	NaN
30223	0.89771676
30224	0.49589822
30225	0.40023378
30226	0.35750359
30227	0.33339426
30228	0.31798393
30229	0.30733868
30230	0.29958746
30231	0.29372624
30232	0.28916749
30233	0.28554457
30234	0.28261638
30235	0.28021801
30236	0.27823263
30237	0.27657521
30238	0.27518257
30239	0.27400696
30240	0.27301180
30241	0.27216893
30242	0.27145675
30243	0.27085859
30244	0.27036193
30245	0.26995754
30246	0.26963884
30247	0.26940143
30248	0.26924261
30249	0.26916096
30250	0.26915601
30251	0.26922774
30252	0.26937616
30253	0.26960105
30254	0.26990125
30255	0.27027449
30256	0.27071670
30257	0.27122176
30258	0.27178094
30259	0.27238286
30260	0.27301329
30261	0.27365524
30262	0.27428940
30263	0.27489471
30264	0.27544934
30265	0.27593181
30266	0.27632236
30267	0.27660444
30268	0.27676576
30269	0.27679968
30270	0.27670565
30271	0.27648968
30272	0.27616382
30273	0.27574560
30274	0.27525672
30275	0.27472165
30276	0.27416617
30277	0.27361584
30278	0.27309471
30279	0.27262437
30280	0.27222314
30281	0.27190569
30282	0.27168277
30283	0.27156124
30284	0.27154437
30285	0.27163187
30286	0.27182034
30287	0.27210361
30288	0.27247286
30289	0.27291709
30290	0.27342328
30291	0.27397674
30292	0.27456132
30293	0.27515960
30294	0.27575365
30295	0.27632523
30296	0.27685639
30297	0.27733022
30298	0.27773142
30299	0.27804720
30300	0.27826762
30301	0.27838627
30302	0.27840045
30303	0.27831140
30304	0.27812406
30305	0.27784678
30306	0.27749076
30307	0.27706942
30308	0.27659774
30309	0.27609161
30310	0.27556697
30311	0.27503955
30312	0.27452415
30313	0.27403456
30314	0.27358305
30315	0.27318060
30316	0.27283660
30317	0.27255890
30318	0.27235398
30319	0.27222702
30320	0.27218178
30321	0.27222085
30322	0.27234545
30323	0.27255553
30324	0.27284962
30325	0.27322471
30326	0.27367646
30327	0.27419898
30328	0.27478495
30329	0.27542597
30330	0.27611244
30331	0.27683422
30332	0.27758065
30333	0.27834105
30334	0.27910507
30335	0.27986288
30336	0.28060549
30337	0.28132492
30338	0.28201419
30339	0.28266743
30340	0.28327975
30341	0.28384712
30342	0.28436616
30343	0.28483415
30344	0.28524864
30345	0.28560746
30346	0.28590861
30347	0.28615016
30348	0.28633022
30349	0.28644708
30350	0.28649923
30351	0.28648549
30352	0.28640515
30353	0.28625834
30354	0.28604606
30355	0.28577065
30356	0.28543580
30357	0.28504694
30358	0.28461140
30359	0.28413841
30360	0.28363919
30361	0.28312668
30362	0.28261548
30363	0.28212139
30364	0.28166094
30365	0.28125072
30366	0.28090706
30367	0.28064516
30368	0.28047886
30369	0.28041998
30370	0.28047818
30371	0.28066063
30372	0.28097194
30373	0.28141418
30374	0.28198677
30375	0.28268668
30376	0.28350842
30377	0.28444406
30378	0.28548351
30379	0.28661427
30380	0.28782162
30381	0.28908861
30382	0.29039612
30383	0.29172298
30384	0.29304594
30385	0.29434022
30386	0.29557976
30387	0.29673785
30388	0.29778782
30389	0.29870385
30390	0.29946235
30391	0.30004272
30392	0.30042848
30393	0.30060855
30394	0.30057761
30395	0.30033696
30396	0.29989457
30397	0.29926497
30398	0.29846880
30399	0.29753211
30400	0.29648533
30401	0.29536232
30402	0.29419941
30403	0.29303405
30404	0.29190409
30405	0.29084691
30406	0.28989869
30407	0.28909397
30408	0.28846511
30409	0.28804204
30410	0.28785184
30411	0.28791863
30412	0.28826305
30413	0.28890178
30414	0.28984714
30415	0.29110634
30416	0.29268068
30417	0.29456472
30418	0.29674545
30419	0.29920146
30420	0.30190256
30421	0.30480930
30422	0.30787373
30423	0.31103989
30424	0.31424561
30425	0.31742471
30426	0.32050973
30427	0.32343501
30428	0.32613975
30429	0.32857072
30430	0.33068484
30431	0.33245063
30432	0.33384895
30433	0.33487305
30434	0.33552766
30435	0.33582810
30436	0.33579847
30437	0.33547020
30438	0.33488071
30439	0.33407226
30440	0.33309084
30441	0.33198604
30442	0.33081135
30443	0.32962438
30444	0.32848820
30445	0.32747304
30446	0.32665840
30447	0.32613719
30448	0.32601771
30449	0.32643047
30450	0.32753250
30451	0.32951489
30452	0.33261025
30453	0.33710197
30454	0.34333447
30455	0.35172740
30456	0.36279181
30457	0.37715954
30458	0.39562783
30459	0.41924220
30460	0.44944802
30461	0.48837939
30462	0.53943557
30463	0.60849363
30464	0.70675910
30465	0.85854530
30466	1.12793159
30467	1.75450242
30468	5.03929234
30469	NaN
30470	NaN
30471	NaN
30472	NaN
30473	NaN
30474	NaN
30475	NaN
30476	NaN
30477	NaN
30478	NaN
30479	NaN
30480	NaN
30481	NaN
30482	NaN
30483	NaN
30484	NaN
30485	NaN
30486	NaN
30487	NaN
30488	NaN
30489	NaN
30490	NaN
30491	NaN
30492	NaN
30493	NaN
30494	NaN
30495	NaN
30496	NaN
30497	NaN
30498	NaN
30499	NaN
30500	NaN
30501	NaN
30502	NaN
30503	NaN
30504	NaN
30505	NaN
30506	NaN
30507	NaN
30508	NaN
30509	NaN
30510	NaN
30511	NaN
30512	NaN
30513	NaN
30514	NaN
30515	NaN
30516	NaN
30517	NaN
30518	NaN
30519	NaN
30520	NaN
30521	NaN
30522	NaN
30523	NaN
30524	NaN
30525	NaN
30526	NaN
30527	NaN
30528	NaN
30529	NaN
30530	NaN
30531	NaN
30532	NaN
30533	NaN
30534	NaN
30535	NaN
30536	NaN
30537	NaN
30538	NaN
30539	NaN
30540	NaN
30541	NaN
30542	NaN
30543	NaN
30544	NaN
30545	NaN
30546	NaN
30547	NaN
30548	NaN
30549	NaN
30550	NaN
30551	NaN
30552	NaN
30553	NaN
30554	NaN
30555	0.59031469
30556	0.38844967
30557	0.31988519
30558	0.28517333
30559	0.26418316
30560	0.25016004
30561	0.24019203
30562	0.23281261
30563	0.22719918
30564	0.22285230
30565	0.21944934
30566	0.21677120
30567	0.21466301
30568	0.21301155
30569	0.21173167
30570	0.21075782
30571	0.21003836
30572	0.20953213
30573	0.20920543
30574	0.20903063
30575	0.20898438
30576	0.20904666
30577	0.20920007
30578	0.20942910
30579	0.20971967
30580	0.21005867
30581	0.21043371
30582	0.21083285
30583	0.21124457
30584	0.21165748
30585	0.21206075
30586	0.21244371
30587	0.21279633
30588	0.21310948
30589	0.21337485
30590	0.21358550
30591	0.21373588
30592	0.21382210
30593	0.21384215
30594	0.21379593
30595	0.21368524
30596	0.21351388
30597	0.21328752
30598	0.21301340
30599	0.21270028
30600	0.21235806
30601	0.21199745
30602	0.21162973
30603	0.21126631
30604	0.21091847
30605	0.21059693
30606	0.21031164
30607	0.21007138
30608	0.20988373
30609	0.20975477
30610	0.20968893
30611	0.20968911
30612	0.20975649
30613	0.20989063
30614	0.21008945
30615	0.21034935
30616	0.21066511
30617	0.21103008
30618	0.21143617
30619	0.21187384
30620	0.21233250
30621	0.21280038
30622	0.21326503
30623	0.21371356
30624	0.21413313
30625	0.21451144
30626	0.21483725
30627	0.21510100
30628	0.21529521
30629	0.21541491
30630	0.21545793
30631	0.21542490
30632	0.21531917
30633	0.21514656
30634	0.21491489
30635	0.21463351
30636	0.21431257
30637	0.21396269
30638	0.21359423
30639	0.21321705
30640	0.21283999
30641	0.21247092
30642	0.21211651
30643	0.21178217
30644	0.21147220
30645	0.21118993
30646	0.21093778
30647	0.21071747
30648	0.21053006
30649	0.21037628
30650	0.21025649
30651	0.21017085
30652	0.21011937
30653	0.21010190
30654	0.21011820
30655	0.21016781
30656	0.21025001
30657	0.21036375
30658	0.21050760
30659	0.21067959
30660	0.21087717
30661	0.21109723
30662	0.21133603
30663	0.21158937
30664	0.21185240
30665	0.21211995
30666	0.21238661
30667	0.21264675
30668	0.21289471
30669	0.21312499
30670	0.21333227
30671	0.21351162
30672	0.21365848
30673	0.21376891
30674	0.21383950
30675	0.21386755
30676	0.21385108
30677	0.21378906
30678	0.21368122
30679	0.21352835
30680	0.21333213
30681	0.21309549
30682	0.21282227
30683	0.21251740
30684	0.21218675
30685	0.21183710
30686	0.21147583
30687	0.21111086
30688	0.21075030
30689	0.21040231
30690	0.21007480
30691	0.20977509
30692	0.20950995
30693	0.20928517
30694	0.20910561
30695	0.20897502
30696	0.20889612
30697	0.20887055
30698	0.20889895
30699	0.20898096
30700	0.20911552
30701	0.20930071
30702	0.20953406
30703	0.20981248
30704	0.21013239
30705	0.21048984
30706	0.21088043
30707	0.21129946
30708	0.21174186
30709	0.21220219
30710	0.21267478
30711	0.21315365
30712	0.21363246
30713	0.21410459
30714	0.21456316
30715	0.21500100
30716	0.21541074
30717	0.21578500
30718	0.21611625
30719	0.21639721
30720	0.21662092
30721	0.21678104
30722	0.21687208
30723	0.21688968
30724	0.21683075
30725	0.21669386
30726	0.21647926
30727	0.21618894
30728	0.21582662
30729	0.21539775
30730	0.21490924
30731	0.21436928
30732	0.21378714
30733	0.21317287
30734	0.21253714
30735	0.21189103
30736	0.21124588
30737	0.21061330
30738	0.21000496
30739	0.20943263
30740	0.20890817
30741	0.20844339
30742	0.20805013
30743	0.20774002
30744	0.20752452
30745	0.20741470
30746	0.20742115
30747	0.20755360
30748	0.20782065
30749	0.20822947
30750	0.20878507
30751	0.20949008
30752	0.21034372
30753	0.21134150
30754	0.21247461
30755	0.21372935
30756	0.21508755
30757	0.21652636
30758	0.21801916
30759	0.21953674
30760	0.22104862
30761	0.22252484
30762	0.22393745
30763	0.22526176
30764	0.22647779
30765	0.22757059
30766	0.22853056
30767	0.22935311
30768	0.23003821
30769	0.23058982
30770	0.23101507
30771	0.23132382
30772	0.23152827
30773	0.23164339
30774	0.23168631
30775	0.23167801
30776	0.23164462
30777	0.23161913
30778	0.23164490
30779	0.23177968
30780	0.23210223
30781	0.23272194
30782	0.23378934
30783	0.23551622
30784	0.23820047
30785	0.24226505
30786	0.24831295
30787	0.25721586
30788	0.27025390
30789	0.28936076
30790	0.31758678
30791	0.36009488
30792	0.42657486
30793	0.53824157
30794	0.75403821
30795	1.32739890
30796	NaN
30797	NaN
30798	NaN
30799	NaN
30800	NaN
30801	NaN
30802	NaN
30803	NaN
30804	NaN
30805	NaN
30806	NaN
30807	NaN
30808	NaN
30809	NaN
30810	NaN
30811	NaN
30812	NaN
30813	NaN
30814	NaN
30815	NaN
30816	NaN
30817	NaN
30818	NaN
30819	NaN
30820	NaN
30821	NaN
30822	NaN
30823	NaN
30824	NaN
30825	NaN
30826	NaN
30827	NaN
30828	NaN
30829	NaN
30830	NaN
30831	NaN
30832	NaN
30833	NaN
30834	NaN
30835	NaN
30836	NaN
30837	NaN
30838	NaN
30839	NaN
30840	NaN
30841	NaN
30842	NaN
30843	NaN
30844	NaN
30845	NaN
30846	NaN
30847	NaN
30848	NaN
30849	NaN
30850	NaN
30851	NaN
30852	NaN
30853	NaN
30854	NaN
30855	NaN
30856	NaN
30857	NaN
30858	NaN
30859	NaN
30860	NaN
30861	NaN
30862	NaN
30863	NaN
30864	NaN
30865	NaN
30866	NaN
30867	NaN
30868	NaN
30869	NaN
30870	NaN
30871	NaN
30872	NaN
30873	NaN
30874	NaN
30875	NaN
30876	NaN
30877	0.97124922
30878	0.46849769
30879	0.38289982
30880	0.34751558
30881	0.32816738
30882	0.31595123
30883	0.30752346
30884	0.30134887
30885	0.29662395
30886	0.29288802
30887	0.28985789
30888	0.28734988
30889	0.28523943
30890	0.28343886
30891	0.28188443
30892	0.28052881
30893	0.27933595
30894	0.27827799
30895	0.27733329
30896	0.27648500
30897	0.27572009
30898	0.27502891
30899	0.27440447
30900	0.27384230
30901	0.27334008
30902	0.27289718
30903	0.27251479
30904	0.27219534
30905	0.27194226
30906	0.27175963
30907	0.27165174
30908	0.27162269
30909	0.27167585
30910	0.27181348
30911	0.27203611
30912	0.27234212
30913	0.27272746
30914	0.27318522
30915	0.27370563
30916	0.27427620
30917	0.27488178
30918	0.27550542
30919	0.27612889
30920	0.27673373
30921	0.27730224
30922	0.27781847
30923	0.27826929
30924	0.27864507
30925	0.27894026
30926	0.27915341
30927	0.27928722
30928	0.27934805
30929	0.27934510
30930	0.27928990
30931	0.27919513
30932	0.27907389
30933	0.27893910
30934	0.27880269
30935	0.27867514
30936	0.27856535
30937	0.27848029
30938	0.27842510
30939	0.27840304
30940	0.27841559
30941	0.27846274
30942	0.27854303
30943	0.27865386
30944	0.27879164
30945	0.27895191
30946	0.27912962
30947	0.27931920
30948	0.27951473
30949	0.27971020
30950	0.27989948
30951	0.28007665
30952	0.28023621
30953	0.28037322
30954	0.28048360
30955	0.28056422
30956	0.28061312
30957	0.28062981
30958	0.28061491
30959	0.28057057
30960	0.28050005
30961	0.28040770
30962	0.28029868
30963	0.28017879
30964	0.28005400
30965	0.27993053
30966	0.27981418
30967	0.27971041
30968	0.27962419
30969	0.27955973
30970	0.27952063
30971	0.27950972
30972	0.27952924
30973	0.27958080
30974	0.27966556
30975	0.27978420
30976	0.27993715
30977	0.28012443
30978	0.28034595
30979	0.28060138
30980	0.28089017
30981	0.28121161
30982	0.28156480
30983	0.28194848
30984	0.28236115
30985	0.28280106
30986	0.28326595
30987	0.28375348
30988	0.28426084
30989	0.28478509
30990	0.28532305
30991	0.28587145
30992	0.28642687
30993	0.28698575
30994	0.28754443
30995	0.28809896
30996	0.28864527
30997	0.28917888
30998	0.28969491
30999	0.29018810
31000	0.29065284
31001	0.29108301
31002	0.29147232
31003	0.29181436
31004	0.29210272
31005	0.29233152
31006	0.29249525
31007	0.29258952
31008	0.29261112
31009	0.29255852
31010	0.29243195
31011	0.29223374
31012	0.29196852
31013	0.29164323
31014	0.29126719
31015	0.29085171
31016	0.29041016
31017	0.28995743
31018	0.28950956
31019	0.28908312
31020	0.28869495
31021	0.28836140
31022	0.28809780
31023	0.28791818
31024	0.28783467
31025	0.28785729
31026	0.28799361
31027	0.28824854
31028	0.28862432
31029	0.28912038
31030	0.28973335
31031	0.29045728
31032	0.29128364
31033	0.29220143
31034	0.29319751
31035	0.29425663
31036	0.29536191
31037	0.29649475
31038	0.29763544
31039	0.29876330
31040	0.29985711
31041	0.30089554
31042	0.30185774
31043	0.30272368
31044	0.30347499
31045	0.30409539
31046	0.30457154
31047	0.30489331
31048	0.30505458
31049	0.30505347
31050	0.30489254
31051	0.30457908
31052	0.30412480
31053	0.30354568
31054	0.30286136
31055	0.30209494
31056	0.30127198
31057	0.30042005
31058	0.29956797
31059	0.29874507
31060	0.29798076
31061	0.29730374
31062	0.29674163
31063	0.29632056
31064	0.29606444
31065	0.29599497
31066	0.29613087
31067	0.29648748
31068	0.29707658
31069	0.29790536
31070	0.29897636
31071	0.30028692
31072	0.30182868
31073	0.30358711
31074	0.30554181
31075	0.30766630
31076	0.30992854
31077	0.31229156
31078	0.31471452
31079	0.31715423
31080	0.31956670
31081	0.32190883
31082	0.32414037
31083	0.32622558
31084	0.32813451
31085	0.32984447
31086	0.33134007
31087	0.33261403
31088	0.33366677
31089	0.33450571
31090	0.33514500
31091	0.33560428
31092	0.33590817
31093	0.33608577
31094	0.33616951
31095	0.33619598
31096	0.33620536
31097	0.33624178
31098	0.33635423
31099	0.33659738
31100	0.33703277
31101	0.33772999
31102	0.33876795
31103	0.34023768
31104	0.34224325
31105	0.34490454
31106	0.34835982
31107	0.35276866
31108	0.35831481
31109	0.36521190
31110	0.37370962
31111	0.38410452
31112	0.39675635
31113	0.41211545
31114	0.43076849
31115	0.45351699
31116	0.48150954
31117	0.51648539
31118	0.56122804
31119	0.62049913
31120	0.70314318
31121	0.82755172
31122	1.03908134
31123	1.48733151
31124	3.12671614
31125	NaN
31126	NaN
31127	NaN
31128	NaN
31129	NaN
31130	NaN
31131	NaN
31132	NaN
31133	NaN
31134	NaN
31135	NaN
31136	NaN
31137	NaN
31138	NaN
31139	NaN
31140	NaN
31141	NaN
31142	NaN
31143	NaN
31144	NaN
31145	NaN
31146	NaN
31147	NaN
31148	NaN
31149	NaN
31150	NaN
31151	NaN
31152	NaN
31153	NaN
31154	NaN
31155	NaN
31156	NaN
31157	NaN
31158	NaN
31159	NaN
31160	NaN
31161	NaN
31162	NaN
31163	NaN
31164	NaN
31165	NaN
31166	NaN
31167	NaN
31168	NaN
31169	NaN
31170	NaN
31171	NaN
31172	NaN
31173	NaN
31174	NaN
31175	NaN
31176	NaN
31177	NaN
31178	NaN
31179	NaN
31180	NaN
31181	NaN
31182	NaN
31183	NaN
31184	NaN
31185	NaN
31186	NaN
31187	NaN
31188	NaN
31189	NaN
31190	NaN
31191	NaN
31192	NaN
31193	NaN
31194	NaN
31195	NaN
31196	NaN
31197	NaN
31198	NaN
31199	NaN
31200	NaN
31201	NaN
31202	NaN
31203	NaN
31204	NaN
31205	NaN
31206	1.66732061
31207	0.51923680
31208	0.38126335
31209	0.32696852
31210	0.29772642
31211	0.27939296
31212	0.26683524
31213	0.25773552
31214	0.25088912
31215	0.24560517
31216	0.24145669
31217	0.23816393
31218	0.23553512
31219	0.23343313
31220	0.23175701
31221	0.23043028
31222	0.22939357
31223	0.22860008
31224	0.22801204
31225	0.22759862
31226	0.22733413
31227	0.22719696
31228	0.22716859
31229	0.22723278
31230	0.22737502
31231	0.22758216
31232	0.22784194
31233	0.22814272
31234	0.22847328
31235	0.22882260
31236	0.22917986
31237	0.22953427
31238	0.22987519
31239	0.23019221
31240	0.23047529
31241	0.23071483
31242	0.23090202
31243	0.23102911
31244	0.23108956
31245	0.23107845
31246	0.23099270
31247	0.23083159
31248	0.23059680
31249	0.23029268
31250	0.22992636
31251	0.22950782
31252	0.22904946
31253	0.22856607
31254	0.22807397
31255	0.22759070
31256	0.22713389
31257	0.22672088
31258	0.22636759
31259	0.22608812
31260	0.22589409
31261	0.22579436
31262	0.22579479
31263	0.22589831
31264	0.22610497
31265	0.22641215
31266	0.22681481
31267	0.22730578
31268	0.22787589
31269	0.22851428
31270	0.22920851
31271	0.22994463
31272	0.23070748
31273	0.23148060
31274	0.23224662
31275	0.23298742
31276	0.23368464
31277	0.23432004
31278	0.23487617
31279	0.23533709
31280	0.23568913
31281	0.23592144
31282	0.23602690
31283	0.23600237
31284	0.23584905
31285	0.23557258
31286	0.23518261
31287	0.23469256
31288	0.23411870
31289	0.23347937
31290	0.23279414
31291	0.23208286
31292	0.23136486
31293	0.23065825
31294	0.22997941
31295	0.22934262
31296	0.22875997
31297	0.22824104
31298	0.22779314
31299	0.22742137
31300	0.22712882
31301	0.22691669
31302	0.22678466
31303	0.22673093
31304	0.22675245
31305	0.22684507
31306	0.22700372
31307	0.22722249
31308	0.22749458
31309	0.22781269
31310	0.22816879
31311	0.22855440
31312	0.22896071
31313	0.22937852
31314	0.22979863
31315	0.23021184
31316	0.23060925
31317	0.23098239
31318	0.23132348
31319	0.23162550
31320	0.23188247
31321	0.23208949
31322	0.23224290
31323	0.23234016
31324	0.23237997
31325	0.23236220
31326	0.23228785
31327	0.23215897
31328	0.23197852
31329	0.23175041
31330	0.23147941
31331	0.23117103
31332	0.23083153
31333	0.23046789
31334	0.23008756
31335	0.22969866
31336	0.22930956
31337	0.22892892
31338	0.22856553
31339	0.22822794
31340	0.22792435
31341	0.22766240
31342	0.22744879
31343	0.22728920
31344	0.22718793
31345	0.22714779
31346	0.22717009
31347	0.22725454
31348	0.22739926
31349	0.22760099
31350	0.22785527
31351	0.22815655
31352	0.22849873
31353	0.22887503
31354	0.22927864
31355	0.22970267
31356	0.23014046
31357	0.23058569
31358	0.23103248
31359	0.23147532
31360	0.23190929
31361	0.23232973
31362	0.23273246
31363	0.23311359
31364	0.23346940
31365	0.23379645
31366	0.23409137
31367	0.23435085
31368	0.23457174
31369	0.23475094
31370	0.23488568
31371	0.23497342
31372	0.23501207
31373	0.23500018
31374	0.23493707
31375	0.23482311
31376	0.23465969
31377	0.23444939
31378	0.23419602
31379	0.23390462
31380	0.23358124
31381	0.23323289
31382	0.23286717
31383	0.23249221
31384	0.23211622
31385	0.23174751
31386	0.23139416
31387	0.23106399
31388	0.23076449
31389	0.23050286
31390	0.23028600
31391	0.23012060
31392	0.23001306
31393	0.22996956
31394	0.22999600
31395	0.23009793
31396	0.23028027
31397	0.23054709
31398	0.23090144
31399	0.23134476
31400	0.23187682
31401	0.23249501
31402	0.23319432
31403	0.23396680
31404	0.23480152
31405	0.23568465
31406	0.23659949
31407	0.23752698
31408	0.23844646
31409	0.23933618
31410	0.24017495
31411	0.24094275
31412	0.24162206
31413	0.24219887
31414	0.24266359
31415	0.24301110
31416	0.24324127
31417	0.24335842
31418	0.24337122
31419	0.24329174
31420	0.24313499
31421	0.24291794
31422	0.24265927
31423	0.24237874
31424	0.24209724
31425	0.24183646
31426	0.24161999
31427	0.24147394
31428	0.24142767
31429	0.24151698
31430	0.24178530
31431	0.24228820
31432	0.24309754
31433	0.24430794
31434	0.24604574
31435	0.24847989
31436	0.25183713
31437	0.25642389
31438	0.26265335
31439	0.27108863
31440	0.28250054
31441	0.29796371
31442	0.31902063
31443	0.34798717
31444	0.38857701
31445	0.44732991
31446	0.53728628
31447	0.68943298
31448	1.00091386
31449	2.01497221
31450	NaN
31451	NaN
31452	NaN
31453	NaN
31454	NaN
31455	NaN
31456	NaN
31457	NaN
31458	NaN
31459	NaN
31460	NaN
31461	NaN
31462	NaN
31463	NaN
31464	NaN
31465	NaN
31466	NaN
31467	NaN
31468	NaN
31469	NaN
31470	NaN
31471	NaN
31472	NaN
31473	NaN
31474	NaN
31475	NaN
31476	NaN
31477	NaN
31478	NaN
31479	NaN
31480	NaN
31481	NaN
31482	NaN
31483	NaN
31484	NaN
31485	NaN
31486	NaN
31487	NaN
31488	NaN
31489	NaN
31490	NaN
31491	NaN
31492	NaN
31493	NaN
31494	NaN
31495	NaN
31496	NaN
31497	NaN
31498	NaN
31499	NaN
31500	NaN
31501	NaN
31502	NaN
31503	NaN
31504	NaN
31505	NaN
31506	NaN
31507	NaN
31508	NaN
31509	NaN
31510	NaN
31511	NaN
31512	NaN
31513	NaN
31514	NaN
31515	NaN
31516	NaN
31517	NaN
31518	NaN
31519	NaN
31520	NaN
31521	NaN
31522	NaN
31523	NaN
31524	NaN
31525	NaN
31526	NaN
31527	NaN
31528	NaN
31529	NaN
31530	NaN
31531	NaN
31532	NaN
31533	NaN
31534	NaN
31535	NaN
31536	NaN
31537	NaN
31538	NaN
31539	NaN
31540	NaN
31541	NaN
31542	0.81148106
31543	0.49724844
31544	0.40323049
31545	0.35813704
31546	0.33177635
31547	0.31457680
31548	0.30254811
31549	0.29372939
31550	0.28704345
31551	0.28184822
31552	0.27773681
31553	0.27443808
31554	0.27176425
31555	0.26958075
31556	0.26778877
31557	0.26631397
31558	0.26509961
31559	0.26410156
31560	0.26328549
31561	0.26262441
31562	0.26209721
31563	0.26168734
31564	0.26138213
31565	0.26117203
31566	0.26104984
31567	0.26101056
31568	0.26105070
31569	0.26116791
31570	0.26136065
31571	0.26162755
31572	0.26196715
31573	0.26237741
31574	0.26285505
31575	0.26339534
31576	0.26399136
31577	0.26463404
31578	0.26531166
31579	0.26600978
31580	0.26671153
31581	0.26739806
31582	0.26804885
31583	0.26864296
31584	0.26915988
31585	0.26958087
31586	0.26989007
31587	0.27007592
31588	0.27013168
31589	0.27005649
31590	0.26985529
31591	0.26953870
31592	0.26912227
31593	0.26862547
31594	0.26807049
31595	0.26748079
31596	0.26687998
31597	0.26629046
31598	0.26573288
31599	0.26522496
31600	0.26478153
31601	0.26441425
31602	0.26413152
31603	0.26393867
31604	0.26383826
31605	0.26383027
31606	0.26391244
31607	0.26408026
31608	0.26432753
31609	0.26464623
31610	0.26502678
31611	0.26545817
31612	0.26592818
31613	0.26642349
31614	0.26693016
31615	0.26743385
31616	0.26792049
31617	0.26837659
31618	0.26878995
31619	0.26915020
31620	0.26944908
31621	0.26968104
31622	0.26984316
31623	0.26993534
31624	0.26996011
31625	0.26992220
31626	0.26982841
31627	0.26968691
31628	0.26950684
31629	0.26929799
31630	0.26907018
31631	0.26883325
31632	0.26859653
31633	0.26836887
31634	0.26815844
31635	0.26797277
31636	0.26781866
31637	0.26770228
31638	0.26762909
31639	0.26760384
31640	0.26763061
31641	0.26771280
31642	0.26785299
31643	0.26805282
31644	0.26831314
31645	0.26863372
31646	0.26901346
31647	0.26945001
31648	0.26994026
31649	0.27047998
31650	0.27106419
31651	0.27168721
31652	0.27234280
31653	0.27302432
31654	0.27372488
31655	0.27443761
31656	0.27515560
31657	0.27587211
31658	0.27658057
31659	0.27727458
31660	0.27794781
31661	0.27859429
31662	0.27920783
31663	0.27978250
31664	0.28031227
31665	0.28079116
31666	0.28121325
31667	0.28157285
31668	0.28186443
31669	0.28208309
31670	0.28222451
31671	0.28228533
31672	0.28226337
31673	0.28215802
31674	0.28197047
31675	0.28170398
31676	0.28136396
31677	0.28095853
31678	0.28049818
31679	0.27999592
31680	0.27946711
31681	0.27892894
31682	0.27840024
31683	0.27790073
31684	0.27745017
31685	0.27706811
31686	0.27677277
31687	0.27658066
31688	0.27650583
31689	0.27655983
31690	0.27675113
31691	0.27708507
31692	0.27756381
31693	0.27818656
31694	0.27894929
31695	0.27984527
31696	0.28086489
31697	0.28199598
31698	0.28322369
31699	0.28453082
31700	0.28589773
31701	0.28730243
31702	0.28872088
31703	0.29012707
31704	0.29149348
31705	0.29279158
31706	0.29399237
31707	0.29506752
31708	0.29598993
31709	0.29673541
31710	0.29728347
31711	0.29761854
31712	0.29773113
31713	0.29761845
31714	0.29728493
31715	0.29674238
31716	0.29600951
31717	0.29511169
31718	0.29407969
31719	0.29294875
31720	0.29175729
31721	0.29054576
31722	0.28935540
31723	0.28822720
31724	0.28720105
31725	0.28631508
31726	0.28560501
31727	0.28510371
31728	0.28484103
31729	0.28484330
31730	0.28513294
31731	0.28572828
31732	0.28664255
31733	0.28788358
31734	0.28945294
31735	0.29134458
31736	0.29354453
31737	0.29602966
31738	0.29876700
31739	0.30171385
31740	0.30481771
31741	0.30801737
31742	0.31124473
31743	0.31442693
31744	0.31749001
31745	0.32036179
31746	0.32297572
31747	0.32527432
31748	0.32721159
31749	0.32875514
31750	0.32988712
31751	0.33060381
31752	0.33091512
31753	0.33084306
31754	0.33041954
31755	0.32968473
31756	0.32868493
31757	0.32747141
31758	0.32609919
31759	0.32462651
31760	0.32311472
31761	0.32162955
31762	0.32024193
31763	0.31903088
31764	0.31808570
31765	0.31751117
31766	0.31743211
31767	0.31799981
31768	0.31940141
31769	0.32186833
31770	0.32568836
31771	0.33121905
31772	0.33890042
31773	0.34927318
31774	0.36299291
31775	0.38084999
31776	0.40380052
31777	0.43301493
31778	0.46997917
31779	0.51669204
31780	0.57607377
31781	0.65281385
31782	0.75521624
31783	0.89959460
31784	1.12266469
31785	1.52603066
31786	2.52611828
31787	NaN
31788	NaN
31789	NaN
31790	NaN
31791	NaN
31792	NaN
31793	NaN
31794	NaN
31795	NaN
31796	NaN
31797	NaN
31798	NaN
31799	NaN
31800	NaN
31801	NaN
31802	NaN
31803	NaN
31804	NaN
31805	NaN
31806	NaN
31807	NaN
31808	NaN
31809	NaN
31810	NaN
31811	NaN
31812	NaN
31813	NaN
31814	NaN
31815	NaN
31816	NaN
31817	NaN
31818	NaN
31819	NaN
31820	NaN
31821	NaN
31822	NaN
31823	NaN
31824	NaN
31825	NaN
31826	NaN
31827	NaN
31828	NaN
31829	NaN
31830	NaN
31831	NaN
31832	NaN
31833	NaN
31834	NaN
31835	NaN
31836	NaN
31837	NaN
31838	NaN
31839	NaN
31840	NaN
31841	NaN
31842	NaN
31843	NaN
31844	NaN
31845	NaN
31846	NaN
31847	NaN
31848	NaN
31849	NaN
31850	NaN
31851	NaN
31852	NaN
31853	NaN
31854	NaN
31855	NaN
31856	NaN
31857	NaN
31858	NaN
31859	NaN
31860	NaN
31861	NaN
31862	NaN
31863	NaN
31864	NaN
31865	NaN
31866	NaN
31867	NaN
31868	NaN
31869	NaN
31870	2.21383715
31871	0.46964756
31872	0.34523049
31873	0.29928303
31874	0.27522305
31875	0.26038679
31876	0.25033760
31877	0.24311419
31878	0.23771314
31879	0.23356555
31880	0.23032345
31881	0.22776088
31882	0.22572367
31883	0.22410256
31884	0.22281745
31885	0.22180797
31886	0.22102754
31887	0.22043931
31888	0.22001387
31889	0.21972711
31890	0.21955891
31891	0.21949235
31892	0.21951267
31893	0.21960679
31894	0.21976276
31895	0.21996945
31896	0.22021621
31897	0.22049266
31898	0.22078855
31899	0.22109373
31900	0.22139807
31901	0.22169168
31902	0.22196499
31903	0.22220877
31904	0.22241460
31905	0.22257483
31906	0.22268301
31907	0.22273402
31908	0.22272423
31909	0.22265178
31910	0.22251658
31911	0.22232059
31912	0.22206768
31913	0.22176374
31914	0.22141646
31915	0.22103532
31916	0.22063117
31917	0.22021613
31918	0.21980304
31919	0.21940503
31920	0.21903521
31921	0.21870598
31922	0.21842882
31923	0.21821374
31924	0.21806903
31925	0.21800114
31926	0.21801443
31927	0.21811114
31928	0.21829148
31929	0.21855351
31930	0.21889332
31931	0.21930501
31932	0.21978076
31933	0.22031093
31934	0.22088405
31935	0.22148715
31936	0.22210574
31937	0.22272432
31938	0.22332668
31939	0.22389638
31940	0.22441748
31941	0.22487493
31942	0.22525546
31943	0.22554801
31944	0.22574443
31945	0.22583973
31946	0.22583243
31947	0.22572455
31948	0.22552145
31949	0.22523145
31950	0.22486551
31951	0.22443631
31952	0.22395785
31953	0.22344470
31954	0.22291119
31955	0.22237122
31956	0.22183757
31957	0.22132161
31958	0.22083327
31959	0.22038072
31960	0.21997061
31961	0.21960799
31962	0.21929646
31963	0.21903835
31964	0.21883486
31965	0.21868624
31966	0.21859179
31967	0.21855024
31968	0.21855959
31969	0.21861729
31970	0.21872036
31971	0.21886528
31972	0.21904810
31973	0.21926442
31974	0.21950932
31975	0.21977751
31976	0.22006330
31977	0.22036053
31978	0.22066291
31979	0.22096393
31980	0.22125708
31981	0.22153603
31982	0.22179471
31983	0.22202753
31984	0.22222957
31985	0.22239654
31986	0.22252503
31987	0.22261250
31988	0.22265726
31989	0.22265859
31990	0.22261658
31991	0.22253218
31992	0.22240721
31993	0.22224423
31994	0.22204664
31995	0.22181855
31996	0.22156484
31997	0.22129112
31998	0.22100359
31999	0.22070910
32000	0.22041492
32001	0.22012858
32002	0.21985762
32003	0.21960957
32004	0.21939138
32005	0.21920928
32006	0.21906862
32007	0.21897349
32008	0.21892661
32009	0.21892940
32010	0.21898158
32011	0.21908166
32012	0.21922676
32013	0.21941294
32014	0.21963541
32015	0.21988872
32016	0.22016709
32017	0.22046463
32018	0.22077543
32019	0.22109395
32020	0.22141501
32021	0.22173379
32022	0.22204600
32023	0.22234781
32024	0.22263578
32025	0.22290690
32026	0.22315840
32027	0.22338784
32028	0.22359291
32029	0.22377156
32030	0.22392187
32031	0.22404204
32032	0.22413062
32033	0.22418641
32034	0.22420847
32035	0.22419642
32036	0.22415027
32037	0.22407064
32038	0.22395879
32039	0.22381648
32040	0.22364610
32041	0.22345063
32042	0.22323333
32043	0.22299805
32044	0.22274882
32045	0.22249003
32046	0.22222622
32047	0.22196200
32048	0.22170226
32049	0.22145195
32050	0.22121607
32051	0.22099985
32052	0.22080854
32053	0.22064763
32054	0.22052255
32055	0.22043876
32056	0.22040169
32057	0.22041659
32058	0.22048858
32059	0.22062227
32060	0.22082186
32061	0.22109082
32062	0.22143190
32063	0.22184680
32064	0.22233610
32065	0.22289908
32066	0.22353345
32067	0.22423536
32068	0.22499934
32069	0.22581795
32070	0.22668216
32071	0.22758146
32072	0.22850411
32073	0.22943795
32074	0.23037076
32075	0.23129117
32076	0.23218931
32077	0.23305745
32078	0.23389071
32079	0.23468687
32080	0.23544694
32081	0.23617479
32082	0.23687686
32083	0.23756234
32084	0.23824225
32085	0.23892963
32086	0.23963964
32087	0.24038909
32088	0.24119778
32089	0.24208838
32090	0.24308749
32091	0.24422742
32092	0.24554773
32093	0.24709736
32094	0.24893798
32095	0.25114825
32096	0.25382933
32097	0.25711283
32098	0.26117188
32099	0.26623714
32100	0.27261999
32101	0.28074631
32102	0.29121357
32103	0.30487940
32104	0.32302010
32105	0.34762809
32106	0.38201782
32107	0.43222207
32108	0.51063240
32109	0.64771962
32110	0.94480354
32111	2.06861687
32112	NaN
32113	NaN
32114	NaN
32115	NaN
32116	NaN
32117	NaN
32118	NaN
32119	NaN
32120	NaN
32121	NaN
32122	NaN
32123	NaN
32124	NaN
32125	NaN
32126	NaN
32127	NaN
32128	NaN
32129	NaN
32130	NaN
32131	NaN
32132	NaN
32133	NaN
32134	NaN
32135	NaN
32136	NaN
32137	NaN
32138	NaN
32139	NaN
32140	NaN
32141	NaN
32142	NaN
32143	NaN
32144	NaN
32145	NaN
32146	NaN
32147	NaN
32148	NaN
32149	NaN
32150	NaN
32151	NaN
32152	NaN
32153	NaN
32154	NaN
32155	NaN
32156	NaN
32157	NaN
32158	NaN
32159	NaN
32160	NaN
32161	NaN
32162	NaN
32163	NaN
32164	NaN
32165	NaN
32166	NaN
32167	NaN
32168	NaN
32169	NaN
32170	NaN
32171	NaN
32172	NaN
32173	NaN
32174	NaN
32175	NaN
32176	NaN
32177	NaN
32178	NaN
32179	NaN
32180	NaN
32181	NaN
32182	NaN
32183	NaN
32184	NaN
32185	NaN
32186	NaN
32187	NaN
32188	NaN
32189	NaN
32190	NaN
32191	NaN
32192	NaN
32193	NaN
32194	NaN
32195	NaN
32196	NaN
32197	0.70050496
32198	0.49471420
32199	0.42504442
32200	0.38997355
32201	0.36883846
32202	0.35470241
32203	0.34458163
32204	0.33698067
32205	0.33106706
32206	0.32634094
32207	0.32248369
32208	0.31928271
32209	0.31659064
32210	0.31430221
32211	0.31234032
32212	0.31064722
32213	0.30917895
32214	0.30790171
32215	0.30678919
32216	0.30582091
32217	0.30498105
32218	0.30425742
32219	0.30364096
32220	0.30312523
32221	0.30270591
32222	0.30238041
32223	0.30214760
32224	0.30200732
32225	0.30196002
32226	0.30200613
32227	0.30214581
32228	0.30237815
32229	0.30270082
32230	0.30310938
32231	0.30359703
32232	0.30415422
32233	0.30476844
32234	0.30542439
32235	0.30610424
32236	0.30678821
32237	0.30745524
32238	0.30808410
32239	0.30865449
32240	0.30914813
32241	0.30954987
32242	0.30984867
32243	0.31003827
32244	0.31011754
32245	0.31009054
32246	0.30996603
32247	0.30975676
32248	0.30947864
32249	0.30914962
32250	0.30878866
32251	0.30841455
32252	0.30804512
32253	0.30769655
32254	0.30738270
32255	0.30711493
32256	0.30690196
32257	0.30674961
32258	0.30666110
32259	0.30663729
32260	0.30667666
32261	0.30677557
32262	0.30692878
32263	0.30712941
32264	0.30736923
32265	0.30763900
32266	0.30792880
32267	0.30822811
32268	0.30852640
32269	0.30881330
32270	0.30907905
32271	0.30931488
32272	0.30951321
32273	0.30966809
32274	0.30977553
32275	0.30983335
32276	0.30984160
32277	0.30980220
32278	0.30971906
32279	0.30959758
32280	0.30944455
32281	0.30926767
32282	0.30907512
32283	0.30887532
32284	0.30867654
32285	0.30848658
32286	0.30831254
32287	0.30816078
32288	0.30803668
32289	0.30794477
32290	0.30788857
32291	0.30787060
32292	0.30789271
32293	0.30795577
32294	0.30806002
32295	0.30820489
32296	0.30838922
32297	0.30861115
32298	0.30886829
32299	0.30915776
32300	0.30947638
32301	0.30982050
32302	0.31018645
32303	0.31057048
32304	0.31096891
32305	0.31137827
32306	0.31179532
32307	0.31221721
32308	0.31264135
32309	0.31306553
32310	0.31348786
32311	0.31390667
32312	0.31432050
32313	0.31472781
32314	0.31512716
32315	0.31551689
32316	0.31589508
32317	0.31625956
32318	0.31660777
32319	0.31693682
32320	0.31724346
32321	0.31752422
32322	0.31777531
32323	0.31799293
32324	0.31817335
32325	0.31831306
32326	0.31840888
32327	0.31845826
32328	0.31845942
32329	0.31841150
32330	0.31831473
32331	0.31817064
32332	0.31798217
32333	0.31775367
32334	0.31749108
32335	0.31720188
32336	0.31689498
32337	0.31658059
32338	0.31627002
32339	0.31597543
32340	0.31570935
32341	0.31548455
32342	0.31531337
32343	0.31520763
32344	0.31517810
32345	0.31523421
32346	0.31538382
32347	0.31563285
32348	0.31598541
32349	0.31644323
32350	0.31700593
32351	0.31767061
32352	0.31843218
32353	0.31928307
32354	0.32021338
32355	0.32121077
32356	0.32226083
32357	0.32334700
32358	0.32445082
32359	0.32555228
32360	0.32663023
32361	0.32766277
32362	0.32862785
32363	0.32950413
32364	0.33027148
32365	0.33091202
32366	0.33141071
32367	0.33175641
32368	0.33194208
32369	0.33196574
32370	0.33183047
32371	0.33154461
32372	0.33112153
32373	0.33057940
32374	0.32994053
32375	0.32923079
32376	0.32847866
32377	0.32771474
32378	0.32697064
32379	0.32627836
32380	0.32566962
32381	0.32517505
32382	0.32482386
32383	0.32464340
32384	0.32465836
32385	0.32489076
32386	0.32535911
32387	0.32607839
32388	0.32705906
32389	0.32830679
32390	0.32982180
32391	0.33159837
32392	0.33362424
32393	0.33588031
32394	0.33834058
32395	0.34097233
32396	0.34373671
32397	0.34658986
32398	0.34948418
32399	0.35237041
32400	0.35519952
32401	0.35792485
32402	0.36050466
32403	0.36290365
32404	0.36509472
32405	0.36705974
32406	0.36879054
32407	0.37028861
32408	0.37156460
32409	0.37263811
32410	0.37353656
32411	0.37429467
32412	0.37495404
32413	0.37556252
32414	0.37617487
32415	0.37685362
32416	0.37766975
32417	0.37870589
32418	0.38005805
32419	0.38184068
32420	0.38419145
32421	0.38727868
32422	0.39131150
32423	0.39655337
32424	0.40334040
32425	0.41211030
32426	0.42344117
32427	0.43811521
32428	0.45721591
32429	0.48229399
32430	0.51565915
32431	0.56093413
32432	0.62418139
32433	0.71647894
32434	0.86061877
32435	1.11252189
32436	1.65664411
32437	3.67799759
32438	NaN
32439	NaN
32440	NaN
32441	NaN
32442	NaN
32443	NaN
32444	NaN
32445	NaN
32446	NaN
32447	NaN
32448	NaN
32449	NaN
32450	NaN
32451	NaN
32452	NaN
32453	NaN
32454	NaN
32455	NaN
32456	NaN
32457	NaN
32458	NaN
32459	NaN
32460	NaN
32461	NaN
32462	NaN
32463	NaN
32464	NaN
32465	NaN
32466	NaN
32467	NaN
32468	NaN
32469	NaN
32470	NaN
32471	NaN
32472	NaN
32473	NaN
32474	NaN
32475	NaN
32476	NaN
32477	NaN
32478	NaN
32479	NaN
32480	NaN
32481	NaN
32482	NaN
32483	NaN
32484	NaN
32485	NaN
32486	NaN
32487	NaN
32488	NaN
32489	NaN
32490	NaN
32491	NaN
32492	NaN
32493	NaN
32494	NaN
32495	NaN
32496	NaN
32497	NaN
32498	NaN
32499	NaN
32500	NaN
32501	NaN
32502	NaN
32503	NaN
32504	NaN
32505	NaN
32506	NaN
32507	NaN
32508	NaN
32509	NaN
32510	NaN
32511	NaN
32512	NaN
32513	NaN
32514	NaN
32515	NaN
32516	NaN
32517	NaN
32518	NaN
32519	NaN
32520	NaN
32521	NaN
32522	1.26401031
32523	0.44639692
32524	0.34790280
32525	0.30886346
32526	0.28759342
32527	0.27404347
32528	0.26457113
32529	0.25753456
32530	0.25208330
32531	0.24773109
32532	0.24417922
32533	0.24123333
32534	0.23876131
32535	0.23666990
32536	0.23489115
32537	0.23337431
32538	0.23208073
32539	0.23098010
32540	0.23004842
32541	0.22926612
32542	0.22861698
32543	0.22808731
32544	0.22766510
32545	0.22733968
32546	0.22710122
32547	0.22694047
32548	0.22684841
32549	0.22681616
32550	0.22683488
32551	0.22689553
32552	0.22698902
32553	0.22710612
32554	0.22723773
32555	0.22737481
32556	0.22750871
32557	0.22763136
32558	0.22773550
32559	0.22781491
32560	0.22786449
32561	0.22788061
32562	0.22786105
32563	0.22780520
32564	0.22771408
32565	0.22759019
32566	0.22743759
32567	0.22726171
32568	0.22706915
32569	0.22686753
32570	0.22666517
32571	0.22647084
32572	0.22629337
32573	0.22614129
32574	0.22602265
32575	0.22594453
32576	0.22591300
32577	0.22593279
32578	0.22600733
32579	0.22613870
32580	0.22632760
32581	0.22657335
32582	0.22687405
32583	0.22722656
32584	0.22762644
32585	0.22806796
32586	0.22854421
32587	0.22904685
32588	0.22956632
32589	0.23009187
32590	0.23061162
32591	0.23111288
32592	0.23158240
32593	0.23200698
32594	0.23237376
32595	0.23267095
32596	0.23288834
32597	0.23301779
32598	0.23305374
32599	0.23299354
32600	0.23283742
32601	0.23258860
32602	0.23225296
32603	0.23183873
32604	0.23135580
32605	0.23081529
32606	0.23022874
32607	0.22960760
32608	0.22896272
32609	0.22830383
32610	0.22763939
32611	0.22697626
32612	0.22631983
32613	0.22567408
32614	0.22504170
32615	0.22442451
32616	0.22382364
32617	0.22324003
32618	0.22267474
32619	0.22212927
32620	0.22160596
32621	0.22110820
32622	0.22064064
32623	0.22020933
32624	0.21982148
32625	0.21948551
32626	0.21921055
32627	0.21900611
32628	0.21888126
32629	0.21884416
32630	0.21890102
32631	0.21905559
32632	0.21930829
32633	0.21965604
32634	0.22009206
32635	0.22060610
32636	0.22118510
32637	0.22181387
32638	0.22247604
32639	0.22315477
32640	0.22383362
32641	0.22449721
32642	0.22513165
32643	0.22572495
32644	0.22626731
32645	0.22675107
32646	0.22717084
32647	0.22752340
32648	0.22780764
32649	0.22802429
32650	0.22817589
32651	0.22826648
32652	0.22830145
32653	0.22828732
32654	0.22823152
32655	0.22814205
32656	0.22802739
32657	0.22789611
32658	0.22775677
32659	0.22761749
32660	0.22748584
32661	0.22736859
32662	0.22727174
32663	0.22720014
32664	0.22715761
32665	0.22714701
32666	0.22717020
32667	0.22722806
32668	0.22732078
32669	0.22744781
32670	0.22760808
32671	0.22780001
32672	0.22802168
32673	0.22827081
32674	0.22854483
32675	0.22884083
32676	0.22915560
32677	0.22948557
32678	0.22982682
32679	0.23017496
32680	0.23052512
32681	0.23087208
32682	0.23121014
32683	0.23153332
32684	0.23183535
32685	0.23210998
32686	0.23235103
32687	0.23255271
32688	0.23270983
32689	0.23281810
32690	0.23287427
32691	0.23287633
32692	0.23282380
32693	0.23271766
32694	0.23256047
32695	0.23235618
32696	0.23211005
32697	0.23182847
32698	0.23151870
32699	0.23118858
32700	0.23084632
32701	0.23050034
32702	0.23015912
32703	0.22983107
32704	0.22952443
32705	0.22924735
32706	0.22900774
32707	0.22881339
32708	0.22867185
32709	0.22859031
32710	0.22857548
32711	0.22863355
32712	0.22876981
32713	0.22898850
32714	0.22929260
32715	0.22968340
32716	0.23016022
32717	0.23072037
32718	0.23135844
32719	0.23206648
32720	0.23283356
32721	0.23364621
32722	0.23448831
32723	0.23534153
32724	0.23618622
32725	0.23700191
32726	0.23776869
32727	0.23846787
32728	0.23908308
32729	0.23960130
32730	0.24001361
32731	0.24031539
32732	0.24050660
32733	0.24059154
32734	0.24057853
32735	0.24047939
32736	0.24030901
32737	0.24008454
32738	0.23982540
32739	0.23955268
32740	0.23928918
32741	0.23906009
32742	0.23889282
32743	0.23881868
32744	0.23887324
32745	0.23909889
32746	0.23954639
32747	0.24027689
32748	0.24136558
32749	0.24290474
32750	0.24500719
32751	0.24781114
32752	0.25148231
32753	0.25621846
32754	0.26225141
32755	0.26984712
32756	0.27930799
32757	0.29097331
32758	0.30522686
32759	0.32252043
32760	0.34342057
32761	0.36871651
32762	0.39961681
32763	0.43813649
32764	0.48789153
32765	0.55589461
32766	0.65731615
32767	0.83128148
32768	1.21667337
32769	2.91717029
32770	NaN
32771	NaN
32772	NaN
32773	NaN
32774	NaN
32775	NaN
32776	NaN
32777	NaN
32778	NaN
32779	NaN
32780	NaN
32781	NaN
32782	NaN
32783	NaN
32784	NaN
32785	NaN
32786	NaN
32787	NaN
32788	NaN
32789	NaN
32790	NaN
32791	NaN
32792	NaN
32793	NaN
32794	NaN
32795	NaN
32796	NaN
32797	NaN
32798	NaN
32799	NaN
32800	NaN
32801	NaN
32802	NaN
32803	NaN
32804	NaN
32805	NaN
32806	NaN
32807	NaN
32808	NaN
32809	NaN
32810	NaN
32811	NaN
32812	NaN
32813	NaN
32814	NaN
32815	NaN
32816	NaN
32817	NaN
32818	NaN
32819	NaN
32820	NaN
32821	NaN
32822	NaN
32823	NaN
32824	NaN
32825	NaN
32826	NaN
32827	NaN
32828	NaN
32829	NaN
32830	NaN
32831	NaN
32832	NaN
32833	NaN
32834	NaN
32835	NaN
32836	NaN
32837	NaN
32838	NaN
32839	NaN
32840	NaN
32841	NaN
32842	NaN
32843	NaN
32844	NaN
32845	NaN
32846	NaN
32847	NaN
32848	NaN
32849	1.94160986
32850	0.62960291
32851	0.47258121
32852	0.41148555
32853	0.37895733
32854	0.35875031
32855	0.34498158
32856	0.33500507
32857	0.32745454
32858	0.32155302
32859	0.31682581
32860	0.31296635
32861	0.30976734
32862	0.30708379
32863	0.30481115
32864	0.30287206
32865	0.30120844
32866	0.29977587
32867	0.29854017
32868	0.29747501
32869	0.29656011
32870	0.29577997
32871	0.29512301
32872	0.29458070
32873	0.29414701
32874	0.29381791
32875	0.29359072
32876	0.29346377
32877	0.29343578
32878	0.29350543
32879	0.29367092
32880	0.29392928
32881	0.29427597
32882	0.29470456
32883	0.29520607
32884	0.29576916
32885	0.29637963
32886	0.29702085
32887	0.29767400
32888	0.29831868
32889	0.29893380
32890	0.29949844
32891	0.29999292
32892	0.30040008
32893	0.30070612
32894	0.30090162
32895	0.30098200
32896	0.30094787
32897	0.30080488
32898	0.30056340
32899	0.30023772
32900	0.29984501
32901	0.29940456
32902	0.29893652
32903	0.29846090
32904	0.29799682
32905	0.29756168
32906	0.29717082
32907	0.29683706
32908	0.29657054
32909	0.29637867
32910	0.29626623
32911	0.29623535
32912	0.29628575
32913	0.29641485
32914	0.29661795
32915	0.29688829
32916	0.29721746
32917	0.29759520
32918	0.29801002
32919	0.29844931
32920	0.29889965
32921	0.29934734
32922	0.29977882
32923	0.30018112
32924	0.30054253
32925	0.30085289
32926	0.30110398
32927	0.30129007
32928	0.30140781
32929	0.30145642
32930	0.30143759
32931	0.30135515
32932	0.30121496
32933	0.30102444
32934	0.30079216
32935	0.30052748
32936	0.30024037
32937	0.29994079
32938	0.29963872
32939	0.29934376
32940	0.29906499
32941	0.29881105
32942	0.29858965
32943	0.29840797
32944	0.29827222
32945	0.29818785
32946	0.29815930
32947	0.29819024
32948	0.29828319
32949	0.29843980
32950	0.29866061
32951	0.29894513
32952	0.29929203
32953	0.29969889
32954	0.30016235
32955	0.30067843
32956	0.30124235
32957	0.30184883
32958	0.30249205
32959	0.30316597
32960	0.30386415
32961	0.30458003
32962	0.30530697
32963	0.30603811
32964	0.30676666
32965	0.30748567
32966	0.30818829
32967	0.30886754
32968	0.30951652
32969	0.31012836
32970	0.31069636
32971	0.31121397
32972	0.31167495
32973	0.31207344
32974	0.31240416
32975	0.31266257
32976	0.31284487
32977	0.31294844
32978	0.31297189
32979	0.31291518
32980	0.31277999
32981	0.31256983
32982	0.31229004
32983	0.31194815
32984	0.31155366
32985	0.31111813
32986	0.31065494
32987	0.31017920
32988	0.30970731
32989	0.30925643
32990	0.30884424
32991	0.30848816
32992	0.30820504
32993	0.30801052
32994	0.30791861
32995	0.30794138
32996	0.30808860
32997	0.30836755
32998	0.30878296
32999	0.30933681
33000	0.31002837
33001	0.31085414
33002	0.31180796
33003	0.31288078
33004	0.31406096
33005	0.31533420
33006	0.31668359
33007	0.31808972
33008	0.31953087
33009	0.32098332
33010	0.32242161
33011	0.32381895
33012	0.32514811
33013	0.32638180
33014	0.32749367
33015	0.32845923
33016	0.32925683
33017	0.32986856
33018	0.33028108
33019	0.33048648
33020	0.33048257
33021	0.33027357
33022	0.32986975
33023	0.32928756
33024	0.32854894
33025	0.32768086
33026	0.32671452
33027	0.32568443
33028	0.32462752
33029	0.32358238
33030	0.32258812
33031	0.32168385
33032	0.32090774
33033	0.32029656
33034	0.31988475
33035	0.31970420
33036	0.31978354
33037	0.32014772
33038	0.32081720
33039	0.32180774
33040	0.32312948
33041	0.32478648
33042	0.32677585
33043	0.32908717
33044	0.33170184
33045	0.33459285
33046	0.33772403
33047	0.34105074
33048	0.34452039
33049	0.34807318
33050	0.35164437
33051	0.35516605
33052	0.35857025
33053	0.36179164
33054	0.36477065
33055	0.36745656
33056	0.36980987
33057	0.37180382
33058	0.37342605
33059	0.37467825
33060	0.37557653
33061	0.37615007
33062	0.37643975
33063	0.37649712
33064	0.37638310
33065	0.37616703
33066	0.37592641
33067	0.37574658
33068	0.37572315
33069	0.37596390
33070	0.37659186
33071	0.37775105
33072	0.37961367
33073	0.38238958
33074	0.38633880
33075	0.39178947
33076	0.39916199
33077	0.40900433
33078	0.42204091
33079	0.43925184
33080	0.46199387
33081	0.49220848
33082	0.53279275
33083	0.58831233
33084	0.66650075
33085	0.78177500
33086	0.96476638
33087	1.29484034
33088	2.06249952
33089	5.87585926
33090	NaN
33091	NaN
33092	NaN
33093	NaN
33094	NaN
33095	NaN
33096	NaN
33097	NaN
33098	NaN
33099	NaN
33100	NaN
33101	NaN
33102	NaN
33103	NaN
33104	NaN
33105	NaN
33106	NaN
33107	NaN
33108	NaN
33109	NaN
33110	NaN
33111	NaN
33112	NaN
33113	NaN
33114	NaN
33115	NaN
33116	NaN
33117	NaN
33118	NaN
33119	NaN
33120	NaN
33121	NaN
33122	NaN
33123	NaN
33124	NaN
33125	NaN
33126	NaN
33127	NaN
33128	NaN
33129	NaN
33130	NaN
33131	NaN
33132	NaN
33133	NaN
33134	NaN
33135	NaN
33136	NaN
33137	NaN
33138	NaN
33139	NaN
33140	NaN
33141	NaN
33142	NaN
33143	NaN
33144	NaN
33145	NaN
33146	NaN
33147	NaN
33148	NaN
33149	NaN
33150	NaN
33151	NaN
33152	NaN
33153	NaN
33154	NaN
33155	NaN
33156	NaN
33157	NaN
33158	NaN
33159	NaN
33160	NaN
33161	NaN
33162	NaN
33163	NaN
33164	NaN
33165	NaN
33166	NaN
33167	NaN
33168	NaN
33169	NaN
33170	NaN
33171	NaN
33172	NaN
33173	NaN
33174	NaN
33175	NaN
33176	NaN
33177	NaN
33178	NaN
33179	NaN
33180	NaN
33181	NaN
33182	NaN
33183	NaN
33184	NaN
33185	NaN
33186	0.68119502
33187	0.39432123
33188	0.32025224
33189	0.28731501
33190	0.26934406
33191	0.25846404
33192	0.25148031
33193	0.24684903
33194	0.24373214
33195	0.24163511
33196	0.24024777
33197	0.23936605
33198	0.23885095
33199	0.23860484
33200	0.23855793
33201	0.23865926
33202	0.23887125
33203	0.23916592
33204	0.23952216
33205	0.23992392
33206	0.24035878
33207	0.24081686
33208	0.24129026
33209	0.24177197
33210	0.24225584
33211	0.24273595
33212	0.24320626
33213	0.24366057
33214	0.24409220
33215	0.24449392
33216	0.24485809
33217	0.24517645
33218	0.24544063
33219	0.24564202
33220	0.24577229
33221	0.24582365
33222	0.24578921
33223	0.24566360
33224	0.24544331
33225	0.24512720
33226	0.24471712
33227	0.24421814
33228	0.24363898
33229	0.24299203
33230	0.24229330
33231	0.24156198
33232	0.24081983
33233	0.24009013
33234	0.23939675
33235	0.23876286
33236	0.23820984
33237	0.23775640
33238	0.23741770
33239	0.23720518
33240	0.23712629
33241	0.23718470
33242	0.23738065
33243	0.23771131
33244	0.23817101
33245	0.23875187
33246	0.23944372
33247	0.24023433
33248	0.24110951
33249	0.24205291
33250	0.24304610
33251	0.24406853
33252	0.24509768
33253	0.24610925
33254	0.24707775
33255	0.24797720
33256	0.24878199
33257	0.24946807
33258	0.25001404
33259	0.25040248
33260	0.25062105
33261	0.25066331
33262	0.25052917
33263	0.25022522
33264	0.24976414
33265	0.24916406
33266	0.24844725
33267	0.24763909
33268	0.24676634
33269	0.24585599
33270	0.24493393
33271	0.24402422
33272	0.24314816
33273	0.24232416
33274	0.24156743
33275	0.24089007
33276	0.24030121
33277	0.23980725
33278	0.23941220
33279	0.23911783
33280	0.23892398
33281	0.23882881
33282	0.23882884
33283	0.23891923
33284	0.23909368
33285	0.23934469
33286	0.23966347
33287	0.24004023
33288	0.24046418
33289	0.24092378
33290	0.24140695
33291	0.24190155
33292	0.24239556
33293	0.24287741
33294	0.24333647
33295	0.24376330
33296	0.24414997
33297	0.24448998
33298	0.24477869
33299	0.24501301
33300	0.24519144
33301	0.24531387
33302	0.24538133
33303	0.24539573
33304	0.24535978
33305	0.24527654
33306	0.24514942
33307	0.24498199
33308	0.24477799
33309	0.24454120
33310	0.24427545
33311	0.24398486
33312	0.24367371
33313	0.24334653
33314	0.24300820
33315	0.24266395
33316	0.24231936
33317	0.24198030
33318	0.24165270
33319	0.24134268
33320	0.24105613
33321	0.24079874
33322	0.24057566
33323	0.24039145
33324	0.24024992
33325	0.24015400
33326	0.24010575
33327	0.24010636
33328	0.24015619
33329	0.24025489
33330	0.24040157
33331	0.24059476
33332	0.24083276
33333	0.24111356
33334	0.24143487
33335	0.24179429
33336	0.24218914
33337	0.24261633
33338	0.24307236
33339	0.24355306
33340	0.24405359
33341	0.24456815
33342	0.24509004
33343	0.24561150
33344	0.24612372
33345	0.24661690
33346	0.24708045
33347	0.24750307
33348	0.24787317
33349	0.24817915
33350	0.24841002
33351	0.24855578
33352	0.24860799
33353	0.24856040
33354	0.24840944
33355	0.24815448
33356	0.24779826
33357	0.24734686
33358	0.24680950
33359	0.24619833
33360	0.24552795
33361	0.24481487
33362	0.24407679
33363	0.24333225
33364	0.24259984
33365	0.24189819
33366	0.24124525
33367	0.24065854
33368	0.24015474
33369	0.23974995
33370	0.23945954
33371	0.23929818
33372	0.23927979
33373	0.23941748
33374	0.23972316
33375	0.24020740
33376	0.24087879
33377	0.24174324
33378	0.24280339
33379	0.24405754
33380	0.24549884
33381	0.24711414
33382	0.24888313
33383	0.25077772
33384	0.25276181
33385	0.25479183
33386	0.25681761
33387	0.25878471
33388	0.26063728
33389	0.26232126
33390	0.26378793
33391	0.26499748
33392	0.26592135
33393	0.26654345
33394	0.26686063
33395	0.26688161
33396	0.26662487
33397	0.26611617
33398	0.26538599
33399	0.26446715
33400	0.26339284
33401	0.26219481
33402	0.26090330
33403	0.25954649
33404	0.25815138
33405	0.25674474
33406	0.25535473
33407	0.25401410
33408	0.25276345
33409	0.25165695
33410	0.25076944
33411	0.25020772
33412	0.25012687
33413	0.25075486
33414	0.25242943
33415	0.25565451
33416	0.26118651
33417	0.27016798
33418	0.28434178
33419	0.30639759
33420	0.34056014
33421	0.39368293
33422	0.47752747
33423	0.61440808
33424	0.85444427
33425	1.34686029
33426	2.86864758
33427	NaN
33428	NaN
33429	NaN
33430	NaN
33431	NaN
33432	NaN
33433	NaN
33434	NaN
33435	NaN
33436	NaN
33437	NaN
33438	NaN
33439	NaN
33440	NaN
33441	NaN
33442	NaN
33443	NaN
33444	NaN
33445	NaN
33446	NaN
33447	NaN
33448	NaN
33449	NaN
33450	NaN
33451	NaN
33452	NaN
33453	NaN
33454	NaN
33455	NaN
33456	NaN
33457	NaN
33458	NaN
33459	NaN
33460	NaN
33461	NaN
33462	NaN
33463	NaN
33464	NaN
33465	NaN
33466	NaN
33467	NaN
33468	NaN
33469	NaN
33470	NaN
33471	NaN
33472	NaN
33473	NaN
33474	NaN
33475	NaN
33476	NaN
33477	NaN
33478	NaN
33479	NaN
33480	NaN
33481	NaN
33482	NaN
33483	NaN
33484	NaN
33485	NaN
33486	NaN
33487	NaN
33488	NaN
33489	NaN
33490	NaN
33491	NaN
33492	NaN
33493	NaN
33494	NaN
33495	NaN
33496	NaN
33497	NaN
33498	NaN
33499	NaN
33500	NaN
33501	NaN
33502	NaN
33503	NaN
33504	NaN
33505	NaN
33506	NaN
33507	NaN
33508	NaN
33509	NaN
33510	NaN
33511	NaN
33512	NaN
33513	NaN
33514	NaN
33515	NaN
33516	NaN
33517	NaN
33518	NaN
33519	NaN
33520	NaN
33521	NaN
33522	NaN
33523	NaN
33524	1.88191772
33525	0.69395638
33526	0.50540060
33527	0.42924181
33528	0.38850600
33529	0.36343855
33530	0.34666461
33531	0.33480227
33532	0.32608142
33533	0.31948522
33534	0.31438801
33535	0.31038371
33536	0.30719775
33537	0.30463797
33538	0.30256656
33539	0.30088222
33540	0.29950938
33541	0.29839107
33542	0.29748371
33543	0.29675403
33544	0.29617649
33545	0.29573154
33546	0.29540440
33547	0.29518420
33548	0.29506281
33549	0.29503465
33550	0.29509589
33551	0.29524404
33552	0.29547751
33553	0.29579514
33554	0.29619569
33555	0.29667738
33556	0.29723740
33557	0.29787120
33558	0.29857215
33559	0.29933083
33560	0.30013454
33561	0.30096701
33562	0.30180821
33563	0.30263448
33564	0.30341882
33565	0.30413184
33566	0.30474314
33567	0.30522287
33568	0.30554375
33569	0.30568334
33570	0.30562612
33571	0.30536544
33572	0.30490434
33573	0.30425647
33574	0.30344519
33575	0.30250236
33576	0.30146655
33577	0.30038008
33578	0.29928684
33579	0.29822981
33580	0.29724872
33581	0.29637885
33582	0.29564974
33583	0.29508469
33584	0.29470053
33585	0.29450780
33586	0.29451096
33587	0.29470858
33588	0.29509386
33589	0.29565507
33590	0.29637566
33591	0.29723489
33592	0.29820797
33593	0.29926676
33594	0.30038023
33595	0.30151534
33596	0.30263790
33597	0.30371371
33598	0.30470973
33599	0.30559555
33600	0.30634451
33601	0.30693510
33602	0.30735180
33603	0.30758566
33604	0.30763465
33605	0.30750346
33606	0.30720288
33607	0.30674899
33608	0.30616212
33609	0.30546552
33610	0.30468431
33611	0.30384436
33612	0.30297139
33613	0.30209002
33614	0.30122343
33615	0.30039275
33616	0.29961690
33617	0.29891229
33618	0.29829291
33619	0.29777026
33620	0.29735336
33621	0.29704872
33622	0.29686055
33623	0.29679078
33624	0.29683906
33625	0.29700288
33626	0.29727778
33627	0.29765728
33628	0.29813313
33629	0.29869559
33630	0.29933360
33631	0.30003500
33632	0.30078706
33633	0.30157664
33634	0.30239061
33635	0.30321643
33636	0.30404219
33637	0.30485705
33638	0.30565146
33639	0.30641723
33640	0.30714762
33641	0.30783722
33642	0.30848181
33643	0.30907834
33644	0.30962437
33645	0.31011817
33646	0.31055823
33647	0.31094316
33648	0.31127134
33649	0.31154099
33650	0.31174999
33651	0.31189597
33652	0.31197616
33653	0.31198794
33654	0.31192860
33655	0.31179619
33656	0.31158942
33657	0.31130829
33658	0.31095460
33659	0.31053221
33660	0.31004733
33661	0.30950895
33662	0.30892867
33663	0.30832079
33664	0.30770195
33665	0.30709067
33666	0.30650684
33667	0.30597094
33668	0.30550322
33669	0.30512318
33670	0.30484867
33671	0.30469534
33672	0.30467638
33673	0.30480188
33674	0.30507889
33675	0.30551124
33676	0.30609941
33677	0.30684078
33678	0.30772951
33679	0.30875656
33680	0.30990988
33681	0.31117415
33682	0.31253105
33683	0.31395915
33684	0.31543407
33685	0.31692871
33686	0.31841341
33687	0.31985673
33688	0.32122597
33689	0.32248807
33690	0.32361075
33691	0.32456371
33692	0.32531998
33693	0.32585704
33694	0.32615849
33695	0.32621449
33696	0.32602301
33697	0.32558984
33698	0.32492870
33699	0.32406101
33700	0.32301465
33701	0.32182345
33702	0.32052562
33703	0.31916255
33704	0.31777769
33705	0.31641501
33706	0.31511825
33707	0.31392986
33708	0.31289026
33709	0.31203735
33710	0.31140587
33711	0.31102705
33712	0.31092829
33713	0.31113267
33714	0.31165862
33715	0.31251937
33716	0.31372231
33717	0.31526858
33718	0.31715214
33719	0.31935909
33720	0.32186714
33721	0.32464492
33722	0.32765189
33723	0.33083856
33724	0.33414710
33725	0.33751300
33726	0.34086707
33727	0.34413791
33728	0.34725538
33729	0.35015365
33730	0.35277423
33731	0.35506865
33732	0.35700044
33733	0.35854629
33734	0.35969606
33735	0.36045215
33736	0.36082837
33737	0.36084813
33738	0.36054233
33739	0.35994786
33740	0.35910505
33741	0.35805708
33742	0.35684818
33743	0.35552308
33744	0.35412708
33745	0.35270599
33746	0.35130712
33747	0.34998080
33748	0.34878179
33749	0.34777242
33750	0.34702510
33751	0.34662575
33752	0.34667766
33753	0.34730533
33754	0.34865713
33755	0.35090855
33756	0.35426366
33757	0.35895658
33758	0.36525309
33759	0.37345019
33760	0.38388416
33761	0.39694232
33762	0.41309136
33763	0.43292955
33764	0.45727393
33765	0.48731932
33766	0.52491486
33767	0.57307768
33768	0.63705337
33769	0.72670561
33770	0.86282539
33771	1.09764624
33772	1.60959089
33773	3.66132832
33774	NaN
33775	NaN
33776	NaN
33777	NaN
33778	NaN
33779	NaN
33780	NaN
33781	NaN
33782	NaN
33783	NaN
33784	NaN
33785	NaN
33786	NaN
33787	NaN
33788	NaN
33789	NaN
33790	NaN
33791	NaN
33792	NaN
33793	NaN
33794	NaN
33795	NaN
33796	NaN
33797	NaN
33798	NaN
33799	NaN
33800	NaN
33801	NaN
33802	NaN
33803	NaN
33804	NaN
33805	NaN
33806	NaN
33807	NaN
33808	NaN
33809	NaN
33810	NaN
33811	NaN
33812	NaN
33813	NaN
33814	NaN
33815	NaN
33816	NaN
33817	NaN
33818	NaN
33819	NaN
33820	NaN
33821	NaN
33822	NaN
33823	NaN
33824	NaN
33825	NaN
33826	NaN
33827	NaN
33828	NaN
33829	NaN
33830	NaN
33831	NaN
33832	NaN
33833	NaN
33834	NaN
33835	NaN
33836	NaN
33837	NaN
33838	NaN
33839	NaN
33840	NaN
33841	NaN
33842	NaN
33843	NaN
33844	NaN
33845	NaN
33846	NaN
33847	NaN
33848	NaN
33849	NaN
33850	NaN
33851	NaN
33852	NaN
33853	NaN
33854	NaN
33855	1.14231956
33856	0.52101964
33857	0.40353614
33858	0.35308912
33859	0.32471222
33860	0.30637863
33861	0.29350278
33862	0.28395161
33863	0.27659529
33864	0.27077729
33865	0.26608813
33866	0.26225802
33867	0.25910071
33868	0.25648290
33869	0.25430602
33870	0.25249538
33871	0.25099295
33872	0.24975279
33873	0.24873802
33874	0.24791835
33875	0.24726889
33876	0.24676859
33877	0.24639961
33878	0.24614647
33879	0.24599555
33880	0.24593452
33881	0.24595213
33882	0.24603771
33883	0.24618101
33884	0.24637201
33885	0.24660087
33886	0.24685775
33887	0.24713291
33888	0.24741673
33889	0.24769984
33890	0.24797301
33891	0.24822769
33892	0.24845564
33893	0.24864952
33894	0.24880277
33895	0.24890985
33896	0.24896654
33897	0.24897003
33898	0.24891911
33899	0.24881439
33900	0.24865842
33901	0.24845573
33902	0.24821298
33903	0.24793854
33904	0.24764265
33905	0.24733678
33906	0.24703340
33907	0.24674536
33908	0.24648535
33909	0.24626547
33910	0.24609676
33911	0.24598862
33912	0.24594872
33913	0.24598257
33914	0.24609351
33915	0.24628253
33916	0.24654835
33917	0.24688739
33918	0.24729374
33919	0.24775940
33920	0.24827436
33921	0.24882664
33922	0.24940266
33923	0.24998744
33924	0.25056499
33925	0.25111878
33926	0.25163233
33927	0.25208971
33928	0.25247639
33929	0.25277981
33930	0.25298995
33931	0.25310001
33932	0.25310650
33933	0.25300986
33934	0.25281394
33935	0.25252610
33936	0.25215670
33937	0.25171837
33938	0.25122553
33939	0.25069356
33940	0.25013804
33941	0.24957435
33942	0.24901682
33943	0.24847852
33944	0.24797097
33945	0.24750392
33946	0.24708527
33947	0.24672112
33948	0.24641579
33949	0.24617204
33950	0.24599105
33951	0.24587275
33952	0.24581581
33953	0.24581793
33954	0.24587576
33955	0.24598524
33956	0.24614161
33957	0.24633946
33958	0.24657296
33959	0.24683584
33960	0.24712169
33961	0.24742386
33962	0.24773580
33963	0.24805115
33964	0.24836384
33965	0.24866830
33966	0.24895960
33967	0.24923345
33968	0.24948630
33969	0.24971542
33970	0.24991882
33971	0.25009516
33972	0.25024375
33973	0.25036439
33974	0.25045729
33975	0.25052285
33976	0.25056180
33977	0.25057495
33978	0.25056326
33979	0.25052783
33980	0.25046989
33981	0.25039083
33982	0.25029221
33983	0.25017592
33984	0.25004399
33985	0.24989866
33986	0.24974234
33987	0.24957764
33988	0.24940722
33989	0.24923378
33990	0.24906003
33991	0.24888869
33992	0.24872236
33993	0.24856360
33994	0.24841507
33995	0.24827924
33996	0.24815880
33997	0.24805637
33998	0.24797477
33999	0.24791685
34000	0.24788556
34001	0.24788390
34002	0.24791485
34003	0.24798115
34004	0.24808551
34005	0.24823013
34006	0.24841687
34007	0.24864689
34008	0.24892072
34009	0.24923806
34010	0.24959762
34011	0.24999718
34012	0.25043333
34013	0.25090146
34014	0.25139579
34015	0.25190926
34016	0.25243351
34017	0.25295916
34018	0.25347570
34019	0.25397187
34020	0.25443584
34021	0.25485563
34022	0.25521958
34023	0.25551668
34024	0.25573722
34025	0.25587317
34026	0.25591868
34027	0.25587040
34028	0.25572777
34029	0.25549293
34030	0.25517097
34031	0.25476941
34032	0.25429818
34033	0.25376925
34034	0.25319594
34035	0.25259286
34036	0.25197536
34037	0.25135905
34038	0.25075990
34039	0.25019351
34040	0.24967526
34041	0.24921988
34042	0.24884148
34043	0.24855322
34044	0.24836726
34045	0.24829431
34046	0.24834362
34047	0.24852240
34048	0.24883579
34049	0.24928617
34050	0.24987294
34051	0.25059196
34052	0.25143543
34053	0.25239158
34054	0.25344449
34055	0.25457445
34056	0.25575837
34057	0.25697070
34058	0.25818449
34059	0.25937256
34060	0.26050919
34061	0.26157144
34062	0.26254004
34063	0.26340085
34064	0.26414493
34065	0.26476884
34066	0.26527417
34067	0.26566744
34068	0.26595899
34069	0.26616251
34070	0.26629424
34071	0.26637250
34072	0.26641732
34073	0.26645076
34074	0.26649651
34075	0.26658094
34076	0.26673359
34077	0.26698914
34078	0.26738849
34079	0.26798147
34080	0.26883042
34081	0.27001420
34082	0.27163365
34083	0.27381918
34084	0.27674022
34085	0.28061748
34086	0.28573945
34087	0.29248297
34088	0.30134207
34089	0.31296679
34090	0.32822391
34091	0.34829482
34092	0.37485436
34093	0.41040996
34094	0.45902193
34095	0.52792197
34096	0.63170189
34097	0.80520308
34098	1.15738380
34099	2.28914165
34100	NaN
34101	NaN
34102	NaN
34103	NaN
34104	NaN
34105	NaN
34106	NaN
34107	NaN
34108	NaN
34109	NaN
34110	NaN
34111	NaN
34112	NaN
34113	NaN
34114	NaN
34115	NaN
34116	NaN
34117	NaN
34118	NaN
34119	NaN
34120	NaN
34121	NaN
34122	NaN
34123	NaN
34124	NaN
34125	NaN
34126	NaN
34127	NaN
34128	NaN
34129	NaN
34130	NaN
34131	NaN
34132	NaN
34133	NaN
34134	NaN
34135	NaN
34136	NaN
34137	NaN
34138	NaN
34139	NaN
34140	NaN
34141	NaN
34142	NaN
34143	NaN
34144	NaN
34145	NaN
34146	NaN
34147	NaN
34148	NaN
34149	NaN
34150	NaN
34151	NaN
34152	NaN
34153	NaN
34154	NaN
34155	NaN
34156	NaN
34157	NaN
34158	NaN
34159	NaN
34160	NaN
34161	NaN
34162	NaN
34163	NaN
34164	NaN
34165	NaN
34166	NaN
34167	NaN
34168	NaN
34169	NaN
34170	NaN
34171	NaN
34172	NaN
34173	NaN
34174	NaN
34175	NaN
34176	NaN
34177	NaN
34178	NaN
34179	NaN
34180	NaN
34181	NaN
34182	NaN
34183	NaN
34184	NaN
34185	0.89426512
34186	0.54491001
34187	0.44875956
34188	0.40373194
34189	0.37761757
34190	0.36058038
34191	0.34860477
34192	0.33974454
34193	0.33294144
34194	0.32756996
34195	0.32323650
34196	0.31968063
34197	0.31672305
34198	0.31423613
34199	0.31212643
34200	0.31032434
34201	0.30877689
34202	0.30744335
34203	0.30629230
34204	0.30529946
34205	0.30444643
34206	0.30371934
34207	0.30310819
34208	0.30260623
34209	0.30220935
34210	0.30191559
34211	0.30172458
34212	0.30163708
34213	0.30165443
34214	0.30177796
34215	0.30200842
34216	0.30234540
34217	0.30278665
34218	0.30332765
34219	0.30396098
34220	0.30467597
34221	0.30545849
34222	0.30629098
34223	0.30715245
34224	0.30801922
34225	0.30886552
34226	0.30966449
34227	0.31038961
34228	0.31101593
34229	0.31152165
34230	0.31188938
34231	0.31210732
34232	0.31217009
34233	0.31207907
34234	0.31184226
34235	0.31147391
34236	0.31099331
34237	0.31042373
34238	0.30979106
34239	0.30912229
34240	0.30844444
34241	0.30778313
34242	0.30716187
34243	0.30660146
34244	0.30611944
34245	0.30572972
34246	0.30544272
34247	0.30526528
34248	0.30520061
34249	0.30524877
34250	0.30540639
34251	0.30566731
34252	0.30602244
34253	0.30646017
34254	0.30696681
34255	0.30752659
34256	0.30812249
34257	0.30873644
34258	0.30934995
34259	0.30994481
34260	0.31050360
34261	0.31101036
34262	0.31145114
34263	0.31181449
34264	0.31209201
34265	0.31227836
34266	0.31237155
34267	0.31237286
34268	0.31228662
34269	0.31211993
34270	0.31188229
34271	0.31158513
34272	0.31124121
34273	0.31086415
34274	0.31046802
34275	0.31006670
34276	0.30967367
34277	0.30930147
34278	0.30896160
34279	0.30866435
34280	0.30841845
34281	0.30823129
34282	0.30810878
34283	0.30805534
34284	0.30807406
34285	0.30816665
34286	0.30833367
34287	0.30857444
34288	0.30888721
34289	0.30926919
34290	0.30971658
34291	0.31022465
34292	0.31078789
34293	0.31139997
34294	0.31205395
34295	0.31274232
34296	0.31345731
34297	0.31419092
34298	0.31493506
34299	0.31568190
34300	0.31642377
34301	0.31715333
34302	0.31786358
34303	0.31854802
34304	0.31920037
34305	0.31981477
34306	0.32038546
34307	0.32090694
34308	0.32137376
34309	0.32178068
34310	0.32212248
34311	0.32239413
34312	0.32259089
34313	0.32270858
34314	0.32274365
34315	0.32269353
34316	0.32255706
34317	0.32233462
34318	0.32202870
34319	0.32164401
34320	0.32118765
34321	0.32066947
34322	0.32010183
34323	0.31949940
34324	0.31887910
34325	0.31825933
34326	0.31765983
34327	0.31710073
34328	0.31660214
34329	0.31618345
34330	0.31586272
34331	0.31565616
34332	0.31557792
34333	0.31563947
34334	0.31584948
34335	0.31621376
34336	0.31673488
34337	0.31741238
34338	0.31824240
34339	0.31921795
34340	0.32032871
34341	0.32156092
34342	0.32289767
34343	0.32431892
34344	0.32580140
34345	0.32731923
34346	0.32884404
34347	0.33034548
34348	0.33179212
34349	0.33315176
34350	0.33439282
34351	0.33548507
34352	0.33640090
34353	0.33711642
34354	0.33761245
34355	0.33787581
34356	0.33789980
34357	0.33768496
34358	0.33723947
34359	0.33657894
34360	0.33572605
34361	0.33471021
34362	0.33356634
34363	0.33233413
34364	0.33105657
34365	0.32977894
34366	0.32854760
34367	0.32740876
34368	0.32640752
34369	0.32558700
34370	0.32498756
34371	0.32464620
34372	0.32459617
34373	0.32486618
34374	0.32548034
34375	0.32645738
34376	0.32781032
34377	0.32954586
34378	0.33166340
34379	0.33415455
34380	0.33700231
34381	0.34017992
34382	0.34365088
34383	0.34736827
34384	0.35127518
34385	0.35530552
34386	0.35938573
34387	0.36343718
34388	0.36737937
34389	0.37113363
34390	0.37462717
34391	0.37779719
34392	0.38059422
34393	0.38298529
34394	0.38495502
34395	0.38650724
34396	0.38766390
34397	0.38846424
34398	0.38896289
34399	0.38922793
34400	0.38933879
34401	0.38938570
34402	0.38946810
34403	0.38969660
34404	0.39019439
34405	0.39110145
34406	0.39258072
34407	0.39482799
34408	0.39808443
34409	0.40265712
34410	0.40894634
34411	0.41748998
34412	0.42902842
34413	0.44461194
34414	0.46578145
34415	0.49488798
34416	0.53570706
34417	0.59471399
34418	0.68404311
34419	0.82951087
34420	1.09779632
34421	1.73150921
34422	4.87143421
34423	NaN
34424	NaN
34425	NaN
34426	NaN
34427	NaN
34428	NaN
34429	NaN
34430	NaN
34431	NaN
34432	NaN
34433	NaN
34434	NaN
34435	NaN
34436	NaN
34437	NaN
34438	NaN
34439	NaN
34440	NaN
34441	NaN
34442	NaN
34443	NaN
34444	NaN
34445	NaN
34446	NaN
34447	NaN
34448	NaN
34449	NaN
34450	NaN
34451	NaN
34452	NaN
34453	NaN
34454	NaN
34455	NaN
34456	NaN
34457	NaN
34458	NaN
34459	NaN
34460	NaN
34461	NaN
34462	NaN
34463	NaN
34464	NaN
34465	NaN
34466	NaN
34467	NaN
34468	NaN
34469	NaN
34470	NaN
34471	NaN
34472	NaN
34473	NaN
34474	NaN
34475	NaN
34476	NaN
34477	NaN
34478	NaN
34479	NaN
34480	NaN
34481	NaN
34482	NaN
34483	NaN
34484	NaN
34485	NaN
34486	NaN
34487	NaN
34488	NaN
34489	NaN
34490	NaN
34491	NaN
34492	NaN
34493	NaN
34494	NaN
34495	NaN
34496	NaN
34497	NaN
34498	NaN
34499	NaN
34500	NaN
34501	NaN
34502	NaN
34503	NaN
34504	NaN
34505	NaN
34506	NaN
34507	NaN
34508	NaN
34509	NaN
34510	NaN
34511	NaN
34512	NaN
34513	NaN
34514	NaN
34515	NaN
34516	NaN
34517	NaN
34518	NaN
34519	NaN
34520	1.08892822
34521	0.53407937
34522	0.40572125
34523	0.34943414
34524	0.31836653
34525	0.29906157
34526	0.28619465
34527	0.27723101
34528	0.27080676
34529	0.26612094
34530	0.26267087
34531	0.26012489
34532	0.25825498
34533	0.25689918
34534	0.25593978
34535	0.25528923
34536	0.25488123
34537	0.25466532
34538	0.25460228
34539	0.25466174
34540	0.25481975
34541	0.25505728
34542	0.25535914
34543	0.25571290
34544	0.25610813
34545	0.25653592
34546	0.25698826
34547	0.25745761
34548	0.25793675
34549	0.25841838
34550	0.25889516
34551	0.25935939
34552	0.25980327
34553	0.26021877
34554	0.26059783
34555	0.26093242
34556	0.26121482
34557	0.26143771
34558	0.26159456
34559	0.26167977
34560	0.26168916
34561	0.26161999
34562	0.26147163
34563	0.26124558
34564	0.26094589
34565	0.26057902
34566	0.26015434
34567	0.25968352
34568	0.25918055
34569	0.25866115
34570	0.25814229
34571	0.25764123
34572	0.25717521
34573	0.25676051
34574	0.25641179
34575	0.25614175
34576	0.25596067
34577	0.25587615
34578	0.25589314
34579	0.25601366
34580	0.25623694
34581	0.25655946
34582	0.25697494
34583	0.25747445
34584	0.25804654
34585	0.25867718
34586	0.25935021
34587	0.26004744
34588	0.26074910
34589	0.26143438
34590	0.26208219
34591	0.26267174
34592	0.26318353
34593	0.26360041
34594	0.26390812
34595	0.26409632
34596	0.26415911
34597	0.26409531
34598	0.26390851
34599	0.26360688
34600	0.26320258
34601	0.26271090
34602	0.26214954
34603	0.26153752
34604	0.26089415
34605	0.26023835
34606	0.25958776
34607	0.25895834
34608	0.25836390
34609	0.25781596
34610	0.25732359
34611	0.25689355
34612	0.25653031
34613	0.25623631
34614	0.25601205
34615	0.25585634
34616	0.25576648
34617	0.25573850
34618	0.25576743
34619	0.25584731
34620	0.25597149
34621	0.25613287
34622	0.25632399
34623	0.25653723
34624	0.25676504
34625	0.25700000
34626	0.25723523
34627	0.25746423
34628	0.25768146
34629	0.25788197
34630	0.25806192
34631	0.25821844
34632	0.25834951
34633	0.25845432
34634	0.25853279
34635	0.25858569
34636	0.25861439
34637	0.25862083
34638	0.25860730
34639	0.25857630
34640	0.25853035
34641	0.25847203
34642	0.25840363
34643	0.25832745
34644	0.25824541
34645	0.25815922
34646	0.25807032
34647	0.25798002
34648	0.25788930
34649	0.25779903
34650	0.25770983
34651	0.25762218
34652	0.25753641
34653	0.25745264
34654	0.25737083
34655	0.25729105
34656	0.25721309
34657	0.25713694
34658	0.25706276
34659	0.25699100
34660	0.25692248
34661	0.25685847
34662	0.25680077
34663	0.25675178
34664	0.25671431
34665	0.25669172
34666	0.25668773
34667	0.25670633
34668	0.25675166
34669	0.25682783
34670	0.25693884
34671	0.25708842
34672	0.25727972
34673	0.25751528
34674	0.25779673
34675	0.25812453
34676	0.25849792
34677	0.25891456
34678	0.25937045
34679	0.25985992
34680	0.26037541
34681	0.26090777
34682	0.26144615
34683	0.26197836
34684	0.26249120
34685	0.26297072
34686	0.26340294
34687	0.26377413
34688	0.26407155
34689	0.26428398
34690	0.26440221
34691	0.26441944
34692	0.26433185
34693	0.26413855
34694	0.26384193
34695	0.26344743
34696	0.26296353
34697	0.26240137
34698	0.26177442
34699	0.26109803
34700	0.26038921
34701	0.25966591
34702	0.25894699
34703	0.25825155
34704	0.25759894
34705	0.25700811
34706	0.25649786
34707	0.25608629
34708	0.25579083
34709	0.25562784
34710	0.25561261
34711	0.25575894
34712	0.25607875
34713	0.25658172
34714	0.25727469
34715	0.25816092
34716	0.25923952
34717	0.26050457
34718	0.26194471
34719	0.26354271
34720	0.26527527
34721	0.26711378
34722	0.26902485
34723	0.27097213
34724	0.27291813
34725	0.27482623
34726	0.27666324
34727	0.27840129
34728	0.28001902
34729	0.28150326
34730	0.28284854
34731	0.28405747
34732	0.28513920
34733	0.28610864
34734	0.28698510
34735	0.28779101
34736	0.28855103
34737	0.28929126
34738	0.29003903
34739	0.29082328
34740	0.29167536
34741	0.29263070
34742	0.29373157
34743	0.29503185
34744	0.29660261
34745	0.29854444
34746	0.30100372
34747	0.30420294
34748	0.30849344
34749	0.31445175
34750	0.32307857
34751	0.33622959
34752	0.35768455
34753	0.39632761
34754	0.47863755
34755	0.73270363
34756	NaN
34757	NaN
34758	NaN
34759	NaN
34760	NaN
34761	NaN
34762	NaN
34763	NaN
34764	NaN
34765	NaN
34766	NaN
34767	NaN
34768	NaN
34769	NaN
34770	NaN
34771	NaN
34772	NaN
34773	NaN
34774	NaN
34775	NaN
34776	NaN
34777	NaN
34778	NaN
34779	NaN
34780	NaN
34781	NaN
34782	NaN
34783	NaN
34784	NaN
34785	NaN
34786	NaN
34787	NaN
34788	NaN
34789	NaN
34790	NaN
34791	NaN
34792	NaN
34793	NaN
34794	NaN
34795	NaN
34796	NaN
34797	NaN
34798	NaN
34799	NaN
34800	NaN
34801	NaN
34802	NaN
34803	NaN
34804	NaN
34805	NaN
34806	NaN
34807	NaN
34808	NaN
34809	NaN
34810	NaN
34811	NaN
34812	NaN
34813	NaN
34814	NaN
34815	NaN
34816	NaN
34817	NaN
34818	NaN
34819	NaN
34820	NaN
34821	NaN
34822	NaN
34823	NaN
34824	NaN
34825	NaN
34826	NaN
34827	NaN
34828	NaN
34829	NaN
34830	NaN
34831	NaN
34832	NaN
34833	NaN
34834	NaN
34835	NaN
34836	NaN
34837	NaN
34838	NaN
34839	NaN
34840	NaN
34841	NaN
34842	NaN
34843	0.97082919
34844	0.57831788
34845	0.47758144
34846	0.43144560
34847	0.40497121
34848	0.38778627
34849	0.37572637
34850	0.36679673
34851	0.35992235
34852	0.35447305
34853	0.35005409
34854	0.34640560
34855	0.34334883
34856	0.34075660
34857	0.33853582
34858	0.33661667
34859	0.33494586
34860	0.33348209
34861	0.33219320
34862	0.33105397
34863	0.33004475
34864	0.32915026
34865	0.32835916
34866	0.32766312
34867	0.32705656
34868	0.32653600
34869	0.32609996
34870	0.32574838
34871	0.32548234
34872	0.32530349
34873	0.32521391
34874	0.32521525
34875	0.32530847
34876	0.32549328
34877	0.32576749
34878	0.32612681
34879	0.32656428
34880	0.32707009
34881	0.32763162
34882	0.32823363
34883	0.32885867
34884	0.32948765
34885	0.33010095
34886	0.33067933
34887	0.33120501
34888	0.33166295
34889	0.33204147
34890	0.33233339
34891	0.33253592
34892	0.33265111
34893	0.33268532
34894	0.33264855
34895	0.33255357
34896	0.33241507
34897	0.33224845
34898	0.33206904
34899	0.33189103
34900	0.33172703
34901	0.33158743
34902	0.33148026
34903	0.33141088
34904	0.33138222
34905	0.33139467
34906	0.33144668
34907	0.33153477
34908	0.33165401
34909	0.33179840
34910	0.33196121
34911	0.33213523
34912	0.33231312
34913	0.33248770
34914	0.33265209
34915	0.33279979
34916	0.33292514
34917	0.33302307
34918	0.33308965
34919	0.33312187
34920	0.33311805
34921	0.33307776
34922	0.33300212
34923	0.33289358
34924	0.33275607
34925	0.33259484
34926	0.33241624
34927	0.33222741
34928	0.33203620
34929	0.33185050
34930	0.33167806
34931	0.33152619
34932	0.33140120
34933	0.33130839
34934	0.33125177
34935	0.33123392
34936	0.33125603
34937	0.33131811
34938	0.33141902
34939	0.33155668
34940	0.33172837
34941	0.33193088
34942	0.33216089
34943	0.33241493
34944	0.33268970
34945	0.33298200
34946	0.33328909
34947	0.33360839
34948	0.33393773
34949	0.33427534
34950	0.33461976
34951	0.33496985
34952	0.33532476
34953	0.33568412
34954	0.33604771
34955	0.33641556
34956	0.33678797
34957	0.33716533
34958	0.33754793
34959	0.33793598
34960	0.33832949
34961	0.33872801
34962	0.33913049
34963	0.33953533
34964	0.33994007
34965	0.34034148
34966	0.34073532
34967	0.34111673
34968	0.34147984
34969	0.34181833
34970	0.34212542
34971	0.34239426
34972	0.34261820
34973	0.34279102
34974	0.34290752
34975	0.34296384
34976	0.34295753
34977	0.34288824
34978	0.34275770
34979	0.34256989
34980	0.34233117
34981	0.34205016
34982	0.34173760
34983	0.34140605
34984	0.34106949
34985	0.34074286
34986	0.34044176
34987	0.34018168
34988	0.33997774
34989	0.33984411
34990	0.33979368
34991	0.33983749
34992	0.33998463
34993	0.34024182
34994	0.34061328
34995	0.34110036
34996	0.34170181
34997	0.34241337
34998	0.34322801
34999	0.34413594
35000	0.34512469
35001	0.34617943
35002	0.34728310
35003	0.34841678
35004	0.34955999
35005	0.35069111
35006	0.35178787
35007	0.35282797
35008	0.35378939
35009	0.35465139
35010	0.35539511
35011	0.35600400
35012	0.35646483
35013	0.35676807
35014	0.35690850
35015	0.35688552
35016	0.35670337
35017	0.35637116
35018	0.35590279
35019	0.35531661
35020	0.35463506
35021	0.35388389
35022	0.35309181
35023	0.35228932
35024	0.35150829
35025	0.35078099
35026	0.35013935
35027	0.34961408
35028	0.34923437
35029	0.34902686
35030	0.34901544
35031	0.34922051
35032	0.34965858
35033	0.35034162
35034	0.35127687
35035	0.35246605
35036	0.35390517
35037	0.35558379
35038	0.35748515
35039	0.35958558
35040	0.36185518
35041	0.36425763
35042	0.36675149
35043	0.36929095
35044	0.37182742
35045	0.37431133
35046	0.37669390
35047	0.37892935
35048	0.38097662
35049	0.38280141
35050	0.38437757
35051	0.38568795
35052	0.38672525
35053	0.38749209
35054	0.38800070
35055	0.38827240
35056	0.38833645
35057	0.38822949
35058	0.38799447
35059	0.38767961
35060	0.38733855
35061	0.38702965
35062	0.38681632
35063	0.38676828
35064	0.38696179
35065	0.38748258
35066	0.38842738
35067	0.38990688
35068	0.39205018
35069	0.39500904
35070	0.39896476
35071	0.40413445
35072	0.41078132
35073	0.41922697
35074	0.42986819
35075	0.44319901
35076	0.45984569
35077	0.48061690
35078	0.50658447
35079	0.53921986
35080	0.58063185
35081	0.63400078
35082	0.70443493
35083	0.80077517
35084	0.93991131
35085	1.15870690
35086	1.55591667
35087	2.51542997
35088	8.38923740
35089	NaN
35090	NaN
35091	NaN
35092	NaN
35093	NaN
35094	NaN
35095	NaN
35096	NaN
35097	NaN
35098	NaN
35099	NaN
35100	NaN
35101	NaN
35102	NaN
35103	NaN
35104	NaN
35105	NaN
35106	NaN
35107	NaN
35108	NaN
35109	NaN
35110	NaN
35111	NaN
35112	NaN
35113	NaN
35114	NaN
35115	NaN
35116	NaN
35117	NaN
35118	NaN
35119	NaN
35120	NaN
35121	NaN
35122	NaN
35123	NaN
35124	NaN
35125	NaN
35126	NaN
35127	NaN
35128	NaN
35129	NaN
35130	NaN
35131	NaN
35132	NaN
35133	NaN
35134	NaN
35135	NaN
35136	NaN
35137	NaN
35138	NaN
35139	NaN
35140	NaN
35141	NaN
35142	NaN
35143	NaN
35144	NaN
35145	NaN
35146	NaN
35147	NaN
35148	NaN
35149	NaN
35150	NaN
35151	NaN
35152	NaN
35153	NaN
35154	NaN
35155	NaN
35156	NaN
35157	NaN
35158	NaN
35159	NaN
35160	NaN
35161	NaN
35162	NaN
35163	NaN
35164	NaN
35165	NaN
35166	NaN
35167	0.91038454
35168	0.47515351
35169	0.38487783
35170	0.34510353
35171	0.32236242
35172	0.30746591
35173	0.29686415
35174	0.28889266
35175	0.28266540
35176	0.27766562
35177	0.27357024
35178	0.27016634
35179	0.26730651
35180	0.26488551
35181	0.26282531
35182	0.26106653
35183	0.25956297
35184	0.25827765
35185	0.25718045
35186	0.25624633
35187	0.25545403
35188	0.25478536
35189	0.25422412
35190	0.25375596
35191	0.25336778
35192	0.25304744
35193	0.25278357
35194	0.25256541
35195	0.25238264
35196	0.25222540
35197	0.25208443
35198	0.25195083
35199	0.25181654
35200	0.25167412
35201	0.25151721
35202	0.25134036
35203	0.25113949
35204	0.25091162
35205	0.25065535
35206	0.25037074
35207	0.25005934
35208	0.24972424
35209	0.24937013
35210	0.24900298
35211	0.24863000
35212	0.24825956
35213	0.24790080
35214	0.24756342
35215	0.24725747
35216	0.24699292
35217	0.24677934
35218	0.24662571
35219	0.24653985
35220	0.24652845
35221	0.24659650
35222	0.24674754
35223	0.24698308
35224	0.24730285
35225	0.24770452
35226	0.24818391
35227	0.24873479
35228	0.24934904
35229	0.25001660
35230	0.25072545
35231	0.25146195
35232	0.25221068
35233	0.25295490
35234	0.25367677
35235	0.25435773
35236	0.25497919
35237	0.25552318
35238	0.25597289
35239	0.25631371
35240	0.25653362
35241	0.25662416
35242	0.25658065
35243	0.25640255
35244	0.25609365
35245	0.25566179
35246	0.25511849
35247	0.25447854
35248	0.25375909
35249	0.25297898
35250	0.25215799
35251	0.25131586
35252	0.25047189
35253	0.24964425
35254	0.24884933
35255	0.24810174
35256	0.24741398
35257	0.24679632
35258	0.24625680
35259	0.24580142
35260	0.24543419
35261	0.24515720
35262	0.24497089
35263	0.24487409
35264	0.24486423
35265	0.24493732
35266	0.24508815
35267	0.24531028
35268	0.24559630
35269	0.24593787
35270	0.24632575
35271	0.24675019
35272	0.24720103
35273	0.24766791
35274	0.24814063
35275	0.24860911
35276	0.24906398
35277	0.24949653
35278	0.24989891
35279	0.25026435
35280	0.25058705
35281	0.25086242
35282	0.25108692
35283	0.25125808
35284	0.25137430
35285	0.25143507
35286	0.25144061
35287	0.25139192
35288	0.25129074
35289	0.25113958
35290	0.25094160
35291	0.25070077
35292	0.25042164
35293	0.25010964
35294	0.24977085
35295	0.24941196
35296	0.24904022
35297	0.24866335
35298	0.24828933
35299	0.24792610
35300	0.24758162
35301	0.24726339
35302	0.24697830
35303	0.24673247
35304	0.24653108
35305	0.24637818
35306	0.24627671
35307	0.24622841
35308	0.24623390
35309	0.24629274
35310	0.24640346
35311	0.24656379
35312	0.24677065
35313	0.24702027
35314	0.24730834
35315	0.24762991
35316	0.24797957
35317	0.24835145
35318	0.24873917
35319	0.24913594
35320	0.24953464
35321	0.24992783
35322	0.25030786
35323	0.25066698
35324	0.25099754
35325	0.25129223
35326	0.25154400
35327	0.25174648
35328	0.25189412
35329	0.25198224
35330	0.25200742
35331	0.25196734
35332	0.25186121
35333	0.25168967
35334	0.25145483
35335	0.25116050
35336	0.25081190
35337	0.25041577
35338	0.24998017
35339	0.24951433
35340	0.24902840
35341	0.24853326
35342	0.24804004
35343	0.24756007
35344	0.24710454
35345	0.24668416
35346	0.24630912
35347	0.24598888
35348	0.24573210
35349	0.24554661
35350	0.24543937
35351	0.24541633
35352	0.24548250
35353	0.24564165
35354	0.24589626
35355	0.24624728
35356	0.24669370
35357	0.24723238
35358	0.24785756
35359	0.24856071
35360	0.24933034
35361	0.25015149
35362	0.25100619
35363	0.25187328
35364	0.25272918
35365	0.25354835
35366	0.25430411
35367	0.25496998
35368	0.25552103
35369	0.25593501
35370	0.25619411
35371	0.25628558
35372	0.25620309
35373	0.25594684
35374	0.25552392
35375	0.25494778
35376	0.25423780
35377	0.25341806
35378	0.25251684
35379	0.25156546
35380	0.25059789
35381	0.24965011
35382	0.24876007
35383	0.24796860
35384	0.24731967
35385	0.24686193
35386	0.24665028
35387	0.24674825
35388	0.24723044
35389	0.24818628
35390	0.24972276
35391	0.25197035
35392	0.25508744
35393	0.25926685
35394	0.26474428
35395	0.27180663
35396	0.28080469
35397	0.29217017
35398	0.30643860
35399	0.32429114
35400	0.34661785
35401	0.37463340
35402	0.41009426
35403	0.45571366
35404	0.51602447
35405	0.59932065
35406	0.72263807
35407	0.92724460
35408	1.34455836
35409	2.73183370
35410	NaN
35411	NaN
35412	NaN
35413	NaN
35414	NaN
35415	NaN
35416	NaN
35417	NaN
35418	NaN
35419	NaN
35420	NaN
35421	NaN
35422	NaN
35423	NaN
35424	NaN
35425	NaN
35426	NaN
35427	NaN
35428	NaN
35429	NaN
35430	NaN
35431	NaN
35432	NaN
35433	NaN
35434	NaN
35435	NaN
35436	NaN
35437	NaN
35438	NaN
35439	NaN
35440	NaN
35441	NaN
35442	NaN
35443	NaN
35444	NaN
35445	NaN
35446	NaN
35447	NaN
35448	NaN
35449	NaN
35450	NaN
35451	NaN
35452	NaN
35453	NaN
35454	NaN
35455	NaN
35456	NaN
35457	NaN
35458	NaN
35459	NaN
35460	NaN
35461	NaN
35462	NaN
35463	NaN
35464	NaN
35465	NaN
35466	NaN
35467	NaN
35468	NaN
35469	NaN
35470	NaN
35471	NaN
35472	NaN
35473	NaN
35474	NaN
35475	NaN
35476	NaN
35477	NaN
35478	NaN
35479	NaN
35480	NaN
35481	NaN
35482	NaN
35483	NaN
35484	NaN
35485	NaN
35486	NaN
35487	NaN
35488	NaN
35489	NaN
35490	NaN
35491	NaN
35492	NaN
35493	NaN
35494	NaN
35495	NaN
35496	NaN
35497	NaN
35498	NaN
35499	NaN
35500	NaN
35501	1.90448952
35502	0.65045065
35503	0.48673004
35504	0.42254591
35505	0.38848850
35506	0.36751744
35507	0.35340658
35508	0.34333870
35509	0.33585235
35510	0.33011338
35511	0.32561058
35512	0.32201314
35513	0.31909737
35514	0.31670681
35515	0.31472895
35516	0.31308097
35517	0.31170112
35518	0.31054252
35519	0.30956957
35520	0.30875495
35521	0.30807793
35522	0.30752292
35523	0.30707824
35524	0.30673552
35525	0.30648893
35526	0.30633467
35527	0.30627042
35528	0.30629495
35529	0.30640754
35530	0.30660757
35531	0.30689412
35532	0.30726516
35533	0.30771741
35534	0.30824542
35535	0.30884135
35536	0.30949441
35537	0.31019059
35538	0.31091249
35539	0.31163943
35540	0.31234780
35541	0.31301191
35542	0.31360483
35543	0.31409997
35544	0.31447259
35545	0.31470159
35546	0.31477141
35547	0.31467336
35548	0.31440666
35549	0.31397921
35550	0.31340706
35551	0.31271383
35552	0.31192914
35553	0.31108686
35554	0.31022301
35555	0.30937389
35556	0.30857411
35557	0.30785522
35558	0.30724463
35559	0.30676490
35560	0.30643323
35561	0.30626136
35562	0.30625576
35563	0.30641758
35564	0.30674306
35565	0.30722362
35566	0.30784625
35567	0.30859387
35568	0.30944550
35569	0.31037688
35570	0.31136084
35571	0.31236821
35572	0.31336847
35573	0.31433091
35574	0.31522563
35575	0.31602499
35576	0.31670469
35577	0.31724480
35578	0.31763095
35579	0.31785476
35580	0.31791416
35581	0.31781331
35582	0.31756207
35583	0.31717530
35584	0.31667179
35585	0.31607315
35586	0.31540278
35587	0.31468469
35588	0.31394264
35589	0.31319946
35590	0.31247628
35591	0.31179234
35592	0.31116459
35593	0.31060767
35594	0.31013370
35595	0.30975240
35596	0.30947119
35597	0.30929509
35598	0.30922687
35599	0.30926707
35600	0.30941421
35601	0.30966461
35602	0.31001270
35603	0.31045109
35604	0.31097063
35605	0.31156090
35606	0.31221029
35607	0.31290650
35608	0.31363702
35609	0.31438944
35610	0.31515208
35611	0.31591430
35612	0.31666687
35613	0.31740209
35614	0.31811404
35615	0.31879845
35616	0.31945264
35617	0.32007504
35618	0.32066512
35619	0.32122287
35620	0.32174838
35621	0.32224157
35622	0.32270178
35623	0.32312757
35624	0.32351649
35625	0.32386512
35626	0.32416895
35627	0.32442260
35628	0.32461989
35629	0.32475421
35630	0.32481879
35631	0.32480720
35632	0.32471368
35633	0.32453379
35634	0.32426479
35635	0.32390636
35636	0.32346088
35637	0.32293394
35638	0.32233453
35639	0.32167530
35640	0.32097229
35641	0.32024467
35642	0.31951442
35643	0.31880537
35644	0.31814253
35645	0.31755123
35646	0.31705621
35647	0.31668067
35648	0.31644562
35649	0.31636924
35650	0.31646645
35651	0.31674853
35652	0.31722277
35653	0.31789252
35654	0.31875685
35655	0.31981066
35656	0.32104445
35657	0.32244417
35658	0.32399151
35659	0.32566375
35660	0.32743362
35661	0.32926989
35662	0.33113739
35663	0.33299789
35664	0.33481050
35665	0.33653274
35666	0.33812210
35667	0.33953694
35668	0.34073833
35669	0.34169191
35670	0.34236911
35671	0.34274921
35672	0.34282017
35673	0.34257975
35674	0.34203598
35675	0.34120697
35676	0.34012029
35677	0.33881214
35678	0.33732581
35679	0.33571032
35680	0.33401850
35681	0.33230564
35682	0.33062798
35683	0.32904151
35684	0.32760081
35685	0.32635853
35686	0.32536453
35687	0.32466576
35688	0.32430556
35689	0.32432359
35690	0.32475531
35691	0.32563141
35692	0.32697678
35693	0.32880980
35694	0.33114067
35695	0.33396968
35696	0.33728534
35697	0.34106237
35698	0.34525973
35699	0.34981954
35700	0.35466599
35701	0.35970643
35702	0.36483312
35703	0.36992708
35704	0.37486371
35705	0.37951887
35706	0.38377652
35707	0.38753578
35708	0.39071655
35709	0.39326453
35710	0.39515263
35711	0.39638156
35712	0.39697722
35713	0.39698732
35714	0.39647719
35715	0.39552534
35716	0.39421877
35717	0.39265117
35718	0.39092028
35719	0.38912839
35720	0.38738391
35721	0.38580498
35722	0.38452634
35723	0.38370934
35724	0.38355476
35725	0.38432577
35726	0.38637832
35727	0.39021036
35728	0.39654052
35729	0.40643719
35730	0.42155188
35731	0.44455174
35732	0.48000264
35733	0.53637367
35734	0.63126028
35735	0.80817020
35736	1.21234941
35737	2.81214595
35738	NaN
35739	NaN
35740	NaN
35741	NaN
35742	NaN
35743	NaN
35744	NaN
35745	NaN
35746	NaN
35747	NaN
35748	NaN
35749	NaN
35750	NaN
35751	NaN
35752	NaN
35753	NaN
35754	NaN
35755	NaN
35756	NaN
35757	NaN
35758	NaN
35759	NaN
35760	NaN
35761	NaN
35762	NaN
35763	NaN
35764	NaN
35765	NaN
35766	NaN
35767	NaN
35768	NaN
35769	NaN
35770	NaN
35771	NaN
35772	NaN
35773	NaN
35774	NaN
35775	NaN
35776	NaN
35777	NaN
35778	NaN
35779	NaN
35780	NaN
35781	NaN
35782	NaN
35783	NaN
35784	NaN
35785	NaN
35786	NaN
35787	NaN
35788	NaN
35789	NaN
35790	NaN
35791	NaN
35792	NaN
35793	NaN
35794	NaN
35795	NaN
35796	NaN
35797	NaN
35798	NaN
35799	NaN
35800	NaN
35801	NaN
35802	NaN
35803	NaN
35804	NaN
35805	NaN
35806	NaN
35807	NaN
35808	NaN
35809	NaN
35810	NaN
35811	NaN
35812	NaN
35813	NaN
35814	NaN
35815	NaN
35816	NaN
35817	NaN
35818	NaN
35819	NaN
35820	NaN
35821	NaN
35822	NaN
35823	NaN
35824	NaN
35825	NaN
35826	NaN
35827	NaN
35828	NaN
35829	NaN
35830	0.63151318
35831	0.39654762
35832	0.32742679
35833	0.29340467
35834	0.27270031
35835	0.25854471
35836	0.24814211
35837	0.24012327
35838	0.23373570
35839	0.22852913
35840	0.22421637
35841	0.22060426
35842	0.21755721
35843	0.21497668
35844	0.21278869
35845	0.21093614
35846	0.20937420
35847	0.20806651
35848	0.20698315
35849	0.20609888
35850	0.20539212
35851	0.20484394
35852	0.20443720
35853	0.20415640
35854	0.20398691
35855	0.20391487
35856	0.20392689
35857	0.20400989
35858	0.20415109
35859	0.20433789
35860	0.20455818
35861	0.20480028
35862	0.20505314
35863	0.20530656
35864	0.20555140
35865	0.20577958
35866	0.20598434
35867	0.20616023
35868	0.20630322
35869	0.20641045
35870	0.20648040
35871	0.20651273
35872	0.20650825
35873	0.20646858
35874	0.20639640
35875	0.20629515
35876	0.20616899
35877	0.20602275
35878	0.20586184
35879	0.20569199
35880	0.20551930
35881	0.20534992
35882	0.20518988
35883	0.20504500
35884	0.20492056
35885	0.20482135
35886	0.20475130
35887	0.20471348
35888	0.20470990
35889	0.20474154
35890	0.20480810
35891	0.20490809
35892	0.20503865
35893	0.20519574
35894	0.20537405
35895	0.20556712
35896	0.20576762
35897	0.20596747
35898	0.20615822
35899	0.20633131
35900	0.20647854
35901	0.20659238
35902	0.20666634
35903	0.20669527
35904	0.20667559
35905	0.20660539
35906	0.20648445
35907	0.20631421
35908	0.20609760
35909	0.20583878
35910	0.20554292
35911	0.20521589
35912	0.20486392
35913	0.20449337
35914	0.20411050
35915	0.20372121
35916	0.20333093
35917	0.20294465
35918	0.20256671
35919	0.20220096
35920	0.20185094
35921	0.20151965
35922	0.20121001
35923	0.20092465
35924	0.20066614
35925	0.20043714
35926	0.20024018
35927	0.20007776
35928	0.19995229
35929	0.19986592
35930	0.19982052
35931	0.19981754
35932	0.19985776
35933	0.19994140
35934	0.20006795
35935	0.20023604
35936	0.20044358
35937	0.20068768
35938	0.20096456
35939	0.20126987
35940	0.20159845
35941	0.20194465
35942	0.20230222
35943	0.20266451
35944	0.20302466
35945	0.20337546
35946	0.20370980
35947	0.20402063
35948	0.20430113
35949	0.20454504
35950	0.20474662
35951	0.20490097
35952	0.20500407
35953	0.20505308
35954	0.20504631
35955	0.20498332
35956	0.20486508
35957	0.20469381
35958	0.20447323
35959	0.20420815
35960	0.20390467
35961	0.20356984
35962	0.20321156
35963	0.20283833
35964	0.20245913
35965	0.20208298
35966	0.20171891
35967	0.20137562
35968	0.20106117
35969	0.20078307
35970	0.20054780
35971	0.20036095
35972	0.20022690
35973	0.20014909
35974	0.20012967
35975	0.20016982
35976	0.20026965
35977	0.20042825
35978	0.20064387
35979	0.20091395
35980	0.20123515
35981	0.20160353
35982	0.20201445
35983	0.20246273
35984	0.20294274
35985	0.20344834
35986	0.20397297
35987	0.20450959
35988	0.20505099
35989	0.20558961
35990	0.20611772
35991	0.20662747
35992	0.20711109
35993	0.20756094
35994	0.20796961
35995	0.20833026
35996	0.20863646
35997	0.20888269
35998	0.20906416
35999	0.20917729
36000	0.20921965
36001	0.20919007
36002	0.20908889
36003	0.20891795
36004	0.20868045
36005	0.20838119
36006	0.20802626
36007	0.20762299
36008	0.20717978
36009	0.20670594
36010	0.20621148
36011	0.20570691
36012	0.20520309
36013	0.20471118
36014	0.20424244
36015	0.20380802
36016	0.20341906
36017	0.20308639
36018	0.20282061
36019	0.20263174
36020	0.20252913
36021	0.20252131
36022	0.20261559
36023	0.20281799
36024	0.20313281
36025	0.20356244
36026	0.20410703
36027	0.20476441
36028	0.20552972
36029	0.20639537
36030	0.20735107
36031	0.20838390
36032	0.20947844
36033	0.21061748
36034	0.21178229
36035	0.21295345
36036	0.21411130
36037	0.21523699
36038	0.21631324
36039	0.21732450
36040	0.21825777
36041	0.21910299
36042	0.21985348
36043	0.22050588
36044	0.22106040
36045	0.22152111
36046	0.22189586
36047	0.22219627
36048	0.22243875
36049	0.22264454
36050	0.22284038
36051	0.22305997
36052	0.22334501
36053	0.22374754
36054	0.22433221
36055	0.22517994
36056	0.22639254
36057	0.22809899
36058	0.23046413
36059	0.23370080
36060	0.23808812
36061	0.24399970
36062	0.25195104
36063	0.26267558
36064	0.27727592
36065	0.29751313
36066	0.32644460
36067	0.36998257
36068	0.44140226
36069	0.57831377
36070	0.94626063
36071	NaN
36072	NaN
36073	NaN
36074	NaN
36075	NaN
36076	NaN
36077	NaN
36078	NaN
36079	NaN
36080	NaN
36081	NaN
36082	NaN
36083	NaN
36084	NaN
36085	NaN
36086	NaN
36087	NaN
36088	NaN
36089	NaN
36090	NaN
36091	NaN
36092	NaN
36093	NaN
36094	NaN
36095	NaN
36096	NaN
36097	NaN
36098	NaN
36099	NaN
36100	NaN
36101	NaN
36102	NaN
36103	NaN
36104	NaN
36105	NaN
36106	NaN
36107	NaN
36108	NaN
36109	NaN
36110	NaN
36111	NaN
36112	NaN
36113	NaN
36114	NaN
36115	NaN
36116	NaN
36117	NaN
36118	NaN
36119	NaN
36120	NaN
36121	NaN
36122	NaN
36123	NaN
36124	NaN
36125	NaN
36126	NaN
36127	NaN
36128	NaN
36129	NaN
36130	NaN
36131	NaN
36132	NaN
36133	NaN
36134	NaN
36135	NaN
36136	NaN
36137	NaN
36138	NaN
36139	NaN
36140	NaN
36141	NaN
36142	NaN
36143	NaN
36144	NaN
36145	NaN
36146	NaN
36147	NaN
36148	NaN
36149	NaN
36150	2.25751328
36151	0.58041263
36152	0.44111821
36153	0.38949138
36154	0.36259466
36155	0.34608743
36156	0.33491591
36157	0.32684568
36158	0.32073790
36159	0.31595150
36160	0.31209874
36161	0.30893126
36162	0.30628261
36163	0.30403721
36164	0.30211231
36165	0.30044717
36166	0.29899636
36167	0.29772532
36168	0.29660767
36169	0.29562306
36170	0.29475585
36171	0.29399425
36172	0.29332936
36173	0.29275477
36174	0.29226592
36175	0.29185984
36176	0.29153472
36177	0.29128957
36178	0.29112372
36179	0.29103673
36180	0.29102781
36181	0.29109555
36182	0.29123741
36183	0.29144952
36184	0.29172623
36185	0.29205993
36186	0.29244092
36187	0.29285744
36188	0.29329589
36189	0.29374117
36190	0.29417729
36191	0.29458818
36192	0.29495829
36193	0.29527384
36194	0.29552329
36195	0.29569849
36196	0.29579493
36197	0.29581225
36198	0.29575413
36199	0.29562807
36200	0.29544494
36201	0.29521829
36202	0.29496327
36203	0.29469606
36204	0.29443288
36205	0.29418924
36206	0.29397917
36207	0.29381472
36208	0.29370561
36209	0.29365894
36210	0.29367906
36211	0.29376745
36212	0.29392287
36213	0.29414156
36214	0.29441744
36215	0.29474232
36216	0.29510635
36217	0.29549837
36218	0.29590639
36219	0.29631793
36220	0.29672047
36221	0.29710200
36222	0.29745132
36223	0.29775849
36224	0.29801515
36225	0.29821482
36226	0.29835317
36227	0.29842803
36228	0.29843941
36229	0.29838964
36230	0.29828295
36231	0.29812530
36232	0.29792407
36233	0.29768786
36234	0.29742590
36235	0.29714775
36236	0.29686311
36237	0.29658136
36238	0.29631135
36239	0.29606128
36240	0.29583845
36241	0.29564932
36242	0.29549927
36243	0.29539284
36244	0.29533356
36245	0.29532409
36246	0.29536629
36247	0.29546130
36248	0.29560953
36249	0.29581085
36250	0.29606456
36251	0.29636943
36252	0.29672384
36253	0.29712555
36254	0.29757202
36255	0.29806018
36256	0.29858658
36257	0.29914728
36258	0.29973802
36259	0.30035412
36260	0.30099070
36261	0.30164260
36262	0.30230454
36263	0.30297109
36264	0.30363682
36265	0.30429620
36266	0.30494362
36267	0.30557343
36268	0.30618000
36269	0.30675748
36270	0.30730003
36271	0.30780172
36272	0.30825663
36273	0.30865902
36274	0.30900317
36275	0.30928394
36276	0.30949661
36277	0.30963731
36278	0.30970314
36279	0.30969259
36280	0.30960557
36281	0.30944389
36282	0.30921116
36283	0.30891326
36284	0.30855817
36285	0.30815592
36286	0.30771863
36287	0.30726004
36288	0.30679560
36289	0.30634159
36290	0.30591503
36291	0.30553314
36292	0.30521268
36293	0.30496976
36294	0.30481899
36295	0.30477351
36296	0.30484426
36297	0.30503991
36298	0.30536664
36299	0.30582777
36300	0.30642396
36301	0.30715287
36302	0.30800933
36303	0.30898529
36304	0.31006998
36305	0.31125000
36306	0.31250942
36307	0.31383005
36308	0.31519169
36309	0.31657246
36310	0.31794903
36311	0.31929725
36312	0.32059258
36313	0.32181069
36314	0.32292810
36315	0.32392293
36316	0.32477561
36317	0.32546958
36318	0.32599214
36319	0.32633486
36320	0.32649422
36321	0.32647187
36322	0.32627466
36323	0.32591495
36324	0.32540983
36325	0.32478109
36326	0.32405421
36327	0.32325819
36328	0.32242426
36329	0.32158539
36330	0.32077542
36331	0.32002839
36332	0.31937781
36333	0.31885621
36334	0.31849438
36335	0.31832090
36336	0.31836167
36337	0.31863955
36338	0.31917354
36339	0.31997845
36340	0.32106426
36341	0.32243538
36342	0.32409030
36343	0.32602063
36344	0.32821086
36345	0.33063781
36346	0.33327052
36347	0.33607051
36348	0.33899227
36349	0.34198439
36350	0.34499124
36351	0.34795487
36352	0.35081807
36353	0.35352632
36354	0.35603103
36355	0.35829183
36356	0.36027873
36357	0.36197346
36358	0.36337036
36359	0.36447591
36360	0.36530918
36361	0.36590010
36362	0.36628878
36363	0.36652428
36364	0.36666408
36365	0.36677372
36366	0.36692682
36367	0.36720651
36368	0.36770692
36369	0.36853644
36370	0.36982074
36371	0.37170869
36372	0.37437850
36373	0.37804604
36374	0.38297638
36375	0.38949692
36376	0.39801717
36377	0.40905637
36378	0.42327645
36379	0.44154054
36380	0.46499297
36381	0.49519542
36382	0.53435677
36383	0.58575135
36384	0.65454310
36385	0.74953133
36386	0.88727450
36387	1.10345876
36388	1.49223304
36389	2.40936041
36390	7.43958902
36391	NaN
36392	NaN
36393	NaN
36394	NaN
36395	NaN
36396	NaN
36397	NaN
36398	NaN
36399	NaN
36400	NaN
36401	NaN
36402	NaN
36403	NaN
36404	NaN
36405	NaN
36406	NaN
36407	NaN
36408	NaN
36409	NaN
36410	NaN
36411	NaN
36412	NaN
36413	NaN
36414	NaN
36415	NaN
36416	NaN
36417	NaN
36418	NaN
36419	NaN
36420	NaN
36421	NaN
36422	NaN
36423	NaN
36424	NaN
36425	NaN
36426	NaN
36427	NaN
36428	NaN
36429	NaN
36430	NaN
36431	NaN
36432	NaN
36433	NaN
36434	NaN
36435	NaN
36436	NaN
36437	NaN
36438	NaN
36439	NaN
36440	NaN
36441	NaN
36442	NaN
36443	NaN
36444	NaN
36445	NaN
36446	NaN
36447	NaN
36448	NaN
36449	NaN
36450	NaN
36451	NaN
36452	NaN
36453	NaN
36454	NaN
36455	NaN
36456	NaN
36457	NaN
36458	NaN
36459	NaN
36460	NaN
36461	NaN
36462	NaN
36463	NaN
36464	NaN
36465	NaN
36466	NaN
36467	NaN
36468	NaN
36469	NaN
36470	NaN
36471	NaN
36472	NaN
36473	NaN
36474	NaN
36475	NaN
36476	NaN
36477	NaN
36478	NaN
36479	NaN
36480	NaN
36481	NaN
36482	NaN
36483	0.71913767
36484	0.47278038
36485	0.39081731
36486	0.35043171
36487	0.32679340
36488	0.31157705
36489	0.30119517
36490	0.29384363
36491	0.28851333
36492	0.28459433
36493	0.28169513
36494	0.27955276
36495	0.27798367
36496	0.27685589
36497	0.27607208
36498	0.27555907
36499	0.27526078
36500	0.27513382
36501	0.27514407
36502	0.27526447
36503	0.27547333
36504	0.27575302
36505	0.27608898
36506	0.27646902
36507	0.27688265
36508	0.27732053
36509	0.27777421
36510	0.27823573
36511	0.27869737
36512	0.27915138
36513	0.27958998
36514	0.28000534
36515	0.28038937
36516	0.28073388
36517	0.28103065
36518	0.28127164
36519	0.28144917
36520	0.28155622
36521	0.28158680
36522	0.28153628
36523	0.28140199
36524	0.28118351
36525	0.28088313
36526	0.28050616
36527	0.28006113
36528	0.27955988
36529	0.27901733
36530	0.27845103
36531	0.27788058
36532	0.27732712
36533	0.27681208
36534	0.27635655
36535	0.27598029
36536	0.27570108
36537	0.27553400
36538	0.27549109
36539	0.27558088
36540	0.27580822
36541	0.27617422
36542	0.27667618
36543	0.27730757
36544	0.27805814
36545	0.27891389
36546	0.27985728
36547	0.28086737
36548	0.28192046
36549	0.28299019
36550	0.28404850
36551	0.28506646
36552	0.28601506
36553	0.28686666
36554	0.28759602
36555	0.28818136
36556	0.28860578
36557	0.28885785
36558	0.28893220
36559	0.28883001
36560	0.28855851
36561	0.28813070
36562	0.28756440
36563	0.28688127
36564	0.28610560
36565	0.28526300
36566	0.28437945
36567	0.28348020
36568	0.28258896
36569	0.28172740
36570	0.28091475
36571	0.28016737
36572	0.27949888
36573	0.27892008
36574	0.27843896
36575	0.27806091
36576	0.27778891
36577	0.27762356
36578	0.27756345
36579	0.27760506
36580	0.27774328
36581	0.27797127
36582	0.27828076
36583	0.27866241
36584	0.27910563
36585	0.27959925
36586	0.28013137
36587	0.28068987
36588	0.28126267
36589	0.28183806
36590	0.28240487
36591	0.28295282
36592	0.28347275
36593	0.28395674
36594	0.28439823
36595	0.28479204
36596	0.28513432
36597	0.28542250
36598	0.28565520
36599	0.28583205
36600	0.28595361
36601	0.28602120
36602	0.28603673
36603	0.28600278
36604	0.28592238
36605	0.28579891
36606	0.28563622
36607	0.28543836
36608	0.28520986
36609	0.28495523
36610	0.28467926
36611	0.28438684
36612	0.28408280
36613	0.28377193
36614	0.28345892
36615	0.28314835
36616	0.28284451
36617	0.28255156
36618	0.28227353
36619	0.28201422
36620	0.28177744
36621	0.28156677
36622	0.28138587
36623	0.28123832
36624	0.28112766
36625	0.28105733
36626	0.28103077
36627	0.28105110
36628	0.28112137
36629	0.28124407
36630	0.28142154
36631	0.28165531
36632	0.28194642
36633	0.28229502
36634	0.28270033
36635	0.28316039
36636	0.28367198
36637	0.28423038
36638	0.28482926
36639	0.28546059
36640	0.28611460
36641	0.28677976
36642	0.28744286
36643	0.28808939
36644	0.28870371
36645	0.28926948
36646	0.28977028
36647	0.29019019
36648	0.29051450
36649	0.29073033
36650	0.29082730
36651	0.29079828
36652	0.29063964
36653	0.29035184
36654	0.28993931
36655	0.28941059
36656	0.28877798
36657	0.28805715
36658	0.28726664
36659	0.28642732
36660	0.28556183
36661	0.28469378
36662	0.28384757
36663	0.28304762
36664	0.28231809
36665	0.28168258
36666	0.28116372
36667	0.28078300
36668	0.28056046
36669	0.28051433
36670	0.28066066
36671	0.28101307
36672	0.28158218
36673	0.28237480
36674	0.28339380
36675	0.28463700
36676	0.28609690
36677	0.28775954
36678	0.28960457
36679	0.29160452
36680	0.29372513
36681	0.29592603
36682	0.29816166
36683	0.30038315
36684	0.30254087
36685	0.30458668
36686	0.30647749
36687	0.30817735
36688	0.30966026
36689	0.31091133
36690	0.31192744
36691	0.31271765
36692	0.31330153
36693	0.31370771
36694	0.31397238
36695	0.31413761
36696	0.31424960
36697	0.31435755
36698	0.31451383
36699	0.31477445
36700	0.31520021
36701	0.31585979
36702	0.31683362
36703	0.31822026
36704	0.32014427
36705	0.32277051
36706	0.32632333
36707	0.33111647
36708	0.33760124
36709	0.34644645
36710	0.35867804
36711	0.37594160
36712	0.40102005
36713	0.43899953
36714	0.50021148
36715	0.60930157
36716	0.84319812
36717	1.62743008
36718	NaN
36719	NaN
36720	NaN
36721	NaN
36722	NaN
36723	NaN
36724	NaN
36725	NaN
36726	NaN
36727	NaN
36728	NaN
36729	NaN
36730	NaN
36731	NaN
36732	NaN
36733	NaN
36734	NaN
36735	NaN
36736	NaN
36737	NaN
36738	NaN
36739	NaN
36740	NaN
36741	NaN
36742	NaN
36743	NaN
36744	NaN
36745	NaN
36746	NaN
36747	NaN
36748	NaN
36749	NaN
36750	NaN
36751	NaN
36752	NaN
36753	NaN
36754	NaN
36755	NaN
36756	NaN
36757	NaN
36758	NaN
36759	NaN
36760	NaN
36761	NaN
36762	NaN
36763	NaN
36764	NaN
36765	NaN
36766	NaN
36767	NaN
36768	NaN
36769	NaN
36770	NaN
36771	NaN
36772	NaN
36773	NaN
36774	NaN
36775	NaN
36776	NaN
36777	NaN
36778	NaN
36779	NaN
36780	NaN
36781	NaN
36782	NaN
36783	NaN
36784	NaN
36785	NaN
36786	NaN
36787	NaN
36788	NaN
36789	NaN
36790	NaN
36791	NaN
36792	NaN
36793	NaN
36794	NaN
36795	NaN
36796	NaN
36797	NaN
36798	NaN
36799	NaN
36800	NaN
36801	NaN
36802	NaN
36803	NaN
36804	NaN
36805	NaN
36806	NaN
36807	NaN
36808	NaN
36809	0.98043269
36810	0.60390568
36811	0.50052136
36812	0.45183507
36813	0.42335597
36814	0.40458521
36815	0.39124194
36816	0.38125172
36817	0.37348586
36818	0.36727655
36819	0.36220241
36820	0.35798395
36821	0.35442796
36822	0.35139653
36823	0.34878838
36824	0.34652746
36825	0.34455562
36826	0.34282795
36827	0.34130919
36828	0.33997205
36829	0.33879498
36830	0.33776167
36831	0.33685967
36832	0.33608007
36833	0.33541679
36834	0.33486620
36835	0.33442631
36836	0.33409673
36837	0.33387765
36838	0.33376971
36839	0.33377314
36840	0.33388728
36841	0.33411002
36842	0.33443713
36843	0.33486190
36844	0.33537474
36845	0.33596280
36846	0.33661011
36847	0.33729756
36848	0.33800346
36849	0.33870399
36850	0.33937427
36851	0.33998951
36852	0.34052601
36853	0.34096301
36854	0.34128347
36855	0.34147555
36856	0.34153321
36857	0.34145677
36858	0.34125292
36859	0.34093410
36860	0.34051791
36861	0.34002566
36862	0.33948162
36863	0.33891115
36864	0.33833978
36865	0.33779183
36866	0.33728969
36867	0.33685285
36868	0.33649758
36869	0.33623627
36870	0.33607763
36871	0.33602637
36872	0.33608320
36873	0.33624533
36874	0.33650628
36875	0.33685645
36876	0.33728343
36877	0.33777246
36878	0.33830684
36879	0.33886871
36880	0.33943945
36881	0.34000051
36882	0.34053400
36883	0.34102342
36884	0.34145412
36885	0.34181401
36886	0.34209391
36887	0.34228787
36888	0.34239316
36889	0.34241053
36890	0.34234378
36891	0.34219953
36892	0.34198681
36893	0.34171650
36894	0.34140071
36895	0.34105238
36896	0.34068438
36897	0.34030947
36898	0.33993945
36899	0.33958498
36900	0.33925542
36901	0.33895862
36902	0.33870068
36903	0.33848646
36904	0.33831921
36905	0.33820090
36906	0.33813244
36907	0.33811375
36908	0.33814391
36909	0.33822131
36910	0.33834380
36911	0.33850875
36912	0.33871317
36913	0.33895376
36914	0.33922708
36915	0.33952966
36916	0.33985803
36917	0.34020886
36918	0.34057924
36919	0.34096646
36920	0.34136835
36921	0.34178311
36922	0.34220940
36923	0.34264630
36924	0.34309295
36925	0.34354874
36926	0.34401274
36927	0.34448376
36928	0.34495991
36929	0.34543854
36930	0.34591597
36931	0.34638748
36932	0.34684712
36933	0.34728786
36934	0.34770170
36935	0.34807992
36936	0.34841326
36937	0.34869242
36938	0.34890833
36939	0.34905267
36940	0.34911826
36941	0.34909949
36942	0.34899279
36943	0.34879690
36944	0.34851319
36945	0.34814578
36946	0.34770182
36947	0.34719136
36948	0.34662727
36949	0.34602484
36950	0.34540173
36951	0.34477726
36952	0.34417194
36953	0.34360695
36954	0.34310338
36955	0.34268162
36956	0.34236085
36957	0.34215823
36958	0.34208849
36959	0.34216347
36960	0.34239164
36961	0.34277797
36962	0.34332356
36963	0.34402561
36964	0.34487733
36965	0.34586811
36966	0.34698358
36967	0.34820580
36968	0.34951353
36969	0.35088265
36970	0.35228640
36971	0.35369602
36972	0.35508108
36973	0.35641044
36974	0.35765287
36975	0.35877791
36976	0.35975707
36977	0.36056450
36978	0.36117861
36979	0.36158249
36980	0.36176521
36981	0.36172226
36982	0.36145619
36983	0.36097634
36984	0.36029914
36985	0.35944739
36986	0.35844961
36987	0.35733917
36988	0.35615313
36989	0.35493135
36990	0.35371521
36991	0.35254666
36992	0.35146713
36993	0.35051709
36994	0.34973484
36995	0.34915617
36996	0.34881389
36997	0.34873733
36998	0.34895152
36999	0.34947711
37000	0.35032934
37001	0.35151759
37002	0.35304460
37003	0.35490540
37004	0.35708696
37005	0.35956722
37006	0.36231506
37007	0.36528999
37008	0.36844268
37009	0.37171632
37010	0.37504804
37011	0.37837115
37012	0.38161838
37013	0.38472435
37014	0.38762942
37015	0.39028218
37016	0.39264223
37017	0.39468178
37018	0.39638737
37019	0.39775905
37020	0.39881083
37021	0.39956900
37022	0.40007085
37023	0.40036300
37024	0.40050006
37025	0.40054399
37026	0.40056315
37027	0.40063274
37028	0.40083611
37029	0.40126634
37030	0.40202913
37031	0.40324703
37032	0.40506354
37033	0.40765154
37034	0.41122183
37035	0.41603553
37036	0.42242187
37037	0.43080303
37038	0.44172812
37039	0.45592681
37040	0.47438765
37041	0.49848893
37042	0.53021675
37043	0.57255214
37044	0.63022596
37045	0.71129328
37046	0.83081651
37047	1.02089643
37048	1.36484492
37049	2.16868734
37050	6.21438265
37051	NaN
37052	NaN
37053	NaN
37054	NaN
37055	NaN
37056	NaN
37057	NaN
37058	NaN
37059	NaN
37060	NaN
37061	NaN
37062	NaN
37063	NaN
37064	NaN
37065	NaN
37066	NaN
37067	NaN
37068	NaN
37069	NaN
37070	NaN
37071	NaN
37072	NaN
37073	NaN
37074	NaN
37075	NaN
37076	NaN
37077	NaN
37078	NaN
37079	NaN
37080	NaN
37081	NaN
37082	NaN
37083	NaN
37084	NaN
37085	NaN
37086	NaN
37087	NaN
37088	NaN
37089	NaN
37090	NaN
37091	NaN
37092	NaN
37093	NaN
37094	NaN
37095	NaN
37096	NaN
37097	NaN
37098	NaN
37099	NaN
37100	NaN
37101	NaN
37102	NaN
37103	NaN
37104	NaN
37105	NaN
37106	NaN
37107	NaN
37108	NaN
37109	NaN
37110	NaN
37111	NaN
37112	NaN
37113	NaN
37114	NaN
37115	NaN
37116	NaN
37117	NaN
37118	NaN
37119	NaN
37120	NaN
37121	NaN
37122	NaN
37123	NaN
37124	NaN
37125	NaN
37126	NaN
37127	NaN
37128	NaN
37129	NaN
37130	NaN
37131	NaN
37132	0.37954059
37133	0.28994364
37134	0.26552486
37135	0.25298861
37136	0.24476467
37137	0.23863381
37138	0.23371051
37139	0.22957024
37140	0.22598380
37141	0.22281566
37142	0.21997982
37143	0.21741882
37144	0.21509238
37145	0.21297120
37146	0.21103336
37147	0.20926179
37148	0.20764299
37149	0.20616572
37150	0.20482045
37151	0.20359872
37152	0.20249265
37153	0.20149501
37154	0.20059848
37155	0.19979587
37156	0.19907993
37157	0.19844319
37158	0.19787812
37159	0.19737715
37160	0.19693263
37161	0.19653712
37162	0.19618355
37163	0.19586527
37164	0.19557641
37165	0.19531196
37166	0.19506803
37167	0.19484192
37168	0.19463207
37169	0.19443820
37170	0.19426095
37171	0.19410181
37172	0.19396283
37173	0.19384623
37174	0.19375409
37175	0.19368811
37176	0.19364926
37177	0.19363771
37178	0.19365272
37179	0.19369265
37180	0.19375519
37181	0.19383751
37182	0.19393653
37183	0.19404921
37184	0.19417271
37185	0.19430465
37186	0.19444311
37187	0.19458680
37188	0.19473483
37189	0.19488679
37190	0.19504242
37191	0.19520150
37192	0.19536366
37193	0.19552810
37194	0.19569345
37195	0.19585769
37196	0.19601801
37197	0.19617088
37198	0.19631210
37199	0.19643690
37200	0.19654021
37201	0.19661687
37202	0.19666214
37203	0.19667165
37204	0.19664209
37205	0.19657116
37206	0.19645794
37207	0.19630295
37208	0.19610797
37209	0.19587620
37210	0.19561180
37211	0.19531989
37212	0.19500606
37213	0.19467618
37214	0.19433601
37215	0.19399114
37216	0.19364652
37217	0.19330665
37218	0.19297525
37219	0.19265543
37220	0.19234963
37221	0.19205990
37222	0.19178788
37223	0.19153498
37224	0.19130245
37225	0.19109155
37226	0.19090351
37227	0.19073972
37228	0.19060142
37229	0.19048995
37230	0.19040644
37231	0.19035195
37232	0.19032715
37233	0.19033246
37234	0.19036786
37235	0.19043304
37236	0.19052713
37237	0.19064903
37238	0.19079717
37239	0.19096966
37240	0.19116428
37241	0.19137853
37242	0.19160947
37243	0.19185379
37244	0.19210778
37245	0.19236733
37246	0.19262785
37247	0.19288440
37248	0.19313172
37249	0.19336428
37250	0.19357656
37251	0.19376306
37252	0.19391868
37253	0.19403875
37254	0.19411938
37255	0.19415756
37256	0.19415142
37257	0.19410023
37258	0.19400452
37259	0.19386613
37260	0.19368805
37261	0.19347444
37262	0.19323038
37263	0.19296177
37264	0.19267502
37265	0.19237682
37266	0.19207411
37267	0.19177358
37268	0.19148162
37269	0.19120429
37270	0.19094685
37271	0.19071411
37272	0.19051000
37273	0.19033785
37274	0.19020016
37275	0.19009881
37276	0.19003499
37277	0.19000922
37278	0.19002143
37279	0.19007091
37280	0.19015640
37281	0.19027595
37282	0.19042724
37283	0.19060722
37284	0.19081256
37285	0.19103940
37286	0.19128361
37287	0.19154087
37288	0.19180661
37289	0.19207637
37290	0.19234575
37291	0.19261049
37292	0.19286667
37293	0.19311073
37294	0.19333954
37295	0.19355036
37296	0.19374104
37297	0.19390979
37298	0.19405526
37299	0.19417644
37300	0.19427261
37301	0.19434330
37302	0.19438821
37303	0.19440715
37304	0.19440019
37305	0.19436741
37306	0.19430916
37307	0.19422589
37308	0.19411838
37309	0.19398768
37310	0.19383524
37311	0.19366299
37312	0.19347331
37313	0.19326924
37314	0.19305442
37315	0.19283308
37316	0.19261011
37317	0.19239102
37318	0.19218165
37319	0.19198816
37320	0.19181678
37321	0.19167359
37322	0.19156411
37323	0.19149317
37324	0.19146441
37325	0.19148034
37326	0.19154173
37327	0.19164772
37328	0.19179563
37329	0.19198099
37330	0.19219777
37331	0.19243822
37332	0.19269346
37333	0.19295374
37334	0.19320846
37335	0.19344719
37336	0.19365939
37337	0.19383514
37338	0.19396532
37339	0.19404198
37340	0.19405851
37341	0.19400983
37342	0.19389252
37343	0.19370519
37344	0.19344850
37345	0.19312568
37346	0.19274241
37347	0.19230750
37348	0.19183342
37349	0.19133709
37350	0.19084026
37351	0.19037089
37352	0.18996395
37353	0.18966319
37354	0.18952249
37355	0.18960789
37356	0.18999925
37357	0.19079320
37358	0.19210459
37359	0.19407111
37360	0.19685486
37361	0.20064759
37362	0.20567591
37363	0.21220994
37364	0.22057728
37365	0.23118916
37366	0.24457982
37367	0.26148725
37368	0.28299451
37369	0.31081125
37370	0.34784806
37371	0.39954147
37372	0.47734785
37373	0.61012191
37374	0.89674670
37375	2.04192972
37376	NaN
37377	NaN
37378	NaN
37379	NaN
37380	NaN
37381	NaN
37382	NaN
37383	NaN
37384	NaN
37385	NaN
37386	NaN
37387	NaN
37388	NaN
37389	NaN
37390	NaN
37391	NaN
37392	NaN
37393	NaN
37394	NaN
37395	NaN
37396	NaN
37397	NaN
37398	NaN
37399	NaN
37400	NaN
37401	NaN
37402	NaN
37403	NaN
37404	NaN
37405	NaN
37406	NaN
37407	NaN
37408	NaN
37409	NaN
37410	NaN
37411	NaN
37412	NaN
37413	NaN
37414	NaN
37415	NaN
37416	NaN
37417	NaN
37418	NaN
37419	NaN
37420	NaN
37421	NaN
37422	NaN
37423	NaN
37424	NaN
37425	NaN
37426	NaN
37427	NaN
37428	NaN
37429	NaN
37430	NaN
37431	NaN
37432	NaN
37433	NaN
37434	NaN
37435	NaN
37436	NaN
37437	NaN
37438	NaN
37439	NaN
37440	NaN
37441	NaN
37442	NaN
37443	NaN
37444	NaN
37445	NaN
37446	NaN
37447	NaN
37448	NaN
37449	NaN
37450	NaN
37451	NaN
37452	NaN
37453	NaN
37454	NaN
37455	NaN
37456	NaN
37457	1.09585404
37458	0.51252949
37459	0.40490028
37460	0.35948610
37461	0.33437407
37462	0.31840935
37463	0.30735672
37464	0.29925516
37465	0.29307222
37466	0.28821215
37467	0.28430647
37468	0.28111446
37469	0.27847195
37470	0.27626216
37471	0.27439985
37472	0.27282098
37473	0.27147639
37474	0.27032757
37475	0.26934424
37476	0.26850238
37477	0.26778281
37478	0.26717049
37479	0.26665378
37480	0.26622382
37481	0.26587409
37482	0.26560003
37483	0.26539841
37484	0.26526707
37485	0.26520452
37486	0.26520932
37487	0.26527989
37488	0.26541394
37489	0.26560819
37490	0.26585817
37491	0.26615772
37492	0.26649919
37493	0.26687330
37494	0.26726916
37495	0.26767474
37496	0.26807708
37497	0.26846275
37498	0.26881865
37499	0.26913235
37500	0.26939297
37501	0.26959178
37502	0.26972255
37503	0.26978219
37504	0.26977077
37505	0.26969171
37506	0.26955146
37507	0.26935935
37508	0.26912674
37509	0.26886687
37510	0.26859367
37511	0.26832148
37512	0.26806432
37513	0.26783517
37514	0.26764569
37515	0.26750559
37516	0.26742256
37517	0.26740190
37518	0.26744661
37519	0.26755714
37520	0.26773179
37521	0.26796654
37522	0.26825556
37523	0.26859128
37524	0.26896483
37525	0.26936617
37526	0.26978460
37527	0.27020901
37528	0.27062827
37529	0.27103144
37530	0.27140832
37531	0.27174950
37532	0.27204692
37533	0.27229387
37534	0.27248541
37535	0.27261832
37536	0.27269140
37537	0.27270526
37538	0.27266231
37539	0.27256674
37540	0.27242407
37541	0.27224103
37542	0.27202520
37543	0.27178481
37544	0.27152842
37545	0.27126458
37546	0.27100185
37547	0.27074832
37548	0.27051163
37549	0.27029893
37550	0.27011660
37551	0.26997045
37552	0.26986551
37553	0.26980624
37554	0.26979628
37555	0.26983878
37556	0.26993614
37557	0.27009019
37558	0.27030215
37559	0.27057248
37560	0.27090114
37561	0.27128714
37562	0.27172890
37563	0.27222389
37564	0.27276874
37565	0.27335921
37566	0.27399021
37567	0.27465591
37568	0.27534977
37569	0.27606463
37570	0.27679303
37571	0.27752724
37572	0.27825949
37573	0.27898207
37574	0.27968740
37575	0.28036830
37576	0.28101778
37577	0.28162929
37578	0.28219664
37579	0.28271398
37580	0.28317598
37581	0.28357780
37582	0.28391498
37583	0.28418395
37584	0.28438169
37585	0.28450632
37586	0.28455701
37587	0.28453422
37588	0.28443986
37589	0.28427762
37590	0.28405267
37591	0.28377223
37592	0.28344515
37593	0.28308198
37594	0.28269479
37595	0.28229696
37596	0.28190291
37597	0.28152761
37598	0.28118625
37599	0.28089383
37600	0.28066471
37601	0.28051215
37602	0.28044796
37603	0.28048220
37604	0.28062290
37605	0.28087610
37606	0.28124541
37607	0.28173226
37608	0.28233561
37609	0.28305227
37610	0.28387675
37611	0.28480116
37612	0.28581563
37613	0.28690803
37614	0.28806418
37615	0.28926817
37616	0.29050222
37617	0.29174703
37618	0.29298213
37619	0.29418606
37620	0.29533696
37621	0.29641297
37622	0.29739296
37623	0.29825705
37624	0.29898742
37625	0.29956895
37626	0.29998991
37627	0.30024257
37628	0.30032352
37629	0.30023405
37630	0.29998028
37631	0.29957286
37632	0.29902706
37633	0.29836190
37634	0.29760006
37635	0.29676697
37636	0.29589021
37637	0.29499885
37638	0.29412284
37639	0.29329243
37640	0.29253772
37641	0.29188806
37642	0.29137164
37643	0.29101524
37644	0.29084373
37645	0.29087961
37646	0.29114252
37647	0.29164901
37648	0.29241174
37649	0.29343882
37650	0.29473349
37651	0.29629329
37652	0.29810956
37653	0.30016711
37654	0.30244395
37655	0.30491146
37656	0.30753475
37657	0.31027332
37658	0.31308228
37659	0.31591386
37660	0.31871876
37661	0.32144830
37662	0.32405597
37663	0.32649931
37664	0.32874176
37665	0.33075336
37666	0.33251214
37667	0.33400458
37668	0.33522585
37669	0.33617985
37670	0.33687878
37671	0.33734313
37672	0.33760121
37673	0.33768862
37674	0.33764848
37675	0.33753085
37676	0.33739361
37677	0.33730286
37678	0.33733335
37679	0.33757105
37680	0.33811480
37681	0.33907890
37682	0.34059718
37683	0.34282771
37684	0.34595785
37685	0.35021257
37686	0.35586187
37687	0.36323535
37688	0.37273720
37689	0.38487181
37690	0.40028006
37691	0.41980043
37692	0.44456753
37693	0.47618943
37694	0.51705927
37695	0.57097608
37696	0.64442331
37697	0.74953598
37698	0.91206932
37699	1.19794071
37700	1.84121931
37701	4.71931791
37702	NaN
37703	NaN
37704	NaN
37705	NaN
37706	NaN
37707	NaN
37708	NaN
37709	NaN
37710	NaN
37711	NaN
37712	NaN
37713	NaN
37714	NaN
37715	NaN
37716	NaN
37717	NaN
37718	NaN
37719	NaN
37720	NaN
37721	NaN
37722	NaN
37723	NaN
37724	NaN
37725	NaN
37726	NaN
37727	NaN
37728	NaN
37729	NaN
37730	NaN
37731	NaN
37732	NaN
37733	NaN
37734	NaN
37735	NaN
37736	NaN
37737	NaN
37738	NaN
37739	NaN
37740	NaN
37741	NaN
37742	NaN
37743	NaN
37744	NaN
37745	NaN
37746	NaN
37747	NaN
37748	NaN
37749	NaN
37750	NaN
37751	NaN
37752	NaN
37753	NaN
37754	NaN
37755	NaN
37756	NaN
37757	NaN
37758	NaN
37759	NaN
37760	NaN
37761	NaN
37762	NaN
37763	NaN
37764	NaN
37765	NaN
37766	NaN
37767	NaN
37768	NaN
37769	NaN
37770	NaN
37771	NaN
37772	NaN
37773	NaN
37774	NaN
37775	NaN
37776	NaN
37777	NaN
37778	NaN
37779	NaN
37780	NaN
37781	NaN
37782	NaN
37783	NaN
37784	NaN
37785	NaN
37786	NaN
37787	0.63345343
37788	0.37456349
37789	0.30807999
37790	0.27716070
37791	0.25914204
37792	0.24732071
37793	0.23899923
37794	0.23287642
37795	0.22824319
37796	0.22467647
37797	0.22190617
37798	0.21974963
37799	0.21807769
37800	0.21679550
37801	0.21583115
37802	0.21512865
37803	0.21464345
37804	0.21433941
37805	0.21418674
37806	0.21416059
37807	0.21423987
37808	0.21440634
37809	0.21464400
37810	0.21493864
37811	0.21527736
37812	0.21564816
37813	0.21603976
37814	0.21644144
37815	0.21684287
37816	0.21723419
37817	0.21760584
37818	0.21794891
37819	0.21825510
37820	0.21851686
37821	0.21872774
37822	0.21888237
37823	0.21897671
37824	0.21900819
37825	0.21897587
37826	0.21888043
37827	0.21872437
37828	0.21851180
37829	0.21824861
37830	0.21794218
37831	0.21760134
37832	0.21723618
37833	0.21685763
37834	0.21647723
37835	0.21610689
37836	0.21575832
37837	0.21544281
37838	0.21517070
37839	0.21495128
37840	0.21479240
37841	0.21470036
37842	0.21467966
37843	0.21473318
37844	0.21486191
37845	0.21506506
37846	0.21534014
37847	0.21568285
37848	0.21608730
37849	0.21654581
37850	0.21704921
37851	0.21758682
37852	0.21814664
37853	0.21871541
37854	0.21927916
37855	0.21982333
37856	0.22033340
37857	0.22079529
37858	0.22119595
37859	0.22152397
37860	0.22177002
37861	0.22192727
37862	0.22199176
37863	0.22196248
37864	0.22184137
37865	0.22163308
37866	0.22134483
37867	0.22098568
37868	0.22056624
37869	0.22009799
37870	0.21959290
37871	0.21906278
37872	0.21851908
37873	0.21797246
37874	0.21743262
37875	0.21690825
37876	0.21640682
37877	0.21593480
37878	0.21549752
37879	0.21509944
37880	0.21474414
37881	0.21443446
37882	0.21417268
37883	0.21396054
37884	0.21379928
37885	0.21368979
37886	0.21363243
37887	0.21362717
37888	0.21367341
37889	0.21376999
37890	0.21391509
37891	0.21410619
37892	0.21433997
37893	0.21461235
37894	0.21491860
37895	0.21525322
37896	0.21561015
37897	0.21598281
37898	0.21636425
37899	0.21674731
37900	0.21712466
37901	0.21748900
37902	0.21783319
37903	0.21815030
37904	0.21843378
37905	0.21867758
37906	0.21887621
37907	0.21902484
37908	0.21911950
37909	0.21915717
37910	0.21913587
37911	0.21905476
37912	0.21891434
37913	0.21871635
37914	0.21846390
37915	0.21816154
37916	0.21781489
37917	0.21743084
37918	0.21701714
37919	0.21658243
37920	0.21613570
37921	0.21568620
37922	0.21524328
37923	0.21481584
37924	0.21441242
37925	0.21404077
37926	0.21370788
37927	0.21341975
37928	0.21318139
37929	0.21299683
37930	0.21286911
37931	0.21280031
37932	0.21279155
37933	0.21284316
37934	0.21295469
37935	0.21312492
37936	0.21335189
37937	0.21363303
37938	0.21396510
37939	0.21434429
37940	0.21476613
37941	0.21522552
37942	0.21571681
37943	0.21623370
37944	0.21676935
37945	0.21731633
37946	0.21786658
37947	0.21841170
37948	0.21894275
37949	0.21945059
37950	0.21992598
37951	0.22035964
37952	0.22074264
37953	0.22106650
37954	0.22132365
37955	0.22150755
37956	0.22161305
37957	0.22163653
37958	0.22157623
37959	0.22143225
37960	0.22120661
37961	0.22090320
37962	0.22052774
37963	0.22008756
37964	0.21959145
37965	0.21904936
37966	0.21847235
37967	0.21787228
37968	0.21726179
37969	0.21665406
37970	0.21606280
37971	0.21550225
37972	0.21498699
37973	0.21453193
37974	0.21415228
37975	0.21386328
37976	0.21368007
37977	0.21361734
37978	0.21368897
37979	0.21390763
37980	0.21428388
37981	0.21482588
37982	0.21553832
37983	0.21642189
37984	0.21747251
37985	0.21868072
37986	0.22003151
37987	0.22150436
37988	0.22307359
37989	0.22470930
37990	0.22637859
37991	0.22804704
37992	0.22968043
37993	0.23124647
37994	0.23271628
37995	0.23406546
37996	0.23527494
37997	0.23633099
37998	0.23722601
37999	0.23795694
38000	0.23852563
38001	0.23893791
38002	0.23920356
38003	0.23933600
38004	0.23935233
38005	0.23927425
38006	0.23912923
38007	0.23895256
38008	0.23879075
38009	0.23870507
38010	0.23877884
38011	0.23912635
38012	0.23990569
38013	0.24133950
38014	0.24374413
38015	0.24757937
38016	0.25352672
38017	0.26263204
38018	0.27656826
38019	0.29818076
38020	0.33273187
38021	0.39123547
38022	0.50151265
38023	0.76127893
38024	1.93985868
38025	NaN
38026	NaN
38027	NaN
38028	NaN
38029	NaN
38030	NaN
38031	NaN
38032	NaN
38033	NaN
38034	NaN
38035	NaN
38036	NaN
38037	NaN
38038	NaN
38039	NaN
38040	NaN
38041	NaN
38042	NaN
38043	NaN
38044	NaN
38045	NaN
38046	NaN
38047	NaN
38048	NaN
38049	NaN
38050	NaN
38051	NaN
38052	NaN
38053	NaN
38054	NaN
38055	NaN
38056	NaN
38057	NaN
38058	NaN
38059	NaN
38060	NaN
38061	NaN
38062	NaN
38063	NaN
38064	NaN
38065	NaN
38066	NaN
38067	NaN
38068	NaN
38069	NaN
38070	NaN
38071	NaN
38072	NaN
38073	NaN
38074	NaN
38075	NaN
38076	NaN
38077	NaN
38078	NaN
38079	NaN
38080	NaN
38081	NaN
38082	NaN
38083	NaN
38084	NaN
38085	NaN
38086	NaN
38087	NaN
38088	NaN
38089	NaN
38090	NaN
38091	NaN
38092	NaN
38093	NaN
38094	NaN
38095	NaN
38096	NaN
38097	NaN
38098	NaN
38099	NaN
38100	NaN
38101	NaN
38102	NaN
38103	NaN
38104	NaN
38105	NaN
38106	NaN
38107	NaN
38108	NaN
38109	NaN
38110	NaN
38111	NaN
38112	NaN
38113	NaN
38114	NaN
38115	2.45568371
38116	0.63384312
38117	0.47157589
38118	0.41044840
38119	0.37818417
38120	0.35816029
38121	0.34448561
38122	0.33454210
38123	0.32698783
38124	0.32106265
38125	0.31630316
38126	0.31240988
38127	0.30918002
38128	0.30647111
38129	0.30417952
38130	0.30222788
38131	0.30055740
38132	0.29912239
38133	0.29788706
38134	0.29682317
38135	0.29590866
38136	0.29512620
38137	0.29446262
38138	0.29390818
38139	0.29345605
38140	0.29310182
38141	0.29284313
38142	0.29267907
38143	0.29260990
38144	0.29263648
38145	0.29275975
38146	0.29298028
38147	0.29329765
38148	0.29370993
38149	0.29421318
38150	0.29480094
38151	0.29546383
38152	0.29618934
38153	0.29696158
38154	0.29776147
38155	0.29856724
38156	0.29935464
38157	0.30009851
38158	0.30077344
38159	0.30135539
38160	0.30182317
38161	0.30215985
38162	0.30235398
38163	0.30240056
38164	0.30230135
38165	0.30206496
38166	0.30170625
38167	0.30124527
38168	0.30070603
38169	0.30011505
38170	0.29949993
38171	0.29888794
38172	0.29830483
38173	0.29777405
38174	0.29731598
38175	0.29694748
38176	0.29668164
38177	0.29652777
38178	0.29649132
38179	0.29657391
38180	0.29677370
38181	0.29708534
38182	0.29750034
38183	0.29800713
38184	0.29859164
38185	0.29923728
38186	0.29992563
38187	0.30063668
38188	0.30134967
38189	0.30204350
38190	0.30269775
38191	0.30329320
38192	0.30381286
38193	0.30424249
38194	0.30457139
38195	0.30479264
38196	0.30490342
38197	0.30490485
38198	0.30480203
38199	0.30460319
38200	0.30431944
38201	0.30396390
38202	0.30355108
38203	0.30309626
38204	0.30261484
38205	0.30212191
38206	0.30163175
38207	0.30115771
38208	0.30071190
38209	0.30030522
38210	0.29994717
38211	0.29964608
38212	0.29940885
38213	0.29924124
38214	0.29914767
38215	0.29913136
38216	0.29919422
38217	0.29933691
38218	0.29955873
38219	0.29985777
38220	0.30023074
38221	0.30067331
38222	0.30118003
38223	0.30174458
38224	0.30236009
38225	0.30301920
38226	0.30371431
38227	0.30443797
38228	0.30518275
38229	0.30594164
38230	0.30670789
38231	0.30747509
38232	0.30823711
38233	0.30898786
38234	0.30972150
38235	0.31043193
38236	0.31111285
38237	0.31175768
38238	0.31235957
38239	0.31291121
38240	0.31340504
38241	0.31383339
38242	0.31418860
38243	0.31446323
38244	0.31465048
38245	0.31474432
38246	0.31474009
38247	0.31463462
38248	0.31442690
38249	0.31411827
38250	0.31371281
38251	0.31321764
38252	0.31264287
38253	0.31200194
38254	0.31131133
38255	0.31059003
38256	0.30985951
38257	0.30914277
38258	0.30846366
38259	0.30784640
38260	0.30731437
38261	0.30688968
38262	0.30659238
38263	0.30643994
38264	0.30644679
38265	0.30662400
38266	0.30697909
38267	0.30751574
38268	0.30823386
38269	0.30912945
38270	0.31019467
38271	0.31141767
38272	0.31278279
38273	0.31427070
38274	0.31585833
38275	0.31751916
38276	0.31922364
38277	0.32093939
38278	0.32263216
38279	0.32426614
38280	0.32580513
38281	0.32721359
38282	0.32845774
38283	0.32950696
38284	0.33033511
38285	0.33092168
38286	0.33125302
38287	0.33132303
38288	0.33113372
38289	0.33069536
38290	0.33002606
38291	0.32915127
38292	0.32810262
38293	0.32691699
38294	0.32563525
38295	0.32430086
38296	0.32295874
38297	0.32165435
38298	0.32043254
38299	0.31933719
38300	0.31841013
38301	0.31769109
38302	0.31721723
38303	0.31702259
38304	0.31713784
38305	0.31758973
38306	0.31840029
38307	0.31958640
38308	0.32115829
38309	0.32311887
38310	0.32546210
38311	0.32817212
38312	0.33122197
38313	0.33457285
38314	0.33817407
38315	0.34196344
38316	0.34586880
38317	0.34981072
38318	0.35370594
38319	0.35747126
38320	0.36102861
38321	0.36430937
38322	0.36725828
38323	0.36983642
38324	0.37202320
38325	0.37381649
38326	0.37523234
38327	0.37630242
38328	0.37707299
38329	0.37760133
38330	0.37795398
38331	0.37820479
38332	0.37843442
38333	0.37872940
38334	0.37918377
38335	0.37990034
38336	0.38099483
38337	0.38260075
38338	0.38487524
38339	0.38800985
38340	0.39224285
38341	0.39787737
38342	0.40530714
38343	0.41505232
38344	0.42781648
38345	0.44457006
38346	0.46668366
38347	0.49615771
38348	0.53602082
38349	0.59110332
38350	0.66964316
38351	0.78707457
38352	0.97645724
38353	1.32475865
38354	2.16189528
38355	NaN
38356	NaN
38357	NaN
38358	NaN
38359	NaN
38360	NaN
38361	NaN
38362	NaN
38363	NaN
38364	NaN
38365	NaN
38366	NaN
38367	NaN
38368	NaN
38369	NaN
38370	NaN
38371	NaN
38372	NaN
38373	NaN
38374	NaN
38375	NaN
38376	NaN
38377	NaN
38378	NaN
38379	NaN
38380	NaN
38381	NaN
38382	NaN
38383	NaN
38384	NaN
38385	NaN
38386	NaN
38387	NaN
38388	NaN
38389	NaN
38390	NaN
38391	NaN
38392	NaN
38393	NaN
38394	NaN
38395	NaN
38396	NaN
38397	NaN
38398	NaN
38399	NaN
38400	NaN
38401	NaN
38402	NaN
38403	NaN
38404	NaN
38405	NaN
38406	NaN
38407	NaN
38408	NaN
38409	NaN
38410	NaN
38411	NaN
38412	NaN
38413	NaN
38414	NaN
38415	NaN
38416	NaN
38417	NaN
38418	NaN
38419	NaN
38420	NaN
38421	NaN
38422	NaN
38423	NaN
38424	NaN
38425	NaN
38426	NaN
38427	NaN
38428	NaN
38429	NaN
38430	NaN
38431	NaN
38432	NaN
38433	NaN
38434	NaN
38435	NaN
38436	NaN
38437	NaN
38438	NaN
38439	NaN
38440	NaN
38441	NaN
38442	NaN
38443	NaN
38444	NaN
38445	NaN
38446	0.80747461
38447	0.45873711
38448	0.36682922
38449	0.32401156
38450	0.29910669
38451	0.28278327
38452	0.27126774
38453	0.26273876
38454	0.25620645
38455	0.25108436
38456	0.24700135
38457	0.24371007
38458	0.24103825
38459	0.23886158
38460	0.23708773
38461	0.23564607
38462	0.23448139
38463	0.23354952
38464	0.23281460
38465	0.23224682
38466	0.23182091
38467	0.23151529
38468	0.23131099
38469	0.23119122
38470	0.23114078
38471	0.23114569
38472	0.23119301
38473	0.23127066
38474	0.23136723
38475	0.23147206
38476	0.23157506
38477	0.23166698
38478	0.23173942
38479	0.23178487
38480	0.23179697
38481	0.23177058
38482	0.23170193
38483	0.23158865
38484	0.23142995
38485	0.23122664
38486	0.23098108
38487	0.23069717
38488	0.23038027
38489	0.23003717
38490	0.22967570
38491	0.22930472
38492	0.22893380
38493	0.22857295
38494	0.22823228
38495	0.22792193
38496	0.22765149
38497	0.22742997
38498	0.22726537
38499	0.22716470
38500	0.22713351
38501	0.22717601
38502	0.22729462
38503	0.22749020
38504	0.22776169
38505	0.22810607
38506	0.22851843
38507	0.22899175
38508	0.22951700
38509	0.23008330
38510	0.23067795
38511	0.23128666
38512	0.23189396
38513	0.23248355
38514	0.23303887
38515	0.23354362
38516	0.23398241
38517	0.23434147
38518	0.23460920
38519	0.23477677
38520	0.23483859
38521	0.23479255
38522	0.23464021
38523	0.23438665
38524	0.23404032
38525	0.23361240
38526	0.23311643
38527	0.23256743
38528	0.23198138
38529	0.23137447
38530	0.23076238
38531	0.23015994
38532	0.22958061
38533	0.22903630
38534	0.22853711
38535	0.22809139
38536	0.22770560
38537	0.22738454
38538	0.22713140
38539	0.22694781
38540	0.22683413
38541	0.22678939
38542	0.22681153
38543	0.22689748
38544	0.22704324
38545	0.22724397
38546	0.22749400
38547	0.22778717
38548	0.22811668
38549	0.22847533
38550	0.22885570
38551	0.22925012
38552	0.22965103
38553	0.23005098
38554	0.23044278
38555	0.23081963
38556	0.23117520
38557	0.23150383
38558	0.23180045
38559	0.23206070
38560	0.23228100
38561	0.23245850
38562	0.23259114
38563	0.23267765
38564	0.23271751
38565	0.23271088
38566	0.23265877
38567	0.23256275
38568	0.23242524
38569	0.23224922
38570	0.23203839
38571	0.23179711
38572	0.23153031
38573	0.23124349
38574	0.23094265
38575	0.23063408
38576	0.23032439
38577	0.23002015
38578	0.22972785
38579	0.22945359
38580	0.22920297
38581	0.22898085
38582	0.22879128
38583	0.22863740
38584	0.22852132
38585	0.22844422
38586	0.22840644
38587	0.22840755
38588	0.22844644
38589	0.22852153
38590	0.22863090
38591	0.22877236
38592	0.22894362
38593	0.22914231
38594	0.22936599
38595	0.22961223
38596	0.22987852
38597	0.23016226
38598	0.23046085
38599	0.23077148
38600	0.23109126
38601	0.23141715
38602	0.23174590
38603	0.23207423
38604	0.23239858
38605	0.23271534
38606	0.23302074
38607	0.23331097
38608	0.23358206
38609	0.23383017
38610	0.23405133
38611	0.23424175
38612	0.23439798
38613	0.23451664
38614	0.23459481
38615	0.23463009
38616	0.23462071
38617	0.23456544
38618	0.23446389
38619	0.23431638
38620	0.23412408
38621	0.23388898
38622	0.23361391
38623	0.23330238
38624	0.23295882
38625	0.23258835
38626	0.23219672
38627	0.23179041
38628	0.23137635
38629	0.23096199
38630	0.23055510
38631	0.23016372
38632	0.22979602
38633	0.22946015
38634	0.22916411
38635	0.22891566
38636	0.22872226
38637	0.22859059
38638	0.22852673
38639	0.22853589
38640	0.22862212
38641	0.22878832
38642	0.22903597
38643	0.22936501
38644	0.22977376
38645	0.23025900
38646	0.23081596
38647	0.23143850
38648	0.23211949
38649	0.23285098
38650	0.23362479
38651	0.23443271
38652	0.23526748
38653	0.23612224
38654	0.23699164
38655	0.23787153
38656	0.23875938
38657	0.23965409
38658	0.24055590
38659	0.24146667
38660	0.24238986
38661	0.24333028
38662	0.24429496
38663	0.24529278
38664	0.24633564
38665	0.24743834
38666	0.24862017
38667	0.24990559
38668	0.25132611
38669	0.25292164
38670	0.25474408
38671	0.25686082
38672	0.25935870
38673	0.26235166
38674	0.26598856
38675	0.27046722
38676	0.27605224
38677	0.28310084
38678	0.29210541
38679	0.30376089
38680	0.31907868
38681	0.33960396
38682	0.36783549
38683	0.40816721
38684	0.46919394
38685	0.57052219
38686	0.76906788
38687	1.32916403
38688	NaN
38689	NaN
38690	NaN
38691	NaN
38692	NaN
38693	NaN
38694	NaN
38695	NaN
38696	NaN
38697	NaN
38698	NaN
38699	NaN
38700	NaN
38701	NaN
38702	NaN
38703	NaN
38704	NaN
38705	NaN
38706	NaN
38707	NaN
38708	NaN
38709	NaN
38710	NaN
38711	NaN
38712	NaN
38713	NaN
38714	NaN
38715	NaN
38716	NaN
38717	NaN
38718	NaN
38719	NaN
38720	NaN
38721	NaN
38722	NaN
38723	NaN
38724	NaN
38725	NaN
38726	NaN
38727	NaN
38728	NaN
38729	NaN
38730	NaN
38731	NaN
38732	NaN
38733	NaN
38734	NaN
38735	NaN
38736	NaN
38737	NaN
38738	NaN
38739	NaN
38740	NaN
38741	NaN
38742	NaN
38743	NaN
38744	NaN
38745	NaN
38746	NaN
38747	NaN
38748	NaN
38749	NaN
38750	NaN
38751	NaN
38752	NaN
38753	NaN
38754	NaN
38755	NaN
38756	NaN
38757	NaN
38758	NaN
38759	NaN
38760	NaN
38761	NaN
38762	NaN
38763	NaN
38764	NaN
38765	NaN
38766	NaN
38767	NaN
38768	NaN
38769	NaN
38770	NaN
38771	NaN
38772	NaN
38773	0.97301799
38774	0.55660456
38775	0.45345840
38776	0.40655798
38777	0.37968746
38778	0.36224410
38779	0.34999806
38780	0.34092945
38781	0.33395097
38782	0.32842529
38783	0.32395318
38784	0.32027158
38785	0.31719959
38786	0.31460819
38787	0.31240299
38788	0.31051305
38789	0.30888397
38790	0.30747360
38791	0.30624884
38792	0.30518368
38793	0.30425784
38794	0.30345562
38795	0.30276522
38796	0.30217808
38797	0.30168846
38798	0.30129278
38799	0.30098945
38800	0.30077815
38801	0.30065954
38802	0.30063450
38803	0.30070397
38804	0.30086809
38805	0.30112574
38806	0.30147403
38807	0.30190781
38808	0.30241916
38809	0.30299744
38810	0.30362880
38811	0.30429658
38812	0.30498159
38813	0.30566275
38814	0.30631790
38815	0.30692491
38816	0.30746293
38817	0.30791342
38818	0.30826160
38819	0.30849725
38820	0.30861536
38821	0.30861673
38822	0.30850756
38823	0.30829930
38824	0.30800769
38825	0.30765191
38826	0.30725309
38827	0.30683351
38828	0.30641523
38829	0.30601907
38830	0.30566394
38831	0.30536610
38832	0.30513868
38833	0.30499166
38834	0.30493155
38835	0.30496147
38836	0.30508134
38837	0.30528799
38838	0.30557540
38839	0.30593508
38840	0.30635631
38841	0.30682635
38842	0.30733112
38843	0.30785534
38844	0.30838329
38845	0.30889899
38846	0.30938715
38847	0.30983332
38848	0.31022480
38849	0.31055093
38850	0.31080356
38851	0.31097740
38852	0.31107020
38853	0.31108272
38854	0.31101868
38855	0.31088439
38856	0.31068847
38857	0.31044117
38858	0.31015402
38859	0.30983919
38860	0.30950898
38861	0.30917534
38862	0.30884954
38863	0.30854189
38864	0.30826145
38865	0.30801594
38866	0.30781183
38867	0.30765426
38868	0.30754706
38869	0.30749300
38870	0.30749378
38871	0.30755013
38872	0.30766204
38873	0.30782878
38874	0.30804884
38875	0.30832025
38876	0.30864036
38877	0.30900609
38878	0.30941397
38879	0.30986002
38880	0.31034008
38881	0.31084973
38882	0.31138444
38883	0.31193978
38884	0.31251135
38885	0.31309500
38886	0.31368685
38887	0.31428334
38888	0.31488109
38889	0.31547695
38890	0.31606779
38891	0.31665039
38892	0.31722128
38893	0.31777644
38894	0.31831145
38895	0.31882119
38896	0.31929994
38897	0.31974131
38898	0.32013845
38899	0.32048419
38900	0.32077128
38901	0.32099250
38902	0.32114136
38903	0.32121208
38904	0.32120019
38905	0.32110274
38906	0.32091883
38907	0.32064974
38908	0.32029936
38909	0.31987414
38910	0.31938332
38911	0.31883892
38912	0.31825539
38913	0.31764928
38914	0.31703901
38915	0.31644404
38916	0.31588447
38917	0.31538028
38918	0.31495067
38919	0.31461361
38920	0.31438506
38921	0.31427875
38922	0.31430566
38923	0.31447390
38924	0.31478831
38925	0.31525052
38926	0.31585881
38927	0.31660810
38928	0.31749004
38929	0.31849298
38930	0.31960216
38931	0.32079995
38932	0.32206589
38933	0.32337707
38934	0.32470858
38935	0.32603377
38936	0.32732481
38937	0.32855332
38938	0.32969117
38939	0.33071110
38940	0.33158770
38941	0.33229831
38942	0.33282387
38943	0.33314985
38944	0.33326679
38945	0.33317110
38946	0.33286530
38947	0.33235806
38948	0.33166432
38949	0.33080462
38950	0.32980472
38951	0.32869500
38952	0.32750931
38953	0.32628432
38954	0.32505840
38955	0.32387090
38956	0.32276115
38957	0.32176775
38958	0.32092780
38959	0.32027647
38960	0.31984612
38961	0.31966609
38962	0.31976187
38963	0.32015482
38964	0.32086122
38965	0.32189190
38966	0.32325140
38967	0.32493722
38968	0.32693908
38969	0.32923850
38970	0.33180812
38971	0.33461204
38972	0.33760563
38973	0.34073660
38974	0.34394631
38975	0.34717152
38976	0.35034677
38977	0.35340664
38978	0.35628879
38979	0.35893610
38980	0.36129951
38981	0.36333916
38982	0.36502606
38983	0.36634260
38984	0.36728251
38985	0.36785057
38986	0.36806199
38987	0.36794105
38988	0.36752075
38989	0.36684129
38990	0.36595035
38991	0.36490205
38992	0.36375731
38993	0.36258417
38994	0.36145914
38995	0.36046803
38996	0.35970852
38997	0.35929194
38998	0.35934711
38999	0.36002427
39000	0.36150014
39001	0.36398464
39002	0.36772820
39003	0.37303260
39004	0.38026363
39005	0.38986811
39006	0.40239984
39007	0.41855702
39008	0.43923914
39009	0.46564722
39010	0.49945000
39011	0.54309124
39012	0.60037309
39013	0.67765480
39014	0.78656822
39015	0.95102489
39016	1.22923517
39017	1.80933571
39018	3.82537413
39019	NaN
39020	NaN
39021	NaN
39022	NaN
39023	NaN
39024	NaN
39025	NaN
39026	NaN
39027	NaN
39028	NaN
39029	NaN
39030	NaN
39031	NaN
39032	NaN
39033	NaN
39034	NaN
39035	NaN
39036	NaN
39037	NaN
39038	NaN
39039	NaN
39040	NaN
39041	NaN
39042	NaN
39043	NaN
39044	NaN
39045	NaN
39046	NaN
39047	NaN
39048	NaN
39049	NaN
39050	NaN
39051	NaN
39052	NaN
39053	NaN
39054	NaN
39055	NaN
39056	NaN
39057	NaN
39058	NaN
39059	NaN
39060	NaN
39061	NaN
39062	NaN
39063	NaN
39064	NaN
39065	NaN
39066	NaN
39067	NaN
39068	NaN
39069	NaN
39070	NaN
39071	NaN
39072	NaN
39073	NaN
39074	NaN
39075	NaN
39076	NaN
39077	NaN
39078	NaN
39079	NaN
39080	NaN
39081	NaN
39082	NaN
39083	NaN
39084	NaN
39085	NaN
39086	NaN
39087	NaN
39088	NaN
39089	NaN
39090	NaN
39091	NaN
39092	NaN
39093	NaN
39094	NaN
39095	NaN
39096	NaN
39097	NaN
39098	NaN
39099	NaN
39100	NaN
39101	NaN
39102	NaN
39103	0.65926999
39104	0.43789288
39105	0.36135891
39106	0.32197356
39107	0.29774034
39108	0.28124902
39109	0.26929533
39110	0.26026186
39111	0.25323975
39112	0.24767545
39113	0.24321057
39114	0.23960102
39115	0.23667325
39116	0.23429970
39117	0.23238359
39118	0.23084989
39119	0.22963879
39120	0.22870182
39121	0.22799918
39122	0.22749755
39123	0.22716875
39124	0.22698848
39125	0.22693558
39126	0.22699140
39127	0.22713913
39128	0.22736345
39129	0.22765015
39130	0.22798587
39131	0.22835776
39132	0.22875354
39133	0.22916125
39134	0.22956935
39135	0.22996670
39136	0.23034276
39137	0.23068759
39138	0.23099209
39139	0.23124824
39140	0.23144913
39141	0.23158926
39142	0.23166469
39143	0.23167321
39144	0.23161443
39145	0.23148988
39146	0.23130302
39147	0.23105930
39148	0.23076592
39149	0.23043184
39150	0.23006751
39151	0.22968465
39152	0.22929591
39153	0.22891445
39154	0.22855373
39155	0.22822686
39156	0.22794624
39157	0.22772342
39158	0.22756845
39159	0.22748986
39160	0.22749415
39161	0.22758593
39162	0.22776748
39163	0.22803888
39164	0.22839782
39165	0.22883962
39166	0.22935714
39167	0.22994100
39168	0.23057944
39169	0.23125862
39170	0.23196286
39171	0.23267496
39172	0.23337665
39173	0.23404920
39174	0.23467410
39175	0.23523366
39176	0.23571190
39177	0.23609519
39178	0.23637281
39179	0.23653746
39180	0.23658553
39181	0.23651712
39182	0.23633616
39183	0.23604982
39184	0.23566818
39185	0.23520374
39186	0.23467065
39187	0.23408417
39188	0.23346010
39189	0.23281412
39190	0.23216143
39191	0.23151636
39192	0.23089208
39193	0.23030040
39194	0.22975169
39195	0.22925481
39196	0.22881703
39197	0.22844414
39198	0.22814052
39199	0.22790906
39200	0.22775139
39201	0.22766784
39202	0.22765765
39203	0.22771880
39204	0.22784831
39205	0.22804214
39206	0.22829531
39207	0.22860198
39208	0.22895545
39209	0.22934835
39210	0.22977263
39211	0.23021978
39212	0.23068093
39213	0.23114702
39214	0.23160890
39215	0.23205762
39216	0.23248450
39217	0.23288140
39218	0.23324078
39219	0.23355582
39220	0.23382071
39221	0.23403044
39222	0.23418126
39223	0.23427033
39224	0.23429602
39225	0.23425792
39226	0.23415680
39227	0.23399469
39228	0.23377489
39229	0.23350199
39230	0.23318176
39231	0.23282126
39232	0.23242854
39233	0.23201261
39234	0.23158339
39235	0.23115110
39236	0.23072650
39237	0.23032014
39238	0.22994228
39239	0.22960258
39240	0.22930969
39241	0.22907121
39242	0.22889327
39243	0.22878058
39244	0.22873633
39245	0.22876216
39246	0.22885837
39247	0.22902386
39248	0.22925630
39249	0.22955239
39250	0.22990787
39251	0.23031776
39252	0.23077625
39253	0.23127706
39254	0.23181337
39255	0.23237777
39256	0.23296249
39257	0.23355934
39258	0.23415978
39259	0.23475495
39260	0.23533577
39261	0.23589318
39262	0.23641808
39263	0.23690164
39264	0.23733544
39265	0.23771171
39266	0.23802356
39267	0.23826513
39268	0.23843195
39269	0.23852101
39270	0.23853099
39271	0.23846231
39272	0.23831713
39273	0.23809943
39274	0.23781474
39275	0.23747008
39276	0.23707382
39277	0.23663534
39278	0.23616479
39279	0.23567301
39280	0.23517108
39281	0.23467037
39282	0.23418225
39283	0.23371798
39284	0.23328860
39285	0.23290496
39286	0.23257738
39287	0.23231576
39288	0.23212937
39289	0.23202677
39290	0.23201565
39291	0.23210257
39292	0.23229289
39293	0.23259042
39294	0.23299715
39295	0.23351310
39296	0.23413588
39297	0.23486061
39298	0.23567948
39299	0.23658176
39300	0.23755382
39301	0.23857912
39302	0.23963860
39303	0.24071129
39304	0.24177471
39305	0.24280646
39306	0.24378479
39307	0.24468963
39308	0.24550416
39309	0.24621521
39310	0.24681434
39311	0.24729799
39312	0.24766739
39313	0.24792849
39314	0.24809165
39315	0.24817041
39316	0.24818148
39317	0.24814366
39318	0.24807771
39319	0.24800584
39320	0.24795215
39321	0.24794243
39322	0.24800538
39323	0.24817272
39324	0.24848148
39325	0.24897456
39326	0.24970335
39327	0.25073010
39328	0.25213030
39329	0.25399667
39330	0.25644344
39331	0.25961077
39332	0.26367134
39333	0.26883927
39334	0.27538216
39335	0.28363800
39336	0.29404232
39337	0.30717781
39338	0.32385647
39339	0.34527737
39340	0.37333810
39341	0.41129145
39342	0.46528050
39343	0.54850745
39344	0.69531786
39345	1.03116322
39346	2.66041827
39347	NaN
39348	NaN
39349	NaN
39350	NaN
39351	NaN
39352	NaN
39353	NaN
39354	NaN
39355	NaN
39356	NaN
39357	NaN
39358	NaN
39359	NaN
39360	NaN
39361	NaN
39362	NaN
39363	NaN
39364	NaN
39365	NaN
39366	NaN
39367	NaN
39368	NaN
39369	NaN
39370	NaN
39371	NaN
39372	NaN
39373	NaN
39374	NaN
39375	NaN
39376	NaN
39377	NaN
39378	NaN
39379	NaN
39380	NaN
39381	NaN
39382	NaN
39383	NaN
39384	NaN
39385	NaN
39386	NaN
39387	NaN
39388	NaN
39389	NaN
39390	NaN
39391	NaN
39392	NaN
39393	NaN
39394	NaN
39395	NaN
39396	NaN
39397	NaN
39398	NaN
39399	NaN
39400	NaN
39401	NaN
39402	NaN
39403	NaN
39404	NaN
39405	NaN
39406	NaN
39407	NaN
39408	NaN
39409	NaN
39410	NaN
39411	NaN
39412	NaN
39413	NaN
39414	NaN
39415	NaN
39416	NaN
39417	NaN
39418	NaN
39419	NaN
39420	NaN
39421	NaN
39422	NaN
39423	NaN
39424	NaN
39425	NaN
39426	NaN
39427	NaN
39428	NaN
39429	NaN
39430	NaN
39431	3.77045298
39432	0.70217264
39433	0.49814200
39434	0.42382964
39435	0.38531879
39436	0.36174676
39437	0.34583667
39438	0.33438542
39439	0.32576275
39440	0.31905046
39441	0.31369174
39442	0.30932909
39443	0.30572197
39444	0.30270275
39445	0.30015093
39446	0.29797757
39447	0.29611576
39448	0.29451427
39449	0.29313335
39450	0.29194188
39451	0.29091528
39452	0.29003435
39453	0.28928399
39454	0.28865248
39455	0.28813085
39456	0.28771245
39457	0.28739244
39458	0.28716743
39459	0.28703493
39460	0.28699324
39461	0.28704062
39462	0.28717527
39463	0.28739446
39464	0.28769445
39465	0.28806970
39466	0.28851262
39467	0.28901330
39468	0.28955916
39469	0.29013506
39470	0.29072341
39471	0.29130471
39472	0.29185814
39473	0.29236254
39474	0.29279754
39475	0.29314473
39476	0.29338893
39477	0.29351929
39478	0.29353014
39479	0.29342145
39480	0.29319891
39481	0.29287365
39482	0.29246140
39483	0.29198155
39484	0.29145586
39485	0.29090729
39486	0.29035866
39487	0.28983164
39488	0.28934583
39489	0.28891814
39490	0.28856233
39491	0.28828865
39492	0.28810400
39493	0.28801179
39494	0.28801218
39495	0.28810239
39496	0.28827682
39497	0.28852752
39498	0.28884444
39499	0.28921577
39500	0.28962833
39501	0.29006788
39502	0.29051962
39503	0.29096854
39504	0.29139999
39505	0.29179993
39506	0.29215571
39507	0.29245627
39508	0.29269266
39509	0.29285827
39510	0.29294917
39511	0.29296419
39512	0.29290470
39513	0.29277474
39514	0.29258052
39515	0.29233018
39516	0.29203326
39517	0.29170048
39518	0.29134315
39519	0.29097280
39520	0.29060078
39521	0.29023808
39522	0.28989506
39523	0.28958115
39524	0.28930491
39525	0.28907385
39526	0.28889439
39527	0.28877181
39528	0.28871036
39529	0.28871310
39530	0.28878191
39531	0.28891754
39532	0.28911957
39533	0.28938639
39534	0.28971511
39535	0.29010180
39536	0.29054162
39537	0.29102868
39538	0.29155657
39539	0.29211837
39540	0.29270694
39541	0.29331517
39542	0.29393610
39543	0.29456320
39544	0.29519042
39545	0.29581225
39546	0.29642379
39547	0.29702061
39548	0.29759878
39549	0.29815477
39550	0.29868531
39551	0.29918721
39552	0.29965752
39553	0.30009311
39554	0.30049109
39555	0.30084839
39556	0.30116212
39557	0.30142933
39558	0.30164731
39559	0.30181351
39560	0.30192575
39561	0.30198222
39562	0.30198184
39563	0.30192414
39564	0.30180973
39565	0.30164030
39566	0.30141896
39567	0.30115032
39568	0.30084068
39569	0.30049819
39570	0.30013266
39571	0.29975566
39572	0.29938018
39573	0.29902029
39574	0.29869071
39575	0.29840642
39576	0.29818216
39577	0.29803178
39578	0.29796797
39579	0.29800171
39580	0.29814211
39581	0.29839611
39582	0.29876825
39583	0.29926062
39584	0.29987279
39585	0.30060187
39586	0.30144238
39587	0.30238628
39588	0.30342323
39589	0.30454037
39590	0.30572253
39591	0.30695230
39592	0.30821022
39593	0.30947503
39594	0.31072381
39595	0.31193253
39596	0.31307659
39597	0.31413147
39598	0.31507337
39599	0.31588024
39600	0.31653267
39601	0.31701472
39602	0.31731477
39603	0.31742623
39604	0.31734797
39605	0.31708473
39606	0.31664690
39607	0.31605047
39608	0.31531653
39609	0.31447062
39610	0.31354192
39611	0.31256256
39612	0.31156665
39613	0.31058949
39614	0.30966669
39615	0.30883378
39616	0.30812514
39617	0.30757377
39618	0.30721059
39619	0.30706409
39620	0.30715978
39621	0.30751976
39622	0.30816206
39623	0.30910015
39624	0.31034216
39625	0.31189039
39626	0.31374025
39627	0.31587967
39628	0.31828862
39629	0.32093877
39630	0.32379311
39631	0.32680672
39632	0.32992741
39633	0.33309704
39634	0.33625361
39635	0.33933324
39636	0.34227297
39637	0.34501341
39638	0.34750104
39639	0.34969082
39640	0.35154757
39641	0.35304701
39642	0.35417643
39643	0.35493413
39644	0.35532930
39645	0.35538042
39646	0.35511443
39647	0.35456577
39648	0.35377520
39649	0.35278931
39650	0.35166019
39651	0.35044512
39652	0.34920818
39653	0.34802076
39654	0.34696364
39655	0.34612983
39656	0.34562820
39657	0.34558803
39658	0.34616610
39659	0.34755298
39660	0.34998441
39661	0.35375431
39662	0.35923064
39663	0.36687973
39664	0.37729707
39665	0.39125347
39666	0.40976515
39667	0.43420792
39668	0.46651533
39669	0.50953966
39670	0.56774759
39671	0.64870870
39672	0.76656497
39673	0.95148158
39674	1.28173542
39675	2.04375505
39676	5.79218960
39677	NaN
39678	NaN
39679	NaN
39680	NaN
39681	NaN
39682	NaN
39683	NaN
39684	NaN
39685	NaN
39686	NaN
39687	NaN
39688	NaN
39689	NaN
39690	NaN
39691	NaN
39692	NaN
39693	NaN
39694	NaN
39695	NaN
39696	NaN
39697	NaN
39698	NaN
39699	NaN
39700	NaN
39701	NaN
39702	NaN
39703	NaN
39704	NaN
39705	NaN
39706	NaN
39707	NaN
39708	NaN
39709	NaN
39710	NaN
39711	NaN
39712	NaN
39713	NaN
39714	NaN
39715	NaN
39716	NaN
39717	NaN
39718	NaN
39719	NaN
39720	NaN
39721	NaN
39722	NaN
39723	NaN
39724	NaN
39725	NaN
39726	NaN
39727	NaN
39728	NaN
39729	NaN
39730	NaN
39731	NaN
39732	NaN
39733	NaN
39734	NaN
39735	NaN
39736	NaN
39737	NaN
39738	NaN
39739	NaN
39740	NaN
39741	NaN
39742	NaN
39743	NaN
39744	NaN
39745	NaN
39746	NaN
39747	NaN
39748	NaN
39749	NaN
39750	NaN
39751	NaN
39752	NaN
39753	NaN
39754	NaN
39755	NaN
39756	NaN
39757	NaN
39758	NaN
39759	NaN
39760	NaN
39761	NaN
39762	NaN
39763	NaN
39764	NaN
39765	NaN
39766	0.60443848
39767	0.37109640
39768	0.29687986
39769	0.26048601
39770	0.23902856
39771	0.22504319
39772	0.21536037
39773	0.20839778
39774	0.20327260
39775	0.19945021
39776	0.19658598
39777	0.19444595
39778	0.19286504
39779	0.19172278
39780	0.19092900
39781	0.19041446
39782	0.19012523
39783	0.19001843
39784	0.19005956
39785	0.19022019
39786	0.19047686
39787	0.19080956
39788	0.19120100
39789	0.19163592
39790	0.19210050
39791	0.19258189
39792	0.19306807
39793	0.19354728
39794	0.19400816
39795	0.19443946
39796	0.19483016
39797	0.19516961
39798	0.19544744
39799	0.19565418
39800	0.19578123
39801	0.19582142
39802	0.19576938
39803	0.19562183
39804	0.19537795
39805	0.19503985
39806	0.19461261
39807	0.19410458
39808	0.19352713
39809	0.19289462
39810	0.19222395
39811	0.19153383
39812	0.19084421
39813	0.19017522
39814	0.18954645
39815	0.18897587
39816	0.18847914
39817	0.18806913
39818	0.18775532
39819	0.18754382
39820	0.18743737
39821	0.18743573
39822	0.18753581
39823	0.18773234
39824	0.18801819
39825	0.18838473
39826	0.18882237
39827	0.18932056
39828	0.18986817
39829	0.19045348
39830	0.19106430
39831	0.19168796
39832	0.19231135
39833	0.19292106
39834	0.19350348
39835	0.19404520
39836	0.19453314
39837	0.19495510
39838	0.19530021
39839	0.19555941
39840	0.19572604
39841	0.19579600
39842	0.19576828
39843	0.19564481
39844	0.19543059
39845	0.19513316
39846	0.19476241
39847	0.19432977
39848	0.19384775
39849	0.19332927
39850	0.19278696
39851	0.19223297
39852	0.19167829
39853	0.19113266
39854	0.19060454
39855	0.19010097
39856	0.18962787
39857	0.18919004
39858	0.18879142
39859	0.18843533
39860	0.18812460
39861	0.18786168
39862	0.18764879
39863	0.18748787
39864	0.18738066
39865	0.18732844
39866	0.18733211
39867	0.18739188
39868	0.18750714
39869	0.18767646
39870	0.18789725
39871	0.18816583
39872	0.18847738
39873	0.18882589
39874	0.18920437
39875	0.18960486
39876	0.19001871
39877	0.19043672
39878	0.19084939
39879	0.19124714
39880	0.19162071
39881	0.19196102
39882	0.19225974
39883	0.19250925
39884	0.19270287
39885	0.19283493
39886	0.19290091
39887	0.19289759
39888	0.19282314
39889	0.19267721
39890	0.19246118
39891	0.19217797
39892	0.19183236
39893	0.19143082
39894	0.19098160
39895	0.19049455
39896	0.18998088
39897	0.18945305
39898	0.18892424
39899	0.18840812
39900	0.18791835
39901	0.18746804
39902	0.18706934
39903	0.18673302
39904	0.18646799
39905	0.18628107
39906	0.18617685
39907	0.18615746
39908	0.18622275
39909	0.18637037
39910	0.18659592
39911	0.18689336
39912	0.18725520
39913	0.18767288
39914	0.18813713
39915	0.18863812
39916	0.18916583
39917	0.18971017
39918	0.19026107
39919	0.19080876
39920	0.19134369
39921	0.19185661
39922	0.19233869
39923	0.19278151
39924	0.19317715
39925	0.19351834
39926	0.19379847
39927	0.19401179
39928	0.19415359
39929	0.19422036
39930	0.19420992
39931	0.19412158
39932	0.19395627
39933	0.19371659
39934	0.19340672
39935	0.19303241
39936	0.19260088
39937	0.19212039
39938	0.19160019
39939	0.19105007
39940	0.19048004
39941	0.18990013
39942	0.18931992
39943	0.18874858
39944	0.18819453
39945	0.18766549
39946	0.18716846
39947	0.18670994
39948	0.18629585
39949	0.18593204
39950	0.18562406
39951	0.18537773
39952	0.18519886
39953	0.18509360
39954	0.18506829
39955	0.18512942
39956	0.18528332
39957	0.18553609
39958	0.18589295
39959	0.18635827
39960	0.18693458
39961	0.18762234
39962	0.18841924
39963	0.18932000
39964	0.19031551
39965	0.19139309
39966	0.19253613
39967	0.19372453
39968	0.19493522
39969	0.19614294
39970	0.19732122
39971	0.19844361
39972	0.19948450
39973	0.20042062
39974	0.20123135
39975	0.20189944
39976	0.20241129
39977	0.20275658
39978	0.20292856
39979	0.20292285
39980	0.20273747
39981	0.20237231
39982	0.20182852
39983	0.20110875
39984	0.20021677
39985	0.19915786
39986	0.19793974
39987	0.19657312
39988	0.19507337
39989	0.19346240
39990	0.19177119
39991	0.19004272
39992	0.18833657
39993	0.18673298
39994	0.18533930
39995	0.18429644
39996	0.18378411
39997	0.18402854
39998	0.18530768
39999	0.18795308
40000	0.19235125
40001	0.19894257
40002	0.20822693
40003	0.22077972
40004	0.23729907
40005	0.25872001
40006	0.28644216
40007	0.32280988
40008	0.37216666
40009	0.44346434
40010	0.55810773
40011	0.78163904
40012	1.45213974
40013	NaN
40014	NaN
40015	NaN
40016	NaN
40017	NaN
40018	NaN
40019	NaN
40020	NaN
40021	NaN
40022	NaN
40023	NaN
40024	NaN
40025	NaN
40026	NaN
40027	NaN
40028	NaN
40029	NaN
40030	NaN
40031	NaN
40032	NaN
40033	NaN
40034	NaN
40035	NaN
40036	NaN
40037	NaN
40038	NaN
40039	NaN
40040	NaN
40041	NaN
40042	NaN
40043	NaN
40044	NaN
40045	NaN
40046	NaN
40047	NaN
40048	NaN
40049	NaN
40050	NaN
40051	NaN
40052	NaN
40053	NaN
40054	NaN
40055	NaN
40056	NaN
40057	NaN
40058	NaN
40059	NaN
40060	NaN
40061	NaN
40062	NaN
40063	NaN
40064	NaN
40065	NaN
40066	NaN
40067	NaN
40068	NaN
40069	NaN
40070	NaN
40071	NaN
40072	NaN
40073	NaN
40074	NaN
40075	NaN
40076	NaN
40077	NaN
40078	NaN
40079	NaN
40080	NaN
40081	NaN
40082	NaN
40083	NaN
40084	NaN
40085	NaN
40086	NaN
40087	NaN
40088	NaN
40089	NaN
40090	NaN
40091	NaN
40092	NaN
40093	NaN
40094	NaN
40095	NaN
40096	NaN
40097	NaN
40098	1.10306120
40099	0.47764876
40100	0.36751187
40101	0.32117257
40102	0.29543054
40103	0.27894980
40104	0.26745340
40105	0.25896773
40106	0.25245532
40107	0.24731714
40108	0.24318230
40109	0.23980777
40110	0.23702709
40111	0.23472150
40112	0.23280355
40113	0.23120713
40114	0.22988099
40115	0.22878461
40116	0.22788556
40117	0.22715759
40118	0.22657917
40119	0.22613266
40120	0.22580360
40121	0.22558002
40122	0.22545220
40123	0.22541204
40124	0.22545291
40125	0.22556926
40126	0.22575633
40127	0.22600986
40128	0.22632580
40129	0.22669984
40130	0.22712751
40131	0.22760333
40132	0.22812088
40133	0.22867237
40134	0.22924857
40135	0.22983855
40136	0.23042998
40137	0.23100914
40138	0.23156144
40139	0.23207188
40140	0.23252577
40141	0.23290965
40142	0.23321182
40143	0.23342346
40144	0.23353900
40145	0.23355681
40146	0.23347920
40147	0.23331240
40148	0.23306626
40149	0.23275346
40150	0.23238896
40151	0.23198891
40152	0.23156981
40153	0.23114780
40154	0.23073786
40155	0.23035337
40156	0.23000564
40157	0.22970387
40158	0.22945508
40159	0.22926418
40160	0.22913414
40161	0.22906621
40162	0.22906011
40163	0.22911431
40164	0.22922610
40165	0.22939190
40166	0.22960725
40167	0.22986688
40168	0.23016477
40169	0.23049437
40170	0.23084842
40171	0.23121925
40172	0.23159876
40173	0.23197886
40174	0.23235132
40175	0.23270836
40176	0.23304288
40177	0.23334846
40178	0.23361985
40179	0.23385313
40180	0.23404564
40181	0.23419617
40182	0.23430485
40183	0.23437309
40184	0.23440336
40185	0.23439908
40186	0.23436436
40187	0.23430389
40188	0.23422265
40189	0.23412588
40190	0.23401900
40191	0.23390743
40192	0.23379666
40193	0.23369221
40194	0.23359965
40195	0.23352456
40196	0.23347256
40197	0.23344918
40198	0.23345979
40199	0.23350960
40200	0.23360325
40201	0.23374481
40202	0.23393740
40203	0.23418306
40204	0.23448260
40205	0.23483530
40206	0.23523897
40207	0.23568995
40208	0.23618315
40209	0.23671229
40210	0.23727003
40211	0.23784839
40212	0.23843889
40213	0.23903285
40214	0.23962179
40215	0.24019736
40216	0.24075168
40217	0.24127740
40218	0.24176778
40219	0.24221671
40220	0.24261868
40221	0.24296890
40222	0.24326319
40223	0.24349803
40224	0.24367063
40225	0.24377885
40226	0.24382155
40227	0.24379839
40228	0.24371015
40229	0.24355890
40230	0.24334803
40231	0.24308242
40232	0.24276854
40233	0.24241447
40234	0.24202992
40235	0.24162596
40236	0.24121492
40237	0.24081011
40238	0.24042541
40239	0.24007480
40240	0.23977204
40241	0.23953018
40242	0.23936118
40243	0.23927553
40244	0.23928200
40245	0.23938745
40246	0.23959678
40247	0.23991267
40248	0.24033591
40249	0.24086526
40250	0.24149756
40251	0.24222785
40252	0.24304949
40253	0.24395421
40254	0.24493217
40255	0.24597207
40256	0.24706109
40257	0.24818501
40258	0.24932837
40259	0.25047439
40260	0.25160524
40261	0.25270221
40262	0.25374615
40263	0.25471774
40264	0.25559798
40265	0.25636879
40266	0.25701374
40267	0.25751853
40268	0.25787178
40269	0.25806567
40270	0.25809637
40271	0.25796443
40272	0.25767508
40273	0.25723815
40274	0.25666788
40275	0.25598273
40276	0.25520441
40277	0.25435787
40278	0.25347015
40279	0.25256985
40280	0.25168645
40281	0.25084978
40282	0.25008935
40283	0.24943419
40284	0.24891210
40285	0.24854964
40286	0.24837175
40287	0.24840149
40288	0.24865970
40289	0.24916466
40290	0.24993150
40291	0.25097182
40292	0.25229293
40293	0.25389719
40294	0.25578126
40295	0.25793529
40296	0.26034233
40297	0.26297823
40298	0.26581132
40299	0.26880273
40300	0.27190742
40301	0.27507550
40302	0.27825391
40303	0.28138861
40304	0.28442693
40305	0.28731969
40306	0.29002321
40307	0.29250109
40308	0.29472509
40309	0.29667559
40310	0.29834193
40311	0.29972124
40312	0.30081865
40313	0.30164534
40314	0.30221814
40315	0.30255869
40316	0.30269259
40317	0.30264992
40318	0.30246490
40319	0.30217686
40320	0.30183205
40321	0.30148610
40322	0.30120751
40323	0.30108213
40324	0.30121872
40325	0.30175835
40326	0.30288470
40327	0.30483758
40328	0.30793259
40329	0.31258610
40330	0.31935132
40331	0.32897168
40332	0.34246311
40333	0.36125612
40334	0.38744676
40335	0.42429575
40336	0.47729024
40337	0.55666155
40338	0.68435335
40339	0.91822809
40340	1.47788227
40341	4.62568998
40342	NaN
40343	NaN
40344	NaN
40345	NaN
40346	NaN
40347	NaN
40348	NaN
40349	NaN
40350	NaN
40351	NaN
40352	NaN
40353	NaN
40354	NaN
40355	NaN
40356	NaN
40357	NaN
40358	NaN
40359	NaN
40360	NaN
40361	NaN
40362	NaN
40363	NaN
40364	NaN
40365	NaN
40366	NaN
40367	NaN
40368	NaN
40369	NaN
40370	NaN
40371	NaN
40372	NaN
40373	NaN
40374	NaN
40375	NaN
40376	NaN
40377	NaN
40378	NaN
40379	NaN
40380	NaN
40381	NaN
40382	NaN
40383	NaN
40384	NaN
40385	NaN
40386	NaN
40387	NaN
40388	NaN
40389	NaN
40390	NaN
40391	NaN
40392	NaN
40393	NaN
40394	NaN
40395	NaN
40396	NaN
40397	NaN
40398	NaN
40399	NaN
40400	NaN
40401	NaN
40402	NaN
40403	NaN
40404	NaN
40405	NaN
40406	NaN
40407	NaN
40408	NaN
40409	NaN
40410	NaN
40411	NaN
40412	NaN
40413	NaN
40414	NaN
40415	NaN
40416	NaN
40417	NaN
40418	NaN
40419	NaN
40420	NaN
40421	0.93699038
40422	0.28087103
40423	0.24294421
40424	0.22830470
40425	0.22006534
40426	0.21453954
40427	0.21045063
40428	0.20723757
40429	0.20461424
40430	0.20241846
40431	0.20055023
40432	0.19894418
40433	0.19755512
40434	0.19635044
40435	0.19530538
40436	0.19440059
40437	0.19362025
40438	0.19295117
40439	0.19238178
40440	0.19190195
40441	0.19150227
40442	0.19117408
40443	0.19090918
40444	0.19069971
40445	0.19053809
40446	0.19041696
40447	0.19032899
40448	0.19026719
40449	0.19022468
40450	0.19019482
40451	0.19017124
40452	0.19014812
40453	0.19012010
40454	0.19008259
40455	0.19003180
40456	0.18996494
40457	0.18988030
40458	0.18977734
40459	0.18965679
40460	0.18952066
40461	0.18937218
40462	0.18921579
40463	0.18905695
40464	0.18890193
40465	0.18875760
40466	0.18863119
40467	0.18852989
40468	0.18846060
40469	0.18842962
40470	0.18844241
40471	0.18850332
40472	0.18861540
40473	0.18878028
40474	0.18899803
40475	0.18926732
40476	0.18958519
40477	0.18994746
40478	0.19034882
40479	0.19078308
40480	0.19124331
40481	0.19172218
40482	0.19221200
40483	0.19270509
40484	0.19319367
40485	0.19367008
40486	0.19412673
40487	0.19455621
40488	0.19495134
40489	0.19530533
40490	0.19561176
40491	0.19586499
40492	0.19606028
40493	0.19619411
40494	0.19626442
40495	0.19627082
40496	0.19621481
40497	0.19609973
40498	0.19593062
40499	0.19571429
40500	0.19545878
40501	0.19517305
40502	0.19486664
40503	0.19454910
40504	0.19422972
40505	0.19391707
40506	0.19361869
40507	0.19334100
40508	0.19308908
40509	0.19286671
40510	0.19267623
40511	0.19251879
40512	0.19239436
40513	0.19230215
40514	0.19224042
40515	0.19220704
40516	0.19219956
40517	0.19221534
40518	0.19225194
40519	0.19230711
40520	0.19237894
40521	0.19246596
40522	0.19256707
40523	0.19268163
40524	0.19280925
40525	0.19294977
40526	0.19310306
40527	0.19326890
40528	0.19344682
40529	0.19363613
40530	0.19383571
40531	0.19404393
40532	0.19425890
40533	0.19447826
40534	0.19469930
40535	0.19491914
40536	0.19513470
40537	0.19534284
40538	0.19554046
40539	0.19572447
40540	0.19589208
40541	0.19604068
40542	0.19616796
40543	0.19627200
40544	0.19635139
40545	0.19640517
40546	0.19643311
40547	0.19643560
40548	0.19641384
40549	0.19636977
40550	0.19630614
40551	0.19622643
40552	0.19613476
40553	0.19603574
40554	0.19593439
40555	0.19583569
40556	0.19574477
40557	0.19566634
40558	0.19560464
40559	0.19556329
40560	0.19554509
40561	0.19555210
40562	0.19558538
40563	0.19564532
40564	0.19573140
40565	0.19584252
40566	0.19597702
40567	0.19613288
40568	0.19630787
40569	0.19649960
40570	0.19670573
40571	0.19692409
40572	0.19715267
40573	0.19738971
40574	0.19763362
40575	0.19788302
40576	0.19813672
40577	0.19839348
40578	0.19865210
40579	0.19891123
40580	0.19916932
40581	0.19942443
40582	0.19967434
40583	0.19991629
40584	0.20014712
40585	0.20036337
40586	0.20056106
40587	0.20073606
40588	0.20088416
40589	0.20100115
40590	0.20108317
40591	0.20112672
40592	0.20112914
40593	0.20108852
40594	0.20100397
40595	0.20087570
40596	0.20070508
40597	0.20049465
40598	0.20024800
40599	0.19996975
40600	0.19966546
40601	0.19934154
40602	0.19900511
40603	0.19866402
40604	0.19832675
40605	0.19800226
40606	0.19770004
40607	0.19742997
40608	0.19720231
40609	0.19702742
40610	0.19691567
40611	0.19687723
40612	0.19692171
40613	0.19705789
40614	0.19729337
40615	0.19763407
40616	0.19808391
40617	0.19864440
40618	0.19931409
40619	0.20008835
40620	0.20095903
40621	0.20191458
40622	0.20293984
40623	0.20401624
40624	0.20512266
40625	0.20623583
40626	0.20733097
40627	0.20838305
40628	0.20936736
40629	0.21026036
40630	0.21104033
40631	0.21168783
40632	0.21218592
40633	0.21252023
40634	0.21267860
40635	0.21265112
40636	0.21242954
40637	0.21200714
40638	0.21137850
40639	0.21053904
40640	0.20948559
40641	0.20821710
40642	0.20673499
40643	0.20504473
40644	0.20315784
40645	0.20109411
40646	0.19888496
40647	0.19657700
40648	0.19423632
40649	0.19195388
40650	0.18985038
40651	0.18808287
40652	0.18684871
40653	0.18639207
40654	0.18700841
40655	0.18905073
40656	0.19294181
40657	0.19919206
40658	0.20843895
40659	0.22152947
40660	0.23967572
40661	0.26478246
40662	0.30014402
40663	0.35213569
40664	0.43499190
40665	0.58815014
40666	0.97514093
40667	NaN
40668	NaN
40669	NaN
40670	NaN
40671	NaN
40672	NaN
40673	NaN
40674	NaN
40675	NaN
40676	NaN
40677	NaN
40678	NaN
40679	NaN
40680	NaN
40681	NaN
40682	NaN
40683	NaN
40684	NaN
40685	NaN
40686	NaN
40687	NaN
40688	NaN
40689	NaN
40690	NaN
40691	NaN
40692	NaN
40693	NaN
40694	NaN
40695	NaN
40696	NaN
40697	NaN
40698	NaN
40699	NaN
40700	NaN
40701	NaN
40702	NaN
40703	NaN
40704	NaN
40705	NaN
40706	NaN
40707	NaN
40708	NaN
40709	NaN
40710	NaN
40711	NaN
40712	NaN
40713	NaN
40714	NaN
40715	NaN
40716	NaN
40717	NaN
40718	NaN
40719	NaN
40720	NaN
40721	NaN
40722	NaN
40723	NaN
40724	NaN
40725	NaN
40726	NaN
40727	NaN
40728	NaN
40729	NaN
40730	NaN
40731	NaN
40732	NaN
40733	NaN
40734	NaN
40735	NaN
40736	NaN
40737	NaN
40738	NaN
40739	NaN
40740	NaN
40741	NaN
40742	NaN
40743	NaN
40744	NaN
40745	NaN
40746	NaN
40747	NaN
40748	NaN
40749	NaN
40750	NaN
40751	NaN
40752	NaN
40753	1.00148499
40754	0.55340159
40755	0.43737054
40756	0.38412413
40757	0.35362253
40758	0.33392712
40759	0.32022586
40760	0.31020439
40761	0.30261043
40762	0.29670611
40763	0.29202777
40764	0.28826863
40765	0.28521681
40766	0.28272116
40767	0.28067043
40768	0.27898091
40769	0.27758837
40770	0.27644253
40771	0.27550405
40772	0.27474162
40773	0.27413037
40774	0.27365071
40775	0.27328721
40776	0.27302778
40777	0.27286339
40778	0.27278706
40779	0.27279377
40780	0.27287972
40781	0.27304196
40782	0.27327797
40783	0.27358502
40784	0.27395985
40785	0.27439797
40786	0.27489337
40787	0.27543795
40788	0.27602133
40789	0.27663046
40790	0.27724975
40791	0.27786136
40792	0.27844542
40793	0.27898112
40794	0.27944744
40795	0.27982444
40796	0.28009456
40797	0.28024393
40798	0.28026339
40799	0.28014949
40800	0.27990487
40801	0.27953836
40802	0.27906448
40803	0.27850264
40804	0.27787602
40805	0.27721009
40806	0.27653137
40807	0.27586591
40808	0.27523831
40809	0.27467069
40810	0.27418196
40811	0.27378750
40812	0.27349898
40813	0.27332416
40814	0.27326721
40815	0.27332878
40816	0.27350634
40817	0.27379435
40818	0.27418464
40819	0.27466667
40820	0.27522767
40821	0.27585295
40822	0.27652627
40823	0.27723008
40824	0.27794591
40825	0.27865475
40826	0.27933788
40827	0.27997720
40828	0.28055608
40829	0.28105989
40830	0.28147668
40831	0.28179771
40832	0.28201762
40833	0.28213474
40834	0.28215083
40835	0.28207096
40836	0.28190315
40837	0.28165764
40838	0.28134656
40839	0.28098321
40840	0.28058159
40841	0.28015572
40842	0.27971953
40843	0.27928635
40844	0.27886871
40845	0.27847815
40846	0.27812523
40847	0.27781942
40848	0.27756906
40849	0.27738139
40850	0.27726242
40851	0.27721712
40852	0.27724907
40853	0.27736065
40854	0.27755290
40855	0.27782544
40856	0.27817646
40857	0.27860269
40858	0.27909952
40859	0.27966097
40860	0.28027999
40861	0.28094849
40862	0.28165761
40863	0.28239793
40864	0.28315988
40865	0.28393373
40866	0.28470999
40867	0.28547946
40868	0.28623345
40869	0.28696382
40870	0.28766298
40871	0.28832394
40872	0.28894025
40873	0.28950593
40874	0.29001537
40875	0.29046351
40876	0.29084560
40877	0.29115736
40878	0.29139501
40879	0.29155540
40880	0.29163614
40881	0.29163581
40882	0.29155415
40883	0.29139233
40884	0.29115310
40885	0.29084104
40886	0.29046276
40887	0.29002690
40888	0.28954428
40889	0.28902769
40890	0.28849176
40891	0.28795266
40892	0.28742775
40893	0.28693494
40894	0.28649226
40895	0.28611720
40896	0.28582630
40897	0.28563437
40898	0.28555432
40899	0.28559670
40900	0.28576955
40901	0.28607798
40902	0.28652453
40903	0.28710875
40904	0.28782734
40905	0.28867432
40906	0.28964093
40907	0.29071581
40908	0.29188508
40909	0.29313239
40910	0.29443902
40911	0.29578412
40912	0.29714498
40913	0.29849714
40914	0.29981479
40915	0.30107135
40916	0.30224004
40917	0.30329451
40918	0.30420977
40919	0.30496290
40920	0.30553445
40921	0.30590886
40922	0.30607575
40923	0.30603039
40924	0.30577436
40925	0.30531543
40926	0.30466795
40927	0.30385205
40928	0.30289322
40929	0.30182147
40930	0.30067015
40931	0.29947519
40932	0.29827398
40933	0.29710421
40934	0.29600316
40935	0.29500690
40936	0.29414961
40937	0.29346317
40938	0.29297638
40939	0.29271513
40940	0.29270163
40941	0.29295412
40942	0.29348660
40943	0.29430819
40944	0.29542258
40945	0.29682750
40946	0.29851374
40947	0.30046493
40948	0.30265671
40949	0.30505648
40950	0.30762365
40951	0.31031024
40952	0.31306189
40953	0.31581959
40954	0.31852207
40955	0.32110849
40956	0.32352123
40957	0.32570869
40958	0.32762808
40959	0.32924706
40960	0.33054528
40961	0.33151495
40962	0.33216032
40963	0.33249718
40964	0.33255157
40965	0.33235809
40966	0.33195871
40967	0.33140105
40968	0.33073780
40969	0.33002582
40970	0.32932606
40971	0.32870406
40972	0.32823107
40973	0.32798517
40974	0.32805371
40975	0.32853636
40976	0.32954848
40977	0.33122548
40978	0.33372718
40979	0.33724439
40980	0.34200487
40981	0.34828049
40982	0.35639459
40983	0.36673138
40984	0.37974516
40985	0.39597696
40986	0.41607547
40987	0.44084564
40988	0.47132832
40989	0.50895816
40990	0.55586404
40991	0.61545545
40992	0.69363511
40993	0.80157268
40994	0.96296126
40995	1.23759842
40996	1.82992530
40997	4.18046808
40998	NaN
40999	NaN
41000	NaN
41001	NaN
41002	NaN
41003	NaN
41004	NaN
41005	NaN
41006	NaN
41007	NaN
41008	NaN
41009	NaN
41010	NaN
41011	NaN
41012	NaN
41013	NaN
41014	NaN
41015	NaN
41016	NaN
41017	NaN
41018	NaN
41019	NaN
41020	NaN
41021	NaN
41022	NaN
41023	NaN
41024	NaN
41025	NaN
41026	NaN
41027	NaN
41028	NaN
41029	NaN
41030	NaN
41031	NaN
41032	NaN
41033	NaN
41034	NaN
41035	NaN
41036	NaN
41037	NaN
41038	NaN
41039	NaN
41040	NaN
41041	NaN
41042	NaN
41043	NaN
41044	NaN
41045	NaN
41046	NaN
41047	NaN
41048	NaN
41049	NaN
41050	NaN
41051	NaN
41052	NaN
41053	NaN
41054	NaN
41055	NaN
41056	NaN
41057	NaN
41058	NaN
41059	NaN
41060	NaN
41061	NaN
41062	NaN
41063	NaN
41064	NaN
41065	NaN
41066	NaN
41067	NaN
41068	NaN
41069	NaN
41070	NaN
41071	NaN
41072	NaN
41073	NaN
41074	NaN
41075	NaN
41076	NaN
41077	NaN
41078	NaN
41079	NaN
41080	NaN
41081	0.54685694
41082	0.34649059
41083	0.29117772
41084	0.26494235
41085	0.24949081
41086	0.23925324
41087	0.23195718
41088	0.22649923
41089	0.22227812
41090	0.21893659
41091	0.21624842
41092	0.21406257
41093	0.21227401
41094	0.21080700
41095	0.20960510
41096	0.20862517
41097	0.20783336
41098	0.20720233
41099	0.20670970
41100	0.20633644
41101	0.20606606
41102	0.20588391
41103	0.20577669
41104	0.20573196
41105	0.20573798
41106	0.20578346
41107	0.20585746
41108	0.20594932
41109	0.20604867
41110	0.20614542
41111	0.20622997
41112	0.20629324
41113	0.20632693
41114	0.20632377
41115	0.20627768
41116	0.20618404
41117	0.20603995
41118	0.20584451
41119	0.20559876
41120	0.20530587
41121	0.20497121
41122	0.20460217
41123	0.20420785
41124	0.20379902
41125	0.20338735
41126	0.20298529
41127	0.20260531
41128	0.20225951
41129	0.20195903
41130	0.20171362
41131	0.20153141
41132	0.20141852
41133	0.20137902
41134	0.20141491
41135	0.20152627
41136	0.20171137
41137	0.20196691
41138	0.20228824
41139	0.20266950
41140	0.20310391
41141	0.20358370
41142	0.20410027
41143	0.20464426
41144	0.20520546
41145	0.20577295
41146	0.20633514
41147	0.20687982
41148	0.20739457
41149	0.20786679
41150	0.20828429
41151	0.20863572
41152	0.20891103
41153	0.20910192
41154	0.20920242
41155	0.20920922
41156	0.20912188
41157	0.20894299
41158	0.20867807
41159	0.20833525
41160	0.20792498
41161	0.20745932
41162	0.20695165
41163	0.20641570
41164	0.20586526
41165	0.20531356
41166	0.20477283
41167	0.20425409
41168	0.20376691
41169	0.20331936
41170	0.20291792
41171	0.20256759
41172	0.20227207
41173	0.20203361
41174	0.20185339
41175	0.20173159
41176	0.20166738
41177	0.20165914
41178	0.20170456
41179	0.20180057
41180	0.20194355
41181	0.20212923
41182	0.20235297
41183	0.20260952
41184	0.20289333
41185	0.20319851
41186	0.20351891
41187	0.20384830
41188	0.20418036
41189	0.20450883
41190	0.20482768
41191	0.20513114
41192	0.20541380
41193	0.20567077
41194	0.20589773
41195	0.20609102
41196	0.20624751
41197	0.20636494
41198	0.20644166
41199	0.20647678
41200	0.20647010
41201	0.20642221
41202	0.20633440
41203	0.20620865
41204	0.20604767
41205	0.20585492
41206	0.20563458
41207	0.20539145
41208	0.20513095
41209	0.20485906
41210	0.20458211
41211	0.20430671
41212	0.20403945
41213	0.20378685
41214	0.20355497
41215	0.20334931
41216	0.20317450
41217	0.20303425
41218	0.20293108
41219	0.20286632
41220	0.20284016
41221	0.20285158
41222	0.20289847
41223	0.20297799
41224	0.20308642
41225	0.20321971
41226	0.20337357
41227	0.20354363
41228	0.20372558
41229	0.20391545
41230	0.20410950
41231	0.20430450
41232	0.20449749
41233	0.20468602
41234	0.20486790
41235	0.20504135
41236	0.20520484
41237	0.20535713
41238	0.20549728
41239	0.20562449
41240	0.20573829
41241	0.20583835
41242	0.20592466
41243	0.20599741
41244	0.20605695
41245	0.20610383
41246	0.20613880
41247	0.20616263
41248	0.20617607
41249	0.20617984
41250	0.20617464
41251	0.20616090
41252	0.20613888
41253	0.20610867
41254	0.20607010
41255	0.20602289
41256	0.20596661
41257	0.20590076
41258	0.20582494
41259	0.20573886
41260	0.20564257
41261	0.20553643
41262	0.20542140
41263	0.20529903
41264	0.20517153
41265	0.20504183
41266	0.20491362
41267	0.20479132
41268	0.20467994
41269	0.20458494
41270	0.20451234
41271	0.20446828
41272	0.20445900
41273	0.20449066
41274	0.20456909
41275	0.20469977
41276	0.20488739
41277	0.20513581
41278	0.20544785
41279	0.20582505
41280	0.20626739
41281	0.20677330
41282	0.20733958
41283	0.20796122
41284	0.20863162
41285	0.20934284
41286	0.21008582
41287	0.21085079
41288	0.21162762
41289	0.21240629
41290	0.21317749
41291	0.21393250
41292	0.21466382
41293	0.21536493
41294	0.21603054
41295	0.21665657
41296	0.21723978
41297	0.21777794
41298	0.21826978
41299	0.21871525
41300	0.21911538
41301	0.21947271
41302	0.21979231
41303	0.22008242
41304	0.22035526
41305	0.22062959
41306	0.22093169
41307	0.22129835
41308	0.22178040
41309	0.22244693
41310	0.22339061
41311	0.22473578
41312	0.22664711
41313	0.22934437
41314	0.23312154
41315	0.23837683
41316	0.24566150
41317	0.25576553
41318	0.26987812
41319	0.28992033
41320	0.31926659
41321	0.36458507
41322	0.44132698
41323	0.59565133
41324	1.05673957
41325	NaN
41326	NaN
41327	NaN
41328	NaN
41329	NaN
41330	NaN
41331	NaN
41332	NaN
41333	NaN
41334	NaN
41335	NaN
41336	NaN
41337	NaN
41338	NaN
41339	NaN
41340	NaN
41341	NaN
41342	NaN
41343	NaN
41344	NaN
41345	NaN
41346	NaN
41347	NaN
41348	NaN
41349	NaN
41350	NaN
41351	NaN
41352	NaN
41353	NaN
41354	NaN
41355	NaN
41356	NaN
41357	NaN
41358	NaN
41359	NaN
41360	NaN
41361	NaN
41362	NaN
41363	NaN
41364	NaN
41365	NaN
41366	NaN
41367	NaN
41368	NaN
41369	NaN
41370	NaN
41371	NaN
41372	NaN
41373	NaN
41374	NaN
41375	NaN
41376	NaN
41377	NaN
41378	NaN
41379	NaN
41380	NaN
41381	NaN
41382	NaN
41383	NaN
41384	NaN
41385	NaN
41386	NaN
41387	NaN
41388	NaN
41389	NaN
41390	NaN
41391	NaN
41392	NaN
41393	NaN
41394	NaN
41395	NaN
41396	NaN
41397	NaN
41398	NaN
41399	NaN
41400	NaN
41401	NaN
41402	NaN
41403	NaN
41404	NaN
41405	NaN
41406	NaN
41407	NaN
41408	NaN
41409	NaN
41410	2.24882865
41411	0.57229859
41412	0.42895314
41413	0.37521780
41414	0.34691423
41415	0.32936433
41416	0.31737989
41417	0.30866018
41418	0.30202729
41419	0.29681516
41420	0.29261822
41421	0.28917468
41422	0.28630757
41423	0.28389275
41424	0.28184021
41425	0.28008285
41426	0.27856985
41427	0.27726185
41428	0.27612820
41429	0.27514485
41430	0.27429298
41431	0.27355808
41432	0.27292904
41433	0.27239779
41434	0.27195871
41435	0.27160823
41436	0.27134448
41437	0.27116686
41438	0.27107576
41439	0.27107203
41440	0.27115658
41441	0.27132997
41442	0.27159187
41443	0.27194041
41444	0.27237186
41445	0.27288002
41446	0.27345586
41447	0.27408716
41448	0.27475843
41449	0.27545100
41450	0.27614361
41451	0.27681276
41452	0.27743426
41453	0.27798411
41454	0.27844021
41455	0.27878383
41456	0.27900100
41457	0.27908379
41458	0.27903071
41459	0.27884719
41460	0.27854499
41461	0.27814138
41462	0.27765799
41463	0.27711910
41464	0.27655032
41465	0.27597705
41466	0.27542329
41467	0.27491063
41468	0.27445772
41469	0.27407977
41470	0.27378845
41471	0.27359182
41472	0.27349460
41473	0.27349827
41474	0.27360135
41475	0.27379948
41476	0.27408591
41477	0.27445138
41478	0.27488458
41479	0.27537236
41480	0.27589980
41481	0.27645063
41482	0.27700785
41483	0.27755374
41484	0.27807090
41485	0.27854243
41486	0.27895299
41487	0.27928910
41488	0.27953973
41489	0.27969700
41490	0.27975616
41491	0.27971572
41492	0.27957752
41493	0.27934635
41494	0.27902955
41495	0.27863657
41496	0.27817848
41497	0.27766749
41498	0.27711648
41499	0.27653852
41500	0.27594668
41501	0.27535382
41502	0.27477235
41503	0.27421421
41504	0.27369067
41505	0.27321252
41506	0.27278998
41507	0.27243245
41508	0.27214861
41509	0.27194625
41510	0.27183199
41511	0.27181104
41512	0.27188703
41513	0.27206156
41514	0.27233422
41515	0.27270228
41516	0.27316099
41517	0.27370355
41518	0.27432141
41519	0.27500480
41520	0.27574304
41521	0.27652493
41522	0.27733937
41523	0.27817541
41524	0.27902266
41525	0.27987152
41526	0.28071317
41527	0.28153944
41528	0.28234285
41529	0.28311646
41530	0.28385365
41531	0.28454792
41532	0.28519294
41533	0.28578222
41534	0.28630924
41535	0.28676742
41536	0.28715023
41537	0.28745145
41538	0.28766516
41539	0.28778619
41540	0.28781044
41541	0.28773516
41542	0.28755927
41543	0.28728381
41544	0.28691214
41545	0.28645045
41546	0.28590772
41547	0.28529587
41548	0.28462982
41549	0.28392708
41550	0.28320754
41551	0.28249285
41552	0.28180572
41553	0.28116935
41554	0.28060633
41555	0.28013831
41556	0.27978486
41557	0.27956322
41558	0.27948761
41559	0.27956903
41560	0.27981502
41561	0.28022954
41562	0.28081304
41563	0.28156242
41564	0.28247109
41565	0.28352925
41566	0.28472370
41567	0.28603822
41568	0.28745335
41569	0.28894675
41570	0.29049331
41571	0.29206523
41572	0.29363245
41573	0.29516304
41574	0.29662392
41575	0.29798150
41576	0.29920277
41577	0.30025625
41578	0.30111349
41579	0.30174989
41580	0.30214635
41581	0.30229008
41582	0.30217540
41583	0.30180442
41584	0.30118713
41585	0.30034098
41586	0.29929081
41587	0.29806751
41588	0.29670721
41589	0.29525015
41590	0.29373917
41591	0.29221889
41592	0.29073432
41593	0.28932992
41594	0.28804886
41595	0.28693232
41596	0.28601897
41597	0.28534460
41598	0.28494149
41599	0.28483832
41600	0.28505942
41601	0.28562444
41602	0.28654736
41603	0.28783593
41604	0.28949049
41605	0.29150319
41606	0.29385674
41607	0.29652384
41608	0.29946649
41609	0.30263621
41610	0.30597427
41611	0.30941337
41612	0.31287965
41613	0.31629536
41614	0.31958234
41615	0.32266548
41616	0.32547638
41617	0.32795617
41618	0.33005813
41619	0.33174908
41620	0.33301014
41621	0.33383629
41622	0.33423546
41623	0.33422694
41624	0.33384010
41625	0.33311200
41626	0.33208659
41627	0.33081287
41628	0.32934484
41629	0.32774144
41630	0.32606620
41631	0.32438928
41632	0.32278866
41633	0.32135293
41634	0.32018387
41635	0.31940064
41636	0.31914392
41637	0.31958175
41638	0.32091463
41639	0.32338265
41640	0.32727006
41641	0.33291039
41642	0.34068877
41643	0.35104138
41644	0.36445132
41645	0.38144270
41646	0.40257382
41647	0.42844450
41648	0.45971698
41649	0.49718758
41650	0.54192233
41651	0.59552103
41652	0.66059810
41653	0.74170470
41654	0.84723896
41655	0.99398249
41656	1.21986127
41657	1.63044631
41658	2.66588974
41659	NaN
41660	NaN
41661	NaN
41662	NaN
41663	NaN
41664	NaN
41665	NaN
41666	NaN
41667	NaN
41668	NaN
41669	NaN
41670	NaN
41671	NaN
41672	NaN
41673	NaN
41674	NaN
41675	NaN
41676	NaN
41677	NaN
41678	NaN
41679	NaN
41680	NaN
41681	NaN
41682	NaN
41683	NaN
41684	NaN
41685	NaN
41686	NaN
41687	NaN
41688	NaN
41689	NaN
41690	NaN
41691	NaN
41692	NaN
41693	NaN
41694	NaN
41695	NaN
41696	NaN
41697	NaN
41698	NaN
41699	NaN
41700	NaN
41701	NaN
41702	NaN
41703	NaN
41704	NaN
41705	NaN
41706	NaN
41707	NaN
41708	NaN
41709	NaN
41710	NaN
41711	NaN
41712	NaN
41713	NaN
41714	NaN
41715	NaN
41716	NaN
41717	NaN
41718	NaN
41719	NaN
41720	NaN
41721	NaN
41722	NaN
41723	NaN
41724	NaN
41725	NaN
41726	NaN
41727	NaN
41728	NaN
41729	NaN
41730	NaN
41731	NaN
41732	NaN
41733	NaN
41734	NaN
41735	0.81588387
41736	0.35945275
41737	0.29834998
41738	0.27225477
41739	0.25686651
41740	0.24625252
41741	0.23824495
41742	0.23185851
41743	0.22657743
41744	0.22210331
41745	0.21824987
41746	0.21489365
41747	0.21194892
41748	0.20935355
41749	0.20706117
41750	0.20503592
41751	0.20324959
41752	0.20167914
41753	0.20030539
41754	0.19911198
41755	0.19808447
41756	0.19720989
41757	0.19647627
41758	0.19587211
41759	0.19538654
41760	0.19500867
41761	0.19472781
41762	0.19453332
41763	0.19441447
41764	0.19436061
41765	0.19436128
41766	0.19440612
41767	0.19448517
41768	0.19458899
41769	0.19470870
41770	0.19483614
41771	0.19496396
41772	0.19508566
41773	0.19519559
41774	0.19528897
41775	0.19536191
41776	0.19541126
41777	0.19543479
41778	0.19543101
41779	0.19539919
41780	0.19533946
41781	0.19525275
41782	0.19514094
41783	0.19500679
41784	0.19485393
41785	0.19468698
41786	0.19451147
41787	0.19433358
41788	0.19416033
41789	0.19399901
41790	0.19385740
41791	0.19374317
41792	0.19366376
41793	0.19362609
41794	0.19363612
41795	0.19369857
41796	0.19381668
41797	0.19399181
41798	0.19422323
41799	0.19450819
41800	0.19484174
41801	0.19521701
41802	0.19562536
41803	0.19605680
41804	0.19650030
41805	0.19694434
41806	0.19737746
41807	0.19778851
41808	0.19816744
41809	0.19850534
41810	0.19879521
41811	0.19903171
41812	0.19921169
41813	0.19933389
41814	0.19939901
41815	0.19940931
41816	0.19936843
41817	0.19928102
41818	0.19915228
41819	0.19898777
41820	0.19879307
41821	0.19857363
41822	0.19833452
41823	0.19808057
41824	0.19781628
41825	0.19754583
41826	0.19727336
41827	0.19700278
41828	0.19673818
41829	0.19648361
41830	0.19624327
41831	0.19602153
41832	0.19582272
41833	0.19565131
41834	0.19551158
41835	0.19540764
41836	0.19534326
41837	0.19532166
41838	0.19534549
41839	0.19541672
41840	0.19553642
41841	0.19570477
41842	0.19592097
41843	0.19618317
41844	0.19648841
41845	0.19683275
41846	0.19721106
41847	0.19761738
41848	0.19804469
41849	0.19848529
41850	0.19893076
41851	0.19937229
41852	0.19980086
41853	0.20020740
41854	0.20058307
41855	0.20091960
41856	0.20120935
41857	0.20144567
41858	0.20162301
41859	0.20173721
41860	0.20178555
41861	0.20176686
41862	0.20168161
41863	0.20153193
41864	0.20132166
41865	0.20105608
41866	0.20074193
41867	0.20038716
41868	0.20000076
41869	0.19959253
41870	0.19917265
41871	0.19875158
41872	0.19833975
41873	0.19794713
41874	0.19758312
41875	0.19725642
41876	0.19697447
41877	0.19674371
41878	0.19656909
41879	0.19645435
41880	0.19640172
41881	0.19641216
41882	0.19648530
41883	0.19661964
41884	0.19681263
41885	0.19706078
41886	0.19735990
41887	0.19770513
41888	0.19809107
41889	0.19851191
41890	0.19896144
41891	0.19943316
41892	0.19992033
41893	0.20041603
41894	0.20091309
41895	0.20140436
41896	0.20188263
41897	0.20234063
41898	0.20277140
41899	0.20316824
41900	0.20352489
41901	0.20383558
41902	0.20409538
41903	0.20430012
41904	0.20444675
41905	0.20453312
41906	0.20455824
41907	0.20452225
41908	0.20442632
41909	0.20427267
41910	0.20406443
41911	0.20380546
41912	0.20350057
41913	0.20315510
41914	0.20277517
41915	0.20236756
41916	0.20193963
41917	0.20149942
41918	0.20105557
41919	0.20061725
41920	0.20019417
41921	0.19979624
41922	0.19943362
41923	0.19911642
41924	0.19885449
41925	0.19865711
41926	0.19853266
41927	0.19848834
41928	0.19853008
41929	0.19866186
41930	0.19888571
41931	0.19920120
41932	0.19960533
41933	0.20009238
41934	0.20065361
41935	0.20127732
41936	0.20194894
41937	0.20265119
41938	0.20336477
41939	0.20406881
41940	0.20474155
41941	0.20536153
41942	0.20590816
41943	0.20636272
41944	0.20670956
41945	0.20693614
41946	0.20703387
41947	0.20699817
41948	0.20682888
41949	0.20652981
41950	0.20610878
41951	0.20557749
41952	0.20495154
41953	0.20425041
41954	0.20349793
41955	0.20272316
41956	0.20196162
41957	0.20125666
41958	0.20066252
41959	0.20024736
41960	0.20009744
41961	0.20032211
41962	0.20106085
41963	0.20249256
41964	0.20484504
41965	0.20841087
41966	0.21356651
41967	0.22080353
41968	0.23077494
41969	0.24436961
41970	0.26285034
41971	0.28811157
41972	0.32320213
41973	0.37350455
41974	0.44970110
41975	0.57683915
41976	0.83123368
41977	1.61009073
41978	NaN
41979	NaN
41980	NaN
41981	NaN
41982	NaN
41983	NaN
41984	NaN
41985	NaN
41986	NaN
41987	NaN
41988	NaN
41989	NaN
41990	NaN
41991	NaN
41992	NaN
41993	NaN
41994	NaN
41995	NaN
41996	NaN
41997	NaN
41998	NaN
41999	NaN
42000	NaN
42001	NaN
42002	NaN
42003	NaN
42004	NaN
42005	NaN
42006	NaN
42007	NaN
42008	NaN
42009	NaN
42010	NaN
42011	NaN
42012	NaN
42013	NaN
42014	NaN
42015	NaN
42016	NaN
42017	NaN
42018	NaN
42019	NaN
42020	NaN
42021	NaN
42022	NaN
42023	NaN
42024	NaN
42025	NaN
42026	NaN
42027	NaN
42028	NaN
42029	NaN
42030	NaN
42031	NaN
42032	NaN
42033	NaN
42034	NaN
42035	NaN
42036	NaN
42037	NaN
42038	NaN
42039	NaN
42040	NaN
42041	NaN
42042	NaN
42043	NaN
42044	NaN
42045	NaN
42046	NaN
42047	NaN
42048	NaN
42049	NaN
42050	NaN
42051	NaN
42052	NaN
42053	NaN
42054	NaN
42055	NaN
42056	NaN
42057	NaN
42058	NaN
42059	NaN
42060	NaN
42061	NaN
42062	NaN
42063	NaN
42064	NaN
42065	NaN
42066	NaN
42067	1.59935200
42068	0.58120346
42069	0.43104121
42070	0.37071738
42071	0.33825609
42072	0.31804797
42073	0.30431953
42074	0.29443881
42075	0.28703332
42076	0.28131655
42077	0.27680463
42078	0.27318311
42079	0.27023873
42080	0.26782149
42081	0.26582274
42082	0.26416188
42083	0.26277786
42084	0.26162383
42085	0.26066330
42086	0.25986752
42087	0.25921384
42088	0.25868431
42089	0.25826472
42090	0.25794390
42091	0.25771314
42092	0.25756571
42093	0.25749642
42094	0.25750130
42095	0.25757727
42096	0.25772166
42097	0.25793198
42098	0.25820547
42099	0.25853875
42100	0.25892738
42101	0.25936562
42102	0.25984597
42103	0.26035914
42104	0.26089376
42105	0.26143670
42106	0.26197308
42107	0.26248699
42108	0.26296195
42109	0.26338193
42110	0.26373217
42111	0.26400039
42112	0.26417768
42113	0.26425925
42114	0.26424512
42115	0.26414028
42116	0.26395443
42117	0.26370162
42118	0.26339915
42119	0.26306683
42120	0.26272547
42121	0.26239592
42122	0.26209792
42123	0.26184937
42124	0.26166534
42125	0.26155788
42126	0.26153561
42127	0.26160377
42128	0.26176411
42129	0.26201516
42130	0.26235265
42131	0.26276940
42132	0.26325598
42133	0.26380095
42134	0.26439103
42135	0.26501161
42136	0.26564711
42137	0.26628119
42138	0.26689738
42139	0.26747966
42140	0.26801273
42141	0.26848283
42142	0.26887819
42143	0.26918954
42144	0.26941058
42145	0.26953813
42146	0.26957238
42147	0.26951668
42148	0.26937735
42149	0.26916322
42150	0.26888528
42151	0.26855585
42152	0.26818833
42153	0.26779631
42154	0.26739332
42155	0.26699242
42156	0.26660565
42157	0.26624402
42158	0.26591733
42159	0.26563406
42160	0.26540133
42161	0.26522508
42162	0.26511002
42163	0.26505974
42164	0.26507673
42165	0.26516250
42166	0.26531762
42167	0.26554158
42168	0.26583296
42169	0.26618925
42170	0.26660693
42171	0.26708150
42172	0.26760751
42173	0.26817858
42174	0.26878771
42175	0.26942730
42176	0.27008942
42177	0.27076599
42178	0.27144903
42179	0.27213073
42180	0.27280381
42181	0.27346140
42182	0.27409717
42183	0.27470547
42184	0.27528119
42185	0.27581957
42186	0.27631643
42187	0.27676794
42188	0.27717048
42189	0.27752084
42190	0.27781606
42191	0.27805331
42192	0.27823025
42193	0.27834490
42194	0.27839571
42195	0.27838182
42196	0.27830306
42197	0.27816021
42198	0.27795509
42199	0.27769074
42200	0.27737162
42201	0.27700362
42202	0.27659413
42203	0.27615228
42204	0.27568844
42205	0.27521446
42206	0.27474320
42207	0.27428839
42208	0.27386406
42209	0.27348423
42210	0.27316251
42211	0.27291173
42212	0.27274337
42213	0.27266747
42214	0.27269217
42215	0.27282369
42216	0.27306610
42217	0.27342120
42218	0.27388862
42219	0.27446565
42220	0.27514744
42221	0.27592686
42222	0.27679473
42223	0.27773982
42224	0.27874890
42225	0.27980694
42226	0.28089711
42227	0.28200105
42228	0.28309917
42229	0.28417078
42230	0.28519455
42231	0.28614902
42232	0.28701308
42233	0.28776675
42234	0.28839180
42235	0.28887248
42236	0.28919634
42237	0.28935462
42238	0.28934309
42239	0.28916210
42240	0.28881681
42241	0.28831708
42242	0.28767729
42243	0.28691584
42244	0.28605443
42245	0.28511760
42246	0.28413182
42247	0.28312489
42248	0.28212523
42249	0.28116128
42250	0.28026098
42251	0.27945137
42252	0.27875823
42253	0.27820581
42254	0.27781653
42255	0.27761072
42256	0.27760631
42257	0.27781856
42258	0.27825961
42259	0.27893806
42260	0.27985826
42261	0.28102008
42262	0.28241801
42263	0.28404099
42264	0.28587180
42265	0.28788716
42266	0.29005775
42267	0.29234904
42268	0.29472193
42269	0.29713425
42270	0.29954231
42271	0.30190247
42272	0.30417344
42273	0.30631718
42274	0.30830115
42275	0.31009886
42276	0.31169075
42277	0.31306431
42278	0.31421432
42279	0.31514183
42280	0.31585407
42281	0.31636322
42282	0.31668627
42283	0.31684375
42284	0.31685948
42285	0.31676054
42286	0.31657660
42287	0.31634036
42288	0.31608784
42289	0.31585872
42290	0.31569737
42291	0.31565386
42292	0.31578496
42293	0.31615591
42294	0.31684163
42295	0.31792912
42296	0.31951836
42297	0.32172474
42298	0.32468063
42299	0.32853734
42300	0.33346671
42301	0.33966500
42302	0.34735838
42303	0.35681176
42304	0.36834627
42305	0.38236645
42306	0.39940855
42307	0.42022079
42308	0.44589734
42309	0.47812700
42310	0.51965714
42311	0.57525903
42312	0.65395963
42313	0.77502567
42314	0.98803157
42315	1.47048116
42316	3.68711019
42317	NaN
42318	NaN
42319	NaN
42320	NaN
42321	NaN
42322	NaN
42323	NaN
42324	NaN
42325	NaN
42326	NaN
42327	NaN
42328	NaN
42329	NaN
42330	NaN
42331	NaN
42332	NaN
42333	NaN
42334	NaN
42335	NaN
42336	NaN
42337	NaN
42338	NaN
42339	NaN
42340	NaN
42341	NaN
42342	NaN
42343	NaN
42344	NaN
42345	NaN
42346	NaN
42347	NaN
42348	NaN
42349	NaN
42350	NaN
42351	NaN
42352	NaN
42353	NaN
42354	NaN
42355	NaN
42356	NaN
42357	NaN
42358	NaN
42359	NaN
42360	NaN
42361	NaN
42362	NaN
42363	NaN
42364	NaN
42365	NaN
42366	NaN
42367	NaN
42368	NaN
42369	NaN
42370	NaN
42371	NaN
42372	NaN
42373	NaN
42374	NaN
42375	NaN
42376	NaN
42377	NaN
42378	NaN
42379	NaN
42380	NaN
42381	NaN
42382	NaN
42383	NaN
42384	NaN
42385	NaN
42386	NaN
42387	NaN
42388	NaN
42389	NaN
42390	NaN
42391	0.15593816
42392	0.20375083
42393	0.21371873
42394	0.21665315
42395	0.21713160
42396	0.21652302
42397	0.21538098
42398	0.21397182
42399	0.21243875
42400	0.21086504
42401	0.20930113
42402	0.20777865
42403	0.20631760
42404	0.20493028
42405	0.20362405
42406	0.20240250
42407	0.20126657
42408	0.20021524
42409	0.19924599
42410	0.19835517
42411	0.19753815
42412	0.19678962
42413	0.19610372
42414	0.19547431
42415	0.19489494
42416	0.19435912
42417	0.19386035
42418	0.19339240
42419	0.19294928
42420	0.19252558
42421	0.19211657
42422	0.19171849
42423	0.19132854
42424	0.19094522
42425	0.19056845
42426	0.19019949
42427	0.18984108
42428	0.18949731
42429	0.18917355
42430	0.18887612
42431	0.18861195
42432	0.18838845
42433	0.18821278
42434	0.18809164
42435	0.18803081
42436	0.18803474
42437	0.18810637
42438	0.18824697
42439	0.18845604
42440	0.18873149
42441	0.18906969
42442	0.18946569
42443	0.18991348
42444	0.19040622
42445	0.19093648
42446	0.19149636
42447	0.19207761
42448	0.19267185
42449	0.19327056
42450	0.19386519
42451	0.19444719
42452	0.19500804
42453	0.19553934
42454	0.19603288
42455	0.19648068
42456	0.19687515
42457	0.19720918
42458	0.19747634
42459	0.19767115
42460	0.19778910
42461	0.19782723
42462	0.19778416
42463	0.19766030
42464	0.19745822
42465	0.19718243
42466	0.19683957
42467	0.19643821
42468	0.19598845
42469	0.19550169
42470	0.19499019
42471	0.19446638
42472	0.19394261
42473	0.19343051
42474	0.19294076
42475	0.19248253
42476	0.19206344
42477	0.19168946
42478	0.19136477
42479	0.19109201
42480	0.19087225
42481	0.19070524
42482	0.19058967
42483	0.19052333
42484	0.19050336
42485	0.19052634
42486	0.19058861
42487	0.19068627
42488	0.19081528
42489	0.19097160
42490	0.19115120
42491	0.19135006
42492	0.19156425
42493	0.19178990
42494	0.19202331
42495	0.19226086
42496	0.19249915
42497	0.19273493
42498	0.19296518
42499	0.19318710
42500	0.19339812
42501	0.19359595
42502	0.19377849
42503	0.19394392
42504	0.19409060
42505	0.19421712
42506	0.19432209
42507	0.19440442
42508	0.19446307
42509	0.19449714
42510	0.19450599
42511	0.19448908
42512	0.19444622
42513	0.19437754
42514	0.19428362
42515	0.19416554
42516	0.19402483
42517	0.19386366
42518	0.19368489
42519	0.19349174
42520	0.19328806
42521	0.19307810
42522	0.19286628
42523	0.19265723
42524	0.19245547
42525	0.19226524
42526	0.19209047
42527	0.19193442
42528	0.19179982
42529	0.19168863
42530	0.19160196
42531	0.19154036
42532	0.19150351
42533	0.19149065
42534	0.19150038
42535	0.19153102
42536	0.19158056
42537	0.19164693
42538	0.19172801
42539	0.19182184
42540	0.19192661
42541	0.19204091
42542	0.19216356
42543	0.19229394
42544	0.19243179
42545	0.19257721
42546	0.19273070
42547	0.19289301
42548	0.19306502
42549	0.19324768
42550	0.19344175
42551	0.19364780
42552	0.19386590
42553	0.19409567
42554	0.19433604
42555	0.19458534
42556	0.19484106
42557	0.19510017
42558	0.19535905
42559	0.19561347
42560	0.19585897
42561	0.19609088
42562	0.19630441
42563	0.19649500
42564	0.19665824
42565	0.19679013
42566	0.19688712
42567	0.19694631
42568	0.19696541
42569	0.19694287
42570	0.19687791
42571	0.19677067
42572	0.19662221
42573	0.19643457
42574	0.19621086
42575	0.19595523
42576	0.19567293
42577	0.19537044
42578	0.19505513
42579	0.19473542
42580	0.19442046
42581	0.19412005
42582	0.19384444
42583	0.19360375
42584	0.19340797
42585	0.19326635
42586	0.19318725
42587	0.19317774
42588	0.19324319
42589	0.19338723
42590	0.19361152
42591	0.19391549
42592	0.19429675
42593	0.19475080
42594	0.19527140
42595	0.19585070
42596	0.19647962
42597	0.19714817
42598	0.19784582
42599	0.19856173
42600	0.19928534
42601	0.20000669
42602	0.20071687
42603	0.20140812
42604	0.20207447
42605	0.20271178
42606	0.20331872
42607	0.20389633
42608	0.20444928
42609	0.20498592
42610	0.20551907
42611	0.20606697
42612	0.20665431
42613	0.20731312
42614	0.20808497
42615	0.20902181
42616	0.21018980
42617	0.21167067
42618	0.21356612
42619	0.21600196
42620	0.21913314
42621	0.22315139
42622	0.22829635
42623	0.23486927
42624	0.24325898
42625	0.25398314
42626	0.26776153
42627	0.28565130
42628	0.30930737
42629	0.34153396
42630	0.38754606
42631	0.45833847
42632	0.58177620
42633	0.85493839
42634	2.00831056
42635	NaN
42636	NaN
42637	NaN
42638	NaN
42639	NaN
42640	NaN
42641	NaN
42642	NaN
42643	NaN
42644	NaN
42645	NaN
42646	NaN
42647	NaN
42648	NaN
42649	NaN
42650	NaN
42651	NaN
42652	NaN
42653	NaN
42654	NaN
42655	NaN
42656	NaN
42657	NaN
42658	NaN
42659	NaN
42660	NaN
42661	NaN
42662	NaN
42663	NaN
42664	NaN
42665	NaN
42666	NaN
42667	NaN
42668	NaN
42669	NaN
42670	NaN
42671	NaN
42672	NaN
42673	NaN
42674	NaN
42675	NaN
42676	NaN
42677	NaN
42678	NaN
42679	NaN
42680	NaN
42681	NaN
42682	NaN
42683	NaN
42684	NaN
42685	NaN
42686	NaN
42687	NaN
42688	NaN
42689	NaN
42690	NaN
42691	NaN
42692	NaN
42693	NaN
42694	NaN
42695	NaN
42696	NaN
42697	NaN
42698	NaN
42699	NaN
42700	NaN
42701	NaN
42702	NaN
42703	NaN
42704	NaN
42705	NaN
42706	NaN
42707	NaN
42708	NaN
42709	NaN
42710	NaN
42711	NaN
42712	NaN
42713	NaN
42714	NaN
42715	NaN
42716	NaN
42717	NaN
42718	NaN
42719	NaN
42720	NaN
42721	1.34806788
42722	0.59604096
42723	0.45559195
42724	0.39601102
42725	0.36291367
42726	0.34177977
42727	0.32708275
42728	0.31625906
42729	0.30795604
42730	0.30139157
42731	0.29608154
42732	0.29170939
42733	0.28805944
42734	0.28497925
42735	0.28235802
42736	0.28011349
42737	0.27818340
42738	0.27652007
42739	0.27508682
42740	0.27385539
42741	0.27280402
42742	0.27191624
42743	0.27117974
42744	0.27058554
42745	0.27012727
42746	0.26980048
42747	0.26960206
42748	0.26952961
42749	0.26958084
42750	0.26975319
42751	0.27004296
42752	0.27044529
42753	0.27095339
42754	0.27155855
42755	0.27224967
42756	0.27301309
42757	0.27383277
42758	0.27469012
42759	0.27556458
42760	0.27643386
42761	0.27727479
42762	0.27806413
42763	0.27877989
42764	0.27940208
42765	0.27991414
42766	0.28030372
42767	0.28056362
42768	0.28069201
42769	0.28069285
42770	0.28057516
42771	0.28035280
42772	0.28004345
42773	0.27966747
42774	0.27924696
42775	0.27880445
42776	0.27836215
42777	0.27794099
42778	0.27755979
42779	0.27723506
42780	0.27698043
42781	0.27680638
42782	0.27672043
42783	0.27672681
42784	0.27682671
42785	0.27701834
42786	0.27729696
42787	0.27765521
42788	0.27808318
42789	0.27856869
42790	0.27909765
42791	0.27965435
42792	0.28022191
42793	0.28078282
42794	0.28131950
42795	0.28181484
42796	0.28225297
42797	0.28261963
42798	0.28290281
42799	0.28309307
42800	0.28318393
42801	0.28317189
42802	0.28305647
42803	0.28284013
42804	0.28252795
42805	0.28212741
42806	0.28164795
42807	0.28110054
42808	0.28049755
42809	0.27985215
42810	0.27917817
42811	0.27848983
42812	0.27780151
42813	0.27712774
42814	0.27648288
42815	0.27588105
42816	0.27533615
42817	0.27486157
42818	0.27447006
42819	0.27417341
42820	0.27398214
42821	0.27390522
42822	0.27394950
42823	0.27411944
42824	0.27441663
42825	0.27483988
42826	0.27538478
42827	0.27604419
42828	0.27680826
42829	0.27766493
42830	0.27860028
42831	0.27959919
42832	0.28064576
42833	0.28172383
42834	0.28281739
42835	0.28391105
42836	0.28499016
42837	0.28604105
42838	0.28705117
42839	0.28800890
42840	0.28890377
42841	0.28972626
42842	0.29046792
42843	0.29112107
42844	0.29167911
42845	0.29213640
42846	0.29248837
42847	0.29273158
42848	0.29286411
42849	0.29288530
42850	0.29279631
42851	0.29259992
42852	0.29230109
42853	0.29190677
42854	0.29142615
42855	0.29087073
42856	0.29025418
42857	0.28959233
42858	0.28890303
42859	0.28820559
42860	0.28752062
42861	0.28686929
42862	0.28627300
42863	0.28575251
42864	0.28532755
42865	0.28501615
42866	0.28483412
42867	0.28479478
42868	0.28490832
42869	0.28518200
42870	0.28561953
42871	0.28622141
42872	0.28698468
42873	0.28790295
42874	0.28896645
42875	0.29016241
42876	0.29147482
42877	0.29288489
42878	0.29437116
42879	0.29590979
42880	0.29747486
42881	0.29903889
42882	0.30057296
42883	0.30204764
42884	0.30343336
42885	0.30470130
42886	0.30582395
42887	0.30677631
42888	0.30753648
42889	0.30808675
42890	0.30841440
42891	0.30851236
42892	0.30837983
42893	0.30802247
42894	0.30745259
42895	0.30668882
42896	0.30575582
42897	0.30468354
42898	0.30350623
42899	0.30226168
42900	0.30099010
42901	0.29973316
42902	0.29853293
42903	0.29743102
42904	0.29646781
42905	0.29568189
42906	0.29510915
42907	0.29478270
42908	0.29473197
42909	0.29498240
42910	0.29555482
42911	0.29646468
42912	0.29772148
42913	0.29932797
42914	0.30127907
42915	0.30356151
42916	0.30615276
42917	0.30902094
42918	0.31212437
42919	0.31541222
42920	0.31882536
42921	0.32229796
42922	0.32575935
42923	0.32913697
42924	0.33235919
42925	0.33535853
42926	0.33807448
42927	0.34045655
42928	0.34246591
42929	0.34407693
42930	0.34527737
42931	0.34606844
42932	0.34646359
42933	0.34648672
42934	0.34617138
42935	0.34555840
42936	0.34469527
42937	0.34363472
42938	0.34243453
42939	0.34115747
42940	0.33987251
42941	0.33865497
42942	0.33758926
42943	0.33676991
42944	0.33630458
42945	0.33631620
42946	0.33694634
42947	0.33835793
42948	0.34073824
42949	0.34430161
42950	0.34929186
42951	0.35598347
42952	0.36468294
42953	0.37573078
42954	0.38950285
42955	0.40642112
42956	0.42697278
42957	0.45174760
42958	0.48151571
42959	0.51736295
42960	0.56093657
42961	0.61490196
42962	0.68383610
42963	0.77618200
42964	0.90906417
42965	1.12265849
42966	1.53720391
42967	2.74614334
42968	NaN
42969	NaN
42970	NaN
42971	NaN
42972	NaN
42973	NaN
42974	NaN
42975	NaN
42976	NaN
42977	NaN
42978	NaN
42979	NaN
42980	NaN
42981	NaN
42982	NaN
42983	NaN
42984	NaN
42985	NaN
42986	NaN
42987	NaN
42988	NaN
42989	NaN
42990	NaN
42991	NaN
42992	NaN
42993	NaN
42994	NaN
42995	NaN
42996	NaN
42997	NaN
42998	NaN
42999	NaN
43000	NaN
43001	NaN
43002	NaN
43003	NaN
43004	NaN
43005	NaN
43006	NaN
43007	NaN
43008	NaN
43009	NaN
43010	NaN
43011	NaN
43012	NaN
43013	NaN
43014	NaN
43015	NaN
43016	NaN
43017	NaN
43018	NaN
43019	NaN
43020	NaN
43021	NaN
43022	NaN
43023	NaN
43024	NaN
43025	NaN
43026	NaN
43027	NaN
43028	NaN
43029	NaN
43030	NaN
43031	NaN
43032	NaN
43033	NaN
43034	NaN
43035	NaN
43036	NaN
43037	NaN
43038	NaN
43039	NaN
43040	NaN
43041	NaN
43042	NaN
43043	NaN
43044	NaN
43045	NaN
43046	NaN
43047	NaN
43048	NaN
43049	NaN
43050	NaN
43051	NaN
43052	0.97839046
43053	0.53646004
43054	0.41427812
43055	0.35683122
43056	0.32347474
43057	0.30178124
43058	0.28666422
43059	0.27564785
43060	0.26737696
43061	0.26104349
43062	0.25613284
43063	0.25229970
43064	0.24930222
43065	0.24696486
43066	0.24515629
43067	0.24377601
43068	0.24274541
43069	0.24200191
43070	0.24149498
43071	0.24118333
43072	0.24103263
43073	0.24101417
43074	0.24110343
43075	0.24127924
43076	0.24152306
43077	0.24181822
43078	0.24214970
43079	0.24250349
43080	0.24286656
43081	0.24322665
43082	0.24357216
43083	0.24389225
43084	0.24417686
43085	0.24441674
43086	0.24460375
43087	0.24473095
43088	0.24479280
43089	0.24478532
43090	0.24470627
43091	0.24455538
43092	0.24433438
43093	0.24404711
43094	0.24369946
43095	0.24329942
43096	0.24285668
43097	0.24238272
43098	0.24189025
43099	0.24139300
43100	0.24090526
43101	0.24044149
43102	0.24001582
43103	0.23964177
43104	0.23933159
43105	0.23909615
43106	0.23894453
43107	0.23888382
43108	0.23891886
43109	0.23905228
43110	0.23928434
43111	0.23961291
43112	0.24003358
43113	0.24053966
43114	0.24112220
43115	0.24177016
43116	0.24247055
43117	0.24320856
43118	0.24396779
43119	0.24473062
43120	0.24547862
43121	0.24619298
43122	0.24685512
43123	0.24744758
43124	0.24795437
43125	0.24836200
43126	0.24865997
43127	0.24884140
43128	0.24890342
43129	0.24884725
43130	0.24867815
43131	0.24840520
43132	0.24804065
43133	0.24759924
43134	0.24709746
43135	0.24655263
43136	0.24598214
43137	0.24540275
43138	0.24482994
43139	0.24427761
43140	0.24375769
43141	0.24328017
43142	0.24285291
43143	0.24248198
43144	0.24217156
43145	0.24192435
43146	0.24174160
43147	0.24162354
43148	0.24156931
43149	0.24157728
43150	0.24164496
43151	0.24176930
43152	0.24194652
43153	0.24217230
43154	0.24244165
43155	0.24274917
43156	0.24308889
43157	0.24345452
43158	0.24383950
43159	0.24423707
43160	0.24464057
43161	0.24504341
43162	0.24543944
43163	0.24582280
43164	0.24618824
43165	0.24653104
43166	0.24684714
43167	0.24713308
43168	0.24738595
43169	0.24760345
43170	0.24778363
43171	0.24792510
43172	0.24802683
43173	0.24808815
43174	0.24810885
43175	0.24808916
43176	0.24802984
43177	0.24793221
43178	0.24779820
43179	0.24763054
43180	0.24743262
43181	0.24720863
43182	0.24696341
43183	0.24670251
43184	0.24643195
43185	0.24615818
43186	0.24588788
43187	0.24562773
43188	0.24538432
43189	0.24516390
43190	0.24497221
43191	0.24481446
43192	0.24469507
43193	0.24461769
43194	0.24458513
43195	0.24459937
43196	0.24466152
43197	0.24477194
43198	0.24493025
43199	0.24513537
43200	0.24538566
43201	0.24567899
43202	0.24601272
43203	0.24638377
43204	0.24678874
43205	0.24722368
43206	0.24768426
43207	0.24816567
43208	0.24866250
43209	0.24916878
43210	0.24967787
43211	0.25018248
43212	0.25067455
43213	0.25114548
43214	0.25158599
43215	0.25198671
43216	0.25233784
43217	0.25263008
43218	0.25285465
43219	0.25300369
43220	0.25307095
43221	0.25305191
43222	0.25294414
43223	0.25274760
43224	0.25246444
43225	0.25209939
43226	0.25165924
43227	0.25115269
43228	0.25059009
43229	0.24998292
43230	0.24934369
43231	0.24868543
43232	0.24802144
43233	0.24736510
43234	0.24672972
43235	0.24612840
43236	0.24557394
43237	0.24507859
43238	0.24465419
43239	0.24431185
43240	0.24406171
43241	0.24391280
43242	0.24387275
43243	0.24394728
43244	0.24414007
43245	0.24445236
43246	0.24488263
43247	0.24542651
43248	0.24607645
43249	0.24682201
43250	0.24764998
43251	0.24854450
43252	0.24948792
43253	0.25046104
43254	0.25144410
43255	0.25241756
43256	0.25336263
43257	0.25426218
43258	0.25510120
43259	0.25586709
43260	0.25655010
43261	0.25714305
43262	0.25764146
43263	0.25804317
43264	0.25834784
43265	0.25855693
43266	0.25867316
43267	0.25870013
43268	0.25864226
43269	0.25850430
43270	0.25829214
43271	0.25801209
43272	0.25767159
43273	0.25728011
43274	0.25685039
43275	0.25639951
43276	0.25595114
43277	0.25553757
43278	0.25520325
43279	0.25500759
43280	0.25502884
43281	0.25536734
43282	0.25614822
43283	0.25752461
43284	0.25967973
43285	0.26282823
43286	0.26722190
43287	0.27315840
43288	0.28099868
43289	0.29120669
43290	0.30441493
43291	0.32154754
43292	0.34404799
43293	0.37433320
43294	0.41678473
43295	0.48020780
43296	0.58516800
43297	0.79319602
43298	1.40851104
43299	NaN
43300	NaN
43301	NaN
43302	NaN
43303	NaN
43304	NaN
43305	NaN
43306	NaN
43307	NaN
43308	NaN
43309	NaN
43310	NaN
43311	NaN
43312	NaN
43313	NaN
43314	NaN
43315	NaN
43316	NaN
43317	NaN
43318	NaN
43319	NaN
43320	NaN
43321	NaN
43322	NaN
43323	NaN
43324	NaN
43325	NaN
43326	NaN
43327	NaN
43328	NaN
43329	NaN
43330	NaN
43331	NaN
43332	NaN
43333	NaN
43334	NaN
43335	NaN
43336	NaN
43337	NaN
43338	NaN
43339	NaN
43340	NaN
43341	NaN
43342	NaN
43343	NaN
43344	NaN
43345	NaN
43346	NaN
43347	NaN
43348	NaN
43349	NaN
43350	NaN
43351	NaN
43352	NaN
43353	NaN
43354	NaN
43355	NaN
43356	NaN
43357	NaN
43358	NaN
43359	NaN
43360	NaN
43361	NaN
43362	NaN
43363	NaN
43364	NaN
43365	NaN
43366	NaN
43367	NaN
43368	NaN
43369	NaN
43370	NaN
43371	NaN
43372	NaN
43373	NaN
43374	NaN
43375	NaN
43376	NaN
43377	NaN
43378	NaN
43379	NaN
43380	NaN
43381	0.96454942
43382	0.55007577
43383	0.44711944
43384	0.40034094
43385	0.37359560
43386	0.35628462
43387	0.34417501
43388	0.33524352
43389	0.32840011
43390	0.32300511
43391	0.31865770
43392	0.31509370
43393	0.31213149
43394	0.30964226
43395	0.30753207
43396	0.30573100
43397	0.30418611
43398	0.30285704
43399	0.30171272
43400	0.30072933
43401	0.29988873
43402	0.29917744
43403	0.29858565
43404	0.29810667
43405	0.29773620
43406	0.29747197
43407	0.29731330
43408	0.29726037
43409	0.29731393
43410	0.29747471
43411	0.29774290
43412	0.29811755
43413	0.29859585
43414	0.29917285
43415	0.29984063
43416	0.30058804
43417	0.30140021
43418	0.30225873
43419	0.30314144
43420	0.30402315
43421	0.30487633
43422	0.30567226
43423	0.30638257
43424	0.30698067
43425	0.30744383
43426	0.30775437
43427	0.30790138
43428	0.30788136
43429	0.30769870
43430	0.30736533
43431	0.30690002
43432	0.30632690
43433	0.30567417
43434	0.30497214
43435	0.30425176
43436	0.30354300
43437	0.30287385
43438	0.30226907
43439	0.30174986
43440	0.30133325
43441	0.30103216
43442	0.30085519
43443	0.30080688
43444	0.30088776
43445	0.30109471
43446	0.30142108
43447	0.30185702
43448	0.30238959
43449	0.30300331
43450	0.30368027
43451	0.30440074
43452	0.30514354
43453	0.30588672
43454	0.30660847
43455	0.30728751
43456	0.30790430
43457	0.30844155
43458	0.30888510
43459	0.30922446
43460	0.30945319
43461	0.30956909
43462	0.30957407
43463	0.30947390
43464	0.30927765
43465	0.30899721
43466	0.30864653
43467	0.30824083
43468	0.30779612
43469	0.30732849
43470	0.30685365
43471	0.30638647
43472	0.30594066
43473	0.30552861
43474	0.30516133
43475	0.30484816
43476	0.30459699
43477	0.30441415
43478	0.30430451
43479	0.30427155
43480	0.30431727
43481	0.30444244
43482	0.30464646
43483	0.30492750
43484	0.30528256
43485	0.30570751
43486	0.30619729
43487	0.30674607
43488	0.30734727
43489	0.30799395
43490	0.30867895
43491	0.30939516
43492	0.31013551
43493	0.31089333
43494	0.31166232
43495	0.31243664
43496	0.31321087
43497	0.31397995
43498	0.31473893
43499	0.31548285
43500	0.31620657
43501	0.31690457
43502	0.31757075
43503	0.31819832
43504	0.31877980
43505	0.31930688
43506	0.31977081
43507	0.32016227
43508	0.32047182
43509	0.32069016
43510	0.32080862
43511	0.32081962
43512	0.32071698
43513	0.32049686
43514	0.32015803
43515	0.31970230
43516	0.31913516
43517	0.31846592
43518	0.31770775
43519	0.31687778
43520	0.31599665
43521	0.31508806
43522	0.31417808
43523	0.31329420
43524	0.31246459
43525	0.31171694
43526	0.31107768
43527	0.31057107
43528	0.31021845
43529	0.31003785
43530	0.31004331
43531	0.31024474
43532	0.31064767
43533	0.31125322
43534	0.31205800
43535	0.31305429
43536	0.31422976
43537	0.31556788
43538	0.31704804
43539	0.31864536
43540	0.32033134
43541	0.32207382
43542	0.32383749
43543	0.32558459
43544	0.32727534
43545	0.32886919
43546	0.33032578
43547	0.33160612
43548	0.33267432
43549	0.33349890
43550	0.33405426
43551	0.33432221
43552	0.33429277
43553	0.33396512
43554	0.33334786
43555	0.33245897
43556	0.33132523
43557	0.32998124
43558	0.32846835
43559	0.32683313
43560	0.32512587
43561	0.32339925
43562	0.32170671
43563	0.32010156
43564	0.31863561
43565	0.31735858
43566	0.31631732
43567	0.31555530
43568	0.31511205
43569	0.31502289
43570	0.31531802
43571	0.31602222
43572	0.31715381
43573	0.31872371
43574	0.32073408
43575	0.32317734
43576	0.32603431
43577	0.32927340
43578	0.33284935
43579	0.33670297
43580	0.34076166
43581	0.34494042
43582	0.34914488
43583	0.35327449
43584	0.35722721
43585	0.36090469
43586	0.36421764
43587	0.36708990
43588	0.36946312
43589	0.37129855
43590	0.37257814
43591	0.37330395
43592	0.37349620
43593	0.37319088
43594	0.37243697
43595	0.37129262
43596	0.36982378
43597	0.36810154
43598	0.36620146
43599	0.36420384
43600	0.36219361
43601	0.36026320
43602	0.35851532
43603	0.35706639
43604	0.35605335
43605	0.35563970
43606	0.35602522
43607	0.35745794
43608	0.36024919
43609	0.36479491
43610	0.37160078
43611	0.38131696
43612	0.39478543
43613	0.41310561
43614	0.43773064
43615	0.47062272
43616	0.51451194
43617	0.57338792
43618	0.65346909
43619	0.76532108
43620	0.92901206
43621	1.18872285
43622	1.66552472
43623	2.85352325
43624	NaN
43625	NaN
43626	NaN
43627	NaN
43628	NaN
43629	NaN
43630	NaN
43631	NaN
43632	NaN
43633	NaN
43634	NaN
43635	NaN
43636	NaN
43637	NaN
43638	NaN
43639	NaN
43640	NaN
43641	NaN
43642	NaN
43643	NaN
43644	NaN
43645	NaN
43646	NaN
43647	NaN
43648	NaN
43649	NaN
43650	NaN
43651	NaN
43652	NaN
43653	NaN
43654	NaN
43655	NaN
43656	NaN
43657	NaN
43658	NaN
43659	NaN
43660	NaN
43661	NaN
43662	NaN
43663	NaN
43664	NaN
43665	NaN
43666	NaN
43667	NaN
43668	NaN
43669	NaN
43670	NaN
43671	NaN
43672	NaN
43673	NaN
43674	NaN
43675	NaN
43676	NaN
43677	NaN
43678	NaN
43679	NaN
43680	NaN
43681	NaN
43682	NaN
43683	NaN
43684	NaN
43685	NaN
43686	NaN
43687	NaN
43688	NaN
43689	NaN
43690	NaN
43691	NaN
43692	NaN
43693	NaN
43694	NaN
43695	NaN
43696	NaN
43697	NaN
43698	NaN
43699	NaN
43700	NaN
43701	NaN
43702	NaN
43703	NaN
43704	NaN
43705	NaN
43706	NaN
43707	NaN
43708	NaN
43709	NaN
43710	NaN
43711	NaN
43712	NaN
43713	NaN
43714	NaN
43715	NaN
43716	0.89975679
43717	0.47945940
43718	0.36313412
43719	0.30877742
43720	0.27756351
43721	0.25758407
43722	0.24395043
43723	0.23427315
43724	0.22723863
43725	0.22205907
43726	0.21823016
43727	0.21541153
43728	0.21336384
43729	0.21191341
43730	0.21093065
43731	0.21031691
43732	0.20999593
43733	0.20990781
43734	0.21000497
43735	0.21024913
43736	0.21060912
43737	0.21105915
43738	0.21157749
43739	0.21214539
43740	0.21274653
43741	0.21336611
43742	0.21399055
43743	0.21460724
43744	0.21520400
43745	0.21576940
43746	0.21629234
43747	0.21676223
43748	0.21716912
43749	0.21750380
43750	0.21775803
43751	0.21792476
43752	0.21799836
43753	0.21797498
43754	0.21785270
43755	0.21763182
43756	0.21731508
43757	0.21690781
43758	0.21641800
43759	0.21585625
43760	0.21523571
43761	0.21457180
43762	0.21388170
43763	0.21318385
43764	0.21249738
43765	0.21184133
43766	0.21123393
43767	0.21069199
43768	0.21023025
43769	0.20986104
43770	0.20959383
43771	0.20943531
43772	0.20938918
43773	0.20945641
43774	0.20963532
43775	0.20992175
43776	0.21030943
43777	0.21078989
43778	0.21135287
43779	0.21198611
43780	0.21267569
43781	0.21340615
43782	0.21416038
43783	0.21492016
43784	0.21566629
43785	0.21637915
43786	0.21703921
43787	0.21762770
43788	0.21812733
43789	0.21852322
43790	0.21880329
43791	0.21895930
43792	0.21898699
43793	0.21888642
43794	0.21866192
43795	0.21832182
43796	0.21787794
43797	0.21734482
43798	0.21673894
43799	0.21607788
43800	0.21537951
43801	0.21466123
43802	0.21393949
43803	0.21322933
43804	0.21254404
43805	0.21189529
43806	0.21129286
43807	0.21074484
43808	0.21025775
43809	0.20983666
43810	0.20948534
43811	0.20920631
43812	0.20900111
43813	0.20887014
43814	0.20881283
43815	0.20882766
43816	0.20891203
43817	0.20906234
43818	0.20927399
43819	0.20954131
43820	0.20985769
43821	0.21021569
43822	0.21060696
43823	0.21102263
43824	0.21145332
43825	0.21188937
43826	0.21232118
43827	0.21273914
43828	0.21313411
43829	0.21349744
43830	0.21382131
43831	0.21409868
43832	0.21432354
43833	0.21449101
43834	0.21459739
43835	0.21464013
43836	0.21461806
43837	0.21453112
43838	0.21438064
43839	0.21416911
43840	0.21390046
43841	0.21357965
43842	0.21321301
43843	0.21280800
43844	0.21237312
43845	0.21191789
43846	0.21145262
43847	0.21098822
43848	0.21053590
43849	0.21010694
43850	0.20971237
43851	0.20936252
43852	0.20906669
43853	0.20883292
43854	0.20866768
43855	0.20857571
43856	0.20855969
43857	0.20862052
43858	0.20875719
43859	0.20896690
43860	0.20924549
43861	0.20958744
43862	0.20998619
43863	0.21043457
43864	0.21092482
43865	0.21144892
43866	0.21199876
43867	0.21256620
43868	0.21314327
43869	0.21372214
43870	0.21429533
43871	0.21485549
43872	0.21539570
43873	0.21590924
43874	0.21638985
43875	0.21683149
43876	0.21722859
43877	0.21757601
43878	0.21786900
43879	0.21810351
43880	0.21827611
43881	0.21838412
43882	0.21842577
43883	0.21840030
43884	0.21830815
43885	0.21815081
43886	0.21793105
43887	0.21765271
43888	0.21732080
43889	0.21694124
43890	0.21652070
43891	0.21606646
43892	0.21558623
43893	0.21508804
43894	0.21457997
43895	0.21407019
43896	0.21356697
43897	0.21307862
43898	0.21261349
43899	0.21218017
43900	0.21178736
43901	0.21144414
43902	0.21115981
43903	0.21094412
43904	0.21080694
43905	0.21075849
43906	0.21080889
43907	0.21096820
43908	0.21124606
43909	0.21165150
43910	0.21219240
43911	0.21287522
43912	0.21370424
43913	0.21468136
43914	0.21580504
43915	0.21706985
43916	0.21846624
43917	0.21997985
43918	0.22159180
43919	0.22327909
43920	0.22501527
43921	0.22677162
43922	0.22851883
43923	0.23022854
43924	0.23187500
43925	0.23343654
43926	0.23489645
43927	0.23624356
43928	0.23747273
43929	0.23858379
43930	0.23958160
43931	0.24047470
43932	0.24127518
43933	0.24199799
43934	0.24266006
43935	0.24328066
43936	0.24388108
43937	0.24448545
43938	0.24512285
43939	0.24582788
43940	0.24664542
43941	0.24763620
43942	0.24888460
43943	0.25051564
43944	0.25271884
43945	0.25579447
43946	0.26023862
43947	0.26691619
43948	0.27745008
43949	0.29521093
43950	0.32838485
43951	0.40304175
43952	0.66923702
43953	NaN
43954	NaN
43955	NaN
43956	NaN
43957	NaN
43958	NaN
43959	NaN
43960	NaN
43961	NaN
43962	NaN
43963	NaN
43964	NaN
43965	NaN
43966	NaN
43967	NaN
43968	NaN
43969	NaN
43970	NaN
43971	NaN
43972	NaN
43973	NaN
43974	NaN
43975	NaN
43976	NaN
43977	NaN
43978	NaN
43979	NaN
43980	NaN
43981	NaN
43982	NaN
43983	NaN
43984	NaN
43985	NaN
43986	NaN
43987	NaN
43988	NaN
43989	NaN
43990	NaN
43991	NaN
43992	NaN
43993	NaN
43994	NaN
43995	NaN
43996	NaN
43997	NaN
43998	NaN
43999	NaN
44000	NaN
44001	NaN
44002	NaN
44003	NaN
44004	NaN
44005	NaN
44006	NaN
44007	NaN
44008	NaN
44009	NaN
44010	NaN
44011	NaN
44012	NaN
44013	NaN
44014	NaN
44015	NaN
44016	NaN
44017	NaN
44018	NaN
44019	NaN
44020	NaN
44021	NaN
44022	NaN
44023	NaN
44024	NaN
44025	NaN
44026	NaN
44027	NaN
44028	NaN
44029	NaN
44030	NaN
44031	NaN
44032	NaN
44033	NaN
44034	NaN
44035	NaN
44036	NaN
44037	NaN
44038	NaN
44039	NaN
44040	NaN
44041	NaN
44042	NaN
44043	NaN
44044	NaN
44045	NaN
44046	NaN
44047	0.95927280
44048	0.54169989
44049	0.43473962
44050	0.38558576
44051	0.35726243
44052	0.33880907
44053	0.32582259
44054	0.31619045
44055	0.30877218
44056	0.30289721
44057	0.29814443
44058	0.29423591
44059	0.29098019
44060	0.28824085
44061	0.28591794
44062	0.28393638
44063	0.28223881
44064	0.28078091
44065	0.27952784
44066	0.27845237
44067	0.27753311
44068	0.27675349
44069	0.27610075
44070	0.27556536
44071	0.27514049
44072	0.27482137
44073	0.27460501
44074	0.27448970
44075	0.27447453
44076	0.27455896
44077	0.27474239
44078	0.27502361
44079	0.27540028
44080	0.27586848
44081	0.27642223
44082	0.27705300
44083	0.27774948
44084	0.27849722
44085	0.27927887
44086	0.28007418
44087	0.28086063
44088	0.28161424
44089	0.28231040
44090	0.28292534
44091	0.28343734
44092	0.28382811
44093	0.28408402
44094	0.28419703
44095	0.28416535
44096	0.28399342
44097	0.28369156
44098	0.28327534
44099	0.28276435
44100	0.28218108
44101	0.28154942
44102	0.28089350
44103	0.28023660
44104	0.27960017
44105	0.27900332
44106	0.27846232
44107	0.27799037
44108	0.27759776
44109	0.27729163
44110	0.27707642
44111	0.27695388
44112	0.27692336
44113	0.27698192
44114	0.27712461
44115	0.27734444
44116	0.27763277
44117	0.27797937
44118	0.27837256
44119	0.27879959
44120	0.27924708
44121	0.27970117
44122	0.28014830
44123	0.28057548
44124	0.28097105
44125	0.28132501
44126	0.28162938
44127	0.28187862
44128	0.28206968
44129	0.28220204
44130	0.28227735
44131	0.28229946
44132	0.28227371
44133	0.28220680
44134	0.28210616
44135	0.28197974
44136	0.28183547
44137	0.28168109
44138	0.28152400
44139	0.28137100
44140	0.28122833
44141	0.28110164
44142	0.28099597
44143	0.28091589
44144	0.28086543
44145	0.28084838
44146	0.28086799
44147	0.28092727
44148	0.28102887
44149	0.28117493
44150	0.28136721
44151	0.28160682
44152	0.28189439
44153	0.28222975
44154	0.28261206
44155	0.28303978
44156	0.28351066
44157	0.28402179
44158	0.28456959
44159	0.28515008
44160	0.28575870
44161	0.28639069
44162	0.28704080
44163	0.28770360
44164	0.28837335
44165	0.28904405
44166	0.28970939
44167	0.29036269
44168	0.29099694
44169	0.29160494
44170	0.29217899
44171	0.29271126
44172	0.29319379
44173	0.29361850
44174	0.29397765
44175	0.29426372
44176	0.29447001
44177	0.29459062
44178	0.29462108
44179	0.29455858
44180	0.29440227
44181	0.29415384
44182	0.29381743
44183	0.29340023
44184	0.29291245
44185	0.29236713
44186	0.29178017
44187	0.29116985
44188	0.29055649
44189	0.28996167
44190	0.28940755
44191	0.28891629
44192	0.28850913
44193	0.28820583
44194	0.28802416
44195	0.28797919
44196	0.28808311
44197	0.28834501
44198	0.28877068
44199	0.28936231
44200	0.29011890
44201	0.29103595
44202	0.29210550
44203	0.29331627
44204	0.29465371
44205	0.29609993
44206	0.29763377
44207	0.29923108
44208	0.30086485
44209	0.30250540
44210	0.30412105
44211	0.30567858
44212	0.30714417
44213	0.30848423
44214	0.30966669
44215	0.31066206
44216	0.31144491
44217	0.31199470
44218	0.31229737
44219	0.31234574
44220	0.31214023
44221	0.31168905
44222	0.31100792
44223	0.31011984
44224	0.30905396
44225	0.30784491
44226	0.30653146
44227	0.30515546
44228	0.30376077
44229	0.30239195
44230	0.30109349
44231	0.29990909
44232	0.29888073
44233	0.29804826
44234	0.29744899
44235	0.29711697
44236	0.29708275
44237	0.29737282
44238	0.29800856
44239	0.29900599
44240	0.30037457
44241	0.30211598
44242	0.30422345
44243	0.30668053
44244	0.30946025
44245	0.31252456
44246	0.31582424
44247	0.31929973
44248	0.32288238
44249	0.32649642
44250	0.33006215
44251	0.33349919
44252	0.33673036
44253	0.33968517
44254	0.34230322
44255	0.34453648
44256	0.34635121
44257	0.34772792
44258	0.34866178
44259	0.34916064
44260	0.34924397
44261	0.34894067
44262	0.34828711
44263	0.34732580
44264	0.34610385
44265	0.34467205
44266	0.34308508
44267	0.34140185
44268	0.33968648
44269	0.33801055
44270	0.33645526
44271	0.33511630
44272	0.33410868
44273	0.33357307
44274	0.33368513
44275	0.33466583
44276	0.33679450
44277	0.34042537
44278	0.34600404
44279	0.35408935
44280	0.36537662
44281	0.38072458
44282	0.40119320
44283	0.42809939
44284	0.46311182
44285	0.50844705
44286	0.56725031
44287	0.64438498
44288	0.74814039
44289	0.89423764
44290	1.11668742
44291	1.50446403
44292	2.38339233
44293	6.62892675
44294	NaN
44295	NaN
44296	NaN
44297	NaN
44298	NaN
44299	NaN
44300	NaN
44301	NaN
44302	NaN
44303	NaN
44304	NaN
44305	NaN
44306	NaN
44307	NaN
44308	NaN
44309	NaN
44310	NaN
44311	NaN
44312	NaN
44313	NaN
44314	NaN
44315	NaN
44316	NaN
44317	NaN
44318	NaN
44319	NaN
44320	NaN
44321	NaN
44322	NaN
44323	NaN
44324	NaN
44325	NaN
44326	NaN
44327	NaN
44328	NaN
44329	NaN
44330	NaN
44331	NaN
44332	NaN
44333	NaN
44334	NaN
44335	NaN
44336	NaN
44337	NaN
44338	NaN
44339	NaN
44340	NaN
44341	NaN
44342	NaN
44343	NaN
44344	NaN
44345	NaN
44346	NaN
44347	NaN
44348	NaN
44349	NaN
44350	NaN
44351	NaN
44352	NaN
44353	NaN
44354	NaN
44355	NaN
44356	NaN
44357	NaN
44358	NaN
44359	NaN
44360	NaN
44361	NaN
44362	NaN
44363	NaN
44364	NaN
44365	NaN
44366	NaN
44367	NaN
44368	NaN
44369	NaN
44370	NaN
44371	NaN
44372	NaN
44373	NaN
44374	NaN
44375	NaN
44376	NaN
44377	NaN
44378	NaN
44379	NaN
44380	NaN
44381	NaN
44382	1.19779813
44383	0.52880156
44384	0.39211664
44385	0.33383477
44386	0.30200434
44387	0.28232118
44388	0.26924461
44389	0.26016921
44390	0.25370300
44391	0.24903056
44392	0.24564041
44393	0.24319369
44394	0.24145630
44395	0.24026097
44396	0.23948458
44397	0.23903479
44398	0.23884097
44399	0.23884852
44400	0.23901474
44401	0.23930575
44402	0.23969457
44403	0.24015941
44404	0.24068245
44405	0.24124879
44406	0.24184568
44407	0.24246185
44408	0.24308698
44409	0.24371123
44410	0.24432518
44411	0.24491927
44412	0.24548393
44413	0.24600950
44414	0.24648632
44415	0.24690478
44416	0.24725559
44417	0.24753001
44418	0.24772011
44419	0.24781914
44420	0.24782197
44421	0.24772531
44422	0.24752805
44423	0.24723168
44424	0.24684057
44425	0.24636200
44426	0.24580632
44427	0.24518701
44428	0.24452022
44429	0.24382447
44430	0.24312024
44431	0.24242908
44432	0.24177289
44433	0.24117301
44434	0.24064943
44435	0.24022005
44436	0.23990004
44437	0.23970143
44438	0.23963283
44439	0.23969941
44440	0.23990275
44441	0.24024110
44442	0.24070941
44443	0.24129967
44444	0.24200092
44445	0.24279945
44446	0.24367897
44447	0.24462077
44448	0.24560396
44449	0.24660575
44450	0.24760187
44451	0.24856707
44452	0.24947596
44453	0.25030366
44454	0.25102684
44455	0.25162464
44456	0.25207981
44457	0.25237927
44458	0.25251514
44459	0.25248504
44460	0.25229225
44461	0.25194559
44462	0.25145882
44463	0.25084993
44464	0.25014004
44465	0.24935241
44466	0.24851121
44467	0.24764055
44468	0.24676348
44469	0.24590147
44470	0.24507359
44471	0.24429642
44472	0.24358386
44473	0.24294704
44474	0.24239463
44475	0.24193279
44476	0.24156553
44477	0.24129491
44478	0.24112123
44479	0.24104327
44480	0.24105822
44481	0.24116199
44482	0.24134910
44483	0.24161294
44484	0.24194555
44485	0.24233784
44486	0.24277981
44487	0.24326050
44488	0.24376842
44489	0.24429169
44490	0.24481842
44491	0.24533696
44492	0.24583633
44493	0.24630642
44494	0.24673820
44495	0.24712393
44496	0.24745737
44497	0.24773355
44498	0.24794905
44499	0.24810173
44500	0.24819060
44501	0.24821579
44502	0.24817844
44503	0.24808046
44504	0.24792463
44505	0.24771433
44506	0.24745381
44507	0.24714802
44508	0.24680272
44509	0.24642438
44510	0.24602035
44511	0.24559870
44512	0.24516813
44513	0.24473779
44514	0.24431713
44515	0.24391544
44516	0.24354184
44517	0.24320470
44518	0.24291153
44519	0.24266866
44520	0.24248101
44521	0.24235202
44522	0.24228364
44523	0.24227636
44524	0.24232917
44525	0.24243993
44526	0.24260542
44527	0.24282157
44528	0.24308373
44529	0.24338663
44530	0.24372466
44531	0.24409202
44532	0.24448270
44533	0.24489045
44534	0.24530895
44535	0.24573162
44536	0.24615179
44537	0.24656260
44538	0.24695700
44539	0.24732794
44540	0.24766819
44541	0.24797066
44542	0.24822834
44543	0.24843463
44544	0.24858329
44545	0.24866875
44546	0.24868627
44547	0.24863222
44548	0.24850427
44549	0.24830164
44550	0.24802530
44551	0.24767806
44552	0.24726482
44553	0.24679239
44554	0.24626952
44555	0.24570651
44556	0.24511501
44557	0.24450773
44558	0.24389778
44559	0.24329859
44560	0.24272338
44561	0.24218489
44562	0.24169530
44563	0.24126601
44564	0.24090749
44565	0.24062961
44566	0.24044132
44567	0.24035090
44568	0.24036582
44569	0.24049275
44570	0.24073732
44571	0.24110401
44572	0.24159557
44573	0.24221294
44574	0.24295454
44575	0.24381585
44576	0.24478905
44577	0.24586256
44578	0.24702077
44579	0.24824402
44580	0.24950878
44581	0.25078839
44582	0.25205383
44583	0.25327486
44584	0.25442174
44585	0.25546688
44586	0.25638610
44587	0.25716040
44588	0.25777656
44589	0.25822777
44590	0.25851369
44591	0.25863987
44592	0.25861698
44593	0.25845954
44594	0.25818497
44595	0.25781253
44596	0.25736207
44597	0.25685400
44598	0.25630853
44599	0.25574535
44600	0.25518417
44601	0.25464520
44602	0.25414929
44603	0.25371963
44604	0.25338206
44605	0.25316790
44606	0.25311521
44607	0.25327155
44608	0.25369737
44609	0.25446931
44610	0.25568527
44611	0.25747034
44612	0.25998020
44613	0.26340953
44614	0.26799622
44615	0.27402759
44616	0.28185013
44617	0.29188001
44618	0.30463040
44619	0.32076442
44620	0.34119534
44621	0.36729082
44622	0.40126291
44623	0.44698459
44624	0.51188684
44625	0.61205590
44626	0.78953135
44627	1.19855511
44628	3.22048163
44629	NaN
44630	NaN
44631	NaN
44632	NaN
44633	NaN
44634	NaN
44635	NaN
44636	NaN
44637	NaN
44638	NaN
44639	NaN
44640	NaN
44641	NaN
44642	NaN
44643	NaN
44644	NaN
44645	NaN
44646	NaN
44647	NaN
44648	NaN
44649	NaN
44650	NaN
44651	NaN
44652	NaN
44653	NaN
44654	NaN
44655	NaN
44656	NaN
44657	NaN
44658	NaN
44659	NaN
44660	NaN
44661	NaN
44662	NaN
44663	NaN
44664	NaN
44665	NaN
44666	NaN
44667	NaN
44668	NaN
44669	NaN
44670	NaN
44671	NaN
44672	NaN
44673	NaN
44674	NaN
44675	NaN
44676	NaN
44677	NaN
44678	NaN
44679	NaN
44680	NaN
44681	NaN
44682	NaN
44683	NaN
44684	NaN
44685	NaN
44686	NaN
44687	NaN
44688	NaN
44689	NaN
44690	NaN
44691	NaN
44692	NaN
44693	NaN
44694	NaN
44695	NaN
44696	NaN
44697	NaN
44698	NaN
44699	NaN
44700	NaN
44701	NaN
44702	NaN
44703	NaN
44704	NaN
44705	NaN
44706	NaN
44707	NaN
44708	NaN
44709	NaN
44710	NaN
44711	NaN
44712	NaN
44713	NaN
44714	NaN
44715	NaN
44716	NaN
44717	NaN
44718	NaN
44719	NaN
44720	0.85300243
44721	0.53601116
44722	0.43776482
44723	0.39009231
44724	0.36208186
44725	0.34376946
44726	0.33096135
44727	0.32158214
44728	0.31448606
44729	0.30898762
44730	0.30465084
44731	0.30118492
44732	0.29838803
44733	0.29611599
44734	0.29426280
44735	0.29274896
44736	0.29151398
44737	0.29051107
44738	0.28970385
44739	0.28906384
44740	0.28856871
44741	0.28820100
44742	0.28794733
44743	0.28779721
44744	0.28774288
44745	0.28777859
44746	0.28790000
44747	0.28810394
44748	0.28838772
44749	0.28874892
44750	0.28918466
44751	0.28969133
44752	0.29026377
44753	0.29089510
44754	0.29157609
44755	0.29229477
44756	0.29303628
44757	0.29378271
44758	0.29451343
44759	0.29520553
44760	0.29583457
44761	0.29637581
44762	0.29680559
44763	0.29710278
44764	0.29725066
44765	0.29723811
44766	0.29706115
44767	0.29672334
44768	0.29623613
44769	0.29561827
44770	0.29489487
44771	0.29409572
44772	0.29325357
44773	0.29240221
44774	0.29157478
44775	0.29080212
44776	0.29011172
44777	0.28952676
44778	0.28906575
44779	0.28874224
44780	0.28856504
44781	0.28853819
44782	0.28866139
44783	0.28893033
44784	0.28933683
44785	0.28986940
44786	0.29051325
44787	0.29125080
44788	0.29206192
44789	0.29292443
44790	0.29381445
44791	0.29470724
44792	0.29557773
44793	0.29640168
44794	0.29715621
44795	0.29782102
44796	0.29837906
44797	0.29881737
44798	0.29912752
44799	0.29930574
44800	0.29935309
44801	0.29927504
44802	0.29908088
44803	0.29878321
44804	0.29839694
44805	0.29793853
44806	0.29742518
44807	0.29687420
44808	0.29630235
44809	0.29572541
44810	0.29515800
44811	0.29461324
44812	0.29410288
44813	0.29363713
44814	0.29322487
44815	0.29287359
44816	0.29258955
44817	0.29237777
44818	0.29224205
44819	0.29218498
44820	0.29220787
44821	0.29231083
44822	0.29249257
44823	0.29275060
44824	0.29308110
44825	0.29347920
44826	0.29393893
44827	0.29445365
44828	0.29501602
44829	0.29561836
44830	0.29625294
44831	0.29691193
44832	0.29758787
44833	0.29827365
44834	0.29896247
44835	0.29964799
44836	0.30032414
44837	0.30098522
44838	0.30162564
44839	0.30223975
44840	0.30282196
44841	0.30336663
44842	0.30386776
44843	0.30431941
44844	0.30471554
44845	0.30505008
44846	0.30531713
44847	0.30551121
44848	0.30562738
44849	0.30566150
44850	0.30561066
44851	0.30547333
44852	0.30524978
44853	0.30494246
44854	0.30455607
44855	0.30409804
44856	0.30357856
44857	0.30301049
44858	0.30240944
44859	0.30179334
44860	0.30118206
44861	0.30059677
44862	0.30005935
44863	0.29959154
44864	0.29921427
44865	0.29894680
44866	0.29880616
44867	0.29880670
44868	0.29895940
44869	0.29927194
44870	0.29974830
44871	0.30038869
44872	0.30118978
44873	0.30214456
44874	0.30324242
44875	0.30446941
44876	0.30580822
44877	0.30723834
44878	0.30873632
44879	0.31027579
44880	0.31182784
44881	0.31336161
44882	0.31484446
44883	0.31624305
44884	0.31752402
44885	0.31865507
44886	0.31960616
44887	0.32035080
44888	0.32086721
44889	0.32113963
44890	0.32115921
44891	0.32092488
44892	0.32044348
44893	0.31973004
44894	0.31880715
44895	0.31770432
44896	0.31645703
44897	0.31510529
44898	0.31369248
44899	0.31226406
44900	0.31086627
44901	0.30954513
44902	0.30834538
44903	0.30730987
44904	0.30647889
44905	0.30588970
44906	0.30557606
44907	0.30556789
44908	0.30589080
44909	0.30656555
44910	0.30760744
44911	0.30902553
44912	0.31082177
44913	0.31299016
44914	0.31551558
44915	0.31837314
44916	0.32152748
44917	0.32493243
44918	0.32853130
44919	0.33225793
44920	0.33603829
44921	0.33979329
44922	0.34344143
44923	0.34690291
44924	0.35010326
44925	0.35297716
44926	0.35547119
44927	0.35754624
44928	0.35917881
44929	0.36036107
44930	0.36110011
44931	0.36141697
44932	0.36134440
44933	0.36092520
44934	0.36021033
44935	0.35925764
44936	0.35813087
44937	0.35689944
44938	0.35563838
44939	0.35443020
44940	0.35336599
44941	0.35254869
44942	0.35209692
44943	0.35214975
44944	0.35287330
44945	0.35446942
44946	0.35718489
44947	0.36132503
44948	0.36726832
44949	0.37548631
44950	0.38656798
44951	0.40124747
44952	0.42044795
44953	0.44533852
44954	0.47742781
44955	0.51872569
44956	0.57204115
44957	0.64156371
44958	0.73407555
44959	0.86164510
44960	1.04842877
44961	1.35098064
44962	1.93901622
44963	3.65400004
44964	NaN
44965	NaN
44966	NaN
44967	NaN
44968	NaN
44969	NaN
44970	NaN
44971	NaN
44972	NaN
44973	NaN
44974	NaN
44975	NaN
44976	NaN
44977	NaN
44978	NaN
44979	NaN
44980	NaN
44981	NaN
44982	NaN
44983	NaN
44984	NaN
44985	NaN
44986	NaN
44987	NaN
44988	NaN
44989	NaN
44990	NaN
44991	NaN
44992	NaN
44993	NaN
44994	NaN
44995	NaN
44996	NaN
44997	NaN
44998	NaN
44999	NaN
45000	NaN
45001	NaN
45002	NaN
45003	NaN
45004	NaN
45005	NaN
45006	NaN
45007	NaN
45008	NaN
45009	NaN
45010	NaN
45011	NaN
45012	NaN
45013	NaN
45014	NaN
45015	NaN
45016	NaN
45017	NaN
45018	NaN
45019	NaN
45020	NaN
45021	NaN
45022	NaN
45023	NaN
45024	NaN
45025	NaN
45026	NaN
45027	NaN
45028	NaN
45029	NaN
45030	NaN
45031	NaN
45032	NaN
45033	NaN
45034	NaN
45035	NaN
45036	NaN
45037	NaN
45038	NaN
45039	NaN
45040	NaN
45041	NaN
45042	NaN
45043	NaN
45044	NaN
45045	NaN
45046	NaN
45047	NaN
45048	NaN
45049	NaN
45050	0.80517083
45051	0.42594472
45052	0.33458138
45053	0.29298583
45054	0.26901674
45055	0.25338176
45056	0.24239075
45057	0.23428161
45058	0.22810282
45059	0.22329244
45060	0.21949516
45061	0.21647373
45062	0.21406241
45063	0.21214116
45064	0.21062015
45065	0.20943035
45066	0.20851749
45067	0.20783794
45068	0.20735602
45069	0.20704199
45070	0.20687063
45071	0.20682004
45072	0.20687099
45073	0.20700623
45074	0.20720991
45075	0.20746723
45076	0.20776424
45077	0.20808755
45078	0.20842420
45079	0.20876159
45080	0.20908763
45081	0.20939057
45082	0.20965946
45083	0.20988415
45084	0.21005554
45085	0.21016587
45086	0.21020901
45087	0.21018051
45088	0.21007809
45089	0.20990156
45090	0.20965305
45091	0.20933717
45092	0.20896088
45093	0.20853332
45094	0.20806570
45095	0.20757093
45096	0.20706320
45097	0.20655744
45098	0.20606875
45099	0.20561182
45100	0.20520036
45101	0.20484652
45102	0.20456062
45103	0.20435071
45104	0.20422256
45105	0.20417942
45106	0.20422229
45107	0.20434995
45108	0.20455922
45109	0.20484513
45110	0.20520112
45111	0.20561923
45112	0.20609035
45113	0.20660411
45114	0.20714922
45115	0.20771341
45116	0.20828372
45117	0.20884660
45118	0.20938814
45119	0.20989455
45120	0.21035236
45121	0.21074900
45122	0.21107338
45123	0.21131621
45124	0.21147056
45125	0.21153228
45126	0.21150014
45127	0.21137607
45128	0.21116501
45129	0.21087478
45130	0.21051551
45131	0.21009931
45132	0.20963949
45133	0.20915002
45134	0.20864499
45135	0.20813783
45136	0.20764099
45137	0.20716567
45138	0.20672144
45139	0.20631619
45140	0.20595616
45141	0.20564601
45142	0.20538890
45143	0.20518675
45144	0.20504031
45145	0.20494944
45146	0.20491324
45147	0.20493020
45148	0.20499831
45149	0.20511498
45150	0.20527732
45151	0.20548198
45152	0.20572512
45153	0.20600252
45154	0.20630935
45155	0.20664029
45156	0.20698951
45157	0.20735070
45158	0.20771717
45159	0.20808192
45160	0.20843789
45161	0.20877819
45162	0.20909603
45163	0.20938523
45164	0.20964025
45165	0.20985627
45166	0.21002936
45167	0.21015657
45168	0.21023585
45169	0.21026613
45170	0.21024725
45171	0.21017994
45172	0.21006584
45173	0.20990732
45174	0.20970772
45175	0.20947111
45176	0.20920239
45177	0.20890726
45178	0.20859216
45179	0.20826420
45180	0.20793106
45181	0.20760082
45182	0.20728177
45183	0.20698214
45184	0.20670986
45185	0.20647225
45186	0.20627579
45187	0.20612574
45188	0.20602608
45189	0.20597915
45190	0.20598583
45191	0.20604533
45192	0.20615539
45193	0.20631227
45194	0.20651124
45195	0.20674662
45196	0.20701213
45197	0.20730120
45198	0.20760714
45199	0.20792343
45200	0.20824400
45201	0.20856313
45202	0.20887579
45203	0.20917740
45204	0.20946419
45205	0.20973291
45206	0.20998088
45207	0.21020603
45208	0.21040674
45209	0.21058179
45210	0.21073051
45211	0.21085243
45212	0.21094751
45213	0.21101598
45214	0.21105839
45215	0.21107551
45216	0.21106851
45217	0.21103878
45218	0.21098788
45219	0.21091779
45220	0.21083060
45221	0.21072859
45222	0.21061409
45223	0.21048951
45224	0.21035714
45225	0.21021920
45226	0.21007770
45227	0.20993443
45228	0.20979095
45229	0.20964867
45230	0.20950893
45231	0.20937283
45232	0.20924149
45233	0.20911610
45234	0.20899786
45235	0.20888819
45236	0.20878869
45237	0.20870109
45238	0.20862743
45239	0.20856979
45240	0.20853058
45241	0.20851211
45242	0.20851679
45243	0.20854694
45244	0.20860474
45245	0.20869206
45246	0.20881037
45247	0.20896058
45248	0.20914300
45249	0.20935705
45250	0.20960113
45251	0.20987272
45252	0.21016823
45253	0.21048295
45254	0.21081136
45255	0.21114743
45256	0.21148463
45257	0.21181673
45258	0.21213765
45259	0.21244274
45260	0.21272817
45261	0.21299161
45262	0.21323216
45263	0.21345070
45264	0.21364920
45265	0.21383139
45266	0.21400177
45267	0.21416651
45268	0.21433285
45269	0.21451026
45270	0.21471044
45271	0.21494892
45272	0.21524592
45273	0.21562935
45274	0.21613710
45275	0.21682246
45276	0.21776015
45277	0.21905604
45278	0.22086315
45279	0.22340703
45280	0.22702475
45281	0.23223346
45282	0.23985571
45283	0.25125712
45284	0.26884529
45285	0.29723907
45286	0.34650287
45287	0.44348153
45288	0.69223744
45289	NaN
45290	NaN
45291	NaN
45292	NaN
45293	NaN
45294	NaN
45295	NaN
45296	NaN
45297	NaN
45298	NaN
45299	NaN
45300	NaN
45301	NaN
45302	NaN
45303	NaN
45304	NaN
45305	NaN
45306	NaN
45307	NaN
45308	NaN
45309	NaN
45310	NaN
45311	NaN
45312	NaN
45313	NaN
45314	NaN
45315	NaN
45316	NaN
45317	NaN
45318	NaN
45319	NaN
45320	NaN
45321	NaN
45322	NaN
45323	NaN
45324	NaN
45325	NaN
45326	NaN
45327	NaN
45328	NaN
45329	NaN
45330	NaN
45331	NaN
45332	NaN
45333	NaN
45334	NaN
45335	NaN
45336	NaN
45337	NaN
45338	NaN
45339	NaN
45340	NaN
45341	NaN
45342	NaN
45343	NaN
45344	NaN
45345	NaN
45346	NaN
45347	NaN
45348	NaN
45349	NaN
45350	NaN
45351	NaN
45352	NaN
45353	NaN
45354	NaN
45355	NaN
45356	NaN
45357	NaN
45358	NaN
45359	NaN
45360	NaN
45361	NaN
45362	NaN
45363	NaN
45364	NaN
45365	NaN
45366	NaN
45367	NaN
45368	NaN
45369	NaN
45370	NaN
45371	NaN
45372	NaN
45373	NaN
45374	NaN
45375	NaN
45376	NaN
45377	NaN
45378	NaN
45379	NaN
45380	NaN
45381	NaN
45382	NaN
45383	NaN
45384	NaN
45385	0.76485002
45386	0.47377881
45387	0.38678572
45388	0.34494355
45389	0.32036078
45390	0.30421358
45391	0.29282987
45392	0.28440759
45393	0.27795842
45394	0.27289382
45395	0.26884091
45396	0.26555124
45397	0.26285243
45398	0.26062065
45399	0.25876456
45400	0.25721511
45401	0.25591925
45402	0.25483578
45403	0.25393230
45404	0.25318339
45405	0.25256896
45406	0.25207350
45407	0.25168493
45408	0.25139415
45409	0.25119445
45410	0.25108081
45411	0.25104979
45412	0.25109890
45413	0.25122616
45414	0.25142983
45415	0.25170785
45416	0.25205749
45417	0.25247493
45418	0.25295493
45419	0.25349030
45420	0.25407189
45421	0.25468823
45422	0.25532579
45423	0.25596908
45424	0.25660098
45425	0.25720361
45426	0.25775895
45427	0.25824982
45428	0.25866100
45429	0.25898004
45430	0.25919822
45431	0.25931117
45432	0.25931916
45433	0.25922707
45434	0.25904405
45435	0.25878298
45436	0.25845948
45437	0.25809091
45438	0.25769535
45439	0.25729084
45440	0.25689432
45441	0.25652108
45442	0.25618446
45443	0.25589535
45444	0.25566226
45445	0.25549117
45446	0.25538585
45447	0.25534782
45448	0.25537667
45449	0.25547022
45450	0.25562468
45451	0.25583497
45452	0.25609472
45453	0.25639656
45454	0.25673231
45455	0.25709304
45456	0.25746948
45457	0.25785208
45458	0.25823128
45459	0.25859788
45460	0.25894317
45461	0.25925937
45462	0.25953963
45463	0.25977850
45464	0.25997204
45465	0.26011771
45466	0.26021481
45467	0.26026410
45468	0.26026785
45469	0.26022974
45470	0.26015452
45471	0.26004797
45472	0.25991645
45473	0.25976682
45474	0.25960609
45475	0.25944120
45476	0.25927910
45477	0.25912619
45478	0.25898856
45479	0.25887191
45480	0.25878140
45481	0.25872183
45482	0.25869751
45483	0.25871235
45484	0.25876993
45485	0.25887328
45486	0.25902510
45487	0.25922745
45488	0.25948179
45489	0.25978875
45490	0.26014823
45491	0.26055914
45492	0.26101944
45493	0.26152608
45494	0.26207498
45495	0.26266137
45496	0.26327950
45497	0.26392323
45498	0.26458582
45499	0.26526025
45500	0.26593944
45501	0.26661617
45502	0.26728326
45503	0.26793364
45504	0.26856020
45505	0.26915601
45506	0.26971412
45507	0.27022767
45508	0.27068985
45509	0.27109393
45510	0.27143350
45511	0.27170250
45512	0.27189544
45513	0.27200779
45514	0.27203619
45515	0.27197883
45516	0.27183577
45517	0.27160913
45518	0.27130356
45519	0.27092618
45520	0.27048662
45521	0.26999721
45522	0.26947233
45523	0.26892832
45524	0.26838303
45525	0.26785496
45526	0.26736301
45527	0.26692557
45528	0.26655999
45529	0.26628199
45530	0.26610550
45531	0.26604187
45532	0.26609999
45533	0.26628590
45534	0.26660302
45535	0.26705191
45536	0.26763028
45537	0.26833323
45538	0.26915330
45539	0.27008036
45540	0.27110195
45541	0.27220300
45542	0.27336633
45543	0.27457246
45544	0.27580008
45545	0.27702603
45546	0.27822584
45547	0.27937421
45548	0.28044549
45549	0.28141436
45550	0.28225681
45551	0.28295091
45552	0.28347757
45553	0.28382167
45554	0.28397262
45555	0.28392521
45556	0.28367993
45557	0.28324315
45558	0.28262722
45559	0.28185022
45560	0.28093532
45561	0.27991009
45562	0.27880585
45563	0.27765667
45564	0.27649847
45565	0.27536806
45566	0.27430254
45567	0.27333844
45568	0.27251107
45569	0.27185410
45570	0.27139911
45571	0.27117491
45572	0.27120751
45573	0.27151924
45574	0.27212870
45575	0.27304980
45576	0.27429122
45577	0.27585575
45578	0.27773929
45579	0.27993020
45580	0.28240854
45581	0.28514531
45582	0.28810281
45583	0.29123420
45584	0.29448494
45585	0.29779384
45586	0.30109510
45587	0.30432105
45588	0.30740491
45589	0.31028393
45590	0.31290197
45591	0.31521246
45592	0.31717932
45593	0.31877914
45594	0.32000047
45595	0.32084394
45596	0.32132104
45597	0.32145265
45598	0.32126778
45599	0.32080242
45600	0.32009763
45601	0.31919962
45602	0.31815898
45603	0.31703153
45604	0.31587887
45605	0.31476998
45606	0.31378406
45607	0.31301311
45608	0.31256545
45609	0.31257176
45610	0.31318995
45611	0.31461135
45612	0.31706923
45613	0.32084590
45614	0.32628205
45615	0.33378589
45616	0.34384266
45617	0.35702699
45618	0.37402192
45619	0.39565060
45620	0.42293674
45621	0.45721814
45622	0.50037318
45623	0.55524844
45624	0.62652302
45625	0.72257882
45626	0.86002046
45627	1.07660639
45628	1.47937953
45629	2.53312993
45630	NaN
45631	NaN
45632	NaN
45633	NaN
45634	NaN
45635	NaN
45636	NaN
45637	NaN
45638	NaN
45639	NaN
45640	NaN
45641	NaN
45642	NaN
45643	NaN
45644	NaN
45645	NaN
45646	NaN
45647	NaN
45648	NaN
45649	NaN
45650	NaN
45651	NaN
45652	NaN
45653	NaN
45654	NaN
45655	NaN
45656	NaN
45657	NaN
45658	NaN
45659	NaN
45660	NaN
45661	NaN
45662	NaN
45663	NaN
45664	NaN
45665	NaN
45666	NaN
45667	NaN
45668	NaN
45669	NaN
45670	NaN
45671	NaN
45672	NaN
45673	NaN
45674	NaN
45675	NaN
45676	NaN
45677	NaN
45678	NaN
45679	NaN
45680	NaN
45681	NaN
45682	NaN
45683	NaN
45684	NaN
45685	NaN
45686	NaN
45687	NaN
45688	NaN
45689	NaN
45690	NaN
45691	NaN
45692	NaN
45693	NaN
45694	NaN
45695	NaN
45696	NaN
45697	NaN
45698	NaN
45699	NaN
45700	NaN
45701	NaN
45702	NaN
45703	NaN
45704	NaN
45705	NaN
45706	NaN
45707	NaN
45708	NaN
45709	NaN
45710	NaN
45711	NaN
45712	NaN
45713	NaN
45714	0.49686927
45715	0.33167225
45716	0.28005442
45717	0.25444311
45718	0.23900834
45719	0.22867197
45720	0.22129630
45721	0.21581970
45722	0.21165109
45723	0.20843233
45724	0.20593172
45725	0.20399122
45726	0.20249803
45727	0.20136879
45728	0.20053951
45729	0.19996029
45730	0.19959079
45731	0.19939819
45732	0.19935496
45733	0.19943786
45734	0.19962683
45735	0.19990432
45736	0.20025459
45737	0.20066349
45738	0.20111783
45739	0.20160516
45740	0.20211364
45741	0.20263174
45742	0.20314817
45743	0.20365180
45744	0.20413184
45745	0.20457758
45746	0.20497899
45747	0.20532651
45748	0.20561150
45749	0.20582645
45750	0.20596522
45751	0.20602342
45752	0.20599855
45753	0.20589048
45754	0.20570138
45755	0.20543604
45756	0.20510182
45757	0.20470861
45758	0.20426847
45759	0.20379546
45760	0.20330507
45761	0.20281374
45762	0.20233828
45763	0.20189507
45764	0.20149963
45765	0.20116596
45766	0.20090613
45767	0.20072988
45768	0.20064448
45769	0.20065452
45770	0.20076218
45771	0.20096706
45772	0.20126650
45773	0.20165578
45774	0.20212825
45775	0.20267551
45776	0.20328754
45777	0.20395282
45778	0.20465849
45779	0.20539035
45780	0.20613326
45781	0.20687115
45782	0.20758747
45783	0.20826554
45784	0.20888914
45785	0.20944290
45786	0.20991315
45787	0.21028829
45788	0.21055941
45789	0.21072085
45790	0.21077032
45791	0.21070911
45792	0.21054195
45793	0.21027677
45794	0.20992425
45795	0.20949724
45796	0.20901000
45797	0.20847768
45798	0.20791548
45799	0.20733832
45800	0.20676023
45801	0.20619401
45802	0.20565116
45803	0.20514166
45804	0.20467401
45805	0.20425533
45806	0.20389135
45807	0.20358667
45808	0.20334475
45809	0.20316808
45810	0.20305823
45811	0.20301588
45812	0.20304073
45813	0.20313168
45814	0.20328653
45815	0.20350219
45816	0.20377450
45817	0.20409818
45818	0.20446700
45819	0.20487362
45820	0.20530987
45821	0.20576674
45822	0.20623466
45823	0.20670365
45824	0.20716356
45825	0.20760442
45826	0.20801660
45827	0.20839114
45828	0.20871983
45829	0.20899561
45830	0.20921253
45831	0.20936589
45832	0.20945239
45833	0.20947009
45834	0.20941852
45835	0.20929866
45836	0.20911282
45837	0.20886484
45838	0.20855992
45839	0.20820467
45840	0.20780694
45841	0.20737593
45842	0.20692183
45843	0.20645583
45844	0.20598979
45845	0.20553604
45846	0.20510697
45847	0.20471470
45848	0.20437060
45849	0.20408516
45850	0.20386729
45851	0.20372416
45852	0.20366110
45853	0.20368119
45854	0.20378534
45855	0.20397237
45856	0.20423906
45857	0.20458025
45858	0.20498940
45859	0.20545855
45860	0.20597884
45861	0.20654061
45862	0.20713389
45863	0.20774853
45864	0.20837440
45865	0.20900173
45866	0.20962112
45867	0.21022369
45868	0.21080126
45869	0.21134640
45870	0.21185237
45871	0.21231325
45872	0.21272381
45873	0.21307968
45874	0.21337739
45875	0.21361418
45876	0.21378820
45877	0.21389857
45878	0.21394548
45879	0.21393019
45880	0.21385515
45881	0.21372420
45882	0.21354236
45883	0.21331599
45884	0.21305263
45885	0.21276070
45886	0.21244942
45887	0.21212837
45888	0.21180724
45889	0.21149564
45890	0.21120259
45891	0.21093661
45892	0.21070535
45893	0.21051580
45894	0.21037415
45895	0.21028592
45896	0.21025603
45897	0.21028896
45898	0.21038885
45899	0.21055953
45900	0.21080454
45901	0.21112707
45902	0.21152990
45903	0.21201518
45904	0.21258430
45905	0.21323760
45906	0.21397410
45907	0.21479118
45908	0.21568438
45909	0.21664698
45910	0.21766980
45911	0.21874127
45912	0.21984723
45913	0.22097141
45914	0.22209573
45915	0.22320110
45916	0.22426841
45917	0.22527957
45918	0.22621866
45919	0.22707325
45920	0.22783501
45921	0.22850074
45922	0.22907242
45923	0.22955751
45924	0.22996852
45925	0.23032257
45926	0.23064090
45927	0.23094863
45928	0.23127437
45929	0.23165026
45930	0.23211259
45931	0.23270285
45932	0.23346965
45933	0.23447159
45934	0.23578094
45935	0.23749009
45936	0.23972018
45937	0.24263535
45938	0.24646403
45939	0.25153279
45940	0.25832683
45941	0.26759559
45942	0.28055564
45943	0.29931536
45944	0.32785931
45945	0.37470993
45946	0.46193382
45947	0.66973370
45948	1.69838917
45949	NaN
45950	NaN
45951	NaN
45952	NaN
45953	NaN
45954	NaN
45955	NaN
45956	NaN
45957	NaN
45958	NaN
45959	NaN
45960	NaN
45961	NaN
45962	NaN
45963	NaN
45964	NaN
45965	NaN
45966	NaN
45967	NaN
45968	NaN
45969	NaN
45970	NaN
45971	NaN
45972	NaN
45973	NaN
45974	NaN
45975	NaN
45976	NaN
45977	NaN
45978	NaN
45979	NaN
45980	NaN
45981	NaN
45982	NaN
45983	NaN
45984	NaN
45985	NaN
45986	NaN
45987	NaN
45988	NaN
45989	NaN
45990	NaN
45991	NaN
45992	NaN
45993	NaN
45994	NaN
45995	NaN
45996	NaN
45997	NaN
45998	NaN
45999	NaN
46000	NaN
46001	NaN
46002	NaN
46003	NaN
46004	NaN
46005	NaN
46006	NaN
46007	NaN
46008	NaN
46009	NaN
46010	NaN
46011	NaN
46012	NaN
46013	NaN
46014	NaN
46015	NaN
46016	NaN
46017	NaN
46018	NaN
46019	NaN
46020	NaN
46021	NaN
46022	NaN
46023	NaN
46024	NaN
46025	NaN
46026	NaN
46027	NaN
46028	NaN
46029	NaN
46030	NaN
46031	NaN
46032	NaN
46033	NaN
46034	NaN
46035	NaN
46036	NaN
46037	NaN
46038	NaN
46039	NaN
46040	NaN
46041	NaN
46042	NaN
46043	1.00184786
46044	0.62810940
46045	0.51266032
46046	0.45678404
46047	0.42400905
46048	0.40259287
46049	0.38759983
46050	0.37659267
46051	0.36822852
46052	0.36170655
46053	0.35651913
46054	0.35232869
46055	0.34890214
46056	0.34607318
46057	0.34372014
46058	0.34175193
46059	0.34009933
46060	0.33870891
46061	0.33753926
46062	0.33655784
46063	0.33573940
46064	0.33506435
46065	0.33451781
46066	0.33408862
46067	0.33376870
46068	0.33355251
46069	0.33343634
46070	0.33341774
46071	0.33349505
46072	0.33366653
46073	0.33393002
46074	0.33428219
46075	0.33471805
46076	0.33523050
46077	0.33581001
46078	0.33644435
46079	0.33711860
46080	0.33781537
46081	0.33851519
46082	0.33919698
46083	0.33983892
46084	0.34041956
46085	0.34091860
46086	0.34131828
46087	0.34160423
46088	0.34176654
46089	0.34180036
46090	0.34170645
46091	0.34149101
46092	0.34116548
46093	0.34074602
46094	0.34025225
46095	0.33970660
46096	0.33913276
46097	0.33855483
46098	0.33799598
46099	0.33747780
46100	0.33701941
46101	0.33663696
46102	0.33634314
46103	0.33614716
46104	0.33605444
46105	0.33606678
46106	0.33618245
46107	0.33639622
46108	0.33669987
46109	0.33708233
46110	0.33753011
46111	0.33802772
46112	0.33855823
46113	0.33910382
46114	0.33964631
46115	0.34016782
46116	0.34065145
46117	0.34108195
46118	0.34144613
46119	0.34173357
46120	0.34193692
46121	0.34205207
46122	0.34207833
46123	0.34201831
46124	0.34187767
46125	0.34166476
46126	0.34139007
46127	0.34106582
46128	0.34070528
46129	0.34032220
46130	0.33993047
46131	0.33954328
46132	0.33917323
46133	0.33883166
46134	0.33852860
46135	0.33827257
46136	0.33807042
46137	0.33792752
46138	0.33784756
46139	0.33783266
46140	0.33788362
46141	0.33799979
46142	0.33817935
46143	0.33841947
46144	0.33871642
46145	0.33906567
46146	0.33946213
46147	0.33990014
46148	0.34037396
46149	0.34087768
46150	0.34140536
46151	0.34195146
46152	0.34251070
46153	0.34307829
46154	0.34365013
46155	0.34422266
46156	0.34479302
46157	0.34535888
46158	0.34591845
46159	0.34647033
46160	0.34701326
46161	0.34754607
46162	0.34806743
46163	0.34857568
46164	0.34906879
46165	0.34954411
46166	0.34999847
46167	0.35042807
46168	0.35082871
46169	0.35119566
46170	0.35152406
46171	0.35180888
46172	0.35204530
46173	0.35222888
46174	0.35235590
46175	0.35242355
46176	0.35243028
46177	0.35237592
46178	0.35226211
46179	0.35209224
46180	0.35187179
46181	0.35160822
46182	0.35131097
46183	0.35099137
46184	0.35066235
46185	0.35033813
46186	0.35003391
46187	0.34976524
46188	0.34954777
46189	0.34939671
46190	0.34932628
46191	0.34934950
46192	0.34947762
46193	0.34971994
46194	0.35008341
46195	0.35057253
46196	0.35118899
46197	0.35193154
46198	0.35279596
46199	0.35377479
46200	0.35485756
46201	0.35603043
46202	0.35727674
46203	0.35857686
46204	0.35990870
46205	0.36124793
46206	0.36256865
46207	0.36384395
46208	0.36504671
46209	0.36615035
46210	0.36712983
46211	0.36796257
46212	0.36862946
46213	0.36911580
46214	0.36941174
46215	0.36951351
46216	0.36942318
46217	0.36914933
46218	0.36870664
46219	0.36811581
46220	0.36740294
46221	0.36659887
46222	0.36573830
46223	0.36485901
46224	0.36400095
46225	0.36320519
46226	0.36251327
46227	0.36196625
46228	0.36160415
46229	0.36146507
46230	0.36158460
46231	0.36199549
46232	0.36272666
46233	0.36380264
46234	0.36524293
46235	0.36706105
46236	0.36926350
46237	0.37184891
46238	0.37480673
46239	0.37811643
46240	0.38174668
46241	0.38565454
46242	0.38978571
46243	0.39407492
46244	0.39844742
46245	0.40282115
46246	0.40710923
46247	0.41122463
46248	0.41508368
46249	0.41861007
46250	0.42173949
46251	0.42442253
46252	0.42662707
46253	0.42833954
46254	0.42956418
46255	0.43032327
46256	0.43065420
46257	0.43060762
46258	0.43024489
46259	0.42963666
46260	0.42886031
46261	0.42800063
46262	0.42714924
46263	0.42640650
46264	0.42588556
46265	0.42571619
46266	0.42605418
46267	0.42709169
46268	0.42907485
46269	0.43232837
46270	0.43729314
46271	0.44458702
46272	0.45510125
46273	0.47016573
46274	0.49185339
46275	0.52356374
46276	0.57128108
46277	0.64660233
46278	0.77537215
46279	1.02952409
46280	1.71392941
46281	NaN
46282	NaN
46283	NaN
46284	NaN
46285	NaN
46286	NaN
46287	NaN
46288	NaN
46289	NaN
46290	NaN
46291	NaN
46292	NaN
46293	NaN
46294	NaN
46295	NaN
46296	NaN
46297	NaN
46298	NaN
46299	NaN
46300	NaN
46301	NaN
46302	NaN
46303	NaN
46304	NaN
46305	NaN
46306	NaN
46307	NaN
46308	NaN
46309	NaN
46310	NaN
46311	NaN
46312	NaN
46313	NaN
46314	NaN
46315	NaN
46316	NaN
46317	NaN
46318	NaN
46319	NaN
46320	NaN
46321	NaN
46322	NaN
46323	NaN
46324	NaN
46325	NaN
46326	NaN
46327	NaN
46328	NaN
46329	NaN
46330	NaN
46331	NaN
46332	NaN
46333	NaN
46334	NaN
46335	NaN
46336	NaN
46337	NaN
46338	NaN
46339	NaN
46340	NaN
46341	NaN
46342	NaN
46343	NaN
46344	NaN
46345	NaN
46346	NaN
46347	NaN
46348	NaN
46349	NaN
46350	NaN
46351	NaN
46352	NaN
46353	NaN
46354	NaN
46355	NaN
46356	NaN
46357	NaN
46358	NaN
46359	NaN
46360	NaN
46361	NaN
46362	NaN
46363	NaN
46364	NaN
46365	NaN
46366	NaN
46367	NaN
46368	1.86689067
46369	0.57626534
46370	0.43504953
46371	0.38008419
46372	0.35047805
46373	0.33179137
46374	0.31883246
46375	0.30927345
46376	0.30191272
46377	0.29606560
46378	0.29131249
46379	0.28738108
46380	0.28408629
46381	0.28129774
46382	0.27892047
46383	0.27688375
46384	0.27513343
46385	0.27362728
46386	0.27233171
46387	0.27121949
46388	0.27026808
46389	0.26945850
46390	0.26877430
46391	0.26820111
46392	0.26772591
46393	0.26733685
46394	0.26702276
46395	0.26677316
46396	0.26657802
46397	0.26642767
46398	0.26631281
46399	0.26622471
46400	0.26615512
46401	0.26609644
46402	0.26604185
46403	0.26598546
46404	0.26592228
46405	0.26584846
46406	0.26576105
46407	0.26565823
46408	0.26553914
46409	0.26540378
46410	0.26525316
46411	0.26508892
46412	0.26491362
46413	0.26473042
46414	0.26454327
46415	0.26435673
46416	0.26417598
46417	0.26400682
46418	0.26385537
46419	0.26372811
46420	0.26363152
46421	0.26357198
46422	0.26355529
46423	0.26358679
46424	0.26367077
46425	0.26381040
46426	0.26400748
46427	0.26426220
46428	0.26457313
46429	0.26493695
46430	0.26534826
46431	0.26579982
46432	0.26628244
46433	0.26678497
46434	0.26729485
46435	0.26779813
46436	0.26828018
46437	0.26872605
46438	0.26912123
46439	0.26945224
46440	0.26970744
46441	0.26987749
46442	0.26995596
46443	0.26993975
46444	0.26982918
46445	0.26962799
46446	0.26934299
46447	0.26898378
46448	0.26856217
46449	0.26809147
46450	0.26758587
46451	0.26705986
46452	0.26652762
46453	0.26600257
46454	0.26549694
46455	0.26502153
46456	0.26458561
46457	0.26419666
46458	0.26386046
46459	0.26358107
46460	0.26336077
46461	0.26320034
46462	0.26309901
46463	0.26305476
46464	0.26306430
46465	0.26312330
46466	0.26322657
46467	0.26336834
46468	0.26354229
46469	0.26374191
46470	0.26396069
46471	0.26419213
46472	0.26443017
46473	0.26466921
46474	0.26490429
46475	0.26513118
46476	0.26534632
46477	0.26554695
46478	0.26573107
46479	0.26589733
46480	0.26604488
46481	0.26617342
46482	0.26628295
46483	0.26637375
46484	0.26644629
46485	0.26650119
46486	0.26653901
46487	0.26656049
46488	0.26656634
46489	0.26655725
46490	0.26653397
46491	0.26649740
46492	0.26644835
46493	0.26638797
46494	0.26631746
46495	0.26623830
46496	0.26615214
46497	0.26606071
46498	0.26596603
46499	0.26587003
46500	0.26577476
46501	0.26568216
46502	0.26559401
46503	0.26551190
46504	0.26543725
46505	0.26537123
46506	0.26531497
46507	0.26526946
46508	0.26523566
46509	0.26521468
46510	0.26520768
46511	0.26521608
46512	0.26524150
46513	0.26528564
46514	0.26535037
46515	0.26543772
46516	0.26554939
46517	0.26568717
46518	0.26585224
46519	0.26604551
46520	0.26626712
46521	0.26651660
46522	0.26679251
46523	0.26709267
46524	0.26741379
46525	0.26775172
46526	0.26810130
46527	0.26845664
46528	0.26881102
46529	0.26915708
46530	0.26948714
46531	0.26979324
46532	0.27006742
46533	0.27030209
46534	0.27049023
46535	0.27062565
46536	0.27070326
46537	0.27071947
46538	0.27067214
46539	0.27056095
46540	0.27038729
46541	0.27015448
46542	0.26986751
46543	0.26953310
46544	0.26915944
46545	0.26875597
46546	0.26833332
46547	0.26790282
46548	0.26747641
46549	0.26706621
46550	0.26668432
46551	0.26634246
46552	0.26605171
46553	0.26582205
46554	0.26566234
46555	0.26557991
46556	0.26558024
46557	0.26566687
46558	0.26584122
46559	0.26610216
46560	0.26644626
46561	0.26686722
46562	0.26735622
46563	0.26790169
46564	0.26848927
46565	0.26910248
46566	0.26972297
46567	0.27033097
46568	0.27090645
46569	0.27142966
46570	0.27188271
46571	0.27225053
46572	0.27252170
46573	0.27268967
46574	0.27275321
46575	0.27271691
46576	0.27259126
46577	0.27239215
46578	0.27214068
46579	0.27186254
46580	0.27158719
46581	0.27134770
46582	0.27118045
46583	0.27112505
46584	0.27122456
46585	0.27152625
46586	0.27208313
46587	0.27295518
46588	0.27421117
46589	0.27593201
46590	0.27821368
46591	0.28117231
46592	0.28494880
46593	0.28971595
46594	0.29568851
46595	0.30313554
46596	0.31239748
46597	0.32391056
46598	0.33824426
46599	0.35615703
46600	0.37869138
46601	0.40733045
46602	0.44429258
46603	0.49309713
46604	0.55977011
46605	0.65568495
46606	0.80536503
46607	1.07339621
46608	1.70273542
46609	5.09413433
46610	NaN
46611	NaN
46612	NaN
46613	NaN
46614	NaN
46615	NaN
46616	NaN
46617	NaN
46618	NaN
46619	NaN
46620	NaN
46621	NaN
46622	NaN
46623	NaN
46624	NaN
46625	NaN
46626	NaN
46627	NaN
46628	NaN
46629	NaN
46630	NaN
46631	NaN
46632	NaN
46633	NaN
46634	NaN
46635	NaN
46636	NaN
46637	NaN
46638	NaN
46639	NaN
46640	NaN
46641	NaN
46642	NaN
46643	NaN
46644	NaN
46645	NaN
46646	NaN
46647	NaN
46648	NaN
46649	NaN
46650	NaN
46651	NaN
46652	NaN
46653	NaN
46654	NaN
46655	NaN
46656	NaN
46657	NaN
46658	NaN
46659	NaN
46660	NaN
46661	NaN
46662	NaN
46663	NaN
46664	NaN
46665	NaN
46666	NaN
46667	NaN
46668	NaN
46669	NaN
46670	NaN
46671	NaN
46672	NaN
46673	NaN
46674	NaN
46675	NaN
46676	NaN
46677	NaN
46678	NaN
46679	NaN
46680	NaN
46681	NaN
46682	NaN
46683	NaN
46684	NaN
46685	NaN
46686	NaN
46687	NaN
46688	NaN
46689	NaN
46690	NaN
46691	NaN
46692	NaN
46693	NaN
46694	NaN
46695	NaN
46696	NaN
46697	NaN
46698	0.79425710
46699	0.53159094
46700	0.44923019
46701	0.40920177
46702	0.38568127
46703	0.37029144
46704	0.35949820
46705	0.35155234
46706	0.34548995
46707	0.34073591
46708	0.33692601
46709	0.33381861
46710	0.33124700
46711	0.32909271
46712	0.32726932
46713	0.32571277
46714	0.32437477
46715	0.32321873
46716	0.32221672
46717	0.32134768
46718	0.32059592
46719	0.31994995
46720	0.31940198
46721	0.31894684
46722	0.31858173
46723	0.31830561
46724	0.31811851
46725	0.31802145
46726	0.31801543
46727	0.31810141
46728	0.31827939
46729	0.31854817
46730	0.31890461
46731	0.31934333
46732	0.31985611
46733	0.32043186
46734	0.32105628
46735	0.32171196
46736	0.32237870
46737	0.32303417
46738	0.32365459
46739	0.32421598
46740	0.32469532
46741	0.32507196
46742	0.32532924
46743	0.32545546
46744	0.32544503
46745	0.32529899
46746	0.32502517
46747	0.32463774
46748	0.32415634
46749	0.32360491
46750	0.32301033
46751	0.32240072
46752	0.32180420
46753	0.32124743
46754	0.32075462
46755	0.32034662
46756	0.32004043
46757	0.31984878
46758	0.31978014
46759	0.31983855
46760	0.32002378
46761	0.32033160
46762	0.32075408
46763	0.32127964
46764	0.32189357
46765	0.32257831
46766	0.32331398
46767	0.32407883
46768	0.32484990
46769	0.32560369
46770	0.32631707
46771	0.32696810
46772	0.32753679
46773	0.32800621
46774	0.32836297
46775	0.32859796
46776	0.32870665
46777	0.32868922
46778	0.32855052
46779	0.32829946
46780	0.32794869
46781	0.32751378
46782	0.32701242
46783	0.32646358
46784	0.32588676
46785	0.32530126
46786	0.32472563
46787	0.32417697
46788	0.32367086
46789	0.32322082
46790	0.32283831
46791	0.32253259
46792	0.32231078
46793	0.32217786
46794	0.32213676
46795	0.32218847
46796	0.32233223
46797	0.32256544
46798	0.32288408
46799	0.32328263
46800	0.32375428
46801	0.32429111
46802	0.32488436
46803	0.32552463
46804	0.32620203
46805	0.32690674
46806	0.32762900
46807	0.32835957
46808	0.32908988
46809	0.32981229
46810	0.33052006
46811	0.33120748
46812	0.33186984
46813	0.33250329
46814	0.33310467
46815	0.33367130
46816	0.33420083
46817	0.33469102
46818	0.33513948
46819	0.33554378
46820	0.33590105
46821	0.33620825
46822	0.33646214
46823	0.33665913
46824	0.33679578
46825	0.33686855
46826	0.33687440
46827	0.33681065
46828	0.33667544
46829	0.33646792
46830	0.33618861
46831	0.33583951
46832	0.33542457
46833	0.33494967
46834	0.33442307
46835	0.33385509
46836	0.33325839
46837	0.33264762
46838	0.33203912
46839	0.33145052
46840	0.33090016
46841	0.33040664
46842	0.32998803
46843	0.32966143
46844	0.32944235
46845	0.32934430
46846	0.32937840
46847	0.32955307
46848	0.32987389
46849	0.33034325
46850	0.33096033
46851	0.33172119
46852	0.33261842
46853	0.33364135
46854	0.33477607
46855	0.33600533
46856	0.33730891
46857	0.33866373
46858	0.34004411
46859	0.34142247
46860	0.34276935
46861	0.34405491
46862	0.34524903
46863	0.34632275
46864	0.34724900
46865	0.34800407
46866	0.34856823
46867	0.34892702
46868	0.34907195
46869	0.34900102
46870	0.34871912
46871	0.34823790
46872	0.34757555
46873	0.34675625
46874	0.34580937
46875	0.34476858
46876	0.34367064
46877	0.34255454
46878	0.34146041
46879	0.34042838
46880	0.33949792
46881	0.33870682
46882	0.33809066
46883	0.33768228
46884	0.33751094
46885	0.33760220
46886	0.33797735
46887	0.33865273
46888	0.33963946
46889	0.34094259
46890	0.34256074
46891	0.34448516
46892	0.34669933
46893	0.34917843
46894	0.35188919
46895	0.35478991
46896	0.35783133
46897	0.36095759
46898	0.36410812
46899	0.36721992
46900	0.37023047
46901	0.37308076
46902	0.37571800
46903	0.37809849
46904	0.38018975
46905	0.38197207
46906	0.38343894
46907	0.38459727
46908	0.38546616
46909	0.38607621
46910	0.38646781
46911	0.38668948
46912	0.38679656
46913	0.38685042
46914	0.38691700
46915	0.38706744
46916	0.38737750
46917	0.38792917
46918	0.38881174
46919	0.39012384
46920	0.39197704
46921	0.39449903
46922	0.39783874
46923	0.40217286
46924	0.40771326
46925	0.41471899
46926	0.42350927
46927	0.43448293
46928	0.44814819
46929	0.46516269
46930	0.48640159
46931	0.51306349
46932	0.54685724
46933	0.59034264
46934	0.64759243
46935	0.72556967
46936	0.83736032
46937	1.01086044
46938	1.31800425
46939	2.01769614
46940	5.28197861
46941	NaN
46942	NaN
46943	NaN
46944	NaN
46945	NaN
46946	NaN
46947	NaN
46948	NaN
46949	NaN
46950	NaN
46951	NaN
46952	NaN
46953	NaN
46954	NaN
46955	NaN
46956	NaN
46957	NaN
46958	NaN
46959	NaN
46960	NaN
46961	NaN
46962	NaN
46963	NaN
46964	NaN
46965	NaN
46966	NaN
46967	NaN
46968	NaN
46969	NaN
46970	NaN
46971	NaN
46972	NaN
46973	NaN
46974	NaN
46975	NaN
46976	NaN
46977	NaN
46978	NaN
46979	NaN
46980	NaN
46981	NaN
46982	NaN
46983	NaN
46984	NaN
46985	NaN
46986	NaN
46987	NaN
46988	NaN
46989	NaN
46990	NaN
46991	NaN
46992	NaN
46993	NaN
46994	NaN
46995	NaN
46996	NaN
46997	NaN
46998	NaN
46999	NaN
47000	NaN
47001	NaN
47002	NaN
47003	NaN
47004	NaN
47005	NaN
47006	NaN
47007	NaN
47008	NaN
47009	NaN
47010	NaN
47011	NaN
47012	NaN
47013	NaN
47014	NaN
47015	NaN
47016	NaN
47017	NaN
47018	NaN
47019	NaN
47020	NaN
47021	NaN
47022	NaN
47023	0.44308221
47024	0.34086391
47025	0.30612111
47026	0.28773609
47027	0.27590576
47028	0.26741400
47029	0.26089004
47030	0.25564817
47031	0.25130492
47032	0.24762769
47033	0.24446578
47034	0.24171670
47035	0.23930757
47036	0.23718502
47037	0.23530856
47038	0.23364688
47039	0.23217499
47040	0.23087239
47041	0.22972199
47042	0.22870889
47043	0.22781998
47044	0.22704306
47045	0.22636671
47046	0.22577997
47047	0.22527210
47048	0.22483256
47049	0.22445093
47050	0.22411697
47051	0.22382066
47052	0.22355248
47053	0.22330351
47054	0.22306563
47055	0.22283170
47056	0.22259587
47057	0.22235373
47058	0.22210234
47059	0.22184040
47060	0.22156815
47061	0.22128728
47062	0.22100082
47063	0.22071289
47064	0.22042844
47065	0.22015291
47066	0.21989201
47067	0.21965134
47068	0.21943624
47069	0.21925160
47070	0.21910165
47071	0.21898995
47072	0.21891940
47073	0.21889223
47074	0.21891002
47075	0.21897373
47076	0.21908383
47077	0.21924025
47078	0.21944234
47079	0.21968889
47080	0.21997805
47081	0.22030719
47082	0.22067282
47083	0.22107054
47084	0.22149485
47085	0.22193900
47086	0.22239508
47087	0.22285397
47088	0.22330537
47089	0.22373810
47090	0.22414029
47091	0.22449990
47092	0.22480509
47093	0.22504488
47094	0.22520970
47095	0.22529185
47096	0.22528625
47097	0.22519058
47098	0.22500557
47099	0.22473499
47100	0.22438556
47101	0.22396649
47102	0.22348912
47103	0.22296624
47104	0.22241129
47105	0.22183815
47106	0.22126004
47107	0.22068946
47108	0.22013758
47109	0.21961412
47110	0.21912718
47111	0.21868317
47112	0.21828714
47113	0.21794249
47114	0.21765143
47115	0.21741492
47116	0.21723297
47117	0.21710464
47118	0.21702820
47119	0.21700118
47120	0.21702053
47121	0.21708255
47122	0.21718317
47123	0.21731788
47124	0.21748178
47125	0.21766992
47126	0.21787713
47127	0.21809836
47128	0.21832864
47129	0.21856332
47130	0.21879804
47131	0.21902882
47132	0.21925220
47133	0.21946503
47134	0.21966472
47135	0.21984895
47136	0.22001572
47137	0.22016336
47138	0.22029023
47139	0.22039489
47140	0.22047596
47141	0.22053212
47142	0.22056206
47143	0.22056460
47144	0.22053869
47145	0.22048336
47146	0.22039783
47147	0.22028151
47148	0.22013405
47149	0.21995515
47150	0.21974462
47151	0.21950243
47152	0.21922830
47153	0.21892205
47154	0.21858315
47155	0.21821092
47156	0.21780446
47157	0.21736276
47158	0.21688472
47159	0.21636939
47160	0.21581618
47161	0.21522528
47162	0.21459776
47163	0.21393615
47164	0.21324454
47165	0.21252909
47166	0.21179816
47167	0.21106234
47168	0.21033461
47169	0.20962995
47170	0.20896521
47171	0.20835844
47172	0.20782815
47173	0.20739247
47174	0.20706813
47175	0.20686944
47176	0.20680723
47177	0.20688802
47178	0.20711362
47179	0.20748100
47180	0.20798242
47181	0.20860627
47182	0.20933752
47183	0.21015874
47184	0.21105081
47185	0.21199393
47186	0.21296819
47187	0.21395411
47188	0.21493347
47189	0.21588944
47190	0.21680707
47191	0.21767344
47192	0.21847780
47193	0.21921164
47194	0.21986848
47195	0.22044405
47196	0.22093591
47197	0.22134337
47198	0.22166726
47199	0.22190979
47200	0.22207431
47201	0.22216536
47202	0.22218828
47203	0.22214927
47204	0.22205536
47205	0.22191428
47206	0.22173437
47207	0.22152451
47208	0.22129394
47209	0.22105227
47210	0.22080913
47211	0.22057402
47212	0.22035618
47213	0.22016415
47214	0.22000583
47215	0.21988808
47216	0.21981671
47217	0.21979639
47218	0.21983044
47219	0.21992101
47220	0.22006921
47221	0.22027507
47222	0.22053789
47223	0.22085616
47224	0.22122824
47225	0.22165228
47226	0.22212653
47227	0.22264953
47228	0.22322030
47229	0.22383839
47230	0.22450425
47231	0.22521901
47232	0.22598492
47233	0.22680554
47234	0.22768612
47235	0.22863387
47236	0.22965850
47237	0.23077281
47238	0.23199336
47239	0.23334108
47240	0.23484279
47241	0.23653211
47242	0.23845081
47243	0.24065155
47244	0.24320069
47245	0.24618167
47246	0.24970102
47247	0.25389561
47248	0.25894412
47249	0.26508284
47250	0.27263168
47251	0.28203300
47252	0.29391882
47253	0.30922401
47254	0.32940423
47255	0.35686401
47256	0.39591581
47257	0.45518568
47258	0.55491418
47259	0.75667179
47260	1.37973797
47261	NaN
47262	NaN
47263	NaN
47264	NaN
47265	NaN
47266	NaN
47267	NaN
47268	NaN
47269	NaN
47270	NaN
47271	NaN
47272	NaN
47273	NaN
47274	NaN
47275	NaN
47276	NaN
47277	NaN
47278	NaN
47279	NaN
47280	NaN
47281	NaN
47282	NaN
47283	NaN
47284	NaN
47285	NaN
47286	NaN
47287	NaN
47288	NaN
47289	NaN
47290	NaN
47291	NaN
47292	NaN
47293	NaN
47294	NaN
47295	NaN
47296	NaN
47297	NaN
47298	NaN
47299	NaN
47300	NaN
47301	NaN
47302	NaN
47303	NaN
47304	NaN
47305	NaN
47306	NaN
47307	NaN
47308	NaN
47309	NaN
47310	NaN
47311	NaN
47312	NaN
47313	NaN
47314	NaN
47315	NaN
47316	NaN
47317	NaN
47318	NaN
47319	NaN
47320	NaN
47321	NaN
47322	NaN
47323	NaN
47324	NaN
47325	NaN
47326	NaN
47327	NaN
47328	NaN
47329	NaN
47330	NaN
47331	NaN
47332	NaN
47333	NaN
47334	NaN
47335	NaN
47336	NaN
47337	NaN
47338	NaN
47339	NaN
47340	NaN
47341	NaN
47342	NaN
47343	NaN
47344	NaN
47345	NaN
47346	NaN
47347	NaN
47348	NaN
47349	NaN
47350	NaN
47351	1.29691660
47352	0.51853287
47353	0.40293244
47354	0.35624498
47355	0.33094838
47356	0.31506607
47357	0.30416772
47358	0.29623488
47359	0.29021502
47360	0.28550518
47361	0.28173426
47362	0.27866092
47363	0.27612102
47364	0.27399877
47365	0.27220982
47366	0.27069142
47367	0.26939571
47368	0.26828581
47369	0.26733306
47370	0.26651487
47371	0.26581368
47372	0.26521593
47373	0.26471129
47374	0.26429209
47375	0.26395294
47376	0.26369014
47377	0.26350158
47378	0.26338595
47379	0.26334283
47380	0.26337197
47381	0.26347309
47382	0.26364541
47383	0.26388735
47384	0.26419598
47385	0.26456678
47386	0.26499337
47387	0.26546729
47388	0.26597786
47389	0.26651222
47390	0.26705575
47391	0.26759225
47392	0.26810482
47393	0.26857644
47394	0.26899105
47395	0.26933435
47396	0.26959482
47397	0.26976439
47398	0.26983920
47399	0.26981965
47400	0.26971033
47401	0.26951998
47402	0.26926047
47403	0.26894617
47404	0.26859307
47405	0.26821783
47406	0.26783690
47407	0.26746586
47408	0.26711884
47409	0.26680800
47410	0.26654348
47411	0.26633295
47412	0.26618201
47413	0.26609376
47414	0.26606932
47415	0.26610774
47416	0.26620615
47417	0.26636016
47418	0.26656374
47419	0.26680967
47420	0.26708961
47421	0.26739430
47422	0.26771408
47423	0.26803878
47424	0.26835844
47425	0.26866338
47426	0.26894462
47427	0.26919433
47428	0.26940596
47429	0.26957452
47430	0.26969689
47431	0.26977178
47432	0.26979980
47433	0.26978332
47434	0.26972625
47435	0.26963392
47436	0.26951262
47437	0.26936942
47438	0.26921177
47439	0.26904711
47440	0.26888278
47441	0.26872569
47442	0.26858217
47443	0.26845795
47444	0.26835826
47445	0.26828754
47446	0.26824990
47447	0.26824901
47448	0.26828811
47449	0.26837027
47450	0.26849815
47451	0.26867419
47452	0.26890033
47453	0.26917797
47454	0.26950788
47455	0.26989001
47456	0.27032337
47457	0.27080607
47458	0.27133521
47459	0.27190703
47460	0.27251694
47461	0.27315971
47462	0.27382961
47463	0.27452075
47464	0.27522701
47465	0.27594239
47466	0.27666080
47467	0.27737635
47468	0.27808312
47469	0.27877507
47470	0.27944607
47471	0.28008968
47472	0.28069910
47473	0.28126732
47474	0.28178692
47475	0.28225031
47476	0.28264999
47477	0.28297853
47478	0.28322917
47479	0.28339577
47480	0.28347346
47481	0.28345886
47482	0.28335032
47483	0.28314847
47484	0.28285623
47485	0.28247923
47486	0.28202569
47487	0.28150672
47488	0.28093576
47489	0.28032878
47490	0.27970368
47491	0.27907994
47492	0.27847800
47493	0.27791858
47494	0.27742234
47495	0.27700910
47496	0.27669734
47497	0.27650359
47498	0.27644232
47499	0.27652523
47500	0.27676138
47501	0.27715677
47502	0.27771428
47503	0.27843365
47504	0.27931139
47505	0.28034070
47506	0.28151166
47507	0.28281087
47508	0.28422198
47509	0.28572530
47510	0.28729817
47511	0.28891516
47512	0.29054824
47513	0.29216719
47514	0.29374039
47515	0.29523525
47516	0.29661921
47517	0.29786077
47518	0.29893064
47519	0.29980278
47520	0.30045575
47521	0.30087373
47522	0.30104730
47523	0.30097434
47524	0.30066016
47525	0.30011752
47526	0.29936638
47527	0.29843310
47528	0.29734954
47529	0.29615209
47530	0.29488024
47531	0.29357570
47532	0.29228106
47533	0.29103899
47534	0.28989127
47535	0.28887838
47536	0.28803867
47537	0.28740829
47538	0.28702059
47539	0.28690588
47540	0.28709117
47541	0.28759918
47542	0.28844824
47543	0.28965107
47544	0.29121372
47545	0.29313466
47546	0.29540339
47547	0.29799917
47548	0.30089024
47549	0.30403304
47550	0.30737260
47551	0.31084305
47552	0.31436962
47553	0.31787115
47554	0.32126394
47555	0.32446510
47556	0.32739758
47557	0.32999343
47558	0.33219728
47559	0.33396891
47560	0.33528367
47561	0.33613300
47562	0.33652288
47563	0.33647233
47564	0.33601126
47565	0.33517787
47566	0.33401740
47567	0.33258066
47568	0.33092299
47569	0.32910517
47570	0.32719377
47571	0.32526380
47572	0.32340115
47573	0.32170764
47574	0.32030764
47575	0.31935671
47576	0.31905308
47577	0.31965551
47578	0.32150736
47579	0.32507047
47580	0.33097455
47581	0.34009147
47582	0.35365027
47583	0.37342292
47584	0.40204272
47585	0.44359735
47586	0.50482410
47587	0.59780800
47588	0.74701780
47589	1.01170671
47590	1.58531702
47591	3.68954229
47592	NaN
47593	NaN
47594	NaN
47595	NaN
47596	NaN
47597	NaN
47598	NaN
47599	NaN
47600	NaN
47601	NaN
47602	NaN
47603	NaN
47604	NaN
47605	NaN
47606	NaN
47607	NaN
47608	NaN
47609	NaN
47610	NaN
47611	NaN
47612	NaN
47613	NaN
47614	NaN
47615	NaN
47616	NaN
47617	NaN
47618	NaN
47619	NaN
47620	NaN
47621	NaN
47622	NaN
47623	NaN
47624	NaN
47625	NaN
47626	NaN
47627	NaN
47628	NaN
47629	NaN
47630	NaN
47631	NaN
47632	NaN
47633	NaN
47634	NaN
47635	NaN
47636	NaN
47637	NaN
47638	NaN
47639	NaN
47640	NaN
47641	NaN
47642	NaN
47643	NaN
47644	NaN
47645	NaN
47646	NaN
47647	NaN
47648	NaN
47649	NaN
47650	NaN
47651	NaN
47652	NaN
47653	NaN
47654	NaN
47655	NaN
47656	NaN
47657	NaN
47658	NaN
47659	NaN
47660	NaN
47661	NaN
47662	NaN
47663	NaN
47664	NaN
47665	NaN
47666	NaN
47667	NaN
47668	NaN
47669	NaN
47670	NaN
47671	NaN
47672	NaN
47673	NaN
47674	NaN
47675	NaN
47676	NaN
47677	NaN
47678	NaN
47679	NaN
47680	NaN
47681	NaN
47682	NaN
47683	NaN
47684	1.09237051
47685	0.44929421
47686	0.32809240
47687	0.27694228
47688	0.24891528
47689	0.23142374
47690	0.21965541
47691	0.21136476
47692	0.20535785
47693	0.20093659
47694	0.19766310
47695	0.19524653
47696	0.19348514
47697	0.19223343
47698	0.19138359
47699	0.19085351
47700	0.19057968
47701	0.19051185
47702	0.19061001
47703	0.19084154
47704	0.19117962
47705	0.19160183
47706	0.19208910
47707	0.19262482
47708	0.19319434
47709	0.19378419
47710	0.19438207
47711	0.19497629
47712	0.19555567
47713	0.19610953
47714	0.19662753
47715	0.19709998
47716	0.19751775
47717	0.19787253
47718	0.19815718
47719	0.19836572
47720	0.19849384
47721	0.19853894
47722	0.19850037
47723	0.19837964
47724	0.19818048
47725	0.19790885
47726	0.19757287
47727	0.19718269
47728	0.19675016
47729	0.19628869
47730	0.19581255
47731	0.19533667
47732	0.19487599
47733	0.19444494
47734	0.19405705
47735	0.19372447
47736	0.19345765
47737	0.19326502
47738	0.19315296
47739	0.19312558
47740	0.19318487
47741	0.19333056
47742	0.19356042
47743	0.19387017
47744	0.19425373
47745	0.19470328
47746	0.19520937
47747	0.19576108
47748	0.19634628
47749	0.19695170
47750	0.19756334
47751	0.19816674
47752	0.19874731
47753	0.19929084
47754	0.19978389
47755	0.20021443
47756	0.20057207
47757	0.20084864
47758	0.20103844
47759	0.20113848
47760	0.20114852
47761	0.20107113
47762	0.20091133
47763	0.20067628
47764	0.20037493
47765	0.20001753
47766	0.19961503
47767	0.19917876
47768	0.19871975
47769	0.19824868
47770	0.19777547
47771	0.19730900
47772	0.19685729
47773	0.19642723
47774	0.19602479
47775	0.19565511
47776	0.19532239
47777	0.19503035
47778	0.19478193
47779	0.19457963
47780	0.19442554
47781	0.19432127
47782	0.19426800
47783	0.19426647
47784	0.19431688
47785	0.19441882
47786	0.19457120
47787	0.19477215
47788	0.19501902
47789	0.19530821
47790	0.19563518
47791	0.19599457
47792	0.19638005
47793	0.19678442
47794	0.19719996
47795	0.19761828
47796	0.19803064
47797	0.19842812
47798	0.19880193
47799	0.19914350
47800	0.19944477
47801	0.19969837
47802	0.19989786
47803	0.20003782
47804	0.20011412
47805	0.20012391
47806	0.20006584
47807	0.19994012
47808	0.19974846
47809	0.19949427
47810	0.19918257
47811	0.19881989
47812	0.19841424
47813	0.19797499
47814	0.19751260
47815	0.19703844
47816	0.19656439
47817	0.19610253
47818	0.19566479
47819	0.19526245
47820	0.19490586
47821	0.19460410
47822	0.19436456
47823	0.19419287
47824	0.19409275
47825	0.19406588
47826	0.19411202
47827	0.19422914
47828	0.19441353
47829	0.19466017
47830	0.19496286
47831	0.19531445
47832	0.19570726
47833	0.19613312
47834	0.19658382
47835	0.19705102
47836	0.19752660
47837	0.19800276
47838	0.19847190
47839	0.19892700
47840	0.19936138
47841	0.19976886
47842	0.20014371
47843	0.20048086
47844	0.20077573
47845	0.20102440
47846	0.20122367
47847	0.20137107
47848	0.20146488
47849	0.20150416
47850	0.20148879
47851	0.20141938
47852	0.20129713
47853	0.20112395
47854	0.20090216
47855	0.20063445
47856	0.20032381
47857	0.19997339
47858	0.19958659
47859	0.19916697
47860	0.19871825
47861	0.19824445
47862	0.19774996
47863	0.19723962
47864	0.19671878
47865	0.19619341
47866	0.19567025
47867	0.19515665
47868	0.19466080
47869	0.19419180
47870	0.19375956
47871	0.19337490
47872	0.19304952
47873	0.19279633
47874	0.19262919
47875	0.19256288
47876	0.19261327
47877	0.19279714
47878	0.19313169
47879	0.19363451
47880	0.19432251
47881	0.19521143
47882	0.19631466
47883	0.19764204
47884	0.19919869
47885	0.20098355
47886	0.20298865
47887	0.20519814
47888	0.20758875
47889	0.21013016
47890	0.21278663
47891	0.21551903
47892	0.21828713
47893	0.22105283
47894	0.22378163
47895	0.22644567
47896	0.22902411
47897	0.23150495
47898	0.23388517
47899	0.23617026
47900	0.23837449
47901	0.24052119
47902	0.24264303
47903	0.24478434
47904	0.24700257
47905	0.24937554
47906	0.25201011
47907	0.25505847
47908	0.25875074
47909	0.26345080
47910	0.26977727
47911	0.27887124
47912	0.29309067
47913	0.31818467
47914	0.37268138
47915	0.56663024
47916	NaN
47917	NaN
47918	NaN
47919	NaN
47920	NaN
47921	NaN
47922	NaN
47923	NaN
47924	NaN
47925	NaN
47926	NaN
47927	NaN
47928	NaN
47929	NaN
47930	NaN
47931	NaN
47932	NaN
47933	NaN
47934	NaN
47935	NaN
47936	NaN
47937	NaN
47938	NaN
47939	NaN
47940	NaN
47941	NaN
47942	NaN
47943	NaN
47944	NaN
47945	NaN
47946	NaN
47947	NaN
47948	NaN
47949	NaN
47950	NaN
47951	NaN
47952	NaN
47953	NaN
47954	NaN
47955	NaN
47956	NaN
47957	NaN
47958	NaN
47959	NaN
47960	NaN
47961	NaN
47962	NaN
47963	NaN
47964	NaN
47965	NaN
47966	NaN
47967	NaN
47968	NaN
47969	NaN
47970	NaN
47971	NaN
47972	NaN
47973	NaN
47974	NaN
47975	NaN
47976	NaN
47977	NaN
47978	NaN
47979	NaN
47980	NaN
47981	NaN
47982	NaN
47983	NaN
47984	NaN
47985	NaN
47986	NaN
47987	NaN
47988	NaN
47989	NaN
47990	NaN
47991	NaN
47992	NaN
47993	NaN
47994	NaN
47995	NaN
47996	NaN
47997	NaN
47998	NaN
47999	NaN
48000	NaN
48001	NaN
48002	NaN
48003	NaN
48004	NaN
48005	NaN
48006	NaN
48007	NaN
48008	NaN
48009	NaN
48010	NaN
48011	NaN
48012	NaN
48013	NaN
48014	0.73174238
48015	0.48029271
48016	0.40715817
48017	0.37200916
48018	0.35119432
48019	0.33734226
48020	0.32741117
48021	0.31991598
48022	0.31404549
48023	0.30931878
48024	0.30543211
48025	0.30218425
48026	0.29943636
48027	0.29708910
48028	0.29506969
48029	0.29332340
48030	0.29180840
48031	0.29049215
48032	0.28934917
48033	0.28835952
48034	0.28750765
48035	0.28678152
48036	0.28617212
48037	0.28567293
48038	0.28527948
48039	0.28498894
48040	0.28479975
48041	0.28471127
48042	0.28472316
48043	0.28483522
48044	0.28504667
48045	0.28535572
48046	0.28575927
48047	0.28625220
48048	0.28682715
48049	0.28747416
48050	0.28818056
48051	0.28893071
48052	0.28970656
48053	0.29048774
48054	0.29125229
48055	0.29197752
48056	0.29264110
48057	0.29322204
48058	0.29370210
48059	0.29406670
48060	0.29430610
48061	0.29441574
48062	0.29439679
48063	0.29425576
48064	0.29400420
48065	0.29365784
48066	0.29323554
48067	0.29275799
48068	0.29224688
48069	0.29172352
48070	0.29120824
48071	0.29071930
48072	0.29027280
48073	0.28988218
48074	0.28955814
48075	0.28930867
48076	0.28913909
48077	0.28905231
48078	0.28904885
48079	0.28912720
48080	0.28928378
48081	0.28951320
48082	0.28980839
48083	0.29016078
48084	0.29056036
48085	0.29099616
48086	0.29145634
48087	0.29192853
48088	0.29240036
48089	0.29285985
48090	0.29329583
48091	0.29369831
48092	0.29405892
48093	0.29437116
48094	0.29463053
48095	0.29483476
48096	0.29498354
48097	0.29507861
48098	0.29512328
48099	0.29512241
48100	0.29508197
48101	0.29500881
48102	0.29491028
48103	0.29479405
48104	0.29466784
48105	0.29453918
48106	0.29441535
48107	0.29430315
48108	0.29420877
48109	0.29413784
48110	0.29409534
48111	0.29408544
48112	0.29411167
48113	0.29417667
48114	0.29428250
48115	0.29443029
48116	0.29462054
48117	0.29485300
48118	0.29512680
48119	0.29544038
48120	0.29579163
48121	0.29617804
48122	0.29659665
48123	0.29704410
48124	0.29751703
48125	0.29801184
48126	0.29852477
48127	0.29905227
48128	0.29959068
48129	0.30013648
48130	0.30068603
48131	0.30123574
48132	0.30178180
48133	0.30232036
48134	0.30284718
48135	0.30335778
48136	0.30384731
48137	0.30431062
48138	0.30474228
48139	0.30513653
48140	0.30548754
48141	0.30578944
48142	0.30603632
48143	0.30622268
48144	0.30634350
48145	0.30639449
48146	0.30637249
48147	0.30627573
48148	0.30610427
48149	0.30586040
48150	0.30554867
48151	0.30517632
48152	0.30475336
48153	0.30429232
48154	0.30380836
48155	0.30331841
48156	0.30284128
48157	0.30239651
48158	0.30200410
48159	0.30168366
48160	0.30145383
48161	0.30133179
48162	0.30133274
48163	0.30146950
48164	0.30175242
48165	0.30218902
48166	0.30278394
48167	0.30353886
48168	0.30445236
48169	0.30551979
48170	0.30673328
48171	0.30808148
48172	0.30954951
48173	0.31111893
48174	0.31276762
48175	0.31447002
48176	0.31619719
48177	0.31791744
48178	0.31959686
48179	0.32119998
48180	0.32269108
48181	0.32403526
48182	0.32519963
48183	0.32615507
48184	0.32687724
48185	0.32734799
48186	0.32755643
48187	0.32749948
48188	0.32718244
48189	0.32661897
48190	0.32583064
48191	0.32484633
48192	0.32370141
48193	0.32243663
48194	0.32109690
48195	0.31973016
48196	0.31838650
48197	0.31711701
48198	0.31597289
48199	0.31500509
48200	0.31426337
48201	0.31379610
48202	0.31364965
48203	0.31386796
48204	0.31449196
48205	0.31555888
48206	0.31710133
48207	0.31914610
48208	0.32171276
48209	0.32481185
48210	0.32844311
48211	0.33259311
48212	0.33723384
48213	0.34232077
48214	0.34779185
48215	0.35356787
48216	0.35955375
48217	0.36564139
48218	0.37171379
48219	0.37765044
48220	0.38333425
48221	0.38865799
48222	0.39352995
48223	0.39788008
48224	0.40166292
48225	0.40486017
48226	0.40748039
48227	0.40955865
48228	0.41115442
48229	0.41235003
48230	0.41324794
48231	0.41397253
48232	0.41467059
48233	0.41551673
48234	0.41672355
48235	0.41855699
48236	0.42136598
48237	0.42563048
48238	0.43204385
48239	0.44166932
48240	0.45624134
48241	0.47881827
48242	0.51535332
48243	0.57917273
48244	0.70747191
48245	1.05775940
48246	4.44023418
48247	NaN
48248	NaN
48249	NaN
48250	NaN
48251	NaN
48252	NaN
48253	NaN
48254	NaN
48255	NaN
48256	NaN
48257	NaN
48258	NaN
48259	NaN
48260	NaN
48261	NaN
48262	NaN
48263	NaN
48264	NaN
48265	NaN
48266	NaN
48267	NaN
48268	NaN
48269	NaN
48270	NaN
48271	NaN
48272	NaN
48273	NaN
48274	NaN
48275	NaN
48276	NaN
48277	NaN
48278	NaN
48279	NaN
48280	NaN
48281	NaN
48282	NaN
48283	NaN
48284	NaN
48285	NaN
48286	NaN
48287	NaN
48288	NaN
48289	NaN
48290	NaN
48291	NaN
48292	NaN
48293	NaN
48294	NaN
48295	NaN
48296	NaN
48297	NaN
48298	NaN
48299	NaN
48300	NaN
48301	NaN
48302	NaN
48303	NaN
48304	NaN
48305	NaN
48306	NaN
48307	NaN
48308	NaN
48309	NaN
48310	NaN
48311	NaN
48312	NaN
48313	NaN
48314	NaN
48315	NaN
48316	NaN
48317	NaN
48318	NaN
48319	NaN
48320	NaN
48321	NaN
48322	NaN
48323	NaN
48324	NaN
48325	NaN
48326	NaN
48327	NaN
48328	NaN
48329	NaN
48330	NaN
48331	NaN
48332	NaN
48333	NaN
48334	NaN
48335	NaN
48336	NaN
48337	NaN
48338	NaN
48339	NaN
48340	NaN
48341	NaN
48342	NaN
48343	NaN
48344	NaN
48345	2.49831843
48346	0.75239295
48347	0.52559632
48348	0.43618080
48349	0.38840574
48350	0.35880157
48351	0.33879179
48352	0.32448998
48353	0.31387374
48354	0.30578372
48355	0.29950479
48356	0.29457000
48357	0.29066011
48358	0.28754863
48359	0.28506988
48360	0.28309959
48361	0.28154224
48362	0.28032348
48363	0.27938434
48364	0.27867761
48365	0.27816498
48366	0.27781507
48367	0.27760193
48368	0.27750379
48369	0.27750221
48370	0.27758121
48371	0.27772686
48372	0.27792647
48373	0.27816868
48374	0.27844277
48375	0.27873865
48376	0.27904689
48377	0.27935827
48378	0.27966404
48379	0.27995586
48380	0.28022584
48381	0.28046656
48382	0.28067103
48383	0.28083315
48384	0.28094766
48385	0.28101021
48386	0.28101775
48387	0.28096858
48388	0.28086272
48389	0.28070182
48390	0.28048944
48391	0.28023094
48392	0.27993369
48393	0.27960640
48394	0.27925956
48395	0.27890444
48396	0.27855301
48397	0.27821752
48398	0.27790985
48399	0.27764133
48400	0.27742210
48401	0.27726099
48402	0.27716523
48403	0.27714008
48404	0.27718890
48405	0.27731290
48406	0.27751097
48407	0.27777988
48408	0.27811396
48409	0.27850541
48410	0.27894416
48411	0.27941808
48412	0.27991325
48413	0.28041437
48414	0.28090492
48415	0.28136811
48416	0.28178722
48417	0.28214633
48418	0.28243113
48419	0.28262955
48420	0.28273234
48421	0.28273350
48422	0.28263077
48423	0.28242549
48424	0.28212276
48425	0.28173086
48426	0.28126109
48427	0.28072691
48428	0.28014341
48429	0.27952665
48430	0.27889284
48431	0.27825785
48432	0.27763665
48433	0.27704290
48434	0.27648866
48435	0.27598426
48436	0.27553812
48437	0.27515674
48438	0.27484483
48439	0.27460530
48440	0.27443942
48441	0.27434698
48442	0.27432618
48443	0.27437416
48444	0.27448672
48445	0.27465859
48446	0.27488354
48447	0.27515450
48448	0.27546376
48449	0.27580294
48450	0.27616343
48451	0.27653643
48452	0.27691317
48453	0.27728525
48454	0.27764463
48455	0.27798411
48456	0.27829725
48457	0.27857846
48458	0.27882341
48459	0.27902874
48460	0.27919212
48461	0.27931234
48462	0.27938908
48463	0.27942294
48464	0.27941534
48465	0.27936834
48466	0.27928457
48467	0.27916729
48468	0.27902019
48469	0.27884737
48470	0.27865323
48471	0.27844259
48472	0.27822039
48473	0.27799165
48474	0.27776140
48475	0.27753457
48476	0.27731583
48477	0.27710947
48478	0.27691936
48479	0.27674878
48480	0.27660042
48481	0.27647635
48482	0.27637815
48483	0.27630678
48484	0.27626273
48485	0.27624628
48486	0.27625728
48487	0.27629542
48488	0.27636039
48489	0.27645162
48490	0.27656871
48491	0.27671111
48492	0.27687818
48493	0.27706930
48494	0.27728361
48495	0.27752009
48496	0.27777749
48497	0.27805415
48498	0.27834818
48499	0.27865720
48500	0.27897838
48501	0.27930844
48502	0.27964371
48503	0.27997997
48504	0.28031257
48505	0.28063646
48506	0.28094628
48507	0.28123659
48508	0.28150183
48509	0.28173655
48510	0.28193569
48511	0.28209475
48512	0.28221005
48513	0.28227893
48514	0.28229985
48515	0.28227276
48516	0.28219891
48517	0.28208128
48518	0.28192410
48519	0.28173310
48520	0.28151512
48521	0.28127804
48522	0.28103060
48523	0.28078204
48524	0.28054190
48525	0.28031984
48526	0.28012547
48527	0.27996826
48528	0.27985713
48529	0.27980059
48530	0.27980646
48531	0.27988186
48532	0.28003290
48533	0.28026450
48534	0.28058028
48535	0.28098229
48536	0.28147087
48537	0.28204423
48538	0.28269848
48539	0.28342742
48540	0.28422245
48541	0.28507268
48542	0.28596509
48543	0.28688493
48544	0.28781623
48545	0.28874236
48546	0.28964713
48547	0.29051572
48548	0.29133564
48549	0.29209787
48550	0.29279771
48551	0.29343581
48552	0.29401815
48553	0.29455641
48554	0.29506788
48555	0.29557514
48556	0.29610500
48557	0.29668850
48558	0.29735941
48559	0.29815444
48560	0.29911268
48561	0.30027592
48562	0.30168897
48563	0.30340067
48564	0.30546570
48565	0.30794674
48566	0.31091794
48567	0.31447005
48568	0.31871662
48569	0.32380304
48570	0.32992142
48571	0.33733162
48572	0.34639385
48573	0.35762504
48574	0.37179521
48575	0.39010769
48576	0.41455671
48577	0.44869611
48578	0.49955806
48579	0.58323961
48580	0.74641049
48581	1.20398045
48582	NaN
48583	NaN
48584	NaN
48585	NaN
48586	NaN
48587	NaN
48588	NaN
48589	NaN
48590	NaN
48591	NaN
48592	NaN
48593	NaN
48594	NaN
48595	NaN
48596	NaN
48597	NaN
48598	NaN
48599	NaN
48600	NaN
48601	NaN
48602	NaN
48603	NaN
48604	NaN
48605	NaN
48606	NaN
48607	NaN
48608	NaN
48609	NaN
48610	NaN
48611	NaN
48612	NaN
48613	NaN
48614	NaN
48615	NaN
48616	NaN
48617	NaN
48618	NaN
48619	NaN
48620	NaN
48621	NaN
48622	NaN
48623	NaN
48624	NaN
48625	NaN
48626	NaN
48627	NaN
48628	NaN
48629	NaN
48630	NaN
48631	NaN
48632	NaN
48633	NaN
48634	NaN
48635	NaN
48636	NaN
48637	NaN
48638	NaN
48639	NaN
48640	NaN
48641	NaN
48642	NaN
48643	NaN
48644	NaN
48645	NaN
48646	NaN
48647	NaN
48648	NaN
48649	NaN
48650	NaN
48651	NaN
48652	NaN
48653	NaN
48654	NaN
48655	NaN
48656	NaN
48657	NaN
48658	NaN
48659	NaN
48660	NaN
48661	NaN
48662	NaN
48663	NaN
48664	NaN
48665	NaN
48666	NaN
48667	1.50428522
48668	0.67380053
48669	0.52554315
48670	0.46383563
48671	0.43009102
48672	0.40884361
48673	0.39424789
48674	0.38360950
48675	0.37551567
48676	0.36915493
48677	0.36402869
48678	0.35981375
48679	0.35629150
48680	0.35330889
48681	0.35075527
48682	0.34854904
48683	0.34662879
48684	0.34494737
48685	0.34346852
48686	0.34216395
48687	0.34101170
48688	0.33999494
48689	0.33910075
48690	0.33831966
48691	0.33764490
48692	0.33707193
48693	0.33659795
48694	0.33622134
48695	0.33594146
48696	0.33575776
48697	0.33566958
48698	0.33567536
48699	0.33577242
48700	0.33595613
48701	0.33621970
48702	0.33655375
48703	0.33694625
48704	0.33738235
48705	0.33784470
48706	0.33831412
48707	0.33876997
48708	0.33919147
48709	0.33955857
48710	0.33985335
48711	0.34006110
48712	0.34017140
48713	0.34017894
48714	0.34008408
48715	0.33989272
48716	0.33961612
48717	0.33927014
48718	0.33887431
48719	0.33845049
48720	0.33802170
48721	0.33761081
48722	0.33723953
48723	0.33692724
48724	0.33669037
48725	0.33654174
48726	0.33649021
48727	0.33654055
48728	0.33669329
48729	0.33694497
48730	0.33728841
48731	0.33771306
48732	0.33820546
48733	0.33874980
48734	0.33932874
48735	0.33992392
48736	0.34051651
48737	0.34108832
48738	0.34162220
48739	0.34210268
48740	0.34251636
48741	0.34285280
48742	0.34310412
48743	0.34326589
48744	0.34333658
48745	0.34331799
48746	0.34321463
48747	0.34303391
48748	0.34278539
48749	0.34248063
48750	0.34213266
48751	0.34175536
48752	0.34136322
48753	0.34097058
48754	0.34059134
48755	0.34023851
48756	0.33992365
48757	0.33965686
48758	0.33944631
48759	0.33929819
48760	0.33921671
48761	0.33920404
48762	0.33926052
48763	0.33938479
48764	0.33957401
48765	0.33982411
48766	0.34013009
48767	0.34048626
48768	0.34088641
48769	0.34132418
48770	0.34179312
48771	0.34228685
48772	0.34279928
48773	0.34332457
48774	0.34385732
48775	0.34439260
48776	0.34492591
48777	0.34545347
48778	0.34597203
48779	0.34647894
48780	0.34697214
48781	0.34745029
48782	0.34791240
48783	0.34835792
48784	0.34878653
48785	0.34919798
48786	0.34959194
48787	0.34996790
48788	0.35032493
48789	0.35066178
48790	0.35097668
48791	0.35126743
48792	0.35153148
48793	0.35176593
48794	0.35196778
48795	0.35213411
48796	0.35226217
48797	0.35234985
48798	0.35239562
48799	0.35239896
48800	0.35236043
48801	0.35228199
48802	0.35216695
48803	0.35202014
48804	0.35184789
48805	0.35165802
48806	0.35145962
48807	0.35126299
48808	0.35107929
48809	0.35092029
48810	0.35079807
48811	0.35072461
48812	0.35071149
48813	0.35076952
48814	0.35090837
48815	0.35113618
48816	0.35145938
48817	0.35188231
48818	0.35240707
48819	0.35303339
48820	0.35375836
48821	0.35457662
48822	0.35548013
48823	0.35645849
48824	0.35749876
48825	0.35858601
48826	0.35970330
48827	0.36083210
48828	0.36195275
48829	0.36304468
48830	0.36408705
48831	0.36505932
48832	0.36594170
48833	0.36671576
48834	0.36736512
48835	0.36787602
48836	0.36823788
48837	0.36844379
48838	0.36849102
48839	0.36838129
48840	0.36812082
48841	0.36772063
48842	0.36719617
48843	0.36656705
48844	0.36585635
48845	0.36509040
48846	0.36429775
48847	0.36350846
48848	0.36275348
48849	0.36206371
48850	0.36146948
48851	0.36099997
48852	0.36068252
48853	0.36054230
48854	0.36060184
48855	0.36088061
48856	0.36139464
48857	0.36215603
48858	0.36317256
48859	0.36444727
48860	0.36597788
48861	0.36775646
48862	0.36976930
48863	0.37199625
48864	0.37441126
48865	0.37698218
48866	0.37967193
48867	0.38243905
48868	0.38523915
48869	0.38802698
48870	0.39075771
48871	0.39338979
48872	0.39588654
48873	0.39821801
48874	0.40036279
48875	0.40230912
48876	0.40405488
48877	0.40560845
48878	0.40698743
48879	0.40821862
48880	0.40933689
48881	0.41038436
48882	0.41141000
48883	0.41246974
48884	0.41362560
48885	0.41494778
48886	0.41651529
48887	0.41841778
48888	0.42075917
48889	0.42366093
48890	0.42726725
48891	0.43175349
48892	0.43733284
48893	0.44427305
48894	0.45291424
48895	0.46369630
48896	0.47720379
48897	0.49423182
48898	0.51589698
48899	0.54382402
48900	0.58048290
48901	0.62984812
48902	0.69877672
48903	0.80023980
48904	0.96221572
48905	1.25834370
48906	1.96572709
48907	5.83934450
48908	NaN
48909	NaN
48910	NaN
48911	NaN
48912	NaN
48913	NaN
48914	NaN
48915	NaN
48916	NaN
48917	NaN
48918	NaN
48919	NaN
48920	NaN
48921	NaN
48922	NaN
48923	NaN
48924	NaN
48925	NaN
48926	NaN
48927	NaN
48928	NaN
48929	NaN
48930	NaN
48931	NaN
48932	NaN
48933	NaN
48934	NaN
48935	NaN
48936	NaN
48937	NaN
48938	NaN
48939	NaN
48940	NaN
48941	NaN
48942	NaN
48943	NaN
48944	NaN
48945	NaN
48946	NaN
48947	NaN
48948	NaN
48949	NaN
48950	NaN
48951	NaN
48952	NaN
48953	NaN
48954	NaN
48955	NaN
48956	NaN
48957	NaN
48958	NaN
48959	NaN
48960	NaN
48961	NaN
48962	NaN
48963	NaN
48964	NaN
48965	NaN
48966	NaN
48967	NaN
48968	NaN
48969	NaN
48970	NaN
48971	NaN
48972	NaN
48973	NaN
48974	NaN
48975	NaN
48976	NaN
48977	NaN
48978	NaN
48979	NaN
48980	NaN
48981	NaN
48982	NaN
48983	NaN
48984	NaN
48985	NaN
48986	NaN
48987	NaN
48988	NaN
48989	NaN
48990	NaN
48991	NaN
48992	NaN
48993	NaN
48994	NaN
48995	NaN
48996	NaN
48997	NaN
48998	NaN
48999	0.59810179
49000	0.40691203
49001	0.34177181
49002	0.30900824
49003	0.28940213
49004	0.27646959
49005	0.26740715
49006	0.26080084
49007	0.25585711
49008	0.25209427
49009	0.24920155
49010	0.24696818
49011	0.24524570
49012	0.24392585
49013	0.24292789
49014	0.24218999
49015	0.24166404
49016	0.24131191
49017	0.24110308
49018	0.24101268
49019	0.24102011
49020	0.24110790
49021	0.24126096
49022	0.24146606
49023	0.24171120
49024	0.24198526
49025	0.24227777
49026	0.24257867
49027	0.24287836
49028	0.24316758
49029	0.24343756
49030	0.24368003
49031	0.24388757
49032	0.24405360
49033	0.24417269
49034	0.24424058
49035	0.24425448
49036	0.24421293
49037	0.24411605
49038	0.24396549
49039	0.24376433
49040	0.24351716
49041	0.24322991
49042	0.24290973
49043	0.24256489
49044	0.24220458
49045	0.24183875
49046	0.24147780
49047	0.24113236
49048	0.24081314
49049	0.24053045
49050	0.24029401
49051	0.24011274
49052	0.23999444
49053	0.23994555
49054	0.23997109
49055	0.24007437
49056	0.24025695
49057	0.24051851
49058	0.24085675
49059	0.24126726
49060	0.24174358
49061	0.24227706
49062	0.24285690
49063	0.24347033
49064	0.24410260
49065	0.24473752
49066	0.24535754
49067	0.24594460
49068	0.24648055
49069	0.24694793
49070	0.24733073
49071	0.24761517
49072	0.24779050
49073	0.24784945
49074	0.24778879
49075	0.24760950
49076	0.24731676
49077	0.24691971
49078	0.24643087
49079	0.24586555
49080	0.24524096
49081	0.24457543
49082	0.24388757
49083	0.24319544
49084	0.24251603
49085	0.24186468
49086	0.24125487
49087	0.24069795
49088	0.24020304
49089	0.23977724
49090	0.23942545
49091	0.23915087
49092	0.23895481
49093	0.23883714
49094	0.23879623
49095	0.23882927
49096	0.23893218
49097	0.23909998
49098	0.23932670
49099	0.23960555
49100	0.23992895
49101	0.24028884
49102	0.24067670
49103	0.24108365
49104	0.24150084
49105	0.24191944
49106	0.24233100
49107	0.24272753
49108	0.24310167
49109	0.24344689
49110	0.24375744
49111	0.24402857
49112	0.24425648
49113	0.24443826
49114	0.24457188
49115	0.24465616
49116	0.24469063
49117	0.24467556
49118	0.24461178
49119	0.24450074
49120	0.24434441
49121	0.24414533
49122	0.24390648
49123	0.24363144
49124	0.24332424
49125	0.24298954
49126	0.24263242
49127	0.24225846
49128	0.24187370
49129	0.24148439
49130	0.24109703
49131	0.24071823
49132	0.24035440
49133	0.24001172
49134	0.23969591
49135	0.23941213
49136	0.23916492
49137	0.23895800
49138	0.23879442
49139	0.23867635
49140	0.23860538
49141	0.23858233
49142	0.23860745
49143	0.23868041
49144	0.23880036
49145	0.23896603
49146	0.23917568
49147	0.23942703
49148	0.23971739
49149	0.24004363
49150	0.24040197
49151	0.24078821
49152	0.24119754
49153	0.24162458
49154	0.24206330
49155	0.24250712
49156	0.24294899
49157	0.24338131
49158	0.24379617
49159	0.24418527
49160	0.24454041
49161	0.24485330
49162	0.24511594
49163	0.24532102
49164	0.24546190
49165	0.24553305
49166	0.24553037
49167	0.24545130
49168	0.24529511
49169	0.24506308
49170	0.24475850
49171	0.24438679
49172	0.24395530
49173	0.24347311
49174	0.24295098
49175	0.24240081
49176	0.24183561
49177	0.24126914
49178	0.24071552
49179	0.24018919
49180	0.23970482
49181	0.23927683
49182	0.23891962
49183	0.23864716
49184	0.23847303
49185	0.23841009
49186	0.23847041
49187	0.23866479
49188	0.23900266
49189	0.23949125
49190	0.24013573
49191	0.24093801
49192	0.24189663
49193	0.24300607
49194	0.24425611
49195	0.24563172
49196	0.24711257
49197	0.24867311
49198	0.25028315
49199	0.25190857
49200	0.25351274
49201	0.25505814
49202	0.25650823
49203	0.25782987
49204	0.25899488
49205	0.25998196
49206	0.26077774
49207	0.26137692
49208	0.26178250
49209	0.26200548
49210	0.26206321
49211	0.26197913
49212	0.26178145
49213	0.26150277
49214	0.26117980
49215	0.26085374
49216	0.26057103
49217	0.26038572
49218	0.26036185
49219	0.26057929
49220	0.26113880
49221	0.26217371
49222	0.26386470
49223	0.26646367
49224	0.27033356
49225	0.27601501
49226	0.28434163
49227	0.29666495
49228	0.31530923
49229	0.34461066
49230	0.39364797
49231	0.48508626
49232	0.69573635
49233	1.55858028
49234	NaN
49235	NaN
49236	NaN
49237	NaN
49238	NaN
49239	NaN
49240	NaN
49241	NaN
49242	NaN
49243	NaN
49244	NaN
49245	NaN
49246	NaN
49247	NaN
49248	NaN
49249	NaN
49250	NaN
49251	NaN
49252	NaN
49253	NaN
49254	NaN
49255	NaN
49256	NaN
49257	NaN
49258	NaN
49259	NaN
49260	NaN
49261	NaN
49262	NaN
49263	NaN
49264	NaN
49265	NaN
49266	NaN
49267	NaN
49268	NaN
49269	NaN
49270	NaN
49271	NaN
49272	NaN
49273	NaN
49274	NaN
49275	NaN
49276	NaN
49277	NaN
49278	NaN
49279	NaN
49280	NaN
49281	NaN
49282	NaN
49283	NaN
49284	NaN
49285	NaN
49286	NaN
49287	NaN
49288	NaN
49289	NaN
49290	NaN
49291	NaN
49292	NaN
49293	NaN
49294	NaN
49295	NaN
49296	NaN
49297	NaN
49298	NaN
49299	NaN
49300	NaN
49301	NaN
49302	NaN
49303	NaN
49304	NaN
49305	NaN
49306	NaN
49307	NaN
49308	NaN
49309	NaN
49310	NaN
49311	NaN
49312	NaN
49313	NaN
49314	NaN
49315	NaN
49316	NaN
49317	NaN
49318	NaN
49319	NaN
49320	NaN
49321	NaN
49322	NaN
49323	NaN
49324	NaN
49325	NaN
49326	0.97978503
49327	0.50542146
49328	0.40670523
49329	0.36371565
49330	0.33953151
49331	0.32397392
49332	0.31310394
49333	0.30507505
49334	0.29890537
49335	0.29402363
49336	0.29007444
49337	0.28682446
49338	0.28411376
49339	0.28182870
49340	0.27988622
49341	0.27822402
49342	0.27679452
49343	0.27556086
49344	0.27449417
49345	0.27357185
49346	0.27277619
49347	0.27209359
49348	0.27151379
49349	0.27102926
49350	0.27063492
49351	0.27032757
49352	0.27010557
49353	0.26996848
49354	0.26991650
49355	0.26995033
49356	0.27007025
49357	0.27027616
49358	0.27056667
49359	0.27093878
49360	0.27138743
49361	0.27190506
49362	0.27248147
49363	0.27310362
49364	0.27375579
49365	0.27441999
49366	0.27507648
49367	0.27570456
49368	0.27628371
49369	0.27679461
49370	0.27722043
49371	0.27754760
49372	0.27776700
49373	0.27787441
49374	0.27787066
49375	0.27776149
49376	0.27755719
49377	0.27727175
49378	0.27692187
49379	0.27652600
49380	0.27610338
49381	0.27567309
49382	0.27525327
49383	0.27486071
49384	0.27451006
49385	0.27421382
49386	0.27398193
49387	0.27382177
49388	0.27373806
49389	0.27373281
49390	0.27380556
49391	0.27395323
49392	0.27417052
49393	0.27444991
49394	0.27478212
49395	0.27515623
49396	0.27556026
49397	0.27598128
49398	0.27640617
49399	0.27682179
49400	0.27721566
49401	0.27757621
49402	0.27789325
49403	0.27815840
49404	0.27836514
49405	0.27850917
49406	0.27858841
49407	0.27860302
49408	0.27855515
49409	0.27844894
49410	0.27829003
49411	0.27808553
49412	0.27784345
49413	0.27757260
49414	0.27728203
49415	0.27698103
49416	0.27667868
49417	0.27638379
49418	0.27610466
49419	0.27584898
49420	0.27562386
49421	0.27543554
49422	0.27528960
49423	0.27519074
49424	0.27514294
49425	0.27514938
49426	0.27521244
49427	0.27533361
49428	0.27551365
49429	0.27575231
49430	0.27604860
49431	0.27640063
49432	0.27680558
49433	0.27725989
49434	0.27775913
49435	0.27829829
49436	0.27887177
49437	0.27947342
49438	0.28009695
49439	0.28073576
49440	0.28138325
49441	0.28203285
49442	0.28267789
49443	0.28331193
49444	0.28392845
49445	0.28452104
49446	0.28508306
49447	0.28560799
49448	0.28608921
49449	0.28651994
49450	0.28689361
49451	0.28720373
49452	0.28744420
49453	0.28760946
49454	0.28769475
49455	0.28769663
49456	0.28761292
49457	0.28744337
49458	0.28718978
49459	0.28685635
49460	0.28644973
49461	0.28597924
49462	0.28545669
49463	0.28489640
49464	0.28431466
49465	0.28372958
49466	0.28316045
49467	0.28262702
49468	0.28214920
49469	0.28174612
49470	0.28143594
49471	0.28123492
49472	0.28115731
49473	0.28121489
49474	0.28141668
49475	0.28176904
49476	0.28227523
49477	0.28293550
49478	0.28374711
49479	0.28470415
49480	0.28579780
49481	0.28701603
49482	0.28834382
49483	0.28976312
49484	0.29125291
49485	0.29278955
49486	0.29434669
49487	0.29589593
49488	0.29740697
49489	0.29884863
49490	0.30018929
49491	0.30139801
49492	0.30244556
49493	0.30330542
49494	0.30395517
49495	0.30437735
49496	0.30456063
49497	0.30450043
49498	0.30419937
49499	0.30366758
49500	0.30292249
49501	0.30198818
49502	0.30089486
49503	0.29967773
49504	0.29837602
49505	0.29703164
49506	0.29568809
49507	0.29438946
49508	0.29317945
49509	0.29210058
49510	0.29119337
49511	0.29049608
49512	0.29004398
49513	0.28986916
49514	0.28999978
49515	0.29045990
49516	0.29126871
49517	0.29243970
49518	0.29397994
49519	0.29588902
49520	0.29815811
49521	0.30076870
49522	0.30369192
49523	0.30688810
49524	0.31030676
49525	0.31388718
49526	0.31756017
49527	0.32125029
49528	0.32487905
49529	0.32836890
49530	0.33164662
49531	0.33464769
49532	0.33731964
49533	0.33962429
49534	0.34153947
49535	0.34305894
49536	0.34419191
49537	0.34496149
49538	0.34540206
49539	0.34555790
49540	0.34548044
49541	0.34522650
49542	0.34485745
49543	0.34443846
49544	0.34403884
49545	0.34373298
49546	0.34360179
49547	0.34373608
49548	0.34423912
49549	0.34523132
49550	0.34685570
49551	0.34928468
49552	0.35272747
49553	0.35744086
49554	0.36373901
49555	0.37200853
49556	0.38272503
49557	0.39647296
49558	0.41397572
49559	0.43613717
49560	0.46410975
49561	0.49942186
49562	0.54421318
49563	0.60170829
49564	0.67720532
49565	0.78028768
49566	0.93044090
49567	1.17398989
49568	1.65293634
49569	3.10540748
49570	NaN
49571	NaN
49572	NaN
49573	NaN
49574	NaN
49575	NaN
49576	NaN
49577	NaN
49578	NaN
49579	NaN
49580	NaN
49581	NaN
49582	NaN
49583	NaN
49584	NaN
49585	NaN
49586	NaN
49587	NaN
49588	NaN
49589	NaN
49590	NaN
49591	NaN
49592	NaN
49593	NaN
49594	NaN
49595	NaN
49596	NaN
49597	NaN
49598	NaN
49599	NaN
49600	NaN
49601	NaN
49602	NaN
49603	NaN
49604	NaN
49605	NaN
49606	NaN
49607	NaN
49608	NaN
49609	NaN
49610	NaN
49611	NaN
49612	NaN
49613	NaN
49614	NaN
49615	NaN
49616	NaN
49617	NaN
49618	NaN
49619	NaN
49620	NaN
49621	NaN
49622	NaN
49623	NaN
49624	NaN
49625	NaN
49626	NaN
49627	NaN
49628	NaN
49629	NaN
49630	NaN
49631	NaN
49632	NaN
49633	NaN
49634	NaN
49635	NaN
49636	NaN
49637	NaN
49638	NaN
49639	NaN
49640	NaN
49641	NaN
49642	NaN
49643	NaN
49644	NaN
49645	NaN
49646	NaN
49647	NaN
49648	NaN
49649	NaN
49650	NaN
49651	NaN
49652	NaN
49653	NaN
49654	NaN
49655	NaN
49656	NaN
49657	NaN
49658	NaN
49659	0.74901426
49660	0.42694527
49661	0.33595523
49662	0.29326743
49663	0.26873484
49664	0.25302431
49665	0.24228866
49666	0.23464617
49667	0.22906388
49668	0.22492433
49669	0.22183383
49670	0.21952836
49671	0.21782358
49672	0.21658614
49673	0.21571706
49674	0.21514128
49675	0.21480070
49676	0.21464959
49677	0.21465166
49678	0.21477745
49679	0.21500294
49680	0.21530814
49681	0.21567614
49682	0.21609232
49683	0.21654385
49684	0.21701910
49685	0.21750739
49686	0.21799859
49687	0.21848312
49688	0.21895169
49689	0.21939532
49690	0.21980530
49691	0.22017346
49692	0.22049212
49693	0.22075424
49694	0.22095367
49695	0.22108531
49696	0.22114530
49697	0.22113112
49698	0.22104183
49699	0.22087823
49700	0.22064292
49701	0.22034055
49702	0.21997757
49703	0.21956244
49704	0.21910539
49705	0.21861824
49706	0.21811409
49707	0.21760690
49708	0.21711107
49709	0.21664076
49710	0.21620959
49711	0.21583010
49712	0.21551317
49713	0.21526788
49714	0.21510136
49715	0.21501842
49716	0.21502188
49717	0.21511225
49718	0.21528803
49719	0.21554559
49720	0.21587947
49721	0.21628214
49722	0.21674432
49723	0.21725489
49724	0.21780117
49725	0.21836898
49726	0.21894310
49727	0.21950760
49728	0.22004622
49729	0.22054318
49730	0.22098362
49731	0.22135442
49732	0.22164471
49733	0.22184643
49734	0.22195478
49735	0.22196835
49736	0.22188920
49737	0.22172251
49738	0.22147633
49739	0.22116093
49740	0.22078814
49741	0.22037069
49742	0.21992168
49743	0.21945378
49744	0.21897894
49745	0.21850815
49746	0.21805105
49747	0.21761601
49748	0.21721011
49749	0.21683912
49750	0.21650773
49751	0.21621963
49752	0.21597768
49753	0.21578389
49754	0.21563965
49755	0.21554579
49756	0.21550249
49757	0.21550940
49758	0.21556565
49759	0.21566975
49760	0.21581961
49761	0.21601246
49762	0.21624497
49763	0.21651307
49764	0.21681212
49765	0.21713692
49766	0.21748176
49767	0.21784057
49768	0.21820693
49769	0.21857430
49770	0.21893615
49771	0.21928592
49772	0.21961735
49773	0.21992441
49774	0.22020151
49775	0.22044356
49776	0.22064602
49777	0.22080502
49778	0.22091737
49779	0.22098070
49780	0.22099349
49781	0.22095506
49782	0.22086568
49783	0.22072668
49784	0.22054031
49785	0.22030991
49786	0.22003987
49787	0.21973556
49788	0.21940322
49789	0.21904995
49790	0.21868345
49791	0.21831197
49792	0.21794388
49793	0.21758759
49794	0.21725127
49795	0.21694256
49796	0.21666838
49797	0.21643469
49798	0.21624640
49799	0.21610732
49800	0.21602015
49801	0.21598639
49802	0.21600656
49803	0.21608028
49804	0.21620637
49805	0.21638301
49806	0.21660791
49807	0.21687834
49808	0.21719128
49809	0.21754356
49810	0.21793175
49811	0.21835224
49812	0.21880129
49813	0.21927477
49814	0.21976835
49815	0.22027719
49816	0.22079606
49817	0.22131914
49818	0.22183998
49819	0.22235161
49820	0.22284643
49821	0.22331640
49822	0.22375306
49823	0.22414777
49824	0.22449185
49825	0.22477697
49826	0.22499533
49827	0.22514001
49828	0.22520521
49829	0.22518656
49830	0.22508129
49831	0.22488840
49832	0.22460879
49833	0.22424518
49834	0.22380213
49835	0.22328597
49836	0.22270454
49837	0.22206713
49838	0.22138430
49839	0.22066766
49840	0.21992970
49841	0.21918367
49842	0.21844347
49843	0.21772341
49844	0.21703823
49845	0.21640278
49846	0.21583223
49847	0.21534151
49848	0.21494550
49849	0.21465863
49850	0.21449460
49851	0.21446618
49852	0.21458465
49853	0.21485920
49854	0.21529660
49855	0.21590020
49856	0.21666937
49857	0.21759874
49858	0.21867812
49859	0.21989167
49860	0.22121839
49861	0.22263226
49862	0.22410336
49863	0.22559893
49864	0.22708468
49865	0.22852640
49866	0.22989134
49867	0.23114949
49868	0.23227459
49869	0.23324431
49870	0.23404057
49871	0.23464923
49872	0.23505929
49873	0.23526269
49874	0.23525265
49875	0.23502345
49876	0.23456936
49877	0.23388399
49878	0.23296036
49879	0.23179050
49880	0.23036569
49881	0.22867796
49882	0.22672130
49883	0.22449532
49884	0.22200881
49885	0.21928601
49886	0.21637583
49887	0.21336414
49888	0.21038847
49889	0.20765977
49890	0.20548669
49891	0.20430574
49892	0.20471320
49893	0.20750204
49894	0.21370785
49895	0.22467834
49896	0.24221297
49897	0.26887995
49898	0.30875036
49899	0.36923587
49900	0.46622014
49901	0.64186865
49902	1.05701327
49903	3.36850762
49904	NaN
49905	NaN
49906	NaN
49907	NaN
49908	NaN
49909	NaN
49910	NaN
49911	NaN
49912	NaN
49913	NaN
49914	NaN
49915	NaN
49916	NaN
49917	NaN
49918	NaN
49919	NaN
49920	NaN
49921	NaN
49922	NaN
49923	NaN
49924	NaN
49925	NaN
49926	NaN
49927	NaN
49928	NaN
49929	NaN
49930	NaN
49931	NaN
49932	NaN
49933	NaN
49934	NaN
49935	NaN
49936	NaN
49937	NaN
49938	NaN
49939	NaN
49940	NaN
49941	NaN
49942	NaN
49943	NaN
49944	NaN
49945	NaN
49946	NaN
49947	NaN
49948	NaN
49949	NaN
49950	NaN
49951	NaN
49952	NaN
49953	NaN
49954	NaN
49955	NaN
49956	NaN
49957	NaN
49958	NaN
49959	NaN
49960	NaN
49961	NaN
49962	NaN
49963	NaN
49964	NaN
49965	NaN
49966	NaN
49967	NaN
49968	NaN
49969	NaN
49970	NaN
49971	NaN
49972	NaN
49973	NaN
49974	NaN
49975	NaN
49976	NaN
49977	NaN
49978	NaN
49979	NaN
49980	NaN
49981	NaN
49982	NaN
49983	NaN
49984	NaN
49985	NaN
49986	NaN
49987	NaN
49988	NaN
49989	NaN
49990	NaN
49991	NaN
49992	NaN
49993	NaN
49994	NaN
49995	1.23816872
49996	0.61750287
49997	0.47208095
49998	0.40740994
49999	0.37103254
50000	0.34786543
50001	0.33194384
50002	0.32043210
50003	0.31180751
50004	0.30517820
50005	0.29998583
50006	0.29586229
50007	0.29255477
50008	0.28988343
50009	0.28771713
50010	0.28595775
50011	0.28453079
50012	0.28337881
50013	0.28245714
50014	0.28173083
50015	0.28117254
50016	0.28076091
50017	0.28047940
50018	0.28031537
50019	0.28025934
50020	0.28030434
50021	0.28044537
50022	0.28067866
50023	0.28100136
50024	0.28141075
50025	0.28190395
50026	0.28247702
50027	0.28312457
50028	0.28383929
50029	0.28461125
50030	0.28542781
50031	0.28627333
50032	0.28712916
50033	0.28797400
50034	0.28878441
50035	0.28953576
50036	0.29020330
50037	0.29076347
50038	0.29119539
50039	0.29148233
50040	0.29161283
50041	0.29158184
50042	0.29139125
50043	0.29104969
50044	0.29057255
50045	0.28998062
50046	0.28929922
50047	0.28855661
50048	0.28778225
50049	0.28700584
50050	0.28625563
50051	0.28555757
50052	0.28493452
50053	0.28440568
50054	0.28398636
50055	0.28368789
50056	0.28351745
50057	0.28347844
50058	0.28357041
50059	0.28378940
50060	0.28412816
50061	0.28457618
50062	0.28512016
50063	0.28574419
50064	0.28643012
50065	0.28715810
50066	0.28790709
50067	0.28865555
50068	0.28938219
50069	0.29006669
50070	0.29069054
50071	0.29123783
50072	0.29169556
50073	0.29205438
50074	0.29230863
50075	0.29245630
50076	0.29249915
50077	0.29244196
50078	0.29229251
50079	0.29206070
50080	0.29175839
50081	0.29139850
50082	0.29099491
50083	0.29056165
50084	0.29011285
50085	0.28966221
50086	0.28922302
50087	0.28880751
50088	0.28842711
50089	0.28809214
50090	0.28781164
50091	0.28759333
50092	0.28744364
50093	0.28736755
50094	0.28736860
50095	0.28744888
50096	0.28760913
50097	0.28784871
50098	0.28816557
50099	0.28855664
50100	0.28901750
50101	0.28954285
50102	0.29012647
50103	0.29076132
50104	0.29143977
50105	0.29215378
50106	0.29289493
50107	0.29365471
50108	0.29442456
50109	0.29519624
50110	0.29596165
50111	0.29671299
50112	0.29744291
50113	0.29814437
50114	0.29881057
50115	0.29943502
50116	0.30001140
50117	0.30053362
50118	0.30099562
50119	0.30139157
50120	0.30171582
50121	0.30196312
50122	0.30212858
50123	0.30220810
50124	0.30219844
50125	0.30209762
50126	0.30190527
50127	0.30162281
50128	0.30125389
50129	0.30080473
50130	0.30028418
50131	0.29970372
50132	0.29907769
50133	0.29842284
50134	0.29775792
50135	0.29710326
50136	0.29648003
50137	0.29590961
50138	0.29541278
50139	0.29500902
50140	0.29471594
50141	0.29454869
50142	0.29451969
50143	0.29463816
50144	0.29491016
50145	0.29533836
50146	0.29592210
50147	0.29665738
50148	0.29753694
50149	0.29855022
50150	0.29968357
50151	0.30092019
50152	0.30224022
50153	0.30362096
50154	0.30503708
50155	0.30646080
50156	0.30786258
50157	0.30921146
50158	0.31047609
50159	0.31162539
50160	0.31262976
50161	0.31346214
50162	0.31409919
50163	0.31452233
50164	0.31471878
50165	0.31468225
50166	0.31441349
50167	0.31392056
50168	0.31321850
50169	0.31232902
50170	0.31127998
50171	0.31010425
50172	0.30883890
50173	0.30752420
50174	0.30620229
50175	0.30491650
50176	0.30371004
50177	0.30262545
50178	0.30170384
50179	0.30098403
50180	0.30050224
50181	0.30029157
50182	0.30038148
50183	0.30079722
50184	0.30155936
50185	0.30268314
50186	0.30417779
50187	0.30604535
50188	0.30828017
50189	0.31086767
50190	0.31378356
50191	0.31699312
50192	0.32045102
50193	0.32410160
50194	0.32787967
50195	0.33171219
50196	0.33552113
50197	0.33922622
50198	0.34274879
50199	0.34601557
50200	0.34896225
50201	0.35153672
50202	0.35370150
50203	0.35543466
50204	0.35673034
50205	0.35759822
50206	0.35806134
50207	0.35815510
50208	0.35792413
50209	0.35742083
50210	0.35670355
50211	0.35583463
50212	0.35488102
50213	0.35391358
50214	0.35300848
50215	0.35224921
50216	0.35172924
50217	0.35155740
50218	0.35186309
50219	0.35280344
50220	0.35457438
50221	0.35742298
50222	0.36166540
50223	0.36770734
50224	0.37607324
50225	0.38744560
50226	0.40271801
50227	0.42307132
50228	0.45009646
50229	0.48599219
50230	0.53393120
50231	0.59876603
50232	0.68852586
50233	0.81792122
50234	1.01774681
50235	1.36594129
50236	2.13440919
50237	5.37615490
50238	NaN
50239	NaN
50240	NaN
50241	NaN
50242	NaN
50243	NaN
50244	NaN
50245	NaN
50246	NaN
50247	NaN
50248	NaN
50249	NaN
50250	NaN
50251	NaN
50252	NaN
50253	NaN
50254	NaN
50255	NaN
50256	NaN
50257	NaN
50258	NaN
50259	NaN
50260	NaN
50261	NaN
50262	NaN
50263	NaN
50264	NaN
50265	NaN
50266	NaN
50267	NaN
50268	NaN
50269	NaN
50270	NaN
50271	NaN
50272	NaN
50273	NaN
50274	NaN
50275	NaN
50276	NaN
50277	NaN
50278	NaN
50279	NaN
50280	NaN
50281	NaN
50282	NaN
50283	NaN
50284	NaN
50285	NaN
50286	NaN
50287	NaN
50288	NaN
50289	NaN
50290	NaN
50291	NaN
50292	NaN
50293	NaN
50294	NaN
50295	NaN
50296	NaN
50297	NaN
50298	NaN
50299	NaN
50300	NaN
50301	NaN
50302	NaN
50303	NaN
50304	NaN
50305	NaN
50306	NaN
50307	NaN
50308	NaN
50309	NaN
50310	NaN
50311	NaN
50312	NaN
50313	NaN
50314	NaN
50315	NaN
50316	NaN
50317	NaN
50318	NaN
50319	NaN
50320	NaN
50321	NaN
50322	NaN
50323	NaN
50324	NaN
50325	NaN
50326	NaN
50327	NaN
50328	NaN
50329	NaN
50330	1.03223479
50331	0.48982272
50332	0.37259015
50333	0.32194883
50334	0.29416201
50335	0.27696300
50336	0.26555172
50337	0.25765577
50338	0.25205490
50339	0.24803178
50340	0.24513489
50341	0.24306490
50342	0.24161452
50343	0.24063587
50344	0.24002020
50345	0.23968607
50346	0.23957127
50347	0.23962767
50348	0.23981756
50349	0.24011120
50350	0.24048465
50351	0.24091864
50352	0.24139732
50353	0.24190746
50354	0.24243778
50355	0.24297835
50356	0.24352030
50357	0.24405532
50358	0.24457543
50359	0.24507296
50360	0.24554029
50361	0.24596992
50362	0.24635443
50363	0.24668661
50364	0.24695963
50365	0.24716718
50366	0.24730369
50367	0.24736464
50368	0.24734677
50369	0.24724853
50370	0.24707019
50371	0.24681419
50372	0.24648529
50373	0.24609078
50374	0.24564044
50375	0.24514641
50376	0.24462289
50377	0.24408582
50378	0.24355231
50379	0.24304001
50380	0.24256641
50381	0.24214822
50382	0.24180067
50383	0.24153693
50384	0.24136794
50385	0.24130180
50386	0.24134383
50387	0.24149653
50388	0.24175952
50389	0.24212982
50390	0.24260178
50391	0.24316739
50392	0.24381627
50393	0.24453592
50394	0.24531174
50395	0.24612722
50396	0.24696422
50397	0.24780309
50398	0.24862333
50399	0.24940383
50400	0.25012386
50401	0.25076351
50402	0.25130478
50403	0.25173229
50404	0.25203428
50405	0.25220299
50406	0.25223529
50407	0.25213289
50408	0.25190216
50409	0.25155383
50410	0.25110230
50411	0.25056475
50412	0.24996036
50413	0.24930915
50414	0.24863121
50415	0.24794573
50416	0.24727054
50417	0.24662143
50418	0.24601203
50419	0.24545349
50420	0.24495456
50421	0.24452157
50422	0.24415869
50423	0.24386798
50424	0.24364975
50425	0.24350257
50426	0.24342363
50427	0.24340890
50428	0.24345326
50429	0.24355076
50430	0.24369471
50431	0.24387796
50432	0.24409299
50433	0.24433212
50434	0.24458772
50435	0.24485226
50436	0.24511865
50437	0.24538024
50438	0.24563107
50439	0.24586594
50440	0.24608044
50441	0.24627112
50442	0.24643536
50443	0.24657142
50444	0.24667840
50445	0.24675615
50446	0.24680515
50447	0.24682644
50448	0.24682158
50449	0.24679239
50450	0.24674107
50451	0.24666996
50452	0.24658160
50453	0.24647865
50454	0.24636374
50455	0.24623974
50456	0.24610946
50457	0.24597573
50458	0.24584146
50459	0.24570940
50460	0.24558233
50461	0.24546276
50462	0.24535303
50463	0.24525520
50464	0.24517095
50465	0.24510160
50466	0.24504808
50467	0.24501100
50468	0.24499065
50469	0.24498715
50470	0.24500048
50471	0.24503067
50472	0.24507786
50473	0.24514236
50474	0.24522474
50475	0.24532577
50476	0.24544652
50477	0.24558827
50478	0.24575232
50479	0.24594015
50480	0.24615315
50481	0.24639261
50482	0.24665953
50483	0.24695465
50484	0.24727805
50485	0.24762928
50486	0.24800709
50487	0.24840924
50488	0.24883245
50489	0.24927229
50490	0.24972308
50491	0.25017792
50492	0.25062886
50493	0.25106695
50494	0.25148246
50495	0.25186521
50496	0.25220501
50497	0.25249201
50498	0.25271711
50499	0.25287241
50500	0.25295162
50501	0.25295046
50502	0.25286677
50503	0.25270072
50504	0.25245488
50505	0.25213403
50506	0.25174522
50507	0.25129741
50508	0.25080118
50509	0.25026858
50510	0.24971281
50511	0.24914794
50512	0.24858876
50513	0.24805045
50514	0.24754860
50515	0.24709879
50516	0.24671687
50517	0.24641845
50518	0.24621893
50519	0.24613340
50520	0.24617621
50521	0.24636082
50522	0.24669944
50523	0.24720261
50524	0.24787843
50525	0.24873234
50526	0.24976619
50527	0.25097778
50528	0.25236014
50529	0.25390124
50530	0.25558391
50531	0.25738594
50532	0.25928080
50533	0.26123878
50534	0.26322812
50535	0.26521695
50536	0.26717514
50537	0.26907548
50538	0.27089566
50539	0.27261886
50540	0.27423424
50541	0.27573723
50542	0.27712893
50543	0.27841565
50544	0.27960801
50545	0.28071973
50546	0.28176764
50547	0.28277057
50548	0.28374922
50549	0.28472614
50550	0.28572610
50551	0.28677785
50552	0.28791529
50553	0.28918031
50554	0.29062894
50555	0.29233751
50556	0.29441658
50557	0.29703042
50558	0.30043155
50559	0.30502284
50560	0.31147179
50561	0.32093525
50562	0.33555299
50563	0.35964936
50564	0.40325177
50565	0.49559054
50566	0.77157247
50567	NaN
50568	NaN
50569	NaN
50570	NaN
50571	NaN
50572	NaN
50573	NaN
50574	NaN
50575	NaN
50576	NaN
50577	NaN
50578	NaN
50579	NaN
50580	NaN
50581	NaN
50582	NaN
50583	NaN
50584	NaN
50585	NaN
50586	NaN
50587	NaN
50588	NaN
50589	NaN
50590	NaN
50591	NaN
50592	NaN
50593	NaN
50594	NaN
50595	NaN
50596	NaN
50597	NaN
50598	NaN
50599	NaN
50600	NaN
50601	NaN
50602	NaN
50603	NaN
50604	NaN
50605	NaN
50606	NaN
50607	NaN
50608	NaN
50609	NaN
50610	NaN
50611	NaN
50612	NaN
50613	NaN
50614	NaN
50615	NaN
50616	NaN
50617	NaN
50618	NaN
50619	NaN
50620	NaN
50621	NaN
50622	NaN
50623	NaN
50624	NaN
50625	NaN
50626	NaN
50627	NaN
50628	NaN
50629	NaN
50630	NaN
50631	NaN
50632	NaN
50633	NaN
50634	NaN
50635	NaN
50636	NaN
50637	NaN
50638	NaN
50639	NaN
50640	NaN
50641	NaN
50642	NaN
50643	NaN
50644	NaN
50645	NaN
50646	NaN
50647	NaN
50648	NaN
50649	NaN
50650	NaN
50651	0.94394851
50652	0.54081470
50653	0.45039162
50654	0.41047123
50655	0.38789657
50656	0.37330526
50657	0.36304224
50658	0.35539150
50659	0.34944305
50660	0.34467044
50661	0.34074831
50662	0.33746406
50663	0.33467299
50664	0.33227262
50665	0.33018786
50666	0.32836226
50667	0.32675251
50668	0.32532462
50669	0.32405195
50670	0.32291305
50671	0.32189119
50672	0.32097322
50673	0.32014921
50674	0.31941187
50675	0.31875634
50676	0.31817970
50677	0.31768075
50678	0.31725964
50679	0.31691754
50680	0.31665629
50681	0.31647781
50682	0.31638396
50683	0.31637585
50684	0.31645358
50685	0.31661570
50686	0.31685880
50687	0.31717733
50688	0.31756335
50689	0.31800655
50690	0.31849423
50691	0.31901196
50692	0.31954390
50693	0.32007363
50694	0.32058495
50695	0.32106289
50696	0.32149458
50697	0.32186997
50698	0.32218254
50699	0.32242951
50700	0.32261205
50701	0.32273480
50702	0.32280552
50703	0.32283422
50704	0.32283247
50705	0.32281217
50706	0.32278505
50707	0.32276168
50708	0.32275084
50709	0.32275915
50710	0.32279080
50711	0.32284746
50712	0.32292828
50713	0.32303020
50714	0.32314831
50715	0.32327610
50716	0.32340610
50717	0.32353017
50718	0.32364014
50719	0.32372808
50720	0.32378685
50721	0.32381031
50722	0.32379362
50723	0.32373354
50724	0.32362837
50725	0.32347825
50726	0.32328480
50727	0.32305136
50728	0.32278284
50729	0.32248530
50730	0.32216588
50731	0.32183257
50732	0.32149392
50733	0.32115877
50734	0.32083586
50735	0.32053363
50736	0.32025996
50737	0.32002187
50738	0.31982535
50739	0.31967524
50740	0.31957498
50741	0.31952673
50742	0.31953108
50743	0.31958741
50744	0.31969368
50745	0.31984669
50746	0.32004225
50747	0.32027537
50748	0.32054052
50749	0.32083175
50750	0.32114309
50751	0.32146886
50752	0.32180366
50753	0.32214275
50754	0.32248217
50755	0.32281885
50756	0.32315058
50757	0.32347617
50758	0.32379529
50759	0.32410851
50760	0.32441708
50761	0.32472289
50762	0.32502836
50763	0.32533613
50764	0.32564902
50765	0.32596979
50766	0.32630098
50767	0.32664460
50768	0.32700211
50769	0.32737422
50770	0.32776067
50771	0.32816020
50772	0.32857066
50773	0.32898864
50774	0.32940984
50775	0.32982895
50776	0.33023992
50777	0.33063599
50778	0.33100992
50779	0.33135435
50780	0.33166185
50781	0.33192557
50782	0.33213934
50783	0.33229816
50784	0.33239844
50785	0.33243847
50786	0.33241859
50787	0.33234134
50788	0.33221155
50789	0.33203635
50790	0.33182499
50791	0.33158848
50792	0.33133942
50793	0.33109128
50794	0.33085820
50795	0.33065426
50796	0.33049294
50797	0.33038697
50798	0.33034748
50799	0.33038396
50800	0.33050388
50801	0.33071253
50802	0.33101279
50803	0.33140516
50804	0.33188772
50805	0.33245593
50806	0.33310303
50807	0.33381975
50808	0.33459455
50809	0.33541384
50810	0.33626196
50811	0.33712167
50812	0.33797416
50813	0.33879974
50814	0.33957803
50815	0.34028873
50816	0.34091201
50817	0.34142929
50818	0.34182402
50819	0.34208235
50820	0.34219369
50821	0.34215179
50822	0.34195483
50823	0.34160614
50824	0.34111458
50825	0.34049419
50826	0.33976462
50827	0.33895028
50828	0.33808005
50829	0.33718634
50830	0.33630416
50831	0.33546984
50832	0.33471981
50833	0.33408922
50834	0.33361062
50835	0.33331302
50836	0.33322093
50837	0.33335397
50838	0.33372629
50839	0.33434698
50840	0.33521968
50841	0.33634299
50842	0.33771047
50843	0.33931100
50844	0.34112889
50845	0.34314409
50846	0.34533262
50847	0.34766662
50848	0.35011503
50849	0.35264388
50850	0.35521710
50851	0.35779727
50852	0.36034650
50853	0.36282736
50854	0.36520410
50855	0.36744326
50856	0.36951518
50857	0.37139425
50858	0.37306014
50859	0.37449786
50860	0.37569842
50861	0.37665892
50862	0.37738267
50863	0.37787884
50864	0.37816265
50865	0.37825462
50866	0.37818071
50867	0.37797156
50868	0.37766242
50869	0.37729293
50870	0.37690726
50871	0.37655386
50872	0.37628606
50873	0.37616253
50874	0.37624878
50875	0.37661773
50876	0.37735197
50877	0.37854606
50878	0.38030910
50879	0.38276815
50880	0.38607264
50881	0.39039963
50882	0.39596170
50883	0.40301660
50884	0.41187927
50885	0.42294583
50886	0.43672219
50887	0.45387638
50888	0.47531936
50889	0.50234628
50890	0.53688854
50891	0.58198881
50892	0.64276028
50893	0.72856694
50894	0.85860354
50895	1.07938242
50896	1.54005814
50897	3.12217045
50898	NaN
50899	NaN
50900	NaN
50901	NaN
50902	NaN
50903	NaN
50904	NaN
50905	NaN
50906	NaN
50907	NaN
50908	NaN
50909	NaN
50910	NaN
50911	NaN
50912	NaN
50913	NaN
50914	NaN
50915	NaN
50916	NaN
50917	NaN
50918	NaN
50919	NaN
50920	NaN
50921	NaN
50922	NaN
50923	NaN
50924	NaN
50925	NaN
50926	NaN
50927	NaN
50928	NaN
50929	NaN
50930	NaN
50931	NaN
50932	NaN
50933	NaN
50934	NaN
50935	NaN
50936	NaN
50937	NaN
50938	NaN
50939	NaN
50940	NaN
50941	NaN
50942	NaN
50943	NaN
50944	NaN
50945	NaN
50946	NaN
50947	NaN
50948	NaN
50949	NaN
50950	NaN
50951	NaN
50952	NaN
50953	NaN
50954	NaN
50955	NaN
50956	NaN
50957	NaN
50958	NaN
50959	NaN
50960	NaN
50961	NaN
50962	NaN
50963	NaN
50964	NaN
50965	NaN
50966	NaN
50967	NaN
50968	NaN
50969	NaN
50970	NaN
50971	NaN
50972	NaN
50973	NaN
50974	NaN
50975	NaN
50976	NaN
50977	NaN
50978	NaN
50979	0.80934286
50980	0.52634984
50981	0.43242097
50982	0.38525850
50983	0.35679832
50984	0.33773261
50985	0.32407820
50986	0.31384218
50987	0.30591401
50988	0.29962441
50989	0.29454428
50990	0.29038543
50991	0.28694639
50992	0.28408164
50993	0.28168324
50994	0.27966940
50995	0.27797684
50996	0.27655566
50997	0.27536586
50998	0.27437505
50999	0.27355647
51000	0.27288759
51001	0.27234906
51002	0.27192402
51003	0.27159745
51004	0.27135554
51005	0.27118546
51006	0.27107483
51007	0.27101192
51008	0.27098525
51009	0.27098355
51010	0.27099586
51011	0.27101171
51012	0.27102107
51013	0.27101466
51014	0.27098387
51015	0.27092120
51016	0.27082017
51017	0.27067557
51018	0.27048364
51019	0.27024218
51020	0.26995063
51021	0.26961032
51022	0.26922452
51023	0.26879865
51024	0.26834002
51025	0.26785809
51026	0.26736394
51027	0.26687035
51028	0.26639113
51029	0.26594076
51030	0.26553395
51031	0.26518503
51032	0.26490736
51033	0.26471314
51034	0.26461273
51035	0.26461470
51036	0.26472527
51037	0.26494840
51038	0.26528555
51039	0.26573545
51040	0.26629424
51041	0.26695526
51042	0.26770881
51043	0.26854235
51044	0.26944035
51045	0.27038440
51046	0.27135342
51047	0.27232403
51048	0.27327099
51049	0.27416798
51050	0.27498850
51051	0.27570674
51052	0.27629882
51053	0.27674395
51054	0.27702534
51055	0.27713126
51056	0.27705571
51057	0.27679873
51058	0.27636653
51059	0.27577102
51060	0.27502942
51061	0.27416301
51062	0.27319640
51063	0.27215609
51064	0.27106950
51065	0.26996386
51066	0.26886520
51067	0.26779780
51068	0.26678345
51069	0.26584125
51070	0.26498741
51071	0.26423505
51072	0.26359448
51073	0.26307309
51074	0.26267561
51075	0.26240426
51076	0.26225886
51077	0.26223698
51078	0.26233402
51079	0.26254332
51080	0.26285625
51081	0.26326230
51082	0.26374942
51083	0.26430404
51084	0.26491141
51085	0.26555604
51086	0.26622212
51087	0.26689383
51088	0.26755583
51089	0.26819375
51090	0.26879445
51091	0.26934648
51092	0.26984018
51093	0.27026781
51094	0.27062371
51095	0.27090394
51096	0.27110657
51097	0.27123109
51098	0.27127853
51099	0.27125111
51100	0.27115214
51101	0.27098575
51102	0.27075708
51103	0.27047181
51104	0.27013642
51105	0.26975793
51106	0.26934400
51107	0.26890281
51108	0.26844281
51109	0.26797289
51110	0.26750195
51111	0.26703897
51112	0.26659256
51113	0.26617107
51114	0.26578194
51115	0.26543200
51116	0.26512700
51117	0.26487160
51118	0.26466924
51119	0.26452217
51120	0.26443142
51121	0.26439697
51122	0.26441768
51123	0.26449162
51124	0.26461607
51125	0.26478773
51126	0.26500285
51127	0.26525727
51128	0.26554656
51129	0.26586601
51130	0.26621073
51131	0.26657549
51132	0.26695478
51133	0.26734290
51134	0.26773375
51135	0.26812094
51136	0.26849782
51137	0.26885730
51138	0.26919216
51139	0.26949489
51140	0.26975781
51141	0.26997346
51142	0.27013457
51143	0.27023441
51144	0.27026740
51145	0.27022925
51146	0.27011752
51147	0.26993176
51148	0.26967397
51149	0.26934853
51150	0.26896232
51151	0.26852456
51152	0.26804638
51153	0.26754081
51154	0.26702204
51155	0.26650512
51156	0.26600534
51157	0.26553789
51158	0.26511765
51159	0.26475844
51160	0.26447320
51161	0.26427355
51162	0.26416972
51163	0.26417041
51164	0.26428255
51165	0.26451144
51166	0.26486036
51167	0.26533043
51168	0.26592034
51169	0.26662618
51170	0.26744112
51171	0.26835504
51172	0.26935434
51173	0.27042183
51174	0.27153653
51175	0.27267393
51176	0.27380618
51177	0.27490276
51178	0.27593121
51179	0.27685848
51180	0.27765223
51181	0.27828237
51182	0.27872294
51183	0.27895370
51184	0.27896148
51185	0.27874157
51186	0.27829796
51187	0.27764374
51188	0.27680042
51189	0.27579737
51190	0.27467066
51191	0.27346152
51192	0.27221546
51193	0.27098098
51194	0.26980922
51195	0.26875311
51196	0.26786786
51197	0.26721132
51198	0.26684508
51199	0.26683551
51200	0.26725605
51201	0.26818836
51202	0.26972520
51203	0.27197224
51204	0.27505076
51205	0.27909961
51206	0.28427687
51207	0.29076138
51208	0.29875392
51209	0.30847663
51210	0.32017291
51211	0.33410761
51212	0.35056850
51213	0.36987603
51214	0.39240214
51215	0.41861179
51216	0.44914433
51217	0.48495728
51218	0.52758563
51219	0.57963645
51220	0.64577025
51221	0.73491395
51222	0.86602449
51223	1.08661473
51224	1.55706167
51225	3.36698031
51226	NaN
51227	NaN
51228	NaN
51229	NaN
51230	NaN
51231	NaN
51232	NaN
51233	NaN
51234	NaN
51235	NaN
51236	NaN
51237	NaN
51238	NaN
51239	NaN
51240	NaN
51241	NaN
51242	NaN
51243	NaN
51244	NaN
51245	NaN
51246	NaN
51247	NaN
51248	NaN
51249	NaN
51250	NaN
51251	NaN
51252	NaN
51253	NaN
51254	NaN
51255	NaN
51256	NaN
51257	NaN
51258	NaN
51259	NaN
51260	NaN
51261	NaN
51262	NaN
51263	NaN
51264	NaN
51265	NaN
51266	NaN
51267	NaN
51268	NaN
51269	NaN
51270	NaN
51271	NaN
51272	NaN
51273	NaN
51274	NaN
51275	NaN
51276	NaN
51277	NaN
51278	NaN
51279	NaN
51280	NaN
51281	NaN
51282	NaN
51283	NaN
51284	NaN
51285	NaN
51286	NaN
51287	NaN
51288	NaN
51289	NaN
51290	NaN
51291	NaN
51292	NaN
51293	NaN
51294	NaN
51295	NaN
51296	NaN
51297	NaN
51298	NaN
51299	NaN
51300	NaN
51301	NaN
51302	NaN
51303	NaN
51304	NaN
51305	1.04048669
51306	0.59521806
51307	0.48674557
51308	0.43777707
51309	0.40989113
51310	0.39189920
51311	0.37934938
51312	0.37011915
51313	0.36306724
51314	0.35752451
51315	0.35307252
51316	0.34943527
51317	0.34642336
51318	0.34390205
51319	0.34177279
51320	0.33996180
51321	0.33841294
51322	0.33708283
51323	0.33593774
51324	0.33495143
51325	0.33410373
51326	0.33337921
51327	0.33276650
51328	0.33225763
51329	0.33184746
51330	0.33153304
51331	0.33131331
51332	0.33118835
51333	0.33115906
51334	0.33122650
51335	0.33139148
51336	0.33165362
51337	0.33201131
51338	0.33246064
51339	0.33299527
51340	0.33360574
51341	0.33427936
51342	0.33500010
51343	0.33574855
51344	0.33650252
51345	0.33723751
51346	0.33792776
51347	0.33854753
51348	0.33907241
51349	0.33948097
51350	0.33975616
51351	0.33988652
51352	0.33986735
51353	0.33970112
51354	0.33939728
51355	0.33897206
51356	0.33844718
51357	0.33784878
51358	0.33720568
51359	0.33654803
51360	0.33590579
51361	0.33530739
51362	0.33477855
51363	0.33434162
51364	0.33401471
51365	0.33381140
51366	0.33374053
51367	0.33380592
51368	0.33400673
51369	0.33433747
51370	0.33478832
51371	0.33534560
51372	0.33599216
51373	0.33670798
51374	0.33747086
51375	0.33825701
51376	0.33904195
51377	0.33980119
51378	0.34051117
51379	0.34115005
51380	0.34169862
51381	0.34214088
51382	0.34246480
51383	0.34266257
51384	0.34273121
51385	0.34267220
51386	0.34249157
51387	0.34219944
51388	0.34180942
51389	0.34133792
51390	0.34080333
51391	0.34022516
51392	0.33962333
51393	0.33901745
51394	0.33842602
51395	0.33786601
51396	0.33735263
51397	0.33689886
51398	0.33651540
51399	0.33621076
51400	0.33599108
51401	0.33586052
51402	0.33582100
51403	0.33587277
51404	0.33601427
51405	0.33624238
51406	0.33655253
51407	0.33693889
51408	0.33739442
51409	0.33791116
51410	0.33848032
51411	0.33909264
51412	0.33973849
51413	0.34040830
51414	0.34109280
51415	0.34178317
51416	0.34247154
51417	0.34315097
51418	0.34381562
51419	0.34446082
51420	0.34508306
51421	0.34567970
51422	0.34624901
51423	0.34678954
51424	0.34730026
51425	0.34777987
51426	0.34822693
51427	0.34863925
51428	0.34901404
51429	0.34934780
51430	0.34963638
51431	0.34987488
51432	0.35005820
51433	0.35018101
51434	0.35023823
51435	0.35022524
51436	0.35013834
51437	0.34997520
51438	0.34973505
51439	0.34941915
51440	0.34903100
51441	0.34857655
51442	0.34806445
51443	0.34750572
51444	0.34691402
51445	0.34630519
51446	0.34569678
51447	0.34510782
51448	0.34455800
51449	0.34406725
51450	0.34365502
51451	0.34333959
51452	0.34313765
51453	0.34306374
51454	0.34312978
51455	0.34334475
51456	0.34371451
51457	0.34424156
51458	0.34492496
51459	0.34576023
51460	0.34673950
51461	0.34785140
51462	0.34908134
51463	0.35041150
51464	0.35182109
51465	0.35328665
51466	0.35478213
51467	0.35627949
51468	0.35774919
51469	0.35916069
51470	0.36048323
51471	0.36168686
51472	0.36274335
51473	0.36362728
51474	0.36431718
51475	0.36479658
51476	0.36505494
51477	0.36508828
51478	0.36489978
51479	0.36449963
51480	0.36390489
51481	0.36313912
51482	0.36223128
51483	0.36121497
51484	0.36012730
51485	0.35900778
51486	0.35789731
51487	0.35683715
51488	0.35586819
51489	0.35503018
51490	0.35436103
51491	0.35389671
51492	0.35367036
51493	0.35371220
51494	0.35404885
51495	0.35470301
51496	0.35569277
51497	0.35703099
51498	0.35872418
51499	0.36077195
51500	0.36316600
51501	0.36588910
51502	0.36891448
51503	0.37220541
51504	0.37571523
51505	0.37938818
51506	0.38316029
51507	0.38696185
51508	0.39071986
51509	0.39436162
51510	0.39781752
51511	0.40102533
51512	0.40393269
51513	0.40649995
51514	0.40870145
51515	0.41052619
51516	0.41197795
51517	0.41307440
51518	0.41384584
51519	0.41433322
51520	0.41458797
51521	0.41467029
51522	0.41464892
51523	0.41460127
51524	0.41461489
51525	0.41478857
51526	0.41523620
51527	0.41608998
51528	0.41750816
51529	0.41968289
51530	0.42285225
51531	0.42731875
51532	0.43347353
51533	0.44183600
51534	0.45311296
51535	0.46829054
51536	0.48879740
51537	0.51678395
51538	0.55565310
51539	0.61116016
51540	0.69390827
51541	0.82595843
51542	1.06231475
51543	1.58997595
51544	3.72385812
51545	NaN
51546	NaN
51547	NaN
51548	NaN
51549	NaN
51550	NaN
51551	NaN
51552	NaN
51553	NaN
51554	NaN
51555	NaN
51556	NaN
51557	NaN
51558	NaN
51559	NaN
51560	NaN
51561	NaN
51562	NaN
51563	NaN
51564	NaN
51565	NaN
51566	NaN
51567	NaN
51568	NaN
51569	NaN
51570	NaN
51571	NaN
51572	NaN
51573	NaN
51574	NaN
51575	NaN
51576	NaN
51577	NaN
51578	NaN
51579	NaN
51580	NaN
51581	NaN
51582	NaN
51583	NaN
51584	NaN
51585	NaN
51586	NaN
51587	NaN
51588	NaN
51589	NaN
51590	NaN
51591	NaN
51592	NaN
51593	NaN
51594	NaN
51595	NaN
51596	NaN
51597	NaN
51598	NaN
51599	NaN
51600	NaN
51601	NaN
51602	NaN
51603	NaN
51604	NaN
51605	NaN
51606	NaN
51607	NaN
51608	NaN
51609	NaN
51610	NaN
51611	NaN
51612	NaN
51613	NaN
51614	NaN
51615	NaN
51616	NaN
51617	NaN
51618	NaN
51619	NaN
51620	NaN
51621	NaN
51622	NaN
51623	NaN
51624	NaN
51625	NaN
51626	NaN
51627	NaN
51628	NaN
51629	NaN
51630	NaN
51631	NaN
51632	NaN
51633	NaN
51634	NaN
51635	NaN
51636	NaN
51637	NaN
51638	NaN
51639	NaN
51640	NaN
51641	NaN
51642	1.26178432
51643	0.58719867
51644	0.43306917
51645	0.36553797
51646	0.32821137
51647	0.30496898
51648	0.28944358
51649	0.27860484
51650	0.27082074
51651	0.26513144
51652	0.26093361
51653	0.25782794
51654	0.25553948
51655	0.25387281
51656	0.25268555
51657	0.25187176
51658	0.25135136
51659	0.25106326
51660	0.25096023
51661	0.25100529
51662	0.25116950
51663	0.25142980
51664	0.25176749
51665	0.25216728
51666	0.25261620
51667	0.25310305
51668	0.25361785
51669	0.25415111
51670	0.25469384
51671	0.25523719
51672	0.25577223
51673	0.25629017
51674	0.25678203
51675	0.25723913
51676	0.25765303
51677	0.25801566
51678	0.25831968
51679	0.25855860
51680	0.25872701
51681	0.25882080
51682	0.25883740
51683	0.25877592
51684	0.25863743
51685	0.25842509
51686	0.25814411
51687	0.25780204
51688	0.25740859
51689	0.25697550
51690	0.25651616
51691	0.25604546
51692	0.25557920
51693	0.25513345
51694	0.25472400
51695	0.25436589
51696	0.25407276
51697	0.25385645
51698	0.25372657
51699	0.25369033
51700	0.25375226
51701	0.25391421
51702	0.25417519
51703	0.25453144
51704	0.25497648
51705	0.25550118
51706	0.25609377
51707	0.25674018
51708	0.25742421
51709	0.25812781
51710	0.25883177
51711	0.25951591
51712	0.26016006
51713	0.26074469
51714	0.26125157
51715	0.26166496
51716	0.26197177
51717	0.26216269
51718	0.26223239
51719	0.26217976
51720	0.26200789
51721	0.26172391
51722	0.26133835
51723	0.26086470
51724	0.26031840
51725	0.25971639
51726	0.25907603
51727	0.25841454
51728	0.25774828
51729	0.25709242
51730	0.25646055
51731	0.25586432
51732	0.25531366
51733	0.25481650
51734	0.25437897
51735	0.25400561
51736	0.25369939
51737	0.25346187
51738	0.25329354
51739	0.25319368
51740	0.25316074
51741	0.25319216
51742	0.25328469
51743	0.25343427
51744	0.25363612
51745	0.25388500
51746	0.25417492
51747	0.25449955
51748	0.25485229
51749	0.25522622
51750	0.25561446
51751	0.25601017
51752	0.25640672
51753	0.25679782
51754	0.25717750
51755	0.25754035
51756	0.25788143
51757	0.25819623
51758	0.25848085
51759	0.25873175
51760	0.25894597
51761	0.25912085
51762	0.25925425
51763	0.25934437
51764	0.25938997
51765	0.25939038
51766	0.25934547
51767	0.25925592
51768	0.25912312
51769	0.25894928
51770	0.25873756
51771	0.25849187
51772	0.25821689
51773	0.25791809
51774	0.25760150
51775	0.25727373
51776	0.25694171
51777	0.25661266
51778	0.25629389
51779	0.25599274
51780	0.25571635
51781	0.25547171
51782	0.25526530
51783	0.25510320
51784	0.25499094
51785	0.25493333
51786	0.25493437
51787	0.25499728
51788	0.25512433
51789	0.25531685
51790	0.25557515
51791	0.25589842
51792	0.25628474
51793	0.25673112
51794	0.25723326
51795	0.25778568
51796	0.25838161
51797	0.25901303
51798	0.25967050
51799	0.26034346
51800	0.26102015
51801	0.26168767
51802	0.26233238
51803	0.26293987
51804	0.26349571
51805	0.26398543
51806	0.26439527
51807	0.26471257
51808	0.26492640
51809	0.26502809
51810	0.26501143
51811	0.26487342
51812	0.26461428
51813	0.26423782
51814	0.26375103
51815	0.26316422
51816	0.26249057
51817	0.26174563
51818	0.26094690
51819	0.26011321
51820	0.25926429
51821	0.25842023
51822	0.25760111
51823	0.25682682
51824	0.25611666
51825	0.25548932
51826	0.25496268
51827	0.25455391
51828	0.25427914
51829	0.25415349
51830	0.25419080
51831	0.25440338
51832	0.25480154
51833	0.25539324
51834	0.25618351
51835	0.25717381
51836	0.25836137
51837	0.25973859
51838	0.26129255
51839	0.26300466
51840	0.26485062
51841	0.26680058
51842	0.26881993
51843	0.27087054
51844	0.27291223
51845	0.27490431
51846	0.27680805
51847	0.27858815
51848	0.28021494
51849	0.28166500
51850	0.28292242
51851	0.28397900
51852	0.28483394
51853	0.28549254
51854	0.28596607
51855	0.28627005
51856	0.28642339
51857	0.28644744
51858	0.28636482
51859	0.28619978
51860	0.28597742
51861	0.28572384
51862	0.28546736
51863	0.28523979
51864	0.28507766
51865	0.28502586
51866	0.28514126
51867	0.28549922
51868	0.28620297
51869	0.28739515
51870	0.28927818
51871	0.29214388
51872	0.29641846
51873	0.30273849
51874	0.31208077
51875	0.32600719
51876	0.34716308
51877	0.38041529
51878	0.43590301
51879	0.53917015
51880	0.77966011
51881	1.85614836
51882	NaN
51883	NaN
51884	NaN
51885	NaN
51886	NaN
51887	NaN
51888	NaN
51889	NaN
51890	NaN
51891	NaN
51892	NaN
51893	NaN
51894	NaN
51895	NaN
51896	NaN
51897	NaN
51898	NaN
51899	NaN
51900	NaN
51901	NaN
51902	NaN
51903	NaN
51904	NaN
51905	NaN
51906	NaN
51907	NaN
51908	NaN
51909	NaN
51910	NaN
51911	NaN
51912	NaN
51913	NaN
51914	NaN
51915	NaN
51916	NaN
51917	NaN
51918	NaN
51919	NaN
51920	NaN
51921	NaN
51922	NaN
51923	NaN
51924	NaN
51925	NaN
51926	NaN
51927	NaN
51928	NaN
51929	NaN
51930	NaN
51931	NaN
51932	NaN
51933	NaN
51934	NaN
51935	NaN
51936	NaN
51937	NaN
51938	NaN
51939	NaN
51940	NaN
51941	NaN
51942	NaN
51943	NaN
51944	NaN
51945	NaN
51946	NaN
51947	NaN
51948	NaN
51949	NaN
51950	NaN
51951	NaN
51952	NaN
51953	NaN
51954	NaN
51955	NaN
51956	NaN
51957	NaN
51958	NaN
51959	NaN
51960	NaN
51961	NaN
51962	NaN
51963	NaN
51964	NaN
51965	NaN
51966	NaN
51967	NaN
51968	NaN
51969	NaN
51970	NaN
51971	NaN
51972	NaN
51973	NaN
51974	NaN
51975	NaN
51976	NaN
51977	4.43302298
51978	0.79960591
51979	0.55004436
51980	0.45945925
51981	0.41289058
51982	0.38470003
51983	0.36592644
51984	0.35262072
51985	0.34277043
51986	0.33524194
51987	0.32934731
51988	0.32464516
51989	0.32083920
51990	0.31772342
51991	0.31515038
51992	0.31301197
51993	0.31122756
51994	0.30973604
51995	0.30849057
51996	0.30745521
51997	0.30660200
51998	0.30590960
51999	0.30536163
52000	0.30494577
52001	0.30465302
52002	0.30447695
52003	0.30441317
52004	0.30445862
52005	0.30461124
52006	0.30486926
52007	0.30523065
52008	0.30569240
52009	0.30624998
52010	0.30689672
52011	0.30762279
52012	0.30841503
52013	0.30925620
52014	0.31012461
52015	0.31099442
52016	0.31183544
52017	0.31261435
52018	0.31329566
52019	0.31384352
52020	0.31422395
52021	0.31440717
52022	0.31437013
52023	0.31409886
52024	0.31359005
52025	0.31285208
52026	0.31190500
52027	0.31077930
52028	0.30951434
52029	0.30815548
52030	0.30675149
52031	0.30535176
52032	0.30400363
52033	0.30275029
52034	0.30162957
52035	0.30067283
52036	0.29990447
52037	0.29934183
52038	0.29899549
52039	0.29886958
52040	0.29896206
52041	0.29926521
52042	0.29976609
52043	0.30044690
52044	0.30128536
52045	0.30225503
52046	0.30332601
52047	0.30446547
52048	0.30563843
52049	0.30680883
52050	0.30794069
52051	0.30899939
52052	0.30995303
52053	0.31077388
52054	0.31143954
52055	0.31193390
52056	0.31224763
52057	0.31237859
52058	0.31233120
52059	0.31211638
52060	0.31175014
52061	0.31125274
52062	0.31064731
52063	0.30995879
52064	0.30921265
52065	0.30843407
52066	0.30764702
52067	0.30687377
52068	0.30613446
52069	0.30544680
52070	0.30482590
52071	0.30428439
52072	0.30383232
52073	0.30347738
52074	0.30322477
52075	0.30307761
52076	0.30303681
52077	0.30310127
52078	0.30326793
52079	0.30353191
52080	0.30388668
52081	0.30432403
52082	0.30483454
52083	0.30540761
52084	0.30603203
52085	0.30669618
52086	0.30738851
52087	0.30809805
52088	0.30881456
52089	0.30952924
52090	0.31023470
52091	0.31092510
52092	0.31159627
52093	0.31224549
52094	0.31287119
52095	0.31347272
52096	0.31404981
52097	0.31460211
52098	0.31512895
52099	0.31562883
52100	0.31609914
52101	0.31653607
52102	0.31693453
52103	0.31728822
52104	0.31758967
52105	0.31783056
52106	0.31800228
52107	0.31809601
52108	0.31810367
52109	0.31801808
52110	0.31783405
52111	0.31754869
52112	0.31716216
52113	0.31667823
52114	0.31610462
52115	0.31545320
52116	0.31474000
52117	0.31398478
52118	0.31321076
52119	0.31244373
52120	0.31171107
52121	0.31104079
52122	0.31046060
52123	0.30999669
52124	0.30967307
52125	0.30951062
52126	0.30952671
52127	0.30973479
52128	0.31014401
52129	0.31075931
52130	0.31158119
52131	0.31260562
52132	0.31382424
52133	0.31522402
52134	0.31678739
52135	0.31849220
52136	0.32031149
52137	0.32221371
52138	0.32416302
52139	0.32611930
52140	0.32803893
52141	0.32987592
52142	0.33158252
52143	0.33311138
52144	0.33441681
52145	0.33545700
52146	0.33619609
52147	0.33660585
52148	0.33666787
52149	0.33637431
52150	0.33572900
52151	0.33474746
52152	0.33345637
52153	0.33189246
52154	0.33010092
52155	0.32813361
52156	0.32604694
52157	0.32390022
52158	0.32175356
52159	0.31966662
52160	0.31769758
52161	0.31590226
52162	0.31433368
52163	0.31304181
52164	0.31207350
52165	0.31147233
52166	0.31127855
52167	0.31152883
52168	0.31225550
52169	0.31348586
52170	0.31524086
52171	0.31753325
52172	0.32036561
52173	0.32372776
52174	0.32759431
52175	0.33192199
52176	0.33664799
52177	0.34168944
52178	0.34694383
52179	0.35229173
52180	0.35760194
52181	0.36273777
52182	0.36756536
52183	0.37196168
52184	0.37582210
52185	0.37906677
52186	0.38164374
52187	0.38352939
52188	0.38472724
52189	0.38526341
52190	0.38518187
52191	0.38453925
52192	0.38339895
52193	0.38182828
52194	0.37989476
52195	0.37766376
52196	0.37519917
52197	0.37256357
52198	0.36982021
52199	0.36703712
52200	0.36429116
52201	0.36167803
52202	0.35932380
52203	0.35740125
52204	0.35615769
52205	0.35595447
52206	0.35732961
52207	0.36109358
52208	0.36848208
52209	0.38141328
52210	0.40292212
52211	0.43795717
52212	0.49496269
52213	0.58940893
52214	0.75300074
52215	1.06374347
52216	1.78635895
52217	4.84071636
52218	NaN
52219	NaN
52220	NaN
52221	NaN
52222	NaN
52223	NaN
52224	NaN
52225	NaN
52226	NaN
52227	NaN
52228	NaN
52229	NaN
52230	NaN
52231	NaN
52232	NaN
52233	NaN
52234	NaN
52235	NaN
52236	NaN
52237	NaN
52238	NaN
52239	NaN
52240	NaN
52241	NaN
52242	NaN
52243	NaN
52244	NaN
52245	NaN
52246	NaN
52247	NaN
52248	NaN
52249	NaN
52250	NaN
52251	NaN
52252	NaN
52253	NaN
52254	NaN
52255	NaN
52256	NaN
52257	NaN
52258	NaN
52259	NaN
52260	NaN
52261	NaN
52262	NaN
52263	NaN
52264	NaN
52265	NaN
52266	NaN
52267	NaN
52268	NaN
52269	NaN
52270	NaN
52271	NaN
52272	NaN
52273	NaN
52274	NaN
52275	NaN
52276	NaN
52277	NaN
52278	NaN
52279	NaN
52280	NaN
52281	NaN
52282	NaN
52283	NaN
52284	NaN
52285	NaN
52286	NaN
52287	NaN
52288	NaN
52289	NaN
52290	NaN
52291	NaN
52292	NaN
52293	NaN
52294	NaN
52295	NaN
52296	NaN
52297	NaN
52298	NaN
52299	NaN
52300	NaN
52301	NaN
52302	NaN
52303	NaN
52304	NaN
52305	NaN
52306	NaN
52307	NaN
52308	NaN
52309	NaN
52310	NaN
52311	NaN
52312	NaN
52313	NaN
52314	NaN
52315	NaN
52316	1.24317920
52317	0.51493543
52318	0.36988273
52319	0.30881283
52320	0.27597845
52321	0.25611353
52322	0.24330844
52323	0.23477733
52324	0.22902505
52325	0.22517042
52326	0.22265741
52327	0.22111563
52328	0.22028801
52329	0.21999045
52330	0.22008786
52331	0.22047901
52332	0.22108710
52333	0.22185293
52334	0.22273067
52335	0.22368447
52336	0.22468603
52337	0.22571266
52338	0.22674622
52339	0.22777173
52340	0.22877675
52341	0.22975080
52342	0.23068458
52343	0.23156984
52344	0.23239914
52345	0.23316556
52346	0.23386261
52347	0.23448426
52348	0.23502496
52349	0.23547968
52350	0.23584412
52351	0.23611480
52352	0.23628934
52353	0.23636663
52354	0.23634718
52355	0.23623307
52356	0.23602839
52357	0.23573914
52358	0.23537324
52359	0.23494065
52360	0.23445298
52361	0.23392344
52362	0.23336655
52363	0.23279765
52364	0.23223262
52365	0.23168734
52366	0.23117727
52367	0.23071694
52368	0.23031960
52369	0.22999670
52370	0.22975768
52371	0.22960965
52372	0.22955728
52373	0.22960271
52374	0.22974558
52375	0.22998294
52376	0.23030946
52377	0.23071752
52378	0.23119742
52379	0.23173748
52380	0.23232433
52381	0.23294322
52382	0.23357829
52383	0.23421301
52384	0.23483054
52385	0.23541437
52386	0.23594891
52387	0.23641977
52388	0.23681460
52389	0.23712356
52390	0.23733956
52391	0.23745871
52392	0.23748027
52393	0.23740681
52394	0.23724382
52395	0.23699927
52396	0.23668328
52397	0.23630744
52398	0.23588423
52399	0.23542640
52400	0.23494658
52401	0.23445670
52402	0.23396789
52403	0.23349012
52404	0.23303215
52405	0.23260157
52406	0.23220471
52407	0.23184685
52408	0.23153226
52409	0.23126429
52410	0.23104540
52411	0.23087731
52412	0.23076099
52413	0.23069678
52414	0.23068412
52415	0.23072192
52416	0.23080818
52417	0.23094024
52418	0.23111461
52419	0.23132701
52420	0.23157251
52421	0.23184538
52422	0.23213942
52423	0.23244795
52424	0.23276407
52425	0.23308067
52426	0.23339082
52427	0.23368765
52428	0.23396479
52429	0.23421627
52430	0.23443663
52431	0.23462112
52432	0.23476556
52433	0.23486657
52434	0.23492141
52435	0.23492809
52436	0.23488538
52437	0.23479295
52438	0.23465116
52439	0.23446143
52440	0.23422602
52441	0.23394823
52442	0.23363228
52443	0.23328342
52444	0.23290765
52445	0.23251189
52446	0.23210357
52447	0.23169053
52448	0.23128088
52449	0.23088266
52450	0.23050365
52451	0.23015116
52452	0.22983192
52453	0.22955185
52454	0.22931601
52455	0.22912848
52456	0.22899242
52457	0.22891000
52458	0.22888248
52459	0.22891018
52460	0.22899261
52461	0.22912851
52462	0.22931591
52463	0.22955218
52464	0.22983423
52465	0.23015837
52466	0.23052053
52467	0.23091622
52468	0.23134053
52469	0.23178823
52470	0.23225364
52471	0.23273060
52472	0.23321261
52473	0.23369260
52474	0.23416314
52475	0.23461626
52476	0.23504384
52477	0.23543750
52478	0.23578899
52479	0.23609030
52480	0.23633412
52481	0.23651394
52482	0.23662458
52483	0.23666225
52484	0.23662485
52485	0.23651221
52486	0.23632599
52487	0.23606989
52488	0.23574917
52489	0.23537087
52490	0.23494329
52491	0.23447591
52492	0.23397900
52493	0.23346344
52494	0.23294042
52495	0.23242144
52496	0.23191793
52497	0.23144142
52498	0.23100340
52499	0.23061523
52500	0.23028833
52501	0.23003407
52502	0.22986388
52503	0.22978920
52504	0.22982132
52505	0.22997130
52506	0.23024967
52507	0.23066624
52508	0.23122945
52509	0.23194616
52510	0.23282094
52511	0.23385565
52512	0.23504873
52513	0.23639463
52514	0.23788376
52515	0.23950221
52516	0.24123208
52517	0.24305236
52518	0.24493915
52519	0.24686775
52520	0.24881381
52521	0.25075459
52522	0.25267062
52523	0.25454655
52524	0.25637224
52525	0.25814322
52526	0.25986066
52527	0.26153162
52528	0.26316887
52529	0.26479113
52530	0.26642251
52531	0.26809415
52532	0.26984450
52533	0.27172196
52534	0.27378646
52535	0.27611601
52536	0.27881312
52537	0.28201634
52538	0.28591943
52539	0.29080358
52540	0.29709420
52541	0.30546781
52542	0.31706154
52543	0.33394065
52544	0.36026174
52545	0.40574816
52546	0.49949023
52547	0.78507036
52548	NaN
52549	NaN
52550	NaN
52551	NaN
52552	NaN
52553	NaN
52554	NaN
52555	NaN
52556	NaN
52557	NaN
52558	NaN
52559	NaN
52560	NaN
52561	NaN
52562	NaN
52563	NaN
52564	NaN
52565	NaN
52566	NaN
52567	NaN
52568	NaN
52569	NaN
52570	NaN
52571	NaN
52572	NaN
52573	NaN
52574	NaN
52575	NaN
52576	NaN
52577	NaN
52578	NaN
52579	NaN
52580	NaN
52581	NaN
52582	NaN
52583	NaN
52584	NaN
52585	NaN
52586	NaN
52587	NaN
52588	NaN
52589	NaN
52590	NaN
52591	NaN
52592	NaN
52593	NaN
52594	NaN
52595	NaN
52596	NaN
52597	NaN
52598	NaN
52599	NaN
52600	NaN
52601	NaN
52602	NaN
52603	NaN
52604	NaN
52605	NaN
52606	NaN
52607	NaN
52608	NaN
52609	NaN
52610	NaN
52611	NaN
52612	NaN
52613	NaN
52614	NaN
52615	NaN
52616	NaN
52617	NaN
52618	NaN
52619	NaN
52620	NaN
52621	NaN
52622	NaN
52623	NaN
52624	NaN
52625	NaN
52626	NaN
52627	NaN
52628	NaN
52629	NaN
52630	NaN
52631	NaN
52632	NaN
52633	NaN
52634	NaN
52635	NaN
52636	NaN
52637	NaN
52638	NaN
52639	NaN
52640	NaN
52641	NaN
52642	NaN
52643	2.68662691
52644	0.61883664
52645	0.46019250
52646	0.40145370
52647	0.37067610
52648	0.35163149
52649	0.33862320
52650	0.32913703
52651	0.32189149
52652	0.31616539
52653	0.31152156
52654	0.30767927
52655	0.30444986
52656	0.30170169
52657	0.29934001
52658	0.29729474
52659	0.29551288
52660	0.29395381
52661	0.29258603
52662	0.29138485
52663	0.29033110
52664	0.28940997
52665	0.28861019
52666	0.28792349
52667	0.28734398
52668	0.28686792
52669	0.28649315
52670	0.28621882
52671	0.28604487
52672	0.28597176
52673	0.28599995
52674	0.28612939
52675	0.28635922
52676	0.28668705
52677	0.28710875
52678	0.28761774
52679	0.28820476
52680	0.28885758
52681	0.28956085
52682	0.29029632
52683	0.29104295
52684	0.29177794
52685	0.29247713
52686	0.29311651
52687	0.29367325
52688	0.29412737
52689	0.29446271
52690	0.29466826
52691	0.29473889
52692	0.29467574
52693	0.29448614
52694	0.29418311
52695	0.29378435
52696	0.29331127
52697	0.29278737
52698	0.29223719
52699	0.29168493
52700	0.29115331
52701	0.29066291
52702	0.29023132
52703	0.28987303
52704	0.28959903
52705	0.28941679
52706	0.28933039
52707	0.28934059
52708	0.28944495
52709	0.28963825
52710	0.28991231
52711	0.29025677
52712	0.29065895
52713	0.29110453
52714	0.29157782
52715	0.29206228
52716	0.29254130
52717	0.29299858
52718	0.29341885
52719	0.29378861
52720	0.29409653
52721	0.29433396
52722	0.29449514
52723	0.29457745
52724	0.29458126
52725	0.29450980
52726	0.29436862
52727	0.29416540
52728	0.29390937
52729	0.29361075
52730	0.29328033
52731	0.29292917
52732	0.29256809
52733	0.29220739
52734	0.29185686
52735	0.29152530
52736	0.29122078
52737	0.29095030
52738	0.29071993
52739	0.29053476
52740	0.29039890
52741	0.29031551
52742	0.29028675
52743	0.29031390
52744	0.29039735
52745	0.29053649
52746	0.29072991
52747	0.29097545
52748	0.29127011
52749	0.29161033
52750	0.29199207
52751	0.29241079
52752	0.29286182
52753	0.29334030
52754	0.29384142
52755	0.29436049
52756	0.29489303
52757	0.29543474
52758	0.29598165
52759	0.29652983
52760	0.29707563
52761	0.29761529
52762	0.29814515
52763	0.29866129
52764	0.29915968
52765	0.29963607
52766	0.30008590
52767	0.30050451
52768	0.30088696
52769	0.30122834
52770	0.30152366
52771	0.30176818
52772	0.30195749
52773	0.30208760
52774	0.30215538
52775	0.30215853
52776	0.30209619
52777	0.30196872
52778	0.30177844
52779	0.30152947
52780	0.30122802
52781	0.30088240
52782	0.30050290
52783	0.30010176
52784	0.29969278
52785	0.29929081
52786	0.29891166
52787	0.29857126
52788	0.29828528
52789	0.29806876
52790	0.29793540
52791	0.29789752
52792	0.29796559
52793	0.29814792
52794	0.29845065
52795	0.29887751
52796	0.29942986
52797	0.30010653
52798	0.30090362
52799	0.30181476
52800	0.30283079
52801	0.30393985
52802	0.30512726
52803	0.30637553
52804	0.30766463
52805	0.30897188
52806	0.31027234
52807	0.31153950
52808	0.31274569
52809	0.31386298
52810	0.31486395
52811	0.31572327
52812	0.31641823
52813	0.31693026
52814	0.31724557
52815	0.31735632
52816	0.31726092
52817	0.31696430
52818	0.31647789
52819	0.31581932
52820	0.31501180
52821	0.31408346
52822	0.31306610
52823	0.31199479
52824	0.31090650
52825	0.30983934
52826	0.30883190
52827	0.30792227
52828	0.30714771
52829	0.30654380
52830	0.30614415
52831	0.30597994
52832	0.30607936
52833	0.30646697
52834	0.30716333
52835	0.30818412
52836	0.30953953
52837	0.31123334
52838	0.31326208
52839	0.31561434
52840	0.31827012
52841	0.32120037
52842	0.32436708
52843	0.32772338
52844	0.33121482
52845	0.33478075
52846	0.33835629
52847	0.34187484
52848	0.34527102
52849	0.34848332
52850	0.35145688
52851	0.35414577
52852	0.35651413
52853	0.35853773
52854	0.36020368
52855	0.36151004
52856	0.36246502
52857	0.36308545
52858	0.36339542
52859	0.36342502
52860	0.36320862
52861	0.36278471
52862	0.36219439
52863	0.36148205
52864	0.36069527
52865	0.35988620
52866	0.35911319
52867	0.35844350
52868	0.35795730
52869	0.35775155
52870	0.35794714
52871	0.35869664
52872	0.36019316
52873	0.36268303
52874	0.36648035
52875	0.37198639
52876	0.37971291
52877	0.39031556
52878	0.40464565
52879	0.42383409
52880	0.44943994
52881	0.48371527
52882	0.53015125
52883	0.59460109
52884	0.68790448
52885	0.83288223
52886	1.08743322
52887	1.65379441
52888	4.06627417
52889	NaN
52890	NaN
52891	NaN
52892	NaN
52893	NaN
52894	NaN
52895	NaN
52896	NaN
52897	NaN
52898	NaN
52899	NaN
52900	NaN
52901	NaN
52902	NaN
52903	NaN
52904	NaN
52905	NaN
52906	NaN
52907	NaN
52908	NaN
52909	NaN
52910	NaN
52911	NaN
52912	NaN
52913	NaN
52914	NaN
52915	NaN
52916	NaN
52917	NaN
52918	NaN
52919	NaN
52920	NaN
52921	NaN
52922	NaN
52923	NaN
52924	NaN
52925	NaN
52926	NaN
52927	NaN
52928	NaN
52929	NaN
52930	NaN
52931	NaN
52932	NaN
52933	NaN
52934	NaN
52935	NaN
52936	NaN
52937	NaN
52938	NaN
52939	NaN
52940	NaN
52941	NaN
52942	NaN
52943	NaN
52944	NaN
52945	NaN
52946	NaN
52947	NaN
52948	NaN
52949	NaN
52950	NaN
52951	NaN
52952	NaN
52953	NaN
52954	NaN
52955	NaN
52956	NaN
52957	NaN
52958	NaN
52959	NaN
52960	NaN
52961	NaN
52962	NaN
52963	NaN
52964	NaN
52965	NaN
52966	NaN
52967	NaN
52968	NaN
52969	NaN
52970	1.30455697
52971	0.43490782
52972	0.34048545
52973	0.30324155
52974	0.28283086
52975	0.26971221
52976	0.26045725
52977	0.25352746
52978	0.24812759
52979	0.24380273
52980	0.24027242
52981	0.23735300
52982	0.23491836
52983	0.23287825
52984	0.23116571
52985	0.22972947
52986	0.22852933
52987	0.22753291
52988	0.22671354
52989	0.22604871
52990	0.22551920
52991	0.22510807
52992	0.22480027
52993	0.22458214
52994	0.22444095
52995	0.22436486
52996	0.22434242
52997	0.22436263
52998	0.22441474
52999	0.22448820
53000	0.22457272
53001	0.22465816
53002	0.22473496
53003	0.22479400
53004	0.22482684
53005	0.22482607
53006	0.22478536
53007	0.22469977
53008	0.22456592
53009	0.22438213
53010	0.22414853
53011	0.22386721
53012	0.22354208
53013	0.22317891
53014	0.22278506
53015	0.22236927
53016	0.22194149
53017	0.22151218
53018	0.22109231
53019	0.22069259
53020	0.22032337
53021	0.21999407
53022	0.21971311
53023	0.21948752
53024	0.21932288
53025	0.21922326
53026	0.21919133
53027	0.21922809
53028	0.21933322
53029	0.21950495
53030	0.21974014
53031	0.22003429
53032	0.22038160
53033	0.22077504
53034	0.22120613
53035	0.22166534
53036	0.22214189
53037	0.22262411
53038	0.22309957
53039	0.22355543
53040	0.22397870
53041	0.22435686
53042	0.22467819
53043	0.22493239
53044	0.22511090
53045	0.22520752
53046	0.22521856
53047	0.22514312
53048	0.22498307
53049	0.22474311
53050	0.22443032
53051	0.22405396
53052	0.22362481
53053	0.22315483
53054	0.22265641
53055	0.22214204
53056	0.22162363
53057	0.22111227
53058	0.22061792
53059	0.22014911
53060	0.21971300
53061	0.21931525
53062	0.21896014
53063	0.21865074
53064	0.21838903
53065	0.21817611
53066	0.21801235
53067	0.21789759
53068	0.21783130
53069	0.21781260
53070	0.21784033
53071	0.21791311
53072	0.21802923
53073	0.21818666
53074	0.21838288
53075	0.21861495
53076	0.21887934
53077	0.21917197
53078	0.21948816
53079	0.21982267
53080	0.22016983
53081	0.22052352
53082	0.22087744
53083	0.22122519
53084	0.22156045
53085	0.22187710
53086	0.22216934
53087	0.22243188
53088	0.22265996
53089	0.22284925
53090	0.22299625
53091	0.22309798
53092	0.22315228
53093	0.22315776
53094	0.22311385
53095	0.22302094
53096	0.22288047
53097	0.22269480
53098	0.22246747
53099	0.22220296
53100	0.22190680
53101	0.22158542
53102	0.22124597
53103	0.22089614
53104	0.22054398
53105	0.22019763
53106	0.21986507
53107	0.21955402
53108	0.21927150
53109	0.21902388
53110	0.21881662
53111	0.21865422
53112	0.21854010
53113	0.21847677
53114	0.21846560
53115	0.21850713
53116	0.21860102
53117	0.21874613
53118	0.21894065
53119	0.21918209
53120	0.21946749
53121	0.21979335
53122	0.22015563
53123	0.22054978
53124	0.22097084
53125	0.22141331
53126	0.22187126
53127	0.22233823
53128	0.22280739
53129	0.22327147
53130	0.22372296
53131	0.22415416
53132	0.22455724
53133	0.22492449
53134	0.22524846
53135	0.22552207
53136	0.22573899
53137	0.22589360
53138	0.22598143
53139	0.22599924
53140	0.22594507
53141	0.22581866
53142	0.22562127
53143	0.22535577
53144	0.22502659
53145	0.22463980
53146	0.22420263
53147	0.22372359
53148	0.22321208
53149	0.22267826
53150	0.22213289
53151	0.22158697
53152	0.22105177
53153	0.22053835
53154	0.22005782
53155	0.21962099
53156	0.21923824
53157	0.21891955
53158	0.21867420
53159	0.21851069
53160	0.21843661
53161	0.21845812
53162	0.21857990
53163	0.21880475
53164	0.21913311
53165	0.21956287
53166	0.22008899
53167	0.22070320
53168	0.22139403
53169	0.22214675
53170	0.22294362
53171	0.22376437
53172	0.22458681
53173	0.22538759
53174	0.22614320
53175	0.22683086
53176	0.22742946
53177	0.22792014
53178	0.22828713
53179	0.22851810
53180	0.22860402
53181	0.22853951
53182	0.22832260
53183	0.22795421
53184	0.22743824
53185	0.22678111
53186	0.22599162
53187	0.22508125
53188	0.22406371
53189	0.22295663
53190	0.22178094
53191	0.22056298
53192	0.21933611
53193	0.21814261
53194	0.21703631
53195	0.21608740
53196	0.21538557
53197	0.21504647
53198	0.21521731
53199	0.21608499
53200	0.21788293
53201	0.22089890
53202	0.22548524
53203	0.23206678
53204	0.24115536
53205	0.25336918
53206	0.26946938
53207	0.29043755
53208	0.31761882
53209	0.35301363
53210	0.39987046
53211	0.46398357
53212	0.55686921
53213	0.70500410
53214	0.98499441
53215	1.74500775
53216	NaN
53217	NaN
53218	NaN
53219	NaN
53220	NaN
53221	NaN
53222	NaN
53223	NaN
53224	NaN
53225	NaN
53226	NaN
53227	NaN
53228	NaN
53229	NaN
53230	NaN
53231	NaN
53232	NaN
53233	NaN
53234	NaN
53235	NaN
53236	NaN
53237	NaN
53238	NaN
53239	NaN
53240	NaN
53241	NaN
53242	NaN
53243	NaN
53244	NaN
53245	NaN
53246	NaN
53247	NaN
53248	NaN
53249	NaN
53250	NaN
53251	NaN
53252	NaN
53253	NaN
53254	NaN
53255	NaN
53256	NaN
53257	NaN
53258	NaN
53259	NaN
53260	NaN
53261	NaN
53262	NaN
53263	NaN
53264	NaN
53265	NaN
53266	NaN
53267	NaN
53268	NaN
53269	NaN
53270	NaN
53271	NaN
53272	NaN
53273	NaN
53274	NaN
53275	NaN
53276	NaN
53277	NaN
53278	NaN
53279	NaN
53280	NaN
53281	NaN
53282	NaN
53283	NaN
53284	NaN
53285	NaN
53286	NaN
53287	NaN
53288	NaN
53289	NaN
53290	NaN
53291	NaN
53292	NaN
53293	NaN
53294	NaN
53295	NaN
53296	NaN
53297	NaN
53298	NaN
53299	NaN
53300	0.84772813
53301	0.50919664
53302	0.41491419
53303	0.37065274
53304	0.34498671
53305	0.32826823
53306	0.31654817
53307	0.30791011
53308	0.30131108
53309	0.29613498
53310	0.29199401
53311	0.28863135
53312	0.28587008
53313	0.28358400
53314	0.28168041
53315	0.28008953
53316	0.27875787
53317	0.27764383
53318	0.27671468
53319	0.27594453
53320	0.27531296
53321	0.27480400
53322	0.27440530
53323	0.27410761
53324	0.27390400
53325	0.27378964
53326	0.27376127
53327	0.27381667
53328	0.27395421
53329	0.27417246
53330	0.27446958
53331	0.27484301
53332	0.27528879
53333	0.27580127
53334	0.27637285
53335	0.27699342
53336	0.27765054
53337	0.27832943
53338	0.27901325
53339	0.27968344
53340	0.28032064
53341	0.28090540
53342	0.28141928
53343	0.28184581
53344	0.28217164
53345	0.28238735
53346	0.28248820
53347	0.28247434
53348	0.28235108
53349	0.28212833
53350	0.28182018
53351	0.28144398
53352	0.28101936
53353	0.28056699
53354	0.28010789
53355	0.27966234
53356	0.27924907
53357	0.27888474
53358	0.27858350
53359	0.27835679
53360	0.27821299
53361	0.27815756
53362	0.27819312
53363	0.27831933
53364	0.27853322
53365	0.27882934
53366	0.27919990
53367	0.27963507
53368	0.28012326
53369	0.28065151
53370	0.28120559
53371	0.28177086
53372	0.28233224
53373	0.28287515
53374	0.28338563
53375	0.28385103
53376	0.28426042
53377	0.28460491
53378	0.28487793
53379	0.28507540
53380	0.28519571
53381	0.28523973
53382	0.28521061
53383	0.28511339
53384	0.28495494
53385	0.28474343
53386	0.28448814
53387	0.28419891
53388	0.28388616
53389	0.28356034
53390	0.28323188
53391	0.28291094
53392	0.28260726
53393	0.28233007
53394	0.28208792
53395	0.28188860
53396	0.28173929
53397	0.28164616
53398	0.28161466
53399	0.28164926
53400	0.28175342
53401	0.28192961
53402	0.28217912
53403	0.28250208
53404	0.28289732
53405	0.28336245
53406	0.28389379
53407	0.28448638
53408	0.28513423
53409	0.28583020
53410	0.28656644
53411	0.28733432
53412	0.28812486
53413	0.28892872
53414	0.28973645
53415	0.29053873
53416	0.29132637
53417	0.29209048
53418	0.29282251
53419	0.29351428
53420	0.29415810
53421	0.29474670
53422	0.29527333
53423	0.29573184
53424	0.29611656
53425	0.29642260
53426	0.29664576
53427	0.29678282
53428	0.29683131
53429	0.29679015
53430	0.29665959
53431	0.29644123
53432	0.29613855
53433	0.29575691
53434	0.29530361
53435	0.29478836
53436	0.29422274
53437	0.29362059
53438	0.29299751
53439	0.29237059
53440	0.29175809
53441	0.29117876
53442	0.29065132
53443	0.29019392
53444	0.28982344
53445	0.28955492
53446	0.28940144
53447	0.28937325
53448	0.28947794
53449	0.28972012
53450	0.29010138
53451	0.29062033
53452	0.29127252
53453	0.29205078
53454	0.29294515
53455	0.29394311
53456	0.29502979
53457	0.29618794
53458	0.29739830
53459	0.29863980
53460	0.29988974
53461	0.30112410
53462	0.30231792
53463	0.30344591
53464	0.30448288
53465	0.30540457
53466	0.30618840
53467	0.30681437
53468	0.30726585
53469	0.30753052
53470	0.30760112
53471	0.30747586
53472	0.30715886
53473	0.30666021
53474	0.30599564
53475	0.30518636
53476	0.30425817
53477	0.30324087
53478	0.30216724
53479	0.30107215
53480	0.29999188
53481	0.29896301
53482	0.29802161
53483	0.29720291
53484	0.29654035
53485	0.29606509
53486	0.29580566
53487	0.29578716
53488	0.29603091
53489	0.29655412
53490	0.29736882
53491	0.29848173
53492	0.29989344
53493	0.30159780
53494	0.30358180
53495	0.30582449
53496	0.30829754
53497	0.31096503
53498	0.31378394
53499	0.31670541
53500	0.31967580
53501	0.32263878
53502	0.32553729
53503	0.32831579
53504	0.33092293
53505	0.33331344
53506	0.33544981
53507	0.33730397
53508	0.33885798
53509	0.34010449
53510	0.34104621
53511	0.34169540
53512	0.34207332
53513	0.34220919
53514	0.34213901
53515	0.34190521
53516	0.34155551
53517	0.34114325
53518	0.34072715
53519	0.34037206
53520	0.34014916
53521	0.34013858
53522	0.34042996
53523	0.34112611
53524	0.34234494
53525	0.34422413
53526	0.34692478
53527	0.35063627
53528	0.35558343
53529	0.36203271
53530	0.37030178
53531	0.38077280
53532	0.39390928
53533	0.41028604
53534	0.43063411
53535	0.45591775
53536	0.48747545
53537	0.52726465
53538	0.57833242
53539	0.64577055
53540	0.73881561
53541	0.87612355
53542	1.10172713
53543	1.54959810
53544	2.90972042
53545	NaN
53546	NaN
53547	NaN
53548	NaN
53549	NaN
53550	NaN
53551	NaN
53552	NaN
53553	NaN
53554	NaN
53555	NaN
53556	NaN
53557	NaN
53558	NaN
53559	NaN
53560	NaN
53561	NaN
53562	NaN
53563	NaN
53564	NaN
53565	NaN
53566	NaN
53567	NaN
53568	NaN
53569	NaN
53570	NaN
53571	NaN
53572	NaN
53573	NaN
53574	NaN
53575	NaN
53576	NaN
53577	NaN
53578	NaN
53579	NaN
53580	NaN
53581	NaN
53582	NaN
53583	NaN
53584	NaN
53585	NaN
53586	NaN
53587	NaN
53588	NaN
53589	NaN
53590	NaN
53591	NaN
53592	NaN
53593	NaN
53594	NaN
53595	NaN
53596	NaN
53597	NaN
53598	NaN
53599	NaN
53600	NaN
53601	NaN
53602	NaN
53603	NaN
53604	NaN
53605	NaN
53606	NaN
53607	NaN
53608	NaN
53609	NaN
53610	NaN
53611	NaN
53612	NaN
53613	NaN
53614	NaN
53615	NaN
53616	NaN
53617	NaN
53618	NaN
53619	NaN
53620	NaN
53621	NaN
53622	NaN
53623	NaN
53624	NaN
53625	NaN
53626	NaN
53627	0.69035143
53628	0.35814735
53629	0.29719704
53630	0.27075383
53631	0.25562391
53632	0.24567464
53633	0.23857652
53634	0.23324552
53635	0.22910558
53636	0.22581922
53637	0.22317383
53638	0.22102730
53639	0.21927989
53640	0.21785888
53641	0.21670946
53642	0.21578892
53643	0.21506347
53644	0.21450569
53645	0.21409287
53646	0.21380582
53647	0.21362816
53648	0.21354547
53649	0.21354485
53650	0.21361439
53651	0.21374305
53652	0.21392010
53653	0.21413516
53654	0.21437791
53655	0.21463813
53656	0.21490563
53657	0.21517037
53658	0.21542242
53659	0.21565230
53660	0.21585104
53661	0.21601051
53662	0.21612345
53663	0.21618378
53664	0.21618691
53665	0.21612978
53666	0.21601102
53667	0.21583126
53668	0.21559308
53669	0.21530108
53670	0.21496189
53671	0.21458395
53672	0.21417747
53673	0.21375410
53674	0.21332641
53675	0.21290767
53676	0.21251133
53677	0.21215045
53678	0.21183717
53679	0.21158239
53680	0.21139541
53681	0.21128359
53682	0.21125224
53683	0.21130458
53684	0.21144168
53685	0.21166271
53686	0.21196492
53687	0.21234372
53688	0.21279293
53689	0.21330480
53690	0.21387011
53691	0.21447802
53692	0.21511656
53693	0.21577244
53694	0.21643128
53695	0.21707796
53696	0.21769683
53697	0.21827231
53698	0.21878932
53699	0.21923386
53700	0.21959378
53701	0.21985911
53702	0.22002287
53703	0.22008118
53704	0.22003368
53705	0.21988337
53706	0.21963665
53707	0.21930286
53708	0.21889357
53709	0.21842237
53710	0.21790375
53711	0.21735269
53712	0.21678384
53713	0.21621124
53714	0.21564758
53715	0.21510409
53716	0.21459037
53717	0.21411417
53718	0.21368159
53719	0.21329710
53720	0.21296374
53721	0.21268328
53722	0.21245649
53723	0.21228324
53724	0.21216267
53725	0.21209350
53726	0.21207388
53727	0.21210158
53728	0.21217410
53729	0.21228841
53730	0.21244116
53731	0.21262854
53732	0.21284632
53733	0.21308969
53734	0.21335350
53735	0.21363211
53736	0.21391961
53737	0.21420977
53738	0.21449633
53739	0.21477304
53740	0.21503389
53741	0.21527308
53742	0.21548539
53743	0.21566598
53744	0.21581073
53745	0.21591625
53746	0.21597965
53747	0.21599904
53748	0.21597311
53749	0.21590148
53750	0.21578453
53751	0.21562351
53752	0.21542062
53753	0.21517889
53754	0.21490231
53755	0.21459588
53756	0.21426542
53757	0.21391760
53758	0.21355970
53759	0.21319966
53760	0.21284564
53761	0.21250588
53762	0.21218841
53763	0.21190065
53764	0.21164930
53765	0.21144000
53766	0.21127708
53767	0.21116361
53768	0.21110125
53769	0.21109028
53770	0.21112974
53771	0.21121757
53772	0.21135090
53773	0.21152608
53774	0.21173915
53775	0.21198575
53776	0.21226148
53777	0.21256196
53778	0.21288288
53779	0.21322003
53780	0.21356946
53781	0.21392728
53782	0.21428977
53783	0.21465328
53784	0.21501431
53785	0.21536925
53786	0.21571471
53787	0.21604709
53788	0.21636291
53789	0.21665864
53790	0.21693079
53791	0.21717590
53792	0.21739067
53793	0.21757194
53794	0.21771696
53795	0.21782331
53796	0.21788907
53797	0.21791293
53798	0.21789433
53799	0.21783344
53800	0.21773116
53801	0.21758929
53802	0.21741031
53803	0.21719745
53804	0.21695459
53805	0.21668613
53806	0.21639699
53807	0.21609247
53808	0.21577829
53809	0.21546052
53810	0.21514547
53811	0.21483982
53812	0.21455066
53813	0.21428521
53814	0.21405119
53815	0.21385643
53816	0.21370901
53817	0.21361713
53818	0.21358885
53819	0.21363194
53820	0.21375374
53821	0.21396071
53822	0.21425824
53823	0.21465035
53824	0.21513906
53825	0.21572417
53826	0.21640286
53827	0.21716945
53828	0.21801536
53829	0.21892887
53830	0.21989568
53831	0.22089945
53832	0.22192243
53833	0.22294651
53834	0.22395396
53835	0.22492862
53836	0.22585657
53837	0.22672677
53838	0.22753133
53839	0.22826557
53840	0.22892800
53841	0.22951978
53842	0.23004447
53843	0.23050813
53844	0.23091854
53845	0.23128565
53846	0.23162171
53847	0.23194268
53848	0.23226878
53849	0.23262700
53850	0.23305309
53851	0.23359627
53852	0.23432404
53853	0.23532985
53854	0.23674312
53855	0.23874454
53856	0.24158652
53857	0.24562655
53858	0.25137120
53859	0.25955307
53860	0.27125207
53861	0.28810808
53862	0.31272998
53863	0.34954512
53864	0.40681565
53865	0.50225264
53866	0.68285614
53867	1.13165903
53868	NaN
53869	NaN
53870	NaN
53871	NaN
53872	NaN
53873	NaN
53874	NaN
53875	NaN
53876	NaN
53877	NaN
53878	NaN
53879	NaN
53880	NaN
53881	NaN
53882	NaN
53883	NaN
53884	NaN
53885	NaN
53886	NaN
53887	NaN
53888	NaN
53889	NaN
53890	NaN
53891	NaN
53892	NaN
53893	NaN
53894	NaN
53895	NaN
53896	NaN
53897	NaN
53898	NaN
53899	NaN
53900	NaN
53901	NaN
53902	NaN
53903	NaN
53904	NaN
53905	NaN
53906	NaN
53907	NaN
53908	NaN
53909	NaN
53910	NaN
53911	NaN
53912	NaN
53913	NaN
53914	NaN
53915	NaN
53916	NaN
53917	NaN
53918	NaN
53919	NaN
53920	NaN
53921	NaN
53922	NaN
53923	NaN
53924	NaN
53925	NaN
53926	NaN
53927	NaN
53928	NaN
53929	NaN
53930	NaN
53931	NaN
53932	NaN
53933	NaN
53934	NaN
53935	NaN
53936	NaN
53937	NaN
53938	NaN
53939	NaN
53940	NaN
53941	NaN
53942	NaN
53943	NaN
53944	NaN
53945	NaN
53946	NaN
53947	NaN
53948	NaN
53949	NaN
53950	NaN
53951	NaN
53952	NaN
53953	NaN
53954	NaN
53955	NaN
53956	NaN
53957	NaN
53958	3.06679082
53959	0.61679286
53960	0.44072619
53961	0.37584215
53962	0.34191284
53963	0.32097214
53964	0.30673006
53965	0.29641148
53966	0.28860119
53967	0.28250054
53968	0.27762404
53969	0.27365878
53970	0.27039310
53971	0.26767859
53972	0.26540741
53973	0.26349905
53974	0.26189208
53975	0.26053885
53976	0.25940171
53977	0.25845081
53978	0.25766218
53979	0.25701675
53980	0.25649941
53981	0.25609821
53982	0.25580394
53983	0.25560966
53984	0.25551012
53985	0.25550142
53986	0.25558063
53987	0.25574523
53988	0.25599277
53989	0.25632036
53990	0.25672424
53991	0.25719941
53992	0.25773913
53993	0.25833485
53994	0.25897571
53995	0.25964886
53996	0.26033917
53997	0.26102984
53998	0.26170281
53999	0.26233929
54000	0.26292080
54001	0.26342994
54002	0.26385140
54003	0.26417291
54004	0.26438591
54005	0.26448625
54006	0.26447436
54007	0.26435536
54008	0.26413846
54009	0.26383659
54010	0.26346555
54011	0.26304284
54012	0.26258707
54013	0.26211655
54014	0.26164895
54015	0.26120031
54016	0.26078475
54017	0.26041403
54018	0.26009744
54019	0.25984198
54020	0.25965205
54021	0.25953004
54022	0.25947621
54023	0.25948915
54024	0.25956580
54025	0.25970164
54026	0.25989106
54027	0.26012719
54028	0.26040232
54029	0.26070783
54030	0.26103440
54031	0.26137242
54032	0.26171175
54033	0.26204261
54034	0.26235539
54035	0.26264122
54036	0.26289240
54037	0.26310235
54038	0.26326621
54039	0.26338091
54040	0.26344514
54041	0.26345941
54042	0.26342589
54043	0.26334822
54044	0.26323146
54045	0.26308152
54046	0.26290509
54047	0.26270926
54048	0.26250139
54049	0.26228890
54050	0.26207906
54051	0.26187894
54052	0.26169533
54053	0.26153478
54054	0.26140347
54055	0.26130733
54056	0.26125193
54057	0.26124251
54058	0.26128390
54059	0.26138043
54060	0.26153588
54061	0.26175326
54062	0.26203468
54063	0.26238129
54064	0.26279312
54065	0.26326895
54066	0.26380637
54067	0.26440164
54068	0.26504990
54069	0.26574510
54070	0.26648036
54071	0.26724797
54072	0.26803967
54073	0.26884675
54074	0.26966026
54075	0.27047122
54076	0.27127057
54077	0.27204937
54078	0.27279878
54079	0.27351025
54080	0.27417523
54081	0.27478561
54082	0.27533352
54083	0.27581149
54084	0.27621257
54085	0.27653050
54086	0.27675992
54087	0.27689663
54088	0.27693775
54089	0.27688220
54090	0.27673095
54091	0.27648714
54092	0.27615637
54093	0.27574688
54094	0.27526957
54095	0.27473786
54096	0.27416748
54097	0.27357614
54098	0.27298313
54099	0.27240875
54100	0.27187356
54101	0.27139798
54102	0.27100149
54103	0.27070203
54104	0.27051568
54105	0.27045599
54106	0.27053392
54107	0.27075747
54108	0.27113175
54109	0.27165881
54110	0.27233765
54111	0.27316439
54112	0.27413231
54113	0.27523175
54114	0.27645046
54115	0.27777335
54116	0.27918288
54117	0.28065872
54118	0.28217834
54119	0.28371704
54120	0.28524804
54121	0.28674334
54122	0.28817397
54123	0.28951079
54124	0.29072541
54125	0.29179093
54126	0.29268318
54127	0.29338163
54128	0.29387045
54129	0.29413936
54130	0.29418424
54131	0.29400763
54132	0.29361901
54133	0.29303432
54134	0.29227582
54135	0.29137132
54136	0.29035309
54137	0.28925732
54138	0.28812271
54139	0.28698954
54140	0.28589892
54141	0.28489166
54142	0.28400782
54143	0.28328592
54144	0.28276241
54145	0.28247130
54146	0.28244358
54147	0.28270671
54148	0.28328431
54149	0.28419510
54150	0.28545249
54151	0.28706339
54152	0.28902739
54153	0.29133552
54154	0.29396936
54155	0.29690003
54156	0.30008775
54157	0.30348170
54158	0.30702078
54159	0.31063464
54160	0.31424606
54161	0.31777391
54162	0.32113665
54163	0.32425585
54164	0.32706007
54165	0.32948807
54166	0.33149156
54167	0.33303681
54168	0.33410490
54169	0.33469206
54170	0.33480829
54171	0.33447576
54172	0.33372721
54173	0.33260393
54174	0.33115450
54175	0.32943383
54176	0.32750151
54177	0.32542336
54178	0.32327074
54179	0.32112294
54180	0.31906947
54181	0.31721371
54182	0.31567892
54183	0.31461543
54184	0.31420982
54185	0.31470084
54186	0.31639805
54187	0.31971020
54188	0.32518476
54189	0.33356643
54190	0.34589183
54191	0.36364159
54192	0.38899708
54193	0.42533743
54194	0.47824022
54195	0.55776238
54196	0.68441999
54197	0.90836424
54198	1.39554667
54199	3.22991252
54200	NaN
54201	NaN
54202	NaN
54203	NaN
54204	NaN
54205	NaN
54206	NaN
54207	NaN
54208	NaN
54209	NaN
54210	NaN
54211	NaN
54212	NaN
54213	NaN
54214	NaN
54215	NaN
54216	NaN
54217	NaN
54218	NaN
54219	NaN
54220	NaN
54221	NaN
54222	NaN
54223	NaN
54224	NaN
54225	NaN
54226	NaN
54227	NaN
54228	NaN
54229	NaN
54230	NaN
54231	NaN
54232	NaN
54233	NaN
54234	NaN
54235	NaN
54236	NaN
54237	NaN
54238	NaN
54239	NaN
54240	NaN
54241	NaN
54242	NaN
54243	NaN
54244	NaN
54245	NaN
54246	NaN
54247	NaN
54248	NaN
54249	NaN
54250	NaN
54251	NaN
54252	NaN
54253	NaN
54254	NaN
54255	NaN
54256	NaN
54257	NaN
54258	NaN
54259	NaN
54260	NaN
54261	NaN
54262	NaN
54263	NaN
54264	NaN
54265	NaN
54266	NaN
54267	NaN
54268	NaN
54269	NaN
54270	NaN
54271	NaN
54272	NaN
54273	NaN
54274	NaN
54275	NaN
54276	NaN
54277	NaN
54278	NaN
54279	NaN
54280	NaN
54281	NaN
54282	NaN
54283	NaN
54284	NaN
54285	NaN
54286	0.62152010
54287	0.37694237
54288	0.30966869
54289	0.27757531
54290	0.25851431
54291	0.24576695
54292	0.23659615
54293	0.22967315
54294	0.22427250
54295	0.21996254
54296	0.21646842
54297	0.21360572
54298	0.21124506
54299	0.20929235
54300	0.20767646
54301	0.20634234
54302	0.20524621
54303	0.20435233
54304	0.20363075
54305	0.20305623
54306	0.20260653
54307	0.20226215
54308	0.20200540
54309	0.20182018
54310	0.20169146
54311	0.20160525
54312	0.20154822
54313	0.20150782
54314	0.20147227
54315	0.20143040
54316	0.20137201
54317	0.20128791
54318	0.20117003
54319	0.20101182
54320	0.20080823
54321	0.20055600
54322	0.20025392
54323	0.19990283
54324	0.19950578
54325	0.19906813
54326	0.19859733
54327	0.19810295
54328	0.19759621
54329	0.19708987
54330	0.19659755
54331	0.19613333
54332	0.19571109
54333	0.19534397
54334	0.19504380
54335	0.19482060
54336	0.19468205
54337	0.19463341
54338	0.19467734
54339	0.19481379
54340	0.19504032
54341	0.19535218
54342	0.19574277
54343	0.19620384
54344	0.19672588
54345	0.19729850
54346	0.19791055
54347	0.19855034
54348	0.19920582
54349	0.19986460
54350	0.20051406
54351	0.20114133
54352	0.20173344
54353	0.20227759
54354	0.20276129
54355	0.20317273
54356	0.20350121
54357	0.20373765
54358	0.20387508
54359	0.20390902
54360	0.20383787
54361	0.20366316
54362	0.20338954
54363	0.20302472
54364	0.20257910
54365	0.20206527
54366	0.20149744
54367	0.20089076
54368	0.20026061
54369	0.19962201
54370	0.19898911
54371	0.19837473
54372	0.19779007
54373	0.19724464
54374	0.19674617
54375	0.19630073
54376	0.19591270
54377	0.19558515
54378	0.19531983
54379	0.19511744
54380	0.19497776
54381	0.19489977
54382	0.19488178
54383	0.19492142
54384	0.19501571
54385	0.19516115
54386	0.19535357
54387	0.19558823
54388	0.19585983
54389	0.19616255
54390	0.19648999
54391	0.19683532
54392	0.19719130
54393	0.19755048
54394	0.19790521
54395	0.19824800
54396	0.19857143
54397	0.19886854
54398	0.19913292
54399	0.19935890
54400	0.19954160
54401	0.19967715
54402	0.19976269
54403	0.19979641
54404	0.19977756
54405	0.19970652
54406	0.19958459
54407	0.19941413
54408	0.19919847
54409	0.19894183
54410	0.19864929
54411	0.19832684
54412	0.19798127
54413	0.19762012
54414	0.19725153
54415	0.19688421
54416	0.19652706
54417	0.19618919
54418	0.19587937
54419	0.19560592
54420	0.19537635
54421	0.19519700
54422	0.19507274
54423	0.19500692
54424	0.19500102
54425	0.19505465
54426	0.19516565
54427	0.19533008
54428	0.19554251
54429	0.19579618
54430	0.19608337
54431	0.19639564
54432	0.19672421
54433	0.19706029
54434	0.19739527
54435	0.19772092
54436	0.19802962
54437	0.19831458
54438	0.19856980
54439	0.19879018
54440	0.19897150
54441	0.19911058
54442	0.19920504
54443	0.19925353
54444	0.19925557
54445	0.19921157
54446	0.19912282
54447	0.19899149
54448	0.19882061
54449	0.19861399
54450	0.19837630
54451	0.19811276
54452	0.19782937
54453	0.19753234
54454	0.19722818
54455	0.19692342
54456	0.19662419
54457	0.19633631
54458	0.19606476
54459	0.19581360
54460	0.19558583
54461	0.19538338
54462	0.19520700
54463	0.19505642
54464	0.19493032
54465	0.19482660
54466	0.19474263
54467	0.19467531
54468	0.19462125
54469	0.19457711
54470	0.19453964
54471	0.19450583
54472	0.19447307
54473	0.19443907
54474	0.19440204
54475	0.19436052
54476	0.19431344
54477	0.19426011
54478	0.19420008
54479	0.19413321
54480	0.19405948
54481	0.19397910
54482	0.19389267
54483	0.19380093
54484	0.19370520
54485	0.19360706
54486	0.19350903
54487	0.19341402
54488	0.19332579
54489	0.19324867
54490	0.19318779
54491	0.19314870
54492	0.19313769
54493	0.19316104
54494	0.19322537
54495	0.19333747
54496	0.19350414
54497	0.19373229
54498	0.19402927
54499	0.19440283
54500	0.19486189
54501	0.19541636
54502	0.19607875
54503	0.19686374
54504	0.19778934
54505	0.19887784
54506	0.20015696
54507	0.20166065
54508	0.20343137
54509	0.20552194
54510	0.20799740
54511	0.21093932
54512	0.21444823
54513	0.21865030
54514	0.22370398
54515	0.22980826
54516	0.23721948
54517	0.24627075
54518	0.25740680
54519	0.27124441
54520	0.28867495
54521	0.31106645
54522	0.34066764
54523	0.38149184
54524	0.44155803
54525	0.53954411
54526	0.73119855
54527	1.29053712
54528	NaN
54529	NaN
54530	NaN
54531	NaN
54532	NaN
54533	NaN
54534	NaN
54535	NaN
54536	NaN
54537	NaN
54538	NaN
54539	NaN
54540	NaN
54541	NaN
54542	NaN
54543	NaN
54544	NaN
54545	NaN
54546	NaN
54547	NaN
54548	NaN
54549	NaN
54550	NaN
54551	NaN
54552	NaN
54553	NaN
54554	NaN
54555	NaN
54556	NaN
54557	NaN
54558	NaN
54559	NaN
54560	NaN
54561	NaN
54562	NaN
54563	NaN
54564	NaN
54565	NaN
54566	NaN
54567	NaN
54568	NaN
54569	NaN
54570	NaN
54571	NaN
54572	NaN
54573	NaN
54574	NaN
54575	NaN
54576	NaN
54577	NaN
54578	NaN
54579	NaN
54580	NaN
54581	NaN
54582	NaN
54583	NaN
54584	NaN
54585	NaN
54586	NaN
54587	NaN
54588	NaN
54589	NaN
54590	NaN
54591	NaN
54592	NaN
54593	NaN
54594	NaN
54595	NaN
54596	NaN
54597	NaN
54598	NaN
54599	NaN
54600	NaN
54601	NaN
54602	NaN
54603	NaN
54604	0.46390238
54605	0.33472368
54606	0.30039415
54607	0.28496805
54608	0.27641141
54609	0.27107194
54610	0.26747271
54611	0.26490703
54612	0.26299760
54613	0.26152605
54614	0.26035827
54615	0.25940761
54616	0.25861612
54617	0.25794348
54618	0.25736082
54619	0.25684714
54620	0.25638682
54621	0.25596818
54622	0.25558251
54623	0.25522351
54624	0.25488681
54625	0.25456977
54626	0.25427106
54627	0.25399059
54628	0.25372934
54629	0.25348926
54630	0.25327286
54631	0.25308341
54632	0.25292438
54633	0.25279957
54634	0.25271273
54635	0.25266725
54636	0.25266603
54637	0.25271115
54638	0.25280344
54639	0.25294235
54640	0.25312543
54641	0.25334835
54642	0.25360474
54643	0.25388622
54644	0.25418267
54645	0.25448275
54646	0.25477451
54647	0.25504619
54648	0.25528714
54649	0.25548869
54650	0.25564498
54651	0.25575343
54652	0.25581500
54653	0.25583419
54654	0.25581852
54655	0.25577781
54656	0.25572357
54657	0.25566784
54658	0.25562233
54659	0.25559789
54660	0.25560361
54661	0.25564659
54662	0.25573167
54663	0.25586128
54664	0.25603566
54665	0.25625280
54666	0.25650889
54667	0.25679839
54668	0.25711453
54669	0.25744939
54670	0.25779426
54671	0.25814006
54672	0.25847736
54673	0.25879693
54674	0.25908989
54675	0.25934795
54676	0.25956377
54677	0.25973117
54678	0.25984541
54679	0.25990331
54680	0.25990349
54681	0.25984633
54682	0.25973403
54683	0.25957051
54684	0.25936127
54685	0.25911313
54686	0.25883394
54687	0.25853232
54688	0.25821739
54689	0.25789824
54690	0.25758389
54691	0.25728270
54692	0.25700268
54693	0.25675076
54694	0.25653294
54695	0.25635427
54696	0.25621879
54697	0.25612953
54698	0.25608861
54699	0.25609735
54700	0.25615633
54701	0.25626546
54702	0.25642407
54703	0.25663099
54704	0.25688443
54705	0.25718224
54706	0.25752172
54707	0.25789958
54708	0.25831231
54709	0.25875580
54710	0.25922564
54711	0.25971717
54712	0.26022550
54713	0.26074588
54714	0.26127353
54715	0.26180393
54716	0.26233289
54717	0.26285666
54718	0.26337191
54719	0.26387566
54720	0.26436514
54721	0.26483789
54722	0.26529151
54723	0.26572347
54724	0.26613113
54725	0.26651171
54726	0.26686203
54727	0.26717868
54728	0.26745811
54729	0.26769647
54730	0.26789004
54731	0.26803508
54732	0.26812831
54733	0.26816690
54734	0.26814881
54735	0.26807302
54736	0.26793984
54737	0.26775095
54738	0.26750976
54739	0.26722133
54740	0.26689261
54741	0.26653233
54742	0.26615077
54743	0.26575968
54744	0.26537174
54745	0.26500031
54746	0.26465896
54747	0.26436090
54748	0.26411852
54749	0.26394305
54750	0.26384413
54751	0.26382968
54752	0.26390544
54753	0.26407513
54754	0.26434037
54755	0.26470062
54756	0.26515335
54757	0.26569414
54758	0.26631680
54759	0.26701334
54760	0.26777425
54761	0.26858866
54762	0.26944420
54763	0.27032727
54764	0.27122328
54765	0.27211672
54766	0.27299145
54767	0.27383107
54768	0.27461928
54769	0.27534035
54770	0.27597958
54771	0.27652383
54772	0.27696213
54773	0.27728605
54774	0.27749020
54775	0.27757242
54776	0.27753413
54777	0.27738032
54778	0.27711925
54779	0.27676252
54780	0.27632451
54781	0.27582207
54782	0.27527386
54783	0.27470013
54784	0.27412203
54785	0.27356112
54786	0.27303910
54787	0.27257732
54788	0.27219638
54789	0.27191609
54790	0.27175480
54791	0.27172956
54792	0.27185556
54793	0.27214605
54794	0.27261174
54795	0.27326080
54796	0.27409822
54797	0.27512532
54798	0.27633947
54799	0.27773362
54800	0.27929598
54801	0.28101003
54802	0.28285438
54803	0.28480327
54804	0.28682742
54805	0.28889468
54806	0.29097182
54807	0.29302517
54808	0.29502273
54809	0.29693517
54810	0.29873729
54811	0.30040836
54812	0.30193332
54813	0.30330268
54814	0.30451253
54815	0.30556414
54816	0.30646396
54817	0.30722260
54818	0.30785492
54819	0.30837882
54820	0.30881596
54821	0.30919120
54822	0.30953261
54823	0.30987221
54824	0.31024608
54825	0.31069556
54826	0.31126836
54827	0.31201923
54828	0.31301272
54829	0.31432447
54830	0.31604359
54831	0.31827608
54832	0.32114774
54833	0.32480875
54834	0.32943845
54835	0.33525154
54836	0.34250703
54837	0.35152030
54838	0.36268100
54839	0.37648359
54840	0.39357689
54841	0.41484928
54842	0.44157743
54843	0.47570395
54844	0.52036846
54845	0.58103818
54846	0.66814387
54847	0.80434012
54848	1.04960430
54849	1.63110280
54850	4.85817146
54851	NaN
54852	NaN
54853	NaN
54854	NaN
54855	NaN
54856	NaN
54857	NaN
54858	NaN
54859	NaN
54860	NaN
54861	NaN
54862	NaN
54863	NaN
54864	NaN
54865	NaN
54866	NaN
54867	NaN
54868	NaN
54869	NaN
54870	NaN
54871	NaN
54872	NaN
54873	NaN
54874	NaN
54875	NaN
54876	NaN
54877	NaN
54878	NaN
54879	NaN
54880	NaN
54881	NaN
54882	NaN
54883	NaN
54884	NaN
54885	NaN
54886	NaN
54887	NaN
54888	NaN
54889	NaN
54890	NaN
54891	NaN
54892	NaN
54893	NaN
54894	NaN
54895	NaN
54896	NaN
54897	NaN
54898	NaN
54899	NaN
54900	NaN
54901	NaN
54902	NaN
54903	NaN
54904	NaN
54905	NaN
54906	NaN
54907	NaN
54908	NaN
54909	NaN
54910	NaN
54911	NaN
54912	NaN
54913	NaN
54914	NaN
54915	NaN
54916	NaN
54917	NaN
54918	NaN
54919	NaN
54920	NaN
54921	NaN
54922	NaN
54923	NaN
54924	NaN
54925	NaN
54926	NaN
54927	NaN
54928	NaN
54929	NaN
54930	0.21386977
54931	0.20707870
54932	0.20289582
54933	0.19952501
54934	0.19658896
54935	0.19395675
54936	0.19156899
54937	0.18939304
54938	0.18740883
54939	0.18560182
54940	0.18396083
54941	0.18247667
54942	0.18114129
54943	0.17994739
54944	0.17888810
54945	0.17795657
54946	0.17714599
54947	0.17644933
54948	0.17585933
54949	0.17536822
54950	0.17496793
54951	0.17464992
54952	0.17440525
54953	0.17422457
54954	0.17409827
54955	0.17401651
54956	0.17396930
54957	0.17394666
54958	0.17393883
54959	0.17393631
54960	0.17393017
54961	0.17391215
54962	0.17387508
54963	0.17381284
54964	0.17372081
54965	0.17359580
54966	0.17343634
54967	0.17324272
54968	0.17301711
54969	0.17276341
54970	0.17248712
54971	0.17219539
54972	0.17189646
54973	0.17159954
54974	0.17131422
54975	0.17105033
54976	0.17081724
54977	0.17062367
54978	0.17047721
54979	0.17038406
54980	0.17034887
54981	0.17037460
54982	0.17046240
54983	0.17061180
54984	0.17082074
54985	0.17108577
54986	0.17140217
54987	0.17176425
54988	0.17216551
54989	0.17259879
54990	0.17305645
54991	0.17353034
54992	0.17401206
54993	0.17449296
54994	0.17496414
54995	0.17541663
54996	0.17584150
54997	0.17623006
54998	0.17657401
54999	0.17686591
55000	0.17709930
55001	0.17726925
55002	0.17737241
55003	0.17740744
55004	0.17737491
55005	0.17727748
55006	0.17711957
55007	0.17690723
55008	0.17664778
55009	0.17634927
55010	0.17602010
55011	0.17566866
55012	0.17530283
55013	0.17492989
55014	0.17455614
55015	0.17418692
55016	0.17382669
55017	0.17347908
55018	0.17314692
55019	0.17283249
55020	0.17253771
55021	0.17226417
55022	0.17201331
55023	0.17178664
55024	0.17158550
55025	0.17141132
55026	0.17126568
55027	0.17114992
55028	0.17106557
55029	0.17101386
55030	0.17099585
55031	0.17101227
55032	0.17106360
55033	0.17114961
55034	0.17126964
55035	0.17142235
55036	0.17160566
55037	0.17181677
55038	0.17205213
55039	0.17230739
55040	0.17257759
55041	0.17285715
55042	0.17314006
55043	0.17341991
55044	0.17369016
55045	0.17394426
55046	0.17417580
55047	0.17437880
55048	0.17454778
55049	0.17467795
55050	0.17476545
55051	0.17480740
55052	0.17480204
55053	0.17474894
55054	0.17464885
55055	0.17450397
55056	0.17431782
55057	0.17409521
55058	0.17384213
55059	0.17356563
55060	0.17327367
55061	0.17297480
55062	0.17267792
55063	0.17239207
55064	0.17212592
55065	0.17188771
55066	0.17168467
55067	0.17152309
55068	0.17140785
55069	0.17134249
55070	0.17132889
55071	0.17136765
55072	0.17145789
55073	0.17159744
55074	0.17178300
55075	0.17201048
55076	0.17227507
55077	0.17257145
55078	0.17289408
55079	0.17323735
55080	0.17359564
55081	0.17396358
55082	0.17433603
55083	0.17470816
55084	0.17507547
55085	0.17543386
55086	0.17577957
55087	0.17610930
55088	0.17642006
55089	0.17670929
55090	0.17697486
55091	0.17721498
55092	0.17742832
55093	0.17761384
55094	0.17777088
55095	0.17789917
55096	0.17799863
55097	0.17806941
55098	0.17811185
55099	0.17812641
55100	0.17811358
55101	0.17807397
55102	0.17800817
55103	0.17791678
55104	0.17780046
55105	0.17766011
55106	0.17749666
55107	0.17731147
55108	0.17710613
55109	0.17688288
55110	0.17664441
55111	0.17639427
55112	0.17613666
55113	0.17587659
55114	0.17561997
55115	0.17537357
55116	0.17514484
55117	0.17494190
55118	0.17477345
55119	0.17464858
55120	0.17457639
55121	0.17456602
55122	0.17462631
55123	0.17476542
55124	0.17499053
55125	0.17530783
55126	0.17572169
55127	0.17623477
55128	0.17684734
55129	0.17755713
55130	0.17835921
55131	0.17924549
55132	0.18020490
55133	0.18122345
55134	0.18228452
55135	0.18336949
55136	0.18445794
55137	0.18552852
55138	0.18655980
55139	0.18753092
55140	0.18842223
55141	0.18921569
55142	0.18989548
55143	0.19044836
55144	0.19086373
55145	0.19113393
55146	0.19125429
55147	0.19122349
55148	0.19104379
55149	0.19072178
55150	0.19026920
55151	0.18970431
55152	0.18905374
55153	0.18835418
55154	0.18765700
55155	0.18703139
55156	0.18656927
55157	0.18639390
55158	0.18666849
55159	0.18760942
55160	0.18950698
55161	0.19275101
55162	0.19787675
55163	0.20564404
55164	0.21717702
55165	0.23424606
55166	0.25987980
55167	0.29987726
55168	0.36719185
55169	0.49850088
55170	0.85621923
55171	NaN
55172	NaN
55173	NaN
55174	NaN
55175	NaN
55176	NaN
55177	NaN
55178	NaN
55179	NaN
55180	NaN
55181	NaN
55182	NaN
55183	NaN
55184	NaN
55185	NaN
55186	NaN
55187	NaN
55188	NaN
55189	NaN
55190	NaN
55191	NaN
55192	NaN
55193	NaN
55194	NaN
55195	NaN
55196	NaN
55197	NaN
55198	NaN
55199	NaN
55200	NaN
55201	NaN
55202	NaN
55203	NaN
55204	NaN
55205	NaN
55206	NaN
55207	NaN
55208	NaN
55209	NaN
55210	NaN
55211	NaN
55212	NaN
55213	NaN
55214	NaN
55215	NaN
55216	NaN
55217	NaN
55218	NaN
55219	NaN
55220	NaN
55221	NaN
55222	NaN
55223	NaN
55224	NaN
55225	NaN
55226	NaN
55227	NaN
55228	NaN
55229	NaN
55230	NaN
55231	NaN
55232	NaN
55233	NaN
55234	NaN
55235	NaN
55236	NaN
55237	NaN
55238	NaN
55239	NaN
55240	NaN
55241	NaN
55242	NaN
55243	NaN
55244	NaN
55245	NaN
55246	NaN
55247	NaN
55248	NaN
55249	3.29212832
55250	0.47561762
55251	0.37020952
55252	0.33332935
55253	0.31448412
55254	0.30297589
55255	0.29516041
55256	0.28946254
55257	0.28509268
55258	0.28161341
55259	0.27876315
55260	0.27637604
55261	0.27434194
55262	0.27258450
55263	0.27104896
55264	0.26969507
55265	0.26849225
55266	0.26741707
55267	0.26645133
55268	0.26558083
55269	0.26479459
55270	0.26408416
55271	0.26344329
55272	0.26286775
55273	0.26235470
55274	0.26190290
55275	0.26151216
55276	0.26118335
55277	0.26091817
55278	0.26071867
55279	0.26058736
55280	0.26052657
55281	0.26053813
55282	0.26062307
55283	0.26078120
55284	0.26101053
55285	0.26130709
55286	0.26166472
55287	0.26207465
55288	0.26252598
55289	0.26300564
55290	0.26349905
55291	0.26399073
55292	0.26446527
55293	0.26490816
55294	0.26530668
55295	0.26565096
55296	0.26593429
55297	0.26615375
55298	0.26631007
55299	0.26640752
55300	0.26645327
55301	0.26645681
55302	0.26642913
55303	0.26638183
55304	0.26632640
55305	0.26627356
55306	0.26623261
55307	0.26621139
55308	0.26621559
55309	0.26624900
55310	0.26631334
55311	0.26640838
55312	0.26653221
55313	0.26668119
55314	0.26685053
55315	0.26703432
55316	0.26722598
55317	0.26741853
55318	0.26760486
55319	0.26777819
55320	0.26793221
55321	0.26806143
55322	0.26816151
55323	0.26822922
55324	0.26826283
55325	0.26826191
55326	0.26822755
55327	0.26816216
55328	0.26806942
55329	0.26795387
55330	0.26782116
55331	0.26767734
55332	0.26752883
55333	0.26738226
55334	0.26724389
55335	0.26711977
55336	0.26701528
55337	0.26693508
55338	0.26688305
55339	0.26686212
55340	0.26687440
55341	0.26692110
55342	0.26700255
55343	0.26711845
55344	0.26726785
55345	0.26744929
55346	0.26766089
55347	0.26790050
55348	0.26816586
55349	0.26845470
55350	0.26876464
55351	0.26909363
55352	0.26943979
55353	0.26980141
55354	0.27017722
55355	0.27056620
55356	0.27096763
55357	0.27138111
55358	0.27180630
55359	0.27224320
55360	0.27269179
55361	0.27315211
55362	0.27362400
55363	0.27410728
55364	0.27460137
55365	0.27510536
55366	0.27561784
55367	0.27613702
55368	0.27666038
55369	0.27718487
55370	0.27770677
55371	0.27822182
55372	0.27872503
55373	0.27921101
55374	0.27967378
55375	0.28010702
55376	0.28050417
55377	0.28085852
55378	0.28116369
55379	0.28141361
55380	0.28160301
55381	0.28172782
55382	0.28178525
55383	0.28177446
55384	0.28169647
55385	0.28155464
55386	0.28135473
55387	0.28110471
55388	0.28081480
55389	0.28049710
55390	0.28016537
55391	0.27983439
55392	0.27951959
55393	0.27923641
55394	0.27899995
55395	0.27882436
55396	0.27872249
55397	0.27870545
55398	0.27878246
55399	0.27896059
55400	0.27924469
55401	0.27963728
55402	0.28013861
55403	0.28074658
55404	0.28145668
55405	0.28226230
55406	0.28315452
55407	0.28412229
55408	0.28515244
55409	0.28622991
55410	0.28733787
55411	0.28845805
55412	0.28957090
55413	0.29065627
55414	0.29169378
55415	0.29266334
55416	0.29354593
55417	0.29432413
55418	0.29498288
55419	0.29551005
55420	0.29589692
55421	0.29613855
55422	0.29623425
55423	0.29618749
55424	0.29600602
55425	0.29570162
55426	0.29528978
55427	0.29478934
55428	0.29422185
55429	0.29361129
55430	0.29298320
55431	0.29236433
55432	0.29178202
55433	0.29126370
55434	0.29083619
55435	0.29052576
55436	0.29035705
55437	0.29035297
55438	0.29053408
55439	0.29091808
55440	0.29151919
55441	0.29234782
55442	0.29340944
55443	0.29470444
55444	0.29622737
55445	0.29796663
55446	0.29990405
55447	0.30201489
55448	0.30426830
55449	0.30662799
55450	0.30905312
55451	0.31149977
55452	0.31392261
55453	0.31627667
55454	0.31851900
55455	0.32061037
55456	0.32251674
55457	0.32421005
55458	0.32566896
55459	0.32687894
55460	0.32783234
55461	0.32852778
55462	0.32896966
55463	0.32916731
55464	0.32913479
55465	0.32888988
55466	0.32845399
55467	0.32785183
55468	0.32711133
55469	0.32626474
55470	0.32534882
55471	0.32440549
55472	0.32348424
55473	0.32264322
55474	0.32195196
55475	0.32149318
55476	0.32136637
55477	0.32169089
55478	0.32260907
55479	0.32428917
55480	0.32692966
55481	0.33076248
55482	0.33605769
55483	0.34313130
55484	0.35235465
55485	0.36417580
55486	0.37915337
55487	0.39801180
55488	0.42174870
55489	0.45181328
55490	0.49044436
55491	0.54133618
55492	0.61105996
55493	0.71254933
55494	0.87510240
55495	1.18188822
55496	1.99778414
55497	NaN
55498	NaN
55499	NaN
55500	NaN
55501	NaN
55502	NaN
55503	NaN
55504	NaN
55505	NaN
55506	NaN
55507	NaN
55508	NaN
55509	NaN
55510	NaN
55511	NaN
55512	NaN
55513	NaN
55514	NaN
55515	NaN
55516	NaN
55517	NaN
55518	NaN
55519	NaN
55520	NaN
55521	NaN
55522	NaN
55523	NaN
55524	NaN
55525	NaN
55526	NaN
55527	NaN
55528	NaN
55529	NaN
55530	NaN
55531	NaN
55532	NaN
55533	NaN
55534	NaN
55535	NaN
55536	NaN
55537	NaN
55538	NaN
55539	NaN
55540	NaN
55541	NaN
55542	NaN
55543	NaN
55544	NaN
55545	NaN
55546	NaN
55547	NaN
55548	NaN
55549	NaN
55550	NaN
55551	NaN
55552	NaN
55553	NaN
55554	NaN
55555	NaN
55556	NaN
55557	NaN
55558	NaN
55559	NaN
55560	NaN
55561	NaN
55562	NaN
55563	NaN
55564	NaN
55565	NaN
55566	NaN
55567	NaN
55568	NaN
55569	NaN
55570	NaN
55571	NaN
55572	NaN
55573	NaN
55574	NaN
55575	0.57423711
55576	0.37617514
55577	0.31964046
55578	0.29206207
55579	0.27532861
55580	0.26388633
55581	0.25545952
55582	0.24893989
55583	0.24372064
55584	0.23943998
55585	0.23586766
55586	0.23284912
55587	0.23027626
55588	0.22807036
55589	0.22617272
55590	0.22453804
55591	0.22313061
55592	0.22192168
55593	0.22088748
55594	0.22000793
55595	0.21926570
55596	0.21864541
55597	0.21813333
55598	0.21771666
55599	0.21738353
55600	0.21712248
55601	0.21692252
55602	0.21677296
55603	0.21666330
55604	0.21658318
55605	0.21652266
55606	0.21647218
55607	0.21642257
55608	0.21636555
55609	0.21629359
55610	0.21620041
55611	0.21608090
55612	0.21593145
55613	0.21574992
55614	0.21553586
55615	0.21529041
55616	0.21501645
55617	0.21471827
55618	0.21440169
55619	0.21407367
55620	0.21374212
55621	0.21341558
55622	0.21310297
55623	0.21281311
55624	0.21255450
55625	0.21233501
55626	0.21216163
55627	0.21204032
55628	0.21197596
55629	0.21197222
55630	0.21203160
55631	0.21215560
55632	0.21234460
55633	0.21259795
55634	0.21291392
55635	0.21328987
55636	0.21372186
55637	0.21420491
55638	0.21473263
55639	0.21529728
55640	0.21588975
55641	0.21649961
55642	0.21711509
55643	0.21772343
55644	0.21831116
55645	0.21886444
55646	0.21936968
55647	0.21981400
55648	0.22018585
55649	0.22047555
55650	0.22067584
55651	0.22078216
55652	0.22079296
55653	0.22070977
55654	0.22053701
55655	0.22028181
55656	0.21995352
55657	0.21956322
55658	0.21912307
55659	0.21864587
55660	0.21814443
55661	0.21763109
55662	0.21711735
55663	0.21661372
55664	0.21612935
55665	0.21567219
55666	0.21524885
55667	0.21486472
55668	0.21452415
55669	0.21423058
55670	0.21398669
55671	0.21379454
55672	0.21365567
55673	0.21357127
55674	0.21354192
55675	0.21356794
55676	0.21364897
55677	0.21378414
55678	0.21397182
55679	0.21420966
55680	0.21449435
55681	0.21482179
55682	0.21518688
55683	0.21558370
55684	0.21600547
55685	0.21644486
55686	0.21689400
55687	0.21734475
55688	0.21778883
55689	0.21821821
55690	0.21862510
55691	0.21900219
55692	0.21934278
55693	0.21964093
55694	0.21989137
55695	0.22008984
55696	0.22023286
55697	0.22031793
55698	0.22034349
55699	0.22030911
55700	0.22021542
55701	0.22006424
55702	0.21985863
55703	0.21960294
55704	0.21930280
55705	0.21896507
55706	0.21859777
55707	0.21820985
55708	0.21781111
55709	0.21741170
55710	0.21702209
55711	0.21665253
55712	0.21631281
55713	0.21601193
55714	0.21575794
55715	0.21555759
55716	0.21541634
55717	0.21533823
55718	0.21532579
55719	0.21538024
55720	0.21550150
55721	0.21568820
55722	0.21593790
55723	0.21624711
55724	0.21661156
55725	0.21702607
55726	0.21748473
55727	0.21798088
55728	0.21850726
55729	0.21905603
55730	0.21961868
55731	0.22018626
55732	0.22074927
55733	0.22129795
55734	0.22182219
55735	0.22231179
55736	0.22275676
55737	0.22314736
55738	0.22347449
55739	0.22372988
55740	0.22390656
55741	0.22399904
55742	0.22400354
55743	0.22391835
55744	0.22374392
55745	0.22348292
55746	0.22314006
55747	0.22272228
55748	0.22223814
55749	0.22169787
55750	0.22111282
55751	0.22049518
55752	0.21985774
55753	0.21921346
55754	0.21857537
55755	0.21795623
55756	0.21736863
55757	0.21682465
55758	0.21633595
55759	0.21591368
55760	0.21556841
55761	0.21531002
55762	0.21514755
55763	0.21508893
55764	0.21514094
55765	0.21530858
55766	0.21559480
55767	0.21600007
55768	0.21652168
55769	0.21715359
55770	0.21788552
55771	0.21870267
55772	0.21958555
55773	0.22050984
55774	0.22144648
55775	0.22236232
55776	0.22322106
55777	0.22398452
55778	0.22461401
55779	0.22507240
55780	0.22532538
55781	0.22534347
55782	0.22510298
55783	0.22458702
55784	0.22378589
55785	0.22269695
55786	0.22132438
55787	0.21967867
55788	0.21777557
55789	0.21563612
55790	0.21328586
55791	0.21075466
55792	0.20807710
55793	0.20529321
55794	0.20244905
55795	0.19959848
55796	0.19680490
55797	0.19414376
55798	0.19170600
55799	0.18960258
55800	0.18796994
55801	0.18697631
55802	0.18682976
55803	0.18778652
55804	0.19015728
55805	0.19431454
55806	0.20069516
55807	0.20979892
55808	0.22218569
55809	0.23846629
55810	0.25929978
55811	0.28541180
55812	0.31765127
55813	0.35712603
55814	0.40548566
55815	0.46546745
55816	0.54202336
55817	0.64483500
55818	0.79484743
55819	1.04559410
55820	1.58232760
55821	3.75210166
55822	NaN
55823	NaN
55824	NaN
55825	NaN
55826	NaN
55827	NaN
55828	NaN
55829	NaN
55830	NaN
55831	NaN
55832	NaN
55833	NaN
55834	NaN
55835	NaN
55836	NaN
55837	NaN
55838	NaN
55839	NaN
55840	NaN
55841	NaN
55842	NaN
55843	NaN
55844	NaN
55845	NaN
55846	NaN
55847	NaN
55848	NaN
55849	NaN
55850	NaN
55851	NaN
55852	NaN
55853	NaN
55854	NaN
55855	NaN
55856	NaN
55857	NaN
55858	NaN
55859	NaN
55860	NaN
55861	NaN
55862	NaN
55863	NaN
55864	NaN
55865	NaN
55866	NaN
55867	NaN
55868	NaN
55869	NaN
55870	NaN
55871	NaN
55872	NaN
55873	NaN
55874	NaN
55875	NaN
55876	NaN
55877	NaN
55878	NaN
55879	NaN
55880	NaN
55881	NaN
55882	NaN
55883	NaN
55884	NaN
55885	NaN
55886	NaN
55887	NaN
55888	NaN
55889	NaN
55890	NaN
55891	NaN
55892	NaN
55893	NaN
55894	NaN
55895	NaN
55896	NaN
55897	NaN
55898	NaN
55899	NaN
55900	NaN
55901	NaN
55902	NaN
55903	NaN
55904	NaN
55905	NaN
55906	3.29961419
55907	0.68233180
55908	0.49441400
55909	0.42560616
55910	0.38994250
55911	0.36816406
55912	0.35352576
55913	0.34305122
55914	0.33522147
55915	0.32917973
55916	0.32440516
55917	0.32056221
55918	0.31742471
55919	0.31483436
55920	0.31267694
55921	0.31086817
55922	0.30934450
55923	0.30805752
55924	0.30697009
55925	0.30605364
55926	0.30528650
55927	0.30465230
55928	0.30413926
55929	0.30373913
55930	0.30344668
55931	0.30325907
55932	0.30317530
55933	0.30319560
55934	0.30332103
55935	0.30355290
55936	0.30389211
55937	0.30433869
55938	0.30489132
55939	0.30554628
55940	0.30629739
55941	0.30713511
55942	0.30804610
55943	0.30901292
55944	0.31001383
55945	0.31102312
55946	0.31201133
55947	0.31294638
55948	0.31379491
55949	0.31452402
55950	0.31510323
55951	0.31550685
55952	0.31571585
55953	0.31571990
55954	0.31551817
55955	0.31512004
55956	0.31454468
55957	0.31381965
55958	0.31297940
55959	0.31206289
55960	0.31111136
55961	0.31016597
55962	0.30926594
55963	0.30844688
55964	0.30773970
55965	0.30716971
55966	0.30675644
55967	0.30651340
55968	0.30644822
55969	0.30656299
55970	0.30685440
55971	0.30731437
55972	0.30793008
55973	0.30868465
55974	0.30955735
55975	0.31052420
55976	0.31155828
55977	0.31263047
55978	0.31371024
55979	0.31476653
55980	0.31576881
55981	0.31668800
55982	0.31749806
55983	0.31817663
55984	0.31870639
55985	0.31907558
55986	0.31927845
55987	0.31931546
55988	0.31919301
55989	0.31892261
55990	0.31852064
55991	0.31800684
55992	0.31740358
55993	0.31673470
55994	0.31602454
55995	0.31529710
55996	0.31457534
55997	0.31388059
55998	0.31323215
55999	0.31264710
56000	0.31213999
56001	0.31172296
56002	0.31140563
56003	0.31119514
56004	0.31109634
56005	0.31111181
56006	0.31124184
56007	0.31148461
56008	0.31183624
56009	0.31229091
56010	0.31284082
56011	0.31347671
56012	0.31418774
56013	0.31496200
56014	0.31578669
56015	0.31664875
56016	0.31753498
56017	0.31843269
56018	0.31932989
56019	0.32021576
56020	0.32108080
56021	0.32191700
56022	0.32271779
56023	0.32347810
56024	0.32419398
56025	0.32486242
56026	0.32548103
56027	0.32604763
56028	0.32656002
56029	0.32701573
56030	0.32741177
56031	0.32774460
56032	0.32801008
56033	0.32820365
56034	0.32832035
56035	0.32835528
56036	0.32830384
56037	0.32816207
56038	0.32792738
56039	0.32759866
56040	0.32717711
56041	0.32666647
56042	0.32607344
56043	0.32540807
56044	0.32468361
56045	0.32391670
56046	0.32312691
56047	0.32233620
56048	0.32156843
56049	0.32084844
56050	0.32020119
56051	0.31965095
56052	0.31922036
56053	0.31892985
56054	0.31879711
56055	0.31883639
56056	0.31905839
56057	0.31947002
56058	0.32007417
56059	0.32086983
56060	0.32185188
56061	0.32301119
56062	0.32433450
56063	0.32580474
56064	0.32740074
56065	0.32909763
56066	0.33086687
56067	0.33267665
56068	0.33449244
56069	0.33627737
56070	0.33799309
56071	0.33960104
56072	0.34106320
56073	0.34234363
56074	0.34340984
56075	0.34423414
56076	0.34479496
56077	0.34507805
56078	0.34507728
56079	0.34479523
56080	0.34424323
56081	0.34344110
56082	0.34241655
56083	0.34120414
56084	0.33984414
56085	0.33838111
56086	0.33686265
56087	0.33533800
56088	0.33385700
56089	0.33246887
56090	0.33122143
56091	0.33016035
56092	0.32932869
56093	0.32876623
56094	0.32850909
56095	0.32858935
56096	0.32903442
56097	0.32986629
56098	0.33110091
56099	0.33274707
56100	0.33480534
56101	0.33726668
56102	0.34011152
56103	0.34330863
56104	0.34681430
56105	0.35057235
56106	0.35451442
56107	0.35856202
56108	0.36262849
56109	0.36662287
56110	0.37045383
56111	0.37403458
56112	0.37728733
56113	0.38014764
56114	0.38256711
56115	0.38451585
56116	0.38598287
56117	0.38697514
56118	0.38751650
56119	0.38764432
56120	0.38740757
56121	0.38686398
56122	0.38607681
56123	0.38511449
56124	0.38404873
56125	0.38295418
56126	0.38190952
56127	0.38099846
56128	0.38031256
56129	0.37995455
56130	0.38004276
56131	0.38071740
56132	0.38214865
56133	0.38454622
56134	0.38817307
56135	0.39336133
56136	0.40053561
56137	0.41024351
56138	0.42319766
56139	0.44033760
56140	0.46292904
56141	0.49272087
56142	0.53223431
56143	0.58530205
56144	0.65817726
56145	0.76204139
56146	0.91939461
56147	1.18375993
56148	1.72182381
56149	3.44601393
56150	NaN
56151	NaN
56152	NaN
56153	NaN
56154	NaN
56155	NaN
56156	NaN
56157	NaN
56158	NaN
56159	NaN
56160	NaN
56161	NaN
56162	NaN
56163	NaN
56164	NaN
56165	NaN
56166	NaN
56167	NaN
56168	NaN
56169	NaN
56170	NaN
56171	NaN
56172	NaN
56173	NaN
56174	NaN
56175	NaN
56176	NaN
56177	NaN
56178	NaN
56179	NaN
56180	NaN
56181	NaN
56182	NaN
56183	NaN
56184	NaN
56185	NaN
56186	NaN
56187	NaN
56188	NaN
56189	NaN
56190	NaN
56191	NaN
56192	NaN
56193	NaN
56194	NaN
56195	NaN
56196	NaN
56197	NaN
56198	NaN
56199	NaN
56200	NaN
56201	NaN
56202	NaN
56203	NaN
56204	NaN
56205	NaN
56206	NaN
56207	NaN
56208	NaN
56209	NaN
56210	NaN
56211	NaN
56212	NaN
56213	NaN
56214	NaN
56215	NaN
56216	NaN
56217	NaN
56218	NaN
56219	NaN
56220	NaN
56221	NaN
56222	NaN
56223	NaN
56224	NaN
56225	NaN
56226	NaN
56227	NaN
56228	NaN
56229	NaN
56230	NaN
56231	NaN
56232	NaN
56233	NaN
56234	NaN
56235	NaN
56236	NaN
56237	NaN
56238	NaN
56239	NaN
56240	NaN
56241	2.16163206
56242	0.69383216
56243	0.48065990
56244	0.39486021
56245	0.34857923
56246	0.31977034
56247	0.30027974
56248	0.28638074
56249	0.27612051
56250	0.26837093
56251	0.26243079
56252	0.25783831
56253	0.25427514
56254	0.25151351
56255	0.24938542
56256	0.24776366
56257	0.24655026
56258	0.24566832
56259	0.24505676
56260	0.24466655
56261	0.24445774
56262	0.24439767
56263	0.24445923
56264	0.24461952
56265	0.24485917
56266	0.24516116
56267	0.24551052
56268	0.24589349
56269	0.24629739
56270	0.24671021
56271	0.24712050
56272	0.24751712
56273	0.24788944
56274	0.24822728
56275	0.24852106
56276	0.24876201
56277	0.24894226
56278	0.24905515
56279	0.24909543
56280	0.24905956
56281	0.24894574
56282	0.24875440
56283	0.24848805
56284	0.24815170
56285	0.24775268
56286	0.24730070
56287	0.24680765
56288	0.24628736
56289	0.24575520
56290	0.24522772
56291	0.24472189
56292	0.24425463
56293	0.24384207
56294	0.24349909
56295	0.24323870
56296	0.24307166
56297	0.24300620
56298	0.24304774
56299	0.24319884
56300	0.24345931
56301	0.24382596
56302	0.24429287
56303	0.24485144
56304	0.24549048
56305	0.24619634
56306	0.24695307
56307	0.24774264
56308	0.24854517
56309	0.24933946
56310	0.25010338
56311	0.25081456
56312	0.25145108
56313	0.25199246
56314	0.25242049
56315	0.25271994
56316	0.25287965
56317	0.25289291
56318	0.25275791
56319	0.25247803
56320	0.25206131
56321	0.25152037
56322	0.25087139
56323	0.25013345
56324	0.24932747
56325	0.24847513
56326	0.24759808
56327	0.24671718
56328	0.24585165
56329	0.24501891
56330	0.24423414
56331	0.24351022
56332	0.24285766
56333	0.24228482
56334	0.24179798
56335	0.24140151
56336	0.24109799
56337	0.24088843
56338	0.24077240
56339	0.24074794
56340	0.24081181
56341	0.24095939
56342	0.24118488
56343	0.24148116
56344	0.24183998
56345	0.24225217
56346	0.24270767
56347	0.24319583
56348	0.24370553
56349	0.24422562
56350	0.24474514
56351	0.24525355
56352	0.24574099
56353	0.24619856
56354	0.24661836
56355	0.24699378
56356	0.24731936
56357	0.24759090
56358	0.24780545
56359	0.24796119
56360	0.24805738
56361	0.24809420
56362	0.24807274
56363	0.24799488
56364	0.24786328
56365	0.24768125
56366	0.24745271
56367	0.24718234
56368	0.24687544
56369	0.24653782
56370	0.24617596
56371	0.24579677
56372	0.24540763
56373	0.24501616
56374	0.24463017
56375	0.24425752
56376	0.24390580
56377	0.24358235
56378	0.24329402
56379	0.24304695
56380	0.24284667
56381	0.24269769
56382	0.24260375
56383	0.24256766
56384	0.24259126
56385	0.24267553
56386	0.24282047
56387	0.24302521
56388	0.24328816
56389	0.24360681
56390	0.24397790
56391	0.24439745
56392	0.24486074
56393	0.24536237
56394	0.24589619
56395	0.24645545
56396	0.24703266
56397	0.24761970
56398	0.24820778
56399	0.24878752
56400	0.24934897
56401	0.24988179
56402	0.25037536
56403	0.25081903
56404	0.25120240
56405	0.25151563
56406	0.25174984
56407	0.25189754
56408	0.25195292
56409	0.25191230
56410	0.25177428
56411	0.25154009
56412	0.25121352
56413	0.25080094
56414	0.25031099
56415	0.24975453
56416	0.24914405
56417	0.24849339
56418	0.24781735
56419	0.24713121
56420	0.24645047
56421	0.24579042
56422	0.24516627
56423	0.24459264
56424	0.24408352
56425	0.24365236
56426	0.24331172
56427	0.24307349
56428	0.24294831
56429	0.24294579
56430	0.24307404
56431	0.24333961
56432	0.24374701
56433	0.24429841
56434	0.24499334
56435	0.24582829
56436	0.24679622
56437	0.24788652
56438	0.24908467
56439	0.25037229
56440	0.25172716
56441	0.25312406
56442	0.25453520
56443	0.25593132
56444	0.25728279
56445	0.25856099
56446	0.25973967
56447	0.26079634
56448	0.26171273
56449	0.26247591
56450	0.26307833
56451	0.26351795
56452	0.26379755
56453	0.26392415
56454	0.26390877
56455	0.26376536
56456	0.26351011
56457	0.26316109
56458	0.26273784
56459	0.26226109
56460	0.26175290
56461	0.26123661
56462	0.26073781
56463	0.26028499
56464	0.25991052
56465	0.25965226
56466	0.25955620
56467	0.25967863
56468	0.26008901
56469	0.26087457
56470	0.26214406
56471	0.26403543
56472	0.26672095
56473	0.27041754
56474	0.27540156
56475	0.28202692
56476	0.29076248
56477	0.30225468
56478	0.31744123
56479	0.33778322
56480	0.36574835
56481	0.40594211
56482	0.46810076
56483	0.57702816
56484	0.81974679
56485	1.86452281
56486	NaN
56487	NaN
56488	NaN
56489	NaN
56490	NaN
56491	NaN
56492	NaN
56493	NaN
56494	NaN
56495	NaN
56496	NaN
56497	NaN
56498	NaN
56499	NaN
56500	NaN
56501	NaN
56502	NaN
56503	NaN
56504	NaN
56505	NaN
56506	NaN
56507	NaN
56508	NaN
56509	NaN
56510	NaN
56511	NaN
56512	NaN
56513	NaN
56514	NaN
56515	NaN
56516	NaN
56517	NaN
56518	NaN
56519	NaN
56520	NaN
56521	NaN
56522	NaN
56523	NaN
56524	NaN
56525	NaN
56526	NaN
56527	NaN
56528	NaN
56529	NaN
56530	NaN
56531	NaN
56532	NaN
56533	NaN
56534	NaN
56535	NaN
56536	NaN
56537	NaN
56538	NaN
56539	NaN
56540	NaN
56541	NaN
56542	NaN
56543	NaN
56544	NaN
56545	NaN
56546	NaN
56547	NaN
56548	NaN
56549	NaN
56550	NaN
56551	NaN
56552	NaN
56553	NaN
56554	NaN
56555	NaN
56556	NaN
56557	NaN
56558	NaN
56559	NaN
56560	NaN
56561	NaN
56562	NaN
56563	NaN
56564	NaN
56565	NaN
56566	NaN
56567	NaN
56568	NaN
56569	NaN
56570	NaN
56571	NaN
56572	NaN
56573	NaN
56574	NaN
56575	3.52377820
56576	0.76582235
56577	0.53385568
56578	0.44766295
56579	0.40276161
56580	0.37529039
56581	0.35681942
56582	0.34360942
56583	0.33374631
56584	0.32614702
56585	0.32015216
56586	0.31533647
56587	0.31141275
56588	0.30818006
56589	0.30549350
56590	0.30324563
56591	0.30135566
56592	0.29976156
56593	0.29841548
56594	0.29728019
56595	0.29632655
56596	0.29553214
56597	0.29487965
56598	0.29435614
56599	0.29395199
56600	0.29366034
56601	0.29347652
56602	0.29339734
56603	0.29342064
56604	0.29354480
56605	0.29376814
56606	0.29408833
56607	0.29450196
56608	0.29500380
56609	0.29558656
56610	0.29623997
56611	0.29695085
56612	0.29770237
56613	0.29847443
56614	0.29924363
56615	0.29998392
56616	0.30066741
56617	0.30126584
56618	0.30175191
56619	0.30210122
56620	0.30229381
56621	0.30231595
56622	0.30216143
56623	0.30183202
56624	0.30133799
56625	0.30069715
56626	0.29993412
56627	0.29907864
56628	0.29816371
56629	0.29722399
56630	0.29629377
56631	0.29540572
56632	0.29458940
56633	0.29387054
56634	0.29327041
56635	0.29280546
56636	0.29248714
56637	0.29232201
56638	0.29231191
56639	0.29245418
56640	0.29274192
56641	0.29316437
56642	0.29370722
56643	0.29435310
56644	0.29508185
56645	0.29587129
56646	0.29669759
56647	0.29753602
56648	0.29836169
56649	0.29915044
56650	0.29987961
56651	0.30052885
56652	0.30108106
56653	0.30152282
56654	0.30184507
56655	0.30204335
56656	0.30211765
56657	0.30207255
56658	0.30191651
56659	0.30166149
56660	0.30132213
56661	0.30091509
56662	0.30045816
56663	0.29996976
56664	0.29946792
56665	0.29896998
56666	0.29849219
56667	0.29804909
56668	0.29765365
56669	0.29731676
56670	0.29704753
56671	0.29685310
56672	0.29673859
56673	0.29670757
56674	0.29676166
56675	0.29690093
56676	0.29712385
56677	0.29742733
56678	0.29780701
56679	0.29825714
56680	0.29877084
56681	0.29934040
56682	0.29995716
56683	0.30061206
56684	0.30129585
56685	0.30199921
56686	0.30271325
56687	0.30342954
56688	0.30414051
56689	0.30483943
56690	0.30552074
56691	0.30617973
56692	0.30681270
56693	0.30741683
56694	0.30798975
56695	0.30852956
56696	0.30903456
56697	0.30950281
56698	0.30993226
56699	0.31032029
56700	0.31066388
56701	0.31095940
56702	0.31120282
56703	0.31138968
56704	0.31151536
56705	0.31157541
56706	0.31156579
56707	0.31148332
56708	0.31132624
56709	0.31109443
56710	0.31079015
56711	0.31041822
56712	0.30998644
56713	0.30950564
56714	0.30898979
56715	0.30845556
56716	0.30792204
56717	0.30741015
56718	0.30694187
56719	0.30653942
56720	0.30622432
56721	0.30601701
56722	0.30593577
56723	0.30599627
56724	0.30621126
56725	0.30659017
56726	0.30713892
56727	0.30785972
56728	0.30875108
56729	0.30980781
56730	0.31102091
56731	0.31237769
56732	0.31386167
56733	0.31545275
56734	0.31712711
56735	0.31885743
56736	0.32061306
56737	0.32236034
56738	0.32406306
56739	0.32568330
56740	0.32718214
56741	0.32852098
56742	0.32966292
56743	0.33057421
56744	0.33122593
56745	0.33159539
56746	0.33166772
56747	0.33143663
56748	0.33090529
56749	0.33008638
56750	0.32900172
56751	0.32768175
56752	0.32616428
56753	0.32449296
56754	0.32271603
56755	0.32088447
56756	0.31905100
56757	0.31726822
56758	0.31558785
56759	0.31405976
56760	0.31273127
56761	0.31164673
56762	0.31084704
56763	0.31036937
56764	0.31024697
56765	0.31050852
56766	0.31117770
56767	0.31227246
56768	0.31380394
56769	0.31577536
56770	0.31818053
56771	0.32100257
56772	0.32421249
56773	0.32776824
56774	0.33161396
56775	0.33568078
56776	0.33988789
56777	0.34414485
56778	0.34835523
56779	0.35242063
56780	0.35624579
56781	0.35974357
56782	0.36283869
56783	0.36547181
56784	0.36760134
56785	0.36920431
56786	0.37027568
56787	0.37082630
56788	0.37088126
56789	0.37047648
56790	0.36965600
56791	0.36846986
56792	0.36697212
56793	0.36521971
56794	0.36327186
56795	0.36119053
56796	0.35904172
56797	0.35689792
56798	0.35484105
56799	0.35296741
56800	0.35139441
56801	0.35026923
56802	0.34978005
56803	0.35017118
56804	0.35176298
56805	0.35497794
56806	0.36037099
56807	0.36867306
56808	0.38084152
56809	0.39813027
56810	0.42218396
56811	0.45518732
56812	0.50012076
56813	0.56125957
56814	0.64519316
56815	0.76313305
56816	0.93656385
56817	1.21354365
56818	1.72874093
56819	3.05516028
56820	NaN
56821	NaN
56822	NaN
56823	NaN
56824	NaN
56825	NaN
56826	NaN
56827	NaN
56828	NaN
56829	NaN
56830	NaN
56831	NaN
56832	NaN
56833	NaN
56834	NaN
56835	NaN
56836	NaN
56837	NaN
56838	NaN
56839	NaN
56840	NaN
56841	NaN
56842	NaN
56843	NaN
56844	NaN
56845	NaN
56846	NaN
56847	NaN
56848	NaN
56849	NaN
56850	NaN
56851	NaN
56852	NaN
56853	NaN
56854	NaN
56855	NaN
56856	NaN
56857	NaN
56858	NaN
56859	NaN
56860	NaN
56861	NaN
56862	NaN
56863	NaN
56864	NaN
56865	NaN
56866	NaN
56867	NaN
56868	NaN
56869	NaN
56870	NaN
56871	NaN
56872	NaN
56873	NaN
56874	NaN
56875	NaN
56876	NaN
56877	NaN
56878	NaN
56879	NaN
56880	NaN
56881	NaN
56882	NaN
56883	NaN
56884	NaN
56885	NaN
56886	NaN
56887	NaN
56888	NaN
56889	NaN
56890	NaN
56891	NaN
56892	NaN
56893	NaN
56894	NaN
56895	NaN
56896	NaN
56897	NaN
56898	NaN
56899	NaN
56900	NaN
56901	NaN
56902	NaN
56903	NaN
56904	NaN
56905	NaN
56906	NaN
56907	NaN
56908	NaN
56909	NaN
56910	NaN
56911	NaN
56912	NaN
56913	NaN
56914	NaN
56915	0.67114550
56916	0.40159479
56917	0.31779185
56918	0.27820745
56919	0.25603214
56920	0.24249563
56921	0.23386240
56922	0.22826271
56923	0.22465166
56924	0.22239678
56925	0.22109213
56926	0.22046506
56927	0.22032623
56928	0.22054057
56929	0.22101003
56930	0.22166231
56931	0.22244352
56932	0.22331318
56933	0.22424072
56934	0.22520272
56935	0.22618118
56936	0.22716194
56937	0.22813366
56938	0.22908695
56939	0.23001367
56940	0.23090650
56941	0.23175848
56942	0.23256278
56943	0.23331261
56944	0.23400100
56945	0.23462100
56946	0.23516554
56947	0.23562780
56948	0.23600137
56949	0.23628046
56950	0.23646025
56951	0.23653713
56952	0.23650914
56953	0.23637618
56954	0.23614036
56955	0.23580600
56956	0.23538010
56957	0.23487225
56958	0.23429447
56959	0.23366113
56960	0.23298867
56961	0.23229495
56962	0.23159899
56963	0.23092000
56964	0.23027699
56965	0.22968794
56966	0.22916935
56967	0.22873566
56968	0.22839883
56969	0.22816823
56970	0.22805043
56971	0.22804901
56972	0.22816502
56973	0.22839662
56974	0.22873954
56975	0.22918704
56976	0.22972998
56977	0.23035716
56978	0.23105529
56979	0.23180906
56980	0.23260160
56981	0.23341443
56982	0.23422809
56983	0.23502235
56984	0.23577696
56985	0.23647219
56986	0.23708962
56987	0.23761286
56988	0.23802829
56989	0.23832569
56990	0.23849876
56991	0.23854537
56992	0.23846768
56993	0.23827188
56994	0.23796771
56995	0.23756799
56996	0.23708765
56997	0.23654309
56998	0.23595126
56999	0.23532894
57000	0.23469220
57001	0.23405588
57002	0.23343341
57003	0.23283647
57004	0.23227511
57005	0.23175779
57006	0.23129134
57007	0.23088139
57008	0.23053226
57009	0.23024717
57010	0.23002835
57011	0.22987716
57012	0.22979398
57013	0.22977829
57014	0.22982858
57015	0.22994240
57016	0.23011623
57017	0.23034550
57018	0.23062469
57019	0.23094721
57020	0.23130570
57021	0.23169211
57022	0.23209782
57023	0.23251401
57024	0.23293175
57025	0.23334222
57026	0.23373693
57027	0.23410797
57028	0.23444790
57029	0.23475012
57030	0.23500869
57031	0.23521854
57032	0.23537546
57033	0.23547606
57034	0.23551793
57035	0.23549956
57036	0.23542051
57037	0.23528138
57038	0.23508379
57039	0.23483074
57040	0.23452622
57041	0.23417547
57042	0.23378487
57043	0.23336186
57044	0.23291472
57045	0.23245248
57046	0.23198475
57047	0.23152126
57048	0.23107189
57049	0.23064612
57050	0.23025288
57051	0.22990042
57052	0.22959590
57053	0.22934534
57054	0.22915350
57055	0.22902378
57056	0.22895840
57057	0.22895811
57058	0.22902262
57059	0.22915055
57060	0.22933953
57061	0.22958644
57062	0.22988749
57063	0.23023827
57064	0.23063394
57065	0.23106921
57066	0.23153833
57067	0.23203515
57068	0.23255308
57069	0.23308498
57070	0.23362321
57071	0.23415948
57072	0.23468499
57073	0.23519024
57074	0.23566554
57075	0.23610070
57076	0.23648572
57077	0.23681082
57078	0.23706685
57079	0.23724583
57080	0.23734118
57081	0.23734820
57082	0.23726432
57083	0.23708934
57084	0.23682554
57085	0.23647779
57086	0.23605323
57087	0.23556115
57088	0.23501258
57089	0.23441994
57090	0.23379678
57091	0.23315713
57092	0.23251531
57093	0.23188575
57094	0.23128261
57095	0.23071977
57096	0.23021083
57097	0.22976883
57098	0.22940648
57099	0.22913608
57100	0.22896938
57101	0.22891755
57102	0.22899105
57103	0.22919917
57104	0.22955002
57105	0.23004982
57106	0.23070261
57107	0.23150973
57108	0.23246923
57109	0.23357539
57110	0.23481829
57111	0.23618355
57112	0.23765224
57113	0.23920086
57114	0.24080229
57115	0.24242648
57116	0.24404156
57117	0.24561530
57118	0.24711668
57119	0.24851751
57120	0.24979365
57121	0.25092557
57122	0.25189948
57123	0.25270718
57124	0.25334561
57125	0.25381663
57126	0.25412571
57127	0.25428170
57128	0.25429580
57129	0.25418097
57130	0.25395113
57131	0.25362140
57132	0.25320819
57133	0.25272945
57134	0.25220525
57135	0.25166038
57136	0.25112489
57137	0.25063798
57138	0.25025171
57139	0.25003731
57140	0.25009248
57141	0.25055301
57142	0.25160691
57143	0.25351760
57144	0.25665307
57145	0.26153007
57146	0.26888189
57147	0.27976915
57148	0.29577395
57149	0.31938380
57150	0.35479784
57151	0.40991086
57152	0.50192869
57153	0.67778027
57154	1.12965822
57155	NaN
57156	NaN
57157	NaN
57158	NaN
57159	NaN
57160	NaN
57161	NaN
57162	NaN
57163	NaN
57164	NaN
57165	NaN
57166	NaN
57167	NaN
57168	NaN
57169	NaN
57170	NaN
57171	NaN
57172	NaN
57173	NaN
57174	NaN
57175	NaN
57176	NaN
57177	NaN
57178	NaN
57179	NaN
57180	NaN
57181	NaN
57182	NaN
57183	NaN
57184	NaN
57185	NaN
57186	NaN
57187	NaN
57188	NaN
57189	NaN
57190	NaN
57191	NaN
57192	NaN
57193	NaN
57194	NaN
57195	NaN
57196	NaN
57197	NaN
57198	NaN
57199	NaN
57200	NaN
57201	NaN
57202	NaN
57203	NaN
57204	NaN
57205	NaN
57206	NaN
57207	NaN
57208	NaN
57209	NaN
57210	NaN
57211	NaN
57212	NaN
57213	NaN
57214	NaN
57215	NaN
57216	NaN
57217	NaN
57218	NaN
57219	NaN
57220	NaN
57221	NaN
57222	NaN
57223	NaN
57224	NaN
57225	NaN
57226	NaN
57227	NaN
57228	NaN
57229	NaN
57230	NaN
57231	NaN
57232	NaN
57233	NaN
57234	NaN
57235	NaN
57236	NaN
57237	NaN
57238	NaN
57239	NaN
57240	NaN
57241	NaN
57242	NaN
57243	NaN
57244	1.95929301
57245	0.65681714
57246	0.49325439
57247	0.42878929
57248	0.39409873
57249	0.37232026
57250	0.35732183
57251	0.34633759
57252	0.33793572
57253	0.33130029
57254	0.32593131
57255	0.32150483
57256	0.31780156
57257	0.31466711
57258	0.31198972
57259	0.30968624
57260	0.30769375
57261	0.30596396
57262	0.30445930
57263	0.30315062
57264	0.30201524
57265	0.30103579
57266	0.30019918
57267	0.29949594
57268	0.29891947
57269	0.29846579
57270	0.29813263
57271	0.29791945
57272	0.29782650
57273	0.29785454
57274	0.29800436
57275	0.29827604
57276	0.29866844
57277	0.29917866
57278	0.29980129
57279	0.30052793
57280	0.30134678
57281	0.30224219
57282	0.30319455
57283	0.30418044
57284	0.30517292
57285	0.30614233
57286	0.30705753
57287	0.30788714
57288	0.30860120
57289	0.30917314
57290	0.30958137
57291	0.30981103
57292	0.30985484
57293	0.30971405
57294	0.30939817
57295	0.30892467
57296	0.30831748
57297	0.30760562
57298	0.30682144
57299	0.30599880
57300	0.30517125
57301	0.30437073
57302	0.30362630
57303	0.30296320
57304	0.30240256
57305	0.30196074
57306	0.30164960
57307	0.30147636
57308	0.30144379
57309	0.30155051
57310	0.30179119
57311	0.30215687
57312	0.30263516
57313	0.30321050
57314	0.30386463
57315	0.30457687
57316	0.30532464
57317	0.30608422
57318	0.30683118
57319	0.30754158
57320	0.30819267
57321	0.30876389
57322	0.30923766
57323	0.30960032
57324	0.30984235
57325	0.30995899
57326	0.30995014
57327	0.30982006
57328	0.30957705
57329	0.30923283
57330	0.30880168
57331	0.30829981
57332	0.30774462
57333	0.30715379
57334	0.30654487
57335	0.30593470
57336	0.30533907
57337	0.30477232
57338	0.30424723
57339	0.30377489
57340	0.30336481
57341	0.30302465
57342	0.30276051
57343	0.30257681
57344	0.30247638
57345	0.30246049
57346	0.30252901
57347	0.30268025
57348	0.30291116
57349	0.30321741
57350	0.30359352
57351	0.30403289
57352	0.30452815
57353	0.30507120
57354	0.30565363
57355	0.30626684
57356	0.30690232
57357	0.30755195
57358	0.30820814
57359	0.30886385
57360	0.30951291
57361	0.31014988
57362	0.31076983
57363	0.31136847
57364	0.31194186
57365	0.31248626
57366	0.31299788
57367	0.31347281
57368	0.31390697
57369	0.31429586
57370	0.31463477
57371	0.31491885
57372	0.31514299
57373	0.31530243
57374	0.31539273
57375	0.31541017
57376	0.31535214
57377	0.31521729
57378	0.31500605
57379	0.31472090
57380	0.31436646
57381	0.31394982
57382	0.31348044
57383	0.31297013
57384	0.31243286
57385	0.31188446
57386	0.31134215
57387	0.31082416
57388	0.31034899
57389	0.30993482
57390	0.30959931
57391	0.30935854
57392	0.30922684
57393	0.30921644
57394	0.30933699
57395	0.30959547
57396	0.30999583
57397	0.31053916
57398	0.31122342
57399	0.31204349
57400	0.31299126
57401	0.31405541
57402	0.31522179
57403	0.31647328
57404	0.31778988
57405	0.31914905
57406	0.32052588
57407	0.32189348
57408	0.32322350
57409	0.32448664
57410	0.32565370
57411	0.32669634
57412	0.32758796
57413	0.32830510
57414	0.32882831
57415	0.32914311
57416	0.32924086
57417	0.32911935
57418	0.32878312
57419	0.32824352
57420	0.32751837
57421	0.32663143
57422	0.32561156
57423	0.32449198
57424	0.32330912
57425	0.32210159
57426	0.32090911
57427	0.31977174
57428	0.31872883
57429	0.31781852
57430	0.31707701
57431	0.31653789
57432	0.31623182
57433	0.31618601
57434	0.31642380
57435	0.31696400
57436	0.31782043
57437	0.31900132
57438	0.32050863
57439	0.32233706
57440	0.32447383
57441	0.32689777
57442	0.32957911
57443	0.33247954
57444	0.33555254
57445	0.33874437
57446	0.34199575
57447	0.34524345
57448	0.34842306
57449	0.35147136
57450	0.35432923
57451	0.35694370
57452	0.35927010
57453	0.36127347
57454	0.36292920
57455	0.36422303
57456	0.36515063
57457	0.36571634
57458	0.36593235
57459	0.36581728
57460	0.36539498
57461	0.36469364
57462	0.36374512
57463	0.36258516
57464	0.36125290
57465	0.35979196
57466	0.35825148
57467	0.35668755
57468	0.35516441
57469	0.35375777
57470	0.35255644
57471	0.35166588
57472	0.35121122
57473	0.35134149
57474	0.35223395
57475	0.35409889
57476	0.35718316
57477	0.36177751
57478	0.36822224
57479	0.37691718
57480	0.38833860
57481	0.40306455
57482	0.42183000
57483	0.44561747
57484	0.47581872
57485	0.51454616
57486	0.56522614
57487	0.63385075
57488	0.73191267
57489	0.88442123
57490	1.15767694
57491	1.80283546
57492	5.36738157
57493	NaN
57494	NaN
57495	NaN
57496	NaN
57497	NaN
57498	NaN
57499	NaN
57500	NaN
57501	NaN
57502	NaN
57503	NaN
57504	NaN
57505	NaN
57506	NaN
57507	NaN
57508	NaN
57509	NaN
57510	NaN
57511	NaN
57512	NaN
57513	NaN
57514	NaN
57515	NaN
57516	NaN
57517	NaN
57518	NaN
57519	NaN
57520	NaN
57521	NaN
57522	NaN
57523	NaN
57524	NaN
57525	NaN
57526	NaN
57527	NaN
57528	NaN
57529	NaN
57530	NaN
57531	NaN
57532	NaN
57533	NaN
57534	NaN
57535	NaN
57536	NaN
57537	NaN
57538	NaN
57539	NaN
57540	NaN
57541	NaN
57542	NaN
57543	NaN
57544	NaN
57545	NaN
57546	NaN
57547	NaN
57548	NaN
57549	NaN
57550	NaN
57551	NaN
57552	NaN
57553	NaN
57554	NaN
57555	NaN
57556	NaN
57557	NaN
57558	NaN
57559	NaN
57560	NaN
57561	NaN
57562	NaN
57563	NaN
57564	NaN
57565	NaN
57566	NaN
57567	NaN
57568	1.65573668
57569	0.41162449
57570	0.33597094
57571	0.30717745
57572	0.29125184
57573	0.28073835
57574	0.27305299
57575	0.26706174
57576	0.26218793
57577	0.25810626
57578	0.25461796
57579	0.25159404
57580	0.24894632
57581	0.24661197
57582	0.24454451
57583	0.24270821
57584	0.24107504
57585	0.23962207
57586	0.23833022
57587	0.23718324
57588	0.23616683
57589	0.23526818
57590	0.23447569
57591	0.23377866
57592	0.23316704
57593	0.23263125
57594	0.23216216
57595	0.23175102
57596	0.23138924
57597	0.23106860
57598	0.23078106
57599	0.23051901
57600	0.23027530
57601	0.23004335
57602	0.22981735
57603	0.22959240
57604	0.22936456
57605	0.22913106
57606	0.22889033
57607	0.22864203
57608	0.22838709
57609	0.22812764
57610	0.22786689
57611	0.22760902
57612	0.22735891
57613	0.22712201
57614	0.22690411
57615	0.22671092
57616	0.22654818
57617	0.22642115
57618	0.22633460
57619	0.22629257
57620	0.22629835
57621	0.22635436
57622	0.22646207
57623	0.22662187
57624	0.22683318
57625	0.22709441
57626	0.22740281
57627	0.22775455
57628	0.22814472
57629	0.22856721
57630	0.22901499
57631	0.22947991
57632	0.22995290
57633	0.23042412
57634	0.23088317
57635	0.23131917
57636	0.23172116
57637	0.23207840
57638	0.23238070
57639	0.23261872
57640	0.23278455
57641	0.23287190
57642	0.23287654
57643	0.23279651
57644	0.23263222
57645	0.23238671
57646	0.23206539
57647	0.23167595
57648	0.23122808
57649	0.23073311
57650	0.23020358
57651	0.22965275
57652	0.22909407
57653	0.22854079
57654	0.22800551
57655	0.22749966
57656	0.22703344
57657	0.22661531
57658	0.22625205
57659	0.22594868
57660	0.22570835
57661	0.22553258
57662	0.22542128
57663	0.22537291
57664	0.22538468
57665	0.22545275
57666	0.22557241
57667	0.22573818
57668	0.22594404
57669	0.22618353
57670	0.22645007
57671	0.22673683
57672	0.22703710
57673	0.22734433
57674	0.22765224
57675	0.22795501
57676	0.22824727
57677	0.22852419
57678	0.22878163
57679	0.22901601
57680	0.22922440
57681	0.22940455
57682	0.22955482
57683	0.22967406
57684	0.22976170
57685	0.22981763
57686	0.22984217
57687	0.22983594
57688	0.22979991
57689	0.22973530
57690	0.22964358
57691	0.22952655
57692	0.22938618
57693	0.22922489
57694	0.22904541
57695	0.22885083
57696	0.22864474
57697	0.22843106
57698	0.22821409
57699	0.22799839
57700	0.22778872
57701	0.22758982
57702	0.22740625
57703	0.22724220
57704	0.22710140
57705	0.22698696
57706	0.22690099
57707	0.22684498
57708	0.22681943
57709	0.22682407
57710	0.22685786
57711	0.22691920
57712	0.22700597
57713	0.22711575
57714	0.22724588
57715	0.22739370
57716	0.22755651
57717	0.22773173
57718	0.22791690
57719	0.22810957
57720	0.22830749
57721	0.22850847
57722	0.22871028
57723	0.22891082
57724	0.22910789
57725	0.22929946
57726	0.22948341
57727	0.22965769
57728	0.22982036
57729	0.22996959
57730	0.23010370
57731	0.23022123
57732	0.23032086
57733	0.23040156
57734	0.23046257
57735	0.23050326
57736	0.23052344
57737	0.23052311
57738	0.23050258
57739	0.23046263
57740	0.23040418
57741	0.23032865
57742	0.23023775
57743	0.23013355
57744	0.23001848
57745	0.22989526
57746	0.22976692
57747	0.22963673
57748	0.22950818
57749	0.22938493
57750	0.22927082
57751	0.22916979
57752	0.22908583
57753	0.22902294
57754	0.22898497
57755	0.22897564
57756	0.22899812
57757	0.22905503
57758	0.22914833
57759	0.22927865
57760	0.22944547
57761	0.22964662
57762	0.22987810
57763	0.23013406
57764	0.23040667
57765	0.23068625
57766	0.23096141
57767	0.23121941
57768	0.23144676
57769	0.23162967
57770	0.23175457
57771	0.23180926
57772	0.23178294
57773	0.23166718
57774	0.23145640
57775	0.23114796
57776	0.23074241
57777	0.23024341
57778	0.22965771
57779	0.22899485
57780	0.22826667
57781	0.22748727
57782	0.22667278
57783	0.22584133
57784	0.22501311
57785	0.22421053
57786	0.22345868
57787	0.22278650
57788	0.22222711
57789	0.22181916
57790	0.22160839
57791	0.22164908
57792	0.22200648
57793	0.22275913
57794	0.22400095
57795	0.22584578
57796	0.22842959
57797	0.23191592
57798	0.23649986
57799	0.24241404
57800	0.24993652
57801	0.25940174
57802	0.27121368
57803	0.28587833
57804	0.30404246
57805	0.32657781
57806	0.35472566
57807	0.39037338
57808	0.43660057
57809	0.49886015
57810	0.58780962
57811	0.72742039
57812	0.98464650
57813	1.64233041
57814	NaN
57815	NaN
57816	NaN
57817	NaN
57818	NaN
57819	NaN
57820	NaN
57821	NaN
57822	NaN
57823	NaN
57824	NaN
57825	NaN
57826	NaN
57827	NaN
57828	NaN
57829	NaN
57830	NaN
57831	NaN
57832	NaN
57833	NaN
57834	NaN
57835	NaN
57836	NaN
57837	NaN
57838	NaN
57839	NaN
57840	NaN
57841	NaN
57842	NaN
57843	NaN
57844	NaN
57845	NaN
57846	NaN
57847	NaN
57848	NaN
57849	NaN
57850	NaN
57851	NaN
57852	NaN
57853	NaN
57854	NaN
57855	NaN
57856	NaN
57857	NaN
57858	NaN
57859	NaN
57860	NaN
57861	NaN
57862	NaN
57863	NaN
57864	NaN
57865	NaN
57866	NaN
57867	NaN
57868	NaN
57869	NaN
57870	NaN
57871	NaN
57872	NaN
57873	NaN
57874	NaN
57875	NaN
57876	NaN
57877	NaN
57878	NaN
57879	NaN
57880	NaN
57881	NaN
57882	NaN
57883	NaN
57884	NaN
57885	NaN
57886	NaN
57887	NaN
57888	NaN
57889	NaN
57890	NaN
57891	NaN
57892	NaN
57893	NaN
57894	NaN
57895	NaN
57896	NaN
57897	NaN
57898	NaN
57899	NaN
57900	NaN
57901	NaN
57902	NaN
57903	NaN
57904	2.51964879
57905	0.65577358
57906	0.47405934
57907	0.40616572
57908	0.37111339
57909	0.35000032
57910	0.33608201
57911	0.32635054
57912	0.31926143
57913	0.31394020
57914	0.30985457
57915	0.30666268
57916	0.30413488
57917	0.30211160
57918	0.30047891
57919	0.29915345
57920	0.29807329
57921	0.29719174
57922	0.29647326
57923	0.29589084
57924	0.29542378
57925	0.29505670
57926	0.29477811
57927	0.29457989
57928	0.29445648
57929	0.29440451
57930	0.29442209
57931	0.29450861
57932	0.29466391
57933	0.29488811
57934	0.29518101
57935	0.29554147
57936	0.29596701
57937	0.29645342
57938	0.29699403
57939	0.29757965
57940	0.29819816
57941	0.29883456
57942	0.29947117
57943	0.30008784
57944	0.30066305
57945	0.30117455
57946	0.30160069
57947	0.30192184
57948	0.30212161
57949	0.30218834
57950	0.30211616
57951	0.30190563
57952	0.30156413
57953	0.30110556
57954	0.30054963
57955	0.29992083
57956	0.29924685
57957	0.29855713
57958	0.29788136
57959	0.29724789
57960	0.29668272
57961	0.29620850
57962	0.29584390
57963	0.29560313
57964	0.29549593
57965	0.29552737
57966	0.29569820
57967	0.29600480
57968	0.29643977
57969	0.29699188
57970	0.29764670
57971	0.29838675
57972	0.29919213
57973	0.30004072
57974	0.30090910
57975	0.30177289
57976	0.30260760
57977	0.30338937
57978	0.30409589
57979	0.30470714
57980	0.30520627
57981	0.30558011
57982	0.30581990
57983	0.30592152
57984	0.30588570
57985	0.30571777
57986	0.30542743
57987	0.30502817
57988	0.30453664
57989	0.30397165
57990	0.30335373
57991	0.30270386
57992	0.30204314
57993	0.30139175
57994	0.30076873
57995	0.30019134
57996	0.29967484
57997	0.29923227
57998	0.29887453
57999	0.29861009
58000	0.29844534
58001	0.29838455
58002	0.29842988
58003	0.29858163
58004	0.29883835
58005	0.29919672
58006	0.29965183
58007	0.30019712
58008	0.30082458
58009	0.30152479
58010	0.30228725
58011	0.30310038
58012	0.30395216
58013	0.30483004
58014	0.30572179
58015	0.30661544
58016	0.30749992
58017	0.30836523
58018	0.30920258
58019	0.31000471
58020	0.31076568
58021	0.31148085
58022	0.31214669
58023	0.31276044
58024	0.31331992
58025	0.31382319
58026	0.31426832
58027	0.31465313
58028	0.31497508
58029	0.31523138
58030	0.31541869
58031	0.31553361
58032	0.31557271
58033	0.31553292
58034	0.31541178
58035	0.31520802
58036	0.31492174
58037	0.31455508
58038	0.31411219
58039	0.31359991
58040	0.31302756
58041	0.31240714
58042	0.31175327
58043	0.31108281
58044	0.31041449
58045	0.30976841
58046	0.30916539
58047	0.30862623
58048	0.30817112
58049	0.30781892
58050	0.30758652
58051	0.30748835
58052	0.30753615
58053	0.30773839
58054	0.30810043
58055	0.30862400
58056	0.30930755
58057	0.31014588
58058	0.31113037
58059	0.31224903
58060	0.31348643
58061	0.31482369
58062	0.31623897
58063	0.31770733
58064	0.31920129
58065	0.32069108
58066	0.32214510
58067	0.32353088
58068	0.32481578
58069	0.32596770
58070	0.32695669
58071	0.32775554
58072	0.32834136
58073	0.32869664
58074	0.32881016
58075	0.32867795
58076	0.32830384
58077	0.32769948
58078	0.32688445
58079	0.32588550
58080	0.32473573
58081	0.32347348
58082	0.32214090
58083	0.32078272
58084	0.31944484
58085	0.31817296
58086	0.31701165
58087	0.31600335
58088	0.31518772
58089	0.31460106
58090	0.31427595
58091	0.31424078
58092	0.31451982
58093	0.31513244
58094	0.31609297
58095	0.31740999
58096	0.31908554
58097	0.32111436
58098	0.32348287
58099	0.32616794
58100	0.32913646
58101	0.33234426
58102	0.33573666
58103	0.33924839
58104	0.34280577
58105	0.34632891
58106	0.34973511
58107	0.35294303
58108	0.35587758
58109	0.35847369
58110	0.36068121
58111	0.36246648
58112	0.36381522
58113	0.36473182
58114	0.36523825
58115	0.36537221
58116	0.36518413
58117	0.36473402
58118	0.36408961
58119	0.36332273
58120	0.36250928
58121	0.36172795
58122	0.36106062
58123	0.36059391
58124	0.36042082
58125	0.36064407
58126	0.36138067
58127	0.36276641
58128	0.36496237
58129	0.36816308
58130	0.37260512
58131	0.37857950
58132	0.38644603
58133	0.39665058
58134	0.40975145
58135	0.42644930
58136	0.44763556
58137	0.47446871
58138	0.50849438
58139	0.55187249
58140	0.60779959
58141	0.68135273
58142	0.78135753
58143	0.92481828
58144	1.14944470
58145	1.55853510
58146	2.56976843
58147	NaN
58148	NaN
58149	NaN
58150	NaN
58151	NaN
58152	NaN
58153	NaN
58154	NaN
58155	NaN
58156	NaN
58157	NaN
58158	NaN
58159	NaN
58160	NaN
58161	NaN
58162	NaN
58163	NaN
58164	NaN
58165	NaN
58166	NaN
58167	NaN
58168	NaN
58169	NaN
58170	NaN
58171	NaN
58172	NaN
58173	NaN
58174	NaN
58175	NaN
58176	NaN
58177	NaN
58178	NaN
58179	NaN
58180	NaN
58181	NaN
58182	NaN
58183	NaN
58184	NaN
58185	NaN
58186	NaN
58187	NaN
58188	NaN
58189	NaN
58190	NaN
58191	NaN
58192	NaN
58193	NaN
58194	NaN
58195	NaN
58196	NaN
58197	NaN
58198	NaN
58199	NaN
58200	NaN
58201	NaN
58202	NaN
58203	NaN
58204	NaN
58205	NaN
58206	NaN
58207	NaN
58208	NaN
58209	NaN
58210	NaN
58211	NaN
58212	NaN
58213	NaN
58214	NaN
58215	NaN
58216	NaN
58217	NaN
58218	NaN
58219	NaN
58220	NaN
58221	NaN
58222	NaN
58223	NaN
58224	NaN
58225	NaN
58226	NaN
58227	NaN
58228	NaN
58229	NaN
58230	NaN
58231	NaN
58232	NaN
58233	NaN
58234	NaN
58235	2.21184421
58236	0.51582313
58237	0.37227228
58238	0.31820357
58239	0.28960738
58240	0.27185842
58241	0.25978157
58242	0.25107402
58243	0.24455144
58244	0.23953933
58245	0.23562311
58246	0.23253216
58247	0.23008123
58248	0.22813804
58249	0.22660513
58250	0.22540842
58251	0.22449018
58252	0.22380461
58253	0.22331433
58254	0.22298864
58255	0.22280185
58256	0.22273180
58257	0.22275957
58258	0.22286828
58259	0.22304294
58260	0.22326994
58261	0.22353666
58262	0.22383125
58263	0.22414263
58264	0.22446005
58265	0.22477342
58266	0.22507304
58267	0.22534969
58268	0.22559500
58269	0.22580126
58270	0.22596177
58271	0.22607104
58272	0.22612476
58273	0.22612019
58274	0.22605604
58275	0.22593285
58276	0.22575283
58277	0.22551997
58278	0.22524002
58279	0.22492039
58280	0.22456998
58281	0.22419897
58282	0.22381848
58283	0.22344030
58284	0.22307643
58285	0.22273873
58286	0.22243844
58287	0.22218584
58288	0.22198987
58289	0.22185805
58290	0.22179608
58291	0.22180791
58292	0.22189568
58293	0.22205965
58294	0.22229846
58295	0.22260886
58296	0.22298600
58297	0.22342339
58298	0.22391282
58299	0.22444455
58300	0.22500730
58301	0.22558837
58302	0.22617391
58303	0.22674912
58304	0.22729877
58305	0.22780760
58306	0.22826090
58307	0.22864513
58308	0.22894855
58309	0.22916180
58310	0.22927840
58311	0.22929500
58312	0.22921172
58313	0.22903197
58314	0.22876230
58315	0.22841197
58316	0.22799250
58317	0.22751680
58318	0.22699878
58319	0.22645257
58320	0.22589189
58321	0.22532970
58322	0.22477777
58323	0.22424643
58324	0.22374450
58325	0.22327915
58326	0.22285606
58327	0.22247939
58328	0.22215202
58329	0.22187562
58330	0.22165078
58331	0.22147723
58332	0.22135396
58333	0.22127920
58334	0.22125080
58335	0.22126603
58336	0.22132175
58337	0.22141455
58338	0.22154069
58339	0.22169615
58340	0.22187665
58341	0.22207773
58342	0.22229472
58343	0.22252288
58344	0.22275734
58345	0.22299318
58346	0.22322553
58347	0.22344954
58348	0.22366063
58349	0.22385438
58350	0.22402665
58351	0.22417384
58352	0.22429274
58353	0.22438073
58354	0.22443578
58355	0.22445646
58356	0.22444203
58357	0.22439235
58358	0.22430803
58359	0.22419029
58360	0.22404103
58361	0.22386286
58362	0.22365895
58363	0.22343315
58364	0.22318994
58365	0.22293425
58366	0.22267136
58367	0.22240692
58368	0.22214673
58369	0.22189654
58370	0.22166188
58371	0.22144790
58372	0.22125919
58373	0.22109970
58374	0.22097263
58375	0.22088030
58376	0.22082430
58377	0.22080551
58378	0.22082409
58379	0.22087963
58380	0.22097130
58381	0.22109793
58382	0.22125806
58383	0.22145016
58384	0.22167255
58385	0.22192356
58386	0.22220139
58387	0.22250433
58388	0.22283052
58389	0.22317795
58390	0.22354446
58391	0.22392751
58392	0.22432417
58393	0.22473118
58394	0.22514457
58395	0.22555989
58396	0.22597218
58397	0.22637583
58398	0.22676486
58399	0.22713293
58400	0.22747342
58401	0.22777982
58402	0.22804566
58403	0.22826485
58404	0.22843194
58405	0.22854215
58406	0.22859167
58407	0.22857785
58408	0.22849925
58409	0.22835580
58410	0.22814879
58411	0.22788098
58412	0.22755663
58413	0.22718129
58414	0.22676198
58415	0.22630689
58416	0.22582527
58417	0.22532755
58418	0.22482486
58419	0.22432902
58420	0.22385226
58421	0.22340721
58422	0.22300655
58423	0.22266285
58424	0.22238842
58425	0.22219513
58426	0.22209434
58427	0.22209655
58428	0.22221130
58429	0.22244695
58430	0.22281037
58431	0.22330660
58432	0.22393854
58433	0.22470652
58434	0.22560769
58435	0.22663611
58436	0.22778232
58437	0.22903320
58438	0.23037264
58439	0.23178183
58440	0.23323995
58441	0.23472549
58442	0.23621690
58443	0.23769400
58444	0.23913890
58445	0.24053665
58446	0.24187627
58447	0.24315068
58448	0.24435654
58449	0.24549502
58450	0.24657036
58451	0.24759069
58452	0.24856760
58453	0.24951547
58454	0.25045228
58455	0.25139993
58456	0.25238532
58457	0.25344181
58458	0.25461075
58459	0.25594589
58460	0.25751767
58461	0.25942042
58462	0.26178160
58463	0.26477778
58464	0.26865658
58465	0.27377456
58466	0.28065547
58467	0.29009330
58468	0.30334666
58469	0.32251993
58470	0.35141388
58471	0.39769402
58472	0.47954753
58473	0.65367997
58474	1.23468971
58475	NaN
58476	NaN
58477	NaN
58478	NaN
58479	NaN
58480	NaN
58481	NaN
58482	NaN
58483	NaN
58484	NaN
58485	NaN
58486	NaN
58487	NaN
58488	NaN
58489	NaN
58490	NaN
58491	NaN
58492	NaN
58493	NaN
58494	NaN
58495	NaN
58496	NaN
58497	NaN
58498	NaN
58499	NaN
58500	NaN
58501	NaN
58502	NaN
58503	NaN
58504	NaN
58505	NaN
58506	NaN
58507	NaN
58508	NaN
58509	NaN
58510	NaN
58511	NaN
58512	NaN
58513	NaN
58514	NaN
58515	NaN
58516	NaN
58517	NaN
58518	NaN
58519	NaN
58520	NaN
58521	NaN
58522	NaN
58523	NaN
58524	NaN
58525	NaN
58526	NaN
58527	NaN
58528	NaN
58529	NaN
58530	NaN
58531	NaN
58532	NaN
58533	NaN
58534	NaN
58535	NaN
58536	NaN
58537	NaN
58538	NaN
58539	NaN
58540	NaN
58541	NaN
58542	NaN
58543	NaN
58544	NaN
58545	NaN
58546	NaN
58547	NaN
58548	NaN
58549	NaN
58550	NaN
58551	NaN
58552	NaN
58553	NaN
58554	NaN
58555	NaN
58556	NaN
58557	NaN
58558	NaN
58559	NaN
58560	NaN
58561	NaN
58562	NaN
58563	NaN
58564	NaN
58565	NaN
58566	1.23383009
58567	0.59813923
58568	0.46499580
58569	0.40716624
58570	0.37478921
58571	0.35407835
58572	0.33969402
58573	0.32913220
58574	0.32106289
58575	0.31471339
58576	0.30960399
58577	0.30542076
58578	0.30194935
58579	0.29903805
58580	0.29657644
58581	0.29448190
58582	0.29269144
58583	0.29115623
58584	0.28983790
58585	0.28870609
58586	0.28773686
58587	0.28691128
58588	0.28621477
58589	0.28563634
58590	0.28516799
58591	0.28480431
58592	0.28454188
58593	0.28437904
58594	0.28431514
58595	0.28435019
58596	0.28448427
58597	0.28471696
58598	0.28504673
58599	0.28547046
58600	0.28598279
58601	0.28657582
58602	0.28723878
58603	0.28795773
58604	0.28871572
58605	0.28949299
58606	0.29026756
58607	0.29101583
58608	0.29171365
58609	0.29233760
58610	0.29286590
58611	0.29328009
58612	0.29356581
58613	0.29371405
58614	0.29372144
58615	0.29359064
58616	0.29333007
58617	0.29295328
58618	0.29247820
58619	0.29192591
58620	0.29131943
58621	0.29068258
58622	0.29003897
58623	0.28941101
58624	0.28881913
58625	0.28828135
58626	0.28781295
58627	0.28742599
58628	0.28712976
58629	0.28693026
58630	0.28683048
58631	0.28683057
58632	0.28692776
58633	0.28711668
58634	0.28738946
58635	0.28773591
58636	0.28814384
58637	0.28859943
58638	0.28908759
58639	0.28959247
58640	0.29009804
58641	0.29058865
58642	0.29104969
58643	0.29146817
58644	0.29183319
58645	0.29213631
58646	0.29237187
58647	0.29253703
58648	0.29263178
58649	0.29265854
58650	0.29262212
58651	0.29252917
58652	0.29238781
58653	0.29220718
58654	0.29199713
58655	0.29176778
58656	0.29152921
58657	0.29129127
58658	0.29106343
58659	0.29085448
58660	0.29067254
58661	0.29052496
58662	0.29041824
58663	0.29035801
58664	0.29034904
58665	0.29039502
58666	0.29049891
58667	0.29066241
58668	0.29088640
58669	0.29117063
58670	0.29151392
58671	0.29191399
58672	0.29236779
58673	0.29287130
58674	0.29341990
58675	0.29400826
58676	0.29463071
58677	0.29528117
58678	0.29595348
58679	0.29664129
58680	0.29733828
58681	0.29803824
58682	0.29873505
58683	0.29942253
58684	0.30009478
58685	0.30074587
58686	0.30136988
58687	0.30196097
58688	0.30251333
58689	0.30302119
58690	0.30347893
58691	0.30388102
58692	0.30422223
58693	0.30449769
58694	0.30470309
58695	0.30483487
58696	0.30489030
58697	0.30486801
58698	0.30476791
58699	0.30459160
58700	0.30434260
58701	0.30402642
58702	0.30365077
58703	0.30322558
58704	0.30276290
58705	0.30227670
58706	0.30178273
58707	0.30129787
58708	0.30083993
58709	0.30042681
58710	0.30007616
58711	0.29980481
58712	0.29962799
58713	0.29955932
58714	0.29961014
58715	0.29978928
58716	0.30010301
58717	0.30055478
58718	0.30114517
58719	0.30187193
58720	0.30272985
58721	0.30371094
58722	0.30480430
58723	0.30599633
58724	0.30727068
58725	0.30860853
58726	0.30998865
58727	0.31138781
58728	0.31278098
58729	0.31414175
58730	0.31544310
58731	0.31665778
58732	0.31775931
58733	0.31872278
58734	0.31952563
58735	0.32014897
58736	0.32057801
58737	0.32080331
58738	0.32082099
58739	0.32063326
58740	0.32024854
58741	0.31968123
58742	0.31895110
58743	0.31808287
58744	0.31710517
58745	0.31604975
58746	0.31495053
58747	0.31384259
58748	0.31276163
58749	0.31174293
58750	0.31082097
58751	0.31002879
58752	0.30939773
58753	0.30895689
58754	0.30873287
58755	0.30874926
58756	0.30902636
58757	0.30958033
58758	0.31042278
58759	0.31155974
58760	0.31299096
58761	0.31470907
58762	0.31669864
58763	0.31893536
58764	0.32138631
58765	0.32400951
58766	0.32675523
58767	0.32956710
58768	0.33238456
58769	0.33514580
58770	0.33779091
58771	0.34026420
58772	0.34251809
58773	0.34451494
58774	0.34622812
58775	0.34764367
58776	0.34875908
58777	0.34958327
58778	0.35013533
58779	0.35044244
58780	0.35053933
58781	0.35046649
58782	0.35026884
58783	0.34999621
58784	0.34970182
58785	0.34944364
58786	0.34928504
58787	0.34929588
58788	0.34955463
58789	0.35015160
58790	0.35119173
58791	0.35280037
58792	0.35512686
58793	0.35835323
58794	0.36270207
58795	0.36844641
58796	0.37592271
58797	0.38554654
58798	0.39783058
58799	0.41341352
58800	0.43309540
58801	0.45789865
58802	0.48917678
58803	0.52880609
58804	0.57956165
58805	0.64588153
58806	0.73550475
58807	0.86344486
58808	1.06304073
58809	1.42553473
58810	2.31847358
58811	NaN
58812	NaN
58813	NaN
58814	NaN
58815	NaN
58816	NaN
58817	NaN
58818	NaN
58819	NaN
58820	NaN
58821	NaN
58822	NaN
58823	NaN
58824	NaN
58825	NaN
58826	NaN
58827	NaN
58828	NaN
58829	NaN
58830	NaN
58831	NaN
58832	NaN
58833	NaN
58834	NaN
58835	NaN
58836	NaN
58837	NaN
58838	NaN
58839	NaN
58840	NaN
58841	NaN
58842	NaN
58843	NaN
58844	NaN
58845	NaN
58846	NaN
58847	NaN
58848	NaN
58849	NaN
58850	NaN
58851	NaN
58852	NaN
58853	NaN
58854	NaN
58855	NaN
58856	NaN
58857	NaN
58858	NaN
58859	NaN
58860	NaN
58861	NaN
58862	NaN
58863	NaN
58864	NaN
58865	NaN
58866	NaN
58867	NaN
58868	NaN
58869	NaN
58870	NaN
58871	NaN
58872	NaN
58873	NaN
58874	NaN
58875	NaN
58876	NaN
58877	NaN
58878	NaN
58879	NaN
58880	NaN
58881	NaN
58882	NaN
58883	NaN
58884	NaN
58885	NaN
58886	NaN
58887	NaN
58888	NaN
58889	NaN
58890	NaN
58891	NaN
58892	NaN
58893	NaN
58894	NaN
58895	NaN
58896	NaN
58897	NaN
58898	NaN
58899	1.83256030
58900	0.54634494
58901	0.38620919
58902	0.32376605
58903	0.29071370
58904	0.27043745
58905	0.25688785
58906	0.24732988
58907	0.24034233
58908	0.23511165
58909	0.23113622
58910	0.22808895
58911	0.22574684
58912	0.22395177
58913	0.22258854
58914	0.22157091
58915	0.22083281
58916	0.22032291
58917	0.22000046
58918	0.21983267
58919	0.21979272
58920	0.21985829
58921	0.22001030
58922	0.22023238
58923	0.22051001
58924	0.22082998
58925	0.22118020
58926	0.22154920
58927	0.22192614
58928	0.22230059
58929	0.22266258
58930	0.22300260
58931	0.22331168
58932	0.22358163
58933	0.22380520
58934	0.22397612
58935	0.22408946
58936	0.22414172
58937	0.22413102
58938	0.22405712
58939	0.22392161
58940	0.22372784
58941	0.22348094
58942	0.22318777
58943	0.22285679
58944	0.22249769
58945	0.22212133
58946	0.22173938
58947	0.22136381
58948	0.22100663
58949	0.22067946
58950	0.22039302
58951	0.22015701
58952	0.21997957
58953	0.21986732
58954	0.21982513
58955	0.21985601
58956	0.21996123
58957	0.22014035
58958	0.22039115
58959	0.22070985
58960	0.22109091
58961	0.22152728
58962	0.22201037
58963	0.22253005
58964	0.22307490
58965	0.22363216
58966	0.22418821
58967	0.22472876
58968	0.22523934
58969	0.22570574
58970	0.22611475
58971	0.22645444
58972	0.22671500
58973	0.22688924
58974	0.22697274
58975	0.22696444
58976	0.22686638
58977	0.22668384
58978	0.22642490
58979	0.22610001
58980	0.22572133
58981	0.22530210
58982	0.22485606
58983	0.22439674
58984	0.22393686
58985	0.22348805
58986	0.22306049
58987	0.22266278
58988	0.22230174
58989	0.22198264
58990	0.22170915
58991	0.22148362
58992	0.22130716
58993	0.22117981
58994	0.22110081
58995	0.22106865
58996	0.22108127
58997	0.22113606
58998	0.22122999
58999	0.22135957
59000	0.22152099
59001	0.22170997
59002	0.22192192
59003	0.22215196
59004	0.22239490
59005	0.22264536
59006	0.22289801
59007	0.22314756
59008	0.22338894
59009	0.22361742
59010	0.22382879
59011	0.22401932
59012	0.22418593
59013	0.22432609
59014	0.22443791
59015	0.22452010
59016	0.22457190
59017	0.22459312
59018	0.22458394
59019	0.22454506
59020	0.22447765
59021	0.22438326
59022	0.22426382
59023	0.22412182
59024	0.22396007
59025	0.22378194
59026	0.22359113
59027	0.22339174
59028	0.22318821
59029	0.22298515
59030	0.22278719
59031	0.22259896
59032	0.22242475
59033	0.22226837
59034	0.22213319
59035	0.22202165
59036	0.22193550
59037	0.22187576
59038	0.22184247
59039	0.22183511
59040	0.22185254
59041	0.22189322
59042	0.22195536
59043	0.22203696
59044	0.22213615
59045	0.22225119
59046	0.22238046
59047	0.22252260
59048	0.22267656
59049	0.22284140
59050	0.22301634
59051	0.22320071
59052	0.22339381
59053	0.22359489
59054	0.22380286
59055	0.22401664
59056	0.22423463
59057	0.22445498
59058	0.22467543
59059	0.22489329
59060	0.22510536
59061	0.22530814
59062	0.22549768
59063	0.22566959
59064	0.22581929
59065	0.22594196
59066	0.22603279
59067	0.22608705
59068	0.22610031
59069	0.22606871
59070	0.22598895
59071	0.22585878
59072	0.22567677
59073	0.22544274
59074	0.22515759
59075	0.22482356
59076	0.22444394
59077	0.22402321
59078	0.22356699
59079	0.22308189
59080	0.22257543
59081	0.22205596
59082	0.22153278
59083	0.22101565
59084	0.22051515
59085	0.22004245
59086	0.21960911
59087	0.21922719
59088	0.21890910
59089	0.21866715
59090	0.21851404
59091	0.21846199
59092	0.21852283
59093	0.21870753
59094	0.21902572
59095	0.21948543
59096	0.22009228
59097	0.22084892
59098	0.22175489
59099	0.22280560
59100	0.22399282
59101	0.22530422
59102	0.22672352
59103	0.22823153
59104	0.22980689
59105	0.23142643
59106	0.23306726
59107	0.23470694
59108	0.23632488
59109	0.23790307
59110	0.23942611
59111	0.24088176
59112	0.24226080
59113	0.24355647
59114	0.24476482
59115	0.24588358
59116	0.24691249
59117	0.24785319
59118	0.24870832
59119	0.24948274
59120	0.25018376
59121	0.25082135
59122	0.25141039
59123	0.25197116
59124	0.25253406
59125	0.25314188
59126	0.25385660
59127	0.25476837
59128	0.25600973
59129	0.25777492
59130	0.26035473
59131	0.26418638
59132	0.26994419
59133	0.27869740
59134	0.29221979
59135	0.31364882
59136	0.34911391
59137	0.41250989
59138	0.54406333
59139	0.93153715
59140	NaN
59141	NaN
59142	NaN
59143	NaN
59144	NaN
59145	NaN
59146	NaN
59147	NaN
59148	NaN
59149	NaN
59150	NaN
59151	NaN
59152	NaN
59153	NaN
59154	NaN
59155	NaN
59156	NaN
59157	NaN
59158	NaN
59159	NaN
59160	NaN
59161	NaN
59162	NaN
59163	NaN
59164	NaN
59165	NaN
59166	NaN
59167	NaN
59168	NaN
59169	NaN
59170	NaN
59171	NaN
59172	NaN
59173	NaN
59174	NaN
59175	NaN
59176	NaN
59177	NaN
59178	NaN
59179	NaN
59180	NaN
59181	NaN
59182	NaN
59183	NaN
59184	NaN
59185	NaN
59186	NaN
59187	NaN
59188	NaN
59189	NaN
59190	NaN
59191	NaN
59192	NaN
59193	NaN
59194	NaN
59195	NaN
59196	NaN
59197	NaN
59198	NaN
59199	NaN
59200	NaN
59201	NaN
59202	NaN
59203	NaN
59204	NaN
59205	NaN
59206	NaN
59207	NaN
59208	NaN
59209	NaN
59210	NaN
59211	NaN
59212	NaN
59213	NaN
59214	NaN
59215	NaN
59216	NaN
59217	NaN
59218	NaN
59219	NaN
59220	NaN
59221	NaN
59222	NaN
59223	NaN
59224	NaN
59225	NaN
59226	NaN
59227	NaN
59228	2.85441446
59229	0.60256499
59230	0.44635051
59231	0.38889614
59232	0.35881844
59233	0.34019670
59234	0.32746965
59235	0.31818718
59236	0.31110230
59237	0.30551243
59238	0.30099124
59239	0.29726440
59240	0.29414701
59241	0.29150939
59242	0.28925794
59243	0.28732282
59244	0.28565109
59245	0.28420198
59246	0.28294349
59247	0.28185058
59248	0.28090370
59249	0.28008753
59250	0.27939057
59251	0.27880412
59252	0.27832204
59253	0.27794039
59254	0.27765673
59255	0.27746996
59256	0.27737969
59257	0.27738595
59258	0.27748862
59259	0.27768695
59260	0.27797911
59261	0.27836165
59262	0.27882913
59263	0.27937382
59264	0.27998528
59265	0.28065032
59266	0.28135327
59267	0.28207588
59268	0.28279814
59269	0.28349876
59270	0.28415623
59271	0.28474969
59272	0.28526023
59273	0.28567171
59274	0.28597188
59275	0.28615314
59276	0.28621277
59277	0.28615335
59278	0.28598213
59279	0.28571081
59280	0.28535447
59281	0.28493077
59282	0.28445897
59283	0.28395873
59284	0.28344953
59285	0.28294966
59286	0.28247577
59287	0.28204256
59288	0.28166234
59289	0.28134495
59290	0.28109786
59291	0.28092617
59292	0.28083262
59293	0.28081784
59294	0.28088030
59295	0.28101659
59296	0.28122148
59297	0.28148806
59298	0.28180787
59299	0.28217107
59300	0.28256679
59301	0.28298333
59302	0.28340858
59303	0.28383043
59304	0.28423712
59305	0.28461787
59306	0.28496316
59307	0.28526512
59308	0.28551784
59309	0.28571752
59310	0.28586245
59311	0.28595307
59312	0.28599170
59313	0.28598219
59314	0.28592977
59315	0.28584060
59316	0.28572148
59317	0.28557953
59318	0.28542191
59319	0.28525564
59320	0.28508735
59321	0.28492334
59322	0.28476948
59323	0.28463107
59324	0.28451294
59325	0.28441954
59326	0.28435490
59327	0.28432259
59328	0.28432590
59329	0.28436756
59330	0.28445005
59331	0.28457525
59332	0.28474450
59333	0.28495854
59334	0.28521737
59335	0.28552034
59336	0.28586596
59337	0.28625187
59338	0.28667516
59339	0.28713214
59340	0.28761849
59341	0.28812951
59342	0.28865996
59343	0.28920451
59344	0.28975737
59345	0.29031277
59346	0.29086465
59347	0.29140693
59348	0.29193324
59349	0.29243720
59350	0.29291216
59351	0.29335144
59352	0.29374835
59353	0.29409620
59354	0.29438850
59355	0.29461920
59356	0.29478279
59357	0.29487464
59358	0.29489130
59359	0.29483062
59360	0.29469237
59361	0.29447797
59362	0.29419112
59363	0.29383785
59364	0.29342628
59365	0.29296708
59366	0.29247275
59367	0.29195780
59368	0.29143813
59369	0.29093072
59370	0.29045305
59371	0.29002258
59372	0.28965613
59373	0.28936955
59374	0.28917703
59375	0.28909090
59376	0.28912130
59377	0.28927574
59378	0.28955930
59379	0.28997427
59380	0.29052031
59381	0.29119426
59382	0.29199031
59383	0.29290000
59384	0.29391226
59385	0.29501352
59386	0.29618773
59387	0.29741660
59388	0.29867959
59389	0.29995459
59390	0.30121776
59391	0.30244437
59392	0.30360910
59393	0.30468699
59394	0.30565387
59395	0.30648747
59396	0.30716801
59397	0.30767936
59398	0.30800924
59399	0.30815044
59400	0.30810097
59401	0.30786443
59402	0.30744994
59403	0.30687231
59404	0.30615139
59405	0.30531189
59406	0.30438221
59407	0.30339414
59408	0.30238175
59409	0.30138046
59410	0.30042636
59411	0.29955521
59412	0.29880166
59413	0.29819879
59414	0.29777718
59415	0.29756463
59416	0.29758570
59417	0.29786101
59418	0.29840702
59419	0.29923558
59420	0.30035335
59421	0.30176148
59422	0.30345491
59423	0.30542189
59424	0.30764398
59425	0.31009525
59426	0.31274277
59427	0.31554660
59428	0.31846073
59429	0.32143429
59430	0.32441285
59431	0.32734063
59432	0.33016285
59433	0.33282766
59434	0.33528897
59435	0.33750823
59436	0.33945578
59437	0.34111291
59438	0.34247148
59439	0.34353471
59440	0.34431645
59441	0.34484035
59442	0.34513918
59443	0.34525377
59444	0.34523174
59445	0.34512773
59446	0.34500188
59447	0.34492105
59448	0.34495902
59449	0.34519780
59450	0.34572989
59451	0.34666100
59452	0.34811315
59453	0.35023096
59454	0.35318640
59455	0.35718730
59456	0.36248657
59457	0.36939484
59458	0.37829745
59459	0.38967487
59460	0.40413341
59461	0.42245108
59462	0.44564617
59463	0.47509617
59464	0.51273966
59465	0.56145084
59466	0.62578219
59467	0.71352994
59468	0.83943188
59469	1.03531110
59470	1.38494670
59471	2.20256162
59472	6.55207253
59473	NaN
59474	NaN
59475	NaN
59476	NaN
59477	NaN
59478	NaN
59479	NaN
59480	NaN
59481	NaN
59482	NaN
59483	NaN
59484	NaN
59485	NaN
59486	NaN
59487	NaN
59488	NaN
59489	NaN
59490	NaN
59491	NaN
59492	NaN
59493	NaN
59494	NaN
59495	NaN
59496	NaN
59497	NaN
59498	NaN
59499	NaN
59500	NaN
59501	NaN
59502	NaN
59503	NaN
59504	NaN
59505	NaN
59506	NaN
59507	NaN
59508	NaN
59509	NaN
59510	NaN
59511	NaN
59512	NaN
59513	NaN
59514	NaN
59515	NaN
59516	NaN
59517	NaN
59518	NaN
59519	NaN
59520	NaN
59521	NaN
59522	NaN
59523	NaN
59524	NaN
59525	NaN
59526	NaN
59527	NaN
59528	NaN
59529	NaN
59530	NaN
59531	NaN
59532	NaN
59533	NaN
59534	NaN
59535	NaN
59536	NaN
59537	NaN
59538	NaN
59539	NaN
59540	NaN
59541	NaN
59542	NaN
59543	NaN
59544	NaN
59545	NaN
59546	NaN
59547	NaN
59548	NaN
59549	NaN
59550	NaN
59551	NaN
59552	NaN
59553	NaN
59554	NaN
59555	NaN
59556	0.59503055
59557	0.38575754
59558	0.31969136
59559	0.28697172
59560	0.26731461
59561	0.25416538
59562	0.24475931
59563	0.23772354
59564	0.23229674
59565	0.22802061
59566	0.22460140
59567	0.22184119
59568	0.21960101
59569	0.21777986
59570	0.21630232
59571	0.21511051
59572	0.21415900
59573	0.21341151
59574	0.21283826
59575	0.21241455
59576	0.21211934
59577	0.21193439
59578	0.21184359
59579	0.21183239
59580	0.21188737
59581	0.21199597
59582	0.21214627
59583	0.21232669
59584	0.21252607
59585	0.21273342
59586	0.21293812
59587	0.21312992
59588	0.21329910
59589	0.21343662
59590	0.21353449
59591	0.21358587
59592	0.21358536
59593	0.21352921
59594	0.21341555
59595	0.21324447
59596	0.21301825
59597	0.21274126
59598	0.21241984
59599	0.21206233
59600	0.21167867
59601	0.21128017
59602	0.21087900
59603	0.21048784
59604	0.21011932
59605	0.20978557
59606	0.20949779
59607	0.20926577
59608	0.20909765
59609	0.20899966
59610	0.20897597
59611	0.20902880
59612	0.20915833
59613	0.20936294
59614	0.20963934
59615	0.20998263
59616	0.21038662
59617	0.21084367
59618	0.21134482
59619	0.21188001
59620	0.21243773
59621	0.21300547
59622	0.21356957
59623	0.21411544
59624	0.21462810
59625	0.21509238
59626	0.21549346
59627	0.21581765
59628	0.21605274
59629	0.21618904
59630	0.21621966
59631	0.21614105
59632	0.21595332
59633	0.21566023
59634	0.21526910
59635	0.21479060
59636	0.21423788
59637	0.21362625
59638	0.21297222
59639	0.21229288
59640	0.21160513
59641	0.21092512
59642	0.21026777
59643	0.20964633
59644	0.20907223
59645	0.20855513
59646	0.20810249
59647	0.20771998
59648	0.20741148
59649	0.20717919
59650	0.20702377
59651	0.20694461
59652	0.20693980
59653	0.20700638
59654	0.20714046
59655	0.20733723
59656	0.20759115
59657	0.20789590
59658	0.20824456
59659	0.20862953
59660	0.20904283
59661	0.20947595
59662	0.20992015
59663	0.21036652
59664	0.21080618
59665	0.21123047
59666	0.21163119
59667	0.21200067
59668	0.21233203
59669	0.21261932
59670	0.21285760
59671	0.21304293
59672	0.21317253
59673	0.21324459
59674	0.21325846
59675	0.21321443
59676	0.21311370
59677	0.21295848
59678	0.21275182
59679	0.21249762
59680	0.21220078
59681	0.21186695
59682	0.21150272
59683	0.21111558
59684	0.21071385
59685	0.21030651
59686	0.20990323
59687	0.20951393
59688	0.20914882
59689	0.20881797
59690	0.20853087
59691	0.20829628
59692	0.20812173
59693	0.20801331
59694	0.20797534
59695	0.20801011
59696	0.20811789
59697	0.20829672
59698	0.20854262
59699	0.20884970
59700	0.20921053
59701	0.20961627
59702	0.21005738
59703	0.21052368
59704	0.21100509
59705	0.21149161
59706	0.21197388
59707	0.21244310
59708	0.21289136
59709	0.21331178
59710	0.21369837
59711	0.21404611
59712	0.21435101
59713	0.21461007
59714	0.21482122
59715	0.21498336
59716	0.21509627
59717	0.21516070
59718	0.21517827
59719	0.21515161
59720	0.21508411
59721	0.21497990
59722	0.21484394
59723	0.21468173
59724	0.21449916
59725	0.21430255
59726	0.21409832
59727	0.21389279
59728	0.21369213
59729	0.21350212
59730	0.21332802
59731	0.21317446
59732	0.21304521
59733	0.21294348
59734	0.21287160
59735	0.21283121
59736	0.21282351
59737	0.21284901
59738	0.21290801
59739	0.21300061
59740	0.21312672
59741	0.21328618
59742	0.21347892
59743	0.21370466
59744	0.21396321
59745	0.21425399
59746	0.21457621
59747	0.21492866
59748	0.21530934
59749	0.21571566
59750	0.21614407
59751	0.21659006
59752	0.21704812
59753	0.21751170
59754	0.21797331
59755	0.21842475
59756	0.21885724
59757	0.21926191
59758	0.21963026
59759	0.21995452
59760	0.22022833
59761	0.22044703
59762	0.22060806
59763	0.22071140
59764	0.22075933
59765	0.22075647
59766	0.22070968
59767	0.22062735
59768	0.22051977
59769	0.22039802
59770	0.22027409
59771	0.22016096
59772	0.22007221
59773	0.22002289
59774	0.22002913
59775	0.22010899
59776	0.22028358
59777	0.22057758
59778	0.22102113
59779	0.22165126
59780	0.22251432
59781	0.22366920
59782	0.22519194
59783	0.22718132
59784	0.22976899
59785	0.23313057
59786	0.23750752
59787	0.24323680
59788	0.25080425
59789	0.26093537
59790	0.27476457
59791	0.29418045
59792	0.32260832
59793	0.36700720
59794	0.44418862
59795	0.60816872
59796	1.18272090
59797	NaN
59798	NaN
59799	NaN
59800	NaN
59801	NaN
59802	NaN
59803	NaN
59804	NaN
59805	NaN
59806	NaN
59807	NaN
59808	NaN
59809	NaN
59810	NaN
59811	NaN
59812	NaN
59813	NaN
59814	NaN
59815	NaN
59816	NaN
59817	NaN
59818	NaN
59819	NaN
59820	NaN
59821	NaN
59822	NaN
59823	NaN
59824	NaN
59825	NaN
59826	NaN
59827	NaN
59828	NaN
59829	NaN
59830	NaN
59831	NaN
59832	NaN
59833	NaN
59834	NaN
59835	NaN
59836	NaN
59837	NaN
59838	NaN
59839	NaN
59840	NaN
59841	NaN
59842	NaN
59843	NaN
59844	NaN
59845	NaN
59846	NaN
59847	NaN
59848	NaN
59849	NaN
59850	NaN
59851	NaN
59852	NaN
59853	NaN
59854	NaN
59855	NaN
59856	NaN
59857	NaN
59858	NaN
59859	NaN
59860	NaN
59861	NaN
59862	NaN
59863	NaN
59864	NaN
59865	NaN
59866	NaN
59867	NaN
59868	NaN
59869	NaN
59870	NaN
59871	NaN
59872	NaN
59873	NaN
59874	NaN
59875	NaN
59876	NaN
59877	NaN
59878	NaN
59879	NaN
59880	NaN
59881	NaN
59882	NaN
59883	NaN
59884	NaN
59885	NaN
59886	0.73535728
59887	0.49458915
59888	0.41466451
59889	0.37487096
59890	0.35111970
59891	0.33539066
59892	0.32424912
59893	0.31597918
59894	0.30962810
59895	0.30462393
59896	0.30060303
59897	0.29732221
59898	0.29461277
59899	0.29235375
59900	0.29045600
59901	0.28885248
59902	0.28749174
59903	0.28633380
59904	0.28534746
59905	0.28450835
59906	0.28379747
59907	0.28320032
59908	0.28270596
59909	0.28230652
59910	0.28199676
59911	0.28177327
59912	0.28163424
59913	0.28157902
59914	0.28160742
59915	0.28171936
59916	0.28191435
59917	0.28219086
59918	0.28254592
59919	0.28297454
59920	0.28346935
59921	0.28402022
59922	0.28461421
59923	0.28523558
59924	0.28586593
59925	0.28648499
59926	0.28707135
59927	0.28760341
59928	0.28806081
59929	0.28842551
59930	0.28868318
59931	0.28882426
59932	0.28884459
59933	0.28874582
59934	0.28853545
59935	0.28822613
59936	0.28783485
59937	0.28738192
59938	0.28688949
59939	0.28638041
59940	0.28587693
59941	0.28539988
59942	0.28496760
59943	0.28459567
59944	0.28429636
59945	0.28407866
59946	0.28394815
59947	0.28390732
59948	0.28395554
59949	0.28408957
59950	0.28430375
59951	0.28459033
59952	0.28493968
59953	0.28534079
59954	0.28578129
59955	0.28624830
59956	0.28672808
59957	0.28720689
59958	0.28767127
59959	0.28810832
59960	0.28850639
59961	0.28885514
59962	0.28914624
59963	0.28937355
59964	0.28953332
59965	0.28962442
59966	0.28964826
59967	0.28960860
59968	0.28951135
59969	0.28936431
59970	0.28917643
59971	0.28895780
59972	0.28871879
59973	0.28846994
59974	0.28822154
59975	0.28798321
59976	0.28776389
59977	0.28757167
59978	0.28741366
59979	0.28729606
59980	0.28722405
59981	0.28720206
59982	0.28723356
59983	0.28732130
59984	0.28746712
59985	0.28767225
59986	0.28793710
59987	0.28826135
59988	0.28864393
59989	0.28908306
59990	0.28957629
59991	0.29012039
59992	0.29071161
59993	0.29134548
59994	0.29201701
59995	0.29272082
59996	0.29345104
59997	0.29420155
59998	0.29496610
59999	0.29573831
60000	0.29651186