	C:\Users\jkuzm\OneDrive - University of Massachusetts\HRSL x UMILL-PUMA Fatigue - Fatigue\Data\F01\FR3_Metabolic2.c3d
	FP1
	COFP
	ORIGINAL
ITEM	Y
1	0.26074803
2	0.25025931
3	0.23871151
4	0.22606875
5	0.21229117
6	0.19733223
7	0.18113641
8	0.16363795
9	0.14476076
10	0.12441980
11	0.10252518
12	0.07898933
13	0.05373783
14	0.02672622
15	-0.00203609
16	-0.03245248
17	-0.06429293
18	-0.09713110
19	-0.13026085
20	-0.16258153
21	-0.19244583
22	-0.21743965
23	-0.23403963
24	-0.23698439
25	-0.21790232
26	-0.16170757
27	-0.03490967
28	0.26650861
29	NaN
30	NaN
31	NaN
32	NaN
33	NaN
34	NaN
35	NaN
36	NaN
37	NaN
38	NaN
39	NaN
40	NaN
41	NaN
42	NaN
43	NaN
44	NaN
45	NaN
46	NaN
47	NaN
48	NaN
49	NaN
50	NaN
51	NaN
52	NaN
53	NaN
54	NaN
55	NaN
56	NaN
57	NaN
58	NaN
59	NaN
60	NaN
61	NaN
62	NaN
63	NaN
64	NaN
65	NaN
66	NaN
67	NaN
68	NaN
69	NaN
70	NaN
71	NaN
72	NaN
73	NaN
74	NaN
75	NaN
76	NaN
77	NaN
78	NaN
79	NaN
80	NaN
81	NaN
82	NaN
83	NaN
84	NaN
85	NaN
86	NaN
87	NaN
88	NaN
89	NaN
90	NaN
91	NaN
92	NaN
93	NaN
94	NaN
95	NaN
96	NaN
97	NaN
98	NaN
99	NaN
100	NaN
101	NaN
102	NaN
103	NaN
104	NaN
105	NaN
106	NaN
107	NaN
108	NaN
109	NaN
110	NaN
111	NaN
112	NaN
113	NaN
114	NaN
115	2.25895905
116	1.15441608
117	0.96263051
118	0.88283980
119	0.83923030
120	0.81193537
121	0.79345030
122	0.78030139
123	0.77065223
124	0.76343513
125	0.75798327
126	0.75385594
127	0.75074834
128	0.74844146
129	0.74677366
130	0.74562210
131	0.74489200
132	0.74450850
133	0.74441189
134	0.74455369
135	0.74489379
136	0.74539828
137	0.74603748
138	0.74678451
139	0.74761373
140	0.74849945
141	0.74941498
142	0.75033170
143	0.75121808
144	0.75203913
145	0.75275594
146	0.75332552
147	0.75370061
148	0.75383013
149	0.75365967
150	0.75313222
151	0.75218999
152	0.75077575
153	0.74883533
154	0.74632031
155	0.74319077
156	0.73941910
157	0.73499292
158	0.72991836
159	0.72422206
160	0.71795332
161	0.71118379
162	0.70400661
163	0.69653380
164	0.68889242
165	0.68121922
166	0.67365551
167	0.66634065
168	0.65940714
169	0.65297472
170	0.64714712
171	0.64200819
172	0.63762051
173	0.63402414
174	0.63123631
175	0.62925249
176	0.62804705
177	0.62757492
178	0.62777346
179	0.62856442
180	0.62985593
181	0.63154513
182	0.63352054
183	0.63566488
184	0.63785815
185	0.63998097
186	0.64191747
187	0.64355934
188	0.64480847
189	0.64558053
190	0.64580721
191	0.64543808
192	0.64444202
193	0.64280719
194	0.64054042
195	0.63766581
196	0.63422275
197	0.63026279
198	0.62584734
199	0.62104386
200	0.61592388
201	0.61055952
202	0.60502225
203	0.59938008
204	0.59369725
205	0.58803242
206	0.58243895
207	0.57696396
208	0.57164842
209	0.56652743
210	0.56163025
211	0.55698031
212	0.55259573
213	0.54848933
214	0.54466873
215	0.54113662
216	0.53789085
217	0.53492439
218	0.53222549
219	0.52977818
220	0.52756220
221	0.52555370
222	0.52372563
223	0.52204835
224	0.52049059
225	0.51901972
226	0.51760304
227	0.51620829
228	0.51480407
229	0.51336104
230	0.51185197
231	0.51025206
232	0.50853968
233	0.50669611
234	0.50470591
235	0.50255710
236	0.50024116
237	0.49775329
238	0.49509203
239	0.49225995
240	0.48926312
241	0.48611131
242	0.48281810
243	0.47940040
244	0.47587857
245	0.47227588
246	0.46861833
247	0.46493381
248	0.46125174
249	0.45760185
250	0.45401365
251	0.45051527
252	0.44713220
253	0.44388679
254	0.44079682
255	0.43787509
256	0.43512878
257	0.43255895
258	0.43016070
259	0.42792308
260	0.42582968
261	0.42385915
262	0.42198566
263	0.42018032
264	0.41841149
265	0.41664606
266	0.41485032
267	0.41299084
268	0.41103545
269	0.40895396
270	0.40671894
271	0.40430638
272	0.40169629
273	0.39887297
274	0.39582556
275	0.39254814
276	0.38903975
277	0.38530478
278	0.38135245
279	0.37719691
280	0.37285691
281	0.36835557
282	0.36371973
283	0.35897973
284	0.35416862
285	0.34932157
286	0.34447518
287	0.33966666
288	0.33493301
289	0.33031052
290	0.32583389
291	0.32153574
292	0.31744620
293	0.31359243
294	0.30999848
295	0.30668500
296	0.30366912
297	0.30096430
298	0.29858017
299	0.29652244
300	0.29479268
301	0.29338807
302	0.29230124
303	0.29151973
304	0.29102603
305	0.29079682
306	0.29080275
307	0.29100803
308	0.29136994
309	0.29183868
310	0.29235721
311	0.29286134
312	0.29328048
313	0.29353836
314	0.29355446
315	0.29324588
316	0.29252982
317	0.29132572
318	0.28955841
319	0.28716034
320	0.28407404
321	0.28025329
322	0.27566385
323	0.27028313
324	0.26409864
325	0.25710601
326	0.24930610
327	0.24070229
328	0.23129746
329	0.22109149
330	0.21007925
331	0.19824985
332	0.18558581
333	0.17206401
334	0.15765743
335	0.14233747
336	0.12607810
337	0.10886108
338	0.09068210
339	0.07156004
340	0.05154768
341	0.03074549
342	0.00931979
343	-0.01247664
344	-0.03427657
345	-0.05556728
346	-0.07565194
347	-0.09360430
348	-0.10821485
349	-0.11792219
350	-0.12071437
351	-0.11396536
352	-0.09411810
353	-0.05600337
354	0.00877178
355	0.11606525
356	0.30240318
357	0.67986917
358	1.85171747
359	NaN
360	NaN
361	NaN
362	NaN
363	NaN
364	NaN
365	NaN
366	NaN
367	NaN
368	NaN
369	NaN
370	NaN
371	NaN
372	NaN
373	NaN
374	NaN
375	NaN
376	NaN
377	NaN
378	NaN
379	NaN
380	NaN
381	NaN
382	NaN
383	NaN
384	NaN
385	NaN
386	NaN
387	NaN
388	NaN
389	NaN
390	NaN
391	NaN
392	NaN
393	NaN
394	NaN
395	NaN
396	NaN
397	NaN
398	NaN
399	NaN
400	NaN
401	NaN
402	NaN
403	NaN
404	NaN
405	NaN
406	NaN
407	NaN
408	NaN
409	NaN
410	NaN
411	NaN
412	NaN
413	NaN
414	NaN
415	NaN
416	NaN
417	NaN
418	NaN
419	NaN
420	NaN
421	NaN
422	NaN
423	NaN
424	NaN
425	NaN
426	NaN
427	NaN
428	NaN
429	NaN
430	NaN
431	NaN
432	NaN
433	NaN
434	NaN
435	NaN
436	NaN
437	NaN
438	NaN
439	NaN
440	NaN
441	NaN
442	NaN
443	1.25103819
444	0.92376989
445	0.83250093
446	0.79141963
447	0.76902860
448	0.75550514
449	0.74680167
450	0.74095231
451	0.73689204
452	0.73399836
453	0.73188758
454	0.73031348
455	0.72911477
456	0.72818387
457	0.72744906
458	0.72686285
459	0.72639441
460	0.72602457
461	0.72574204
462	0.72554064
463	0.72541773
464	0.72537190
465	0.72540206
466	0.72550607
467	0.72567981
468	0.72591615
469	0.72620451
470	0.72652972
471	0.72687221
472	0.72720706
473	0.72750413
474	0.72772795
475	0.72783798
476	0.72778857
477	0.72753048
478	0.72701097
479	0.72617590
480	0.72497141
481	0.72334599
482	0.72125322
483	0.71865481
484	0.71552384
485	0.71184748
486	0.70763034
487	0.70289618
488	0.69768918
489	0.69207454
490	0.68613666
491	0.67997670
492	0.67370915
493	0.66745651
494	0.66134435
495	0.65549552
496	0.65002465
497	0.64503396
498	0.64060843
499	0.63681400
500	0.63369507
501	0.63127410
502	0.62955177
503	0.62850803
504	0.62810320
505	0.62828034
506	0.62896693
507	0.63007736
508	0.63151526
509	0.63317555
510	0.63494748
511	0.63671726
512	0.63837045
513	0.63979578
514	0.64088804
515	0.64155167
516	0.64170396
517	0.64127851
518	0.64022768
519	0.63852435
520	0.63616341
521	0.63316095
522	0.62955350
523	0.62539554
524	0.62075597
525	0.61571467
526	0.61035782
527	0.60477418
528	0.59905100
529	0.59327078
530	0.58750886
531	0.58183169
532	0.57629579
533	0.57094735
534	0.56582290
535	0.56094944
536	0.55634600
537	0.55202430
538	0.54799044
539	0.54424548
540	0.54078686
541	0.53760928
542	0.53470486
543	0.53206408
544	0.52967578
545	0.52752709
546	0.52560329
547	0.52388775
548	0.52236134
549	0.52100241
550	0.51978606
551	0.51868463
552	0.51766694
553	0.51669908
554	0.51574427
555	0.51476383
556	0.51371765
557	0.51256520
558	0.51126665
559	0.50978404
560	0.50808227
561	0.50613034
562	0.50390261
563	0.50137937
564	0.49854797
565	0.49540293
566	0.49194670
567	0.48818949
568	0.48414913
569	0.47985089
570	0.47532672
571	0.47061434
572	0.46575657
573	0.46079978
574	0.45579290
575	0.45078591
576	0.44582823
577	0.44096777
578	0.43624914
579	0.43171269
580	0.42739326
581	0.42331943
582	0.41951254
583	0.41598657
584	0.41274762
585	0.40979421
586	0.40711740
587	0.40470144
588	0.40252438
589	0.40055910
590	0.39877412
591	0.39713472
592	0.39560410
593	0.39414424
594	0.39271671
595	0.39128372
596	0.38980874
597	0.38825706
598	0.38659614
599	0.38479620
600	0.38283014
601	0.38067406
602	0.37830734
603	0.37571254
604	0.37287584
605	0.36978707
606	0.36643976
607	0.36283147
608	0.35896400
609	0.35484347
610	0.35048041
611	0.34589025
612	0.34109306
613	0.33611366
614	0.33098117
615	0.32572892
616	0.32039368
617	0.31501514
618	0.30963495
619	0.30429637
620	0.29904300
621	0.29391858
622	0.28896621
623	0.28422806
624	0.27974528
625	0.27555734
626	0.27170262
627	0.26821744
628	0.26513657
629	0.26249215
630	0.26031348
631	0.25862589
632	0.25744978
633	0.25679880
634	0.25667864
635	0.25708452
636	0.25799972
637	0.25939316
638	0.26121771
639	0.26340854
640	0.26588255
641	0.26853770
642	0.27125451
643	0.27389812
644	0.27632147
645	0.27837005
646	0.27988747
647	0.28072104
648	0.28072795
649	0.27978021
650	0.27776867
651	0.27460554
652	0.27022475
653	0.26458120
654	0.25764784
655	0.24941181
656	0.23987004
657	0.22902429
658	0.21687628
659	0.20342377
660	0.18865681
661	0.17255546
662	0.15508884
663	0.13621525
664	0.11588465
665	0.09404299
666	0.07064004
667	0.04564003
668	0.01903719
669	-0.00912272
670	-0.03871376
671	-0.06949259
672	-0.10104819
673	-0.13273852
674	-0.16360395
675	-0.19224787
676	-0.21665084
677	-0.23383877
678	-0.23918709
679	-0.22468692
680	-0.17372796
681	-0.04045678
682	0.38797173
683	NaN
684	NaN
685	NaN
686	NaN
687	NaN
688	NaN
689	NaN
690	NaN
691	NaN
692	NaN
693	NaN
694	NaN
695	NaN
696	NaN
697	NaN
698	NaN
699	NaN
700	NaN
701	NaN
702	NaN
703	NaN
704	NaN
705	NaN
706	NaN
707	NaN
708	NaN
709	NaN
710	NaN
711	NaN
712	NaN
713	NaN
714	NaN
715	NaN
716	NaN
717	NaN
718	NaN
719	NaN
720	NaN
721	NaN
722	NaN
723	NaN
724	NaN
725	NaN
726	NaN
727	NaN
728	NaN
729	NaN
730	NaN
731	NaN
732	NaN
733	NaN
734	NaN
735	NaN
736	NaN
737	NaN
738	NaN
739	NaN
740	NaN
741	NaN
742	NaN
743	NaN
744	NaN
745	NaN
746	NaN
747	NaN
748	NaN
749	NaN
750	NaN
751	NaN
752	NaN
753	NaN
754	NaN
755	NaN
756	NaN
757	NaN
758	NaN
759	NaN
760	NaN
761	NaN
762	NaN
763	NaN
764	NaN
765	1.71133113
766	1.05771124
767	0.92723572
768	0.86958867
769	0.83635622
770	0.81443036
771	0.79877347
772	0.78702444
773	0.77792162
774	0.77072346
775	0.76496148
776	0.76032144
777	0.75658292
778	0.75358492
779	0.75120598
780	0.74935257
781	0.74795049
782	0.74694037
783	0.74627393
784	0.74591118
785	0.74581885
786	0.74596876
787	0.74633622
788	0.74689937
789	0.74763733
790	0.74852955
791	0.74955440
792	0.75068796
793	0.75190276
794	0.75316685
795	0.75444239
796	0.75568545
797	0.75684476
798	0.75786203
799	0.75867182
800	0.75920272
801	0.75937843
802	0.75912017
803	0.75834948
804	0.75699162
805	0.75497967
806	0.75225908
807	0.74879253
808	0.74456376
809	0.73958147
810	0.73388201
811	0.72753024
812	0.72061872
813	0.71326536
814	0.70560896
815	0.69780332
816	0.69001061
817	0.68239427
818	0.67511189
819	0.66830915
820	0.66211438
821	0.65663433
822	0.65195167
823	0.64812315
824	0.64517915
825	0.64312416
826	0.64193755
827	0.64157528
828	0.64197165
829	0.64304155
830	0.64468324
831	0.64678097
832	0.64920807
833	0.65183091
834	0.65451199
835	0.65711451
836	0.65950650
837	0.66156483
838	0.66317910
839	0.66425544
840	0.66471946
841	0.66451812
842	0.66362113
843	0.66202104
844	0.65973222
845	0.65678895
846	0.65324295
847	0.64915979
848	0.64461517
849	0.63969153
850	0.63447404
851	0.62904769
852	0.62349415
853	0.61789000
854	0.61230475
855	0.60680002
856	0.60142863
857	0.59623486
858	0.59125423
859	0.58651406
860	0.58203375
861	0.57782567
862	0.57389539
863	0.57024258
864	0.56686133
865	0.56374061
866	0.56086487
867	0.55821419
868	0.55576515
869	0.55349088
870	0.55136204
871	0.54934734
872	0.54741436
873	0.54553050
874	0.54366398
875	0.54178458
876	0.53986496
877	0.53788084
878	0.53581166
879	0.53364128
880	0.53135717
881	0.52895117
882	0.52641815
883	0.52375627
884	0.52096587
885	0.51804948
886	0.51501113
887	0.51185614
888	0.50859129
889	0.50522459
890	0.50176549
891	0.49822530
892	0.49461734
893	0.49095690
894	0.48726183
895	0.48355210
896	0.47984943
897	0.47617760
898	0.47256097
899	0.46902427
900	0.46559152
901	0.46228507
902	0.45912448
903	0.45612592
904	0.45330095
905	0.45065627
906	0.44819289
907	0.44590631
908	0.44378605
909	0.44181627
910	0.43997595
911	0.43823954
912	0.43657771
913	0.43495810
914	0.43334618
915	0.43170622
916	0.43000230
917	0.42819914
918	0.42626306
919	0.42416301
920	0.42187119
921	0.41936386
922	0.41662204
923	0.41363192
924	0.41038498
925	0.40687853
926	0.40311545
927	0.39910424
928	0.39485863
929	0.39039767
930	0.38574505
931	0.38092914
932	0.37598199
933	0.37093922
934	0.36583933
935	0.36072290
936	0.35563186
937	0.35060865
938	0.34569550
939	0.34093326
940	0.33636099
941	0.33201519
942	0.32792893
943	0.32413188
944	0.32064986
945	0.31750438
946	0.31471306
947	0.31228918
948	0.31024194
949	0.30857643
950	0.30729344
951	0.30638951
952	0.30585676
953	0.30568215
954	0.30584735
955	0.30632797
956	0.30709264
957	0.30810261
958	0.30931079
959	0.31066135
960	0.31208953
961	0.31352177
962	0.31487665
963	0.31606600
964	0.31699687
965	0.31757411
966	0.31770331
967	0.31729394
968	0.31626257
969	0.31453606
970	0.31205353
971	0.30876821
972	0.30464801
973	0.29967505
974	0.29384446
975	0.28716236
976	0.27964342
977	0.27130818
978	0.26218072
979	0.25228649
980	0.24165075
981	0.23029764
982	0.21825004
983	0.20553020
984	0.19216140
985	0.17817026
986	0.16358986
987	0.14846456
988	0.13285518
989	0.11684609
990	0.10055336
991	0.08413514
992	0.06780344
993	0.05183819
994	0.03660360
995	0.02256677
996	0.01031899
997	0.00060164
998	-0.00566293
999	-0.00732648
1000	-0.00294494
1001	0.00934435
1002	0.03206033
1003	0.06886002
1004	0.12559243
1005	0.21281996
1006	0.35273620
1007	0.60280561
1008	1.17436874
1009	NaN
1010	NaN
1011	NaN
1012	NaN
1013	NaN
1014	NaN
1015	NaN
1016	NaN
1017	NaN
1018	NaN
1019	NaN
1020	NaN
1021	NaN
1022	NaN
1023	NaN
1024	NaN
1025	NaN
1026	NaN
1027	NaN
1028	NaN
1029	NaN
1030	NaN
1031	NaN
1032	NaN
1033	NaN
1034	NaN
1035	NaN
1036	NaN
1037	NaN
1038	NaN
1039	NaN
1040	NaN
1041	NaN
1042	NaN
1043	NaN
1044	NaN
1045	NaN
1046	NaN
1047	NaN
1048	NaN
1049	NaN
1050	NaN
1051	NaN
1052	NaN
1053	NaN
1054	NaN
1055	NaN
1056	NaN
1057	NaN
1058	NaN
1059	NaN
1060	NaN
1061	NaN
1062	NaN
1063	NaN
1064	NaN
1065	NaN
1066	NaN
1067	NaN
1068	NaN
1069	NaN
1070	NaN
1071	NaN
1072	NaN
1073	NaN
1074	NaN
1075	NaN
1076	NaN
1077	NaN
1078	NaN
1079	NaN
1080	NaN
1081	NaN
1082	NaN
1083	NaN
1084	NaN
1085	NaN
1086	NaN
1087	NaN
1088	NaN
1089	NaN
1090	NaN
1091	NaN
1092	NaN
1093	1.40657306
1094	0.96696764
1095	0.85438824
1096	0.80459386
1097	0.77753705
1098	0.76119679
1099	0.75070858
1100	0.74372792
1101	0.73898548
1102	0.73573524
1103	0.73351163
1104	0.73201072
1105	0.73102790
1106	0.73042184
1107	0.73009378
1108	0.72997427
1109	0.73001426
1110	0.73017943
1111	0.73044616
1112	0.73079807
1113	0.73122412
1114	0.73171633
1115	0.73226875
1116	0.73287559
1117	0.73353082
1118	0.73422647
1119	0.73495215
1120	0.73569441
1121	0.73643577
1122	0.73715436
1123	0.73782378
1124	0.73841256
1125	0.73888421
1126	0.73919737
1127	0.73930663
1128	0.73916268
1129	0.73871398
1130	0.73790824
1131	0.73669398
1132	0.73502350
1133	0.73285490
1134	0.73015577
1135	0.72690552
1136	0.72309887
1137	0.71874797
1138	0.71388453
1139	0.70855981
1140	0.70284504
1141	0.69682884
1142	0.69061446
1143	0.68431562
1144	0.67805153
1145	0.67194170
1146	0.66610110
1147	0.66063482
1148	0.65563470
1149	0.65117592
1150	0.64731485
1151	0.64408809
1152	0.64151210
1153	0.63958353
1154	0.63828051
1155	0.63756341
1156	0.63737702
1157	0.63765240
1158	0.63830870
1159	0.63925529
1160	0.64039403
1161	0.64162189
1162	0.64283359
1163	0.64392436
1164	0.64479315
1165	0.64534581
1166	0.64549851
1167	0.64518034
1168	0.64433694
1169	0.64293182
1170	0.64094800
1171	0.63838857
1172	0.63527554
1173	0.63164842
1174	0.62756145
1175	0.62308007
1176	0.61827749
1177	0.61323041
1178	0.60801566
1179	0.60270703
1180	0.59737247
1181	0.59207225
1182	0.58685786
1183	0.58177131
1184	0.57684529
1185	0.57210344
1186	0.56756163
1187	0.56322849
1188	0.55910718
1189	0.55519634
1190	0.55149114
1191	0.54798490
1192	0.54466963
1193	0.54153723
1194	0.53857946
1195	0.53578901
1196	0.53315902
1197	0.53068310
1198	0.52835506
1199	0.52616823
1200	0.52411503
1201	0.52218586
1202	0.52036875
1203	0.51864868
1204	0.51700723
1205	0.51542222
1206	0.51386821
1207	0.51231641
1208	0.51073599
1209	0.50909442
1210	0.50735921
1211	0.50549853
1212	0.50348300
1213	0.50128627
1214	0.49888667
1215	0.49626744
1216	0.49341759
1217	0.49033234
1218	0.48701295
1219	0.48346710
1220	0.47970843
1221	0.47575620
1222	0.47163486
1223	0.46737367
1224	0.46300569
1225	0.45856705
1226	0.45409614
1227	0.44963232
1228	0.44521499
1229	0.44088244
1230	0.43667048
1231	0.43261150
1232	0.42873350
1233	0.42505923
1234	0.42160559
1235	0.41838324
1236	0.41539645
1237	0.41264310
1238	0.41011500
1239	0.40779832
1240	0.40567419
1241	0.40371940
1242	0.40190715
1243	0.40020782
1244	0.39858976
1245	0.39702004
1246	0.39546499
1247	0.39389113
1248	0.39226544
1249	0.39055610
1250	0.38873306
1251	0.38676852
1252	0.38463750
1253	0.38231835
1254	0.37979341
1255	0.37704933
1256	0.37407765
1257	0.37087485
1258	0.36744279
1259	0.36378837
1260	0.35992360
1261	0.35586506
1262	0.35163349
1263	0.34725314
1264	0.34275115
1265	0.33815697
1266	0.33350140
1267	0.32881632
1268	0.32413384
1269	0.31948599
1270	0.31490421
1271	0.31041893
1272	0.30605969
1273	0.30185446
1274	0.29783013
1275	0.29401198
1276	0.29042387
1277	0.28708839
1278	0.28402653
1279	0.28125769
1280	0.27879936
1281	0.27666676
1282	0.27487212
1283	0.27342415
1284	0.27232668
1285	0.27157772
1286	0.27116817
1287	0.27108037
1288	0.27128667
1289	0.27174810
1290	0.27241358
1291	0.27321920
1292	0.27408811
1293	0.27493185
1294	0.27565166
1295	0.27614167
1296	0.27629212
1297	0.27599365
1298	0.27514166
1299	0.27364033
1300	0.27140588
1301	0.26836887
1302	0.26447505
1303	0.25968471
1304	0.25397116
1305	0.24731794
1306	0.23971556
1307	0.23115838
1308	0.22164136
1309	0.21115795
1310	0.19969830
1311	0.18724926
1312	0.17379469
1313	0.15931822
1314	0.14380689
1315	0.12725663
1316	0.10968067
1317	0.09111973
1318	0.07165585
1319	0.05143045
1320	0.03066528
1321	0.00968956
1322	-0.01102916
1323	-0.03085110
1324	-0.04892690
1325	-0.06416147
1326	-0.07517932
1327	-0.08029097
1328	-0.07745323
1329	-0.06419793
1330	-0.03747084
1331	0.00675291
1332	0.07438790
1333	0.17549489
1334	0.33036748
1335	0.58920759
1336	1.12066567
1337	NaN
1338	NaN
1339	NaN
1340	NaN
1341	NaN
1342	NaN
1343	NaN
1344	NaN
1345	NaN
1346	NaN
1347	NaN
1348	NaN
1349	NaN
1350	NaN
1351	NaN
1352	NaN
1353	NaN
1354	NaN
1355	NaN
1356	NaN
1357	NaN
1358	NaN
1359	NaN
1360	NaN
1361	NaN
1362	NaN
1363	NaN
1364	NaN
1365	NaN
1366	NaN
1367	NaN
1368	NaN
1369	NaN
1370	NaN
1371	NaN
1372	NaN
1373	NaN
1374	NaN
1375	NaN
1376	NaN
1377	NaN
1378	NaN
1379	NaN
1380	NaN
1381	NaN
1382	NaN
1383	NaN
1384	NaN
1385	NaN
1386	NaN
1387	NaN
1388	NaN
1389	NaN
1390	NaN
1391	NaN
1392	NaN
1393	NaN
1394	NaN
1395	NaN
1396	NaN
1397	NaN
1398	NaN
1399	NaN
1400	NaN
1401	NaN
1402	NaN
1403	NaN
1404	NaN
1405	NaN
1406	NaN
1407	NaN
1408	NaN
1409	NaN
1410	NaN
1411	NaN
1412	NaN
1413	NaN
1414	NaN
1415	NaN
1416	NaN
1417	NaN
1418	5.73936176
1419	1.43950641
1420	1.08397794
1421	0.95255345
1422	0.88460457
1423	0.84351033
1424	0.81633520
1425	0.79733652
1426	0.78356820
1427	0.77335858
1428	0.76568472
1429	0.75988328
1430	0.75550401
1431	0.75222915
1432	0.74982840
1433	0.74813038
1434	0.74700511
1435	0.74635279
1436	0.74609524
1437	0.74617082
1438	0.74652982
1439	0.74713147
1440	0.74794090
1441	0.74892753
1442	0.75006258
1443	0.75131816
1444	0.75266486
1445	0.75407141
1446	0.75550282
1447	0.75692004
1448	0.75827867
1449	0.75952870
1450	0.76061410
1451	0.76147330
1452	0.76203924
1453	0.76224118
1454	0.76200575
1455	0.76125985
1456	0.75993329
1457	0.75796252
1458	0.75529450
1459	0.75189090
1460	0.74773204
1461	0.74282050
1462	0.73718363
1463	0.73087490
1464	0.72397357
1465	0.71658289
1466	0.70882660
1467	0.70084405
1468	0.69278443
1469	0.68480068
1470	0.67704296
1471	0.66965276
1472	0.66275799
1473	0.65646881
1474	0.65087479
1475	0.64604276
1476	0.64201641
1477	0.63881594
1478	0.63643873
1479	0.63486075
1480	0.63403779
1481	0.63390756
1482	0.63439178
1483	0.63539821
1484	0.63682336
1485	0.63855547
1486	0.64047730
1487	0.64246947
1488	0.64441407
1489	0.64619762
1490	0.64771515
1491	0.64887291
1492	0.64959115
1493	0.64980638
1494	0.64947277
1495	0.64856267
1496	0.64706659
1497	0.64499187
1498	0.64236140
1499	0.63921124
1500	0.63558805
1501	0.63154644
1502	0.62714648
1503	0.62245119
1504	0.61752421
1505	0.61242843
1506	0.60722393
1507	0.60196728
1508	0.59671056
1509	0.59150094
1510	0.58638024
1511	0.58138508
1512	0.57654679
1513	0.57189161
1514	0.56744099
1515	0.56321198
1516	0.55921721
1517	0.55546516
1518	0.55196053
1519	0.54870391
1520	0.54569215
1521	0.54291797
1522	0.54037029
1523	0.53803390
1524	0.53589004
1525	0.53391618
1526	0.53208709
1527	0.53037465
1528	0.52874947
1529	0.52718085
1530	0.52563834
1531	0.52409190
1532	0.52251303
1533	0.52087522
1534	0.51915437
1535	0.51732934
1536	0.51538157
1537	0.51329595
1538	0.51106030
1539	0.50866574
1540	0.50610644
1541	0.50338012
1542	0.50048769
1543	0.49743357
1544	0.49422595
1545	0.49087679
1546	0.48740184
1547	0.48382097
1548	0.48015761
1549	0.47643861
1550	0.47269380
1551	0.46895498
1552	0.46525514
1553	0.46162722
1554	0.45810276
1555	0.45471084
1556	0.45147660
1557	0.44842046
1558	0.44555694
1559	0.44289443
1560	0.44043484
1561	0.43817341
1562	0.43609932
1563	0.43419573
1564	0.43244079
1565	0.43080795
1566	0.42926693
1567	0.42778447
1568	0.42632514
1569	0.42485210
1570	0.42332810
1571	0.42171606
1572	0.41998029
1573	0.41808689
1574	0.41600484
1575	0.41370642
1576	0.41116807
1577	0.40837067
1578	0.40529993
1579	0.40194681
1580	0.39830753
1581	0.39438373
1582	0.39018252
1583	0.38571647
1584	0.38100332
1585	0.37606606
1586	0.37093255
1587	0.36563525
1588	0.36021069
1589	0.35469887
1590	0.34914252
1591	0.34358656
1592	0.33807704
1593	0.33266041
1594	0.32738268
1595	0.32228896
1596	0.31742236
1597	0.31282383
1598	0.30853143
1599	0.30458003
1600	0.30100104
1601	0.29782212
1602	0.29506707
1603	0.29275575
1604	0.29090393
1605	0.28952324
1606	0.28862083
1607	0.28819925
1608	0.28825539
1609	0.28878003
1610	0.28975645
1611	0.29115900
1612	0.29295188
1613	0.29508707
1614	0.29750320
1615	0.30012435
1616	0.30285954
1617	0.30560318
1618	0.30823627
1619	0.31062874
1620	0.31264284
1621	0.31413704
1622	0.31497094
1623	0.31500974
1624	0.31412825
1625	0.31221464
1626	0.30917218
1627	0.30492029
1628	0.29939389
1629	0.29254165
1630	0.28432333
1631	0.27470660
1632	0.26366377
1633	0.25116894
1634	0.23719540
1635	0.22171365
1636	0.20469128
1637	0.18609262
1638	0.16588055
1639	0.14401923
1640	0.12047820
1641	0.09523863
1642	0.06830151
1643	0.03969837
1644	0.00950529
1645	-0.02213925
1646	-0.05501273
1647	-0.08878095
1648	-0.12296618
1649	-0.15690866
1650	-0.18972120
1651	-0.22023304
1652	-0.24691445
1653	-0.26775968
1654	-0.28007087
1655	-0.28000957
1656	-0.26153725
1657	-0.21360320
1658	-0.11125931
1659	0.12222372
1660	0.91855586
1661	NaN
1662	NaN
1663	NaN
1664	NaN
1665	NaN
1666	NaN
1667	NaN
1668	NaN
1669	NaN
1670	NaN
1671	NaN
1672	NaN
1673	NaN
1674	NaN
1675	NaN
1676	NaN
1677	NaN
1678	NaN
1679	NaN
1680	NaN
1681	NaN
1682	NaN
1683	NaN
1684	NaN
1685	NaN
1686	NaN
1687	NaN
1688	NaN
1689	NaN
1690	NaN
1691	NaN
1692	NaN
1693	NaN
1694	NaN
1695	NaN
1696	NaN
1697	NaN
1698	NaN
1699	NaN
1700	NaN
1701	NaN
1702	NaN
1703	NaN
1704	NaN
1705	NaN
1706	NaN
1707	NaN
1708	NaN
1709	NaN
1710	NaN
1711	NaN
1712	NaN
1713	NaN
1714	NaN
1715	NaN
1716	NaN
1717	NaN
1718	NaN
1719	NaN
1720	NaN
1721	NaN
1722	NaN
1723	NaN
1724	NaN
1725	NaN
1726	NaN
1727	NaN
1728	NaN
1729	NaN
1730	NaN
1731	NaN
1732	NaN
1733	NaN
1734	NaN
1735	NaN
1736	NaN
1737	NaN
1738	NaN
1739	NaN
1740	NaN
1741	NaN
1742	NaN
1743	NaN
1744	NaN
1745	NaN
1746	1.15707803
1747	0.91062081
1748	0.83606988
1749	0.80123109
1750	0.78167021
1751	0.76951140
1752	0.76145029
1753	0.75586188
1754	0.75185812
1755	0.74891543
1756	0.74670881
1757	0.74502856
1758	0.74373615
1759	0.74273932
1760	0.74197626
1761	0.74140650
1762	0.74100417
1763	0.74075353
1764	0.74064571
1765	0.74067622
1766	0.74084312
1767	0.74114507
1768	0.74158013
1769	0.74214441
1770	0.74283111
1771	0.74362957
1772	0.74452424
1773	0.74549437
1774	0.74651301
1775	0.74754703
1776	0.74855673
1777	0.74949563
1778	0.75031114
1779	0.75094473
1780	0.75133336
1781	0.75141031
1782	0.75110763
1783	0.75035822
1784	0.74909890
1785	0.74727356
1786	0.74483728
1787	0.74175948
1788	0.73802817
1789	0.73365211
1790	0.72866344
1791	0.72311819
1792	0.71709549
1793	0.71069551
1794	0.70403558
1795	0.69724536
1796	0.69046116
1797	0.68381989
1798	0.67745310
1799	0.67148143
1800	0.66601038
1801	0.66112661
1802	0.65689582
1803	0.65336132
1804	0.65054411
1805	0.64844316
1806	0.64703697
1807	0.64628488
1808	0.64612907
1809	0.64649659
1810	0.64730173
1811	0.64844781
1812	0.64983010
1813	0.65133798
1814	0.65285796
1815	0.65427673
1816	0.65548438
1817	0.65637791
1818	0.65686506
1819	0.65686756
1820	0.65632433
1821	0.65519387
1822	0.65345615
1823	0.65111268
1824	0.64818621
1825	0.64471865
1826	0.64076805
1827	0.63640511
1828	0.63170886
1829	0.62676215
1830	0.62164783
1831	0.61644495
1832	0.61122590
1833	0.60605443
1834	0.60098392
1835	0.59605777
1836	0.59130877
1837	0.58676064
1838	0.58242822
1839	0.57831985
1840	0.57443804
1841	0.57078099
1842	0.56734413
1843	0.56412077
1844	0.56110317
1845	0.55828297
1846	0.55565155
1847	0.55320036
1848	0.55092072
1849	0.54880357
1850	0.54683912
1851	0.54501647
1852	0.54332316
1853	0.54174447
1854	0.54026282
1855	0.53885764
1856	0.53750497
1857	0.53617740
1858	0.53484410
1859	0.53347135
1860	0.53202337
1861	0.53046328
1862	0.52875388
1863	0.52685976
1864	0.52474821
1865	0.52239066
1866	0.51976430
1867	0.51685286
1868	0.51364762
1869	0.51014805
1870	0.50636202
1871	0.50230581
1872	0.49800360
1873	0.49348700
1874	0.48879397
1875	0.48396787
1876	0.47905627
1877	0.47410911
1878	0.46917760
1879	0.46431234
1880	0.45956194
1881	0.45497140
1882	0.45058075
1883	0.44642377
1884	0.44252715
1885	0.43890962
1886	0.43558171
1887	0.43254560
1888	0.42979518
1889	0.42731678
1890	0.42508981
1891	0.42308757
1892	0.42127839
1893	0.41962671
1894	0.41809425
1895	0.41664124
1896	0.41522741
1897	0.41381297
1898	0.41235948
1899	0.41083053
1900	0.40919220
1901	0.40741342
1902	0.40546635
1903	0.40332627
1904	0.40097186
1905	0.39838526
1906	0.39555219
1907	0.39246222
1908	0.38910905
1909	0.38549054
1910	0.38160962
1911	0.37747422
1912	0.37309757
1913	0.36849859
1914	0.36370164
1915	0.35873622
1916	0.35363665
1917	0.34844124
1918	0.34319139
1919	0.33793065
1920	0.33270362
1921	0.32755512
1922	0.32252929
1923	0.31766894
1924	0.31301528
1925	0.30860743
1926	0.30448273
1927	0.30067649
1928	0.29722220
1929	0.29415143
1930	0.29149383
1931	0.28927660
1932	0.28752437
1933	0.28625762
1934	0.28549197
1935	0.28523663
1936	0.28549218
1937	0.28624910
1938	0.28748500
1939	0.28916278
1940	0.29122853
1941	0.29360962
1942	0.29621410
1943	0.29893023
1944	0.30162811
1945	0.30416179
1946	0.30637348
1947	0.30809906
1948	0.30917421
1949	0.30944163
1950	0.30875748
1951	0.30699763
1952	0.30406168
1953	0.29987577
1954	0.29439250
1955	0.28758931
1956	0.27946481
1957	0.27003410
1958	0.25932315
1959	0.24736308
1960	0.23418461
1961	0.21981363
1962	0.20426735
1963	0.18755214
1964	0.16966283
1965	0.15058413
1966	0.13029440
1967	0.10877208
1968	0.08600653
1969	0.06201243
1970	0.03685073
1971	0.01065694
1972	-0.01632255
1973	-0.04368184
1974	-0.07079520
1975	-0.09674187
1976	-0.12021437
1977	-0.13940783
1978	-0.15187870
1979	-0.15434869
1980	-0.14238192
1981	-0.10975711
1982	-0.04706059
1983	0.06182392
1984	0.24974802
1985	0.60175616
1986	1.44127083
1987	NaN
1988	NaN
1989	NaN
1990	NaN
1991	NaN
1992	NaN
1993	NaN
1994	NaN
1995	NaN
1996	NaN
1997	NaN
1998	NaN
1999	NaN
2000	NaN
2001	NaN
2002	NaN
2003	NaN
2004	NaN
2005	NaN
2006	NaN
2007	NaN
2008	NaN
2009	NaN
2010	NaN
2011	NaN
2012	NaN
2013	NaN
2014	NaN
2015	NaN
2016	NaN
2017	NaN
2018	NaN
2019	NaN
2020	NaN
2021	NaN
2022	NaN
2023	NaN
2024	NaN
2025	NaN
2026	NaN
2027	NaN
2028	NaN
2029	NaN
2030	NaN
2031	NaN
2032	NaN
2033	NaN
2034	NaN
2035	NaN
2036	NaN
2037	NaN
2038	NaN
2039	NaN
2040	NaN
2041	NaN
2042	NaN
2043	NaN
2044	NaN
2045	NaN
2046	NaN
2047	NaN
2048	NaN
2049	NaN
2050	NaN
2051	NaN
2052	NaN
2053	NaN
2054	NaN
2055	NaN
2056	NaN
2057	NaN
2058	NaN
2059	NaN
2060	NaN
2061	NaN
2062	NaN
2063	NaN
2064	NaN
2065	NaN
2066	NaN
2067	NaN
2068	NaN
2069	NaN
2070	NaN
2071	NaN
2072	NaN
2073	NaN
2074	NaN
2075	2.64081979
2076	1.19888401
2077	0.95935500
2078	0.86278856
2079	0.81196517
2080	0.78159207
2081	0.76214725
2082	0.74923217
2083	0.74052542
2084	0.73468071
2085	0.73086011
2086	0.72851282
2087	0.72726172
2088	0.72683966
2089	0.72705275
2090	0.72775751
2091	0.72884595
2092	0.73023617
2093	0.73186517
2094	0.73368353
2095	0.73565215
2096	0.73773891
2097	0.73991650
2098	0.74216026
2099	0.74444687
2100	0.74675256
2101	0.74905223
2102	0.75131834
2103	0.75351995
2104	0.75562203
2105	0.75758499
2106	0.75936413
2107	0.76090974
2108	0.76216716
2109	0.76307726
2110	0.76357752
2111	0.76360351
2112	0.76309115
2113	0.76197886
2114	0.76021111
2115	0.75774169
2116	0.75453776
2117	0.75058323
2118	0.74588197
2119	0.74046105
2120	0.73437160
2121	0.72768921
2122	0.72051251
2123	0.71296042
2124	0.70516747
2125	0.69727898
2126	0.68944466
2127	0.68181258
2128	0.67452371
2129	0.66770643
2130	0.66147262
2131	0.65591443
2132	0.65110260
2133	0.64708519
2134	0.64388764
2135	0.64151347
2136	0.63994473
2137	0.63914406
2138	0.63905585
2139	0.63960779
2140	0.64071321
2141	0.64227319
2142	0.64417821
2143	0.64631176
2144	0.64855260
2145	0.65077823
2146	0.65286827
2147	0.65470827
2148	0.65619326
2149	0.65723085
2150	0.65774482
2151	0.65767676
2152	0.65698779
2153	0.65565932
2154	0.65369213
2155	0.65110582
2156	0.64793605
2157	0.64423233
2158	0.64005464
2159	0.63547057
2160	0.63055223
2161	0.62537307
2162	0.62000561
2163	0.61451942
2164	0.60897940
2165	0.60344487
2166	0.59796858
2167	0.59259683
2168	0.58736908
2169	0.58231831
2170	0.57747149
2171	0.57284963
2172	0.56846869
2173	0.56433940
2174	0.56046814
2175	0.55685657
2176	0.55350244
2177	0.55039924
2178	0.54753679
2179	0.54490101
2180	0.54247421
2181	0.54023582
2182	0.53816205
2183	0.53622693
2184	0.53440261
2185	0.53266007
2186	0.53096956
2187	0.52930164
2188	0.52762753
2189	0.52591991
2190	0.52415311
2191	0.52230418
2192	0.52035242
2193	0.51828027
2194	0.51607311
2195	0.51371932
2196	0.51121086
2197	0.50854242
2198	0.50571251
2199	0.50272292
2200	0.49957877
2201	0.49628901
2202	0.49286604
2203	0.48932576
2204	0.48568761
2205	0.48197395
2206	0.47820997
2207	0.47442320
2208	0.47064245
2209	0.46689743
2210	0.46321756
2211	0.45963112
2212	0.45616421
2213	0.45283970
2214	0.44967666
2215	0.44668928
2216	0.44388649
2217	0.44127175
2218	0.43884271
2219	0.43659142
2220	0.43450442
2221	0.43256333
2222	0.43074524
2223	0.42902336
2224	0.42736772
2225	0.42574602
2226	0.42412433
2227	0.42246798
2228	0.42074221
2229	0.41891310
2230	0.41694826
2231	0.41481742
2232	0.41249332
2233	0.40995210
2234	0.40717399
2235	0.40414384
2236	0.40085158
2237	0.39729235
2238	0.39346731
2239	0.38938314
2240	0.38505274
2241	0.38049468
2242	0.37573320
2243	0.37079772
2244	0.36572242
2245	0.36054540
2246	0.35530797
2247	0.35005397
2248	0.34482858
2249	0.33967757
2250	0.33464646
2251	0.32977945
2252	0.32511902
2253	0.32070491
2254	0.31657386
2255	0.31275916
2256	0.30929032
2257	0.30619323
2258	0.30348977
2259	0.30119830
2260	0.29933333
2261	0.29790589
2262	0.29692310
2263	0.29638806
2264	0.29629943
2265	0.29665038
2266	0.29742810
2267	0.29861224
2268	0.30017397
2269	0.30207443
2270	0.30426383
2271	0.30668014
2272	0.30924851
2273	0.31188118
2274	0.31447804
2275	0.31692812
2276	0.31911206
2277	0.32090509
2278	0.32218131
2279	0.32281792
2280	0.32269964
2281	0.32172245
2282	0.31979695
2283	0.31684980
2284	0.31282383
2285	0.30767760
2286	0.30138218
2287	0.29391837
2288	0.28527275
2289	0.27543378
2290	0.26438847
2291	0.25211966
2292	0.23860382
2293	0.22381043
2294	0.20770244
2295	0.19023737
2296	0.17137061
2297	0.15106022
2298	0.12927321
2299	0.10599551
2300	0.08124394
2301	0.05508319
2302	0.02764563
2303	-0.00084303
2304	-0.03003534
2305	-0.05943065
2306	-0.08834405
2307	-0.11587862
2308	-0.14090618
2309	-0.16205752
2310	-0.17771937
2311	-0.18602334
2312	-0.18478842
2313	-0.17133912
2314	-0.14201124
2315	-0.09089780
2316	-0.00646712
2317	0.13916995
2318	0.43682626
2319	1.43806803
2320	NaN
2321	NaN
2322	NaN
2323	NaN
2324	NaN
2325	NaN
2326	NaN
2327	NaN
2328	NaN
2329	NaN
2330	NaN
2331	NaN
2332	NaN
2333	NaN
2334	NaN
2335	NaN
2336	NaN
2337	NaN
2338	NaN
2339	NaN
2340	NaN
2341	NaN
2342	NaN
2343	NaN
2344	NaN
2345	NaN
2346	NaN
2347	NaN
2348	NaN
2349	NaN
2350	NaN
2351	NaN
2352	NaN
2353	NaN
2354	NaN
2355	NaN
2356	NaN
2357	NaN
2358	NaN
2359	NaN
2360	NaN
2361	NaN
2362	NaN
2363	NaN
2364	NaN
2365	NaN
2366	NaN
2367	NaN
2368	NaN
2369	NaN
2370	NaN
2371	NaN
2372	NaN
2373	NaN
2374	NaN
2375	NaN
2376	NaN
2377	NaN
2378	NaN
2379	NaN
2380	NaN
2381	NaN
2382	NaN
2383	NaN
2384	NaN
2385	NaN
2386	NaN
2387	NaN
2388	NaN
2389	NaN
2390	NaN
2391	NaN
2392	NaN
2393	NaN
2394	NaN
2395	NaN
2396	NaN
2397	NaN
2398	NaN
2399	NaN
2400	NaN
2401	NaN
2402	NaN
2403	NaN
2404	NaN
2405	NaN
2406	NaN
2407	NaN
2408	1.17415798
2409	0.95284027
2410	0.87342441
2411	0.83302128
2412	0.80876887
2413	0.79270101
2414	0.78132105
2415	0.77285784
2416	0.76632249
2417	0.76112288
2418	0.75688654
2419	0.75336963
2420	0.75040889
2421	0.74789310
2422	0.74574584
2423	0.74391460
2424	0.74236399
2425	0.74107039
2426	0.74001825
2427	0.73919767
2428	0.73860198
2429	0.73822594
2430	0.73806423
2431	0.73810995
2432	0.73835349
2433	0.73878121
2434	0.73937500
2435	0.74011081
2436	0.74095851
2437	0.74188101
2438	0.74283415
2439	0.74376631
2440	0.74461865
2441	0.74532521
2442	0.74581397
2443	0.74600822
2444	0.74582762
2445	0.74519140
2446	0.74402082
2447	0.74224335
2448	0.73979658
2449	0.73663253
2450	0.73272300
2451	0.72806287
2452	0.72267383
2453	0.71660638
2454	0.70993960
2455	0.70277983
2456	0.69525683
2457	0.68751830
2458	0.67972314
2459	0.67203438
2460	0.66461152
2461	0.65760380
2462	0.65114427
2463	0.64534545
2464	0.64029610
2465	0.63605970
2466	0.63267380
2467	0.63015079
2468	0.62847894
2469	0.62762427
2470	0.62753236
2471	0.62813056
2472	0.62932980
2473	0.63102716
2474	0.63310772
2475	0.63544738
2476	0.63791537
2477	0.64037758
2478	0.64269984
2479	0.64475232
2480	0.64641356
2481	0.64757508
2482	0.64814532
2483	0.64805377
2484	0.64725345
2485	0.64572263
2486	0.64346474
2487	0.64050770
2488	0.63690037
2489	0.63270956
2490	0.62801504
2491	0.62290496
2492	0.61747116
2493	0.61180484
2494	0.60599303
2495	0.60011601
2496	0.59424531
2497	0.58844280
2498	0.58276027
2499	0.57723999
2500	0.57191509
2501	0.56681085
2502	0.56194586
2503	0.55733335
2504	0.55298209
2505	0.54889768
2506	0.54508358
2507	0.54154128
2508	0.53827101
2509	0.53527164
2510	0.53254086
2511	0.53007424
2512	0.52786511
2513	0.52590388
2514	0.52417755
2515	0.52266884
2516	0.52135599
2517	0.52021277
2518	0.51920807
2519	0.51830661
2520	0.51746905
2521	0.51665354
2522	0.51581615
2523	0.51491231
2524	0.51389802
2525	0.51273113
2526	0.51137257
2527	0.50978774
2528	0.50794679
2529	0.50582606
2530	0.50340807
2531	0.50068253
2532	0.49764594
2533	0.49430221
2534	0.49066237
2535	0.48674443
2536	0.48257327
2537	0.47818011
2538	0.47360200
2539	0.46888110
2540	0.46406358
2541	0.45919862
2542	0.45433691
2543	0.44952923
2544	0.44482476
2545	0.44026947
2546	0.43590492
2547	0.43176642
2548	0.42788231
2549	0.42427307
2550	0.42095092
2551	0.41791958
2552	0.41517481
2553	0.41270477
2554	0.41049096
2555	0.40850905
2556	0.40673020
2557	0.40512198
2558	0.40364936
2559	0.40227580
2560	0.40096411
2561	0.39967680
2562	0.39837712
2563	0.39702913
2564	0.39559835
2565	0.39405206
2566	0.39235970
2567	0.39049304
2568	0.38842678
2569	0.38613883
2570	0.38361046
2571	0.38082698
2572	0.37777755
2573	0.37445584
2574	0.37086010
2575	0.36699343
2576	0.36286390
2577	0.35848448
2578	0.35387355
2579	0.34905428
2580	0.34405479
2581	0.33890769
2582	0.33364961
2583	0.32832065
2584	0.32296377
2585	0.31762409
2586	0.31234795
2587	0.30718267
2588	0.30217540
2589	0.29737315
2590	0.29282171
2591	0.28856593
2592	0.28464866
2593	0.28111097
2594	0.27799135
2595	0.27532536
2596	0.27314484
2597	0.27147686
2598	0.27034250
2599	0.26975510
2600	0.26971853
2601	0.27022460
2602	0.27125087
2603	0.27275768
2604	0.27468634
2605	0.27695674
2606	0.27946669
2607	0.28209215
2608	0.28468904
2609	0.28709638
2610	0.28914186
2611	0.29064780
2612	0.29143855
2613	0.29134738
2614	0.29022297
2615	0.28793368
2616	0.28437030
2617	0.27944607
2618	0.27309439
2619	0.26526469
2620	0.25591719
2621	0.24501663
2622	0.23252642
2623	0.21840322
2624	0.20259196
2625	0.18502310
2626	0.16561098
2627	0.14425384
2628	0.12083647
2629	0.09523585
2630	0.06732987
2631	0.03701134
2632	0.00420821
2633	-0.03108734
2634	-0.06877904
2635	-0.10861172
2636	-0.15009974
2637	-0.19243515
2638	-0.23437442
2639	-0.27410537
2640	-0.30909616
2641	-0.33592752
2642	-0.35008982
2643	-0.34568170
2644	-0.31480417
2645	-0.24610677
2646	-0.12093258
2647	0.09803722
2648	0.50735402
2649	1.47708642
2650	NaN
2651	NaN
2652	NaN
2653	NaN
2654	NaN
2655	NaN
2656	NaN
2657	NaN
2658	NaN
2659	NaN
2660	NaN
2661	NaN
2662	NaN
2663	NaN
2664	NaN
2665	NaN
2666	NaN
2667	NaN
2668	NaN
2669	NaN
2670	NaN
2671	NaN
2672	NaN
2673	NaN
2674	NaN
2675	NaN
2676	NaN
2677	NaN
2678	NaN
2679	NaN
2680	NaN
2681	NaN
2682	NaN
2683	NaN
2684	NaN
2685	NaN
2686	NaN
2687	NaN
2688	NaN
2689	NaN
2690	NaN
2691	NaN
2692	NaN
2693	NaN
2694	NaN
2695	NaN
2696	NaN
2697	NaN
2698	NaN
2699	NaN
2700	NaN
2701	NaN
2702	NaN
2703	NaN
2704	NaN
2705	NaN
2706	NaN
2707	NaN
2708	NaN
2709	NaN
2710	NaN
2711	NaN
2712	NaN
2713	NaN
2714	NaN
2715	NaN
2716	NaN
2717	NaN
2718	NaN
2719	NaN
2720	NaN
2721	NaN
2722	NaN
2723	NaN
2724	NaN
2725	NaN
2726	NaN
2727	NaN
2728	NaN
2729	NaN
2730	NaN
2731	NaN
2732	NaN
2733	NaN
2734	2.74477434
2735	1.22948003
2736	0.99095023
2737	0.89467615
2738	0.84328395
2739	0.81184214
2740	0.79104751
2741	0.77662992
2742	0.76634753
2743	0.75890589
2744	0.75350207
2745	0.74960941
2746	0.74686635
2747	0.74501622
2748	0.74387074
2749	0.74328882
2750	0.74316263
2751	0.74340826
2752	0.74395943
2753	0.74476302
2754	0.74577564
2755	0.74696100
2756	0.74828768
2757	0.74972737
2758	0.75125337
2759	0.75283879
2760	0.75445557
2761	0.75607324
2762	0.75765777
2763	0.75917071
2764	0.76056880
2765	0.76180297
2766	0.76281893
2767	0.76355690
2768	0.76395273
2769	0.76393890
2770	0.76344639
2771	0.76240748
2772	0.76075834
2773	0.75844288
2774	0.75541651
2775	0.75165039
2776	0.74713528
2777	0.74188399
2778	0.73593485
2779	0.72935188
2780	0.72222441
2781	0.71466488
2782	0.70680505
2783	0.69879079
2784	0.69077629
2785	0.68291748
2786	0.67536575
2787	0.66826218
2788	0.66173232
2789	0.65588266
2790	0.65079731
2791	0.64653671
2792	0.64313662
2793	0.64060843
2794	0.63893962
2795	0.63809538
2796	0.63801986
2797	0.63863862
2798	0.63986069
2799	0.64158106
2800	0.64368391
2801	0.64604515
2802	0.64853662
2803	0.65102893
2804	0.65339583
2805	0.65551770
2806	0.65728521
2807	0.65860319
2808	0.65939254
2809	0.65959316
2810	0.65916514
2811	0.65808898
2812	0.65636516
2813	0.65401298
2814	0.65106821
2815	0.64758044
2816	0.64361018
2817	0.63922548
2818	0.63449889
2819	0.62950474
2820	0.62431633
2821	0.61900407
2822	0.61363381
2823	0.60826570
2824	0.60295337
2825	0.59774345
2826	0.59267563
2827	0.58778268
2828	0.58309084
2829	0.57862008
2830	0.57438445
2831	0.57039273
2832	0.56664878
2833	0.56315172
2834	0.55989671
2835	0.55687457
2836	0.55407268
2837	0.55147475
2838	0.54906178
2839	0.54681182
2840	0.54470104
2841	0.54270416
2842	0.54079515
2843	0.53894788
2844	0.53713715
2845	0.53533882
2846	0.53353089
2847	0.53169334
2848	0.52980864
2849	0.52786160
2850	0.52583933
2851	0.52373123
2852	0.52152872
2853	0.51922488
2854	0.51681453
2855	0.51429409
2856	0.51166165
2857	0.50891691
2858	0.50606167
2859	0.50309956
2860	0.50003654
2861	0.49688098
2862	0.49364382
2863	0.49033850
2864	0.48698109
2865	0.48358965
2866	0.48018453
2867	0.47678730
2868	0.47342032
2869	0.47010571
2870	0.46686473
2871	0.46371636
2872	0.46067682
2873	0.45775843
2874	0.45496917
2875	0.45231208
2876	0.44978523
2877	0.44738153
2878	0.44508904
2879	0.44289118
2880	0.44076738
2881	0.43869337
2882	0.43664205
2883	0.43458405
2884	0.43248838
2885	0.43032357
2886	0.42805815
2887	0.42566177
2888	0.42310590
2889	0.42036480
2890	0.41741616
2891	0.41424188
2892	0.41082880
2893	0.40716875
2894	0.40325925
2895	0.39910349
2896	0.39471051
2897	0.39009506
2898	0.38527733
2899	0.38028279
2900	0.37514162
2901	0.36988845
2902	0.36456126
2903	0.35920116
2904	0.35385132
2905	0.34855598
2906	0.34335995
2907	0.33830717
2908	0.33344021
2909	0.32879925
2910	0.32442147
2911	0.32034037
2912	0.31658572
2913	0.31318286
2914	0.31015313
2915	0.30751348
2916	0.30527726
2917	0.30345368
2918	0.30204880
2919	0.30106506
2920	0.30050156
2921	0.30035374
2922	0.30061314
2923	0.30126655
2924	0.30229497
2925	0.30367252
2926	0.30536494
2927	0.30732813
2928	0.30950648
2929	0.31183192
2930	0.31422281
2931	0.31658387
2932	0.31880701
2933	0.32077286
2934	0.32235390
2935	0.32341820
2936	0.32383430
2937	0.32347667
2938	0.32223058
2939	0.31999710
2940	0.31669614
2941	0.31226858
2942	0.30667600
2943	0.29989877
2944	0.29193291
2945	0.28278565
2946	0.27247062
2947	0.26100311
2948	0.24839586
2949	0.23465596
2950	0.21978222
2951	0.20376436
2952	0.18658260
2953	0.16820888
2954	0.14860854
2955	0.12774353
2956	0.10557608
2957	0.08207446
2958	0.05721927
2959	0.03101372
2960	0.00349475
2961	-0.02524965
2962	-0.05505976
2963	-0.08567554
2964	-0.11669876
2965	-0.14754276
2966	-0.17736351
2967	-0.20495610
2968	-0.22859313
2969	-0.24572811
2970	-0.25238276
2971	-0.24166524
2972	-0.19948189
2973	-0.08849833
2974	0.24749656
2975	NaN
2976	NaN
2977	NaN
2978	NaN
2979	NaN
2980	NaN
2981	NaN
2982	NaN
2983	NaN
2984	NaN
2985	NaN
2986	NaN
2987	NaN
2988	NaN
2989	NaN
2990	NaN
2991	NaN
2992	NaN
2993	NaN
2994	NaN
2995	NaN
2996	NaN
2997	NaN
2998	NaN
2999	NaN
3000	NaN
3001	NaN
3002	NaN
3003	NaN
3004	NaN
3005	NaN
3006	NaN
3007	NaN
3008	NaN
3009	NaN
3010	NaN
3011	NaN
3012	NaN
3013	NaN
3014	NaN
3015	NaN
3016	NaN
3017	NaN
3018	NaN
3019	NaN
3020	NaN
3021	NaN
3022	NaN
3023	NaN
3024	NaN
3025	NaN
3026	NaN
3027	NaN
3028	NaN
3029	NaN
3030	NaN
3031	NaN
3032	NaN
3033	NaN
3034	NaN
3035	NaN
3036	NaN
3037	NaN
3038	NaN
3039	NaN
3040	NaN
3041	NaN
3042	NaN
3043	NaN
3044	NaN
3045	NaN
3046	NaN
3047	NaN
3048	NaN
3049	NaN
3050	NaN
3051	NaN
3052	NaN
3053	NaN
3054	NaN
3055	NaN
3056	NaN
3057	NaN
3058	NaN
3059	NaN
3060	NaN
3061	NaN
3062	NaN
3063	NaN
3064	NaN
3065	NaN
3066	0.80577481
3067	0.73578930
3068	0.71870899
3069	0.71288490
3070	0.71110064
3071	0.71108538
3072	0.71190071
3073	0.71309370
3074	0.71442372
3075	0.71575713
3076	0.71701831
3077	0.71816623
3078	0.71918178
3079	0.72005993
3080	0.72080523
3081	0.72142875
3082	0.72194558
3083	0.72237372
3084	0.72273242
3085	0.72304106
3086	0.72331834
3087	0.72358119
3088	0.72384411
3089	0.72411805
3090	0.72441024
3091	0.72472298
3092	0.72505385
3093	0.72539449
3094	0.72573102
3095	0.72604352
3096	0.72630584
3097	0.72648650
3098	0.72654772
3099	0.72644728
3100	0.72613835
3101	0.72557110
3102	0.72469407
3103	0.72345573
3104	0.72180700
3105	0.71970367
3106	0.71710885
3107	0.71399629
3108	0.71035296
3109	0.70618170
3110	0.70150292
3111	0.69635606
3112	0.69079936
3113	0.68490905
3114	0.67877704
3115	0.67250776
3116	0.66621387
3117	0.66001183
3118	0.65401715
3119	0.64833957
3120	0.64307910
3121	0.63832229
3122	0.63413984
3123	0.63058454
3124	0.62769008
3125	0.62547123
3126	0.62392366
3127	0.62302494
3128	0.62273544
3129	0.62299985
3130	0.62374854
3131	0.62489933
3132	0.62635928
3133	0.62802696
3134	0.62979466
3135	0.63155097
3136	0.63318431
3137	0.63458538
3138	0.63565153
3139	0.63629007
3140	0.63642186
3141	0.63598436
3142	0.63493437
3143	0.63324940
3144	0.63092816
3145	0.62799001
3146	0.62447309
3147	0.62043118
3148	0.61593068
3149	0.61104608
3150	0.60585648
3151	0.60044140
3152	0.59487766
3153	0.58923697
3154	0.58358377
3155	0.57797420
3156	0.57245564
3157	0.56706679
3158	0.56183851
3159	0.55679405
3160	0.55195105
3161	0.54732192
3162	0.54291552
3163	0.53873783
3164	0.53479302
3165	0.53108400
3166	0.52761257
3167	0.52437985
3168	0.52138567
3169	0.51862860
3170	0.51610529
3171	0.51380992
3172	0.51173335
3173	0.50986296
3174	0.50818175
3175	0.50666815
3176	0.50529599
3177	0.50403458
3178	0.50284892
3179	0.50170076
3180	0.50054908
3181	0.49935153
3182	0.49806556
3183	0.49664983
3184	0.49506557
3185	0.49327785
3186	0.49125662
3187	0.48897767
3188	0.48642337
3189	0.48358315
3190	0.48045382
3191	0.47703952
3192	0.47335169
3193	0.46940905
3194	0.46523669
3195	0.46086618
3196	0.45633429
3197	0.45168239
3198	0.44695526
3199	0.44219995
3200	0.43746433
3201	0.43279576
3202	0.42823952
3203	0.42383724
3204	0.41962582
3205	0.41563606
3206	0.41189209
3207	0.40841019
3208	0.40519929
3209	0.40226033
3210	0.39958677
3211	0.39716530
3212	0.39497608
3213	0.39299417
3214	0.39118993
3215	0.38953054
3216	0.38798055
3217	0.38650319
3218	0.38506123
3219	0.38361785
3220	0.38213742
3221	0.38058606
3222	0.37893233
3223	0.37714770
3224	0.37520656
3225	0.37308684
3226	0.37076992
3227	0.36824104
3228	0.36548916
3229	0.36250713
3230	0.35929173
3231	0.35584369
3232	0.35216752
3233	0.34827164
3234	0.34416807
3235	0.33987230
3236	0.33540338
3237	0.33078316
3238	0.32603669
3239	0.32119152
3240	0.31627768
3241	0.31132722
3242	0.30637401
3243	0.30145314
3244	0.29660088
3245	0.29185373
3246	0.28724858
3247	0.28282186
3248	0.27860954
3249	0.27464688
3250	0.27096814
3251	0.26760668
3252	0.26459464
3253	0.26196295
3254	0.25974086
3255	0.25795510
3256	0.25662926
3257	0.25578213
3258	0.25542593
3259	0.25556400
3260	0.25618875
3261	0.25727847
3262	0.25879553
3263	0.26068380
3264	0.26286781
3265	0.26525211
3266	0.26772249
3267	0.27014816
3268	0.27238581
3269	0.27428460
3270	0.27569214
3271	0.27646044
3272	0.27645203
3273	0.27554452
3274	0.27363390
3275	0.27063581
3276	0.26648504
3277	0.26113313
3278	0.25454491
3279	0.24669391
3280	0.23755775
3281	0.22711389
3282	0.21533509
3283	0.20218705
3284	0.18762621
3285	0.17159915
3286	0.15404345
3287	0.13489088
3288	0.11407194
3289	0.09152450
3290	0.06720603
3291	0.04111219
3292	0.01330508
3293	-0.01604508
3294	-0.04659570
3295	-0.07773039
3296	-0.10839458
3297	-0.13680819
3298	-0.15991977
3299	-0.17222755
3300	-0.16278148
3301	-0.10556409
3302	0.08472196
3303	NaN
3304	NaN
3305	NaN
3306	NaN
3307	NaN
3308	NaN
3309	NaN
3310	NaN
3311	NaN
3312	NaN
3313	NaN
3314	NaN
3315	NaN
3316	NaN
3317	NaN
3318	NaN
3319	NaN
3320	NaN
3321	NaN
3322	NaN
3323	NaN
3324	NaN
3325	NaN
3326	NaN
3327	NaN
3328	NaN
3329	NaN
3330	NaN
3331	NaN
3332	NaN
3333	NaN
3334	NaN
3335	NaN
3336	NaN
3337	NaN
3338	NaN
3339	NaN
3340	NaN
3341	NaN
3342	NaN
3343	NaN
3344	NaN
3345	NaN
3346	NaN
3347	NaN
3348	NaN
3349	NaN
3350	NaN
3351	NaN
3352	NaN
3353	NaN
3354	NaN
3355	NaN
3356	NaN
3357	NaN
3358	NaN
3359	NaN
3360	NaN
3361	NaN
3362	NaN
3363	NaN
3364	NaN
3365	NaN
3366	NaN
3367	NaN
3368	NaN
3369	NaN
3370	NaN
3371	NaN
3372	NaN
3373	NaN
3374	NaN
3375	NaN
3376	NaN
3377	NaN
3378	NaN
3379	NaN
3380	NaN
3381	NaN
3382	NaN
3383	NaN
3384	0.99350488
3385	0.85523003
3386	0.81984782
3387	0.80251288
3388	0.79158998
3389	0.78373337
3390	0.77763331
3391	0.77267671
3392	0.76853907
3393	0.76503110
3394	0.76203388
3395	0.75946659
3396	0.75727111
3397	0.75540316
3398	0.75382769
3399	0.75251585
3400	0.75144351
3401	0.75059009
3402	0.74993819
3403	0.74947238
3404	0.74917930
3405	0.74904662
3406	0.74906307
3407	0.74921733
3408	0.74949718
3409	0.74988925
3410	0.75037748
3411	0.75094271
3412	0.75156134
3413	0.75220495
3414	0.75283921
3415	0.75342405
3416	0.75391293
3417	0.75425375
3418	0.75438893
3419	0.75425702
3420	0.75379443
3421	0.75293732
3422	0.75162441
3423	0.74980021
3424	0.74741781
3425	0.74444288
3426	0.74085593
3427	0.73665601
3428	0.73186213
3429	0.72651452
3430	0.72067499
3431	0.71442538
3432	0.70786506
3433	0.70110756
3434	0.69427615
3435	0.68749893
3436	0.68090326
3437	0.67461139
3438	0.66873533
3439	0.66337323
3440	0.65860611
3441	0.65449554
3442	0.65108210
3443	0.64838481
3444	0.64640075
3445	0.64510596
3446	0.64445621
3447	0.64438862
3448	0.64482409
3449	0.64566904
3450	0.64681900
3451	0.64816141
3452	0.64957982
3453	0.65095711
3454	0.65218014
3455	0.65314341
3456	0.65375251
3457	0.65392774
3458	0.65360624
3459	0.65274405
3460	0.65131658
3461	0.64931875
3462	0.64676362
3463	0.64368075
3464	0.64011371
3465	0.63611692
3466	0.63175285
3467	0.62708837
3468	0.62219232
3469	0.61713266
3470	0.61197424
3471	0.60677725
3472	0.60159612
3473	0.59647840
3474	0.59146529
3475	0.58659083
3476	0.58188272
3477	0.57736266
3478	0.57304674
3479	0.56894636
3480	0.56506819
3481	0.56141508
3482	0.55798614
3483	0.55477697
3484	0.55178022
3485	0.54898512
3486	0.54637843
3487	0.54394394
3488	0.54166323
3489	0.53951573
3490	0.53747916
3491	0.53552997
3492	0.53364390
3493	0.53179646
3494	0.52996331
3495	0.52812105
3496	0.52624726
3497	0.52432102
3498	0.52232325
3499	0.52023649
3500	0.51804566
3501	0.51573753
3502	0.51330119
3503	0.51072842
3504	0.50801313
3505	0.50515246
3506	0.50214630
3507	0.49899814
3508	0.49571472
3509	0.49230677
3510	0.48878872
3511	0.48517898
3512	0.48149955
3513	0.47777593
3514	0.47403660
3515	0.47031221
3516	0.46663502
3517	0.46303752
3518	0.45955175
3519	0.45620784
3520	0.45303291
3521	0.45004991
3522	0.44727653
3523	0.44472429
3524	0.44239789
3525	0.44029468
3526	0.43840465
3527	0.43671048
3528	0.43518782
3529	0.43380612
3530	0.43252954
3531	0.43131769
3532	0.43012735
3533	0.42891335
3534	0.42763013
3535	0.42623293
3536	0.42467922
3537	0.42292970
3538	0.42094943
3539	0.41870880
3540	0.41618398
3541	0.41335785
3542	0.41022012
3543	0.40676761
3544	0.40300432
3545	0.39894125
3546	0.39459607
3547	0.38999277
3548	0.38516101
3549	0.38013533
3550	0.37495443
3551	0.36966011
3552	0.36429632
3553	0.35890830
3554	0.35354134
3555	0.34824014
3556	0.34304801
3557	0.33800608
3558	0.33315289
3559	0.32852417
3560	0.32415268
3561	0.32006803
3562	0.31629694
3563	0.31286323
3564	0.30978796
3565	0.30708957
3566	0.30478376
3567	0.30288339
3568	0.30139825
3569	0.30033472
3570	0.29969525
3571	0.29947767
3572	0.29967430
3573	0.30027133
3574	0.30124745
3575	0.30257303
3576	0.30420902
3577	0.30610594
3578	0.30820343
3579	0.31042951
3580	0.31270108
3581	0.31492427
3582	0.31699607
3583	0.31880590
3584	0.32023859
3585	0.32117695
3586	0.32150543
3587	0.32111350
3588	0.31989878
3589	0.31777030
3590	0.31465033
3591	0.31047636
3592	0.30520165
3593	0.29879510
3594	0.29124042
3595	0.28253478
3596	0.27268690
3597	0.26171520
3598	0.24964641
3599	0.23651385
3600	0.22235684
3601	0.20722091
3602	0.19115885
3603	0.17423245
3604	0.15651605
3605	0.13810000
3606	0.11909579
3607	0.09964137
3608	0.07990646
3609	0.06009800
3610	0.04046486
3611	0.02130108
3612	0.00294760
3613	-0.01420840
3614	-0.02973627
3615	-0.04316762
3616	-0.05400250
3617	-0.06171561
3618	-0.06575973
3619	-0.06555820
3620	-0.06048056
3621	-0.04978344
3622	-0.03248778
3623	-0.00712811
3624	0.02878178
3625	0.07999159
3626	0.15687428
3627	0.28682020
3628	0.57118374
3629	NaN
3630	NaN
3631	NaN
3632	NaN
3633	NaN
3634	NaN
3635	NaN
3636	NaN
3637	NaN
3638	NaN
3639	NaN
3640	NaN
3641	NaN
3642	NaN
3643	NaN
3644	NaN
3645	NaN
3646	NaN
3647	NaN
3648	NaN
3649	NaN
3650	NaN
3651	NaN
3652	NaN
3653	NaN
3654	NaN
3655	NaN
3656	NaN
3657	NaN
3658	NaN
3659	NaN
3660	NaN
3661	NaN
3662	NaN
3663	NaN
3664	NaN
3665	NaN
3666	NaN
3667	NaN
3668	NaN
3669	NaN
3670	NaN
3671	NaN
3672	NaN
3673	NaN
3674	NaN
3675	NaN
3676	NaN
3677	NaN
3678	NaN
3679	NaN
3680	NaN
3681	NaN
3682	NaN
3683	NaN
3684	NaN
3685	NaN
3686	NaN
3687	NaN
3688	NaN
3689	NaN
3690	NaN
3691	NaN
3692	NaN
3693	NaN
3694	NaN
3695	NaN
3696	NaN
3697	NaN
3698	NaN
3699	NaN
3700	NaN
3701	NaN
3702	NaN
3703	NaN
3704	NaN
3705	NaN
3706	NaN
3707	NaN
3708	NaN
3709	NaN
3710	NaN
3711	NaN
3712	4.34830189
3713	1.33675444
3714	1.02332330
3715	0.90640658
3716	0.84673947
3717	0.81144226
3718	0.78871822
3719	0.77328658
3720	0.76242775
3721	0.75459790
3722	0.74885601
3723	0.74459732
3724	0.74141651
3725	0.73903394
3726	0.73725158
3727	0.73592734
3728	0.73495770
3729	0.73426676
3730	0.73379838
3731	0.73351097
3732	0.73337328
3733	0.73336124
3734	0.73345596
3735	0.73364139
3736	0.73390263
3737	0.73422498
3738	0.73459202
3739	0.73498487
3740	0.73538136
3741	0.73575497
3742	0.73607469
3743	0.73630434
3744	0.73640245
3745	0.73632282
3746	0.73601460
3747	0.73542362
3748	0.73449355
3749	0.73316765
3750	0.73139107
3751	0.72911435
3752	0.72629541
3753	0.72290373
3754	0.71892369
3755	0.71435726
3756	0.70922691
3757	0.70357674
3758	0.69747299
3759	0.69100279
3760	0.68427145
3761	0.67739874
3762	0.67051345
3763	0.66374826
3764	0.65723395
3765	0.65109366
3766	0.64543855
3767	0.64036340
3768	0.63594431
3769	0.63223642
3770	0.62927359
3771	0.62706786
3772	0.62561065
3773	0.62487298
3774	0.62480801
3775	0.62535161
3776	0.62642479
3777	0.62793529
3778	0.62977976
3779	0.63184625
3780	0.63401639
3781	0.63616830
3782	0.63817996
3783	0.63993257
3784	0.64131415
3785	0.64222372
3786	0.64257473
3787	0.64229882
3788	0.64134842
3789	0.63969910
3790	0.63735002
3791	0.63432413
3792	0.63066590
3793	0.62643915
3794	0.62172288
3795	0.61660683
3796	0.61118686
3797	0.60556048
3798	0.59982270
3799	0.59406185
3800	0.58835757
3801	0.58277863
3802	0.57738173
3803	0.57221150
3804	0.56730074
3805	0.56267112
3806	0.55833459
3807	0.55429476
3808	0.55054820
3809	0.54708606
3810	0.54389518
3811	0.54095936
3812	0.53826040
3813	0.53577870
3814	0.53349406
3815	0.53138572
3816	0.52943283
3817	0.52761424
3818	0.52590871
3819	0.52429444
3820	0.52274907
3821	0.52124953
3822	0.51977170
3823	0.51829064
3824	0.51678067
3825	0.51521552
3826	0.51356888
3827	0.51181471
3828	0.50992829
3829	0.50788659
3830	0.50566936
3831	0.50325936
3832	0.50064349
3833	0.49781305
3834	0.49476430
3835	0.49149853
3836	0.48802263
3837	0.48434877
3838	0.48049432
3839	0.47648171
3840	0.47233805
3841	0.46809441
3842	0.46378511
3843	0.45944715
3844	0.45511892
3845	0.45083928
3846	0.44664636
3847	0.44257641
3848	0.43866262
3849	0.43493393
3850	0.43141434
3851	0.42812183
3852	0.42506793
3853	0.42225742
3854	0.41968822
3855	0.41735157
3856	0.41523254
3857	0.41331050
3858	0.41156015
3859	0.40995207
3860	0.40845379
3861	0.40703061
3862	0.40564635
3863	0.40426424
3864	0.40284738
3865	0.40135947
3866	0.39976552
3867	0.39803189
3868	0.39612722
3869	0.39402264
3870	0.39169228
3871	0.38911369
3872	0.38626862
3873	0.38314304
3874	0.37972802
3875	0.37601992
3876	0.37202093
3877	0.36773902
3878	0.36318848
3879	0.35838962
3880	0.35336861
3881	0.34815726
3882	0.34279233
3883	0.33731481
3884	0.33176908
3885	0.32620174
3886	0.32066062
3887	0.31519356
3888	0.30984771
3889	0.30466792
3890	0.29969671
3891	0.29497319
3892	0.29053277
3893	0.28640702
3894	0.28262359
3895	0.27920598
3896	0.27617395
3897	0.27354342
3898	0.27132633
3899	0.26953086
3900	0.26816076
3901	0.26721498
3902	0.26668674
3903	0.26656267
3904	0.26682127
3905	0.26743206
3906	0.26835340
3907	0.26953194
3908	0.27090102
3909	0.27238053
3910	0.27387673
3911	0.27528358
3912	0.27648458
3913	0.27735609
3914	0.27777123
3915	0.27760485
3916	0.27673867
3917	0.27506623
3918	0.27249703
3919	0.26895973
3920	0.26440403
3921	0.25880036
3922	0.25213850
3923	0.24442516
3924	0.23568025
3925	0.22593328
3926	0.21521939
3927	0.20357607
3928	0.19104102
3929	0.17765032
3930	0.16343859
3931	0.14843982
3932	0.13269052
3933	0.11623415
3934	0.09912823
3935	0.08145301
3936	0.06332463
3937	0.04491080
3938	0.02645121
3939	0.00828352
3940	-0.00912662
3941	-0.02514866
3942	-0.03894581
3943	-0.04942966
3944	-0.05521009
3945	-0.05454283
3946	-0.04526543
3947	-0.02470979
3948	0.01045279
3949	0.06452021
3950	0.14342184
3951	0.25619557
3952	0.41847554
3953	0.66162407
3954	1.06134593
3955	1.85988605
3956	4.46702719
3957	NaN
3958	NaN
3959	NaN
3960	NaN
3961	NaN
3962	NaN
3963	NaN
3964	NaN
3965	NaN
3966	NaN
3967	NaN
3968	NaN
3969	NaN
3970	NaN
3971	NaN
3972	NaN
3973	NaN
3974	NaN
3975	NaN
3976	NaN
3977	NaN
3978	NaN
3979	NaN
3980	NaN
3981	NaN
3982	NaN
3983	NaN
3984	NaN
3985	NaN
3986	NaN
3987	NaN
3988	NaN
3989	NaN
3990	NaN
3991	NaN
3992	NaN
3993	NaN
3994	NaN
3995	NaN
3996	NaN
3997	NaN
3998	NaN
3999	NaN
4000	NaN
4001	NaN
4002	NaN
4003	NaN
4004	NaN
4005	NaN
4006	NaN
4007	NaN
4008	NaN
4009	NaN
4010	NaN
4011	NaN
4012	NaN
4013	NaN
4014	NaN
4015	NaN
4016	NaN
4017	NaN
4018	NaN
4019	NaN
4020	NaN
4021	NaN
4022	NaN
4023	NaN
4024	NaN
4025	NaN
4026	NaN
4027	NaN
4028	NaN
4029	NaN
4030	NaN
4031	NaN
4032	NaN
4033	NaN
4034	NaN
4035	NaN
4036	NaN
4037	NaN
4038	2.02549505
4039	1.09125233
4040	0.91923457
4041	0.84821397
4042	0.81033432
4043	0.78745973
4044	0.77267456
4045	0.76276088
4046	0.75601315
4047	0.75143898
4048	0.74841881
4049	0.74654365
4050	0.74553144
4051	0.74518055
4052	0.74534225
4053	0.74590451
4054	0.74678105
4055	0.74790448
4056	0.74922144
4057	0.75068897
4058	0.75227219
4059	0.75394195
4060	0.75567323
4061	0.75744367
4062	0.75923216
4063	0.76101738
4064	0.76277685
4065	0.76448578
4066	0.76611578
4067	0.76763427
4068	0.76900339
4069	0.77017987
4070	0.77111453
4071	0.77175254
4072	0.77203381
4073	0.77189440
4074	0.77126807
4075	0.77008837
4076	0.76829207
4077	0.76582247
4078	0.76263332
4079	0.75869346
4080	0.75399077
4081	0.74853611
4082	0.74236614
4083	0.73554498
4084	0.72816384
4085	0.72033960
4086	0.71221071
4087	0.70393169
4088	0.69566715
4089	0.68758416
4090	0.67984533
4091	0.67260194
4092	0.66598856
4093	0.66011852
4094	0.65508074
4095	0.65093803
4096	0.64772677
4097	0.64545685
4098	0.64411300
4099	0.64365667
4100	0.64402759
4101	0.64514583
4102	0.64691454
4103	0.64922231
4104	0.65194553
4105	0.65495151
4106	0.65810186
4107	0.66125560
4108	0.66427320
4109	0.66702056
4110	0.66937280
4111	0.67121851
4112	0.67246312
4113	0.67303216
4114	0.67287356
4115	0.67195874
4116	0.67028314
4117	0.66786498
4118	0.66474396
4119	0.66097760
4120	0.65663803
4121	0.65180826
4122	0.64657772
4123	0.64103866
4124	0.63528275
4125	0.62939805
4126	0.62346679
4127	0.61756384
4128	0.61175567
4129	0.60609967
4130	0.60064435
4131	0.59542930
4132	0.59048569
4133	0.58583689
4134	0.58149892
4135	0.57748109
4136	0.57378650
4137	0.57041228
4138	0.56735015
4139	0.56458682
4140	0.56210369
4141	0.55987817
4142	0.55788344
4143	0.55608934
4144	0.55446285
4145	0.55296928
4146	0.55157274
4147	0.55023724
4148	0.54892755
4149	0.54760987
4150	0.54625279
4151	0.54482734
4152	0.54330784
4153	0.54167175
4154	0.53989995
4155	0.53797662
4156	0.53588915
4157	0.53362817
4158	0.53118712
4159	0.52856237
4160	0.52575302
4161	0.52276093
4162	0.51959085
4163	0.51625019
4164	0.51274937
4165	0.50910181
4166	0.50532401
4167	0.50143564
4168	0.49745926
4169	0.49342030
4170	0.48934650
4171	0.48526746
4172	0.48121387
4173	0.47721651
4174	0.47330552
4175	0.46950915
4176	0.46585295
4177	0.46235883
4178	0.45904410
4179	0.45592108
4180	0.45299637
4181	0.45027059
4182	0.44773829
4183	0.44538784
4184	0.44320184
4185	0.44115731
4186	0.43922633
4187	0.43737710
4188	0.43557435
4189	0.43378064
4190	0.43195754
4191	0.43006665
4192	0.42807066
4193	0.42593443
4194	0.42362607
4195	0.42111751
4196	0.41838545
4197	0.41541177
4198	0.41218394
4199	0.40869543
4200	0.40494576
4201	0.40094090
4202	0.39669275
4203	0.39221957
4204	0.38754532
4205	0.38269946
4206	0.37771639
4207	0.37263456
4208	0.36749589
4209	0.36234471
4210	0.35722658
4211	0.35218754
4212	0.34727284
4213	0.34252629
4214	0.33798915
4215	0.33369967
4216	0.32969263
4217	0.32599884
4218	0.32264498
4219	0.31965384
4220	0.31704342
4221	0.31482786
4222	0.31301662
4223	0.31161496
4224	0.31062314
4225	0.31003657
4226	0.30984518
4227	0.31003287
4228	0.31057671
4229	0.31144634
4230	0.31260324
4231	0.31399992
4232	0.31557965
4233	0.31727627
4234	0.31901431
4235	0.32071033
4236	0.32227391
4237	0.32361016
4238	0.32462218
4239	0.32521445
4240	0.32529572
4241	0.32478276
4242	0.32360247
4243	0.32169449
4244	0.31901225
4245	0.31552279
4246	0.31120640
4247	0.30605477
4248	0.30006900
4249	0.29325715
4250	0.28563163
4251	0.27720752
4252	0.26800063
4253	0.25802651
4254	0.24730012
4255	0.23583663
4256	0.22365236
4257	0.21076755
4258	0.19720963
4259	0.18301778
4260	0.16824846
4261	0.15298282
4262	0.13733461
4263	0.12146045
4264	0.10557014
4265	0.08993943
4266	0.07492160
4267	0.06095977
4268	0.04859635
4269	0.03847962
4270	0.03136455
4271	0.02810908
4272	0.02966409
4273	0.03706360
4274	0.05142273
4275	0.07395656
4276	0.10604819
4277	0.14940318
4278	0.20636268
4279	0.28051901
4280	0.37797111
4281	0.51009136
4282	0.70049477
4283	1.00636232
4284	1.60717142
4285	3.48948431
4286	NaN
4287	NaN
4288	NaN
4289	NaN
4290	NaN
4291	NaN
4292	NaN
4293	NaN
4294	NaN
4295	NaN
4296	NaN
4297	NaN
4298	NaN
4299	NaN
4300	NaN
4301	NaN
4302	NaN
4303	NaN
4304	NaN
4305	NaN
4306	NaN
4307	NaN
4308	NaN
4309	NaN
4310	NaN
4311	NaN
4312	NaN
4313	NaN
4314	NaN
4315	NaN
4316	NaN
4317	NaN
4318	NaN
4319	NaN
4320	NaN
4321	NaN
4322	NaN
4323	NaN
4324	NaN
4325	NaN
4326	NaN
4327	NaN
4328	NaN
4329	NaN
4330	NaN
4331	NaN
4332	NaN
4333	NaN
4334	NaN
4335	NaN
4336	NaN
4337	NaN
4338	NaN
4339	NaN
4340	NaN
4341	NaN
4342	NaN
4343	NaN
4344	NaN
4345	NaN
4346	NaN
4347	NaN
4348	NaN
4349	NaN
4350	NaN
4351	NaN
4352	NaN
4353	NaN
4354	NaN
4355	NaN
4356	NaN
4357	NaN
4358	NaN
4359	NaN
4360	NaN
4361	NaN
4362	NaN
4363	NaN
4364	NaN
4365	NaN
4366	NaN
4367	NaN
4368	NaN
4369	NaN
4370	0.81774604
4371	0.76184124
4372	0.75193226
4373	0.74950862
4374	0.74948162
4375	0.75039721
4376	0.75168782
4377	0.75309080
4378	0.75447255
4379	0.75576240
4380	0.75692397
4381	0.75794101
4382	0.75881034
4383	0.75953740
4384	0.76013422
4385	0.76061684
4386	0.76100451
4387	0.76131827
4388	0.76158029
4389	0.76181251
4390	0.76203614
4391	0.76227057
4392	0.76253247
4393	0.76283485
4394	0.76318651
4395	0.76359075
4396	0.76404536
4397	0.76454127
4398	0.76506269
4399	0.76558679
4400	0.76608336
4401	0.76651496
4402	0.76683766
4403	0.76700127
4404	0.76695049
4405	0.76662606
4406	0.76596671
4407	0.76491106
4408	0.76339990
4409	0.76137948
4410	0.75880438
4411	0.75564104
4412	0.75187105
4413	0.74749476
4414	0.74253309
4415	0.73703009
4416	0.73105252
4417	0.72468913
4418	0.71804857
4419	0.71125489
4420	0.70444292
4421	0.69775206
4422	0.69132119
4423	0.68528163
4424	0.67975259
4425	0.67483658
4426	0.67061621
4427	0.66715169
4428	0.66447973
4429	0.66261381
4430	0.66154379
4431	0.66123778
4432	0.66164327
4433	0.66268879
4434	0.66428626
4435	0.66633278
4436	0.66871339
4437	0.67130321
4438	0.67397058
4439	0.67658031
4440	0.67899716
4441	0.68108964
4442	0.68273497
4443	0.68382287
4444	0.68426037
4445	0.68397558
4446	0.68292117
4447	0.68107599
4448	0.67844611
4449	0.67506361
4450	0.67098433
4451	0.66628402
4452	0.66105348
4453	0.65539354
4454	0.64940935
4455	0.64320570
4456	0.63688242
4457	0.63053107
4458	0.62423259
4459	0.61805570
4460	0.61205679
4461	0.60627979
4462	0.60075742
4463	0.59551221
4464	0.59055829
4465	0.58590293
4466	0.58154833
4467	0.57749283
4468	0.57373255
4469	0.57026196
4470	0.56707466
4471	0.56416339
4472	0.56152034
4473	0.55913669
4474	0.55700183
4475	0.55510318
4476	0.55342501
4477	0.55194849
4478	0.55065036
4479	0.54950339
4480	0.54847568
4481	0.54753125
4482	0.54663020
4483	0.54572934
4484	0.54478359
4485	0.54374665
4486	0.54257256
4487	0.54121703
4488	0.53963882
4489	0.53780133
4490	0.53567338
4491	0.53323084
4492	0.53045708
4493	0.52734375
4494	0.52389151
4495	0.52010959
4496	0.51601636
4497	0.51163840
4498	0.50701028
4499	0.50217342
4500	0.49717507
4501	0.49206683
4502	0.48690328
4503	0.48174006
4504	0.47663239
4505	0.47163317
4506	0.46679163
4507	0.46215186
4508	0.45775157
4509	0.45362139
4510	0.44978407
4511	0.44625437
4512	0.44303894
4513	0.44013658
4514	0.43753850
4515	0.43522927
4516	0.43318716
4517	0.43138519
4518	0.42979193
4519	0.42837253
4520	0.42708933
4521	0.42590290
4522	0.42477304
4523	0.42365915
4524	0.42252129
4525	0.42132062
4526	0.42002013
4527	0.41858497
4528	0.41698298
4529	0.41518489
4530	0.41316479
4531	0.41090021
4532	0.40837243
4533	0.40556681
4534	0.40247303
4535	0.39908543
4536	0.39540362
4537	0.39143243
4538	0.38718286
4539	0.38267171
4540	0.37792224
4541	0.37296340
4542	0.36783010
4543	0.36256206
4544	0.35720330
4545	0.35180122
4546	0.34640542
4547	0.34106705
4548	0.33583784
4549	0.33076930
4550	0.32591245
4551	0.32131740
4552	0.31703326
4553	0.31310818
4554	0.30958912
4555	0.30652228
4556	0.30395252
4557	0.30192286
4558	0.30047411
4559	0.29964283
4560	0.29945999
4561	0.29994804
4562	0.30111766
4563	0.30296448
4564	0.30546448
4565	0.30857015
4566	0.31220675
4567	0.31626952
4568	0.32062215
4569	0.32509780
4570	0.32950249
4571	0.33362111
4572	0.33722621
4573	0.34008881
4574	0.34198982
4575	0.34273109
4576	0.34214461
4577	0.34009841
4578	0.33649883
4579	0.33128804
4580	0.32443938
4581	0.31594855
4582	0.30582422
4583	0.29407728
4584	0.28071061
4585	0.26570934
4586	0.24903172
4587	0.23060046
4588	0.21029463
4589	0.18794093
4590	0.16330412
4591	0.13607486
4592	0.10585543
4593	0.07214010
4594	0.03428926
4595	-0.00850652
4596	-0.05727771
4597	-0.11335386
4598	-0.17848676
4599	-0.25506690
4600	-0.34653115
4601	-0.45822704
4602	-0.59945130
4603	-0.78907269
4604	-1.07474566
4605	-1.62788332
4606	NaN
4607	NaN
4608	NaN
4609	NaN
4610	NaN
4611	NaN
4612	NaN
4613	NaN
4614	NaN
4615	NaN
4616	NaN
4617	NaN
4618	NaN
4619	NaN
4620	NaN
4621	NaN
4622	NaN
4623	NaN
4624	NaN
4625	NaN
4626	NaN
4627	NaN
4628	NaN
4629	NaN
4630	NaN
4631	NaN
4632	NaN
4633	NaN
4634	NaN
4635	NaN
4636	NaN
4637	NaN
4638	NaN
4639	NaN
4640	NaN
4641	NaN
4642	NaN
4643	NaN
4644	NaN
4645	NaN
4646	NaN
4647	NaN
4648	NaN
4649	NaN
4650	NaN
4651	NaN
4652	NaN
4653	NaN
4654	NaN
4655	NaN
4656	NaN
4657	NaN
4658	NaN
4659	NaN
4660	NaN
4661	NaN
4662	NaN
4663	NaN
4664	NaN
4665	NaN
4666	NaN
4667	NaN
4668	NaN
4669	NaN
4670	NaN
4671	NaN
4672	NaN
4673	NaN
4674	NaN
4675	NaN
4676	NaN
4677	NaN
4678	NaN
4679	NaN
4680	NaN
4681	NaN
4682	NaN
4683	NaN
4684	NaN
4685	NaN
4686	NaN
4687	NaN
4688	NaN
4689	NaN
4690	NaN
4691	NaN
4692	NaN
4693	NaN
4694	NaN
4695	NaN
4696	NaN
4697	NaN
4698	NaN
4699	NaN
4700	NaN
4701	1.62930644
4702	1.14665067
4703	0.98560321
4704	0.90598220
4705	0.85924363
4706	0.82910752
4707	0.80855477
4708	0.79405087
4709	0.78361452
4710	0.77604443
4711	0.77056688
4712	0.76665944
4713	0.76395589
4714	0.76219207
4715	0.76117301
4716	0.76075268
4717	0.76082003
4718	0.76129001
4719	0.76209730
4720	0.76319057
4721	0.76452971
4722	0.76608187
4723	0.76781946
4724	0.76971757
4725	0.77175206
4726	0.77389759
4727	0.77612615
4728	0.77840531
4729	0.78069687
4730	0.78295588
4731	0.78512961
4732	0.78715700
4733	0.78896850
4734	0.79048651
4735	0.79162633
4736	0.79229766
4737	0.79240721
4738	0.79186189
4739	0.79057270
4740	0.78845972
4741	0.78545737
4742	0.78151977
4743	0.77662635
4744	0.77078670
4745	0.76404381
4746	0.75647551
4747	0.74819446
4748	0.73934460
4749	0.73009634
4750	0.72063863
4751	0.71117157
4752	0.70189613
4753	0.69300634
4754	0.68468088
4755	0.67707694
4756	0.67032546
4757	0.66452837
4758	0.65975690
4759	0.65605205
4760	0.65342510
4761	0.65185958
4762	0.65131301
4763	0.65171903
4764	0.65298957
4765	0.65501738
4766	0.65767801
4767	0.66083252
4768	0.66433048
4769	0.66801322
4770	0.67171758
4771	0.67528075
4772	0.67854452
4773	0.68136132
4774	0.68359852
4775	0.68514389
4776	0.68590969
4777	0.68583560
4778	0.68489045
4779	0.68307245
4780	0.68040764
4781	0.67694706
4782	0.67276275
4783	0.66794324
4784	0.66258818
4785	0.65680349
4786	0.65069693
4787	0.64437383
4788	0.63793433
4789	0.63147068
4790	0.62506586
4791	0.61879265
4792	0.61271340
4793	0.60687995
4794	0.60133445
4795	0.59610951
4796	0.59122938
4797	0.58671021
4798	0.58256143
4799	0.57878548
4800	0.57537901
4801	0.57233280
4802	0.56963247
4803	0.56725836
4804	0.56518590
4805	0.56338626
4806	0.56182635
4807	0.56046993
4808	0.55927789
4809	0.55820948
4810	0.55722296
4811	0.55627686
4812	0.55533046
4813	0.55434525
4814	0.55328506
4815	0.55211705
4816	0.55081207
4817	0.54934478
4818	0.54769409
4819	0.54584289
4820	0.54377848
4821	0.54149187
4822	0.53897804
4823	0.53623575
4824	0.53326738
4825	0.53007877
4826	0.52667940
4827	0.52308214
4828	0.51930368
4829	0.51536417
4830	0.51128751
4831	0.50710112
4832	0.50283593
4833	0.49852562
4834	0.49420643
4835	0.48991612
4836	0.48569280
4837	0.48157406
4838	0.47759539
4839	0.47378910
4840	0.47018304
4841	0.46679968
4842	0.46365532
4843	0.46075949
4844	0.45811486
4845	0.45571706
4846	0.45355523
4847	0.45161203
4848	0.44986460
4849	0.44828519
4850	0.44684196
4851	0.44549969
4852	0.44422072
4853	0.44296587
4854	0.44169506
4855	0.44036826
4856	0.43894595
4857	0.43739006
4858	0.43566453
4859	0.43373600
4860	0.43157426
4861	0.42915329
4862	0.42645153
4863	0.42345262
4864	0.42014605
4865	0.41652751
4866	0.41259968
4867	0.40837225
4868	0.40386206
4869	0.39909336
4870	0.39409739
4871	0.38891172
4872	0.38357979
4873	0.37814966
4874	0.37267283
4875	0.36720300
4876	0.36179489
4877	0.35650271
4878	0.35137907
4879	0.34647396
4880	0.34183407
4881	0.33750182
4882	0.33351523
4883	0.32990733
4884	0.32670602
4885	0.32393414
4886	0.32160899
4887	0.31974223
4888	0.31833974
4889	0.31740078
4890	0.31691775
4891	0.31687489
4892	0.31724778
4893	0.31800193
4894	0.31909209
4895	0.32046115
4896	0.32203975
4897	0.32374617
4898	0.32548666
4899	0.32715735
4900	0.32864574
4901	0.32983422
4902	0.33060336
4903	0.33083627
4904	0.33042270
4905	0.32926321
4906	0.32727200
4907	0.32437944
4908	0.32053286
4909	0.31569633
4910	0.30984855
4911	0.30298078
4912	0.29509366
4913	0.28619340
4914	0.27628881
4915	0.26538882
4916	0.25350007
4917	0.24062647
4918	0.22676909
4919	0.21192764
4920	0.19610357
4921	0.17930420
4922	0.16154931
4923	0.14287832
4924	0.12336148
4925	0.10311157
4926	0.08229855
4927	0.06116649
4928	0.04005137
4929	0.01939917
4930	-0.00021824
4931	-0.01809153
4932	-0.03337275
4933	-0.04508335
4934	-0.05213817
4935	-0.05338090
4936	-0.04762510
4937	-0.03368498
4938	-0.01037706
4939	0.02354411
4940	0.06955741
4941	0.12973467
4942	0.20743777
4943	0.30873480
4944	0.44556215
4945	0.64399451
4946	0.97126925
4947	1.66260898
4948	4.47365475
4949	NaN
4950	NaN
4951	NaN
4952	NaN
4953	NaN
4954	NaN
4955	NaN
4956	NaN
4957	NaN
4958	NaN
4959	NaN
4960	NaN
4961	NaN
4962	NaN
4963	NaN
4964	NaN
4965	NaN
4966	NaN
4967	NaN
4968	NaN
4969	NaN
4970	NaN
4971	NaN
4972	NaN
4973	NaN
4974	NaN
4975	NaN
4976	NaN
4977	NaN
4978	NaN
4979	NaN
4980	NaN
4981	NaN
4982	NaN
4983	NaN
4984	NaN
4985	NaN
4986	NaN
4987	NaN
4988	NaN
4989	NaN
4990	NaN
4991	NaN
4992	NaN
4993	NaN
4994	NaN
4995	NaN
4996	NaN
4997	NaN
4998	NaN
4999	NaN
5000	NaN
5001	NaN
5002	NaN
5003	NaN
5004	NaN
5005	NaN
5006	NaN
5007	NaN
5008	NaN
5009	NaN
5010	NaN
5011	NaN
5012	NaN
5013	NaN
5014	NaN
5015	NaN
5016	NaN
5017	NaN
5018	NaN
5019	NaN
5020	NaN
5021	NaN
5022	NaN
5023	NaN
5024	NaN
5025	2.02186632
5026	1.11367226
5027	0.94074690
5028	0.86991596
5029	0.83268929
5030	0.81054235
5031	0.79638678
5032	0.78692853
5033	0.78042907
5034	0.77588445
5035	0.77267396
5036	0.77039415
5037	0.76877123
5038	0.76761413
5039	0.76678604
5040	0.76618737
5041	0.76574522
5042	0.76540530
5043	0.76512760
5044	0.76488239
5045	0.76464754
5046	0.76440614
5047	0.76414537
5048	0.76385415
5049	0.76352227
5050	0.76313967
5051	0.76269501
5052	0.76217526
5053	0.76156533
5054	0.76084757
5055	0.76000148
5056	0.75900418
5057	0.75782996
5058	0.75645149
5059	0.75484008
5060	0.75296688
5061	0.75080454
5062	0.74832833
5063	0.74551833
5064	0.74236119
5065	0.73885202
5066	0.73499602
5067	0.73080999
5068	0.72632283
5069	0.72157598
5070	0.71662223
5071	0.71152478
5072	0.70635480
5073	0.70118880
5074	0.69610536
5075	0.69118243
5076	0.68649346
5077	0.68210524
5078	0.67807496
5079	0.67444831
5080	0.67125839
5081	0.66852444
5082	0.66625166
5083	0.66443139
5084	0.66304153
5085	0.66204733
5086	0.66140240
5087	0.66105062
5088	0.66092706
5089	0.66096020
5090	0.66107416
5091	0.66119087
5092	0.66123241
5093	0.66112369
5094	0.66079497
5095	0.66018438
5096	0.65923983
5097	0.65792131
5098	0.65620172
5099	0.65406847
5100	0.65152311
5101	0.64858115
5102	0.64527112
5103	0.64163274
5104	0.63771474
5105	0.63357252
5106	0.62926525
5107	0.62485313
5108	0.62039477
5109	0.61594474
5110	0.61155158
5111	0.60725659
5112	0.60309273
5113	0.59908426
5114	0.59524673
5115	0.59158772
5116	0.58810747
5117	0.58479995
5118	0.58165419
5119	0.57865566
5120	0.57578743
5121	0.57303125
5122	0.57036912
5123	0.56778395
5124	0.56526029
5125	0.56278491
5126	0.56034702
5127	0.55793822
5128	0.55555242
5129	0.55318528
5130	0.55083388
5131	0.54849571
5132	0.54616839
5133	0.54384887
5134	0.54153293
5135	0.53921461
5136	0.53688616
5137	0.53453791
5138	0.53215837
5139	0.52973449
5140	0.52725208
5141	0.52469659
5142	0.52205366
5143	0.51931006
5144	0.51645440
5145	0.51347780
5146	0.51037490
5147	0.50714415
5148	0.50378853
5149	0.50031549
5150	0.49673733
5151	0.49307084
5152	0.48933700
5153	0.48556039
5154	0.48176852
5155	0.47799104
5156	0.47425848
5157	0.47060129
5158	0.46704867
5159	0.46362740
5160	0.46036068
5161	0.45726693
5162	0.45435917
5163	0.45164391
5164	0.44912094
5165	0.44678292
5166	0.44461575
5167	0.44259867
5168	0.44070530
5169	0.43890437
5170	0.43716091
5171	0.43543747
5172	0.43369576
5173	0.43189755
5174	0.43000618
5175	0.42798746
5176	0.42581069
5177	0.42344940
5178	0.42088175
5179	0.41809115
5180	0.41506627
5181	0.41180143
5182	0.40829635
5183	0.40455627
5184	0.40059149
5185	0.39641717
5186	0.39205289
5187	0.38752180
5188	0.38285014
5189	0.37806636
5190	0.37320039
5191	0.36828291
5192	0.36334470
5193	0.35841593
5194	0.35352591
5195	0.34870246
5196	0.34397203
5197	0.33935899
5198	0.33488590
5199	0.33057341
5200	0.32643986
5201	0.32250181
5202	0.31877357
5203	0.31526735
5204	0.31199336
5205	0.30895981
5206	0.30617258
5207	0.30363563
5208	0.30135059
5209	0.29931700
5210	0.29753190
5211	0.29598978
5212	0.29468259
5213	0.29359925
5214	0.29272547
5215	0.29204324
5216	0.29153037
5217	0.29116002
5218	0.29090014
5219	0.29071295
5220	0.29055482
5221	0.29037616
5222	0.29012200
5223	0.28973305
5224	0.28914693
5225	0.28830019
5226	0.28713065
5227	0.28558001
5228	0.28359610
5229	0.28113532
5230	0.27816463
5231	0.27466244
5232	0.27061945
5233	0.26603878
5234	0.26093486
5235	0.25533313
5236	0.24926825
5237	0.24278347
5238	0.23592925
5239	0.22876294
5240	0.22134842
5241	0.21375631
5242	0.20606484
5243	0.19836059
5244	0.19074000
5245	0.18331075
5246	0.17619330
5247	0.16952236
5248	0.16344859
5249	0.15813988
5250	0.15378262
5251	0.15058200
5252	0.14876263
5253	0.14856777
5254	0.15025829
5255	0.15411139
5256	0.16042092
5257	0.16949996
5258	0.18169123
5259	0.19738998
5260	0.21709006
5261	0.24147330
5262	0.27157649
5263	0.30912119
5264	0.35720485
5265	0.42193624
5266	0.51695204
5267	0.67933637
5268	1.05523050
5269	NaN
5270	NaN
5271	NaN
5272	NaN
5273	NaN
5274	NaN
5275	NaN
5276	NaN
5277	NaN
5278	NaN
5279	NaN
5280	NaN
5281	NaN
5282	NaN
5283	NaN
5284	NaN
5285	NaN
5286	NaN
5287	NaN
5288	NaN
5289	NaN
5290	NaN
5291	NaN
5292	NaN
5293	NaN
5294	NaN
5295	NaN
5296	NaN
5297	NaN
5298	NaN
5299	NaN
5300	NaN
5301	NaN
5302	NaN
5303	NaN
5304	NaN
5305	NaN
5306	NaN
5307	NaN
5308	NaN
5309	NaN
5310	NaN
5311	NaN
5312	NaN
5313	NaN
5314	NaN
5315	NaN
5316	NaN
5317	NaN
5318	NaN
5319	NaN
5320	NaN
5321	NaN
5322	NaN
5323	NaN
5324	NaN
5325	NaN
5326	NaN
5327	NaN
5328	NaN
5329	NaN
5330	NaN
5331	NaN
5332	NaN
5333	NaN
5334	NaN
5335	NaN
5336	NaN
5337	NaN
5338	NaN
5339	NaN
5340	NaN
5341	NaN
5342	NaN
5343	NaN
5344	NaN
5345	NaN
5346	NaN
5347	NaN
5348	NaN
5349	NaN
5350	NaN
5351	NaN
5352	NaN
5353	NaN
5354	2.49160767
5355	1.01294243
5356	0.84391171
5357	0.78219360
5358	0.75226599
5359	0.73594099
5360	0.72663170
5361	0.72137320
5362	0.71863335
5363	0.71754092
5364	0.71756440
5365	0.71836209
5366	0.71970516
5367	0.72143584
5368	0.72344327
5369	0.72564799
5370	0.72799337
5371	0.73043871
5372	0.73295516
5373	0.73552221
5374	0.73812556
5375	0.74075425
5376	0.74339974
5377	0.74605316
5378	0.74870455
5379	0.75134075
5380	0.75394428
5381	0.75649202
5382	0.75895458
5383	0.76129484
5384	0.76346809
5385	0.76542163
5386	0.76709527
5387	0.76842213
5388	0.76933008
5389	0.76974398
5390	0.76958793
5391	0.76878893
5392	0.76728046
5393	0.76500654
5394	0.76192605
5395	0.75801682
5396	0.75327915
5397	0.74773854
5398	0.74144751
5399	0.73448551
5400	0.72695756
5401	0.71899134
5402	0.71073222
5403	0.70233816
5404	0.69397306
5405	0.68580031
5406	0.67797631
5407	0.67064476
5408	0.66393214
5409	0.65794396
5410	0.65276212
5411	0.64844364
5412	0.64502025
5413	0.64249867
5414	0.64086145
5415	0.64006859
5416	0.64005888
5417	0.64075232
5418	0.64205235
5419	0.64384830
5420	0.64601833
5421	0.64843261
5422	0.65095669
5423	0.65345532
5424	0.65579647
5425	0.65785533
5426	0.65951848
5427	0.66068727
5428	0.66128153
5429	0.66124171
5430	0.66053087
5431	0.65913469
5432	0.65706140
5433	0.65433979
5434	0.65101695
5435	0.64715451
5436	0.64282519
5437	0.63810879
5438	0.63308853
5439	0.62784737
5440	0.62246537
5441	0.61701721
5442	0.61157048
5443	0.60618502
5444	0.60091192
5445	0.59579366
5446	0.59086460
5447	0.58615112
5448	0.58167243
5449	0.57744116
5450	0.57346427
5451	0.56974328
5452	0.56627524
5453	0.56305265
5454	0.56006438
5455	0.55729556
5456	0.55472815
5457	0.55234110
5458	0.55011117
5459	0.54801261
5460	0.54601860
5461	0.54410124
5462	0.54223251
5463	0.54038471
5464	0.53853118
5465	0.53664660
5466	0.53470773
5467	0.53269345
5468	0.53058493
5469	0.52836609
5470	0.52602303
5471	0.52354467
5472	0.52092212
5473	0.51814938
5474	0.51522273
5475	0.51214141
5476	0.50890750
5477	0.50552613
5478	0.50200558
5479	0.49835768
5480	0.49459761
5481	0.49074399
5482	0.48681882
5483	0.48284692
5484	0.47885585
5485	0.47487509
5486	0.47093552
5487	0.46706825
5488	0.46330389
5489	0.45967120
5490	0.45619619
5491	0.45290089
5492	0.44980240
5493	0.44691229
5494	0.44423586
5495	0.44177192
5496	0.43951291
5497	0.43744498
5498	0.43554854
5499	0.43379891
5500	0.43216717
5501	0.43062088
5502	0.42912519
5503	0.42764378
5504	0.42613974
5505	0.42457667
5506	0.42291936
5507	0.42113483
5508	0.41919294
5509	0.41706666
5510	0.41473320
5511	0.41217357
5512	0.40937328
5513	0.40632224
5514	0.40301463
5515	0.39944932
5516	0.39562953
5517	0.39156294
5518	0.38726190
5519	0.38274339
5520	0.37802902
5521	0.37314513
5522	0.36812234
5523	0.36299545
5524	0.35780299
5525	0.35258603
5526	0.34738773
5527	0.34225231
5528	0.33722413
5529	0.33234659
5530	0.32766163
5531	0.32320890
5532	0.31902564
5533	0.31514585
5534	0.31160080
5535	0.30841860
5536	0.30562446
5537	0.30324051
5538	0.30128589
5539	0.29977670
5540	0.29872528
5541	0.29813999
5542	0.29802448
5543	0.29837644
5544	0.29918686
5545	0.30043828
5546	0.30210382
5547	0.30414551
5548	0.30651310
5549	0.30914301
5550	0.31195754
5551	0.31486481
5552	0.31775957
5553	0.32052422
5554	0.32303140
5555	0.32514727
5556	0.32673535
5557	0.32766113
5558	0.32779661
5559	0.32702526
5560	0.32524529
5561	0.32237279
5562	0.31834322
5563	0.31311131
5564	0.30665004
5565	0.29894826
5566	0.29000759
5567	0.27983889
5568	0.26845905
5569	0.25588807
5570	0.24214685
5571	0.22725631
5572	0.21123748
5573	0.19411273
5574	0.17590888
5575	0.15666138
5576	0.13642000
5577	0.11525677
5578	0.09327459
5579	0.07061850
5580	0.04748908
5581	0.02415705
5582	0.00098056
5583	-0.02157474
5584	-0.04291333
5585	-0.06228277
5586	-0.07873863
5587	-0.09109245
5588	-0.09782667
5589	-0.09693967
5590	-0.08563235
5591	-0.05964045
5592	-0.01166986
5593	0.07275929
5594	0.22869711
5595	0.57178140
5596	1.85456216
5597	NaN
5598	NaN
5599	NaN
5600	NaN
5601	NaN
5602	NaN
5603	NaN
5604	NaN
5605	NaN
5606	NaN
5607	NaN
5608	NaN
5609	NaN
5610	NaN
5611	NaN
5612	NaN
5613	NaN
5614	NaN
5615	NaN
5616	NaN
5617	NaN
5618	NaN
5619	NaN
5620	NaN
5621	NaN
5622	NaN
5623	NaN
5624	NaN
5625	NaN
5626	NaN
5627	NaN
5628	NaN
5629	NaN
5630	NaN
5631	NaN
5632	NaN
5633	NaN
5634	NaN
5635	NaN
5636	NaN
5637	NaN
5638	NaN
5639	NaN
5640	NaN
5641	NaN
5642	NaN
5643	NaN
5644	NaN
5645	NaN
5646	NaN
5647	NaN
5648	NaN
5649	NaN
5650	NaN
5651	NaN
5652	NaN
5653	NaN
5654	NaN
5655	NaN
5656	NaN
5657	NaN
5658	NaN
5659	NaN
5660	NaN
5661	NaN
5662	NaN
5663	NaN
5664	NaN
5665	NaN
5666	NaN
5667	NaN
5668	NaN
5669	NaN
5670	NaN
5671	NaN
5672	NaN
5673	NaN
5674	NaN
5675	NaN
5676	NaN
5677	NaN
5678	NaN
5679	NaN
5680	NaN
5681	NaN
5682	NaN
5683	1.38355327
5684	1.02843022
5685	0.90959841
5686	0.85058039
5687	0.81560743
5688	0.79268444
5689	0.77664882
5690	0.76491064
5691	0.75602716
5692	0.74913120
5693	0.74367136
5694	0.73928154
5695	0.73571074
5696	0.73278236
5697	0.73036981
5698	0.72838140
5699	0.72674978
5700	0.72542500
5701	0.72437012
5702	0.72355694
5703	0.72296387
5704	0.72257364
5705	0.72237152
5706	0.72234404
5707	0.72247785
5708	0.72275847
5709	0.72316986
5710	0.72369331
5711	0.72430712
5712	0.72498584
5713	0.72570026
5714	0.72641671
5715	0.72709739
5716	0.72770029
5717	0.72817957
5718	0.72848636
5719	0.72856957
5720	0.72837734
5721	0.72785866
5722	0.72696501
5723	0.72565293
5724	0.72388607
5725	0.72163767
5726	0.71889293
5727	0.71565062
5728	0.71192479
5729	0.70774537
5730	0.70315802
5731	0.69822323
5732	0.69301450
5733	0.68761575
5734	0.68211848
5735	0.67661768
5736	0.67120850
5737	0.66598278
5738	0.66102505
5739	0.65640986
5740	0.65219897
5741	0.64843953
5742	0.64516270
5743	0.64238280
5744	0.64009804
5745	0.63829023
5746	0.63692665
5747	0.63596106
5748	0.63533527
5749	0.63498127
5750	0.63482356
5751	0.63478082
5752	0.63476884
5753	0.63470322
5754	0.63450176
5755	0.63408774
5756	0.63339257
5757	0.63235819
5758	0.63093948
5759	0.62910569
5760	0.62684131
5761	0.62414658
5762	0.62103617
5763	0.61753803
5764	0.61369157
5765	0.60954410
5766	0.60514909
5767	0.60056257
5768	0.59584063
5769	0.59103715
5770	0.58620161
5771	0.58137786
5772	0.57660335
5773	0.57190830
5774	0.56731653
5775	0.56284517
5776	0.55850619
5777	0.55430692
5778	0.55025148
5779	0.54634172
5780	0.54257858
5781	0.53896272
5782	0.53549528
5783	0.53217816
5784	0.52901423
5785	0.52600688
5786	0.52315962
5787	0.52047545
5788	0.51795584
5789	0.51560009
5790	0.51340467
5791	0.51136214
5792	0.50946093
5793	0.50768507
5794	0.50601375
5795	0.50442231
5796	0.50288206
5797	0.50136149
5798	0.49982682
5799	0.49824345
5800	0.49657702
5801	0.49479449
5802	0.49286535
5803	0.49076253
5804	0.48846364
5805	0.48595124
5806	0.48321381
5807	0.48024583
5808	0.47704816
5809	0.47362798
5810	0.46999857
5811	0.46617901
5812	0.46219361
5813	0.45807123
5814	0.45384431
5815	0.44954807
5816	0.44521919
5817	0.44089490
5818	0.43661162
5819	0.43240392
5820	0.42830366
5821	0.42433879
5822	0.42053303
5823	0.41690496
5824	0.41346800
5825	0.41023004
5826	0.40719348
5827	0.40435550
5828	0.40170816
5829	0.39923885
5830	0.39693090
5831	0.39476392
5832	0.39271462
5833	0.39075720
5834	0.38886434
5835	0.38700750
5836	0.38515800
5837	0.38328731
5838	0.38136777
5839	0.37937310
5840	0.37727910
5841	0.37506378
5842	0.37270790
5843	0.37019536
5844	0.36751348
5845	0.36465308
5846	0.36160886
5847	0.35837916
5848	0.35496637
5849	0.35137656
5850	0.34761953
5851	0.34370852
5852	0.33966011
5853	0.33549377
5854	0.33123171
5855	0.32689849
5856	0.32252043
5857	0.31812537
5858	0.31374210
5859	0.30940002
5860	0.30512851
5861	0.30095646
5862	0.29691234
5863	0.29302353
5864	0.28931633
5865	0.28581598
5866	0.28254646
5867	0.27953088
5868	0.27679113
5869	0.27434775
5870	0.27221978
5871	0.27042422
5872	0.26897493
5873	0.26788190
5874	0.26714948
5875	0.26677498
5876	0.26674670
5877	0.26704186
5878	0.26762506
5879	0.26844639
5880	0.26944059
5881	0.27052662
5882	0.27160826
5883	0.27257609
5884	0.27331012
5885	0.27368382
5886	0.27356878
5887	0.27283967
5888	0.27137947
5889	0.26908323
5890	0.26586127
5891	0.26164088
5892	0.25636601
5893	0.24999581
5894	0.24250162
5895	0.23386307
5896	0.22406387
5897	0.21308739
5898	0.20091251
5899	0.18751019
5900	0.17284089
5901	0.15685225
5902	0.13947853
5903	0.12064066
5904	0.10024727
5905	0.07819735
5906	0.05438451
5907	0.02870255
5908	0.00105387
5909	-0.02863876
5910	-0.06041921
5911	-0.09427977
5912	-0.13014099
5913	-0.16783103
5914	-0.20706788
5915	-0.24744911
5916	-0.28846985
5917	-0.32959762
5918	-0.37048808
5919	-0.41163549
5920	-0.45685732
5921	-0.52965957
5922	NaN
5923	NaN
5924	NaN
5925	NaN
5926	NaN
5927	NaN
5928	NaN
5929	NaN
5930	NaN
5931	NaN
5932	NaN
5933	NaN
5934	NaN
5935	NaN
5936	NaN
5937	NaN
5938	NaN
5939	NaN
5940	NaN
5941	NaN
5942	NaN
5943	NaN
5944	NaN
5945	NaN
5946	NaN
5947	NaN
5948	NaN
5949	NaN
5950	NaN
5951	NaN
5952	NaN
5953	NaN
5954	NaN
5955	NaN
5956	NaN
5957	NaN
5958	NaN
5959	NaN
5960	NaN
5961	NaN
5962	NaN
5963	NaN
5964	NaN
5965	NaN
5966	NaN
5967	NaN
5968	NaN
5969	NaN
5970	NaN
5971	NaN
5972	NaN
5973	NaN
5974	NaN
5975	NaN
5976	NaN
5977	NaN
5978	NaN
5979	NaN
5980	NaN
5981	NaN
5982	NaN
5983	NaN
5984	NaN
5985	NaN
5986	NaN
5987	NaN
5988	NaN
5989	NaN
5990	NaN
5991	NaN
5992	NaN
5993	NaN
5994	NaN
5995	NaN
5996	NaN
5997	NaN
5998	NaN
5999	NaN
6000	NaN
6001	NaN
6002	NaN
6003	NaN
6004	NaN
6005	NaN
6006	NaN
6007	2.28097844
6008	1.26557302
6009	1.03322756
6010	0.93049026
6011	0.87289029
6012	0.83634412
6013	0.81136370
6014	0.79344666
6015	0.78017592
6016	0.77013379
6017	0.76243073
6018	0.75647831
6019	0.75187039
6020	0.74831682
6021	0.74560398
6022	0.74357110
6023	0.74209446
6024	0.74107736
6025	0.74044293
6026	0.74012893
6027	0.74008417
6028	0.74026555
6029	0.74063587
6030	0.74116141
6031	0.74181098
6032	0.74255377
6033	0.74335837
6034	0.74419165
6035	0.74501717
6036	0.74579513
6037	0.74648100
6038	0.74702537
6039	0.74737400
6040	0.74746788
6041	0.74724418
6042	0.74663758
6043	0.74558246
6044	0.74401504
6045	0.74187690
6046	0.73911804
6047	0.73570102
6048	0.73160458
6049	0.72682667
6050	0.72138762
6051	0.71533149
6052	0.70872629
6053	0.70166326
6054	0.69425368
6055	0.68662512
6056	0.67891657
6057	0.67127216
6058	0.66383576
6059	0.65674502
6060	0.65012646
6061	0.64409119
6062	0.63873142
6063	0.63411862
6064	0.63030189
6065	0.62730783
6066	0.62514043
6067	0.62378198
6068	0.62319416
6069	0.62331980
6070	0.62408435
6071	0.62539816
6072	0.62715894
6073	0.62925422
6074	0.63156474
6075	0.63396710
6076	0.63633794
6077	0.63855672
6078	0.64051020
6079	0.64209521
6080	0.64322227
6081	0.64381802
6082	0.64382726
6083	0.64321411
6084	0.64196271
6085	0.64007598
6086	0.63757467
6087	0.63449514
6088	0.63088632
6089	0.62680721
6090	0.62232339
6091	0.61750436
6092	0.61242068
6093	0.60714179
6094	0.60173416
6095	0.59626001
6096	0.59077632
6097	0.58533442
6098	0.57997978
6099	0.57475197
6100	0.56968510
6101	0.56480789
6102	0.56014407
6103	0.55571300
6104	0.55152959
6105	0.54760462
6106	0.54394501
6107	0.54055339
6108	0.53742856
6109	0.53456479
6110	0.53195214
6111	0.52957618
6112	0.52741802
6113	0.52545482
6114	0.52365965
6115	0.52200276
6116	0.52045184
6117	0.51897311
6118	0.51753211
6119	0.51609492
6120	0.51462889
6121	0.51310307
6122	0.51148927
6123	0.50976223
6124	0.50789994
6125	0.50588417
6126	0.50370020
6127	0.50133699
6128	0.49878770
6129	0.49604931
6130	0.49312311
6131	0.49001464
6132	0.48673370
6133	0.48329479
6134	0.47971645
6135	0.47602168
6136	0.47223723
6137	0.46839324
6138	0.46452245
6139	0.46065950
6140	0.45683968
6141	0.45309791
6142	0.44946769
6143	0.44597960
6144	0.44266036
6145	0.43953162
6146	0.43660933
6147	0.43390277
6148	0.43141440
6149	0.42913958
6150	0.42706695
6151	0.42517841
6152	0.42345014
6153	0.42185313
6154	0.42035428
6155	0.41891718
6156	0.41750333
6157	0.41607311
6158	0.41458678
6159	0.41300550
6160	0.41129223
6161	0.40941247
6162	0.40733516
6163	0.40503326
6164	0.40248412
6165	0.39966998
6166	0.39657816
6167	0.39320147
6168	0.38953796
6169	0.38559118
6170	0.38137031
6171	0.37688962
6172	0.37216884
6173	0.36723274
6174	0.36211088
6175	0.35683727
6176	0.35144973
6177	0.34598932
6178	0.34049970
6179	0.33502588
6180	0.32961360
6181	0.32430813
6182	0.31915325
6183	0.31419063
6184	0.30945888
6185	0.30499285
6186	0.30082375
6187	0.29697835
6188	0.29347926
6189	0.29034483
6190	0.28758910
6191	0.28522208
6192	0.28324950
6193	0.28167287
6194	0.28048909
6195	0.27969059
6196	0.27926439
6197	0.27919182
6198	0.27944785
6199	0.28000054
6200	0.28080991
6201	0.28182793
6202	0.28299761
6203	0.28425336
6204	0.28552091
6205	0.28671840
6206	0.28775793
6207	0.28854737
6208	0.28899288
6209	0.28900206
6210	0.28848621
6211	0.28736368
6212	0.28556168
6213	0.28301781
6214	0.27968115
6215	0.27551162
6216	0.27047947
6217	0.26456353
6218	0.25774953
6219	0.25002801
6220	0.24139260
6221	0.23183846
6222	0.22136122
6223	0.20995682
6224	0.19762185
6225	0.18435557
6226	0.17016205
6227	0.15505475
6228	0.13906164
6229	0.12223269
6230	0.10464869
6231	0.08643271
6232	0.06776325
6233	0.04888978
6234	0.03014944
6235	0.01198553
6236	-0.00503664
6237	-0.02021401
6238	-0.03269716
6239	-0.04148798
6240	-0.04544438
6241	-0.04329012
6242	-0.03362153
6243	-0.01489358
6244	0.01464948
6245	0.05714545
6246	0.11550166
6247	0.19420257
6248	0.30106869
6249	0.45144230
6250	0.67987508
6251	1.08188927
6252	2.04558253
6253	NaN
6254	NaN
6255	NaN
6256	NaN
6257	NaN
6258	NaN
6259	NaN
6260	NaN
6261	NaN
6262	NaN
6263	NaN
6264	NaN
6265	NaN
6266	NaN
6267	NaN
6268	NaN
6269	NaN
6270	NaN
6271	NaN
6272	NaN
6273	NaN
6274	NaN
6275	NaN
6276	NaN
6277	NaN
6278	NaN
6279	NaN
6280	NaN
6281	NaN
6282	NaN
6283	NaN
6284	NaN
6285	NaN
6286	NaN
6287	NaN
6288	NaN
6289	NaN
6290	NaN
6291	NaN
6292	NaN
6293	NaN
6294	NaN
6295	NaN
6296	NaN
6297	NaN
6298	NaN
6299	NaN
6300	NaN
6301	NaN
6302	NaN
6303	NaN
6304	NaN
6305	NaN
6306	NaN
6307	NaN
6308	NaN
6309	NaN
6310	NaN
6311	NaN
6312	NaN
6313	NaN
6314	NaN
6315	NaN
6316	NaN
6317	NaN
6318	NaN
6319	NaN
6320	NaN
6321	NaN
6322	NaN
6323	NaN
6324	NaN
6325	NaN
6326	NaN
6327	NaN
6328	NaN
6329	NaN
6330	NaN
6331	NaN
6332	NaN
6333	NaN
6334	NaN
6335	NaN
6336	NaN
6337	NaN
6338	NaN
6339	0.87542111
6340	0.78126991
6341	0.75276107
6342	0.74026901
6343	0.73394185
6344	0.73051864
6345	0.72861809
6346	0.72756255
6347	0.72698706
6348	0.72668344
6349	0.72652900
6350	0.72645074
6351	0.72640675
6352	0.72637409
6353	0.72634292
6354	0.72631150
6355	0.72628331
6356	0.72626501
6357	0.72626507
6358	0.72629201
6359	0.72635400
6360	0.72645783
6361	0.72660822
6362	0.72680706
6363	0.72705293
6364	0.72734046
6365	0.72765994
6366	0.72799706
6367	0.72833210
6368	0.72864002
6369	0.72889000
6370	0.72904581
6371	0.72906530
6372	0.72890121
6373	0.72850144
6374	0.72781050
6375	0.72677052
6376	0.72532344
6377	0.72341347
6378	0.72099024
6379	0.71801239
6380	0.71445125
6381	0.71029466
6382	0.70555085
6383	0.70025069
6384	0.69444937
6385	0.68822652
6386	0.68168408
6387	0.67494297
6388	0.66813815
6389	0.66141218
6390	0.65490901
6391	0.64876658
6392	0.64311147
6393	0.63805336
6394	0.63368165
6395	0.63006252
6396	0.62723798
6397	0.62522584
6398	0.62402022
6399	0.62359279
6400	0.62389451
6401	0.62485760
6402	0.62639713
6403	0.62841326
6404	0.63079333
6405	0.63341427
6406	0.63614506
6407	0.63884985
6408	0.64139146
6409	0.64363509
6410	0.64545316
6411	0.64672947
6412	0.64736408
6413	0.64727801
6414	0.64641631
6415	0.64475095
6416	0.64228207
6417	0.63903707
6418	0.63506913
6419	0.63045299
6420	0.62528080
6421	0.61965632
6422	0.61368966
6423	0.60749161
6424	0.60116923
6425	0.59482181
6426	0.58853811
6427	0.58239472
6428	0.57645500
6429	0.57076943
6430	0.56537598
6431	0.56030124
6432	0.55556196
6433	0.55116653
6434	0.54711670
6435	0.54340881
6436	0.54003513
6437	0.53698516
6438	0.53424603
6439	0.53180319
6440	0.52964061
6441	0.52774042
6442	0.52608329
6443	0.52464736
6444	0.52340847
6445	0.52233922
6446	0.52140898
6447	0.52058375
6448	0.51982629
6449	0.51909637
6450	0.51835144
6451	0.51754779
6452	0.51664126
6453	0.51558894
6454	0.51434988
6455	0.51288700
6456	0.51116765
6457	0.50916487
6458	0.50685793
6459	0.50423288
6460	0.50128257
6461	0.49800706
6462	0.49441302
6463	0.49051368
6464	0.48632875
6465	0.48188370
6466	0.47720969
6467	0.47234285
6468	0.46732384
6469	0.46219704
6470	0.45700979
6471	0.45181131
6472	0.44665143
6473	0.44157955
6474	0.43664286
6475	0.43188530
6476	0.42734590
6477	0.42305806
6478	0.41904810
6479	0.41533491
6480	0.41192925
6481	0.40883410
6482	0.40604419
6483	0.40354723
6484	0.40132394
6485	0.39934933
6486	0.39759335
6487	0.39602211
6488	0.39459869
6489	0.39328396
6490	0.39203760
6491	0.39081863
6492	0.38958600
6493	0.38829932
6494	0.38691902
6495	0.38540730
6496	0.38372803
6497	0.38184765
6498	0.37973547
6499	0.37736431
6500	0.37471110
6501	0.37175748
6502	0.36849031
6503	0.36490262
6504	0.36099374
6505	0.35677007
6506	0.35224524
6507	0.34744036
6508	0.34238383
6509	0.33711106
6510	0.33166406
6511	0.32609048
6512	0.32044286
6513	0.31477723
6514	0.30915192
6515	0.30362639
6516	0.29825968
6517	0.29310909
6518	0.28822973
6519	0.28367305
6520	0.27948666
6521	0.27571398
6522	0.27239391
6523	0.26956111
6524	0.26724610
6525	0.26547506
6526	0.26426974
6527	0.26364693
6528	0.26361778
6529	0.26418605
6530	0.26534644
6531	0.26708201
6532	0.26936108
6533	0.27213433
6534	0.27533174
6535	0.27885926
6536	0.28259805
6537	0.28640330
6538	0.29010674
6539	0.29352036
6540	0.29644337
6541	0.29867098
6542	0.30000469
6543	0.30026293
6544	0.29929060
6545	0.29696596
6546	0.29320469
6547	0.28795913
6548	0.28121445
6549	0.27298141
6550	0.26328722
6551	0.25216565
6552	0.23964714
6553	0.22575060
6554	0.21047601
6555	0.19379938
6556	0.17566898
6557	0.15600333
6558	0.13468964
6559	0.11158479
6560	0.08651574
6561	0.05928246
6562	0.02966273
6563	-0.00257953
6564	-0.03768054
6565	-0.07585327
6566	-0.11724789
6567	-0.16188772
6568	-0.20955981
6569	-0.25962389
6570	-0.31066272
6571	-0.35977530
6572	-0.40091240
6573	-0.42007402
6574	-0.37602082
6575	-0.05732366
6576	NaN
6577	NaN
6578	NaN
6579	NaN
6580	NaN
6581	NaN
6582	NaN
6583	NaN
6584	NaN
6585	NaN
6586	NaN
6587	NaN
6588	NaN
6589	NaN
6590	NaN
6591	NaN
6592	NaN
6593	NaN
6594	NaN
6595	NaN
6596	NaN
6597	NaN
6598	NaN
6599	NaN
6600	NaN
6601	NaN
6602	NaN
6603	NaN
6604	NaN
6605	NaN
6606	NaN
6607	NaN
6608	NaN
6609	NaN
6610	NaN
6611	NaN
6612	NaN
6613	NaN
6614	NaN
6615	NaN
6616	NaN
6617	NaN
6618	NaN
6619	NaN
6620	NaN
6621	NaN
6622	NaN
6623	NaN
6624	NaN
6625	NaN
6626	NaN
6627	NaN
6628	NaN
6629	NaN
6630	NaN
6631	NaN
6632	NaN
6633	NaN
6634	NaN
6635	NaN
6636	NaN
6637	NaN
6638	NaN
6639	NaN
6640	NaN
6641	NaN
6642	NaN
6643	NaN
6644	NaN
6645	NaN
6646	NaN
6647	NaN
6648	NaN
6649	NaN
6650	NaN
6651	NaN
6652	NaN
6653	NaN
6654	NaN
6655	NaN
6656	NaN
6657	NaN
6658	NaN
6659	NaN
6660	1.20101500
6661	0.92764395
6662	0.85897791
6663	0.82540202
6664	0.80448687
6665	0.78977954
6666	0.77871317
6667	0.77005178
6668	0.76311773
6669	0.75750107
6670	0.75293386
6671	0.74923003
6672	0.74625349
6673	0.74390084
6674	0.74209052
6675	0.74075705
6676	0.73984599
6677	0.73931152
6678	0.73911411
6679	0.73921835
6680	0.73959208
6681	0.74020457
6682	0.74102569
6683	0.74202484
6684	0.74316978
6685	0.74442619
6686	0.74575663
6687	0.74711984
6688	0.74847072
6689	0.74975961
6690	0.75093228
6691	0.75193042
6692	0.75269186
6693	0.75315136
6694	0.75324202
6695	0.75289720
6696	0.75205231
6697	0.75064760
6698	0.74863100
6699	0.74596137
6700	0.74261159
6701	0.73857158
6702	0.73385102
6703	0.72848105
6704	0.72251564
6705	0.71603072
6706	0.70912284
6707	0.70190656
6708	0.69451016
6709	0.68707085
6710	0.67972964
6711	0.67262560
6712	0.66589081
6713	0.65964568
6714	0.65399486
6715	0.64902437
6716	0.64479935
6717	0.64136267
6718	0.63873458
6719	0.63691270
6720	0.63587272
6721	0.63556933
6722	0.63593799
6723	0.63689685
6724	0.63834876
6725	0.64018440
6726	0.64228511
6727	0.64452666
6728	0.64678264
6729	0.64892924
6730	0.65084857
6731	0.65243304
6732	0.65358883
6733	0.65423876
6734	0.65432441
6735	0.65380746
6736	0.65266985
6737	0.65091306
6738	0.64855629
6739	0.64563447
6740	0.64219493
6741	0.63829452
6742	0.63399643
6743	0.62936717
6744	0.62447381
6745	0.61938208
6746	0.61415446
6747	0.60884875
6748	0.60351759
6749	0.59820783
6750	0.59296054
6751	0.58781087
6752	0.58278865
6753	0.57791817
6754	0.57321936
6755	0.56870729
6756	0.56439328
6757	0.56028473
6758	0.55638576
6759	0.55269712
6760	0.54921657
6761	0.54593903
6762	0.54285640
6763	0.53995824
6764	0.53723109
6765	0.53465927
6766	0.53222477
6767	0.52990758
6768	0.52768612
6769	0.52553785
6770	0.52343959
6771	0.52136821
6772	0.51930124
6773	0.51721740
6774	0.51509702
6775	0.51292217
6776	0.51067734
6777	0.50834906
6778	0.50592643
6779	0.50340086
6780	0.50076616
6781	0.49801874
6782	0.49515724
6783	0.49218324
6784	0.48910096
6785	0.48591757
6786	0.48264343
6787	0.47929195
6788	0.47587991
6789	0.47242677
6790	0.46895486
6791	0.46548840
6792	0.46205291
6793	0.45867431
6794	0.45537791
6795	0.45218727
6796	0.44912320
6797	0.44620281
6798	0.44343859
6799	0.44083762
6800	0.43840134
6801	0.43612516
6802	0.43399858
6803	0.43200547
6804	0.43012458
6805	0.42833033
6806	0.42659360
6807	0.42488277
6808	0.42316446
6809	0.42140496
6810	0.41957083
6811	0.41762990
6812	0.41555223
6813	0.41331062
6814	0.41088140
6815	0.40824515
6816	0.40538684
6817	0.40229663
6818	0.39896986
6819	0.39540744
6820	0.39161563
6821	0.38760614
6822	0.38339561
6823	0.37900528
6824	0.37446043
6825	0.36978942
6826	0.36502329
6827	0.36019474
6828	0.35533753
6829	0.35048580
6830	0.34567353
6831	0.34093398
6832	0.33629969
6833	0.33180159
6834	0.32746959
6835	0.32333159
6836	0.31941408
6837	0.31574136
6838	0.31233582
6839	0.30921742
6840	0.30640361
6841	0.30390880
6842	0.30174428
6843	0.29991782
6844	0.29843292
6845	0.29728895
6846	0.29648039
6847	0.29599637
6848	0.29582039
6849	0.29592958
6850	0.29629433
6851	0.29687795
6852	0.29763600
6853	0.29851639
6854	0.29945928
6855	0.30039781
6856	0.30125877
6857	0.30196410
6858	0.30243275
6859	0.30258292
6860	0.30233479
6861	0.30161300
6862	0.30034968
6863	0.29848638
6864	0.29597616
6865	0.29278505
6866	0.28889203
6867	0.28428915
6868	0.27898067
6869	0.27298152
6870	0.26631564
6871	0.25901440
6872	0.25111485
6873	0.24265836
6874	0.23368977
6875	0.22425716
6876	0.21441162
6877	0.20420852
6878	0.19370854
6879	0.18297929
6880	0.17209740
6881	0.16115101
6882	0.15024167
6883	0.13948762
6884	0.12902547
6885	0.11901279
6886	0.10962976
6887	0.10108014
6888	0.09359174
6889	0.08741518
6890	0.08282145
6891	0.08009895
6892	0.07954826
6893	0.08147799
6894	0.08620206
6895	0.09404008
6896	0.10532644
6897	0.12043210
6898	0.13980825
6899	0.16406740
6900	0.19413474
6901	0.23153310
6902	0.27896294
6903	0.34161749
6904	0.43061700
6905	0.57413119
6906	0.86838180
6907	1.98492956
6908	NaN
6909	NaN
6910	NaN
6911	NaN
6912	NaN
6913	NaN
6914	NaN
6915	NaN
6916	NaN
6917	NaN
6918	NaN
6919	NaN
6920	NaN
6921	NaN
6922	NaN
6923	NaN
6924	NaN
6925	NaN
6926	NaN
6927	NaN
6928	NaN
6929	NaN
6930	NaN
6931	NaN
6932	NaN
6933	NaN
6934	NaN
6935	NaN
6936	NaN
6937	NaN
6938	NaN
6939	NaN
6940	NaN
6941	NaN
6942	NaN
6943	NaN
6944	NaN
6945	NaN
6946	NaN
6947	NaN
6948	NaN
6949	NaN
6950	NaN
6951	NaN
6952	NaN
6953	NaN
6954	NaN
6955	NaN
6956	NaN
6957	NaN
6958	NaN
6959	NaN
6960	NaN
6961	NaN
6962	NaN
6963	NaN
6964	NaN
6965	NaN
6966	NaN
6967	NaN
6968	NaN
6969	NaN
6970	NaN
6971	NaN
6972	NaN
6973	NaN
6974	NaN
6975	NaN
6976	NaN
6977	NaN
6978	NaN
6979	NaN
6980	NaN
6981	NaN
6982	NaN
6983	NaN
6984	NaN
6985	NaN
6986	NaN
6987	NaN
6988	1.17154658
6989	0.87791407
6990	0.80350810
6991	0.77254874
6992	0.75723308
6993	0.74910599
6994	0.74473339
6995	0.74246520
6996	0.74141687
6997	0.74107790
6998	0.74113810
6999	0.74140340
7000	0.74175000
7001	0.74209923
7002	0.74240214
7003	0.74262977
7004	0.74276721
7005	0.74280894
7006	0.74275655
7007	0.74261606
7008	0.74239659
7009	0.74210918
7010	0.74176556
7011	0.74137765
7012	0.74095637
7013	0.74051064
7014	0.74004734
7015	0.73956990
7016	0.73907810
7017	0.73856741
7018	0.73802859
7019	0.73744744
7020	0.73680472
7021	0.73607600
7022	0.73523211
7023	0.73424000
7024	0.73306262
7025	0.73166102
7026	0.72999495
7027	0.72802490
7028	0.72571415
7029	0.72303098
7030	0.71995127
7031	0.71646082
7032	0.71255827
7033	0.70825630
7034	0.70358342
7035	0.69858396
7036	0.69331795
7037	0.68785846
7038	0.68229002
7039	0.67670429
7040	0.67119652
7041	0.66586143
7042	0.66078889
7043	0.65606064
7044	0.65174669
7045	0.64790338
7046	0.64457166
7047	0.64177585
7048	0.63952374
7049	0.63780689
7050	0.63660115
7051	0.63586813
7052	0.63555640
7053	0.63560319
7054	0.63593578
7055	0.63647389
7056	0.63713115
7057	0.63781768
7058	0.63844210
7059	0.63891423
7060	0.63914788
7061	0.63906389
7062	0.63859266
7063	0.63767743
7064	0.63627630
7065	0.63436437
7066	0.63193429
7067	0.62899703
7068	0.62558037
7069	0.62172741
7070	0.61749369
7071	0.61294425
7072	0.60814989
7073	0.60318375
7074	0.59811783
7075	0.59302020
7076	0.58795285
7077	0.58296961
7078	0.57811564
7079	0.57342684
7080	0.56893003
7081	0.56464326
7082	0.56057709
7083	0.55673540
7084	0.55311644
7085	0.54971409
7086	0.54651910
7087	0.54351974
7088	0.54070282
7089	0.53805429
7090	0.53556013
7091	0.53320634
7092	0.53097922
7093	0.52886564
7094	0.52685279
7095	0.52492797
7096	0.52307832
7097	0.52129018
7098	0.51954913
7099	0.51783925
7100	0.51614279
7101	0.51444060
7102	0.51271147
7103	0.51093322
7104	0.50908262
7105	0.50713640
7106	0.50507200
7107	0.50286865
7108	0.50050801
7109	0.49797532
7110	0.49526006
7111	0.49235642
7112	0.48926383
7113	0.48598701
7114	0.48253587
7115	0.47892529
7116	0.47517461
7117	0.47130713
7118	0.46734947
7119	0.46333084
7120	0.45928222
7121	0.45523569
7122	0.45122355
7123	0.44727740
7124	0.44342738
7125	0.43970129
7126	0.43612343
7127	0.43271416
7128	0.42948896
7129	0.42645785
7130	0.42362499
7131	0.42098853
7132	0.41854078
7133	0.41626817
7134	0.41415226
7135	0.41216999
7136	0.41029483
7137	0.40849730
7138	0.40674648
7139	0.40501052
7140	0.40325764
7141	0.40145719
7142	0.39958012
7143	0.39759979
7144	0.39549240
7145	0.39323735
7146	0.39081761
7147	0.38821983
7148	0.38543445
7149	0.38245568
7150	0.37928164
7151	0.37591413
7152	0.37235886
7153	0.36862513
7154	0.36472589
7155	0.36067733
7156	0.35649866
7157	0.35221180
7158	0.34784070
7159	0.34341055
7160	0.33894747
7161	0.33447739
7162	0.33002579
7163	0.32561681
7164	0.32127309
7165	0.31701559
7166	0.31286347
7167	0.30883431
7168	0.30494419
7169	0.30120820
7170	0.29764080
7171	0.29425597
7172	0.29106742
7173	0.28808898
7174	0.28533399
7175	0.28281567
7176	0.28054616
7177	0.27853617
7178	0.27679417
7179	0.27532524
7180	0.27413025
7181	0.27320459
7182	0.27253664
7183	0.27210677
7184	0.27188599
7185	0.27183467
7186	0.27190220
7187	0.27202600
7188	0.27213243
7189	0.27213737
7190	0.27194834
7191	0.27146721
7192	0.27059382
7193	0.26922971
7194	0.26728198
7195	0.26466671
7196	0.26131165
7197	0.25715759
7198	0.25215858
7199	0.24628067
7200	0.23949979
7201	0.23179874
7202	0.22316347
7203	0.21357995
7204	0.20302999
7205	0.19148876
7206	0.17892198
7207	0.16528405
7208	0.15051717
7209	0.13455115
7210	0.11730459
7211	0.09868687
7212	0.07860292
7213	0.05695940
7214	0.03367415
7215	0.00869047
7216	-0.01800375
7217	-0.04634966
7218	-0.07617977
7219	-0.10717106
7220	-0.13877854
7221	-0.17014679
7222	-0.19998014
7223	-0.22633168
7224	-0.24619134
7225	-0.25445762
7226	-0.24070296
7227	-0.17477842
7228	NaN
7229	NaN
7230	NaN
7231	NaN
7232	NaN
7233	NaN
7234	NaN
7235	NaN
7236	NaN
7237	NaN
7238	NaN
7239	NaN
7240	NaN
7241	NaN
7242	NaN
7243	NaN
7244	NaN
7245	NaN
7246	NaN
7247	NaN
7248	NaN
7249	NaN
7250	NaN
7251	NaN
7252	NaN
7253	NaN
7254	NaN
7255	NaN
7256	NaN
7257	NaN
7258	NaN
7259	NaN
7260	NaN
7261	NaN
7262	NaN
7263	NaN
7264	NaN
7265	NaN
7266	NaN
7267	NaN
7268	NaN
7269	NaN
7270	NaN
7271	NaN
7272	NaN
7273	NaN
7274	NaN
7275	NaN
7276	NaN
7277	NaN
7278	NaN
7279	NaN
7280	NaN
7281	NaN
7282	NaN
7283	NaN
7284	NaN
7285	NaN
7286	NaN
7287	NaN
7288	NaN
7289	NaN
7290	NaN
7291	NaN
7292	NaN
7293	NaN
7294	NaN
7295	NaN
7296	NaN
7297	NaN
7298	NaN
7299	NaN
7300	NaN
7301	NaN
7302	NaN
7303	NaN
7304	NaN
7305	NaN
7306	NaN
7307	NaN
7308	NaN
7309	NaN
7310	NaN
7311	NaN
7312	NaN
7313	NaN
7314	NaN
7315	NaN
7316	NaN
7317	NaN
7318	5.34928656
7319	1.37222493
7320	1.02974737
7321	0.90444613
7322	0.84089679
7323	0.80343240
7324	0.77941835
7325	0.76323724
7326	0.75200653
7327	0.74409211
7328	0.73849678
7329	0.73457760
7330	0.73190135
7331	0.73016655
7332	0.72915792
7333	0.72871834
7334	0.72873151
7335	0.72911042
7336	0.72978902
7337	0.73071659
7338	0.73185366
7339	0.73316842
7340	0.73463446
7341	0.73622829
7342	0.73792785
7343	0.73971051
7344	0.74155164
7345	0.74342316
7346	0.74529237
7347	0.74712062
7348	0.74886250
7349	0.75046504
7350	0.75186735
7351	0.75300080
7352	0.75378948
7353	0.75415170
7354	0.75400192
7355	0.75325370
7356	0.75182348
7357	0.74963516
7358	0.74662530
7359	0.74274844
7360	0.73798293
7361	0.73233539
7362	0.72584492
7363	0.71858394
7364	0.71065909
7365	0.70220739
7366	0.69339162
7367	0.68439358
7368	0.67540503
7369	0.66661948
7370	0.65822351
7371	0.65038896
7372	0.64326698
7373	0.63698334
7374	0.63163543
7375	0.62729126
7376	0.62398905
7377	0.62173784
7378	0.62051958
7379	0.62029010
7380	0.62098181
7381	0.62250549
7382	0.62475252
7383	0.62759793
7384	0.63090235
7385	0.63451558
7386	0.63828015
7387	0.64203507
7388	0.64562058
7389	0.64888322
7390	0.65168029
7391	0.65388530
7392	0.65539253
7393	0.65612054
7394	0.65601498
7395	0.65505010
7396	0.65322822
7397	0.65057844
7398	0.64715350
7399	0.64302593
7400	0.63828307
7401	0.63302243
7402	0.62734693
7403	0.62136018
7404	0.61516303
7405	0.60885048
7406	0.60250992
7407	0.59621918
7408	0.59004647
7409	0.58405000
7410	0.57827818
7411	0.57277060
7412	0.56755817
7413	0.56266439
7414	0.55810571
7415	0.55389249
7416	0.55002898
7417	0.54651386
7418	0.54334062
7419	0.54049736
7420	0.53796709
7421	0.53572804
7422	0.53375375
7423	0.53201365
7424	0.53047395
7425	0.52909803
7426	0.52784765
7427	0.52668417
7428	0.52556902
7429	0.52446526
7430	0.52333790
7431	0.52215499
7432	0.52088749
7433	0.51951015
7434	0.51800072
7435	0.51634055
7436	0.51451421
7437	0.51250893
7438	0.51031494
7439	0.50792551
7440	0.50533634
7441	0.50254625
7442	0.49955738
7443	0.49637520
7444	0.49300891
7445	0.48947176
7446	0.48578122
7447	0.48195887
7448	0.47803041
7449	0.47402543
7450	0.46997669
7451	0.46591949
7452	0.46189064
7453	0.45792729
7454	0.45406562
7455	0.45033941
7456	0.44677868
7457	0.44340840
7458	0.44024730
7459	0.43730706
7460	0.43459177
7461	0.43209752
7462	0.42981255
7463	0.42771772
7464	0.42578709
7465	0.42398894
7466	0.42228681
7467	0.42064077
7468	0.41900888
7469	0.41734838
7470	0.41561714
7471	0.41377467
7472	0.41178322
7473	0.40960869
7474	0.40722138
7475	0.40459639
7476	0.40171418
7477	0.39856088
7478	0.39512822
7479	0.39141381
7480	0.38742113
7481	0.38315943
7482	0.37864360
7483	0.37389418
7484	0.36893690
7485	0.36380255
7486	0.35852647
7487	0.35314795
7488	0.34770963
7489	0.34225652
7490	0.33683515
7491	0.33149254
7492	0.32627517
7493	0.32122803
7494	0.31639373
7495	0.31181192
7496	0.30751863
7497	0.30354598
7498	0.29992205
7499	0.29667118
7500	0.29381353
7501	0.29136589
7502	0.28934148
7503	0.28775010
7504	0.28659809
7505	0.28588837
7506	0.28561935
7507	0.28578472
7508	0.28637213
7509	0.28736189
7510	0.28872555
7511	0.29042441
7512	0.29240781
7513	0.29461202
7514	0.29695922
7515	0.29935738
7516	0.30170092
7517	0.30387190
7518	0.30574307
7519	0.30718103
7520	0.30805090
7521	0.30822074
7522	0.30756676
7523	0.30597776
7524	0.30335847
7525	0.29963228
7526	0.29474193
7527	0.28864947
7528	0.28133431
7529	0.27279106
7530	0.26302585
7531	0.25205398
7532	0.23989633
7533	0.22657759
7534	0.21212426
7535	0.19656487
7536	0.17993014
7537	0.16225548
7538	0.14358452
7539	0.12397438
7540	0.10350309
7541	0.08227888
7542	0.06045249
7543	0.03823153
7544	0.01589913
7545	-0.00616575
7546	-0.02746434
7547	-0.04735176
7548	-0.06501132
7549	-0.07942603
7550	-0.08935497
7551	-0.09330475
7552	-0.08949913
7553	-0.07581995
7554	-0.04969485
7555	-0.00784719
7556	0.05423978
7557	0.14350536
7558	0.27204272
7559	0.46411991
7560	0.77770317
7561	1.39354563
7562	3.29190636
7563	NaN
7564	NaN
7565	NaN
7566	NaN
7567	NaN
7568	NaN
7569	NaN
7570	NaN
7571	NaN
7572	NaN
7573	NaN
7574	NaN
7575	NaN
7576	NaN
7577	NaN
7578	NaN
7579	NaN
7580	NaN
7581	NaN
7582	NaN
7583	NaN
7584	NaN
7585	NaN
7586	NaN
7587	NaN
7588	NaN
7589	NaN
7590	NaN
7591	NaN
7592	NaN
7593	NaN
7594	NaN
7595	NaN
7596	NaN
7597	NaN
7598	NaN
7599	NaN
7600	NaN
7601	NaN
7602	NaN
7603	NaN
7604	NaN
7605	NaN
7606	NaN
7607	NaN
7608	NaN
7609	NaN
7610	NaN
7611	NaN
7612	NaN
7613	NaN
7614	NaN
7615	NaN
7616	NaN
7617	NaN
7618	NaN
7619	NaN
7620	NaN
7621	NaN
7622	NaN
7623	NaN
7624	NaN
7625	NaN
7626	NaN
7627	NaN
7628	NaN
7629	NaN
7630	NaN
7631	NaN
7632	NaN
7633	NaN
7634	NaN
7635	NaN
7636	NaN
7637	NaN
7638	NaN
7639	NaN
7640	NaN
7641	NaN
7642	NaN
7643	NaN
7644	NaN
7645	NaN
7646	NaN
7647	1.50642121
7648	0.94578642
7649	0.84102458
7650	0.79793108
7651	0.77512270
7652	0.76146388
7653	0.75268918
7654	0.74680638
7655	0.74275696
7656	0.73992467
7657	0.73792642
7658	0.73651177
7659	0.73551160
7660	0.73480874
7661	0.73432082
7662	0.73399001
7663	0.73377597
7664	0.73365116
7665	0.73359722
7666	0.73360288
7667	0.73366171
7668	0.73377043
7669	0.73392791
7670	0.73413354
7671	0.73438650
7672	0.73468453
7673	0.73502296
7674	0.73539412
7675	0.73578680
7676	0.73618507
7677	0.73656875
7678	0.73691219
7679	0.73718464
7680	0.73735005
7681	0.73736703
7682	0.73718983
7683	0.73676819
7684	0.73604918
7685	0.73497832
7686	0.73350149
7687	0.73156786
7688	0.72913265
7689	0.72616059
7690	0.72262955
7691	0.71853423
7692	0.71388906
7693	0.70873028
7694	0.70311713
7695	0.69713086
7696	0.69087303
7697	0.68446070
7698	0.67802238
7699	0.67169112
7700	0.66559875
7701	0.65986943
7702	0.65461463
7703	0.64992845
7704	0.64588481
7705	0.64253563
7706	0.63991022
7707	0.63801563
7708	0.63683802
7709	0.63634402
7710	0.63648254
7711	0.63718706
7712	0.63837755
7713	0.63996226
7714	0.64183992
7715	0.64390165
7716	0.64603335
7717	0.64811802
7718	0.65003866
7719	0.65168166
7720	0.65294027
7721	0.65371823
7722	0.65393412
7723	0.65352440
7724	0.65244639
7725	0.65068048
7726	0.64823049
7727	0.64512312
7728	0.64140594
7729	0.63714391
7730	0.63241553
7731	0.62730777
7732	0.62191170
7733	0.61631799
7734	0.61061311
7735	0.60487604
7736	0.59917682
7737	0.59357506
7738	0.58811963
7739	0.58284873
7740	0.57779127
7741	0.57296747
7742	0.56839019
7743	0.56406641
7744	0.55999815
7745	0.55618387
7746	0.55261904
7747	0.54929727
7748	0.54621047
7749	0.54334950
7750	0.54070431
7751	0.53826368
7752	0.53601551
7753	0.53394628
7754	0.53204066
7755	0.53028166
7756	0.52864969
7757	0.52712238
7758	0.52567458
7759	0.52427793
7760	0.52290154
7761	0.52151215
7762	0.52007455
7763	0.51855320
7764	0.51691288
7765	0.51511985
7766	0.51314354
7767	0.51095712
7768	0.50853872
7769	0.50587255
7770	0.50294882
7771	0.49976441
7772	0.49632311
7773	0.49263498
7774	0.48871660
7775	0.48459005
7776	0.48028284
7777	0.47582695
7778	0.47125825
7779	0.46661544
7780	0.46193936
7781	0.45727184
7782	0.45265448
7783	0.44812790
7784	0.44373009
7785	0.43949571
7786	0.43545499
7787	0.43163273
7788	0.42804739
7789	0.42471093
7790	0.42162833
7791	0.41879749
7792	0.41620973
7793	0.41384980
7794	0.41169685
7795	0.40972525
7796	0.40790522
7797	0.40620413
7798	0.40458709
7799	0.40301812
7800	0.40146077
7801	0.39987910
7802	0.39823794
7803	0.39650369
7804	0.39464477
7805	0.39263192
7806	0.39043885
7807	0.38804254
7808	0.38542390
7809	0.38256818
7810	0.37946546
7811	0.37611121
7812	0.37250665
7813	0.36865884
7814	0.36458096
7815	0.36029163
7816	0.35581514
7817	0.35118034
7818	0.34642008
7819	0.34157014
7820	0.33666864
7821	0.33175462
7822	0.32686764
7823	0.32204685
7824	0.31733009
7825	0.31275403
7826	0.30835292
7827	0.30415902
7828	0.30020195
7829	0.29650843
7830	0.29310250
7831	0.29000488
7832	0.28723300
7833	0.28480089
7834	0.28271890
7835	0.28099307
7836	0.27962521
7837	0.27861181
7838	0.27794376
7839	0.27760515
7840	0.27757239
7841	0.27781323
7842	0.27828556
7843	0.27893677
7844	0.27970305
7845	0.28050938
7846	0.28127035
7847	0.28189167
7848	0.28227267
7849	0.28230953
7850	0.28189945
7851	0.28094488
7852	0.27935767
7853	0.27706289
7854	0.27400142
7855	0.27013105
7856	0.26542684
7857	0.25987920
7858	0.25349158
7859	0.24627706
7860	0.23825459
7861	0.22944537
7862	0.21986969
7863	0.20954454
7864	0.19848205
7865	0.18668894
7866	0.17416784
7867	0.16091955
7868	0.14694785
7869	0.13226610
7870	0.11690749
7871	0.10093852
7872	0.08447866
7873	0.06772631
7874	0.05099408
7875	0.03475633
7876	0.01971313
7877	0.00687407
7878	-0.00232938
7879	-0.00589077
7880	-0.00102106
7881	0.01616342
7882	0.05113522
7883	0.11185361
7884	0.21059836
7885	0.36824346
7886	0.62572813
7887	1.08161223
7888	2.06333756
7889	NaN
7890	NaN
7891	NaN
7892	NaN
7893	NaN
7894	NaN
7895	NaN
7896	NaN
7897	NaN
7898	NaN
7899	NaN
7900	NaN
7901	NaN
7902	NaN
7903	NaN
7904	NaN
7905	NaN
7906	NaN
7907	NaN
7908	NaN
7909	NaN
7910	NaN
7911	NaN
7912	NaN
7913	NaN
7914	NaN
7915	NaN
7916	NaN
7917	NaN
7918	NaN
7919	NaN
7920	NaN
7921	NaN
7922	NaN
7923	NaN
7924	NaN
7925	NaN
7926	NaN
7927	NaN
7928	NaN
7929	NaN
7930	NaN
7931	NaN
7932	NaN
7933	NaN
7934	NaN
7935	NaN
7936	NaN
7937	NaN
7938	NaN
7939	NaN
7940	NaN
7941	NaN
7942	NaN
7943	NaN
7944	NaN
7945	NaN
7946	NaN
7947	NaN
7948	NaN
7949	NaN
7950	NaN
7951	NaN
7952	NaN
7953	NaN
7954	NaN
7955	NaN
7956	NaN
7957	NaN
7958	NaN
7959	NaN
7960	NaN
7961	NaN
7962	NaN
7963	NaN
7964	NaN
7965	NaN
7966	NaN
7967	NaN
7968	NaN
7969	NaN
7970	NaN
7971	NaN
7972	NaN
7973	NaN
7974	1.62219763
7975	1.08118999
7976	0.93579304
7977	0.86851525
7978	0.83010453
7979	0.80563545
7980	0.78902298
7981	0.77730852
7982	0.76887137
7983	0.76274294
7984	0.75830424
7985	0.75513804
7986	0.75295120
7987	0.75152999
7988	0.75071490
7989	0.75038385
7990	0.75044227
7991	0.75081563
7992	0.75144488
7993	0.75228286
7994	0.75329125
7995	0.75443888
7996	0.75569946
7997	0.75705045
7998	0.75847137
7999	0.75994259
8000	0.76144391
8001	0.76295346
8002	0.76444644
8003	0.76589388
8004	0.76726198
8005	0.76851094
8006	0.76959497
8007	0.77046150
8008	0.77105200
8009	0.77130264
8010	0.77114570
8011	0.77051169
8012	0.76933199
8013	0.76754254
8014	0.76508719
8015	0.76192212
8016	0.75802010
8017	0.75337434
8018	0.74800158
8019	0.74194485
8020	0.73527384
8021	0.72808409
8022	0.72049481
8023	0.71264416
8024	0.70468438
8025	0.69677478
8026	0.68907541
8027	0.68173999
8028	0.67491049
8029	0.66871113
8030	0.66324508
8031	0.65859139
8032	0.65480351
8033	0.65190858
8034	0.64990759
8035	0.64877683
8036	0.64846832
8037	0.64891297
8038	0.65002161
8039	0.65168869
8040	0.65379429
8041	0.65620780
8042	0.65879178
8043	0.66140532
8044	0.66390908
8045	0.66616869
8046	0.66805983
8047	0.66947186
8048	0.67031163
8049	0.67050600
8050	0.67000413
8051	0.66877818
8052	0.66682345
8053	0.66415668
8054	0.66081476
8055	0.65685117
8056	0.65233290
8057	0.64733720
8058	0.64194769
8059	0.63625097
8060	0.63033414
8061	0.62428141
8062	0.61817282
8063	0.61208236
8064	0.60607672
8065	0.60021478
8066	0.59454727
8067	0.58911657
8068	0.58395725
8069	0.57909584
8070	0.57455170
8071	0.57033736
8072	0.56645876
8073	0.56291580
8074	0.55970263
8075	0.55680788
8076	0.55421489
8077	0.55190217
8078	0.54984379
8079	0.54800940
8080	0.54636562
8081	0.54487634
8082	0.54350358
8083	0.54220873
8084	0.54095334
8085	0.53970015
8086	0.53841412
8087	0.53706282
8088	0.53561753
8089	0.53405285
8090	0.53234780
8091	0.53048497
8092	0.52845109
8093	0.52623636
8094	0.52383482
8095	0.52124357
8096	0.51846290
8097	0.51549649
8098	0.51235074
8099	0.50903565
8100	0.50556421
8101	0.50195312
8102	0.49822247
8103	0.49439585
8104	0.49050063
8105	0.48656699
8106	0.48262775
8107	0.47871754
8108	0.47487152
8109	0.47112447
8110	0.46750909
8111	0.46405512
8112	0.46078765
8113	0.45772630
8114	0.45488423
8115	0.45226747
8116	0.44987470
8117	0.44769731
8118	0.44571954
8119	0.44391903
8120	0.44226766
8121	0.44073248
8122	0.43927678
8123	0.43786114
8124	0.43644485
8125	0.43498689
8126	0.43344718
8127	0.43178758
8128	0.42997289
8129	0.42797157
8130	0.42575663
8131	0.42330602
8132	0.42060307
8133	0.41763681
8134	0.41440195
8135	0.41089892
8136	0.40713394
8137	0.40311840
8138	0.39886898
8139	0.39440683
8140	0.38975760
8141	0.38495082
8142	0.38001931
8143	0.37499899
8144	0.36992812
8145	0.36484689
8146	0.35979679
8147	0.35481998
8148	0.34995854
8149	0.34525400
8150	0.34074634
8151	0.33647361
8152	0.33247128
8153	0.32877156
8154	0.32540315
8155	0.32239068
8156	0.31975475
8157	0.31751135
8158	0.31567192
8159	0.31424323
8160	0.31322703
8161	0.31261992
8162	0.31241289
8163	0.31259087
8164	0.31313178
8165	0.31400606
8166	0.31517556
8167	0.31659275
8168	0.31819978
8169	0.31992844
8170	0.32169986
8171	0.32342520
8172	0.32500705
8173	0.32634109
8174	0.32731903
8175	0.32783148
8176	0.32777184
8177	0.32703945
8178	0.32554340
8179	0.32320490
8180	0.31995967
8181	0.31575856
8182	0.31056780
8183	0.30436784
8184	0.29715207
8185	0.28892425
8186	0.27969679
8187	0.26948801
8188	0.25832096
8189	0.24622178
8190	0.23321916
8191	0.21934451
8192	0.20463267
8193	0.18912375
8194	0.17286606
8195	0.15591927
8196	0.13835929
8197	0.12028441
8198	0.10182106
8199	0.08313284
8200	0.06442778
8201	0.04596879
8202	0.02808224
8203	0.01116707
8204	-0.00429795
8205	-0.01774852
8206	-0.02853453
8207	-0.03592065
8208	-0.03909130
8209	-0.03715617
8210	-0.02914837
8211	-0.01400594
8212	0.00948031
8213	0.04278703
8214	0.08790292
8215	0.14781313
8216	0.22750235
8217	0.33618858
8218	0.49300352
8219	0.74451929
8220	1.23871672
8221	2.81525040
8222	NaN
8223	NaN
8224	NaN
8225	NaN
8226	NaN
8227	NaN
8228	NaN
8229	NaN
8230	NaN
8231	NaN
8232	NaN
8233	NaN
8234	NaN
8235	NaN
8236	NaN
8237	NaN
8238	NaN
8239	NaN
8240	NaN
8241	NaN
8242	NaN
8243	NaN
8244	NaN
8245	NaN
8246	NaN
8247	NaN
8248	NaN
8249	NaN
8250	NaN
8251	NaN
8252	NaN
8253	NaN
8254	NaN
8255	NaN
8256	NaN
8257	NaN
8258	NaN
8259	NaN
8260	NaN
8261	NaN
8262	NaN
8263	NaN
8264	NaN
8265	NaN
8266	NaN
8267	NaN
8268	NaN
8269	NaN
8270	NaN
8271	NaN
8272	NaN
8273	NaN
8274	NaN
8275	NaN
8276	NaN
8277	NaN
8278	NaN
8279	NaN
8280	NaN
8281	NaN
8282	NaN
8283	NaN
8284	NaN
8285	NaN
8286	NaN
8287	NaN
8288	NaN
8289	NaN
8290	NaN
8291	NaN
8292	NaN
8293	NaN
8294	NaN
8295	NaN
8296	NaN
8297	NaN
8298	NaN
8299	NaN
8300	NaN
8301	NaN
8302	5.78661251
8303	1.43640578
8304	1.08723116
8305	0.95937276
8306	0.89378589
8307	0.85434097
8308	0.82830685
8309	0.81004667
8310	0.79667920
8311	0.78657800
8312	0.77875555
8313	0.77257812
8314	0.76762134
8315	0.76359141
8316	0.76027942
8317	0.75753427
8318	0.75524485
8319	0.75332874
8320	0.75172424
8321	0.75038517
8322	0.74927598
8323	0.74836910
8324	0.74764198
8325	0.74707502
8326	0.74664956
8327	0.74634635
8328	0.74614459
8329	0.74602067
8330	0.74594742
8331	0.74589384
8332	0.74582469
8333	0.74570078
8334	0.74547845
8335	0.74511129
8336	0.74454975
8337	0.74374288
8338	0.74263990
8339	0.74119145
8340	0.73935199
8341	0.73708194
8342	0.73435032
8343	0.73113680
8344	0.72743452
8345	0.72325152
8346	0.71861273
8347	0.71355975
8348	0.70815140
8349	0.70246190
8350	0.69657886
8351	0.69059998
8352	0.68462938
8353	0.67877328
8354	0.67313570
8355	0.66781384
8356	0.66289455
8357	0.65845132
8358	0.65454131
8359	0.65120411
8360	0.64846116
8361	0.64631522
8362	0.64475155
8363	0.64373827
8364	0.64322859
8365	0.64316219
8366	0.64346701
8367	0.64406168
8368	0.64485747
8369	0.64576101
8370	0.64667654
8371	0.64750892
8372	0.64816588
8373	0.64856142
8374	0.64861834
8375	0.64827091
8376	0.64746726
8377	0.64617121
8378	0.64436346
8379	0.64204228
8380	0.63922262
8381	0.63593543
8382	0.63222510
8383	0.62814707
8384	0.62376446
8385	0.61914486
8386	0.61435688
8387	0.60946715
8388	0.60453790
8389	0.59962469
8390	0.59477574
8391	0.59003055
8392	0.58542049
8393	0.58096874
8394	0.57669103
8395	0.57259715
8396	0.56869131
8397	0.56497383
8398	0.56144172
8399	0.55808979
8400	0.55491132
8401	0.55189890
8402	0.54904419
8403	0.54633892
8404	0.54377437
8405	0.54134184
8406	0.53903204
8407	0.53683543
8408	0.53474170
8409	0.53273970
8410	0.53081691
8411	0.52895951
8412	0.52715188
8413	0.52537668
8414	0.52361441
8415	0.52184403
8416	0.52004266
8417	0.51818651
8418	0.51625121
8419	0.51421243
8420	0.51204729
8421	0.50973463
8422	0.50725639
8423	0.50459832
8424	0.50175047
8425	0.49870804
8426	0.49547154
8427	0.49204698
8428	0.48844579
8429	0.48468471
8430	0.48078516
8431	0.47677293
8432	0.47267738
8433	0.46853063
8434	0.46436673
8435	0.46022058
8436	0.45612693
8437	0.45211920
8438	0.44822848
8439	0.44448242
8440	0.44090420
8441	0.43751213
8442	0.43431860
8443	0.43132997
8444	0.42854640
8445	0.42596191
8446	0.42356464
8447	0.42133743
8448	0.41925824
8449	0.41730136
8450	0.41543794
8451	0.41363701
8452	0.41186649
8453	0.41009411
8454	0.40828836
8455	0.40641904
8456	0.40445799
8457	0.40237960
8458	0.40016106
8459	0.39778253
8460	0.39522752
8461	0.39248267
8462	0.38953787
8463	0.38638645
8464	0.38302520
8465	0.37945423
8466	0.37567732
8467	0.37170178
8468	0.36753845
8469	0.36320171
8470	0.35870928
8471	0.35408211
8472	0.34934407
8473	0.34452164
8474	0.33964348
8475	0.33473995
8476	0.32984260
8477	0.32498354
8478	0.32019511
8479	0.31550908
8480	0.31095675
8481	0.30656815
8482	0.30237243
8483	0.29839712
8484	0.29466856
8485	0.29121131
8486	0.28804848
8487	0.28520083
8488	0.28268674
8489	0.28052124
8490	0.27871555
8491	0.27727592
8492	0.27620262
8493	0.27548900
8494	0.27511996
8495	0.27507114
8496	0.27530745
8497	0.27578253
8498	0.27643791
8499	0.27720293
8500	0.27799520
8501	0.27872166
8502	0.27928057
8503	0.27956399
8504	0.27946159
8505	0.27886429
8506	0.27766842
8507	0.27577972
8508	0.27311695
8509	0.26961413
8510	0.26522231
8511	0.25990957
8512	0.25365996
8513	0.24647142
8514	0.23835313
8515	0.22932179
8516	0.21939868
8517	0.20860672
8518	0.19696787
8519	0.18450227
8520	0.17122802
8521	0.15716270
8522	0.14232661
8523	0.12674806
8524	0.11047062
8525	0.09356336
8526	0.07613336
8527	0.05834214
8528	0.04042429
8529	0.02271129
8530	0.00565653
8531	-0.01013488
8532	-0.02387605
8533	-0.03456507
8534	-0.04095129
8535	-0.04149245
8536	-0.03429440
8537	-0.01700014
8538	0.01343626
8539	0.06123897
8540	0.13290498
8541	0.23982017
8542	0.40528169
8543	0.68737465
8544	1.28397369
8545	NaN
8546	NaN
8547	NaN
8548	NaN
8549	NaN
8550	NaN
8551	NaN
8552	NaN
8553	NaN
8554	NaN
8555	NaN
8556	NaN
8557	NaN
8558	NaN
8559	NaN
8560	NaN
8561	NaN
8562	NaN
8563	NaN
8564	NaN
8565	NaN
8566	NaN
8567	NaN
8568	NaN
8569	NaN
8570	NaN
8571	NaN
8572	NaN
8573	NaN
8574	NaN
8575	NaN
8576	NaN
8577	NaN
8578	NaN
8579	NaN
8580	NaN
8581	NaN
8582	NaN
8583	NaN
8584	NaN
8585	NaN
8586	NaN
8587	NaN
8588	NaN
8589	NaN
8590	NaN
8591	NaN
8592	NaN
8593	NaN
8594	NaN
8595	NaN
8596	NaN
8597	NaN
8598	NaN
8599	NaN
8600	NaN
8601	NaN
8602	NaN
8603	NaN
8604	NaN
8605	NaN
8606	NaN
8607	NaN
8608	NaN
8609	NaN
8610	NaN
8611	NaN
8612	NaN
8613	NaN
8614	NaN
8615	NaN
8616	NaN
8617	NaN
8618	NaN
8619	NaN
8620	NaN
8621	NaN
8622	NaN
8623	NaN
8624	NaN
8625	NaN
8626	NaN
8627	NaN
8628	1.15870440
8629	0.90744346
8630	0.82999974
8631	0.79347479
8632	0.77297491
8633	0.76041400
8634	0.75237095
8635	0.74714506
8636	0.74379128
8637	0.74173963
8638	0.74062383
8639	0.74019641
8640	0.74028319
8641	0.74075794
8642	0.74152672
8643	0.74251872
8644	0.74367976
8645	0.74496812
8646	0.74635154
8647	0.74780494
8648	0.74930829
8649	0.75084478
8650	0.75240022
8651	0.75396061
8652	0.75551170
8653	0.75703704
8654	0.75851804
8655	0.75993156
8656	0.76125038
8657	0.76244169
8658	0.76346701
8659	0.76428175
8660	0.76483530
8661	0.76507151
8662	0.76492989
8663	0.76434672
8664	0.76325691
8665	0.76159751
8666	0.75931013
8667	0.75634497
8668	0.75266498
8669	0.74825007
8670	0.74310070
8671	0.73724163
8672	0.73072356
8673	0.72362399
8674	0.71604621
8675	0.70811623
8676	0.69997823
8677	0.69178885
8678	0.68371028
8679	0.67590362
8680	0.66852206
8681	0.66170490
8682	0.65557301
8683	0.65022492
8684	0.64573479
8685	0.64215136
8686	0.63949728
8687	0.63777035
8688	0.63694412
8689	0.63696975
8690	0.63777739
8691	0.63927883
8692	0.64136875
8693	0.64392805
8694	0.64682621
8695	0.64992458
8696	0.65307975
8697	0.65614790
8698	0.65898895
8699	0.66147089
8700	0.66347426
8701	0.66489643
8702	0.66565460
8703	0.66568917
8704	0.66496456
8705	0.66347021
8706	0.66121942
8707	0.65824759
8708	0.65460944
8709	0.65037531
8710	0.64562708
8711	0.64045435
8712	0.63495010
8713	0.62920761
8714	0.62331676
8715	0.61736196
8716	0.61142033
8717	0.60556048
8718	0.59984165
8719	0.59431380
8720	0.58901733
8721	0.58398414
8722	0.57923764
8723	0.57479352
8724	0.57066059
8725	0.56684142
8726	0.56333274
8727	0.56012619
8728	0.55720866
8729	0.55456275
8730	0.55216753
8731	0.54999840
8732	0.54802787
8733	0.54622638
8734	0.54456222
8735	0.54300284
8736	0.54151517
8737	0.54006642
8738	0.53862464
8739	0.53715962
8740	0.53564316
8741	0.53404957
8742	0.53235608
8743	0.53054279
8744	0.52859271
8745	0.52649200
8746	0.52422947
8747	0.52179670
8748	0.51918793
8749	0.51639974
8750	0.51343149
8751	0.51028496
8752	0.50696462
8753	0.50347787
8754	0.49983531
8755	0.49605089
8756	0.49214220
8757	0.48813066
8758	0.48404154
8759	0.47990385
8760	0.47574949
8761	0.47161311
8762	0.46753070
8763	0.46353844
8764	0.45967153
8765	0.45596242
8766	0.45243979
8767	0.44912699
8768	0.44604108
8769	0.44319215
8770	0.44058245
8771	0.43820673
8772	0.43605196
8773	0.43409789
8774	0.43231755
8775	0.43067858
8776	0.42914364
8777	0.42767197
8778	0.42622039
8779	0.42474461
8780	0.42320028
8781	0.42154422
8782	0.41973543
8783	0.41773602
8784	0.41551217
8785	0.41303486
8786	0.41028076
8787	0.40723267
8788	0.40388009
8789	0.40021968
8790	0.39625540
8791	0.39199880
8792	0.38746867
8793	0.38269088
8794	0.37769777
8795	0.37252766
8796	0.36722353
8797	0.36183229
8798	0.35640350
8799	0.35098797
8800	0.34563684
8801	0.34040004
8802	0.33532569
8803	0.33045882
8804	0.32584098
8805	0.32150963
8806	0.31749758
8807	0.31383297
8808	0.31053916
8809	0.30763441
8810	0.30513209
8811	0.30304083
8812	0.30136442
8813	0.30010188
8814	0.29924747
8815	0.29879075
8816	0.29871607
8817	0.29900277
8818	0.29962417
8819	0.30054733
8820	0.30173236
8821	0.30313173
8822	0.30468979
8823	0.30634251
8824	0.30801761
8825	0.30963510
8826	0.31110853
8827	0.31234676
8828	0.31325614
8829	0.31374371
8830	0.31371963
8831	0.31310046
8832	0.31181139
8833	0.30978844
8834	0.30697930
8835	0.30334362
8836	0.29885224
8837	0.29348543
8838	0.28723118
8839	0.28008243
8840	0.27203488
8841	0.26308468
8842	0.25322685
8843	0.24245399
8844	0.23075610
8845	0.21812132
8846	0.20453678
8847	0.18999158
8848	0.17447999
8849	0.15800633
8850	0.14059076
8851	0.12227792
8852	0.10314643
8853	0.08332220
8854	0.06299389
8855	0.04243235
8856	0.02201235
8857	0.00223866
8858	-0.01622674
8859	-0.03253754
8860	-0.04563349
8861	-0.05421329
8862	-0.05670117
8863	-0.05119511
8864	-0.03536443
8865	-0.00622397
8866	0.04037037
8867	0.11087128
8868	0.21682313
8869	0.38243490
8870	0.66992950
8871	1.30206740
8872	NaN
8873	NaN
8874	NaN
8875	NaN
8876	NaN
8877	NaN
8878	NaN
8879	NaN
8880	NaN
8881	NaN
8882	NaN
8883	NaN
8884	NaN
8885	NaN
8886	NaN
8887	NaN
8888	NaN
8889	NaN
8890	NaN
8891	NaN
8892	NaN
8893	NaN
8894	NaN
8895	NaN
8896	NaN
8897	NaN
8898	NaN
8899	NaN
8900	NaN
8901	NaN
8902	NaN
8903	NaN
8904	NaN
8905	NaN
8906	NaN
8907	NaN
8908	NaN
8909	NaN
8910	NaN
8911	NaN
8912	NaN
8913	NaN
8914	NaN
8915	NaN
8916	NaN
8917	NaN
8918	NaN
8919	NaN
8920	NaN
8921	NaN
8922	NaN
8923	NaN
8924	NaN
8925	NaN
8926	NaN
8927	NaN
8928	NaN
8929	NaN
8930	NaN
8931	NaN
8932	NaN
8933	NaN
8934	NaN
8935	NaN
8936	NaN
8937	NaN
8938	NaN
8939	NaN
8940	NaN
8941	NaN
8942	NaN
8943	NaN
8944	NaN
8945	NaN
8946	NaN
8947	NaN
8948	NaN
8949	NaN
8950	NaN
8951	NaN
8952	NaN
8953	NaN
8954	NaN
8955	NaN
8956	NaN
8957	NaN
8958	NaN
8959	NaN
8960	NaN
8961	NaN
8962	0.85881001
8963	0.78942430
8964	0.76595348
8965	0.75488806
8966	0.74881101
8967	0.74514991
8968	0.74278557
8969	0.74116057
8970	0.73997170
8971	0.73904562
8972	0.73828036
8973	0.73761636
8974	0.73701996
8975	0.73647428
8976	0.73597330
8977	0.73551852
8978	0.73511600
8979	0.73477477
8980	0.73450512
8981	0.73431784
8982	0.73422325
8983	0.73423004
8984	0.73434484
8985	0.73457134
8986	0.73490924
8987	0.73535454
8988	0.73589802
8989	0.73652506
8990	0.73721546
8991	0.73794270
8992	0.73867404
8993	0.73936999
8994	0.73998457
8995	0.74046552
8996	0.74075460
8997	0.74078828
8998	0.74049944
8999	0.73981887
9000	0.73867756
9001	0.73700988
9002	0.73475724
9003	0.73187244
9004	0.72832364
9005	0.72409928
9006	0.71921152
9007	0.71369898
9008	0.70762807
9009	0.70109242
9010	0.69420981
9011	0.68711799
9012	0.67996818
9013	0.67291802
9014	0.66612387
9015	0.65973371
9016	0.65388077
9017	0.64867830
9018	0.64421630
9019	0.64055932
9020	0.63774574
9021	0.63578796
9022	0.63467395
9023	0.63436842
9024	0.63481510
9025	0.63593847
9026	0.63764608
9027	0.63983053
9028	0.64237148
9029	0.64513820
9030	0.64799219
9031	0.65078998
9032	0.65338707
9033	0.65564191
9034	0.65742052
9035	0.65860188
9036	0.65908253
9037	0.65878159
9038	0.65764439
9039	0.65564531
9040	0.65278876
9041	0.64910817
9042	0.64466351
9043	0.63953722
9044	0.63382906
9045	0.62764996
9046	0.62111652
9047	0.61434507
9048	0.60744733
9049	0.60052651
9050	0.59367490
9051	0.58697230
9052	0.58048528
9053	0.57426780
9054	0.56836146
9055	0.56279671
9056	0.55759436
9057	0.55276674
9058	0.54831910
9059	0.54425097
9060	0.54055721
9061	0.53722894
9062	0.53425437
9063	0.53161907
9064	0.52930659
9065	0.52729815
9066	0.52557278
9067	0.52410698
9068	0.52287459
9069	0.52184659
9070	0.52099061
9071	0.52027088
9072	0.51964855
9073	0.51908177
9074	0.51852608
9075	0.51793534
9076	0.51726240
9077	0.51646054
9078	0.51548439
9079	0.51429147
9080	0.51284307
9081	0.51110595
9082	0.50905275
9083	0.50666338
9084	0.50392526
9085	0.50083375
9086	0.49739251
9087	0.49361292
9088	0.48951426
9089	0.48512325
9090	0.48047322
9091	0.47560367
9092	0.47055957
9093	0.46539015
9094	0.46014819
9095	0.45488858
9096	0.44966725
9097	0.44453937
9098	0.43955818
9099	0.43477315
9100	0.43022859
9101	0.42596215
9102	0.42200372
9103	0.41837466
9104	0.41508693
9105	0.41214335
9106	0.40953776
9107	0.40725544
9108	0.40527421
9109	0.40356541
9110	0.40209505
9111	0.40082502
9112	0.39971426
9113	0.39871964
9114	0.39779696
9115	0.39690155
9116	0.39598873
9117	0.39501470
9118	0.39393640
9119	0.39271247
9120	0.39130345
9121	0.38967225
9122	0.38778487
9123	0.38561103
9124	0.38312492
9125	0.38030592
9126	0.37713972
9127	0.37361857
9128	0.36974239
9129	0.36551902
9130	0.36096463
9131	0.35610378
9132	0.35096884
9133	0.34559980
9134	0.34004292
9135	0.33435008
9136	0.32857710
9137	0.32278261
9138	0.31702653
9139	0.31136906
9140	0.30586937
9141	0.30058500
9142	0.29557100
9143	0.29087949
9144	0.28655958
9145	0.28265703
9146	0.27921399
9147	0.27626932
9148	0.27385786
9149	0.27201033
9150	0.27075288
9151	0.27010590
9152	0.27008310
9153	0.27068976
9154	0.27192074
9155	0.27375787
9156	0.27616754
9157	0.27909735
9158	0.28247362
9159	0.28619897
9160	0.29015127
9161	0.29418328
9162	0.29812548
9163	0.30178949
9164	0.30497465
9165	0.30747619
9166	0.30909449
9167	0.30964434
9168	0.30896351
9169	0.30691957
9170	0.30341345
9171	0.29838061
9172	0.29178834
9173	0.28363085
9174	0.27392292
9175	0.26269156
9176	0.24996853
9177	0.23578304
9178	0.22015604
9179	0.20309588
9180	0.18459664
9181	0.16463800
9182	0.14318898
9183	0.12021401
9184	0.09568341
9185	0.06958912
9186	0.04196732
9187	0.01292957
9188	-0.01729249
9189	-0.04828754
9190	-0.07938490
9191	-0.10955086
9192	-0.13725863
9193	-0.16033617
9194	-0.17579745
9195	-0.17967275
9196	-0.16684870
9197	-0.13090518
9198	-0.06385650
9199	0.04451098
9200	0.20845550
9201	0.45125172
9202	0.81922603
9203	1.42770624
9204	2.66814780
9205	NaN
9206	NaN
9207	NaN
9208	NaN
9209	NaN
9210	NaN
9211	NaN
9212	NaN
9213	NaN
9214	NaN
9215	NaN
9216	NaN
9217	NaN
9218	NaN
9219	NaN
9220	NaN
9221	NaN
9222	NaN
9223	NaN
9224	NaN
9225	NaN
9226	NaN
9227	NaN
9228	NaN
9229	NaN
9230	NaN
9231	NaN
9232	NaN
9233	NaN
9234	NaN
9235	NaN
9236	NaN
9237	NaN
9238	NaN
9239	NaN
9240	NaN
9241	NaN
9242	NaN
9243	NaN
9244	NaN
9245	NaN
9246	NaN
9247	NaN
9248	NaN
9249	NaN
9250	NaN
9251	NaN
9252	NaN
9253	NaN
9254	NaN
9255	NaN
9256	NaN
9257	NaN
9258	NaN
9259	NaN
9260	NaN
9261	NaN
9262	NaN
9263	NaN
9264	NaN
9265	NaN
9266	NaN
9267	NaN
9268	NaN
9269	NaN
9270	NaN
9271	NaN
9272	NaN
9273	NaN
9274	NaN
9275	NaN
9276	NaN
9277	NaN
9278	NaN
9279	NaN
9280	NaN
9281	NaN
9282	NaN
9283	NaN
9284	NaN
9285	NaN
9286	NaN
9287	NaN
9288	NaN
9289	NaN
9290	NaN
9291	NaN
9292	NaN
9293	NaN
9294	NaN
9295	NaN
9296	NaN
9297	2.24013925
9298	1.17116535
9299	0.95012259
9300	0.85794014
9301	0.80941856
9302	0.78085726
9303	0.76302546
9304	0.75156945
9305	0.74416226
9306	0.73944491
9307	0.73657131
9308	0.73498809
9309	0.73432010
9310	0.73430663
9311	0.73476267
9312	0.73555595
9313	0.73659128
9314	0.73780042
9315	0.73913497
9316	0.74056089
9317	0.74205506
9318	0.74360144
9319	0.74518925
9320	0.74681067
9321	0.74845874
9322	0.75012583
9323	0.75180215
9324	0.75347412
9325	0.75512296
9326	0.75672340
9327	0.75824273
9328	0.75963932
9329	0.76086253
9330	0.76185185
9331	0.76253694
9332	0.76283878
9333	0.76267064
9334	0.76194072
9335	0.76055551
9336	0.75842392
9337	0.75546342
9338	0.75160593
9339	0.74680483
9340	0.74104196
9341	0.73433328
9342	0.72673368
9343	0.71833837
9344	0.70928234
9345	0.69973552
9346	0.68989611
9347	0.67998028
9348	0.67021203
9349	0.66081166
9350	0.65198541
9351	0.64391750
9352	0.63676345
9353	0.63064587
9354	0.62565315
9355	0.62183905
9356	0.61922377
9357	0.61779577
9358	0.61751455
9359	0.61831242
9360	0.62009734
9361	0.62275481
9362	0.62615055
9363	0.63013244
9364	0.63453352
9365	0.63917547
9366	0.64387244
9367	0.64843571
9368	0.65267992
9369	0.65642852
9370	0.65952110
9371	0.66181928
9372	0.66321272
9373	0.66362369
9374	0.66300952
9375	0.66136378
9376	0.65871429
9377	0.65512049
9378	0.65066779
9379	0.64546204
9380	0.63962269
9381	0.63327658
9382	0.62655222
9383	0.61957473
9384	0.61246210
9385	0.60532266
9386	0.59825319
9387	0.59133846
9388	0.58465081
9389	0.57825059
9390	0.57218719
9391	0.56649941
9392	0.56121665
9393	0.55635947
9394	0.55194050
9395	0.54796481
9396	0.54443043
9397	0.54132879
9398	0.53864431
9399	0.53635556
9400	0.53443468
9401	0.53284776
9402	0.53155577
9403	0.53051502
9404	0.52967751
9405	0.52899277
9406	0.52840865
9407	0.52787256
9408	0.52733308
9409	0.52674127
9410	0.52605158
9411	0.52522308
9412	0.52421999
9413	0.52301198
9414	0.52157444
9415	0.51988822
9416	0.51793945
9417	0.51571882
9418	0.51322174
9419	0.51044726
9420	0.50739849
9421	0.50408208
9422	0.50050837
9423	0.49669161
9424	0.49265042
9425	0.48840788
9426	0.48399222
9427	0.47943720
9428	0.47478196
9429	0.47007126
9430	0.46535462
9431	0.46068585
9432	0.45612144
9433	0.45171899
9434	0.44753528
9435	0.44362387
9436	0.44003311
9437	0.43680388
9438	0.43396780
9439	0.43154579
9440	0.42954701
9441	0.42796853
9442	0.42679527
9443	0.42600074
9444	0.42554766
9445	0.42538941
9446	0.42547095
9447	0.42573076
9448	0.42610180
9449	0.42651296
9450	0.42689055
9451	0.42715931
9452	0.42724416
9453	0.42707106
9454	0.42656916
9455	0.42567211
9456	0.42432034
9457	0.42246291
9458	0.42005956
9459	0.41708282
9460	0.41351929
9461	0.40937081
9462	0.40465450
9463	0.39940271
9464	0.39366183
9465	0.38749081
9466	0.38095909
9467	0.37414438
9468	0.36712974
9469	0.36000130
9470	0.35284495
9471	0.34574452
9472	0.33877930
9473	0.33202231
9474	0.32553941
9475	0.31938824
9476	0.31361824
9477	0.30827096
9478	0.30338031
9479	0.29897341
9480	0.29507130
9481	0.29168972
9482	0.28883967
9483	0.28652778
9484	0.28475669
9485	0.28352490
9486	0.28282648
9487	0.28265041
9488	0.28297991
9489	0.28379098
9490	0.28505129
9491	0.28671858
9492	0.28873906
9493	0.29104593
9494	0.29355860
9495	0.29618198
9496	0.29880726
9497	0.30131319
9498	0.30356914
9499	0.30543858
9500	0.30678383
9501	0.30747125
9502	0.30737582
9503	0.30638570
9504	0.30440524
9505	0.30135629
9506	0.29717851
9507	0.29182756
9508	0.28527278
9509	0.27749380
9510	0.26847714
9511	0.25821322
9512	0.24669373
9513	0.23391005
9514	0.21985315
9515	0.20451409
9516	0.18788669
9517	0.16997194
9518	0.15078370
9519	0.13035721
9520	0.10876019
9521	0.08610661
9522	0.06257335
9523	0.03842074
9524	0.01401449
9525	-0.01015100
9526	-0.03343134
9527	-0.05501632
9528	-0.07392539
9529	-0.08901926
9530	-0.09903432
9531	-0.10263941
9532	-0.09851002
9533	-0.08540508
9534	-0.06222201
9535	-0.02799815
9536	0.01818163
9537	0.07741593
9538	0.15142910
9539	0.24337871
9540	0.35942525
9541	0.51217937
9542	0.72971487
9543	1.08523846
9544	1.83861017
9545	5.02005148
9546	NaN
9547	NaN
9548	NaN
9549	NaN
9550	NaN
9551	NaN
9552	NaN
9553	NaN
9554	NaN
9555	NaN
9556	NaN
9557	NaN
9558	NaN
9559	NaN
9560	NaN
9561	NaN
9562	NaN
9563	NaN
9564	NaN
9565	NaN
9566	NaN
9567	NaN
9568	NaN
9569	NaN
9570	NaN
9571	NaN
9572	NaN
9573	NaN
9574	NaN
9575	NaN
9576	NaN
9577	NaN
9578	NaN
9579	NaN
9580	NaN
9581	NaN
9582	NaN
9583	NaN
9584	NaN
9585	NaN
9586	NaN
9587	NaN
9588	NaN
9589	NaN
9590	NaN
9591	NaN
9592	NaN
9593	NaN
9594	NaN
9595	NaN
9596	NaN
9597	NaN
9598	NaN
9599	NaN
9600	NaN
9601	NaN
9602	NaN
9603	NaN
9604	NaN
9605	NaN
9606	NaN
9607	NaN
9608	NaN
9609	NaN
9610	NaN
9611	NaN
9612	NaN
9613	NaN
9614	NaN
9615	NaN
9616	NaN
9617	NaN
9618	NaN
9619	NaN
9620	NaN
9621	NaN
9622	NaN
9623	NaN
9624	NaN
9625	NaN
9626	NaN
9627	NaN
9628	NaN
9629	NaN
9630	2.10514951
9631	1.11801028
9632	0.93327767
9633	0.85605329
9634	0.81405079
9635	0.78789008
9636	0.77017838
9637	0.75748217
9638	0.74799091
9639	0.74066114
9640	0.73485142
9641	0.73014820
9642	0.72627574
9643	0.72304535
9644	0.72032619
9645	0.71802646
9646	0.71608216
9647	0.71444839
9648	0.71309435
9649	0.71199852
9650	0.71114606
9651	0.71052575
9652	0.71012825
9653	0.70994425
9654	0.70996284
9655	0.71017039
9656	0.71054947
9657	0.71107787
9658	0.71172804
9659	0.71246660
9660	0.71325386
9661	0.71404356
9662	0.71478349
9663	0.71541506
9664	0.71587455
9665	0.71609402
9666	0.71600270
9667	0.71552908
9668	0.71460289
9669	0.71315873
9670	0.71113867
9671	0.70849633
9672	0.70520055
9673	0.70123905
9674	0.69662130
9675	0.69138098
9676	0.68557686
9677	0.67929208
9678	0.67263263
9679	0.66572291
9680	0.65870106
9681	0.65171319
9682	0.64490628
9683	0.63842243
9684	0.63239259
9685	0.62693185
9686	0.62213558
9687	0.61807710
9688	0.61480629
9689	0.61234945
9690	0.61070961
9691	0.60986805
9692	0.60978562
9693	0.61040425
9694	0.61164892
9695	0.61342925
9696	0.61564147
9697	0.61817038
9698	0.62089181
9699	0.62367517
9700	0.62638646
9701	0.62889236
9702	0.63106394
9703	0.63278139
9704	0.63393855
9705	0.63444746
9706	0.63424200
9707	0.63328063
9708	0.63154846
9709	0.62905639
9710	0.62584031
9711	0.62195778
9712	0.61748356
9713	0.61250544
9714	0.60711807
9715	0.60141897
9716	0.59550333
9717	0.58946073
9718	0.58337271
9719	0.57731080
9720	0.57133609
9721	0.56549919
9722	0.55984104
9723	0.55439401
9724	0.54918289
9725	0.54422665
9726	0.53953940
9727	0.53513151
9728	0.53101051
9729	0.52718145
9730	0.52364737
9731	0.52040929
9732	0.51746589
9733	0.51481330
9734	0.51244485
9735	0.51035029
9736	0.50851578
9737	0.50692302
9738	0.50554943
9739	0.50436795
9740	0.50334680
9741	0.50244981
9742	0.50163722
9743	0.50086582
9744	0.50009006
9745	0.49926335
9746	0.49833882
9747	0.49727091
9748	0.49601659
9749	0.49453655
9750	0.49279645
9751	0.49076787
9752	0.48842868
9753	0.48576418
9754	0.48276678
9755	0.47943658
9756	0.47578102
9757	0.47181460
9758	0.46755880
9759	0.46304139
9760	0.45829606
9761	0.45336148
9762	0.44828075
9763	0.44310048
9764	0.43786943
9765	0.43263769
9766	0.42745525
9767	0.42237055
9768	0.41742924
9769	0.41267297
9770	0.40813789
9771	0.40385383
9772	0.39984342
9773	0.39612147
9774	0.39269489
9775	0.38956261
9776	0.38671592
9777	0.38413924
9778	0.38181087
9779	0.37970397
9780	0.37778768
9781	0.37602821
9782	0.37438989
9783	0.37283590
9784	0.37132940
9785	0.36983377
9786	0.36831340
9787	0.36673388
9788	0.36506251
9789	0.36326832
9790	0.36132240
9791	0.35919842
9792	0.35687265
9793	0.35432476
9794	0.35153791
9795	0.34849960
9796	0.34520197
9797	0.34164232
9798	0.33782333
9799	0.33375326
9800	0.32944620
9801	0.32492167
9802	0.32020444
9803	0.31532395
9804	0.31031379
9805	0.30521107
9806	0.30005568
9807	0.29488954
9808	0.28975606
9809	0.28469947
9810	0.27976424
9811	0.27499476
9812	0.27043483
9813	0.26612720
9814	0.26211330
9815	0.25843269
9816	0.25512242
9817	0.25221667
9818	0.24974547
9819	0.24773434
9820	0.24620265
9821	0.24516255
9822	0.24461745
9823	0.24456035
9824	0.24497235
9825	0.24582089
9826	0.24705856
9827	0.24862213
9828	0.25043207
9829	0.25239304
9830	0.25439531
9831	0.25631711
9832	0.25802818
9833	0.25939405
9834	0.26028076
9835	0.26056033
9836	0.26011536
9837	0.25884300
9838	0.25665841
9839	0.25349578
9840	0.24930885
9841	0.24406970
9842	0.23776622
9843	0.23039968
9844	0.22198127
9845	0.21252953
9846	0.20206812
9847	0.19062488
9848	0.17823246
9849	0.16493008
9850	0.15076789
9851	0.13581271
9852	0.12015668
9853	0.10392770
9854	0.08730296
9855	0.07052426
9856	0.05391617
9857	0.03790541
9858	0.02304026
9859	0.01000915
9860	-0.00034559
9861	-0.00702108
9862	-0.00885525
9863	-0.00454084
9864	0.00735662
9865	0.02838174
9866	0.06019463
9867	0.10463065
9868	0.16386835
9869	0.24079302
9870	0.33972758
9871	0.46791750
9872	0.63874400
9873	0.87961066
9874	1.25518000
9875	1.95845866
9876	3.92352438
9877	NaN
9878	NaN
9879	NaN
9880	NaN
9881	NaN
9882	NaN
9883	NaN
9884	NaN
9885	NaN
9886	NaN
9887	NaN
9888	NaN
9889	NaN
9890	NaN
9891	NaN
9892	NaN
9893	NaN
9894	NaN
9895	NaN
9896	NaN
9897	NaN
9898	NaN
9899	NaN
9900	NaN
9901	NaN
9902	NaN
9903	NaN
9904	NaN
9905	NaN
9906	NaN
9907	NaN
9908	NaN
9909	NaN
9910	NaN
9911	NaN
9912	NaN
9913	NaN
9914	NaN
9915	NaN
9916	NaN
9917	NaN
9918	NaN
9919	NaN
9920	NaN
9921	NaN
9922	NaN
9923	NaN
9924	NaN
9925	NaN
9926	NaN
9927	NaN
9928	NaN
9929	NaN
9930	NaN
9931	NaN
9932	NaN
9933	NaN
9934	NaN
9935	NaN
9936	NaN
9937	NaN
9938	NaN
9939	NaN
9940	NaN
9941	NaN
9942	NaN
9943	NaN
9944	NaN
9945	NaN
9946	NaN
9947	NaN
9948	NaN
9949	0.47105312
9950	0.65588921
9951	0.70846349
9952	0.73160177
9953	0.74362457
9954	0.75037390
9955	0.75429159
9956	0.75657564
9957	0.75787902
9958	0.75858372
9959	0.75892532
9960	0.75905341
9961	0.75906557
9962	0.75902593
9963	0.75897658
9964	0.75894475
9965	0.75894755
9966	0.75899494
9967	0.75909191
9968	0.75923985
9969	0.75943774
9970	0.75968230
9971	0.75996888
9972	0.76029110
9973	0.76064104
9974	0.76100856
9975	0.76138085
9976	0.76174188
9977	0.76207107
9978	0.76234317
9979	0.76252681
9980	0.76258457
9981	0.76247251
9982	0.76214069
9983	0.76153350
9984	0.76059192
9985	0.75925505
9986	0.75746346
9987	0.75516224
9988	0.75230515
9989	0.74885815
9990	0.74480367
9991	0.74014336
9992	0.73490107
9993	0.72912353
9994	0.72288036
9995	0.71626288
9996	0.70938027
9997	0.70235598
9998	0.69532263
9999	0.68841630
10000	0.68177116
10001	0.67551446
10002	0.66976184
10003	0.66461378
10004	0.66015261
10005	0.65644032
10006	0.65351772
10007	0.65140343
10008	0.65009373
10009	0.64956343
10010	0.64976633
10011	0.65063643
10012	0.65208960
10013	0.65402561
10014	0.65633065
10015	0.65888035
10016	0.66154337
10017	0.66418540
10018	0.66667372
10019	0.66888165
10020	0.67069322
10021	0.67200738
10022	0.67274165
10023	0.67283499
10024	0.67224932
10025	0.67097014
10026	0.66900611
10027	0.66638666
10028	0.66315997
10029	0.65938878
10030	0.65514719
10031	0.65051633
10032	0.64558065
10033	0.64042455
10034	0.63512921
10035	0.62977028
10036	0.62441611
10037	0.61912662
10038	0.61395234
10039	0.60893476
10040	0.60410601
10041	0.59948933
10042	0.59510005
10043	0.59094608
10044	0.58702856
10045	0.58334285
10046	0.57987922
10047	0.57662344
10048	0.57355767
10049	0.57066119
10050	0.56791067
10051	0.56528163
10052	0.56274843
10053	0.56028569
10054	0.55786830
10055	0.55547279
10056	0.55307734
10057	0.55066270
10058	0.54821235
10059	0.54571247
10060	0.54315233
10061	0.54052383
10062	0.53782141
10063	0.53504151
10064	0.53218234
10065	0.52924335
10066	0.52622521
10067	0.52312917
10068	0.51995742
10069	0.51671267
10070	0.51339859
10071	0.51002002
10072	0.50658315
10073	0.50309587
10074	0.49956810
10075	0.49601203
10076	0.49244213
10077	0.48887524
10078	0.48533025
10079	0.48182774
10080	0.47838968
10081	0.47503862
10082	0.47179666
10083	0.46868509
10084	0.46572292
10085	0.46292621
10086	0.46030718
10087	0.45787331
10088	0.45562688
10089	0.45356420
10090	0.45167565
10091	0.44994560
10092	0.44835237
10093	0.44686905
10094	0.44546393
10095	0.44410148
10096	0.44274345
10097	0.44134995
10098	0.43988082
10099	0.43829668
10100	0.43656045
10101	0.43463814
10102	0.43249995
10103	0.43012103
10104	0.42748201
10105	0.42456931
10106	0.42137554
10107	0.41789949
10108	0.41414598
10109	0.41012594
10110	0.40585616
10111	0.40135896
10112	0.39666185
10113	0.39179692
10114	0.38680047
10115	0.38171202
10116	0.37657347
10117	0.37142813
10118	0.36631966
10119	0.36129099
10120	0.35638344
10121	0.35163575
10122	0.34708333
10123	0.34275782
10124	0.33868679
10125	0.33489332
10126	0.33139637
10127	0.32821056
10128	0.32534650
10129	0.32281095
10130	0.32060707
10131	0.31873438
10132	0.31718913
10133	0.31596380
10134	0.31504750
10135	0.31442520
10136	0.31407759
10137	0.31398073
10138	0.31410563
10139	0.31441778
10140	0.31487700
10141	0.31543741
10142	0.31604758
10143	0.31665096
10144	0.31718671
10145	0.31759086
10146	0.31779754
10147	0.31774062
10148	0.31735554
10149	0.31658122
10150	0.31536153
10151	0.31364715
10152	0.31139714
10153	0.30858001
10154	0.30517456
10155	0.30117059
10156	0.29656926
10157	0.29138252
10158	0.28563339
10159	0.27935481
10160	0.27258900
10161	0.26538655
10162	0.25780538
10163	0.24990958
10164	0.24176909
10165	0.23345873
10166	0.22505809
10167	0.21665159
10168	0.20832877
10169	0.20018496
10170	0.19232181
10171	0.18484822
10172	0.17788073
10173	0.17154348
10174	0.16596781
10175	0.16129069
10176	0.15765193
10177	0.15519087
10178	0.15404126
10179	0.15432535
10180	0.15614793
10181	0.15958856
10182	0.16469654
10183	0.17148489
10184	0.17992757
10185	0.18995805
10186	0.20147161
10187	0.21432869
10188	0.22836159
10189	0.24338174
10190	0.25918832
10191	0.27557522
10192	0.29233825
10193	0.30927724
10194	0.32619694
10195	0.34289891
10196	0.35916451
10197	0.37471467
10198	0.38911343
10199	0.40150905
10200	0.40974009
10201	0.40569958
10202	NaN
10203	NaN
10204	NaN
10205	NaN
10206	NaN
10207	NaN
10208	NaN
10209	NaN
10210	NaN
10211	NaN
10212	NaN
10213	NaN
10214	NaN
10215	NaN
10216	NaN
10217	NaN
10218	NaN
10219	NaN
10220	NaN
10221	NaN
10222	NaN
10223	NaN
10224	NaN
10225	NaN
10226	NaN
10227	NaN
10228	NaN
10229	NaN
10230	NaN
10231	NaN
10232	NaN
10233	NaN
10234	NaN
10235	NaN
10236	NaN
10237	NaN
10238	NaN
10239	NaN
10240	NaN
10241	NaN
10242	NaN
10243	NaN
10244	NaN
10245	NaN
10246	NaN
10247	NaN
10248	NaN
10249	NaN
10250	NaN
10251	NaN
10252	NaN
10253	NaN
10254	NaN
10255	NaN
10256	NaN
10257	NaN
10258	NaN
10259	NaN
10260	NaN
10261	NaN
10262	NaN
10263	NaN
10264	NaN
10265	NaN
10266	NaN
10267	NaN
10268	NaN
10269	NaN
10270	NaN
10271	NaN
10272	NaN
10273	NaN
10274	NaN
10275	NaN
10276	NaN
10277	NaN
10278	NaN
10279	NaN
10280	NaN
10281	NaN
10282	0.92793071
10283	0.77310848
10284	0.74089676
10285	0.73104537
10286	0.72876430
10287	0.72966248
10288	0.73198485
10289	0.73490340
10290	0.73798740
10291	0.74100101
10292	0.74381340
10293	0.74635482
10294	0.74859285
10295	0.75051886
10296	0.75213933
10297	0.75347012
10298	0.75453365
10299	0.75535512
10300	0.75596189
10301	0.75638121
10302	0.75663990
10303	0.75676316
10304	0.75677419
10305	0.75669348
10306	0.75653839
10307	0.75632244
10308	0.75605488
10309	0.75574023
10310	0.75537765
10311	0.75496048
10312	0.75447619
10313	0.75390589
10314	0.75322407
10315	0.75239944
10316	0.75139505
10317	0.75016916
10318	0.74867660
10319	0.74687076
10320	0.74470538
10321	0.74213713
10322	0.73912877
10323	0.73565161
10324	0.73168910
10325	0.72723895
10326	0.72231621
10327	0.71695393
10328	0.71120447
10329	0.70513839
10330	0.69884288
10331	0.69241875
10332	0.68597692
10333	0.67963344
10334	0.67350513
10335	0.66770458
10336	0.66233575
10337	0.65748996
10338	0.65324306
10339	0.64965284
10340	0.64675766
10341	0.64457577
10342	0.64310491
10343	0.64232337
10344	0.64218986
10345	0.64264584
10346	0.64361590
10347	0.64501047
10348	0.64672709
10349	0.64865333
10350	0.65066898
10351	0.65264952
10352	0.65446925
10353	0.65600526
10354	0.65714157
10355	0.65777296
10356	0.65780962
10357	0.65718079
10358	0.65583771
10359	0.65375620
10360	0.65093738
10361	0.64740747
10362	0.64321578
10363	0.63843185
10364	0.63314116
10365	0.62744051
10366	0.62143272
10367	0.61522174
10368	0.60890836
10369	0.60258633
10370	0.59633970
10371	0.59024072
10372	0.58434933
10373	0.57871282
10374	0.57336640
10375	0.56833428
10376	0.56363124
10377	0.55926377
10378	0.55523187
10379	0.55153060
10380	0.54815114
10381	0.54508203
10382	0.54231012
10383	0.53982079
10384	0.53759855
10385	0.53562707
10386	0.53388864
10387	0.53236437
10388	0.53103381
10389	0.52987415
10390	0.52885997
10391	0.52796334
10392	0.52715319
10393	0.52639568
10394	0.52565414
10395	0.52488995
10396	0.52406269
10397	0.52313161
10398	0.52205604
10399	0.52079713
10400	0.51931846
10401	0.51758748
10402	0.51557672
10403	0.51326436
10404	0.51063561
10405	0.50768262
10406	0.50440562
10407	0.50081265
10408	0.49691972
10409	0.49275061
10410	0.48833632
10411	0.48371443
10412	0.47892821
10413	0.47402549
10414	0.46905720
10415	0.46407625
10416	0.45913568
10417	0.45428735
10418	0.44958019
10419	0.44505891
10420	0.44076258
10421	0.43672359
10422	0.43296677
10423	0.42950884
10424	0.42635798
10425	0.42351401
10426	0.42096838
10427	0.41870499
10428	0.41670069
10429	0.41492638
10430	0.41334790
10431	0.41192734
10432	0.41062415
10433	0.40939629
10434	0.40820140
10435	0.40699768
10436	0.40574503
10437	0.40440539
10438	0.40294385
10439	0.40132880
10440	0.39953238
10441	0.39753088
10442	0.39530480
10443	0.39283901
10444	0.39012316
10445	0.38715145
10446	0.38392293
10447	0.38044149
10448	0.37671578
10449	0.37275922
10450	0.36858982
10451	0.36422974
10452	0.35970494
10453	0.35504448
10454	0.35028014
10455	0.34544531
10456	0.34057450
10457	0.33570257
10458	0.33086395
10459	0.32609233
10460	0.32142010
10461	0.31687829
10462	0.31249627
10463	0.30830204
10464	0.30432209
10465	0.30058172
10466	0.29710531
10467	0.29391634
10468	0.29103720
10469	0.28848916
10470	0.28629202
10471	0.28446299
10472	0.28301582
10473	0.28195912
10474	0.28129461
10475	0.28101471
10476	0.28110045
10477	0.28151909
10478	0.28222224
10479	0.28314435
10480	0.28420249
10481	0.28529671
10482	0.28631219
10483	0.28712264
10484	0.28759426
10485	0.28759184
10486	0.28698373
10487	0.28564778
10488	0.28347614
10489	0.28037861
10490	0.27628493
10491	0.27114484
10492	0.26492682
10493	0.25761577
10494	0.24920903
10495	0.23971236
10496	0.22913568
10497	0.21748886
10498	0.20477779
10499	0.19100177
10500	0.17615107
10501	0.16020618
10502	0.14313824
10503	0.12491121
10504	0.10548586
10505	0.08482774
10506	0.06291842
10507	0.03977234
10508	0.01546211
10509	-0.00984611
10510	-0.03584334
10511	-0.06200922
10512	-0.08751827
10513	-0.11111679
10514	-0.13095458
10515	-0.14436467
10516	-0.14755315
10517	-0.13511831
10518	-0.09917749
10519	-0.02747232
10520	0.10151943
10521	0.33366767
10522	0.79972619
10523	NaN
10524	NaN
10525	NaN
10526	NaN
10527	NaN
10528	NaN
10529	NaN
10530	NaN
10531	NaN
10532	NaN
10533	NaN
10534	NaN
10535	NaN
10536	NaN
10537	NaN
10538	NaN
10539	NaN
10540	NaN
10541	NaN
10542	NaN
10543	NaN
10544	NaN
10545	NaN
10546	NaN
10547	NaN
10548	NaN
10549	NaN
10550	NaN
10551	NaN
10552	NaN
10553	NaN
10554	NaN
10555	NaN
10556	NaN
10557	NaN
10558	NaN
10559	NaN
10560	NaN
10561	NaN
10562	NaN
10563	NaN
10564	NaN
10565	NaN
10566	NaN
10567	NaN
10568	NaN
10569	NaN
10570	NaN
10571	NaN
10572	NaN
10573	NaN
10574	NaN
10575	NaN
10576	NaN
10577	NaN
10578	NaN
10579	NaN
10580	NaN
10581	NaN
10582	NaN
10583	NaN
10584	NaN
10585	NaN
10586	NaN
10587	NaN
10588	NaN
10589	NaN
10590	NaN
10591	NaN
10592	NaN
10593	NaN
10594	NaN
10595	NaN
10596	NaN
10597	NaN
10598	NaN
10599	NaN
10600	NaN
10601	NaN
10602	NaN
10603	NaN
10604	NaN
10605	NaN
10606	NaN
10607	NaN
10608	NaN
10609	NaN
10610	NaN
10611	NaN
10612	NaN
10613	NaN
10614	2.14233232
10615	1.21272624
10616	0.98049301
10617	0.87692183
10618	0.81957179
10619	0.78405559
10620	0.76057470
10621	0.74442083
10622	0.73304605
10623	0.72494811
10624	0.71918291
10625	0.71512705
10626	0.71235299
10627	0.71055871
10628	0.70952570
10629	0.70909339
10630	0.70914203
10631	0.70958120
10632	0.71034229
10633	0.71137184
10634	0.71262789
10635	0.71407616
10636	0.71568716
10637	0.71743399
10638	0.71929020
10639	0.72122788
10640	0.72321659
10641	0.72522128
10642	0.72720188
10643	0.72911215
10644	0.73089951
10645	0.73250455
10646	0.73386222
10647	0.73490167
10648	0.73554862
10649	0.73572689
10650	0.73536110
10651	0.73437983
10652	0.73271888
10653	0.73032552
10654	0.72716206
10655	0.72321004
10656	0.71847320
10657	0.71298045
10658	0.70678669
10659	0.69997311
10660	0.69264549
10661	0.68493044
10662	0.67697138
10663	0.66892213
10664	0.66094089
10665	0.65318352
10666	0.64579743
10667	0.63891613
10668	0.63265508
10669	0.62710834
10670	0.62234640
10671	0.61841571
10672	0.61533785
10673	0.61311102
10674	0.61171055
10675	0.61109078
10676	0.61118674
10677	0.61191630
10678	0.61318249
10679	0.61487585
10680	0.61687744
10681	0.61906165
10682	0.62130022
10683	0.62346518
10684	0.62543303
10685	0.62708902
10686	0.62833029
10687	0.62906969
10688	0.62923831
10689	0.62878776
10690	0.62769115
10691	0.62594289
10692	0.62355787
10693	0.62056929
10694	0.61702603
10695	0.61298907
10696	0.60852820
10697	0.60371816
10698	0.59863561
10699	0.59335601
10700	0.58795124
10701	0.58248824
10702	0.57702732
10703	0.57162201
10704	0.56631857
10705	0.56115627
10706	0.55616784
10707	0.55137986
10708	0.54681349
10709	0.54248512
10710	0.53840679
10711	0.53458655
10712	0.53102887
10713	0.52773482
10714	0.52470189
10715	0.52192420
10716	0.51939243
10717	0.51709378
10718	0.51501179
10719	0.51312685
10720	0.51141602
10721	0.50985366
10722	0.50841165
10723	0.50705993
10724	0.50576735
10725	0.50450212
10726	0.50323260
10727	0.50192773
10728	0.50055814
10729	0.49909636
10730	0.49751735
10731	0.49579901
10732	0.49392256
10733	0.49187255
10734	0.48963737
10735	0.48720908
10736	0.48458365
10737	0.48176080
10738	0.47874451
10739	0.47554237
10740	0.47216621
10741	0.46863157
10742	0.46495786
10743	0.46116790
10744	0.45728785
10745	0.45334640
10746	0.44937426
10747	0.44540334
10748	0.44146580
10749	0.43759272
10750	0.43381339
10751	0.43015411
10752	0.42663708
10753	0.42327982
10754	0.42009458
10755	0.41708791
10756	0.41426057
10757	0.41160762
10758	0.40911865
10759	0.40677840
10760	0.40456706
10761	0.40246114
10762	0.40043396
10763	0.39845672
10764	0.39649895
10765	0.39452967
10766	0.39251772
10767	0.39043260
10768	0.38824517
10769	0.38592803
10770	0.38345620
10771	0.38080740
10772	0.37796268
10773	0.37490669
10774	0.37162814
10775	0.36812013
10776	0.36438045
10777	0.36041167
10778	0.35622144
10779	0.35182226
10780	0.34723160
10781	0.34247142
10782	0.33756793
10783	0.33255115
10784	0.32745433
10785	0.32231331
10786	0.31716597
10787	0.31205133
10788	0.30700886
10789	0.30207804
10790	0.29729715
10791	0.29270327
10792	0.28833130
10793	0.28421372
10794	0.28038031
10795	0.27685779
10796	0.27366996
10797	0.27083758
10798	0.26837847
10799	0.26630774
10800	0.26463756
10801	0.26337710
10802	0.26253235
10803	0.26210532
10804	0.26209339
10805	0.26248798
10806	0.26327336
10807	0.26442465
10808	0.26590651
10809	0.26767120
10810	0.26965722
10811	0.27178863
10812	0.27397481
10813	0.27611107
10814	0.27808118
10815	0.27975953
10816	0.28101534
10817	0.28171697
10818	0.28173640
10819	0.28095320
10820	0.27925757
10821	0.27655238
10822	0.27275380
10823	0.26778972
10824	0.26159817
10825	0.25412402
10826	0.24531569
10827	0.23512211
10828	0.22349027
10829	0.21036328
10830	0.19568029
10831	0.17937732
10832	0.16138954
10833	0.14165485
10834	0.12011960
10835	0.09674532
10836	0.07151872
10837	0.04446489
10838	0.01566489
10839	-0.01472145
10840	-0.04642372
10841	-0.07902246
10842	-0.11190128
10843	-0.14418785
10844	-0.17468688
10845	-0.20180270
10846	-0.22344938
10847	-0.23693016
10848	-0.23875594
10849	-0.22428289
10850	-0.18692556
10851	-0.11624830
10852	0.00711441
10853	0.22730143
10854	0.67868400
10855	2.07362986
10856	NaN
10857	NaN
10858	NaN
10859	NaN
10860	NaN
10861	NaN
10862	NaN
10863	NaN
10864	NaN
10865	NaN
10866	NaN
10867	NaN
10868	NaN
10869	NaN
10870	NaN
10871	NaN
10872	NaN
10873	NaN
10874	NaN
10875	NaN
10876	NaN
10877	NaN
10878	NaN
10879	NaN
10880	NaN
10881	NaN
10882	NaN
10883	NaN
10884	NaN
10885	NaN
10886	NaN
10887	NaN
10888	NaN
10889	NaN
10890	NaN
10891	NaN
10892	NaN
10893	NaN
10894	NaN
10895	NaN
10896	NaN
10897	NaN
10898	NaN
10899	NaN
10900	NaN
10901	NaN
10902	NaN
10903	NaN
10904	NaN
10905	NaN
10906	NaN
10907	NaN
10908	NaN
10909	NaN
10910	NaN
10911	NaN
10912	NaN
10913	NaN
10914	NaN
10915	NaN
10916	NaN
10917	NaN
10918	NaN
10919	NaN
10920	NaN
10921	NaN
10922	NaN
10923	NaN
10924	NaN
10925	NaN
10926	NaN
10927	NaN
10928	NaN
10929	NaN
10930	NaN
10931	NaN
10932	NaN
10933	NaN
10934	NaN
10935	NaN
10936	NaN
10937	NaN
10938	NaN
10939	NaN
10940	NaN
10941	NaN
10942	1.17023146
10943	0.92682755
10944	0.84279662
10945	0.80002350
10946	0.77400720
10947	0.75645006
10948	0.74376166
10949	0.73413473
10950	0.72656143
10951	0.72043610
10952	0.71537417
10953	0.71112144
10954	0.70750421
10955	0.70440137
10956	0.70172679
10957	0.69941819
10958	0.69743067
10959	0.69573075
10960	0.69429332
10961	0.69309872
10962	0.69213086
10963	0.69137537
10964	0.69081813
10965	0.69044423
10966	0.69023716
10967	0.69017756
10968	0.69024318
10969	0.69040793
10970	0.69064188
10971	0.69091094
10972	0.69117707
10973	0.69139844
10974	0.69152987
10975	0.69152319
10976	0.69132870
10977	0.69089556
10978	0.69017392
10979	0.68911582
10980	0.68767780
10981	0.68582231
10982	0.68352079
10983	0.68075526
10984	0.67752069
10985	0.67382669
10986	0.66969877
10987	0.66517842
10988	0.66032302
10989	0.65520412
10990	0.64990520
10991	0.64451814
10992	0.63914001
10993	0.63386840
10994	0.62879747
10995	0.62401408
10996	0.61959428
10997	0.61560076
10998	0.61208117
10999	0.60906649
11000	0.60657150
11001	0.60459447
11002	0.60311860
11003	0.60211271
11004	0.60153323
11005	0.60132551
11006	0.60142589
11007	0.60176325
11008	0.60226136
11009	0.60284001
11010	0.60341823
11011	0.60391533
11012	0.60425383
11013	0.60436165
11014	0.60417396
11015	0.60363621
11016	0.60270500
11017	0.60135084
11018	0.59955776
11019	0.59732455
11020	0.59466380
11021	0.59160066
11022	0.58817101
11023	0.58441913
11024	0.58039457
11025	0.57614970
11026	0.57173699
11027	0.56720692
11028	0.56260556
11029	0.55797410
11030	0.55334777
11031	0.54875559
11032	0.54422081
11033	0.53976178
11034	0.53539234
11035	0.53112334
11036	0.52696341
11037	0.52292001
11038	0.51900023
11039	0.51521134
11040	0.51156121
11041	0.50805807
11042	0.50471061
11043	0.50152701
11044	0.49851471
11045	0.49567911
11046	0.49302301
11047	0.49054563
11048	0.48824209
11049	0.48610255
11050	0.48411214
11051	0.48225063
11052	0.48049280
11053	0.47880873
11054	0.47716466
11055	0.47552389
11056	0.47384790
11057	0.47209802
11058	0.47023642
11059	0.46822792
11060	0.46604106
11061	0.46364951
11062	0.46103290
11063	0.45817754
11064	0.45507681
11065	0.45173150
11066	0.44814938
11067	0.44434515
11068	0.44033957
11069	0.43615896
11070	0.43183425
11071	0.42739996
11072	0.42289320
11073	0.41835257
11074	0.41381711
11075	0.40932518
11076	0.40491334
11077	0.40061539
11078	0.39646173
11079	0.39247814
11080	0.38868570
11081	0.38509995
11082	0.38173082
11083	0.37858260
11084	0.37565371
11085	0.37293726
11086	0.37042135
11087	0.36808929
11088	0.36592081
11089	0.36389205
11090	0.36197668
11091	0.36014658
11092	0.35837251
11093	0.35662490
11094	0.35487425
11095	0.35309213
11096	0.35125124
11097	0.34932607
11098	0.34729326
11099	0.34513164
11100	0.34282279
11101	0.34035087
11102	0.33770302
11103	0.33486947
11104	0.33184373
11105	0.32862252
11106	0.32520619
11107	0.32159877
11108	0.31780794
11109	0.31384513
11110	0.30972537
11111	0.30546728
11112	0.30109257
11113	0.29662582
11114	0.29209393
11115	0.28752562
11116	0.28295091
11117	0.27840045
11118	0.27390516
11119	0.26949587
11120	0.26520288
11121	0.26105586
11122	0.25708359
11123	0.25331420
11124	0.24977463
11125	0.24649088
11126	0.24348755
11127	0.24078755
11128	0.23841172
11129	0.23637787
11130	0.23470025
11131	0.23338822
11132	0.23244530
11133	0.23186809
11134	0.23164484
11135	0.23175436
11136	0.23216528
11137	0.23283525
11138	0.23371054
11139	0.23472670
11140	0.23580912
11141	0.23687461
11142	0.23783354
11143	0.23859261
11144	0.23905784
11145	0.23913774
11146	0.23874658
11147	0.23780687
11148	0.23625147
11149	0.23402475
11150	0.23108298
11151	0.22739345
11152	0.22293344
11153	0.21768793
11154	0.21164748
11155	0.20480557
11156	0.19715682
11157	0.18869489
11158	0.17941187
11159	0.16929780
11160	0.15834235
11161	0.14653727
11162	0.13388096
11163	0.12038534
11164	0.10608536
11165	0.09105162
11166	0.07540743
11167	0.05935055
11168	0.04318129
11169	0.02733912
11170	0.01244809
11171	-0.00062395
11172	-0.01068689
11173	-0.01611842
11174	-0.01469783
11175	-0.00331853
11176	0.02255478
11177	0.07005236
11178	0.15170680
11179	0.29329881
11180	0.56130832
11181	1.20589995
11182	NaN
11183	NaN
11184	NaN
11185	NaN
11186	NaN
11187	NaN
11188	NaN
11189	NaN
11190	NaN
11191	NaN
11192	NaN
11193	NaN
11194	NaN
11195	NaN
11196	NaN
11197	NaN
11198	NaN
11199	NaN
11200	NaN
11201	NaN
11202	NaN
11203	NaN
11204	NaN
11205	NaN
11206	NaN
11207	NaN
11208	NaN
11209	NaN
11210	NaN
11211	NaN
11212	NaN
11213	NaN
11214	NaN
11215	NaN
11216	NaN
11217	NaN
11218	NaN
11219	NaN
11220	NaN
11221	NaN
11222	NaN
11223	NaN
11224	NaN
11225	NaN
11226	NaN
11227	NaN
11228	NaN
11229	NaN
11230	NaN
11231	NaN
11232	NaN
11233	NaN
11234	NaN
11235	NaN
11236	NaN
11237	NaN
11238	NaN
11239	NaN
11240	NaN
11241	NaN
11242	NaN
11243	NaN
11244	NaN
11245	NaN
11246	NaN
11247	NaN
11248	NaN
11249	NaN
11250	NaN
11251	NaN
11252	NaN
11253	NaN
11254	NaN
11255	NaN
11256	NaN
11257	NaN
11258	NaN
11259	NaN
11260	NaN
11261	NaN
11262	NaN
11263	NaN
11264	NaN
11265	1.37171495
11266	0.95852762
11267	0.84932023
11268	0.79855424
11269	0.76921022
11270	0.75018471
11271	0.73697865
11272	0.72741526
11273	0.72030759
11274	0.71494907
11275	0.71088982
11276	0.70782697
11277	0.70554721
11278	0.70389479
11279	0.70275164
11280	0.70202661
11281	0.70164740
11282	0.70155567
11283	0.70170373
11284	0.70205206
11285	0.70256722
11286	0.70322019
11287	0.70398527
11288	0.70483834
11289	0.70575583
11290	0.70671380
11291	0.70768636
11292	0.70864540
11293	0.70955902
11294	0.71039182
11295	0.71110374
11296	0.71165061
11297	0.71198416
11298	0.71205306
11299	0.71180338
11300	0.71118093
11301	0.71013248
11302	0.70860833
11303	0.70656461
11304	0.70396632
11305	0.70078963
11306	0.69702452
11307	0.69267702
11308	0.68777096
11309	0.68234855
11310	0.67647064
11311	0.67021549
11312	0.66367656
11313	0.65695977
11314	0.65017945
11315	0.64345425
11316	0.63690251
11317	0.63063782
11318	0.62476516
11319	0.61937732
11320	0.61455172
11321	0.61034894
11322	0.60681069
11323	0.60395956
11324	0.60179877
11325	0.60031235
11326	0.59946632
11327	0.59920955
11328	0.59947550
11329	0.60018367
11330	0.60124248
11331	0.60255092
11332	0.60400218
11333	0.60548627
11334	0.60689378
11335	0.60811907
11336	0.60906363
11337	0.60963959
11338	0.60977226
11339	0.60940266
11340	0.60848874
11341	0.60700661
11342	0.60495031
11343	0.60233068
11344	0.59917456
11345	0.59552193
11346	0.59142357
11347	0.58693850
11348	0.58213085
11349	0.57706732
11350	0.57181472
11351	0.56643790
11352	0.56099832
11353	0.55555278
11354	0.55015266
11355	0.54484367
11356	0.53966546
11357	0.53465217
11358	0.52983248
11359	0.52522981
11360	0.52086300
11361	0.51674628
11362	0.51288974
11363	0.50929928
11364	0.50597668
11365	0.50291950
11366	0.50012130
11367	0.49757105
11368	0.49525359
11369	0.49314961
11370	0.49123576
11371	0.48948529
11372	0.48786861
11373	0.48635367
11374	0.48490742
11375	0.48349589
11376	0.48208562
11377	0.48064396
11378	0.47914010
11379	0.47754532
11380	0.47583356
11381	0.47398201
11382	0.47197118
11383	0.46978515
11384	0.46741205
11385	0.46484411
11386	0.46207792
11387	0.45911446
11388	0.45595947
11389	0.45262322
11390	0.44912076
11391	0.44547179
11392	0.44170043
11393	0.43783477
11394	0.43390670
11395	0.42995083
11396	0.42600393
11397	0.42210376
11398	0.41828796
11399	0.41459286
11400	0.41105199
11401	0.40769494
11402	0.40454629
11403	0.40162441
11404	0.39894065
11405	0.39649901
11406	0.39429560
11407	0.39231896
11408	0.39055017
11409	0.38896382
11410	0.38752845
11411	0.38620806
11412	0.38496304
11413	0.38375139
11414	0.38253012
11415	0.38125628
11416	0.37988818
11417	0.37838635
11418	0.37671435
11419	0.37483954
11420	0.37273374
11421	0.37037370
11422	0.36774132
11423	0.36482432
11424	0.36161605
11425	0.35811582
11426	0.35432896
11427	0.35026667
11428	0.34594598
11429	0.34138939
11430	0.33662453
11431	0.33168367
11432	0.32660285
11433	0.32142147
11434	0.31618118
11435	0.31092516
11436	0.30569714
11437	0.30054066
11438	0.29549834
11439	0.29061124
11440	0.28591830
11441	0.28145620
11442	0.27725890
11443	0.27335748
11444	0.26978031
11445	0.26655278
11446	0.26369727
11447	0.26123330
11448	0.25917715
11449	0.25754184
11450	0.25633669
11451	0.25556695
11452	0.25523317
11453	0.25533018
11454	0.25584650
11455	0.25676310
11456	0.25805214
11457	0.25967631
11458	0.26158732
11459	0.26372558
11460	0.26601934
11461	0.26838487
11462	0.27072698
11463	0.27293992
11464	0.27490914
11465	0.27651411
11466	0.27763093
11467	0.27813610
11468	0.27791065
11469	0.27684343
11470	0.27483508
11471	0.27180082
11472	0.26767221
11473	0.26239830
11474	0.25594515
11475	0.24829443
11476	0.23944157
11477	0.22939293
11478	0.21816303
11479	0.20577200
11480	0.19224359
11481	0.17760415
11482	0.16188255
11483	0.14511140
11484	0.12733005
11485	0.10858808
11486	0.08895086
11487	0.06850538
11488	0.04736726
11489	0.02568831
11490	0.00366412
11491	-0.01845897
11492	-0.04037645
11493	-0.06172115
11494	-0.08205955
11495	-0.10089058
11496	-0.11764931
11497	-0.13171113
11498	-0.14240009
11499	-0.14899512
11500	-0.15073203
11501	-0.14678857
11502	-0.13623708
11503	-0.11793764
11504	-0.09030156
11505	-0.05078952
11506	0.00523413
11507	0.08747507
11508	0.22011122
11509	0.48321003
11510	1.38213801
11511	NaN
11512	NaN
11513	NaN
11514	NaN
11515	NaN
11516	NaN
11517	NaN
11518	NaN
11519	NaN
11520	NaN
11521	NaN
11522	NaN
11523	NaN
11524	NaN
11525	NaN
11526	NaN
11527	NaN
11528	NaN
11529	NaN
11530	NaN
11531	NaN
11532	NaN
11533	NaN
11534	NaN
11535	NaN
11536	NaN
11537	NaN
11538	NaN
11539	NaN
11540	NaN
11541	NaN
11542	NaN
11543	NaN
11544	NaN
11545	NaN
11546	NaN
11547	NaN
11548	NaN
11549	NaN
11550	NaN
11551	NaN
11552	NaN
11553	NaN
11554	NaN
11555	NaN
11556	NaN
11557	NaN
11558	NaN
11559	NaN
11560	NaN
11561	NaN
11562	NaN
11563	NaN
11564	NaN
11565	NaN
11566	NaN
11567	NaN
11568	NaN
11569	NaN
11570	NaN
11571	NaN
11572	NaN
11573	NaN
11574	NaN
11575	NaN
11576	NaN
11577	NaN
11578	NaN
11579	NaN
11580	NaN
11581	NaN
11582	NaN
11583	NaN
11584	NaN
11585	1.96083891
11586	1.13099635
11587	0.95603871
11588	0.88039911
11589	0.83827788
11590	0.81143230
11591	0.79280126
11592	0.77908289
11593	0.76853049
11594	0.76013529
11595	0.75327486
11596	0.74754542
11597	0.74267393
11598	0.73847026
11599	0.73479879
11600	0.73156083
11601	0.72868407
11602	0.72611505
11603	0.72381449
11604	0.72175306
11605	0.71990925
11606	0.71826696
11607	0.71681333
11608	0.71553755
11609	0.71442896
11610	0.71347600
11611	0.71266496
11612	0.71197855
11613	0.71139574
11614	0.71089059
11615	0.71043187
11616	0.70998299
11617	0.70950174
11618	0.70894128
11619	0.70825028
11620	0.70737433
11621	0.70625740
11622	0.70484400
11623	0.70308095
11624	0.70092082
11625	0.69832426
11626	0.69526339
11627	0.69172460
11628	0.68771112
11629	0.68324488
11630	0.67836744
11631	0.67314017
11632	0.66764230
11633	0.66196841
11634	0.65622497
11635	0.65052521
11636	0.64498413
11637	0.63971323
11638	0.63481545
11639	0.63038057
11640	0.62648147
11641	0.62317204
11642	0.62048477
11643	0.61843079
11644	0.61699986
11645	0.61616164
11646	0.61586726
11647	0.61605150
11648	0.61663532
11649	0.61752832
11650	0.61863190
11651	0.61984164
11652	0.62105024
11653	0.62215060
11654	0.62303877
11655	0.62361676
11656	0.62379599
11657	0.62349999
11658	0.62266737
11659	0.62125427
11660	0.61923665
11661	0.61661094
11662	0.61339474
11663	0.60962552
11664	0.60535872
11665	0.60066503
11666	0.59562594
11667	0.59033006
11668	0.58486837
11669	0.57933015
11670	0.57379919
11671	0.56835127
11672	0.56305164
11673	0.55795419
11674	0.55310076
11675	0.54852176
11676	0.54423690
11677	0.54025608
11678	0.53658086
11679	0.53320587
11680	0.53011978
11681	0.52730703
11682	0.52474850
11683	0.52242237
11684	0.52030540
11685	0.51837307
11686	0.51660067
11687	0.51496315
11688	0.51343638
11689	0.51199627
11690	0.51061976
11691	0.50928450
11692	0.50796860
11693	0.50665075
11694	0.50530970
11695	0.50392395
11696	0.50247180
11697	0.50093067
11698	0.49927744
11699	0.49748832
11700	0.49553943
11701	0.49340719
11702	0.49106917
11703	0.48850533
11704	0.48569873
11705	0.48263699
11706	0.47931322
11707	0.47572690
11708	0.47188470
11709	0.46780056
11710	0.46349615
11711	0.45900032
11712	0.45434877
11713	0.44958293
11714	0.44474897
11715	0.43989635
11716	0.43507659
11717	0.43034121
11718	0.42574048
11719	0.42132139
11720	0.41712651
11721	0.41319230
11722	0.40954810
11723	0.40621489
11724	0.40320498
11725	0.40052134
11726	0.39815784
11727	0.39609918
11728	0.39432198
11729	0.39279538
11730	0.39148235
11731	0.39034098
11732	0.38932607
11733	0.38839051
11734	0.38748685
11735	0.38656834
11736	0.38559052
11737	0.38451159
11738	0.38329351
11739	0.38190213
11740	0.38030761
11741	0.37848437
11742	0.37641123
11743	0.37407127
11744	0.37145168
11745	0.36854395
11746	0.36534369
11747	0.36185050
11748	0.35806838
11749	0.35400555
11750	0.34967437
11751	0.34509164
11752	0.34027824
11753	0.33525914
11754	0.33006310
11755	0.32472232
11756	0.31927219
11757	0.31375030
11758	0.30819631
11759	0.30265081
11760	0.29715472
11761	0.29174882
11762	0.28647265
11763	0.28136429
11764	0.27645990
11765	0.27179345
11766	0.26739642
11767	0.26329803
11768	0.25952485
11769	0.25610116
11770	0.25304836
11771	0.25038499
11772	0.24812648
11773	0.24628387
11774	0.24486397
11775	0.24386755
11776	0.24328859
11777	0.24311292
11778	0.24331661
11779	0.24386452
11780	0.24470897
11781	0.24578834
11782	0.24702647
11783	0.24833241
11784	0.24960127
11785	0.25071627
11786	0.25155157
11787	0.25197631
11788	0.25185981
11789	0.25107652
11790	0.24951103
11791	0.24706276
11792	0.24364869
11793	0.23920536
11794	0.23368877
11795	0.22707307
11796	0.21934795
11797	0.21051510
11798	0.20058495
11799	0.18957223
11800	0.17749314
11801	0.16436261
11802	0.15019247
11803	0.13499056
11804	0.11876198
11805	0.10151062
11806	0.08324437
11807	0.06398128
11808	0.04376056
11809	0.02265704
11810	0.00080179
11811	-0.02159033
11812	-0.04418467
11813	-0.06647976
11814	-0.08774839
11815	-0.10696521
11816	-0.12271924
11817	-0.13310675
11818	-0.13559298
11819	-0.12680441
11820	-0.10216746
11821	-0.05513656
11822	0.02463285
11823	0.15616736
11824	0.38249376
11825	0.83409172
11826	NaN
11827	NaN
11828	NaN
11829	NaN
11830	NaN
11831	NaN
11832	NaN
11833	NaN
11834	NaN
11835	NaN
11836	NaN
11837	NaN
11838	NaN
11839	NaN
11840	NaN
11841	NaN
11842	NaN
11843	NaN
11844	NaN
11845	NaN
11846	NaN
11847	NaN
11848	NaN
11849	NaN
11850	NaN
11851	NaN
11852	NaN
11853	NaN
11854	NaN
11855	NaN
11856	NaN
11857	NaN
11858	NaN
11859	NaN
11860	NaN
11861	NaN
11862	NaN
11863	NaN
11864	NaN
11865	NaN
11866	NaN
11867	NaN
11868	NaN
11869	NaN
11870	NaN
11871	NaN
11872	NaN
11873	NaN
11874	NaN
11875	NaN
11876	NaN
11877	NaN
11878	NaN
11879	NaN
11880	NaN
11881	NaN
11882	NaN
11883	NaN
11884	NaN
11885	NaN
11886	NaN
11887	NaN
11888	NaN
11889	NaN
11890	NaN
11891	NaN
11892	NaN
11893	NaN
11894	NaN
11895	NaN
11896	NaN
11897	NaN
11898	NaN
11899	NaN
11900	NaN
11901	NaN
11902	NaN
11903	NaN
11904	NaN
11905	NaN
11906	NaN
11907	NaN
11908	NaN
11909	NaN
11910	NaN
11911	1.84759843
11912	1.13935852
11913	0.94355208
11914	0.85331911
11915	0.80247885
11916	0.77065831
11917	0.74949586
11918	0.73491871
11919	0.72469997
11920	0.71751493
11921	0.71252328
11922	0.70916384
11923	0.70704615
11924	0.70588923
11925	0.70548540
11926	0.70567757
11927	0.70634466
11928	0.70739174
11929	0.70874304
11930	0.71033710
11931	0.71212244
11932	0.71405488
11933	0.71609491
11934	0.71820587
11935	0.72035193
11936	0.72249651
11937	0.72460157
11938	0.72662622
11939	0.72852623
11940	0.73025352
11941	0.73175597
11942	0.73297781
11943	0.73386002
11944	0.73434144
11945	0.73436022
11946	0.73385537
11947	0.73276931
11948	0.73105043
11949	0.72865605
11950	0.72555572
11951	0.72173381
11952	0.71719313
11953	0.71195692
11954	0.70607024
11955	0.69960105
11956	0.69263881
11957	0.68529272
11958	0.67768806
11959	0.66996181
11960	0.66225725
11961	0.65471822
11962	0.64748383
11963	0.64068270
11964	0.63442916
11965	0.62881947
11966	0.62392950
11967	0.61981297
11968	0.61650115
11969	0.61400282
11970	0.61230469
11971	0.61137325
11972	0.61115533
11973	0.61158067
11974	0.61256343
11975	0.61400497
11976	0.61579609
11977	0.61782008
11978	0.61995602
11979	0.62208205
11980	0.62407911
11981	0.62583441
11982	0.62724531
11983	0.62822211
11984	0.62869132
11985	0.62859720
11986	0.62790322
11987	0.62659258
11988	0.62466741
11989	0.62214756
11990	0.61906815
11991	0.61547744
11992	0.61143339
11993	0.60700101
11994	0.60224932
11995	0.59724879
11996	0.59206951
11997	0.58677876
11998	0.58144033
11999	0.57611322
12000	0.57085079
12001	0.56570071
12002	0.56070429
12003	0.55589682
12004	0.55130714
12005	0.54695803
12006	0.54286629
12007	0.53904301
12008	0.53549367
12009	0.53221852
12010	0.52921283
12011	0.52646714
12012	0.52396768
12013	0.52169627
12014	0.51963133
12015	0.51774758
12016	0.51601708
12017	0.51440936
12018	0.51289231
12019	0.51143283
12020	0.50999761
12021	0.50855380
12022	0.50707000
12023	0.50551689
12024	0.50386786
12025	0.50209939
12026	0.50019175
12027	0.49812862
12028	0.49589783
12029	0.49349073
12030	0.49090233
12031	0.48813108
12032	0.48517856
12033	0.48204941
12034	0.47875109
12035	0.47529429
12036	0.47169223
12037	0.46796143
12038	0.46412137
12039	0.46019471
12040	0.45620713
12041	0.45218694
12042	0.44816494
12043	0.44417322
12044	0.44024462
12045	0.43641138
12046	0.43270400
12047	0.42914990
12048	0.42577225
12049	0.42258883
12050	0.41961125
12051	0.41684461
12052	0.41428694
12053	0.41192970
12054	0.40975779
12055	0.40775064
12056	0.40588251
12057	0.40412390
12058	0.40244210
12059	0.40080237
12060	0.39916885
12061	0.39750537
12062	0.39577636
12063	0.39394745
12064	0.39198634
12065	0.38986331
12066	0.38755170
12067	0.38502866
12068	0.38227525
12069	0.37927720
12070	0.37602490
12071	0.37251380
12072	0.36874452
12073	0.36472294
12074	0.36046013
12075	0.35597244
12076	0.35128111
12077	0.34641203
12078	0.34139547
12079	0.33626556
12080	0.33105949
12081	0.32581729
12082	0.32058063
12083	0.31539240
12084	0.31029573
12085	0.30533335
12086	0.30054674
12087	0.29597551
12088	0.29165676
12089	0.28762448
12090	0.28390917
12091	0.28053722
12092	0.27753070
12093	0.27490693
12094	0.27267838
12095	0.27085218
12096	0.26943010
12097	0.26840836
12098	0.26777732
12099	0.26752126
12100	0.26761791
12101	0.26803806
12102	0.26874492
12103	0.26969361
12104	0.27083075
12105	0.27209407
12106	0.27341241
12107	0.27470613
12108	0.27588812
12109	0.27686524
12110	0.27754071
12111	0.27781668
12112	0.27759787
12113	0.27679443
12114	0.27532601
12115	0.27312449
12116	0.27013615
12117	0.26632357
12118	0.26166543
12119	0.25615612
12120	0.24980383
12121	0.24262808
12122	0.23465699
12123	0.22592434
12124	0.21646711
12125	0.20632340
12126	0.19553071
12127	0.18412606
12128	0.17214592
12129	0.15962702
12130	0.14660944
12131	0.13313831
12132	0.11926843
12133	0.10506838
12134	0.09062643
12135	0.07605769
12136	0.06151252
12137	0.04718644
12138	0.03333220
12139	0.02027369
12140	0.00842083
12141	-0.00171083
12142	-0.00948039
12143	-0.01409471
12144	-0.01457413
12145	-0.00969957
12146	0.00207507
12147	0.02278980
12148	0.05530108
12149	0.10396090
12150	0.17614102
12151	0.28604859
12152	0.46599728
12153	0.80999851
12154	1.75597227
12155	NaN
12156	NaN
12157	NaN
12158	NaN
12159	NaN
12160	NaN
12161	NaN
12162	NaN
12163	NaN
12164	NaN
12165	NaN
12166	NaN
12167	NaN
12168	NaN
12169	NaN
12170	NaN
12171	NaN
12172	NaN
12173	NaN
12174	NaN
12175	NaN
12176	NaN
12177	NaN
12178	NaN
12179	NaN
12180	NaN
12181	NaN
12182	NaN
12183	NaN
12184	NaN
12185	NaN
12186	NaN
12187	NaN
12188	NaN
12189	NaN
12190	NaN
12191	NaN
12192	NaN
12193	NaN
12194	NaN
12195	NaN
12196	NaN
12197	NaN
12198	NaN
12199	NaN
12200	NaN
12201	NaN
12202	NaN
12203	NaN
12204	NaN
12205	NaN
12206	NaN
12207	NaN
12208	NaN
12209	NaN
12210	NaN
12211	NaN
12212	NaN
12213	NaN
12214	NaN
12215	NaN
12216	NaN
12217	NaN
12218	NaN
12219	NaN
12220	NaN
12221	NaN
12222	NaN
12223	NaN
12224	NaN
12225	NaN
12226	NaN
12227	NaN
12228	NaN
12229	NaN
12230	NaN
12231	NaN
12232	NaN
12233	NaN
12234	NaN
12235	NaN
12236	NaN
12237	NaN
12238	1.79590082
12239	0.95274603
12240	0.82345611
12241	0.77325058
12242	0.74777871
12243	0.73312747
12244	0.72410560
12245	0.71833229
12246	0.71456176
12247	0.71207994
12248	0.71045047
12249	0.70939398
12250	0.70872569
12251	0.70832121
12252	0.70809591
12253	0.70799226
12254	0.70797116
12255	0.70800704
12256	0.70808327
12257	0.70819008
12258	0.70832187
12259	0.70847577
12260	0.70865053
12261	0.70884520
12262	0.70905811
12263	0.70928609
12264	0.70952374
12265	0.70976257
12266	0.70999038
12267	0.71019101
12268	0.71034360
12269	0.71042258
12270	0.71039754
12271	0.71023357
12272	0.70989150
12273	0.70932895
12274	0.70850134
12275	0.70736343
12276	0.70587128
12277	0.70398438
12278	0.70166814
12279	0.69889665
12280	0.69565523
12281	0.69194305
12282	0.68777490
12283	0.68318272
12284	0.67821592
12285	0.67294067
12286	0.66743845
12287	0.66180283
12288	0.65613657
12289	0.65054661
12290	0.64513987
12291	0.64001894
12292	0.63527745
12293	0.63099641
12294	0.62724173
12295	0.62406170
12296	0.62148595
12297	0.61952519
12298	0.61817145
12299	0.61739880
12300	0.61716485
12301	0.61741245
12302	0.61807138
12303	0.61906034
12304	0.62028927
12305	0.62166154
12306	0.62307644
12307	0.62443137
12308	0.62562513
12309	0.62656027
12310	0.62714648
12311	0.62730342
12312	0.62696373
12313	0.62607580
12314	0.62460566
12315	0.62253886
12316	0.61988032
12317	0.61665440
12318	0.61290282
12319	0.60868222
12320	0.60406113
12321	0.59911597
12322	0.59392691
12323	0.58857483
12324	0.58313715
12325	0.57768571
12326	0.57228452
12327	0.56698835
12328	0.56184226
12329	0.55688190
12330	0.55213332
12331	0.54761434
12332	0.54333550
12333	0.53930080
12334	0.53550947
12335	0.53195661
12336	0.52863455
12337	0.52553314
12338	0.52264100
12339	0.51994580
12340	0.51743424
12341	0.51509267
12342	0.51290649
12343	0.51086050
12344	0.50893825
12345	0.50712192
12346	0.50539231
12347	0.50372797
12348	0.50210589
12349	0.50050092
12350	0.49888593
12351	0.49723226
12352	0.49551010
12353	0.49368897
12354	0.49173862
12355	0.48962986
12356	0.48733538
12357	0.48483121
12358	0.48209721
12359	0.47911820
12360	0.47588480
12361	0.47239384
12362	0.46864891
12363	0.46466032
12364	0.46044520
12365	0.45602700
12366	0.45143533
12367	0.44670492
12368	0.44187495
12369	0.43698812
12370	0.43208954
12371	0.42722529
12372	0.42244163
12373	0.41778317
12374	0.41329199
12375	0.40900615
12376	0.40495867
12377	0.40117639
12378	0.39767906
12379	0.39447895
12380	0.39158028
12381	0.38897923
12382	0.38666406
12383	0.38461569
12384	0.38280824
12385	0.38121000
12386	0.37978458
12387	0.37849173
12388	0.37728882
12389	0.37613189
12390	0.37497669
12391	0.37377983
12392	0.37249953
12393	0.37109664
12394	0.36953524
12395	0.36778316
12396	0.36581251
12397	0.36360005
12398	0.36112744
12399	0.35838169
12400	0.35535517
12401	0.35204577
12402	0.34845725
12403	0.34459874
12404	0.34048516
12405	0.33613661
12406	0.33157822
12407	0.32683983
12408	0.32195491
12409	0.31696019
12410	0.31189466
12411	0.30679876
12412	0.30171314
12413	0.29667830
12414	0.29173324
12415	0.28691497
12416	0.28225824
12417	0.27779475
12418	0.27355316
12419	0.26955912
12420	0.26583540
12421	0.26240173
12422	0.25927541
12423	0.25647116
12424	0.25400144
12425	0.25187609
12426	0.25010282
12427	0.24868587
12428	0.24762613
12429	0.24692015
12430	0.24655899
12431	0.24652700
12432	0.24680068
12433	0.24734718
12434	0.24812372
12435	0.24907640
12436	0.25013992
12437	0.25123844
12438	0.25228617
12439	0.25318995
12440	0.25385121
12441	0.25416964
12442	0.25404644
12443	0.25338769
12444	0.25210750
12445	0.25013036
12446	0.24739295
12447	0.24384487
12448	0.23944870
12449	0.23417918
12450	0.22802244
12451	0.22097398
12452	0.21303771
12453	0.20422442
12454	0.19455077
12455	0.18403876
12456	0.17271687
12457	0.16062078
12458	0.14779726
12459	0.13430870
12460	0.12024000
12461	0.10570864
12462	0.09087690
12463	0.07596757
12464	0.06128264
12465	0.04722496
12466	0.03432137
12467	0.02324615
12468	0.01484157
12469	0.01013339
12470	0.01033691
12471	0.01685620
12472	0.03127825
12473	0.05538132
12474	0.09119064
12475	0.14114614
12476	0.20851263
12477	0.29830185
12478	0.41936177
12479	0.58957207
12480	0.85110557
12481	1.32970273
12482	2.62647271
12483	NaN
12484	NaN
12485	NaN
12486	NaN
12487	NaN
12488	NaN
12489	NaN
12490	NaN
12491	NaN
12492	NaN
12493	NaN
12494	NaN
12495	NaN
12496	NaN
12497	NaN
12498	NaN
12499	NaN
12500	NaN
12501	NaN
12502	NaN
12503	NaN
12504	NaN
12505	NaN
12506	NaN
12507	NaN
12508	NaN
12509	NaN
12510	NaN
12511	NaN
12512	NaN
12513	NaN
12514	NaN
12515	NaN
12516	NaN
12517	NaN
12518	NaN
12519	NaN
12520	NaN
12521	NaN
12522	NaN
12523	NaN
12524	NaN
12525	NaN
12526	NaN
12527	NaN
12528	NaN
12529	NaN
12530	NaN
12531	NaN
12532	NaN
12533	NaN
12534	NaN
12535	NaN
12536	NaN
12537	NaN
12538	NaN
12539	NaN
12540	NaN
12541	NaN
12542	NaN
12543	NaN
12544	NaN
12545	NaN
12546	NaN
12547	NaN
12548	NaN
12549	NaN
12550	NaN
12551	NaN
12552	NaN
12553	NaN
12554	NaN
12555	NaN
12556	NaN
12557	NaN
12558	NaN
12559	NaN
12560	NaN
12561	NaN
12562	4.01762009
12563	1.21479475
12564	0.97120124
12565	0.87947756
12566	0.83120215
12567	0.80149561
12568	0.78152782
12569	0.76735753
12570	0.75694978
12571	0.74914008
12572	0.74320924
12573	0.73868501
12574	0.73524231
12575	0.73264825
12576	0.73073089
12577	0.72936010
12578	0.72843540
12579	0.72787827
12580	0.72762680
12581	0.72763163
12582	0.72785336
12583	0.72825986
12584	0.72882444
12585	0.72952390
12586	0.73033702
12587	0.73124278
12588	0.73221904
12589	0.73324114
12590	0.73428118
12591	0.73530644
12592	0.73627955
12593	0.73715729
12594	0.73789102
12595	0.73842728
12596	0.73870784
12597	0.73867154
12598	0.73825568
12599	0.73739809
12600	0.73603994
12601	0.73412812
12602	0.73161882
12603	0.72848076
12604	0.72469777
12605	0.72027171
12606	0.71522486
12607	0.70960081
12608	0.70346439
12609	0.69690061
12610	0.69001240
12611	0.68291664
12612	0.67574000
12613	0.66861385
12614	0.66166872
12615	0.65502959
12616	0.64881092
12617	0.64311278
12618	0.63801783
12619	0.63358885
12620	0.62986779
12621	0.62687474
12622	0.62460864
12623	0.62304747
12624	0.62215012
12625	0.62185758
12626	0.62209499
12627	0.62277400
12628	0.62379569
12629	0.62505293
12630	0.62643397
12631	0.62782568
12632	0.62911695
12633	0.63020235
12634	0.63098538
12635	0.63138157
12636	0.63132089
12637	0.63075024
12638	0.62963414
12639	0.62795550
12640	0.62571490
12641	0.62292987
12642	0.61963254
12643	0.61586761
12644	0.61168939
12645	0.60715920
12646	0.60234231
12647	0.59730542
12648	0.59211463
12649	0.58683312
12650	0.58152026
12651	0.57622993
12652	0.57101059
12653	0.56590456
12654	0.56094795
12655	0.55617106
12656	0.55159849
12657	0.54724944
12658	0.54313827
12659	0.53927445
12660	0.53566331
12661	0.53230572
12662	0.52919859
12663	0.52633488
12664	0.52370346
12665	0.52128977
12666	0.51907527
12667	0.51703846
12668	0.51515466
12669	0.51339662
12670	0.51173556
12671	0.51014119
12672	0.50858301
12673	0.50703061
12674	0.50545496
12675	0.50382847
12676	0.50212586
12677	0.50032455
12678	0.49840468
12679	0.49634984
12680	0.49414667
12681	0.49178526
12682	0.48925894
12683	0.48656461
12684	0.48370251
12685	0.48067641
12686	0.47749352
12687	0.47416469
12688	0.47070429
12689	0.46713015
12690	0.46346363
12691	0.45972922
12692	0.45595434
12693	0.45216885
12694	0.44840437
12695	0.44469354
12696	0.44106913
12697	0.43756279
12698	0.43420398
12699	0.43101889
12700	0.42802891
12701	0.42524984
12702	0.42269108
12703	0.42035460
12704	0.41823518
12705	0.41632000
12706	0.41458923
12707	0.41301665
12708	0.41157055
12709	0.41021484
12710	0.40891045
12711	0.40761641
12712	0.40629140
12713	0.40489474
12714	0.40338761
12715	0.40173402
12716	0.39990151
12717	0.39786181
12718	0.39559132
12719	0.39307147
12720	0.39028895
12721	0.38723588
12722	0.38390985
12723	0.38031417
12724	0.37645760
12725	0.37235442
12726	0.36802426
12727	0.36349174
12728	0.35878608
12729	0.35394028
12730	0.34899086
12731	0.34397677
12732	0.33893850
12733	0.33391738
12734	0.32895473
12735	0.32409096
12736	0.31936523
12737	0.31481472
12738	0.31047422
12739	0.30637619
12740	0.30255002
12741	0.29902238
12742	0.29581666
12743	0.29295319
12744	0.29044867
12745	0.28831628
12746	0.28656515
12747	0.28520027
12748	0.28422198
12749	0.28362539
12750	0.28340009
12751	0.28352952
12752	0.28399017
12753	0.28475130
12754	0.28577417
12755	0.28701186
12756	0.28840870
12757	0.28990027
12758	0.29141387
12759	0.29286879
12760	0.29417726
12761	0.29524618
12762	0.29597834
12763	0.29627502
12764	0.29603809
12765	0.29517299
12766	0.29359087
12767	0.29121143
12768	0.28796425
12769	0.28379056
12770	0.27864370
12771	0.27248836
12772	0.26529977
12773	0.25706181
12774	0.24776447
12775	0.23740147
12776	0.22596797
12777	0.21345820
12778	0.19986457
12779	0.18517695
12780	0.16938321
12781	0.15247080
12782	0.13442922
12783	0.11525358
12784	0.09494881
12785	0.07353564
12786	0.05105659
12787	0.02758433
12788	0.00323041
12789	-0.02184436
12790	-0.04741751
12791	-0.07319168
12792	-0.09878107
12793	-0.12369567
12794	-0.14732705
12795	-0.16893561
12796	-0.18763587
12797	-0.20237906
12798	-0.21192135
12799	-0.21474920
12800	-0.20891152
12801	-0.19161142
12802	-0.15816846
12803	-0.09909312
12804	0.01012617
12805	0.26150998
12806	NaN
12807	NaN
12808	NaN
12809	NaN
12810	NaN
12811	NaN
12812	NaN
12813	NaN
12814	NaN
12815	NaN
12816	NaN
12817	NaN
12818	NaN
12819	NaN
12820	NaN
12821	NaN
12822	NaN
12823	NaN
12824	NaN
12825	NaN
12826	NaN
12827	NaN
12828	NaN
12829	NaN
12830	NaN
12831	NaN
12832	NaN
12833	NaN
12834	NaN
12835	NaN
12836	NaN
12837	NaN
12838	NaN
12839	NaN
12840	NaN
12841	NaN
12842	NaN
12843	NaN
12844	NaN
12845	NaN
12846	NaN
12847	NaN
12848	NaN
12849	NaN
12850	NaN
12851	NaN
12852	NaN
12853	NaN
12854	NaN
12855	NaN
12856	NaN
12857	NaN
12858	NaN
12859	NaN
12860	NaN
12861	NaN
12862	NaN
12863	NaN
12864	NaN
12865	NaN
12866	NaN
12867	NaN
12868	NaN
12869	NaN
12870	NaN
12871	NaN
12872	NaN
12873	NaN
12874	NaN
12875	NaN
12876	NaN
12877	NaN
12878	NaN
12879	NaN
12880	NaN
12881	NaN
12882	NaN
12883	NaN
12884	NaN
12885	NaN
12886	NaN
12887	NaN
12888	1.83085549
12889	1.16095984
12890	0.98041075
12891	0.89775741
12892	0.85111463
12893	0.82163829
12894	0.80164742
12895	0.78742230
12896	0.77694130
12897	0.76901126
12898	0.76288289
12899	0.75806290
12900	0.75421488
12901	0.75110292
12902	0.74855852
12903	0.74645931
12904	0.74471599
12905	0.74326283
12906	0.74205118
12907	0.74104476
12908	0.74021626
12909	0.73954451
12910	0.73901218
12911	0.73860431
12912	0.73830640
12913	0.73810381
12914	0.73798001
12915	0.73791611
12916	0.73788983
12917	0.73787510
12918	0.73784143
12919	0.73775327
12920	0.73757046
12921	0.73724777
12922	0.73673570
12923	0.73598123
12924	0.73492885
12925	0.73352259
12926	0.73170841
12927	0.72943687
12928	0.72666627
12929	0.72336680
12930	0.71952361
12931	0.71514040
12932	0.71024221
12933	0.70487630
12934	0.69911307
12935	0.69304419
12936	0.68677920
12937	0.68044132
12938	0.67416161
12939	0.66807270
12940	0.66230214
12941	0.65696722
12942	0.65216911
12943	0.64798975
12944	0.64448893
12945	0.64170289
12946	0.63964450
12947	0.63830358
12948	0.63764852
12949	0.63762808
12950	0.63817352
12951	0.63920116
12952	0.64061433
12953	0.64230639
12954	0.64416313
12955	0.64606553
12956	0.64789277
12957	0.64952546
12958	0.65084952
12959	0.65175915
12960	0.65216124
12961	0.65197885
12962	0.65115458
12963	0.64965290
12964	0.64746219
12965	0.64459467
12966	0.64108616
12967	0.63699317
12968	0.63239014
12969	0.62736470
12970	0.62201315
12971	0.61643541
12972	0.61073053
12973	0.60499221
12974	0.59930593
12975	0.59374613
12976	0.58837473
12977	0.58324087
12978	0.57838029
12979	0.57381672
12980	0.56956232
12981	0.56561959
12982	0.56198227
12983	0.55863768
12984	0.55556750
12985	0.55274999
12986	0.55016065
12987	0.54777396
12988	0.54556429
12989	0.54350656
12990	0.54157716
12991	0.53975391
12992	0.53801674
12993	0.53634727
12994	0.53472859
12995	0.53314477
12996	0.53158057
12997	0.53002059
12998	0.52844852
12999	0.52684706
13000	0.52519751
13001	0.52347958
13002	0.52167159
13003	0.51975119
13004	0.51769608
13005	0.51548451
13006	0.51309675
13007	0.51051599
13008	0.50772923
13009	0.50472820
13010	0.50150996
13011	0.49807730
13012	0.49443930
13013	0.49061078
13014	0.48661274
13015	0.48247129
13016	0.47821751
13017	0.47388649
13018	0.46951613
13019	0.46514636
13020	0.46081787
13021	0.45657074
13022	0.45244315
13023	0.44847026
13024	0.44468284
13025	0.44110632
13026	0.43776000
13027	0.43465599
13028	0.43179941
13029	0.42918801
13030	0.42681223
13031	0.42465615
13032	0.42269781
13033	0.42091048
13034	0.41926333
13035	0.41772276
13036	0.41625324
13037	0.41481811
13038	0.41338071
13039	0.41190472
13040	0.41035494
13041	0.40869752
13042	0.40690050
13043	0.40493411
13044	0.40277109
13045	0.40038711
13046	0.39776120
13047	0.39487618
13048	0.39171916
13049	0.38828197
13050	0.38456172
13051	0.38056114
13052	0.37628880
13053	0.37175909
13054	0.36699241
13055	0.36201450
13056	0.35685626
13057	0.35155296
13058	0.34614331
13059	0.34066874
13060	0.33517238
13061	0.32969803
13062	0.32428923
13063	0.31898871
13064	0.31383750
13065	0.30887440
13066	0.30413556
13067	0.29965413
13068	0.29546013
13069	0.29158023
13070	0.28803757
13071	0.28485188
13072	0.28203937
13073	0.27961254
13074	0.27758023
13075	0.27594718
13076	0.27471387
13077	0.27387556
13078	0.27342179
13079	0.27333486
13080	0.27358890
13081	0.27414808
13082	0.27496535
13083	0.27598104
13084	0.27712211
13085	0.27830201
13086	0.27942139
13087	0.28037024
13088	0.28103083
13089	0.28128245
13090	0.28100616
13091	0.28009078
13092	0.27843809
13093	0.27596781
13094	0.27262005
13095	0.26835784
13096	0.26316574
13097	0.25704804
13098	0.25002533
13099	0.24212986
13100	0.23340099
13101	0.22388119
13102	0.21361245
13103	0.20263419
13104	0.19098191
13105	0.17868823
13106	0.16578428
13107	0.15230370
13108	0.13828771
13109	0.12379249
13110	0.10889846
13111	0.09372266
13112	0.07843310
13113	0.06326793
13114	0.04855664
13115	0.03474494
13116	0.02242194
13117	0.01234675
13118	0.00547285
13119	0.00296475
13120	0.00620391
13121	0.01678092
13122	0.03647802
13123	0.06725568
13124	0.11127441
13125	0.17101258
13126	0.24958573
13127	0.35146114
13128	0.48399511
13129	0.66086280
13130	0.91065192
13131	1.30289090
13132	2.05519867
13133	4.34220982
13134	NaN
13135	NaN
13136	NaN
13137	NaN
13138	NaN
13139	NaN
13140	NaN
13141	NaN
13142	NaN
13143	NaN
13144	NaN
13145	NaN
13146	NaN
13147	NaN
13148	NaN
13149	NaN
13150	NaN
13151	NaN
13152	NaN
13153	NaN
13154	NaN
13155	NaN
13156	NaN
13157	NaN
13158	NaN
13159	NaN
13160	NaN
13161	NaN
13162	NaN
13163	NaN
13164	NaN
13165	NaN
13166	NaN
13167	NaN
13168	NaN
13169	NaN
13170	NaN
13171	NaN
13172	NaN
13173	NaN
13174	NaN
13175	NaN
13176	NaN
13177	NaN
13178	NaN
13179	NaN
13180	NaN
13181	NaN
13182	NaN
13183	NaN
13184	NaN
13185	NaN
13186	NaN
13187	NaN
13188	NaN
13189	NaN
13190	NaN
13191	NaN
13192	NaN
13193	NaN
13194	NaN
13195	NaN
13196	NaN
13197	NaN
13198	NaN
13199	NaN
13200	NaN
13201	NaN
13202	NaN
13203	NaN
13204	NaN
13205	NaN
13206	NaN
13207	NaN
13208	NaN
13209	NaN
13210	NaN
13211	NaN
13212	NaN
13213	NaN
13214	NaN
13215	NaN
13216	NaN
13217	NaN
13218	NaN
13219	NaN
13220	NaN
13221	NaN
13222	NaN
13223	0.83583176
13224	0.73975861
13225	0.71024501
13226	0.69862854
13227	0.69426620
13228	0.69345558
13229	0.69456315
13230	0.69675303
13231	0.69955367
13232	0.70267981
13233	0.70595133
13234	0.70925128
13235	0.71250319
13236	0.71565777
13237	0.71868438
13238	0.72156608
13239	0.72429550
13240	0.72687238
13241	0.72930151
13242	0.73159087
13243	0.73375052
13244	0.73579133
13245	0.73772341
13246	0.73955560
13247	0.74129397
13248	0.74294096
13249	0.74449450
13250	0.74594700
13251	0.74728441
13252	0.74848586
13253	0.74952292
13254	0.75035942
13255	0.75095111
13256	0.75124657
13257	0.75118798
13258	0.75071180
13259	0.74975193
13260	0.74824166
13261	0.74611747
13262	0.74332261
13263	0.73981231
13264	0.73555773
13265	0.73055077
13266	0.72480798
13267	0.71837348
13268	0.71131986
13269	0.70374781
13270	0.69578344
13271	0.68757349
13272	0.67927921
13273	0.67106944
13274	0.66311276
13275	0.65557045
13276	0.64858985
13277	0.64229941
13278	0.63680470
13279	0.63218600
13280	0.62849754
13281	0.62576687
13282	0.62399578
13283	0.62316138
13284	0.62321770
13285	0.62409723
13286	0.62571263
13287	0.62795877
13288	0.63071501
13289	0.63384736
13290	0.63721180
13291	0.64065742
13292	0.64403069
13293	0.64717972
13294	0.64995950
13295	0.65223652
13296	0.65389431
13297	0.65483743
13298	0.65499508
13299	0.65432382
13300	0.65280825
13301	0.65046060
13302	0.64731854
13303	0.64344221
13304	0.63890976
13305	0.63381279
13306	0.62825137
13307	0.62232947
13308	0.61615080
13309	0.60981536
13310	0.60341692
13311	0.59704077
13312	0.59076297
13313	0.58464950
13314	0.57875615
13315	0.57312894
13316	0.56780457
13317	0.56281096
13318	0.55816817
13319	0.55388898
13320	0.54997939
13321	0.54643947
13322	0.54326338
13323	0.54043967
13324	0.53795189
13325	0.53577811
13326	0.53389162
13327	0.53226089
13328	0.53084999
13329	0.52961934
13330	0.52852607
13331	0.52752548
13332	0.52657175
13333	0.52561903
13334	0.52462316
13335	0.52354223
13336	0.52233791
13337	0.52097619
13338	0.51942784
13339	0.51766878
13340	0.51568025
13341	0.51344860
13342	0.51096505
13343	0.50822562
13344	0.50523043
13345	0.50198400
13346	0.49849465
13347	0.49477467
13348	0.49084038
13349	0.48671198
13350	0.48241401
13351	0.47797522
13352	0.47342858
13353	0.46881118
13354	0.46416381
13355	0.45953014
13356	0.45495582
13357	0.45048711
13358	0.44616929
13359	0.44204509
13360	0.43815312
13361	0.43452582
13362	0.43118870
13363	0.42815873
13364	0.42544401
13365	0.42304313
13366	0.42094538
13367	0.41913128
13368	0.41757300
13369	0.41623566
13370	0.41507810
13371	0.41405448
13372	0.41311523
13373	0.41220871
13374	0.41128221
13375	0.41028339
13376	0.40916124
13377	0.40786752
13378	0.40635741
13379	0.40459067
13380	0.40253243
13381	0.40015396
13382	0.39743331
13383	0.39435592
13384	0.39091498
13385	0.38711163
13386	0.38295525
13387	0.37846324
13388	0.37366074
13389	0.36858022
13390	0.36326081
13391	0.35774720
13392	0.35208896
13393	0.34633893
13394	0.34055230
13395	0.33478522
13396	0.32909361
13397	0.32353199
13398	0.31815287
13399	0.31300566
13400	0.30813631
13401	0.30358681
13402	0.29939526
13403	0.29559553
13404	0.29221740
13405	0.28928688
13406	0.28682581
13407	0.28485224
13408	0.28338045
13409	0.28242052
13410	0.28197774
13411	0.28205243
13412	0.28263870
13413	0.28372324
13414	0.28528374
13415	0.28728732
13416	0.28968832
13417	0.29242665
13418	0.29542631
13419	0.29859421
13420	0.30182016
13421	0.30497789
13422	0.30792785
13423	0.31052044
13424	0.31260160
13425	0.31401855
13426	0.31462628
13427	0.31429297
13428	0.31290531
13429	0.31037128
13430	0.30662179
13431	0.30160964
13432	0.29530701
13433	0.28770190
13434	0.27879363
13435	0.26858824
13436	0.25709453
13437	0.24432093
13438	0.23027334
13439	0.21495463
13440	0.19836548
13441	0.18050705
13442	0.16138534
13443	0.14101790
13444	0.11944272
13445	0.09673008
13446	0.07299791
13447	0.04843057
13448	0.02330239
13449	-0.00199387
13450	-0.02691454
13451	-0.05072802
13452	-0.07247555
13453	-0.09093310
13454	-0.10457744
13455	-0.11155922
13456	-0.10968230
13457	-0.09637941
13458	-0.06864826
13459	-0.02287811
13460	0.04557822
13461	0.14340650
13462	0.28163445
13463	0.48125660
13464	0.78899765
13465	1.33331728
13466	2.63094592
13467	NaN
13468	NaN
13469	NaN
13470	NaN
13471	NaN
13472	NaN
13473	NaN
13474	NaN
13475	NaN
13476	NaN
13477	NaN
13478	NaN
13479	NaN
13480	NaN
13481	NaN
13482	NaN
13483	NaN
13484	NaN
13485	NaN
13486	NaN
13487	NaN
13488	NaN
13489	NaN
13490	NaN
13491	NaN
13492	NaN
13493	NaN
13494	NaN
13495	NaN
13496	NaN
13497	NaN
13498	NaN
13499	NaN
13500	NaN
13501	NaN
13502	NaN
13503	NaN
13504	NaN
13505	NaN
13506	NaN
13507	NaN
13508	NaN
13509	NaN
13510	NaN
13511	NaN
13512	NaN
13513	NaN
13514	NaN
13515	NaN
13516	NaN
13517	NaN
13518	NaN
13519	NaN
13520	NaN
13521	NaN
13522	NaN
13523	NaN
13524	NaN
13525	NaN
13526	NaN
13527	NaN
13528	NaN
13529	NaN
13530	NaN
13531	NaN
13532	NaN
13533	NaN
13534	NaN
13535	NaN
13536	NaN
13537	NaN
13538	NaN
13539	NaN
13540	NaN
13541	NaN
13542	NaN
13543	NaN
13544	NaN
13545	NaN
13546	NaN
13547	NaN
13548	NaN
13549	NaN
13550	NaN
13551	NaN
13552	NaN
13553	NaN
13554	NaN
13555	1.06933391
13556	0.87603438
13557	0.81004161
13558	0.77777594
13559	0.75930220
13560	0.74777716
13561	0.74020815
13562	0.73507404
13563	0.73151785
13564	0.72902012
13565	0.72724843
13566	0.72598267
13567	0.72507292
13568	0.72441685
13569	0.72394413
13570	0.72360796
13571	0.72337788
13572	0.72323585
13573	0.72317207
13574	0.72318262
13575	0.72326690
13576	0.72342551
13577	0.72365892
13578	0.72396517
13579	0.72433943
13580	0.72477245
13581	0.72524983
13582	0.72575134
13583	0.72625083
13584	0.72671580
13585	0.72710758
13586	0.72738183
13587	0.72748858
13588	0.72737426
13589	0.72698206
13590	0.72625417
13591	0.72513342
13592	0.72356576
13593	0.72150320
13594	0.71890634
13595	0.71574771
13596	0.71201450
13597	0.70771182
13598	0.70286393
13599	0.69751644
13600	0.69173622
13601	0.68561006
13602	0.67924291
13603	0.67275399
13604	0.66627210
13605	0.65993059
13606	0.65386111
13607	0.64818823
13608	0.64302450
13609	0.63846534
13610	0.63458639
13611	0.63144070
13612	0.62905800
13613	0.62744421
13614	0.62658191
13615	0.62643212
13616	0.62693542
13617	0.62801456
13618	0.62957621
13619	0.63151377
13620	0.63370973
13621	0.63603872
13622	0.63837039
13623	0.64057291
13624	0.64251679
13625	0.64407837
13626	0.64514452
13627	0.64561665
13628	0.64541447
13629	0.64447981
13630	0.64277899
13631	0.64030415
13632	0.63707376
13633	0.63313073
13634	0.62853986
13635	0.62338388
13636	0.61775833
13637	0.61176652
13638	0.60551417
13639	0.59910464
13640	0.59263504
13641	0.58619297
13642	0.57985473
13643	0.57368398
13644	0.56773192
13645	0.56203747
13646	0.55662864
13647	0.55152351
13648	0.54673207
13649	0.54225749
13650	0.53809798
13651	0.53424758
13652	0.53069776
13653	0.52743787
13654	0.52445579
13655	0.52173859
13656	0.51927233
13657	0.51704234
13658	0.51503265
13659	0.51322633
13660	0.51160473
13661	0.51014721
13662	0.50883114
13663	0.50763124
13664	0.50651973
13665	0.50546604
13666	0.50443733
13667	0.50339794
13668	0.50231111
13669	0.50113863
13670	0.49984220
13671	0.49838457
13672	0.49673057
13673	0.49484801
13674	0.49270919
13675	0.49029168
13676	0.48757923
13677	0.48456234
13678	0.48123881
13679	0.47761393
13680	0.47370026
13681	0.46951795
13682	0.46509391
13683	0.46046150
13684	0.45565966
13685	0.45073208
13686	0.44572601
13687	0.44069102
13688	0.43567762
13689	0.43073571
13690	0.42591316
13691	0.42125446
13692	0.41679889
13693	0.41257977
13694	0.40862340
13695	0.40494806
13696	0.40156397
13697	0.39847296
13698	0.39566877
13699	0.39313772
13700	0.39085919
13701	0.38880694
13702	0.38695002
13703	0.38525394
13704	0.38368189
13705	0.38219571
13706	0.38075706
13707	0.37932801
13708	0.37787196
13709	0.37635410
13710	0.37474194
13711	0.37300560
13712	0.37111816
13713	0.36905614
13714	0.36679932
13715	0.36433163
13716	0.36164087
13717	0.35871902
13718	0.35556278
13719	0.35217318
13720	0.34855610
13721	0.34472218
13722	0.34068647
13723	0.33646861
13724	0.33209249
13725	0.32758585
13726	0.32297972
13727	0.31830814
13728	0.31360731
13729	0.30891511
13730	0.30427000
13731	0.29971060
13732	0.29527494
13733	0.29099980
13734	0.28692019
13735	0.28306907
13736	0.27947694
13737	0.27617165
13738	0.27317828
13739	0.27051908
13740	0.26821288
13741	0.26627502
13742	0.26471645
13743	0.26354319
13744	0.26275495
13745	0.26234406
13746	0.26229385
13747	0.26257712
13748	0.26315469
13749	0.26397368
13750	0.26496708
13751	0.26605317
13752	0.26713616
13753	0.26810780
13754	0.26885000
13755	0.26923865
13756	0.26914844
13757	0.26845765
13758	0.26705390
13759	0.26483873
13760	0.26173142
13761	0.25767165
13762	0.25262013
13763	0.24655788
13764	0.23948410
13765	0.23141253
13766	0.22236782
13767	0.21238126
13768	0.20148695
13769	0.18971868
13770	0.17710818
13771	0.16368394
13772	0.14947218
13773	0.13449848
13774	0.11879200
13775	0.10239115
13776	0.08535169
13777	0.06775714
13778	0.04973390
13779	0.03146890
13780	0.01323311
13781	-0.00458923
13782	-0.02146656
13783	-0.03667963
13784	-0.04927604
13785	-0.05802413
13786	-0.06136587
13787	-0.05736965
13788	-0.04368057
13789	-0.01744406
13790	0.02484262
13791	0.08766768
13792	0.17727230
13793	0.30342951
13794	0.48376557
13795	0.75553238
13796	1.21502697
13797	2.20844865
13798	NaN
13799	NaN
13800	NaN
13801	NaN
13802	NaN
13803	NaN
13804	NaN
13805	NaN
13806	NaN
13807	NaN
13808	NaN
13809	NaN
13810	NaN
13811	NaN
13812	NaN
13813	NaN
13814	NaN
13815	NaN
13816	NaN
13817	NaN
13818	NaN
13819	NaN
13820	NaN
13821	NaN
13822	NaN
13823	NaN
13824	NaN
13825	NaN
13826	NaN
13827	NaN
13828	NaN
13829	NaN
13830	NaN
13831	NaN
13832	NaN
13833	NaN
13834	NaN
13835	NaN
13836	NaN
13837	NaN
13838	NaN
13839	NaN
13840	NaN
13841	NaN
13842	NaN
13843	NaN
13844	NaN
13845	NaN
13846	NaN
13847	NaN
13848	NaN
13849	NaN
13850	NaN
13851	NaN
13852	NaN
13853	NaN
13854	NaN
13855	NaN
13856	NaN
13857	NaN
13858	NaN
13859	NaN
13860	NaN
13861	NaN
13862	NaN
13863	NaN
13864	NaN
13865	NaN
13866	NaN
13867	NaN
13868	NaN
13869	NaN
13870	NaN
13871	NaN
13872	NaN
13873	NaN
13874	NaN
13875	NaN
13876	NaN
13877	NaN
13878	NaN
13879	NaN
13880	1.41763830
13881	1.04234314
13882	0.91980994
13883	0.85869986
13884	0.82211632
13885	0.79791653
13886	0.78091627
13887	0.76851737
13888	0.75926495
13889	0.75227398
13890	0.74697059
13891	0.74296248
13892	0.73996949
13893	0.73778468
13894	0.73625016
13895	0.73524237
13896	0.73466307
13897	0.73443186
13898	0.73448223
13899	0.73475808
13900	0.73521096
13901	0.73579800
13902	0.73647994
13903	0.73721981
13904	0.73798156
13905	0.73872864
13906	0.73942345
13907	0.74002612
13908	0.74049437
13909	0.74078327
13910	0.74084502
13911	0.74062967
13912	0.74008572
13913	0.73916161
13914	0.73780698
13915	0.73597485
13916	0.73362386
13917	0.73072034
13918	0.72724128
13919	0.72317624
13920	0.71852970
13921	0.71332252
13922	0.70759308
13923	0.70139766
13924	0.69480908
13925	0.68791586
13926	0.68081903
13927	0.67362905
13928	0.66646212
13929	0.65943593
13930	0.65266550
13931	0.64625919
13932	0.64031553
13933	0.63491958
13934	0.63014126
13935	0.62603313
13936	0.62262964
13937	0.61994642
13938	0.61798036
13939	0.61671007
13940	0.61609679
13941	0.61608553
13942	0.61660671
13943	0.61757803
13944	0.61890662
13945	0.62049162
13946	0.62222713
13947	0.62400514
13948	0.62571847
13949	0.62726456
13950	0.62854797
13951	0.62948352
13952	0.62999892
13953	0.63003635
13954	0.62955397
13955	0.62852663
13956	0.62694556
13957	0.62481785
13958	0.62216467
13959	0.61901999
13960	0.61542773
13961	0.61143982
13962	0.60711342
13963	0.60250849
13964	0.59768587
13965	0.59270531
13966	0.58762342
13967	0.58249325
13968	0.57736278
13969	0.57227468
13970	0.56726617
13971	0.56236875
13972	0.55760884
13973	0.55300778
13974	0.54858238
13975	0.54434562
13976	0.54030669
13977	0.53647172
13978	0.53284413
13979	0.52942425
13980	0.52621031
13981	0.52319795
13982	0.52037996
13983	0.51774698
13984	0.51528704
13985	0.51298559
13986	0.51082599
13987	0.50878954
13988	0.50685567
13989	0.50500268
13990	0.50320804
13991	0.50144851
13992	0.49970114
13993	0.49794328
13994	0.49615294
13995	0.49430934
13996	0.49239278
13997	0.49038541
13998	0.48827112
13999	0.48603585
14000	0.48366779
14001	0.48115784
14002	0.47849974
14003	0.47569013
14004	0.47272924
14005	0.46962085
14006	0.46637258
14007	0.46299601
14008	0.45950657
14009	0.45592359
14010	0.45226988
14011	0.44857115
14012	0.44485548
14013	0.44115242
14014	0.43749198
14015	0.43390363
14016	0.43041554
14017	0.42705333
14018	0.42383951
14019	0.42079279
14020	0.41792759
14021	0.41525385
14022	0.41277701
14023	0.41049817
14024	0.40841427
14025	0.40651855
14026	0.40480089
14027	0.40324834
14028	0.40184546
14029	0.40057486
14030	0.39941734
14031	0.39835238
14032	0.39735815
14033	0.39641169
14034	0.39548889
14035	0.39456442
14036	0.39361155
14037	0.39260197
14038	0.39150545
14039	0.39028972
14040	0.38892037
14041	0.38736096
14042	0.38557345
14043	0.38351926
14044	0.38116062
14045	0.37846261
14046	0.37539583
14047	0.37193918
14048	0.36808270
14049	0.36383027
14050	0.35920057
14051	0.35422799
14052	0.34896082
14053	0.34345922
14054	0.33779180
14055	0.33203205
14056	0.32625455
14057	0.32053149
14058	0.31493026
14059	0.30951086
14060	0.30432478
14061	0.29941407
14062	0.29481122
14063	0.29053947
14064	0.28661299
14065	0.28303808
14066	0.27981350
14067	0.27693146
14068	0.27437812
14069	0.27213430
14070	0.27017567
14071	0.26847309
14072	0.26699296
14073	0.26569730
14074	0.26454389
14075	0.26348665
14076	0.26247635
14077	0.26146093
14078	0.26038659
14079	0.25919878
14080	0.25784349
14081	0.25626844
14082	0.25442424
14083	0.25226524
14084	0.24975049
14085	0.24684371
14086	0.24351351
14087	0.23973283
14088	0.23547815
14089	0.23072869
14090	0.22546551
14091	0.21967034
14092	0.21332531
14093	0.20641214
14094	0.19891223
14095	0.19080698
14096	0.18207857
14097	0.17271060
14098	0.16269043
14099	0.15201065
14100	0.14067210
14101	0.12868705
14102	0.11608334
14103	0.10290896
14104	0.08923759
14105	0.07517473
14106	0.06086445
14107	0.04649625
14108	0.03231151
14109	0.01860926
14110	0.00575057
14111	-0.00583836
14112	-0.01566639
14113	-0.02317822
14114	-0.02775546
14115	-0.02871472
14116	-0.02529292
14117	-0.01660812
14118	-0.00157305
14119	0.02129596
14120	0.05427460
14121	0.10132099
14122	0.17028309
14123	0.27940023
14124	0.48257196
14125	1.03566229
14126	NaN
14127	NaN
14128	NaN
14129	NaN
14130	NaN
14131	NaN
14132	NaN
14133	NaN
14134	NaN
14135	NaN
14136	NaN
14137	NaN
14138	NaN
14139	NaN
14140	NaN
14141	NaN
14142	NaN
14143	NaN
14144	NaN
14145	NaN
14146	NaN
14147	NaN
14148	NaN
14149	NaN
14150	NaN
14151	NaN
14152	NaN
14153	NaN
14154	NaN
14155	NaN
14156	NaN
14157	NaN
14158	NaN
14159	NaN
14160	NaN
14161	NaN
14162	NaN
14163	NaN
14164	NaN
14165	NaN
14166	NaN
14167	NaN
14168	NaN
14169	NaN
14170	NaN
14171	NaN
14172	NaN
14173	NaN
14174	NaN
14175	NaN
14176	NaN
14177	NaN
14178	NaN
14179	NaN
14180	NaN
14181	NaN
14182	NaN
14183	NaN
14184	NaN
14185	NaN
14186	NaN
14187	NaN
14188	NaN
14189	NaN
14190	NaN
14191	NaN
14192	NaN
14193	NaN
14194	NaN
14195	NaN
14196	NaN
14197	NaN
14198	NaN
14199	NaN
14200	NaN
14201	1.03539717
14202	0.83496058
14203	0.77738118
14204	0.75293332
14205	0.74102437
14206	0.73499745
14207	0.73206842
14208	0.73087871
14209	0.73069495
14210	0.73109198
14211	0.73181146
14212	0.73269099
14213	0.73362714
14214	0.73455405
14215	0.73543084
14216	0.73623395
14217	0.73695141
14218	0.73757970
14219	0.73812103
14220	0.73858136
14221	0.73896873
14222	0.73929203
14223	0.73955983
14224	0.73977888
14225	0.73995352
14226	0.74008459
14227	0.74016875
14228	0.74019778
14229	0.74015814
14230	0.74003071
14231	0.73979062
14232	0.73940730
14233	0.73884505
14234	0.73806345
14235	0.73701894
14236	0.73566586
14237	0.73395884
14238	0.73185509
14239	0.72931677
14240	0.72631472
14241	0.72283119
14242	0.71886259
14243	0.71442246
14244	0.70954311
14245	0.70427603
14246	0.69869179
14247	0.69287813
14248	0.68693709
14249	0.68098086
14250	0.67512691
14251	0.66949296
14252	0.66419160
14253	0.65932590
14254	0.65498483
14255	0.65124005
14256	0.64814371
14257	0.64572680
14258	0.64399868
14259	0.64294696
14260	0.64253885
14261	0.64272213
14262	0.64342713
14263	0.64456880
14264	0.64604932
14265	0.64776069
14266	0.64958793
14267	0.65141225
14268	0.65311462
14269	0.65457952
14270	0.65569842
14271	0.65637386
14272	0.65652275
14273	0.65607947
14274	0.65499830
14275	0.65325516
14276	0.65084845
14277	0.64779818
14278	0.64414543
14279	0.63994926
14280	0.63528395
14281	0.63023484
14282	0.62489450
14283	0.61935854
14284	0.61372095
14285	0.60807133
14286	0.60249186
14287	0.59705436
14288	0.59181976
14289	0.58683687
14290	0.58214206
14291	0.57776010
14292	0.57370472
14293	0.56997943
14294	0.56657952
14295	0.56349254
14296	0.56070018
14297	0.55817997
14298	0.55590558
14299	0.55384898
14300	0.55198091
14301	0.55027187
14302	0.54869276
14303	0.54721564
14304	0.54581350
14305	0.54446089
14306	0.54313374
14307	0.54180920
14308	0.54046547
14309	0.53908139
14310	0.53763640
14311	0.53610969
14312	0.53448057
14313	0.53272814
14314	0.53083128
14315	0.52876890
14316	0.52652049
14317	0.52406651
14318	0.52138925
14319	0.51847363
14320	0.51530796
14321	0.51188481
14322	0.50820172
14323	0.50426173
14324	0.50007415
14325	0.49565426
14326	0.49102417
14327	0.48621204
14328	0.48125213
14329	0.47618428
14330	0.47105268
14331	0.46590537
14332	0.46079260
14333	0.45576563
14334	0.45087478
14335	0.44616809
14336	0.44168937
14337	0.43747655
14338	0.43356037
14339	0.42996314
14340	0.42669770
14341	0.42376733
14342	0.42116523
14343	0.41887531
14344	0.41687268
14345	0.41512489
14346	0.41359282
14347	0.41223255
14348	0.41099653
14349	0.40983498
14350	0.40869758
14351	0.40753427
14352	0.40629673
14353	0.40493917
14354	0.40341929
14355	0.40169895
14356	0.39974499
14357	0.39752969
14358	0.39503127
14359	0.39223439
14360	0.38913026
14361	0.38571700
14362	0.38199946
14363	0.37798908
14364	0.37370363
14365	0.36916673
14366	0.36440703
14367	0.35945755
14368	0.35435483
14369	0.34913790
14370	0.34384736
14371	0.33852494
14372	0.33321193
14373	0.32794932
14374	0.32277685
14375	0.31773272
14376	0.31285340
14377	0.30817348
14378	0.30372539
14379	0.29953969
14380	0.29564467
14381	0.29206675
14382	0.28882977
14383	0.28595549
14384	0.28346309
14385	0.28136876
14386	0.27968550
14387	0.27842233
14388	0.27758339
14389	0.27716747
14390	0.27716598
14391	0.27756226
14392	0.27832940
14393	0.27942905
14394	0.28080994
14395	0.28240663
14396	0.28413942
14397	0.28591487
14398	0.28762728
14399	0.28916156
14400	0.29039699
14401	0.29121196
14402	0.29148880
14403	0.29111904
14404	0.29000774
14405	0.28807744
14406	0.28527027
14407	0.28154904
14408	0.27689657
14409	0.27131391
14410	0.26481727
14411	0.25743473
14412	0.24920276
14413	0.24016277
14414	0.23035862
14415	0.21983492
14416	0.20863631
14417	0.19680811
14418	0.18439798
14419	0.17145897
14420	0.15805410
14421	0.14426173
14422	0.13018276
14423	0.11594833
14424	0.10172922
14425	0.08774503
14426	0.07427438
14427	0.06166426
14428	0.05033830
14429	0.04080220
14430	0.03364723
14431	0.02954829
14432	0.02925956
14433	0.03360993
14434	0.04350483
14435	0.05994503
14436	0.08408795
14437	0.11738740
14438	0.16188538
14439	0.22081886
14440	0.29992747
14441	0.41059265
14442	0.57869565
14443	0.87687969
14444	1.61019349
14445	NaN
14446	NaN
14447	NaN
14448	NaN
14449	NaN
14450	NaN
14451	NaN
14452	NaN
14453	NaN
14454	NaN
14455	NaN
14456	NaN
14457	NaN
14458	NaN
14459	NaN
14460	NaN
14461	NaN
14462	NaN
14463	NaN
14464	NaN
14465	NaN
14466	NaN
14467	NaN
14468	NaN
14469	NaN
14470	NaN
14471	NaN
14472	NaN
14473	NaN
14474	NaN
14475	NaN
14476	NaN
14477	NaN
14478	NaN
14479	NaN
14480	NaN
14481	NaN
14482	NaN
14483	NaN
14484	NaN
14485	NaN
14486	NaN
14487	NaN
14488	NaN
14489	NaN
14490	NaN
14491	NaN
14492	NaN
14493	NaN
14494	NaN
14495	NaN
14496	NaN
14497	NaN
14498	NaN
14499	NaN
14500	NaN
14501	NaN
14502	NaN
14503	NaN
14504	NaN
14505	NaN
14506	NaN
14507	NaN
14508	NaN
14509	NaN
14510	NaN
14511	NaN
14512	NaN
14513	NaN
14514	NaN
14515	NaN
14516	NaN
14517	NaN
14518	NaN
14519	NaN
14520	NaN
14521	NaN
14522	NaN
14523	NaN
14524	NaN
14525	NaN
14526	NaN
14527	1.49787688
14528	1.03052378
14529	0.89945561
14530	0.83874655
14531	0.80450702
14532	0.78313655
14533	0.76902157
14534	0.75941211
14535	0.75279492
14536	0.74826431
14537	0.74524218
14538	0.74334073
14539	0.74228972
14540	0.74189454
14541	0.74201226
14542	0.74253583
14543	0.74338388
14544	0.74449408
14545	0.74581826
14546	0.74731857
14547	0.74896502
14548	0.75073260
14549	0.75259978
14550	0.75454646
14551	0.75655228
14552	0.75859511
14553	0.76064968
14554	0.76268625
14555	0.76466924
14556	0.76655668
14557	0.76829994
14558	0.76984274
14559	0.77112204
14560	0.77206880
14561	0.77260917
14562	0.77266675
14563	0.77216524
14564	0.77103150
14565	0.76919961
14566	0.76661515
14567	0.76323915
14568	0.75905287
14569	0.75406092
14570	0.74829483
14571	0.74181390
14572	0.73470598
14573	0.72708511
14574	0.71908832
14575	0.71087056
14576	0.70259833
14577	0.69444299
14578	0.68657351
14579	0.67914987
14580	0.67231715
14581	0.66620064
14582	0.66090256
14583	0.65649945
14584	0.65304130
14585	0.65055114
14586	0.64902556
14587	0.64843583
14588	0.64872950
14589	0.64983177
14590	0.65164793
14591	0.65406537
14592	0.65695620
14593	0.66018015
14594	0.66358799
14595	0.66702527
14596	0.67033696
14597	0.67337167
14598	0.67598706
14599	0.67805457
14600	0.67946428
14601	0.68012899
14602	0.67998779
14603	0.67900747
14604	0.67718345
14605	0.67453897
14606	0.67112255
14607	0.66700405
14608	0.66227067
14609	0.65702170
14610	0.65136307
14611	0.64540267
14612	0.63924599
14613	0.63299251
14614	0.62673289
14615	0.62054765
14616	0.61450565
14617	0.60866421
14618	0.60306948
14619	0.59775674
14620	0.59275186
14621	0.58807194
14622	0.58372664
14623	0.57971883
14624	0.57604551
14625	0.57269841
14626	0.56966418
14627	0.56692481
14628	0.56445807
14629	0.56223756
14630	0.56023282
14631	0.55841029
14632	0.55673337
14633	0.55516380
14634	0.55366218
14635	0.55218917
14636	0.55070651
14637	0.54917783
14638	0.54756987
14639	0.54585278
14640	0.54400074
14641	0.54199231
14642	0.53981018
14643	0.53744137
14644	0.53487718
14645	0.53211254
14646	0.52914637
14647	0.52598095
14648	0.52262223
14649	0.51907939
14650	0.51536518
14651	0.51149571
14652	0.50749034
14653	0.50337201
14654	0.49916664
14655	0.49490318
14656	0.49061334
14657	0.48633066
14658	0.48209035
14659	0.47792816
14660	0.47387961
14661	0.46997884
14662	0.46625766
14663	0.46274418
14664	0.45946190
14665	0.45642874
14666	0.45365611
14667	0.45114839
14668	0.44890264
14669	0.44690832
14670	0.44514769
14671	0.44359615
14672	0.44222286
14673	0.44099167
14674	0.43986219
14675	0.43879071
14676	0.43773153
14677	0.43663821
14678	0.43546459
14679	0.43416607
14680	0.43270048
14681	0.43102908
14682	0.42911729
14683	0.42693543
14684	0.42445892
14685	0.42166907
14686	0.41855302
14687	0.41510418
14688	0.41132233
14689	0.40721369
14690	0.40279114
14691	0.39807430
14692	0.39308938
14693	0.38786915
14694	0.38245237
14695	0.37688339
14696	0.37121144
14697	0.36548927
14698	0.35977215
14699	0.35411653
14700	0.34857848
14701	0.34321275
14702	0.33807132
14703	0.33320260
14704	0.32865080
14705	0.32445547
14706	0.32065147
14707	0.31726873
14708	0.31433263
14709	0.31186420
14710	0.30987999
14711	0.30839247
14712	0.30740994
14713	0.30693597
14714	0.30696923
14715	0.30750233
14716	0.30852118
14717	0.31000325
14718	0.31191653
14719	0.31421772
14720	0.31685075
14721	0.31974566
14722	0.32281765
14723	0.32596684
14724	0.32907885
14725	0.33202669
14726	0.33467326
14727	0.33687544
14728	0.33848897
14729	0.33937395
14730	0.33940065
14731	0.33845499
14732	0.33644295
14733	0.33329368
14734	0.32896096
14735	0.32342318
14736	0.31668115
14737	0.30875516
14738	0.29968119
14739	0.28950694
14740	0.27828759
14741	0.26608285
14742	0.25295484
14743	0.23896682
14744	0.22418351
14745	0.20867315
14746	0.19251040
14747	0.17578168
14748	0.15859221
14749	0.14107496
14750	0.12340213
14751	0.10579963
14752	0.08856330
14753	0.07207986
14754	0.05684784
14755	0.04350277
14756	0.03284189
14757	0.02584873
14758	0.02371581
14759	0.02786734
14760	0.03998296
14761	0.06203688
14762	0.09637401
14763	0.14587542
14764	0.21430421
14765	0.30703294
14766	0.43259194
14767	0.60616159
14768	0.85837996
14769	1.26187968
14770	2.03830171
14771	4.32433987
14772	NaN
14773	NaN
14774	NaN
14775	NaN
14776	NaN
14777	NaN
14778	NaN
14779	NaN
14780	NaN
14781	NaN
14782	NaN
14783	NaN
14784	NaN
14785	NaN
14786	NaN
14787	NaN
14788	NaN
14789	NaN
14790	NaN
14791	NaN
14792	NaN
14793	NaN
14794	NaN
14795	NaN
14796	NaN
14797	NaN
14798	NaN
14799	NaN
14800	NaN
14801	NaN
14802	NaN
14803	NaN
14804	NaN
14805	NaN
14806	NaN
14807	NaN
14808	NaN
14809	NaN
14810	NaN
14811	NaN
14812	NaN
14813	NaN
14814	NaN
14815	NaN
14816	NaN
14817	NaN
14818	NaN
14819	NaN
14820	NaN
14821	NaN
14822	NaN
14823	NaN
14824	NaN
14825	NaN
14826	NaN
14827	NaN
14828	NaN
14829	NaN
14830	NaN
14831	NaN
14832	NaN
14833	NaN
14834	NaN
14835	NaN
14836	NaN
14837	NaN
14838	NaN
14839	NaN
14840	NaN
14841	NaN
14842	NaN
14843	NaN
14844	NaN
14845	NaN
14846	NaN
14847	NaN
14848	NaN
14849	NaN
14850	NaN
14851	2.00833344
14852	1.10278535
14853	0.94571090
14854	0.88134468
14855	0.84693575
14856	0.82599407
14857	0.81227833
14858	0.80289382
14859	0.79630661
14860	0.79162294
14861	0.78828371
14862	0.78591937
14863	0.78427505
14864	0.78316891
14865	0.78246880
14866	0.78207618
14867	0.78191751
14868	0.78193742
14869	0.78209460
14870	0.78235817
14871	0.78270549
14872	0.78311980
14873	0.78358883
14874	0.78410280
14875	0.78465313
14876	0.78523105
14877	0.78582615
14878	0.78642523
14879	0.78701144
14880	0.78756350
14881	0.78805453
14882	0.78845239
14883	0.78871930
14884	0.78881204
14885	0.78868270
14886	0.78828013
14887	0.78755069
14888	0.78644079
14889	0.78489941
14890	0.78288060
14891	0.78034669
14892	0.77727175
14893	0.77364439
14894	0.76947093
14895	0.76477724
14896	0.75960982
14897	0.75403565
14898	0.74814093
14899	0.74202806
14900	0.73581171
14901	0.72961444
14902	0.72356063
14903	0.71777183
14904	0.71236110
14905	0.70742863
14906	0.70305806
14907	0.69931328
14908	0.69623715
14909	0.69385016
14910	0.69215077
14911	0.69111586
14912	0.69070250
14913	0.69084913
14914	0.69147849
14915	0.69249916
14916	0.69380897
14917	0.69529742
14918	0.69684833
14919	0.69834346
14920	0.69966543
14921	0.70070148
14922	0.70134670
14923	0.70150781
14924	0.70110673
14925	0.70008355
14926	0.69839954
14927	0.69603866
14928	0.69300860
14929	0.68934047
14930	0.68508697
14931	0.68032002
14932	0.67512643
14933	0.66960347
14934	0.66385418
14935	0.65798217
14936	0.65208721
14937	0.64626133
14938	0.64058602
14939	0.63512993
14940	0.62994790
14941	0.62508047
14942	0.62055451
14943	0.61638379
14944	0.61257052
14945	0.60910684
14946	0.60597646
14947	0.60315621
14948	0.60061783
14949	0.59832966
14950	0.59625781
14951	0.59436762
14952	0.59262484
14953	0.59099644
14954	0.58945143
14955	0.58796149
14956	0.58650094
14957	0.58504695
14958	0.58357936
14959	0.58208036
14960	0.58053374
14961	0.57892460
14962	0.57723868
14963	0.57546186
14964	0.57357979
14965	0.57157785
14966	0.56944120
14967	0.56715500
14968	0.56470519
14969	0.56207907
14970	0.55926627
14971	0.55625957
14972	0.55305612
14973	0.54965758
14974	0.54607153
14975	0.54231119
14976	0.53839570
14977	0.53435004
14978	0.53020442
14979	0.52599359
14980	0.52175587
14981	0.51753199
14982	0.51336360
14983	0.50929213
14984	0.50535721
14985	0.50159502
14986	0.49803749
14987	0.49471036
14988	0.49163279
14989	0.48881626
14990	0.48626423
14991	0.48397183
14992	0.48192656
14993	0.48010859
14994	0.47849184
14995	0.47704536
14996	0.47573426
14997	0.47452179
14998	0.47336951
14999	0.47223896
15000	0.47109202
15001	0.46989158
15002	0.46860203
15003	0.46718952
15004	0.46562237
15005	0.46387142
15006	0.46191001
15007	0.45971459
15008	0.45726469
15009	0.45454323
15010	0.45153677
15011	0.44823578
15012	0.44463482
15013	0.44073310
15014	0.43653452
15015	0.43204829
15016	0.42728871
15017	0.42227581
15018	0.41703486
15019	0.41159648
15020	0.40599623
15021	0.40027401
15022	0.39447349
15023	0.38864124
15024	0.38282576
15025	0.37707669
15026	0.37144384
15027	0.36597636
15028	0.36072236
15029	0.35572806
15030	0.35103765
15031	0.34669295
15032	0.34273311
15033	0.33919486
15034	0.33611187
15035	0.33351487
15036	0.33143094
15037	0.32988346
15038	0.32889116
15039	0.32846725
15040	0.32861823
15041	0.32934242
15042	0.33062786
15043	0.33245012
15044	0.33476970
15045	0.33752927
15046	0.34065145
15047	0.34403661
15048	0.34756216
15049	0.35108301
15050	0.35443398
15051	0.35743397
15052	0.35989273
15053	0.36161876
15054	0.36242843
15055	0.36215520
15056	0.36065781
15057	0.35782647
15058	0.35358641
15059	0.34789827
15060	0.34075543
15061	0.33217904
15062	0.32221094
15063	0.31090581
15064	0.29832309
15065	0.28451997
15066	0.26954445
15067	0.25343078
15068	0.23619592
15069	0.21783726
15070	0.19833329
15071	0.17764516
15072	0.15572101
15073	0.13250335
15074	0.10793991
15075	0.08199974
15076	0.05469595
15077	0.02611776
15078	-0.00352515
15079	-0.03384422
15080	-0.06419205
15081	-0.09356229
15082	-0.12046158
15083	-0.14274924
15084	-0.15743893
15085	-0.16042013
15086	-0.14601494
15087	-0.10609160
15088	-0.02797065
15089	0.11128660
15090	0.36324233
15091	0.88676208
15092	NaN
15093	NaN
15094	NaN
15095	NaN
15096	NaN
15097	NaN
15098	NaN
15099	NaN
15100	NaN
15101	NaN
15102	NaN
15103	NaN
15104	NaN
15105	NaN
15106	NaN
15107	NaN
15108	NaN
15109	NaN
15110	NaN
15111	NaN
15112	NaN
15113	NaN
15114	NaN
15115	NaN
15116	NaN
15117	NaN
15118	NaN
15119	NaN
15120	NaN
15121	NaN
15122	NaN
15123	NaN
15124	NaN
15125	NaN
15126	NaN
15127	NaN
15128	NaN
15129	NaN
15130	NaN
15131	NaN
15132	NaN
15133	NaN
15134	NaN
15135	NaN
15136	NaN
15137	NaN
15138	NaN
15139	NaN
15140	NaN
15141	NaN
15142	NaN
15143	NaN
15144	NaN
15145	NaN
15146	NaN
15147	NaN
15148	NaN
15149	NaN
15150	NaN
15151	NaN
15152	NaN
15153	NaN
15154	NaN
15155	NaN
15156	NaN
15157	NaN
15158	NaN
15159	NaN
15160	NaN
15161	NaN
15162	NaN
15163	NaN
15164	NaN
15165	NaN
15166	NaN
15167	NaN
15168	NaN
15169	NaN
15170	NaN
15171	NaN
15172	NaN
15173	NaN
15174	NaN
15175	NaN
15176	NaN
15177	NaN
15178	NaN
15179	NaN
15180	NaN
15181	NaN
15182	NaN
15183	2.62855625
15184	1.31711698
15185	1.05587018
15186	0.94780338
15187	0.89101988
15188	0.85753220
15189	0.83652061
15190	0.82291043
15191	0.81400090
15192	0.80822015
15193	0.80459082
15194	0.80247462
15195	0.80143797
15196	0.80117887
15197	0.80148250
15198	0.80219436
15199	0.80320281
15200	0.80442768
15201	0.80581176
15202	0.80731487
15203	0.80891001
15204	0.81057888
15205	0.81231028
15206	0.81409669
15207	0.81593251
15208	0.81781232
15209	0.81972837
15210	0.82166958
15211	0.82361919
15212	0.82555354
15213	0.82744044
15214	0.82923836
15215	0.83089501
15216	0.83234721
15217	0.83352137
15218	0.83433354
15219	0.83469164
15220	0.83449781
15221	0.83365214
15222	0.83205742
15223	0.82962447
15224	0.82627863
15225	0.82196689
15226	0.81666404
15227	0.81037861
15228	0.80315709
15229	0.79508555
15230	0.78628874
15231	0.77692652
15232	0.76718706
15233	0.75727820
15234	0.74741733
15235	0.73782134
15236	0.72869670
15237	0.72023135
15238	0.71258813
15239	0.70589995
15240	0.70026797
15241	0.69575977
15242	0.69241029
15243	0.69022274
15244	0.68917024
15245	0.68919826
15246	0.69022661
15247	0.69215161
15248	0.69484872
15249	0.69817495
15250	0.70197219
15251	0.70607024
15252	0.71029097
15253	0.71445346
15254	0.71837837
15255	0.72189492
15256	0.72484571
15257	0.72709376
15258	0.72852695
15259	0.72906321
15260	0.72865260
15261	0.72727931
15262	0.72496057
15263	0.72174430
15264	0.71770501
15265	0.71293861
15266	0.70755655
15267	0.70167953
15268	0.69543195
15269	0.68893641
15270	0.68230999
15271	0.67566037
15272	0.66908425
15273	0.66266543
15274	0.65647495
15275	0.65057063
15276	0.64499789
15277	0.63979053
15278	0.63497174
15279	0.63055468
15280	0.62654412
15281	0.62293667
15282	0.61972171
15283	0.61688203
15284	0.61439443
15285	0.61223012
15286	0.61035550
15287	0.60873240
15288	0.60731971
15289	0.60607338
15290	0.60494834
15291	0.60389906
15292	0.60288107
15293	0.60185194
15294	0.60077256
15295	0.59960759
15296	0.59832662
15297	0.59690404
15298	0.59531951
15299	0.59355760
15300	0.59160751
15301	0.58946288
15302	0.58712089
15303	0.58458203
15304	0.58184952
15305	0.57892919
15306	0.57582909
15307	0.57255954
15308	0.56913310
15309	0.56556481
15310	0.56187242
15311	0.55807638
15312	0.55420023
15313	0.55027044
15314	0.54631644
15315	0.54237026
15316	0.53846598
15317	0.53463894
15318	0.53092480
15319	0.52735829
15320	0.52397203
15321	0.52079535
15322	0.51785266
15323	0.51516277
15324	0.51273757
15325	0.51058149
15326	0.50869107
15327	0.50705433
15328	0.50565153
15329	0.50445491
15330	0.50342965
15331	0.50253475
15332	0.50172377
15333	0.50094634
15334	0.50014931
15335	0.49927804
15336	0.49827790
15337	0.49709544
15338	0.49567974
15339	0.49398327
15340	0.49196309
15341	0.48958173
15342	0.48680773
15343	0.48361668
15344	0.47999173
15345	0.47592425
15346	0.47141454
15347	0.46647224
15348	0.46111694
15349	0.45537829
15350	0.44929594
15351	0.44291925
15352	0.43630624
15353	0.42952254
15354	0.42263949
15355	0.41573229
15356	0.40887776
15357	0.40215236
15358	0.39562991
15359	0.38938040
15360	0.38346827
15361	0.37795198
15362	0.37288353
15363	0.36830810
15364	0.36426467
15365	0.36078614
15366	0.35789979
15367	0.35562751
15368	0.35398602
15369	0.35298708
15370	0.35263678
15371	0.35293525
15372	0.35387543
15373	0.35544169
15374	0.35760820
15375	0.36033654
15376	0.36357367
15377	0.36724958
15378	0.37127522
15379	0.37554136
15380	0.37991813
15381	0.38425627
15382	0.38838953
15383	0.39213964
15384	0.39532200
15385	0.39775342
15386	0.39925998
15387	0.39968520
15388	0.39889655
15389	0.39679056
15390	0.39329535
15391	0.38837028
15392	0.38200366
15393	0.37420812
15394	0.36501488
15395	0.35446724
15396	0.34261465
15397	0.32950738
15398	0.31519219
15399	0.29971009
15400	0.28309518
15401	0.26537561
15402	0.24657652
15403	0.22672473
15404	0.20585564
15405	0.18402301
15406	0.16131076
15407	0.13784848
15408	0.11382965
15409	0.08953340
15410	0.06534887
15411	0.04180223
15412	0.01958185
15413	-0.00044010
15414	-0.01719438
15415	-0.02941721
15416	-0.03567136
15417	-0.03438884
15418	-0.02392612
15419	-0.00261802
15420	0.03120396
15421	0.07927308
15422	0.14360042
15423	0.22694734
15424	0.33377010
15425	0.47212958
15426	0.65794265
15427	0.92598593
15428	1.36545646
15429	2.28397417
15430	5.87065077
15431	NaN
15432	NaN
15433	NaN
15434	NaN
15435	NaN
15436	NaN
15437	NaN
15438	NaN
15439	NaN
15440	NaN
15441	NaN
15442	NaN
15443	NaN
15444	NaN
15445	NaN
15446	NaN
15447	NaN
15448	NaN
15449	NaN
15450	NaN
15451	NaN
15452	NaN
15453	NaN
15454	NaN
15455	NaN
15456	NaN
15457	NaN
15458	NaN
15459	NaN
15460	NaN
15461	NaN
15462	NaN
15463	NaN
15464	NaN
15465	NaN
15466	NaN
15467	NaN
15468	NaN
15469	NaN
15470	NaN
15471	NaN
15472	NaN
15473	NaN
15474	NaN
15475	NaN
15476	NaN
15477	NaN
15478	NaN
15479	NaN
15480	NaN
15481	NaN
15482	NaN
15483	NaN
15484	NaN
15485	NaN
15486	NaN
15487	NaN
15488	NaN
15489	NaN
15490	NaN
15491	NaN
15492	NaN
15493	NaN
15494	NaN
15495	NaN
15496	NaN
15497	NaN
15498	NaN
15499	NaN
15500	NaN
15501	NaN
15502	NaN
15503	NaN
15504	NaN
15505	NaN
15506	NaN
15507	NaN
15508	NaN
15509	NaN
15510	NaN
15511	NaN
15512	NaN
15513	NaN
15514	NaN
15515	NaN
15516	NaN
15517	NaN
15518	NaN
15519	NaN
15520	1.06058967
15521	0.89571345
15522	0.84160745
15523	0.81610662
15524	0.80201763
15525	0.79350770
15526	0.78806221
15527	0.78443003
15528	0.78192812
15529	0.78015995
15530	0.77888668
15531	0.77796143
15532	0.77729362
15533	0.77682835
15534	0.77653372
15535	0.77639300
15536	0.77639908
15537	0.77655065
15538	0.77684969
15539	0.77729946
15540	0.77790266
15541	0.77866018
15542	0.77956986
15543	0.78062564
15544	0.78181654
15545	0.78312612
15546	0.78453177
15547	0.78600419
15548	0.78750753
15549	0.78899860
15550	0.79042763
15551	0.79173797
15552	0.79286706
15553	0.79374707
15554	0.79430622
15555	0.79447067
15556	0.79416656
15557	0.79332268
15558	0.79187357
15559	0.78976339
15560	0.78694898
15561	0.78340423
15562	0.77912354
15563	0.77412426
15564	0.76844889
15565	0.76216573
15566	0.75536788
15567	0.74817079
15568	0.74070799
15569	0.73312646
15570	0.72557956
15571	0.71822160
15572	0.71120054
15573	0.70465267
15574	0.69869781
15575	0.69343531
15576	0.68894154
15577	0.68526894
15578	0.68244511
15579	0.68047369
15580	0.67933506
15581	0.67898780
15582	0.67937040
15583	0.68040311
15584	0.68199003
15585	0.68402141
15586	0.68637598
15587	0.68892413
15588	0.69153112
15589	0.69406062
15590	0.69637901
15591	0.69835943
15592	0.69988620
15593	0.70085955
15594	0.70119870
15595	0.70084554
15596	0.69976646
15597	0.69795281
15598	0.69542050
15599	0.69220787
15600	0.68837243
15601	0.68398631
15602	0.67913228
15603	0.67389834
15604	0.66837335
15605	0.66264307
15606	0.65678740
15607	0.65087771
15608	0.64497596
15609	0.63913411
15610	0.63339472
15611	0.62779152
15612	0.62235069
15613	0.61709261
15614	0.61203277
15615	0.60718346
15616	0.60255504
15617	0.59815669
15618	0.59399682
15619	0.59008396
15620	0.58642614
15621	0.58303058
15622	0.57990336
15623	0.57704836
15624	0.57446665
15625	0.57215524
15626	0.57010669
15627	0.56830812
15628	0.56674099
15629	0.56538081
15630	0.56419742
15631	0.56315511
15632	0.56221366
15633	0.56132865
15634	0.56045336
15635	0.55953920
15636	0.55853748
15637	0.55740088
15638	0.55608445
15639	0.55454719
15640	0.55275339
15641	0.55067325
15642	0.54828429
15643	0.54557163
15644	0.54252851
15645	0.53915662
15646	0.53546602
15647	0.53147465
15648	0.52720833
15649	0.52269953
15650	0.51798666
15651	0.51311284
15652	0.50812507
15653	0.50307220
15654	0.49800405
15655	0.49296978
15656	0.48801664
15657	0.48318863
15658	0.47852549
15659	0.47406158
15660	0.46982536
15661	0.46583873
15662	0.46211666
15663	0.45866713
15664	0.45549130
15665	0.45258373
15666	0.44993281
15667	0.44752139
15668	0.44532773
15669	0.44332615
15670	0.44148773
15671	0.43978146
15672	0.43817475
15673	0.43663400
15674	0.43512544
15675	0.43361527
15676	0.43207008
15677	0.43045706
15678	0.42874426
15679	0.42690092
15680	0.42489749
15681	0.42270640
15682	0.42030227
15683	0.41766268
15684	0.41476911
15685	0.41160727
15686	0.40816846
15687	0.40445012
15688	0.40045625
15689	0.39619824
15690	0.39169455
15691	0.38697088
15692	0.38205925
15693	0.37699768
15694	0.37182900
15695	0.36659989
15696	0.36135986
15697	0.35616037
15698	0.35105401
15699	0.34609368
15700	0.34133214
15701	0.33682150
15702	0.33261287
15703	0.32875594
15704	0.32529828
15705	0.32228479
15706	0.31975678
15707	0.31775066
15708	0.31629676
15709	0.31541735
15710	0.31512466
15711	0.31541869
15712	0.31628457
15713	0.31769049
15714	0.31958523
15715	0.32189667
15716	0.32453087
15717	0.32737252
15718	0.33028680
15719	0.33312252
15720	0.33571774
15721	0.33790582
15722	0.33952314
15723	0.34041637
15724	0.34044972
15725	0.33951002
15726	0.33751068
15727	0.33439237
15728	0.33012256
15729	0.32469216
15730	0.31811139
15731	0.31040508
15732	0.30160752
15733	0.29175845
15734	0.28089941
15735	0.26907209
15736	0.25631782
15737	0.24267907
15738	0.22820352
15739	0.21294990
15740	0.19699743
15741	0.18045931
15742	0.16349968
15743	0.14635743
15744	0.12937616
15745	0.11304191
15746	0.09803142
15747	0.08526875
15748	0.07599384
15749	0.07184239
15750	0.07494050
15751	0.08802305
15752	0.11459930
15753	0.15922537
15754	0.22801696
15755	0.32970223
15756	0.47793889
15757	0.69681072
15758	1.03549933
15759	1.61584246
15760	2.84810424
15761	7.50552082
15762	NaN
15763	NaN
15764	NaN
15765	NaN
15766	NaN
15767	NaN
15768	NaN
15769	NaN
15770	NaN
15771	NaN
15772	NaN
15773	NaN
15774	NaN
15775	NaN
15776	NaN
15777	NaN
15778	NaN
15779	NaN
15780	NaN
15781	NaN
15782	NaN
15783	NaN
15784	NaN
15785	NaN
15786	NaN
15787	NaN
15788	NaN
15789	NaN
15790	NaN
15791	NaN
15792	NaN
15793	NaN
15794	NaN
15795	NaN
15796	NaN
15797	NaN
15798	NaN
15799	NaN
15800	NaN
15801	NaN
15802	NaN
15803	NaN
15804	NaN
15805	NaN
15806	NaN
15807	NaN
15808	NaN
15809	NaN
15810	NaN
15811	NaN
15812	NaN
15813	NaN
15814	NaN
15815	NaN
15816	NaN
15817	NaN
15818	NaN
15819	NaN
15820	NaN
15821	NaN
15822	NaN
15823	NaN
15824	NaN
15825	NaN
15826	NaN
15827	NaN
15828	NaN
15829	NaN
15830	NaN
15831	NaN
15832	NaN
15833	NaN
15834	NaN
15835	NaN
15836	NaN
15837	NaN
15838	NaN
15839	NaN
15840	NaN
15841	NaN
15842	NaN
15843	NaN
15844	NaN
15845	NaN
15846	NaN
15847	NaN
15848	NaN
15849	1.78098094
15850	1.09502602
15851	0.94423580
15852	0.87838799
15853	0.84188813
15854	0.81907928
15855	0.80381739
15856	0.79318434
15857	0.78560579
15858	0.78015089
15859	0.77622908
15860	0.77344489
15861	0.77152175
15862	0.77026051
15863	0.76951355
15864	0.76917005
15865	0.76914597
15866	0.76937699
15867	0.76981431
15868	0.77042043
15869	0.77116692
15870	0.77203184
15871	0.77299792
15872	0.77405077
15873	0.77517730
15874	0.77636415
15875	0.77759624
15876	0.77885550
15877	0.78011978
15878	0.78136158
15879	0.78254724
15880	0.78363657
15881	0.78458196
15882	0.78532916
15883	0.78581733
15884	0.78598011
15885	0.78574735
15886	0.78504735
15887	0.78380954
15888	0.78196800
15889	0.77946544
15890	0.77625704
15891	0.77231514
15892	0.76763272
15893	0.76222670
15894	0.75614011
15895	0.74944252
15896	0.74222910
15897	0.73461819
15898	0.72674614
15899	0.71876299
15900	0.71082491
15901	0.70308864
15902	0.69570446
15903	0.68881094
15904	0.68252993
15905	0.67696297
15906	0.67218924
15907	0.66826338
15908	0.66521579
15909	0.66305232
15910	0.66175526
15911	0.66128445
15912	0.66157889
15913	0.66255820
15914	0.66412497
15915	0.66616672
15916	0.66855896
15917	0.67116767
15918	0.67385328
15919	0.67647433
15920	0.67889166
15921	0.68097287
15922	0.68259704
15923	0.68365836
15924	0.68407035
15925	0.68376833
15926	0.68271178
15927	0.68088454
15928	0.67829460
15929	0.67497236
15930	0.67096823
15931	0.66634917
15932	0.66119474
15933	0.65559357
15934	0.64963895
15935	0.64342564
15936	0.63704687
15937	0.63059115
15938	0.62414116
15939	0.61777169
15940	0.61154896
15941	0.60553050
15942	0.59976459
15943	0.59429097
15944	0.58914077
15945	0.58433753
15946	0.57989722
15947	0.57582897
15948	0.57213551
15949	0.56881338
15950	0.56585312
15951	0.56323940
15952	0.56095171
15953	0.55896389
15954	0.55724519
15955	0.55576032
15956	0.55447060
15957	0.55333459
15958	0.55230933
15959	0.55135125
15960	0.55041766
15961	0.54946744
15962	0.54846251
15963	0.54736811
15964	0.54615360
15965	0.54479265
15966	0.54326338
15967	0.54154819
15968	0.53963363
15969	0.53751016
15970	0.53517193
15971	0.53261638
15972	0.52984446
15973	0.52686030
15974	0.52367133
15975	0.52028853
15976	0.51672632
15977	0.51300281
15978	0.50913990
15979	0.50516307
15980	0.50110132
15981	0.49698681
15982	0.49285403
15983	0.48873898
15984	0.48467839
15985	0.48070824
15986	0.47686264
15987	0.47317252
15988	0.46966475
15989	0.46636063
15990	0.46327570
15991	0.46041897
15992	0.45779228
15993	0.45539105
15994	0.45320398
15995	0.45121351
15996	0.44939652
15997	0.44772518
15998	0.44616753
15999	0.44468859
16000	0.44325134
16001	0.44181764
16002	0.44034922
16003	0.43880868
16004	0.43716049
16005	0.43537152
16006	0.43341202
16007	0.43125609
16008	0.42888200
16009	0.42627290
16010	0.42341676
16011	0.42030650
16012	0.41694039
16013	0.41332170
16014	0.40945876
16015	0.40536514
16016	0.40105903
16017	0.39656356
16018	0.39190608
16019	0.38711822
16020	0.38223544
16021	0.37729621
16022	0.37234196
16023	0.36741599
16024	0.36256284
16025	0.35782757
16026	0.35325485
16027	0.34888804
16028	0.34476861
16029	0.34093550
16030	0.33742443
16031	0.33426765
16032	0.33149350
16033	0.32912654
16034	0.32718694
16035	0.32569060
16036	0.32464874
16037	0.32406721
16038	0.32394612
16039	0.32427835
16040	0.32504895
16041	0.32623282
16042	0.32779419
16043	0.32968450
16044	0.33184129
16045	0.33418769
16046	0.33663180
16047	0.33906785
16048	0.34137726
16049	0.34343213
16050	0.34509808
16051	0.34623960
16052	0.34672436
16053	0.34642860
16054	0.34524173
16055	0.34306949
16056	0.33983648
16057	0.33548683
16058	0.32998317
16059	0.32330516
16060	0.31544596
16061	0.30640957
16062	0.29620695
16063	0.28485364
16064	0.27236718
16065	0.25876597
16066	0.24406923
16067	0.22829723
16068	0.21147414
16069	0.19363086
16070	0.17481028
16071	0.15507348
16072	0.13450760
16073	0.11323658
16074	0.09143306
16075	0.06933258
16076	0.04725040
16077	0.02559813
16078	0.00490177
16079	-0.01418486
16080	-0.03087077
16081	-0.04422692
16082	-0.05319797
16083	-0.05662331
16084	-0.05326770
16085	-0.04184620
16086	-0.02103183
16087	0.01059316
16088	0.05467664
16089	0.11341303
16090	0.19018714
16091	0.29089203
16092	0.42690018
16093	0.62274569
16094	0.94078487
16095	1.59319913
16096	4.02931547
16097	NaN
16098	NaN
16099	NaN
16100	NaN
16101	NaN
16102	NaN
16103	NaN
16104	NaN
16105	NaN
16106	NaN
16107	NaN
16108	NaN
16109	NaN
16110	NaN
16111	NaN
16112	NaN
16113	NaN
16114	NaN
16115	NaN
16116	NaN
16117	NaN
16118	NaN
16119	NaN
16120	NaN
16121	NaN
16122	NaN
16123	NaN
16124	NaN
16125	NaN
16126	NaN
16127	NaN
16128	NaN
16129	NaN
16130	NaN
16131	NaN
16132	NaN
16133	NaN
16134	NaN
16135	NaN
16136	NaN
16137	NaN
16138	NaN
16139	NaN
16140	NaN
16141	NaN
16142	NaN
16143	NaN
16144	NaN
16145	NaN
16146	NaN
16147	NaN
16148	NaN
16149	NaN
16150	NaN
16151	NaN
16152	NaN
16153	NaN
16154	NaN
16155	NaN
16156	NaN
16157	NaN
16158	NaN
16159	NaN
16160	NaN
16161	NaN
16162	NaN
16163	NaN
16164	NaN
16165	NaN
16166	NaN
16167	NaN
16168	NaN
16169	NaN
16170	NaN
16171	NaN
16172	NaN
16173	NaN
16174	1.54609680
16175	1.13383245
16176	1.00023377
16177	0.93409812
16178	0.89460689
16179	0.86834931
16180	0.84962606
16181	0.83560157
16182	0.82470417
16183	0.81599182
16184	0.80886495
16185	0.80292404
16186	0.79789305
16187	0.79357570
16188	0.78982925
16189	0.78654796
16190	0.78365254
16191	0.78108263
16192	0.77879179
16193	0.77674377
16194	0.77490991
16195	0.77326697
16196	0.77179521
16197	0.77047700
16198	0.76929557
16199	0.76823384
16200	0.76727313
16201	0.76639283
16202	0.76556921
16203	0.76477528
16204	0.76397997
16205	0.76314819
16206	0.76224113
16207	0.76121640
16208	0.76002860
16209	0.75863075
16210	0.75697547
16211	0.75501674
16212	0.75271225
16213	0.75002563
16214	0.74692875
16215	0.74340492
16216	0.73945063
16217	0.73507774
16218	0.73031479
16219	0.72520697
16220	0.71981639
16221	0.71421951
16222	0.70850515
16223	0.70277119
16224	0.69712025
16225	0.69165558
16226	0.68647689
16227	0.68167573
16228	0.67733234
16229	0.67351216
16230	0.67026395
16231	0.66761774
16232	0.66558456
16233	0.66415638
16234	0.66330671
16235	0.66299194
16236	0.66315293
16237	0.66371727
16238	0.66460127
16239	0.66571259
16240	0.66695291
16241	0.66822040
16242	0.66941291
16243	0.67043036
16244	0.67117798
16245	0.67156893
16246	0.67152727
16247	0.67099023
16248	0.66991067
16249	0.66825879
16250	0.66602296
16251	0.66321051
16252	0.65984654
16253	0.65597326
16254	0.65164751
16255	0.64693779
16256	0.64192092
16257	0.63667899
16258	0.63129497
16259	0.62584984
16260	0.62041956
16261	0.61507267
16262	0.60986835
16263	0.60485554
16264	0.60007262
16265	0.59554726
16266	0.59129697
16267	0.58733040
16268	0.58364791
16269	0.58024335
16270	0.57710510
16271	0.57421726
16272	0.57156092
16273	0.56911552
16274	0.56685925
16275	0.56477034
16276	0.56282711
16277	0.56100881
16278	0.55929554
16279	0.55766857
16280	0.55610979
16281	0.55460227
16282	0.55312926
16283	0.55167425
16284	0.55022073
16285	0.54875171
16286	0.54724938
16287	0.54569560
16288	0.54407126
16289	0.54235685
16290	0.54053271
16291	0.53857940
16292	0.53647834
16293	0.53421241
16294	0.53176659
16295	0.52912885
16296	0.52629048
16297	0.52324688
16298	0.51999772
16299	0.51654744
16300	0.51290560
16301	0.50908667
16302	0.50511009
16303	0.50100023
16304	0.49678591
16305	0.49249974
16306	0.48817772
16307	0.48385778
16308	0.47957891
16309	0.47537932
16310	0.47129521
16311	0.46735933
16312	0.46359947
16313	0.46003765
16314	0.45668930
16315	0.45356277
16316	0.45065919
16317	0.44797266
16318	0.44549075
16319	0.44319499
16320	0.44106171
16321	0.43906298
16322	0.43716756
16323	0.43534184
16324	0.43355078
16325	0.43175891
16326	0.42993101
16327	0.42803293
16328	0.42603230
16329	0.42389888
16330	0.42160529
16331	0.41912720
16332	0.41644368
16333	0.41353768
16334	0.41039625
16335	0.40701079
16336	0.40337747
16337	0.39949727
16338	0.39537627
16339	0.39102584
16340	0.38646233
16341	0.38170719
16342	0.37678656
16343	0.37173074
16344	0.36657375
16345	0.36135253
16346	0.35610628
16347	0.35087556
16348	0.34570161
16349	0.34062535
16350	0.33568659
16351	0.33092350
16352	0.32637146
16353	0.32206327
16354	0.31802779
16355	0.31429049
16356	0.31087258
16357	0.30779120
16358	0.30505916
16359	0.30268487
16360	0.30067205
16361	0.29901972
16362	0.29772139
16363	0.29676494
16364	0.29613170
16365	0.29579574
16366	0.29572296
16367	0.29587042
16368	0.29618552
16369	0.29660571
16370	0.29705852
16371	0.29746240
16372	0.29772758
16373	0.29775837
16374	0.29745561
16375	0.29672003
16376	0.29545537
16377	0.29357225
16378	0.29099187
16379	0.28764835
16380	0.28349158
16381	0.27848813
16382	0.27262172
16383	0.26589274
16384	0.25831687
16385	0.24992299
16386	0.24075091
16387	0.23084955
16388	0.22027367
16389	0.20908339
16390	0.19734219
16391	0.18511660
16392	0.17247728
16393	0.15949969
16394	0.14626735
16395	0.13287561
16396	0.11943728
16397	0.10608903
16398	0.09300050
16399	0.08038450
16400	0.06850831
16401	0.05770773
16402	0.04840086
16403	0.04110317
16404	0.03644336
16405	0.03517663
16406	0.03820037
16407	0.04657024
16408	0.06152357
16409	0.08452456
16410	0.11734848
16411	0.16226147
16412	0.22237569
16413	0.30238932
16414	0.41017908
16415	0.56054419
16416	0.78535926
16417	1.16787291
16418	2.01261306
16419	NaN
16420	NaN
16421	NaN
16422	NaN
16423	NaN
16424	NaN
16425	NaN
16426	NaN
16427	NaN
16428	NaN
16429	NaN
16430	NaN
16431	NaN
16432	NaN
16433	NaN
16434	NaN
16435	NaN
16436	NaN
16437	NaN
16438	NaN
16439	NaN
16440	NaN
16441	NaN
16442	NaN
16443	NaN
16444	NaN
16445	NaN
16446	NaN
16447	NaN
16448	NaN
16449	NaN
16450	NaN
16451	NaN
16452	NaN
16453	NaN
16454	NaN
16455	NaN
16456	NaN
16457	NaN
16458	NaN
16459	NaN
16460	NaN
16461	NaN
16462	NaN
16463	NaN
16464	NaN
16465	NaN
16466	NaN
16467	NaN
16468	NaN
16469	NaN
16470	NaN
16471	NaN
16472	NaN
16473	NaN
16474	NaN
16475	NaN
16476	NaN
16477	NaN
16478	NaN
16479	NaN
16480	NaN
16481	NaN
16482	NaN
16483	NaN
16484	NaN
16485	NaN
16486	NaN
16487	NaN
16488	NaN
16489	NaN
16490	NaN
16491	NaN
16492	NaN
16493	NaN
16494	NaN
16495	NaN
16496	NaN
16497	NaN
16498	NaN
16499	NaN
16500	2.43092203
16501	1.18285573
16502	0.95938963
16503	0.86790681
16504	0.81935006
16505	0.79009491
16506	0.77117437
16507	0.75843388
16508	0.74968177
16509	0.74365026
16510	0.73955405
16511	0.73687899
16512	0.73527420
16513	0.73449045
16514	0.73434609
16515	0.73470491
16516	0.73546249
16517	0.73653686
16518	0.73786306
16519	0.73938817
16520	0.74106783
16521	0.74286461
16522	0.74474519
16523	0.74667907
16524	0.74863708
16525	0.75059015
16526	0.75250798
16527	0.75435793
16528	0.75610507
16529	0.75771028
16530	0.75913084
16531	0.76032001
16532	0.76122725
16533	0.76179874
16534	0.76197845
16535	0.76170933
16536	0.76093513
16537	0.75960255
16538	0.75766391
16539	0.75507951
16540	0.75182116
16541	0.74787444
16542	0.74324238
16543	0.73794675
16544	0.73203039
16545	0.72555757
16546	0.71861345
16547	0.71130204
16548	0.70374346
16549	0.69606954
16550	0.68841922
16551	0.68093258
16552	0.67374587
16553	0.66698653
16554	0.66076803
16555	0.65518701
16556	0.65031999
16557	0.64622176
16558	0.64292461
16559	0.64043796
16560	0.63874918
16561	0.63782454
16562	0.63761079
16563	0.63803720
16564	0.63901734
16565	0.64045215
16566	0.64223236
16567	0.64424175
16568	0.64636028
16569	0.64846760
16570	0.65044677
16571	0.65218771
16572	0.65359044
16573	0.65456831
16574	0.65505052
16575	0.65498400
16576	0.65433431
16577	0.65308619
16578	0.65124273
16579	0.64882374
16580	0.64586389
16581	0.64241004
16582	0.63851821
16583	0.63425064
16584	0.62967300
16585	0.62485188
16586	0.61985254
16587	0.61473745
16588	0.60956478
16589	0.60438788
16590	0.59925443
16591	0.59420675
16592	0.58928132
16593	0.58450931
16594	0.57991660
16595	0.57552391
16596	0.57134753
16597	0.56739914
16598	0.56368613
16599	0.56021172
16600	0.55697519
16601	0.55397195
16602	0.55119348
16603	0.54862791
16604	0.54625982
16605	0.54407096
16606	0.54204017
16607	0.54014421
16608	0.53835815
16609	0.53665578
16610	0.53501034
16611	0.53339493
16612	0.53178310
16613	0.53014928
16614	0.52846920
16615	0.52672017
16616	0.52488124
16617	0.52293390
16618	0.52086180
16619	0.51865101
16620	0.51629061
16621	0.51377213
16622	0.51109052
16623	0.50824344
16624	0.50523210
16625	0.50206101
16626	0.49873781
16627	0.49527371
16628	0.49168319
16629	0.48798397
16630	0.48419693
16631	0.48034585
16632	0.47645709
16633	0.47255883
16634	0.46868080
16635	0.46485311
16636	0.46110556
16637	0.45746636
16638	0.45396116
16639	0.45061186
16640	0.44743574
16641	0.44444478
16642	0.44164473
16643	0.43903527
16644	0.43660969
16645	0.43435517
16646	0.43225330
16647	0.43028066
16648	0.42840967
16649	0.42660952
16650	0.42484692
16651	0.42308718
16652	0.42129511
16653	0.41943592
16654	0.41747579
16655	0.41538283
16656	0.41312763
16657	0.41068408
16658	0.40802976
16659	0.40514645
16660	0.40202087
16661	0.39864475
16662	0.39501545
16663	0.39113590
16664	0.38701484
16665	0.38266677
16666	0.37811172
16667	0.37337488
16668	0.36848634
16669	0.36348027
16670	0.35839421
16671	0.35326850
16672	0.34814510
16673	0.34306696
16674	0.33807686
16675	0.33321685
16676	0.32852712
16677	0.32404590
16678	0.31980836
16679	0.31584656
16680	0.31218901
16681	0.30886027
16682	0.30588114
16683	0.30326810
16684	0.30103347
16685	0.29918519
16686	0.29772678
16687	0.29665715
16688	0.29597038
16689	0.29565534
16690	0.29569536
16691	0.29606760
16692	0.29674238
16693	0.29768264
16694	0.29884318
16695	0.30017030
16696	0.30160165
16697	0.30306652
16698	0.30448627
16699	0.30577603
16700	0.30684608
16701	0.30760458
16702	0.30795979
16703	0.30782312
16704	0.30711171
16705	0.30575088
16706	0.30367589
16707	0.30083287
16708	0.29717931
16709	0.29268324
16710	0.28732213
16711	0.28108087
16712	0.27394956
16713	0.26592156
16714	0.25699103
16715	0.24715120
16716	0.23639354
16717	0.22470655
16718	0.21207729
16719	0.19849162
16720	0.18393785
16721	0.16841009
16722	0.15191415
16723	0.13447459
16724	0.11614376
16725	0.09701453
16726	0.07723451
16727	0.05702421
16728	0.03669976
16729	0.01669734
16730	-0.00239406
16731	-0.01979848
16732	-0.03450981
16733	-0.04523614
16734	-0.05032292
16735	-0.04762420
16736	-0.03426782
16737	-0.00617028
16738	0.04301926
16739	0.12447914
16740	0.26123711
16741	0.51198626
16742	1.08834577
16743	NaN
16744	NaN
16745	NaN
16746	NaN
16747	NaN
16748	NaN
16749	NaN
16750	NaN
16751	NaN
16752	NaN
16753	NaN
16754	NaN
16755	NaN
16756	NaN
16757	NaN
16758	NaN
16759	NaN
16760	NaN
16761	NaN
16762	NaN
16763	NaN
16764	NaN
16765	NaN
16766	NaN
16767	NaN
16768	NaN
16769	NaN
16770	NaN
16771	NaN
16772	NaN
16773	NaN
16774	NaN
16775	NaN
16776	NaN
16777	NaN
16778	NaN
16779	NaN
16780	NaN
16781	NaN
16782	NaN
16783	NaN
16784	NaN
16785	NaN
16786	NaN
16787	NaN
16788	NaN
16789	NaN
16790	NaN
16791	NaN
16792	NaN
16793	NaN
16794	NaN
16795	NaN
16796	NaN
16797	NaN
16798	NaN
16799	NaN
16800	NaN
16801	NaN
16802	NaN
16803	NaN
16804	NaN
16805	NaN
16806	NaN
16807	NaN
16808	NaN
16809	NaN
16810	NaN
16811	NaN
16812	NaN
16813	NaN
16814	NaN
16815	NaN
16816	NaN
16817	NaN
16818	NaN
16819	NaN
16820	NaN
16821	NaN
16822	NaN
16823	NaN
16824	NaN
16825	NaN
16826	NaN
16827	NaN
16828	NaN
16829	NaN
16830	NaN
16831	NaN
16832	0.90540999
16833	0.80346489
16834	0.77160156
16835	0.75708556
16836	0.74933028
16837	0.74481225
16838	0.74203151
16839	0.74024832
16840	0.73906177
16841	0.73824042
16842	0.73764539
16843	0.73719174
16844	0.73682731
16845	0.73652101
16846	0.73625559
16847	0.73602289
16848	0.73582119
16849	0.73565310
16850	0.73552418
16851	0.73544139
16852	0.73541284
16853	0.73544598
16854	0.73554760
16855	0.73572236
16856	0.73597217
16857	0.73629516
16858	0.73668534
16859	0.73713130
16860	0.73761606
16861	0.73811609
16862	0.73860133
16863	0.73903453
16864	0.73937142
16865	0.73956126
16866	0.73954684
16867	0.73926622
16868	0.73865372
16869	0.73764259
16870	0.73616755
16871	0.73416805
16872	0.73159242
16873	0.72840160
16874	0.72457397
16875	0.72010821
16876	0.71502739
16877	0.70937967
16878	0.70323944
16879	0.69670498
16880	0.68989587
16881	0.68294770
16882	0.67600572
16883	0.66921872
16884	0.66273141
16885	0.65667874
16886	0.65117967
16887	0.64633358
16888	0.64221656
16889	0.63888037
16890	0.63635170
16891	0.63463241
16892	0.63370126
16893	0.63351518
16894	0.63401139
16895	0.63510972
16896	0.63671517
16897	0.63871950
16898	0.64100468
16899	0.64344501
16900	0.64591020
16901	0.64826840
16902	0.65038991
16903	0.65215105
16904	0.65343803
16905	0.65415138
16906	0.65420961
16907	0.65355277
16908	0.65214503
16909	0.64997602
16910	0.64706075
16911	0.64343834
16912	0.63916892
16913	0.63432974
16914	0.62901050
16915	0.62330824
16916	0.61732239
16917	0.61115021
16918	0.60488325
16919	0.59860468
16920	0.59238720
16921	0.58629239
16922	0.58037078
16923	0.57466221
16924	0.56919682
16925	0.56399632
16926	0.55907571
16927	0.55444413
16928	0.55010659
16929	0.54606444
16930	0.54231685
16931	0.53886080
16932	0.53569144
16933	0.53280234
16934	0.53018534
16935	0.52783012
16936	0.52572399
16937	0.52385151
16938	0.52219421
16939	0.52073014
16940	0.51943368
16941	0.51827562
16942	0.51722300
16943	0.51623940
16944	0.51528555
16945	0.51431984
16946	0.51329941
16947	0.51218081
16948	0.51092178
16949	0.50948197
16950	0.50782460
16951	0.50591755
16952	0.50373435
16953	0.50125533
16954	0.49846804
16955	0.49536797
16956	0.49195877
16957	0.48825219
16958	0.48426801
16959	0.48003358
16960	0.47558323
16961	0.47095710
16962	0.46620068
16963	0.46136284
16964	0.45649478
16965	0.45164847
16966	0.44687492
16967	0.44222254
16968	0.43773580
16969	0.43345383
16970	0.42940915
16971	0.42562702
16972	0.42212459
16973	0.41891071
16974	0.41598579
16975	0.41334215
16976	0.41096458
16977	0.40883088
16978	0.40691295
16979	0.40517801
16980	0.40358949
16981	0.40210855
16982	0.40069526
16983	0.39930972
16984	0.39791301
16985	0.39646828
16986	0.39494109
16987	0.39330027
16988	0.39151776
16989	0.38956904
16990	0.38743317
16991	0.38509271
16992	0.38253355
16993	0.37974533
16994	0.37672096
16995	0.37345704
16996	0.36995390
16997	0.36621577
16998	0.36225095
16999	0.35807198
17000	0.35369569
17001	0.34914315
17002	0.34443969
17003	0.33961454
17004	0.33470047
17005	0.32973337
17006	0.32475150
17007	0.31979483
17008	0.31490463
17009	0.31012240
17010	0.30548963
17011	0.30104721
17012	0.29683498
17013	0.29289159
17014	0.28925416
17015	0.28595808
17016	0.28303710
17017	0.28052256
17018	0.27844328
17019	0.27682471
17020	0.27568814
17021	0.27504927
17022	0.27491701
17023	0.27529120
17024	0.27616122
17025	0.27750340
17026	0.27927908
17027	0.28143299
17028	0.28389141
17029	0.28656211
17030	0.28933403
17031	0.29207933
17032	0.29465610
17033	0.29691252
17034	0.29869264
17035	0.29984245
17036	0.30021647
17037	0.29968375
17038	0.29813296
17039	0.29547569
17040	0.29164761
17041	0.28660780
17042	0.28033644
17043	0.27283058
17044	0.26409960
17045	0.25416002
17046	0.24303085
17047	0.23072925
17048	0.21726751
17049	0.20265107
17050	0.18687776
17051	0.16993950
17052	0.15182470
17053	0.13252407
17054	0.11203912
17055	0.09039382
17056	0.06765277
17057	0.04394341
17058	0.01948866
17059	-0.00535137
17060	-0.03002488
17061	-0.05371750
17062	-0.07526456
17063	-0.09303467
17064	-0.10478208
17065	-0.10743126
17066	-0.09673375
17067	-0.06662741
17068	-0.00785705
17069	0.09535852
17070	0.27469593
17071	0.61013192
17072	1.39356720
17073	NaN
17074	NaN
17075	NaN
17076	NaN
17077	NaN
17078	NaN
17079	NaN
17080	NaN
17081	NaN
17082	NaN
17083	NaN
17084	NaN
17085	NaN
17086	NaN
17087	NaN
17088	NaN
17089	NaN
17090	NaN
17091	NaN
17092	NaN
17093	NaN
17094	NaN
17095	NaN
17096	NaN
17097	NaN
17098	NaN
17099	NaN
17100	NaN
17101	NaN
17102	NaN
17103	NaN
17104	NaN
17105	NaN
17106	NaN
17107	NaN
17108	NaN
17109	NaN
17110	NaN
17111	NaN
17112	NaN
17113	NaN
17114	NaN
17115	NaN
17116	NaN
17117	NaN
17118	NaN
17119	NaN
17120	NaN
17121	NaN
17122	NaN
17123	NaN
17124	NaN
17125	NaN
17126	NaN
17127	NaN
17128	NaN
17129	NaN
17130	NaN
17131	NaN
17132	NaN
17133	NaN
17134	NaN
17135	NaN
17136	NaN
17137	NaN
17138	NaN
17139	NaN
17140	NaN
17141	NaN
17142	NaN
17143	NaN
17144	NaN
17145	NaN
17146	NaN
17147	NaN
17148	NaN
17149	NaN
17150	NaN
17151	NaN
17152	NaN
17153	NaN
17154	NaN
17155	NaN
17156	NaN
17157	NaN
17158	NaN
17159	3.34647846
17160	1.25287437
17161	0.99265045
17162	0.89077383
17163	0.83670747
17164	0.80357319
17165	0.78157145
17166	0.76625758
17167	0.75531071
17168	0.74739134
17169	0.74166578
17170	0.73758280
17171	0.73476100
17172	0.73292542
17173	0.73187208
17174	0.73144591
17175	0.73152632
17176	0.73201829
17177	0.73284584
17178	0.73394716
17179	0.73527092
17180	0.73677379
17181	0.73841769
17182	0.74016804
17183	0.74199200
17184	0.74385685
17185	0.74572861
17186	0.74757093
17187	0.74934447
17188	0.75100553
17189	0.75250596
17190	0.75379300
17191	0.75480926
17192	0.75549334
17193	0.75578111
17194	0.75560683
17195	0.75490570
17196	0.75361598
17197	0.75168222
17198	0.74905837
17199	0.74571151
17200	0.74162477
17201	0.73680061
17202	0.73126280
17203	0.72505838
17204	0.71825731
17205	0.71095186
17206	0.70325387
17207	0.69529110
17208	0.68720257
17209	0.67913312
17210	0.67122805
17211	0.66362739
17212	0.65646082
17213	0.64984387
17214	0.64387381
17215	0.63862795
17216	0.63416183
17217	0.63050842
17218	0.62767833
17219	0.62566054
17220	0.62442344
17221	0.62391615
17222	0.62407053
17223	0.62480342
17224	0.62601858
17225	0.62760955
17226	0.62946248
17227	0.63145924
17228	0.63348043
17229	0.63540930
17230	0.63713461
17231	0.63855428
17232	0.63957816
17233	0.64013100
17234	0.64015388
17235	0.63960588
17236	0.63846433
17237	0.63672459
17238	0.63439888
17239	0.63151455
17240	0.62811154
17241	0.62424040
17242	0.61995894
17243	0.61533010
17244	0.61041939
17245	0.60529238
17246	0.60001338
17247	0.59464353
17248	0.58923995
17249	0.58385491
17250	0.57853502
17251	0.57332140
17252	0.56824911
17253	0.56334770
17254	0.55864114
17255	0.55414838
17256	0.54988313
17257	0.54585493
17258	0.54206878
17259	0.53852564
17260	0.53522283
17261	0.53215379
17262	0.52930880
17263	0.52667469
17264	0.52423531
17265	0.52197206
17266	0.51986402
17267	0.51788849
17268	0.51602155
17269	0.51423877
17270	0.51251566
17271	0.51082814
17272	0.50915343
17273	0.50746977
17274	0.50575733
17275	0.50399792
17276	0.50217533
17277	0.50027514
17278	0.49828467
17279	0.49619296
17280	0.49399069
17281	0.49167043
17282	0.48922640
17283	0.48665515
17284	0.48395547
17285	0.48112917
17286	0.47818106
17287	0.47511956
17288	0.47195676
17289	0.46870846
17290	0.46539411
17291	0.46203619
17292	0.45865974
17293	0.45529136
17294	0.45195806
17295	0.44868621
17296	0.44550025
17297	0.44242129
17298	0.43946645
17299	0.43664780
17300	0.43397185
17301	0.43143946
17302	0.42904592
17303	0.42678106
17304	0.42463022
17305	0.42257485
17306	0.42059317
17307	0.41866124
17308	0.41675374
17309	0.41484460
17310	0.41290781
17311	0.41091797
17312	0.40885073
17313	0.40668339
17314	0.40439510
17315	0.40196759
17316	0.39938506
17317	0.39663503
17318	0.39370829
17319	0.39059931
17320	0.38730636
17321	0.38383138
17322	0.38018030
17323	0.37636253
17324	0.37239096
17325	0.36828163
17326	0.36405337
17327	0.35972744
17328	0.35532725
17329	0.35087791
17330	0.34640610
17331	0.34193957
17332	0.33750701
17333	0.33313766
17334	0.32886103
17335	0.32470641
17336	0.32070270
17337	0.31687775
17338	0.31325808
17339	0.30986804
17340	0.30672973
17341	0.30386218
17342	0.30128101
17343	0.29899809
17344	0.29702115
17345	0.29535347
17346	0.29399377
17347	0.29293603
17348	0.29216897
17349	0.29167616
17350	0.29143518
17351	0.29141751
17352	0.29158765
17353	0.29190263
17354	0.29231146
17355	0.29275465
17356	0.29316407
17357	0.29346338
17358	0.29356891
17359	0.29339132
17360	0.29283780
17361	0.29181466
17362	0.29023093
17363	0.28800121
17364	0.28504863
17365	0.28130743
17366	0.27672389
17367	0.27125660
17368	0.26487565
17369	0.25756043
17370	0.24929731
17371	0.24007614
17372	0.22988772
17373	0.21872088
17374	0.20656069
17375	0.19338752
17376	0.17917667
17377	0.16389984
17378	0.14752606
17379	0.13002518
17380	0.11137079
17381	0.09154492
17382	0.07054368
17383	0.04838388
17384	0.02511274
17385	0.00081855
17386	-0.02435354
17387	-0.05018412
17388	-0.07635643
17389	-0.10242838
17390	-0.12780315
17391	-0.15169196
17392	-0.17307594
17393	-0.19066136
17394	-0.20281534
17395	-0.20747080
17396	-0.20192608
17397	-0.18240833
17398	-0.14301270
17399	-0.07287512
17400	0.05263526
17401	0.30846214
17402	1.09346342
17403	NaN
17404	NaN
17405	NaN
17406	NaN
17407	NaN
17408	NaN
17409	NaN
17410	NaN
17411	NaN
17412	NaN
17413	NaN
17414	NaN
17415	NaN
17416	NaN
17417	NaN
17418	NaN
17419	NaN
17420	NaN
17421	NaN
17422	NaN
17423	NaN
17424	NaN
17425	NaN
17426	NaN
17427	NaN
17428	NaN
17429	NaN
17430	NaN
17431	NaN
17432	NaN
17433	NaN
17434	NaN
17435	NaN
17436	NaN
17437	NaN
17438	NaN
17439	NaN
17440	NaN
17441	NaN
17442	NaN
17443	NaN
17444	NaN
17445	NaN
17446	NaN
17447	NaN
17448	NaN
17449	NaN
17450	NaN
17451	NaN
17452	NaN
17453	NaN
17454	NaN
17455	NaN
17456	NaN
17457	NaN
17458	NaN
17459	NaN
17460	NaN
17461	NaN
17462	NaN
17463	NaN
17464	NaN
17465	NaN
17466	NaN
17467	NaN
17468	NaN
17469	NaN
17470	NaN
17471	NaN
17472	NaN
17473	NaN
17474	NaN
17475	NaN
17476	NaN
17477	NaN
17478	NaN
17479	NaN
17480	NaN
17481	NaN
17482	NaN
17483	NaN
17484	NaN
17485	NaN
17486	NaN
17487	NaN
17488	NaN
17489	NaN
17490	NaN
17491	NaN
17492	1.27864563
17493	0.90764534
17494	0.80899948
17495	0.76592690
17496	0.74321902
17497	0.73006046
17498	0.72203130
17499	0.71699607
17500	0.71380287
17501	0.71178132
17502	0.71051931
17503	0.70975387
17504	0.70931292
17505	0.70908225
17506	0.70898652
17507	0.70897627
17508	0.70902032
17509	0.70909995
17510	0.70920521
17511	0.70933175
17512	0.70947850
17513	0.70964575
17514	0.70983344
17515	0.71003997
17516	0.71026087
17517	0.71048778
17518	0.71070790
17519	0.71090335
17520	0.71105105
17521	0.71112221
17522	0.71108317
17523	0.71089548
17524	0.71051669
17525	0.70990133
17526	0.70900244
17527	0.70777273
17528	0.70616645
17529	0.70414150
17530	0.70166147
17531	0.69869828
17532	0.69523424
17533	0.69126487
17534	0.68680036
17535	0.68186742
17536	0.67651004
17537	0.67078918
17538	0.66478211
17539	0.65858001
17540	0.65228528
17541	0.64600766
17542	0.63986009
17543	0.63395441
17544	0.62839675
17545	0.62328368
17546	0.61869884
17547	0.61471009
17548	0.61136782
17549	0.60870326
17550	0.60672855
17551	0.60543633
17552	0.60480076
17553	0.60477799
17554	0.60530776
17555	0.60631508
17556	0.60771173
17557	0.60939866
17558	0.61126834
17559	0.61320746
17560	0.61510003
17561	0.61683089
17562	0.61828929
17563	0.61937255
17564	0.61998987
17565	0.62006581
17566	0.61954296
17567	0.61838442
17568	0.61657482
17569	0.61412024
17570	0.61104739
17571	0.60740119
17572	0.60324210
17573	0.59864163
17574	0.59367883
17575	0.58843619
17576	0.58299553
17577	0.57743520
17578	0.57182735
17579	0.56623626
17580	0.56071723
17581	0.55531645
17582	0.55007130
17583	0.54501057
17584	0.54015601
17585	0.53552318
17586	0.53112233
17587	0.52696013
17588	0.52303994
17589	0.51936322
17590	0.51592970
17591	0.51273805
17592	0.50978571
17593	0.50706917
17594	0.50458360
17595	0.50232232
17596	0.50027651
17597	0.49843487
17598	0.49678269
17599	0.49530169
17600	0.49396977
17601	0.49276066
17602	0.49164423
17603	0.49058649
17604	0.48955038
17605	0.48849636
17606	0.48738346
17607	0.48617026
17608	0.48481619
17609	0.48328283
17610	0.48153478
17611	0.47954133
17612	0.47727698
17613	0.47472250
17614	0.47186545
17615	0.46870086
17616	0.46523112
17617	0.46146640
17618	0.45742437
17619	0.45313004
17620	0.44861507
17621	0.44391736
17622	0.43907997
17623	0.43415010
17624	0.42917770
17625	0.42421412
17626	0.41931054
17627	0.41451606
17628	0.40987629
17629	0.40543184
17630	0.40121678
17631	0.39725772
17632	0.39357299
17633	0.39017233
17634	0.38705668
17635	0.38421863
17636	0.38164282
17637	0.37930703
17638	0.37718284
17639	0.37523705
17640	0.37343258
17641	0.37172988
17642	0.37008798
17643	0.36846569
17644	0.36682245
17645	0.36511952
17646	0.36332053
17647	0.36139214
17648	0.35930490
17649	0.35703325
17650	0.35455629
17651	0.35185769
17652	0.34892607
17653	0.34575534
17654	0.34234434
17655	0.33869717
17656	0.33482280
17657	0.33073497
17658	0.32645187
17659	0.32199532
17660	0.31739077
17661	0.31266615
17662	0.30785149
17663	0.30297834
17664	0.29807884
17665	0.29318553
17666	0.28833064
17667	0.28354585
17668	0.27886203
17669	0.27430889
17670	0.26991531
17671	0.26570877
17672	0.26171598
17673	0.25796241
17674	0.25447252
17675	0.25126985
17676	0.24837638
17677	0.24581277
17678	0.24359734
17679	0.24174583
17680	0.24027006
17681	0.23917703
17682	0.23846762
17683	0.23813479
17684	0.23816232
17685	0.23852307
17686	0.23917758
17687	0.24007300
17688	0.24114268
17689	0.24230596
17690	0.24346930
17691	0.24452819
17692	0.24536967
17693	0.24587601
17694	0.24592881
17695	0.24541292
17696	0.24422123
17697	0.24225743
17698	0.23943928
17699	0.23569997
17700	0.23098874
17701	0.22527005
17702	0.21852213
17703	0.21073513
17704	0.20190850
17705	0.19204913
17706	0.18116930
17707	0.16928591
17708	0.15642063
17709	0.14260091
17710	0.12786311
17711	0.11225786
17712	0.09585640
17713	0.07876091
17714	0.06111639
17715	0.04312742
17716	0.02507655
17717	0.00734658
17718	-0.00955402
17719	-0.02496638
17720	-0.03805570
17721	-0.04779378
17722	-0.05294910
17723	-0.05209013
17724	-0.04360264
17725	-0.02571511
17726	0.00348453
17727	0.04607978
17728	0.10445571
17729	0.18164565
17730	0.28207794
17731	0.41315907
17732	0.58879250
17733	0.83821654
17734	1.23299336
17735	1.99959230
17736	4.39674997
17737	NaN
17738	NaN
17739	NaN
17740	NaN
17741	NaN
17742	NaN
17743	NaN
17744	NaN
17745	NaN
17746	NaN
17747	NaN
17748	NaN
17749	NaN
17750	NaN
17751	NaN
17752	NaN
17753	NaN
17754	NaN
17755	NaN
17756	NaN
17757	NaN
17758	NaN
17759	NaN
17760	NaN
17761	NaN
17762	NaN
17763	NaN
17764	NaN
17765	NaN
17766	NaN
17767	NaN
17768	NaN
17769	NaN
17770	NaN
17771	NaN
17772	NaN
17773	NaN
17774	NaN
17775	NaN
17776	NaN
17777	NaN
17778	NaN
17779	NaN
17780	NaN
17781	NaN
17782	NaN
17783	NaN
17784	NaN
17785	NaN
17786	NaN
17787	NaN
17788	NaN
17789	NaN
17790	NaN
17791	NaN
17792	NaN
17793	NaN
17794	NaN
17795	NaN
17796	NaN
17797	NaN
17798	NaN
17799	NaN
17800	NaN
17801	NaN
17802	NaN
17803	NaN
17804	NaN
17805	NaN
17806	NaN
17807	NaN
17808	NaN
17809	NaN
17810	NaN
17811	NaN
17812	NaN
17813	NaN
17814	NaN
17815	1.01313627
17816	0.83978456
17817	0.79007220
17818	0.76586050
17819	0.75138825
17820	0.74180412
17821	0.73510140
17822	0.73028731
17823	0.72680497
17824	0.72431123
17825	0.72257853
17826	0.72144657
17827	0.72079724
17828	0.72054023
17829	0.72060466
17830	0.72093415
17831	0.72148299
17832	0.72221386
17833	0.72309637
17834	0.72410494
17835	0.72521806
17836	0.72641712
17837	0.72768462
17838	0.72900403
17839	0.73035771
17840	0.73172647
17841	0.73308831
17842	0.73441708
17843	0.73568213
17844	0.73684686
17845	0.73786891
17846	0.73869938
17847	0.73928332
17848	0.73955995
17849	0.73946422
17850	0.73892862
17851	0.73788524
17852	0.73626900
17853	0.73402125
17854	0.73109353
17855	0.72745186
17856	0.72308069
17857	0.71798617
17858	0.71219945
17859	0.70577765
17860	0.69880402
17861	0.69138640
17862	0.68365353
17863	0.67575067
17864	0.66783333
17865	0.66006100
17866	0.65259027
17867	0.64556873
17868	0.63912946
17869	0.63338625
17870	0.62843096
17871	0.62433070
17872	0.62112737
17873	0.61883700
17874	0.61745048
17875	0.61693472
17876	0.61723429
17877	0.61827254
17878	0.61995482
17879	0.62217003
17880	0.62479413
17881	0.62769276
17882	0.63072532
17883	0.63374835
17884	0.63662028
17885	0.63920540
17886	0.64137870
17887	0.64302951
17888	0.64406592
17889	0.64441735
17890	0.64403677
17891	0.64290178
17892	0.64101416
17893	0.63839883
17894	0.63510138
17895	0.63118446
17896	0.62672448
17897	0.62180722
17898	0.61652380
17899	0.61096698
17900	0.60522771
17901	0.59939235
17902	0.59354055
17903	0.58774388
17904	0.58206475
17905	0.57655603
17906	0.57126105
17907	0.56621385
17908	0.56143963
17909	0.55695552
17910	0.55277091
17911	0.54888833
17912	0.54530418
17913	0.54200882
17914	0.53898752
17915	0.53622067
17916	0.53368431
17917	0.53135049
17918	0.52918833
17919	0.52716398
17920	0.52524227
17921	0.52338707
17922	0.52156287
17923	0.51973528
17924	0.51787257
17925	0.51594621
17926	0.51393199
17927	0.51181000
17928	0.50956511
17929	0.50718707
17930	0.50466967
17931	0.50201070
17932	0.49921110
17933	0.49627450
17934	0.49320629
17935	0.49001345
17936	0.48670408
17937	0.48328733
17938	0.47977296
17939	0.47617215
17940	0.47249714
17941	0.46876198
17942	0.46498260
17943	0.46117711
17944	0.45736590
17945	0.45357183
17946	0.44981959
17947	0.44613567
17948	0.44254717
17949	0.43908116
17950	0.43576360
17951	0.43261787
17952	0.42966384
17953	0.42691630
17954	0.42438436
17955	0.42207032
17956	0.41996941
17957	0.41806942
17958	0.41635093
17959	0.41478783
17960	0.41334808
17961	0.41199470
17962	0.41068697
17963	0.40938157
17964	0.40803400
17965	0.40659967
17966	0.40503532
17967	0.40329999
17968	0.40135613
17969	0.39917070
17970	0.39671570
17971	0.39396933
17972	0.39091647
17973	0.38754886
17974	0.38386586
17975	0.37987426
17976	0.37558815
17977	0.37102878
17978	0.36622390
17979	0.36120722
17980	0.35601750
17981	0.35069758
17982	0.34529379
17983	0.33985460
17984	0.33442965
17985	0.32906911
17986	0.32382241
17987	0.31873754
17988	0.31386018
17989	0.30923283
17990	0.30489445
17991	0.30087939
17992	0.29721755
17993	0.29393372
17994	0.29104742
17995	0.28857309
17996	0.28651986
17997	0.28489190
17998	0.28368834
17999	0.28290352
18000	0.28252691
18001	0.28254336
18002	0.28293288
18003	0.28367060
18004	0.28472620
18005	0.28606400
18006	0.28764197
18007	0.28941166
18008	0.29131752
18009	0.29329613
18010	0.29527667
18011	0.29718021
18012	0.29892069
18013	0.30040604
18014	0.30153966
18015	0.30222291
18016	0.30235803
18017	0.30185151
18018	0.30061728
18019	0.29857981
18020	0.29567665
18021	0.29185984
18022	0.28709647
18023	0.28136763
18024	0.27466676
18025	0.26699707
18026	0.25836843
18027	0.24879460
18028	0.23829028
18029	0.22686934
18030	0.21454348
18031	0.20132241
18032	0.18721493
18033	0.17223123
18034	0.15638690
18035	0.13970715
18036	0.12223385
18037	0.10403296
18038	0.08520518
18039	0.06589787
18040	0.04632147
18041	0.02677002
18042	0.00764652
18043	-0.01050324
18044	-0.02694709
18045	-0.04071133
18046	-0.05050202
18047	-0.05460117
18048	-0.05070589
18049	-0.03566777
18050	-0.00502507
18051	0.04793026
18052	0.13421610
18053	0.27432135
18054	0.51340407
18055	0.97947931
18056	2.24878359
18057	NaN
18058	NaN
18059	NaN
18060	NaN
18061	NaN
18062	NaN
18063	NaN
18064	NaN
18065	NaN
18066	NaN
18067	NaN
18068	NaN
18069	NaN
18070	NaN
18071	NaN
18072	NaN
18073	NaN
18074	NaN
18075	NaN
18076	NaN
18077	NaN
18078	NaN
18079	NaN
18080	NaN
18081	NaN
18082	NaN
18083	NaN
18084	NaN
18085	NaN
18086	NaN
18087	NaN
18088	NaN
18089	NaN
18090	NaN
18091	NaN
18092	NaN
18093	NaN
18094	NaN
18095	NaN
18096	NaN
18097	NaN
18098	NaN
18099	NaN
18100	NaN
18101	NaN
18102	NaN
18103	NaN
18104	NaN
18105	NaN
18106	NaN
18107	NaN
18108	NaN
18109	NaN
18110	NaN
18111	NaN
18112	NaN
18113	NaN
18114	NaN
18115	NaN
18116	NaN
18117	NaN
18118	NaN
18119	NaN
18120	NaN
18121	NaN
18122	NaN
18123	NaN
18124	NaN
18125	NaN
18126	NaN
18127	NaN
18128	NaN
18129	NaN
18130	NaN
18131	NaN
18132	NaN
18133	NaN
18134	NaN
18135	NaN
18136	NaN
18137	NaN
18138	NaN
18139	NaN
18140	NaN
18141	NaN
18142	1.35604751
18143	0.87278742
18144	0.78074098
18145	0.74380708
18146	0.72508740
18147	0.71454167
18148	0.70830590
18149	0.70457309
18150	0.70238322
18151	0.70117933
18152	0.70061642
18153	0.70047086
18154	0.70059252
18155	0.70087832
18156	0.70125687
18157	0.70167792
18158	0.70210671
18159	0.70251942
18160	0.70290005
18161	0.70323849
18162	0.70352888
18163	0.70376825
18164	0.70395589
18165	0.70409238
18166	0.70417905
18167	0.70421702
18168	0.70420694
18169	0.70414805
18170	0.70403743
18171	0.70386934
18172	0.70363480
18173	0.70332074
18174	0.70291001
18175	0.70238084
18176	0.70170754
18177	0.70086050
18178	0.69980752
18179	0.69851506
18180	0.69694936
18181	0.69507885
18182	0.69287580
18183	0.69031870
18184	0.68739396
18185	0.68409789
18186	0.68043840
18187	0.67643559
18188	0.67212194
18189	0.66754276
18190	0.66275394
18191	0.65782118
18192	0.65281737
18193	0.64781958
18194	0.64290667
18195	0.63815600
18196	0.63364041
18197	0.62942606
18198	0.62556988
18199	0.62211740
18200	0.61910182
18201	0.61654240
18202	0.61444473
18203	0.61280006
18204	0.61158627
18205	0.61076814
18206	0.61029923
18207	0.61012298
18208	0.61017472
18209	0.61038345
18210	0.61067384
18211	0.61096865
18212	0.61119056
18213	0.61126441
18214	0.61111963
18215	0.61069202
18216	0.60992599
18217	0.60877669
18218	0.60721099
18219	0.60520959
18220	0.60276675
18221	0.59989136
18222	0.59660578
18223	0.59294468
18224	0.58895338
18225	0.58468533
18226	0.58019918
18227	0.57555616
18228	0.57081729
18229	0.56604040
18230	0.56127816
18231	0.55657643
18232	0.55197322
18233	0.54749799
18234	0.54317188
18235	0.53900790
18236	0.53501219
18237	0.53118485
18238	0.52752095
18239	0.52401251
18240	0.52064908
18241	0.51741922
18242	0.51431119
18243	0.51131409
18244	0.50841802
18245	0.50561464
18246	0.50289714
18247	0.50026011
18248	0.49769938
18249	0.49521118
18250	0.49279204
18251	0.49043798
18252	0.48814404
18253	0.48590374
18254	0.48370862
18255	0.48154825
18256	0.47940987
18257	0.47727886
18258	0.47513860
18259	0.47297144
18260	0.47075886
18261	0.46848252
18262	0.46612480
18263	0.46366957
18264	0.46110302
18265	0.45841438
18266	0.45559618
18267	0.45264482
18268	0.44956103
18269	0.44634950
18270	0.44301915
18271	0.43958291
18272	0.43605709
18273	0.43246105
18274	0.42881659
18275	0.42514709
18276	0.42147678
18277	0.41782999
18278	0.41423008
18279	0.41069889
18280	0.40725553
18281	0.40391630
18282	0.40069354
18283	0.39759567
18284	0.39462677
18285	0.39178658
18286	0.38907051
18287	0.38647011
18288	0.38397333
18289	0.38156494
18290	0.37922728
18291	0.37694088
18292	0.37468496
18293	0.37243819
18294	0.37017930
18295	0.36788759
18296	0.36554334
18297	0.36312842
18298	0.36062661
18299	0.35802376
18300	0.35530823
18301	0.35247108
18302	0.34950623
18303	0.34641060
18304	0.34318429
18305	0.33983058
18306	0.33635587
18307	0.33276966
18308	0.32908425
18309	0.32531440
18310	0.32147709
18311	0.31759092
18312	0.31367555
18313	0.30975121
18314	0.30583808
18315	0.30195579
18316	0.29812315
18317	0.29435775
18318	0.29067573
18319	0.28709200
18320	0.28362012
18321	0.28027260
18322	0.27706105
18323	0.27399644
18324	0.27108917
18325	0.26834941
18326	0.26578695
18327	0.26341128
18328	0.26123142
18329	0.25925586
18330	0.25749186
18331	0.25594583
18332	0.25462219
18333	0.25352278
18334	0.25264663
18335	0.25198805
18336	0.25153634
18337	0.25127387
18338	0.25117519
18339	0.25120518
18340	0.25131825
18341	0.25145772
18342	0.25155544
18343	0.25153270
18344	0.25130165
18345	0.25076786
18346	0.24983345
18347	0.24840108
18348	0.24637775
18349	0.24367844
18350	0.24022928
18351	0.23596942
18352	0.23085140
18353	0.22484100
18354	0.21791448
18355	0.21005659
18356	0.20125601
18357	0.19150192
18358	0.18077964
18359	0.16906656
18360	0.15632901
18361	0.14251824
18362	0.12756781
18363	0.11138990
18364	0.09387216
18365	0.07487324
18366	0.05421701
18367	0.03168451
18368	0.00700044
18369	-0.02018635
18370	-0.05033757
18371	-0.08408549
18372	-0.12234111
18373	-0.16650699
18374	-0.21890491
18375	-0.28374523
18376	-0.36956984
18377	-0.49664575
18378	-0.72674233
18379	-1.37410235
18380	NaN
18381	NaN
18382	NaN
18383	NaN
18384	NaN
18385	NaN
18386	NaN
18387	NaN
18388	NaN
18389	NaN
18390	NaN
18391	NaN
18392	NaN
18393	NaN
18394	NaN
18395	NaN
18396	NaN
18397	NaN
18398	NaN
18399	NaN
18400	NaN
18401	NaN
18402	NaN
18403	NaN
18404	NaN
18405	NaN
18406	NaN
18407	NaN
18408	NaN
18409	NaN
18410	NaN
18411	NaN
18412	NaN
18413	NaN
18414	NaN
18415	NaN
18416	NaN
18417	NaN
18418	NaN
18419	NaN
18420	NaN
18421	NaN
18422	NaN
18423	NaN
18424	NaN
18425	NaN
18426	NaN
18427	NaN
18428	NaN
18429	NaN
18430	NaN
18431	NaN
18432	NaN
18433	NaN
18434	NaN
18435	NaN
18436	NaN
18437	NaN
18438	NaN
18439	NaN
18440	NaN
18441	NaN
18442	NaN
18443	NaN
18444	NaN
18445	NaN
18446	NaN
18447	NaN
18448	NaN
18449	NaN
18450	NaN
18451	NaN
18452	NaN
18453	NaN
18454	NaN
18455	NaN
18456	NaN
18457	NaN
18458	NaN
18459	NaN
18460	NaN
18461	NaN
18462	NaN
18463	NaN
18464	1.37233019
18465	0.98061961
18466	0.87517399
18467	0.82715040
18468	0.80027157
18469	0.78348809
18470	0.77229917
18471	0.76452792
18472	0.75899225
18473	0.75499398
18474	0.75209355
18475	0.74999893
18476	0.74850833
18477	0.74747676
18478	0.74679750
18479	0.74638957
18480	0.74619097
18481	0.74615300
18482	0.74623734
18483	0.74641341
18484	0.74665636
18485	0.74694568
18486	0.74726367
18487	0.74759448
18488	0.74792278
18489	0.74823290
18490	0.74850750
18491	0.74872679
18492	0.74886793
18493	0.74890441
18494	0.74880558
18495	0.74853659
18496	0.74805838
18497	0.74732900
18498	0.74630332
18499	0.74493510
18500	0.74317873
18501	0.74099094
18502	0.73833340
18503	0.73517507
18504	0.73149532
18505	0.72728604
18506	0.72255397
18507	0.71732301
18508	0.71163398
18509	0.70554596
18510	0.69913459
18511	0.69248986
18512	0.68571365
18513	0.67891574
18514	0.67220980
18515	0.66570854
18516	0.65952039
18517	0.65374470
18518	0.64846879
18519	0.64376527
18520	0.63968986
18521	0.63628000
18522	0.63355458
18523	0.63151312
18524	0.63013679
18525	0.62938905
18526	0.62921679
18527	0.62955207
18528	0.63031405
18529	0.63141125
18530	0.63274419
18531	0.63420796
18532	0.63569611
18533	0.63710278
18534	0.63832718
18535	0.63927591
18536	0.63986653
18537	0.64003003
18538	0.63971287
18539	0.63887852
18540	0.63750827
18541	0.63560063
18542	0.63317102
18543	0.63024968
18544	0.62687957
18545	0.62311369
18546	0.61901206
18547	0.61463892
18548	0.61005944
18549	0.60533768
18550	0.60053402
18551	0.59570372
18552	0.59089565
18553	0.58615190
18554	0.58150715
18555	0.57698929
18556	0.57261968
18557	0.56841385
18558	0.56438237
18559	0.56053150
18560	0.55686402
18561	0.55338001
18562	0.55007690
18563	0.54695034
18564	0.54399383
18565	0.54119939
18566	0.53855693
18567	0.53605491
18568	0.53367990
18569	0.53141695
18570	0.52924979
18571	0.52716112
18572	0.52513307
18573	0.52314746
18574	0.52118659
18575	0.51923317
18576	0.51727098
18577	0.51528478
18578	0.51326042
18579	0.51118517
18580	0.50904727
18581	0.50683600
18582	0.50454199
18583	0.50215697
18584	0.49967423
18585	0.49708855
18586	0.49439690
18587	0.49159837
18588	0.48869500
18589	0.48569143
18590	0.48259580
18591	0.47941911
18592	0.47617599
18593	0.47288373
18594	0.46956259
18595	0.46623504
18596	0.46292511
18597	0.45965794
18598	0.45645848
18599	0.45335087
18600	0.45035759
18601	0.44749814
18602	0.44478852
18603	0.44224024
18604	0.43985969
18605	0.43764773
18606	0.43559924
18607	0.43370315
18608	0.43194261
18609	0.43029523
18610	0.42873368
18611	0.42722654
18612	0.42573908
18613	0.42423454
18614	0.42267510
18615	0.42102322
18616	0.41924280
18617	0.41730011
18618	0.41516519
18619	0.41281232
18620	0.41022101
18621	0.40737623
18622	0.40426880
18623	0.40089548
18624	0.39725879
18625	0.39336687
18626	0.38923305
18627	0.38487571
18628	0.38031757
18629	0.37558541
18630	0.37070948
18631	0.36572286
18632	0.36066100
18633	0.35556066
18634	0.35045931
18635	0.34539431
18636	0.34040186
18637	0.33551627
18638	0.33076963
18639	0.32619086
18640	0.32180575
18641	0.31763670
18642	0.31370294
18643	0.31002069
18644	0.30660334
18645	0.30346209
18646	0.30060568
18647	0.29804111
18648	0.29577321
18649	0.29380471
18650	0.29213575
18651	0.29076365
18652	0.28968179
18653	0.28887942
18654	0.28834066
18655	0.28804359
18656	0.28796011
18657	0.28805503
18658	0.28828600
18659	0.28860343
18660	0.28895089
18661	0.28926572
18662	0.28947988
18663	0.28952163
18664	0.28931686
18665	0.28879115
18666	0.28787166
18667	0.28648886
18668	0.28457823
18669	0.28208143
18670	0.27894700
18671	0.27513036
18672	0.27059373
18673	0.26530471
18674	0.25923565
18675	0.25236151
18676	0.24465886
18677	0.23610447
18678	0.22667417
18679	0.21634243
18680	0.20508218
18681	0.19286592
18682	0.17966703
18683	0.16546270
18684	0.15023801
18685	0.13399096
18686	0.11674021
18687	0.09853252
18688	0.07945487
18689	0.05964604
18690	0.03931081
18691	0.01873489
18692	-0.00170179
18693	-0.02151180
18694	-0.04009523
18695	-0.05673813
18696	-0.07062071
18697	-0.08083443
18698	-0.08640219
18699	-0.08629423
18700	-0.07941986
18701	-0.06457014
18702	-0.04025311
18703	-0.00431374
18704	0.04691269
18705	0.12066878
18706	0.23360486
18707	0.43316057
18708	0.92232233
18709	NaN
18710	NaN
18711	NaN
18712	NaN
18713	NaN
18714	NaN
18715	NaN
18716	NaN
18717	NaN
18718	NaN
18719	NaN
18720	NaN
18721	NaN
18722	NaN
18723	NaN
18724	NaN
18725	NaN
18726	NaN
18727	NaN
18728	NaN
18729	NaN
18730	NaN
18731	NaN
18732	NaN
18733	NaN
18734	NaN
18735	NaN
18736	NaN
18737	NaN
18738	NaN
18739	NaN
18740	NaN
18741	NaN
18742	NaN
18743	NaN
18744	NaN
18745	NaN
18746	NaN
18747	NaN
18748	NaN
18749	NaN
18750	NaN
18751	NaN
18752	NaN
18753	NaN
18754	NaN
18755	NaN
18756	NaN
18757	NaN
18758	NaN
18759	NaN
18760	NaN
18761	NaN
18762	NaN
18763	NaN
18764	NaN
18765	NaN
18766	NaN
18767	NaN
18768	NaN
18769	NaN
18770	NaN
18771	NaN
18772	NaN
18773	NaN
18774	NaN
18775	NaN
18776	NaN
18777	NaN
18778	NaN
18779	NaN
18780	NaN
18781	NaN
18782	NaN
18783	NaN
18784	NaN
18785	NaN
18786	NaN
18787	NaN
18788	NaN
18789	NaN
18790	NaN
18791	NaN
18792	2.36845088
18793	0.93016112
18794	0.80851227
18795	0.76662725
18796	0.74715608
18797	0.73692745
18798	0.73128676
18799	0.72817689
18800	0.72655237
18801	0.72582942
18802	0.72565973
18803	0.72582597
18804	0.72618842
18805	0.72665632
18806	0.72717094
18807	0.72769529
18808	0.72820765
18809	0.72869706
18810	0.72915995
18811	0.72959781
18812	0.73001504
18813	0.73041749
18814	0.73081100
18815	0.73120010
18816	0.73158705
18817	0.73197144
18818	0.73234874
18819	0.73271036
18820	0.73304313
18821	0.73332888
18822	0.73354453
18823	0.73366189
18824	0.73364758
18825	0.73346400
18826	0.73306906
18827	0.73241788
18828	0.73146349
18829	0.73015887
18830	0.72845888
18831	0.72632241
18832	0.72371572
18833	0.72061479
18834	0.71700835
18835	0.71290034
18836	0.70831192
18837	0.70328259
18838	0.69787031
18839	0.69215035
18840	0.68621320
18841	0.68016106
18842	0.67410386
18843	0.66815460
18844	0.66242462
18845	0.65701896
18846	0.65203154
18847	0.64754283
18848	0.64361632
18849	0.64029706
18850	0.63761109
18851	0.63556486
18852	0.63414609
18853	0.63332468
18854	0.63305402
18855	0.63327253
18856	0.63390601
18857	0.63486856
18858	0.63606590
18859	0.63739681
18860	0.63875622
18861	0.64003748
18862	0.64113569
18863	0.64195096
18864	0.64239120
18865	0.64237642
18866	0.64184093
18867	0.64073688
18868	0.63903576
18869	0.63673007
18870	0.63383281
18871	0.63037682
18872	0.62641227
18873	0.62200373
18874	0.61722624
18875	0.61216110
18876	0.60689223
18877	0.60150176
18878	0.59606755
18879	0.59066015
18880	0.58534175
18881	0.58016485
18882	0.57517195
18883	0.57039624
18884	0.56586212
18885	0.56158614
18886	0.55757821
18887	0.55384302
18888	0.55038083
18889	0.54718882
18890	0.54426169
18891	0.54159236
18892	0.53917235
18893	0.53699172
18894	0.53503925
18895	0.53330219
18896	0.53176546
18897	0.53041166
18898	0.52922046
18899	0.52816802
18900	0.52722669
18901	0.52636516
18902	0.52554804
18903	0.52473646
18904	0.52388877
18905	0.52296120
18906	0.52190906
18907	0.52068830
18908	0.51925647
18909	0.51757473
18910	0.51560879
18911	0.51333046
18912	0.51071852
18913	0.50775951
18914	0.50444824
18915	0.50078815
18916	0.49679115
18917	0.49247724
18918	0.48787436
18919	0.48301727
18920	0.47794718
18921	0.47271031
18922	0.46735716
18923	0.46194112
18924	0.45651728
18925	0.45114094
18926	0.44586647
18927	0.44074568
18928	0.43582666
18929	0.43115237
18930	0.42675945
18931	0.42267731
18932	0.41892731
18933	0.41552222
18934	0.41246602
18935	0.40975389
18936	0.40737274
18937	0.40530163
18938	0.40351278
18939	0.40197250
18940	0.40064248
18941	0.39948103
18942	0.39844403
18943	0.39748639
18944	0.39656267
18945	0.39562806
18946	0.39463899
18947	0.39355341
18948	0.39233121
18949	0.39093462
18950	0.38932821
18951	0.38747928
18952	0.38535818
18953	0.38293874
18954	0.38019866
18955	0.37711999
18956	0.37368977
18957	0.36990049
18958	0.36575052
18959	0.36124480
18960	0.35639483
18961	0.35121912
18962	0.34574321
18963	0.33999941
18964	0.33402658
18965	0.32786942
18966	0.32157806
18967	0.31520683
18968	0.30881360
18969	0.30245897
18970	0.29620498
18971	0.29011476
18972	0.28425160
18973	0.27867880
18974	0.27345926
18975	0.26865506
18976	0.26432803
18977	0.26053923
18978	0.25734884
18979	0.25481600
18980	0.25299799
18981	0.25194898
18982	0.25171810
18983	0.25234753
18984	0.25386852
18985	0.25629795
18986	0.25963354
18987	0.26384878
18988	0.26888788
18989	0.27466059
18990	0.28103876
18991	0.28785419
18992	0.29489937
18993	0.30193079
18994	0.30867618
18995	0.31484517
18996	0.32014149
18997	0.32427758
18998	0.32698789
18999	0.32804045
19000	0.32724452
19001	0.32445335
19002	0.31956226
19003	0.31250167
19004	0.30322623
19005	0.29170135
19006	0.27788699
19007	0.26172152
19008	0.24310310
19009	0.22187093
19010	0.19778357
19011	0.17049174
19012	0.13950473
19013	0.10413956
19014	0.06344782
19015	0.01609525
19016	-0.03983928
19017	-0.10722544
19018	-0.19057482
19019	-0.29748821
19020	-0.44204417
19021	-0.65398610
19022	-1.01000261
19023	-1.79008651
19024	NaN
19025	NaN
19026	NaN
19027	NaN
19028	NaN
19029	NaN
19030	NaN
19031	NaN
19032	NaN
19033	NaN
19034	NaN
19035	NaN
19036	NaN
19037	NaN
19038	NaN
19039	NaN
19040	NaN
19041	NaN
19042	NaN
19043	NaN
19044	NaN
19045	NaN
19046	NaN
19047	NaN
19048	NaN
19049	NaN
19050	NaN
19051	NaN
19052	NaN
19053	NaN
19054	NaN
19055	NaN
19056	NaN
19057	NaN
19058	NaN
19059	NaN
19060	NaN
19061	NaN
19062	NaN
19063	NaN
19064	NaN
19065	NaN
19066	NaN
19067	NaN
19068	NaN
19069	NaN
19070	NaN
19071	NaN
19072	NaN
19073	NaN
19074	NaN
19075	NaN
19076	NaN
19077	NaN
19078	NaN
19079	NaN
19080	NaN
19081	NaN
19082	NaN
19083	NaN
19084	NaN
19085	NaN
19086	NaN
19087	NaN
19088	NaN
19089	NaN
19090	NaN
19091	NaN
19092	NaN
19093	NaN
19094	NaN
19095	NaN
19096	NaN
19097	NaN
19098	NaN
19099	NaN
19100	NaN
19101	NaN
19102	NaN
19103	NaN
19104	NaN
19105	NaN
19106	NaN
19107	NaN
19108	NaN
19109	NaN
19110	NaN
19111	NaN
19112	NaN
19113	NaN
19114	NaN
19115	NaN
19116	NaN
19117	NaN
19118	NaN
19119	2.38231516
19120	1.13279200
19121	0.93318522
19122	0.85136950
19123	0.80697674
19124	0.77938241
19125	0.76086605
19126	0.74786824
19127	0.73850960
19128	0.73169661
19129	0.72674465
19130	0.72320008
19131	0.72074807
19132	0.71916163
19133	0.71827257
19134	0.71795291
19135	0.71810287
19136	0.71864408
19137	0.71951312
19138	0.72065794
19139	0.72203493
19140	0.72360575
19141	0.72533613
19142	0.72719347
19143	0.72914535
19144	0.73115832
19145	0.73319650
19146	0.73522109
19147	0.73718894
19148	0.73905277
19149	0.74076045
19150	0.74225563
19151	0.74347782
19152	0.74436378
19153	0.74484843
19154	0.74486721
19155	0.74435800
19156	0.74326420
19157	0.74153715
19158	0.73913968
19159	0.73604870
19160	0.73225862
19161	0.72778279
19162	0.72265571
19163	0.71693283
19164	0.71069056
19165	0.70402360
19166	0.69704288
19167	0.68987089
19168	0.68263769
19169	0.67547566
19170	0.66851473
19171	0.66187787
19172	0.65567672
19173	0.65000814
19174	0.64495158
19175	0.64056718
19176	0.63689464
19177	0.63395262
19178	0.63173938
19179	0.63023329
19180	0.62939399
19181	0.62916416
19182	0.62947160
19183	0.63023120
19184	0.63134784
19185	0.63271880
19186	0.63423735
19187	0.63579524
19188	0.63728648
19189	0.63861036
19190	0.63967395
19191	0.64039570
19192	0.64070666
19193	0.64055300
19194	0.63989657
19195	0.63871562
19196	0.63700420
19197	0.63477170
19198	0.63204110
19199	0.62884682
19200	0.62523317
19201	0.62125093
19202	0.61695570
19203	0.61240470
19204	0.60765558
19205	0.60276359
19206	0.59778094
19207	0.59275532
19208	0.58772957
19209	0.58274102
19210	0.57782203
19211	0.57299989
19212	0.56829745
19213	0.56373340
19214	0.55932295
19215	0.55507821
19216	0.55100876
19217	0.54712135
19218	0.54342049
19219	0.53990799
19220	0.53658319
19221	0.53344262
19222	0.53047955
19223	0.52768451
19224	0.52504504
19225	0.52254570
19226	0.52016896
19227	0.51789504
19228	0.51570296
19229	0.51357090
19230	0.51147687
19231	0.50939900
19232	0.50731635
19233	0.50520915
19234	0.50305885
19235	0.50084865
19236	0.49856353
19237	0.49619052
19238	0.49371871
19239	0.49113977
19240	0.48844784
19241	0.48563993
19242	0.48271605
19243	0.47967944
19244	0.47653648
19245	0.47329691
19246	0.46997350
19247	0.46658200
19248	0.46314055
19249	0.45966938
19250	0.45619002
19251	0.45272478
19252	0.44929570
19253	0.44592395
19254	0.44262904
19255	0.43942785
19256	0.43633446
19257	0.43335927
19258	0.43050870
19259	0.42778525
19260	0.42518717
19261	0.42270866
19262	0.42034015
19263	0.41806847
19264	0.41587737
19265	0.41374797
19266	0.41165930
19267	0.40958899
19268	0.40751380
19269	0.40541029
19270	0.40325561
19271	0.40102786
19272	0.39870691
19273	0.39627466
19274	0.39371550
19275	0.39101660
19276	0.38816786
19277	0.38516214
19278	0.38199538
19279	0.37866610
19280	0.37517583
19281	0.37152869
19282	0.36773163
19283	0.36379421
19284	0.35972887
19285	0.35555086
19286	0.35127816
19287	0.34693176
19288	0.34253547
19289	0.33811548
19290	0.33370045
19291	0.32932079
19292	0.32500815
19293	0.32079512
19294	0.31671417
19295	0.31279740
19296	0.30907547
19297	0.30557767
19298	0.30233094
19299	0.29935965
19300	0.29668534
19301	0.29432628
19302	0.29229781
19303	0.29061142
19304	0.28927508
19305	0.28829268
19306	0.28766355
19307	0.28738207
19308	0.28743663
19309	0.28780922
19310	0.28847414
19311	0.28939730
19312	0.29053542
19313	0.29183552
19314	0.29323471
19315	0.29466045
19316	0.29603124
19317	0.29725829
19318	0.29824755
19319	0.29890242
19320	0.29912689
19321	0.29882926
19322	0.29792523
19323	0.29634118
19324	0.29401654
19325	0.29090473
19326	0.28697392
19327	0.28220585
19328	0.27659416
19329	0.27014166
19330	0.26285738
19331	0.25475347
19332	0.24584216
19333	0.23613384
19334	0.22563498
19335	0.21434730
19336	0.20226736
19337	0.18938711
19338	0.17569517
19339	0.16117850
19340	0.14582632
19341	0.12963323
19342	0.11260565
19343	0.09476964
19344	0.07618087
19345	0.05693883
19346	0.03720283
19347	0.01721374
19348	-0.00268244
19349	-0.02200475
19350	-0.04010644
19351	-0.05613589
19352	-0.06898965
19353	-0.07724381
19354	-0.07902862
19355	-0.07177444
19356	-0.05162168
19357	-0.01190913
19358	0.06124741
19359	0.20542747
19360	0.57798445
19361	NaN
19362	NaN
19363	NaN
19364	NaN
19365	NaN
19366	NaN
19367	NaN
19368	NaN
19369	NaN
19370	NaN
19371	NaN
19372	NaN
19373	NaN
19374	NaN
19375	NaN
19376	NaN
19377	NaN
19378	NaN
19379	NaN
19380	NaN
19381	NaN
19382	NaN
19383	NaN
19384	NaN
19385	NaN
19386	NaN
19387	NaN
19388	NaN
19389	NaN
19390	NaN
19391	NaN
19392	NaN
19393	NaN
19394	NaN
19395	NaN
19396	NaN
19397	NaN
19398	NaN
19399	NaN
19400	NaN
19401	NaN
19402	NaN
19403	NaN
19404	NaN
19405	NaN
19406	NaN
19407	NaN
19408	NaN
19409	NaN
19410	NaN
19411	NaN
19412	NaN
19413	NaN
19414	NaN
19415	NaN
19416	NaN
19417	NaN
19418	NaN
19419	NaN
19420	NaN
19421	NaN
19422	NaN
19423	NaN
19424	NaN
19425	NaN
19426	NaN
19427	NaN
19428	NaN
19429	NaN
19430	NaN
19431	NaN
19432	NaN
19433	NaN
19434	NaN
19435	NaN
19436	NaN
19437	NaN
19438	NaN
19439	NaN
19440	NaN
19441	NaN
19442	NaN
19443	NaN
19444	NaN
19445	NaN
19446	NaN
19447	1.42280495
19448	0.92499894
19449	0.82242042
19450	0.78041768
19451	0.75880826
19452	0.74638987
19453	0.73880494
19454	0.73400676
19455	0.73090869
19456	0.72888237
19457	0.72754180
19458	0.72663951
19459	0.72601229
19460	0.72555089
19461	0.72518229
19462	0.72485852
19463	0.72454935
19464	0.72423714
19465	0.72391367
19466	0.72357702
19467	0.72322983
19468	0.72287732
19469	0.72252601
19470	0.72218263
19471	0.72185254
19472	0.72153920
19473	0.72124344
19474	0.72096217
19475	0.72068858
19476	0.72041112
19477	0.72011375
19478	0.71977532
19479	0.71936971
19480	0.71886593
19481	0.71822888
19482	0.71741945
19483	0.71639568
19484	0.71511394
19485	0.71353042
19486	0.71160263
19487	0.70929193
19488	0.70656604
19489	0.70340079
19490	0.69978380
19491	0.69571584
19492	0.69121325
19493	0.68630892
19494	0.68105263
19495	0.67551070
19496	0.66976357
19497	0.66390365
19498	0.65803117
19499	0.65225041
19500	0.64666468
19501	0.64137244
19502	0.63646257
19503	0.63201135
19504	0.62807941
19505	0.62470990
19506	0.62192774
19507	0.61973900
19508	0.61813170
19509	0.61707669
19510	0.61652923
19511	0.61643046
19512	0.61670959
19513	0.61728585
19514	0.61807084
19515	0.61897039
19516	0.61988753
19517	0.62072486
19518	0.62138730
19519	0.62178516
19520	0.62183720
19521	0.62147331
19522	0.62063766
19523	0.61929017
19524	0.61740887
19525	0.61499000
19526	0.61204791
19527	0.60861367
19528	0.60473323
19529	0.60046417
19530	0.59587264
19531	0.59102958
19532	0.58600748
19533	0.58087742
19534	0.57570595
19535	0.57055348
19536	0.56547290
19537	0.56050855
19538	0.55569625
19539	0.55106318
19540	0.54662895
19541	0.54240596
19542	0.53840089
19543	0.53461516
19544	0.53104663
19545	0.52769053
19546	0.52454007
19547	0.52158719
19548	0.51882368
19549	0.51624107
19550	0.51383072
19551	0.51158392
19552	0.50949168
19553	0.50754386
19554	0.50572908
19555	0.50403398
19556	0.50244260
19557	0.50093591
19558	0.49949193
19559	0.49808514
19560	0.49668708
19561	0.49526668
19562	0.49379104
19563	0.49222633
19564	0.49053881
19565	0.48869637
19566	0.48666918
19567	0.48443145
19568	0.48196200
19569	0.47924519
19570	0.47627163
19571	0.47303861
19572	0.46955001
19573	0.46581674
19574	0.46185613
19575	0.45769206
19576	0.45335415
19577	0.44887733
19578	0.44430107
19579	0.43966845
19580	0.43502495
19581	0.43041736
19582	0.42589229
19583	0.42149469
19584	0.41726625
19585	0.41324410
19586	0.40945938
19587	0.40593615
19588	0.40269059
19589	0.39973059
19590	0.39705560
19591	0.39465699
19592	0.39251843
19593	0.39061701
19594	0.38892421
19595	0.38740674
19596	0.38602817
19597	0.38474968
19598	0.38353136
19599	0.38233295
19600	0.38111487
19601	0.37983885
19602	0.37846845
19603	0.37696990
19604	0.37531215
19605	0.37346765
19606	0.37141255
19607	0.36912704
19608	0.36659575
19609	0.36380795
19610	0.36075765
19611	0.35744393
19612	0.35387063
19613	0.35004684
19614	0.34598610
19615	0.34170660
19616	0.33723059
19617	0.33258396
19618	0.32779595
19619	0.32289818
19620	0.31792435
19621	0.31290939
19622	0.30788907
19623	0.30289912
19624	0.29797488
19625	0.29315069
19626	0.28845939
19627	0.28393221
19628	0.27959833
19629	0.27548471
19630	0.27161646
19631	0.26801628
19632	0.26470503
19633	0.26170188
19634	0.25902423
19635	0.25668779
19636	0.25470644
19637	0.25309187
19638	0.25185269
19639	0.25099358
19640	0.25051376
19641	0.25040543
19642	0.25065166
19643	0.25122479
19644	0.25208396
19645	0.25317383
19646	0.25442347
19647	0.25574619
19648	0.25704017
19649	0.25819096
19650	0.25907427
19651	0.25956061
19652	0.25952005
19653	0.25882700
19654	0.25736481
19655	0.25502881
19656	0.25172848
19657	0.24738701
19658	0.24193995
19659	0.23533155
19660	0.22751072
19661	0.21842511
19662	0.20801511
19663	0.19620760
19664	0.18290815
19665	0.16799396
19666	0.15130493
19667	0.13263382
19668	0.11171445
19669	0.08820654
19670	0.06167540
19671	0.03156424
19672	-0.00284562
19673	-0.04249475
19674	-0.08864073
19675	-0.14301361
19676	-0.20808887
19677	-0.28759974
19678	-0.38757032
19679	-0.51863885
19680	-0.70199889
19681	-0.98781967
19682	-1.53281045
19683	-3.21089697
19684	NaN
19685	NaN
19686	NaN
19687	NaN
19688	NaN
19689	NaN
19690	NaN
19691	NaN
19692	NaN
19693	NaN
19694	NaN
19695	NaN
19696	NaN
19697	NaN
19698	NaN
19699	NaN
19700	NaN
19701	NaN
19702	NaN
19703	NaN
19704	NaN
19705	NaN
19706	NaN
19707	NaN
19708	NaN
19709	NaN
19710	NaN
19711	NaN
19712	NaN
19713	NaN
19714	NaN
19715	NaN
19716	NaN
19717	NaN
19718	NaN
19719	NaN
19720	NaN
19721	NaN
19722	NaN
19723	NaN
19724	NaN
19725	NaN
19726	NaN
19727	NaN
19728	NaN
19729	NaN
19730	NaN
19731	NaN
19732	NaN
19733	NaN
19734	NaN
19735	NaN
19736	NaN
19737	NaN
19738	NaN
19739	NaN
19740	NaN
19741	NaN
19742	NaN
19743	NaN
19744	NaN
19745	NaN
19746	NaN
19747	NaN
19748	NaN
19749	NaN
19750	NaN
19751	NaN
19752	NaN
19753	NaN
19754	NaN
19755	NaN
19756	NaN
19757	NaN
19758	NaN
19759	NaN
19760	NaN
19761	NaN
19762	NaN
19763	NaN
19764	NaN
19765	NaN
19766	NaN
19767	NaN
19768	NaN
19769	NaN
19770	NaN
19771	NaN
19772	NaN
19773	NaN
19774	NaN
19775	NaN
19776	NaN
19777	NaN
19778	4.82213020
19779	1.36264145
19780	1.00877535
19781	0.87616330
19782	0.80798244
19783	0.76733333
19784	0.74099362
19785	0.72304517
19786	0.71043730
19787	0.70143473
19788	0.69497585
19789	0.69037354
19790	0.68716323
19791	0.68501914
19792	0.68370688
19793	0.68305367
19794	0.68292993
19795	0.68323696
19796	0.68389869
19797	0.68485540
19798	0.68605942
19799	0.68747121
19800	0.68905723
19801	0.69078666
19802	0.69262999
19803	0.69455695
19804	0.69653517
19805	0.69852865
19806	0.70049697
19807	0.70239460
19808	0.70417023
19809	0.70576698
19810	0.70712250
19811	0.70816994
19812	0.70883900
19813	0.70905787
19814	0.70875531
19815	0.70786369
19816	0.70632195
19817	0.70407921
19818	0.70109808
19819	0.69735885
19820	0.69286215
19821	0.68763149
19822	0.68171465
19823	0.67518425
19824	0.66813576
19825	0.66068572
19826	0.65296668
19827	0.64512289
19828	0.63730425
19829	0.62966019
19830	0.62233377
19831	0.61545676
19832	0.60914499
19833	0.60349488
19834	0.59858137
19835	0.59445649
19836	0.59114897
19837	0.58866483
19838	0.58698773
19839	0.58608127
19840	0.58588982
19841	0.58634090
19842	0.58734715
19843	0.58880866
19844	0.59061575
19845	0.59265137
19846	0.59479457
19847	0.59692359
19848	0.59891957
19849	0.60066974
19850	0.60207164
19851	0.60303569
19852	0.60348862
19853	0.60337508
19854	0.60265952
19855	0.60132599
19856	0.59937829
19857	0.59683758
19858	0.59374076
19859	0.59013742
19860	0.58608645
19861	0.58165312
19862	0.57690597
19863	0.57191378
19864	0.56674361
19865	0.56145895
19866	0.55611837
19867	0.55077511
19868	0.54547650
19869	0.54026419
19870	0.53517443
19871	0.53023839
19872	0.52548271
19873	0.52092987
19874	0.51659840
19875	0.51250321
19876	0.50865579
19877	0.50506377
19878	0.50173110
19879	0.49865746
19880	0.49583858
19881	0.49326563
19882	0.49092543
19883	0.48880056
19884	0.48686984
19885	0.48510855
19886	0.48348919
19887	0.48198205
19888	0.48055625
19889	0.47917986
19890	0.47782120
19891	0.47644910
19892	0.47503358
19893	0.47354636
19894	0.47196144
19895	0.47025549
19896	0.46840808
19897	0.46640226
19898	0.46422482
19899	0.46186644
19900	0.45932186
19901	0.45659018
19902	0.45367450
19903	0.45058241
19904	0.44732532
19905	0.44391873
19906	0.44038171
19907	0.43673658
19908	0.43300864
19909	0.42922562
19910	0.42541689
19911	0.42161286
19912	0.41784409
19913	0.41414019
19914	0.41052908
19915	0.40703541
19916	0.40368026
19917	0.40047967
19918	0.39744437
19919	0.39457905
19920	0.39188233
19921	0.38934666
19922	0.38695869
19923	0.38469964
19924	0.38254631
19925	0.38047147
19926	0.37844542
19927	0.37643659
19928	0.37441292
19929	0.37234277
19930	0.37019581
19931	0.36794376
19932	0.36556128
19933	0.36302614
19934	0.36031953
19935	0.35742643
19936	0.35433540
19937	0.35103893
19938	0.34753302
19939	0.34381762
19940	0.33989614
19941	0.33577603
19942	0.33146840
19943	0.32698816
19944	0.32235423
19945	0.31758919
19946	0.31271923
19947	0.30777383
19948	0.30278510
19949	0.29778716
19950	0.29281545
19951	0.28790566
19952	0.28309321
19953	0.27841216
19954	0.27389529
19955	0.26957291
19956	0.26547351
19957	0.26162317
19958	0.25804582
19959	0.25476357
19960	0.25179648
19961	0.24916278
19962	0.24687853
19963	0.24495795
19964	0.24341239
19965	0.24225032
19966	0.24147642
19967	0.24109085
19968	0.24108827
19969	0.24145660
19970	0.24217573
19971	0.24321614
19972	0.24453740
19973	0.24608660
19974	0.24779740
19975	0.24958900
19976	0.25136638
19977	0.25302076
19978	0.25443137
19979	0.25546864
19980	0.25599769
19981	0.25588322
19982	0.25499433
19983	0.25320962
19984	0.25042111
19985	0.24653737
19986	0.24148497
19987	0.23520800
19988	0.22766629
19989	0.21883148
19990	0.20868315
19991	0.19720295
19992	0.18436991
19993	0.17015526
19994	0.15451771
19995	0.13740072
19996	0.11872970
19997	0.09841118
19998	0.07633296
19999	0.05236603
20000	0.02636761
20001	-0.00181264
20002	-0.03232522
20003	-0.06531013
20004	-0.10088146
20005	-0.13910913
20006	-0.17999452
20007	-0.22344050
20008	-0.26921403
20009	-0.31690574
20010	-0.36587635
20011	-0.41520202
20012	-0.46359581
20013	-0.50928974
20014	-0.54973322
20015	-0.58065689
20016	-0.59172070
20017	-0.52803379
20018	NaN
20019	NaN
20020	NaN
20021	NaN
20022	NaN
20023	NaN
20024	NaN
20025	NaN
20026	NaN
20027	NaN
20028	NaN
20029	NaN
20030	NaN
20031	NaN
20032	NaN
20033	NaN
20034	NaN
20035	NaN
20036	NaN
20037	NaN
20038	NaN
20039	NaN
20040	NaN
20041	NaN
20042	NaN
20043	NaN
20044	NaN
20045	NaN
20046	NaN
20047	NaN
20048	NaN
20049	NaN
20050	NaN
20051	NaN
20052	NaN
20053	NaN
20054	NaN
20055	NaN
20056	NaN
20057	NaN
20058	NaN
20059	NaN
20060	NaN
20061	NaN
20062	NaN
20063	NaN
20064	NaN
20065	NaN
20066	NaN
20067	NaN
20068	NaN
20069	NaN
20070	NaN
20071	NaN
20072	NaN
20073	NaN
20074	NaN
20075	NaN
20076	NaN
20077	NaN
20078	NaN
20079	NaN
20080	NaN
20081	NaN
20082	NaN
20083	NaN
20084	NaN
20085	NaN
20086	NaN
20087	NaN
20088	NaN
20089	NaN
20090	NaN
20091	NaN
20092	NaN
20093	NaN
20094	NaN
20095	NaN
20096	NaN
20097	NaN
20098	NaN
20099	NaN
20100	NaN
20101	NaN
20102	NaN
20103	NaN
20104	NaN
20105	NaN
20106	2.73038769
20107	0.92162681
20108	0.79208469
20109	0.74613059
20110	0.72341454
20111	0.71038252
20112	0.70227540
20113	0.69698638
20114	0.69343656
20115	0.69101554
20116	0.68935257
20117	0.68821061
20118	0.68743265
20119	0.68691266
20120	0.68657786
20121	0.68637848
20122	0.68628073
20123	0.68626207
20124	0.68630791
20125	0.68640870
20126	0.68655854
20127	0.68675339
20128	0.68698955
20129	0.68726313
20130	0.68756884
20131	0.68789923
20132	0.68824428
20133	0.68859088
20134	0.68892246
20135	0.68921864
20136	0.68945527
20137	0.68960404
20138	0.68963265
20139	0.68950486
20140	0.68918103
20141	0.68861830
20142	0.68777156
20143	0.68659496
20144	0.68504286
20145	0.68307287
20146	0.68064731
20147	0.67773700
20148	0.67432368
20149	0.67040354
20150	0.66598922
20151	0.66111255
20152	0.65582466
20153	0.65019643
20154	0.64431626
20155	0.63828719
20156	0.63222283
20157	0.62624222
20158	0.62046432
20159	0.61500281
20160	0.60996097
20161	0.60542750
20162	0.60147363
20163	0.59815085
20164	0.59548986
20165	0.59350097
20166	0.59217417
20167	0.59148109
20168	0.59137619
20169	0.59179872
20170	0.59267521
20171	0.59392053
20172	0.59544104
20173	0.59713614
20174	0.59890062
20175	0.60062724
20176	0.60220909
20177	0.60354292
20178	0.60453171
20179	0.60508841
20180	0.60513878
20181	0.60462433
20182	0.60350537
20183	0.60176188
20184	0.59939492
20185	0.59642583
20186	0.59289485
20187	0.58885849
20188	0.58438575
20189	0.57955444
20190	0.57444668
20191	0.56914473
20192	0.56372780
20193	0.55826861
20194	0.55283177
20195	0.54747230
20196	0.54223526
20197	0.53715563
20198	0.53225958
20199	0.52756500
20200	0.52308303
20201	0.51881945
20202	0.51477599
20203	0.51095134
20204	0.50734234
20205	0.50394487
20206	0.50075406
20207	0.49776450
20208	0.49497044
20209	0.49236539
20210	0.48994166
20211	0.48768979
20212	0.48559844
20213	0.48365328
20214	0.48183706
20215	0.48012909
20216	0.47850537
20217	0.47693849
20218	0.47539818
20219	0.47385165
20220	0.47226459
20221	0.47060180
20222	0.46882838
20223	0.46691081
20224	0.46481785
20225	0.46252194
20226	0.45999989
20227	0.45723379
20228	0.45421174
20229	0.45092830
20230	0.44738466
20231	0.44358879
20232	0.43955538
20233	0.43530536
20234	0.43086600
20235	0.42626968
20236	0.42155379
20237	0.41675952
20238	0.41193110
20239	0.40711460
20240	0.40235665
20241	0.39770323
20242	0.39319810
20243	0.38888153
20244	0.38478887
20245	0.38094947
20246	0.37738562
20247	0.37411210
20248	0.37113532
20249	0.36845353
20250	0.36605701
20251	0.36392814
20252	0.36204243
20253	0.36036903
20254	0.35887197
20255	0.35751095
20256	0.35624287
20257	0.35502270
20258	0.35380495
20259	0.35254458
20260	0.35119823
20261	0.34972504
20262	0.34808758
20263	0.34625226
20264	0.34419012
20265	0.34187689
20266	0.33929348
20267	0.33642617
20268	0.33326665
20269	0.32981253
20270	0.32606697
20271	0.32203925
20272	0.31774440
20273	0.31320348
20274	0.30844301
20275	0.30349499
20276	0.29839599
20277	0.29318672
20278	0.28791094
20279	0.28261462
20280	0.27734473
20281	0.27214822
20282	0.26707125
20283	0.26215780
20284	0.25744927
20285	0.25298399
20286	0.24879666
20287	0.24491836
20288	0.24137636
20289	0.23819451
20290	0.23539314
20291	0.23298946
20292	0.23099758
20293	0.22942854
20294	0.22829005
20295	0.22758621
20296	0.22731654
20297	0.22747536
20298	0.22804981
20299	0.22901860
20300	0.23035036
20301	0.23200122
20302	0.23391366
20303	0.23601493
20304	0.23821689
20305	0.24041612
20306	0.24249601
20307	0.24432923
20308	0.24578241
20309	0.24672057
20310	0.24701330
20311	0.24653940
20312	0.24519217
20313	0.24288191
20314	0.23953816
20315	0.23510873
20316	0.22955771
20317	0.22286226
20318	0.21500751
20319	0.20598172
20320	0.19577096
20321	0.18435405
20322	0.17169765
20323	0.15775192
20324	0.14244662
20325	0.12568718
20326	0.10735112
20327	0.08728388
20328	0.06529474
20329	0.04115135
20330	0.01457346
20331	-0.01477605
20332	-0.04730427
20333	-0.08350800
20334	-0.12400807
20335	-0.16961136
20336	-0.22142851
20337	-0.28113094
20338	-0.35155016
20339	-0.43829206
20340	-0.55500877
20341	-0.74736267
20342	-1.31969130
20343	NaN
20344	NaN
20345	NaN
20346	NaN
20347	NaN
20348	NaN
20349	NaN
20350	NaN
20351	NaN
20352	NaN
20353	NaN
20354	NaN
20355	NaN
20356	NaN
20357	NaN
20358	NaN
20359	NaN
20360	NaN
20361	NaN
20362	NaN
20363	NaN
20364	NaN
20365	NaN
20366	NaN
20367	NaN
20368	NaN
20369	NaN
20370	NaN
20371	NaN
20372	NaN
20373	NaN
20374	NaN
20375	NaN
20376	NaN
20377	NaN
20378	NaN
20379	NaN
20380	NaN
20381	NaN
20382	NaN
20383	NaN
20384	NaN
20385	NaN
20386	NaN
20387	NaN
20388	NaN
20389	NaN
20390	NaN
20391	NaN
20392	NaN
20393	NaN
20394	NaN
20395	NaN
20396	NaN
20397	NaN
20398	NaN
20399	NaN
20400	NaN
20401	NaN
20402	NaN
20403	NaN
20404	NaN
20405	NaN
20406	NaN
20407	NaN
20408	NaN
20409	NaN
20410	NaN
20411	NaN
20412	NaN
20413	NaN
20414	NaN
20415	NaN
20416	NaN
20417	NaN
20418	NaN
20419	NaN
20420	NaN
20421	NaN
20422	NaN
20423	NaN
20424	NaN
20425	NaN
20426	NaN
20427	NaN
20428	NaN
20429	NaN
20430	NaN
20431	NaN
20432	4.18040895
20433	1.15059423
20434	0.91513562
20435	0.82740551
20436	0.78143007
20437	0.75323433
20438	0.73436058
20439	0.72104579
20440	0.71134889
20441	0.70415902
20442	0.69878900
20443	0.69478619
20444	0.69183785
20445	0.68971926
20446	0.68826348
20447	0.68734354
20448	0.68686122
20449	0.68673933
20450	0.68691671
20451	0.68734443
20452	0.68798351
20453	0.68880218
20454	0.68977410
20455	0.69087702
20456	0.69209057
20457	0.69339544
20458	0.69477159
20459	0.69619679
20460	0.69764590
20461	0.69908893
20462	0.70049107
20463	0.70181108
20464	0.70300150
20465	0.70400834
20466	0.70477146
20467	0.70522571
20468	0.70530212
20469	0.70493019
20470	0.70404053
20471	0.70256823
20472	0.70045602
20473	0.69765896
20474	0.69414765
20475	0.68991244
20476	0.68496597
20477	0.67934567
20478	0.67311424
20479	0.66635883
20480	0.65918869
20481	0.65173137
20482	0.64412773
20483	0.63652593
20484	0.62907511
20485	0.62191927
20486	0.61519170
20487	0.60901004
20488	0.60347253
20489	0.59865546
20490	0.59461176
20491	0.59137028
20492	0.58893603
20493	0.58729154
20494	0.58639801
20495	0.58619720
20496	0.58661366
20497	0.58755720
20498	0.58892536
20499	0.59060657
20500	0.59248269
20501	0.59443277
20502	0.59633607
20503	0.59807575
20504	0.59954190
20505	0.60063529
20506	0.60127020
20507	0.60137665
20508	0.60090292
20509	0.59981620
20510	0.59810323
20511	0.59576964
20512	0.59283847
20513	0.58934838
20514	0.58535081
20515	0.58090687
20516	0.57608449
20517	0.57095516
20518	0.56559145
20519	0.56006444
20520	0.55444199
20521	0.54878753
20522	0.54315883
20523	0.53760761
20524	0.53217947
20525	0.52691400
20526	0.52184469
20527	0.51699972
20528	0.51240164
20529	0.50806844
20530	0.50401294
20531	0.50024348
20532	0.49676359
20533	0.49357218
20534	0.49066344
20535	0.48802653
20536	0.48564616
20537	0.48350224
20538	0.48157075
20539	0.47982377
20540	0.47823027
20541	0.47675714
20542	0.47536978
20543	0.47403318
20544	0.47271284
20545	0.47137529
20546	0.46998912
20547	0.46852535
20548	0.46695766
20549	0.46526277
20550	0.46342051
20551	0.46141407
20552	0.45922968
20553	0.45685717
20554	0.45428967
20555	0.45152411
20556	0.44856101
20557	0.44540513
20558	0.44206545
20559	0.43855518
20560	0.43489218
20561	0.43109849
20562	0.42720050
20563	0.42322835
20564	0.41921553
20565	0.41519809
20566	0.41121370
20567	0.40730059
20568	0.40349647
20569	0.39983699
20570	0.39635456
20571	0.39307687
20572	0.39002582
20573	0.38721627
20574	0.38465542
20575	0.38234201
20576	0.38026649
20577	0.37841091
20578	0.37674978
20579	0.37525085
20580	0.37387621
20581	0.37258393
20582	0.37132943
20583	0.37006712
20584	0.36875194
20585	0.36734077
20586	0.36579365
20587	0.36407480
20588	0.36215338
20589	0.36000392
20590	0.35760692
20591	0.35494849
20592	0.35202065
20593	0.34882101
20594	0.34535268
20595	0.34162378
20596	0.33764744
20597	0.33344141
20598	0.32902786
20599	0.32443294
20600	0.31968638
20601	0.31482115
20602	0.30987290
20603	0.30487901
20604	0.29987818
20605	0.29490966
20606	0.29001227
20607	0.28522399
20608	0.28058115
20609	0.27611816
20610	0.27186689
20611	0.26785666
20612	0.26411381
20613	0.26066196
20614	0.25752175
20615	0.25471112
20616	0.25224537
20617	0.25013718
20618	0.24839687
20619	0.24703227
20620	0.24604844
20621	0.24544792
20622	0.24522975
20623	0.24538890
20624	0.24591522
20625	0.24679208
20626	0.24799541
20627	0.24949174
20628	0.25123742
20629	0.25317711
20630	0.25524342
20631	0.25735649
20632	0.25942466
20633	0.26134548
20634	0.26300749
20635	0.26429284
20636	0.26507980
20637	0.26524627
20638	0.26467294
20639	0.26324624
20640	0.26086089
20641	0.25742194
20642	0.25284582
20643	0.24706012
20644	0.24000330
20645	0.23162271
20646	0.22187220
20647	0.21070942
20648	0.19809286
20649	0.18397850
20650	0.16831754
20651	0.15105426
20652	0.13212486
20653	0.11145796
20654	0.08897617
20655	0.06459932
20656	0.03825063
20657	0.00986401
20658	-0.02060493
20659	-0.05316580
20660	-0.08777601
20661	-0.12432106
20662	-0.16259001
20663	-0.20224947
20664	-0.24281453
20665	-0.28362241
20666	-0.32380635
20667	-0.36228186
20668	-0.39773709
20669	-0.42862526
20670	-0.45313156
20671	-0.46898773
20672	-0.47275227
20673	-0.45652646
20674	-0.38372982
20675	NaN
20676	NaN
20677	NaN
20678	NaN
20679	NaN
20680	NaN
20681	NaN
20682	NaN
20683	NaN
20684	NaN
20685	NaN
20686	NaN
20687	NaN
20688	NaN
20689	NaN
20690	NaN
20691	NaN
20692	NaN
20693	NaN
20694	NaN
20695	NaN
20696	NaN
20697	NaN
20698	NaN
20699	NaN
20700	NaN
20701	NaN
20702	NaN
20703	NaN
20704	NaN
20705	NaN
20706	NaN
20707	NaN
20708	NaN
20709	NaN
20710	NaN
20711	NaN
20712	NaN
20713	NaN
20714	NaN
20715	NaN
20716	NaN
20717	NaN
20718	NaN
20719	NaN
20720	NaN
20721	NaN
20722	NaN
20723	NaN
20724	NaN
20725	NaN
20726	NaN
20727	NaN
20728	NaN
20729	NaN
20730	NaN
20731	NaN
20732	NaN
20733	NaN
20734	NaN
20735	NaN
20736	NaN
20737	NaN
20738	NaN
20739	NaN
20740	NaN
20741	NaN
20742	NaN
20743	NaN
20744	NaN
20745	NaN
20746	NaN
20747	NaN
20748	NaN
20749	NaN
20750	NaN
20751	NaN
20752	NaN
20753	NaN
20754	NaN
20755	NaN
20756	NaN
20757	NaN
20758	NaN
20759	NaN
20760	NaN
20761	1.56438696
20762	1.01052272
20763	0.87042350
20764	0.80815601
20765	0.77391666
20766	0.75286967
20767	0.73903650
20768	0.72954196
20769	0.72283119
20770	0.71798944
20771	0.71444434
20772	0.71182066
20773	0.70986354
20774	0.70839596
20775	0.70729244
20776	0.70646346
20777	0.70584536
20778	0.70539260
20779	0.70507324
20780	0.70486498
20781	0.70475250
20782	0.70472521
20783	0.70477498
20784	0.70489526
20785	0.70507878
20786	0.70531708
20787	0.70559889
20788	0.70590907
20789	0.70622820
20790	0.70653147
20791	0.70678854
20792	0.70696259
20793	0.70701075
20794	0.70688409
20795	0.70652789
20796	0.70588279
20797	0.70488626
20798	0.70347470
20799	0.70158589
20800	0.69916284
20801	0.69615757
20802	0.69253540
20803	0.68827933
20804	0.68339431
20805	0.67791027
20806	0.67188388
20807	0.66539866
20808	0.65856272
20809	0.65150523
20810	0.64437026
20811	0.63730997
20812	0.63047731
20813	0.62401837
20814	0.61806595
20815	0.61273414
20816	0.60811442
20817	0.60427338
20818	0.60125136
20819	0.59906316
20820	0.59769893
20821	0.59712589
20822	0.59729052
20823	0.59812075
20824	0.59952819
20825	0.60141063
20826	0.60365421
20827	0.60613590
20828	0.60872620
20829	0.61129165
20830	0.61369872
20831	0.61581683
20832	0.61752313
20833	0.61870646
20834	0.61927181
20835	0.61914498
20836	0.61827499
20837	0.61663789
20838	0.61423671
20839	0.61110151
20840	0.60728687
20841	0.60286844
20842	0.59793836
20843	0.59259945
20844	0.58695978
20845	0.58112735
20846	0.57520503
20847	0.56928742
20848	0.56345719
20849	0.55778408
20850	0.55232382
20851	0.54711825
20852	0.54219598
20853	0.53757375
20854	0.53325784
20855	0.52924609
20856	0.52552885
20857	0.52209169
20858	0.51891613
20859	0.51598167
20860	0.51326627
20861	0.51074815
20862	0.50840569
20863	0.50621855
20864	0.50416762
20865	0.50223500
20866	0.50040412
20867	0.49865928
20868	0.49698523
20869	0.49536672
20870	0.49378783
20871	0.49223176
20872	0.49068022
20873	0.48911342
20874	0.48751003
20875	0.48584715
20876	0.48410118
20877	0.48224801
20878	0.48026407
20879	0.47812697
20880	0.47581652
20881	0.47331548
20882	0.47061032
20883	0.46769205
20884	0.46455660
20885	0.46120545
20886	0.45764577
20887	0.45389089
20888	0.44995993
20889	0.44587782
20890	0.44167465
20891	0.43738553
20892	0.43304917
20893	0.42870715
20894	0.42440253
20895	0.42017844
20896	0.41607639
20897	0.41213495
20898	0.40838805
20899	0.40486374
20900	0.40158299
20901	0.39855897
20902	0.39579657
20903	0.39329216
20904	0.39103395
20905	0.38900256
20906	0.38717169
20907	0.38550916
20908	0.38397816
20909	0.38253835
20910	0.38114700
20911	0.37976041
20912	0.37833461
20913	0.37682682
20914	0.37519604
20915	0.37340394
20916	0.37141562
20917	0.36920023
20918	0.36673158
20919	0.36398867
20920	0.36095601
20921	0.35762423
20922	0.35399026
20923	0.35005766
20924	0.34583682
20925	0.34134480
20926	0.33660501
20927	0.33164710
20928	0.32650593
20929	0.32122082
20930	0.31583449
20931	0.31039193
20932	0.30493903
20933	0.29952160
20934	0.29418418
20935	0.28896916
20936	0.28391623
20937	0.27906165
20938	0.27443811
20939	0.27007455
20940	0.26599586
20941	0.26222351
20942	0.25877494
20943	0.25566450
20944	0.25290295
20945	0.25049812
20946	0.24845475
20947	0.24677467
20948	0.24545681
20949	0.24449670
20950	0.24388599
20951	0.24361150
20952	0.24365453
20953	0.24398877
20954	0.24457915
20955	0.24538025
20956	0.24633473
20957	0.24737243
20958	0.24841028
20959	0.24935280
20960	0.25009376
20961	0.25051939
20962	0.25051206
20963	0.24995509
20964	0.24873796
20965	0.24676095
20966	0.24393982
20967	0.24020836
20968	0.23552036
20969	0.22984914
20970	0.22318594
20971	0.21553716
20972	0.20692037
20973	0.19736061
20974	0.18688627
20975	0.17552622
20976	0.16330755
20977	0.15025422
20978	0.13638748
20979	0.12172728
20980	0.10629551
20981	0.09012058
20982	0.07324423
20983	0.05573053
20984	0.03767692
20985	0.01922858
20986	0.00059641
20987	-0.01792237
20988	-0.03591966
20989	-0.05285116
20990	-0.06801090
20991	-0.08051072
20992	-0.08926899
20993	-0.09301644
20994	-0.09032004
20995	-0.07963007
20996	-0.05933947
20997	-0.02783211
20998	0.01651590
20999	0.07544756
21000	0.15113610
21001	0.24687034
21002	0.36846006
21003	0.52730983
21004	0.74811733
21005	1.09257269
21006	1.76048672
21007	3.92457938
21008	NaN
21009	NaN
21010	NaN
21011	NaN
21012	NaN
21013	NaN
21014	NaN
21015	NaN
21016	NaN
21017	NaN
21018	NaN
21019	NaN
21020	NaN
21021	NaN
21022	NaN
21023	NaN
21024	NaN
21025	NaN
21026	NaN
21027	NaN
21028	NaN
21029	NaN
21030	NaN
21031	NaN
21032	NaN
21033	NaN
21034	NaN
21035	NaN
21036	NaN
21037	NaN
21038	NaN
21039	NaN
21040	NaN
21041	NaN
21042	NaN
21043	NaN
21044	NaN
21045	NaN
21046	NaN
21047	NaN
21048	NaN
21049	NaN
21050	NaN
21051	NaN
21052	NaN
21053	NaN
21054	NaN
21055	NaN
21056	NaN
21057	NaN
21058	NaN
21059	NaN
21060	NaN
21061	NaN
21062	NaN
21063	NaN
21064	NaN
21065	NaN
21066	NaN
21067	NaN
21068	NaN
21069	NaN
21070	NaN
21071	NaN
21072	NaN
21073	NaN
21074	NaN
21075	NaN
21076	NaN
21077	NaN
21078	NaN
21079	NaN
21080	NaN
21081	NaN
21082	NaN
21083	NaN
21084	NaN
21085	NaN
21086	NaN
21087	NaN
21088	NaN
21089	NaN
21090	NaN
21091	NaN
21092	NaN
21093	NaN
21094	0.92859632
21095	0.77155286
21096	0.72058320
21097	0.69748890
21098	0.68576270
21099	0.67975444
21100	0.67699230
21101	0.67621481
21102	0.67670596
21103	0.67802626
21104	0.67989039
21105	0.68210524
21106	0.68453640
21107	0.68708932
21108	0.68969661
21109	0.69231093
21110	0.69489950
21111	0.69744027
21112	0.69991863
21113	0.70232564
21114	0.70465523
21115	0.70690328
21116	0.70906562
21117	0.71113658
21118	0.71310824
21119	0.71496910
21120	0.71670312
21121	0.71828949
21122	0.71970171
21123	0.72090799
21124	0.72187072
21125	0.72254747
21126	0.72289127
21127	0.72285187
21128	0.72237772
21129	0.72141725
21130	0.71992195
21131	0.71784848
21132	0.71516216
21133	0.71183932
21134	0.70787096
21135	0.70326483
21136	0.69804758
21137	0.69226593
21138	0.68598664
21139	0.67929542
21140	0.67229450
21141	0.66509950
21142	0.65783507
21143	0.65062976
21144	0.64361161
21145	0.63690299
21146	0.63061631
21147	0.62485051
21148	0.61968821
21149	0.61519384
21150	0.61141241
21151	0.60836911
21152	0.60606974
21153	0.60450095
21154	0.60363185
21155	0.60341448
21156	0.60378593
21157	0.60466939
21158	0.60597658
21159	0.60760909
21160	0.60946107
21161	0.61142182
21162	0.61337841
21163	0.61521906
21164	0.61683643
21165	0.61813086
21166	0.61901414
21167	0.61941200
21168	0.61926699
21169	0.61853999
21170	0.61721122
21171	0.61528015
21172	0.61276436
21173	0.60969770
21174	0.60612744
21175	0.60211152
21176	0.59771508
21177	0.59300733
21178	0.58805847
21179	0.58293736
21180	0.57770932
21181	0.57243454
21182	0.56716764
21183	0.56195647
21184	0.55684268
21185	0.55186164
21186	0.54704273
21187	0.54240996
21188	0.53798282
21189	0.53377616
21190	0.52980113
21191	0.52606511
21192	0.52257240
21193	0.51932377
21194	0.51631665
21195	0.51354533
21196	0.51100057
21197	0.50866967
21198	0.50653660
21199	0.50458193
21200	0.50278288
21201	0.50111413
21202	0.49954742
21203	0.49805260
21204	0.49659789
21205	0.49515060
21206	0.49367768
21207	0.49214667
21208	0.49052623
21209	0.48878691
21210	0.48690182
21211	0.48484734
21212	0.48260373
21213	0.48015529
21214	0.47749120
21215	0.47460526
21216	0.47149658
21217	0.46816930
21218	0.46463248
21219	0.46090019
21220	0.45699137
21221	0.45292917
21222	0.44874099
21223	0.44445759
21224	0.44011286
21225	0.43574262
21226	0.43138403
21227	0.42707452
21228	0.42285043
21229	0.41874599
21230	0.41479197
21231	0.41101462
21232	0.40743485
21233	0.40406725
21234	0.40091977
21235	0.39799345
21236	0.39528257
21237	0.39277512
21238	0.39045322
21239	0.38829395
21240	0.38627046
21241	0.38435274
21242	0.38250875
21243	0.38070545
21244	0.37890956
21245	0.37708837
21246	0.37521058
21247	0.37324691
21248	0.37117022
21249	0.36895624
21250	0.36658370
21251	0.36403456
21252	0.36129424
21253	0.35835177
21254	0.35520005
21255	0.35183585
21256	0.34826013
21257	0.34447807
21258	0.34049892
21259	0.33633611
21260	0.33200696
21261	0.32753250
21262	0.32293698
21263	0.31824717
21264	0.31349194
21265	0.30870169
21266	0.30390748
21267	0.29914081
21268	0.29443282
21269	0.28981435
21270	0.28531530
21271	0.28096494
21272	0.27679139
21273	0.27282208
21274	0.26908317
21275	0.26560000
21276	0.26239657
21277	0.25949541
21278	0.25691727
21279	0.25468096
21280	0.25280237
21281	0.25129443
21282	0.25016603
21283	0.24942143
21284	0.24905942
21285	0.24907206
21286	0.24944369
21287	0.25014937
21288	0.25115386
21289	0.25241011
21290	0.25385845
21291	0.25542617
21292	0.25702736
21293	0.25856447
21294	0.25992978
21295	0.26100853
21296	0.26168245
21297	0.26183388
21298	0.26134956
21299	0.26012453
21300	0.25806469
21301	0.25508845
21302	0.25112769
21303	0.24612671
21304	0.24004078
21305	0.23283374
21306	0.22447580
21307	0.21494053
21308	0.20420353
21309	0.19224039
21310	0.17902732
21311	0.16454175
21312	0.14876507
21313	0.13168678
21314	0.11331037
21315	0.09366160
21316	0.07279851
21317	0.05082392
21318	0.02790019
21319	0.00426652
21320	-0.01974291
21321	-0.04367780
21322	-0.06695149
21323	-0.08881941
21324	-0.10835876
21325	-0.12444495
21326	-0.13572006
21327	-0.14053485
21328	-0.13683203
21329	-0.12189279
21330	-0.09178329
21331	-0.04006686
21332	0.04545884
21333	0.19247945
21334	0.48206410
21335	1.29849231
21336	NaN
21337	NaN
21338	NaN
21339	NaN
21340	NaN
21341	NaN
21342	NaN
21343	NaN
21344	NaN
21345	NaN
21346	NaN
21347	NaN
21348	NaN
21349	NaN
21350	NaN
21351	NaN
21352	NaN
21353	NaN
21354	NaN
21355	NaN
21356	NaN
21357	NaN
21358	NaN
21359	NaN
21360	NaN
21361	NaN
21362	NaN
21363	NaN
21364	NaN
21365	NaN
21366	NaN
21367	NaN
21368	NaN
21369	NaN
21370	NaN
21371	NaN
21372	NaN
21373	NaN
21374	NaN
21375	NaN
21376	NaN
21377	NaN
21378	NaN
21379	NaN
21380	NaN
21381	NaN
21382	NaN
21383	NaN
21384	NaN
21385	NaN
21386	NaN
21387	NaN
21388	NaN
21389	NaN
21390	NaN
21391	NaN
21392	NaN
21393	NaN
21394	NaN
21395	NaN
21396	NaN
21397	NaN
21398	NaN
21399	NaN
21400	NaN
21401	NaN
21402	NaN
21403	NaN
21404	NaN
21405	NaN
21406	NaN
21407	NaN
21408	NaN
21409	NaN
21410	NaN
21411	NaN
21412	NaN
21413	NaN
21414	NaN
21415	NaN
21416	NaN
21417	NaN
21418	NaN
21419	NaN
21420	NaN
21421	NaN
21422	NaN
21423	NaN
21424	NaN
21425	0.95133924
21426	0.80341917
21427	0.76092970
21428	0.74122703
21429	0.73013490
21430	0.72319663
21431	0.71855950
21432	0.71531373
21433	0.71295971
21434	0.71120131
21435	0.70985299
21436	0.70879412
21437	0.70794439
21438	0.70725006
21439	0.70667511
21440	0.70619595
21441	0.70579809
21442	0.70547312
21443	0.70521736
21444	0.70503008
21445	0.70491230
21446	0.70486581
21447	0.70489222
21448	0.70499194
21449	0.70516336
21450	0.70540172
21451	0.70569885
21452	0.70604193
21453	0.70641309
21454	0.70678878
21455	0.70713943
21456	0.70742887
21457	0.70761430
21458	0.70764685
21459	0.70747155
21460	0.70702845
21461	0.70625460
21462	0.70508564
21463	0.70345891
21464	0.70131695
21465	0.69861120
21466	0.69530642
21467	0.69138509
21468	0.68685102
21469	0.68173265
21470	0.67608440
21471	0.66998678
21472	0.66354442
21473	0.65688205
21474	0.65013933
21475	0.64346379
21476	0.63700414
21477	0.63090277
21478	0.62528968
21479	0.62027717
21480	0.61595589
21481	0.61239249
21482	0.60962826
21483	0.60767955
21484	0.60653812
21485	0.60617286
21486	0.60653174
21487	0.60754371
21488	0.60912043
21489	0.61115885
21490	0.61354357
21491	0.61614847
21492	0.61884058
21493	0.62148196
21494	0.62393403
21495	0.62606114
21496	0.62773502
21497	0.62883955
21498	0.62927526
21499	0.62896413
21500	0.62785316
21501	0.62591696
21502	0.62315923
21503	0.61961204
21504	0.61533386
21505	0.61040545
21506	0.60492510
21507	0.59900272
21508	0.59275389
21509	0.58629364
21510	0.57973206
21511	0.57316977
21512	0.56669527
21513	0.56038290
21514	0.55429280
21515	0.54847032
21516	0.54294783
21517	0.53774577
21518	0.53287446
21519	0.52833599
21520	0.52412629
21521	0.52023649
21522	0.51665467
21523	0.51336706
21524	0.51035851
21525	0.50761366
21526	0.50511688
21527	0.50285214
21528	0.50080305
21529	0.49895257
21530	0.49728251
21531	0.49577302
21532	0.49440223
21533	0.49314609
21534	0.49197790
21535	0.49086851
21536	0.48978618
21537	0.48869714
21538	0.48756623
21539	0.48635727
21540	0.48503417
21541	0.48356178
21542	0.48190698
21543	0.48003972
21544	0.47793370
21545	0.47556764
21546	0.47292560
21547	0.46999776
21548	0.46678078
21549	0.46327814
21550	0.45950019
21551	0.45546407
21552	0.45119369
21553	0.44671926
21554	0.44207689
21555	0.43730757
21556	0.43245670
21557	0.42757249
21558	0.42270479
21559	0.41790354
21560	0.41321743
21561	0.40869191
21562	0.40436798
21563	0.40028071
21564	0.39645803
21565	0.39291990
21566	0.38967782
21567	0.38673455
21568	0.38408425
21569	0.38171309
21570	0.37959987
21571	0.37771699
21572	0.37603182
21573	0.37450752
21574	0.37310472
21575	0.37178230
21576	0.37049881
21577	0.36921319
21578	0.36788559
21579	0.36647794
21580	0.36495459
21581	0.36328241
21582	0.36143130
21583	0.35937446
21584	0.35708866
21585	0.35455462
21586	0.35175771
21587	0.34868801
21588	0.34534124
21589	0.34171912
21590	0.33782965
21591	0.33368760
21592	0.32931441
21593	0.32473803
21594	0.31999254
21595	0.31511718
21596	0.31015551
21597	0.30515385
21598	0.30016029
21599	0.29522285
21600	0.29038841
21601	0.28570166
21602	0.28120390
21603	0.27693287
21604	0.27292237
21605	0.26920235
21606	0.26579919
21607	0.26273629
21608	0.26003426
21609	0.25771174
21610	0.25578535
21611	0.25426993
21612	0.25317809
21613	0.25251991
21614	0.25230160
21615	0.25252420
21616	0.25318137
21617	0.25425759
21618	0.25572509
21619	0.25754133
21620	0.25964651
21621	0.26196119
21622	0.26438537
21623	0.26679802
21624	0.26905891
21625	0.27101225
21626	0.27249214
21627	0.27332950
21628	0.27336100
21629	0.27243733
21630	0.27043122
21631	0.26724309
21632	0.26280481
21633	0.25707945
21634	0.25005880
21635	0.24175806
21636	0.23220889
21637	0.22145157
21638	0.20952800
21639	0.19647436
21640	0.18231644
21641	0.16706541
21642	0.15071627
21643	0.13324754
21644	0.11462317
21645	0.09479678
21646	0.07371750
21647	0.05134026
21648	0.02763949
21649	0.00262896
21650	-0.02361022
21651	-0.05089001
21652	-0.07886254
21653	-0.10694538
21654	-0.13422444
21655	-0.15932468
21656	-0.18024439
21657	-0.19414699
21658	-0.19709693
21659	-0.18370703
21660	-0.14661984
21661	-0.07557202
21662	0.04462689
21663	0.23911850
21664	0.55730253
21665	1.12211931
21666	2.37191796
21667	NaN
21668	NaN
21669	NaN
21670	NaN
21671	NaN
21672	NaN
21673	NaN
21674	NaN
21675	NaN
21676	NaN
21677	NaN
21678	NaN
21679	NaN
21680	NaN
21681	NaN
21682	NaN
21683	NaN
21684	NaN
21685	NaN
21686	NaN
21687	NaN
21688	NaN
21689	NaN
21690	NaN
21691	NaN
21692	NaN
21693	NaN
21694	NaN
21695	NaN
21696	NaN
21697	NaN
21698	NaN
21699	NaN
21700	NaN
21701	NaN
21702	NaN
21703	NaN
21704	NaN
21705	NaN
21706	NaN
21707	NaN
21708	NaN
21709	NaN
21710	NaN
21711	NaN
21712	NaN
21713	NaN
21714	NaN
21715	NaN
21716	NaN
21717	NaN
21718	NaN
21719	NaN
21720	NaN
21721	NaN
21722	NaN
21723	NaN
21724	NaN
21725	NaN
21726	NaN
21727	NaN
21728	NaN
21729	NaN
21730	NaN
21731	NaN
21732	NaN
21733	NaN
21734	NaN
21735	NaN
21736	NaN
21737	NaN
21738	NaN
21739	NaN
21740	NaN
21741	NaN
21742	NaN
21743	NaN
21744	NaN
21745	NaN
21746	NaN
21747	NaN
21748	NaN
21749	NaN
21750	NaN
21751	NaN
21752	NaN
21753	NaN
21754	NaN
21755	NaN
21756	1.51451635
21757	1.04566658
21758	0.89634681
21759	0.82460183
21760	0.78363913
21761	0.75804317
21762	0.74123049
21763	0.72990346
21764	0.72221881
21765	0.71705997
21766	0.71370792
21767	0.71167707
21768	0.71062738
21769	0.71031356
21770	0.71055508
21771	0.71121699
21772	0.71219695
21773	0.71341693
21774	0.71481645
21775	0.71634805
21776	0.71797371
21777	0.71966153
21778	0.72138369
21779	0.72311407
21780	0.72482687
21781	0.72649461
21782	0.72808754
21783	0.72957236
21784	0.73091143
21785	0.73206228
21786	0.73297739
21787	0.73360443
21788	0.73388624
21789	0.73376238
21790	0.73317009
21791	0.73204654
21792	0.73033142
21793	0.72796965
21794	0.72491550
21795	0.72113574
21796	0.71661383
21797	0.71135312
21798	0.70537978
21799	0.69874483
21800	0.69152397
21801	0.68381709
21802	0.67574561
21803	0.66744787
21804	0.65907449
21805	0.65078151
21806	0.64272422
21807	0.63505113
21808	0.62789774
21809	0.62138212
21810	0.61560142
21811	0.61062962
21812	0.60651612
21813	0.60328579
21814	0.60093987
21815	0.59945685
21816	0.59879464
21817	0.59889221
21818	0.59967172
21819	0.60104090
21820	0.60289508
21821	0.60511976
21822	0.60759324
21823	0.61018914
21824	0.61277986
21825	0.61523950
21826	0.61744767
21827	0.61929280
21828	0.62067550
21829	0.62151194
21830	0.62173617
21831	0.62130207
21832	0.62018442
21833	0.61837888
21834	0.61590123
21835	0.61278540
21836	0.60908073
21837	0.60484952
21838	0.60016292
21839	0.59509784
21840	0.58973366
21841	0.58414930
21842	0.57842058
21843	0.57261854
21844	0.56680804
21845	0.56104666
21846	0.55538458
21847	0.54986441
21848	0.54452163
21849	0.53938502
21850	0.53447747
21851	0.52981657
21852	0.52541542
21853	0.52128309
21854	0.51742548
21855	0.51384526
21856	0.51054209
21857	0.50751299
21858	0.50475174
21859	0.50224900
21860	0.49999192
21861	0.49796385
21862	0.49614435
21863	0.49450916
21864	0.49303031
21865	0.49167660
21866	0.49041423
21867	0.48920771
21868	0.48802045
21869	0.48681590
21870	0.48555860
21871	0.48421469
21872	0.48275310
21873	0.48114601
21874	0.47936928
21875	0.47740316
21876	0.47523260
21877	0.47284734
21878	0.47024220
21879	0.46741727
21880	0.46437806
21881	0.46113533
21882	0.45770508
21883	0.45410845
21884	0.45037144
21885	0.44652429
21886	0.44260100
21887	0.43863839
21888	0.43467516
21889	0.43075064
21890	0.42690343
21891	0.42317042
21892	0.41958481
21893	0.41617551
21894	0.41296583
21895	0.40997246
21896	0.40720525
21897	0.40466663
21898	0.40235171
21899	0.40024850
21900	0.39833844
21901	0.39659697
21902	0.39499447
21903	0.39349717
21904	0.39206809
21905	0.39066815
21906	0.38925722
21907	0.38779506
21908	0.38624239
21909	0.38456154
21910	0.38271755
21911	0.38067874
21912	0.37841725
21913	0.37591004
21914	0.37313902
21915	0.37009183
21916	0.36676201
21917	0.36314937
21918	0.35926017
21919	0.35510701
21920	0.35070860
21921	0.34608960
21922	0.34127980
21923	0.33631361
21924	0.33122903
21925	0.32606715
21926	0.32087055
21927	0.31568271
21928	0.31054685
21929	0.30550486
21930	0.30059659
21931	0.29585871
21932	0.29132444
21933	0.28702268
21934	0.28297794
21935	0.27921042
21936	0.27573568
21937	0.27256545
21938	0.26970777
21939	0.26716757
21940	0.26494721
21941	0.26304683
21942	0.26146448
21943	0.26019633
21944	0.25923613
21945	0.25857472
21946	0.25819895
21947	0.25809085
21948	0.25822580
21949	0.25857177
21950	0.25908741
21951	0.25972161
21952	0.26041254
21953	0.26108810
21954	0.26166654
21955	0.26205832
21956	0.26216829
21957	0.26189902
21958	0.26115400
21959	0.25984135
21960	0.25787690
21961	0.25518677
21962	0.25170887
21963	0.24739319
21964	0.24220128
21965	0.23610419
21966	0.22908004
21967	0.22111128
21968	0.21218164
21969	0.20227359
21970	0.19136588
21971	0.17943251
21972	0.16644122
21973	0.15235411
21974	0.13712777
21975	0.12071594
21976	0.10307159
21977	0.08415150
21978	0.06392209
21979	0.04236821
21980	0.01950373
21981	-0.00461410
21982	-0.02986591
21983	-0.05604793
21984	-0.08284487
21985	-0.10979964
21986	-0.13628100
21987	-0.16145380
21988	-0.18425287
21989	-0.20336610
21990	-0.21723168
21991	-0.22403379
21992	-0.22168836
21993	-0.20776293
21994	-0.17922780
21995	-0.13180433
21996	-0.05832051
21997	0.05578249
21998	0.24704389
21999	0.64062345
22000	NaN
22001	NaN
22002	NaN
22003	NaN
22004	NaN
22005	NaN
22006	NaN
22007	NaN
22008	NaN
22009	NaN
22010	NaN
22011	NaN
22012	NaN
22013	NaN
22014	NaN
22015	NaN
22016	NaN
22017	NaN
22018	NaN
22019	NaN
22020	NaN
22021	NaN
22022	NaN
22023	NaN
22024	NaN
22025	NaN
22026	NaN
22027	NaN
22028	NaN
22029	NaN
22030	NaN
22031	NaN
22032	NaN
22033	NaN
22034	NaN
22035	NaN
22036	NaN
22037	NaN
22038	NaN
22039	NaN
22040	NaN
22041	NaN
22042	NaN
22043	NaN
22044	NaN
22045	NaN
22046	NaN
22047	NaN
22048	NaN
22049	NaN
22050	NaN
22051	NaN
22052	NaN
22053	NaN
22054	NaN
22055	NaN
22056	NaN
22057	NaN
22058	NaN
22059	NaN
22060	NaN
22061	NaN
22062	NaN
22063	NaN
22064	NaN
22065	NaN
22066	NaN
22067	NaN
22068	NaN
22069	NaN
22070	NaN
22071	NaN
22072	NaN
22073	NaN
22074	NaN
22075	NaN
22076	NaN
22077	NaN
22078	NaN
22079	NaN
22080	NaN
22081	NaN
22082	NaN
22083	NaN
22084	NaN
22085	NaN
22086	NaN
22087	NaN
22088	NaN
22089	NaN
22090	1.57728899
22091	0.86637300
22092	0.78039199
22093	0.74784607
22094	0.73109663
22095	0.72102833
22096	0.71434551
22097	0.70957679
22098	0.70597184
22099	0.70311409
22100	0.70075762
22101	0.69875222
22102	0.69700420
22103	0.69545537
22104	0.69407064
22105	0.69283032
22106	0.69172460
22107	0.69075102
22108	0.68991089
22109	0.68920803
22110	0.68864691
22111	0.68823141
22112	0.68796360
22113	0.68784291
22114	0.68786532
22115	0.68802238
22116	0.68830091
22117	0.68868244
22118	0.68914300
22119	0.68965262
22120	0.69017559
22121	0.69067043
22122	0.69108987
22123	0.69138157
22124	0.69148856
22125	0.69135028
22126	0.69090378
22127	0.69008541
22128	0.68883342
22129	0.68709022
22130	0.68480611
22131	0.68194234
22132	0.67847514
22133	0.67439932
22134	0.66973048
22135	0.66450787
22136	0.65879440
22137	0.65267605
22138	0.64625919
22139	0.63966680
22140	0.63303292
22141	0.62649709
22142	0.62019753
22143	0.61426562
22144	0.60882020
22145	0.60396338
22146	0.59977704
22147	0.59632099
22148	0.59363192
22149	0.59172314
22150	0.59058559
22151	0.59018850
22152	0.59048140
22153	0.59139556
22154	0.59284621
22155	0.59473419
22156	0.59694886
22157	0.59937012
22158	0.60187143
22159	0.60432333
22160	0.60659653
22161	0.60856634
22162	0.61011648
22163	0.61114359
22164	0.61156094
22165	0.61130226
22166	0.61032373
22167	0.60860640
22168	0.60615581
22169	0.60300112
22170	0.59919310
22171	0.59479994
22172	0.58990371
22173	0.58459538
22174	0.57897019
22175	0.57312334
22176	0.56714618
22177	0.56112295
22178	0.55512917
22179	0.54922986
22180	0.54347914
22181	0.53792065
22182	0.53258765
22183	0.52750444
22184	0.52268755
22185	0.51814687
22186	0.51388705
22187	0.50990880
22188	0.50620997
22189	0.50278628
22190	0.49963200
22191	0.49674055
22192	0.49410450
22193	0.49171534
22194	0.48956349
22195	0.48763758
22196	0.48592412
22197	0.48440683
22198	0.48306611
22199	0.48187870
22200	0.48081744
22201	0.47985113
22202	0.47894505
22203	0.47806111
22204	0.47715881
22205	0.47619584
22206	0.47512937
22207	0.47391707
22208	0.47251821
22209	0.47089493
22210	0.46901345
22211	0.46684480
22212	0.46436608
22213	0.46156085
22214	0.45842007
22215	0.45494223
22216	0.45113373
22217	0.44700909
22218	0.44259042
22219	0.43790758
22220	0.43299702
22221	0.42790139
22222	0.42266831
22223	0.41734919
22224	0.41199756
22225	0.40666783
22226	0.40141341
22227	0.39628512
22228	0.39132962
22229	0.38658810
22230	0.38209492
22231	0.37787679
22232	0.37395227
22233	0.37033141
22234	0.36701587
22235	0.36399934
22236	0.36126807
22237	0.35880175
22238	0.35657454
22239	0.35455590
22240	0.35271186
22241	0.35100600
22242	0.34940037
22243	0.34785664
22244	0.34633669
22245	0.34480357
22246	0.34322208
22247	0.34155911
22248	0.33978444
22249	0.33787072
22250	0.33579391
22251	0.33353370
22252	0.33107325
22253	0.32839981
22254	0.32550463
22255	0.32238322
22256	0.31903547
22257	0.31546575
22258	0.31168300
22259	0.30770048
22260	0.30353594
22261	0.29921108
22262	0.29475111
22263	0.29018438
22264	0.28554180
22265	0.28085592
22266	0.27616072
22267	0.27149051
22268	0.26687974
22269	0.26236266
22270	0.25797275
22271	0.25374258
22272	0.24970375
22273	0.24588667
22274	0.24232039
22275	0.23903255
22276	0.23604895
22277	0.23339324
22278	0.23108630
22279	0.22914544
22280	0.22758339
22281	0.22640710
22282	0.22561608
22283	0.22520098
22284	0.22514187
22285	0.22540620
22286	0.22594771
22287	0.22670531
22288	0.22760257
22289	0.22854838
22290	0.22943842
22291	0.23015787
22292	0.23058473
22293	0.23059431
22294	0.23006403
22295	0.22887790
22296	0.22693092
22297	0.22413184
22298	0.22040540
22299	0.21569261
22300	0.20995018
22301	0.20314851
22302	0.19526872
22303	0.18629989
22304	0.17623536
22305	0.16507021
22306	0.15279908
22307	0.13941467
22308	0.12490805
22309	0.10927022
22310	0.09249546
22311	0.07458805
22312	0.05557036
22313	0.03549657
22314	0.01447121
22315	-0.00732552
22316	-0.02960286
22317	-0.05191127
22318	-0.07357818
22319	-0.09362106
22320	-0.11063101
22321	-0.12261232
22322	-0.12676094
22323	-0.11913026
22324	-0.09409668
22325	-0.04338080
22326	0.04594642
22327	0.19612600
22328	0.45128772
22329	0.91916400
22330	1.96662951
22331	NaN
22332	NaN
22333	NaN
22334	NaN
22335	NaN
22336	NaN
22337	NaN
22338	NaN
22339	NaN
22340	NaN
22341	NaN
22342	NaN
22343	NaN
22344	NaN
22345	NaN
22346	NaN
22347	NaN
22348	NaN
22349	NaN
22350	NaN
22351	NaN
22352	NaN
22353	NaN
22354	NaN
22355	NaN
22356	NaN
22357	NaN
22358	NaN
22359	NaN
22360	NaN
22361	NaN
22362	NaN
22363	NaN
22364	NaN
22365	NaN
22366	NaN
22367	NaN
22368	NaN
22369	NaN
22370	NaN
22371	NaN
22372	NaN
22373	NaN
22374	NaN
22375	NaN
22376	NaN
22377	NaN
22378	NaN
22379	NaN
22380	NaN
22381	NaN
22382	NaN
22383	NaN
22384	NaN
22385	NaN
22386	NaN
22387	NaN
22388	NaN
22389	NaN
22390	NaN
22391	NaN
22392	NaN
22393	NaN
22394	NaN
22395	NaN
22396	NaN
22397	NaN
22398	NaN
22399	NaN
22400	NaN
22401	NaN
22402	NaN
22403	NaN
22404	NaN
22405	NaN
22406	NaN
22407	NaN
22408	NaN
22409	NaN
22410	NaN
22411	NaN
22412	NaN
22413	NaN
22414	NaN
22415	NaN
22416	NaN
22417	NaN
22418	NaN
22419	NaN
22420	NaN
22421	1.20261765
22422	0.88028097
22423	0.78988177
22424	0.74830216
22425	0.72524726
22426	0.71129751
22427	0.70254219
22428	0.69704717
22429	0.69373351
22430	0.69194323
22431	0.69124687
22432	0.69134879
22433	0.69203681
22434	0.69315439
22435	0.69458318
22436	0.69623291
22437	0.69803393
22438	0.69993258
22439	0.70188743
22440	0.70386660
22441	0.70584548
22442	0.70780486
22443	0.70972925
22444	0.71160507
22445	0.71341950
22446	0.71515894
22447	0.71680778
22448	0.71834719
22449	0.71975416
22450	0.72100073
22451	0.72205305
22452	0.72287196
22453	0.72341233
22454	0.72362435
22455	0.72345388
22456	0.72284496
22457	0.72174120
22458	0.72008926
22459	0.71784103
22460	0.71495765
22461	0.71141285
22462	0.70719606
22463	0.70231599
22464	0.69680220
22465	0.69070697
22466	0.68410498
22467	0.67709225
22468	0.66978317
22469	0.66230679
22470	0.65480202
22471	0.64741188
22472	0.64027828
22473	0.63353586
22474	0.62730777
22475	0.62170112
22476	0.61680359
22477	0.61268163
22478	0.60937893
22479	0.60691595
22480	0.60529011
22481	0.60447681
22482	0.60443044
22483	0.60508579
22484	0.60636020
22485	0.60815531
22486	0.61035925
22487	0.61284965
22488	0.61549628
22489	0.61816448
22490	0.62071896
22491	0.62302727
22492	0.62496477
22493	0.62641823
22494	0.62729001
22495	0.62750161
22496	0.62699652
22497	0.62574166
22498	0.62372851
22499	0.62097198
22500	0.61750883
22501	0.61339474
22502	0.60870069
22503	0.60350901
22504	0.59790879
22505	0.59199238
22506	0.58585107
22507	0.57957292
22508	0.57323980
22509	0.56692618
22510	0.56069797
22511	0.55461246
22512	0.54871821
22513	0.54305524
22514	0.53765613
22515	0.53254604
22516	0.52774394
22517	0.52326268
22518	0.51910990
22519	0.51528829
22520	0.51179564
22521	0.50862551
22522	0.50576693
22523	0.50320500
22524	0.50092047
22525	0.49889058
22526	0.49708864
22527	0.49548486
22528	0.49404657
22529	0.49273890
22530	0.49152520
22531	0.49036786
22532	0.48922917
22533	0.48807192
22534	0.48686019
22535	0.48556009
22536	0.48414031
22537	0.48257262
22538	0.48083222
22539	0.47889829
22540	0.47675407
22541	0.47438711
22542	0.47178954
22543	0.46895817
22544	0.46589443
22545	0.46260470
22546	0.45910007
22547	0.45539638
22548	0.45151424
22549	0.44747862
22550	0.44331890
22551	0.43906829
22552	0.43476340
22553	0.43044347
22554	0.42614967
22555	0.42192382
22556	0.41780722
22557	0.41383937
22558	0.41005632
22559	0.40648937
22560	0.40316355
22561	0.40009668
22562	0.39729840
22563	0.39476964
22564	0.39250255
22565	0.39048085
22566	0.38868049
22567	0.38707057
22568	0.38561454
22569	0.38427165
22570	0.38299841
22571	0.38175002
22572	0.38048139
22573	0.37914893
22574	0.37771091
22575	0.37612873
22576	0.37436748
22577	0.37239641
22578	0.37018967
22579	0.36772633
22580	0.36499098
22581	0.36197409
22582	0.35867205
22583	0.35508770
22584	0.35123017
22585	0.34711522
22586	0.34276465
22587	0.33820629
22588	0.33347341
22589	0.32860366
22590	0.32363826
22591	0.31862089
22592	0.31359661
22593	0.30861053
22594	0.30370659
22595	0.29892689
22596	0.29431063
22597	0.28989363
22598	0.28570804
22599	0.28178182
22600	0.27813888
22601	0.27479923
22602	0.27177885
22603	0.26909006
22604	0.26674175
22605	0.26473960
22606	0.26308593
22607	0.26178023
22608	0.26081893
22609	0.26019555
22610	0.25990018
22611	0.25991961
22612	0.26023644
22613	0.26082903
22614	0.26167014
22615	0.26272663
22616	0.26395845
22617	0.26531765
22618	0.26674798
22619	0.26818460
22620	0.26955405
22621	0.27077502
22622	0.27175975
22623	0.27241611
22624	0.27264997
22625	0.27236819
22626	0.27148148
22627	0.26990706
22628	0.26757056
22629	0.26440701
22630	0.26036158
22631	0.25538826
22632	0.24944900
22633	0.24251145
22634	0.23454699
22635	0.22552860
22636	0.21542925
22637	0.20422117
22638	0.19187565
22639	0.17836355
22640	0.16365802
22641	0.14773817
22642	0.13059394
22643	0.11223467
22644	0.09269853
22645	0.07206573
22646	0.05047485
22647	0.02814202
22648	0.00538376
22649	-0.01735785
22650	-0.03949027
22651	-0.06024655
22652	-0.07866736
22653	-0.09359351
22654	-0.10366897
22655	-0.10735442
22656	-0.10294127
22657	-0.08853688
22658	-0.06196769
22659	-0.02049614
22660	0.03987366
22661	0.12604217
22662	0.25203633
22663	0.45182449
22664	0.83184642
22665	1.96394217
22666	NaN
22667	NaN
22668	NaN
22669	NaN
22670	NaN
22671	NaN
22672	NaN
22673	NaN
22674	NaN
22675	NaN
22676	NaN
22677	NaN
22678	NaN
22679	NaN
22680	NaN
22681	NaN
22682	NaN
22683	NaN
22684	NaN
22685	NaN
22686	NaN
22687	NaN
22688	NaN
22689	NaN
22690	NaN
22691	NaN
22692	NaN
22693	NaN
22694	NaN
22695	NaN
22696	NaN
22697	NaN
22698	NaN
22699	NaN
22700	NaN
22701	NaN
22702	NaN
22703	NaN
22704	NaN
22705	NaN
22706	NaN
22707	NaN
22708	NaN
22709	NaN
22710	NaN
22711	NaN
22712	NaN
22713	NaN
22714	NaN
22715	NaN
22716	NaN
22717	NaN
22718	NaN
22719	NaN
22720	NaN
22721	NaN
22722	NaN
22723	NaN
22724	NaN
22725	NaN
22726	NaN
22727	NaN
22728	NaN
22729	NaN
22730	NaN
22731	NaN
22732	NaN
22733	NaN
22734	NaN
22735	NaN
22736	NaN
22737	NaN
22738	NaN
22739	NaN
22740	NaN
22741	NaN
22742	NaN
22743	NaN
22744	NaN
22745	NaN
22746	NaN
22747	NaN
22748	1.26278770
22749	0.88106972
22750	0.79445404
22751	0.75698990
22752	0.73662412
22753	0.72419071
22754	0.71606737
22755	0.71052754
22756	0.70663887
22757	0.70384967
22758	0.70181173
22759	0.70029348
22760	0.69913584
22761	0.69822687
22762	0.69748700
22763	0.69685960
22764	0.69630539
22765	0.69579709
22766	0.69531703
22767	0.69485426
22768	0.69440252
22769	0.69395858
22770	0.69352049
22771	0.69308639
22772	0.69265312
22773	0.69221503
22774	0.69176340
22775	0.69128525
22776	0.69076341
22777	0.69017625
22778	0.68949717
22779	0.68869567
22780	0.68773770
22781	0.68658644
22782	0.68520361
22783	0.68355143
22784	0.68159354
22785	0.67929769
22786	0.67663729
22787	0.67359358
22788	0.67015749
22789	0.66633135
22790	0.66212988
22791	0.65758109
22792	0.65272617
22793	0.64761853
22794	0.64232260
22795	0.63691139
22796	0.63146394
22797	0.62606227
22798	0.62078810
22799	0.61572009
22800	0.61093050
22801	0.60648340
22802	0.60243195
22803	0.59881735
22804	0.59566760
22805	0.59299695
22806	0.59080589
22807	0.58908123
22808	0.58779681
22809	0.58691442
22810	0.58638483
22811	0.58614957
22812	0.58614194
22813	0.58628935
22814	0.58651495
22815	0.58673996
22816	0.58688593
22817	0.58687693
22818	0.58664209
22819	0.58611768
22820	0.58524954
22821	0.58399475
22822	0.58232319
22823	0.58021867
22824	0.57767922
22825	0.57471675
22826	0.57135630
22827	0.56763476
22828	0.56359833
22829	0.55930054
22830	0.55479944
22831	0.55015475
22832	0.54542553
22833	0.54066783
22834	0.53593254
22835	0.53126454
22836	0.52670103
22837	0.52227187
22838	0.51799899
22839	0.51389736
22840	0.50997525
22841	0.50623554
22842	0.50267655
22843	0.49929324
22844	0.49607840
22845	0.49302366
22846	0.49012014
22847	0.48735911
22848	0.48473233
22849	0.48223251
22850	0.47985277
22851	0.47758663
22852	0.47542745
22853	0.47336796
22854	0.47139981
22855	0.46951285
22856	0.46769491
22857	0.46593112
22858	0.46420413
22859	0.46249378
22860	0.46077749
22861	0.45903033
22862	0.45722595
22863	0.45533687
22864	0.45333570
22865	0.45119575
22866	0.44889238
22867	0.44640395
22868	0.44371280
22869	0.44080627
22870	0.43767750
22871	0.43432599
22872	0.43075818
22873	0.42698711
22874	0.42303270
22875	0.41892105
22876	0.41468385
22877	0.41035733
22878	0.40598115
22879	0.40159705
22880	0.39724740
22881	0.39297387
22882	0.38881567
22883	0.38480851
22884	0.38098317
22885	0.37736464
22886	0.37397119
22887	0.37081388
22888	0.36789659
22889	0.36521578
22890	0.36276093
22891	0.36051524
22892	0.35845625
22893	0.35655683
22894	0.35478619
22895	0.35311106
22896	0.35149670
22897	0.34990808
22898	0.34831071
22899	0.34667170
22900	0.34496039
22901	0.34314916
22902	0.34121379
22903	0.33913368
22904	0.33689237
22905	0.33447742
22906	0.33188045
22907	0.32909715
22908	0.32612684
22909	0.32297263
22910	0.31964061
22911	0.31614000
22912	0.31248233
22913	0.30868143
22914	0.30475256
22915	0.30071232
22916	0.29657829
22917	0.29236850
22918	0.28810158
22919	0.28379616
22920	0.27947110
22921	0.27514529
22922	0.27083775
22923	0.26656741
22924	0.26235321
22925	0.25821429
22926	0.25416979
22927	0.25023878
22928	0.24644071
22929	0.24279489
22930	0.23932098
22931	0.23603857
22932	0.23296718
22933	0.23012584
22934	0.22753270
22935	0.22520411
22936	0.22315395
22937	0.22139241
22938	0.21992467
22939	0.21874967
22940	0.21785849
22941	0.21723321
22942	0.21684560
22943	0.21665594
22944	0.21661258
22945	0.21665150
22946	0.21669686
22947	0.21666193
22948	0.21645035
22949	0.21595852
22950	0.21507823
22951	0.21369945
22952	0.21171352
22953	0.20901605
22954	0.20550950
22955	0.20110519
22956	0.19572438
22957	0.18929926
22958	0.18177225
22959	0.17309530
22960	0.16322824
22961	0.15213722
22962	0.13979232
22963	0.12616639
22964	0.11123297
22965	0.09496588
22966	0.07733938
22967	0.05832893
22968	0.03791423
22969	0.01608366
22970	-0.00715963
22971	-0.03178921
22972	-0.05774388
22973	-0.08491318
22974	-0.11312192
22975	-0.14210859
22976	-0.17150581
22977	-0.20082037
22978	-0.22941373
22979	-0.25649205
22980	-0.28110185
22981	-0.30212879
22982	-0.31829116
22983	-0.32808056
22984	-0.32952985
22985	-0.31938627
22986	-0.28979880
22987	-0.20789270
22988	NaN
22989	NaN
22990	NaN
22991	NaN
22992	NaN
22993	NaN
22994	NaN
22995	NaN
22996	NaN
22997	NaN
22998	NaN
22999	NaN
23000	NaN
23001	NaN
23002	NaN
23003	NaN
23004	NaN
23005	NaN
23006	NaN
23007	NaN
23008	NaN
23009	NaN
23010	NaN
23011	NaN
23012	NaN
23013	NaN
23014	NaN
23015	NaN
23016	NaN
23017	NaN
23018	NaN
23019	NaN
23020	NaN
23021	NaN
23022	NaN
23023	NaN
23024	NaN
23025	NaN
23026	NaN
23027	NaN
23028	NaN
23029	NaN
23030	NaN
23031	NaN
23032	NaN
23033	NaN
23034	NaN
23035	NaN
23036	NaN
23037	NaN
23038	NaN
23039	NaN
23040	NaN
23041	NaN
23042	NaN
23043	NaN
23044	NaN
23045	NaN
23046	NaN
23047	NaN
23048	NaN
23049	NaN
23050	NaN
23051	NaN
23052	NaN
23053	NaN
23054	NaN
23055	NaN
23056	NaN
23057	NaN
23058	NaN
23059	NaN
23060	NaN
23061	NaN
23062	NaN
23063	NaN
23064	NaN
23065	NaN
23066	NaN
23067	NaN
23068	1.75452197
23069	1.03050148
23070	0.87985891
23071	0.81545311
23072	0.78025866
23073	0.75849068
23074	0.74402636
23075	0.73398775
23076	0.72683972
23077	0.72168529
23078	0.71796364
23079	0.71530455
23080	0.71345311
23081	0.71222782
23082	0.71149600
23083	0.71115839
23084	0.71113968
23085	0.71138120
23086	0.71183687
23087	0.71246994
23088	0.71324950
23089	0.71414936
23090	0.71514553
23091	0.71621490
23092	0.71733379
23093	0.71847695
23094	0.71961582
23095	0.72071809
23096	0.72174674
23097	0.72265941
23098	0.72340810
23099	0.72393924
23100	0.72419411
23101	0.72410983
23102	0.72362083
23103	0.72266090
23104	0.72116590
23105	0.71907693
23106	0.71634412
23107	0.71293038
23108	0.70881522
23109	0.70399833
23110	0.69850266
23111	0.69237614
23112	0.68569201
23113	0.67854834
23114	0.67106456
23115	0.66337806
23116	0.65563810
23117	0.64799982
23118	0.64061785
23119	0.63363963
23120	0.62719995
23121	0.62141621
23122	0.61638451
23123	0.61217755
23124	0.60884303
23125	0.60640347
23126	0.60485619
23127	0.60417485
23128	0.60431033
23129	0.60519278
23130	0.60673344
23131	0.60882694
23132	0.61135375
23133	0.61418337
23134	0.61717695
23135	0.62019175
23136	0.62308484
23137	0.62571740
23138	0.62795973
23139	0.62969559
23140	0.63082641
23141	0.63127518
23142	0.63098872
23143	0.62993956
23144	0.62812614
23145	0.62557173
23146	0.62232184
23147	0.61844122
23148	0.61400938
23149	0.60911638
23150	0.60385805
23151	0.59833193
23152	0.59263301
23153	0.58685142
23154	0.58106941
23155	0.57536000
23156	0.56978631
23157	0.56440091
23158	0.55924600
23159	0.55435425
23160	0.54974884
23161	0.54544497
23162	0.54145026
23163	0.53776592
23164	0.53438699
23165	0.53130364
23166	0.52850139
23167	0.52596128
23168	0.52366090
23169	0.52157414
23170	0.51967216
23171	0.51792336
23172	0.51629454
23173	0.51475090
23174	0.51325750
23175	0.51177979
23176	0.51028436
23177	0.50874013
23178	0.50711888
23179	0.50539601
23180	0.50355047
23181	0.50156552
23182	0.49942842
23183	0.49713013
23184	0.49466524
23185	0.49203157
23186	0.48922971
23187	0.48626289
23188	0.48313659
23189	0.47985852
23190	0.47643858
23191	0.47288874
23192	0.46922314
23193	0.46545836
23194	0.46161342
23195	0.45770970
23196	0.45377126
23197	0.44982433
23198	0.44589719
23199	0.44201952
23200	0.43822169
23201	0.43453395
23202	0.43098512
23203	0.42760178
23204	0.42440671
23205	0.42141804
23206	0.41864800
23207	0.41610244
23208	0.41377997
23209	0.41167197
23210	0.40976265
23211	0.40802950
23212	0.40644398
23213	0.40497234
23214	0.40357697
23215	0.40221724
23216	0.40085098
23217	0.39943543
23218	0.39792868
23219	0.39629054
23220	0.39448348
23221	0.39247349
23222	0.39023075
23223	0.38773033
23224	0.38495237
23225	0.38188270
23226	0.37851283
23227	0.37484038
23228	0.37086880
23229	0.36660782
23230	0.36207303
23231	0.35728601
23232	0.35227403
23233	0.34706971
23234	0.34171063
23235	0.33623868
23236	0.33069938
23237	0.32514060
23238	0.31961167
23239	0.31416202
23240	0.30884013
23241	0.30369204
23242	0.29876080
23243	0.29408520
23244	0.28969926
23245	0.28563198
23246	0.28190687
23247	0.27854225
23248	0.27555096
23249	0.27294120
23250	0.27071628
23251	0.26887521
23252	0.26741299
23253	0.26632038
23254	0.26558408
23255	0.26518637
23256	0.26510462
23257	0.26531079
23258	0.26577052
23259	0.26644233
23260	0.26727694
23261	0.26821637
23262	0.26919386
23263	0.27013347
23264	0.27095094
23265	0.27155477
23266	0.27184796
23267	0.27173042
23268	0.27110252
23269	0.26986778
23270	0.26793683
23271	0.26523066
23272	0.26168302
23273	0.25724244
23274	0.25187325
23275	0.24555525
23276	0.23828287
23277	0.23006341
23278	0.22091515
23279	0.21086524
23280	0.19994743
23281	0.18820104
23282	0.17566988
23283	0.16240251
23284	0.14845291
23285	0.13388261
23286	0.11876291
23287	0.10317931
23288	0.08723599
23289	0.07106151
23290	0.05481637
23291	0.03870083
23292	0.02296419
23293	0.00791516
23294	-0.00606780
23295	-0.01852604
23296	-0.02891181
23297	-0.03658235
23298	-0.04079667
23299	-0.04071864
23300	-0.03542246
23301	-0.02389850
23302	-0.00505608
23303	0.02229576
23304	0.05950651
23305	0.10821921
23306	0.17065108
23307	0.25014967
23308	0.35231939
23309	0.48747733
23310	0.67669350
23311	0.96958572
23312	1.51382458
23313	3.01883912
23314	NaN
23315	NaN
23316	NaN
23317	NaN
23318	NaN
23319	NaN
23320	NaN
23321	NaN
23322	NaN
23323	NaN
23324	NaN
23325	NaN
23326	NaN
23327	NaN
23328	NaN
23329	NaN
23330	NaN
23331	NaN
23332	NaN
23333	NaN
23334	NaN
23335	NaN
23336	NaN
23337	NaN
23338	NaN
23339	NaN
23340	NaN
23341	NaN
23342	NaN
23343	NaN
23344	NaN
23345	NaN
23346	NaN
23347	NaN
23348	NaN
23349	NaN
23350	NaN
23351	NaN
23352	NaN
23353	NaN
23354	NaN
23355	NaN
23356	NaN
23357	NaN
23358	NaN
23359	NaN
23360	NaN
23361	NaN
23362	NaN
23363	NaN
23364	NaN
23365	NaN
23366	NaN
23367	NaN
23368	NaN
23369	NaN
23370	NaN
23371	NaN
23372	NaN
23373	NaN
23374	NaN
23375	NaN
23376	NaN
23377	NaN
23378	NaN
23379	NaN
23380	NaN
23381	NaN
23382	NaN
23383	NaN
23384	NaN
23385	NaN
23386	NaN
23387	NaN
23388	NaN
23389	NaN
23390	NaN
23391	NaN
23392	NaN
23393	NaN
23394	NaN
23395	0.66569030
23396	0.66460037
23397	0.66835141
23398	0.67311329
23399	0.67816877
23400	0.68326592
23401	0.68828207
23402	0.69314343
23403	0.69780010
23404	0.70221585
23405	0.70636404
23406	0.71022522
23407	0.71378565
23408	0.71703714
23409	0.71997553
23410	0.72260112
23411	0.72491753
23412	0.72693151
23413	0.72865266
23414	0.73009282
23415	0.73126572
23416	0.73218602
23417	0.73286921
23418	0.73333097
23419	0.73358613
23420	0.73364794
23421	0.73352772
23422	0.73323363
23423	0.73277026
23424	0.73213828
23425	0.73133355
23426	0.73034769
23427	0.72916758
23428	0.72777581
23429	0.72615141
23430	0.72427082
23431	0.72210866
23432	0.71963984
23433	0.71684074
23434	0.71369183
23435	0.71017909
23436	0.70629704
23437	0.70205045
23438	0.69745642
23439	0.69254583
23440	0.68736434
23441	0.68197191
23442	0.67644197
23443	0.67085963
23444	0.66531819
23445	0.65991557
23446	0.65475047
23447	0.64991778
23448	0.64550465
23449	0.64158690
23450	0.63822591
23451	0.63546658
23452	0.63333601
23453	0.63184267
23454	0.63097703
23455	0.63071185
23456	0.63100344
23457	0.63179326
23458	0.63301003
23459	0.63457096
23460	0.63638455
23461	0.63835216
23462	0.64037037
23463	0.64233339
23464	0.64413506
23465	0.64567196
23466	0.64684546
23467	0.64756542
23468	0.64775270
23469	0.64734286
23470	0.64628863
23471	0.64456254
23472	0.64215857
23473	0.63909316
23474	0.63540405
23475	0.63114899
23476	0.62640268
23477	0.62125248
23478	0.61579436
23479	0.61012787
23480	0.60435140
23481	0.59855831
23482	0.59283346
23483	0.58725047
23484	0.58187073
23485	0.57674217
23486	0.57189953
23487	0.56736493
23488	0.56314939
23489	0.55925345
23490	0.55566961
23491	0.55238301
23492	0.54937351
23493	0.54661661
23494	0.54408532
23495	0.54175061
23496	0.53958285
23497	0.53755265
23498	0.53563166
23499	0.53379273
23500	0.53201097
23501	0.53026342
23502	0.52852941
23503	0.52679032
23504	0.52502912
23505	0.52322996
23506	0.52137768
23507	0.51945722
23508	0.51745325
23509	0.51535010
23510	0.51313150
23511	0.51078099
23512	0.50828260
23513	0.50562143
23514	0.50278425
23515	0.49976057
23516	0.49654362
23517	0.49313059
23518	0.48952347
23519	0.48572931
23520	0.48176050
23521	0.47763452
23522	0.47337404
23523	0.46900627
23524	0.46456254
23525	0.46007752
23526	0.45558849
23527	0.45113397
23528	0.44675297
23529	0.44248343
23530	0.43836114
23531	0.43441826
23532	0.43068227
23533	0.42717475
23534	0.42391062
23535	0.42089731
23536	0.41813487
23537	0.41561547
23538	0.41332415
23539	0.41123942
23540	0.40933371
23541	0.40757504
23542	0.40592769
23543	0.40435365
23544	0.40281379
23545	0.40126890
23546	0.39968061
23547	0.39801237
23548	0.39622995
23549	0.39430204
23550	0.39220047
23551	0.38990074
23552	0.38738194
23553	0.38462725
23554	0.38162404
23555	0.37836432
23556	0.37484494
23557	0.37106800
23558	0.36704141
23559	0.36277899
23560	0.35830072
23561	0.35363269
23562	0.34880704
23563	0.34386107
23564	0.33883685
23565	0.33377957
23566	0.32873681
23567	0.32375669
23568	0.31888664
23569	0.31417239
23570	0.30965617
23571	0.30537653
23572	0.30136749
23573	0.29765835
23574	0.29427341
23575	0.29123241
23576	0.28855056
23577	0.28623915
23578	0.28430569
23579	0.28275415
23580	0.28158557
23581	0.28079793
23582	0.28038612
23583	0.28034192
23584	0.28065324
23585	0.28130347
23586	0.28227052
23587	0.28352508
23588	0.28502938
23589	0.28673485
23590	0.28858075
23591	0.29049230
23592	0.29237974
23593	0.29413846
23594	0.29565006
23595	0.29678616
23596	0.29741266
23597	0.29739705
23598	0.29661605
23599	0.29496360
23600	0.29235834
23601	0.28874895
23602	0.28411630
23603	0.27847353
23604	0.27186239
23605	0.26434717
23606	0.25600770
23607	0.24693193
23608	0.23720847
23609	0.22692165
23610	0.21614678
23611	0.20494834
23612	0.19337988
23613	0.18148601
23614	0.16930585
23615	0.15687986
23616	0.14425804
23617	0.13151294
23618	0.11875627
23619	0.10616412
23620	0.09401206
23621	0.08272678
23622	0.07296424
23623	0.06572767
23624	0.06255484
23625	0.06582534
23626	0.07928515
23627	0.10901420
23628	0.16535529
23629	0.26722535
23630	0.45333582
23631	0.81843960
23632	1.67985702
23633	NaN
23634	NaN
23635	NaN
23636	NaN
23637	NaN
23638	NaN
23639	NaN
23640	NaN
23641	NaN
23642	NaN
23643	NaN
23644	NaN
23645	NaN
23646	NaN
23647	NaN
23648	NaN
23649	NaN
23650	NaN
23651	NaN
23652	NaN
23653	NaN
23654	NaN
23655	NaN
23656	NaN
23657	NaN
23658	NaN
23659	NaN
23660	NaN
23661	NaN
23662	NaN
23663	NaN
23664	NaN
23665	NaN
23666	NaN
23667	NaN
23668	NaN
23669	NaN
23670	NaN
23671	NaN
23672	NaN
23673	NaN
23674	NaN
23675	NaN
23676	NaN
23677	NaN
23678	NaN
23679	NaN
23680	NaN
23681	NaN
23682	NaN
23683	NaN
23684	NaN
23685	NaN
23686	NaN
23687	NaN
23688	NaN
23689	NaN
23690	NaN
23691	NaN
23692	NaN
23693	NaN
23694	NaN
23695	NaN
23696	NaN
23697	NaN
23698	NaN
23699	NaN
23700	NaN
23701	NaN
23702	NaN
23703	NaN
23704	NaN
23705	NaN
23706	NaN
23707	NaN
23708	NaN
23709	NaN
23710	NaN
23711	NaN
23712	NaN
23713	NaN
23714	NaN
23715	NaN
23716	NaN
23717	NaN
23718	NaN
23719	NaN
23720	NaN
23721	NaN
23722	NaN
23723	NaN
23724	NaN
23725	NaN
23726	2.31415367
23727	0.98086834
23728	0.82818437
23729	0.77198255
23730	0.74450636
23731	0.72942185
23732	0.72079116
23733	0.71592283
23734	0.71341145
23735	0.71244639
23736	0.71252537
23737	0.71331924
23738	0.71460408
23739	0.71622294
23740	0.71806383
23741	0.72004616
23742	0.72211200
23743	0.72421986
23744	0.72634053
23745	0.72845387
23746	0.73054647
23747	0.73260927
23748	0.73463595
23749	0.73662126
23750	0.73855954
23751	0.74044353
23752	0.74226278
23753	0.74400294
23754	0.74564475
23755	0.74716312
23756	0.74852663
23757	0.74969757
23758	0.75063139
23759	0.75127751
23760	0.75158006
23761	0.75147951
23762	0.75091398
23763	0.74982232
23764	0.74814683
23765	0.74583673
23766	0.74285173
23767	0.73916626
23768	0.73477244
23769	0.72968382
23770	0.72393703
23771	0.71759319
23772	0.71073675
23773	0.70347404
23774	0.69592935
23775	0.68824011
23776	0.68055147
23777	0.67300993
23778	0.66575748
23779	0.65892607
23780	0.65263301
23781	0.64697707
23782	0.64203620
23783	0.63786578
23784	0.63449812
23785	0.63194245
23786	0.63018614
23787	0.62919527
23788	0.62891668
23789	0.62927973
23790	0.63019818
23791	0.63157272
23792	0.63329327
23793	0.63524187
23794	0.63729608
23795	0.63933170
23796	0.64122701
23797	0.64286578
23798	0.64414114
23799	0.64495927
23800	0.64524180
23801	0.64492846
23802	0.64397889
23803	0.64237320
23804	0.64011174
23805	0.63721424
23806	0.63371778
23807	0.62967432
23808	0.62514734
23809	0.62020934
23810	0.61493737
23811	0.60941106
23812	0.60370898
23813	0.59790683
23814	0.59207505
23815	0.58627808
23816	0.58057308
23817	0.57500976
23818	0.56963027
23819	0.56446934
23820	0.55955482
23821	0.55490839
23822	0.55054575
23823	0.54647756
23824	0.54270959
23825	0.53924310
23826	0.53607529
23827	0.53319919
23828	0.53060371
23829	0.52827340
23830	0.52618909
23831	0.52432728
23832	0.52266067
23833	0.52115870
23834	0.51978773
23835	0.51851213
23836	0.51729465
23837	0.51609761
23838	0.51488370
23839	0.51361686
23840	0.51226312
23841	0.51079112
23842	0.50917286
23843	0.50738406
23844	0.50540441
23845	0.50321800
23846	0.50081331
23847	0.49818343
23848	0.49532637
23849	0.49224481
23850	0.48894647
23851	0.48544395
23852	0.48175472
23853	0.47790110
23854	0.47391006
23855	0.46981275
23856	0.46564400
23857	0.46144181
23858	0.45724633
23859	0.45309871
23860	0.44903997
23861	0.44510993
23862	0.44134554
23863	0.43777990
23864	0.43444103
23865	0.43135095
23866	0.42852485
23867	0.42597088
23868	0.42368981
23869	0.42167494
23870	0.41991240
23871	0.41838190
23872	0.41705689
23873	0.41590545
23874	0.41489121
23875	0.41397390
23876	0.41311055
23877	0.41225618
23878	0.41136488
23879	0.41039056
23880	0.40928808
23881	0.40801400
23882	0.40652770
23883	0.40479213
23884	0.40277511
23885	0.40044993
23886	0.39779639
23887	0.39480159
23888	0.39146033
23889	0.38777545
23890	0.38375753
23891	0.37942517
23892	0.37480375
23893	0.36992550
23894	0.36482823
23895	0.35955465
23896	0.35415134
23897	0.34866771
23898	0.34315479
23899	0.33766443
23900	0.33224806
23901	0.32695591
23902	0.32183617
23903	0.31693453
23904	0.31229347
23905	0.30795223
23906	0.30394652
23907	0.30030850
23908	0.29706672
23909	0.29424649
23910	0.29186970
23911	0.28995484
23912	0.28851715
23913	0.28756824
23914	0.28711545
23915	0.28716135
23916	0.28770226
23917	0.28872716
23918	0.29021585
23919	0.29213709
23920	0.29444668
23921	0.29708579
23922	0.29997951
23923	0.30303597
23924	0.30614674
23925	0.30918780
23926	0.31202179
23927	0.31450155
23928	0.31647471
23929	0.31778887
23930	0.31829685
23931	0.31786183
23932	0.31636164
23933	0.31369153
23934	0.30976519
23935	0.30451450
23936	0.29788676
23937	0.28984162
23938	0.28034660
23939	0.26937228
23940	0.25688747
23941	0.24285546
23942	0.22723038
23943	0.20995460
23944	0.19095798
23945	0.17015731
23946	0.14745702
23947	0.12275240
23948	0.09593290
23949	0.06688792
23950	0.03551521
23951	0.00173237
23952	-0.03450918
23953	-0.07320285
23954	-0.11426259
23955	-0.15749279
23956	-0.20255418
23957	-0.24892385
23958	-0.29585880
23959	-0.34235901
23960	-0.38713795
23961	-0.42859548
23962	-0.46477610
23963	-0.49323425
23964	-0.51057613
23965	-0.51068574
23966	-0.47584105
23967	NaN
23968	NaN
23969	NaN
23970	NaN
23971	NaN
23972	NaN
23973	NaN
23974	NaN
23975	NaN
23976	NaN
23977	NaN
23978	NaN
23979	NaN
23980	NaN
23981	NaN
23982	NaN
23983	NaN
23984	NaN
23985	NaN
23986	NaN
23987	NaN
23988	NaN
23989	NaN
23990	NaN
23991	NaN
23992	NaN
23993	NaN
23994	NaN
23995	NaN
23996	NaN
23997	NaN
23998	NaN
23999	NaN
24000	NaN
24001	NaN
24002	NaN
24003	NaN
24004	NaN
24005	NaN
24006	NaN
24007	NaN
24008	NaN
24009	NaN
24010	NaN
24011	NaN
24012	NaN
24013	NaN
24014	NaN
24015	NaN
24016	NaN
24017	NaN
24018	NaN
24019	NaN
24020	NaN
24021	NaN
24022	NaN
24023	NaN
24024	NaN
24025	NaN
24026	NaN
24027	NaN
24028	NaN
24029	NaN
24030	NaN
24031	NaN
24032	NaN
24033	NaN
24034	NaN
24035	NaN
24036	NaN
24037	NaN
24038	NaN
24039	NaN
24040	NaN
24041	NaN
24042	NaN
24043	NaN
24044	NaN
24045	NaN
24046	NaN
24047	NaN
24048	NaN
24049	NaN
24050	NaN
24051	NaN
24052	NaN
24053	NaN
24054	NaN
24055	NaN
24056	NaN
24057	1.74407625
24058	1.16805899
24059	0.98993355
24060	0.90426487
24061	0.85451531
24062	0.82241178
24063	0.80025381
24064	0.78423095
24065	0.77224183
24066	0.76303267
24067	0.75581074
24068	0.75005174
24069	0.74539691
24070	0.74159425
24071	0.73846328
24072	0.73587257
24073	0.73372519
24074	0.73194927
24075	0.73049051
24076	0.72930759
24077	0.72836810
24078	0.72764558
24079	0.72711748
24080	0.72676259
24081	0.72656018
24082	0.72648835
24083	0.72652292
24084	0.72663671
24085	0.72679859
24086	0.72697324
24087	0.72712076
24088	0.72719622
24089	0.72715044
24090	0.72692937
24091	0.72647607
24092	0.72573084
24093	0.72463346
24094	0.72312522
24095	0.72115135
24096	0.71866411
24097	0.71562642
24098	0.71201462
24099	0.70782238
24100	0.70306319
24101	0.69777232
24102	0.69200730
24103	0.68584782
24104	0.67939317
24105	0.67275894
24106	0.66607249
24107	0.65946686
24108	0.65307540
24109	0.64702547
24110	0.64143330
24111	0.63639945
24112	0.63200516
24113	0.62831026
24114	0.62535203
24115	0.62314457
24116	0.62168014
24117	0.62093002
24118	0.62084603
24119	0.62136298
24120	0.62240022
24121	0.62386435
24122	0.62565100
24123	0.62764752
24124	0.62973529
24125	0.63179290
24126	0.63369876
24127	0.63533503
24128	0.63659102
24129	0.63736713
24130	0.63757885
24131	0.63716024
24132	0.63606638
24133	0.63427579
24134	0.63179100
24135	0.62863749
24136	0.62486225
24137	0.62053019
24138	0.61571997
24139	0.61051959
24140	0.60502124
24141	0.59931719
24142	0.59349579
24143	0.58763796
24144	0.58181560
24145	0.57608992
24146	0.57051116
24147	0.56511879
24148	0.55994213
24149	0.55500191
24150	0.55031115
24151	0.54587668
24152	0.54170072
24153	0.53778201
24154	0.53411686
24155	0.53070003
24156	0.52752560
24157	0.52458709
24158	0.52187794
24159	0.51939124
24160	0.51711965
24161	0.51505470
24162	0.51318645
24163	0.51150280
24164	0.50998878
24165	0.50862598
24166	0.50739205
24167	0.50626069
24168	0.50520182
24169	0.50418133
24170	0.50316268
24171	0.50210673
24172	0.50097370
24173	0.49972391
24174	0.49831927
24175	0.49672443
24176	0.49490824
24177	0.49284446
24178	0.49051300
24179	0.48790023
24180	0.48499969
24181	0.48181224
24182	0.47834608
24183	0.47461665
24184	0.47064644
24185	0.46646431
24186	0.46210513
24187	0.45760861
24188	0.45301861
24189	0.44838169
24190	0.44374591
24191	0.43915927
24192	0.43466827
24193	0.43031615
24194	0.42614153
24195	0.42217726
24196	0.41844928
24197	0.41497591
24198	0.41176736
24199	0.40882596
24200	0.40614608
24201	0.40371504
24202	0.40151379
24203	0.39951763
24204	0.39769748
24205	0.39602083
24206	0.39445257
24207	0.39295605
24208	0.39149374
24209	0.39002791
24210	0.38852143
24211	0.38693798
24212	0.38524264
24213	0.38340241
24214	0.38138643
24215	0.37916657
24216	0.37671787
24217	0.37401897
24218	0.37105292
24219	0.36780748
24220	0.36427578
24221	0.36045697
24222	0.35635620
24223	0.35198519
24224	0.34736201
24225	0.34251097
24226	0.33746225
24227	0.33225116
24228	0.32691741
24229	0.32150415
24230	0.31605694
24231	0.31062266
24232	0.30524835
24233	0.29998049
24234	0.29486385
24235	0.28994113
24236	0.28525198
24237	0.28083315
24238	0.27671808
24239	0.27293715
24240	0.26951745
24241	0.26648325
24242	0.26385581
24243	0.26165372
24244	0.25989211
24245	0.25858250
24246	0.25773159
24247	0.25733998
24248	0.25740039
24249	0.25789532
24250	0.25879470
24251	0.26005334
24252	0.26160860
24253	0.26337862
24254	0.26526147
24255	0.26713544
24256	0.26886147
24257	0.27028665
24258	0.27125016
24259	0.27159038
24260	0.27115247
24261	0.26979619
24262	0.26740253
24263	0.26387805
24264	0.25915679
24265	0.25319928
24266	0.24598898
24267	0.23752682
24268	0.22782417
24269	0.21689586
24270	0.20475316
24271	0.19139734
24272	0.17681476
24273	0.16097324
24274	0.14381877
24275	0.12527458
24276	0.10524077
24277	0.08359502
24278	0.06019536
24279	0.03488563
24280	0.00750374
24281	-0.02210508
24282	-0.05406533
24283	-0.08843692
24284	-0.12516285
24285	-0.16398308
24286	-0.20430566
24287	-0.24500243
24288	-0.28407785
24289	-0.31812173
24290	-0.34132916
24291	-0.34353063
24292	-0.30560288
24293	-0.18618928
24294	0.13038388
24295	NaN
24296	NaN
24297	NaN
24298	NaN
24299	NaN
24300	NaN
24301	NaN
24302	NaN
24303	NaN
24304	NaN
24305	NaN
24306	NaN
24307	NaN
24308	NaN
24309	NaN
24310	NaN
24311	NaN
24312	NaN
24313	NaN
24314	NaN
24315	NaN
24316	NaN
24317	NaN
24318	NaN
24319	NaN
24320	NaN
24321	NaN
24322	NaN
24323	NaN
24324	NaN
24325	NaN
24326	NaN
24327	NaN
24328	NaN
24329	NaN
24330	NaN
24331	NaN
24332	NaN
24333	NaN
24334	NaN
24335	NaN
24336	NaN
24337	NaN
24338	NaN
24339	NaN
24340	NaN
24341	NaN
24342	NaN
24343	NaN
24344	NaN
24345	NaN
24346	NaN
24347	NaN
24348	NaN
24349	NaN
24350	NaN
24351	NaN
24352	NaN
24353	NaN
24354	NaN
24355	NaN
24356	NaN
24357	NaN
24358	NaN
24359	NaN
24360	NaN
24361	NaN
24362	NaN
24363	NaN
24364	NaN
24365	NaN
24366	NaN
24367	NaN
24368	NaN
24369	NaN
24370	NaN
24371	NaN
24372	NaN
24373	NaN
24374	NaN
24375	NaN
24376	NaN
24377	NaN
24378	NaN
24379	NaN
24380	NaN
24381	NaN
24382	NaN
24383	NaN
24384	NaN
24385	1.20712233
24386	0.93907923
24387	0.84610498
24388	0.79991686
24389	0.77307194
24390	0.75613219
24391	0.74496394
24392	0.73745978
24393	0.73242539
24394	0.72912884
24395	0.72709334
24396	0.72599292
24397	0.72559619
24398	0.72573364
24399	0.72627789
24400	0.72713131
24401	0.72821742
24402	0.72947580
24403	0.73085725
24404	0.73232120
24405	0.73383325
24406	0.73536289
24407	0.73688233
24408	0.73836499
24409	0.73978430
24410	0.74111271
24411	0.74232072
24412	0.74337649
24413	0.74424499
24414	0.74488825
24415	0.74526483
24416	0.74533111
24417	0.74504125
24418	0.74434906
24419	0.74320954
24420	0.74158049
24421	0.73942506
24422	0.73671412
24423	0.73342824
24424	0.72956055
24425	0.72511828
24426	0.72012419
24427	0.71461767
24428	0.70865464
24429	0.70230657
24430	0.69565934
24431	0.68880987
24432	0.68186384
24433	0.67493153
24434	0.66812396
24435	0.66154957
24436	0.65530962
24437	0.64949584
24438	0.64418721
24439	0.63944793
24440	0.63532603
24441	0.63185227
24442	0.62904018
24443	0.62688583
24444	0.62536877
24445	0.62445307
24446	0.62408799
24447	0.62421054
24448	0.62474602
24449	0.62561125
24450	0.62671572
24451	0.62796479
24452	0.62926167
24453	0.63051051
24454	0.63161898
24455	0.63250101
24456	0.63307923
24457	0.63328761
24458	0.63307250
24459	0.63239479
24460	0.63123000
24461	0.62956846
24462	0.62741482
24463	0.62478667
24464	0.62171292
24465	0.61823171
24466	0.61438841
24467	0.61023301
24468	0.60581833
24469	0.60119808
24470	0.59642482
24471	0.59154904
24472	0.58661819
24473	0.58167589
24474	0.57676160
24475	0.57191050
24476	0.56715375
24477	0.56251848
24478	0.55802834
24479	0.55370378
24480	0.54956216
24481	0.54561818
24482	0.54188395
24483	0.53836882
24484	0.53507936
24485	0.53201902
24486	0.52918798
24487	0.52658254
24488	0.52419502
24489	0.52201349
24490	0.52002174
24491	0.51819915
24492	0.51652128
24493	0.51495987
24494	0.51348400
24495	0.51206046
24496	0.51065475
24497	0.50923198
24498	0.50775778
24499	0.50619936
24500	0.50452608
24501	0.50271022
24502	0.50072783
24503	0.49855906
24504	0.49618876
24505	0.49360666
24506	0.49080780
24507	0.48779264
24508	0.48456684
24509	0.48114160
24510	0.47753304
24511	0.47376212
24512	0.46985403
24513	0.46583757
24514	0.46174461
24515	0.45760876
24516	0.45346493
24517	0.44934797
24518	0.44529158
24519	0.44132724
24520	0.43748334
24521	0.43378410
24522	0.43024886
24523	0.42689162
24524	0.42372060
24525	0.42073819
24526	0.41794088
24527	0.41531980
24528	0.41286084
24529	0.41054541
24530	0.40835100
24531	0.40625182
24532	0.40421975
24533	0.40222496
24534	0.40023687
24535	0.39822480
24536	0.39615896
24537	0.39401099
24538	0.39175478
24539	0.38936698
24540	0.38682750
24541	0.38411990
24542	0.38123152
24543	0.37815368
24544	0.37488163
24545	0.37141427
24546	0.36775437
24547	0.36390793
24548	0.35988429
24549	0.35569584
24550	0.35135800
24551	0.34688866
24552	0.34230891
24553	0.33764195
24554	0.33291358
24555	0.32815158
24556	0.32338572
24557	0.31864688
24558	0.31396699
24559	0.30937830
24560	0.30491298
24561	0.30060259
24562	0.29647774
24563	0.29256785
24564	0.28890076
24565	0.28550297
24566	0.28239915
24567	0.27961227
24568	0.27716330
24569	0.27507141
24570	0.27335295
24571	0.27202156
24572	0.27108702
24573	0.27055478
24574	0.27042463
24575	0.27068964
24576	0.27133480
24577	0.27233559
24578	0.27365699
24579	0.27525198
24580	0.27706096
24581	0.27901173
24582	0.28101966
24583	0.28298903
24584	0.28481501
24585	0.28638655
24586	0.28758952
24587	0.28831068
24588	0.28844103
24589	0.28787920
24590	0.28653389
24591	0.28432542
24592	0.28118622
24593	0.27706024
24594	0.27190167
24595	0.26567271
24596	0.25834119
24597	0.24987821
24598	0.24025555
24599	0.22944362
24600	0.21741045
24601	0.20412007
24602	0.18953322
24603	0.17360763
24604	0.15630029
24605	0.13757119
24606	0.11738797
24607	0.09573404
24608	0.07261799
24609	0.04808704
24610	0.02224463
24611	-0.00472636
24612	-0.03253583
24613	-0.06074850
24614	-0.08873513
24615	-0.11560321
24616	-0.14009450
24617	-0.16040219
24618	-0.17381953
24619	-0.17594048
24620	-0.15854788
24621	-0.10278907
24622	0.05148831
24623	NaN
24624	NaN
24625	NaN
24626	NaN
24627	NaN
24628	NaN
24629	NaN
24630	NaN
24631	NaN
24632	NaN
24633	NaN
24634	NaN
24635	NaN
24636	NaN
24637	NaN
24638	NaN
24639	NaN
24640	NaN
24641	NaN
24642	NaN
24643	NaN
24644	NaN
24645	NaN
24646	NaN
24647	NaN
24648	NaN
24649	NaN
24650	NaN
24651	NaN
24652	NaN
24653	NaN
24654	NaN
24655	NaN
24656	NaN
24657	NaN
24658	NaN
24659	NaN
24660	NaN
24661	NaN
24662	NaN
24663	NaN
24664	NaN
24665	NaN
24666	NaN
24667	NaN
24668	NaN
24669	NaN
24670	NaN
24671	NaN
24672	NaN
24673	NaN
24674	NaN
24675	NaN
24676	NaN
24677	NaN
24678	NaN
24679	NaN
24680	NaN
24681	NaN
24682	NaN
24683	NaN
24684	NaN
24685	NaN
24686	NaN
24687	NaN
24688	NaN
24689	NaN
24690	NaN
24691	NaN
24692	NaN
24693	NaN
24694	NaN
24695	NaN
24696	NaN
24697	NaN
24698	NaN
24699	NaN
24700	NaN
24701	NaN
24702	NaN
24703	NaN
24704	NaN
24705	NaN
24706	NaN
24707	NaN
24708	NaN
24709	NaN
24710	NaN
24711	0.61397994
24712	0.68931949
24713	0.69835371
24714	0.70278698
24715	0.70573986
24716	0.70795590
24717	0.70971155
24718	0.71113783
24719	0.71230805
24720	0.71326828
24721	0.71405077
24722	0.71468025
24723	0.71517694
24724	0.71555871
24725	0.71584135
24726	0.71604013
24727	0.71616924
24728	0.71624202
24729	0.71627134
24730	0.71626890
24731	0.71624559
24732	0.71621078
24733	0.71617246
24734	0.71613675
24735	0.71610755
24736	0.71608609
24737	0.71607083
24738	0.71605682
24739	0.71603501
24740	0.71599245
24741	0.71591175
24742	0.71577066
24743	0.71554250
24744	0.71519554
24745	0.71469373
24746	0.71399707
24747	0.71306241
24748	0.71184504
24749	0.71029979
24750	0.70838344
24751	0.70605713
24752	0.70328909
24753	0.70005774
24754	0.69635463
24755	0.69218671
24756	0.68757874
24757	0.68257415
24758	0.67723495
24759	0.67164034
24760	0.66588402
24761	0.66007048
24762	0.65431076
24763	0.64871699
24764	0.64339781
24765	0.63845378
24766	0.63397312
24767	0.63002861
24768	0.62667549
24769	0.62395018
24770	0.62186933
24771	0.62043053
24772	0.61961275
24773	0.61937726
24774	0.61966950
24775	0.62042016
24776	0.62154704
24777	0.62295687
24778	0.62454748
24779	0.62620980
24780	0.62783086
24781	0.62929642
24782	0.63049471
24783	0.63131958
24784	0.63167512
24785	0.63147897
24786	0.63066626
24787	0.62919241
24788	0.62703562
24789	0.62419742
24790	0.62070233
24791	0.61659628
24792	0.61194360
24793	0.60682279
24794	0.60132265
24795	0.59553707
24796	0.58956081
24797	0.58348560
24798	0.57739669
24799	0.57137060
24800	0.56547344
24801	0.55976021
24802	0.55427468
24803	0.54904962
24804	0.54410809
24805	0.53946388
24806	0.53512335
24807	0.53108615
24808	0.52734703
24809	0.52389640
24810	0.52072185
24811	0.51780874
24812	0.51514083
24813	0.51270121
24814	0.51047212
24815	0.50843519
24816	0.50657177
24817	0.50486225
24818	0.50328606
24819	0.50182134
24820	0.50044435
24821	0.49912971
24822	0.49784973
24823	0.49657485
24824	0.49527368
24825	0.49391377
24826	0.49246189
24827	0.49088520
24828	0.48915231
24829	0.48723423
24830	0.48510543
24831	0.48274481
24832	0.48013660
24833	0.47727105
24834	0.47414449
24835	0.47076026
24836	0.46712813
24837	0.46326452
24838	0.45919207
24839	0.45493913
24840	0.45053914
24841	0.44602996
24842	0.44145298
24843	0.43685192
24844	0.43227187
24845	0.42775795
24846	0.42335391
24847	0.41910097
24848	0.41503608
24849	0.41119099
24850	0.40759075
24851	0.40425315
24852	0.40118766
24853	0.39839548
24854	0.39586937
24855	0.39359444
24856	0.39154851
24857	0.38970342
24858	0.38802612
24859	0.38648012
24860	0.38502651
24861	0.38362551
24862	0.38223729
24863	0.38082293
24864	0.37934512
24865	0.37776881
24866	0.37606156
24867	0.37419385
24868	0.37213939
24869	0.36987546
24870	0.36738303
24871	0.36464733
24872	0.36165798
24873	0.35840943
24874	0.35490108
24875	0.35113785
24876	0.34712988
24877	0.34289271
24878	0.33844709
24879	0.33381873
24880	0.32903743
24881	0.32413679
24882	0.31915322
24883	0.31412509
24884	0.30909204
24885	0.30409396
24886	0.29917043
24887	0.29436016
24888	0.28970036
24889	0.28522661
24890	0.28097266
24891	0.27697033
24892	0.27324933
24893	0.26983756
24894	0.26676065
24895	0.26404229
24896	0.26170367
24897	0.25976360
24898	0.25823778
24899	0.25713867
24900	0.25647432
24901	0.25624797
24902	0.25645673
24903	0.25709033
24904	0.25812963
24905	0.25954497
24906	0.26129422
24907	0.26332122
24908	0.26555383
24909	0.26790348
24910	0.27026448
24911	0.27251518
24912	0.27452010
24913	0.27613387
24914	0.27720669
24915	0.27759057
24916	0.27714607
24917	0.27574971
24918	0.27329871
24919	0.26971576
24920	0.26495034
24921	0.25897783
24922	0.25179619
24923	0.24342127
24924	0.23388007
24925	0.22320430
24926	0.21142398
24927	0.19856174
24928	0.18462843
24929	0.16962045
24930	0.15351854
24931	0.13628818
24932	0.11788212
24933	0.09824451
24934	0.07731745
24935	0.05505119
24936	0.03141822
24937	0.00643475
24938	-0.01980739
24939	-0.04709482
24940	-0.07502118
24941	-0.10287970
24942	-0.12949364
24943	-0.15293556
24944	-0.17004271
24945	-0.17547315
24946	-0.15965223
24947	-0.10341956
24948	0.03959954
24949	0.42754635
24950	NaN
24951	NaN
24952	NaN
24953	NaN
24954	NaN
24955	NaN
24956	NaN
24957	NaN
24958	NaN
24959	NaN
24960	NaN
24961	NaN
24962	NaN
24963	NaN
24964	NaN
24965	NaN
24966	NaN
24967	NaN
24968	NaN
24969	NaN
24970	NaN
24971	NaN
24972	NaN
24973	NaN
24974	NaN
24975	NaN
24976	NaN
24977	NaN
24978	NaN
24979	NaN
24980	NaN
24981	NaN
24982	NaN
24983	NaN
24984	NaN
24985	NaN
24986	NaN
24987	NaN
24988	NaN
24989	NaN
24990	NaN
24991	NaN
24992	NaN
24993	NaN
24994	NaN
24995	NaN
24996	NaN
24997	NaN
24998	NaN
24999	NaN
25000	NaN
25001	NaN
25002	NaN
25003	NaN
25004	NaN
25005	NaN
25006	NaN
25007	NaN
25008	NaN
25009	NaN
25010	NaN
25011	NaN
25012	NaN
25013	NaN
25014	NaN
25015	NaN
25016	NaN
25017	NaN
25018	NaN
25019	NaN
25020	NaN
25021	NaN
25022	NaN
25023	NaN
25024	NaN
25025	NaN
25026	NaN
25027	NaN
25028	NaN
25029	NaN
25030	NaN
25031	NaN
25032	NaN
25033	NaN
25034	NaN
25035	NaN
25036	NaN
25037	NaN
25038	NaN
25039	1.51422560
25040	1.06486440
25041	0.91768676
25042	0.84500909
25043	0.80218041
25044	0.77440399
25045	0.75533694
25046	0.74179286
25047	0.73198497
25048	0.72482741
25049	0.71961719
25050	0.71587646
25051	0.71326691
25052	0.71154153
25053	0.71051478
25054	0.71004462
25055	0.71001977
25056	0.71035171
25057	0.71096838
25058	0.71180999
25059	0.71282566
25060	0.71397018
25061	0.71520263
25062	0.71648383
25063	0.71777558
25064	0.71903896
25065	0.72023392
25066	0.72131830
25067	0.72224796
25068	0.72297603
25069	0.72345358
25070	0.72362959
25071	0.72345215
25072	0.72286928
25073	0.72183079
25074	0.72028977
25075	0.71820503
25076	0.71554381
25077	0.71228379
25078	0.70841581
25079	0.70394611
25080	0.69889772
25081	0.69331163
25082	0.68724662
25083	0.68077874
25084	0.67399895
25085	0.66701061
25086	0.65992618
25087	0.65286249
25088	0.64593744
25089	0.63926512
25090	0.63295221
25091	0.62709463
25092	0.62177449
25093	0.61705828
25094	0.61299515
25095	0.60961604
25096	0.60693365
25097	0.60494250
25098	0.60361940
25099	0.60292464
25100	0.60280323
25101	0.60318589
25102	0.60399157
25103	0.60512912
25104	0.60649955
25105	0.60799903
25106	0.60952163
25107	0.61096221
25108	0.61222029
25109	0.61320251
25110	0.61382616
25111	0.61402118
25112	0.61373299
25113	0.61292309
25114	0.61156988
25115	0.60966885
25116	0.60723138
25117	0.60428303
25118	0.60086185
25119	0.59701592
25120	0.59280038
25121	0.58827555
25122	0.58350366
25123	0.57854754
25124	0.57346797
25125	0.56832278
25126	0.56316531
25127	0.55804378
25128	0.55300087
25129	0.54807341
25130	0.54329258
25131	0.53868377
25132	0.53426719
25133	0.53005797
25134	0.52606690
25135	0.52230048
25136	0.51876163
25137	0.51544970
25138	0.51236105
25139	0.50948900
25140	0.50682408
25141	0.50435394
25142	0.50206375
25143	0.49993578
25144	0.49795035
25145	0.49608529
25146	0.49431697
25147	0.49262056
25148	0.49097061
25149	0.48934183
25150	0.48770946
25151	0.48605001
25152	0.48434153
25153	0.48256388
25154	0.48069906
25155	0.47873101
25156	0.47664604
25157	0.47443247
25158	0.47208107
25159	0.46958500
25160	0.46693984
25161	0.46414417
25162	0.46119958
25163	0.45811108
25164	0.45488706
25165	0.45153970
25166	0.44808483
25167	0.44454181
25168	0.44093317
25169	0.43728417
25170	0.43362194
25171	0.42997485
25172	0.42637134
25173	0.42283878
25174	0.41940251
25175	0.41608495
25176	0.41290423
25177	0.40987393
25178	0.40700236
25179	0.40429246
25180	0.40174150
25181	0.39934173
25182	0.39708048
25183	0.39494094
25184	0.39290255
25185	0.39094189
25186	0.38903335
25187	0.38714978
25188	0.38526312
25189	0.38334498
25190	0.38136759
25191	0.37930411
25192	0.37712944
25193	0.37482071
25194	0.37235817
25195	0.36972553
25196	0.36691040
25197	0.36390522
25198	0.36070675
25199	0.35731673
25200	0.35374153
25201	0.34999174
25202	0.34608206
25203	0.34203035
25204	0.33785737
25205	0.33358598
25206	0.32924083
25207	0.32484779
25208	0.32043308
25209	0.31602374
25210	0.31164625
25211	0.30732700
25212	0.30309141
25213	0.29896396
25214	0.29496762
25215	0.29112372
25216	0.28745145
25217	0.28396776
25218	0.28068724
25219	0.27762172
25220	0.27478001
25221	0.27216825
25222	0.26978952
25223	0.26764375
25224	0.26572791
25225	0.26403567
25226	0.26255754
25227	0.26128039
25228	0.26018748
25229	0.25925788
25230	0.25846633
25231	0.25778258
25232	0.25717115
25233	0.25659135
25234	0.25599718
25235	0.25533795
25236	0.25455916
25237	0.25360364
25238	0.25241333
25239	0.25093138
25240	0.24910375
25241	0.24688122
25242	0.24422090
25243	0.24108689
25244	0.23745069
25245	0.23329054
25246	0.22859044
25247	0.22333856
25248	0.21752542
25249	0.21114193
25250	0.20417795
25251	0.19662128
25252	0.18845706
25253	0.17966802
25254	0.17023617
25255	0.16014457
25256	0.14937997
25257	0.13793772
25258	0.12582615
25259	0.11307222
25260	0.09972823
25261	0.08587819
25262	0.07164524
25263	0.05719849
25264	0.04276020
25265	0.02861105
25266	0.01509428
25267	0.00261738
25268	-0.00835114
25269	-0.01728847
25270	-0.02362827
25271	-0.02677710
25272	-0.02613158
25273	-0.02109113
25274	-0.01106221
25275	0.00455961
25276	0.02644559
25277	0.05545123
25278	0.09284844
25279	0.14078429
25280	0.20325851
25281	0.28847477
25282	0.41560721
25283	0.64038688
25284	1.21424961
25285	NaN
25286	NaN
25287	NaN
25288	NaN
25289	NaN
25290	NaN
25291	NaN
25292	NaN
25293	NaN
25294	NaN
25295	NaN
25296	NaN
25297	NaN
25298	NaN
25299	NaN
25300	NaN
25301	NaN
25302	NaN
25303	NaN
25304	NaN
25305	NaN
25306	NaN
25307	NaN
25308	NaN
25309	NaN
25310	NaN
25311	NaN
25312	NaN
25313	NaN
25314	NaN
25315	NaN
25316	NaN
25317	NaN
25318	NaN
25319	NaN
25320	NaN
25321	NaN
25322	NaN
25323	NaN
25324	NaN
25325	NaN
25326	NaN
25327	NaN
25328	NaN
25329	NaN
25330	NaN
25331	NaN
25332	NaN
25333	NaN
25334	NaN
25335	NaN
25336	NaN
25337	NaN
25338	NaN
25339	NaN
25340	NaN
25341	NaN
25342	NaN
25343	NaN
25344	NaN
25345	NaN
25346	NaN
25347	NaN
25348	NaN
25349	NaN
25350	NaN
25351	NaN
25352	NaN
25353	NaN
25354	NaN
25355	NaN
25356	NaN
25357	NaN
25358	NaN
25359	NaN
25360	NaN
25361	NaN
25362	NaN
25363	NaN
25364	2.72365022
25365	0.99252671
25366	0.83954126
25367	0.78573555
25368	0.75997871
25369	0.74584913
25370	0.73752612
25371	0.73242807
25372	0.72923821
25373	0.72721684
25374	0.72591949
25375	0.72506559
25376	0.72447228
25377	0.72401810
25378	0.72362173
25379	0.72322953
25380	0.72280705
25381	0.72233367
25382	0.72179878
25383	0.72119910
25384	0.72053653
25385	0.71981651
25386	0.71904665
25387	0.71823585
25388	0.71739262
25389	0.71652460
25390	0.71563780
25391	0.71473527
25392	0.71381700
25393	0.71287882
25394	0.71191239
25395	0.71090442
25396	0.70983690
25397	0.70868671
25398	0.70742655
25399	0.70602494
25400	0.70444727
25401	0.70265722
25402	0.70061803
25403	0.69829446
25404	0.69565499
25405	0.69267392
25406	0.68933433
25407	0.68562990
25408	0.68156737
25409	0.67716819
25410	0.67246938
25411	0.66752344
25412	0.66239756
25413	0.65717167
25414	0.65193510
25415	0.64678311
25416	0.64181280
25417	0.63711828
25418	0.63278663
25419	0.62889409
25420	0.62550277
25421	0.62265825
25422	0.62038833
25423	0.61870217
25424	0.61759079
25425	0.61702758
25426	0.61697000
25427	0.61736089
25428	0.61813056
25429	0.61919856
25430	0.62047595
25431	0.62186736
25432	0.62327313
25433	0.62459201
25434	0.62572330
25435	0.62657022
25436	0.62704235
25437	0.62705964
25438	0.62655473
25439	0.62547654
25440	0.62379253
25441	0.62149042
25442	0.61857897
25443	0.61508733
25444	0.61106372
25445	0.60657245
25446	0.60169059
25447	0.59650332
25448	0.59110010
25449	0.58557028
25450	0.57999885
25451	0.57446396
25452	0.56903422
25453	0.56376749
25454	0.55871004
25455	0.55389667
25456	0.54935145
25457	0.54508859
25458	0.54111373
25459	0.53742552
25460	0.53401655
25461	0.53087527
25462	0.52798653
25463	0.52533305
25464	0.52289611
25465	0.52065611
25466	0.51859343
25467	0.51668811
25468	0.51492071
25469	0.51327211
25470	0.51172328
25471	0.51025563
25472	0.50885004
25473	0.50748712
25474	0.50614661
25475	0.50480688
25476	0.50344515
25477	0.50203693
25478	0.50055647
25479	0.49897709
25480	0.49727148
25481	0.49541304
25482	0.49337631
25483	0.49113822
25484	0.48867914
25485	0.48598370
25486	0.48304173
25487	0.47984862
25488	0.47640601
25489	0.47272179
25490	0.46881005
25491	0.46469089
25492	0.46039012
25493	0.45593843
25494	0.45137089
25495	0.44672614
25496	0.44204533
25497	0.43737128
25498	0.43274716
25499	0.42821550
25500	0.42381677
25501	0.41958833
25502	0.41556293
25503	0.41176772
25504	0.40822312
25505	0.40494204
25506	0.40192932
25507	0.39918151
25508	0.39668715
25509	0.39442706
25510	0.39237535
25511	0.39050043
25512	0.38876605
25513	0.38713291
25514	0.38555992
25515	0.38400507
25516	0.38242701
25517	0.38078585
25518	0.37904397
25519	0.37716672
25520	0.37512299
25521	0.37288576
25522	0.37043244
25523	0.36774498
25524	0.36481053
25525	0.36162147
25526	0.35817567
25527	0.35447651
25528	0.35053313
25529	0.34636015
25530	0.34197760
25531	0.33741021
25532	0.33268726
25533	0.32784140
25534	0.32290792
25535	0.31792381
25536	0.31292662
25537	0.30795357
25538	0.30304056
25539	0.29822141
25540	0.29352731
25541	0.28898621
25542	0.28462318
25543	0.28045964
25544	0.27651420
25545	0.27280238
25546	0.26933759
25547	0.26613075
25548	0.26319122
25549	0.26052666
25550	0.25814340
25551	0.25604630
25552	0.25423849
25553	0.25272146
25554	0.25149381
25555	0.25055122
25556	0.24988472
25557	0.24948029
25558	0.24931686
25559	0.24936539
25560	0.24958724
25561	0.24993324
25562	0.25034282
25563	0.25074399
25564	0.25105405
25565	0.25118107
25566	0.25102660
25567	0.25048912
25568	0.24946785
25569	0.24786744
25570	0.24560136
25571	0.24259612
25572	0.23879273
25573	0.23414825
25574	0.22863521
25575	0.22223981
25576	0.21495958
25577	0.20679988
25578	0.19777073
25579	0.18788368
25580	0.17714876
25581	0.16557258
25582	0.15315798
25583	0.13990395
25584	0.12580766
25585	0.11086863
25586	0.09509442
25587	0.07850999
25588	0.06116960
25589	0.04317482
25590	0.02469639
25591	0.00600367
25592	-0.01249692
25593	-0.03021631
25594	-0.04632749
25595	-0.05970062
25596	-0.06883276
25597	-0.07177658
25598	-0.06606572
25599	-0.04863466
25600	-0.01570778
25601	0.03743440
25602	0.11699396
25603	0.23198850
25604	0.39758605
25605	0.64412290
25606	1.04579008
25607	1.84528530
25608	NaN
25609	NaN
25610	NaN
25611	NaN
25612	NaN
25613	NaN
25614	NaN
25615	NaN
25616	NaN
25617	NaN
25618	NaN
25619	NaN
25620	NaN
25621	NaN
25622	NaN
25623	NaN
25624	NaN
25625	NaN
25626	NaN
25627	NaN
25628	NaN
25629	NaN
25630	NaN
25631	NaN
25632	NaN
25633	NaN
25634	NaN
25635	NaN
25636	NaN
25637	NaN
25638	NaN
25639	NaN
25640	NaN
25641	NaN
25642	NaN
25643	NaN
25644	NaN
25645	NaN
25646	NaN
25647	NaN
25648	NaN
25649	NaN
25650	NaN
25651	NaN
25652	NaN
25653	NaN
25654	NaN
25655	NaN
25656	NaN
25657	NaN
25658	NaN
25659	NaN
25660	NaN
25661	NaN
25662	NaN
25663	NaN
25664	NaN
25665	NaN
25666	NaN
25667	NaN
25668	NaN
25669	NaN
25670	NaN
25671	NaN
25672	NaN
25673	NaN
25674	NaN
25675	NaN
25676	NaN
25677	NaN
25678	NaN
25679	NaN
25680	NaN
25681	NaN
25682	NaN
25683	NaN
25684	NaN
25685	NaN
25686	NaN
25687	NaN
25688	NaN
25689	NaN
25690	NaN
25691	NaN
25692	NaN
25693	NaN
25694	1.60814750
25695	1.01912200
25696	0.87164646
25697	0.80569923
25698	0.76920068
25699	0.74673176
25700	0.73207963
25701	0.72224396
25702	0.71558821
25703	0.71113771
25704	0.70827198
25705	0.70657533
25706	0.70575839
25707	0.70561302
25708	0.70598680
25709	0.70676601
25710	0.70786488
25711	0.70921856
25712	0.71077687
25713	0.71250153
25714	0.71436161
25715	0.71633202
25716	0.71839100
25717	0.72051799
25718	0.72269255
25719	0.72489238
25720	0.72709239
25721	0.72926307
25722	0.73137039
25723	0.73337406
25724	0.73522747
25725	0.73687726
25726	0.73826325
25727	0.73931891
25728	0.73997235
25729	0.74014789
25730	0.73976833
25731	0.73875791
25732	0.73704606
25733	0.73457170
25734	0.73128778
25735	0.72716689
25736	0.72220469
25737	0.71642458
25738	0.70987970
25739	0.70265383
25740	0.69486040
25741	0.68663853
25742	0.67814833
25743	0.66956401
25744	0.66106594
25745	0.65283310
25746	0.64503515
25747	0.63782609
25748	0.63133866
25749	0.62568074
25750	0.62093282
25751	0.61714703
25752	0.61434728
25753	0.61253011
25754	0.61166632
25755	0.61170286
25756	0.61256516
25757	0.61415935
25758	0.61637479
25759	0.61908686
25760	0.62215966
25761	0.62544972
25762	0.62880903
25763	0.63208920
25764	0.63514578
25765	0.63784236
25766	0.64005506
25767	0.64167672
25768	0.64262050
25769	0.64282244
25770	0.64224362
25771	0.64087033
25772	0.63871360
25773	0.63580722
25774	0.63220465
25775	0.62797582
25776	0.62320256
25777	0.61797440
25778	0.61238486
25779	0.60652751
25780	0.60049301
25781	0.59436697
25782	0.58822793
25783	0.58214658
25784	0.57618517
25785	0.57039744
25786	0.56482869
25787	0.55951631
25788	0.55449039
25789	0.54977399
25790	0.54538381
25791	0.54133064
25792	0.53761911
25793	0.53424865
25794	0.53121281
25795	0.52849972
25796	0.52609199
25797	0.52396685
25798	0.52209657
25799	0.52044857
25800	0.51898623
25801	0.51766980
25802	0.51645720
25803	0.51530510
25804	0.51417011
25805	0.51300979
25806	0.51178384
25807	0.51045495
25808	0.50898927
25809	0.50735718
25810	0.50553340
25811	0.50349736
25812	0.50123340
25813	0.49873021
25814	0.49598151
25815	0.49298567
25816	0.48974580
25817	0.48626962
25818	0.48256993
25819	0.47866392
25820	0.47457394
25821	0.47032654
25822	0.46595293
25823	0.46148822
25824	0.45697090
25825	0.45244205
25826	0.44794446
25827	0.44352141
25828	0.43921527
25829	0.43506604
25830	0.43110999
25831	0.42737830
25832	0.42389554
25833	0.42067915
25834	0.41773841
25835	0.41507435
25836	0.41267964
25837	0.41053906
25838	0.40863016
25839	0.40692389
25840	0.40538582
25841	0.40397733
25842	0.40265667
25843	0.40138030
25844	0.40010414
25845	0.39878458
25846	0.39737970
25847	0.39585021
25848	0.39416000
25849	0.39227700
25850	0.39017338
25851	0.38782611
25852	0.38521689
25853	0.38233224
25854	0.37916371
25855	0.37570769
25856	0.37196550
25857	0.36794341
25858	0.36365294
25859	0.35911065
25860	0.35433859
25861	0.34936389
25862	0.34421912
25863	0.33894154
25864	0.33357278
25865	0.32815790
25866	0.32274482
25867	0.31738281
25868	0.31212145
25869	0.30700976
25870	0.30209488
25871	0.29742143
25872	0.29303065
25873	0.28896019
25874	0.28524345
25875	0.28190958
25876	0.27898347
25877	0.27648532
25878	0.27443096
25879	0.27283141
25880	0.27169272
25881	0.27101555
25882	0.27079478
25883	0.27101871
25884	0.27166820
25885	0.27271560
25886	0.27412388
25887	0.27584541
25888	0.27782080
25889	0.27997881
25890	0.28223553
25891	0.28449526
25892	0.28665179
25893	0.28859022
25894	0.29019043
25895	0.29133084
25896	0.29189274
25897	0.29176480
25898	0.29084748
25899	0.28905675
25900	0.28632620
25901	0.28260881
25902	0.27787668
25903	0.27211982
25904	0.26534411
25905	0.25756878
25906	0.24882305
25907	0.23914443
25908	0.22857592
25909	0.21716474
25910	0.20496233
25911	0.19202438
25912	0.17841275
25913	0.16419779
25914	0.14946222
25915	0.13430625
25916	0.11885359
25917	0.10325928
25918	0.08771827
25919	0.07247594
25920	0.05783824
25921	0.04418403
25922	0.03197434
25923	0.02176195
25924	0.01419496
25925	0.01001669
25926	0.01005695
25927	0.01521725
25928	0.02645062
25929	0.04473960
25930	0.07108595
25931	0.10652032
25932	0.15215731
25933	0.20932315
25934	0.27980405
25935	0.36630276
25936	0.47329348
25937	0.60872275
25938	0.78777719
25939	1.04251575
25940	1.45212615
25941	2.27455878
25942	5.08091497
25943	NaN
25944	NaN
25945	NaN
25946	NaN
25947	NaN
25948	NaN
25949	NaN
25950	NaN
25951	NaN
25952	NaN
25953	NaN
25954	NaN
25955	NaN
25956	NaN
25957	NaN
25958	NaN
25959	NaN
25960	NaN
25961	NaN
25962	NaN
25963	NaN
25964	NaN
25965	NaN
25966	NaN
25967	NaN
25968	NaN
25969	NaN
25970	NaN
25971	NaN
25972	NaN
25973	NaN
25974	NaN
25975	NaN
25976	NaN
25977	NaN
25978	NaN
25979	NaN
25980	NaN
25981	NaN
25982	NaN
25983	NaN
25984	NaN
25985	NaN
25986	NaN
25987	NaN
25988	NaN
25989	NaN
25990	NaN
25991	NaN
25992	NaN
25993	NaN
25994	NaN
25995	NaN
25996	NaN
25997	NaN
25998	NaN
25999	NaN
26000	NaN
26001	NaN
26002	NaN
26003	NaN
26004	NaN
26005	NaN
26006	NaN
26007	NaN
26008	NaN
26009	NaN
26010	NaN
26011	NaN
26012	NaN
26013	NaN
26014	NaN
26015	NaN
26016	NaN
26017	NaN
26018	NaN
26019	1.62404275
26020	0.92720342
26021	0.82055813
26022	0.77787048
26023	0.75528663
26024	0.74164200
26025	0.73277354
26026	0.72676533
26027	0.72260457
26028	0.71970052
26029	0.71768188
26030	0.71630144
26031	0.71538740
26032	0.71481621
26033	0.71449733
26034	0.71436316
26035	0.71436292
26036	0.71445853
26037	0.71462125
26038	0.71482950
26039	0.71506709
26040	0.71532166
26041	0.71558291
26042	0.71584177
26043	0.71608931
26044	0.71631515
26045	0.71650755
26046	0.71665174
26047	0.71672982
26048	0.71672034
26049	0.71659809
26050	0.71633416
26051	0.71589613
26052	0.71524924
26053	0.71435696
26054	0.71318245
26055	0.71169013
26056	0.70984757
26057	0.70762730
26058	0.70500869
26059	0.70198017
26060	0.69854069
26061	0.69470054
26062	0.69048327
26063	0.68592489
26064	0.68107373
26065	0.67598981
26066	0.67074245
26067	0.66540837
26068	0.66006893
26069	0.65480733
26070	0.64970529
26071	0.64484042
26072	0.64028323
26073	0.63609475
26074	0.63232458
26075	0.62900877
26076	0.62616962
26077	0.62381428
26078	0.62193501
26079	0.62050968
26080	0.61950243
26081	0.61886477
26082	0.61853743
26083	0.61845213
26084	0.61853337
26085	0.61870158
26086	0.61887479
26087	0.61897188
26088	0.61891496
26089	0.61863190
26090	0.61805892
26091	0.61714256
26092	0.61584157
26093	0.61412811
26094	0.61198854
26095	0.60942388
26096	0.60644895
26097	0.60309166
26098	0.59939116
26099	0.59539598
26100	0.59116113
26101	0.58674592
26102	0.58221072
26103	0.57761443
26104	0.57301211
26105	0.56845325
26106	0.56397963
26107	0.55962491
26108	0.55541426
26109	0.55136406
26110	0.54748297
26111	0.54377228
26112	0.54022759
26113	0.53683996
26114	0.53359705
26115	0.53048497
26116	0.52748924
26117	0.52459586
26118	0.52179229
26119	0.51906788
26120	0.51641423
26121	0.51382506
26122	0.51129586
26123	0.50882381
26124	0.50640661
26125	0.50404209
26126	0.50172758
26127	0.49945903
26128	0.49723071
26129	0.49503446
26130	0.49285960
26131	0.49069291
26132	0.48851830
26133	0.48631731
26134	0.48406932
26135	0.48175225
26136	0.47934330
26137	0.47681984
26138	0.47416058
26139	0.47134659
26140	0.46836254
26141	0.46519747
26142	0.46184582
26143	0.45830804
26144	0.45459095
26145	0.45070770
26146	0.44667765
26147	0.44252592
26148	0.43828264
26149	0.43398198
26150	0.42966104
26151	0.42535847
26152	0.42111352
26153	0.41696420
26154	0.41294631
26155	0.40909207
26156	0.40542889
26157	0.40197849
26158	0.39875618
26159	0.39577010
26160	0.39302123
26161	0.39050305
26162	0.38820189
26163	0.38609752
26164	0.38416383
26165	0.38236955
26166	0.38067976
26167	0.37905651
26168	0.37746072
26169	0.37585300
26170	0.37419510
26171	0.37245098
26172	0.37058794
26173	0.36857724
26174	0.36639494
26175	0.36402234
26176	0.36144617
26177	0.35865864
26178	0.35565737
26179	0.35244527
26180	0.34902987
26181	0.34542310
26182	0.34164059
26183	0.33770120
26184	0.33362621
26185	0.32943904
26186	0.32516432
26187	0.32082766
26188	0.31645510
26189	0.31207260
26190	0.30770567
26191	0.30337918
26192	0.29911676
26193	0.29494092
26194	0.29087278
26195	0.28693157
26196	0.28313547
26197	0.27950069
26198	0.27604237
26199	0.27277431
26200	0.26970917
26201	0.26685846
26202	0.26423252
26203	0.26184025
26204	0.25968882
26205	0.25778303
26206	0.25612468
26207	0.25471172
26208	0.25353745
26209	0.25258940
26210	0.25184879
26211	0.25128928
26212	0.25087696
26213	0.25056931
26214	0.25031605
26215	0.25005904
26216	0.24973327
26217	0.24926871
26218	0.24859186
26219	0.24762827
26220	0.24630502
26221	0.24455352
26222	0.24231166
26223	0.23952642
26224	0.23615509
26225	0.23216631
26226	0.22754085
26227	0.22227108
26228	0.21636036
26229	0.20982227
26230	0.20267947
26231	0.19496237
26232	0.18670829
26233	0.17796029
26234	0.16876659
26235	0.15918025
26236	0.14925927
26237	0.13906786
26238	0.12867735
26239	0.11816948
26240	0.10763936
26241	0.09719971
26242	0.08698661
26243	0.07716452
26244	0.06793177
26245	0.05952561
26246	0.05222445
26247	0.04634823
26248	0.04225416
26249	0.04032778
26250	0.04096886
26251	0.04457288
26252	0.05151003
26253	0.06210488
26254	0.07662141
26255	0.09525927
26256	0.11816543
26257	0.14546947
26258	0.17735060
26259	0.21415034
26260	0.25656831
26261	0.30602014
26262	0.36537856
26263	0.44073987
26264	0.54652566
26265	0.72484684
26266	1.16695714
26267	NaN
26268	NaN
26269	NaN
26270	NaN
26271	NaN
26272	NaN
26273	NaN
26274	NaN
26275	NaN
26276	NaN
26277	NaN
26278	NaN
26279	NaN
26280	NaN
26281	NaN
26282	NaN
26283	NaN
26284	NaN
26285	NaN
26286	NaN
26287	NaN
26288	NaN
26289	NaN
26290	NaN
26291	NaN
26292	NaN
26293	NaN
26294	NaN
26295	NaN
26296	NaN
26297	NaN
26298	NaN
26299	NaN
26300	NaN
26301	NaN
26302	NaN
26303	NaN
26304	NaN
26305	NaN
26306	NaN
26307	NaN
26308	NaN
26309	NaN
26310	NaN
26311	NaN
26312	NaN
26313	NaN
26314	NaN
26315	NaN
26316	NaN
26317	NaN
26318	NaN
26319	NaN
26320	NaN
26321	NaN
26322	NaN
26323	NaN
26324	NaN
26325	NaN
26326	NaN
26327	NaN
26328	NaN
26329	NaN
26330	NaN
26331	NaN
26332	NaN
26333	NaN
26334	NaN
26335	NaN
26336	NaN
26337	NaN
26338	NaN
26339	NaN
26340	NaN
26341	NaN
26342	NaN
26343	NaN
26344	NaN
26345	NaN
26346	NaN
26347	NaN
26348	NaN
26349	1.58124900
26350	1.01818955
26351	0.86439472
26352	0.79522520
26353	0.75752723
26354	0.73489773
26355	0.72059655
26356	0.71134037
26357	0.70533568
26358	0.70151943
26359	0.69922137
26360	0.69799882
26361	0.69754857
26362	0.69765711
26363	0.69817197
26364	0.69898188
26365	0.70000619
26366	0.70118564
26367	0.70247734
26368	0.70385015
26369	0.70528215
26370	0.70675737
26371	0.70826393
26372	0.70979249
26373	0.71133435
26374	0.71288013
26375	0.71441853
26376	0.71593469
26377	0.71740985
26378	0.71881944
26379	0.72013289
26380	0.72131264
26381	0.72231376
26382	0.72308338
26383	0.72356176
26384	0.72368211
26385	0.72337270
26386	0.72255832
26387	0.72116351
26388	0.71911579
26389	0.71635062
26390	0.71281576
26391	0.70847720
26392	0.70332426
26393	0.69737405
26394	0.69067526
26395	0.68330908
26396	0.67538875
26397	0.66705590
26398	0.65847474
26399	0.64982390
26400	0.64128786
26401	0.63304752
26402	0.62527168
26403	0.61811024
26404	0.61168873
26405	0.60610485
26406	0.60142744
26407	0.59769583
26408	0.59492117
26409	0.59308809
26410	0.59215695
26411	0.59206581
26412	0.59273326
26413	0.59406060
26414	0.59593415
26415	0.59822834
26416	0.60080791
26417	0.60353196
26418	0.60625654
26419	0.60883963
26420	0.61114466
26421	0.61304522
26422	0.61442935
26423	0.61520332
26424	0.61529511
26425	0.61465663
26426	0.61326462
26427	0.61112094
26428	0.60825080
26429	0.60470057
26430	0.60053402
26431	0.59582859
26432	0.59067106
26433	0.58515334
26434	0.57936865
26435	0.57340842
26436	0.56735951
26437	0.56130230
26438	0.55530936
26439	0.54944503
26440	0.54376465
26441	0.53831530
26442	0.53313541
26443	0.52825576
26444	0.52369988
26445	0.51948416
26446	0.51561862
26447	0.51210684
26448	0.50894654
26449	0.50612932
26450	0.50364113
26451	0.50146204
26452	0.49956691
26453	0.49792537
26454	0.49650228
26455	0.49525881
26456	0.49415308
26457	0.49314111
26458	0.49217838
26459	0.49122086
26460	0.49022639
26461	0.48915574
26462	0.48797384
26463	0.48665008
26464	0.48515922
26465	0.48348114
26466	0.48160097
26467	0.47950867
26468	0.47719878
26469	0.47466978
26470	0.47192392
26471	0.46896675
26472	0.46580711
26473	0.46245685
26474	0.45893106
26475	0.45524803
26476	0.45142949
26477	0.44750074
26478	0.44349051
26479	0.43943101
26480	0.43535751
26481	0.43130767
26482	0.42732078
26483	0.42343661
26484	0.41969401
26485	0.41612947
26486	0.41277552
26487	0.40965915
26488	0.40680051
26489	0.40421170
26490	0.40189615
26491	0.39984795
26492	0.39805201
26493	0.39648449
26494	0.39511350
26495	0.39390016
26496	0.39280003
26497	0.39176455
26498	0.39074233
26499	0.38968101
26500	0.38852841
26501	0.38723421
26502	0.38575083
26503	0.38403490
26504	0.38204783
26505	0.37975696
26506	0.37713605
26507	0.37416571
26508	0.37083402
26509	0.36713651
26510	0.36307651
26511	0.35866493
26512	0.35392031
26513	0.34886843
26514	0.34354168
26515	0.33797887
26516	0.33222398
26517	0.32632565
26518	0.32033581
26519	0.31430855
26520	0.30829918
26521	0.30236247
26522	0.29655185
26523	0.29091832
26524	0.28550923
26525	0.28036794
26526	0.27553287
26527	0.27103764
26528	0.26691061
26529	0.26317510
26530	0.25984970
26531	0.25694832
26532	0.25448084
26533	0.25245324
26534	0.25086787
26535	0.24972372
26536	0.24901623
26537	0.24873717
26538	0.24887381
26539	0.24940839
26540	0.25031683
26541	0.25156745
26542	0.25311944
26543	0.25492126
26544	0.25690907
26545	0.25900617
26546	0.26112175
26547	0.26315174
26548	0.26497975
26549	0.26647997
26550	0.26752025
26551	0.26796675
26552	0.26768878
26553	0.26656327
26554	0.26447928
26555	0.26134101
26556	0.25706887
26557	0.25159988
26558	0.24488541
26559	0.23688875
26560	0.22758079
26561	0.21693644
26562	0.20493053
26563	0.19153416
26564	0.17671253
26565	0.16042285
26566	0.14261335
26567	0.12322390
26568	0.10218739
26569	0.07943196
26570	0.05488566
26571	0.02848216
26572	0.00017038
26573	-0.03007396
26574	-0.06223044
26575	-0.09621079
26576	-0.13182867
26577	-0.16875856
26578	-0.20648620
26579	-0.24424878
26580	-0.28096372
26581	-0.31515396
26582	-0.34486824
26583	-0.36759776
26584	-0.38017392
26585	-0.37860107
26586	-0.35766327
26587	-0.30995178
26588	-0.22324386
26589	-0.07276875
26590	0.20668465
26591	0.87163579
26592	NaN
26593	NaN
26594	NaN
26595	NaN
26596	NaN
26597	NaN
26598	NaN
26599	NaN
26600	NaN
26601	NaN
26602	NaN
26603	NaN
26604	NaN
26605	NaN
26606	NaN
26607	NaN
26608	NaN
26609	NaN
26610	NaN
26611	NaN
26612	NaN
26613	NaN
26614	NaN
26615	NaN
26616	NaN
26617	NaN
26618	NaN
26619	NaN
26620	NaN
26621	NaN
26622	NaN
26623	NaN
26624	NaN
26625	NaN
26626	NaN
26627	NaN
26628	NaN
26629	NaN
26630	NaN
26631	NaN
26632	NaN
26633	NaN
26634	NaN
26635	NaN
26636	NaN
26637	NaN
26638	NaN
26639	NaN
26640	NaN
26641	NaN
26642	NaN
26643	NaN
26644	NaN
26645	NaN
26646	NaN
26647	NaN
26648	NaN
26649	NaN
26650	NaN
26651	NaN
26652	NaN
26653	NaN
26654	NaN
26655	NaN
26656	NaN
26657	NaN
26658	NaN
26659	NaN
26660	NaN
26661	NaN
26662	NaN
26663	NaN
26664	NaN
26665	NaN
26666	NaN
26667	NaN
26668	NaN
26669	NaN
26670	NaN
26671	NaN
26672	NaN
26673	NaN
26674	NaN
26675	NaN
26676	NaN
26677	NaN
26678	NaN
26679	NaN
26680	NaN
26681	NaN
26682	NaN
26683	NaN
26684	NaN
26685	0.87209427
26686	0.75136554
26687	0.70911866
26688	0.68830097
26689	0.67628324
26690	0.66867250
26691	0.66354519
26692	0.65993142
26693	0.65729374
26694	0.65531468
26695	0.65379828
26696	0.65261984
26697	0.65169901
26698	0.65098369
26699	0.65044016
26700	0.65004712
26701	0.64979118
26702	0.64966375
26703	0.64965928
26704	0.64977282
26705	0.64999926
26706	0.65033191
26707	0.65076160
26708	0.65127599
26709	0.65185910
26710	0.65249074
26711	0.65314627
26712	0.65379667
26713	0.65440845
26714	0.65494382
26715	0.65536094
26716	0.65561467
26717	0.65565711
26718	0.65543860
26719	0.65490878
26720	0.65401810
26721	0.65271974
26722	0.65097117
26723	0.64873672
26724	0.64598989
26725	0.64271593
26726	0.63891375
26727	0.63459843
26728	0.62980235
26729	0.62457585
26730	0.61898679
26731	0.61311930
26732	0.60707104
26733	0.60095018
26734	0.59487069
26735	0.58894825
26736	0.58329499
26737	0.57801557
26738	0.57320267
26739	0.56893384
26740	0.56526935
26741	0.56225026
26742	0.55989826
26743	0.55821514
26744	0.55718392
26745	0.55676991
26746	0.55692202
26747	0.55757469
26748	0.55864972
26749	0.56005806
26750	0.56170231
26751	0.56347889
26752	0.56528056
26753	0.56699950
26754	0.56852990
26755	0.56977165
26756	0.57063311
26757	0.57103467
26758	0.57091135
26759	0.57021511
26760	0.56891680
26761	0.56700641
26762	0.56449312
26763	0.56140381
26764	0.55778116
26765	0.55368036
26766	0.54916590
26767	0.54430801
26768	0.53917938
26769	0.53385162
26770	0.52839315
26771	0.52286690
26772	0.51732916
26773	0.51182914
26774	0.50640833
26775	0.50110155
26776	0.49593696
26777	0.49093723
26778	0.48612058
26779	0.48150158
26780	0.47709224
26781	0.47290272
26782	0.46894199
26783	0.46521834
26784	0.46173942
26785	0.45851234
26786	0.45554313
26787	0.45283636
26788	0.45039427
26789	0.44821596
26790	0.44629633
26791	0.44462544
26792	0.44318756
26793	0.44196078
26794	0.44091675
26795	0.44002077
26796	0.43923229
26797	0.43850583
26798	0.43779179
26799	0.43703830
26800	0.43619233
26801	0.43520144
26802	0.43401560
26803	0.43258855
26804	0.43087932
26805	0.42885336
26806	0.42648372
26807	0.42375168
26808	0.42064747
26809	0.41717052
26810	0.41332954
26811	0.40914235
26812	0.40463558
26813	0.39984411
26814	0.39480987
26815	0.38958129
26816	0.38421133
26817	0.37875652
26818	0.37327507
26819	0.36782503
26820	0.36246258
26821	0.35724041
26822	0.35220611
26823	0.34740084
26824	0.34285828
26825	0.33860403
26826	0.33465517
26827	0.33102021
26828	0.32769951
26829	0.32468575
26830	0.32196456
26831	0.31951565
26832	0.31731343
26833	0.31532836
26834	0.31352758
26835	0.31187624
26836	0.31033802
26837	0.30887616
26838	0.30745420
26839	0.30603650
26840	0.30458882
26841	0.30307874
26842	0.30147600
26843	0.29975280
26844	0.29788426
26845	0.29584837
26846	0.29362646
26847	0.29120326
26848	0.28856704
26849	0.28570980
26850	0.28262743
26851	0.27931970
26852	0.27579021
26853	0.27204663
26854	0.26810026
26855	0.26396617
26856	0.25966299
26857	0.25521255
26858	0.25063956
26859	0.24597137
26860	0.24123733
26861	0.23646852
26862	0.23169713
26863	0.22695598
26864	0.22227821
26865	0.21769673
26866	0.21324413
26867	0.20895225
26868	0.20485210
26869	0.20097375
26870	0.19734618
26871	0.19399713
26872	0.19095264
26873	0.18823685
26874	0.18587065
26875	0.18387124
26876	0.18225044
26877	0.18101297
26878	0.18015465
26879	0.17966032
26880	0.17950182
26881	0.17963611
26882	0.18000427
26883	0.18053092
26884	0.18112463
26885	0.18167996
26886	0.18208005
26887	0.18220066
26888	0.18191454
26889	0.18109600
26890	0.17962521
26891	0.17739111
26892	0.17429365
26893	0.17024414
26894	0.16516463
26895	0.15898561
26896	0.15164343
26897	0.14307688
26898	0.13322358
26899	0.12201641
26900	0.10938088
26901	0.09523162
26902	0.07947071
26903	0.06198566
26904	0.04264818
26905	0.02131378
26906	-0.00217690
26907	-0.02799692
26908	-0.05632738
26909	-0.08735095
26910	-0.12123910
26911	-0.15813629
26912	-0.19813094
26913	-0.24121785
26914	-0.28723937
26915	-0.33578864
26916	-0.38603240
26917	-0.43628234
26918	-0.48242921
26919	-0.50730312
26920	NaN
26921	NaN
26922	NaN
26923	NaN
26924	NaN
26925	NaN
26926	NaN
26927	NaN
26928	NaN
26929	NaN
26930	NaN
26931	NaN
26932	NaN
26933	NaN
26934	NaN
26935	NaN
26936	NaN
26937	NaN
26938	NaN
26939	NaN
26940	NaN
26941	NaN
26942	NaN
26943	NaN
26944	NaN
26945	NaN
26946	NaN
26947	NaN
26948	NaN
26949	NaN
26950	NaN
26951	NaN
26952	NaN
26953	NaN
26954	NaN
26955	NaN
26956	NaN
26957	NaN
26958	NaN
26959	NaN
26960	NaN
26961	NaN
26962	NaN
26963	NaN
26964	NaN
26965	NaN
26966	NaN
26967	NaN
26968	NaN
26969	NaN
26970	NaN
26971	NaN
26972	NaN
26973	NaN
26974	NaN
26975	NaN
26976	NaN
26977	NaN
26978	NaN
26979	NaN
26980	NaN
26981	NaN
26982	NaN
26983	NaN
26984	NaN
26985	NaN
26986	NaN
26987	NaN
26988	NaN
26989	NaN
26990	NaN
26991	NaN
26992	NaN
26993	NaN
26994	NaN
26995	NaN
26996	NaN
26997	NaN
26998	NaN
26999	NaN
27000	NaN
27001	NaN
27002	NaN
27003	NaN
27004	NaN
27005	NaN
27006	NaN
27007	NaN
27008	0.76306742
27009	0.73613352
27010	0.72527593
27011	0.71761870
27012	0.71151209
27013	0.70644581
27014	0.70218313
27015	0.69858247
27016	0.69554454
27017	0.69299185
27018	0.69086063
27019	0.68909651
27020	0.68765223
27021	0.68648672
27022	0.68556374
27023	0.68485123
27024	0.68432134
27025	0.68394923
27026	0.68371278
27027	0.68359244
27028	0.68357044
27029	0.68363053
27030	0.68375725
27031	0.68393558
27032	0.68415052
27033	0.68438619
27034	0.68462545
27035	0.68484926
27036	0.68503582
27037	0.68516028
27038	0.68519419
27039	0.68510503
27040	0.68485659
27041	0.68440872
27042	0.68371803
27043	0.68273902
27044	0.68142551
27045	0.67973250
27046	0.67761856
27047	0.67504829
27048	0.67199481
27049	0.66844308
27050	0.66439152
27051	0.65985435
27052	0.65486300
27053	0.64946598
27054	0.64372873
27055	0.63773167
27056	0.63156807
27057	0.62534034
27058	0.61915636
27059	0.61312538
27060	0.60735387
27061	0.60194159
27062	0.59697837
27063	0.59254080
27064	0.58869064
27065	0.58547276
27066	0.58291399
27067	0.58102328
27068	0.57979089
27069	0.57918942
27070	0.57917446
27071	0.57968575
27072	0.58064872
27073	0.58197671
27074	0.58357286
27075	0.58533317
27076	0.58714902
27077	0.58891088
27078	0.59051114
27079	0.59184778
27080	0.59282762
27081	0.59336931
27082	0.59340560
27083	0.59288591
27084	0.59177703
27085	0.59006411
27086	0.58774996
27087	0.58485425
27088	0.58141154
27089	0.57746917
27090	0.57308418
27091	0.56832051
27092	0.56324613
27093	0.55793059
27094	0.55244195
27095	0.54684579
27096	0.54120284
27097	0.53556865
27098	0.52999258
27099	0.52451777
27100	0.51918101
27101	0.51401317
27102	0.50903946
27103	0.50428003
27104	0.49975044
27105	0.49546224
27106	0.49142313
27107	0.48763761
27108	0.48410675
27109	0.48082855
27110	0.47779781
27111	0.47500578
27112	0.47244057
27113	0.47008663
27114	0.46792504
27115	0.46593362
27116	0.46408749
27117	0.46235934
27118	0.46072042
27119	0.45914087
27120	0.45759070
27121	0.45604068
27122	0.45446244
27123	0.45282936
27124	0.45111683
27125	0.44930255
27126	0.44736665
27127	0.44529185
27128	0.44306368
27129	0.44067064
27130	0.43810433
27131	0.43535984
27132	0.43243584
27133	0.42933497
27134	0.42606419
27135	0.42263484
27136	0.41906279
27137	0.41536829
27138	0.41157585
27139	0.40771362
27140	0.40381277
27141	0.39990675
27142	0.39602980
27143	0.39221630
27144	0.38849905
27145	0.38490829
27146	0.38147026
27147	0.37820634
27148	0.37513196
27149	0.37225598
27150	0.36958033
27151	0.36709985
27152	0.36480248
27153	0.36266977
27154	0.36067760
27155	0.35879707
27156	0.35699561
27157	0.35523832
27158	0.35348886
27159	0.35171100
27160	0.34986940
27161	0.34793082
27162	0.34586495
27163	0.34364510
27164	0.34124878
27165	0.33865812
27166	0.33586052
27167	0.33284834
27168	0.32961950
27169	0.32617715
27170	0.32252976
27171	0.31869075
27172	0.31467831
27173	0.31051487
27174	0.30622661
27175	0.30184275
27176	0.29739520
27177	0.29291734
27178	0.28844389
27179	0.28400943
27180	0.27964824
27181	0.27539331
27182	0.27127555
27183	0.26732343
27184	0.26356226
27185	0.26001391
27186	0.25669652
27187	0.25362450
27188	0.25080842
27189	0.24825491
27190	0.24596734
27191	0.24394554
27192	0.24218610
27193	0.24068272
27194	0.23942603
27195	0.23840393
27196	0.23760127
27197	0.23700014
27198	0.23657931
27199	0.23631430
27200	0.23617698
27201	0.23613560
27202	0.23615423
27203	0.23619297
27204	0.23620774
27205	0.23615055
27206	0.23596978
27207	0.23561096
27208	0.23501748
27209	0.23413202
27210	0.23289767
27211	0.23125966
27212	0.22916670
27213	0.22657239
27214	0.22343655
27215	0.21972576
27216	0.21541356
27217	0.21048073
27218	0.20491442
27219	0.19870771
27220	0.19185829
27221	0.18436809
27222	0.17624237
27223	0.16748960
27224	0.15812199
27225	0.14815620
27226	0.13761485
27227	0.12652923
27228	0.11494199
27229	0.10291061
27230	0.09051248
27231	0.07784943
27232	0.06505438
27233	0.05229716
27234	0.03979187
27235	0.02780252
27236	0.01664805
27237	0.00670520
27238	-0.00159212
27239	-0.00775970
27240	-0.01127220
27241	-0.01158029
27242	-0.00813030
27243	-0.00038338
27244	0.01216912
27245	0.03000337
27246	0.05358231
27247	0.08341058
27248	0.12014288
27249	0.16478166
27250	0.21904194
27251	0.28606561
27252	0.37197635
27253	0.48981866
27254	0.67174673
27255	1.02094114
27256	2.13578343
27257	NaN
27258	NaN
27259	NaN
27260	NaN
27261	NaN
27262	NaN
27263	NaN
27264	NaN
27265	NaN
27266	NaN
27267	NaN
27268	NaN
27269	NaN
27270	NaN
27271	NaN
27272	NaN
27273	NaN
27274	NaN
27275	NaN
27276	NaN
27277	NaN
27278	NaN
27279	NaN
27280	NaN
27281	NaN
27282	NaN
27283	NaN
27284	NaN
27285	NaN
27286	NaN
27287	NaN
27288	NaN
27289	NaN
27290	NaN
27291	NaN
27292	NaN
27293	NaN
27294	NaN
27295	NaN
27296	NaN
27297	NaN
27298	NaN
27299	NaN
27300	NaN
27301	NaN
27302	NaN
27303	NaN
27304	NaN
27305	NaN
27306	NaN
27307	NaN
27308	NaN
27309	NaN
27310	NaN
27311	NaN
27312	NaN
27313	NaN
27314	NaN
27315	NaN
27316	NaN
27317	NaN
27318	NaN
27319	NaN
27320	NaN
27321	NaN
27322	NaN
27323	NaN
27324	NaN
27325	NaN
27326	NaN
27327	NaN
27328	NaN
27329	NaN
27330	NaN
27331	NaN
27332	NaN
27333	0.82401377
27334	0.75810742
27335	0.73602736
27336	0.72585833
27337	0.72056669
27338	0.71770680
27339	0.71620148
27340	0.71550018
27341	0.71528941
27342	0.71537614
27343	0.71563393
27344	0.71597648
27345	0.71634239
27346	0.71668762
27347	0.71698016
27348	0.71719676
27349	0.71732080
27350	0.71734124
27351	0.71725070
27352	0.71704531
27353	0.71672344
27354	0.71628553
27355	0.71573305
27356	0.71506834
27357	0.71429372
27358	0.71341115
27359	0.71242166
27360	0.71132493
27361	0.71011865
27362	0.70879817
27363	0.70735604
27364	0.70578134
27365	0.70405948
27366	0.70217204
27367	0.70009649
27368	0.69780713
27369	0.69527572
27370	0.69247299
27371	0.68937039
27372	0.68594217
27373	0.68216789
27374	0.67803532
27375	0.67354262
27376	0.66870070
27377	0.66353542
27378	0.65808815
27379	0.65241599
27380	0.64659059
27381	0.64069581
27382	0.63482487
27383	0.62907588
27384	0.62354791
27385	0.61833614
27386	0.61352825
27387	0.60920036
27388	0.60541421
27389	0.60221517
27390	0.59963101
27391	0.59767133
27392	0.59632772
27393	0.59557456
27394	0.59537017
27395	0.59565830
27396	0.59636974
27397	0.59742457
27398	0.59873354
27399	0.60020077
27400	0.60172516
27401	0.60320336
27402	0.60453123
27403	0.60560727
27404	0.60633457
27405	0.60662472
27406	0.60640007
27407	0.60559767
27408	0.60417175
27409	0.60209650
27410	0.59936768
27411	0.59600329
27412	0.59204298
27413	0.58754593
27414	0.58258802
27415	0.57725787
27416	0.57165170
27417	0.56586915
27418	0.56000799
27419	0.55416077
27420	0.54841059
27421	0.54282951
27422	0.53747624
27423	0.53239632
27424	0.52762157
27425	0.52317131
27426	0.51905304
27427	0.51526427
27428	0.51179379
27429	0.50862366
27430	0.50573057
27431	0.50308746
27432	0.50066489
27433	0.49843264
27434	0.49636045
27435	0.49441913
27436	0.49258128
27437	0.49082163
27438	0.48911762
27439	0.48744920
27440	0.48579860
27441	0.48414999
27442	0.48248899
27443	0.48080197
27444	0.47907525
27445	0.47729462
27446	0.47544488
27447	0.47350940
27448	0.47147030
27449	0.46930861
27450	0.46700501
27451	0.46454042
27452	0.46189719
27453	0.45906028
27454	0.45601809
27455	0.45276377
27456	0.44929594
27457	0.44561940
27458	0.44174534
27459	0.43769172
27460	0.43348271
27461	0.42914841
27462	0.42472401
27463	0.42024890
27464	0.41576543
27465	0.41131768
27466	0.40695024
27467	0.40270635
27468	0.39862701
27469	0.39474919
27470	0.39110461
27471	0.38771859
27472	0.38460898
27473	0.38178548
27474	0.37924910
27475	0.37699211
27476	0.37499818
27477	0.37324303
27478	0.37169516
27479	0.37031707
27480	0.36906663
27481	0.36789843
27482	0.36676535
27483	0.36561987
27484	0.36441562
27485	0.36310846
27486	0.36165750
27487	0.36002600
27488	0.35818210
27489	0.35609916
27490	0.35375583
27491	0.35113686
27492	0.34823251
27493	0.34503895
27494	0.34155807
27495	0.33779746
27496	0.33377019
27497	0.32949489
27498	0.32499519
27499	0.32029957
27500	0.31544065
27501	0.31045482
27502	0.30538094
27503	0.30025968
27504	0.29513225
27505	0.29003933
27506	0.28501973
27507	0.28010979
27508	0.27534235
27509	0.27074605
27510	0.26634556
27511	0.26216105
27512	0.25820878
27513	0.25450137
27514	0.25104830
27515	0.24785650
27516	0.24493076
27517	0.24227433
27518	0.23988885
27519	0.23777477
27520	0.23593102
27521	0.23435488
27522	0.23304147
27523	0.23198307
27524	0.23116843
27525	0.23058166
27526	0.23020142
27527	0.22999956
27528	0.22994015
27529	0.22997865
27530	0.23006105
27531	0.23012355
27532	0.23009308
27533	0.22988790
27534	0.22941986
27535	0.22859621
27536	0.22732322
27537	0.22550966
27538	0.22307007
27539	0.21992879
27540	0.21602243
27541	0.21130212
27542	0.20573471
27543	0.19930282
27544	0.19200401
27545	0.18384902
27546	0.17486015
27547	0.16506876
27548	0.15451320
27549	0.14323749
27550	0.13129056
27551	0.11872584
27552	0.10560341
27553	0.09199216
27554	0.07797406
27555	0.06365038
27556	0.04914897
27557	0.03463368
27558	0.02031612
27559	0.00646779
27560	-0.00656512
27561	-0.01834918
27562	-0.02835041
27563	-0.03592702
27564	-0.04032847
27565	-0.04070230
27566	-0.03611580
27567	-0.02558562
27568	-0.00811534
27569	0.01727116
27570	0.05152238
27571	0.09560164
27572	0.15062751
27573	0.21818262
27574	0.30093336
27575	0.40391690
27576	0.53747100
27577	0.72511345
27578	1.03052473
27579	1.69615507
27580	NaN
27581	NaN
27582	NaN
27583	NaN
27584	NaN
27585	NaN
27586	NaN
27587	NaN
27588	NaN
27589	NaN
27590	NaN
27591	NaN
27592	NaN
27593	NaN
27594	NaN
27595	NaN
27596	NaN
27597	NaN
27598	NaN
27599	NaN
27600	NaN
27601	NaN
27602	NaN
27603	NaN
27604	NaN
27605	NaN
27606	NaN
27607	NaN
27608	NaN
27609	NaN
27610	NaN
27611	NaN
27612	NaN
27613	NaN
27614	NaN
27615	NaN
27616	NaN
27617	NaN
27618	NaN
27619	NaN
27620	NaN
27621	NaN
27622	NaN
27623	NaN
27624	NaN
27625	NaN
27626	NaN
27627	NaN
27628	NaN
27629	NaN
27630	NaN
27631	NaN
27632	NaN
27633	NaN
27634	NaN
27635	NaN
27636	NaN
27637	NaN
27638	NaN
27639	NaN
27640	NaN
27641	NaN
27642	NaN
27643	NaN
27644	NaN
27645	NaN
27646	NaN
27647	NaN
27648	NaN
27649	NaN
27650	NaN
27651	NaN
27652	NaN
27653	NaN
27654	NaN
27655	NaN
27656	NaN
27657	NaN
27658	NaN
27659	NaN
27660	NaN
27661	NaN
27662	NaN
27663	NaN
27664	NaN
27665	NaN
27666	NaN
27667	NaN
27668	NaN
27669	1.17142475
27670	0.77537841
27671	0.69208628
27672	0.66066802
27673	0.64700979
27674	0.64133942
27675	0.63979572
27676	0.64054680
27677	0.64261460
27678	0.64543450
27679	0.64866197
27680	0.65207964
27681	0.65554804
27682	0.65897685
27683	0.66230887
27684	0.66550863
27685	0.66855621
27686	0.67144167
27687	0.67416239
27688	0.67672020
27689	0.67911988
27690	0.68136716
27691	0.68346840
27692	0.68542862
27693	0.68725127
27694	0.68893713
27695	0.69048333
27696	0.69188267
27697	0.69312328
27698	0.69418752
27699	0.69505209
27700	0.69568729
27701	0.69605768
27702	0.69612193
27703	0.69583416
27704	0.69514436
27705	0.69400066
27706	0.69235140
27707	0.69014764
27708	0.68734610
27709	0.68391311
27710	0.67982781
27711	0.67508572
27712	0.66970193
27713	0.66371363
27714	0.65718114
27715	0.65018809
27716	0.64283925
27717	0.63525802
27718	0.62758112
27719	0.61995322
27720	0.61252081
27721	0.60542607
27722	0.59880108
27723	0.59276271
27724	0.58740938
27725	0.58281797
27726	0.57904238
27727	0.57611310
27728	0.57403749
27729	0.57280040
27730	0.57236540
27731	0.57267618
27732	0.57365876
27733	0.57522249
27734	0.57726288
27735	0.57966334
27736	0.58229840
27737	0.58503622
27738	0.58774251
27739	0.59028411
27740	0.59253329
27741	0.59437180
27742	0.59569556
27743	0.59641796
27744	0.59647352
27745	0.59582007
27746	0.59443974
27747	0.59233892
27748	0.58954674
27749	0.58611238
27750	0.58210152
27751	0.57759219
27752	0.57267022
27753	0.56742519
27754	0.56194657
27755	0.55632025
27756	0.55062640
27757	0.54493767
27758	0.53931814
27759	0.53382301
27760	0.52849865
27761	0.52338302
27762	0.51850641
27763	0.51389229
27764	0.50955766
27765	0.50551426
27766	0.50176877
27767	0.49832332
27768	0.49517581
27769	0.49232006
27770	0.48974589
27771	0.48743901
27772	0.48538139
27773	0.48355114
27774	0.48192269
27775	0.48046744
27776	0.47915387
27777	0.47794846
27778	0.47681603
27779	0.47572067
27780	0.47462651
27781	0.47349820
27782	0.47230181
27783	0.47100520
27784	0.46957874
27785	0.46799555
27786	0.46623194
27787	0.46426782
27788	0.46208668
27789	0.45967624
27790	0.45702830
27791	0.45413899
27792	0.45100901
27793	0.44764370
27794	0.44405296
27795	0.44025156
27796	0.43625873
27797	0.43209845
27798	0.42779899
27799	0.42339262
27800	0.41891530
27801	0.41440618
27802	0.40990636
27803	0.40545860
27804	0.40110555
27805	0.39688867
27806	0.39284688
27807	0.38901484
27808	0.38542181
27809	0.38209015
27810	0.37903446
27811	0.37626088
27812	0.37376666
27813	0.37154031
27814	0.36956188
27815	0.36780372
27816	0.36623144
27817	0.36480498
27818	0.36348000
27819	0.36220914
27820	0.36094362
27821	0.35963431
27822	0.35823303
27823	0.35669410
27824	0.35497499
27825	0.35303745
27826	0.35084832
27827	0.34837997
27828	0.34561118
27829	0.34252739
27830	0.33912101
27831	0.33539194
27832	0.33134755
27833	0.32700297
27834	0.32238075
27835	0.31751052
27836	0.31242886
27837	0.30717787
27838	0.30180445
27839	0.29635862
27840	0.29089218
27841	0.28545666
27842	0.28010207
27843	0.27487513
27844	0.26981828
27845	0.26496881
27846	0.26035824
27847	0.25601259
27848	0.25195256
27849	0.24819399
27850	0.24474882
27851	0.24162561
27852	0.23883027
27853	0.23636676
27854	0.23423733
27855	0.23244268
27856	0.23098201
27857	0.22985259
27858	0.22904916
27859	0.22856331
27860	0.22838244
27861	0.22848877
27862	0.22885819
27863	0.22945885
27864	0.23025037
27865	0.23118255
27866	0.23219512
27867	0.23321728
27868	0.23416834
27869	0.23495908
27870	0.23549327
27871	0.23567088
27872	0.23539074
27873	0.23455411
27874	0.23306783
27875	0.23084661
27876	0.22781488
27877	0.22390698
27878	0.21906692
27879	0.21324621
27880	0.20640181
27881	0.19849287
27882	0.18947783
27883	0.17931132
27884	0.16794233
27885	0.15531188
27886	0.14135246
27887	0.12598853
27888	0.10913754
27889	0.09071360
27890	0.07063276
27891	0.04882090
27892	0.02522573
27893	-0.00016662
27894	-0.02730918
27895	-0.05606332
27896	-0.08615953
27897	-0.11714670
27898	-0.14832969
27899	-0.17870025
27900	-0.20685521
27901	-0.23091625
27902	-0.24844837
27903	-0.25637683
27904	-0.25087199
27905	-0.22711791
27906	-0.17873688
27907	-0.09631646
27908	0.03651699
27909	0.25464243
27910	0.65353352
27911	1.62638271
27912	NaN
27913	NaN
27914	NaN
27915	NaN
27916	NaN
27917	NaN
27918	NaN
27919	NaN
27920	NaN
27921	NaN
27922	NaN
27923	NaN
27924	NaN
27925	NaN
27926	NaN
27927	NaN
27928	NaN
27929	NaN
27930	NaN
27931	NaN
27932	NaN
27933	NaN
27934	NaN
27935	NaN
27936	NaN
27937	NaN
27938	NaN
27939	NaN
27940	NaN
27941	NaN
27942	NaN
27943	NaN
27944	NaN
27945	NaN
27946	NaN
27947	NaN
27948	NaN
27949	NaN
27950	NaN
27951	NaN
27952	NaN
27953	NaN
27954	NaN
27955	NaN
27956	NaN
27957	NaN
27958	NaN
27959	NaN
27960	NaN
27961	NaN
27962	NaN
27963	NaN
27964	NaN
27965	NaN
27966	NaN
27967	NaN
27968	NaN
27969	NaN
27970	NaN
27971	NaN
27972	NaN
27973	NaN
27974	NaN
27975	NaN
27976	NaN
27977	NaN
27978	NaN
27979	NaN
27980	NaN
27981	NaN
27982	NaN
27983	NaN
27984	NaN
27985	NaN
27986	NaN
27987	NaN
27988	NaN
27989	NaN
27990	NaN
27991	NaN
27992	NaN
27993	NaN
27994	NaN
27995	NaN
27996	NaN
27997	0.90441358
27998	0.73799109
27999	0.70541877
28000	0.69239950
28001	0.68585831
28002	0.68219745
28003	0.68002367
28004	0.67868155
28005	0.67782170
28006	0.67724091
28007	0.67681354
28008	0.67645973
28009	0.67612773
28010	0.67578483
28011	0.67541158
28012	0.67499834
28013	0.67454249
28014	0.67404699
28015	0.67351872
28016	0.67296743
28017	0.67240465
28018	0.67184305
28019	0.67129517
28020	0.67077303
28021	0.67028701
28022	0.66984528
28023	0.66945308
28024	0.66911185
28025	0.66881895
28026	0.66856688
28027	0.66834289
28028	0.66812861
28029	0.66789955
28030	0.66762561
28031	0.66727024
28032	0.66679180
28033	0.66614354
28034	0.66527516
28035	0.66413414
28036	0.66266805
28037	0.66082734
28038	0.65856814
28039	0.65585595
28040	0.65266895
28041	0.64900178
28042	0.64486730
28043	0.64029932
28044	0.63535213
28045	0.63010013
28046	0.62463486
28047	0.61906117
28048	0.61349255
28049	0.60804522
28050	0.60283291
28051	0.59796101
28052	0.59352267
28053	0.58959454
28054	0.58623499
28055	0.58348209
28056	0.58135384
28057	0.57984817
28058	0.57894427
28059	0.57860398
28060	0.57877362
28061	0.57938623
28062	0.58036339
28063	0.58161724
28064	0.58305281
28065	0.58457029
28066	0.58606708
28067	0.58744049
28068	0.58859038
28069	0.58942175
28070	0.58984840
28071	0.58979529
28072	0.58920217
28073	0.58802569
28074	0.58624160
28075	0.58384585
28076	0.58085448
28077	0.57730246
28078	0.57324153
28079	0.56873721
28080	0.56386459
28081	0.55870467
28082	0.55333978
28083	0.54785043
28084	0.54231155
28085	0.53679067
28086	0.53134602
28087	0.52602577
28088	0.52086782
28089	0.51590019
28090	0.51114208
28091	0.50660461
28092	0.50229234
28093	0.49820474
28094	0.49433726
28095	0.49068287
28096	0.48723307
28097	0.48397869
28098	0.48091084
28099	0.47802094
28100	0.47530115
28101	0.47274390
28102	0.47034171
28103	0.46808654
28104	0.46596923
28105	0.46397859
28106	0.46210098
28107	0.46031973
28108	0.45861489
28109	0.45696312
28110	0.45533797
28111	0.45371026
28112	0.45204884
28113	0.45032150
28114	0.44849604
28115	0.44654119
28116	0.44442794
28117	0.44213057
28118	0.43962738
28119	0.43690169
28120	0.43394259
28121	0.43074515
28122	0.42731091
28123	0.42364800
28124	0.41977108
28125	0.41570130
28126	0.41146556
28127	0.40709624
28128	0.40263027
28129	0.39810812
28130	0.39357260
28131	0.38906744
28132	0.38463584
28133	0.38031903
28134	0.37615478
28135	0.37217593
28136	0.36840934
28137	0.36487490
28138	0.36158496
28139	0.35854414
28140	0.35574907
28141	0.35318902
28142	0.35084641
28143	0.34869754
28144	0.34671384
28145	0.34486282
28146	0.34310934
28147	0.34141687
28148	0.33974829
28149	0.33806738
28150	0.33633932
28151	0.33453161
28152	0.33261472
28153	0.33056247
28154	0.32835257
28155	0.32596675
28156	0.32339102
28157	0.32061595
28158	0.31763640
28159	0.31445181
28160	0.31106606
28161	0.30748704
28162	0.30372649
28163	0.29979971
28164	0.29572493
28165	0.29152283
28166	0.28721598
28167	0.28282836
28168	0.27838475
28169	0.27391025
28170	0.26942977
28171	0.26496801
28172	0.26054871
28173	0.25619489
28174	0.25192839
28175	0.24777019
28176	0.24373999
28177	0.23985662
28178	0.23613788
28179	0.23260088
28180	0.22926219
28181	0.22613819
28182	0.22324502
28183	0.22059923
28184	0.21821761
28185	0.21611740
28186	0.21431625
28187	0.21283160
28188	0.21168011
28189	0.21087654
28190	0.21043235
28191	0.21035363
28192	0.21063912
28193	0.21127790
28194	0.21224685
28195	0.21350829
28196	0.21500847
28197	0.21667622
28198	0.21842319
28199	0.22014511
28200	0.22172444
28201	0.22303444
28202	0.22394396
28203	0.22432314
28204	0.22404872
28205	0.22300862
28206	0.22110561
28207	0.21825883
28208	0.21440360
28209	0.20948994
28210	0.20347963
28211	0.19634201
28212	0.18804990
28213	0.17857499
28214	0.16788431
28215	0.15593657
28216	0.14268014
28217	0.12805121
28218	0.11197437
28219	0.09436356
28220	0.07512593
28221	0.05416719
28222	0.03140358
28223	0.00677796
28224	-0.01971316
28225	-0.04797897
28226	-0.07777189
28227	-0.10859446
28228	-0.13955645
28229	-0.16915965
28230	-0.19496691
28231	-0.21305333
28232	-0.21704839
28233	-0.19621080
28234	-0.13087468
28235	0.02087606
28236	0.37543011
28237	NaN
28238	NaN
28239	NaN
28240	NaN
28241	NaN
28242	NaN
28243	NaN
28244	NaN
28245	NaN
28246	NaN
28247	NaN
28248	NaN
28249	NaN
28250	NaN
28251	NaN
28252	NaN
28253	NaN
28254	NaN
28255	NaN
28256	NaN
28257	NaN
28258	NaN
28259	NaN
28260	NaN
28261	NaN
28262	NaN
28263	NaN
28264	NaN
28265	NaN
28266	NaN
28267	NaN
28268	NaN
28269	NaN
28270	NaN
28271	NaN
28272	NaN
28273	NaN
28274	NaN
28275	NaN
28276	NaN
28277	NaN
28278	NaN
28279	NaN
28280	NaN
28281	NaN
28282	NaN
28283	NaN
28284	NaN
28285	NaN
28286	NaN
28287	NaN
28288	NaN
28289	NaN
28290	NaN
28291	NaN
28292	NaN
28293	NaN
28294	NaN
28295	NaN
28296	NaN
28297	NaN
28298	NaN
28299	NaN
28300	NaN
28301	NaN
28302	NaN
28303	NaN
28304	NaN
28305	NaN
28306	NaN
28307	NaN
28308	NaN
28309	NaN
28310	NaN
28311	NaN
28312	NaN
28313	NaN
28314	NaN
28315	NaN
28316	NaN
28317	NaN
28318	NaN
28319	NaN
28320	NaN
28321	NaN
28322	NaN
28323	2.38518524
28324	1.04070246
28325	0.86535871
28326	0.79554772
28327	0.75795984
28328	0.73461282
28329	0.71891606
28330	0.70786649
28331	0.69988900
28332	0.69407022
28333	0.68983835
28334	0.68681365
28335	0.68473142
28336	0.68339962
28337	0.68267387
28338	0.68244332
28339	0.68261999
28340	0.68313318
28341	0.68392456
28342	0.68494546
28343	0.68615413
28344	0.68751395
28345	0.68899190
28346	0.69055706
28347	0.69217938
28348	0.69382834
28349	0.69547200
28350	0.69707566
28351	0.69860119
28352	0.70000613
28353	0.70124316
28354	0.70226020
28355	0.70300043
28356	0.70340294
28357	0.70340443
28358	0.70294052
28359	0.70194852
28360	0.70037001
28361	0.69815433
28362	0.69526172
28363	0.69166708
28364	0.68736291
28365	0.68236208
28366	0.67669952
28367	0.67043328
28368	0.66364354
28369	0.65643102
28370	0.64891392
28371	0.64122349
28372	0.63349915
28373	0.62588328
28374	0.61851543
28375	0.61152750
28376	0.60503900
28377	0.59915328
28378	0.59395456
28379	0.58950609
28380	0.58584851
28381	0.58300006
28382	0.58095628
28383	0.57969123
28384	0.57915848
28385	0.57929307
28386	0.58001369
28387	0.58122456
28388	0.58281887
28389	0.58468121
28390	0.58669114
28391	0.58872670
28392	0.59066790
28393	0.59240055
28394	0.59381950
28395	0.59483188
28396	0.59536010
28397	0.59534365
28398	0.59474075
28399	0.59352875
28400	0.59170419
28401	0.58928138
28402	0.58629078
28403	0.58277661
28404	0.57879388
28405	0.57440531
28406	0.56967860
28407	0.56468308
28408	0.55948758
28409	0.55415797
28410	0.54875606
28411	0.54333794
28412	0.53795397
28413	0.53264809
28414	0.52745801
28415	0.52241570
28416	0.51754725
28417	0.51287395
28418	0.50841212
28419	0.50417370
28420	0.50016677
28421	0.49639532
28422	0.49286002
28423	0.48955792
28424	0.48648301
28425	0.48362589
28426	0.48097426
28427	0.47851285
28428	0.47622398
28429	0.47408754
28430	0.47208133
28431	0.47018188
28432	0.46836439
28433	0.46660358
28434	0.46487394
28435	0.46315023
28436	0.46140787
28437	0.45962328
28438	0.45777398
28439	0.45583943
28440	0.45380056
28441	0.45164067
28442	0.44934535
28443	0.44690311
28444	0.44430545
28445	0.44154736
28446	0.43862778
28447	0.43554959
28448	0.43232012
28449	0.42895105
28450	0.42545864
28451	0.42186341
28452	0.41818982
28453	0.41446599
28454	0.41072282
28455	0.40699312
28456	0.40331060
28457	0.39970887
28458	0.39621994
28459	0.39287302
28460	0.38969335
28461	0.38670111
28462	0.38391021
28463	0.38132790
28464	0.37895417
28465	0.37678155
28466	0.37479544
28467	0.37297460
28468	0.37129185
28469	0.36971506
28470	0.36820856
28471	0.36673427
28472	0.36525315
28473	0.36372641
28474	0.36211711
28475	0.36039069
28476	0.35851637
28477	0.35646755
28478	0.35422227
28479	0.35176367
28480	0.34907973
28481	0.34616366
28482	0.34301344
28483	0.33963177
28484	0.33602592
28485	0.33220744
28486	0.32819191
28487	0.32399887
28488	0.31965125
28489	0.31517527
28490	0.31059998
28491	0.30595669
28492	0.30127844
28493	0.29659924
28494	0.29195359
28495	0.28737563
28496	0.28289846
28497	0.27855366
28498	0.27437088
28499	0.27037725
28500	0.26659751
28501	0.26305357
28502	0.25976467
28503	0.25674739
28504	0.25401542
28505	0.25157961
28506	0.24944781
28507	0.24762440
28508	0.24611016
28509	0.24490166
28510	0.24399093
28511	0.24336459
28512	0.24300347
28513	0.24288209
28514	0.24296799
28515	0.24322124
28516	0.24359427
28517	0.24403164
28518	0.24447016
28519	0.24483971
28520	0.24506375
28521	0.24506098
28522	0.24474722
28523	0.24403757
28524	0.24284917
28525	0.24110404
28526	0.23873150
28527	0.23567103
28528	0.23187408
28529	0.22730514
28530	0.22194225
28531	0.21577682
28532	0.20881191
28533	0.20106088
28534	0.19254506
28535	0.18329139
28536	0.17333050
28537	0.16269474
28538	0.15141751
28539	0.13953227
28540	0.12707375
28541	0.11407837
28542	0.10058775
28543	0.08665079
28544	0.07232877
28545	0.05770008
28546	0.04286679
28547	0.02796153
28548	0.01315599
28549	-0.00133001
28550	-0.01522011
28551	-0.02817137
28552	-0.03976744
28553	-0.04951236
28554	-0.05682832
28555	-0.06105879
28556	-0.06147389
28557	-0.05728085
28558	-0.04763239
28559	-0.03162653
28560	-0.00828095
28561	0.02354127
28562	0.06530242
28563	0.11914954
28564	0.18867534
28565	0.28062737
28566	0.40930331
28567	0.61028004
28568	0.99988741
28569	2.28354883
28570	NaN
28571	NaN
28572	NaN
28573	NaN
28574	NaN
28575	NaN
28576	NaN
28577	NaN
28578	NaN
28579	NaN
28580	NaN
28581	NaN
28582	NaN
28583	NaN
28584	NaN
28585	NaN
28586	NaN
28587	NaN
28588	NaN
28589	NaN
28590	NaN
28591	NaN
28592	NaN
28593	NaN
28594	NaN
28595	NaN
28596	NaN
28597	NaN
28598	NaN
28599	NaN
28600	NaN
28601	NaN
28602	NaN
28603	NaN
28604	NaN
28605	NaN
28606	NaN
28607	NaN
28608	NaN
28609	NaN
28610	NaN
28611	NaN
28612	NaN
28613	NaN
28614	NaN
28615	NaN
28616	NaN
28617	NaN
28618	NaN
28619	NaN
28620	NaN
28621	NaN
28622	NaN
28623	NaN
28624	NaN
28625	NaN
28626	NaN
28627	NaN
28628	NaN
28629	NaN
28630	NaN
28631	NaN
28632	NaN
28633	NaN
28634	NaN
28635	NaN
28636	NaN
28637	NaN
28638	NaN
28639	NaN
28640	NaN
28641	NaN
28642	NaN
28643	NaN
28644	NaN
28645	NaN
28646	NaN
28647	NaN
28648	NaN
28649	NaN
28650	NaN
28651	NaN
28652	NaN
28653	1.53933609
28654	0.93248022
28655	0.80135435
28656	0.74722141
28657	0.71944964
28658	0.70368731
28659	0.69430238
28660	0.68863314
28661	0.68525904
28662	0.68335438
28663	0.68240869
28664	0.68209195
28665	0.68218380
28666	0.68253386
28667	0.68303889
28668	0.68362725
28669	0.68425018
28670	0.68487501
28671	0.68548030
28672	0.68605268
28673	0.68658394
28674	0.68706924
28675	0.68750489
28676	0.68788743
28677	0.68821228
28678	0.68847263
28679	0.68865889
28680	0.68875831
28681	0.68875474
28682	0.68862784
28683	0.68835390
28684	0.68790555
28685	0.68725193
28686	0.68635952
28687	0.68519276
28688	0.68371487
28689	0.68188959
28690	0.67968214
28691	0.67706198
28692	0.67400438
28693	0.67049313
28694	0.66652298
28695	0.66210198
28696	0.65725315
28697	0.65201563
28698	0.64644521
28699	0.64061332
28700	0.63460535
28701	0.62851781
28702	0.62245476
28703	0.61652344
28704	0.61083001
28705	0.60547513
28706	0.60055012
28707	0.59613311
28708	0.59228724
28709	0.58905798
28710	0.58647257
28711	0.58453971
28712	0.58324963
28713	0.58257532
28714	0.58247328
28715	0.58288527
28716	0.58374006
28717	0.58495480
28718	0.58643734
28719	0.58808821
28720	0.58980310
28721	0.59147495
28722	0.59299743
28723	0.59426749
28724	0.59518868
28725	0.59567457
28726	0.59565175
28727	0.59506291
28728	0.59386891
28729	0.59205061
28730	0.58960938
28731	0.58656669
28732	0.58296257
28733	0.57885307
28734	0.57430714
28735	0.56940275
28736	0.56422287
28737	0.55885136
28738	0.55336982
28739	0.54785442
28740	0.54237342
28741	0.53698605
28742	0.53174156
28743	0.52667904
28744	0.52182788
28745	0.51720864
28746	0.51283413
28747	0.50871050
28748	0.50483888
28749	0.50121629
28750	0.49783707
28751	0.49469352
28752	0.49177706
28753	0.48907861
28754	0.48658875
28755	0.48429790
28756	0.48219630
28757	0.48027346
28758	0.47851783
28759	0.47691628
28760	0.47545347
28761	0.47411120
28762	0.47286841
28763	0.47170046
28764	0.47057918
28765	0.46947330
28766	0.46834853
28767	0.46716836
28768	0.46589485
28769	0.46448997
28770	0.46291628
28771	0.46113890
28772	0.45912623
28773	0.45685142
28774	0.45429346
28775	0.45143783
28776	0.44827738
28777	0.44481277
28778	0.44105247
28779	0.43701288
28780	0.43271813
28781	0.42819950
28782	0.42349485
28783	0.41864771
28784	0.41370618
28785	0.40872160
28786	0.40374708
28787	0.39883575
28788	0.39403909
28789	0.38940522
28790	0.38497707
28791	0.38079104
28792	0.37687573
28793	0.37325096
28794	0.36992708
28795	0.36690527
28796	0.36417735
28797	0.36172658
28798	0.35952842
28799	0.35755175
28800	0.35575977
28801	0.35411167
28802	0.35256383
28803	0.35107103
28804	0.34958792
28805	0.34806997
28806	0.34647462
28807	0.34476244
28808	0.34289744
28809	0.34084839
28810	0.33858871
28811	0.33609736
28812	0.33335906
28813	0.33036429
28814	0.32710955
28815	0.32359701
28816	0.31983465
28817	0.31583551
28818	0.31161767
28819	0.30720305
28820	0.30261743
28821	0.29788932
28822	0.29304940
28823	0.28812993
28824	0.28316382
28825	0.27818426
28826	0.27322412
28827	0.26831532
28828	0.26348871
28829	0.25877354
28830	0.25419715
28831	0.24978516
28832	0.24556108
28833	0.24154645
28834	0.23776095
28835	0.23422228
28836	0.23094648
28837	0.22794786
28838	0.22523895
28839	0.22283036
28840	0.22073030
28841	0.21894445
28842	0.21747473
28843	0.21631871
28844	0.21546832
28845	0.21490863
28846	0.21461652
28847	0.21455926
28848	0.21469352
28849	0.21496440
28850	0.21530530
28851	0.21563831
28852	0.21587504
28853	0.21591903
28854	0.21566829
28855	0.21501876
28856	0.21386798
28857	0.21211883
28858	0.20968300
28859	0.20648353
28860	0.20245664
28861	0.19755197
28862	0.19173279
28863	0.18497436
28864	0.17726193
28865	0.16858904
28866	0.15895498
28867	0.14836308
28868	0.13681966
28869	0.12433318
28870	0.11091485
28871	0.09657980
28872	0.08135030
28873	0.06525902
28874	0.04835540
28875	0.03071306
28876	0.01243984
28877	-0.00631013
28878	-0.02532025
28879	-0.04429354
28880	-0.06283166
28881	-0.08041202
28882	-0.09636436
28883	-0.10984986
28884	-0.11984488
28885	-0.12513140
28886	-0.12429477
28887	-0.11572125
28888	-0.09757964
28889	-0.06774868
28890	-0.02362025
28891	0.03837349
28892	0.12382814
28893	0.24287078
28894	0.41669491
28895	0.69826525
28896	1.26366198
28897	3.23185349
28898	NaN
28899	NaN
28900	NaN
28901	NaN
28902	NaN
28903	NaN
28904	NaN
28905	NaN
28906	NaN
28907	NaN
28908	NaN
28909	NaN
28910	NaN
28911	NaN
28912	NaN
28913	NaN
28914	NaN
28915	NaN
28916	NaN
28917	NaN
28918	NaN
28919	NaN
28920	NaN
28921	NaN
28922	NaN
28923	NaN
28924	NaN
28925	NaN
28926	NaN
28927	NaN
28928	NaN
28929	NaN
28930	NaN
28931	NaN
28932	NaN
28933	NaN
28934	NaN
28935	NaN
28936	NaN
28937	NaN
28938	NaN
28939	NaN
28940	NaN
28941	NaN
28942	NaN
28943	NaN
28944	NaN
28945	NaN
28946	NaN
28947	NaN
28948	NaN
28949	NaN
28950	NaN
28951	NaN
28952	NaN
28953	NaN
28954	NaN
28955	NaN
28956	NaN
28957	NaN
28958	NaN
28959	NaN
28960	NaN
28961	NaN
28962	NaN
28963	NaN
28964	NaN
28965	NaN
28966	NaN
28967	NaN
28968	NaN
28969	NaN
28970	NaN
28971	NaN
28972	NaN
28973	NaN
28974	NaN
28975	NaN
28976	NaN
28977	NaN
28978	NaN
28979	NaN
28980	NaN
28981	1.51735842
28982	0.93520004
28983	0.80785698
28984	0.75295258
28985	0.72311997
28986	0.70500088
28987	0.69334596
28988	0.68565750
28989	0.68058515
28990	0.67732692
28991	0.67537171
28992	0.67437464
28993	0.67409235
28994	0.67434669
28995	0.67500383
28996	0.67596132
28997	0.67713916
28998	0.67847490
28999	0.67991918
29000	0.68143284
29001	0.68298489
29002	0.68455029
29003	0.68610799
29004	0.68764025
29005	0.68913013
29006	0.69056082
29007	0.69191402
29008	0.69316906
29009	0.69430178
29010	0.69528395
29011	0.69608229
29012	0.69665897
29013	0.69697124
29014	0.69697255
29015	0.69661319
29016	0.69584221
29017	0.69460940
29018	0.69286770
29019	0.69057596
29020	0.68770212
29021	0.68422592
29022	0.68014181
29023	0.67546123
29024	0.67021441
29025	0.66445106
29026	0.65824002
29027	0.65166843
29028	0.64483851
29029	0.63786507
29030	0.63087070
29031	0.62398165
29032	0.61732322
29033	0.61101472
29034	0.60516602
29035	0.59987330
29036	0.59521663
29037	0.59125757
29038	0.58803779
29039	0.58557868
29040	0.58388060
29041	0.58292389
29042	0.58266938
29043	0.58305991
29044	0.58402163
29045	0.58546621
29046	0.58729285
29047	0.58939105
29048	0.59164333
29049	0.59392846
29050	0.59612501
29051	0.59811479
29052	0.59978682
29053	0.60104066
29054	0.60178983
29055	0.60196495
29056	0.60151577
29057	0.60041255
29058	0.59864664
29059	0.59623003
29060	0.59319359
29061	0.58958519
29062	0.58546615
29063	0.58090818
29064	0.57598960
29065	0.57079184
29066	0.56539637
29067	0.55988151
29068	0.55432081
29069	0.54878104
29070	0.54332131
29071	0.53799266
29072	0.53283775
29073	0.52789146
29074	0.52318090
29075	0.51872641
29076	0.51454163
29077	0.51063460
29078	0.50700790
29079	0.50365889
29080	0.50058061
29081	0.49776113
29082	0.49518460
29083	0.49283066
29084	0.49067551
29085	0.48869166
29086	0.48684898
29087	0.48511526
29088	0.48345700
29089	0.48184058
29090	0.48023298
29091	0.47860286
29092	0.47692114
29093	0.47516161
29094	0.47330132
29095	0.47132048
29096	0.46920279
29097	0.46693495
29098	0.46450680
29099	0.46191096
29100	0.45914292
29101	0.45620075
29102	0.45308545
29103	0.44980082
29104	0.44635373
29105	0.44275430
29106	0.43901587
29107	0.43515521
29108	0.43119261
29109	0.42715144
29110	0.42305854
29111	0.41894317
29112	0.41483688
29113	0.41077271
29114	0.40678427
29115	0.40290469
29116	0.39916560
29117	0.39559570
29118	0.39221963
29119	0.38905692
29120	0.38612074
29121	0.38341734
29122	0.38094541
29123	0.37869608
29124	0.37665296
29125	0.37479255
29126	0.37308529
29127	0.37149638
29128	0.36998710
29129	0.36851627
29130	0.36704138
29131	0.36552021
29132	0.36391193
29133	0.36217827
29134	0.36028436
29135	0.35819942
29136	0.35589746
29137	0.35335737
29138	0.35056335
29139	0.34750500
29140	0.34417734
29141	0.34058061
29142	0.33672056
29143	0.33260810
29144	0.32825941
29145	0.32369563
29146	0.31894270
29147	0.31403115
29148	0.30899552
29149	0.30387363
29150	0.29870632
29151	0.29353586
29152	0.28840545
29153	0.28335795
29154	0.27843478
29155	0.27367496
29156	0.26911452
29157	0.26478532
29158	0.26071489
29159	0.25692636
29160	0.25343814
29161	0.25026405
29162	0.24741392
29163	0.24489348
29164	0.24270521
29165	0.24084836
29166	0.23931935
29167	0.23811197
29168	0.23721729
29169	0.23662376
29170	0.23631646
29171	0.23627713
29172	0.23648334
29173	0.23690744
29174	0.23751630
29175	0.23826991
29176	0.23912124
29177	0.24001533
29178	0.24088953
29179	0.24167372
29180	0.24229145
29181	0.24266136
29182	0.24269959
29183	0.24232228
29184	0.24144875
29185	0.24000458
29186	0.23792408
29187	0.23515302
29188	0.23165013
29189	0.22738773
29190	0.22235174
29191	0.21654080
29192	0.20996471
29193	0.20264253
29194	0.19460064
29195	0.18587102
29196	0.17648929
29197	0.16649480
29198	0.15593022
29199	0.14484231
29200	0.13328531
29201	0.12132373
29202	0.10903814
29203	0.09653200
29204	0.08394019
29205	0.07144004
29206	0.05926434
29207	0.04771637
29208	0.03718739
29209	0.02817461
29210	0.02130491
29211	0.01735627
29212	0.01728449
29213	0.02225547
29214	0.03368735
29215	0.05331582
29216	0.08330821
29217	0.12647820
29218	0.18670547
29219	0.26979294
29220	0.38532338
29221	0.55104619
29222	0.80479032
29223	1.24476278
29224	2.22862053
29225	NaN
29226	NaN
29227	NaN
29228	NaN
29229	NaN
29230	NaN
29231	NaN
29232	NaN
29233	NaN
29234	NaN
29235	NaN
29236	NaN
29237	NaN
29238	NaN
29239	NaN
29240	NaN
29241	NaN
29242	NaN
29243	NaN
29244	NaN
29245	NaN
29246	NaN
29247	NaN
29248	NaN
29249	NaN
29250	NaN
29251	NaN
29252	NaN
29253	NaN
29254	NaN
29255	NaN
29256	NaN
29257	NaN
29258	NaN
29259	NaN
29260	NaN
29261	NaN
29262	NaN
29263	NaN
29264	NaN
29265	NaN
29266	NaN
29267	NaN
29268	NaN
29269	NaN
29270	NaN
29271	NaN
29272	NaN
29273	NaN
29274	NaN
29275	NaN
29276	NaN
29277	NaN
29278	NaN
29279	NaN
29280	NaN
29281	NaN
29282	NaN
29283	NaN
29284	NaN
29285	NaN
29286	NaN
29287	NaN
29288	NaN
29289	NaN
29290	NaN
29291	NaN
29292	NaN
29293	NaN
29294	NaN
29295	NaN
29296	NaN
29297	NaN
29298	NaN
29299	NaN
29300	NaN
29301	NaN
29302	NaN
29303	0.85535407
29304	0.73726618
29305	0.71708113
29306	0.70931739
29307	0.70559072
29308	0.70368731
29309	0.70276457
29310	0.70242709
29311	0.70246047
29312	0.70273507
29313	0.70316666
29314	0.70369685
29315	0.70428395
29316	0.70489824
29317	0.70551848
29318	0.70613033
29319	0.70672518
29320	0.70729917
29321	0.70785207
29322	0.70838696
29323	0.70890915
29324	0.70942545
29325	0.70994306
29326	0.71046907
29327	0.71100873
29328	0.71156520
29329	0.71213788
29330	0.71272177
29331	0.71330637
29332	0.71387494
29333	0.71440417
29334	0.71486306
29335	0.71521366
29336	0.71541059
29337	0.71540177
29338	0.71512967
29339	0.71453291
29340	0.71354842
29341	0.71211416
29342	0.71017319
29343	0.70767719
29344	0.70459133
29345	0.70089829
29346	0.69660258
29347	0.69173312
29348	0.68634504
29349	0.68051910
29350	0.67435902
29351	0.66798735
29352	0.66153914
29353	0.65515554
29354	0.64897627
29355	0.64313328
29356	0.63774467
29357	0.63291007
29358	0.62870723
29359	0.62518990
29360	0.62238717
29361	0.62030357
29362	0.61891991
29363	0.61819530
29364	0.61806893
29365	0.61846268
29366	0.61928421
29367	0.62042916
29368	0.62178463
29369	0.62323248
29370	0.62465221
29371	0.62592441
29372	0.62693417
29373	0.62757462
29374	0.62774998
29375	0.62737930
29376	0.62639880
29377	0.62476516
29378	0.62245667
29379	0.61947495
29380	0.61584443
29381	0.61161113
29382	0.60684091
29383	0.60161579
29384	0.59602964
29385	0.59018409
29386	0.58418304
29387	0.57812893
29388	0.57211804
29389	0.56623715
29390	0.56056136
29391	0.55515224
29392	0.55005693
29393	0.54530829
29394	0.54092526
29395	0.53691441
29396	0.53327096
29397	0.52998036
29398	0.52702051
29399	0.52436292
29400	0.52197480
29401	0.51982027
29402	0.51786202
29403	0.51606244
29404	0.51438457
29405	0.51279318
29406	0.51125544
29407	0.50974137
29408	0.50822413
29409	0.50668037
29410	0.50508976
29411	0.50343519
29412	0.50170201
29413	0.49987757
29414	0.49795073
29415	0.49591121
29416	0.49374905
29417	0.49145424
29418	0.48901650
29419	0.48642561
29420	0.48367122
29421	0.48074374
29422	0.47763467
29423	0.47433749
29424	0.47084847
29425	0.46716750
29426	0.46329859
29427	0.45925072
29428	0.45503792
29429	0.45067987
29430	0.44620141
29431	0.44163272
29432	0.43700865
29433	0.43236792
29434	0.42775229
29435	0.42320547
29436	0.41877165
29437	0.41449425
29438	0.41041419
29439	0.40656853
29440	0.40298876
29441	0.39969960
29442	0.39671776
29443	0.39405110
29444	0.39169806
29445	0.38964766
29446	0.38787964
29447	0.38636509
29448	0.38506770
29449	0.38394490
29450	0.38294941
29451	0.38203070
29452	0.38113686
29453	0.38021591
29454	0.37921736
29455	0.37809342
29456	0.37680006
29457	0.37529770
29458	0.37355196
29459	0.37153417
29460	0.36922148
29461	0.36659738
29462	0.36365172
29463	0.36038083
29464	0.35678774
29465	0.35288218
29466	0.34868047
29467	0.34420553
29468	0.33948657
29469	0.33455855
29470	0.32946166
29471	0.32424051
29472	0.31894305
29473	0.31361958
29474	0.30832139
29475	0.30309954
29476	0.29800379
29477	0.29308125
29478	0.28837574
29479	0.28392684
29480	0.27976948
29481	0.27593386
29482	0.27244508
29483	0.26932347
29484	0.26658493
29485	0.26424119
29486	0.26230001
29487	0.26076576
29488	0.25963938
29489	0.25891852
29490	0.25859699
29491	0.25866482
29492	0.25910690
29493	0.25990221
29494	0.26102301
29495	0.26243263
29496	0.26408470
29497	0.26592132
29498	0.26787201
29499	0.26985255
29500	0.27176514
29501	0.27349856
29502	0.27493021
29503	0.27592900
29504	0.27635956
29505	0.27608752
29506	0.27498579
29507	0.27294064
29508	0.26985767
29509	0.26566657
29510	0.26032373
29511	0.25381386
29512	0.24614823
29513	0.23736177
29514	0.22750926
29515	0.21665920
29516	0.20488915
29517	0.19228035
29518	0.17891380
29519	0.16486748
29520	0.15021509
29521	0.13502620
29522	0.11936902
29523	0.10331404
29524	0.08694112
29525	0.07034717
29526	0.05365859
29527	0.03704553
29528	0.02074026
29529	0.00505965
29530	-0.00956790
29531	-0.02257306
29532	-0.03320986
29533	-0.04052235
29534	-0.04331405
29535	-0.04012089
29536	-0.02919723
29537	-0.00850831
29538	0.02428561
29539	0.07189140
29540	0.13758616
29541	0.22574289
29542	0.34309569
29543	0.50176346
29544	0.72717202
29545	1.08295608
29546	1.77919066
29547	NaN
29548	NaN
29549	NaN
29550	NaN
29551	NaN
29552	NaN
29553	NaN
29554	NaN
29555	NaN
29556	NaN
29557	NaN
29558	NaN
29559	NaN
29560	NaN
29561	NaN
29562	NaN
29563	NaN
29564	NaN
29565	NaN
29566	NaN
29567	NaN
29568	NaN
29569	NaN
29570	NaN
29571	NaN
29572	NaN
29573	NaN
29574	NaN
29575	NaN
29576	NaN
29577	NaN
29578	NaN
29579	NaN
29580	NaN
29581	NaN
29582	NaN
29583	NaN
29584	NaN
29585	NaN
29586	NaN
29587	NaN
29588	NaN
29589	NaN
29590	NaN
29591	NaN
29592	NaN
29593	NaN
29594	NaN
29595	NaN
29596	NaN
29597	NaN
29598	NaN
29599	NaN
29600	NaN
29601	NaN
29602	NaN
29603	NaN
29604	NaN
29605	NaN
29606	NaN
29607	NaN
29608	NaN
29609	NaN
29610	NaN
29611	NaN
29612	NaN
29613	NaN
29614	NaN
29615	NaN
29616	NaN
29617	NaN
29618	NaN
29619	NaN
29620	NaN
29621	NaN
29622	NaN
29623	NaN
29624	NaN
29625	NaN
29626	NaN
29627	NaN
29628	NaN
29629	NaN
29630	NaN
29631	NaN
29632	NaN
29633	8.18051529
29634	1.37586117
29635	1.00658810
29636	0.87864798
29637	0.81622708
29638	0.78091079
29639	0.75937480
29640	0.74576181
29641	0.73708397
29642	0.73165220
29643	0.72843653
29644	0.72677141
29645	0.72620761
29646	0.72643137
29647	0.72721773
29648	0.72840291
29649	0.72986597
29650	0.73151755
29651	0.73329145
29652	0.73513889
29653	0.73702472
29654	0.73892331
29655	0.74081683
29656	0.74269199
29657	0.74453920
29658	0.74634993
29659	0.74811560
29660	0.74982578
29661	0.75146687
29662	0.75302058
29663	0.75446236
29664	0.75576055
29665	0.75687504
29666	0.75775677
29667	0.75834721
29668	0.75857902
29669	0.75837684
29670	0.75765938
29671	0.75634259
29672	0.75434351
29673	0.75158525
29674	0.74800301
29675	0.74355054
29676	0.73820627
29677	0.73197913
29678	0.72491324
29679	0.71708959
29680	0.70862615
29681	0.69967395
29682	0.69041145
29683	0.68103546
29684	0.67175174
29685	0.66276449
29686	0.65426660
29687	0.64643157
29688	0.63940716
29689	0.63331121
29690	0.62822962
29691	0.62421602
29692	0.62129247
29693	0.61945188
29694	0.61865962
29695	0.61885631
29696	0.61996031
29697	0.62187022
29698	0.62446684
29699	0.62761599
29700	0.63117105
29701	0.63497579
29702	0.63886803
29703	0.64268333
29704	0.64625955
29705	0.64944190
29706	0.65208799
29707	0.65407282
29708	0.65529418
29709	0.65567601
29710	0.65517163
29711	0.65376502
29712	0.65147078
29713	0.64833158
29714	0.64441550
29715	0.63981050
29716	0.63461989
29717	0.62895578
29718	0.62293446
29719	0.61667091
29720	0.61027491
29721	0.60384810
29722	0.59748149
29723	0.59125447
29724	0.58523399
29725	0.57947493
29726	0.57402027
29727	0.56890225
29728	0.56414312
29729	0.55975604
29730	0.55574644
29731	0.55211240
29732	0.54884577
29733	0.54593265
29734	0.54335374
29735	0.54108512
29736	0.53909832
29737	0.53736103
29738	0.53583741
29739	0.53448892
29740	0.53327501
29741	0.53215426
29742	0.53108495
29743	0.53002673
29744	0.52894115
29745	0.52779275
29746	0.52654976
29747	0.52518451
29748	0.52367365
29749	0.52199835
29750	0.52014363
29751	0.51809859
29752	0.51585555
29753	0.51340973
29754	0.51075935
29755	0.50790483
29756	0.50484937
29757	0.50159848
29758	0.49816072
29759	0.49454772
29760	0.49077475
29761	0.48686120
29762	0.48283100
29763	0.47871256
29764	0.47453922
29765	0.47034872
29766	0.46618265
29767	0.46208543
29768	0.45810309
29769	0.45428142
29770	0.45066416
29771	0.44729120
29772	0.44419646
29773	0.44140607
29774	0.43893725
29775	0.43679687
29776	0.43498138
29777	0.43347633
29778	0.43225709
29779	0.43128964
29780	0.43053174
29781	0.42993438
29782	0.42944324
29783	0.42900059
29784	0.42854658
29785	0.42802086
29786	0.42736417
29787	0.42651942
29788	0.42543289
29789	0.42405555
29790	0.42234370
29791	0.42026004
29792	0.41777429
29793	0.41486400
29794	0.41151509
29795	0.40772232
29796	0.40348962
29797	0.39883056
29798	0.39376822
29799	0.38833520
29800	0.38257343
29801	0.37653321
29802	0.37027237
29803	0.36385509
29804	0.35734990
29805	0.35082811
29806	0.34436148
29807	0.33802038
29808	0.33187181
29809	0.32597771
29810	0.32039371
29811	0.31516823
29812	0.31034231
29813	0.30594930
29814	0.30201530
29815	0.29856002
29816	0.29559734
29817	0.29313597
29818	0.29118058
29819	0.28973207
29820	0.28878817
29821	0.28834340
29822	0.28838903
29823	0.28891221
29824	0.28989530
29825	0.29131415
29826	0.29313689
29827	0.29532135
29828	0.29781348
29829	0.30054531
29830	0.30343330
29831	0.30637753
29832	0.30926225
29833	0.31195709
29834	0.31432059
29835	0.31620452
29836	0.31745973
29837	0.31794277
29838	0.31752199
29839	0.31608310
29840	0.31353298
29841	0.30980149
29842	0.30484101
29843	0.29862392
29844	0.29113886
29845	0.28238583
29846	0.27237117
29847	0.26110321
29848	0.24858835
29849	0.23482852
29850	0.21982028
29851	0.20355456
29852	0.18601881
29853	0.16720006
29854	0.14709055
29855	0.12569536
29856	0.10304254
29857	0.07919725
29858	0.05427970
29859	0.02848720
29860	0.00212087
29861	-0.02438366
29862	-0.05042516
29863	-0.07520730
29864	-0.09771911
29865	-0.11673430
29866	-0.13083661
29867	-0.13848436
29868	-0.13810720
29869	-0.12823348
29870	-0.10760859
29871	-0.07527633
29872	-0.03056763
29873	0.02704346
29874	0.09826260
29875	0.18453860
29876	0.28904146
29877	0.41851300
29878	0.58739400
29879	0.82902139
29880	1.23484862
29881	2.16417360
29882	NaN
29883	NaN
29884	NaN
29885	NaN
29886	NaN
29887	NaN
29888	NaN
29889	NaN
29890	NaN
29891	NaN
29892	NaN
29893	NaN
29894	NaN
29895	NaN
29896	NaN
29897	NaN
29898	NaN
29899	NaN
29900	NaN
29901	NaN
29902	NaN
29903	NaN
29904	NaN
29905	NaN
29906	NaN
29907	NaN
29908	NaN
29909	NaN
29910	NaN
29911	NaN
29912	NaN
29913	NaN
29914	NaN
29915	NaN
29916	NaN
29917	NaN
29918	NaN
29919	NaN
29920	NaN
29921	NaN
29922	NaN
29923	NaN
29924	NaN
29925	NaN
29926	NaN
29927	NaN
29928	NaN
29929	NaN
29930	NaN
29931	NaN
29932	NaN
29933	NaN
29934	NaN
29935	NaN
29936	NaN
29937	NaN
29938	NaN
29939	NaN
29940	NaN
29941	NaN
29942	NaN
29943	NaN
29944	NaN
29945	NaN
29946	NaN
29947	NaN
29948	NaN
29949	NaN
29950	NaN
29951	NaN
29952	NaN
29953	NaN
29954	NaN
29955	NaN
29956	NaN
29957	NaN
29958	NaN
29959	NaN
29960	NaN
29961	NaN
29962	NaN
29963	NaN
29964	NaN
29965	NaN
29966	NaN
29967	NaN
29968	NaN
29969	NaN
29970	NaN
29971	NaN
29972	0.82272106
29973	0.73781085
29974	0.71583062
29975	0.70774668
29976	0.70471936
29977	0.70393401
29978	0.70422637
29979	0.70503956
29980	0.70608246
29981	0.70719671
29982	0.70829529
29983	0.70933300
29984	0.71028942
29985	0.71115947
29986	0.71194780
29987	0.71266508
29988	0.71332490
29989	0.71394295
29990	0.71453440
29991	0.71511406
29992	0.71569479
29993	0.71628678
29994	0.71689749
29995	0.71753043
29996	0.71818489
29997	0.71885562
29998	0.71953213
29999	0.72019875
30000	0.72083396
30001	0.72141039
30002	0.72189486
30003	0.72224808
30004	0.72242528
30005	0.72237581
30006	0.72204483
30007	0.72137350
30008	0.72030097
30009	0.71876633
30010	0.71671122
30011	0.71408302
30012	0.71083879
30013	0.70694941
30014	0.70240343
30015	0.69721103
30016	0.69140685
30017	0.68505210
30018	0.67823422
30019	0.67106515
30020	0.66367769
30021	0.65622002
30022	0.64884907
30023	0.64172328
30024	0.63499504
30025	0.62880415
30026	0.62327218
30027	0.61849809
30028	0.61455554
30029	0.61149150
30030	0.60932595
30031	0.60805291
30032	0.60764140
30033	0.60803801
30034	0.60916829
30035	0.61093950
30036	0.61324275
30037	0.61595565
30038	0.61894494
30039	0.62206924
30040	0.62518293
30041	0.62813914
30042	0.63079458
30043	0.63301373
30044	0.63467377
30045	0.63566917
30046	0.63591605
30047	0.63535607
30048	0.63395846
30049	0.63172179
30050	0.62867260
30051	0.62486368
30052	0.62037003
30053	0.61528432
30054	0.60971081
30055	0.60376012
30056	0.59754342
30057	0.59116775
30058	0.58473235
30059	0.57832587
30060	0.57202488
30061	0.56589323
30062	0.55998242
30063	0.55433232
30064	0.54897255
30065	0.54392415
30066	0.53920096
30067	0.53481138
30068	0.53075957
30069	0.52704686
30070	0.52367258
30071	0.52063477
30072	0.51793021
30073	0.51555490
30074	0.51350331
30075	0.51176834
30076	0.51034009
30077	0.50920576
30078	0.50834817
30079	0.50774521
30080	0.50736922
30081	0.50718641
30082	0.50715667
30083	0.50723338
30084	0.50736403
30085	0.50749105
30086	0.50755262
30087	0.50748456
30088	0.50722158
30089	0.50669968
30090	0.50585824
30091	0.50464195
30092	0.50300342
30093	0.50090486
30094	0.49832016
30095	0.49523598
30096	0.49165252
30097	0.48758373
30098	0.48305693
30099	0.47811165
30100	0.47279844
30101	0.46717703
30102	0.46131456
30103	0.45528358
30104	0.44915971
30105	0.44301942
30106	0.43693805
30107	0.43098745
30108	0.42523408
30109	0.41973710
30110	0.41454700
30111	0.40970427
30112	0.40523851
30113	0.40116811
30114	0.39750019
30115	0.39423081
30116	0.39134586
30117	0.38882178
30118	0.38662720
30119	0.38472396
30120	0.38306859
30121	0.38161418
30122	0.38031119
30123	0.37910929
30124	0.37795827
30125	0.37680906
30126	0.37561464
30127	0.37433046
30128	0.37291530
30129	0.37133124
30130	0.36954433
30131	0.36752459
30132	0.36524662
30133	0.36268982
30134	0.35983869
30135	0.35668361
30136	0.35322103
30137	0.34945410
30138	0.34539303
30139	0.34105501
30140	0.33646420
30141	0.33165154
30142	0.32665369
30143	0.32151222
30144	0.31627244
30145	0.31098211
30146	0.30568996
30147	0.30044478
30148	0.29529399
30149	0.29028308
30150	0.28545490
30151	0.28084937
30152	0.27650335
30153	0.27245104
30154	0.26872385
30155	0.26535100
30156	0.26235971
30157	0.25977522
30158	0.25762114
30159	0.25591835
30160	0.25468516
30161	0.25393522
30162	0.25367659
30163	0.25390935
30164	0.25462341
30165	0.25579521
30166	0.25738537
30167	0.25933522
30168	0.26156488
30169	0.26397151
30170	0.26642886
30171	0.26878947
30172	0.27088800
30173	0.27254784
30174	0.27358896
30175	0.27383807
30176	0.27313823
30177	0.27135801
30178	0.26839843
30179	0.26419622
30180	0.25872397
30181	0.25198641
30182	0.24401447
30183	0.23485753
30184	0.22457591
30185	0.21323338
30186	0.20089173
30187	0.18760639
30188	0.17342541
30189	0.15838957
30190	0.14253533
30191	0.12590024
30192	0.10853208
30193	0.09050190
30194	0.07192341
30195	0.05297978
30196	0.03396418
30197	0.01533618
30198	-0.00219584
30199	-0.01755734
30200	-0.02914170
30201	-0.03457192
30202	-0.03036704
30203	-0.01147489
30204	0.02939905
30205	0.10276587
30206	0.22389713
30207	0.41556817
30208	0.71377546
30209	1.18173981
30210	1.95065093
30211	3.36906886
30212	6.83903360
30213	NaN
30214	NaN
30215	NaN
30216	NaN
30217	NaN
30218	NaN
30219	NaN
30220	NaN
30221	NaN
30222	NaN
30223	NaN
30224	NaN
30225	NaN
30226	NaN
30227	NaN
30228	NaN
30229	NaN
30230	NaN
30231	NaN
30232	NaN
30233	NaN
30234	NaN
30235	NaN
30236	NaN
30237	NaN
30238	NaN
30239	NaN
30240	NaN
30241	NaN
30242	NaN
30243	NaN
30244	NaN
30245	NaN
30246	NaN
30247	NaN
30248	NaN
30249	NaN
30250	NaN
30251	NaN
30252	NaN
30253	NaN
30254	NaN
30255	NaN
30256	NaN
30257	NaN
30258	NaN
30259	NaN
30260	NaN
30261	NaN
30262	NaN
30263	NaN
30264	NaN
30265	NaN
30266	NaN
30267	NaN
30268	NaN
30269	NaN
30270	NaN
30271	NaN
30272	NaN
30273	NaN
30274	NaN
30275	NaN
30276	NaN
30277	NaN
30278	NaN
30279	NaN
30280	NaN
30281	NaN
30282	NaN
30283	NaN
30284	NaN
30285	NaN
30286	NaN
30287	NaN
30288	NaN
30289	NaN
30290	NaN
30291	NaN
30292	NaN
30293	NaN
30294	NaN
30295	NaN
30296	NaN
30297	NaN
30298	NaN
30299	NaN
30300	NaN
30301	NaN
30302	NaN
30303	1.82438767
30304	0.95424569
30305	0.80575287
30306	0.74541104
30307	0.71361518
30308	0.69473726
30309	0.68285322
30310	0.67520195
30311	0.67030805
30312	0.66730183
30313	0.66563094
30314	0.66492397
30315	0.66491985
30316	0.66542935
30317	0.66631210
30318	0.66746247
30319	0.66880053
30320	0.67026579
30321	0.67181265
30322	0.67340654
30323	0.67502129
30324	0.67663687
30325	0.67823714
30326	0.67980790
30327	0.68133533
30328	0.68280470
30329	0.68419868
30330	0.68549693
30331	0.68667483
30332	0.68770295
30333	0.68854731
30334	0.68916929
30335	0.68952614
30336	0.68957192
30337	0.68925929
30338	0.68854052
30339	0.68737030
30340	0.68570745
30341	0.68351769
30342	0.68077624
30343	0.67746973
30344	0.67359883
30345	0.66917968
30346	0.66424507
30347	0.65884477
30348	0.65304494
30349	0.64692646
30350	0.64058310
30351	0.63411790
30352	0.62763989
30353	0.62126005
30354	0.61508709
30355	0.60922390
30356	0.60376394
30357	0.59878808
30358	0.59436238
30359	0.59053636
30360	0.58734196
30361	0.58479279
30362	0.58288449
30363	0.58159500
30364	0.58088565
30365	0.58070195
30366	0.58097595
30367	0.58162755
30368	0.58256698
30369	0.58369744
30370	0.58491760
30371	0.58612508
30372	0.58721894
30373	0.58810329
30374	0.58868986
30375	0.58890086
30376	0.58867133
30377	0.58795071
30378	0.58670413
30379	0.58491337
30380	0.58257598
30381	0.57970524
30382	0.57632816
30383	0.57248402
30384	0.56822187
30385	0.56359798
30386	0.55867362
30387	0.55351222
30388	0.54817742
30389	0.54273087
30390	0.53723085
30391	0.53173101
30392	0.52627963
30393	0.52091891
30394	0.51568550
30395	0.51061004
30396	0.50571787
30397	0.50102955
30398	0.49656108
30399	0.49232474
30400	0.48832935
30401	0.48458058
30402	0.48108113
30403	0.47783086
30404	0.47482648
30405	0.47206172
30406	0.46952689
30407	0.46720877
30408	0.46509072
30409	0.46315256
30410	0.46137094
30411	0.45971954
30412	0.45816973
30413	0.45669094
30414	0.45525154
30415	0.45381927
30416	0.45236206
30417	0.45084864
30418	0.44924924
30419	0.44753608
30420	0.44568402
30421	0.44367081
30422	0.44147789
30423	0.43909037
30424	0.43649763
30425	0.43369344
30426	0.43067655
30427	0.42745027
30428	0.42402321
30429	0.42040914
30430	0.41662672
30431	0.41269949
30432	0.40865529
30433	0.40452582
30434	0.40034550
30435	0.39615062
30436	0.39197820
30437	0.38786471
30438	0.38384464
30439	0.37994951
30440	0.37620676
30441	0.37263858
30442	0.36926153
30443	0.36608583
30444	0.36311528
30445	0.36034718
30446	0.35777262
30447	0.35537711
30448	0.35314095
30449	0.35104018
30450	0.34904748
30451	0.34713304
30452	0.34526563
30453	0.34341335
30454	0.34154502
30455	0.33963048
30456	0.33764192
30457	0.33555442
30458	0.33334646
30459	0.33100051
30460	0.32850337
30461	0.32584623
30462	0.32302466
30463	0.32003853
30464	0.31689164
30465	0.31359139
30466	0.31014818
30467	0.30657500
30468	0.30288711
30469	0.29910123
30470	0.29523534
30471	0.29130813
30472	0.28733885
30473	0.28334695
30474	0.27935153
30475	0.27537176
30476	0.27142596
30477	0.26753205
30478	0.26370710
30479	0.25996727
30480	0.25632811
30481	0.25280413
30482	0.24940912
30483	0.24615632
30484	0.24305820
30485	0.24012695
30486	0.23737457
30487	0.23481262
30488	0.23245277
30489	0.23030631
30490	0.22838417
30491	0.22669631
30492	0.22525129
30493	0.22405539
30494	0.22311169
30495	0.22241914
30496	0.22197104
30497	0.22175410
30498	0.22174743
30499	0.22192149
30500	0.22223736
30501	0.22264683
30502	0.22309238
30503	0.22350806
30504	0.22382064
30505	0.22395134
30506	0.22381763
30507	0.22333546
30508	0.22242121
30509	0.22099347
30510	0.21897480
30511	0.21629277
30512	0.21288025
30513	0.20867650
30514	0.20362659
30515	0.19768114
30516	0.19079669
30517	0.18293500
30518	0.17406318
30519	0.16415474
30520	0.15319018
30521	0.14115930
30522	0.12806325
30523	0.11391950
30524	0.09876631
30525	0.08266892
30526	0.06572855
30527	0.04809072
30528	0.02995663
30529	0.01159358
30530	-0.00665450
30531	-0.02435828
30532	-0.04099764
30533	-0.05596150
30534	-0.06855357
30535	-0.07800507
30536	-0.08348873
30537	-0.08413216
30538	-0.07901690
30539	-0.06714153
30540	-0.04731651
30541	-0.01792138
30542	0.02362912
30543	0.08211799
30544	0.16774701
30545	0.30648825
30546	0.58712661
30547	1.61954296
30548	NaN
30549	NaN
30550	NaN
30551	NaN
30552	NaN
30553	NaN
30554	NaN
30555	NaN
30556	NaN
30557	NaN
30558	NaN
30559	NaN
30560	NaN
30561	NaN
30562	NaN
30563	NaN
30564	NaN
30565	NaN
30566	NaN
30567	NaN
30568	NaN
30569	NaN
30570	NaN
30571	NaN
30572	NaN
30573	NaN
30574	NaN
30575	NaN
30576	NaN
30577	NaN
30578	NaN
30579	NaN
30580	NaN
30581	NaN
30582	NaN
30583	NaN
30584	NaN
30585	NaN
30586	NaN
30587	NaN
30588	NaN
30589	NaN
30590	NaN
30591	NaN
30592	NaN
30593	NaN
30594	NaN
30595	NaN
30596	NaN
30597	NaN
30598	NaN
30599	NaN
30600	NaN
30601	NaN
30602	NaN
30603	NaN
30604	NaN
30605	NaN
30606	NaN
30607	NaN
30608	NaN
30609	NaN
30610	NaN
30611	NaN
30612	NaN
30613	NaN
30614	NaN
30615	NaN
30616	NaN
30617	NaN
30618	NaN
30619	NaN
30620	NaN
30621	NaN
30622	NaN
30623	NaN
30624	NaN
30625	NaN
30626	1.00730419
30627	0.81419086
30628	0.77221477
30629	0.75298643
30630	0.74142373
30631	0.73336387
30632	0.72720009
30633	0.72218174
30634	0.71791017
30635	0.71415430
30636	0.71077067
30637	0.70766622
30638	0.70477873
30639	0.70206612
30640	0.69950014
30641	0.69706225
30642	0.69474077
30643	0.69252890
30644	0.69042355
30645	0.68842304
30646	0.68652695
30647	0.68473440
30648	0.68304360
30649	0.68145055
30650	0.67994869
30651	0.67852807
30652	0.67717499
30653	0.67587149
30654	0.67459542
30655	0.67332041
30656	0.67201602
30657	0.67064828
30658	0.66918063
30659	0.66757470
30660	0.66579157
30661	0.66379350
30662	0.66154563
30663	0.65901721
30664	0.65618414
30665	0.65303063
30666	0.64955056
30667	0.64574951
30668	0.64164484
30669	0.63726687
30670	0.63265830
30671	0.62787324
30672	0.62297559
30673	0.61803710
30674	0.61313432
30675	0.60834610
30676	0.60374981
30677	0.59941876
30678	0.59541905
30679	0.59180671
30680	0.58862591
30681	0.58590651
30682	0.58366382
30683	0.58189720
30684	0.58059067
30685	0.57971358
30686	0.57922125
30687	0.57905722
30688	0.57915479
30689	0.57943958
30690	0.57983160
30691	0.58024848
30692	0.58060712
30693	0.58082688
30694	0.58083183
30695	0.58055305
30696	0.57993066
30697	0.57891566
30698	0.57747155
30699	0.57557547
30700	0.57321894
30701	0.57040775
30702	0.56716186
30703	0.56351429
30704	0.55950922
30705	0.55520016
30706	0.55064732
30707	0.54591471
30708	0.54106736
30709	0.53616887
30710	0.53127855
30711	0.52644992
30712	0.52172911
30713	0.51715386
30714	0.51275325
30715	0.50854772
30716	0.50454986
30717	0.50076473
30718	0.49719164
30719	0.49382469
30720	0.49065426
30721	0.48766834
30722	0.48485333
30723	0.48219526
30724	0.47968006
30725	0.47729462
30726	0.47502643
30727	0.47286412
30728	0.47079691
30729	0.46881470
30730	0.46690732
30731	0.46506444
30732	0.46327478
30733	0.46152580
30734	0.45980355
30735	0.45809197
30736	0.45637313
30737	0.45462707
30738	0.45283186
30739	0.45096415
30740	0.44899967
30741	0.44691360
30742	0.44468200
30743	0.44228220
30744	0.43969414
30745	0.43690115
30746	0.43389130
30747	0.43065771
30748	0.42719960
30749	0.42352253
30750	0.41963860
30751	0.41556668
30752	0.41133150
30753	0.40696386
30754	0.40249905
30755	0.39797643
30756	0.39343792
30757	0.38892671
30758	0.38448593
30759	0.38015714
30760	0.37597892
30761	0.37198547
30762	0.36820546
30763	0.36466110
30764	0.36136734
30765	0.35833147
30766	0.35555309
30767	0.35302421
30768	0.35072994
30769	0.34864908
30770	0.34675527
30771	0.34501776
30772	0.34340307
30773	0.34187558
30774	0.34039915
30775	0.33893764
30776	0.33745626
30777	0.33592206
30778	0.33430478
30779	0.33257735
30780	0.33071628
30781	0.32870188
30782	0.32651857
30783	0.32415476
30784	0.32160273
30785	0.31885871
30786	0.31592229
30787	0.31279624
30788	0.30948621
30789	0.30600023
30790	0.30234852
30791	0.29854318
30792	0.29459798
30793	0.29052803
30794	0.28634992
30795	0.28208131
30796	0.27774101
30797	0.27334887
30798	0.26892567
30799	0.26449302
30800	0.26007307
30801	0.25568843
30802	0.25136203
30803	0.24711658
30804	0.24297467
30805	0.23895833
30806	0.23508896
30807	0.23138718
30808	0.22787243
30809	0.22456303
30810	0.22147590
30811	0.21862611
30812	0.21602680
30813	0.21368822
30814	0.21161735
30815	0.20981684
30816	0.20828399
30817	0.20700940
30818	0.20597562
30819	0.20515613
30820	0.20451394
30821	0.20400076
30822	0.20355718
30823	0.20311254
30824	0.20258607
30825	0.20188884
30826	0.20092618
30827	0.19960074
30828	0.19781575
30829	0.19547838
30830	0.19250317
30831	0.18881419
30832	0.18434721
30833	0.17905062
30834	0.17288537
30835	0.16582440
30836	0.15785141
30837	0.14895891
30838	0.13914628
30839	0.12841783
30840	0.11678128
30841	0.10424572
30842	0.09082156
30843	0.07652004
30844	0.06135365
30845	0.04533864
30846	0.02849795
30847	0.01086551
30848	-0.00750599
30849	-0.02653648
30850	-0.04610607
30851	-0.06604000
30852	-0.08608881
30853	-0.10590636
30854	-0.12502152
30855	-0.14280836
30856	-0.15844899
30857	-0.17089179
30858	-0.17878686
30859	-0.18038762
30860	-0.17335661
30861	-0.15433021
30862	-0.11788691
30863	-0.05374153
30864	0.06233780
30865	0.30903250
30866	NaN
30867	NaN
30868	NaN
30869	NaN
30870	NaN
30871	NaN
30872	NaN
30873	NaN
30874	NaN
30875	NaN
30876	NaN
30877	NaN
30878	NaN
30879	NaN
30880	NaN
30881	NaN
30882	NaN
30883	NaN
30884	NaN
30885	NaN
30886	NaN
30887	NaN
30888	NaN
30889	NaN
30890	NaN
30891	NaN
30892	NaN
30893	NaN
30894	NaN
30895	NaN
30896	NaN
30897	NaN
30898	NaN
30899	NaN
30900	NaN
30901	NaN
30902	NaN
30903	NaN
30904	NaN
30905	NaN
30906	NaN
30907	NaN
30908	NaN
30909	NaN
30910	NaN
30911	NaN
30912	NaN
30913	NaN
30914	NaN
30915	NaN
30916	NaN
30917	NaN
30918	NaN
30919	NaN
30920	NaN
30921	NaN
30922	NaN
30923	NaN
30924	NaN
30925	NaN
30926	NaN
30927	NaN
30928	NaN
30929	NaN
30930	NaN
30931	NaN
30932	NaN
30933	NaN
30934	NaN
30935	NaN
30936	NaN
30937	NaN
30938	NaN
30939	NaN
30940	NaN
30941	NaN
30942	NaN
30943	NaN
30944	NaN
30945	NaN
30946	NaN
30947	NaN
30948	NaN
30949	NaN
30950	NaN
30951	NaN
30952	NaN
30953	NaN
30954	2.22716546
30955	1.12082839
30956	0.89302385
30957	0.79723829
30958	0.74613929
30959	0.71554136
30960	0.69605321
30961	0.68325520
30962	0.67478609
30963	0.66926408
30964	0.66582292
30965	0.66388923
30966	0.66306716
30967	0.66307360
30968	0.66370034
30969	0.66479146
30970	0.66622722
30971	0.66791517
30972	0.66978234
30973	0.67177075
30974	0.67383295
30975	0.67592919
30976	0.67802501
30977	0.68008864
30978	0.68208957
30979	0.68399686
30980	0.68577790
30981	0.68739742
30982	0.68881732
30983	0.68999571
30984	0.69088781
30985	0.69144595
30986	0.69162053
30987	0.69136173
30988	0.69062096
30989	0.68935281
30990	0.68751782
30991	0.68508440
30992	0.68203193
30993	0.67835253
30994	0.67405367
30995	0.66915959
30996	0.66371214
30997	0.65777135
30998	0.65141445
30999	0.64473414
31000	0.63783580
31001	0.63083440
31002	0.62385017
31003	0.61700386
31004	0.61041284
31005	0.60418677
31006	0.59842384
31007	0.59320801
31008	0.58860672
31009	0.58466947
31010	0.58142716
31011	0.57889199
31012	0.57705772
31013	0.57590055
31014	0.57538009
31015	0.57544047
31016	0.57601202
31017	0.57701290
31018	0.57835084
31019	0.57992578
31020	0.58163184
31021	0.58336061
31022	0.58500427
31023	0.58645862
31024	0.58762652
31025	0.58842093
31026	0.58876812
31027	0.58860976
31028	0.58790445
31029	0.58662915
31030	0.58477885
31031	0.58236569
31032	0.57941788
31033	0.57597691
31034	0.57209539
31035	0.56783366
31036	0.56325740
31037	0.55843443
31038	0.55343246
31039	0.54831707
31040	0.54314983
31041	0.53798723
31042	0.53287995
31043	0.52787244
31044	0.52300245
31045	0.51830149
31046	0.51379502
31047	0.50950259
31048	0.50543839
31049	0.50161201
31050	0.49802831
31051	0.49468839
31052	0.49158970
31053	0.48872632
31054	0.48608926
31055	0.48366663
31056	0.48144379
31057	0.47940341
31058	0.47752571
31059	0.47578856
31060	0.47416785
31061	0.47263771
31062	0.47117093
31063	0.46973938
31064	0.46831456
31065	0.46686822
31066	0.46537271
31067	0.46380141
31068	0.46212947
31069	0.46033406
31070	0.45839474
31071	0.45629397
31072	0.45401734
31073	0.45155391
31074	0.44889647
31075	0.44604173
31076	0.44299060
31077	0.43974808
31078	0.43632349
31079	0.43273050
31080	0.42898670
31081	0.42511386
31082	0.42113739
31083	0.41708586
31084	0.41299051
31085	0.40888441
31086	0.40480167
31087	0.40077615
31088	0.39684051
31089	0.39302489
31090	0.38935578
31091	0.38585490
31092	0.38253850
31093	0.37941661
31094	0.37649280
31095	0.37376392
31096	0.37122080
31097	0.36884829
31098	0.36662623
31099	0.36453030
31100	0.36253282
31101	0.36060387
31102	0.35871202
31103	0.35682535
31104	0.35491240
31105	0.35294241
31106	0.35088637
31107	0.34871730
31108	0.34641090
31109	0.34394562
31110	0.34130338
31111	0.33846968
31112	0.33543381
31113	0.33218923
31114	0.32873338
31115	0.32506812
31116	0.32119960
31117	0.31713817
31118	0.31289837
31119	0.30849865
31120	0.30396107
31121	0.29931113
31122	0.29457706
31123	0.28978932
31124	0.28498012
31125	0.28018266
31126	0.27543044
31127	0.27075669
31128	0.26619381
31129	0.26177263
31130	0.25752231
31131	0.25346962
31132	0.24963897
31133	0.24605195
31134	0.24272715
31135	0.23968008
31136	0.23692301
31137	0.23446454
31138	0.23230967
31139	0.23045954
31140	0.22891098
31141	0.22765630
31142	0.22668286
31143	0.22597240
31144	0.22550058
31145	0.22523646
31146	0.22514205
31147	0.22517179
31148	0.22527260
31149	0.22538410
31150	0.22543900
31151	0.22536448
31152	0.22508354
31153	0.22451702
31154	0.22358619
31155	0.22221507
31156	0.22033335
31157	0.21787880
31158	0.21479937
31159	0.21105456
31160	0.20661609
31161	0.20146760
31162	0.19560376
31163	0.18902865
31164	0.18175346
31165	0.17379461
31166	0.16517130
31167	0.15590401
31168	0.14601356
31169	0.13552074
31170	0.12444741
31171	0.11281830
31172	0.10066429
31173	0.08802595
31174	0.07495914
31175	0.06154093
31176	0.04787623
31177	0.03410549
31178	0.02041322
31179	0.00703532
31180	-0.00573140
31181	-0.01752327
31182	-0.02790556
31183	-0.03636990
31184	-0.04233712
31185	-0.04516566
31186	-0.04416317
31187	-0.03860005
31188	-0.02772030
31189	-0.01074078
31190	0.01317549
31191	0.04499151
31192	0.08594307
31193	0.13783112
31194	0.20358142
31195	0.28838971
31196	0.40233999
31197	0.56731528
31198	0.83982950
31199	1.41977990
31200	3.86135292
31201	NaN
31202	NaN
31203	NaN
31204	NaN
31205	NaN
31206	NaN
31207	NaN
31208	NaN
31209	NaN
31210	NaN
31211	NaN
31212	NaN
31213	NaN
31214	NaN
31215	NaN
31216	NaN
31217	NaN
31218	NaN
31219	NaN
31220	NaN
31221	NaN
31222	NaN
31223	NaN
31224	NaN
31225	NaN
31226	NaN
31227	NaN
31228	NaN
31229	NaN
31230	NaN
31231	NaN
31232	NaN
31233	NaN
31234	NaN
31235	NaN
31236	NaN
31237	NaN
31238	NaN
31239	NaN
31240	NaN
31241	NaN
31242	NaN
31243	NaN
31244	NaN
31245	NaN
31246	NaN
31247	NaN
31248	NaN
31249	NaN
31250	NaN
31251	NaN
31252	NaN
31253	NaN
31254	NaN
31255	NaN
31256	NaN
31257	NaN
31258	NaN
31259	NaN
31260	NaN
31261	NaN
31262	NaN
31263	NaN
31264	NaN
31265	NaN
31266	NaN
31267	NaN
31268	NaN
31269	NaN
31270	NaN
31271	NaN
31272	NaN
31273	NaN
31274	NaN
31275	NaN
31276	NaN
31277	NaN
31278	1.21468258
31279	0.81264848
31280	0.74990922
31281	0.72540587
31282	0.71293771
31283	0.70576990
31284	0.70137906
31285	0.69859999
31286	0.69681549
31287	0.69566596
31288	0.69492579
31289	0.69444656
31290	0.69412726
31291	0.69389796
31292	0.69371015
31293	0.69353086
31294	0.69333893
31295	0.69312167
31296	0.69287300
31297	0.69259208
31298	0.69228065
31299	0.69194293
31300	0.69158328
31301	0.69120580
31302	0.69081277
31303	0.69040388
31304	0.68997610
31305	0.68952221
31306	0.68903130
31307	0.68848842
31308	0.68787420
31309	0.68716544
31310	0.68633538
31311	0.68535411
31312	0.68418950
31313	0.68280816
31314	0.68117642
31315	0.67926210
31316	0.67703587
31317	0.67447370
31318	0.67155802
31319	0.66828048
31320	0.66464329
31321	0.66066080
31322	0.65636069
31323	0.65178370
31324	0.64698368
31325	0.64202601
31326	0.63698578
31327	0.63194484
31328	0.62698883
31329	0.62220371
31330	0.61767197
31331	0.61346966
31332	0.60966301
31333	0.60630602
31334	0.60343838
31335	0.60108435
31336	0.59925205
31337	0.59793341
31338	0.59710497
31339	0.59672868
31340	0.59675342
31341	0.59711677
31342	0.59774715
31343	0.59856534
31344	0.59948742
31345	0.60042644
31346	0.60129511
31347	0.60200810
31348	0.60248482
31349	0.60265106
31350	0.60244215
31351	0.60180485
31352	0.60069919
31353	0.59909999
31354	0.59699798
31355	0.59439975
31356	0.59132713
31357	0.58781618
31358	0.58391452
31359	0.57967937
31360	0.57517374
31361	0.57046378
31362	0.56561536
31363	0.56069142
31364	0.55574977
31365	0.55084139
31366	0.54600930
31367	0.54128855
31368	0.53670585
31369	0.53228039
31370	0.52802467
31371	0.52394545
31372	0.52004480
31373	0.51632130
31374	0.51277113
31375	0.50938874
31376	0.50616813
31377	0.50310308
31378	0.50018752
31379	0.49741620
31380	0.49478427
31381	0.49228722
31382	0.48992068
31383	0.48767987
31384	0.48555890
31385	0.48355016
31386	0.48164386
31387	0.47982687
31388	0.47808278
31389	0.47639117
31390	0.47472769
31391	0.47306395
31392	0.47136843
31393	0.46960688
31394	0.46774390
31395	0.46574387
31396	0.46357277
31397	0.46119970
31398	0.45859808
31399	0.45574746
31400	0.45263413
31401	0.44925210
31402	0.44560340
31403	0.44169834
31404	0.43755496
31405	0.43319881
31406	0.42866197
31407	0.42398223
31408	0.41920188
31409	0.41436639
31410	0.40952313
31411	0.40471971
31412	0.40000254
31413	0.39541546
31414	0.39099792
31415	0.38678387
31416	0.38280073
31417	0.37906823
31418	0.37559807
31419	0.37239373
31420	0.36945054
31421	0.36675611
31422	0.36429143
31423	0.36203149
31424	0.35994667
31425	0.35800397
31426	0.35616812
31427	0.35440284
31428	0.35267210
31429	0.35094067
31430	0.34917513
31431	0.34734470
31432	0.34542146
31433	0.34338081
31434	0.34120166
31435	0.33886683
31436	0.33636272
31437	0.33367968
31438	0.33081177
31439	0.32775679
31440	0.32451603
31441	0.32109419
31442	0.31749910
31443	0.31374153
31444	0.30983496
31445	0.30579489
31446	0.30163884
31447	0.29738608
31448	0.29305696
31449	0.28867307
31450	0.28425688
31451	0.27983153
31452	0.27542081
31453	0.27104935
31454	0.26674238
31455	0.26252535
31456	0.25842443
31457	0.25446570
31458	0.25067529
31459	0.24707872
31460	0.24370079
31461	0.24056484
31462	0.23769252
31463	0.23510295
31464	0.23281245
31465	0.23083360
31466	0.22917479
31467	0.22783907
31468	0.22682355
31469	0.22611807
31470	0.22570458
31471	0.22555575
31472	0.22563452
31473	0.22589321
31474	0.22627400
31475	0.22670871
31476	0.22712082
31477	0.22742674
31478	0.22753854
31479	0.22736724
31480	0.22682588
31481	0.22583316
31482	0.22431672
31483	0.22221559
31484	0.21948242
31485	0.21608417
31486	0.21200228
31487	0.20723157
31488	0.20177867
31489	0.19566028
31490	0.18890074
31491	0.18153021
31492	0.17358337
31493	0.16509849
31494	0.15611763
31495	0.14668751
31496	0.13686186
31497	0.12670431
31498	0.11629330
31499	0.10572766
31500	0.09513399
31501	0.08467593
31502	0.07456494
31503	0.06507429
31504	0.05655277
31505	0.04944393
31506	0.04430428
31507	0.04182649
31508	0.04286299
31509	0.04845720
31510	0.05988331
31511	0.07871144
31512	0.10692026
31513	0.14711729
31514	0.20297922
31515	0.28018621
31516	0.38851443
31517	0.54708254
31518	0.79985625
31519	1.27589357
31520	2.58438277
31521	NaN
31522	NaN
31523	NaN
31524	NaN
31525	NaN
31526	NaN
31527	NaN
31528	NaN
31529	NaN
31530	NaN
31531	NaN
31532	NaN
31533	NaN
31534	NaN
31535	NaN
31536	NaN
31537	NaN
31538	NaN
31539	NaN
31540	NaN
31541	NaN
31542	NaN
31543	NaN
31544	NaN
31545	NaN
31546	NaN
31547	NaN
31548	NaN
31549	NaN
31550	NaN
31551	NaN
31552	NaN
31553	NaN
31554	NaN
31555	NaN
31556	NaN
31557	NaN
31558	NaN
31559	NaN
31560	NaN
31561	NaN
31562	NaN
31563	NaN
31564	NaN
31565	NaN
31566	NaN
31567	NaN
31568	NaN
31569	NaN
31570	NaN
31571	NaN
31572	NaN
31573	NaN
31574	NaN
31575	NaN
31576	NaN
31577	NaN
31578	NaN
31579	NaN
31580	NaN
31581	NaN
31582	NaN
31583	NaN
31584	NaN
31585	NaN
31586	NaN
31587	NaN
31588	NaN
31589	NaN
31590	NaN
31591	NaN
31592	NaN
31593	NaN
31594	NaN
31595	NaN
31596	NaN
31597	NaN
31598	NaN
31599	NaN
31600	NaN
31601	NaN
31602	NaN
31603	NaN
31604	NaN
31605	NaN
31606	1.59657347
31607	0.94429469
31608	0.81586641
31609	0.76197219
31610	0.73305845
31611	0.71561015
31612	0.70441175
31613	0.69701183
31614	0.69209820
31615	0.68889934
31616	0.68692839
31617	0.68586057
31618	0.68546993
31619	0.68559378
31620	0.68611211
31621	0.68693483
31622	0.68799311
31623	0.68923438
31624	0.69061780
31625	0.69211131
31626	0.69368958
31627	0.69533151
31628	0.69701898
31629	0.69873506
31630	0.70046258
31631	0.70218301
31632	0.70387518
31633	0.70551431
31634	0.70707113
31635	0.70851117
31636	0.70979476
31637	0.71087629
31638	0.71170485
31639	0.71222490
31640	0.71237719
31641	0.71210039
31642	0.71133339
31643	0.71001774
31644	0.70810056
31645	0.70553833
31646	0.70230013
31647	0.69837093
31648	0.69375497
31649	0.68847793
31650	0.68258834
31651	0.67615795
31652	0.66928017
31653	0.66206723
31654	0.65464699
31655	0.64715701
31656	0.63973957
31657	0.63253582
31658	0.62567985
31659	0.61929429
31660	0.61348557
31661	0.60834122
31662	0.60392743
31663	0.60028785
31664	0.59744364
31665	0.59539318
31666	0.59411365
31667	0.59356153
31668	0.59367508
31669	0.59437567
31670	0.59557009
31671	0.59715295
31672	0.59900957
31673	0.60101891
31674	0.60305667
31675	0.60499930
31676	0.60672754
31677	0.60812998
31678	0.60910714
31679	0.60957462
31680	0.60946566
31681	0.60873330
31682	0.60735190
31683	0.60531658
31684	0.60264283
31685	0.59936452
31686	0.59553146
31687	0.59120589
31688	0.58645934
31689	0.58136886
31690	0.57601398
31691	0.57047331
31692	0.56482238
31693	0.55913162
31694	0.55346531
31695	0.54788029
31696	0.54242623
31697	0.53714520
31698	0.53207225
31699	0.52723575
31700	0.52265793
31701	0.51835549
31702	0.51433980
31703	0.51061749
31704	0.50719053
31705	0.50405633
31706	0.50120777
31707	0.49863341
31708	0.49631718
31709	0.49423867
31710	0.49237338
31711	0.49069279
31712	0.48916540
31713	0.48775673
31714	0.48643070
31715	0.48515010
31716	0.48387784
31717	0.48257759
31718	0.48121473
31719	0.47975716
31720	0.47817570
31721	0.47644472
31722	0.47454253
31723	0.47245136
31724	0.47015783
31725	0.46765292
31726	0.46493196
31727	0.46199498
31728	0.45884639
31729	0.45549521
31730	0.45195475
31731	0.44824281
31732	0.44438109
31733	0.44039518
31734	0.43631414
31735	0.43216988
31736	0.42799664
31737	0.42383030
31738	0.41970742
31739	0.41566455
31740	0.41173691
31741	0.40795743
31742	0.40435582
31743	0.40095717
31744	0.39778110
31745	0.39484105
31746	0.39214340
31747	0.38968730
31748	0.38746446
31749	0.38545942
31750	0.38364992
31751	0.38200772
31752	0.38049960
31753	0.37908849
31754	0.37773448
31755	0.37639636
31756	0.37503272
31757	0.37360319
31758	0.37206951
31759	0.37039629
31760	0.36855218
31761	0.36650997
31762	0.36424732
31763	0.36174694
31764	0.35899648
31765	0.35598874
31766	0.35272142
31767	0.34919715
31768	0.34542328
31769	0.34141195
31770	0.33717996
31771	0.33274862
31772	0.32814407
31773	0.32339692
31774	0.31854168
31775	0.31361678
31776	0.30866352
31777	0.30372524
31778	0.29884654
31779	0.29407197
31780	0.28944504
31781	0.28500727
31782	0.28079754
31783	0.27685139
31784	0.27320063
31785	0.26987332
31786	0.26689380
31787	0.26428244
31788	0.26205602
31789	0.26022738
31790	0.25880557
31791	0.25779510
31792	0.25719556
31793	0.25700107
31794	0.25719893
31795	0.25776893
31796	0.25868246
31797	0.25990099
31798	0.26137567
31799	0.26304632
31800	0.26484111
31801	0.26667657
31802	0.26845813
31803	0.27008122
31804	0.27143329
31805	0.27239627
31806	0.27284980
31807	0.27267522
31808	0.27175960
31809	0.26999956
31810	0.26730531
31811	0.26360309
31812	0.25883740
31813	0.25297105
31814	0.24598484
31815	0.23787557
31816	0.22865337
31817	0.21833834
31818	0.20695721
31819	0.19454008
31820	0.18111749
31821	0.16671899
31822	0.15137175
31823	0.13510124
31824	0.11793281
31825	0.09989542
31826	0.08102622
31827	0.06137846
31828	0.04103063
31829	0.02009763
31830	-0.00125462
31831	-0.02279322
31832	-0.04420013
31833	-0.06505258
31834	-0.08480350
31835	-0.10276453
31836	-0.11809026
31837	-0.12976958
31838	-0.13662288
31839	-0.13730378
31840	-0.13029675
31841	-0.11390124
31842	-0.08616574
31843	-0.04471946
31844	0.01360597
31845	0.09360316
31846	0.20352091
31847	0.35952488
31848	0.59839165
31849	1.02419841
31850	2.08195853
31851	NaN
31852	NaN
31853	NaN
31854	NaN
31855	NaN
31856	NaN
31857	NaN
31858	NaN
31859	NaN
31860	NaN
31861	NaN
31862	NaN
31863	NaN
31864	NaN
31865	NaN
31866	NaN
31867	NaN
31868	NaN
31869	NaN
31870	NaN
31871	NaN
31872	NaN
31873	NaN
31874	NaN
31875	NaN
31876	NaN
31877	NaN
31878	NaN
31879	NaN
31880	NaN
31881	NaN
31882	NaN
31883	NaN
31884	NaN
31885	NaN
31886	NaN
31887	NaN
31888	NaN
31889	NaN
31890	NaN
31891	NaN
31892	NaN
31893	NaN
31894	NaN
31895	NaN
31896	NaN
31897	NaN
31898	NaN
31899	NaN
31900	NaN
31901	NaN
31902	NaN
31903	NaN
31904	NaN
31905	NaN
31906	NaN
31907	NaN
31908	NaN
31909	NaN
31910	NaN
31911	NaN
31912	NaN
31913	NaN
31914	NaN
31915	NaN
31916	NaN
31917	NaN
31918	NaN
31919	NaN
31920	NaN
31921	NaN
31922	NaN
31923	NaN
31924	NaN
31925	NaN
31926	NaN
31927	NaN
31928	NaN
31929	NaN
31930	NaN
31931	NaN
31932	NaN
31933	2.09874535
31934	1.12076306
31935	0.92684644
31936	0.84548610
31937	0.80167121
31938	0.77490211
31939	0.75727785
31940	0.74510086
31941	0.73640555
31942	0.73004884
31943	0.72531945
31944	0.72175193
31945	0.71902961
31946	0.71693069
31947	0.71529680
31948	0.71401334
31949	0.71299678
31950	0.71218610
31951	0.71153677
31952	0.71101618
31953	0.71060020
31954	0.71027029
31955	0.71001124
31956	0.70980948
31957	0.70965129
31958	0.70952141
31959	0.70940226
31960	0.70927322
31961	0.70910972
31962	0.70888382
31963	0.70856315
31964	0.70811176
31965	0.70749032
31966	0.70665711
31967	0.70556837
31968	0.70418030
31969	0.70245010
31970	0.70033801
31971	0.69780970
31972	0.69483823
31973	0.69140649
31974	0.68750995
31975	0.68315834
31976	0.67837751
31977	0.67321002
31978	0.66771525
31979	0.66196829
31980	0.65605778
31981	0.65008283
31982	0.64414895
31983	0.63836414
31984	0.63283372
31985	0.62765634
31986	0.62291980
31987	0.61869752
31988	0.61504608
31989	0.61200362
31990	0.60958856
31991	0.60780001
31992	0.60661823
31993	0.60600573
31994	0.60590911
31995	0.60626084
31996	0.60698158
31997	0.60798228
31998	0.60916710
31999	0.61043555
32000	0.61168516
32001	0.61281449
32002	0.61372542
32003	0.61432678
32004	0.61453640
32005	0.61428463
32006	0.61351621
32007	0.61219293
32008	0.61029488
32009	0.60782117
32010	0.60479003
32011	0.60123724
32012	0.59721434
32013	0.59278578
32014	0.58802527
32015	0.58301181
32016	0.57782650
32017	0.57254827
32018	0.56725138
32019	0.56200266
32020	0.55685973
32021	0.55187052
32022	0.54707253
32023	0.54249316
32024	0.53815043
32025	0.53405416
32026	0.53020674
32027	0.52660495
32028	0.52324051
32029	0.52010190
32030	0.51717532
32031	0.51444519
32032	0.51189572
32033	0.50951111
32034	0.50727618
32035	0.50517672
32036	0.50319970
32037	0.50133318
32038	0.49956587
32039	0.49788725
32040	0.49628636
32041	0.49475169
32042	0.49327007
32043	0.49182636
32044	0.49040279
32045	0.48897862
32046	0.48753032
32047	0.48603156
32048	0.48445404
32049	0.48276800
32050	0.48094368
32051	0.47895220
32052	0.47676712
32053	0.47436565
32054	0.47172961
32055	0.46884677
32056	0.46571153
32057	0.46232545
32058	0.45869726
32059	0.45484346
32060	0.45078751
32061	0.44655946
32062	0.44219536
32063	0.43773597
32064	0.43322566
32065	0.42871100
32066	0.42423919
32067	0.41985655
32068	0.41560656
32069	0.41152868
32070	0.40765658
32071	0.40401709
32072	0.40062904
32073	0.39750281
32074	0.39464006
32075	0.39203385
32076	0.38966918
32077	0.38752371
32078	0.38556924
32079	0.38377240
32080	0.38209656
32081	0.38050267
32082	0.37895104
32083	0.37740201
32084	0.37581730
32085	0.37416065
32086	0.37239859
32087	0.37050080
32088	0.36844063
32089	0.36619514
32090	0.36374548
32091	0.36107692
32092	0.35817909
32093	0.35504603
32094	0.35167643
32095	0.34807366
32096	0.34424582
32097	0.34020591
32098	0.33597133
32099	0.33156398
32100	0.32700950
32101	0.32233679
32102	0.31757730
32103	0.31276405
32104	0.30793104
32105	0.30311221
32106	0.29834077
32107	0.29364875
32108	0.28906634
32109	0.28462166
32110	0.28034043
32111	0.27624601
32112	0.27235952
32113	0.26869950
32114	0.26528224
32115	0.26212177
32116	0.25922984
32117	0.25661588
32118	0.25428659
32119	0.25224599
32120	0.25049481
32121	0.24903016
32122	0.24784464
32123	0.24692580
32124	0.24625519
32125	0.24580747
32126	0.24554913
32127	0.24543811
32128	0.24542269
32129	0.24544145
32130	0.24542336
32131	0.24528874
32132	0.24495092
32133	0.24431877
32134	0.24329989
32135	0.24180400
32136	0.23974691
32137	0.23705380
32138	0.23366195
32139	0.22952220
32140	0.22459972
32141	0.21887322
32142	0.21233326
32143	0.20497952
32144	0.19681793
32145	0.18785746
32146	0.17810683
32147	0.16757247
32148	0.15625580
32149	0.14415246
32150	0.13125226
32151	0.11753964
32152	0.10299660
32153	0.08760587
32154	0.07135798
32155	0.05425907
32156	0.03634331
32157	0.01768837
32158	-0.00156305
32159	-0.02117685
32160	-0.04079419
32161	-0.05989280
32162	-0.07774093
32163	-0.09335287
32164	-0.10544664
32165	-0.11241413
32166	-0.11231246
32167	-0.10287740
32168	-0.08154487
32169	-0.04543224
32170	0.00882669
32171	0.08563419
32172	0.19185337
32173	0.34043583
32174	0.56064260
32175	0.93420404
32176	1.79295099
32177	NaN
32178	NaN
32179	NaN
32180	NaN
32181	NaN
32182	NaN
32183	NaN
32184	NaN
32185	NaN
32186	NaN
32187	NaN
32188	NaN
32189	NaN
32190	NaN
32191	NaN
32192	NaN
32193	NaN
32194	NaN
32195	NaN
32196	NaN
32197	NaN
32198	NaN
32199	NaN
32200	NaN
32201	NaN
32202	NaN
32203	NaN
32204	NaN
32205	NaN
32206	NaN
32207	NaN
32208	NaN
32209	NaN
32210	NaN
32211	NaN
32212	NaN
32213	NaN
32214	NaN
32215	NaN
32216	NaN
32217	NaN
32218	NaN
32219	NaN
32220	NaN
32221	NaN
32222	NaN
32223	NaN
32224	NaN
32225	NaN
32226	NaN
32227	NaN
32228	NaN
32229	NaN
32230	NaN
32231	NaN
32232	NaN
32233	NaN
32234	NaN
32235	NaN
32236	NaN
32237	NaN
32238	NaN
32239	NaN
32240	NaN
32241	NaN
32242	NaN
32243	NaN
32244	NaN
32245	NaN
32246	NaN
32247	NaN
32248	NaN
32249	NaN
32250	NaN
32251	NaN
32252	NaN
32253	NaN
32254	NaN
32255	NaN
32256	NaN
32257	NaN
32258	NaN
32259	NaN
32260	NaN
32261	4.51078176
32262	1.09178770
32263	0.87766629
32264	0.80192071
32265	0.76430166
32266	0.74262697
32267	0.72915846
32268	0.72048110
32269	0.71484643
32270	0.71126091
32271	0.70911473
32272	0.70801002
32273	0.70767474
32274	0.70791584
32275	0.70859241
32276	0.70959914
32277	0.71085632
32278	0.71230286
32279	0.71389163
32280	0.71558583
32281	0.71735615
32282	0.71917921
32283	0.72103465
32284	0.72290438
32285	0.72477043
32286	0.72661394
32287	0.72841388
32288	0.73014569
32289	0.73178095
32290	0.73328602
32291	0.73462194
32292	0.73574418
32293	0.73660254
32294	0.73714232
32295	0.73730499
32296	0.73702997
32297	0.73625690
32298	0.73492795
32299	0.73299158
32300	0.73040503
32301	0.72713822
32302	0.72317678
32303	0.71852535
32304	0.71320933
32305	0.70727658
32306	0.70079744
32307	0.69386363
32308	0.68658584
32309	0.67909014
32310	0.67151314
32311	0.66399705
32312	0.65668368
32313	0.64970934
32314	0.64319974
32315	0.63726544
32316	0.63199884
32317	0.62747157
32318	0.62373310
32319	0.62080979
32320	0.61870563
32321	0.61740261
32322	0.61686194
32323	0.61702597
32324	0.61781996
32325	0.61915416
32326	0.62092644
32327	0.62302494
32328	0.62533081
32329	0.62772131
32330	0.63007307
32331	0.63226593
32332	0.63418609
32333	0.63572967
32334	0.63680619
32335	0.63734150
32336	0.63727981
32337	0.63658535
32338	0.63524312
32339	0.63325840
32340	0.63065523
32341	0.62747437
32342	0.62377030
32343	0.61960799
32344	0.61505926
32345	0.61019927
32346	0.60510361
32347	0.59984529
32348	0.59449315
32349	0.58910972
32350	0.58375090
32351	0.57846504
32352	0.57329357
32353	0.56827080
32354	0.56342494
32355	0.55877852
32356	0.55434960
32357	0.55015182
32358	0.54619551
32359	0.54248756
32360	0.53903186
32361	0.53582931
32362	0.53287727
32363	0.53016955
32364	0.52769613
32365	0.52544278
32366	0.52339113
32367	0.52151865
32368	0.51979905
32369	0.51820278
32370	0.51669741
32371	0.51524884
32372	0.51382166
32373	0.51238054
32374	0.51089036
32375	0.50931752
32376	0.50763023
32377	0.50579953
32378	0.50379932
32379	0.50160736
32380	0.49920520
32381	0.49657902
32382	0.49371973
32383	0.49062333
32384	0.48729110
32385	0.48372987
32386	0.47995195
32387	0.47597507
32388	0.47182229
32389	0.46752134
32390	0.46310461
32391	0.45860809
32392	0.45407069
32393	0.44953328
32394	0.44503748
32395	0.44062471
32396	0.43633446
32397	0.43220356
32398	0.42826441
32399	0.42454445
32400	0.42106479
32401	0.41783980
32402	0.41487649
32403	0.41217434
32404	0.40972549
32405	0.40751493
32406	0.40552095
32407	0.40371615
32408	0.40206817
32409	0.40054074
32410	0.39909485
32411	0.39768997
32412	0.39628521
32413	0.39484045
32414	0.39331740
32415	0.39168057
32416	0.38989800
32417	0.38794157
32418	0.38578770
32419	0.38341719
32420	0.38081551
32421	0.37797251
32422	0.37488231
32423	0.37154308
32424	0.36795703
32425	0.36413020
32426	0.36007255
32427	0.35579783
32428	0.35132390
32429	0.34667248
32430	0.34186921
32431	0.33694357
32432	0.33192813
32433	0.32685849
32434	0.32177207
32435	0.31670767
32436	0.31170455
32437	0.30680156
32438	0.30203664
32439	0.29744592
32440	0.29306367
32441	0.28892165
32442	0.28504902
32443	0.28147224
32444	0.27821475
32445	0.27529708
32446	0.27273655
32447	0.27054700
32448	0.26873854
32449	0.26731727
32450	0.26628426
32451	0.26563543
32452	0.26536030
32453	0.26544112
32454	0.26585209
32455	0.26655823
32456	0.26751503
32457	0.26866758
32458	0.26995078
32459	0.27128989
32460	0.27260119
32461	0.27379411
32462	0.27477306
32463	0.27544022
32464	0.27569795
32465	0.27545196
32466	0.27461365
32467	0.27310216
32468	0.27084589
32469	0.26778319
32470	0.26386240
32471	0.25904155
32472	0.25328729
32473	0.24657391
32474	0.23888196
32475	0.23019721
32476	0.22051004
32477	0.20981473
32478	0.19811012
32479	0.18540053
32480	0.17169817
32481	0.15702657
32482	0.14142501
32483	0.12495577
32484	0.10771181
32485	0.08982718
32486	0.07148834
32487	0.05294728
32488	0.03453476
32489	0.01667302
32490	-0.00011466
32491	-0.01519705
32492	-0.02783753
32493	-0.03720002
32494	-0.04236417
32495	-0.04234453
32496	-0.03610216
32497	-0.02254103
32498	-0.00046793
32499	0.03151494
32500	0.07523331
32501	0.13337491
32502	0.21034506
32503	0.31407493
32504	0.46030471
32505	0.68459624
32506	1.08571792
32507	2.07071733
32508	NaN
32509	NaN
32510	NaN
32511	NaN
32512	NaN
32513	NaN
32514	NaN
32515	NaN
32516	NaN
32517	NaN
32518	NaN
32519	NaN
32520	NaN
32521	NaN
32522	NaN
32523	NaN
32524	NaN
32525	NaN
32526	NaN
32527	NaN
32528	NaN
32529	NaN
32530	NaN
32531	NaN
32532	NaN
32533	NaN
32534	NaN
32535	NaN
32536	NaN
32537	NaN
32538	NaN
32539	NaN
32540	NaN
32541	NaN
32542	NaN
32543	NaN
32544	NaN
32545	NaN
32546	NaN
32547	NaN
32548	NaN
32549	NaN
32550	NaN
32551	NaN
32552	NaN
32553	NaN
32554	NaN
32555	NaN
32556	NaN
32557	NaN
32558	NaN
32559	NaN
32560	NaN
32561	NaN
32562	NaN
32563	NaN
32564	NaN
32565	NaN
32566	NaN
32567	NaN
32568	NaN
32569	NaN
32570	NaN
32571	NaN
32572	NaN
32573	NaN
32574	NaN
32575	NaN
32576	NaN
32577	NaN
32578	NaN
32579	NaN
32580	NaN
32581	NaN
32582	NaN
32583	NaN
32584	NaN
32585	NaN
32586	NaN
32587	NaN
32588	NaN
32589	NaN
32590	1.13889849
32591	0.86531544
32592	0.79892761
32593	0.76917654
32594	0.75242102
32595	0.74176854
32596	0.73446912
32597	0.72920495
32598	0.72526193
32599	0.72221780
32600	0.71980608
32601	0.71785051
32602	0.71623045
32603	0.71486205
32604	0.71368611
32605	0.71266186
32606	0.71176136
32607	0.71096641
32608	0.71026617
32609	0.70965511
32610	0.70913124
32611	0.70869470
32612	0.70834637
32613	0.70808685
32614	0.70791507
32615	0.70782757
32616	0.70781738
32617	0.70787328
32618	0.70797962
32619	0.70811522
32620	0.70825380
32621	0.70836318
32622	0.70840585
32623	0.70833927
32624	0.70811617
32625	0.70768589
32626	0.70699561
32627	0.70599174
32628	0.70462251
32629	0.70284021
32630	0.70060396
32631	0.69788283
32632	0.69465876
32633	0.69092941
32634	0.68671036
32635	0.68203628
32636	0.67696172
32637	0.67155993
32638	0.66592062
32639	0.66014701
32640	0.65435141
32641	0.64865005
32642	0.64315844
32643	0.63798583
32644	0.63323110
32645	0.62897903
32646	0.62529719
32647	0.62223423
32648	0.61981928
32649	0.61806142
32650	0.61695021
32651	0.61645705
32652	0.61653596
32653	0.61712557
32654	0.61815047
32655	0.61952311
32656	0.62114549
32657	0.62291163
32658	0.62470961
32659	0.62642449
32660	0.62794125
32661	0.62914813
32662	0.62994093
32663	0.63022643
32664	0.62992662
32665	0.62898231
32666	0.62735593
32667	0.62503350
32668	0.62202525
32669	0.61836481
32670	0.61410666
32671	0.60932320
32672	0.60410005
32673	0.59853119
32674	0.59271413
32675	0.58674526
32676	0.58071595
32677	0.57470930
32678	0.56879812
32679	0.56304353
32680	0.55749482
32681	0.55218929
32682	0.54715359
32683	0.54240423
32684	0.53794956
32685	0.53379089
32686	0.52992398
32687	0.52634019
32688	0.52302802
32689	0.51997381
32690	0.51716256
32691	0.51457858
32692	0.51220548
32693	0.51002681
32694	0.50802577
32695	0.50618470
32696	0.50448537
32697	0.50290835
32698	0.50143254
32699	0.50003499
32700	0.49869061
32701	0.49737209
32702	0.49605003
32703	0.49469307
32704	0.49326873
32705	0.49174386
32706	0.49008566
32707	0.48826268
32708	0.48624605
32709	0.48401043
32710	0.48153511
32711	0.47880459
32712	0.47580954
32713	0.47254691
32714	0.46902022
32715	0.46523958
32716	0.46122143
32717	0.45698810
32718	0.45256755
32719	0.44799265
32720	0.44330055
32721	0.43853185
32722	0.43372992
32723	0.42893931
32724	0.42420530
32725	0.41957191
32726	0.41508085
32727	0.41077015
32728	0.40667266
32729	0.40281492
32730	0.39921650
32731	0.39588913
32732	0.39283651
32733	0.39005435
32734	0.38753110
32735	0.38524848
32736	0.38318238
32737	0.38130403
32738	0.37958127
32739	0.37797946
32740	0.37646264
32741	0.37499455
32742	0.37353912
32743	0.37206143
32744	0.37052783
32745	0.36890650
32746	0.36716756
32747	0.36528349
32748	0.36322907
32749	0.36098203
32750	0.35852289
32751	0.35583565
32752	0.35290807
32753	0.34973207
32754	0.34630415
32755	0.34262568
32756	0.33870307
32757	0.33454797
32758	0.33017716
32759	0.32561234
32760	0.32087985
32761	0.31601006
32762	0.31103700
32763	0.30599758
32764	0.30093110
32765	0.29587850
32766	0.29088175
32767	0.28598329
32768	0.28122544
32769	0.27664983
32770	0.27229729
32771	0.26820689
32772	0.26441613
32773	0.26096046
32774	0.25787303
32775	0.25518456
32776	0.25292310
32777	0.25111362
32778	0.24977750
32779	0.24893188
32780	0.24858870
32781	0.24875332
32782	0.24942279
32783	0.25058419
32784	0.25221178
32785	0.25426549
32786	0.25668803
32787	0.25940362
32788	0.26231644
32789	0.26531103
32790	0.26825333
32791	0.27099350
32792	0.27337024
32793	0.27521694
32794	0.27636799
32795	0.27666652
32796	0.27597067
32797	0.27415997
32798	0.27113912
32799	0.26683983
32800	0.26122135
32801	0.25426707
32802	0.24598159
32803	0.23638539
32804	0.22550946
32805	0.21339081
32806	0.20006789
32807	0.18557796
32808	0.16995566
32809	0.15323362
32810	0.13544556
32811	0.11663166
32812	0.09684724
32813	0.07617525
32814	0.05474291
32815	0.03274579
32816	0.01047716
32817	-0.01163311
32818	-0.03296772
32819	-0.05266027
32820	-0.06951871
32821	-0.08193205
32822	-0.08775462
32823	-0.08415566
32824	-0.06740504
32825	-0.03251503
32826	0.02744303
32827	0.12280942
32828	0.27083829
32829	0.50502264
32830	0.90474898
32831	1.72357535
32832	NaN
32833	NaN
32834	NaN
32835	NaN
32836	NaN
32837	NaN
32838	NaN
32839	NaN
32840	NaN
32841	NaN
32842	NaN
32843	NaN
32844	NaN
32845	NaN
32846	NaN
32847	NaN
32848	NaN
32849	NaN
32850	NaN
32851	NaN
32852	NaN
32853	NaN
32854	NaN
32855	NaN
32856	NaN
32857	NaN
32858	NaN
32859	NaN
32860	NaN
32861	NaN
32862	NaN
32863	NaN
32864	NaN
32865	NaN
32866	NaN
32867	NaN
32868	NaN
32869	NaN
32870	NaN
32871	NaN
32872	NaN
32873	NaN
32874	NaN
32875	NaN
32876	NaN
32877	NaN
32878	NaN
32879	NaN
32880	NaN
32881	NaN
32882	NaN
32883	NaN
32884	NaN
32885	NaN
32886	NaN
32887	NaN
32888	NaN
32889	NaN
32890	NaN
32891	NaN
32892	NaN
32893	NaN
32894	NaN
32895	NaN
32896	NaN
32897	NaN
32898	NaN
32899	NaN
32900	NaN
32901	NaN
32902	NaN
32903	NaN
32904	NaN
32905	NaN
32906	NaN
32907	NaN
32908	NaN
32909	NaN
32910	NaN
32911	1.21408165
32912	0.95935524
32913	0.88173956
32914	0.84259093
32915	0.81831992
32916	0.80152863
32917	0.78913736
32918	0.77962404
32919	0.77214146
32920	0.76617402
32921	0.76138580
32922	0.75754470
32923	0.75448292
32924	0.75207436
32925	0.75022131
32926	0.74884605
32927	0.74788570
32928	0.74728781
32929	0.74700838
32930	0.74700946
32931	0.74725747
32932	0.74772209
32933	0.74837446
32934	0.74918646
32935	0.75012904
32936	0.75117159
32937	0.75228065
32938	0.75341856
32939	0.75454372
32940	0.75560904
32941	0.75656229
32942	0.75734574
32943	0.75789690
32944	0.75814956
32945	0.75803506
32946	0.75748444
32947	0.75643128
32948	0.75481457
32949	0.75258183
32950	0.74969327
32951	0.74612474
32952	0.74187082
32953	0.73694706
32954	0.73139143
32955	0.72526455
32956	0.71864837
32957	0.71164376
32958	0.70436686
32959	0.69694489
32960	0.68951046
32961	0.68219709
32962	0.67513394
32963	0.66844082
32964	0.66222531
32965	0.65657854
32966	0.65157390
32967	0.64726496
32968	0.64368463
32969	0.64084536
32970	0.63873887
32971	0.63733733
32972	0.63659400
32973	0.63644564
32974	0.63681352
32975	0.63760644
32976	0.63872343
32977	0.64005655
32978	0.64149493
32979	0.64292777
32980	0.64424855
32981	0.64535797
32982	0.64616787
32983	0.64660335
32984	0.64660537
32985	0.64613152
32986	0.64515716
32987	0.64367455
32988	0.64169222
32989	0.63923275
32990	0.63633096
32991	0.63303089
32992	0.62938350
32993	0.62544370
32994	0.62126797
32995	0.61691219
32996	0.61243016
32997	0.60787201
32998	0.60328335
32999	0.59870470
33000	0.59417152
33001	0.58971387
33002	0.58535665
33003	0.58112025
33004	0.57702029
33005	0.57306862
33006	0.56927317
33007	0.56563884
33008	0.56216741
33009	0.55885822
33010	0.55570799
33011	0.55271131
33012	0.54986095
33013	0.54714745
33014	0.54455996
33015	0.54208583
33016	0.53971088
33017	0.53741986
33018	0.53519630
33019	0.53302282
33020	0.53088146
33021	0.52875406
33022	0.52662230
33023	0.52446830
33024	0.52227503
33025	0.52002639
33026	0.51770782
33027	0.51530635
33028	0.51281118
33029	0.51021361
33030	0.50750732
33031	0.50468838
33032	0.50175571
33033	0.49871078
33034	0.49555781
33035	0.49230418
33036	0.48896003
33037	0.48553872
33038	0.48205662
33039	0.47853327
33040	0.47499076
33041	0.47145367
33042	0.46794814
33043	0.46450129
33044	0.46114004
33045	0.45789000
33046	0.45477441
33047	0.45181301
33048	0.44902098
33049	0.44640800
33050	0.44397783
33051	0.44172797
33052	0.43964952
33053	0.43772778
33054	0.43594220
33055	0.43426785
33056	0.43267575
33057	0.43113413
33058	0.42960960
33059	0.42806786
33060	0.42647508
33061	0.42479858
33062	0.42300767
33063	0.42107445
33064	0.41897428
33065	0.41668636
33066	0.41419390
33067	0.41148463
33068	0.40855089
33069	0.40538982
33070	0.40200341
33071	0.39839849
33072	0.39458683
33073	0.39058471
33074	0.38641277
33075	0.38209540
33076	0.37766027
33077	0.37313750
33078	0.36855876
33079	0.36395657
33080	0.35936317
33081	0.35481006
33082	0.35032719
33083	0.34594280
33084	0.34168300
33085	0.33757231
33086	0.33363333
33087	0.32988745
33088	0.32635483
33089	0.32305470
33090	0.32000542
33091	0.31722397
33092	0.31472570
33093	0.31252396
33094	0.31062862
33095	0.30904600
33096	0.30777732
33097	0.30681837
33098	0.30615863
33099	0.30578080
33100	0.30565995
33101	0.30576369
33102	0.30605176
33103	0.30647588
33104	0.30697989
33105	0.30750024
33106	0.30796644
33107	0.30830231
33108	0.30842716
33109	0.30825800
33110	0.30771163
33111	0.30670738
33112	0.30517000
33113	0.30303210
33114	0.30023706
33115	0.29674038
33116	0.29251131
33117	0.28753290
33118	0.28180155
33119	0.27532580
33120	0.26812452
33121	0.26022479
33122	0.25165957
33123	0.24246566
33124	0.23268245
33125	0.22235087
33126	0.21151361
33127	0.20021600
33128	0.18850829
33129	0.17644846
33130	0.16410583
33131	0.15156603
33132	0.13893512
33133	0.12634505
33134	0.11395808
33135	0.10197109
33136	0.09061742
33137	0.08016963
33138	0.07093802
33139	0.06326623
33140	0.05752618
33141	0.05410735
33142	0.05340426
33143	0.05580369
33144	0.06167182
33145	0.07134844
33146	0.08515155
33147	0.10339947
33148	0.12646160
33149	0.15485337
33150	0.18940973
33151	0.23160768
33152	0.28421754
33153	0.35280421
33154	0.44975239
33155	0.60798645
33156	0.95007706
33157	NaN
33158	NaN
33159	NaN
33160	NaN
33161	NaN
33162	NaN
33163	NaN
33164	NaN
33165	NaN
33166	NaN
33167	NaN
33168	NaN
33169	NaN
33170	NaN
33171	NaN
33172	NaN
33173	NaN
33174	NaN
33175	NaN
33176	NaN
33177	NaN
33178	NaN
33179	NaN
33180	NaN
33181	NaN
33182	NaN
33183	NaN
33184	NaN
33185	NaN
33186	NaN
33187	NaN
33188	NaN
33189	NaN
33190	NaN
33191	NaN
33192	NaN
33193	NaN
33194	NaN
33195	NaN
33196	NaN
33197	NaN
33198	NaN
33199	NaN
33200	NaN
33201	NaN
33202	NaN
33203	NaN
33204	NaN
33205	NaN
33206	NaN
33207	NaN
33208	NaN
33209	NaN
33210	NaN
33211	NaN
33212	NaN
33213	NaN
33214	NaN
33215	NaN
33216	NaN
33217	NaN
33218	NaN
33219	NaN
33220	NaN
33221	NaN
33222	NaN
33223	NaN
33224	NaN
33225	NaN
33226	NaN
33227	NaN
33228	NaN
33229	NaN
33230	NaN
33231	NaN
33232	NaN
33233	NaN
33234	NaN
33235	NaN
33236	NaN
33237	NaN
33238	NaN
33239	NaN
33240	NaN
33241	NaN
33242	NaN
33243	NaN
33244	1.27065718
33245	0.90621358
33246	0.80958611
33247	0.76880091
33248	0.74845028
33249	0.73755485
33250	0.73161352
33251	0.72845590
33252	0.72691989
33253	0.72633874
33254	0.72631180
33255	0.72659153
33256	0.72702324
33257	0.72751123
33258	0.72799712
33259	0.72844809
33260	0.72884816
33261	0.72919214
33262	0.72948229
33263	0.72972536
33264	0.72993034
33265	0.73010695
33266	0.73026443
33267	0.73041004
33268	0.73054850
33269	0.73068082
33270	0.73080379
33271	0.73090941
33272	0.73098415
33273	0.73100942
33274	0.73096049
33275	0.73080719
33276	0.73051387
33277	0.73004007
33278	0.72934115
33279	0.72836941
33280	0.72707540
33281	0.72540992
33282	0.72332621
33283	0.72078276
33284	0.71774608
33285	0.71419412
33286	0.71011943
33287	0.70553219
33288	0.70046210
33289	0.69495994
33290	0.68909746
33291	0.68296641
33292	0.67667514
33293	0.67034519
33294	0.66410589
33295	0.65808880
33296	0.65242213
33297	0.64722490
33298	0.64260238
33299	0.63864195
33300	0.63541019
33301	0.63295096
33302	0.63128471
33303	0.63040775
33304	0.63029349
33305	0.63089317
33306	0.63213700
33307	0.63393641
33308	0.63618571
33309	0.63876444
33310	0.64153999
33311	0.64437091
33312	0.64711058
33313	0.64961141
33314	0.65173036
33315	0.65333378
33316	0.65430337
33317	0.65454149
33318	0.65397573
33319	0.65256244
33320	0.65028882
33321	0.64717263
33322	0.64326078
33323	0.63862562
33324	0.63336021
33325	0.62757248
33326	0.62137938
33327	0.61490035
33328	0.60825217
33329	0.60154444
33330	0.59487605
33331	0.58833277
33332	0.58198631
33333	0.57589418
33334	0.57010013
33335	0.56463522
33336	0.55951965
33337	0.55476433
33338	0.55037236
33339	0.54634118
33340	0.54266346
33341	0.53932869
33342	0.53632414
33343	0.53363544
33344	0.53124696
33345	0.52914232
33346	0.52730393
33347	0.52571338
33348	0.52435052
33349	0.52319354
33350	0.52221829
33351	0.52139795
33352	0.52070284
33353	0.52009982
33354	0.51955271
33355	0.51902211
33356	0.51846617
33357	0.51784086
33358	0.51710135
33359	0.51620263
33360	0.51510119
33361	0.51375616
33362	0.51213062
33363	0.51019305
33364	0.50791830
33365	0.50528866
33366	0.50229442
33367	0.49893451
33368	0.49521643
33369	0.49115649
33370	0.48677927
33371	0.48211744
33372	0.47721082
33373	0.47210571
33374	0.46685374
33375	0.46151057
33376	0.45613465
33377	0.45078531
33378	0.44552150
33379	0.44039953
33380	0.43547162
33381	0.43078437
33382	0.42637688
33383	0.42227995
33384	0.41851503
33385	0.41509396
33386	0.41201860
33387	0.40928128
33388	0.40686542
33389	0.40474635
33390	0.40289253
33391	0.40126663
33392	0.39982715
33393	0.39852947
33394	0.39732733
33395	0.39617404
33396	0.39502347
33397	0.39383098
33398	0.39255422
33399	0.39115357
33400	0.38959274
33401	0.38783887
33402	0.38586307
33403	0.38364044
33404	0.38115042
33405	0.37837708
33406	0.37530935
33407	0.37194151
33408	0.36827347
33409	0.36431092
33410	0.36006540
33411	0.35555449
33412	0.35080138
33413	0.34583449
33414	0.34068668
33415	0.33539486
33416	0.32999879
33417	0.32454026
33418	0.31906232
33419	0.31360847
33420	0.30822185
33421	0.30294484
33422	0.29781881
33423	0.29288349
33424	0.28817722
33425	0.28373668
33426	0.27959669
33427	0.27579030
33428	0.27234843
33429	0.26929969
33430	0.26666984
33431	0.26448134
33432	0.26275235
33433	0.26149604
33434	0.26071885
33435	0.26041901
33436	0.26058480
33437	0.26119232
33438	0.26220328
33439	0.26356298
33440	0.26519877
33441	0.26701903
33442	0.26891342
33443	0.27075431
33444	0.27239960
33445	0.27369732
33446	0.27449131
33447	0.27462769
33448	0.27396142
33449	0.27236265
33450	0.26972109
33451	0.26594952
33452	0.26098421
33453	0.25478402
33454	0.24732679
33455	0.23860534
33456	0.22862159
33457	0.21738151
33458	0.20488958
33459	0.19114442
33460	0.17613600
33461	0.15984336
33462	0.14223513
33463	0.12327190
33464	0.10291110
33465	0.08111548
33466	0.05786580
33467	0.03317954
33468	0.00713624
33469	-0.02008658
33470	-0.04816565
33471	-0.07657190
33472	-0.10449187
33473	-0.13073735
33474	-0.15364656
33475	-0.17098089
33476	-0.17984183
33477	-0.17661078
33478	-0.15690875
33479	-0.11551526
33480	-0.04606551
33481	0.05990232
33482	0.21556778
33483	0.44594988
33484	0.80951500
33485	1.48319137
33486	3.33812380
33487	NaN
33488	NaN
33489	NaN
33490	NaN
33491	NaN
33492	NaN
33493	NaN
33494	NaN
33495	NaN
33496	NaN
33497	NaN
33498	NaN
33499	NaN
33500	NaN
33501	NaN
33502	NaN
33503	NaN
33504	NaN
33505	NaN
33506	NaN
33507	NaN
33508	NaN
33509	NaN
33510	NaN
33511	NaN
33512	NaN
33513	NaN
33514	NaN
33515	NaN
33516	NaN
33517	NaN
33518	NaN
33519	NaN
33520	NaN
33521	NaN
33522	NaN
33523	NaN
33524	NaN
33525	NaN
33526	NaN
33527	NaN
33528	NaN
33529	NaN
33530	NaN
33531	NaN
33532	NaN
33533	NaN
33534	NaN
33535	NaN
33536	NaN
33537	NaN
33538	NaN
33539	NaN
33540	NaN
33541	NaN
33542	NaN
33543	NaN
33544	NaN
33545	NaN
33546	NaN
33547	NaN
33548	NaN
33549	NaN
33550	NaN
33551	NaN
33552	NaN
33553	NaN
33554	NaN
33555	NaN
33556	NaN
33557	NaN
33558	NaN
33559	NaN
33560	NaN
33561	NaN
33562	NaN
33563	NaN
33564	NaN
33565	NaN
33566	1.19916713
33567	0.95347136
33568	0.87452388
33569	0.83399981
33570	0.80869257
33571	0.79113728
33572	0.77817518
33573	0.76822346
33574	0.76039129
33575	0.75413078
33576	0.74908161
33577	0.74499327
33578	0.74168396
33579	0.73901713
33580	0.73688734
33581	0.73521137
33582	0.73392278
33583	0.73296767
33584	0.73230171
33585	0.73188818
33586	0.73169565
33587	0.73169708
33588	0.73186737
33589	0.73218298
33590	0.73262000
33591	0.73315322
33592	0.73375481
33593	0.73439378
33594	0.73503476
33595	0.73563802
33596	0.73615891
33597	0.73654795
33598	0.73675174
33599	0.73671329
33600	0.73637408
33601	0.73567545
33602	0.73456067
33603	0.73297787
33604	0.73088211
33605	0.72823840
33606	0.72502446
33607	0.72123265
33608	0.71687198
33609	0.71196985
33610	0.70657152
33611	0.70074081
33612	0.69455773
33613	0.68811673
33614	0.68152374
33615	0.67489183
33616	0.66833794
33617	0.66197819
33618	0.65592349
33619	0.65027601
33620	0.64512575
33621	0.64054710
33622	0.63659757
33623	0.63331538
33624	0.63071948
33625	0.62880862
33626	0.62756217
33627	0.62694114
33628	0.62688941
33629	0.62733573
33630	0.62819570
33631	0.62937498
33632	0.63077164
33633	0.63227981
33634	0.63379270
33635	0.63520610
33636	0.63642180
33637	0.63735056
33638	0.63791472
33639	0.63805073
33640	0.63771057
33641	0.63686258
33642	0.63549203
33643	0.63360006
33644	0.63120282
33645	0.62832975
33646	0.62502080
33647	0.62132472
33648	0.61729550
33649	0.61299068
33650	0.60846865
33651	0.60378653
33652	0.59899861
33653	0.59415525
33654	0.58930218
33655	0.58447951
33656	0.57972246
33657	0.57506096
33658	0.57052016
33659	0.56612068
33660	0.56187940
33661	0.55780929
33662	0.55392033
33663	0.55021930
33664	0.54670984
33665	0.54339284
33666	0.54026598
33667	0.53732395
33668	0.53455830
33669	0.53195709
33670	0.52950573
33671	0.52718639
33672	0.52497876
33673	0.52286035
33674	0.52080727
33675	0.51879454
33676	0.51679689
33677	0.51478964
33678	0.51274878
33679	0.51065212
33680	0.50847936
33681	0.50621265
33682	0.50383675
33683	0.50133961
33684	0.49871203
33685	0.49594823
33686	0.49304575
33687	0.49000543
33688	0.48683143
33689	0.48353106
33690	0.48011503
33691	0.47659689
33692	0.47299317
33693	0.46932292
33694	0.46560767
33695	0.46187091
33696	0.45813754
33697	0.45443350
33698	0.45078480
33699	0.44721687
33700	0.44375369
33701	0.44041675
33702	0.43722442
33703	0.43419087
33704	0.43132550
33705	0.42863247
33706	0.42611039
33707	0.42375201
33708	0.42154470
33709	0.41947040
33710	0.41750643
33711	0.41562599
33712	0.41379923
33713	0.41199398
33714	0.41017690
33715	0.40831435
33716	0.40637335
33717	0.40432256
33718	0.40213287
33719	0.39977810
33720	0.39723536
33721	0.39448589
33722	0.39151493
33723	0.38831234
33724	0.38487270
33725	0.38119566
33726	0.37728602
33727	0.37315366
33728	0.36881375
33729	0.36428636
33730	0.35959604
33731	0.35477152
33732	0.34984481
33733	0.34485051
33734	0.33982506
33735	0.33480582
33736	0.32983017
33737	0.32493505
33738	0.32015625
33739	0.31552786
33740	0.31108207
33741	0.30684873
33742	0.30285537
33743	0.29912660
33744	0.29568443
33745	0.29254767
33746	0.28973183
33747	0.28724915
33748	0.28510785
33749	0.28331229
33750	0.28186250
33751	0.28075397
33752	0.27997723
33753	0.27951798
33754	0.27935639
33755	0.27946714
33756	0.27981916
33757	0.28037524
33758	0.28109208
33759	0.28192014
33760	0.28280357
33761	0.28368077
33762	0.28448495
33763	0.28514460
33764	0.28558514
33765	0.28573057
33766	0.28550506
33767	0.28483519
33768	0.28365213
33769	0.28189397
33770	0.27950695
33771	0.27644721
33772	0.27268153
33773	0.26818743
33774	0.26295236
33775	0.25697270
33776	0.25025222
33777	0.24280053
33778	0.23463108
33779	0.22576016
33780	0.21620555
33781	0.20598710
33782	0.19512719
33783	0.18365268
33784	0.17159823
33785	0.15901005
33786	0.14595149
33787	0.13250917
33788	0.11880045
33789	0.10498109
33790	0.09125418
33791	0.07787922
33792	0.06518009
33793	0.05355515
33794	0.04348391
33795	0.03553538
33796	0.03037410
33797	0.02876903
33798	0.03160526
33799	0.03990410
33800	0.05486251
33801	0.07792934
33802	0.11095443
33803	0.15647097
33804	0.21825634
33805	0.30248386
33806	0.42031947
33807	0.59451014
33808	0.87964040
33809	1.44657278
33810	3.23562646
33811	NaN
33812	NaN
33813	NaN
33814	NaN
33815	NaN
33816	NaN
33817	NaN
33818	NaN
33819	NaN
33820	NaN
33821	NaN
33822	NaN
33823	NaN
33824	NaN
33825	NaN
33826	NaN
33827	NaN
33828	NaN
33829	NaN
33830	NaN
33831	NaN
33832	NaN
33833	NaN
33834	NaN
33835	NaN
33836	NaN
33837	NaN
33838	NaN
33839	NaN
33840	NaN
33841	NaN
33842	NaN
33843	NaN
33844	NaN
33845	NaN
33846	NaN
33847	NaN
33848	NaN
33849	NaN
33850	NaN
33851	NaN
33852	NaN
33853	NaN
33854	NaN
33855	NaN
33856	NaN
33857	NaN
33858	NaN
33859	NaN
33860	NaN
33861	NaN
33862	NaN
33863	NaN
33864	NaN
33865	NaN
33866	NaN
33867	NaN
33868	NaN
33869	NaN
33870	NaN
33871	NaN
33872	NaN
33873	NaN
33874	NaN
33875	NaN
33876	NaN
33877	NaN
33878	NaN
33879	NaN
33880	NaN
33881	NaN
33882	NaN
33883	NaN
33884	NaN
33885	NaN
33886	NaN
33887	NaN
33888	NaN
33889	NaN
33890	NaN
33891	1.37284327
33892	0.82329530
33893	0.75210047
33894	0.72593266
33895	0.71339291
33896	0.70671773
33897	0.70305473
33898	0.70110452
33899	0.70018673
33900	0.69990849
33901	0.70002723
33902	0.70038527
33903	0.70087737
33904	0.70143241
33905	0.70200217
33906	0.70255542
33907	0.70307201
33908	0.70354122
33909	0.70395797
33910	0.70432174
33911	0.70463479
33912	0.70490080
33913	0.70512390
33914	0.70530802
33915	0.70545518
33916	0.70556557
33917	0.70563632
33918	0.70566100
33919	0.70562941
33920	0.70552677
33921	0.70533395
33922	0.70502740
33923	0.70457941
33924	0.70395839
33925	0.70313007
33926	0.70205832
33927	0.70070660
33928	0.69903958
33929	0.69702536
33930	0.69463730
33931	0.69185632
33932	0.68867332
33933	0.68509066
33934	0.68112421
33935	0.67680377
33936	0.67217362
33937	0.66729146
33938	0.66222692
33939	0.65705884
33940	0.65187263
33941	0.64675611
33942	0.64179635
33943	0.63707566
33944	0.63266855
33945	0.62863898
33946	0.62503821
33947	0.62190306
33948	0.61925524
33949	0.61710113
33950	0.61543155
33951	0.61422282
33952	0.61343777
33953	0.61302680
33954	0.61292982
33955	0.61307800
33956	0.61339533
33957	0.61380160
33958	0.61421365
33959	0.61454809
33960	0.61472374
33961	0.61466354
33962	0.61429709
33963	0.61356288
33964	0.61241025
33965	0.61080140
33966	0.60871273
33967	0.60613590
33968	0.60307837
33969	0.59956282
33970	0.59562635
33971	0.59131843
33972	0.58669877
33973	0.58183467
33974	0.57679725
33975	0.57165915
33976	0.56649101
33977	0.56135923
33978	0.55632341
33979	0.55143523
33980	0.54673690
33981	0.54226089
33982	0.53802997
33983	0.53405732
33984	0.53034741
33985	0.52689695
33986	0.52369595
33987	0.52072918
33988	0.51797748
33989	0.51541859
33990	0.51302880
33991	0.51078415
33992	0.50866079
33993	0.50663644
33994	0.50469023
33995	0.50280350
33996	0.50095969
33997	0.49914405
33998	0.49734360
33999	0.49554658
34000	0.49374190
34001	0.49191847
34002	0.49006495
34003	0.48816913
34004	0.48621750
34005	0.48419544
34006	0.48208714
34007	0.47987580
34008	0.47754440
34009	0.47507614
34010	0.47245529
34011	0.46966833
34012	0.46670455
34013	0.46355700
34014	0.46022338
34015	0.45670643
34016	0.45301452
34017	0.44916168
34018	0.44516745
34019	0.44105691
34020	0.43685973
34021	0.43260977
34022	0.42834392
34023	0.42410105
34024	0.41992074
34025	0.41584218
34026	0.41190216
34027	0.40813440
34028	0.40456778
34029	0.40122530
34030	0.39812317
34031	0.39527023
34032	0.39266738
34033	0.39030784
34034	0.38817751
34035	0.38625553
34036	0.38451511
34037	0.38292477
34038	0.38144955
34039	0.38005203
34040	0.37869355
34041	0.37733516
34042	0.37593856
34043	0.37446672
34044	0.37288469
34045	0.37116000
34046	0.36926320
34047	0.36716813
34048	0.36485252
34049	0.36229828
34050	0.35949212
34051	0.35642570
34052	0.35309613
34053	0.34950617
34054	0.34566459
34055	0.34158599
34056	0.33729088
34057	0.33280510
34058	0.32815966
34059	0.32338956
34060	0.31853327
34061	0.31363145
34062	0.30872586
34063	0.30385831
34064	0.29906952
34065	0.29439819
34066	0.28988019
34067	0.28554821
34068	0.28143120
34069	0.27755427
34070	0.27393872
34071	0.27060220
34072	0.26755890
34073	0.26481995
34074	0.26239365
34075	0.26028591
34076	0.25850043
34077	0.25703892
34078	0.25590125
34079	0.25508514
34080	0.25458592
34081	0.25439563
34082	0.25450227
34083	0.25488815
34084	0.25552869
34085	0.25639048
34086	0.25743002
34087	0.25859201
34088	0.25980896
34089	0.26100069
34090	0.26207569
34091	0.26293275
34092	0.26346382
34093	0.26355866
34094	0.26310885
34095	0.26201311
34096	0.26018193
34097	0.25754172
34098	0.25403747
34099	0.24963428
34100	0.24431725
34101	0.23808983
34102	0.23097137
34103	0.22299348
34104	0.21419649
34105	0.20462610
34106	0.19433030
34107	0.18335764
34108	0.17175557
34109	0.15957113
34110	0.14685209
34111	0.13364996
34112	0.12002386
34113	0.10604726
34114	0.09181517
34115	0.07745580
34116	0.06314281
34117	0.04911242
34118	0.03568174
34119	0.02327254
34120	0.01243535
34121	0.00387743
34122	-0.00151016
34123	-0.00262658
34124	0.00186268
34125	0.01355013
34126	0.03431897
34127	0.06640890
34128	0.11257142
34129	0.17642166
34130	0.26323950
34131	0.38182926
34132	0.54913139
34133	0.80349016
34134	1.25359857
34135	2.36690283
34136	NaN
34137	NaN
34138	NaN
34139	NaN
34140	NaN
34141	NaN
34142	NaN
34143	NaN
34144	NaN
34145	NaN
34146	NaN
34147	NaN
34148	NaN
34149	NaN
34150	NaN
34151	NaN
34152	NaN
34153	NaN
34154	NaN
34155	NaN
34156	NaN
34157	NaN
34158	NaN
34159	NaN
34160	NaN
34161	NaN
34162	NaN
34163	NaN
34164	NaN
34165	NaN
34166	NaN
34167	NaN
34168	NaN
34169	NaN
34170	NaN
34171	NaN
34172	NaN
34173	NaN
34174	NaN
34175	NaN
34176	NaN
34177	NaN
34178	NaN
34179	NaN
34180	NaN
34181	NaN
34182	NaN
34183	NaN
34184	NaN
34185	NaN
34186	NaN
34187	NaN
34188	NaN
34189	NaN
34190	NaN
34191	NaN
34192	NaN
34193	NaN
34194	NaN
34195	NaN
34196	NaN
34197	NaN
34198	NaN
34199	NaN
34200	NaN
34201	NaN
34202	NaN
34203	NaN
34204	NaN
34205	NaN
34206	NaN
34207	NaN
34208	NaN
34209	NaN
34210	NaN
34211	NaN
34212	NaN
34213	NaN
34214	NaN
34215	1.38892138
34216	1.03119957
34217	0.90788525
34218	0.84561765
34219	0.80833840
34220	0.78380346
34221	0.76669395
34222	0.75431663
34223	0.74515522
34224	0.73828602
34225	0.73311144
34226	0.72922593
34227	0.72634298
34228	0.72425383
34229	0.72280186
34230	0.72186738
34231	0.72135657
34232	0.72119445
34233	0.72132039
34234	0.72168362
34235	0.72224087
34236	0.72295380
34237	0.72378713
34238	0.72470707
34239	0.72567946
34240	0.72666889
34241	0.72763747
34242	0.72854358
34243	0.72934151
34244	0.72998095
34245	0.73040682
34246	0.73055983
34247	0.73037708
34248	0.72979355
34249	0.72874439
34250	0.72716665
34251	0.72500318
34252	0.72220558
34253	0.71873784
34254	0.71458030
34255	0.70973277
34256	0.70421720
34257	0.69807953
34258	0.69138974
34259	0.68424100
34260	0.67674685
34261	0.66903734
34262	0.66125399
34263	0.65354341
34264	0.64605194
34265	0.63891947
34266	0.63227421
34267	0.62622845
34268	0.62087506
34269	0.61628550
34270	0.61250812
34271	0.60956818
34272	0.60746759
34273	0.60618633
34274	0.60568309
34275	0.60589695
34276	0.60674942
34277	0.60814583
34278	0.60997850
34279	0.61212873
34280	0.61446995
34281	0.61687112
34282	0.61920083
34283	0.62133068
34284	0.62313998
34285	0.62451965
34286	0.62537628
34287	0.62563503
34288	0.62524229
34289	0.62416720
34290	0.62240154
34291	0.61995924
34292	0.61687416
34293	0.61319745
34294	0.60899401
34295	0.60433859
34296	0.59931254
34297	0.59399980
34298	0.58848369
34299	0.58284444
34300	0.57715684
34301	0.57148898
34302	0.56590062
34303	0.56044310
34304	0.55515909
34305	0.55008256
34306	0.54523915
34307	0.54064739
34308	0.53631860
34309	0.53225827
34310	0.52846676
34311	0.52493972
34312	0.52166897
34313	0.51864308
34314	0.51584733
34315	0.51326448
34316	0.51087475
34317	0.50865591
34318	0.50658417
34319	0.50463367
34320	0.50277776
34321	0.50098872
34322	0.49923933
34323	0.49750277
34324	0.49575371
34325	0.49396870
34326	0.49212685
34327	0.49020985
34328	0.48820230
34329	0.48609149
34330	0.48386735
34331	0.48152214
34332	0.47905031
34333	0.47644794
34334	0.47371313
34335	0.47084567
34336	0.46784717
34337	0.46472123
34338	0.46147400
34339	0.45811412
34340	0.45465338
34341	0.45110682
34342	0.44749314
34343	0.44383442
34344	0.44015622
34345	0.43648705
34346	0.43285769
34347	0.42930034
34348	0.42584750
34349	0.42253068
34350	0.41937903
34351	0.41641808
34352	0.41366830
34353	0.41114432
34354	0.40885386
34355	0.40679741
34356	0.40496796
34357	0.40335119
34358	0.40192580
34359	0.40066436
34360	0.39953402
34361	0.39849752
34362	0.39751425
34363	0.39654133
34364	0.39553475
34365	0.39445040
34366	0.39324522
34367	0.39187804
34368	0.39031056
34369	0.38850838
34370	0.38644147
34371	0.38408509
34372	0.38142022
34373	0.37843427
34374	0.37512109
34375	0.37148151
34376	0.36752352
34377	0.36326215
34378	0.35871902
34379	0.35392258
34380	0.34890720
34381	0.34371236
34382	0.33838212
34383	0.33296400
34384	0.32750762
34385	0.32206380
34386	0.31668335
34387	0.31141570
34388	0.30630791
34389	0.30140385
34390	0.29674295
34391	0.29235992
34392	0.28828377
34393	0.28453773
34394	0.28113914
34395	0.27809927
34396	0.27542341
34397	0.27311146
34398	0.27115798
34399	0.26955262
34400	0.26828083
34401	0.26732364
34402	0.26665804
34403	0.26625699
34404	0.26608914
34405	0.26611841
34406	0.26630369
34407	0.26659843
34408	0.26695040
34409	0.26730174
34410	0.26758939
34411	0.26774576
34412	0.26770049
34413	0.26738161
34414	0.26671812
34415	0.26564214
34416	0.26409063
34417	0.26200813
34418	0.25934744
34419	0.25607109
34420	0.25215086
34421	0.24756788
34422	0.24231090
34423	0.23637515
34424	0.22976078
34425	0.22247079
34426	0.21451004
34427	0.20588373
34428	0.19659710
34429	0.18665515
34430	0.17606303
34431	0.16482693
34432	0.15295589
34433	0.14046411
34434	0.12737432
34435	0.11372232
34436	0.09956196
34437	0.08497202
34438	0.07006415
34439	0.05499112
34440	0.03995670
34441	0.02522516
34442	0.01112973
34443	-0.00192091
34444	-0.01344071
34445	-0.02286977
34446	-0.02958715
34447	-0.03293159
34448	-0.03223004
34449	-0.02683339
34450	-0.01614603
34451	0.00035747
34452	0.02314129
34453	0.05267400
34454	0.08956631
34455	0.13485281
34456	0.19054596
34457	0.26083827
34458	0.35514155
34459	0.49767971
34460	0.77008313
34461	1.70181346
34462	NaN
34463	NaN
34464	NaN
34465	NaN
34466	NaN
34467	NaN
34468	NaN
34469	NaN
34470	NaN
34471	NaN
34472	NaN
34473	NaN
34474	NaN
34475	NaN
34476	NaN
34477	NaN
34478	NaN
34479	NaN
34480	NaN
34481	NaN
34482	NaN
34483	NaN
34484	NaN
34485	NaN
34486	NaN
34487	NaN
34488	NaN
34489	NaN
34490	NaN
34491	NaN
34492	NaN
34493	NaN
34494	NaN
34495	NaN
34496	NaN
34497	NaN
34498	NaN
34499	NaN
34500	NaN
34501	NaN
34502	NaN
34503	NaN
34504	NaN
34505	NaN
34506	NaN
34507	NaN
34508	NaN
34509	NaN
34510	NaN
34511	NaN
34512	NaN
34513	NaN
34514	NaN
34515	NaN
34516	NaN
34517	NaN
34518	NaN
34519	NaN
34520	NaN
34521	NaN
34522	NaN
34523	NaN
34524	NaN
34525	NaN
34526	NaN
34527	NaN
34528	NaN
34529	NaN
34530	NaN
34531	NaN
34532	NaN
34533	NaN
34534	NaN
34535	NaN
34536	NaN
34537	NaN
34538	NaN
34539	1.93667662
34540	1.10481465
34541	0.91781032
34542	0.83769673
34543	0.79453528
34544	0.76836854
34545	0.75134099
34546	0.73973501
34547	0.73156416
34548	0.72567213
34549	0.72134197
34550	0.71810716
34551	0.71565330
34552	0.71376270
34553	0.71228200
34554	0.71110159
34555	0.71014303
34556	0.70935005
34557	0.70868307
34558	0.70811415
34559	0.70762426
34560	0.70720077
34561	0.70683533
34562	0.70652199
34563	0.70625603
34564	0.70603222
34565	0.70584381
34566	0.70568150
34567	0.70553255
34568	0.70537955
34569	0.70520055
34570	0.70496833
34571	0.70465034
34572	0.70420933
34573	0.70360398
34574	0.70278996
34575	0.70172149
34576	0.70035326
34577	0.69864279
34578	0.69655216
34579	0.69405133
34580	0.69112015
34581	0.68775094
34582	0.68395030
34583	0.67974061
34584	0.67516065
34585	0.67026526
34586	0.66512424
34587	0.65982026
34588	0.65444553
34589	0.64909863
34590	0.64387995
34591	0.63888752
34592	0.63421297
34593	0.62993747
34594	0.62612873
34595	0.62283838
34596	0.62010056
34597	0.61793095
34598	0.61632687
34599	0.61526805
34600	0.61471760
34601	0.61462384
34602	0.61492199
34603	0.61553645
34604	0.61638284
34605	0.61737067
34606	0.61840510
34607	0.61939007
34608	0.62023032
34609	0.62083441
34610	0.62111741
34611	0.62100375
34612	0.62042964
34613	0.61934602
34614	0.61772054
34615	0.61553866
34616	0.61280501
34617	0.60954261
34618	0.60579163
34619	0.60160720
34620	0.59705621
34621	0.59221369
34622	0.58715886
34623	0.58197123
34624	0.57672703
34625	0.57149637
34626	0.56634098
34627	0.56131285
34628	0.55645353
34629	0.55179399
34630	0.54735541
34631	0.54315042
34632	0.53918374
34633	0.53545433
34634	0.53195643
34635	0.52868110
34636	0.52561724
34637	0.52275300
34638	0.52007604
34639	0.51757425
34640	0.51523614
34641	0.51305050
34642	0.51100659
34643	0.50909340
34644	0.50729960
34645	0.50561279
34646	0.50401914
34647	0.50250280
34648	0.50104570
34649	0.49962699
34650	0.49822327
34651	0.49680817
34652	0.49535313
34653	0.49382749
34654	0.49219936
34655	0.49043646
34656	0.48850724
34657	0.48638210
34658	0.48403424
34659	0.48144129
34660	0.47858611
34661	0.47545767
34662	0.47205183
34663	0.46837178
34664	0.46442810
34665	0.46023884
34666	0.45582908
34667	0.45123053
34668	0.44648060
34669	0.44162142
34670	0.43669888
34671	0.43176106
34672	0.42685688
34673	0.42203486
34674	0.41734120
34675	0.41281858
34676	0.40850481
34677	0.40443173
34678	0.40062389
34679	0.39709833
34680	0.39386404
34681	0.39092162
34682	0.38826373
34683	0.38587552
34684	0.38373515
34685	0.38181469
34686	0.38008121
34687	0.37849787
34688	0.37702480
34689	0.37562057
34690	0.37424308
34691	0.37285060
34692	0.37140274
34693	0.36986139
34694	0.36819115
34695	0.36636037
34696	0.36434144
34697	0.36211103
34698	0.35965061
34699	0.35694677
34700	0.35399070
34701	0.35077873
34702	0.34731200
34703	0.34359625
34704	0.33964172
34705	0.33546266
34706	0.33107725
34707	0.32650697
34708	0.32177645
34709	0.31691268
34710	0.31194454
34711	0.30690247
34712	0.30181745
34713	0.29672065
34714	0.29164281
34715	0.28661379
34716	0.28166208
34717	0.27681482
34718	0.27209747
34719	0.26753396
34720	0.26314679
34721	0.25895709
34722	0.25498506
34723	0.25125000
34724	0.24777035
34725	0.24456388
34726	0.24164736
34727	0.23903640
34728	0.23674494
34729	0.23478428
34730	0.23316236
34731	0.23188248
34732	0.23094179
34733	0.23033008
34734	0.23002809
34735	0.23000640
34736	0.23022421
34737	0.23062931
34738	0.23115803
34739	0.23173615
34740	0.23228092
34741	0.23270307
34742	0.23290984
34743	0.23280817
34744	0.23230767
34745	0.23132303
34746	0.22977674
34747	0.22760028
34748	0.22473460
34749	0.22113073
34750	0.21674871
34751	0.21155699
34752	0.20553140
34753	0.19865412
34754	0.19091298
34755	0.18230158
34756	0.17281990
34757	0.16247603
34758	0.15128884
34759	0.13929293
34760	0.12654403
34761	0.11312660
34762	0.09916387
34763	0.08482801
34764	0.07035291
34765	0.05604640
34766	0.04230209
34767	0.02960821
34768	0.01855107
34769	0.00980922
34770	0.00413846
34771	0.00234259
34772	0.00523769
34773	0.01361302
34774	0.02820052
34775	0.04967307
34776	0.07868519
34777	0.11598692
34778	0.16264771
34779	0.22047357
34780	0.29280803
34781	0.38624337
34782	0.51486319
34783	0.71312886
34784	1.08923268
34785	2.23226023
34786	NaN
34787	NaN
34788	NaN
34789	NaN
34790	NaN
34791	NaN
34792	NaN
34793	NaN
34794	NaN
34795	NaN
34796	NaN
34797	NaN
34798	NaN
34799	NaN
34800	NaN
34801	NaN
34802	NaN
34803	NaN
34804	NaN
34805	NaN
34806	NaN
34807	NaN
34808	NaN
34809	NaN
34810	NaN
34811	NaN
34812	NaN
34813	NaN
34814	NaN
34815	NaN
34816	NaN
34817	NaN
34818	NaN
34819	NaN
34820	NaN
34821	NaN
34822	NaN
34823	NaN
34824	NaN
34825	NaN
34826	NaN
34827	NaN
34828	NaN
34829	NaN
34830	NaN
34831	NaN
34832	NaN
34833	NaN
34834	NaN
34835	NaN
34836	NaN
34837	NaN
34838	NaN
34839	NaN
34840	NaN
34841	NaN
34842	NaN
34843	NaN
34844	NaN
34845	NaN
34846	NaN
34847	NaN
34848	NaN
34849	NaN
34850	NaN
34851	NaN
34852	NaN
34853	NaN
34854	NaN
34855	NaN
34856	NaN
34857	NaN
34858	NaN
34859	NaN
34860	NaN
34861	NaN
34862	NaN
34863	NaN
34864	NaN
34865	NaN
34866	NaN
34867	NaN
34868	1.18596947
34869	0.91335630
34870	0.81793249
34871	0.77057403
34872	0.74319005
34873	0.72605181
34874	0.71488279
34875	0.70749921
34876	0.70266247
34877	0.69961268
34878	0.69785482
34879	0.69705021
34880	0.69695830
34881	0.69740307
34882	0.69825286
34883	0.69940764
34884	0.70079070
34885	0.70234281
34886	0.70401788
34887	0.70578009
34888	0.70760095
34889	0.70945752
34890	0.71133012
34891	0.71320105
34892	0.71505290
34893	0.71686691
34894	0.71862227
34895	0.72029418
34896	0.72185373
34897	0.72326642
34898	0.72449213
34899	0.72548437
34900	0.72619092
34901	0.72655421
34902	0.72651267
34903	0.72600216
34904	0.72495878
34905	0.72332150
34906	0.72103596
34907	0.71805823
34908	0.71435899
34909	0.70992786
34910	0.70477647
34911	0.69894135
34912	0.69248539
34913	0.68549705
34914	0.67808908
34915	0.67039394
34916	0.66255915
34917	0.65474087
34918	0.64709651
34919	0.63977897
34920	0.63292950
34921	0.62667334
34922	0.62111515
34923	0.61633676
34924	0.61239588
34925	0.60932529
34926	0.60713392
34927	0.60580736
34928	0.60530984
34929	0.60558528
34930	0.60655946
34931	0.60814172
34932	0.61022699
34933	0.61269820
34934	0.61542863
34935	0.61828482
34936	0.62113047
34937	0.62382942
34938	0.62625051
34939	0.62827122
34940	0.62978232
34941	0.63069135
34942	0.63092607
34943	0.63043684
34944	0.62919754
34945	0.62720627
34946	0.62448347
34947	0.62107033
34948	0.61702532
34949	0.61242104
34950	0.60733968
34951	0.60187000
34952	0.59610271
34953	0.59012836
34954	0.58403367
34955	0.57790041
34956	0.57180315
34957	0.56580865
34958	0.55997515
34959	0.55435228
34960	0.54898077
34961	0.54389316
34962	0.53911370
34963	0.53465915
34964	0.53053892
34965	0.52675575
34966	0.52330595
34967	0.52017999
34968	0.51736253
34969	0.51483321
34970	0.51256663
34971	0.51053327
34972	0.50869983
34973	0.50702977
34974	0.50548458
34975	0.50402445
34976	0.50260901
34977	0.50119871
34978	0.49975556
34979	0.49824408
34980	0.49663213
34981	0.49489164
34982	0.49299893
34983	0.49093494
34984	0.48868573
34985	0.48624185
34986	0.48359874
34987	0.48075590
34988	0.47771698
34989	0.47448927
34990	0.47108325
34991	0.46751261
34992	0.46379393
34993	0.45994651
34994	0.45599240
34995	0.45195621
34996	0.44786531
34997	0.44374928
34998	0.43964002
34999	0.43557084
35000	0.43157607
35001	0.42768988
35002	0.42394552
35003	0.42037368
35004	0.41700146
35005	0.41385096
35006	0.41093832
35007	0.40827242
35008	0.40585458
35009	0.40367818
35010	0.40172863
35011	0.39998397
35012	0.39841560
35013	0.39698935
35014	0.39566648
35015	0.39440534
35016	0.39316234
35017	0.39189351
35018	0.39055523
35019	0.38910571
35020	0.38750538
35021	0.38571784
35022	0.38371053
35023	0.38145497
35024	0.37892753
35025	0.37610963
35026	0.37298828
35027	0.36955649
35028	0.36581352
35029	0.36176503
35030	0.35742342
35031	0.35280782
35032	0.34794354
35033	0.34286207
35034	0.33760041
35035	0.33220035
35036	0.32670763
35037	0.32117093
35038	0.31564090
35039	0.31016901
35040	0.30480644
35041	0.29960313
35042	0.29460672
35043	0.28986168
35044	0.28540871
35045	0.28128397
35046	0.27751881
35047	0.27413946
35048	0.27116683
35049	0.26861626
35050	0.26649788
35051	0.26481611
35052	0.26357007
35053	0.26275325
35054	0.26235345
35055	0.26235256
35056	0.26272637
35057	0.26344424
35058	0.26446855
35059	0.26575464
35060	0.26725030
35061	0.26889533
35062	0.27062169
35063	0.27235365
35064	0.27400818
35065	0.27549598
35066	0.27672294
35067	0.27759251
35068	0.27800792
35069	0.27787557
35070	0.27710822
35071	0.27562845
35072	0.27337137
35073	0.27028754
35074	0.26634407
35075	0.26152536
35076	0.25583255
35077	0.24928243
35078	0.24190477
35079	0.23374026
35080	0.22483753
35081	0.21525104
35082	0.20503953
35083	0.19426453
35084	0.18299069
35085	0.17128691
35086	0.15922816
35087	0.14689887
35088	0.13439710
35089	0.12184005
35090	0.10937004
35091	0.09716246
35092	0.08543358
35093	0.07444970
35094	0.06453714
35095	0.05609180
35096	0.04958756
35097	0.04558359
35098	0.04472682
35099	0.04775048
35100	0.05546612
35101	0.06874704
35102	0.08850896
35103	0.11568893
35104	0.15123372
35105	0.19611630
35106	0.25139847
35107	0.31838834
35108	0.39894685
35109	0.49606887
35110	0.61501205
35111	0.76565713
35112	0.96808624
35113	1.26831436
35114	1.79571319
35115	3.09530282
35116	NaN
35117	NaN
35118	NaN
35119	NaN
35120	NaN
35121	NaN
35122	NaN
35123	NaN
35124	NaN
35125	NaN
35126	NaN
35127	NaN
35128	NaN
35129	NaN
35130	NaN
35131	NaN
35132	NaN
35133	NaN
35134	NaN
35135	NaN
35136	NaN
35137	NaN
35138	NaN
35139	NaN
35140	NaN
35141	NaN
35142	NaN
35143	NaN
35144	NaN
35145	NaN
35146	NaN
35147	NaN
35148	NaN
35149	NaN
35150	NaN
35151	NaN
35152	NaN
35153	NaN
35154	NaN
35155	NaN
35156	NaN
35157	NaN
35158	NaN
35159	NaN
35160	NaN
35161	NaN
35162	NaN
35163	NaN
35164	NaN
35165	NaN
35166	NaN
35167	NaN
35168	NaN
35169	NaN
35170	NaN
35171	NaN
35172	NaN
35173	NaN
35174	NaN
35175	NaN
35176	NaN
35177	NaN
35178	NaN
35179	NaN
35180	NaN
35181	NaN
35182	NaN
35183	NaN
35184	NaN
35185	NaN
35186	NaN
35187	NaN
35188	NaN
35189	NaN
35190	NaN
35191	NaN
35192	NaN
35193	NaN
35194	NaN
35195	NaN
35196	2.59566689
35197	1.05625188
35198	0.86204696
35199	0.78822780
35200	0.75076896
35201	0.72908473
35202	0.71563935
35203	0.70700586
35204	0.70139384
35205	0.69777173
35206	0.69550169
35207	0.69416809
35208	0.69348890
35209	0.69326782
35210	0.69336534
35211	0.69368112
35212	0.69414312
35213	0.69469929
35214	0.69531262
35215	0.69595706
35216	0.69661444
35217	0.69727182
35218	0.69792008
35219	0.69855142
35220	0.69915879
35221	0.69973403
35222	0.70026714
35223	0.70074546
35224	0.70115286
35225	0.70146966
35226	0.70167172
35227	0.70173097
35228	0.70161545
35229	0.70128959
35230	0.70071477
35231	0.69985080
35232	0.69865668
35233	0.69709247
35234	0.69512123
35235	0.69271088
35236	0.68983656
35237	0.68648285
35238	0.68264621
35239	0.67833632
35240	0.67357796
35241	0.66841143
35242	0.66289264
35243	0.65709215
35244	0.65109354
35245	0.64499027
35246	0.63888317
35247	0.63287604
35248	0.62707210
35249	0.62156975
35250	0.61645889
35251	0.61181778
35252	0.60771006
35253	0.60418326
35254	0.60126698
35255	0.59897292
35256	0.59729463
35257	0.59620821
35258	0.59567368
35259	0.59563619
35260	0.59602797
35261	0.59677029
35262	0.59777564
35263	0.59895027
35264	0.60019612
35265	0.60141402
35266	0.60250598
35267	0.60337788
35268	0.60394245
35269	0.60412174
35270	0.60384965
35271	0.60307419
35272	0.60175931
35273	0.59988612
35274	0.59745330
35275	0.59447688
35276	0.59098899
35277	0.58703595
35278	0.58267534
35279	0.57797319
35280	0.57300037
35281	0.56782943
35282	0.56253129
35283	0.55717301
35284	0.55181557
35285	0.54651278
35286	0.54131025
35287	0.53624541
35288	0.53134793
35289	0.52664000
35290	0.52213752
35291	0.51785082
35292	0.51378554
35293	0.50994384
35294	0.50632495
35295	0.50292593
35296	0.49974212
35297	0.49676740
35298	0.49399459
35299	0.49141517
35300	0.48901984
35301	0.48679754
35302	0.48473603
35303	0.48282123
35304	0.48103705
35305	0.47936529
35306	0.47778514
35307	0.47627330
35308	0.47480381
35309	0.47334826
35310	0.47187606
35311	0.47035494
35312	0.46875188
35313	0.46703368
35314	0.46516860
35315	0.46312675
35316	0.46088186
35317	0.45841184
35318	0.45570013
35319	0.45273584
35320	0.44951487
35321	0.44603971
35322	0.44231978
35323	0.43837136
35324	0.43421701
35325	0.42988530
35326	0.42541000
35327	0.42082930
35328	0.41618457
35329	0.41151941
35330	0.40687832
35331	0.40230519
35332	0.39784217
35333	0.39352819
35334	0.38939780
35335	0.38548031
35336	0.38179857
35337	0.37836871
35338	0.37519962
35339	0.37229288
35340	0.36964294
35341	0.36723745
35342	0.36505783
35343	0.36307997
35344	0.36127517
35345	0.35961097
35346	0.35805234
35347	0.35656258
35348	0.35510448
35349	0.35364106
35350	0.35213673
35351	0.35055795
35352	0.34887382
35353	0.34705672
35354	0.34508261
35355	0.34293139
35356	0.34058732
35357	0.33803883
35358	0.33527887
35359	0.33230498
35360	0.32911906
35361	0.32572743
35362	0.32214072
35363	0.31837347
35364	0.31444380
35365	0.31037304
35366	0.30618531
35367	0.30190668
35368	0.29756483
35369	0.29318833
35370	0.28880614
35371	0.28444713
35372	0.28013960
35373	0.27591103
35374	0.27178782
35375	0.26779509
35376	0.26395646
35377	0.26029414
35378	0.25682855
35379	0.25357836
35380	0.25056034
35381	0.24778889
35382	0.24527606
35383	0.24303100
35384	0.24105942
35385	0.23936337
35386	0.23794037
35387	0.23678283
35388	0.23587745
35389	0.23520420
35390	0.23473606
35391	0.23443799
35392	0.23426722
35393	0.23417275
35394	0.23409627
35395	0.23397250
35396	0.23373087
35397	0.23329726
35398	0.23259580
35399	0.23155133
35400	0.23009169
35401	0.22814985
35402	0.22566563
35403	0.22258729
35404	0.21887238
35405	0.21448761
35406	0.20940925
35407	0.20362215
35408	0.19711843
35409	0.18989664
35410	0.18196039
35411	0.17331742
35412	0.16397816
35413	0.15395667
35414	0.14327070
35415	0.13194270
35416	0.12000298
35417	0.10749380
35418	0.09447324
35419	0.08102220
35420	0.06725273
35421	0.05331659
35422	0.03941593
35423	0.02581429
35424	0.01284885
35425	0.00094006
35426	-0.00939902
35427	-0.01755735
35428	-0.02282593
35429	-0.02440259
35430	-0.02140088
35431	-0.01285754
35432	0.00227180
35433	0.02514491
35434	0.05713663
35435	0.10007781
35436	0.15677872
35437	0.23223478
35438	0.33661461
35439	0.49414921
35440	0.77830589
35441	1.55358028
35442	NaN
35443	NaN
35444	NaN
35445	NaN
35446	NaN
35447	NaN
35448	NaN
35449	NaN
35450	NaN
35451	NaN
35452	NaN
35453	NaN
35454	NaN
35455	NaN
35456	NaN
35457	NaN
35458	NaN
35459	NaN
35460	NaN
35461	NaN
35462	NaN
35463	NaN
35464	NaN
35465	NaN
35466	NaN
35467	NaN
35468	NaN
35469	NaN
35470	NaN
35471	NaN
35472	NaN
35473	NaN
35474	NaN
35475	NaN
35476	NaN
35477	NaN
35478	NaN
35479	NaN
35480	NaN
35481	NaN
35482	NaN
35483	NaN
35484	NaN
35485	NaN
35486	NaN
35487	NaN
35488	NaN
35489	NaN
35490	NaN
35491	NaN
35492	NaN
35493	NaN
35494	NaN
35495	NaN
35496	NaN
35497	NaN
35498	NaN
35499	NaN
35500	NaN
35501	NaN
35502	NaN
35503	NaN
35504	NaN
35505	NaN
35506	NaN
35507	NaN
35508	NaN
35509	NaN
35510	NaN
35511	NaN
35512	NaN
35513	NaN
35514	NaN
35515	NaN
35516	NaN
35517	NaN
35518	NaN
35519	1.45313597
35520	1.03012729
35521	0.90151507
35522	0.83990514
35523	0.80421746
35524	0.78130037
35525	0.76563799
35526	0.75450593
35527	0.74639970
35528	0.74041724
35529	0.73598236
35530	0.73270798
35531	0.73032296
35532	0.72863090
35533	0.72748548
35534	0.72677499
35535	0.72641271
35536	0.72632980
35537	0.72647107
35538	0.72679168
35539	0.72725403
35540	0.72782654
35541	0.72848147
35542	0.72919333
35543	0.72993803
35544	0.73069108
35545	0.73142654
35546	0.73211598
35547	0.73272747
35548	0.73322493
35549	0.73356736
35550	0.73370904
35551	0.73359954
35552	0.73318487
35553	0.73240846
35554	0.73121357
35555	0.72954494
35556	0.72735208
35557	0.72459263
35558	0.72123486
35559	0.71726167
35560	0.71267301
35561	0.70748824
35562	0.70174778
35563	0.69551361
35564	0.68886775
35565	0.68191105
35566	0.67475927
35567	0.66753906
35568	0.66038281
35569	0.65342402
35570	0.64679170
35571	0.64060563
35572	0.63497275
35573	0.62998319
35574	0.62570822
35575	0.62219852
35576	0.61948323
35577	0.61756921
35578	0.61644214
35579	0.61606634
35580	0.61638647
35581	0.61732888
35582	0.61880308
35583	0.62070441
35584	0.62291664
35585	0.62531471
35586	0.62776893
35587	0.63014817
35588	0.63232452
35589	0.63417751
35590	0.63559824
35591	0.63649309
35592	0.63678735
35593	0.63642746
35594	0.63538253
35595	0.63364488
35596	0.63122880
35597	0.62816918
35598	0.62451833
35599	0.62034285
35600	0.61571938
35601	0.61073118
35602	0.60546398
35603	0.60000288
35604	0.59442908
35605	0.58881825
35606	0.58323860
35607	0.57774985
35608	0.57240307
35609	0.56724054
35610	0.56229603
35611	0.55759549
35612	0.55315745
35613	0.54899406
35614	0.54511142
35615	0.54151022
35616	0.53818631
35617	0.53513110
35618	0.53233147
35619	0.52977073
35620	0.52742821
35621	0.52527982
35622	0.52329868
35623	0.52145547
35624	0.51971924
35625	0.51805794
35626	0.51643950
35627	0.51483274
35628	0.51320791
35629	0.51153755
35630	0.50979686
35631	0.50796413
35632	0.50602084
35633	0.50395197
35634	0.50174516
35635	0.49939150
35636	0.49688464
35637	0.49422106
35638	0.49139985
35639	0.48842284
35640	0.48529470
35641	0.48202291
35642	0.47861797
35643	0.47509342
35644	0.47146603
35645	0.46775565
35646	0.46398497
35647	0.46017948
35648	0.45636699
35649	0.45257694
35650	0.44884005
35651	0.44518718
35652	0.44164857
35653	0.43825290
35654	0.43502620
35655	0.43199077
35656	0.42916420
35657	0.42655843
35658	0.42417902
35659	0.42202443
35660	0.42008579
35661	0.41834682
35662	0.41678399
35663	0.41536695
35664	0.41405958
35665	0.41282091
35666	0.41160631
35667	0.41036919
35668	0.40906212
35669	0.40763873
35670	0.40605479
35671	0.40426973
35672	0.40224764
35673	0.39995831
35674	0.39737761
35675	0.39448813
35676	0.39127928
35677	0.38774735
35678	0.38389540
35679	0.37973312
35680	0.37527645
35681	0.37054750
35682	0.36557394
35683	0.36038870
35684	0.35502943
35685	0.34953776
35686	0.34395859
35687	0.33833900
35688	0.33272755
35689	0.32717270
35690	0.32172215
35691	0.31642145
35692	0.31131327
35693	0.30643639
35694	0.30182520
35695	0.29750928
35696	0.29351330
35697	0.28985676
35698	0.28655431
35699	0.28361595
35700	0.28104717
35701	0.27884901
35702	0.27701873
35703	0.27554908
35704	0.27442881
35705	0.27364200
35706	0.27316815
35707	0.27298123
35708	0.27304986
35709	0.27333677
35710	0.27379832
35711	0.27438468
35712	0.27504027
35713	0.27570385
35714	0.27630907
35715	0.27678603
35716	0.27706209
35717	0.27706349
35718	0.27671689
35719	0.27595115
35720	0.27469867
35721	0.27289724
35722	0.27049106
35723	0.26743177
35724	0.26367891
35725	0.25920036
35726	0.25397199
35727	0.24797703
35728	0.24120517
35729	0.23365180
35730	0.22531676
35731	0.21620326
35732	0.20631717
35733	0.19566669
35734	0.18426242
35735	0.17211811
35736	0.15925255
35737	0.14569147
35738	0.13147116
35739	0.11664311
35740	0.10127901
35741	0.08547695
35742	0.06936886
35743	0.05312828
35744	0.03697709
35745	0.02119299
35746	0.00611451
35747	-0.00785733
35748	-0.02026114
35749	-0.03058290
35750	-0.03826842
35751	-0.04274279
35752	-0.04343185
35753	-0.03978398
35754	-0.03128393
35755	-0.01745594
35756	0.00216159
35757	0.02808108
35758	0.06099100
35759	0.10199822
35760	0.15309596
35761	0.21814536
35762	0.30522028
35763	0.43340662
35764	0.65857750
35765	1.23554039
35766	NaN
35767	NaN
35768	NaN
35769	NaN
35770	NaN
35771	NaN
35772	NaN
35773	NaN
35774	NaN
35775	NaN
35776	NaN
35777	NaN
35778	NaN
35779	NaN
35780	NaN
35781	NaN
35782	NaN
35783	NaN
35784	NaN
35785	NaN
35786	NaN
35787	NaN
35788	NaN
35789	NaN
35790	NaN
35791	NaN
35792	NaN
35793	NaN
35794	NaN
35795	NaN
35796	NaN
35797	NaN
35798	NaN
35799	NaN
35800	NaN
35801	NaN
35802	NaN
35803	NaN
35804	NaN
35805	NaN
35806	NaN
35807	NaN
35808	NaN
35809	NaN
35810	NaN
35811	NaN
35812	NaN
35813	NaN
35814	NaN
35815	NaN
35816	NaN
35817	NaN
35818	NaN
35819	NaN
35820	NaN
35821	NaN
35822	NaN
35823	NaN
35824	NaN
35825	NaN
35826	NaN
35827	NaN
35828	NaN
35829	NaN
35830	NaN
35831	NaN
35832	NaN
35833	NaN
35834	NaN
35835	NaN
35836	NaN
35837	NaN
35838	NaN
35839	NaN
35840	NaN
35841	NaN
35842	NaN
35843	NaN
35844	NaN
35845	NaN
35846	0.96999156
35847	0.78858012
35848	0.75007498
35849	0.73532951
35850	0.72870088
35851	0.72571361
35852	0.72460204
35853	0.72452772
35854	0.72504026
35855	0.72587520
35856	0.72686785
35857	0.72791141
35858	0.72893548
35859	0.72989404
35860	0.73075855
35861	0.73151338
35862	0.73215228
35863	0.73267663
35864	0.73309338
35865	0.73341304
35866	0.73364878
35867	0.73381466
35868	0.73392481
35869	0.73399186
35870	0.73402619
35871	0.73403484
35872	0.73402047
35873	0.73398060
35874	0.73390746
35875	0.73378730
35876	0.73359996
35877	0.73331946
35878	0.73291373
35879	0.73234546
35880	0.73157299
35881	0.73055118
35882	0.72923321
35883	0.72757208
35884	0.72552365
35885	0.72304803
35886	0.72011340
35887	0.71669823
35888	0.71279484
35889	0.70841116
35890	0.70357311
35891	0.69832563
35892	0.69273233
35893	0.68687445
35894	0.68084830
35895	0.67476171
35896	0.66872966
35897	0.66286933
35898	0.65729481
35899	0.65211290
35900	0.64741826
35901	0.64329010
35902	0.63978964
35903	0.63695836
35904	0.63481683
35905	0.63336545
35906	0.63258421
35907	0.63243437
35908	0.63285977
35909	0.63378859
35910	0.63513571
35911	0.63680428
35912	0.63868898
35913	0.64067775
35914	0.64265519
35915	0.64450508
35916	0.64611375
35917	0.64737362
35918	0.64818627
35919	0.64846641
35920	0.64814514
35921	0.64717263
35922	0.64552057
35923	0.64318347
35924	0.64017898
35925	0.63654655
35926	0.63234562
35927	0.62765217
35928	0.62255460
35929	0.61714935
35930	0.61153579
35931	0.60581243
35932	0.60007244
35933	0.59440076
35934	0.58887166
35935	0.58354694
35936	0.57847571
35937	0.57369423
35938	0.56922609
35939	0.56508386
35940	0.56126976
35941	0.55777752
35942	0.55459380
35943	0.55169976
35944	0.54907244
35945	0.54668587
35946	0.54451269
35947	0.54252464
35948	0.54069352
35949	0.53899169
35950	0.53739250
35951	0.53587061
35952	0.53440207
35953	0.53296435
35954	0.53153592
35955	0.53009653
35956	0.52862650
35957	0.52710640
35958	0.52551681
35959	0.52383786
35960	0.52204919
35961	0.52012986
35962	0.51805884
35963	0.51581508
35964	0.51337838
35965	0.51073015
35966	0.50785416
35967	0.50473773
35968	0.50137234
35969	0.49775460
35970	0.49388677
35971	0.48977739
35972	0.48544165
35973	0.48090106
35974	0.47618371
35975	0.47132361
35976	0.46636006
35977	0.46133673
35978	0.45630071
35979	0.45130080
35980	0.44638637
35981	0.44160557
35982	0.43700364
35983	0.43262139
35984	0.42849335
35985	0.42464700
35986	0.42110124
35987	0.41786602
35988	0.41494212
35989	0.41232112
35990	0.40998602
35991	0.40791225
35992	0.40606853
35993	0.40441826
35994	0.40292096
35995	0.40153345
35996	0.40021133
35997	0.39891005
35998	0.39758605
35999	0.39619765
36000	0.39470574
36001	0.39307475
36002	0.39127272
36003	0.38927221
36004	0.38705039
36005	0.38458934
36006	0.38187644
36007	0.37890425
36008	0.37567082
36009	0.37217933
36010	0.36843812
36011	0.36446023
36012	0.36026320
36013	0.35586870
36014	0.35130164
36015	0.34659013
36016	0.34176451
36017	0.33685675
36018	0.33190006
36019	0.32692793
36020	0.32197383
36021	0.31707045
36022	0.31224963
36023	0.30754152
36024	0.30297497
36025	0.29857713
36026	0.29437312
36027	0.29038665
36028	0.28663969
36029	0.28315279
36030	0.27994514
36031	0.27703446
36032	0.27443734
36033	0.27216843
36034	0.27024078
36035	0.26866445
36036	0.26744610
36037	0.26658764
36038	0.26608479
36039	0.26592553
36040	0.26608795
36041	0.26653910
36042	0.26723298
36043	0.26810947
36044	0.26909372
36045	0.27009663
36046	0.27101558
36047	0.27173716
36048	0.27214029
36049	0.27210063
36050	0.27149504
36051	0.27020696
36052	0.26813069
36053	0.26517561
36054	0.26126847
36055	0.25635543
36056	0.25040168
36057	0.24339023
36058	0.23532030
36059	0.22620443
36060	0.21606597
36061	0.20493689
36062	0.19285645
36063	0.17987072
36064	0.16603367
36065	0.15140997
36066	0.13607977
36067	0.12014547
36068	0.10374092
36069	0.08704395
36070	0.07029136
36071	0.05379675
36072	0.03797289
36073	0.02335584
36074	0.01063021
36075	0.00065450
36076	-0.00551466
36077	-0.00660766
36078	-0.00113224
36079	0.01263196
36080	0.03664145
36081	0.07312390
36082	0.12469228
36083	0.19462419
36084	0.28746185
36085	0.41030481
36086	0.57561255
36087	0.80792642
36088	1.16272140
36089	1.79440606
36090	3.34020209
36091	NaN
36092	NaN
36093	NaN
36094	NaN
36095	NaN
36096	NaN
36097	NaN
36098	NaN
36099	NaN
36100	NaN
36101	NaN
36102	NaN
36103	NaN
36104	NaN
36105	NaN
36106	NaN
36107	NaN
36108	NaN
36109	NaN
36110	NaN
36111	NaN
36112	NaN
36113	NaN
36114	NaN
36115	NaN
36116	NaN
36117	NaN
36118	NaN
36119	NaN
36120	NaN
36121	NaN
36122	NaN
36123	NaN
36124	NaN
36125	NaN
36126	NaN
36127	NaN
36128	NaN
36129	NaN
36130	NaN
36131	NaN
36132	NaN
36133	NaN
36134	NaN
36135	NaN
36136	NaN
36137	NaN
36138	NaN
36139	NaN
36140	NaN
36141	NaN
36142	NaN
36143	NaN
36144	NaN
36145	NaN
36146	NaN
36147	NaN
36148	NaN
36149	NaN
36150	NaN
36151	NaN
36152	NaN
36153	NaN
36154	NaN
36155	NaN
36156	NaN
36157	NaN
36158	NaN
36159	NaN
36160	NaN
36161	NaN
36162	NaN
36163	NaN
36164	NaN
36165	NaN
36166	NaN
36167	NaN
36168	NaN
36169	NaN
36170	NaN
36171	NaN
36172	NaN
36173	NaN
36174	2.07885742
36175	1.07307208
36176	0.90112096
36177	0.83073056
36178	0.79315591
36179	0.77040046
36180	0.75565803
36181	0.74576902
36182	0.73905647
36183	0.73454005
36184	0.73160338
36185	0.72983646
36186	0.72895348
36187	0.72874844
36188	0.72906810
36189	0.72979611
36190	0.73084247
36191	0.73213685
36192	0.73362291
36193	0.73525530
36194	0.73699647
36195	0.73881418
36196	0.74067992
36197	0.74256665
36198	0.74444795
36199	0.74629605
36200	0.74808151
36201	0.74977189
36202	0.75133145
36203	0.75272083
36204	0.75389683
36205	0.75481308
36206	0.75542009
36207	0.75566679
36208	0.75550169
36209	0.75487453
36210	0.75373852
36211	0.75205237
36212	0.74978298
36213	0.74690783
36214	0.74341762
36215	0.73931772
36216	0.73463047
36217	0.72939575
36218	0.72367090
36219	0.71753037
36220	0.71106356
36221	0.70437270
36222	0.69756883
36223	0.69076854
36224	0.68408960
36225	0.67764670
36226	0.67154753
36227	0.66588908
36228	0.66075510
36229	0.65621275
36230	0.65231180
36231	0.64908314
36232	0.64653844
36233	0.64467055
36234	0.64345396
36235	0.64284599
36236	0.64278835
36237	0.64320922
36238	0.64402479
36239	0.64514202
36240	0.64646131
36241	0.64787918
36242	0.64929116
36243	0.65059513
36244	0.65169400
36245	0.65249908
36246	0.65293241
36247	0.65292895
36248	0.65243876
36249	0.65142781
36250	0.64987832
36251	0.64778888
36252	0.64517313
36253	0.64205867
36254	0.63848478
36255	0.63450015
36256	0.63016027
36257	0.62552530
36258	0.62065715
36259	0.61561763
36260	0.61046618
36261	0.60525858
36262	0.60004604
36263	0.59487385
36264	0.58978152
36265	0.58480251
36266	0.57996416
36267	0.57528853
36268	0.57079250
36269	0.56648856
36270	0.56238526
36271	0.55848783
36272	0.55479866
36273	0.55131733
36274	0.54804122
36275	0.54496539
36276	0.54208273
36277	0.53938377
36278	0.53685689
36279	0.53448826
36280	0.53226179
36281	0.53015953
36282	0.52816170
36283	0.52624714
36284	0.52439368
36285	0.52257836
36286	0.52077812
36287	0.51897001
36288	0.51713151
36289	0.51524115
36290	0.51327848
36291	0.51122469
36292	0.50906301
36293	0.50677884
36294	0.50436032
36295	0.50179851
36296	0.49908811
36297	0.49622723
36298	0.49321792
36299	0.49006623
36300	0.48678204
36301	0.48337919
36302	0.47987488
36303	0.47628942
36304	0.47264552
36305	0.46896803
36306	0.46528268
36307	0.46161547
36308	0.45799193
36309	0.45443591
36310	0.45096907
36311	0.44761005
36312	0.44437379
36313	0.44127113
36314	0.43830833
36315	0.43548724
36316	0.43280497
36317	0.43025440
36318	0.42782417
36319	0.42549932
36320	0.42326179
36321	0.42109078
36322	0.41896373
36323	0.41685656
36324	0.41474462
36325	0.41260335
36326	0.41040885
36327	0.40813869
36328	0.40577230
36329	0.40329152
36330	0.40068099
36331	0.39792827
36332	0.39502400
36333	0.39196193
36334	0.38873890
36335	0.38535470
36336	0.38181189
36337	0.37811610
36338	0.37427559
36339	0.37030151
36340	0.36620784
36341	0.36201152
36342	0.35773203
36343	0.35339174
36344	0.34901541
36345	0.34462994
36346	0.34026393
36347	0.33594730
36348	0.33171058
36349	0.32758448
36350	0.32359925
36351	0.31978440
36352	0.31616822
36353	0.31277737
36354	0.30963695
36355	0.30677018
36356	0.30419829
36357	0.30194050
36358	0.30001372
36359	0.29843238
36360	0.29720777
36361	0.29634774
36362	0.29585573
36363	0.29572996
36364	0.29596260
36365	0.29653841
36366	0.29743385
36367	0.29861611
36368	0.30004215
36369	0.30165833
36370	0.30340025
36371	0.30519328
36372	0.30695343
36373	0.30858928
36374	0.31000385
36375	0.31109780
36376	0.31177172
36377	0.31192997
36378	0.31148335
36379	0.31035155
36380	0.30846506
36381	0.30576667
36382	0.30221143
36383	0.29776633
36384	0.29240897
36385	0.28612679
36386	0.27891439
36387	0.27077225
36388	0.26170492
36389	0.25171950
36390	0.24082419
36391	0.22902840
36392	0.21634221
36393	0.20277686
36394	0.18834722
36395	0.17307444
36396	0.15699014
36397	0.14014235
36398	0.12260437
36399	0.10448502
36400	0.08594066
36401	0.06719009
36402	0.04853277
36403	0.03036446
36404	0.01319654
36405	-0.00232625
36406	-0.01541070
36407	-0.02509743
36408	-0.03023938
36409	-0.02946267
36410	-0.02108137
36411	-0.00291480
36412	0.02812615
36413	0.07698108
36414	0.15276526
36415	0.27544177
36416	0.50000590
36417	1.05370140
36418	NaN
36419	NaN
36420	NaN
36421	NaN
36422	NaN
36423	NaN
36424	NaN
36425	NaN
36426	NaN
36427	NaN
36428	NaN
36429	NaN
36430	NaN
36431	NaN
36432	NaN
36433	NaN
36434	NaN
36435	NaN
36436	NaN
36437	NaN
36438	NaN
36439	NaN
36440	NaN
36441	NaN
36442	NaN
36443	NaN
36444	NaN
36445	NaN
36446	NaN
36447	NaN
36448	NaN
36449	NaN
36450	NaN
36451	NaN
36452	NaN
36453	NaN
36454	NaN
36455	NaN
36456	NaN
36457	NaN
36458	NaN
36459	NaN
36460	NaN
36461	NaN
36462	NaN
36463	NaN
36464	NaN
36465	NaN
36466	NaN
36467	NaN
36468	NaN
36469	NaN
36470	NaN
36471	NaN
36472	NaN
36473	NaN
36474	NaN
36475	NaN
36476	NaN
36477	NaN
36478	NaN
36479	NaN
36480	NaN
36481	NaN
36482	NaN
36483	NaN
36484	NaN
36485	NaN
36486	NaN
36487	NaN
36488	NaN
36489	NaN
36490	NaN
36491	NaN
36492	NaN
36493	NaN
36494	NaN
36495	NaN
36496	NaN
36497	1.04224312
36498	0.84342349
36499	0.79811156
36500	0.77979153
36501	0.77088052
36502	0.76626271
36503	0.76390642
36504	0.76284641
36505	0.76256555
36506	0.76276302
36507	0.76325291
36508	0.76391506
36509	0.76467001
36510	0.76546454
36511	0.76626301
36512	0.76704222
36513	0.76778787
36514	0.76849222
36515	0.76915187
36516	0.76976645
36517	0.77033734
36518	0.77086627
36519	0.77135456
36520	0.77180111
36521	0.77220249
36522	0.77255136
36523	0.77283567
36524	0.77303827
36525	0.77313679
36526	0.77310276
36527	0.77290249
36528	0.77249718
36529	0.77184349
36530	0.77089530
36531	0.76960468
36532	0.76792407
36533	0.76580846
36534	0.76321799
36535	0.76012069
36536	0.75649518
36537	0.75233358
36538	0.74764419
36539	0.74245274
36540	0.73680413
36541	0.73076183
36542	0.72440761
36543	0.71783859
36544	0.71116453
36545	0.70450377
36546	0.69797814
36547	0.69170856
36548	0.68580997
36549	0.68038690
36550	0.67552948
36551	0.67131031
36552	0.66778225
36553	0.66497684
36554	0.66290355
36555	0.66155022
36556	0.66088390
36557	0.66085172
36558	0.66138321
36559	0.66239238
36560	0.66377997
36561	0.66543657
36562	0.66724533
36563	0.66908526
36564	0.67083442
36565	0.67237383
36566	0.67359036
36567	0.67438084
36568	0.67465508
36569	0.67433935
36570	0.67337906
36571	0.67174071
36572	0.66941339
36573	0.66640913
36574	0.66276157
36575	0.65852499
36576	0.65377045
36577	0.64858270
36578	0.64305568
36579	0.63728786
36580	0.63137805
36581	0.62542111
36582	0.61950469
36583	0.61370659
36584	0.60809296
36585	0.60271728
36586	0.59762067
36587	0.59283197
36588	0.58836877
36589	0.58423907
36590	0.58044231
36591	0.57697135
36592	0.57381338
36593	0.57095164
36594	0.56836653
36595	0.56603646
36596	0.56393862
36597	0.56204951
36598	0.56034571
36599	0.55880344
36600	0.55739945
36601	0.55611050
36602	0.55491334
36603	0.55378461
36604	0.55270040
36605	0.55163604
36606	0.55056590
36607	0.54946280
36608	0.54829806
36609	0.54704171
36610	0.54566222
36611	0.54412723
36612	0.54240417
36613	0.54046106
36614	0.53826767
36615	0.53579682
36616	0.53302526
36617	0.52993560
36618	0.52651691
36619	0.52276605
36620	0.51868820
36621	0.51429766
36622	0.50961781
36623	0.50468093
36624	0.49952769
36625	0.49420658
36626	0.48877230
36627	0.48328450
36628	0.47780609
36629	0.47240126
36630	0.46713337
36631	0.46206310
36632	0.45724624
36633	0.45273200
36634	0.44856122
36635	0.44476542
36636	0.44136521
36637	0.43837070
36638	0.43578050
36639	0.43358272
36640	0.43175527
36641	0.43026707
36642	0.42907929
36643	0.42814678
36644	0.42741954
36645	0.42684433
36646	0.42636612
36647	0.42592943
36648	0.42547935
36649	0.42496297
36650	0.42432991
36651	0.42353326
36652	0.42253017
36653	0.42128253
36654	0.41975728
36655	0.41792697
36656	0.41577014
36657	0.41327149
36658	0.41042235
36659	0.40722057
36660	0.40367085
36661	0.39978451
36662	0.39557943
36663	0.39107955
36664	0.38631448
36665	0.38131884
36666	0.37613153
36667	0.37079480
36668	0.36535317
36669	0.35985261
36670	0.35433963
36671	0.34886026
36672	0.34345943
36673	0.33818036
36674	0.33306429
36675	0.32815003
36676	0.32347402
36677	0.31907016
36678	0.31496984
36679	0.31120178
36680	0.30779204
36681	0.30476350
36682	0.30213583
36683	0.29992440
36684	0.29813993
36685	0.29678699
36686	0.29586336
36687	0.29535812
36688	0.29525051
36689	0.29550835
36690	0.29608682
36691	0.29692754
36692	0.29795787
36693	0.29909149
36694	0.30022940
36695	0.30126226
36696	0.30207342
36697	0.30254322
36698	0.30255333
36699	0.30199152
36700	0.30075645
36701	0.29876107
36702	0.29593495
36703	0.29222608
36704	0.28760031
36705	0.28204033
36706	0.27554265
36707	0.26811573
36708	0.25977585
36709	0.25054449
36710	0.24044539
36711	0.22950289
36712	0.21774009
36713	0.20517899
36714	0.19184177
36715	0.17775282
36716	0.16294284
36717	0.14745587
36718	0.13135697
36719	0.11474343
36720	0.09775872
36721	0.08060958
36722	0.06358416
36723	0.04707398
36724	0.03159507
36725	0.01780703
36726	0.00652511
36727	-0.00127492
36728	-0.00446744
36729	-0.00179905
36730	0.00808161
36731	0.02660444
36732	0.05529983
36733	0.09591261
36734	0.15070914
36735	0.22317304
36736	0.31954101
36737	0.45253938
36738	0.65212286
36739	1.00595117
36740	1.91151762
36741	NaN
36742	NaN
36743	NaN
36744	NaN
36745	NaN
36746	NaN
36747	NaN
36748	NaN
36749	NaN
36750	NaN
36751	NaN
36752	NaN
36753	NaN
36754	NaN
36755	NaN
36756	NaN
36757	NaN
36758	NaN
36759	NaN
36760	NaN
36761	NaN
36762	NaN
36763	NaN
36764	NaN
36765	NaN
36766	NaN
36767	NaN
36768	NaN
36769	NaN
36770	NaN
36771	NaN
36772	NaN
36773	NaN
36774	NaN
36775	NaN
36776	NaN
36777	NaN
36778	NaN
36779	NaN
36780	NaN
36781	NaN
36782	NaN
36783	NaN
36784	NaN
36785	NaN
36786	NaN
36787	NaN
36788	NaN
36789	NaN
36790	NaN
36791	NaN
36792	NaN
36793	NaN
36794	NaN
36795	NaN
36796	NaN
36797	NaN
36798	NaN
36799	NaN
36800	NaN
36801	NaN
36802	NaN
36803	NaN
36804	NaN
36805	NaN
36806	NaN
36807	NaN
36808	NaN
36809	NaN
36810	NaN
36811	NaN
36812	NaN
36813	NaN
36814	NaN
36815	NaN
36816	NaN
36817	NaN
36818	NaN
36819	NaN
36820	NaN
36821	NaN
36822	NaN
36823	NaN
36824	NaN
36825	NaN
36826	1.68472826
36827	1.16719282
36828	0.98536080
36829	0.89475983
36830	0.84197170
36831	0.80848092
36832	0.78615725
36833	0.77086031
36834	0.76025301
36835	0.75291151
36836	0.74791646
36837	0.74464589
36838	0.74266362
36839	0.74165493
36840	0.74138772
36841	0.74168825
36842	0.74242479
36843	0.74349672
36844	0.74482709
36845	0.74635637
36846	0.74803799
36847	0.74983495
36848	0.75171661
36849	0.75365633
36850	0.75562918
36851	0.75760996
36852	0.75957185
36853	0.76148468
36854	0.76331401
36855	0.76501977
36856	0.76655608
36857	0.76787084
36858	0.76890540
36859	0.76959556
36860	0.76987261
36861	0.76966482
36862	0.76890039
36863	0.76750994
36864	0.76543057
36865	0.76260954
36866	0.75900900
36867	0.75461000
36868	0.74941623
36869	0.74345750
36870	0.73679060
36871	0.72950041
36872	0.72169781
36873	0.71351647
36874	0.70510799
36875	0.69663572
36876	0.68826771
36877	0.68016994
36878	0.67249960
36879	0.66539913
36880	0.65899140
36881	0.65337658
36882	0.64862996
36883	0.64480054
36884	0.64191157
36885	0.63996071
36886	0.63892144
36887	0.63874465
36888	0.63936037
36889	0.64067978
36890	0.64259762
36891	0.64499432
36892	0.64773929
36893	0.65069366
36894	0.65371412
36895	0.65665674
36896	0.65938133
36897	0.66175550
36898	0.66365945
36899	0.66498995
36900	0.66566366
36901	0.66561997
36902	0.66482306
36903	0.66326201
36904	0.66095024
36905	0.65792400
36906	0.65423888
36907	0.64996678
36908	0.64519137
36909	0.64000410
36910	0.63450027
36911	0.62877488
36912	0.62292016
36913	0.61702240
36914	0.61116046
36915	0.60540450
36916	0.59981525
36917	0.59444374
36918	0.58933133
36919	0.58451027
36920	0.58000392
36921	0.57582760
36922	0.57198882
36923	0.56848824
36924	0.56531984
36925	0.56247157
36926	0.55992579
36927	0.55765969
36928	0.55564594
36929	0.55385303
36930	0.55224621
36931	0.55078793
36932	0.54943901
36933	0.54815948
36934	0.54690945
36935	0.54565030
36936	0.54434544
36937	0.54296094
36938	0.54146689
36939	0.53983748
36940	0.53805125
36941	0.53609157
36942	0.53394651
36943	0.53160876
36944	0.52907538
36945	0.52634734
36946	0.52342945
36947	0.52032983
36948	0.51705968
36949	0.51363295
36950	0.51006651
36951	0.50637931
36952	0.50259304
36953	0.49873167
36954	0.49482143
36955	0.49089053
36956	0.48696905
36957	0.48308840
36958	0.47928062
36959	0.47557741
36960	0.47200945
36961	0.46860486
36962	0.46538842
36963	0.46237993
36964	0.45959383
36965	0.45703784
36966	0.45471272
36967	0.45261210
36968	0.45072216
36969	0.44902253
36970	0.44748637
36971	0.44608170
36972	0.44477201
36973	0.44351730
36974	0.44227535
36975	0.44100267
36976	0.43965542
36977	0.43819043
36978	0.43656611
36979	0.43474331
36980	0.43268600
36981	0.43036231
36982	0.42774487
36983	0.42481178
36984	0.42154703
36985	0.41794118
36986	0.41399160
36987	0.40970278
36988	0.40508655
36989	0.40016186
36990	0.39495474
36991	0.38949788
36992	0.38382995
36993	0.37799519
36994	0.37204236
36995	0.36602384
36996	0.35999480
36997	0.35401171
36998	0.34813145
36999	0.34241018
37000	0.33690193
37001	0.33165807
37002	0.32672623
37003	0.32214972
37004	0.31796709
37005	0.31421191
37006	0.31091279
37007	0.30809325
37008	0.30577210
37009	0.30396354
37010	0.30267739
37011	0.30191889
37012	0.30168888
37013	0.30198321
37014	0.30279222
37015	0.30409950
37016	0.30588114
37017	0.30810383
37018	0.31072316
37019	0.31368208
37020	0.31690907
37021	0.32031649
37022	0.32379997
37023	0.32723844
37024	0.33049446
37025	0.33341730
37026	0.33584622
37027	0.33761540
37028	0.33856007
37029	0.33852276
37030	0.33735994
37031	0.33494705
37032	0.33118287
37033	0.32599151
37034	0.31932244
37035	0.31114805
37036	0.30146071
37037	0.29026756
37038	0.27758545
37039	0.26343584
37040	0.24784021
37041	0.23081678
37042	0.21237710
37043	0.19252557
37044	0.17125914
37045	0.14856803
37046	0.12443930
37047	0.09886056
37048	0.07182621
37049	0.04334666
37050	0.01345979
37051	-0.01775189
37052	-0.05014036
37053	-0.08346328
37054	-0.11734450
37055	-0.15122724
37056	-0.18431032
37057	-0.21546626
37058	-0.24313085
37059	-0.26515171
37060	-0.27853715
37061	-0.27900293
37062	-0.26002732
37063	-0.21054886
37064	-0.10841945
37065	0.10288572
37066	0.63872951
37067	NaN
37068	NaN
37069	NaN
37070	NaN
37071	NaN
37072	NaN
37073	NaN
37074	NaN
37075	NaN
37076	NaN
37077	NaN
37078	NaN
37079	NaN
37080	NaN
37081	NaN
37082	NaN
37083	NaN
37084	NaN
37085	NaN
37086	NaN
37087	NaN
37088	NaN
37089	NaN
37090	NaN
37091	NaN
37092	NaN
37093	NaN
37094	NaN
37095	NaN
37096	NaN
37097	NaN
37098	NaN
37099	NaN
37100	NaN
37101	NaN
37102	NaN
37103	NaN
37104	NaN
37105	NaN
37106	NaN
37107	NaN
37108	NaN
37109	NaN
37110	NaN
37111	NaN
37112	NaN
37113	NaN
37114	NaN
37115	NaN
37116	NaN
37117	NaN
37118	NaN
37119	NaN
37120	NaN
37121	NaN
37122	NaN
37123	NaN
37124	NaN
37125	NaN
37126	NaN
37127	NaN
37128	NaN
37129	NaN
37130	NaN
37131	NaN
37132	NaN
37133	NaN
37134	NaN
37135	NaN
37136	NaN
37137	NaN
37138	NaN
37139	NaN
37140	NaN
37141	NaN
37142	NaN
37143	NaN
37144	NaN
37145	NaN
37146	NaN
37147	NaN
37148	NaN
37149	NaN
37150	NaN
37151	1.57684338
37152	1.06202960
37153	0.92819494
37154	0.86749709
37155	0.83342963
37156	0.81203830
37157	0.79766995
37158	0.78759074
37159	0.78031218
37160	0.77495164
37161	0.77095127
37162	0.76794064
37163	0.76566488
37164	0.76394349
37165	0.76264620
37166	0.76167732
37167	0.76096642
37168	0.76046121
37169	0.76012254
37170	0.75992161
37171	0.75983649
37172	0.75985098
37173	0.75995219
37174	0.76012951
37175	0.76037347
37176	0.76067418
37177	0.76102078
37178	0.76140058
37179	0.76179767
37180	0.76219296
37181	0.76256287
37182	0.76287925
37183	0.76310891
37184	0.76321346
37185	0.76314980
37186	0.76287019
37187	0.76232374
37188	0.76145720
37189	0.76021767
37190	0.75855416
37191	0.75642127
37192	0.75378191
37193	0.75061113
37194	0.74689907
37195	0.74265426
37196	0.73790532
37197	0.73270249
37198	0.72711712
37199	0.72123969
37200	0.71517724
37201	0.70904857
37202	0.70297891
37203	0.69709456
37204	0.69151634
37205	0.68635529
37206	0.68170708
37207	0.67764920
37208	0.67423832
37209	0.67150885
37210	0.66947305
37211	0.66812152
37212	0.66742432
37213	0.66733283
37214	0.66778159
37215	0.66869068
37216	0.66996771
37217	0.67151052
37218	0.67320961
37219	0.67495060
37220	0.67661750
37221	0.67809540
37222	0.67927408
37223	0.68005180
37224	0.68033862
37225	0.68006003
37226	0.67916071
37227	0.67760640
37228	0.67538619
37229	0.67251289
37230	0.66902184
37231	0.66496956
37232	0.66042978
37233	0.65548962
37234	0.65024447
37235	0.64479357
37236	0.63923472
37237	0.63366038
37238	0.62815422
37239	0.62278873
37240	0.61762357
37241	0.61270505
37242	0.60806602
37243	0.60372710
37244	0.59969717
37245	0.59597558
37246	0.59255326
37247	0.58941442
37248	0.58653837
37249	0.58390087
37250	0.58147520
37251	0.57923347
37252	0.57714760
37253	0.57518977
37254	0.57333308
37255	0.57155156
37256	0.56982076
37257	0.56811732
37258	0.56641912
37259	0.56470484
37260	0.56295413
37261	0.56114697
37262	0.55926383
37263	0.55728561
37264	0.55519366
37265	0.55297023
37266	0.55059826
37267	0.54806256
37268	0.54534990
37269	0.54244965
37270	0.53935426
37271	0.53606004
37272	0.53256691
37273	0.52887946
37274	0.52500665
37275	0.52096182
37276	0.51676303
37277	0.51243240
37278	0.50799602
37279	0.50348330
37280	0.49892655
37281	0.49436021
37282	0.48981988
37283	0.48534149
37284	0.48096037
37285	0.47671011
37286	0.47262183
37287	0.46872303
37288	0.46503681
37289	0.46158129
37290	0.45836896
37291	0.45540625
37292	0.45269352
37293	0.45022497
37294	0.44798893
37295	0.44596836
37296	0.44414112
37297	0.44248104
37298	0.44095820
37299	0.43954000
37300	0.43819183
37301	0.43687761
37302	0.43556067
37303	0.43420425
37304	0.43277198
37305	0.43122861
37306	0.42954028
37307	0.42767489
37308	0.42560270
37309	0.42329672
37310	0.42073309
37311	0.41789171
37312	0.41475669
37313	0.41131693
37314	0.40756667
37315	0.40350619
37316	0.39914188
37317	0.39448702
37318	0.38956198
37319	0.38439396
37320	0.37901700
37321	0.37347171
37322	0.36780426
37323	0.36206558
37324	0.35631019
37325	0.35059476
37326	0.34497675
37327	0.33951291
37328	0.33425811
37329	0.32926387
37330	0.32457751
37331	0.32024169
37332	0.31629375
37333	0.31276575
37334	0.30968446
37335	0.30707166
37336	0.30494463
37337	0.30331582
37338	0.30219334
37339	0.30158061
37340	0.30147550
37341	0.30186945
37342	0.30274609
37343	0.30407932
37344	0.30583110
37345	0.30794969
37346	0.31036723
37347	0.31299827
37348	0.31573910
37349	0.31846803
37350	0.32104713
37351	0.32332569
37352	0.32514590
37353	0.32634893
37354	0.32678324
37355	0.32631209
37356	0.32482141
37357	0.32222521
37358	0.31846914
37359	0.31353158
37360	0.30742171
37361	0.30017513
37362	0.29184803
37363	0.28251109
37364	0.27224216
37365	0.26112080
37366	0.24922346
37367	0.23662056
37368	0.22337428
37369	0.20954017
37370	0.19516940
37371	0.18031360
37372	0.16503261
37373	0.14940725
37374	0.13355510
37375	0.11765464
37376	0.10198122
37377	0.08695672
37378	0.07322323
37379	0.06175265
37380	0.05401558
37381	0.05223854
37382	0.05982458
37383	0.08206379
37384	0.12742409
37385	0.21011332
37386	0.35582095
37387	0.61675930
37388	1.12077487
37389	2.30083632
37390	NaN
37391	NaN
37392	NaN
37393	NaN
37394	NaN
37395	NaN
37396	NaN
37397	NaN
37398	NaN
37399	NaN
37400	NaN
37401	NaN
37402	NaN
37403	NaN
37404	NaN
37405	NaN
37406	NaN
37407	NaN
37408	NaN
37409	NaN
37410	NaN
37411	NaN
37412	NaN
37413	NaN
37414	NaN
37415	NaN
37416	NaN
37417	NaN
37418	NaN
37419	NaN
37420	NaN
37421	NaN
37422	NaN
37423	NaN
37424	NaN
37425	NaN
37426	NaN
37427	NaN
37428	NaN
37429	NaN
37430	NaN
37431	NaN
37432	NaN
37433	NaN
37434	NaN
37435	NaN
37436	NaN
37437	NaN
37438	NaN
37439	NaN
37440	NaN
37441	NaN
37442	NaN
37443	NaN
37444	NaN
37445	NaN
37446	NaN
37447	NaN
37448	NaN
37449	NaN
37450	NaN
37451	NaN
37452	NaN
37453	NaN
37454	NaN
37455	NaN
37456	NaN
37457	NaN
37458	NaN
37459	NaN
37460	NaN
37461	NaN
37462	NaN
37463	NaN
37464	NaN
37465	NaN
37466	NaN
37467	NaN
37468	NaN
37469	NaN
37470	NaN
37471	NaN
37472	NaN
37473	NaN
37474	NaN
37475	NaN
37476	NaN
37477	NaN
37478	NaN
37479	NaN
37480	1.54095280
37481	1.05298746
37482	0.91215593
37483	0.84712094
37484	0.81097925
37485	0.78894997
37486	0.77487963
37487	0.76573819
37488	0.75985289
37489	0.75622034
37490	0.75419849
37491	0.75335574
37492	0.75338984
37493	0.75408244
37494	0.75527197
37495	0.75683647
37496	0.75868279
37497	0.76073885
37498	0.76294881
37499	0.76526850
37500	0.76766312
37501	0.77010423
37502	0.77256793
37503	0.77503288
37504	0.77747887
37505	0.77988523
37506	0.78222919
37507	0.78448498
37508	0.78662252
37509	0.78860688
37510	0.79039729
37511	0.79194701
37512	0.79320353
37513	0.79410863
37514	0.79460007
37515	0.79461259
37516	0.79408067
37517	0.79294115
37518	0.79113638
37519	0.78861827
37520	0.78535187
37521	0.78131956
37522	0.77652436
37523	0.77099234
37524	0.76477492
37525	0.75794798
37526	0.75061172
37527	0.74288690
37528	0.73491108
37529	0.72683311
37530	0.71880710
37531	0.71098650
37532	0.70351774
37533	0.69653493
37534	0.69015563
37535	0.68447715
37536	0.67957419
37537	0.67549753
37538	0.67227393
37539	0.66990596
37540	0.66837341
37541	0.66763437
37542	0.66762716
37543	0.66827220
37544	0.66947442
37545	0.67112559
37546	0.67310703
37547	0.67529285
37548	0.67755336
37549	0.67975825
37550	0.68178123
37551	0.68350333
37552	0.68481708
37553	0.68562990
37554	0.68586737
37555	0.68547517
37556	0.68442065
37557	0.68269306
37558	0.68030292
37559	0.67727983
37560	0.67367059
37561	0.66953558
37562	0.66494519
37563	0.65997678
37564	0.65471071
37565	0.64922756
37566	0.64360529
37567	0.63791746
37568	0.63223147
37569	0.62660766
37570	0.62109870
37571	0.61574942
37572	0.61059695
37573	0.60567099
37574	0.60099423
37575	0.59658319
37576	0.59244823
37577	0.58859450
37578	0.58502233
37579	0.58172756
37580	0.57870191
37581	0.57593352
37582	0.57340682
37583	0.57110327
37584	0.56900126
37585	0.56707644
37586	0.56530225
37587	0.56365001
37588	0.56208968
37589	0.56059003
37590	0.55911928
37591	0.55764598
37592	0.55613929
37593	0.55456984
37594	0.55291027
37595	0.55113584
37596	0.54922462
37597	0.54715812
37598	0.54492152
37599	0.54250371
37600	0.53989744
37601	0.53709942
37602	0.53411043
37603	0.53093511
37604	0.52758193
37605	0.52406317
37606	0.52039468
37607	0.51659578
37608	0.51268899
37609	0.50869983
37610	0.50465655
37611	0.50058949
37612	0.49653092
37613	0.49251398
37614	0.48857200
37615	0.48473752
37616	0.48104104
37617	0.47751012
37618	0.47416809
37619	0.47103310
37620	0.46811724
37621	0.46542621
37622	0.46295875
37623	0.46070686
37624	0.45865604
37625	0.45678583
37626	0.45507053
37627	0.45348001
37628	0.45198083
37629	0.45053709
37630	0.44911146
37631	0.44766611
37632	0.44616345
37633	0.44456705
37634	0.44284233
37635	0.44095704
37636	0.43888196
37637	0.43659142
37638	0.43406373
37639	0.43128157
37640	0.42823249
37641	0.42490950
37642	0.42131108
37643	0.41744167
37644	0.41331193
37645	0.40893844
37646	0.40434378
37647	0.39955619
37648	0.39460897
37649	0.38953963
37650	0.38438952
37651	0.37920260
37652	0.37402481
37653	0.36890289
37654	0.36388406
37655	0.35901493
37656	0.35434076
37657	0.34990513
37658	0.34574923
37659	0.34191141
37660	0.33842674
37661	0.33532661
37662	0.33263853
37663	0.33038554
37664	0.32858610
37665	0.32725376
37666	0.32639661
37667	0.32601687
37668	0.32611042
37669	0.32666594
37670	0.32766411
37671	0.32907662
37672	0.33086535
37673	0.33298126
37674	0.33536354
37675	0.33793965
37676	0.34062451
37677	0.34332159
37678	0.34592423
37679	0.34831727
37680	0.35038048
37681	0.35199109
37682	0.35302877
37683	0.35337898
37684	0.35293707
37685	0.35161170
37686	0.34932745
37687	0.34602559
37688	0.34166482
37689	0.33621997
37690	0.32967967
37691	0.32204387
37692	0.31332067
37693	0.30352372
37694	0.29266870
37695	0.28077275
37696	0.26785308
37697	0.25392738
37698	0.23901565
37699	0.22314352
37700	0.20634630
37701	0.18867506
37702	0.17020440
37703	0.15104091
37704	0.13133308
37705	0.11128241
37706	0.09115501
37707	0.07129176
37708	0.05211874
37709	0.03415375
37710	0.01800753
37711	0.00437999
37712	-0.00595104
37713	-0.01214637
37714	-0.01332805
37715	-0.00859680
37716	0.00296502
37717	0.02231832
37718	0.05054568
37719	0.08902345
37720	0.13976543
37721	0.20608045
37722	0.29396376
37723	0.41532478
37724	0.59688246
37725	0.91136128
37726	1.64447820
37727	NaN
37728	NaN
37729	NaN
37730	NaN
37731	NaN
37732	NaN
37733	NaN
37734	NaN
37735	NaN
37736	NaN
37737	NaN
37738	NaN
37739	NaN
37740	NaN
37741	NaN
37742	NaN
37743	NaN
37744	NaN
37745	NaN
37746	NaN
37747	NaN
37748	NaN
37749	NaN
37750	NaN
37751	NaN
37752	NaN
37753	NaN
37754	NaN
37755	NaN
37756	NaN
37757	NaN
37758	NaN
37759	NaN
37760	NaN
37761	NaN
37762	NaN
37763	NaN
37764	NaN
37765	NaN
37766	NaN
37767	NaN
37768	NaN
37769	NaN
37770	NaN
37771	NaN
37772	NaN
37773	NaN
37774	NaN
37775	NaN
37776	NaN
37777	NaN
37778	NaN
37779	NaN
37780	NaN
37781	NaN
37782	NaN
37783	NaN
37784	NaN
37785	NaN
37786	NaN
37787	NaN
37788	NaN
37789	NaN
37790	NaN
37791	NaN
37792	NaN
37793	NaN
37794	NaN
37795	NaN
37796	NaN
37797	NaN
37798	NaN
37799	NaN
37800	NaN
37801	NaN
37802	NaN
37803	NaN
37804	NaN
37805	NaN
37806	NaN
37807	1.71187377
37808	1.16622174
37809	1.00638950
37810	0.93066531
37811	0.88677347
37812	0.85825962
37813	0.83829927
37814	0.82355344
37815	0.81219739
37816	0.80315107
37817	0.79573691
37818	0.78951073
37819	0.78417194
37820	0.77951258
37821	0.77538675
37822	0.77169114
37823	0.76835334
37824	0.76532239
37825	0.76256341
37826	0.76005274
37827	0.75777513
37828	0.75572062
37829	0.75388288
37830	0.75225741
37831	0.75083983
37832	0.74962503
37833	0.74860561
37834	0.74777132
37835	0.74710792
37836	0.74659628
37837	0.74621236
37838	0.74592614
37839	0.74570173
37840	0.74549711
37841	0.74526471
37842	0.74495190
37843	0.74450153
37844	0.74385422
37845	0.74294919
37846	0.74172693
37847	0.74013191
37848	0.73811513
37849	0.73563725
37850	0.73267156
37851	0.72920704
37852	0.72524977
37853	0.72082514
37854	0.71597761
37855	0.71077019
37856	0.70528257
37857	0.69960779
37858	0.69384831
37859	0.68811190
37860	0.68250644
37861	0.67713523
37862	0.67209285
37863	0.66746145
37864	0.66330785
37865	0.65968186
37866	0.65661502
37867	0.65412039
37868	0.65219301
37869	0.65081114
37870	0.64993721
37871	0.64951980
37872	0.64949548
37873	0.64979023
37874	0.65032190
37875	0.65100211
37876	0.65173841
37877	0.65243661
37878	0.65300357
37879	0.65334970
37880	0.65339226
37881	0.65305811
37882	0.65228665
37883	0.65103269
37884	0.64926809
37885	0.64698327
37886	0.64418709
37887	0.64090645
37888	0.63718408
37889	0.63307577
37890	0.62864721
37891	0.62396991
37892	0.61911762
37893	0.61416245
37894	0.60917217
37895	0.60420752
37896	0.59932083
37897	0.59455460
37898	0.58994174
37899	0.58550572
37900	0.58126098
37901	0.57721478
37902	0.57336771
37903	0.56971562
37904	0.56625074
37905	0.56296319
37906	0.55984175
37907	0.55687517
37908	0.55405247
37909	0.55136383
37910	0.54880017
37911	0.54635364
37912	0.54401696
37913	0.54178327
37914	0.53964537
37915	0.53759527
37916	0.53562337
37917	0.53371805
37918	0.53186524
37919	0.53004813
37920	0.52824706
37921	0.52644002
37922	0.52460283
37923	0.52271026
37924	0.52073652
37925	0.51865667
37926	0.51644731
37927	0.51408815
37928	0.51156235
37929	0.50885779
37930	0.50596768
37931	0.50289053
37932	0.49963087
37933	0.49619886
37934	0.49261034
37935	0.48888588
37936	0.48505074
37937	0.48113367
37938	0.47716621
37939	0.47318143
37940	0.46921322
37941	0.46529502
37942	0.46145853
37943	0.45773318
37944	0.45414490
37945	0.45071530
37946	0.44746131
37947	0.44439453
37948	0.44152093
37949	0.43884099
37950	0.43634975
37951	0.43403700
37952	0.43188798
37953	0.42988378
37954	0.42800191
37955	0.42621732
37956	0.42450288
37957	0.42283019
37958	0.42117015
37959	0.41949365
37960	0.41777217
37961	0.41597813
37962	0.41408524
37963	0.41206896
37964	0.40990666
37965	0.40757796
37966	0.40506497
37967	0.40235251
37968	0.39942831
37969	0.39628327
37970	0.39291173
37971	0.38931143
37972	0.38548389
37973	0.38143441
37974	0.37717214
37975	0.37271005
37976	0.36806500
37977	0.36325744
37978	0.35831138
37979	0.35325396
37980	0.34811521
37981	0.34292749
37982	0.33772504
37983	0.33254334
37984	0.32741874
37985	0.32238746
37986	0.31748554
37987	0.31274828
37988	0.30820987
37989	0.30390322
37990	0.29985973
37991	0.29610971
37992	0.29268187
37993	0.28960371
37994	0.28690085
37995	0.28459737
37996	0.28271434
37997	0.28126949
37998	0.28027576
37999	0.27973929
38000	0.27965784
38001	0.28001857
38002	0.28079590
38003	0.28194916
38004	0.28342134
38005	0.28513798
38006	0.28700665
38007	0.28891826
38008	0.29074922
38009	0.29236475
38010	0.29362342
38011	0.29438287
38012	0.29450560
38013	0.29386437
38014	0.29234722
38015	0.28986162
38016	0.28633556
38017	0.28171879
38018	0.27598092
38019	0.26910877
38020	0.26110265
38021	0.25197178
38022	0.24173044
38023	0.23039337
38024	0.21797219
38025	0.20447332
38026	0.18989620
38027	0.17423263
38028	0.15746896
38029	0.13958812
38030	0.12057574
38031	0.10042788
38032	0.07916309
38033	0.05683929
38034	0.03357534
38035	0.00958149
38036	-0.01480407
38037	-0.03906875
38038	-0.06247079
38039	-0.08397128
38040	-0.10215718
38041	-0.11514539
38042	-0.12044068
38043	-0.11470377
38044	-0.09328243
38045	-0.04914543
38046	0.02983932
38047	0.16876242
38048	0.43422854
38049	1.09266794
38050	NaN
38051	NaN
38052	NaN
38053	NaN
38054	NaN
38055	NaN
38056	NaN
38057	NaN
38058	NaN
38059	NaN
38060	NaN
38061	NaN
38062	NaN
38063	NaN
38064	NaN
38065	NaN
38066	NaN
38067	NaN
38068	NaN
38069	NaN
38070	NaN
38071	NaN
38072	NaN
38073	NaN
38074	NaN
38075	NaN
38076	NaN
38077	NaN
38078	NaN
38079	NaN
38080	NaN
38081	NaN
38082	NaN
38083	NaN
38084	NaN
38085	NaN
38086	NaN
38087	NaN
38088	NaN
38089	NaN
38090	NaN
38091	NaN
38092	NaN
38093	NaN
38094	NaN
38095	NaN
38096	NaN
38097	NaN
38098	NaN
38099	NaN
38100	NaN
38101	NaN
38102	NaN
38103	NaN
38104	NaN
38105	NaN
38106	NaN
38107	NaN
38108	NaN
38109	NaN
38110	NaN
38111	NaN
38112	NaN
38113	NaN
38114	NaN
38115	NaN
38116	NaN
38117	NaN
38118	NaN
38119	NaN
38120	NaN
38121	NaN
38122	NaN
38123	NaN
38124	NaN
38125	NaN
38126	NaN
38127	NaN
38128	NaN
38129	NaN
38130	NaN
38131	NaN
38132	NaN
38133	NaN
38134	NaN
38135	NaN
38136	1.84431458
38137	1.08837044
38138	0.91696572
38139	0.84268266
38140	0.80224353
38141	0.77757990
38142	0.76156485
38143	0.75081152
38144	0.74349803
38145	0.73855329
38146	0.73530298
38147	0.73329973
38148	0.73223370
38149	0.73188329
38150	0.73208547
38151	0.73271799
38152	0.73368776
38153	0.73492312
38154	0.73636812
38155	0.73797899
38156	0.73972064
38157	0.74156439
38158	0.74348575
38159	0.74546278
38160	0.74747425
38161	0.74949825
38162	0.75151092
38163	0.75348502
38164	0.75538927
38165	0.75718713
38166	0.75883657
38167	0.76028949
38168	0.76149195
38169	0.76238501
38170	0.76290506
38171	0.76298594
38172	0.76256078
38173	0.76156443
38174	0.75993681
38175	0.75762600
38176	0.75459230
38177	0.75081176
38178	0.74627972
38179	0.74101400
38180	0.73505670
38181	0.72847527
38182	0.72136194
38183	0.71383131
38184	0.70601666
38185	0.69806451
38186	0.69012904
38187	0.68236440
38188	0.67491937
38189	0.66793072
38190	0.66151845
38191	0.65578252
38192	0.65079975
38193	0.64662331
38194	0.64328182
38195	0.64078021
38196	0.63910079
38197	0.63820428
38198	0.63803226
38199	0.63850868
38200	0.63954240
38201	0.64102930
38202	0.64285535
38203	0.64489895
38204	0.64703506
38205	0.64913774
38206	0.65108478
38207	0.65276080
38208	0.65406138
38209	0.65489602
38210	0.65519172
38211	0.65489441
38212	0.65397096
38213	0.65240884
38214	0.65021604
38215	0.64741904
38216	0.64406067
38217	0.64019698
38218	0.63589418
38219	0.63122493
38220	0.62626541
38221	0.62109244
38222	0.61578065
38223	0.61040074
38224	0.60501814
38225	0.59969181
38226	0.59447342
38227	0.58940744
38228	0.58453107
38229	0.57987416
38230	0.57545990
38231	0.57130516
38232	0.56742066
38233	0.56381202
38234	0.56047976
38235	0.55741942
38236	0.55462241
38237	0.55207604
38238	0.54976344
38239	0.54766434
38240	0.54575491
38241	0.54400867
38242	0.54239649
38243	0.54088748
38244	0.53944951
38245	0.53805000
38246	0.53665668
38247	0.53523821
38248	0.53376484
38249	0.53220874
38250	0.53054500
38251	0.52875125
38252	0.52680832
38253	0.52470022
38254	0.52241421
38255	0.51994109
38256	0.51727504
38257	0.51441360
38258	0.51135796
38259	0.50811285
38260	0.50468665
38261	0.50109124
38262	0.49734214
38263	0.49345845
38264	0.48946276
38265	0.48538080
38266	0.48124143
38267	0.47707593
38268	0.47291762
38269	0.46880096
38270	0.46476048
38271	0.46082985
38272	0.45704082
38273	0.45342150
38274	0.44999555
38275	0.44678110
38276	0.44378975
38277	0.44102609
38278	0.43848756
38279	0.43616432
38280	0.43403998
38281	0.43209201
38282	0.43029279
38283	0.42861041
38284	0.42701000
38285	0.42545450
38286	0.42390582
38287	0.42232552
38288	0.42067605
38289	0.41892096
38290	0.41702592
38291	0.41495907
38292	0.41269180
38293	0.41019911
38294	0.40746006
38295	0.40445837
38296	0.40118283
38297	0.39762759
38298	0.39379260
38299	0.38968378
38300	0.38531327
38301	0.38069937
38302	0.37586638
38303	0.37084451
38304	0.36566895
38305	0.36037967
38306	0.35502020
38307	0.34963688
38308	0.34427762
38309	0.33899102
38310	0.33382526
38311	0.32882714
38312	0.32404131
38313	0.31950939
38314	0.31526989
38315	0.31135714
38316	0.30780151
38317	0.30462912
38318	0.30186129
38319	0.29951486
38320	0.29760185
38321	0.29612944
38322	0.29509959
38323	0.29450879
38324	0.29434767
38325	0.29460037
38326	0.29524368
38327	0.29624680
38328	0.29756954
38329	0.29916224
38330	0.30096462
38331	0.30290520
38332	0.30490130
38333	0.30685902
38334	0.30867463
38335	0.31023610
38336	0.31142548
38337	0.31212246
38338	0.31220803
38339	0.31156889
38340	0.31010148
38341	0.30771589
38342	0.30433881
38343	0.29991519
38344	0.29440907
38345	0.28780246
38346	0.28009301
38347	0.27129123
38348	0.26141697
38349	0.25049561
38350	0.23855451
38351	0.22562115
38352	0.21172121
38353	0.19687788
38354	0.18111375
38355	0.16445334
38356	0.14692733
38357	0.12857899
38358	0.10947270
38359	0.08970369
38360	0.06941179
38361	0.04879653
38362	0.02813672
38363	0.00781059
38364	-0.01167693
38365	-0.02966535
38366	-0.04530813
38367	-0.05753311
38368	-0.06499994
38369	-0.06604159
38370	-0.05858071
38371	-0.03998064
38372	-0.00675752
38373	0.04600095
38374	0.12590587
38375	0.24623892
38376	0.43376672
38377	0.75359613
38378	1.41825593
38379	3.74439692
38380	NaN
38381	NaN
38382	NaN
38383	NaN
38384	NaN
38385	NaN
38386	NaN
38387	NaN
38388	NaN
38389	NaN
38390	NaN
38391	NaN
38392	NaN
38393	NaN
38394	NaN
38395	NaN
38396	NaN
38397	NaN
38398	NaN
38399	NaN
38400	NaN
38401	NaN
38402	NaN
38403	NaN
38404	NaN
38405	NaN
38406	NaN
38407	NaN
38408	NaN
38409	NaN
38410	NaN
38411	NaN
38412	NaN
38413	NaN
38414	NaN
38415	NaN
38416	NaN
38417	NaN
38418	NaN
38419	NaN
38420	NaN
38421	NaN
38422	NaN
38423	NaN
38424	NaN
38425	NaN
38426	NaN
38427	NaN
38428	NaN
38429	NaN
38430	NaN
38431	NaN
38432	NaN
38433	NaN
38434	NaN
38435	NaN
38436	NaN
38437	NaN
38438	NaN
38439	NaN
38440	NaN
38441	NaN
38442	NaN
38443	NaN
38444	NaN
38445	NaN
38446	NaN
38447	NaN
38448	NaN
38449	NaN
38450	NaN
38451	NaN
38452	NaN
38453	NaN
38454	NaN
38455	NaN
38456	NaN
38457	NaN
38458	NaN
38459	NaN
38460	NaN
38461	1.68337345
38462	0.94524783
38463	0.83655620
38464	0.79431301
38465	0.77267832
38466	0.76005584
38467	0.75214583
38468	0.74698263
38469	0.74353743
38470	0.74121779
38471	0.73965770
38472	0.73861867
38473	0.73793924
38474	0.73750705
38475	0.73724276
38476	0.73708999
38477	0.73700881
38478	0.73697120
38479	0.73695803
38480	0.73695689
38481	0.73695982
38482	0.73696262
38483	0.73696303
38484	0.73696011
38485	0.73695320
38486	0.73694128
38487	0.73692214
38488	0.73689187
38489	0.73684412
38490	0.73676986
38491	0.73665679
38492	0.73648876
38493	0.73624629
38494	0.73590553
38495	0.73543906
38496	0.73481584
38497	0.73400182
38498	0.73296112
38499	0.73165667
38500	0.73005259
38501	0.72811592
38502	0.72581869
38503	0.72314054
38504	0.72007132
38505	0.71661335
38506	0.71278334
38507	0.70861292
38508	0.70414984
38509	0.69945645
38510	0.69460815
38511	0.68969077
38512	0.68479687
38513	0.68002158
38514	0.67545879
38515	0.67119682
38516	0.66731459
38517	0.66387850
38518	0.66094029
38519	0.65853488
38520	0.65667981
38521	0.65537500
38522	0.65460265
38523	0.65432876
38524	0.65450382
38525	0.65506458
38526	0.65593559
38527	0.65703154
38528	0.65825933
38529	0.65952045
38530	0.66071397
38531	0.66173893
38532	0.66249782
38533	0.66289937
38534	0.66286153
38535	0.66231453
38536	0.66120374
38537	0.65949160
38538	0.65715969
38539	0.65420938
38540	0.65066165
38541	0.64655620
38542	0.64194912
38543	0.63690990
38544	0.63151801
38545	0.62585866
38546	0.62001932
38547	0.61408556
38548	0.60813802
38549	0.60224980
38550	0.59648478
38551	0.59089619
38552	0.58552641
38553	0.58040679
38554	0.57555878
38555	0.57099426
38556	0.56671727
38557	0.56272495
38558	0.55900919
38559	0.55555785
38560	0.55235565
38561	0.54938585
38562	0.54663080
38563	0.54407239
38564	0.54169303
38565	0.53947514
38566	0.53740180
38567	0.53545630
38568	0.53362155
38569	0.53188008
38570	0.53021330
38571	0.52860129
38572	0.52702224
38573	0.52545267
38574	0.52386731
38575	0.52223927
38576	0.52054089
38577	0.51874417
38578	0.51682162
38579	0.51474738
38580	0.51249796
38581	0.51005334
38582	0.50739759
38583	0.50451970
38584	0.50141412
38585	0.49808103
38586	0.49452639
38587	0.49076205
38588	0.48680553
38589	0.48267964
38590	0.47841179
38591	0.47403362
38592	0.46958002
38593	0.46508834
38594	0.46059740
38595	0.45614624
38596	0.45177332
38597	0.44751510
38598	0.44340515
38599	0.43947288
38600	0.43574277
38601	0.43223357
38602	0.42895785
38603	0.42592135
38604	0.42312327
38605	0.42055607
38606	0.41820604
38607	0.41605380
38608	0.41407493
38609	0.41224089
38610	0.41051981
38611	0.40887728
38612	0.40727755
38613	0.40568399
38614	0.40406018
38615	0.40237054
38616	0.40058097
38617	0.39865986
38618	0.39657810
38619	0.39431038
38620	0.39183524
38621	0.38913569
38622	0.38619962
38623	0.38302028
38624	0.37959608
38625	0.37593111
38626	0.37203494
38627	0.36792219
38628	0.36361259
38629	0.35913023
38630	0.35450292
38631	0.34976178
38632	0.34494016
38633	0.34007293
38634	0.33519587
38635	0.33034465
38636	0.32555431
38637	0.32085854
38638	0.31628919
38639	0.31187579
38640	0.30764547
38641	0.30362239
38642	0.29982796
38643	0.29628068
38644	0.29299614
38645	0.28998733
38646	0.28726476
38647	0.28483644
38648	0.28270805
38649	0.28088289
38650	0.27936208
38651	0.27814364
38652	0.27722239
38653	0.27658936
38654	0.27623048
38655	0.27612615
38656	0.27624995
38657	0.27656770
38658	0.27703711
38659	0.27760693
38660	0.27821741
38661	0.27880079
38662	0.27928266
38663	0.27958339
38664	0.27962136
38665	0.27931497
38666	0.27858606
38667	0.27736297
38668	0.27558285
38669	0.27319381
38670	0.27015644
38671	0.26644412
38672	0.26204246
38673	0.25694916
38674	0.25117210
38675	0.24472833
38676	0.23764263
38677	0.22994703
38678	0.22168022
38679	0.21288781
38680	0.20362446
38681	0.19395573
38682	0.18396184
38683	0.17374276
38684	0.16342473
38685	0.15316729
38686	0.14317329
38687	0.13369855
38688	0.12506206
38689	0.11765617
38690	0.11195308
38691	0.10850821
38692	0.10795403
38693	0.11098586
38694	0.11833747
38695	0.13074528
38696	0.14891063
38697	0.17346944
38698	0.20498474
38699	0.24398436
38700	0.29106390
38701	0.34709448
38702	0.41359586
38703	0.49340409
38704	0.59202015
38705	0.72065413
38706	0.90447259
38707	1.21102905
38708	1.89716840
38709	NaN
38710	NaN
38711	NaN
38712	NaN
38713	NaN
38714	NaN
38715	NaN
38716	NaN
38717	NaN
38718	NaN
38719	NaN
38720	NaN
38721	NaN
38722	NaN
38723	NaN
38724	NaN
38725	NaN
38726	NaN
38727	NaN
38728	NaN
38729	NaN
38730	NaN
38731	NaN
38732	NaN
38733	NaN
38734	NaN
38735	NaN
38736	NaN
38737	NaN
38738	NaN
38739	NaN
38740	NaN
38741	NaN
38742	NaN
38743	NaN
38744	NaN
38745	NaN
38746	NaN
38747	NaN
38748	NaN
38749	NaN
38750	NaN
38751	NaN
38752	NaN
38753	NaN
38754	NaN
38755	NaN
38756	NaN
38757	NaN
38758	NaN
38759	NaN
38760	NaN
38761	NaN
38762	NaN
38763	NaN
38764	NaN
38765	NaN
38766	NaN
38767	NaN
38768	NaN
38769	NaN
38770	NaN
38771	NaN
38772	NaN
38773	NaN
38774	NaN
38775	NaN
38776	NaN
38777	NaN
38778	NaN
38779	NaN
38780	NaN
38781	NaN
38782	NaN
38783	NaN
38784	NaN
38785	NaN
38786	NaN
38787	NaN
38788	NaN
38789	NaN
38790	NaN
38791	1.61252141
38792	1.07160079
38793	0.91714340
38794	0.84594339
38795	0.80629677
38796	0.78199542
38797	0.76631242
38798	0.75594318
38799	0.74906713
38800	0.74459374
38801	0.74182725
38802	0.74030071
38803	0.73968828
38804	0.73975575
38805	0.74033058
38806	0.74128389
38807	0.74251795
38808	0.74395865
38809	0.74554896
38810	0.74724531
38811	0.74901378
38812	0.75082731
38813	0.75266355
38814	0.75450289
38815	0.75632602
38816	0.75811279
38817	0.75984073
38818	0.76148349
38819	0.76301008
38820	0.76438391
38821	0.76556247
38822	0.76649749
38823	0.76713431
38824	0.76741362
38825	0.76727241
38826	0.76664561
38827	0.76546848
38828	0.76367974
38829	0.76122487
38830	0.75805974
38831	0.75415486
38832	0.74949872
38833	0.74410129
38834	0.73799676
38835	0.73124456
38836	0.72392982
38837	0.71616119
38838	0.70806795
38839	0.69979537
38840	0.69149882
38841	0.68333775
38842	0.67546904
38843	0.66804063
38844	0.66118664
38845	0.65502214
38846	0.64964062
38847	0.64511102
38848	0.64147717
38849	0.63875729
38850	0.63694465
38851	0.63600886
38852	0.63589710
38853	0.63653618
38854	0.63783485
38855	0.63968575
38856	0.64196843
38857	0.64455193
38858	0.64729816
38859	0.65006572
38860	0.65271348
38861	0.65510494
38862	0.65711272
38863	0.65862250
38864	0.65953743
38865	0.65978116
38866	0.65930045
38867	0.65806657
38868	0.65607566
38869	0.65334773
38870	0.64992464
38871	0.64586669
38872	0.64124918
38873	0.63615817
38874	0.63068616
38875	0.62492800
38876	0.61897767
38877	0.61292517
38878	0.60685390
38879	0.60083950
38880	0.59494853
38881	0.58923811
38882	0.58375567
38883	0.57853949
38884	0.57361883
38885	0.56901485
38886	0.56474096
38887	0.56080347
38888	0.55720216
38889	0.55393076
38890	0.55097741
38891	0.54832476
38892	0.54595071
38893	0.54382879
38894	0.54192865
38895	0.54021668
38896	0.53865677
38897	0.53721118
38898	0.53584146
38899	0.53450930
38900	0.53317750
38901	0.53181040
38902	0.53037548
38903	0.52884299
38904	0.52718681
38905	0.52538490
38906	0.52341914
38907	0.52127546
38908	0.51894385
38909	0.51641834
38910	0.51369667
38911	0.51078051
38912	0.50767505
38913	0.50438917
38914	0.50093508
38915	0.49732843
38916	0.49358815
38917	0.48973614
38918	0.48579714
38919	0.48179859
38920	0.47776985
38921	0.47374213
38922	0.46974754
38923	0.46581858
38924	0.46198723
38925	0.45828402
38926	0.45473710
38927	0.45137128
38928	0.44820696
38929	0.44525945
38930	0.44253817
38931	0.44004619
38932	0.43778002
38933	0.43572947
38934	0.43387812
38935	0.43220359
38936	0.43067822
38937	0.42927015
38938	0.42794403
38939	0.42666218
38940	0.42538565
38941	0.42407534
38942	0.42269281
38943	0.42120129
38944	0.41956657
38945	0.41775748
38946	0.41574648
38947	0.41351023
38948	0.41102964
38949	0.40829048
38950	0.40528342
38951	0.40200406
38952	0.39845341
38953	0.39463770
38954	0.39056864
38955	0.38626349
38956	0.38174465
38957	0.37703985
38958	0.37218150
38959	0.36720619
38960	0.36215383
38961	0.35706690
38962	0.35198936
38963	0.34696552
38964	0.34203923
38965	0.33725265
38966	0.33264548
38967	0.32825443
38968	0.32411242
38969	0.32024840
38970	0.31668717
38971	0.31344911
38972	0.31055039
38973	0.30800289
38974	0.30581427
38975	0.30398792
38976	0.30252296
38977	0.30141360
38978	0.30064923
38979	0.30021352
38980	0.30008423
38981	0.30023223
38982	0.30062133
38983	0.30120763
38984	0.30193949
38985	0.30275702
38986	0.30359322
38987	0.30437383
38988	0.30501893
38989	0.30544412
38990	0.30556235
38991	0.30528632
38992	0.30453068
38993	0.30321491
38994	0.30126566
38995	0.29861981
38996	0.29522601
38997	0.29104644
38998	0.28605804
38999	0.28025216
39000	0.27363428
39001	0.26622236
39002	0.25804505
39003	0.24913971
39004	0.23954965
39005	0.22932294
39006	0.21851012
39007	0.20716377
39008	0.19533901
39009	0.18309428
39010	0.17049405
39011	0.15761191
39012	0.14453535
39013	0.13137099
39014	0.11825029
39015	0.10533649
39016	0.09283076
39017	0.08097857
39018	0.07007507
39019	0.06046913
39020	0.05256340
39021	0.04681373
39022	0.04372369
39023	0.04383327
39024	0.04770836
39025	0.05592345
39026	0.06904890
39027	0.08764415
39028	0.11226221
39029	0.14348005
39030	0.18196245
39031	0.22858775
39032	0.28466627
39033	0.35233635
39034	0.43532431
39035	0.54051697
39036	0.68169218
39037	0.88996416
39038	1.25141549
39039	2.11835885
39040	NaN
39041	NaN
39042	NaN
39043	NaN
39044	NaN
39045	NaN
39046	NaN
39047	NaN
39048	NaN
39049	NaN
39050	NaN
39051	NaN
39052	NaN
39053	NaN
39054	NaN
39055	NaN
39056	NaN
39057	NaN
39058	NaN
39059	NaN
39060	NaN
39061	NaN
39062	NaN
39063	NaN
39064	NaN
39065	NaN
39066	NaN
39067	NaN
39068	NaN
39069	NaN
39070	NaN
39071	NaN
39072	NaN
39073	NaN
39074	NaN
39075	NaN
39076	NaN
39077	NaN
39078	NaN
39079	NaN
39080	NaN
39081	NaN
39082	NaN
39083	NaN
39084	NaN
39085	NaN
39086	NaN
39087	NaN
39088	NaN
39089	NaN
39090	NaN
39091	NaN
39092	NaN
39093	NaN
39094	NaN
39095	NaN
39096	NaN
39097	NaN
39098	NaN
39099	NaN
39100	NaN
39101	NaN
39102	NaN
39103	NaN
39104	NaN
39105	NaN
39106	NaN
39107	NaN
39108	NaN
39109	NaN
39110	NaN
39111	NaN
39112	NaN
39113	NaN
39114	NaN
39115	NaN
39116	NaN
39117	NaN
39118	NaN
39119	NaN
39120	NaN
39121	NaN
39122	NaN
39123	NaN
39124	NaN
39125	1.91212022
39126	1.10968590
39127	0.93115073
39128	0.85547924
39129	0.81523937
39130	0.79121011
39131	0.77583140
39132	0.76553124
39133	0.75840759
39134	0.75336069
39135	0.74971604
39136	0.74704158
39137	0.74505228
39138	0.74355638
39139	0.74242324
39140	0.74156320
39141	0.74091554
39142	0.74043858
39143	0.74010462
39144	0.73989505
39145	0.73979717
39146	0.73980200
39147	0.73990202
39148	0.74008942
39149	0.74035496
39150	0.74068683
39151	0.74106991
39152	0.74148440
39153	0.74190575
39154	0.74230450
39155	0.74264526
39156	0.74288744
39157	0.74298501
39158	0.74288779
39159	0.74254137
39160	0.74188924
39161	0.74087393
39162	0.73943931
39163	0.73753268
39164	0.73510820
39165	0.73212940
39166	0.72857255
39167	0.72442967
39168	0.71971095
39169	0.71444744
39170	0.70869130
39171	0.70251626
39172	0.69601607
39173	0.68930179
39174	0.68249756
39175	0.67573601
39176	0.66915238
39177	0.66287863
39178	0.65703809
39179	0.65174019
39180	0.64707661
39181	0.64311790
39182	0.63991231
39183	0.63748425
39184	0.63583505
39185	0.63494343
39186	0.63476753
39187	0.63524616
39188	0.63630146
39189	0.63784075
39190	0.63975930
39191	0.64194244
39192	0.64426857
39193	0.64661169
39194	0.64884490
39195	0.65084338
39196	0.65248829
39197	0.65367073
39198	0.65429509
39199	0.65428340
39200	0.65357792
39201	0.65214407
39202	0.64997143
39203	0.64707392
39204	0.64348888
39205	0.63927394
39206	0.63450372
39207	0.62926525
39208	0.62365294
39209	0.61776376
39210	0.61169308
39211	0.60553050
39212	0.59935743
39213	0.59324509
39214	0.58725387
39215	0.58143306
39216	0.57582170
39217	0.57044953
39218	0.56533843
39219	0.56050390
39220	0.55595654
39221	0.55170304
39222	0.54774785
39223	0.54409319
39224	0.54074037
39225	0.53768921
39226	0.53493887
39227	0.53248680
39228	0.53032893
39229	0.52845860
39230	0.52686626
39231	0.52553856
39232	0.52445787
39233	0.52360159
39234	0.52294177
39235	0.52244496
39236	0.52207243
39237	0.52178031
39238	0.52152026
39239	0.52124053
39240	0.52088737
39241	0.52040625
39242	0.51974326
39243	0.51884735
39244	0.51767147
39245	0.51617467
39246	0.51432288
39247	0.51209068
39248	0.50946158
39249	0.50642914
39250	0.50299680
39251	0.49917799
39252	0.49499580
39253	0.49048227
39254	0.48567763
39255	0.48062900
39256	0.47538921
39257	0.47001544
39258	0.46456739
39259	0.45910567
39260	0.45369014
39261	0.44837821
39262	0.44322318
39263	0.43827286
39264	0.43356839
39265	0.42914325
39266	0.42502281
39267	0.42122361
39268	0.41775364
39269	0.41461250
39270	0.41179177
39271	0.40927589
39272	0.40704268
39273	0.40506470
39274	0.40330985
39275	0.40174258
39276	0.40032491
39277	0.39901704
39278	0.39777854
39279	0.39656889
39280	0.39534804
39281	0.39407712
39282	0.39271870
39283	0.39123744
39284	0.38960031
39285	0.38777703
39286	0.38574052
39287	0.38346741
39288	0.38093829
39289	0.37813830
39290	0.37505776
39291	0.37169239
39292	0.36804381
39293	0.36411959
39294	0.35993347
39295	0.35550520
39296	0.35086009
39297	0.34602839
39298	0.34104460
39299	0.33594665
39300	0.33077472
39301	0.32557037
39302	0.32037571
39303	0.31523260
39304	0.31018206
39305	0.30526406
39306	0.30051714
39307	0.29597864
39308	0.29168457
39309	0.28766987
39310	0.28396842
39311	0.28061289
39312	0.27763435
39313	0.27506158
39314	0.27292019
39315	0.27123109
39316	0.27000865
39317	0.26925865
39318	0.26897591
39319	0.26914158
39320	0.26972076
39321	0.27066049
39322	0.27188802
39323	0.27331045
39324	0.27481586
39325	0.27627543
39326	0.27754804
39327	0.27848572
39328	0.27894056
39329	0.27877182
39330	0.27785230
39331	0.27607408
39332	0.27335101
39333	0.26962045
39334	0.26484111
39335	0.25898987
39336	0.25205752
39337	0.24404283
39338	0.23494753
39339	0.22477099
39340	0.21350603
39341	0.20113610
39342	0.18763226
39343	0.17295372
39344	0.15704776
39345	0.13985260
39346	0.12130280
39347	0.10133767
39348	0.07991491
39349	0.05702893
39350	0.03274012
39351	0.00721407
39352	-0.01922230
39353	-0.04600240
39354	-0.07221817
39355	-0.09648500
39356	-0.11676927
39357	-0.13017429
39358	-0.13268103
39359	-0.11880367
39360	-0.08107195
39361	-0.00906486
39362	0.11283474
39363	0.31128752
39364	0.64153498
39365	1.25234127
39366	2.75540018
39367	NaN
39368	NaN
39369	NaN
39370	NaN
39371	NaN
39372	NaN
39373	NaN
39374	NaN
39375	NaN
39376	NaN
39377	NaN
39378	NaN
39379	NaN
39380	NaN
39381	NaN
39382	NaN
39383	NaN
39384	NaN
39385	NaN
39386	NaN
39387	NaN
39388	NaN
39389	NaN
39390	NaN
39391	NaN
39392	NaN
39393	NaN
39394	NaN
39395	NaN
39396	NaN
39397	NaN
39398	NaN
39399	NaN
39400	NaN
39401	NaN
39402	NaN
39403	NaN
39404	NaN
39405	NaN
39406	NaN
39407	NaN
39408	NaN
39409	NaN
39410	NaN
39411	NaN
39412	NaN
39413	NaN
39414	NaN
39415	NaN
39416	NaN
39417	NaN
39418	NaN
39419	NaN
39420	NaN
39421	NaN
39422	NaN
39423	NaN
39424	NaN
39425	NaN
39426	NaN
39427	NaN
39428	NaN
39429	NaN
39430	NaN
39431	NaN
39432	NaN
39433	NaN
39434	NaN
39435	NaN
39436	NaN
39437	NaN
39438	NaN
39439	NaN
39440	NaN
39441	NaN
39442	NaN
39443	NaN
39444	NaN
39445	NaN
39446	NaN
39447	NaN
39448	NaN
39449	NaN
39450	NaN
39451	NaN
39452	NaN
39453	NaN
39454	NaN
39455	NaN
39456	4.02863026
39457	1.32303119
39458	1.01431358
39459	0.89634103
39460	0.83501995
39461	0.79820299
39462	0.77425164
39463	0.75791329
39464	0.74645835
39465	0.73832136
39466	0.73253578
39467	0.72847110
39468	0.72569752
39469	0.72391260
39470	0.72289795
39471	0.72249365
39472	0.72258049
39473	0.72306949
39474	0.72389352
39475	0.72500169
39476	0.72635484
39477	0.72792244
39478	0.72967905
39479	0.73160261
39480	0.73367196
39481	0.73586541
39482	0.73815846
39483	0.74052280
39484	0.74292511
39485	0.74532545
39486	0.74767661
39487	0.74992353
39488	0.75200319
39489	0.75384426
39490	0.75536859
39491	0.75649214
39492	0.75712729
39493	0.75718600
39494	0.75658298
39495	0.75524086
39496	0.75309438
39497	0.75009578
39498	0.74621993
39499	0.74146777
39500	0.73586994
39501	0.72948784
39502	0.72241300
39503	0.71476495
39504	0.70668638
39505	0.69833773
39506	0.68988985
39507	0.68151689
39508	0.67338890
39509	0.66566527
39510	0.65848887
39511	0.65198189
39512	0.64624262
39513	0.64134407
39514	0.63733286
39515	0.63422990
39516	0.63203090
39517	0.63070804
39518	0.63021183
39519	0.63047248
39520	0.63140243
39521	0.63289875
39522	0.63484520
39523	0.63711566
39524	0.63957697
39525	0.64209270
39526	0.64452702
39527	0.64674866
39528	0.64863545
39529	0.65007788
39530	0.65098321
39531	0.65127838
39532	0.65091175
39533	0.64985484
39534	0.64810139
39535	0.64566720
39536	0.64258689
39537	0.63891184
39538	0.63470620
39539	0.63004333
39540	0.62500238
39541	0.61966437
39542	0.61410975
39543	0.60841590
39544	0.60265487
39545	0.59689271
39546	0.59118831
39547	0.58559340
39548	0.58015227
39549	0.57490224
39550	0.56987417
39551	0.56509262
39552	0.56057692
39553	0.55634135
39554	0.55239528
39555	0.54874396
39556	0.54538834
39557	0.54232502
39558	0.53954643
39559	0.53704053
39560	0.53479093
39561	0.53277659
39562	0.53097242
39563	0.52934903
39564	0.52787364
39565	0.52651054
39566	0.52522200
39567	0.52396923
39568	0.52271324
39569	0.52141601
39570	0.52004158
39571	0.51855659
39572	0.51693124
39573	0.51513976
39574	0.51316082
39575	0.51097763
39576	0.50857818
39577	0.50595534
39578	0.50310665
39579	0.50003415
39580	0.49674463
39581	0.49324918
39582	0.48956326
39583	0.48570648
39584	0.48170227
39585	0.47757784
39586	0.47336349
39587	0.46909234
39588	0.46479958
39589	0.46052149
39590	0.45629466
39591	0.45215493
39592	0.44813606
39593	0.44426879
39594	0.44057986
39595	0.43709099
39596	0.43381822
39597	0.43077156
39598	0.42795461
39599	0.42536485
39600	0.42299363
39601	0.42082673
39602	0.41884500
39603	0.41702464
39604	0.41533846
39605	0.41375610
39606	0.41224506
39607	0.41077122
39608	0.40929964
39609	0.40779525
39610	0.40622345
39611	0.40455070
39612	0.40274525
39613	0.40077746
39614	0.39862075
39615	0.39625141
39616	0.39364958
39617	0.39079899
39618	0.38768762
39619	0.38430783
39620	0.38065636
39621	0.37673476
39622	0.37254953
39623	0.36811256
39624	0.36344093
39625	0.35855737
39626	0.35349017
39627	0.34827286
39628	0.34294382
39629	0.33754584
39630	0.33212498
39631	0.32673004
39632	0.32141107
39633	0.31621891
39634	0.31120372
39635	0.30641446
39636	0.30189794
39637	0.29769853
39638	0.29385751
39639	0.29041284
39640	0.28739893
39641	0.28484645
39642	0.28278196
39643	0.28122780
39644	0.28020152
39645	0.27971539
39646	0.27977517
39647	0.28037947
39648	0.28151774
39649	0.28316882
39650	0.28529936
39651	0.28786129
39652	0.29079109
39653	0.29400790
39654	0.29741353
39655	0.30089322
39656	0.30431700
39657	0.30754346
39658	0.31042311
39659	0.31280416
39660	0.31453726
39661	0.31548110
39662	0.31550699
39663	0.31450218
39664	0.31237176
39665	0.30903932
39666	0.30444598
39667	0.29854831
39668	0.29131550
39669	0.28272644
39670	0.27276659
39671	0.26142573
39672	0.24869616
39673	0.23457202
39674	0.21904981
39675	0.20213036
39676	0.18382308
39677	0.16415063
39678	0.14315818
39679	0.12092482
39680	0.09757645
39681	0.07330642
39682	0.04839616
39683	0.02324301
39684	-0.00161204
39685	-0.02545243
39686	-0.04735756
39687	-0.06618274
39688	-0.08054504
39689	-0.08883110
39690	-0.08921072
39691	-0.07965844
39692	-0.05795593
39693	-0.02162127
39694	0.03231210
39695	0.10782989
39696	0.21109714
39697	0.35305470
39698	0.55575740
39699	0.87071079
39700	1.44866848
39701	2.98092842
39702	NaN
39703	NaN
39704	NaN
39705	NaN
39706	NaN
39707	NaN
39708	NaN
39709	NaN
39710	NaN
39711	NaN
39712	NaN
39713	NaN
39714	NaN
39715	NaN
39716	NaN
39717	NaN
39718	NaN
39719	NaN
39720	NaN
39721	NaN
39722	NaN
39723	NaN
39724	NaN
39725	NaN
39726	NaN
39727	NaN
39728	NaN
39729	NaN
39730	NaN
39731	NaN
39732	NaN
39733	NaN
39734	NaN
39735	NaN
39736	NaN
39737	NaN
39738	NaN
39739	NaN
39740	NaN
39741	NaN
39742	NaN
39743	NaN
39744	NaN
39745	NaN
39746	NaN
39747	NaN
39748	NaN
39749	NaN
39750	NaN
39751	NaN
39752	NaN
39753	NaN
39754	NaN
39755	NaN
39756	NaN
39757	NaN
39758	NaN
39759	NaN
39760	NaN
39761	NaN
39762	NaN
39763	NaN
39764	NaN
39765	NaN
39766	NaN
39767	NaN
39768	NaN
39769	NaN
39770	NaN
39771	NaN
39772	NaN
39773	NaN
39774	NaN
39775	NaN
39776	NaN
39777	NaN
39778	NaN
39779	NaN
39780	NaN
39781	NaN
39782	NaN
39783	NaN
39784	NaN
39785	NaN
39786	NaN
39787	NaN
39788	1.34017718
39789	1.01326287
39790	0.89991140
39791	0.84284586
39792	0.80882180
39793	0.78647906
39794	0.77087075
39795	0.75949264
39796	0.75093961
39797	0.74436170
39798	0.73921472
39799	0.73513514
39800	0.73187166
39801	0.72924650
39802	0.72713095
39803	0.72543108
39804	0.72407734
39805	0.72301781
39806	0.72221339
39807	0.72163379
39808	0.72125512
39809	0.72105736
39810	0.72102219
39811	0.72113174
39812	0.72136736
39813	0.72170806
39814	0.72213006
39815	0.72260612
39816	0.72310501
39817	0.72359097
39818	0.72402412
39819	0.72436005
39820	0.72455055
39821	0.72454381
39822	0.72428590
39823	0.72372115
39824	0.72279447
39825	0.72145319
39826	0.71964914
39827	0.71734148
39828	0.71449983
39829	0.71110678
39830	0.70716089
39831	0.70267868
39832	0.69769573
39833	0.69226772
39834	0.68646890
39835	0.68039012
39836	0.67413568
39837	0.66781902
39838	0.66155791
39839	0.65546942
39840	0.64966506
39841	0.64424616
39842	0.63930041
39843	0.63489878
39844	0.63109410
39845	0.62791926
39846	0.62538797
39847	0.62349415
39848	0.62221354
39849	0.62150496
39850	0.62131155
39851	0.62156302
39852	0.62217724
39853	0.62306273
39854	0.62412101
39855	0.62524909
39856	0.62634224
39857	0.62729734
39858	0.62801564
39859	0.62840635
39860	0.62838978
39861	0.62790024
39862	0.62688881
39863	0.62532467
39864	0.62319672
39865	0.62051302
39866	0.61730003
39867	0.61360031
39868	0.60946989
39869	0.60497487
39870	0.60018730
39871	0.59518188
39872	0.59003258
39873	0.58480912
39874	0.57957554
39875	0.57438761
39876	0.56929302
39877	0.56432986
39878	0.55952805
39879	0.55490899
39880	0.55048746
39881	0.54627198
39882	0.54226649
39883	0.53847158
39884	0.53488505
39885	0.53150344
39886	0.52832240
39887	0.52533704
39888	0.52254254
39889	0.51993364
39890	0.51750499
39891	0.51525044
39892	0.51316279
39893	0.51123303
39894	0.50945002
39895	0.50779980
39896	0.50626534
39897	0.50482601
39898	0.50345767
39899	0.50213283
39900	0.50082088
39901	0.49948874
39902	0.49810168
39903	0.49662411
39904	0.49502110
39905	0.49325916
39906	0.49130762
39907	0.48913968
39908	0.48673350
39909	0.48407289
39910	0.48114815
39911	0.47795618
39912	0.47450083
39913	0.47079295
39914	0.46685004
39915	0.46269596
39916	0.45836020
39917	0.45387730
39918	0.44928589
39919	0.44462770
39920	0.43994641
39921	0.43528631
39922	0.43069124
39923	0.42620313
39924	0.42186069
39925	0.41769844
39926	0.41374558
39927	0.41002506
39928	0.40655327
39929	0.40333939
39930	0.40038556
39931	0.39768693
39932	0.39523211
39933	0.39300370
39934	0.39097905
39935	0.38913104
39936	0.38742942
39937	0.38584098
39938	0.38433126
39939	0.38286492
39940	0.38140681
39941	0.37992278
39942	0.37837988
39943	0.37674758
39944	0.37499759
39945	0.37310487
39946	0.37104762
39947	0.36880776
39948	0.36637139
39949	0.36372879
39950	0.36087474
39951	0.35780880
39952	0.35453504
39953	0.35106212
39954	0.34740308
39955	0.34357488
39956	0.33959803
39957	0.33549619
39958	0.33129522
39959	0.32702309
39960	0.32270867
39961	0.31838170
39962	0.31407198
39963	0.30980888
39964	0.30562115
39965	0.30153650
39966	0.29758129
39967	0.29378062
39968	0.29015782
39969	0.28673473
39970	0.28353119
39971	0.28056505
39972	0.27785203
39973	0.27540532
39974	0.27323520
39975	0.27134871
39976	0.26974878
39977	0.26843396
39978	0.26739714
39979	0.26662490
39980	0.26609641
39981	0.26578259
39982	0.26564547
39983	0.26563767
39984	0.26570234
39985	0.26577398
39986	0.26577929
39987	0.26563922
39988	0.26527163
39989	0.26459354
39990	0.26352495
39991	0.26199138
39992	0.25992653
39993	0.25727460
39994	0.25399107
39995	0.25004315
39996	0.24540904
39997	0.24007683
39998	0.23404200
39999	0.22730616
40000	0.21987428
40001	0.21175326
40002	0.20295043
40003	0.19347319
40004	0.18332964
40005	0.17253016
40006	0.16109003
40007	0.14903444
40008	0.13640431
40009	0.12326521
40010	0.10971834
40011	0.09591387
40012	0.08206853
40013	0.06848416
40014	0.05556924
40015	0.04385933
40016	0.03403554
40017	0.02693518
40018	0.02354793
40019	0.02499656
40020	0.03249320
40021	0.04728265
40022	0.07057629
40023	0.10351166
40024	0.14717588
40025	0.20275006
40026	0.27186984
40027	0.35736087
40028	0.46478260
40029	0.60599118
40030	0.80899215
40031	1.15369999
40032	1.97809303
40033	NaN
40034	NaN
40035	NaN
40036	NaN
40037	NaN
40038	NaN
40039	NaN
40040	NaN
40041	NaN
40042	NaN
40043	NaN
40044	NaN
40045	NaN
40046	NaN
40047	NaN
40048	NaN
40049	NaN
40050	NaN
40051	NaN
40052	NaN
40053	NaN
40054	NaN
40055	NaN
40056	NaN
40057	NaN
40058	NaN
40059	NaN
40060	NaN
40061	NaN
40062	NaN
40063	NaN
40064	NaN
40065	NaN
40066	NaN
40067	NaN
40068	NaN
40069	NaN
40070	NaN
40071	NaN
40072	NaN
40073	NaN
40074	NaN
40075	NaN
40076	NaN
40077	NaN
40078	NaN
40079	NaN
40080	NaN
40081	NaN
40082	NaN
40083	NaN
40084	NaN
40085	NaN
40086	NaN
40087	NaN
40088	NaN
40089	NaN
40090	NaN
40091	NaN
40092	NaN
40093	NaN
40094	NaN
40095	NaN
40096	NaN
40097	NaN
40098	NaN
40099	NaN
40100	NaN
40101	NaN
40102	NaN
40103	NaN
40104	NaN
40105	NaN
40106	NaN
40107	NaN
40108	NaN
40109	NaN
40110	NaN
40111	NaN
40112	NaN
40113	2.75145745
40114	1.25604427
40115	0.99925369
40116	0.89475304
40117	0.83929640
40118	0.80581057
40119	0.78406972
40120	0.76934421
40121	0.75913751
40122	0.75200176
40123	0.74703550
40124	0.74364537
40125	0.74142325
40126	0.74007797
40127	0.73939604
40128	0.73921710
40129	0.73941875
40130	0.73990631
40131	0.74060589
40132	0.74145913
40133	0.74241978
40134	0.74345082
40135	0.74452186
40136	0.74560702
40137	0.74668372
40138	0.74773043
40139	0.74872565
40140	0.74964643
40141	0.75046724
40142	0.75115937
40143	0.75168979
40144	0.75202125
40145	0.75211197
40146	0.75191617
40147	0.75138503
40148	0.75046825
40149	0.74911547
40150	0.74727947
40151	0.74491799
40152	0.74199730
40153	0.73849458
40154	0.73440135
40155	0.72972536
40156	0.72449243
40157	0.71874762
40158	0.71255493
40159	0.70599622
40160	0.69916928
40161	0.69218409
40162	0.68515933
40163	0.67821789
40164	0.67148232
40165	0.66506994
40166	0.65908891
40167	0.65363485
40168	0.64878714
40169	0.64460754
40170	0.64113820
40171	0.63840091
40172	0.63639724
40173	0.63510865
40174	0.63449758
40175	0.63450849
40176	0.63506979
40177	0.63609535
40178	0.63748753
40179	0.63913935
40180	0.64093786
40181	0.64276743
40182	0.64451325
40183	0.64606524
40184	0.64732116
40185	0.64819038
40186	0.64859641
40187	0.64847916
40188	0.64779669
40189	0.64652556
40190	0.64466101
40191	0.64221549
40192	0.63921785
40193	0.63571012
40194	0.63174576
40195	0.62738627
40196	0.62269855
40197	0.61775219
40198	0.61261725
40199	0.60736173
40200	0.60205019
40201	0.59674239
40202	0.59149224
40203	0.58634734
40204	0.58134854
40205	0.57652992
40206	0.57191914
40207	0.56753713
40208	0.56339902
40209	0.55951422
40210	0.55588716
40211	0.55251753
40212	0.54940069
40213	0.54652810
40214	0.54388762
40215	0.54146373
40216	0.53923768
40217	0.53718781
40218	0.53528994
40219	0.53351766
40220	0.53184271
40221	0.53023589
40222	0.52866727
40223	0.52710783
40224	0.52552897
40225	0.52390432
40226	0.52220976
40227	0.52042395
40228	0.51852870
40229	0.51650900
40230	0.51435328
40231	0.51205307
40232	0.50960314
40233	0.50700122
40234	0.50424796
40235	0.50134683
40236	0.49830380
40237	0.49512777
40238	0.49183023
40239	0.48842549
40240	0.48493060
40241	0.48136532
40242	0.47775224
40243	0.47411606
40244	0.47048363
40245	0.46688312
40246	0.46334285
40247	0.45989084
40248	0.45655331
40249	0.45335358
40250	0.45031103
40251	0.44744012
40252	0.44474941
40253	0.44224125
40254	0.43991145
40255	0.43774953
40256	0.43573886
40257	0.43385738
40258	0.43207854
40259	0.43037203
40260	0.42870489
40261	0.42704263
40262	0.42534989
40263	0.42359149
40264	0.42173326
40265	0.41974252
40266	0.41758901
40267	0.41524515
40268	0.41268712
40269	0.40989494
40270	0.40685344
40271	0.40355256
40272	0.39998779
40273	0.39616057
40274	0.39207852
40275	0.38775516
40276	0.38320991
40277	0.37846744
40278	0.37355736
40279	0.36851305
40280	0.36337113
40281	0.35817054
40282	0.35295120
40283	0.34775400
40284	0.34261918
40285	0.33758602
40286	0.33269253
40287	0.32797438
40288	0.32346502
40289	0.31919488
40290	0.31519142
40291	0.31147850
40292	0.30807659
40293	0.30500215
40294	0.30226791
40295	0.29988256
40296	0.29785082
40297	0.29617354
40298	0.29484746
40299	0.29386553
40300	0.29321641
40301	0.29288483
40302	0.29285091
40303	0.29309005
40304	0.29357225
40305	0.29426160
40306	0.29511562
40307	0.29608467
40308	0.29711166
40309	0.29813150
40310	0.29907182
40311	0.29985338
40312	0.30039182
40313	0.30059904
40314	0.30038625
40315	0.29966629
40316	0.29835680
40317	0.29638255
40318	0.29367736
40319	0.29018578
40320	0.28586265
40321	0.28067282
40322	0.27458933
40323	0.26759112
40324	0.25966018
40325	0.25077924
40326	0.24092923
40327	0.23008741
40328	0.21822664
40329	0.20531499
40330	0.19131695
40331	0.17619547
40332	0.15991443
40333	0.14244281
40334	0.12375928
40335	0.10385843
40336	0.08275631
40337	0.06049882
40338	0.03717110
40339	0.01290642
40340	-0.01210129
40341	-0.03758598
40342	-0.06319704
40343	-0.08848676
40344	-0.11290227
40345	-0.13577768
40346	-0.15633725
40347	-0.17369227
40348	-0.18684845
40349	-0.19469394
40350	-0.19594127
40351	-0.18897101
40352	-0.17140260
40353	-0.13895805
40354	-0.08195536
40355	0.02876417
40356	0.34044990
40357	NaN
40358	NaN
40359	NaN
40360	NaN
40361	NaN
40362	NaN
40363	NaN
40364	NaN
40365	NaN
40366	NaN
40367	NaN
40368	NaN
40369	NaN
40370	NaN
40371	NaN
40372	NaN
40373	NaN
40374	NaN
40375	NaN
40376	NaN
40377	NaN
40378	NaN
40379	NaN
40380	NaN
40381	NaN
40382	NaN
40383	NaN
40384	NaN
40385	NaN
40386	NaN
40387	NaN
40388	NaN
40389	NaN
40390	NaN
40391	NaN
40392	NaN
40393	NaN
40394	NaN
40395	NaN
40396	NaN
40397	NaN
40398	NaN
40399	NaN
40400	NaN
40401	NaN
40402	NaN
40403	NaN
40404	NaN
40405	NaN
40406	NaN
40407	NaN
40408	NaN
40409	NaN
40410	NaN
40411	NaN
40412	NaN
40413	NaN
40414	NaN
40415	NaN
40416	NaN
40417	NaN
40418	NaN
40419	NaN
40420	NaN
40421	NaN
40422	NaN
40423	NaN
40424	NaN
40425	NaN
40426	NaN
40427	NaN
40428	NaN
40429	NaN
40430	NaN
40431	NaN
40432	NaN
40433	NaN
40434	NaN
40435	NaN
40436	NaN
40437	NaN
40438	NaN
40439	NaN
40440	NaN
40441	NaN
40442	NaN
40443	NaN
40444	1.58593810
40445	0.94954818
40446	0.83794487
40447	0.79239213
40448	0.76811051
40449	0.75329232
40450	0.74347484
40451	0.73660010
40452	0.73158997
40453	0.72782701
40454	0.72493452
40455	0.72267103
40456	0.72087705
40457	0.71944404
40458	0.71829742
40459	0.71738559
40460	0.71667325
40461	0.71613634
40462	0.71575880
40463	0.71553040
40464	0.71544397
40465	0.71549469
40466	0.71567756
40467	0.71598685
40468	0.71641439
40469	0.71694881
40470	0.71757454
40471	0.71827126
40472	0.71901298
40473	0.71976840
40474	0.72050041
40475	0.72116613
40476	0.72171783
40477	0.72210288
40478	0.72226512
40479	0.72214592
40480	0.72168595
40481	0.72082657
40482	0.71951264
40483	0.71769500
40484	0.71533304
40485	0.71239787
40486	0.70887554
40487	0.70476890
40488	0.70010012
40489	0.69491178
40490	0.68926662
40491	0.68324649
40492	0.67694998
40493	0.67048931
40494	0.66398543
40495	0.65756363
40496	0.65134841
40497	0.64545852
40498	0.64000279
40499	0.63507611
40500	0.63075656
40501	0.62710357
40502	0.62415648
40503	0.62193400
40504	0.62043440
40505	0.61963588
40506	0.61949784
40507	0.61996198
40508	0.62095392
40509	0.62238508
40510	0.62415487
40511	0.62615317
40512	0.62826335
40513	0.63036513
40514	0.63233846
40515	0.63406694
40516	0.63544208
40517	0.63636714
40518	0.63676077
40519	0.63656002
40520	0.63572317
40521	0.63423038
40522	0.63208437
40523	0.62930924
40524	0.62594807
40525	0.62206012
40526	0.61771649
40527	0.61299640
40528	0.60798264
40529	0.60275769
40530	0.59740078
40531	0.59198463
40532	0.58657396
40533	0.58122450
40534	0.57598215
40535	0.57088357
40536	0.56595677
40537	0.56122172
40538	0.55669183
40539	0.55237514
40540	0.54827505
40541	0.54439211
40542	0.54072428
40543	0.53726816
40544	0.53401929
40545	0.53097272
40546	0.52812272
40547	0.52546322
40548	0.52298748
40549	0.52068740
40550	0.51855350
40551	0.51657432
40552	0.51473588
40553	0.51302147
40554	0.51141107
40555	0.50988150
40556	0.50840640
40557	0.50695616
40558	0.50549883
40559	0.50400043
40560	0.50242591
40561	0.50074035
40562	0.49890959
40563	0.49690163
40564	0.49468771
40565	0.49224308
40566	0.48954806
40567	0.48658869
40568	0.48335740
40569	0.47985336
40570	0.47608271
40571	0.47205862
40572	0.46780136
40573	0.46333775
40574	0.45870057
40575	0.45392796
40576	0.44906223
40577	0.44414863
40578	0.43923420
40579	0.43436581
40580	0.42958921
40581	0.42494702
40582	0.42047754
40583	0.41621351
40584	0.41218090
40585	0.40839836
40586	0.40487680
40587	0.40161917
40588	0.39862081
40589	0.39587003
40590	0.39334860
40591	0.39103320
40592	0.38889593
40593	0.38690591
40594	0.38503018
40595	0.38323468
40596	0.38148537
40597	0.37974900
40598	0.37799382
40599	0.37618995
40600	0.37430990
40601	0.37232894
40602	0.37022504
40603	0.36797914
40604	0.36557525
40605	0.36300033
40606	0.36024451
40607	0.35730088
40608	0.35416585
40609	0.35083875
40610	0.34732220
40611	0.34362173
40612	0.33974588
40613	0.33570600
40614	0.33151603
40615	0.32719260
40616	0.32275459
40617	0.31822327
40618	0.31362188
40619	0.30897588
40620	0.30431268
40621	0.29966164
40622	0.29505399
40623	0.29052255
40624	0.28610170
40625	0.28182685
40626	0.27773425
40627	0.27386045
40628	0.27024174
40629	0.26691350
40630	0.26390946
40631	0.26126078
40632	0.25899494
40633	0.25713485
40634	0.25569701
40635	0.25469062
40636	0.25411507
40637	0.25395912
40638	0.25419849
40639	0.25479445
40640	0.25569260
40641	0.25682214
40642	0.25809559
40643	0.25940987
40644	0.26064816
40645	0.26168275
40646	0.26237923
40647	0.26260132
40648	0.26221603
40649	0.26109904
40650	0.25913954
40651	0.25624371
40652	0.25233737
40653	0.24736667
40654	0.24129789
40655	0.23411459
40656	0.22581561
40657	0.21641126
40658	0.20591927
40659	0.19436277
40660	0.18176652
40661	0.16815695
40662	0.15356116
40663	0.13800915
40664	0.12153784
40665	0.10419655
40666	0.08605611
40667	0.06722019
40668	0.04784056
40669	0.02813915
40670	0.00843142
40671	-0.01084025
40672	-0.02906734
40673	-0.04542481
40674	-0.05881234
40675	-0.06777754
40676	-0.07041556
40677	-0.06422776
40678	-0.04589084
40679	-0.01085288
40680	0.04747114
40681	0.13942966
40682	0.28323346
40683	0.51605678
40684	0.93084437
40685	1.85029125
40686	NaN
40687	NaN
40688	NaN
40689	NaN
40690	NaN
40691	NaN
40692	NaN
40693	NaN
40694	NaN
40695	NaN
40696	NaN
40697	NaN
40698	NaN
40699	NaN
40700	NaN
40701	NaN
40702	NaN
40703	NaN
40704	NaN
40705	NaN
40706	NaN
40707	NaN
40708	NaN
40709	NaN
40710	NaN
40711	NaN
40712	NaN
40713	NaN
40714	NaN
40715	NaN
40716	NaN
40717	NaN
40718	NaN
40719	NaN
40720	NaN
40721	NaN
40722	NaN
40723	NaN
40724	NaN
40725	NaN
40726	NaN
40727	NaN
40728	NaN
40729	NaN
40730	NaN
40731	NaN
40732	NaN
40733	NaN
40734	NaN
40735	NaN
40736	NaN
40737	NaN
40738	NaN
40739	NaN
40740	NaN
40741	NaN
40742	NaN
40743	NaN
40744	NaN
40745	NaN
40746	NaN
40747	NaN
40748	NaN
40749	NaN
40750	NaN
40751	NaN
40752	NaN
40753	NaN
40754	NaN
40755	NaN
40756	NaN
40757	NaN
40758	NaN
40759	NaN
40760	NaN
40761	NaN
40762	NaN
40763	NaN
40764	NaN
40765	0.85926288
40766	0.78944445
40767	0.77074301
40768	0.76112962
40769	0.75496054
40770	0.75059485
40771	0.74736917
40772	0.74495524
40773	0.74316490
40774	0.74187762
40775	0.74100918
40776	0.74049586
40777	0.74028766
40778	0.74034321
40779	0.74062771
40780	0.74111140
40781	0.74176860
40782	0.74257648
40783	0.74351507
40784	0.74456590
40785	0.74571168
40786	0.74693555
40787	0.74821997
40788	0.74954599
40789	0.75089252
40790	0.75223494
40791	0.75354493
40792	0.75478935
40793	0.75592959
40794	0.75692171
40795	0.75771630
40796	0.75825888
40797	0.75849092
40798	0.75835133
40799	0.75777811
40800	0.75671107
40801	0.75509447
40802	0.75287998
40803	0.75003028
40804	0.74652225
40805	0.74234939
40806	0.73752499
40807	0.73208320
40808	0.72607958
40809	0.71959126
40810	0.71271443
40811	0.70556158
40812	0.69825780
40813	0.69093603
40814	0.68373203
40815	0.67677909
40816	0.67020345
40817	0.66411996
40818	0.65862823
40819	0.65381014
40820	0.64972746
40821	0.64642096
40822	0.64390957
40823	0.64219064
40824	0.64124024
40825	0.64101434
40826	0.64144993
40827	0.64246684
40828	0.64396977
40829	0.64585060
40830	0.64799166
40831	0.65026838
40832	0.65255368
40833	0.65472150
40834	0.65665102
40835	0.65823078
40836	0.65936267
40837	0.65996522
40838	0.65997618
40839	0.65935433
40840	0.65808004
40841	0.65615517
40842	0.65360141
40843	0.65045792
40844	0.64677888
40845	0.64262927
40846	0.63808197
40847	0.63321388
40848	0.62810254
40849	0.62282372
40850	0.61744863
40851	0.61204255
40852	0.60666347
40853	0.60136157
40854	0.59617889
40855	0.59114963
40856	0.58630031
40857	0.58165044
40858	0.57721311
40859	0.57299566
40860	0.56900048
40861	0.56522530
40862	0.56166434
40863	0.55830818
40864	0.55514479
40865	0.55215973
40866	0.54933661
40867	0.54665738
40868	0.54410285
40869	0.54165292
40870	0.53928697
40871	0.53698421
40872	0.53472418
40873	0.53248662
40874	0.53025252
40875	0.52800363
40876	0.52572322
40877	0.52339607
40878	0.52100843
40879	0.51854843
40880	0.51600575
40881	0.51337194
40882	0.51064020
40883	0.50780559
40884	0.50486523
40885	0.50181830
40886	0.49866647
40887	0.49541372
40888	0.49206668
40889	0.48863500
40890	0.48513103
40891	0.48157015
40892	0.47797057
40893	0.47435302
40894	0.47074065
40895	0.46715829
40896	0.46363193
40897	0.46018791
40898	0.45685190
40899	0.45364815
40900	0.45059788
40901	0.44771913
40902	0.44502488
40903	0.44252297
40904	0.44021511
40905	0.43809673
40906	0.43615669
40907	0.43437752
40908	0.43273601
40909	0.43120351
40910	0.42974716
40911	0.42833084
40912	0.42691615
40913	0.42546377
40914	0.42393455
40915	0.42229080
40916	0.42049703
40917	0.41852102
40918	0.41633460
40919	0.41391402
40920	0.41124052
40921	0.40830073
40922	0.40508652
40923	0.40159565
40924	0.39783120
40925	0.39380205
40926	0.38952240
40927	0.38501197
40928	0.38029537
40929	0.37540194
40930	0.37036526
40931	0.36522248
40932	0.36001369
40933	0.35478100
40934	0.34956786
40935	0.34441796
40936	0.33937454
40937	0.33447972
40938	0.32977334
40939	0.32529280
40940	0.32107237
40941	0.31714299
40942	0.31353182
40943	0.31026220
40944	0.30735368
40945	0.30482161
40946	0.30267730
40947	0.30092782
40948	0.29957578
40949	0.29861888
40950	0.29804981
40951	0.29785568
40952	0.29801741
40953	0.29850960
40954	0.29929954
40955	0.30034703
40956	0.30160406
40957	0.30301452
40958	0.30451435
40959	0.30603182
40960	0.30748874
40961	0.30880105
40962	0.30988100
40963	0.31063923
40964	0.31098703
40965	0.31083935
40966	0.31011784
40967	0.30875340
40968	0.30668902
40969	0.30388200
40970	0.30030504
40971	0.29594719
40972	0.29081398
40973	0.28492618
40974	0.27831843
40975	0.27103728
40976	0.26313895
40977	0.25468665
40978	0.24574891
40979	0.23639685
40980	0.22670360
40981	0.21674280
40982	0.20658937
40983	0.19631995
40984	0.18601458
40985	0.17575970
40986	0.16565092
40987	0.15579768
40988	0.14632705
40989	0.13738866
40990	0.12915869
40991	0.12184451
40992	0.11568793
40993	0.11096694
40994	0.10799756
40995	0.10713384
40996	0.10876697
40997	0.11332485
40998	0.12127199
40999	0.13311580
41000	0.14941823
41001	0.17082512
41002	0.19812511
41003	0.23235185
41004	0.27498490
41005	0.32831660
41006	0.39619368
41007	0.48563206
41008	0.61078590
41009	0.80466133
41010	1.16474593
41011	2.15493894
41012	NaN
41013	NaN
41014	NaN
41015	NaN
41016	NaN
41017	NaN
41018	NaN
41019	NaN
41020	NaN
41021	NaN
41022	NaN
41023	NaN
41024	NaN
41025	NaN
41026	NaN
41027	NaN
41028	NaN
41029	NaN
41030	NaN
41031	NaN
41032	NaN
41033	NaN
41034	NaN
41035	NaN
41036	NaN
41037	NaN
41038	NaN
41039	NaN
41040	NaN
41041	NaN
41042	NaN
41043	NaN
41044	NaN
41045	NaN
41046	NaN
41047	NaN
41048	NaN
41049	NaN
41050	NaN
41051	NaN
41052	NaN
41053	NaN
41054	NaN
41055	NaN
41056	NaN
41057	NaN
41058	NaN
41059	NaN
41060	NaN
41061	NaN
41062	NaN
41063	NaN
41064	NaN
41065	NaN
41066	NaN
41067	NaN
41068	NaN
41069	NaN
41070	NaN
41071	NaN
41072	NaN
41073	NaN
41074	NaN
41075	NaN
41076	NaN
41077	NaN
41078	NaN
41079	NaN
41080	NaN
41081	NaN
41082	NaN
41083	NaN
41084	NaN
41085	NaN
41086	NaN
41087	NaN
41088	NaN
41089	NaN
41090	NaN
41091	NaN
41092	NaN
41093	NaN
41094	NaN
41095	NaN
41096	NaN
41097	1.28417671
41098	0.93862003
41099	0.84098315
41100	0.79732436
41101	0.77393413
41102	0.76018530
41103	0.75166655
41104	0.74622172
41105	0.74267709
41106	0.74034345
41107	0.73879433
41108	0.73775625
41109	0.73704946
41110	0.73655456
41111	0.73619252
41112	0.73591137
41113	0.73567826
41114	0.73547322
41115	0.73528576
41116	0.73511130
41117	0.73494935
41118	0.73480159
41119	0.73467070
41120	0.73455900
41121	0.73446727
41122	0.73439407
41123	0.73433465
41124	0.73428029
41125	0.73421764
41126	0.73412842
41127	0.73398864
41128	0.73376882
41129	0.73343414
41130	0.73294437
41131	0.73225498
41132	0.73131764
41133	0.73008204
41134	0.72849768
41135	0.72651589
41136	0.72409219
41137	0.72118974
41138	0.71778184
41139	0.71385515
41140	0.70941234
41141	0.70447409
41142	0.69908065
41143	0.69329154
41144	0.68718505
41145	0.68085569
41146	0.67441106
41147	0.66796732
41148	0.66164488
41149	0.65556300
41150	0.64983529
41151	0.64456528
41152	0.63984251
41153	0.63574010
41154	0.63231212
41155	0.62959290
41156	0.62759602
41157	0.62631500
41158	0.62572324
41159	0.62577599
41160	0.62641108
41161	0.62755084
41162	0.62910402
41163	0.63096809
41164	0.63303137
41165	0.63517570
41166	0.63727939
41167	0.63922065
41168	0.64088088
41169	0.64214844
41170	0.64292318
41171	0.64311916
41172	0.64266950
41173	0.64152801
41174	0.63967216
41175	0.63710308
41176	0.63384563
41177	0.62994641
41178	0.62547070
41179	0.62049872
41180	0.61512107
41181	0.60943419
41182	0.60353553
41183	0.59751981
41184	0.59147531
41185	0.58548170
41186	0.57960802
41187	0.57391208
41188	0.56844008
41189	0.56322747
41190	0.55829942
41191	0.55367225
41192	0.54935467
41193	0.54534912
41194	0.54165304
41195	0.53826004
41196	0.53516066
41197	0.53234351
41198	0.52979553
41199	0.52750206
41200	0.52544749
41201	0.52361482
41202	0.52198553
41203	0.52053928
41204	0.51925367
41205	0.51810384
41206	0.51706213
41207	0.51609820
41208	0.51517898
41209	0.51426899
41210	0.51333082
41211	0.51232553
41212	0.51121390
41213	0.50995737
41214	0.50851876
41215	0.50686383
41216	0.50496191
41217	0.50278747
41218	0.50032043
41219	0.49754736
41220	0.49446177
41221	0.49106470
41222	0.48736480
41223	0.48337811
41224	0.47912818
41225	0.47464532
41226	0.46996588
41227	0.46513176
41228	0.46018901
41229	0.45518681
41230	0.45017618
41231	0.44520858
41232	0.44033450
41233	0.43560219
41234	0.43105605
41235	0.42673561
41236	0.42267433
41237	0.41889861
41238	0.41542703
41239	0.41227022
41240	0.40943033
41241	0.40690139
41242	0.40466958
41243	0.40271387
41244	0.40100688
41245	0.39951569
41246	0.39820310
41247	0.39702842
41248	0.39594865
41249	0.39491978
41250	0.39389744
41251	0.39283803
41252	0.39169934
41253	0.39044151
41254	0.38902748
41255	0.38742340
41256	0.38559926
41257	0.38352910
41258	0.38119146
41259	0.37856960
41260	0.37565187
41261	0.37243217
41262	0.36890996
41263	0.36509073
41264	0.36098599
41265	0.35661322
41266	0.35199553
41267	0.34716129
41268	0.34214324
41269	0.33697790
41270	0.33170426
41271	0.32636306
41272	0.32099572
41273	0.31564349
41274	0.31034696
41275	0.30514550
41276	0.30007705
41277	0.29517815
41278	0.29048380
41279	0.28602791
41280	0.28184292
41281	0.27796009
41282	0.27440935
41283	0.27121902
41284	0.26841533
41285	0.26602185
41286	0.26405859
41287	0.26254115
41288	0.26147938
41289	0.26087567
41290	0.26072365
41291	0.26100615
41292	0.26169348
41293	0.26274139
41294	0.26409009
41295	0.26566270
41296	0.26736560
41297	0.26908928
41298	0.27071008
41299	0.27209383
41300	0.27309978
41301	0.27358598
41302	0.27341411
41303	0.27245492
41304	0.27059239
41305	0.26772696
41306	0.26377741
41307	0.25868046
41308	0.25239047
41309	0.24487656
41310	0.23611963
41311	0.22610909
41312	0.21483882
41313	0.20230474
41314	0.18850173
41315	0.17342228
41316	0.15705670
41317	0.13939381
41318	0.12042508
41319	0.10014956
41320	0.07858334
41321	0.05577227
41322	0.03180864
41323	0.00685434
41324	-0.01883073
41325	-0.04485376
41326	-0.07064736
41327	-0.09542216
41328	-0.11811531
41329	-0.13733701
41330	-0.15130839
41331	-0.15779069
41332	-0.15396769
41333	-0.13620849
41334	-0.09952942
41335	-0.03625224
41336	0.06752900
41337	0.24279332
41338	0.58065206
41339	1.52455330
41340	NaN
41341	NaN
41342	NaN
41343	NaN
41344	NaN
41345	NaN
41346	NaN
41347	NaN
41348	NaN
41349	NaN
41350	NaN
41351	NaN
41352	NaN
41353	NaN
41354	NaN
41355	NaN
41356	NaN
41357	NaN
41358	NaN
41359	NaN
41360	NaN
41361	NaN
41362	NaN
41363	NaN
41364	NaN
41365	NaN
41366	NaN
41367	NaN
41368	NaN
41369	NaN
41370	NaN
41371	NaN
41372	NaN
41373	NaN
41374	NaN
41375	NaN
41376	NaN
41377	NaN
41378	NaN
41379	NaN
41380	NaN
41381	NaN
41382	NaN
41383	NaN
41384	NaN
41385	NaN
41386	NaN
41387	NaN
41388	NaN
41389	NaN
41390	NaN
41391	NaN
41392	NaN
41393	NaN
41394	NaN
41395	NaN
41396	NaN
41397	NaN
41398	NaN
41399	NaN
41400	NaN
41401	NaN
41402	NaN
41403	NaN
41404	NaN
41405	NaN
41406	NaN
41407	NaN
41408	NaN
41409	NaN
41410	NaN
41411	NaN
41412	NaN
41413	NaN
41414	NaN
41415	NaN
41416	NaN
41417	NaN
41418	NaN
41419	NaN
41420	NaN
41421	NaN
41422	NaN
41423	NaN
41424	1.41706586
41425	1.01596427
41426	0.89085811
41427	0.83097714
41428	0.79673833
41429	0.77526295
41430	0.76109397
41431	0.75151211
41432	0.74500269
41433	0.74064887
41434	0.73785943
41435	0.73623288
41436	0.73548526
41437	0.73540944
41438	0.73585045
41439	0.73668998
41440	0.73783666
41441	0.73921913
41442	0.74078083
41443	0.74247688
41444	0.74427032
41445	0.74613029
41446	0.74802935
41447	0.74994195
41448	0.75184268
41449	0.75370443
41450	0.75549769
41451	0.75718892
41452	0.75873971
41453	0.76010633
41454	0.76123935
41455	0.76208353
41456	0.76257873
41457	0.76266050
41458	0.76226223
41459	0.76131737
41460	0.75976217
41461	0.75753868
41462	0.75459951
41463	0.75091082
41464	0.74645633
41465	0.74124122
41466	0.73529404
41467	0.72866899
41468	0.72144562
41469	0.71372795
41470	0.70564151
41471	0.69732893
41472	0.68894506
41473	0.68065041
41474	0.67260504
41475	0.66496247
41476	0.65786368
41477	0.65143281
41478	0.64577323
41479	0.64096516
41480	0.63706416
41481	0.63410038
41482	0.63207924
41483	0.63098186
41484	0.63076645
41485	0.63136989
41486	0.63270962
41487	0.63468552
41488	0.63718230
41489	0.64007193
41490	0.64321685
41491	0.64647305
41492	0.64969409
41493	0.65273488
41494	0.65545672
41495	0.65773118
41496	0.65944505
41497	0.66050386
41498	0.66083598
41499	0.66039413
41500	0.65915728
41501	0.65713000
41502	0.65434176
41503	0.65084350
41504	0.64670473
41505	0.64200890
41506	0.63684899
41507	0.63132322
41508	0.62553036
41509	0.61956644
41510	0.61352193
41511	0.60747927
41512	0.60151178
41513	0.59568292
41514	0.59004587
41515	0.58464444
41516	0.57951266
41517	0.57467657
41518	0.57015413
41519	0.56595659
41520	0.56208873
41521	0.55854958
41522	0.55533302
41523	0.55242777
41524	0.54981810
41525	0.54748350
41526	0.54539967
41527	0.54353827
41528	0.54186767
41529	0.54035372
41530	0.53896016
41531	0.53764975
41532	0.53638500
41533	0.53512913
41534	0.53384697
41535	0.53250557
41536	0.53107506
41537	0.52952898
41538	0.52784443
41539	0.52600276
41540	0.52398914
41541	0.52179277
41542	0.51940686
41543	0.51682866
41544	0.51405913
41545	0.51110303
41546	0.50796878
41547	0.50466835
41548	0.50121689
41549	0.49763280
41550	0.49393734
41551	0.49015442
41552	0.48631030
41553	0.48243308
41554	0.47855243
41555	0.47469869
41556	0.47090244
41557	0.46719372
41558	0.46360078
41559	0.46014953
41560	0.45686230
41561	0.45375720
41562	0.45084697
41563	0.44813877
41564	0.44563311
41565	0.44332409
41566	0.44119912
41567	0.43923923
41568	0.43741962
41569	0.43571016
41570	0.43407661
41571	0.43248132
41572	0.43088481
41573	0.42924652
41574	0.42752624
41575	0.42568526
41576	0.42368701
41577	0.42149827
41578	0.41908959
41579	0.41643602
41580	0.41351736
41581	0.41031879
41582	0.40683094
41583	0.40305039
41584	0.39898002
41585	0.39462903
41586	0.39001343
41587	0.38515577
41588	0.38008520
41589	0.37483704
41590	0.36945197
41591	0.36397535
41592	0.35845590
41593	0.35294452
41594	0.34749302
41595	0.34215251
41596	0.33697233
41597	0.33199915
41598	0.32727566
41599	0.32284036
41600	0.31872684
41601	0.31496391
41602	0.31157514
41603	0.30857915
41604	0.30598971
41605	0.30381554
41606	0.30206069
41607	0.30072433
41608	0.29980049
41609	0.29927802
41610	0.29914021
41611	0.29936451
41612	0.29992181
41613	0.30077615
41614	0.30188423
41615	0.30319467
41616	0.30464771
41617	0.30617487
41618	0.30769894
41619	0.30913380
41620	0.31038567
41621	0.31135398
41622	0.31193352
41623	0.31201756
41624	0.31150073
41625	0.31028381
41626	0.30827734
41627	0.30540615
41628	0.30161238
41629	0.29685810
41630	0.29112628
41631	0.28442037
41632	0.27676272
41633	0.26819181
41634	0.25875831
41635	0.24852195
41636	0.23754716
41637	0.22590043
41638	0.21364760
41639	0.20085309
41640	0.18757944
41641	0.17388862
41642	0.15984501
41643	0.14551829
41644	0.13098928
41645	0.11635550
41646	0.10173857
41647	0.08729222
41648	0.07321117
41649	0.05974089
41650	0.04718589
41651	0.03592027
41652	0.02639371
41653	0.01913759
41654	0.01476686
41655	0.01397685
41656	0.01753720
41657	0.02627963
41658	0.04108676
41659	0.06288513
41660	0.09265427
41661	0.13147096
41662	0.18061019
41663	0.24175675
41664	0.31740606
41665	0.41163683
41666	0.53168160
41667	0.69144917
41668	0.92066789
41669	1.29418015
41670	2.06417346
41671	4.91821766
41672	NaN
41673	NaN
41674	NaN
41675	NaN
41676	NaN
41677	NaN
41678	NaN
41679	NaN
41680	NaN
41681	NaN
41682	NaN
41683	NaN
41684	NaN
41685	NaN
41686	NaN
41687	NaN
41688	NaN
41689	NaN
41690	NaN
41691	NaN
41692	NaN
41693	NaN
41694	NaN
41695	NaN
41696	NaN
41697	NaN
41698	NaN
41699	NaN
41700	NaN
41701	NaN
41702	NaN
41703	NaN
41704	NaN
41705	NaN
41706	NaN
41707	NaN
41708	NaN
41709	NaN
41710	NaN
41711	NaN
41712	NaN
41713	NaN
41714	NaN
41715	NaN
41716	NaN
41717	NaN
41718	NaN
41719	NaN
41720	NaN
41721	NaN
41722	NaN
41723	NaN
41724	NaN
41725	NaN
41726	NaN
41727	NaN
41728	NaN
41729	NaN
41730	NaN
41731	NaN
41732	NaN
41733	NaN
41734	NaN
41735	NaN
41736	NaN
41737	NaN
41738	NaN
41739	NaN
41740	NaN
41741	NaN
41742	NaN
41743	NaN
41744	NaN
41745	NaN
41746	NaN
41747	NaN
41748	NaN
41749	NaN
41750	1.31110346
41751	0.85210091
41752	0.77554232
41753	0.74673569
41754	0.73325980
41755	0.72656024
41756	0.72338605
41757	0.72222126
41758	0.72225755
41759	0.72302061
41760	0.72421241
41761	0.72563696
41762	0.72716105
41763	0.72869289
41764	0.73016953
41765	0.73154861
41766	0.73280293
41767	0.73391688
41768	0.73488355
41769	0.73570240
41770	0.73637736
41771	0.73691571
41772	0.73732620
41773	0.73761815
41774	0.73779994
41775	0.73787820
41776	0.73785675
41777	0.73773611
41778	0.73751253
41779	0.73717803
41780	0.73671979
41781	0.73612064
41782	0.73535872
41783	0.73440868
41784	0.73324186
41785	0.73182762
41786	0.73013479
41787	0.72813314
41788	0.72579509
41789	0.72309798
41790	0.72002578
41791	0.71657115
41792	0.71273738
41793	0.70853972
41794	0.70400614
41795	0.69917768
41796	0.69410843
41797	0.68886381
41798	0.68351907
41799	0.67815673
41800	0.67286372
41801	0.66772813
41802	0.66283572
41803	0.65826666
41804	0.65409261
41805	0.65037411
41806	0.64715815
41807	0.64447719
41808	0.64234793
41809	0.64077109
41810	0.63973165
41811	0.63919967
41812	0.63913143
41813	0.63947046
41814	0.64014983
41815	0.64109355
41816	0.64221853
41817	0.64343691
41818	0.64465827
41819	0.64579171
41820	0.64674836
41821	0.64744383
41822	0.64780068
41823	0.64775079
41824	0.64723796
41825	0.64621955
41826	0.64466858
41827	0.64257449
41828	0.63994366
41829	0.63679922
41830	0.63317937
41831	0.62913597
41832	0.62473154
41833	0.62003595
41834	0.61512363
41835	0.61006951
41836	0.60494649
41837	0.59982216
41838	0.59475684
41839	0.58980209
41840	0.58499938
41841	0.58038026
41842	0.57596600
41843	0.57176876
41844	0.56779224
41845	0.56403315
41846	0.56048220
41847	0.55712628
41848	0.55394930
41849	0.55093348
41850	0.54806119
41851	0.54531509
41852	0.54267931
41853	0.54013968
41854	0.53768414
41855	0.53530240
41856	0.53298587
41857	0.53072709
41858	0.52851915
41859	0.52635509
41860	0.52422720
41861	0.52212644
41862	0.52004164
41863	0.51795954
41864	0.51586437
41865	0.51373821
41866	0.51156127
41867	0.50931257
41868	0.50697058
41869	0.50451440
41870	0.50192469
41871	0.49918458
41872	0.49628070
41873	0.49320382
41874	0.48994946
41875	0.48651838
41876	0.48291665
41877	0.47915569
41878	0.47525188
41879	0.47122663
41880	0.46710524
41881	0.46291667
41882	0.45869249
41883	0.45446599
41884	0.45027101
41885	0.44614094
41886	0.44210750
41887	0.43819958
41888	0.43444225
41889	0.43085578
41890	0.42745516
41891	0.42424938
41892	0.42124137
41893	0.41842815
41894	0.41580093
41895	0.41334569
41896	0.41104400
41897	0.40887323
41898	0.40680778
41899	0.40481958
41900	0.40287888
41901	0.40095514
41902	0.39901739
41903	0.39703521
41904	0.39497918
41905	0.39282164
41906	0.39053711
41907	0.38810304
41908	0.38550019
41909	0.38271314
41910	0.37973088
41911	0.37654704
41912	0.37316012
41913	0.36957371
41914	0.36579636
41915	0.36184150
41916	0.35772693
41917	0.35347435
41918	0.34910893
41919	0.34465840
41920	0.34015229
41921	0.33562112
41922	0.33109567
41923	0.32660621
41924	0.32218188
41925	0.31785017
41926	0.31363630
41927	0.30956331
41928	0.30565161
41929	0.30191913
41930	0.29838112
41931	0.29505065
41932	0.29193866
41933	0.28905413
41934	0.28640455
41935	0.28399575
41936	0.28183246
41937	0.27991807
41938	0.27825448
41939	0.27684203
41940	0.27567881
41941	0.27475998
41942	0.27407679
41943	0.27361551
41944	0.27335626
41945	0.27327183
41946	0.27332640
41947	0.27347514
41948	0.27366367
41949	0.27382869
41950	0.27389875
41951	0.27379650
41952	0.27344093
41953	0.27275056
41954	0.27164683
41955	0.27005753
41956	0.26791960
41957	0.26518196
41958	0.26180711
41959	0.25777176
41960	0.25306681
41961	0.24769703
41962	0.24167916
41963	0.23504095
41964	0.22781914
41965	0.22005884
41966	0.21181229
41967	0.20313932
41968	0.19410820
41969	0.18479800
41970	0.17530245
41971	0.16573520
41972	0.15623663
41973	0.14698443
41974	0.13820493
41975	0.13018923
41976	0.12331010
41977	0.11804561
41978	0.11500212
41979	0.11494272
41980	0.11881715
41981	0.12779045
41982	0.14327881
41983	0.16698471
41984	0.20095105
41985	0.24765685
41986	0.31019878
41987	0.39267290
41988	0.50095958
41989	0.64440751
41990	0.83963835
41991	1.12013304
41992	1.56504321
41993	2.41467094
41994	4.88599443
41995	NaN
41996	NaN
41997	NaN
41998	NaN
41999	NaN
42000	NaN
42001	NaN
42002	NaN
42003	NaN
42004	NaN
42005	NaN
42006	NaN
42007	NaN
42008	NaN
42009	NaN
42010	NaN
42011	NaN
42012	NaN
42013	NaN
42014	NaN
42015	NaN
42016	NaN
42017	NaN
42018	NaN
42019	NaN
42020	NaN
42021	NaN
42022	NaN
42023	NaN
42024	NaN
42025	NaN
42026	NaN
42027	NaN
42028	NaN
42029	NaN
42030	NaN
42031	NaN
42032	NaN
42033	NaN
42034	NaN
42035	NaN
42036	NaN
42037	NaN
42038	NaN
42039	NaN
42040	NaN
42041	NaN
42042	NaN
42043	NaN
42044	NaN
42045	NaN
42046	NaN
42047	NaN
42048	NaN
42049	NaN
42050	NaN
42051	NaN
42052	NaN
42053	NaN
42054	NaN
42055	NaN
42056	NaN
42057	NaN
42058	NaN
42059	NaN
42060	NaN
42061	NaN
42062	NaN
42063	NaN
42064	NaN
42065	NaN
42066	NaN
42067	NaN
42068	NaN
42069	NaN
42070	NaN
42071	NaN
42072	NaN
42073	NaN
42074	NaN
42075	NaN
42076	NaN
42077	NaN
42078	NaN
42079	NaN
42080	NaN
42081	NaN
42082	NaN
42083	1.77236962
42084	0.96174914
42085	0.83400846
42086	0.78498840
42087	0.76087946
42088	0.74777120
42089	0.74043912
42090	0.73647237
42091	0.73459917
42092	0.73408383
42093	0.73447067
42094	0.73546290
42095	0.73686111
42096	0.73852813
42097	0.74036860
42098	0.74231654
42099	0.74432713
42100	0.74637103
42101	0.74843019
42102	0.75049478
42103	0.75256062
42104	0.75462723
42105	0.75669581
42106	0.75876760
42107	0.76084274
42108	0.76291788
42109	0.76498580
42110	0.76703370
42111	0.76904225
42112	0.77098447
42113	0.77282494
42114	0.77451950
42115	0.77601439
42116	0.77724695
42117	0.77814567
42118	0.77863204
42119	0.77862167
42120	0.77802771
42121	0.77676392
42122	0.77474952
42123	0.77191383
42124	0.76820236
42125	0.76358271
42126	0.75804955
42127	0.75162965
42128	0.74438447
42129	0.73641056
42130	0.72783852
42131	0.71882772
42132	0.70956039
42133	0.70023298
42134	0.69104695
42135	0.68219966
42136	0.67387563
42137	0.66623980
42138	0.65943176
42139	0.65356219
42140	0.64871114
42141	0.64492744
42142	0.64222920
42143	0.64060563
42144	0.64001864
42145	0.64040482
42146	0.64167798
42147	0.64373130
42148	0.64643961
42149	0.64966232
42150	0.65324610
42151	0.65702832
42152	0.66084135
42153	0.66451657
42154	0.66788977
42155	0.67080647
42156	0.67312717
42157	0.67473304
42158	0.67552996
42159	0.67545247
42160	0.67446554
42161	0.67256552
42162	0.66977841
42163	0.66615760
42164	0.66177922
42165	0.65673757
42166	0.65113938
42167	0.64509839
42168	0.63873017
42169	0.63214797
42170	0.62545848
42171	0.61876047
42172	0.61214185
42173	0.60567951
42174	0.59943897
42175	0.59347403
42176	0.58782810
42177	0.58253437
42178	0.57761681
42179	0.57309085
42180	0.56896442
42181	0.56523824
42182	0.56190658
42183	0.55895793
42184	0.55637479
42185	0.55413461
42186	0.55220962
42187	0.55056781
42188	0.54917276
42189	0.54798460
42190	0.54696071
42191	0.54605639
42192	0.54522598
42193	0.54442364
42194	0.54360449
42195	0.54272550
42196	0.54174632
42197	0.54062998
42198	0.53934360
42199	0.53785855
42200	0.53615105
42201	0.53420222
42202	0.53199822
42203	0.52953029
42204	0.52679461
42205	0.52379286
42206	0.52053136
42207	0.51702154
42208	0.51327980
42209	0.50932705
42210	0.50518888
42211	0.50089526
42212	0.49648005
42213	0.49198112
42214	0.48743945
42215	0.48289871
42216	0.47840416
42217	0.47400200
42218	0.46973747
42219	0.46565381
42220	0.46179059
42221	0.45818207
42222	0.45485580
42223	0.45183137
42224	0.44911960
42225	0.44672197
42226	0.44463047
42227	0.44282803
42228	0.44128919
42229	0.43998095
42230	0.43886417
42231	0.43789476
42232	0.43702522
42233	0.43620598
42234	0.43538660
42235	0.43451709
42236	0.43354872
42237	0.43243510
42238	0.43113294
42239	0.42960250
42240	0.42780825
42241	0.42571956
42242	0.42331088
42243	0.42056254
42244	0.41746107
42245	0.41399968
42246	0.41017884
42247	0.40600654
42248	0.40149873
42249	0.39667907
42250	0.39157918
42251	0.38623792
42252	0.38070101
42253	0.37501976
42254	0.36925018
42255	0.36345133
42256	0.35768440
42257	0.35201076
42258	0.34649104
42259	0.34118390
42260	0.33614528
42261	0.33142754
42262	0.32707915
42263	0.32314453
42264	0.31966394
42265	0.31667340
42266	0.31420466
42267	0.31228533
42268	0.31093857
42269	0.31018254
42270	0.31003031
42271	0.31048843
42272	0.31155613
42273	0.31322363
42274	0.31547031
42275	0.31826282
42276	0.32155225
42277	0.32527229
42278	0.32933658
42279	0.33363730
42280	0.33804402
42281	0.34240434
42282	0.34654573
42283	0.35027963
42284	0.35340714
42285	0.35572645
42286	0.35704133
42287	0.35717019
42288	0.35595369
42289	0.35326141
42290	0.34899485
42291	0.34308901
42292	0.33550948
42293	0.32624778
42294	0.31531504
42295	0.30273429
42296	0.28853330
42297	0.27273768
42298	0.25536555
42299	0.23642403
42300	0.21590681
42301	0.19379519
42302	0.17005932
42303	0.14466400
42304	0.11757525
42305	0.08877147
42306	0.05825843
42307	0.02608781
42308	-0.00761615
42309	-0.04262628
42310	-0.07857192
42311	-0.11489112
42312	-0.15077884
42313	-0.18512525
42314	-0.21645813
42315	-0.24288791
42316	-0.26206684
42317	-0.27115369
42318	-0.26677340
42319	-0.24492730
42320	-0.20070259
42321	-0.12754434
42322	-0.01540597
42323	0.15393311
42324	0.42020556
42325	0.89207137
42326	2.00498819
42327	NaN
42328	NaN
42329	NaN
42330	NaN
42331	NaN
42332	NaN
42333	NaN
42334	NaN
42335	NaN
42336	NaN
42337	NaN
42338	NaN
42339	NaN
42340	NaN
42341	NaN
42342	NaN
42343	NaN
42344	NaN
42345	NaN
42346	NaN
42347	NaN
42348	NaN
42349	NaN
42350	NaN
42351	NaN
42352	NaN
42353	NaN
42354	NaN
42355	NaN
42356	NaN
42357	NaN
42358	NaN
42359	NaN
42360	NaN
42361	NaN
42362	NaN
42363	NaN
42364	NaN
42365	NaN
42366	NaN
42367	NaN
42368	NaN
42369	NaN
42370	NaN
42371	NaN
42372	NaN
42373	NaN
42374	NaN
42375	NaN
42376	NaN
42377	NaN
42378	NaN
42379	NaN
42380	NaN
42381	NaN
42382	NaN
42383	NaN
42384	NaN
42385	NaN
42386	NaN
42387	NaN
42388	NaN
42389	NaN
42390	NaN
42391	NaN
42392	NaN
42393	NaN
42394	NaN
42395	NaN
42396	NaN
42397	NaN
42398	NaN
42399	NaN
42400	NaN
42401	NaN
42402	NaN
42403	NaN
42404	NaN
42405	NaN
42406	NaN
42407	NaN
42408	NaN
42409	NaN
42410	NaN
42411	NaN
42412	NaN
42413	NaN
42414	NaN
42415	NaN
42416	NaN
42417	NaN
42418	NaN
42419	1.32236826
42420	0.98824471
42421	0.87319201
42422	0.81726730
42423	0.78562695
42424	0.76621091
42425	0.75373203
42426	0.74550676
42427	0.74002928
42428	0.73639232
42429	0.73401928
42430	0.73253000
42431	0.73166645
42432	0.73125035
42433	0.73115742
42434	0.73130101
42435	0.73162037
42436	0.73207384
42437	0.73263288
42438	0.73327816
42439	0.73399633
42440	0.73477739
42441	0.73561311
42442	0.73649454
42443	0.73741156
42444	0.73835093
42445	0.73929614
42446	0.74022627
42447	0.74111557
42448	0.74193341
42449	0.74264401
42450	0.74320620
42451	0.74357432
42452	0.74369794
42453	0.74352324
42454	0.74299389
42455	0.74205267
42456	0.74064326
42457	0.73871291
42458	0.73621517
42459	0.73311329
42460	0.72938383
42461	0.72501993
42462	0.72003460
42463	0.71446276
42464	0.70836282
42465	0.70181620
42466	0.69492555
42467	0.68781149
42468	0.68060750
42469	0.67345464
42470	0.66649485
42471	0.65986508
42472	0.65369135
42473	0.64808404
42474	0.64313406
42475	0.63891059
42476	0.63545960
42477	0.63280338
42478	0.63094145
42479	0.62985164
42480	0.62949133
42481	0.62979954
42482	0.63069880
42483	0.63209713
42484	0.63389033
42485	0.63596433
42486	0.63819778
42487	0.64046478
42488	0.64263856
42489	0.64459473
42490	0.64621532
42491	0.64739287
42492	0.64803427
42493	0.64806437
42494	0.64742911
42495	0.64609730
42496	0.64406127
42497	0.64133686
42498	0.63796145
42499	0.63399082
42500	0.62949592
42501	0.62455803
42502	0.61926472
42503	0.61370534
42504	0.60796720
42505	0.60213280
42506	0.59627682
42507	0.59046555
42508	0.58475530
42509	0.57919276
42510	0.57381541
42511	0.56865233
42512	0.56372547
42513	0.55905020
42514	0.55463761
42515	0.55049449
42516	0.54662502
42517	0.54303145
42518	0.53971422
42519	0.53667277
42520	0.53390539
42521	0.53140908
42522	0.52917933
42523	0.52720934
42524	0.52548999
42525	0.52400869
42526	0.52274925
42527	0.52169073
42528	0.52080786
42529	0.52007020
42530	0.51944244
42531	0.51888472
42532	0.51835340
42533	0.51780194
42534	0.51718211
42535	0.51644522
42536	0.51554382
42537	0.51443309
42538	0.51307207
42539	0.51142561
42540	0.50946456
42541	0.50716746
42542	0.50452071
42543	0.50151932
42544	0.49816671
42545	0.49447507
42546	0.49046457
42547	0.48616338
42548	0.48160672
42549	0.47683603
42550	0.47189826
42551	0.46684429
42552	0.46172801
42553	0.45660460
42554	0.45152909
42555	0.44655466
42556	0.44173115
42557	0.43710342
42558	0.43271017
42559	0.42858264
42560	0.42474404
42561	0.42120895
42562	0.41798332
42563	0.41506463
42564	0.41244248
42565	0.41009930
42566	0.40801135
42567	0.40614974
42568	0.40448147
42569	0.40297043
42570	0.40157837
42571	0.40026575
42572	0.39899242
42573	0.39771831
42574	0.39640370
42575	0.39500996
42576	0.39349964
42577	0.39183697
42578	0.38998827
42579	0.38792232
42580	0.38561124
42581	0.38303068
42582	0.38016111
42583	0.37698814
42584	0.37350380
42585	0.36970693
42586	0.36560366
42587	0.36120799
42588	0.35654142
42589	0.35163292
42590	0.34651768
42591	0.34123671
42592	0.33583525
42593	0.33036163
42594	0.32486582
42595	0.31939837
42596	0.31400928
42597	0.30874711
42598	0.30365872
42599	0.29878837
42600	0.29417816
42601	0.28986782
42602	0.28589496
42603	0.28229505
42604	0.27910191
42605	0.27634722
42606	0.27406049
42607	0.27226809
42608	0.27099258
42609	0.27025071
42610	0.27005178
42611	0.27039507
42612	0.27126691
42613	0.27263793
42614	0.27445978
42615	0.27666199
42616	0.27915052
42617	0.28180602
42618	0.28448489
42619	0.28702164
42620	0.28923428
42621	0.29093000
42622	0.29191470
42623	0.29200080
42624	0.29101571
42625	0.28880784
42626	0.28525069
42627	0.28024268
42628	0.27370375
42629	0.26557040
42630	0.25578624
42631	0.24429208
42632	0.23101498
42633	0.21585511
42634	0.19867238
42635	0.17927006
42636	0.15737665
42637	0.13262111
42638	0.10449868
42639	0.07232484
42640	0.03516175
42641	-0.00829473
42642	-0.05990385
42643	-0.12240866
42644	-0.20004402
42645	-0.29977214
42646	-0.43401054
42647	-0.62759990
42648	-0.93923062
42649	-1.55133748
42650	-3.47251844
42651	NaN
42652	NaN
42653	NaN
42654	NaN
42655	NaN
42656	NaN
42657	NaN
42658	NaN
42659	NaN
42660	NaN
42661	NaN
42662	NaN
42663	NaN
42664	NaN
42665	NaN
42666	NaN
42667	NaN
42668	NaN
42669	NaN
42670	NaN
42671	NaN
42672	NaN
42673	NaN
42674	NaN
42675	NaN
42676	NaN
42677	NaN
42678	NaN
42679	NaN
42680	NaN
42681	NaN
42682	NaN
42683	NaN
42684	NaN
42685	NaN
42686	NaN
42687	NaN
42688	NaN
42689	NaN
42690	NaN
42691	NaN
42692	NaN
42693	NaN
42694	NaN
42695	NaN
42696	NaN
42697	NaN
42698	NaN
42699	NaN
42700	NaN
42701	NaN
42702	NaN
42703	NaN
42704	NaN
42705	NaN
42706	NaN
42707	NaN
42708	NaN
42709	NaN
42710	NaN
42711	NaN
42712	NaN
42713	NaN
42714	NaN
42715	NaN
42716	NaN
42717	NaN
42718	NaN
42719	NaN
42720	NaN
42721	NaN
42722	NaN
42723	NaN
42724	NaN
42725	NaN
42726	NaN
42727	NaN
42728	NaN
42729	NaN
42730	NaN
42731	NaN
42732	NaN
42733	NaN
42734	NaN
42735	NaN
42736	NaN
42737	NaN
42738	NaN
42739	NaN
42740	NaN
42741	NaN
42742	NaN
42743	NaN
42744	NaN
42745	NaN
42746	NaN
42747	NaN
42748	NaN
42749	NaN
42750	NaN
42751	NaN
42752	1.29515004
42753	0.94994473
42754	0.84057468
42755	0.78856874
42756	0.75932056
42757	0.74141318
42758	0.72996199
42759	0.72251880
42760	0.71771336
42761	0.71471733
42762	0.71299815
42763	0.71219927
42764	0.71207285
42765	0.71244371
42766	0.71318507
42767	0.71420580
42768	0.71543950
42769	0.71683818
42770	0.71836776
42771	0.72000378
42772	0.72172862
42773	0.72352862
42774	0.72539204
42775	0.72730690
42776	0.72925931
42777	0.73123187
42778	0.73320216
42779	0.73514235
42780	0.73701721
42781	0.73878473
42782	0.74039525
42783	0.74179173
42784	0.74291050
42785	0.74368197
42786	0.74403262
42787	0.74388671
42788	0.74316931
42789	0.74180937
42790	0.73974383
42791	0.73692125
42792	0.73330677
42793	0.72888541
42794	0.72366685
42795	0.71768671
42796	0.71100932
42797	0.70372647
42798	0.69595593
42799	0.68783766
42800	0.67952818
42801	0.67119449
42802	0.66300654
42803	0.65513068
42804	0.64772230
42805	0.64092088
42806	0.63484496
42807	0.62958908
42808	0.62522173
42809	0.62178510
42810	0.61929470
42811	0.61774105
42812	0.61709028
42813	0.61728698
42814	0.61825538
42815	0.61990166
42816	0.62211657
42817	0.62477750
42818	0.62775117
42819	0.63089687
42820	0.63406944
42821	0.63712388
42822	0.63991857
42823	0.64232081
42824	0.64421064
42825	0.64548546
42826	0.64606375
42827	0.64588791
42828	0.64492619
42829	0.64317292
42830	0.64064747
42831	0.63739228
42832	0.63346940
42833	0.62895608
42834	0.62394047
42835	0.61851698
42836	0.61278200
42837	0.60682982
42838	0.60075009
42839	0.59462506
42840	0.58852857
42841	0.58252490
42842	0.57666880
42843	0.57100576
42844	0.56557262
42845	0.56039816
42846	0.55550420
42847	0.55090600
42848	0.54661316
42849	0.54263026
42850	0.53895694
42851	0.53558832
42852	0.53251541
42853	0.52972490
42854	0.52719957
42855	0.52491826
42856	0.52285653
42857	0.52098680
42858	0.51927865
42859	0.51769978
42860	0.51621640
42861	0.51479399
42862	0.51339793
42863	0.51199406
42864	0.51054943
42865	0.50903267
42866	0.50741416
42867	0.50566709
42868	0.50376707
42869	0.50169283
42870	0.49942672
42871	0.49695465
42872	0.49426669
42873	0.49135751
42874	0.48822644
42875	0.48487777
42876	0.48132107
42877	0.47757086
42878	0.47364667
42879	0.46957281
42880	0.46537781
42881	0.46109402
42882	0.45675677
42883	0.45240363
42884	0.44807360
42885	0.44380572
42886	0.43963808
42887	0.43560669
42888	0.43174434
42889	0.42807916
42890	0.42463401
42891	0.42142534
42892	0.41846260
42893	0.41574794
42894	0.41327590
42895	0.41103369
42896	0.40900147
42897	0.40715310
42898	0.40545708
42899	0.40387750
42900	0.40237540
42901	0.40090999
42902	0.39944008
42903	0.39792490
42904	0.39632583
42905	0.39460668
42906	0.39273494
42907	0.39068198
42908	0.38842359
42909	0.38593999
42910	0.38321611
42911	0.38024145
42912	0.37700990
42913	0.37352005
42914	0.36977491
42915	0.36578205
42916	0.36155382
42917	0.35710731
42918	0.35246429
42919	0.34765133
42920	0.34269917
42921	0.33764252
42922	0.33251911
42923	0.32736906
42924	0.32223368
42925	0.31715471
42926	0.31217310
42927	0.30732876
42928	0.30265912
42929	0.29819956
42930	0.29398260
42931	0.29003829
42932	0.28639415
42933	0.28307554
42934	0.28010568
42935	0.27750623
42936	0.27529714
42937	0.27349642
42938	0.27211994
42939	0.27118081
42940	0.27068827
42941	0.27064645
42942	0.27105305
42943	0.27189752
42944	0.27315933
42945	0.27480596
42946	0.27679166
42947	0.27905545
42948	0.28152114
42949	0.28409621
42950	0.28667319
42951	0.28913090
42952	0.29133761
42953	0.29315409
42954	0.29443863
42955	0.29505128
42956	0.29485905
42957	0.29373991
42958	0.29158682
42959	0.28830925
42960	0.28383487
42961	0.27810881
42962	0.27109283
42963	0.26276204
42964	0.25310332
42965	0.24211182
42966	0.22978842
42967	0.21613793
42968	0.20116755
42969	0.18488650
42970	0.16730762
42971	0.14844972
42972	0.12834303
42973	0.10703576
42974	0.08460618
42975	0.06117608
42976	0.03693131
42977	0.01214738
42978	-0.01277922
42979	-0.03729002
42980	-0.06061899
42981	-0.08173674
42982	-0.09928508
42983	-0.11150386
42984	-0.11613300
42985	-0.11027884
42986	-0.09018395
42987	-0.05079573
42988	0.01513578
42989	0.11906753
42990	0.28155693
42991	0.54589379
42992	1.02523458
42993	2.14446187
42994	NaN
42995	NaN
42996	NaN
42997	NaN
42998	NaN
42999	NaN
43000	NaN
43001	NaN
43002	NaN
43003	NaN
43004	NaN
43005	NaN
43006	NaN
43007	NaN
43008	NaN
43009	NaN
43010	NaN
43011	NaN
43012	NaN
43013	NaN
43014	NaN
43015	NaN
43016	NaN
43017	NaN
43018	NaN
43019	NaN
43020	NaN
43021	NaN
43022	NaN
43023	NaN
43024	NaN
43025	NaN
43026	NaN
43027	NaN
43028	NaN
43029	NaN
43030	NaN
43031	NaN
43032	NaN
43033	NaN
43034	NaN
43035	NaN
43036	NaN
43037	NaN
43038	NaN
43039	NaN
43040	NaN
43041	NaN
43042	NaN
43043	NaN
43044	NaN
43045	NaN
43046	NaN
43047	NaN
43048	NaN
43049	NaN
43050	NaN
43051	NaN
43052	NaN
43053	NaN
43054	NaN
43055	NaN
43056	NaN
43057	NaN
43058	NaN
43059	NaN
43060	NaN
43061	NaN
43062	NaN
43063	NaN
43064	NaN
43065	NaN
43066	NaN
43067	NaN
43068	NaN
43069	NaN
43070	NaN
43071	NaN
43072	NaN
43073	NaN
43074	NaN
43075	NaN
43076	NaN
43077	1.31769121
43078	0.84344918
43079	0.79113108
43080	0.77082193
43081	0.75996661
43082	0.75320148
43083	0.74858940
43084	0.74525356
43085	0.74273503
43086	0.74076653
43087	0.73918009
43088	0.73786318
43089	0.73673761
43090	0.73574734
43091	0.73485142
43092	0.73402017
43093	0.73323262
43094	0.73247409
43095	0.73173553
43096	0.73101169
43097	0.73030108
43098	0.72960395
43099	0.72892272
43100	0.72825986
43101	0.72761822
43102	0.72699898
43103	0.72640175
43104	0.72582316
43105	0.72525674
43106	0.72469181
43107	0.72411364
43108	0.72350287
43109	0.72283578
43110	0.72208405
43111	0.72121572
43112	0.72019547
43113	0.71898562
43114	0.71754742
43115	0.71584231
43116	0.71383399
43117	0.71149009
43118	0.70878464
43119	0.70570004
43120	0.70222968
43121	0.69837946
43122	0.69416940
43123	0.68963450
43124	0.68482453
43125	0.67980278
43126	0.67464471
43127	0.66943479
43128	0.66426301
43129	0.65922123
43130	0.65439934
43131	0.64988101
43132	0.64574045
43133	0.64203942
43134	0.63882500
43135	0.63612801
43136	0.63396186
43137	0.63232309
43138	0.63119137
43139	0.63053083
43140	0.63029146
43141	0.63041097
43142	0.63081670
43143	0.63142806
43144	0.63215846
43145	0.63291818
43146	0.63361627
43147	0.63416332
43148	0.63447374
43149	0.63446862
43150	0.63407749
43151	0.63324189
43152	0.63191658
43153	0.63007188
43154	0.62769496
43155	0.62479043
43156	0.62138009
43157	0.61750180
43158	0.61320758
43159	0.60856068
43160	0.60363251
43161	0.59849906
43162	0.59323704
43163	0.58792096
43164	0.58262038
43165	0.57739723
43166	0.57230490
43167	0.56738716
43168	0.56267750
43169	0.55820006
43170	0.55396962
43171	0.54999286
43172	0.54626924
43173	0.54279232
43174	0.53955084
43175	0.53652984
43176	0.53371203
43177	0.53107834
43178	0.52860892
43179	0.52628398
43180	0.52408391
43181	0.52198994
43182	0.51998419
43183	0.51804960
43184	0.51617008
43185	0.51433021
43186	0.51251501
43187	0.51070952
43188	0.50889885
43189	0.50706762
43190	0.50519991
43191	0.50327963
43192	0.50129026
43193	0.49921545
43194	0.49703941
43195	0.49474761
43196	0.49232736
43197	0.48976865
43198	0.48706457
43199	0.48421198
43200	0.48121187
43201	0.47806960
43202	0.47479510
43203	0.47140250
43204	0.46791029
43205	0.46434090
43206	0.46071970
43207	0.45707515
43208	0.45343721
43209	0.44983703
43210	0.44630542
43211	0.44287214
43212	0.43956417
43213	0.43640482
43214	0.43341219
43215	0.43059838
43216	0.42796838
43217	0.42551982
43218	0.42324242
43219	0.42111900
43220	0.41912565
43221	0.41723347
43222	0.41540977
43223	0.41362035
43224	0.41183069
43225	0.41000816
43226	0.40812299
43227	0.40614888
43228	0.40406361
43229	0.40184876
43230	0.39948928
43231	0.39697349
43232	0.39429206
43233	0.39143810
43234	0.38840654
43235	0.38519427
43236	0.38180012
43237	0.37822458
43238	0.37447050
43239	0.37054300
43240	0.36644983
43241	0.36220118
43242	0.35781038
43243	0.35329315
43244	0.34866813
43245	0.34395629
43246	0.33918068
43247	0.33436608
43248	0.32953876
43249	0.32472590
43250	0.31995538
43251	0.31525543
43252	0.31065443
43253	0.30618083
43254	0.30186260
43255	0.29772747
43256	0.29380226
43257	0.29011285
43258	0.28668392
43259	0.28353819
43260	0.28069663
43261	0.27817768
43262	0.27599743
43263	0.27416906
43264	0.27270260
43265	0.27160534
43266	0.27088049
43267	0.27052754
43268	0.27054089
43269	0.27090937
43270	0.27161422
43271	0.27262822
43272	0.27391332
43273	0.27541935
43274	0.27708232
43275	0.27882332
43276	0.28054869
43277	0.28215080
43278	0.28351024
43279	0.28449968
43280	0.28498864
43281	0.28484917
43282	0.28396171
43283	0.28222090
43284	0.27954033
43285	0.27585486
43286	0.27112234
43287	0.26532179
43288	0.25845140
43289	0.25052360
43290	0.24156104
43291	0.23159128
43292	0.22064246
43293	0.20873937
43294	0.19590096
43295	0.18213807
43296	0.16745387
43297	0.15184289
43298	0.13529390
43299	0.11779231
43300	0.09932618
43301	0.07989254
43302	0.05950934
43303	0.03823277
43304	0.01617901
43305	-0.00643989
43306	-0.02926927
43307	-0.05174082
43308	-0.07296520
43309	-0.09157435
43310	-0.10546228
43311	-0.11134921
43312	-0.10394007
43313	-0.07415928
43314	-0.00471850
43315	0.14343019
43316	0.48755243
43317	NaN
43318	NaN
43319	NaN
43320	NaN
43321	NaN
43322	NaN
43323	NaN
43324	NaN
43325	NaN
43326	NaN
43327	NaN
43328	NaN
43329	NaN
43330	NaN
43331	NaN
43332	NaN
43333	NaN
43334	NaN
43335	NaN
43336	NaN
43337	NaN
43338	NaN
43339	NaN
43340	NaN
43341	NaN
43342	NaN
43343	NaN
43344	NaN
43345	NaN
43346	NaN
43347	NaN
43348	NaN
43349	NaN
43350	NaN
43351	NaN
43352	NaN
43353	NaN
43354	NaN
43355	NaN
43356	NaN
43357	NaN
43358	NaN
43359	NaN
43360	NaN
43361	NaN
43362	NaN
43363	NaN
43364	NaN
43365	NaN
43366	NaN
43367	NaN
43368	NaN
43369	NaN
43370	NaN
43371	NaN
43372	NaN
43373	NaN
43374	NaN
43375	NaN
43376	NaN
43377	NaN
43378	NaN
43379	NaN
43380	NaN
43381	NaN
43382	NaN
43383	NaN
43384	NaN
43385	NaN
43386	NaN
43387	NaN
43388	NaN
43389	NaN
43390	NaN
43391	NaN
43392	NaN
43393	NaN
43394	NaN
43395	NaN
43396	NaN
43397	NaN
43398	NaN
43399	NaN
43400	NaN
43401	NaN
43402	NaN
43403	NaN
43404	NaN
43405	NaN
43406	NaN
43407	NaN
43408	NaN
43409	3.47948527
43410	1.26051664
43411	0.97031742
43412	0.85984784
43413	0.80397648
43414	0.77183181
43415	0.75209183
43416	0.73961198
43417	0.73171073
43418	0.72684836
43419	0.72407514
43420	0.72277224
43421	0.72251874
43422	0.72301877
43423	0.72405869
43424	0.72548151
43425	0.72717035
43426	0.72903734
43427	0.73101604
43428	0.73305643
43429	0.73512018
43430	0.73717797
43431	0.73920691
43432	0.74118769
43433	0.74310350
43434	0.74493718
43435	0.74667096
43436	0.74828380
43437	0.74975115
43438	0.75104338
43439	0.75212544
43440	0.75295645
43441	0.75348991
43442	0.75367367
43443	0.75345200
43444	0.75276631
43445	0.75155777
43446	0.74977046
43447	0.74735397
43448	0.74426746
43449	0.74048346
43450	0.73599136
43451	0.73080057
43452	0.72494322
43453	0.71847546
43454	0.71147722
43455	0.70405096
43456	0.69631851
43457	0.68841630
43458	0.68049073
43459	0.67269146
43460	0.66516584
43461	0.65805262
43462	0.65147763
43463	0.64554906
43464	0.64035469
43465	0.63596010
43466	0.63240737
43467	0.62971526
43468	0.62787950
43469	0.62687373
43470	0.62665111
43471	0.62714559
43472	0.62827396
43473	0.62993789
43474	0.63202614
43475	0.63441712
43476	0.63698208
43477	0.63958806
43478	0.64210176
43479	0.64439368
43480	0.64634174
43481	0.64783543
43482	0.64877993
43483	0.64909911
43484	0.64873809
43485	0.64766490
43486	0.64587075
43487	0.64336985
43488	0.64019704
43489	0.63640559
43490	0.63206357
43491	0.62724996
43492	0.62205076
43493	0.61655533
43494	0.61085254
43495	0.60502809
43496	0.59916216
43497	0.59332758
43498	0.58758920
43499	0.58200264
43500	0.57661474
43501	0.57146358
43502	0.56657892
43503	0.56198281
43504	0.55769032
43505	0.55370992
43506	0.55004448
43507	0.54669148
43508	0.54364347
43509	0.54088849
43510	0.53841048
43511	0.53618932
43512	0.53420120
43513	0.53241920
43514	0.53081346
43515	0.52935189
43516	0.52800095
43517	0.52672613
43518	0.52549279
43519	0.52426696
43520	0.52301610
43521	0.52170950
43522	0.52031887
43523	0.51881868
43524	0.51718652
43525	0.51540297
43526	0.51345193
43527	0.51132047
43528	0.50899905
43529	0.50648159
43530	0.50376523
43531	0.50085104
43532	0.49774361
43533	0.49445155
43534	0.49098733
43535	0.48736748
43536	0.48361245
43537	0.47974643
43538	0.47579747
43539	0.47179663
43540	0.46777812
43541	0.46377796
43542	0.45983350
43543	0.45598248
43544	0.45226139
43545	0.44870466
43546	0.44534284
43547	0.44220167
43548	0.43930051
43549	0.43665165
43550	0.43425924
43551	0.43211925
43552	0.43021920
43553	0.42853877
43554	0.42705011
43555	0.42571923
43556	0.42450696
43557	0.42337024
43558	0.42226359
43559	0.42114040
43560	0.41995412
43561	0.41865951
43562	0.41721356
43563	0.41557649
43564	0.41371229
43565	0.41158953
43566	0.40918171
43567	0.40646774
43568	0.40343216
43569	0.40006554
43570	0.39636451
43571	0.39233223
43572	0.38797829
43573	0.38331893
43574	0.37837720
43575	0.37318262
43576	0.36777115
43577	0.36218429
43578	0.35646880
43579	0.35067520
43580	0.34485689
43581	0.33906844
43582	0.33336446
43583	0.32779792
43584	0.32241923
43585	0.31727508
43586	0.31240800
43587	0.30785590
43588	0.30365193
43589	0.29982489
43590	0.29639933
43591	0.29339579
43592	0.29083133
43593	0.28871956
43594	0.28707054
43595	0.28589073
43596	0.28518257
43597	0.28494358
43598	0.28516585
43599	0.28583473
43600	0.28692767
43601	0.28841281
43602	0.29024738
43603	0.29237655
43604	0.29473174
43605	0.29723027
43606	0.29977489
43607	0.30225456
43608	0.30454603
43609	0.30651668
43610	0.30802834
43611	0.30894133
43612	0.30911985
43613	0.30843595
43614	0.30677423
43615	0.30403435
43616	0.30013290
43617	0.29500365
43618	0.28859591
43619	0.28087246
43620	0.27180555
43621	0.26137319
43622	0.24955463
43623	0.23632616
43624	0.22165751
43625	0.20550844
43626	0.18782723
43627	0.16854848
43628	0.14759472
43629	0.12487790
43630	0.10030372
43631	0.07377870
43632	0.04522051
43633	0.01457176
43634	-0.01817735
43635	-0.05296416
43636	-0.08961523
43637	-0.12780170
43638	-0.16698037
43639	-0.20632850
43640	-0.24467050
43641	-0.28039569
43642	-0.31139132
43643	-0.33495760
43644	-0.34771761
43645	-0.34543344
43646	-0.32253522
43647	-0.27089316
43648	-0.17631474
43649	-0.00755321
43650	0.32849732
43651	1.30422592
43652	NaN
43653	NaN
43654	NaN
43655	NaN
43656	NaN
43657	NaN
43658	NaN
43659	NaN
43660	NaN
43661	NaN
43662	NaN
43663	NaN
43664	NaN
43665	NaN
43666	NaN
43667	NaN
43668	NaN
43669	NaN
43670	NaN
43671	NaN
43672	NaN
43673	NaN
43674	NaN
43675	NaN
43676	NaN
43677	NaN
43678	NaN
43679	NaN
43680	NaN
43681	NaN
43682	NaN
43683	NaN
43684	NaN
43685	NaN
43686	NaN
43687	NaN
43688	NaN
43689	NaN
43690	NaN
43691	NaN
43692	NaN
43693	NaN
43694	NaN
43695	NaN
43696	NaN
43697	NaN
43698	NaN
43699	NaN
43700	NaN
43701	NaN
43702	NaN
43703	NaN
43704	NaN
43705	NaN
43706	NaN
43707	NaN
43708	NaN
43709	NaN
43710	NaN
43711	NaN
43712	NaN
43713	NaN
43714	NaN
43715	NaN
43716	NaN
43717	NaN
43718	NaN
43719	NaN
43720	NaN
43721	NaN
43722	NaN
43723	NaN
43724	NaN
43725	NaN
43726	NaN
43727	NaN
43728	NaN
43729	NaN
43730	NaN
43731	NaN
43732	NaN
43733	NaN
43734	NaN
43735	NaN
43736	NaN
43737	NaN
43738	NaN
43739	NaN
43740	NaN
43741	NaN
43742	1.98539639
43743	1.04422319
43744	0.89160520
43745	0.83040929
43746	0.79812324
43747	0.77858537
43748	0.76574385
43749	0.75681973
43750	0.75036144
43751	0.74553818
43752	0.74184376
43753	0.73895538
43754	0.73666036
43755	0.73481590
43756	0.73332506
43757	0.73212165
43758	0.73116088
43759	0.73041254
43760	0.72985619
43761	0.72947836
43762	0.72926962
43763	0.72922283
43764	0.72933149
43765	0.72958875
43766	0.72998571
43767	0.73051125
43768	0.73115027
43769	0.73188382
43770	0.73268777
43771	0.73353261
43772	0.73438287
43773	0.73519713
43774	0.73592776
43775	0.73652124
43776	0.73691869
43777	0.73705697
43778	0.73686981
43779	0.73629022
43780	0.73525208
43781	0.73369384
43782	0.73156178
43783	0.72881341
43784	0.72542179
43785	0.72137898
43786	0.71669918
43787	0.71142060
43788	0.70560664
43789	0.69934481
43790	0.69274449
43791	0.68593258
43792	0.67904866
43793	0.67223853
43794	0.66564780
43795	0.65941542
43796	0.65366817
43797	0.64851540
43798	0.64404583
43799	0.64032489
43800	0.63739371
43801	0.63526869
43802	0.63394284
43803	0.63338608
43804	0.63354826
43805	0.63436013
43806	0.63573611
43807	0.63757634
43808	0.63976920
43809	0.64219368
43810	0.64472216
43811	0.64722365
43812	0.64956689
43813	0.65162420
43814	0.65327549
43815	0.65441263
43816	0.65494323
43817	0.65479469
43818	0.65391719
43819	0.65228587
43820	0.64990139
43821	0.64678949
43822	0.64299870
43823	0.63859737
43824	0.63366914
43825	0.62830818
43826	0.62261409
43827	0.61668754
43828	0.61062539
43829	0.60451788
43830	0.59844589
43831	0.59247959
43832	0.58667743
43833	0.58108652
43834	0.57574320
43835	0.57067376
43836	0.56589597
43837	0.56142038
43838	0.55725133
43839	0.55338848
43840	0.54982769
43841	0.54656178
43842	0.54358149
43843	0.54087567
43844	0.53843200
43845	0.53623641
43846	0.53427374
43847	0.53252721
43848	0.53097832
43849	0.52960616
43850	0.52838767
43851	0.52729666
43852	0.52630419
43853	0.52537799
43854	0.52448303
43855	0.52358145
43856	0.52263314
43857	0.52159673
43858	0.52043003
43859	0.51909167
43860	0.51754171
43861	0.51574337
43862	0.51366401
43863	0.51127613
43864	0.50855899
43865	0.50549883
43866	0.50209010
43867	0.49833551
43868	0.49424648
43869	0.48984301
43870	0.48515335
43871	0.48021343
43872	0.47506604
43873	0.46975982
43874	0.46434778
43875	0.45888594
43876	0.45343181
43877	0.44804269
43878	0.44277379
43879	0.43767682
43880	0.43279830
43881	0.42817834
43882	0.42384949
43883	0.41983601
43884	0.41615334
43885	0.41280815
43886	0.40979818
43887	0.40711302
43888	0.40473470
43889	0.40263855
43890	0.40079424
43891	0.39916715
43892	0.39771897
43893	0.39640954
43894	0.39519727
43895	0.39404041
43896	0.39289761
43897	0.39172885
43898	0.39049539
43899	0.38916063
43900	0.38769013
43901	0.38605168
43902	0.38421580
43903	0.38215572
43904	0.37984785
43905	0.37727219
43906	0.37441286
43907	0.37125847
43908	0.36780316
43909	0.36404672
43910	0.35999557
43911	0.35566270
43912	0.35106802
43913	0.34623799
43914	0.34120542
43915	0.33600834
43916	0.33068931
43917	0.32529402
43918	0.31987041
43919	0.31446716
43920	0.30913302
43921	0.30391580
43922	0.29886186
43923	0.29401577
43924	0.28942016
43925	0.28511536
43926	0.28113985
43927	0.27752972
43928	0.27431858
43929	0.27153736
43930	0.26921371
43931	0.26737085
43932	0.26602668
43933	0.26519197
43934	0.26486841
43935	0.26504645
43936	0.26570290
43937	0.26679856
43938	0.26827592
43939	0.27005789
43940	0.27204677
43941	0.27412516
43942	0.27615750
43943	0.27799425
43944	0.27947634
43945	0.28044176
43946	0.28073168
43947	0.28019801
43948	0.27870852
43949	0.27615145
43950	0.27243844
43951	0.26750425
43952	0.26130617
43953	0.25382030
43954	0.24503741
43955	0.23495834
43956	0.22358862
43957	0.21093421
43958	0.19699700
43959	0.18177240
43960	0.16524729
43961	0.14739960
43962	0.12820023
43963	0.10761663
43964	0.08562008
43965	0.06219673
43966	0.03736453
43967	0.01119792
43968	-0.01613584
43969	-0.04432493
43970	-0.07283896
43971	-0.10082478
43972	-0.12695567
43973	-0.14921349
43974	-0.16455883
43975	-0.16840345
43976	-0.15367348
43977	-0.10894240
43978	-0.01409834
43979	0.17158392
43980	0.55098271
43981	1.50458241
43982	NaN
43983	NaN
43984	NaN
43985	NaN
43986	NaN
43987	NaN
43988	NaN
43989	NaN
43990	NaN
43991	NaN
43992	NaN
43993	NaN
43994	NaN
43995	NaN
43996	NaN
43997	NaN
43998	NaN
43999	NaN
44000	NaN
44001	NaN
44002	NaN
44003	NaN
44004	NaN
44005	NaN
44006	NaN
44007	NaN
44008	NaN
44009	NaN
44010	NaN
44011	NaN
44012	NaN
44013	NaN
44014	NaN
44015	NaN
44016	NaN
44017	NaN
44018	NaN
44019	NaN
44020	NaN
44021	NaN
44022	NaN
44023	NaN
44024	NaN
44025	NaN
44026	NaN
44027	NaN
44028	NaN
44029	NaN
44030	NaN
44031	NaN
44032	NaN
44033	NaN
44034	NaN
44035	NaN
44036	NaN
44037	NaN
44038	NaN
44039	NaN
44040	NaN
44041	NaN
44042	NaN
44043	NaN
44044	NaN
44045	NaN
44046	NaN
44047	NaN
44048	NaN
44049	NaN
44050	NaN
44051	NaN
44052	NaN
44053	NaN
44054	NaN
44055	NaN
44056	NaN
44057	NaN
44058	NaN
44059	NaN
44060	NaN
44061	NaN
44062	NaN
44063	NaN
44064	NaN
44065	NaN
44066	NaN
44067	NaN
44068	NaN
44069	NaN
44070	NaN
44071	NaN
44072	NaN
44073	2.19675899
44074	1.07302260
44075	0.90019685
44076	0.83100832
44077	0.79451293
44078	0.77260923
44079	0.75852984
44080	0.74915302
44081	0.74282557
44082	0.73858327
44083	0.73582000
44084	0.73413444
44085	0.73324794
44086	0.73296213
44087	0.73313153
44088	0.73364836
44089	0.73443180
44090	0.73542118
44091	0.73657060
44092	0.73784530
44093	0.73921865
44094	0.74066967
44095	0.74218071
44096	0.74373597
44097	0.74531937
44098	0.74691373
44099	0.74849916
44100	0.75005221
44101	0.75154525
44102	0.75294578
44103	0.75421619
44104	0.75531340
44105	0.75618905
44106	0.75679016
44107	0.75705922
44108	0.75693619
44109	0.75635940
44110	0.75526780
44111	0.75360394
44112	0.75131696
44113	0.74836600
44114	0.74472409
44115	0.74038225
44116	0.73535204
44117	0.72966838
44118	0.72339118
44119	0.71660483
44120	0.70941609
44121	0.70195121
44122	0.69435048
44123	0.68676275
44124	0.67933893
44125	0.67222553
44126	0.66555876
44127	0.65945953
44128	0.65402973
44129	0.64934933
44130	0.64547527
44131	0.64244038
44132	0.64025438
44133	0.63890409
44134	0.63835543
44135	0.63855439
44136	0.63942879
44137	0.64089036
44138	0.64283639
44139	0.64515179
44140	0.64771217
44141	0.65038574
44142	0.65303773
44143	0.65553319
44144	0.65774167
44145	0.65954173
44146	0.66082472
44147	0.66149932
44148	0.66149455
44149	0.66076267
44150	0.65927982
44151	0.65704668
44152	0.65408683
44153	0.65044451
44154	0.64618129
44155	0.64137214
44156	0.63610148
44157	0.63045871
44158	0.62453485
44159	0.61841923
44160	0.61219645
44161	0.60594529
44162	0.59973657
44163	0.59363323
44164	0.58768928
44165	0.58195055
44166	0.57645482
44167	0.57123208
44168	0.56630540
44169	0.56169140
44170	0.55740058
44171	0.55343807
44172	0.54980361
44173	0.54649234
44174	0.54349470
44175	0.54079652
44176	0.53837961
44177	0.53622180
44178	0.53429705
44179	0.53257614
44180	0.53102690
44181	0.52961498
44182	0.52830422
44183	0.52705783
44184	0.52583885
44185	0.52461112
44186	0.52333993
44187	0.52199274
44188	0.52053994
44189	0.51895487
44190	0.51721460
44191	0.51529980
44192	0.51319534
44193	0.51088977
44194	0.50837612
44195	0.50565147
44196	0.50271726
44197	0.49957877
44198	0.49624562
44199	0.49273121
44200	0.48905268
44201	0.48523074
44202	0.48128924
44203	0.47725502
44204	0.47315735
44205	0.46902731
44206	0.46489730
44207	0.46080017
44208	0.45676827
44209	0.45283243
44210	0.44902086
44211	0.44535834
44212	0.44186497
44213	0.43855569
44214	0.43543953
44215	0.43251970
44216	0.42979324
44217	0.42725155
44218	0.42488071
44219	0.42266232
44220	0.42057392
44221	0.41858998
44222	0.41668251
44223	0.41482198
44224	0.41297796
44225	0.41111988
44226	0.40921772
44227	0.40724269
44228	0.40516770
44229	0.40296793
44230	0.40062147
44231	0.39810929
44232	0.39541605
44233	0.39253011
44234	0.38944361
44235	0.38615301
44236	0.38265899
44237	0.37896657
44238	0.37508529
44239	0.37102881
44240	0.36681545
44241	0.36246726
44242	0.35801020
44243	0.35347372
44244	0.34888983
44245	0.34429306
44246	0.33971936
44247	0.33520558
44248	0.33078876
44249	0.32650515
44250	0.32239008
44251	0.31847647
44252	0.31479532
44253	0.31137431
44254	0.30823827
44255	0.30540851
44256	0.30290282
44257	0.30073547
44258	0.29891729
44259	0.29745573
44260	0.29635438
44261	0.29561338
44262	0.29522857
44263	0.29519120
44264	0.29548699
44265	0.29609543
44266	0.29698882
44267	0.29813090
44268	0.29947609
44269	0.30096915
44270	0.30254433
44271	0.30412617
44272	0.30563003
44273	0.30696395
44274	0.30803090
44275	0.30873170
44276	0.30896774
44277	0.30864474
44278	0.30767527
44279	0.30598125
44280	0.30349505
44281	0.30016077
44282	0.29593301
44283	0.29077634
44284	0.28466251
44285	0.27756891
44286	0.26947555
44287	0.26036295
44288	0.25021046
44289	0.23899451
44290	0.22668886
44291	0.21326485
44292	0.19869311
44293	0.18294726
44294	0.16600800
44295	0.14787062
44296	0.12855354
44297	0.10811022
44298	0.08664429
44299	0.06432590
44300	0.04141467
44301	0.01828028
44302	-0.00457234
44303	-0.02648127
44304	-0.04660942
44305	-0.06393382
44306	-0.07724666
44307	-0.08516180
44308	-0.08612803
44309	-0.07842483
44310	-0.06010862
44311	-0.02884925
44312	0.01847986
44313	0.08672524
44314	0.18461153
44315	0.33031550
44316	0.56903648
44317	1.04959786
44318	2.69208980
44319	NaN
44320	NaN
44321	NaN
44322	NaN
44323	NaN
44324	NaN
44325	NaN
44326	NaN
44327	NaN
44328	NaN
44329	NaN
44330	NaN
44331	NaN
44332	NaN
44333	NaN
44334	NaN
44335	NaN
44336	NaN
44337	NaN
44338	NaN
44339	NaN
44340	NaN
44341	NaN
44342	NaN
44343	NaN
44344	NaN
44345	NaN
44346	NaN
44347	NaN
44348	NaN
44349	NaN
44350	NaN
44351	NaN
44352	NaN
44353	NaN
44354	NaN
44355	NaN
44356	NaN
44357	NaN
44358	NaN
44359	NaN
44360	NaN
44361	NaN
44362	NaN
44363	NaN
44364	NaN
44365	NaN
44366	NaN
44367	NaN
44368	NaN
44369	NaN
44370	NaN
44371	NaN
44372	NaN
44373	NaN
44374	NaN
44375	NaN
44376	NaN
44377	NaN
44378	NaN
44379	NaN
44380	NaN
44381	NaN
44382	NaN
44383	NaN
44384	NaN
44385	NaN
44386	NaN
44387	NaN
44388	NaN
44389	NaN
44390	NaN
44391	NaN
44392	NaN
44393	NaN
44394	NaN
44395	NaN
44396	NaN
44397	NaN
44398	NaN
44399	NaN
44400	NaN
44401	NaN
44402	NaN
44403	NaN
44404	NaN
44405	1.79851472
44406	1.12206018
44407	0.96081060
44408	0.88901544
44409	0.84868819
44410	0.82302958
44411	0.80537146
44412	0.79253888
44413	0.78282744
44414	0.77524191
44415	0.76916260
44416	0.76418543
44417	0.76003683
44418	0.75652736
44419	0.75352240
44420	0.75092620
44421	0.74866909
44422	0.74670118
44423	0.74498636
44424	0.74349856
44425	0.74221885
44426	0.74113292
44427	0.74022925
44428	0.73949742
44429	0.73892683
44430	0.73850530
44431	0.73821795
44432	0.73804677
44433	0.73796916
44434	0.73795837
44435	0.73798203
44436	0.73800242
44437	0.73797631
44438	0.73785478
44439	0.73758417
44440	0.73710608
44441	0.73635924
44442	0.73528051
44443	0.73380733
44444	0.73188019
44445	0.72944629
44446	0.72646224
44447	0.72289902
44448	0.71874470
44449	0.71400821
44450	0.70872170
44451	0.70294130
44452	0.69674712
44453	0.69024080
44454	0.68354207
44455	0.67678344
44456	0.67010438
44457	0.66364431
44458	0.65753710
44459	0.65190434
44460	0.64685118
44461	0.64246225
44462	0.63879955
44463	0.63590121
44464	0.63378149
44465	0.63243127
44466	0.63181961
44467	0.63189536
44468	0.63258922
44469	0.63381582
44470	0.63547599
44471	0.63745886
44472	0.63964486
44473	0.64190769
44474	0.64411789
44475	0.64614588
44476	0.64786601
44477	0.64916027
44478	0.64992291
44479	0.65006465
44480	0.64951628
44481	0.64823198
44482	0.64619160
44483	0.64340085
44484	0.63989091
44485	0.63571602
44486	0.63094985
44487	0.62568104
44488	0.62000799
44489	0.61403364
44490	0.60786068
44491	0.60158736
44492	0.59530407
44493	0.58909094
44494	0.58301681
44495	0.57713836
44496	0.57150072
44497	0.56613797
44498	0.56107450
44499	0.55632633
44500	0.55190241
44501	0.54780614
44502	0.54403639
44503	0.54058880
44504	0.53745615
44505	0.53462946
44506	0.53209788
44507	0.52984923
44508	0.52786952
44509	0.52614301
44510	0.52465200
44511	0.52337617
44512	0.52229238
44513	0.52137429
44514	0.52059209
44515	0.51991266
44516	0.51929909
44517	0.51871163
44518	0.51810777
44519	0.51744312
44520	0.51667261
44521	0.51575142
44522	0.51463634
44523	0.51328743
44524	0.51166886
44525	0.50975031
44526	0.50750804
44527	0.50492567
44528	0.50199467
44529	0.49871486
44530	0.49509445
44531	0.49114984
44532	0.48690549
44533	0.48239332
44534	0.47765213
44535	0.47272685
44536	0.46766731
44537	0.46252736
44538	0.45736328
44539	0.45223251
44540	0.44719192
44541	0.44229630
44542	0.43759653
44543	0.43313822
44544	0.42896020
44545	0.42509350
44546	0.42156032
44547	0.41837364
44548	0.41553727
44549	0.41304570
44550	0.41088498
44551	0.40903336
44552	0.40746266
44553	0.40613884
44554	0.40502390
44555	0.40407664
44556	0.40325379
44557	0.40251124
44558	0.40180448
44559	0.40108943
44560	0.40032250
44561	0.39946139
44562	0.39846471
44563	0.39729261
44564	0.39590672
44565	0.39427066
44566	0.39235047
44567	0.39011541
44568	0.38753873
44569	0.38459873
44570	0.38127983
44571	0.37757346
44572	0.37347907
44573	0.36900452
44574	0.36416674
44575	0.35899132
44576	0.35351241
44577	0.34777173
44578	0.34181780
44579	0.33570459
44580	0.32949018
44581	0.32323533
44582	0.31700236
44583	0.31085393
44584	0.30485186
44585	0.29905659
44586	0.29352674
44587	0.28831819
44588	0.28348482
44589	0.27907762
44590	0.27514574
44591	0.27173558
44592	0.26889184
44593	0.26665640
44594	0.26506841
44595	0.26416293
44596	0.26396915
44597	0.26450846
44598	0.26579049
44599	0.26780957
44600	0.27054018
44601	0.27393183
44602	0.27790460
44603	0.28234503
44604	0.28710428
44605	0.29199830
44606	0.29681119
44607	0.30130264
44608	0.30521765
44609	0.30830011
44610	0.31030592
44611	0.31101689
44612	0.31025091
44613	0.30786818
44614	0.30377257
44615	0.29790750
44616	0.29024792
44617	0.28078851
44618	0.26953003
44619	0.25646618
44620	0.24156795
44621	0.22477078
44622	0.20596029
44623	0.18495800
44624	0.16150472
44625	0.13524035
44626	0.10567677
44627	0.07215921
44628	0.03381014
44629	-0.01055907
44630	-0.06258810
44631	-0.12460127
44632	-0.20002955
44633	-0.29419827
44634	-0.41597450
44635	-0.58154887
44636	-0.82457882
44637	-1.23005986
44638	-2.09788156
44639	NaN
44640	NaN
44641	NaN
44642	NaN
44643	NaN
44644	NaN
44645	NaN
44646	NaN
44647	NaN
44648	NaN
44649	NaN
44650	NaN
44651	NaN
44652	NaN
44653	NaN
44654	NaN
44655	NaN
44656	NaN
44657	NaN
44658	NaN
44659	NaN
44660	NaN
44661	NaN
44662	NaN
44663	NaN
44664	NaN
44665	NaN
44666	NaN
44667	NaN
44668	NaN
44669	NaN
44670	NaN
44671	NaN
44672	NaN
44673	NaN
44674	NaN
44675	NaN
44676	NaN
44677	NaN
44678	NaN
44679	NaN
44680	NaN
44681	NaN
44682	NaN
44683	NaN
44684	NaN
44685	NaN
44686	NaN
44687	NaN
44688	NaN
44689	NaN
44690	NaN
44691	NaN
44692	NaN
44693	NaN
44694	NaN
44695	NaN
44696	NaN
44697	NaN
44698	NaN
44699	NaN
44700	NaN
44701	NaN
44702	NaN
44703	NaN
44704	NaN
44705	NaN
44706	NaN
44707	NaN
44708	NaN
44709	NaN
44710	NaN
44711	NaN
44712	NaN
44713	NaN
44714	NaN
44715	NaN
44716	NaN
44717	NaN
44718	NaN
44719	NaN
44720	NaN
44721	NaN
44722	NaN
44723	NaN
44724	NaN
44725	NaN
44726	NaN
44727	NaN
44728	NaN
44729	NaN
44730	NaN
44731	NaN
44732	NaN
44733	NaN
44734	NaN
44735	2.86739373
44736	1.23098457
44737	0.97638136
44738	0.87442744
44739	0.82057279
44740	0.78808212
44741	0.76697546
44742	0.75266671
44743	0.74274510
44744	0.73581737
44745	0.73101944
44746	0.72778553
44747	0.72572929
44748	0.72457796
44749	0.72413343
44750	0.72424942
44751	0.72481489
44752	0.72574508
44753	0.72697347
44754	0.72844720
44755	0.73012263
44756	0.73196298
44757	0.73393500
44758	0.73600805
44759	0.73815107
44760	0.74033219
44761	0.74251652
44762	0.74466604
44763	0.74673790
44764	0.74868470
44765	0.75045365
44766	0.75198680
44767	0.75322193
44768	0.75409299
44769	0.75453234
44770	0.75447190
44771	0.75384641
44772	0.75259560
44773	0.75066835
44774	0.74802494
44775	0.74464118
44776	0.74051124
44777	0.73565018
44778	0.73009527
44779	0.72390723
44780	0.71716899
44781	0.70998406
44782	0.70247310
44783	0.69477016
44784	0.68701690
44785	0.67935765
44786	0.67193353
44787	0.66487753
44788	0.65830976
44789	0.65233392
44790	0.64703423
44791	0.64247376
44792	0.63869339
44793	0.63571197
44794	0.63352656
44795	0.63211370
44796	0.63143063
44797	0.63141716
44798	0.63199753
44799	0.63308287
44800	0.63457298
44801	0.63635951
44802	0.63832814
44803	0.64036220
44804	0.64234537
44805	0.64416558
44806	0.64571786
44807	0.64690775
44808	0.64765459
44809	0.64789337
44810	0.64757705
44811	0.64667714
44812	0.64518416
44813	0.64310658
44814	0.64046973
44815	0.63731271
44816	0.63368672
44817	0.62965113
44818	0.62527132
44819	0.62061471
44820	0.61574894
44821	0.61073947
44822	0.60564733
44823	0.60052848
44824	0.59543258
44825	0.59040266
44826	0.58547521
44827	0.58068037
44828	0.57604247
44829	0.57158071
44830	0.56730974
44831	0.56324041
44832	0.55938053
44833	0.55573517
44834	0.55230695
44835	0.54909658
44836	0.54610229
44837	0.54332030
44838	0.54074413
44839	0.53836465
44840	0.53616977
44841	0.53414452
44842	0.53227067
44843	0.53052706
44844	0.52889001
44845	0.52733338
44846	0.52582932
44847	0.52434886
44848	0.52286226
44849	0.52134013
44850	0.51975375
44851	0.51807612
44852	0.51628196
44853	0.51434886
44854	0.51225758
44855	0.50999236
44856	0.50754130
44857	0.50489700
44858	0.50205606
44859	0.49901992
44860	0.49579433
44861	0.49238947
44862	0.48881981
44863	0.48510373
44864	0.48126319
44865	0.47732314
44866	0.47331101
44867	0.46925595
44868	0.46518794
44869	0.46113682
44870	0.45713168
44871	0.45319954
44872	0.44936466
44873	0.44564793
44874	0.44206601
44875	0.43863127
44876	0.43535110
44877	0.43222833
44878	0.42926115
44879	0.42644331
44880	0.42376468
44881	0.42121142
44882	0.41876683
44883	0.41641149
44884	0.41412416
44885	0.41188216
44886	0.40966219
44887	0.40744072
44888	0.40519476
44889	0.40290213
44890	0.40054241
44891	0.39809692
44892	0.39554918
44893	0.39288533
44894	0.39009395
44895	0.38716647
44896	0.38409695
44897	0.38088229
44898	0.37752187
44899	0.37401795
44900	0.37037531
44901	0.36660162
44902	0.36270705
44903	0.35870484
44904	0.35461083
44905	0.35044366
44906	0.34622461
44907	0.34197709
44908	0.33772650
44909	0.33349970
44910	0.32932425
44911	0.32522810
44912	0.32123891
44913	0.31738341
44914	0.31368712
44915	0.31017366
44916	0.30686492
44917	0.30378023
44918	0.30093661
44919	0.29834843
44920	0.29602712
44921	0.29398099
44922	0.29221499
44923	0.29073006
44924	0.28952271
44925	0.28858399
44926	0.28789920
44927	0.28744662
44928	0.28719708
44929	0.28711280
44930	0.28714755
44931	0.28724611
44932	0.28734505
44933	0.28737351
44934	0.28725496
44935	0.28690970
44936	0.28625676
44937	0.28521743
44938	0.28371778
44939	0.28169057
44940	0.27907741
44941	0.27582917
44942	0.27190605
44943	0.26727611
44944	0.26191428
44945	0.25579998
44946	0.24891469
44947	0.24124065
44948	0.23275797
44949	0.22344396
44950	0.21327184
44951	0.20221022
44952	0.19022323
44953	0.17727153
44954	0.16331375
44955	0.14830914
44956	0.13222127
44957	0.11502490
44958	0.09671226
44959	0.07730496
44960	0.05686685
44961	0.03552166
44962	0.01347479
44963	-0.00896408
44964	-0.03135245
44965	-0.05308829
44966	-0.07338113
44967	-0.09122822
44968	-0.10539374
44969	-0.11437897
44970	-0.11638269
44971	-0.10919628
44972	-0.08997262
44973	-0.05465858
44974	0.00334492
44975	0.09665359
44976	0.25445500
44977	0.56479913
44978	1.47248328
44979	NaN
44980	NaN
44981	NaN
44982	NaN
44983	NaN
44984	NaN
44985	NaN
44986	NaN
44987	NaN
44988	NaN
44989	NaN
44990	NaN
44991	NaN
44992	NaN
44993	NaN
44994	NaN
44995	NaN
44996	NaN
44997	NaN
44998	NaN
44999	NaN
45000	NaN
45001	NaN
45002	NaN
45003	NaN
45004	NaN
45005	NaN
45006	NaN
45007	NaN
45008	NaN
45009	NaN
45010	NaN
45011	NaN
45012	NaN
45013	NaN
45014	NaN
45015	NaN
45016	NaN
45017	NaN
45018	NaN
45019	NaN
45020	NaN
45021	NaN
45022	NaN
45023	NaN
45024	NaN
45025	NaN
45026	NaN
45027	NaN
45028	NaN
45029	NaN
45030	NaN
45031	NaN
45032	NaN
45033	NaN
45034	NaN
45035	NaN
45036	NaN
45037	NaN
45038	NaN
45039	NaN
45040	NaN
45041	NaN
45042	NaN
45043	NaN
45044	NaN
45045	NaN
45046	NaN
45047	NaN
45048	NaN
45049	NaN
45050	NaN
45051	NaN
45052	NaN
45053	NaN
45054	NaN
45055	NaN
45056	NaN
45057	NaN
45058	NaN
45059	NaN
45060	1.60882783
45061	0.87804455
45062	0.80301392
45063	0.77614188
45064	0.76309705
45065	0.75578427
45066	0.75131214
45067	0.74840081
45068	0.74640000
45069	0.74495012
45070	0.74383777
45071	0.74293280
45072	0.74215281
45073	0.74144602
45074	0.74078017
45075	0.74013656
45076	0.73950505
45077	0.73888224
45078	0.73826879
45079	0.73766869
45080	0.73708749
45081	0.73653227
45082	0.73601019
45083	0.73552853
45084	0.73509336
45085	0.73470950
45086	0.73437953
45087	0.73410314
45088	0.73387700
45089	0.73369312
45090	0.73353964
45091	0.73339891
45092	0.73324847
45093	0.73305964
45094	0.73279852
45095	0.73242539
45096	0.73189604
45097	0.73116207
45098	0.73017281
45099	0.72887641
45100	0.72722268
45101	0.72516549
45102	0.72266591
45103	0.71969533
45104	0.71623898
45105	0.71229875
45106	0.70789534
45107	0.70306951
45108	0.69788253
45109	0.69241422
45110	0.68676037
45111	0.68102884
45112	0.67533439
45113	0.66979325
45114	0.66451752
45115	0.65961045
45116	0.65516144
45117	0.65124333
45118	0.64790976
45119	0.64519405
45120	0.64310902
45121	0.64164788
45122	0.64078462
45123	0.64047652
45124	0.64066523
45125	0.64127928
45126	0.64223576
45127	0.64344245
45128	0.64480019
45129	0.64620495
45130	0.64755046
45131	0.64873075
45132	0.64964354
45133	0.65019345
45134	0.65029508
45135	0.64987683
45136	0.64888406
45137	0.64728135
45138	0.64505434
45139	0.64221060
45140	0.63877857
45141	0.63480616
45142	0.63035756
45143	0.62550926
45144	0.62034631
45145	0.61495686
45146	0.60942888
45147	0.60384548
45148	0.59828258
45149	0.59280622
45150	0.58747154
45151	0.58232200
45152	0.57739013
45153	0.57269770
45154	0.56825757
45155	0.56407464
45156	0.56014764
45157	0.55647057
45158	0.55303401
45159	0.54982644
45160	0.54683471
45161	0.54404539
45162	0.54144448
45163	0.53901815
45164	0.53675270
45165	0.53463393
45166	0.53264767
45167	0.53077865
45168	0.52901089
45169	0.52732670
45170	0.52570683
45171	0.52412975
45172	0.52257186
45173	0.52100748
45174	0.51940882
45175	0.51774693
45176	0.51599181
45177	0.51411366
45178	0.51208365
45179	0.50987512
45180	0.50746435
45181	0.50483215
45182	0.50196409
45183	0.49885193
45184	0.49549365
45185	0.49189395
45186	0.48806444
45187	0.48402330
45188	0.47979510
45189	0.47541004
45190	0.47090331
45191	0.46631423
45192	0.46168497
45193	0.45705974
45194	0.45248327
45195	0.44799957
45196	0.44365078
45197	0.43947554
45198	0.43550822
45199	0.43177742
45200	0.42830515
45201	0.42510620
45202	0.42218751
45203	0.41954783
45204	0.41717821
45205	0.41506192
45206	0.41317531
45207	0.41148865
45208	0.40996709
45209	0.40857193
45210	0.40726182
45211	0.40599397
45212	0.40472546
45213	0.40341410
45214	0.40201938
45215	0.40050337
45216	0.39883137
45217	0.39697200
45218	0.39489803
45219	0.39258629
45220	0.39001819
45221	0.38717967
45222	0.38406155
45223	0.38065967
45224	0.37697518
45225	0.37301466
45226	0.36879009
45227	0.36431894
45228	0.35962400
45229	0.35473287
45230	0.34967756
45231	0.34449369
45232	0.33921954
45233	0.33389536
45234	0.32856190
45235	0.32326016
45236	0.31802982
45237	0.31290925
45238	0.30793455
45239	0.30313954
45240	0.29855552
45241	0.29421136
45242	0.29013383
45243	0.28634769
45244	0.28287613
45245	0.27974123
45246	0.27696386
45247	0.27456453
45248	0.27256271
45249	0.27097711
45250	0.26982492
45251	0.26912090
45252	0.26887619
45253	0.26909667
45254	0.26978114
45255	0.27091825
45256	0.27248499
45257	0.27444339
45258	0.27673882
45259	0.27929810
45260	0.28202906
45261	0.28482074
45262	0.28754583
45263	0.29006371
45264	0.29222614
45265	0.29388252
45266	0.29488778
45267	0.29510733
45268	0.29442424
45269	0.29274186
45270	0.28998655
45271	0.28610691
45272	0.28107116
45273	0.27486330
45274	0.26747715
45275	0.25890964
45276	0.24915549
45277	0.23819920
45278	0.22601041
45279	0.21253736
45280	0.19770303
45281	0.18139938
45282	0.16348435
45283	0.14377910
45284	0.12206417
45285	0.09808034
45286	0.07152714
45287	0.04206955
45288	0.00934843
45289	-0.02699812
45290	-0.06729688
45291	-0.11177350
45292	-0.16043633
45293	-0.21288812
45294	-0.26797596
45295	-0.32312807
45296	-0.37283012
45297	-0.40406671
45298	-0.37555858
45299	NaN
45300	NaN
45301	NaN
45302	NaN
45303	NaN
45304	NaN
45305	NaN
45306	NaN
45307	NaN
45308	NaN
45309	NaN
45310	NaN
45311	NaN
45312	NaN
45313	NaN
45314	NaN
45315	NaN
45316	NaN
45317	NaN
45318	NaN
45319	NaN
45320	NaN
45321	NaN
45322	NaN
45323	NaN
45324	NaN
45325	NaN
45326	NaN
45327	NaN
45328	NaN
45329	NaN
45330	NaN
45331	NaN
45332	NaN
45333	NaN
45334	NaN
45335	NaN
45336	NaN
45337	NaN
45338	NaN
45339	NaN
45340	NaN
45341	NaN
45342	NaN
45343	NaN
45344	NaN
45345	NaN
45346	NaN
45347	NaN
45348	NaN
45349	NaN
45350	NaN
45351	NaN
45352	NaN
45353	NaN
45354	NaN
45355	NaN
45356	NaN
45357	NaN
45358	NaN
45359	NaN
45360	NaN
45361	NaN
45362	NaN
45363	NaN
45364	NaN
45365	NaN
45366	NaN
45367	NaN
45368	NaN
45369	NaN
45370	NaN
45371	NaN
45372	NaN
45373	NaN
45374	NaN
45375	NaN
45376	NaN
45377	NaN
45378	NaN
45379	NaN
45380	NaN
45381	NaN
45382	NaN
45383	NaN
45384	NaN
45385	NaN
45386	NaN
45387	NaN
45388	NaN
45389	NaN
45390	NaN
45391	NaN
45392	1.57467294
45393	1.04860401
45394	0.90029550
45395	0.83202165
45396	0.79390824
45397	0.77042425
45398	0.75514519
45399	0.74492377
45400	0.73802912
45401	0.73342872
45402	0.73046559
45403	0.72870231
45404	0.72783619
45405	0.72765237
45406	0.72799468
45407	0.72874892
45408	0.72982979
45409	0.73117405
45410	0.73273385
45411	0.73447299
45412	0.73636335
45413	0.73838198
45414	0.74050903
45415	0.74272543
45416	0.74501157
45417	0.74734509
45418	0.74969983
45419	0.75204450
45420	0.75434130
45421	0.75654554
45422	0.75860459
45423	0.76045763
45424	0.76203632
45425	0.76326466
45426	0.76406151
45427	0.76434171
45428	0.76401967
45429	0.76301247
45430	0.76124483
45431	0.75865328
45432	0.75519198
45433	0.75083655
45434	0.74558985
45435	0.73948383
45436	0.73258215
45437	0.72497958
45438	0.71679968
45439	0.70819080
45440	0.69931984
45441	0.69036502
45442	0.68150818
45443	0.67292720
45444	0.66478884
45445	0.65724277
45446	0.65041721
45447	0.64441562
45448	0.63931489
45449	0.63516474
45450	0.63198793
45451	0.62978131
45452	0.62851679
45453	0.62814331
45454	0.62858826
45455	0.62975985
45456	0.63154894
45457	0.63383198
45458	0.63647330
45459	0.63932920
45460	0.64225101
45461	0.64509010
45462	0.64770204
45463	0.64995176
45464	0.65171820
45465	0.65289855
45466	0.65341210
45467	0.65320289
45468	0.65224081
45469	0.65052199
45470	0.64806730
45471	0.64491981
45472	0.64114136
45473	0.63680834
45474	0.63200730
45475	0.62683040
45476	0.62137127
45477	0.61572152
45478	0.60996783
45479	0.60418946
45480	0.59845686
45481	0.59283090
45482	0.58736229
45483	0.58209175
45484	0.57705075
45485	0.57226187
45486	0.56774002
45487	0.56349319
45488	0.55952364
45489	0.55582857
45490	0.55240101
45491	0.54923052
45492	0.54630363
45493	0.54360420
45494	0.54111367
45495	0.53881121
45496	0.53667402
45497	0.53467739
45498	0.53279501
45499	0.53099948
45500	0.52926236
45501	0.52755535
45502	0.52585018
45503	0.52411979
45504	0.52233863
45505	0.52048331
45506	0.51853293
45507	0.51646948
45508	0.51427782
45509	0.51194608
45510	0.50946540
45511	0.50683004
45512	0.50403702
45513	0.50108671
45514	0.49798197
45515	0.49472862
45516	0.49133533
45517	0.48781362
45518	0.48417801
45519	0.48044595
45520	0.47663772
45521	0.47277680
45522	0.46888909
45523	0.46500269
45524	0.46114740
45525	0.45735374
45526	0.45365179
45527	0.45007035
45528	0.44663554
45529	0.44336978
45530	0.44029060
45531	0.43741015
45532	0.43473446
45533	0.43226337
45534	0.42999041
45535	0.42790318
45536	0.42598379
45537	0.42420971
45538	0.42255417
45539	0.42098731
45540	0.41947681
45541	0.41798881
45542	0.41648883
45543	0.41494238
45544	0.41331616
45545	0.41157812
45546	0.40969893
45547	0.40765193
45548	0.40541387
45549	0.40296546
45550	0.40029162
45551	0.39738175
45552	0.39422992
45553	0.39083514
45554	0.38720113
45555	0.38333669
45556	0.37925529
45557	0.37497509
45558	0.37051859
45559	0.36591241
45560	0.36118668
45561	0.35637471
45562	0.35151222
45563	0.34663680
45564	0.34178713
45565	0.33700231
45566	0.33232108
45567	0.32778129
45568	0.32341924
45569	0.31926915
45570	0.31536266
45571	0.31172860
45572	0.30839223
45573	0.30537567
45574	0.30269703
45575	0.30037066
45576	0.29840651
45577	0.29681036
45578	0.29558346
45579	0.29472196
45580	0.29421702
45581	0.29405352
45582	0.29421005
45583	0.29465759
45584	0.29535890
45585	0.29626760
45586	0.29732755
45587	0.29847243
45588	0.29962602
45589	0.30070281
45590	0.30160958
45591	0.30224735
45592	0.30251470
45593	0.30231071
45594	0.30153936
45595	0.30011252
45596	0.29795405
45597	0.29500198
45598	0.29121062
45599	0.28655088
45600	0.28101024
45601	0.27459085
45602	0.26730788
45603	0.25918627
45604	0.25025868
45605	0.24056251
45606	0.23013890
45607	0.21903034
45608	0.20728156
45609	0.19494018
45610	0.18205827
45611	0.16869612
45612	0.15492581
45613	0.14083649
45614	0.12654118
45615	0.11218200
45616	0.09793910
45617	0.08403586
45618	0.07074738
45619	0.05840425
45620	0.04739580
45621	0.03816940
45622	0.03122379
45623	0.02709842
45624	0.02635534
45625	0.02955720
45626	0.03724286
45627	0.04990593
45628	0.06798336
45629	0.09186015
45630	0.12190164
45631	0.15852374
45632	0.20231353
45633	0.25423837
45634	0.31598812
45635	0.39061987
45636	0.48384666
45637	0.60703260
45638	0.78533483
45639	1.08578658
45640	1.76201320
45641	NaN
45642	NaN
45643	NaN
45644	NaN
45645	NaN
45646	NaN
45647	NaN
45648	NaN
45649	NaN
45650	NaN
45651	NaN
45652	NaN
45653	NaN
45654	NaN
45655	NaN
45656	NaN
45657	NaN
45658	NaN
45659	NaN
45660	NaN
45661	NaN
45662	NaN
45663	NaN
45664	NaN
45665	NaN
45666	NaN
45667	NaN
45668	NaN
45669	NaN
45670	NaN
45671	NaN
45672	NaN
45673	NaN
45674	NaN
45675	NaN
45676	NaN
45677	NaN
45678	NaN
45679	NaN
45680	NaN
45681	NaN
45682	NaN
45683	NaN
45684	NaN
45685	NaN
45686	NaN
45687	NaN
45688	NaN
45689	NaN
45690	NaN
45691	NaN
45692	NaN
45693	NaN
45694	NaN
45695	NaN
45696	NaN
45697	NaN
45698	NaN
45699	NaN
45700	NaN
45701	NaN
45702	NaN
45703	NaN
45704	NaN
45705	NaN
45706	NaN
45707	NaN
45708	NaN
45709	NaN
45710	NaN
45711	NaN
45712	NaN
45713	NaN
45714	NaN
45715	NaN
45716	NaN
45717	1.68881392
45718	1.14280427
45719	0.96930784
45720	0.88550520
45721	0.83700138
45722	0.80594945
45723	0.78476471
45724	0.76967311
45725	0.75858253
45726	0.75023913
45727	0.74384540
45728	0.73887014
45729	0.73494679
45730	0.73181516
45731	0.72928590
45732	0.72721928
45733	0.72551066
45734	0.72408044
45735	0.72286832
45736	0.72182757
45737	0.72092217
45738	0.72012371
45739	0.71940982
45740	0.71876174
45741	0.71816379
45742	0.71760100
45743	0.71705890
45744	0.71652228
45745	0.71597427
45746	0.71539575
45747	0.71476489
45748	0.71405697
45749	0.71324414
45750	0.71229577
45751	0.71117914
45752	0.70986003
45753	0.70830387
45754	0.70647717
45755	0.70434946
45756	0.70189458
45757	0.69909316
45758	0.69593453
45759	0.69241810
45760	0.68855524
45761	0.68437010
45762	0.67989975
45763	0.67519373
45764	0.67031294
45765	0.66532755
45766	0.66031438
45767	0.65535396
45768	0.65052736
45769	0.64591271
45770	0.64158243
45771	0.63760006
45772	0.63401818
45773	0.63087660
45774	0.62820089
45775	0.62600225
45776	0.62427670
45777	0.62300634
45778	0.62215960
45779	0.62169278
45780	0.62155175
45781	0.62167346
45782	0.62198818
45783	0.62242132
45784	0.62289572
45785	0.62333369
45786	0.62365896
45787	0.62379897
45788	0.62368661
45789	0.62326252
45790	0.62247664
45791	0.62128991
45792	0.61967593
45793	0.61762166
45794	0.61512780
45795	0.61220920
45796	0.60889339
45797	0.60521978
45798	0.60123700
45799	0.59700096
45800	0.59257156
45801	0.58801019
45802	0.58337653
45803	0.57872647
45804	0.57411009
45805	0.56957000
45806	0.56514114
45807	0.56084996
45808	0.55671513
45809	0.55274785
45810	0.54895318
45811	0.54533070
45812	0.54187602
45813	0.53858197
45814	0.53543931
45815	0.53243798
45816	0.52956754
45817	0.52681798
45818	0.52417988
45819	0.52164447
45820	0.51920384
45821	0.51685071
45822	0.51457810
45823	0.51237905
45824	0.51024622
45825	0.50817144
45826	0.50614542
45827	0.50415707
45828	0.50219357
45829	0.50023991
45830	0.49827906
45831	0.49629211
45832	0.49425879
45833	0.49215785
45834	0.48996821
45835	0.48766941
45836	0.48524296
45837	0.48267293
45838	0.47994712
45839	0.47705749
45840	0.47400081
45841	0.47077897
45842	0.46739894
45843	0.46387285
45844	0.46021739
45845	0.45645368
45846	0.45260620
45847	0.44870231
45848	0.44477108
45849	0.44084263
45850	0.43694687
45851	0.43311280
45852	0.42936736
45853	0.42573470
45854	0.42223543
45855	0.41888601
45856	0.41569832
45857	0.41267928
45858	0.40983090
45859	0.40714991
45860	0.40462828
45861	0.40225321
45862	0.40000769
45863	0.39787111
45864	0.39581951
45865	0.39382675
45866	0.39186502
45867	0.38990572
45868	0.38792020
45869	0.38588038
45870	0.38375983
45871	0.38153383
45872	0.37918028
45873	0.37667978
45874	0.37401617
45875	0.37117666
45876	0.36815208
45877	0.36493701
45878	0.36152989
45879	0.35793287
45880	0.35415229
45881	0.35019800
45882	0.34608373
45883	0.34182653
45884	0.33744672
45885	0.33296722
45886	0.32841328
45887	0.32381186
45888	0.31919113
45889	0.31457973
45890	0.31000629
45891	0.30549890
45892	0.30108449
45893	0.29678872
45894	0.29263532
45895	0.28864598
45896	0.28484055
45897	0.28123641
45898	0.27784899
45899	0.27469155
45900	0.27177525
45901	0.26910925
45902	0.26670045
45903	0.26455370
45904	0.26267111
45905	0.26105228
45906	0.25969332
45907	0.25858697
45908	0.25772154
45909	0.25708073
45910	0.25664237
45911	0.25637838
45912	0.25625363
45913	0.25622571
45914	0.25624439
45915	0.25625211
45916	0.25618437
45917	0.25597072
45918	0.25553688
45919	0.25480628
45920	0.25370306
45921	0.25215423
45922	0.25009245
45923	0.24745825
45924	0.24420150
45925	0.24028267
45926	0.23567279
45927	0.23035333
45928	0.22431545
45929	0.21755862
45930	0.21008909
45931	0.20191844
45932	0.19306287
45933	0.18354197
45934	0.17337847
45935	0.16259880
45936	0.15123382
45937	0.13932033
45938	0.12690431
45939	0.11404362
45940	0.10081468
45941	0.08731702
45942	0.07368219
45943	0.06008163
45944	0.04673739
45945	0.03393066
45946	0.02201290
45947	0.01141548
45948	0.00265630
45949	-0.00365173
45950	-0.00679158
45951	-0.00592639
45952	-0.00006597
45953	0.01200587
45954	0.03189336
45955	0.06193756
45956	0.10603602
45957	0.17172199
45958	0.27643946
45959	0.47266865
45960	1.02314448
45961	NaN
45962	NaN
45963	NaN
45964	NaN
45965	NaN
45966	NaN
45967	NaN
45968	NaN
45969	NaN
45970	NaN
45971	NaN
45972	NaN
45973	NaN
45974	NaN
45975	NaN
45976	NaN
45977	NaN
45978	NaN
45979	NaN
45980	NaN
45981	NaN
45982	NaN
45983	NaN
45984	NaN
45985	NaN
45986	NaN
45987	NaN
45988	NaN
45989	NaN
45990	NaN
45991	NaN
45992	NaN
45993	NaN
45994	NaN
45995	NaN
45996	NaN
45997	NaN
45998	NaN
45999	NaN
46000	NaN
46001	NaN
46002	NaN
46003	NaN
46004	NaN
46005	NaN
46006	NaN
46007	NaN
46008	NaN
46009	NaN
46010	NaN
46011	NaN
46012	NaN
46013	NaN
46014	NaN
46015	NaN
46016	NaN
46017	NaN
46018	NaN
46019	NaN
46020	NaN
46021	NaN
46022	NaN
46023	NaN
46024	NaN
46025	NaN
46026	NaN
46027	NaN
46028	NaN
46029	NaN
46030	NaN
46031	NaN
46032	NaN
46033	NaN
46034	NaN
46035	NaN
46036	NaN
46037	NaN
46038	NaN
46039	1.26226389
46040	0.93637288
46041	0.84360021
46042	0.80019522
46043	0.77543515
46044	0.75976747
46045	0.74924588
46046	0.74194199
46047	0.73679680
46048	0.73317939
46049	0.73068768
46050	0.72905278
46051	0.72808594
46052	0.72765076
46053	0.72764456
46054	0.72798860
46055	0.72862041
46056	0.72948986
46057	0.73055553
46058	0.73178250
46059	0.73314029
46060	0.73460180
46061	0.73614132
46062	0.73773378
46063	0.73935336
46064	0.74097282
46065	0.74256194
46066	0.74408734
46067	0.74551141
46068	0.74679190
46069	0.74788213
46070	0.74873036
46071	0.74928129
46072	0.74947608
46073	0.74925494
46074	0.74855852
46075	0.74733073
46076	0.74552166
46077	0.74309111
46078	0.74001122
46079	0.73627001
46080	0.73187345
46081	0.72684771
46082	0.72123897
46083	0.71511424
46084	0.70855874
46085	0.70167351
46086	0.69457215
46087	0.68737614
46088	0.68021041
46089	0.67319906
46090	0.66646069
46091	0.66010475
46092	0.65422815
46093	0.64891261
46094	0.64422315
46095	0.64020640
46096	0.63688987
46097	0.63428235
46098	0.63237375
46099	0.63113570
46100	0.63052338
46101	0.63047594
46102	0.63091916
46103	0.63176674
46104	0.63292348
46105	0.63428754
46106	0.63575375
46107	0.63721657
46108	0.63857365
46109	0.63972896
46110	0.64059573
46111	0.64109898
46112	0.64117813
46113	0.64078808
46114	0.63990009
46115	0.63850200
46116	0.63659751
46117	0.63420463
46118	0.63135427
46119	0.62808746
46120	0.62445319
46121	0.62050557
46122	0.61630172
46123	0.61189902
46124	0.60735357
46125	0.60271859
46126	0.59804285
46127	0.59337074
46128	0.58874077
46129	0.58418667
46130	0.57973653
46131	0.57541370
46132	0.57123691
46133	0.56722081
46134	0.56337637
46135	0.55971122
46136	0.55623001
46137	0.55293441
46138	0.54982311
46139	0.54689211
46140	0.54413438
46141	0.54153985
46142	0.53909558
46143	0.53678566
46144	0.53459138
46145	0.53249168
46146	0.53046399
46147	0.52848405
46148	0.52652729
46149	0.52456933
46150	0.52258623
46151	0.52055550
46152	0.51845646
46153	0.51627040
46154	0.51398093
46155	0.51157397
46156	0.50903851
46157	0.50636595
46158	0.50355095
46159	0.50059110
46160	0.49748772
46161	0.49424520
46162	0.49087191
46163	0.48737973
46164	0.48378438
46165	0.48010492
46166	0.47636384
46167	0.47258613
46168	0.46879911
46169	0.46503139
46170	0.46131214
46171	0.45767015
46172	0.45413277
46173	0.45072496
46174	0.44746855
46175	0.44438121
46176	0.44147605
46177	0.43876088
46178	0.43623802
46179	0.43390405
46180	0.43174991
46181	0.42976087
46182	0.42791703
46183	0.42619354
46184	0.42456141
46185	0.42298818
46186	0.42143852
46187	0.41987541
46188	0.41826102
46189	0.41655773
46190	0.41472900
46191	0.41274074
46192	0.41056171
46193	0.40816489
46194	0.40552780
46195	0.40263322
46196	0.39946935
46197	0.39603025
46198	0.39231589
46199	0.38833174
46200	0.38408884
46201	0.37960348
46202	0.37489673
46203	0.36999410
46204	0.36492524
46205	0.35972324
46206	0.35442445
46207	0.34906766
46208	0.34369382
46209	0.33834493
46210	0.33306369
46211	0.32789236
46212	0.32287228
46213	0.31804290
46214	0.31344128
46215	0.30910143
46216	0.30505401
46217	0.30132604
46218	0.29794106
46219	0.29491848
46220	0.29227433
46221	0.29002064
46222	0.28816554
46223	0.28671294
46224	0.28566235
46225	0.28500840
46226	0.28474006
46227	0.28484032
46228	0.28528512
46229	0.28604278
46230	0.28707346
46231	0.28832802
46232	0.28974807
46233	0.29126549
46234	0.29280323
46235	0.29427540
46236	0.29558951
46237	0.29664820
46238	0.29735157
46239	0.29760069
46240	0.29729992
46241	0.29636076
46242	0.29470354
46243	0.29225996
46244	0.28897381
46245	0.28480151
46246	0.27971128
46247	0.27368230
46248	0.26670215
46249	0.25876617
46250	0.24987403
46251	0.24002936
46252	0.22923723
46253	0.21750398
46254	0.20483628
46255	0.19124196
46256	0.17673115
46257	0.16131757
46258	0.14502223
46259	0.12787643
46260	0.10992728
46261	0.09124399
46262	0.07192487
46263	0.05210756
46264	0.03197834
46265	0.01178472
46266	-0.00814968
46267	-0.02741340
46268	-0.04548772
46269	-0.06173111
46270	-0.07535308
46271	-0.08538280
46272	-0.09061511
46273	-0.08950943
46274	-0.08000576
46275	-0.05913061
46276	-0.02216495
46277	0.03935328
46278	0.14308684
46279	0.33439437
46280	0.77818227
46281	NaN
46282	NaN
46283	NaN
46284	NaN
46285	NaN
46286	NaN
46287	NaN
46288	NaN
46289	NaN
46290	NaN
46291	NaN
46292	NaN
46293	NaN
46294	NaN
46295	NaN
46296	NaN
46297	NaN
46298	NaN
46299	NaN
46300	NaN
46301	NaN
46302	NaN
46303	NaN
46304	NaN
46305	NaN
46306	NaN
46307	NaN
46308	NaN
46309	NaN
46310	NaN
46311	NaN
46312	NaN
46313	NaN
46314	NaN
46315	NaN
46316	NaN
46317	NaN
46318	NaN
46319	NaN
46320	NaN
46321	NaN
46322	NaN
46323	NaN
46324	NaN
46325	NaN
46326	NaN
46327	NaN
46328	NaN
46329	NaN
46330	NaN
46331	NaN
46332	NaN
46333	NaN
46334	NaN
46335	NaN
46336	NaN
46337	NaN
46338	NaN
46339	NaN
46340	NaN
46341	NaN
46342	NaN
46343	NaN
46344	NaN
46345	NaN
46346	NaN
46347	NaN
46348	NaN
46349	NaN
46350	NaN
46351	NaN
46352	NaN
46353	NaN
46354	NaN
46355	NaN
46356	NaN
46357	NaN
46358	NaN
46359	NaN
46360	NaN
46361	NaN
46362	NaN
46363	NaN
46364	NaN
46365	NaN
46366	NaN
46367	NaN
46368	NaN
46369	NaN
46370	NaN
46371	0.84949136
46372	0.75190926
46373	0.72798467
46374	0.71842933
46375	0.71396989
46376	0.71180546
46377	0.71080792
46378	0.71044171
46379	0.71042424
46380	0.71059757
46381	0.71086943
46382	0.71118695
46383	0.71152020
46384	0.71185529
46385	0.71218795
46386	0.71252114
46387	0.71286184
46388	0.71322024
46389	0.71360737
46390	0.71403480
46391	0.71451300
46392	0.71505123
46393	0.71565604
46394	0.71633106
46395	0.71707618
46396	0.71788698
46397	0.71875423
46398	0.71966344
46399	0.72059464
46400	0.72152191
46401	0.72241342
46402	0.72323102
46403	0.72393066
46404	0.72446251
46405	0.72477162
46406	0.72479856
46407	0.72448081
46408	0.72375453
46409	0.72255695
46410	0.72082871
46411	0.71851820
46412	0.71558428
46413	0.71200138
46414	0.70776254
46415	0.70288342
46416	0.69740433
46417	0.69139141
46418	0.68493563
46419	0.67815071
46420	0.67116839
46421	0.66413307
46422	0.65719497
46423	0.65050328
46424	0.64419925
46425	0.63841021
46426	0.63324481
46427	0.62878948
46428	0.62510628
46429	0.62223214
46430	0.62017894
46431	0.61893445
46432	0.61846405
46433	0.61871260
46434	0.61960667
46435	0.62105644
46436	0.62295818
46437	0.62519670
46438	0.62764770
46439	0.63018084
46440	0.63266259
46441	0.63495994
46442	0.63694417
46443	0.63849521
46444	0.63950586
46445	0.63988584
46446	0.63956600
46447	0.63850087
46448	0.63667095
46449	0.63408285
46450	0.63076872
46451	0.62678367
46452	0.62220222
46453	0.61711383
46454	0.61161751
46455	0.60581702
46456	0.59981567
46457	0.59371239
46458	0.58759797
46459	0.58155298
46460	0.57564604
46461	0.56993371
46462	0.56446004
46463	0.55925798
46464	0.55435002
46465	0.54975015
46466	0.54546463
46467	0.54149449
46468	0.53783572
46469	0.53448135
46470	0.53142160
46471	0.52864522
46472	0.52613938
46473	0.52389002
46474	0.52188188
46475	0.52009821
46476	0.51852059
46477	0.51712859
46478	0.51589918
46479	0.51480675
46480	0.51382285
46481	0.51291579
46482	0.51205087
46483	0.51119107
46484	0.51029670
46485	0.50932676
46486	0.50823945
46487	0.50699311
46488	0.50554758
46489	0.50386512
46490	0.50191194
46491	0.49965885
46492	0.49708280
46493	0.49416736
46494	0.49090394
46495	0.48729175
46496	0.48333862
46497	0.47906083
46498	0.47448304
46499	0.46963784
46500	0.46456531
46501	0.45931184
46502	0.45392954
46503	0.44847435
46504	0.44300500
46505	0.43758097
46506	0.43226090
46507	0.42710078
46508	0.42215225
46509	0.41746074
46510	0.41306439
46511	0.40899277
46512	0.40526623
46513	0.40189546
46514	0.39888161
46515	0.39621648
46516	0.39388329
46517	0.39185745
46518	0.39010754
46519	0.38859662
46520	0.38728315
46521	0.38612238
46522	0.38506743
46523	0.38407034
46524	0.38308331
46525	0.38205940
46526	0.38095355
46527	0.37972349
46528	0.37832987
46529	0.37673736
46530	0.37491468
46531	0.37283510
46532	0.37047690
46533	0.36782336
46534	0.36486337
46535	0.36159167
46536	0.35800895
46537	0.35412261
46538	0.34994641
46539	0.34550089
46540	0.34081316
46541	0.33591637
46542	0.33084905
46543	0.32565436
46544	0.32037851
46545	0.31506994
46546	0.30977771
46547	0.30455041
46548	0.29943499
46549	0.29447600
46550	0.28971520
46551	0.28519109
46552	0.28093934
46553	0.27699280
46554	0.27338189
46555	0.27013496
46556	0.26727879
46557	0.26483846
46558	0.26283717
46559	0.26129594
46560	0.26023272
46561	0.25966096
46562	0.25958800
46563	0.26001325
46564	0.26092565
46565	0.26230133
46566	0.26410100
46567	0.26626781
46568	0.26872569
46569	0.27137825
46570	0.27410951
46571	0.27678537
46572	0.27925739
46573	0.28136766
46574	0.28295478
46575	0.28386125
46576	0.28393951
46577	0.28305918
46578	0.28111061
46579	0.27800873
46580	0.27369311
46581	0.26812750
46582	0.26129654
46583	0.25320250
46584	0.24386108
46585	0.23329736
46586	0.22154213
46587	0.20863040
46588	0.19459909
46589	0.17948912
46590	0.16334657
46591	0.14622805
46592	0.12820798
46593	0.10938788
46594	0.08991010
46595	0.06997433
46596	0.04985718
46597	0.02993551
46598	0.01070907
46599	-0.00717614
46600	-0.02291324
46601	-0.03552952
46602	-0.04390490
46603	-0.04681058
46604	-0.04297865
46605	-0.03119458
46606	-0.01039364
46607	0.02025429
46608	0.06131382
46609	0.11312602
46610	0.17595057
46611	0.25022691
46612	0.33698303
46613	0.43848056
46614	0.55933619
46615	0.70874488
46616	0.90572643
46617	1.19386160
46618	1.69525766
46619	2.92213845
46620	NaN
46621	NaN
46622	NaN
46623	NaN
46624	NaN
46625	NaN
46626	NaN
46627	NaN
46628	NaN
46629	NaN
46630	NaN
46631	NaN
46632	NaN
46633	NaN
46634	NaN
46635	NaN
46636	NaN
46637	NaN
46638	NaN
46639	NaN
46640	NaN
46641	NaN
46642	NaN
46643	NaN
46644	NaN
46645	NaN
46646	NaN
46647	NaN
46648	NaN
46649	NaN
46650	NaN
46651	NaN
46652	NaN
46653	NaN
46654	NaN
46655	NaN
46656	NaN
46657	NaN
46658	NaN
46659	NaN
46660	NaN
46661	NaN
46662	NaN
46663	NaN
46664	NaN
46665	NaN
46666	NaN
46667	NaN
46668	NaN
46669	NaN
46670	NaN
46671	NaN
46672	NaN
46673	NaN
46674	NaN
46675	NaN
46676	NaN
46677	NaN
46678	NaN
46679	NaN
46680	NaN
46681	NaN
46682	NaN
46683	NaN
46684	NaN
46685	NaN
46686	NaN
46687	NaN
46688	NaN
46689	NaN
46690	NaN
46691	NaN
46692	NaN
46693	NaN
46694	NaN
46695	NaN
46696	NaN
46697	NaN
46698	NaN
46699	1.79883111
46700	1.15045059
46701	0.96442950
46702	0.87627316
46703	0.82511795
46704	0.79203057
46705	0.76918608
46706	0.75275058
46707	0.74061644
46708	0.73152226
46709	0.72466278
46710	0.71949619
46711	0.71564221
46712	0.71282405
46713	0.71083409
46714	0.70951283
46715	0.70873475
46716	0.70839942
46717	0.70842481
46718	0.70874310
46719	0.70929676
46720	0.71003646
46721	0.71091813
46722	0.71190166
46723	0.71294928
46724	0.71402395
46725	0.71508819
46726	0.71610302
46727	0.71702713
46728	0.71781605
46729	0.71842206
46730	0.71879387
46731	0.71887696
46732	0.71861440
46733	0.71794850
46734	0.71682167
46735	0.71517938
46736	0.71297222
46737	0.71015936
46738	0.70671064
46739	0.70261043
46740	0.69785994
46741	0.69247937
46742	0.68650967
46743	0.68001282
46744	0.67307127
46745	0.66578639
46746	0.65827501
46747	0.65066618
46748	0.64309585
46749	0.63570219
46750	0.62861997
46751	0.62197590
46752	0.61588377
46753	0.61044103
46754	0.60572565
46755	0.60179394
46756	0.59867960
46757	0.59639341
46758	0.59492350
46759	0.59423614
46760	0.59427762
46761	0.59497589
46762	0.59624285
46763	0.59797686
46764	0.60006595
46765	0.60239035
46766	0.60482645
46767	0.60724962
46768	0.60953826
46769	0.61157691
46770	0.61325967
46771	0.61449319
46772	0.61519939
46773	0.61531723
46774	0.61480480
46775	0.61363900
46776	0.61181611
46777	0.60935080
46778	0.60627431
46779	0.60263216
46780	0.59848160
46781	0.59388870
46782	0.58892488
46783	0.58366472
46784	0.57818246
46785	0.57255071
46786	0.56683785
46787	0.56110716
46788	0.55541605
46789	0.54981506
46790	0.54434836
46791	0.53905344
46792	0.53396142
46793	0.52909780
46794	0.52448231
46795	0.52013010
46796	0.51605111
46797	0.51225114
46798	0.50873142
46799	0.50548905
46800	0.50251669
46801	0.49980268
46802	0.49733126
46803	0.49508256
46804	0.49303296
46805	0.49115586
46806	0.48942181
46807	0.48779988
46808	0.48625806
46809	0.48476431
46810	0.48328713
46811	0.48179644
46812	0.48026389
46813	0.47866359
46814	0.47697175
46815	0.47516754
46816	0.47323272
46817	0.47115207
46818	0.46891314
46819	0.46650675
46820	0.46392691
46821	0.46117085
46822	0.45823956
46823	0.45513773
46824	0.45187411
46825	0.44846132
46826	0.44491655
46827	0.44126070
46828	0.43751878
46829	0.43371928
46830	0.42989358
46831	0.42607507
46832	0.42229816
46833	0.41859722
46834	0.41500524
46835	0.41155246
46836	0.40826550
46837	0.40516600
46838	0.40226996
46839	0.39958692
46840	0.39711973
46841	0.39486432
46842	0.39280981
46843	0.39093885
46844	0.38922814
46845	0.38764918
46846	0.38616908
46847	0.38475162
46848	0.38335842
46849	0.38194996
46850	0.38048688
46851	0.37893102
46852	0.37724653
46853	0.37540063
46854	0.37336460
46855	0.37111399
46856	0.36862931
46857	0.36589625
46858	0.36290565
46859	0.35965377
46860	0.35614204
46861	0.35237727
46862	0.34837112
46863	0.34414044
46864	0.33970672
46865	0.33509609
46866	0.33033872
46867	0.32546860
46868	0.32052273
46869	0.31554055
46870	0.31056297
46871	0.30563155
46872	0.30078730
46873	0.29606995
46874	0.29151702
46875	0.28716302
46876	0.28303888
46877	0.27917162
46878	0.27558371
46879	0.27229333
46880	0.26931393
46881	0.26665443
46882	0.26431909
46883	0.26230752
46884	0.26061493
46885	0.25923142
46886	0.25814265
46887	0.25732881
46888	0.25676504
46889	0.25642055
46890	0.25625879
46891	0.25623688
46892	0.25630552
46893	0.25640938
46894	0.25648758
46895	0.25647414
46896	0.25630006
46897	0.25589436
46898	0.25518680
46899	0.25410971
46900	0.25260085
46901	0.25060552
46902	0.24807842
46903	0.24498512
46904	0.24130274
46905	0.23701987
46906	0.23213607
46907	0.22666042
46908	0.22060995
46909	0.21400790
46910	0.20688203
46911	0.19926238
46912	0.19118102
46913	0.18267080
46914	0.17376480
46915	0.16449755
46916	0.15490490
46917	0.14502621
46918	0.13490590
46919	0.12459622
46920	0.11416011
46921	0.10367502
46922	0.09323724
46923	0.08296642
46924	0.07301033
46925	0.06355073
46926	0.05480684
46927	0.04703973
46928	0.04055243
46929	0.03568951
46930	0.03283027
46931	0.03237889
46932	0.03475085
46933	0.04035249
46934	0.04956301
46935	0.06271488
46936	0.08008360
46937	0.10188934
46938	0.12831572
46939	0.15955973
46940	0.19591363
46941	0.23791598
46942	0.28661105
46943	0.34403500
46944	0.41427642
46945	0.50606549
46946	0.64066517
46947	0.88410276
46948	1.58681738
46949	NaN
46950	NaN
46951	NaN
46952	NaN
46953	NaN
46954	NaN
46955	NaN
46956	NaN
46957	NaN
46958	NaN
46959	NaN
46960	NaN
46961	NaN
46962	NaN
46963	NaN
46964	NaN
46965	NaN
46966	NaN
46967	NaN
46968	NaN
46969	NaN
46970	NaN
46971	NaN
46972	NaN
46973	NaN
46974	NaN
46975	NaN
46976	NaN
46977	NaN
46978	NaN
46979	NaN
46980	NaN
46981	NaN
46982	NaN
46983	NaN
46984	NaN
46985	NaN
46986	NaN
46987	NaN
46988	NaN
46989	NaN
46990	NaN
46991	NaN
46992	NaN
46993	NaN
46994	NaN
46995	NaN
46996	NaN
46997	NaN
46998	NaN
46999	NaN
47000	NaN
47001	NaN
47002	NaN
47003	NaN
47004	NaN
47005	NaN
47006	NaN
47007	NaN
47008	NaN
47009	NaN
47010	NaN
47011	NaN
47012	NaN
47013	NaN
47014	NaN
47015	NaN
47016	NaN
47017	NaN
47018	NaN
47019	NaN
47020	NaN
47021	NaN
47022	NaN
47023	NaN
47024	1.37283123
47025	0.97308290
47026	0.85571307
47027	0.80107158
47028	0.77026194
47029	0.75095159
47030	0.73800790
47031	0.72891968
47032	0.72231400
47033	0.71738100
47034	0.71361268
47035	0.71067703
47036	0.70834827
47037	0.70647025
47038	0.70493215
47039	0.70365489
47040	0.70258135
47041	0.70167059
47042	0.70089316
47043	0.70022798
47044	0.69965994
47045	0.69917810
47046	0.69877380
47047	0.69843972
47048	0.69816804
47049	0.69795024
47050	0.69777548
47051	0.69763023
47052	0.69749761
47053	0.69735676
47054	0.69718248
47055	0.69694537
47056	0.69661158
47057	0.69614327
47058	0.69549936
47059	0.69463617
47060	0.69350904
47061	0.69207358
47062	0.69028795
47063	0.68811482
47064	0.68552411
47065	0.68249518
47066	0.67901933
47067	0.67510211
47068	0.67076474
47069	0.66604483
47070	0.66099656
47071	0.65568948
47072	0.65020639
47073	0.64464086
47074	0.63909292
47075	0.63366532
47076	0.62845874
47077	0.62356782
47078	0.61907697
47079	0.61505687
47080	0.61156207
47081	0.60862935
47082	0.60627645
47083	0.60450238
47084	0.60328788
47085	0.60259736
47086	0.60237974
47087	0.60257113
47088	0.60309690
47089	0.60387415
47090	0.60481375
47091	0.60582322
47092	0.60680848
47093	0.60767686
47094	0.60833913
47095	0.60871202
47096	0.60872084
47097	0.60830158
47098	0.60740364
47099	0.60599095
47100	0.60404450
47101	0.60156226
47102	0.59855956
47103	0.59506792
47104	0.59113342
47105	0.58681381
47106	0.58217567
47107	0.57729089
47108	0.57223254
47109	0.56707245
47110	0.56187814
47111	0.55671042
47112	0.55162233
47113	0.54665834
47114	0.54185438
47115	0.53723782
47116	0.53282881
47117	0.52864081
47118	0.52468187
47119	0.52095556
47120	0.51746243
47121	0.51419997
47122	0.51116431
47123	0.50834984
47124	0.50575018
47125	0.50335777
47126	0.50116420
47127	0.49915978
47128	0.49733353
47129	0.49567255
47130	0.49416178
47131	0.49278364
47132	0.49151760
47133	0.49034002
47134	0.48922393
47135	0.48813906
47136	0.48705208
47137	0.48592713
47138	0.48472640
47139	0.48341116
47140	0.48194298
47141	0.48028490
47142	0.47840276
47143	0.47626695
47144	0.47385317
47145	0.47114381
47146	0.46812865
47147	0.46480528
47148	0.46117941
47149	0.45726475
47150	0.45308238
47151	0.44866073
47152	0.44403410
47153	0.43924233
47154	0.43432963
47155	0.42934337
47156	0.42433307
47157	0.41934913
47158	0.41444150
47159	0.40965819
47160	0.40504420
47161	0.40063995
47162	0.39647982
47163	0.39259154
47164	0.38899481
47165	0.38570097
47166	0.38271278
47167	0.38002431
47168	0.37762162
47169	0.37548351
47170	0.37358230
47171	0.37188515
47172	0.37035525
47173	0.36895302
47174	0.36763704
47175	0.36636516
47176	0.36509559
47177	0.36378723
47178	0.36240065
47179	0.36089846
47180	0.35924596
47181	0.35741135
47182	0.35536659
47183	0.35308760
47184	0.35055476
47185	0.34775355
47186	0.34467477
47187	0.34131491
47188	0.33767644
47189	0.33376750
47190	0.32960215
47191	0.32519981
47192	0.32058454
47193	0.31578478
47194	0.31083193
47195	0.30576035
47196	0.30060577
47197	0.29540503
47198	0.29019517
47199	0.28501290
47200	0.27989420
47201	0.27487373
47202	0.26998472
47203	0.26525870
47204	0.26072472
47205	0.25641003
47206	0.25233918
47207	0.24853417
47208	0.24501443
47209	0.24179666
47210	0.23889476
47211	0.23631988
47212	0.23408012
47213	0.23218031
47214	0.23062153
47215	0.22940059
47216	0.22850904
47217	0.22793250
47218	0.22764909
47219	0.22762869
47220	0.22783175
47221	0.22820853
47222	0.22869894
47223	0.22923245
47224	0.22972961
47225	0.23010312
47226	0.23026060
47227	0.23010738
47228	0.22954978
47229	0.22849816
47230	0.22686975
47231	0.22459050
47232	0.22159697
47233	0.21783541
47234	0.21326250
47235	0.20784256
47236	0.20154640
47237	0.19434857
47238	0.18622513
47239	0.17715175
47240	0.16710159
47241	0.15604511
47242	0.14394957
47243	0.13078092
47244	0.11650679
47245	0.10110082
47246	0.08454974
47247	0.06686260
47248	0.04808308
47249	0.02830332
47250	0.00768238
47251	-0.01353261
47252	-0.03498543
47253	-0.05618382
47254	-0.07647891
47255	-0.09504478
47256	-0.11086805
47257	-0.12274713
47258	-0.12929973
47259	-0.12898481
47260	-0.12010106
47261	-0.10075185
47262	-0.06869080
47263	-0.02091216
47264	0.04731186
47265	0.14480072
47266	0.29099303
47267	0.53848094
47268	1.08979678
47269	NaN
47270	NaN
47271	NaN
47272	NaN
47273	NaN
47274	NaN
47275	NaN
47276	NaN
47277	NaN
47278	NaN
47279	NaN
47280	NaN
47281	NaN
47282	NaN
47283	NaN
47284	NaN
47285	NaN
47286	NaN
47287	NaN
47288	NaN
47289	NaN
47290	NaN
47291	NaN
47292	NaN
47293	NaN
47294	NaN
47295	NaN
47296	NaN
47297	NaN
47298	NaN
47299	NaN
47300	NaN
47301	NaN
47302	NaN
47303	NaN
47304	NaN
47305	NaN
47306	NaN
47307	NaN
47308	NaN
47309	NaN
47310	NaN
47311	NaN
47312	NaN
47313	NaN
47314	NaN
47315	NaN
47316	NaN
47317	NaN
47318	NaN
47319	NaN
47320	NaN
47321	NaN
47322	NaN
47323	NaN
47324	NaN
47325	NaN
47326	NaN
47327	NaN
47328	NaN
47329	NaN
47330	NaN
47331	NaN
47332	NaN
47333	NaN
47334	NaN
47335	NaN
47336	NaN
47337	NaN
47338	NaN
47339	NaN
47340	NaN
47341	NaN
47342	NaN
47343	NaN
47344	NaN
47345	NaN
47346	NaN
47347	NaN
47348	NaN
47349	NaN
47350	NaN
47351	NaN
47352	NaN
47353	NaN
47354	NaN
47355	NaN
47356	NaN
47357	NaN
47358	NaN
47359	3.45594168
47360	1.07398641
47361	0.83693045
47362	0.75113273
47363	0.70923215
47364	0.68597627
47365	0.67230648
47366	0.66415936
47367	0.65943700
47368	0.65694422
47369	0.65595198
47370	0.65599060
47371	0.65674686
47372	0.65800494
47373	0.65961432
47374	0.66146821
47375	0.66349095
47376	0.66562873
47377	0.66784388
47378	0.67010981
47379	0.67240793
47380	0.67472440
47381	0.67704815
47382	0.67936832
47383	0.68167335
47384	0.68394858
47385	0.68617558
47386	0.68833089
47387	0.69038516
47388	0.69230288
47389	0.69404209
47390	0.69555426
47391	0.69678533
47392	0.69767600
47393	0.69816357
47394	0.69818366
47395	0.69767255
47396	0.69656974
47397	0.69482148
47398	0.69238400
47399	0.68922698
47400	0.68533725
47401	0.68072122
47402	0.67540783
47403	0.66944939
47404	0.66292161
47405	0.65592217
47406	0.64856833
47407	0.64099216
47408	0.63333553
47409	0.62574488
47410	0.61836445
47411	0.61133105
47412	0.60476905
47413	0.59878582
47414	0.59346908
47415	0.58888483
47416	0.58507633
47417	0.58206439
47418	0.57984734
47419	0.57840282
47420	0.57768863
47421	0.57764500
47422	0.57819605
47423	0.57925212
47424	0.58071178
47425	0.58246446
47426	0.58439314
47427	0.58637756
47428	0.58829731
47429	0.59003580
47430	0.59148365
47431	0.59254229
47432	0.59312737
47433	0.59317160
47434	0.59262687
47435	0.59146523
47436	0.58967942
47437	0.58728170
47438	0.58430195
47439	0.58078569
47440	0.57679015
47441	0.57238132
47442	0.56763029
47443	0.56260985
47444	0.55739194
47445	0.55204517
47446	0.54663312
47447	0.54121333
47448	0.53583664
47449	0.53054720
47450	0.52538240
47451	0.52037358
47452	0.51554638
47453	0.51092130
47454	0.50651455
47455	0.50233805
47456	0.49840012
47457	0.49470562
47458	0.49125600
47459	0.48804945
47460	0.48508048
47461	0.48234034
47462	0.47981662
47463	0.47749320
47464	0.47535089
47465	0.47336718
47466	0.47151697
47467	0.46977296
47468	0.46810636
47469	0.46648762
47470	0.46488702
47471	0.46327543
47472	0.46162486
47473	0.45990899
47474	0.45810360
47475	0.45618680
47476	0.45413944
47477	0.45194539
47478	0.44959161
47479	0.44706857
47480	0.44437024
47481	0.44149464
47482	0.43844369
47483	0.43522355
47484	0.43184453
47485	0.42832127
47486	0.42467248
47487	0.42092073
47488	0.41709214
47489	0.41321579
47490	0.40932330
47491	0.40544778
47492	0.40162325
47493	0.39788336
47494	0.39426044
47495	0.39078420
47496	0.38748080
47497	0.38437164
47498	0.38147238
47499	0.37879220
47500	0.37633339
47501	0.37409094
47502	0.37205267
47503	0.37019962
47504	0.36850673
47505	0.36694354
47506	0.36547559
47507	0.36406529
47508	0.36267334
47509	0.36125979
47510	0.35978541
47511	0.35821226
47512	0.35650513
47513	0.35463163
47514	0.35256332
47515	0.35027549
47516	0.34774789
47517	0.34496480
47518	0.34191519
47519	0.33859286
47520	0.33499646
47521	0.33112979
47522	0.32700202
47523	0.32262737
47524	0.31802568
47525	0.31322199
47526	0.30824658
47527	0.30313444
47528	0.29792491
47529	0.29266056
47530	0.28738654
47531	0.28214926
47532	0.27699524
47533	0.27196994
47534	0.26711676
47535	0.26247606
47536	0.25808463
47537	0.25397512
47538	0.25017601
47539	0.24671146
47540	0.24360150
47541	0.24086247
47542	0.23850675
47543	0.23654346
47544	0.23497795
47545	0.23381197
47546	0.23304316
47547	0.23266453
47548	0.23266369
47549	0.23302200
47550	0.23371372
47551	0.23470464
47552	0.23595147
47553	0.23740113
47554	0.23898982
47555	0.24064332
47556	0.24227731
47557	0.24379846
47558	0.24510637
47559	0.24609582
47560	0.24666049
47561	0.24669597
47562	0.24610426
47563	0.24479717
47564	0.24269977
47565	0.23975247
47566	0.23591270
47567	0.23115481
47568	0.22546950
47569	0.21886162
47570	0.21134813
47571	0.20295471
47572	0.19371405
47573	0.18366252
47574	0.17283916
47575	0.16128430
47576	0.14904016
47577	0.13615198
47578	0.12267018
47579	0.10865519
47580	0.09418242
47581	0.07935017
47582	0.06428839
47583	0.04917017
47584	0.03422506
47585	0.01975272
47586	0.00613882
47587	-0.00613174
47588	-0.01646134
47589	-0.02413291
47590	-0.02831112
47591	-0.02805109
47592	-0.02232135
47593	-0.01003415
47594	0.00992140
47595	0.03865407
47596	0.07727560
47597	0.12695979
47598	0.18910193
47599	0.26563677
47600	0.35963675
47601	0.47647634
47602	0.62621868
47603	0.82927531
47604	1.13224316
47605	1.66543591
47606	2.97174191
47607	NaN
47608	NaN
47609	NaN
47610	NaN
47611	NaN
47612	NaN
47613	NaN
47614	NaN
47615	NaN
47616	NaN
47617	NaN
47618	NaN
47619	NaN
47620	NaN
47621	NaN
47622	NaN
47623	NaN
47624	NaN
47625	NaN
47626	NaN
47627	NaN
47628	NaN
47629	NaN
47630	NaN
47631	NaN
47632	NaN
47633	NaN
47634	NaN
47635	NaN
47636	NaN
47637	NaN
47638	NaN
47639	NaN
47640	NaN
47641	NaN
47642	NaN
47643	NaN
47644	NaN
47645	NaN
47646	NaN
47647	NaN
47648	NaN
47649	NaN
47650	NaN
47651	NaN
47652	NaN
47653	NaN
47654	NaN
47655	NaN
47656	NaN
47657	NaN
47658	NaN
47659	NaN
47660	NaN
47661	NaN
47662	NaN
47663	NaN
47664	NaN
47665	NaN
47666	NaN
47667	NaN
47668	NaN
47669	NaN
47670	NaN
47671	NaN
47672	NaN
47673	NaN
47674	NaN
47675	NaN
47676	NaN
47677	NaN
47678	NaN
47679	NaN
47680	NaN
47681	NaN
47682	NaN
47683	NaN
47684	2.23756552
47685	1.16846430
47686	0.95559263
47687	0.86411941
47688	0.81312728
47689	0.78058982
47690	0.75803542
47691	0.74150503
47692	0.72889751
47693	0.71899182
47694	0.71102935
47695	0.70451307
47696	0.69910437
47697	0.69456482
47698	0.69072264
47699	0.68745142
47700	0.68465686
47701	0.68226820
47702	0.68023133
47703	0.67850524
47704	0.67705768
47705	0.67586315
47706	0.67490041
47707	0.67415094
47708	0.67359692
47709	0.67322040
47710	0.67300183
47711	0.67291963
47712	0.67294878
47713	0.67306077
47714	0.67322296
47715	0.67339826
47716	0.67354494
47717	0.67361730
47718	0.67356557
47719	0.67333657
47720	0.67287505
47721	0.67212498
47722	0.67103100
47723	0.66954136
47724	0.66760975
47725	0.66519880
47726	0.66228282
47727	0.65885097
47728	0.65490943
47729	0.65048349
47730	0.64561850
47731	0.64037901
47732	0.63484776
47733	0.62912166
47734	0.62330866
47735	0.61752206
47736	0.61187536
47737	0.60647666
47738	0.60142410
47739	0.59680104
47740	0.59267354
47741	0.58908778
47742	0.58606982
47743	0.58362520
47744	0.58174044
47745	0.58038455
47746	0.57951134
47747	0.57906169
47748	0.57896638
47749	0.57914835
47750	0.57952541
47751	0.58001250
47752	0.58052403
47753	0.58097589
47754	0.58128768
47755	0.58138472
47756	0.58119988
47757	0.58067578
47758	0.57976615
47759	0.57843751
47760	0.57667023
47761	0.57445914
47762	0.57181293
47763	0.56875390
47764	0.56531614
47765	0.56154346
47766	0.55748659
47767	0.55320078
47768	0.54874247
47769	0.54416704
47770	0.53952646
47771	0.53486758
47772	0.53023106
47773	0.52565062
47774	0.52115321
47775	0.51675934
47776	0.51248366
47777	0.50833613
47778	0.50432283
47779	0.50044715
47780	0.49671069
47781	0.49311393
47782	0.48965713
47783	0.48634079
47784	0.48316589
47785	0.48013398
47786	0.47724721
47787	0.47450793
47788	0.47191855
47789	0.46948057
47790	0.46719420
47791	0.46505740
47792	0.46306515
47793	0.46120873
47794	0.45947483
47795	0.45784572
47796	0.45629835
47797	0.45480520
47798	0.45333457
47799	0.45185134
47800	0.45031855
47801	0.44869852
47802	0.44695455
47803	0.44505236
47804	0.44296166
47805	0.44065732
47806	0.43812034
47807	0.43533859
47808	0.43230703
47809	0.42902812
47810	0.42551130
47811	0.42177284
47812	0.41783521
47813	0.41372636
47814	0.40947896
47815	0.40512955
47816	0.40071738
47817	0.39628324
47818	0.39186853
47819	0.38751379
47820	0.38325745
47821	0.37913483
47822	0.37517661
47823	0.37140831
47824	0.36784929
47825	0.36451218
47826	0.36140290
47827	0.35852066
47828	0.35585821
47829	0.35340241
47830	0.35113513
47831	0.34903398
47832	0.34707314
47833	0.34522453
47834	0.34345847
47835	0.34174475
47836	0.34005308
47837	0.33835381
47838	0.33661854
47839	0.33482036
47840	0.33293438
47841	0.33093780
47842	0.32881045
47843	0.32653487
47844	0.32409668
47845	0.32148474
47846	0.31869164
47847	0.31571355
47848	0.31255072
47849	0.30920705
47850	0.30569050
47851	0.30201226
47852	0.29818714
47853	0.29423249
47854	0.29016829
47855	0.28601629
47856	0.28179970
47857	0.27754286
47858	0.27327070
47859	0.26900858
47860	0.26478195
47861	0.26061594
47862	0.25653532
47863	0.25256374
47864	0.24872397
47865	0.24503700
47866	0.24152197
47867	0.23819609
47868	0.23507391
47869	0.23216771
47870	0.22948682
47871	0.22703823
47872	0.22482578
47873	0.22285073
47874	0.22111097
47875	0.21960138
47876	0.21831301
47877	0.21723269
47878	0.21634264
47879	0.21561988
47880	0.21503548
47881	0.21455477
47882	0.21413636
47883	0.21373332
47884	0.21329319
47885	0.21275941
47886	0.21207276
47887	0.21117286
47888	0.21000074
47889	0.20849977
47890	0.20661807
47891	0.20430896
47892	0.20153202
47893	0.19825265
47894	0.19444153
47895	0.19007355
47896	0.18512635
47897	0.17957887
47898	0.17341056
47899	0.16659947
47900	0.15912290
47901	0.15095660
47902	0.14207636
47903	0.13246039
47904	0.12209173
47905	0.11096349
47906	0.09908435
47907	0.08648711
47908	0.07323872
47909	0.05945203
47910	0.04530278
47911	0.03104512
47912	0.01703163
47913	0.00372949
47914	-0.00826555
47915	-0.01822555
47916	-0.02530218
47917	-0.02856002
47918	-0.02703458
47919	-0.01981204
47920	-0.00612209
47921	0.01457884
47922	0.04255663
47923	0.07780483
47924	0.12013540
47925	0.16935144
47926	0.22553220
47927	0.28949621
47928	0.36360875
47929	0.45359734
47930	0.57346016
47931	0.76333714
47932	1.19170511
47933	NaN
47934	NaN
47935	NaN
47936	NaN
47937	NaN
47938	NaN
47939	NaN
47940	NaN
47941	NaN
47942	NaN
47943	NaN
47944	NaN
47945	NaN
47946	NaN
47947	NaN
47948	NaN
47949	NaN
47950	NaN
47951	NaN
47952	NaN
47953	NaN
47954	NaN
47955	NaN
47956	NaN
47957	NaN
47958	NaN
47959	NaN
47960	NaN
47961	NaN
47962	NaN
47963	NaN
47964	NaN
47965	NaN
47966	NaN
47967	NaN
47968	NaN
47969	NaN
47970	NaN
47971	NaN
47972	NaN
47973	NaN
47974	NaN
47975	NaN
47976	NaN
47977	NaN
47978	NaN
47979	NaN
47980	NaN
47981	NaN
47982	NaN
47983	NaN
47984	NaN
47985	NaN
47986	NaN
47987	NaN
47988	NaN
47989	NaN
47990	NaN
47991	NaN
47992	NaN
47993	NaN
47994	NaN
47995	NaN
47996	NaN
47997	NaN
47998	NaN
47999	NaN
48000	NaN
48001	NaN
48002	NaN
48003	NaN
48004	NaN
48005	NaN
48006	NaN
48007	NaN
48008	NaN
48009	NaN
48010	NaN
48011	NaN
48012	NaN
48013	3.79772592
48014	1.21299040
48015	0.92317152
48016	0.81419110
48017	0.75862640
48018	0.72600180
48019	0.70530957
48020	0.69159955
48021	0.68230879
48022	0.67597568
48023	0.67170215
48024	0.66890508
48025	0.66718835
48026	0.66627342
48027	0.66595846
48028	0.66609436
48029	0.66656852
48030	0.66729540
48031	0.66820872
48032	0.66925722
48033	0.67040038
48034	0.67160606
48035	0.67284775
48036	0.67410320
48037	0.67535233
48038	0.67657590
48039	0.67775428
48040	0.67886597
48041	0.67988700
48042	0.68078953
48043	0.68154162
48044	0.68210644
48045	0.68244231
48046	0.68250299
48047	0.68223822
48048	0.68159491
48049	0.68051869
48050	0.67895603
48051	0.67685699
48052	0.67417800
48053	0.67088526
48054	0.66695809
48055	0.66239238
48056	0.65720320
48057	0.65142673
48058	0.64512205
48059	0.63836986
48060	0.63127148
48061	0.62394571
48062	0.61652422
48063	0.60914654
48064	0.60195398
48065	0.59508413
48066	0.58866495
48067	0.58281022
48068	0.57761544
48069	0.57315522
48070	0.56948149
48071	0.56662256
48072	0.56458372
48073	0.56334752
48074	0.56287551
48075	0.56310952
48076	0.56397372
48077	0.56537706
48078	0.56721556
48079	0.56937468
48080	0.57173282
48081	0.57416415
48082	0.57654226
48083	0.57874358
48084	0.58065122
48085	0.58215851
48086	0.58317238
48087	0.58361650
48088	0.58343303
48089	0.58258492
48090	0.58105588
48091	0.57885045
48092	0.57599258
48093	0.57252365
48094	0.56849968
48095	0.56398803
48096	0.55906427
48097	0.55380845
48098	0.54830235
48099	0.54262626
48100	0.53685713
48101	0.53106654
48102	0.52531952
48103	0.51967394
48104	0.51418012
48105	0.50888097
48106	0.50381184
48107	0.49900147
48108	0.49447215
48109	0.49024025
48110	0.48631656
48111	0.48270690
48112	0.47941178
48113	0.47642696
48114	0.47374320
48115	0.47134638
48116	0.46921757
48117	0.46733302
48118	0.46566451
48119	0.46417987
48120	0.46284363
48121	0.46161783
48122	0.46046308
48123	0.45933959
48124	0.45820832
48125	0.45703208
48126	0.45577627
48127	0.45440981
48128	0.45290554
48129	0.45124054
48130	0.44939625
48131	0.44735846
48132	0.44511715
48133	0.44266629
48134	0.44000390
48135	0.43713170
48136	0.43405554
48137	0.43078497
48138	0.42733380
48139	0.42372012
48140	0.41996616
48141	0.41609845
48142	0.41214764
48143	0.40814781
48144	0.40413609
48145	0.40015149
48146	0.39623380
48147	0.39242238
48148	0.38875446
48149	0.38526389
48150	0.38197961
48151	0.37892437
48152	0.37611362
48153	0.37355486
48154	0.37124684
48155	0.36917990
48156	0.36733559
48157	0.36568782
48158	0.36420316
48159	0.36284250
48160	0.36156186
48161	0.36031413
48162	0.35905054
48163	0.35772216
48164	0.35628128
48165	0.35468280
48166	0.35288563
48167	0.35085341
48168	0.34855556
48169	0.34596801
48170	0.34307355
48171	0.33986199
48172	0.33633059
48173	0.33248341
48174	0.32833171
48175	0.32389289
48176	0.31919047
48177	0.31425327
48178	0.30911481
48179	0.30381256
48180	0.29838729
48181	0.29288200
48182	0.28734156
48183	0.28181151
48184	0.27633730
48185	0.27096361
48186	0.26573336
48187	0.26068708
48188	0.25586218
48189	0.25129250
48190	0.24700785
48191	0.24303344
48192	0.23939003
48193	0.23609370
48194	0.23315579
48195	0.23058337
48196	0.22837898
48197	0.22654094
48198	0.22506368
48199	0.22393769
48200	0.22314946
48201	0.22268143
48202	0.22251177
48203	0.22261378
48204	0.22295555
48205	0.22349931
48206	0.22420087
48207	0.22500916
48208	0.22586571
48209	0.22670481
48210	0.22745375
48211	0.22803369
48212	0.22836092
48213	0.22834888
48214	0.22791034
48215	0.22696003
48216	0.22541696
48217	0.22320735
48218	0.22026585
48219	0.21653795
48220	0.21197970
48221	0.20655866
48222	0.20025273
48223	0.19304977
48224	0.18494576
48225	0.17594403
48226	0.16605413
48227	0.15529117
48228	0.14367537
48229	0.13123292
48230	0.11799621
48231	0.10400653
48232	0.08931544
48233	0.07398880
48234	0.05810996
48235	0.04178475
48236	0.02514788
48237	0.00836823
48238	-0.00834255
48239	-0.02472271
48240	-0.04045194
48241	-0.05514330
48242	-0.06833917
48243	-0.07950668
48244	-0.08804314
48245	-0.09328277
48246	-0.09451468
48247	-0.09100562
48248	-0.08202477
48249	-0.06686786
48250	-0.04486593
48251	-0.01536919
48252	0.02231612
48253	0.06906229
48254	0.12617075
48255	0.19584394
48256	0.28209168
48257	0.39270025
48258	0.54410082
48259	0.77611345
48260	1.21233213
48261	2.50894737
48262	NaN
48263	NaN
48264	NaN
48265	NaN
48266	NaN
48267	NaN
48268	NaN
48269	NaN
48270	NaN
48271	NaN
48272	NaN
48273	NaN
48274	NaN
48275	NaN
48276	NaN
48277	NaN
48278	NaN
48279	NaN
48280	NaN
48281	NaN
48282	NaN
48283	NaN
48284	NaN
48285	NaN
48286	NaN
48287	NaN
48288	NaN
48289	NaN
48290	NaN
48291	NaN
48292	NaN
48293	NaN
48294	NaN
48295	NaN
48296	NaN
48297	NaN
48298	NaN
48299	NaN
48300	NaN
48301	NaN
48302	NaN
48303	NaN
48304	NaN
48305	NaN
48306	NaN
48307	NaN
48308	NaN
48309	NaN
48310	NaN
48311	NaN
48312	NaN
48313	NaN
48314	NaN
48315	NaN
48316	NaN
48317	NaN
48318	NaN
48319	NaN
48320	NaN
48321	NaN
48322	NaN
48323	NaN
48324	NaN
48325	NaN
48326	NaN
48327	NaN
48328	NaN
48329	NaN
48330	NaN
48331	NaN
48332	NaN
48333	NaN
48334	NaN
48335	NaN
48336	NaN
48337	NaN
48338	NaN
48339	NaN
48340	NaN
48341	NaN
48342	1.13646126
48343	0.86751604
48344	0.78467447
48345	0.74465662
48346	0.72125846
48347	0.70604527
48348	0.69546789
48349	0.68776751
48350	0.68197244
48351	0.67749983
48352	0.67397976
48353	0.67116547
48354	0.66888726
48355	0.66702485
48356	0.66549206
48357	0.66422564
48358	0.66317970
48359	0.66231996
48360	0.66162145
48361	0.66106522
48362	0.66063696
48363	0.66032481
48364	0.66011828
48365	0.66000700
48366	0.65997952
48367	0.66002214
48368	0.66011858
48369	0.66024894
48370	0.66038936
48371	0.66051149
48372	0.66058248
48373	0.66056496
48374	0.66041744
48375	0.66009474
48376	0.65954894
48377	0.65873086
48378	0.65759093
48379	0.65608191
48380	0.65416044
48381	0.65179032
48382	0.64894426
48383	0.64560717
48384	0.64177853
48385	0.63747448
48386	0.63272887
48387	0.62759441
48388	0.62214136
48389	0.61645627
48390	0.61063886
48391	0.60479784
48392	0.59904718
48393	0.59350026
48394	0.58826518
48395	0.58344036
48396	0.57911050
48397	0.57534325
48398	0.57218730
48399	0.56967127
48400	0.56780332
48401	0.56657183
48402	0.56594628
48403	0.56587917
48404	0.56630790
48405	0.56715685
48406	0.56833971
48407	0.56976193
48408	0.57132316
48409	0.57291961
48410	0.57444704
48411	0.57580328
48412	0.57689112
48413	0.57762116
48414	0.57791507
48415	0.57770747
48416	0.57694924
48417	0.57560867
48418	0.57367289
48419	0.57114810
48420	0.56805885
48421	0.56444615
48422	0.56036550
48423	0.55588311
48424	0.55107248
48425	0.54601085
48426	0.54077524
48427	0.53543961
48428	0.53007197
48429	0.52473289
48430	0.51947403
48431	0.51433790
48432	0.50935793
48433	0.50455916
48434	0.49995902
48435	0.49556866
48436	0.49139380
48437	0.48743618
48438	0.48369440
48439	0.48016497
48440	0.47684294
48441	0.47372249
48442	0.47079757
48443	0.46806177
48444	0.46550852
48445	0.46313122
48446	0.46092257
48447	0.45887464
48448	0.45697799
48449	0.45522121
48450	0.45359048
48451	0.45206863
48452	0.45063519
48453	0.44926566
48454	0.44793200
48455	0.44660249
48456	0.44524264
48457	0.44381607
48458	0.44228542
48459	0.44061390
48460	0.43876660
48461	0.43671158
48462	0.43442145
48463	0.43187425
48464	0.42905432
48465	0.42595306
48466	0.42256945
48467	0.41890979
48468	0.41498846
48469	0.41082695
48470	0.40645373
48471	0.40190351
48472	0.39721650
48473	0.39243692
48474	0.38761213
48475	0.38279083
48476	0.37802178
48477	0.37335178
48478	0.36882448
48479	0.36447850
48480	0.36034632
48481	0.35645303
48482	0.35281560
48483	0.34944254
48484	0.34633395
48485	0.34348178
48486	0.34087065
48487	0.33847892
48488	0.33627975
48489	0.33424255
48490	0.33233395
48491	0.33051953
48492	0.32876423
48493	0.32703391
48494	0.32529563
48495	0.32351837
48496	0.32167351
48497	0.31973490
48498	0.31767914
48499	0.31548575
48500	0.31313723
48501	0.31061924
48502	0.30792058
48503	0.30503350
48504	0.30195382
48505	0.29868093
48506	0.29521787
48507	0.29157144
48508	0.28775185
48509	0.28377277
48510	0.27965087
48511	0.27540553
48512	0.27105847
48513	0.26663333
48514	0.26215521
48515	0.25765026
48516	0.25314552
48517	0.24866833
48518	0.24424610
48519	0.23990606
48520	0.23567480
48521	0.23157817
48522	0.22764099
48523	0.22388676
48524	0.22033769
48525	0.21701428
48526	0.21393548
48527	0.21111807
48528	0.20857683
48529	0.20632392
48530	0.20436856
48531	0.20271645
48532	0.20136884
48533	0.20032176
48534	0.19956475
48535	0.19907957
48536	0.19883880
48537	0.19880424
48538	0.19892609
48539	0.19914173
48540	0.19937544
48541	0.19953912
48542	0.19953392
48543	0.19925290
48544	0.19858451
48545	0.19741760
48546	0.19564545
48547	0.19317132
48548	0.18991132
48549	0.18579780
48550	0.18077961
48551	0.17482160
48552	0.16790201
48553	0.16000895
48554	0.15113549
48555	0.14127579
48556	0.13041939
48557	0.11854858
48558	0.10563393
48559	0.09163289
48560	0.07648786
48561	0.06012559
48562	0.04245848
48563	0.02338568
48564	0.00279650
48565	-0.01942470
48566	-0.04338963
48567	-0.06919295
48568	-0.09689318
48569	-0.12648015
48570	-0.15782912
48571	-0.19062071
48572	-0.22421372
48573	-0.25740370
48574	-0.28794822
48575	-0.31146458
48576	-0.31832254
48577	-0.28196770
48578	-0.08581249
48579	NaN
48580	NaN
48581	NaN
48582	NaN
48583	NaN
48584	NaN
48585	NaN
48586	NaN
48587	NaN
48588	NaN
48589	NaN
48590	NaN
48591	NaN
48592	NaN
48593	NaN
48594	NaN
48595	NaN
48596	NaN
48597	NaN
48598	NaN
48599	NaN
48600	NaN
48601	NaN
48602	NaN
48603	NaN
48604	NaN
48605	NaN
48606	NaN
48607	NaN
48608	NaN
48609	NaN
48610	NaN
48611	NaN
48612	NaN
48613	NaN
48614	NaN
48615	NaN
48616	NaN
48617	NaN
48618	NaN
48619	NaN
48620	NaN
48621	NaN
48622	NaN
48623	NaN
48624	NaN
48625	NaN
48626	NaN
48627	NaN
48628	NaN
48629	NaN
48630	NaN
48631	NaN
48632	NaN
48633	NaN
48634	NaN
48635	NaN
48636	NaN
48637	NaN
48638	NaN
48639	NaN
48640	NaN
48641	NaN
48642	NaN
48643	NaN
48644	NaN
48645	NaN
48646	NaN
48647	NaN
48648	NaN
48649	NaN
48650	NaN
48651	NaN
48652	NaN
48653	NaN
48654	NaN
48655	NaN
48656	NaN
48657	NaN
48658	NaN
48659	NaN
48660	NaN
48661	NaN
48662	NaN
48663	NaN
48664	NaN
48665	NaN
48666	NaN
48667	NaN
48668	NaN
48669	NaN
48670	NaN
48671	NaN
48672	1.36626554
48673	0.88467783
48674	0.77216184
48675	0.72290725
48676	0.69603497
48677	0.67973948
48678	0.66932088
48679	0.66252345
48680	0.65812004
48681	0.65537965
48682	0.65383601
48683	0.65317434
48684	0.65317369
48685	0.65367275
48686	0.65455133
48687	0.65571660
48688	0.65709698
48689	0.65863520
48690	0.66028547
48691	0.66201001
48692	0.66377777
48693	0.66556138
48694	0.66733724
48695	0.66908282
48696	0.67077690
48697	0.67239743
48698	0.67392135
48699	0.67532367
48700	0.67657673
48701	0.67764980
48702	0.67850888
48703	0.67911643
48704	0.67943221
48705	0.67941326
48706	0.67901564
48707	0.67819512
48708	0.67691004
48709	0.67512256
48710	0.67280167
48711	0.66992551
48712	0.66648376
48713	0.66248018
48714	0.65793383
48715	0.65288109
48716	0.64737499
48717	0.64148539
48718	0.63529700
48719	0.62890708
48720	0.62242168
48721	0.61595249
48722	0.60961229
48723	0.60351068
48724	0.59775048
48725	0.59242409
48726	0.58761084
48727	0.58337438
48728	0.57976168
48729	0.57680142
48730	0.57450426
48731	0.57286280
48732	0.57185191
48733	0.57142985
48734	0.57153952
48735	0.57211012
48736	0.57305884
48737	0.57429314
48738	0.57571310
48739	0.57721448
48740	0.57869148
48741	0.58003998
48742	0.58116114
48743	0.58196419
48744	0.58236969
48745	0.58231163
48746	0.58174008
48747	0.58062196
48748	0.57894188
48749	0.57670140
48750	0.57391864
48751	0.57062572
48752	0.56686693
48753	0.56269562
48754	0.55817175
48755	0.55335844
48756	0.54832006
48757	0.54311961
48758	0.53781682
48759	0.53246748
48760	0.52712172
48761	0.52182436
48762	0.51661438
48763	0.51152515
48764	0.50658482
48765	0.50181639
48766	0.49723884
48767	0.49286664
48768	0.48871091
48769	0.48477930
48770	0.48107621
48771	0.47760305
48772	0.47435805
48773	0.47133645
48774	0.46853012
48775	0.46592799
48776	0.46351558
48777	0.46127549
48778	0.45918757
48779	0.45722941
48780	0.45537654
48781	0.45360339
48782	0.45188373
48783	0.45019135
48784	0.44850045
48785	0.44678625
48786	0.44502532
48787	0.44319591
48788	0.44127795
48789	0.43925354
48790	0.43710703
48791	0.43482500
48792	0.43239674
48793	0.42981440
48794	0.42707300
48795	0.42417082
48796	0.42110965
48797	0.41789457
48798	0.41453472
48799	0.41104257
48800	0.40743443
48801	0.40373012
48802	0.39995280
48803	0.39612824
48804	0.39228448
48805	0.38845113
48806	0.38465825
48807	0.38093537
48808	0.37731057
48809	0.37380925
48810	0.37045312
48811	0.36725929
48812	0.36423942
48813	0.36139929
48814	0.35873833
48815	0.35624966
48816	0.35392028
48817	0.35173151
48818	0.34965989
48819	0.34767795
48820	0.34575522
48821	0.34385958
48822	0.34195834
48823	0.34001926
48824	0.33801171
48825	0.33590761
48826	0.33368185
48827	0.33131340
48828	0.32878518
48829	0.32608476
48830	0.32320428
48831	0.32014036
48832	0.31689402
48833	0.31347066
48834	0.30987951
48835	0.30613354
48836	0.30224875
48837	0.29824433
48838	0.29414168
48839	0.28996432
48840	0.28573743
48841	0.28148714
48842	0.27724031
48843	0.27302390
48844	0.26886442
48845	0.26478752
48846	0.26081738
48847	0.25697631
48848	0.25328436
48849	0.24975899
48850	0.24641494
48851	0.24326414
48852	0.24031560
48853	0.23757564
48854	0.23504803
48855	0.23273398
48856	0.23063266
48857	0.22874101
48858	0.22705403
48859	0.22556475
48860	0.22426425
48861	0.22314151
48862	0.22218312
48863	0.22137322
48864	0.22069325
48865	0.22012123
48866	0.21963206
48867	0.21919709
48868	0.21878417
48869	0.21835822
48870	0.21788114
48871	0.21731284
48872	0.21661150
48873	0.21573456
48874	0.21463887
48875	0.21328169
48876	0.21162061
48877	0.20961377
48878	0.20722027
48879	0.20439966
48880	0.20111221
48881	0.19731885
48882	0.19298075
48883	0.18806019
48884	0.18251932
48885	0.17632149
48886	0.16943035
48887	0.16181064
48888	0.15342860
48889	0.14425287
48890	0.13425563
48891	0.12341459
48892	0.11171579
48893	0.09915847
48894	0.08575864
48895	0.07155852
48896	0.05663362
48897	0.04110497
48898	0.02515082
48899	0.00902122
48900	-0.00694705
48901	-0.02231633
48902	-0.03653433
48903	-0.04892607
48904	-0.05868991
48905	-0.06489369
48906	-0.06647814
48907	-0.06224312
48908	-0.05080748
48909	-0.03049289
48910	0.00094407
48911	0.04693302
48912	0.11357387
48913	0.21355535
48914	0.37891260
48915	0.71932685
48916	NaN
48917	NaN
48918	NaN
48919	NaN
48920	NaN
48921	NaN
48922	NaN
48923	NaN
48924	NaN
48925	NaN
48926	NaN
48927	NaN
48928	NaN
48929	NaN
48930	NaN
48931	NaN
48932	NaN
48933	NaN
48934	NaN
48935	NaN
48936	NaN
48937	NaN
48938	NaN
48939	NaN
48940	NaN
48941	NaN
48942	NaN
48943	NaN
48944	NaN
48945	NaN
48946	NaN
48947	NaN
48948	NaN
48949	NaN
48950	NaN
48951	NaN
48952	NaN
48953	NaN
48954	NaN
48955	NaN
48956	NaN
48957	NaN
48958	NaN
48959	NaN
48960	NaN
48961	NaN
48962	NaN
48963	NaN
48964	NaN
48965	NaN
48966	NaN
48967	NaN
48968	NaN
48969	NaN
48970	NaN
48971	NaN
48972	NaN
48973	NaN
48974	NaN
48975	NaN
48976	NaN
48977	NaN
48978	NaN
48979	NaN
48980	NaN
48981	NaN
48982	NaN
48983	NaN
48984	NaN
48985	NaN
48986	NaN
48987	NaN
48988	NaN
48989	NaN
48990	NaN
48991	NaN
48992	NaN
48993	NaN
48994	NaN
48995	NaN
48996	NaN
48997	NaN
48998	NaN
48999	NaN
49000	NaN
49001	NaN
49002	NaN
49003	1.17702115
49004	0.91162211
49005	0.82349318
49006	0.77993941
49007	0.75423378
49008	0.73743463
49009	0.72569752
49010	0.71709418
49011	0.71055007
49012	0.70541888
49013	0.70128894
49014	0.69788629
49015	0.69502336
49016	0.69256800
49017	0.69042647
49018	0.68853128
49019	0.68683428
49020	0.68530101
49021	0.68390727
49022	0.68263650
49023	0.68147713
49024	0.68042153
49025	0.67946404
49026	0.67860037
49027	0.67782593
49028	0.67713559
49029	0.67652202
49030	0.67597586
49031	0.67548406
49032	0.67502970
49033	0.67459136
49034	0.67414278
49035	0.67365199
49036	0.67308182
49037	0.67238951
49038	0.67152739
49039	0.67044365
49040	0.66908365
49041	0.66739184
49042	0.66531420
49043	0.66280144
49044	0.65981251
49045	0.65631849
49046	0.65230674
49047	0.64778364
49048	0.64277822
49049	0.63734281
49050	0.63155270
49051	0.62550426
49052	0.61931080
49053	0.61309767
49054	0.60699522
49055	0.60113323
49056	0.59563375
49057	0.59060621
49058	0.58614260
49059	0.58231473
49060	0.57917219
49061	0.57674217
49062	0.57502949
49063	0.57401788
49064	0.57367170
49065	0.57393754
49066	0.57474631
49067	0.57601553
49068	0.57765096
49069	0.57954901
49070	0.58159870
49071	0.58368397
49072	0.58568615
49073	0.58748698
49074	0.58897173
49075	0.59003311
49076	0.59057450
49077	0.59051460
49078	0.58979052
49079	0.58836102
49080	0.58620876
49081	0.58334082
49082	0.57978827
49083	0.57560414
49084	0.57086027
49085	0.56564283
49086	0.56004763
49087	0.55417484
49088	0.54812497
49089	0.54199362
49090	0.53586924
49091	0.52982992
49092	0.52394247
49093	0.51826137
49094	0.51282924
49095	0.50767726
49096	0.50282627
49097	0.49828833
49098	0.49406782
49099	0.49016306
49100	0.48656765
49101	0.48327166
49102	0.48026252
49103	0.47752610
49104	0.47504699
49105	0.47280902
49106	0.47079545
49107	0.46898884
49108	0.46737099
49109	0.46592262
49110	0.46462286
49111	0.46344900
49112	0.46237600
49113	0.46137631
49114	0.46041971
49115	0.45947352
49116	0.45850289
49117	0.45747143
49118	0.45634204
49119	0.45507783
49120	0.45364332
49121	0.45200554
49122	0.45013490
49123	0.44800648
49124	0.44560051
49125	0.44290337
49126	0.43990773
49127	0.43661323
49128	0.43302655
49129	0.42916131
49130	0.42503843
49131	0.42068553
49132	0.41613680
49133	0.41143247
49134	0.40661800
49135	0.40174317
49136	0.39686081
49137	0.39202541
49138	0.38729137
49139	0.38271123
49140	0.37833393
49141	0.37420264
49142	0.37035364
49143	0.36681443
49144	0.36360306
49145	0.36072719
49146	0.35818443
49147	0.35596234
49148	0.35403952
49149	0.35238639
49150	0.35096696
49151	0.34973988
49152	0.34866023
49153	0.34768060
49154	0.34675273
49155	0.34582812
49156	0.34485933
49157	0.34380060
49158	0.34260845
49159	0.34124249
49160	0.33966568
49161	0.33784506
49162	0.33575207
49163	0.33336347
49164	0.33066133
49165	0.32763395
49166	0.32427624
49167	0.32059005
49168	0.31658423
49169	0.31227502
49170	0.30768546
49171	0.30284518
49172	0.29778960
49173	0.29255915
49174	0.28719780
49175	0.28175229
49176	0.27627027
49177	0.27079943
49178	0.26538602
49179	0.26007393
49180	0.25490388
49181	0.24991277
49182	0.24513336
49183	0.24059445
49184	0.23632073
49185	0.23233344
49186	0.22865072
49187	0.22528832
49188	0.22226010
49189	0.21957853
49190	0.21725540
49191	0.21530174
49192	0.21372794
49193	0.21254319
49194	0.21175492
49195	0.21136734
49196	0.21137974
49197	0.21178435
49198	0.21256389
49199	0.21368870
49200	0.21511376
49201	0.21677619
49202	0.21859366
49203	0.22046287
49204	0.22226131
49205	0.22384898
49206	0.22507337
49207	0.22577558
49208	0.22579767
49209	0.22498973
49210	0.22321691
49211	0.22036421
49212	0.21633855
49213	0.21106815
49214	0.20449966
49215	0.19659215
49216	0.18731077
49217	0.17661850
49218	0.16446804
49219	0.15079492
49220	0.13550848
49221	0.11848650
49222	0.09956595
49223	0.07853719
49224	0.05513284
49225	0.02901656
49226	-0.00023207
49227	-0.03314006
49228	-0.07037057
49229	-0.11276764
49230	-0.16142285
49231	-0.21777965
49232	-0.28381205
49233	-0.36233902
49234	-0.45764306
49235	-0.57678539
49236	-0.73278469
49237	-0.95362985
49238	-1.31493223
49239	-2.12297130
49240	NaN
49241	NaN
49242	NaN
49243	NaN
49244	NaN
49245	NaN
49246	NaN
49247	NaN
49248	NaN
49249	NaN
49250	NaN
49251	NaN
49252	NaN
49253	NaN
49254	NaN
49255	NaN
49256	NaN
49257	NaN
49258	NaN
49259	NaN
49260	NaN
49261	NaN
49262	NaN
49263	NaN
49264	NaN
49265	NaN
49266	NaN
49267	NaN
49268	NaN
49269	NaN
49270	NaN
49271	NaN
49272	NaN
49273	NaN
49274	NaN
49275	NaN
49276	NaN
49277	NaN
49278	NaN
49279	NaN
49280	NaN
49281	NaN
49282	NaN
49283	NaN
49284	NaN
49285	NaN
49286	NaN
49287	NaN
49288	NaN
49289	NaN
49290	NaN
49291	NaN
49292	NaN
49293	NaN
49294	NaN
49295	NaN
49296	NaN
49297	NaN
49298	NaN
49299	NaN
49300	NaN
49301	NaN
49302	NaN
49303	NaN
49304	NaN
49305	NaN
49306	NaN
49307	NaN
49308	NaN
49309	NaN
49310	NaN
49311	NaN
49312	NaN
49313	NaN
49314	NaN
49315	NaN
49316	NaN
49317	NaN
49318	NaN
49319	NaN
49320	NaN
49321	NaN
49322	NaN
49323	NaN
49324	NaN
49325	NaN
49326	NaN
49327	NaN
49328	NaN
49329	NaN
49330	NaN
49331	NaN
49332	1.57552266
49333	1.01596093
49334	0.86448848
49335	0.79486448
49336	0.75560200
49337	0.73100543
49338	0.71465462
49339	0.70342368
49340	0.69559890
49341	0.69015735
49342	0.68644601
49343	0.68402678
49344	0.68259203
49345	0.68191916
49346	0.68184203
49347	0.68223387
49348	0.68299615
49349	0.68405098
49350	0.68533564
49351	0.68679881
49352	0.68839777
49353	0.69009572
49354	0.69186014
49355	0.69366109
49356	0.69546938
49357	0.69725561
49358	0.69898891
49359	0.70063591
49360	0.70216000
49361	0.70352042
49362	0.70467281
49363	0.70556808
49364	0.70615411
49365	0.70637560
49366	0.70617616
49367	0.70549977
49368	0.70429349
49369	0.70250958
49370	0.70010900
49371	0.69706380
49372	0.69336039
49373	0.68900228
49374	0.68401146
49375	0.67843038
49376	0.67232203
49377	0.66576880
49378	0.65887076
49379	0.65174270
49380	0.64451003
49381	0.63730383
49382	0.63025659
49383	0.62349617
49384	0.61714226
49385	0.61130124
49386	0.60606337
49387	0.60149992
49388	0.59766161
49389	0.59457785
49390	0.59225619
49391	0.59068340
49392	0.58982629
49393	0.58963335
49394	0.59003639
49395	0.59095299
49396	0.59228873
49397	0.59394014
49398	0.59579712
49399	0.59774655
49400	0.59967512
49401	0.60147291
49402	0.60303640
49403	0.60427183
49404	0.60509747
49405	0.60544646
49406	0.60526818
49407	0.60452914
49408	0.60321361
49409	0.60132283
49410	0.59887403
49411	0.59589845
49412	0.59243929
49413	0.58854908
49414	0.58428693
49415	0.57971621
49416	0.57490158
49417	0.56990707
49418	0.56479448
49419	0.55962157
49420	0.55444121
49421	0.54930067
49422	0.54424143
49423	0.53929883
49424	0.53450257
49425	0.52987677
49426	0.52544063
49427	0.52120870
49428	0.51719177
49429	0.51339680
49430	0.50982761
49431	0.50648510
49432	0.50336719
49433	0.50046897
49434	0.49778253
49435	0.49529681
49436	0.49299774
49437	0.49086809
49438	0.48888764
49439	0.48703346
49440	0.48528039
49441	0.48360139
49442	0.48196843
49443	0.48035303
49444	0.47872674
49445	0.47706223
49446	0.47533327
49447	0.47351551
49448	0.47158685
49449	0.46952784
49450	0.46732190
49451	0.46495566
49452	0.46241918
49453	0.45970657
49454	0.45681554
49455	0.45374835
49456	0.45051113
49457	0.44711450
49458	0.44357309
49459	0.43990570
49460	0.43613464
49461	0.43228546
49462	0.42838633
49463	0.42446727
49464	0.42055938
49465	0.41669351
49466	0.41289961
49467	0.40920526
49468	0.40563488
49469	0.40220860
49470	0.39894158
49471	0.39584333
49472	0.39291760
49473	0.39016199
49474	0.38756850
49475	0.38512364
49476	0.38280916
49477	0.38060272
49478	0.37847868
49479	0.37640893
49480	0.37436390
49481	0.37231317
49482	0.37022647
49483	0.36807445
49484	0.36582947
49485	0.36346611
49486	0.36096206
49487	0.35829839
49488	0.35546002
49489	0.35243624
49490	0.34922048
49491	0.34581074
49492	0.34220952
49493	0.33842343
49494	0.33446345
49495	0.33034420
49496	0.32608402
49497	0.32170442
49498	0.31722975
49499	0.31268686
49500	0.30810437
49501	0.30351257
49502	0.29894218
49503	0.29442441
49504	0.28998977
49505	0.28566775
49506	0.28148612
49507	0.27747062
49508	0.27364427
49509	0.27002758
49510	0.26663804
49511	0.26349020
49512	0.26059541
49513	0.25796226
49514	0.25559616
49515	0.25349930
49516	0.25167090
49517	0.25010660
49518	0.24879852
49519	0.24773490
49520	0.24689983
49521	0.24627276
49522	0.24582811
49523	0.24553497
49524	0.24535649
49525	0.24524973
49526	0.24516556
49527	0.24504852
49528	0.24483766
49529	0.24446717
49530	0.24386813
49531	0.24296968
49532	0.24170206
49533	0.23999839
49534	0.23779725
49535	0.23504476
49536	0.23169631
49537	0.22771735
49538	0.22308373
49539	0.21778120
49540	0.21180442
49541	0.20515481
49542	0.19783932
49543	0.18986797
49544	0.18125236
49545	0.17200439
49546	0.16213515
49547	0.15165503
49548	0.14057332
49549	0.12889993
49550	0.11664645
49551	0.10382870
49552	0.09047063
49553	0.07660788
49554	0.06229456
49555	0.04761032
49556	0.03266988
49557	0.01763511
49558	0.00272852
49559	-0.01174853
49560	-0.02539781
49561	-0.03770049
49562	-0.04799395
49563	-0.05544577
49564	-0.05902015
49565	-0.05744244
49566	-0.04914116
49567	-0.03215513
49568	-0.00395087
49569	0.03894618
49570	0.10172159
49571	0.19304007
49572	0.32940775
49573	0.54790717
49574	0.95410645
49575	2.01505852
49576	NaN
49577	NaN
49578	NaN
49579	NaN
49580	NaN
49581	NaN
49582	NaN
49583	NaN
49584	NaN
49585	NaN
49586	NaN
49587	NaN
49588	NaN
49589	NaN
49590	NaN
49591	NaN
49592	NaN
49593	NaN
49594	NaN
49595	NaN
49596	NaN
49597	NaN
49598	NaN
49599	NaN
49600	NaN
49601	NaN
49602	NaN
49603	NaN
49604	NaN
49605	NaN
49606	NaN
49607	NaN
49608	NaN
49609	NaN
49610	NaN
49611	NaN
49612	NaN
49613	NaN
49614	NaN
49615	NaN
49616	NaN
49617	NaN
49618	NaN
49619	NaN
49620	NaN
49621	NaN
49622	NaN
49623	NaN
49624	NaN
49625	NaN
49626	NaN
49627	NaN
49628	NaN
49629	NaN
49630	NaN
49631	NaN
49632	NaN
49633	NaN
49634	NaN
49635	NaN
49636	NaN
49637	NaN
49638	NaN
49639	NaN
49640	NaN
49641	NaN
49642	NaN
49643	NaN
49644	NaN
49645	NaN
49646	NaN
49647	NaN
49648	NaN
49649	NaN
49650	NaN
49651	NaN
49652	NaN
49653	NaN
49654	NaN
49655	NaN
49656	NaN
49657	NaN
49658	0.87921238
49659	0.71749848
49660	0.69970936
49661	0.69451767
49662	0.69293422
49663	0.69277638
49664	0.69325954
49665	0.69403607
49666	0.69493121
49667	0.69584996
49668	0.69673771
49669	0.69756323
49670	0.69830829
49671	0.69896406
49672	0.69952744
49673	0.69999993
49674	0.70038563
49675	0.70069140
49676	0.70092535
49677	0.70109659
49678	0.70121449
49679	0.70128804
49680	0.70132554
49681	0.70133358
49682	0.70131660
49683	0.70127654
49684	0.70121175
49685	0.70111710
49686	0.70098317
49687	0.70079619
49688	0.70053762
49689	0.70018417
49690	0.69970804
49691	0.69907695
49692	0.69825494
49693	0.69720310
49694	0.69588047
49695	0.69424576
49696	0.69225919
49697	0.68988401
49698	0.68708992
49699	0.68385440
49700	0.68016654
49701	0.67602855
49702	0.67145830
49703	0.66649055
49704	0.66117734
49705	0.65558743
49706	0.64980489
49707	0.64392573
49708	0.63805503
49709	0.63230193
49710	0.62677521
49711	0.62157875
49712	0.61680704
49713	0.61254138
49714	0.60884714
49715	0.60577148
49716	0.60334259
49717	0.60156906
49718	0.60044008
49719	0.59992725
49720	0.59998500
49721	0.60055274
49722	0.60155666
49723	0.60291195
49724	0.60452414
49725	0.60629243
49726	0.60811102
49727	0.60987234
49728	0.61146945
49729	0.61279911
49730	0.61376476
49731	0.61427981
49732	0.61427093
49733	0.61368054
49734	0.61246932
49735	0.61061800
49736	0.60812795
49737	0.60502070
49738	0.60133660
49739	0.59713197
49740	0.59247643
49741	0.58744836
49742	0.58213109
49743	0.57660919
49744	0.57096440
49745	0.56527323
49746	0.55960459
49747	0.55401844
49748	0.54856515
49749	0.54328567
49750	0.53821170
49751	0.53336680
49752	0.52876759
49753	0.52442431
49754	0.52034259
49755	0.51652414
49756	0.51296753
49757	0.50966907
49758	0.50662321
49759	0.50382257
49760	0.50125849
49761	0.49892032
49762	0.49679595
49763	0.49487102
49764	0.49312884
49765	0.49155030
49766	0.49011311
49767	0.48879209
49768	0.48755893
49769	0.48638204
49770	0.48522714
49771	0.48405737
49772	0.48283422
49773	0.48151812
49774	0.48006991
49775	0.47845158
49776	0.47662783
49777	0.47456732
49778	0.47224370
49779	0.46963668
49780	0.46673292
49781	0.46352628
49782	0.46001837
49783	0.45621857
49784	0.45214346
49785	0.44781697
49786	0.44326940
49787	0.43853712
49788	0.43366131
49789	0.42868757
49790	0.42366442
49791	0.41864237
49792	0.41367263
49793	0.40880555
49794	0.40408933
49795	0.39956844
49796	0.39528221
49797	0.39126351
49798	0.38753757
49799	0.38412139
49800	0.38102305
49801	0.37824160
49802	0.37576738
49803	0.37358257
49804	0.37166190
49805	0.36997390
49806	0.36848187
49807	0.36714518
49808	0.36592069
49809	0.36476374
49810	0.36362934
49811	0.36247328
49812	0.36125302
49813	0.35992831
49814	0.35846204
49815	0.35682082
49816	0.35497558
49817	0.35290173
49818	0.35058004
49819	0.34799629
49820	0.34514219
49821	0.34201488
49822	0.33861709
49823	0.33495712
49824	0.33104837
49825	0.32690901
49826	0.32256126
49827	0.31803104
49828	0.31334707
49829	0.30854034
49830	0.30364335
49831	0.29868945
49832	0.29371241
49833	0.28874582
49834	0.28382289
49835	0.27897617
49836	0.27423730
49837	0.26963717
49838	0.26520550
49839	0.26097134
49840	0.25696230
49841	0.25320515
49842	0.24972543
49843	0.24654715
49844	0.24369262
49845	0.24118227
49846	0.23903412
49847	0.23726356
49848	0.23588225
49849	0.23489782
49850	0.23431262
49851	0.23412271
49852	0.23431647
49853	0.23487295
49854	0.23576102
49855	0.23693749
49856	0.23834674
49857	0.23992001
49858	0.24157621
49859	0.24322288
49860	0.24475856
49861	0.24607569
49862	0.24706386
49863	0.24761380
49864	0.24762049
49865	0.24698608
49866	0.24562271
49867	0.24345256
49868	0.24040894
49869	0.23643468
49870	0.23148061
49871	0.22550352
49872	0.21846363
49873	0.21032265
49874	0.20104249
49875	0.19058467
49876	0.17891112
49877	0.16598625
49878	0.15178268
49879	0.13628657
49880	0.11950849
49881	0.10149589
49882	0.08235073
49883	0.06225252
49884	0.04148610
49885	0.02047818
49886	-0.00016038
49887	-0.01958466
49888	-0.03666431
49889	-0.04993163
49890	-0.05753740
49891	-0.05722049
49892	-0.04628858
49893	-0.02159932
49894	0.02051759
49895	0.08450895
49896	0.17625034
49897	0.30465603
49898	0.48555040
49899	0.75198293
49900	1.18697119
49901	2.06941319
49902	NaN
49903	NaN
49904	NaN
49905	NaN
49906	NaN
49907	NaN
49908	NaN
49909	NaN
49910	NaN
49911	NaN
49912	NaN
49913	NaN
49914	NaN
49915	NaN
49916	NaN
49917	NaN
49918	NaN
49919	NaN
49920	NaN
49921	NaN
49922	NaN
49923	NaN
49924	NaN
49925	NaN
49926	NaN
49927	NaN
49928	NaN
49929	NaN
49930	NaN
49931	NaN
49932	NaN
49933	NaN
49934	NaN
49935	NaN
49936	NaN
49937	NaN
49938	NaN
49939	NaN
49940	NaN
49941	NaN
49942	NaN
49943	NaN
49944	NaN
49945	NaN
49946	NaN
49947	NaN
49948	NaN
49949	NaN
49950	NaN
49951	NaN
49952	NaN
49953	NaN
49954	NaN
49955	NaN
49956	NaN
49957	NaN
49958	NaN
49959	NaN
49960	NaN
49961	NaN
49962	NaN
49963	NaN
49964	NaN
49965	NaN
49966	NaN
49967	NaN
49968	NaN
49969	NaN
49970	NaN
49971	NaN
49972	NaN
49973	NaN
49974	NaN
49975	NaN
49976	NaN
49977	NaN
49978	NaN
49979	NaN
49980	NaN
49981	NaN
49982	NaN
49983	NaN
49984	NaN
49985	4.52197790
49986	1.17639673
49987	0.93417901
49988	0.84568751
49989	0.80026400
49990	0.77306515
49991	0.75535822
49992	0.74326813
49993	0.73480028
49994	0.72881520
49995	0.72460920
49996	0.72172058
49997	0.71983147
49998	0.71871471
49999	0.71820325
50000	0.71817142
50001	0.71852297
50002	0.71918344
50003	0.72009450
50004	0.72121006
50005	0.72249287
50006	0.72391212
50007	0.72544193
50008	0.72705811
50009	0.72873807
50010	0.73045820
50011	0.73219299
50012	0.73391384
50013	0.73558766
50014	0.73717630
50015	0.73863566
50016	0.73991543
50017	0.74095935
50018	0.74170488
50019	0.74208504
50020	0.74202937
50021	0.74146664
50022	0.74032742
50023	0.73854768
50024	0.73607254
50025	0.73286098
50026	0.72888947
50027	0.72415614
50028	0.71868390
50029	0.71252185
50030	0.70574635
50031	0.69845873
50032	0.69078308
50033	0.68286091
50034	0.67484558
50035	0.66689605
50036	0.65916955
50037	0.65181565
50038	0.64497072
50039	0.63875294
50040	0.63325924
50041	0.62856281
50042	0.62471241
50043	0.62173128
50044	0.61961859
50045	0.61834979
50046	0.61787868
50047	0.61813873
50048	0.61904550
50049	0.62049878
50050	0.62238550
50051	0.62458223
50052	0.62695849
50053	0.62938046
50054	0.63171464
50055	0.63383210
50056	0.63561207
50057	0.63694662
50058	0.63774395
50059	0.63793153
50060	0.63745826
50061	0.63629591
50062	0.63443923
50063	0.63190490
50064	0.62872958
50065	0.62496704
50066	0.62068456
50067	0.61595929
50068	0.61087406
50069	0.60551417
50070	0.59996372
50071	0.59430325
50072	0.58860755
50073	0.58294457
50074	0.57737404
50075	0.57194746
50076	0.56670797
50077	0.56169051
50078	0.55692244
50079	0.55242360
50080	0.54820740
50081	0.54428095
50082	0.54064566
50083	0.53729790
50084	0.53422922
50085	0.53142667
50086	0.52887344
50087	0.52654886
50088	0.52442890
50089	0.52248639
50090	0.52069175
50091	0.51901305
50092	0.51741701
50093	0.51586956
50094	0.51433653
50095	0.51278460
50096	0.51118213
50097	0.50949967
50098	0.50771123
50099	0.50579399
50100	0.50372940
50101	0.50150305
50102	0.49910456
50103	0.49652809
50104	0.49377155
50105	0.49083692
50106	0.48772979
50107	0.48445937
50108	0.48103797
50109	0.47748110
50110	0.47380701
50111	0.47003666
50112	0.46619353
50113	0.46230331
50114	0.45839363
50115	0.45449373
50116	0.45063394
50117	0.44684500
50118	0.44315729
50119	0.43959981
50120	0.43619937
50121	0.43297932
50122	0.42995861
50123	0.42715076
50124	0.42456311
50125	0.42219654
50126	0.42004490
50127	0.41809532
50128	0.41632846
50129	0.41471931
50130	0.41323766
50131	0.41184959
50132	0.41051808
50133	0.40920442
50134	0.40786913
50135	0.40647322
50136	0.40497881
50137	0.40335038
50138	0.40155524
50139	0.39956442
50140	0.39735305
50141	0.39490086
50142	0.39219275
50143	0.38921881
50144	0.38597465
50145	0.38246143
50146	0.37868598
50147	0.37466058
50148	0.37040287
50149	0.36593542
50150	0.36128551
50151	0.35648459
50152	0.35156769
50153	0.34657261
50154	0.34153938
50155	0.33650920
50156	0.33152378
50157	0.32662439
50158	0.32185113
50159	0.31724221
50160	0.31283334
50161	0.30865747
50162	0.30474427
50163	0.30112022
50164	0.29780808
50165	0.29482740
50166	0.29219410
50167	0.28992042
50168	0.28801528
50169	0.28648350
50170	0.28532636
50171	0.28454065
50172	0.28411871
50173	0.28404790
50174	0.28430995
50175	0.28488025
50176	0.28572732
50177	0.28681198
50178	0.28808618
50179	0.28949279
50180	0.29096490
50181	0.29242560
50182	0.29378837
50183	0.29495856
50184	0.29583460
50185	0.29631105
50186	0.29628155
50187	0.29564288
50188	0.29429841
50189	0.29216239
50190	0.28916237
50191	0.28524169
50192	0.28036058
50193	0.27449524
50194	0.26763681
50195	0.25978851
50196	0.25096279
50197	0.24117781
50198	0.23045442
50199	0.21881333
50200	0.20627318
50201	0.19284961
50202	0.17855592
50203	0.16340396
50204	0.14740773
50205	0.13058679
50206	0.11297329
50207	0.09461764
50208	0.07559931
50209	0.05603756
50210	0.03610404
50211	0.01603879
50212	-0.00383363
50213	-0.02308384
50214	-0.04116094
50215	-0.05737159
50216	-0.07086490
50217	-0.08062020
50218	-0.08543907
50219	-0.08394126
50220	-0.07455521
50221	-0.05547684
50222	-0.02457767
50223	0.02083599
50224	0.08454167
50225	0.17255478
50226	0.29578066
50227	0.47691244
50228	0.77215141
50229	1.36600888
50230	3.39708185
50231	NaN
50232	NaN
50233	NaN
50234	NaN
50235	NaN
50236	NaN
50237	NaN
50238	NaN
50239	NaN
50240	NaN
50241	NaN
50242	NaN
50243	NaN
50244	NaN
50245	NaN
50246	NaN
50247	NaN
50248	NaN
50249	NaN
50250	NaN
50251	NaN
50252	NaN
50253	NaN
50254	NaN
50255	NaN
50256	NaN
50257	NaN
50258	NaN
50259	NaN
50260	NaN
50261	NaN
50262	NaN
50263	NaN
50264	NaN
50265	NaN
50266	NaN
50267	NaN
50268	NaN
50269	NaN
50270	NaN
50271	NaN
50272	NaN
50273	NaN
50274	NaN
50275	NaN
50276	NaN
50277	NaN
50278	NaN
50279	NaN
50280	NaN
50281	NaN
50282	NaN
50283	NaN
50284	NaN
50285	NaN
50286	NaN
50287	NaN
50288	NaN
50289	NaN
50290	NaN
50291	NaN
50292	NaN
50293	NaN
50294	NaN
50295	NaN
50296	NaN
50297	NaN
50298	NaN
50299	NaN
50300	NaN
50301	NaN
50302	NaN
50303	NaN
50304	NaN
50305	NaN
50306	NaN
50307	NaN
50308	NaN
50309	NaN
50310	NaN
50311	NaN
50312	NaN
50313	NaN
50314	NaN
50315	NaN
50316	NaN
50317	NaN
50318	NaN
50319	2.06745815
50320	1.06094468
50321	0.88834566
50322	0.82007694
50323	0.78526056
50324	0.76522601
50325	0.75291240
50326	0.74506247
50327	0.73996651
50328	0.73664421
50329	0.73449630
50330	0.73313862
50331	0.73231655
50332	0.73185754
50333	0.73164284
50334	0.73159033
50335	0.73164344
50336	0.73176408
50337	0.73192686
50338	0.73211592
50339	0.73232216
50340	0.73254091
50341	0.73277056
50342	0.73301053
50343	0.73326105
50344	0.73352098
50345	0.73378748
50346	0.73405486
50347	0.73431391
50348	0.73455089
50349	0.73474729
50350	0.73487884
50351	0.73491538
50352	0.73482049
50353	0.73455155
50354	0.73405981
50355	0.73329163
50356	0.73218900
50357	0.73069215
50358	0.72874188
50359	0.72628272
50360	0.72326720
50361	0.71966016
50362	0.71544367
50363	0.71062052
50364	0.70521855
50365	0.69929200
50366	0.69292235
50367	0.68621588
50368	0.67929989
50369	0.67231727
50370	0.66541898
50371	0.65875685
50372	0.65247601
50373	0.64670831
50374	0.64156687
50375	0.63714224
50376	0.63350046
50377	0.63068146
50378	0.62870020
50379	0.62754726
50380	0.62719119
50381	0.62757999
50382	0.62864393
50383	0.63029748
50384	0.63244176
50385	0.63496667
50386	0.63775337
50387	0.64067650
50388	0.64360726
50389	0.64641583
50390	0.64897555
50391	0.65116614
50392	0.65287781
50393	0.65401548
50394	0.65450251
50395	0.65428382
50396	0.65332854
50397	0.65163106
50398	0.64921051
50399	0.64610940
50400	0.64239055
50401	0.63813275
50402	0.63342607
50403	0.62836665
50404	0.62305164
50405	0.61757457
50406	0.61202168
50407	0.60646915
50408	0.60098088
50409	0.59560841
50410	0.59039038
50411	0.58535397
50412	0.58051592
50413	0.57588500
50414	0.57146353
50415	0.56725001
50416	0.56324071
50417	0.55943120
50418	0.55581748
50419	0.55239666
50420	0.54916680
50421	0.54612702
50422	0.54327691
50423	0.54061598
50424	0.53814310
50425	0.53585547
50426	0.53374791
50427	0.53181189
50428	0.53003514
50429	0.52840072
50430	0.52688712
50431	0.52546787
50432	0.52411187
50433	0.52278405
50434	0.52144611
50435	0.52005732
50436	0.51857632
50437	0.51696169
50438	0.51517385
50439	0.51317614
50440	0.51093614
50441	0.50842673
50442	0.50562698
50443	0.50252312
50444	0.49910867
50445	0.49538511
50446	0.49136195
50447	0.48705685
50448	0.48249516
50449	0.47770986
50450	0.47274077
50451	0.46763369
50452	0.46243936
50453	0.45721212
50454	0.45200828
50455	0.44688430
50456	0.44189510
50457	0.43709204
50458	0.43252122
50459	0.42822185
50460	0.42422509
50461	0.42055303
50462	0.41721821
50463	0.41422340
50464	0.41156211
50465	0.40921891
50466	0.40717044
50467	0.40538657
50468	0.40383148
50469	0.40246487
50470	0.40124342
50471	0.40012148
50472	0.39905253
50473	0.39798996
50474	0.39688760
50475	0.39570084
50476	0.39438695
50477	0.39290577
50478	0.39122021
50479	0.38929701
50480	0.38710710
50481	0.38462657
50482	0.38183713
50483	0.37872675
50484	0.37529036
50485	0.37153003
50486	0.36745539
50487	0.36308357
50488	0.35843903
50489	0.35355267
50490	0.34846157
50491	0.34320751
50492	0.33783603
50493	0.33239499
50494	0.32693353
50495	0.32150045
50496	0.31614342
50497	0.31090787
50498	0.30583635
50499	0.30096805
50500	0.29633883
50501	0.29198089
50502	0.28792301
50503	0.28419110
50504	0.28080833
50505	0.27779543
50506	0.27517122
50507	0.27295232
50508	0.27115321
50509	0.26978552
50510	0.26885715
50511	0.26837093
50512	0.26832256
50513	0.26869881
50514	0.26947445
50515	0.27061015
50516	0.27204967
50517	0.27371836
50518	0.27552217
50519	0.27734792
50520	0.27906573
50521	0.28053269
50522	0.28159806
50523	0.28211036
50524	0.28192398
50525	0.28090665
50526	0.27894425
50527	0.27594510
50528	0.27184129
50529	0.26658759
50530	0.26015881
50531	0.25254527
50532	0.24374735
50533	0.23377004
50534	0.22261766
50535	0.21028960
50536	0.19677687
50537	0.18206041
50538	0.16611026
50539	0.14888722
50540	0.13034621
50541	0.11044209
50542	0.08914048
50543	0.06643210
50544	0.04235647
50545	0.01703418
50546	-0.00928489
50547	-0.03615042
50548	-0.06281895
50549	-0.08811565
50550	-0.11026113
50551	-0.12663893
50552	-0.13351673
50553	-0.12570608
50554	-0.09615492
50555	-0.03538709
50556	0.06955462
50557	0.23760839
50558	0.50061709
50559	0.92461205
50560	1.68935931
50561	3.54294014
50562	NaN
50563	NaN
50564	NaN
50565	NaN
50566	NaN
50567	NaN
50568	NaN
50569	NaN
50570	NaN
50571	NaN
50572	NaN
50573	NaN
50574	NaN
50575	NaN
50576	NaN
50577	NaN
50578	NaN
50579	NaN
50580	NaN
50581	NaN
50582	NaN
50583	NaN
50584	NaN
50585	NaN
50586	NaN
50587	NaN
50588	NaN
50589	NaN
50590	NaN
50591	NaN
50592	NaN
50593	NaN
50594	NaN
50595	NaN
50596	NaN
50597	NaN
50598	NaN
50599	NaN
50600	NaN
50601	NaN
50602	NaN
50603	NaN
50604	NaN
50605	NaN
50606	NaN
50607	NaN
50608	NaN
50609	NaN
50610	NaN
50611	NaN
50612	NaN
50613	NaN
50614	NaN
50615	NaN
50616	NaN
50617	NaN
50618	NaN
50619	NaN
50620	NaN
50621	NaN
50622	NaN
50623	NaN
50624	NaN
50625	NaN
50626	NaN
50627	NaN
50628	NaN
50629	NaN
50630	NaN
50631	NaN
50632	NaN
50633	NaN
50634	NaN
50635	NaN
50636	NaN
50637	NaN
50638	NaN
50639	NaN
50640	NaN
50641	NaN
50642	NaN
50643	NaN
50644	NaN
50645	NaN
50646	NaN
50647	NaN
50648	NaN
50649	NaN
50650	NaN
50651	NaN
50652	1.30242956
50653	0.96788836
50654	0.85721451
50655	0.80409724
50656	0.77433777
50657	0.75636262
50658	0.74514753
50659	0.73814183
50660	0.73390567
50661	0.73155731
50662	0.73052555
50663	0.73042160
50664	0.73097306
50665	0.73198384
50666	0.73331159
50667	0.73485196
50668	0.73652899
50669	0.73828810
50670	0.74009109
50671	0.74191189
50672	0.74373323
50673	0.74554408
50674	0.74733734
50675	0.74910694
50676	0.75084645
50677	0.75254655
50678	0.75419414
50679	0.75577062
50680	0.75725043
50681	0.75860113
50682	0.75978231
50683	0.76074582
50684	0.76143610
50685	0.76179135
50686	0.76174450
50687	0.76122612
50688	0.76016611
50689	0.75849819
50690	0.75616264
50691	0.75311136
50692	0.74931186
50693	0.74475193
50694	0.73944277
50695	0.73342240
50696	0.72675681
50697	0.71953905
50698	0.71188796
50699	0.70394343
50700	0.69586134
50701	0.68780673
50702	0.67994648
50703	0.67244279
50704	0.66544646
50705	0.65909123
50706	0.65348983
50707	0.64873105
50708	0.64487827
50709	0.64196819
50710	0.64001209
50711	0.63899571
50712	0.63888144
50713	0.63960952
50714	0.64109957
50715	0.64325291
50716	0.64595461
50717	0.64907539
50718	0.65247464
50719	0.65600312
50720	0.65950704
50721	0.66283149
50722	0.66582566
50723	0.66834742
50724	0.67026889
50725	0.67148095
50726	0.67189795
50727	0.67146093
50728	0.67014033
50729	0.66793591
50730	0.66487634
50731	0.66101664
50732	0.65643412
50733	0.65122342
50734	0.64549196
50735	0.63935357
50736	0.63292378
50737	0.62631571
50738	0.61963576
50739	0.61298150
50740	0.60643941
50741	0.60008436
50742	0.59397888
50743	0.58817375
50744	0.58270836
50745	0.57761168
50746	0.57290310
50747	0.56859332
50748	0.56468523
50749	0.56117469
50750	0.55805105
50751	0.55529773
50752	0.55289257
50753	0.55080837
50754	0.54901326
50755	0.54747117
50756	0.54614228
50757	0.54498398
50758	0.54395139
50759	0.54299861
50760	0.54207951
50761	0.54114872
50762	0.54016322
50763	0.53908247
50764	0.53786987
50765	0.53649282
50766	0.53492361
50767	0.53313917
50768	0.53112149
50769	0.52885729
50770	0.52633834
50771	0.52356094
50772	0.52052659
50773	0.51724130
50774	0.51371604
50775	0.50996661
50776	0.50601375
50777	0.50188303
50778	0.49760440
50779	0.49321237
50780	0.48874539
50781	0.48424512
50782	0.47975606
50783	0.47532445
50784	0.47099751
50785	0.46682188
50786	0.46284270
50787	0.45910209
50788	0.45563766
50789	0.45248130
50790	0.44965759
50791	0.44718304
50792	0.44506469
50793	0.44330001
50794	0.44187620
50795	0.44077051
50796	0.43995026
50797	0.43937388
50798	0.43899146
50799	0.43874618
50800	0.43857545
50801	0.43841270
50802	0.43818870
50803	0.43783391
50804	0.43727973
50805	0.43646124
50806	0.43531868
50807	0.43379977
50808	0.43186152
50809	0.42947155
50810	0.42660922
50811	0.42326596
50812	0.41944516
50813	0.41516137
50814	0.41043976
50815	0.40531456
50816	0.39982840
50817	0.39403048
50818	0.38797578
50819	0.38172328
50820	0.37533504
50821	0.36887452
50822	0.36240545
50823	0.35599035
50824	0.34968939
50825	0.34355912
50826	0.33765197
50827	0.33201519
50828	0.32669061
50829	0.32171449
50830	0.31711751
50831	0.31292516
50832	0.30915818
50833	0.30583298
50834	0.30296230
50835	0.30055541
50836	0.29861856
50837	0.29715487
50838	0.29616392
50839	0.29564148
50840	0.29557854
50841	0.29596019
50842	0.29676428
50843	0.29796028
50844	0.29950747
50845	0.30135387
50846	0.30343503
50847	0.30567339
50848	0.30797791
50849	0.31024528
50850	0.31236112
50851	0.31420305
50852	0.31564403
50853	0.31655726
50854	0.31682071
50855	0.31632262
50856	0.31496578
50857	0.31267104
50858	0.30937970
50859	0.30505463
50860	0.29967874
50861	0.29325411
50862	0.28579813
50863	0.27734098
50864	0.26792178
50865	0.25758621
50866	0.24638423
50867	0.23436886
50868	0.22159611
50869	0.20812623
50870	0.19402608
50871	0.17937346
50872	0.16426244
50873	0.14881180
50874	0.13317394
50875	0.11754845
50876	0.10219581
50877	0.08745506
50878	0.07376275
50879	0.06167205
50880	0.05187157
50881	0.04519794
50882	0.04264363
50883	0.04534909
50884	0.05458603
50885	0.07172670
50886	0.09820721
50887	0.13550633
50888	0.18516515
50889	0.24889089
50890	0.32882133
50891	0.42805594
50892	0.55169511
50893	0.70892662
50894	0.91767579
50895	1.21659112
50896	1.70345211
50897	2.70893192
50898	6.46378088
50899	NaN
50900	NaN
50901	NaN
50902	NaN
50903	NaN
50904	NaN
50905	NaN
50906	NaN
50907	NaN
50908	NaN
50909	NaN
50910	NaN
50911	NaN
50912	NaN
50913	NaN
50914	NaN
50915	NaN
50916	NaN
50917	NaN
50918	NaN
50919	NaN
50920	NaN
50921	NaN
50922	NaN
50923	NaN
50924	NaN
50925	NaN
50926	NaN
50927	NaN
50928	NaN
50929	NaN
50930	NaN
50931	NaN
50932	NaN
50933	NaN
50934	NaN
50935	NaN
50936	NaN
50937	NaN
50938	NaN
50939	NaN
50940	NaN
50941	NaN
50942	NaN
50943	NaN
50944	NaN
50945	NaN
50946	NaN
50947	NaN
50948	NaN
50949	NaN
50950	NaN
50951	NaN
50952	NaN
50953	NaN
50954	NaN
50955	NaN
50956	NaN
50957	NaN
50958	NaN
50959	NaN
50960	NaN
50961	NaN
50962	NaN
50963	NaN
50964	NaN
50965	NaN
50966	NaN
50967	NaN
50968	NaN
50969	NaN
50970	NaN
50971	NaN
50972	NaN
50973	0.96264315
50974	0.87009025
50975	0.84111947
50976	0.82640064
50977	0.81719673
50978	0.81073743
50979	0.80586588
50980	0.80200982
50981	0.79884946
50982	0.79618943
50983	0.79390079
50984	0.79189426
50985	0.79010504
50986	0.78848493
50987	0.78699750
50988	0.78561550
50989	0.78431809
50990	0.78309083
50991	0.78192312
50992	0.78080845
50993	0.77974284
50994	0.77872461
50995	0.77775306
50996	0.77682793
50997	0.77594805
50998	0.77511090
50999	0.77431166
51000	0.77354240
51001	0.77279133
51002	0.77204257
51003	0.77127576
51004	0.77046579
51005	0.76958328
51006	0.76859462
51007	0.76746249
51008	0.76614743
51009	0.76460850
51010	0.76280504
51011	0.76069844
51012	0.75825471
51013	0.75544667
51014	0.75225621
51015	0.74867743
51016	0.74471807
51017	0.74040216
51018	0.73576981
51019	0.73087817
51020	0.72579938
51021	0.72061926
51022	0.71543312
51023	0.71034265
51024	0.70545065
51025	0.70085698
51026	0.69665378
51027	0.69292128
51028	0.68972445
51029	0.68711060
51030	0.68510711
51031	0.68372113
51032	0.68293923
51033	0.68272799
51034	0.68303573
51035	0.68379390
51036	0.68491971
51037	0.68631840
51038	0.68788624
51039	0.68951356
51040	0.69108754
51041	0.69249564
51042	0.69362885
51043	0.69438475
51044	0.69467121
51045	0.69440907
51046	0.69353569
51047	0.69200712
51048	0.68980038
51049	0.68691468
51050	0.68337184
51051	0.67921489
51052	0.67450696
51053	0.66932750
51054	0.66376877
51055	0.65793127
51056	0.65191901
51057	0.64583498
51058	0.63977671
51059	0.63383335
51060	0.62808228
51061	0.62258804
51062	0.61740094
51063	0.61255729
51064	0.60807985
51065	0.60397881
51066	0.60025293
51067	0.59689146
51068	0.59387571
51069	0.59118009
51070	0.58877432
51071	0.58662462
51072	0.58469474
51073	0.58294755
51074	0.58134592
51075	0.57985348
51076	0.57843542
51077	0.57705939
51078	0.57569551
51079	0.57431698
51080	0.57289994
51081	0.57142329
51082	0.56986856
51083	0.56821936
51084	0.56646091
51085	0.56457955
51086	0.56256223
51087	0.56039637
51088	0.55806971
51089	0.55557054
51090	0.55288815
51091	0.55001318
51092	0.54693872
51093	0.54366070
51094	0.54017901
51095	0.53649765
51096	0.53262538
51097	0.52857584
51098	0.52436775
51099	0.52002448
51100	0.51557344
51101	0.51104599
51102	0.50647646
51103	0.50190133
51104	0.49735826
51105	0.49288526
51106	0.48851976
51107	0.48429698
51108	0.48024949
51109	0.47640571
51110	0.47278908
51111	0.46941701
51112	0.46630034
51113	0.46344271
51114	0.46084040
51115	0.45848227
51116	0.45635024
51117	0.45441979
51118	0.45266089
51119	0.45103920
51120	0.44951707
51121	0.44805506
51122	0.44661304
51123	0.44515160
51124	0.44363281
51125	0.44202137
51126	0.44028497
51127	0.43839517
51128	0.43632746
51129	0.43406168
51130	0.43158183
51131	0.42887664
51132	0.42593905
51133	0.42276666
51134	0.41936138
51135	0.41572961
51136	0.41188180
51137	0.40783286
51138	0.40360108
51139	0.39920875
51140	0.39468098
51141	0.39004585
51142	0.38533339
51143	0.38057557
51144	0.37580520
51145	0.37105587
51146	0.36636117
51147	0.36175424
51148	0.35726774
51149	0.35293299
51150	0.34878001
51151	0.34483746
51152	0.34113216
51153	0.33768913
51154	0.33453143
51155	0.33167985
51156	0.32915309
51157	0.32696670
51158	0.32513341
51159	0.32366192
51160	0.32255667
51161	0.32181638
51162	0.32143369
51163	0.32139352
51164	0.32167220
51165	0.32223630
51166	0.32304132
51167	0.32403111
51168	0.32513750
51169	0.32628015
51170	0.32736757
51171	0.32829872
51172	0.32896551
51173	0.32925627
51174	0.32905990
51175	0.32827091
51176	0.32679409
51177	0.32454953
51178	0.32147646
51179	0.31753665
51180	0.31271592
51181	0.30702448
51182	0.30049595
51183	0.29318488
51184	0.28516364
51185	0.27651897
51186	0.26734778
51187	0.25775507
51188	0.24784999
51189	0.23774566
51190	0.22755748
51191	0.21740517
51192	0.20741348
51193	0.19771665
51194	0.18846209
51195	0.17981614
51196	0.17197038
51197	0.16514935
51198	0.15961637
51199	0.15568350
51200	0.15371612
51201	0.15413903
51202	0.15743804
51203	0.16416030
51204	0.17490831
51205	0.19033192
51206	0.21112277
51207	0.23800917
51208	0.27177164
51209	0.31328544
51210	0.36362439
51211	0.42426068
51212	0.49744824
51213	0.58695364
51214	0.69957280
51215	0.84856617
51216	1.06288683
51217	1.41792083
51218	2.18563485
51219	NaN
51220	NaN
51221	NaN
51222	NaN
51223	NaN
51224	NaN
51225	NaN
51226	NaN
51227	NaN
51228	NaN
51229	NaN
51230	NaN
51231	NaN
51232	NaN
51233	NaN
51234	NaN
51235	NaN
51236	NaN
51237	NaN
51238	NaN
51239	NaN
51240	NaN
51241	NaN
51242	NaN
51243	NaN
51244	NaN
51245	NaN
51246	NaN
51247	NaN
51248	NaN
51249	NaN
51250	NaN
51251	NaN
51252	NaN
51253	NaN
51254	NaN
51255	NaN
51256	NaN
51257	NaN
51258	NaN
51259	NaN
51260	NaN
51261	NaN
51262	NaN
51263	NaN
51264	NaN
51265	NaN
51266	NaN
51267	NaN
51268	NaN
51269	NaN
51270	NaN
51271	NaN
51272	NaN
51273	NaN
51274	NaN
51275	NaN
51276	NaN
51277	NaN
51278	NaN
51279	NaN
51280	NaN
51281	NaN
51282	NaN
51283	NaN
51284	NaN
51285	NaN
51286	NaN
51287	NaN
51288	NaN
51289	NaN
51290	NaN
51291	NaN
51292	NaN
51293	NaN
51294	NaN
51295	NaN
51296	NaN
51297	NaN
51298	NaN
51299	NaN
51300	NaN
51301	NaN
51302	NaN
51303	1.52223563
51304	1.09034562
51305	0.95209694
51306	0.88667655
51307	0.85030198
51308	0.82840526
51309	0.81473649
51310	0.80615640
51311	0.80091035
51312	0.79793537
51313	0.79654795
51314	0.79628718
51315	0.79683077
51316	0.79794699
51317	0.79946536
51318	0.80125898
51319	0.80323213
51320	0.80531204
51321	0.80744338
51322	0.80958337
51323	0.81169909
51324	0.81376421
51325	0.81575656
51326	0.81765699
51327	0.81944686
51328	0.82110673
51329	0.82261491
51330	0.82394648
51331	0.82507205
51332	0.82595724
51333	0.82656205
51334	0.82684094
51335	0.82674295
51336	0.82621276
51337	0.82519197
51338	0.82362139
51339	0.82144326
51340	0.81860501
51341	0.81506312
51342	0.81078696
51343	0.80576330
51344	0.80000013
51345	0.79353005
51346	0.78641224
51347	0.77873313
51348	0.77060503
51349	0.76216322
51350	0.75356078
51351	0.74496311
51352	0.73654014
51353	0.72846001
51354	0.72088158
51355	0.71394902
51356	0.70778632
51357	0.70249432
51358	0.69814813
51359	0.69479626
51360	0.69246006
51361	0.69113487
51362	0.69079053
51363	0.69137305
51364	0.69280595
51365	0.69499195
51366	0.69781524
51367	0.70114338
51368	0.70482993
51369	0.70871800
51370	0.71264344
51371	0.71643996
51372	0.71994317
51373	0.72299647
51374	0.72545654
51375	0.72719848
51376	0.72812086
51377	0.72814977
51378	0.72724134
51379	0.72538358
51380	0.72259563
51381	0.71892595
51382	0.71444905
51383	0.70926070
51384	0.70347291
51385	0.69720769
51386	0.69059193
51387	0.68375164
51388	0.67680800
51389	0.66987342
51390	0.66304904
51391	0.65642327
51392	0.65007043
51393	0.64405119
51394	0.63841259
51395	0.63318902
51396	0.62840289
51397	0.62406594
51398	0.62017989
51399	0.61673796
51400	0.61372501
51401	0.61111885
51402	0.60889059
51403	0.60700548
51404	0.60542357
51405	0.60410041
51406	0.60298806
51407	0.60203606
51408	0.60119265
51409	0.60040593
51410	0.59962499
51411	0.59880155
51412	0.59789097
51413	0.59685314
51414	0.59565359
51415	0.59426367
51416	0.59266108
51417	0.59082955
51418	0.58875889
51419	0.58644432
51420	0.58388573
51421	0.58108747
51422	0.57805735
51423	0.57480663
51424	0.57134926
51425	0.56770182
51426	0.56388324
51427	0.55991501
51428	0.55582058
51429	0.55162609
51430	0.54735970
51431	0.54305190
51432	0.53873485
51433	0.53444242
51434	0.53020918
51435	0.52606982
51436	0.52205849
51437	0.51820737
51438	0.51454568
51439	0.51109916
51440	0.50788832
51441	0.50492835
51442	0.50222814
51443	0.49978974
51444	0.49760878
51445	0.49567372
51446	0.49396667
51447	0.49246332
51448	0.49113393
51449	0.48994339
51450	0.48885253
51451	0.48781851
51452	0.48679596
51453	0.48573813
51454	0.48459750
51455	0.48332730
51456	0.48188227
51457	0.48022002
51458	0.47830176
51459	0.47609353
51460	0.47356668
51461	0.47069904
51462	0.46747512
51463	0.46388707
51464	0.45993465
51465	0.45562589
51466	0.45097673
51467	0.44601145
51468	0.44076192
51469	0.43526754
51470	0.42957419
51471	0.42373335
51472	0.41780102
51473	0.41183648
51474	0.40590069
51475	0.40005511
51476	0.39436015
51477	0.38887405
51478	0.38365155
51479	0.37874311
51480	0.37419406
51481	0.37004402
51482	0.36632642
51483	0.36306840
51484	0.36029056
51485	0.35800689
51486	0.35622460
51487	0.35494417
51488	0.35415906
51489	0.35385555
51490	0.35401225
51491	0.35459962
51492	0.35557941
51493	0.35690391
51494	0.35851520
51495	0.36034459
51496	0.36231279
51497	0.36432925
51498	0.36629394
51499	0.36809808
51500	0.36962739
51501	0.37076482
51502	0.37139511
51503	0.37140918
51504	0.37070885
51505	0.36921132
51506	0.36685246
51507	0.36358914
51508	0.35940042
51509	0.35428643
51510	0.34826678
51511	0.34137708
51512	0.33366537
51513	0.32518846
51514	0.31600767
51515	0.30618665
51516	0.29578876
51517	0.28487647
51518	0.27351105
51519	0.26175439
51520	0.24967091
51521	0.23733129
51522	0.22481681
51523	0.21222460
51524	0.19967350
51525	0.18731183
51526	0.17532358
51527	0.16393684
51528	0.15343100
51529	0.14414345
51530	0.13647255
51531	0.13087925
51532	0.12788193
51533	0.12804425
51534	0.13195778
51535	0.14021546
51536	0.15338080
51537	0.17196040
51538	0.19638105
51539	0.22698861
51540	0.26406983
51541	0.30791986
51542	0.35895360
51543	0.41789222
51544	0.48605904
51545	0.56587070
51546	0.66174763
51547	0.78199351
51548	0.94325912
51549	1.18313324
51550	1.60591722
51551	2.64361835
51552	NaN
51553	NaN
51554	NaN
51555	NaN
51556	NaN
51557	NaN
51558	NaN
51559	NaN
51560	NaN
51561	NaN
51562	NaN
51563	NaN
51564	NaN
51565	NaN
51566	NaN
51567	NaN
51568	NaN
51569	NaN
51570	NaN
51571	NaN
51572	NaN
51573	NaN
51574	NaN
51575	NaN
51576	NaN
51577	NaN
51578	NaN
51579	NaN
51580	NaN
51581	NaN
51582	NaN
51583	NaN
51584	NaN
51585	NaN
51586	NaN
51587	NaN
51588	NaN
51589	NaN
51590	NaN
51591	NaN
51592	NaN
51593	NaN
51594	NaN
51595	NaN
51596	NaN
51597	NaN
51598	NaN
51599	NaN
51600	NaN
51601	NaN
51602	NaN
51603	NaN
51604	NaN
51605	NaN
51606	NaN
51607	NaN
51608	NaN
51609	NaN
51610	NaN
51611	NaN
51612	NaN
51613	NaN
51614	NaN
51615	NaN
51616	NaN
51617	NaN
51618	NaN
51619	NaN
51620	NaN
51621	NaN
51622	NaN
51623	NaN
51624	NaN
51625	NaN
51626	NaN
51627	NaN
51628	NaN
51629	NaN
51630	NaN
51631	NaN
51632	NaN
51633	NaN
51634	NaN
51635	NaN
51636	NaN
51637	1.30943990
51638	0.93139493
51639	0.85627735
51640	0.82680643
51641	0.81254011
51642	0.80502534
51643	0.80098557
51644	0.79888606
51645	0.79791796
51646	0.79761732
51647	0.79770499
51648	0.79800594
51649	0.79840976
51650	0.79884714
51651	0.79927582
51652	0.79967225
51653	0.80002570
51654	0.80033451
51655	0.80060297
51656	0.80083942
51657	0.80105430
51658	0.80125904
51659	0.80146503
51660	0.80168253
51661	0.80192006
51662	0.80218345
51663	0.80247533
51664	0.80279434
51665	0.80313456
51666	0.80348498
51667	0.80382842
51668	0.80414158
51669	0.80439401
51670	0.80454814
51671	0.80455887
51672	0.80437386
51673	0.80393398
51674	0.80317456
51675	0.80202681
51676	0.80042112
51677	0.79828930
51678	0.79556978
51679	0.79221183
51680	0.78818071
51681	0.78346330
51682	0.77807212
51683	0.77204883
51684	0.76546615
51685	0.75842679
51686	0.75106055
51687	0.74351972
51688	0.73597127
51689	0.72858900
51690	0.72154540
51691	0.71500272
51692	0.70910668
51693	0.70398057
51694	0.69972086
51695	0.69639570
51696	0.69404316
51697	0.69267213
51698	0.69226301
51699	0.69276953
51700	0.69412065
51701	0.69622302
51702	0.69896299
51703	0.70220953
51704	0.70581681
51705	0.70962733
51706	0.71347541
51707	0.71719152
51708	0.72060692
51709	0.72355866
51710	0.72589576
51711	0.72748482
51712	0.72821581
51713	0.72800720
51714	0.72680992
51715	0.72460967
51716	0.72142702
51717	0.71731627
51718	0.71236145
51719	0.70667112
51720	0.70037192
51721	0.69360173
51722	0.68650281
51723	0.67921478
51724	0.67187011
51725	0.66458935
51726	0.65747839
51727	0.65062696
51728	0.64410800
51729	0.63797808
51730	0.63227826
51731	0.62703574
51732	0.62226546
51733	0.61797172
51734	0.61415011
51735	0.61078870
51736	0.60786963
51737	0.60536999
51738	0.60326284
51739	0.60151792
51740	0.60010195
51741	0.59897947
51742	0.59811288
51743	0.59746313
51744	0.59698957
51745	0.59665066
51746	0.59640414
51747	0.59620726
51748	0.59601712
51749	0.59579086
51750	0.59548616
51751	0.59506154
51752	0.59447658
51753	0.59369284
51754	0.59267390
51755	0.59138632
51756	0.58980012
51757	0.58788961
51758	0.58563370
51759	0.58301705
51760	0.58002990
51761	0.57666939
51762	0.57293946
51763	0.56885147
51764	0.56442404
51765	0.55968356
51766	0.55466366
51767	0.54940504
51768	0.54395509
51769	0.53836650
51770	0.53269655
51771	0.52700543
51772	0.52135485
51773	0.51580602
51774	0.51041794
51775	0.50524551
51776	0.50033796
51777	0.49573746
51778	0.49147770
51779	0.48758325
51780	0.48406932
51781	0.48094133
51782	0.47819561
51783	0.47581980
51784	0.47379348
51785	0.47208959
51786	0.47067499
51787	0.46951175
51788	0.46855786
51789	0.46776840
51790	0.46709639
51791	0.46649319
51792	0.46590951
51793	0.46529582
51794	0.46460307
51795	0.46378282
51796	0.46278825
51797	0.46157417
51798	0.46009788
51799	0.45831978
51800	0.45620421
51801	0.45372012
51802	0.45084244
51803	0.44755307
51804	0.44384199
51805	0.43970862
51806	0.43516228
51807	0.43022323
51808	0.42492238
51809	0.41930115
51810	0.41341043
51811	0.40730920
51812	0.40106279
51813	0.39474073
51814	0.38841471
51815	0.38215691
51816	0.37603772
51817	0.37012511
51818	0.36448324
51819	0.35917228
51820	0.35424808
51821	0.34976241
51822	0.34576330
51823	0.34229526
51824	0.33939958
51825	0.33711410
51826	0.33547279
51827	0.33450463
51828	0.33423188
51829	0.33466768
51830	0.33581305
51831	0.33765271
51832	0.34015143
51833	0.34324887
51834	0.34685621
51835	0.35085246
51836	0.35508353
51837	0.35936311
51838	0.36347741
51839	0.36719254
51840	0.37026563
51841	0.37245786
51842	0.37354812
51843	0.37334561
51844	0.37169960
51845	0.36850446
51846	0.36370045
51847	0.35726956
51848	0.34922761
51849	0.33961412
51850	0.32848141
51851	0.31588396
51852	0.30186918
51853	0.28647014
51854	0.26970011
51855	0.25154939
51856	0.23198420
51857	0.21094719
51858	0.18836118
51859	0.16413385
51860	0.13816810
51861	0.11037660
51862	0.08070510
51863	0.04916979
51864	0.01591312
51865	-0.01870877
51866	-0.05399606
51867	-0.08870479
51868	-0.12075533
51869	-0.14678961
51870	-0.16150941
51871	-0.15666580
51872	-0.11937731
51873	-0.02901822
51874	0.14967266
51875	0.48526597
51876	1.14407623
51877	2.71407437
51878	NaN
51879	NaN
51880	NaN
51881	NaN
51882	NaN
51883	NaN
51884	NaN
51885	NaN
51886	NaN
51887	NaN
51888	NaN
51889	NaN
51890	NaN
51891	NaN
51892	NaN
51893	NaN
51894	NaN
51895	NaN
51896	NaN
51897	NaN
51898	NaN
51899	NaN
51900	NaN
51901	NaN
51902	NaN
51903	NaN
51904	NaN
51905	NaN
51906	NaN
51907	NaN
51908	NaN
51909	NaN
51910	NaN
51911	NaN
51912	NaN
51913	NaN
51914	NaN
51915	NaN
51916	NaN
51917	NaN
51918	NaN
51919	NaN
51920	NaN
51921	NaN
51922	NaN
51923	NaN
51924	NaN
51925	NaN
51926	NaN
51927	NaN
51928	NaN
51929	NaN
51930	NaN
51931	NaN
51932	NaN
51933	NaN
51934	NaN
51935	NaN
51936	NaN
51937	NaN
51938	NaN
51939	NaN
51940	NaN
51941	NaN
51942	NaN
51943	NaN
51944	NaN
51945	NaN
51946	NaN
51947	NaN
51948	NaN
51949	NaN
51950	NaN
51951	NaN
51952	NaN
51953	NaN
51954	NaN
51955	NaN
51956	NaN
51957	NaN
51958	NaN
51959	NaN
51960	NaN
51961	NaN
51962	NaN
51963	NaN
51964	NaN
51965	NaN
51966	NaN
51967	NaN
51968	NaN
51969	NaN
51970	NaN
51971	1.61941373
51972	1.09880304
51973	0.94958436
51974	0.88084710
51975	0.84273124
51976	0.81955224
51977	0.80477834
51978	0.79518509
51979	0.78898942
51980	0.78511727
51981	0.78288186
51982	0.78182149
51983	0.78161573
51984	0.78203571
51985	0.78291571
51986	0.78413427
51987	0.78560263
51988	0.78725582
51989	0.78904718
51990	0.79094326
51991	0.79292077
51992	0.79496330
51993	0.79705924
51994	0.79919893
51995	0.80137342
51996	0.80357236
51997	0.80578196
51998	0.80798441
51999	0.81015587
52000	0.81226540
52001	0.81427419
52002	0.81613535
52003	0.81779236
52004	0.81918025
52005	0.82022560
52006	0.82084757
52007	0.82095975
52008	0.82047296
52009	0.81929815
52010	0.81735134
52011	0.81455851
52012	0.81086123
52013	0.80622298
52014	0.80063504
52015	0.79412133
52016	0.78674173
52017	0.77859390
52018	0.76981109
52019	0.76055878
52020	0.75102758
52021	0.74142486
52022	0.73196512
52023	0.72285968
52024	0.71430784
52025	0.70648915
52026	0.69955713
52027	0.69363534
52028	0.68881500
52029	0.68515468
52030	0.68268043
52031	0.68138742
52032	0.68124098
52033	0.68217897
52034	0.68411314
52035	0.68693137
52036	0.69049919
52037	0.69466275
52038	0.69925076
52039	0.70407879
52040	0.70895290
52041	0.71367562
52042	0.71805143
52043	0.72189432
52044	0.72503418
52045	0.72732478
52046	0.72864932
52047	0.72892588
52048	0.72811031
52049	0.72619724
52050	0.72321898
52051	0.71924138
52052	0.71435934
52053	0.70868951
52054	0.70236409
52055	0.69552290
52056	0.68830764
52057	0.68085575
52058	0.67329681
52059	0.66574824
52060	0.65831476
52061	0.65108603
52062	0.64413774
52063	0.63753110
52064	0.63131434
52065	0.62552333
52066	0.62018311
52067	0.61530858
52068	0.61090583
52069	0.60697246
52070	0.60349858
52071	0.60046709
52072	0.59785426
52073	0.59562975
52074	0.59375751
52075	0.59219611
52076	0.59089965
52077	0.58981860
52078	0.58890092
52079	0.58809370
52080	0.58734405
52081	0.58660084
52082	0.58581573
52083	0.58494461
52084	0.58394802
52085	0.58279222
52086	0.58144921
52087	0.57989663
52088	0.57811767
52089	0.57610077
52090	0.57383883
52091	0.57132888
52092	0.56857163
52093	0.56557107
52094	0.56233412
52095	0.55887097
52096	0.55519444
52097	0.55132061
52098	0.54726863
52099	0.54306108
52100	0.53872406
52101	0.53428704
52102	0.52978283
52103	0.52524745
52104	0.52071923
52105	0.51623815
52106	0.51184487
52107	0.50757962
52108	0.50348073
52109	0.49958351
52110	0.49591860
52111	0.49251121
52112	0.48937973
52113	0.48653510
52114	0.48398039
52115	0.48171034
52116	0.47971186
52117	0.47796401
52118	0.47643900
52119	0.47510272
52120	0.47391611
52121	0.47283581
52122	0.47181553
52123	0.47080708
52124	0.46976158
52125	0.46863022
52126	0.46736559
52127	0.46592230
52128	0.46425837
52129	0.46233577
52130	0.46012124
52131	0.45758757
52132	0.45471349
52133	0.45148522
52134	0.44789654
52135	0.44394916
52136	0.43965349
52137	0.43502820
52138	0.43010041
52139	0.42490536
52140	0.41948548
52141	0.41389000
52142	0.40817338
52143	0.40239409
52144	0.39661321
52145	0.39089292
52146	0.38529482
52147	0.37987873
52148	0.37470129
52149	0.36981493
52150	0.36526725
52151	0.36110023
52152	0.35734999
52153	0.35404697
52154	0.35121545
52155	0.34887409
52156	0.34703588
52157	0.34570834
52158	0.34489328
52159	0.34458658
52160	0.34477788
52161	0.34544963
52162	0.34657627
52163	0.34812322
52164	0.35004529
52165	0.35228625
52166	0.35477710
52167	0.35743624
52168	0.36016917
52169	0.36286938
52170	0.36542064
52171	0.36769891
52172	0.36957714
52173	0.37092888
52174	0.37163368
52175	0.37158132
52176	0.37067664
52177	0.36884218
52178	0.36602074
52179	0.36217523
52180	0.35728827
52181	0.35135958
52182	0.34440365
52183	0.33644548
52184	0.32751858
52185	0.31766132
52186	0.30691564
52187	0.29532599
52188	0.28294003
52189	0.26981011
52190	0.25599641
52191	0.24157184
52192	0.22662781
52193	0.21128158
52194	0.19568507
52195	0.18003511
52196	0.16458367
52197	0.14964862
52198	0.13562310
52199	0.12298131
52200	0.11227905
52201	0.10414686
52202	0.09927152
52203	0.09836764
52204	0.10213747
52205	0.11122841
52206	0.12618735
52207	0.14743321
52208	0.17525211
52209	0.20982711
52210	0.25131395
52211	0.29996389
52212	0.35631114
52213	0.42144796
52214	0.49746457
52215	0.58822852
52216	0.70094234
52217	0.84971839
52218	1.06518495
52219	1.42676747
52220	2.22088909
52221	5.86004877
52222	NaN
52223	NaN
52224	NaN
52225	NaN
52226	NaN
52227	NaN
52228	NaN
52229	NaN
52230	NaN
52231	NaN
52232	NaN
52233	NaN
52234	NaN
52235	NaN
52236	NaN
52237	NaN
52238	NaN
52239	NaN
52240	NaN
52241	NaN
52242	NaN
52243	NaN
52244	NaN
52245	NaN
52246	NaN
52247	NaN
52248	NaN
52249	NaN
52250	NaN
52251	NaN
52252	NaN
52253	NaN
52254	NaN
52255	NaN
52256	NaN
52257	NaN
52258	NaN
52259	NaN
52260	NaN
52261	NaN
52262	NaN
52263	NaN
52264	NaN
52265	NaN
52266	NaN
52267	NaN
52268	NaN
52269	NaN
52270	NaN
52271	NaN
52272	NaN
52273	NaN
52274	NaN
52275	NaN
52276	NaN
52277	NaN
52278	NaN
52279	NaN
52280	NaN
52281	NaN
52282	NaN
52283	NaN
52284	NaN
52285	NaN
52286	NaN
52287	NaN
52288	NaN
52289	NaN
52290	NaN
52291	NaN
52292	NaN
52293	NaN
52294	NaN
52295	NaN
52296	NaN
52297	NaN
52298	NaN
52299	NaN
52300	NaN
52301	2.45638227
52302	1.31614459
52303	1.08273733
52304	0.98283446
52305	0.92781365
52306	0.89328146
52307	0.86980110
52308	0.85294682
52309	0.84036475
52310	0.83068514
52311	0.82305777
52312	0.81692582
52313	0.81191230
52314	0.80775279
52315	0.80425888
52316	0.80129355
52317	0.79875749
52318	0.79657727
52319	0.79470009
52320	0.79308712
52321	0.79171103
52322	0.79055172
52323	0.78959453
52324	0.78882760
52325	0.78824043
52326	0.78782141
52327	0.78755713
52328	0.78743047
52329	0.78742015
52330	0.78749943
52331	0.78763551
52332	0.78778964
52333	0.78791660
52334	0.78796512
52335	0.78787851
52336	0.78759539
52337	0.78705108
52338	0.78617960
52339	0.78491545
52340	0.78319657
52341	0.78096735
52342	0.77818209
52343	0.77480835
52344	0.77083081
52345	0.76625353
52346	0.76110291
52347	0.75542831
52348	0.74930191
52349	0.74281734
52350	0.73608625
52351	0.72923410
52352	0.72239488
52353	0.71570498
52354	0.70929784
52355	0.70329750
52356	0.69781429
52357	0.69294041
52358	0.68874758
52359	0.68528497
52360	0.68257856
52361	0.68063152
52362	0.67942506
52363	0.67891991
52364	0.67905802
52365	0.67976475
52366	0.68095076
52367	0.68251461
52368	0.68434483
52369	0.68632251
52370	0.68832433
52371	0.69022524
52372	0.69190246
52373	0.69323879
52374	0.69412678
52375	0.69447303
52376	0.69420171
52377	0.69325781
52378	0.69160974
52379	0.68925035
52380	0.68619704
52381	0.68249017
52382	0.67819029
52383	0.67337424
52384	0.66813076
52385	0.66255558
52386	0.65674663
52387	0.65079981
52388	0.64480537
52389	0.63884515
52390	0.63299072
52391	0.62730241
52392	0.62182915
52393	0.61660886
52394	0.61166924
52395	0.60702896
52396	0.60269904
52397	0.59868401
52398	0.59498304
52399	0.59159112
52400	0.58849996
52401	0.58569807
52402	0.58317202
52403	0.58090562
52404	0.57888103
52405	0.57707798
52406	0.57547402
52407	0.57404470
52408	0.57276285
52409	0.57159948
52410	0.57052326
52411	0.56950104
52412	0.56849802
52413	0.56747818
52414	0.56640494
52415	0.56524163
52416	0.56395227
52417	0.56250238
52418	0.56085968
52419	0.55899495
52420	0.55688316
52421	0.55450386
52422	0.55184203
52423	0.54888892
52424	0.54564202
52425	0.54210579
52426	0.53829157
52427	0.53421760
52428	0.52990854
52429	0.52539545
52430	0.52071464
52431	0.51590753
52432	0.51101887
52433	0.50609630
52434	0.50118887
52435	0.49634582
52436	0.49161509
52437	0.48704219
52438	0.48266876
52439	0.47853151
52440	0.47466105
52441	0.47108114
52442	0.46780804
52443	0.46485031
52444	0.46220860
52445	0.45987588
52446	0.45783797
52447	0.45607403
52448	0.45455736
52449	0.45325652
52450	0.45213598
52451	0.45115715
52452	0.45027956
52453	0.44946128
52454	0.44866017
52455	0.44783410
52456	0.44694188
52457	0.44594339
52458	0.44479996
52459	0.44347474
52460	0.44193304
52461	0.44014233
52462	0.43807283
52463	0.43569788
52464	0.43299443
52465	0.42994380
52466	0.42653248
52467	0.42275289
52468	0.41860440
52469	0.41409388
52470	0.40923628
52471	0.40405500
52472	0.39858183
52473	0.39285639
52474	0.38692549
52475	0.38084191
52476	0.37466320
52477	0.36845011
52478	0.36226490
52479	0.35617054
52480	0.35022891
52481	0.34450039
52482	0.33904266
52483	0.33391076
52484	0.32915634
52485	0.32482797
52486	0.32097068
52487	0.31762579
52488	0.31483066
52489	0.31261796
52490	0.31101456
52491	0.31004074
52492	0.30970803
52493	0.31001782
52494	0.31095868
52495	0.31250456
52496	0.31461182
52497	0.31721768
52498	0.32023823
52499	0.32356754
52500	0.32707819
52501	0.33062270
52502	0.33403704
52503	0.33714527
52504	0.33976582
52505	0.34171861
52506	0.34283262
52507	0.34295285
52508	0.34194639
52509	0.33970603
52510	0.33615330
52511	0.33123735
52512	0.32493368
52513	0.31723955
52514	0.30817032
52515	0.29775286
52516	0.28602123
52517	0.27301154
52518	0.25875786
52519	0.24329010
52520	0.22663261
52521	0.20880499
52522	0.18982610
52523	0.16971807
52524	0.14851665
52525	0.12628189
52526	0.10311639
52527	0.07918601
52528	0.05474772
52529	0.03018423
52530	0.00604409
52531	-0.01691054
52532	-0.03765108
52533	-0.05482452
52534	-0.06668866
52535	-0.07103888
52536	-0.06509711
52537	-0.04532001
52538	-0.00698703
52539	0.05671958
52540	0.15692951
52541	0.31490287
52542	0.57988936
52543	1.10223067
52544	2.66759276
52545	NaN
52546	NaN
52547	NaN
52548	NaN
52549	NaN
52550	NaN
52551	NaN
52552	NaN
52553	NaN
52554	NaN
52555	NaN
52556	NaN
52557	NaN
52558	NaN
52559	NaN
52560	NaN
52561	NaN
52562	NaN
52563	NaN
52564	NaN
52565	NaN
52566	NaN
52567	NaN
52568	NaN
52569	NaN
52570	NaN
52571	NaN
52572	NaN
52573	NaN
52574	NaN
52575	NaN
52576	NaN
52577	NaN
52578	NaN
52579	NaN
52580	NaN
52581	NaN
52582	NaN
52583	NaN
52584	NaN
52585	NaN
52586	NaN
52587	NaN
52588	NaN
52589	NaN
52590	NaN
52591	NaN
52592	NaN
52593	NaN
52594	NaN
52595	NaN
52596	NaN
52597	NaN
52598	NaN
52599	NaN
52600	NaN
52601	NaN
52602	NaN
52603	NaN
52604	NaN
52605	NaN
52606	NaN
52607	NaN
52608	NaN
52609	NaN
52610	NaN
52611	NaN
52612	NaN
52613	NaN
52614	NaN
52615	NaN
52616	NaN
52617	NaN
52618	NaN
52619	NaN
52620	NaN
52621	NaN
52622	NaN
52623	NaN
52624	NaN
52625	NaN
52626	NaN
52627	NaN
52628	1.77551711
52629	1.21512449
52630	1.03886390
52631	0.95309693
52632	0.90285510
52633	0.87028402
52634	0.84783149
52635	0.83174491
52636	0.81994188
52637	0.81116980
52638	0.80462676
52639	0.79977316
52640	0.79623145
52641	0.79372871
52642	0.79206246
52643	0.79107940
52644	0.79066122
52645	0.79071558
52646	0.79116869
52647	0.79196155
52648	0.79304481
52649	0.79437649
52650	0.79591888
52651	0.79763657
52652	0.79949427
52653	0.80145532
52654	0.80347979
52655	0.80552381
52656	0.80753803
52657	0.80946761
52658	0.81125140
52659	0.81282228
52660	0.81410772
52661	0.81503052
52662	0.81551063
52663	0.81546742
52664	0.81482214
52665	0.81350136
52666	0.81144100
52667	0.80859017
52668	0.80491567
52669	0.80040580
52670	0.79507393
52671	0.78896093
52672	0.78213584
52673	0.77469587
52674	0.76676327
52675	0.75848198
52676	0.75001144
52677	0.74152058
52678	0.73318046
52679	0.72515744
52680	0.71760684
52681	0.71066737
52682	0.70445687
52683	0.69906932
52684	0.69457293
52685	0.69100946
52686	0.68839443
52687	0.68671769
52688	0.68594486
52689	0.68601888
52690	0.68686241
52691	0.68837911
52692	0.69045711
52693	0.69297093
52694	0.69578522
52695	0.69875759
52696	0.70174301
52697	0.70459747
52698	0.70718277
52699	0.70937055
52700	0.71104711
52701	0.71211702
52702	0.71250629
52703	0.71216494
52704	0.71106809
52705	0.70921618
52706	0.70663321
52707	0.70336485
52708	0.69947469
52709	0.69504058
52710	0.69015008
52711	0.68489629
52712	0.67937386
52713	0.67367500
52714	0.66788751
52715	0.66209191
52716	0.65636033
52717	0.65075564
52718	0.64533091
52719	0.64012992
52720	0.63518709
52721	0.63052833
52722	0.62617141
52723	0.62212682
52724	0.61839789
52725	0.61498213
52726	0.61187106
52727	0.60905093
52728	0.60650319
52729	0.60420507
52730	0.60213006
52731	0.60024828
52732	0.59852773
52733	0.59693444
52734	0.59543377
52735	0.59399104
52736	0.59257251
52737	0.59114593
52738	0.58968151
52739	0.58815211
52740	0.58653402
52741	0.58480662
52742	0.58295298
52743	0.58095920
52744	0.57881486
52745	0.57651234
52746	0.57404697
52747	0.57141680
52748	0.56862253
52749	0.56566727
52750	0.56255680
52751	0.55929929
52752	0.55590528
52753	0.55238748
52754	0.54876113
52755	0.54504329
52756	0.54125321
52757	0.53741187
52758	0.53354192
52759	0.52966714
52760	0.52581233
52761	0.52200264
52762	0.51826268
52763	0.51461637
52764	0.51108545
52765	0.50768930
52766	0.50444353
52767	0.50135982
52768	0.49844503
52769	0.49570104
52770	0.49312434
52771	0.49070641
52772	0.48843363
52773	0.48628795
52774	0.48424733
52775	0.48228636
52776	0.48037711
52777	0.47848973
52778	0.47659338
52779	0.47465685
52780	0.47264934
52781	0.47054124
52782	0.46830454
52783	0.46591350
52784	0.46334535
52785	0.46058047
52786	0.45760307
52787	0.45440137
52788	0.45096812
52789	0.44730052
52790	0.44340092
52791	0.43927637
52792	0.43493897
52793	0.43040588
52794	0.42569900
52795	0.42084467
52796	0.41587374
52797	0.41082057
52798	0.40572298
52799	0.40062124
52800	0.39555770
52801	0.39057553
52802	0.38571835
52803	0.38102898
52804	0.37654886
52805	0.37231717
52806	0.36837012
52807	0.36474055
52808	0.36145723
52809	0.35854474
52810	0.35602269
52811	0.35390583
52812	0.35220343
52813	0.35091874
52814	0.35004863
52815	0.34958291
52816	0.34950367
52817	0.34978470
52818	0.35039076
52819	0.35127723
52820	0.35238940
52821	0.35366270
52822	0.35502264
52823	0.35638553
52824	0.35765955
52825	0.35874674
52826	0.35954502
52827	0.35995144
52828	0.35986540
52829	0.35919246
52830	0.35784781
52831	0.35575962
52832	0.35287151
52833	0.34914431
52834	0.34455663
52835	0.33910432
52836	0.33279917
52837	0.32566637
52838	0.31774202
52839	0.30907017
52840	0.29969972
52841	0.28968248
52842	0.27907100
52843	0.26791784
52844	0.25627553
52845	0.24419725
52846	0.23173906
52847	0.21896201
52848	0.20593756
52849	0.19275030
52850	0.17950545
52851	0.16633324
52852	0.15339740
52853	0.14090043
52854	0.12909181
52855	0.11827361
52856	0.10880617
52857	0.10111158
52858	0.09567448
52859	0.09303927
52860	0.09380673
52861	0.09862471
52862	0.10818219
52863	0.12320603
52864	0.14447339
52865	0.17284621
52866	0.20935108
52867	0.25533697
52868	0.31276092
52869	0.38473183
52870	0.47657818
52871	0.59816957
52872	0.76963317
52873	1.03835928
52874	1.54613173
52875	2.98808742
52876	NaN
52877	NaN
52878	NaN
52879	NaN
52880	NaN
52881	NaN
52882	NaN
52883	NaN
52884	NaN
52885	NaN
52886	NaN
52887	NaN
52888	NaN
52889	NaN
52890	NaN
52891	NaN
52892	NaN
52893	NaN
52894	NaN
52895	NaN
52896	NaN
52897	NaN
52898	NaN
52899	NaN
52900	NaN
52901	NaN
52902	NaN
52903	NaN
52904	NaN
52905	NaN
52906	NaN
52907	NaN
52908	NaN
52909	NaN
52910	NaN
52911	NaN
52912	NaN
52913	NaN
52914	NaN
52915	NaN
52916	NaN
52917	NaN
52918	NaN
52919	NaN
52920	NaN
52921	NaN
52922	NaN
52923	NaN
52924	NaN
52925	NaN
52926	NaN
52927	NaN
52928	NaN
52929	NaN
52930	NaN
52931	NaN
52932	NaN
52933	NaN
52934	NaN
52935	NaN
52936	NaN
52937	NaN
52938	NaN
52939	NaN
52940	NaN
52941	NaN
52942	NaN
52943	NaN
52944	NaN
52945	NaN
52946	NaN
52947	NaN
52948	NaN
52949	NaN
52950	NaN
52951	NaN
52952	NaN
52953	NaN
52954	NaN
52955	NaN
52956	NaN
52957	1.17233300
52958	0.92804426
52959	0.86108518
52960	0.83189481
52961	0.81676573
52962	0.80828631
52963	0.80338854
52964	0.80057472
52965	0.79902613
52966	0.79826158
52967	0.79798037
52968	0.79798925
52969	0.79815990
52970	0.79840726
52971	0.79867488
52972	0.79892659
52973	0.79914045
52974	0.79930472
52975	0.79941553
52976	0.79947430
52977	0.79948676
52978	0.79946101
52979	0.79940724
52980	0.79933602
52981	0.79925781
52982	0.79918152
52983	0.79911387
52984	0.79905796
52985	0.79901278
52986	0.79897165
52987	0.79892230
52988	0.79884553
52989	0.79871553
52990	0.79849911
52991	0.79815662
52992	0.79764169
52993	0.79690289
52994	0.79588461
52995	0.79452896
52996	0.79277837
52997	0.79057819
52998	0.78788000
52999	0.78464508
53000	0.78084862
53001	0.77648234
53002	0.77155840
53003	0.76611096
53004	0.76019746
53005	0.75389779
53006	0.74731237
53007	0.74055827
53008	0.73376513
53009	0.72706848
53010	0.72060430
53011	0.71450299
53012	0.70888352
53013	0.70384949
53014	0.69948483
53015	0.69585222
53016	0.69299108
53017	0.69091785
53018	0.68962610
53019	0.68908769
53020	0.68925416
53021	0.69005859
53022	0.69141757
53023	0.69323307
53024	0.69539469
53025	0.69778252
53026	0.70026904
53027	0.70272267
53028	0.70501119
53029	0.70700514
53030	0.70858246
53031	0.70963258
53032	0.71006083
53033	0.70979261
53034	0.70877647
53035	0.70698655
53036	0.70442367
53037	0.70111424
53038	0.69710886
53039	0.69247848
53040	0.68730986
53041	0.68170100
53042	0.67575538
53043	0.66957712
53044	0.66326678
53045	0.65691751
53046	0.65061241
53047	0.64442331
53048	0.63840955
53049	0.63261843
53050	0.62708575
53051	0.62183684
53052	0.61688846
53053	0.61224979
53054	0.60792422
53055	0.60391080
53056	0.60020500
53057	0.59680033
53058	0.59368807
53059	0.59085846
53060	0.58830017
53061	0.58600074
53062	0.58394581
53063	0.58211917
53064	0.58050191
53065	0.57907254
53066	0.57780629
53067	0.57667494
53068	0.57564694
53069	0.57468766
53070	0.57375950
53071	0.57282281
53072	0.57183665
53073	0.57075953
53074	0.56955069
53075	0.56817126
53076	0.56658506
53077	0.56475979
53078	0.56266838
53079	0.56028920
53080	0.55760729
53081	0.55461466
53082	0.55131078
53083	0.54770261
53084	0.54380476
53085	0.53963935
53086	0.53523511
53087	0.53062743
53088	0.52585685
53089	0.52096850
53090	0.51601070
53091	0.51103365
53092	0.50608838
53093	0.50122476
53094	0.49649078
53095	0.49193078
53096	0.48758435
53097	0.48348540
53098	0.47966081
53099	0.47613013
53100	0.47290480
53101	0.46998835
53102	0.46737590
53103	0.46505523
53104	0.46300679
53105	0.46120483
53106	0.45961824
53107	0.45821160
53108	0.45694605
53109	0.45578057
53110	0.45467263
53111	0.45357928
53112	0.45245779
53113	0.45126644
53114	0.44996521
53115	0.44851631
53116	0.44688457
53117	0.44503814
53118	0.44294882
53119	0.44059238
53120	0.43794918
53121	0.43500456
53122	0.43174881
53123	0.42817831
53124	0.42429513
53125	0.42010781
53126	0.41563132
53127	0.41088691
53128	0.40590221
53129	0.40071034
53130	0.39534965
53131	0.38986251
53132	0.38429466
53133	0.37869388
53134	0.37310937
53135	0.36759028
53136	0.36218560
53137	0.35694292
53138	0.35190856
53139	0.34712696
53140	0.34264067
53141	0.33849046
53142	0.33471537
53143	0.33135265
53144	0.32843781
53145	0.32600448
53146	0.32408375
53147	0.32270336
53148	0.32188663
53149	0.32165030
53150	0.32200274
53151	0.32294083
53152	0.32444736
53153	0.32648790
53154	0.32900795
53155	0.33193094
53156	0.33515650
53157	0.33856162
53158	0.34200174
53159	0.34531552
53160	0.34833002
53161	0.35086861
53162	0.35275835
53163	0.35383865
53164	0.35396767
53165	0.35302836
53166	0.35093033
53167	0.34761107
53168	0.34303328
53169	0.33718139
53170	0.33005568
53171	0.32166684
53172	0.31202906
53173	0.30115455
53174	0.28904802
53175	0.27570167
53176	0.26109183
53177	0.24517541
53178	0.22788805
53179	0.20914222
53180	0.18882824
53181	0.16681565
53182	0.14296000
53183	0.11711359
53184	0.08914733
53185	0.05898703
53186	0.02668252
53187	-0.00747891
53188	-0.04275778
53189	-0.07756360
53190	-0.10863634
53191	-0.12921759
53192	-0.12420540
53193	-0.05388704
53194	0.22792540
53195	NaN
53196	NaN
53197	NaN
53198	NaN
53199	NaN
53200	NaN
53201	NaN
53202	NaN
53203	NaN
53204	NaN
53205	NaN
53206	NaN
53207	NaN
53208	NaN
53209	NaN
53210	NaN
53211	NaN
53212	NaN
53213	NaN
53214	NaN
53215	NaN
53216	NaN
53217	NaN
53218	NaN
53219	NaN
53220	NaN
53221	NaN
53222	NaN
53223	NaN
53224	NaN
53225	NaN
53226	NaN
53227	NaN
53228	NaN
53229	NaN
53230	NaN
53231	NaN
53232	NaN
53233	NaN
53234	NaN
53235	NaN
53236	NaN
53237	NaN
53238	NaN
53239	NaN
53240	NaN
53241	NaN
53242	NaN
53243	NaN
53244	NaN
53245	NaN
53246	NaN
53247	NaN
53248	NaN
53249	NaN
53250	NaN
53251	NaN
53252	NaN
53253	NaN
53254	NaN
53255	NaN
53256	NaN
53257	NaN
53258	NaN
53259	NaN
53260	NaN
53261	NaN
53262	NaN
53263	NaN
53264	NaN
53265	NaN
53266	NaN
53267	NaN
53268	NaN
53269	NaN
53270	NaN
53271	NaN
53272	NaN
53273	NaN
53274	NaN
53275	NaN
53276	NaN
53277	NaN
53278	NaN
53279	NaN
53280	NaN
53281	NaN
53282	NaN
53283	NaN
53284	NaN
53285	NaN
53286	NaN
53287	NaN
53288	NaN
53289	NaN
53290	NaN
53291	1.79431319
53292	1.12911749
53293	0.96076411
53294	0.88554686
53295	0.84396285
53296	0.81830823
53297	0.80144221
53298	0.78992707
53299	0.78189862
53300	0.77625966
53301	0.77232146
53302	0.76963270
53303	0.76788598
53304	0.76686752
53305	0.76642501
53306	0.76644915
53307	0.76685983
53308	0.76759809
53309	0.76861954
53310	0.76988971
53311	0.77138054
53312	0.77306741
53313	0.77492672
53314	0.77693427
53315	0.77906334
53316	0.78128326
53317	0.78355849
53318	0.78584766
53319	0.78810287
53320	0.79026943
53321	0.79228562
53322	0.79408294
53323	0.79558724
53324	0.79671925
53325	0.79739678
53326	0.79753649
53327	0.79705763
53328	0.79588425
53329	0.79395002
53330	0.79120189
53331	0.78760463
53332	0.78314483
53333	0.77783400
53334	0.77171129
53335	0.76484448
53336	0.75732899
53337	0.74928612
53338	0.74085832
53339	0.73220384
53340	0.72349060
53341	0.71488851
53342	0.70656353
53343	0.69867021
53344	0.69134748
53345	0.68471348
53346	0.67886358
53347	0.67386782
53348	0.66977066
53349	0.66659081
53350	0.66432232
53351	0.66293544
53352	0.66237849
53353	0.66257960
53354	0.66344881
53355	0.66488022
53356	0.66675484
53357	0.66894346
53358	0.67131019
53359	0.67371565
53360	0.67602193
53361	0.67809641
53362	0.67981625
53363	0.68107265
53364	0.68177468
53365	0.68185204
53366	0.68125737
53367	0.67996681
53368	0.67798001
53369	0.67531830
53370	0.67202246
53371	0.66814941
53372	0.66376823
53373	0.65895683
53374	0.65379751
53375	0.64837390
53376	0.64276803
53377	0.63705754
53378	0.63131422
53379	0.62560290
53380	0.61998039
53381	0.61449546
53382	0.60918885
53383	0.60409379
53384	0.59923643
53385	0.59463626
53386	0.59030730
53387	0.58625817
53388	0.58249277
53389	0.57901096
53390	0.57580858
53391	0.57287782
53392	0.57020712
53393	0.56778169
53394	0.56558317
53395	0.56359005
53396	0.56177759
53397	0.56011838
53398	0.55858243
53399	0.55713820
53400	0.55575269
53401	0.55439252
53402	0.55302471
53403	0.55161738
53404	0.55014068
53405	0.54856718
53406	0.54687279
53407	0.54503679
53408	0.54304236
53409	0.54087663
53410	0.53853053
53411	0.53599888
53412	0.53328037
53413	0.53037727
53414	0.52729517
53415	0.52404320
53416	0.52063370
53417	0.51708210
53418	0.51340687
53419	0.50962937
53420	0.50577337
53421	0.50186503
53422	0.49793226
53423	0.49400404
53424	0.49010962
53425	0.48627806
53426	0.48253670
53427	0.47891077
53428	0.47542223
53429	0.47208911
53430	0.46892503
53431	0.46593869
53432	0.46313387
53433	0.46050927
53434	0.45805907
53435	0.45577303
53436	0.45363703
53437	0.45163357
53438	0.44974238
53439	0.44794080
53440	0.44620436
53441	0.44450739
53442	0.44282317
53443	0.44112459
53444	0.43938452
53445	0.43757626
53446	0.43567362
53447	0.43365178
53448	0.43148726
53449	0.42915857
53450	0.42664629
53451	0.42393386
53452	0.42100772
53453	0.41785783
53454	0.41447815
53455	0.41086712
53456	0.40702817
53457	0.40296987
53458	0.39870644
53459	0.39425784
53460	0.38964963
53461	0.38491264
53462	0.38008255
53463	0.37519917
53464	0.37030554
53465	0.36544678
53466	0.36066952
53467	0.35602048
53468	0.35154581
53469	0.34729013
53470	0.34329593
53471	0.33960280
53472	0.33624715
53473	0.33326164
53474	0.33067486
53475	0.32851085
53476	0.32678908
53477	0.32552359
53478	0.32472292
53479	0.32438910
53480	0.32451698
53481	0.32509333
53482	0.32609537
53483	0.32748985
53484	0.32923120
53485	0.33126074
53486	0.33350533
53487	0.33587706
53488	0.33827358
53489	0.34057879
53490	0.34266561
53491	0.34439906
53492	0.34564045
53493	0.34625268
53494	0.34610498
53495	0.34507871
53496	0.34307072
53497	0.33999717
53498	0.33579370
53499	0.33041629
53500	0.32383814
53501	0.31604695
53502	0.30704069
53503	0.29682261
53504	0.28539807
53505	0.27276981
53506	0.25893563
53507	0.24388707
53508	0.22760823
53509	0.21007788
53510	0.19127086
53511	0.17116387
53512	0.14974141
53513	0.12700436
53514	0.10298289
53515	0.07775115
53516	0.05144768
53517	0.02430059
53518	-0.00334314
53519	-0.03098162
53520	-0.05791988
53521	-0.08322487
53522	-0.10568482
53523	-0.12376004
53524	-0.13552873
53525	-0.13861203
53526	-0.13001718
53527	-0.10581084
53528	-0.06033989
53529	0.01564015
53530	0.13996753
53531	0.35476136
53532	0.79293323
53533	2.21018791
53534	NaN
53535	NaN
53536	NaN
53537	NaN
53538	NaN
53539	NaN
53540	NaN
53541	NaN
53542	NaN
53543	NaN
53544	NaN
53545	NaN
53546	NaN
53547	NaN
53548	NaN
53549	NaN
53550	NaN
53551	NaN
53552	NaN
53553	NaN
53554	NaN
53555	NaN
53556	NaN
53557	NaN
53558	NaN
53559	NaN
53560	NaN
53561	NaN
53562	NaN
53563	NaN
53564	NaN
53565	NaN
53566	NaN
53567	NaN
53568	NaN
53569	NaN
53570	NaN
53571	NaN
53572	NaN
53573	NaN
53574	NaN
53575	NaN
53576	NaN
53577	NaN
53578	NaN
53579	NaN
53580	NaN
53581	NaN
53582	NaN
53583	NaN
53584	NaN
53585	NaN
53586	NaN
53587	NaN
53588	NaN
53589	NaN
53590	NaN
53591	NaN
53592	NaN
53593	NaN
53594	NaN
53595	NaN
53596	NaN
53597	NaN
53598	NaN
53599	NaN
53600	NaN
53601	NaN
53602	NaN
53603	NaN
53604	NaN
53605	NaN
53606	NaN
53607	NaN
53608	NaN
53609	NaN
53610	NaN
53611	NaN
53612	NaN
53613	NaN
53614	NaN
53615	NaN
53616	NaN
53617	NaN
53618	NaN
53619	NaN
53620	1.61965442
53621	1.14046717
53622	0.98009962
53623	0.90066075
53624	0.85374117
53625	0.82308716
53626	0.80170465
53627	0.78608948
53628	0.77429307
53629	0.76514757
53630	0.75791264
53631	0.75209719
53632	0.74736536
53633	0.74348009
53634	0.74027187
53635	0.73761612
53636	0.73542106
53637	0.73361748
53638	0.73215306
53639	0.73098707
53640	0.73008770
53641	0.72942865
53642	0.72898763
53643	0.72874427
53644	0.72867870
53645	0.72877061
53646	0.72899812
53647	0.72933668
53648	0.72975880
53649	0.73023337
53650	0.73072547
53651	0.73119599
53652	0.73160183
53653	0.73189616
53654	0.73202884
53655	0.73194730
53656	0.73159742
53657	0.73092490
53658	0.72987688
53659	0.72840428
53660	0.72646374
53661	0.72402048
53662	0.72105092
53663	0.71754557
53664	0.71351111
53665	0.70897269
53666	0.70397413
53667	0.69857842
53668	0.69286549
53669	0.68693024
53670	0.68087804
53671	0.67482084
53672	0.66887134
53673	0.66313893
53674	0.65772444
53675	0.65271658
53676	0.64818901
53677	0.64419818
53678	0.64078271
53679	0.63796282
53680	0.63574100
53681	0.63410318
53682	0.63301980
53683	0.63244748
53684	0.63233060
53685	0.63260263
53686	0.63318813
53687	0.63400388
53688	0.63496131
53689	0.63596761
53690	0.63692862
53691	0.63775086
53692	0.63834441
53693	0.63862580
53694	0.63852131
53695	0.63796908
53696	0.63692260
53697	0.63535196
53698	0.63324499
53699	0.63060749
53700	0.62746203
53701	0.62384671
53702	0.61981159
53703	0.61541629
53704	0.61072630
53705	0.60580957
53706	0.60073358
53707	0.59556282
53708	0.59035671
53709	0.58516812
53710	0.58004308
53711	0.57502037
53712	0.57013178
53713	0.56540269
53714	0.56085277
53715	0.55649710
53716	0.55234665
53717	0.54840910
53718	0.54468977
53719	0.54119200
53720	0.53791732
53721	0.53486615
53722	0.53203738
53723	0.52942878
53724	0.52703631
53725	0.52485418
53726	0.52287400
53727	0.52108461
53728	0.51947147
53729	0.51801592
53730	0.51669520
53731	0.51548243
53732	0.51434642
53733	0.51325250
53734	0.51216310
53735	0.51103908
53736	0.50984049
53737	0.50852847
53738	0.50706625
53739	0.50542057
53740	0.50356269
53741	0.50146937
53742	0.49912366
53743	0.49651507
53744	0.49363998
53745	0.49050152
53746	0.48710924
53747	0.48347893
53748	0.47963184
53749	0.47559404
53750	0.47139591
53751	0.46707100
53752	0.46265537
53753	0.45818672
53754	0.45370331
53755	0.44924343
53756	0.44484419
53757	0.44054091
53758	0.43636620
53759	0.43234926
53760	0.42851505
53761	0.42488384
53762	0.42147058
53763	0.41828460
53764	0.41532937
53765	0.41260251
53766	0.41009599
53767	0.40779644
53768	0.40568554
53769	0.40374079
53770	0.40193602
53771	0.40024236
53772	0.39862853
53773	0.39706203
53774	0.39550927
53775	0.39393657
53776	0.39231032
53777	0.39059764
53778	0.38876674
53779	0.38678759
53780	0.38463205
53781	0.38227493
53782	0.37969404
53783	0.37687129
53784	0.37379301
53785	0.37045082
53786	0.36684194
53787	0.36296973
53788	0.35884374
53789	0.35447985
53790	0.34989983
53791	0.34513086
53792	0.34020486
53793	0.33515736
53794	0.33002669
53795	0.32485282
53796	0.31967628
53797	0.31453747
53798	0.30947557
53799	0.30452827
53800	0.29973119
53801	0.29511780
53802	0.29071957
53803	0.28656560
53804	0.28268343
53805	0.27909863
53806	0.27583507
53807	0.27291477
53808	0.27035770
53809	0.26818135
53810	0.26639995
53811	0.26502359
53812	0.26405743
53813	0.26350001
53814	0.26334247
53815	0.26356658
53816	0.26414371
53817	0.26503286
53818	0.26617995
53819	0.26751655
53820	0.26896012
53821	0.27041453
53822	0.27177146
53823	0.27291334
53824	0.27371693
53825	0.27405712
53826	0.27381164
53827	0.27286485
53828	0.27111107
53829	0.26845643
53830	0.26481932
53831	0.26012996
53832	0.25432673
53833	0.24735442
53834	0.23915845
53835	0.22968139
53836	0.21885723
53837	0.20660761
53838	0.19283682
53839	0.17742832
53840	0.16024086
53841	0.14110425
53842	0.11981692
53843	0.09614152
53844	0.06980026
53845	0.04047221
53846	0.00778481
53847	-0.02869310
53848	-0.06946936
53849	-0.11515550
53850	-0.16652161
53851	-0.22461787
53852	-0.29101643
53853	-0.36839554
53854	-0.46197575
53855	-0.58367610
53856	-0.76715142
53857	-1.15097272
53858	NaN
53859	NaN
53860	NaN
53861	NaN
53862	NaN
53863	NaN
53864	NaN
53865	NaN
53866	NaN
53867	NaN
53868	NaN
53869	NaN
53870	NaN
53871	NaN
53872	NaN
53873	NaN
53874	NaN
53875	NaN
53876	NaN
53877	NaN
53878	NaN
53879	NaN
53880	NaN
53881	NaN
53882	NaN
53883	NaN
53884	NaN
53885	NaN
53886	NaN
53887	NaN
53888	NaN
53889	NaN
53890	NaN
53891	NaN
53892	NaN
53893	NaN
53894	NaN
53895	NaN
53896	NaN
53897	NaN
53898	NaN
53899	NaN
53900	NaN
53901	NaN
53902	NaN
53903	NaN
53904	NaN
53905	NaN
53906	NaN
53907	NaN
53908	NaN
53909	NaN
53910	NaN
53911	NaN
53912	NaN
53913	NaN
53914	NaN
53915	NaN
53916	NaN
53917	NaN
53918	NaN
53919	NaN
53920	NaN
53921	NaN
53922	NaN
53923	NaN
53924	NaN
53925	NaN
53926	NaN
53927	NaN
53928	NaN
53929	NaN
53930	NaN
53931	NaN
53932	NaN
53933	NaN
53934	NaN
53935	NaN
53936	NaN
53937	NaN
53938	1.14440084
53939	0.87918973
53940	0.83402872
53941	0.81359607
53942	0.80108011
53943	0.79220474
53944	0.78538567
53945	0.77990246
53946	0.77537620
53947	0.77158707
53948	0.76839483
53949	0.76570493
53950	0.76344806
53951	0.76157206
53952	0.76003456
53953	0.75880080
53954	0.75784069
53955	0.75712782
53956	0.75663805
53957	0.75634921
53958	0.75624043
53959	0.75629139
53960	0.75648201
53961	0.75679189
53962	0.75719959
53963	0.75768226
53964	0.75821477
53965	0.75876892
53966	0.75931305
53967	0.75981104
53968	0.76022261
53969	0.76050228
53970	0.76060003
53971	0.76046145
53972	0.76002920
53973	0.75924438
53974	0.75804883
53975	0.75638741
53976	0.75421149
53977	0.75148213
53978	0.74817312
53979	0.74427426
53980	0.73979360
53981	0.73475909
53982	0.72921962
53983	0.72324365
53984	0.71691817
53985	0.71034545
53986	0.70363909
53987	0.69692010
53988	0.69031161
53989	0.68393493
53990	0.67790437
53991	0.67232400
53992	0.66728467
53993	0.66286075
53994	0.65910918
53995	0.65606767
53996	0.65375429
53997	0.65216738
53998	0.65128535
53999	0.65106767
54000	0.65145558
54001	0.65237373
54002	0.65373158
54003	0.65542597
54004	0.65734369
54005	0.65936542
54006	0.66136885
54007	0.66323316
54008	0.66484344
54009	0.66609472
54010	0.66689587
54011	0.66717267
54012	0.66687077
54013	0.66595638
54014	0.66441733
54015	0.66226184
54016	0.65951723
54017	0.65622693
54018	0.65244776
54019	0.64824653
54020	0.64369607
54021	0.63887239
54022	0.63385129
54023	0.62870580
54024	0.62350428
54025	0.61830872
54026	0.61317372
54027	0.60814595
54028	0.60326397
54029	0.59855855
54030	0.59405267
54031	0.58976251
54032	0.58569783
54033	0.58186263
54034	0.57825607
54035	0.57487279
54036	0.57170379
54037	0.56873673
54038	0.56595641
54039	0.56334513
54040	0.56088316
54041	0.55854899
54042	0.55631953
54043	0.55417097
54044	0.55207914
54045	0.55001962
54046	0.54796892
54047	0.54590458
54048	0.54380566
54049	0.54165351
54050	0.53943139
54051	0.53712523
54052	0.53472298
54053	0.53221512
54054	0.52959406
54055	0.52685428
54056	0.52399188
54057	0.52100492
54058	0.51789320
54059	0.51465839
54060	0.51130432
54061	0.50783700
54062	0.50426501
54063	0.50059980
54064	0.49685553
54065	0.49304956
54066	0.48920202
54067	0.48533565
54068	0.48147550
54069	0.47764811
54070	0.47388098
54071	0.47020134
54072	0.46663570
54073	0.46320826
54074	0.45994037
54075	0.45684946
54076	0.45394817
54077	0.45124370
54078	0.44873756
54079	0.44642490
54080	0.44429469
54081	0.44232988
54082	0.44050756
54083	0.43879968
54084	0.43717396
54085	0.43559447
54086	0.43402305
54087	0.43242034
54088	0.43074697
54089	0.42896485
54090	0.42703822
54091	0.42493469
54092	0.42262641
54093	0.42009023
54094	0.41730893
54095	0.41427100
54096	0.41097125
54097	0.40741044
54098	0.40359542
54099	0.39953879
54100	0.39525822
54101	0.39077646
54102	0.38612029
54103	0.38132024
54104	0.37640956
54105	0.37142384
54106	0.36639994
54107	0.36137533
54108	0.35638744
54109	0.35147291
54110	0.34666678
54111	0.34200221
54112	0.33750999
54113	0.33321795
54114	0.32915097
54115	0.32533070
54116	0.32177526
54117	0.31849957
54118	0.31551492
54119	0.31282926
54120	0.31044698
54121	0.30836886
54122	0.30659217
54123	0.30511039
54124	0.30391303
54125	0.30298546
54126	0.30230847
54127	0.30185819
54128	0.30160555
54129	0.30151629
54130	0.30155069
54131	0.30166352
54132	0.30180445
54133	0.30191842
54134	0.30194628
54135	0.30182615
54136	0.30149463
54137	0.30088824
54138	0.29994556
54139	0.29860878
54140	0.29682583
54141	0.29455134
54142	0.29174876
54143	0.28839034
54144	0.28445834
54145	0.27994424
54146	0.27484900
54147	0.26918200
54148	0.26296055
54149	0.25620890
54150	0.24895751
54151	0.24124233
54152	0.23310472
54153	0.22459067
54154	0.21575183
54155	0.20664553
54156	0.19733581
54157	0.18789484
54158	0.17840442
54159	0.16895798
54160	0.15966229
54161	0.15063986
54162	0.14203003
54163	0.13399056
54164	0.12669800
54165	0.12034716
54166	0.11514878
54167	0.11132754
54168	0.10911746
54169	0.10875744
54170	0.11048540
54171	0.11453538
54172	0.12113396
54173	0.13050272
54174	0.14286420
54175	0.15845697
54176	0.17756151
54177	0.20054223
54178	0.22791526
54179	0.26045707
54180	0.29939368
54181	0.34673515
54182	0.40593249
54183	0.48329702
54184	0.59147447
54185	0.75961494
54186	1.07245541
54187	1.92091560
54188	NaN
54189	NaN
54190	NaN
54191	NaN
54192	NaN
54193	NaN
54194	NaN
54195	NaN
54196	NaN
54197	NaN
54198	NaN
54199	NaN
54200	NaN
54201	NaN
54202	NaN
54203	NaN
54204	NaN
54205	NaN
54206	NaN
54207	NaN
54208	NaN
54209	NaN
54210	NaN
54211	NaN
54212	NaN
54213	NaN
54214	NaN
54215	NaN
54216	NaN
54217	NaN
54218	NaN
54219	NaN
54220	NaN
54221	NaN
54222	NaN
54223	NaN
54224	NaN
54225	NaN
54226	NaN
54227	NaN
54228	NaN
54229	NaN
54230	NaN
54231	NaN
54232	NaN
54233	NaN
54234	NaN
54235	NaN
54236	NaN
54237	NaN
54238	NaN
54239	NaN
54240	NaN
54241	NaN
54242	NaN
54243	NaN
54244	NaN
54245	NaN
54246	NaN
54247	NaN
54248	NaN
54249	NaN
54250	NaN
54251	NaN
54252	NaN
54253	NaN
54254	NaN
54255	NaN
54256	NaN
54257	NaN
54258	1.34765565
54259	0.92602324
54260	0.84359503
54261	0.81035221
54262	0.79342681
54263	0.78380716
54264	0.77801943
54265	0.77443928
54266	0.77220547
54267	0.77081805
54268	0.76996744
54269	0.76945138
54270	0.76913297
54271	0.76891738
54272	0.76873791
54273	0.76854748
54274	0.76831377
54275	0.76801527
54276	0.76763910
54277	0.76717937
54278	0.76663554
54279	0.76601154
54280	0.76531452
54281	0.76455426
54282	0.76374149
54283	0.76288766
54284	0.76200265
54285	0.76109499
54286	0.76016986
54287	0.75922877
54288	0.75826830
54289	0.75727969
54290	0.75624865
54291	0.75515479
54292	0.75397205
54293	0.75266951
54294	0.75121194
54295	0.74956137
54296	0.74767882
54297	0.74552631
54298	0.74306947
54299	0.74027985
54300	0.73713785
54301	0.73363495
54302	0.72977614
54303	0.72558153
54304	0.72108704
54305	0.71634424
54306	0.71141976
54307	0.70639229
54308	0.70135021
54309	0.69638807
54310	0.69160193
54311	0.68708581
54312	0.68292743
54313	0.67920411
54314	0.67598057
54315	0.67330557
54316	0.67121059
54317	0.66970891
54318	0.66879487
54319	0.66844457
54320	0.66861647
54321	0.66925251
54322	0.67028004
54323	0.67161345
54324	0.67315704
54325	0.67480707
54326	0.67645472
54327	0.67798930
54328	0.67930120
54329	0.68028575
54330	0.68084604
54331	0.68089694
54332	0.68036789
54333	0.67920607
54334	0.67737848
54335	0.67487413
54336	0.67170393
54337	0.66790068
54338	0.66351736
54339	0.65862477
54340	0.65330762
54341	0.64766049
54342	0.64178348
54343	0.63577765
54344	0.62974066
54345	0.62376326
54346	0.61792660
54347	0.61229962
54348	0.60693848
54349	0.60188562
54350	0.59717011
54351	0.59280860
54352	0.58880633
54353	0.58515841
54354	0.58185172
54355	0.57886618
54356	0.57617629
54357	0.57375270
54358	0.57156330
54359	0.56957453
54360	0.56775200
54361	0.56606144
54362	0.56446946
54363	0.56294376
54364	0.56145388
54365	0.55997121
54366	0.55846941
54367	0.55692405
54368	0.55531311
54369	0.55361640
54370	0.55181551
54371	0.54989338
54372	0.54783446
54373	0.54562384
54374	0.54324818
54375	0.54069477
54376	0.53795272
54377	0.53501296
54378	0.53186864
54379	0.52851605
54380	0.52495509
54381	0.52118981
54382	0.51722896
54383	0.51308614
54384	0.50877994
54385	0.50433397
54386	0.49977633
54387	0.49513933
54388	0.49045861
54389	0.48577222
54390	0.48111963
54391	0.47654065
54392	0.47207409
54393	0.46775666
54394	0.46362182
54395	0.45969874
54396	0.45601112
54397	0.45257685
54398	0.44940701
54399	0.44650587
54400	0.44387040
54401	0.44149062
54402	0.43934959
54403	0.43742418
54404	0.43568558
54405	0.43410027
54406	0.43263102
54407	0.43123791
54408	0.42987958
54409	0.42851430
54410	0.42710111
54411	0.42560080
54412	0.42397684
54413	0.42219624
54414	0.42022994
54415	0.41805357
54416	0.41564754
54417	0.41299736
54418	0.41009381
54419	0.40693292
54420	0.40351596
54421	0.39984933
54422	0.39594451
54423	0.39181766
54424	0.38748956
54425	0.38298494
54426	0.37833223
54427	0.37356281
54428	0.36871046
54429	0.36381021
54430	0.35889813
54431	0.35401008
54432	0.34918106
54433	0.34444460
54434	0.33983216
54435	0.33537251
54436	0.33109161
54437	0.32701215
54438	0.32315385
54439	0.31953317
54440	0.31616351
54441	0.31305546
54442	0.31021702
54443	0.30765367
54444	0.30536845
54445	0.30336216
54446	0.30163315
54447	0.30017719
54448	0.29898688
54449	0.29805157
54450	0.29735616
54451	0.29688102
54452	0.29660085
54453	0.29648429
54454	0.29649329
54455	0.29658318
54456	0.29670221
54457	0.29679295
54458	0.29679260
54459	0.29663488
54460	0.29625201
54461	0.29557690
54462	0.29454547
54463	0.29309937
54464	0.29118785
54465	0.28876954
54466	0.28581393
54467	0.28230128
54468	0.27822348
54469	0.27358302
54470	0.26839253
54471	0.26267409
54472	0.25645807
54473	0.24978273
54474	0.24269386
54475	0.23524432
54476	0.22749515
54477	0.21951568
54478	0.21138571
54479	0.20319605
54480	0.19505209
54481	0.18707491
54482	0.17940493
54483	0.17220394
54484	0.16565840
54485	0.15998037
54486	0.15540799
54487	0.15220442
54488	0.15065257
54489	0.15104903
54490	0.15369359
54491	0.15887596
54492	0.16686410
54493	0.17789087
54494	0.19214810
54495	0.20978631
54496	0.23092946
54497	0.25570408
54498	0.28428802
54499	0.31699395
54500	0.35439822
54501	0.39756027
54502	0.44843227
54503	0.51070285
54504	0.59177482
54505	0.70831370
54506	0.90600926
54507	1.36875081
54508	NaN
54509	NaN
54510	NaN
54511	NaN
54512	NaN
54513	NaN
54514	NaN
54515	NaN
54516	NaN
54517	NaN
54518	NaN
54519	NaN
54520	NaN
54521	NaN
54522	NaN
54523	NaN
54524	NaN
54525	NaN
54526	NaN
54527	NaN
54528	NaN
54529	NaN
54530	NaN
54531	NaN
54532	NaN
54533	NaN
54534	NaN
54535	NaN
54536	NaN
54537	NaN
54538	NaN
54539	NaN
54540	NaN
54541	NaN
54542	NaN
54543	NaN
54544	NaN
54545	NaN
54546	NaN
54547	NaN
54548	NaN
54549	NaN
54550	NaN
54551	NaN
54552	NaN
54553	NaN
54554	NaN
54555	NaN
54556	NaN
54557	NaN
54558	NaN
54559	NaN
54560	NaN
54561	NaN
54562	NaN
54563	NaN
54564	NaN
54565	NaN
54566	NaN
54567	NaN
54568	NaN
54569	NaN
54570	NaN
54571	NaN
54572	NaN
54573	NaN
54574	NaN
54575	NaN
54576	NaN
54577	NaN
54578	NaN
54579	NaN
54580	NaN
54581	NaN
54582	NaN
54583	NaN
54584	NaN
54585	NaN
54586	NaN
54587	NaN
54588	2.33181071
54589	1.18159723
54590	0.96754324
54591	0.88018167
54592	0.83451778
54593	0.80769145
54594	0.79095906
54595	0.78024316
54596	0.77338177
54597	0.76911700
54598	0.76666588
54599	0.76551372
54600	0.76530868
54601	0.76580155
54602	0.76681203
54603	0.76820725
54604	0.76988780
54605	0.77177912
54606	0.77382469
54607	0.77598166
54608	0.77821684
54609	0.78050447
54610	0.78282273
54611	0.78515244
54612	0.78747469
54613	0.78976935
54614	0.79201275
54615	0.79417711
54616	0.79622871
54617	0.79812700
54618	0.79982388
54619	0.80126321
54620	0.80238092
54621	0.80310589
54622	0.80336064
54623	0.80306423
54624	0.80213439
54625	0.80049133
54626	0.79806250
54627	0.79478711
54628	0.79062164
54629	0.78554511
54630	0.77956396
54631	0.77271593
54632	0.76507187
54633	0.75673610
54634	0.74784458
54635	0.73855984
54636	0.72906494
54637	0.71955532
54638	0.71023047
54639	0.70128471
54640	0.69289935
54641	0.68523639
54642	0.67843276
54643	0.67259711
54644	0.66780794
54645	0.66411251
54646	0.66152799
54647	0.66004223
54648	0.65961540
54649	0.66018188
54650	0.66165286
54651	0.66391754
54652	0.66684645
54653	0.67029327
54654	0.67409849
54655	0.67809230
54656	0.68209934
54657	0.68594301
54658	0.68945146
54659	0.69246286
54660	0.69483179
54661	0.69643480
54662	0.69717515
54663	0.69698697
54664	0.69583732
54665	0.69372648
54666	0.69068700
54667	0.68678033
54668	0.68209213
54669	0.67672735
54670	0.67080384
54671	0.66444659
54672	0.65778202
54673	0.65093327
54674	0.64401633
54675	0.63713706
54676	0.63038921
54677	0.62385380
54678	0.61759800
54679	0.61167622
54680	0.60612959
54681	0.60098791
54682	0.59626979
54683	0.59198374
54684	0.58812916
54685	0.58469707
54686	0.58167094
54687	0.57902730
54688	0.57673621
54689	0.57476228
54690	0.57306510
54691	0.57160026
54692	0.57032031
54693	0.56917584
54694	0.56811672
54695	0.56709355
54696	0.56605881
54697	0.56496823
54698	0.56378192
54699	0.56246513
54700	0.56098890
54701	0.55933058
54702	0.55747348
54703	0.55540669
54704	0.55312485
54705	0.55062723
54706	0.54791725
54707	0.54500163
54708	0.54188985
54709	0.53859353
54710	0.53512651
54711	0.53150380
54712	0.52774203
54713	0.52385950
54714	0.51987612
54715	0.51581365
54716	0.51169616
54717	0.50754994
54718	0.50340378
54719	0.49928883
54720	0.49523804
54721	0.49128571
54722	0.48746654
54723	0.48381424
54724	0.48036078
54725	0.47713417
54726	0.47415784
54727	0.47144914
54728	0.46901810
54729	0.46686724
54730	0.46499076
54731	0.46337485
54732	0.46199781
54733	0.46083075
54734	0.45983854
54735	0.45898068
54736	0.45821258
54737	0.45748672
54738	0.45675379
54739	0.45596406
54740	0.45506811
54741	0.45401815
54742	0.45276886
54743	0.45127809
54744	0.44950774
54745	0.44742423
54746	0.44499961
54747	0.44221163
54748	0.43904474
54749	0.43549046
54750	0.43154809
54751	0.42722484
54752	0.42253640
54753	0.41750687
54754	0.41216868
54755	0.40656221
54756	0.40073520
54757	0.39474148
54758	0.38864043
54759	0.38249493
54760	0.37637043
54761	0.37033299
54762	0.36444810
54763	0.35877901
54764	0.35338587
54765	0.34832406
54766	0.34364405
54767	0.33939010
54768	0.33560035
54769	0.33230606
54770	0.32953182
54771	0.32729495
54772	0.32560602
54773	0.32446840
54774	0.32387832
54775	0.32382455
54776	0.32428831
54777	0.32524270
54778	0.32665193
54779	0.32847080
54780	0.33064389
54781	0.33310434
54782	0.33577365
54783	0.33856097
54784	0.34136316
54785	0.34406558
54786	0.34654379
54787	0.34866598
54788	0.35029638
54789	0.35130006
54790	0.35154718
54791	0.35091886
54792	0.34931168
54793	0.34664208
54794	0.34284890
54795	0.33789489
54796	0.33176622
54797	0.32447052
54798	0.31603378
54799	0.30649662
54800	0.29590970
54801	0.28433001
54802	0.27181706
54803	0.25843096
54804	0.24423075
54805	0.22927471
54806	0.21362203
54807	0.19733556
54808	0.18048701
54809	0.16316268
54810	0.14547165
54811	0.12755571
54812	0.10960011
54813	0.09184755
54814	0.07461267
54815	0.05829804
54816	0.04341187
54817	0.03058475
54818	0.02058539
54819	0.01433044
54820	0.01289323
54821	0.01749904
54822	0.02952111
54823	0.05047125
54824	0.08200989
54825	0.12599781
54826	0.18463874
54827	0.26080981
54828	0.35875127
54829	0.48549449
54830	0.65404201
54831	0.89123946
54832	1.26134968
54833	1.96071279
54834	3.99086118
54835	NaN
54836	NaN
54837	NaN
54838	NaN
54839	NaN
54840	NaN
54841	NaN
54842	NaN
54843	NaN
54844	NaN
54845	NaN
54846	NaN
54847	NaN
54848	NaN
54849	NaN
54850	NaN
54851	NaN
54852	NaN
54853	NaN
54854	NaN
54855	NaN
54856	NaN
54857	NaN
54858	NaN
54859	NaN
54860	NaN
54861	NaN
54862	NaN
54863	NaN
54864	NaN
54865	NaN
54866	NaN
54867	NaN
54868	NaN
54869	NaN
54870	NaN
54871	NaN
54872	NaN
54873	NaN
54874	NaN
54875	NaN
54876	NaN
54877	NaN
54878	NaN
54879	NaN
54880	NaN
54881	NaN
54882	NaN
54883	NaN
54884	NaN
54885	NaN
54886	NaN
54887	NaN
54888	NaN
54889	NaN
54890	NaN
54891	NaN
54892	NaN
54893	NaN
54894	NaN
54895	NaN
54896	NaN
54897	NaN
54898	NaN
54899	NaN
54900	NaN
54901	NaN
54902	NaN
54903	NaN
54904	NaN
54905	NaN
54906	NaN
54907	NaN
54908	NaN
54909	NaN
54910	NaN
54911	NaN
54912	NaN
54913	NaN
54914	NaN
54915	NaN
54916	NaN
54917	NaN
54918	4.02338934
54919	1.39238918
54920	1.06619704
54921	0.94247562
54922	0.87951738
54923	0.84276080
54924	0.81961083
54925	0.80437034
54926	0.79408377
54927	0.78706175
54928	0.78226924
54929	0.77903605
54930	0.77691144
54931	0.77558172
54932	0.77482420
54933	0.77447808
54934	0.77442652
54935	0.77458441
54936	0.77489018
54937	0.77529979
54938	0.77578229
54939	0.77631694
54940	0.77689010
54941	0.77749312
54942	0.77812040
54943	0.77876788
54944	0.77943116
54945	0.78010434
54946	0.78077865
54947	0.78144133
54948	0.78207481
54949	0.78265578
54950	0.78315502
54951	0.78353667
54952	0.78375870
54953	0.78377324
54954	0.78352660
54955	0.78296167
54956	0.78201830
54957	0.78063655
54958	0.77875841
54959	0.77633196
54960	0.77331454
54961	0.76967728
54962	0.76540858
54963	0.76051849
54964	0.75504076
54965	0.74903524
54966	0.74258673
54967	0.73580343
54968	0.72881311
54969	0.72175735
54970	0.71478522
54971	0.70804602
54972	0.70168281
54973	0.69582576
54974	0.69058746
54975	0.68605906
54976	0.68230802
54977	0.67937678
54978	0.67728347
54979	0.67602170
54980	0.67556310
54981	0.67585796
54982	0.67683804
54983	0.67841798
54984	0.68049771
54985	0.68296397
54986	0.68569332
54987	0.68855381
54988	0.69140816
54989	0.69411671
54990	0.69654149
54991	0.69855005
54992	0.70002025
54993	0.70084494
54994	0.70093685
54995	0.70023257
54996	0.69869590
54997	0.69631946
54998	0.69312531
54999	0.68916315
55000	0.68450707
55001	0.67925096
55002	0.67350316
55003	0.66738003
55004	0.66100043
55005	0.65448010
55006	0.64792711
55007	0.64143860
55008	0.63509864
55009	0.62897700
55010	0.62312877
55011	0.61759531
55012	0.61240536
55013	0.60757637
55014	0.60311645
55015	0.59902585
55016	0.59529859
55017	0.59192431
55018	0.58888882
55019	0.58617574
55020	0.58376640
55021	0.58164120
55022	0.57977921
55023	0.57815856
55024	0.57675642
55025	0.57554865
55026	0.57450950
55027	0.57361174
55028	0.57282597
55029	0.57212067
55030	0.57146192
55031	0.57081401
55032	0.57013899
55033	0.56939763
55034	0.56854999
55035	0.56755614
55036	0.56637728
55037	0.56497651
55038	0.56332040
55039	0.56137955
55040	0.55913007
55041	0.55655420
55042	0.55364114
55043	0.55038756
55044	0.54679805
55045	0.54288495
55046	0.53866851
55047	0.53417605
55048	0.52944207
55049	0.52450651
55050	0.51941448
55051	0.51421499
55052	0.50895953
55053	0.50370079
55054	0.49849156
55055	0.49338311
55056	0.48842394
55057	0.48365870
55058	0.47912675
55059	0.47486109
55060	0.47088775
55061	0.46722499
55062	0.46388289
55063	0.46086326
55064	0.45815974
55065	0.45575836
55066	0.45363796
55067	0.45177117
55068	0.45012525
55069	0.44866335
55070	0.44734520
55071	0.44612843
55072	0.44496930
55073	0.44382375
55074	0.44264808
55075	0.44139960
55076	0.44003734
55077	0.43852249
55078	0.43681914
55079	0.43489456
55080	0.43271989
55081	0.43027079
55082	0.42752773
55083	0.42447707
55084	0.42111135
55085	0.41742975
55086	0.41343871
55087	0.40915188
55088	0.40459019
55089	0.39978155
55090	0.39476010
55091	0.38956535
55092	0.38424146
55093	0.37883532
55094	0.37339604
55095	0.36797309
55096	0.36261573
55097	0.35737163
55098	0.35228658
55099	0.34740373
55100	0.34276342
55101	0.33840314
55102	0.33435729
55103	0.33065742
55104	0.32733217
55105	0.32440668
55106	0.32190278
55107	0.31983790
55108	0.31822476
55109	0.31706983
55110	0.31637213
55111	0.31612170
55112	0.31629786
55113	0.31686762
55114	0.31778401
55115	0.31898504
55116	0.32039312
55117	0.32191509
55118	0.32344389
55119	0.32486027
55120	0.32603684
55121	0.32684207
55122	0.32714567
55123	0.32682380
55124	0.32576415
55125	0.32387054
55126	0.32106572
55127	0.31729347
55128	0.31251782
55129	0.30672291
55130	0.29990944
55131	0.29209223
55132	0.28329596
55133	0.27355248
55134	0.26289755
55135	0.25136870
55136	0.23900446
55137	0.22584467
55138	0.21193160
55139	0.19731465
55140	0.18205489
55141	0.16623376
55142	0.14996381
55143	0.13340326
55144	0.11677424
55145	0.10038400
55146	0.08465151
55147	0.07013299
55148	0.05754837
55149	0.04780086
55150	0.04198482
55151	0.04137450
55152	0.04739136
55153	0.06154870
55154	0.08538967
55155	0.12043653
55156	0.16820742
55157	0.23034665
55158	0.30897453
55159	0.40739441
55160	0.53151268
55161	0.69284135
55162	0.91584051
55163	1.25976002
55164	1.90658057
55165	3.79092431
55166	NaN
55167	NaN
55168	NaN
55169	NaN
55170	NaN
55171	NaN
55172	NaN
55173	NaN
55174	NaN
55175	NaN
55176	NaN
55177	NaN
55178	NaN
55179	NaN
55180	NaN
55181	NaN
55182	NaN
55183	NaN
55184	NaN
55185	NaN
55186	NaN
55187	NaN
55188	NaN
55189	NaN
55190	NaN
55191	NaN
55192	NaN
55193	NaN
55194	NaN
55195	NaN
55196	NaN
55197	NaN
55198	NaN
55199	NaN
55200	NaN
55201	NaN
55202	NaN
55203	NaN
55204	NaN
55205	NaN
55206	NaN
55207	NaN
55208	NaN
55209	NaN
55210	NaN
55211	NaN
55212	NaN
55213	NaN
55214	NaN
55215	NaN
55216	NaN
55217	NaN
55218	NaN
55219	NaN
55220	NaN
55221	NaN
55222	NaN
55223	NaN
55224	NaN
55225	NaN
55226	NaN
55227	NaN
55228	NaN
55229	NaN
55230	NaN
55231	NaN
55232	NaN
55233	NaN
55234	NaN
55235	NaN
55236	NaN
55237	NaN
55238	NaN
55239	NaN
55240	1.24234200
55241	1.01007807
55242	0.93638504
55243	0.89894915
55244	0.87579131
55245	0.85987061
55246	0.84821534
55247	0.83934295
55248	0.83242184
55249	0.82694352
55250	0.82257599
55251	0.81909049
55252	0.81632298
55253	0.81415153
55254	0.81248319
55255	0.81124538
55256	0.81037992
55257	0.80983973
55258	0.80958551
55259	0.80958384
55260	0.80980539
55261	0.81022340
55262	0.81081289
55263	0.81154859
55264	0.81240469
55265	0.81335336
55266	0.81436396
55267	0.81540197
55268	0.81642830
55269	0.81739861
55270	0.81826347
55271	0.81896752
55272	0.81945056
55273	0.81964797
55274	0.81949234
55275	0.81891555
55276	0.81785083
55277	0.81623644
55278	0.81401819
55279	0.81115383
55280	0.80761588
55281	0.80339533
55282	0.79850417
55283	0.79297686
55284	0.78687119
55285	0.78026766
55286	0.77326691
55287	0.76598698
55288	0.75855857
55289	0.75112045
55290	0.74381328
55291	0.73677528
55292	0.73013633
55293	0.72401446
55294	0.71851104
55295	0.71370912
55296	0.70967060
55297	0.70643568
55298	0.70402163
55299	0.70242351
55300	0.70161408
55301	0.70154554
55302	0.70215034
55303	0.70334345
55304	0.70502418
55305	0.70707941
55306	0.70938617
55307	0.71181548
55308	0.71423632
55309	0.71651947
55310	0.71854216
55311	0.72019178
55312	0.72137016
55313	0.72199655
55314	0.72201002
55315	0.72137153
55316	0.72006381
55317	0.71809143
55318	0.71547878
55319	0.71226817
55320	0.70851648
55321	0.70429170
55322	0.69966972
55323	0.69473022
55324	0.68955398
55325	0.68421972
55326	0.67880189
55327	0.67336851
55328	0.66798079
55329	0.66269130
55330	0.65754461
55331	0.65257692
55332	0.64781654
55333	0.64328444
55334	0.63899499
55335	0.63495666
55336	0.63117284
55337	0.62764227
55338	0.62435973
55339	0.62131631
55340	0.61849993
55341	0.61589545
55342	0.61348468
55343	0.61124688
55344	0.60915869
55345	0.60719460
55346	0.60532737
55347	0.60352832
55348	0.60176826
55349	0.60001773
55350	0.59824830
55351	0.59643257
55352	0.59454513
55353	0.59256303
55354	0.59046596
55355	0.58823657
55356	0.58586061
55357	0.58332717
55358	0.58062828
55359	0.57775933
55360	0.57471913
55361	0.57150996
55362	0.56813747
55363	0.56461108
55364	0.56094390
55365	0.55715281
55366	0.55325848
55367	0.54928505
55368	0.54525983
55369	0.54121292
55370	0.53717631
55371	0.53318328
55372	0.52926713
55373	0.52546042
55374	0.52179360
55375	0.51829416
55376	0.51498562
55377	0.51188630
55378	0.50900900
55379	0.50636017
55380	0.50393999
55381	0.50174165
55382	0.49975207
55383	0.49795187
55384	0.49631593
55385	0.49481398
55386	0.49341163
55387	0.49207091
55388	0.49075145
55389	0.48941144
55390	0.48800859
55391	0.48650149
55392	0.48485038
55393	0.48301831
55394	0.48097214
55395	0.47868323
55396	0.47612822
55397	0.47328961
55398	0.47015604
55399	0.46672246
55400	0.46299011
55401	0.45896649
55402	0.45466501
55403	0.45010474
55404	0.44530979
55405	0.44030911
55406	0.43513572
55407	0.42982644
55408	0.42442071
55409	0.41896051
55410	0.41348919
55411	0.40805089
55412	0.40268978
55413	0.39744940
55414	0.39237186
55415	0.38749766
55416	0.38286495
55417	0.37850958
55418	0.37446466
55419	0.37076047
55420	0.36742443
55421	0.36448050
55422	0.36194921
55423	0.35984713
55424	0.35818616
55425	0.35697308
55426	0.35620868
55427	0.35588706
55428	0.35599470
55429	0.35650948
55430	0.35740018
55431	0.35862526
55432	0.36013287
55433	0.36186004
55434	0.36373332
55435	0.36566886
55436	0.36757448
55437	0.36935082
55438	0.37089446
55439	0.37210059
55440	0.37286693
55441	0.37309688
55442	0.37270319
55443	0.37161064
55444	0.36975861
55445	0.36710224
55446	0.36361316
55447	0.35927877
55448	0.35410163
55449	0.34809729
55450	0.34129259
55451	0.33372369
55452	0.32543403
55453	0.31647319
55454	0.30689520
55455	0.29675886
55456	0.28612801
55457	0.27507213
55458	0.26366857
55459	0.25200540
55460	0.24018422
55461	0.22832479
55462	0.21656947
55463	0.20508967
55464	0.19409050
55465	0.18381882
55466	0.17456804
55467	0.16668516
55468	0.16057506
55469	0.15670396
55470	0.15560137
55471	0.15785867
55472	0.16412988
55473	0.17512999
55474	0.19164501
55475	0.21455193
55476	0.24486671
55477	0.28384107
55478	0.33313942
55479	0.39516899
55480	0.47370088
55481	0.57510620
55482	0.71106261
55483	0.90524703
55484	1.21328926
55485	1.80183566
55486	3.49268055
55487	NaN
55488	NaN
55489	NaN
55490	NaN
55491	NaN
55492	NaN
55493	NaN
55494	NaN
55495	NaN
55496	NaN
55497	NaN
55498	NaN
55499	NaN
55500	NaN
55501	NaN
55502	NaN
55503	NaN
55504	NaN
55505	NaN
55506	NaN
55507	NaN
55508	NaN
55509	NaN
55510	NaN
55511	NaN
55512	NaN
55513	NaN
55514	NaN
55515	NaN
55516	NaN
55517	NaN
55518	NaN
55519	NaN
55520	NaN
55521	NaN
55522	NaN
55523	NaN
55524	NaN
55525	NaN
55526	NaN
55527	NaN
55528	NaN
55529	NaN
55530	NaN
55531	NaN
55532	NaN
55533	NaN
55534	NaN
55535	NaN
55536	NaN
55537	NaN
55538	NaN
55539	NaN
55540	NaN
55541	NaN
55542	NaN
55543	NaN
55544	NaN
55545	NaN
55546	NaN
55547	NaN
55548	NaN
55549	NaN
55550	NaN
55551	NaN
55552	NaN
55553	NaN
55554	NaN
55555	NaN
55556	NaN
55557	NaN
55558	NaN
55559	NaN
55560	NaN
55561	NaN
55562	NaN
55563	NaN
55564	NaN
55565	NaN
55566	NaN
55567	NaN
55568	NaN
55569	NaN
55570	NaN
55571	NaN
55572	1.06447148
55573	0.88880575
55574	0.83919275
55575	0.81785810
55576	0.80716127
55577	0.80146837
55578	0.79842347
55579	0.79687577
55580	0.79619968
55581	0.79603350
55582	0.79615754
55583	0.79643637
55584	0.79678679
55585	0.79715872
55586	0.79752445
55587	0.79787117
55588	0.79819596
55589	0.79850203
55590	0.79879659
55591	0.79908860
55592	0.79938751
55593	0.79970217
55594	0.80004019
55595	0.80040616
55596	0.80080253
55597	0.80122733
55598	0.80167508
55599	0.80213523
55600	0.80259234
55601	0.80302548
55602	0.80340862
55603	0.80370957
55604	0.80389130
55605	0.80391109
55606	0.80372214
55607	0.80327362
55608	0.80251276
55609	0.80138546
55610	0.79983962
55611	0.79782671
55612	0.79530495
55613	0.79224288
55614	0.78862220
55615	0.78444099
55616	0.77971613
55617	0.77448517
55618	0.76880658
55619	0.76275909
55620	0.75643981
55621	0.74996006
55622	0.74344182
55623	0.73701179
55624	0.73079628
55625	0.72491598
55626	0.71948099
55627	0.71458703
55628	0.71031201
55629	0.70671421
55630	0.70383072
55631	0.70167691
55632	0.70024681
55633	0.69951361
55634	0.69943064
55635	0.69993329
55636	0.70094001
55637	0.70235491
55638	0.70406967
55639	0.70596641
55640	0.70792043
55641	0.70980400
55642	0.71148986
55643	0.71285534
55644	0.71378678
55645	0.71418387
55646	0.71396333
55647	0.71306282
55648	0.71144331
55649	0.70909071
55650	0.70601612
55651	0.70225483
55652	0.69786376
55653	0.69291848
55654	0.68750840
55655	0.68173248
55656	0.67569429
55657	0.66949719
55658	0.66324037
55659	0.65701568
55660	0.65090466
55661	0.64497703
55662	0.63929015
55663	0.63388795
55664	0.62880236
55665	0.62405360
55666	0.61965150
55667	0.61559695
55668	0.61188358
55669	0.60849893
55670	0.60542625
55671	0.60264570
55672	0.60013509
55673	0.59787154
55674	0.59583139
55675	0.59399104
55676	0.59232688
55677	0.59081537
55678	0.58943290
55679	0.58815515
55680	0.58695745
55681	0.58581388
55682	0.58469754
55683	0.58358026
55684	0.58243299
55685	0.58122605
55686	0.57992941
55687	0.57851368
55688	0.57695013
55689	0.57521218
55690	0.57327545
55691	0.57111889
55692	0.56872499
55693	0.56608087
55694	0.56317830
55695	0.56001431
55696	0.55659157
55697	0.55291831
55698	0.54900867
55699	0.54488266
55700	0.54056567
55701	0.53608835
55702	0.53148592
55703	0.52679741
55704	0.52206463
55705	0.51733124
55706	0.51264113
55707	0.50803739
55708	0.50356096
55709	0.49924901
55710	0.49513429
55711	0.49124369
55712	0.48759812
55713	0.48421156
55714	0.48109129
55715	0.47823760
55716	0.47564459
55717	0.47330016
55718	0.47118670
55719	0.46928191
55720	0.46755919
55721	0.46598837
55722	0.46453664
55723	0.46316880
55724	0.46184841
55725	0.46053797
55726	0.45919991
55727	0.45779684
55728	0.45629242
55729	0.45465180
55730	0.45284206
55731	0.45083281
55732	0.44859689
55733	0.44611064
55734	0.44335493
55735	0.44031531
55736	0.43698284
55737	0.43335453
55738	0.42943370
55739	0.42523050
55740	0.42076179
55741	0.41605151
55742	0.41113001
55743	0.40603408
55744	0.40080592
55745	0.39549246
55746	0.39014435
55747	0.38481486
55748	0.37955853
55749	0.37443021
55750	0.36948395
55751	0.36477196
55752	0.36034396
55753	0.35624653
55754	0.35252255
55755	0.34921116
55756	0.34634727
55757	0.34396139
55758	0.34207955
55759	0.34072250
55760	0.33990541
55761	0.33963647
55762	0.33991599
55763	0.34073415
55764	0.34206930
55765	0.34388554
55766	0.34613034
55767	0.34873223
55768	0.35159937
55769	0.35461816
55770	0.35765442
55771	0.36055470
55772	0.36315084
55773	0.36526513
55774	0.36671859
55775	0.36733878
55776	0.36696944
55777	0.36547786
55778	0.36276221
55779	0.35875440
55780	0.35342175
55781	0.34676436
55782	0.33881095
55783	0.32961214
55784	0.31923345
55785	0.30774799
55786	0.29523021
55787	0.28175065
55788	0.26737255
55789	0.25215018
55790	0.23612911
55791	0.21934818
55792	0.20184354
55793	0.18365534
55794	0.16483682
55795	0.14546706
55796	0.12566978
55797	0.10563791
55798	0.08566861
55799	0.06621183
55800	0.04793694
55801	0.03182660
55802	0.01930474
55803	0.01242191
55804	0.01411646
55805	0.02861728
55806	0.06209609
55807	0.12384262
55808	0.22866242
55809	0.40246749
55810	0.69758713
55811	1.24500000
55812	2.51330805
55813	NaN
55814	NaN
55815	NaN
55816	NaN
55817	NaN
55818	NaN
55819	NaN
55820	NaN
55821	NaN
55822	NaN
55823	NaN
55824	NaN
55825	NaN
55826	NaN
55827	NaN
55828	NaN
55829	NaN
55830	NaN
55831	NaN
55832	NaN
55833	NaN
55834	NaN
55835	NaN
55836	NaN
55837	NaN
55838	NaN
55839	NaN
55840	NaN
55841	NaN
55842	NaN
55843	NaN
55844	NaN
55845	NaN
55846	NaN
55847	NaN
55848	NaN
55849	NaN
55850	NaN
55851	NaN
55852	NaN
55853	NaN
55854	NaN
55855	NaN
55856	NaN
55857	NaN
55858	NaN
55859	NaN
55860	NaN
55861	NaN
55862	NaN
55863	NaN
55864	NaN
55865	NaN
55866	NaN
55867	NaN
55868	NaN
55869	NaN
55870	NaN
55871	NaN
55872	NaN
55873	NaN
55874	NaN
55875	NaN
55876	NaN
55877	NaN
55878	NaN
55879	NaN
55880	NaN
55881	NaN
55882	NaN
55883	NaN
55884	NaN
55885	NaN
55886	NaN
55887	NaN
55888	NaN
55889	NaN
55890	NaN
55891	NaN
55892	NaN
55893	NaN
55894	NaN
55895	NaN
55896	NaN
55897	NaN
55898	NaN
55899	NaN
55900	NaN
55901	NaN
55902	NaN
55903	NaN
55904	NaN
55905	2.27311420
55906	1.22832394
55907	1.00328195
55908	0.90871018
55909	0.85896033
55910	0.82987779
55911	0.81199080
55912	0.80080962
55913	0.79392582
55914	0.78992462
55915	0.78791976
55916	0.78732473
55917	0.78773755
55918	0.78887248
55919	0.79052240
55920	0.79253358
55921	0.79479074
55922	0.79720628
55923	0.79971284
55924	0.80225748
55925	0.80479813
55926	0.80729997
55927	0.80973268
55928	0.81206852
55929	0.81428015
55930	0.81633943
55931	0.81821644
55932	0.81987858
55933	0.82129025
55934	0.82241249
55935	0.82320309
55936	0.82361710
55937	0.82360715
55938	0.82312429
55939	0.82211977
55940	0.82054669
55941	0.81836206
55942	0.81552958
55943	0.81202233
55944	0.80782574
55945	0.80294001
55946	0.79738265
55947	0.79119003
55948	0.78441817
55949	0.77714282
55950	0.76945788
55951	0.76147312
55952	0.75331134
55953	0.74510378
55954	0.73698628
55955	0.72909391
55956	0.72155684
55957	0.71449596
55958	0.70801914
55959	0.70221806
55960	0.69716603
55961	0.69291639
55962	0.68950129
55963	0.68693191
55964	0.68519819
55965	0.68426996
55966	0.68409759
55967	0.68461359
55968	0.68573415
55969	0.68736112
55970	0.68938404
55971	0.69168323
55972	0.69413197
55973	0.69660062
55974	0.69895965
55975	0.70108402
55976	0.70285684
55977	0.70417356
55978	0.70494580
55979	0.70510352
55980	0.70459819
55981	0.70340347
55982	0.70151496
55983	0.69894975
55984	0.69574422
55985	0.69195092
55986	0.68763572
55987	0.68287373
55988	0.67774576
55989	0.67233521
55990	0.66672474
55991	0.66099411
55992	0.65521812
55993	0.64946514
55994	0.64379680
55995	0.63826716
55996	0.63292277
55997	0.62780273
55998	0.62293923
55999	0.61835760
56000	0.61407691
56001	0.61011022
56002	0.60646516
56003	0.60314393
56004	0.60014379
56005	0.59745693
56006	0.59507102
56007	0.59296942
56008	0.59113103
56009	0.58953065
56010	0.58813947
56011	0.58692527
56012	0.58585298
56013	0.58488536
56014	0.58398354
56015	0.58310831
56016	0.58222055
56017	0.58128244
56018	0.58025831
56019	0.57911527
56020	0.57782382
56021	0.57635862
56022	0.57469827
56023	0.57282615
56024	0.57072997
56025	0.56840193
56026	0.56583858
56027	0.56304097
56028	0.56001389
56029	0.55676621
56030	0.55331045
56031	0.54966271
56032	0.54584265
56033	0.54187334
56034	0.53778076
56035	0.53359443
56036	0.52934629
56037	0.52507049
56038	0.52080292
56039	0.51658022
56040	0.51243860
56041	0.50841278
56042	0.50453484
56043	0.50083327
56044	0.49733129
56045	0.49404687
56046	0.49099150
56047	0.48817012
56048	0.48558131
56049	0.48321697
56050	0.48106328
56051	0.47910085
56052	0.47730565
56053	0.47564930
56054	0.47410029
56055	0.47262436
56056	0.47118524
56057	0.46974525
56058	0.46826634
56059	0.46671006
56060	0.46503896
56061	0.46321663
56062	0.46120870
56063	0.45898351
56064	0.45651284
56065	0.45377257
56066	0.45074356
56067	0.44741228
56068	0.44377151
56069	0.43982083
56070	0.43556699
56071	0.43102410
56072	0.42621383
56073	0.42116481
56074	0.41591245
56075	0.41049805
56076	0.40496787
56077	0.39937216
56078	0.39376384
56079	0.38819754
56080	0.38272804
56081	0.37740976
56082	0.37229514
56083	0.36743426
56084	0.36287397
56085	0.35865748
56086	0.35482371
56087	0.35140735
56088	0.34843823
56089	0.34594125
56090	0.34393620
56091	0.34243706
56092	0.34145176
56093	0.34098133
56094	0.34101900
56095	0.34154895
56096	0.34254536
56097	0.34397069
56098	0.34577450
56099	0.34789258
56100	0.35024616
56101	0.35274211
56102	0.35527399
56103	0.35772410
56104	0.35996640
56105	0.36187071
56106	0.36330721
56107	0.36415085
56108	0.36428663
56109	0.36361244
56110	0.36204267
56111	0.35950828
56112	0.35595807
56113	0.35135591
56114	0.34567967
56115	0.33891737
56116	0.33106488
56117	0.32212213
56118	0.31209159
56119	0.30097634
56120	0.28877997
56121	0.27550673
56122	0.26116467
56123	0.24576755
56124	0.22934233
56125	0.21193475
56126	0.19361886
56127	0.17450857
56128	0.15476966
56129	0.13463472
56130	0.11441643
56131	0.09452231
56132	0.07546483
56133	0.05786622
56134	0.04245625
56135	0.03005875
56136	0.02156894
56137	0.01792436
56138	0.02007106
56139	0.02894519
56140	0.04547532
56141	0.07063802
56142	0.10558657
56143	0.15190771
56144	0.21210860
56145	0.29055202
56146	0.39547181
56147	0.54389709
56148	0.77627844
56149	1.21446109
56150	2.46134925
56151	NaN
56152	NaN
56153	NaN
56154	NaN
56155	NaN
56156	NaN
56157	NaN
56158	NaN
56159	NaN
56160	NaN
56161	NaN
56162	NaN
56163	NaN
56164	NaN
56165	NaN
56166	NaN
56167	NaN
56168	NaN
56169	NaN
56170	NaN
56171	NaN
56172	NaN
56173	NaN
56174	NaN
56175	NaN
56176	NaN
56177	NaN
56178	NaN
56179	NaN
56180	NaN
56181	NaN
56182	NaN
56183	NaN
56184	NaN
56185	NaN
56186	NaN
56187	NaN
56188	NaN
56189	NaN
56190	NaN
56191	NaN
56192	NaN
56193	NaN
56194	NaN
56195	NaN
56196	NaN
56197	NaN
56198	NaN
56199	NaN
56200	NaN
56201	NaN
56202	NaN
56203	NaN
56204	NaN
56205	NaN
56206	NaN
56207	NaN
56208	NaN
56209	NaN
56210	NaN
56211	NaN
56212	NaN
56213	NaN
56214	NaN
56215	NaN
56216	NaN
56217	NaN
56218	NaN
56219	NaN
56220	NaN
56221	NaN
56222	NaN
56223	1.12213576
56224	0.92093456
56225	0.87463760
56226	0.85533983
56227	0.84517682
56228	0.83901250
56229	0.83485460
56230	0.83179301
56231	0.82936418
56232	0.82731438
56233	0.82549685
56234	0.82382321
56235	0.82223886
56236	0.82070899
56237	0.81921226
56238	0.81773573
56239	0.81627256
56240	0.81482065
56241	0.81338155
56242	0.81195927
56243	0.81056041
56244	0.80919278
56245	0.80786532
56246	0.80658692
56247	0.80536646
56248	0.80421114
56249	0.80312651
56250	0.80211502
56251	0.80117601
56252	0.80030429
56253	0.79949057
56254	0.79872006
56255	0.79797316
56256	0.79722464
56257	0.79644454
56258	0.79559809
56259	0.79464644
56260	0.79354781
56261	0.79225862
56262	0.79073495
56263	0.78893459
56264	0.78681958
56265	0.78435796
56266	0.78152728
56267	0.77831614
56268	0.77472746
56269	0.77077907
56270	0.76650530
56271	0.76195639
56272	0.75719768
56273	0.75230688
56274	0.74737155
56275	0.74248433
56276	0.73773980
56277	0.73322874
56278	0.72903538
56279	0.72523230
56280	0.72187853
56281	0.71901649
56282	0.71667087
56283	0.71484804
56284	0.71353608
56285	0.71270543
56286	0.71231073
56287	0.71229184
56288	0.71257627
56289	0.71308172
56290	0.71371824
56291	0.71439075
56292	0.71500254
56293	0.71545750
56294	0.71566367
56295	0.71553612
56296	0.71500009
56297	0.71399426
56298	0.71247298
56299	0.71040839
56300	0.70779216
56301	0.70463556
56302	0.70096928
56303	0.69684154
56304	0.69231570
56305	0.68746728
56306	0.68237960
56307	0.67714006
56308	0.67183596
56309	0.66655099
56310	0.66136193
56311	0.65633607
56312	0.65152961
56313	0.64698690
56314	0.64273959
56315	0.63880754
56316	0.63519925
56317	0.63191271
56318	0.62893748
56319	0.62625498
56320	0.62384117
56321	0.62166703
56322	0.61970019
56323	0.61790651
56324	0.61625105
56325	0.61469907
56326	0.61321682
56327	0.61177295
56328	0.61033821
56329	0.60888660
56330	0.60739529
56331	0.60584450
56332	0.60421735
56333	0.60249931
56334	0.60067803
56335	0.59874219
56336	0.59668142
56337	0.59448558
56338	0.59214473
56339	0.58964860
56340	0.58698732
56341	0.58415121
56342	0.58113170
56343	0.57792205
56344	0.57451767
56345	0.57091725
56346	0.56712341
56347	0.56314290
56348	0.55898726
56349	0.55467308
56350	0.55022174
56351	0.54565930
56352	0.54101622
56353	0.53632653
56354	0.53162730
56355	0.52695763
56356	0.52235758
56357	0.51786733
56358	0.51352561
56359	0.50936878
56360	0.50542957
56361	0.50173557
56362	0.49830866
56363	0.49516371
56364	0.49230790
56365	0.48974058
56366	0.48745275
56367	0.48542777
56368	0.48364148
56369	0.48206329
56370	0.48065695
56371	0.47938189
56372	0.47819459
56373	0.47704938
56374	0.47590029
56375	0.47470170
56376	0.47340977
56377	0.47198319
56378	0.47038400
56379	0.46857843
56380	0.46653721
56381	0.46423626
56382	0.46165681
56383	0.45878589
56384	0.45561644
56385	0.45214725
56386	0.44838324
56387	0.44433516
56388	0.44001988
56389	0.43545941
56390	0.43068132
56391	0.42571747
56392	0.42060375
56393	0.41537908
56394	0.41008449
56395	0.40476197
56396	0.39945397
56397	0.39420190
56398	0.38904592
56399	0.38402379
56400	0.37917081
56401	0.37451929
56402	0.37009850
56403	0.36593437
56404	0.36204967
56405	0.35846391
56406	0.35519341
56407	0.35225108
56408	0.34964675
56409	0.34738669
56410	0.34547374
56411	0.34390685
56412	0.34268066
56413	0.34178519
56414	0.34120506
56415	0.34091902
56416	0.34089887
56417	0.34110940
56418	0.34150720
56419	0.34204081
56420	0.34265041
56421	0.34326845
56422	0.34382024
56423	0.34422588
56424	0.34440163
56425	0.34426302
56426	0.34372699
56427	0.34271538
56428	0.34115767
56429	0.33899340
56430	0.33617431
56431	0.33266595
56432	0.32844770
56433	0.32351309
56434	0.31786865
56435	0.31153238
56436	0.30453202
56437	0.29690298
56438	0.28868663
56439	0.27992857
56440	0.27067757
56441	0.26098570
56442	0.25090879
56443	0.24050811
56444	0.22985327
56445	0.21902512
56446	0.20812240
56447	0.19726552
56448	0.18660499
56449	0.17632701
56450	0.16666283
56451	0.15789397
56452	0.15035871
56453	0.14445557
56454	0.14064260
56455	0.13943389
56456	0.14139016
56457	0.14710855
56458	0.15721308
56459	0.17235376
56460	0.19322719
56461	0.22063218
56462	0.25559467
56463	0.29960489
56464	0.35507828
56465	0.42627987
56466	0.52138704
56467	0.65779340
56468	0.87887937
56469	1.32825673
56470	2.91706324
56471	NaN
56472	NaN
56473	NaN
56474	NaN
56475	NaN
56476	NaN
56477	NaN
56478	NaN
56479	NaN
56480	NaN
56481	NaN
56482	NaN
56483	NaN
56484	NaN
56485	NaN
56486	NaN
56487	NaN
56488	NaN
56489	NaN
56490	NaN
56491	NaN
56492	NaN
56493	NaN
56494	NaN
56495	NaN
56496	NaN
56497	NaN
56498	NaN
56499	NaN
56500	NaN
56501	NaN
56502	NaN
56503	NaN
56504	NaN
56505	NaN
56506	NaN
56507	NaN
56508	NaN
56509	NaN
56510	NaN
56511	NaN
56512	NaN
56513	NaN
56514	NaN
56515	NaN
56516	NaN
56517	NaN
56518	NaN
56519	NaN
56520	NaN
56521	NaN
56522	NaN
56523	NaN
56524	NaN
56525	NaN
56526	NaN
56527	NaN
56528	NaN
56529	NaN
56530	NaN
56531	NaN
56532	NaN
56533	NaN
56534	NaN
56535	NaN
56536	NaN
56537	NaN
56538	NaN
56539	NaN
56540	NaN
56541	NaN
56542	NaN
56543	NaN
56544	NaN
56545	NaN
56546	NaN
56547	NaN
56548	NaN
56549	NaN
56550	NaN
56551	NaN
56552	NaN
56553	NaN
56554	NaN
56555	1.49185014
56556	1.05000305
56557	0.91560251
56558	0.85338277
56559	0.81932718
56560	0.79913878
56561	0.78676403
56562	0.77919501
56563	0.77476192
56564	0.77246314
56565	0.77165973
56566	0.77192616
56567	0.77296835
56568	0.77457768
56569	0.77660358
56570	0.77893537
56571	0.78149098
56572	0.78420895
56573	0.78704226
56574	0.78995460
56575	0.79291683
56576	0.79590404
56577	0.79889363
56578	0.80186307
56579	0.80478865
56580	0.80764359
56581	0.81039739
56582	0.81301463
56583	0.81545442
56584	0.81767011
56585	0.81960887
56586	0.82121229
56587	0.82241696
56588	0.82315546
56589	0.82335848
56590	0.82295626
56591	0.82188237
56592	0.82007611
56593	0.81748706
56594	0.81407833
56595	0.80983114
56596	0.80474800
56597	0.79885644
56598	0.79221028
56599	0.78489107
56600	0.77700621
56601	0.76868701
56602	0.76008427
56603	0.75136232
56604	0.74269313
56605	0.73424894
56606	0.72619599
56607	0.71868831
56608	0.71186274
56609	0.70583463
56610	0.70069581
56611	0.69651198
56612	0.69332308
56613	0.69114262
56614	0.68995857
56615	0.68973470
56616	0.69041145
56617	0.69190788
56618	0.69412303
56619	0.69693822
56620	0.70021915
56621	0.70381886
56622	0.70758116
56623	0.71134418
56624	0.71494573
56625	0.71822739
56626	0.72104061
56627	0.72325194
56628	0.72474778
56629	0.72543925
56630	0.72526509
56631	0.72419369
56632	0.72222364
56633	0.71938199
56634	0.71572196
56635	0.71131879
56636	0.70626515
56637	0.70066541
56638	0.69463098
56639	0.68827522
56640	0.68170935
56641	0.67503881
56642	0.66836071
56643	0.66176212
56644	0.65531915
56645	0.64909643
56646	0.64314729
56647	0.63751441
56648	0.63222998
56649	0.62731731
56650	0.62279069
56651	0.61865705
56652	0.61491621
56653	0.61156130
56654	0.60857993
56655	0.60595417
56656	0.60366130
56657	0.60167438
56658	0.59996247
56659	0.59849179
56660	0.59722614
56661	0.59612763
56662	0.59515762
56663	0.59427726
56664	0.59344870
56665	0.59263510
56666	0.59180152
56667	0.59091508
56668	0.58994526
56669	0.58886361
56670	0.58764428
56671	0.58626294
56672	0.58469766
56673	0.58292812
56674	0.58093590
56675	0.57870460
56676	0.57622039
56677	0.57347208
56678	0.57045233
56679	0.56715786
56680	0.56359100
56681	0.55975974
56682	0.55567926
56683	0.55137193
56684	0.54686773
56685	0.54220372
56686	0.53742367
56687	0.53257579
56688	0.52771157
56689	0.52288383
56690	0.51814395
56691	0.51354045
56692	0.50911677
56693	0.50491005
56694	0.50094950
56695	0.49725619
56696	0.49384174
56697	0.49070925
56698	0.48785263
56699	0.48525792
56700	0.48290342
56701	0.48076099
56702	0.47879693
56703	0.47697327
56704	0.47524878
56705	0.47358045
56706	0.47192430
56707	0.47023690
56708	0.46847597
56709	0.46660167
56710	0.46457702
56711	0.46236867
56712	0.45994726
56713	0.45728806
56714	0.45437098
56715	0.45118117
56716	0.44770905
56717	0.44395086
56718	0.43990883
56719	0.43559161
56720	0.43101424
56721	0.42619845
56722	0.42117253
56723	0.41597074
56724	0.41063324
56725	0.40520445
56726	0.39973280
56727	0.39426878
56728	0.38886425
56729	0.38357082
56730	0.37843916
56731	0.37351751
56732	0.36885145
56733	0.36448315
56734	0.36045113
56735	0.35678977
56736	0.35352963
56737	0.35069683
56738	0.34831351
56739	0.34639692
56740	0.34495988
56741	0.34400952
56742	0.34354722
56743	0.34356758
56744	0.34405720
56745	0.34499395
56746	0.34634534
56747	0.34806770
56748	0.35010487
56749	0.35238764
56750	0.35483354
56751	0.35734740
56752	0.35982233
56753	0.36214203
56754	0.36418328
56755	0.36582029
56756	0.36692816
56757	0.36738792
56758	0.36709011
56759	0.36593935
56760	0.36385682
56761	0.36078274
56762	0.35667697
56763	0.35151908
56764	0.34530705
56765	0.33805567
56766	0.32979384
56767	0.32056227
56768	0.31041119
56769	0.29939833
56770	0.28758758
56771	0.27504835
56772	0.26185593
56773	0.24809308
56774	0.23385203
56775	0.21923836
56776	0.20437564
56777	0.18941095
56778	0.17452174
56779	0.15992296
56780	0.14587386
56781	0.13268538
56782	0.12072460
56783	0.11041638
56784	0.10224281
56785	0.09673364
56786	0.09445375
56787	0.09598184
56788	0.10188776
56789	0.11270448
56790	0.12890759
56791	0.15090390
56792	0.17903611
56793	0.21361418
56794	0.25497726
56795	0.30360118
56796	0.36025855
56797	0.42627937
56798	0.50398040
56799	0.59743673
56800	0.71404934
56801	0.86808795
56802	1.09008527
56803	1.45773005
56804	2.24120045
56805	5.45706606
56806	NaN
56807	NaN
56808	NaN
56809	NaN
56810	NaN
56811	NaN
56812	NaN
56813	NaN
56814	NaN
56815	NaN
56816	NaN
56817	NaN
56818	NaN
56819	NaN
56820	NaN
56821	NaN
56822	NaN
56823	NaN
56824	NaN
56825	NaN
56826	NaN
56827	NaN
56828	NaN
56829	NaN
56830	NaN
56831	NaN
56832	NaN
56833	NaN
56834	NaN
56835	NaN
56836	NaN
56837	NaN
56838	NaN
56839	NaN
56840	NaN
56841	NaN
56842	NaN
56843	NaN
56844	NaN
56845	NaN
56846	NaN
56847	NaN
56848	NaN
56849	NaN
56850	NaN
56851	NaN
56852	NaN
56853	NaN
56854	NaN
56855	NaN
56856	NaN
56857	NaN
56858	NaN
56859	NaN
56860	NaN
56861	NaN
56862	NaN
56863	NaN
56864	NaN
56865	NaN
56866	NaN
56867	NaN
56868	NaN
56869	NaN
56870	NaN
56871	NaN
56872	NaN
56873	NaN
56874	NaN
56875	NaN
56876	NaN
56877	NaN
56878	NaN
56879	NaN
56880	NaN
56881	NaN
56882	NaN
56883	NaN
56884	NaN
56885	NaN
56886	1.90364122
56887	1.18343711
56888	1.00276160
56889	0.92192799
56890	0.87690037
56891	0.84870934
56892	0.82973373
56893	0.81631309
56894	0.80647266
56895	0.79905206
56896	0.79332858
56897	0.78882980
56898	0.78523791
56899	0.78233290
56900	0.77996063
56901	0.77801180
56902	0.77640855
56903	0.77509564
56904	0.77403331
56905	0.77319324
56906	0.77255476
56907	0.77210176
56908	0.77182126
56909	0.77170080
56910	0.77172780
56911	0.77188754
56912	0.77216297
56913	0.77253377
56914	0.77297556
56915	0.77345997
56916	0.77395403
56917	0.77442032
56918	0.77481687
56919	0.77509737
56920	0.77521145
56921	0.77510530
56922	0.77472234
56923	0.77400488
56924	0.77289498
56925	0.77133727
56926	0.76928085
56927	0.76668268
56928	0.76351023
56929	0.75974518
56930	0.75538617
56931	0.75045115
56932	0.74497879
56933	0.73902935
56934	0.73268306
56935	0.72603863
56936	0.71920896
56937	0.71231711
56938	0.70549107
56939	0.69885820
56940	0.69254011
56941	0.68664795
56942	0.68127853
56943	0.67651111
56944	0.67240584
56945	0.66900223
56946	0.66631949
56947	0.66435653
56948	0.66309315
56949	0.66249102
56950	0.66249567
56951	0.66303766
56952	0.66403466
56953	0.66539335
56954	0.66701126
56955	0.66877955
56956	0.67058527
56957	0.67231411
56958	0.67385417
56959	0.67509884
56960	0.67595047
56961	0.67632407
56962	0.67615032
56963	0.67537802
56964	0.67397618
56965	0.67193443
56966	0.66926306
56967	0.66599131
56968	0.66216552
56969	0.65784550
56970	0.65310144
56971	0.64800990
56972	0.64265037
56973	0.63710183
56974	0.63143998
56975	0.62573570
56976	0.62005270
56977	0.61444730
56978	0.60896784
56979	0.60365480
56980	0.59854120
56981	0.59365326
56982	0.58901113
56983	0.58462977
56984	0.58051950
56985	0.57668710
56986	0.57313603
56987	0.56986701
56988	0.56687850
56989	0.56416672
56990	0.56172568
56991	0.55954683
56992	0.55761880
56993	0.55592716
56994	0.55445379
56995	0.55317646
56996	0.55206889
56997	0.55110008
56998	0.55023503
56999	0.54943478
57000	0.54865712
57001	0.54785758
57002	0.54699033
57003	0.54600978
57004	0.54487163
57005	0.54353416
57006	0.54195994
57007	0.54011655
57008	0.53797787
57009	0.53552467
57010	0.53274560
57011	0.52963710
57012	0.52620363
57013	0.52245784
57014	0.51842004
57015	0.51411772
57016	0.50958472
57017	0.50486070
57018	0.49998981
57019	0.49501970
57020	0.49000016
57021	0.48498172
57022	0.48001438
57023	0.47514603
57024	0.47042122
57025	0.46588004
57026	0.46155679
57027	0.45747972
57028	0.45367000
57029	0.45014179
57030	0.44690219
57031	0.44395137
57032	0.44128287
57033	0.43888447
57034	0.43673831
57035	0.43482196
57036	0.43310887
57037	0.43156904
57038	0.43016970
57039	0.42887610
57040	0.42765185
57041	0.42645970
57042	0.42526200
57043	0.42402145
57044	0.42270145
57045	0.42126694
57046	0.41968462
57047	0.41792390
57048	0.41595709
57049	0.41376001
57050	0.41131258
57051	0.40859902
57052	0.40560856
57053	0.40233555
57054	0.39877996
57055	0.39494732
57056	0.39084902
57057	0.38650227
57058	0.38192967
57059	0.37715885
57060	0.37222224
57061	0.36715591
57062	0.36199945
57063	0.35679436
57064	0.35158420
57065	0.34641299
57066	0.34132525
57067	0.33636492
57068	0.33157510
57069	0.32699758
57070	0.32267249
57071	0.31863800
57072	0.31492999
57073	0.31158158
57074	0.30862278
57075	0.30607983
57076	0.30397439
57077	0.30232263
57078	0.30113402
57079	0.30040979
57080	0.30014160
57081	0.30030981
57082	0.30088186
57083	0.30181098
57084	0.30303523
57085	0.30447733
57086	0.30604520
57087	0.30763352
57088	0.30912659
57089	0.31040147
57090	0.31133255
57091	0.31179625
57092	0.31167501
57093	0.31086177
57094	0.30926228
57095	0.30679747
57096	0.30340365
57097	0.29903170
57098	0.29364538
57099	0.28721896
57100	0.27973440
57101	0.27117890
57102	0.26154250
57103	0.25081667
57104	0.23899408
57105	0.22606942
57106	0.21204139
57107	0.19691741
57108	0.18071859
57109	0.16348970
57110	0.14530876
57111	0.12630254
57112	0.10666398
57113	0.08667327
57114	0.06672417
57115	0.04734848
57116	0.02924548
57117	0.01330567
57118	0.00062547
57119	-0.00748463
57120	-0.00951018
57121	-0.00374437
57122	0.01170450
57123	0.03895224
57124	0.08048609
57125	0.13953006
57126	0.22088517
57127	0.33277398
57128	0.49128708
57129	0.73277706
57130	1.15824509
57131	2.18083167
57132	NaN
57133	NaN
57134	NaN
57135	NaN
57136	NaN
57137	NaN
57138	NaN
57139	NaN
57140	NaN
57141	NaN
57142	NaN
57143	NaN
57144	NaN
57145	NaN
57146	NaN
57147	NaN
57148	NaN
57149	NaN
57150	NaN
57151	NaN
57152	NaN
57153	NaN
57154	NaN
57155	NaN
57156	NaN
57157	NaN
57158	NaN
57159	NaN
57160	NaN
57161	NaN
57162	NaN
57163	NaN
57164	NaN
57165	NaN
57166	NaN
57167	NaN
57168	NaN
57169	NaN
57170	NaN
57171	NaN
57172	NaN
57173	NaN
57174	NaN
57175	NaN
57176	NaN
57177	NaN
57178	NaN
57179	NaN
57180	NaN
57181	NaN
57182	NaN
57183	NaN
57184	NaN
57185	NaN
57186	NaN
57187	NaN
57188	NaN
57189	NaN
57190	NaN
57191	NaN
57192	NaN
57193	NaN
57194	NaN
57195	NaN
57196	NaN
57197	NaN
57198	NaN
57199	NaN
57200	NaN
57201	NaN
57202	NaN
57203	NaN
57204	NaN
57205	NaN
57206	NaN
57207	NaN
57208	NaN
57209	NaN
57210	1.42712772
57211	1.05810678
57212	0.94255787
57213	0.88624156
57214	0.85306704
57215	0.83136249
57216	0.81621009
57217	0.80517703
57218	0.79691994
57219	0.79063499
57220	0.78581065
57221	0.78210437
57222	0.77927798
57223	0.77715987
57224	0.77562296
57225	0.77457088
57226	0.77392912
57227	0.77363873
57228	0.77365237
57229	0.77393079
57230	0.77444071
57231	0.77515250
57232	0.77603912
57233	0.77707350
57234	0.77822822
57235	0.77947336
57236	0.78077602
57237	0.78209847
57238	0.78339839
57239	0.78462672
57240	0.78572911
57241	0.78664446
57242	0.78730649
57243	0.78764403
57244	0.78758311
57245	0.78704888
57246	0.78596866
57247	0.78427517
57248	0.78190988
57249	0.77882749
57250	0.77499962
57251	0.77041817
57252	0.76509881
57253	0.75908220
57254	0.75243527
57255	0.74524999
57256	0.73764074
57257	0.72974104
57258	0.72169805
57259	0.71366709
57260	0.70580488
57261	0.69826436
57262	0.69118822
57263	0.68470454
57264	0.67892247
57265	0.67392987
57266	0.66979092
57267	0.66654509
57268	0.66420722
57269	0.66276717
57270	0.66219157
57271	0.66242415
57272	0.66338807
57273	0.66498750
57274	0.66711032
57275	0.66963094
57276	0.67241365
57277	0.67531645
57278	0.67819518
57279	0.68090838
57280	0.68332142
57281	0.68531173
57282	0.68677241
57283	0.68761593
57284	0.68777710
57285	0.68721431
57286	0.68591046
57287	0.68387151
57288	0.68112570
57289	0.67772007
57290	0.67371738
57291	0.66919237
57292	0.66422808
57293	0.65891159
57294	0.65333116
57295	0.64757305
57296	0.64171910
57297	0.63584507
57298	0.63001919
57299	0.62430161
57300	0.61874378
57301	0.61338890
57302	0.60827178
57303	0.60341972
57304	0.59885293
57305	0.59458488
57306	0.59062332
57307	0.58697039
57308	0.58362323
57309	0.58057421
57310	0.57781106
57311	0.57531744
57312	0.57307237
57313	0.57105136
57314	0.56922609
57315	0.56756514
57316	0.56603462
57317	0.56459886
57318	0.56322122
57319	0.56186533
57320	0.56049562
57321	0.55907834
57322	0.55758238
57323	0.55598003
57324	0.55424714
57325	0.55236351
57326	0.55031312
57327	0.54808408
57328	0.54566854
57329	0.54306275
57330	0.54026675
57331	0.53728431
57332	0.53412300
57333	0.53079408
57334	0.52731204
57335	0.52369523
57336	0.51996499
57337	0.51614600
57338	0.51226586
57339	0.50835431
57340	0.50444299
57341	0.50056440
57342	0.49675122
57343	0.49303487
57344	0.48944458
57345	0.48600641
57346	0.48274180
57347	0.47966707
57348	0.47679254
57349	0.47412211
57350	0.47165304
57351	0.46937621
57352	0.46727628
57353	0.46533227
57354	0.46351826
57355	0.46180430
57356	0.46015722
57357	0.45854151
57358	0.45692059
57359	0.45525742
57360	0.45351556
57361	0.45166028
57362	0.44965914
57363	0.44748279
57364	0.44510594
57365	0.44250754
57366	0.43967137
57367	0.43658641
57368	0.43324673
57369	0.42965183
57370	0.42580605
57371	0.42171890
57372	0.41740423
57373	0.41288039
57374	0.40816954
57375	0.40329757
57376	0.39829338
57377	0.39318880
57378	0.38801807
57379	0.38281730
57380	0.37762415
57381	0.37247735
57382	0.36741599
57383	0.36247924
57384	0.35770538
57385	0.35313165
57386	0.34879333
57387	0.34472319
57388	0.34095126
57389	0.33750388
57390	0.33440372
57391	0.33166927
57392	0.32931453
57393	0.32734886
57394	0.32577673
57395	0.32459760
57396	0.32380554
57397	0.32338890
57398	0.32332996
57399	0.32360414
57400	0.32417983
57401	0.32501718
57402	0.32606828
57403	0.32727620
57404	0.32857567
57405	0.32989299
57406	0.33114752
57407	0.33225292
57408	0.33311936
57409	0.33365601
57410	0.33377391
57411	0.33338866
57412	0.33242363
57413	0.33081198
57414	0.32849887
57415	0.32544246
57416	0.32161453
57417	0.31699982
57418	0.31159544
57419	0.30540955
57420	0.29845929
57421	0.29076988
57422	0.28237262
57423	0.27330413
57424	0.26360512
57425	0.25332105
57426	0.24250171
57427	0.23120236
57428	0.21948522
57429	0.20742117
57430	0.19509183
57431	0.18259275
57432	0.17003579
57433	0.15755272
57434	0.14529751
57435	0.13345011
57436	0.12221836
57437	0.11183978
57438	0.10258327
57439	0.09474809
57440	0.08866247
57441	0.08467916
57442	0.08317138
57443	0.08452730
57444	0.08914605
57445	0.09743898
57446	0.10983621
57447	0.12681022
57448	0.14891873
57449	0.17688422
57450	0.21173574
57451	0.25505927
57452	0.30947500
57453	0.37960425
57454	0.47429007
57455	0.61244923
57456	0.84234625
57457	1.33222055
57458	3.34124970
57459	NaN
57460	NaN
57461	NaN
57462	NaN
57463	NaN
57464	NaN
57465	NaN
57466	NaN
57467	NaN
57468	NaN
57469	NaN
57470	NaN
57471	NaN
57472	NaN
57473	NaN
57474	NaN
57475	NaN
57476	NaN
57477	NaN
57478	NaN
57479	NaN
57480	NaN
57481	NaN
57482	NaN
57483	NaN
57484	NaN
57485	NaN
57486	NaN
57487	NaN
57488	NaN
57489	NaN
57490	NaN
57491	NaN
57492	NaN
57493	NaN
57494	NaN
57495	NaN
57496	NaN
57497	NaN
57498	NaN
57499	NaN
57500	NaN
57501	NaN
57502	NaN
57503	NaN
57504	NaN
57505	NaN
57506	NaN
57507	NaN
57508	NaN
57509	NaN
57510	NaN
57511	NaN
57512	NaN
57513	NaN
57514	NaN
57515	NaN
57516	NaN
57517	NaN
57518	NaN
57519	NaN
57520	NaN
57521	NaN
57522	NaN
57523	NaN
57524	NaN
57525	NaN
57526	NaN
57527	NaN
57528	NaN
57529	NaN
57530	NaN
57531	NaN
57532	NaN
57533	NaN
57534	1.72674751
57535	1.05304849
57536	0.91322786
57537	0.85405874
57538	0.82210344
57539	0.80255026
57540	0.78965205
57541	0.78071404
57542	0.77430159
57543	0.76958281
57544	0.76604027
57545	0.76333714
57546	0.76124477
57547	0.75960457
57548	0.75830293
57549	0.75725907
57550	0.75641400
57551	0.75572598
57552	0.75516510
57553	0.75471091
57554	0.75434977
57555	0.75407314
57556	0.75387567
57557	0.75375408
57558	0.75370532
57559	0.75372559
57560	0.75380921
57561	0.75394702
57562	0.75412583
57563	0.75432742
57564	0.75452763
57565	0.75469601
57566	0.75479597
57567	0.75478417
57568	0.75461155
57569	0.75422394
57570	0.75356376
57571	0.75257164
57572	0.75118893
57573	0.74936014
57574	0.74703670
57575	0.74418008
57576	0.74076533
57577	0.73678434
57578	0.73224866
57579	0.72719133
57580	0.72166759
57581	0.71575469
57582	0.70954937
57583	0.70316494
57584	0.69672674
57585	0.69036680
57586	0.68421823
57587	0.67840886
57588	0.67305684
57589	0.66826487
57590	0.66411722
57591	0.66067690
57592	0.65798384
57593	0.65605485
57594	0.65488333
57595	0.65444076
57596	0.65467805
57597	0.65552735
57598	0.65690428
57599	0.65871018
57600	0.66083473
57601	0.66315860
57602	0.66555613
57603	0.66789895
57604	0.67005879
57605	0.67191178
57606	0.67334181
57607	0.67424494
57608	0.67453343
57609	0.67413872
57610	0.67301536
57611	0.67114222
57612	0.66852432
57613	0.66519153
57614	0.66119736
57615	0.65661561
57616	0.65153623
57617	0.64606029
57618	0.64029491
57619	0.63434798
57620	0.62832367
57621	0.62231809
57622	0.61641705
57623	0.61069310
57624	0.60520530
57625	0.59999830
57626	0.59510332
57627	0.59053910
57628	0.58631289
57629	0.58242255
57630	0.57885766
57631	0.57560158
57632	0.57263273
57633	0.56992590
57634	0.56745368
57635	0.56518710
57636	0.56309658
57637	0.56115270
57638	0.55932647
57639	0.55758965
57640	0.55591530
57641	0.55427724
57642	0.55265093
57643	0.55101258
57644	0.54933977
57645	0.54761076
57646	0.54580480
57647	0.54390186
57648	0.54188257
57649	0.53972864
57650	0.53742254
57651	0.53494847
57652	0.53229225
57653	0.52944231
57654	0.52638990
57655	0.52313006
57656	0.51966172
57657	0.51598859
57658	0.51211905
57659	0.50806665
57660	0.50384986
57661	0.49949208
57662	0.49502099
57663	0.49046820
57664	0.48586851
57665	0.48125881
57666	0.47667745
57667	0.47216275
57668	0.46775234
57669	0.46348158
57670	0.45938289
57671	0.45548439
57672	0.45180926
57673	0.44837484
57674	0.44519222
57675	0.44226584
57676	0.43959346
57677	0.43716612
57678	0.43496883
57679	0.43298087
57680	0.43117645
57681	0.42952576
57682	0.42799568
57683	0.42655060
57684	0.42515355
57685	0.42376688
57686	0.42235324
57687	0.42087609
57688	0.41930062
57689	0.41759402
57690	0.41572639
57691	0.41367084
57692	0.41140401
57693	0.40890637
57694	0.40616262
57695	0.40316176
57696	0.39989761
57697	0.39636871
57698	0.39257875
57699	0.38853654
57700	0.38425598
57701	0.37975600
57702	0.37506038
57703	0.37019718
57704	0.36519846
57705	0.36009955
57706	0.35493824
57707	0.34975412
57708	0.34458777
57709	0.33947986
57710	0.33447030
57711	0.32959783
57712	0.32489929
57713	0.32040924
57714	0.31615961
57715	0.31217963
57716	0.30849561
57717	0.30513087
57718	0.30210581
57719	0.29943791
57720	0.29714119
57721	0.29522634
57722	0.29369992
57723	0.29256392
57724	0.29181477
57725	0.29144230
57726	0.29142854
57727	0.29174611
57728	0.29235727
57729	0.29321256
57730	0.29424989
57731	0.29539439
57732	0.29655859
57733	0.29764372
57734	0.29854199
57735	0.29913956
57736	0.29932043
57737	0.29897112
57738	0.29798532
57739	0.29626822
57740	0.29374069
57741	0.29034185
57742	0.28603128
57743	0.28078830
57744	0.27461222
57745	0.26751956
57746	0.25954190
57747	0.25072280
57748	0.24111532
57749	0.23077926
57750	0.21977957
57751	0.20818540
57752	0.19607048
57753	0.18351367
57754	0.17060234
57755	0.15743589
57756	0.14413066
57757	0.13082798
57758	0.11770189
57759	0.10497031
57760	0.09290696
57761	0.08185587
57762	0.07224588
57763	0.06460666
57764	0.05958463
57765	0.05795545
57766	0.06063854
57767	0.06870544
57768	0.08339185
57769	0.10611922
57770	0.13853499
57771	0.18261276
57772	0.24085151
57773	0.31669086
57774	0.41533735
57775	0.54552162
57776	0.72349215
57777	0.98341578
57778	1.41060317
57779	2.29021835
57780	5.48890829
57781	NaN
57782	NaN
57783	NaN
57784	NaN
57785	NaN
57786	NaN
57787	NaN
57788	NaN
57789	NaN
57790	NaN
57791	NaN
57792	NaN
57793	NaN
57794	NaN
57795	NaN
57796	NaN
57797	NaN
57798	NaN
57799	NaN
57800	NaN
57801	NaN
57802	NaN
57803	NaN
57804	NaN
57805	NaN
57806	NaN
57807	NaN
57808	NaN
57809	NaN
57810	NaN
57811	NaN
57812	NaN
57813	NaN
57814	NaN
57815	NaN
57816	NaN
57817	NaN
57818	NaN
57819	NaN
57820	NaN
57821	NaN
57822	NaN
57823	NaN
57824	NaN
57825	NaN
57826	NaN
57827	NaN
57828	NaN
57829	NaN
57830	NaN
57831	NaN
57832	NaN
57833	NaN
57834	NaN
57835	NaN
57836	NaN
57837	NaN
57838	NaN
57839	NaN
57840	NaN
57841	NaN
57842	NaN
57843	NaN
57844	NaN
57845	NaN
57846	NaN
57847	NaN
57848	NaN
57849	NaN
57850	NaN
57851	NaN
57852	NaN
57853	NaN
57854	NaN
57855	NaN
57856	NaN
57857	NaN
57858	NaN
57859	NaN
57860	NaN
57861	NaN
57862	2.90548682
57863	1.23535872
57864	0.98609918
57865	0.88676369
57866	0.83429831
57867	0.80261576
57868	0.78202313
57869	0.76807708
57870	0.75844377
57871	0.75177324
57872	0.74722564
57873	0.74424791
57874	0.74245864
57875	0.74158555
57876	0.74142754
57877	0.74183333
57878	0.74268585
57879	0.74389380
57880	0.74538404
57881	0.74709785
57882	0.74898612
57883	0.75100744
57884	0.75312519
57885	0.75530547
57886	0.75751567
57887	0.75972271
57888	0.76189172
57889	0.76398522
57890	0.76596206
57891	0.76777697
57892	0.76938033
57893	0.77071822
57894	0.77173281
57895	0.77236360
57896	0.77254856
57897	0.77222621
57898	0.77133787
57899	0.76983041
57900	0.76765943
57901	0.76479208
57902	0.76121056
57903	0.75691420
57904	0.75192291
57905	0.74627733
57906	0.74004048
57907	0.73329628
57908	0.72614801
57909	0.71871495
57910	0.71112847
57911	0.70352662
57912	0.69604933
57913	0.68883300
57914	0.68200529
57915	0.67568111
57916	0.66995901
57917	0.66491860
57918	0.66061878
57919	0.65709692
57920	0.65436846
57921	0.65242767
57922	0.65124846
57923	0.65078521
57924	0.65097487
57925	0.65173835
57926	0.65298277
57927	0.65460366
57928	0.65648770
57929	0.65851551
57930	0.66056526
57931	0.66251594
57932	0.66425079
57933	0.66566187
57934	0.66665262
57935	0.66714185
57936	0.66706604
57937	0.66638112
57938	0.66506344
57939	0.66311008
57940	0.66053730
57941	0.65737903
57942	0.65368390
57943	0.64951235
57944	0.64493310
57945	0.64001983
57946	0.63484794
57947	0.62949204
57948	0.62402320
57949	0.61850756
57950	0.61300486
57951	0.60756779
57952	0.60224140
57953	0.59706330
57954	0.59206372
57955	0.58726597
57956	0.58268714
57957	0.57833850
57958	0.57422638
57959	0.57035244
57960	0.56671476
57961	0.56330770
57962	0.56012291
57963	0.55714917
57964	0.55437309
57965	0.55177897
57966	0.54934919
57967	0.54706460
57968	0.54490465
57969	0.54284775
57970	0.54087168
57971	0.53895366
57972	0.53707123
57973	0.53520215
57974	0.53332484
57975	0.53141874
57976	0.52946448
57977	0.52744401
57978	0.52534086
57979	0.52314055
57980	0.52083039
57981	0.51840001
57982	0.51584142
57983	0.51314926
57984	0.51032096
57985	0.50735670
57986	0.50425977
57987	0.50103629
57988	0.49769551
57989	0.49424952
57990	0.49071321
57991	0.48710427
57992	0.48344269
57993	0.47975060
57994	0.47605163
57995	0.47237054
57996	0.46873242
57997	0.46516162
57998	0.46168146
57999	0.45831263
58000	0.45507294
58001	0.45197615
58002	0.44903165
58003	0.44624373
58004	0.44361168
58005	0.44112951
58006	0.43878660
58007	0.43656752
58008	0.43445304
58009	0.43242052
58010	0.43044475
58011	0.42849866
58012	0.42655399
58013	0.42458215
58014	0.42255485
58015	0.42044464
58016	0.41822582
58017	0.41587481
58018	0.41337073
58019	0.41069588
58020	0.40783623
58021	0.40478149
58022	0.40152580
58023	0.39806756
58024	0.39440995
58025	0.39056057
58026	0.38653174
58027	0.38234013
58028	0.37800655
58029	0.37355557
58030	0.36901510
58031	0.36441538
58032	0.35978895
58033	0.35516933
58034	0.35059062
58035	0.34608683
58036	0.34169129
58037	0.33743602
58038	0.33335152
58039	0.32946643
58040	0.32580701
58041	0.32239717
58042	0.31925818
58043	0.31640843
58044	0.31386301
58045	0.31163388
58046	0.30972916
58047	0.30815318
58048	0.30690596
58049	0.30598298
58050	0.30537468
58051	0.30506617
58052	0.30503654
58053	0.30525860
58054	0.30569792
58055	0.30631274
58056	0.30705357
58057	0.30786297
58058	0.30867615
58059	0.30942148
58060	0.31002182
58061	0.31039634
58062	0.31046247
58063	0.31013879
58064	0.30934727
58065	0.30801618
58066	0.30608222
58067	0.30349270
58068	0.30020675
58069	0.29619583
58070	0.29144377
58071	0.28594607
58072	0.27970847
58073	0.27274546
58074	0.26507825
58075	0.25673324
58076	0.24774101
58077	0.23813464
58078	0.22795020
58079	0.21722634
58080	0.20600590
58081	0.19433734
58082	0.18227820
58083	0.16989785
58084	0.15728267
58085	0.14454082
58086	0.13180783
58087	0.11925332
58088	0.10708746
58089	0.09556597
58090	0.08499605
58091	0.07573785
58092	0.06820600
58093	0.06286333
58094	0.06021527
58095	0.06079751
58096	0.06516024
58097	0.07385583
58098	0.08742672
58099	0.10640857
58100	0.13134651
58101	0.16284797
58102	0.20167881
58103	0.24893717
58104	0.30635893
58105	0.37688634
58106	0.46579197
58107	0.58322757
58108	0.75079304
58109	1.02270997
58110	1.58129919
58111	3.64582038
58112	NaN
58113	NaN
58114	NaN
58115	NaN
58116	NaN
58117	NaN
58118	NaN
58119	NaN
58120	NaN
58121	NaN
58122	NaN
58123	NaN
58124	NaN
58125	NaN
58126	NaN
58127	NaN
58128	NaN
58129	NaN
58130	NaN
58131	NaN
58132	NaN
58133	NaN
58134	NaN
58135	NaN
58136	NaN
58137	NaN
58138	NaN
58139	NaN
58140	NaN
58141	NaN
58142	NaN
58143	NaN
58144	NaN
58145	NaN
58146	NaN
58147	NaN
58148	NaN
58149	NaN
58150	NaN
58151	NaN
58152	NaN
58153	NaN
58154	NaN
58155	NaN
58156	NaN
58157	NaN
58158	NaN
58159	NaN
58160	NaN
58161	NaN
58162	NaN
58163	NaN
58164	NaN
58165	NaN
58166	NaN
58167	NaN
58168	NaN
58169	NaN
58170	NaN
58171	NaN
58172	NaN
58173	NaN
58174	NaN
58175	NaN
58176	NaN
58177	NaN
58178	NaN
58179	NaN
58180	NaN
58181	NaN
58182	NaN
58183	NaN
58184	NaN
58185	NaN
58186	NaN
58187	NaN
58188	NaN
58189	NaN
58190	NaN
58191	NaN
58192	NaN
58193	1.50764799
58194	1.07212782
58195	0.94142383
58196	0.87949556
58197	0.84388006
58198	0.82102096
58199	0.80525273
58200	0.79379302
58201	0.78511941
58202	0.77833247
58203	0.77286988
58204	0.76836497
58205	0.76457107
58206	0.76131850
58207	0.75848889
58208	0.75599909
58209	0.75379038
58210	0.75182182
58211	0.75006521
58212	0.74850118
58213	0.74711716
58214	0.74590439
58215	0.74485719
58216	0.74397004
58217	0.74323708
58218	0.74265069
58219	0.74220031
58220	0.74187130
58221	0.74164444
58222	0.74149495
58223	0.74139249
58224	0.74130076
58225	0.74117726
58226	0.74097425
58227	0.74063885
58228	0.74011433
58229	0.73934156
58230	0.73826051
58231	0.73681277
58232	0.73494375
58233	0.73260605
58234	0.72976243
58235	0.72638887
58236	0.72247767
58237	0.71803969
58238	0.71310622
58239	0.70772892
58240	0.70198005
58241	0.69594967
58242	0.68974274
58243	0.68347520
58244	0.67726851
58245	0.67124468
58246	0.66552109
58247	0.66020530
58248	0.65539128
58249	0.65115565
58250	0.64755571
58251	0.64462763
58252	0.64238679
58253	0.64082712
58254	0.63992280
58255	0.63962954
58256	0.63988644
58257	0.64061797
58258	0.64173645
58259	0.64314437
58260	0.64473671
58261	0.64640373
58262	0.64803356
58263	0.64951503
58264	0.65074086
58265	0.65161097
58266	0.65203553
58267	0.65193850
58268	0.65126002
58269	0.64995944
58270	0.64801669
58271	0.64543289
58272	0.64222980
58273	0.63844860
58274	0.63414669
58275	0.62939495
58276	0.62427330
58277	0.61886674
58278	0.61326122
58279	0.60754019
58280	0.60178167
58281	0.59605581
58282	0.59042388
58283	0.58493721
58284	0.57963735
58285	0.57455659
58286	0.56971884
58287	0.56514043
58288	0.56083179
58289	0.55679792
58290	0.55304015
58291	0.54955643
58292	0.54634219
58293	0.54339087
58294	0.54069424
58295	0.53824234
58296	0.53602374
58297	0.53402489
58298	0.53223079
58299	0.53062367
58300	0.52918369
58301	0.52788782
58302	0.52671051
58303	0.52562267
58304	0.52459258
58305	0.52358556
58306	0.52256447
58307	0.52149045
58308	0.52032346
58309	0.51902354
58310	0.51755172
58311	0.51587129
58312	0.51394904
58313	0.51175630
58314	0.50927037
58315	0.50647521
58316	0.50336248
58317	0.49993169
58318	0.49619105
58319	0.49215713
58320	0.48785469
58321	0.48331630
58322	0.47858149
58323	0.47369567
58324	0.46870881
58325	0.46367404
58326	0.45864591
58327	0.45367882
58328	0.44882527
58329	0.44413435
58330	0.43965012
58331	0.43541059
58332	0.43144649
58333	0.42778075
58334	0.42442781
58335	0.42139378
58336	0.41867605
58337	0.41626412
58338	0.41413978
58339	0.41227812
58340	0.41064814
58341	0.40921408
58342	0.40793639
58343	0.40677291
58344	0.40567982
58345	0.40461308
58346	0.40352902
58347	0.40238529
58348	0.40114182
58349	0.39976090
58350	0.39820799
58351	0.39645189
58352	0.39446515
58353	0.39222422
58354	0.38971007
58355	0.38690776
58356	0.38380763
58357	0.38040477
58358	0.37669984
58359	0.37269905
58360	0.36841422
58361	0.36386302
58362	0.35906851
58363	0.35405910
58364	0.34886786
58365	0.34353203
58366	0.33809206
58367	0.33259100
58368	0.32707348
58369	0.32158470
58370	0.31617013
58371	0.31087437
58372	0.30574125
58373	0.30081308
58374	0.29613081
58375	0.29173398
58376	0.28766066
58377	0.28394765
58378	0.28063008
58379	0.27774164
58380	0.27531382
58381	0.27337515
58382	0.27195010
58383	0.27105740
58384	0.27070820
58385	0.27090412
58386	0.27163407
58387	0.27287278
58388	0.27457738
58389	0.27668640
58390	0.27911776
58391	0.28176922
58392	0.28451860
58393	0.28722668
58394	0.28974053
58395	0.29189864
58396	0.29353684
58397	0.29449487
58398	0.29462248
58399	0.29378524
58400	0.29186887
58401	0.28878203
58402	0.28445697
58403	0.27884918
58404	0.27193534
58405	0.26370946
58406	0.25418019
58407	0.24336615
58408	0.23129332
58409	0.21799150
58410	0.20349351
58411	0.18783447
58412	0.17105310
58413	0.15319583
58414	0.13432206
58415	0.11451311
58416	0.09388640
58417	0.07261010
58418	0.05092758
58419	0.02918321
58420	0.00785652
58421	-0.01239960
58422	-0.03072023
58423	-0.04598666
58424	-0.05679591
58425	-0.06143691
58426	-0.05788472
58427	-0.04379825
58428	-0.01650109
58429	0.02711166
58430	0.09086230
58431	0.17999558
58432	0.30282837
58433	0.47468406
58434	0.72836745
58435	1.14852333
58436	2.03300619
58437	NaN
58438	NaN
58439	NaN
58440	NaN
58441	NaN
58442	NaN
58443	NaN
58444	NaN
58445	NaN
58446	NaN
58447	NaN
58448	NaN
58449	NaN
58450	NaN
58451	NaN
58452	NaN
58453	NaN
58454	NaN
58455	NaN
58456	NaN
58457	NaN
58458	NaN
58459	NaN
58460	NaN
58461	NaN
58462	NaN
58463	NaN
58464	NaN
58465	NaN
58466	NaN
58467	NaN
58468	NaN
58469	NaN
58470	NaN
58471	NaN
58472	NaN
58473	NaN
58474	NaN
58475	NaN
58476	NaN
58477	NaN
58478	NaN
58479	NaN
58480	NaN
58481	NaN
58482	NaN
58483	NaN
58484	NaN
58485	NaN
58486	NaN
58487	NaN
58488	NaN
58489	NaN
58490	NaN
58491	NaN
58492	NaN
58493	NaN
58494	NaN
58495	NaN
58496	NaN
58497	NaN
58498	NaN
58499	NaN
58500	NaN
58501	NaN
58502	NaN
58503	NaN
58504	NaN
58505	NaN
58506	NaN
58507	NaN
58508	NaN
58509	NaN
58510	NaN
58511	NaN
58512	NaN
58513	NaN
58514	NaN
58515	NaN
58516	NaN
58517	NaN
58518	NaN
58519	NaN
58520	NaN
58521	NaN
58522	NaN
58523	1.68219399
58524	1.07117820
58525	0.91531050
58526	0.84521121
58527	0.80625600
58528	0.78216642
58529	0.76636434
58530	0.75567228
58531	0.74835771
58532	0.74339175
58533	0.74012035
58534	0.73810679
58535	0.73704714
58536	0.73672330
58537	0.73697501
58538	0.73768210
58539	0.73875362
58540	0.74011928
58541	0.74172419
58542	0.74352473
58543	0.74548495
58544	0.74757397
58545	0.74976331
58546	0.75202543
58547	0.75433153
58548	0.75665015
58549	0.75894618
58550	0.76117939
58551	0.76330459
58552	0.76527035
58553	0.76701951
58554	0.76848942
58555	0.76961273
58556	0.77031863
58557	0.77053487
58558	0.77018982
58559	0.76921588
58560	0.76755202
58561	0.76514840
58562	0.76196939
58563	0.75799716
58564	0.75323540
58565	0.74771142
58566	0.74147767
58567	0.73461193
58568	0.72721595
58569	0.71941268
58570	0.71134222
58571	0.70315647
58572	0.69501311
58573	0.68706965
58574	0.67947751
58575	0.67237598
58576	0.66588825
58577	0.66011751
58578	0.65514463
58579	0.65102661
58580	0.64779615
58581	0.64546168
58582	0.64400840
58583	0.64339936
58584	0.64357692
58585	0.64446497
58586	0.64597023
58587	0.64798516
58588	0.65039033
58589	0.65305710
58590	0.65585107
58591	0.65863550
58592	0.66127568
58593	0.66364247
58594	0.66561681
58595	0.66709352
58596	0.66798508
58597	0.66822404
58598	0.66776562
58599	0.66658807
58600	0.66469252
58601	0.66210181
58602	0.65885764
58603	0.65501803
58604	0.65065318
58605	0.64584202
58606	0.64066827
58607	0.63521713
58608	0.62957245
58609	0.62381440
58610	0.61801755
58611	0.61224997
58612	0.60657209
58613	0.60103667
58614	0.59568876
58615	0.59056580
58616	0.58569765
58617	0.58110785
58618	0.57681310
58619	0.57282430
58620	0.56914663
58621	0.56577998
58622	0.56271929
58623	0.55995440
58624	0.55747032
58625	0.55524778
58626	0.55326289
58627	0.55148774
58628	0.54989088
58629	0.54843783
58630	0.54709190
58631	0.54581469
58632	0.54456741
58633	0.54331172
58634	0.54201072
58635	0.54062974
58636	0.53913730
58637	0.53750569
58638	0.53571129
58639	0.53373510
58640	0.53156257
58641	0.52918386
58642	0.52659363
58643	0.52379042
58644	0.52077723
58645	0.51756054
58646	0.51415074
58647	0.51056135
58648	0.50680923
58649	0.50291455
58650	0.49890035
58651	0.49479240
58652	0.49061909
58653	0.48641089
58654	0.48219985
58655	0.47801891
58656	0.47390109
58657	0.46987849
58658	0.46598122
58659	0.46223602
58660	0.45866582
58661	0.45528811
58662	0.45211476
58663	0.44915155
58664	0.44639757
58665	0.44384608
58666	0.44148430
58667	0.43929440
58668	0.43725416
58669	0.43533775
58670	0.43351656
58671	0.43176019
58672	0.43003702
58673	0.42831504
58674	0.42656225
58675	0.42474747
58676	0.42284054
58677	0.42081305
58678	0.41863856
58679	0.41629305
58680	0.41375548
58681	0.41100803
58682	0.40803644
58683	0.40483063
58684	0.40138483
58685	0.39769784
58686	0.39377365
58687	0.38962129
58688	0.38525519
58689	0.38069522
58690	0.37596691
58691	0.37110060
58692	0.36613187
58693	0.36110055
58694	0.35605037
58695	0.35102788
58696	0.34608200
58697	0.34126270
58698	0.33662033
58699	0.33220449
58700	0.32806334
58701	0.32424247
58702	0.32078433
58703	0.31772771
58704	0.31510654
58705	0.31294984
58706	0.31128103
58707	0.31011704
58708	0.30946788
58709	0.30933595
58710	0.30971465
58711	0.31058788
58712	0.31192830
58713	0.31369638
58714	0.31583858
58715	0.31828636
58716	0.32095513
58717	0.32374394
58718	0.32653597
58719	0.32920066
58720	0.33159655
58721	0.33357623
58722	0.33499169
58723	0.33570129
58724	0.33557558
58725	0.33450437
58726	0.33240029
58727	0.32920316
58728	0.32487977
58729	0.31942374
58730	0.31285149
58731	0.30519760
58732	0.29650956
58733	0.28684127
58734	0.27624765
58735	0.26478034
58736	0.25248390
58737	0.23939386
58738	0.22553654
58739	0.21092996
58740	0.19558573
58741	0.17951296
58742	0.16272321
58743	0.14523600
58744	0.12708716
58745	0.10833704
58746	0.08908202
58747	0.06946689
58748	0.04969951
58749	0.03006886
58750	0.01096230
58751	-0.00711177
58752	-0.02350420
58753	-0.03740414
58754	-0.04781878
58755	-0.05355531
58756	-0.05319544
58757	-0.04505474
58758	-0.02709697
58759	0.00326081
58760	0.04955662
58761	0.11720297
58762	0.21558708
58763	0.36345711
58764	0.60532624
58765	1.07863152
58766	2.51098871
58767	NaN
58768	NaN
58769	NaN
58770	NaN
58771	NaN
58772	NaN
58773	NaN
58774	NaN
58775	NaN
58776	NaN
58777	NaN
58778	NaN
58779	NaN
58780	NaN
58781	NaN
58782	NaN
58783	NaN
58784	NaN
58785	NaN
58786	NaN
58787	NaN
58788	NaN
58789	NaN
58790	NaN
58791	NaN
58792	NaN
58793	NaN
58794	NaN
58795	NaN
58796	NaN
58797	NaN
58798	NaN
58799	NaN
58800	NaN
58801	NaN
58802	NaN
58803	NaN
58804	NaN
58805	NaN
58806	NaN
58807	NaN
58808	NaN
58809	NaN
58810	NaN
58811	NaN
58812	NaN
58813	NaN
58814	NaN
58815	NaN
58816	NaN
58817	NaN
58818	NaN
58819	NaN
58820	NaN
58821	NaN
58822	NaN
58823	NaN
58824	NaN
58825	NaN
58826	NaN
58827	NaN
58828	NaN
58829	NaN
58830	NaN
58831	NaN
58832	NaN
58833	NaN
58834	NaN
58835	NaN
58836	NaN
58837	NaN
58838	NaN
58839	NaN
58840	NaN
58841	NaN
58842	NaN
58843	NaN
58844	NaN
58845	NaN
58846	NaN
58847	NaN
58848	NaN
58849	NaN
58850	NaN
58851	NaN
58852	NaN
58853	NaN
58854	NaN
58855	1.00260890
58856	0.84382421
58857	0.79977667
58858	0.78050250
58859	0.77042013
58860	0.76463395
58861	0.76111758
58862	0.75888765
58863	0.75741124
58864	0.75637990
58865	0.75560498
58866	0.75496912
58867	0.75439751
58868	0.75384456
58869	0.75328344
58870	0.75270104
58871	0.75209403
58872	0.75146610
58873	0.75082618
58874	0.75018668
58875	0.74956232
58876	0.74896902
58877	0.74842262
58878	0.74793822
58879	0.74752885
58880	0.74720490
58881	0.74697316
58882	0.74683595
58883	0.74679059
58884	0.74682844
58885	0.74693489
58886	0.74708802
58887	0.74725902
58888	0.74741119
58889	0.74750048
58890	0.74747509
58891	0.74727637
58892	0.74683976
58893	0.74609607
58894	0.74497408
58895	0.74340343
58896	0.74131840
58897	0.73866254
58898	0.73539364
58899	0.73148859
58900	0.72694832
58901	0.72180074
58902	0.71610326
58903	0.70994222
58904	0.70343059
58905	0.69670337
58906	0.68991113
58907	0.68321222
58908	0.67676491
58909	0.67071968
58910	0.66521209
58911	0.66035783
58912	0.65624845
58913	0.65294951
58914	0.65049958
58915	0.64891052
58916	0.64816880
58917	0.64823669
58918	0.64905429
58919	0.65054184
58920	0.65260124
58921	0.65511847
58922	0.65796596
58923	0.66100472
58924	0.66408783
58925	0.66706347
58926	0.66978002
58927	0.67208987
58928	0.67385566
58929	0.67495602
58930	0.67529058
58931	0.67478532
58932	0.67339623
58933	0.67111164
58934	0.66795206
58935	0.66396850
58936	0.65923899
58937	0.65386254
58938	0.64795363
58939	0.64163506
58940	0.63503146
58941	0.62826389
58942	0.62144458
58943	0.61467409
58944	0.60803866
58945	0.60160965
58946	0.59544301
58947	0.58958066
58948	0.58405155
58949	0.57887316
58950	0.57405359
58951	0.56959325
58952	0.56548631
58953	0.56172264
58954	0.55828846
58955	0.55516785
58956	0.55234325
58957	0.54979569
58958	0.54750574
58959	0.54545295
58960	0.54361624
58961	0.54197335
58962	0.54050106
58963	0.53917456
58964	0.53796738
58965	0.53685099
58966	0.53579503
58967	0.53476721
58968	0.53373337
58969	0.53265810
58970	0.53150541
58971	0.53023922
58972	0.52882457
58973	0.52722830
58974	0.52542013
58975	0.52337343
58976	0.52106643
58977	0.51848233
58978	0.51561034
58979	0.51244569
58980	0.50899041
58981	0.50525260
58982	0.50124741
58983	0.49699599
58984	0.49252585
58985	0.48787010
58986	0.48306689
58987	0.47815895
58988	0.47319219
58989	0.46821505
58990	0.46327695
58991	0.45842701
58992	0.45371240
58993	0.44917697
58994	0.44485950
58995	0.44079247
58996	0.43700084
58997	0.43350130
58998	0.43030179
58999	0.42740139
59000	0.42479056
59001	0.42245215
59002	0.42036182
59003	0.41848963
59004	0.41680101
59005	0.41525826
59006	0.41382155
59007	0.41245022
59008	0.41110367
59009	0.40974218
59010	0.40832770
59011	0.40682420
59012	0.40519819
59013	0.40341896
59014	0.40145886
59015	0.39929384
59016	0.39690331
59017	0.39427090
59018	0.39138463
59019	0.38823721
59020	0.38482639
59021	0.38115546
59022	0.37723309
59023	0.37307361
59024	0.36869663
59025	0.36412704
59026	0.35939428
59027	0.35453153
59028	0.34957534
59029	0.34456438
59030	0.33953866
59031	0.33453864
59032	0.32960460
59033	0.32477549
59034	0.32008910
59035	0.31558087
59036	0.31128442
59037	0.30723062
59038	0.30344811
59039	0.29996306
59040	0.29679909
59041	0.29397732
59042	0.29151610
59043	0.28943089
59044	0.28773370
59045	0.28643253
59046	0.28553042
59047	0.28502452
59048	0.28490487
59049	0.28515261
59050	0.28573871
59051	0.28662267
59052	0.28775084
59053	0.28905609
59054	0.29045728
59055	0.29186049
59056	0.29316014
59057	0.29424241
59058	0.29498866
59059	0.29527998
59060	0.29500189
59061	0.29404959
59062	0.29233095
59063	0.28977057
59064	0.28631049
59065	0.28191078
59066	0.27654785
59067	0.27021277
59068	0.26290789
59069	0.25464386
59070	0.24543695
59071	0.23530684
59072	0.22427495
59073	0.21236582
59074	0.19960766
59075	0.18603736
59076	0.17170528
59077	0.15668468
59078	0.14108191
59079	0.12505165
59080	0.10881430
59081	0.09267590
59082	0.07705202
59083	0.06249052
59084	0.04969304
59085	0.03952830
59086	0.03303290
59087	0.03139159
59088	0.03589101
59089	0.04785029
59090	0.06853234
59091	0.09905752
59092	0.14035633
59093	0.19318487
59094	0.25826108
59095	0.33653927
59096	0.42970735
59097	0.54101598
59098	0.67678630
59099	0.84953445
59100	1.08555627
59101	1.44740498
59102	2.12309480
59103	4.04054737
59104	NaN
59105	NaN
59106	NaN
59107	NaN
59108	NaN
59109	NaN
59110	NaN
59111	NaN
59112	NaN
59113	NaN
59114	NaN
59115	NaN
59116	NaN
59117	NaN
59118	NaN
59119	NaN
59120	NaN
59121	NaN
59122	NaN
59123	NaN
59124	NaN
59125	NaN
59126	NaN
59127	NaN
59128	NaN
59129	NaN
59130	NaN
59131	NaN
59132	NaN
59133	NaN
59134	NaN
59135	NaN
59136	NaN
59137	NaN
59138	NaN
59139	NaN
59140	NaN
59141	NaN
59142	NaN
59143	NaN
59144	NaN
59145	NaN
59146	NaN
59147	NaN
59148	NaN
59149	NaN
59150	NaN
59151	NaN
59152	NaN
59153	NaN
59154	NaN
59155	NaN
59156	NaN
59157	NaN
59158	NaN
59159	NaN
59160	NaN
59161	NaN
59162	NaN
59163	NaN
59164	NaN
59165	NaN
59166	NaN
59167	NaN
59168	NaN
59169	NaN
59170	NaN
59171	NaN
59172	NaN
59173	NaN
59174	NaN
59175	NaN
59176	NaN
59177	NaN
59178	NaN
59179	NaN
59180	NaN
59181	2.80541015
59182	1.21503830
59183	1.00199163
59184	0.91658181
59185	0.87026542
59186	0.84121573
59187	0.82141793
59188	0.80721653
59189	0.79669428
59190	0.78873938
59191	0.78265744
59192	0.77798790
59193	0.77441108
59194	0.77169687
59195	0.76967436
59196	0.76821464
59197	0.76721793
59198	0.76660687
59199	0.76632011
59200	0.76630914
59201	0.76653451
59202	0.76696420
59203	0.76757044
59204	0.76832902
59205	0.76921642
59206	0.77020955
59207	0.77128309
59208	0.77240908
59209	0.77355540
59210	0.77468467
59211	0.77575362
59212	0.77671254
59213	0.77750528
59214	0.77806908
59215	0.77833599
59216	0.77823365
59217	0.77768761
59218	0.77662379
59219	0.77497137
59220	0.77266687
59221	0.76965779
59222	0.76590687
59223	0.76139623
59224	0.75613081
59225	0.75014114
59226	0.74348456
59227	0.73624527
59228	0.72853243
59229	0.72047716
59230	0.71222711
59231	0.70394129
59232	0.69578296
59233	0.68791348
59234	0.68048543
59235	0.67363781
59236	0.66749048
59237	0.66214103
59238	0.65766245
59239	0.65410155
59240	0.65147829
59241	0.64978665
59242	0.64899522
59243	0.64904904
59244	0.64987159
59245	0.65136689
59246	0.65342265
59247	0.65591329
59248	0.65870291
59249	0.66164929
59250	0.66460794
59251	0.66743600
59252	0.66999674
59253	0.67216337
59254	0.67382389
59255	0.67488378
59256	0.67526954
59257	0.67493039
59258	0.67383981
59259	0.67199486
59260	0.66941559
59261	0.66614252
59262	0.66223395
59263	0.65776211
59264	0.65280938
59265	0.64746422
59266	0.64181745
59267	0.63595897
59268	0.62997490
59269	0.62394536
59270	0.61794299
59271	0.61203194
59272	0.60626751
59273	0.60069609
59274	0.59535521
59275	0.59027439
59276	0.58547550
59277	0.58097339
59278	0.57677650
59279	0.57288778
59280	0.56930459
59281	0.56601965
59282	0.56302112
59283	0.56029296
59284	0.55781519
59285	0.55556440
59286	0.55351412
59287	0.55163521
59288	0.54989672
59289	0.54826641
59290	0.54671150
59291	0.54519957
59292	0.54369903
59293	0.54217982
59294	0.54061401
59295	0.53897601
59296	0.53724289
59297	0.53539443
59298	0.53341341
59299	0.53128541
59300	0.52899879
59301	0.52654505
59302	0.52391857
59303	0.52111667
59304	0.51814008
59305	0.51499277
59306	0.51168209
59307	0.50821930
59308	0.50461918
59309	0.50090063
59310	0.49708614
59311	0.49320161
59312	0.48927626
59313	0.48534146
59314	0.48143029
59315	0.47757620
59316	0.47381213
59317	0.47016892
59318	0.46667436
59319	0.46335167
59320	0.46021903
59321	0.45728824
59322	0.45456466
59323	0.45204684
59324	0.44972670
59325	0.44758993
59326	0.44561642
59327	0.44378152
59328	0.44205636
59329	0.44040915
59330	0.43880612
59331	0.43721223
59332	0.43559241
59333	0.43391204
59334	0.43213797
59335	0.43023926
59336	0.42818773
59337	0.42595869
59338	0.42353138
59339	0.42088965
59340	0.41802189
59341	0.41492167
59342	0.41158739
59343	0.40802258
59344	0.40423521
59345	0.40023798
59346	0.39604735
59347	0.39168367
59348	0.38717023
59349	0.38253340
59350	0.37780181
59351	0.37300631
59352	0.36817941
59353	0.36335489
59354	0.35856754
59355	0.35385251
59356	0.34924504
59357	0.34477988
59358	0.34049079
59359	0.33641014
59360	0.33256838
59361	0.32899365
59362	0.32571134
59363	0.32274371
59364	0.32010978
59365	0.31782466
59366	0.31589988
59367	0.31434262
59368	0.31315586
59369	0.31233788
59370	0.31188196
59371	0.31177559
59372	0.31200016
59373	0.31252953
59374	0.31332964
59375	0.31435719
59376	0.31555924
59377	0.31687233
59378	0.31822270
59379	0.31952724
59380	0.32069433
59381	0.32162642
59382	0.32222262
59383	0.32238242
59384	0.32200921
59385	0.32101426
59386	0.31931975
59387	0.31686145
59388	0.31359044
59389	0.30947351
59390	0.30449226
59391	0.29864219
59392	0.29192996
59393	0.28437173
59394	0.27599016
59395	0.26681307
59396	0.25687167
59397	0.24620029
59398	0.23483582
59399	0.22281976
59400	0.21019827
59401	0.19702613
59402	0.18336856
59403	0.16930580
59404	0.15493678
59405	0.14038499
59406	0.12580495
59407	0.11138869
59408	0.09737487
59409	0.08405649
59410	0.07179037
59411	0.06100510
59412	0.05220739
59413	0.04598559
59414	0.04301000
59415	0.04403252
59416	0.04988127
59417	0.06146388
59418	0.07978480
59419	0.10598967
59420	0.14147748
59421	0.18811157
59422	0.24865043
59423	0.32760346
59424	0.43308729
59425	0.58131343
59426	0.80952197
59427	1.22448504
59428	2.29927158
59429	NaN
59430	NaN
59431	NaN
59432	NaN
59433	NaN
59434	NaN
59435	NaN
59436	NaN
59437	NaN
59438	NaN
59439	NaN
59440	NaN
59441	NaN
59442	NaN
59443	NaN
59444	NaN
59445	NaN
59446	NaN
59447	NaN
59448	NaN
59449	NaN
59450	NaN
59451	NaN
59452	NaN
59453	NaN
59454	NaN
59455	NaN
59456	NaN
59457	NaN
59458	NaN
59459	NaN
59460	NaN
59461	NaN
59462	NaN
59463	NaN
59464	NaN
59465	NaN
59466	NaN
59467	NaN
59468	NaN
59469	NaN
59470	NaN
59471	NaN
59472	NaN
59473	NaN
59474	NaN
59475	NaN
59476	NaN
59477	NaN
59478	NaN
59479	NaN
59480	NaN
59481	NaN
59482	NaN
59483	NaN
59484	NaN
59485	NaN
59486	NaN
59487	NaN
59488	NaN
59489	NaN
59490	NaN
59491	NaN
59492	NaN
59493	NaN
59494	NaN
59495	NaN
59496	NaN
59497	NaN
59498	NaN
59499	NaN
59500	NaN
59501	NaN
59502	NaN
59503	NaN
59504	NaN
59505	NaN
59506	NaN
59507	NaN
59508	NaN
59509	NaN
59510	NaN
59511	NaN
59512	NaN
59513	2.17462802
59514	0.95090550
59515	0.82749146
59516	0.78422546
59517	0.76409316
59518	0.75362879
59519	0.74800384
59520	0.74506032
59521	0.74369156
59522	0.74327296
59523	0.74342841
59524	0.74392015
59525	0.74459350
59526	0.74534631
59527	0.74611092
59528	0.74684399
59529	0.74751866
59530	0.74812007
59531	0.74864239
59532	0.74908566
59533	0.74945408
59534	0.74975479
59535	0.74999559
59536	0.75018501
59537	0.75033015
59538	0.75043666
59539	0.75050735
59540	0.75054175
59541	0.75053531
59542	0.75047880
59543	0.75035834
59544	0.75015450
59545	0.74984246
59546	0.74939227
59547	0.74876863
59548	0.74793172
59549	0.74683756
59550	0.74543971
59551	0.74369079
59552	0.74154437
59553	0.73895806
59554	0.73589611
59555	0.73233342
59556	0.72825855
59557	0.72367704
59558	0.71861416
59559	0.71311599
59560	0.70725030
59561	0.70110458
59562	0.69478357
59563	0.68840545
59564	0.68209559
59565	0.67598224
59566	0.67018956
59567	0.66483301
59568	0.66001409
59569	0.65581715
59570	0.65230650
59571	0.64952487
59572	0.64749295
59573	0.64620972
59574	0.64565283
59575	0.64578032
59576	0.64653200
59577	0.64783126
59578	0.64958692
59579	0.65169531
59580	0.65404230
59581	0.65650606
59582	0.65895969
59583	0.66127431
59584	0.66332269
59585	0.66498297
59586	0.66614336
59587	0.66670614
59588	0.66659170
59589	0.66574258
59590	0.66412598
59591	0.66173518
59592	0.65859002
59593	0.65473497
59594	0.65023685
59595	0.64518023
59596	0.63966298
59597	0.63379061
59598	0.62767142
59599	0.62141097
59600	0.61510855
59601	0.60885376
59602	0.60272402
59603	0.59678376
59604	0.59108388
59605	0.58566254
59606	0.58054560
59607	0.57574868
59608	0.57127839
59609	0.56713420
59610	0.56331003
59611	0.55979550
59612	0.55657744
59613	0.55364066
59614	0.55096871
59615	0.54854459
59616	0.54635042
59617	0.54436839
59618	0.54257989
59619	0.54096591
59620	0.53950638
59621	0.53818005
59622	0.53696412
59623	0.53583401
59624	0.53476280
59625	0.53372175
59626	0.53267992
59627	0.53160465
59628	0.53046197
59629	0.52921754
59630	0.52783710
59631	0.52628785
59632	0.52453899
59633	0.52256322
59634	0.52033728
59635	0.51784283
59636	0.51506740
59637	0.51200473
59638	0.50865495
59639	0.50502527
59640	0.50112957
59641	0.49698853
59642	0.49262905
59643	0.48808381
59644	0.48339078
59645	0.47859174
59646	0.47373194
59647	0.46885833
59648	0.46401870
59649	0.45925984
59650	0.45462662
59651	0.45016015
59652	0.44589692
59653	0.44186726
59654	0.43809474
59655	0.43459517
59656	0.43137640
59657	0.42843813
59658	0.42577204
59659	0.42336237
59660	0.42118669
59661	0.41921681
59662	0.41742000
59663	0.41576019
59664	0.41419896
59665	0.41269720
59666	0.41121560
59667	0.40971589
59668	0.40816116
59669	0.40651679
59670	0.40475053
59671	0.40283287
59672	0.40073720
59673	0.39844021
59674	0.39592221
59675	0.39316744
59676	0.39016426
59677	0.38690615
59678	0.38339138
59679	0.37962413
59680	0.37561387
59681	0.37137592
59682	0.36693093
59683	0.36230451
59684	0.35752666
59685	0.35263100
59686	0.34765375
59687	0.34263307
59688	0.33760792
59689	0.33261764
59690	0.32770079
59691	0.32289490
59692	0.31823608
59693	0.31375867
59694	0.30949512
59695	0.30547601
59696	0.30172980
59697	0.29828337
59698	0.29516140
59699	0.29238683
59700	0.28998008
59701	0.28795910
59702	0.28633863
59703	0.28512916
59704	0.28433597
59705	0.28395772
59706	0.28398484
59707	0.28439736
59708	0.28516346
59709	0.28623688
59710	0.28755593
59711	0.28904143
59712	0.29059702
59713	0.29210940
59714	0.29345042
59715	0.29448068
59716	0.29505432
59717	0.29502514
59718	0.29425353
59719	0.29261264
59720	0.28999454
59721	0.28631383
59722	0.28151023
59723	0.27554780
59724	0.26841256
59725	0.26010835
59726	0.25065106
59727	0.24006322
59728	0.22836702
59729	0.21558097
59730	0.20171423
59731	0.18676557
59732	0.17072168
59733	0.15355863
59734	0.13524495
59735	0.11574706
59736	0.09503785
59737	0.07311011
59738	0.04999317
59739	0.02578116
59740	0.00066869
59741	-0.02499360
59742	-0.05061999
59743	-0.07527224
59744	-0.09747767
59745	-0.11494754
59746	-0.12408632
59747	-0.11909275
59748	-0.09006159
59749	-0.01829645
59750	0.13776796
59751	0.50000560
59752	1.68934202
59753	NaN
59754	NaN
59755	NaN
59756	NaN
59757	NaN
59758	NaN
59759	NaN
59760	NaN
59761	NaN
59762	NaN
59763	NaN
59764	NaN
59765	NaN
59766	NaN
59767	NaN
59768	NaN
59769	NaN
59770	NaN
59771	NaN
59772	NaN
59773	NaN
59774	NaN
59775	NaN
59776	NaN
59777	NaN
59778	NaN
59779	NaN
59780	NaN
59781	NaN
59782	NaN
59783	NaN
59784	NaN
59785	NaN
59786	NaN
59787	NaN
59788	NaN
59789	NaN
59790	NaN
59791	NaN
59792	NaN
59793	NaN
59794	NaN
59795	NaN
59796	NaN
59797	NaN
59798	NaN
59799	NaN
59800	NaN
59801	NaN
59802	NaN
59803	NaN
59804	NaN
59805	NaN
59806	NaN
59807	NaN
59808	NaN
59809	NaN
59810	NaN
59811	NaN
59812	NaN
59813	NaN
59814	NaN
59815	NaN
59816	NaN
59817	NaN
59818	NaN
59819	NaN
59820	NaN
59821	NaN
59822	NaN
59823	NaN
59824	NaN
59825	NaN
59826	NaN
59827	NaN
59828	NaN
59829	NaN
59830	NaN
59831	NaN
59832	NaN
59833	NaN
59834	NaN
59835	NaN
59836	NaN
59837	NaN
59838	NaN
59839	NaN
59840	NaN
59841	NaN
59842	NaN
59843	1.22604156
59844	0.94806159
59845	0.85658479
59846	0.81234217
59847	0.78720921
59848	0.77174145
59849	0.76185644
59850	0.75548786
59851	0.75146979
59852	0.74908835
59853	0.74787998
59854	0.74752766
59855	0.74780786
59856	0.74855798
59857	0.74965781
59858	0.75101757
59859	0.75257003
59860	0.75426441
59861	0.75606310
59862	0.75793779
59863	0.75986737
59864	0.76183569
59865	0.76382941
59866	0.76583648
59867	0.76784456
59868	0.76983935
59869	0.77180338
59870	0.77371454
59871	0.77554548
59872	0.77726215
59873	0.77882397
59874	0.78018302
59875	0.78128475
59876	0.78206819
59877	0.78246754
59878	0.78241414
59879	0.78183842
59880	0.78067315
59881	0.77885658
59882	0.77633661
59883	0.77307439
59884	0.76904845
59885	0.76425815
59886	0.75872660
59887	0.75250214
59888	0.74565947
59889	0.73829740
59890	0.73053747
59891	0.72251880
59892	0.71439356
59893	0.70632023
59894	0.69845772
59895	0.69095874
59896	0.68396425
59897	0.67759848
59898	0.67196506
59899	0.66714472
59900	0.66319287
59901	0.66013992
59902	0.65799052
59903	0.65672529
59904	0.65630144
59905	0.65665507
59906	0.65770286
59907	0.65934461
59908	0.66146576
59909	0.66394061
59910	0.66663545
59911	0.66941214
59912	0.67213231
59913	0.67466110
59914	0.67687196
59915	0.67864990
59916	0.67989606
59917	0.68053031
59918	0.68049407
59919	0.67975175
59920	0.67829108
59921	0.67612243
59922	0.67327732
59923	0.66980571
59924	0.66577291
59925	0.66125536
59926	0.65633732
59927	0.65110654
59928	0.64565116
59929	0.64005643
59930	0.63440216
59931	0.62876111
59932	0.62319744
59933	0.61776620
59934	0.61251312
59935	0.60747451
59936	0.60267812
59937	0.59814364
59938	0.59388363
59939	0.58990407
59940	0.58620530
59941	0.58278304
59942	0.57962835
59943	0.57672840
59944	0.57406694
59945	0.57162416
59946	0.56937736
59947	0.56730098
59948	0.56536698
59949	0.56354553
59950	0.56180555
59951	0.56011516
59952	0.55844289
59953	0.55675799
59954	0.55503124
59955	0.55323583
59956	0.55134726
59957	0.54934406
59958	0.54720795
59959	0.54492342
59960	0.54247832
59961	0.53986359
59962	0.53707290
59963	0.53410351
59964	0.53095543
59965	0.52763218
59966	0.52414048
59967	0.52049059
59968	0.51669651
59969	0.51277560
59970	0.50874895
59971	0.50464106
59972	0.50047940
59973	0.49629438
59974	0.49211824
59975	0.48798469
59976	0.48392782
59977	0.47998101
59978	0.47617620
59979	0.47254267
59980	0.46910620
59981	0.46588823
59982	0.46290535
59983	0.46016896
59984	0.45768499
59985	0.45545402
59986	0.45347169
59987	0.45172906
59988	0.45021325
59989	0.44890803
59990	0.44779500
59991	0.44685388
59992	0.44606373
59993	0.44540340
59994	0.44485256
59995	0.44439209
59996	0.44400460
59997	0.44367477
59998	0.44338974
59999	0.44313893
60000	0.44291416