v -0.123500058 0.00639189396 -0.258948241
v -0.120570681 0.0108643083 -0.257694701
v -0.121355097 -4.77720001e-05 -0.260589686
v -0.100272357 0.00610048453 -0.251572236
v -0.103245687 0.0125009773 -0.252842974
v -0.108168113 0.0156176228 -0.254947811
v -0.116123108 0.0157074344 -0.258350123
v -0.122252256 -4.87274405e-05 -0.258416055
v -0.101169515 0.00610048453 -0.249398605
v -0.104142844 0.0125009773 -0.250668389
v -0.122602903 0.00639284918 -0.261122811
v -0.119673523 0.0108643083 -0.259869271
v -0.11702122 0.0157074344 -0.256175553
v -0.121897786 -0.00509727243 -0.26082376
v -0.122794945 -0.00509727243 -0.258649175
v -0.100276179 -0.0062122712 -0.251577019
v -0.101173337 -0.00621322642 -0.249402435
v -0.109065271 0.0156176228 -0.25277418
v -0.103252375 -0.0126108526 -0.252850619
v -0.108177668 -0.0157227216 -0.254958318
v -0.116132661 -0.0158067992 -0.258359676
v -0.11968021 -0.0109598521 -0.259875963
v -0.120577369 -0.0109608078 -0.257702346
v -0.11702982 -0.0158067992 -0.25618606
v -0.109074826 -0.0157227216 -0.252783733
v -0.104149533 -0.0126108526 -0.250676988
v -0.132219404 0.00632214653 -0.233129382
v -0.129244164 0.0107496555 -0.232100363
v -0.130206293 -5.35046422e-05 -0.234903632
v -0.108792971 0.00603360366 -0.227504705
v -0.111812162 0.0123710373 -0.228547094
v -0.116812934 0.0154551981 -0.230273564
v -0.12489309 0.0155450097 -0.233064404
v -0.130951538 -5.44600826e-05 -0.232692743
v -0.109538214 0.00603360366 -0.22529477
v -0.11255836 0.0123700817 -0.226336204
v -0.131474163 0.00632214653 -0.235340272
v -0.128498923 0.0107496555 -0.234311252
v -0.125638334 0.015544054 -0.230854468
v -0.130757581 -0.00505236707 -0.235094724
v -0.131502826 -0.00505236707 -0.232884788
v -0.108796792 -0.00615590003 -0.227509475
v -0.109542037 -0.0061568557 -0.225298585
v -0.111819805 -0.0124904676 -0.228554725
v -0.116822489 -0.0155717613 -0.230283117
v -0.124901689 -0.0156539294 -0.233074911
v -0.128504653 -0.0108566647 -0.234317944
v -0.117558179 0.0154551981 -0.228062674
v -0.129250852 -0.0108566647 -0.232108008
v -0.125647888 -0.015654885 -0.230864036
v -0.117567732 -0.0155717613 -0.228073195
v -0.112565048 -0.0124904676 -0.226344803
v -0.138788055 0.00631545862 -0.206247122
v -0.135742113 0.0107429676 -0.205475126
v -0.136917306 -6.01927212e-05 -0.208186665
v -0.114995688 0.00602787098 -0.202634598
v -0.118087492 0.0123643494 -0.203415193
v -0.123205783 0.0154494659 -0.204710775
v -0.131477986 0.0155383218 -0.206805091
v -0.137489611 -6.01927212e-05 -0.20592035
v -0.115568951 0.00602691576 -0.200368297
v -0.118659801 0.0123643494 -0.201149846
v -0.138214792 0.00631641384 -0.208513422
v -0.13516885 0.0107429676 -0.207741426
v -0.132051249 0.0155383218 -0.204539744
v -0.137481969 -0.00505905498 -0.208329976
v -0.138054278 -0.00505905498 -0.20606463
v -0.114999509 -0.00616258838 -0.202638413
v -0.115571818 -0.00616258838 -0.200372113
v -0.118094179 -0.0124961998 -0.203423792
v -0.12321534 -0.0155774936 -0.204721282
v -0.131487539 -0.0156606173 -0.206815598
v -0.135175538 -0.0108633535 -0.207748118
v -0.12377905 0.0154485102 -0.202445428
v -0.135748801 -0.0108633535 -0.205481803
v -0.132059848 -0.0156615729 -0.204549297
v -0.123788603 -0.0155784492 -0.202454982
v -0.118667444 -0.0124971555 -0.201157492
v -0.14326716 0.00630877071 -0.182366853
v -0.140144782 0.0107362797 -0.182071617
v -0.141684948 -6.59253633e-05 -0.184571051
v -0.119210135 0.0060221383 -0.182452846
v -0.122380284 0.0123586163 -0.182749021
v -0.127628516 0.0154437318 -0.183242026
v -0.136109001 0.0155325878 -0.184040774
v -0.14193623 -6.68808037e-05 -0.182243602
v -0.119461415 0.0060221383 -0.180124428
v -0.122631566 0.0123586163 -0.180421572
v -0.143015877 0.00630972593 -0.184694302
v -0.1398935 0.0107372354 -0.184399066
v -0.136360284 0.0155316339 -0.181713324
v -0.142263945 -0.00506478766 -0.184627416
v -0.142515227 -0.00506574289 -0.182299013
v -0.119213956 -0.0061673654 -0.182456661
v -0.119465236 -0.00616832062 -0.180129212
v -0.122386972 -0.012501933 -0.182757621
v -0.127637115 -0.0155832276 -0.183252547
v -0.1361176 -0.0156663495 -0.184051295
v -0.139900188 -0.0108690858 -0.184405758
v -0.127879798 0.015442778 -0.180914577
v -0.140150512 -0.0108700414 -0.182078308
v -0.136368883 -0.0156673052 -0.181723831
v -0.127888397 -0.0155841815 -0.180925084
v -0.122638254 -0.0125028886 -0.180429217
v -0.145128356 0.00598392085 -0.160129938
v -0.142155027 0.0101897683 -0.159948414
v -0.143689463 -7.16580054e-05 -0.162272033
v -0.122285695 0.00571162037 -0.160973604
v -0.125304886 0.0117318482 -0.161155127
v -0.130302793 0.0146621826 -0.161457041
v -0.138379128 0.0147462611 -0.16194623
v -0.14386144 -7.26134388e-05 -0.160054452
v -0.122457673 0.00571162037 -0.158756023
v -0.12547591 0.0117308925 -0.158936607
v -0.144957332 0.00598487652 -0.162347519
v -0.141983046 0.0101907231 -0.162165995
v -0.138550152 0.0147453063 -0.159728649
v -0.144240751 -0.00482019493 -0.162307398
v -0.144411775 -0.00482115016 -0.160089817
v -0.122289518 -0.00586831284 -0.160977419
v -0.122461496 -0.00586831284 -0.158759838
v -0.125311574 -0.0118856737 -0.161162759
v -0.130311392 -0.014813142 -0.161466608
v -0.138387727 -0.0148914882 -0.161955797
v -0.141989734 -0.0103340397 -0.162172658
v -0.130473817 0.014661227 -0.15923852
v -0.142160758 -0.0103349945 -0.159955105
v -0.138559705 -0.0148924439 -0.159738216
v -0.13048337 -0.014813142 -0.159248059
v -0.125483552 -0.0118866293 -0.158944238
v -0.14602838 0.00596958936 -0.115341779
v -0.143078937 0.0101763916 -0.11579751
v -0.145031856 -8.59896037e-05 -0.117744699
v -0.123801979 0.005700155 -0.121030466
v -0.126796329 0.0117194272 -0.120564199
v -0.131754105 0.0146488068 -0.119796047
v -0.139764514 0.0147328853 -0.118554908
v -0.144771975 -8.69450441e-05 -0.115538593
v -0.1235421 0.00569919978 -0.11882436
v -0.126535493 0.0117184715 -0.118358093
v -0.146289215 0.00597054459 -0.117547884
v -0.143339773 0.0101773472 -0.118002676
v -0.139504636 0.0147319296 -0.116348802
v -0.145578368 -0.00483452642 -0.117661582
v -0.14531849 -0.00483548209 -0.115455477
v -0.123805801 -0.00587977776 -0.121034282
v -0.123544966 -0.00588073343 -0.118828176
v -0.126803016 -0.0118980947 -0.120571858
v -0.13176175 -0.014825563 -0.119805586
v -0.139773114 -0.0149058197 -0.118564475
v -0.143345503 -0.0103483712 -0.118009368
v -0.131493269 0.0146478511 -0.117589912
v -0.143084668 -0.010349326 -0.115804202
v -0.139512278 -0.0149058197 -0.116358369
v -0.131501868 -0.0148265187 -0.11759948
v -0.126542181 -0.0118990504 -0.118365753
v -0.129615832 0.0059457034 -0.0537254603
v -0.127336152 0.0101525061 -0.0544802579
v -0.129239387 -0.000109875606 -0.0566385838
v -0.112832571 0.00567722471 -0.0620769533
v -0.115145693 0.0116964964 -0.061306865
v -0.118977007 0.0146258761 -0.060036141
v -0.125167301 0.0147089989 -0.0579828854
v -0.128645103 -0.000110831046 -0.0540502955
v -0.112238287 0.00567626904 -0.0594886651
v -0.114551408 0.0116955417 -0.0587185768
v -0.130210116 0.00594665863 -0.0563146883
v -0.127930436 0.0101534608 -0.0570685462
v -0.124573017 0.0147080441 -0.0553945972
v -0.129662647 -0.00485841238 -0.0565009958
v -0.129067409 -0.00485936805 -0.0539127075
v -0.112836394 -0.0059027085 -0.0620807689
v -0.11224211 -0.00590366372 -0.059491541
v -0.115153336 -0.0119210254 -0.0613144962
v -0.118986561 -0.0148484937 -0.0600456799
v -0.125176858 -0.0149287504 -0.0579924528
v -0.127937124 -0.0103722567 -0.0570752092
v -0.118382722 0.0146249204 -0.0574468846
v -0.12734284 -0.0103732124 -0.0544869209
v -0.124582574 -0.0149297061 -0.0554041645
v -0.118391322 -0.0148494485 -0.057456452
v -0.114559052 -0.0119219802 -0.0587262079
v -0.141319017 0.00596194578 -0.0938778273
v -0.13840588 0.010168748 -0.0945466324
v -0.140483007 -9.36331196e-05 -0.0963466658
v -0.12129586 0.00569251187 -0.100789459
v -0.124252948 0.0117117836 -0.100106331
v -0.127368638 0.0146411632 -0.0993610724
v -0.135280637 0.0147252417 -0.0975390569
v -0.140076945 -9.45885599e-05 -0.0941653896
v -0.120889798 0.00569251187 -0.0986082111
v -0.123846886 0.0117108288 -0.0979250549
v -0.141725079 0.00596290101 -0.0960581354
v -0.138811941 0.010168748 -0.0967278801
v -0.134874575 0.014724286 -0.0953577807
v -0.141022831 -0.00484217 -0.0962243685
v -0.140616769 -0.00484312567 -0.0940431208
v -0.121299681 -0.00588742134 -0.100793303
v -0.120893619 -0.00588837701 -0.0986120267
v -0.124259636 -0.0119047826 -0.100113962
v -0.127377237 -0.0148332066 -0.0993706398
v -0.135289236 -0.0149134633 -0.0975486243
v -0.138817675 -0.0103560148 -0.0967345716
v -0.126962576 0.0146402076 -0.0971798247
v -0.138411614 -0.0103569696 -0.0945533239
v -0.13488317 -0.0149134633 -0.0953673481
v -0.126971172 -0.0148341623 -0.0971893636
v -0.123853574 -0.0119057383 -0.0979327145
v -0.138299827 0.00595430221 -0.0725810489
v -0.135411529 0.0101611044 -0.0733712116
v -0.137584203 -0.000101276642 -0.0753269995
v -0.11680147 0.00568486829 -0.0810242862
v -0.11973276 0.01170414 -0.0802178931
v -0.124585439 0.0146335197 -0.0788860063
v -0.13242769 0.0147175981 -0.0767353115
v -0.13706922 -0.000102232083 -0.0729212032
v -0.116286488 0.00568391262 -0.0786175218
v -0.119216823 0.0117031852 -0.0778111287
v -0.138814807 0.00595525788 -0.0749878133
v -0.135927467 0.0101611044 -0.0757779475
v -0.13191271 0.0147166425 -0.0743295152
v -0.138119246 -0.00484981358 -0.0751827201
v -0.137604267 -0.0048507688 -0.0727759557
v -0.116805291 -0.00589506492 -0.0810281018
v -0.116289354 -0.00589602059 -0.0786213373
v -0.119739448 -0.0119133819 -0.0802255242
v -0.124594992 -0.0148408502 -0.0788955736
v -0.132436289 -0.0149211068 -0.0767448789
v -0.135933201 -0.0103636584 -0.075784639
v -0.124070456 0.014632564 -0.0764792418
v -0.135418217 -0.0103646131 -0.0733779031
v -0.13192131 -0.0149220625 -0.0743390541
v -0.124079055 -0.0148418049 -0.0764888092
v -0.119224466 -0.0119143375 -0.0778187883
v -0.124734488 0.00593805982 -0.0355204818
v -0.122472007 0.0101448625 -0.0363307189
v -0.124423972 -0.000117519128 -0.0384422329
v -0.108142317 0.00566958113 -0.044283799
v -0.110437284 0.0116888529 -0.0434573316
v -0.114238979 0.0146182325 -0.0420910477
v -0.120382459 0.0147013553 -0.03988591
v -0.123771404 -0.000118474562 -0.0358692354
v -0.107489751 0.00566862546 -0.0417108015
v -0.109784718 0.0116878981 -0.040884334
v -0.125387052 0.00593901505 -0.0380935078
v -0.123124571 0.0101458173 -0.0389037164
v -0.119729893 0.0147004005 -0.0373129125
v -0.124843409 -0.00486605596 -0.0382941379
v -0.124190842 -0.00486701163 -0.0357211404
v -0.108145182 -0.00591035208 -0.0442876146
v -0.107493574 -0.0059113073 -0.041714617
v -0.110444928 -0.0119277134 -0.0434649912
v -0.114248534 -0.0148561373 -0.0421006151
v -0.120392014 -0.014936394 -0.0398954489
v -0.123131259 -0.0103789446 -0.0389104079
v -0.113586413 0.0146172768 -0.0395180501
v -0.122478694 -0.0103799003 -0.0363373819
v -0.119739448 -0.0149373497 -0.0373224514
v -0.113595968 -0.0148570921 -0.0395276175
v -0.109792362 -0.011928669 -0.0408919651
v -0.110330274 0.0108690858 -0.282775946
v -0.113155511 0.00639762664 -0.284268357
v -0.111951656 -4.29948019e-05 -0.283633934
v -0.0916208478 0.00610526199 -0.272894798
v -0.0944871677 0.0125067095 -0.274408208
v -0.112097838 0.00639762664 -0.286361718
v -0.109273558 0.0108700414 -0.284869322
v -0.106906933 0.0157131667 -0.280967299
v -0.10584926 0.0157131667 -0.283060675
v -0.110893984 -4.29948019e-05 -0.28572731
v -0.111417564 -0.00509153974 -0.286005334
v -0.112475236 -0.00509249541 -0.283911018
v -0.110336962 -0.0109550756 -0.282782637
v -0.106915532 -0.0158010669 -0.280976852
v -0.0992443036 -0.0157179432 -0.276924841
v -0.0916237141 -0.00620749374 -0.272899567
v -0.0905631757 0.00610621721 -0.274989113
v -0.0905669974 -0.00620749374 -0.274992943
v -0.0934304511 0.0125067095 -0.276501584
v -0.0981780328 0.0156223994 -0.279008649
v -0.0992357048 0.0156223994 -0.276915288
v -0.10927929 -0.0109550756 -0.284876967
v -0.105858815 -0.0158010669 -0.283071182
v -0.0981866316 -0.0157179432 -0.279019156
v -0.0934371393 -0.0126051204 -0.276510183
v -0.0944948113 -0.012606076 -0.274415854
v -0.147672691 0.00629634967 -0.13730161
v -0.14454076 0.0107238587 -0.137494609
v -0.146418201 -7.83460809e-05 -0.139725573
v -0.123876503 0.00601067337 -0.141125286
v -0.127055253 0.0123471518 -0.140925595
v -0.132318772 0.0154322674 -0.140596916
v -0.140825055 0.0155201676 -0.140068575
v -0.146337942 -7.93015213e-05 -0.137386635
v -0.123796244 0.00601067337 -0.138785408
v -0.126974994 0.0123471518 -0.138585717
v -0.147751995 0.00629730534 -0.13964052
v -0.144620061 0.0107248143 -0.139833519
v -0.140744797 0.015519212 -0.137728697
v -0.146998151 -0.00507720826 -0.139691176
v -0.146917893 -0.00507816393 -0.137352238
v -0.123880326 -0.00617883076 -0.141129101
v -0.123800067 -0.00617978599 -0.138789223
v -0.127062895 -0.0125133983 -0.140933227
v -0.132328325 -0.0155946921 -0.140607423
v -0.140833654 -0.0156787714 -0.140078114
v -0.144626749 -0.0108815068 -0.139841179
v -0.132239471 0.0154313117 -0.138257038
v -0.144547448 -0.0108815068 -0.137501301
v -0.14075435 -0.0156797271 -0.137739204
v -0.132249024 -0.0155956477 -0.138267574
v -0.12698264 -0.0125143531 -0.138593377
v -0.0950967387 0.00668139204 -0.332116788
v -0.0919437865 0.0113429841 -0.331373451
v -0.0930712057 -3.24849615e-05 -0.334302833
v -0.0703747286 0.00637756202 -0.328962878
v -0.073574496 0.0130503557 -0.329712899
v -0.0788743219 0.0162988516 -0.330958793
v -0.0874388866 0.0163924841 -0.332973815
v -0.09375339 -3.24849615e-05 -0.331802445
v -0.0710569113 0.0063766068 -0.326461536
v -0.0742576362 0.0130494 -0.327212511
v -0.0944145544 0.00668139204 -0.334617176
v -0.0912606469 0.0113439397 -0.333873839
v -0.0881210708 0.0163924841 -0.330472473
v -0.093655935 -0.00529600413 -0.334442329
v -0.0943381193 -0.00529600413 -0.331940987
v -0.0703785495 -0.00645877438 -0.328966701
v -0.0710616896 -0.00645877438 -0.326466313
v -0.0735840509 -0.0131287011 -0.329722452
v -0.0788857873 -0.0163724204 -0.330971215
v -0.087450352 -0.016459365 -0.332985283
v -0.0912682904 -0.0114069988 -0.333882438
v -0.0795574621 0.016297896 -0.328458405
v -0.09195143 -0.0114079536 -0.331381096
v -0.0881325362 -0.0164603207 -0.330484895
v -0.0795689274 -0.0163724204 -0.328469873
v -0.0742662354 -0.0131287011 -0.327222064
v -0.0911746573 0.00686005957 -0.356778606
v -0.0878621468 0.0116429923 -0.356709812
v -0.0896564631 -2.57968808e-05 -0.361439241
v -0.0658153688 0.00655049687 -0.360956744
v -0.0691766052 0.0133952688 -0.361021715
v -0.0747439546 0.0167268885 -0.361133498
v -0.0837403788 0.016823388 -0.361314079
v -0.0897634723 -2.67523211e-05 -0.35675185
v -0.0659223771 0.0065495412 -0.356269356
v -0.0692836153 0.0133943141 -0.356335282
v -0.091067648 0.00686197047 -0.361465039
v -0.0877551372 0.011643948 -0.361397203
v -0.083847388 0.0168224323 -0.356627645
v -0.090270811 -0.0054249884 -0.361452617
v -0.0903778202 -0.00542594407 -0.356766184
v -0.0658191897 -0.00661642207 -0.360960567
v -0.0659261997 -0.00661737774 -0.356274133
v -0.0691861601 -0.0134583279 -0.361030311
v -0.0747554209 -0.0167861257 -0.361144009
v -0.0837518433 -0.0168759373 -0.361325543
v -0.0877627808 -0.0116936303 -0.361404844
v -0.0748509647 0.0167259328 -0.356446111
v -0.0878697904 -0.0116955417 -0.356717457
v -0.0838588534 -0.0168778487 -0.356638156
v -0.0748624292 -0.0167880371 -0.356457575
v -0.0692931702 -0.0134592836 -0.356343881
v -0.0937247268 0.0064301114 -0.407859295
v -0.0909033123 0.0109025262 -0.409237995
v -0.0953843261 -7.6435202e-06 -0.414105006
v -0.0750774033 0.00614539033 -0.424042538
v -0.0779408577 0.0125449274 -0.422638041
v -0.0826817512 0.0156606173 -0.420315366
v -0.0903443799 0.0157494732 -0.416564309
v -0.0925237386 -1.05098404e-05 -0.408450712
v -0.0722168167 0.00614252377 -0.418388244
v -0.0750802703 0.012543017 -0.416983747
v -0.096585314 0.00643297752 -0.413513589
v -0.0937638997 0.0109053923 -0.414892289
v -0.0874837924 0.015746608 -0.410910015
v -0.0959069517 -0.00505714409 -0.413850859
v -0.0930473198 -0.0050600102 -0.408196565
v -0.0750821816 -0.00616832062 -0.42404636
v -0.0722215933 -0.00617118719 -0.418392066
v -0.0779494561 -0.0125669025 -0.422645684
v -0.0826941713 -0.0156797271 -0.42032492
v -0.0903558452 -0.0157647604 -0.416573863
v -0.0937724987 -0.0109197238 -0.414899932
v -0.0798211638 0.015657752 -0.414661072
v -0.0909119112 -0.0109216351 -0.409245638
v -0.0874952578 -0.0157676274 -0.410919569
v -0.0798335839 -0.0156825923 -0.414670627
v -0.0750888695 -0.0125697686 -0.41699139
v -0.089777804 0.0071810872 -0.383582519
v -0.0863678384 0.0121818601 -0.384239861
v -0.0891500798 -1.81533597e-05 -0.388685523
v -0.0646057809 0.00685910391 -0.393429285
v -0.0680663839 0.0140153499 -0.392756653
v -0.0737980693 0.0174988845 -0.391647388
v -0.08305915 0.0175992049 -0.389856893
v -0.088325535 -2.00642404e-05 -0.38386533
v -0.0637812355 0.00685719301 -0.388609089
v -0.0672418402 0.0140134386 -0.387937415
v -0.0906023487 0.00718299809 -0.388401759
v -0.0871923834 0.0121837715 -0.389060057
v -0.0822346045 0.0175972936 -0.385036698
v -0.0897825812 -0.00566384845 -0.388566095
v -0.0889580365 -0.00566480412 -0.383745899
v -0.0646115132 -0.00690878672 -0.393433106
v -0.0637869695 -0.00690974239 -0.38861291
v -0.0680768945 -0.0140621662 -0.392766208
v -0.0738104895 -0.0175428347 -0.391658854
v -0.0830725258 -0.0176364672 -0.389867404
v -0.0872009822 -0.0122181667 -0.3890677
v -0.0729735239 0.0174969732 -0.386827194
v -0.0863764376 -0.012220078 -0.384247505
v -0.0822470255 -0.0176383785 -0.385048164
v -0.0729859458 -0.017544746 -0.386838659
v -0.067252349 -0.0140640775 -0.387946013
v -0.105728875 0.00756421868 -0.310824807
v -0.102372414 0.0128420695 -0.309336233
v -0.10308995 -3.63067194e-05 -0.312481536
v -0.0789259165 0.00721930465 -0.301772966
v -0.0823330154 0.0147739693 -0.303281608
v -0.087975844 0.0184524134 -0.305781035
v -0.0970926527 0.0185594217 -0.309821592
v -0.104299537 -3.72621598e-05 -0.310192307
v -0.0801355035 0.00721930465 -0.29948373
v -0.0835426023 0.0147739693 -0.300991417
v -0.104519288 0.00756517434 -0.313114037
v -0.101161872 0.0128430252 -0.311625463
v -0.0983031953 0.0185584678 -0.307531402
v -0.103711941 -0.00599538622 -0.312758613
v -0.104921528 -0.00599634144 -0.310469383
v -0.0789306931 -0.00731293804 -0.301777743
v -0.08014028 -0.00731293804 -0.299488506
v -0.0823425694 -0.0148647357 -0.303291161
v -0.0879873093 -0.0185374466 -0.305792503
v -0.0971050733 -0.0186358575 -0.30983306
v -0.101170471 -0.0129156383 -0.311634062
v -0.0891854311 0.0184524134 -0.303491805
v -0.102380058 -0.0129156383 -0.309344832
v -0.0983146607 -0.0186358575 -0.307543824
v -0.0891968965 -0.0185374466 -0.303503266
v -0.0835521563 -0.0148647357 -0.30100097
v -0.105688747 0.00651992256 0.0124769907
v -0.103646016 0.0111471189 0.0115721904
v -0.105002741 -0.00014140513 0.00851097191
v -0.0923851998 0.00622564702 0.00347483076
v -0.0944565939 0.012846847 0.00439779775
v -0.0978866234 0.0160685904 0.00592268363
v -0.101354871 0.0161593576 0.00689912542
v -0.104819297 -0.000142360564 0.0120881168
v -0.0914479131 0.00622469179 0.00708830888
v -0.0935193071 0.0128449356 0.00801127586
v -0.105872191 0.00652087823 0.00889981739
v -0.10382946 0.0111480746 0.00799501702
v -0.101171426 0.016158402 0.0104762988
v -0.105382051 -0.00536479589 0.00867623693
v -0.105198606 -0.00536575112 0.0122534103
v -0.092389977 -0.00651227943 0.0034710152
v -0.0914526903 -0.00651419032 0.00708449332
v -0.0944651927 -0.0131325228 0.0043891985
v -0.0978980888 -0.0163533123 0.00591217661
v -0.101366336 -0.0164421683 0.00688861839
v -0.10383806 -0.0114299287 0.00798832555
v -0.0969502922 0.0160676347 0.00953613328
v -0.10365366 -0.0114308843 0.0115654989
v -0.101182891 -0.0164431222 0.0104657917
v -0.0969608019 -0.0163542662 0.00952562625
v -0.0935279061 -0.0131334785 0.00800361627
v -0.11925695 -0.000122296323 -0.0185958231
v -0.119722249 -0.00534568695 -0.0184458203
v -0.117821879 -0.0114108206 -0.0190697214
v -0.11478167 -0.0164230584 -0.0200652979
v -0.107963649 -0.0163342025 -0.0222943255
v -0.119899005 -0.00012134089 -0.0214468725
v -0.120326088 0.00653998718 -0.018244222
v -0.120968144 0.0065409424 -0.0210943033
v -0.12036526 -0.00534473172 -0.0212968697
v -0.101186713 0.00624380074 -0.0244994917
v -0.101190535 -0.00649412571 -0.0245042754
v -0.103733916 0.0128650003 -0.023664425
v -0.107953139 0.0160876984 -0.0222838185
v -0.114772115 0.0161784657 -0.0200547909
v -0.117815192 0.0111671826 -0.0190630299
v -0.11846489 -0.0114089093 -0.0219198027
v -0.115424681 -0.0164221028 -0.0229163188
v -0.108605705 -0.0163332468 -0.0251444068
v -0.104384571 -0.0131134148 -0.0265231055
v -0.10374156 -0.0131143696 -0.0236730242
v -0.11541417 0.0161794214 -0.0229058118
v -0.108596151 0.0160886541 -0.0251338998
v -0.104376927 0.012865955 -0.0265145062
v -0.101828769 0.00624475596 -0.0273505126
v -0.101832591 -0.00649317048 -0.0273543567
v -0.118457247 0.0111681383 -0.0219131112
v -0.110259572 0.00653138793 -0.00165684177
v -0.108231173 0.0111585843 -0.00256448957
v -0.110392378 -0.000129939846 -0.00560184653
v -0.0958018534 0.00623711238 -0.0121475544
v -0.0978579604 0.0128583115 -0.01122174
v -0.101265059 0.0160800549 -0.00969113073
v -0.106770304 0.0161708221 -0.00722035602
v -0.109395855 -0.000130895279 -0.00204759503
v -0.0948406806 0.00623615716 -0.00787005485
v -0.0968977428 0.012856401 -0.00694424043
v -0.11125514 0.0065323436 -0.00521203293
v -0.109227696 0.01115954 -0.00611968073
v -0.105773781 0.0161698665 -0.00366516486
v -0.110768821 -0.00535333052 -0.00543558491
v -0.109772298 -0.00535428575 -0.00188039375
v -0.0958056752 -0.00650081406 -0.0121523381
v -0.0948454578 -0.00650176928 -0.00787483854
v -0.0978665592 -0.0131210575 -0.0112303392
v -0.101274614 -0.0163418461 -0.00970163776
v -0.106779859 -0.016430702 -0.00723086305
v -0.109234384 -0.0114184642 -0.00612734033
v -0.100303887 0.016079101 -0.0054136312
v -0.108238816 -0.011419419 -0.00257214917
v -0.105784291 -0.0164316577 -0.00367567189
v -0.100314397 -0.0163428018 -0.00542413823
v -0.0969053864 -0.0131220131 -0.00695283968
v -0.102718283 0.00651323465 0.0282178576
v -0.100832245 0.011140431 0.027418156
v -0.102662868 -0.000148093206 0.0240492724
v -0.0890937089 0.00621895911 0.0182812839
v -0.0910064998 0.0128401582 0.019098184
v -0.0941747389 0.0160619025 0.0204463297
v -0.0992939868 0.0161526697 0.02262473
v -0.101915714 -0.000150004086 0.0278739161
v -0.0883465548 0.00621800388 0.0221059277
v -0.0902583902 0.0128382477 0.0229218597
v -0.103465438 0.00651419032 0.0243941819
v -0.101580355 0.0111413858 0.0235944803
v -0.0985468324 0.0161517141 0.0264483772
v -0.103013515 -0.0053714838 0.0241964277
v -0.102265405 -0.0053733947 0.0280201033
v -0.0890975306 -0.00651896734 0.0182774684
v -0.0883494212 -0.00651992256 0.022101144
v -0.0910141433 -0.0131392116 0.0190895848
v -0.0941842934 -0.0163600002 0.0204367624
v -0.0993044965 -0.0164488562 0.022614223
v -0.101587043 -0.0114366174 0.0235868492
v -0.0934266294 0.0160609468 0.024270945
v -0.100838933 -0.0114375722 0.0274105248
v -0.0985563869 -0.0164498101 0.0264378701
v -0.0934371393 -0.0163609541 0.024260438
v -0.0902660338 -0.0131401664 0.0229132604
v -0.100730013 0.00651227943 0.0432698734
v -0.098788559 0.0111394753 0.0426344971
v -0.100348793 -0.000149048639 0.0391194263
v -0.0863793038 0.00621800388 0.0345371375
v -0.0883484657 0.0128382477 0.0351868364
v -0.0916103379 0.0160609468 0.0362578983
v -0.0968815004 0.0161517141 0.0379881981
v -0.0999035573 -0.000150004086 0.0429956656
v -0.0859340689 0.00621704821 0.0384143164
v -0.0879032304 0.0128372921 0.0390640153
v -0.101175248 0.00651323465 0.0393926945
v -0.0992347491 0.011140431 0.0387573182
v -0.0964362655 0.0161507584 0.0418644088
v -0.100708993 -0.00537243947 0.0392350321
v -0.100263759 -0.0053733947 0.043112211
v -0.0863831255 -0.00651992256 0.034533322
v -0.0859378907 -0.00652087823 0.0384105009
v -0.0883561091 -0.0131401664 0.0351782371
v -0.0916198923 -0.0163609541 0.0362473913
v -0.0968910549 -0.0164498101 0.037977691
v -0.0992404818 -0.0114375722 0.0387506268
v -0.0911651029 0.0160599911 0.0401350772
v -0.0987952469 -0.0114385279 0.0426278057
v -0.0964448643 -0.0164507657 0.0418539018
v -0.0911737018 -0.0163619098 0.0401245702
v -0.087910874 -0.0131411221 0.039055416
v -0.0963149244 0.0161517141 0.051174234
v -0.0908335652 0.0160609468 0.0505006452
v -0.0874417532 0.0128382477 0.0500830976
v -0.0853942449 0.00621704821 0.0498289642
v -0.0999188445 -0.000150004086 0.0516108594
v -0.0990092653 0.0111394753 0.0553724325
v -0.101027154 0.00651227943 0.0556189348
v -0.0965633389 0.0161507584 0.0550733666
v -0.091082935 0.0160599911 0.0544007459
v -0.0987608512 0.011140431 0.0514723317
v -0.0876911229 0.0128372921 0.0539832268
v -0.0856426595 0.00621609299 0.0537290649
v -0.0853971115 -0.00652087823 0.0498251486
v -0.085645526 -0.00652183345 0.0537252493
v -0.0987656283 -0.0114375722 0.0514656403
v -0.0963216128 -0.0164498101 0.0511637269
v -0.0908412087 -0.0163619098 0.0504901381
v -0.0874474858 -0.0131401664 0.0500744983
v -0.100778741 0.00651323465 0.051718834
v -0.100167259 -0.00015095952 0.0555109601
v -0.100541792 -0.00537435037 0.0555549245
v -0.100293377 -0.0053733947 0.0516547952
v -0.0876968556 -0.0131411221 0.0539746275
v -0.0910896231 -0.0163628655 0.0543902389
v -0.0965700273 -0.0164507657 0.0550638277
v -0.0990140428 -0.0114385279 0.055365741
v -0.119217777 -2.00642404e-05 -0.179947674
v -0.119860789 -0.00660304581 -0.179789072
v -0.130800578 -2.86632018e-06 -0.181415227
v -0.119158541 -0.00792155285 -0.176543439
v -0.118664577 -2.10196808e-05 -0.178658783
v -0.119860789 0.00660304581 -0.179789072
v -0.119158541 0.00792155285 -0.176543439
v -0.123408339 -0.0134545061 -0.179794809
v -0.129037789 -0.0167870814 -0.180320303
v -0.141073469 -0.00397080873 -0.183365277
v -0.141212961 -1.91088005e-06 -0.183157955
v -0.141406917 -0.0116878981 -0.183208597
v -0.137880389 -0.016876893 -0.181701864
v -0.123408339 0.0134545061 -0.179794809
v -0.129037789 0.0167870814 -0.180320303
v -0.141073469 0.00397080873 -0.183365277
v -0.141406917 0.0116878981 -0.183208597
v -0.137880389 0.016876893 -0.181701864
v -0.119678299 -2.19751211e-05 -0.175159003
v -0.120836293 -0.0084804853 -0.174923022
v -0.12361949 -0.0142933831 -0.176407773
v -0.120836293 0.0084804853 -0.174923022
v -0.12361949 0.0142933831 -0.176407773
v -0.130430821 -0.0173613001 -0.176614141
v -0.144633437 -0.00408641719 -0.181109484
v -0.144590444 -1.91088005e-06 -0.181205029
v -0.144633437 0.00408641719 -0.181109484
v -0.139478839 -0.017484553 -0.177696664
v -0.143939788 -0.0131258349 -0.183030874
v -0.145569769 -0.00776677172 -0.18008717
v -0.130430821 0.0173613001 -0.176614141
v -0.143939788 0.0131258349 -0.183030874
v -0.139478839 0.017484553 -0.177696664
v -0.145569769 0.00776677172 -0.18008717
v -0.120425453 -2.38860001e-05 -0.167667406
v -0.121507011 -0.00818525453 -0.16860948
v -0.125476864 -0.0139370037 -0.174370777
v -0.121507011 0.00818525453 -0.16860948
v -0.125476864 0.0139370037 -0.174370777
v -0.130934339 -0.015794379 -0.173369477
v -0.145151285 -0.00523963296 -0.175514434
v -0.14473567 -3.8217601e-06 -0.175454239
v -0.145151285 0.00523963296 -0.175514434
v -0.139750185 -0.0165482209 -0.174842753
v -0.144034376 -0.0156472415 -0.176457447
v -0.146771713 -0.00801423057 -0.175222074
v -0.130934339 0.015794379 -0.173369477
v -0.144034376 0.0156472415 -0.176457447
v -0.139750185 0.0165482209 -0.174842753
v -0.146771713 0.00801423057 -0.175222074
v -0.120335641 -2.48414404e-05 -0.16466829
v -0.12082005 -0.00905375012 -0.1650132
v -0.126496319 -0.0144720497 -0.16862571
v -0.12082005 0.00905375012 -0.1650132
v -0.126496319 0.0144720497 -0.16862571
v -0.130657259 -0.0158669921 -0.16887412
v -0.147090828 -0.00541447871 -0.167941614
v -0.14880011 -0.00837920922 -0.167753399
v -0.146486037 -5.73264036e-06 -0.167810718
v -0.147090828 0.00541447871 -0.167941614
v -0.14880011 0.00837920922 -0.167753399
v -0.139237113 -0.0166676512 -0.169292607
v -0.143347415 -0.0169915449 -0.16888178
v -0.149142158 -0.0140965623 -0.177209383
v -0.147006751 -0.0172819991 -0.174889579
v -0.14883833 -0.0206652124 -0.169459809
v -0.153989109 -0.00307556151 -0.174494028
v -0.130657259 0.0158669921 -0.16887412
v -0.143347415 0.0169915449 -0.16888178
v -0.139237113 0.0166676512 -0.169292607
v -0.147006751 0.0172819991 -0.174889579
v -0.149142158 0.0140965623 -0.177209383
v -0.14883833 0.0206652124 -0.169459809
v -0.153989109 0.00307556151 -0.174494028
v -0.120855401 -2.57968808e-05 -0.161367233
v -0.121539497 -0.00921999661 -0.161605136
v -0.125188323 -0.015319525 -0.165671498
v -0.121539497 0.00921999661 -0.161605136
v -0.125188323 0.015319525 -0.165671498
v -0.130326679 -0.0175437903 -0.166488398
v -0.148181943 -0.00690305404 -0.162568223
v -0.148669217 -0.00899737895 -0.163905833
v -0.1466991 -7.6435202e-06 -0.163141497
v -0.148181943 0.00690305404 -0.162568223
v -0.148669217 0.00899737895 -0.163905833
v -0.137753315 -0.0183893534 -0.165938046
v -0.144583756 -0.0164201914 -0.165684853
v -0.150014477 -0.0164584093 -0.165189001
v -0.157014984 -0.0190763162 -0.172027083
v -0.155110791 -0.014176819 -0.175009954
v -0.152130774 -0.0204053325 -0.179315173
v -0.150575318 -0.00868877147 -0.179352432
v -0.152436517 -0.019624739 -0.172407343
v -0.153211375 -0.0178409324 -0.177791242
v -0.154002485 -2.86632018e-06 -0.178627262
v -0.152425049 -0.00421922325 -0.185771088
v -0.16130682 -3.8217601e-06 -0.174337334
v -0.156422611 -0.00636705233 -0.170231805
v -0.130326679 0.0175437903 -0.166488398
v -0.144583756 0.0164201914 -0.165684853
v -0.137753315 0.0183893534 -0.165938046
v -0.150014477 0.0164584093 -0.165189001
v -0.155110791 0.014176819 -0.175009954
v -0.157014984 0.0190763162 -0.172027083
v -0.152130774 0.0204053325 -0.179315173
v -0.150575318 0.00868877147 -0.179352432
v -0.153211375 0.0178409324 -0.177791242
v -0.152436517 0.019624739 -0.172407343
v -0.152425049 0.00421922325 -0.185771088
v -0.156422611 0.00636705233 -0.170231805
v -0.133777729 -7.6435202e-06 -0.162253895
v -0.125764451 -0.0155306782 -0.162093357
v -0.131665251 -0.0183912647 -0.16241916
v -0.125764451 0.0155306782 -0.162093357
v -0.131665251 0.0183912647 -0.16241916
v -0.139238067 -0.0185040071 -0.163344035
v -0.156310828 -0.0131984489 -0.163345943
v -0.149928488 -0.011634393 -0.163816025
v -0.155859858 -0.00830181865 -0.165319897
v -0.146536675 -0.0141214035 -0.162804218
v -0.149928488 0.011634393 -0.163816025
v -0.156310828 0.0131984489 -0.163345943
v -0.155859858 0.00830181865 -0.165319897
v -0.146536675 0.0141214035 -0.162804218
v -0.15487958 -0.0175170369 -0.168566483
v -0.154352171 -0.0151733432 -0.166177886
v -0.167191375 -0.0286947302 -0.165111607
v -0.161568613 -0.0173985623 -0.171391707
v -0.157468822 -0.0175495226 -0.167676006
v -0.160347562 -0.0104286279 -0.18158052
v -0.156828676 -0.0127665894 -0.180026975
v -0.16679487 -0.0208935623 -0.172388237
v -0.159875572 -0.0104592022 -0.173196538
v -0.150824689 -0.00989740364 -0.180922222
v -0.159832576 -0.0140621662 -0.184538562
v -0.155689788 -0.0217066415 -0.17251435
v -0.156832499 -0.0197948073 -0.174279047
v -0.158367884 -0.0200737952 -0.169157895
v -0.155145188 -1.91088005e-06 -0.18224551
v -0.152098292 -0.00552913149 -0.186497211
v -0.165755351 -3.8217601e-06 -0.182450924
v -0.161867665 -0.00408928331 -0.177045997
v -0.158522671 -0.00684763854 -0.17747213
v -0.158899116 -0.00858176227 -0.174290522
v -0.161867665 0.00408928331 -0.177045997
v -0.158522671 0.00684763854 -0.17747213
v -0.158899116 0.00858176227 -0.174290522
v -0.157379007 -0.00936426805 -0.169948998
v -0.139238067 0.0185040071 -0.163344035
v -0.15487958 0.0175170369 -0.168566483
v -0.154352171 0.0151733432 -0.166177886
v -0.156828676 0.0127665894 -0.180026975
v -0.160347562 0.0104286279 -0.18158052
v -0.161568613 0.0173985623 -0.171391707
v -0.16679487 0.0208935623 -0.172388237
v -0.159875572 0.0104592022 -0.173196538
v -0.167191375 0.0286947302 -0.165111607
v -0.157468822 0.0175495226 -0.167676006
v -0.150824689 0.00989740364 -0.180922222
v -0.159832576 0.0140621662 -0.184538562
v -0.156832499 0.0197948073 -0.174279047
v -0.155689788 0.0217066415 -0.17251435
v -0.158367884 0.0200737952 -0.169157895
v -0.152098292 0.00552913149 -0.186497211
v -0.157379007 0.00936426805 -0.169948998
v -0.171567289 -0.024051291 -0.167925384
v -0.160836744 -0.0114853441 -0.168974435
v -0.171567289 0.024051291 -0.167925384
v -0.160836744 0.0114853441 -0.168974435
v -0.169907691 -0.031794179 -0.168841631
v -0.171191805 -0.0247057681 -0.170679905
v -0.162100791 -0.00846519903 -0.183863065
v -0.161842821 -0.00801040878 -0.187177492
v -0.159177146 -0.0138615236 -0.189355892
v -0.16041731 -0.00730051744 -0.180051819
v -0.152869327 -0.0109875603 -0.188250447
v -0.154392305 -0.00439693512 -0.18442391
v -0.156847782 -9.55440025e-07 -0.18628989
v -0.154392305 0.00439693512 -0.18442391
v -0.164681434 -0.00345391575 -0.180484629
v -0.168890147 1.33761606e-05 -0.186967294
v -0.164007852 -0.00335932713 -0.183727399
v -0.164681434 0.00345391575 -0.180484629
v -0.164007852 0.00335932713 -0.183727399
v -0.16041731 0.00730051744 -0.180051819
v -0.161842821 0.00801040878 -0.187177492
v -0.162100791 0.00846519903 -0.183863065
v -0.159177146 0.0138615236 -0.189355892
v -0.169907691 0.031794179 -0.168841631
v -0.171191805 0.0247057681 -0.170679905
v -0.152869327 0.0109875603 -0.188250447
v -0.163774726 -0.00350455401 -0.186876532
v -0.162775334 -0.00410934748 -0.188333578
v -0.158389867 -0.00630112713 -0.188838997
v -0.162197291 0 -0.191909783
v -0.158389867 0.00630112713 -0.188838997
v -0.162775334 0.00410934748 -0.188333578
v -0.173789647 1.71979211e-05 -0.19312511
v -0.163774726 0.00350455401 -0.186876532
v -0.167250616 -0.00381316104 -0.192614893
v -0.164368053 -0.00382749253 -0.193997422
v -0.166984046 -0.00297237387 -0.199099467
v -0.168427716 2.86632018e-06 -0.199723368
v -0.166984046 0.00297237387 -0.199099467
v -0.164368053 0.00382749253 -0.193997422
v -0.174638075 -0.00385520072 -0.195789824
v -0.175232363 1.81533597e-05 -0.19690196
v -0.167250616 0.00381316104 -0.192614893
v -0.174638075 0.00385520072 -0.195789824
v -0.172839935 -0.00448961284 -0.198205173
v -0.171839589 1.71979211e-05 -0.199465404
v -0.172839935 0.00448961284 -0.198205173
v -0.114786446 -2.00642404e-05 -0.200182943
v -0.115513537 -0.00671578814 -0.200082614
v -0.127574055 -2.86632018e-06 -0.202773139
v -0.11497658 -0.00805627025 -0.196723298
v -0.114267642 -2.19751211e-05 -0.198822397
v -0.115513537 0.00671578814 -0.200082614
v -0.11497658 0.00805627025 -0.196723298
v -0.119465236 -0.0136828569 -0.20042657
v -0.125694706 -0.0170727573 -0.201494756
v -0.138868313 -0.00403864482 -0.205729273
v -0.13903838 -1.91088005e-06 -0.205532445
v -0.139251443 -0.0118866293 -0.205602192
v -0.135437327 -0.0171644802 -0.203738135
v -0.119465236 0.0136828569 -0.20042657
v -0.125694706 0.0170727573 -0.201494756
v -0.138868313 0.00403864482 -0.205729273
v -0.139251443 0.0118866293 -0.205602192
v -0.135437327 0.0171644802 -0.203738135
v -0.115659718 -2.19751211e-05 -0.195368475
v -0.116967717 -0.00862475673 -0.195239486
v -0.119954422 -0.0145370201 -0.197010874
v -0.116967717 0.00862475673 -0.195239486
v -0.119954422 0.0145370201 -0.197010874
v -0.127525328 -0.0176565309 -0.197867909
v -0.141028561 -0.00415616418 -0.202854348
v -0.142948041 -1.91088005e-06 -0.203872847
v -0.141028561 0.00415616418 -0.202854348
v -0.137520185 -0.0177816952 -0.199827513
v -0.142084325 -0.0133494083 -0.205662387
v -0.142011709 -0.00789862301 -0.201846357
v -0.127525328 0.0176565309 -0.197867909
v -0.142084325 0.0133494083 -0.205662387
v -0.137520185 0.0177816952 -0.199827513
v -0.142011709 0.00789862301 -0.201846357
v -0.116837776 -2.38860001e-05 -0.188368929
v -0.117907868 -0.00832474939 -0.189362583
v -0.122176774 -0.0141739528 -0.195121019
v -0.117907868 0.00832474939 -0.189362583
v -0.122176774 0.0141739528 -0.195121019
v -0.12832981 -0.0160628581 -0.194625138
v -0.141726033 -0.00532848889 -0.197182859
v -0.141305641 -3.8217601e-06 -0.197108328
v -0.141726033 0.00532848889 -0.197182859
v -0.13625805 -0.0168300759 -0.196318179
v -0.140562308 -0.0159138092 -0.198104858
v -0.143382766 -0.00814990364 -0.196941127
v -0.12832981 0.0160628581 -0.194625138
v -0.140562308 0.0159138092 -0.198104858
v -0.13625805 0.0168300759 -0.196318179
v -0.143382766 0.00814990364 -0.196941127
v -0.116838732 -2.48414404e-05 -0.185317249
v -0.117320274 -0.00920757558 -0.185683187
v -0.12297839 -0.0147185538 -0.189547937
v -0.117320274 0.00920757558 -0.185683187
v -0.12297839 0.0147185538 -0.189547937
v -0.127199525 -0.0161364269 -0.189941581
v -0.143930234 -0.00550620076 -0.189549845
v -0.145673914 -0.00852156931 -0.189417041
v -0.143319709 -6.68808028e-06 -0.18939698
v -0.143930234 0.00550620076 -0.189549845
v -0.145673914 0.00852156931 -0.189417041
v -0.135906449 -0.0169514175 -0.190658151
v -0.140097009 -0.0172800878 -0.190379174
v -0.145731239 -0.0143363775 -0.199041194
v -0.143632137 -0.0175762742 -0.196610554
v -0.14565958 -0.0210168135 -0.191153078
v -0.151333938 -0.00312811066 -0.193681171
v -0.127199525 0.0161364269 -0.189941581
v -0.140097009 0.0172800878 -0.190379174
v -0.135906449 0.0169514175 -0.190658151
v -0.143632137 0.0175762742 -0.196610554
v -0.145731239 0.0143363775 -0.199041194
v -0.14565958 0.0210168135 -0.191153078
v -0.151333938 0.00312811066 -0.193681171
v -0.117469323 -2.57968808e-05 -0.181977979
v -0.118156284 -0.00937668819 -0.182243602
v -0.121740138 -0.0155803606 -0.186500087
v -0.118156284 0.00937668819 -0.182243602
v -0.121740138 0.0155803606 -0.186500087
v -0.126936778 -0.0178418863 -0.187505203
v -0.145204792 -0.00701961772 -0.184123904
v -0.145658626 -0.00915024874 -0.185500695
v -0.143679909 -7.6435202e-06 -0.184657044
v -0.145204792 0.00701961772 -0.184123904
v -0.145658626 0.00915024874 -0.185500695
v -0.134502906 -0.0187017827 -0.187197552
v -0.141451821 -0.0166991811 -0.1871708
v -0.146986687 -0.0167383547 -0.186850735
v -0.154426695 -0.01940021 -0.191194166
v -0.152470914 -0.0144185456 -0.194213357
v -0.149411593 -0.020752157 -0.198570157
v -0.147121403 -0.00883590902 -0.201269268
v -0.149768928 -0.0199591415 -0.191547675
v -0.150520861 -0.0181447607 -0.197029027
v -0.151319608 -2.86632018e-06 -0.197884154
v -0.149464142 -0.00429088113 -0.20930834
v -0.158837006 -3.8217601e-06 -0.192329224
v -0.153836237 -0.0064750172 -0.189363537
v -0.126936778 0.0178418863 -0.187505203
v -0.141451821 0.0166991811 -0.1871708
v -0.134502906 0.0187017827 -0.187197552
v -0.146986687 0.0167383547 -0.186850735
v -0.152470914 0.0144185456 -0.194213357
v -0.154426695 0.01940021 -0.191194166
v -0.149411593 0.020752157 -0.198570157
v -0.147121403 0.00883590902 -0.201269268
v -0.150520861 0.0181447607 -0.197029027
v -0.149768928 0.0199591415 -0.191547675
v -0.149464142 0.00429088113 -0.20930834
v -0.153836237 0.0064750172 -0.189363537
v -0.130574139 -7.6435202e-06 -0.183317511
v -0.122435698 -0.0157953347 -0.182882794
v -0.128422487 -0.018703694 -0.183414011
v -0.122435698 0.0157953347 -0.182882794
v -0.128422487 0.018703694 -0.183414011
v -0.136090849 -0.0188183459 -0.184610218
v -0.153768397 -0.013422977 -0.182360162
v -0.146941779 -0.0118331243 -0.185451961
v -0.153296414 -0.00844322307 -0.184364669
v -0.143526084 -0.0143621744 -0.184308304
v -0.146941779 0.0118331243 -0.185451961
v -0.153768397 0.013422977 -0.182360162
v -0.153296414 0.00844322307 -0.184364669
v -0.143526084 0.0143621744 -0.184308304
v -0.152277915 -0.0178151347 -0.187659035
v -0.151757198 -0.0154313117 -0.185225519
v -0.16069821 -0.0240121192 -0.182931513
v -0.160566352 -0.0176947488 -0.18940558
v -0.154917792 -0.0178476204 -0.186772387
v -0.157752583 -0.0106063397 -0.200933911
v -0.154184016 -0.0129834748 -0.19932877
v -0.165874779 -0.0212489861 -0.190457521
v -0.157389521 -0.0106369141 -0.191158801
v -0.148072068 -0.0100655606 -0.200195358
v -0.157208936 -0.0143010267 -0.203938779
v -0.153076663 -0.0220754411 -0.191679526
v -0.154227012 -0.0201320768 -0.193482435
v -0.155821639 -0.0204158431 -0.188285798
v -0.152253072 -1.91088005e-06 -0.205742642
v -0.149127829 -0.00562276444 -0.210044985
v -0.163246363 -3.8217601e-06 -0.201858786
v -0.159329064 -0.0041590303 -0.196334424
v -0.155923876 -0.00696420222 -0.196742404
v -0.156389175 -0.00872794504 -0.192263292
v -0.159329064 0.0041590303 -0.196334424
v -0.155923876 0.00696420222 -0.196742404
v -0.156389175 0.00872794504 -0.192263292
v -0.154810786 -0.00952287096 -0.189082638
v -0.136090849 0.0188183459 -0.184610218
v -0.152277915 0.0178151347 -0.187659035
v -0.151757198 0.0154313117 -0.185225519
v -0.154184016 0.0129834748 -0.19932877
v -0.157752583 0.0106063397 -0.200933911
v -0.160566352 0.0176947488 -0.18940558
v -0.165874779 0.0212489861 -0.190457521
v -0.157389521 0.0106369141 -0.191158801
v -0.16069821 0.0240121192 -0.182931513
v -0.154917792 0.0178476204 -0.186772387
v -0.148072068 0.0100655606 -0.200195358
v -0.157208936 0.0143010267 -0.203938779
v -0.154227012 0.0201320768 -0.193482435
v -0.153076663 0.0220754411 -0.191679526
v -0.155821639 0.0204158431 -0.188285798
v -0.149127829 0.00562276444 -0.210044985
v -0.154810786 0.00952287096 -0.189082638
v -0.165129535 -0.0201273003 -0.185825545
v -0.158394643 -0.0116812102 -0.186871749
v -0.165129535 0.0201273003 -0.185825545
v -0.158394643 0.0116812102 -0.186871749
v -0.163436501 -0.0266061379 -0.186745636
v -0.164730161 -0.0206747673 -0.188624984
v -0.159520148 -0.00860947046 -0.203268052
v -0.159235426 -0.00814608186 -0.206636935
v -0.156511465 -0.0140975179 -0.208833488
v -0.157833799 -0.00742472426 -0.199379412
v -0.149899825 -0.0111748262 -0.211833572
v -0.151473434 -0.00447145912 -0.207953532
v -0.154162995 -9.55440025e-07 -0.205698692
v -0.151473434 0.00447145912 -0.207953532
v -0.16216767 -0.00351219759 -0.199851403
v -0.166405049 1.33761606e-05 -0.206475472
v -0.161460645 -0.00341665353 -0.203144801
v -0.16216767 0.00351219759 -0.199851403
v -0.161460645 0.00341665353 -0.203144801
v -0.157833799 0.00742472426 -0.199379412
v -0.159235426 0.00814608186 -0.206636935
v -0.159520148 0.00860947046 -0.203268052
v -0.156511465 0.0140975179 -0.208833488
v -0.163436501 0.0266061379 -0.186745636
v -0.164730161 0.0206747673 -0.188624984
v -0.149899825 0.0111748262 -0.211833572
v -0.161202675 -0.00356474674 -0.206345529
v -0.160176538 -0.00417909447 -0.207820727
v -0.155713678 -0.00640909156 -0.208302271
v -0.159565052 0 -0.211452358
v -0.155713678 0.00640909156 -0.208302271
v -0.160176538 0.00417909447 -0.207820727
v -0.171346585 1.71979211e-05 -0.212773723
v -0.161202675 0.00356474674 -0.206345529
v -0.164699586 -0.00387813101 -0.212207155
v -0.161758743 -0.0038924625 -0.213591592
v -0.164385251 -0.00302301235 -0.218799689
v -0.165849942 2.86632018e-06 -0.219444604
v -0.164385251 0.00302301235 -0.218799689
v -0.161758743 0.0038924625 -0.213591592
v -0.172191197 -0.00392112592 -0.215489093
v -0.172788347 1.81533597e-05 -0.216625105
v -0.164699586 0.00387813101 -0.212207155
v -0.172191197 0.00392112592 -0.215489093
v -0.170347192 -0.00456604773 -0.217932148
v -0.169321056 1.71979211e-05 -0.219207655
v -0.170347192 0.00456604773 -0.217932148
v -0.107993268 -2.10196808e-05 -0.223935177
v -0.108739466 -0.006816109 -0.223908426
v -0.120438831 -2.86632018e-06 -0.228629256
v -0.108719403 -0.00817761095 -0.219863092
v -0.107681794 -2.19751211e-05 -0.222257427
v -0.108739466 0.006816109 -0.223908426
v -0.108719403 0.00817761095 -0.219863092
v -0.11265486 -0.0138882761 -0.224818964
v -0.118747701 -0.0173288162 -0.226876974
v -0.131327025 -0.00409883778 -0.233566008
v -0.131528624 -2.86632018e-06 -0.23335581
v -0.131731176 -0.0120652969 -0.233464739
v -0.128188403 -0.0174214931 -0.23077326
v -0.11265486 0.0138882761 -0.224818964
v -0.118747701 0.0173288162 -0.226876974
v -0.131327025 0.00409883778 -0.233566008
v -0.131731176 0.0120652969 -0.233464739
v -0.128188403 0.0174214931 -0.23077326
v -0.10961465 -2.29305615e-05 -0.218345851
v -0.110948444 -0.00875469667 -0.218359234
v -0.113675269 -0.0147548603 -0.220836686
v -0.110948444 0.00875469667 -0.218359234
v -0.113675269 0.0147548603 -0.220836686
v -0.121147767 -0.0179221448 -0.222815396
v -0.133941108 -0.00421826758 -0.230436949
v -0.135712492 -1.91088005e-06 -0.231887304
v -0.133941108 0.00421826758 -0.230436949
v -0.130884655 -0.0180492168 -0.226406906
v -0.134567878 -0.0135500509 -0.233897549
v -0.135084769 -0.00801709758 -0.229369717
v -0.121147767 0.0179221448 -0.222815396
v -0.134567878 0.0135500509 -0.233897549
v -0.130884655 0.0180492168 -0.226406906
v -0.135084769 0.00801709758 -0.229369717
v -0.111879998 -2.48414404e-05 -0.210207417
v -0.112801041 -0.0084489562 -0.211521152
v -0.116199542 -0.0143870156 -0.218881852
v -0.112801041 0.0084489562 -0.211521152
v -0.116199542 0.0143870156 -0.218881852
v -0.122456719 -0.0163036282 -0.219077727
v -0.13551854 -0.00540874602 -0.223810972
v -0.135108655 -3.8217601e-06 -0.223668615
v -0.13551854 0.00540874602 -0.223810972
v -0.130159478 -0.0170823122 -0.22209118
v -0.134207677 -0.0161526697 -0.224753985
v -0.13722018 -0.00827220001 -0.223735487
v -0.122456719 0.0163036282 -0.219077727
v -0.134207677 0.0161526697 -0.224753985
v -0.130159478 0.0170823122 -0.22209118
v -0.13722018 0.00827220001 -0.223735487
v -0.112351985 -2.57968808e-05 -0.206593939
v -0.112779066 -0.00934611477 -0.20708982
v -0.11786583 -0.014939261 -0.212385818
v -0.112779066 0.00934611477 -0.20708982
v -0.11786583 0.014939261 -0.212385818
v -0.122045881 -0.0163791083 -0.213388071
v -0.138912263 -0.00558932401 -0.215053407
v -0.140683648 -0.0086495988 -0.215118371
v -0.138322756 -6.68808028e-06 -0.21479449
v -0.138912263 0.00558932401 -0.215053407
v -0.140683648 0.0086495988 -0.215118371
v -0.130681146 -0.0172055633 -0.215344813
v -0.134933812 -0.0175399677 -0.215547365
v -0.139255265 -0.0145513516 -0.226520604
v -0.137522097 -0.0178399768 -0.223375287
v -0.140401795 -0.0213321097 -0.217171612
v -0.145711176 -0.00317492714 -0.220887328
v -0.122045881 0.0163791083 -0.213388071
v -0.134933812 0.0175399677 -0.215547365
v -0.130681146 0.0172055633 -0.215344813
v -0.137522097 0.0178399768 -0.223375287
v -0.139255265 0.0145513516 -0.226520604
v -0.140401795 0.0213321097 -0.217171612
v -0.145711176 0.00317492714 -0.220887328
v -0.11350138 -2.67523211e-05 -0.202721544
v -0.114151079 -0.0095180935 -0.203122833
v -0.11709288 -0.0158144427 -0.208618521
v -0.114151079 0.0095180935 -0.203122833
v -0.11709288 0.0158144427 -0.208618521
v -0.122157668 -0.0181094098 -0.210470164
v -0.14103143 -0.0071256717 -0.208790492
v -0.14127411 -0.00928687748 -0.210478763
v -0.13941769 -7.6435202e-06 -0.209227132
v -0.14103143 0.0071256717 -0.208790492
v -0.14127411 0.00928687748 -0.210478763
v -0.129805008 -0.018982682 -0.211068268
v -0.136790232 -0.0169495061 -0.211921472
v -0.142399618 -0.0169896353 -0.212246322
v -0.149202353 -0.0196916181 -0.218335344
v -0.146771713 -0.0146344753 -0.221662185
v -0.143024477 -0.0210636306 -0.22643175
v -0.140307207 -0.00896871598 -0.22933532
v -0.144468147 -0.020258195 -0.218161451
v -0.144376424 -0.0184170625 -0.224747308
v -0.145047144 -2.86632018e-06 -0.225862306
v -0.141417428 -0.0043558511 -0.239152472
v -0.153456924 -4.77720001e-06 -0.220241444
v -0.148891833 -0.00657247194 -0.216093887
v -0.122157668 0.0181094098 -0.210470164
v -0.136790232 0.0169495061 -0.211921472
v -0.129805008 0.018982682 -0.211068268
v -0.142399618 0.0169896353 -0.212246322
v -0.146771713 0.0146344753 -0.221662185
v -0.149202353 0.0196916181 -0.218335344
v -0.143024477 0.0210636306 -0.22643175
v -0.140307207 0.00896871598 -0.22933532
v -0.144376424 0.0184170625 -0.224747308
v -0.144468147 0.020258195 -0.218161451
v -0.141417428 0.0043558511 -0.239152472
v -0.148891833 0.00657247194 -0.216093887
v -0.126459057 -7.6435202e-06 -0.205974822
v -0.118350238 -0.0160322838 -0.204424138
v -0.124282565 -0.0189845933 -0.205814298
v -0.118350238 0.0160322838 -0.204424138
v -0.124282565 0.0189845933 -0.205814298
v -0.131800924 -0.0191011565 -0.208207679
v -0.149906513 -0.0136245744 -0.207792068
v -0.142570642 -0.0120108362 -0.210583862
v -0.149123052 -0.00856934123 -0.21010518
v -0.139316414 -0.0145771485 -0.208796229
v -0.142570642 0.0120108362 -0.210583862
v -0.149906513 0.0136245744 -0.207792068
v -0.149123052 0.00856934123 -0.21010518
v -0.139316414 0.0145771485 -0.208796229
v -0.147590524 -0.0180826582 -0.213876306
v -0.147443387 -0.0156634843 -0.210928772
v -0.154970341 -0.0164077713 -0.209262482
v -0.153837191 -0.0120910937 -0.216910788
v -0.1503785 -0.0181160977 -0.213162597
v -0.151038709 -0.0107649427 -0.230291716
v -0.147701357 -0.0131783843 -0.227936561
v -0.159007076 -0.0145198216 -0.218832178
v -0.152184278 -0.0107964727 -0.218670701
v -0.141427935 -0.0102174756 -0.228185925
v -0.150027852 -0.0145160007 -0.233780035
v -0.147771101 -0.0224069802 -0.218739495
v -0.148648196 -0.0204339955 -0.221020132
v -0.151053039 -0.0207225384 -0.215069651
v -0.144771021 -1.91088005e-06 -0.235285801
v -0.140965505 -0.00570684336 -0.239981787
v -0.156414011 -3.8217601e-06 -0.23208604
v -0.153332719 -0.00422208937 -0.225045406
v -0.149849183 -0.00706834531 -0.225096033
v -0.151008135 -0.00885883976 -0.219851631
v -0.153332719 0.00422208937 -0.225045406
v -0.149849183 0.00706834531 -0.225096033
v -0.151008135 0.00885883976 -0.219851631
v -0.149915112 -0.00966618672 -0.215885598
v -0.131800924 0.0191011565 -0.208207679
v -0.147590524 0.0180826582 -0.213876306
v -0.147443387 0.0156634843 -0.210928772
v -0.147701357 0.0131783843 -0.227936561
v -0.151038709 0.0107649427 -0.230291716
v -0.153837191 0.0120910937 -0.216910788
v -0.159007076 0.0145198216 -0.218832178
v -0.152184278 0.0107964727 -0.218670701
v -0.154970341 0.0164077713 -0.209262482
v -0.1503785 0.0181160977 -0.213162597
v -0.141427935 0.0102174756 -0.228185925
v -0.150027852 0.0145160007 -0.233780035
v -0.148648196 0.0204339955 -0.221020132
v -0.147771101 0.0224069802 -0.218739495
v -0.151053039 0.0207225384 -0.215069651
v -0.140965505 0.00570684336 -0.239981787
v -0.149915112 0.00966618672 -0.215885598
v -0.158974594 -0.0137526039 -0.213252405
v -0.153856297 -0.011856055 -0.213722474
v -0.158974594 0.0137526039 -0.213252405
v -0.153856297 0.011856055 -0.213722474
v -0.15713155 -0.0181801133 -0.214126624
v -0.158140496 -0.0141271366 -0.21651619
v -0.152452762 -0.00873845473 -0.233280339
v -0.151646369 -0.00826837822 -0.237232989
v -0.148570807 -0.0143086702 -0.239486875
v -0.15136069 -0.00753651137 -0.228462055
v -0.141465197 -0.0113420284 -0.242197461
v -0.143645512 -0.00453833998 -0.237803387
v -0.146696231 -9.55440025e-07 -0.235475938
v -0.143645512 0.00453833998 -0.237803387
v -0.155640108 -0.00356474674 -0.229571315
v -0.158873318 1.33761606e-05 -0.23795339
v -0.154421919 -0.00346824723 -0.233380654
v -0.155640108 0.00356474674 -0.229571315
v -0.154421919 0.00346824723 -0.233380654
v -0.15136069 0.00753651137 -0.228462055
v -0.151646369 0.00826837822 -0.237232989
v -0.152452762 0.00873845473 -0.233280339
v -0.148570807 0.0143086702 -0.239486875
v -0.15713155 0.0181801133 -0.214126624
v -0.158140496 0.0141271366 -0.21651619
v -0.141465197 0.0113420284 -0.242197461
v -0.153667121 -0.00361825135 -0.237138398
v -0.152408812 -0.00424215354 -0.23875406
v -0.14785136 -0.00650463585 -0.238755967
v -0.151233616 0 -0.242977102
v -0.14785136 0.00650463585 -0.238755967
v -0.152408812 0.00424215354 -0.23875406
v -0.162864188 1.71979211e-05 -0.246040242
v -0.153667121 0.00361825135 -0.237138398
v -0.156274516 -0.00393641308 -0.244523956
v -0.153106276 -0.00395074456 -0.245788956
v -0.154940728 -0.00306791793 -0.252289775
v -0.156310828 2.86632018e-06 -0.253239479
v -0.154940728 0.00306791793 -0.252289775
v -0.153106276 0.00395074456 -0.245788956
v -0.163292228 -0.00398036321 -0.249363254
v -0.163716439 1.81533597e-05 -0.250783995
v -0.156274516 0.00393641308 -0.244523956
v -0.163292228 0.00398036321 -0.249363254
v -0.161062225 -0.00463483949 -0.25202129
v -0.159835444 1.71979211e-05 -0.253400943
v -0.161062225 0.00463483949 -0.25202129
v -0.0999417752 -2.10196808e-05 -0.248146033
v -0.100687018 -0.006816109 -0.248184246
v -0.111974586 -2.86632018e-06 -0.253894915
v -0.100981294 -0.00817761095 -0.244148465
v -0.099762152 -2.19751211e-05 -0.246447255
v -0.100687018 0.006816109 -0.248184246
v -0.100981294 0.00817761095 -0.244148465
v -0.104517377 -0.0138882761 -0.249428232
v -0.110426773 -0.0173288162 -0.252002184
v -0.12197231 -0.00409883778 -0.258698863
v -0.122189196 -2.86632018e-06 -0.258505864
v -0.122383149 -0.0120652969 -0.258631976
v -0.119528296 -0.0174214931 -0.256697217
v -0.104517377 0.0138882761 -0.249428232
v -0.110426773 0.0173288162 -0.252002184
v -0.12197231 0.00409883778 -0.258698863
v -0.122383149 0.0120652969 -0.258631976
v -0.119528296 0.0174214931 -0.256697217
v -0.10199215 -2.29305615e-05 -0.242713401
v -0.103319255 -0.00875469667 -0.242840468
v -0.105843528 -0.0147548603 -0.245545316
v -0.103319255 0.00875469667 -0.242840468
v -0.105843528 0.0147548603 -0.245545316
v -0.113133536 -0.0179221448 -0.248158448
v -0.124820477 -0.00421826758 -0.255802923
v -0.126471479 -1.91088005e-06 -0.257400419
v -0.124820477 0.00421826758 -0.255802923
v -0.122554173 -0.0180492168 -0.252576397
v -0.125175901 -0.0135500509 -0.259306519
v -0.126042485 -0.00801709758 -0.254836974
v -0.113133536 0.0179221448 -0.248158448
v -0.125175901 0.0135500509 -0.259306519
v -0.122554173 0.0180492168 -0.252576397
v -0.126042485 0.00801709758 -0.254836974
v -0.104903375 -2.48414404e-05 -0.234359986
v -0.105719321 -0.0084489562 -0.235748238
v -0.108511116 -0.0143870156 -0.243812154
v -0.105719321 0.0084489562 -0.235748238
v -0.108511116 0.0143870156 -0.243812154
v -0.11472912 -0.0163036282 -0.24454497
v -0.128610709 -0.00540874602 -0.249414849
v -0.128212289 -3.8217601e-06 -0.249238095
v -0.128610709 0.00540874602 -0.249414849
v -0.121703833 -0.0170823122 -0.247157148
v -0.127230096 -0.0161526697 -0.250242271
v -0.130311392 -0.00827220001 -0.249485551
v -0.11472912 0.0163036282 -0.24454497
v -0.127230096 0.0161526697 -0.250242271
v -0.121703833 0.0170823122 -0.247157148
v -0.130311392 0.00827220001 -0.249485551
v -0.105656262 -2.57968808e-05 -0.23079715
v -0.106043215 -0.00934611477 -0.231328367
v -0.11069812 -0.014939261 -0.237045728
v -0.106043215 0.00934611477 -0.231328367
v -0.11069812 0.014939261 -0.237045728
v -0.114783581 -0.0163791083 -0.238404366
v -0.131436901 -0.00558932401 -0.241946175
v -0.133196821 -0.0086495988 -0.24216211
v -0.130869368 -6.68808028e-06 -0.241636616
v -0.131436901 0.00558932401 -0.241946175
v -0.133196821 0.0086495988 -0.24216211
v -0.123213428 -0.0172055633 -0.241528655
v -0.127434563 -0.0175399677 -0.242096177
v -0.132120997 -0.0145513516 -0.25243787
v -0.130639107 -0.0178399768 -0.249153056
v -0.132755408 -0.0213321097 -0.24418477
v -0.137289924 -0.00317492714 -0.24729186
v -0.114783581 0.0163791083 -0.238404366
v -0.127434563 0.0175399677 -0.242096177
v -0.123213428 0.0172055633 -0.241528655
v -0.130639107 0.0178399768 -0.249153056
v -0.132120997 0.0145513516 -0.25243787
v -0.132755408 0.0213321097 -0.24418477
v -0.137289924 0.00317492714 -0.24729186
v -0.107102797 -2.67523211e-05 -0.227034623
v -0.107719057 -0.0095180935 -0.227491322
v -0.110221354 -0.0158144427 -0.23322396
v -0.107719057 0.0095180935 -0.227491322
v -0.110221354 0.0158144427 -0.23322396
v -0.115123718 -0.0181094098 -0.235504597
v -0.134035696 -0.0071256717 -0.23588295
v -0.134146529 -0.00928687748 -0.237587466
v -0.132393297 -7.6435202e-06 -0.236180094
v -0.134035696 0.0071256717 -0.23588295
v -0.134146529 0.00928687748 -0.237587466
v -0.122674559 -0.018982682 -0.237189993
v -0.129566148 -0.0169495061 -0.238640362
v -0.135129676 -0.0169896353 -0.23944674
v -0.140967413 -0.0196916181 -0.245047542
v -0.138286451 -0.0146344753 -0.248155586
v -0.135884474 -0.0210636306 -0.252671943
v -0.132459222 -0.00896871598 -0.255310873
v -0.136264738 -0.020258195 -0.244467591
v -0.137362537 -0.0184170625 -0.251108844
v -0.137943446 -2.86632018e-06 -0.252278314
v -0.132810823 -0.0043558511 -0.266551628
v -0.145057654 -4.77720001e-06 -0.247312888
v -0.140832697 -0.00657247194 -0.242785057
v -0.115123718 0.0181094098 -0.235504597
v -0.129566148 0.0169495061 -0.238640362
v -0.122674559 0.018982682 -0.237189993
v -0.135129676 0.0169896353 -0.23944674
v -0.138286451 0.0146344753 -0.248155586
v -0.140967413 0.0196916181 -0.245047542
v -0.135884474 0.0210636306 -0.252671943
v -0.132459222 0.00896871598 -0.255310873
v -0.137362537 0.0184170625 -0.251108844
v -0.136264738 0.020258195 -0.244467591
v -0.132810823 0.0043558511 -0.266551628
v -0.140832697 0.00657247194 -0.242785057
v -0.119758556 -7.6435202e-06 -0.231391437
v -0.111800697 -0.0160322838 -0.229149013
v -0.117603084 -0.0189845933 -0.231044606
v -0.111800697 0.0160322838 -0.229149013
v -0.117603084 0.0189845933 -0.231044606
v -0.124885448 -0.0191011565 -0.234509035
v -0.14248943 -0.0136245744 -0.234595028
v -0.135429685 -0.0120108362 -0.237803387
v -0.141529215 -0.00856934123 -0.236834576
v -0.132326414 -0.0145771485 -0.235741546
v -0.135429685 0.0120108362 -0.237803387
v -0.14248943 0.0136245744 -0.234595028
v -0.141529215 0.00856934123 -0.236834576
v -0.132326414 0.0145771485 -0.235741546
v -0.1397091 -0.0180826582 -0.240463331
v -0.139792224 -0.0156634843 -0.237511981
v -0.147420458 -0.0164077713 -0.236496344
v -0.145695889 -0.0120910937 -0.244025214
v -0.142541979 -0.0181160977 -0.239990387
v -0.144069727 -0.0107649427 -0.257234171
v -0.140625368 -0.0131783843 -0.254583781
v -0.150696661 -0.0145198216 -0.246385152
v -0.143911125 -0.0107964727 -0.245638
v -0.133772949 -0.0102174756 -0.254265623
v -0.142688163 -0.0145160007 -0.260620253
v -0.139509413 -0.0224069802 -0.245326519
v -0.140205927 -0.0204339955 -0.24767595
v -0.143065562 -0.0207225384 -0.241950004
v -0.13684087 -1.91088005e-06 -0.261645443
v -0.132251889 -0.00570684336 -0.267336992
v -0.149780393 -3.8217601e-06 -0.259509071
v -0.146261506 -0.00422208937 -0.252175123
v -0.142786574 -0.00706834531 -0.251926698
v -0.142648032 -0.00885883976 -0.246714785
v -0.146261506 0.00422208937 -0.252175123
v -0.142786574 0.00706834531 -0.251926698
v -0.142648032 0.00885883976 -0.246714785
v -0.14186744 -0.00966618672 -0.242665621
v -0.124885448 0.0191011565 -0.234509035
v -0.1397091 0.0180826582 -0.240463331
v -0.139792224 0.0156634843 -0.237511981
v -0.140625368 0.0131783843 -0.254583781
v -0.144069727 0.0107649427 -0.257234171
v -0.145695889 0.0120910937 -0.244025214
v -0.150696661 0.0145198216 -0.246385152
v -0.143911125 0.0107964727 -0.245638
v -0.147420458 0.0164077713 -0.236496344
v -0.142541979 0.0181160977 -0.239990387
v -0.133772949 0.0102174756 -0.254265623
v -0.142688163 0.0145160007 -0.260620253
v -0.140205927 0.0204339955 -0.24767595
v -0.139509413 0.0224069802 -0.245326519
v -0.143065562 0.0207225384 -0.241950004
v -0.132251889 0.00570684336 -0.267336992
v -0.14186744 0.00966618672 -0.242665621
v -0.1510989 -0.0137526039 -0.240818762
v -0.145962455 -0.011856055 -0.240847421
v -0.1510989 0.0137526039 -0.240818762
v -0.145962455 0.011856055 -0.240847421
v -0.149194708 -0.0181801133 -0.241531517
v -0.150013519 -0.0141271366 -0.244001324
v -0.145370082 -0.00873845473 -0.260341262
v -0.145161796 -0.00826837822 -0.265125149
v -0.139876301 -0.0143086702 -0.267008327
v -0.144567511 -0.00753651137 -0.255438907
v -0.13261687 -0.0113420284 -0.269590878
v -0.135346562 -0.00453833998 -0.26540797
v -0.138921817 -9.55440025e-07 -0.262009459
v -0.135346562 0.00453833998 -0.26540797
v -0.149140247 -0.00356474674 -0.256931304
v -0.152974426 1.33761606e-05 -0.26649717
v -0.147505489 -0.00346824723 -0.2606193
v -0.149140247 0.00356474674 -0.256931304
v -0.147505489 0.00346824723 -0.2606193
v -0.144567511 0.00753651137 -0.255438907
v -0.145161796 0.00826837822 -0.265125149
v -0.145370082 0.00873845473 -0.260341262
v -0.139876301 0.0143086702 -0.267008327
v -0.149194708 0.0181801133 -0.241531517
v -0.150013519 0.0141271366 -0.244001324
v -0.13261687 0.0113420284 -0.269590878
v -0.147370774 -0.00361825135 -0.265213049
v -0.145869778 -0.00424215354 -0.26671023
v -0.139153035 -0.00650463585 -0.266215317
v -0.142496118 0 -0.270728812
v -0.139153035 0.00650463585 -0.266215317
v -0.145869778 0.00424215354 -0.26671023
v -0.15755863 1.71979211e-05 -0.271542851
v -0.147370774 0.00361825135 -0.265213049
v -0.150504616 -0.00393641308 -0.269435138
v -0.146951336 -0.00395074456 -0.270410654
v -0.148424623 -0.00306791793 -0.277056691
v -0.149840587 2.86632018e-06 -0.278127739
v -0.148424623 0.00306791793 -0.277056691
v -0.146951336 0.00395074456 -0.270410654
v -0.157757359 -0.00398036321 -0.274894521
v -0.158104184 1.81533597e-05 -0.276349659
v -0.150504616 0.00393641308 -0.269435138
v -0.157757359 0.00398036321 -0.274894521
v -0.155114614 -0.00463483949 -0.277343314
v -0.153666167 1.71979211e-05 -0.278606407
v -0.155114614 0.00463483949 -0.277343314
v -0.0909940791 -2.10196808e-05 -0.272463881
v -0.0917374114 -0.006816109 -0.27252886
v -0.102825293 -2.86632018e-06 -0.278654187
v -0.0921673594 -0.00817761095 -0.268506462
v -0.0908717827 -2.19751211e-05 -0.270759379
v -0.0917374114 0.006816109 -0.27252886
v -0.0921673594 0.00817761095 -0.268506462
v -0.0955228648 -0.0138882761 -0.273913296
v -0.10134245 -0.0173288162 -0.27670509
v -0.11265486 -0.00409883778 -0.283823118
v -0.112878433 -2.86632018e-06 -0.283638718
v -0.113067609 -0.0120652969 -0.283771522
v -0.110279636 -0.0174214931 -0.281733572
v -0.0955228648 0.0138882761 -0.273913296
v -0.10134245 0.0173288162 -0.27670509
v -0.11265486 0.00409883778 -0.283823118
v -0.113067609 0.0120652969 -0.283771522
v -0.110279636 0.0174214931 -0.281733572
v -0.0932250315 -2.29305615e-05 -0.267108642
v -0.0945473605 -0.00875469667 -0.267285397
v -0.0969779999 -0.0147548603 -0.270081975
v -0.0945473605 0.00875469667 -0.267285397
v -0.0969779999 0.0147548603 -0.270081975
v -0.10417533 -0.0179221448 -0.272962623
v -0.115597616 -0.00421826758 -0.281034185
v -0.117194156 -1.91088005e-06 -0.282691875
v -0.115597616 0.00421826758 -0.281034185
v -0.113441187 -0.0180492168 -0.277725496
v -0.115835519 -0.0135500509 -0.284549256
v -0.116851152 -0.00801709758 -0.28011314
v -0.10417533 0.0179221448 -0.272962623
v -0.115835519 0.0135500509 -0.284549256
v -0.113441187 0.0180492168 -0.277725496
v -0.116851152 0.00801709758 -0.28011314
v -0.0964133348 -2.48414404e-05 -0.258867018
v -0.0971815086 -0.0084489562 -0.260284897
v -0.0997019591 -0.0143870156 -0.268448175
v -0.0971815086 0.0084489562 -0.260284897
v -0.0997019591 0.0143870156 -0.268448175
v -0.1058913 -0.0163036282 -0.26940934
v -0.119598042 -0.00540874602 -0.274789423
v -0.119206312 -3.8217601e-06 -0.274597392
v -0.119598042 0.00540874602 -0.274789423
v -0.112772378 -0.0170823122 -0.27227662
v -0.118191635 -0.0161526697 -0.275565249
v -0.12129586 -0.00827220001 -0.274922241
v -0.1058913 0.0163036282 -0.26940934
v -0.118191635 0.0161526697 -0.275565249
v -0.112772378 0.0170823122 -0.27227662
v -0.12129586 0.00827220001 -0.274922241
v -0.0972837408 -2.57968808e-05 -0.255333809
v -0.0976534961 -0.00934611477 -0.255878409
v -0.10211349 -0.014939261 -0.261764865
v -0.0976534961 0.00934611477 -0.255878409
v -0.10211349 0.014939261 -0.261764865
v -0.106150224 -0.0163791083 -0.263273506
v -0.122672647 -0.00558932401 -0.267426815
v -0.124423972 -0.0086495988 -0.267707714
v -0.122115625 -6.68808028e-06 -0.267097182
v -0.122672647 0.00558932401 -0.267426815
v -0.124423972 0.0086495988 -0.267707714
v -0.11446924 -0.0172055633 -0.266707368
v -0.1186684 -0.0175399677 -0.267429676
v -0.123005142 -0.0145513516 -0.277939509
v -0.121634085 -0.0178399768 -0.274601207
v -0.123914719 -0.0213321097 -0.269714129
v -0.128342228 -0.00317492714 -0.272986513
v -0.106150224 0.0163791083 -0.263273506
v -0.1186684 0.0175399677 -0.267429676
v -0.11446924 0.0172055633 -0.266707368
v -0.121634085 0.0178399768 -0.274601207
v -0.123005142 0.0145513516 -0.277939509
v -0.123914719 0.0213321097 -0.269714129
v -0.128342228 0.00317492714 -0.272986513
v -0.0988554394 -2.67523211e-05 -0.251625739
v -0.0994554559 -0.0095180935 -0.252104421
v -0.101764754 -0.0158144427 -0.257926866
v -0.0994554559 0.0095180935 -0.252104421
v -0.101764754 0.0158144427 -0.257926866
v -0.10658686 -0.0181094098 -0.26038712
v -0.125472087 -0.0071256717 -0.261462951
v -0.125525594 -0.00928687748 -0.263170329
v -0.123821088 -7.6435202e-06 -0.261698947
v -0.125472087 0.0071256717 -0.261462951
v -0.125525594 0.00928687748 -0.263170329
v -0.114075599 -0.018982682 -0.262350553
v -0.120913683 -0.0169495061 -0.264054101
v -0.126445681 -0.0169896353 -0.265064954
v -0.132091376 -0.0196916181 -0.270878815
v -0.129308181 -0.0146344753 -0.273886544
v -0.126757155 -0.0210636306 -0.278312139
v -0.123246868 -0.00896871598 -0.280823034
v -0.12741163 -0.020258195 -0.270125925
v -0.128286814 -0.0184170625 -0.276804451
v -0.128827595 -2.86632018e-06 -0.277994935
v -0.123222981 -0.0043558511 -0.292072381
v -0.136102313 -4.77720001e-06 -0.27329321
v -0.132032139 -0.00657247194 -0.268612514
v -0.10658686 0.0181094098 -0.26038712
v -0.120913683 0.0169495061 -0.264054101
v -0.114075599 0.018982682 -0.262350553
v -0.126445681 0.0169896353 -0.265064954
v -0.129308181 0.0146344753 -0.273886544
v -0.132091376 0.0196916181 -0.270878815
v -0.126757155 0.0210636306 -0.278312139
v -0.123246868 0.00896871598 -0.280823034
v -0.128286814 0.0184170625 -0.276804451
v -0.12741163 0.020258195 -0.270125925
v -0.123222981 0.0043558511 -0.292072381
v -0.132032139 0.00657247194 -0.268612514
v -0.111356418 -7.6435202e-06 -0.256446899
v -0.10347977 -0.0160322838 -0.253912114
v -0.109213365 -0.0189845933 -0.256020766
v -0.10347977 0.0160322838 -0.253912114
v -0.109213365 0.0189845933 -0.256020766
v -0.116374389 -0.0191011565 -0.259751758
v -0.133962129 -0.0136245744 -0.260487449
v -0.126800151 -0.0120108362 -0.263433076
v -0.132927386 -0.00856934123 -0.262689739
v -0.123768539 -0.0145771485 -0.261257537
v -0.126800151 0.0120108362 -0.263433076
v -0.133962129 0.0136245744 -0.260487449
v -0.132927386 0.00856934123 -0.262689739
v -0.123768539 0.0145771485 -0.261257537
v -0.130986889 -0.0180826582 -0.2662497
v -0.131169377 -0.0156634843 -0.263303133
v -0.138825317 -0.0164077713 -0.262568396
v -0.136850423 -0.0120910937 -0.270030379
v -0.133834098 -0.0181160977 -0.265881869
v -0.134783806 -0.0107649427 -0.283173419
v -0.131431167 -0.0131783843 -0.280397869
v -0.141769029 -0.0145198216 -0.272573764
v -0.135013113 -0.0107964727 -0.271577233
v -0.124594038 -0.0102174756 -0.279827472
v -0.133290455 -0.0145160007 -0.286507906
v -0.130625731 -0.0224069802 -0.271104303
v -0.13124199 -0.0204339955 -0.27347761
v -0.134291755 -0.0207225384 -0.267859625
v -0.127413542 -1.91088005e-06 -0.28731716
v -0.122637296 -0.00570684336 -0.292836739
v -0.140413259 -3.8217601e-06 -0.285657563
v -0.137142787 -0.00422208937 -0.278198441
v -0.133679318 -0.00706834531 -0.277821996
v -0.133715623 -0.00885883976 -0.272606253
v -0.137142787 0.00422208937 -0.278198441
v -0.133679318 0.00706834531 -0.277821996
v -0.133715623 0.00885883976 -0.272606253
v -0.133070701 -0.00966618672 -0.268530337
v -0.116374389 0.0191011565 -0.259751758
v -0.130986889 0.0180826582 -0.2662497
v -0.131169377 0.0156634843 -0.263303133
v -0.131431167 0.0131783843 -0.280397869
v -0.134783806 0.0107649427 -0.283173419
v -0.136850423 0.0120910937 -0.270030379
v -0.141769029 0.0145198216 -0.272573764
v -0.135013113 0.0107964727 -0.271577233
v -0.138825317 0.0164077713 -0.262568396
v -0.133834098 0.0181160977 -0.265881869
v -0.124594038 0.0102174756 -0.279827472
v -0.133290455 0.0145160007 -0.286507906
v -0.13124199 0.0204339955 -0.27347761
v -0.130625731 0.0224069802 -0.271104303
v -0.134291755 0.0207225384 -0.267859625
v -0.122637296 0.00570684336 -0.292836739
v -0.133070701 0.00966618672 -0.268530337
v -0.142356625 -0.0137526039 -0.267024572
v -0.137223999 -0.011856055 -0.266865016
v -0.142356625 0.0137526039 -0.267024572
v -0.137223999 0.011856055 -0.266865016
v -0.1404295 -0.0181801133 -0.267667579
v -0.141166146 -0.0141271366 -0.27016606
v -0.135979062 -0.00873845473 -0.286327321
v -0.135611216 -0.00826837822 -0.291102609
v -0.130267442 -0.0143086702 -0.292788966
v -0.135341785 -0.00753651137 -0.281397247
v -0.122926795 -0.0113420284 -0.295103039
v -0.125794071 -0.00453833998 -0.291022354
v -0.129481113 -9.55440025e-07 -0.287757616
v -0.125794071 0.00453833998 -0.291022354
v -0.13986006 -0.00356474674 -0.283058767
v -0.143372259 1.33761606e-05 -0.292761253
v -0.138103959 -0.00346824723 -0.286683706
v -0.13986006 0.00356474674 -0.283058767
v -0.138103959 0.00346824723 -0.286683706
v -0.135341785 0.00753651137 -0.281397247
v -0.135611216 0.00826837822 -0.291102609
v -0.135979062 0.00873845473 -0.286327321
v -0.130267442 0.0143086702 -0.292788966
v -0.1404295 0.0181801133 -0.267667579
v -0.141166146 0.0141271366 -0.27016606
v -0.122926795 0.0113420284 -0.295103039
v -0.137815418 -0.00361825135 -0.291271725
v -0.136265695 -0.00424215354 -0.292712527
v -0.12956997 -0.00650463585 -0.291970151
v -0.132760185 0 -0.296604035
v -0.12956997 0.00650463585 -0.291970151
v -0.136265695 0.00424215354 -0.292712527
v -0.147783523 1.71979211e-05 -0.297974135
v -0.137815418 0.00361825135 -0.291271725
v -0.140804988 -0.00393641308 -0.295606558
v -0.137222088 -0.00395074456 -0.296451164
v -0.138472759 -0.00306791793 -0.303148803
v -0.139852415 2.86632018e-06 -0.304270486
v -0.138472759 0.00306791793 -0.303148803
v -0.137222088 0.00395074456 -0.296451164
v -0.14787047 -0.00398036321 -0.301330596
v -0.148168568 1.81533597e-05 -0.302798156
v -0.140804988 0.00393641308 -0.295606558
v -0.14787047 0.00398036321 -0.301330596
v -0.145147466 -0.00463483949 -0.303680982
v -0.143657934 1.71979211e-05 -0.304890564
v -0.145147466 0.00463483949 -0.303680982
v -0.122042058 -1.91088001e-05 -0.158578314
v -0.122643984 -0.00631928041 -0.158375748
v -0.133200644 -2.86632018e-06 -0.15906272
v -0.121741095 -0.0075804615 -0.155336483
v -0.121421023 -2.00642404e-05 -0.157392615
v -0.122643984 0.00631928041 -0.158375748
v -0.121741095 0.0075804615 -0.155336483
v -0.126030066 -0.01287551 -0.15810154
v -0.131440723 -0.0160647695 -0.158157919
v -0.143144863 -0.00379978478 -0.160110831
v -0.143263337 -1.91088005e-06 -0.159902542
v -0.143452513 -0.0111853368 -0.159935031
v -0.139978535 -0.0161507584 -0.158777037
v -0.126030066 0.01287551 -0.15810154
v -0.131440723 0.0160647695 -0.158157919
v -0.143144863 0.00379978478 -0.160110831
v -0.143452513 0.0111853368 -0.159935031
v -0.139978535 0.0161507584 -0.158777037
v -0.122137604 -2.10196808e-05 -0.153974983
v -0.123225847 -0.00811550754 -0.153658747
v -0.125988024 -0.0136790351 -0.154854954
v -0.123225847 0.00811550754 -0.153658747
v -0.125988024 0.0136790351 -0.154854954
v -0.132504126 -0.0166141461 -0.15451292
v -0.146380938 -0.00391061622 -0.157678269
v -0.146346541 -1.91088005e-06 -0.157772861
v -0.146380938 0.00391061622 -0.157678269
v -0.141216784 -0.016731665 -0.154831064
v -0.145856402 -0.0125611702 -0.159565263
v -0.147200704 -0.00743236784 -0.156630157
v -0.132504126 0.0166141461 -0.15451292
v -0.145856402 0.0125611702 -0.159565263
v -0.141216784 0.016731665 -0.154831064
v -0.147200704 0.00743236784 -0.156630157
v -0.122314358 -2.29305615e-05 -0.146771945
v -0.123413115 -0.00783269692 -0.147585001
v -0.12761514 -0.0133369872 -0.152765393
v -0.123413115 0.00783269692 -0.147585001
v -0.12761514 0.0133369872 -0.152765393
v -0.132751586 -0.0151141059 -0.151379064
v -0.146473615 -0.00501414918 -0.152302031
v -0.14607233 -3.8217601e-06 -0.152277173
v -0.146473615 0.00501414918 -0.152302031
v -0.141271244 -0.0158364178 -0.152087989
v -0.14547518 -0.0149736562 -0.153289948
v -0.147999451 -0.00766931743 -0.15189499
v -0.132751586 0.0151141059 -0.151379064
v -0.14547518 0.0149736562 -0.153289948
v -0.141271244 0.0158364178 -0.152087989
v -0.147999451 0.00766931743 -0.15189499
v -0.122013395 -2.38860001e-05 -0.143918988
v -0.12250067 -0.00866393029 -0.144209455
v -0.128176939 -0.0138500582 -0.147205695
v -0.12250067 0.00866393029 -0.144209455
v -0.128176939 0.0138500582 -0.147205695
v -0.132164947 -0.0151838537 -0.147113979
v -0.147781612 -0.00518135134 -0.144926979
v -0.149400129 -0.00801900803 -0.144612623
v -0.147194973 -5.73264036e-06 -0.144850554
v -0.147781612 0.00518135134 -0.144926979
v -0.149400129 0.00801900803 -0.144612623
v -0.140382685 -0.0159501158 -0.146835956
v -0.144277059 -0.0162606337 -0.14611937
v -0.150404294 -0.0134898579 -0.153602368
v -0.148200096 -0.016538666 -0.15155868
v -0.149557777 -0.0197756974 -0.146236884
v -0.154835629 -0.00294371067 -0.150630957
v -0.132164947 0.0151838537 -0.147113979
v -0.144277059 0.0162606337 -0.14611937
v -0.140382685 0.0159501158 -0.146835956
v -0.148200096 0.016538666 -0.15155868
v -0.150404294 0.0134898579 -0.153602368
v -0.149557777 0.0197756974 -0.146236884
v -0.154835629 0.00294371067 -0.150630957
v -0.122273273 -2.48414404e-05 -0.140729721
v -0.12294304 -0.00882348888 -0.140902674
v -0.12671607 -0.0146602722 -0.144491294
v -0.12294304 0.00882348888 -0.140902674
v -0.12671607 0.0146602722 -0.144491294
v -0.131678626 -0.0167880371 -0.144864877
v -0.148437999 -0.00660591237 -0.139716006
v -0.148998843 -0.00860947046 -0.140954269
v -0.147064077 -6.68808028e-06 -0.140380027
v -0.148437999 0.00660591237 -0.139716006
v -0.148998843 0.00860947046 -0.140954269
v -0.138727864 -0.0175982493 -0.143753695
v -0.145227721 -0.0157131667 -0.142973099
v -0.150374677 -0.0157504289 -0.142071175
v -0.157546208 -0.0182555935 -0.148038854
v -0.155942982 -0.0135672485 -0.151034154
v -0.153407243 -0.0195272838 -0.155374724
v -0.151925353 -0.0083142388 -0.155534266
v -0.153203737 -0.0187801298 -0.148764009
v -0.154329242 -0.0170737129 -0.153837424
v -0.155144234 -2.86632018e-06 -0.154571179
v -0.157423911 -0.0040376896 -0.163297223
v -0.16180747 -3.8217601e-06 -0.149903865
v -0.156851605 -0.00609284095 -0.146374472
v -0.131678626 0.0167880371 -0.144864877
v -0.145227721 0.0157131667 -0.142973099
v -0.138727864 0.0175982493 -0.143753695
v -0.150374677 0.0157504289 -0.142071175
v -0.155942982 0.0135672485 -0.151034154
v -0.157546208 0.0182555935 -0.148038854
v -0.153407243 0.0195272838 -0.155374724
v -0.151925353 0.0083142388 -0.155534266
v -0.154329242 0.0170737129 -0.153837424
v -0.153203737 0.0187801298 -0.148764009
v -0.157423911 0.0040376896 -0.163297223
v -0.156851605 0.00609284095 -0.146374472
v -0.134669154 -7.6435202e-06 -0.140554888
v -0.127009391 -0.0148628252 -0.14103451
v -0.132664639 -0.0175992049 -0.140878784
v -0.127009391 0.0148628252 -0.14103451
v -0.132664639 0.0175992049 -0.140878784
v -0.139958471 -0.0177071707 -0.141163498
v -0.156251587 -0.0126309172 -0.139816321
v -0.150195054 -0.0111337422 -0.140767933
v -0.155963042 -0.00794448359 -0.141733896
v -0.146885411 -0.0135137434 -0.140071422
v -0.150195054 0.0111337422 -0.140767933
v -0.156251587 0.0126309172 -0.139816321
v -0.155963042 0.00794448359 -0.141733896
v -0.146885411 0.0135137434 -0.140071422
v -0.15525984 -0.016763195 -0.144907873
v -0.154585304 -0.0145207773 -0.142671186
v -0.166762381 -0.0274593464 -0.140639912
v -0.16184569 -0.0166504527 -0.14707289
v -0.157667551 -0.0167937693 -0.14385401
v -0.164684303 -0.00997957077 -0.158674814
v -0.161214143 -0.0122172119 -0.157471916
v -0.166905699 -0.0199944942 -0.147611767
v -0.160359977 -0.0100091894 -0.148928363
v -0.152276001 -0.00947127725 -0.157011372
v -0.164404357 -0.0134573731 -0.161536342
v -0.156316558 -0.0207722207 -0.148608283
v -0.157533786 -0.0189435102 -0.150200995
v -0.158631592 -0.019210078 -0.145195464
v -0.15976665 -1.91088005e-06 -0.15972005
v -0.157164032 -0.00529122667 -0.164015716
v -0.169907691 -3.8217601e-06 -0.15907801
v -0.162537431 -0.00391348234 -0.152442466
v -0.159374922 -0.00655240777 -0.153113179
v -0.159506772 -0.00821200705 -0.150048145
v -0.162537431 0.00391348234 -0.152442466
v -0.159374922 0.00655240777 -0.153113179
v -0.159506772 0.00821200705 -0.150048145
v -0.157744944 -0.0089610724 -0.146028594
v -0.139958471 0.0177071707 -0.141163498
v -0.15525984 0.016763195 -0.144907873
v -0.154585304 0.0145207773 -0.142671186
v -0.161214143 0.0122172119 -0.157471916
v -0.164684303 0.00997957077 -0.158674814
v -0.16184569 0.0166504527 -0.14707289
v -0.166905699 0.0199944942 -0.147611767
v -0.160359977 0.0100091894 -0.148928363
v -0.166762381 0.0274593464 -0.140639912
v -0.157667551 0.0167937693 -0.14385401
v -0.152276001 0.00947127725 -0.157011372
v -0.164404357 0.0134573731 -0.161536342
v -0.157533786 0.0189435102 -0.150200995
v -0.156316558 0.0207722207 -0.148608283
v -0.158631592 0.019210078 -0.145195464
v -0.157164032 0.00529122667 -0.164015716
v -0.157744944 0.0089610724 -0.146028594
v -0.17114021 -0.0230155941 -0.142977883
v -0.160974325 -0.0109913821 -0.144826664
v -0.17114021 0.0230155941 -0.142977883
v -0.160974325 0.0109913821 -0.144826664
v -0.169622015 -0.0304259873 -0.143983966
v -0.1709797 -0.023642364 -0.145634965
v -0.166520655 -0.00810117605 -0.16071275
v -0.166512056 -0.00766549564 -0.163894358
v -0.164124412 -0.0132653289 -0.166182641
v -0.164641307 -0.00698617728 -0.15721203
v -0.158024883 -0.0105146177 -0.165626594
v -0.159203898 -0.00420775789 -0.161857361
v -0.161682311 -9.55440025e-07 -0.163442442
v -0.159203898 0.00420775789 -0.161857361
v -0.168742059 -0.00330486708 -0.157287516
v -0.17505847 1.24207202e-05 -0.167895742
v -0.168331217 -0.0032150557 -0.160433759
v -0.168742059 0.00330486708 -0.157287516
v -0.168331217 0.0032150557 -0.160433759
v -0.164641307 0.00698617728 -0.15721203
v -0.166512056 0.00766549564 -0.163894358
v -0.166520655 0.00810117605 -0.16071275
v -0.164124412 0.0132653289 -0.166182641
v -0.169622015 0.0304259873 -0.143983966
v -0.1709797 0.023642364 -0.145634965
v -0.158024883 0.0105146177 -0.165626594
v -0.168334086 -0.0033545499 -0.163454857
v -0.167484696 -0.00393259129 -0.164923392
v -0.163336178 -0.00603073755 -0.165751739
v -0.167189467 0 -0.168379208
v -0.163336178 0.00603073755 -0.165751739
v -0.167484696 0.00393259129 -0.164923392
v -0.180175806 1.62424807e-05 -0.173380938
v -0.168334086 0.0033545499 -0.163454857
v -0.173898568 -0.00364882544 -0.173411505
v -0.169410864 -0.00366315715 -0.170199316
v -0.174108766 -0.00284434504 -0.179616133
v -0.175531414 2.86632018e-06 -0.180096723
v -0.174108766 0.00284434504 -0.179616133
v -0.169410864 0.00366315715 -0.170199316
v -0.181176152 -0.00368990945 -0.175854574
v -0.181822989 1.71979211e-05 -0.176869243
v -0.173898568 0.00364882544 -0.173411505
v -0.181176152 0.00368990945 -0.175854574
v -0.179633113 -0.00429661382 -0.178300491
v -0.17876844 1.62424807e-05 -0.179581736
v -0.179633113 0.00429661382 -0.178300491
v -0.123678727 -1.91088001e-05 -0.138666926
v -0.124257724 -0.00631928041 -0.138400378
v -0.134831579 -2.86632018e-06 -0.137936987
v -0.123060557 -0.0075804615 -0.135476719
v -0.122943993 -2.00642404e-05 -0.137554804
v -0.124257724 0.00631928041 -0.138400378
v -0.123060557 0.0075804615 -0.135476719
v -0.127600807 -0.01287551 -0.137760218
v -0.132990446 -0.0160647695 -0.137228033
v -0.144830258 -0.00379978478 -0.137899714
v -0.144926758 -1.91088005e-06 -0.137679977
v -0.145118803 -0.0111853368 -0.137691424
v -0.141548321 -0.0161507584 -0.13691752
v -0.127600807 0.01287551 -0.137760218
v -0.132990446 0.0160647695 -0.137228033
v -0.144830258 0.00379978478 -0.137899714
v -0.145118803 0.0111853368 -0.137691424
v -0.141548321 0.0161507584 -0.13691752
v -0.123321392 -2.10196808e-05 -0.134079854
v -0.12437333 -0.00811550754 -0.133647044
v -0.127239653 -0.0136790351 -0.134536553
v -0.12437333 0.00811550754 -0.133647044
v -0.127239653 0.0136790351 -0.134536553
v -0.133689829 -0.0166141461 -0.13348941
v -0.147810275 -0.00391061622 -0.135130841
v -0.147786389 -1.91088005e-06 -0.135228309
v -0.147810275 0.00391061622 -0.135130841
v -0.142391976 -0.016731665 -0.132860725
v -0.147474915 -0.0125611702 -0.137063707
v -0.148523034 -0.00743236784 -0.133999613
v -0.133689829 0.0166141461 -0.13348941
v -0.147474915 0.0125611702 -0.137063707
v -0.142391976 0.016731665 -0.132860725
v -0.148523034 0.00743236784 -0.133999613
v -0.122787303 -2.29305615e-05 -0.126899738
v -0.123960581 -0.00783269692 -0.127588617
v -0.128652748 -0.0133369872 -0.132282696
v -0.123960581 0.00783269692 -0.127588617
v -0.128652748 0.0133369872 -0.132282696
v -0.133627723 -0.0151141059 -0.130347922
v -0.147373639 -0.00501414918 -0.129775617
v -0.146972354 -3.8217601e-06 -0.129794723
v -0.147373639 0.00501414918 -0.129775617
v -0.142176045 -0.0158364178 -0.130127218
v -0.146477438 -0.0149736562 -0.130865756
v -0.14885266 -0.00766931743 -0.129205219
v -0.133627723 0.0151141059 -0.130347922
v -0.146477438 0.0149736562 -0.130865756
v -0.142176045 0.0158364178 -0.130127218
v -0.14885266 0.00766931743 -0.129205219
v -0.122206394 -2.38860001e-05 -0.124096468
v -0.122719466 -0.00866393029 -0.124331524
v -0.128664213 -0.0138500582 -0.126695263
v -0.122719466 0.00866393029 -0.124331524
v -0.128664213 0.0138500582 -0.126695263
v -0.132623558 -0.0151838537 -0.126170738
v -0.145809583 -0.00518135134 -0.123771633
v -0.147387972 -0.00801900803 -0.123283384
v -0.145218168 -5.73264036e-06 -0.12375919
v -0.145809583 0.00518135134 -0.123771633
v -0.147387972 0.00801900803 -0.123283384
v -0.140774417 -0.0159501158 -0.125002237
v -0.144578976 -0.0162606337 -0.123867164
v -0.151413239 -0.0134898579 -0.130642204
v -0.149017953 -0.016538666 -0.128849774
v -0.147706134 -0.0197756974 -0.124880879
v -0.155530232 -0.00294371067 -0.127206435
v -0.132623558 0.0151838537 -0.126170738
v -0.144578976 0.0162606337 -0.123867164
v -0.140774417 0.0159501158 -0.125002237
v -0.149017953 0.016538666 -0.128849774
v -0.151413239 0.0134898579 -0.130642204
v -0.147706134 0.0197756974 -0.124880879
v -0.155530232 0.00294371067 -0.127206435
v -0.12215098 -2.48414404e-05 -0.120897662
v -0.122835072 -0.00882348888 -0.120997037
v -0.126943466 -0.0146602722 -0.124154755
v -0.122835072 0.00882348888 -0.120997037
v -0.126943466 0.0146602722 -0.124154755
v -0.131918441 -0.0167880371 -0.123987554
v -0.145949079 -0.00660591237 -0.118519571
v -0.146629352 -0.00860947046 -0.11968998
v -0.144646812 -6.68808028e-06 -0.11932884
v -0.145949079 0.00660591237 -0.118519571
v -0.146629352 0.00860947046 -0.11968998
v -0.138823406 -0.0175982493 -0.122117758
v -0.143075115 -0.0157131667 -0.122106283
v -0.150248557 -0.0157504289 -0.119180745
v -0.157972333 -0.0182555935 -0.124336279
v -0.156671982 -0.0135672485 -0.127487334
v -0.154575744 -0.0195272838 -0.132078222
v -0.153116791 -0.0083142388 -0.132396394
v -0.153722539 -0.0187801298 -0.12552773
v -0.15534201 -0.0170737129 -0.130449205
v -0.156224835 -2.86632018e-06 -0.131090305
v -0.159352947 -0.0040376896 -0.139517283
v -0.162396981 -3.8217601e-06 -0.125726453
v -0.157117214 -0.00609284095 -0.122755982
v -0.131918441 0.0167880371 -0.123987554
v -0.143075115 0.0157131667 -0.122106283
v -0.138823406 0.0175982493 -0.122117758
v -0.150248557 0.0157504289 -0.119180745
v -0.156671982 0.0135672485 -0.127487334
v -0.157972333 0.0182555935 -0.124336279
v -0.154575744 0.0195272838 -0.132078222
v -0.153116791 0.0083142388 -0.132396394
v -0.15534201 0.0170737129 -0.130449205
v -0.153722539 0.0187801298 -0.12552773
v -0.159352947 0.0040376896 -0.139517283
v -0.157117214 0.00609284095 -0.122755982
v -0.134469467 -7.6435202e-06 -0.119378499
v -0.126894739 -0.0148628252 -0.120686496
v -0.132506995 -0.0175992049 -0.119918344
v -0.126894739 0.0148628252 -0.120686496
v -0.132506995 0.0175992049 -0.119918344
v -0.139792224 -0.0177071707 -0.119409081
v -0.155874188 -0.0126309172 -0.11630105
v -0.147800722 -0.0111337422 -0.119375652
v -0.155775781 -0.00794448359 -0.118239611
v -0.144438526 -0.0135137434 -0.119042189
v -0.147800722 0.0111337422 -0.119375652
v -0.155874188 0.0126309172 -0.11630105
v -0.155775781 0.00794448359 -0.118239611
v -0.144438526 0.0135137434 -0.119042189
v -0.155388829 -0.016763195 -0.121470935
v -0.154497397 -0.0145207773 -0.119320241
v -0.166414603 -0.0274593464 -0.115980002
v -0.162156209 -0.0166504527 -0.122908861
v -0.157680927 -0.0167937693 -0.12016197
v -0.166123196 -0.00997957077 -0.134134325
v -0.16255176 -0.0122172119 -0.133314549
v -0.167243925 -0.0199944942 -0.122894538
v -0.160860634 -0.0100091894 -0.124914336
v -0.153610749 -0.00947127725 -0.133827628
v -0.166127019 -0.0134573731 -0.137010204
v -0.156804786 -0.0207722207 -0.125035665
v -0.158172978 -0.0189435102 -0.126486034
v -0.158772042 -0.019210078 -0.121391634
v -0.161332618 -1.91088005e-06 -0.135706991
v -0.159165678 -0.00529122667 -0.140259638
v -0.171360914 -3.8217601e-06 -0.133969031
v -0.163373437 -0.00391348234 -0.12817143
v -0.160292144 -0.00655240777 -0.129181329
v -0.16012112 -0.00821200705 -0.126120082
v -0.163373437 0.00391348234 -0.12817143
v -0.160292144 0.00655240777 -0.129181329
v -0.16012112 0.00821200705 -0.126120082
v -0.157972333 -0.0089610724 -0.122315541
v -0.139792224 0.0177071707 -0.119409081
v -0.155388829 0.016763195 -0.121470935
v -0.154497397 0.0145207773 -0.119320241
v -0.16255176 0.0122172119 -0.133314549
v -0.166123196 0.00997957077 -0.134134325
v -0.162156209 0.0166504527 -0.122908861
v -0.167243925 0.0199944942 -0.122894538
v -0.160860634 0.0100091894 -0.124914336
v -0.166414603 0.0274593464 -0.115980002
v -0.157680927 0.0167937693 -0.12016197
v -0.153610749 0.00947127725 -0.133827628
v -0.166127019 0.0134573731 -0.137010204
v -0.158172978 0.0189435102 -0.126486034
v -0.156804786 0.0207722207 -0.125035665
v -0.158772042 0.019210078 -0.121391634
v -0.159165678 0.00529122667 -0.140259638
v -0.157972333 0.0089610724 -0.122315541
v -0.171001675 -0.0230155941 -0.117828784
v -0.161067963 -0.0109913821 -0.120769641
v -0.171001675 0.0230155941 -0.117828784
v -0.161067963 0.0109913821 -0.120769641
v -0.169590487 -0.0304259873 -0.118993469
v -0.171103905 -0.023642364 -0.120487774
v -0.168151594 -0.00810117605 -0.135961124
v -0.168456376 -0.00766549564 -0.139124594
v -0.166305681 -0.0132653289 -0.141658411
v -0.165936882 -0.00698617728 -0.132683956
v -0.160181315 -0.0105146177 -0.141768293
v -0.160982924 -0.00420775789 -0.137893022
v -0.16360561 -9.55440025e-07 -0.139200079
v -0.160982924 0.00420775789 -0.137893022
v -0.170024258 -0.00330486708 -0.132315157
v -0.177355345 1.24207202e-05 -0.142175305
v -0.169925844 -0.0032150557 -0.135487226
v -0.170024258 0.00330486708 -0.132315157
v -0.169925844 0.0032150557 -0.135487226
v -0.165936882 0.00698617728 -0.132683956
v -0.168456376 0.00766549564 -0.139124594
v -0.168151594 0.00810117605 -0.135961124
v -0.166305681 0.0132653289 -0.141658411
v -0.169590487 0.0304259873 -0.118993469
v -0.171103905 0.023642364 -0.120487774
v -0.160181315 0.0105146177 -0.141768293
v -0.17022681 -0.0033545499 -0.138490186
v -0.169525516 -0.00393259129 -0.140042777
v -0.165479228 -0.00603073755 -0.141316377
v -0.169572335 0 -0.143510068
v -0.165479228 0.00603073755 -0.141316377
v -0.169525516 0.00393259129 -0.140042777
v -0.182988621 1.62424807e-05 -0.147073859
v -0.17022681 0.0033545499 -0.138490186
v -0.17674482 -0.00364882544 -0.147784692
v -0.171961886 -0.00366315715 -0.145077922
v -0.177564588 -0.00284434504 -0.153930079
v -0.179027365 2.86632018e-06 -0.154253975
v -0.177564588 0.00284434504 -0.153930079
v -0.171961886 0.00366315715 -0.145077922
v -0.18422687 -0.00368990945 -0.149424244
v -0.184970207 1.71979211e-05 -0.150362473
v -0.17674482 0.00364882544 -0.147784692
v -0.18422687 0.00368990945 -0.149424244
v -0.18293321 -0.00429661382 -0.152022071
v -0.182198473 1.62424807e-05 -0.153390263
v -0.18293321 0.00429661382 -0.152022071
v -0.123194318 -1.91088001e-05 -0.118963856
v -0.123703568 -0.00631928041 -0.118641868
v -0.133399373 -2.86632018e-06 -0.117146596
v -0.122342067 -0.0075804615 -0.115849106
v -0.122419457 -2.00642404e-05 -0.117929099
v -0.123703568 0.00631928041 -0.118641868
v -0.122342067 0.0075804615 -0.115849106
v -0.126725627 -0.01287551 -0.117677813
v -0.131641364 -0.0160647695 -0.116621102
v -0.142603128 -0.00379978478 -0.116130973
v -0.142672876 -1.91088005e-06 -0.115902609
v -0.142850587 -0.0111853368 -0.115895918
v -0.139494126 -0.0161507584 -0.115474583
v -0.126725627 0.01287551 -0.117677813
v -0.131641364 0.0160647695 -0.116621102
v -0.142603128 0.00379978478 -0.116130973
v -0.142850587 0.0111853368 -0.115895918
v -0.139494126 0.0161507584 -0.115474583
v -0.122457673 -2.10196808e-05 -0.114434102
v -0.123388275 -0.00811550754 -0.113900977
v -0.126106499 -0.0136790351 -0.114505772
v -0.123388275 0.00811550754 -0.113900977
v -0.126106499 0.0136790351 -0.114505772
v -0.131953792 -0.0166141461 -0.112832791
v -0.145102558 -0.00391061622 -0.113084077
v -0.145088229 -1.91088005e-06 -0.113183424
v -0.145102558 0.00391061622 -0.113084077
v -0.139910698 -0.016731665 -0.111355685
v -0.14496402 -0.0125611702 -0.115040805
v -0.145658626 -0.00743236784 -0.11188881
v -0.131953792 0.0166141461 -0.112832791
v -0.14496402 0.0125611702 -0.115040805
v -0.139910698 0.016731665 -0.111355685
v -0.145658626 0.00743236784 -0.11188881
v -0.1213293 -2.29305615e-05 -0.107342826
v -0.122471049 -0.00783269692 -0.107912284
v -0.127208121 -0.0133369872 -0.112124806
v -0.122471049 0.00783269692 -0.107912284
v -0.127208121 0.0133369872 -0.112124806
v -0.131617478 -0.0151141059 -0.109712318
v -0.14422451 -0.00501414918 -0.107798586
v -0.143856664 -3.8217601e-06 -0.107856845
v -0.14422451 0.00501414918 -0.107798586
v -0.139469285 -0.0158364178 -0.108657515
v -0.143496464 -0.0149736562 -0.108970903
v -0.145535372 -0.00766931743 -0.107086785
v -0.131617478 0.0151141059 -0.109712318
v -0.143496464 0.0149736562 -0.108970903
v -0.139469285 0.0158364178 -0.108657515
v -0.145535372 0.00766931743 -0.107086785
v -0.120545839 -2.38860001e-05 -0.104609319
v -0.121039801 -0.00866393029 -0.104793719
v -0.126722758 -0.0138500582 -0.106563199
v -0.121039801 0.00866393029 -0.104793719
v -0.126722758 0.0138500582 -0.106563199
v -0.130322857 -0.0151838537 -0.105654583
v -0.144091702 -0.00518135134 -0.100305053
v -0.143362702 -0.00801900803 -0.101135337
v -0.143546148 -5.73264036e-06 -0.100350926
v -0.144091702 0.00518135134 -0.100305053
v -0.143362702 0.00801900803 -0.101135337
v -0.137724652 -0.0159501158 -0.103694951
v -0.141126972 -0.0162606337 -0.102193016
v -0.148021426 -0.0134898579 -0.108264825
v -0.145656715 -0.016538666 -0.106716049
v -0.145936657 -0.0197756974 -0.101223237
v -0.151507827 -0.00294371067 -0.104444994
v -0.130322857 0.0151838537 -0.105654583
v -0.141126972 0.0162606337 -0.102193016
v -0.137724652 0.0159501158 -0.103694951
v -0.145656715 0.016538666 -0.106716049
v -0.148021426 0.0134898579 -0.108264825
v -0.145936657 0.0197756974 -0.101223237
v -0.151507827 0.00294371067 -0.104444994
v -0.120211435 -2.48414404e-05 -0.101432466
v -0.120849669 -0.00882348888 -0.101464016
v -0.124913157 -0.0146602722 -0.104204215
v -0.120849669 0.00882348888 -0.101464016
v -0.124913157 0.0146602722 -0.104204215
v -0.129479205 -0.0167880371 -0.10355164
v -0.141614246 -0.00660591237 -0.0965358492
v -0.142344203 -0.00860947046 -0.0976336486
v -0.140487784 -6.68808028e-06 -0.0974683551
v -0.141614246 0.00660591237 -0.0965358492
v -0.142344203 0.00860947046 -0.0976336486
v -0.135671411 -0.0175982493 -0.101015915
v -0.141426024 -0.0157131667 -0.0989158478
v -0.143791696 -0.0157504289 -0.098445765
v -0.153501835 -0.0182555935 -0.10134935
v -0.152583651 -0.0135672485 -0.104611227
v -0.151061638 -0.0195272838 -0.109384607
v -0.149745996 -0.0083142388 -0.109844182
v -0.149694404 -0.0187801298 -0.102950661
v -0.151622479 -0.0170737129 -0.107688704
v -0.152491929 -2.86632018e-06 -0.108240935
v -0.15612069 -0.0040376896 -0.116320157
v -0.157699079 -3.8217601e-06 -0.102300022
v -0.152574098 -0.00609284095 -0.0998607685
v -0.129479205 0.0167880371 -0.10355164
v -0.141426024 0.0157131667 -0.0989158478
v -0.135671411 0.0175982493 -0.101015915
v -0.143791696 0.0157504289 -0.098445765
v -0.152583651 0.0135672485 -0.104611227
v -0.153501835 0.0182555935 -0.10134935
v -0.151061638 0.0195272838 -0.109384607
v -0.149745996 0.0083142388 -0.109844182
v -0.151622479 0.0170737129 -0.107688704
v -0.149694404 0.0187801298 -0.102950661
v -0.15612069 0.0040376896 -0.116320157
v -0.152574098 0.00609284095 -0.0998607685
v -0.131418748 -7.6435202e-06 -0.0987152176
v -0.124560599 -0.0148628252 -0.100757938
v -0.129659782 -0.0175992049 -0.0994442175
v -0.124560599 0.0148628252 -0.100757938
v -0.129659782 0.0175992049 -0.0994442175
v -0.136323975 -0.0177071707 -0.0982250605
v -0.150857174 -0.0126309172 -0.0935596551
v -0.143395188 -0.0111337422 -0.0972065621
v -0.150938387 -0.00794448359 -0.0954982446
v -0.140269945 -0.0135137434 -0.0972037147
v -0.143395188 0.0111337422 -0.0972065621
v -0.150857174 0.0126309172 -0.0935596551
v -0.150938387 0.00794448359 -0.0954982446
v -0.140269945 0.0135137434 -0.0972037147
v -0.150868639 -0.016763195 -0.0987515224
v -0.149856828 -0.0145207773 -0.0966982668
v -0.160534824 -0.0274593464 -0.092208662
v -0.15722805 -0.0166504527 -0.0995197029
v -0.152863597 -0.0167937693 -0.0972237606
v -0.161877218 -0.00997957077 -0.110301822
v -0.158515026 -0.0122172119 -0.109835583
v -0.161911615 -0.0199944942 -0.0990075636
v -0.156212413 -0.0100091894 -0.101642664
v -0.150327862 -0.00947127725 -0.111220005
v -0.162135188 -0.0134573731 -0.11316241
v -0.152489067 -0.0207722207 -0.102158619
v -0.153877319 -0.0189435102 -0.103468523
v -0.153976687 -0.019210078 -0.0983406663
v -0.157605449 -1.91088005e-06 -0.112335003
v -0.156013684 -0.00529122667 -0.117076862
v -0.166684995 -3.8217601e-06 -0.109624417
v -0.158815031 -0.00391348234 -0.104637024
v -0.156068141 -0.00655240777 -0.105943114
v -0.155639154 -0.00821200705 -0.102914356
v -0.158815031 0.00391348234 -0.104637024
v -0.156068141 0.00655240777 -0.105943114
v -0.155639154 0.00821200705 -0.102914356
v -0.153322212 -0.0089610724 -0.0993381506
v -0.136323975 0.0177071707 -0.0982250605
v -0.150868639 0.016763195 -0.0987515224
v -0.149856828 0.0145207773 -0.0966982668
v -0.158515026 0.0122172119 -0.109835583
v -0.161877218 0.00997957077 -0.110301822
v -0.15722805 0.0166504527 -0.0995197029
v -0.161911615 0.0199944942 -0.0990075636
v -0.156212413 0.0100091894 -0.101642664
v -0.160534824 0.0274593464 -0.092208662
v -0.152863597 0.0167937693 -0.0972237606
v -0.150327862 0.00947127725 -0.111220005
v -0.162135188 0.0134573731 -0.11316241
v -0.153877319 0.0189435102 -0.103468523
v -0.152489067 0.0207722207 -0.102158619
v -0.153976687 0.019210078 -0.0983406663
v -0.156013684 0.00529122667 -0.117076862
v -0.153322212 0.0089610724 -0.0993381506
v -0.164922206 -0.0230155941 -0.0935997755
v -0.156035659 -0.0109913821 -0.0974979684
v -0.164922206 0.0230155941 -0.0935997755
v -0.156035659 0.0109913821 -0.0974979684
v -0.163725999 -0.0304259873 -0.0948963257
v -0.165251832 -0.023642364 -0.0962358437
v -0.163906576 -0.00810117605 -0.111921299
v -0.164468375 -0.00766549564 -0.115038897
v -0.162713231 -0.0132653289 -0.117770497
v -0.161576258 -0.00698617728 -0.108876311
v -0.157082824 -0.0105146177 -0.118478482
v -0.157477421 -0.00420775789 -0.114543985
v -0.160007422 -9.55440025e-07 -0.115588281
v -0.157477421 0.00420775789 -0.114543985
v -0.165308204 -0.00330486708 -0.108109099
v -0.172933573 1.24207202e-05 -0.117203914
v -0.165498334 -0.0032150557 -0.111275416
v -0.165308204 0.00330486708 -0.108109099
v -0.165498334 0.0032150557 -0.111275416
v -0.161576258 0.00698617728 -0.108876311
v -0.164468375 0.00766549564 -0.115038897
v -0.163906576 0.00810117605 -0.111921299
v -0.162713231 0.0132653289 -0.117770497
v -0.163725999 0.0304259873 -0.0948963257
v -0.165251832 0.023642364 -0.0962358437
v -0.157082824 0.0105146177 -0.118478482
v -0.16604198 -0.0033545499 -0.114234412
v -0.165534646 -0.00393259129 -0.115847198
v -0.161921168 -0.00603073755 -0.117510611
v -0.165885293 0 -0.119292507
v -0.161921168 0.00603073755 -0.117510611
v -0.165534646 0.00393259129 -0.115847198
v -0.178554427 1.62424807e-05 -0.121526346
v -0.16604198 0.0033545499 -0.114234412
v -0.173694101 -0.00237809032 -0.122884971
v -0.16822421 -0.00366315715 -0.120619638
v -0.174994453 -0.00185355364 -0.128919536
v -0.17554479 2.86632018e-06 -0.129058063
v -0.174994453 0.00185355364 -0.128919536
v -0.16822421 0.00366315715 -0.120619638
v -0.180729005 -0.00240484262 -0.123784048
v -0.181497178 1.14652807e-05 -0.124644884
v -0.173694101 0.00237809032 -0.122884971
v -0.180729005 0.00240484262 -0.123784048
v -0.179767833 -0.00280039469 -0.126496541
v -0.17838818 1.62424807e-05 -0.127888623
v -0.179767833 0.00280039469 -0.126496541
v -0.120181816 -0.00125831453 -0.0985957678
v -0.120677689 -0.00755848644 -0.0982508582
v -0.130303747 -0.00124207204 -0.0963151447
v -0.119201536 -0.00881966709 -0.0955240423
v -0.119364916 -0.00126022543 -0.097598312
v -0.120677689 0.00508007482 -0.0982508582
v -0.119201536 0.00634125547 -0.0955240423
v -0.123657706 -0.0141147155 -0.0971502114
v -0.128525674 -0.0173039742 -0.0958708597
v -0.139459729 -0.00503899081 -0.094881035
v -0.139519924 -0.00124111659 -0.0946507631
v -0.139696678 -0.0124245424 -0.0946354723
v -0.136324933 -0.0173899631 -0.094367956
v -0.123657706 0.0116363044 -0.0971502114
v -0.128525674 0.014825563 -0.0958708597
v -0.139459729 0.00256057919 -0.094881035
v -0.139696678 0.00994613034 -0.0946354723
v -0.136324933 0.0149115528 -0.094367956
v -0.119258862 -0.00126022543 -0.0941052233
v -0.120166529 -0.00935471313 -0.0935300418
v -0.122907685 -0.0149182407 -0.0940106316
v -0.120166529 0.00687630196 -0.0935300418
v -0.122907685 0.0124388739 -0.0940106316
v -0.128681411 -0.0178533526 -0.0920729818
v -0.141830178 -0.00514982181 -0.0917242567
v -0.141820621 -0.00124111659 -0.0918236321
v -0.141830178 0.00267141041 -0.0917242567
v -0.136571435 -0.0179718272 -0.0902337678
v -0.141773806 -0.0138003758 -0.0936838602
v -0.142336558 -0.00867157387 -0.09050416
v -0.128681411 0.0153749414 -0.0920729818
v -0.141773806 0.0113219647 -0.0936838602
v -0.136571435 0.0154924603 -0.0902337678
v -0.142336558 0.00619316225 -0.09050416
v -0.117837167 -0.00126213632 -0.0870731739
v -0.119001849 -0.0090719034 -0.0875910081
v -0.123909942 -0.0145761928 -0.091581885
v -0.119001849 0.00659349178 -0.0875910081
v -0.123909942 0.0120977816 -0.091581885
v -0.128216112 -0.0163533123 -0.088971643
v -0.140734286 -0.00625335476 -0.0864836698
v -0.140369309 -0.00124302749 -0.0865591553
v -0.140734286 0.00377494359 -0.0864836698
v -0.136018236 -0.0170756243 -0.0875585474
v -0.14005497 -0.0162138166 -0.0876884757
v -0.142015531 -0.00890852302 -0.0857135815
v -0.128216112 0.0138749003 -0.088971643
v -0.14005497 0.0137344506 -0.0876884757
v -0.136018236 0.0145972131 -0.0875585474
v -0.142015531 0.0064301114 -0.0857135815
v -0.116940964 -0.00126309177 -0.0843788187
v -0.117442569 -0.00990409154 -0.0845402967
v -0.123194318 -0.0150892638 -0.0860489522
v -0.117442569 0.00742472426 -0.0845402967
v -0.123194318 0.0126108526 -0.0860489522
v -0.12675429 -0.0164230584 -0.0849769505
v -0.138151732 -0.00642055693 -0.0804758706
v -0.139535211 -0.00925821362 -0.0797726685
v -0.137608086 -0.00124493838 -0.0805465723
v -0.138151732 0.00394214576 -0.0804758706
v -0.139535211 0.00677980245 -0.0797726685
v -0.134069136 -0.0171893223 -0.0826819764
v -0.137407445 -0.0174998402 -0.081026194
v -0.144548405 -0.0147290635 -0.0867769839
v -0.142121588 -0.0177778725 -0.0853380905
v -0.140032995 -0.0210149039 -0.081309001
v -0.147873335 -0.00418291626 -0.0828023658
v -0.12675429 0.0139446473 -0.0849769505
v -0.137407445 0.0150214273 -0.081026194
v -0.134069136 0.0147109102 -0.0826819764
v -0.142121588 0.0152994613 -0.0853380905
v -0.144548405 0.0122506523 -0.0867769839
v -0.140032995 0.0185364927 -0.081309001
v -0.147873335 0.00170450497 -0.0828023658
v -0.116475665 -0.0012640471 -0.0812201326
v -0.117114855 -0.0100626945 -0.0812230086
v -0.121288216 -0.0158994778 -0.0837759602
v -0.117114855 0.00758428329 -0.0812230086
v -0.121288216 0.0134210657 -0.0837759602
v -0.125824646 -0.0180281974 -0.0829150957
v -0.137598533 -0.00784511796 -0.0752582055
v -0.138373394 -0.00984867605 -0.0763216079
v -0.136510286 -0.00124684927 -0.0762413388
v -0.137598533 0.00536670679 -0.0752582055
v -0.138373394 0.00737026443 -0.0763216079
v -0.131906976 -0.0188374557 -0.0800994114
v -0.135430639 -0.0169523731 -0.0792099018
v -0.139852415 -0.0169896353 -0.0770658985
v -0.149738354 -0.0194947982 -0.0796188217
v -0.148955847 -0.0148064541 -0.0829198794
v -0.147632563 -0.0207664885 -0.0877572697
v -0.146336988 -0.00955440006 -0.088276072
v -0.145999717 -0.0200193345 -0.0813921176
v -0.148122706 -0.0183129194 -0.086037477
v -0.149014131 -0.00124207204 -0.0865495879
v -0.152974426 -0.00527689519 -0.0944539485
v -0.15397191 -0.00124302749 -0.0803774348
v -0.148749472 -0.00733204698 -0.0781742049
v -0.125824646 0.0155488306 -0.0829150957
v -0.135430639 0.0144739611 -0.0792099018
v -0.131906976 0.0163590446 -0.0800994114
v -0.139852415 0.0145112233 -0.0770658985
v -0.148955847 0.0123280429 -0.0829198794
v -0.149738354 0.0170154313 -0.0796188217
v -0.147632563 0.0182871217 -0.0877572697
v -0.146336988 0.00707503322 -0.088276072
v -0.148122706 0.0158345082 -0.086037477
v -0.145999717 0.0175409233 -0.0813921176
v -0.152974426 0.00279848379 -0.0944539485
v -0.148749472 0.00485363537 -0.0781742049
v -0.127562591 -0.00124684927 -0.0779955285
v -0.120793299 -0.0161020299 -0.0803487896
v -0.125835156 -0.0188384114 -0.0788047975
v -0.120793299 0.0136236196 -0.0803487896
v -0.125835156 0.0163600002 -0.0788047975
v -0.132443935 -0.0189463754 -0.0772818194
v -0.146772667 -0.0138701228 -0.0719590556
v -0.139405268 -0.0123739035 -0.0758458019
v -0.146934138 -0.00918368917 -0.0738919217
v -0.136281936 -0.0147529499 -0.0759862373
v -0.139405268 0.00989453663 -0.0758458019
v -0.146772667 0.0113917116 -0.0719590556
v -0.146934138 0.006705278 -0.0738919217
v -0.136281936 0.0122745378 -0.0759862373
v -0.146999109 -0.0180024015 -0.0771442314
v -0.145903217 -0.0157599838 -0.075140692
v -0.15638726 -0.0286985528 -0.0701685611
v -0.153385268 -0.0178896591 -0.0776219452
v -0.148929096 -0.0180329758 -0.0755285978
v -0.158477767 -0.0112187764 -0.0881795725
v -0.15509933 -0.0134564175 -0.0878671522
v -0.15804495 -0.0212336989 -0.0768977291
v -0.152459446 -0.011248395 -0.0797888988
v -0.146975223 -0.0107114385 -0.0896232496
v -0.158854205 -0.0146965787 -0.0910248701
v -0.148759029 -0.0220114272 -0.0804749024
v -0.150200788 -0.0201827149 -0.0817198287
v -0.150089001 -0.0204492827 -0.0765929398
v -0.154292937 -0.00124111659 -0.0904057527
v -0.152898948 -0.0065304327 -0.0952144694
v -0.163254963 -0.00124302749 -0.0872833714
v -0.155183408 -0.00515268793 -0.0826609623
v -0.152491929 -0.00779256858 -0.0840912565
v -0.151938729 -0.00945216831 -0.0810854206
v -0.155183408 0.00267427653 -0.0826609623
v -0.152491929 0.00531320218 -0.0840912565
v -0.151938729 0.00697280147 -0.0810854206
v -0.149475607 -0.010200278 -0.0776190978
v -0.132443935 0.0164679642 -0.0772818194
v -0.146999109 0.0155239903 -0.0771442314
v -0.145903217 0.0132815717 -0.075140692
v -0.15509933 0.0109780063 -0.0878671522
v -0.158477767 0.00874036518 -0.0881795725
v -0.153385268 0.015411248 -0.0776219452
v -0.15804495 0.0187552877 -0.0768977291
v -0.152459446 0.00876998383 -0.0797888988
v -0.15638726 0.0262201399 -0.0701685611
v -0.148929096 0.0155545628 -0.0755285978
v -0.146975223 0.00823207167 -0.0896232496
v -0.158854205 0.0122172119 -0.0910248701
v -0.150200788 0.0177043037 -0.0817198287
v -0.148759029 0.019533016 -0.0804749024
v -0.150089001 0.0179708715 -0.0765929398
v -0.152898948 0.00405202109 -0.0952144694
v -0.149475607 0.00772186592 -0.0776190978
v -0.160829099 -0.0242557562 -0.0713581048
v -0.152110714 -0.0122305877 -0.0756566184
v -0.160829099 0.0217763894 -0.0713581048
v -0.152110714 0.00975217654 -0.0756566184
v -0.159687349 -0.0316651938 -0.0727071617
v -0.161268607 -0.0248815687 -0.0739760064
v -0.160573044 -0.00934038164 -0.0897044584
v -0.16126287 -0.00890470123 -0.0927933824
v -0.159622378 -0.0145045354 -0.0956014356
v -0.158118521 -0.00822633854 -0.0867702924
v -0.154025414 -0.011754779 -0.0965654625
v -0.154256632 -0.00544696347 -0.09261855
v -0.156828676 -0.00124016114 -0.0935453325
v -0.154256632 0.00296855208 -0.09261855
v -0.161815115 -0.00454407267 -0.0858330029
v -0.169811192 -0.00122678499 -0.0945695543
v -0.162137096 -0.00445426151 -0.0889869053
v -0.161815115 0.00206566127 -0.0858330029
v -0.162137096 0.00197584989 -0.0889869053
v -0.158118521 0.0057469717 -0.0867702924
v -0.16126287 0.00642628961 -0.0927933824
v -0.160573044 0.00686197047 -0.0897044584
v -0.159622378 0.0120251685 -0.0956014356
v -0.159687349 0.0291867826 -0.0727071617
v -0.161268607 0.0224031575 -0.0739760064
v -0.154025414 0.00927541211 -0.0965654625
v -0.162802085 -0.00459375548 -0.0919181953
v -0.16236163 -0.00517179687 -0.093552024
v -0.158819808 -0.00726994313 -0.0953778551
v -0.162854635 -0.0012392057 -0.0969772583
v -0.158819808 0.00479057629 -0.0953778551
v -0.16236163 0.00269338548 -0.093552024
v -0.175423447 -0.0012229632 -0.101607327
v -0.162802085 0.00211438886 -0.0919181953
v -0.171051356 -0.0036172959 -0.10320673
v -0.165248009 -0.00490236296 -0.0981964153
v -0.172464451 -0.00309275934 -0.108518019
v -0.172969878 -0.0012372948 -0.108627901
v -0.172464451 0.000614347944 -0.108518019
v -0.165248009 0.00242395134 -0.0981964153
v -0.177473819 -0.0036440482 -0.103753238
v -0.178200911 -0.00122774044 -0.104573954
v -0.171051356 0.00113888451 -0.10320673
v -0.177473819 0.00116468136 -0.103753238
v -0.176690362 -0.00403960049 -0.106508728
v -0.175482688 -0.0012229632 -0.107967695
v -0.176690362 0.00156023354 -0.106508728
v -0.11608489 -0.0005436454 -0.0787895067
v -0.11654159 -0.00654476419 -0.0784388738
v -0.125623047 -0.000528358354 -0.0761534385
v -0.11502244 -0.007746708 -0.0759126881
v -0.115265123 -0.000544600791 -0.0778780149
v -0.11654159 0.00549378017 -0.0784388738
v -0.11502244 0.00669572353 -0.0759126881
v -0.119331475 -0.0127895202 -0.0772541138
v -0.123911854 -0.0158278203 -0.0758133126
v -0.134276468 -0.00414469881 -0.0743677278
v -0.134324241 -0.000527402907 -0.0741451154
v -0.134491442 -0.0111796037 -0.0741221936
v -0.131271607 -0.0159099866 -0.0740237578
v -0.119331475 0.0117385361 -0.0772541138
v -0.123911854 0.0147768354 -0.0758133126
v -0.134276468 0.00309371478 -0.0743677278
v -0.134491442 0.0101286197 -0.0741221936
v -0.131271607 0.0148590034 -0.0740237578
v -0.115017663 -0.000545556238 -0.0745607268
v -0.115857496 -0.00825595718 -0.0739712227
v -0.118486865 -0.0135548274 -0.0743018097
v -0.115857496 0.00720497316 -0.0739712227
v -0.118486865 0.0125038434 -0.0743018097
v -0.123900389 -0.016351401 -0.0721922034
v -0.136400411 -0.00425075279 -0.0712549138
v -0.136395634 -0.000527402907 -0.0713495056
v -0.136400411 0.00319976854 -0.0712549138
v -0.131332756 -0.0164631877 -0.0700797212
v -0.13642812 -0.0124904676 -0.0731218334
v -0.136831313 -0.00760530269 -0.070071122
v -0.123900389 0.015300417 -0.0721922034
v -0.13642812 0.0114394836 -0.0731218334
v -0.131332756 0.0154122036 -0.0700797212
v -0.136831313 0.00655431866 -0.070071122
v -0.113370485 -0.000547467133 -0.0679357179
v -0.114501726 -0.00798652327 -0.0683742511
v -0.119339118 -0.013229978 -0.071944733
v -0.114501726 0.00693553924 -0.0683742511
v -0.119339118 0.012178994 -0.071944733
v -0.12332808 -0.0149220625 -0.0692628211
v -0.135138276 -0.00530173682 -0.0663200559
v -0.134794316 -0.000529313801 -0.0664089243
v -0.135138276 0.00425075279 -0.0663200559
v -0.130695479 -0.0156099792 -0.0675602269
v -0.13454208 -0.0147892565 -0.0674971563
v -0.136324933 -0.00783078647 -0.0655279854
v -0.12332808 0.0138720342 -0.0692628211
v -0.13454208 0.0137382724 -0.0674971563
v -0.130695479 0.0145589952 -0.0675602269
v -0.136324933 0.00677980245 -0.0655279854
v -0.11240549 -0.00054842258 -0.0654143159
v -0.112888944 -0.00877858308 -0.0655451839
v -0.118426672 -0.0137182078 -0.0667146532
v -0.112888944 0.00772759905 -0.0655451839
v -0.118426672 0.0126672238 -0.0667146532
v -0.121769758 -0.0149889434 -0.0655308613
v -0.132428647 -0.00546033973 -0.0607240524
v -0.133716581 -0.00816327946 -0.059991237
v -0.131914622 -0.00053122464 -0.0608157682
v -0.132428647 0.00441031138 -0.0607240524
v -0.133716581 0.00711229544 -0.059991237
v -0.128636504 -0.0157188989 -0.0630104274
v -0.131743598 -0.0160141297 -0.0612820354
v -0.138780413 -0.0133752051 -0.0664232469
v -0.136409964 -0.0162787879 -0.0651658773
v -0.134254493 -0.0193629478 -0.0614291623
v -0.14177954 -0.00332875304 -0.0624887491
v -0.121769758 0.0139379594 -0.0655308613
v -0.131743598 0.0149631456 -0.0612820354
v -0.128636504 0.0146679149 -0.0630104274
v -0.136409964 0.0152278039 -0.0651658773
v -0.138780413 0.0123242211 -0.0664232469
v -0.134254493 0.0183119637 -0.0614291623
v -0.14177954 0.00227872446 -0.0624887491
v -0.111830316 -0.00054842258 -0.0624314303
v -0.112437976 -0.00893049808 -0.0624046644
v -0.116517703 -0.0144902039 -0.0646394439
v -0.112437976 0.00787951406 -0.0624046644
v -0.116517703 0.013439219 -0.0646394439
v -0.120799031 -0.0165166909 -0.0636123463
v -0.13168436 -0.00681706467 -0.0557853789
v -0.13246591 -0.00872698937 -0.056760881
v -0.130689745 -0.000532180087 -0.0567704484
v -0.13168436 0.00576703587 -0.0557853789
v -0.13246591 0.00767600534 -0.056760881
v -0.126470522 -0.0172877313 -0.0606533506
v -0.129785898 -0.0154924603 -0.0596443912
v -0.133905757 -0.0155278112 -0.0574010125
v -0.143420028 -0.0179145012 -0.0593749671
v -0.142814279 -0.0134487739 -0.0625508516
v -0.141756607 -0.0191259986 -0.0672134096
v -0.14054511 -0.00844513441 -0.0677675485
v -0.139936496 -0.0184141955 -0.0612342555
v -0.142151204 -0.0167880371 -0.0655547513
v -0.143021611 -0.000528358354 -0.066000944
v -0.147120449 -0.00437113826 -0.0733377542
v -0.147481603 -0.000529313801 -0.0599014005
v -0.142419682 -0.00632883488 -0.0580459561
v -0.120799031 0.0154657069 -0.0636123463
v -0.129785898 0.0144424311 -0.0596443912
v -0.126470522 0.0162367473 -0.0606533506
v -0.133905757 0.0144768272 -0.0574010125
v -0.142814279 0.0123977899 -0.0625508516
v -0.143420028 0.0168635172 -0.0593749671
v -0.141756607 0.0180750146 -0.0672134096
v -0.14054511 0.00739510562 -0.0677675485
v -0.142151204 0.0157380087 -0.0655547513
v -0.139936496 0.0173641671 -0.0612342555
v -0.147120449 0.00332015402 -0.0733377542
v -0.142419682 0.00527785086 -0.0580459561
v -0.122247479 -0.000532180087 -0.0588523492
v -0.115903355 -0.014683202 -0.0614023964
v -0.120636606 -0.0172896427 -0.0597007704
v -0.115903355 0.013632218 -0.0614023964
v -0.120636606 0.0162386587 -0.0597007704
v -0.126863208 -0.0173918744 -0.0579484885
v -0.140278544 -0.0125563928 -0.0522244644
v -0.133428993 -0.0111308761 -0.056261185
v -0.140512624 -0.00809257681 -0.0540550792
v -0.130462352 -0.0133981359 -0.0565382687
v -0.133428993 0.0100798921 -0.056261185
v -0.140278544 0.0115054088 -0.0522244644
v -0.140512624 0.00704159278 -0.0540550792
v -0.130462352 0.0123471518 -0.0565382687
v -0.1407104 -0.0164928063 -0.0571468791
v -0.13958298 -0.0143564422 -0.0552904665
v -0.14935331 -0.0284969546 -0.0500775852
v -0.146808018 -0.0163848405 -0.0573064492
v -0.142479877 -0.016522425 -0.0555197703
v -0.152096377 -0.0100311645 -0.0671149738
v -0.148867947 -0.0121627512 -0.0669735703
v -0.151212598 -0.0195712339 -0.0564025885
v -0.146016915 -0.0100598283 -0.0594103037
v -0.141209142 -0.00954771215 -0.0690191663
v -0.152574098 -0.0133436751 -0.0698055134
v -0.142524781 -0.0203117 -0.0602338953
v -0.143948387 -0.0185689766 -0.0613517691
v -0.14362736 -0.0188240799 -0.0564799817
v -0.148206784 -0.000527402907 -0.0694262068
v -0.147081275 -0.00556543805 -0.0740648463
v -0.156605103 -0.000528358354 -0.0660429722
v -0.148730366 -0.00425361891 -0.0620177267
v -0.146229024 -0.00676738185 -0.0635015242
v -0.145575503 -0.00834767923 -0.0606686414
v -0.148730366 0.00320263489 -0.0620177267
v -0.146229024 0.00571639783 -0.0635015242
v -0.145575503 0.00729765088 -0.0606686414
v -0.143086579 -0.00906139281 -0.0574841575
v -0.126863208 0.0163418461 -0.0579484885
v -0.1407104 0.0154418223 -0.0571468791
v -0.13958298 0.0133054581 -0.0552904665
v -0.148867947 0.0111117671 -0.0669735703
v -0.152096377 0.00898113612 -0.0671149738
v -0.146808018 0.0153348122 -0.0573064492
v -0.151212598 0.0185202499 -0.0564025885
v -0.146016915 0.00900884432 -0.0594103037
v -0.14935331 0.027375267 -0.0500775852
v -0.142479877 0.0154714409 -0.0555197703
v -0.141209142 0.00849672812 -0.0690191663
v -0.152574098 0.0122926911 -0.0698055134
v -0.143948387 0.0175189483 -0.0613517691
v -0.142524781 0.019260716 -0.0602338953
v -0.14362736 0.0177730959 -0.0564799817
v -0.147081275 0.00451445402 -0.0740648463
v -0.143086579 0.00801040878 -0.0574841575
v -0.153630816 -0.0239767683 -0.0510043678
v -0.145512443 -0.0109952039 -0.0554958804
v -0.153630816 0.0228541251 -0.0510043678
v -0.145512443 0.00994421989 -0.0554958804
v -0.15260085 -0.031515191 -0.0523410098
v -0.154158218 -0.0246140452 -0.0534741743
v -0.154154395 -0.00824258137 -0.068469811
v -0.154939767 -0.00782696468 -0.071376243
v -0.153496097 -0.0131611867 -0.0741231333
v -0.151695096 -0.00718013197 -0.0657907465
v -0.148209649 -0.0105413702 -0.0752983259
v -0.148265063 -0.00453356297 -0.0715319976
v -0.150751122 -0.000526447459 -0.072296334
v -0.148265063 0.00348257894 -0.0715319976
v -0.155174809 -0.00367366685 -0.0647292519
v -0.163149864 -0.000513071308 -0.072671825
v -0.155612402 -0.00358767726 -0.0677150134
v -0.155174809 0.00262268282 -0.0647292519
v -0.155612402 0.00253669323 -0.0677150134
v -0.151695096 0.00612914795 -0.0657907465
v -0.154939767 0.00677598066 -0.071376243
v -0.154154395 0.0071915969 -0.068469811
v -0.153496097 0.0121102027 -0.0741231333
v -0.15260085 0.0303925478 -0.0523410098
v -0.154158218 0.0234914037 -0.0534741743
v -0.148209649 0.0094903862 -0.0752983259
v -0.156368154 -0.00372048354 -0.0704724107
v -0.156017506 -0.00427081696 -0.072047924
v -0.152723147 -0.00626959759 -0.0739473327
v -0.156629939 -0.000525492012 -0.0752840033
v -0.152723147 0.00521861357 -0.0739473327
v -0.156017506 0.00321983294 -0.072047924
v -0.168304465 -0.000544600791 -0.0783796187
v -0.156368154 0.00266949952 -0.0704724107
v -0.164209451 -0.00298001744 -0.0801022873
v -0.15895835 -0.00401475886 -0.076332115
v -0.165777326 -0.00244688185 -0.0850896804
v -0.166262692 -0.000558932389 -0.0851718573
v -0.165777326 0.00132423984 -0.0850896804
v -0.15895835 0.00296377506 -0.076332115
v -0.170345285 -0.00300772519 -0.0803258678
v -0.171071416 -0.000549378028 -0.0810739739
v -0.164209451 0.00185833088 -0.0801022873
v -0.170345285 0.00188508307 -0.0803258678
v -0.169715646 -0.00340996539 -0.0829838897
v -0.168626446 -0.000544600791 -0.0844275668
v -0.169715646 0.00228732349 -0.0829838897
v -0.112068219 -0.000512115861 -0.0599243508
v -0.112480015 -0.00616354361 -0.0595689057
v -0.120902218 -0.000496828815 -0.0569041923
v -0.110919782 -0.00729573999 -0.0572806515
v -0.111249408 -0.000513071308 -0.0591150818
v -0.112480015 0.00517466299 -0.0595689057
v -0.110919782 0.00630590414 -0.0572806515
v -0.115042505 -0.0120452323 -0.0582962739
v -0.119275104 -0.0149067754 -0.05668158
v -0.128948935 -0.00390392787 -0.0547324835
v -0.128982374 -0.000496828815 -0.0545203782
v -0.129139068 -0.0105289492 -0.0544897968
v -0.126105545 -0.0149841668 -0.0545796048
v -0.115042505 0.0110563516 -0.0582962739
v -0.119275104 0.0139169391 -0.05668158
v -0.128948935 0.00291409203 -0.0547324835
v -0.129139068 0.0095391129 -0.0544897968
v -0.126105545 0.0139943296 -0.0545796048
v -0.110846213 -0.000514026756 -0.056009899
v -0.111604831 -0.00777537097 -0.0554089198
v -0.114095664 -0.0127665894 -0.055569458
v -0.111604831 0.00678553513 -0.0554089198
v -0.114095664 0.011776754 -0.055569458
v -0.119078283 -0.0153997817 -0.0532782994
v -0.130786244 -0.0040032935 -0.0516855877
v -0.130786244 -0.000496828815 -0.0517753957
v -0.130786244 0.00301345788 -0.0516855877
v -0.125959361 -0.0155058361 -0.0508696272
v -0.130908542 -0.0117633773 -0.0534388092
v -0.131130204 -0.00716293392 -0.0505486076
v -0.119078283 0.0144099463 -0.0532782994
v -0.130908542 0.0107744976 -0.0534388092
v -0.125959361 0.0145160007 -0.0508696272
v -0.131130204 0.00617309808 -0.0505486076
v -0.10895444 -0.000514982147 -0.0498769266
v -0.110040775 -0.00752217899 -0.0502247121
v -0.114774982 -0.0124598933 -0.0533060049
v -0.110040775 0.0065323436 -0.0502247121
v -0.114774982 0.0114700579 -0.0533060049
v -0.118388456 -0.0140545226 -0.050558175
v -0.129344486 -0.00499312978 -0.0471185896
v -0.129024413 -0.000497784263 -0.0472217806
v -0.129344486 0.0040032935 -0.0471185896
v -0.125229407 -0.0147013553 -0.0485374086
v -0.128843836 -0.0139284044 -0.0482593852
v -0.130419356 -0.00737504144 -0.0463064447
v -0.118388456 0.0130646872 -0.050558175
v -0.128843836 0.012938569 -0.0482593852
v -0.125229407 0.0137115199 -0.0485374086
v -0.130419356 0.0063852056 -0.0463064447
v -0.107916832 -0.000515937595 -0.0475619065
v -0.10837831 -0.00826742255 -0.0476564982
v -0.113646606 -0.0129194601 -0.0484418772
v -0.10837831 0.00727854193 -0.0476564982
v -0.113646606 0.0119296238 -0.0484418772
v -0.116729812 -0.014116626 -0.0471376959
v -0.12650683 -0.00514313345 -0.0420127148
v -0.127679154 -0.00768842549 -0.0412502576
v -0.126028155 -0.000499695157 -0.0421283206
v -0.12650683 0.00415329761 -0.0420127148
v -0.127679154 0.00669859009 -0.0412502576
v -0.123057692 -0.0148035879 -0.0443774226
v -0.125890571 -0.0150825759 -0.0425764212
v -0.132191698 -0.0125965211 -0.0473058368
v -0.130480505 -0.015331947 -0.0459615351
v -0.128260062 -0.0182364836 -0.0425726056
v -0.134602271 -0.00313575424 -0.0434267501
v -0.116729812 0.0131267906 -0.0471376959
v -0.125890571 0.0140927405 -0.0425764212
v -0.123057692 0.0138147073 -0.0443774226
v -0.130480505 0.0143421107 -0.0459615351
v -0.132191698 0.0116066857 -0.0473058368
v -0.128260062 0.0172466482 -0.0425726056
v -0.134602271 0.0021459184 -0.0434267501
v -0.107221272 -0.000516893042 -0.0447901866
v -0.10779167 -0.00841073831 -0.0447299918
v -0.111744325 -0.0136465495 -0.0465997873
v -0.10779167 0.00742090247 -0.0447299918
v -0.111744325 0.0126576698 -0.0465997873
v -0.115717044 -0.0155564742 -0.0453892295
v -0.125550434 -0.00642055693 -0.0374132275
v -0.12633676 -0.00821869496 -0.0382855387
v -0.124666651 -0.000501605996 -0.0383954211
v -0.125550434 0.00543072109 -0.0374132275
v -0.12633676 0.00722885912 -0.0382855387
v -0.120898396 -0.0162826088 -0.0422859545
v -0.123965361 -0.01459148 -0.0411490029
v -0.127723104 -0.0146249204 -0.0388053091
v -0.135984796 -0.0168721147 -0.040405652
v -0.135578731 -0.0126662681 -0.0434258105
v -0.135031265 -0.0180129103 -0.0478791105
v -0.133921044 -0.00795403851 -0.0484686146
v -0.132804135 -0.0173431477 -0.0423519011
v -0.135110566 -0.0158115775 -0.0462873384
v -0.136158685 -0.000497784263 -0.046666645
v -0.140393196 -0.00411699106 -0.053330863
v -0.139831397 -0.00049873971 -0.0406693528
v -0.134974893 -0.00596099011 -0.039214229
v -0.115717044 0.0145666388 -0.0453892295
v -0.123965361 0.0136016446 -0.0411490029
v -0.120898396 0.0152927734 -0.0422859545
v -0.127723104 0.013635085 -0.0388053091
v -0.135578731 0.0116764327 -0.0434258105
v -0.135984796 0.0158822793 -0.040405652
v -0.135031265 0.0170230749 -0.0478791105
v -0.133921044 0.00696420222 -0.0484686146
v -0.135110566 0.0148217412 -0.0462873384
v -0.132804135 0.0163533123 -0.0423519011
v -0.140393196 0.00312715522 -0.053330863
v -0.134974893 0.00497115427 -0.039214229
v -0.116833955 -0.000501605996 -0.0408327385
v -0.110999083 -0.0138280831 -0.0435920436
v -0.115363532 -0.0162835645 -0.0417222482
v -0.110999083 0.0128392034 -0.0435920436
v -0.115363532 0.0152937291 -0.0417222482
v -0.121128657 -0.016380064 -0.0397206165
v -0.132659863 -0.0118264364 -0.0338637597
v -0.127215766 -0.0104830877 -0.037761013
v -0.132975159 -0.00762154551 -0.0355711376
v -0.124440213 -0.0126184962 -0.0381900073
v -0.127215766 0.00949420799 -0.037761013
v -0.132659863 0.010836601 -0.0338637597
v -0.132975159 0.00663170923 -0.0355711376
v -0.124440213 0.0116286608 -0.0381900073
v -0.133321029 -0.0155335434 -0.0384651548
v -0.132164947 -0.013521387 -0.0367855109
v -0.141088756 -0.0268392662 -0.0301891472
v -0.139065131 -0.0154322674 -0.0382693083
v -0.134901326 -0.0155612525 -0.0368361383
v -0.144520696 -0.00944834652 -0.0476756045
v -0.141706927 -0.0114547707 -0.047248518
v -0.143163972 -0.0184323497 -0.0360287771
v -0.138428808 -0.00947414337 -0.040291954
v -0.134609917 -0.00899164582 -0.0496075025
v -0.145109246 -0.0125669025 -0.0501769322
v -0.135187002 -0.0191298195 -0.0412636406
v -0.136583857 -0.0174893296 -0.0422334194
v -0.1360297 -0.0177291458 -0.0376721446
v -0.141212007 -0.000496828815 -0.0495912721
v -0.140393196 -0.00524154386 -0.0540168666
v -0.148705522 -0.000497784263 -0.0464106038
v -0.141115508 -0.00400616006 -0.0425878963
v -0.13883965 -0.00637374023 -0.044125197
v -0.138079119 -0.00786231556 -0.0414986962
v -0.141115508 0.00301632422 -0.0425878963
v -0.13883965 0.00538390439 -0.044125197
v -0.138079119 0.00687248017 -0.0414986962
v -0.135573954 -0.00853399035 -0.0386476468
v -0.121128657 0.0153902286 -0.0397206165
v -0.133321029 0.0145437081 -0.0384651548
v -0.132164947 0.0125315516 -0.0367855109
v -0.141706927 0.0104649344 -0.047248518
v -0.144520696 0.00845851023 -0.0476756045
v -0.139065131 0.0144424311 -0.0382693083
v -0.143163972 0.0174425125 -0.0360287771
v -0.138428808 0.00848430709 -0.040291954
v -0.141088756 0.0257825499 -0.0301891472
v -0.134901326 0.0145714162 -0.0368361383
v -0.134609917 0.0080027661 -0.0496075025
v -0.145109246 0.0115780219 -0.0501769322
v -0.136583857 0.0164994942 -0.0422334194
v -0.135187002 0.0181399841 -0.0412636406
v -0.1360297 0.0167393086 -0.0376721446
v -0.140393196 0.00425170802 -0.0540168666
v -0.135573954 0.00754415406 -0.0386476468
v -0.145159884 -0.022581825 -0.0308168639
v -0.137752358 -0.0103550591 -0.0366402633
v -0.145159884 0.0215251088 -0.0308168639
v -0.137752358 0.00936522283 -0.0366402633
v -0.14425986 -0.0296817003 -0.0321324919
v -0.145782831 -0.0231818415 -0.0331089621
v -0.146526165 -0.00776294993 -0.0488316908
v -0.147415678 -0.00737121965 -0.0515183864
v -0.146199404 -0.0123949238 -0.0541830998
v -0.144075461 -0.0067626044 -0.0464536001
v -0.141517747 -0.00992797706 -0.0551117901
v -0.141375386 -0.00426986129 -0.0515680741
v -0.143523215 -0.000495873368 -0.0526219091
v -0.141375386 0.00328002567 -0.0515680741
v -0.147292427 -0.00345964843 -0.0452573934
v -0.155204429 -0.000483452664 -0.0522693684
v -0.147859002 -0.0033793913 -0.0480386807
v -0.147292427 0.00246981237 -0.0452573934
v -0.147859002 0.00238955546 -0.0480386807
v -0.144075461 0.00577276855 -0.0464536001
v -0.147415678 0.00638233948 -0.0515183864
v -0.146526165 0.00677311454 -0.0488316908
v -0.146199404 0.0114050875 -0.0541830998
v -0.14425986 0.0286240284 -0.0321324919
v -0.145782831 0.0221251252 -0.0331089621
v -0.141517747 0.00893814166 -0.0551117901
v -0.14871221 -0.00350359856 -0.0505877883
v -0.148463797 -0.00402240244 -0.0520887842
v -0.145463716 -0.00590461939 -0.0540627103
v -0.14920713 -0.000494917921 -0.0550955597
v -0.145463716 0.00491478355 -0.0540627103
v -0.148463797 0.0030325666 -0.0520887842
v -0.160346601 -0.000513071308 -0.0573408462
v -0.14871221 0.00251376272 -0.0505877883
v -0.156585035 -0.00280708282 -0.0591943828
v -0.151450501 -0.00378067628 -0.0559487646
v -0.15831725 -0.00230452132 -0.0637929305
v -0.158776819 -0.000526447459 -0.06384165
v -0.15831725 0.00124780472 -0.0637929305
v -0.151450501 0.00279084021 -0.0559487646
v -0.162367361 -0.00283287967 -0.0590548871
v -0.163088715 -0.000517848489 -0.0597160611
v -0.156585035 0.00175036611 -0.0591943828
v -0.162367361 0.00177520752 -0.0590548871
v -0.161911615 -0.00321123391 -0.0615887324
v -0.160962864 -0.000513071308 -0.0630084911
v -0.161911615 0.0021545172 -0.0615887324
v -0.106954704 -8.79004844e-05 -0.0421063384
v -0.10734739 -0.00600016323 -0.0417566452
v -0.115439968 -7.26134388e-05 -0.0390642262
v -0.105812954 -0.00718395376 -0.0395725215
v -0.106155002 -8.88559248e-05 -0.0413362501
v -0.10734739 0.00586066926 -0.0417566452
v -0.105812954 0.00704445935 -0.0395725215
v -0.109803826 -0.0121531971 -0.0404926126
v -0.113867313 -0.0151456358 -0.0388721669
v -0.123176166 -0.0036354494 -0.0368523686
v -0.123205783 -7.16580054e-05 -0.0366469548
v -0.123355789 -0.0105662114 -0.0366154337
v -0.120430231 -0.0152268482 -0.0367463302
v -0.109803826 0.0120127475 -0.0404926126
v -0.113867313 0.0150061419 -0.0388721669
v -0.123176166 0.00349595498 -0.0368523686
v -0.123355789 0.0104267174 -0.0366154337
v -0.120430231 0.0150873542 -0.0367463302
v -0.105725053 -8.98113651e-05 -0.0383466731
v -0.106449277 -0.00768651504 -0.0377552612
v -0.10885412 -0.0129070391 -0.037874711
v -0.106449277 0.0075460654 -0.0377552612
v -0.10885412 0.0127665894 -0.037874711
v -0.113632275 -0.0156615729 -0.0355921517
v -0.124908377 -0.00373959227 -0.0338857419
v -0.124910288 -7.16580054e-05 -0.033972674
v -0.124908377 0.00360009807 -0.0338857419
v -0.120240098 -0.0157724039 -0.0331681888
v -0.125049784 -0.0118579664 -0.0355759213
v -0.125225585 -0.00704445935 -0.032784127
v -0.113632275 0.015522079 -0.0355921517
v -0.125049784 0.0117184715 -0.0355759213
v -0.120240098 0.01563291 -0.0331681888
v -0.125225585 0.00690496493 -0.032784127
v -0.103818951 -9.07668055e-05 -0.0324573555
v -0.104871846 -0.00742090247 -0.0327774355
v -0.109479932 -0.0125860114 -0.0356810201
v -0.104871846 0.0072814085 -0.0327774355
v -0.109479932 0.0124465175 -0.0356810201
v -0.112930982 -0.0142542095 -0.032977126
v -0.123457065 -0.00477528913 -0.0295012358
v -0.123150368 -7.35688792e-05 -0.0296043983
v -0.123457065 0.00463579516 -0.0295012358
v -0.119505366 -0.0149316174 -0.0309286541
v -0.122989855 -0.0141223591 -0.0306085741
v -0.124484163 -0.00726707701 -0.0287015058
v -0.112930982 0.0141147155 -0.032977126
v -0.122989855 0.0139828652 -0.0306085741
v -0.119505366 0.0147921226 -0.0309286541
v -0.124484163 0.00712758259 -0.0287015058
v -0.102787075 -9.17222458e-05 -0.0302378668
v -0.103233266 -0.00820149735 -0.0303238593
v -0.108327672 -0.0130675533 -0.0310041395
v -0.103233266 0.00806104771 -0.0303238593
v -0.108327672 0.0129271037 -0.0310041395
v -0.111285714 -0.0143191799 -0.029701866
v -0.120651893 -0.0049319816 -0.0246150975
v -0.121773581 -0.00759479299 -0.0238631758
v -0.120191371 -7.54797599e-05 -0.0247335792
v -0.120651893 0.00479248718 -0.0246150975
v -0.121773581 0.00745529857 -0.0238631758
v -0.117354669 -0.0150386257 -0.0269473446
v -0.120065253 -0.0153300356 -0.0251682968
v -0.126206821 -0.0127293272 -0.0296397635
v -0.124538624 -0.0155908712 -0.0283680713
v -0.122351621 -0.0186291696 -0.0251300842
v -0.128482678 -0.00283192423 -0.02586196
v -0.111285714 0.0141796851 -0.029701866
v -0.120065253 0.015189586 -0.0251682968
v -0.117354669 0.0148991318 -0.0269473446
v -0.124538624 0.0154513754 -0.0283680713
v -0.126206821 0.0125898332 -0.0296397635
v -0.122351621 0.0184887199 -0.0251300842
v -0.128482678 0.00269243003 -0.02586196
v -0.102079094 -9.26776792e-05 -0.0275740931
v -0.102629427 -0.00835054624 -0.027508175
v -0.10646743 -0.0138280831 -0.0292547051
v -0.102629427 0.00821105138 -0.027508175
v -0.10646743 0.0136885892 -0.0292547051
v -0.110285368 -0.0158249533 -0.0280298532
v -0.1196697 -0.00626864192 -0.0201914107
v -0.120438831 -0.00814990364 -0.0210216938
v -0.118828913 -7.64352002e-05 -0.0211525903
v -0.1196697 0.00612914795 -0.0201914107
v -0.120438831 0.00801040878 -0.0210216938
v -0.115244102 -0.0165845275 -0.024960007
v -0.118188769 -0.0148160081 -0.0238182718
v -0.121784088 -0.0148513599 -0.0215032232
v -0.129777299 -0.0172017424 -0.022927794
v -0.129424744 -0.0128019412 -0.0258476089
v -0.128954665 -0.0183950874 -0.0301518743
v -0.127891263 -0.00787282615 -0.0307365947
v -0.126734222 -0.0176947488 -0.0248510927
v -0.129010083 -0.0160924768 -0.0286155418
v -0.13002667 -7.26134388e-05 -0.0289661747
v -0.134200032 -0.00385902207 -0.0353341742
v -0.13349205 -7.35688792e-05 -0.0231265164
v -0.12878651 -0.00578805571 -0.0217927217
v -0.110285368 0.0156854593 -0.0280298532
v -0.118188769 0.0146765141 -0.0238182718
v -0.115244102 0.0164450335 -0.024960007
v -0.121784088 0.0147109102 -0.0215032232
v -0.129424744 0.0126624463 -0.0258476089
v -0.129777299 0.0170622485 -0.022927794
v -0.128954665 0.0182555935 -0.0301518743
v -0.127891263 0.00773333129 -0.0307365947
v -0.129010083 0.0159529828 -0.0286155418
v -0.126734222 0.0175552548 -0.0248510927
v -0.134200032 0.0037195281 -0.0353341742
v -0.12878651 0.00564760607 -0.0217927217
v -0.111302913 -7.64352002e-05 -0.0236176132
v -0.105708811 -0.014018216 -0.0263635638
v -0.109895549 -0.0165864388 -0.0244966158
v -0.105708811 0.0138787221 -0.0263635638
v -0.109895549 0.0164469448 -0.0244966158
v -0.115432324 -0.0166877149 -0.0224816012
v -0.126482944 -0.0119229359 -0.0166639251
v -0.121280573 -0.0105184395 -0.0205028914
v -0.126809704 -0.007525046 -0.0183072927
v -0.118608207 -0.0127522579 -0.0209576835
v -0.121280573 0.0103789446 -0.0205028914
v -0.126482944 0.0117834419 -0.0166639251
v -0.126809704 0.00738555159 -0.0183072927
v -0.118608207 0.012612764 -0.0209576835
v -0.127181369 -0.0158020226 -0.0210943033
v -0.126043442 -0.0136971884 -0.0194901164
v -0.138704931 -0.0342095319 -0.00983253427
v -0.132721011 -0.0156950125 -0.0208220033
v -0.128684276 -0.0158306856 -0.0194996838
v -0.138109693 -0.00943592548 -0.0298184399
v -0.135388601 -0.0115350274 -0.0294477041
v -0.136646913 -0.0188336331 -0.0186006068
v -0.132134372 -0.00946267801 -0.0227825749
v -0.128571536 -0.00895916106 -0.0318257949
v -0.138709708 -0.0126987538 -0.0322223284
v -0.129018683 -0.0195635904 -0.0237676159
v -0.130379229 -0.0178476204 -0.0246829518
v -0.129784945 -0.0180979453 -0.020289818
v -0.134941454 -7.16580054e-05 -0.0317149728
v -0.134209585 -0.00503516902 -0.0359953482
v -0.142131141 -7.26134388e-05 -0.0285371804
v -0.134757054 -0.00374245839 -0.0249590674
v -0.132580562 -0.00621991478 -0.026475354
v -0.131812388 -0.00777728142 -0.0239520157
v -0.134757054 0.00360296441 -0.0249590674
v -0.132580562 0.00607946469 -0.026475354
v -0.131812388 0.00763683178 -0.0239520157
v -0.129356908 -0.00847953052 -0.0212376146
v -0.115432324 0.0165482209 -0.0224816012
v -0.127181369 0.0156615729 -0.0210943033
v -0.126043442 0.0135567388 -0.0194901164
v -0.135388601 0.0113955334 -0.0294477041
v -0.138109693 0.00929547584 -0.0298184399
v -0.132721011 0.0155555185 -0.0208220033
v -0.136646913 0.0186941391 -0.0186006068
v -0.132134372 0.00932318403 -0.0227825749
v -0.138704931 0.0339496503 -0.00983253427
v -0.128684276 0.0156911916 -0.0194996838
v -0.128571536 0.00881871142 -0.0318257949
v -0.138709708 0.0125592589 -0.0322223284
v -0.130379229 0.0177071707 -0.0246829518
v -0.129018683 0.0194240964 -0.0237676159
v -0.129784945 0.0179584513 -0.020289818
v -0.134209585 0.0048956746 -0.0359953482
v -0.129356908 0.00834003566 -0.0212376146
v -0.142641344 -0.0286947302 -0.0103790421
v -0.131433078 -0.0103846778 -0.0192694119
v -0.142641344 0.0284348503 -0.0103790421
v -0.131433078 0.0102451838 -0.0192694119
v -0.141790047 -0.0378908395 -0.0116603016
v -0.14327289 -0.0294724585 -0.0125813324
v -0.140059747 -0.00767218355 -0.030903796
v -0.140953083 -0.00726325522 -0.0334844532
v -0.139814199 -0.0125181749 -0.0360727414
v -0.137663504 -0.00662693221 -0.0286460947
v -0.135309299 -0.00993753198 -0.0370358288
v -0.135125854 -0.00401858065 -0.0336191652
v -0.137211581 -7.07025651e-05 -0.0346051744
v -0.135125854 0.00387908668 -0.0336191652
v -0.140752439 -0.00317110535 -0.0274451043
v -0.14847813 -5.82818405e-05 -0.0340959394
v -0.141335258 -0.00308702665 -0.0301203532
v -0.140752439 0.00303161115 -0.0274451043
v -0.141335258 0.00294753246 -0.0301203532
v -0.137663504 0.00648648213 -0.0286460947
v -0.140953083 0.00712376081 -0.0334844532
v -0.140059747 0.00753268958 -0.030903796
v -0.139814199 0.0123786809 -0.0360727414
v -0.141790047 0.0376309614 -0.0116603016
v -0.14327289 0.0292116229 -0.0125813324
v -0.135309299 0.00979803712 -0.0370358288
v -0.142192289 -0.00321792204 -0.032567238
v -0.141971581 -0.00376061211 -0.0340185462
v -0.139102394 -0.00572881842 -0.0359666745
v -0.14272829 -6.97471247e-05 -0.0369087478
v -0.139102394 0.00558932401 -0.0359666745
v -0.141971581 0.00362016224 -0.0340185462
v -0.153506611 -8.88559248e-05 -0.0389142235
v -0.142192289 0.0030774724 -0.032567238
v -0.149901732 -0.00248892131 -0.0407563134
v -0.144904783 -0.00350742035 -0.0376998502
v -0.151632993 -0.0019634293 -0.045168525
v -0.152078225 -0.000102232083 -0.0452096135
v -0.151632993 0.00175323245 -0.045168525
v -0.144904783 0.00336792616 -0.0376998502
v -0.155479591 -0.00251471817 -0.0405384563
v -0.156183754 -9.36331196e-05 -0.0411662014
v -0.149901732 0.00227872446 -0.0407563134
v -0.155479591 0.00230452132 -0.0405384563
v -0.155073532 -0.00291122568 -0.0429901247
v -0.15417637 -8.88559248e-05 -0.044372639
v -0.155073532 0.00270102906 -0.0429901247
v -0.092229463 0 -0.304540878
v -0.0808100435 0.00742759082 -0.298572245
v -0.0800648008 0 -0.29857033
v -0.0846709769 0.0152000948 -0.29979998
v -0.0906396108 0.0189845933 -0.302445594
v -0.105418357 0 -0.310594542
v -0.105200517 0.00446094942 -0.31082003
v -0.105608489 0.0132137352 -0.310717793
v -0.102230053 0.0190954243 -0.307472168
v -0.0808100435 -0.00742759082 -0.298572245
v -0.0846709769 -0.0152000948 -0.29979998
v -0.0906396108 -0.0189845933 -0.302445594
v -0.105200517 -0.00446094942 -0.31082003
v -0.105608489 -0.0132137352 -0.310717793
v -0.102230053 -0.0190954243 -0.307472168
v -0.0805702282 0.00892094317 -0.2974668
v -0.0808425291 0 -0.296940353
v -0.0805702282 -0.00892094317 -0.2974668
v -0.0860974488 0.0146803359 -0.29766553
v -0.0931533735 0.0178476204 -0.298155673
v -0.106565841 0.00417240656 -0.304307751
v -0.10649896 0 -0.304413804
v -0.106565841 -0.00417240656 -0.304307751
v -0.107063626 0.013492724 -0.302844014
v -0.101719849 0.0179813821 -0.302286038
v -0.10777925 0.00796645865 -0.303350395
v -0.0860974488 -0.0146803359 -0.29766553
v -0.0931533735 -0.0178476204 -0.298155673
v -0.101719849 -0.0179813821 -0.302286038
v -0.107063626 -0.013492724 -0.302844014
v -0.10777925 -0.00796645865 -0.303350395
v -0.0840422975 0.00868399402 -0.293053621
v -0.0828327105 0 -0.292985788
v -0.0840422975 -0.00868399402 -0.293053621
v -0.0887908343 0.0143115364 -0.293831347
v -0.094476658 0.0162300594 -0.294320536
v -0.108654433 0.00535906321 -0.297636863
v -0.108262703 0 -0.29743718
v -0.108654433 -0.00535906321 -0.297636863
v -0.107277644 0.0160886541 -0.298429881
v -0.102752679 0.01701352 -0.296255303
v -0.11034174 0.00821965063 -0.297786873
v -0.0887908343 -0.0143115364 -0.293831347
v -0.094476658 -0.0162300594 -0.294320536
v -0.102752679 -0.01701352 -0.296255303
v -0.107277644 -0.0160886541 -0.298429881
v -0.11034174 -0.00821965063 -0.297786873
v -0.0864853577 0.00837538743 -0.285555325
v -0.0856837435 0 -0.284072482
v -0.0864853577 -0.00837538743 -0.285555325
v -0.0914192499 0.0148618696 -0.287136576
v -0.0954693602 0.0163017186 -0.288744593
v -0.11201376 0.00553677507 -0.292772721
v -0.113758393 0.0085941833 -0.293078465
v -0.111454827 0 -0.292428766
v -0.11201376 -0.00553677507 -0.292772721
v -0.113758393 -0.0085941833 -0.293078465
v -0.108035307 0.0174702216 -0.292736417
v -0.103848569 0.0171339059 -0.291948176
v -0.110662767 0.0177759611 -0.297445779
v -0.112126502 0.0144940248 -0.30095129
v -0.113309337 0.0212623619 -0.295163234
v -0.117754999 0.0031328879 -0.298586575
v -0.0914192499 -0.0148618696 -0.287136576
v -0.0954693602 -0.0163017186 -0.288744593
v -0.103848569 -0.0171339059 -0.291948176
v -0.108035307 -0.0174702216 -0.292736417
v -0.112126502 -0.0144940248 -0.30095129
v -0.110662767 -0.0177759611 -0.297445779
v -0.113309337 -0.0212623619 -0.295163234
v -0.117754999 -0.0031328879 -0.298586575
v -0.0868178507 0.00926872331 -0.280948193
v -0.0864394963 0 -0.280382579
v -0.0868178507 -0.00926872331 -0.280948193
v -0.0909558615 0.0157322747 -0.28311704
v -0.0958133188 0.0180291531 -0.285726356
v -0.114608734 0.00706834531 -0.28655281
v -0.114712878 0.00922859497 -0.28833852
v -0.11298162 0 -0.286793574
v -0.114608734 -0.00706834531 -0.28655281
v -0.114712878 -0.00922859497 -0.28833852
v -0.110161161 0.0168797582 -0.289221353
v -0.103324033 0.018906248 -0.287385001
v -0.115679784 0.0169237084 -0.29032106
v -0.118770632 0.0145800146 -0.299464624
v -0.121326434 0.0196295156 -0.296186509
v -0.115536467 0.0210005724 -0.300358917
v -0.112943402 0.00892094317 -0.30402303
v -0.116951474 0.0245729621 -0.29871078
v -0.116621847 0.0270303539 -0.295641909
v -0.114463508 0.00431667799 -0.308435248
v -0.117583019 0 -0.299937568
v -0.125175901 0 -0.300014954
v -0.121118148 0.00652470002 -0.293841861
v -0.0909558615 -0.0157322747 -0.28311704
v -0.0958133188 -0.0180291531 -0.285726356
v -0.103324033 -0.018906248 -0.287385001
v -0.110161161 -0.0168797582 -0.289221353
v -0.115679784 -0.0169237084 -0.29032106
v -0.121326434 -0.0196295156 -0.296186509
v -0.118770632 -0.0145800146 -0.299464624
v -0.115536467 -0.0210005724 -0.300358917
v -0.112943402 -0.00892094317 -0.30402303
v -0.116621847 -0.0270303539 -0.295641909
v -0.116951474 -0.0245729621 -0.29871078
v -0.114463508 -0.00431667799 -0.308435248
v -0.121118148 -0.00652470002 -0.293841861
v -0.0884908263 0.0094387916 -0.277012741
v -0.0878850771 0 -0.276514953
v -0.0884908263 -0.0094387916 -0.277012741
v -0.0925342484 0.0159482045 -0.278929348
v -0.0982850421 0.0189014696 -0.281177497
v -0.105525367 0.0190237669 -0.284683968
v -0.115984568 0.0119496884 -0.288621328
v -0.122472007 0.0135643824 -0.285280164
v -0.121597779 0.00851679274 -0.287630549
v -0.100433827 0 -0.281654271
v -0.112909007 0.0145102676 -0.286319676
v -0.122472007 -0.0135643824 -0.285280164
v -0.115984568 -0.0119496884 -0.288621328
v -0.121597779 -0.00851679274 -0.287630549
v -0.112909007 -0.0145102676 -0.286319676
v -0.11990856 0.0241219945 -0.291426505
v -0.119889452 0.01560138 -0.288352857
v -0.119434662 0.0131296567 -0.306061934
v -0.122656406 0.010722903 -0.308767743
v -0.126059683 0.017903035 -0.296409128
v -0.126132296 0.0120223015 -0.297678906
v -0.12396918 0.0107487007 -0.298276055
v -0.12808235 0.0165195579 -0.288745547
v -0.12271469 0.0180530395 -0.290898149
v -0.112051978 0.010168748 -0.309791972
v -0.121503191 0.0144701393 -0.312315289
v -0.120659537 0.0272692143 -0.298933399
v -0.119881809 0.0299043162 -0.296492252
v -0.123301329 0.0276523454 -0.292928462
v -0.113283539 0.00566862546 -0.31303665
v -0.11726868 0 -0.30844767
v -0.125162525 0.00418578282 -0.303491805
v -0.130910453 0 -0.311434378
v -0.121692369 0.00702630607 -0.303276831
v -0.122750994 0.00881297918 -0.299415897
v -0.125162525 -0.00418578282 -0.303491805
v -0.121692369 -0.00702630607 -0.303276831
v -0.122750994 -0.00881297918 -0.299415897
v -0.122143334 0.00961554868 -0.293700451
v -0.0925342484 -0.0159482045 -0.278929348
v -0.0982850421 -0.0189014696 -0.281177497
v -0.105525367 -0.0190237669 -0.284683968
v -0.11990856 -0.0241219945 -0.291426505
v -0.119889452 -0.01560138 -0.288352857
v -0.12808235 -0.0165195579 -0.288745547
v -0.126059683 -0.017903035 -0.296409128
v -0.12271469 -0.0180530395 -0.290898149
v -0.122656406 -0.010722903 -0.308767743
v -0.119434662 -0.0131296567 -0.306061934
v -0.126132296 -0.0120223015 -0.297678906
v -0.12396918 -0.0107487007 -0.298276055
v -0.112051978 -0.010168748 -0.309791972
v -0.121503191 -0.0144701393 -0.312315289
v -0.119881809 -0.0299043162 -0.296492252
v -0.120659537 -0.0272692143 -0.298933399
v -0.123301329 -0.0276523454 -0.292928462
v -0.113283539 -0.00566862546 -0.31303665
v -0.122143334 -0.00961554868 -0.293700451
v -0.131900288 0.013844326 -0.293203623
v -0.125839933 0.0118044613 -0.293257127
v -0.131900288 -0.013844326 -0.293203623
v -0.125839933 -0.0118044613 -0.293257127
v -0.122971703 0.00823302645 -0.31603482
v -0.123939563 0.00870119251 -0.311984709
v -0.119813972 0.0142656749 -0.318138695
v -0.123054826 0.00749733781 -0.306891256
v -0.13002667 0.0183110081 -0.29396702
v -0.130933382 0.0142226804 -0.296533333
v -0.112535429 0.0112990339 -0.320237802
v -0.114892501 0.00450203343 -0.315839913
v -0.118124754 0 -0.313835398
v -0.114892501 -0.00450203343 -0.315839913
v -0.127268316 0.00353321721 -0.308375061
v -0.128872499 0.00343958404 -0.312625808
v -0.137746628 0 -0.314267254
v -0.127268316 -0.00353321721 -0.308375061
v -0.128872499 -0.00343958404 -0.312625808
v -0.123054826 -0.00749733781 -0.306891256
v -0.13002667 -0.0183110081 -0.29396702
v -0.130933382 -0.0142226804 -0.296533333
v -0.123939563 -0.00870119251 -0.311984709
v -0.122971703 -0.00823302645 -0.31603482
v -0.119813972 -0.0142656749 -0.318138695
v -0.112535429 -0.0112990339 -0.320237802
v -0.12796483 0.0035905436 -0.316475275
v -0.119133699 0.00647023975 -0.317330395
v -0.123668217 0.0042125349 -0.317677219
v -0.122324869 0 -0.321982431
v -0.119133699 -0.00647023975 -0.317330395
v -0.123668217 -0.0042125349 -0.317677219
v -0.138250143 0 -0.318950826
v -0.12796483 -0.0035905436 -0.316475275
v -0.13014228 0.00391348234 -0.320195759
v -0.126936778 0.0039268586 -0.321269676
v -0.127071494 0.00304880921 -0.324972962
v -0.128397647 0 -0.326066939
v -0.127071494 -0.00304880921 -0.324972962
v -0.126936778 -0.0039268586 -0.321269676
v -0.135503252 0.00396220993 -0.322566205
v -0.135868229 0 -0.324079623
v -0.135503252 -0.00396220993 -0.322566205
v -0.13014228 -0.00391348234 -0.320195759
v -0.133172934 0.00461668622 -0.325160231
v -0.131896466 0 -0.326503578
v -0.133172934 -0.00461668622 -0.325160231
v -0.081906889 0 -0.329432
v -0.0711390793 0.00742759082 -0.323589487
v -0.0719282739 0 -0.327222064
v -0.074963707 0.0152000948 -0.324933789
v -0.0808568606 0.0189845933 -0.327759026
v -0.0958219176 0 -0.333334015
v -0.095638473 0.00446094942 -0.333591986
v -0.0960273372 0.0132137352 -0.333426692
v -0.0922208641 0.0190954243 -0.330752419
v -0.0711390793 -0.00742759082 -0.323589487
v -0.074963707 -0.0152000948 -0.324933789
v -0.0808568606 -0.0189845933 -0.327759026
v -0.095638473 -0.00446094942 -0.333591986
v -0.0960273372 -0.0132137352 -0.333426692
v -0.0922208641 -0.0190954243 -0.330752419
v -0.0709298392 0.00892094317 -0.322477351
v -0.0712164708 0 -0.321959502
v -0.0709298392 -0.00892094317 -0.322477351
v -0.0764484601 0.0146803359 -0.322842328
v -0.0834871868 0.0178476204 -0.323546491
v -0.0949438682 0.00417240656 -0.328441207
v -0.094874121 0 -0.328545352
v -0.0949438682 -0.00417240656 -0.328441207
v -0.0954808254 0.013492724 -0.326993714
v -0.0919351875 0.0179813821 -0.327934827
v -0.0961821183 0.00796645865 -0.327521123
v -0.0764484601 -0.0146803359 -0.322842328
v -0.0834871868 -0.0178476204 -0.323546491
v -0.0919351875 -0.0179813821 -0.327934827
v -0.0954808254 -0.013492724 -0.326993714
v -0.0961821183 -0.00796645865 -0.327521123
v -0.0745203813 0.00868399402 -0.318170231
v -0.0733136622 0 -0.318065132
v -0.0745203813 -0.00868399402 -0.318170231
v -0.0792459885 0.0143115364 -0.319091276
v -0.0849155696 0.0162300594 -0.319752435
v -0.0989939786 0.00535906321 -0.32349681
v -0.0986079806 0 -0.323285652
v -0.0989939786 -0.00535906321 -0.32349681
v -0.0975952144 0.0160886541 -0.324247785
v -0.0931333094 0.01701352 -0.321937527
v -0.100675553 0.00821965063 -0.323697447
v -0.0792459885 -0.0143115364 -0.319091276
v -0.0849155696 -0.0162300594 -0.319752435
v -0.0931333094 -0.01701352 -0.321937527
v -0.0975952144 -0.0160886541 -0.324247785
v -0.100675553 -0.00821965063 -0.323697447
v -0.0771688616 0.00837538743 -0.310748368
v -0.0764083309 0 -0.309241641
v -0.0771688616 -0.00837538743 -0.310748368
v -0.0820568926 0.0148618696 -0.312477713
v -0.0860601866 0.0163017186 -0.31420802
v -0.102485156 0.00553677507 -0.318736806
v -0.104220236 0.0085941833 -0.319094137
v -0.101934823 0 -0.318374691
v -0.102485156 -0.00553677507 -0.318736806
v -0.104220236 -0.0085941833 -0.319094137
v -0.0985095702 0.0174702216 -0.318579158
v -0.0943467181 0.0171339059 -0.317664797
v -0.101006135 0.0177759611 -0.323366867
v -0.102372414 0.0144940248 -0.326916328
v -0.103713852 0.0212623619 -0.321164577
v -0.108063016 0.0031328879 -0.324721683
v -0.0820568926 -0.0148618696 -0.312477713
v -0.0860601866 -0.0163017186 -0.31420802
v -0.0943467181 -0.0171339059 -0.317664797
v -0.0985095702 -0.0174702216 -0.318579158
v -0.102372414 -0.0144940248 -0.326916328
v -0.101006135 -0.0177759611 -0.323366867
v -0.103713852 -0.0212623619 -0.321164577
v -0.108063016 -0.0031328879 -0.324721683
v -0.0776274728 0.00926872331 -0.306151749
v -0.0772653611 0 -0.30557466
v -0.0776274728 -0.00926872331 -0.306151749
v -0.0817033803 0.0157322747 -0.308445762
v -0.0864872686 0.0180291531 -0.311201252
v -0.105249245 0.00706834531 -0.312596188
v -0.105303705 0.00922859497 -0.314384775
v -0.103616398 0 -0.312787279
v -0.105249245 -0.00706834531 -0.312596188
v -0.105303705 -0.00922859497 -0.314384775
v -0.100730968 0.0168797582 -0.315130019
v -0.0939482997 0.018906248 -0.313087285
v -0.106216149 0.0169237084 -0.316395974
v -0.109054763 0.0145800146 -0.325630306
v -0.111698464 0.0196295156 -0.322431493
v -0.105796712 0.0210005724 -0.326427139
v -0.103105237 0.00892094317 -0.330011951
v -0.107256625 0.0245729621 -0.324821998
v -0.107011076 0.0270303539 -0.321743574
v -0.104503045 0.00431667799 -0.334468127
v -0.107853774 0 -0.326067893
v -0.115440923 0 -0.32637459
v -0.111555149 0.00652470002 -0.320080154
v -0.0817033803 -0.0157322747 -0.308445762
v -0.0864872686 -0.0180291531 -0.311201252
v -0.0939482997 -0.018906248 -0.313087285
v -0.100730968 -0.0168797582 -0.315130019
v -0.106216149 -0.0169237084 -0.316395974
v -0.111698464 -0.0196295156 -0.322431493
v -0.109054763 -0.0145800146 -0.325630306
v -0.105796712 -0.0210005724 -0.326427139
v -0.103105237 -0.00892094317 -0.330011951
v -0.107011076 -0.0270303539 -0.321743574
v -0.107256625 -0.0245729621 -0.324821998
v -0.104503045 -0.00431667799 -0.334468127
v -0.111555149 -0.00652470002 -0.320080154
v -0.0794074575 0.0094387916 -0.302267886
v -0.0788160403 0 -0.301751945
v -0.0794074575 -0.0094387916 -0.302267886
v -0.0833964204 0.0159482045 -0.30430679
v -0.0890822437 0.0189014696 -0.306727877
v -0.0962222471 0.0190237669 -0.310453139
v -0.106566797 0.0119496884 -0.314705801
v -0.113143089 0.0135643824 -0.311562406
v -0.112204848 0.00851679274 -0.313885079
v -0.0912166966 0 -0.307269616
v -0.103556205 0.0145102676 -0.312311473
v -0.113143089 -0.0135643824 -0.311562406
v -0.106566797 -0.0119496884 -0.314705801
v -0.112204848 -0.00851679274 -0.313885079
v -0.103556205 -0.0145102676 -0.312311473
v -0.110412442 0.0241219945 -0.317628492
v -0.110477411 0.01560138 -0.314555799
v -0.109536305 0.0131296567 -0.332245769
v -0.112682567 0.010722903 -0.335049031
v -0.116423115 0.017903035 -0.32279647
v -0.116460377 0.0120223015 -0.324068162
v -0.114282929 0.0107487007 -0.32460034
v -0.118655024 0.0165195579 -0.315195944
v -0.11323099 0.0180530395 -0.317185168
v -0.102055209 0.010168748 -0.33575128
v -0.111431896 0.0144701393 -0.338560273
v -0.110957044 0.0272692143 -0.325156408
v -0.110246196 0.0299043162 -0.322693279
v -0.113762216 0.0276523454 -0.319233633
v -0.103196959 0.00566862546 -0.339032263
v -0.107306307 0 -0.33456558
v -0.115331048 0.00418578282 -0.32985048
v -0.120977699 0 -0.335527706
v -0.111869488 0.00702630607 -0.329529453
v -0.11303417 0.00881297918 -0.325702916
v -0.115331048 -0.00418578282 -0.32985048
v -0.111869488 -0.00702630607 -0.329529453
v -0.11303417 -0.00881297918 -0.325702916
v -0.112583202 0.00961554868 -0.319970278
v -0.0833964204 -0.0159482045 -0.30430679
v -0.0890822437 -0.0189014696 -0.306727877
v -0.0962222471 -0.0190237669 -0.310453139
v -0.110412442 -0.0241219945 -0.317628492
v -0.110477411 -0.01560138 -0.314555799
v -0.118655024 -0.0165195579 -0.315195944
v -0.116423115 -0.017903035 -0.32279647
v -0.11323099 -0.0180530395 -0.317185168
v -0.112682567 -0.010722903 -0.335049031
v -0.109536305 -0.0131296567 -0.332245769
v -0.116460377 -0.0120223015 -0.324068162
v -0.114282929 -0.0107487007 -0.32460034
v -0.102055209 -0.010168748 -0.33575128
v -0.111431896 -0.0144701393 -0.338560273
v -0.110246196 -0.0299043162 -0.322693279
v -0.110957044 -0.0272692143 -0.325156408
v -0.113762216 -0.0276523454 -0.319233633
v -0.103196959 -0.00566862546 -0.339032263
v -0.112583202 -0.00961554868 -0.319970278
v -0.122348755 0.013844326 -0.31976868
v -0.116289354 0.0118044613 -0.319638737
v -0.122348755 -0.013844326 -0.31976868
v -0.116289354 -0.0118044613 -0.319638737
v -0.112798176 0.00823302645 -0.3423228
v -0.113875912 0.00870119251 -0.338304217
v -0.109584076 0.0142656749 -0.34433113
v -0.113132581 0.00749733781 -0.333184966
v -0.120455072 0.0183110081 -0.320475705
v -0.121291082 0.0142226804 -0.32306877
v -0.102251074 0.0112990339 -0.346208571
v -0.104727574 0.00450203343 -0.341883291
v -0.108013332 0 -0.339978145
v -0.104727574 -0.00450203343 -0.341883291
v -0.117303075 0.00353321721 -0.334795838
v -0.118788784 0.00343958404 -0.339094366
v -0.127612275 0 -0.341003335
v -0.117303075 -0.00353321721 -0.334795838
v -0.118788784 -0.00343958404 -0.339094366
v -0.113132581 -0.00749733781 -0.333184966
v -0.120455072 -0.0183110081 -0.320475705
v -0.121291082 -0.0142226804 -0.32306877
v -0.113875912 -0.00870119251 -0.338304217
v -0.112798176 -0.00823302645 -0.3423228
v -0.109584076 -0.0142656749 -0.34433113
v -0.102251074 -0.0112990339 -0.346208571
v -0.117776018 0.0035905436 -0.342915172
v -0.108925777 0.00647023975 -0.343501808
v -0.113448831 0.0042125349 -0.34398622
v -0.111987007 0 -0.34824939
v -0.108925777 -0.00647023975 -0.343501808
v -0.113448831 -0.0042125349 -0.34398622
v -0.127987762 0 -0.345701236
v -0.117776018 -0.0035905436 -0.342915172
v -0.119850279 0.00391348234 -0.346699667
v -0.11661707 0.0039268586 -0.347677084
v -0.116649554 0.00304880921 -0.351383236
v -0.117945131 0 -0.352517343
v -0.116649554 -0.00304880921 -0.351383236
v -0.11661707 -0.0039268586 -0.347677084
v -0.125142461 0.00396220993 -0.349232537
v -0.125465399 0 -0.350756466
v -0.125142461 -0.00396220993 -0.349232537
v -0.119850279 -0.00391348234 -0.346699667
v -0.122742395 0.00461668622 -0.351754901
v -0.121429622 0 -0.353059075
v -0.122742395 -0.00461668622 -0.351754901
v -0.0771564415 0 -0.356412671
v -0.0652621677 0.00765785207 -0.352363514
v -0.0666446908 0 -0.355917752
v -0.0693705599 0.0156720835 -0.353058121
v -0.0758207364 0.0195731453 -0.354896388
v -0.0919456974 0 -0.357935642
v -0.0918004705 0.00459948816 -0.358229917
v -0.0921692703 0.0136236196 -0.357992968
v -0.0878678795 0.0196877972 -0.355943549
v -0.0652621677 -0.00765785207 -0.352363514
v -0.0693705599 -0.0156720835 -0.353058121
v -0.0758207364 -0.0195731453 -0.354896388
v -0.0918004705 -0.00459948816 -0.358229917
v -0.0921692703 -0.0136236196 -0.357992968
v -0.0878678795 -0.0196877972 -0.355943549
v -0.064871393 0.00919706588 -0.351269538
v -0.0650806349 0 -0.350692452
v -0.064871393 -0.00919706588 -0.351269538
v -0.0705486178 0.0151351253 -0.350672388
v -0.0778271597 0.0184008197 -0.350151671
v -0.0924893428 0.0043023465 -0.353224368
v -0.0924348827 0 -0.353342843
v -0.0924893428 -0.0043023465 -0.353224368
v -0.0928065488 0.0139112068 -0.351658401
v -0.0871283687 0.018539358 -0.353128823
v -0.0936043412 0.0082139175 -0.352072108
v -0.0705486178 -0.0151351253 -0.350672388
v -0.0778271597 -0.0184008197 -0.350151671
v -0.0871283687 -0.018539358 -0.353128823
v -0.0928065488 -0.0139112068 -0.351658401
v -0.0936043412 -0.0082139175 -0.352072108
v -0.0678418567 0.00895342882 -0.34626112
v -0.066596918 0 -0.346366219
v -0.0678418567 -0.00895342882 -0.34626112
v -0.072798679 0.014755816 -0.346368126
v -0.078677502 0.0167335764 -0.346044238
v -0.093608163 0.0055253097 -0.347378987
v -0.0931810813 0 -0.347231846
v -0.093608163 -0.0055253097 -0.347378987
v -0.0923039874 0.0165873945 -0.348387932
v -0.0873920703 0.0175409233 -0.346821965
v -0.0953518411 0.00847475306 -0.347287264
v -0.072798679 -0.014755816 -0.346368126
v -0.078677502 -0.0167335764 -0.346044238
v -0.0873920703 -0.0175409233 -0.346821965
v -0.0923039874 -0.0165873945 -0.348387932
v -0.0953518411 -0.00847475306 -0.347287264
v -0.0693552728 0.00863526732 -0.338250714
v -0.0683405953 0 -0.336852902
v -0.0693552728 -0.00863526732 -0.338250714
v -0.0746073276 0.015322392 -0.339150738
v -0.0789593561 0.0168081008 -0.340206495
v -0.0964037803 0.00570875425 -0.341926287
v -0.0982277157 0.0088607511 -0.341985528
v -0.0957865663 0 -0.341654941
v -0.0964037803 -0.00570875425 -0.341926287
v -0.0982277157 -0.0088607511 -0.341985528
v -0.0923316951 0.0180119546 -0.342464203
v -0.087947181 0.0176651301 -0.342265474
v -0.0956365622 0.0183272509 -0.34689362
v -0.0975923479 0.0149430819 -0.350261546
v -0.0980414045 0.0219216156 -0.344179219
v -0.103036445 0.00323034264 -0.347031208
v -0.0746073276 -0.015322392 -0.339150738
v -0.0789593561 -0.0168081008 -0.340206495
v -0.087947181 -0.0176651301 -0.342265474
v -0.0923316951 -0.0180119546 -0.342464203
v -0.0975923479 -0.0149430819 -0.350261546
v -0.0956365622 -0.0183272509 -0.34689362
v -0.0980414045 -0.0219216156 -0.344179219
v -0.103036445 -0.00323034264 -0.347031208
v -0.0690896606 0.0095563114 -0.333497394
v -0.0686291381 0 -0.332974769
v -0.0690896606 -0.0095563114 -0.333497394
v -0.073606026 0.0162205045 -0.335114003
v -0.0789144512 0.0185880864 -0.337075521
v -0.098239181 0.00728809641 -0.335199034
v -0.0985802728 0.00951522738 -0.337007681
v -0.0966082447 0 -0.335679624
v -0.098239181 -0.00728809641 -0.335199034
v -0.0985802728 -0.00951522738 -0.337007681
v -0.0940428883 0.0174033407 -0.338567918
v -0.0868111628 0.0194919311 -0.337682224
v -0.0998299885 0.0174482465 -0.338891813
v -0.104190617 0.0150319378 -0.347781222
v -0.106373798 0.0202390869 -0.344064567
v -0.101001358 0.0216512269 -0.34916279
v -0.0988325091 0.00919706588 -0.353279783
v -0.102231965 0.0253354032 -0.347274842
v -0.101491499 0.0278692308 -0.344188772
v -0.100965051 0.00445043972 -0.357563977
v -0.103038356 0 -0.348435705
v -0.110811816 0 -0.347416245
v -0.105853082 0.00672725307 -0.341699852
v -0.073606026 -0.0162205045 -0.335114003
v -0.0789144512 -0.0185880864 -0.337075521
v -0.0868111628 -0.0194919311 -0.337682224
v -0.0940428883 -0.0174033407 -0.338567918
v -0.0998299885 -0.0174482465 -0.338891813
v -0.106373798 -0.0202390869 -0.344064567
v -0.104190617 -0.0150319378 -0.347781222
v -0.101001358 -0.0216512269 -0.34916279
v -0.0988325091 -0.00919706588 -0.353279783
v -0.101491499 -0.0278692308 -0.344188772
v -0.102231965 -0.0253354032 -0.347274842
v -0.100965051 -0.00445043972 -0.357563977
v -0.105853082 -0.00672725307 -0.341699852
v -0.0702839613 0.00973115625 -0.329237093
v -0.0695989098 0 -0.328816698
v -0.0702839613 -0.00973115625 -0.329237093
v -0.0746694302 0.0164431222 -0.330610054
v -0.0808444396 0.0194881102 -0.332072837
v -0.0887067556 0.0196132727 -0.334605708
v -0.0999178888 0.0123203993 -0.337111826
v -0.106112006 0.0139857313 -0.33276171
v -0.105527277 0.00878049353 -0.335287888
v -0.0831040558 0 -0.332248638
v -0.0964716169 0.0149602804 -0.33520668
v -0.106112006 -0.0139857313 -0.33276171
v -0.0999178888 -0.0123203993 -0.337111826
v -0.105527277 -0.00878049353 -0.335287888
v -0.0964716169 -0.0149602804 -0.33520668
v -0.104298581 0.0248701042 -0.339408708
v -0.103875322 0.0160848332 -0.336272951
v -0.105735563 0.0135366742 -0.354421532
v -0.109385344 0.0110553969 -0.356718411
v -0.111241764 0.0184591013 -0.343605953
v -0.111482536 0.0123949238 -0.344891974
v -0.109349993 0.0110821485 -0.345815888
v -0.112303259 0.0170316741 -0.335487579
v -0.107098021 0.0186138824 -0.338462819
v -0.098677728 0.0104840434 -0.359299054
v -0.10867163 0.0149191964 -0.360507686
v -0.106051814 0.0281157331 -0.346965283
v -0.10493586 0.0308310952 -0.344585277
v -0.107964605 0.0285103304 -0.340451089
v -0.100362168 0.00584442643 -0.3624329
v -0.103834238 0 -0.357171291
v -0.111254184 0.00431572276 -0.350968575
v -0.117907868 0 -0.355748639
v -0.107678927 0.00724414628 -0.351250428
v -0.108254104 0.00908623488 -0.347155413
v -0.111254184 -0.00431572276 -0.350968575
v -0.107678927 -0.00724414628 -0.351250428
v -0.108254104 -0.00908623488 -0.347155413
v -0.106882091 0.00991364557 -0.341407485
v -0.0746694302 -0.0164431222 -0.330610054
v -0.0808444396 -0.0194881102 -0.332072837
v -0.0887067556 -0.0196132727 -0.334605708
v -0.104298581 -0.0248701042 -0.339408708
v -0.103875322 -0.0160848332 -0.336272951
v -0.112303259 -0.0170316741 -0.335487579
v -0.111241764 -0.0184591013 -0.343605953
v -0.107098021 -0.0186138824 -0.338462819
v -0.109385344 -0.0110553969 -0.356718411
v -0.105735563 -0.0135366742 -0.354421532
v -0.111482536 -0.0123949238 -0.344891974
v -0.109349993 -0.0110821485 -0.345815888
v -0.098677728 -0.0104840434 -0.359299054
v -0.10867163 -0.0149191964 -0.360507686
v -0.10493586 -0.0308310952 -0.344585277
v -0.106051814 -0.0281157331 -0.346965283
v -0.107964605 -0.0285103304 -0.340451089
v -0.100362168 -0.00584442643 -0.3624329
v -0.106882091 -0.00991364557 -0.341407485
v -0.11679287 0.0142733185 -0.339488009
v -0.11060353 0.0121713504 -0.340419561
v -0.11679287 -0.0142733185 -0.339488009
v -0.11060353 -0.0121713504 -0.340419561
v -0.110661811 0.00848908455 -0.364092497
v -0.111119468 0.00897062643 -0.35981786
v -0.107709502 0.0147080441 -0.366697984
v -0.109546813 0.0077295095 -0.354744474
v -0.114977534 0.0188785389 -0.340538989
v -0.116241583 0.014664094 -0.343027909
v -0.100542746 0.0116496802 -0.369894886
v -0.102375281 0.00464248307 -0.365063227
v -0.105417402 0 -0.362549463
v -0.102375281 -0.00464248307 -0.365063227
v -0.114049803 0.00364309276 -0.355650228
v -0.116247315 0.00354563802 -0.359758622
v -0.125536101 0 -0.360150351
v -0.114049803 -0.00364309276 -0.355650228
v -0.116247315 -0.00354563802 -0.359758622
v -0.109546813 -0.0077295095 -0.354744474
v -0.114977534 -0.0188785389 -0.340538989
v -0.116241583 -0.014664094 -0.343027909
v -0.111119468 -0.00897062643 -0.35981786
v -0.110661811 -0.00848908455 -0.364092497
v -0.107709502 -0.0147080441 -0.366697984
v -0.100542746 -0.0116496802 -0.369894886
v -0.11582501 0.00370233004 -0.363821151
v -0.106907889 0.00667088234 -0.365970892
v -0.1115905 0.00434343051 -0.365668975
v -0.110781241 0 -0.370259863
v -0.106907889 -0.00667088234 -0.365970892
v -0.1115905 -0.00434343051 -0.365668975
v -0.126665432 0 -0.364859717
v -0.11582501 -0.00370233004 -0.363821151
v -0.118539415 0.00403482304 -0.367303733
v -0.115403661 0.00404915497 -0.36886492
v -0.116027564 0.0031433976 -0.37262649
v -0.117526649 0 -0.373552311
v -0.116027564 -0.0031433976 -0.37262649
v -0.115403661 -0.00404915497 -0.36886492
v -0.124332249 0.00408546152 -0.368949001
v -0.124903601 0 -0.370441398
v -0.124332249 -0.00408546152 -0.368949001
v -0.118539415 -0.00403482304 -0.367303733
v -0.122290472 0.00476000242 -0.371934748
v -0.121161143 0 -0.373491163
v -0.122290472 -0.00476000242 -0.371934748
v -0.0754442933 0 -0.385995961
v -0.0622668637 0.00766549564 -0.38477013
v -0.0643726544 0 -0.38791735
v -0.066457424 0.0156873707 -0.38449592
v -0.0738124008 0.019593209 -0.384825546
v -0.0903252711 0 -0.384055462
v -0.0902431033 0.00460330995 -0.38437649
v -0.090557443 0.0136369955 -0.384060238
v -0.0858929849 0.0197069052 -0.383057027
v -0.0622668637 -0.00766549564 -0.38477013
v -0.066457424 -0.0156873707 -0.38449592
v -0.0738124008 -0.019593209 -0.384825546
v -0.0902431033 -0.00460330995 -0.38437649
v -0.090557443 -0.0136369955 -0.384060238
v -0.0858929849 -0.0197069052 -0.383057027
v -0.0616534714 0.00920661991 -0.38379367
v -0.0617385065 0 -0.38318219
v -0.0616534714 -0.00920661991 -0.38379367
v -0.0677367579 0.0151504124 -0.381925786
v -0.0747945926 0.0184189721 -0.379732095
v -0.0898743033 0.00430616829 -0.379333675
v -0.0898456401 0 -0.379461707
v -0.0898743033 -0.00430616829 -0.379333675
v -0.0898580609 0.0139245826 -0.377732361
v -0.084575433 0.0185575121 -0.380483072
v -0.0907303776 0.00822251675 -0.377951154
v -0.0677367579 -0.0151504124 -0.381925786
v -0.0747945926 -0.0184189721 -0.379732095
v -0.084575433 -0.0185575121 -0.380483072
v -0.0898580609 -0.0139245826 -0.377732361
v -0.0907303776 -0.00822251675 -0.377951154
v -0.0641481254 0.00896202718 -0.378249252
v -0.0629442716 0 -0.378640026
v -0.0641481254 -0.00896202718 -0.378249252
v -0.0690514427 0.0147701475 -0.377205913
v -0.0747716637 0.0167498192 -0.375529117
v -0.0897520072 0.00553008672 -0.37337173
v -0.0893010394 0 -0.37332778
v -0.0897520072 -0.00553008672 -0.37337173
v -0.0886790478 0.016604593 -0.374657752
v -0.083514895 0.0175590775 -0.374268889
v -0.091449824 0.00848335231 -0.372878726
v -0.0690514427 -0.0147701475 -0.377205913
v -0.0747716637 -0.0167498192 -0.375529117
v -0.083514895 -0.0175590775 -0.374268889
v -0.0886790478 -0.016604593 -0.374657752
v -0.091449824 -0.00848335231 -0.372878726
v -0.0639608587 0.00864386567 -0.370085017
v -0.0626700603 0 -0.368955689
v -0.0639608587 -0.00864386567 -0.370085017
v -0.0693208775 0.0153376792 -0.369745838
v -0.0738267323 0.0168243436 -0.369767813
v -0.0913628789 0.00571353127 -0.367405009
v -0.0931705715 0.00887030513 -0.367040029
v -0.0906978926 0 -0.367283669
v -0.0913628789 -0.00571353127 -0.367405009
v -0.0931705715 -0.00887030513 -0.367040029
v -0.0874656391 0.0180301088 -0.368873519
v -0.0831078767 0.0176832843 -0.3696952
v -0.0916466446 0.0183454033 -0.37242871
v -0.094278882 0.0149583691 -0.375261593
v -0.0934466936 0.0219435907 -0.369223209
v -0.0989624491 0.00323320898 -0.370849371
v -0.0693208775 -0.0153376792 -0.369745838
v -0.0738267323 -0.0168243436 -0.369767813
v -0.0831078767 -0.0176832843 -0.3696952
v -0.0874656391 -0.0180301088 -0.368873519
v -0.094278882 -0.0149583691 -0.375261593
v -0.0916466446 -0.0183454033 -0.37242871
v -0.0934466936 -0.0219435907 -0.369223209
v -0.0989624491 -0.00323320898 -0.370849371
v -0.0627054111 0.00956586542 -0.365509416
v -0.0621417012 0 -0.365106219
v -0.0627054111 -0.00956586542 -0.365509416
v -0.0674892982 0.0162367473 -0.36604064
v -0.0731273511 0.0186071945 -0.366723778
v -0.0917622529 0.00729478476 -0.360417874
v -0.0924759666 0.00952478141 -0.362102316
v -0.0902564794 0 -0.361264395
v -0.0917622529 -0.00729478476 -0.360417874
v -0.0924759666 -0.00952478141 -0.362102316
v -0.0883350895 0.0174214931 -0.364676271
v -0.081029795 0.0195119966 -0.365486483
v -0.0941002147 0.0174654432 -0.363652039
v -0.100256115 0.015047225 -0.371312759
v -0.101627171 0.0202591507 -0.36718239
v -0.0974041263 0.021673202 -0.37339944
v -0.0961305246 0.00920661991 -0.377918672
v -0.0982210273 0.0253602453 -0.371273585
v -0.0968461491 0.0278969381 -0.368434018
v -0.0991286956 0.00445521673 -0.381604758
v -0.0992586355 0 -0.37221947
v -0.106698647 0 -0.369423853
v -0.100619182 0.00673394142 -0.364996344
v -0.0674892982 -0.0162367473 -0.36604064
v -0.0731273511 -0.0186071945 -0.366723778
v -0.081029795 -0.0195119966 -0.365486483
v -0.0883350895 -0.0174214931 -0.364676271
v -0.0941002147 -0.0174654432 -0.363652039
v -0.101627171 -0.0202591507 -0.36718239
v -0.100256115 -0.015047225 -0.371312759
v -0.0974041263 -0.021673202 -0.37339944
v -0.0961305246 -0.00920661991 -0.377918672
v -0.0968461491 -0.0278969381 -0.368434018
v -0.0982210273 -0.0253602453 -0.371273585
v -0.0991286956 -0.00445521673 -0.381604758
v -0.100619182 -0.00673394142 -0.364996344
v -0.0642264708 0.00974166684 -0.361137321
v -0.0634640296 0 -0.360885085
v -0.0642264708 -0.00974166684 -0.361137321
v -0.0675943969 0.016459365 -0.361399114
v -0.0739805578 0.0195072183 -0.361396245
v -0.082251803 0.0196333365 -0.362045944
v -0.0938154934 0.0123328195 -0.361894987
v -0.0990035326 0.0139991071 -0.356216807
v -0.0989557607 0.00878909277 -0.358815602
v -0.0762411296 0 -0.361044644
v -0.0900223966 0.0149755676 -0.360834447
v -0.0990035326 -0.0139991071 -0.356216807
v -0.0938154934 -0.0123328195 -0.361894987
v -0.0989557607 -0.00878909277 -0.358815602
v -0.0900223966 -0.0149755676 -0.360834447
v -0.0986089362 0.0248949445 -0.363120814
v -0.0975359772 0.016101076 -0.360159908
v -0.103166385 0.0135500509 -0.377433306
v -0.107241337 0.0110659066 -0.378829206
v -0.106324114 0.0184772555 -0.365607827
v -0.106830497 0.0124073439 -0.366805948
v -0.104924394 0.0110926591 -0.368200892
v -0.105669638 0.0170488726 -0.35744168
v -0.101167604 0.0186320366 -0.361550071
v -0.097238835 0.0104945531 -0.383826156
v -0.107332103 0.014933527 -0.382691093
v -0.101917625 0.0281434422 -0.370085974
v -0.100321084 0.0308626234 -0.36802318
v -0.102437384 0.0285380377 -0.363288973
v -0.0995538667 0.00585015912 -0.386493745
v -0.101870808 0 -0.380556641
v -0.10787766 0.00431954455 -0.372787003
v -0.115429457 0 -0.375909381
v -0.104416101 0.00725178985 -0.373890536
v -0.104125647 0.00909578891 -0.369762079
v -0.10787766 -0.00431954455 -0.372787003
v -0.104416101 -0.00725178985 -0.373890536
v -0.104125647 -0.00909578891 -0.369762079
v -0.101570801 0.00992415527 -0.364472761
v -0.0675943969 -0.016459365 -0.361399114
v -0.0739805578 -0.0195072183 -0.361396245
v -0.082251803 -0.0196333365 -0.362045944
v -0.0986089362 -0.0248949445 -0.363120814
v -0.0975359772 -0.016101076 -0.360159908
v -0.105669638 -0.0170488726 -0.35744168
v -0.106324114 -0.0184772555 -0.365607827
v -0.101167604 -0.0186320366 -0.361550071
v -0.107241337 -0.0110659066 -0.378829206
v -0.103166385 -0.0135500509 -0.377433306
v -0.106830497 -0.0124073439 -0.366805948
v -0.104924394 -0.0110926591 -0.368200892
v -0.097238835 -0.0104945531 -0.383826156
v -0.107332103 -0.014933527 -0.382691093
v -0.100321084 -0.0308626234 -0.36802318
v -0.101917625 -0.0281434422 -0.370085974
v -0.102437384 -0.0285380377 -0.363288973
v -0.0995538667 -0.00585015912 -0.386493745
v -0.101570801 -0.00992415527 -0.364472761
v -0.110927425 0.01428765 -0.36030418
v -0.105028538 0.0121828158 -0.362646916
v -0.110927425 -0.01428765 -0.36030418
v -0.105028538 -0.0121828158 -0.362646916
v -0.110042687 0.00849768379 -0.385727482
v -0.109598407 0.00898018045 -0.381450932
v -0.107680839 0.0147233313 -0.388953047
v -0.10698719 0.00773715308 -0.37686673
v -0.109360502 0.0188976487 -0.361749758
v -0.111126156 0.0146784255 -0.363885169
v -0.101293722 0.0116611456 -0.393731203
v -0.102086738 0.00464630486 -0.388592846
v -0.104555595 0 -0.385436072
v -0.102086738 -0.00464630486 -0.388592846
v -0.111610563 0.00364691455 -0.376706217
v -0.114634532 0.00354945981 -0.380205038
v -0.123861216 0 -0.37843652
v -0.111610563 -0.00364691455 -0.376706217
v -0.114634532 -0.00354945981 -0.380205038
v -0.10698719 -0.00773715308 -0.37686673
v -0.109360502 -0.0188976487 -0.361749758
v -0.111126156 -0.0146784255 -0.363885169
v -0.109598407 -0.00898018045 -0.381450932
v -0.110042687 -0.00849768379 -0.385727482
v -0.107680839 -0.0147233313 -0.388953047
v -0.101293722 -0.0116611456 -0.393731203
v -0.115068301 0.00370615183 -0.384266613
v -0.106739731 0.00667757025 -0.388429466
v -0.11128667 0.00434820753 -0.387050766
v -0.111451006 0 -0.39171618
v -0.106739731 -0.00667757025 -0.388429466
v -0.11128667 -0.00434820753 -0.387050766
v -0.125960319 0 -0.38276944
v -0.115068301 -0.00370615183 -0.384266613
v -0.118470623 0.00403864482 -0.387035478
v -0.115710356 0.00405297676 -0.389284586
v -0.117111988 0.00314626394 -0.392809203
v -0.118782096 0 -0.393365269
v -0.117111988 -0.00314626394 -0.392809203
v -0.115710356 -0.00405297676 -0.389284586
v -0.12451856 0.00408928331 -0.387298225
v -0.125393743 0 -0.388622465
v -0.12451856 -0.00408928331 -0.387298225
v -0.118470623 -0.00403864482 -0.387035478
v -0.12313317 0.00476477944 -0.390684304
v -0.122347798 0 -0.39246429
v -0.12313317 -0.00476477944 -0.390684304
v -0.0817903257 0 -0.414214882
v -0.0704377868 0.00766549564 -0.415865882
v -0.0712967274 0 -0.418416907
v -0.074495541 0.0156873707 -0.414719354
v -0.0779838522 0.019593209 -0.414834962
v -0.0931275767 0 -0.40905455
v -0.0931084678 0.00460330995 -0.409386088
v -0.0933568822 0.0136369955 -0.4090106
v -0.0885901919 0.0197069052 -0.409005823
v -0.0704377868 -0.00766549564 -0.415865882
v -0.074495541 -0.0156873707 -0.414719354
v -0.0779838522 -0.019593209 -0.414834962
v -0.0931084678 -0.00460330995 -0.409386088
v -0.0933568822 -0.0136369955 -0.4090106
v -0.0885901919 -0.0197069052 -0.409005823
v -0.0696495496 0.00920661991 -0.415038471
v -0.069617064 0 -0.414422212
v -0.0696495496 -0.00920661991 -0.415038471
v -0.075261803 0.0151504124 -0.411935202
v -0.0779781199 0.0184189721 -0.409642146
v -0.0926928515 0.00430616829 -0.406090775
v -0.0926890297 0 -0.406222626
v -0.0926928515 -0.00430616829 -0.406090775
v -0.092372779 0.0139245826 -0.40452672
v -0.0877150089 0.0185575121 -0.408326505
v -0.0932699372 0.00822251675 -0.404558249
v -0.075261803 -0.0151504124 -0.411935202
v -0.0779781199 -0.0184189721 -0.409642146
v -0.0877150089 -0.0185575121 -0.408326505
v -0.092372779 -0.0139245826 -0.40452672
v -0.0932699372 -0.00822251675 -0.404558249
v -0.0685039757 0.00896202718 -0.409181624
v -0.0703995689 0 -0.409746289
v -0.0685039757 -0.00896202718 -0.409181624
v -0.0718652139 0.0147701475 -0.408373321
v -0.0771554858 0.0167498192 -0.405532798
v -0.0914383587 0.00553008672 -0.400280745
v -0.090987391 0 -0.400331383
v -0.0914383587 -0.00553008672 -0.400280745
v -0.0906310119 0.016604593 -0.401764543
v -0.0854926553 0.0175590775 -0.402465835
v -0.0930100575 0.00848335231 -0.399441868
v -0.0718652139 -0.0147701475 -0.408373321
v -0.0771554858 -0.0167498192 -0.405532798
v -0.0854926553 -0.0175590775 -0.402465835
v -0.0906310119 -0.016604593 -0.401764543
v -0.0930100575 -0.00848335231 -0.399441868
v -0.0685192628 0.00864386567 -0.40239991
v -0.0670383306 0 -0.401565811
v -0.0685192628 -0.00864386567 -0.40239991
v -0.0707100868 0.0153376792 -0.401014522
v -0.0751337753 0.0168243436 -0.400091567
v -0.0918835938 0.00571353127 -0.394101914
v -0.0935871434 0.00887030513 -0.393366225
v -0.0912090531 0 -0.394122934
v -0.0918835938 -0.00571353127 -0.394101914
v -0.0935871434 -0.00887030513 -0.393366225
v -0.0883408222 0.0180301088 -0.396355796
v -0.0842219198 0.0176832843 -0.398074633
v -0.0931180223 0.0183454033 -0.398960326
v -0.0962375338 0.0149583691 -0.401180768
v -0.0942731493 0.0219435907 -0.395445262
v -0.0999924133 0.00323320898 -0.395879988
v -0.0707100868 -0.0153376792 -0.401014522
v -0.0751337753 -0.0168243436 -0.400091567
v -0.0842219198 -0.0176832843 -0.398074633
v -0.0883408222 -0.0180301088 -0.396355796
v -0.0962375338 -0.0149583691 -0.401180768
v -0.0931180223 -0.0183454033 -0.398960326
v -0.0942731493 -0.0219435907 -0.395445262
v -0.0999924133 -0.00323320898 -0.395879988
v -0.0634153029 0.00956586542 -0.398254256
v -0.0627856678 0 -0.397978134
v -0.0634153029 -0.00956586542 -0.398254256
v -0.0682087449 0.0162367473 -0.397770803
v -0.0738687729 0.0186071945 -0.397257732
v -0.0909453517 0.00729478476 -0.387177839
v -0.091966717 0.00952478141 -0.38867788
v -0.0896297108 0 -0.388322458
v -0.0909453517 -0.00729478476 -0.387177839
v -0.091966717 -0.00952478141 -0.38867788
v -0.0883943268 0.0174214931 -0.392064916
v -0.0813833083 0.0195119966 -0.394390456
v -0.0938546665 0.0174654432 -0.389853072
v -0.101349138 0.015047225 -0.396062477
v -0.10190807 0.0202591507 -0.391731467
v -0.098950028 0.021673202 -0.398703313
v -0.0986710396 0.00920661991 -0.401124398
v -0.0993455805 0.0253602453 -0.396450385
v -0.0974566752 0.0278969381 -0.393959553
v -0.102314133 0.00445521673 -0.40407002
v -0.100543702 0 -0.397159322
v -0.107387519 0 -0.391254702
v -0.100503574 0.00673394142 -0.389802434
v -0.0682087449 -0.0162367473 -0.397770803
v -0.0738687729 -0.0186071945 -0.397257732
v -0.0813833083 -0.0195119966 -0.394390456
v -0.0883943268 -0.0174214931 -0.392064916
v -0.0938546665 -0.0174654432 -0.389853072
v -0.10190807 -0.0202591507 -0.391731467
v -0.101349138 -0.015047225 -0.396062477
v -0.098950028 -0.021673202 -0.398703313
v -0.0986710396 -0.00920661991 -0.401124398
v -0.0974566752 -0.0278969381 -0.393959553
v -0.0993455805 -0.0253602453 -0.396450385
v -0.102314133 -0.00445521673 -0.40407002
v -0.100503574 -0.00673394142 -0.389802434
v -0.0640755123 0.00974166684 -0.393655723
v -0.0632796299 0 -0.393568779
v -0.0640755123 -0.00974166684 -0.393655723
v -0.0674281513 0.016459365 -0.393206667
v -0.073691061 0.0195072183 -0.391864273
v -0.0819279084 0.0196333365 -0.390765516
v -0.0932403186 0.0123328195 -0.388193473
v -0.0972483895 0.0139991071 -0.381547432
v -0.097696491 0.00878909277 -0.384102279
v -0.0758417558 0 -0.391046416
v -0.0893182372 0.0149755676 -0.387950791
v -0.0972483895 -0.0139991071 -0.381547432
v -0.0932403186 -0.0123328195 -0.388193473
v -0.097696491 -0.00878909277 -0.384102279
v -0.0893182372 -0.0149755676 -0.387950791
v -0.0981751663 0.0248949445 -0.388388383
v -0.0965595171 0.016101076 -0.385715061
v -0.105450842 0.0135500509 -0.399758119
v -0.109713061 0.0110659066 -0.400267368
v -0.106215195 0.0184772555 -0.389205283
v -0.106940373 0.0124073439 -0.39027251
v -0.105335234 0.0110926591 -0.392037208
v -0.104020549 0.0170488726 -0.381348701
v -0.100386055 0.0186320366 -0.386314122
v -0.100884794 0.0104945531 -0.406609579
v -0.110631239 0.014933527 -0.402105635
v -0.102745991 0.0281434422 -0.394513708
v -0.100787339 0.0308626234 -0.392829268
v -0.101961575 0.0285380377 -0.387750149
v -0.10373105 0.00585015912 -0.407351956
v -0.104803054 0 -0.402489722
v -0.109185657 0.00431954455 -0.394272938
v -0.117186512 0 -0.395736672
v -0.106001175 0.00725178985 -0.396061521
v -0.10484987 0.00909578891 -0.393733113
v -0.109185657 -0.00431954455 -0.394272938
v -0.106001175 -0.00725178985 -0.396061521
v -0.10484987 -0.00909578891 -0.393733113
v -0.101337673 0.00992415527 -0.389090631
v -0.0674281513 -0.016459365 -0.393206667
v -0.073691061 -0.0195072183 -0.391864273
v -0.0819279084 -0.0196333365 -0.390765516
v -0.0981751663 -0.0248949445 -0.388388383
v -0.0965595171 -0.016101076 -0.385715061
v -0.104020549 -0.0170488726 -0.381348701
v -0.106215195 -0.0184772555 -0.389205283
v -0.100386055 -0.0186320366 -0.386314122
v -0.109713061 -0.0110659066 -0.400267368
v -0.105450842 -0.0135500509 -0.399758119
v -0.106940373 -0.0124073439 -0.39027251
v -0.105335234 -0.0110926591 -0.392037208
v -0.100884794 -0.0104945531 -0.406609579
v -0.110631239 -0.014933527 -0.402105635
v -0.100787339 -0.0308626234 -0.392829268
v -0.102745991 -0.0281434422 -0.394513708
v -0.101961575 -0.0285380377 -0.387750149
v -0.10373105 -0.00585015912 -0.407351956
v -0.101337673 -0.00992415527 -0.389090631
v -0.10972166 0.01428765 -0.383048428
v -0.104380749 0.0121828158 -0.386578779
v -0.10972166 -0.01428765 -0.383048428
v -0.104380749 -0.0121828158 -0.386578779
v -0.113906486 0.00849768379 -0.403694531
v -0.112615686 0.00898018045 -0.400449857
v -0.112219179 0.0147233313 -0.407050037
v -0.109089158 0.00773715308 -0.398415726
v -0.108459523 0.0188976487 -0.384792105
v -0.110597797 0.0146784255 -0.386512853
v -0.106820942 0.0116611456 -0.413948314
v -0.106615523 0.00464630486 -0.408850086
v -0.108366846 0 -0.40665544
v -0.106615523 -0.00464630486 -0.408850086
v -0.113593101 0.00364691455 -0.397301683
v -0.117225686 0.00354945981 -0.400069592
v -0.122531244 0 -0.396617588
v -0.113593101 -0.00364691455 -0.397301683
v -0.117225686 -0.00354945981 -0.400069592
v -0.109089158 -0.00773715308 -0.398415726
v -0.108459523 -0.0188976487 -0.384792105
v -0.110597797 -0.0146784255 -0.386512853
v -0.112615686 -0.00898018045 -0.400449857
v -0.113906486 -0.00849768379 -0.403694531
v -0.112219179 -0.0147233313 -0.407050037
v -0.106820942 -0.0116611456 -0.413948314
v -0.117884939 0.00370615183 -0.400446035
v -0.111147176 0.00667757025 -0.407739865
v -0.115920554 0.00434820753 -0.402231753
v -0.116599871 0 -0.40456016
v -0.111147176 -0.00667757025 -0.407739865
v -0.115920554 -0.00434820753 -0.402231753
v -0.124350401 0 -0.398581972
v -0.117884939 -0.00370615183 -0.400446035
v -0.120306023 0.00403864482 -0.401490331
v -0.118898661 0.00405297676 -0.402903427
v -0.120192327 0.00314626394 -0.404531497
v -0.121281529 0 -0.404640417
v -0.120192327 -0.00314626394 -0.404531497
v -0.118898661 -0.00405297676 -0.402903427
v -0.12403224 0.00408928331 -0.401004968
v -0.124730665 0 -0.401581098
v -0.12403224 -0.00408928331 -0.401004968
v -0.120306023 -0.00403864482 -0.401490331
v -0.123606114 0.00476477944 -0.402848967
v -0.12334719 0 -0.403823516
v -0.123606114 -0.00476477944 -0.402848967
v -0.127429783 -0.000124207204 0.0104103807
v -0.118249916 -0.000124207204 0.010701787
v -0.117714871 0.00345582664 0.0107409677
v -0.128223754 -0.000124207204 0.0104705754
v -0.117714871 -0.00370424094 0.0107409677
v -0.123375853 0.0017541879 -0.00133963772
v -0.118488777 0.00122774044 0.0101810769
v -0.123376807 -0.000124207204 -0.00134057737
v -0.118488777 -0.0014771103 0.0101810769
v -0.123375853 -0.0020026022 -0.00133963772
v -0.11313449 0.0100789373 0.011790019
v -0.118505975 0.00410074868 0.0108412827
v -0.121021649 0.00976746369 0.00659911986
v -0.131102495 0.004357762 0.00708258554
v -0.137186737 0.00310231381 0.00864280807
v -0.141725079 0.00291695837 0.00971671749
v -0.141447045 -0.000124207204 0.0113810991
v -0.141725079 -0.00316537289 0.00971671749
v -0.137186737 -0.00335072811 0.00864280807
v -0.131102495 -0.00460617652 0.00708258554
v -0.121021649 -0.0100158782 0.00659911986
v -0.11313449 -0.0103273509 0.011790019
v -0.118505975 -0.0043491632 0.0108412827
v -0.117990036 0.00813461649 0.00189834939
v -0.131852516 0.00552148792 0.00294170585
v -0.123555476 0.0101419955 0.000793858533
v -0.131856338 -0.000124207204 0.00293692216
v -0.131852516 -0.00577085766 0.00294170585
v -0.117990036 -0.00838303101 0.00189834939
v -0.123555476 -0.01039041 0.000793858533
v -0.110274859 0.0101448625 0.00738831444
v -0.111101314 0.0113534938 0.00810680725
v -0.115209707 0.0189215351 0.00935460941
v -0.136790232 0.00475522496 0.00365350719
v -0.142319363 0.00462432979 0.00286431261
v -0.145713084 0.00450298865 0.00303245354
v -0.147792123 0.00356856853 0.00952371847
v -0.146557693 -0.000124207204 0.0128792191
v -0.147792123 -0.00381698283 0.00952371847
v -0.145713084 -0.00475140317 0.00303245354
v -0.142319363 -0.00487274431 0.00286431261
v -0.136790232 -0.00500363948 0.00365350719
v -0.115209707 -0.0191699487 0.00935460941
v -0.111101314 -0.0116019083 0.00810680725
v -0.110274859 -0.010393277 0.00738831444
v -0.108154737 0.00903750729 0.00210569947
v -0.111619163 0.00812410679 -0.00169886989
v -0.108461434 0.0177129029 0.0070692026
v -0.121447774 0.0190849137 0.00116171842
v -0.136794051 -0.000124207204 0.00364969163
v -0.11833304 0.0203384517 0.00556723855
v -0.122363085 0.0143860608 0.00112922921
v -0.108154737 -0.00928592181 0.00210569947
v -0.111619163 -0.00837252131 -0.00169886989
v -0.108461434 -0.0179613166 0.0070692026
v -0.121447774 -0.0193333291 0.00116171842
v -0.11833304 -0.0205868671 0.00556723855
v -0.122363085 -0.0146354301 0.00112922921
v -0.10540307 0.00817856662 0.0100291663
v -0.105176631 0.00908432354 0.0111747172
v -0.107606314 0.0108690858 0.00764629188
v -0.106420614 0.0137640693 0.00772368511
v -0.10912642 0.0156023357 0.0106559148
v -0.11299022 0.0211085364 0.00978072779
v -0.106378574 0.0221824512 0.0163751837
v -0.142322228 -0.000124207204 0.00286143671
v -0.145715952 -0.000124207204 0.00302960611
v -0.14903706 0.00348066805 0.0054449413
v -0.14903706 -0.00372908235 0.0054449413
v -0.11299022 -0.02135695 0.00978072779
v -0.106378574 -0.0224308648 0.0163751837
v -0.10912642 -0.0158507493 0.0106559148
v -0.107606314 -0.0111175003 0.00764629188
v -0.106420614 -0.0140124838 0.00772368511
v -0.105176631 -0.00933273806 0.0111747172
v -0.10540307 -0.00842793681 0.0100291663
v -0.110734426 0.00339085667 -0.00284923289
v -0.0957502597 0.00706356829 -0.00752896083
v -0.0979907665 0.0124044778 -0.0058206433
v -0.100893394 0.0138557913 -0.00480977605
v -0.102743125 0.0152125167 0.000118361962
v -0.106671894 0.0151102832 0.00540769687
v -0.108241682 0.024104796 0.0150127154
v -0.108422261 0.0207426021 0.00679211888
v -0.107141015 0.0262201399 0.0128868787
v -0.109803826 0.0281682825 0.00633160351
v -0.10727 0.0251748899 0.00427453237
v -0.104173419 0.0161641342 0.00472263292
v -0.103982331 0.0194260059 0.0038407544
v -0.104900509 0.0229286495 0.0030640031
v -0.102996316 0.0187629313 0.0021458198
v -0.111468204 0.0245280563 0.00900491614
v -0.110734426 -0.00363927097 -0.00284923289
v -0.0979907665 -0.0126528923 -0.0058206433
v -0.0957502597 -0.00731198237 -0.00752896083
v -0.100893394 -0.0141042059 -0.00480977605
v -0.102743125 -0.0154609303 0.000118361962
v -0.106671894 -0.0153586986 0.00540769687
v -0.108241682 -0.0243532114 0.0150127154
v -0.107141015 -0.0264685553 0.0128868787
v -0.108422261 -0.0209910175 0.00679211888
v -0.109803826 -0.0284166979 0.00633160351
v -0.10727 -0.0254233035 0.00427453237
v -0.103982331 -0.0196744214 0.0038407544
v -0.104173419 -0.0164125496 0.00472263292
v -0.102996316 -0.0190113449 0.0021458198
v -0.104900509 -0.0231770649 0.0030640031
v -0.111468204 -0.0247774256 0.00900491614
v -0.102907461 0.00964516733 0.0128696802
v -0.103538051 0.0042660395 0.00882051637
v -0.101933867 0.0118474567 0.0118272919
v -0.10438266 0.00197680534 0.00878230382
v -0.110871053 -0.000124207204 -0.00340815555
v -0.102828159 0.0129911184 0.0113381029
v -0.102828159 -0.0132404877 0.0113381029
v -0.101933867 -0.012096826 0.0118272919
v -0.102907461 -0.00989453663 0.0128696802
v -0.103538051 -0.00451445402 0.00882051637
v -0.10438266 -0.00222521986 0.00878230382
v -0.0947002309 0.00178858378 -0.00775635684
v -0.0946906767 -0.000124207204 -0.00763311994
v -0.0931992347 0.00622469179 0.00373949967
v -0.095645161 0.00969389492 0.00534081067
v -0.0972913844 0.0110305548 0.00693733797
v -0.100797849 0.0142771403 0.00544018608
v -0.102787075 0.0192540281 0.00322545256
v -0.10611965 0.0213674606 0.00569622727
v -0.107748675 0.0276122161 0.00684943771
v -0.104876622 0.0221652527 0.00414269621
v -0.0947002309 -0.00203699808 -0.00775635684
v -0.0931992347 -0.00647310631 0.00373949967
v -0.095645161 -0.00994230855 0.00534081067
v -0.0972913844 -0.0112789693 0.00693733797
v -0.100797849 -0.0145265104 0.00544018608
v -0.102787075 -0.0195024417 0.00322545256
v -0.10611965 -0.021615876 0.00569622727
v -0.107748675 -0.0278606316 0.00684943771
v -0.104876622 -0.0224136681 0.00414269621
v -0.100382233 0.011108901 0.0105259865
v -0.102369548 -0.000124207204 0.00741508031
v -0.0924902982 -0.000124207204 0.00347292298
v -0.100382233 -0.0113573155 0.0105259865
v -0.101112189 -9.84103213e-05 -0.0247402706
v -0.101523028 -0.00668712473 -0.0244287899
v -0.110038866 -8.02569616e-05 -0.0220688658
v -0.0998873145 -0.00800658699 -0.0224529276
v -0.100261847 -9.93657617e-05 -0.0240418237
v -0.101523028 0.00653138793 -0.0244287899
v -0.0998873145 0.00785085109 -0.0224529276
v -0.104104627 -0.0135443177 -0.0233109161
v -0.10837831 -0.0168797582 -0.021884466
v -0.11818208 -0.00405202109 -0.0201388756
v -0.118211698 -8.02569616e-05 -0.0199554155
v -0.118370302 -0.0117757983 -0.0199277099
v -0.115284231 -0.0169695698 -0.0200232698
v -0.104104627 0.0133885809 -0.0233109161
v -0.10837831 0.0167240214 -0.021884466
v -0.11818208 0.00389628429 -0.0201388756
v -0.118370302 0.0116200616 -0.0199277099
v -0.115284231 0.016813833 -0.0200232698
v -0.0997850827 -9.93657617e-05 -0.021350373
v -0.100545613 -0.00856647511 -0.020823911
v -0.103083262 -0.0143841495 -0.0209490842
v -0.100545613 0.00841073831 -0.020823911
v -0.103083262 0.0142284127 -0.0209490842
v -0.108105055 -0.0174549344 -0.0189331015
v -0.119986907 -0.00416762954 -0.0174846407
v -0.119988817 -8.02569616e-05 -0.0175630021
v -0.119986907 0.00401189275 -0.0174846407
v -0.115056837 -0.0175781855 -0.0168034208
v -0.120149332 -0.0132156465 -0.0190057111
v -0.120312713 -0.00785085109 -0.0164957842
v -0.108105055 0.0172991976 -0.0189331015
v -0.120149332 0.0130599097 -0.0190057111
v -0.115056837 0.0174224487 -0.0168034208
v -0.120312713 0.00769511429 -0.0164957842
v -0.0977299314 -0.000101276642 -0.0160390843
v -0.0988430188 -0.00827028867 -0.0163352459
v -0.103726273 -0.0140268153 -0.0189808815
v -0.0988430188 0.00811455187 -0.0163352459
v -0.103726273 0.0138710785 -0.0189808815
v -0.107345481 -0.0158861019 -0.0165760248
v -0.118422852 -0.00532180099 -0.0135300971
v -0.118099913 -8.21678423e-05 -0.0136208448
v -0.118422852 0.00516606419 -0.0135300971
v -0.114264777 -0.0166408995 -0.0147845907
v -0.117938443 -0.0157389644 -0.0145227977
v -0.119499632 -0.00809926472 -0.0128192354
v -0.107345481 0.0157303651 -0.0165760248
v -0.117938443 0.0155832276 -0.0145227977
v -0.114264777 0.0164851627 -0.0147845907
v -0.119499632 0.00794352881 -0.0128192354
v -0.0966244871 -0.000102232083 -0.0140355165
v -0.0970964745 -0.00913973904 -0.0141157571
v -0.102475602 -0.014562817 -0.0147664241
v -0.0970964745 0.00898400224 -0.0141157571
v -0.102475602 0.0144070802 -0.0147664241
v -0.105585559 -0.015958715 -0.0136179973
v -0.115426592 -0.00549664629 -0.00911594923
v -0.116603694 -0.00846424336 -0.00844714413
v -0.114941227 -8.4078723e-05 -0.00921817208
v -0.115426592 0.00534090993 -0.00911594923
v -0.116603694 0.00830850656 -0.00844714413
v -0.111965987 -0.0167603298 -0.011187343
v -0.114811288 -0.0170842235 -0.00960801416
v -0.119136564 -0.0141863739 -0.0114166468
v -0.119555048 -0.0173756316 -0.0125192298
v -0.117222819 -0.0207617119 -0.00959081566
v -0.122177731 -0.00315677386 -0.00706081434
v -0.105585559 0.0158029783 -0.0136179973
v -0.114811288 0.0169284867 -0.00960801416
v -0.111965987 0.016604593 -0.011187343
v -0.119555048 0.0172198948 -0.0125192298
v -0.119136564 0.0140306371 -0.0114166468
v -0.117222819 0.0206059751 -0.00959081566
v -0.122177731 0.00300103706 -0.00706081434
v -0.0958582241 -0.000103187523 -0.0116345039
v -0.0964372208 -0.00930598554 -0.0115800325
v -0.100499752 -0.015411248 -0.0131794357
v -0.0964372208 0.00915024874 -0.0115800325
v -0.100499752 0.0152555112 -0.0131794357
v -0.104517377 -0.0176364672 -0.012107434
v -0.114356498 -0.00698617728 -0.00512985601
v -0.115174356 -0.00908241309 -0.00588274582
v -0.113477494 -8.50341634e-05 -0.00598784458
v -0.114356498 0.00683044093 -0.00512985601
v -0.115174356 0.0089266763 -0.00588274582
v -0.109724525 -0.0184829877 -0.00938443371
v -0.112822063 -0.0165119144 -0.00838025793
v -0.116597006 -0.0165510879 -0.00632606269
v -0.122512134 -0.0191709044 -0.00519292666
v -0.123155145 -0.0142675862 -0.00686587907
v -0.123366296 -0.0205008764 -0.0107965612
v -0.122355443 -0.00877380562 -0.0115236533
v -0.119415554 -0.0197202828 -0.0070913673
v -0.123174255 -0.0179345649 -0.00941501514
v -0.124287341 -8.1212402e-05 -0.00953156058
v -0.129661693 -0.00430043561 -0.0144062238
v -0.126941555 -8.21678423e-05 -0.00365178193
v -0.121403824 -0.00645017557 -0.00423077899
v -0.104517377 0.0174807304 -0.012107434
v -0.112822063 0.0163561776 -0.00838025793
v -0.109724525 0.0183272509 -0.00938443371
v -0.116597006 0.0163953511 -0.00632606269
v -0.123155145 0.0141118494 -0.00686587907
v -0.122512134 0.0190151676 -0.00519292666
v -0.123366296 0.0203451396 -0.0107965612
v -0.122355443 0.00861806882 -0.0115236533
v -0.123174255 0.0177788281 -0.00941501514
v -0.119415554 0.019564546 -0.0070913673
v -0.129661693 0.00414469881 -0.0144062238
v -0.121403824 0.00629443878 -0.00423077899
v -0.105556896 -8.59896037e-05 -0.00814713857
v -0.0996771179 -0.0156223994 -0.0105739489
v -0.104079786 -0.018484899 -0.00892676577
v -0.0996771179 0.0154666626 -0.0105739489
v -0.104079786 0.0183291622 -0.00892676577
v -0.109904148 -0.0185976396 -0.00715731385
v -0.118681776 -0.0132882596 0.000238751436
v -0.116058137 -0.011723249 -0.00542223045
v -0.119120323 -0.0083868528 -0.00121637234
v -0.113242456 -0.0142121707 -0.00581107592
v -0.116058137 0.0115675122 -0.00542223045
v -0.118681776 0.0131325228 0.000238751436
v -0.119120323 0.008231116 -0.00121637234
v -0.113242456 0.0140564339 -0.00581107592
v -0.119671611 -0.0176106712 -0.0036957463
v -0.118380813 -0.0152650661 -0.00232086319
v -0.13116842 -0.0265621878 0.007061543
v -0.125493108 -0.0174921966 -0.00313682364
v -0.12116401 -0.0176421994 -0.00217945966
v -0.132363676 -0.0105155734 -0.00789491294
v -0.129940681 -0.0128554453 -0.00892485799
v -0.129503088 -0.0209900618 -0.000921150466
v -0.125473044 -0.0105461468 -0.00360784603
v -0.123239226 -0.00998434823 -0.0123644434
v -0.133418483 -0.0141519778 -0.00990132825
v -0.121761159 -0.021803141 -0.0059888127
v -0.123247825 -0.0198903511 -0.00673307478
v -0.122368819 -0.0201702947 -0.00282628258
v -0.129844182 -8.02569616e-05 -0.0110335246
v -0.129779211 -0.00561129907 -0.0149947882
v -0.136298177 -8.1212402e-05 -0.00588846916
v -0.128554337 -0.00417145133 -0.00504292388
v -0.126537404 -0.00693171746 -0.00681621983
v -0.125328772 -0.00866679641 -0.00471327654
v -0.128554337 0.00401571453 -0.00504292388
v -0.126537404 0.00677598066 -0.00681621983
v -0.125328772 0.00851105961 -0.00471327654
v -0.12197231 -0.00945025697 -0.00370052998
v -0.109904148 0.0184419028 -0.00715731385
v -0.119671611 0.0174549344 -0.0036957463
v -0.118380813 0.0151093293 -0.00232086319
v -0.129940681 0.0126997085 -0.00892485799
v -0.132363676 0.0103598366 -0.00789491294
v -0.125493108 0.0173364598 -0.00313682364
v -0.129503088 0.020834325 -0.000921150466
v -0.125473044 0.01039041 -0.00360784603
v -0.13116842 0.0263596356 0.007061543
v -0.12116401 0.0174864626 -0.00217945966
v -0.123239226 0.00982861143 -0.0123644434
v -0.133418483 0.013996241 -0.00990132825
v -0.123247825 0.0197346143 -0.00673307478
v -0.121761159 0.0216474042 -0.0059888127
v -0.122368819 0.0200145579 -0.00282628258
v -0.129779211 0.00545556272 -0.0149947882
v -0.12197231 0.00929452017 -0.00370052998
v -0.135347516 -0.0222799064 0.00679402666
v -0.124047527 -0.0115732453 -0.00181735158
v -0.135347516 0.0220783081 0.00679402666
v -0.124047527 0.0114175085 -0.00181735158
v -0.134523928 -0.0294208648 0.0055959122
v -0.136139575 -0.0228837437 0.00485449755
v -0.134579342 -0.00855118795 -0.00843854488
v -0.135968551 -0.00809544293 -0.0105376441
v -0.135255793 -0.0139513352 -0.0130829362
v -0.131690091 -0.00738555159 -0.00694902412
v -0.131091988 -0.0110754606 -0.0157104051
v -0.130344832 -0.00447814747 -0.0126979063
v -0.13229584 -7.93015213e-05 -0.0123405534
v -0.130344832 0.00432241067 -0.0126979063
v -0.134672976 -0.00353417265 -0.00521681662
v -0.143873862 -6.4969923e-05 -0.0094561036
v -0.135758354 -0.00344053949 -0.00746685831
v -0.134672976 0.00337843586 -0.00521681662
v -0.135758354 0.00328480291 -0.00746685831
v -0.131690091 0.00722981479 -0.00694902412
v -0.135968551 0.00793970702 -0.0105376441
v -0.134579342 0.00839545115 -0.00843854488
v -0.135255793 0.0137955984 -0.0130829362
v -0.134523928 0.0292183108 0.0055959122
v -0.136139575 0.0226821454 0.00485449755
v -0.131091988 0.0109197238 -0.0157104051
v -0.137087372 -0.00358576636 -0.0094561036
v -0.137120812 -0.00419055983 -0.0107927457
v -0.134500041 -0.0063852056 -0.0131421913
v -0.138424989 -7.73906406e-05 -0.0131966342
v -0.134500041 0.0062294688 -0.0131421913
v -0.137120812 0.00403482304 -0.0107927457
v -0.149950463 -9.93657617e-05 -0.0126520341
v -0.137087372 0.00343002979 -0.0094561036
v -0.14654814 -0.00277364238 -0.0150664297
v -0.140822186 -0.00390870533 -0.0134297535
v -0.149136428 -0.00218795764 -0.0186120819
v -0.149604592 -0.0001146528 -0.0185518872
v -0.149136428 0.00195387483 -0.0186120819
v -0.140822186 0.00375296853 -0.0134297535
v -0.152285554 -0.00280326103 -0.0136686247
v -0.153128252 -0.000104142963 -0.0140746972
v -0.14654814 0.00253955958 -0.0150664297
v -0.152285554 0.00256917822 -0.0136686247
v -0.152306575 -0.00324467435 -0.0159349252
v -0.151626302 -9.93657617e-05 -0.0173566201
v -0.152306575 0.00301059154 -0.0159349252
v -0.122925841 0 0.0655029448
v -0.122672647 -0.00283479057 0.0655153881
v -0.133392685 -0.00298288379 0.0681256301
v -0.133593329 0 0.0681170308
v -0.122667871 0 0.0655182355
v -0.123397828 0 0.0733308518
v -0.123144634 -0.0028395678 0.0733433235
v -0.133392685 0.00298288379 0.0681256301
v -0.122672647 0.00283479057 0.0655153881
v -0.123144634 0.0028395678 0.0733433235
v -0.133185356 -0.00424788623 0.0681380733
v -0.12230767 -0.00402813513 0.0655373418
v -0.1317178 -0.00597245548 0.0682269133
v -0.122779657 -0.00403291214 0.0733633695
v -0.133471986 -0.00298383923 0.0694393788
v -0.133672631 0 0.0694298114
v -0.133264657 -0.0042488419 0.0694489461
v -0.133471986 0.00298383923 0.0694393788
v -0.123139858 0 0.0733471391
v -0.131796147 -0.00597341115 0.0695358498
v -0.133185356 0.00424788623 0.0681380733
v -0.133264657 0.0042488419 0.0694489461
v -0.1317178 0.00597245548 0.0682269133
v -0.12230767 0.00402813513 0.0655373418
v -0.122779657 0.00403291214 0.0733633695
v -0.131796147 0.00597341115 0.0695358498
v -0.129730484 -0.0075011596 0.0683482709
v -0.127703994 -0.00981523561 0.0684705681
v -0.126002357 -0.0115999969 0.0663972381
v -0.120126401 -0.00708936515 0.0667622221
v -0.123597515 -0.0147453063 0.0681743781
v -0.120466538 -0.00709318694 0.0724079417
v -0.129808831 -0.00750211527 0.0696562393
v -0.127782341 -0.00981619039 0.0697766288
v -0.126342494 -0.0116038187 0.0720391422
v -0.123741787 -0.0147462611 0.0705629759
v -0.129730484 0.0075011596 0.0683482709
v -0.129808831 0.00750211527 0.0696562393
v -0.127703994 0.00981523561 0.0684705681
v -0.126002357 0.0115999969 0.0663972381
v -0.123597515 0.0147453063 0.0681743781
v -0.120126401 0.00708936515 0.0667622221
v -0.120466538 0.00709318694 0.0724079417
v -0.127782341 0.00981619039 0.0697766288
v -0.126342494 0.0116038187 0.0720391422
v -0.123741787 0.0147462611 0.0705629759
v -0.118617762 -0.00907667996 0.0673966302
v -0.122100342 -0.0158870576 0.0688106655
v -0.118892927 -0.00908050175 0.0719579334
v -0.122179643 -0.0158880115 0.0701110313
v -0.122100342 0.0158870576 0.0688106655
v -0.118617762 0.00907667996 0.0673966302
v -0.122179643 0.0158880115 0.0701110313
v -0.118892927 0.00908050175 0.0719579334
v -0.117158805 -0.0105413702 0.068572791
v -0.119209179 -0.0190724936 0.0668090339
v -0.117303075 -0.0105432807 0.0709652043
v -0.119549316 -0.0190763162 0.0724451862
v -0.119209179 0.0190724936 0.0668090339
v -0.117158805 0.0105413702 0.068572791
v -0.119549316 0.0190763162 0.0724451862
v -0.117303075 0.0105432807 0.0709652043
v -0.114371785 -0.012058609 0.0687428397
v -0.117294476 -0.020258195 0.0669256078
v -0.114516058 -0.0120595638 0.0711343418
v -0.117633659 -0.0202620159 0.072560792
v -0.117294476 0.020258195 0.0669256078
v -0.114371785 0.012058609 0.0687428397
v -0.117633659 0.0202620159 0.072560792
v -0.114516058 0.0120595638 0.0711343418
v -0.108892338 -0.0129777417 0.0653797079
v -0.111258007 -0.0153013726 0.0631965239
v -0.112084462 -0.0170507822 0.0626758138
v -0.109458913 -0.0124694482 0.0695903497
v -0.107679883 -0.0121016034 0.0656902205
v -0.109537258 -0.012470403 0.0708935629
v -0.112028091 -0.0198702856 0.069426964
v -0.115530735 -0.0211438873 0.0692100465
v -0.115608125 -0.021144843 0.0705065967
v -0.11209115 -0.0153109258 0.0770131524
v -0.109480888 -0.0129844296 0.0751414206
v -0.112973021 -0.0170603371 0.0774249481
v -0.108239772 -0.0121073357 0.0749847549
v -0.112106437 -0.0198712413 0.0707244254
v -0.112084462 0.0170507822 0.0626758138
v -0.115530735 0.0211438873 0.0692100465
v -0.112028091 0.0198702856 0.069426964
v -0.115608125 0.021144843 0.0705065967
v -0.111258007 0.0153013726 0.0631965239
v -0.108892338 0.0129777417 0.0653797079
v -0.107679883 0.0121016034 0.0656902205
v -0.109458913 0.0124694482 0.0695903497
v -0.109537258 0.012470403 0.0708935629
v -0.112973021 0.0170603371 0.0774249481
v -0.112106437 0.0198712413 0.0707244254
v -0.109480888 0.0129844296 0.0751414206
v -0.11209115 0.0153109258 0.0770131524
v -0.108239772 0.0121073357 0.0749847549
v -0.106288763 -0.019318042 0.0638385916
v -0.109221964 -0.0193486163 0.0631057477
v -0.102881664 -0.018206865 0.0651628189
v -0.106009775 -0.0113353405 0.0698033946
v -0.105071533 -0.0113974439 0.0668558742
v -0.106089076 -0.0113362961 0.071107576
v -0.100663132 -0.017064158 0.0656071039
v -0.105511991 -0.0114022213 0.0741477804
v -0.111922993 -0.021359817 0.0694317476
v -0.112001338 -0.0213607727 0.0707282409
v -0.110080905 -0.0193581712 0.0773427712
v -0.107080822 -0.0193266412 0.0769749398
v -0.103539007 -0.0182145086 0.0760796499
v -0.101284168 -0.0170708477 0.0759143849
v -0.109221964 0.0193486163 0.0631057477
v -0.111922993 0.021359817 0.0694317476
v -0.112001338 0.0213607727 0.0707282409
v -0.106288763 0.019318042 0.0638385916
v -0.102881664 0.018206865 0.0651628189
v -0.105071533 0.0113974439 0.0668558742
v -0.106009775 0.0113353405 0.0698033946
v -0.100663132 0.017064158 0.0656071039
v -0.106089076 0.0113362961 0.071107576
v -0.105511991 0.0114022213 0.0741477804
v -0.110080905 0.0193581712 0.0773427712
v -0.107080822 0.0193266412 0.0769749398
v -0.103539007 0.0182145086 0.0760796499
v -0.101284168 0.0170708477 0.0759143849
v -0.105536832 -0.0220467781 0.0698234406
v -0.106789414 -0.0229401158 0.0697460473
v -0.104007172 -0.0215585483 0.0699180323
v -0.0998099239 -0.020371893 0.0701769779
v -0.101899472 -0.00914260605 0.0700575565
v -0.0997602416 -0.00949325232 0.0668778279
v -0.101978773 -0.00914356083 0.0713636172
v -0.0983433237 -0.0154676183 0.0653625094
v -0.100237006 -0.00949898456 0.0747812203
v -0.0990121319 -0.0154743062 0.076445602
v -0.111436674 -0.0232162367 0.0694603928
v -0.11151502 -0.0232171924 0.0707550068
v -0.10686776 -0.0229410697 0.0710416294
v -0.105615178 -0.0220477338 0.0711199908
v -0.104085518 -0.021559504 0.0712145825
v -0.0998882702 -0.0203728469 0.0714744393
v -0.106789414 0.0229401158 0.0697460473
v -0.105536832 0.0220467781 0.0698234406
v -0.111436674 0.0232162367 0.0694603928
v -0.11151502 0.0232171924 0.0707550068
v -0.10686776 0.0229410697 0.0710416294
v -0.104007172 0.0215585483 0.0699180323
v -0.0998099239 0.020371893 0.0701769779
v -0.0997602416 0.00949325232 0.0668778279
v -0.101899472 0.00914260605 0.0700575565
v -0.0983433237 0.0154676183 0.0653625094
v -0.101978773 0.00914356083 0.0713636172
v -0.100237006 0.00949898456 0.0747812203
v -0.0990121319 0.0154743062 0.076445602
v -0.105615178 0.0220477338 0.0711199908
v -0.104085518 0.021559504 0.0712145825
v -0.0998882702 0.0203728469 0.0714744393
v -0.106884958 -0.0240656242 0.0697393843
v -0.111473937 -0.0255102481 0.0694565773
v -0.106963303 -0.0240665781 0.0710339983
v -0.0948894081 -0.0190572064 0.0671023765
v -0.0984111602 -0.021704732 0.0672628863
v -0.0988497072 -0.0217095085 0.0745347465
v -0.100151016 -0.00785085109 0.0701664424
v -0.100229362 -0.00785180587 0.0714735281
v -0.0982162503 -0.0078298308 0.0702849525
v -0.0973802404 -0.00904228475 0.0666017123
v -0.0964018694 -0.0140249039 0.0653252365
v -0.0946725232 -0.0127971637 0.064891487
v -0.0930903146 -0.0161717778 0.0668023424
v -0.0979076433 -0.00904801699 0.0753478026
v -0.0982945965 -0.00783078647 0.0715919813
v -0.0970888309 -0.0140325475 0.0767227142
v -0.0954254099 -0.0128048073 0.077368569
v -0.0953738161 -0.0190619848 0.0751318533
v -0.0936244055 -0.0161784657 0.0756573755
v -0.111551326 -0.0255112038 0.070749255
v -0.111473937 0.0255102481 0.0694565773
v -0.106884958 0.0240656242 0.0697393843
v -0.106963303 0.0240665781 0.0710339983
v -0.111551326 0.0255112038 0.070749255
v -0.0984111602 0.021704732 0.0672628863
v -0.0948894081 0.0190572064 0.0671023765
v -0.0988497072 0.0217095085 0.0745347465
v -0.100151016 0.00785085109 0.0701664424
v -0.0973802404 0.00904228475 0.0666017123
v -0.0982162503 0.0078298308 0.0702849525
v -0.0964018694 0.0140249039 0.0653252365
v -0.0946725232 0.0127971637 0.064891487
v -0.100229362 0.00785180587 0.0714735281
v -0.0930903146 0.0161717778 0.0668023424
v -0.0982945965 0.00783078647 0.0715919813
v -0.0979076433 0.00904801699 0.0753478026
v -0.0970888309 0.0140325475 0.0767227142
v -0.0954254099 0.0128048073 0.077368569
v -0.0953738161 0.0190619848 0.0751318533
v -0.0936244055 0.0161784657 0.0756573755
v -0.106568707 -0.0252360367 0.069757551
v -0.109687263 -0.0283049112 0.0695635838
v -0.106646098 -0.0252369924 0.0710511968
v -0.109764654 -0.0283058669 0.0708543822
v -0.0956967551 -0.0224920134 0.0675418778
v -0.0961219258 -0.0224958361 0.0745891895
v -0.0964687503 -0.0245060812 0.0677807205
v -0.098711168 -0.0233834398 0.0674835908
v -0.099121052 -0.0233872607 0.074275801
v -0.0968595254 -0.0245099039 0.0742519395
v -0.0925266049 -0.00759765911 0.0657294011
v -0.0931954129 -0.00760530269 0.0768115541
v -0.095264896 -0.0098505865 0.0656453164
v -0.094259773 -0.011419419 0.0652860843
v -0.0923307397 -0.0146583608 0.0666332334
v -0.0917192581 -0.0126987538 0.0668625372
v -0.0928906275 -0.0146650487 0.075922016
v -0.0959231941 -0.00985823007 0.0765545448
v -0.0949677542 -0.0114270625 0.0770303509
v -0.0922571708 -0.012704486 0.0757739494
v -0.109687263 0.0283049112 0.0695635838
v -0.106568707 0.0252360367 0.069757551
v -0.109764654 0.0283058669 0.0708543822
v -0.106646098 0.0252369924 0.0710511968
v -0.098711168 0.0233834398 0.0674835908
v -0.0964687503 0.0245060812 0.0677807205
v -0.0956967551 0.0224920134 0.0675418778
v -0.099121052 0.0233872607 0.074275801
v -0.0961219258 0.0224958361 0.0745891895
v -0.0968595254 0.0245099039 0.0742519395
v -0.0925266049 0.00759765911 0.0657294011
v -0.095264896 0.0098505865 0.0656453164
v -0.094259773 0.011419419 0.0652860843
v -0.0931954129 0.00760530269 0.0768115541
v -0.0923307397 0.0146583608 0.0666332334
v -0.0917192581 0.0126987538 0.0668625372
v -0.0928906275 0.0146650487 0.075922016
v -0.0959231941 0.00985823007 0.0765545448
v -0.0949677542 0.0114270625 0.0770303509
v -0.0922571708 0.012704486 0.0757739494
v -0.104261319 -0.026124596 0.0698989545
v -0.108809214 -0.0307288617 0.0696151793
v -0.10433871 -0.0261255517 0.0711916322
v -0.108886604 -0.0307298191 0.0709040414
v -0.0989939786 -0.0273829106 0.0702218534
v -0.0995424014 -0.0246006694 0.0701903608
v -0.0990713692 -0.0273838662 0.0715136199
v -0.0996207467 -0.0246016251 0.0714840066
v -0.091378166 -0.00728905208 0.0673775239
v -0.0893344798 -0.00928305569 0.0685890213
v -0.0918568414 -0.00729478476 0.0753172212
v -0.0896832154 -0.00928687748 0.0743599141
v -0.108809214 0.0307288617 0.0696151793
v -0.104261319 0.026124596 0.0698989545
v -0.108886604 0.0307298191 0.0709040414
v -0.10433871 0.0261255517 0.0711916322
v -0.0995424014 0.0246006694 0.0701903608
v -0.0989939786 0.0273829106 0.0702218534
v -0.0996207467 0.0246016251 0.0714840066
v -0.0990713692 0.0273838662 0.0715136199
v -0.0893344798 0.00928305569 0.0685890213
v -0.091378166 0.00728905208 0.0673775239
v -0.0918568414 0.00729478476 0.0753172212
v -0.0896832154 0.00928687748 0.0743599141
v -0.1075509 -0.0326674511 0.0696906363
v -0.106125383 -0.0338025127 0.0697775969
v -0.10388201 -0.0338627039 0.0678332841
v -0.100801671 -0.0327715924 0.0683358276
v -0.101674943 -0.0256669406 0.0700584677
v -0.0998080135 -0.0297342497 0.0685001814
v -0.101752333 -0.0256678962 0.0713512023
v -0.107628289 -0.032668405 0.0709776191
v -0.106202774 -0.0338025127 0.0710636116
v -0.104209725 -0.0338665266 0.0732687777
v -0.101091169 -0.0327754151 0.0731493564
v -0.100086047 -0.0297371149 0.0731159275
v -0.0907313331 -0.00594665863 0.0673096981
v -0.0864786694 -0.00490331818 0.0687676693
v -0.0912233847 -0.00595239131 0.0754672239
v -0.0868274052 -0.00490713997 0.0745423777
v -0.1075509 0.0326674511 0.0696906363
v -0.107628289 0.032668405 0.0709776191
v -0.106125383 0.0338025127 0.0697775969
v -0.10388201 0.0338627039 0.0678332841
v -0.100801671 0.0327715924 0.0683358276
v -0.0998080135 0.0297342497 0.0685001814
v -0.101674943 0.0256669406 0.0700584677
v -0.101752333 0.0256678962 0.0713512023
v -0.106202774 0.0338025127 0.0710636116
v -0.104209725 0.0338665266 0.0732687777
v -0.101091169 0.0327754151 0.0731493564
v -0.100086047 0.0297371149 0.0731159275
v -0.0864786694 0.00490331818 0.0687676693
v -0.0907313331 0.00594665863 0.0673096981
v -0.0868274052 0.00490713997 0.0745423777
v -0.0912233847 0.00595239131 0.0754672239
v -0.08615382 -0.00148666466 0.0698779404
v -0.0911364397 -0.00461573099 0.0683731005
v -0.091497596 -0.00462050801 0.0743646409
v -0.0863716602 -0.001489531 0.0734885426
v -0.0911364397 0.00461573099 0.0683731005
v -0.08615382 0.00148666466 0.0698779404
v -0.0863716602 0.001489531 0.0734885426
v -0.091497596 0.00462050801 0.0743646409
v -0.0915511006 -0.00268096466 0.0688928424
v -0.091664798 0 0.0699753796
v -0.0861003154 0 0.0704263561
v -0.0862531856 0 0.072953453
v -0.0918463316 -0.00268383101 0.0738028423
v -0.0918300891 0 0.0727203621
v -0.0915511006 0.00268096466 0.0688928424
v -0.0918463316 0.00268383101 0.0738028423
v -0.124287341 -0.000124207204 0.0248002544
v -0.11511703 -0.000124207204 0.0253228723
v -0.114583894 0.00345582664 0.0253754359
v -0.12508227 -0.000124207204 0.0248403747
v -0.114583894 -0.00370424094 0.0253754359
v -0.119965886 0.0017541879 0.0131543951
v -0.115344424 0.00122774044 0.0247954707
v -0.119967798 -0.000124207204 0.0131524873
v -0.115344424 -0.0014771103 0.0247954707
v -0.119965886 -0.0020026022 0.0131543951
v -0.110029311 0.0100789373 0.0265391533
v -0.115376908 0.00410074868 0.0254556765
v -0.117795128 0.00976746369 0.0211504715
v -0.127882663 0.004357762 0.0213807434
v -0.134000345 0.00310231381 0.0227871476
v -0.138560662 0.00291695837 0.0237464194
v -0.138320844 -0.000124207204 0.0254165243
v -0.138560662 -0.00316537289 0.0237464194
v -0.134000345 -0.00335072811 0.0227871476
v -0.127882663 -0.00460617652 0.0213807434
v -0.117795128 -0.0100158782 0.0211504715
v -0.110029311 -0.0103273509 0.0265391533
v -0.115376908 -0.0043491632 0.0254556765
v -0.114657463 0.00813461649 0.0165270942
v -0.128537139 0.00552148792 0.0172207574
v -0.120195192 0.0101419955 0.0152831076
v -0.128540962 -0.000124207204 0.0172169419
v -0.128537139 -0.00577085766 0.0172207574
v -0.114657463 -0.00838303101 0.0165270942
v -0.120195192 -0.01039041 0.0152831076
v -0.107070313 0.0101448625 0.0222100583
v -0.107912056 0.0113534938 0.0229084767
v -0.112048155 0.0185995509 0.0240511801
v -0.133489185 0.00475522496 0.0178083538
v -0.138998252 0.00462432979 0.0168806031
v -0.142393888 0.00450298865 0.01696278
v -0.144621018 0.00356856853 0.0234005417
v -0.143463978 -0.000124207204 0.0267866238
v -0.144621018 -0.00381698283 0.0234005417
v -0.142393888 -0.00475140317 0.01696278
v -0.138998252 -0.00487274431 0.0168806031
v -0.133489185 -0.00500363948 0.0178083538
v -0.112048155 -0.0188441437 0.0240511801
v -0.107912056 -0.0116019083 0.0229084767
v -0.107070313 -0.010393277 0.0222100583
v -0.104829806 0.00903750729 0.0169818863
v -0.108206331 0.00812410679 0.0130913529
v -0.105250199 0.0174119399 0.0219358505
v -0.118096091 0.0187600643 0.015702563
v -0.133493007 -0.000124207204 0.0178045382
v -0.115083588 0.0199916272 0.0201864445
v -0.119010448 0.0143860608 0.0156480916
v -0.104829806 -0.00928592181 0.0169818863
v -0.108206331 -0.00837252131 0.0130913529
v -0.105250199 -0.017655577 0.0219358505
v -0.118096091 -0.019004657 0.015702563
v -0.115083588 -0.0202362199 0.0201864445
v -0.119010448 -0.0146354301 0.0156480916
v -0.102260628 0.00817856662 0.0249741471
v -0.102060941 0.00908432354 0.0261254498
v -0.104408457 0.0108690858 0.0225358616
v -0.103224667 0.0137640693 0.0226428682
v -0.105996399 0.0153367235 0.0255063324
v -0.109839179 0.0203967333 0.024532738
v -0.103214157 0.0197604103 0.0278681643
v -0.139001118 -0.000124207204 0.0168767875
v -0.142397707 -0.000124207204 0.0169599041
v -0.145772321 0.00348066805 0.019291183
v -0.145772321 -0.00372908235 0.019291183
v -0.109839179 -0.0206365494 0.024532738
v -0.103214157 -0.0199820723 0.0278681643
v -0.105996399 -0.0155813163 0.0255063324
v -0.104408457 -0.0111175003 0.0225358616
v -0.103224667 -0.0140124838 0.0226428682
v -0.102060941 -0.00933273806 0.0261254498
v -0.102260628 -0.00842793681 0.0249741471
v -0.107295796 0.00339085667 0.0119629721
v -0.0922103542 0.00706356829 0.0076615826
v -0.0944890786 0.0124044778 0.00931352095
v -0.0974136808 0.0138557913 0.0102508105
v -0.0993751992 0.0152125167 0.0151311971
v -0.103423398 0.0151102832 0.0203211566
v -0.105045736 0.0214735151 0.0264761112
v -0.105204339 0.0200432209 0.0216606746
v -0.103898252 0.023357642 0.0244094726
v -0.106414882 0.0250936775 0.0178790555
v -0.103994752 0.0243255023 0.0191727014
v -0.100910591 0.0161641342 0.0196991633
v -0.100699439 0.0190954243 0.0188211003
v -0.101598508 0.0221556995 0.0180213987
v -0.0996752074 0.0184438141 0.0171509953
v -0.108299965 0.0237006456 0.0237960786
v -0.107295796 -0.00363927097 0.0119629721
v -0.0944890786 -0.0126528923 0.00931352095
v -0.0922103542 -0.00731198237 0.0076615826
v -0.0974136808 -0.0141042059 0.0102508105
v -0.0993751992 -0.0154609303 0.0151311971
v -0.103423398 -0.0153586986 0.0203211566
v -0.105045736 -0.0216951771 0.0264761112
v -0.103898252 -0.023579304 0.0244094726
v -0.105204339 -0.0202830371 0.0216606746
v -0.106414882 -0.0253143838 0.0178790555
v -0.103994752 -0.0245653185 0.0191727014
v -0.100699439 -0.019340017 0.0188211003
v -0.100910591 -0.0161335599 0.0196981951
v -0.0996752074 -0.0186884069 0.0171509953
v -0.101598508 -0.0223955139 0.0180213987
v -0.108299965 -0.0239414156 0.0237960786
v -0.0998309442 0.00964516733 0.0278767635
v -0.100367902 0.0042660395 0.0238123374
v -0.09883442 0.0118474567 0.0268582652
v -0.10121251 0.00197680534 0.0237521427
v -0.107420003 -0.000124207204 0.0114011735
v -0.0997172462 0.0129911184 0.0263471224
v -0.0997172462 -0.0132404877 0.0263471224
v -0.09883442 -0.012096826 0.0268582652
v -0.0998309442 -0.00989453663 0.0278767635
v -0.100367902 -0.00451445402 0.0238123374
v -0.10121251 -0.00222521986 0.0237521427
v -0.0911555485 0.00178858378 0.00746092398
v -0.0911488604 -0.000124207204 0.00758418936
v -0.0899182536 0.00622469179 0.0189921456
v -0.0923995314 0.00969389492 0.0205322937
v -0.0940820612 0.0110305548 0.0220867929
v -0.0975522195 0.0142771403 0.0205017408
v -0.099489852 0.0189263117 0.0182363799
v -0.102877842 0.0206461044 0.0206230699
v -0.104372151 0.0245978042 0.0184417937
v -0.101599464 0.021417143 0.0191000918
v -0.0911555485 -0.00203699808 0.00746092398
v -0.0899182536 -0.00647310631 0.0189921456
v -0.0923995314 -0.00994230855 0.0205322937
v -0.0940820612 -0.0112789693 0.0220867929
v -0.0975522195 -0.0145265104 0.0205017408
v -0.099489852 -0.0191709044 0.0182363799
v -0.102877842 -0.0208859187 0.0206230699
v -0.104372151 -0.0248194661 0.0184417937
v -0.101599464 -0.0216579148 0.0191000918
v -0.0972531665 0.011108901 0.0255970801
v -0.0991688239 -0.000124207204 0.0224364862
v -0.0892035844 -0.000124207204 0.0187437355
v -0.0972531665 -0.0113573155 0.0255970801
v -0.119517786 -0.000115608241 0.034451145
v -0.113099139 -0.000115608241 0.0401379247
v -0.112569826 0.00322174383 0.0402201016
v -0.120313666 -0.000115608241 0.0344463898
v -0.112569826 -0.0034529603 0.0402201016
v -0.117313586 0.00163571332 0.0277086226
v -0.113298826 0.00114461719 0.0395981083
v -0.117314542 -0.000115608241 0.0277076545
v -0.113298826 -0.00137678911 0.0395981083
v -0.117313586 -0.00186692979 0.0277086226
v -0.108117475 0.00939579714 0.0423449986
v -0.113364751 0.00382271551 0.0402564064
v -0.115557487 0.00910534383 0.035818397
v -0.122002885 0.00406253079 0.0308768476
v -0.126775307 0.00289211696 0.0306466042
v -0.131377663 0.00271918233 0.0313459622
v -0.131223838 -0.000115608241 0.0330285105
v -0.131377663 -0.0029503988 0.0313459622
v -0.126775307 -0.00312428888 0.0306466042
v -0.122002885 -0.0042937477 0.0308768476
v -0.115557487 -0.00933655985 0.035818397
v -0.108117475 -0.00962796883 0.0423449986
v -0.113364751 -0.00405488765 0.0402564064
v -0.112187649 0.00758332762 0.0313784514
v -0.122463407 0.00514791091 0.0271181504
v -0.117651811 0.00945503443 0.0298220445
v -0.12246723 -0.000115608241 0.0271143348
v -0.122463407 -0.00537912738 0.0271181504
v -0.112187649 -0.00781549931 0.0313784514
v -0.117651811 -0.00968625134 0.0298220445
v -0.104906241 0.00945694577 0.0374856261
v -0.105816776 0.0105843647 0.038838527
v -0.109970074 0.0176393342 0.0390430012
v -0.124590216 0.00443324167 0.0273465145
v -0.130020936 0.0043109453 0.0256744733
v -0.133367845 0.00419724819 0.0245891172
v -0.136517932 0.00332684215 0.0293443306
v -0.135537649 -0.000115608241 0.0327915471
v -0.136517932 -0.00355805861 0.0293443306
v -0.133367845 -0.00442941988 0.0245891172
v -0.130020936 -0.00454216177 0.0256744733
v -0.124590216 -0.00466445814 0.0273465145
v -0.109970074 -0.0178705511 0.0390430012
v -0.105816776 -0.0108155807 0.038838527
v -0.104906241 -0.00968911746 0.0374856261
v -0.102400122 0.0084250698 0.0323902583
v -0.105571228 0.0075737727 0.0283124493
v -0.103074663 0.01651287 0.0373155774
v -0.115578506 0.0177912483 0.0303609212
v -0.124594038 -0.000115608241 0.0273426705
v -0.112801041 0.0189597512 0.0350100962
v -0.116488085 0.0134115117 0.0302539147
v -0.102400122 -0.00865724238 0.0323902583
v -0.105571228 -0.00780498962 0.0283124493
v -0.103074663 -0.0167440869 0.0373155774
v -0.115578506 -0.0180234209 0.0303609212
v -0.112801041 -0.0191919238 0.0350100962
v -0.116488085 -0.0136436834 0.0302539147
v -0.10024656 0.00762441163 0.0405181994
v -0.10010611 0.00846902082 0.0416790694
v -0.102265405 0.0101324414 0.0379614322
v -0.101089259 0.0128315598 0.0381353249
v -0.10400335 0.0145456194 0.040839219
v -0.107690394 0.0192052996 0.0376232141
v -0.101475256 0.018203998 0.0423707963
v -0.130023805 -0.000115608241 0.0256706577
v -0.13337071 -0.000115608241 0.0245862413
v -0.136859976 0.00324467435 0.0267235531
v -0.136859976 -0.00347684626 0.0267235531
v -0.10778976 -0.0199094592 0.0396487357
v -0.101475256 -0.0184084632 0.0423707963
v -0.10400335 -0.0147768354 0.040839219
v -0.102265405 -0.0103636584 0.0379614322
v -0.101089259 -0.0130637315 0.0381353249
v -0.10010611 -0.00870023684 0.0416790694
v -0.10024656 -0.00785658333 0.0405181994
v -0.104603367 0.00316059565 0.0272375717
v -0.0893230144 0.00658489253 0.0237970467
v -0.0916829514 0.0115646461 0.0253171489
v -0.0946505481 0.012916594 0.0260872372
v -0.0968595254 0.0141815964 0.0308510499
v -0.10116856 0.0140870074 0.0358050141
v -0.103232311 0.0197823853 0.0408831834
v -0.102917015 0.0188728066 0.0350397095
v -0.101978773 0.0215174652 0.0388882147
v -0.104151444 0.023116872 0.0322450392
v -0.101534493 0.0222407328 0.0316584111
v -0.0986270895 0.0150682444 0.0353263321
v -0.0983719871 0.0181094098 0.0344626202
v -0.0990837898 0.0202562836 0.030659019
v -0.097262721 0.0174921966 0.03285271
v -0.106101497 0.0216693793 0.0366735097
v -0.104603367 -0.00339276757 0.0272375717
v -0.0916829514 -0.011795863 0.0253171489
v -0.0893230144 -0.00681706467 0.0237970467
v -0.0946505481 -0.01314781 0.0260872372
v -0.0968595254 -0.0144137681 0.0308510499
v -0.10116856 -0.0143182243 0.0358050141
v -0.103232311 -0.019985895 0.0408831834
v -0.101978773 -0.0217219287 0.0388882147
v -0.103015425 -0.0195693226 0.0370423092
v -0.104151444 -0.0233203798 0.0322450392
v -0.101534493 -0.0224595296 0.0316584111
v -0.0983719871 -0.0183415824 0.0344626202
v -0.0986270895 -0.015300417 0.0353263321
v -0.097262721 -0.0177234118 0.03285271
v -0.0990837898 -0.0204760361 0.030659019
v -0.106101497 -0.0218891317 0.0366735097
v -0.0979707023 0.00899164582 0.0435555563
v -0.0982974626 0.00397654142 0.039465304
v -0.0969235401 0.0110448863 0.0425943768
v -0.0991372944 0.00184304383 0.0393573293
v -0.104698911 -0.000115608241 0.0266691102
v -0.0977777033 0.0121111575 0.042034486
v -0.0977777033 -0.01234333 0.042034486
v -0.0969235401 -0.0112770589 0.0425943768
v -0.0979707023 -0.0092238184 0.0435555563
v -0.0982974626 -0.00420871311 0.039465304
v -0.0991372944 -0.0020742603 0.0393573293
v -0.0882596098 0.00166724286 0.0236556432
v -0.0882596098 -0.000115608241 0.0237788801
v -0.0876175541 0.0058023872 0.0352441837
v -0.0901743115 0.00903750729 0.0366410205
v -0.0919332766 0.010282446 0.0380980805
v -0.0953164898 0.0133102347 0.0363180931
v -0.097134692 0.0179488964 0.0339466938
v -0.100541792 0.0194403374 0.0341435084
v -0.102141198 0.0226601704 0.0329195962
v -0.0991392053 0.0195817427 0.031723361
v -0.0882596098 -0.00189941478 0.0236556432
v -0.0876175541 -0.00603455933 0.0352441837
v -0.0901743115 -0.00926872331 0.0366410205
v -0.0919332766 -0.0105146177 0.0380980805
v -0.0953164898 -0.0135414516 0.0363180931
v -0.097134692 -0.018181069 0.0339466938
v -0.100493064 -0.01909638 0.0331536552
v -0.102141198 -0.0228646357 0.0329195962
v -0.0991392053 -0.0198014952 0.031723361
v -0.095280183 0.0103560148 0.0414249075
v -0.0970295936 -0.000115608241 0.0381592149
v -0.0868914195 -0.000115608241 0.0350358939
v -0.095280183 -0.0105881865 0.0414249075
v -0.118137174 -0.000108920165 0.0449906057
v -0.112522054 -0.000108920165 0.0515468491
v -0.112008028 0.00302587847 0.051704483
v -0.118924457 -0.000108920165 0.0448721525
v -0.112008028 -0.00324276345 0.051704483
v -0.115079767 0.00153539214 0.0386226062
v -0.112649127 0.00107486998 0.0509831427
v -0.115080721 -0.000108920165 0.038621638
v -0.112649127 -0.00129271041 0.0509831427
v -0.115079767 -0.00175323245 0.0386226062
v -0.107875749 0.00882444366 0.0544485258
v -0.112800088 0.0035905436 0.0516261501
v -0.114394716 0.00855118795 0.0469129648
v -0.120133089 0.00381507194 0.0410924127
v -0.124828122 0.00271631599 0.0401809209
v -0.129475382 0.00255389129 0.0402153179
v -0.129542261 -0.000108920165 0.0419054973
v -0.129475382 -0.00277077604 0.0402153179
v -0.124828122 -0.00293415642 0.0401809209
v -0.120133089 -0.00403291214 0.0410924127
v -0.114394716 -0.00876807338 0.0469129648
v -0.107875749 -0.00904132908 0.0544485258
v -0.112800088 -0.00380742836 0.0516261501
v -0.110481234 0.00712184991 0.0429946974
v -0.120101559 0.00483452642 0.0373002867
v -0.115689337 0.00887890437 0.0406691703
v -0.120104426 -0.000108920165 0.037295503
v -0.120101559 -0.00505236707 0.0373002867
v -0.110481234 -0.00733969012 0.0429946974
v -0.115689337 -0.00909674458 0.0406691703
v -0.104065454 0.00888177049 0.050089789
v -0.10514319 0.00993944243 0.0513012864
v -0.109281201 0.0165654194 0.050909565
v -0.122236969 0.00416285208 0.0372219253
v -0.127395389 0.0040481993 0.0347865157
v -0.130568405 0.00394214576 0.0332329562
v -0.134304177 0.00312428888 0.0374951935
v -0.133781548 -0.000108920165 0.0410532605
v -0.134304177 -0.0033421293 0.0374951935
v -0.130568405 -0.00415998596 0.0332329562
v -0.127395389 -0.0042660395 0.0347865157
v -0.122236969 -0.00438069273 0.0372219253
v -0.109281201 -0.0167832587 0.050909565
v -0.10514319 -0.0101572826 0.0513012864
v -0.104065454 -0.00909865503 0.050089789
v -0.100923967 0.00791199882 0.0453976463
v -0.103532318 0.00711229544 0.0409022896
v -0.102230053 0.0155077475 0.0501843808
v -0.113705844 0.0167077804 0.041500393
v -0.122239834 -0.000108920165 0.0372171416
v -0.111559925 0.0178055798 0.0465068923
v -0.114592492 0.0125955655 0.0412634296
v -0.100923967 -0.00812983903 0.0453976463
v -0.103532318 -0.00733013609 0.0409022896
v -0.102230053 -0.0157246311 0.0501843808
v -0.113705844 -0.0169256197 0.041500393
v -0.111559925 -0.0180234209 0.0465068923
v -0.114592492 -0.0128124509 0.0412634296
v -0.0998471862 0.00716102303 0.0537634619
v -0.0998586515 0.00795308284 0.0549348389
v -0.101513474 0.00951522738 0.0509401465
v -0.100371723 0.0120500097 0.0512802724
v -0.103607798 0.0136599262 0.0535437255
v -0.106993878 0.0167049134 0.0475769862
v -0.10187463 0.0175542991 0.0553838792
v -0.127398255 -0.000108920165 0.0347827002
v -0.130570316 -0.000108920165 0.0332291406
v -0.134302266 0.00304785376 0.0348476501
v -0.134302266 -0.00326473852 0.0348476501
v -0.107202164 -0.0186979618 0.0518229647
v -0.10187463 -0.0177511208 0.0553838792
v -0.103607798 -0.0138777664 0.0535437255
v -0.101513474 -0.00973306759 0.0509401465
v -0.100371723 -0.0122678499 0.0512802724
v -0.0998586515 -0.00817092304 0.0549348389
v -0.0998471862 -0.00737790801 0.0537634619
v -0.102435474 0.00296855208 0.0399745674
v -0.08685989 0.00618456345 0.0387506268
v -0.0893946725 0.0108604865 0.0399210642
v -0.0924320163 0.0121302664 0.0402592823
v -0.0952381437 0.0133178783 0.0446657705
v -0.100147194 0.0132290224 0.0489595004
v -0.103417665 0.0190753606 0.0536602709
v -0.101930045 0.0164154149 0.0457100666
v -0.101912848 0.0207492918 0.0518583298
v -0.103185494 0.0222913708 0.0449619605
v -0.100296243 0.019922835 0.0435431131
v -0.0975694171 0.0141510221 0.0488486783
v -0.0972034837 0.0170068321 0.0480289023
v -0.0977385302 0.0181447607 0.0429020135
v -0.0958973973 0.0164268811 0.0465919452
v -0.105475683 0.0194107188 0.0478483466
v -0.102435474 -0.00318639251 0.0399745674
v -0.0893946725 -0.0110773719 0.0399210642
v -0.08685989 -0.00640144798 0.0387506268
v -0.0924320163 -0.0123481066 0.0402592823
v -0.0952381437 -0.0135357185 0.0446657705
v -0.100147194 -0.0134468626 0.0489595004
v -0.103417665 -0.0192721805 0.0536602709
v -0.101912848 -0.0209461117 0.0518583298
v -0.102136421 -0.0183778889 0.0499216481
v -0.103185494 -0.0224881925 0.0449619605
v -0.100296243 -0.020118701 0.0435431131
v -0.0972034837 -0.0172246732 0.0480289023
v -0.0975694171 -0.0143688623 0.0488486783
v -0.0958973973 -0.0166447204 0.0465919452
v -0.0977385302 -0.0183415824 0.0429020135
v -0.105475683 -0.0196075405 0.0478483466
v -0.0979878999 0.00844417874 0.0571008244
v -0.0977805694 0.00373481525 0.0529991254
v -0.0968260849 0.0103722567 0.0562982469
v -0.0985984261 0.00173030194 0.0527717294
v -0.102455537 -0.000108920165 0.0393974782
v -0.0975999915 0.0113735584 0.0556198744
v -0.0975999915 -0.0115913986 0.0556198744
v -0.0968260849 -0.0105900969 0.0562982469
v -0.0979878999 -0.00866201895 0.0571008244
v -0.0977805694 -0.00395265546 0.0529991254
v -0.0985984261 -0.00194814214 0.0527717294
v -0.0857897974 0.00156596623 0.03876307
v -0.0858050842 -0.000108920165 0.038886307
v -0.0866582921 0.00544887437 0.0503429828
v -0.089371742 0.0084871741 0.0513614812
v -0.0913017308 0.0096566327 0.0525548404
v -0.0944202871 0.0125000216 0.0503057384
v -0.0959117287 0.0168568293 0.0476944998
v -0.099461189 0.0169093769 0.0451644985
v -0.101284168 0.0218518695 0.0459145123
v -0.0979334401 0.0175409233 0.0439444018
v -0.0857897974 -0.00178380654 0.03876307
v -0.0866582921 -0.00566671502 0.0503429828
v -0.089371742 -0.0087050143 0.0513614812
v -0.0913017308 -0.0098744729 0.0525548404
v -0.0944202871 -0.012716907 0.0503057384
v -0.0959117287 -0.0170737129 0.0476944998
v -0.099461189 -0.0171061986 0.0451644985
v -0.101284168 -0.0220477338 0.0459145123
v -0.0979334401 -0.0177377432 0.0439444018
v -0.0950470556 0.00972542401 0.0553733721
v -0.0963560084 -0.000108920165 0.0518850672
v -0.085913049 -0.000108920165 0.0502407599
v -0.0950470556 -0.00994326422 0.0553733721
v -0.118758212 -0.000106053844 0.0571877565
v -0.113872091 -0.000106053844 0.0643593017
v -0.113378127 0.00294466612 0.0645761907
v -0.119528296 -0.000106053844 0.0569785272
v -0.113378127 -0.00315581841 0.0645761907
v -0.115049193 0.00149430824 0.0512105387
v -0.113938972 0.00104620679 0.0637841202
v -0.115050149 -0.000106053844 0.0512095706
v -0.113938972 -0.00125831453 0.0637841202
v -0.115049193 -0.00170641587 0.0512105387
v -0.109563056 0.00858749539 0.067784536
v -0.114156811 0.00349404409 0.0644061135
v -0.115243148 0.0083209276 0.0595343262
v -0.120329909 0.00371283996 0.0530793661
v -0.124896913 0.00264274722 0.0516270897
v -0.129517421 0.00248509952 0.0511216703
v -0.129761058 -0.000106053844 0.0527936831
v -0.129517421 -0.00269625182 0.0511216703
v -0.124896913 -0.00285485474 0.0516270897
v -0.120329909 -0.00392399204 0.0530793661
v -0.115243148 -0.00853303468 0.0595343262
v -0.109563056 -0.0087986468 0.067784536
v -0.114156811 -0.00370519639 0.0644061135
v -0.110942712 0.00693076179 0.0560928331
v -0.119898052 0.00470458648 0.0493120696
v -0.115870872 0.00864099955 0.0531749259
v -0.119900917 -0.000106053844 0.0493072859
v -0.119898052 -0.00491669444 0.0493120696
v -0.110942712 -0.00714191408 0.0560928331
v -0.115870872 -0.00885215185 0.0531749259
v -0.105318992 0.00864291089 0.0638940027
v -0.106517113 0.00967287463 0.0649736354
v -0.110586333 0.0161201841 0.0641022924
v -0.12201053 0.00405106586 0.0489852982
v -0.126878495 0.0039392792 0.0459651682
v -0.129866157 0.00383609178 0.0440504687
v -0.134027097 0.00304021018 0.0478550381
v -0.133882828 -0.000106053844 0.0514532255
v -0.134027097 -0.00325231792 0.0478550381
v -0.129866157 -0.0040481993 0.0440504687
v -0.126878495 -0.00415138672 0.0459651682
v -0.12201053 -0.00426317338 0.0489852982
v -0.110586333 -0.0163322912 0.0641022924
v -0.106517113 -0.00988402693 0.0649736354
v -0.105318992 -0.00885501797 0.0638940027
v -0.101702651 0.00769989086 0.0595935528
v -0.103819906 0.00692120776 0.0548192332
v -0.103505567 0.0150902195 0.0642006997
v -0.113988654 0.0162596781 0.0542316368
v -0.122013395 -0.000106053844 0.0489814826
v -0.112385427 0.0173269049 0.0594588408
v -0.114843772 0.0122563846 0.0538934187
v -0.101702651 -0.00791104315 0.0595935528
v -0.103819906 -0.00713331528 0.0548192332
v -0.103505567 -0.0153023283 0.0642006997
v -0.113988654 -0.0164708312 0.0542316368
v -0.112385427 -0.017539012 0.0594588408
v -0.114843772 -0.0124684925 0.0538934187
v -0.101515384 0.00696802401 0.0680377298
v -0.101651057 0.00773906442 0.0692005361
v -0.102873065 0.00926012496 0.0650357379
v -0.101774309 0.0117261151 0.0655067888
v -0.105228224 0.0132930371 0.0673813395
v -0.108384998 0.0171740351 0.0605117361
v -0.104134246 0.0180473073 0.0688508143
v -0.126880406 -0.000106053844 0.0459603845
v -0.129868068 -0.000106053844 0.0440466531
v -0.133745244 0.00296568574 0.0452227854
v -0.133745244 -0.00317779348 0.0452227854
v -0.108384998 -0.0173756316 0.0605117361
v -0.104134246 -0.0182498594 0.0688508143
v -0.105228224 -0.0135041894 0.0673813395
v -0.102873065 -0.00947127725 0.0650357379
v -0.101774309 -0.0119382231 0.0655067888
v -0.101651057 -0.0079511715 0.0692005361
v -0.101515384 -0.00718013197 0.0680377298
v -0.102631339 0.00288829517 0.0540252549
v -0.0870318691 0.00601831651 0.0546185745
v -0.0896727055 0.0105681219 0.0554870701
v -0.0927262919 0.0118044613 0.0554708398
v -0.0959776544 0.0129605441 0.059525727
v -0.101307099 0.0128735986 0.0632251976
v -0.105483327 0.0196113614 0.0669628807
v -0.103153965 0.0168759373 0.0592371681
v -0.103795064 0.0213321097 0.0653453109
v -0.104320556 0.022917185 0.0583495662
v -0.101297544 0.0204817683 0.0572708731
v -0.0987350544 0.0137707572 0.0634143526
v -0.0982850421 0.0165501323 0.0626423565
v -0.0986882377 0.0186549673 0.0569259635
v -0.0968356394 0.0159854667 0.061364941
v -0.106905022 0.0199562763 0.060955053
v -0.102631339 -0.00310040292 0.0540252549
v -0.0896727055 -0.0107802298 0.0554870701
v -0.0870318691 -0.0062294688 0.0546185745
v -0.0927262919 -0.0120156136 0.0554708398
v -0.0959776544 -0.0131716964 0.059525727
v -0.101307099 -0.0130857066 0.0632251976
v -0.105483327 -0.0198139153 0.0669628807
v -0.103795064 -0.0215346619 0.0653453109
v -0.103153965 -0.0170784913 0.0592371681
v -0.104320556 -0.0231197372 0.0583495662
v -0.101297544 -0.0206843205 0.0572708731
v -0.0980557365 -0.0160074417 0.0579540293
v -0.0987350544 -0.0139828652 0.0634143526
v -0.096607289 -0.0154676183 0.0566995356
v -0.0986882377 -0.0188565638 0.0569259635
v -0.106905022 -0.0201578746 0.060955053
v -0.100021076 0.00821773929 0.0715709672
v -0.0993828428 0.00363449395 0.0675170197
v -0.0987818706 0.0100942236 0.0709088251
v -0.100170125 0.00168348536 0.0671960001
v -0.10259121 -0.000106053844 0.0534481656
v -0.0994793423 0.011067817 0.0701444602
v -0.0994793423 -0.011279925 0.0701444602
v -0.0987818706 -0.0103053759 0.0709088251
v -0.100021076 -0.00842889159 0.0715709672
v -0.0993828428 -0.00384660147 0.0675170197
v -0.100170125 -0.00189559299 0.0671960001
v -0.0859694202 0.00152392688 0.0547552229
v -0.0859980832 -0.000106053844 0.0548755839
v -0.0880541902 0.00530269204 0.0661689025
v -0.0908564958 0.0082588233 0.0668663812
v -0.092900182 0.00939770848 0.0678285004
v -0.0957598137 0.0121637068 0.0652297051
v -0.0969665346 0.0164039504 0.062459893
v -0.100642112 0.0173842309 0.0589773113
v -0.102533884 0.0224652618 0.0595133122
v -0.0989930229 0.0180329758 0.0579397067
v -0.0859694202 -0.00173507906 0.0547552229
v -0.0880541902 -0.00551480001 0.0661689025
v -0.0908564958 -0.00847093127 0.0668663812
v -0.092900182 -0.00960886077 0.0678285004
v -0.0957598137 -0.0123758148 0.0652297051
v -0.096737229 -0.0158669921 0.057776321
v -0.100642112 -0.0175858291 0.0589773113
v -0.102533884 -0.0226668601 0.0595133122
v -0.0989930229 -0.018235528 0.0579397067
v -0.0969178074 0.00946458934 0.0701960557
v -0.0978493612 -0.000106053844 0.0665759145
v -0.0932431849 -0.000106053844 0.0766137714
v -0.0969178074 -0.00967574075 0.0701960557
f 7 6 5
f 7 5 4
f 7 4 3
f 7 3 2
f 7 2 1
f 11 10 9
f 11 9 8
f 11 8 1
f 11 1 2
f 12 2 1
f 12 1 11
f 11 1 8
f 11 8 3
f 7 13 2
f 7 2 12
f 3 8 15
f 3 15 14
f 4 16 3
f 4 9 17
f 4 17 16
f 5 10 9
f 5 9 4
f 6 18 10
f 6 10 5
f 7 13 18
f 7 18 6
f 15 8 22
f 15 22 21
f 15 21 20
f 15 20 19
f 15 19 16
f 8 15 23
f 8 23 24
f 8 24 25
f 8 25 17
f 8 17 9
f 14 15 23
f 14 23 22
f 16 17 26
f 16 26 19
f 20 25 26
f 20 26 19
f 21 24 25
f 21 25 20
f 22 23 24
f 22 24 21
f 33 32 31
f 33 31 30
f 33 30 29
f 33 29 28
f 33 28 27
f 37 36 35
f 37 35 34
f 37 34 27
f 37 27 28
f 38 28 27
f 38 27 37
f 37 27 34
f 37 34 29
f 33 39 28
f 33 28 38
f 29 34 41
f 29 41 40
f 30 42 29
f 30 35 43
f 30 43 42
f 31 36 35
f 31 35 30
f 42 44 45
f 42 45 46
f 42 46 47
f 42 47 30
f 32 48 36
f 32 36 31
f 33 39 48
f 33 48 32
f 43 51 50
f 43 50 49
f 43 49 41
f 43 41 34
f 34 43 35
f 40 41 49
f 40 49 47
f 42 43 52
f 42 52 44
f 44 52 51
f 44 51 45
f 46 50 51
f 46 51 45
f 47 49 50
f 47 50 46
f 59 58 57
f 59 57 56
f 59 56 55
f 59 55 54
f 59 54 53
f 63 62 61
f 63 61 60
f 63 60 53
f 63 53 54
f 64 54 53
f 64 53 63
f 63 53 60
f 63 60 55
f 59 65 54
f 59 54 64
f 55 60 67
f 55 67 66
f 56 68 55
f 56 61 69
f 56 69 68
f 57 62 61
f 57 61 56
f 68 70 71
f 68 71 72
f 68 72 73
f 68 73 56
f 58 74 62
f 58 62 57
f 59 65 74
f 59 74 58
f 69 77 76
f 69 76 75
f 69 75 67
f 69 67 60
f 60 69 61
f 66 67 75
f 66 75 73
f 68 69 78
f 68 78 70
f 70 78 77
f 70 77 71
f 72 76 77
f 72 77 71
f 73 75 76
f 73 76 72
f 85 84 83
f 85 83 82
f 85 82 81
f 85 81 80
f 85 80 79
f 89 88 87
f 89 87 86
f 89 86 79
f 89 79 80
f 90 80 79
f 90 79 89
f 89 79 86
f 89 86 81
f 85 91 80
f 85 80 90
f 81 86 93
f 81 93 92
f 82 94 81
f 82 87 95
f 82 95 94
f 83 88 87
f 83 87 82
f 94 96 97
f 94 97 98
f 94 98 99
f 94 99 82
f 84 100 88
f 84 88 83
f 85 91 100
f 85 100 84
f 95 103 102
f 95 102 101
f 95 101 93
f 95 93 86
f 86 95 87
f 92 93 101
f 92 101 99
f 94 95 104
f 94 104 96
f 96 104 103
f 96 103 97
f 98 102 103
f 98 103 97
f 99 101 102
f 99 102 98
f 111 110 109
f 111 109 108
f 111 108 107
f 111 107 106
f 111 106 105
f 115 114 113
f 115 113 112
f 115 112 105
f 115 105 106
f 116 106 105
f 116 105 115
f 115 105 112
f 115 112 107
f 111 117 106
f 111 106 116
f 107 112 119
f 107 119 118
f 108 120 107
f 108 113 121
f 108 121 120
f 109 114 113
f 109 113 108
f 120 122 123
f 120 123 124
f 120 124 125
f 120 125 108
f 110 126 114
f 110 114 109
f 111 117 126
f 111 126 110
f 121 129 128
f 121 128 127
f 121 127 119
f 121 119 112
f 112 121 113
f 118 119 127
f 118 127 125
f 120 121 130
f 120 130 122
f 122 130 129
f 122 129 123
f 124 128 129
f 124 129 123
f 125 127 128
f 125 128 124
f 131 132 133
f 131 133 134
f 131 134 135
f 131 135 136
f 131 136 137
f 132 131 138
f 132 138 139
f 132 139 140
f 132 140 141
f 142 132 131
f 142 131 141
f 133 138 131
f 133 131 141
f 137 143 132
f 137 132 142
f 144 145 138
f 144 138 133
f 133 146 134
f 146 147 139
f 146 139 134
f 135 140 139
f 135 139 134
f 134 151 150
f 134 150 149
f 134 149 148
f 134 148 146
f 135 140 152
f 135 152 136
f 136 152 143
f 136 143 137
f 138 145 153
f 138 153 154
f 138 154 155
f 138 155 147
f 138 147 139
f 151 153 145
f 151 145 144
f 148 156 147
f 148 147 146
f 149 155 156
f 149 156 148
f 149 155 154
f 149 154 150
f 150 154 153
f 150 153 151
f 157 158 159
f 157 159 160
f 157 160 161
f 157 161 162
f 157 162 163
f 158 157 164
f 158 164 165
f 158 165 166
f 158 166 167
f 168 158 157
f 168 157 167
f 159 164 157
f 159 157 167
f 163 169 158
f 163 158 168
f 170 171 164
f 170 164 159
f 159 172 160
f 172 173 165
f 172 165 160
f 161 166 165
f 161 165 160
f 160 177 176
f 160 176 175
f 160 175 174
f 160 174 172
f 161 166 178
f 161 178 162
f 162 178 169
f 162 169 163
f 164 171 179
f 164 179 180
f 164 180 181
f 164 181 173
f 164 173 165
f 177 179 171
f 177 171 170
f 174 182 173
f 174 173 172
f 175 181 182
f 175 182 174
f 175 181 180
f 175 180 176
f 176 180 179
f 176 179 177
f 183 184 185
f 183 185 186
f 183 186 187
f 183 187 188
f 183 188 189
f 184 183 190
f 184 190 191
f 184 191 192
f 184 192 193
f 194 184 183
f 194 183 193
f 185 190 183
f 185 183 193
f 189 195 184
f 189 184 194
f 196 197 190
f 196 190 185
f 185 198 186
f 198 199 191
f 198 191 186
f 187 192 191
f 187 191 186
f 186 203 202
f 186 202 201
f 186 201 200
f 186 200 198
f 187 192 204
f 187 204 188
f 188 204 195
f 188 195 189
f 190 197 205
f 190 205 206
f 190 206 207
f 190 207 199
f 190 199 191
f 203 205 197
f 203 197 196
f 200 208 199
f 200 199 198
f 201 207 208
f 201 208 200
f 201 207 206
f 201 206 202
f 202 206 205
f 202 205 203
f 209 210 211
f 209 211 212
f 209 212 213
f 209 213 214
f 209 214 215
f 210 209 216
f 210 216 217
f 210 217 218
f 210 218 219
f 220 210 209
f 220 209 219
f 211 216 209
f 211 209 219
f 215 221 210
f 215 210 220
f 222 223 216
f 222 216 211
f 211 224 212
f 224 225 217
f 224 217 212
f 213 218 217
f 213 217 212
f 212 229 228
f 212 228 227
f 212 227 226
f 212 226 224
f 213 218 230
f 213 230 214
f 214 230 221
f 214 221 215
f 216 223 231
f 216 231 232
f 216 232 233
f 216 233 225
f 216 225 217
f 229 231 223
f 229 223 222
f 226 234 225
f 226 225 224
f 227 233 234
f 227 234 226
f 227 233 232
f 227 232 228
f 228 232 231
f 228 231 229
f 235 236 237
f 235 237 238
f 235 238 239
f 235 239 240
f 235 240 241
f 236 235 242
f 236 242 243
f 236 243 244
f 236 244 245
f 246 236 235
f 246 235 245
f 237 242 235
f 237 235 245
f 241 247 236
f 241 236 246
f 248 249 242
f 248 242 237
f 237 250 238
f 250 251 243
f 250 243 238
f 239 244 243
f 239 243 238
f 238 255 254
f 238 254 253
f 238 253 252
f 238 252 250
f 239 244 256
f 239 256 240
f 240 256 247
f 240 247 241
f 242 249 257
f 242 257 258
f 242 258 259
f 242 259 251
f 242 251 243
f 255 257 249
f 255 249 248
f 252 260 251
f 252 251 250
f 253 259 260
f 253 260 252
f 253 259 258
f 253 258 254
f 254 258 257
f 254 257 255
f 261 262 263
f 261 263 264
f 261 264 265
f 261 265 266
f 266 262 261
f 266 261 267
f 267 261 268
f 267 268 269
f 270 263 262
f 270 262 266
f 271 272 263
f 271 263 270
f 263 272 273
f 263 273 274
f 263 274 275
f 263 275 276
f 263 276 264
f 277 264 276
f 277 276 278
f 279 265 264
f 279 264 277
f 280 281 265
f 280 265 279
f 270 266 267
f 270 267 277
f 267 269 280
f 267 280 279
f 267 279 277
f 269 268 281
f 269 281 280
f 277 278 270
f 282 273 272
f 282 272 271
f 283 274 273
f 283 273 282
f 284 275 274
f 284 274 283
f 285 286 275
f 285 275 284
f 278 276 286
f 278 286 285
f 278 285 284
f 278 284 283
f 278 283 282
f 278 282 277
f 287 288 289
f 287 289 290
f 287 290 291
f 287 291 292
f 287 292 293
f 288 287 294
f 288 294 295
f 288 295 296
f 288 296 297
f 298 288 287
f 298 287 297
f 289 294 287
f 289 287 297
f 293 299 288
f 293 288 298
f 300 301 294
f 300 294 289
f 289 302 290
f 302 303 295
f 302 295 290
f 291 296 295
f 291 295 290
f 290 307 306
f 290 306 305
f 290 305 304
f 290 304 302
f 291 296 308
f 291 308 292
f 292 308 299
f 292 299 293
f 294 301 309
f 294 309 310
f 294 310 311
f 294 311 303
f 294 303 295
f 307 309 301
f 307 301 300
f 304 312 303
f 304 303 302
f 305 311 312
f 305 312 304
f 305 311 310
f 305 310 306
f 306 310 309
f 306 309 307
f 319 318 317
f 319 317 316
f 319 316 315
f 319 315 314
f 319 314 313
f 323 322 321
f 323 321 320
f 323 320 313
f 323 313 314
f 324 314 313
f 324 313 323
f 323 313 320
f 323 320 315
f 319 325 314
f 319 314 324
f 315 320 327
f 315 327 326
f 316 328 315
f 316 321 329
f 316 329 328
f 317 322 321
f 317 321 316
f 328 330 331
f 328 331 332
f 328 332 333
f 328 333 316
f 318 334 322
f 318 322 317
f 319 325 334
f 319 334 318
f 329 337 336
f 329 336 335
f 329 335 327
f 329 327 320
f 320 329 321
f 326 327 335
f 326 335 333
f 328 329 338
f 328 338 330
f 330 338 337
f 330 337 331
f 332 336 337
f 332 337 331
f 333 335 336
f 333 336 332
f 345 344 343
f 345 343 342
f 345 342 341
f 345 341 340
f 345 340 339
f 349 348 347
f 349 347 346
f 349 346 339
f 349 339 340
f 350 340 339
f 350 339 349
f 349 339 346
f 349 346 341
f 345 351 340
f 345 340 350
f 341 346 353
f 341 353 352
f 342 354 341
f 342 347 355
f 342 355 354
f 343 348 347
f 343 347 342
f 354 356 357
f 354 357 358
f 354 358 359
f 354 359 342
f 344 360 348
f 344 348 343
f 345 351 360
f 345 360 344
f 355 363 362
f 355 362 361
f 355 361 353
f 355 353 346
f 346 355 347
f 352 353 361
f 352 361 359
f 354 355 364
f 354 364 356
f 356 364 363
f 356 363 357
f 358 362 363
f 358 363 357
f 359 361 362
f 359 362 358
f 365 366 367
f 365 367 368
f 365 368 369
f 365 369 370
f 365 370 371
f 366 365 372
f 366 372 373
f 366 373 374
f 366 374 375
f 376 366 365
f 376 365 375
f 367 372 365
f 367 365 375
f 371 377 366
f 371 366 376
f 378 379 372
f 378 372 367
f 367 380 368
f 380 381 373
f 380 373 368
f 369 374 373
f 369 373 368
f 368 385 384
f 368 384 383
f 368 383 382
f 368 382 380
f 369 374 386
f 369 386 370
f 370 386 377
f 370 377 371
f 372 379 387
f 372 387 388
f 372 388 389
f 372 389 381
f 372 381 373
f 385 387 379
f 385 379 378
f 382 390 381
f 382 381 380
f 383 389 390
f 383 390 382
f 383 389 388
f 383 388 384
f 384 388 387
f 384 387 385
f 391 392 393
f 391 393 394
f 391 394 395
f 391 395 396
f 391 396 397
f 392 391 398
f 392 398 399
f 392 399 400
f 392 400 401
f 402 392 391
f 402 391 401
f 393 398 391
f 393 391 401
f 397 403 392
f 397 392 402
f 404 405 398
f 404 398 393
f 393 406 394
f 406 407 399
f 406 399 394
f 395 400 399
f 395 399 394
f 394 411 410
f 394 410 409
f 394 409 408
f 394 408 406
f 395 400 412
f 395 412 396
f 396 412 403
f 396 403 397
f 398 405 413
f 398 413 414
f 398 414 415
f 398 415 407
f 398 407 399
f 411 413 405
f 411 405 404
f 408 416 407
f 408 407 406
f 409 415 416
f 409 416 408
f 409 415 414
f 409 414 410
f 410 414 413
f 410 413 411
f 423 422 421
f 423 421 420
f 423 420 419
f 423 419 418
f 423 418 417
f 427 426 425
f 427 425 424
f 427 424 417
f 427 417 418
f 428 418 417
f 428 417 427
f 427 417 424
f 427 424 419
f 423 429 418
f 423 418 428
f 419 424 431
f 419 431 430
f 420 432 419
f 420 425 433
f 420 433 432
f 421 426 425
f 421 425 420
f 432 434 435
f 432 435 436
f 432 436 437
f 432 437 420
f 422 438 426
f 422 426 421
f 423 429 438
f 423 438 422
f 433 441 440
f 433 440 439
f 433 439 431
f 433 431 424
f 424 433 425
f 430 431 439
f 430 439 437
f 432 433 442
f 432 442 434
f 434 442 441
f 434 441 435
f 436 440 441
f 436 441 435
f 437 439 440
f 437 440 436
f 443 444 445
f 443 445 446
f 443 446 447
f 443 447 448
f 443 448 449
f 444 443 450
f 444 450 451
f 444 451 452
f 444 452 453
f 454 444 443
f 454 443 453
f 445 450 443
f 445 443 453
f 449 455 444
f 449 444 454
f 456 457 450
f 456 450 445
f 445 458 446
f 458 459 451
f 458 451 446
f 447 452 451
f 447 451 446
f 446 463 462
f 446 462 461
f 446 461 460
f 446 460 458
f 447 452 464
f 447 464 448
f 448 464 455
f 448 455 449
f 450 457 465
f 450 465 466
f 450 466 467
f 450 467 459
f 450 459 451
f 463 465 457
f 463 457 456
f 460 468 459
f 460 459 458
f 469 470 471
f 469 471 472
f 469 472 473
f 469 473 458
f 469 458 460
f 461 467 468
f 461 468 460
f 461 467 466
f 461 466 462
f 462 466 465
f 462 465 463
f 474 469 475
f 474 475 476
f 477 470 469
f 477 469 474
f 478 469 479
f 478 480 481
f 478 481 482
f 478 482 483
f 478 483 469
f 478 469 470
f 484 471 470
f 484 470 477
f 485 472 471
f 485 471 484
f 486 473 472
f 486 472 485
f 487 488 473
f 487 473 486
f 489 490 491
f 489 491 492
f 489 492 474
f 489 474 476
f 489 476 475
f 492 493 474
f 494 483 475
f 494 475 476
f 491 480 478
f 491 478 492
f 492 478 479
f 492 479 493
f 493 479 488
f 493 488 487
f 490 481 480
f 490 480 491
f 489 482 481
f 489 481 490
f 489 482 483
f 489 483 494
f 493 487 486
f 493 486 485
f 493 485 484
f 493 484 492
f 495 496 497
f 495 497 498
f 495 498 499
f 495 499 500
f 495 500 501
f 496 495 502
f 496 502 503
f 496 503 504
f 496 504 505
f 506 496 495
f 506 495 505
f 497 502 495
f 497 495 505
f 501 507 496
f 501 496 506
f 508 509 502
f 508 502 497
f 497 510 498
f 510 511 503
f 510 503 498
f 499 504 503
f 499 503 498
f 498 515 514
f 498 514 513
f 498 513 512
f 498 512 510
f 499 504 516
f 499 516 500
f 500 516 507
f 500 507 501
f 502 509 517
f 502 517 518
f 502 518 519
f 502 519 511
f 502 511 503
f 515 517 509
f 515 509 508
f 512 520 511
f 512 511 510
f 513 519 520
f 513 520 512
f 513 519 518
f 513 518 514
f 514 518 517
f 514 517 515
f 521 522 523
f 521 523 524
f 521 524 525
f 521 525 526
f 521 526 527
f 522 521 528
f 522 528 529
f 522 529 530
f 522 530 531
f 532 522 521
f 532 521 531
f 523 528 521
f 523 521 531
f 527 533 522
f 527 522 532
f 534 535 528
f 534 528 523
f 523 536 524
f 536 537 529
f 536 529 524
f 525 530 529
f 525 529 524
f 524 541 540
f 524 540 539
f 524 539 538
f 524 538 536
f 525 530 542
f 525 542 526
f 526 542 533
f 526 533 527
f 528 535 543
f 528 543 544
f 528 544 545
f 528 545 537
f 528 537 529
f 541 543 535
f 541 535 534
f 538 546 537
f 538 537 536
f 539 545 546
f 539 546 538
f 539 545 544
f 539 544 540
f 540 544 543
f 540 543 541
f 547 548 549
f 547 549 550
f 547 550 551
f 547 551 552
f 547 552 553
f 548 547 554
f 548 554 555
f 548 555 556
f 548 556 557
f 558 548 547
f 558 547 557
f 549 554 547
f 549 547 557
f 553 559 548
f 553 548 558
f 560 561 554
f 560 554 549
f 549 562 550
f 562 563 555
f 562 555 550
f 551 556 555
f 551 555 550
f 550 567 566
f 550 566 565
f 550 565 564
f 550 564 562
f 551 556 568
f 551 568 552
f 552 568 559
f 552 559 553
f 554 561 569
f 554 569 570
f 554 570 571
f 554 571 563
f 554 563 555
f 567 569 561
f 567 561 560
f 564 572 563
f 564 563 562
f 565 571 572
f 565 572 564
f 565 571 570
f 565 570 566
f 566 570 569
f 566 569 567
f 573 574 575
f 573 575 576
f 573 576 577
f 573 577 578
f 573 578 579
f 573 580 581
f 573 581 574
f 582 578 580
f 582 580 573
f 574 581 583
f 574 583 575
f 575 583 584
f 575 584 576
f 576 584 586
f 576 586 585
f 590 589 588
f 590 588 587
f 590 587 576
f 590 576 585
f 576 585 577
f 577 592 579
f 577 579 591
f 594 593 592
f 594 592 577
f 578 592 584
f 578 584 583
f 578 583 591
f 578 591 579
f 591 579 578
f 591 578 582
f 592 586 584
f 585 586 595
f 585 595 590
f 586 592 596
f 586 596 597
f 586 597 598
f 586 598 593
f 587 598 593
f 587 593 594
f 588 597 598
f 588 598 587
f 589 596 597
f 589 597 588
f 590 595 596
f 590 596 589
f 599 600 601
f 602 600 599
f 602 599 603
f 601 604 599
f 599 604 605
f 603 599 605
f 600 606 601
f 606 600 602
f 606 607 601
f 608 609 601
f 601 610 608
f 611 610 601
f 601 607 611
f 601 612 604
f 601 613 612
f 601 609 614
f 614 615 601
f 601 615 616
f 616 613 601
f 617 618 602
f 617 602 603
f 619 602 618
f 606 602 619
f 603 605 617
f 605 604 612
f 605 620 617
f 620 605 621
f 621 605 612
f 607 606 619
f 607 619 622
f 611 607 622
f 609 608 623
f 610 623 608
f 609 623 624
f 625 614 609
f 624 625 609
f 626 627 610
f 626 610 611
f 610 627 628
f 610 628 623
f 611 622 626
f 621 612 613
f 629 621 613
f 629 613 616
f 614 625 615
f 615 630 631
f 616 615 631
f 632 630 615
f 625 632 615
f 631 629 616
f 633 618 617
f 617 620 633
f 633 634 618
f 635 618 634
f 619 618 635
f 622 619 635
f 620 636 633
f 636 620 637
f 637 620 621
f 637 621 629
f 622 635 638
f 626 622 638
f 639 624 623
f 639 623 628
f 624 639 640
f 640 641 624
f 625 624 641
f 632 625 641
f 626 638 642
f 642 627 626
f 642 643 627
f 628 627 644
f 627 643 644
f 639 628 644
f 645 637 629
f 645 629 631
f 630 646 647
f 631 630 647
f 648 630 632
f 648 646 630
f 647 645 631
f 648 632 641
f 649 634 633
f 633 636 649
f 649 650 634
f 651 634 650
f 635 634 651
f 638 635 651
f 636 652 649
f 652 636 653
f 653 636 637
f 653 637 645
f 638 651 654
f 642 638 654
f 640 639 655
f 639 656 655
f 639 644 656
f 640 655 657
f 658 641 640
f 657 658 640
f 658 659 641
f 659 648 641
f 642 654 660
f 660 643 642
f 660 661 643
f 662 643 663
f 664 663 643
f 664 643 661
f 643 662 644
f 656 644 665
f 665 644 662
f 666 653 645
f 666 645 647
f 646 667 668
f 647 646 668
f 669 646 670
f 646 669 671
f 667 646 671
f 648 670 646
f 668 666 647
f 672 648 659
f 670 648 672
f 673 650 649
f 649 652 673
f 673 674 650
f 675 650 674
f 651 650 675
f 654 651 675
f 652 676 673
f 676 652 677
f 677 652 653
f 677 653 666
f 654 675 678
f 660 654 678
f 657 655 679
f 655 656 680
f 655 680 679
f 665 680 656
f 657 679 681
f 682 658 657
f 681 682 657
f 683 659 658
f 682 683 658
f 659 683 672
f 660 678 684
f 684 661 660
f 684 685 661
f 686 664 661
f 686 661 685
f 687 688 662
f 687 662 689
f 662 663 664
f 662 664 689
f 662 688 690
f 662 690 665
f 664 691 692
f 664 692 689
f 686 691 664
f 693 665 694
f 665 693 695
f 665 695 696
f 690 694 665
f 665 696 680
f 697 677 666
f 697 666 668
f 667 698 699
f 668 667 699
f 667 671 700
f 698 667 700
f 699 697 668
f 671 669 670
f 670 701 702
f 703 670 702
f 703 671 670
f 704 701 670
f 672 704 670
f 705 706 671
f 703 705 671
f 671 706 700
f 707 672 693
f 695 693 672
f 708 695 672
f 672 707 704
f 683 708 672
f 674 673 709
f 709 673 676
f 675 674 710
f 710 674 709
f 711 678 675
f 711 675 710
f 712 676 677
f 709 676 712
f 677 697 713
f 712 677 713
f 714 684 678
f 714 678 711
f 715 716 679
f 679 717 715
f 679 696 717
f 696 679 680
f 681 679 709
f 679 718 709
f 716 718 679
f 709 682 681
f 682 719 720
f 720 721 682
f 721 708 682
f 683 682 708
f 709 722 682
f 682 722 719
f 714 685 684
f 718 686 685
f 714 718 685
f 718 716 686
f 686 723 691
f 723 686 724
f 724 686 716
f 725 726 687
f 726 688 687
f 687 689 723
f 727 687 723
f 725 687 727
f 728 729 688
f 726 730 688
f 688 729 690
f 688 731 728
f 688 730 731
f 689 692 723
f 694 690 732
f 733 732 690
f 733 690 729
f 723 734 691
f 734 692 691
f 734 735 692
f 735 736 692
f 692 736 723
f 693 694 737
f 737 707 693
f 737 694 738
f 694 732 738
f 739 740 695
f 695 740 741
f 695 741 742
f 742 696 695
f 695 743 739
f 744 743 695
f 745 744 695
f 695 708 745
f 742 746 696
f 696 746 717
f 697 699 747
f 713 697 747
f 699 698 747
f 698 700 722
f 698 722 747
f 700 719 722
f 706 748 700
f 749 700 748
f 719 700 749
f 701 750 751
f 702 701 752
f 701 753 752
f 704 750 701
f 751 754 701
f 754 753 701
f 702 752 755
f 748 703 702
f 748 702 756
f 756 702 755
f 748 705 703
f 757 704 707
f 704 757 758
f 750 704 758
f 705 759 760
f 706 705 760
f 705 761 759
f 748 761 705
f 706 760 748
f 762 707 737
f 762 757 707
f 708 763 745
f 721 763 708
f 711 710 709
f 714 711 709
f 718 714 709
f 709 712 713
f 709 713 747
f 709 747 722
f 716 715 724
f 725 724 715
f 764 725 715
f 764 715 765
f 715 746 765
f 746 715 717
f 749 720 719
f 720 749 755
f 720 755 766
f 767 720 766
f 767 763 720
f 721 720 763
f 723 736 734
f 723 724 727
f 725 727 724
f 725 768 726
f 768 725 764
f 726 768 769
f 730 726 769
f 733 729 728
f 728 770 771
f 728 771 772
f 728 772 733
f 770 728 773
f 731 773 728
f 730 769 764
f 730 764 765
f 746 731 730
f 746 730 765
f 742 731 746
f 773 731 741
f 741 731 742
f 733 774 732
f 732 774 738
f 733 772 774
f 734 736 735
f 737 738 775
f 737 775 776
f 777 762 737
f 776 777 737
f 738 774 775
f 778 740 739
f 739 779 780
f 739 780 778
f 739 743 781
f 782 779 739
f 781 782 739
f 778 741 740
f 778 773 741
f 743 744 781
f 744 783 781
f 744 754 783
f 745 754 744
f 763 754 745
f 760 761 748
f 756 749 748
f 749 756 755
f 751 750 758
f 784 785 751
f 786 784 751
f 758 786 751
f 783 751 785
f 751 783 754
f 752 787 755
f 788 787 752
f 788 752 753
f 766 788 753
f 767 766 753
f 753 754 763
f 767 753 763
f 766 755 787
f 757 789 758
f 762 789 757
f 789 786 758
f 759 761 760
f 777 789 762
f 768 764 769
f 788 766 787
f 780 770 773
f 790 771 770
f 790 770 780
f 791 792 771
f 791 771 790
f 792 772 771
f 792 774 772
f 780 773 778
f 775 774 792
f 775 792 791
f 775 791 793
f 776 775 793
f 793 777 776
f 794 789 777
f 795 794 777
f 793 795 777
f 779 796 790
f 779 790 780
f 797 796 779
f 782 797 779
f 781 783 782
f 783 785 782
f 782 785 797
f 785 784 797
f 784 794 795
f 797 784 795
f 784 786 794
f 786 789 794
f 796 798 790
f 799 791 790
f 799 790 798
f 800 793 791
f 800 791 799
f 793 800 801
f 801 802 793
f 795 793 802
f 797 795 803
f 803 795 802
f 796 804 798
f 805 804 796
f 806 807 796
f 797 806 796
f 796 807 805
f 806 797 803
f 800 799 798
f 800 798 808
f 804 808 798
f 801 800 808
f 801 808 809
f 810 802 801
f 809 810 801
f 806 803 802
f 810 806 802
f 809 808 804
f 809 804 805
f 805 807 809
f 806 810 807
f 807 810 809
f 811 812 813
f 814 812 811
f 814 811 815
f 813 816 811
f 811 816 817
f 815 811 817
f 812 818 813
f 818 812 814
f 818 819 813
f 820 821 813
f 813 822 820
f 823 822 813
f 813 819 823
f 813 824 816
f 813 825 824
f 813 821 826
f 826 827 813
f 813 827 828
f 828 825 813
f 829 830 814
f 829 814 815
f 831 814 830
f 818 814 831
f 815 817 829
f 817 816 824
f 817 832 829
f 832 817 833
f 833 817 824
f 819 818 831
f 819 831 834
f 823 819 834
f 821 820 835
f 822 835 820
f 821 835 836
f 837 826 821
f 836 837 821
f 838 839 822
f 838 822 823
f 822 839 840
f 822 840 835
f 823 834 838
f 833 824 825
f 841 833 825
f 841 825 828
f 826 837 827
f 827 842 843
f 828 827 843
f 844 842 827
f 837 844 827
f 843 841 828
f 845 830 829
f 829 832 845
f 845 846 830
f 847 830 846
f 831 830 847
f 834 831 847
f 832 848 845
f 848 832 849
f 849 832 833
f 849 833 841
f 834 847 850
f 838 834 850
f 851 836 835
f 851 835 840
f 836 851 852
f 852 853 836
f 837 836 853
f 844 837 853
f 838 850 854
f 854 839 838
f 854 855 839
f 840 839 856
f 839 855 856
f 851 840 856
f 857 849 841
f 857 841 843
f 842 858 859
f 843 842 859
f 860 842 844
f 860 858 842
f 859 857 843
f 860 844 853
f 861 846 845
f 845 848 861
f 861 862 846
f 863 846 862
f 847 846 863
f 850 847 863
f 848 864 861
f 864 848 865
f 865 848 849
f 865 849 857
f 850 863 866
f 854 850 866
f 852 851 867
f 851 868 867
f 851 856 868
f 852 867 869
f 870 853 852
f 869 870 852
f 870 871 853
f 871 860 853
f 854 866 872
f 872 855 854
f 872 873 855
f 874 855 875
f 876 875 855
f 876 855 873
f 855 874 856
f 868 856 877
f 877 856 874
f 878 865 857
f 878 857 859
f 858 879 880
f 859 858 880
f 881 858 882
f 858 881 883
f 879 858 883
f 860 882 858
f 880 878 859
f 884 860 871
f 882 860 884
f 885 862 861
f 861 864 885
f 885 886 862
f 887 862 886
f 863 862 887
f 866 863 887
f 864 888 885
f 888 864 889
f 889 864 865
f 889 865 878
f 866 887 890
f 872 866 890
f 869 867 891
f 867 868 892
f 867 892 891
f 877 892 868
f 869 891 893
f 894 870 869
f 893 894 869
f 895 871 870
f 894 895 870
f 871 895 884
f 872 890 896
f 896 873 872
f 896 897 873
f 898 876 873
f 898 873 897
f 899 900 874
f 899 874 901
f 874 875 876
f 874 876 901
f 874 900 902
f 874 902 877
f 876 903 904
f 876 904 901
f 898 903 876
f 905 877 906
f 877 905 907
f 877 907 908
f 902 906 877
f 877 908 892
f 909 889 878
f 909 878 880
f 879 910 911
f 880 879 911
f 879 883 912
f 910 879 912
f 911 909 880
f 883 881 882
f 882 913 914
f 915 882 914
f 915 883 882
f 916 913 882
f 884 916 882
f 917 918 883
f 915 917 883
f 883 918 912
f 919 884 905
f 907 905 884
f 920 907 884
f 884 919 916
f 895 920 884
f 886 885 921
f 921 885 888
f 887 886 922
f 922 886 921
f 923 890 887
f 923 887 922
f 924 888 889
f 921 888 924
f 889 909 925
f 924 889 925
f 926 896 890
f 926 890 923
f 927 928 891
f 891 929 927
f 891 908 929
f 908 891 892
f 893 891 921
f 891 930 921
f 928 930 891
f 921 894 893
f 894 931 932
f 932 933 894
f 933 920 894
f 895 894 920
f 921 934 894
f 894 934 931
f 926 897 896
f 930 898 897
f 926 930 897
f 930 928 898
f 898 935 903
f 935 898 936
f 936 898 928
f 937 938 899
f 938 900 899
f 899 901 935
f 939 899 935
f 937 899 939
f 940 941 900
f 938 942 900
f 900 941 902
f 900 943 940
f 900 942 943
f 901 904 935
f 906 902 944
f 945 944 902
f 945 902 941
f 935 946 903
f 946 904 903
f 946 947 904
f 947 948 904
f 904 948 935
f 905 906 949
f 949 919 905
f 949 906 950
f 906 944 950
f 951 952 907
f 907 952 953
f 907 953 954
f 954 908 907
f 907 955 951
f 956 955 907
f 957 956 907
f 907 920 957
f 954 958 908
f 908 958 929
f 909 911 959
f 925 909 959
f 911 910 959
f 910 912 934
f 910 934 959
f 912 931 934
f 918 960 912
f 961 912 960
f 931 912 961
f 913 962 963
f 914 913 964
f 913 965 964
f 916 962 913
f 963 966 913
f 966 965 913
f 914 964 967
f 960 915 914
f 960 914 968
f 968 914 967
f 960 917 915
f 969 916 919
f 916 969 970
f 962 916 970
f 917 971 972
f 918 917 972
f 917 973 971
f 960 973 917
f 918 972 960
f 974 919 949
f 974 969 919
f 920 975 957
f 933 975 920
f 923 922 921
f 926 923 921
f 930 926 921
f 921 924 925
f 921 925 959
f 921 959 934
f 928 927 936
f 937 936 927
f 976 937 927
f 976 927 977
f 927 958 977
f 958 927 929
f 961 932 931
f 932 961 967
f 932 967 978
f 979 932 978
f 979 975 932
f 933 932 975
f 935 948 946
f 935 936 939
f 937 939 936
f 937 980 938
f 980 937 976
f 938 980 981
f 942 938 981
f 945 941 940
f 940 982 983
f 940 983 984
f 940 984 945
f 982 940 985
f 943 985 940
f 942 981 976
f 942 976 977
f 958 943 942
f 958 942 977
f 954 943 958
f 985 943 953
f 953 943 954
f 945 986 944
f 944 986 950
f 945 984 986
f 946 948 947
f 949 950 987
f 949 987 988
f 989 974 949
f 988 989 949
f 950 986 987
f 990 952 951
f 951 991 992
f 951 992 990
f 951 955 993
f 994 991 951
f 993 994 951
f 990 953 952
f 990 985 953
f 955 956 993
f 956 995 993
f 956 966 995
f 957 966 956
f 975 966 957
f 972 973 960
f 968 961 960
f 961 968 967
f 963 962 970
f 996 997 963
f 998 996 963
f 970 998 963
f 995 963 997
f 963 995 966
f 964 999 967
f 1000 999 964
f 1000 964 965
f 978 1000 965
f 979 978 965
f 965 966 975
f 979 965 975
f 978 967 999
f 969 1001 970
f 974 1001 969
f 1001 998 970
f 971 973 972
f 989 1001 974
f 980 976 981
f 1000 978 999
f 992 982 985
f 1002 983 982
f 1002 982 992
f 1003 1004 983
f 1003 983 1002
f 1004 984 983
f 1004 986 984
f 992 985 990
f 987 986 1004
f 987 1004 1003
f 987 1003 1005
f 988 987 1005
f 1005 989 988
f 1006 1001 989
f 1007 1006 989
f 1005 1007 989
f 991 1008 1002
f 991 1002 992
f 1009 1008 991
f 994 1009 991
f 993 995 994
f 995 997 994
f 994 997 1009
f 997 996 1009
f 996 1006 1007
f 1009 996 1007
f 996 998 1006
f 998 1001 1006
f 1008 1010 1002
f 1011 1003 1002
f 1011 1002 1010
f 1012 1005 1003
f 1012 1003 1011
f 1005 1012 1013
f 1013 1014 1005
f 1007 1005 1014
f 1009 1007 1015
f 1015 1007 1014
f 1008 1016 1010
f 1017 1016 1008
f 1018 1019 1008
f 1009 1018 1008
f 1008 1019 1017
f 1018 1009 1015
f 1012 1011 1010
f 1012 1010 1020
f 1016 1020 1010
f 1013 1012 1020
f 1013 1020 1021
f 1022 1014 1013
f 1021 1022 1013
f 1018 1015 1014
f 1022 1018 1014
f 1021 1020 1016
f 1021 1016 1017
f 1017 1019 1021
f 1018 1022 1019
f 1019 1022 1021
f 1023 1024 1025
f 1026 1024 1023
f 1026 1023 1027
f 1025 1028 1023
f 1023 1028 1029
f 1027 1023 1029
f 1024 1030 1025
f 1030 1024 1026
f 1030 1031 1025
f 1032 1033 1025
f 1025 1034 1032
f 1035 1034 1025
f 1025 1031 1035
f 1025 1036 1028
f 1025 1037 1036
f 1025 1033 1038
f 1038 1039 1025
f 1025 1039 1040
f 1040 1037 1025
f 1041 1042 1026
f 1041 1026 1027
f 1043 1026 1042
f 1030 1026 1043
f 1027 1029 1041
f 1029 1028 1036
f 1029 1044 1041
f 1044 1029 1045
f 1045 1029 1036
f 1031 1030 1043
f 1031 1043 1046
f 1035 1031 1046
f 1033 1032 1047
f 1034 1047 1032
f 1033 1047 1048
f 1049 1038 1033
f 1048 1049 1033
f 1050 1051 1034
f 1050 1034 1035
f 1034 1051 1052
f 1034 1052 1047
f 1035 1046 1050
f 1045 1036 1037
f 1053 1045 1037
f 1053 1037 1040
f 1038 1049 1039
f 1039 1054 1055
f 1040 1039 1055
f 1056 1054 1039
f 1049 1056 1039
f 1055 1053 1040
f 1057 1042 1041
f 1041 1044 1057
f 1057 1058 1042
f 1059 1042 1058
f 1043 1042 1059
f 1046 1043 1059
f 1044 1060 1057
f 1060 1044 1061
f 1061 1044 1045
f 1061 1045 1053
f 1046 1059 1062
f 1050 1046 1062
f 1063 1048 1047
f 1063 1047 1052
f 1048 1063 1064
f 1064 1065 1048
f 1049 1048 1065
f 1056 1049 1065
f 1050 1062 1066
f 1066 1051 1050
f 1066 1067 1051
f 1052 1051 1068
f 1051 1067 1068
f 1063 1052 1068
f 1069 1061 1053
f 1069 1053 1055
f 1054 1070 1071
f 1055 1054 1071
f 1072 1054 1056
f 1072 1070 1054
f 1071 1069 1055
f 1072 1056 1065
f 1073 1058 1057
f 1057 1060 1073
f 1073 1074 1058
f 1075 1058 1074
f 1059 1058 1075
f 1062 1059 1075
f 1060 1076 1073
f 1076 1060 1077
f 1077 1060 1061
f 1077 1061 1069
f 1062 1075 1078
f 1066 1062 1078
f 1064 1063 1079
f 1063 1080 1079
f 1063 1068 1080
f 1064 1079 1081
f 1082 1065 1064
f 1081 1082 1064
f 1082 1083 1065
f 1083 1072 1065
f 1066 1078 1084
f 1084 1067 1066
f 1084 1085 1067
f 1086 1067 1087
f 1088 1087 1067
f 1088 1067 1085
f 1067 1086 1068
f 1080 1068 1089
f 1089 1068 1086
f 1090 1077 1069
f 1090 1069 1071
f 1070 1091 1092
f 1071 1070 1092
f 1093 1070 1094
f 1070 1093 1095
f 1091 1070 1095
f 1072 1094 1070
f 1092 1090 1071
f 1096 1072 1083
f 1094 1072 1096
f 1097 1074 1073
f 1073 1076 1097
f 1097 1098 1074
f 1099 1074 1098
f 1075 1074 1099
f 1078 1075 1099
f 1076 1100 1097
f 1100 1076 1101
f 1101 1076 1077
f 1101 1077 1090
f 1078 1099 1102
f 1084 1078 1102
f 1081 1079 1103
f 1079 1080 1104
f 1079 1104 1103
f 1089 1104 1080
f 1081 1103 1105
f 1106 1082 1081
f 1105 1106 1081
f 1107 1083 1082
f 1106 1107 1082
f 1083 1107 1096
f 1084 1102 1108
f 1108 1085 1084
f 1108 1109 1085
f 1110 1088 1085
f 1110 1085 1109
f 1111 1112 1086
f 1111 1086 1113
f 1086 1087 1088
f 1086 1088 1113
f 1086 1112 1114
f 1086 1114 1089
f 1088 1115 1116
f 1088 1116 1113
f 1110 1115 1088
f 1117 1089 1118
f 1089 1117 1119
f 1089 1119 1120
f 1114 1118 1089
f 1089 1120 1104
f 1121 1101 1090
f 1121 1090 1092
f 1091 1122 1123
f 1092 1091 1123
f 1091 1095 1124
f 1122 1091 1124
f 1123 1121 1092
f 1095 1093 1094
f 1094 1125 1126
f 1127 1094 1126
f 1127 1095 1094
f 1128 1125 1094
f 1096 1128 1094
f 1129 1130 1095
f 1127 1129 1095
f 1095 1130 1124
f 1131 1096 1117
f 1119 1117 1096
f 1132 1119 1096
f 1096 1131 1128
f 1107 1132 1096
f 1098 1097 1133
f 1133 1097 1100
f 1099 1098 1134
f 1134 1098 1133
f 1135 1102 1099
f 1135 1099 1134
f 1136 1100 1101
f 1133 1100 1136
f 1101 1121 1137
f 1136 1101 1137
f 1138 1108 1102
f 1138 1102 1135
f 1139 1140 1103
f 1103 1141 1139
f 1103 1120 1141
f 1120 1103 1104
f 1105 1103 1133
f 1103 1142 1133
f 1140 1142 1103
f 1133 1106 1105
f 1106 1143 1144
f 1144 1145 1106
f 1145 1132 1106
f 1107 1106 1132
f 1133 1146 1106
f 1106 1146 1143
f 1138 1109 1108
f 1142 1110 1109
f 1138 1142 1109
f 1142 1140 1110
f 1110 1147 1115
f 1147 1110 1148
f 1148 1110 1140
f 1149 1150 1111
f 1150 1112 1111
f 1111 1113 1147
f 1151 1111 1147
f 1149 1111 1151
f 1152 1153 1112
f 1150 1154 1112
f 1112 1153 1114
f 1112 1155 1152
f 1112 1154 1155
f 1113 1116 1147
f 1118 1114 1156
f 1157 1156 1114
f 1157 1114 1153
f 1147 1158 1115
f 1158 1116 1115
f 1158 1159 1116
f 1159 1160 1116
f 1116 1160 1147
f 1117 1118 1161
f 1161 1131 1117
f 1161 1118 1162
f 1118 1156 1162
f 1163 1164 1119
f 1119 1164 1165
f 1119 1165 1166
f 1166 1120 1119
f 1119 1167 1163
f 1168 1167 1119
f 1169 1168 1119
f 1119 1132 1169
f 1166 1170 1120
f 1120 1170 1141
f 1121 1123 1171
f 1137 1121 1171
f 1123 1122 1171
f 1122 1124 1146
f 1122 1146 1171
f 1124 1143 1146
f 1130 1172 1124
f 1173 1124 1172
f 1143 1124 1173
f 1125 1174 1175
f 1126 1125 1176
f 1125 1177 1176
f 1128 1174 1125
f 1175 1178 1125
f 1178 1177 1125
f 1126 1176 1179
f 1172 1127 1126
f 1172 1126 1180
f 1180 1126 1179
f 1172 1129 1127
f 1181 1128 1131
f 1128 1181 1182
f 1174 1128 1182
f 1129 1183 1184
f 1130 1129 1184
f 1129 1185 1183
f 1172 1185 1129
f 1130 1184 1172
f 1186 1131 1161
f 1186 1181 1131
f 1132 1187 1169
f 1145 1187 1132
f 1135 1134 1133
f 1138 1135 1133
f 1142 1138 1133
f 1133 1136 1137
f 1133 1137 1171
f 1133 1171 1146
f 1140 1139 1148
f 1149 1148 1139
f 1188 1149 1139
f 1188 1139 1189
f 1139 1170 1189
f 1170 1139 1141
f 1173 1144 1143
f 1144 1173 1179
f 1144 1179 1190
f 1191 1144 1190
f 1191 1187 1144
f 1145 1144 1187
f 1147 1160 1158
f 1147 1148 1151
f 1149 1151 1148
f 1149 1192 1150
f 1192 1149 1188
f 1150 1192 1193
f 1154 1150 1193
f 1157 1153 1152
f 1152 1194 1195
f 1152 1195 1196
f 1152 1196 1157
f 1194 1152 1197
f 1155 1197 1152
f 1154 1193 1188
f 1154 1188 1189
f 1170 1155 1154
f 1170 1154 1189
f 1166 1155 1170
f 1197 1155 1165
f 1165 1155 1166
f 1157 1198 1156
f 1156 1198 1162
f 1157 1196 1198
f 1158 1160 1159
f 1161 1162 1199
f 1161 1199 1200
f 1201 1186 1161
f 1200 1201 1161
f 1162 1198 1199
f 1202 1164 1163
f 1163 1203 1204
f 1163 1204 1202
f 1163 1167 1205
f 1206 1203 1163
f 1205 1206 1163
f 1202 1165 1164
f 1202 1197 1165
f 1167 1168 1205
f 1168 1207 1205
f 1168 1178 1207
f 1169 1178 1168
f 1187 1178 1169
f 1184 1185 1172
f 1180 1173 1172
f 1173 1180 1179
f 1175 1174 1182
f 1208 1209 1175
f 1210 1208 1175
f 1182 1210 1175
f 1207 1175 1209
f 1175 1207 1178
f 1176 1211 1179
f 1212 1211 1176
f 1212 1176 1177
f 1190 1212 1177
f 1191 1190 1177
f 1177 1178 1187
f 1191 1177 1187
f 1190 1179 1211
f 1181 1213 1182
f 1186 1213 1181
f 1213 1210 1182
f 1183 1185 1184
f 1201 1213 1186
f 1192 1188 1193
f 1212 1190 1211
f 1204 1194 1197
f 1214 1195 1194
f 1214 1194 1204
f 1215 1216 1195
f 1215 1195 1214
f 1216 1196 1195
f 1216 1198 1196
f 1204 1197 1202
f 1199 1198 1216
f 1199 1216 1215
f 1199 1215 1217
f 1200 1199 1217
f 1217 1201 1200
f 1218 1213 1201
f 1219 1218 1201
f 1217 1219 1201
f 1203 1220 1214
f 1203 1214 1204
f 1221 1220 1203
f 1206 1221 1203
f 1205 1207 1206
f 1207 1209 1206
f 1206 1209 1221
f 1209 1208 1221
f 1208 1218 1219
f 1221 1208 1219
f 1208 1210 1218
f 1210 1213 1218
f 1220 1222 1214
f 1223 1215 1214
f 1223 1214 1222
f 1224 1217 1215
f 1224 1215 1223
f 1217 1224 1225
f 1225 1226 1217
f 1219 1217 1226
f 1221 1219 1227
f 1227 1219 1226
f 1220 1228 1222
f 1229 1228 1220
f 1230 1231 1220
f 1221 1230 1220
f 1220 1231 1229
f 1230 1221 1227
f 1224 1223 1222
f 1224 1222 1232
f 1228 1232 1222
f 1225 1224 1232
f 1225 1232 1233
f 1234 1226 1225
f 1233 1234 1225
f 1230 1227 1226
f 1234 1230 1226
f 1233 1232 1228
f 1233 1228 1229
f 1229 1231 1233
f 1230 1234 1231
f 1231 1234 1233
f 1235 1236 1237
f 1238 1236 1235
f 1238 1235 1239
f 1237 1240 1235
f 1235 1240 1241
f 1239 1235 1241
f 1236 1242 1237
f 1242 1236 1238
f 1242 1243 1237
f 1244 1245 1237
f 1237 1246 1244
f 1247 1246 1237
f 1237 1243 1247
f 1237 1248 1240
f 1237 1249 1248
f 1237 1245 1250
f 1250 1251 1237
f 1237 1251 1252
f 1252 1249 1237
f 1253 1254 1238
f 1253 1238 1239
f 1255 1238 1254
f 1242 1238 1255
f 1239 1241 1253
f 1241 1240 1248
f 1241 1256 1253
f 1256 1241 1257
f 1257 1241 1248
f 1243 1242 1255
f 1243 1255 1258
f 1247 1243 1258
f 1245 1244 1259
f 1246 1259 1244
f 1245 1259 1260
f 1261 1250 1245
f 1260 1261 1245
f 1262 1263 1246
f 1262 1246 1247
f 1246 1263 1264
f 1246 1264 1259
f 1247 1258 1262
f 1257 1248 1249
f 1265 1257 1249
f 1265 1249 1252
f 1250 1261 1251
f 1251 1266 1267
f 1252 1251 1267
f 1268 1266 1251
f 1261 1268 1251
f 1267 1265 1252
f 1269 1254 1253
f 1253 1256 1269
f 1269 1270 1254
f 1271 1254 1270
f 1255 1254 1271
f 1258 1255 1271
f 1256 1272 1269
f 1272 1256 1273
f 1273 1256 1257
f 1273 1257 1265
f 1258 1271 1274
f 1262 1258 1274
f 1275 1260 1259
f 1275 1259 1264
f 1260 1275 1276
f 1276 1277 1260
f 1261 1260 1277
f 1268 1261 1277
f 1262 1274 1278
f 1278 1263 1262
f 1278 1279 1263
f 1264 1263 1280
f 1263 1279 1280
f 1275 1264 1280
f 1281 1273 1265
f 1281 1265 1267
f 1266 1282 1283
f 1267 1266 1283
f 1284 1266 1268
f 1284 1282 1266
f 1283 1281 1267
f 1284 1268 1277
f 1285 1270 1269
f 1269 1272 1285
f 1285 1286 1270
f 1287 1270 1286
f 1271 1270 1287
f 1274 1271 1287
f 1272 1288 1285
f 1288 1272 1289
f 1289 1272 1273
f 1289 1273 1281
f 1274 1287 1290
f 1278 1274 1290
f 1276 1275 1291
f 1275 1292 1291
f 1275 1280 1292
f 1276 1291 1293
f 1294 1277 1276
f 1293 1294 1276
f 1294 1295 1277
f 1295 1284 1277
f 1278 1290 1296
f 1296 1279 1278
f 1296 1297 1279
f 1298 1279 1299
f 1300 1299 1279
f 1300 1279 1297
f 1279 1298 1280
f 1292 1280 1301
f 1301 1280 1298
f 1302 1289 1281
f 1302 1281 1283
f 1282 1303 1304
f 1283 1282 1304
f 1305 1282 1306
f 1282 1305 1307
f 1303 1282 1307
f 1284 1306 1282
f 1304 1302 1283
f 1308 1284 1295
f 1306 1284 1308
f 1309 1286 1285
f 1285 1288 1309
f 1309 1310 1286
f 1311 1286 1310
f 1287 1286 1311
f 1290 1287 1311
f 1288 1312 1309
f 1312 1288 1313
f 1313 1288 1289
f 1313 1289 1302
f 1290 1311 1314
f 1296 1290 1314
f 1293 1291 1315
f 1291 1292 1316
f 1291 1316 1315
f 1301 1316 1292
f 1293 1315 1317
f 1318 1294 1293
f 1317 1318 1293
f 1319 1295 1294
f 1318 1319 1294
f 1295 1319 1308
f 1296 1314 1320
f 1320 1297 1296
f 1320 1321 1297
f 1322 1300 1297
f 1322 1297 1321
f 1323 1324 1298
f 1323 1298 1325
f 1298 1299 1300
f 1298 1300 1325
f 1298 1324 1326
f 1298 1326 1301
f 1300 1327 1328
f 1300 1328 1325
f 1322 1327 1300
f 1329 1301 1330
f 1301 1329 1331
f 1301 1331 1332
f 1326 1330 1301
f 1301 1332 1316
f 1333 1313 1302
f 1333 1302 1304
f 1303 1334 1335
f 1304 1303 1335
f 1303 1307 1336
f 1334 1303 1336
f 1335 1333 1304
f 1307 1305 1306
f 1306 1337 1338
f 1339 1306 1338
f 1339 1307 1306
f 1340 1337 1306
f 1308 1340 1306
f 1341 1342 1307
f 1339 1341 1307
f 1307 1342 1336
f 1343 1308 1329
f 1331 1329 1308
f 1344 1331 1308
f 1308 1343 1340
f 1319 1344 1308
f 1310 1309 1345
f 1345 1309 1312
f 1311 1310 1346
f 1346 1310 1345
f 1347 1314 1311
f 1347 1311 1346
f 1348 1312 1313
f 1345 1312 1348
f 1313 1333 1349
f 1348 1313 1349
f 1350 1320 1314
f 1350 1314 1347
f 1351 1352 1315
f 1315 1353 1351
f 1315 1332 1353
f 1332 1315 1316
f 1317 1315 1345
f 1315 1354 1345
f 1352 1354 1315
f 1345 1318 1317
f 1318 1355 1356
f 1356 1357 1318
f 1357 1344 1318
f 1319 1318 1344
f 1345 1358 1318
f 1318 1358 1355
f 1350 1321 1320
f 1354 1322 1321
f 1350 1354 1321
f 1354 1352 1322
f 1322 1359 1327
f 1359 1322 1360
f 1360 1322 1352
f 1361 1362 1323
f 1362 1324 1323
f 1323 1325 1359
f 1363 1323 1359
f 1361 1323 1363
f 1364 1365 1324
f 1362 1366 1324
f 1324 1365 1326
f 1324 1367 1364
f 1324 1366 1367
f 1325 1328 1359
f 1330 1326 1368
f 1369 1368 1326
f 1369 1326 1365
f 1359 1370 1327
f 1370 1328 1327
f 1370 1371 1328
f 1371 1372 1328
f 1328 1372 1359
f 1329 1330 1373
f 1373 1343 1329
f 1373 1330 1374
f 1330 1368 1374
f 1375 1376 1331
f 1331 1376 1377
f 1331 1377 1378
f 1378 1332 1331
f 1331 1379 1375
f 1380 1379 1331
f 1381 1380 1331
f 1331 1344 1381
f 1378 1382 1332
f 1332 1382 1353
f 1333 1335 1383
f 1349 1333 1383
f 1335 1334 1383
f 1334 1336 1358
f 1334 1358 1383
f 1336 1355 1358
f 1342 1384 1336
f 1385 1336 1384
f 1355 1336 1385
f 1337 1386 1387
f 1338 1337 1388
f 1337 1389 1388
f 1340 1386 1337
f 1387 1390 1337
f 1390 1389 1337
f 1338 1388 1391
f 1384 1339 1338
f 1384 1338 1392
f 1392 1338 1391
f 1384 1341 1339
f 1393 1340 1343
f 1340 1393 1394
f 1386 1340 1394
f 1341 1395 1396
f 1342 1341 1396
f 1341 1397 1395
f 1384 1397 1341
f 1342 1396 1384
f 1398 1343 1373
f 1398 1393 1343
f 1344 1399 1381
f 1357 1399 1344
f 1347 1346 1345
f 1350 1347 1345
f 1354 1350 1345
f 1345 1348 1349
f 1345 1349 1383
f 1345 1383 1358
f 1352 1351 1360
f 1361 1360 1351
f 1400 1361 1351
f 1400 1351 1401
f 1351 1382 1401
f 1382 1351 1353
f 1385 1356 1355
f 1356 1385 1391
f 1356 1391 1402
f 1403 1356 1402
f 1403 1399 1356
f 1357 1356 1399
f 1359 1372 1370
f 1359 1360 1363
f 1361 1363 1360
f 1361 1404 1362
f 1404 1361 1400
f 1362 1404 1405
f 1366 1362 1405
f 1369 1365 1364
f 1364 1406 1407
f 1364 1407 1408
f 1364 1408 1369
f 1406 1364 1409
f 1367 1409 1364
f 1366 1405 1400
f 1366 1400 1401
f 1382 1367 1366
f 1382 1366 1401
f 1378 1367 1382
f 1409 1367 1377
f 1377 1367 1378
f 1369 1410 1368
f 1368 1410 1374
f 1369 1408 1410
f 1370 1372 1371
f 1373 1374 1411
f 1373 1411 1412
f 1413 1398 1373
f 1412 1413 1373
f 1374 1410 1411
f 1414 1376 1375
f 1375 1415 1416
f 1375 1416 1414
f 1375 1379 1417
f 1418 1415 1375
f 1417 1418 1375
f 1414 1377 1376
f 1414 1409 1377
f 1379 1380 1417
f 1380 1419 1417
f 1380 1390 1419
f 1381 1390 1380
f 1399 1390 1381
f 1396 1397 1384
f 1392 1385 1384
f 1385 1392 1391
f 1387 1386 1394
f 1420 1421 1387
f 1422 1420 1387
f 1394 1422 1387
f 1419 1387 1421
f 1387 1419 1390
f 1388 1423 1391
f 1424 1423 1388
f 1424 1388 1389
f 1402 1424 1389
f 1403 1402 1389
f 1389 1390 1399
f 1403 1389 1399
f 1402 1391 1423
f 1393 1425 1394
f 1398 1425 1393
f 1425 1422 1394
f 1395 1397 1396
f 1413 1425 1398
f 1404 1400 1405
f 1424 1402 1423
f 1416 1406 1409
f 1426 1407 1406
f 1426 1406 1416
f 1427 1428 1407
f 1427 1407 1426
f 1428 1408 1407
f 1428 1410 1408
f 1416 1409 1414
f 1411 1410 1428
f 1411 1428 1427
f 1411 1427 1429
f 1412 1411 1429
f 1429 1413 1412
f 1430 1425 1413
f 1431 1430 1413
f 1429 1431 1413
f 1415 1432 1426
f 1415 1426 1416
f 1433 1432 1415
f 1418 1433 1415
f 1417 1419 1418
f 1419 1421 1418
f 1418 1421 1433
f 1421 1420 1433
f 1420 1430 1431
f 1433 1420 1431
f 1420 1422 1430
f 1422 1425 1430
f 1432 1434 1426
f 1435 1427 1426
f 1435 1426 1434
f 1436 1429 1427
f 1436 1427 1435
f 1429 1436 1437
f 1437 1438 1429
f 1431 1429 1438
f 1433 1431 1439
f 1439 1431 1438
f 1432 1440 1434
f 1441 1440 1432
f 1442 1443 1432
f 1433 1442 1432
f 1432 1443 1441
f 1442 1433 1439
f 1436 1435 1434
f 1436 1434 1444
f 1440 1444 1434
f 1437 1436 1444
f 1437 1444 1445
f 1446 1438 1437
f 1445 1446 1437
f 1442 1439 1438
f 1446 1442 1438
f 1445 1444 1440
f 1445 1440 1441
f 1441 1443 1445
f 1442 1446 1443
f 1443 1446 1445
f 1447 1448 1449
f 1450 1448 1447
f 1450 1447 1451
f 1449 1452 1447
f 1447 1452 1453
f 1451 1447 1453
f 1448 1454 1449
f 1454 1448 1450
f 1454 1455 1449
f 1456 1457 1449
f 1449 1458 1456
f 1459 1458 1449
f 1449 1455 1459
f 1449 1460 1452
f 1449 1461 1460
f 1449 1457 1462
f 1462 1463 1449
f 1449 1463 1464
f 1464 1461 1449
f 1465 1466 1450
f 1465 1450 1451
f 1467 1450 1466
f 1454 1450 1467
f 1451 1453 1465
f 1453 1452 1460
f 1453 1468 1465
f 1468 1453 1469
f 1469 1453 1460
f 1455 1454 1467
f 1455 1467 1470
f 1459 1455 1470
f 1457 1456 1471
f 1458 1471 1456
f 1457 1471 1472
f 1473 1462 1457
f 1472 1473 1457
f 1474 1475 1458
f 1474 1458 1459
f 1458 1475 1476
f 1458 1476 1471
f 1459 1470 1474
f 1469 1460 1461
f 1477 1469 1461
f 1477 1461 1464
f 1462 1473 1463
f 1463 1478 1479
f 1464 1463 1479
f 1480 1478 1463
f 1473 1480 1463
f 1479 1477 1464
f 1481 1466 1465
f 1465 1468 1481
f 1481 1482 1466
f 1483 1466 1482
f 1467 1466 1483
f 1470 1467 1483
f 1468 1484 1481
f 1484 1468 1485
f 1485 1468 1469
f 1485 1469 1477
f 1470 1483 1486
f 1474 1470 1486
f 1487 1472 1471
f 1487 1471 1476
f 1472 1487 1488
f 1488 1489 1472
f 1473 1472 1489
f 1480 1473 1489
f 1474 1486 1490
f 1490 1475 1474
f 1490 1491 1475
f 1476 1475 1492
f 1475 1491 1492
f 1487 1476 1492
f 1493 1485 1477
f 1493 1477 1479
f 1478 1494 1495
f 1479 1478 1495
f 1496 1478 1480
f 1496 1494 1478
f 1495 1493 1479
f 1496 1480 1489
f 1497 1482 1481
f 1481 1484 1497
f 1497 1498 1482
f 1499 1482 1498
f 1483 1482 1499
f 1486 1483 1499
f 1484 1500 1497
f 1500 1484 1501
f 1501 1484 1485
f 1501 1485 1493
f 1486 1499 1502
f 1490 1486 1502
f 1488 1487 1503
f 1487 1504 1503
f 1487 1492 1504
f 1488 1503 1505
f 1506 1489 1488
f 1505 1506 1488
f 1506 1507 1489
f 1507 1496 1489
f 1490 1502 1508
f 1508 1491 1490
f 1508 1509 1491
f 1510 1491 1511
f 1512 1511 1491
f 1512 1491 1509
f 1491 1510 1492
f 1504 1492 1513
f 1513 1492 1510
f 1514 1501 1493
f 1514 1493 1495
f 1494 1515 1516
f 1495 1494 1516
f 1517 1494 1518
f 1494 1517 1519
f 1515 1494 1519
f 1496 1518 1494
f 1516 1514 1495
f 1520 1496 1507
f 1518 1496 1520
f 1521 1498 1497
f 1497 1500 1521
f 1521 1522 1498
f 1523 1498 1522
f 1499 1498 1523
f 1502 1499 1523
f 1500 1524 1521
f 1524 1500 1525
f 1525 1500 1501
f 1525 1501 1514
f 1502 1523 1526
f 1508 1502 1526
f 1505 1503 1527
f 1503 1504 1528
f 1503 1528 1527
f 1513 1528 1504
f 1505 1527 1529
f 1530 1506 1505
f 1529 1530 1505
f 1531 1507 1506
f 1530 1531 1506
f 1507 1531 1520
f 1508 1526 1532
f 1532 1509 1508
f 1532 1533 1509
f 1534 1512 1509
f 1534 1509 1533
f 1535 1536 1510
f 1535 1510 1537
f 1510 1511 1512
f 1510 1512 1537
f 1510 1536 1538
f 1510 1538 1513
f 1512 1539 1540
f 1512 1540 1537
f 1534 1539 1512
f 1541 1513 1542
f 1513 1541 1543
f 1513 1543 1544
f 1538 1542 1513
f 1513 1544 1528
f 1545 1525 1514
f 1545 1514 1516
f 1515 1546 1547
f 1516 1515 1547
f 1515 1519 1548
f 1546 1515 1548
f 1547 1545 1516
f 1519 1517 1518
f 1518 1549 1550
f 1551 1518 1550
f 1551 1519 1518
f 1552 1549 1518
f 1520 1552 1518
f 1553 1554 1519
f 1551 1553 1519
f 1519 1554 1548
f 1555 1520 1541
f 1543 1541 1520
f 1556 1543 1520
f 1520 1555 1552
f 1531 1556 1520
f 1522 1521 1557
f 1557 1521 1524
f 1523 1522 1558
f 1558 1522 1557
f 1559 1526 1523
f 1559 1523 1558
f 1560 1524 1525
f 1557 1524 1560
f 1525 1545 1561
f 1560 1525 1561
f 1562 1532 1526
f 1562 1526 1559
f 1563 1564 1527
f 1527 1565 1563
f 1527 1544 1565
f 1544 1527 1528
f 1529 1527 1557
f 1527 1566 1557
f 1564 1566 1527
f 1557 1530 1529
f 1530 1567 1568
f 1568 1569 1530
f 1569 1556 1530
f 1531 1530 1556
f 1557 1570 1530
f 1530 1570 1567
f 1562 1533 1532
f 1566 1534 1533
f 1562 1566 1533
f 1566 1564 1534
f 1534 1571 1539
f 1571 1534 1572
f 1572 1534 1564
f 1573 1574 1535
f 1574 1536 1535
f 1535 1537 1571
f 1575 1535 1571
f 1573 1535 1575
f 1576 1577 1536
f 1574 1578 1536
f 1536 1577 1538
f 1536 1579 1576
f 1536 1578 1579
f 1537 1540 1571
f 1542 1538 1580
f 1581 1580 1538
f 1581 1538 1577
f 1571 1582 1539
f 1582 1540 1539
f 1582 1583 1540
f 1583 1584 1540
f 1540 1584 1571
f 1541 1542 1585
f 1585 1555 1541
f 1585 1542 1586
f 1542 1580 1586
f 1587 1588 1543
f 1543 1588 1589
f 1543 1589 1590
f 1590 1544 1543
f 1543 1591 1587
f 1592 1591 1543
f 1593 1592 1543
f 1543 1556 1593
f 1590 1594 1544
f 1544 1594 1565
f 1545 1547 1595
f 1561 1545 1595
f 1547 1546 1595
f 1546 1548 1570
f 1546 1570 1595
f 1548 1567 1570
f 1554 1596 1548
f 1597 1548 1596
f 1567 1548 1597
f 1549 1598 1599
f 1550 1549 1600
f 1549 1601 1600
f 1552 1598 1549
f 1599 1602 1549
f 1602 1601 1549
f 1550 1600 1603
f 1596 1551 1550
f 1596 1550 1604
f 1604 1550 1603
f 1596 1553 1551
f 1605 1552 1555
f 1552 1605 1606
f 1598 1552 1606
f 1553 1607 1608
f 1554 1553 1608
f 1553 1609 1607
f 1596 1609 1553
f 1554 1608 1596
f 1610 1555 1585
f 1610 1605 1555
f 1556 1611 1593
f 1569 1611 1556
f 1559 1558 1557
f 1562 1559 1557
f 1566 1562 1557
f 1557 1560 1561
f 1557 1561 1595
f 1557 1595 1570
f 1564 1563 1572
f 1573 1572 1563
f 1612 1573 1563
f 1612 1563 1613
f 1563 1594 1613
f 1594 1563 1565
f 1597 1568 1567
f 1568 1597 1603
f 1568 1603 1614
f 1615 1568 1614
f 1615 1611 1568
f 1569 1568 1611
f 1571 1584 1582
f 1571 1572 1575
f 1573 1575 1572
f 1573 1616 1574
f 1616 1573 1612
f 1574 1616 1617
f 1578 1574 1617
f 1581 1577 1576
f 1576 1618 1619
f 1576 1619 1620
f 1576 1620 1581
f 1618 1576 1621
f 1579 1621 1576
f 1578 1617 1612
f 1578 1612 1613
f 1594 1579 1578
f 1594 1578 1613
f 1590 1579 1594
f 1621 1579 1589
f 1589 1579 1590
f 1581 1622 1580
f 1580 1622 1586
f 1581 1620 1622
f 1582 1584 1583
f 1585 1586 1623
f 1585 1623 1624
f 1625 1610 1585
f 1624 1625 1585
f 1586 1622 1623
f 1626 1588 1587
f 1587 1627 1628
f 1587 1628 1626
f 1587 1591 1629
f 1630 1627 1587
f 1629 1630 1587
f 1626 1589 1588
f 1626 1621 1589
f 1591 1592 1629
f 1592 1631 1629
f 1592 1602 1631
f 1593 1602 1592
f 1611 1602 1593
f 1608 1609 1596
f 1604 1597 1596
f 1597 1604 1603
f 1599 1598 1606
f 1632 1633 1599
f 1634 1632 1599
f 1606 1634 1599
f 1631 1599 1633
f 1599 1631 1602
f 1600 1635 1603
f 1636 1635 1600
f 1636 1600 1601
f 1614 1636 1601
f 1615 1614 1601
f 1601 1602 1611
f 1615 1601 1611
f 1614 1603 1635
f 1605 1637 1606
f 1610 1637 1605
f 1637 1634 1606
f 1607 1609 1608
f 1625 1637 1610
f 1616 1612 1617
f 1636 1614 1635
f 1628 1618 1621
f 1638 1619 1618
f 1638 1618 1628
f 1639 1640 1619
f 1639 1619 1638
f 1640 1620 1619
f 1640 1622 1620
f 1628 1621 1626
f 1623 1622 1640
f 1623 1640 1639
f 1623 1639 1641
f 1624 1623 1641
f 1641 1625 1624
f 1642 1637 1625
f 1643 1642 1625
f 1641 1643 1625
f 1627 1644 1638
f 1627 1638 1628
f 1645 1644 1627
f 1630 1645 1627
f 1629 1631 1630
f 1631 1633 1630
f 1630 1633 1645
f 1633 1632 1645
f 1632 1642 1643
f 1645 1632 1643
f 1632 1634 1642
f 1634 1637 1642
f 1644 1646 1638
f 1647 1639 1638
f 1647 1638 1646
f 1648 1641 1639
f 1648 1639 1647
f 1641 1648 1649
f 1649 1650 1641
f 1643 1641 1650
f 1645 1643 1651
f 1651 1643 1650
f 1644 1652 1646
f 1653 1652 1644
f 1654 1655 1644
f 1645 1654 1644
f 1644 1655 1653
f 1654 1645 1651
f 1648 1647 1646
f 1648 1646 1656
f 1652 1656 1646
f 1649 1648 1656
f 1649 1656 1657
f 1658 1650 1649
f 1657 1658 1649
f 1654 1651 1650
f 1658 1654 1650
f 1657 1656 1652
f 1657 1652 1653
f 1653 1655 1657
f 1654 1658 1655
f 1655 1658 1657
f 1659 1660 1661
f 1662 1660 1659
f 1662 1659 1663
f 1661 1664 1659
f 1659 1664 1665
f 1663 1659 1665
f 1660 1666 1661
f 1666 1660 1662
f 1666 1667 1661
f 1668 1669 1661
f 1661 1670 1668
f 1671 1670 1661
f 1661 1667 1671
f 1661 1672 1664
f 1661 1673 1672
f 1661 1669 1674
f 1674 1675 1661
f 1661 1675 1676
f 1676 1673 1661
f 1677 1678 1662
f 1677 1662 1663
f 1679 1662 1678
f 1666 1662 1679
f 1663 1665 1677
f 1665 1664 1672
f 1665 1680 1677
f 1680 1665 1681
f 1681 1665 1672
f 1667 1666 1679
f 1667 1679 1682
f 1671 1667 1682
f 1669 1668 1683
f 1670 1683 1668
f 1669 1683 1684
f 1685 1674 1669
f 1684 1685 1669
f 1686 1687 1670
f 1686 1670 1671
f 1670 1687 1688
f 1670 1688 1683
f 1671 1682 1686
f 1681 1672 1673
f 1689 1681 1673
f 1689 1673 1676
f 1674 1685 1675
f 1675 1690 1691
f 1676 1675 1691
f 1692 1690 1675
f 1685 1692 1675
f 1691 1689 1676
f 1693 1678 1677
f 1677 1680 1693
f 1693 1694 1678
f 1695 1678 1694
f 1679 1678 1695
f 1682 1679 1695
f 1680 1696 1693
f 1696 1680 1697
f 1697 1680 1681
f 1697 1681 1689
f 1682 1695 1698
f 1686 1682 1698
f 1699 1684 1683
f 1699 1683 1688
f 1684 1699 1700
f 1700 1701 1684
f 1685 1684 1701
f 1692 1685 1701
f 1686 1698 1702
f 1702 1687 1686
f 1702 1703 1687
f 1688 1687 1704
f 1687 1703 1704
f 1699 1688 1704
f 1705 1697 1689
f 1705 1689 1691
f 1690 1706 1707
f 1691 1690 1707
f 1708 1690 1692
f 1708 1706 1690
f 1707 1705 1691
f 1708 1692 1701
f 1709 1694 1693
f 1693 1696 1709
f 1709 1710 1694
f 1711 1694 1710
f 1695 1694 1711
f 1698 1695 1711
f 1696 1712 1709
f 1712 1696 1713
f 1713 1696 1697
f 1713 1697 1705
f 1698 1711 1714
f 1702 1698 1714
f 1700 1699 1715
f 1699 1716 1715
f 1699 1704 1716
f 1700 1715 1717
f 1718 1701 1700
f 1717 1718 1700
f 1718 1719 1701
f 1719 1708 1701
f 1702 1714 1720
f 1720 1703 1702
f 1720 1721 1703
f 1722 1703 1723
f 1724 1723 1703
f 1724 1703 1721
f 1703 1722 1704
f 1716 1704 1725
f 1725 1704 1722
f 1726 1713 1705
f 1726 1705 1707
f 1706 1727 1728
f 1707 1706 1728
f 1729 1706 1730
f 1706 1729 1731
f 1727 1706 1731
f 1708 1730 1706
f 1728 1726 1707
f 1732 1708 1719
f 1730 1708 1732
f 1733 1710 1709
f 1709 1712 1733
f 1733 1734 1710
f 1735 1710 1734
f 1711 1710 1735
f 1714 1711 1735
f 1712 1736 1733
f 1736 1712 1737
f 1737 1712 1713
f 1737 1713 1726
f 1714 1735 1738
f 1720 1714 1738
f 1717 1715 1739
f 1715 1716 1740
f 1715 1740 1739
f 1725 1740 1716
f 1717 1739 1741
f 1742 1718 1717
f 1741 1742 1717
f 1743 1719 1718
f 1742 1743 1718
f 1719 1743 1732
f 1720 1738 1744
f 1744 1721 1720
f 1744 1745 1721
f 1746 1724 1721
f 1746 1721 1745
f 1747 1748 1722
f 1747 1722 1749
f 1722 1723 1724
f 1722 1724 1749
f 1722 1748 1750
f 1722 1750 1725
f 1724 1751 1752
f 1724 1752 1749
f 1746 1751 1724
f 1753 1725 1754
f 1725 1753 1755
f 1725 1755 1756
f 1750 1754 1725
f 1725 1756 1740
f 1757 1737 1726
f 1757 1726 1728
f 1727 1758 1759
f 1728 1727 1759
f 1727 1731 1760
f 1758 1727 1760
f 1759 1757 1728
f 1731 1729 1730
f 1730 1761 1762
f 1763 1730 1762
f 1763 1731 1730
f 1764 1761 1730
f 1732 1764 1730
f 1765 1766 1731
f 1763 1765 1731
f 1731 1766 1760
f 1767 1732 1753
f 1755 1753 1732
f 1768 1755 1732
f 1732 1767 1764
f 1743 1768 1732
f 1734 1733 1769
f 1769 1733 1736
f 1735 1734 1770
f 1770 1734 1769
f 1771 1738 1735
f 1771 1735 1770
f 1772 1736 1737
f 1769 1736 1772
f 1737 1757 1773
f 1772 1737 1773
f 1774 1744 1738
f 1774 1738 1771
f 1775 1776 1739
f 1739 1777 1775
f 1739 1756 1777
f 1756 1739 1740
f 1741 1739 1769
f 1739 1778 1769
f 1776 1778 1739
f 1769 1742 1741
f 1742 1779 1780
f 1780 1781 1742
f 1781 1768 1742
f 1743 1742 1768
f 1769 1782 1742
f 1742 1782 1779
f 1774 1745 1744
f 1778 1746 1745
f 1774 1778 1745
f 1778 1776 1746
f 1746 1783 1751
f 1783 1746 1784
f 1784 1746 1776
f 1785 1786 1747
f 1786 1748 1747
f 1747 1749 1783
f 1787 1747 1783
f 1785 1747 1787
f 1788 1789 1748
f 1786 1790 1748
f 1748 1789 1750
f 1748 1791 1788
f 1748 1790 1791
f 1749 1752 1783
f 1754 1750 1792
f 1793 1792 1750
f 1793 1750 1789
f 1783 1794 1751
f 1794 1752 1751
f 1794 1795 1752
f 1795 1796 1752
f 1752 1796 1783
f 1753 1754 1797
f 1797 1767 1753
f 1797 1754 1798
f 1754 1792 1798
f 1799 1800 1755
f 1755 1800 1801
f 1755 1801 1802
f 1802 1756 1755
f 1755 1803 1799
f 1804 1803 1755
f 1805 1804 1755
f 1755 1768 1805
f 1802 1806 1756
f 1756 1806 1777
f 1757 1759 1807
f 1773 1757 1807
f 1759 1758 1807
f 1758 1760 1782
f 1758 1782 1807
f 1760 1779 1782
f 1766 1808 1760
f 1809 1760 1808
f 1779 1760 1809
f 1761 1810 1811
f 1762 1761 1812
f 1761 1813 1812
f 1764 1810 1761
f 1811 1814 1761
f 1814 1813 1761
f 1762 1812 1815
f 1808 1763 1762
f 1808 1762 1816
f 1816 1762 1815
f 1808 1765 1763
f 1817 1764 1767
f 1764 1817 1818
f 1810 1764 1818
f 1765 1819 1820
f 1766 1765 1820
f 1765 1821 1819
f 1808 1821 1765
f 1766 1820 1808
f 1822 1767 1797
f 1822 1817 1767
f 1768 1823 1805
f 1781 1823 1768
f 1771 1770 1769
f 1774 1771 1769
f 1778 1774 1769
f 1769 1772 1773
f 1769 1773 1807
f 1769 1807 1782
f 1776 1775 1784
f 1785 1784 1775
f 1824 1785 1775
f 1824 1775 1825
f 1775 1806 1825
f 1806 1775 1777
f 1809 1780 1779
f 1780 1809 1815
f 1780 1815 1826
f 1827 1780 1826
f 1827 1823 1780
f 1781 1780 1823
f 1783 1796 1794
f 1783 1784 1787
f 1785 1787 1784
f 1785 1828 1786
f 1828 1785 1824
f 1786 1828 1829
f 1790 1786 1829
f 1793 1789 1788
f 1788 1830 1831
f 1788 1831 1832
f 1788 1832 1793
f 1830 1788 1833
f 1791 1833 1788
f 1790 1829 1824
f 1790 1824 1825
f 1806 1791 1790
f 1806 1790 1825
f 1802 1791 1806
f 1833 1791 1801
f 1801 1791 1802
f 1793 1834 1792
f 1792 1834 1798
f 1793 1832 1834
f 1794 1796 1795
f 1797 1798 1835
f 1797 1835 1836
f 1837 1822 1797
f 1836 1837 1797
f 1798 1834 1835
f 1838 1800 1799
f 1799 1839 1840
f 1799 1840 1838
f 1799 1803 1841
f 1842 1839 1799
f 1841 1842 1799
f 1838 1801 1800
f 1838 1833 1801
f 1803 1804 1841
f 1804 1843 1841
f 1804 1814 1843
f 1805 1814 1804
f 1823 1814 1805
f 1820 1821 1808
f 1816 1809 1808
f 1809 1816 1815
f 1811 1810 1818
f 1844 1845 1811
f 1846 1844 1811
f 1818 1846 1811
f 1843 1811 1845
f 1811 1843 1814
f 1812 1847 1815
f 1848 1847 1812
f 1848 1812 1813
f 1826 1848 1813
f 1827 1826 1813
f 1813 1814 1823
f 1827 1813 1823
f 1826 1815 1847
f 1817 1849 1818
f 1822 1849 1817
f 1849 1846 1818
f 1819 1821 1820
f 1837 1849 1822
f 1828 1824 1829
f 1848 1826 1847
f 1840 1830 1833
f 1850 1831 1830
f 1850 1830 1840
f 1851 1852 1831
f 1851 1831 1850
f 1852 1832 1831
f 1852 1834 1832
f 1840 1833 1838
f 1835 1834 1852
f 1835 1852 1851
f 1835 1851 1853
f 1836 1835 1853
f 1853 1837 1836
f 1854 1849 1837
f 1855 1854 1837
f 1853 1855 1837
f 1839 1856 1850
f 1839 1850 1840
f 1857 1856 1839
f 1842 1857 1839
f 1841 1843 1842
f 1843 1845 1842
f 1842 1845 1857
f 1845 1844 1857
f 1844 1854 1855
f 1857 1844 1855
f 1844 1846 1854
f 1846 1849 1854
f 1856 1858 1850
f 1859 1851 1850
f 1859 1850 1858
f 1860 1853 1851
f 1860 1851 1859
f 1853 1860 1861
f 1861 1862 1853
f 1855 1853 1862
f 1857 1855 1863
f 1863 1855 1862
f 1856 1864 1858
f 1865 1864 1856
f 1866 1867 1856
f 1857 1866 1856
f 1856 1867 1865
f 1866 1857 1863
f 1860 1859 1858
f 1860 1858 1868
f 1864 1868 1858
f 1861 1860 1868
f 1861 1868 1869
f 1870 1862 1861
f 1869 1870 1861
f 1866 1863 1862
f 1870 1866 1862
f 1869 1868 1864
f 1869 1864 1865
f 1865 1867 1869
f 1866 1870 1867
f 1867 1870 1869
f 1871 1872 1873
f 1874 1872 1871
f 1874 1871 1875
f 1873 1876 1871
f 1871 1876 1877
f 1875 1871 1877
f 1872 1878 1873
f 1878 1872 1874
f 1878 1879 1873
f 1880 1881 1873
f 1873 1882 1880
f 1883 1882 1873
f 1873 1879 1883
f 1873 1884 1876
f 1873 1885 1884
f 1873 1881 1886
f 1886 1887 1873
f 1873 1887 1888
f 1888 1885 1873
f 1889 1890 1874
f 1889 1874 1875
f 1891 1874 1890
f 1878 1874 1891
f 1875 1877 1889
f 1877 1876 1884
f 1877 1892 1889
f 1892 1877 1893
f 1893 1877 1884
f 1879 1878 1891
f 1879 1891 1894
f 1883 1879 1894
f 1881 1880 1895
f 1882 1895 1880
f 1881 1895 1896
f 1897 1886 1881
f 1896 1897 1881
f 1898 1899 1882
f 1898 1882 1883
f 1882 1899 1900
f 1882 1900 1895
f 1883 1894 1898
f 1893 1884 1885
f 1901 1893 1885
f 1901 1885 1888
f 1886 1897 1887
f 1887 1902 1903
f 1888 1887 1903
f 1904 1902 1887
f 1897 1904 1887
f 1903 1901 1888
f 1905 1890 1889
f 1889 1892 1905
f 1905 1906 1890
f 1907 1890 1906
f 1891 1890 1907
f 1894 1891 1907
f 1892 1908 1905
f 1908 1892 1909
f 1909 1892 1893
f 1909 1893 1901
f 1894 1907 1910
f 1898 1894 1910
f 1911 1896 1895
f 1911 1895 1900
f 1896 1911 1912
f 1912 1913 1896
f 1897 1896 1913
f 1904 1897 1913
f 1898 1910 1914
f 1914 1899 1898
f 1914 1915 1899
f 1900 1899 1916
f 1899 1915 1916
f 1911 1900 1916
f 1917 1909 1901
f 1917 1901 1903
f 1902 1918 1919
f 1903 1902 1919
f 1920 1902 1904
f 1920 1918 1902
f 1919 1917 1903
f 1920 1904 1913
f 1921 1906 1905
f 1905 1908 1921
f 1921 1922 1906
f 1923 1906 1922
f 1907 1906 1923
f 1910 1907 1923
f 1908 1924 1921
f 1924 1908 1925
f 1925 1908 1909
f 1925 1909 1917
f 1910 1923 1926
f 1914 1910 1926
f 1912 1911 1927
f 1911 1928 1927
f 1911 1916 1928
f 1912 1927 1929
f 1930 1913 1912
f 1929 1930 1912
f 1930 1931 1913
f 1931 1920 1913
f 1914 1926 1932
f 1932 1915 1914
f 1932 1933 1915
f 1934 1915 1935
f 1936 1935 1915
f 1936 1915 1933
f 1915 1934 1916
f 1928 1916 1937
f 1937 1916 1934
f 1938 1925 1917
f 1938 1917 1919
f 1918 1939 1940
f 1919 1918 1940
f 1941 1918 1942
f 1918 1941 1943
f 1939 1918 1943
f 1920 1942 1918
f 1940 1938 1919
f 1944 1920 1931
f 1942 1920 1944
f 1945 1922 1921
f 1921 1924 1945
f 1945 1946 1922
f 1947 1922 1946
f 1923 1922 1947
f 1926 1923 1947
f 1924 1948 1945
f 1948 1924 1949
f 1949 1924 1925
f 1949 1925 1938
f 1926 1947 1950
f 1932 1926 1950
f 1929 1927 1951
f 1927 1928 1952
f 1927 1952 1951
f 1937 1952 1928
f 1929 1951 1953
f 1954 1930 1929
f 1953 1954 1929
f 1955 1931 1930
f 1954 1955 1930
f 1931 1955 1944
f 1932 1950 1956
f 1956 1933 1932
f 1956 1957 1933
f 1958 1936 1933
f 1958 1933 1957
f 1959 1960 1934
f 1959 1934 1961
f 1934 1935 1936
f 1934 1936 1961
f 1934 1960 1962
f 1934 1962 1937
f 1936 1963 1964
f 1936 1964 1961
f 1958 1963 1936
f 1965 1937 1966
f 1937 1965 1967
f 1937 1967 1968
f 1962 1966 1937
f 1937 1968 1952
f 1969 1949 1938
f 1969 1938 1940
f 1939 1970 1971
f 1940 1939 1971
f 1939 1943 1972
f 1970 1939 1972
f 1971 1969 1940
f 1943 1941 1942
f 1942 1973 1974
f 1975 1942 1974
f 1975 1943 1942
f 1976 1973 1942
f 1944 1976 1942
f 1977 1978 1943
f 1975 1977 1943
f 1943 1978 1972
f 1979 1944 1965
f 1967 1965 1944
f 1980 1967 1944
f 1944 1979 1976
f 1955 1980 1944
f 1946 1945 1981
f 1981 1945 1948
f 1947 1946 1982
f 1982 1946 1981
f 1983 1950 1947
f 1983 1947 1982
f 1984 1948 1949
f 1981 1948 1984
f 1949 1969 1985
f 1984 1949 1985
f 1986 1956 1950
f 1986 1950 1983
f 1987 1988 1951
f 1951 1989 1987
f 1951 1968 1989
f 1968 1951 1952
f 1953 1951 1981
f 1951 1990 1981
f 1988 1990 1951
f 1981 1954 1953
f 1954 1991 1992
f 1992 1993 1954
f 1993 1980 1954
f 1955 1954 1980
f 1981 1994 1954
f 1954 1994 1991
f 1986 1957 1956
f 1990 1958 1957
f 1986 1990 1957
f 1990 1988 1958
f 1958 1995 1963
f 1995 1958 1996
f 1996 1958 1988
f 1997 1998 1959
f 1998 1960 1959
f 1959 1961 1995
f 1999 1959 1995
f 1997 1959 1999
f 2000 2001 1960
f 1998 2002 1960
f 1960 2001 1962
f 1960 2003 2000
f 1960 2002 2003
f 1961 1964 1995
f 1966 1962 2004
f 2005 2004 1962
f 2005 1962 2001
f 1995 2006 1963
f 2006 1964 1963
f 2006 2007 1964
f 2007 2008 1964
f 1964 2008 1995
f 1965 1966 2009
f 2009 1979 1965
f 2009 1966 2010
f 1966 2004 2010
f 2011 2012 1967
f 1967 2012 2013
f 1967 2013 2014
f 2014 1968 1967
f 1967 2015 2011
f 2016 2015 1967
f 2017 2016 1967
f 1967 1980 2017
f 2014 2018 1968
f 1968 2018 1989
f 1969 1971 2019
f 1985 1969 2019
f 1971 1970 2019
f 1970 1972 1994
f 1970 1994 2019
f 1972 1991 1994
f 1978 2020 1972
f 2021 1972 2020
f 1991 1972 2021
f 1973 2022 2023
f 1974 1973 2024
f 1973 2025 2024
f 1976 2022 1973
f 2023 2026 1973
f 2026 2025 1973
f 1974 2024 2027
f 2020 1975 1974
f 2020 1974 2028
f 2028 1974 2027
f 2020 1977 1975
f 2029 1976 1979
f 1976 2029 2030
f 2022 1976 2030
f 1977 2031 2032
f 1978 1977 2032
f 1977 2033 2031
f 2020 2033 1977
f 1978 2032 2020
f 2034 1979 2009
f 2034 2029 1979
f 1980 2035 2017
f 1993 2035 1980
f 1983 1982 1981
f 1986 1983 1981
f 1990 1986 1981
f 1981 1984 1985
f 1981 1985 2019
f 1981 2019 1994
f 1988 1987 1996
f 1997 1996 1987
f 2036 1997 1987
f 2036 1987 2037
f 1987 2018 2037
f 2018 1987 1989
f 2021 1992 1991
f 1992 2021 2027
f 1992 2027 2038
f 2039 1992 2038
f 2039 2035 1992
f 1993 1992 2035
f 1995 2008 2006
f 1995 1996 1999
f 1997 1999 1996
f 1997 2040 1998
f 2040 1997 2036
f 1998 2040 2041
f 2002 1998 2041
f 2005 2001 2000
f 2000 2042 2043
f 2000 2043 2044
f 2000 2044 2005
f 2042 2000 2045
f 2003 2045 2000
f 2002 2041 2036
f 2002 2036 2037
f 2018 2003 2002
f 2018 2002 2037
f 2014 2003 2018
f 2045 2003 2013
f 2013 2003 2014
f 2005 2046 2004
f 2004 2046 2010
f 2005 2044 2046
f 2006 2008 2007
f 2009 2010 2047
f 2009 2047 2048
f 2049 2034 2009
f 2048 2049 2009
f 2010 2046 2047
f 2050 2012 2011
f 2011 2051 2052
f 2011 2052 2050
f 2011 2015 2053
f 2054 2051 2011
f 2053 2054 2011
f 2050 2013 2012
f 2050 2045 2013
f 2015 2016 2053
f 2016 2055 2053
f 2016 2026 2055
f 2017 2026 2016
f 2035 2026 2017
f 2032 2033 2020
f 2028 2021 2020
f 2021 2028 2027
f 2023 2022 2030
f 2056 2057 2023
f 2058 2056 2023
f 2030 2058 2023
f 2055 2023 2057
f 2023 2055 2026
f 2024 2059 2027
f 2060 2059 2024
f 2060 2024 2025
f 2038 2060 2025
f 2039 2038 2025
f 2025 2026 2035
f 2039 2025 2035
f 2038 2027 2059
f 2029 2061 2030
f 2034 2061 2029
f 2061 2058 2030
f 2031 2033 2032
f 2049 2061 2034
f 2040 2036 2041
f 2060 2038 2059
f 2052 2042 2045
f 2062 2043 2042
f 2062 2042 2052
f 2063 2064 2043
f 2063 2043 2062
f 2064 2044 2043
f 2064 2046 2044
f 2052 2045 2050
f 2047 2046 2064
f 2047 2064 2063
f 2047 2063 2065
f 2048 2047 2065
f 2065 2049 2048
f 2066 2061 2049
f 2067 2066 2049
f 2065 2067 2049
f 2051 2068 2062
f 2051 2062 2052
f 2069 2068 2051
f 2054 2069 2051
f 2053 2055 2054
f 2055 2057 2054
f 2054 2057 2069
f 2057 2056 2069
f 2056 2066 2067
f 2069 2056 2067
f 2056 2058 2066
f 2058 2061 2066
f 2068 2070 2062
f 2071 2063 2062
f 2071 2062 2070
f 2072 2065 2063
f 2072 2063 2071
f 2065 2072 2073
f 2073 2074 2065
f 2067 2065 2074
f 2069 2067 2075
f 2075 2067 2074
f 2068 2076 2070
f 2077 2076 2068
f 2078 2079 2068
f 2069 2078 2068
f 2068 2079 2077
f 2078 2069 2075
f 2072 2071 2070
f 2072 2070 2080
f 2076 2080 2070
f 2073 2072 2080
f 2073 2080 2081
f 2082 2074 2073
f 2081 2082 2073
f 2078 2075 2074
f 2082 2078 2074
f 2081 2080 2076
f 2081 2076 2077
f 2077 2079 2081
f 2078 2082 2079
f 2079 2082 2081
f 2083 2084 2085
f 2086 2084 2083
f 2086 2083 2087
f 2085 2088 2083
f 2083 2088 2089
f 2087 2083 2089
f 2084 2090 2085
f 2090 2084 2086
f 2090 2091 2085
f 2092 2093 2085
f 2085 2094 2092
f 2095 2094 2085
f 2085 2091 2095
f 2085 2096 2088
f 2085 2097 2096
f 2085 2093 2098
f 2098 2099 2085
f 2085 2099 2100
f 2100 2097 2085
f 2101 2102 2086
f 2101 2086 2087
f 2103 2086 2102
f 2090 2086 2103
f 2087 2089 2101
f 2089 2088 2096
f 2089 2104 2101
f 2104 2089 2105
f 2105 2089 2096
f 2091 2090 2103
f 2091 2103 2106
f 2095 2091 2106
f 2093 2092 2107
f 2094 2107 2092
f 2093 2107 2108
f 2109 2098 2093
f 2108 2109 2093
f 2110 2111 2094
f 2110 2094 2095
f 2094 2111 2112
f 2094 2112 2107
f 2095 2106 2110
f 2105 2096 2097
f 2113 2105 2097
f 2113 2097 2100
f 2098 2109 2099
f 2099 2114 2115
f 2100 2099 2115
f 2116 2114 2099
f 2109 2116 2099
f 2115 2113 2100
f 2117 2102 2101
f 2101 2104 2117
f 2117 2118 2102
f 2119 2102 2118
f 2103 2102 2119
f 2106 2103 2119
f 2104 2120 2117
f 2120 2104 2121
f 2121 2104 2105
f 2121 2105 2113
f 2106 2119 2122
f 2110 2106 2122
f 2123 2108 2107
f 2123 2107 2112
f 2108 2123 2124
f 2124 2125 2108
f 2109 2108 2125
f 2116 2109 2125
f 2110 2122 2126
f 2126 2111 2110
f 2126 2127 2111
f 2112 2111 2128
f 2111 2127 2128
f 2123 2112 2128
f 2129 2121 2113
f 2129 2113 2115
f 2114 2130 2131
f 2115 2114 2131
f 2132 2114 2116
f 2132 2130 2114
f 2131 2129 2115
f 2132 2116 2125
f 2133 2118 2117
f 2117 2120 2133
f 2133 2134 2118
f 2135 2118 2134
f 2119 2118 2135
f 2122 2119 2135
f 2120 2136 2133
f 2136 2120 2137
f 2137 2120 2121
f 2137 2121 2129
f 2122 2135 2138
f 2126 2122 2138
f 2124 2123 2139
f 2123 2140 2139
f 2123 2128 2140
f 2124 2139 2141
f 2142 2125 2124
f 2141 2142 2124
f 2142 2143 2125
f 2143 2132 2125
f 2126 2138 2144
f 2144 2127 2126
f 2144 2145 2127
f 2146 2127 2147
f 2148 2147 2127
f 2148 2127 2145
f 2127 2146 2128
f 2140 2128 2149
f 2149 2128 2146
f 2150 2137 2129
f 2150 2129 2131
f 2130 2151 2152
f 2131 2130 2152
f 2153 2130 2154
f 2130 2153 2155
f 2151 2130 2155
f 2132 2154 2130
f 2152 2150 2131
f 2156 2132 2143
f 2154 2132 2156
f 2157 2134 2133
f 2133 2136 2157
f 2157 2158 2134
f 2159 2134 2158
f 2135 2134 2159
f 2138 2135 2159
f 2136 2160 2157
f 2160 2136 2161
f 2161 2136 2137
f 2161 2137 2150
f 2138 2159 2162
f 2144 2138 2162
f 2141 2139 2163
f 2139 2140 2164
f 2139 2164 2163
f 2149 2164 2140
f 2141 2163 2165
f 2166 2142 2141
f 2165 2166 2141
f 2167 2143 2142
f 2166 2167 2142
f 2143 2167 2156
f 2144 2162 2168
f 2168 2145 2144
f 2168 2169 2145
f 2170 2148 2145
f 2170 2145 2169
f 2171 2172 2146
f 2171 2146 2173
f 2146 2147 2148
f 2146 2148 2173
f 2146 2172 2174
f 2146 2174 2149
f 2148 2175 2176
f 2148 2176 2173
f 2170 2175 2148
f 2177 2149 2178
f 2149 2177 2179
f 2149 2179 2180
f 2174 2178 2149
f 2149 2180 2164
f 2181 2161 2150
f 2181 2150 2152
f 2151 2182 2183
f 2152 2151 2183
f 2151 2155 2184
f 2182 2151 2184
f 2183 2181 2152
f 2155 2153 2154
f 2154 2185 2186
f 2187 2154 2186
f 2187 2155 2154
f 2188 2185 2154
f 2156 2188 2154
f 2189 2190 2155
f 2187 2189 2155
f 2155 2190 2184
f 2191 2156 2177
f 2179 2177 2156
f 2192 2179 2156
f 2156 2191 2188
f 2167 2192 2156
f 2158 2157 2193
f 2193 2157 2160
f 2159 2158 2194
f 2194 2158 2193
f 2195 2162 2159
f 2195 2159 2194
f 2196 2160 2161
f 2193 2160 2196
f 2161 2181 2197
f 2196 2161 2197
f 2198 2168 2162
f 2198 2162 2195
f 2199 2200 2163
f 2163 2201 2199
f 2163 2180 2201
f 2180 2163 2164
f 2165 2163 2193
f 2163 2202 2193
f 2200 2202 2163
f 2193 2166 2165
f 2166 2203 2204
f 2204 2205 2166
f 2205 2192 2166
f 2167 2166 2192
f 2193 2206 2166
f 2166 2206 2203
f 2198 2169 2168
f 2202 2170 2169
f 2198 2202 2169
f 2202 2200 2170
f 2170 2207 2175
f 2207 2170 2208
f 2208 2170 2200
f 2209 2210 2171
f 2210 2172 2171
f 2171 2173 2207
f 2211 2171 2207
f 2209 2171 2211
f 2212 2213 2172
f 2210 2214 2172
f 2172 2213 2174
f 2172 2215 2212
f 2172 2214 2215
f 2173 2176 2207
f 2178 2174 2216
f 2217 2216 2174
f 2217 2174 2213
f 2207 2218 2175
f 2218 2176 2175
f 2218 2219 2176
f 2219 2220 2176
f 2176 2220 2207
f 2177 2178 2221
f 2221 2191 2177
f 2221 2178 2222
f 2178 2216 2222
f 2223 2224 2179
f 2179 2224 2225
f 2179 2225 2226
f 2226 2180 2179
f 2179 2227 2223
f 2228 2227 2179
f 2229 2228 2179
f 2179 2192 2229
f 2226 2230 2180
f 2180 2230 2201
f 2181 2183 2231
f 2197 2181 2231
f 2183 2182 2231
f 2182 2184 2206
f 2182 2206 2231
f 2184 2203 2206
f 2190 2232 2184
f 2233 2184 2232
f 2203 2184 2233
f 2185 2234 2235
f 2186 2185 2236
f 2185 2237 2236
f 2188 2234 2185
f 2235 2238 2185
f 2238 2237 2185
f 2186 2236 2239
f 2232 2187 2186
f 2232 2186 2240
f 2240 2186 2239
f 2232 2189 2187
f 2241 2188 2191
f 2188 2241 2242
f 2234 2188 2242
f 2189 2243 2244
f 2190 2189 2244
f 2189 2245 2243
f 2232 2245 2189
f 2190 2244 2232
f 2246 2191 2221
f 2246 2241 2191
f 2192 2247 2229
f 2205 2247 2192
f 2195 2194 2193
f 2198 2195 2193
f 2202 2198 2193
f 2193 2196 2197
f 2193 2197 2231
f 2193 2231 2206
f 2200 2199 2208
f 2209 2208 2199
f 2248 2209 2199
f 2248 2199 2249
f 2199 2230 2249
f 2230 2199 2201
f 2233 2204 2203
f 2204 2233 2239
f 2204 2239 2250
f 2251 2204 2250
f 2251 2247 2204
f 2205 2204 2247
f 2207 2220 2218
f 2207 2208 2211
f 2209 2211 2208
f 2209 2252 2210
f 2252 2209 2248
f 2210 2252 2253
f 2214 2210 2253
f 2217 2213 2212
f 2212 2254 2255
f 2212 2255 2256
f 2212 2256 2217
f 2254 2212 2257
f 2215 2257 2212
f 2214 2253 2248
f 2214 2248 2249
f 2230 2215 2214
f 2230 2214 2249
f 2226 2215 2230
f 2257 2215 2225
f 2225 2215 2226
f 2217 2258 2216
f 2216 2258 2222
f 2217 2256 2258
f 2218 2220 2219
f 2221 2222 2259
f 2221 2259 2260
f 2261 2246 2221
f 2260 2261 2221
f 2222 2258 2259
f 2262 2224 2223
f 2223 2263 2264
f 2223 2264 2262
f 2223 2227 2265
f 2266 2263 2223
f 2265 2266 2223
f 2262 2225 2224
f 2262 2257 2225
f 2227 2228 2265
f 2228 2267 2265
f 2228 2238 2267
f 2229 2238 2228
f 2247 2238 2229
f 2244 2245 2232
f 2240 2233 2232
f 2233 2240 2239
f 2235 2234 2242
f 2268 2269 2235
f 2270 2268 2235
f 2242 2270 2235
f 2267 2235 2269
f 2235 2267 2238
f 2236 2271 2239
f 2272 2271 2236
f 2272 2236 2237
f 2250 2272 2237
f 2251 2250 2237
f 2237 2238 2247
f 2251 2237 2247
f 2250 2239 2271
f 2241 2273 2242
f 2246 2273 2241
f 2273 2270 2242
f 2243 2245 2244
f 2261 2273 2246
f 2252 2248 2253
f 2272 2250 2271
f 2264 2254 2257
f 2274 2255 2254
f 2274 2254 2264
f 2275 2276 2255
f 2275 2255 2274
f 2276 2256 2255
f 2276 2258 2256
f 2264 2257 2262
f 2259 2258 2276
f 2259 2276 2275
f 2259 2275 2277
f 2260 2259 2277
f 2277 2261 2260
f 2278 2273 2261
f 2279 2278 2261
f 2277 2279 2261
f 2263 2280 2274
f 2263 2274 2264
f 2281 2280 2263
f 2266 2281 2263
f 2265 2267 2266
f 2267 2269 2266
f 2266 2269 2281
f 2269 2268 2281
f 2268 2278 2279
f 2281 2268 2279
f 2268 2270 2278
f 2270 2273 2278
f 2280 2282 2274
f 2283 2275 2274
f 2283 2274 2282
f 2284 2277 2275
f 2284 2275 2283
f 2277 2284 2285
f 2285 2286 2277
f 2279 2277 2286
f 2281 2279 2287
f 2287 2279 2286
f 2280 2288 2282
f 2289 2288 2280
f 2290 2291 2280
f 2281 2290 2280
f 2280 2291 2289
f 2290 2281 2287
f 2284 2283 2282
f 2284 2282 2292
f 2288 2292 2282
f 2285 2284 2292
f 2285 2292 2293
f 2294 2286 2285
f 2293 2294 2285
f 2290 2287 2286
f 2294 2290 2286
f 2293 2292 2288
f 2293 2288 2289
f 2289 2291 2293
f 2290 2294 2291
f 2291 2294 2293
f 2295 2296 2297
f 2298 2296 2295
f 2298 2295 2299
f 2297 2300 2295
f 2295 2300 2301
f 2299 2295 2301
f 2296 2302 2297
f 2302 2296 2298
f 2302 2303 2297
f 2304 2305 2297
f 2297 2306 2304
f 2307 2306 2297
f 2297 2303 2307
f 2297 2308 2300
f 2297 2309 2308
f 2297 2305 2310
f 2310 2311 2297
f 2297 2311 2312
f 2312 2309 2297
f 2313 2314 2298
f 2313 2298 2299
f 2315 2298 2314
f 2302 2298 2315
f 2299 2301 2313
f 2301 2300 2308
f 2301 2316 2313
f 2316 2301 2317
f 2317 2301 2308
f 2303 2302 2315
f 2303 2315 2318
f 2307 2303 2318
f 2305 2304 2319
f 2306 2319 2304
f 2305 2319 2320
f 2321 2310 2305
f 2320 2321 2305
f 2322 2323 2306
f 2322 2306 2307
f 2306 2323 2324
f 2306 2324 2319
f 2307 2318 2322
f 2317 2308 2309
f 2325 2317 2309
f 2325 2309 2312
f 2310 2321 2311
f 2311 2326 2327
f 2312 2311 2327
f 2328 2326 2311
f 2321 2328 2311
f 2327 2325 2312
f 2329 2314 2313
f 2313 2316 2329
f 2329 2330 2314
f 2331 2314 2330
f 2315 2314 2331
f 2318 2315 2331
f 2316 2332 2329
f 2332 2316 2333
f 2333 2316 2317
f 2333 2317 2325
f 2318 2331 2334
f 2322 2318 2334
f 2335 2320 2319
f 2335 2319 2324
f 2320 2335 2336
f 2336 2337 2320
f 2321 2320 2337
f 2328 2321 2337
f 2322 2334 2338
f 2338 2323 2322
f 2338 2339 2323
f 2324 2323 2340
f 2323 2339 2340
f 2335 2324 2340
f 2341 2333 2325
f 2341 2325 2327
f 2326 2342 2343
f 2327 2326 2343
f 2344 2326 2328
f 2344 2342 2326
f 2343 2341 2327
f 2344 2328 2337
f 2345 2330 2329
f 2329 2332 2345
f 2345 2346 2330
f 2347 2330 2346
f 2331 2330 2347
f 2334 2331 2347
f 2332 2348 2345
f 2348 2332 2349
f 2349 2332 2333
f 2349 2333 2341
f 2334 2347 2350
f 2338 2334 2350
f 2336 2335 2351
f 2335 2352 2351
f 2335 2340 2352
f 2336 2351 2353
f 2354 2337 2336
f 2353 2354 2336
f 2354 2355 2337
f 2355 2344 2337
f 2338 2350 2356
f 2356 2339 2338
f 2356 2357 2339
f 2358 2339 2359
f 2360 2359 2339
f 2360 2339 2357
f 2339 2358 2340
f 2352 2340 2361
f 2361 2340 2358
f 2362 2349 2341
f 2362 2341 2343
f 2342 2363 2364
f 2343 2342 2364
f 2365 2342 2366
f 2342 2365 2367
f 2363 2342 2367
f 2344 2366 2342
f 2364 2362 2343
f 2368 2344 2355
f 2366 2344 2368
f 2369 2346 2345
f 2345 2348 2369
f 2369 2370 2346
f 2371 2346 2370
f 2347 2346 2371
f 2350 2347 2371
f 2348 2372 2369
f 2372 2348 2373
f 2373 2348 2349
f 2373 2349 2362
f 2350 2371 2374
f 2356 2350 2374
f 2353 2351 2375
f 2351 2352 2376
f 2351 2376 2375
f 2361 2376 2352
f 2353 2375 2377
f 2378 2354 2353
f 2377 2378 2353
f 2379 2355 2354
f 2378 2379 2354
f 2355 2379 2368
f 2356 2374 2380
f 2380 2357 2356
f 2380 2381 2357
f 2382 2360 2357
f 2382 2357 2381
f 2383 2384 2358
f 2383 2358 2385
f 2358 2359 2360
f 2358 2360 2385
f 2358 2384 2386
f 2358 2386 2361
f 2360 2387 2388
f 2360 2388 2385
f 2382 2387 2360
f 2389 2361 2390
f 2361 2389 2391
f 2361 2391 2392
f 2386 2390 2361
f 2361 2392 2376
f 2393 2373 2362
f 2393 2362 2364
f 2363 2394 2395
f 2364 2363 2395
f 2363 2367 2396
f 2394 2363 2396
f 2395 2393 2364
f 2367 2365 2366
f 2366 2397 2398
f 2399 2366 2398
f 2399 2367 2366
f 2400 2397 2366
f 2368 2400 2366
f 2401 2402 2367
f 2399 2401 2367
f 2367 2402 2396
f 2403 2368 2389
f 2391 2389 2368
f 2404 2391 2368
f 2368 2403 2400
f 2379 2404 2368
f 2370 2369 2405
f 2405 2369 2372
f 2371 2370 2406
f 2406 2370 2405
f 2407 2374 2371
f 2407 2371 2406
f 2408 2372 2373
f 2405 2372 2408
f 2373 2393 2409
f 2408 2373 2409
f 2410 2380 2374
f 2410 2374 2407
f 2411 2412 2375
f 2375 2413 2411
f 2375 2392 2413
f 2392 2375 2376
f 2377 2375 2405
f 2375 2414 2405
f 2412 2414 2375
f 2405 2378 2377
f 2378 2415 2416
f 2416 2417 2378
f 2417 2404 2378
f 2379 2378 2404
f 2405 2418 2378
f 2378 2418 2415
f 2410 2381 2380
f 2414 2382 2381
f 2410 2414 2381
f 2414 2412 2382
f 2382 2419 2387
f 2419 2382 2420
f 2420 2382 2412
f 2421 2422 2383
f 2422 2384 2383
f 2383 2385 2419
f 2423 2383 2419
f 2421 2383 2423
f 2424 2425 2384
f 2422 2426 2384
f 2384 2425 2386
f 2384 2427 2424
f 2384 2426 2427
f 2385 2388 2419
f 2390 2386 2428
f 2429 2428 2386
f 2429 2386 2425
f 2419 2430 2387
f 2430 2388 2387
f 2430 2431 2388
f 2431 2432 2388
f 2388 2432 2419
f 2389 2390 2433
f 2433 2403 2389
f 2433 2390 2434
f 2390 2428 2434
f 2435 2436 2391
f 2391 2436 2437
f 2391 2437 2438
f 2438 2392 2391
f 2391 2439 2435
f 2440 2439 2391
f 2441 2440 2391
f 2391 2404 2441
f 2438 2442 2392
f 2392 2442 2413
f 2393 2395 2443
f 2409 2393 2443
f 2395 2394 2443
f 2394 2396 2418
f 2394 2418 2443
f 2396 2415 2418
f 2402 2444 2396
f 2445 2396 2444
f 2415 2396 2445
f 2397 2446 2447
f 2398 2397 2448
f 2397 2449 2448
f 2400 2446 2397
f 2447 2450 2397
f 2450 2449 2397
f 2398 2448 2451
f 2444 2399 2398
f 2444 2398 2452
f 2452 2398 2451
f 2444 2401 2399
f 2453 2400 2403
f 2400 2453 2454
f 2446 2400 2454
f 2401 2455 2456
f 2402 2401 2456
f 2401 2457 2455
f 2444 2457 2401
f 2402 2456 2444
f 2458 2403 2433
f 2458 2453 2403
f 2404 2459 2441
f 2417 2459 2404
f 2407 2406 2405
f 2410 2407 2405
f 2414 2410 2405
f 2405 2408 2409
f 2405 2409 2443
f 2405 2443 2418
f 2412 2411 2420
f 2421 2420 2411
f 2460 2421 2411
f 2460 2411 2461
f 2411 2442 2461
f 2442 2411 2413
f 2445 2416 2415
f 2416 2445 2451
f 2416 2451 2462
f 2463 2416 2462
f 2463 2459 2416
f 2417 2416 2459
f 2419 2432 2430
f 2419 2420 2423
f 2421 2423 2420
f 2421 2464 2422
f 2464 2421 2460
f 2422 2464 2465
f 2426 2422 2465
f 2429 2425 2424
f 2424 2466 2467
f 2424 2467 2468
f 2424 2468 2429
f 2466 2424 2469
f 2427 2469 2424
f 2426 2465 2460
f 2426 2460 2461
f 2442 2427 2426
f 2442 2426 2461
f 2438 2427 2442
f 2469 2427 2437
f 2437 2427 2438
f 2429 2470 2428
f 2428 2470 2434
f 2429 2468 2470
f 2430 2432 2431
f 2433 2434 2471
f 2433 2471 2472
f 2473 2458 2433
f 2472 2473 2433
f 2434 2470 2471
f 2474 2436 2435
f 2435 2475 2476
f 2435 2476 2474
f 2435 2439 2477
f 2478 2475 2435
f 2477 2478 2435
f 2474 2437 2436
f 2474 2469 2437
f 2439 2440 2477
f 2440 2479 2477
f 2440 2450 2479
f 2441 2450 2440
f 2459 2450 2441
f 2456 2457 2444
f 2452 2445 2444
f 2445 2452 2451
f 2447 2446 2454
f 2480 2481 2447
f 2482 2480 2447
f 2454 2482 2447
f 2479 2447 2481
f 2447 2479 2450
f 2448 2483 2451
f 2484 2483 2448
f 2484 2448 2449
f 2462 2484 2449
f 2463 2462 2449
f 2449 2450 2459
f 2463 2449 2459
f 2462 2451 2483
f 2453 2485 2454
f 2458 2485 2453
f 2485 2482 2454
f 2455 2457 2456
f 2473 2485 2458
f 2464 2460 2465
f 2484 2462 2483
f 2476 2466 2469
f 2486 2467 2466
f 2486 2466 2476
f 2487 2488 2467
f 2487 2467 2486
f 2488 2468 2467
f 2488 2470 2468
f 2476 2469 2474
f 2471 2470 2488
f 2471 2488 2487
f 2471 2487 2489
f 2472 2471 2489
f 2489 2473 2472
f 2490 2485 2473
f 2491 2490 2473
f 2489 2491 2473
f 2475 2492 2486
f 2475 2486 2476
f 2493 2492 2475
f 2478 2493 2475
f 2477 2479 2478
f 2479 2481 2478
f 2478 2481 2493
f 2481 2480 2493
f 2480 2490 2491
f 2493 2480 2491
f 2480 2482 2490
f 2482 2485 2490
f 2492 2494 2486
f 2495 2487 2486
f 2495 2486 2494
f 2496 2489 2487
f 2496 2487 2495
f 2489 2496 2497
f 2497 2498 2489
f 2491 2489 2498
f 2493 2491 2499
f 2499 2491 2498
f 2492 2500 2494
f 2501 2500 2492
f 2502 2503 2492
f 2493 2502 2492
f 2492 2503 2501
f 2502 2493 2499
f 2496 2495 2494
f 2496 2494 2504
f 2500 2504 2494
f 2497 2496 2504
f 2497 2504 2505
f 2506 2498 2497
f 2505 2506 2497
f 2502 2499 2498
f 2506 2502 2498
f 2505 2504 2500
f 2505 2500 2501
f 2501 2503 2505
f 2502 2506 2503
f 2503 2506 2505
f 2507 2508 2509
f 2510 2508 2507
f 2510 2507 2511
f 2509 2512 2507
f 2507 2512 2513
f 2511 2507 2513
f 2508 2514 2509
f 2514 2508 2510
f 2514 2515 2509
f 2516 2517 2509
f 2509 2518 2516
f 2519 2518 2509
f 2509 2515 2519
f 2509 2520 2512
f 2509 2521 2520
f 2509 2517 2522
f 2522 2523 2509
f 2509 2523 2524
f 2524 2521 2509
f 2525 2526 2510
f 2525 2510 2511
f 2527 2510 2526
f 2514 2510 2527
f 2511 2513 2525
f 2513 2512 2520
f 2513 2528 2525
f 2528 2513 2529
f 2529 2513 2520
f 2515 2514 2527
f 2515 2527 2530
f 2519 2515 2530
f 2517 2516 2531
f 2518 2531 2516
f 2517 2531 2532
f 2533 2522 2517
f 2532 2533 2517
f 2534 2535 2518
f 2534 2518 2519
f 2518 2535 2536
f 2518 2536 2531
f 2519 2530 2534
f 2529 2520 2521
f 2537 2529 2521
f 2537 2521 2524
f 2522 2533 2523
f 2523 2538 2539
f 2524 2523 2539
f 2540 2538 2523
f 2533 2540 2523
f 2539 2537 2524
f 2541 2526 2525
f 2525 2528 2541
f 2541 2542 2526
f 2543 2526 2542
f 2527 2526 2543
f 2530 2527 2543
f 2528 2544 2541
f 2544 2528 2545
f 2545 2528 2529
f 2545 2529 2537
f 2530 2543 2546
f 2534 2530 2546
f 2547 2532 2531
f 2547 2531 2536
f 2532 2547 2548
f 2548 2549 2532
f 2533 2532 2549
f 2540 2533 2549
f 2534 2546 2550
f 2550 2535 2534
f 2550 2551 2535
f 2536 2535 2552
f 2535 2551 2552
f 2547 2536 2552
f 2553 2545 2537
f 2553 2537 2539
f 2538 2554 2555
f 2539 2538 2555
f 2556 2538 2540
f 2556 2554 2538
f 2555 2553 2539
f 2556 2540 2549
f 2557 2542 2541
f 2541 2544 2557
f 2557 2558 2542
f 2559 2542 2558
f 2543 2542 2559
f 2546 2543 2559
f 2544 2560 2557
f 2560 2544 2561
f 2561 2544 2545
f 2561 2545 2553
f 2546 2559 2562
f 2550 2546 2562
f 2548 2547 2563
f 2547 2564 2563
f 2547 2552 2564
f 2548 2563 2565
f 2566 2549 2548
f 2565 2566 2548
f 2566 2567 2549
f 2567 2556 2549
f 2550 2562 2568
f 2568 2551 2550
f 2568 2569 2551
f 2570 2551 2571
f 2572 2571 2551
f 2572 2551 2569
f 2551 2570 2552
f 2564 2552 2573
f 2573 2552 2570
f 2574 2561 2553
f 2574 2553 2555
f 2554 2575 2576
f 2555 2554 2576
f 2577 2554 2578
f 2554 2577 2579
f 2575 2554 2579
f 2556 2578 2554
f 2576 2574 2555
f 2580 2556 2567
f 2578 2556 2580
f 2581 2558 2557
f 2557 2560 2581
f 2581 2582 2558
f 2583 2558 2582
f 2559 2558 2583
f 2562 2559 2583
f 2560 2584 2581
f 2584 2560 2585
f 2585 2560 2561
f 2585 2561 2574
f 2562 2583 2586
f 2568 2562 2586
f 2565 2563 2587
f 2563 2564 2588
f 2563 2588 2587
f 2573 2588 2564
f 2565 2587 2589
f 2590 2566 2565
f 2589 2590 2565
f 2591 2567 2566
f 2590 2591 2566
f 2567 2591 2580
f 2568 2586 2592
f 2592 2569 2568
f 2592 2593 2569
f 2594 2572 2569
f 2594 2569 2593
f 2595 2596 2570
f 2595 2570 2597
f 2570 2571 2572
f 2570 2572 2597
f 2570 2596 2598
f 2570 2598 2573
f 2572 2599 2600
f 2572 2600 2597
f 2594 2599 2572
f 2601 2573 2602
f 2573 2601 2603
f 2573 2603 2604
f 2598 2602 2573
f 2573 2604 2588
f 2605 2585 2574
f 2605 2574 2576
f 2575 2606 2607
f 2576 2575 2607
f 2575 2579 2608
f 2606 2575 2608
f 2607 2605 2576
f 2579 2577 2578
f 2578 2609 2610
f 2611 2578 2610
f 2611 2579 2578
f 2612 2609 2578
f 2580 2612 2578
f 2613 2614 2579
f 2611 2613 2579
f 2579 2614 2608
f 2615 2580 2601
f 2603 2601 2580
f 2616 2603 2580
f 2580 2615 2612
f 2591 2616 2580
f 2582 2581 2617
f 2617 2581 2584
f 2583 2582 2618
f 2618 2582 2617
f 2619 2586 2583
f 2619 2583 2618
f 2620 2584 2585
f 2617 2584 2620
f 2585 2605 2621
f 2620 2585 2621
f 2622 2592 2586
f 2622 2586 2619
f 2623 2624 2587
f 2587 2625 2623
f 2587 2604 2625
f 2604 2587 2588
f 2589 2587 2617
f 2587 2626 2617
f 2624 2626 2587
f 2617 2590 2589
f 2590 2627 2628
f 2628 2629 2590
f 2629 2616 2590
f 2591 2590 2616
f 2617 2630 2590
f 2590 2630 2627
f 2622 2593 2592
f 2626 2594 2593
f 2622 2626 2593
f 2626 2624 2594
f 2594 2631 2599
f 2631 2594 2632
f 2632 2594 2624
f 2633 2634 2595
f 2634 2596 2595
f 2595 2597 2631
f 2635 2595 2631
f 2633 2595 2635
f 2636 2637 2596
f 2634 2638 2596
f 2596 2637 2598
f 2596 2639 2636
f 2596 2638 2639
f 2597 2600 2631
f 2602 2598 2640
f 2641 2640 2598
f 2641 2598 2637
f 2631 2642 2599
f 2642 2600 2599
f 2642 2643 2600
f 2643 2644 2600
f 2600 2644 2631
f 2601 2602 2645
f 2645 2615 2601
f 2645 2602 2646
f 2602 2640 2646
f 2647 2648 2603
f 2603 2648 2649
f 2603 2649 2650
f 2650 2604 2603
f 2603 2651 2647
f 2652 2651 2603
f 2653 2652 2603
f 2603 2616 2653
f 2650 2654 2604
f 2604 2654 2625
f 2605 2607 2655
f 2621 2605 2655
f 2607 2606 2655
f 2606 2608 2630
f 2606 2630 2655
f 2608 2627 2630
f 2614 2656 2608
f 2657 2608 2656
f 2627 2608 2657
f 2609 2658 2659
f 2610 2609 2660
f 2609 2661 2660
f 2612 2658 2609
f 2659 2662 2609
f 2662 2661 2609
f 2610 2660 2663
f 2656 2611 2610
f 2656 2610 2664
f 2664 2610 2663
f 2656 2613 2611
f 2665 2612 2615
f 2612 2665 2666
f 2658 2612 2666
f 2613 2667 2668
f 2614 2613 2668
f 2613 2669 2667
f 2656 2669 2613
f 2614 2668 2656
f 2670 2615 2645
f 2670 2665 2615
f 2616 2671 2653
f 2629 2671 2616
f 2619 2618 2617
f 2622 2619 2617
f 2626 2622 2617
f 2617 2620 2621
f 2617 2621 2655
f 2617 2655 2630
f 2624 2623 2632
f 2633 2632 2623
f 2672 2633 2623
f 2672 2623 2673
f 2623 2654 2673
f 2654 2623 2625
f 2657 2628 2627
f 2628 2657 2663
f 2628 2663 2674
f 2675 2628 2674
f 2675 2671 2628
f 2629 2628 2671
f 2631 2644 2642
f 2631 2632 2635
f 2633 2635 2632
f 2633 2676 2634
f 2676 2633 2672
f 2634 2676 2677
f 2638 2634 2677
f 2641 2637 2636
f 2636 2678 2679
f 2636 2679 2680
f 2636 2680 2641
f 2678 2636 2681
f 2639 2681 2636
f 2638 2677 2672
f 2638 2672 2673
f 2654 2639 2638
f 2654 2638 2673
f 2650 2639 2654
f 2681 2639 2649
f 2649 2639 2650
f 2641 2682 2640
f 2640 2682 2646
f 2641 2680 2682
f 2642 2644 2643
f 2645 2646 2683
f 2645 2683 2684
f 2685 2670 2645
f 2684 2685 2645
f 2646 2682 2683
f 2686 2648 2647
f 2647 2687 2688
f 2647 2688 2686
f 2647 2651 2689
f 2690 2687 2647
f 2689 2690 2647
f 2686 2649 2648
f 2686 2681 2649
f 2651 2652 2689
f 2652 2691 2689
f 2652 2662 2691
f 2653 2662 2652
f 2671 2662 2653
f 2668 2669 2656
f 2664 2657 2656
f 2657 2664 2663
f 2659 2658 2666
f 2692 2693 2659
f 2694 2692 2659
f 2666 2694 2659
f 2691 2659 2693
f 2659 2691 2662
f 2660 2695 2663
f 2696 2695 2660
f 2696 2660 2661
f 2674 2696 2661
f 2675 2674 2661
f 2661 2662 2671
f 2675 2661 2671
f 2674 2663 2695
f 2665 2697 2666
f 2670 2697 2665
f 2697 2694 2666
f 2667 2669 2668
f 2685 2697 2670
f 2676 2672 2677
f 2696 2674 2695
f 2688 2678 2681
f 2698 2679 2678
f 2698 2678 2688
f 2699 2700 2679
f 2699 2679 2698
f 2700 2680 2679
f 2700 2682 2680
f 2688 2681 2686
f 2683 2682 2700
f 2683 2700 2699
f 2683 2699 2701
f 2684 2683 2701
f 2701 2685 2684
f 2702 2697 2685
f 2703 2702 2685
f 2701 2703 2685
f 2687 2704 2698
f 2687 2698 2688
f 2705 2704 2687
f 2690 2705 2687
f 2689 2691 2690
f 2691 2693 2690
f 2690 2693 2705
f 2693 2692 2705
f 2692 2702 2703
f 2705 2692 2703
f 2692 2694 2702
f 2694 2697 2702
f 2704 2706 2698
f 2707 2699 2698
f 2707 2698 2706
f 2708 2701 2699
f 2708 2699 2707
f 2701 2708 2709
f 2709 2710 2701
f 2703 2701 2710
f 2705 2703 2711
f 2711 2703 2710
f 2704 2712 2706
f 2713 2712 2704
f 2714 2715 2704
f 2705 2714 2704
f 2704 2715 2713
f 2714 2705 2711
f 2708 2707 2706
f 2708 2706 2716
f 2712 2716 2706
f 2709 2708 2716
f 2709 2716 2717
f 2718 2710 2709
f 2717 2718 2709
f 2714 2711 2710
f 2718 2714 2710
f 2717 2716 2712
f 2717 2712 2713
f 2713 2715 2717
f 2714 2718 2715
f 2715 2718 2717
f 2719 2720 2721
f 2722 2720 2719
f 2722 2719 2723
f 2721 2724 2719
f 2719 2724 2725
f 2723 2719 2725
f 2720 2726 2721
f 2726 2720 2722
f 2726 2727 2721
f 2728 2729 2721
f 2721 2730 2728
f 2731 2730 2721
f 2721 2727 2731
f 2721 2732 2724
f 2721 2733 2732
f 2721 2729 2734
f 2734 2735 2721
f 2721 2735 2736
f 2736 2733 2721
f 2737 2738 2722
f 2737 2722 2723
f 2739 2722 2738
f 2726 2722 2739
f 2723 2725 2737
f 2725 2724 2732
f 2725 2740 2737
f 2740 2725 2741
f 2741 2725 2732
f 2727 2726 2739
f 2727 2739 2742
f 2731 2727 2742
f 2729 2728 2743
f 2730 2743 2728
f 2729 2743 2744
f 2745 2734 2729
f 2744 2745 2729
f 2746 2747 2730
f 2746 2730 2731
f 2730 2747 2748
f 2730 2748 2743
f 2731 2742 2746
f 2741 2732 2733
f 2749 2741 2733
f 2749 2733 2736
f 2734 2745 2735
f 2735 2750 2751
f 2736 2735 2751
f 2752 2750 2735
f 2745 2752 2735
f 2751 2749 2736
f 2753 2738 2737
f 2737 2740 2753
f 2753 2754 2738
f 2755 2738 2754
f 2739 2738 2755
f 2742 2739 2755
f 2740 2756 2753
f 2756 2740 2757
f 2757 2740 2741
f 2757 2741 2749
f 2742 2755 2758
f 2746 2742 2758
f 2759 2744 2743
f 2759 2743 2748
f 2744 2759 2760
f 2760 2761 2744
f 2745 2744 2761
f 2752 2745 2761
f 2746 2758 2762
f 2762 2747 2746
f 2762 2763 2747
f 2748 2747 2764
f 2747 2763 2764
f 2759 2748 2764
f 2765 2757 2749
f 2765 2749 2751
f 2750 2766 2767
f 2751 2750 2767
f 2768 2750 2752
f 2768 2766 2750
f 2767 2765 2751
f 2768 2752 2761
f 2769 2754 2753
f 2753 2756 2769
f 2769 2770 2754
f 2771 2754 2770
f 2755 2754 2771
f 2758 2755 2771
f 2756 2772 2769
f 2772 2756 2773
f 2773 2756 2757
f 2773 2757 2765
f 2758 2771 2774
f 2762 2758 2774
f 2760 2759 2775
f 2759 2776 2775
f 2759 2764 2776
f 2760 2775 2777
f 2778 2761 2760
f 2777 2778 2760
f 2778 2779 2761
f 2779 2768 2761
f 2762 2774 2780
f 2780 2763 2762
f 2780 2781 2763
f 2782 2763 2783
f 2784 2783 2763
f 2784 2763 2781
f 2763 2782 2764
f 2776 2764 2785
f 2785 2764 2782
f 2786 2773 2765
f 2786 2765 2767
f 2766 2787 2788
f 2767 2766 2788
f 2789 2766 2790
f 2766 2789 2791
f 2787 2766 2791
f 2768 2790 2766
f 2788 2786 2767
f 2792 2768 2779
f 2790 2768 2792
f 2793 2770 2769
f 2769 2772 2793
f 2793 2794 2770
f 2795 2770 2794
f 2771 2770 2795
f 2774 2771 2795
f 2772 2796 2793
f 2796 2772 2797
f 2797 2772 2773
f 2797 2773 2786
f 2774 2795 2798
f 2780 2774 2798
f 2777 2775 2799
f 2775 2776 2800
f 2775 2800 2799
f 2785 2800 2776
f 2777 2799 2801
f 2802 2778 2777
f 2801 2802 2777
f 2803 2779 2778
f 2802 2803 2778
f 2779 2803 2792
f 2780 2798 2804
f 2804 2781 2780
f 2804 2805 2781
f 2806 2784 2781
f 2806 2781 2805
f 2807 2808 2782
f 2807 2782 2809
f 2782 2783 2784
f 2782 2784 2809
f 2782 2808 2810
f 2782 2810 2785
f 2784 2811 2812
f 2784 2812 2809
f 2806 2811 2784
f 2813 2785 2814
f 2785 2813 2815
f 2785 2815 2816
f 2810 2814 2785
f 2785 2816 2800
f 2817 2797 2786
f 2817 2786 2788
f 2787 2818 2819
f 2788 2787 2819
f 2787 2791 2820
f 2818 2787 2820
f 2819 2817 2788
f 2791 2789 2790
f 2790 2821 2822
f 2823 2790 2822
f 2823 2791 2790
f 2824 2821 2790
f 2792 2824 2790
f 2825 2826 2791
f 2823 2825 2791
f 2791 2826 2820
f 2827 2792 2813
f 2815 2813 2792
f 2828 2815 2792
f 2792 2827 2824
f 2803 2828 2792
f 2794 2793 2829
f 2829 2793 2796
f 2795 2794 2830
f 2830 2794 2829
f 2831 2798 2795
f 2831 2795 2830
f 2832 2796 2797
f 2829 2796 2832
f 2797 2817 2833
f 2832 2797 2833
f 2834 2804 2798
f 2834 2798 2831
f 2835 2836 2799
f 2799 2837 2835
f 2799 2816 2837
f 2816 2799 2800
f 2801 2799 2829
f 2799 2838 2829
f 2836 2838 2799
f 2829 2802 2801
f 2802 2839 2840
f 2840 2841 2802
f 2841 2828 2802
f 2803 2802 2828
f 2829 2842 2802
f 2802 2842 2839
f 2834 2805 2804
f 2838 2806 2805
f 2834 2838 2805
f 2838 2836 2806
f 2806 2843 2811
f 2843 2806 2844
f 2844 2806 2836
f 2845 2846 2807
f 2846 2808 2807
f 2807 2809 2843
f 2847 2807 2843
f 2845 2807 2847
f 2848 2849 2808
f 2846 2850 2808
f 2808 2849 2810
f 2808 2851 2848
f 2808 2850 2851
f 2809 2812 2843
f 2814 2810 2852
f 2853 2852 2810
f 2853 2810 2849
f 2843 2854 2811
f 2854 2812 2811
f 2854 2855 2812
f 2855 2856 2812
f 2812 2856 2843
f 2813 2814 2857
f 2857 2827 2813
f 2857 2814 2858
f 2814 2852 2858
f 2859 2860 2815
f 2815 2860 2861
f 2815 2861 2862
f 2862 2816 2815
f 2815 2863 2859
f 2864 2863 2815
f 2865 2864 2815
f 2815 2828 2865
f 2862 2866 2816
f 2816 2866 2837
f 2817 2819 2867
f 2833 2817 2867
f 2819 2818 2867
f 2818 2820 2842
f 2818 2842 2867
f 2820 2839 2842
f 2826 2868 2820
f 2869 2820 2868
f 2839 2820 2869
f 2821 2870 2871
f 2822 2821 2872
f 2821 2873 2872
f 2824 2870 2821
f 2871 2874 2821
f 2874 2873 2821
f 2822 2872 2875
f 2868 2823 2822
f 2868 2822 2876
f 2876 2822 2875
f 2868 2825 2823
f 2877 2824 2827
f 2824 2877 2878
f 2870 2824 2878
f 2825 2879 2880
f 2826 2825 2880
f 2825 2881 2879
f 2868 2881 2825
f 2826 2880 2868
f 2882 2827 2857
f 2882 2877 2827
f 2828 2883 2865
f 2841 2883 2828
f 2831 2830 2829
f 2834 2831 2829
f 2838 2834 2829
f 2829 2832 2833
f 2829 2833 2867
f 2829 2867 2842
f 2836 2835 2844
f 2845 2844 2835
f 2884 2845 2835
f 2884 2835 2885
f 2835 2866 2885
f 2866 2835 2837
f 2869 2840 2839
f 2840 2869 2875
f 2840 2875 2886
f 2887 2840 2886
f 2887 2883 2840
f 2841 2840 2883
f 2843 2856 2854
f 2843 2844 2847
f 2845 2847 2844
f 2845 2888 2846
f 2888 2845 2884
f 2846 2888 2889
f 2850 2846 2889
f 2853 2849 2848
f 2848 2890 2891
f 2848 2891 2892
f 2848 2892 2853
f 2890 2848 2893
f 2851 2893 2848
f 2850 2889 2884
f 2850 2884 2885
f 2866 2851 2850
f 2866 2850 2885
f 2862 2851 2866
f 2893 2851 2861
f 2861 2851 2862
f 2853 2894 2852
f 2852 2894 2858
f 2853 2892 2894
f 2854 2856 2855
f 2857 2858 2895
f 2857 2895 2896
f 2897 2882 2857
f 2896 2897 2857
f 2858 2894 2895
f 2898 2860 2859
f 2859 2899 2900
f 2859 2900 2898
f 2859 2863 2901
f 2902 2899 2859
f 2901 2902 2859
f 2898 2861 2860
f 2898 2893 2861
f 2863 2864 2901
f 2864 2903 2901
f 2864 2874 2903
f 2865 2874 2864
f 2883 2874 2865
f 2880 2881 2868
f 2876 2869 2868
f 2869 2876 2875
f 2871 2870 2878
f 2904 2905 2871
f 2906 2904 2871
f 2878 2906 2871
f 2903 2871 2905
f 2871 2903 2874
f 2872 2907 2875
f 2908 2907 2872
f 2908 2872 2873
f 2886 2908 2873
f 2887 2886 2873
f 2873 2874 2883
f 2887 2873 2883
f 2886 2875 2907
f 2877 2909 2878
f 2882 2909 2877
f 2909 2906 2878
f 2879 2881 2880
f 2897 2909 2882
f 2888 2884 2889
f 2908 2886 2907
f 2900 2890 2893
f 2910 2891 2890
f 2910 2890 2900
f 2911 2912 2891
f 2911 2891 2910
f 2912 2892 2891
f 2912 2894 2892
f 2900 2893 2898
f 2895 2894 2912
f 2895 2912 2911
f 2895 2911 2913
f 2896 2895 2913
f 2913 2897 2896
f 2914 2909 2897
f 2915 2914 2897
f 2913 2915 2897
f 2899 2916 2910
f 2899 2910 2900
f 2917 2916 2899
f 2902 2917 2899
f 2901 2903 2902
f 2903 2905 2902
f 2902 2905 2917
f 2905 2904 2917
f 2904 2914 2915
f 2917 2904 2915
f 2904 2906 2914
f 2906 2909 2914
f 2916 2918 2910
f 2919 2911 2910
f 2919 2910 2918
f 2920 2913 2911
f 2920 2911 2919
f 2913 2920 2921
f 2921 2922 2913
f 2915 2913 2922
f 2917 2915 2923
f 2923 2915 2922
f 2916 2924 2918
f 2925 2924 2916
f 2926 2927 2916
f 2917 2926 2916
f 2916 2927 2925
f 2926 2917 2923
f 2920 2919 2918
f 2920 2918 2928
f 2924 2928 2918
f 2921 2920 2928
f 2921 2928 2929
f 2930 2922 2921
f 2929 2930 2921
f 2926 2923 2922
f 2930 2926 2922
f 2929 2928 2924
f 2929 2924 2925
f 2925 2927 2929
f 2926 2930 2927
f 2927 2930 2929
f 2931 2932 2933
f 2934 2932 2931
f 2934 2931 2935
f 2933 2936 2931
f 2931 2936 2937
f 2935 2931 2937
f 2932 2938 2933
f 2938 2932 2934
f 2938 2939 2933
f 2940 2941 2933
f 2933 2942 2940
f 2943 2942 2933
f 2933 2939 2943
f 2933 2944 2936
f 2933 2945 2944
f 2933 2941 2946
f 2946 2947 2933
f 2933 2947 2948
f 2948 2945 2933
f 2949 2950 2934
f 2949 2934 2935
f 2951 2934 2950
f 2938 2934 2951
f 2935 2937 2949
f 2937 2936 2944
f 2937 2952 2949
f 2952 2937 2953
f 2953 2937 2944
f 2939 2938 2951
f 2939 2951 2954
f 2943 2939 2954
f 2941 2940 2955
f 2942 2955 2940
f 2941 2955 2956
f 2957 2946 2941
f 2956 2957 2941
f 2958 2959 2942
f 2958 2942 2943
f 2942 2959 2960
f 2942 2960 2955
f 2943 2954 2958
f 2953 2944 2945
f 2961 2953 2945
f 2961 2945 2948
f 2946 2957 2947
f 2947 2962 2963
f 2948 2947 2963
f 2964 2962 2947
f 2957 2964 2947
f 2963 2961 2948
f 2965 2950 2949
f 2949 2952 2965
f 2965 2966 2950
f 2967 2950 2966
f 2951 2950 2967
f 2954 2951 2967
f 2952 2968 2965
f 2968 2952 2969
f 2969 2952 2953
f 2969 2953 2961
f 2954 2967 2970
f 2958 2954 2970
f 2971 2956 2955
f 2971 2955 2960
f 2956 2971 2972
f 2972 2973 2956
f 2957 2956 2973
f 2964 2957 2973
f 2958 2970 2974
f 2974 2959 2958
f 2974 2975 2959
f 2960 2959 2976
f 2959 2975 2976
f 2971 2960 2976
f 2977 2969 2961
f 2977 2961 2963
f 2962 2978 2979
f 2963 2962 2979
f 2980 2962 2964
f 2980 2978 2962
f 2979 2977 2963
f 2980 2964 2973
f 2981 2966 2965
f 2965 2968 2981
f 2981 2982 2966
f 2983 2966 2982
f 2967 2966 2983
f 2970 2967 2983
f 2968 2984 2981
f 2984 2968 2985
f 2985 2968 2969
f 2985 2969 2977
f 2970 2983 2986
f 2974 2970 2986
f 2972 2971 2987
f 2971 2988 2987
f 2971 2976 2988
f 2972 2987 2989
f 2990 2973 2972
f 2989 2990 2972
f 2990 2991 2973
f 2991 2980 2973
f 2974 2986 2992
f 2992 2975 2974
f 2992 2993 2975
f 2994 2975 2995
f 2996 2995 2975
f 2996 2975 2993
f 2975 2994 2976
f 2988 2976 2997
f 2997 2976 2994
f 2998 2985 2977
f 2998 2977 2979
f 2978 2999 3000
f 2979 2978 3000
f 3001 2978 3002
f 2978 3001 3003
f 2999 2978 3003
f 2980 3002 2978
f 3000 2998 2979
f 3004 2980 2991
f 3002 2980 3004
f 3005 2982 2981
f 2981 2984 3005
f 3005 3006 2982
f 3007 2982 3006
f 2983 2982 3007
f 2986 2983 3007
f 2984 3008 3005
f 3008 2984 3009
f 3009 2984 2985
f 3009 2985 2998
f 2986 3007 3010
f 2992 2986 3010
f 2989 2987 3011
f 2987 2988 3012
f 2987 3012 3011
f 2997 3012 2988
f 2989 3011 3013
f 3014 2990 2989
f 3013 3014 2989
f 3015 2991 2990
f 3014 3015 2990
f 2991 3015 3004
f 2992 3010 3016
f 3016 2993 2992
f 3016 3017 2993
f 3018 2996 2993
f 3018 2993 3017
f 3019 3020 2994
f 3019 2994 3021
f 2994 2995 2996
f 2994 2996 3021
f 2994 3020 3022
f 2994 3022 2997
f 2996 3023 3024
f 2996 3024 3021
f 3018 3023 2996
f 3025 2997 3026
f 2997 3025 3027
f 2997 3027 3028
f 3022 3026 2997
f 2997 3028 3012
f 3029 3009 2998
f 3029 2998 3000
f 2999 3030 3031
f 3000 2999 3031
f 2999 3003 3032
f 3030 2999 3032
f 3031 3029 3000
f 3003 3001 3002
f 3002 3033 3034
f 3035 3002 3034
f 3035 3003 3002
f 3036 3033 3002
f 3004 3036 3002
f 3037 3038 3003
f 3035 3037 3003
f 3003 3038 3032
f 3039 3004 3025
f 3027 3025 3004
f 3040 3027 3004
f 3004 3039 3036
f 3015 3040 3004
f 3006 3005 3041
f 3041 3005 3008
f 3007 3006 3042
f 3042 3006 3041
f 3043 3010 3007
f 3043 3007 3042
f 3044 3008 3009
f 3041 3008 3044
f 3009 3029 3045
f 3044 3009 3045
f 3046 3016 3010
f 3046 3010 3043
f 3047 3048 3011
f 3011 3049 3047
f 3011 3028 3049
f 3028 3011 3012
f 3013 3011 3041
f 3011 3050 3041
f 3048 3050 3011
f 3041 3014 3013
f 3014 3051 3052
f 3052 3053 3014
f 3053 3040 3014
f 3015 3014 3040
f 3041 3054 3014
f 3014 3054 3051
f 3046 3017 3016
f 3050 3018 3017
f 3046 3050 3017
f 3050 3048 3018
f 3018 3055 3023
f 3055 3018 3056
f 3056 3018 3048
f 3057 3058 3019
f 3058 3020 3019
f 3019 3021 3055
f 3059 3019 3055
f 3057 3019 3059
f 3060 3061 3020
f 3058 3062 3020
f 3020 3061 3022
f 3020 3063 3060
f 3020 3062 3063
f 3021 3024 3055
f 3026 3022 3064
f 3065 3064 3022
f 3065 3022 3061
f 3055 3066 3023
f 3066 3024 3023
f 3066 3067 3024
f 3067 3068 3024
f 3024 3068 3055
f 3025 3026 3069
f 3069 3039 3025
f 3069 3026 3070
f 3026 3064 3070
f 3071 3072 3027
f 3027 3072 3073
f 3027 3073 3074
f 3074 3028 3027
f 3027 3075 3071
f 3076 3075 3027
f 3077 3076 3027
f 3027 3040 3077
f 3074 3078 3028
f 3028 3078 3049
f 3029 3031 3079
f 3045 3029 3079
f 3031 3030 3079
f 3030 3032 3054
f 3030 3054 3079
f 3032 3051 3054
f 3038 3080 3032
f 3081 3032 3080
f 3051 3032 3081
f 3033 3082 3083
f 3034 3033 3084
f 3033 3085 3084
f 3036 3082 3033
f 3083 3086 3033
f 3086 3085 3033
f 3034 3084 3087
f 3080 3035 3034
f 3080 3034 3088
f 3088 3034 3087
f 3080 3037 3035
f 3089 3036 3039
f 3036 3089 3090
f 3082 3036 3090
f 3037 3091 3092
f 3038 3037 3092
f 3037 3093 3091
f 3080 3093 3037
f 3038 3092 3080
f 3094 3039 3069
f 3094 3089 3039
f 3040 3095 3077
f 3053 3095 3040
f 3043 3042 3041
f 3046 3043 3041
f 3050 3046 3041
f 3041 3044 3045
f 3041 3045 3079
f 3041 3079 3054
f 3048 3047 3056
f 3057 3056 3047
f 3096 3057 3047
f 3096 3047 3097
f 3047 3078 3097
f 3078 3047 3049
f 3081 3052 3051
f 3052 3081 3087
f 3052 3087 3098
f 3099 3052 3098
f 3099 3095 3052
f 3053 3052 3095
f 3055 3068 3066
f 3055 3056 3059
f 3057 3059 3056
f 3057 3100 3058
f 3100 3057 3096
f 3058 3100 3101
f 3062 3058 3101
f 3065 3061 3060
f 3060 3102 3103
f 3060 3103 3104
f 3060 3104 3065
f 3102 3060 3105
f 3063 3105 3060
f 3062 3101 3096
f 3062 3096 3097
f 3078 3063 3062
f 3078 3062 3097
f 3074 3063 3078
f 3105 3063 3073
f 3073 3063 3074
f 3065 3106 3064
f 3064 3106 3070
f 3065 3104 3106
f 3066 3068 3067
f 3069 3070 3107
f 3069 3107 3108
f 3109 3094 3069
f 3108 3109 3069
f 3070 3106 3107
f 3110 3072 3071
f 3071 3111 3112
f 3071 3112 3110
f 3071 3075 3113
f 3114 3111 3071
f 3113 3114 3071
f 3110 3073 3072
f 3110 3105 3073
f 3075 3076 3113
f 3076 3115 3113
f 3076 3086 3115
f 3077 3086 3076
f 3095 3086 3077
f 3092 3093 3080
f 3088 3081 3080
f 3081 3088 3087
f 3083 3082 3090
f 3116 3117 3083
f 3118 3116 3083
f 3090 3118 3083
f 3115 3083 3117
f 3083 3115 3086
f 3084 3119 3087
f 3120 3119 3084
f 3120 3084 3085
f 3098 3120 3085
f 3099 3098 3085
f 3085 3086 3095
f 3099 3085 3095
f 3098 3087 3119
f 3089 3121 3090
f 3094 3121 3089
f 3121 3118 3090
f 3091 3093 3092
f 3109 3121 3094
f 3100 3096 3101
f 3120 3098 3119
f 3112 3102 3105
f 3122 3103 3102
f 3122 3102 3112
f 3123 3124 3103
f 3123 3103 3122
f 3124 3104 3103
f 3124 3106 3104
f 3112 3105 3110
f 3107 3106 3124
f 3107 3124 3123
f 3107 3123 3125
f 3108 3107 3125
f 3125 3109 3108
f 3126 3121 3109
f 3127 3126 3109
f 3125 3127 3109
f 3111 3128 3122
f 3111 3122 3112
f 3129 3128 3111
f 3114 3129 3111
f 3113 3115 3114
f 3115 3117 3114
f 3114 3117 3129
f 3117 3116 3129
f 3116 3126 3127
f 3129 3116 3127
f 3116 3118 3126
f 3118 3121 3126
f 3128 3130 3122
f 3131 3123 3122
f 3131 3122 3130
f 3132 3125 3123
f 3132 3123 3131
f 3125 3132 3133
f 3133 3134 3125
f 3127 3125 3134
f 3129 3127 3135
f 3135 3127 3134
f 3128 3136 3130
f 3137 3136 3128
f 3138 3139 3128
f 3129 3138 3128
f 3128 3139 3137
f 3138 3129 3135
f 3132 3131 3130
f 3132 3130 3140
f 3136 3140 3130
f 3133 3132 3140
f 3133 3140 3141
f 3142 3134 3133
f 3141 3142 3133
f 3138 3135 3134
f 3142 3138 3134
f 3141 3140 3136
f 3141 3136 3137
f 3137 3139 3141
f 3138 3142 3139
f 3139 3142 3141
f 3143 3144 3145
f 3143 3146 3144
f 3143 3147 3146
f 3143 3148 3149
f 3149 3150 3143
f 3143 3150 3151
f 3151 3147 3143
f 3145 3152 3143
f 3152 3153 3143
f 3153 3154 3143
f 3155 3148 3143
f 3143 3156 3155
f 3157 3156 3143
f 3143 3154 3157
f 3145 3144 3158
f 3158 3144 3146
f 3159 3145 3158
f 3160 3152 3145
f 3160 3145 3159
f 3161 3158 3146
f 3161 3146 3147
f 3162 3161 3147
f 3162 3147 3151
f 3163 3149 3148
f 3164 3163 3148
f 3148 3155 3165
f 3148 3165 3164
f 3149 3163 3150
f 3150 3166 3167
f 3151 3150 3167
f 3168 3166 3150
f 3163 3168 3150
f 3167 3162 3151
f 3153 3152 3160
f 3153 3160 3169
f 3154 3153 3169
f 3154 3169 3170
f 3157 3154 3170
f 3156 3165 3155
f 3171 3172 3156
f 3171 3156 3157
f 3156 3172 3173
f 3156 3173 3165
f 3157 3170 3171
f 3158 3174 3175
f 3159 3158 3175
f 3174 3158 3161
f 3175 3160 3159
f 3175 3176 3160
f 3169 3160 3176
f 3177 3174 3161
f 3177 3161 3162
f 3178 3177 3162
f 3178 3162 3167
f 3163 3164 3179
f 3168 3163 3179
f 3180 3179 3164
f 3164 3181 3180
f 3181 3164 3165
f 3181 3165 3173
f 3166 3182 3183
f 3167 3166 3183
f 3184 3166 3168
f 3184 3182 3166
f 3183 3178 3167
f 3184 3168 3179
f 3169 3176 3185
f 3170 3169 3185
f 3170 3185 3186
f 3171 3170 3186
f 3171 3186 3187
f 3187 3172 3171
f 3187 3188 3172
f 3173 3172 3189
f 3172 3188 3189
f 3181 3173 3189
f 3174 3190 3191
f 3175 3174 3191
f 3190 3174 3177
f 3191 3176 3175
f 3191 3192 3176
f 3185 3176 3192
f 3193 3190 3177
f 3193 3177 3178
f 3194 3193 3178
f 3194 3178 3183
f 3195 3179 3180
f 3195 3196 3179
f 3196 3184 3179
f 3197 3195 3180
f 3180 3181 3198
f 3180 3198 3197
f 3181 3199 3198
f 3181 3189 3199
f 3182 3200 3201
f 3183 3182 3201
f 3202 3182 3203
f 3182 3202 3204
f 3200 3182 3204
f 3184 3203 3182
f 3201 3194 3183
f 3184 3205 3203
f 3205 3184 3196
f 3185 3192 3206
f 3186 3185 3206
f 3186 3206 3207
f 3187 3186 3207
f 3187 3207 3208
f 3208 3188 3187
f 3208 3209 3188
f 3210 3188 3211
f 3212 3211 3188
f 3212 3188 3209
f 3188 3210 3189
f 3210 3213 3189
f 3199 3189 3213
f 3190 3214 3215
f 3191 3190 3215
f 3214 3190 3193
f 3215 3192 3191
f 3215 3216 3192
f 3206 3192 3216
f 3217 3214 3193
f 3217 3193 3194
f 3218 3217 3194
f 3218 3194 3201
f 3219 3195 3197
f 3220 3196 3195
f 3219 3220 3195
f 3196 3220 3205
f 3221 3219 3197
f 3197 3198 3222
f 3197 3222 3221
f 3198 3199 3223
f 3198 3223 3222
f 3213 3223 3199
f 3200 3224 3225
f 3201 3200 3225
f 3200 3204 3226
f 3224 3200 3226
f 3225 3218 3201
f 3204 3202 3203
f 3203 3227 3228
f 3229 3203 3228
f 3229 3204 3203
f 3230 3227 3203
f 3205 3230 3203
f 3231 3232 3204
f 3229 3231 3204
f 3204 3232 3226
f 3233 3205 3234
f 3235 3234 3205
f 3236 3235 3205
f 3205 3233 3230
f 3220 3236 3205
f 3206 3216 3237
f 3207 3206 3237
f 3207 3237 3238
f 3208 3207 3238
f 3208 3238 3239
f 3239 3209 3208
f 3239 3240 3209
f 3241 3212 3209
f 3241 3209 3240
f 3242 3243 3210
f 3242 3210 3244
f 3210 3211 3212
f 3210 3212 3244
f 3210 3243 3245
f 3210 3245 3213
f 3212 3246 3247
f 3212 3247 3244
f 3241 3246 3212
f 3234 3213 3248
f 3213 3234 3235
f 3213 3235 3249
f 3245 3248 3213
f 3213 3249 3223
f 3214 3250 3251
f 3215 3214 3251
f 3250 3214 3217
f 3251 3216 3215
f 3251 3252 3216
f 3237 3216 3252
f 3253 3250 3217
f 3217 3218 3254
f 3253 3217 3254
f 3218 3225 3255
f 3254 3218 3255
f 3219 3256 3257
f 3257 3258 3219
f 3258 3236 3219
f 3220 3219 3236
f 3259 3219 3221
f 3259 3260 3219
f 3219 3260 3256
f 3221 3222 3259
f 3261 3262 3222
f 3222 3263 3261
f 3222 3249 3263
f 3249 3222 3223
f 3222 3264 3259
f 3262 3264 3222
f 3225 3224 3255
f 3224 3226 3260
f 3224 3260 3255
f 3226 3256 3260
f 3232 3265 3226
f 3266 3226 3265
f 3256 3226 3266
f 3227 3267 3268
f 3228 3227 3269
f 3227 3270 3269
f 3230 3267 3227
f 3268 3271 3227
f 3271 3270 3227
f 3228 3269 3272
f 3265 3229 3228
f 3265 3228 3273
f 3273 3228 3272
f 3265 3231 3229
f 3274 3230 3233
f 3230 3274 3275
f 3267 3230 3275
f 3231 3276 3277
f 3232 3231 3277
f 3231 3278 3276
f 3265 3278 3231
f 3232 3277 3265
f 3279 3233 3280
f 3280 3233 3234
f 3279 3274 3233
f 3234 3248 3280
f 3235 3281 3282
f 3283 3281 3235
f 3284 3283 3235
f 3235 3236 3284
f 3282 3285 3235
f 3235 3285 3286
f 3235 3286 3287
f 3287 3249 3235
f 3236 3288 3284
f 3258 3288 3236
f 3237 3252 3289
f 3290 3238 3237
f 3290 3237 3289
f 3291 3239 3238
f 3291 3238 3290
f 3291 3240 3239
f 3264 3241 3240
f 3291 3264 3240
f 3264 3262 3241
f 3241 3292 3246
f 3292 3241 3293
f 3293 3241 3262
f 3294 3295 3242
f 3295 3243 3242
f 3242 3244 3292
f 3296 3242 3292
f 3294 3242 3296
f 3297 3298 3243
f 3295 3299 3243
f 3243 3298 3245
f 3243 3300 3297
f 3243 3299 3300
f 3244 3247 3292
f 3248 3245 3301
f 3302 3301 3245
f 3302 3245 3298
f 3292 3303 3246
f 3303 3247 3246
f 3303 3304 3247
f 3304 3305 3247
f 3247 3305 3292
f 3280 3248 3306
f 3248 3301 3306
f 3287 3307 3249
f 3249 3307 3263
f 3259 3250 3253
f 3259 3251 3250
f 3252 3251 3259
f 3289 3252 3259
f 3259 3253 3254
f 3259 3254 3255
f 3259 3255 3260
f 3266 3257 3256
f 3257 3266 3272
f 3257 3272 3308
f 3309 3257 3308
f 3309 3288 3257
f 3258 3257 3288
f 3290 3289 3259
f 3291 3290 3259
f 3264 3291 3259
f 3262 3261 3293
f 3294 3293 3261
f 3310 3294 3261
f 3310 3261 3311
f 3261 3307 3311
f 3307 3261 3263
f 3277 3278 3265
f 3273 3266 3265
f 3266 3273 3272
f 3268 3267 3275
f 3312 3313 3268
f 3314 3312 3268
f 3275 3314 3268
f 3315 3268 3313
f 3268 3315 3271
f 3269 3316 3272
f 3317 3316 3269
f 3317 3269 3270
f 3308 3317 3270
f 3309 3308 3270
f 3270 3271 3288
f 3309 3270 3288
f 3288 3271 3284
f 3283 3271 3315
f 3284 3271 3283
f 3308 3272 3316
f 3274 3318 3275
f 3279 3318 3274
f 3318 3314 3275
f 3276 3278 3277
f 3319 3279 3280
f 3319 3318 3279
f 3320 3319 3280
f 3280 3306 3321
f 3280 3321 3320
f 3282 3281 3322
f 3281 3283 3322
f 3323 3324 3282
f 3322 3323 3282
f 3325 3285 3282
f 3282 3324 3326
f 3282 3326 3325
f 3283 3315 3322
f 3325 3286 3285
f 3325 3327 3286
f 3327 3300 3286
f 3286 3300 3287
f 3287 3300 3307
f 3292 3305 3303
f 3292 3293 3296
f 3294 3296 3293
f 3294 3328 3295
f 3328 3294 3310
f 3295 3328 3329
f 3299 3295 3329
f 3302 3298 3297
f 3297 3330 3331
f 3297 3331 3332
f 3297 3332 3302
f 3330 3297 3327
f 3300 3327 3297
f 3299 3329 3310
f 3299 3310 3311
f 3307 3300 3299
f 3307 3299 3311
f 3302 3333 3301
f 3301 3333 3306
f 3302 3332 3333
f 3303 3305 3304
f 3306 3333 3321
f 3317 3308 3316
f 3328 3310 3329
f 3313 3312 3334
f 3312 3335 3336
f 3334 3312 3336
f 3312 3314 3335
f 3315 3313 3323
f 3323 3313 3334
f 3314 3318 3335
f 3322 3315 3323
f 3335 3318 3319
f 3336 3335 3319
f 3337 3336 3319
f 3337 3319 3320
f 3320 3321 3337
f 3321 3333 3338
f 3321 3338 3339
f 3321 3339 3337
f 3323 3334 3324
f 3334 3340 3324
f 3324 3340 3341
f 3324 3341 3326
f 3326 3327 3325
f 3326 3330 3327
f 3341 3330 3326
f 3341 3331 3330
f 3339 3338 3331
f 3339 3331 3341
f 3338 3332 3331
f 3338 3333 3332
f 3334 3342 3340
f 3334 3336 3343
f 3342 3334 3343
f 3336 3337 3344
f 3343 3336 3344
f 3345 3344 3337
f 3337 3346 3345
f 3346 3337 3339
f 3347 3339 3341
f 3346 3339 3347
f 3342 3348 3340
f 3340 3348 3349
f 3340 3350 3351
f 3340 3351 3341
f 3349 3350 3340
f 3347 3341 3351
f 3342 3343 3344
f 3352 3342 3344
f 3342 3352 3348
f 3352 3344 3345
f 3353 3352 3345
f 3345 3346 3354
f 3345 3354 3353
f 3346 3347 3351
f 3346 3351 3354
f 3348 3352 3353
f 3349 3348 3353
f 3353 3350 3349
f 3353 3354 3350
f 3350 3354 3351
f 3355 3356 3357
f 3355 3358 3356
f 3355 3359 3358
f 3355 3360 3361
f 3361 3362 3355
f 3355 3362 3363
f 3363 3359 3355
f 3357 3364 3355
f 3364 3365 3355
f 3365 3366 3355
f 3367 3360 3355
f 3355 3368 3367
f 3369 3368 3355
f 3355 3366 3369
f 3357 3356 3370
f 3370 3356 3358
f 3371 3357 3370
f 3372 3364 3357
f 3372 3357 3371
f 3373 3370 3358
f 3373 3358 3359
f 3374 3373 3359
f 3374 3359 3363
f 3375 3361 3360
f 3376 3375 3360
f 3360 3367 3377
f 3360 3377 3376
f 3361 3375 3362
f 3362 3378 3379
f 3363 3362 3379
f 3380 3378 3362
f 3375 3380 3362
f 3379 3374 3363
f 3365 3364 3372
f 3365 3372 3381
f 3366 3365 3381
f 3366 3381 3382
f 3369 3366 3382
f 3368 3377 3367
f 3383 3384 3368
f 3383 3368 3369
f 3368 3384 3385
f 3368 3385 3377
f 3369 3382 3383
f 3370 3386 3387
f 3371 3370 3387
f 3386 3370 3373
f 3387 3372 3371
f 3387 3388 3372
f 3381 3372 3388
f 3389 3386 3373
f 3389 3373 3374
f 3390 3389 3374
f 3390 3374 3379
f 3375 3376 3391
f 3380 3375 3391
f 3392 3391 3376
f 3376 3393 3392
f 3393 3376 3377
f 3393 3377 3385
f 3378 3394 3395
f 3379 3378 3395
f 3396 3378 3380
f 3396 3394 3378
f 3395 3390 3379
f 3396 3380 3391
f 3381 3388 3397
f 3382 3381 3397
f 3382 3397 3398
f 3383 3382 3398
f 3383 3398 3399
f 3399 3384 3383
f 3399 3400 3384
f 3385 3384 3401
f 3384 3400 3401
f 3393 3385 3401
f 3386 3402 3403
f 3387 3386 3403
f 3402 3386 3389
f 3403 3388 3387
f 3403 3404 3388
f 3397 3388 3404
f 3405 3402 3389
f 3405 3389 3390
f 3406 3405 3390
f 3406 3390 3395
f 3407 3391 3392
f 3407 3408 3391
f 3408 3396 3391
f 3409 3407 3392
f 3392 3393 3410
f 3392 3410 3409
f 3393 3411 3410
f 3393 3401 3411
f 3394 3412 3413
f 3395 3394 3413
f 3414 3394 3415
f 3394 3414 3416
f 3412 3394 3416
f 3396 3415 3394
f 3413 3406 3395
f 3396 3417 3415
f 3417 3396 3408
f 3397 3404 3418
f 3398 3397 3418
f 3398 3418 3419
f 3399 3398 3419
f 3399 3419 3420
f 3420 3400 3399
f 3420 3421 3400
f 3422 3400 3423
f 3424 3423 3400
f 3424 3400 3421
f 3400 3422 3401
f 3422 3425 3401
f 3411 3401 3425
f 3402 3426 3427
f 3403 3402 3427
f 3426 3402 3405
f 3427 3404 3403
f 3427 3428 3404
f 3418 3404 3428
f 3429 3426 3405
f 3429 3405 3406
f 3430 3429 3406
f 3430 3406 3413
f 3431 3407 3409
f 3432 3408 3407
f 3431 3432 3407
f 3408 3432 3417
f 3433 3431 3409
f 3409 3410 3434
f 3409 3434 3433
f 3410 3411 3435
f 3410 3435 3434
f 3425 3435 3411
f 3412 3436 3437
f 3413 3412 3437
f 3412 3416 3438
f 3436 3412 3438
f 3437 3430 3413
f 3416 3414 3415
f 3415 3439 3440
f 3441 3415 3440
f 3441 3416 3415
f 3442 3439 3415
f 3417 3442 3415
f 3443 3444 3416
f 3441 3443 3416
f 3416 3444 3438
f 3445 3417 3446
f 3447 3446 3417
f 3448 3447 3417
f 3417 3445 3442
f 3432 3448 3417
f 3418 3428 3449
f 3419 3418 3449
f 3419 3449 3450
f 3420 3419 3450
f 3420 3450 3451
f 3451 3421 3420
f 3451 3452 3421
f 3453 3424 3421
f 3453 3421 3452
f 3454 3455 3422
f 3454 3422 3456
f 3422 3423 3424
f 3422 3424 3456
f 3422 3455 3457
f 3422 3457 3425
f 3424 3458 3459
f 3424 3459 3456
f 3453 3458 3424
f 3446 3425 3460
f 3425 3446 3447
f 3425 3447 3461
f 3457 3460 3425
f 3425 3461 3435
f 3426 3462 3463
f 3427 3426 3463
f 3462 3426 3429
f 3463 3428 3427
f 3463 3464 3428
f 3449 3428 3464
f 3465 3462 3429
f 3429 3430 3466
f 3465 3429 3466
f 3430 3437 3467
f 3466 3430 3467
f 3431 3468 3469
f 3469 3470 3431
f 3470 3448 3431
f 3432 3431 3448
f 3471 3431 3433
f 3471 3472 3431
f 3431 3472 3468
f 3433 3434 3471
f 3473 3474 3434
f 3434 3475 3473
f 3434 3461 3475
f 3461 3434 3435
f 3434 3476 3471
f 3474 3476 3434
f 3437 3436 3467
f 3436 3438 3472
f 3436 3472 3467
f 3438 3468 3472
f 3444 3477 3438
f 3478 3438 3477
f 3468 3438 3478
f 3439 3479 3480
f 3440 3439 3481
f 3439 3482 3481
f 3442 3479 3439
f 3480 3483 3439
f 3483 3482 3439
f 3440 3481 3484
f 3477 3441 3440
f 3477 3440 3485
f 3485 3440 3484
f 3477 3443 3441
f 3486 3442 3445
f 3442 3486 3487
f 3479 3442 3487
f 3443 3488 3489
f 3444 3443 3489
f 3443 3490 3488
f 3477 3490 3443
f 3444 3489 3477
f 3491 3445 3492
f 3492 3445 3446
f 3491 3486 3445
f 3446 3460 3492
f 3447 3493 3494
f 3495 3493 3447
f 3496 3495 3447
f 3447 3448 3496
f 3494 3497 3447
f 3447 3497 3498
f 3447 3498 3499
f 3499 3461 3447
f 3448 3500 3496
f 3470 3500 3448
f 3449 3464 3501
f 3502 3450 3449
f 3502 3449 3501
f 3503 3451 3450
f 3503 3450 3502
f 3503 3452 3451
f 3476 3453 3452
f 3503 3476 3452
f 3476 3474 3453
f 3453 3504 3458
f 3504 3453 3505
f 3505 3453 3474
f 3506 3507 3454
f 3507 3455 3454
f 3454 3456 3504
f 3508 3454 3504
f 3506 3454 3508
f 3509 3510 3455
f 3507 3511 3455
f 3455 3510 3457
f 3455 3512 3509
f 3455 3511 3512
f 3456 3459 3504
f 3460 3457 3513
f 3514 3513 3457
f 3514 3457 3510
f 3504 3515 3458
f 3515 3459 3458
f 3515 3516 3459
f 3516 3517 3459
f 3459 3517 3504
f 3492 3460 3518
f 3460 3513 3518
f 3499 3519 3461
f 3461 3519 3475
f 3471 3462 3465
f 3471 3463 3462
f 3464 3463 3471
f 3501 3464 3471
f 3471 3465 3466
f 3471 3466 3467
f 3471 3467 3472
f 3478 3469 3468
f 3469 3478 3484
f 3469 3484 3520
f 3521 3469 3520
f 3521 3500 3469
f 3470 3469 3500
f 3502 3501 3471
f 3503 3502 3471
f 3476 3503 3471
f 3474 3473 3505
f 3506 3505 3473
f 3522 3506 3473
f 3522 3473 3523
f 3473 3519 3523
f 3519 3473 3475
f 3489 3490 3477
f 3485 3478 3477
f 3478 3485 3484
f 3480 3479 3487
f 3524 3525 3480
f 3526 3524 3480
f 3487 3526 3480
f 3527 3480 3525
f 3480 3527 3483
f 3481 3528 3484
f 3529 3528 3481
f 3529 3481 3482
f 3520 3529 3482
f 3521 3520 3482
f 3482 3483 3500
f 3521 3482 3500
f 3500 3483 3496
f 3495 3483 3527
f 3496 3483 3495
f 3520 3484 3528
f 3486 3530 3487
f 3491 3530 3486
f 3530 3526 3487
f 3488 3490 3489
f 3531 3491 3492
f 3531 3530 3491
f 3532 3531 3492
f 3492 3518 3533
f 3492 3533 3532
f 3494 3493 3534
f 3493 3495 3534
f 3535 3536 3494
f 3534 3535 3494
f 3537 3497 3494
f 3494 3536 3538
f 3494 3538 3537
f 3495 3527 3534
f 3537 3498 3497
f 3537 3539 3498
f 3539 3512 3498
f 3498 3512 3499
f 3499 3512 3519
f 3504 3517 3515
f 3504 3505 3508
f 3506 3508 3505
f 3506 3540 3507
f 3540 3506 3522
f 3507 3540 3541
f 3511 3507 3541
f 3514 3510 3509
f 3509 3542 3543
f 3509 3543 3544
f 3509 3544 3514
f 3542 3509 3539
f 3512 3539 3509
f 3511 3541 3522
f 3511 3522 3523
f 3519 3512 3511
f 3519 3511 3523
f 3514 3545 3513
f 3513 3545 3518
f 3514 3544 3545
f 3515 3517 3516
f 3518 3545 3533
f 3529 3520 3528
f 3540 3522 3541
f 3525 3524 3546
f 3524 3547 3548
f 3546 3524 3548
f 3524 3526 3547
f 3527 3525 3535
f 3535 3525 3546
f 3526 3530 3547
f 3534 3527 3535
f 3547 3530 3531
f 3548 3547 3531
f 3549 3548 3531
f 3549 3531 3532
f 3532 3533 3549
f 3533 3545 3550
f 3533 3550 3551
f 3533 3551 3549
f 3535 3546 3536
f 3546 3552 3536
f 3536 3552 3553
f 3536 3553 3538
f 3538 3539 3537
f 3538 3542 3539
f 3553 3542 3538
f 3553 3543 3542
f 3551 3550 3543
f 3551 3543 3553
f 3550 3544 3543
f 3550 3545 3544
f 3546 3554 3552
f 3546 3548 3555
f 3554 3546 3555
f 3548 3549 3556
f 3555 3548 3556
f 3557 3556 3549
f 3549 3558 3557
f 3558 3549 3551
f 3559 3551 3553
f 3558 3551 3559
f 3554 3560 3552
f 3552 3560 3561
f 3552 3562 3563
f 3552 3563 3553
f 3561 3562 3552
f 3559 3553 3563
f 3554 3555 3556
f 3564 3554 3556
f 3554 3564 3560
f 3564 3556 3557
f 3565 3564 3557
f 3557 3558 3566
f 3557 3566 3565
f 3558 3559 3563
f 3558 3563 3566
f 3560 3564 3565
f 3561 3560 3565
f 3565 3562 3561
f 3565 3566 3562
f 3562 3566 3563
f 3567 3568 3569
f 3567 3570 3568
f 3567 3571 3570
f 3567 3572 3573
f 3573 3574 3567
f 3567 3574 3575
f 3575 3571 3567
f 3569 3576 3567
f 3576 3577 3567
f 3577 3578 3567
f 3579 3572 3567
f 3567 3580 3579
f 3581 3580 3567
f 3567 3578 3581
f 3569 3568 3582
f 3582 3568 3570
f 3583 3569 3582
f 3584 3576 3569
f 3584 3569 3583
f 3585 3582 3570
f 3585 3570 3571
f 3586 3585 3571
f 3586 3571 3575
f 3587 3573 3572
f 3588 3587 3572
f 3572 3579 3589
f 3572 3589 3588
f 3573 3587 3574
f 3574 3590 3591
f 3575 3574 3591
f 3592 3590 3574
f 3587 3592 3574
f 3591 3586 3575
f 3577 3576 3584
f 3577 3584 3593
f 3578 3577 3593
f 3578 3593 3594
f 3581 3578 3594
f 3580 3589 3579
f 3595 3596 3580
f 3595 3580 3581
f 3580 3596 3597
f 3580 3597 3589
f 3581 3594 3595
f 3582 3598 3599
f 3583 3582 3599
f 3598 3582 3585
f 3599 3584 3583
f 3599 3600 3584
f 3593 3584 3600
f 3601 3598 3585
f 3601 3585 3586
f 3602 3601 3586
f 3602 3586 3591
f 3587 3588 3603
f 3592 3587 3603
f 3604 3603 3588
f 3588 3605 3604
f 3605 3588 3589
f 3605 3589 3597
f 3590 3606 3607
f 3591 3590 3607
f 3608 3590 3592
f 3608 3606 3590
f 3607 3602 3591
f 3608 3592 3603
f 3593 3600 3609
f 3594 3593 3609
f 3594 3609 3610
f 3595 3594 3610
f 3595 3610 3611
f 3611 3596 3595
f 3611 3612 3596
f 3597 3596 3613
f 3596 3612 3613
f 3605 3597 3613
f 3598 3614 3615
f 3599 3598 3615
f 3614 3598 3601
f 3615 3600 3599
f 3615 3616 3600
f 3609 3600 3616
f 3617 3614 3601
f 3617 3601 3602
f 3618 3617 3602
f 3618 3602 3607
f 3619 3603 3604
f 3619 3620 3603
f 3620 3608 3603
f 3621 3619 3604
f 3604 3605 3622
f 3604 3622 3621
f 3605 3623 3622
f 3605 3613 3623
f 3606 3624 3625
f 3607 3606 3625
f 3626 3606 3627
f 3606 3626 3628
f 3624 3606 3628
f 3608 3627 3606
f 3625 3618 3607
f 3608 3629 3627
f 3629 3608 3620
f 3609 3616 3630
f 3610 3609 3630
f 3610 3630 3631
f 3611 3610 3631
f 3611 3631 3632
f 3632 3612 3611
f 3632 3633 3612
f 3634 3612 3635
f 3636 3635 3612
f 3636 3612 3633
f 3612 3634 3613
f 3634 3637 3613
f 3623 3613 3637
f 3614 3638 3639
f 3615 3614 3639
f 3638 3614 3617
f 3639 3616 3615
f 3639 3640 3616
f 3630 3616 3640
f 3641 3638 3617
f 3641 3617 3618
f 3642 3641 3618
f 3642 3618 3625
f 3643 3619 3621
f 3644 3620 3619
f 3643 3644 3619
f 3620 3644 3629
f 3645 3643 3621
f 3621 3622 3646
f 3621 3646 3645
f 3622 3623 3647
f 3622 3647 3646
f 3637 3647 3623
f 3624 3648 3649
f 3625 3624 3649
f 3624 3628 3650
f 3648 3624 3650
f 3649 3642 3625
f 3628 3626 3627
f 3627 3651 3652
f 3653 3627 3652
f 3653 3628 3627
f 3654 3651 3627
f 3629 3654 3627
f 3655 3656 3628
f 3653 3655 3628
f 3628 3656 3650
f 3657 3629 3658
f 3659 3658 3629
f 3660 3659 3629
f 3629 3657 3654
f 3644 3660 3629
f 3630 3640 3661
f 3631 3630 3661
f 3631 3661 3662
f 3632 3631 3662
f 3632 3662 3663
f 3663 3633 3632
f 3663 3664 3633
f 3665 3636 3633
f 3665 3633 3664
f 3666 3667 3634
f 3666 3634 3668
f 3634 3635 3636
f 3634 3636 3668
f 3634 3667 3669
f 3634 3669 3637
f 3636 3670 3671
f 3636 3671 3668
f 3665 3670 3636
f 3658 3637 3672
f 3637 3658 3659
f 3637 3659 3673
f 3669 3672 3637
f 3637 3673 3647
f 3638 3674 3675
f 3639 3638 3675
f 3674 3638 3641
f 3675 3640 3639
f 3675 3676 3640
f 3661 3640 3676
f 3677 3674 3641
f 3641 3642 3678
f 3677 3641 3678
f 3642 3649 3679
f 3678 3642 3679
f 3643 3680 3681
f 3681 3682 3643
f 3682 3660 3643
f 3644 3643 3660
f 3683 3643 3645
f 3683 3684 3643
f 3643 3684 3680
f 3645 3646 3683
f 3685 3686 3646
f 3646 3687 3685
f 3646 3673 3687
f 3673 3646 3647
f 3646 3688 3683
f 3686 3688 3646
f 3649 3648 3679
f 3648 3650 3684
f 3648 3684 3679
f 3650 3680 3684
f 3656 3689 3650
f 3690 3650 3689
f 3680 3650 3690
f 3651 3691 3692
f 3652 3651 3693
f 3651 3694 3693
f 3654 3691 3651
f 3692 3695 3651
f 3695 3694 3651
f 3652 3693 3696
f 3689 3653 3652
f 3689 3652 3697
f 3697 3652 3696
f 3689 3655 3653
f 3698 3654 3657
f 3654 3698 3699
f 3691 3654 3699
f 3655 3700 3701
f 3656 3655 3701
f 3655 3702 3700
f 3689 3702 3655
f 3656 3701 3689
f 3703 3657 3704
f 3704 3657 3658
f 3703 3698 3657
f 3658 3672 3704
f 3659 3705 3706
f 3707 3705 3659
f 3708 3707 3659
f 3659 3660 3708
f 3706 3709 3659
f 3659 3709 3710
f 3659 3710 3711
f 3711 3673 3659
f 3660 3712 3708
f 3682 3712 3660
f 3661 3676 3713
f 3714 3662 3661
f 3714 3661 3713
f 3715 3663 3662
f 3715 3662 3714
f 3715 3664 3663
f 3688 3665 3664
f 3715 3688 3664
f 3688 3686 3665
f 3665 3716 3670
f 3716 3665 3717
f 3717 3665 3686
f 3718 3719 3666
f 3719 3667 3666
f 3666 3668 3716
f 3720 3666 3716
f 3718 3666 3720
f 3721 3722 3667
f 3719 3723 3667
f 3667 3722 3669
f 3667 3724 3721
f 3667 3723 3724
f 3668 3671 3716
f 3672 3669 3725
f 3726 3725 3669
f 3726 3669 3722
f 3716 3727 3670
f 3727 3671 3670
f 3727 3728 3671
f 3728 3729 3671
f 3671 3729 3716
f 3704 3672 3730
f 3672 3725 3730
f 3711 3731 3673
f 3673 3731 3687
f 3683 3674 3677
f 3683 3675 3674
f 3676 3675 3683
f 3713 3676 3683
f 3683 3677 3678
f 3683 3678 3679
f 3683 3679 3684
f 3690 3681 3680
f 3681 3690 3696
f 3681 3696 3732
f 3733 3681 3732
f 3733 3712 3681
f 3682 3681 3712
f 3714 3713 3683
f 3715 3714 3683
f 3688 3715 3683
f 3686 3685 3717
f 3718 3717 3685
f 3734 3718 3685
f 3734 3685 3735
f 3685 3731 3735
f 3731 3685 3687
f 3701 3702 3689
f 3697 3690 3689
f 3690 3697 3696
f 3692 3691 3699
f 3736 3737 3692
f 3738 3736 3692
f 3699 3738 3692
f 3739 3692 3737
f 3692 3739 3695
f 3693 3740 3696
f 3741 3740 3693
f 3741 3693 3694
f 3732 3741 3694
f 3733 3732 3694
f 3694 3695 3712
f 3733 3694 3712
f 3712 3695 3708
f 3707 3695 3739
f 3708 3695 3707
f 3732 3696 3740
f 3698 3742 3699
f 3703 3742 3698
f 3742 3738 3699
f 3700 3702 3701
f 3743 3703 3704
f 3743 3742 3703
f 3744 3743 3704
f 3704 3730 3745
f 3704 3745 3744
f 3706 3705 3746
f 3705 3707 3746
f 3747 3748 3706
f 3746 3747 3706
f 3749 3709 3706
f 3706 3748 3750
f 3706 3750 3749
f 3707 3739 3746
f 3749 3710 3709
f 3749 3751 3710
f 3751 3724 3710
f 3710 3724 3711
f 3711 3724 3731
f 3716 3729 3727
f 3716 3717 3720
f 3718 3720 3717
f 3718 3752 3719
f 3752 3718 3734
f 3719 3752 3753
f 3723 3719 3753
f 3726 3722 3721
f 3721 3754 3755
f 3721 3755 3756
f 3721 3756 3726
f 3754 3721 3751
f 3724 3751 3721
f 3723 3753 3734
f 3723 3734 3735
f 3731 3724 3723
f 3731 3723 3735
f 3726 3757 3725
f 3725 3757 3730
f 3726 3756 3757
f 3727 3729 3728
f 3730 3757 3745
f 3741 3732 3740
f 3752 3734 3753
f 3737 3736 3758
f 3736 3759 3760
f 3758 3736 3760
f 3736 3738 3759
f 3739 3737 3747
f 3747 3737 3758
f 3738 3742 3759
f 3746 3739 3747
f 3759 3742 3743
f 3760 3759 3743
f 3761 3760 3743
f 3761 3743 3744
f 3744 3745 3761
f 3745 3757 3762
f 3745 3762 3763
f 3745 3763 3761
f 3747 3758 3748
f 3758 3764 3748
f 3748 3764 3765
f 3748 3765 3750
f 3750 3751 3749
f 3750 3754 3751
f 3765 3754 3750
f 3765 3755 3754
f 3763 3762 3755
f 3763 3755 3765
f 3762 3756 3755
f 3762 3757 3756
f 3758 3766 3764
f 3758 3760 3767
f 3766 3758 3767
f 3760 3761 3768
f 3767 3760 3768
f 3769 3768 3761
f 3761 3770 3769
f 3770 3761 3763
f 3771 3763 3765
f 3770 3763 3771
f 3766 3772 3764
f 3764 3772 3773
f 3764 3774 3775
f 3764 3775 3765
f 3773 3774 3764
f 3771 3765 3775
f 3766 3767 3768
f 3776 3766 3768
f 3766 3776 3772
f 3776 3768 3769
f 3777 3776 3769
f 3769 3770 3778
f 3769 3778 3777
f 3770 3771 3775
f 3770 3775 3778
f 3772 3776 3777
f 3773 3772 3777
f 3777 3774 3773
f 3777 3778 3774
f 3774 3778 3775
f 3779 3780 3781
f 3779 3782 3780
f 3779 3783 3782
f 3779 3784 3785
f 3785 3786 3779
f 3779 3786 3787
f 3787 3783 3779
f 3781 3788 3779
f 3788 3789 3779
f 3789 3790 3779
f 3791 3784 3779
f 3779 3792 3791
f 3793 3792 3779
f 3779 3790 3793
f 3781 3780 3794
f 3794 3780 3782
f 3795 3781 3794
f 3796 3788 3781
f 3796 3781 3795
f 3797 3794 3782
f 3797 3782 3783
f 3798 3797 3783
f 3798 3783 3787
f 3799 3785 3784
f 3800 3799 3784
f 3784 3791 3801
f 3784 3801 3800
f 3785 3799 3786
f 3786 3802 3803
f 3787 3786 3803
f 3804 3802 3786
f 3799 3804 3786
f 3803 3798 3787
f 3789 3788 3796
f 3789 3796 3805
f 3790 3789 3805
f 3790 3805 3806
f 3793 3790 3806
f 3792 3801 3791
f 3807 3808 3792
f 3807 3792 3793
f 3792 3808 3809
f 3792 3809 3801
f 3793 3806 3807
f 3794 3810 3811
f 3795 3794 3811
f 3810 3794 3797
f 3811 3796 3795
f 3811 3812 3796
f 3805 3796 3812
f 3813 3810 3797
f 3813 3797 3798
f 3814 3813 3798
f 3814 3798 3803
f 3799 3800 3815
f 3804 3799 3815
f 3816 3815 3800
f 3800 3817 3816
f 3817 3800 3801
f 3817 3801 3809
f 3802 3818 3819
f 3803 3802 3819
f 3820 3802 3804
f 3820 3818 3802
f 3819 3814 3803
f 3820 3804 3815
f 3805 3812 3821
f 3806 3805 3821
f 3806 3821 3822
f 3807 3806 3822
f 3807 3822 3823
f 3823 3808 3807
f 3823 3824 3808
f 3809 3808 3825
f 3808 3824 3825
f 3817 3809 3825
f 3810 3826 3827
f 3811 3810 3827
f 3826 3810 3813
f 3827 3812 3811
f 3827 3828 3812
f 3821 3812 3828
f 3829 3826 3813
f 3829 3813 3814
f 3830 3829 3814
f 3830 3814 3819
f 3831 3815 3816
f 3831 3832 3815
f 3832 3820 3815
f 3833 3831 3816
f 3816 3817 3834
f 3816 3834 3833
f 3817 3835 3834
f 3817 3825 3835
f 3818 3836 3837
f 3819 3818 3837
f 3838 3818 3839
f 3818 3838 3840
f 3836 3818 3840
f 3820 3839 3818
f 3837 3830 3819
f 3820 3841 3839
f 3841 3820 3832
f 3821 3828 3842
f 3822 3821 3842
f 3822 3842 3843
f 3823 3822 3843
f 3823 3843 3844
f 3844 3824 3823
f 3844 3845 3824
f 3846 3824 3847
f 3848 3847 3824
f 3848 3824 3845
f 3824 3846 3825
f 3846 3849 3825
f 3835 3825 3849
f 3826 3850 3851
f 3827 3826 3851
f 3850 3826 3829
f 3851 3828 3827
f 3851 3852 3828
f 3842 3828 3852
f 3853 3850 3829
f 3853 3829 3830
f 3854 3853 3830
f 3854 3830 3837
f 3855 3831 3833
f 3856 3832 3831
f 3855 3856 3831
f 3832 3856 3841
f 3857 3855 3833
f 3833 3834 3858
f 3833 3858 3857
f 3834 3835 3859
f 3834 3859 3858
f 3849 3859 3835
f 3836 3860 3861
f 3837 3836 3861
f 3836 3840 3862
f 3860 3836 3862
f 3861 3854 3837
f 3840 3838 3839
f 3839 3863 3864
f 3865 3839 3864
f 3865 3840 3839
f 3866 3863 3839
f 3841 3866 3839
f 3867 3868 3840
f 3865 3867 3840
f 3840 3868 3862
f 3869 3841 3870
f 3871 3870 3841
f 3872 3871 3841
f 3841 3869 3866
f 3856 3872 3841
f 3842 3852 3873
f 3843 3842 3873
f 3843 3873 3874
f 3844 3843 3874
f 3844 3874 3875
f 3875 3845 3844
f 3875 3876 3845
f 3877 3848 3845
f 3877 3845 3876
f 3878 3879 3846
f 3878 3846 3880
f 3846 3847 3848
f 3846 3848 3880
f 3846 3879 3881
f 3846 3881 3849
f 3848 3882 3883
f 3848 3883 3880
f 3877 3882 3848
f 3870 3849 3884
f 3849 3870 3871
f 3849 3871 3885
f 3881 3884 3849
f 3849 3885 3859
f 3850 3886 3887
f 3851 3850 3887
f 3886 3850 3853
f 3887 3852 3851
f 3887 3888 3852
f 3873 3852 3888
f 3889 3886 3853
f 3853 3854 3890
f 3889 3853 3890
f 3854 3861 3891
f 3890 3854 3891
f 3855 3892 3893
f 3893 3894 3855
f 3894 3872 3855
f 3856 3855 3872
f 3895 3855 3857
f 3895 3896 3855
f 3855 3896 3892
f 3857 3858 3895
f 3897 3898 3858
f 3858 3899 3897
f 3858 3885 3899
f 3885 3858 3859
f 3858 3900 3895
f 3898 3900 3858
f 3861 3860 3891
f 3860 3862 3896
f 3860 3896 3891
f 3862 3892 3896
f 3868 3901 3862
f 3902 3862 3901
f 3892 3862 3902
f 3863 3903 3904
f 3864 3863 3905
f 3863 3906 3905
f 3866 3903 3863
f 3904 3907 3863
f 3907 3906 3863
f 3864 3905 3908
f 3901 3865 3864
f 3901 3864 3909
f 3909 3864 3908
f 3901 3867 3865
f 3910 3866 3869
f 3866 3910 3911
f 3903 3866 3911
f 3867 3912 3913
f 3868 3867 3913
f 3867 3914 3912
f 3901 3914 3867
f 3868 3913 3901
f 3915 3869 3916
f 3916 3869 3870
f 3915 3910 3869
f 3870 3884 3916
f 3871 3917 3918
f 3919 3917 3871
f 3920 3919 3871
f 3871 3872 3920
f 3918 3921 3871
f 3871 3921 3922
f 3871 3922 3923
f 3923 3885 3871
f 3872 3924 3920
f 3894 3924 3872
f 3873 3888 3925
f 3926 3874 3873
f 3926 3873 3925
f 3927 3875 3874
f 3927 3874 3926
f 3927 3876 3875
f 3900 3877 3876
f 3927 3900 3876
f 3900 3898 3877
f 3877 3928 3882
f 3928 3877 3929
f 3929 3877 3898
f 3930 3931 3878
f 3931 3879 3878
f 3878 3880 3928
f 3932 3878 3928
f 3930 3878 3932
f 3933 3934 3879
f 3931 3935 3879
f 3879 3934 3881
f 3879 3936 3933
f 3879 3935 3936
f 3880 3883 3928
f 3884 3881 3937
f 3938 3937 3881
f 3938 3881 3934
f 3928 3939 3882
f 3939 3883 3882
f 3939 3940 3883
f 3940 3941 3883
f 3883 3941 3928
f 3916 3884 3942
f 3884 3937 3942
f 3923 3943 3885
f 3885 3943 3899
f 3895 3886 3889
f 3895 3887 3886
f 3888 3887 3895
f 3925 3888 3895
f 3895 3889 3890
f 3895 3890 3891
f 3895 3891 3896
f 3902 3893 3892
f 3893 3902 3908
f 3893 3908 3944
f 3945 3893 3944
f 3945 3924 3893
f 3894 3893 3924
f 3926 3925 3895
f 3927 3926 3895
f 3900 3927 3895
f 3898 3897 3929
f 3930 3929 3897
f 3946 3930 3897
f 3946 3897 3947
f 3897 3943 3947
f 3943 3897 3899
f 3913 3914 3901
f 3909 3902 3901
f 3902 3909 3908
f 3904 3903 3911
f 3948 3949 3904
f 3950 3948 3904
f 3911 3950 3904
f 3951 3904 3949
f 3904 3951 3907
f 3905 3952 3908
f 3953 3952 3905
f 3953 3905 3906
f 3944 3953 3906
f 3945 3944 3906
f 3906 3907 3924
f 3945 3906 3924
f 3924 3907 3920
f 3919 3907 3951
f 3920 3907 3919
f 3944 3908 3952
f 3910 3954 3911
f 3915 3954 3910
f 3954 3950 3911
f 3912 3914 3913
f 3955 3915 3916
f 3955 3954 3915
f 3956 3955 3916
f 3916 3942 3957
f 3916 3957 3956
f 3918 3917 3958
f 3917 3919 3958
f 3959 3960 3918
f 3958 3959 3918
f 3961 3921 3918
f 3918 3960 3962
f 3918 3962 3961
f 3919 3951 3958
f 3961 3922 3921
f 3961 3963 3922
f 3963 3936 3922
f 3922 3936 3923
f 3923 3936 3943
f 3928 3941 3939
f 3928 3929 3932
f 3930 3932 3929
f 3930 3964 3931
f 3964 3930 3946
f 3931 3964 3965
f 3935 3931 3965
f 3938 3934 3933
f 3933 3966 3967
f 3933 3967 3968
f 3933 3968 3938
f 3966 3933 3963
f 3936 3963 3933
f 3935 3965 3946
f 3935 3946 3947
f 3943 3936 3935
f 3943 3935 3947
f 3938 3969 3937
f 3937 3969 3942
f 3938 3968 3969
f 3939 3941 3940
f 3942 3969 3957
f 3953 3944 3952
f 3964 3946 3965
f 3949 3948 3970
f 3948 3971 3972
f 3970 3948 3972
f 3948 3950 3971
f 3951 3949 3959
f 3959 3949 3970
f 3950 3954 3971
f 3958 3951 3959
f 3971 3954 3955
f 3972 3971 3955
f 3973 3972 3955
f 3973 3955 3956
f 3956 3957 3973
f 3957 3969 3974
f 3957 3974 3975
f 3957 3975 3973
f 3959 3970 3960
f 3970 3976 3960
f 3960 3976 3977
f 3960 3977 3962
f 3962 3963 3961
f 3962 3966 3963
f 3977 3966 3962
f 3977 3967 3966
f 3975 3974 3967
f 3975 3967 3977
f 3974 3968 3967
f 3974 3969 3968
f 3970 3978 3976
f 3970 3972 3979
f 3978 3970 3979
f 3972 3973 3980
f 3979 3972 3980
f 3981 3980 3973
f 3973 3982 3981
f 3982 3973 3975
f 3983 3975 3977
f 3982 3975 3983
f 3978 3984 3976
f 3976 3984 3985
f 3976 3986 3987
f 3976 3987 3977
f 3985 3986 3976
f 3983 3977 3987
f 3978 3979 3980
f 3988 3978 3980
f 3978 3988 3984
f 3988 3980 3981
f 3989 3988 3981
f 3981 3982 3990
f 3981 3990 3989
f 3982 3983 3987
f 3982 3987 3990
f 3984 3988 3989
f 3985 3984 3989
f 3989 3986 3985
f 3989 3990 3986
f 3986 3990 3987
f 3991 3992 3993
f 3991 3994 3992
f 3991 3995 3994
f 3991 3996 3997
f 3997 3998 3991
f 3991 3998 3999
f 3999 3995 3991
f 3993 4000 3991
f 4000 4001 3991
f 4001 4002 3991
f 4003 3996 3991
f 3991 4004 4003
f 4005 4004 3991
f 3991 4002 4005
f 3993 3992 4006
f 4006 3992 3994
f 4007 3993 4006
f 4008 4000 3993
f 4008 3993 4007
f 4009 4006 3994
f 4009 3994 3995
f 4010 4009 3995
f 4010 3995 3999
f 4011 3997 3996
f 4012 4011 3996
f 3996 4003 4013
f 3996 4013 4012
f 3997 4011 3998
f 3998 4014 4015
f 3999 3998 4015
f 4016 4014 3998
f 4011 4016 3998
f 4015 4010 3999
f 4001 4000 4008
f 4001 4008 4017
f 4002 4001 4017
f 4002 4017 4018
f 4005 4002 4018
f 4004 4013 4003
f 4019 4020 4004
f 4019 4004 4005
f 4004 4020 4021
f 4004 4021 4013
f 4005 4018 4019
f 4006 4022 4023
f 4007 4006 4023
f 4022 4006 4009
f 4023 4008 4007
f 4023 4024 4008
f 4017 4008 4024
f 4025 4022 4009
f 4025 4009 4010
f 4026 4025 4010
f 4026 4010 4015
f 4011 4012 4027
f 4016 4011 4027
f 4028 4027 4012
f 4012 4029 4028
f 4029 4012 4013
f 4029 4013 4021
f 4014 4030 4031
f 4015 4014 4031
f 4032 4014 4016
f 4032 4030 4014
f 4031 4026 4015
f 4032 4016 4027
f 4017 4024 4033
f 4018 4017 4033
f 4018 4033 4034
f 4019 4018 4034
f 4019 4034 4035
f 4035 4020 4019
f 4035 4036 4020
f 4021 4020 4037
f 4020 4036 4037
f 4029 4021 4037
f 4022 4038 4039
f 4023 4022 4039
f 4038 4022 4025
f 4039 4024 4023
f 4039 4040 4024
f 4033 4024 4040
f 4041 4038 4025
f 4041 4025 4026
f 4042 4041 4026
f 4042 4026 4031
f 4043 4027 4028
f 4043 4044 4027
f 4044 4032 4027
f 4045 4043 4028
f 4028 4029 4046
f 4028 4046 4045
f 4029 4047 4046
f 4029 4037 4047
f 4030 4048 4049
f 4031 4030 4049
f 4050 4030 4051
f 4030 4050 4052
f 4048 4030 4052
f 4032 4051 4030
f 4049 4042 4031
f 4032 4053 4051
f 4053 4032 4044
f 4033 4040 4054
f 4034 4033 4054
f 4034 4054 4055
f 4035 4034 4055
f 4035 4055 4056
f 4056 4036 4035
f 4056 4057 4036
f 4058 4036 4059
f 4060 4059 4036
f 4060 4036 4057
f 4036 4058 4037
f 4058 4061 4037
f 4047 4037 4061
f 4038 4062 4063
f 4039 4038 4063
f 4062 4038 4041
f 4063 4040 4039
f 4063 4064 4040
f 4054 4040 4064
f 4065 4062 4041
f 4065 4041 4042
f 4066 4065 4042
f 4066 4042 4049
f 4067 4043 4045
f 4068 4044 4043
f 4067 4068 4043
f 4044 4068 4053
f 4069 4067 4045
f 4045 4046 4070
f 4045 4070 4069
f 4046 4047 4071
f 4046 4071 4070
f 4061 4071 4047
f 4048 4072 4073
f 4049 4048 4073
f 4048 4052 4074
f 4072 4048 4074
f 4073 4066 4049
f 4052 4050 4051
f 4051 4075 4076
f 4077 4051 4076
f 4077 4052 4051
f 4078 4075 4051
f 4053 4078 4051
f 4079 4080 4052
f 4077 4079 4052
f 4052 4080 4074
f 4081 4053 4082
f 4083 4082 4053
f 4084 4083 4053
f 4053 4081 4078
f 4068 4084 4053
f 4054 4064 4085
f 4055 4054 4085
f 4055 4085 4086
f 4056 4055 4086
f 4056 4086 4087
f 4087 4057 4056
f 4087 4088 4057
f 4089 4060 4057
f 4089 4057 4088
f 4090 4091 4058
f 4090 4058 4092
f 4058 4059 4060
f 4058 4060 4092
f 4058 4091 4093
f 4058 4093 4061
f 4060 4094 4095
f 4060 4095 4092
f 4089 4094 4060
f 4082 4061 4096
f 4061 4082 4083
f 4061 4083 4097
f 4093 4096 4061
f 4061 4097 4071
f 4062 4098 4099
f 4063 4062 4099
f 4098 4062 4065
f 4099 4064 4063
f 4099 4100 4064
f 4085 4064 4100
f 4101 4098 4065
f 4065 4066 4102
f 4101 4065 4102
f 4066 4073 4103
f 4102 4066 4103
f 4067 4104 4105
f 4105 4106 4067
f 4106 4084 4067
f 4068 4067 4084
f 4107 4067 4069
f 4107 4108 4067
f 4067 4108 4104
f 4069 4070 4107
f 4109 4110 4070
f 4070 4111 4109
f 4070 4097 4111
f 4097 4070 4071
f 4070 4112 4107
f 4110 4112 4070
f 4073 4072 4103
f 4072 4074 4108
f 4072 4108 4103
f 4074 4104 4108
f 4080 4113 4074
f 4114 4074 4113
f 4104 4074 4114
f 4075 4115 4116
f 4076 4075 4117
f 4075 4118 4117
f 4078 4115 4075
f 4116 4119 4075
f 4119 4118 4075
f 4076 4117 4120
f 4113 4077 4076
f 4113 4076 4121
f 4121 4076 4120
f 4113 4079 4077
f 4122 4078 4081
f 4078 4122 4123
f 4115 4078 4123
f 4079 4124 4125
f 4080 4079 4125
f 4079 4126 4124
f 4113 4126 4079
f 4080 4125 4113
f 4127 4081 4128
f 4128 4081 4082
f 4127 4122 4081
f 4082 4096 4128
f 4083 4129 4130
f 4131 4129 4083
f 4132 4131 4083
f 4083 4084 4132
f 4130 4133 4083
f 4083 4133 4134
f 4083 4134 4135
f 4135 4097 4083
f 4084 4136 4132
f 4106 4136 4084
f 4085 4100 4137
f 4138 4086 4085
f 4138 4085 4137
f 4139 4087 4086
f 4139 4086 4138
f 4139 4088 4087
f 4112 4089 4088
f 4139 4112 4088
f 4112 4110 4089
f 4089 4140 4094
f 4140 4089 4141
f 4141 4089 4110
f 4142 4143 4090
f 4143 4091 4090
f 4090 4092 4140
f 4144 4090 4140
f 4142 4090 4144
f 4145 4146 4091
f 4143 4147 4091
f 4091 4146 4093
f 4091 4148 4145
f 4091 4147 4148
f 4092 4095 4140
f 4096 4093 4149
f 4150 4149 4093
f 4150 4093 4146
f 4140 4151 4094
f 4151 4095 4094
f 4151 4152 4095
f 4152 4153 4095
f 4095 4153 4140
f 4128 4096 4154
f 4096 4149 4154
f 4135 4155 4097
f 4097 4155 4111
f 4107 4098 4101
f 4107 4099 4098
f 4100 4099 4107
f 4137 4100 4107
f 4107 4101 4102
f 4107 4102 4103
f 4107 4103 4108
f 4114 4105 4104
f 4105 4114 4120
f 4105 4120 4156
f 4157 4105 4156
f 4157 4136 4105
f 4106 4105 4136
f 4138 4137 4107
f 4139 4138 4107
f 4112 4139 4107
f 4110 4109 4141
f 4142 4141 4109
f 4158 4142 4109
f 4158 4109 4159
f 4109 4155 4159
f 4155 4109 4111
f 4125 4126 4113
f 4121 4114 4113
f 4114 4121 4120
f 4116 4115 4123
f 4160 4161 4116
f 4162 4160 4116
f 4123 4162 4116
f 4163 4116 4161
f 4116 4163 4119
f 4117 4164 4120
f 4165 4164 4117
f 4165 4117 4118
f 4156 4165 4118
f 4157 4156 4118
f 4118 4119 4136
f 4157 4118 4136
f 4136 4119 4132
f 4131 4119 4163
f 4132 4119 4131
f 4156 4120 4164
f 4122 4166 4123
f 4127 4166 4122
f 4166 4162 4123
f 4124 4126 4125
f 4167 4127 4128
f 4167 4166 4127
f 4168 4167 4128
f 4128 4154 4169
f 4128 4169 4168
f 4130 4129 4170
f 4129 4131 4170
f 4171 4172 4130
f 4170 4171 4130
f 4173 4133 4130
f 4130 4172 4174
f 4130 4174 4173
f 4131 4163 4170
f 4173 4134 4133
f 4173 4175 4134
f 4175 4148 4134
f 4134 4148 4135
f 4135 4148 4155
f 4140 4153 4151
f 4140 4141 4144
f 4142 4144 4141
f 4142 4176 4143
f 4176 4142 4158
f 4143 4176 4177
f 4147 4143 4177
f 4150 4146 4145
f 4145 4178 4179
f 4145 4179 4180
f 4145 4180 4150
f 4178 4145 4175
f 4148 4175 4145
f 4147 4177 4158
f 4147 4158 4159
f 4155 4148 4147
f 4155 4147 4159
f 4150 4181 4149
f 4149 4181 4154
f 4150 4180 4181
f 4151 4153 4152
f 4154 4181 4169
f 4165 4156 4164
f 4176 4158 4177
f 4161 4160 4182
f 4160 4183 4184
f 4182 4160 4184
f 4160 4162 4183
f 4163 4161 4171
f 4171 4161 4182
f 4162 4166 4183
f 4170 4163 4171
f 4183 4166 4167
f 4184 4183 4167
f 4185 4184 4167
f 4185 4167 4168
f 4168 4169 4185
f 4169 4181 4186
f 4169 4186 4187
f 4169 4187 4185
f 4171 4182 4172
f 4182 4188 4172
f 4172 4188 4189
f 4172 4189 4174
f 4174 4175 4173
f 4174 4178 4175
f 4189 4178 4174
f 4189 4179 4178
f 4187 4186 4179
f 4187 4179 4189
f 4186 4180 4179
f 4186 4181 4180
f 4182 4190 4188
f 4182 4184 4191
f 4190 4182 4191
f 4184 4185 4192
f 4191 4184 4192
f 4193 4192 4185
f 4185 4194 4193
f 4194 4185 4187
f 4195 4187 4189
f 4194 4187 4195
f 4190 4196 4188
f 4188 4196 4197
f 4188 4198 4199
f 4188 4199 4189
f 4197 4198 4188
f 4195 4189 4199
f 4190 4191 4192
f 4200 4190 4192
f 4190 4200 4196
f 4200 4192 4193
f 4201 4200 4193
f 4193 4194 4202
f 4193 4202 4201
f 4194 4195 4199
f 4194 4199 4202
f 4196 4200 4201
f 4197 4196 4201
f 4201 4198 4197
f 4201 4202 4198
f 4198 4202 4199
f 4203 4204 4205
f 4205 4206 4203
f 4207 4204 4203
f 4203 4206 4207
f 4208 4209 4204
f 4210 4208 4204
f 4204 4209 4205
f 4204 4211 4212
f 4204 4212 4210
f 4207 4211 4204
f 4213 4205 4209
f 4213 4214 4205
f 4205 4215 4216
f 4205 4216 4206
f 4215 4205 4214
f 4206 4217 4218
f 4206 4218 4219
f 4216 4217 4206
f 4219 4220 4221
f 4219 4221 4206
f 4206 4221 4222
f 4206 4222 4223
f 4206 4223 4207
f 4211 4207 4224
f 4207 4225 4224
f 4225 4207 4223
f 4226 4209 4208
f 4226 4208 4227
f 4226 4227 4228
f 4227 4208 4210
f 4227 4210 4229
f 4213 4209 4226
f 4229 4210 4212
f 4229 4212 4230
f 4231 4211 4224
f 4212 4211 4231
f 4232 4230 4212
f 4232 4212 4231
f 4233 4234 4213
f 4233 4213 4226
f 4213 4235 4215
f 4213 4215 4214
f 4213 4234 4235
f 4216 4215 4227
f 4216 4227 4236
f 4215 4228 4227
f 4215 4235 4228
f 4217 4216 4236
f 4217 4236 4237
f 4217 4237 4238
f 4218 4217 4238
f 4219 4218 4239
f 4219 4239 4240
f 4238 4239 4218
f 4240 4241 4220
f 4240 4220 4219
f 4242 4221 4220
f 4220 4241 4242
f 4242 4243 4221
f 4243 4244 4222
f 4243 4222 4221
f 4244 4230 4223
f 4244 4223 4222
f 4225 4223 4245
f 4225 4245 4224
f 4230 4232 4223
f 4232 4245 4223
f 4231 4224 4246
f 4231 4246 4247
f 4245 4246 4224
f 4233 4226 4248
f 4248 4226 4249
f 4250 4249 4226
f 4250 4226 4228
f 4250 4228 4251
f 4252 4236 4227
f 4252 4227 4229
f 4228 4235 4253
f 4228 4253 4254
f 4228 4254 4251
f 4229 4230 4244
f 4229 4244 4252
f 4255 4231 4247
f 4256 4231 4255
f 4231 4256 4257
f 4258 4232 4231
f 4258 4231 4257
f 4259 4245 4232
f 4260 4259 4232
f 4258 4260 4232
f 4261 4262 4233
f 4261 4233 4248
f 4262 4263 4233
f 4263 4234 4233
f 4264 4265 4234
f 4264 4234 4263
f 4265 4235 4234
f 4235 4266 4253
f 4235 4265 4267
f 4235 4267 4266
f 4268 4237 4236
f 4268 4236 4252
f 4269 4238 4237
f 4269 4237 4268
f 4269 4240 4238
f 4270 4238 4240
f 4270 4239 4238
f 4239 4270 4240
f 4242 4240 4269
f 4240 4271 4241
f 4240 4242 4271
f 4242 4241 4271
f 4268 4243 4242
f 4268 4242 4269
f 4252 4244 4243
f 4252 4243 4268
f 4259 4272 4245
f 4272 4273 4274
f 4272 4274 4245
f 4246 4245 4274
f 4275 4246 4274
f 4275 4274 4276
f 4247 4246 4275
f 4255 4247 4277
f 4255 4277 4278
f 4247 4275 4277
f 4261 4248 4249
f 4261 4249 4279
f 4280 4279 4249
f 4280 4249 4281
f 4281 4249 4282
f 4282 4249 4283
f 4249 4250 4283
f 4284 4250 4265
f 4284 4265 4264
f 4250 4267 4265
f 4250 4285 4267
f 4250 4286 4287
f 4250 4287 4285
f 4250 4251 4288
f 4250 4288 4289
f 4286 4250 4290
f 4286 4290 4291
f 4250 4284 4290
f 4292 4293 4250
f 4293 4283 4250
f 4250 4289 4292
f 4254 4253 4251
f 4253 4294 4251
f 4294 4288 4251
f 4266 4294 4253
f 4256 4255 4278
f 4295 4256 4278
f 4296 4256 4295
f 4296 4295 4297
f 4298 4256 4296
f 4299 4256 4298
f 4299 4257 4256
f 4276 4274 4257
f 4276 4257 4300
f 4274 4273 4257
f 4273 4301 4257
f 4301 4302 4303
f 4301 4303 4257
f 4304 4258 4257
f 4305 4304 4257
f 4306 4307 4257
f 4306 4257 4303
f 4307 4300 4257
f 4257 4308 4309
f 4257 4299 4308
f 4309 4305 4257
f 4258 4259 4260
f 4258 4310 4259
f 4258 4304 4310
f 4259 4310 4272
f 4311 4261 4312
f 4313 4262 4261
f 4313 4261 4311
f 4312 4261 4314
f 4314 4261 4279
f 4314 4279 4315
f 4313 4316 4263
f 4313 4263 4262
f 4316 4264 4263
f 4284 4264 4316
f 4285 4266 4267
f 4294 4266 4285
f 4273 4272 4301
f 4301 4272 4310
f 4277 4275 4317
f 4277 4317 4318
f 4275 4276 4317
f 4317 4276 4300
f 4319 4278 4277
f 4319 4277 4318
f 4320 4278 4319
f 4321 4278 4320
f 4315 4295 4278
f 4315 4278 4321
f 4279 4280 4322
f 4279 4322 4323
f 4279 4323 4315
f 4280 4324 4322
f 4281 4325 4324
f 4281 4324 4280
f 4282 4325 4281
f 4283 4326 4325
f 4283 4325 4282
f 4283 4327 4326
f 4283 4293 4328
f 4283 4328 4327
f 4290 4284 4316
f 4285 4287 4294
f 4329 4287 4286
f 4329 4286 4291
f 4287 4330 4294
f 4329 4330 4287
f 4294 4330 4288
f 4289 4288 4330
f 4292 4289 4330
f 4292 4330 4331
f 4328 4291 4290
f 4328 4290 4327
f 4327 4290 4316
f 4331 4329 4291
f 4331 4291 4328
f 4293 4292 4331
f 4293 4331 4328
f 4315 4323 4332
f 4315 4332 4297
f 4315 4297 4295
f 4297 4333 4334
f 4297 4334 4296
f 4296 4334 4298
f 4332 4333 4297
f 4298 4334 4335
f 4298 4335 4299
f 4335 4336 4299
f 4336 4337 4308
f 4336 4308 4299
f 4317 4300 4307
f 4310 4302 4301
f 4303 4302 4338
f 4310 4339 4302
f 4302 4339 4338
f 4306 4303 4338
f 4304 4339 4310
f 4339 4304 4305
f 4340 4339 4305
f 4340 4305 4309
f 4336 4307 4306
f 4336 4306 4337
f 4337 4306 4338
f 4337 4338 4340
f 4317 4307 4336
f 4337 4340 4309
f 4337 4309 4308
f 4326 4341 4311
f 4326 4311 4312
f 4341 4313 4311
f 4326 4312 4325
f 4325 4312 4324
f 4312 4342 4343
f 4312 4343 4324
f 4312 4314 4342
f 4327 4316 4313
f 4327 4313 4341
f 4342 4314 4315
f 4315 4321 4342
f 4344 4318 4317
f 4344 4317 4336
f 4319 4318 4344
f 4320 4319 4344
f 4320 4344 4335
f 4334 4320 4335
f 4333 4320 4334
f 4333 4343 4342
f 4333 4342 4320
f 4342 4321 4320
f 4324 4343 4323
f 4324 4323 4322
f 4332 4323 4343
f 4332 4343 4333
f 4326 4327 4341
f 4330 4329 4331
f 4344 4336 4335
f 4340 4338 4339
f 4345 4346 4347
f 4348 4346 4345
f 4348 4345 4349
f 4347 4350 4345
f 4345 4350 4351
f 4349 4345 4351
f 4346 4352 4347
f 4352 4346 4348
f 4352 4353 4347
f 4354 4355 4347
f 4347 4356 4354
f 4357 4356 4347
f 4347 4353 4357
f 4347 4358 4350
f 4347 4359 4358
f 4347 4355 4360
f 4360 4361 4347
f 4347 4361 4362
f 4362 4359 4347
f 4363 4364 4348
f 4363 4348 4349
f 4365 4348 4364
f 4352 4348 4365
f 4349 4351 4363
f 4351 4350 4358
f 4351 4366 4363
f 4366 4351 4367
f 4367 4351 4358
f 4353 4352 4365
f 4353 4365 4368
f 4357 4353 4368
f 4355 4354 4369
f 4356 4369 4354
f 4355 4369 4370
f 4371 4360 4355
f 4370 4371 4355
f 4372 4373 4356
f 4372 4356 4357
f 4356 4373 4374
f 4356 4374 4369
f 4357 4368 4372
f 4367 4358 4359
f 4375 4367 4359
f 4375 4359 4362
f 4360 4371 4361
f 4361 4376 4377
f 4362 4361 4377
f 4378 4376 4361
f 4371 4378 4361
f 4377 4375 4362
f 4379 4364 4363
f 4363 4366 4379
f 4379 4380 4364
f 4381 4364 4380
f 4365 4364 4381
f 4368 4365 4381
f 4366 4382 4379
f 4382 4366 4383
f 4383 4366 4367
f 4383 4367 4375
f 4368 4381 4384
f 4372 4368 4384
f 4385 4370 4369
f 4385 4369 4374
f 4370 4385 4386
f 4386 4387 4370
f 4371 4370 4387
f 4378 4371 4387
f 4372 4384 4388
f 4388 4373 4372
f 4388 4389 4373
f 4374 4373 4390
f 4373 4389 4390
f 4385 4374 4390
f 4391 4383 4375
f 4391 4375 4377
f 4376 4392 4393
f 4377 4376 4393
f 4394 4376 4378
f 4394 4392 4376
f 4393 4391 4377
f 4394 4378 4387
f 4395 4380 4379
f 4379 4382 4395
f 4395 4396 4380
f 4397 4380 4396
f 4381 4380 4397
f 4384 4381 4397
f 4382 4398 4395
f 4398 4382 4399
f 4399 4382 4383
f 4399 4383 4391
f 4384 4397 4400
f 4388 4384 4400
f 4386 4385 4401
f 4385 4402 4401
f 4385 4390 4402
f 4386 4401 4403
f 4404 4387 4386
f 4403 4404 4386
f 4404 4405 4387
f 4405 4394 4387
f 4388 4400 4406
f 4406 4389 4388
f 4406 4407 4389
f 4408 4389 4409
f 4410 4409 4389
f 4410 4389 4407
f 4389 4408 4390
f 4402 4390 4411
f 4411 4390 4408
f 4412 4399 4391
f 4412 4391 4393
f 4392 4413 4414
f 4393 4392 4414
f 4415 4392 4416
f 4392 4415 4417
f 4413 4392 4417
f 4394 4416 4392
f 4414 4412 4393
f 4418 4394 4405
f 4416 4394 4418
f 4419 4396 4395
f 4395 4398 4419
f 4419 4420 4396
f 4421 4396 4420
f 4397 4396 4421
f 4400 4397 4421
f 4398 4422 4419
f 4422 4398 4423
f 4423 4398 4399
f 4423 4399 4412
f 4400 4421 4424
f 4406 4400 4424
f 4403 4401 4425
f 4401 4402 4426
f 4401 4426 4425
f 4411 4426 4402
f 4403 4425 4427
f 4428 4404 4403
f 4427 4428 4403
f 4429 4405 4404
f 4428 4429 4404
f 4405 4429 4418
f 4406 4424 4430
f 4430 4407 4406
f 4430 4431 4407
f 4432 4410 4407
f 4432 4407 4431
f 4433 4434 4408
f 4433 4408 4435
f 4408 4409 4410
f 4408 4410 4435
f 4408 4434 4436
f 4408 4436 4411
f 4410 4437 4438
f 4410 4438 4435
f 4432 4437 4410
f 4439 4411 4440
f 4411 4439 4441
f 4411 4441 4442
f 4436 4440 4411
f 4411 4442 4426
f 4443 4423 4412
f 4443 4412 4414
f 4413 4444 4445
f 4414 4413 4445
f 4413 4417 4446
f 4444 4413 4446
f 4445 4443 4414
f 4417 4415 4416
f 4416 4447 4448
f 4449 4416 4448
f 4449 4417 4416
f 4450 4447 4416
f 4418 4450 4416
f 4451 4452 4417
f 4449 4451 4417
f 4417 4452 4446
f 4453 4418 4439
f 4441 4439 4418
f 4454 4441 4418
f 4418 4453 4450
f 4429 4454 4418
f 4420 4419 4455
f 4455 4419 4422
f 4421 4420 4456
f 4456 4420 4455
f 4457 4424 4421
f 4457 4421 4456
f 4458 4422 4423
f 4455 4422 4458
f 4423 4443 4459
f 4458 4423 4459
f 4460 4430 4424
f 4460 4424 4457
f 4461 4462 4425
f 4425 4463 4461
f 4425 4442 4463
f 4442 4425 4426
f 4427 4425 4455
f 4425 4464 4455
f 4462 4464 4425
f 4455 4428 4427
f 4428 4465 4466
f 4466 4467 4428
f 4467 4454 4428
f 4429 4428 4454
f 4455 4468 4428
f 4428 4468 4465
f 4460 4431 4430
f 4464 4432 4431
f 4460 4464 4431
f 4464 4462 4432
f 4432 4469 4437
f 4469 4432 4470
f 4470 4432 4462
f 4471 4472 4433
f 4472 4434 4433
f 4433 4435 4469
f 4473 4433 4469
f 4471 4433 4473
f 4474 4475 4434
f 4472 4476 4434
f 4434 4475 4436
f 4434 4477 4474
f 4434 4476 4477
f 4435 4438 4469
f 4440 4436 4478
f 4479 4478 4436
f 4479 4436 4475
f 4469 4480 4437
f 4480 4438 4437
f 4480 4481 4438
f 4481 4482 4438
f 4438 4482 4469
f 4439 4440 4483
f 4483 4453 4439
f 4483 4440 4484
f 4440 4478 4484
f 4485 4486 4441
f 4441 4486 4487
f 4441 4487 4488
f 4488 4442 4441
f 4441 4489 4485
f 4490 4489 4441
f 4491 4490 4441
f 4441 4454 4491
f 4488 4492 4442
f 4442 4492 4463
f 4443 4445 4493
f 4459 4443 4493
f 4445 4444 4493
f 4444 4446 4468
f 4444 4468 4493
f 4446 4465 4468
f 4452 4494 4446
f 4495 4446 4494
f 4465 4446 4495
f 4447 4496 4497
f 4448 4447 4498
f 4447 4499 4498
f 4450 4496 4447
f 4497 4500 4447
f 4500 4499 4447
f 4448 4498 4501
f 4494 4449 4448
f 4494 4448 4502
f 4502 4448 4501
f 4494 4451 4449
f 4503 4450 4453
f 4450 4503 4504
f 4496 4450 4504
f 4451 4505 4506
f 4452 4451 4506
f 4451 4507 4505
f 4494 4507 4451
f 4452 4506 4494
f 4508 4453 4483
f 4508 4503 4453
f 4454 4509 4491
f 4467 4509 4454
f 4457 4456 4455
f 4460 4457 4455
f 4464 4460 4455
f 4455 4458 4459
f 4455 4459 4493
f 4455 4493 4468
f 4462 4461 4470
f 4471 4470 4461
f 4510 4471 4461
f 4510 4461 4511
f 4461 4492 4511
f 4492 4461 4463
f 4495 4466 4465
f 4466 4495 4501
f 4466 4501 4512
f 4513 4466 4512
f 4513 4509 4466
f 4467 4466 4509
f 4469 4482 4480
f 4469 4470 4473
f 4471 4473 4470
f 4471 4514 4472
f 4514 4471 4510
f 4472 4514 4515
f 4476 4472 4515
f 4479 4475 4474
f 4474 4516 4517
f 4474 4517 4518
f 4474 4518 4479
f 4516 4474 4519
f 4477 4519 4474
f 4476 4515 4510
f 4476 4510 4511
f 4492 4477 4476
f 4492 4476 4511
f 4488 4477 4492
f 4519 4477 4487
f 4487 4477 4488
f 4479 4520 4478
f 4478 4520 4484
f 4479 4518 4520
f 4480 4482 4481
f 4483 4484 4521
f 4483 4521 4522
f 4523 4508 4483
f 4522 4523 4483
f 4484 4520 4521
f 4524 4486 4485
f 4485 4525 4526
f 4485 4526 4524
f 4485 4489 4527
f 4528 4525 4485
f 4527 4528 4485
f 4524 4487 4486
f 4524 4519 4487
f 4489 4490 4527
f 4490 4529 4527
f 4490 4500 4529
f 4491 4500 4490
f 4509 4500 4491
f 4506 4507 4494
f 4502 4495 4494
f 4495 4502 4501
f 4497 4496 4504
f 4530 4531 4497
f 4532 4530 4497
f 4504 4532 4497
f 4529 4497 4531
f 4497 4529 4500
f 4498 4533 4501
f 4534 4533 4498
f 4534 4498 4499
f 4512 4534 4499
f 4513 4512 4499
f 4499 4500 4509
f 4513 4499 4509
f 4512 4501 4533
f 4503 4535 4504
f 4508 4535 4503
f 4535 4532 4504
f 4505 4507 4506
f 4523 4535 4508
f 4514 4510 4515
f 4534 4512 4533
f 4526 4516 4519
f 4536 4517 4516
f 4536 4516 4526
f 4537 4538 4517
f 4537 4517 4536
f 4538 4518 4517
f 4538 4520 4518
f 4526 4519 4524
f 4521 4520 4538
f 4521 4538 4537
f 4521 4537 4539
f 4522 4521 4539
f 4539 4523 4522
f 4540 4535 4523
f 4541 4540 4523
f 4539 4541 4523
f 4525 4542 4536
f 4525 4536 4526
f 4543 4542 4525
f 4528 4543 4525
f 4527 4529 4528
f 4529 4531 4528
f 4528 4531 4543
f 4531 4530 4543
f 4530 4540 4541
f 4543 4530 4541
f 4530 4532 4540
f 4532 4535 4540
f 4542 4544 4536
f 4545 4537 4536
f 4545 4536 4544
f 4546 4539 4537
f 4546 4537 4545
f 4539 4546 4547
f 4547 4548 4539
f 4541 4539 4548
f 4543 4541 4549
f 4549 4541 4548
f 4542 4550 4544
f 4551 4550 4542
f 4552 4553 4542
f 4543 4552 4542
f 4542 4553 4551
f 4552 4543 4549
f 4546 4545 4544
f 4546 4544 4554
f 4550 4554 4544
f 4547 4546 4554
f 4547 4554 4555
f 4556 4548 4547
f 4555 4556 4547
f 4552 4549 4548
f 4556 4552 4548
f 4555 4554 4550
f 4555 4550 4551
f 4551 4553 4555
f 4552 4556 4553
f 4553 4556 4555
f 4557 4558 4559
f 4557 4559 4560
f 4557 4560 4561
f 4557 4562 4563
f 4557 4563 4558
f 4561 4560 4564
f 4561 4564 4565
f 4561 4565 4557
f 4565 4566 4562
f 4565 4562 4557
f 4558 4567 4559
f 4568 4569 4567
f 4568 4567 4558
f 4558 4563 4570
f 4558 4570 4568
f 4559 4571 4572
f 4559 4572 4560
f 4567 4573 4571
f 4567 4571 4559
f 4560 4572 4574
f 4560 4574 4564
f 4575 4572 4571
f 4575 4571 4563
f 4575 4563 4562
f 4562 4566 4574
f 4562 4574 4572
f 4562 4572 4575
f 4571 4573 4563
f 4563 4573 4576
f 4563 4576 4570
f 4564 4577 4565
f 4564 4574 4578
f 4564 4578 4577
f 4565 4577 4579
f 4565 4579 4580
f 4580 4581 4566
f 4580 4566 4565
f 4566 4578 4574
f 4581 4582 4578
f 4581 4578 4566
f 4569 4576 4573
f 4569 4573 4567
f 4583 4569 4568
f 4584 4583 4568
f 4585 4584 4568
f 4586 4587 4585
f 4586 4585 4568
f 4568 4570 4588
f 4568 4588 4586
f 4583 4589 4576
f 4583 4576 4569
f 4570 4576 4589
f 4570 4589 4590
f 4570 4590 4591
f 4570 4591 4592
f 4570 4592 4588
f 4577 4578 4582
f 4577 4582 4579
f 4580 4579 4593
f 4579 4582 4594
f 4579 4594 4593
f 4580 4593 4595
f 4580 4595 4596
f 4580 4596 4597
f 4580 4597 4598
f 4598 4599 4581
f 4598 4581 4580
f 4594 4582 4581
f 4600 4594 4581
f 4601 4600 4581
f 4599 4602 4601
f 4599 4601 4581
f 4584 4590 4589
f 4584 4589 4583
f 4585 4591 4590
f 4585 4590 4584
f 4587 4592 4591
f 4587 4591 4585
f 4586 4603 4604
f 4586 4604 4587
f 4586 4588 4605
f 4586 4605 4603
f 4604 4606 4592
f 4604 4592 4587
f 4592 4606 4605
f 4592 4605 4588
f 4593 4594 4600
f 4593 4600 4595
f 4595 4600 4601
f 4595 4601 4596
f 4596 4601 4602
f 4596 4602 4597
f 4597 4607 4608
f 4597 4608 4598
f 4597 4602 4609
f 4597 4609 4607
f 4608 4610 4599
f 4608 4599 4598
f 4599 4610 4609
f 4599 4609 4602
f 4603 4611 4612
f 4603 4612 4604
f 4603 4605 4613
f 4603 4613 4611
f 4612 4614 4606
f 4612 4606 4604
f 4606 4614 4613
f 4606 4613 4605
f 4607 4615 4616
f 4607 4616 4608
f 4607 4609 4617
f 4607 4617 4615
f 4616 4618 4610
f 4616 4610 4608
f 4610 4618 4617
f 4610 4617 4609
f 4619 4620 4612
f 4619 4612 4611
f 4611 4613 4621
f 4611 4621 4619
f 4620 4622 4614
f 4620 4614 4612
f 4613 4614 4622
f 4613 4622 4621
f 4616 4615 4623
f 4616 4623 4624
f 4615 4617 4625
f 4615 4625 4623
f 4624 4626 4618
f 4624 4618 4616
f 4626 4625 4617
f 4626 4617 4618
f 4627 4628 4619
f 4628 4629 4619
f 4629 4620 4619
f 4630 4631 4627
f 4630 4627 4619
f 4630 4619 4621
f 4630 4621 4632
f 4633 4634 4620
f 4633 4620 4629
f 4634 4635 4622
f 4634 4622 4620
f 4621 4636 4637
f 4621 4638 4636
f 4621 4622 4638
f 4621 4637 4639
f 4621 4639 4632
f 4638 4622 4635
f 4638 4635 4640
f 4624 4623 4641
f 4641 4623 4642
f 4641 4642 4643
f 4623 4625 4644
f 4623 4644 4642
f 4624 4645 4646
f 4624 4641 4645
f 4624 4646 4647
f 4624 4647 4648
f 4649 4626 4624
f 4649 4624 4648
f 4650 4625 4626
f 4651 4644 4625
f 4651 4625 4650
f 4652 4653 4626
f 4653 4650 4626
f 4649 4654 4652
f 4649 4652 4626
f 4627 4655 4656
f 4627 4656 4628
f 4631 4657 4655
f 4631 4655 4627
f 4656 4629 4628
f 4656 4633 4629
f 4658 4659 4631
f 4658 4631 4630
f 4658 4630 4632
f 4658 4632 4660
f 4659 4661 4657
f 4659 4657 4631
f 4632 4639 4662
f 4632 4662 4660
f 4663 4634 4633
f 4656 4663 4633
f 4663 4664 4635
f 4663 4635 4634
f 4640 4635 4664
f 4636 4638 4665
f 4636 4665 4666
f 4636 4666 4637
f 4637 4666 4667
f 4637 4667 4639
f 4638 4640 4665
f 4639 4667 4668
f 4639 4668 4662
f 4640 4664 4665
f 4645 4641 4669
f 4641 4643 4669
f 4643 4642 4670
f 4642 4644 4671
f 4642 4671 4670
f 4643 4670 4669
f 4671 4644 4651
f 4645 4669 4672
f 4645 4672 4646
f 4646 4672 4673
f 4646 4673 4647
f 4648 4647 4674
f 4648 4674 4675
f 4647 4673 4676
f 4647 4676 4674
f 4677 4649 4648
f 4677 4648 4675
f 4677 4678 4654
f 4677 4654 4649
f 4679 4650 4653
f 4679 4651 4650
f 4679 4671 4651
f 4652 4680 4679
f 4652 4679 4653
f 4654 4681 4680
f 4654 4680 4652
f 4678 4682 4681
f 4678 4681 4654
f 4655 4683 4684
f 4655 4684 4656
f 4657 4685 4683
f 4657 4683 4655
f 4684 4663 4656
f 4661 4686 4685
f 4661 4685 4657
f 4687 4688 4659
f 4687 4659 4658
f 4658 4660 4689
f 4658 4689 4687
f 4688 4690 4661
f 4688 4661 4659
f 4660 4662 4691
f 4660 4691 4689
f 4690 4686 4661
f 4662 4668 4692
f 4662 4692 4691
f 4693 4663 4684
f 4693 4694 4664
f 4693 4664 4663
f 4665 4664 4695
f 4695 4664 4694
f 4665 4695 4696
f 4665 4696 4666
f 4666 4696 4697
f 4666 4697 4667
f 4667 4697 4698
f 4667 4698 4668
f 4668 4698 4692
f 4669 4670 4699
f 4669 4699 4700
f 4669 4700 4672
f 4699 4670 4701
f 4670 4671 4702
f 4670 4702 4701
f 4703 4671 4679
f 4702 4671 4703
f 4672 4700 4704
f 4672 4704 4673
f 4673 4704 4705
f 4673 4705 4676
f 4675 4674 4706
f 4675 4706 4707
f 4674 4676 4708
f 4674 4708 4706
f 4707 4709 4677
f 4707 4677 4675
f 4676 4705 4708
f 4709 4710 4678
f 4709 4678 4677
f 4710 4711 4682
f 4710 4682 4678
f 4680 4712 4703
f 4680 4703 4679
f 4681 4713 4712
f 4681 4712 4680
f 4682 4714 4713
f 4682 4713 4681
f 4711 4714 4682
f 4685 4697 4696
f 4685 4696 4683
f 4683 4696 4695
f 4683 4695 4684
f 4715 4716 4693
f 4715 4693 4684
f 4684 4695 4717
f 4684 4717 4715
f 4686 4698 4697
f 4686 4697 4685
f 4718 4719 4686
f 4718 4686 4690
f 4719 4720 4698
f 4719 4698 4686
f 4721 4688 4687
f 4687 4689 4722
f 4687 4722 4721
f 4723 4724 4688
f 4723 4688 4721
f 4725 4690 4688
f 4724 4726 4725
f 4724 4725 4688
f 4689 4691 4722
f 4725 4727 4718
f 4725 4718 4690
f 4722 4691 4728
f 4722 4728 4729
f 4691 4692 4730
f 4691 4730 4731
f 4691 4731 4728
f 4692 4698 4720
f 4692 4720 4732
f 4692 4732 4733
f 4692 4733 4730
f 4716 4734 4694
f 4716 4694 4693
f 4695 4694 4734
f 4695 4734 4717
f 4699 4701 4735
f 4699 4735 4736
f 4699 4703 4712
f 4699 4712 4700
f 4736 4737 4703
f 4736 4703 4699
f 4700 4712 4713
f 4700 4713 4704
f 4701 4702 4738
f 4701 4738 4735
f 4737 4738 4702
f 4737 4702 4703
f 4704 4713 4714
f 4704 4714 4705
f 4708 4705 4739
f 4708 4739 4740
f 4705 4714 4741
f 4705 4741 4739
f 4707 4706 4742
f 4742 4706 4743
f 4742 4743 4744
f 4706 4708 4745
f 4706 4745 4746
f 4706 4746 4743
f 4742 4747 4709
f 4742 4709 4707
f 4708 4740 4748
f 4708 4748 4745
f 4747 4710 4709
f 4749 4750 4710
f 4749 4710 4747
f 4751 4711 4710
f 4750 4752 4751
f 4750 4751 4710
f 4753 4741 4714
f 4753 4714 4711
f 4751 4754 4753
f 4751 4753 4711
f 4755 4756 4716
f 4755 4716 4715
f 4715 4717 4757
f 4715 4757 4755
f 4756 4758 4734
f 4756 4734 4716
f 4717 4734 4758
f 4717 4758 4757
f 4718 4759 4719
f 4718 4732 4760
f 4718 4760 4759
f 4727 4733 4732
f 4727 4732 4718
f 4719 4759 4761
f 4719 4761 4762
f 4762 4763 4720
f 4762 4720 4719
f 4763 4764 4760
f 4763 4760 4720
f 4720 4760 4732
f 4721 4722 4729
f 4721 4729 4723
f 4765 4724 4723
f 4723 4729 4766
f 4723 4766 4765
f 4765 4767 4724
f 4767 4768 4726
f 4767 4726 4724
f 4726 4769 4727
f 4726 4727 4725
f 4768 4770 4769
f 4768 4769 4726
f 4769 4771 4733
f 4769 4733 4727
f 4729 4728 4766
f 4728 4772 4766
f 4728 4731 4773
f 4728 4773 4772
f 4730 4733 4771
f 4730 4771 4731
f 4731 4771 4774
f 4731 4774 4773
f 4736 4735 4775
f 4736 4775 4776
f 4735 4738 4777
f 4735 4777 4775
f 4776 4778 4737
f 4776 4737 4736
f 4778 4777 4738
f 4778 4738 4737
f 4779 4780 4781
f 4779 4781 4739
f 4739 4781 4740
f 4739 4741 4782
f 4739 4782 4779
f 4781 4783 4753
f 4781 4753 4740
f 4740 4753 4754
f 4740 4754 4748
f 4741 4783 4784
f 4741 4784 4782
f 4753 4783 4741
f 4744 4749 4747
f 4744 4747 4742
f 4744 4743 4785
f 4743 4786 4785
f 4743 4746 4787
f 4743 4787 4786
f 4785 4788 4749
f 4785 4749 4744
f 4745 4748 4789
f 4745 4789 4746
f 4746 4789 4790
f 4746 4790 4787
f 4748 4754 4791
f 4748 4791 4789
f 4788 4750 4749
f 4788 4792 4750
f 4792 4793 4752
f 4792 4752 4750
f 4752 4791 4754
f 4752 4754 4751
f 4793 4794 4791
f 4793 4791 4752
f 4795 4796 4756
f 4795 4756 4755
f 4755 4757 4797
f 4755 4797 4795
f 4796 4798 4758
f 4796 4758 4756
f 4757 4758 4798
f 4757 4798 4797
f 4759 4760 4764
f 4759 4764 4761
f 4762 4761 4799
f 4762 4799 4800
f 4761 4764 4801
f 4761 4801 4799
f 4800 4802 4763
f 4800 4763 4762
f 4802 4801 4764
f 4802 4764 4763
f 4765 4770 4768
f 4765 4768 4767
f 4803 4804 4770
f 4803 4770 4765
f 4765 4766 4805
f 4765 4805 4803
f 4772 4773 4774
f 4772 4774 4766
f 4766 4774 4806
f 4766 4806 4805
f 4770 4774 4771
f 4770 4771 4769
f 4804 4806 4774
f 4804 4774 4770
f 4776 4775 4807
f 4776 4807 4808
f 4775 4777 4809
f 4775 4809 4807
f 4808 4810 4778
f 4808 4778 4776
f 4810 4809 4777
f 4810 4777 4778
f 4811 4812 4780
f 4811 4780 4779
f 4779 4782 4813
f 4779 4813 4811
f 4812 4814 4784
f 4812 4784 4780
f 4780 4784 4783
f 4780 4783 4781
f 4782 4784 4814
f 4782 4814 4813
f 4786 4787 4790
f 4786 4790 4785
f 4785 4790 4815
f 4785 4815 4816
f 4816 4817 4788
f 4816 4788 4785
f 4788 4794 4793
f 4788 4793 4792
f 4817 4818 4794
f 4817 4794 4788
f 4789 4791 4794
f 4789 4794 4790
f 4790 4794 4818
f 4790 4818 4815
f 4819 4796 4795
f 4820 4819 4795
f 4821 4820 4795
f 4822 4821 4795
f 4823 4824 4822
f 4823 4822 4795
f 4795 4797 4825
f 4795 4825 4823
f 4819 4826 4798
f 4819 4798 4796
f 4797 4798 4826
f 4797 4826 4827
f 4797 4827 4828
f 4797 4828 4829
f 4797 4829 4830
f 4797 4830 4825
f 4800 4799 4824
f 4800 4824 4823
f 4799 4801 4830
f 4799 4830 4824
f 4823 4825 4802
f 4823 4802 4800
f 4825 4830 4801
f 4825 4801 4802
f 4831 4832 4804
f 4831 4804 4803
f 4803 4805 4833
f 4803 4833 4831
f 4832 4834 4806
f 4832 4806 4804
f 4805 4806 4834
f 4805 4834 4833
f 4808 4807 4835
f 4807 4809 4836
f 4807 4836 4835
f 4808 4835 4837
f 4808 4837 4838
f 4808 4838 4839
f 4808 4839 4840
f 4808 4840 4841
f 4841 4842 4810
f 4841 4810 4808
f 4836 4809 4810
f 4843 4836 4810
f 4844 4843 4810
f 4845 4844 4810
f 4842 4846 4845
f 4842 4845 4810
f 4841 4840 4812
f 4841 4812 4811
f 4811 4813 4842
f 4811 4842 4841
f 4840 4846 4814
f 4840 4814 4812
f 4813 4814 4846
f 4813 4846 4842
f 4816 4815 4847
f 4816 4847 4848
f 4815 4818 4849
f 4815 4849 4847
f 4848 4850 4817
f 4848 4817 4816
f 4850 4849 4818
f 4850 4818 4817
f 4820 4827 4826
f 4820 4826 4819
f 4821 4828 4827
f 4821 4827 4820
f 4822 4829 4828
f 4822 4828 4821
f 4824 4830 4829
f 4824 4829 4822
f 4851 4832 4831
f 4851 4831 4852
f 4831 4833 4853
f 4831 4853 4852
f 4851 4854 4834
f 4851 4834 4832
f 4853 4833 4834
f 4853 4834 4854
f 4835 4836 4843
f 4835 4843 4837
f 4837 4843 4844
f 4837 4844 4838
f 4838 4844 4845
f 4838 4845 4839
f 4839 4845 4846
f 4839 4846 4840
f 4855 4848 4847
f 4855 4847 4856
f 4847 4849 4857
f 4847 4857 4856
f 4855 4858 4850
f 4855 4850 4848
f 4857 4849 4850
f 4857 4850 4858
f 4859 4851 4852
f 4860 4861 4851
f 4860 4851 4859
f 4861 4862 4854
f 4861 4854 4851
f 4852 4853 4863
f 4852 4863 4859
f 4853 4854 4863
f 4863 4854 4862
f 4863 4862 4864
f 4855 4856 4865
f 4865 4866 4858
f 4865 4858 4855
f 4865 4856 4861
f 4865 4861 4860
f 4856 4857 4862
f 4856 4862 4861
f 4866 4857 4858
f 4864 4862 4857
f 4864 4857 4866
f 4859 4863 4864
f 4859 4864 4860
f 4860 4864 4866
f 4860 4866 4865
f 4867 4868 4869
f 4869 4870 4867
f 4871 4868 4867
f 4867 4870 4871
f 4872 4873 4868
f 4874 4872 4868
f 4868 4873 4869
f 4868 4875 4876
f 4868 4876 4874
f 4871 4875 4868
f 4877 4869 4873
f 4877 4878 4869
f 4869 4879 4880
f 4869 4880 4870
f 4879 4869 4878
f 4870 4881 4882
f 4870 4882 4883
f 4880 4881 4870
f 4883 4884 4885
f 4883 4885 4870
f 4870 4885 4886
f 4870 4886 4887
f 4870 4887 4871
f 4875 4871 4888
f 4871 4889 4888
f 4889 4871 4887
f 4890 4873 4872
f 4890 4872 4891
f 4890 4891 4892
f 4891 4872 4874
f 4891 4874 4893
f 4877 4873 4890
f 4893 4874 4876
f 4893 4876 4894
f 4895 4875 4888
f 4876 4875 4895
f 4896 4894 4876
f 4896 4876 4895
f 4897 4898 4877
f 4897 4877 4890
f 4877 4899 4879
f 4877 4879 4878
f 4877 4898 4899
f 4880 4879 4891
f 4880 4891 4900
f 4879 4892 4891
f 4879 4899 4892
f 4881 4880 4900
f 4881 4900 4901
f 4881 4901 4902
f 4882 4881 4902
f 4883 4882 4903
f 4883 4903 4904
f 4902 4903 4882
f 4904 4905 4884
f 4904 4884 4883
f 4906 4885 4884
f 4884 4905 4906
f 4906 4907 4885
f 4907 4908 4886
f 4907 4886 4885
f 4908 4894 4887
f 4908 4887 4886
f 4889 4887 4909
f 4889 4909 4888
f 4894 4896 4887
f 4896 4909 4887
f 4895 4888 4910
f 4895 4910 4911
f 4909 4910 4888
f 4897 4890 4912
f 4912 4890 4913
f 4914 4913 4890
f 4914 4890 4892
f 4914 4892 4915
f 4916 4900 4891
f 4916 4891 4893
f 4892 4899 4917
f 4892 4917 4918
f 4892 4918 4915
f 4893 4894 4908
f 4893 4908 4916
f 4919 4895 4911
f 4920 4895 4919
f 4895 4920 4921
f 4922 4896 4895
f 4922 4895 4921
f 4923 4909 4896
f 4924 4923 4896
f 4922 4924 4896
f 4925 4926 4897
f 4925 4897 4912
f 4926 4927 4897
f 4927 4898 4897
f 4928 4929 4898
f 4928 4898 4927
f 4929 4899 4898
f 4899 4930 4917
f 4899 4929 4931
f 4899 4931 4930
f 4932 4901 4900
f 4932 4900 4916
f 4933 4902 4901
f 4933 4901 4932
f 4933 4904 4902
f 4934 4902 4904
f 4934 4903 4902
f 4903 4934 4904
f 4906 4904 4933
f 4904 4935 4905
f 4904 4906 4935
f 4906 4905 4935
f 4932 4907 4906
f 4932 4906 4933
f 4916 4908 4907
f 4916 4907 4932
f 4923 4936 4909
f 4936 4937 4938
f 4936 4938 4909
f 4910 4909 4938
f 4939 4910 4938
f 4939 4938 4940
f 4911 4910 4939
f 4919 4911 4941
f 4919 4941 4942
f 4911 4939 4941
f 4925 4912 4913
f 4925 4913 4943
f 4944 4943 4913
f 4944 4913 4945
f 4945 4913 4946
f 4946 4913 4947
f 4913 4914 4947
f 4948 4914 4929
f 4948 4929 4928
f 4914 4931 4929
f 4914 4949 4931
f 4914 4950 4951
f 4914 4951 4949
f 4914 4915 4952
f 4914 4952 4953
f 4950 4914 4954
f 4950 4954 4955
f 4914 4948 4954
f 4956 4957 4914
f 4957 4947 4914
f 4914 4953 4956
f 4918 4917 4915
f 4917 4958 4915
f 4958 4952 4915
f 4930 4958 4917
f 4920 4919 4942
f 4959 4920 4942
f 4960 4920 4959
f 4960 4959 4961
f 4962 4920 4960
f 4963 4920 4962
f 4963 4921 4920
f 4940 4938 4921
f 4940 4921 4964
f 4938 4937 4921
f 4937 4965 4921
f 4965 4966 4967
f 4965 4967 4921
f 4968 4922 4921
f 4969 4968 4921
f 4970 4971 4921
f 4970 4921 4967
f 4971 4964 4921
f 4921 4972 4973
f 4921 4963 4972
f 4973 4969 4921
f 4922 4923 4924
f 4922 4974 4923
f 4922 4968 4974
f 4923 4974 4936
f 4975 4925 4976
f 4977 4926 4925
f 4977 4925 4975
f 4976 4925 4978
f 4978 4925 4943
f 4978 4943 4979
f 4977 4980 4927
f 4977 4927 4926
f 4980 4928 4927
f 4948 4928 4980
f 4949 4930 4931
f 4958 4930 4949
f 4937 4936 4965
f 4965 4936 4974
f 4941 4939 4981
f 4941 4981 4982
f 4939 4940 4981
f 4981 4940 4964
f 4983 4942 4941
f 4983 4941 4982
f 4984 4942 4983
f 4985 4942 4984
f 4979 4959 4942
f 4979 4942 4985
f 4943 4944 4986
f 4943 4986 4987
f 4943 4987 4979
f 4944 4988 4986
f 4945 4989 4988
f 4945 4988 4944
f 4946 4989 4945
f 4947 4990 4989
f 4947 4989 4946
f 4947 4991 4990
f 4947 4957 4992
f 4947 4992 4991
f 4954 4948 4980
f 4949 4951 4958
f 4993 4951 4950
f 4993 4950 4955
f 4951 4994 4958
f 4993 4994 4951
f 4958 4994 4952
f 4953 4952 4994
f 4956 4953 4994
f 4956 4994 4995
f 4992 4955 4954
f 4992 4954 4991
f 4991 4954 4980
f 4995 4993 4955
f 4995 4955 4992
f 4957 4956 4995
f 4957 4995 4992
f 4979 4987 4996
f 4979 4996 4961
f 4979 4961 4959
f 4961 4997 4998
f 4961 4998 4960
f 4960 4998 4962
f 4996 4997 4961
f 4962 4998 4999
f 4962 4999 4963
f 4999 5000 4963
f 5000 5001 4972
f 5000 4972 4963
f 4981 4964 4971
f 4974 4966 4965
f 4967 4966 5002
f 4974 5003 4966
f 4966 5003 5002
f 4970 4967 5002
f 4968 5003 4974
f 5003 4968 4969
f 5004 5003 4969
f 5004 4969 4973
f 5000 4971 4970
f 5000 4970 5001
f 5001 4970 5002
f 5001 5002 5004
f 4981 4971 5000
f 5001 5004 4973
f 5001 4973 4972
f 4990 5005 4975
f 4990 4975 4976
f 5005 4977 4975
f 4990 4976 4989
f 4989 4976 4988
f 4976 5006 5007
f 4976 5007 4988
f 4976 4978 5006
f 4991 4980 4977
f 4991 4977 5005
f 5006 4978 4979
f 4979 4985 5006
f 5008 4982 4981
f 5008 4981 5000
f 4983 4982 5008
f 4984 4983 5008
f 4984 5008 4999
f 4998 4984 4999
f 4997 4984 4998
f 4997 5007 5006
f 4997 5006 4984
f 5006 4985 4984
f 4988 5007 4987
f 4988 4987 4986
f 4996 4987 5007
f 4996 5007 4997
f 4990 4991 5005
f 4994 4993 4995
f 5008 5000 4999
f 5004 5002 5003
f 5009 5010 5011
f 5011 5012 5009
f 5013 5010 5009
f 5009 5012 5013
f 5014 5015 5010
f 5016 5014 5010
f 5010 5015 5011
f 5010 5017 5018
f 5010 5018 5016
f 5013 5017 5010
f 5019 5011 5015
f 5019 5020 5011
f 5011 5021 5022
f 5011 5022 5012
f 5021 5011 5020
f 5012 5023 5024
f 5012 5024 5025
f 5022 5023 5012
f 5025 5026 5027
f 5025 5027 5012
f 5012 5027 5028
f 5012 5028 5029
f 5012 5029 5013
f 5017 5013 5030
f 5013 5031 5030
f 5031 5013 5029
f 5032 5015 5014
f 5032 5014 5033
f 5032 5033 5034
f 5033 5014 5016
f 5033 5016 5035
f 5019 5015 5032
f 5035 5016 5018
f 5035 5018 5036
f 5037 5017 5030
f 5018 5017 5037
f 5038 5036 5018
f 5038 5018 5037
f 5039 5040 5019
f 5039 5019 5032
f 5019 5041 5021
f 5019 5021 5020
f 5019 5040 5041
f 5022 5021 5033
f 5022 5033 5042
f 5021 5034 5033
f 5021 5041 5034
f 5023 5022 5042
f 5023 5042 5043
f 5023 5043 5044
f 5024 5023 5044
f 5025 5024 5045
f 5025 5045 5046
f 5044 5045 5024
f 5046 5047 5026
f 5046 5026 5025
f 5048 5027 5026
f 5026 5047 5048
f 5048 5049 5027
f 5049 5050 5028
f 5049 5028 5027
f 5050 5036 5029
f 5050 5029 5028
f 5031 5029 5051
f 5031 5051 5030
f 5036 5038 5029
f 5038 5051 5029
f 5037 5030 5052
f 5037 5052 5053
f 5051 5052 5030
f 5039 5032 5054
f 5054 5032 5055
f 5056 5055 5032
f 5056 5032 5034
f 5056 5034 5057
f 5058 5042 5033
f 5058 5033 5035
f 5034 5041 5059
f 5034 5059 5060
f 5034 5060 5057
f 5035 5036 5050
f 5035 5050 5058
f 5061 5037 5053
f 5062 5037 5061
f 5037 5062 5063
f 5064 5038 5037
f 5064 5037 5063
f 5065 5051 5038
f 5066 5065 5038
f 5064 5066 5038
f 5067 5068 5039
f 5067 5039 5054
f 5068 5069 5039
f 5069 5040 5039
f 5070 5071 5040
f 5070 5040 5069
f 5071 5041 5040
f 5041 5072 5059
f 5041 5071 5073
f 5041 5073 5072
f 5074 5043 5042
f 5074 5042 5058
f 5075 5044 5043
f 5075 5043 5074
f 5075 5046 5044
f 5076 5044 5046
f 5076 5045 5044
f 5045 5076 5046
f 5048 5046 5075
f 5046 5077 5047
f 5046 5048 5077
f 5048 5047 5077
f 5074 5049 5048
f 5074 5048 5075
f 5058 5050 5049
f 5058 5049 5074
f 5065 5078 5051
f 5078 5079 5080
f 5078 5080 5051
f 5052 5051 5080
f 5081 5052 5080
f 5081 5080 5082
f 5053 5052 5081
f 5061 5053 5083
f 5061 5083 5084
f 5053 5081 5083
f 5067 5054 5055
f 5067 5055 5085
f 5086 5085 5055
f 5086 5055 5087
f 5087 5055 5088
f 5088 5055 5089
f 5055 5056 5089
f 5090 5056 5071
f 5090 5071 5070
f 5056 5073 5071
f 5056 5091 5073
f 5056 5092 5093
f 5056 5093 5091
f 5056 5057 5094
f 5056 5094 5095
f 5092 5056 5096
f 5092 5096 5097
f 5056 5090 5096
f 5098 5099 5056
f 5099 5089 5056
f 5056 5095 5098
f 5060 5059 5057
f 5059 5100 5057
f 5100 5094 5057
f 5072 5100 5059
f 5062 5061 5084
f 5101 5062 5084
f 5102 5062 5101
f 5102 5101 5103
f 5104 5062 5102
f 5105 5062 5104
f 5105 5063 5062
f 5082 5080 5063
f 5082 5063 5106
f 5080 5079 5063
f 5079 5107 5063
f 5107 5108 5109
f 5107 5109 5063
f 5110 5064 5063
f 5111 5110 5063
f 5112 5113 5063
f 5112 5063 5109
f 5113 5106 5063
f 5063 5114 5115
f 5063 5105 5114
f 5115 5111 5063
f 5064 5065 5066
f 5064 5116 5065
f 5064 5110 5116
f 5065 5116 5078
f 5117 5067 5118
f 5119 5068 5067
f 5119 5067 5117
f 5118 5067 5120
f 5120 5067 5085
f 5120 5085 5121
f 5119 5122 5069
f 5119 5069 5068
f 5122 5070 5069
f 5090 5070 5122
f 5091 5072 5073
f 5100 5072 5091
f 5079 5078 5107
f 5107 5078 5116
f 5083 5081 5123
f 5083 5123 5124
f 5081 5082 5123
f 5123 5082 5106
f 5125 5084 5083
f 5125 5083 5124
f 5126 5084 5125
f 5127 5084 5126
f 5121 5101 5084
f 5121 5084 5127
f 5085 5086 5128
f 5085 5128 5129
f 5085 5129 5121
f 5086 5130 5128
f 5087 5131 5130
f 5087 5130 5086
f 5088 5131 5087
f 5089 5132 5131
f 5089 5131 5088
f 5089 5133 5132
f 5089 5099 5134
f 5089 5134 5133
f 5096 5090 5122
f 5091 5093 5100
f 5135 5093 5092
f 5135 5092 5097
f 5093 5136 5100
f 5135 5136 5093
f 5100 5136 5094
f 5095 5094 5136
f 5098 5095 5136
f 5098 5136 5137
f 5134 5097 5096
f 5134 5096 5133
f 5133 5096 5122
f 5137 5135 5097
f 5137 5097 5134
f 5099 5098 5137
f 5099 5137 5134
f 5121 5129 5138
f 5121 5138 5103
f 5121 5103 5101
f 5103 5139 5140
f 5103 5140 5102
f 5102 5140 5104
f 5138 5139 5103
f 5104 5140 5141
f 5104 5141 5105
f 5141 5142 5105
f 5142 5143 5114
f 5142 5114 5105
f 5123 5106 5113
f 5116 5108 5107
f 5109 5108 5144
f 5116 5145 5108
f 5108 5145 5144
f 5112 5109 5144
f 5110 5145 5116
f 5145 5110 5111
f 5146 5145 5111
f 5146 5111 5115
f 5142 5113 5112
f 5142 5112 5143
f 5143 5112 5144
f 5143 5144 5146
f 5123 5113 5142
f 5143 5146 5115
f 5143 5115 5114
f 5132 5147 5117
f 5132 5117 5118
f 5147 5119 5117
f 5132 5118 5131
f 5131 5118 5130
f 5118 5148 5149
f 5118 5149 5130
f 5118 5120 5148
f 5133 5122 5119
f 5133 5119 5147
f 5148 5120 5121
f 5121 5127 5148
f 5150 5124 5123
f 5150 5123 5142
f 5125 5124 5150
f 5126 5125 5150
f 5126 5150 5141
f 5140 5126 5141
f 5139 5126 5140
f 5139 5149 5148
f 5139 5148 5126
f 5148 5127 5126
f 5130 5149 5129
f 5130 5129 5128
f 5138 5129 5149
f 5138 5149 5139
f 5132 5133 5147
f 5136 5135 5137
f 5150 5142 5141
f 5146 5144 5145
f 5151 5152 5153
f 5153 5154 5151
f 5155 5152 5151
f 5151 5154 5155
f 5156 5157 5152
f 5158 5156 5152
f 5152 5157 5153
f 5152 5159 5160
f 5152 5160 5158
f 5155 5159 5152
f 5161 5153 5157
f 5161 5162 5153
f 5153 5163 5164
f 5153 5164 5154
f 5163 5153 5162
f 5154 5165 5166
f 5154 5166 5167
f 5164 5165 5154
f 5167 5168 5169
f 5167 5169 5154
f 5154 5169 5170
f 5154 5170 5171
f 5154 5171 5155
f 5159 5155 5172
f 5155 5173 5172
f 5173 5155 5171
f 5174 5157 5156
f 5174 5156 5175
f 5174 5175 5176
f 5175 5156 5158
f 5175 5158 5177
f 5161 5157 5174
f 5177 5158 5160
f 5177 5160 5178
f 5179 5159 5172
f 5160 5159 5179
f 5180 5178 5160
f 5180 5160 5179
f 5181 5182 5161
f 5181 5161 5174
f 5161 5183 5163
f 5161 5163 5162
f 5161 5182 5183
f 5164 5163 5175
f 5164 5175 5184
f 5163 5176 5175
f 5163 5183 5176
f 5165 5164 5184
f 5165 5184 5185
f 5165 5185 5186
f 5166 5165 5186
f 5167 5166 5187
f 5167 5187 5188
f 5186 5187 5166
f 5188 5189 5168
f 5188 5168 5167
f 5190 5169 5168
f 5168 5189 5190
f 5190 5191 5169
f 5191 5192 5170
f 5191 5170 5169
f 5192 5178 5171
f 5192 5171 5170
f 5173 5171 5193
f 5173 5193 5172
f 5178 5180 5171
f 5180 5193 5171
f 5179 5172 5194
f 5179 5194 5195
f 5193 5194 5172
f 5181 5174 5196
f 5196 5174 5197
f 5198 5197 5174
f 5198 5174 5176
f 5198 5176 5199
f 5200 5184 5175
f 5200 5175 5177
f 5176 5183 5201
f 5176 5201 5202
f 5176 5202 5199
f 5177 5178 5192
f 5177 5192 5200
f 5203 5179 5195
f 5204 5179 5203
f 5179 5204 5205
f 5206 5180 5179
f 5206 5179 5205
f 5207 5193 5180
f 5208 5207 5180
f 5206 5208 5180
f 5209 5210 5181
f 5209 5181 5196
f 5210 5211 5181
f 5211 5182 5181
f 5212 5213 5182
f 5212 5182 5211
f 5213 5183 5182
f 5183 5214 5201
f 5183 5213 5215
f 5183 5215 5214
f 5216 5185 5184
f 5216 5184 5200
f 5217 5186 5185
f 5217 5185 5216
f 5217 5188 5186
f 5218 5186 5188
f 5218 5187 5186
f 5187 5218 5188
f 5190 5188 5217
f 5188 5219 5189
f 5188 5190 5219
f 5190 5189 5219
f 5216 5191 5190
f 5216 5190 5217
f 5200 5192 5191
f 5200 5191 5216
f 5207 5220 5193
f 5220 5221 5222
f 5220 5222 5193
f 5194 5193 5222
f 5223 5194 5222
f 5223 5222 5224
f 5195 5194 5223
f 5203 5195 5225
f 5203 5225 5226
f 5195 5223 5225
f 5209 5196 5197
f 5209 5197 5227
f 5228 5227 5197
f 5228 5197 5229
f 5229 5197 5230
f 5230 5197 5231
f 5197 5198 5231
f 5232 5198 5213
f 5232 5213 5212
f 5198 5215 5213
f 5198 5233 5215
f 5198 5234 5235
f 5198 5235 5233
f 5198 5199 5236
f 5198 5236 5237
f 5234 5198 5238
f 5234 5238 5239
f 5198 5232 5238
f 5240 5241 5198
f 5241 5231 5198
f 5198 5237 5240
f 5202 5201 5199
f 5201 5242 5199
f 5242 5236 5199
f 5214 5242 5201
f 5204 5203 5226
f 5243 5204 5226
f 5244 5204 5243
f 5244 5243 5245
f 5246 5204 5244
f 5247 5204 5246
f 5247 5205 5204
f 5224 5222 5205
f 5224 5205 5248
f 5222 5221 5205
f 5221 5249 5205
f 5249 5250 5251
f 5249 5251 5205
f 5252 5206 5205
f 5253 5252 5205
f 5254 5255 5205
f 5254 5205 5251
f 5255 5248 5205
f 5205 5256 5257
f 5205 5247 5256
f 5257 5253 5205
f 5206 5207 5208
f 5206 5258 5207
f 5206 5252 5258
f 5207 5258 5220
f 5259 5209 5260
f 5261 5210 5209
f 5261 5209 5259
f 5260 5209 5262
f 5262 5209 5227
f 5262 5227 5263
f 5261 5264 5211
f 5261 5211 5210
f 5264 5212 5211
f 5232 5212 5264
f 5233 5214 5215
f 5242 5214 5233
f 5221 5220 5249
f 5249 5220 5258
f 5225 5223 5265
f 5225 5265 5266
f 5223 5224 5265
f 5265 5224 5248
f 5267 5226 5225
f 5267 5225 5266
f 5268 5226 5267
f 5269 5226 5268
f 5263 5243 5226
f 5263 5226 5269
f 5227 5228 5270
f 5227 5270 5271
f 5227 5271 5263
f 5228 5272 5270
f 5229 5273 5272
f 5229 5272 5228
f 5230 5273 5229
f 5231 5274 5273
f 5231 5273 5230
f 5231 5275 5274
f 5231 5241 5276
f 5231 5276 5275
f 5238 5232 5264
f 5233 5235 5242
f 5277 5235 5234
f 5277 5234 5239
f 5235 5278 5242
f 5277 5278 5235
f 5242 5278 5236
f 5237 5236 5278
f 5240 5237 5278
f 5240 5278 5279
f 5276 5239 5238
f 5276 5238 5275
f 5275 5238 5264
f 5279 5277 5239
f 5279 5239 5276
f 5241 5240 5279
f 5241 5279 5276
f 5263 5271 5280
f 5263 5280 5245
f 5263 5245 5243
f 5245 5281 5282
f 5245 5282 5244
f 5244 5282 5246
f 5280 5281 5245
f 5246 5282 5283
f 5246 5283 5247
f 5283 5284 5247
f 5284 5285 5256
f 5284 5256 5247
f 5265 5248 5255
f 5258 5250 5249
f 5251 5250 5286
f 5258 5287 5250
f 5250 5287 5286
f 5254 5251 5286
f 5252 5287 5258
f 5287 5252 5253
f 5288 5287 5253
f 5288 5253 5257
f 5284 5255 5254
f 5284 5254 5285
f 5285 5254 5286
f 5285 5286 5288
f 5265 5255 5284
f 5285 5288 5257
f 5285 5257 5256
f 5274 5289 5259
f 5274 5259 5260
f 5289 5261 5259
f 5274 5260 5273
f 5273 5260 5272
f 5260 5290 5291
f 5260 5291 5272
f 5260 5262 5290
f 5275 5264 5261
f 5275 5261 5289
f 5290 5262 5263
f 5263 5269 5290
f 5292 5266 5265
f 5292 5265 5284
f 5267 5266 5292
f 5268 5267 5292
f 5268 5292 5283
f 5282 5268 5283
f 5281 5268 5282
f 5281 5291 5290
f 5281 5290 5268
f 5290 5269 5268
f 5272 5291 5271
f 5272 5271 5270
f 5280 5271 5291
f 5280 5291 5281
f 5274 5275 5289
f 5278 5277 5279
f 5292 5284 5283
f 5288 5286 5287
f 5293 5294 5295
f 5295 5296 5293
f 5297 5294 5293
f 5293 5296 5297
f 5298 5299 5294
f 5300 5298 5294
f 5294 5299 5295
f 5294 5301 5302
f 5294 5302 5300
f 5297 5301 5294
f 5303 5295 5299
f 5303 5304 5295
f 5295 5305 5306
f 5295 5306 5296
f 5305 5295 5304
f 5296 5307 5308
f 5296 5308 5309
f 5306 5307 5296
f 5309 5310 5311
f 5309 5311 5296
f 5296 5311 5312
f 5296 5312 5313
f 5296 5313 5297
f 5301 5297 5314
f 5297 5315 5314
f 5315 5297 5313
f 5316 5299 5298
f 5316 5298 5317
f 5316 5317 5318
f 5317 5298 5300
f 5317 5300 5319
f 5303 5299 5316
f 5319 5300 5302
f 5319 5302 5320
f 5321 5301 5314
f 5302 5301 5321
f 5322 5320 5302
f 5322 5302 5321
f 5323 5324 5303
f 5323 5303 5316
f 5303 5325 5305
f 5303 5305 5304
f 5303 5324 5325
f 5306 5305 5317
f 5306 5317 5326
f 5305 5318 5317
f 5305 5325 5318
f 5307 5306 5326
f 5307 5326 5327
f 5307 5327 5328
f 5308 5307 5328
f 5309 5308 5329
f 5309 5329 5330
f 5328 5329 5308
f 5330 5331 5310
f 5330 5310 5309
f 5332 5311 5310
f 5310 5331 5332
f 5332 5333 5311
f 5333 5334 5312
f 5333 5312 5311
f 5334 5320 5313
f 5334 5313 5312
f 5315 5313 5335
f 5315 5335 5314
f 5320 5322 5313
f 5322 5335 5313
f 5321 5314 5336
f 5321 5336 5337
f 5335 5336 5314
f 5323 5316 5338
f 5338 5316 5339
f 5340 5339 5316
f 5340 5316 5318
f 5340 5318 5341
f 5342 5326 5317
f 5342 5317 5319
f 5318 5325 5343
f 5318 5343 5344
f 5318 5344 5341
f 5319 5320 5334
f 5319 5334 5342
f 5345 5321 5337
f 5346 5321 5345
f 5321 5346 5347
f 5348 5322 5321
f 5348 5321 5347
f 5349 5335 5322
f 5350 5349 5322
f 5348 5350 5322
f 5351 5352 5323
f 5351 5323 5338
f 5352 5353 5323
f 5353 5324 5323
f 5354 5355 5324
f 5354 5324 5353
f 5355 5325 5324
f 5325 5356 5343
f 5325 5355 5357
f 5325 5357 5356
f 5358 5327 5326
f 5358 5326 5342
f 5359 5328 5327
f 5359 5327 5358
f 5359 5330 5328
f 5360 5328 5330
f 5360 5329 5328
f 5329 5360 5330
f 5332 5330 5359
f 5330 5361 5331
f 5330 5332 5361
f 5332 5331 5361
f 5358 5333 5332
f 5358 5332 5359
f 5342 5334 5333
f 5342 5333 5358
f 5349 5362 5335
f 5362 5363 5364
f 5362 5364 5335
f 5336 5335 5364
f 5365 5336 5364
f 5365 5364 5366
f 5337 5336 5365
f 5345 5337 5367
f 5345 5367 5368
f 5337 5365 5367
f 5351 5338 5339
f 5351 5339 5369
f 5370 5369 5339
f 5370 5339 5371
f 5371 5339 5372
f 5372 5339 5373
f 5339 5340 5373
f 5374 5340 5355
f 5374 5355 5354
f 5340 5357 5355
f 5340 5375 5357
f 5340 5376 5377
f 5340 5377 5375
f 5340 5341 5378
f 5340 5378 5379
f 5376 5340 5380
f 5376 5380 5381
f 5340 5374 5380
f 5382 5383 5340
f 5383 5373 5340
f 5340 5379 5382
f 5344 5343 5341
f 5343 5384 5341
f 5384 5378 5341
f 5356 5384 5343
f 5346 5345 5368
f 5385 5346 5368
f 5386 5346 5385
f 5386 5385 5387
f 5388 5346 5386
f 5389 5346 5388
f 5389 5347 5346
f 5366 5364 5347
f 5366 5347 5390
f 5364 5363 5347
f 5363 5391 5347
f 5391 5392 5393
f 5391 5393 5347
f 5394 5348 5347
f 5395 5394 5347
f 5396 5397 5347
f 5396 5347 5393
f 5397 5390 5347
f 5347 5398 5399
f 5347 5389 5398
f 5399 5395 5347
f 5348 5349 5350
f 5348 5400 5349
f 5348 5394 5400
f 5349 5400 5362
f 5401 5351 5402
f 5403 5352 5351
f 5403 5351 5401
f 5402 5351 5404
f 5404 5351 5369
f 5404 5369 5405
f 5403 5406 5353
f 5403 5353 5352
f 5406 5354 5353
f 5374 5354 5406
f 5375 5356 5357
f 5384 5356 5375
f 5363 5362 5391
f 5391 5362 5400
f 5367 5365 5407
f 5367 5407 5408
f 5365 5366 5407
f 5407 5366 5390
f 5409 5368 5367
f 5409 5367 5408
f 5410 5368 5409
f 5411 5368 5410
f 5405 5385 5368
f 5405 5368 5411
f 5369 5370 5412
f 5369 5412 5413
f 5369 5413 5405
f 5370 5414 5412
f 5371 5415 5414
f 5371 5414 5370
f 5372 5415 5371
f 5373 5416 5415
f 5373 5415 5372
f 5373 5417 5416
f 5373 5383 5418
f 5373 5418 5417
f 5380 5374 5406
f 5375 5377 5384
f 5419 5377 5376
f 5419 5376 5381
f 5377 5420 5384
f 5419 5420 5377
f 5384 5420 5378
f 5379 5378 5420
f 5382 5379 5420
f 5382 5420 5421
f 5418 5381 5380
f 5418 5380 5417
f 5417 5380 5406
f 5421 5419 5381
f 5421 5381 5418
f 5383 5382 5421
f 5383 5421 5418
f 5405 5413 5422
f 5405 5422 5387
f 5405 5387 5385
f 5387 5423 5424
f 5387 5424 5386
f 5386 5424 5388
f 5422 5423 5387
f 5388 5424 5425
f 5388 5425 5389
f 5425 5426 5389
f 5426 5427 5398
f 5426 5398 5389
f 5407 5390 5397
f 5400 5392 5391
f 5393 5392 5428
f 5400 5429 5392
f 5392 5429 5428
f 5396 5393 5428
f 5394 5429 5400
f 5429 5394 5395
f 5430 5429 5395
f 5430 5395 5399
f 5426 5397 5396
f 5426 5396 5427
f 5427 5396 5428
f 5427 5428 5430
f 5407 5397 5426
f 5427 5430 5399
f 5427 5399 5398
f 5416 5431 5401
f 5416 5401 5402
f 5431 5403 5401
f 5416 5402 5415
f 5415 5402 5414
f 5402 5432 5433
f 5402 5433 5414
f 5402 5404 5432
f 5417 5406 5403
f 5417 5403 5431
f 5432 5404 5405
f 5405 5411 5432
f 5434 5408 5407
f 5434 5407 5426
f 5409 5408 5434
f 5410 5409 5434
f 5410 5434 5425
f 5424 5410 5425
f 5423 5410 5424
f 5423 5433 5432
f 5423 5432 5410
f 5432 5411 5410
f 5414 5433 5413
f 5414 5413 5412
f 5422 5413 5433
f 5422 5433 5423
f 5416 5417 5431
f 5420 5419 5421
f 5434 5426 5425
f 5430 5428 5429
