v -0.00583953151 -0.0960398775 -0.218676438
v -0.00818035649 -0.0941232631 -0.228719064
v -0.0107686448 -0.0923394601 -0.228183064
v -0.0180653418 -0.106915648 -0.207975514
v -0.0177424001 -0.108023962 -0.210019188
v -0.00735581103 -0.0936331202 -0.214684607
v -0.0203507557 -0.106254489 -0.220643687
v -0.0119591281 -0.091452805 -0.222797243
v -0.00998136509 -0.0928334186 -0.214144791
v -0.0223294726 -0.105587591 -0.221728118
v -0.0190131384 -0.106941446 -0.207083128
v -0.0332482398 -0.11713599 -0.203082698
v -0.0314472383 -0.117156057 -0.201508139
v -0.0320711394 -0.118410551 -0.203894829
v -0.0338769175 -0.117529634 -0.213784591
v -0.023266755 -0.104304431 -0.217332136
v -0.0346804453 -0.117367209 -0.214188741
v -0.0350903262 -0.115471616 -0.209846263
v -0.0504213193 -0.122462577 -0.204284642
v -0.0489394296 -0.122946982 -0.196627752
v -0.0467791817 -0.123938729 -0.194650936
v -0.0476935388 -0.12463047 -0.195884416
v -0.0491314748 -0.125186531 -0.205807621
v -0.0501165336 -0.124473776 -0.206634074
v -0.0669724054 -0.128250625 -0.199780701
v -0.0662577371 -0.125981449 -0.19723827
v -0.0644844393 -0.126953135 -0.188660335
v -0.062883123 -0.128000307 -0.187591195
v -0.0643210607 -0.129399066 -0.188853334
v -0.0659424408 -0.128950012 -0.198451676
v -0.0831460946 -0.130004815 -0.191157847
v -0.0834040631 -0.130478713 -0.191326017
v -0.0820626258 -0.127932467 -0.189928198
v -0.0809084543 -0.128564014 -0.181592949
v -0.0794733836 -0.129898762 -0.180738776
v -0.0815466878 -0.131230649 -0.182914315
v -0.0984637091 -0.130891463 -0.175059642
v -0.100125219 -0.128706371 -0.183305097
v -0.10019019 -0.128966256 -0.18346656
v -0.0977079563 -0.126642623 -0.181667467
v -0.0969608019 -0.127607618 -0.173585398
v -0.0956919776 -0.12889937 -0.172984433
v -0.11217714 -0.126266178 -0.166209407
v -0.114876258 -0.128079608 -0.16678268
v -0.11704033 -0.125303091 -0.175931967
v -0.116708791 -0.124961997 -0.17590234
v -0.114016362 -0.12370178 -0.175536402
v -0.113303605 -0.124617087 -0.166877244
v -0.128735872 -0.119284777 -0.159630242
v -0.128092861 -0.12144311 -0.159050305
v -0.131090076 -0.121574007 -0.159951261
v -0.133542691 -0.119437649 -0.169192292
v -0.133085034 -0.118465008 -0.169914601
v -0.128980463 -0.11796149 -0.168046713
v -0.143045498 -0.10941699 -0.161210538
v -0.143140086 -0.111350803 -0.152133861
v -0.142340381 -0.111997633 -0.153322437
v -0.146007359 -0.111976619 -0.154991574
v -0.149228147 -0.109824963 -0.165146004
v -0.148666349 -0.109302338 -0.165217646
v -0.162166716 -0.0969074121 -0.161371048
v -0.155665905 -0.0976603019 -0.156563271
v -0.155879926 -0.0992893255 -0.147403477
v -0.155514942 -0.100144445 -0.14921977
v -0.159323326 -0.0999695987 -0.150181889
v -0.162204936 -0.0967105975 -0.160902902
v -0.172276229 -0.0818812083 -0.154781376
v -0.170066293 -0.0803964569 -0.156392254
v -0.165226995 -0.0838809463 -0.150176165
v -0.165251832 -0.0844016636 -0.143593185
v -0.165572859 -0.0876071614 -0.143367696
v -0.170467582 -0.0851086883 -0.147684377
v -0.172421455 -0.068826076 -0.138697507
v -0.173980731 -0.0665100877 -0.144012612
v -0.170788609 -0.0643842368 -0.146409809
v -0.167222903 -0.0667967246 -0.144586853
v -0.167561129 -0.0677521666 -0.136689184
v -0.167555398 -0.0704130644 -0.136340431
v -0.166495818 -0.0531883894 -0.129837719
v -0.170812492 -0.0508848267 -0.131869932
v -0.171790862 -0.0486768024 -0.137876792
v -0.170171392 -0.0470296228 -0.1385991
v -0.165669358 -0.0498711013 -0.138113727
v -0.165754397 -0.0500144197 -0.132205303
v -0.160516671 -0.0325537531 -0.131328208
v -0.162817369 -0.0358872823 -0.126863433
v -0.165755351 -0.0331642784 -0.131444753
v -0.166505372 -0.0324620302 -0.133005944
v -0.161159686 -0.0363860209 -0.137617846
v -0.159686396 -0.0331012184 -0.136500941
v -0.147456763 -0.0213999463 -0.137764033
v -0.147864736 -0.0203222088 -0.133752142
v -0.15585795 -0.0194202737 -0.12794691
v -0.154412366 -0.019371547 -0.133391942
v -0.155030536 -0.0176192687 -0.136682493
v -0.1519244 -0.0203183879 -0.142224025
v -0.00416846552 -0.106306077 -0.246817008
v -0.00700134831 -0.104305385 -0.256227134
v -0.0109606899 -0.103102487 -0.256659004
v -0.0174175507 -0.115808887 -0.23840149
v -0.00533028232 -0.1039385 -0.24381597
v -0.0183385957 -0.115299638 -0.236449532
v -0.0201472425 -0.113158496 -0.248835852
v -0.0110180158 -0.0998539929 -0.250709478
v -0.0217246778 -0.112655931 -0.250272838
v -0.0312819448 -0.123774389 -0.229536918
v -0.0329587413 -0.123403682 -0.228118099
v -0.00949026829 -0.106455126 -0.242046504
v -0.0220027083 -0.116244566 -0.235310644
v -0.0355088099 -0.123442848 -0.227804711
v -0.0318790943 -0.122664175 -0.239935929
v -0.0225043192 -0.111628834 -0.243966941
v -0.0343269294 -0.122299191 -0.240775766
v -0.0471030737 -0.128092977 -0.221625881
v -0.0490531276 -0.127564622 -0.219686337
v -0.0502999759 -0.127638185 -0.219820095
v -0.0351562514 -0.120097855 -0.235154904
v -0.0494802106 -0.125558192 -0.226775706
v -0.0465078356 -0.128165587 -0.232108008
v -0.0493817997 -0.127814939 -0.231934115
v -0.0629843991 -0.130558968 -0.213117693
v -0.0656424335 -0.129945574 -0.211518276
v -0.0660188766 -0.129456385 -0.21252053
v -0.0655134483 -0.128256363 -0.220361834
v -0.0662061434 -0.130092715 -0.224228491
v -0.0624101804 -0.130611518 -0.225133306
v -0.079282295 -0.1301768 -0.205050901
v -0.0820320515 -0.12910383 -0.202912635
v -0.0812313933 -0.129882518 -0.204067753
v -0.0810383943 -0.127844567 -0.212352374
v -0.082441935 -0.129905454 -0.217200286
v -0.0787529812 -0.131094969 -0.218958291
v -0.0957235072 -0.128358586 -0.197571719
v -0.0989815576 -0.127485321 -0.195400964
v -0.0972197261 -0.127899024 -0.197435099
v -0.0970974302 -0.126093239 -0.205891691
v -0.0989108554 -0.128902232 -0.209911227
v -0.094574113 -0.129739206 -0.211613822
v -0.112379693 -0.126219366 -0.190713577
v -0.115241237 -0.124030445 -0.187136403
v -0.112622376 -0.12519513 -0.189798255
v -0.112130323 -0.123461001 -0.197995944
v -0.115666406 -0.12715378 -0.202792246
v -0.110185048 -0.127912393 -0.203996098
v -0.12843204 -0.12105808 -0.18421562
v -0.132377052 -0.119224582 -0.181613963
v -0.127895085 -0.119320128 -0.183886955
v -0.128414842 -0.118692404 -0.193815884
v -0.131578304 -0.121917008 -0.195439177
v -0.125580051 -0.123536486 -0.196903868
v -0.144316232 -0.113191932 -0.179890355
v -0.147912509 -0.109738978 -0.177288684
v -0.142730202 -0.110853976 -0.180033666
v -0.14271778 -0.110414475 -0.187986746
v -0.147239877 -0.11298365 -0.192327317
v -0.140540333 -0.117214337 -0.190451784
v -0.158485405 -0.102327629 -0.175716986
v -0.161876264 -0.0975943767 -0.173588259
v -0.156206683 -0.0999246946 -0.176852998
v -0.156049988 -0.0996199125 -0.183819115
v -0.159939589 -0.100097626 -0.188174976
v -0.154750591 -0.10709814 -0.187912229
v -0.171061863 -0.0896088073 -0.176145026
v -0.172225587 -0.0834911256 -0.168730809
v -0.167315587 -0.0877141751 -0.170497413
v -0.164699586 -0.0862103104 -0.176887395
v -0.169158631 -0.0855185692 -0.184624554
v -0.167426417 -0.0955057844 -0.183373876
v -0.175679509 -0.0732707839 -0.170474491
v -0.173922451 -0.0653989125 -0.162696244
v -0.170389235 -0.0710426959 -0.164830708
v -0.168672311 -0.0693248181 -0.172026115
v -0.171618885 -0.069042965 -0.176528149
v -0.173623399 -0.0795078941 -0.179884617
v -0.175522815 -0.0556677563 -0.164576546
v -0.170772364 -0.0477767786 -0.156086526
v -0.169874255 -0.0538275812 -0.159736308
v -0.166942965 -0.0525692649 -0.165587413
v -0.170924282 -0.0525042972 -0.168396406
v -0.17323071 -0.0629491661 -0.173140159
v -0.17301192 -0.0373930548 -0.161149404
v -0.168304465 -0.0293816912 -0.151921756
v -0.165224126 -0.0366592784 -0.156847046
v -0.162040596 -0.0355528797 -0.162580638
v -0.165680826 -0.0369717058 -0.163005817
v -0.17214151 -0.0463388427 -0.166268633
v -0.166667796 -0.0267150594 -0.155113871
v -0.164001161 -0.0233499984 -0.15669992
v -0.166995514 -0.0321046951 -0.161053844
v -0.154445809 -0.0232229246 -0.154372456
v -0.154091339 -0.0201645625 -0.155486486
v -0.152532063 -0.0210569427 -0.159932155
v -0.154776389 -0.0216722463 -0.163249443
v -0.163133626 -0.0182469942 -0.178535532
v -0.172232279 -0.0296721454 -0.18360701
v -0.164225688 -0.0199419448 -0.17695142
v -0.150096643 -0.0153854502 -0.178358778
v -0.164617424 -0.0245060812 -0.1854491
v -0.152706903 -0.014249433 -0.184536654
v -0.171110589 -0.0368656532 -0.18960144
v -0.174892223 -0.0451254339 -0.187424948
v -0.164229511 -0.0210598097 -0.173417242
v -0.148589916 -0.017288687 -0.180469352
v -0.167235325 -0.0410132172 -0.191497034
v -0.162402712 -0.0278319686 -0.185797839
v -0.159681619 -0.0270370418 -0.184777419
v -0.16928379 -0.053335527 -0.201046655
v -0.172040234 -0.050909667 -0.196874255
v -0.175727275 -0.0599538586 -0.194090091
v -0.168726768 -0.036533162 -0.178234573
v -0.161132934 -0.0269644287 -0.181344525
v -0.168528992 -0.0540931934 -0.198230971
v -0.166039119 -0.0408011119 -0.189749535
v -0.167374821 -0.0408469734 -0.186544038
v -0.168358922 -0.067428271 -0.207220716
v -0.169501633 -0.0655011496 -0.21117432
v -0.173064469 -0.0635711594 -0.206656996
v -0.173775317 -0.0746724186 -0.200796337
v -0.172764457 -0.0507395969 -0.186506765
v -0.170677779 -0.0697442522 -0.199942164
v -0.169449084 -0.0553467295 -0.193114589
v -0.163015152 -0.0829780537 -0.206319731
v -0.161955565 -0.08117896 -0.213518968
v -0.162460037 -0.078929858 -0.218067828
v -0.167794262 -0.0765488985 -0.215029517
v -0.163729815 -0.0871905891 -0.207077391
v -0.172380374 -0.0654963659 -0.194912729
v -0.16829682 -0.0787263448 -0.203582394
v -0.15706371 -0.0906703019 -0.208919481
v -0.152560723 -0.0943812334 -0.213152076
v -0.151288076 -0.0935280214 -0.218914341
v -0.15241645 -0.0920356248 -0.222328129
v -0.158245594 -0.0896862005 -0.220143037
v -0.151401774 -0.0991813651 -0.210659333
v -0.137281325 -0.109588014 -0.214165805
v -0.143662711 -0.102590376 -0.212434551
v -0.139377563 -0.104820372 -0.218168143
v -0.137578469 -0.103584031 -0.223622743
v -0.139418647 -0.102440366 -0.228072227
v -0.145286958 -0.100488408 -0.225085526
v -0.131220969 -0.109631011 -0.230825809
v -0.121999062 -0.116398391 -0.220984781
v -0.127982986 -0.111591575 -0.218131838
v -0.124283522 -0.112628226 -0.223581669
v -0.122593346 -0.111263857 -0.229485323
v -0.125004877 -0.111050798 -0.233962527
v -0.109389165 -0.116303806 -0.241123551
v -0.115874693 -0.11626941 -0.237147965
v -0.106401505 -0.121789942 -0.228491668
v -0.11178732 -0.11780671 -0.225917717
v -0.109027054 -0.117643332 -0.231434434
v -0.107007254 -0.116754769 -0.236442841
v -0.091855886 -0.1211068 -0.244786703
v -0.0934151641 -0.121264448 -0.247838382
v -0.100444336 -0.121290246 -0.244826823
v -0.0903147613 -0.125635585 -0.236053981
v -0.0951722183 -0.122930737 -0.233813478
v -0.0929947705 -0.122582952 -0.237955312
v -0.0767102514 -0.125871581 -0.244879372
v -0.074796504 -0.123864197 -0.250465837
v -0.0771038921 -0.122916401 -0.255117874
v -0.0840948468 -0.12515118 -0.251489119
v -0.0745308919 -0.127706025 -0.244679696
v -0.0780010498 -0.125395775 -0.241825799
v -0.0610181023 -0.127071617 -0.25029959
v -0.0603875133 -0.126399936 -0.252149325
v -0.0594741137 -0.123342533 -0.259148871
v -0.0608948512 -0.122922138 -0.26256935
v -0.0676182834 -0.125737822 -0.258752366
v -0.0592457638 -0.128211459 -0.254132818
v -0.0434446951 -0.126257579 -0.262475712
v -0.0446475933 -0.125413927 -0.259544422
v -0.0452218138 -0.124533002 -0.261053063
v -0.0451702183 -0.120260286 -0.268874293
v -0.0454625856 -0.119969834 -0.27070206
v -0.0517541565 -0.12494289 -0.266864048
v -0.0371368796 -0.121163165 -0.275810797
v -0.0287376067 -0.12221606 -0.271513223
v -0.0288837868 -0.122056504 -0.269045324
v -0.030689572 -0.12104279 -0.270170829
v -0.0307039017 -0.115070334 -0.277050954
v -0.0310660169 -0.115016824 -0.279216939
v -0.0164688002 -0.107994342 -0.285390986
v -0.0230001926 -0.115709519 -0.284148921
v -0.0142397583 -0.116282785 -0.279507392
v -0.0130655267 -0.116063035 -0.276703182
v -0.0157684669 -0.11520027 -0.276998404
v -0.0163770773 -0.107833825 -0.283429475
v -0.0295994108 -0.110533903 -0.305338672
v -0.0326558669 -0.10756917 -0.304246603
v -0.0238973476 -0.113019 -0.298665876
v -0.0378945425 -0.115544232 -0.297084625
v -0.0427176066 -0.109786744 -0.303206129
v -0.0235591224 -0.113828255 -0.301263717
v -0.0316803648 -0.107697198 -0.301572322
v -0.0276808887 -0.110780405 -0.298061081
v -0.0437829204 -0.107292093 -0.301676467
v -0.0410656505 -0.112701796 -0.294738062
v -0.0387783252 -0.114247696 -0.295323744
v -0.0570310517 -0.116657315 -0.287296146
v -0.0560889891 -0.117950029 -0.289739201
v -0.0594435394 -0.113732717 -0.296733978
v -0.0441517199 -0.108678437 -0.298942952
v -0.0618655803 -0.111337427 -0.29575943
v -0.0613391326 -0.111628834 -0.292680045
v -0.0585702672 -0.115956021 -0.287900927
v -0.0744152843 -0.115633086 -0.280708382
v -0.0734034721 -0.11675573 -0.279517899
v -0.0720391049 -0.118690489 -0.282215115
v -0.0742222853 -0.115393269 -0.289337913
v -0.0776953093 -0.112042544 -0.287966859
v -0.0762057787 -0.112632049 -0.285640364
v -0.0910552273 -0.111479785 -0.277692053
v -0.089113773 -0.115549963 -0.271693807
v -0.0893153711 -0.115664615 -0.270788053
v -0.087491436 -0.117409251 -0.273467103
v -0.0895074144 -0.114134952 -0.281412538
v -0.0939397006 -0.11078709 -0.280063453
v -0.109820069 -0.107227122 -0.272258467
v -0.106003087 -0.109184818 -0.270090574
v -0.104756237 -0.113515828 -0.263799
v -0.104955924 -0.113233021 -0.261883346
v -0.10329728 -0.115322567 -0.265295226
v -0.104733307 -0.111258126 -0.273885576
v -0.119449949 -0.107392416 -0.266238239
v -0.125036408 -0.103018409 -0.263851549
v -0.120375771 -0.105215923 -0.262383042
v -0.11992767 -0.109374955 -0.25615357
v -0.120525775 -0.10922113 -0.253375159
v -0.118031121 -0.111337427 -0.256397211
v -0.132935031 -0.106261173 -0.24829699
v -0.134033785 -0.102363934 -0.258941549
v -0.139857191 -0.0961210863 -0.257077477
v -0.134416918 -0.0998721453 -0.25504431
v -0.134220096 -0.103773207 -0.248371507
v -0.13596664 -0.103667154 -0.245843414
v -0.14931987 -0.0949650071 -0.238456916
v -0.146799418 -0.0988622461 -0.240887556
v -0.146805152 -0.0946172287 -0.251959188
v -0.152321866 -0.0874915557 -0.249257201
v -0.146827128 -0.0921588759 -0.248014183
v -0.1468835 -0.0957962369 -0.240737553
v -0.157926475 -0.0858472413 -0.234041828
v -0.160478452 -0.0844694965 -0.231301615
v -0.158665028 -0.0890976503 -0.234092456
v -0.157857681 -0.0851316173 -0.245146903
v -0.162793486 -0.0769033683 -0.242683774
v -0.157556722 -0.0827114842 -0.241878349
v -0.166450907 -0.0719341276 -0.235816078
v -0.166757604 -0.0746255997 -0.227374763
v -0.171311234 -0.0734838502 -0.224621181
v -0.168589187 -0.0785113708 -0.226550217
v -0.167490427 -0.0741067974 -0.239606311
v -0.169472013 -0.0647062175 -0.235481675
v -0.16904111 -0.0597140478 -0.22906302
v -0.169724245 -0.0530039897 -0.226266456
v -0.170414079 -0.062086401 -0.221092741
v -0.173111281 -0.0604182038 -0.217171612
v -0.175185544 -0.0655384083 -0.221036377
v -0.172424324 -0.0629348364 -0.23149366
v -0.170193367 -0.041203351 -0.217189765
v -0.167875471 -0.0483825273 -0.221041146
v -0.173317656 -0.0520953666 -0.222376863
v -0.169617239 -0.04932937 -0.214717097
v -0.171800423 -0.0480939862 -0.209550073
v -0.174639029 -0.0531922121 -0.213205594
v -0.171987684 -0.0409358276 -0.213832356
v -0.172284828 -0.0296635462 -0.208418831
v -0.164719654 -0.0374188525 -0.212961953
v -0.173923405 -0.0399746551 -0.206646489
v -0.166749966 -0.0376586669 -0.206971338
v -0.169123273 -0.035226119 -0.202131086
v -0.173793469 -0.0275940638 -0.206198388
v -0.163291267 -0.0202323972 -0.204996444
v -0.158019152 -0.0259468842 -0.208044294
v -0.162954957 -0.0228550807 -0.196165315
v -0.159309951 -0.0256497438 -0.202047955
v -0.161961295 -0.0194613586 -0.201370551
v -0.14930936 -0.0142828734 -0.206551897
v -0.147422366 -0.0153042379 -0.202062292
v -0.149510958 -0.0149717449 -0.199576241
v -0.152385876 0.0809487024 -0.254774872
v -0.150460666 0.0756354988 -0.264140094
v -0.145553528 0.087418939 -0.260851465
v -0.157921699 0.0728771405 -0.248746998
v -0.154802186 0.068008222 -0.2582565
v -0.153779865 0.0828681784 -0.254698432
v -0.160378137 0.0748768786 -0.249885886
v -0.144299034 0.0821200723 -0.269269859
v -0.148598512 0.0850800218 -0.269579417
v -0.155010469 0.0783594602 -0.263684348
v -0.137996953 0.0921502767 -0.267146869
v -0.146769802 0.0888167511 -0.260721537
v -0.160269215 0.0623453252 -0.243242711
v -0.157697172 0.0585426779 -0.253192667
v -0.162278507 0.0642342341 -0.244685419
v -0.158784457 0.0693467932 -0.257491181
v -0.154735307 0.0805187542 -0.259524362
v -0.160061887 0.0725217168 -0.254096514
v -0.162759089 0.0632730616 -0.247917683
v -0.138235813 0.0862810122 -0.275859516
v -0.140567085 0.0900760213 -0.274698661
v -0.14080308 0.0923872258 -0.270446959
v -0.148452332 0.0876530265 -0.264899675
v -0.129510733 0.0970020038 -0.27198043
v -0.138938061 0.0944041624 -0.265964031
v -0.157320727 0.0488411385 -0.247756205
v -0.160549161 0.0512794204 -0.237980141
v -0.163319934 0.0533307504 -0.239893887
v -0.160199467 0.0584194267 -0.252639468
v -0.162675012 0.0520246649 -0.243604819
v -0.160221442 0.0479497139 -0.24701956
v -0.131312692 0.0909655309 -0.281391524
v -0.132246159 0.0934716565 -0.28018958
v -0.132690437 0.0971147479 -0.275206002
v -0.130922875 0.0993256374 -0.271411
v -0.123014695 0.094805444 -0.285356603
v -0.120864001 0.100762616 -0.277088212
v -0.156951927 0.0392618963 -0.242140127
v -0.159228742 0.0405985562 -0.232383184
v -0.162250794 0.0430827032 -0.233736085
v -0.163393504 0.0426135815 -0.237350517
v -0.158454831 0.0371866799 -0.242295868
v -0.123964403 0.0982698733 -0.284744163
v -0.124908377 0.0997221425 -0.281437382
v -0.122443344 0.102671585 -0.276917196
v -0.115776282 0.0990294474 -0.29115612
v -0.115784881 0.0970115569 -0.291534472
v -0.112194337 0.101721881 -0.283100795
v -0.156002216 0.0280574515 -0.235509381
v -0.155654437 0.0310078496 -0.22627218
v -0.15892013 0.0331977179 -0.228072227
v -0.159855505 0.0319728447 -0.233218237
v -0.116712614 0.100782683 -0.287423213
v -0.113609344 0.104217485 -0.282454926
v -0.108253148 0.101148614 -0.293084195
v -0.107403762 0.0989797668 -0.297227936
v -0.107436246 0.0976259049 -0.296422504
v -0.103208424 0.103293578 -0.288427375
v -0.148279397 0.0205897323 -0.232280947
v -0.147335423 0.0238630703 -0.223423067
v -0.152272178 0.0245309233 -0.224255257
v -0.15406841 0.0238286751 -0.228198354
v -0.104617698 0.105307646 -0.287807303
v -0.0954282762 0.105023878 -0.292878774
v -0.0993818871 0.10187666 -0.298076372
v -0.0985009714 0.0990667132 -0.302602288
v -0.0993264716 0.0981991715 -0.301645893
v -0.0940524425 0.102112655 -0.293596313
v -0.140904356 0.0118789858 -0.231740163
v -0.138954302 0.0192597603 -0.226849269
v -0.143331174 0.0182125972 -0.222617627
v -0.147484472 0.0154523311 -0.228345495
v -0.0883885941 0.10298975 -0.300233751
v -0.0867414154 0.0994144916 -0.300034067
v -0.0904103052 0.101304347 -0.302849745
v -0.0887325524 0.0991718119 -0.304464439
v -0.0902364152 0.0959099349 -0.304418581
v -0.170193367 0.041203351 -0.217189765
v -0.164719654 0.0374188525 -0.212961953
v -0.171873986 0.0293023902 -0.205965269
v -0.172424324 0.0629348364 -0.23149366
v -0.169724245 0.0530039897 -0.226266456
v -0.173317656 0.0520953666 -0.222376863
v -0.167875471 0.0483825273 -0.221041146
v -0.158019152 0.0259468842 -0.208044294
v -0.166749966 0.0376586669 -0.206971338
v -0.159309951 0.0256497438 -0.202047955
v -0.163291267 0.0202323972 -0.204996444
v -0.173204919 0.0419954108 -0.212570217
v -0.173923405 0.0399746551 -0.206646489
v -0.162954957 0.0228550807 -0.196165315
v -0.169123273 0.035226119 -0.202131086
v -0.161961295 0.0194613586 -0.201370551
v -0.168589187 0.0785113708 -0.226550217
v -0.167490427 0.0741067974 -0.239606311
v -0.175185544 0.0655384083 -0.221036377
v -0.168204143 0.0656721736 -0.233229698
v -0.16904111 0.0597140478 -0.22906302
v -0.174639029 0.0531922121 -0.213205594
v -0.169617239 0.04932937 -0.214717097
v -0.14930936 0.0142828734 -0.206551897
v -0.147422366 0.0153042379 -0.202062292
v -0.149510958 0.0149717449 -0.199576241
v -0.171800423 0.0480939862 -0.209550073
v -0.171311234 0.0734838502 -0.224621181
v -0.160478452 0.0844694965 -0.231301615
v -0.158665028 0.0890976503 -0.234092456
v -0.160326541 0.0773734439 -0.240721308
v -0.157857681 0.0851316173 -0.245146903
v -0.173111281 0.0604182038 -0.217171612
v -0.166450907 0.0719341276 -0.235816078
v -0.170414079 0.062086401 -0.221092741
v -0.157926475 0.0858472413 -0.234041828
v -0.166757604 0.0746255997 -0.227374763
v -0.1468835 0.0957962369 -0.240737553
v -0.14931987 0.0949650071 -0.238456916
v -0.146799418 0.0988622461 -0.240887556
v -0.152321866 0.0874915557 -0.249257201
v -0.157556722 0.0827114842 -0.241878349
v -0.146805152 0.0946172287 -0.251959188
v -0.146827128 0.0921588759 -0.248014183
v -0.134416918 0.0998721453 -0.25504431
v -0.134220096 0.103773207 -0.248371507
v -0.13596664 0.103667154 -0.245843414
v -0.132935031 0.106261173 -0.24829699
v -0.134033785 0.102363934 -0.258941549
v -0.139857191 0.0961210863 -0.257077477
v -0.125036408 0.103018409 -0.263851549
v -0.120375771 0.105215923 -0.262383042
v -0.11992767 0.109374955 -0.25615357
v -0.120525775 0.10922113 -0.253375159
v -0.118031121 0.111337427 -0.256397211
v -0.119449949 0.107392416 -0.266238239
v -0.104733307 0.111258126 -0.273885576
v -0.109820069 0.107227122 -0.272258467
v -0.106003087 0.109184818 -0.270090574
v -0.104756237 0.113515828 -0.263799
v -0.104955924 0.113233021 -0.261883346
v -0.10329728 0.115322567 -0.265295226
v -0.087491436 0.117409251 -0.273467103
v -0.0895074144 0.114134952 -0.281412538
v -0.0939397006 0.11078709 -0.280063453
v -0.0910552273 0.111479785 -0.277692053
v -0.089113773 0.115549963 -0.271693807
v -0.0893153711 0.115664615 -0.270788053
v -0.0734034721 0.11675573 -0.279517899
v -0.0720391049 0.118690489 -0.282215115
v -0.0742222853 0.115393269 -0.289337913
v -0.0776953093 0.112042544 -0.287966859
v -0.0762057787 0.112632049 -0.285640364
v -0.0744152843 0.115633086 -0.280708382
v -0.0585702672 0.115956021 -0.287900927
v -0.0570310517 0.116657315 -0.287296146
v -0.0560889891 0.117950029 -0.289739201
v -0.0594435394 0.113732717 -0.296733978
v -0.0618655803 0.111337427 -0.29575943
v -0.0613391326 0.111628834 -0.292680045
v -0.0441517199 0.108678437 -0.298942952
v -0.0410656505 0.112701796 -0.294738062
v -0.0387783252 0.114247696 -0.295323744
v -0.0378945425 0.115544232 -0.297084625
v -0.0427176066 0.109786744 -0.303206129
v -0.0437829204 0.107292093 -0.301676467
v -0.0291150055 0.105189171 -0.304504573
v -0.0304124954 0.106870744 -0.301741438
v -0.0269241833 0.111302077 -0.29868212
v -0.0235619912 0.112628226 -0.298766198
v -0.0235591224 0.113828255 -0.301263717
v -0.0283974737 0.108332567 -0.305964481
v -0.0904103052 -0.101304347 -0.302849745
v -0.0887325524 -0.0991718119 -0.304464439
v -0.0883885941 -0.10298975 -0.300233751
v -0.0954282762 -0.105023878 -0.292878774
v -0.0993818871 -0.10187666 -0.298076372
v -0.0867414154 -0.0994144916 -0.300034067
v -0.0902364152 -0.0959099349 -0.304418581
v -0.0985009714 -0.0990667132 -0.302602288
v -0.0940524425 -0.102112655 -0.293596313
v -0.103208424 -0.103293578 -0.288427375
v -0.104617698 -0.105307646 -0.287807303
v -0.108253148 -0.101148614 -0.293084195
v -0.0993264716 -0.0981991715 -0.301645893
v -0.107403762 -0.0989797668 -0.297227936
v -0.112194337 -0.101721881 -0.283100795
v -0.107436246 -0.0976259049 -0.296422504
v -0.113609344 -0.104217485 -0.282454926
v -0.116712614 -0.100782683 -0.287423213
v -0.115776282 -0.0990294474 -0.29115612
v -0.120864001 -0.100762616 -0.277088212
v -0.115784881 -0.0970115569 -0.291534472
v -0.122443344 -0.102671585 -0.276917196
v -0.124908377 -0.0997221425 -0.281437382
v -0.123964403 -0.0982698733 -0.284744163
v -0.129510733 -0.0970020038 -0.27198043
v -0.123014695 -0.094805444 -0.285356603
v -0.130922875 -0.0993256374 -0.271411
v -0.132690437 -0.0971147479 -0.275206002
v -0.132246159 -0.0934716565 -0.28018958
v -0.137996953 -0.0921502767 -0.267146869
v -0.131312692 -0.0909655309 -0.281391524
v -0.138938061 -0.0944041624 -0.265964031
v -0.14080308 -0.0923872258 -0.270446959
v -0.140567085 -0.0900760213 -0.274698661
v -0.145553528 -0.087418939 -0.260851465
v -0.144299034 -0.0821200723 -0.269269859
v -0.138235813 -0.0862810122 -0.275859516
v -0.146769802 -0.0888167511 -0.260721537
v -0.148452332 -0.0876530265 -0.264899675
v -0.148598512 -0.0850800218 -0.269579417
v -0.152385876 -0.0809487024 -0.254774872
v -0.150460666 -0.0756354988 -0.264140094
v -0.155010469 -0.0783594602 -0.263684348
v -0.153779865 -0.0828681784 -0.254698432
v -0.154735307 -0.0805187542 -0.259524362
v -0.157921699 -0.0728771405 -0.248746998
v -0.154802186 -0.068008222 -0.2582565
v -0.158784457 -0.0693467932 -0.257491181
v -0.160061887 -0.0725217168 -0.254096514
v -0.160378137 -0.0748768786 -0.249885886
v -0.160269215 -0.0623453252 -0.243242711
v -0.157697172 -0.0585426779 -0.253192667
v -0.160199467 -0.0584194267 -0.252639468
v -0.162759089 -0.0632730616 -0.247917683
v -0.162278507 -0.0642342341 -0.244685419
v -0.160549161 -0.0512794204 -0.237980141
v -0.157320727 -0.0488411385 -0.247756205
v -0.156951927 -0.0392618963 -0.242140127
v -0.160221442 -0.0479497139 -0.24701956
v -0.162675012 -0.0520246649 -0.243604819
v -0.163319934 -0.0533307504 -0.239893887
v -0.159228742 -0.0405985562 -0.232383184
v -0.158454831 -0.0371866799 -0.242295868
v -0.156002216 -0.0280574515 -0.235509381
v -0.152864551 -0.0307699466 -0.236759091
v -0.163393504 -0.0426135815 -0.237350517
v -0.162250794 -0.0430827032 -0.233736085
v -0.155654437 -0.0310078496 -0.22627218
v -0.159855505 -0.0319728447 -0.233218237
v -0.15406841 -0.0238286751 -0.228198354
v -0.148279397 -0.0205897323 -0.232280947
v -0.146764068 -0.0231904407 -0.232815994
v -0.15892013 -0.0331977179 -0.228072227
v -0.147335423 -0.0238630703 -0.223423067
v -0.152272178 -0.0245309233 -0.224255257
v -0.147484472 -0.0154523311 -0.228345495
v -0.143331174 -0.0182125972 -0.222617627
v -0.140904356 -0.0118789858 -0.231740163
v -0.138283582 -0.0181084541 -0.230722618
v -0.138954302 -0.0192597603 -0.226849269
v -0.145881242 -0.0216474042 -0.223341843
v -0.16400976 0.0616793889 -0.0680962277
v -0.165698025 0.0475656272 -0.0688930534
v -0.162017667 0.0450919908 -0.0662808752
v -0.158543692 0.076883301 -0.0784885331
v -0.162129458 0.0762116271 -0.074706914
v -0.161883909 0.0619000934 -0.0728734233
v -0.168061786 0.0644100346 -0.073911028
v -0.166758565 0.0475818683 -0.0727845549
v -0.159055803 0.0345649521 -0.0730005043
v -0.158944974 0.03624844 -0.0680981355
v -0.157284422 0.0361146783 -0.0665283456
v -0.158708025 0.0459537985 -0.0699880054
v -0.153554384 0.0934248376 -0.0907391872
v -0.150234227 0.0900578689 -0.083481678
v -0.161688995 0.0812286478 -0.0829628756
v -0.154146757 0.0899508552 -0.0815755777
v -0.162731384 0.0801308413 -0.0779028445
v -0.162701763 0.065155279 -0.0774022088
v -0.168498418 0.0630246444 -0.0782793037
v -0.155888518 0.0342573012 -0.0764247989
v -0.164243848 0.0460416988 -0.0734314063
v -0.148465708 0.0186931834 -0.0813472136
v -0.151634901 0.0190744049 -0.0779277026
v -0.152004654 0.0211582188 -0.0741107185
v -0.15170178 0.0320301707 -0.0732374392
v -0.147026814 0.0225579386 -0.0687698165
v -0.161421472 0.048443676 -0.0741518069
v -0.146128702 0.103019363 -0.0981964153
v -0.142377643 0.103073828 -0.0979852497
v -0.157711501 0.0925400974 -0.0902232607
v -0.139854326 0.0996839228 -0.0914700948
v -0.16497667 0.0783776126 -0.0825740017
v -0.142924154 0.100960391 -0.0881231934
v -0.153421573 0.0930990343 -0.084277564
v -0.165023482 0.0807002852 -0.082410616
v -0.154543262 0.0332464482 -0.0760607831
v -0.146307368 0.0191479737 -0.0798462177
v -0.142680517 0.0198043604 -0.0759480247
v -0.130409803 0.112525035 -0.103056727
v -0.132557633 0.111699536 -0.104958044
v -0.144223556 0.104380871 -0.0967183412
v -0.129867111 0.110779452 -0.105356485
v -0.155822592 0.0935499965 -0.0896222815
v -0.126773396 0.107009286 -0.0971578425
v -0.12981743 0.109438012 -0.0946392879
v -0.141166146 0.103398677 -0.0903140369
v -0.115379775 0.118349402 -0.103668214
v -0.1150769 0.117836331 -0.108439686
v -0.128220889 0.111441572 -0.0974530644
v -0.117320274 0.116117492 -0.111469383
v -0.114511279 0.114048967 -0.108897325
v -0.112801041 0.112077895 -0.102764353
v -0.11486957 0.1145649 -0.100327036
v -0.0996379452 0.117956713 -0.10618674
v -0.0979554152 0.120335758 -0.108558139
v -0.0993436692 0.121045651 -0.114224873
v -0.101425574 0.119173948 -0.117015699
v -0.0995710643 0.116124183 -0.114305114
v -0.0977872578 0.114498975 -0.10739633
v -0.08229002 0.113461371 -0.110685912
v -0.0834203059 0.115467793 -0.109214529
v -0.0816489204 0.118556731 -0.111563975
v -0.0830773032 0.120334804 -0.119289659
v -0.0848324464 0.119786388 -0.12129989
v -0.0845458144 0.116322913 -0.120171538
v -0.0694833022 0.111978527 -0.123999969
v -0.0674080858 0.108825571 -0.113089801
v -0.0678561882 0.110909387 -0.113301906
v -0.0661908562 0.113298946 -0.116046888
v -0.067479745 0.115723848 -0.124565583
v -0.0685488815 0.116490114 -0.125609879
v -0.0534519741 0.108452956 -0.128265053
v -0.0553571204 0.104363672 -0.126982854
v -0.0536564376 0.101653087 -0.117019515
v -0.0533258577 0.103467464 -0.117580374
v -0.0515391824 0.105659247 -0.119887763
v -0.0523197777 0.107800389 -0.126517555
v -0.0404092637 0.0961745967 -0.131424708
v -0.0421070778 0.0961373309 -0.133589725
v -0.0432278097 0.094135685 -0.131649228
v -0.0413293513 0.0918254272 -0.120729492
v -0.0412032313 0.0920356248 -0.12161903
v -0.0395235697 0.0939703915 -0.123747743
v -0.0319927923 0.0796760563 -0.129740252
v -0.0329042806 0.0815066782 -0.138083145
v -0.0338893394 0.0816366209 -0.13993671
v -0.0354877923 0.0805904098 -0.13767041
v -0.0342648269 0.0784196478 -0.126765965
v -0.0333906008 0.0776027477 -0.126686664
v -0.0304086727 0.061086055 -0.131977907
v -0.0268305455 0.0634182878 -0.133723497
v -0.0261263895 0.0655021035 -0.141984214
v -0.027062718 0.0657151627 -0.14473492
v -0.0310287511 0.0650110067 -0.142877568
v -0.0312819448 0.0628211384 -0.131755266
v -0.127811962 -0.0205792235 -0.247701748
v -0.140064524 -0.0178820156 -0.254585688
v -0.141170922 -0.0200470418 -0.250862342
v -0.129097026 -0.0202323972 -0.244702618
v -0.130075397 -0.0177243674 -0.254866588
v -0.131118739 -0.0265870299 -0.250957888
v -0.132657951 -0.0268516863 -0.246967011
v -0.140189686 -0.024468819 -0.257967955
v -0.135152605 -0.0220104715 -0.258010951
v -0.141179521 -0.0271153871 -0.25432008
v -0.135074262 -0.0325566183 -0.25315444
v -0.137095971 -0.0327945249 -0.250866172
v -0.143199323 -0.0340709901 -0.257532269
v -0.142059482 -0.0312629547 -0.260869617
v -0.137453306 -0.0289995158 -0.260334571
v -0.136601052 -0.038914118 -0.257189267
v -0.140400837 -0.0393526654 -0.255015637
v -0.143499329 -0.0403921814 -0.26224833
v -0.142759818 -0.0374580261 -0.265012405
v -0.140343512 -0.035168793 -0.263559189
v -0.137309034 -0.044755677 -0.261883346
v -0.1404295 -0.0453451846 -0.260552413
v -0.142694851 -0.0466923551 -0.26690609
v -0.142315541 -0.0438871814 -0.269066338
v -0.140777282 -0.0417575078 -0.267429676
v -0.140164846 -0.0517380316 -0.26588473
v -0.137579423 -0.0513061756 -0.265792046
v -0.141334304 -0.0530890247 -0.271317362
v -0.142584018 -0.0498204633 -0.273727942
v -0.141733678 -0.0473028803 -0.272372165
v -0.138456518 -0.0583191045 -0.27646145
v -0.138116381 -0.0585646529 -0.270408732
v -0.136221745 -0.0569184272 -0.270716383
v -0.140052102 -0.0552253897 -0.27843156
v -0.139890634 -0.0528702279 -0.27716179
v -0.13734152 -0.0603064207 -0.283347312
v -0.134204809 -0.0636179712 -0.280531628
v -0.134495265 -0.063609372 -0.276060161
v -0.134153217 -0.0621857693 -0.275828949
v -0.137427509 -0.0582264277 -0.281881667
v -0.133344912 -0.0625058421 -0.2865681
v -0.133322937 -0.0648524047 -0.287927679
v -0.130069667 -0.0683388019 -0.285375709
v -0.130415534 -0.0685040953 -0.281508084
v -0.13073083 -0.0666132787 -0.280736087
v -0.126833591 -0.069484374 -0.28659293
v -0.129056899 -0.0669142453 -0.290805473
v -0.128302101 -0.0696506214 -0.290691775
v -0.126888051 -0.0709337816 -0.288727394
v -0.126209686 -0.0703184726 -0.288446495
v -0.0866258074 -0.0361987559 -0.0486377237
v -0.0764207528 -0.0455601587 -0.0546789803
v -0.0726114122 -0.0396163662 -0.0592755916
v -0.0912272064 -0.0366248814 -0.0505209021
v -0.0837117149 -0.0324954697 -0.0514381173
v -0.0936903309 -0.040186764 -0.0473259112
v -0.0903090286 -0.0394099913 -0.0458822341
v -0.0798880446 -0.0518326197 -0.0503489171
v -0.0782370441 -0.0468050956 -0.0584147556
v -0.0755876081 -0.0405555635 -0.0625040398
v -0.0885242667 -0.0331193744 -0.0535505995
v -0.0806801044 -0.0525300914 -0.0534904047
v -0.0842295633 -0.0581003078 -0.0487858187
v -0.0971901075 -0.0428419314 -0.0441280444
v -0.0945081876 -0.0420919103 -0.0429805574
v -0.082818379 -0.0583745191 -0.0461383038
v -0.0880981403 -0.0631345198 -0.0411279604
v -0.0886847805 -0.0625106187 -0.0433780306
v -0.101838323 -0.04489135 -0.0410983471
v -0.0986490646 -0.0445531248 -0.0398448216
v -0.102476558 -0.0473496957 -0.0367386706
v -0.0948750764 -0.0656511524 -0.0355061592
v -0.0950040609 -0.065167701 -0.0380075153
v -0.105388739 -0.047449064 -0.0377208642
v -0.106604058 -0.0494784189 -0.0330841325
v -0.105459441 -0.0497822472 -0.0327038578
v -0.102518596 -0.0653559163 -0.0300916796
v -0.103067975 -0.0658002013 -0.0334987757
v -0.111215968 -0.0637536443 -0.0294180908
v -0.111203546 -0.0511599919 -0.0299942404
v -0.109565923 -0.0503793966 -0.0289183947
v -0.11048219 -0.0630762399 -0.0253603562
v -0.118488777 -0.059949082 -0.0211812639
v -0.118337817 -0.0609952931 -0.0246447108
v -0.117347025 -0.0514523557 -0.0278139039
v -0.114873391 -0.0492863738 -0.0258437934
v -0.120057609 -0.0469675203 -0.0239080798
v -0.125575274 -0.0554193426 -0.0172037415
v -0.125565721 -0.0572805389 -0.0205497032
v -0.121885368 -0.0489873221 -0.0253020692
v -0.12520361 -0.0449353002 -0.022745302
v -0.12228283 -0.043283344 -0.0206939827
v -0.131551553 -0.0501176072 -0.0130905958
v -0.133016244 -0.0529495325 -0.017576385
v -0.139156854 -0.0475837796 -0.0153865096
v -0.12796483 -0.0404485534 -0.0207866666
v -0.124570152 -0.0386360839 -0.0192952096
v -0.139400491 -0.0460063479 -0.0100714054
v -0.143007278 -0.0397195536 -0.0117892619
v -0.144264637 -0.0411058976 -0.0158508405
v -0.129465826 -0.0356216701 -0.0194557194
v -0.126504919 -0.0339735367 -0.0178601318
v -0.127884575 -0.0288896405 -0.0181802117
v -0.134535392 -0.0364787013 -0.011618245
v -0.138489003 -0.0357105279 -0.0140660979
v -0.129990366 -0.030537774 -0.0195273893
v -0.13131938 -0.0256392333 -0.0209251942
v -0.128002092 -0.0245471643 -0.0204981077
v -0.132662728 -0.0286202057 -0.0129606389
v -0.134971074 -0.0289995158 -0.0148180196
v -0.13765777 -0.022417489 -0.0179155428
v -0.134711193 -0.0223735389 -0.0238679595
v -0.129393213 -0.0201626511 -0.0228962729
v -0.134380609 -0.0208687203 -0.0150473234
v -0.0562303926 -0.0529934826 -0.0899576522
v -0.0532245781 -0.0408039772 -0.0930513598
v -0.05041272 -0.0417536851 -0.0946077668
v -0.0621913836 -0.0633762455 -0.086037477
v -0.0538303268 -0.0534272499 -0.0896280048
v -0.0600855929 -0.0568591899 -0.078175173
v -0.0550552035 -0.0481474895 -0.0816223895
v -0.0521611757 -0.0388864089 -0.0862839793
v -0.0515879091 -0.0382539086 -0.0874973845
v -0.0694641942 -0.0728895624 -0.082466027
v -0.0601113906 -0.0639839091 -0.0853151687
v -0.0658554962 -0.0648266069 -0.0743228238
v -0.0538370147 -0.0491258604 -0.0830507759
v -0.0657570854 -0.0676145786 -0.0748244276
v -0.0592371646 -0.0587844036 -0.0788153045
v -0.0788380154 -0.0804117405 -0.0791392
v -0.0677816637 -0.0733233333 -0.0812497744
v -0.0736079373 -0.070986331 -0.0710475637
v -0.0745805742 -0.0744660438 -0.0717240284
v -0.077677156 -0.0802340322 -0.0772579294
v -0.089363143 -0.0862685902 -0.0761725448
v -0.0821963875 -0.07603105 -0.0680293415
v -0.0841368856 -0.0800171504 -0.068445921
v -0.0881000512 -0.0864682807 -0.0734734344
v -0.0992452592 -0.0916830698 -0.071173705
v -0.0911249744 -0.0794228626 -0.0640279576
v -0.0936224946 -0.0837863546 -0.0631202813
v -0.0978264309 -0.0927111213 -0.0681440077
v -0.108956352 -0.095203864 -0.0648009218
v -0.0995500449 -0.0802197025 -0.0579647473
v -0.103098549 -0.0841685371 -0.0565822046
v -0.107013941 -0.0949267874 -0.0598096847
v -0.117610728 -0.0908642548 -0.0564532159
v -0.10847481 -0.0785266615 -0.0529161913
v -0.111871399 -0.0813585832 -0.0503880978
v -0.116125973 -0.0899623232 -0.0519473807
v -0.126117967 -0.0847695021 -0.0491355119
v -0.116564521 -0.0750861222 -0.0470039235
v -0.120621319 -0.0768068688 -0.0437200927
v -0.12567082 -0.0843615361 -0.0451178976
v -0.133957352 -0.0776638963 -0.0418455135
v -0.123920453 -0.0699525419 -0.041328619
v -0.127550169 -0.0698120923 -0.037726616
v -0.132999045 -0.0766176924 -0.0373597243
v -0.139157812 -0.0674330476 -0.0357125411
v -0.129781122 -0.0621618864 -0.0363631796
v -0.132171635 -0.0599892095 -0.0323130761
v -0.138524354 -0.0660973381 -0.0312955459
v -0.143052186 -0.0561407007 -0.0315095589
v -0.132051249 -0.0512498035 -0.0323914375
v -0.135711539 -0.0496828824 -0.0269100717
v -0.141552144 -0.0543205858 -0.0258208715
v -0.143474489 -0.0439349542 -0.0312964855
v -0.132849996 -0.0427358787 -0.0309324696
v -0.137781021 -0.0398150957 -0.0261466748
v -0.14443375 -0.0423852315 -0.0254960079
v -0.139294439 -0.0331824308 -0.0356704845
v -0.131975767 -0.0325164909 -0.0318888655
v -0.135569178 -0.0319852666 -0.030270356
v -0.141172834 -0.0343547581 -0.0300486833
v -0.137615731 -0.022116526 -0.0390327052
v -0.13027986 -0.0230729218 -0.0346376636
v -0.132219404 -0.026823979 -0.0329360375
v -0.132811777 -0.0216646027 -0.0354889607
v -0.13729757 -0.0230987178 -0.0357517218
v -0.0403863312 -0.0640593874 -0.104197523
v -0.0403643562 -0.0662263268 -0.112653175
v -0.0348810861 -0.051374966 -0.116193076
v -0.0403729554 -0.0627284616 -0.103341442
v -0.0358776094 -0.0490685345 -0.107909408
v -0.0467658059 -0.0752495008 -0.0986941751
v -0.046718987 -0.0781148657 -0.100494237
v -0.0478435416 -0.0791725376 -0.107167026
v -0.0423478496 -0.0660218597 -0.116142448
v -0.0378295747 -0.0504653855 -0.119047941
v -0.0392961736 -0.0511160418 -0.116299114
v -0.0412404936 -0.0490370027 -0.107816725
v -0.0433405538 -0.0632033138 -0.104447841
v -0.0388308746 -0.0479019411 -0.106592812
v -0.0493579133 -0.0756440981 -0.0998865662
v -0.0590164565 -0.0852921342 -0.0961412519
v -0.05556063 -0.0854067861 -0.0930398847
v -0.0569670378 -0.0886428583 -0.0955011205
v -0.0579291677 -0.0904515051 -0.102468163
v -0.0502149444 -0.0791629845 -0.111235296
v -0.0430625198 -0.066462322 -0.113761482
v -0.0504251384 -0.0793359162 -0.108617394
v -0.0601859151 -0.0903464064 -0.103572654
v -0.0717238086 -0.0996294656 -0.0995330574
v -0.0700584766 -0.0926547493 -0.0914194674
v -0.0668281349 -0.0934917167 -0.0891627058
v -0.0689062165 -0.0971329003 -0.0911079867
v -0.0699868192 -0.100071836 -0.0996773368
v -0.0599375014 -0.0905011929 -0.105498829
v -0.0717677587 -0.100429167 -0.102015307
v -0.084931812 -0.107850069 -0.0978935338
v -0.0847397686 -0.107060875 -0.0969094325
v -0.0823865195 -0.098033878 -0.0887499703
v -0.0795813476 -0.0992234003 -0.0864540565
v -0.0820234531 -0.104007287 -0.0875738096
v -0.0828546856 -0.107547195 -0.0955173509
v -0.096358875 -0.110687729 -0.0890375611
v -0.0988764593 -0.11051479 -0.091936362
v -0.0987493859 -0.109541203 -0.0927255565
v -0.095071897 -0.100934594 -0.0843606806
v -0.0924960308 -0.103701551 -0.0827154052
v -0.0958821101 -0.107624588 -0.083106187
v -0.109684398 -0.105288533 -0.0779535004
v -0.110716272 -0.108546587 -0.084421815
v -0.113026526 -0.108260911 -0.0860947959
v -0.112865057 -0.108558048 -0.0877563016
v -0.108071613 -0.100257189 -0.0809296945
v -0.105674415 -0.102691652 -0.0777710084
v -0.118352148 -0.0985689249 -0.0729355258
v -0.123245914 -0.10096326 -0.0729527243
v -0.124094342 -0.103918433 -0.0783423743
v -0.126449504 -0.103601229 -0.0795949317
v -0.125818912 -0.103289756 -0.0821956632
v -0.120210479 -0.0969074121 -0.0752897266
v -0.130728918 -0.0909378254 -0.0681975109
v -0.129820295 -0.0923728961 -0.0669258188
v -0.134646221 -0.0932681433 -0.0661079506
v -0.136090849 -0.0964335209 -0.0718635242
v -0.137519232 -0.0953147003 -0.0717221207
v -0.137496299 -0.0963895636 -0.075116802
v -0.147668871 -0.0873081098 -0.0678860302
v -0.139901145 -0.0825414212 -0.0612657766
v -0.139316414 -0.0843175788 -0.0594513922
v -0.144200623 -0.0831576769 -0.0591676454
v -0.145842069 -0.087282312 -0.0636027789
v -0.148840241 -0.0860564849 -0.0657057222
v -0.155653483 -0.0761390176 -0.0600915521
v -0.156589812 -0.0735220628 -0.0588274911
v -0.14719975 -0.0712853826 -0.0559133995
v -0.14702968 -0.0730825614 -0.0535639824
v -0.15236677 -0.0718328444 -0.0521308123
v -0.154663644 -0.0759641709 -0.0567685122
v -0.159033828 -0.0582321582 -0.053182768
v -0.155858904 -0.0614672765 -0.0543034893
v -0.157865327 -0.0611338278 -0.0507492662
v -0.151062592 -0.0575853246 -0.0521862234
v -0.150787427 -0.0596137256 -0.0482555412
v -0.15491493 -0.0576531611 -0.0464134797
v -0.156267831 -0.045426397 -0.0460666339
v -0.156797148 -0.0435938637 -0.0462959377
v -0.152934299 -0.0462538076 -0.0524537682
v -0.153746422 -0.0437658416 -0.0432519177
v -0.14898929 -0.0433750669 -0.0495864884
v -0.149807144 -0.0450489982 -0.0440028998
v -0.147863782 -0.0344722753 -0.0461268286
v -0.149891225 -0.0340977453 -0.0479221068
v -0.151847013 -0.0335005923 -0.0527241604
v -0.147398483 -0.0315285668 -0.0549264507
v -0.144597132 -0.0314387552 -0.0461039068
v -0.143401875 -0.0300810742 -0.0521069224
v -0.137639617 -0.0198272911 -0.051453408
v -0.141748965 -0.0211553536 -0.0516043789
v -0.143034987 -0.0203948219 -0.0530709778
v -0.145369128 -0.0192769588 -0.057759305
v -0.140380774 -0.0186349018 -0.0604756423
v -0.133587595 -0.021277649 -0.0561761606
v -0.0299223525 -0.0915703257 -0.151161235
v -0.0294408088 -0.0928869219 -0.15883054
v -0.01971061 -0.0793779586 -0.164419852
v -0.0306494445 -0.0897884305 -0.148494585
v -0.0200956541 -0.0781702839 -0.156215514
v -0.0398407737 -0.102885605 -0.143129793
v -0.0396162465 -0.105040123 -0.145883375
v -0.0397490543 -0.105996518 -0.153423691
v -0.031507426 -0.091817789 -0.161899418
v -0.0223323343 -0.0779132674 -0.167781104
v -0.0244916283 -0.0777747256 -0.164340551
v -0.0246559679 -0.0758198986 -0.154953361
v -0.0215249873 -0.0766520894 -0.154181365
v -0.0329348549 -0.0887957299 -0.149334407
v -0.042497856 -0.101379833 -0.145370296
v -0.0539411596 -0.110848238 -0.139405493
v -0.0520589422 -0.112440957 -0.137571034
v -0.052521376 -0.114969051 -0.141430075
v -0.0532274469 -0.115238489 -0.148439174
v -0.0416427362 -0.10465221 -0.155821857
v -0.0321542596 -0.0912588521 -0.158313645
v -0.042315364 -0.102978282 -0.15280745
v -0.0545707947 -0.112182033 -0.147893606
v -0.068094093 -0.118631256 -0.142446666
v -0.0673115863 -0.117419758 -0.134673202
v -0.066090534 -0.11920643 -0.132909445
v -0.0667774968 -0.122568629 -0.13694141
v -0.0678313461 -0.122699526 -0.143981091
v -0.054414104 -0.114352795 -0.149842703
v -0.0691259672 -0.121422096 -0.145427615
v -0.0848591989 -0.124287454 -0.140534814
v -0.08262538 -0.122074657 -0.137394294
v -0.081574396 -0.120686405 -0.129538653
v -0.0807899798 -0.123686489 -0.12903611
v -0.0824973505 -0.125782726 -0.13298493
v -0.0834088406 -0.125296399 -0.138586685
v -0.0997057808 -0.124836838 -0.135314301
v -0.100729058 -0.123205899 -0.135576094
v -0.0978006341 -0.122270532 -0.133355637
v -0.0964133348 -0.121190885 -0.125355745
v -0.0961916728 -0.123475337 -0.124835975
v -0.0979171977 -0.125658521 -0.127372668
v -0.113204238 -0.122251411 -0.122206627
v -0.114554275 -0.121142151 -0.128258362
v -0.116302729 -0.119277132 -0.130984238
v -0.112466639 -0.118859606 -0.12882782
v -0.110956088 -0.118364686 -0.120977931
v -0.111510243 -0.121740254 -0.12048205
v -0.125796936 -0.116177687 -0.115385714
v -0.128045088 -0.116407944 -0.117578466
v -0.129168685 -0.114712042 -0.125137888
v -0.130729876 -0.112594783 -0.125485674
v -0.12554948 -0.112454333 -0.123227973
v -0.124873026 -0.112917724 -0.116648807
v -0.137388335 -0.105370702 -0.110778596
v -0.139247623 -0.108103263 -0.110817777
v -0.141521569 -0.107789875 -0.112491697
v -0.142756953 -0.107092403 -0.118551092
v -0.144580887 -0.103880214 -0.12086708
v -0.138038991 -0.103958561 -0.117852674
v -0.150175944 -0.094499708 -0.113428987
v -0.149002666 -0.0955774401 -0.106241211
v -0.151740954 -0.0984638262 -0.106218289
v -0.153969042 -0.097431952 -0.107624694
v -0.155323857 -0.0961220473 -0.114730292
v -0.156510511 -0.0923318148 -0.116522695
v -0.165706624 -0.0780680468 -0.112373216
v -0.158938282 -0.0816882092 -0.10863744
v -0.15871567 -0.0835159695 -0.101949361
v -0.160485143 -0.0846930699 -0.102536017
v -0.163600833 -0.0836745715 -0.10348669
v -0.165417125 -0.0830621313 -0.109746715
v -0.169801638 -0.0664785595 -0.105852337
v -0.166806331 -0.0617156937 -0.106423703
v -0.163301781 -0.0659053 -0.105448201
v -0.163009414 -0.0680559948 -0.0979546682
v -0.16706144 -0.0692655773 -0.0994623556
v -0.167020351 -0.067269669 -0.0989110641
v -0.165980832 -0.0498949877 -0.0945724302
v -0.167733114 -0.0497048575 -0.0992770162
v -0.165404703 -0.0447814747 -0.100492329
v -0.161528485 -0.0494554864 -0.101691412
v -0.161916391 -0.0517657406 -0.0946861282
v -0.164927936 -0.053153996 -0.0939007492
v -0.158070748 -0.0379147259 -0.0911901636
v -0.159571744 -0.0366344381 -0.0910563912
v -0.161815115 -0.0361490717 -0.0948074573
v -0.161954611 -0.0331958066 -0.0945934442
v -0.154280515 -0.0344397896 -0.100290731
v -0.156093939 -0.0364099073 -0.0930312854
v -0.145193324 -0.0245146805 -0.0919076883
v -0.147919196 -0.0243962059 -0.0910363453
v -0.149612234 -0.0223716275 -0.0928984812
v -0.150702392 -0.0225741815 -0.0965874447
v -0.149953328 -0.01889956 -0.102721357
v -0.145180905 -0.0210206361 -0.103286999
v -0.0231005077 -0.105024832 -0.180510426
v -0.0234081657 -0.103677661 -0.191606916
v -0.0119352381 -0.0890928738 -0.193813976
v -0.0235896967 -0.103396762 -0.177969918
v -0.0129499138 -0.0905594727 -0.183893647
v -0.0370184051 -0.11187152 -0.174051651
v -0.0373079036 -0.113378247 -0.175491498
v -0.0366037441 -0.114737839 -0.1857214
v -0.0258168237 -0.100076612 -0.195271975
v -0.0170325137 -0.0841188494 -0.197424578
v -0.0164458713 -0.085294042 -0.192879562
v -0.0157923498 -0.0883973099 -0.181514602
v -0.0143219281 -0.089272497 -0.181008215
v -0.0244648766 -0.102998349 -0.176373376
v -0.0385356456 -0.111182648 -0.17535774
v -0.0530755292 -0.118363732 -0.17176146
v -0.0510605075 -0.119548471 -0.171075456
v -0.0519251804 -0.121898856 -0.172651938
v -0.0519490668 -0.12292883 -0.182244556
v -0.0372028048 -0.112684598 -0.189254623
v -0.0265792666 -0.0997479402 -0.189675004
v -0.0366906904 -0.109092141 -0.180458831
v -0.0509898057 -0.116685982 -0.175312836
v -0.065485741 -0.12299284 -0.169391983
v -0.0674711458 -0.124053381 -0.166116723
v -0.0653013412 -0.125185577 -0.165763214
v -0.0669599853 -0.127297091 -0.166751131
v -0.0675963083 -0.128464638 -0.176006485
v -0.0519672192 -0.121243434 -0.185290498
v -0.0669408772 -0.126632116 -0.178178193
v -0.0820769573 -0.130303867 -0.17035507
v -0.0804890159 -0.125770297 -0.162487954
v -0.0824161382 -0.126311082 -0.159963704
v -0.0797743466 -0.127596143 -0.159179265
v -0.082071225 -0.130115651 -0.159508912
v -0.0834948304 -0.131746576 -0.169048981
v -0.0994334808 -0.130508327 -0.161807702
v -0.0977003128 -0.129984755 -0.163158695
v -0.095611721 -0.125123474 -0.155475979
v -0.0969369159 -0.125448324 -0.152089897
v -0.0942272881 -0.12792673 -0.151921756
v -0.0973267357 -0.129436325 -0.151937047
v -0.112664415 -0.126111391 -0.145329208
v -0.114974669 -0.127371623 -0.153755247
v -0.113321757 -0.125991016 -0.156519335
v -0.110770733 -0.121872104 -0.14914716
v -0.1114061 -0.12176796 -0.144838111
v -0.108685961 -0.12505468 -0.14519068
v -0.123438913 -0.120557416 -0.140324616
v -0.127424052 -0.119590513 -0.139632889
v -0.130651529 -0.120545001 -0.148976143
v -0.128904027 -0.120036706 -0.151480347
v -0.12621542 -0.116466231 -0.146186257
v -0.125858085 -0.116062081 -0.138936379
v -0.139643175 -0.107610251 -0.134361721
v -0.136736725 -0.112557524 -0.134629237
v -0.141704058 -0.111270548 -0.134756318
v -0.145183771 -0.11171578 -0.142956869
v -0.143361748 -0.111502721 -0.145860453
v -0.140282363 -0.10806982 -0.141429107
v -0.15325151 -0.0981953488 -0.135669718
v -0.15244034 -0.0976832308 -0.129190868
v -0.149792815 -0.10350473 -0.129892162
v -0.154808871 -0.101098933 -0.129519547
v -0.158593373 -0.0998826594 -0.13871949
v -0.156373884 -0.100348912 -0.140536721
v -0.167454122 -0.0858501101 -0.137954185
v -0.164473151 -0.0854373604 -0.133135901
v -0.162090284 -0.08341947 -0.127537022
v -0.159904238 -0.0908489712 -0.125810537
v -0.166703147 -0.0882176867 -0.128566027
v -0.169466282 -0.0852414926 -0.134971299
v -0.171261553 -0.0672199813 -0.12939631
v -0.16994018 -0.0689015543 -0.131863241
v -0.167675788 -0.0687849946 -0.128345322
v -0.166397404 -0.0666132787 -0.123507932
v -0.165343555 -0.074782294 -0.122062347
v -0.169979354 -0.0719073688 -0.121886547
v -0.16901722 -0.053591586 -0.1174552
v -0.16926946 -0.0490694884 -0.122049932
v -0.167306027 -0.0526877395 -0.12277318
v -0.164721561 -0.0515049051 -0.122599288
v -0.164508502 -0.0505408674 -0.115479367
v -0.164572513 -0.0582245164 -0.115445909
v -0.161745367 -0.0418043231 -0.110075394
v -0.163237764 -0.0383064579 -0.112957964
v -0.161470199 -0.0376901987 -0.119706239
v -0.159806778 -0.0368427242 -0.121401173
v -0.1584491 -0.0345678209 -0.121205298
v -0.158262793 -0.0338913669 -0.112756366
v -0.147483514 -0.0221184373 -0.116447209
v -0.154604411 -0.0260749137 -0.1076438
v -0.154849959 -0.0218098289 -0.114493357
v -0.153905024 -0.0193161306 -0.119797955
v -0.150708126 -0.021135288 -0.123457276
v -0.148309017 -0.0205639363 -0.119983294
v -0.142377643 -0.103073828 -0.0979852497
v -0.129867111 -0.110779452 -0.105356485
v -0.132557633 -0.111699536 -0.104958044
v -0.153554384 -0.0934248376 -0.0907391872
v -0.150234227 -0.0900578689 -0.083481678
v -0.146128702 -0.103019363 -0.0981964153
v -0.139854326 -0.0996839228 -0.0914700948
v -0.126773396 -0.107009286 -0.0971578425
v -0.114511279 -0.114048967 -0.108897325
v -0.117320274 -0.116117492 -0.111469383
v -0.130409803 -0.112525035 -0.103056727
v -0.1150769 -0.117836331 -0.108439686
v -0.156767527 -0.09304457 -0.0899222871
v -0.161688995 -0.0812286478 -0.0829628756
v -0.158543692 -0.076883301 -0.0784885331
v -0.162129458 -0.0762116271 -0.074706914
v -0.154146757 -0.0899508552 -0.0815755777
v -0.142924154 -0.100960391 -0.0881231934
v -0.144223556 -0.104380871 -0.0967183412
v -0.112801041 -0.112077895 -0.102764353
v -0.12981743 -0.109438012 -0.0946392879
v -0.0995710643 -0.116124183 -0.114305114
v -0.101425574 -0.119173948 -0.117015699
v -0.0993436692 -0.121045651 -0.114224873
v -0.115379775 -0.118349402 -0.103668214
v -0.128220889 -0.111441572 -0.0974530644
v -0.0979554152 -0.120335758 -0.108558139
v -0.165023482 -0.0807002852 -0.082410616
v -0.153421573 -0.0930990343 -0.084277564
v -0.16497667 -0.0783776126 -0.0825740017
v -0.141166146 -0.103398677 -0.0903140369
v -0.162701763 -0.065155279 -0.0774022088
v -0.161883909 -0.0619000934 -0.0728734233
v -0.16400976 -0.0616793889 -0.0680962277
v -0.162731384 -0.0801308413 -0.0779028445
v -0.168061786 -0.0644100346 -0.073911028
v -0.11486957 -0.1145649 -0.100327036
v -0.0977872578 -0.114498975 -0.10739633
v -0.0845458144 -0.116322913 -0.120171538
v -0.0848324464 -0.119786388 -0.12129989
v -0.0830773032 -0.120334804 -0.119289659
v -0.0816489204 -0.118556731 -0.111563975
v -0.0996379452 -0.117956713 -0.10618674
v -0.0834203059 -0.115467793 -0.109214529
v -0.168498418 -0.0630246444 -0.0782793037
v -0.161421472 -0.048443676 -0.0741518069
v -0.158708025 -0.0459537985 -0.0699880054
v -0.162149518 -0.0457311826 -0.0660726139
v -0.165698025 -0.0475656272 -0.0688930534
v -0.166758565 -0.0475818683 -0.0727845549
v -0.08229002 -0.113461371 -0.110685912
v -0.0694833022 -0.111978527 -0.123999969
v -0.0685488815 -0.116490114 -0.125609879
v -0.067479745 -0.115723848 -0.124565583
v -0.0661908562 -0.113298946 -0.116046888
v -0.0678561882 -0.110909387 -0.113301906
v -0.0674080858 -0.108825571 -0.113089801
v -0.162842213 -0.046936946 -0.0744957484
v -0.15170178 -0.0320301707 -0.0732374392
v -0.154543262 -0.0332464482 -0.0760607831
v -0.157284422 -0.0361146783 -0.0665283456
v -0.158944974 -0.03624844 -0.0680981355
v -0.159055803 -0.0345649521 -0.0730005043
v -0.0553571204 -0.104363672 -0.126982854
v -0.0534519741 -0.108452956 -0.128265053
v -0.0523197777 -0.107800389 -0.126517555
v -0.0515391824 -0.105659247 -0.119887763
v -0.0533258577 -0.103467464 -0.117580374
v -0.0536564376 -0.101653087 -0.117019515
v -0.155888518 -0.0342573012 -0.0764247989
v -0.147026814 -0.0225579386 -0.0687698165
v -0.142680517 -0.0198043604 -0.0759480247
v -0.146307368 -0.0191479737 -0.0798462177
v -0.152004654 -0.0211582188 -0.0741107185
v -0.151634901 -0.0190744049 -0.0779277026
v -0.148465708 -0.0186931834 -0.0813472136
v -0.0432278097 -0.094135685 -0.131649228
v -0.0421070778 -0.0961373309 -0.133589725
v -0.0404092637 -0.0961745967 -0.131424708
v -0.0395235697 -0.0939703915 -0.123747743
v -0.0412662913 -0.091930526 -0.121174745
v -0.0351505209 -0.0811378787 -0.139398802
v -0.0357104082 -0.0801375327 -0.138428083
v -0.0365091559 -0.0796149077 -0.137294919
v -0.0355288736 -0.0785113708 -0.132057208
v -0.033808127 -0.0810920137 -0.137389511
v -0.0346575128 -0.0810729074 -0.138472019
v -0.0333523811 -0.0801767063 -0.13321711
v -0.0337756414 -0.0784836652 -0.127824612
v -0.0329100146 -0.0790750842 -0.129379112
v -0.0346460483 -0.077464213 -0.126538569
v -0.0349173945 -0.0774259933 -0.126605455
v -0.0281930066 -0.0661393804 -0.145206911
v -0.029791456 -0.0650931765 -0.14294061
v -0.0285684905 -0.0629224145 -0.132036165
v -0.0272079442 -0.0660094378 -0.143353374
v -0.0262964595 -0.0641788159 -0.135010452
v -0.0280267592 -0.0629969389 -0.131902421
v -0.0132355897 -0.0247640498 -0.177189323
v -0.0172952606 -0.0137812669 -0.17488098
v -0.0183185355 -0.0266262034 -0.178354962
v -0.0155639998 -0.0376873334 -0.180537178
v -0.00991639378 -0.0359207218 -0.180123474
v -0.00976256832 -0.0232563659 -0.185346863
v -0.0128620136 -0.0133245662 -0.182906669
v -0.020005839 -0.0185517781 -0.166254311
v -0.023597342 -0.0165291129 -0.168411697
v -0.0218221312 -0.0157800475 -0.176848229
v -0.0155859749 -0.0119047826 -0.168640033
v -0.0124693312 -0.0112245095 -0.177247595
v -0.0139349762 -0.0254424133 -0.186630016
v -0.0112769401 -0.0345725975 -0.190572173
v -0.00909471711 -0.0416084589 -0.197578411
v -0.0141614112 -0.0487990997 -0.183787594
v -0.00718957076 -0.0325575758 -0.190139349
v -0.00915490473 -0.0475044786 -0.1831742
v -0.0176917656 -0.0163055395 -0.183710201
v -0.0110103705 -0.00993084407 -0.183960519
v -0.0131754021 -0.0129099061 -0.184914053
v -0.0105154581 -0.00939770848 -0.188615431
v -0.0212995062 -0.016908423 -0.153799182
v -0.0190131384 -0.0263367049 -0.157231137
v -0.0174767916 -0.0105193943 -0.157253119
v -0.0194755686 -0.0286049186 -0.168356286
v -0.0269471122 -0.0167985459 -0.155027878
v -0.0237196393 -0.00950280635 -0.160238852
v -0.0213214812 -0.0109703627 -0.171383107
v -0.0246788968 -0.0262554925 -0.169956629
v -0.0180357213 -0.0103177969 -0.179910415
v -0.0156901198 3.91730405e-05 -0.167533634
v -0.0135929283 4.01284808e-05 -0.172953851
v -0.0127473617 4.01284808e-05 -0.17796418
v -0.00463376458 -0.0406224426 -0.196142379
v -0.00191267202 -0.0452429511 -0.20540824
v -0.00574971635 -0.0448521765 -0.206667517
v -0.00850998959 -0.0515880288 -0.196258953
v -0.00538665438 -0.0527412463 -0.207194918
v -0.0125524549 -0.0581624103 -0.184398112
v -0.0106453936 -0.0543769579 -0.193515878
v -0.00400795571 -0.0520303989 -0.195594917
v -0.00788608139 -0.057409524 -0.185168201
v -0.0170974779 -0.0102174756 -0.186480967
v -0.0120346064 4.01284808e-05 -0.182079262
v -0.0108336161 -0.00613488063 -0.201659095
v -0.00882145607 -0.0214897579 -0.192750573
v -0.0149114322 -0.021258541 -0.192955987
v -0.0104906143 -0.00775817337 -0.193229241
v -0.0106692836 4.10839212e-05 -0.186617601
v -0.0226285243 -0.0123758148 -0.147989166
v -0.0288073546 -0.0113687809 -0.150944346
v -0.0255846582 -0.0258035693 -0.158784668
v -0.0232161206 -0.0353006434 -0.159977059
v -0.017313413 -0.036106079 -0.159035954
v -0.0182191672 3.82176001e-05 -0.158068111
v -0.0190647338 -0.0387278069 -0.17041908
v -0.0277066864 3.53512825e-05 -0.151506145
v -0.0240549957 3.63067194e-05 -0.160858937
v -0.0212192513 3.72621598e-05 -0.170178301
v -0.0190484892 3.82176001e-05 -0.175563168
v -0.0232868223 -0.0362398408 -0.170838507
v -0.0155859749 0.0119047826 -0.168640033
v -0.0124693312 0.0112245095 -0.177247595
v -0.0110103705 0.00993084407 -0.183960519
v -0.0105154581 0.00939770848 -0.188615431
v -0.000633341648 -0.0528406111 -0.20712994
v -0.004106363 -0.0469933181 -0.212008419
v -0.000743216975 -0.0458668557 -0.21197593
v -0.00685229942 -0.057358886 -0.192348331
v -0.00407674258 -0.0578719579 -0.216809504
v -0.013187824 -0.0632338881 -0.18460354
v -0.0112148375 -0.0600780708 -0.193896138
v -0.00743511916 -0.0633284727 -0.193062994
v -0.00851762783 -0.0633905823 -0.185679357
v -0.0179640657 3.91730405e-05 -0.180458831
v -0.01550572 -0.00858462839 -0.191002121
v -0.0176220178 -0.00724796807 -0.198945648
v -0.0141098228 -0.0131564092 -0.209143061
v -0.0104906143 0.00775817337 -0.193229241
v -0.00662394952 -0.0141032502 -0.210083212
v -0.0114632547 4.10839212e-05 -0.202599247
v -0.0113390426 -0.0304479624 -0.200258415
v -0.0056923904 -0.0301269356 -0.201196658
v -0.00946351665 -0.0212384772 -0.21752226
v -0.025539747 3.53512825e-05 -0.135063015
v -0.0250897387 -0.00752695645 -0.133720621
v -0.0217189473 3.72621598e-05 -0.14864268
v -0.0261130137 -0.0153816293 -0.143511008
v -0.0318131691 -0.0064320223 -0.136935687
v -0.0328412206 -0.0149163294 -0.14484671
v -0.0229247071 -0.0451168347 -0.159977059
v -0.0225100497 -0.0462308751 -0.170432435
v -0.0162003229 -0.0462174993 -0.15932642
v -0.0174767916 0.0105193943 -0.157253119
v -0.0186022965 -0.0489108863 -0.171377384
v -0.0319354664 3.34404018e-05 -0.138122326
v -0.0288073546 0.0113687809 -0.150944346
v -0.0237196393 0.00950280635 -0.160238852
v -0.0213214812 0.0109703627 -0.171383107
v -0.0180357213 0.0103177969 -0.179910415
v -0.020005839 0.0185517781 -0.166254311
v -0.0172952606 0.0137812669 -0.17488098
v -0.0128620136 0.0133245662 -0.182906669
v -0.0131754021 0.0129099061 -0.184914053
v 0.00158710098 -0.0596041689 -0.216537204
v -0.00581851033 -0.0297055867 -0.225990327
v -0.00772461769 -0.0396316533 -0.207523583
v -0.00245918698 -0.0391835492 -0.209118217
v -0.00267320006 -0.038714431 -0.235427204
v 0.00124983675 -0.0397759221 -0.235434849
v -0.00204929898 -0.0318534162 -0.226640979
v -0.0031251233 -0.0687945478 -0.219160843
v -0.000131730702 -0.062358701 -0.230145543
v -0.00155724829 -0.0725694896 -0.230567846
v -0.0131935544 -0.0683579152 -0.184703855
v -0.0122075382 -0.0658795023 -0.19378244
v -0.00786028364 -0.0692082513 -0.19415507
v -0.00965937734 -0.0693190877 -0.185534138
v -0.0170974779 0.0102174756 -0.186480967
v -0.0170583114 3.91730405e-05 -0.184481243
v -0.0151073 -0.0070062419 -0.195437269
v -0.0150576195 4.01284808e-05 -0.204318086
v -0.0155697303 3.91730405e-05 -0.188961295
v -0.014550278 -0.00703299398 -0.210130978
v -0.00369743601 -0.0225321427 -0.218666885
v -0.00882145607 0.0214897579 -0.192750573
v -0.0108336161 0.00613488063 -0.201659095
v -0.00662394952 0.0141032502 -0.210083212
v -0.0152792779 -0.00556639372 -0.213528521
v -0.0151369205 4.01284808e-05 -0.218025785
v -0.0152792779 0.00556639372 -0.213528521
v -0.014550278 0.00703299398 -0.210130978
v -0.0309484962 3.34404018e-05 -0.123085629
v -0.0311988212 -0.00900597731 -0.123008236
v -0.0250897387 0.00752695645 -0.133720621
v -0.0314749439 -0.0140583444 -0.128076838
v -0.0226285243 0.0123758148 -0.147989166
v -0.0246473686 -0.0236194332 -0.142206826
v -0.0295010035 -0.0209499326 -0.131638721
v -0.0378085535 -0.00792919643 -0.12616883
v -0.0373881621 3.24849615e-05 -0.126165014
v -0.0359062724 -0.0150061419 -0.131552728
v -0.0317443751 -0.0226515729 -0.146670662
v -0.0220552577 -0.0550696529 -0.160199671
v -0.0223944439 -0.0562018493 -0.169435919
v -0.0180089697 -0.0591188061 -0.170249003
v -0.0155592233 -0.0564875252 -0.159320669
v -0.0212995062 0.016908423 -0.153799182
v -0.0378085535 0.00792919643 -0.12616883
v -0.0318131691 0.0064320223 -0.136935687
v -0.0328412206 0.0149163294 -0.14484671
v -0.0269471122 0.0167985459 -0.155027878
v -0.023597342 0.0165291129 -0.168411697
v -0.0218221312 0.0157800475 -0.176848229
v -0.0176917656 0.0163055395 -0.183710201
v -0.0194755686 0.0286049186 -0.168356286
v -0.0246788968 0.0262554925 -0.169956629
v -0.0132355897 0.0247640498 -0.177189323
v -0.0183185355 0.0266262034 -0.178354962
v -0.00976256832 0.0232563659 -0.185346863
v -0.0149114322 0.021258541 -0.192955987
v 0.00269446062 -0.0622899141 -0.229841708
v 0.00167596225 -0.0707761335 -0.220812796
v -0.00158017724 -0.0495023018 -0.246993762
v -0.00173496371 -0.0574620734 -0.235835184
v 0.00582448017 -0.068984678 -0.244653898
v 0.00299542007 -0.0488268088 -0.249218989
v 0.0031530682 -0.0599873017 -0.236674067
v -0.0051716803 -0.0800868911 -0.217599653
v -0.00521085386 -0.0821936357 -0.229824509
v 0.00111416368 -0.0728561264 -0.231066588
v -0.00155534051 -0.0833048181 -0.230419751
v -0.0135776376 -0.0734351235 -0.184417218
v -0.0126699756 -0.0717994084 -0.194075769
v -0.00807430384 -0.075008729 -0.195390457
v -0.00974154715 -0.0753545996 -0.186109306
v -0.01550572 0.00858462839 -0.191002121
v -0.0176220178 0.00724796807 -0.198945648
v -0.0141098228 0.0131564092 -0.209143061
v -0.0151073 0.0070062419 -0.195437269
v -0.0113390426 0.0304479624 -0.200258415
v -0.0056923904 0.0301269356 -0.201196658
v -0.00369743601 0.0225321427 -0.218666885
v -0.0348677103 3.24849615e-05 -0.111333703
v -0.0344215211 -0.00792155285 -0.110496729
v -0.0311988212 0.00900597731 -0.123008236
v -0.0360094598 -0.0123834584 -0.111268725
v -0.0354065799 -0.0149277948 -0.11848039
v -0.0342447631 -0.0130322015 -0.124908585
v -0.0314749439 0.0140583444 -0.128076838
v -0.0261130137 0.0153816293 -0.143511008
v -0.0346651582 -0.0219378584 -0.134856633
v -0.0234845979 -0.0319566037 -0.142538382
v -0.0266690818 -0.0280230563 -0.134410441
v -0.0328068272 -0.0291313662 -0.137079938
v -0.0414248933 -0.00678075767 -0.113846506
v -0.0415663004 3.05740808e-05 -0.114537293
v -0.0401522473 -0.0156052027 -0.120398934
v -0.0414248933 0.00678075767 -0.113846506
v -0.0311453179 -0.0305062458 -0.148249051
v -0.0209995006 -0.0646871112 -0.159225137
v -0.0225110036 -0.0661795079 -0.168574115
v -0.0177347619 -0.0692369179 -0.168154688
v -0.0160073238 -0.0664499001 -0.158057576
v -0.0190131384 0.0263367049 -0.157231137
v -0.0401522473 0.0156052027 -0.120398934
v -0.0342447631 0.0130322015 -0.124908585
v -0.0359062724 0.0150061419 -0.131552728
v -0.0346651582 0.0219378584 -0.134856633
v -0.0317443751 0.0226515729 -0.146670662
v -0.0255846582 0.0258035693 -0.158784668
v -0.0139349762 0.0254424133 -0.186630016
v -0.0190647338 0.0387278069 -0.17041908
v -0.0232868223 0.0362398408 -0.170838507
v -0.0232161206 0.0353006434 -0.159977059
v -0.0155639998 0.0376873334 -0.180537178
v -0.00991639378 0.0359207218 -0.180123474
v -0.0112769401 0.0345725975 -0.190572173
v -0.00718957076 0.0325575758 -0.190139349
v -0.00946351665 0.0212384772 -0.21752226
v -0.000589391517 -0.0824850492 -0.219548749
v 0.0058206575 -0.0559801873 -0.25711092
v -6.67593956e-05 -0.056387203 -0.254697479
v 0.000124324726 -0.0668177458 -0.243653552
v 0.00377506151 -0.0809229046 -0.247414157
v 0.00557415521 -0.0702706998 -0.253043618
v -8.01352129e-05 -0.0785171083 -0.247177208
v -0.00909280221 -0.0905183914 -0.214179174
v -0.00935459522 -0.0915196912 -0.228176372
v -0.00499491876 -0.0933130474 -0.228239443
v -0.00432993634 -0.0935509575 -0.216761739
v -0.0135470633 -0.0783909884 -0.183089161
v -0.0132346358 -0.0771985973 -0.196127102
v -0.00885299139 -0.0806324522 -0.196510224
v -0.00986575218 -0.0812076266 -0.184721054
v -0.00772461769 0.0396316533 -0.207523583
v -0.00245918698 0.0391835492 -0.209118217
v -0.00204929898 0.0318534162 -0.226640979
v -0.000743216975 0.0458668557 -0.21197593
v -0.0397012815 3.05740808e-05 -0.102637301
v -0.0394375807 -0.00750498139 -0.102444302
v -0.0344215211 0.00792155285 -0.110496729
v -0.0403614909 -0.0141347802 -0.105484506
v -0.0354065799 0.0149277948 -0.11848039
v -0.0387133575 -0.0188880938 -0.107452709
v -0.0350664434 -0.0206489696 -0.118035166
v -0.0246473686 0.0236194332 -0.142206826
v -0.0295010035 0.0209499326 -0.131638721
v -0.0238209154 -0.0401065055 -0.14494227
v -0.0266814966 -0.0357344107 -0.135954433
v -0.0323596805 -0.0367605544 -0.138579026
v -0.0295172481 -0.0383312982 -0.14871529
v -0.0462527341 -0.00639476008 -0.105704242
v -0.0462890388 2.86632001e-05 -0.105788327
v -0.0453393344 -0.014534154 -0.107614187
v -0.0462527341 0.00639476008 -0.105704242
v -0.0403958844 -0.021090384 -0.120116098
v -0.0453393344 0.014534154 -0.107614187
v -0.0219797793 -0.0734484993 -0.154753671
v -0.0229533737 -0.0761714997 -0.168018039
v -0.0180280831 -0.0792059807 -0.165639949
v -0.0181446428 -0.0757539734 -0.154380087
v -0.017313413 0.036106079 -0.159035954
v -0.0451081158 0.0196104057 -0.110102131
v -0.0403958844 0.021090384 -0.120116098
v -0.0266690818 0.0280230563 -0.134410441
v -0.0328068272 0.0291313662 -0.137079938
v -0.0311453179 0.0305062458 -0.148249051
v -0.0225100497 0.0462308751 -0.170432435
v -0.0186022965 0.0489108863 -0.171377384
v -0.0229247071 0.0451168347 -0.159977059
v -0.0162003229 0.0462174993 -0.15932642
v -0.00909471711 0.0416084589 -0.197578411
v -0.0141614112 0.0487990997 -0.183787594
v -0.00915490473 0.0475044786 -0.1831742
v -0.00463376458 0.0406224426 -0.196142379
v -0.00581851033 0.0297055867 -0.225990327
v 0.00844907322 -0.0635338936 -0.264697123
v 0.000605868387 -0.0681811537 -0.256916967
v 0.00220336382 -0.0629290988 -0.262217749
v -0.00147794727 -0.0792728598 -0.256962825
v 0.00388206804 -0.0818143292 -0.257054555
v 0.000618290314 -0.0930130418 -0.247634862
v -0.00234931166 -0.0905432281 -0.24629056
v 0.00639678577 -0.0754960031 -0.262980192
v 0.00275274046 -0.0735774809 -0.262986883
v 0.00237151898 -0.0689235294 -0.255540176
v -0.00454013386 -0.0914059932 -0.257434816
v -0.0142130067 -0.0834280692 -0.182430863
v -0.0142961304 -0.0828643557 -0.197189551
v -0.0101839172 -0.0863822882 -0.197431269
v -0.00908134129 -0.0871179795 -0.185665035
v -0.004106363 0.0469933181 -0.212008419
v 0.00124983675 0.0397759221 -0.235434849
v 0.00158710098 0.0596041689 -0.216537204
v -0.00191267202 0.0452429511 -0.20540824
v -0.00574971635 0.0448521765 -0.206667517
v -0.0461868089 2.86632001e-05 -0.0901945871
v -0.0449753115 -0.00774193054 -0.0907238964
v -0.0394375807 0.00750498139 -0.102444302
v -0.0456374287 -0.0137774451 -0.0963676798
v -0.0360094598 0.0123834584 -0.111268725
v -0.0472731438 -0.014258987 -0.0975858687
v -0.0451081158 -0.0196104057 -0.110102131
v -0.0403614909 0.0141347802 -0.105484506
v -0.0350664434 0.0206489696 -0.118035166
v -0.0440217809 -0.0251118299 -0.111191331
v -0.0380846763 -0.0240216723 -0.109132381
v -0.0345657899 -0.0263500807 -0.118334203
v -0.0234845979 0.0319566037 -0.142538382
v -0.0232132518 -0.0486003666 -0.145344498
v -0.0264072888 -0.0437238028 -0.136005089
v -0.0316278154 -0.0445464369 -0.138418516
v -0.0282990593 -0.0462490311 -0.14840287
v -0.0518076633 -0.00662884311 -0.0939915253
v -0.0526838007 2.67523211e-05 -0.0933016777
v -0.0518076633 0.00662884311 -0.0939915253
v -0.0400872796 -0.0265640991 -0.120263254
v -0.0472731438 0.014258987 -0.0975858687
v -0.0456374287 0.0137774451 -0.0963676798
v -0.0387133575 0.0188880938 -0.107452709
v -0.0380846763 0.0240216723 -0.109132381
v -0.0440217809 0.0251118299 -0.111191331
v -0.0400872796 0.0265640991 -0.120263254
v -0.0238209154 0.0401065055 -0.14494227
v -0.0266814966 0.0357344107 -0.135954433
v -0.0323596805 0.0367605544 -0.138579026
v -0.0295172481 0.0383312982 -0.14871529
v -0.0220552577 0.0550696529 -0.160199671
v -0.0223944439 0.0562018493 -0.169435919
v -0.0180089697 0.0591188061 -0.170249003
v -0.0155592233 0.0564875252 -0.159320669
v -0.00850998959 0.0515880288 -0.196258953
v -0.0125524549 0.0581624103 -0.184398112
v -0.0106453936 0.0543769579 -0.193515878
v -0.00400795571 0.0520303989 -0.195594917
v -0.00788608139 0.057409524 -0.185168201
v -0.00267320006 0.038714431 -0.235427204
v -0.00407674258 0.0578719579 -0.216809504
v 0.00565154844 -0.0813041261 -0.268182566
v 0.00819970215 -0.0713274179 -0.272529814
v 0.00106543698 -0.0705019185 -0.25693895
v 0.00288363696 -0.0705372694 -0.26929661
v -0.00042696681 -0.0933732421 -0.258126557
v -0.00662012684 -0.101807866 -0.243781573
v -0.00275154718 -0.104789798 -0.245306459
v -0.0103367888 -0.102278903 -0.255855473
v 0.000622112993 -0.0791190343 -0.268390842
v -0.00540385288 -0.104640749 -0.257333547
v 0.00269446062 0.0622899141 -0.229841708
v 0.0031530682 0.0599873017 -0.236674067
v 0.00299542007 0.0488268088 -0.249218989
v -0.000633341648 0.0528406111 -0.20712994
v 0.00167596225 0.0707761335 -0.220812796
v -0.0031251233 0.0687945478 -0.219160843
v -0.00538665438 0.0527412463 -0.207194918
v -0.0563794415 2.48414404e-05 -0.0715874086
v -0.0555071268 -0.0115445814 -0.0749257108
v -0.0512410846 0.00914929396 -0.0817112294
v -0.0512410846 -0.00914929396 -0.0817112294
v -0.0449753115 0.00774193054 -0.0907238964
v -0.0541370238 -0.0146975335 -0.0855415965
v -0.0467266324 -0.0126767787 -0.0916640619
v -0.0460110083 -0.0169724369 -0.0911376
v -0.0451482432 -0.0180731032 -0.0961928474
v -0.0470275954 -0.0183234282 -0.0980101078
v -0.0345657899 0.0263500807 -0.118334203
v -0.0430510553 -0.0307508367 -0.111400589
v -0.0399754929 -0.0320301707 -0.120783964
v -0.0378152414 -0.0293931575 -0.109811693
v -0.0338195915 -0.032026348 -0.118443146
v -0.0237119939 -0.0570177955 -0.144852462
v -0.0256438919 -0.0515507666 -0.134701847
v -0.0308147309 -0.0518679742 -0.136278328
v -0.028359254 -0.0542642173 -0.147917496
v -0.0578106931 -0.00807920099 -0.084852717
v -0.0626633706 2.29305615e-05 -0.074593216
v -0.0619802322 0.0104907313 -0.0780213262
v -0.0578106931 0.00807920099 -0.084852717
v -0.0541370238 0.0146975335 -0.0855415965
v -0.0521640409 0.0173001533 -0.0872097937
v -0.0470275954 0.0183234282 -0.0980101078
v -0.0467266324 0.0126767787 -0.0916640619
v -0.0451482432 0.0180731032 -0.0961928474
v -0.0338195915 0.032026348 -0.118443146
v -0.0378152414 0.0293931575 -0.109811693
v -0.0430510553 0.0307508367 -0.111400589
v -0.0399754929 0.0320301707 -0.120783964
v -0.0282990593 0.0462490311 -0.14840287
v -0.0232132518 0.0486003666 -0.145344498
v -0.0264072888 0.0437238028 -0.136005089
v -0.0316278154 0.0445464369 -0.138418516
v -0.0160073238 0.0664499001 -0.158057576
v -0.0209995006 0.0646871112 -0.159225137
v -0.0225110036 0.0661795079 -0.168574115
v -0.0177347619 0.0692369179 -0.168154688
v -0.00685229942 0.057358886 -0.192348331
v -0.013187824 0.0632338881 -0.18460354
v -0.0112148375 0.0600780708 -0.193896138
v -0.00743511916 0.0633284727 -0.193062994
v -0.00851762783 0.0633905823 -0.185679357
v -0.000131730702 0.062358701 -0.230145543
v -0.00173496371 0.0574620734 -0.235835184
v 0.000124324726 0.0668177458 -0.243653552
v -0.00158017724 0.0495023018 -0.246993762
v -0.00155724829 0.0725694896 -0.230567846
v -0.00218879473 -0.0860220879 -0.271050786
v 0.00342728314 -0.0875049315 -0.272382672
v 0.0048231803 -0.0780613624 -0.280622389
v -0.000512952173 -0.0764160942 -0.276838848
v 0.00111416368 0.0728561264 -0.231066588
v 0.00582448017 0.068984678 -0.244653898
v 0.0058206575 0.0559801873 -0.25711092
v -0.000589391517 0.0824850492 -0.219548749
v -0.0051716803 0.0800868911 -0.217599653
v -0.00521085386 0.0821936357 -0.229824509
v -0.0616515601 2.29305615e-05 -0.0607918783
v -0.0592352532 -0.0169036446 -0.0690631306
v -0.0630111507 0.0140917848 -0.0595154025
v -0.0592352532 0.0169036446 -0.0690631306
v -0.0555071268 0.0115445814 -0.0749257108
v -0.0615149331 -0.0183406267 -0.0725934922
v -0.0577495445 -0.0141787303 -0.0781283328
v -0.0557469412 0.0132939928 -0.081219193
v -0.0557469412 -0.0132939928 -0.081219193
v -0.0521640409 -0.0173001533 -0.0872097937
v -0.0508636858 -0.0203145653 -0.0883009017
v -0.0455074896 -0.0213254218 -0.0909245551
v -0.0450689422 -0.0223611187 -0.0961402838
v -0.0465068817 -0.022673548 -0.0977807755
v -0.0422446622 -0.0363669146 -0.110954397
v -0.0402028889 -0.0374847777 -0.12134767
v -0.0330065141 -0.0376854221 -0.117838351
v -0.0375276543 -0.034811458 -0.109584297
v -0.026096769 -0.0651982753 -0.143991598
v -0.026188492 -0.0591866427 -0.132155615
v -0.0301057983 -0.0585617841 -0.132147956
v -0.0290108606 -0.0622469179 -0.147394878
v -0.0619802322 -0.0104907313 -0.0780213262
v -0.0657007151 -0.0158507493 -0.0721549305
v -0.0695262967 -0.0130302911 -0.0626310923
v -0.0679125584 2.19751211e-05 -0.063786239
v -0.0657007151 0.0158507493 -0.0721549305
v -0.0615149331 0.0183406267 -0.0725934922
v -0.0577495445 0.0141787303 -0.0781283328
v -0.0460110083 0.0169724369 -0.0911376
v -0.0455074896 0.0213254218 -0.0909245551
v -0.0508636858 0.0203145653 -0.0883009017
v -0.0465068817 0.022673548 -0.0977807755
v -0.0450689422 0.0223611187 -0.0961402838
v -0.0402028889 0.0374847777 -0.12134767
v -0.0330065141 0.0376854221 -0.117838351
v -0.0375276543 0.034811458 -0.109584297
v -0.0422446622 0.0363669146 -0.110954397
v -0.0308147309 0.0518679742 -0.136278328
v -0.028359254 0.0542642173 -0.147917496
v -0.0237119939 0.0570177955 -0.144852462
v -0.0256438919 0.0515507666 -0.134701847
v -0.0180280831 0.0792059807 -0.165639949
v -0.0181446428 0.0757539734 -0.154380087
v -0.0219797793 0.0734484993 -0.154753671
v -0.0229533737 0.0761714997 -0.168018039
v -0.00965937734 0.0693190877 -0.185534138
v -0.0131935544 0.0683579152 -0.184703855
v -0.0122075382 0.0658795023 -0.19378244
v -0.00786028364 0.0692082513 -0.19415507
v -8.01352129e-05 0.0785171083 -0.247177208
v -0.00147794727 0.0792728598 -0.256962825
v 0.000605868387 0.0681811537 -0.256916967
v -6.67593956e-05 0.056387203 -0.254697479
v -0.00155534051 0.0833048181 -0.230419751
v -0.00559207533 -0.0931410695 -0.273043846
v 0.000259043908 -0.0943812334 -0.275483086
v -0.000845446945 -0.0963188619 -0.281849178
v 0.000341213711 -0.0842870117 -0.288650001
v -0.00378342137 -0.0951379388 -0.288148397
v -0.00571818814 -0.0818410808 -0.284039993
v 0.00557415521 0.0702706998 -0.253043618
v 0.00377506151 0.0809229046 -0.247414157
v 0.00844907322 0.0635338936 -0.264697123
v 0.00639678577 0.0754960031 -0.262980192
v -0.00432993634 0.0935509575 -0.216761739
v -0.00909280221 0.0905183914 -0.214179174
v -0.00935459522 0.0915196912 -0.228176372
v -0.00499491876 0.0933130474 -0.228239443
v -0.068670223 2.10196808e-05 -0.0500278975
v -0.0697536927 -0.0149459489 -0.0489205307
v -0.0630111507 -0.0140917848 -0.0595154025
v -0.070306892 -0.0266644195 -0.0696660176
v -0.0644978169 -0.0272653917 -0.064206634
v -0.0697020972 -0.0265469006 -0.0541315043
v -0.0697536927 0.0149459489 -0.0489205307
v -0.0697020972 0.0265469006 -0.0541315043
v -0.0644978169 0.0272653917 -0.064206634
v -0.0502598485 -0.0237789909 -0.0887910588
v -0.04670848 -0.0270265312 -0.097877275
v -0.0452189485 -0.0257405093 -0.0910468523
v -0.0454482523 -0.0266443558 -0.0962539818
v -0.0413990991 -0.0418425393 -0.109799278
v -0.0396984163 -0.0429154983 -0.121447985
v -0.032762877 -0.0433550032 -0.118082946
v -0.0370031179 -0.0401065055 -0.108711018
v -0.0793319783 -0.0133857148 -0.0535018799
v -0.0746340793 1.91088001e-05 -0.0528789184
v -0.0793319783 0.0133857148 -0.0535018799
v -0.0695262967 0.0130302911 -0.0626310923
v -0.0776886214 0.0147261974 -0.0532916824
v -0.0769835062 0.0249360294 -0.0542776915
v -0.070306892 0.0266644195 -0.0696660176
v -0.0454482523 0.0266443558 -0.0962539818
v -0.0452189485 0.0257405093 -0.0910468523
v -0.0502598485 0.0237789909 -0.0887910588
v -0.04670848 0.0270265312 -0.097877275
v -0.0413990991 0.0418425393 -0.109799278
v -0.0396984163 0.0429154983 -0.121447985
v -0.032762877 0.0433550032 -0.118082946
v -0.0370031179 0.0401065055 -0.108711018
v -0.026188492 0.0591866427 -0.132155615
v -0.0301057983 0.0585617841 -0.132147956
v -0.0290108606 0.0622469179 -0.147394878
v -0.026096769 0.0651982753 -0.143991598
v -0.00974154715 0.0753545996 -0.186109306
v -0.0135776376 0.0734351235 -0.184417218
v -0.0126699756 0.0717994084 -0.194075769
v -0.00807430384 0.075008729 -0.195390457
v -0.00234931166 0.0905432281 -0.24629056
v -0.00454013386 0.0914059932 -0.257434816
v 0.00106543698 0.0705019185 -0.25693895
v 0.00388206804 0.0818143292 -0.257054555
v -0.00042696681 0.0933732421 -0.258126557
v 0.00275274046 0.0735774809 -0.262986883
v 0.00237151898 0.0689235294 -0.255540176
v 0.00220336382 0.0629290988 -0.262217749
v -0.00817367214 -0.0955162915 -0.27471109
v -0.00806857338 -0.0936742087 -0.285408184
v -0.00758129926 -0.0968042282 -0.284071528
v -0.00173877927 -0.0978982049 -0.277538235
v -0.00391814055 -0.0987915444 -0.28668083
v -0.00711886899 -0.0979154034 -0.294574684
v -0.00554907909 -0.0899479935 -0.29617791
v -0.0123327042 -0.0963981629 -0.291240197
v -0.00965746956 -0.0891530614 -0.290122331
v 0.000618290314 0.0930130418 -0.247634862
v 0.00819970215 0.0713274179 -0.272529814
v 0.00565154844 0.0813041261 -0.268182566
v 0.000622112993 0.0791190343 -0.268390842
v -0.0720524807 2.00642404e-05 -0.0476803882
v -0.0722158611 -0.0117614669 -0.0477300759
v -0.0776886214 -0.0147261974 -0.0532916824
v -0.0769835062 -0.0249360294 -0.0542776915
v -0.0713148816 -0.0288800856 -0.06870387
v -0.0657255571 -0.0290921927 -0.0635034319
v -0.0711572335 -0.027710627 -0.0534942203
v -0.077939902 -0.0257806386 -0.0538391583
v -0.0722158611 0.0117614669 -0.0477300759
v -0.0798851776 0.0111356536 -0.0504540159
v -0.0711572335 0.027710627 -0.0534942203
v -0.0657255571 0.0290921927 -0.0635034319
v -0.0713148816 0.0288800856 -0.06870387
v -0.0503391495 -0.0273045652 -0.0887126974
v -0.0482935535 -0.0311444801 -0.0975772694
v -0.0459842531 -0.0309037083 -0.0961574823
v -0.0454692735 -0.0300294787 -0.0907754919
v -0.0405028945 -0.0471719838 -0.107938082
v -0.0384983834 -0.0483223361 -0.121108799
v -0.0331144781 -0.0490379602 -0.119267677
v -0.0362731642 -0.045300277 -0.107209082
v -0.0798851776 -0.0111356536 -0.0504540159
v -0.0777984967 1.81533597e-05 -0.047965103
v -0.077939902 0.0257806386 -0.0538391583
v -0.0482935535 0.0311444801 -0.0975772694
v -0.0459842531 0.0309037083 -0.0961574823
v -0.0454692735 0.0300294787 -0.0907754919
v -0.0503391495 0.0273045652 -0.0887126974
v -0.0362731642 0.045300277 -0.107209082
v -0.0405028945 0.0471719838 -0.107938082
v -0.0384983834 0.0483223361 -0.121108799
v -0.0331144781 0.0490379602 -0.119267677
v -0.00986575218 0.0812076266 -0.184721054
v -0.0135470633 0.0783909884 -0.183089161
v -0.0132346358 0.0771985973 -0.196127102
v -0.00885299139 0.0806324522 -0.196510224
v -0.00662012684 0.101807866 -0.243781573
v -0.0103367888 0.102278903 -0.255855473
v -0.00540385288 0.104640749 -0.257333547
v -0.00275154718 0.104789798 -0.245306459
v 0.00288363696 0.0705372694 -0.26929661
v -0.01016385 -0.0983558657 -0.275973214
v -0.00969282045 -0.0994183142 -0.282815127
v -0.00550990553 -0.102335267 -0.286146752
v -0.00480096585 -0.10133206 -0.277904159
v -0.0120040321 -0.10237731 -0.298460455
v -0.0158515906 -0.098795367 -0.294584237
v -0.0125228344 -0.0964306521 -0.30182647
v -0.0159863027 -0.0946860156 -0.296366132
v 0.0048231803 0.0780613624 -0.280622389
v 0.00342728314 0.0875049315 -0.272382672
v -0.00218879473 0.0860220879 -0.271050786
v -0.000512952173 0.0764160942 -0.276838848
v -0.0723219155 -0.0310957499 -0.0677427189
v -0.0669523417 -0.030918038 -0.0628011695
v -0.0726133236 -0.0288743534 -0.0528569647
v -0.0788972527 -0.0266252478 -0.0534005967
v -0.0669523417 0.030918038 -0.0628011695
v -0.0726133236 0.0288743534 -0.0528569647
v -0.0723219155 0.0310957499 -0.0677427189
v -0.0788972527 0.0266252478 -0.0534005967
v -0.0510929932 -0.0306361848 -0.0880859489
v -0.0494553667 -0.0351745235 -0.0967326638
v -0.0464409565 -0.0351277081 -0.0955574712
v -0.0464753499 -0.0340748128 -0.0896413878
v -0.0510929932 0.0306361848 -0.0880859489
v -0.0494553667 0.0351745235 -0.0967326638
v -0.0464409565 0.0351277081 -0.0955574712
v -0.0464753499 0.0340748128 -0.0896413878
v -0.00908134129 0.0871179795 -0.185665035
v -0.0142130067 0.0834280692 -0.182430863
v -0.0142961304 0.0828643557 -0.197189551
v -0.0101839172 0.0863822882 -0.197431269
v -0.0114833149 -0.101716143 -0.276800636
v -0.0119658124 -0.102098318 -0.282174981
v -0.00735103446 -0.105790144 -0.286213623
v -0.00726791077 -0.105235029 -0.277840148
v -0.0213511017 -0.102835925 -0.297890057
v -0.0178388996 -0.106949092 -0.300911162
v -0.0238065785 -0.1003126 -0.300357963
v -0.0204052128 -0.103045161 -0.306013207
v 0.000341213711 0.0842870117 -0.288650001
v -0.00378342137 0.0951379388 -0.288148397
v -0.000845446945 0.0963188619 -0.281849178
v 0.000259043908 0.0943812334 -0.275483086
v -0.00559207533 0.0931410695 -0.273043846
v -0.00571818814 0.0818410808 -0.284039993
v -0.0733299033 -0.0333114159 -0.0667815394
v -0.0681800819 -0.0327448408 -0.0620989355
v -0.0740703694 -0.0300380779 -0.0522206204
v -0.0798536485 -0.0274698569 -0.0529620635
v -0.0733299033 0.0333114159 -0.0667815394
v -0.0681800819 0.0327448408 -0.0620989355
v -0.0740703694 0.0300380779 -0.0522206204
v -0.0798536485 0.0274698569 -0.0529620635
v -0.0524955782 -0.0338512394 -0.086926047
v -0.0486738175 -0.0392571198 -0.0952823237
v -0.0468747238 -0.0393192223 -0.0945408806
v -0.0481445046 -0.0379195024 -0.0878174645
v -0.0481445046 0.0379195024 -0.0878174645
v -0.0524955782 0.0338512394 -0.086926047
v -0.0486738175 0.0392571198 -0.0952823237
v -0.0468747238 0.0393192223 -0.0945408806
v -0.0130234844 -0.105107956 -0.276945855
v -0.0142588717 -0.104779283 -0.281631335
v -0.009766391 -0.10885233 -0.286118078
v -0.00892369315 -0.109486738 -0.278074236
v -0.0258512206 -0.108081288 -0.298388799
v -0.0311988212 -0.10744305 -0.300001578
v -0.0231454188 -0.112417074 -0.300078018
v -0.0287070324 -0.110118285 -0.30488961
v -0.00711886899 0.0979154034 -0.294574684
v -0.00554907909 0.0899479935 -0.29617791
v -0.00391814055 0.0987915444 -0.28668083
v -0.00806857338 0.0936742087 -0.285408184
v -0.0123327042 0.0963981629 -0.291240197
v -0.00173877927 0.0978982049 -0.277538235
v -0.00817367214 0.0955162915 -0.27471109
v -0.00758129926 0.0968042282 -0.284071528
v -0.00965746956 0.0891530614 -0.290122331
v -0.0743369372 -0.0355261281 -0.0658203598
v -0.0694068665 -0.0345706861 -0.0613957334
v -0.0755255056 -0.0312008486 -0.0515823967
v -0.0808109991 -0.02831542 -0.0525225622
v -0.0808109991 0.02831542 -0.0525225622
v -0.0743369372 0.0355261281 -0.0658203598
v -0.0694068665 0.0345706861 -0.0613957334
v -0.0755255056 0.0312008486 -0.0515823967
v -0.0153432953 -0.10798765 -0.277456058
v -0.0165146652 -0.107592099 -0.281573048
v -0.0127015038 -0.111559086 -0.285871576
v -0.0121693185 -0.112740009 -0.278381887
v -0.0120040321 0.10237731 -0.298460455
v -0.0158515906 0.098795367 -0.294584237
v -0.0125228344 0.0964306521 -0.30182647
v -0.00480096585 0.10133206 -0.277904159
v -0.00550990553 0.102335267 -0.286146752
v -0.0159863027 0.0946860156 -0.296366132
v -0.01016385 0.0983558657 -0.275973214
v -0.00969282045 0.0994183142 -0.282815127
v -0.0753449267 -0.0377417906 -0.0648591803
v -0.0706346067 -0.0363974889 -0.0606925313
v -0.0769815957 -0.0323645768 -0.0509460808
v -0.081767395 -0.0291600292 -0.0520840005
v -0.0769815957 0.0323645768 -0.0509460808
v -0.081767395 0.0291600292 -0.0520840005
v -0.0753449267 0.0377417906 -0.0648591803
v -0.0706346067 0.0363974889 -0.0606925313
v -0.0178388996 0.106949092 -0.300911162
v -0.0213511017 0.102835925 -0.297890057
v -0.0238065785 0.1003126 -0.300357963
v -0.0204052128 0.103045161 -0.306013207
v -0.00726791077 0.105235029 -0.277840148
v -0.0114833149 0.101716143 -0.276800636
v -0.00735103446 0.105790144 -0.286213623
v -0.0119658124 0.102098318 -0.282174981
v -0.0763519606 -0.0399565027 -0.0638980292
v -0.0718623487 -0.0382242881 -0.0599902689
v -0.0784376858 -0.0335283013 -0.0503087968
v -0.0827247456 -0.0300046384 -0.0516444992
v -0.0718623487 0.0382242881 -0.0599902689
v -0.0784376858 0.0335283013 -0.0503087968
v -0.0827247456 0.0300046384 -0.0516444992
v -0.0763519606 0.0399565027 -0.0638980292
v -0.0258512206 0.108081288 -0.298388799
v -0.0231454188 0.112417074 -0.300078018
v -0.0311988212 0.10744305 -0.300001578
v -0.0287070324 0.110118285 -0.30488961
v -0.00892369315 0.109486738 -0.278074236
v -0.0130234844 0.105107956 -0.276945855
v -0.0142588717 0.104779283 -0.281631335
v -0.009766391 0.10885233 -0.286118078
v -0.0121693185 0.112740009 -0.278381887
v -0.0153432953 0.10798765 -0.277456058
v -0.0165146652 0.107592099 -0.281573048
v -0.0127015038 0.111559086 -0.285871576
v -0.160516671 0.0325537531 -0.131328208
v -0.162817369 0.0358872823 -0.126863433
v -0.153079525 0.0217983645 -0.129715422
v -0.165669358 0.0498711013 -0.138113727
v -0.165754397 0.0500144197 -0.132205303
v -0.159686396 0.0331012184 -0.136500941
v -0.147864736 0.0203222088 -0.133752142
v -0.166495818 0.0531883894 -0.129837719
v -0.165755351 0.0331642784 -0.131444753
v -0.154412366 0.019371547 -0.133391942
v -0.170788609 0.0643842368 -0.146409809
v -0.167222903 0.0667967246 -0.144586853
v -0.170171392 0.0470296228 -0.1385991
v -0.167561129 0.0677521666 -0.136689184
v -0.161159686 0.0363860209 -0.137617846
v -0.147456763 0.0213999463 -0.137764033
v -0.167555398 0.0704130644 -0.136340431
v -0.170812492 0.0508848267 -0.131869932
v -0.166505372 0.0324620302 -0.133005944
v -0.155030536 0.0176192687 -0.136682493
v -0.172276229 0.0818812083 -0.154781376
v -0.170066293 0.0803964569 -0.156392254
v -0.173980731 0.0665100877 -0.144012612
v -0.165226995 0.0838809463 -0.150176165
v -0.171790862 0.0486768024 -0.137876792
v -0.165251832 0.0844016636 -0.143593185
v -0.1519244 0.0203183879 -0.142224025
v -0.165572859 0.0876071614 -0.143367696
v -0.172421455 0.068826076 -0.138697507
v -0.159323326 0.0999695987 -0.150181889
v -0.162204936 0.0967105975 -0.160902902
v -0.170467582 0.0851086883 -0.147684377
v -0.161453007 0.0966045377 -0.16105766
v -0.155665905 0.0976603019 -0.156563271
v -0.155879926 0.0992893255 -0.147403477
v -0.155805401 0.100798921 -0.148019747
v -0.142340381 0.111997633 -0.153322437
v -0.146007359 0.111976619 -0.154991574
v -0.149228147 0.109824963 -0.165146004
v -0.148666349 0.109302338 -0.165217646
v -0.143045498 0.10941699 -0.161210538
v -0.143203142 0.110307461 -0.153050137
v -0.128735872 0.119284777 -0.159630242
v -0.128092861 0.12144311 -0.159050305
v -0.131090076 0.121574007 -0.159951261
v -0.133542691 0.119437649 -0.169192292
v -0.133085034 0.118465008 -0.169914601
v -0.128980463 0.11796149 -0.168046713
v -0.114016362 0.12370178 -0.175536402
v -0.113303605 0.124617087 -0.166877244
v -0.11217714 0.126266178 -0.166209407
v -0.114876258 0.128079608 -0.16678268
v -0.116875039 0.125132074 -0.175916677
v -0.100125219 0.128706371 -0.183305097
v -0.099834766 0.127665891 -0.183044257
v -0.0977079563 0.126642623 -0.181667467
v -0.0984637091 0.130891463 -0.175059642
v -0.0969608019 0.127607618 -0.173585398
v -0.0956919776 0.12889937 -0.172984433
v -0.0815466878 0.131230649 -0.182914315
v -0.0831460946 0.130004815 -0.191157847
v -0.0828279331 0.128826761 -0.190653382
v -0.0820626258 0.127932467 -0.189928198
v -0.0794733836 0.129898762 -0.180738776
v -0.0809084543 0.128564014 -0.181592949
v -0.062883123 0.128000307 -0.187591195
v -0.0643210607 0.129399066 -0.188853334
v -0.0659424408 0.128950012 -0.198451676
v -0.0669724054 0.128250625 -0.199780701
v -0.0662577371 0.125981449 -0.19723827
v -0.0644844393 0.126953135 -0.188660335
v -0.0489394296 0.122946982 -0.196627752
v -0.0467791817 0.123938729 -0.194650936
v -0.0476935388 0.12463047 -0.195884416
v -0.0491314748 0.125186531 -0.205807621
v -0.0501165336 0.124473776 -0.206634074
v -0.0504213193 0.122462577 -0.204284642
v -0.0350903262 0.115471616 -0.209846263
v -0.033308431 0.116407944 -0.202786508
v -0.0314472383 0.117156057 -0.201508139
v -0.0320711394 0.118410551 -0.203894829
v -0.0338769175 0.117529634 -0.213784591
v -0.0346804453 0.117367209 -0.214188741
v -0.0223294726 0.105587591 -0.221728118
v -0.023266755 0.104304431 -0.217332136
v -0.0185392401 0.10692807 -0.207529321
v -0.0177424001 0.108023962 -0.210019188
v -0.0203507557 0.106254489 -0.220643687
v -0.00818035649 0.0941232631 -0.228719064
v -0.0107686448 0.0923394601 -0.228183064
v -0.0119591281 0.091452805 -0.222797243
v -0.00998136509 0.0928334186 -0.214144791
v -0.00735581103 0.0936331202 -0.214684607
v -0.00583953151 0.0960398775 -0.218676438
v -0.00533028232 0.1039385 -0.24381597
v -0.0089494909 0.101379833 -0.257219849
v -0.00700134831 0.104305385 -0.256227134
v -0.00949026829 0.106455126 -0.242046504
v -0.0110180158 0.0998539929 -0.250709478
v -0.0174175507 0.115808887 -0.23840149
v -0.0183385957 0.115299638 -0.236449532
v -0.00416846552 0.106306077 -0.246817008
v -0.0225043192 0.111628834 -0.243966941
v -0.0217246778 0.112655931 -0.250272838
v -0.0201472425 0.113158496 -0.248835852
v -0.0206297401 0.117499059 -0.234310298
v -0.0318790943 0.122664175 -0.239935929
v -0.0312819448 0.123774389 -0.229536918
v -0.0329587413 0.123403682 -0.228118099
v -0.0355088099 0.123442848 -0.227804711
v -0.0351562514 0.120097855 -0.235154904
v -0.0343269294 0.122299191 -0.240775766
v -0.0493817997 0.127814939 -0.231934115
v -0.0465078356 0.128165587 -0.232108008
v -0.0471030737 0.128092977 -0.221625881
v -0.0490531276 0.127564622 -0.219686337
v -0.0502999759 0.127638185 -0.219820095
v -0.0494802106 0.125558192 -0.226775706
v -0.0655134483 0.128256363 -0.220361834
v -0.0657026264 0.12946786 -0.224701436
v -0.0623213244 0.130996562 -0.225047314
v -0.0629843991 0.130558968 -0.213117693
v -0.0656424335 0.129945574 -0.211518276
v -0.0660188766 0.129456385 -0.21252053
v -0.0812533684 0.128638531 -0.204244508
v -0.0810383943 0.127844567 -0.212352374
v -0.0821553035 0.129345563 -0.217030209
v -0.0783278105 0.130178708 -0.218023878
v -0.079282295 0.1301768 -0.205050901
v -0.0820320515 0.12910383 -0.202912635
v -0.0989815576 0.127485321 -0.195400964
v -0.0971614445 0.127419388 -0.197421716
v -0.0970974302 0.126093239 -0.205891691
v -0.0977308866 0.127716532 -0.209373319
v -0.0944145544 0.129148734 -0.211401716
v -0.0957235072 0.128358586 -0.197571719
v -0.112379693 0.126219366 -0.190713577
v -0.115578506 0.124216752 -0.187961903
v -0.112461861 0.124231089 -0.190186175
v -0.112130323 0.123461001 -0.197995944
v -0.114728165 0.125702472 -0.201532015
v -0.110185048 0.127912393 -0.203996098
v -0.125580051 0.123536486 -0.196903868
v -0.12843204 0.12105808 -0.18421562
v -0.132377052 0.119224582 -0.181613963
v -0.127895085 0.119320128 -0.183886955
v -0.128414842 0.118692404 -0.193815884
v -0.130920964 0.120308052 -0.19544396
v -0.140540333 0.117214337 -0.190451784
v -0.147239877 0.11298365 -0.192327317
v -0.144316232 0.113191932 -0.179890355
v -0.147912509 0.109738978 -0.177288684
v -0.142730202 0.110853976 -0.180033666
v -0.14271778 0.110414475 -0.187986746
v -0.159939589 0.100097626 -0.188174976
v -0.154750591 0.10709814 -0.187912229
v -0.156049988 0.0996199125 -0.183819115
v -0.158485405 0.102327629 -0.175716986
v -0.161876264 0.0975943767 -0.173588259
v -0.156206683 0.0999246946 -0.176852998
v -0.164699586 0.0862103104 -0.176887395
v -0.169158631 0.0855185692 -0.184624554
v -0.167426417 0.0955057844 -0.183373876
v -0.167315587 0.0877141751 -0.170497413
v -0.171061863 0.0896088073 -0.176145026
v -0.172225587 0.0834911256 -0.168730809
v -0.170389235 0.0710426959 -0.164830708
v -0.168672311 0.0693248181 -0.172026115
v -0.171618885 0.069042965 -0.176528149
v -0.173623399 0.0795078941 -0.179884617
v -0.173922451 0.0653989125 -0.162696244
v -0.175679509 0.0732707839 -0.170474491
v -0.170772364 0.0477767786 -0.156086526
v -0.169874255 0.0538275812 -0.159736308
v -0.166942965 0.0525692649 -0.165587413
v -0.170924282 0.0525042972 -0.168396406
v -0.17323071 0.0629491661 -0.173140159
v -0.175522815 0.0556677563 -0.164576546
v -0.17301192 0.0373930548 -0.161149404
v -0.168304465 0.0293816912 -0.151921756
v -0.165224126 0.0366592784 -0.156847046
v -0.162040596 0.0355528797 -0.162580638
v -0.165680826 0.0369717058 -0.163005817
v -0.17214151 0.0463388427 -0.166268633
v -0.166995514 0.0321046951 -0.161053844
v -0.164001161 0.0233499984 -0.15669992
v -0.154091339 0.0201645625 -0.155486486
v -0.154445809 0.0232229246 -0.154372456
v -0.152532063 0.0210569427 -0.159932155
v -0.154776389 0.0216722463 -0.163249443
v -0.140064524 0.0178820156 -0.254585688
v -0.129097026 0.0202323972 -0.244702618
v -0.141170922 0.0200470418 -0.250862342
v -0.130075397 0.0177243674 -0.254866588
v -0.127811962 0.0205792235 -0.247701748
v -0.141179521 0.0271153871 -0.25432008
v -0.140189686 0.024468819 -0.257967955
v -0.131118739 0.0265870299 -0.250957888
v -0.132657951 0.0268516863 -0.246967011
v -0.135152605 0.0220104715 -0.258010951
v -0.137095971 0.0327945249 -0.250866172
v -0.143199323 0.0340709901 -0.257532269
v -0.142059482 0.0312629547 -0.260869617
v -0.137453306 0.0289995158 -0.260334571
v -0.135074262 0.0325566183 -0.25315444
v -0.136601052 0.038914118 -0.257189267
v -0.140400837 0.0393526654 -0.255015637
v -0.143499329 0.0403921814 -0.26224833
v -0.142759818 0.0374580261 -0.265012405
v -0.140343512 0.035168793 -0.263559189
v -0.140777282 0.0417575078 -0.267429676
v -0.137309034 0.044755677 -0.261883346
v -0.1404295 0.0453451846 -0.260552413
v -0.142694851 0.0466923551 -0.26690609
v -0.142315541 0.0438871814 -0.269066338
v -0.142584018 0.0498204633 -0.273727942
v -0.141733678 0.0473028803 -0.272372165
v -0.137579423 0.0513061756 -0.265792046
v -0.140164846 0.0517380316 -0.26588473
v -0.141334304 0.0530890247 -0.271317362
v -0.138456518 0.0583191045 -0.27646145
v -0.140052102 0.0552253897 -0.27843156
v -0.139890634 0.0528702279 -0.27716179
v -0.136221745 0.0569184272 -0.270716383
v -0.138116381 0.0585646529 -0.270408732
v -0.134495265 0.063609372 -0.276060161
v -0.134204809 0.0636179712 -0.280531628
v -0.13734152 0.0603064207 -0.283347312
v -0.137427509 0.0582264277 -0.281881667
v -0.134153217 0.0621857693 -0.275828949
v -0.13073083 0.0666132787 -0.280736087
v -0.130415534 0.0685040953 -0.281508084
v -0.130069667 0.0683388019 -0.285375709
v -0.133322937 0.0648524047 -0.287927679
v -0.133344912 0.0625058421 -0.2865681
v -0.129056899 0.0669142453 -0.290805473
v -0.126833591 0.069484374 -0.28659293
v -0.128205602 0.0699945842 -0.28652892
v -0.126209686 0.0703184726 -0.288446495
v -0.127258762 0.0706691198 -0.288908918
v -0.128713897 0.0693123962 -0.291277456
v -0.0130655267 0.116063035 -0.276703182
v -0.0164688002 0.107994342 -0.285390986
v -0.0142397583 0.116282785 -0.279507392
v -0.0157684669 0.11520027 -0.276998404
v -0.0163770773 0.107833825 -0.283429475
v -0.0287376067 0.12221606 -0.271513223
v -0.0288837868 0.122056504 -0.269045324
v -0.0230001926 0.115709519 -0.284148921
v -0.0307039017 0.115070334 -0.277050954
v -0.0310660169 0.115016824 -0.279216939
v -0.0371368796 0.121163165 -0.275810797
v -0.030689572 0.12104279 -0.270170829
v -0.0517541565 0.12494289 -0.266864048
v -0.0434446951 0.126257579 -0.262475712
v -0.0446475933 0.125413927 -0.259544422
v -0.0452218138 0.124533002 -0.261053063
v -0.0451702183 0.120260286 -0.268874293
v -0.0454625856 0.119969834 -0.27070206
v -0.0608948512 0.122922138 -0.26256935
v -0.0676182834 0.125737822 -0.258752366
v -0.0592457638 0.128211459 -0.254132818
v -0.0610181023 0.127071617 -0.25029959
v -0.0603875133 0.126399936 -0.252149325
v -0.0594741137 0.123342533 -0.259148871
v -0.074796504 0.123864197 -0.250465837
v -0.0771038921 0.122916401 -0.255117874
v -0.0840948468 0.12515118 -0.251489119
v -0.0745308919 0.127706025 -0.244679696
v -0.0780010498 0.125395775 -0.241825799
v -0.0767102514 0.125871581 -0.244879372
v -0.0929947705 0.122582952 -0.237955312
v -0.091855886 0.1211068 -0.244786703
v -0.0934151641 0.121264448 -0.247838382
v -0.100444336 0.121290246 -0.244826823
v -0.0903147613 0.125635585 -0.236053981
v -0.0951722183 0.122930737 -0.233813478
v -0.11178732 0.11780671 -0.225917717
v -0.109027054 0.117643332 -0.231434434
v -0.107007254 0.116754769 -0.236442841
v -0.109389165 0.116303806 -0.241123551
v -0.115874693 0.11626941 -0.237147965
v -0.106401505 0.121789942 -0.228491668
v -0.121999062 0.116398391 -0.220984781
v -0.127982986 0.111591575 -0.218131838
v -0.124283522 0.112628226 -0.223581669
v -0.122593346 0.111263857 -0.229485323
v -0.125004877 0.111050798 -0.233962527
v -0.131220969 0.109631011 -0.230825809
v -0.145286958 0.100488408 -0.225085526
v -0.137281325 0.109588014 -0.214165805
v -0.143662711 0.102590376 -0.212434551
v -0.139377563 0.104820372 -0.218168143
v -0.137578469 0.103584031 -0.223622743
v -0.139418647 0.102440366 -0.228072227
v -0.15241645 0.0920356248 -0.222328129
v -0.158245594 0.0896862005 -0.220143037
v -0.151401774 0.0991813651 -0.210659333
v -0.15706371 0.0906703019 -0.208919481
v -0.152560723 0.0943812334 -0.213152076
v -0.151288076 0.0935280214 -0.218914341
v -0.161955565 0.08117896 -0.213518968
v -0.162460037 0.078929858 -0.218067828
v -0.167794262 0.0765488985 -0.215029517
v -0.163729815 0.0871905891 -0.207077391
v -0.16829682 0.0787263448 -0.203582394
v -0.163015152 0.0829780537 -0.206319731
v -0.170677779 0.0697442522 -0.199942164
v -0.168358922 0.067428271 -0.207220716
v -0.169501633 0.0655011496 -0.21117432
v -0.173064469 0.0635711594 -0.206656996
v -0.173775317 0.0746724186 -0.200796337
v -0.172380374 0.0654963659 -0.194912729
v -0.172764457 0.0507395969 -0.186506765
v -0.169449084 0.0553467295 -0.193114589
v -0.168528992 0.0540931934 -0.198230971
v -0.16928379 0.053335527 -0.201046655
v -0.172040234 0.050909667 -0.196874255
v -0.175727275 0.0599538586 -0.194090091
v -0.174892223 0.0451254339 -0.187424948
v -0.168726768 0.036533162 -0.178234573
v -0.167374821 0.0408469734 -0.186544038
v -0.166039119 0.0408011119 -0.189749535
v -0.167235325 0.0410132172 -0.191497034
v -0.171110589 0.0368656532 -0.18960144
v -0.164617424 0.0245060812 -0.1854491
v -0.172232279 0.0296721454 -0.18360701
v -0.164229511 0.0210598097 -0.173417242
v -0.161132934 0.0269644287 -0.181344525
v -0.159681619 0.0270370418 -0.184777419
v -0.162402712 0.0278319686 -0.185797839
v -0.151937775 0.0139006971 -0.18461214
v -0.153476037 0.0145991235 -0.184460215
v -0.163133626 0.0182469942 -0.178535532
v -0.150096643 0.0153854502 -0.178358778
v -0.148903298 0.0163093604 -0.181543261
v -0.148511569 0.0154064696 -0.181772565
v -0.0837117149 0.0324954697 -0.0514381173
v -0.0726114122 0.0396163662 -0.0592755916
v -0.0764207528 0.0455601587 -0.0546789803
v -0.0885242667 0.0331193744 -0.0535505995
v -0.0866258074 0.0361987559 -0.0486377237
v -0.0755876081 0.0405555635 -0.0625040398
v -0.0782370441 0.0468050956 -0.0584147556
v -0.0798880446 0.0518326197 -0.0503489171
v -0.0806801044 0.0525300914 -0.0534904047
v -0.0912272064 0.0366248814 -0.0505209021
v -0.0903090286 0.0394099913 -0.0458822341
v -0.0936903309 0.040186764 -0.0473259112
v -0.082818379 0.0583745191 -0.0461383038
v -0.0842295633 0.0581003078 -0.0487858187
v -0.0971901075 0.0428419314 -0.0441280444
v -0.0945081876 0.0420919103 -0.0429805574
v -0.0880981403 0.0631345198 -0.0411279604
v -0.0886847805 0.0625106187 -0.0433780306
v -0.101838323 0.04489135 -0.0410983471
v -0.0986490646 0.0445531248 -0.0398448216
v -0.0948750764 0.0656511524 -0.0355061592
v -0.0950040609 0.065167701 -0.0380075153
v -0.105388739 0.047449064 -0.0377208642
v -0.102476558 0.0473496957 -0.0367386706
v -0.102518596 0.0653559163 -0.0300916796
v -0.103067975 0.0658002013 -0.0334987757
v -0.106604058 0.0494784189 -0.0330841325
v -0.105459441 0.0497822472 -0.0327038578
v -0.11048219 0.0630762399 -0.0253603562
v -0.111215968 0.0637536443 -0.0294180908
v -0.111203546 0.0511599919 -0.0299942404
v -0.109565923 0.0503793966 -0.0289183947
v -0.118488777 0.059949082 -0.0211812639
v -0.118337817 0.0609952931 -0.0246447108
v -0.117347025 0.0514523557 -0.0278139039
v -0.114873391 0.0492863738 -0.0258437934
v -0.125575274 0.0554193426 -0.0172037415
v -0.125565721 0.0572805389 -0.0205497032
v -0.121885368 0.0489873221 -0.0253020692
v -0.120057609 0.0469675203 -0.0239080798
v -0.131551553 0.0501176072 -0.0130905958
v -0.133016244 0.0529495325 -0.017576385
v -0.12520361 0.0449353002 -0.022745302
v -0.12228283 0.043283344 -0.0206939827
v -0.139400491 0.0460063479 -0.0100714054
v -0.139156854 0.0475837796 -0.0153865096
v -0.12796483 0.0404485534 -0.0207866666
v -0.124570152 0.0386360839 -0.0192952096
v -0.143007278 0.0397195536 -0.0117892619
v -0.144264637 0.0411058976 -0.0158508405
v -0.129465826 0.0356216701 -0.0194557194
v -0.126504919 0.0339735367 -0.0178601318
v -0.134535392 0.0364787013 -0.011618245
v -0.138489003 0.0357105279 -0.0140660979
v -0.129990366 0.030537774 -0.0195273893
v -0.127884575 0.0288896405 -0.0181802117
v -0.132662728 0.0286202057 -0.0129606389
v -0.134971074 0.0289995158 -0.0148180196
v -0.13131938 0.0256392333 -0.0209251942
v -0.128002092 0.0245471643 -0.0204981077
v -0.134380609 0.0208687203 -0.0150473234
v -0.13765777 0.022417489 -0.0179155428
v -0.134711193 0.0223735389 -0.0238679595
v -0.129393213 0.0201626511 -0.0228962729
v -0.0532245781 0.0408039772 -0.0930513598
v -0.0562303926 0.0529934826 -0.0899576522
v -0.0538303268 0.0534272499 -0.0896280048
v -0.0521611757 0.0388864089 -0.0862839793
v -0.0515879091 0.0382539086 -0.0874973845
v -0.05041272 0.0417536851 -0.0946077668
v -0.0621913836 0.0633762455 -0.086037477
v -0.0601113906 0.0639839091 -0.0853151687
v -0.0550552035 0.0481474895 -0.0816223895
v -0.0538370147 0.0491258604 -0.0830507759
v -0.0592371646 0.0587844036 -0.0788153045
v -0.0694641942 0.0728895624 -0.082466027
v -0.0677816637 0.0733233333 -0.0812497744
v -0.0600855929 0.0568591899 -0.078175173
v -0.0657570854 0.0676145786 -0.0748244276
v -0.0658554962 0.0648266069 -0.0743228238
v -0.0788380154 0.0804117405 -0.0791392
v -0.077677156 0.0802340322 -0.0772579294
v -0.0745805742 0.0744660438 -0.0717240284
v -0.0736079373 0.070986331 -0.0710475637
v -0.089363143 0.0862685902 -0.0761725448
v -0.0881000512 0.0864682807 -0.0734734344
v -0.0841368856 0.0800171504 -0.068445921
v -0.0821963875 0.07603105 -0.0680293415
v -0.0992452592 0.0916830698 -0.071173705
v -0.0978264309 0.0927111213 -0.0681440077
v -0.0936224946 0.0837863546 -0.0631202813
v -0.0911249744 0.0794228626 -0.0640279576
v -0.108956352 0.095203864 -0.0648009218
v -0.107013941 0.0949267874 -0.0598096847
v -0.103098549 0.0841685371 -0.0565822046
v -0.0995500449 0.0802197025 -0.0579647473
v -0.117610728 0.0908642548 -0.0564532159
v -0.116125973 0.0899623232 -0.0519473807
v -0.111871399 0.0813585832 -0.0503880978
v -0.10847481 0.0785266615 -0.0529161913
v -0.126117967 0.0847695021 -0.0491355119
v -0.12567082 0.0843615361 -0.0451178976
v -0.120621319 0.0768068688 -0.0437200927
v -0.116564521 0.0750861222 -0.0470039235
v -0.133957352 0.0776638963 -0.0418455135
v -0.132999045 0.0766176924 -0.0373597243
v -0.127550169 0.0698120923 -0.037726616
v -0.123920453 0.0699525419 -0.041328619
v -0.139157812 0.0674330476 -0.0357125411
v -0.138524354 0.0660973381 -0.0312955459
v -0.132171635 0.0599892095 -0.0323130761
v -0.129781122 0.0621618864 -0.0363631796
v -0.143052186 0.0561407007 -0.0315095589
v -0.141552144 0.0543205858 -0.0258208715
v -0.135711539 0.0496828824 -0.0269100717
v -0.132051249 0.0512498035 -0.0323914375
v -0.143474489 0.0439349542 -0.0312964855
v -0.14443375 0.0423852315 -0.0254960079
v -0.137781021 0.0398150957 -0.0261466748
v -0.132849996 0.0427358787 -0.0309324696
v -0.139294439 0.0331824308 -0.0356704845
v -0.141179521 0.0358710412 -0.0341561342
v -0.135939888 0.0322231697 -0.031609874
v -0.131975767 0.0325164909 -0.0318888655
v -0.137615731 0.022116526 -0.0390327052
v -0.13729757 0.0230987178 -0.0357517218
v -0.132811777 0.0216646027 -0.0354889607
v -0.127373414 0.0231493558 -0.03363158
v -0.0358776094 0.0490685345 -0.107909408
v -0.0348810861 0.051374966 -0.116193076
v -0.0403643562 0.0662263268 -0.112653175
v -0.0388308746 0.0479019411 -0.106592812
v -0.0403863312 0.0640593874 -0.104197523
v -0.0392961736 0.0511160418 -0.116299114
v -0.0378295747 0.0504653855 -0.119047941
v -0.0423478496 0.0660218597 -0.116142448
v -0.0478435416 0.0791725376 -0.107167026
v -0.0502149444 0.0791629845 -0.111235296
v -0.0412404936 0.0490370027 -0.107816725
v -0.0403729554 0.0627284616 -0.103341442
v -0.046718987 0.0781148657 -0.100494237
v -0.0430625198 0.066462322 -0.113761482
v -0.0433405538 0.0632033138 -0.104447841
v -0.0504251384 0.0793359162 -0.108617394
v -0.0579291677 0.0904515051 -0.102468163
v -0.0599375014 0.0905011929 -0.105498829
v -0.0601859151 0.0903464064 -0.103572654
v -0.0467658059 0.0752495008 -0.0986941751
v -0.0569670378 0.0886428583 -0.0955011205
v -0.0493579133 0.0756440981 -0.0998865662
v -0.0590164565 0.0852921342 -0.0961412519
v -0.0699868192 0.100071836 -0.0996773368
v -0.0717677587 0.100429167 -0.102015307
v -0.0717238086 0.0996294656 -0.0995330574
v -0.0700584766 0.0926547493 -0.0914194674
v -0.05556063 0.0854067861 -0.0930398847
v -0.0689062165 0.0971329003 -0.0911079867
v -0.0668281349 0.0934917167 -0.0891627058
v -0.0828546856 0.107547195 -0.0955173509
v -0.084931812 0.107850069 -0.0978935338
v -0.0847397686 0.107060875 -0.0969094325
v -0.0823865195 0.098033878 -0.0887499703
v -0.0795813476 0.0992234003 -0.0864540565
v -0.0820234531 0.104007287 -0.0875738096
v -0.096358875 0.110687729 -0.0890375611
v -0.0988764593 0.11051479 -0.091936362
v -0.0987493859 0.109541203 -0.0927255565
v -0.095071897 0.100934594 -0.0843606806
v -0.0924960308 0.103701551 -0.0827154052
v -0.0958821101 0.107624588 -0.083106187
v -0.110716272 0.108546587 -0.084421815
v -0.113026526 0.108260911 -0.0860947959
v -0.112865057 0.108558048 -0.0877563016
v -0.108071613 0.100257189 -0.0809296945
v -0.105674415 0.102691652 -0.0777710084
v -0.109684398 0.105288533 -0.0779535004
v -0.124094342 0.103918433 -0.0783423743
v -0.126449504 0.103601229 -0.0795949317
v -0.125818912 0.103289756 -0.0821956632
v -0.120210479 0.0969074121 -0.0752897266
v -0.118352148 0.0985689249 -0.0729355258
v -0.123245914 0.10096326 -0.0729527243
v -0.136090849 0.0964335209 -0.0718635242
v -0.137519232 0.0953147003 -0.0717221207
v -0.137496299 0.0963895636 -0.075116802
v -0.130728918 0.0909378254 -0.0681975109
v -0.129820295 0.0923728961 -0.0669258188
v -0.134646221 0.0932681433 -0.0661079506
v -0.145842069 0.087282312 -0.0636027789
v -0.148840241 0.0860564849 -0.0657057222
v -0.147668871 0.0873081098 -0.0678860302
v -0.139901145 0.0825414212 -0.0612657766
v -0.139316414 0.0843175788 -0.0594513922
v -0.144200623 0.0831576769 -0.0591676454
v -0.154663644 0.0759641709 -0.0567685122
v -0.156589812 0.0735220628 -0.0588274911
v -0.155653483 0.0761390176 -0.0600915521
v -0.14719975 0.0712853826 -0.0559133995
v -0.14702968 0.0730825614 -0.0535639824
v -0.15236677 0.0718328444 -0.0521308123
v -0.157865327 0.0611338278 -0.0507492662
v -0.159033828 0.0582321582 -0.053182768
v -0.155858904 0.0614672765 -0.0543034893
v -0.151062592 0.0575853246 -0.0521862234
v -0.150787427 0.0596137256 -0.0482555412
v -0.15491493 0.0576531611 -0.0464134797
v -0.156267831 0.045426397 -0.0460666339
v -0.156797148 0.0435938637 -0.0462959377
v -0.152934299 0.0462538076 -0.0524537682
v -0.14898929 0.0433750669 -0.0495864884
v -0.149807144 0.0450489982 -0.0440028998
v -0.153746422 0.0437658416 -0.0432519177
v -0.149891225 0.0340977453 -0.0479221068
v -0.151847013 0.0335005923 -0.0527241604
v -0.147398483 0.0315285668 -0.0549264507
v -0.143401875 0.0300810742 -0.0521069224
v -0.144597132 0.0314387552 -0.0461039068
v -0.147863782 0.0344722753 -0.0461268286
v -0.143034987 0.0203948219 -0.0530709778
v -0.145369128 0.0192769588 -0.057759305
v -0.140380774 0.0186349018 -0.0604756423
v -0.133587595 0.021277649 -0.0561761606
v -0.137639617 0.0198272911 -0.051453408
v -0.141748965 0.0211553536 -0.0516043789
v -0.0200956541 0.0781702839 -0.156215514
v -0.01971061 0.0793779586 -0.164419852
v -0.0294408088 0.0928869219 -0.15883054
v -0.0215249873 0.0766520894 -0.154181365
v -0.0299223525 0.0915703257 -0.151161235
v -0.0246559679 0.0758198986 -0.154953361
v -0.0244916283 0.0777747256 -0.164340551
v -0.0223323343 0.0779132674 -0.167781104
v -0.031507426 0.091817789 -0.161899418
v -0.0397490543 0.105996518 -0.153423691
v -0.0416427362 0.10465221 -0.155821857
v -0.0306494445 0.0897884305 -0.148494585
v -0.0396162465 0.105040123 -0.145883375
v -0.0329348549 0.0887957299 -0.149334407
v -0.0321542596 0.0912588521 -0.158313645
v -0.042315364 0.102978282 -0.15280745
v -0.0532274469 0.115238489 -0.148439174
v -0.054414104 0.114352795 -0.149842703
v -0.0545707947 0.112182033 -0.147893606
v -0.0398407737 0.102885605 -0.143129793
v -0.052521376 0.114969051 -0.141430075
v -0.042497856 0.101379833 -0.145370296
v -0.0539411596 0.110848238 -0.139405493
v -0.0678313461 0.122699526 -0.143981091
v -0.0691259672 0.121422096 -0.145427615
v -0.068094093 0.118631256 -0.142446666
v -0.0673115863 0.117419758 -0.134673202
v -0.0520589422 0.112440957 -0.137571034
v -0.0667774968 0.122568629 -0.13694141
v -0.066090534 0.11920643 -0.132909445
v -0.0834088406 0.125296399 -0.138586685
v -0.0848591989 0.124287454 -0.140534814
v -0.08262538 0.122074657 -0.137394294
v -0.081574396 0.120686405 -0.129538653
v -0.0807899798 0.123686489 -0.12903611
v -0.0824973505 0.125782726 -0.13298493
v -0.0997057808 0.124836838 -0.135314301
v -0.100729058 0.123205899 -0.135576094
v -0.0978006341 0.122270532 -0.133355637
v -0.0964133348 0.121190885 -0.125355745
v -0.0961916728 0.123475337 -0.124835975
v -0.0979171977 0.125658521 -0.127372668
v -0.114554275 0.121142151 -0.128258362
v -0.116302729 0.119277132 -0.130984238
v -0.112466639 0.118859606 -0.12882782
v -0.110956088 0.118364686 -0.120977931
v -0.111510243 0.121740254 -0.12048205
v -0.113204238 0.122251411 -0.122206627
v -0.129168685 0.114712042 -0.125137888
v -0.130729876 0.112594783 -0.125485674
v -0.12554948 0.112454333 -0.123227973
v -0.124873026 0.112917724 -0.116648807
v -0.125796936 0.116177687 -0.115385714
v -0.128045088 0.116407944 -0.117578466
v -0.142756953 0.107092403 -0.118551092
v -0.144580887 0.103880214 -0.12086708
v -0.138038991 0.103958561 -0.117852674
v -0.137388335 0.105370702 -0.110778596
v -0.139247623 0.108103263 -0.110817777
v -0.141521569 0.107789875 -0.112491697
v -0.155323857 0.0961220473 -0.114730292
v -0.156510511 0.0923318148 -0.116522695
v -0.150175944 0.094499708 -0.113428987
v -0.149002666 0.0955774401 -0.106241211
v -0.151740954 0.0984638262 -0.106218289
v -0.153969042 0.097431952 -0.107624694
v -0.165417125 0.0830621313 -0.109746715
v -0.165706624 0.0780680468 -0.112373216
v -0.158938282 0.0816882092 -0.10863744
v -0.15871567 0.0835159695 -0.101949361
v -0.160485143 0.0846930699 -0.102536017
v -0.163600833 0.0836745715 -0.10348669
v -0.169801638 0.0664785595 -0.105852337
v -0.166806331 0.0617156937 -0.106423703
v -0.163301781 0.0659053 -0.105448201
v -0.163009414 0.0680559948 -0.0979546682
v -0.16706144 0.0692655773 -0.0994623556
v -0.167020351 0.067269669 -0.0989110641
v -0.167733114 0.0497048575 -0.0992770162
v -0.165404703 0.0447814747 -0.100492329
v -0.161528485 0.0494554864 -0.101691412
v -0.161916391 0.0517657406 -0.0946861282
v -0.164927936 0.053153996 -0.0939007492
v -0.165980832 0.0498949877 -0.0945724302
v -0.161815115 0.0361490717 -0.0948074573
v -0.159019498 0.0354621107 -0.100295515
v -0.154280515 0.0344397896 -0.100290731
v -0.156093939 0.0364099073 -0.0930312854
v -0.158070748 0.0379147259 -0.0911901636
v -0.159571744 0.0366344381 -0.0910563912
v -0.149863516 0.0212833813 -0.0963151447
v -0.149953328 0.01889956 -0.102721357
v -0.145180905 0.0210206361 -0.103286999
v -0.145193324 0.0245146805 -0.0919076883
v -0.147919196 0.0243962059 -0.0910363453
v -0.149612234 0.0223716275 -0.0928984812
v -0.0129499138 0.0905594727 -0.183893647
v -0.0119352381 0.0890928738 -0.193813976
v -0.0234081657 0.103677661 -0.191606916
v -0.0143219281 0.089272497 -0.181008215
v -0.0231005077 0.105024832 -0.180510426
v -0.0157923498 0.0883973099 -0.181514602
v -0.0164458713 0.085294042 -0.192879562
v -0.0170325137 0.0841188494 -0.197424578
v -0.0258168237 0.100076612 -0.195271975
v -0.0366037441 0.114737839 -0.1857214
v -0.0372028048 0.112684598 -0.189254623
v -0.0235896967 0.103396762 -0.177969918
v -0.0373079036 0.113378247 -0.175491498
v -0.0244648766 0.102998349 -0.176373376
v -0.0265792666 0.0997479402 -0.189675004
v -0.0366906904 0.109092141 -0.180458831
v -0.0519490668 0.12292883 -0.182244556
v -0.0519672192 0.121243434 -0.185290498
v -0.0509898057 0.116685982 -0.175312836
v -0.0370184051 0.11187152 -0.174051651
v -0.0519251804 0.121898856 -0.172651938
v -0.0385356456 0.111182648 -0.17535774
v -0.0530755292 0.118363732 -0.17176146
v -0.0675963083 0.128464638 -0.176006485
v -0.0669408772 0.126632116 -0.178178193
v -0.065485741 0.12299284 -0.169391983
v -0.0674711458 0.124053381 -0.166116723
v -0.0510605075 0.119548471 -0.171075456
v -0.0669599853 0.127297091 -0.166751131
v -0.0653013412 0.125185577 -0.165763214
v -0.0834948304 0.131746576 -0.169048981
v -0.0820769573 0.130303867 -0.17035507
v -0.0804890159 0.125770297 -0.162487954
v -0.0824161382 0.126311082 -0.159963704
v -0.0797743466 0.127596143 -0.159179265
v -0.082071225 0.130115651 -0.159508912
v -0.0994334808 0.130508327 -0.161807702
v -0.0977003128 0.129984755 -0.163158695
v -0.095611721 0.125123474 -0.155475979
v -0.0969369159 0.125448324 -0.152089897
v -0.0942272881 0.12792673 -0.151921756
v -0.0973267357 0.129436325 -0.151937047
v -0.114974669 0.127371623 -0.153755247
v -0.113321757 0.125991016 -0.156519335
v -0.110770733 0.121872104 -0.14914716
v -0.1114061 0.12176796 -0.144838111
v -0.108685961 0.12505468 -0.14519068
v -0.112664415 0.126111391 -0.145329208
v -0.130651529 0.120545001 -0.148976143
v -0.128904027 0.120036706 -0.151480347
v -0.12621542 0.116466231 -0.146186257
v -0.125858085 0.116062081 -0.138936379
v -0.123438913 0.120557416 -0.140324616
v -0.127424052 0.119590513 -0.139632889
v -0.145183771 0.11171578 -0.142956869
v -0.143361748 0.111502721 -0.145860453
v -0.140282363 0.10806982 -0.141429107
v -0.139643175 0.107610251 -0.134361721
v -0.136736725 0.112557524 -0.134629237
v -0.141704058 0.111270548 -0.134756318
v -0.158593373 0.0998826594 -0.13871949
v -0.156373884 0.100348912 -0.140536721
v -0.15325151 0.0981953488 -0.135669718
v -0.15244034 0.0976832308 -0.129190868
v -0.149792815 0.10350473 -0.129892162
v -0.154808871 0.101098933 -0.129519547
v -0.169466282 0.0852414926 -0.134971299
v -0.167454122 0.0858501101 -0.137954185
v -0.164473151 0.0854373604 -0.133135901
v -0.162090284 0.08341947 -0.127537022
v -0.159904238 0.0908489712 -0.125810537
v -0.166703147 0.0882176867 -0.128566027
v -0.171261553 0.0672199813 -0.12939631
v -0.16994018 0.0689015543 -0.131863241
v -0.167675788 0.0687849946 -0.128345322
v -0.166397404 0.0666132787 -0.123507932
v -0.165343555 0.074782294 -0.122062347
v -0.169979354 0.0719073688 -0.121886547
v -0.16926946 0.0490694884 -0.122049932
v -0.167306027 0.0526877395 -0.12277318
v -0.164721561 0.0515049051 -0.122599288
v -0.164508502 0.0505408674 -0.115479367
v -0.164572513 0.0582245164 -0.115445909
v -0.16901722 0.053591586 -0.1174552
v -0.161470199 0.0376901987 -0.119706239
v -0.159806778 0.0368427242 -0.121401173
v -0.1584491 0.0345678209 -0.121205298
v -0.158262793 0.0338913669 -0.112756366
v -0.161745367 0.0418043231 -0.110075394
v -0.163237764 0.0383064579 -0.112957964
v -0.153905024 0.0193161306 -0.119797955
v -0.150708126 0.021135288 -0.123457276
v -0.148309017 0.0205639363 -0.119983294
v -0.147483514 0.0221184373 -0.116447209
v -0.154529886 0.0271192098 -0.110958212
v -0.154849959 0.0218098289 -0.114493357
f 1 2 3
f 4 5 1
f 1 3 6
f 4 1 6
f 5 2 1
f 5 7 2
f 7 3 2
f 3 8 9
f 7 10 3
f 3 9 6
f 10 8 3
f 11 4 6
f 12 13 4
f 4 11 12
f 13 5 4
f 13 14 5
f 14 7 5
f 11 6 9
f 14 15 7
f 15 10 7
f 10 16 8
f 16 9 8
f 16 11 9
f 15 17 10
f 17 16 10
f 18 12 11
f 18 11 16
f 19 20 12
f 19 12 18
f 20 13 12
f 20 21 13
f 21 14 13
f 21 22 14
f 22 15 14
f 22 23 15
f 23 17 15
f 17 18 16
f 23 24 17
f 24 18 17
f 24 19 18
f 25 26 19
f 25 19 24
f 26 20 19
f 26 27 20
f 27 21 20
f 27 28 21
f 28 22 21
f 28 29 22
f 29 23 22
f 29 30 23
f 30 24 23
f 30 25 24
f 31 32 25
f 31 25 30
f 32 26 25
f 32 33 26
f 33 27 26
f 33 34 27
f 34 28 27
f 34 35 28
f 35 29 28
f 35 36 29
f 36 30 29
f 36 31 30
f 37 38 31
f 38 32 31
f 37 31 36
f 38 39 32
f 39 33 32
f 39 40 33
f 40 34 33
f 40 41 34
f 41 35 34
f 41 42 35
f 42 36 35
f 42 37 36
f 43 44 37
f 43 37 42
f 44 38 37
f 44 45 38
f 39 38 45
f 45 46 39
f 46 40 39
f 46 47 40
f 47 41 40
f 47 48 41
f 48 42 41
f 48 43 42
f 49 50 43
f 49 43 48
f 50 44 43
f 50 51 44
f 51 45 44
f 51 52 45
f 52 46 45
f 52 53 46
f 53 47 46
f 53 54 47
f 54 48 47
f 54 49 48
f 55 56 49
f 55 49 54
f 56 50 49
f 57 50 56
f 57 51 50
f 57 58 51
f 58 52 51
f 58 59 52
f 59 53 52
f 59 60 53
f 60 54 53
f 60 55 54
f 61 62 55
f 61 55 60
f 62 56 55
f 62 63 56
f 57 56 63
f 63 64 57
f 64 58 57
f 64 65 58
f 65 59 58
f 65 66 59
f 66 60 59
f 66 61 60
f 67 68 61
f 67 61 66
f 68 62 61
f 68 69 62
f 69 63 62
f 69 70 63
f 64 63 70
f 70 71 64
f 71 65 64
f 71 72 65
f 72 66 65
f 72 67 66
f 73 74 67
f 74 68 67
f 73 67 72
f 74 75 68
f 75 69 68
f 75 76 69
f 76 70 69
f 76 77 70
f 77 71 70
f 77 78 71
f 78 72 71
f 78 73 72
f 79 80 73
f 79 73 78
f 80 74 73
f 80 81 74
f 81 75 74
f 81 82 75
f 82 76 75
f 82 83 76
f 83 77 76
f 83 84 77
f 84 78 77
f 84 79 78
f 85 86 79
f 85 79 84
f 86 80 79
f 86 87 80
f 87 81 80
f 87 88 81
f 88 82 81
f 88 89 82
f 89 83 82
f 89 90 83
f 90 84 83
f 90 85 84
f 91 92 85
f 91 85 90
f 92 86 85
f 92 93 86
f 93 87 86
f 93 94 87
f 94 88 87
f 94 95 88
f 95 89 88
f 95 96 89
f 96 90 89
f 96 91 90
f 91 96 95
f 92 91 95
f 92 94 93
f 92 95 94
f 97 98 99
f 98 97 100
f 97 101 102
f 97 99 101
f 97 102 100
f 99 98 103
f 98 100 103
f 99 104 101
f 104 99 105
f 99 103 105
f 103 100 106
f 100 102 107
f 100 107 106
f 104 108 101
f 101 108 109
f 101 109 102
f 102 109 110
f 102 110 107
f 105 103 111
f 103 106 111
f 108 104 112
f 104 105 112
f 112 105 113
f 105 111 113
f 111 106 114
f 106 107 115
f 106 115 114
f 107 110 116
f 107 116 115
f 108 112 109
f 109 112 117
f 109 117 110
f 110 117 118
f 110 118 116
f 113 111 119
f 111 114 119
f 112 113 117
f 117 113 120
f 113 119 120
f 119 114 121
f 114 115 122
f 114 122 121
f 115 116 123
f 115 123 122
f 116 118 124
f 116 124 123
f 117 120 118
f 118 120 125
f 118 125 124
f 120 119 126
f 119 121 126
f 120 126 125
f 126 121 127
f 121 122 128
f 121 128 127
f 122 123 129
f 129 128 122
f 123 124 130
f 123 130 129
f 124 125 131
f 124 131 130
f 125 126 132
f 125 132 131
f 126 127 132
f 132 127 133
f 127 128 134
f 127 134 133
f 128 129 135
f 128 135 134
f 129 130 136
f 129 136 135
f 130 131 137
f 130 137 136
f 131 132 138
f 131 138 137
f 132 133 138
f 138 133 139
f 133 134 140
f 133 140 139
f 134 135 141
f 134 141 140
f 135 136 142
f 135 142 141
f 136 137 143
f 136 143 142
f 137 138 144
f 137 144 143
f 138 139 144
f 144 139 145
f 139 140 146
f 139 146 145
f 141 147 140
f 140 147 146
f 141 142 148
f 141 148 147
f 142 143 149
f 142 149 148
f 144 150 143
f 143 150 149
f 144 145 150
f 150 145 151
f 145 146 152
f 145 152 151
f 146 147 153
f 146 153 152
f 147 148 154
f 147 154 153
f 148 149 155
f 148 155 154
f 150 156 149
f 149 156 155
f 150 151 156
f 156 151 157
f 151 152 158
f 151 158 157
f 152 153 159
f 152 159 158
f 153 154 160
f 153 160 159
f 154 155 161
f 154 161 160
f 155 156 162
f 155 162 161
f 156 157 162
f 162 157 163
f 157 158 164
f 157 164 163
f 158 159 165
f 158 165 164
f 159 160 166
f 159 166 165
f 160 161 167
f 160 167 166
f 161 162 168
f 161 168 167
f 162 163 168
f 168 163 169
f 163 164 170
f 163 170 169
f 164 165 171
f 164 171 170
f 165 166 172
f 165 172 171
f 166 167 173
f 166 173 172
f 167 168 174
f 167 174 173
f 168 169 174
f 174 169 175
f 169 170 176
f 169 176 175
f 170 171 177
f 170 177 176
f 171 172 178
f 171 178 177
f 172 173 179
f 172 179 178
f 173 174 180
f 173 180 179
f 174 175 180
f 180 175 181
f 175 176 182
f 175 182 181
f 176 177 183
f 176 183 182
f 177 178 184
f 177 184 183
f 178 179 185
f 178 185 184
f 179 180 186
f 179 186 185
f 180 181 186
f 187 181 182
f 188 181 187
f 189 186 181
f 188 189 181
f 182 183 190
f 182 190 191
f 191 187 182
f 183 184 192
f 183 192 190
f 184 185 193
f 184 193 192
f 185 186 189
f 185 189 193
f 188 187 191
f 189 188 193
f 193 188 191
f 193 191 190
f 193 190 192
f 194 195 196
f 194 196 197
f 198 195 194
f 198 194 199
f 199 194 197
f 200 201 195
f 200 195 198
f 201 202 195
f 196 195 202
f 197 196 202
f 202 203 197
f 199 197 203
f 204 200 198
f 204 198 205
f 205 198 199
f 206 205 199
f 206 199 203
f 207 208 200
f 207 200 204
f 208 201 200
f 208 209 201
f 209 210 201
f 201 210 202
f 210 211 202
f 202 211 203
f 211 206 203
f 212 207 204
f 212 204 213
f 213 204 205
f 213 205 206
f 214 213 206
f 214 206 211
f 215 216 207
f 215 207 212
f 216 208 207
f 216 217 208
f 217 209 208
f 217 218 209
f 218 219 209
f 209 219 210
f 219 214 210
f 210 214 211
f 220 215 212
f 220 212 221
f 221 212 213
f 221 213 214
f 219 221 214
f 222 223 215
f 222 215 220
f 223 216 215
f 223 224 216
f 224 217 216
f 224 225 217
f 225 218 217
f 225 226 218
f 226 227 218
f 218 227 219
f 227 221 219
f 228 222 220
f 228 220 227
f 227 220 221
f 229 230 222
f 229 222 228
f 230 223 222
f 230 231 223
f 231 224 223
f 231 232 224
f 232 225 224
f 232 233 225
f 233 226 225
f 233 234 226
f 234 228 226
f 228 227 226
f 229 228 234
f 235 236 229
f 236 230 229
f 235 229 234
f 236 237 230
f 237 231 230
f 237 238 231
f 238 232 231
f 238 239 232
f 239 233 232
f 239 240 233
f 240 234 233
f 240 235 234
f 241 242 235
f 241 235 240
f 242 236 235
f 242 243 236
f 243 237 236
f 243 244 237
f 244 238 237
f 244 245 238
f 245 239 238
f 245 246 239
f 246 240 239
f 246 241 240
f 247 248 241
f 247 241 246
f 248 242 241
f 248 249 242
f 249 243 242
f 249 250 243
f 250 244 243
f 250 251 244
f 251 245 244
f 251 252 245
f 252 246 245
f 252 247 246
f 253 254 247
f 253 247 252
f 254 248 247
f 254 255 248
f 255 249 248
f 255 256 249
f 256 250 249
f 256 257 250
f 257 251 250
f 257 258 251
f 258 252 251
f 258 253 252
f 259 260 253
f 259 253 258
f 260 254 253
f 260 261 254
f 261 255 254
f 261 262 255
f 262 256 255
f 262 263 256
f 263 257 256
f 263 264 257
f 264 258 257
f 264 259 258
f 265 266 259
f 259 264 265
f 266 260 259
f 266 267 260
f 267 261 260
f 267 268 261
f 268 262 261
f 268 269 262
f 269 263 262
f 269 270 263
f 270 264 263
f 270 265 264
f 271 272 265
f 272 266 265
f 271 265 270
f 272 273 266
f 273 267 266
f 273 274 267
f 274 268 267
f 274 275 268
f 275 269 268
f 275 276 269
f 276 270 269
f 276 271 270
f 277 278 271
f 278 272 271
f 277 271 276
f 278 279 272
f 279 273 272
f 279 280 273
f 280 274 273
f 280 281 274
f 281 275 274
f 281 282 275
f 282 276 275
f 282 277 276
f 283 284 277
f 283 277 282
f 284 278 277
f 284 285 278
f 285 279 278
f 285 286 279
f 286 280 279
f 286 287 280
f 287 281 280
f 287 288 281
f 288 282 281
f 288 283 282
f 285 283 286
f 285 284 283
f 283 288 287
f 287 286 283
f 289 290 291
f 292 293 289
f 289 291 294
f 292 289 294
f 293 290 289
f 290 295 296
f 293 297 290
f 290 296 291
f 297 295 290
f 298 299 291
f 294 291 299
f 298 291 296
f 292 299 300
f 294 299 292
f 292 300 301
f 301 293 292
f 301 302 293
f 302 297 293
f 297 303 295
f 303 296 295
f 303 298 296
f 302 304 297
f 304 303 297
f 305 306 298
f 306 299 298
f 305 298 303
f 306 300 299
f 307 308 300
f 301 300 308
f 307 300 306
f 301 308 309
f 309 302 301
f 309 310 302
f 310 304 302
f 304 305 303
f 310 311 304
f 311 305 304
f 311 312 305
f 312 306 305
f 312 307 306
f 313 314 307
f 314 308 307
f 313 307 312
f 314 315 308
f 309 308 315
f 309 315 316
f 316 310 309
f 316 317 310
f 317 311 310
f 317 318 311
f 318 312 311
f 318 313 312
f 319 320 313
f 319 313 318
f 320 314 313
f 320 321 314
f 321 315 314
f 321 322 315
f 316 315 322
f 316 322 323
f 323 317 316
f 323 324 317
f 324 318 317
f 324 319 318
f 325 326 319
f 325 319 324
f 326 320 319
f 326 327 320
f 327 321 320
f 327 328 321
f 328 322 321
f 328 329 322
f 323 322 329
f 323 329 330
f 330 324 323
f 330 325 324
f 331 332 325
f 331 325 330
f 332 326 325
f 332 333 326
f 333 327 326
f 333 334 327
f 334 328 327
f 334 335 328
f 335 329 328
f 335 336 329
f 330 329 336
f 330 336 331
f 331 336 337
f 331 337 338
f 338 332 331
f 338 339 332
f 339 333 332
f 339 340 333
f 340 334 333
f 340 341 334
f 341 335 334
f 341 342 335
f 342 336 335
f 342 337 336
f 343 344 337
f 338 337 344
f 343 337 342
f 338 344 345
f 345 339 338
f 345 346 339
f 346 340 339
f 346 347 340
f 347 341 340
f 347 348 341
f 348 342 341
f 348 343 342
f 349 350 343
f 350 344 343
f 349 343 348
f 350 351 344
f 345 344 351
f 345 351 352
f 352 346 345
f 352 353 346
f 353 347 346
f 353 354 347
f 354 348 347
f 349 348 354
f 355 349 356
f 356 349 354
f 355 350 349
f 355 357 350
f 357 351 350
f 357 358 351
f 351 358 352
f 352 358 359
f 359 353 352
f 359 360 353
f 360 354 353
f 360 356 354
f 361 355 356
f 361 362 355
f 362 357 355
f 363 361 356
f 363 356 360
f 362 364 357
f 364 358 357
f 364 365 358
f 359 358 365
f 359 365 366
f 366 360 359
f 366 363 360
f 367 361 363
f 367 368 361
f 368 362 361
f 368 369 362
f 369 364 362
f 370 367 363
f 370 363 366
f 369 371 364
f 371 365 364
f 371 372 365
f 366 365 372
f 366 372 370
f 373 367 370
f 373 368 367
f 373 374 368
f 374 369 368
f 374 375 369
f 375 371 369
f 370 372 376
f 370 376 373
f 375 377 371
f 377 372 371
f 377 376 372
f 373 376 378
f 378 374 373
f 379 375 374
f 379 374 378
f 377 375 379
f 380 381 376
f 376 381 378
f 380 376 377
f 379 380 377
f 379 378 380
f 378 381 380
f 382 383 384
f 385 386 382
f 386 383 382
f 387 382 384
f 388 385 382
f 388 382 387
f 383 389 384
f 390 389 383
f 390 383 391
f 391 383 386
f 384 389 392
f 393 384 392
f 387 384 393
f 385 394 395
f 386 385 395
f 396 394 385
f 396 385 388
f 391 386 397
f 397 386 395
f 393 398 387
f 387 398 399
f 387 399 388
f 388 399 400
f 388 400 396
f 389 401 392
f 402 401 389
f 402 389 390
f 403 402 390
f 403 390 404
f 404 390 391
f 404 391 398
f 398 391 397
f 392 401 405
f 406 392 405
f 393 392 406
f 406 404 393
f 393 404 398
f 407 395 394
f 408 407 394
f 409 408 394
f 409 394 396
f 397 395 410
f 410 395 407
f 396 400 411
f 396 411 409
f 398 397 399
f 399 397 410
f 399 410 400
f 400 410 412
f 400 412 411
f 401 413 405
f 414 413 401
f 414 401 402
f 415 414 402
f 415 402 403
f 416 415 403
f 416 403 406
f 406 403 404
f 417 418 405
f 417 405 413
f 416 405 418
f 406 405 416
f 419 407 408
f 410 407 412
f 412 407 419
f 420 419 408
f 421 420 408
f 421 408 409
f 409 411 422
f 409 422 421
f 411 412 423
f 411 423 422
f 412 419 423
f 424 417 413
f 424 413 414
f 425 424 414
f 425 414 415
f 426 425 415
f 426 415 416
f 416 418 426
f 427 428 417
f 427 417 424
f 417 428 429
f 418 417 429
f 426 418 429
f 423 419 430
f 419 420 430
f 420 431 430
f 432 431 420
f 432 420 421
f 421 422 433
f 421 433 432
f 422 423 430
f 422 430 433
f 434 427 424
f 434 424 425
f 435 434 425
f 435 425 426
f 426 429 435
f 436 437 427
f 437 428 427
f 436 427 434
f 437 438 428
f 428 438 429
f 435 429 439
f 438 439 429
f 433 430 440
f 441 440 430
f 441 430 431
f 442 441 431
f 442 431 432
f 432 433 443
f 432 443 442
f 433 440 443
f 444 436 434
f 444 434 435
f 435 439 444
f 445 446 436
f 446 437 436
f 445 436 444
f 446 447 437
f 447 438 437
f 447 448 438
f 439 438 448
f 444 439 449
f 449 439 448
f 443 440 450
f 451 450 440
f 451 440 441
f 452 451 441
f 452 441 442
f 442 443 453
f 442 453 452
f 443 450 453
f 444 449 445
f 454 446 445
f 445 455 454
f 445 449 455
f 454 456 446
f 456 447 446
f 456 457 447
f 457 448 447
f 457 458 448
f 448 458 449
f 458 455 449
f 451 453 450
f 451 452 453
f 454 457 456
f 454 455 457
f 455 458 457
f 459 460 461
f 462 463 459
f 462 459 464
f 463 465 459
f 464 459 461
f 459 465 460
f 460 466 461
f 465 467 460
f 460 467 468
f 460 468 466
f 466 469 461
f 464 461 470
f 471 470 461
f 461 472 473
f 461 473 471
f 461 469 474
f 474 472 461
f 475 476 462
f 476 463 462
f 475 462 477
f 477 462 464
f 478 463 476
f 478 479 463
f 463 479 465
f 477 464 480
f 480 464 470
f 479 481 465
f 465 481 467
f 469 466 482
f 466 468 483
f 466 483 482
f 481 473 467
f 467 473 472
f 467 472 468
f 468 472 484
f 468 484 483
f 483 474 469
f 483 469 482
f 480 470 471
f 471 473 485
f 471 485 480
f 474 484 472
f 481 485 473
f 483 484 474
f 486 487 475
f 475 487 488
f 488 476 475
f 486 475 477
f 489 478 476
f 489 476 490
f 488 490 476
f 477 491 486
f 480 491 477
f 489 492 478
f 478 492 479
f 492 493 479
f 479 493 481
f 480 485 491
f 493 485 481
f 493 491 485
f 494 487 486
f 494 486 495
f 495 486 491
f 496 497 487
f 496 487 494
f 488 487 497
f 488 497 498
f 498 490 488
f 499 489 490
f 500 489 499
f 489 500 492
f 501 499 490
f 498 501 490
f 495 491 493
f 500 495 492
f 492 495 493
f 502 496 494
f 502 494 500
f 500 494 495
f 503 504 496
f 503 496 502
f 504 497 496
f 504 505 497
f 498 497 505
f 498 505 506
f 506 501 498
f 507 508 499
f 507 499 501
f 508 502 499
f 499 502 500
f 506 507 501
f 508 503 502
f 509 510 503
f 509 503 508
f 510 504 503
f 510 511 504
f 511 505 504
f 511 512 505
f 506 505 512
f 506 512 513
f 513 507 506
f 513 514 507
f 514 508 507
f 514 509 508
f 515 516 509
f 515 509 514
f 516 510 509
f 516 517 510
f 517 511 510
f 517 518 511
f 518 512 511
f 518 519 512
f 513 512 519
f 513 519 520
f 520 514 513
f 520 515 514
f 521 522 515
f 522 516 515
f 521 515 520
f 522 523 516
f 523 517 516
f 523 524 517
f 524 518 517
f 524 525 518
f 525 519 518
f 525 526 519
f 520 519 526
f 520 526 521
f 521 527 528
f 528 522 521
f 521 526 527
f 528 529 522
f 529 523 522
f 529 530 523
f 530 524 523
f 530 531 524
f 531 525 524
f 531 532 525
f 532 526 525
f 532 527 526
f 533 534 527
f 528 527 534
f 533 527 532
f 528 534 535
f 535 529 528
f 535 536 529
f 536 530 529
f 536 537 530
f 537 531 530
f 537 538 531
f 538 532 531
f 538 533 532
f 539 540 533
f 539 533 538
f 540 534 533
f 540 541 534
f 535 534 541
f 535 541 542
f 542 536 535
f 542 543 536
f 543 537 536
f 543 544 537
f 544 538 537
f 544 539 538
f 545 546 539
f 545 539 544
f 546 540 539
f 546 547 540
f 547 541 540
f 547 548 541
f 542 541 548
f 542 548 549
f 549 543 542
f 549 550 543
f 550 544 543
f 550 545 544
f 549 548 545
f 549 545 550
f 548 546 545
f 548 547 546
f 551 552 553
f 554 555 551
f 555 552 551
f 554 551 553
f 552 556 553
f 552 557 556
f 555 558 552
f 558 557 552
f 553 556 559
f 553 559 554
f 554 559 560
f 561 555 554
f 554 560 561
f 561 562 555
f 562 558 555
f 556 557 559
f 558 563 557
f 557 563 559
f 562 564 558
f 564 563 558
f 560 559 563
f 561 560 565
f 560 566 565
f 566 560 563
f 567 562 561
f 561 565 567
f 567 568 562
f 568 564 562
f 564 566 563
f 568 569 564
f 569 566 564
f 567 565 570
f 566 571 565
f 570 565 571
f 569 571 566
f 572 568 567
f 567 570 572
f 573 569 568
f 572 573 568
f 573 574 569
f 574 571 569
f 572 570 575
f 576 570 571
f 570 576 575
f 574 576 571
f 577 573 572
f 572 575 577
f 578 574 573
f 577 578 573
f 578 579 574
f 579 576 574
f 577 575 580
f 576 581 575
f 580 575 581
f 579 581 576
f 582 578 577
f 577 580 582
f 583 579 578
f 582 583 578
f 583 584 579
f 584 581 579
f 582 580 585
f 586 585 580
f 587 586 580
f 587 580 581
f 584 587 581
f 588 583 582
f 582 585 588
f 589 584 583
f 588 589 583
f 589 590 584
f 590 587 584
f 588 585 591
f 586 592 585
f 592 591 585
f 590 586 587
f 593 586 590
f 593 592 586
f 594 589 588
f 588 591 594
f 595 590 589
f 594 595 589
f 595 593 590
f 594 591 596
f 597 596 591
f 592 597 591
f 598 592 593
f 598 597 592
f 599 598 593
f 599 593 595
f 600 595 594
f 594 596 600
f 600 599 595
f 600 596 601
f 602 601 596
f 597 602 596
f 603 597 598
f 603 602 597
f 604 603 598
f 604 598 599
f 605 604 599
f 605 599 600
f 600 601 605
f 605 601 606
f 607 608 601
f 606 601 608
f 602 607 601
f 609 602 603
f 609 607 602
f 610 609 603
f 610 603 604
f 611 610 604
f 611 604 605
f 605 606 611
f 611 606 612
f 612 606 608
f 613 607 609
f 613 608 607
f 614 608 613
f 614 615 608
f 608 615 612
f 616 613 609
f 616 609 610
f 617 616 610
f 617 610 611
f 611 612 617
f 617 612 618
f 615 618 612
f 619 614 613
f 619 613 616
f 620 621 614
f 621 615 614
f 620 614 619
f 621 622 615
f 615 622 618
f 623 619 616
f 623 616 617
f 617 618 623
f 623 618 624
f 622 624 618
f 625 620 619
f 625 619 623
f 626 621 620
f 627 626 620
f 627 620 625
f 626 628 621
f 628 622 621
f 628 629 622
f 629 630 622
f 630 624 622
f 623 624 625
f 630 631 624
f 631 625 624
f 625 631 627
f 630 626 627
f 630 628 626
f 631 630 627
f 628 630 629
f 632 633 634
f 635 636 632
f 635 632 637
f 636 638 632
f 637 632 634
f 632 638 633
f 633 639 640
f 638 639 633
f 633 640 641
f 634 633 641
f 634 641 642
f 643 634 642
f 637 634 643
f 644 645 635
f 644 635 646
f 645 636 635
f 646 635 637
f 645 647 636
f 647 648 636
f 636 648 638
f 646 637 649
f 649 637 643
f 648 650 638
f 638 650 639
f 639 651 640
f 639 652 651
f 650 652 639
f 640 653 654
f 640 651 653
f 641 640 654
f 641 654 655
f 642 641 655
f 643 642 656
f 642 655 657
f 656 642 657
f 658 643 656
f 649 643 658
f 659 660 644
f 659 644 661
f 660 645 644
f 661 644 646
f 660 662 645
f 662 647 645
f 661 646 663
f 663 646 649
f 662 664 647
f 664 665 647
f 647 665 648
f 665 666 648
f 648 666 650
f 663 649 650
f 650 649 658
f 666 663 650
f 650 658 652
f 652 667 651
f 651 668 653
f 651 667 668
f 652 658 667
f 657 653 668
f 657 654 653
f 657 655 654
f 658 656 667
f 656 657 669
f 667 656 669
f 657 668 669
f 670 671 659
f 670 659 672
f 671 660 659
f 672 659 661
f 671 673 660
f 673 662 660
f 672 661 674
f 674 661 663
f 673 675 662
f 675 664 662
f 674 663 666
f 675 676 664
f 676 677 664
f 664 677 665
f 677 674 665
f 665 674 666
f 667 669 668
f 678 679 670
f 679 671 670
f 678 670 680
f 680 670 672
f 679 681 671
f 681 673 671
f 680 672 677
f 677 672 674
f 681 682 673
f 682 675 673
f 682 683 675
f 683 676 675
f 683 684 676
f 684 680 676
f 676 680 677
f 685 686 678
f 685 678 684
f 686 679 678
f 684 678 680
f 686 687 679
f 687 681 679
f 687 688 681
f 688 682 681
f 688 689 682
f 689 683 682
f 689 690 683
f 690 684 683
f 690 685 684
f 691 692 685
f 691 685 690
f 692 686 685
f 692 693 686
f 693 687 686
f 693 694 687
f 694 688 687
f 694 695 688
f 695 689 688
f 695 696 689
f 696 690 689
f 696 691 690
f 697 698 691
f 697 691 696
f 698 692 691
f 698 699 692
f 699 693 692
f 699 700 693
f 700 694 693
f 700 701 694
f 701 695 694
f 701 702 695
f 702 696 695
f 702 697 696
f 703 704 697
f 703 697 702
f 704 698 697
f 704 705 698
f 705 699 698
f 705 706 699
f 706 700 699
f 706 707 700
f 707 701 700
f 707 708 701
f 708 702 701
f 708 703 702
f 709 710 703
f 709 703 708
f 710 704 703
f 710 711 704
f 711 705 704
f 711 712 705
f 712 706 705
f 713 706 712
f 713 707 706
f 713 714 707
f 714 708 707
f 714 709 708
f 715 716 709
f 716 710 709
f 715 709 714
f 716 717 710
f 717 711 710
f 717 718 711
f 718 712 711
f 718 719 712
f 713 712 719
f 719 720 713
f 720 714 713
f 720 715 714
f 721 722 715
f 722 716 715
f 721 715 720
f 722 723 716
f 723 717 716
f 723 724 717
f 724 718 717
f 724 725 718
f 725 719 718
f 725 726 719
f 726 720 719
f 726 721 720
f 726 722 721
f 722 726 725
f 722 725 724
f 722 724 723
f 727 728 729
f 727 729 730
f 728 727 731
f 731 727 732
f 727 733 732
f 727 730 733
f 729 728 734
f 728 735 734
f 728 731 735
f 730 729 736
f 729 734 736
f 730 736 733
f 731 732 735
f 735 732 737
f 732 738 737
f 732 733 738
f 733 739 738
f 733 736 739
f 736 734 740
f 734 741 740
f 734 735 741
f 735 737 741
f 736 740 739
f 741 737 742
f 737 743 742
f 737 738 743
f 738 744 743
f 738 739 744
f 739 745 744
f 739 740 745
f 740 741 746
f 740 746 745
f 741 742 746
f 746 742 747
f 742 748 747
f 742 743 748
f 743 749 748
f 743 744 749
f 744 750 749
f 744 745 750
f 745 751 750
f 745 746 751
f 746 747 751
f 747 748 752
f 747 752 753
f 751 747 753
f 748 754 752
f 748 749 754
f 749 755 754
f 749 750 755
f 750 756 755
f 750 751 756
f 751 753 756
f 752 754 757
f 752 757 758
f 753 752 758
f 756 753 759
f 753 758 759
f 754 760 757
f 754 755 760
f 755 761 760
f 755 756 761
f 756 759 761
f 757 760 762
f 757 762 763
f 758 757 763
f 759 758 764
f 758 763 764
f 761 759 765
f 759 764 765
f 760 766 762
f 760 761 766
f 761 765 766
f 762 766 767
f 762 767 768
f 763 762 768
f 763 768 769
f 764 763 769
f 765 764 770
f 764 769 770
f 766 765 771
f 765 770 771
f 766 771 767
f 767 771 772
f 767 772 773
f 768 767 773
f 768 773 774
f 769 768 774
f 770 769 775
f 769 774 775
f 771 770 776
f 770 775 776
f 776 772 771
f 772 776 773
f 776 774 773
f 776 775 774
f 777 778 779
f 780 777 781
f 782 783 777
f 777 779 781
f 783 778 777
f 782 777 780
f 783 784 778
f 778 785 786
f 778 786 779
f 784 785 778
f 779 786 787
f 779 787 781
f 785 780 787
f 788 782 780
f 788 780 785
f 780 781 787
f 789 790 782
f 789 782 788
f 790 783 782
f 790 791 783
f 791 784 783
f 791 792 784
f 784 788 785
f 792 788 784
f 785 787 786
f 792 789 788
f 793 794 789
f 793 789 792
f 794 790 789
f 794 795 790
f 795 791 790
f 795 796 791
f 796 792 791
f 796 793 792
f 797 798 793
f 797 793 796
f 798 794 793
f 798 799 794
f 799 795 794
f 799 800 795
f 800 796 795
f 800 797 796
f 801 802 797
f 802 798 797
f 801 797 800
f 802 803 798
f 803 799 798
f 803 804 799
f 804 800 799
f 804 801 800
f 805 806 801
f 805 801 804
f 806 802 801
f 806 807 802
f 807 803 802
f 807 808 803
f 808 804 803
f 808 805 804
f 809 810 805
f 809 805 808
f 810 806 805
f 810 811 806
f 811 807 806
f 811 812 807
f 812 808 807
f 812 809 808
f 813 814 809
f 813 809 812
f 814 810 809
f 814 815 810
f 815 811 810
f 815 816 811
f 816 812 811
f 816 813 812
f 817 818 813
f 818 814 813
f 817 813 816
f 818 819 814
f 819 815 814
f 819 820 815
f 820 816 815
f 820 817 816
f 821 822 817
f 821 817 820
f 822 818 817
f 822 823 818
f 823 819 818
f 823 824 819
f 824 820 819
f 824 821 820
f 825 826 821
f 825 821 824
f 826 822 821
f 826 827 822
f 827 823 822
f 827 828 823
f 828 824 823
f 828 825 824
f 829 830 825
f 825 828 829
f 830 826 825
f 830 831 826
f 831 827 826
f 831 832 827
f 832 828 827
f 832 829 828
f 833 834 829
f 834 830 829
f 833 829 832
f 834 835 830
f 835 831 830
f 835 836 831
f 836 832 831
f 836 833 832
f 837 838 833
f 837 833 836
f 838 834 833
f 838 839 834
f 839 835 834
f 839 840 835
f 840 836 835
f 840 837 836
f 837 840 839
f 837 839 838
f 841 842 843
f 844 841 845
f 846 847 841
f 845 841 843
f 841 847 842
f 844 846 841
f 847 848 842
f 843 842 848
f 845 843 849
f 843 848 849
f 850 844 851
f 852 846 844
f 851 844 845
f 850 852 844
f 851 845 853
f 853 845 849
f 854 855 846
f 846 855 847
f 852 854 846
f 855 853 847
f 847 853 848
f 853 849 848
f 856 850 857
f 858 852 850
f 857 850 851
f 856 858 850
f 857 851 855
f 855 851 853
f 859 854 852
f 858 859 852
f 860 857 854
f 854 857 855
f 859 860 854
f 861 856 860
f 862 858 856
f 860 856 857
f 861 862 856
f 863 859 858
f 862 863 858
f 864 860 859
f 863 864 859
f 864 861 860
f 865 861 864
f 866 862 861
f 865 866 861
f 867 863 862
f 866 867 862
f 868 864 863
f 867 868 863
f 868 865 864
f 869 865 868
f 870 866 865
f 869 870 865
f 871 867 866
f 870 871 866
f 872 868 867
f 871 872 867
f 872 869 868
f 873 869 872
f 874 870 869
f 873 874 869
f 875 871 870
f 874 875 870
f 876 872 871
f 875 876 871
f 876 873 872
f 877 873 876
f 878 874 873
f 877 878 873
f 879 875 874
f 878 879 874
f 880 876 875
f 879 880 875
f 880 877 876
f 881 877 880
f 882 878 877
f 881 882 877
f 883 879 878
f 882 883 878
f 884 880 879
f 883 884 879
f 884 881 880
f 885 881 884
f 886 882 881
f 885 886 881
f 887 883 882
f 886 887 882
f 888 884 883
f 887 888 883
f 888 885 884
f 889 885 888
f 890 886 885
f 889 890 885
f 891 887 886
f 890 891 886
f 892 888 887
f 891 892 887
f 892 889 888
f 893 889 892
f 894 890 889
f 893 894 889
f 895 891 890
f 894 895 890
f 896 892 891
f 895 896 891
f 896 893 892
f 897 893 896
f 898 894 893
f 897 898 893
f 899 895 894
f 898 899 894
f 900 896 895
f 899 900 895
f 900 897 896
f 901 897 900
f 902 898 897
f 901 902 897
f 903 898 902
f 898 903 899
f 903 904 899
f 905 900 899
f 904 905 899
f 905 901 900
f 901 905 904
f 902 901 904
f 904 903 902
f 906 907 908
f 909 906 910
f 911 912 906
f 906 908 910
f 912 907 906
f 911 906 909
f 912 913 907
f 907 914 915
f 907 915 908
f 913 914 907
f 908 915 916
f 917 910 908
f 917 908 916
f 918 909 919
f 920 911 909
f 920 909 918
f 909 910 919
f 917 919 910
f 921 922 911
f 921 911 920
f 922 912 911
f 922 923 912
f 923 913 912
f 923 924 913
f 913 925 914
f 924 925 913
f 914 926 916
f 914 916 915
f 925 926 914
f 926 917 916
f 926 918 917
f 918 919 917
f 927 920 918
f 927 918 926
f 928 921 920
f 928 920 927
f 929 930 921
f 929 921 928
f 930 922 921
f 930 931 922
f 931 923 922
f 931 932 923
f 932 924 923
f 932 933 924
f 924 934 925
f 933 934 924
f 925 927 926
f 934 927 925
f 934 928 927
f 935 929 928
f 935 928 934
f 936 937 929
f 936 929 935
f 937 930 929
f 937 938 930
f 938 931 930
f 938 939 931
f 939 932 931
f 939 940 932
f 940 933 932
f 940 941 933
f 933 935 934
f 941 935 933
f 941 936 935
f 942 943 936
f 942 936 941
f 937 936 943
f 943 944 937
f 944 938 937
f 944 945 938
f 945 939 938
f 945 946 939
f 946 940 939
f 946 947 940
f 947 941 940
f 947 942 941
f 948 949 942
f 948 942 947
f 949 943 942
f 949 950 943
f 950 944 943
f 950 951 944
f 951 945 944
f 951 952 945
f 952 946 945
f 952 953 946
f 953 947 946
f 953 948 947
f 954 955 948
f 955 949 948
f 954 948 953
f 955 956 949
f 956 950 949
f 956 957 950
f 957 951 950
f 957 958 951
f 958 952 951
f 958 959 952
f 959 953 952
f 959 954 953
f 960 961 954
f 960 954 959
f 961 955 954
f 961 962 955
f 962 956 955
f 962 963 956
f 963 957 956
f 963 964 957
f 964 958 957
f 964 965 958
f 965 959 958
f 965 960 959
f 966 967 960
f 966 960 965
f 967 961 960
f 967 968 961
f 968 962 961
f 968 969 962
f 969 963 962
f 969 970 963
f 970 964 963
f 970 971 964
f 971 965 964
f 971 966 965
f 972 966 973
f 973 966 971
f 972 967 966
f 972 974 967
f 974 968 967
f 974 975 968
f 975 969 968
f 975 976 969
f 976 970 969
f 976 977 970
f 977 971 970
f 977 973 971
f 978 972 973
f 978 979 972
f 979 974 972
f 980 978 973
f 980 973 977
f 979 981 974
f 981 975 974
f 981 982 975
f 982 976 975
f 982 983 976
f 983 977 976
f 983 980 977
f 984 978 980
f 984 985 978
f 985 979 978
f 985 986 979
f 986 981 979
f 987 984 980
f 987 980 983
f 986 988 981
f 988 982 981
f 988 989 982
f 989 983 982
f 989 987 983
f 990 984 987
f 990 991 984
f 991 985 984
f 991 992 985
f 992 986 985
f 992 993 986
f 993 988 986
f 994 990 987
f 994 987 989
f 993 995 988
f 995 989 988
f 995 994 989
f 996 990 994
f 996 997 990
f 997 991 990
f 997 998 991
f 998 992 991
f 998 999 992
f 999 993 992
f 999 1000 993
f 1000 995 993
f 1001 996 994
f 1001 994 995
f 1000 1001 995
f 996 1001 1000
f 996 1000 999
f 996 999 998
f 996 998 997
f 1002 1003 1004
f 1005 1002 1006
f 1007 1008 1002
f 1002 1004 1006
f 1008 1003 1002
f 1007 1002 1005
f 1008 1009 1003
f 1003 1010 1011
f 1003 1011 1004
f 1009 1010 1003
f 1004 1011 1012
f 1004 1012 1013
f 1004 1013 1014
f 1004 1014 1006
f 1015 1005 1014
f 1016 1007 1005
f 1016 1005 1015
f 1005 1006 1014
f 1017 1018 1007
f 1017 1007 1016
f 1018 1008 1007
f 1018 1019 1008
f 1019 1009 1008
f 1019 1020 1009
f 1009 1021 1010
f 1020 1021 1009
f 1010 1022 1012
f 1010 1012 1011
f 1021 1022 1010
f 1022 1013 1012
f 1022 1015 1013
f 1015 1014 1013
f 1023 1016 1015
f 1023 1015 1022
f 1024 1017 1016
f 1024 1016 1023
f 1025 1026 1017
f 1025 1017 1024
f 1026 1018 1017
f 1026 1027 1018
f 1027 1019 1018
f 1027 1028 1019
f 1028 1020 1019
f 1028 1029 1020
f 1020 1030 1021
f 1029 1030 1020
f 1021 1023 1022
f 1030 1023 1021
f 1030 1024 1023
f 1031 1025 1024
f 1031 1024 1030
f 1032 1033 1025
f 1032 1025 1031
f 1033 1026 1025
f 1033 1034 1026
f 1034 1027 1026
f 1034 1035 1027
f 1035 1028 1027
f 1035 1036 1028
f 1036 1029 1028
f 1036 1037 1029
f 1029 1031 1030
f 1037 1031 1029
f 1037 1032 1031
f 1038 1039 1032
f 1038 1032 1037
f 1039 1033 1032
f 1039 1040 1033
f 1040 1034 1033
f 1040 1041 1034
f 1041 1035 1034
f 1041 1042 1035
f 1042 1036 1035
f 1042 1043 1036
f 1043 1037 1036
f 1043 1038 1037
f 1044 1045 1038
f 1044 1038 1043
f 1045 1039 1038
f 1045 1046 1039
f 1046 1040 1039
f 1046 1047 1040
f 1047 1041 1040
f 1047 1048 1041
f 1048 1042 1041
f 1048 1049 1042
f 1049 1043 1042
f 1049 1044 1043
f 1050 1051 1044
f 1051 1045 1044
f 1050 1044 1049
f 1051 1052 1045
f 1052 1046 1045
f 1052 1053 1046
f 1053 1047 1046
f 1053 1054 1047
f 1054 1048 1047
f 1054 1055 1048
f 1055 1049 1048
f 1055 1050 1049
f 1056 1057 1050
f 1056 1050 1055
f 1057 1051 1050
f 1057 1058 1051
f 1058 1052 1051
f 1058 1059 1052
f 1059 1053 1052
f 1059 1060 1053
f 1060 1054 1053
f 1060 1061 1054
f 1061 1055 1054
f 1061 1056 1055
f 1062 1063 1056
f 1062 1056 1061
f 1063 1057 1056
f 1063 1064 1057
f 1064 1058 1057
f 1064 1065 1058
f 1065 1059 1058
f 1065 1066 1059
f 1066 1060 1059
f 1066 1067 1060
f 1067 1061 1060
f 1067 1062 1061
f 1068 1069 1062
f 1068 1062 1067
f 1069 1063 1062
f 1069 1070 1063
f 1070 1064 1063
f 1070 1071 1064
f 1071 1065 1064
f 1071 1072 1065
f 1072 1066 1065
f 1072 1073 1066
f 1073 1067 1066
f 1073 1068 1067
f 1074 1075 1068
f 1074 1068 1073
f 1075 1069 1068
f 1075 1076 1069
f 1076 1070 1069
f 1076 1077 1070
f 1077 1071 1070
f 1077 1078 1071
f 1078 1072 1071
f 1079 1072 1078
f 1079 1073 1072
f 1079 1074 1073
f 1080 1081 1074
f 1080 1074 1079
f 1081 1075 1074
f 1081 1082 1075
f 1082 1076 1075
f 1082 1083 1076
f 1083 1077 1076
f 1083 1084 1077
f 1084 1078 1077
f 1084 1085 1078
f 1085 1079 1078
f 1085 1080 1079
f 1086 1087 1080
f 1087 1081 1080
f 1086 1080 1085
f 1087 1088 1081
f 1088 1082 1081
f 1088 1089 1082
f 1089 1083 1082
f 1089 1090 1083
f 1090 1084 1083
f 1090 1091 1084
f 1091 1085 1084
f 1091 1086 1085
f 1092 1093 1086
f 1092 1086 1091
f 1093 1087 1086
f 1093 1094 1087
f 1094 1088 1087
f 1094 1095 1088
f 1095 1089 1088
f 1095 1096 1089
f 1096 1090 1089
f 1096 1097 1090
f 1097 1091 1090
f 1097 1092 1091
f 1092 1097 1094
f 1092 1094 1093
f 1094 1097 1096
f 1094 1096 1095
f 1098 1099 1100
f 1101 1098 1102
f 1103 1104 1098
f 1098 1100 1102
f 1104 1099 1098
f 1103 1098 1101
f 1104 1105 1099
f 1099 1106 1107
f 1099 1107 1100
f 1105 1106 1099
f 1100 1107 1108
f 1100 1108 1109
f 1100 1109 1110
f 1100 1110 1102
f 1111 1101 1110
f 1112 1103 1101
f 1101 1111 1112
f 1101 1102 1110
f 1113 1114 1103
f 1113 1103 1112
f 1114 1104 1103
f 1114 1115 1104
f 1115 1105 1104
f 1115 1116 1105
f 1105 1117 1106
f 1116 1117 1105
f 1106 1118 1108
f 1106 1108 1107
f 1117 1118 1106
f 1118 1109 1108
f 1118 1111 1109
f 1111 1110 1109
f 1119 1112 1111
f 1119 1111 1118
f 1120 1113 1112
f 1120 1112 1119
f 1121 1122 1113
f 1121 1113 1120
f 1122 1114 1113
f 1122 1123 1114
f 1123 1115 1114
f 1123 1124 1115
f 1124 1116 1115
f 1124 1125 1116
f 1116 1126 1117
f 1125 1126 1116
f 1117 1119 1118
f 1126 1119 1117
f 1126 1120 1119
f 1127 1121 1120
f 1127 1120 1126
f 1128 1129 1121
f 1128 1121 1127
f 1129 1122 1121
f 1129 1130 1122
f 1130 1123 1122
f 1130 1131 1123
f 1131 1124 1123
f 1131 1132 1124
f 1132 1125 1124
f 1132 1133 1125
f 1125 1127 1126
f 1133 1127 1125
f 1133 1128 1127
f 1134 1135 1128
f 1134 1128 1133
f 1135 1129 1128
f 1135 1136 1129
f 1136 1130 1129
f 1136 1137 1130
f 1137 1131 1130
f 1137 1138 1131
f 1138 1132 1131
f 1138 1139 1132
f 1139 1133 1132
f 1139 1134 1133
f 1140 1141 1134
f 1140 1134 1139
f 1141 1135 1134
f 1141 1142 1135
f 1142 1136 1135
f 1142 1143 1136
f 1143 1137 1136
f 1143 1144 1137
f 1144 1138 1137
f 1144 1145 1138
f 1145 1139 1138
f 1145 1140 1139
f 1146 1147 1140
f 1147 1141 1140
f 1146 1140 1145
f 1147 1148 1141
f 1148 1142 1141
f 1148 1149 1142
f 1149 1143 1142
f 1149 1150 1143
f 1150 1144 1143
f 1150 1151 1144
f 1151 1145 1144
f 1151 1146 1145
f 1152 1153 1146
f 1152 1146 1151
f 1153 1147 1146
f 1153 1154 1147
f 1154 1148 1147
f 1154 1155 1148
f 1155 1149 1148
f 1155 1156 1149
f 1156 1150 1149
f 1156 1157 1150
f 1157 1151 1150
f 1157 1152 1151
f 1158 1159 1152
f 1158 1152 1157
f 1159 1153 1152
f 1159 1160 1153
f 1160 1154 1153
f 1160 1161 1154
f 1161 1155 1154
f 1161 1162 1155
f 1162 1156 1155
f 1162 1163 1156
f 1163 1157 1156
f 1163 1158 1157
f 1164 1165 1158
f 1164 1158 1163
f 1165 1159 1158
f 1165 1166 1159
f 1160 1159 1166
f 1166 1167 1160
f 1167 1161 1160
f 1167 1168 1161
f 1168 1162 1161
f 1168 1169 1162
f 1169 1163 1162
f 1169 1164 1163
f 1170 1171 1164
f 1170 1164 1169
f 1171 1165 1164
f 1171 1172 1165
f 1172 1166 1165
f 1172 1173 1166
f 1173 1167 1166
f 1173 1174 1167
f 1174 1168 1167
f 1174 1175 1168
f 1175 1169 1168
f 1175 1170 1169
f 1176 1177 1170
f 1176 1170 1175
f 1177 1171 1170
f 1177 1178 1171
f 1178 1172 1171
f 1178 1179 1172
f 1179 1173 1172
f 1179 1180 1173
f 1180 1174 1173
f 1180 1181 1174
f 1181 1175 1174
f 1181 1176 1175
f 1182 1183 1176
f 1183 1177 1176
f 1182 1176 1181
f 1183 1184 1177
f 1184 1178 1177
f 1184 1185 1178
f 1185 1179 1178
f 1185 1186 1179
f 1186 1180 1179
f 1186 1187 1180
f 1187 1181 1180
f 1187 1182 1181
f 1188 1189 1182
f 1182 1187 1188
f 1189 1183 1182
f 1189 1190 1183
f 1190 1184 1183
f 1190 1191 1184
f 1191 1185 1184
f 1191 1192 1185
f 1192 1186 1185
f 1192 1193 1186
f 1193 1187 1186
f 1193 1188 1187
f 1189 1188 1191
f 1193 1192 1188
f 1188 1192 1191
f 1189 1191 1190
f 1194 1195 1196
f 1197 1198 1194
f 1197 1194 1199
f 1198 1200 1194
f 1194 1196 1199
f 1194 1200 1195
f 1200 1201 1195
f 1195 1202 1203
f 1195 1201 1202
f 1196 1195 1203
f 1199 1196 1204
f 1196 1203 1205
f 1204 1196 1205
f 1206 1197 1199
f 1207 1208 1197
f 1208 1198 1197
f 1207 1197 1206
f 1209 1210 1198
f 1208 1209 1198
f 1210 1211 1198
f 1200 1198 1211
f 1206 1199 1212
f 1212 1199 1204
f 1200 1211 1201
f 1201 1213 1202
f 1201 1214 1213
f 1211 1214 1201
f 1202 1215 1216
f 1203 1202 1216
f 1202 1213 1215
f 1203 1216 1217
f 1205 1203 1217
f 1204 1205 1218
f 1219 1204 1218
f 1212 1204 1219
f 1218 1205 1220
f 1205 1217 1220
f 1221 1206 1222
f 1221 1223 1206
f 1223 1207 1206
f 1222 1206 1224
f 1206 1212 1224
f 1225 1207 1223
f 1225 1226 1207
f 1226 1208 1207
f 1226 1227 1208
f 1227 1209 1208
f 1209 1228 1210
f 1227 1229 1209
f 1229 1228 1209
f 1228 1222 1210
f 1211 1210 1222
f 1211 1224 1214
f 1224 1211 1222
f 1224 1212 1219
f 1213 1230 1231
f 1213 1231 1215
f 1214 1230 1213
f 1214 1219 1230
f 1224 1219 1214
f 1215 1232 1233
f 1216 1215 1233
f 1215 1231 1232
f 1216 1233 1234
f 1217 1216 1234
f 1217 1234 1235
f 1220 1217 1235
f 1218 1220 1236
f 1230 1218 1236
f 1219 1218 1230
f 1220 1235 1237
f 1236 1220 1237
f 1238 1223 1221
f 1238 1221 1228
f 1228 1221 1222
f 1238 1225 1223
f 1239 1225 1238
f 1239 1240 1225
f 1240 1226 1225
f 1240 1241 1226
f 1241 1227 1226
f 1242 1229 1227
f 1241 1242 1227
f 1229 1238 1228
f 1243 1238 1229
f 1242 1243 1229
f 1230 1236 1231
f 1231 1244 1232
f 1231 1236 1244
f 1232 1245 1246
f 1233 1232 1246
f 1232 1244 1245
f 1233 1246 1247
f 1234 1233 1247
f 1234 1247 1248
f 1235 1234 1248
f 1235 1248 1249
f 1237 1235 1249
f 1236 1237 1244
f 1237 1249 1250
f 1244 1237 1250
f 1251 1239 1238
f 1251 1238 1243
f 1252 1240 1239
f 1253 1252 1239
f 1253 1239 1251
f 1252 1254 1240
f 1254 1241 1240
f 1254 1255 1241
f 1255 1242 1241
f 1255 1256 1242
f 1256 1243 1242
f 1251 1243 1256
f 1244 1250 1245
f 1245 1257 1258
f 1246 1245 1258
f 1245 1250 1257
f 1246 1258 1259
f 1247 1246 1259
f 1247 1259 1260
f 1248 1247 1260
f 1248 1260 1261
f 1249 1248 1261
f 1249 1261 1262
f 1250 1249 1262
f 1250 1262 1257
f 1263 1253 1251
f 1263 1251 1256
f 1264 1254 1252
f 1265 1264 1252
f 1265 1252 1253
f 1266 1265 1253
f 1266 1253 1263
f 1264 1267 1254
f 1267 1255 1254
f 1267 1268 1255
f 1268 1256 1255
f 1268 1269 1256
f 1269 1263 1256
f 1257 1270 1271
f 1258 1257 1271
f 1257 1262 1270
f 1258 1271 1272
f 1259 1258 1272
f 1259 1272 1273
f 1260 1259 1273
f 1260 1273 1274
f 1261 1260 1274
f 1262 1261 1274
f 1262 1274 1270
f 1269 1266 1263
f 1266 1267 1264
f 1264 1265 1266
f 1268 1266 1269
f 1266 1268 1267
f 1275 1271 1270
f 1276 1275 1270
f 1270 1277 1276
f 1274 1278 1270
f 1278 1277 1270
f 1279 1272 1271
f 1280 1279 1271
f 1271 1275 1280
f 1272 1281 1273
f 1272 1279 1281
f 1273 1282 1274
f 1281 1283 1273
f 1273 1283 1282
f 1274 1284 1285
f 1285 1278 1274
f 1282 1284 1274
f 1280 1275 1286
f 1276 1286 1275
f 1276 1277 1287
f 1286 1276 1287
f 1278 1287 1277
f 1278 1285 1288
f 1287 1278 1288
f 1281 1279 1289
f 1280 1289 1279
f 1289 1280 1286
f 1281 1290 1283
f 1290 1281 1289
f 1282 1291 1284
f 1282 1283 1291
f 1283 1290 1291
f 1284 1291 1288
f 1285 1284 1288
f 1289 1286 1290
f 1286 1287 1290
f 1287 1288 1290
f 1288 1291 1290
f 1292 1293 1294
f 1295 1296 1292
f 1294 1295 1292
f 1297 1298 1292
f 1296 1297 1292
f 1293 1292 1298
f 1293 1299 1300
f 1293 1300 1301
f 1293 1302 1299
f 1303 1302 1293
f 1303 1293 1298
f 1293 1301 1294
f 1301 1304 1294
f 1294 1305 1295
f 1294 1304 1305
f 1295 1305 1306
f 1295 1306 1307
f 1296 1295 1307
f 1308 1296 1309
f 1296 1307 1309
f 1308 1297 1296
f 1310 1298 1297
f 1304 1310 1297
f 1304 1297 1308
f 1311 1303 1298
f 1312 1298 1310
f 1313 1311 1298
f 1313 1298 1312
f 1299 1314 1315
f 1316 1314 1299
f 1316 1299 1302
f 1300 1299 1317
f 1299 1315 1317
f 1318 1319 1300
f 1300 1319 1320
f 1318 1300 1321
f 1301 1300 1320
f 1300 1317 1321
f 1301 1320 1322
f 1301 1322 1310
f 1301 1310 1304
f 1323 1316 1302
f 1323 1302 1303
f 1323 1303 1324
f 1325 1324 1303
f 1325 1303 1311
f 1304 1308 1305
f 1305 1308 1326
f 1305 1326 1306
f 1306 1326 1327
f 1306 1327 1328
f 1307 1306 1329
f 1330 1329 1306
f 1330 1306 1328
f 1309 1307 1331
f 1307 1329 1332
f 1307 1332 1331
f 1308 1309 1326
f 1327 1326 1309
f 1327 1309 1333
f 1309 1334 1333
f 1309 1331 1334
f 1310 1322 1335
f 1312 1310 1335
f 1336 1325 1311
f 1336 1311 1313
f 1337 1312 1338
f 1339 1312 1335
f 1339 1338 1312
f 1340 1313 1312
f 1340 1312 1337
f 1341 1336 1313
f 1341 1313 1340
f 1314 1342 1343
f 1314 1343 1318
f 1316 1342 1314
f 1314 1318 1344
f 1314 1344 1315
f 1315 1344 1345
f 1317 1315 1346
f 1315 1345 1346
f 1347 1342 1316
f 1323 1347 1316
f 1321 1317 1348
f 1317 1346 1348
f 1318 1343 1319
f 1318 1321 1344
f 1319 1343 1349
f 1319 1349 1350
f 1320 1319 1350
f 1320 1350 1351
f 1352 1322 1320
f 1352 1320 1351
f 1344 1321 1353
f 1321 1348 1353
f 1335 1322 1352
f 1354 1347 1323
f 1324 1354 1323
f 1324 1355 1354
f 1356 1355 1324
f 1356 1324 1325
f 1357 1356 1325
f 1357 1325 1336
f 1327 1333 1358
f 1328 1327 1359
f 1359 1327 1360
f 1358 1360 1327
f 1330 1328 1359
f 1333 1329 1330
f 1361 1329 1333
f 1361 1332 1329
f 1333 1330 1358
f 1358 1330 1362
f 1330 1359 1362
f 1334 1331 1363
f 1331 1332 1364
f 1331 1364 1363
f 1332 1361 1365
f 1332 1365 1364
f 1334 1361 1333
f 1361 1334 1366
f 1334 1363 1366
f 1335 1352 1367
f 1368 1335 1367
f 1335 1368 1369
f 1370 1339 1335
f 1335 1369 1370
f 1371 1357 1336
f 1371 1336 1341
f 1372 1337 1338
f 1373 1340 1337
f 1373 1337 1372
f 1374 1338 1339
f 1374 1375 1338
f 1375 1372 1338
f 1376 1339 1370
f 1376 1374 1339
f 1341 1340 1373
f 1373 1371 1341
f 1377 1378 1342
f 1377 1342 1379
f 1380 1343 1342
f 1378 1380 1342
f 1347 1379 1342
f 1349 1343 1381
f 1382 1381 1343
f 1380 1382 1343
f 1344 1353 1345
f 1346 1345 1383
f 1345 1353 1384
f 1345 1384 1383
f 1348 1346 1385
f 1346 1383 1385
f 1386 1379 1347
f 1354 1386 1347
f 1353 1348 1387
f 1348 1385 1387
f 1349 1381 1388
f 1388 1389 1349
f 1350 1349 1389
f 1350 1389 1390
f 1351 1350 1390
f 1351 1390 1391
f 1351 1391 1392
f 1351 1392 1352
f 1367 1352 1392
f 1353 1387 1384
f 1354 1393 1386
f 1394 1354 1355
f 1393 1354 1394
f 1395 1355 1356
f 1395 1394 1355
f 1396 1395 1356
f 1396 1356 1357
f 1396 1357 1371
f 1358 1362 1397
f 1358 1397 1360
f 1376 1398 1359
f 1376 1359 1399
f 1400 1359 1360
f 1399 1359 1400
f 1401 1359 1398
f 1401 1362 1359
f 1402 1403 1360
f 1400 1360 1403
f 1402 1360 1397
f 1361 1366 1365
f 1397 1362 1404
f 1362 1405 1406
f 1362 1406 1404
f 1401 1405 1362
f 1366 1363 1407
f 1363 1364 1408
f 1363 1408 1407
f 1364 1409 1408
f 1364 1365 1409
f 1365 1366 1410
f 1365 1410 1409
f 1366 1407 1410
f 1367 1392 1411
f 1412 1367 1411
f 1368 1367 1412
f 1413 1368 1412
f 1369 1368 1413
f 1369 1414 1370
f 1369 1413 1415
f 1369 1415 1414
f 1416 1372 1370
f 1417 1376 1370
f 1417 1370 1372
f 1370 1414 1416
f 1396 1371 1418
f 1371 1419 1418
f 1419 1371 1373
f 1375 1417 1372
f 1372 1416 1373
f 1420 1419 1373
f 1421 1373 1416
f 1421 1422 1373
f 1373 1422 1423
f 1373 1423 1424
f 1373 1424 1420
f 1399 1374 1376
f 1399 1375 1374
f 1400 1417 1375
f 1399 1400 1375
f 1403 1376 1417
f 1403 1398 1376
f 1377 1425 1426
f 1427 1425 1377
f 1377 1426 1378
f 1379 1427 1377
f 1378 1426 1428
f 1378 1428 1380
f 1379 1429 1427
f 1386 1429 1379
f 1382 1380 1430
f 1380 1428 1431
f 1380 1431 1430
f 1381 1432 1433
f 1434 1432 1381
f 1381 1433 1388
f 1434 1381 1382
f 1434 1382 1435
f 1382 1430 1435
f 1385 1383 1436
f 1383 1384 1437
f 1383 1437 1436
f 1384 1387 1438
f 1384 1438 1437
f 1387 1385 1439
f 1385 1436 1439
f 1440 1429 1386
f 1393 1440 1386
f 1387 1439 1438
f 1388 1433 1441
f 1388 1442 1389
f 1388 1441 1442
f 1389 1442 1443
f 1429 1389 1443
f 1444 1389 1429
f 1390 1389 1444
f 1445 1390 1444
f 1391 1390 1445
f 1391 1445 1446
f 1392 1391 1446
f 1447 1392 1446
f 1411 1392 1447
f 1448 1440 1393
f 1446 1445 1393
f 1449 1393 1445
f 1449 1448 1393
f 1393 1394 1446
f 1394 1395 1450
f 1451 1446 1394
f 1450 1451 1394
f 1395 1452 1450
f 1411 1395 1396
f 1452 1395 1447
f 1395 1411 1447
f 1411 1396 1453
f 1396 1418 1453
f 1402 1397 1454
f 1454 1397 1455
f 1397 1404 1455
f 1402 1398 1403
f 1402 1401 1398
f 1400 1403 1417
f 1456 1401 1402
f 1401 1457 1405
f 1456 1457 1401
f 1458 1459 1402
f 1454 1460 1402
f 1458 1402 1460
f 1456 1402 1459
f 1455 1404 1461
f 1404 1406 1462
f 1404 1462 1461
f 1405 1454 1463
f 1454 1405 1457
f 1405 1463 1406
f 1406 1463 1464
f 1406 1464 1462
f 1410 1407 1465
f 1407 1408 1466
f 1407 1466 1465
f 1408 1467 1466
f 1408 1409 1467
f 1409 1410 1468
f 1409 1468 1467
f 1410 1465 1468
f 1412 1411 1469
f 1470 1469 1411
f 1411 1453 1471
f 1470 1411 1471
f 1415 1412 1469
f 1413 1412 1415
f 1414 1415 1470
f 1424 1414 1471
f 1414 1422 1421
f 1414 1421 1416
f 1423 1422 1414
f 1424 1423 1414
f 1414 1470 1471
f 1415 1469 1472
f 1415 1472 1470
f 1419 1420 1418
f 1453 1418 1473
f 1418 1474 1473
f 1418 1420 1474
f 1471 1420 1424
f 1420 1471 1475
f 1420 1475 1474
f 1425 1476 1477
f 1478 1476 1425
f 1425 1477 1426
f 1427 1478 1425
f 1426 1477 1479
f 1426 1480 1481
f 1426 1479 1480
f 1428 1426 1481
f 1482 1478 1427
f 1483 1482 1427
f 1429 1483 1427
f 1428 1481 1434
f 1428 1434 1484
f 1428 1484 1431
f 1429 1443 1483
f 1444 1429 1440
f 1435 1430 1485
f 1430 1431 1486
f 1430 1486 1485
f 1431 1484 1487
f 1431 1487 1486
f 1432 1488 1489
f 1490 1488 1432
f 1432 1489 1433
f 1481 1490 1432
f 1481 1432 1434
f 1433 1489 1491
f 1433 1491 1441
f 1434 1435 1484
f 1484 1435 1492
f 1435 1485 1492
f 1439 1436 1493
f 1436 1437 1494
f 1436 1494 1493
f 1437 1438 1495
f 1437 1495 1494
f 1438 1439 1496
f 1438 1496 1495
f 1439 1493 1496
f 1497 1444 1440
f 1448 1497 1440
f 1441 1491 1498
f 1441 1498 1499
f 1442 1441 1500
f 1500 1441 1499
f 1443 1442 1500
f 1501 1443 1500
f 1502 1483 1443
f 1501 1502 1443
f 1497 1503 1444
f 1503 1445 1444
f 1503 1449 1445
f 1504 1447 1446
f 1451 1504 1446
f 1504 1452 1447
f 1505 1497 1448
f 1506 1505 1448
f 1506 1448 1449
f 1507 1449 1503
f 1507 1506 1449
f 1508 1451 1450
f 1509 1450 1452
f 1509 1508 1450
f 1510 1504 1451
f 1508 1510 1451
f 1511 1452 1504
f 1511 1509 1452
f 1471 1453 1512
f 1453 1473 1512
f 1457 1460 1454
f 1454 1455 1463
f 1463 1455 1513
f 1455 1461 1513
f 1456 1459 1514
f 1456 1514 1515
f 1456 1516 1457
f 1515 1516 1456
f 1516 1460 1457
f 1517 1518 1458
f 1519 1458 1516
f 1516 1458 1460
f 1519 1517 1458
f 1518 1459 1458
f 1518 1514 1459
f 1513 1461 1520
f 1461 1462 1521
f 1461 1521 1520
f 1462 1464 1522
f 1462 1522 1521
f 1463 1513 1464
f 1464 1513 1523
f 1464 1523 1522
f 1468 1465 1524
f 1465 1466 1525
f 1465 1525 1524
f 1466 1467 1526
f 1466 1526 1525
f 1467 1468 1527
f 1467 1527 1526
f 1468 1524 1527
f 1472 1469 1470
f 1471 1512 1475
f 1512 1473 1528
f 1473 1474 1528
f 1474 1475 1529
f 1474 1529 1528
f 1475 1512 1530
f 1475 1530 1531
f 1475 1531 1529
f 1476 1532 1533
f 1534 1532 1476
f 1476 1533 1477
f 1478 1534 1476
f 1477 1533 1535
f 1477 1535 1479
f 1536 1534 1478
f 1499 1536 1478
f 1499 1478 1482
f 1479 1535 1480
f 1480 1535 1537
f 1490 1480 1538
f 1481 1480 1490
f 1480 1537 1538
f 1500 1499 1482
f 1539 1540 1482
f 1540 1500 1482
f 1539 1482 1483
f 1502 1539 1483
f 1484 1492 1487
f 1492 1485 1541
f 1485 1486 1542
f 1485 1542 1541
f 1486 1487 1543
f 1486 1543 1542
f 1487 1492 1544
f 1487 1544 1543
f 1488 1545 1546
f 1547 1545 1488
f 1488 1546 1489
f 1547 1488 1490
f 1489 1546 1548
f 1489 1548 1491
f 1547 1490 1549
f 1490 1538 1549
f 1491 1548 1550
f 1498 1491 1550
f 1492 1541 1544
f 1496 1493 1551
f 1493 1494 1552
f 1493 1552 1551
f 1494 1495 1553
f 1494 1553 1552
f 1495 1496 1554
f 1495 1554 1553
f 1496 1551 1554
f 1505 1555 1497
f 1555 1503 1497
f 1556 1498 1550
f 1556 1557 1498
f 1498 1536 1499
f 1557 1536 1498
f 1540 1501 1500
f 1558 1501 1540
f 1558 1559 1501
f 1559 1502 1501
f 1560 1539 1502
f 1559 1560 1502
f 1555 1507 1503
f 1510 1511 1504
f 1561 1562 1505
f 1561 1505 1506
f 1562 1555 1505
f 1563 1506 1507
f 1563 1561 1506
f 1564 1507 1555
f 1564 1563 1507
f 1565 1510 1508
f 1566 1565 1508
f 1566 1508 1509
f 1567 1509 1511
f 1567 1566 1509
f 1568 1511 1510
f 1565 1568 1510
f 1568 1567 1511
f 1512 1569 1530
f 1528 1569 1512
f 1513 1520 1523
f 1518 1570 1514
f 1515 1514 1570
f 1515 1571 1516
f 1515 1570 1572
f 1572 1571 1515
f 1573 1519 1516
f 1573 1516 1571
f 1517 1574 1518
f 1575 1574 1517
f 1576 1575 1517
f 1576 1517 1519
f 1518 1577 1570
f 1578 1577 1518
f 1574 1579 1518
f 1579 1578 1518
f 1580 1576 1519
f 1580 1519 1573
f 1523 1520 1521
f 1523 1521 1522
f 1527 1524 1581
f 1524 1525 1582
f 1524 1582 1581
f 1525 1526 1583
f 1525 1583 1582
f 1526 1527 1584
f 1526 1584 1583
f 1527 1581 1584
f 1528 1585 1569
f 1529 1585 1528
f 1531 1585 1529
f 1530 1569 1586
f 1587 1531 1530
f 1587 1530 1586
f 1531 1588 1589
f 1588 1531 1587
f 1531 1589 1585
f 1532 1590 1591
f 1592 1590 1532
f 1532 1591 1533
f 1534 1592 1532
f 1533 1591 1593
f 1533 1593 1535
f 1594 1592 1534
f 1536 1594 1534
f 1535 1593 1595
f 1535 1595 1547
f 1535 1547 1596
f 1535 1596 1537
f 1536 1597 1594
f 1598 1597 1536
f 1557 1598 1536
f 1537 1596 1599
f 1538 1537 1600
f 1537 1599 1600
f 1549 1538 1601
f 1538 1600 1601
f 1560 1602 1539
f 1602 1540 1539
f 1602 1558 1540
f 1544 1541 1603
f 1541 1542 1604
f 1541 1604 1603
f 1542 1543 1605
f 1542 1605 1604
f 1543 1544 1606
f 1543 1606 1605
f 1544 1603 1606
f 1545 1607 1608
f 1545 1608 1546
f 1595 1607 1545
f 1595 1545 1547
f 1546 1608 1609
f 1546 1609 1548
f 1547 1549 1596
f 1550 1548 1609
f 1596 1549 1610
f 1549 1601 1610
f 1550 1609 1611
f 1550 1611 1612
f 1613 1556 1550
f 1613 1550 1597
f 1550 1612 1597
f 1554 1551 1552
f 1554 1552 1553
f 1562 1564 1555
f 1614 1556 1613
f 1614 1615 1556
f 1615 1557 1556
f 1616 1598 1557
f 1615 1616 1557
f 1617 1558 1602
f 1617 1618 1558
f 1618 1559 1558
f 1619 1560 1559
f 1618 1619 1559
f 1619 1620 1560
f 1620 1602 1560
f 1621 1622 1561
f 1621 1561 1563
f 1622 1562 1561
f 1622 1623 1562
f 1623 1564 1562
f 1624 1563 1564
f 1624 1621 1563
f 1623 1624 1564
f 1588 1568 1565
f 1589 1588 1565
f 1625 1565 1566
f 1589 1565 1625
f 1626 1566 1567
f 1627 1625 1566
f 1626 1627 1566
f 1567 1568 1588
f 1628 1567 1588
f 1628 1629 1567
f 1629 1626 1567
f 1569 1630 1586
f 1569 1585 1631
f 1569 1631 1630
f 1632 1570 1577
f 1572 1570 1633
f 1632 1633 1570
f 1572 1578 1571
f 1634 1571 1579
f 1571 1634 1573
f 1579 1571 1578
f 1635 1578 1572
f 1572 1633 1635
f 1634 1574 1573
f 1636 1573 1574
f 1636 1580 1573
f 1574 1634 1579
f 1575 1636 1574
f 1637 1638 1575
f 1637 1575 1576
f 1638 1636 1575
f 1639 1637 1576
f 1639 1576 1580
f 1577 1640 1632
f 1577 1578 1640
f 1635 1640 1578
f 1641 1580 1636
f 1641 1639 1580
f 1583 1584 1581
f 1583 1581 1582
f 1631 1585 1589
f 1642 1587 1586
f 1643 1586 1644
f 1644 1586 1630
f 1586 1643 1642
f 1588 1587 1645
f 1587 1631 1645
f 1646 1587 1642
f 1646 1647 1587
f 1647 1631 1587
f 1645 1628 1588
f 1589 1625 1648
f 1631 1589 1648
f 1590 1649 1650
f 1651 1649 1590
f 1590 1650 1652
f 1590 1652 1591
f 1653 1651 1590
f 1592 1653 1590
f 1591 1652 1654
f 1591 1654 1655
f 1591 1655 1593
f 1612 1653 1592
f 1594 1597 1592
f 1597 1612 1592
f 1593 1655 1656
f 1595 1593 1657
f 1593 1656 1657
f 1654 1595 1658
f 1595 1654 1607
f 1595 1657 1658
f 1596 1610 1599
f 1598 1613 1597
f 1659 1613 1598
f 1616 1659 1598
f 1600 1599 1660
f 1599 1610 1661
f 1599 1661 1660
f 1601 1600 1662
f 1600 1660 1662
f 1610 1601 1663
f 1601 1662 1663
f 1620 1617 1602
f 1606 1603 1664
f 1603 1604 1665
f 1603 1665 1664
f 1604 1605 1666
f 1604 1666 1665
f 1605 1606 1667
f 1605 1667 1666
f 1606 1664 1667
f 1654 1668 1607
f 1668 1608 1607
f 1608 1669 1670
f 1668 1669 1608
f 1608 1670 1671
f 1609 1608 1671
f 1609 1671 1672
f 1609 1672 1611
f 1610 1663 1661
f 1673 1611 1672
f 1673 1674 1611
f 1674 1612 1611
f 1612 1675 1653
f 1676 1675 1612
f 1674 1676 1612
f 1659 1614 1613
f 1677 1614 1659
f 1677 1678 1614
f 1678 1615 1614
f 1678 1679 1615
f 1679 1616 1615
f 1680 1659 1616
f 1679 1680 1616
f 1681 1617 1620
f 1681 1682 1617
f 1682 1618 1617
f 1683 1619 1618
f 1682 1683 1618
f 1683 1684 1619
f 1684 1620 1619
f 1684 1681 1620
f 1685 1686 1621
f 1685 1621 1624
f 1686 1622 1621
f 1686 1687 1622
f 1687 1623 1622
f 1687 1688 1623
f 1688 1624 1623
f 1688 1685 1624
f 1648 1625 1628
f 1628 1625 1689
f 1625 1627 1689
f 1690 1626 1629
f 1691 1627 1626
f 1690 1691 1626
f 1692 1689 1627
f 1691 1692 1627
f 1645 1648 1628
f 1628 1689 1629
f 1693 1629 1689
f 1693 1690 1629
f 1631 1694 1630
f 1630 1695 1696
f 1694 1695 1630
f 1644 1630 1697
f 1630 1696 1697
f 1631 1648 1645
f 1698 1694 1631
f 1647 1698 1631
f 1632 1640 1699
f 1632 1699 1700
f 1701 1633 1632
f 1701 1632 1700
f 1635 1633 1701
f 1699 1640 1635
f 1635 1701 1702
f 1699 1635 1702
f 1638 1641 1636
f 1638 1637 1639
f 1638 1639 1641
f 1703 1646 1642
f 1643 1695 1642
f 1703 1642 1694
f 1695 1694 1642
f 1643 1704 1696
f 1695 1643 1696
f 1643 1644 1704
f 1705 1644 1697
f 1704 1644 1705
f 1706 1646 1703
f 1707 1647 1646
f 1706 1707 1646
f 1708 1698 1647
f 1707 1708 1647
f 1709 1710 1649
f 1649 1711 1709
f 1649 1712 1711
f 1649 1710 1650
f 1713 1712 1649
f 1651 1713 1649
f 1650 1710 1714
f 1650 1714 1715
f 1652 1650 1715
f 1716 1713 1651
f 1675 1672 1651
f 1716 1651 1672
f 1675 1651 1653
f 1652 1715 1717
f 1654 1652 1717
f 1654 1717 1668
f 1655 1654 1718
f 1654 1658 1718
f 1655 1718 1656
f 1656 1718 1719
f 1657 1656 1720
f 1656 1719 1720
f 1658 1657 1721
f 1657 1720 1721
f 1718 1658 1722
f 1658 1721 1722
f 1680 1677 1659
f 1662 1660 1723
f 1660 1661 1724
f 1660 1724 1723
f 1661 1663 1725
f 1661 1725 1724
f 1663 1662 1726
f 1662 1723 1726
f 1663 1726 1725
f 1667 1664 1727
f 1664 1665 1728
f 1664 1728 1727
f 1665 1666 1729
f 1665 1729 1728
f 1666 1667 1730
f 1666 1730 1729
f 1667 1727 1730
f 1668 1731 1669
f 1717 1731 1668
f 1669 1732 1733
f 1669 1733 1734
f 1734 1735 1669
f 1669 1735 1670
f 1731 1732 1669
f 1670 1735 1736
f 1671 1670 1737
f 1670 1736 1737
f 1671 1716 1672
f 1671 1737 1716
f 1738 1673 1672
f 1738 1672 1675
f 1739 1673 1738
f 1739 1740 1673
f 1740 1674 1673
f 1741 1676 1674
f 1740 1741 1674
f 1676 1738 1675
f 1742 1738 1676
f 1741 1742 1676
f 1743 1677 1680
f 1743 1744 1677
f 1744 1678 1677
f 1744 1745 1678
f 1745 1679 1678
f 1746 1680 1679
f 1745 1746 1679
f 1746 1743 1680
f 1747 1681 1684
f 1747 1748 1681
f 1748 1682 1681
f 1749 1683 1682
f 1748 1749 1682
f 1749 1750 1683
f 1750 1684 1683
f 1750 1747 1684
f 1751 1752 1685
f 1752 1686 1685
f 1751 1685 1688
f 1752 1753 1686
f 1753 1687 1686
f 1753 1754 1687
f 1754 1688 1687
f 1754 1751 1688
f 1692 1693 1689
f 1755 1690 1693
f 1755 1756 1690
f 1757 1691 1690
f 1756 1757 1690
f 1757 1758 1691
f 1758 1692 1691
f 1755 1693 1692
f 1758 1755 1692
f 1698 1703 1694
f 1696 1704 1759
f 1696 1759 1760
f 1761 1696 1760
f 1697 1696 1761
f 1762 1705 1697
f 1697 1761 1762
f 1763 1703 1698
f 1708 1763 1698
f 1700 1699 1764
f 1764 1699 1702
f 1700 1764 1765
f 1765 1766 1700
f 1766 1701 1700
f 1702 1701 1767
f 1701 1766 1768
f 1701 1768 1767
f 1702 1767 1769
f 1764 1702 1769
f 1763 1706 1703
f 1704 1770 1771
f 1704 1771 1759
f 1704 1705 1770
f 1772 1705 1762
f 1705 1772 1773
f 1705 1773 1770
f 1774 1706 1763
f 1774 1775 1706
f 1775 1707 1706
f 1776 1708 1707
f 1775 1776 1707
f 1777 1763 1708
f 1776 1777 1708
f 1709 1778 1779
f 1711 1778 1709
f 1709 1780 1710
f 1709 1779 1780
f 1781 1714 1710
f 1781 1710 1782
f 1783 1710 1780
f 1783 1782 1710
f 1711 1784 1778
f 1784 1711 1785
f 1711 1712 1786
f 1711 1786 1785
f 1737 1736 1712
f 1786 1712 1736
f 1737 1712 1713
f 1716 1737 1713
f 1781 1732 1714
f 1715 1714 1732
f 1715 1732 1731
f 1717 1715 1731
f 1718 1722 1719
f 1720 1719 1787
f 1719 1722 1788
f 1719 1788 1787
f 1721 1720 1789
f 1720 1787 1789
f 1722 1721 1790
f 1721 1789 1790
f 1722 1790 1788
f 1726 1723 1791
f 1723 1724 1792
f 1723 1792 1791
f 1724 1725 1793
f 1724 1793 1792
f 1725 1726 1794
f 1725 1794 1793
f 1726 1791 1794
f 1728 1730 1727
f 1728 1729 1730
f 1781 1733 1732
f 1733 1795 1796
f 1733 1796 1734
f 1781 1795 1733
f 1734 1796 1797
f 1734 1797 1798
f 1734 1798 1735
f 1735 1798 1797
f 1735 1797 1799
f 1735 1799 1800
f 1736 1735 1801
f 1735 1800 1801
f 1786 1736 1801
f 1742 1739 1738
f 1802 1739 1742
f 1802 1803 1739
f 1803 1740 1739
f 1803 1804 1740
f 1804 1741 1740
f 1805 1742 1741
f 1804 1805 1741
f 1805 1802 1742
f 1806 1743 1746
f 1806 1807 1743
f 1807 1744 1743
f 1807 1808 1744
f 1808 1745 1744
f 1809 1746 1745
f 1808 1809 1745
f 1809 1806 1746
f 1810 1747 1750
f 1810 1811 1747
f 1811 1748 1747
f 1812 1749 1748
f 1811 1812 1748
f 1812 1813 1749
f 1813 1750 1749
f 1813 1810 1750
f 1751 1754 1753
f 1751 1753 1752
f 1814 1755 1758
f 1814 1815 1755
f 1815 1756 1755
f 1816 1757 1756
f 1815 1816 1756
f 1816 1817 1757
f 1817 1758 1757
f 1817 1814 1758
f 1759 1771 1818
f 1759 1818 1819
f 1760 1759 1819
f 1760 1820 1761
f 1760 1821 1820
f 1821 1760 1822
f 1760 1819 1822
f 1762 1761 1823
f 1824 1761 1820
f 1761 1773 1823
f 1761 1824 1773
f 1825 1772 1762
f 1762 1823 1825
f 1777 1774 1763
f 1765 1764 1826
f 1764 1827 1828
f 1764 1828 1826
f 1764 1769 1827
f 1765 1826 1829
f 1829 1830 1765
f 1830 1766 1765
f 1830 1768 1766
f 1767 1768 1831
f 1767 1831 1832
f 1769 1767 1832
f 1827 1768 1830
f 1768 1827 1833
f 1768 1833 1831
f 1769 1832 1834
f 1834 1827 1769
f 1770 1824 1820
f 1770 1821 1771
f 1770 1820 1821
f 1824 1770 1773
f 1771 1821 1835
f 1771 1835 1818
f 1836 1772 1825
f 1773 1772 1836
f 1837 1838 1773
f 1838 1823 1773
f 1773 1836 1837
f 1777 1776 1774
f 1776 1775 1774
f 1778 1839 1840
f 1784 1839 1778
f 1778 1840 1779
f 1840 1841 1779
f 1842 1779 1841
f 1842 1783 1779
f 1783 1780 1779
f 1781 1842 1841
f 1781 1841 1795
f 1842 1781 1843
f 1781 1782 1844
f 1781 1844 1843
f 1782 1783 1845
f 1782 1845 1844
f 1783 1842 1846
f 1783 1846 1845
f 1784 1847 1839
f 1784 1848 1847
f 1784 1799 1848
f 1799 1784 1800
f 1784 1785 1800
f 1849 1800 1785
f 1850 1849 1785
f 1850 1785 1786
f 1851 1786 1801
f 1851 1850 1786
f 1789 1787 1852
f 1787 1788 1853
f 1787 1853 1852
f 1788 1790 1854
f 1788 1854 1853
f 1790 1789 1855
f 1789 1852 1855
f 1790 1855 1854
f 1794 1791 1856
f 1791 1792 1857
f 1791 1857 1856
f 1792 1793 1858
f 1792 1858 1857
f 1793 1794 1859
f 1793 1859 1858
f 1794 1856 1859
f 1841 1860 1795
f 1860 1796 1795
f 1860 1861 1796
f 1797 1796 1861
f 1797 1861 1848
f 1797 1848 1799
f 1849 1862 1800
f 1862 1801 1800
f 1862 1851 1801
f 1863 1802 1805
f 1863 1864 1802
f 1864 1803 1802
f 1864 1865 1803
f 1865 1804 1803
f 1866 1805 1804
f 1865 1866 1804
f 1866 1863 1805
f 1867 1806 1809
f 1867 1868 1806
f 1868 1807 1806
f 1868 1869 1807
f 1869 1808 1807
f 1870 1809 1808
f 1869 1870 1808
f 1870 1867 1809
f 1813 1811 1810
f 1813 1812 1811
f 1871 1814 1817
f 1871 1872 1814
f 1872 1815 1814
f 1873 1816 1815
f 1872 1873 1815
f 1874 1817 1816
f 1873 1874 1816
f 1874 1871 1817
f 1818 1835 1875
f 1818 1875 1876
f 1819 1818 1876
f 1822 1819 1877
f 1819 1876 1877
f 1821 1822 1835
f 1835 1822 1878
f 1822 1877 1878
f 1825 1823 1838
f 1879 1836 1825
f 1825 1838 1879
f 1829 1826 1880
f 1826 1828 1881
f 1826 1881 1880
f 1827 1830 1828
f 1834 1833 1827
f 1828 1830 1882
f 1828 1882 1881
f 1829 1880 1883
f 1830 1829 1883
f 1830 1883 1882
f 1832 1831 1884
f 1831 1885 1884
f 1831 1833 1885
f 1832 1884 1886
f 1834 1832 1886
f 1887 1833 1834
f 1887 1885 1833
f 1834 1886 1887
f 1835 1878 1875
f 1888 1836 1879
f 1889 1837 1836
f 1889 1836 1888
f 1889 1890 1837
f 1890 1838 1837
f 1891 1879 1838
f 1891 1838 1890
f 1839 1861 1860
f 1847 1861 1839
f 1839 1860 1840
f 1840 1860 1841
f 1842 1843 1846
f 1846 1843 1892
f 1843 1844 1893
f 1843 1893 1892
f 1844 1845 1894
f 1844 1894 1893
f 1845 1846 1895
f 1845 1895 1894
f 1846 1892 1895
f 1847 1848 1861
f 1896 1897 1849
f 1897 1862 1849
f 1896 1849 1850
f 1898 1896 1850
f 1898 1850 1851
f 1899 1851 1862
f 1899 1898 1851
f 1855 1852 1900
f 1852 1853 1901
f 1852 1901 1900
f 1853 1854 1902
f 1853 1902 1901
f 1854 1855 1903
f 1854 1903 1902
f 1855 1900 1903
f 1859 1856 1857
f 1859 1857 1858
f 1897 1899 1862
f 1904 1863 1866
f 1904 1905 1863
f 1905 1864 1863
f 1905 1906 1864
f 1906 1865 1864
f 1907 1866 1865
f 1906 1907 1865
f 1907 1904 1866
f 1870 1868 1867
f 1870 1869 1868
f 1908 1909 1871
f 1908 1871 1874
f 1909 1872 1871
f 1910 1873 1872
f 1909 1910 1872
f 1911 1874 1873
f 1910 1911 1873
f 1911 1908 1874
f 1876 1875 1878
f 1877 1876 1878
f 1891 1888 1879
f 1883 1880 1912
f 1880 1881 1913
f 1880 1913 1912
f 1881 1882 1914
f 1881 1914 1913
f 1882 1883 1915
f 1882 1915 1914
f 1883 1912 1915
f 1884 1916 1917
f 1886 1884 1917
f 1884 1885 1916
f 1918 1885 1887
f 1918 1916 1885
f 1887 1886 1919
f 1886 1917 1919
f 1887 1919 1918
f 1920 1888 1891
f 1921 1922 1888
f 1920 1921 1888
f 1889 1888 1922
f 1923 1924 1889
f 1924 1890 1889
f 1889 1922 1923
f 1925 1891 1890
f 1925 1890 1924
f 1925 1920 1891
f 1895 1892 1926
f 1892 1893 1927
f 1892 1927 1926
f 1893 1894 1928
f 1893 1928 1927
f 1894 1895 1929
f 1894 1929 1928
f 1895 1926 1929
f 1930 1931 1896
f 1930 1896 1898
f 1931 1897 1896
f 1931 1932 1897
f 1932 1899 1897
f 1933 1898 1899
f 1933 1930 1898
f 1932 1933 1899
f 1903 1900 1934
f 1900 1901 1935
f 1900 1935 1934
f 1901 1902 1936
f 1901 1936 1935
f 1902 1903 1937
f 1902 1937 1936
f 1903 1934 1937
f 1938 1904 1907
f 1938 1939 1904
f 1939 1905 1904
f 1939 1940 1905
f 1940 1906 1905
f 1941 1907 1906
f 1940 1941 1906
f 1941 1938 1907
f 1909 1908 1911
f 1910 1909 1911
f 1915 1912 1942
f 1912 1913 1943
f 1912 1943 1942
f 1913 1914 1944
f 1913 1944 1943
f 1914 1945 1944
f 1914 1915 1945
f 1915 1942 1945
f 1917 1916 1946
f 1947 1916 1918
f 1947 1946 1916
f 1917 1946 1948
f 1919 1917 1948
f 1918 1919 1949
f 1918 1949 1947
f 1919 1948 1949
f 1950 1921 1920
f 1951 1950 1920
f 1951 1920 1925
f 1922 1921 1952
f 1952 1921 1953
f 1954 1953 1921
f 1950 1954 1921
f 1923 1922 1952
f 1955 1956 1923
f 1956 1924 1923
f 1923 1952 1955
f 1957 1953 1924
f 1956 1957 1924
f 1953 1925 1924
f 1958 1951 1925
f 1925 1953 1958
f 1929 1926 1959
f 1926 1927 1960
f 1926 1960 1959
f 1927 1928 1961
f 1927 1961 1960
f 1928 1929 1962
f 1928 1962 1961
f 1929 1959 1962
f 1963 1964 1930
f 1963 1930 1933
f 1964 1931 1930
f 1964 1965 1931
f 1965 1932 1931
f 1965 1966 1932
f 1966 1933 1932
f 1966 1963 1933
f 1937 1934 1935
f 1937 1935 1936
f 1941 1939 1938
f 1941 1940 1939
f 1945 1942 1967
f 1942 1943 1968
f 1942 1968 1967
f 1943 1944 1969
f 1943 1969 1968
f 1944 1945 1970
f 1944 1970 1969
f 1945 1967 1970
f 1948 1946 1947
f 1948 1947 1949
f 1971 1950 1951
f 1971 1972 1950
f 1972 1954 1950
f 1973 1971 1951
f 1973 1951 1958
f 1974 1955 1952
f 1957 1952 1953
f 1975 1974 1952
f 1975 1952 1957
f 1953 1954 1958
f 1958 1954 1976
f 1954 1972 1976
f 1977 1956 1955
f 1974 1977 1955
f 1978 1957 1956
f 1977 1978 1956
f 1978 1975 1957
f 1976 1973 1958
f 1962 1959 1979
f 1959 1960 1980
f 1959 1980 1979
f 1960 1961 1981
f 1960 1981 1980
f 1961 1962 1982
f 1961 1982 1981
f 1962 1979 1982
f 1983 1984 1963
f 1983 1963 1966
f 1984 1964 1963
f 1984 1985 1964
f 1985 1965 1964
f 1985 1986 1965
f 1986 1966 1965
f 1986 1983 1966
f 1968 1970 1967
f 1968 1969 1970
f 1987 1988 1971
f 1987 1971 1973
f 1988 1972 1971
f 1976 1972 1989
f 1972 1988 1989
f 1990 1973 1976
f 1990 1987 1973
f 1991 1974 1975
f 1992 1977 1974
f 1991 1992 1974
f 1993 1975 1978
f 1993 1991 1975
f 1989 1990 1976
f 1994 1978 1977
f 1992 1994 1977
f 1994 1993 1978
f 1982 1979 1995
f 1979 1980 1996
f 1979 1996 1995
f 1980 1981 1997
f 1980 1997 1996
f 1981 1982 1998
f 1981 1998 1997
f 1982 1995 1998
f 1999 2000 1983
f 2000 1984 1983
f 1999 1983 1986
f 2000 2001 1984
f 2001 1985 1984
f 2001 2002 1985
f 2002 1986 1985
f 2002 1999 1986
f 2003 1988 1987
f 2004 2003 1987
f 2004 1987 1990
f 1989 1988 2005
f 1988 2003 2005
f 2006 1990 1989
f 2006 1989 2005
f 2006 2004 1990
f 2007 1991 1993
f 2008 1992 1991
f 2007 2008 1991
f 2009 1994 1992
f 2008 2009 1992
f 2010 2007 1993
f 2010 1993 1994
f 2009 2010 1994
f 1996 1998 1995
f 1996 1997 1998
f 2002 2000 1999
f 2002 2001 2000
f 2005 2003 2004
f 2006 2005 2004
f 2011 2007 2010
f 2012 2008 2007
f 2011 2012 2007
f 2013 2009 2008
f 2012 2013 2008
f 2014 2010 2009
f 2013 2014 2009
f 2014 2011 2010
f 2012 2011 2014
f 2012 2014 2013
f 2015 2016 2017
f 2018 2019 2015
f 2018 2015 2020
f 2019 2016 2015
f 2020 2015 2021
f 2015 2017 2021
f 2019 2022 2016
f 2022 2023 2016
f 2016 2023 2024
f 2016 2024 2017
f 2017 2024 2021
f 2025 2026 2018
f 2025 2018 2027
f 2026 2019 2018
f 2027 2018 2020
f 2026 2028 2019
f 2028 2022 2019
f 2020 2029 2027
f 2020 2030 2029
f 2020 2021 2030
f 2024 2030 2021
f 2028 2031 2022
f 2031 2032 2022
f 2022 2032 2023
f 2032 2033 2023
f 2023 2033 2034
f 2023 2034 2024
f 2024 2034 2030
f 2035 2036 2025
f 2036 2026 2025
f 2035 2025 2037
f 2037 2025 2027
f 2036 2038 2026
f 2038 2028 2026
f 2037 2027 2039
f 2039 2027 2029
f 2038 2040 2028
f 2040 2031 2028
f 2039 2029 2033
f 2033 2029 2041
f 2029 2030 2041
f 2034 2041 2030
f 2040 2042 2031
f 2042 2043 2031
f 2031 2043 2032
f 2043 2039 2032
f 2032 2039 2033
f 2033 2041 2034
f 2044 2045 2035
f 2044 2035 2046
f 2045 2036 2035
f 2046 2035 2037
f 2047 2038 2036
f 2045 2047 2036
f 2046 2037 2043
f 2043 2037 2039
f 2047 2048 2038
f 2048 2040 2038
f 2048 2049 2040
f 2049 2042 2040
f 2049 2050 2042
f 2050 2046 2042
f 2042 2046 2043
f 2051 2052 2044
f 2051 2044 2050
f 2052 2045 2044
f 2050 2044 2046
f 2052 2053 2045
f 2053 2047 2045
f 2053 2054 2047
f 2054 2048 2047
f 2054 2055 2048
f 2055 2049 2048
f 2055 2056 2049
f 2056 2050 2049
f 2056 2051 2050
f 2057 2058 2051
f 2058 2052 2051
f 2057 2051 2056
f 2058 2059 2052
f 2059 2053 2052
f 2059 2060 2053
f 2060 2054 2053
f 2060 2061 2054
f 2061 2055 2054
f 2061 2062 2055
f 2062 2056 2055
f 2062 2057 2056
f 2063 2064 2057
f 2063 2057 2062
f 2064 2058 2057
f 2064 2065 2058
f 2065 2059 2058
f 2065 2066 2059
f 2066 2060 2059
f 2066 2067 2060
f 2067 2061 2060
f 2067 2062 2061
f 2067 2063 2062
f 2068 2069 2063
f 2069 2070 2063
f 2070 2064 2063
f 2063 2067 2071
f 2071 2068 2063
f 2070 2072 2064
f 2072 2065 2064
f 2072 2073 2065
f 2073 2066 2065
f 2073 2071 2066
f 2071 2067 2066
f 2074 2068 2071
f 2074 2075 2068
f 2069 2068 2075
f 2076 2070 2069
f 2076 2069 2075
f 2076 2077 2070
f 2077 2072 2070
f 2078 2074 2071
f 2078 2071 2073
f 2077 2079 2072
f 2079 2073 2072
f 2079 2078 2073
f 2080 2081 2074
f 2080 2074 2078
f 2081 2075 2074
f 2081 2082 2075
f 2076 2075 2082
f 2082 2083 2076
f 2083 2077 2076
f 2083 2084 2077
f 2084 2079 2077
f 2085 2080 2078
f 2085 2078 2079
f 2084 2085 2079
f 2086 2087 2080
f 2086 2080 2085
f 2087 2081 2080
f 2087 2088 2081
f 2088 2082 2081
f 2088 2089 2082
f 2089 2083 2082
f 2089 2090 2083
f 2090 2084 2083
f 2090 2091 2084
f 2091 2085 2084
f 2091 2086 2085
f 2092 2093 2086
f 2092 2086 2091
f 2093 2087 2086
f 2093 2094 2087
f 2094 2088 2087
f 2094 2095 2088
f 2095 2089 2088
f 2095 2096 2089
f 2096 2090 2089
f 2096 2097 2090
f 2097 2091 2090
f 2097 2092 2091
f 2098 2099 2092
f 2098 2092 2097
f 2099 2093 2092
f 2099 2100 2093
f 2094 2093 2100
f 2095 2094 2100
f 2100 2101 2095
f 2101 2096 2095
f 2101 2102 2096
f 2102 2097 2096
f 2102 2098 2097
f 2103 2104 2098
f 2103 2098 2102
f 2104 2099 2098
f 2104 2105 2099
f 2105 2100 2099
f 2106 2107 2100
f 2107 2101 2100
f 2105 2106 2100
f 2107 2108 2101
f 2108 2102 2101
f 2108 2103 2102
f 2107 2104 2103
f 2107 2103 2108
f 2107 2105 2104
f 2107 2106 2105
f 2109 2110 2111
f 2109 2112 2113
f 2109 2113 2110
f 2114 2115 2109
f 2109 2111 2116
f 2115 2112 2109
f 2114 2109 2116
f 2117 2118 2110
f 2117 2110 2113
f 2118 2111 2110
f 2118 2119 2111
f 2119 2116 2111
f 2115 2120 2112
f 2120 2113 2112
f 2120 2117 2113
f 2119 2114 2116
f 2121 2122 2114
f 2121 2114 2119
f 2122 2115 2114
f 2122 2123 2115
f 2120 2115 2123
f 2124 2125 2117
f 2124 2117 2120
f 2125 2118 2117
f 2125 2126 2118
f 2126 2119 2118
f 2126 2121 2119
f 2123 2124 2120
f 2127 2128 2121
f 2127 2121 2126
f 2128 2122 2121
f 2128 2129 2122
f 2129 2123 2122
f 2129 2130 2123
f 2130 2124 2123
f 2130 2131 2124
f 2131 2125 2124
f 2131 2132 2125
f 2132 2126 2125
f 2132 2127 2126
f 2133 2134 2127
f 2133 2127 2132
f 2134 2128 2127
f 2134 2135 2128
f 2135 2129 2128
f 2135 2136 2129
f 2136 2130 2129
f 2136 2137 2130
f 2137 2131 2130
f 2137 2138 2131
f 2138 2132 2131
f 2138 2133 2132
f 2139 2140 2133
f 2139 2133 2138
f 2140 2134 2133
f 2140 2141 2134
f 2141 2135 2134
f 2141 2142 2135
f 2142 2136 2135
f 2142 2143 2136
f 2143 2137 2136
f 2143 2144 2137
f 2144 2138 2137
f 2144 2139 2138
f 2145 2146 2139
f 2145 2139 2144
f 2146 2140 2139
f 2146 2147 2140
f 2147 2141 2140
f 2147 2148 2141
f 2142 2141 2148
f 2148 2149 2142
f 2149 2143 2142
f 2149 2150 2143
f 2150 2144 2143
f 2150 2145 2144
f 2151 2152 2145
f 2152 2146 2145
f 2151 2145 2150
f 2152 2153 2146
f 2153 2147 2146
f 2153 2154 2147
f 2154 2148 2147
f 2154 2155 2148
f 2155 2149 2148
f 2155 2156 2149
f 2156 2150 2149
f 2156 2151 2150
f 2157 2158 2151
f 2157 2151 2156
f 2158 2152 2151
f 2158 2159 2152
f 2159 2153 2152
f 2159 2160 2153
f 2160 2154 2153
f 2160 2161 2154
f 2161 2155 2154
f 2161 2162 2155
f 2162 2156 2155
f 2162 2157 2156
f 2163 2157 2164
f 2164 2157 2162
f 2163 2158 2157
f 2163 2165 2158
f 2165 2159 2158
f 2165 2166 2159
f 2166 2160 2159
f 2166 2167 2160
f 2167 2161 2160
f 2167 2168 2161
f 2168 2162 2161
f 2168 2164 2162
f 2163 2164 2169
f 2169 2170 2163
f 2170 2165 2163
f 2171 2169 2164
f 2171 2164 2168
f 2170 2172 2165
f 2172 2166 2165
f 2172 2173 2166
f 2173 2167 2166
f 2173 2174 2167
f 2174 2168 2167
f 2174 2171 2168
f 2175 2169 2171
f 2175 2176 2169
f 2170 2169 2176
f 2176 2177 2170
f 2177 2172 2170
f 2178 2175 2171
f 2178 2171 2174
f 2177 2179 2172
f 2179 2173 2172
f 2179 2180 2173
f 2180 2174 2173
f 2180 2178 2174
f 2181 2175 2178
f 2181 2182 2175
f 2182 2176 2175
f 2182 2183 2176
f 2177 2176 2183
f 2183 2184 2177
f 2184 2179 2177
f 2185 2181 2178
f 2185 2178 2180
f 2184 2186 2179
f 2186 2180 2179
f 2186 2185 2180
f 2187 2181 2185
f 2187 2188 2181
f 2188 2182 2181
f 2188 2189 2182
f 2189 2183 2182
f 2189 2190 2183
f 2190 2184 2183
f 2190 2191 2184
f 2191 2186 2184
f 2192 2187 2185
f 2192 2185 2186
f 2191 2192 2186
f 2193 2187 2192
f 2193 2194 2187
f 2194 2188 2187
f 2194 2195 2188
f 2195 2189 2188
f 2195 2196 2189
f 2196 2190 2189
f 2196 2197 2190
f 2191 2190 2197
f 2198 2192 2191
f 2197 2198 2191
f 2198 2193 2192
f 2199 2193 2198
f 2199 2200 2193
f 2200 2194 2193
f 2200 2201 2194
f 2201 2195 2194
f 2201 2202 2195
f 2202 2196 2195
f 2202 2203 2196
f 2203 2197 2196
f 2198 2197 2204
f 2203 2204 2197
f 2204 2199 2198
f 2204 2200 2199
f 2201 2200 2204
f 2203 2201 2204
f 2203 2202 2201
f 2205 2206 2207
f 2205 2208 2209
f 2205 2209 2206
f 2210 2211 2205
f 2210 2205 2207
f 2211 2208 2205
f 2212 2213 2206
f 2212 2206 2209
f 2213 2207 2206
f 2213 2210 2207
f 2211 2214 2208
f 2214 2209 2208
f 2214 2212 2209
f 2215 2216 2210
f 2215 2210 2213
f 2216 2211 2210
f 2216 2217 2211
f 2217 2214 2211
f 2218 2219 2212
f 2219 2213 2212
f 2218 2212 2214
f 2219 2215 2213
f 2217 2218 2214
f 2220 2221 2215
f 2220 2215 2219
f 2221 2216 2215
f 2221 2222 2216
f 2222 2217 2216
f 2222 2223 2217
f 2223 2218 2217
f 2223 2224 2218
f 2224 2219 2218
f 2224 2220 2219
f 2225 2226 2220
f 2226 2221 2220
f 2225 2220 2224
f 2226 2227 2221
f 2227 2222 2221
f 2227 2228 2222
f 2228 2223 2222
f 2228 2229 2223
f 2229 2224 2223
f 2229 2225 2224
f 2230 2231 2225
f 2230 2225 2229
f 2231 2226 2225
f 2231 2232 2226
f 2232 2227 2226
f 2232 2233 2227
f 2233 2228 2227
f 2233 2234 2228
f 2234 2229 2228
f 2234 2230 2229
f 2235 2236 2230
f 2235 2230 2234
f 2236 2231 2230
f 2236 2237 2231
f 2237 2232 2231
f 2237 2238 2232
f 2238 2233 2232
f 2238 2239 2233
f 2239 2234 2233
f 2239 2235 2234
f 2240 2241 2235
f 2240 2235 2239
f 2241 2236 2235
f 2241 2242 2236
f 2242 2237 2236
f 2242 2243 2237
f 2243 2238 2237
f 2243 2244 2238
f 2244 2239 2238
f 2244 2240 2239
f 2245 2246 2240
f 2245 2240 2244
f 2246 2241 2240
f 2246 2247 2241
f 2247 2242 2241
f 2247 2248 2242
f 2248 2243 2242
f 2248 2249 2243
f 2249 2244 2243
f 2249 2245 2244
f 2250 2251 2245
f 2250 2245 2249
f 2251 2246 2245
f 2252 2247 2246
f 2253 2252 2246
f 2251 2253 2246
f 2247 2252 2254
f 2254 2248 2247
f 2254 2255 2248
f 2255 2249 2248
f 2255 2250 2249
f 2250 2253 2251
f 2250 2255 2254
f 2250 2254 2253
f 2252 2253 2254
f 2256 2257 2258
f 2256 2259 2260
f 2261 2262 2256
f 2256 2260 2257
f 2261 2256 2258
f 2262 2259 2256
f 2257 2263 2258
f 2264 2265 2257
f 2264 2257 2260
f 2265 2263 2257
f 2266 2261 2258
f 2266 2258 2263
f 2262 2267 2259
f 2267 2260 2259
f 2267 2264 2260
f 2268 2269 2261
f 2269 2262 2261
f 2268 2261 2266
f 2269 2270 2262
f 2270 2267 2262
f 2265 2266 2263
f 2271 2272 2264
f 2271 2264 2267
f 2272 2265 2264
f 2272 2273 2265
f 2273 2266 2265
f 2273 2268 2266
f 2270 2271 2267
f 2274 2275 2268
f 2274 2268 2273
f 2275 2269 2268
f 2275 2276 2269
f 2276 2270 2269
f 2276 2277 2270
f 2277 2271 2270
f 2277 2278 2271
f 2278 2272 2271
f 2278 2279 2272
f 2279 2273 2272
f 2279 2274 2273
f 2280 2281 2274
f 2280 2274 2279
f 2281 2275 2274
f 2281 2282 2275
f 2282 2276 2275
f 2282 2283 2276
f 2283 2277 2276
f 2283 2284 2277
f 2284 2278 2277
f 2284 2285 2278
f 2285 2279 2278
f 2285 2280 2279
f 2286 2287 2280
f 2286 2280 2285
f 2287 2281 2280
f 2287 2288 2281
f 2288 2282 2281
f 2288 2289 2282
f 2289 2283 2282
f 2289 2290 2283
f 2290 2284 2283
f 2290 2291 2284
f 2291 2285 2284
f 2291 2286 2285
f 2292 2293 2286
f 2292 2286 2291
f 2293 2287 2286
f 2293 2294 2287
f 2294 2288 2287
f 2294 2295 2288
f 2295 2289 2288
f 2295 2296 2289
f 2296 2290 2289
f 2296 2297 2290
f 2297 2291 2290
f 2297 2292 2291
f 2298 2299 2292
f 2298 2292 2297
f 2299 2293 2292
f 2299 2300 2293
f 2300 2294 2293
f 2300 2301 2294
f 2301 2295 2294
f 2301 2302 2295
f 2302 2296 2295
f 2302 2303 2296
f 2303 2297 2296
f 2303 2298 2297
f 2304 2305 2298
f 2305 2299 2298
f 2304 2298 2303
f 2305 2306 2299
f 2306 2300 2299
f 2306 2307 2300
f 2307 2301 2300
f 2307 2308 2301
f 2308 2302 2301
f 2308 2309 2302
f 2309 2303 2302
f 2309 2304 2303
f 2310 2311 2304
f 2310 2304 2309
f 2311 2305 2304
f 2311 2312 2305
f 2312 2306 2305
f 2312 2313 2306
f 2313 2307 2306
f 2313 2314 2307
f 2314 2308 2307
f 2314 2315 2308
f 2315 2309 2308
f 2315 2310 2309
f 2316 2317 2310
f 2316 2310 2315
f 2317 2311 2310
f 2317 2318 2311
f 2318 2312 2311
f 2318 2319 2312
f 2319 2313 2312
f 2319 2320 2313
f 2320 2314 2313
f 2320 2321 2314
f 2321 2315 2314
f 2321 2316 2315
f 2322 2323 2316
f 2322 2316 2321
f 2323 2317 2316
f 2323 2324 2317
f 2324 2318 2317
f 2324 2325 2318
f 2325 2319 2318
f 2325 2326 2319
f 2326 2320 2319
f 2326 2327 2320
f 2327 2321 2320
f 2322 2321 2327
f 2328 2329 2322
f 2328 2322 2327
f 2329 2323 2322
f 2329 2330 2323
f 2330 2324 2323
f 2330 2331 2324
f 2331 2325 2324
f 2331 2332 2325
f 2332 2326 2325
f 2332 2333 2326
f 2333 2327 2326
f 2333 2328 2327
f 2334 2335 2328
f 2334 2328 2333
f 2335 2329 2328
f 2335 2336 2329
f 2336 2330 2329
f 2336 2337 2330
f 2337 2331 2330
f 2337 2338 2331
f 2338 2332 2331
f 2338 2339 2332
f 2339 2333 2332
f 2339 2334 2333
f 2340 2341 2334
f 2341 2335 2334
f 2340 2334 2339
f 2341 2342 2335
f 2342 2336 2335
f 2342 2343 2336
f 2343 2337 2336
f 2343 2344 2337
f 2344 2338 2337
f 2344 2345 2338
f 2345 2339 2338
f 2345 2340 2339
f 2346 2340 2347
f 2347 2340 2345
f 2346 2341 2340
f 2346 2348 2341
f 2348 2342 2341
f 2348 2349 2342
f 2349 2343 2342
f 2349 2350 2343
f 2350 2344 2343
f 2350 2351 2344
f 2351 2345 2344
f 2351 2347 2345
f 2351 2346 2347
f 2349 2348 2346
f 2349 2346 2351
f 2349 2351 2350
f 2352 2353 2354
f 2355 2352 2356
f 2352 2355 2357
f 2352 2354 2356
f 2352 2357 2353
f 2353 2357 2358
f 2353 2358 2354
f 2356 2354 2359
f 2354 2358 2360
f 2354 2360 2359
f 2357 2355 2361
f 2355 2356 2361
f 2361 2356 2362
f 2356 2359 2362
f 2357 2361 2358
f 2358 2361 2363
f 2358 2363 2360
f 2362 2359 2364
f 2359 2360 2365
f 2359 2365 2364
f 2360 2363 2366
f 2360 2366 2365
f 2361 2362 2363
f 2363 2362 2367
f 2362 2364 2367
f 2363 2367 2366
f 2367 2364 2368
f 2364 2365 2369
f 2364 2369 2368
f 2365 2366 2370
f 2365 2370 2369
f 2366 2367 2371
f 2366 2371 2370
f 2367 2368 2371
f 2371 2368 2372
f 2368 2369 2373
f 2368 2373 2372
f 2369 2370 2374
f 2369 2374 2373
f 2370 2371 2375
f 2370 2375 2374
f 2371 2372 2375
f 2375 2372 2376
f 2372 2373 2377
f 2372 2377 2376
f 2373 2374 2378
f 2373 2378 2377
f 2374 2375 2379
f 2374 2379 2378
f 2375 2376 2379
f 2379 2376 2380
f 2376 2377 2381
f 2376 2381 2380
f 2377 2378 2382
f 2377 2382 2381
f 2378 2379 2383
f 2378 2383 2382
f 2379 2380 2383
f 2383 2380 2384
f 2380 2381 2385
f 2380 2385 2384
f 2381 2382 2386
f 2381 2386 2385
f 2382 2383 2387
f 2382 2387 2386
f 2383 2384 2387
f 2387 2384 2388
f 2384 2385 2389
f 2384 2389 2388
f 2385 2386 2390
f 2385 2390 2389
f 2386 2387 2391
f 2386 2391 2390
f 2387 2388 2391
f 2391 2388 2392
f 2388 2389 2393
f 2388 2393 2392
f 2389 2390 2394
f 2389 2394 2393
f 2390 2391 2395
f 2390 2395 2394
f 2391 2392 2395
f 2395 2392 2396
f 2392 2393 2397
f 2392 2397 2396
f 2393 2394 2398
f 2393 2398 2397
f 2394 2395 2399
f 2394 2399 2398
f 2395 2396 2399
f 2399 2396 2400
f 2396 2397 2401
f 2396 2401 2400
f 2397 2398 2402
f 2397 2402 2401
f 2398 2399 2403
f 2398 2403 2402
f 2399 2400 2403
f 2403 2400 2404
f 2400 2401 2405
f 2400 2405 2404
f 2401 2402 2406
f 2401 2406 2405
f 2402 2403 2407
f 2402 2407 2406
f 2403 2404 2407
f 2407 2404 2408
f 2404 2405 2409
f 2404 2409 2408
f 2405 2406 2410
f 2405 2410 2409
f 2406 2407 2411
f 2406 2411 2410
f 2407 2408 2411
f 2411 2408 2412
f 2408 2409 2413
f 2408 2413 2412
f 2409 2410 2414
f 2409 2414 2413
f 2410 2411 2415
f 2410 2415 2414
f 2411 2412 2415
f 2414 2415 2412
f 2414 2412 2413
f 2416 2417 2418
f 2419 2416 2420
f 2416 2418 2421
f 2416 2419 2417
f 2420 2416 2421
f 2417 2422 2423
f 2419 2424 2417
f 2418 2417 2423
f 2417 2424 2422
f 2421 2418 2425
f 2418 2423 2426
f 2425 2418 2426
f 2420 2424 2419
f 2420 2425 2424
f 2420 2421 2425
f 2422 2427 2428
f 2424 2429 2422
f 2423 2422 2428
f 2422 2429 2427
f 2423 2428 2430
f 2426 2423 2430
f 2424 2425 2429
f 2425 2426 2429
f 2426 2430 2431
f 2429 2426 2431
f 2427 2432 2433
f 2429 2431 2427
f 2428 2427 2433
f 2427 2431 2432
f 2428 2433 2434
f 2430 2428 2434
f 2430 2434 2435
f 2431 2430 2435
f 2431 2435 2432
f 2432 2436 2437
f 2433 2432 2437
f 2432 2435 2436
f 2433 2437 2438
f 2434 2433 2438
f 2434 2438 2439
f 2435 2434 2439
f 2435 2439 2436
f 2436 2440 2441
f 2437 2436 2441
f 2436 2439 2440
f 2437 2441 2442
f 2438 2437 2442
f 2438 2442 2443
f 2439 2438 2443
f 2439 2443 2440
f 2440 2444 2445
f 2441 2440 2445
f 2440 2443 2444
f 2441 2445 2446
f 2442 2441 2446
f 2442 2446 2447
f 2443 2442 2447
f 2443 2447 2444
f 2444 2448 2449
f 2445 2444 2449
f 2444 2447 2448
f 2445 2449 2450
f 2446 2445 2450
f 2446 2450 2451
f 2447 2446 2451
f 2447 2451 2448
f 2448 2452 2453
f 2449 2448 2453
f 2448 2451 2452
f 2449 2453 2454
f 2450 2449 2454
f 2450 2454 2455
f 2451 2450 2455
f 2451 2455 2452
f 2452 2456 2457
f 2453 2452 2457
f 2452 2455 2456
f 2453 2457 2458
f 2454 2453 2458
f 2454 2458 2459
f 2455 2454 2459
f 2455 2459 2456
f 2456 2460 2461
f 2457 2456 2461
f 2456 2459 2460
f 2457 2461 2462
f 2458 2457 2462
f 2458 2462 2463
f 2459 2458 2463
f 2459 2463 2460
f 2460 2464 2465
f 2461 2460 2465
f 2460 2463 2464
f 2461 2465 2466
f 2462 2461 2466
f 2462 2466 2467
f 2463 2462 2467
f 2463 2467 2464
f 2464 2468 2469
f 2465 2464 2469
f 2464 2467 2468
f 2465 2469 2470
f 2466 2465 2470
f 2466 2470 2471
f 2467 2466 2471
f 2467 2471 2468
f 2468 2472 2473
f 2469 2468 2473
f 2468 2471 2472
f 2469 2473 2474
f 2470 2469 2474
f 2470 2474 2475
f 2471 2470 2475
f 2471 2475 2472
f 2472 2476 2477
f 2473 2472 2477
f 2472 2475 2476
f 2473 2477 2478
f 2474 2473 2478
f 2474 2478 2479
f 2475 2474 2479
f 2475 2479 2476
f 2478 2477 2476
f 2476 2479 2478
f 2480 2481 2482
f 2483 2480 2484
f 2485 2481 2480
f 2480 2482 2484
f 2485 2480 2483
f 2481 2486 2487
f 2485 2486 2481
f 2481 2487 2482
f 2484 2482 2488
f 2482 2487 2489
f 2482 2489 2488
f 2490 2483 2491
f 2483 2484 2491
f 2485 2483 2490
f 2491 2484 2492
f 2484 2488 2492
f 2486 2485 2493
f 2485 2490 2494
f 2485 2494 2493
f 2486 2493 2487
f 2487 2493 2495
f 2487 2495 2489
f 2492 2488 2496
f 2488 2489 2497
f 2488 2497 2496
f 2489 2495 2498
f 2489 2498 2497
f 2490 2491 2494
f 2494 2491 2499
f 2491 2492 2499
f 2499 2492 2500
f 2492 2496 2500
f 2493 2494 2501
f 2493 2501 2495
f 2494 2499 2501
f 2495 2501 2502
f 2495 2502 2498
f 2500 2496 2503
f 2496 2497 2504
f 2496 2504 2503
f 2497 2498 2505
f 2497 2505 2504
f 2498 2502 2506
f 2498 2506 2505
f 2501 2499 2507
f 2499 2500 2507
f 2507 2500 2508
f 2500 2503 2508
f 2501 2507 2502
f 2502 2507 2509
f 2502 2509 2506
f 2508 2503 2510
f 2503 2504 2511
f 2503 2511 2510
f 2504 2505 2512
f 2504 2512 2511
f 2505 2506 2513
f 2505 2513 2512
f 2506 2509 2514
f 2506 2514 2513
f 2507 2508 2509
f 2509 2508 2515
f 2508 2510 2515
f 2509 2515 2514
f 2515 2510 2516
f 2510 2511 2517
f 2510 2517 2516
f 2512 2518 2511
f 2511 2518 2517
f 2512 2513 2519
f 2512 2519 2518
f 2513 2514 2520
f 2513 2520 2519
f 2514 2515 2521
f 2514 2521 2520
f 2515 2516 2521
f 2521 2516 2522
f 2516 2517 2523
f 2516 2523 2522
f 2517 2518 2524
f 2517 2524 2523
f 2518 2519 2525
f 2518 2525 2524
f 2519 2520 2526
f 2519 2526 2525
f 2520 2521 2527
f 2520 2527 2526
f 2521 2522 2527
f 2527 2522 2528
f 2522 2523 2529
f 2522 2529 2528
f 2523 2524 2530
f 2523 2530 2529
f 2524 2525 2531
f 2524 2531 2530
f 2525 2526 2532
f 2525 2532 2531
f 2526 2527 2533
f 2526 2533 2532
f 2527 2528 2533
f 2533 2528 2534
f 2528 2529 2535
f 2528 2535 2534
f 2529 2530 2536
f 2529 2536 2535
f 2530 2531 2537
f 2530 2537 2536
f 2531 2532 2538
f 2531 2538 2537
f 2532 2533 2539
f 2532 2539 2538
f 2533 2534 2539
f 2539 2534 2540
f 2534 2535 2541
f 2534 2541 2540
f 2535 2536 2542
f 2535 2542 2541
f 2536 2537 2543
f 2536 2543 2542
f 2537 2538 2544
f 2537 2544 2543
f 2538 2539 2545
f 2538 2545 2544
f 2539 2540 2545
f 2545 2540 2546
f 2540 2541 2547
f 2540 2547 2546
f 2541 2542 2548
f 2541 2548 2547
f 2542 2543 2549
f 2542 2549 2548
f 2543 2544 2550
f 2543 2550 2549
f 2544 2545 2551
f 2544 2551 2550
f 2545 2546 2551
f 2551 2546 2552
f 2546 2547 2553
f 2546 2553 2552
f 2547 2548 2554
f 2554 2553 2547
f 2548 2549 2555
f 2548 2555 2554
f 2549 2550 2556
f 2549 2556 2555
f 2550 2551 2557
f 2550 2557 2556
f 2551 2552 2557
f 2557 2552 2558
f 2552 2553 2559
f 2552 2559 2558
f 2553 2554 2560
f 2553 2560 2559
f 2554 2555 2561
f 2554 2561 2560
f 2555 2556 2562
f 2555 2562 2561
f 2556 2557 2563
f 2556 2563 2562
f 2557 2558 2563
f 2563 2558 2564
f 2558 2559 2565
f 2558 2565 2564
f 2559 2560 2566
f 2559 2566 2565
f 2560 2561 2567
f 2560 2567 2566
f 2561 2562 2568
f 2561 2568 2567
f 2562 2563 2569
f 2562 2569 2568
f 2563 2564 2569
f 2569 2564 2570
f 2564 2565 2571
f 2564 2571 2570
f 2565 2566 2572
f 2565 2572 2571
f 2566 2567 2573
f 2566 2573 2572
f 2567 2568 2574
f 2567 2574 2573
f 2568 2569 2575
f 2568 2575 2574
f 2569 2570 2575
f 2575 2570 2571
f 2575 2571 2572
f 2572 2573 2574
f 2575 2572 2574
f 2576 2577 2578
f 2579 2576 2580
f 2576 2579 2581
f 2576 2578 2580
f 2576 2581 2582
f 2576 2582 2577
f 2577 2583 2584
f 2582 2583 2577
f 2577 2584 2578
f 2580 2578 2585
f 2578 2584 2586
f 2578 2586 2585
f 2581 2579 2587
f 2579 2580 2587
f 2587 2580 2588
f 2580 2585 2588
f 2582 2581 2589
f 2581 2587 2589
f 2583 2582 2590
f 2582 2589 2590
f 2583 2590 2584
f 2584 2590 2591
f 2584 2591 2586
f 2588 2585 2592
f 2585 2586 2593
f 2585 2593 2592
f 2586 2591 2594
f 2586 2594 2593
f 2589 2587 2595
f 2587 2588 2595
f 2595 2588 2596
f 2588 2592 2596
f 2590 2589 2597
f 2589 2595 2597
f 2590 2597 2591
f 2591 2597 2598
f 2591 2598 2594
f 2596 2592 2599
f 2592 2593 2600
f 2592 2600 2599
f 2593 2594 2601
f 2593 2601 2600
f 2594 2598 2602
f 2594 2602 2601
f 2597 2595 2603
f 2595 2596 2603
f 2603 2596 2604
f 2596 2599 2604
f 2597 2603 2598
f 2598 2603 2605
f 2598 2605 2602
f 2604 2599 2606
f 2599 2600 2607
f 2599 2607 2606
f 2600 2601 2608
f 2600 2608 2607
f 2601 2602 2609
f 2601 2609 2608
f 2602 2605 2610
f 2602 2610 2609
f 2603 2604 2605
f 2605 2604 2611
f 2604 2606 2611
f 2605 2611 2610
f 2611 2606 2612
f 2606 2607 2613
f 2606 2613 2612
f 2607 2608 2614
f 2607 2614 2613
f 2608 2609 2615
f 2608 2615 2614
f 2609 2610 2616
f 2609 2616 2615
f 2610 2611 2617
f 2610 2617 2616
f 2611 2612 2617
f 2617 2612 2618
f 2612 2613 2619
f 2612 2619 2618
f 2613 2614 2620
f 2613 2620 2619
f 2614 2615 2621
f 2614 2621 2620
f 2615 2616 2622
f 2615 2622 2621
f 2616 2617 2623
f 2616 2623 2622
f 2617 2618 2623
f 2623 2618 2624
f 2618 2619 2625
f 2618 2625 2624
f 2619 2620 2626
f 2619 2626 2625
f 2620 2621 2627
f 2620 2627 2626
f 2621 2622 2628
f 2621 2628 2627
f 2622 2623 2629
f 2622 2629 2628
f 2623 2624 2629
f 2629 2624 2630
f 2624 2625 2631
f 2624 2631 2630
f 2625 2626 2632
f 2625 2632 2631
f 2626 2627 2633
f 2626 2633 2632
f 2627 2628 2634
f 2627 2634 2633
f 2628 2629 2635
f 2628 2635 2634
f 2629 2630 2635
f 2635 2630 2636
f 2630 2631 2637
f 2630 2637 2636
f 2631 2632 2638
f 2631 2638 2637
f 2632 2633 2639
f 2632 2639 2638
f 2633 2634 2640
f 2633 2640 2639
f 2634 2635 2641
f 2634 2641 2640
f 2635 2636 2641
f 2641 2636 2642
f 2636 2637 2643
f 2636 2643 2642
f 2637 2638 2644
f 2637 2644 2643
f 2638 2639 2645
f 2638 2645 2644
f 2639 2640 2646
f 2639 2646 2645
f 2640 2641 2647
f 2640 2647 2646
f 2641 2642 2647
f 2647 2642 2648
f 2642 2643 2649
f 2642 2649 2648
f 2643 2644 2650
f 2643 2650 2649
f 2644 2645 2651
f 2644 2651 2650
f 2645 2646 2652
f 2645 2652 2651
f 2646 2647 2653
f 2653 2652 2646
f 2647 2648 2653
f 2653 2648 2654
f 2648 2649 2655
f 2648 2655 2654
f 2649 2650 2656
f 2649 2656 2655
f 2650 2651 2657
f 2650 2657 2656
f 2651 2652 2658
f 2651 2658 2657
f 2652 2653 2659
f 2652 2659 2658
f 2653 2654 2659
f 2659 2654 2660
f 2654 2655 2661
f 2654 2661 2660
f 2655 2656 2662
f 2655 2662 2661
f 2656 2657 2663
f 2656 2663 2662
f 2657 2658 2664
f 2657 2664 2663
f 2658 2659 2665
f 2658 2665 2664
f 2659 2660 2665
f 2665 2660 2666
f 2660 2661 2667
f 2660 2667 2666
f 2661 2662 2668
f 2661 2668 2667
f 2662 2663 2669
f 2662 2669 2668
f 2663 2664 2670
f 2663 2670 2669
f 2664 2665 2671
f 2664 2671 2670
f 2665 2666 2671
f 2666 2667 2668
f 2666 2668 2671
f 2670 2671 2668
f 2670 2668 2669
f 2672 2673 2674
f 2675 2672 2676
f 2672 2675 2677
f 2672 2674 2676
f 2672 2677 2678
f 2672 2678 2673
f 2673 2679 2680
f 2678 2679 2673
f 2673 2680 2674
f 2676 2674 2681
f 2674 2680 2682
f 2674 2682 2681
f 2677 2675 2683
f 2675 2676 2683
f 2683 2676 2684
f 2676 2681 2684
f 2678 2677 2685
f 2677 2683 2685
f 2679 2678 2686
f 2678 2685 2686
f 2679 2686 2680
f 2680 2686 2687
f 2680 2687 2682
f 2684 2681 2688
f 2681 2682 2689
f 2681 2689 2688
f 2682 2687 2690
f 2682 2690 2689
f 2683 2691 2685
f 2683 2684 2691
f 2691 2684 2692
f 2684 2688 2692
f 2686 2685 2693
f 2685 2691 2693
f 2686 2693 2687
f 2687 2693 2694
f 2687 2694 2690
f 2692 2688 2695
f 2688 2689 2696
f 2688 2696 2695
f 2689 2690 2697
f 2689 2697 2696
f 2690 2694 2698
f 2690 2698 2697
f 2693 2691 2699
f 2691 2692 2699
f 2699 2692 2700
f 2692 2695 2700
f 2693 2699 2694
f 2694 2699 2701
f 2694 2701 2698
f 2700 2695 2702
f 2695 2696 2703
f 2695 2703 2702
f 2696 2697 2704
f 2696 2704 2703
f 2697 2698 2705
f 2697 2705 2704
f 2698 2701 2706
f 2698 2706 2705
f 2699 2700 2701
f 2701 2700 2707
f 2700 2702 2707
f 2701 2707 2706
f 2707 2702 2708
f 2702 2703 2709
f 2702 2709 2708
f 2703 2704 2710
f 2703 2710 2709
f 2704 2705 2711
f 2704 2711 2710
f 2705 2706 2712
f 2705 2712 2711
f 2706 2707 2713
f 2706 2713 2712
f 2707 2708 2713
f 2713 2708 2714
f 2708 2709 2715
f 2708 2715 2714
f 2709 2710 2716
f 2709 2716 2715
f 2710 2711 2717
f 2710 2717 2716
f 2711 2712 2718
f 2711 2718 2717
f 2712 2713 2719
f 2712 2719 2718
f 2713 2714 2719
f 2719 2714 2720
f 2714 2715 2721
f 2714 2721 2720
f 2715 2716 2722
f 2715 2722 2721
f 2716 2717 2723
f 2716 2723 2722
f 2717 2718 2724
f 2717 2724 2723
f 2718 2719 2725
f 2718 2725 2724
f 2719 2720 2725
f 2725 2720 2726
f 2720 2721 2727
f 2720 2727 2726
f 2721 2722 2728
f 2721 2728 2727
f 2722 2723 2729
f 2722 2729 2728
f 2723 2724 2730
f 2723 2730 2729
f 2724 2725 2731
f 2724 2731 2730
f 2725 2726 2731
f 2731 2726 2732
f 2726 2727 2733
f 2726 2733 2732
f 2727 2728 2734
f 2727 2734 2733
f 2728 2729 2735
f 2728 2735 2734
f 2729 2730 2736
f 2729 2736 2735
f 2730 2731 2737
f 2730 2737 2736
f 2731 2732 2737
f 2737 2732 2738
f 2732 2733 2739
f 2732 2739 2738
f 2733 2734 2740
f 2733 2740 2739
f 2734 2735 2741
f 2734 2741 2740
f 2735 2736 2742
f 2735 2742 2741
f 2736 2737 2743
f 2736 2743 2742
f 2737 2738 2743
f 2743 2738 2744
f 2738 2739 2745
f 2738 2745 2744
f 2739 2740 2746
f 2739 2746 2745
f 2740 2741 2747
f 2740 2747 2746
f 2741 2742 2748
f 2741 2748 2747
f 2742 2743 2749
f 2742 2749 2748
f 2743 2744 2749
f 2749 2744 2750
f 2744 2745 2751
f 2744 2751 2750
f 2745 2746 2752
f 2745 2752 2751
f 2746 2747 2753
f 2746 2753 2752
f 2747 2748 2754
f 2747 2754 2753
f 2748 2749 2755
f 2748 2755 2754
f 2749 2750 2755
f 2755 2750 2756
f 2750 2751 2757
f 2750 2757 2756
f 2751 2752 2758
f 2751 2758 2757
f 2752 2753 2759
f 2752 2759 2758
f 2753 2754 2760
f 2753 2760 2759
f 2754 2755 2761
f 2761 2760 2754
f 2755 2756 2761
f 2761 2756 2762
f 2756 2757 2763
f 2756 2763 2762
f 2758 2764 2757
f 2757 2764 2763
f 2758 2759 2765
f 2758 2765 2764
f 2759 2760 2766
f 2759 2766 2765
f 2760 2761 2767
f 2760 2767 2766
f 2761 2762 2767
f 2767 2762 2765
f 2762 2763 2764
f 2762 2764 2765
f 2767 2765 2766
