v -0.029200037 0.0207674442 0.0793358036
v -0.0312781222 0.0236203889 0.0684953977
v -0.0340546293 0.0248108669 0.0700565884
v -0.0251575717 0.0217859443 0.0673708325
v -0.0241581796 0.0184657892 0.0779924416
v -0.0299385971 0.0251433599 0.0872325331
v -0.0264082426 0.0203183879 0.0898972749
v -0.0320787777 0.0254070607 0.0821677467
v -0.0320013916 0.0239385504 0.0791495245
v -0.036951526 0.0246064016 0.0707874675
v -0.0358651911 0.0230433032 0.0695807823
v -0.035417087 0.020815217 0.0680511127
v -0.0332874134 0.0224108011 0.0686482479
v -0.0317596658 0.0224595296 0.0687208575
v -0.0339313782 0.0261093089 0.0783975744
v -0.0375009026 0.0263930752 0.0774077497
v -0.0401350524 0.0249580045 0.0703202607
v -0.0403748667 0.0235439531 0.0707110424
v -0.0382595229 0.0245710507 0.0706919646
v -0.0222979444 0.0208075734 0.0670584121
v -0.0300178981 0.0211075807 0.0677348768
v -0.0293729758 0.0197374795 0.0666141271
v -0.0285035263 0.020587821 0.0671921845
v -0.0267502906 0.0212193674 0.0678581137
v -0.0249922853 0.0208352807 0.0678170252
v -0.0197641133 0.0185517781 0.067239936
v -0.0218918791 0.0171253066 0.0781596429
v -0.0217972873 0.0163590446 0.0874952942
v -0.0266404152 0.0226467946 0.0943467309
v -0.0259247912 0.0268688848 0.0954540977
v -0.0314424547 0.0306896881 0.0859627487
v -0.028598111 0.0330677789 0.090793476
v -0.0221699096 0.0226276865 0.0987025634
v -0.0220657718 0.0166284776 0.0979821628
v -0.0202972524 0.0132108691 0.0957923158
v -0.0255024884 0.0218700219 0.0972226384
v -0.0333638492 0.0296377502 0.0827801727
v -0.0364919574 0.0232592312 0.0672609785
v -0.0368177643 0.024722011 0.0668940867
v -0.0381343604 0.0246885696 0.0667908958
v -0.0359530913 0.0206241293 0.0666103115
v -0.0364203017 0.0214878465 0.066857782
v -0.0330466416 0.0230805654 0.0665673153
v -0.0312895902 0.0227050762 0.0665281346
v -0.0303714069 0.0212050359 0.0660867255
v -0.0369037532 0.0282533175 0.0809247283
v -0.042384158 0.0263367049 0.0789469581
v -0.041690509 0.0271660269 0.0829531258
v -0.0432669833 0.0251443156 0.0721900562
v -0.045287739 0.0235353539 0.0720142556
v -0.0441918509 0.0217448594 0.0707559749
v -0.0412777558 0.0239834562 0.0706642306
v -0.043384504 0.0227385175 0.0706336492
v -0.0404255048 0.0245681855 0.068011932
v -0.0242928988 0.0199476771 0.067777873
v -0.030109621 0.0197135949 0.0654733315
v -0.028654483 0.0211362437 0.0656204868
v -0.0267703578 0.0219760763 0.0653472187
v -0.0252072594 0.021135288 0.0652172903
v -0.0242403494 0.0195416153 0.065239244
v -0.0188707809 0.0139685328 0.0783230286
v -0.0160560505 0.0159501158 0.0681772255
v -0.0242403494 0.0168090565 0.0661010766
v -0.0228692961 0.0173192613 0.0672753011
v -0.0215183029 0.0176593979 0.0681638711
v -0.0192185593 0.01684823 0.0691852169
v -0.0192711087 0.0131353899 0.0867309292
v -0.0228654734 0.029648259 0.100599125
v -0.0314577454 0.0381889373 0.0856837572
v -0.0336199046 0.036470102 0.0845725749
v -0.0290271052 0.0400940836 0.0904581054
v -0.0268372369 0.0388080618 0.0982210624
v -0.0182526103 0.0196495793 0.0992920959
v -0.0201931075 0.0241535245 0.102964829
v -0.0172608636 0.0124235867 0.103567688
v -0.0190685565 0.0136025994 0.106483687
v -0.0186491154 0.0192158102 0.102414477
v -0.0189816102 0.0114347061 0.0945120529
v -0.019789911 0.0106703545 0.0890621797
v -0.0158219702 0.011248395 0.101666343
v -0.0360371689 0.0331040872 0.0845964933
v -0.0363075576 0.0216512269 0.0627274093
v -0.0369954761 0.0227194077 0.0630465211
v -0.0380837224 0.023883134 0.063923616
v -0.0400127551 0.0239414156 0.064402298
v -0.0340546293 0.0222541086 0.0613773558
v -0.0348466891 0.0224566625 0.0624961977
v -0.0320329198 0.0221881834 0.0621063557
v -0.0304449775 0.0202935459 0.0614987134
v -0.0311453179 0.0211830609 0.0615292948
v -0.0405525786 0.0293769146 0.0881975282
v -0.05108344 0.0230347039 0.0755131246
v -0.0478177438 0.0213779712 0.0782275257
v -0.0505818326 0.0204425948 0.0754204121
v -0.0463243933 0.0255293579 0.0809390224
v -0.0458438035 0.0259468842 0.0846385214
v -0.0455839254 0.026349125 0.0883609139
v -0.0477671058 0.0237541506 0.0738143459
v -0.0461065504 0.0244028938 0.0732745296
v -0.044395357 0.0222158907 0.0684428341
v -0.0450527011 0.023417835 0.0692683619
v -0.0457090879 0.0246092686 0.0701014639
v -0.0429908606 0.0239595698 0.0681772255
v -0.0430051938 0.0243197701 0.0653271443
v -0.0246005497 0.0177425216 0.0648800118
v -0.0274859819 0.021195481 0.061103148
v -0.0291646861 0.0209919732 0.0617452157
v -0.025687842 0.0209375125 0.0615665393
v -0.0245097878 0.0193658148 0.0615684471
v -0.0240205987 0.0182364836 0.0615092204
v -0.0150557046 0.0128592671 0.0676125795
v -0.0170688185 0.00855309929 0.0778768358
v -0.0187121718 0.0154943717 0.0690638593
v -0.018517265 0.0145398863 0.0680979245
v -0.0218230851 0.0183645131 0.0646937043
v -0.0243320723 0.0168176557 0.0648924266
v -0.0195816284 0.0180855234 0.0653500946
v -0.0182172594 0.0171902762 0.0654809911
v -0.0215154342 0.0299883973 0.101487695
v -0.0251585256 0.0383093232 0.0998653412
v -0.0332205307 0.0435116939 0.0865857101
v -0.0327389906 0.0457321365 0.0916581276
v -0.0352202688 0.0423374587 0.0850875617
v -0.03726873 0.0405536522 0.0854200849
v -0.0268993394 0.0421731227 0.0999494543
v -0.0291283813 0.0444241396 0.100961261
v -0.023404343 0.0304021009 0.104887131
v -0.021062557 0.0218986849 0.106957614
v -0.0193255658 0.0197508554 0.105304679
v -0.0200832322 0.0301498646 0.102982028
v -0.0142942226 0.00984389859 0.1087548
v -0.013267125 0.00920088767 0.106659488
v -0.0176965422 0.0117805758 0.108839824
v -0.0171452507 0.0136675698 0.109307999
v -0.0201720864 0.0101037785 0.0950852982
v -0.0207482146 0.00952382663 0.0898991542
v -0.0170353753 0.00979230488 0.101734225
v -0.0167124408 0.00841551577 0.0853799361
v -0.0131161612 0.00768747071 0.105930488
v -0.0383560224 0.0343585773 0.0893001112
v -0.0376575933 0.0401284806 0.0885433774
v -0.0352890592 0.0208467452 0.0612082468
v -0.036689733 0.0213024911 0.0631850488
v -0.0391815217 0.0220601539 0.0624245278
v -0.0408936691 0.0231378914 0.0635949368
v -0.0433032916 0.0234789836 0.0637134185
v -0.03147399 0.0195072183 0.0616840528
v -0.0333418741 0.0203518275 0.0606302178
v -0.030848174 0.0199935385 0.061719418
v -0.0296070562 0.0193820558 0.0604572647
v -0.0448568369 0.0263730114 0.0951168477
v -0.0420736383 0.0295938001 0.0969694447
v -0.0400433294 0.0325231788 0.100076507
v -0.0517627557 0.0206613897 0.0733519228
v -0.0507299241 0.0222369119 0.0738229452
v -0.0527908108 0.0216846665 0.0749217127
v -0.0529685227 0.0233366226 0.076149412
v -0.0496321247 0.02397199 0.0791944001
v -0.052952278 0.0231703752 0.0767322246
v -0.0538217311 0.0237302642 0.0772089988
v -0.0486250908 0.0249818909 0.0835903813
v -0.0486977039 0.0244669077 0.0882385882
v -0.0489891138 0.02363663 0.0928858838
v -0.0474518095 0.0255608879 0.0707674216
v -0.0495853093 0.0249790238 0.0708868429
v -0.0520465202 0.0231302478 0.071493574
v -0.0439711428 0.0237895015 0.0665424857
v -0.0444479063 0.0221404124 0.0676918806
v -0.0456240529 0.0241172179 0.0680300987
v -0.0469874679 0.0250115095 0.067898234
v -0.044435488 0.0218270274 0.064698488
v -0.0440676423 0.0220897726 0.0669055334
v -0.0269757788 0.0188250356 0.0602757409
v -0.0244085117 0.0173192613 0.0613506184
v -0.0239938471 0.0175638541 0.0613563418
v -0.0220925234 0.0181801133 0.0610209995
v -0.0131247605 0.0104678006 0.0683243809
v -0.0168309154 0.0120127475 0.0683090902
v -0.0181092919 0.0124149875 0.0661058318
v -0.018596566 0.0133159678 0.0661230303
v -0.0187952955 0.0138806325 0.0667622221
v -0.0160694264 0.0109741845 0.0689683564
v -0.015687251 0.00447241479 0.0843815121
v -0.0151904237 0.00334499564 0.0786975799
v -0.0122056304 0.00778301455 0.0668873953
v -0.0180997387 0.0147004005 0.06515328
v -0.0206383393 0.0177988919 0.0597951511
v -0.0186147184 0.0165023594 0.0597502471
v -0.0195481853 0.0170249862 0.0592457673
v -0.0178560981 0.0152927734 0.0601324296
v -0.0244113734 0.0373338175 0.10263709
v -0.0261512333 0.0404858157 0.105013273
v -0.038974193 0.0474519292 0.0854449145
v -0.0407102268 0.0521096999 0.0918205452
v -0.0396363102 0.0460531633 0.0842401086
v -0.0399831347 0.0519147895 0.104140933
v -0.0370098058 0.0501691991 0.107557625
v -0.0434532944 0.0540759949 0.103077531
v -0.0407904817 0.0458601642 0.0860429894
v -0.0352947933 0.0449630092 0.110481255
v -0.0367231761 0.049909321 0.111129046
v -0.0249875016 0.0358251798 0.105299895
v -0.0262381726 0.0291562083 0.104547034
v -0.025745168 0.022385959 0.105912321
v -0.0286344228 0.0343614461 0.104910082
v -0.0200545657 0.0165510879 0.110531883
v -0.0249024702 0.0165338894 0.109633802
v -0.0119696351 0.00790531092 0.111191121
v -0.0114192975 0.00762154551 0.108317206
v -0.0136454777 0.00736453175 0.115375993
v -0.0138824268 0.00861998016 0.114146301
v -0.0119304616 0.00621800388 0.108124207
v -0.0171290132 0.0111920247 0.113398223
v -0.0192080452 0.0136073768 0.113689629
v -0.0524458941 0.0108299131 0.0922906564
v -0.0510929932 0.00997383853 0.0865771109
v -0.0550466043 0.0108824616 0.0982305728
v -0.0509840717 0.00842124801 0.0840165281
v -0.057396986 0.0103827664 0.101316678
v -0.0502904228 0.00514504435 0.0819852263
v -0.0561482264 0.00914356083 0.105298016
v -0.0562485485 0.00633647846 0.107606316
v -0.0369649018 0.0410399724 0.0955104769
v -0.0454195894 0.05003926 0.0884869982
v -0.0339313782 0.0180463516 0.0626270942
v -0.0356932097 0.0194451158 0.0633847392
v -0.0374024918 0.0195167732 0.0638414391
v -0.0384802274 0.0190495628 0.0636226423
v -0.0402258179 0.0193858785 0.0639016338
v -0.0410761611 0.020118701 0.0646554917
v -0.0443705167 0.0206719003 0.0646736299
v -0.0312647464 0.0184199277 0.0636188267
v -0.0328679758 0.0179441199 0.062229621
v -0.0300226746 0.0178084468 0.062356702
v -0.0285293241 0.0173269049 0.0615847059
v -0.0441412093 0.0262239626 0.101594701
v -0.0488868803 0.0229620908 0.0975646721
v -0.0481244409 0.0217458151 0.101939639
v -0.0433520183 0.0256229904 0.10576135
v -0.0369047071 0.0438948267 0.104195433
v -0.0372563117 0.0372420981 0.105926672
v -0.0443284779 0.0308759992 0.10826749
v -0.0527869881 0.0213808364 0.0719216002
v -0.0529666113 0.0214916674 0.072457601
v -0.0536736361 0.0230041296 0.0728770279
v -0.0513261196 0.0224537955 0.0827161624
v -0.052423919 0.0223525195 0.0788113064
v -0.0558663696 0.0227442497 0.0781997917
v -0.0511598723 0.0209833739 0.0866955641
v -0.0545679294 0.0246274228 0.0738334237
v -0.0560727445 0.0249302971 0.0743178291
v -0.0579597384 0.0236996899 0.0742643543
v -0.0514522396 0.0197756974 0.0906855014
v -0.0516022424 0.0185718436 0.0946811335
v -0.0510796173 0.0170240306 0.0986758544
v -0.0487684057 0.0250430377 0.0673832758
v -0.0507576332 0.0245309233 0.0694537298
v -0.0528032292 0.0231455349 0.0701148469
v -0.0456613151 0.0231971286 0.0668491827
v -0.0476495851 0.0236041461 0.0666915203
v -0.0494458136 0.0244802852 0.066606496
v -0.045293473 0.0204550149 0.0666848289
v -0.0453269125 0.0199323899 0.065842131
v -0.0254356093 0.0169399512 0.0618665448
v -0.0250027923 0.0167402643 0.0617719531
v -0.023392875 0.0161173171 0.0594932378
v -0.0230231215 0.014965057 0.0606636467
v -0.0153136749 0.00914929396 0.0689635727
v -0.0161783478 0.0127560797 0.065955829
v -0.0175551387 0.0128611785 0.0651695104
v -0.0182315891 0.0126968424 0.0647214098
v -0.0183185355 0.0135013233 0.0641806253
v -0.0143066374 0.0109044366 0.0663045826
v -0.0106759679 0 0.083705019
v -0.014335304 0 0.0873710892
v -0.0537806462 0 0.0822547073
v -0.010629149 0.00478006659 0.0682259736
v -0.013050236 0.0010156327 0.0735343863
v -0.0107342478 0.00210387894 0.0676421928
v -0.0149534746 0.00773428696 0.0668950264
v -0.0139110862 0.00656865015 0.0682250055
v -0.0130855869 0.00438451408 0.068862261
v -0.0144948599 0.00709796395 0.0667001196
v -0.0175102347 0.0137831782 0.0607267173
v -0.021495374 0.0157169893 0.0584508494
v -0.0195424548 0.0136771238 0.0597196656
v -0.0202647632 0.0142226804 0.05919514
v -0.0183653473 0.0135108773 0.060765898
v -0.0274649607 0.040146633 0.107533706
v -0.0342466745 0.0429642286 0.111374609
v -0.0438612675 0.0525530239 0.087893707
v -0.0453775506 0.0512727325 0.087046197
v -0.0523694619 0.0578127206 0.0944547056
v -0.0495747987 0.05847293 0.0974480982
v -0.0467801356 0.0559171274 0.103636482
v -0.0399993793 0.0502360817 0.105480479
v -0.0437962962 0.0520600157 0.102668639
v -0.0385260889 0.0502924538 0.107762071
v -0.038854761 0.0497268326 0.111578087
v -0.0475960818 0.0539584742 0.102805259
v -0.0348151609 0.0494516637 0.121551962
v -0.0354849235 0.0460330995 0.120845855
v -0.0347989199 0.0445665006 0.120198064
v -0.0368024771 0.0502676099 0.121716259
v -0.0297742575 0.0386618817 0.107472544
v -0.0344368083 0.023215281 0.110137285
v -0.0326673314 0.0242165827 0.108893299
v -0.0330934569 0.0258847817 0.107405686
v -0.0395264349 0.0218910413 0.112910913
v -0.0362139269 0.0278816509 0.107576703
v -0.024551823 0.0133064129 0.111805483
v -0.0443972683 0.0210913379 0.113845384
v -0.00998804944 0.00562849712 0.112911881
v -0.00943102744 0.00590653029 0.110641794
v -0.0118578449 0.00535810754 0.117923193
v -0.00973104012 0.00475713586 0.110456426
v -0.0141719254 0.0049080952 0.122517868
v -0.0149076096 0.00589602059 0.12147548
v -0.0175599152 0.00883113245 0.12024778
v -0.00870871907 0.00231120945 0.112604245
v -0.0196465926 0.0109818281 0.117308831
v -0.0240473504 0.00993084407 0.115878508
v -0.0558568165 0.01099807 0.0903339003
v -0.0570109879 0.0114385279 0.0866363375
v -0.0531586529 0.0104458255 0.0883857435
v -0.0580161105 0.0111222777 0.0962767211
v -0.0535370091 0.00991173512 0.0846241704
v -0.0522175442 0.010706661 0.0817531035
v -0.0609894394 0.0103063315 0.101082562
v -0.0504031633 0.00799703297 0.0800925374
v -0.0594626457 0.00909005667 0.104155284
v -0.0477288897 0.00939388669 0.0845993408
v -0.0482935535 0.00592277267 0.0831451566
v -0.0505053969 0.0020026022 0.0825307945
v -0.0592027676 0.00652565524 0.10617793
v -0.0565858163 0.00306027435 0.104312918
v -0.0545125113 0.00190419201 0.101291848
v -0.00862368048 0 0.113019856
v -0.0146773519 0 0.107470664
v -0.0451348674 0.0516730638 0.102008433
v -0.0528519594 0.0553667933 0.0949371747
v -0.0532293582 0.0567435842 0.0938269605
v -0.0352451091 0.0172256288 0.0618579456
v -0.0361269805 0.0176164034 0.0620480972
v -0.0342743836 0.0158020226 0.0621665504
v -0.0329654292 0.0164631877 0.0626414168
v -0.038110474 0.0178915705 0.0647825442
v -0.0388471192 0.0178676841 0.0636427167
v -0.0404360154 0.017959407 0.0628783517
v -0.0419847841 0.0179584513 0.0625688073
v -0.0434810035 0.0180348854 0.0630016171
v -0.045287739 0.0180281974 0.0649230081
v -0.0314768516 0.0163781526 0.062208607
v -0.0303589921 0.0149383053 0.0615159119
v -0.0286248626 0.0144328771 0.0609502978
v -0.0262830837 0.0160418387 0.0615254508
v -0.0273847058 0.0152239812 0.0607410399
v -0.0473639093 0.020501832 0.106696732
v -0.0504050747 0.0160236846 0.102714483
v -0.0504471135 0.0172848661 0.106826689
v -0.047310406 0.0236738922 0.109010841
v -0.0385604859 0.0456260839 0.112340515
v -0.0391595467 0.0405526947 0.112010897
v -0.0400939675 0.0491526121 0.106230493
v -0.0448759432 0.0328088546 0.111204503
v -0.0472483035 0.0286717994 0.107133414
v -0.0538140857 0.0219216156 0.0702104067
v -0.054060588 0.0225703606 0.0703833598
v -0.0547876801 0.0241315494 0.0705667915
v -0.0541255593 0.0212069473 0.0800399738
v -0.0560803898 0.0219082398 0.0767313134
v -0.0580543302 0.0206785882 0.0746130509
v -0.0571571716 0.0210225475 0.0783545781
v -0.0563460019 0.0171902762 0.0743646409
v -0.0595581913 0.0214974015 0.0744506334
v -0.052651315 0.0200929033 0.0834661763
v -0.0558377067 0.0248108669 0.0715814458
v -0.0575259711 0.0248280654 0.0722636338
v -0.0877226524 0.0308244073 0.0727929717
v -0.0885481527 0.0302759845 0.0730175202
v -0.0890860653 0.0314979925 0.0726219548
v -0.0884898708 0.0324782712 0.0725206432
v -0.0875955791 0.0320387699 0.072567455
v -0.0593393945 0.02340828 0.073139789
v -0.0520369671 0.0185680209 0.0870242718
v -0.0522691397 0.0169953676 0.0906711503
v -0.0524191425 0.0156157115 0.0943362524
v -0.0510117808 0.0239949207 0.0686329857
v -0.0524841138 0.0232363022 0.0686368013
v -0.0535245872 0.022277995 0.068545057
v -0.0464447756 0.0213626841 0.0665319787
v -0.047503405 0.0208582114 0.0665434253
v -0.0482859081 0.0206145744 0.0675609841
v -0.0487282782 0.0204062882 0.0673259284
v -0.0499818144 0.0208477009 0.0683014306
v -0.0458925338 0.0193056218 0.0664985213
v -0.0475129582 0.0192645369 0.0652182299
v -0.0448711666 0.016158402 0.0661679343
v -0.0460071857 0.0180425289 0.0669619126
v -0.0253553473 0.0163523567 0.0624665559
v -0.0251738163 0.0141185373 0.0631688184
v -0.0221230978 0.0141300027 0.0603722404
v -0.0246253935 0.0128497131 0.0637927195
v -0.0140926244 0.00950471769 0.0652373362
v -0.0143276586 0.0132930371 0.0592735013
v -0.0158506296 0.0140325475 0.0598572536
v -0.0133655323 0.0109034819 0.0586285577
v -0.0175207417 0.0136111986 0.0604486655
v -0.0130110625 0.00917700126 0.0591731578
v -0.0123107291 0 0.0739605332
v -0.013050236 -0.0010156327 0.0735343863
v -0.0151904237 -0.00334499564 0.0786975799
v -0.015687251 -0.00447241479 0.0843815121
v -0.0530315791 0.000785371676 0.0873414759
v -0.0233556163 0 0.0908765641
v -0.0530315791 -0.000785371676 0.0873414759
v -0.0502904228 -0.00514504435 0.0819852263
v -0.0482113872 0.00251089638 0.0816451288
v -0.0521659523 0 0.0814091336
v -0.0547876801 0 0.0988592861
v -0.0540882971 0.000786327123 0.0965843578
v -0.0530908163 0.000785371676 0.0925533606
v -0.052793676 0.000785371676 0.0905067965
v -0.0482113872 -0.00251089638 0.0816451288
v -0.0505053969 -0.0020026022 0.0825307945
v -0.0130263532 0.00243350581 0.0681705341
v -0.0107380705 0 0.0659309994
v -0.013277632 0.00110257784 0.0666819814
v -0.0155296029 0.00763778745 0.0649898943
v -0.0149792723 0.00791391016 0.0637659536
v -0.0116954202 0.00374723584 0.066606496
v -0.0120575354 0.00586640194 0.0663800396
v -0.0127081881 0.00737026443 0.0646000522
v -0.0210186069 0.0139331819 0.0604400662
v -0.0189682343 0.0133752051 0.061296147
v -0.0201252675 0.0134955901 0.0604783073
v -0.0173458951 0.0127054417 0.0592457673
v -0.018073941 0.0117528676 0.0603397512
v -0.0361269805 0.0411164046 0.110941799
v -0.0364088337 0.0421950978 0.120098689
v -0.056317339 0.0590356824 0.0978723088
v -0.0569393287 0.057535644 0.0971203586
v -0.0511455425 0.0571983726 0.104433307
v -0.0599642531 0.0600838012 0.102194712
v -0.0597282614 0.0599557735 0.0994564498
v -0.0527134176 0.056051843 0.102890283
v -0.0500085696 0.0539030596 0.102584526
v -0.0376843485 0.0467334364 0.121762159
v -0.0320319659 0.0478274167 0.131112048
v -0.029654829 0.0467334364 0.130109808
v -0.0342438092 0.0478312393 0.130641025
v -0.0294503619 0.0443773243 0.12809001
v -0.0313545544 0.0433645564 0.128087163
v -0.0355059447 0.0464601825 0.130242612
v -0.0435345067 0.0270341748 0.110360866
v -0.0483661666 0.0201225219 0.116880805
v -0.0488543982 0.0238764461 0.115217391
v -0.00861508123 0.00267618743 0.115345412
v -0.00823959733 0.002794662 0.113822433
v -0.0107285173 0.0021296758 0.119381193
v -0.0122992611 0.00253287144 0.121309246
v -0.0146458237 0.0046673247 0.129718058
v -0.0161821705 0.00251567362 0.130286577
v -0.0181398662 0.00811932933 0.123569824
v -0.0182239438 0.00697948938 0.130161404
v -0.021688373 0.0106483794 0.1274814
v -0.00792525495 0 0.11404311
v -0.0244390789 0.0120930042 0.12666356
v -0.0500228993 0.0181581383 0.121647465
v -0.0596451377 0.0117882194 0.0896134997
v -0.0611547328 0.0123423744 0.0859723161
v -0.0613496396 0.0114452158 0.0956241464
v -0.0617757687 0.0122410974 0.0808014344
v -0.0584623033 0.0122554289 0.0821897289
v -0.0559724258 0.0109321448 0.0830658272
v -0.0644452676 0.0112818354 0.100556128
v -0.0541083608 0.01170414 0.0795909336
v -0.0506668677 0.0112856572 0.079731369
v -0.0627044555 0.00976937414 0.102942847
v -0.0492098219 0.0118426792 0.0861825136
v -0.0623327889 0.00694604894 0.105374441
v -0.0466549731 0.0125468388 0.0833687371
v -0.0460062282 0.0093833761 0.0842668175
v -0.0434198548 0.00760816881 0.0827104105
v -0.0592352532 0.0025032528 0.102668639
v -0.0573482593 0 0.097694572
v -0.0602881486 0 0.0971127275
v -0.00823959733 -0.002794662 0.113822433
v -0.00870871907 -0.00231120945 0.112604245
v -0.0562485485 -0.00633647846 0.107606316
v -0.0215813594 0 0.0995615201
v -0.0545125113 -0.00190419201 0.101291848
v -0.0565753093 0.0555884553 0.0976238987
v -0.03400208 0.0149727006 0.0651226986
v -0.0353014812 0.0147214199 0.0649688802
v -0.0368263635 0.0150625122 0.0652230136
v -0.0377646034 0.0163896189 0.0653883071
v -0.038212704 0.0174243601 0.0659118931
v -0.032115086 0.0164221028 0.0652249214
v -0.0314329015 0.0145675945 0.0642417882
v -0.0389073104 0.0170784913 0.0651857407
v -0.0401589388 0.0161068083 0.065115039
v -0.0433099795 0.01492684 0.0657112345
v -0.0298420976 0.0130627759 0.0639599207
v -0.027870065 0.013090484 0.0642264974
v -0.0256591826 0.0154265351 0.0635166039
v -0.0261569638 0.0140421024 0.0644873223
v -0.0512812156 0.020498965 0.109570703
v -0.0525748793 0.0139207609 0.0982344453
v -0.0531729861 0.012501933 0.102020848
v -0.0522433419 0.0235277103 0.107957917
v -0.0428313011 0.0378908395 0.121865293
v -0.0487015266 0.0357697651 0.117435883
v -0.0480556504 0.0318562815 0.105599901
v -0.0510222914 0.0338177999 0.108983107
v -0.0522958913 0.0266386236 0.104640657
v -0.0533468753 0.0210674533 0.0699648441
v -0.0547829035 0.0231159163 0.0698588057
v -0.0558921674 0.0243369686 0.070501813
v -0.0553599892 0.0201999134 0.0845037809
v -0.0562858108 0.0212098125 0.0813451233
v -0.0576826618 0.0220104715 0.0783622092
v -0.0589104038 0.0206604359 0.0764035739
v -0.0574504892 0.0180004901 0.0779141372
v -0.0560622374 0.0170823122 0.0776265464
v -0.0603903786 0.0208668107 0.0717152182
v -0.0536956112 0.0163160501 0.077072379
v -0.0569011126 0.0156749488 0.078553329
v -0.0593585044 0.0220429572 0.0718575899
v -0.0549825904 0.0187371336 0.0876405133
v -0.0574524006 0.0241554341 0.0699132486
v -0.058646703 0.0240656242 0.0712537632
v -0.0873290113 0.0313432096 0.0726219548
v -0.0878592803 0.033304728 0.0843499626
v -0.0890124965 0.0317081865 0.0851095438
v -0.0916953721 0.0335808507 0.0856006122
v -0.0929651518 0.0348659187 0.0870061052
v -0.0906998035 0.0356474679 0.0859445821
v -0.0892150498 0.0353923664 0.0852241815
v -0.0548688924 0.0175380563 0.0908851634
v -0.0550150725 0.0164440778 0.0942683696
v -0.0556026688 0.0161144518 0.0976143314
v -0.0519538434 0.0206011986 0.0679871024
v -0.0531061035 0.0208075734 0.0701196306
v -0.0481769902 0.0192721805 0.0650472131
v -0.0492442153 0.018985549 0.0651083475
v -0.0507203709 0.0190142119 0.0657781207
v -0.05195862 0.0198053161 0.0673202051
v -0.0525299752 0.0198024508 0.0683673771
v -0.0468269546 0.0170975993 0.0668472749
v -0.0480967318 0.0163523567 0.0668291083
v -0.0426555006 0.0149191964 0.0714973896
v -0.0447211638 0.0163122274 0.0710683953
v -0.0455762836 0.0160399274 0.0711085441
v -0.0250362354 0.0120719848 0.0663590256
v -0.0234549775 0.0114968095 0.063844315
v -0.0223648235 0.01143184 0.0666351412
v -0.0137075802 0.00773046517 0.0604037615
v -0.0133254048 0.00807920099 0.059946122
v -0.0150881938 0.0101792577 0.0584193283
v -0.0160436286 0.0121703947 0.0587336565
v -0.0148158937 0.00753842182 0.0599996253
v -0.0152229058 0.00918082305 0.0587021354
v -0.010629149 -0.00478006659 0.0682259736
v -0.0107342478 -0.00210387894 0.0676421928
v -0.0170688185 -0.00855309929 0.0778768358
v -0.0122056304 -0.00778301455 0.0668873953
v -0.0167124408 -0.00841551577 0.0853799361
v -0.0509840717 -0.00842124801 0.0840165281
v -0.0540882971 -0.000786327123 0.0965843578
v -0.0530908163 -0.000785371676 0.0925533606
v -0.052793676 -0.000785371676 0.0905067965
v -0.0482935535 -0.00592277267 0.0831451566
v -0.0477288897 -0.00939388669 0.0845993408
v -0.0504031633 -0.00799703297 0.0800925374
v -0.0522175442 -0.010706661 0.0817531035
v -0.0465240802 0.00249560944 0.0809543416
v -0.0505703682 0 0.0805186273
v -0.0424806575 0.0067606935 0.0818037309
v -0.0465240802 -0.00249560944 0.0809543416
v -0.0565858163 -0.00306027435 0.104312918
v -0.0434198548 -0.00760816881 0.0827104105
v -0.0424806575 -0.0067606935 0.0818037309
v -0.0119103943 0.00130704201 0.0648666289
v -0.0135633079 0 0.0653481868
v -0.013277632 -0.00110257784 0.0666819814
v -0.0130263532 -0.00243350581 0.0681705341
v -0.012823801 0 0.0635452491
v -0.0124464022 0.00729096297 0.0594177523
v -0.0116686686 0 0.0584604168
v -0.0114508328 0.00340327749 0.0581948082
v -0.0117661291 0.00503803514 0.0581049717
v -0.0122600875 0.00656387314 0.058503413
v -0.0221880691 0.0118436349 0.0635328342
v -0.0200985158 0.012121668 0.0626108354
v -0.0200163531 0.0119334456 0.0635395257
v -0.0169054399 0.00999199181 0.0600607597
v -0.0201491574 0.0111146342 0.0641032321
v -0.0503066638 0.0214305206 0.121419157
v -0.0599031044 0.0574295878 0.098183761
v -0.0598066049 0.0563977136 0.0986729501
v -0.0663083751 0.0567015454 0.0992510359
v -0.0666389568 0.0605815824 0.100644968
v -0.0660762025 0.0594073508 0.0986060923
v -0.0642895308 0.0569470902 0.0973678575
v -0.0383512458 0.0426804605 0.129974156
v -0.0414602478 0.0406941018 0.127703044
v -0.0277095552 0.0453117451 0.137371161
v -0.0257442141 0.0436702959 0.133363058
v -0.0300465575 0.0449716049 0.142787549
v -0.0350291811 0.0458945612 0.139021192
v -0.02565536 0.0406530169 0.144817883
v -0.0261053683 0.0425734504 0.130718419
v -0.0401532048 0.044561724 0.135261555
v -0.0300952842 0.0423068844 0.132347435
v -0.0504270497 0.0248739251 0.127460386
v -0.00830074596 0 0.115574687
v -0.010561316 0 0.119698397
v -0.0119113553 0 0.12152998
v -0.0142082301 0 0.12696926
v -0.0145044201 0.00503994603 0.134668207
v -0.0145464554 0.00262077193 0.1351144
v -0.0158678281 0 0.130375417
v -0.0142110989 0 0.135430636
v -0.0217132097 0.0124102109 0.131299352
v -0.017472015 0.00938242132 0.133300015
v -0.0254814672 0.0130312468 0.130898035
v -0.00861508123 -0.00267618743 0.115345412
v -0.0499178005 0.016813833 0.124811874
v -0.0499846832 0.0165147814 0.127691597
v -0.0633637092 0.0119133819 0.0884354027
v -0.0637869695 0.0131019494 0.0837299055
v -0.0646697948 0.0122305877 0.0947613742
v -0.0630121064 0.0135538727 0.0807489277
v -0.0679565086 0.0121780383 0.0998386322
v -0.0614241641 0.0133627841 0.0771717544
v -0.0590565839 0.0127761443 0.0771832011
v -0.056412881 0.0113200533 0.0771765381
v -0.0659816144 0.0104811773 0.101801083
v -0.0526274286 0.0133847591 0.0781415332
v -0.0508971289 0.013027425 0.0830591642
v -0.0654437022 0.00700242011 0.104317702
v -0.0484177621 0.0135968671 0.0798403118
v -0.0621713199 0.00162711441 0.101494358
v -0.0453507989 0.0127388821 0.0811473406
v -0.0447861316 0.00992415527 0.0836267145
v -0.043292781 0.0107047497 0.0823368273
v -0.0631907739 0 0.0989003461
v -0.0592352532 -0.0025032528 0.102668639
v -0.0621713199 -0.00162711441 0.101494358
v -0.00943102744 -0.00590653029 0.110641794
v -0.00973104012 -0.00475713586 0.110456426
v -0.00998804944 -0.00562849712 0.112911881
v -0.0119304616 -0.00621800388 0.108124207
v -0.0561482264 -0.00914356083 0.105298016
v -0.0594626457 -0.00909005667 0.104155284
v -0.0592027676 -0.00652565524 0.10617793
v -0.0131161612 -0.00768747071 0.105930488
v -0.0324256057 0.015411248 0.0689387431
v -0.0326052289 0.0153032822 0.0694259958
v -0.0346460483 0.0147128207 0.0707550068
v -0.0380235276 0.0168663824 0.0708992578
v -0.0390792882 0.0167526862 0.0712375328
v -0.0313698451 0.0155258999 0.068600468
v -0.0296080101 0.0131994037 0.0700680351
v -0.0274792904 0.0129920732 0.0692922234
v -0.0264646147 0.0132022707 0.0684801355
v -0.0248088394 0.0132720177 0.0673307121
v -0.0532408227 0.0142159925 0.10390209
v -0.0566020609 0.0178648171 0.100492118
v -0.0572307386 0.0209747747 0.102171762
v -0.0530334904 0.0183673783 0.103843832
v -0.0447221177 0.0399698786 0.127183273
v -0.0536765013 0.0414574987 0.119285633
v -0.0511331206 0.0432976773 0.125502661
v -0.0531147028 0.0366554557 0.11161442
v -0.0552157169 0.040010006 0.113810019
v -0.0524850677 0.0297982636 0.102283552
v -0.0555482081 0.0319556462 0.101138941
v -0.0535341403 0.0229324722 0.101975916
v -0.055794714 0.0218929526 0.0699457663
v -0.0563507785 0.0210483435 0.0705524404
v -0.0591836577 0.0204234867 0.0851095438
v -0.0605556721 0.0203107444 0.0818811241
v -0.0604257294 0.0191584843 0.0796453765
v -0.0570415622 0.0183979527 0.0812046309
v -0.05633358 0.0153711187 0.0809113453
v -0.0585922423 0.0139522908 0.0788886996
v -0.0533086592 0.0153644308 0.0758283924
v -0.0590002154 0.016794725 0.0726066356
v -0.0926278816 0 0.0906587355
v -0.118639737 0 0.0844779832
v -0.117210399 0.00496255547 0.0848793004
v -0.114812244 0.00713140438 0.0853923509
v -0.11194879 0.00729382909 0.086921992
v -0.0511388546 0.0148685575 0.0772080307
v -0.0512773929 0.0145054902 0.0791848327
v -0.0589113577 0.0173106621 0.0712403802
v -0.0581441418 0.0195817427 0.0716569597
v -0.0571332852 0.0208047064 0.0715709672
v -0.0557536291 0.0133990906 0.0770341664
v -0.058799571 0.0198922607 0.0886131395
v -0.0893325689 0.0398084077 0.0950097842
v -0.0896574185 0.0364003541 0.0891338781
v -0.0884936926 0.0313441671 0.0873261567
v -0.0919886922 0.0319059656 0.0879595966
v -0.0933865009 0.0346022143 0.0894386673
v -0.0949820859 0.0366172396 0.0908727486
v -0.0927444452 0.0375640787 0.0894883266
v -0.0588951167 0.0194212294 0.0921874654
v -0.0592629588 0.0194307843 0.0957502877
v -0.0598667997 0.0202534184 0.0991736427
v -0.0535131227 0.0197174158 0.0696839733
v -0.0551698554 0.0205687129 0.0685966524
v -0.0510375786 0.0168176557 0.0684982452
v -0.05279941 0.0193992543 0.070260066
v -0.0474088168 0.0152832185 0.0721346451
v -0.0483193512 0.0159396052 0.0721375495
v -0.0500926472 0.0171663915 0.0726181393
v -0.0402573461 0.014724286 0.0701339816
v -0.0425418061 0.0141882843 0.0703623458
v -0.0379719357 0.0153252573 0.0703862072
v -0.0448673439 0.0140354136 0.0708419674
v -0.021880411 0.0117987291 0.0657322486
v -0.0215221256 0.0115340717 0.0663093379
v -0.0192405344 0.0110238669 0.065501037
v -0.0141919855 0.00644157677 0.0587021354
v -0.0152477497 0.0077295095 0.0600932489
v -0.0149152549 0.00565811577 0.0600827418
v -0.0130855869 -0.00438451408 0.068862261
v -0.0139110862 -0.00656865015 0.0682250055
v -0.0188707809 -0.0139685328 0.0783230286
v -0.0150557046 -0.0128592671 0.0676125795
v -0.0192711087 -0.0131353899 0.0867309292
v -0.019789911 -0.0106703545 0.0890621797
v -0.0131247605 -0.0104678006 0.0683243809
v -0.0153136749 -0.00914929396 0.0689635727
v -0.0149534746 -0.00773428696 0.0668950264
v -0.0144948599 -0.00709796395 0.0667001196
v -0.0207482146 -0.00952382663 0.0898991542
v -0.0510929932 -0.00997383853 0.0865771109
v -0.0535370091 -0.00991173512 0.0846241704
v -0.0460062282 -0.0093833761 0.0842668175
v -0.0466549731 -0.0125468388 0.0833687371
v -0.0492098219 -0.0118426792 0.0861825136
v -0.0506668677 -0.0112856572 0.079731369
v -0.0541083608 -0.01170414 0.0795909336
v -0.0559724258 -0.0109321448 0.0830658272
v -0.0437494808 0.00293797799 0.0804871347
v -0.048867774 0 0.0797285216
v -0.0413990991 0.00623424626 0.0809944334
v -0.0437494808 -0.00293797799 0.0804871347
v -0.0415500594 0.0104773555 0.0811731383
v -0.0413990991 -0.00623424626 0.0809944334
v -0.0623327889 -0.00694604894 0.105374441
v -0.043292781 -0.0107047497 0.0823368273
v -0.0447861316 -0.00992415527 0.0836267145
v -0.0415500594 -0.0104773555 0.0811731383
v -0.0119553054 0 0.0604544173
v -0.0117957424 0 0.0596910205
v -0.0119103943 -0.00130704201 0.0648666289
v -0.0116954202 -0.00374723584 0.066606496
v -0.0120575354 -0.00586640194 0.0663800396
v -0.0134639396 0 0.0583266444
v -0.0135871978 0.00242299589 0.0579855504
v -0.0114508328 -0.00340327749 0.0581948082
v -0.0135871978 -0.00242299589 0.0579855504
v -0.0136875129 0.00446954867 0.0582034075
v -0.0205829283 0.00998721435 0.066103924
v -0.0201300511 0.00855500974 0.0652421199
v -0.0189596351 0.00720210704 0.0652937154
v -0.0202399265 0.00830659522 0.0664201884
v -0.0642427136 0.0562372002 0.0974452508
v -0.0729515488 0.0598439833 0.102930432
v -0.0711801642 0.0568161973 0.101068268
v -0.0691660964 0.0518574636 0.0991191428
v -0.0692501758 0.0539871372 0.0955047251
v -0.0747181586 0.054500209 0.101456145
v -0.07199802 0.0489997405 0.100964109
v -0.0719598021 0.0572260817 0.0972445637
v -0.075572321 0.0575604843 0.0998720611
v -0.0792908943 0.0571611104 0.102317949
v -0.0777956306 0.0578910677 0.103552425
v -0.0458762892 0.0442703142 0.132586335
v -0.0513643393 0.0473305894 0.131531532
v -0.0239584962 0.0402823061 0.139965173
v -0.0219912474 0.0390392805 0.136284809
v -0.0218335992 0.035691418 0.146624579
v -0.0224422096 0.0376472024 0.135047542
v -0.0355842918 0.0476334638 0.150968965
v -0.0305949802 0.0440257197 0.151032064
v -0.0261970912 0.039601079 0.151313903
v -0.0411134233 0.049988622 0.149777542
v -0.0224059048 0.0348592308 0.152768087
v -0.0277286615 0.0387010552 0.137861319
v -0.0463129252 0.0517303898 0.146907386
v -0.0502942455 0.023613701 0.132314006
v -0.0498146131 0.0219808529 0.129517428
v -0.0492652365 0.0169294424 0.13215734
v -0.0107285173 -0.0021296758 0.119381193
v -0.0122992611 -0.00253287144 0.121309246
v -0.0161821705 -0.00251567362 0.130286577
v -0.0138184094 0.00859895987 0.137822138
v -0.0136330558 0.00284625593 0.138720218
v -0.0165719912 0.0117691104 0.135438324
v -0.0137305092 0 0.139081387
v -0.0145464554 -0.00262077193 0.1351144
v -0.0136330558 -0.00284625593 0.138720218
v -0.0203211353 0.0144653618 0.134035735
v -0.0248250769 0.0143516647 0.134778118
v -0.0118578449 -0.00535810754 0.117923193
v -0.023256248 0.0175199039 0.137742808
v -0.0650911437 0.0141634431 0.088595941
v -0.060464903 0.0140803194 0.0871952886
v -0.0658440317 0.0144366988 0.0968824841
v -0.0577170588 0.0142675862 0.0837461359
v -0.0605031227 0.0139666223 0.0824773197
v -0.0711008614 0.0139713998 0.100559944
v -0.0693571841 0.0107477451 0.101713154
v -0.0684437827 0.00645208647 0.102934248
v -0.0644194698 -5.44600826e-05 0.099995298
v -0.0548870448 0.0153672978 0.0769319436
v -0.0663828996 0 0.0999217203
v -0.0504748225 0.0163781526 0.0737617823
v -0.043656804 0.0124264528 0.0803829756
v -0.041980004 0.0123127557 0.07949731
v -0.0644194698 5.44600826e-05 0.099995298
v -0.0654437022 -0.00700242011 0.104317702
v -0.0684437827 -0.00645208647 0.102934248
v -0.0114192975 -0.00762154551 0.108317206
v -0.0119696351 -0.00790531092 0.111191121
v -0.0136454777 -0.00736453175 0.115375993
v -0.013267125 -0.00920088767 0.106659488
v -0.057396986 -0.0103827664 0.101316678
v -0.0609894394 -0.0103063315 0.101082562
v -0.0644452676 -0.0112818354 0.100556128
v -0.0627044555 -0.00976937414 0.102942847
v -0.0158219702 -0.011248395 0.101666343
v -0.0170353753 -0.00979230488 0.101734225
v -0.0550466043 -0.0108824616 0.0982305728
v -0.0290423888 0.0141672649 0.0687973395
v -0.0312446791 0.0147013553 0.0690161363
v -0.0334985648 0.0149287504 0.0694871587
v -0.035695121 0.0155402314 0.0702715696
v -0.0269595342 0.0131019494 0.0683043065
v -0.0246932265 0.012511487 0.0681915766
v -0.0226189711 0.0115761114 0.067946014
v -0.0568858254 0.0240598902 0.100967924
v -0.06110696 0.0221853182 0.101666343
v -0.063849072 0.0238468275 0.102698252
v -0.0587766421 0.0262879764 0.102430708
v -0.05679506 0.0504902294 0.130957261
v -0.0582721695 0.047095548 0.120349035
v -0.057584251 0.0485401755 0.12474308
v -0.0582062443 0.0430855684 0.114903034
v -0.0626146439 0.0528071715 0.129709459
v -0.0575775631 0.0348506315 0.102719266
v -0.0587594436 0.037641472 0.105435547
v -0.0548851335 0.0260309635 0.0997927316
v -0.0546854465 0.0264332044 0.103480727
v -0.060322542 0.0288456904 0.104164851
v -0.0561835772 0.0189559303 0.068355902
v -0.057391252 0.0182871217 0.0690887458
v -0.0621971158 0.0195712339 0.0860535249
v -0.0639579934 0.0199448101 0.0851267423
v -0.059271558 0.0190342757 0.0851582919
v -0.0567405992 0.017541879 0.0855528892
v -0.0550255831 0.0152354474 0.0852031674
v -0.0567931486 0.0159950216 0.0724107892
v -0.0898704817 0.00414278791 0.0875229712
v -0.0945311181 0.00265803415 0.088995322
v -0.0907122242 0.00537243947 0.084470352
v -0.0883952822 0.00162520351 0.0893641215
v -0.0898809914 0 0.0896746626
v -0.0907122242 -0.00537243947 0.084470352
v -0.0945311181 -0.00265803415 0.088995322
v -0.0898704817 -0.00414278791 0.0875229712
v -0.0883952822 -0.00162520351 0.0893641215
v -0.119343895 0.00540492423 0.0820569246
v -0.120967188 0 0.0851601712
v -0.12066909 0.00213445303 0.0823875116
v -0.117197023 0.00748396199 0.0831461248
v -0.12066909 -0.00213445303 0.0823875116
v -0.119343895 -0.00540492423 0.0820569246
v -0.117210399 -0.00496255547 0.0848793004
v -0.117197023 -0.00748396199 0.0831461248
v -0.114367009 0.0089438739 0.0844512173
v -0.111501644 0.0105146177 0.0849155767
v -0.108313341 0.0107037949 0.0858567103
v -0.108969728 0.00771231189 0.0876156837
v -0.0581364964 0.0175514339 0.0702323889
v -0.0621827844 0.0201712504 0.0882815844
v -0.0875583168 0.045271614 0.0971557238
v -0.0853197209 0.0479162744 0.0983729445
v -0.083261703 0.049925562 0.100871453
v -0.0882051498 0.0409625792 0.0980117761
v -0.0863821699 0.0328757373 0.0884153568
v -0.089243713 0.0439473761 0.093927304
v -0.0900262183 0.0383150572 0.0919963457
v -0.0965910467 0.0331222396 0.0930397022
v -0.094070596 0.0313498975 0.0930100889
v -0.091545368 0.0300982727 0.0917393364
v -0.0986309113 0.0342467906 0.0910017373
v -0.100070759 0.0343585773 0.0879147211
v -0.0980796224 0.0368561001 0.0896526804
v -0.0949887738 0.0394472536 0.0882643859
v -0.1013864 0.0335512303 0.0851410934
v -0.0930444534 0.0431314299 0.0870567325
v -0.0910208314 0.0434553218 0.0902803686
v -0.0619639894 0.0198635977 0.0913590902
v -0.062991087 0.0204110648 0.0944193405
v -0.0639675466 0.0214763803 0.097316262
v -0.053651661 0.0183310718 0.0696314097
v -0.0517465147 0.0177043037 0.0741525641
v -0.0468995677 0.014239878 0.0720964326
v -0.0487970686 0.0154016931 0.073167523
v -0.0376136432 0.0124159431 0.075956413
v -0.0357304719 0.012663402 0.0756086275
v -0.0339762858 0.0130570436 0.0750707474
v -0.0392512696 0.0122955581 0.0767580224
v -0.0326463138 0.0136054664 0.0737655979
v -0.0404933413 0.012302246 0.0782819686
v -0.020790257 0.00992893273 0.0677941034
v -0.0180032392 0.0114270625 0.0649554973
v -0.0183405106 0.00997001674 0.0651609111
v -0.0194411788 0.00801805236 0.0673154214
v -0.0152276824 0.0049510901 0.061182449
v -0.0166942884 0.00657247194 0.0631774176
v -0.0172455729 0.00651514555 0.0644500494
v -0.0174443023 0.00526925161 0.0637048192
v -0.0127081881 -0.00737026443 0.0646000522
v -0.0197641133 -0.0185517781 0.067239936
v -0.0160560505 -0.0159501158 0.0681772255
v -0.0218918791 -0.0171253066 0.0781596429
v -0.0217972873 -0.0163590446 0.0874952942
v -0.018517265 -0.0145398863 0.0680979245
v -0.0187121718 -0.0154943717 0.0690638593
v -0.0181092919 -0.0124149875 0.0661058318
v -0.0168309154 -0.0120127475 0.0683090902
v -0.018596566 -0.0133159678 0.0661230303
v -0.0187952955 -0.0138806325 0.0667622221
v -0.0160694264 -0.0109741845 0.0689683564
v -0.0189816102 -0.0114347061 0.0945120529
v -0.0202972524 -0.0132108691 0.0957923158
v -0.0201720864 -0.0101037785 0.0950852982
v -0.0143066374 -0.0109044366 0.0663045826
v -0.0140926244 -0.00950471769 0.0652373362
v -0.0161783478 -0.0127560797 0.065955829
v -0.0149792723 -0.00791391016 0.0637659536
v -0.0155296029 -0.00763778745 0.0649898943
v -0.0524458941 -0.0108299131 0.0922906564
v -0.0531586529 -0.0104458255 0.0883857435
v -0.0570109879 -0.0114385279 0.0866363375
v -0.0484177621 -0.0135968671 0.0798403118
v -0.0508971289 -0.013027425 0.0830591642
v -0.0453507989 -0.0127388821 0.0811473406
v -0.0526274286 -0.0133847591 0.0781415332
v -0.056412881 -0.0113200533 0.0771765381
v -0.0584623033 -0.0122554289 0.0821897289
v -0.0412854011 0.00356283585 0.0791170068
v -0.0471489352 0 0.0798527266
v -0.0401532048 0.0061033511 0.0802807528
v -0.0412854011 -0.00356283585 0.0791170068
v -0.039860841 0.010460157 0.0798919073
v -0.0401532048 -0.0061033511 0.0802807528
v -0.039860841 -0.010460157 0.0798919073
v -0.0659816144 -0.0104811773 0.101801083
v -0.043656804 -0.0124264528 0.0803829756
v -0.041980004 -0.0123127557 0.07949731
v -0.0404933413 -0.012302246 0.0782819686
v -0.0122600875 -0.00656387314 0.058503413
v -0.0117661291 -0.00503803514 0.0581049717
v -0.0124464022 -0.00729096297 0.0594177523
v -0.0145798985 0 0.0602556665
v -0.0148397766 0.00216216078 0.0612464593
v -0.0148397766 -0.00216216078 0.0612464593
v -0.0149362761 0.00319308064 0.0607572988
v -0.0136875129 -0.00446954867 0.0582034075
v -0.0149362761 -0.00319308064 0.0607572988
v -0.0153518946 0.00413323344 0.0617461554
v -0.019278754 0.00711134021 0.0667717895
v -0.0186338318 0.00573932812 0.0656606072
v -0.0188488059 0.0067396741 0.0663991459
v -0.0179889095 0.00807155741 0.0654274878
v -0.0166656219 0.00726229955 0.0650921171
v -0.0740130434 0.0519931367 0.0950298871
v -0.0715088345 0.0491354136 0.0963015508
v -0.0705782364 0.0465996747 0.0994010387
v -0.0767771322 0.0542575294 0.096868133
v -0.0794189229 0.0533097328 0.107355059
v -0.0760232885 0.0514208275 0.104835536
v -0.070747349 0.0477404703 0.105188105
v -0.0684246746 0.0454321274 0.102562544
v -0.0723381565 0.050761572 0.109871677
v -0.0797055553 0.0543817344 0.099299727
v -0.0831518277 0.052682009 0.100365066
v -0.0866229408 0.0507692173 0.10086667
v -0.0833610686 0.0569814872 0.103923104
v -0.0831680696 0.0574085701 0.107005337
v -0.051504789 0.0530269222 0.143742008
v -0.0571027109 0.0545986199 0.1418885
v -0.0188593129 0.0312772844 0.142975764
v -0.0188077174 0.0302540095 0.140059765
v -0.0184895595 0.0301833041 0.147750112
v -0.0195500931 0.0294342406 0.138252043
v -0.0193618706 0.0297122746 0.154810778
v -0.0243158277 0.0283001329 0.140508805
v -0.0419465644 0.0508083909 0.159009034
v -0.0369658557 0.0476888784 0.160242485
v -0.0322488477 0.0441308184 0.161559081
v -0.0279101925 0.0402813522 0.163447954
v -0.0240645489 0.035583454 0.16393908
v -0.0470963858 0.0533651474 0.157272954
v -0.02142658 0.0302301231 0.165189729
v -0.0522567177 0.0557957876 0.155306687
v -0.0228826719 0.0213101347 0.139764543
v -0.0495661995 0.0186759867 0.135557745
v -0.0141719254 -0.0049080952 0.122517868
v -0.0145044201 -0.00503994603 0.134668207
v -0.0146458237 -0.0046673247 0.129718058
v -0.0149076096 -0.00589602059 0.12147548
v -0.0139808341 0.0147099545 0.1431162
v -0.0161601954 0.0168682938 0.138968628
v -0.0128171095 0.0119802627 0.148051086
v -0.0137238248 0.018203998 0.149724067
v -0.0128075564 0.00662215475 0.144057333
v -0.0129050098 0 0.144429948
v -0.0184714071 0.0175074838 0.137670199
v -0.0128075564 -0.00662215475 0.144057333
v -0.0138184094 -0.00859895987 0.137822138
v -0.0128171095 -0.0119802627 0.148051086
v -0.0181589725 0.0212098125 0.138948582
v -0.0614442314 0.0144099463 0.092053693
v -0.05733966 0.0138968753 0.0904313395
v -0.0679421771 0.0162644564 0.0992089509
v -0.0738343759 0.0149086858 0.102983907
v -0.0731846771 0.0108375567 0.101641513
v -0.0715680718 0.00626482013 0.103364153
v -0.0687944299 0 0.102057124
v -0.0670497969 0.00227585812 0.100488303
v -0.0560211525 0.016066679 0.0711152071
v -0.0541599563 0.016766062 0.0703231651
v -0.0670497969 -0.00227585812 0.100488303
v -0.0715680718 -0.00626482013 0.103364153
v -0.0693571841 -0.0107477451 0.101713154
v -0.0731846771 -0.0108375567 0.101641513
v -0.0142942226 -0.00984389859 0.1087548
v -0.0138824268 -0.00861998016 0.114146301
v -0.0176965422 -0.0117805758 0.108839824
v -0.0172608636 -0.0124235867 0.103567688
v -0.0580161105 -0.0111222777 0.0962767211
v -0.0613496396 -0.0114452158 0.0956241464
v -0.0646697948 -0.0122305877 0.0947613742
v -0.0679565086 -0.0121780383 0.0998386322
v -0.0558568165 -0.01099807 0.0903339003
v -0.029393036 0.0131908053 0.0721556592
v -0.0278500048 0.0122401426 0.0716454561
v -0.0263060127 0.0111614504 0.07176203
v -0.0309590032 0.0138061081 0.0729850026
v -0.024575713 0.0104620683 0.0715575843
v -0.0230985999 0.00960694944 0.0710435657
v -0.0223094053 0.00782792035 0.0707789252
v -0.0656825627 0.0266434001 0.103486479
v -0.0644166046 0.0218671567 0.100546561
v -0.0661841683 0.0240589345 0.101993114
v -0.0674157294 0.0294466625 0.103080435
v -0.062579293 0.0565773368 0.139947006
v -0.0627464943 0.0499312961 0.118081795
v -0.0639904773 0.0526657644 0.123720795
v -0.0606091753 0.0464945795 0.113698228
v -0.0681179794 0.0558559787 0.128626979
v -0.060698033 0.0405183013 0.107849942
v -0.0679612869 0.0586066917 0.137767638
v -0.0562504563 0.0298651426 0.10358967
v -0.0589276023 0.0325432425 0.102904634
v -0.0616314964 0.0316833462 0.103740641
v -0.0632748533 0.0346098597 0.103370873
v -0.0692989025 0.0319451356 0.101618563
v -0.0646955925 0.0197489458 0.092487471
v -0.0602508864 0.0192129432 0.0932413004
v -0.0572727774 0.0162759209 0.0935775823
v -0.0926145054 0.00982192352 0.0854735597
v -0.090031951 0.00844513441 0.0874962054
v -0.0893172817 0.00690400971 0.0900625399
v -0.0954932462 0.00270867241 0.085324525
v -0.0936616677 0.00640718067 0.0830247672
v -0.0953470638 0.0108786398 0.0843241648
v -0.0898179323 0.00499886202 0.0931180635
v -0.0866850447 0.00183540025 0.0923078549
v -0.0872191355 0 0.0917307371
v -0.0866850447 -0.00183540025 0.0923078549
v -0.0926145054 -0.00982192352 0.0854735597
v -0.0953470638 -0.0108786398 0.0843241648
v -0.0936616677 -0.00640718067 0.0830247672
v -0.090031951 -0.00844513441 0.0874962054
v -0.0954932462 -0.00270867241 0.085324525
v -0.0536956112 -0.0163160501 0.077072379
v -0.0560622374 -0.0170823122 0.0776265464
v -0.0533086592 -0.0153644308 0.0758283924
v -0.0511388546 -0.0148685575 0.0772080307
v -0.0512773929 -0.0145054902 0.0791848327
v -0.103208424 -0.00778683634 0.0845295787
v -0.100608672 -0.00620558284 0.0842171583
v -0.0978847125 -0.00428514845 0.0847904035
v -0.0893172817 -0.00690400971 0.0900625399
v -0.0898179323 -0.00499886202 0.0931180635
v -0.122059257 0.00545460705 0.0806409531
v -0.120413989 0.00832188238 0.0808453988
v -0.117937487 0.0105442363 0.0811062236
v -0.123138904 0 0.0827085312
v -0.12330324 0.00233509541 0.0816173949
v -0.115330092 0.0125458831 0.0821477008
v -0.122059257 -0.00545460705 0.0806409531
v -0.12330324 -0.00233509541 0.0816173949
v -0.120413989 -0.00832188238 0.0808453988
v -0.117937487 -0.0105442363 0.0811062236
v -0.114812244 -0.00713140438 0.0853923509
v -0.114367009 -0.0089438739 0.0844512173
v -0.115330092 -0.0125458831 0.0821477008
v -0.113737374 0.0130857066 0.0851248061
v -0.111356418 0.0130866623 0.0870165837
v -0.107857595 0.0133388986 0.0868733009
v -0.105050513 0.0107095272 0.0854735597
v -0.105964869 0.00859991554 0.0864213563
v -0.0906921601 0.0413323362 0.0957531351
v -0.0879261612 0.0437667954 0.0986844537
v -0.0885615287 0.04700574 0.100424292
v -0.0798632025 0.0499389379 0.102262538
v -0.0867404602 0.0425075252 0.100658351
v -0.0872860164 0.0332588665 0.0919285198
v -0.092476922 0.0432307946 0.0931877687
v -0.0990790128 0.0304183455 0.0904189247
v -0.102335152 0.0306027453 0.0871991042
v -0.0959719217 0.030139354 0.0935279231
v -0.090963505 0.0284329389 0.100335452
v -0.0934113424 0.0293654484 0.0967362969
v -0.100094645 0.0367729764 0.0867347448
v -0.0962442222 0.0391501097 0.0849987217
v -0.104077875 0.0332330688 0.0836190834
v -0.0943323866 0.0421864985 0.0835025095
v -0.105699257 0.03153812 0.0844827668
v -0.0950728525 0.048278386 0.0873624899
v -0.0932603828 0.0467277059 0.0905268993
v -0.0672580831 0.0220123829 0.0925333147
v -0.0687772314 0.021644539 0.096971324
v -0.0380798997 0.0107391458 0.0787845405
v -0.0361642427 0.0108136703 0.077981963
v -0.0342476284 0.0103063315 0.0774058134
v -0.0322517165 0.0100913574 0.076996922
v -0.0303981585 0.00971395864 0.0761188306
v -0.0212498256 0.00642342349 0.0699553337
v -0.0181408201 0.00604220291 0.0667221018
v -0.0204348333 0.00489471938 0.0691718339
v -0.0181264904 0.00298097289 0.0644959216
v -0.0189538975 0.00406444168 0.0658144255
v -0.0184073897 0.00240579807 0.0661115836
v -0.0137075802 -0.00773046517 0.0604037615
v -0.0222979444 -0.0208075734 0.0670584121
v -0.0241581796 -0.0184657892 0.0779924416
v -0.0242928988 -0.0199476771 0.067777873
v -0.0242403494 -0.0168090565 0.0661010766
v -0.0228692961 -0.0173192613 0.0672753011
v -0.0215183029 -0.0176593979 0.0681638711
v -0.0192185593 -0.01684823 0.0691852169
v -0.0264082426 -0.0203183879 0.0898972749
v -0.0220657718 -0.0166284776 0.0979821628
v -0.0182172594 -0.0171902762 0.0654809911
v -0.0180997387 -0.0147004005 0.06515328
v -0.0195816284 -0.0180855234 0.0653500946
v -0.0182315891 -0.0126968424 0.0647214098
v -0.0175551387 -0.0128611785 0.0651695104
v -0.0183185355 -0.0135013233 0.0641806253
v -0.0133655323 -0.0109034819 0.0586285577
v -0.0130110625 -0.00917700126 0.0591731578
v -0.0143276586 -0.0132930371 0.0592735013
v -0.0133254048 -0.00807920099 0.059946122
v -0.0158506296 -0.0140325475 0.0598572536
v -0.0611547328 -0.0123423744 0.0859723161
v -0.0596451377 -0.0117882194 0.0896134997
v -0.0617757687 -0.0122410974 0.0808014344
v -0.0548870448 -0.0153672978 0.0769319436
v -0.0504748225 -0.0163781526 0.0737617823
v -0.0557536291 -0.0133990906 0.0770341664
v -0.0590565839 -0.0127761443 0.0771832011
v -0.0380111093 0.00305740801 0.0788619338
v -0.0454549402 0 0.0807947714
v -0.0388031691 0.00613105884 0.0796950358
v -0.0374149137 0.00607277678 0.0792899599
v -0.0380111093 -0.00305740801 0.0788619338
v -0.0388031691 -0.00613105884 0.0796950358
v -0.0374149137 -0.00607277678 0.0792899599
v -0.0380798997 -0.0107391458 0.0787845405
v -0.0392512696 -0.0122955581 0.0767580224
v -0.0376136432 -0.0124159431 0.075956413
v -0.0711008614 -0.0139713998 0.100559944
v -0.0487970686 -0.0154016931 0.073167523
v -0.0468995677 -0.014239878 0.0720964326
v -0.0448673439 -0.0140354136 0.0708419674
v -0.0141919855 -0.00644157677 0.0587021354
v -0.0148158937 -0.00753842182 0.0599996253
v -0.0156499923 0 0.0633169134
v -0.0167334549 0.000627724095 0.0638080102
v -0.0167334549 -0.000627724095 0.0638080102
v -0.0181264904 -0.00298097289 0.0644959216
v -0.0153518946 -0.00413323344 0.0617461554
v -0.0152276824 -0.0049510901 0.061182449
v -0.0149152549 -0.00565811577 0.0600827418
v -0.0154006213 0.00700146444 0.0643956065
v -0.0178723427 0.00366793416 0.0663915148
v -0.0159681503 0.00597627727 0.0647242857
v -0.0167468378 0.00493771384 0.0650739505
v -0.0741066759 0.0487694793 0.0974375627
v -0.071164877 0.0467277059 0.0967897717
v -0.0687963412 0.0447298792 0.0987579744
v -0.0665434129 0.0433693329 0.101721754
v -0.0641328383 0.041805277 0.104180114
v -0.0769233141 0.049539564 0.100013465
v -0.087583158 0.0587834461 0.112952998
v -0.084018411 0.0565209647 0.112271721
v -0.0763318969 0.054505943 0.11458583
v -0.0676603221 0.047857991 0.108386911
v -0.0655812848 0.0454732123 0.105825417
v -0.0623643189 0.0386322612 0.105212023
v -0.0680510985 0.0516501313 0.115422805
v -0.0709355715 0.0543989329 0.119555057
v -0.0640535373 0.0474347307 0.110879668
v -0.0873786941 0.0557317737 0.103609716
v -0.089178743 0.0517733824 0.102776557
v -0.0906787839 0.0475665811 0.10259603
v -0.0896965914 0.0579006208 0.104456258
v -0.0868885534 0.0573197124 0.106680502
v -0.0908641392 0.0594312372 0.110308302
v -0.0574619573 0.05813757 0.153442587
v -0.0629576474 0.0599672344 0.152047686
v -0.0152410582 0.0196925737 0.144614348
v -0.0169111703 0.020675723 0.140634946
v -0.0157923498 0.0245165918 0.149684886
v -0.0172742394 0.024133459 0.156989179
v -0.0196370394 0.0245853822 0.167322286
v -0.0460196076 0.0523428264 0.16477987
v -0.0411955895 0.0493647209 0.165791677
v -0.0364632944 0.0461917051 0.166742321
v -0.0317032938 0.0429690052 0.167179914
v -0.0274324786 0.0390115714 0.167539146
v -0.0239804713 0.0344598569 0.168671343
v -0.0215526999 0.029350163 0.170442731
v -0.0510347098 0.0549855718 0.163821538
v -0.0197660282 0.0237369521 0.171272074
v -0.0561252938 0.05736462 0.16245625
v -0.0182239438 -0.00697948938 0.130161404
v -0.017472015 -0.00938242132 0.133300015
v -0.0165719912 -0.0117691104 0.135438324
v -0.0181398662 -0.00811932933 0.123569824
v -0.0171290132 -0.0111920247 0.113398223
v -0.0175599152 -0.00883113245 0.12024778
v -0.0158582749 0.0179460294 0.156932856
v -0.0153977525 0.0116334374 0.155768142
v -0.0144977287 0.00628392908 0.152260731
v -0.0143343501 0 0.152174739
v -0.0144977287 -0.00628392908 0.152260731
v -0.0153977525 -0.0116334374 0.155768142
v -0.0161601954 -0.0168682938 0.138968628
v -0.0139808341 -0.0147099545 0.1431162
v -0.0137238248 -0.018203998 0.149724067
v -0.0158582749 -0.0179460294 0.156932856
v -0.0599718984 0.0139761764 0.0960349741
v -0.0706231422 0.0182116415 0.10115614
v -0.0755732766 0.0163896189 0.102985843
v -0.0753124411 0.0109245013 0.103775038
v -0.0747382224 0.00652470002 0.104563264
v -0.0699696207 0.00238382278 0.102017033
v -0.0718346396 0 0.102830089
v -0.0699696207 -0.00238382278 0.102017033
v -0.0747382224 -0.00652470002 0.104563264
v -0.0753124411 -0.0109245013 0.103775038
v -0.0738343759 -0.0149086858 0.102983907
v -0.0755732766 -0.0163896189 0.102985843
v -0.0190685565 -0.0136025994 0.106483687
v -0.0171452507 -0.0136675698 0.109307999
v -0.0633637092 -0.0119133819 0.0884354027
v -0.0650911437 -0.0141634431 0.088595941
v -0.0658440317 -0.0144366988 0.0968824841
v -0.0285952493 0.00876520637 0.0758609101
v -0.0268458362 0.00794734971 0.0760863698
v -0.0264311716 0.00598487652 0.075708971
v -0.02619996 0.00410457047 0.0750697792
v -0.0682823137 0.0262124963 0.102651441
v -0.0700307693 0.0222435998 0.100987059
v -0.0713626526 0.0263672792 0.103320246
v -0.0686931538 0.0613526246 0.151189698
v -0.0738286437 0.0579139966 0.126641578
v -0.0628554157 0.0431428944 0.106065228
v -0.0736385116 0.0604583312 0.136448194
v -0.060641661 0.0357353682 0.103512277
v -0.074514649 0.0625268633 0.15073109
v -0.0651895545 0.0371436872 0.103668031
v -0.0670497969 0.0385873572 0.101207735
v -0.0712642418 0.0340690787 0.0997784375
v -0.0738401081 0.0348496741 0.0978302807
v -0.0723773301 0.0275539345 0.100737681
v -0.068312888 0.0190734492 0.0985401458
v -0.0646057809 0.0176679971 0.0991172635
v -0.0612751188 0.0159281407 0.0992223338
v -0.0935623019 0.0147806572 0.0880131284
v -0.0907170015 0.0121455536 0.0888883155
v -0.0909539506 0.0107974274 0.0918520947
v -0.0894768403 0.00956108796 0.0943323799
v -0.0873137241 0.00973879983 0.0971280467
v -0.0978847125 0.00428514845 0.0847904035
v -0.0967754469 0.00709891962 0.0828069385
v -0.0984637091 0.0119649756 0.0843967744
v -0.096515567 0.0164144592 0.087128374
v -0.086019103 0.00775148457 0.100024911
v -0.0871780515 0.00550811165 0.0945559603
v -0.0843518602 0.00193189976 0.0948387674
v -0.0844149192 0 0.0933530907
v -0.0843518602 -0.00193189976 0.0948387674
v -0.0871780515 -0.00550811165 0.0945559603
v -0.0907170015 -0.0121455536 0.0888883155
v -0.0935623019 -0.0147806572 0.0880131284
v -0.0909539506 -0.0107974274 0.0918520947
v -0.096515567 -0.0164144592 0.087128374
v -0.0984637091 -0.0119649756 0.0843967744
v -0.0967754469 -0.00709891962 0.0828069385
v -0.0894768403 -0.00956108796 0.0943323799
v -0.0569011126 -0.0156749488 0.078553329
v -0.0563460019 -0.0171902762 0.0743646409
v -0.0574504892 -0.0180004901 0.0779141372
v -0.0571571716 -0.0210225475 0.0783545781
v -0.0590002154 -0.016794725 0.0726066356
v -0.0603903786 -0.0208668107 0.0717152182
v -0.0595581913 -0.0214974015 0.0744506334
v -0.0567931486 -0.0159950216 0.0724107892
v -0.105050513 -0.0107095272 0.0854735597
v -0.105964869 -0.00859991554 0.0864213563
v -0.102463181 -0.00961268167 0.0847034999
v -0.0999599285 -0.00756135256 0.0831566033
v -0.0873137241 -0.00973879983 0.0971280467
v -0.086019103 -0.00775148457 0.100024911
v -0.123520125 0.00891521093 0.0815657994
v -0.120588833 0.0106197156 0.0824744153
v -0.118034942 0.0127111739 0.0840681236
v -0.115738066 0.0140229935 0.0865045013
v -0.113117293 0.0135175652 0.0889542051
v -0.123714078 0 0.0831432204
v -0.125971783 0.000937286685 0.0826846128
v -0.125971783 -0.000937286685 0.0826846128
v -0.126876583 0.00784416229 0.0819680278
v -0.120588833 -0.0106197156 0.0824744153
v -0.123520125 -0.00891521093 0.0815657994
v -0.118034942 -0.0127111739 0.0840681236
v -0.126876583 -0.00784416229 0.0819680278
v -0.115738066 -0.0140229935 0.0865045013
v -0.113117293 -0.0135175652 0.0889542051
v -0.11194879 -0.00729382909 0.086921992
v -0.111501644 -0.0105146177 0.0849155767
v -0.113737374 -0.0130857066 0.0851248061
v -0.110078993 0.0125993873 0.0905488815
v -0.109036608 0.0157609395 0.0906739977
v -0.106631766 0.0174004737 0.0890125205
v -0.103418621 0.017095688 0.0875889178
v -0.104692223 0.0133484526 0.0862531869
v -0.102463181 0.00961268167 0.0847034999
v -0.103208424 0.00778683634 0.0845295787
v -0.0936998852 0.0448464424 0.100544682
v -0.0923488931 0.0406969671 0.10309285
v -0.0918864601 0.0431104087 0.103737736
v -0.0840031248 0.0438661637 0.10169886
v -0.0886417858 0.0344302365 0.0949161606
v -0.0887124883 0.0365704242 0.0977232741
v -0.087513411 0.0382481745 0.100549465
v -0.0870633987 0.0311674091 0.0983605297
v -0.087135057 0.0271612486 0.097288528
v -0.0945435389 0.0481255144 0.097619115
v -0.0955935672 0.0514475791 0.0945932617
v -0.102393434 0.0282246545 0.0868799639
v -0.105230136 0.0301622865 0.0850101684
v -0.108735645 0.0304861821 0.0828776118
v -0.0996169249 0.0261943439 0.0847187621
v -0.0960435796 0.0251156526 0.0859694117
v -0.095399613 0.0249379407 0.0905211475
v -0.101793417 0.0360506644 0.0835512006
v -0.098641421 0.0384029574 0.083023799
v -0.106845784 0.0336706623 0.0823502103
v -0.0945444943 0.0411517591 0.0796530077
v -0.0952075696 0.0472799514 0.0833983504
v -0.109635669 0.0341856455 0.0838837239
v -0.109621338 0.0344588995 0.0814664239
v -0.0979649697 0.0529256461 0.0862035277
v -0.0974213244 0.0532667366 0.0906873807
v -0.0714696627 0.0206594802 0.100654536
v -0.0743589122 0.0221977383 0.102403031
v -0.0360371689 0.00613488063 0.0789708196
v -0.0346517823 0.00631736951 0.0787023636
v -0.0331861373 0.00630112713 0.078553329
v -0.0317520205 0.00581098645 0.0784807194
v -0.0198845027 0.00302014601 0.0692903441
v -0.0256333849 0.00202935472 0.0751672184
v -0.0176908118 0.00129175496 0.0660198393
v -0.0152649482 0.00155259008 0.0648771359
v -0.0166656219 0.00334595087 0.0649497455
v -0.0251575717 -0.0217859443 0.0673708325
v -0.0249922853 -0.0208352807 0.0678170252
v -0.0267502906 -0.0212193674 0.0678581137
v -0.029200037 -0.0207674442 0.0793358036
v -0.0242403494 -0.0195416153 0.065239244
v -0.0246005497 -0.0177425216 0.0648800118
v -0.0252072594 -0.021135288 0.0652172903
v -0.0243320723 -0.0168176557 0.0648924266
v -0.0218230851 -0.0183645131 0.0646937043
v -0.0221699096 -0.0226276865 0.0987025634
v -0.0266404152 -0.0226467946 0.0943467309
v -0.0299385971 -0.0251433599 0.0872325331
v -0.0255024884 -0.0218700219 0.0972226384
v -0.0186491154 -0.0192158102 0.102414477
v -0.0182526103 -0.0196495793 0.0992920959
v -0.0186147184 -0.0165023594 0.0597502471
v -0.0178560981 -0.0152927734 0.0601324296
v -0.0206383393 -0.0177988919 0.0597951511
v -0.0195481853 -0.0170249862 0.0592457673
v -0.0175102347 -0.0137831782 0.0607267173
v -0.0220925234 -0.0181801133 0.0610209995
v -0.0175207417 -0.0136111986 0.0604486655
v -0.0152229058 -0.00918082305 0.0587021354
v -0.0150881938 -0.0101792577 0.0584193283
v -0.0160436286 -0.0121703947 0.0587336565
v -0.0173458951 -0.0127054417 0.0592457673
v -0.0637869695 -0.0131019494 0.0837299055
v -0.0630121064 -0.0135538727 0.0807489277
v -0.0614241641 -0.0133627841 0.0771717544
v -0.0560211525 -0.016066679 0.0711152071
v -0.0541599563 -0.016766062 0.0703231651
v -0.053651661 -0.0183310718 0.0696314097
v -0.0517465147 -0.0177043037 0.0741525641
v -0.0355919336 0.00248892131 0.0786927962
v -0.0437695445 0 0.0808483032
v -0.0355919336 -0.00248892131 0.0786927962
v -0.0360371689 -0.00613488063 0.0789708196
v -0.0346517823 -0.00631736951 0.0787023636
v -0.0361642427 -0.0108136703 0.077981963
v -0.0342476284 -0.0103063315 0.0774058134
v -0.0357304719 -0.012663402 0.0756086275
v -0.0425418061 -0.0141882843 0.0703623458
v -0.0402573461 -0.014724286 0.0701339816
v -0.0679421771 -0.0162644564 0.0992089509
v -0.0500926472 -0.0171663915 0.0726181393
v -0.0483193512 -0.0159396052 0.0721375495
v -0.0474088168 -0.0152832185 0.0721346451
v -0.0455762836 -0.0160399274 0.0711085441
v -0.0152477497 -0.0077295095 0.0600932489
v -0.0157063573 0 0.0655172958
v -0.0176908118 -0.00129175496 0.0660198393
v -0.0174443023 -0.00526925161 0.0637048192
v -0.0184073897 -0.00240579807 0.0661115836
v -0.0189538975 -0.00406444168 0.0658144255
v -0.0166942884 -0.00657247194 0.0631774176
v -0.0166837743 0.00168348536 0.0660618959
v -0.0189835179 0.00138252168 0.0697078348
v -0.0815008272 0.0441852791 0.103877261
v -0.0786937439 0.0437964159 0.103967069
v -0.0768774526 0.0432078657 0.100832273
v -0.0746178365 0.0425667625 0.0985936775
v -0.0715671179 0.0420192972 0.0979802835
v -0.0692014473 0.0399918536 0.0990637318
v -0.0908297434 0.0606245786 0.11811044
v -0.0969550696 0.0620481884 0.116811042
v -0.0851830926 0.0596567183 0.120935663
v -0.07956415 0.0590653029 0.123979683
v -0.093521218 0.055835915 0.101271745
v -0.0957531258 0.0544849219 0.0995204601
v -0.0981207065 0.0615599533 0.105276945
v -0.0944336631 0.0579034861 0.102329453
v -0.102229099 0.0637717967 0.119649649
v -0.0613037817 0.0594694533 0.161148253
v -0.066698194 0.0612303273 0.161335501
v -0.0184446483 0.0186196147 0.168394287
v -0.0191277903 0.0178523969 0.171786093
v -0.0521401545 0.0523791347 0.173547914
v -0.0472014846 0.049994356 0.17346101
v -0.0423994451 0.0473410964 0.173576616
v -0.0377894473 0.0443324167 0.1738871
v -0.0333055658 0.0411555782 0.174366722
v -0.0291312501 0.0375249087 0.17484828
v -0.0258989935 0.0331556791 0.176226039
v -0.0235056191 0.0281186001 0.177014265
v -0.021972134 0.0226353301 0.176808851
v -0.0570463388 0.0548107287 0.173315791
v -0.0212393114 0.0169829457 0.17660059
v -0.0622544436 0.0561846508 0.172838049
v -0.021688373 -0.0106483794 0.1274814
v -0.0217132097 -0.0124102109 0.131299352
v -0.0203211353 -0.0144653618 0.134035735
v -0.0184714071 -0.0175074838 0.137670199
v -0.0196465926 -0.0109818281 0.117308831
v -0.0192080452 -0.0136073768 0.113689629
v -0.0200545657 -0.0165510879 0.110531883
v -0.0180299909 0.0123930124 0.16815926
v -0.0177376236 0.00620558284 0.167682486
v -0.0175379402 0 0.167868822
v -0.0177376236 -0.00620558284 0.167682486
v -0.0180299909 -0.0123930124 0.16815926
v -0.0184446483 -0.0186196147 0.168394287
v -0.0169111703 -0.020675723 0.140634946
v -0.0152410582 -0.0196925737 0.144614348
v -0.0181589725 -0.0212098125 0.138948582
v -0.0157923498 -0.0245165918 0.149684886
v -0.0172742394 -0.024133459 0.156989179
v -0.0196370394 -0.0245853822 0.167322286
v -0.0735955154 0.0182374393 0.102743128
v -0.0753898325 0.00998243778 0.10781173
v -0.0772548514 0.0138529252 0.102438339
v -0.0776389381 0.00671578814 0.103504646
v -0.0732123844 0.0021831804 0.102182298
v -0.0751968335 0 0.102253028
v -0.0732123844 -0.0021831804 0.102182298
v -0.0776389381 -0.00671578814 0.103504646
v -0.0753898325 -0.00998243778 0.10781173
v -0.0706231422 -0.0182116415 0.10115614
v -0.0735955154 -0.0182374393 0.102743128
v -0.0772548514 -0.0138529252 0.102438339
v -0.0193255658 -0.0197508554 0.105304679
v -0.060464903 -0.0140803194 0.0871952886
v -0.05733966 -0.0138968753 0.0904313395
v -0.0614442314 -0.0144099463 0.092053693
v -0.0309876697 0.00474471526 0.0780832177
v -0.0307029478 0.00332015402 0.0775816139
v -0.030098153 0.00196247385 0.0775090044
v -0.0296863572 0.00053982361 0.0773571223
v -0.0724996274 0.0222999701 0.105450866
v -0.074606372 0.0240532023 0.107495494
v -0.072247391 0.0625727212 0.161629754
v -0.0794456754 0.0622946907 0.135939928
v -0.0803208589 0.063610333 0.150147309
v -0.077797541 0.0636638362 0.160883556
v -0.0769022938 0.0357592546 0.0979621168
v -0.0787262287 0.0369315784 0.100706131
v -0.0739652706 0.0298928517 0.099774565
v -0.0767551572 0.0307298191 0.0982229417
v -0.0772032577 0.0181065446 0.102289304
v -0.0755503459 0.0188546542 0.105444146
v -0.0944059554 0.0152201603 0.0920393419
v -0.0961295694 0.0130608654 0.0950986811
v -0.0930645176 0.0144366988 0.0952954957
v -0.0905660419 0.0139045189 0.0980280634
v -0.0894118704 0.0124082996 0.101493447
v -0.0863726159 0.0105279935 0.102515732
v -0.0838349669 0.0101458173 0.105040038
v -0.100608672 0.00620558284 0.0842171583
v -0.0999599285 0.00756135256 0.0831566033
v -0.101629082 0.0128630889 0.0851974156
v -0.0998892258 0.0171539696 0.086956389
v -0.096031159 0.0169275311 0.0891128071
v -0.0820224974 0.00986491798 0.108525467
v -0.0836152154 0.00668999129 0.102582647
v -0.0847063282 0.00619220703 0.0967659102
v -0.0815208909 0.00200069152 0.0966111237
v -0.081764528 0 0.0951063122
v -0.0815208909 -0.00200069152 0.0966111237
v -0.0847063282 -0.00619220703 0.0967659102
v -0.0836152154 -0.00668999129 0.102582647
v -0.0905660419 -0.0139045189 0.0980280634
v -0.0930645176 -0.0144366988 0.0952954957
v -0.0961295694 -0.0130608654 0.0950986811
v -0.0944059554 -0.0152201603 0.0920393419
v -0.0894118704 -0.0124082996 0.101493447
v -0.096031159 -0.0169275311 0.0891128071
v -0.0998892258 -0.0171539696 0.086956389
v -0.101629082 -0.0128630889 0.0851974156
v -0.0863726159 -0.0105279935 0.102515732
v -0.0585922423 -0.0139522908 0.0788886996
v -0.052423919 -0.0223525195 0.0788113064
v -0.0580543302 -0.0206785882 0.0746130509
v -0.0589104038 -0.0206604359 0.0764035739
v -0.05633358 -0.0153711187 0.0809113453
v -0.0558663696 -0.0227442497 0.0781997917
v -0.0589113577 -0.0173106621 0.0712403802
v -0.0593393945 -0.02340828 0.073139789
v -0.0593585044 -0.0220429572 0.0718575899
v -0.0581441418 -0.0195817427 0.0716569597
v -0.0571332852 -0.0208047064 0.0715709672
v -0.0579597384 -0.0236996899 0.0742643543
v -0.057391252 -0.0182871217 0.0690887458
v -0.0581364964 -0.0175514339 0.0702323889
v -0.107857595 -0.0133388986 0.0868733009
v -0.111356418 -0.0130866623 0.0870165837
v -0.108313341 -0.0107037949 0.0858567103
v -0.104692223 -0.0133484526 0.0862531869
v -0.108969728 -0.00771231189 0.0876156837
v -0.0838349669 -0.0101458173 0.105040038
v -0.0820224974 -0.00986491798 0.108525467
v -0.126773396 0.0140478347 0.0825011812
v -0.12336152 0.0152125167 0.0832913439
v -0.120061432 0.0161736891 0.0845878941
v -0.116874083 0.0162262385 0.0864443066
v -0.114031649 0.0151494567 0.0887105787
v -0.111317244 0.0158784584 0.091027535
v -0.126828814 0 0.0835387858
v -0.129116136 0.00182297955 0.0833983504
v -0.130204382 0.00745529857 0.0832846239
v -0.129840359 0 0.0847999709
v -0.130204382 -0.00745529857 0.0832846239
v -0.129116136 -0.00182297955 0.0833983504
v -0.130320945 0.0131009937 0.0823655294
v -0.120061432 -0.0161736891 0.0845878941
v -0.12336152 -0.0152125167 0.0832913439
v -0.116874083 -0.0162262385 0.0864443066
v -0.126773396 -0.0140478347 0.0825011812
v -0.114031649 -0.0151494567 0.0887105787
v -0.130320945 -0.0131009937 0.0823655294
v -0.111317244 -0.0158784584 0.091027535
v -0.110078993 -0.0125993873 0.0905488815
v -0.10960223 0.0190839598 0.0892589943
v -0.10664132 0.0191594382 0.0881611949
v -0.102947589 0.0190715379 0.0883035666
v -0.0994229711 0.0181227856 0.0881573794
v -0.0990493941 0.0571534686 0.0982993668
v -0.0865111546 0.0389026499 0.103700492
v -0.0867633905 0.0339209873 0.100864733
v -0.0846346703 0.0336783041 0.100369849
v -0.0840604507 0.0277507562 0.0965318512
v -0.096334989 0.0259717263 0.0957512558
v -0.0943104115 0.0247277432 0.0960904421
v -0.102083872 0.0565247874 0.0951015285
v -0.102808095 0.0559715881 0.090909993
v -0.109416874 0.0243245485 0.0866086035
v -0.113012195 0.0233003161 0.0857497038
v -0.11318513 0.0343595347 0.0837891321
v -0.112538296 0.0297791555 0.0819823788
v -0.116205276 0.0222856386 0.0846308903
v -0.106134937 0.0240675338 0.0870309348
v -0.103667036 0.021559504 0.0870977925
v -0.100504529 0.0201989577 0.0878697886
v -0.104119914 0.0354506462 0.0814473461
v -0.101916669 0.0382166463 0.082755343
v -0.0957378387 0.0408039772 0.0758226406
v -0.0944346186 0.0454378614 0.0797199223
v -0.0972971171 0.0511561693 0.0818916027
v -0.112524921 0.0353579694 0.0815954127
v -0.107393252 0.035714347 0.0806381056
v -0.100224585 0.0531396627 0.0826511839
v -0.100738612 0.0540014704 0.0851047602
v -0.101664433 0.0547897075 0.0878306079
v -0.0830486403 0.0158249533 0.100845655
v -0.0795574621 0.0160341952 0.10173992
v -0.0858327919 0.0150739766 0.0994344676
v -0.0776867101 0.0245366555 0.101975916
v -0.0259305217 0 0.075041134
v -0.0296089711 0 0.0774755755
v -0.0178054636 0 0.0704559694
v -0.0154732308 0 0.0664182806
v -0.0312781222 -0.0236203889 0.0684953977
v -0.0317596658 -0.0224595296 0.0687208575
v -0.0300178981 -0.0211075807 0.0677348768
v -0.0293729758 -0.0197374795 0.0666141271
v -0.0285035263 -0.020587821 0.0671921845
v -0.0267703578 -0.0219760763 0.0653472187
v -0.028654483 -0.0211362437 0.0656204868
v -0.0340546293 -0.0248108669 0.0700565884
v -0.0320013916 -0.0239385504 0.0791495245
v -0.0320787777 -0.0254070607 0.0821677467
v -0.0245097878 -0.0193658148 0.0615684471
v -0.0240205987 -0.0182364836 0.0615092204
v -0.025687842 -0.0209375125 0.0615665393
v -0.0274859819 -0.021195481 0.061103148
v -0.0201931075 -0.0241535245 0.102964829
v -0.0228654734 -0.029648259 0.100599125
v -0.0259247912 -0.0268688848 0.0954540977
v -0.028598111 -0.0330677789 0.090793476
v -0.0314424547 -0.0306896881 0.0859627487
v -0.0202647632 -0.0142226804 0.05919514
v -0.0195424548 -0.0136771238 0.0597196656
v -0.021495374 -0.0157169893 0.0584508494
v -0.0183653473 -0.0135108773 0.060765898
v -0.0239938471 -0.0175638541 0.0613563418
v -0.0244085117 -0.0173192613 0.0613506184
v -0.023392875 -0.0161173171 0.0594932378
v -0.0169054399 -0.00999199181 0.0600607597
v -0.018073941 -0.0117528676 0.0603397512
v -0.0189682343 -0.0133752051 0.061296147
v -0.0605031227 -0.0139666223 0.0824773197
v -0.0577170588 -0.0142675862 0.0837461359
v -0.0561835772 -0.0189559303 0.068355902
v -0.0535131227 -0.0197174158 0.0696839733
v -0.05279941 -0.0193992543 0.070260066
v -0.0551698554 -0.0205687129 0.0685966524
v -0.0510375786 -0.0168176557 0.0684982452
v -0.035075039 0.00131373003 0.0788599975
v -0.0420296881 0 0.0806027405
v -0.035075039 -0.00131373003 0.0788599975
v -0.0331861373 -0.00630112713 0.078553329
v -0.0317520205 -0.00581098645 0.0784807194
v -0.0309876697 -0.00474471526 0.0780832177
v -0.0307029478 -0.00332015402 0.0775816139
v -0.0322517165 -0.0100913574 0.076996922
v -0.0303981585 -0.00971395864 0.0761188306
v -0.0339762858 -0.0130570436 0.0750707474
v -0.0326463138 -0.0136054664 0.0737655979
v -0.0379719357 -0.0153252573 0.0703862072
v -0.0426555006 -0.0149191964 0.0714973896
v -0.0447211638 -0.0163122274 0.0710683953
v -0.0390792882 -0.0167526862 0.0712375328
v -0.0599718984 -0.0139761764 0.0960349741
v -0.0480967318 -0.0163523567 0.0668291083
v -0.0468269546 -0.0170975993 0.0668472749
v -0.0460071857 -0.0180425289 0.0669619126
v -0.0189596351 -0.00720210704 0.0652937154
v -0.0172455729 -0.00651514555 0.0644500494
v -0.0201300511 -0.00855500974 0.0652421199
v -0.0152649482 -0.00155259008 0.0648771359
v -0.0166656219 -0.00334595087 0.0649497455
v -0.0159681503 -0.00597627727 0.0647242857
v -0.0167468378 -0.00493771384 0.0650739505
v -0.0154006213 -0.00700146444 0.0643956065
v -0.0186338318 -0.00573932812 0.0656606072
v -0.0832139311 0.0382806602 0.103952718
v -0.0802463345 0.0375831886 0.103825665
v -0.0964658842 0.0655011496 0.13063533
v -0.0910580935 0.0650616412 0.133482536
v -0.0851964689 0.0638644806 0.134838313
v -0.10242974 0.0654476392 0.13061238
v -0.100507396 0.0624704912 0.106009817
v -0.106724444 0.064985209 0.124435443
v -0.108160469 0.0653358561 0.132871989
v -0.0670153999 0.0573455102 0.172853311
v -0.0720496137 0.0593318689 0.173487719
v -0.0188316074 0.0118818519 0.171600725
v -0.0208322993 0.0112971226 0.176470633
v -0.0534213998 0.0465184623 0.185149837
v -0.0607859333 0.0494975252 0.184963558
v -0.0475578657 0.0428199563 0.185100178
v -0.0401350524 0.0367892174 0.186555273
v -0.0349040151 0.0307087979 0.187763952
v -0.0324112724 0.0260328749 0.188393576
v -0.0297627965 0.0208983389 0.187909171
v -0.0269480661 0.0153013726 0.186327877
v -0.0647901807 0.0511733678 0.185075348
v -0.0258454902 0.0107811855 0.185920865
v -0.0683243542 0.0517590527 0.184888044
v -0.0244390789 -0.0120930042 0.12666356
v -0.0254814672 -0.0130312468 0.130898035
v -0.0240473504 -0.00993084407 0.115878508
v -0.0248250769 -0.0143516647 0.134778118
v -0.023256248 -0.0175199039 0.137742808
v -0.0228826719 -0.0213101347 0.139764543
v -0.024551823 -0.0133064129 0.111805483
v -0.0249024702 -0.0165338894 0.109633802
v -0.021062557 -0.0218986849 0.106957614
v -0.025745168 -0.022385959 0.105912321
v -0.0185124884 0.00593041625 0.171776526
v -0.0182745854 0 0.172294417
v -0.0185124884 -0.00593041625 0.171776526
v -0.0188316074 -0.0118818519 0.171600725
v -0.0191277903 -0.0178523969 0.171786093
v -0.0197660282 -0.0237369521 0.171272074
v -0.0195500931 -0.0294342406 0.138252043
v -0.0188077174 -0.0302540095 0.140059765
v -0.0188593129 -0.0312772844 0.142975764
v -0.0184895595 -0.0301833041 0.147750112
v -0.0243158277 -0.0283001329 0.140508805
v -0.0193618706 -0.0297122746 0.154810778
v -0.02142658 -0.0302301231 0.165189729
v -0.0215526999 -0.029350163 0.170442731
v -0.0772328764 0.0131516318 0.106409141
v -0.0783115686 0.00894005211 0.106670023
v -0.0799520585 0.00591608476 0.100825553
v -0.076154185 0.00251089638 0.100587678
v -0.0780010498 0 0.100868549
v -0.076154185 -0.00251089638 0.100587678
v -0.0799520585 -0.00591608476 0.100825553
v -0.0783115686 -0.00894005211 0.106670023
v -0.0772328764 -0.0131516318 0.106409141
v -0.0612751188 -0.0159281407 0.0992223338
v -0.0646057809 -0.0176679971 0.0991172635
v -0.0755503459 -0.0188546542 0.105444146
v -0.0550255831 -0.0152354474 0.0852031674
v -0.0572727774 -0.0162759209 0.0935775823
v -0.0567405992 -0.017541879 0.0855528892
v -0.0348075191 0.000397463047 0.0788753167
v -0.034251451 0 0.0791686023
v -0.0812438134 0.025937331 0.10343682
v -0.0756019396 0.0257739507 0.103368026
v -0.0774669594 0.0599137312 0.174082035
v -0.0860095485 0.0646632283 0.148790564
v -0.0832731684 0.0647807419 0.1597103
v -0.0828585074 0.0606943265 0.176007242
v -0.0792564982 0.0316002225 0.0985191317
v -0.0817301328 0.0326024798 0.100052645
v -0.077211857 0.0268268442 0.0993006952
v -0.0784682602 0.0112340635 0.109402534
v -0.0971643106 0.0207512013 0.0891128071
v -0.0950203033 0.0203680703 0.0914517456
v -0.0942177338 0.0187189812 0.0953547223
v -0.0933970108 0.0179775594 0.0991420931
v -0.0906482098 0.0193753679 0.098417877
v -0.0879242503 0.0180998567 0.0978713407
v -0.0810689677 0.00736548697 0.105069652
v -0.082068358 0.0050514114 0.0983911111
v -0.0787080754 0.00241726321 0.0983672496
v -0.0801288147 0 0.0982363247
v -0.0787080754 -0.00241726321 0.0983672496
v -0.082068358 -0.0050514114 0.0983911111
v -0.0810689677 -0.00736548697 0.105069652
v -0.0784682602 -0.0112340635 0.109402534
v -0.0906482098 -0.0193753679 0.098417877
v -0.0933970108 -0.0179775594 0.0991420931
v -0.0879242503 -0.0180998567 0.0978713407
v -0.0942177338 -0.0187189812 0.0953547223
v -0.0950203033 -0.0203680703 0.0914517456
v -0.0971643106 -0.0207512013 0.0891128071
v -0.0858327919 -0.0150739766 0.0994344676
v -0.100504529 -0.0201989577 0.0878697886
v -0.0994229711 -0.0181227856 0.0881573794
v -0.103418621 -0.017095688 0.0875889178
v -0.0830486403 -0.0158249533 0.100845655
v -0.0529685227 -0.0233366226 0.076149412
v -0.0496321247 -0.02397199 0.0791944001
v -0.0513261196 -0.0224537955 0.0827161624
v -0.0560803898 -0.0219082398 0.0767313134
v -0.0576826618 -0.0220104715 0.0783622092
v -0.0570415622 -0.0183979527 0.0812046309
v -0.0560727445 -0.0249302971 0.0743178291
v -0.0538217311 -0.0237302642 0.0772089988
v -0.0873290113 -0.0313432096 0.0726219548
v -0.0875955791 -0.0320387699 0.072567455
v -0.0884898708 -0.0324782712 0.0725206432
v -0.0890860653 -0.0314979925 0.0726219548
v -0.0885481527 -0.0302759845 0.0730175202
v -0.0575259711 -0.0248280654 0.0722636338
v -0.058646703 -0.0240656242 0.0712537632
v -0.0574524006 -0.0241554341 0.0699132486
v -0.0563507785 -0.0210483435 0.0705524404
v -0.0558377067 -0.0248108669 0.0715814458
v -0.106631766 -0.0174004737 0.0890125205
v -0.109036608 -0.0157609395 0.0906739977
v -0.0795574621 -0.0160341952 0.10173992
v -0.0772032577 -0.0181065446 0.102289304
v -0.132742032 0.0193189976 0.0841903924
v -0.12941901 0.0192884233 0.0832215818
v -0.126016687 0.0198559541 0.082631138
v -0.122622967 0.0205983316 0.0827993074
v -0.119320966 0.0214018558 0.0835569524
v -0.132192652 0.00212107677 0.084580206
v -0.133337271 0.00770849011 0.0850521965
v -0.13285095 0 0.0860601879
v -0.133472944 0.0138080194 0.084249619
v -0.132192652 -0.00212107677 0.084580206
v -0.133472944 -0.0138080194 0.084249619
v -0.133337271 -0.00770849011 0.0850521965
v -0.135958998 0.0199495884 0.0853885353
v -0.122622967 -0.0205983316 0.0827993074
v -0.126016687 -0.0198559541 0.082631138
v -0.119320966 -0.0214018558 0.0835569524
v -0.12941901 -0.0192884233 0.0832215818
v -0.116205276 -0.0222856386 0.0846308903
v -0.132742032 -0.0193189976 0.0841903924
v -0.113012195 -0.0233003161 0.0857497038
v -0.135958998 -0.0199495884 0.0853885353
v -0.10960223 -0.0190839598 0.0892589943
v -0.109416874 -0.0243245485 0.0866086035
v -0.0834183955 0.0285743442 0.0997717176
v -0.0919409202 0.0244067147 0.0984599051
v -0.107381787 0.0585092348 0.101288033
v -0.109478021 0.0556333628 0.0945473611
v -0.106261055 0.0551757056 0.0906463207
v -0.103685189 0.0548556327 0.0871006969
v -0.11635719 0.0310900194 0.0832712979
v -0.116347635 0.0292727715 0.0809791712
v -0.117125363 0.0362255075 0.0852853444
v -0.114849506 0.0365111869 0.083464297
v -0.105026627 0.0387765336 0.0827563112
v -0.0992662786 0.0403616071 0.0757319213
v -0.0947556464 0.0443056651 0.0757701339
v -0.0973659084 0.0439110678 0.0726945644
v -0.102323687 0.0400491796 0.0755618157
v -0.0968958324 0.0485048246 0.0778386232
v -0.100113754 0.05016538 0.079042518
v -0.0998519636 0.0518947258 0.0808683491
v -0.110534739 0.0364882544 0.0801575159
v -0.108057282 0.0398437586 0.0826292018
v -0.102195658 0.0528845612 0.0823339799
v -0.102709685 0.0537549681 0.0847904035
v -0.101362514 0.0514026751 0.0806858286
v -0.0256333849 -0.00202935472 0.0751672184
v -0.0296863572 -0.00053982361 0.0773571223
v -0.0189835179 -0.00138252168 0.0697078348
v -0.0348075191 -0.000397463047 0.0788753167
v -0.0166837743 -0.00168348536 0.0660618959
v -0.0358651911 -0.0230433032 0.0695807823
v -0.036951526 -0.0246064016 0.0707874675
v -0.035417087 -0.020815217 0.0680511127
v -0.0332874134 -0.0224108011 0.0686482479
v -0.0312895902 -0.0227050762 0.0665281346
v -0.0303714069 -0.0212050359 0.0660867255
v -0.0330466416 -0.0230805654 0.0665673153
v -0.030109621 -0.0197135949 0.0654733315
v -0.0291646861 -0.0209919732 0.0617452157
v -0.0339313782 -0.0261093089 0.0783975744
v -0.0375009026 -0.0263930752 0.0774077497
v -0.0401350524 -0.0249580045 0.0703202607
v -0.0382595229 -0.0245710507 0.0706919646
v -0.0403748667 -0.0235439531 0.0707110424
v -0.0333638492 -0.0296377502 0.0827801727
v -0.0269757788 -0.0188250356 0.0602757409
v -0.0296070562 -0.0193820558 0.0604572647
v -0.023404343 -0.0304021009 0.104887131
v -0.0200832322 -0.0301498646 0.102982028
v -0.0215154342 -0.0299883973 0.101487695
v -0.0268372369 -0.0388080618 0.0982210624
v -0.0251585256 -0.0383093232 0.0998653412
v -0.0314577454 -0.0381889373 0.0856837572
v -0.0290271052 -0.0400940836 0.0904581054
v -0.0336199046 -0.036470102 0.0845725749
v -0.0210186069 -0.0139331819 0.0604400662
v -0.0201252675 -0.0134955901 0.0604783073
v -0.0221230978 -0.0141300027 0.0603722404
v -0.0230231215 -0.014965057 0.0606636467
v -0.0250027923 -0.0167402643 0.0617719531
v -0.0254356093 -0.0169399512 0.0618665448
v -0.0200163531 -0.0119334456 0.0635395257
v -0.0201491574 -0.0111146342 0.0641032321
v -0.0200985158 -0.012121668 0.0626108354
v -0.0221880691 -0.0118436349 0.0635328342
v -0.055794714 -0.0218929526 0.0699457663
v -0.0525299752 -0.0198024508 0.0683673771
v -0.0519538434 -0.0206011986 0.0679871024
v -0.0531061035 -0.0208075734 0.0701196306
v -0.05195862 -0.0198053161 0.0673202051
v -0.0492442153 -0.018985549 0.0651083475
v -0.0507203709 -0.0190142119 0.0657781207
v -0.0402000201 0 0.0805396983
v -0.030098153 -0.00196247385 0.0775090044
v -0.0285952493 -0.00876520637 0.0758609101
v -0.0268458362 -0.00794734971 0.0760863698
v -0.0264311716 -0.00598487652 0.075708971
v -0.02619996 -0.00410457047 0.0750697792
v -0.0309590032 -0.0138061081 0.0729850026
v -0.029393036 -0.0131908053 0.0721556592
v -0.0278500048 -0.0122401426 0.0716454561
v -0.035695121 -0.0155402314 0.0702715696
v -0.0334985648 -0.0149287504 0.0694871587
v -0.0380235276 -0.0168663824 0.0708992578
v -0.0401589388 -0.0161068083 0.065115039
v -0.0433099795 -0.01492684 0.0657112345
v -0.0448711666 -0.016158402 0.0661679343
v -0.038212704 -0.0174243601 0.0659118931
v -0.0389073104 -0.0170784913 0.0651857407
v -0.0602508864 -0.0192129432 0.0932413004
v -0.0475129582 -0.0192645369 0.0652182299
v -0.0481769902 -0.0192721805 0.0650472131
v -0.0458925338 -0.0193056218 0.0664985213
v -0.0453269125 -0.0199323899 0.065842131
v -0.0188488059 -0.0067396741 0.0663991459
v -0.019278754 -0.00711134021 0.0667717895
v -0.0202399265 -0.00830659522 0.0664201884
v -0.0205829283 -0.00998721435 0.066103924
v -0.0178723427 -0.00366793416 0.0663915148
v -0.0166656219 -0.00726229955 0.0650921171
v -0.103510343 0.0665215558 0.146536707
v -0.0975302445 0.0663237802 0.146913138
v -0.0916772187 0.0656272624 0.147315366
v -0.109408275 0.0660629482 0.14640675
v -0.110165938 0.0582837536 0.107427668
v -0.105683014 0.0634717911 0.110251012
v -0.11240549 0.0641950605 0.127428836
v -0.113844382 0.0648839329 0.135325565
v -0.114852371 0.0651399883 0.148802068
v -0.0717992887 0.0524230848 0.185444148
v -0.0777249279 0.0535333061 0.185644778
v -0.0207940797 0.00566289323 0.177376402
v -0.0251604405 0.00680273318 0.186175995
v -0.0593327066 0.0380886151 0.195472409
v -0.0534987895 0.034663363 0.195245981
v -0.0651293616 0.0408116225 0.195777198
v -0.0471565805 0.0302826724 0.195229751
v -0.0413943226 0.0243054386 0.194933561
v -0.036644829 0.0145924356 0.195637731
v -0.0350186706 0.00947414337 0.196019913
v -0.034024055 0 0.196076235
v -0.0709126407 0.0425113479 0.195370186
v -0.0500228993 -0.0181581383 0.121647465
v -0.0499178005 -0.016813833 0.124811874
v -0.0483661666 -0.0201225219 0.116880805
v -0.0499846832 -0.0165147814 0.127691597
v -0.0443972683 -0.0210913379 0.113845384
v -0.0492652365 -0.0169294424 0.13215734
v -0.0495661995 -0.0186759867 0.135557745
v -0.0498146131 -0.0219808529 0.129517428
v -0.0395264349 -0.0218910413 0.112910913
v -0.0344368083 -0.023215281 0.110137285
v -0.0270598564 -0.0291562083 0.104547034
v -0.0326673314 -0.0242165827 0.108893299
v -0.0206966263 0 0.17768979
v -0.0207940797 -0.00566289323 0.177376402
v -0.0208322993 -0.0112971226 0.176470633
v -0.0212393114 -0.0169829457 0.17660059
v -0.021972134 -0.0226353301 0.176808851
v -0.0235056191 -0.0281186001 0.177014265
v -0.0224422096 -0.0376472024 0.135047542
v -0.0219912474 -0.0390392805 0.136284809
v -0.0277286615 -0.0387010552 0.137861319
v -0.0239584962 -0.0402823061 0.139965173
v -0.0218335992 -0.035691418 0.146624579
v -0.0224059048 -0.0348592308 0.152768087
v -0.0502942455 -0.023613701 0.132314006
v -0.0240645489 -0.035583454 0.16393908
v -0.0239804713 -0.0344598569 0.168671343
v -0.0258989935 -0.0331556791 0.176226039
v -0.0646955925 -0.0197489458 0.092487471
v -0.0672580831 -0.0220123829 0.0925333147
v -0.068312888 -0.0190734492 0.0985401458
v -0.0604257294 -0.0191584843 0.0796453765
v -0.059271558 -0.0190342757 0.0851582919
v -0.0605556721 -0.0203107444 0.0818811241
v -0.0382795866 0 0.0806113398
v -0.0833486476 0.0236146549 0.1012431
v -0.0860248357 0.0215833904 0.0991908412
v -0.0903472462 0.054455305 0.185425981
v -0.0888366955 0.0657619816 0.15911792
v -0.092175003 0.0616144176 0.175891636
v -0.0804402883 0.0289622536 0.0962442604
v -0.0896870372 0.0218050524 0.0973840879
v -0.0833486476 -0.0236146549 0.1012431
v -0.0860248357 -0.0215833904 0.0991908412
v -0.0812438134 -0.025937331 0.10343682
v -0.0896870372 -0.0218050524 0.0973840879
v -0.0776867101 -0.0245366555 0.101975916
v -0.0919409202 -0.0244067147 0.0984599051
v -0.0943104115 -0.0247277432 0.0960904421
v -0.096334989 -0.0259717263 0.0957512558
v -0.0743589122 -0.0221977383 0.102403031
v -0.095399613 -0.0249379407 0.0905211475
v -0.103667036 -0.021559504 0.0870977925
v -0.102947589 -0.0190715379 0.0883035666
v -0.0714696627 -0.0206594802 0.100654536
v -0.0478177438 -0.0213779712 0.0782275257
v -0.0463243933 -0.0255293579 0.0809390224
v -0.0505818326 -0.0204425948 0.0754204121
v -0.052952278 -0.0231703752 0.0767322246
v -0.0486250908 -0.0249818909 0.0835903813
v -0.0511598723 -0.0209833739 0.0866955641
v -0.0458438035 -0.0259468842 0.0846385214
v -0.0541255593 -0.0212069473 0.0800399738
v -0.0562858108 -0.0212098125 0.0813451233
v -0.0547876801 -0.0241315494 0.0705667915
v -0.0545679294 -0.0246274228 0.0738334237
v -0.0878592803 -0.033304728 0.0843499626
v -0.0877226524 -0.0308244073 0.0727929717
v -0.0892150498 -0.0353923664 0.0852241815
v -0.0906998035 -0.0356474679 0.0859445821
v -0.0929651518 -0.0348659187 0.0870061052
v -0.0916953721 -0.0335808507 0.0856006122
v -0.0890124965 -0.0317081865 0.0851095438
v -0.0558921674 -0.0243369686 0.070501813
v -0.0547829035 -0.0231159163 0.0698588057
v -0.10664132 -0.0191594382 0.0881611949
v -0.127730749 0.0284998198 0.0831881529
v -0.123964403 0.0287415473 0.0818954182
v -0.120156976 0.028957477 0.0808157855
v -0.135292101 0.00263319274 0.0853302769
v -0.136542772 0.00834290267 0.0864719837
v -0.135723961 0.000334403998 0.0860420782
v -0.136609651 0.0151991391 0.0858079622
v -0.136028746 0 0.0862169106
v -0.135723961 -0.000334403998 0.0860420782
v -0.135292101 -0.00263319274 0.0853302769
v -0.139199851 0.0199839836 0.0870280874
v -0.136542772 -0.00834290267 0.0864719837
v -0.139199851 -0.0199839836 0.0870280874
v -0.136609651 -0.0151991391 0.0858079622
v -0.131343266 0.0282800691 0.0847923398
v -0.112538296 -0.0297791555 0.0819823788
v -0.116347635 -0.0292727715 0.0809791712
v -0.120156976 -0.028957477 0.0808157855
v -0.123964403 -0.0287415473 0.0818954182
v -0.108735645 -0.0304861821 0.0828776118
v -0.127730749 -0.0284998198 0.0831881529
v -0.105230136 -0.0301622865 0.0850101684
v -0.131343266 -0.0282800691 0.0847923398
v -0.106134937 -0.0240675338 0.0870309348
v -0.0960435796 -0.0251156526 0.0859694117
v -0.0996169249 -0.0261943439 0.0847187621
v -0.102393434 -0.0282246545 0.0868799639
v -0.108859852 0.0567368962 0.100575263
v -0.114842818 0.0558626666 0.101331029
v -0.112201981 0.0530832907 0.0896861093
v -0.115267032 0.0535476358 0.0930339504
v -0.118294822 0.0538810845 0.0963875432
v -0.109079603 0.0528167247 0.0863965267
v -0.106309783 0.0521163878 0.0828957784
v -0.120553483 0.029957823 0.0836773419
v -0.119932447 0.0349175106 0.0856101795
v -0.115910043 0.038895962 0.0832607624
v -0.113166976 0.0378296908 0.0815524164
v -0.0983930065 0.0461038013 0.0751290058
v -0.105549252 0.0417240647 0.076005161
v -0.10073479 0.044635291 0.0739375828
v -0.111172972 0.0403711638 0.082968388
v -0.101817304 0.0482764747 0.0762583548
v -0.103486458 0.0511743217 0.0792431481
v -0.0198845027 -0.00302014601 0.0692903441
v -0.0204348333 -0.00489471938 0.0691718339
v -0.0364919574 -0.0232592312 0.0672609785
v -0.0364203017 -0.0214878465 0.066857782
v -0.0359530913 -0.0206241293 0.0666103115
v -0.0368177643 -0.024722011 0.0668940867
v -0.0381343604 -0.0246885696 0.0667908958
v -0.0320329198 -0.0221881834 0.0621063557
v -0.0311453179 -0.0211830609 0.0615292948
v -0.0304449775 -0.0202935459 0.0614987134
v -0.0340546293 -0.0222541086 0.0613773558
v -0.0348466891 -0.0224566625 0.0624961977
v -0.030848174 -0.0199935385 0.061719418
v -0.0369037532 -0.0282533175 0.0809247283
v -0.042384158 -0.0263367049 0.0789469581
v -0.041690509 -0.0271660269 0.0829531258
v -0.0432669833 -0.0251443156 0.0721900562
v -0.0441918509 -0.0217448594 0.0707559749
v -0.045287739 -0.0235353539 0.0720142556
v -0.043384504 -0.0227385175 0.0706336492
v -0.0412777558 -0.0239834562 0.0706642306
v -0.0404255048 -0.0245681855 0.068011932
v -0.0360371689 -0.0331040872 0.0845964933
v -0.0300226746 -0.0178084468 0.062356702
v -0.0285293241 -0.0173269049 0.0615847059
v -0.0312647464 -0.0184199277 0.0636188267
v -0.0244113734 -0.0373338175 0.10263709
v -0.0249875016 -0.0358251798 0.105299895
v -0.0286344228 -0.0343614461 0.104910082
v -0.0268993394 -0.0421731227 0.0999494543
v -0.0261512333 -0.0404858157 0.105013273
v -0.0327389906 -0.0457321365 0.0916581276
v -0.0332205307 -0.0435116939 0.0865857101
v -0.0352202688 -0.0423374587 0.0850875617
v -0.0291283813 -0.0444241396 0.100961261
v -0.03726873 -0.0405536522 0.0854200849
v -0.0246253935 -0.0128497131 0.0637927195
v -0.0234549775 -0.0114968095 0.063844315
v -0.0251738163 -0.0141185373 0.0631688184
v -0.0253553473 -0.0163523567 0.0624665559
v -0.0262830837 -0.0160418387 0.0615254508
v -0.0273847058 -0.0152239812 0.0607410399
v -0.0215221256 -0.0115340717 0.0663093379
v -0.0223648235 -0.01143184 0.0666351412
v -0.0533468753 -0.0210674533 0.0699648441
v -0.0499818144 -0.0208477009 0.0683014306
v -0.0510117808 -0.0239949207 0.0686329857
v -0.0524841138 -0.0232363022 0.0686368013
v -0.0535245872 -0.022277995 0.068545057
v -0.0487282782 -0.0204062882 0.0673259284
v -0.0482859081 -0.0206145744 0.0675609841
v -0.047503405 -0.0208582114 0.0665434253
v -0.0263060127 -0.0111614504 0.07176203
v -0.024575713 -0.0104620683 0.0715575843
v -0.0230985999 -0.00960694944 0.0710435657
v -0.0223094053 -0.00782792035 0.0707789252
v -0.0212498256 -0.00642342349 0.0699553337
v -0.0312446791 -0.0147013553 0.0690161363
v -0.0290423888 -0.0141672649 0.0687973395
v -0.0269595342 -0.0131019494 0.0683043065
v -0.0346460483 -0.0147128207 0.0707550068
v -0.0377646034 -0.0163896189 0.0653883071
v -0.0353014812 -0.0147214199 0.0649688802
v -0.0368263635 -0.0150625122 0.0652230136
v -0.0404360154 -0.017959407 0.0628783517
v -0.0419847841 -0.0179584513 0.0625688073
v -0.0434810035 -0.0180348854 0.0630016171
v -0.045287739 -0.0180281974 0.0649230081
v -0.038110474 -0.0178915705 0.0647825442
v -0.0361269805 -0.0176164034 0.0620480972
v -0.0388471192 -0.0178676841 0.0636427167
v -0.0621971158 -0.0195712339 0.0860535249
v -0.0621827844 -0.0201712504 0.0882815844
v -0.0619639894 -0.0198635977 0.0913590902
v -0.090963505 -0.0284329389 0.100335452
v -0.0464447756 -0.0213626841 0.0665319787
v -0.045293473 -0.0204550149 0.0666848289
v -0.0443705167 -0.0206719003 0.0646736299
v -0.044435488 -0.0218270274 0.064698488
v -0.0179889095 -0.00807155741 0.0654274878
v -0.0180032392 -0.0114270625 0.0649554973
v -0.0183405106 -0.00997001674 0.0651609111
v -0.0192405344 -0.0110238669 0.065501037
v -0.0181408201 -0.00604220291 0.0667221018
v -0.108075436 0.0660247285 0.161895363
v -0.102642804 0.066621878 0.16009533
v -0.0945110539 0.0664565845 0.159237341
v -0.113603612 0.0652603778 0.1633467
v -0.114563829 0.0592143517 0.11327305
v -0.121374205 0.0562114025 0.107296743
v -0.122480606 0.056899321 0.110511837
v -0.118296733 0.0555588384 0.104349251
v -0.118470623 0.0624523389 0.126901434
v -0.119679255 0.0633045898 0.135808034
v -0.120334688 0.063724031 0.150864862
v -0.119124144 0.064041235 0.163834921
v -0.0761274316 0.0428954346 0.195817347
v -0.0836505672 0.0445349688 0.19535014
v -0.0250018384 0 0.186321214
v -0.0694068665 0.0279657303 0.204188914
v -0.0638605383 0.0255035602 0.203719771
v -0.0586113486 0.0214983554 0.203925185
v -0.0749302657 0.0293683154 0.204166932
v -0.0537118522 0.0160838775 0.20409717
v -0.0508569979 0.0115780219 0.203979685
v -0.0495174728 0.00782123244 0.204448771
v -0.048577318 0 0.204477416
v -0.0251604405 -0.00680273318 0.186175995
v -0.0258454902 -0.0107811855 0.185920865
v -0.0350186706 -0.00947414337 0.196019913
v -0.0495174728 -0.00782123244 0.204448771
v -0.0504270497 -0.0248739251 0.127460386
v -0.0503066638 -0.0214305206 0.121419157
v -0.0488543982 -0.0238764461 0.115217391
v -0.0435345067 -0.0270341748 0.110360866
v -0.0362139269 -0.0278816509 0.107576703
v -0.0330934569 -0.0258847817 0.107405686
v -0.0269480661 -0.0153013726 0.186327877
v -0.0297627965 -0.0208983389 0.187909171
v -0.0324112724 -0.0260328749 0.188393576
v -0.0257442141 -0.0436702959 0.133363058
v -0.0261053683 -0.0425734504 0.130718419
v -0.0300952842 -0.0423068844 0.132347435
v -0.0277095552 -0.0453117451 0.137371161
v -0.02565536 -0.0406530169 0.144817883
v -0.0261970912 -0.039601079 0.151313903
v -0.0279101925 -0.0402813522 0.163447954
v -0.0274324786 -0.0390115714 0.167539146
v -0.0291312501 -0.0375249087 0.17484828
v -0.0349040151 -0.0307087979 0.187763952
v -0.062991087 -0.0204110648 0.0944193405
v -0.0639675466 -0.0214763803 0.097316262
v -0.0687772314 -0.021644539 0.096971324
v -0.0644166046 -0.0218671567 0.100546561
v -0.0553599892 -0.0201999134 0.0845037809
v -0.0639579934 -0.0199448101 0.0851267423
v -0.0591836577 -0.0204234867 0.0851095438
v -0.0981264387 0.0542288664 0.186047006
v -0.097566551 0.0621532872 0.175338437
v -0.0965700273 0.0439129791 0.195804932
v -0.0756019396 -0.0257739507 0.103368026
v -0.077211857 -0.0268268442 0.0993006952
v -0.0804402883 -0.0289622536 0.0962442604
v -0.074606372 -0.0240532023 0.107495494
v -0.0724996274 -0.0222999701 0.105450866
v -0.0834183955 -0.0285743442 0.0997717176
v -0.0840604507 -0.0277507562 0.0965318512
v -0.087135057 -0.0271612486 0.097288528
v -0.0700307693 -0.0222435998 0.100987059
v -0.05108344 -0.0230347039 0.0755131246
v -0.0527908108 -0.0216846665 0.0749217127
v -0.0529666113 -0.0214916674 0.072457601
v -0.0536736361 -0.0230041296 0.0728770279
v -0.0486977039 -0.0244669077 0.0882385882
v -0.0514522396 -0.0197756974 0.0906855014
v -0.0455839254 -0.026349125 0.0883609139
v -0.052651315 -0.0200929033 0.0834661763
v -0.0405525786 -0.0293769146 0.0881975282
v -0.054060588 -0.0225703606 0.0703833598
v -0.0538140857 -0.0219216156 0.0702104067
v -0.0893325689 -0.0398084077 0.0950097842
v -0.0896574185 -0.0364003541 0.0891338781
v -0.0927444452 -0.0375640787 0.0894883266
v -0.0949820859 -0.0366172396 0.0908727486
v -0.0933865009 -0.0346022143 0.0894386673
v -0.0919886922 -0.0319059656 0.0879595966
v -0.0884936926 -0.0313441671 0.0873261567
v -0.128770265 0.0306772697 0.0863974948
v -0.124755509 0.0300533651 0.0848324886
v -0.138492826 0.00330008984 0.0858309126
v -0.139976623 0.00925343705 0.0870557644
v -0.138893154 0.000807346797 0.086887595
v -0.140032038 0.0160322838 0.0869124816
v -0.139237113 0 0.0864863347
v -0.142252481 0.0200260224 0.0888405355
v -0.138893154 -0.000807346797 0.086887595
v -0.138492826 -0.00330008984 0.0858309126
v -0.139976623 -0.00925343705 0.0870557644
v -0.134722657 0.0281463074 0.0870118
v -0.140032038 -0.0160322838 0.0869124816
v -0.134722657 -0.0281463074 0.0870118
v -0.142252481 -0.0200260224 0.0888405355
v -0.132709547 0.0315667829 0.0881736097
v -0.109635669 -0.0341856455 0.0838837239
v -0.11318513 -0.0343595347 0.0837891321
v -0.11635719 -0.0310900194 0.0832712979
v -0.120553483 -0.029957823 0.0836773419
v -0.124755509 -0.0300533651 0.0848324886
v -0.128770265 -0.0306772697 0.0863974948
v -0.102335152 -0.0306027453 0.0871991042
v -0.105699257 -0.03153812 0.0844827668
v -0.0990790128 -0.0304183455 0.0904189247
v -0.132709547 -0.0315667829 0.0881736097
v -0.0934113424 -0.0293654484 0.0967362969
v -0.0959719217 -0.030139354 0.0935279231
v -0.121428666 0.053477888 0.099615963
v -0.123723631 0.0503449996 0.0937285532
v -0.120913683 0.050307741 0.0908517345
v -0.118855665 0.0489653471 0.087638577
v -0.12577783 0.0495023018 0.0972035037
v -0.128892563 0.0489672584 0.0995987645
v -0.11690848 0.0474758156 0.0842401086
v -0.114270509 0.0464133671 0.0814454099
v -0.125671774 0.0338751258 0.0865694798
v -0.122857047 0.03419711 0.0856455447
v -0.118834646 0.0393125344 0.0847808931
v -0.117561044 0.0407667149 0.0823741287
v -0.114432934 0.0405020567 0.0826923009
v -0.104310046 0.0453881773 0.0752493953
v -0.108728958 0.0433655102 0.0770465812
v -0.110863409 0.0458544338 0.0796233943
v -0.107533701 0.0456165272 0.0774660081
v -0.0194411788 -0.00801805236 0.0673154214
v -0.0369954761 -0.0227194077 0.0630465211
v -0.0363075576 -0.0216512269 0.0627274093
v -0.0380837224 -0.023883134 0.063923616
v -0.0400127551 -0.0239414156 0.064402298
v -0.0333418741 -0.0203518275 0.0606302178
v -0.03147399 -0.0195072183 0.0616840528
v -0.0352890592 -0.0208467452 0.0612082468
v -0.036689733 -0.0213024911 0.0631850488
v -0.0477671058 -0.0237541506 0.0738143459
v -0.0461065504 -0.0244028938 0.0732745296
v -0.044395357 -0.0222158907 0.0684428341
v -0.0429908606 -0.0239595698 0.0681772255
v -0.0450527011 -0.023417835 0.0692683619
v -0.0457090879 -0.0246092686 0.0701014639
v -0.0430051938 -0.0243197701 0.0653271443
v -0.0383560224 -0.0343585773 0.0893001112
v -0.0376575933 -0.0401284806 0.0885433774
v -0.0314768516 -0.0163781526 0.062208607
v -0.0303589921 -0.0149383053 0.0615159119
v -0.0286248626 -0.0144328771 0.0609502978
v -0.0328679758 -0.0179441199 0.062229621
v -0.0329654292 -0.0164631877 0.0626414168
v -0.0274649607 -0.040146633 0.107533706
v -0.0297742575 -0.0386618817 0.107472544
v -0.0352947933 -0.0449630092 0.110481255
v -0.0342466745 -0.0429642286 0.111374609
v -0.0370098058 -0.0501691991 0.107557625
v -0.0399831347 -0.0519147895 0.104140933
v -0.0407102268 -0.0521096999 0.0918205452
v -0.038974193 -0.0474519292 0.0854449145
v -0.0434532944 -0.0540759949 0.103077531
v -0.0396363102 -0.0460531633 0.0842401086
v -0.0407904817 -0.0458601642 0.0860429894
v -0.0367231761 -0.049909321 0.111129046
v -0.0250362354 -0.0120719848 0.0663590256
v -0.0256591826 -0.0154265351 0.0635166039
v -0.0261569638 -0.0140421024 0.0644873223
v -0.021880411 -0.0117987291 0.0657322486
v -0.0494458136 -0.0244802852 0.066606496
v -0.0507576332 -0.0245309233 0.0694537298
v -0.0528032292 -0.0231455349 0.0701148469
v -0.0487684057 -0.0250430377 0.0673832758
v -0.0476495851 -0.0236041461 0.0666915203
v -0.0246932265 -0.012511487 0.0681915766
v -0.0226189711 -0.0115761114 0.067946014
v -0.020790257 -0.00992893273 0.0677941034
v -0.0324256057 -0.015411248 0.0689387431
v -0.0326052289 -0.0153032822 0.0694259958
v -0.0296080101 -0.0131994037 0.0700680351
v -0.0313698451 -0.0155258999 0.068600468
v -0.0274792904 -0.0129920732 0.0692922234
v -0.03400208 -0.0149727006 0.0651226986
v -0.0342743836 -0.0158020226 0.0621665504
v -0.0352451091 -0.0172256288 0.0618579456
v -0.0402258179 -0.0193858785 0.0639016338
v -0.0410761611 -0.020118701 0.0646554917
v -0.0384802274 -0.0190495628 0.0636226423
v -0.0374024918 -0.0195167732 0.0638414391
v -0.0356932097 -0.0194451158 0.0633847392
v -0.0339313782 -0.0180463516 0.0626270942
v -0.058799571 -0.0198922607 0.0886131395
v -0.0588951167 -0.0194212294 0.0921874654
v -0.0592629588 -0.0194307843 0.0957502877
v -0.0598667997 -0.0202534184 0.0991736427
v -0.091545368 -0.0300982727 0.0917393364
v -0.094070596 -0.0313498975 0.0930100889
v -0.0872860164 -0.0332588665 0.0919285198
v -0.0870633987 -0.0311674091 0.0983605297
v -0.0456613151 -0.0231971286 0.0668491827
v -0.0440676423 -0.0220897726 0.0669055334
v -0.0408936691 -0.0231378914 0.0635949368
v -0.0433032916 -0.0234789836 0.0637134185
v -0.113727819 0.0606780819 0.176765855
v -0.108312385 0.0611940225 0.176767791
v -0.102935169 0.0618379909 0.17591265
v -0.11907255 0.0597274236 0.176440052
v -0.123158014 0.060030298 0.123125567
v -0.127333287 0.0528721393 0.106519052
v -0.131845828 0.0520561931 0.10954781
v -0.124479386 0.0530087698 0.10294951
v -0.127174681 0.0571888195 0.118581462
v -0.124921753 0.0609972008 0.133514028
v -0.125923056 0.0616105949 0.150566736
v -0.124536712 0.0622450101 0.16329704
v -0.124326515 0.0583191045 0.175992891
v -0.0818744042 0.0294629036 0.204510902
v -0.0949792195 0.0306791775 0.203922338
v -0.0766701221 0.0166953585 0.208885869
v -0.0725999478 0.0142608974 0.209088379
v -0.0691469866 0.0111318318 0.209208768
v -0.065960595 0.0089161666 0.209323406
v -0.0638700914 0.00645399736 0.209260364
v -0.082030141 0.0184208834 0.208434893
v -0.0623518988 0 0.209240318
v -0.036644829 -0.0145924356 0.195637731
v -0.0508569979 -0.0115780219 0.203979685
v -0.0638700914 -0.00645399736 0.209260364
v -0.0313545544 -0.0433645564 0.128087163
v -0.0364088337 -0.0421950978 0.120098689
v -0.0361269805 -0.0411164046 0.110941799
v -0.0413943226 -0.0243054386 0.194933561
v -0.0320319659 -0.0478274167 0.131112048
v -0.029654829 -0.0467334364 0.130109808
v -0.0294503619 -0.0443773243 0.12809001
v -0.0300465575 -0.0449716049 0.142787549
v -0.0305949802 -0.0440257197 0.151032064
v -0.0322488477 -0.0441308184 0.161559081
v -0.0317032938 -0.0429690052 0.167179914
v -0.0333055658 -0.0411555782 0.174366722
v -0.0401350524 -0.0367892174 0.186555273
v -0.0471565805 -0.0302826724 0.195229751
v -0.06110696 -0.0221853182 0.101666343
v -0.0661841683 -0.0240589345 0.101993114
v -0.063849072 -0.0238468275 0.102698252
v -0.0656825627 -0.0266434001 0.103486479
v -0.0520369671 -0.0185680209 0.0870242718
v -0.0549825904 -0.0187371336 0.0876405133
v -0.0548688924 -0.0175380563 0.0908851634
v -0.107782117 0.0529533516 0.186895428
v -0.104890954 0.0420001874 0.196595038
v -0.101675898 0.0301221591 0.204101954
v -0.0739652706 -0.0298928517 0.099774565
v -0.0767551572 -0.0307298191 0.0982229417
v -0.0792564982 -0.0316002225 0.0985191317
v -0.0817301328 -0.0326024798 0.100052645
v -0.0713626526 -0.0263672792 0.103320246
v -0.0723773301 -0.0275539345 0.100737681
v -0.0682823137 -0.0262124963 0.102651441
v -0.0846346703 -0.0336783041 0.100369849
v -0.0507299241 -0.0222369119 0.0738229452
v -0.0517627557 -0.0206613897 0.0733519228
v -0.0527869881 -0.0213808364 0.0719216002
v -0.0489891138 -0.02363663 0.0928858838
v -0.0516022424 -0.0185718436 0.0946811335
v -0.0448568369 -0.0263730114 0.0951168477
v -0.0420736383 -0.0295938001 0.0969694447
v -0.0400433294 -0.0325231788 0.100076507
v -0.0853197209 -0.0479162744 0.0983729445
v -0.0875583168 -0.045271614 0.0971557238
v -0.0882051498 -0.0409625792 0.0980117761
v -0.083261703 -0.049925562 0.100871453
v -0.0863821699 -0.0328757373 0.0884153568
v -0.0900262183 -0.0383150572 0.0919963457
v -0.089243713 -0.0439473761 0.093927304
v -0.0910208314 -0.0434553218 0.0902803686
v -0.0930444534 -0.0431314299 0.0870567325
v -0.0949887738 -0.0394472536 0.0882643859
v -0.0980796224 -0.0368561001 0.0896526804
v -0.100070759 -0.0343585773 0.0879147211
v -0.1013864 -0.0335512303 0.0851410934
v -0.0986309113 -0.0342467906 0.0910017373
v -0.0965910467 -0.0331222396 0.0930397022
v -0.131225749 0.0341980639 0.0892351328
v -0.128419622 0.0338808598 0.0880427417
v -0.141637179 0.00355901406 0.0868522868
v -0.143289135 0.010159194 0.0878201294
v -0.141972539 0.0010853799 0.0880761706
v -0.143380854 0.0165023594 0.0884277716
v -0.142357579 0 0.0873634011
v -0.144530249 0.022439464 0.0901609472
v -0.141972539 -0.0010853799 0.0880761706
v -0.137837393 0.0280870701 0.0896822937
v -0.141637179 -0.00355901406 0.0868522868
v -0.143289135 -0.010159194 0.0878201294
v -0.143380854 -0.0165023594 0.0884277716
v -0.136484489 0.0323292259 0.0902995033
v -0.144530249 -0.022439464 0.0901609472
v -0.137837393 -0.0280870701 0.0896822937
v -0.136484489 -0.0323292259 0.0902995033
v -0.134014678 0.0346327886 0.0903864639
v -0.109621338 -0.0344588995 0.0814664239
v -0.112524921 -0.0353579694 0.0815954127
v -0.114849506 -0.0365111869 0.083464297
v -0.117125363 -0.0362255075 0.0852853444
v -0.119932447 -0.0349175106 0.0856101795
v -0.122857047 -0.03419711 0.0856455447
v -0.125671774 -0.0338751258 0.0865694798
v -0.128419622 -0.0338808598 0.0880427417
v -0.131225749 -0.0341980639 0.0892351328
v -0.104077875 -0.0332330688 0.0836190834
v -0.106845784 -0.0336706623 0.0823502103
v -0.134014678 -0.0346327886 0.0903864639
v -0.131235302 0.047198739 0.102368634
v -0.13006011 0.046136287 0.096709531
v -0.127561637 0.046028323 0.0937887479
v -0.125364123 0.045891696 0.0905832785
v -0.123079667 0.0455955096 0.0874828794
v -0.120999674 0.0444948414 0.0844225721
v -0.132600625 0.0453012345 0.0993561062
v -0.134640491 0.0435030947 0.101979731
v -0.118633047 0.0433712443 0.0816145474
v -0.115551754 0.0431600929 0.079448562
v -0.124750729 0.0394663598 0.0878516789
v -0.121728673 0.0393459775 0.0864681681
v -0.120090095 0.0414899843 0.0843222855
v -0.112137967 0.0438097917 0.0782217738
v -0.0391815217 -0.0220601539 0.0624245278
v -0.0474518095 -0.0255608879 0.0707674216
v -0.0520465202 -0.0231302478 0.071493574
v -0.0495853093 -0.0249790238 0.0708868429
v -0.0444479063 -0.0221404124 0.0676918806
v -0.0439711428 -0.0237895015 0.0665424857
v -0.0456240529 -0.0241172179 0.0680300987
v -0.0469874679 -0.0250115095 0.067898234
v -0.0369649018 -0.0410399724 0.0955104769
v -0.0454195894 -0.05003926 0.0884869982
v -0.0314329015 -0.0145675945 0.0642417882
v -0.0298420976 -0.0130627759 0.0639599207
v -0.032115086 -0.0164221028 0.0652249214
v -0.027870065 -0.013090484 0.0642264974
v -0.0354849235 -0.0460330995 0.120845855
v -0.0348151609 -0.0494516637 0.121551962
v -0.0347989199 -0.0445665006 0.120198064
v -0.038854761 -0.0497268326 0.111578087
v -0.0385260889 -0.0502924538 0.107762071
v -0.0399993793 -0.0502360817 0.105480479
v -0.0437962962 -0.0520600157 0.102668639
v -0.0438612675 -0.0525530239 0.087893707
v -0.0495747987 -0.05847293 0.0974480982
v -0.0523694619 -0.0578127206 0.0944547056
v -0.0467801356 -0.0559171274 0.103636482
v -0.0453775506 -0.0512727325 0.087046197
v -0.0475960818 -0.0539584742 0.102805259
v -0.0368024771 -0.0502676099 0.121716259
v -0.0264646147 -0.0132022707 0.0684801355
v -0.0248088394 -0.0132720177 0.0673307121
v -0.0550150725 -0.0164440778 0.0942683696
v -0.0556026688 -0.0161144518 0.0976143314
v -0.0566020609 -0.0178648171 0.100492118
v -0.0572307386 -0.0209747747 0.102171762
v -0.0867404602 -0.0425075252 0.100658351
v -0.0886417858 -0.0344302365 0.0949161606
v -0.0887124883 -0.0365704242 0.0977232741
v -0.087513411 -0.0382481745 0.100549465
v -0.0867633905 -0.0339209873 0.100864733
v -0.0865111546 -0.0389026499 0.103700492
v -0.11490301 0.0521526926 0.18706075
v -0.122323912 0.0494115363 0.187569016
v -0.129455319 0.0583659199 0.130068748
v -0.134544945 0.0465241963 0.104237461
v -0.137615731 0.045857299 0.109091082
v -0.131895512 0.0540845941 0.115613868
v -0.134019455 0.055136532 0.12727217
v -0.130713631 0.0591398273 0.14781697
v -0.129836537 0.060336995 0.162182043
v -0.129443851 0.056535298 0.175307855
v -0.129827937 0.0464620938 0.186807556
v -0.0928457218 0.0186482776 0.20858108
v -0.0993637338 0.0179832916 0.20821416
v -0.0794743384 0.00733969012 0.210797693
v -0.075040141 0.00569919978 0.210643874
v -0.0912310282 0.00871456833 0.210819675
v -0.0718489711 0 0.210369667
v -0.0537118522 -0.0160838775 0.20409717
v -0.0586113486 -0.0214983554 0.203925185
v -0.065960595 -0.0089161666 0.209323406
v -0.0342438092 -0.0478312393 0.130641025
v -0.0350291811 -0.0458945612 0.139021192
v -0.0355842918 -0.0476334638 0.150968965
v -0.0369658557 -0.0476888784 0.160242485
v -0.0364632944 -0.0461917051 0.166742321
v -0.0377894473 -0.0443324167 0.1738871
v -0.0423994451 -0.0473410964 0.173576616
v -0.0475578657 -0.0428199563 0.185100178
v -0.0534987895 -0.034663363 0.195245981
v -0.0568858254 -0.0240598902 0.100967924
v -0.0674157294 -0.0294466625 0.103080435
v -0.0587766421 -0.0262879764 0.102430708
v -0.060322542 -0.0288456904 0.104164851
v -0.0510796173 -0.0170240306 0.0986758544
v -0.0522691397 -0.0169953676 0.0906711503
v -0.0524191425 -0.0156157115 0.0943362524
v -0.111993696 0.0407619384 0.196669584
v -0.111541773 0.0272032891 0.20386499
v -0.1067168 0.0169972789 0.208124352
v -0.0738401081 -0.0348496741 0.0978302807
v -0.0769022938 -0.0357592546 0.0979621168
v -0.0712642418 -0.0340690787 0.0997784375
v -0.0787262287 -0.0369315784 0.100706131
v -0.0802463345 -0.0375831886 0.103825665
v -0.0832139311 -0.0382806602 0.103952718
v -0.0692989025 -0.0319451356 0.101618563
v -0.0488868803 -0.0229620908 0.0975646721
v -0.0441412093 -0.0262239626 0.101594701
v -0.0481244409 -0.0217458151 0.101939639
v -0.0433520183 -0.0256229904 0.10576135
v -0.0372563117 -0.0372420981 0.105926672
v -0.0369047071 -0.0438948267 0.104195433
v -0.0443284779 -0.0308759992 0.10826749
v -0.0885615287 -0.04700574 0.100424292
v -0.0879261612 -0.0437667954 0.0986844537
v -0.0866229408 -0.0507692173 0.10086667
v -0.0906921601 -0.0413323362 0.0957531351
v -0.0798632025 -0.0499389379 0.102262538
v -0.0831518277 -0.052682009 0.100365066
v -0.092476922 -0.0432307946 0.0931877687
v -0.0932603828 -0.0467277059 0.0905268993
v -0.0950728525 -0.048278386 0.0873624899
v -0.0943323866 -0.0421864985 0.0835025095
v -0.0962442222 -0.0391501097 0.0849987217
v -0.100094645 -0.0367729764 0.0867347448
v -0.130662039 0.0387574237 0.0907991709
v -0.127729792 0.0392542545 0.0892790972
v -0.144336296 0.0035618804 0.0887937237
v -0.146016915 0.0107334136 0.0900281429
v -0.144910517 0.00128315594 0.0896918041
v -0.146111503 0.0173880535 0.0909529892
v -0.145322309 0 0.0887507275
v -0.146511831 0.0233958599 0.0928352565
v -0.144910517 -0.00128315594 0.0896918041
v -0.140815498 0.0282743369 0.0924893503
v -0.144336296 -0.0035618804 0.0887937237
v -0.139879166 0.0324247679 0.0931514924
v -0.146016915 -0.0107334136 0.0900281429
v -0.146111503 -0.0173880535 0.0909529892
v -0.146511831 -0.0233958599 0.0928352565
v -0.136673668 0.0350159215 0.0918835874
v -0.140815498 -0.0282743369 0.0924893503
v -0.139879166 -0.0324247679 0.0931514924
v -0.136673668 -0.0350159215 0.0918835874
v -0.133754797 0.0386303499 0.0920403101
v -0.104119914 -0.0354506462 0.0814473461
v -0.107393252 -0.035714347 0.0806381056
v -0.101793417 -0.0360506644 0.0835512006
v -0.110534739 -0.0364882544 0.0801575159
v -0.113166976 -0.0378296908 0.0815524164
v -0.115910043 -0.038895962 0.0832607624
v -0.118834646 -0.0393125344 0.0847808931
v -0.121728673 -0.0393459775 0.0864681681
v -0.124750729 -0.0394663598 0.0878516789
v -0.127729792 -0.0392542545 0.0892790972
v -0.130662039 -0.0387574237 0.0907991709
v -0.133754797 -0.0386303499 0.0920403101
v -0.138103005 0.0428438427 0.103343139
v -0.138354284 0.0410246853 0.0975455374
v -0.135635103 0.0419485955 0.096041694
v -0.132769738 0.0428438427 0.0946534564
v -0.130044823 0.0434562793 0.0928677172
v -0.127480424 0.0432948085 0.0908249686
v -0.125014433 0.0425581668 0.0886847809
v -0.122538886 0.0420250313 0.0865761428
v -0.140547021 0.0402202035 0.0998624937
v -0.142301207 0.03951031 0.102851103
v -0.0451348674 -0.0516730638 0.102008433
v -0.0532293582 -0.0567435842 0.0938269605
v -0.0528519594 -0.0553667933 0.0949371747
v -0.0376843485 -0.0467334364 0.121762159
v -0.0385604859 -0.0456260839 0.112340515
v -0.0400939675 -0.0491526121 0.106230493
v -0.0500085696 -0.0539030596 0.102584526
v -0.056317339 -0.0590356824 0.0978723088
v -0.0511455425 -0.0571983726 0.104433307
v -0.0599642531 -0.0600838012 0.102194712
v -0.0597282614 -0.0599557735 0.0994564498
v -0.0569393287 -0.057535644 0.0971203586
v -0.0527134176 -0.056051843 0.102890283
v -0.0355059447 -0.0464601825 0.130242612
v -0.0525748793 -0.0139207609 0.0982344453
v -0.0531729861 -0.012501933 0.102020848
v -0.0532408227 -0.0142159925 0.10390209
v -0.0530334904 -0.0183673783 0.103843832
v -0.0840031248 -0.0438661637 0.10169886
v -0.0769233141 -0.049539564 0.100013465
v -0.0815008272 -0.0441852791 0.103877261
v -0.0786937439 -0.0437964159 0.103967069
v -0.120850625 0.0386666582 0.196016041
v -0.129388436 0.0368742524 0.193917938
v -0.135054194 0.0568907217 0.144054486
v -0.140598613 0.0443878313 0.108862717
v -0.137306169 0.0505829062 0.114794092
v -0.138851115 0.051653954 0.125614452
v -0.13927724 0.0542852349 0.140471561
v -0.133620081 0.0580372478 0.159982571
v -0.134283156 0.0541380974 0.174279818
v -0.137205847 0.0433244289 0.184763839
v -0.138770856 0.0510587159 0.173279458
v -0.0972073055 0.00973688938 0.210283674
v -0.106579217 0.00943305936 0.209849896
v -0.0991420718 0 0.212273859
v -0.075040141 -0.00569919978 0.210643874
v -0.0691469866 -0.0111318318 0.209208768
v -0.0638605383 -0.0255035602 0.203719771
v -0.0725999478 -0.0142608974 0.209088379
v -0.0593327066 -0.0380886151 0.195472409
v -0.0401532048 -0.044561724 0.135261555
v -0.0383512458 -0.0426804605 0.129974156
v -0.0411134233 -0.049988622 0.149777542
v -0.0419465644 -0.0508083909 0.159009034
v -0.0411955895 -0.0493647209 0.165791677
v -0.0472014846 -0.049994356 0.17346101
v -0.0460196076 -0.0523428264 0.16477987
v -0.0534213998 -0.0465184623 0.185149837
v -0.0535341403 -0.0229324722 0.101975916
v -0.0616314964 -0.0316833462 0.103740641
v -0.0548851335 -0.0260309635 0.0997927316
v -0.0546854465 -0.0264332044 0.103480727
v -0.0504050747 -0.0160236846 0.102714483
v -0.0504471135 -0.0172848661 0.106826689
v -0.119111724 0.0254080163 0.203127391
v -0.115823099 0.0155985148 0.207414487
v -0.112215358 0.00815945767 0.209243165
v -0.0651895545 -0.0371436872 0.103668031
v -0.0670497969 -0.0385873572 0.101207735
v -0.0632748533 -0.0346098597 0.103370873
v -0.0692014473 -0.0399918536 0.0990637318
v -0.0715671179 -0.0420192972 0.0979802835
v -0.0746178365 -0.0425667625 0.0985936775
v -0.0768774526 -0.0432078657 0.100832273
v -0.0473639093 -0.020501832 0.106696732
v -0.047310406 -0.0236738922 0.109010841
v -0.0391595467 -0.0405526947 0.112010897
v -0.0448759432 -0.0328088546 0.111204503
v -0.0472483035 -0.0286717994 0.107133414
v -0.0918864601 -0.0431104087 0.103737736
v -0.0923488931 -0.0406969671 0.10309285
v -0.0906787839 -0.0475665811 0.10259603
v -0.089178743 -0.0517733824 0.102776557
v -0.0833610686 -0.0569814872 0.103923104
v -0.0873786941 -0.0557317737 0.103609716
v -0.0792908943 -0.0571611104 0.102317949
v -0.0936998852 -0.0448464424 0.100544682
v -0.0797055553 -0.0543817344 0.099299727
v -0.075572321 -0.0575604843 0.0998720611
v -0.0945435389 -0.0481255144 0.097619115
v -0.0955935672 -0.0514475791 0.0945932617
v -0.0974213244 -0.0532667366 0.0906873807
v -0.0952075696 -0.0472799514 0.0833983504
v -0.0945444943 -0.0411517591 0.0796530077
v -0.0979649697 -0.0529256461 0.0862035277
v -0.098641421 -0.0384029574 0.083023799
v -0.146833815 0.00362971672 0.0911259423
v -0.148533544 0.0107725862 0.0927989232
v -0.147790211 0.00120863161 0.0914355153
v -0.148879411 0.0177014367 0.0935938696
v -0.1479641 0 0.090779125
v -0.148874635 0.0229706883 0.0957531351
v -0.147790211 -0.00120863161 0.0914355153
v -0.143934057 0.0289440995 0.0950088731
v -0.146833815 -0.00362971672 0.0911259423
v -0.148533544 -0.0107725862 0.0927989232
v -0.141659154 0.0353121079 0.0956480648
v -0.139216092 0.0352777109 0.0936731422
v -0.143147728 0.0320865427 0.0962652745
v -0.14693796 0.0290176682 0.0978226496
v -0.148879411 -0.0177014367 0.0935938696
v -0.148874635 -0.0229706883 0.0957531351
v -0.143934057 -0.0289440995 0.0950088731
v -0.1368466 0.0387249381 0.0932737612
v -0.143147728 -0.0320865427 0.0962652745
v -0.139216092 -0.0352777109 0.0936731422
v -0.141659154 -0.0353121079 0.0956480648
v -0.14693796 -0.0290176682 0.0978226496
v -0.1368466 -0.0387249381 0.0932737612
v -0.101916669 -0.0382166463 0.082755343
v -0.105026627 -0.0387765336 0.0827563112
v -0.108057282 -0.0398437586 0.0826292018
v -0.111172972 -0.0403711638 0.082968388
v -0.114432934 -0.0405020567 0.0826923009
v -0.117561044 -0.0407667149 0.0823741287
v -0.120090095 -0.0414899843 0.0843222855
v -0.122538886 -0.0420250313 0.0865761428
v -0.125014433 -0.0425581668 0.0886847809
v -0.127480424 -0.0432948085 0.0908249686
v -0.130044823 -0.0434562793 0.0928677172
v -0.132769738 -0.0428438427 0.0946534564
v -0.144999371 0.040823087 0.108343004
v -0.143775452 0.0379261904 0.100681302
v -0.141756607 0.0381201468 0.09783216
v -0.139535211 0.0385539177 0.095180858
v -0.14563474 0.038043711 0.103645081
v -0.146693366 0.038021736 0.106936543
v -0.0565753093 -0.0555884553 0.0976238987
v -0.0428313011 -0.0378908395 0.121865293
v -0.0414602478 -0.0406941018 0.127703044
v -0.0599031044 -0.0574295878 0.098183761
v -0.0598066049 -0.0563977136 0.0986729501
v -0.0666389568 -0.0605815824 0.100644968
v -0.0663083751 -0.0567015454 0.0992510359
v -0.0660762025 -0.0594073508 0.0986060923
v -0.0642895308 -0.0569470902 0.0973678575
v -0.0512812156 -0.020498965 0.109570703
v -0.0522433419 -0.0235277103 0.107957917
v -0.0522958913 -0.0266386236 0.104640657
v -0.0524850677 -0.0297982636 0.102283552
v -0.0741066759 -0.0487694793 0.0974375627
v -0.0767771322 -0.0542575294 0.096868133
v -0.071164877 -0.0467277059 0.0967897717
v -0.0687963412 -0.0447298792 0.0987579744
v -0.125560945 0.0225732258 0.202025776
v -0.13549083 0.0325365546 0.193422997
v -0.141726033 0.0404399542 0.183183571
v -0.129671247 0.0211744616 0.201222231
v -0.137744716 0.0552464074 0.157039863
v -0.142100566 0.0462710061 0.115406518
v -0.143981826 0.048243989 0.125479768
v -0.143519396 0.0507204906 0.137899531
v -0.141710746 0.0519023676 0.154455362
v -0.14289358 0.047420401 0.172347892
v -0.122567549 0 0.207880725
v -0.120348063 0.00433387604 0.208117689
v -0.120348063 -0.00433387604 0.208117689
v -0.112215358 -0.00815945767 0.209243165
v -0.106579217 -0.00943305936 0.209849896
v -0.0972073055 -0.00973688938 0.210283674
v -0.0912310282 -0.00871456833 0.210819675
v -0.0794743384 -0.00733969012 0.210797693
v -0.0766701221 -0.0166953585 0.208885869
v -0.0694068665 -0.0279657303 0.204188914
v -0.0651293616 -0.0408116225 0.195777198
v -0.0647901807 -0.0511733678 0.185075348
v -0.0607859333 -0.0494975252 0.184963558
v -0.0458762892 -0.0442703142 0.132586335
v -0.0463129252 -0.0517303898 0.146907386
v -0.0470963858 -0.0533651474 0.157272954
v -0.0521401545 -0.0523791347 0.173547914
v -0.0510347098 -0.0549855718 0.163821538
v -0.0522567177 -0.0557957876 0.155306687
v -0.0570463388 -0.0548107287 0.173315791
v -0.0555482081 -0.0319556462 0.101138941
v -0.0562504563 -0.0298651426 0.10358967
v -0.0575775631 -0.0348506315 0.102719266
v -0.0587594436 -0.037641472 0.105435547
v -0.122848448 0.0117394918 0.206633891
v -0.0589276023 -0.0325432425 0.102904634
v -0.060641661 -0.0357353682 0.103512277
v -0.0623643189 -0.0386322612 0.105212023
v -0.0641328383 -0.041805277 0.104180114
v -0.0665434129 -0.0433693329 0.101721754
v -0.0487015266 -0.0357697651 0.117435883
v -0.0480556504 -0.0318562815 0.105599901
v -0.0510222914 -0.0338177999 0.108983107
v -0.0957531258 -0.0544849219 0.0995204601
v -0.093521218 -0.055835915 0.101271745
v -0.0896965914 -0.0579006208 0.104456258
v -0.0777956306 -0.0578910677 0.103552425
v -0.0831680696 -0.0574085701 0.107005337
v -0.0868885534 -0.0573197124 0.106680502
v -0.0729515488 -0.0598439833 0.102930432
v -0.0990493941 -0.0571534686 0.0982993668
v -0.0719598021 -0.0572260817 0.0972445637
v -0.102083872 -0.0565247874 0.0951015285
v -0.102808095 -0.0559715881 0.090909993
v -0.101664433 -0.0547897075 0.0878306079
v -0.0944346186 -0.0454378614 0.0797199223
v -0.0957378387 -0.0408039772 0.0758226406
v -0.0972971171 -0.0511561693 0.0818916027
v -0.100738612 -0.0540014704 0.0851047602
v -0.100224585 -0.0531396627 0.0826511839
v -0.149573064 0.00385328983 0.0930712517
v -0.151180113 0.0105499686 0.095318446
v -0.150664175 0.000732822519 0.0931180635
v -0.15123935 0.0174539787 0.0966455207
v -0.150545701 0 0.092865781
v -0.15123935 0.0223592074 0.09838348
v -0.150664175 -0.000732822519 0.0931180635
v -0.149573064 -0.00385328983 0.0930712517
v -0.151180113 -0.0105499686 0.095318446
v -0.15123935 -0.0174539787 0.0966455207
v -0.143903483 0.0351210202 0.0978589259
v -0.146527118 0.0316556407 0.0991726746
v -0.152733661 0.0271870463 0.102918929
v -0.150142504 0.0276685882 0.099974284
v -0.153316474 0.0214610931 0.101302327
v -0.15123935 -0.0223592074 0.09838348
v -0.150142504 -0.0276685882 0.099974284
v -0.146527118 -0.0316556407 0.0991726746
v -0.152733661 -0.0271870463 0.102918929
v -0.143903483 -0.0351210202 0.0978589259
v -0.139535211 -0.0385539177 0.095180858
v -0.141756607 -0.0381201468 0.09783216
v -0.153316474 -0.0214610931 0.101302327
v -0.135635103 -0.0419485955 0.096041694
v -0.0992662786 -0.0403616071 0.0757319213
v -0.102323687 -0.0400491796 0.0755618157
v -0.105549252 -0.0417240647 0.076005161
v -0.108728958 -0.0433655102 0.0770465812
v -0.112137967 -0.0438097917 0.0782217738
v -0.115551754 -0.0431600929 0.079448562
v -0.118633047 -0.0433712443 0.0816145474
v -0.120999674 -0.0444948414 0.0844225721
v -0.123079667 -0.0455955096 0.0874828794
v -0.125364123 -0.045891696 0.0905832785
v -0.127561637 -0.046028323 0.0937887479
v -0.13006011 -0.046136287 0.096709531
v -0.146448775 0.0415826612 0.11660466
v -0.147217902 0.0350063683 0.103403334
v -0.145745569 0.0350178328 0.100454874
v -0.147644028 0.0348468088 0.106340347
v -0.151489675 0.037634784 0.117178874
v -0.0447221177 -0.0399698786 0.127183273
v -0.0513643393 -0.0473305894 0.131531532
v -0.0642427136 -0.0562372002 0.0974452508
v -0.0711801642 -0.0568161973 0.101068268
v -0.0692501758 -0.0539871372 0.0955047251
v -0.0691660964 -0.0518574636 0.0991191428
v -0.07199802 -0.0489997405 0.100964109
v -0.0747181586 -0.054500209 0.101456145
v -0.0531147028 -0.0366554557 0.11161442
v -0.0740130434 -0.0519931367 0.0950298871
v -0.0715088345 -0.0491354136 0.0963015508
v -0.0705782364 -0.0465996747 0.0994010387
v -0.128850524 0.0080963986 0.20505835
v -0.142365225 0.0276456575 0.190928361
v -0.147388926 0.0368322136 0.180351628
v -0.134133153 0.0175342354 0.199948631
v -0.146894964 0.0440801804 0.170450419
v -0.148728455 0.0442703142 0.125751071
v -0.147864736 0.046613054 0.136755831
v -0.145757034 0.0480232809 0.153354715
v -0.132043603 0.00520045985 0.203801948
v -0.132245202 0 0.203587935
v -0.132043603 -0.00520045985 0.203801948
v -0.122848448 -0.0117394918 0.206633891
v -0.115823099 -0.0155985148 0.207414487
v -0.128850524 -0.0080963986 0.20505835
v -0.1067168 -0.0169972789 0.208124352
v -0.0993637338 -0.0179832916 0.20821416
v -0.0928457218 -0.0186482776 0.20858108
v -0.082030141 -0.0184208834 0.208434893
v -0.0818744042 -0.0294629036 0.204510902
v -0.0749302657 -0.0293683154 0.204166932
v -0.0709126407 -0.0425113479 0.195370186
v -0.0717992887 -0.0524230848 0.185444148
v -0.0683243542 -0.0517590527 0.184888044
v -0.0670153999 -0.0573455102 0.172853311
v -0.0622544436 -0.0561846508 0.172838049
v -0.051504789 -0.0530269222 0.143742008
v -0.0561252938 -0.05736462 0.16245625
v -0.0574619573 -0.05813757 0.153442587
v -0.0571027109 -0.0545986199 0.1418885
v -0.0613037817 -0.0594694533 0.161148253
v -0.0552157169 -0.040010006 0.113810019
v -0.060698033 -0.0405183013 0.107849942
v -0.0582062443 -0.0430855684 0.114903034
v -0.0606091753 -0.0464945795 0.113698228
v -0.0628554157 -0.0431428944 0.106065228
v -0.0655812848 -0.0454732123 0.105825417
v -0.0684246746 -0.0454321274 0.102562544
v -0.0511331206 -0.0432976773 0.125502661
v -0.0536765013 -0.0414574987 0.119285633
v -0.0944336631 -0.0579034861 0.102329453
v -0.0908641392 -0.0594312372 0.110308302
v -0.0981207065 -0.0615599533 0.105276945
v -0.0794189229 -0.0533097328 0.107355059
v -0.087583158 -0.0587834461 0.112952998
v -0.100507396 -0.0624704912 0.106009817
v -0.107381787 -0.0585092348 0.101288033
v -0.109478021 -0.0556333628 0.0945473611
v -0.106261055 -0.0551757056 0.0906463207
v -0.103685189 -0.0548556327 0.0871006969
v -0.102709685 -0.0537549681 0.0847904035
v -0.0947556464 -0.0443056651 0.0757701339
v -0.0968958324 -0.0485048246 0.0778386232
v -0.0973659084 -0.0439110678 0.0726945644
v -0.0998519636 -0.0518947258 0.0808683491
v -0.100113754 -0.05016538 0.079042518
v -0.102195658 -0.0528845612 0.0823339799
v -0.101362514 -0.0514026751 0.0806858286
v -0.152414542 0.00370233004 0.0948043704
v -0.153954712 0.0105862751 0.0976678631
v -0.153518072 0.00031051801 0.094842583
v -0.153438771 0.0172781782 0.0998500789
v -0.153446417 0 0.0943037347
v -0.153518072 -0.00031051801 0.094842583
v -0.152414542 -0.00370233004 0.0948043704
v -0.153954712 -0.0105862751 0.0976678631
v -0.153438771 -0.0172781782 0.0998500789
v -0.149713514 0.0310126262 0.10226829
v -0.155033405 0.0274440592 0.106477024
v -0.158675543 0.0202878136 0.105970637
v -0.155851259 0.0208190379 0.103819913
v -0.156288853 0.0173307258 0.102400126
v -0.155851259 -0.0208190379 0.103819913
v -0.149713514 -0.0310126262 0.10226829
v -0.155033405 -0.0274440592 0.106477024
v -0.145745569 -0.0350178328 0.100454874
v -0.158675543 -0.0202878136 0.105970637
v -0.143775452 -0.0379261904 0.100681302
v -0.138354284 -0.0410246853 0.0975455374
v -0.140547021 -0.0402202035 0.0998624937
v -0.156288853 -0.0173307258 0.102400126
v -0.132600625 -0.0453012345 0.0993561062
v -0.10073479 -0.044635291 0.0739375828
v -0.104310046 -0.0453881773 0.0752493953
v -0.107533701 -0.0456165272 0.0774660081
v -0.110863409 -0.0458544338 0.0796233943
v -0.114270509 -0.0464133671 0.0814454099
v -0.11690848 -0.0474758156 0.0842401086
v -0.118855665 -0.0489653471 0.087638577
v -0.120913683 -0.050307741 0.0908517345
v -0.123723631 -0.0503449996 0.0937285532
v -0.12577783 -0.0495023018 0.0972035037
v -0.128892563 -0.0489672584 0.0995987645
v -0.152946721 0.0397157309 0.126329157
v -0.154909193 0.0316441726 0.111360258
v -0.1526448 0.0301326661 0.105634298
v -0.156737907 0.0339181221 0.117437819
v -0.156994923 0.0349652834 0.126396983
v -0.05679506 -0.0504902294 0.130957261
v -0.070747349 -0.0477404703 0.105188105
v -0.0723381565 -0.050761572 0.109871677
v -0.0760232885 -0.0514208275 0.104835536
v -0.137885166 0.0133857148 0.19897031
v -0.14777397 0.0225550734 0.18748496
v -0.151881403 0.0316451301 0.177511085
v -0.150628825 0.040772449 0.167886021
v -0.153700564 0.0364041768 0.166088835
v -0.149604592 0.0437075582 0.153691054
v -0.151913892 0.0420632474 0.136806515
v -0.139153035 0.00871361266 0.198816434
v -0.139363229 0 0.198501167
v -0.139153035 -0.00871361266 0.198816434
v -0.137885166 -0.0133857148 0.19897031
v -0.134133153 -0.0175342354 0.199948631
v -0.129671247 -0.0211744616 0.201222231
v -0.125560945 -0.0225732258 0.202025776
v -0.119111724 -0.0254080163 0.203127391
v -0.111541773 -0.0272032891 0.20386499
v -0.101675898 -0.0301221591 0.204101954
v -0.0949792195 -0.0306791775 0.203922338
v -0.0965700273 -0.0439129791 0.195804932
v -0.0836505672 -0.0445349688 0.19535014
v -0.0761274316 -0.0428954346 0.195817347
v -0.0777249279 -0.0535333061 0.185644778
v -0.0774669594 -0.0599137312 0.174082035
v -0.0720496137 -0.0593318689 0.173487719
v -0.066698194 -0.0612303273 0.161335501
v -0.072247391 -0.0625727212 0.161629754
v -0.0629576474 -0.0599672344 0.152047686
v -0.062579293 -0.0565773368 0.139947006
v -0.0626146439 -0.0528071715 0.129709459
v -0.0686931538 -0.0613526246 0.151189698
v -0.0582721695 -0.047095548 0.120349035
v -0.0640535373 -0.0474347307 0.110879668
v -0.0627464943 -0.0499312961 0.118081795
v -0.0680510985 -0.0516501313 0.115422805
v -0.0676603221 -0.047857991 0.108386911
v -0.057584251 -0.0485401755 0.12474308
v -0.102229099 -0.0637717967 0.119649649
v -0.0969550696 -0.0620481884 0.116811042
v -0.0908297434 -0.0606245786 0.11811044
v -0.106724444 -0.064985209 0.124435443
v -0.084018411 -0.0565209647 0.112271721
v -0.0763318969 -0.054505943 0.11458583
v -0.0851830926 -0.0596567183 0.120935663
v -0.110165938 -0.0582837536 0.107427668
v -0.11240549 -0.0641950605 0.127428836
v -0.105683014 -0.0634717911 0.110251012
v -0.108859852 -0.0567368962 0.100575263
v -0.114842818 -0.0558626666 0.101331029
v -0.115267032 -0.0535476358 0.0930339504
v -0.112201981 -0.0530832907 0.0896861093
v -0.118294822 -0.0538810845 0.0963875432
v -0.109079603 -0.0528167247 0.0863965267
v -0.106309783 -0.0521163878 0.0828957784
v -0.0983930065 -0.0461038013 0.0751290058
v -0.101817304 -0.0482764747 0.0762583548
v -0.103486458 -0.0511743217 0.0792431481
v -0.15528946 0.00327333754 0.0964496742
v -0.156826761 0.0108222695 0.0998940433
v -0.156451277 0 0.0964735357
v -0.156466561 0 0.0956365612
v -0.15528946 -0.00327333754 0.0964496742
v -0.156826761 -0.0108222695 0.0998940433
v -0.158053549 0.0266242921 0.109148429
v -0.161677534 0.0197747418 0.107805067
v -0.162457169 0.0167068247 0.10672253
v -0.159344348 0.0171902762 0.104653072
v -0.159767604 0.0109464763 0.102004561
v -0.159344348 -0.0171902762 0.104653072
v -0.1526448 -0.0301326661 0.105634298
v -0.158053549 -0.0266242921 0.109148429
v -0.147217902 -0.0350063683 0.103403334
v -0.161677534 -0.0197747418 0.107805067
v -0.14563474 -0.038043711 0.103645081
v -0.162457169 -0.0167068247 0.10672253
v -0.142301207 -0.03951031 0.102851103
v -0.134640491 -0.0435030947 0.101979731
v -0.138103005 -0.0428438427 0.103343139
v -0.159767604 -0.0109464763 0.102004561
v -0.131235302 -0.047198739 0.102368634
v -0.121428666 -0.053477888 0.099615963
v -0.124479386 -0.0530087698 0.10294951
v -0.155523541 0.0371455986 0.137298552
v -0.159915699 0.0266176042 0.113267298
v -0.160867319 0.0290912388 0.118420981
v -0.160731646 0.0299549542 0.126461962
v -0.158844652 0.0320005538 0.137496335
v -0.0709355715 -0.0543989329 0.119555057
v -0.149875938 0.0124446061 0.186454987
v -0.155967826 0.0259640827 0.173780093
v -0.157540477 0.0210789178 0.17238132
v -0.156331849 0.0317081865 0.164242901
v -0.152946721 0.0389332242 0.1538869
v -0.155966865 0.0340709901 0.152732722
v -0.148682593 0 0.18759003
v -0.149875938 -0.0124446061 0.186454987
v -0.14777397 -0.0225550734 0.18748496
v -0.142365225 -0.0276456575 0.190928361
v -0.13549083 -0.0325365546 0.193422997
v -0.129388436 -0.0368742524 0.193917938
v -0.120850625 -0.0386666582 0.196016041
v -0.111993696 -0.0407619384 0.196669584
v -0.104890954 -0.0420001874 0.196595038
v -0.107782117 -0.0529533516 0.186895428
v -0.0981264387 -0.0542288664 0.186047006
v -0.0903472462 -0.054455305 0.185425981
v -0.0828585074 -0.0606943265 0.176007242
v -0.077797541 -0.0636638362 0.160883556
v -0.0832731684 -0.0647807419 0.1597103
v -0.074514649 -0.0625268633 0.15073109
v -0.0803208589 -0.063610333 0.150147309
v -0.0679612869 -0.0586066917 0.137767638
v -0.0681179794 -0.0558559787 0.128626979
v -0.0639904773 -0.0526657644 0.123720795
v -0.0736385116 -0.0604583312 0.136448194
v -0.10242974 -0.0654476392 0.13061238
v -0.108160469 -0.0653358561 0.132871989
v -0.0964658842 -0.0655011496 0.13063533
v -0.0910580935 -0.0650616412 0.133482536
v -0.0851964689 -0.0638644806 0.134838313
v -0.113844382 -0.0648839329 0.135325565
v -0.07956415 -0.0590653029 0.123979683
v -0.0738286437 -0.0579139966 0.126641578
v -0.0794456754 -0.0622946907 0.135939928
v -0.122480606 -0.056899321 0.110511837
v -0.121374205 -0.0562114025 0.107296743
v -0.114563829 -0.0592143517 0.11327305
v -0.118296733 -0.0555588384 0.104349251
v -0.118470623 -0.0624523389 0.126901434
v -0.119679255 -0.0633045898 0.135808034
v -0.158193999 0.003052631 0.0980538611
v -0.159580343 0 0.097522644
v -0.158193999 -0.003052631 0.0980538611
v -0.163562613 0.0194174085 0.11135929
v -0.164144479 0.0160198637 0.109699692
v -0.165113297 0.0100760703 0.10677703
v -0.162770557 0.0109751393 0.104011033
v -0.161128158 0.00311855619 0.0996264985
v -0.162770557 -0.0109751393 0.104011033
v -0.154909193 -0.0316441726 0.111360258
v -0.159915699 -0.0266176042 0.113267298
v -0.147644028 -0.0348468088 0.106340347
v -0.163562613 -0.0194174085 0.11135929
v -0.146693366 -0.038021736 0.106936543
v -0.164144479 -0.0160198637 0.109699692
v -0.144999371 -0.040823087 0.108343004
v -0.165113297 -0.0100760703 0.10677703
v -0.140598613 -0.0443878313 0.108862717
v -0.134544945 -0.0465241963 0.104237461
v -0.137615731 -0.045857299 0.109091082
v -0.161128158 -0.00311855619 0.0996264985
v -0.127333287 -0.0528721393 0.106519052
v -0.164337478 0.02374364 0.120295503
v -0.164189383 0.0247621384 0.12727217
v -0.162198244 0.0268268442 0.137550777
v -0.158151957 0.0287319924 0.151559465
v -0.157822331 0.0122554289 0.173383617
v -0.157314035 0.00464152785 0.174320878
v -0.157505126 0.0176756407 0.173091242
v -0.157002562 0.0270379974 0.162011937
v -0.159038604 0.0221576091 0.159889916
v -0.160469853 0.0169294424 0.15675512
v -0.157135373 0 0.173309071
v -0.157314035 -0.00464152785 0.174320878
v -0.157822331 -0.0122554289 0.173383617
v -0.157505126 -0.0176756407 0.173091242
v -0.157540477 -0.0210789178 0.17238132
v -0.155967826 -0.0259640827 0.173780093
v -0.151881403 -0.0316451301 0.177511085
v -0.147388926 -0.0368322136 0.180351628
v -0.141726033 -0.0404399542 0.183183571
v -0.137205847 -0.0433244289 0.184763839
v -0.129827937 -0.0464620938 0.186807556
v -0.122323912 -0.0494115363 0.187569016
v -0.11490301 -0.0521526926 0.18706075
v -0.11907255 -0.0597274236 0.176440052
v -0.113727819 -0.0606780819 0.176765855
v -0.108312385 -0.0611940225 0.176767791
v -0.102935169 -0.0618379909 0.17591265
v -0.097566551 -0.0621532872 0.175338437
v -0.092175003 -0.0616144176 0.175891636
v -0.0888366955 -0.0657619816 0.15911792
v -0.0860095485 -0.0646632283 0.148790564
v -0.0916772187 -0.0656272624 0.147315366
v -0.103510343 -0.0665215558 0.146536707
v -0.109408275 -0.0660629482 0.14640675
v -0.0975302445 -0.0663237802 0.146913138
v -0.114852371 -0.0651399883 0.148802068
v -0.120334688 -0.063724031 0.150864862
v -0.131845828 -0.0520561931 0.10954781
v -0.127174681 -0.0571888195 0.118581462
v -0.123158014 -0.060030298 0.123125567
v -0.124921753 -0.0609972008 0.133514028
v -0.125923056 -0.0616105949 0.150566736
v -0.162855589 0 0.0974347153
v -0.1672659 0.0180444403 0.121565288
v -0.168458291 0.0119678417 0.119469064
v -0.163861665 0.00209719081 0.102900819
v -0.16832071 0.00676642618 0.114930711
v -0.163201459 0 0.101349139
v -0.163861665 -0.00209719081 0.102900819
v -0.160867319 -0.0290912388 0.118420981
v -0.156737907 -0.0339181221 0.117437819
v -0.151489675 -0.037634784 0.117178874
v -0.164337478 -0.02374364 0.120295503
v -0.146448775 -0.0415826612 0.11660466
v -0.1672659 -0.0180444403 0.121565288
v -0.142100566 -0.0462710061 0.115406518
v -0.168458291 -0.0119678417 0.119469064
v -0.137306169 -0.0505829062 0.114794092
v -0.16832071 -0.00676642618 0.114930711
v -0.131895512 -0.0540845941 0.115613868
v -0.167308896 0.0193333291 0.127980156
v -0.164632707 0.0212088586 0.137379761
v -0.160017936 0.023107317 0.151166747
v -0.161290582 0.0113592269 0.155827369
v -0.162024359 0.00572117484 0.155541714
v -0.160429725 0 0.155219727
v -0.161523709 0.0174883739 0.149845367
v -0.162554629 0.0117280264 0.149992523
v -0.162024359 -0.00572117484 0.156974885
v -0.161290582 -0.0113592269 0.157261507
v -0.160469853 -0.0169294424 0.158193073
v -0.159038604 -0.0221576091 0.159889916
v -0.157002562 -0.0270379974 0.162011937
v -0.156331849 -0.0317081865 0.164242901
v -0.153700564 -0.0364041768 0.166088835
v -0.150628825 -0.040772449 0.167886021
v -0.146894964 -0.0440801804 0.170450419
v -0.14289358 -0.047420401 0.172347892
v -0.138770856 -0.0510587159 0.173279458
v -0.134283156 -0.0541380974 0.174279818
v -0.129443851 -0.056535298 0.175307855
v -0.124326515 -0.0583191045 0.175992891
v -0.119124144 -0.064041235 0.163834921
v -0.124536712 -0.0622450101 0.16329704
v -0.113603612 -0.0652603778 0.1633467
v -0.108075436 -0.0660247285 0.161895363
v -0.102642804 -0.066621878 0.16009533
v -0.0945110539 -0.0664565845 0.159237341
v -0.129455319 -0.0583659199 0.130068748
v -0.134019455 -0.055136532 0.12727217
v -0.130713631 -0.0591398273 0.14781697
v -0.129836537 -0.060336995 0.162182043
v -0.168976139 0.0132968589 0.127138398
v -0.169430931 0.0074543429 0.124375249
v -0.167462721 0.00215069542 0.109923272
v -0.169078369 0.00279275111 0.119985019
v -0.164998645 0 0.104072139
v -0.167462721 -0.00215069542 0.109923272
v -0.160731646 -0.0299549542 0.126461962
v -0.164189383 -0.0247621384 0.12727217
v -0.156994923 -0.0349652834 0.126396983
v -0.152946721 -0.0397157309 0.126329157
v -0.148728455 -0.0442703142 0.125751071
v -0.167308896 -0.0193333291 0.127980156
v -0.143981826 -0.048243989 0.125479768
v -0.168976139 -0.0132968589 0.127138398
v -0.138851115 -0.051653954 0.125614452
v -0.169430931 -0.0074543429 0.124375249
v -0.169078369 -0.00279275111 0.119985019
v -0.166219696 0.0152469119 0.136638346
v -0.163571213 0.00596194578 0.151168684
v -0.163862626 0 0.151365498
v -0.163571213 -0.00596194578 0.151168684
v -0.167984392 0.00949898456 0.135040822
v -0.16878314 0.00379978478 0.132312127
v -0.162554629 -0.0117280264 0.149992523
v -0.161523709 -0.0174883739 0.149845367
v -0.160017936 -0.023107317 0.151166747
v -0.158151957 -0.0287319924 0.151559465
v -0.155966865 -0.0340709901 0.152732722
v -0.152946721 -0.0389332242 0.1538869
v -0.149604592 -0.0437075582 0.153691054
v -0.145757034 -0.0480232809 0.153354715
v -0.141710746 -0.0519023676 0.154455362
v -0.137744716 -0.0552464074 0.157039863
v -0.133620081 -0.0580372478 0.159982571
v -0.135054194 -0.0568907217 0.144054486
v -0.13927724 -0.0542852349 0.140471561
v -0.167695848 0 0.114032631
v -0.169116589 0 0.127291248
v -0.158844652 -0.0320005538 0.137496335
v -0.162198244 -0.0268268442 0.137550777
v -0.155523541 -0.0371455986 0.137298552
v -0.164632707 -0.0212088586 0.137379761
v -0.151913892 -0.0420632474 0.136806515
v -0.147864736 -0.046613054 0.136755831
v -0.143519396 -0.0507204906 0.137899531
v -0.166219696 -0.0152469119 0.136638346
v -0.167984392 -0.00949898456 0.135040822
v -0.16878314 -0.00379978478 0.132312127
f 1 2 3
f 1 4 2
f 1 5 4
f 1 6 7
f 7 5 1
f 8 6 1
f 8 1 9
f 3 9 1
f 10 3 2
f 10 2 11
f 11 2 12
f 12 2 13
f 13 2 14
f 14 2 4
f 15 9 3
f 16 15 3
f 3 17 16
f 18 17 3
f 18 3 19
f 19 3 10
f 5 20 4
f 14 4 21
f 21 4 22
f 22 4 23
f 23 4 24
f 24 4 20
f 24 20 25
f 5 26 20
f 5 27 26
f 5 7 28
f 5 28 27
f 6 29 7
f 6 30 29
f 31 32 6
f 31 6 8
f 32 30 6
f 7 33 34
f 7 34 35
f 7 35 28
f 7 29 36
f 33 7 36
f 15 8 9
f 37 31 8
f 37 8 15
f 38 39 10
f 38 10 11
f 10 39 40
f 10 40 19
f 12 41 42
f 12 42 38
f 12 38 11
f 43 41 12
f 43 12 13
f 14 44 43
f 14 43 13
f 21 45 44
f 21 44 14
f 16 46 37
f 16 37 15
f 16 17 47
f 47 48 46
f 47 46 16
f 49 47 17
f 50 49 17
f 50 17 51
f 51 17 52
f 51 52 53
f 52 17 18
f 18 19 40
f 18 40 54
f 18 54 52
f 25 20 55
f 55 20 26
f 22 56 45
f 22 45 21
f 57 56 22
f 57 22 23
f 58 57 23
f 58 23 24
f 25 59 58
f 25 58 24
f 60 59 25
f 60 25 55
f 61 62 26
f 27 61 26
f 55 26 63
f 63 26 64
f 64 26 65
f 65 26 62
f 65 62 66
f 27 28 67
f 27 67 61
f 28 35 67
f 29 30 36
f 30 33 36
f 30 68 33
f 32 68 30
f 69 31 37
f 69 37 70
f 71 32 31
f 71 31 69
f 32 72 68
f 71 72 32
f 33 73 34
f 73 33 74
f 33 68 74
f 35 34 75
f 34 76 75
f 77 76 34
f 73 77 34
f 35 78 79
f 35 79 67
f 75 80 78
f 75 78 35
f 81 70 37
f 81 37 46
f 42 82 83
f 42 83 38
f 38 83 84
f 38 84 39
f 39 84 40
f 40 84 85
f 40 85 54
f 43 86 87
f 43 87 41
f 41 87 82
f 41 82 42
f 44 88 86
f 44 86 43
f 45 89 90
f 45 90 88
f 45 88 44
f 45 56 89
f 46 91 81
f 46 48 91
f 49 92 47
f 93 47 92
f 93 92 94
f 93 95 47
f 95 96 48
f 95 48 47
f 96 97 91
f 96 91 48
f 98 92 49
f 98 49 99
f 99 49 50
f 51 100 101
f 51 101 50
f 102 99 50
f 102 50 101
f 53 103 100
f 53 100 51
f 52 54 103
f 52 103 53
f 54 85 104
f 54 104 103
f 63 105 60
f 63 60 55
f 58 106 107
f 58 107 56
f 58 56 57
f 56 107 89
f 106 58 59
f 106 59 108
f 60 109 108
f 60 108 59
f 105 110 109
f 105 109 60
f 61 111 62
f 111 61 112
f 61 67 112
f 113 62 111
f 113 111 114
f 66 62 113
f 64 115 116
f 64 116 63
f 116 105 63
f 65 117 115
f 65 115 64
f 66 117 65
f 113 118 117
f 113 117 66
f 67 79 112
f 68 119 74
f 120 119 68
f 120 68 72
f 121 122 71
f 121 71 69
f 123 121 69
f 123 69 70
f 123 70 81
f 123 81 124
f 71 125 72
f 71 122 126
f 71 126 125
f 125 120 72
f 77 73 74
f 127 128 74
f 128 129 74
f 129 77 74
f 130 127 74
f 119 130 74
f 131 132 80
f 131 80 75
f 76 133 131
f 76 131 75
f 76 134 133
f 129 134 76
f 129 76 77
f 135 136 79
f 135 79 78
f 80 137 135
f 80 135 78
f 79 138 112
f 79 136 138
f 139 137 80
f 139 80 132
f 91 140 81
f 141 124 81
f 141 81 140
f 142 143 82
f 142 82 87
f 82 144 83
f 143 144 82
f 83 144 84
f 144 145 85
f 144 85 84
f 145 146 104
f 145 104 85
f 147 148 86
f 147 86 88
f 148 142 86
f 86 142 87
f 147 88 90
f 147 90 149
f 150 149 89
f 150 89 107
f 89 149 90
f 151 152 91
f 151 91 97
f 153 140 91
f 153 91 152
f 154 92 155
f 92 154 156
f 156 94 92
f 155 92 98
f 157 158 95
f 157 95 93
f 157 93 94
f 159 160 157
f 159 157 94
f 159 94 156
f 158 161 96
f 158 96 95
f 161 162 97
f 161 97 96
f 162 163 151
f 162 151 97
f 102 164 98
f 102 98 99
f 155 98 164
f 155 164 165
f 155 165 166
f 100 167 168
f 100 168 101
f 103 104 167
f 103 167 100
f 101 168 169
f 101 169 102
f 102 169 170
f 102 170 164
f 171 172 104
f 171 104 146
f 104 172 168
f 104 168 167
f 116 110 105
f 108 173 106
f 173 150 107
f 173 107 106
f 174 173 108
f 174 108 109
f 175 174 109
f 175 109 110
f 110 115 176
f 116 115 110
f 175 110 176
f 177 111 112
f 178 179 111
f 179 180 111
f 180 181 111
f 181 114 111
f 182 111 177
f 178 111 182
f 138 183 112
f 183 184 112
f 184 185 112
f 185 177 112
f 181 186 118
f 181 118 113
f 181 113 114
f 117 187 176
f 117 176 115
f 117 118 188
f 117 188 189
f 117 189 187
f 186 190 188
f 186 188 118
f 191 130 119
f 191 119 120
f 192 191 120
f 192 120 125
f 193 194 122
f 193 122 121
f 195 193 121
f 195 121 123
f 196 197 126
f 196 126 122
f 122 194 198
f 122 198 196
f 123 124 199
f 123 199 195
f 141 199 124
f 126 200 192
f 126 192 125
f 201 200 126
f 201 126 197
f 202 127 130
f 202 130 191
f 127 203 204
f 127 204 128
f 202 205 203
f 202 203 127
f 128 206 129
f 128 204 207
f 128 207 206
f 129 206 134
f 208 209 132
f 208 132 131
f 131 210 208
f 133 211 210
f 133 210 131
f 212 139 132
f 212 132 209
f 213 211 133
f 213 133 134
f 206 214 213
f 206 213 134
f 136 135 215
f 136 215 216
f 137 217 215
f 137 215 135
f 136 216 218
f 136 218 138
f 139 219 217
f 139 217 137
f 138 218 220
f 138 220 183
f 139 221 219
f 212 222 221
f 212 221 139
f 223 141 140
f 223 140 153
f 224 199 141
f 224 141 223
f 225 226 142
f 225 142 148
f 226 227 143
f 226 143 142
f 227 228 144
f 227 144 143
f 228 229 145
f 228 145 144
f 229 230 145
f 230 231 146
f 230 146 145
f 146 231 171
f 149 232 147
f 232 233 148
f 232 148 147
f 233 225 148
f 234 232 149
f 234 149 150
f 235 234 150
f 235 150 173
f 236 152 151
f 163 237 151
f 237 238 236
f 237 236 151
f 239 153 152
f 239 152 236
f 240 223 153
f 240 153 241
f 153 239 242
f 153 242 241
f 155 166 243
f 155 243 154
f 154 243 244
f 154 244 156
f 245 159 156
f 245 156 244
f 246 158 157
f 246 157 247
f 157 160 248
f 157 248 247
f 249 161 158
f 249 158 246
f 245 250 159
f 160 159 250
f 160 250 251
f 160 251 252
f 160 252 248
f 253 162 161
f 253 161 249
f 254 163 162
f 254 162 253
f 255 237 163
f 255 163 254
f 164 170 256
f 164 256 165
f 165 256 257
f 165 257 166
f 166 257 258
f 166 258 243
f 172 259 169
f 172 169 168
f 259 260 170
f 259 170 169
f 260 261 256
f 260 256 170
f 171 262 259
f 171 259 172
f 263 262 171
f 263 171 231
f 264 235 173
f 265 264 173
f 265 173 174
f 187 174 175
f 187 175 176
f 266 174 187
f 267 265 174
f 267 174 266
f 185 268 177
f 268 182 177
f 269 270 178
f 269 178 182
f 178 270 271
f 178 271 179
f 179 271 272
f 179 272 180
f 180 272 186
f 180 186 181
f 273 269 182
f 273 182 268
f 183 274 184
f 275 274 183
f 275 183 220
f 275 220 276
f 184 277 185
f 278 279 277
f 278 277 184
f 184 274 278
f 280 268 185
f 281 185 277
f 281 277 282
f 280 185 281
f 280 281 283
f 186 272 284
f 186 284 190
f 285 266 187
f 285 187 189
f 286 287 188
f 286 188 190
f 287 285 189
f 287 189 188
f 288 286 190
f 284 288 190
f 289 202 191
f 289 191 192
f 290 289 192
f 290 192 200
f 194 193 291
f 292 291 193
f 292 193 195
f 291 293 294
f 291 294 194
f 295 198 194
f 295 194 294
f 195 199 224
f 195 224 292
f 296 196 198
f 296 198 297
f 296 298 197
f 296 197 196
f 201 197 298
f 201 298 299
f 297 198 295
f 297 295 300
f 301 302 200
f 301 200 201
f 303 290 200
f 303 200 302
f 201 299 304
f 201 304 301
f 289 305 205
f 289 205 202
f 306 204 203
f 306 203 307
f 307 203 205
f 307 205 308
f 309 207 204
f 309 204 306
f 308 205 305
f 308 305 310
f 311 214 206
f 311 206 207
f 312 311 207
f 312 207 309
f 313 314 209
f 313 209 208
f 210 315 313
f 210 313 208
f 314 316 212
f 314 212 209
f 210 317 315
f 318 317 210
f 318 210 211
f 319 318 211
f 319 211 213
f 316 320 222
f 316 222 212
f 321 319 213
f 321 213 214
f 322 321 214
f 322 214 311
f 323 324 325
f 323 325 215
f 326 323 215
f 326 215 217
f 327 216 215
f 327 215 325
f 327 328 218
f 327 218 216
f 329 326 217
f 329 217 219
f 328 330 220
f 328 220 218
f 331 329 219
f 331 219 221
f 330 332 333
f 330 333 220
f 220 333 334
f 220 334 276
f 335 331 221
f 335 221 222
f 336 335 222
f 336 222 337
f 320 338 222
f 338 339 222
f 339 337 222
f 340 224 223
f 340 223 240
f 341 342 292
f 341 292 224
f 341 224 340
f 226 225 343
f 226 343 344
f 343 225 345
f 345 225 346
f 225 233 346
f 227 226 344
f 227 344 347
f 228 227 347
f 228 347 348
f 229 228 348
f 229 348 349
f 230 229 349
f 230 349 350
f 231 230 350
f 231 350 351
f 263 231 351
f 263 351 352
f 233 232 353
f 233 353 346
f 232 234 353
f 353 234 354
f 234 235 355
f 234 355 354
f 235 264 356
f 235 356 357
f 355 235 357
f 238 358 239
f 238 239 236
f 359 238 237
f 359 237 255
f 360 358 238
f 360 238 359
f 358 361 242
f 358 242 239
f 362 240 241
f 362 241 363
f 362 364 240
f 240 364 340
f 365 363 241
f 365 241 242
f 361 366 242
f 242 366 365
f 243 258 367
f 244 243 367
f 244 367 368
f 244 368 245
f 245 368 369
f 245 369 250
f 370 249 246
f 370 246 371
f 371 246 247
f 371 247 372
f 372 247 373
f 372 373 374
f 247 248 375
f 247 375 373
f 248 252 375
f 376 253 249
f 376 249 370
f 250 369 377
f 250 377 251
f 251 377 378
f 251 378 252
f 379 380 381
f 379 381 382
f 379 382 383
f 379 383 252
f 252 378 384
f 375 252 384
f 385 254 253
f 385 253 376
f 386 255 254
f 386 254 385
f 387 359 255
f 387 255 386
f 388 257 256
f 388 256 261
f 388 389 258
f 388 258 257
f 389 390 367
f 389 367 258
f 262 391 260
f 262 260 259
f 391 392 260
f 392 393 261
f 392 261 260
f 393 394 261
f 394 395 388
f 394 388 261
f 262 263 396
f 391 262 396
f 391 396 397
f 352 398 263
f 398 399 396
f 398 396 263
f 356 264 265
f 356 265 400
f 265 267 401
f 265 401 400
f 285 267 266
f 402 267 285
f 267 402 403
f 267 403 401
f 280 404 273
f 280 273 268
f 269 405 406
f 269 406 270
f 273 407 405
f 273 405 269
f 406 408 271
f 406 271 270
f 408 284 272
f 408 272 271
f 409 407 273
f 409 273 404
f 274 410 278
f 411 410 274
f 411 274 412
f 412 274 413
f 413 274 275
f 275 276 414
f 275 414 415
f 415 416 276
f 415 276 275
f 276 417 413
f 276 413 275
f 276 334 418
f 276 418 419
f 276 420 421
f 276 421 422
f 276 422 423
f 276 423 414
f 419 424 425
f 419 425 276
f 426 282 277
f 426 277 279
f 278 427 279
f 278 410 427
f 426 279 427
f 426 427 428
f 429 430 404
f 429 404 280
f 429 280 283
f 426 431 432
f 426 432 281
f 426 281 282
f 433 283 281
f 433 281 432
f 433 430 429
f 433 429 283
f 408 288 284
f 434 402 285
f 434 285 287
f 435 436 286
f 435 286 288
f 436 434 287
f 436 287 286
f 408 437 288
f 438 435 288
f 438 288 437
f 290 439 305
f 290 305 289
f 303 440 439
f 303 439 290
f 342 293 291
f 342 291 292
f 293 441 294
f 342 442 441
f 342 441 293
f 443 295 294
f 444 443 294
f 445 444 294
f 445 294 441
f 300 295 443
f 300 443 446
f 299 298 296
f 299 296 364
f 340 364 296
f 340 296 297
f 447 340 297
f 447 297 300
f 299 362 448
f 299 448 304
f 299 364 362
f 446 447 300
f 449 450 302
f 449 302 301
f 301 304 451
f 301 451 449
f 452 303 302
f 452 302 450
f 303 452 453
f 303 453 440
f 451 304 448
f 451 448 454
f 310 305 439
f 310 439 455
f 308 310 306
f 308 306 307
f 310 455 309
f 310 309 306
f 455 312 309
f 456 322 311
f 456 311 312
f 456 312 455
f 456 455 457
f 458 459 314
f 458 314 313
f 315 460 458
f 315 458 313
f 459 320 316
f 459 316 314
f 317 461 460
f 317 460 315
f 318 462 463
f 318 463 317
f 463 461 317
f 319 464 318
f 465 462 318
f 465 318 464
f 321 466 464
f 321 464 319
f 467 338 320
f 467 320 459
f 468 466 321
f 468 321 322
f 469 468 322
f 469 322 456
f 470 471 324
f 470 324 323
f 472 470 323
f 472 323 326
f 473 474 324
f 473 324 471
f 475 324 474
f 324 475 327
f 324 327 325
f 476 472 326
f 476 326 329
f 475 477 328
f 475 328 327
f 477 478 330
f 477 330 328
f 479 476 329
f 479 329 331
f 330 480 332
f 478 480 330
f 481 479 331
f 481 331 335
f 480 482 483
f 480 483 332
f 483 484 333
f 483 333 332
f 333 484 334
f 334 484 418
f 485 481 335
f 485 335 336
f 336 486 487
f 336 487 485
f 337 420 486
f 337 486 336
f 339 420 337
f 488 489 338
f 488 338 467
f 490 338 489
f 490 339 338
f 339 491 420
f 490 492 339
f 492 420 339
f 420 491 339
f 340 447 341
f 442 342 341
f 442 341 493
f 447 446 493
f 447 493 341
f 494 495 343
f 494 343 345
f 495 496 344
f 495 344 343
f 496 497 344
f 497 498 347
f 497 347 344
f 499 494 345
f 499 345 346
f 500 499 346
f 500 346 353
f 347 501 349
f 347 349 348
f 498 501 347
f 501 502 350
f 501 350 349
f 502 503 351
f 502 351 350
f 503 398 352
f 503 352 351
f 504 500 353
f 504 353 354
f 505 504 354
f 505 354 355
f 506 507 355
f 506 355 357
f 507 505 355
f 400 506 356
f 356 506 357
f 508 361 358
f 508 358 360
f 509 360 359
f 509 359 387
f 510 508 360
f 510 360 509
f 511 366 361
f 511 361 508
f 448 362 363
f 512 448 363
f 512 363 365
f 513 512 365
f 366 514 365
f 514 515 513
f 514 513 365
f 516 514 366
f 516 366 511
f 367 390 517
f 367 518 369
f 367 369 368
f 367 517 518
f 518 519 377
f 518 377 369
f 520 376 370
f 520 370 521
f 521 370 371
f 521 371 522
f 522 371 372
f 522 372 523
f 523 372 374
f 523 374 524
f 374 373 525
f 525 373 375
f 525 375 526
f 524 374 527
f 524 527 528
f 527 374 525
f 529 526 375
f 529 375 384
f 530 385 376
f 530 376 520
f 519 531 378
f 519 378 377
f 531 532 378
f 378 532 384
f 379 533 534
f 380 379 534
f 380 534 535
f 535 536 381
f 535 381 380
f 536 537 381
f 537 538 382
f 537 382 381
f 538 539 383
f 538 383 382
f 539 534 533
f 539 533 383
f 532 529 384
f 540 386 385
f 540 385 530
f 541 387 386
f 541 386 540
f 542 509 387
f 542 387 541
f 395 543 389
f 395 389 388
f 543 544 390
f 543 390 389
f 390 544 517
f 392 391 397
f 392 397 545
f 393 392 545
f 393 545 546
f 394 393 546
f 395 394 546
f 395 546 547
f 543 395 548
f 543 548 549
f 548 395 547
f 399 550 397
f 399 397 396
f 550 551 545
f 550 545 397
f 552 553 398
f 552 398 503
f 398 553 399
f 553 554 550
f 553 550 399
f 401 506 400
f 403 555 401
f 555 506 401
f 402 434 556
f 402 556 403
f 557 555 403
f 557 403 556
f 404 430 558
f 404 558 559
f 404 559 409
f 560 561 405
f 560 405 407
f 561 437 406
f 561 406 405
f 408 406 437
f 562 563 407
f 562 407 409
f 563 560 407
f 559 562 409
f 427 410 411
f 412 564 565
f 412 565 411
f 565 427 411
f 566 412 413
f 566 567 412
f 567 564 412
f 566 413 568
f 413 417 569
f 413 569 568
f 414 423 415
f 423 422 491
f 423 491 415
f 415 420 570
f 415 570 571
f 415 571 572
f 415 572 416
f 416 572 415
f 415 491 571
f 415 571 572
f 417 573 574
f 417 574 575
f 569 417 575
f 569 575 576
f 425 573 417
f 419 418 577
f 419 577 578
f 484 579 577
f 484 577 418
f 578 580 424
f 578 424 419
f 422 421 420
f 422 420 491
f 581 486 420
f 581 420 492
f 571 570 420
f 571 420 491
f 424 582 425
f 424 580 583
f 424 583 582
f 425 582 573
f 428 584 431
f 428 431 426
f 428 427 585
f 586 427 565
f 586 565 587
f 585 427 586
f 584 428 585
f 584 585 588
f 589 558 430
f 589 430 433
f 590 591 431
f 590 431 584
f 431 591 592
f 431 592 593
f 431 593 432
f 593 589 433
f 593 433 432
f 434 436 594
f 434 594 556
f 436 435 595
f 436 595 594
f 435 438 596
f 435 596 595
f 561 438 437
f 597 438 561
f 597 561 560
f 438 597 598
f 438 598 596
f 455 439 440
f 455 440 457
f 457 440 453
f 457 453 599
f 442 600 445
f 442 445 441
f 493 601 600
f 493 600 442
f 446 443 444
f 444 601 493
f 444 493 446
f 602 601 444
f 602 444 603
f 604 603 444
f 604 444 445
f 600 605 604
f 600 604 445
f 606 448 512
f 606 512 607
f 606 454 448
f 608 609 450
f 608 450 449
f 610 449 451
f 610 451 611
f 612 608 449
f 612 449 610
f 613 452 450
f 613 450 609
f 611 451 454
f 611 454 606
f 611 606 614
f 452 613 615
f 452 615 453
f 599 453 615
f 599 615 616
f 469 456 457
f 469 457 599
f 617 467 459
f 617 459 458
f 460 618 617
f 460 617 458
f 461 619 618
f 461 618 460
f 463 620 619
f 463 619 461
f 462 621 622
f 462 622 463
f 465 621 462
f 463 623 620
f 624 623 463
f 624 463 622
f 466 465 464
f 625 626 465
f 625 465 466
f 626 621 465
f 627 625 466
f 627 466 468
f 628 488 467
f 628 467 617
f 629 627 468
f 629 468 469
f 629 469 599
f 629 599 616
f 629 616 630
f 631 632 471
f 631 471 470
f 633 631 470
f 633 470 472
f 471 632 634
f 471 634 473
f 635 633 472
f 635 472 476
f 634 636 637
f 634 637 473
f 473 637 638
f 473 638 474
f 474 638 477
f 474 477 475
f 639 635 476
f 639 476 479
f 638 640 478
f 638 478 477
f 640 641 480
f 640 480 478
f 642 639 479
f 642 479 481
f 641 643 482
f 641 482 480
f 644 642 481
f 644 481 485
f 643 645 646
f 643 646 482
f 482 646 483
f 646 484 483
f 484 646 647
f 484 647 579
f 485 487 648
f 485 648 644
f 649 487 486
f 649 486 581
f 650 648 487
f 650 487 649
f 651 652 489
f 651 489 488
f 653 651 488
f 653 488 628
f 654 490 489
f 654 489 652
f 490 655 656
f 490 656 657
f 492 490 657
f 492 657 581
f 658 655 490
f 658 490 654
f 659 660 494
f 659 494 499
f 660 661 495
f 660 495 494
f 661 662 496
f 661 496 495
f 496 662 497
f 497 662 498
f 662 663 501
f 662 501 498
f 664 659 499
f 664 499 500
f 665 664 500
f 665 500 504
f 501 663 502
f 663 552 503
f 663 503 502
f 666 665 504
f 666 504 505
f 667 666 505
f 667 505 507
f 507 506 555
f 668 667 507
f 668 507 555
f 669 511 508
f 669 508 510
f 670 510 509
f 670 509 542
f 671 669 510
f 671 510 670
f 672 516 511
f 672 511 669
f 512 513 673
f 512 673 607
f 673 513 674
f 673 674 675
f 515 676 513
f 676 677 674
f 676 674 513
f 678 515 514
f 678 514 516
f 679 676 515
f 679 515 678
f 680 678 516
f 680 516 672
f 544 681 517
f 681 518 517
f 518 681 519
f 681 682 531
f 681 531 519
f 683 530 520
f 684 520 521
f 684 521 685
f 684 683 520
f 522 686 521
f 521 686 685
f 686 522 523
f 686 523 687
f 687 523 524
f 687 524 688
f 688 524 528
f 688 528 636
f 689 525 526
f 689 526 690
f 691 692 693
f 691 693 694
f 691 694 695
f 691 695 527
f 691 527 525
f 691 525 689
f 691 689 696
f 691 696 697
f 697 696 689
f 697 689 525
f 697 525 527
f 690 526 698
f 698 526 699
f 699 526 529
f 699 529 700
f 528 527 697
f 528 697 701
f 636 528 701
f 636 701 637
f 532 700 529
f 702 540 530
f 702 530 683
f 682 700 532
f 682 532 531
f 703 535 534
f 704 703 534
f 539 704 534
f 536 535 705
f 536 705 706
f 705 535 703
f 537 536 707
f 537 707 708
f 707 536 706
f 708 709 538
f 708 538 537
f 709 704 539
f 709 539 538
f 710 541 540
f 710 540 702
f 711 542 541
f 711 541 710
f 712 670 542
f 712 542 711
f 544 543 549
f 544 549 713
f 714 681 544
f 713 714 544
f 545 551 546
f 551 715 547
f 551 547 546
f 547 715 548
f 715 716 549
f 715 549 548
f 549 716 713
f 554 717 551
f 554 551 550
f 717 718 551
f 718 719 715
f 718 715 551
f 553 552 720
f 553 720 721
f 722 720 552
f 722 552 663
f 554 553 721
f 717 554 721
f 717 721 723
f 555 557 724
f 668 555 724
f 725 557 556
f 725 556 594
f 557 725 726
f 557 726 724
f 558 589 559
f 727 562 559
f 727 559 589
f 563 597 560
f 562 728 563
f 729 728 562
f 729 562 727
f 728 597 563
f 730 564 567
f 730 567 731
f 565 564 730
f 565 730 587
f 566 732 733
f 566 734 732
f 566 735 734
f 566 568 735
f 566 736 567
f 566 733 736
f 567 737 738
f 736 737 567
f 739 731 567
f 739 567 738
f 568 740 735
f 568 569 741
f 568 741 740
f 741 569 576
f 741 576 742
f 574 573 582
f 574 582 743
f 574 743 744
f 574 744 745
f 574 745 575
f 576 575 746
f 576 746 747
f 575 745 746
f 742 576 747
f 742 747 748
f 578 577 749
f 578 749 750
f 579 751 749
f 579 749 577
f 750 752 580
f 750 580 578
f 579 647 753
f 579 753 751
f 580 752 754
f 580 754 583
f 581 657 755
f 581 755 649
f 583 756 757
f 583 757 582
f 743 582 757
f 754 758 756
f 754 756 583
f 584 588 759
f 584 759 760
f 584 760 590
f 588 585 586
f 588 586 761
f 587 762 761
f 587 761 586
f 730 731 763
f 730 763 762
f 730 762 587
f 590 760 759
f 590 759 588
f 590 588 761
f 593 727 589
f 764 765 591
f 764 591 590
f 761 762 766
f 761 766 590
f 590 766 767
f 590 767 764
f 765 768 592
f 765 592 591
f 768 727 593
f 768 593 592
f 596 725 594
f 596 594 595
f 769 725 596
f 769 596 598
f 598 597 770
f 770 597 728
f 770 728 771
f 772 769 598
f 772 598 770
f 601 773 605
f 601 605 600
f 773 601 602
f 602 603 774
f 602 774 775
f 776 777 773
f 776 773 602
f 775 778 779
f 775 779 776
f 775 776 602
f 780 781 603
f 780 603 604
f 774 603 781
f 774 781 782
f 774 782 783
f 604 605 777
f 604 777 780
f 773 777 605
f 614 606 607
f 614 607 784
f 784 607 673
f 784 673 785
f 786 787 609
f 786 609 608
f 788 786 608
f 788 608 612
f 789 613 609
f 789 609 787
f 611 790 791
f 611 791 610
f 610 791 792
f 610 792 612
f 614 793 790
f 614 790 611
f 612 792 794
f 612 794 788
f 613 789 795
f 613 795 615
f 784 796 793
f 784 793 614
f 616 615 795
f 616 795 797
f 797 798 616
f 799 630 616
f 799 616 798
f 628 617 618
f 628 618 800
f 800 618 619
f 800 619 801
f 801 619 620
f 801 620 802
f 620 623 802
f 803 804 622
f 803 622 621
f 805 803 621
f 805 621 626
f 806 624 622
f 806 622 804
f 807 802 623
f 807 623 624
f 808 807 624
f 808 624 806
f 809 805 626
f 809 626 625
f 810 809 625
f 810 625 627
f 630 810 627
f 630 627 629
f 653 628 800
f 653 800 811
f 799 812 810
f 799 810 630
f 813 814 632
f 813 632 631
f 815 813 631
f 815 631 633
f 816 817 632
f 816 632 814
f 632 817 634
f 818 815 633
f 818 633 635
f 817 688 636
f 817 636 634
f 819 818 635
f 819 635 639
f 637 701 640
f 637 640 638
f 820 819 639
f 820 639 642
f 640 697 641
f 701 697 640
f 697 696 643
f 697 643 641
f 821 820 642
f 821 642 644
f 645 643 696
f 645 696 822
f 644 648 823
f 644 823 821
f 645 822 824
f 645 824 825
f 645 825 647
f 645 647 646
f 825 826 753
f 825 753 647
f 827 823 648
f 827 648 650
f 649 755 828
f 649 828 650
f 650 828 829
f 650 829 827
f 830 654 652
f 830 652 651
f 831 830 651
f 831 651 653
f 831 653 811
f 831 811 832
f 830 833 658
f 830 658 654
f 655 834 835
f 655 835 656
f 834 655 658
f 656 835 836
f 656 836 837
f 657 656 837
f 657 837 755
f 833 838 839
f 833 839 658
f 839 840 834
f 839 834 658
f 664 841 659
f 841 842 661
f 841 661 660
f 841 660 659
f 842 843 661
f 843 844 662
f 843 662 661
f 844 722 663
f 844 663 662
f 665 841 664
f 845 841 665
f 846 845 665
f 846 665 666
f 847 846 666
f 847 666 667
f 724 847 667
f 724 667 668
f 848 672 669
f 848 669 671
f 849 671 670
f 849 670 712
f 850 848 671
f 850 671 849
f 851 680 672
f 851 672 848
f 785 673 675
f 785 675 852
f 674 853 854
f 674 854 675
f 855 853 674
f 855 674 677
f 852 675 854
f 852 854 856
f 857 677 676
f 857 676 679
f 858 855 677
f 858 677 857
f 859 679 678
f 859 678 680
f 860 857 679
f 860 679 859
f 861 859 680
f 861 680 851
f 682 681 714
f 682 714 862
f 700 682 862
f 700 862 863
f 864 683 865
f 702 683 864
f 683 684 865
f 866 684 685
f 866 685 867
f 866 864 865
f 866 865 684
f 867 685 686
f 867 686 868
f 868 686 687
f 868 687 816
f 816 687 688
f 816 688 817
f 822 689 690
f 822 690 869
f 689 822 696
f 869 690 698
f 870 691 871
f 870 871 872
f 873 874 691
f 873 691 870
f 875 876 691
f 875 691 877
f 877 691 874
f 877 874 878
f 879 692 880
f 879 880 881
f 882 693 692
f 882 692 879
f 883 880 692
f 883 692 884
f 884 692 885
f 884 885 886
f 887 694 693
f 887 693 882
f 888 695 694
f 888 694 887
f 889 890 695
f 889 695 888
f 698 699 891
f 891 869 698
f 699 700 863
f 699 863 891
f 864 892 710
f 864 710 702
f 703 893 894
f 703 894 895
f 703 895 896
f 705 703 896
f 705 896 897
f 898 703 899
f 898 893 703
f 899 703 704
f 704 898 899
f 704 709 898
f 900 706 705
f 900 705 901
f 901 705 897
f 901 897 902
f 903 707 706
f 903 706 900
f 904 708 707
f 904 707 903
f 905 906 709
f 905 709 708
f 907 905 708
f 907 708 904
f 906 908 909
f 906 909 709
f 709 909 898
f 910 711 710
f 910 710 892
f 911 712 711
f 911 711 910
f 912 849 712
f 912 712 911
f 716 913 713
f 713 913 862
f 713 862 714
f 719 914 716
f 719 716 715
f 716 914 913
f 718 717 723
f 718 723 915
f 719 718 915
f 914 719 915
f 914 915 916
f 917 721 720
f 917 720 918
f 918 720 722
f 918 722 919
f 920 723 721
f 920 721 917
f 919 722 844
f 919 844 921
f 922 915 723
f 922 723 920
f 923 847 724
f 923 724 726
f 725 769 924
f 725 924 726
f 924 925 726
f 926 923 726
f 926 726 925
f 927 729 727
f 927 727 768
f 729 928 728
f 929 771 728
f 929 728 928
f 930 928 729
f 930 729 927
f 763 731 739
f 763 739 931
f 932 933 732
f 932 732 934
f 933 733 732
f 732 734 935
f 732 935 934
f 936 733 933
f 936 933 937
f 733 938 939
f 733 940 938
f 733 941 940
f 733 936 941
f 736 733 942
f 942 733 939
f 734 735 943
f 734 943 944
f 734 944 935
f 943 735 740
f 943 740 945
f 736 942 737
f 737 946 947
f 737 947 738
f 737 942 948
f 737 948 946
f 738 947 949
f 738 949 950
f 739 738 950
f 739 950 949
f 739 949 931
f 741 951 945
f 741 945 740
f 952 951 741
f 952 741 742
f 952 742 748
f 952 748 953
f 743 757 744
f 745 744 954
f 745 954 955
f 744 757 956
f 744 956 954
f 746 745 955
f 746 955 957
f 747 746 957
f 747 957 958
f 748 747 958
f 748 958 959
f 959 953 748
f 750 749 960
f 750 960 961
f 751 962 960
f 751 960 749
f 961 963 752
f 961 752 750
f 751 753 964
f 751 964 962
f 752 963 965
f 752 965 754
f 826 922 964
f 826 964 753
f 965 966 758
f 965 758 754
f 755 837 967
f 755 967 828
f 757 756 968
f 757 968 956
f 756 758 969
f 756 969 968
f 758 966 970
f 758 970 969
f 763 971 972
f 763 972 766
f 763 766 762
f 763 931 973
f 763 973 971
f 974 975 765
f 974 765 764
f 764 767 976
f 764 976 974
f 975 977 768
f 975 768 765
f 766 972 978
f 766 978 767
f 767 978 979
f 767 979 976
f 977 980 768
f 980 927 768
f 769 772 925
f 769 925 924
f 981 772 770
f 981 770 771
f 982 983 771
f 982 771 929
f 983 981 771
f 925 772 984
f 772 981 985
f 772 985 984
f 778 775 774
f 778 774 783
f 986 777 776
f 986 776 987
f 988 776 779
f 987 776 988
f 989 780 777
f 989 777 986
f 778 783 990
f 991 778 990
f 779 778 991
f 988 779 992
f 988 992 993
f 992 779 991
f 992 991 994
f 995 781 780
f 995 780 989
f 996 782 781
f 996 781 995
f 997 998 782
f 997 782 996
f 782 998 999
f 782 999 783
f 783 999 990
f 785 1000 796
f 785 796 784
f 852 1001 1000
f 852 1000 785
f 786 1002 1003
f 786 1003 787
f 1004 1002 786
f 1004 786 788
f 787 1003 1005
f 787 1005 789
f 788 794 1006
f 788 1006 1004
f 795 789 1005
f 795 1005 1007
f 793 1008 1009
f 793 1009 790
f 790 1009 1010
f 790 1010 791
f 791 1010 1011
f 791 1011 792
f 792 1011 1012
f 792 1012 794
f 796 1013 1008
f 796 1008 793
f 794 1012 1014
f 794 1014 1006
f 797 795 1007
f 797 1007 798
f 1000 1015 1013
f 1000 1013 796
f 798 1007 1016
f 798 1016 1017
f 1017 799 798
f 1017 1016 812
f 1017 812 799
f 811 800 801
f 811 801 1018
f 1018 801 802
f 802 807 1019
f 802 1019 1020
f 1018 802 1020
f 1018 1020 1021
f 1022 803 805
f 1022 805 1023
f 1024 803 1022
f 1024 1022 1025
f 1026 804 803
f 1026 803 1024
f 1027 806 804
f 1027 804 1026
f 1028 1023 805
f 1028 805 809
f 1029 808 806
f 1029 806 1027
f 1019 807 808
f 1019 808 1030
f 1031 1030 808
f 1031 808 1029
f 812 1028 809
f 812 809 810
f 811 1018 832
f 1016 1032 1028
f 1016 1028 812
f 1033 1034 814
f 1033 814 813
f 1035 1033 813
f 1035 813 815
f 868 816 814
f 868 814 1034
f 1036 1035 815
f 1036 815 818
f 1037 1036 818
f 1037 818 819
f 1038 1037 819
f 1038 819 820
f 821 1038 820
f 821 823 1039
f 821 1039 1040
f 1040 1038 821
f 1041 822 869
f 1041 1042 824
f 1041 824 822
f 1043 1039 823
f 1043 823 827
f 914 824 1042
f 914 1042 913
f 825 824 916
f 825 916 826
f 824 914 916
f 826 916 915
f 826 915 922
f 829 1044 827
f 827 1044 1043
f 828 967 1045
f 828 1045 829
f 829 1045 1046
f 829 1046 1044
f 1047 833 830
f 1047 830 831
f 831 832 1047
f 1048 832 1018
f 1048 1018 1021
f 1047 832 1048
f 1047 1048 1049
f 1050 838 833
f 1050 833 1047
f 834 840 1051
f 834 1051 835
f 835 1051 1052
f 835 1052 836
f 836 1052 1053
f 836 1053 1054
f 837 836 1054
f 837 1054 967
f 943 945 839
f 943 839 838
f 944 943 838
f 944 838 1050
f 945 951 840
f 945 840 839
f 840 951 1055
f 840 1055 1051
f 1056 842 841
f 1056 841 1057
f 1057 841 845
f 1057 845 1058
f 1059 843 842
f 1059 842 1056
f 921 844 843
f 921 843 1059
f 1058 845 846
f 1058 846 1060
f 1060 846 847
f 1060 847 1061
f 1061 847 923
f 1061 923 1062
f 1063 851 848
f 1063 848 850
f 1064 850 849
f 912 1064 849
f 1065 1063 850
f 1065 850 1064
f 1066 861 851
f 1066 851 1063
f 856 1067 1001
f 856 1001 852
f 853 1068 1069
f 853 1069 854
f 855 1070 1068
f 855 1068 853
f 856 854 1069
f 856 1069 1071
f 1072 1070 855
f 1072 855 858
f 1071 1073 1067
f 1071 1067 856
f 1074 858 857
f 1074 857 860
f 1075 1072 858
f 1075 858 1074
f 1076 860 859
f 1076 859 861
f 1077 1074 860
f 1077 860 1076
f 1078 1076 861
f 1078 861 1066
f 913 1042 862
f 1042 1041 863
f 1042 863 862
f 1041 869 891
f 1041 891 863
f 1079 910 892
f 1079 892 864
f 1079 864 866
f 1079 866 902
f 1080 866 867
f 1080 867 1081
f 1081 867 868
f 1081 868 1034
f 872 1082 1083
f 872 1083 870
f 870 1083 1084
f 870 1084 873
f 872 871 1085
f 872 1085 1086
f 1086 1087 1082
f 1086 1082 872
f 873 1084 1088
f 1089 1090 874
f 1089 874 873
f 1089 873 1088
f 878 874 1090
f 878 1090 1091
f 875 1092 1093
f 875 1093 1094
f 877 1095 1092
f 877 1092 875
f 1094 1096 876
f 1094 876 875
f 876 1096 1104
f 876 1104 1103
f 876 1103 1102
f 876 1102 1101
f 876 1101 1100
f 876 1100 1099
f 876 1099 1098
f 876 1098 1097
f 878 1105 1095
f 878 1095 877
f 1106 1105 878
f 1106 878 1091
f 881 1107 1108
f 881 1108 879
f 879 1108 1109
f 879 1109 882
f 881 880 1110
f 1110 880 883
f 1110 1111 1107
f 1110 1107 881
f 882 1109 1112
f 882 1112 887
f 883 1113 1114
f 883 1114 1110
f 884 1115 1113
f 884 1113 883
f 886 1116 1115
f 886 1115 884
f 886 885 1117
f 886 1117 1118
f 1118 1119 1116
f 1118 1116 886
f 887 1112 1120
f 887 1120 888
f 888 1120 1121
f 888 1121 889
f 889 1121 1122
f 889 1122 1123
f 1123 1124 890
f 1123 890 889
f 898 1125 1126
f 898 1126 893
f 893 1126 894
f 894 1126 1127
f 894 1127 997
f 894 997 895
f 895 997 996
f 895 996 1128
f 896 895 1128
f 896 1128 1129
f 1130 896 1129
f 897 896 1130
f 902 897 1130
f 909 1131 1125
f 909 1125 898
f 903 900 1132
f 903 1132 1133
f 900 901 1134
f 900 1134 1132
f 901 902 1135
f 901 1135 1136
f 1134 901 1136
f 902 1130 1135
f 904 903 1133
f 907 904 1133
f 1137 1138 906
f 1137 906 905
f 1139 1137 905
f 1139 905 907
f 1138 1140 908
f 1138 908 906
f 1139 907 1133
f 1139 1133 1141
f 1140 1142 1143
f 1140 1143 908
f 908 1143 1131
f 908 1131 909
f 1079 911 910
f 1144 912 911
f 1144 911 1079
f 1144 1145 1064
f 1144 1064 912
f 920 917 1146
f 920 1146 964
f 917 918 1147
f 917 1147 1146
f 918 919 1148
f 918 1148 1147
f 919 921 1149
f 919 1149 1148
f 922 920 964
f 921 1059 1150
f 921 1150 1149
f 1062 923 926
f 1062 926 1151
f 1152 926 925
f 1152 925 984
f 1151 926 1152
f 1151 1152 1153
f 1154 930 927
f 1154 927 980
f 930 1155 928
f 928 1155 929
f 1155 982 929
f 1156 1155 930
f 1156 930 1154
f 931 949 1157
f 931 1157 973
f 1158 932 1159
f 932 934 1159
f 932 1158 1160
f 1161 932 1160
f 1162 932 1161
f 1163 932 1162
f 1164 933 932
f 1164 932 1163
f 937 933 1164
f 934 935 1165
f 934 1165 1159
f 935 944 1166
f 935 1166 1165
f 936 937 1167
f 936 1167 1168
f 936 1168 941
f 1164 1169 1167
f 1164 1167 937
f 938 1170 1171
f 938 1171 939
f 940 1172 1170
f 940 1170 938
f 942 939 1171
f 942 1171 948
f 941 1168 1172
f 941 1172 940
f 1050 1166 944
f 947 946 1173
f 947 1173 1174
f 948 1175 1173
f 948 1173 946
f 1176 1157 949
f 1176 949 947
f 1174 1176 947
f 1171 1177 1175
f 1171 1175 948
f 951 952 953
f 951 953 1055
f 1055 953 1178
f 1055 1178 1179
f 1178 953 959
f 1178 959 1180
f 955 954 1100
f 955 1100 1101
f 1181 1100 954
f 1181 954 956
f 955 1101 957
f 968 1182 1181
f 968 1181 956
f 958 957 1183
f 958 1183 1184
f 957 1101 1183
f 959 958 1184
f 959 1184 1180
f 961 960 1185
f 961 1185 1186
f 962 1187 960
f 1187 1188 1185
f 1187 1185 960
f 1186 1189 963
f 1186 963 961
f 962 964 1146
f 962 1146 1187
f 963 1190 965
f 963 1189 1191
f 963 1191 1190
f 1190 1192 966
f 1190 966 965
f 966 1193 970
f 966 1192 1194
f 966 1194 1193
f 967 1054 1195
f 967 1195 1045
f 969 1196 1182
f 969 1182 968
f 970 1197 1196
f 970 1196 969
f 1193 1198 1197
f 1193 1197 970
f 972 971 1199
f 972 1199 978
f 973 1199 971
f 1176 973 1157
f 973 1176 1200
f 973 1200 1199
f 1201 1202 975
f 1201 975 974
f 974 976 1203
f 974 1203 1201
f 1202 1154 977
f 1202 977 975
f 976 979 1204
f 976 1204 1203
f 977 1154 980
f 978 1205 979
f 978 1206 1205
f 978 1199 1207
f 978 1207 1206
f 1205 1204 979
f 981 983 985
f 1155 1208 982
f 982 1208 985
f 982 985 983
f 1209 1152 984
f 1209 984 985
f 1210 985 1208
f 985 1210 1211
f 985 1211 1209
f 1212 989 986
f 1212 986 1213
f 1213 986 987
f 1213 987 1214
f 1214 987 988
f 1214 988 1215
f 1215 988 993
f 1215 993 1216
f 1217 995 989
f 1217 989 1212
f 999 1218 990
f 1218 1219 990
f 1219 1220 990
f 1220 994 990
f 994 991 990
f 993 992 1221
f 993 1221 1222
f 1221 992 994
f 1216 993 1222
f 1216 1222 1223
f 1224 994 1220
f 1224 1220 1225
f 1226 1221 994
f 1226 994 1224
f 1128 996 995
f 1128 995 1217
f 997 1227 998
f 1228 1227 997
f 1228 997 1127
f 1228 1127 1229
f 998 1227 1230
f 998 1230 1231
f 998 1231 999
f 1231 1232 1218
f 1231 1218 999
f 1001 1233 1015
f 1001 1015 1000
f 1067 1234 1233
f 1067 1233 1001
f 1002 1235 1236
f 1002 1236 1003
f 1237 1235 1002
f 1237 1002 1004
f 1003 1236 1032
f 1003 1032 1005
f 1004 1006 1238
f 1004 1238 1237
f 1007 1005 1032
f 1007 1032 1016
f 1006 1014 1239
f 1006 1239 1238
f 1013 1240 1241
f 1013 1241 1008
f 1008 1241 1242
f 1008 1242 1009
f 1009 1242 1243
f 1009 1243 1010
f 1010 1243 1244
f 1010 1244 1011
f 1011 1244 1245
f 1011 1245 1012
f 1012 1245 1246
f 1012 1246 1014
f 1015 1247 1240
f 1015 1240 1013
f 1014 1246 1248
f 1014 1248 1239
f 1233 1249 1247
f 1233 1247 1015
f 1020 1019 1250
f 1250 1019 1251
f 1251 1019 1030
f 1251 1030 1252
f 1253 1021 1020
f 1253 1020 1250
f 1254 1048 1021
f 1254 1021 1255
f 1021 1253 1255
f 1235 1022 1023
f 1235 1023 1236
f 1025 1022 1235
f 1025 1235 1237
f 1023 1028 1032
f 1023 1032 1236
f 1025 1256 1257
f 1025 1257 1024
f 1024 1257 1258
f 1024 1258 1026
f 1237 1238 1256
f 1237 1256 1025
f 1026 1258 1259
f 1026 1259 1027
f 1027 1259 1260
f 1027 1260 1029
f 1029 1260 1261
f 1029 1261 1031
f 1262 1252 1030
f 1262 1030 1263
f 1264 1263 1030
f 1264 1030 1031
f 1031 1261 1265
f 1031 1265 1264
f 1266 1081 1034
f 1266 1034 1033
f 1267 1266 1033
f 1267 1033 1035
f 1268 1267 1035
f 1268 1035 1036
f 1269 1268 1036
f 1269 1036 1037
f 1270 1269 1037
f 1270 1037 1038
f 1271 1270 1038
f 1271 1038 1040
f 1040 1039 1272
f 1040 1272 1271
f 1273 1272 1039
f 1273 1039 1043
f 1043 1044 1274
f 1043 1274 1273
f 1044 1046 1275
f 1044 1275 1274
f 1045 1195 1276
f 1045 1276 1046
f 1046 1276 1277
f 1046 1277 1275
f 1050 1047 1049
f 1050 1049 1278
f 1279 1049 1048
f 1279 1048 1254
f 1049 1279 1278
f 1050 1278 1166
f 1051 1055 1179
f 1051 1179 1052
f 1052 1179 1280
f 1052 1280 1053
f 1053 1280 1281
f 1053 1281 1282
f 1054 1053 1282
f 1054 1282 1195
f 1059 1056 1150
f 1056 1057 1283
f 1056 1283 1150
f 1057 1058 1283
f 1058 1060 1284
f 1058 1284 1283
f 1060 1061 1284
f 1061 1062 1285
f 1061 1285 1284
f 1062 1151 1286
f 1062 1286 1285
f 1287 1066 1063
f 1287 1063 1065
f 1145 1288 1065
f 1145 1065 1064
f 1065 1288 1287
f 1289 1078 1066
f 1289 1066 1287
f 1073 1290 1234
f 1073 1234 1067
f 1068 1224 1225
f 1068 1225 1069
f 1070 1226 1224
f 1070 1224 1068
f 1071 1069 1225
f 1071 1225 1291
f 1292 1226 1070
f 1292 1070 1072
f 1291 1293 1073
f 1291 1073 1071
f 1294 1292 1072
f 1294 1072 1075
f 1293 1295 1290
f 1293 1290 1073
f 1296 1075 1074
f 1296 1074 1077
f 1297 1294 1075
f 1297 1075 1296
f 1298 1077 1076
f 1298 1076 1078
f 1299 1296 1077
f 1299 1077 1298
f 1300 1298 1078
f 1300 1078 1289
f 1301 1144 1079
f 1301 1079 1302
f 1302 1079 1080
f 1302 1080 1303
f 1303 1080 1081
f 1303 1081 1266
f 1087 1304 1305
f 1087 1305 1082
f 1082 1305 1306
f 1082 1306 1083
f 1083 1306 1307
f 1083 1307 1084
f 1084 1307 1308
f 1084 1308 1088
f 1086 1085 1309
f 1086 1309 1310
f 1310 1311 1087
f 1310 1087 1086
f 1311 1312 1304
f 1311 1304 1087
f 1088 1308 1313
f 1088 1313 1314
f 1089 1088 1314
f 1089 1314 1315
f 1315 1316 1090
f 1315 1090 1089
f 1091 1090 1316
f 1091 1316 1317
f 1317 1318 1106
f 1317 1106 1091
f 1092 1319 1320
f 1092 1320 1093
f 1095 1321 1319
f 1095 1319 1092
f 1093 1320 1322
f 1093 1322 1323
f 1094 1093 1323
f 1094 1323 1324
f 1324 1104 1096
f 1324 1096 1094
f 1105 1325 1321
f 1105 1321 1095
f 1326 1097 1327
f 1326 1327 1328
f 1183 1101 1097
f 1183 1097 1326
f 1098 1327 1097
f 1097 1098 1099
f 1097 1099 1100
f 1097 1100 1101
f 1098 1329 1327
f 1330 1331 1098
f 1330 1098 1099
f 1331 1332 1329
f 1331 1329 1098
f 1333 1330 1099
f 1333 1099 1181
f 1100 1181 1099
f 1334 1335 1102
f 1334 1102 1336
f 1336 1102 1103
f 1336 1103 1337
f 1337 1103 1104
f 1337 1104 1324
f 1106 1338 1325
f 1106 1325 1105
f 1318 1339 1338
f 1318 1338 1106
f 1111 1340 1341
f 1111 1341 1107
f 1107 1341 1342
f 1107 1342 1108
f 1108 1342 1343
f 1108 1343 1109
f 1109 1343 1344
f 1109 1344 1112
f 1110 1345 1346
f 1110 1346 1111
f 1114 1347 1345
f 1114 1345 1110
f 1346 1348 1340
f 1346 1340 1111
f 1112 1344 1120
f 1113 1349 1350
f 1113 1350 1114
f 1115 1351 1349
f 1115 1349 1113
f 1114 1350 1352
f 1114 1352 1347
f 1116 1353 1351
f 1116 1351 1115
f 1119 1354 1353
f 1119 1353 1116
f 1118 1117 1355
f 1118 1355 1356
f 1356 1357 1119
f 1356 1119 1118
f 1357 1354 1119
f 1120 1344 1358
f 1120 1358 1121
f 1121 1358 1359
f 1121 1359 1360
f 1121 1360 1122
f 1122 1360 1361
f 1122 1361 1362
f 1123 1122 1362
f 1123 1362 1363
f 1363 1364 1124
f 1363 1124 1123
f 1131 1365 1366
f 1131 1366 1125
f 1125 1366 1126
f 1366 1367 1127
f 1366 1127 1126
f 1127 1367 1229
f 1129 1128 1217
f 1129 1217 1368
f 1130 1129 1369
f 1369 1129 1370
f 1370 1129 1368
f 1370 1368 1371
f 1130 1369 1370
f 1130 1370 1372
f 1372 1373 1135
f 1372 1135 1130
f 1365 1131 1374
f 1374 1131 1143
f 1374 1143 1375
f 1136 1376 1132
f 1136 1132 1134
f 1376 1377 1133
f 1376 1133 1132
f 1377 1378 1141
f 1377 1141 1133
f 1376 1136 1135
f 1376 1135 1379
f 1135 1380 1379
f 1135 1373 1381
f 1135 1381 1380
f 1382 1383 1138
f 1382 1138 1137
f 1384 1382 1137
f 1384 1137 1139
f 1383 1385 1140
f 1383 1140 1138
f 1139 1141 1384
f 1385 1386 1142
f 1385 1142 1140
f 1141 1378 1387
f 1388 1141 1387
f 1384 1141 1388
f 1386 1389 1390
f 1386 1390 1142
f 1142 1390 1375
f 1142 1375 1143
f 1391 1145 1144
f 1391 1144 1301
f 1392 1288 1145
f 1392 1145 1391
f 1187 1146 1147
f 1187 1147 1188
f 1188 1147 1148
f 1188 1148 1393
f 1393 1148 1149
f 1393 1149 1394
f 1394 1149 1150
f 1394 1150 1395
f 1395 1150 1283
f 1395 1283 1396
f 1151 1153 1286
f 1153 1152 1209
f 1153 1209 1397
f 1286 1153 1397
f 1286 1397 1398
f 1202 1399 1154
f 1399 1156 1154
f 1210 1208 1155
f 1210 1155 1156
f 1400 1401 1156
f 1400 1156 1399
f 1211 1210 1156
f 1211 1156 1401
f 1402 1158 1159
f 1403 1158 1402
f 1403 1402 1404
f 1160 1158 1403
f 1402 1159 1405
f 1405 1159 1165
f 1160 1406 1407
f 1160 1407 1161
f 1160 1403 1408
f 1160 1408 1406
f 1161 1409 1410
f 1161 1410 1162
f 1161 1407 1409
f 1162 1410 1169
f 1162 1169 1163
f 1163 1169 1164
f 1166 1411 1165
f 1165 1412 1413
f 1414 1412 1165
f 1414 1165 1411
f 1165 1413 1405
f 1166 1278 1415
f 1166 1415 1416
f 1166 1416 1411
f 1167 1417 1418
f 1167 1418 1168
f 1419 1420 1417
f 1419 1417 1167
f 1419 1167 1169
f 1418 1421 1172
f 1418 1172 1168
f 1410 1422 1419
f 1410 1419 1169
f 1171 1170 1423
f 1171 1423 1177
f 1170 1172 1421
f 1170 1421 1423
f 1174 1173 1424
f 1174 1424 1200
f 1173 1425 1424
f 1173 1175 1426
f 1173 1426 1425
f 1174 1200 1176
f 1175 1177 1427
f 1175 1427 1426
f 1427 1177 1423
f 1179 1178 1428
f 1179 1428 1280
f 1180 1429 1428
f 1180 1428 1178
f 1180 1184 1430
f 1180 1430 1429
f 1333 1181 1431
f 1181 1182 1432
f 1181 1432 1431
f 1433 1432 1182
f 1433 1182 1434
f 1196 1434 1182
f 1184 1183 1326
f 1184 1326 1430
f 1186 1185 1435
f 1186 1435 1436
f 1188 1393 1185
f 1393 1394 1435
f 1393 1435 1185
f 1436 1437 1189
f 1436 1189 1186
f 1189 1438 1191
f 1189 1437 1439
f 1189 1439 1438
f 1191 1440 1192
f 1191 1192 1190
f 1438 1441 1440
f 1438 1440 1191
f 1192 1440 1442
f 1192 1442 1194
f 1194 1443 1198
f 1194 1198 1193
f 1442 1444 1443
f 1442 1443 1194
f 1195 1282 1445
f 1195 1445 1276
f 1196 1197 1446
f 1196 1446 1434
f 1197 1447 1446
f 1197 1198 1448
f 1197 1448 1447
f 1198 1443 1449
f 1198 1449 1448
f 1199 1200 1450
f 1199 1450 1207
f 1424 1450 1200
f 1451 1399 1202
f 1451 1202 1201
f 1201 1203 1452
f 1201 1452 1451
f 1204 1452 1203
f 1205 1206 1453
f 1205 1453 1204
f 1204 1454 1452
f 1204 1453 1455
f 1204 1455 1454
f 1206 1207 1456
f 1206 1456 1453
f 1450 1456 1207
f 1397 1209 1457
f 1397 1457 1458
f 1457 1209 1401
f 1401 1209 1211
f 1368 1217 1212
f 1368 1212 1459
f 1459 1212 1213
f 1459 1213 1460
f 1460 1213 1214
f 1460 1214 1461
f 1461 1214 1215
f 1461 1215 1462
f 1462 1215 1216
f 1462 1216 1463
f 1463 1216 1223
f 1463 1223 1464
f 1465 1218 1232
f 1465 1232 1466
f 1467 1219 1218
f 1467 1218 1465
f 1468 1220 1219
f 1468 1219 1467
f 1291 1225 1220
f 1291 1220 1468
f 1222 1221 1226
f 1222 1226 1292
f 1223 1222 1292
f 1223 1292 1294
f 1464 1223 1294
f 1464 1294 1297
f 1227 1228 1469
f 1227 1469 1230
f 1229 1470 1469
f 1229 1469 1228
f 1367 1470 1229
f 1231 1230 1471
f 1231 1471 1232
f 1230 1472 1471
f 1472 1230 1469
f 1466 1232 1471
f 1466 1471 1473
f 1234 1474 1249
f 1234 1249 1233
f 1290 1475 1474
f 1290 1474 1234
f 1238 1239 1476
f 1238 1476 1256
f 1239 1248 1477
f 1239 1477 1476
f 1247 1478 1479
f 1247 1479 1240
f 1240 1479 1480
f 1240 1480 1241
f 1241 1480 1481
f 1241 1481 1242
f 1242 1481 1482
f 1242 1482 1243
f 1243 1482 1483
f 1243 1483 1244
f 1244 1483 1484
f 1244 1484 1245
f 1245 1484 1485
f 1245 1485 1246
f 1246 1485 1486
f 1246 1486 1248
f 1249 1487 1478
f 1249 1478 1247
f 1248 1486 1488
f 1248 1488 1477
f 1474 1489 1487
f 1474 1487 1249
f 1490 1250 1251
f 1490 1251 1491
f 1253 1250 1490
f 1491 1251 1252
f 1491 1252 1492
f 1492 1252 1262
f 1492 1262 1493
f 1255 1253 1490
f 1255 1490 1494
f 1495 1254 1255
f 1495 1255 1494
f 1279 1254 1495
f 1279 1495 1496
f 1256 1476 1497
f 1256 1497 1257
f 1257 1497 1498
f 1257 1498 1258
f 1258 1498 1499
f 1258 1499 1259
f 1259 1499 1500
f 1259 1500 1260
f 1260 1500 1501
f 1260 1501 1261
f 1261 1501 1502
f 1261 1502 1265
f 1503 1262 1263
f 1503 1263 1504
f 1503 1505 1493
f 1503 1493 1262
f 1506 1504 1263
f 1506 1263 1264
f 1264 1265 1507
f 1264 1507 1506
f 1265 1502 1508
f 1265 1508 1507
f 1267 1303 1266
f 1268 1509 1267
f 1509 1303 1267
f 1510 1511 1268
f 1511 1509 1268
f 1269 1510 1268
f 1512 1510 1269
f 1512 1269 1270
f 1513 1512 1270
f 1513 1270 1271
f 1271 1272 1514
f 1271 1514 1513
f 1515 1514 1272
f 1515 1272 1273
f 1273 1274 1516
f 1273 1516 1515
f 1274 1275 1517
f 1274 1517 1516
f 1277 1517 1275
f 1276 1445 1518
f 1276 1518 1277
f 1518 1519 1277
f 1277 1520 1517
f 1277 1519 1520
f 1415 1278 1279
f 1415 1279 1521
f 1279 1496 1521
f 1280 1428 1522
f 1280 1522 1281
f 1281 1522 1523
f 1281 1523 1524
f 1282 1281 1524
f 1282 1524 1445
f 1396 1283 1284
f 1396 1284 1525
f 1525 1284 1285
f 1525 1285 1526
f 1526 1285 1286
f 1526 1286 1527
f 1527 1286 1398
f 1527 1398 1528
f 1288 1529 1289
f 1288 1289 1287
f 1392 1529 1288
f 1529 1530 1300
f 1529 1300 1289
f 1295 1531 1475
f 1295 1475 1290
f 1468 1532 1293
f 1468 1293 1291
f 1532 1533 1295
f 1532 1295 1293
f 1533 1534 1531
f 1533 1531 1295
f 1535 1297 1296
f 1535 1296 1299
f 1536 1464 1297
f 1536 1297 1535
f 1537 1299 1298
f 1537 1298 1300
f 1538 1535 1299
f 1538 1299 1537
f 1300 1530 1537
f 1539 1391 1301
f 1540 1301 1302
f 1539 1301 1540
f 1540 1302 1303
f 1540 1303 1509
f 1304 1541 1542
f 1304 1542 1543
f 1305 1304 1543
f 1312 1541 1304
f 1305 1543 1544
f 1306 1305 1544
f 1306 1544 1545
f 1306 1545 1307
f 1307 1545 1546
f 1307 1546 1308
f 1308 1546 1547
f 1308 1547 1313
f 1310 1309 1548
f 1310 1548 1549
f 1549 1550 1311
f 1549 1311 1310
f 1550 1551 1312
f 1550 1312 1311
f 1551 1552 1541
f 1551 1541 1312
f 1313 1547 1553
f 1313 1553 1554
f 1314 1313 1554
f 1314 1554 1555
f 1315 1314 1555
f 1315 1555 1556
f 1556 1557 1316
f 1556 1316 1315
f 1317 1316 1557
f 1317 1557 1558
f 1558 1559 1318
f 1558 1318 1317
f 1559 1560 1339
f 1559 1339 1318
f 1561 1562 1319
f 1562 1320 1319
f 1561 1319 1321
f 1563 1564 1320
f 1562 1563 1320
f 1320 1564 1322
f 1325 1565 1561
f 1325 1561 1321
f 1322 1564 1566
f 1322 1566 1567
f 1323 1322 1567
f 1323 1567 1568
f 1324 1323 1568
f 1324 1568 1337
f 1338 1569 1565
f 1338 1565 1325
f 1430 1326 1328
f 1430 1328 1570
f 1327 1329 1571
f 1327 1571 1572
f 1328 1327 1572
f 1328 1572 1573
f 1570 1328 1573
f 1570 1573 1574
f 1329 1332 1575
f 1329 1575 1571
f 1576 1331 1330
f 1576 1330 1333
f 1577 1332 1331
f 1577 1331 1578
f 1579 1331 1576
f 1580 1578 1331
f 1580 1331 1579
f 1332 1581 1575
f 1577 1581 1332
f 1582 1583 1333
f 1582 1333 1431
f 1576 1333 1583
f 1334 1584 1585
f 1334 1585 1586
f 1336 1587 1584
f 1336 1584 1334
f 1586 1588 1335
f 1586 1335 1334
f 1337 1568 1587
f 1337 1587 1336
f 1339 1589 1569
f 1339 1569 1338
f 1560 1590 1589
f 1560 1589 1339
f 1348 1591 1592
f 1348 1592 1340
f 1340 1592 1593
f 1340 1593 1341
f 1341 1593 1594
f 1341 1594 1342
f 1342 1594 1595
f 1342 1595 1343
f 1343 1595 1596
f 1343 1596 1344
f 1344 1596 1358
f 1346 1345 1597
f 1597 1345 1347
f 1598 1599 1348
f 1598 1348 1346
f 1598 1346 1597
f 1598 1597 1600
f 1347 1352 1601
f 1347 1601 1602
f 1600 1597 1347
f 1600 1347 1602
f 1599 1603 1591
f 1599 1591 1348
f 1349 1604 1605
f 1349 1605 1350
f 1351 1606 1604
f 1351 1604 1349
f 1350 1605 1607
f 1350 1607 1352
f 1353 1608 1606
f 1353 1606 1351
f 1352 1607 1609
f 1352 1609 1601
f 1354 1610 1608
f 1354 1608 1353
f 1611 1354 1357
f 1611 1610 1354
f 1356 1355 1588
f 1356 1588 1586
f 1586 1585 1357
f 1586 1357 1356
f 1585 1611 1357
f 1358 1596 1612
f 1358 1612 1359
f 1359 1612 1613
f 1359 1613 1614
f 1359 1614 1360
f 1360 1614 1615
f 1360 1615 1361
f 1361 1615 1552
f 1361 1552 1551
f 1362 1361 1551
f 1362 1551 1550
f 1363 1362 1550
f 1363 1550 1549
f 1549 1548 1364
f 1549 1364 1363
f 1616 1470 1365
f 1616 1365 1374
f 1365 1470 1366
f 1366 1470 1367
f 1368 1459 1617
f 1368 1617 1371
f 1372 1370 1371
f 1372 1371 1617
f 1372 1617 1618
f 1619 1620 1373
f 1619 1373 1372
f 1619 1372 1618
f 1621 1373 1620
f 1621 1620 1622
f 1621 1381 1373
f 1623 1616 1374
f 1623 1374 1375
f 1624 1623 1375
f 1624 1375 1390
f 1379 1625 1377
f 1379 1377 1376
f 1625 1626 1378
f 1625 1378 1377
f 1627 1387 1378
f 1627 1378 1628
f 1629 1628 1378
f 1629 1378 1626
f 1625 1379 1380
f 1625 1380 1630
f 1630 1380 1381
f 1630 1381 1631
f 1631 1381 1621
f 1631 1621 1632
f 1633 1634 1383
f 1633 1383 1382
f 1388 1633 1382
f 1388 1382 1384
f 1634 1635 1385
f 1634 1385 1383
f 1635 1636 1386
f 1635 1386 1385
f 1637 1389 1386
f 1637 1386 1636
f 1638 1388 1387
f 1638 1387 1627
f 1638 1639 1633
f 1638 1633 1388
f 1640 1641 1389
f 1640 1389 1637
f 1641 1642 1389
f 1642 1624 1390
f 1642 1390 1389
f 1643 1392 1391
f 1643 1391 1644
f 1644 1391 1539
f 1645 1646 1392
f 1645 1392 1643
f 1646 1529 1392
f 1394 1395 1435
f 1395 1396 1435
f 1396 1525 1435
f 1397 1458 1398
f 1528 1398 1647
f 1528 1647 1648
f 1649 1647 1398
f 1649 1398 1458
f 1451 1400 1399
f 1650 1457 1401
f 1650 1401 1400
f 1451 1650 1400
f 1651 1402 1405
f 1402 1651 1652
f 1653 1402 1652
f 1654 1402 1653
f 1655 1402 1654
f 1404 1402 1655
f 1404 1656 1408
f 1404 1408 1403
f 1404 1655 1657
f 1404 1657 1656
f 1658 1651 1405
f 1659 1405 1413
f 1659 1413 1660
f 1405 1659 1658
f 1406 1661 1662
f 1406 1662 1407
f 1408 1663 1661
f 1408 1661 1406
f 1407 1662 1409
f 1663 1408 1656
f 1663 1656 1664
f 1662 1410 1409
f 1422 1410 1662
f 1665 1411 1416
f 1665 1666 1411
f 1414 1411 1667
f 1411 1666 1667
f 1412 1667 1413
f 1414 1667 1412
f 1660 1413 1668
f 1660 1668 1669
f 1413 1667 1668
f 1665 1415 1521
f 1665 1416 1415
f 1418 1417 1670
f 1418 1670 1671
f 1417 1420 1672
f 1417 1672 1670
f 1418 1671 1673
f 1418 1673 1421
f 1422 1674 1675
f 1422 1675 1419
f 1420 1419 1676
f 1420 1676 1672
f 1419 1675 1676
f 1421 1673 1423
f 1422 1662 1674
f 1673 1427 1423
f 1424 1677 1450
f 1425 1677 1424
f 1425 1426 1678
f 1425 1678 1677
f 1427 1678 1426
f 1427 1673 1679
f 1427 1679 1678
f 1522 1428 1680
f 1522 1680 1681
f 1429 1680 1428
f 1429 1430 1570
f 1429 1570 1680
f 1682 1582 1431
f 1682 1431 1432
f 1682 1432 1433
f 1683 1433 1684
f 1685 1682 1433
f 1685 1433 1683
f 1433 1434 1684
f 1686 1684 1434
f 1686 1434 1446
f 1436 1435 1687
f 1436 1687 1688
f 1525 1526 1687
f 1525 1687 1435
f 1688 1689 1437
f 1688 1437 1436
f 1437 1690 1439
f 1437 1691 1690
f 1437 1692 1691
f 1437 1689 1693
f 1437 1693 1692
f 1439 1694 1441
f 1439 1441 1438
f 1690 1695 1694
f 1690 1694 1439
f 1440 1441 1696
f 1440 1696 1442
f 1441 1694 1697
f 1441 1697 1696
f 1696 1698 1444
f 1696 1444 1442
f 1443 1444 1699
f 1443 1699 1700
f 1443 1700 1449
f 1701 1699 1444
f 1701 1444 1698
f 1445 1524 1702
f 1445 1702 1518
f 1703 1686 1446
f 1703 1446 1447
f 1703 1447 1448
f 1704 1703 1448
f 1704 1448 1449
f 1705 1704 1449
f 1705 1449 1700
f 1456 1450 1706
f 1456 1706 1707
f 1706 1450 1677
f 1706 1677 1708
f 1452 1709 1451
f 1709 1650 1451
f 1452 1454 1710
f 1452 1710 1709
f 1456 1455 1453
f 1710 1454 1711
f 1710 1711 1712
f 1454 1455 1713
f 1454 1713 1711
f 1707 1455 1456
f 1707 1714 1455
f 1714 1713 1455
f 1458 1457 1650
f 1458 1650 1649
f 1459 1460 1715
f 1459 1715 1617
f 1461 1715 1460
f 1715 1461 1462
f 1715 1462 1463
f 1715 1463 1716
f 1716 1463 1464
f 1716 1464 1536
f 1466 1717 1718
f 1466 1718 1465
f 1465 1718 1719
f 1465 1719 1467
f 1473 1720 1717
f 1473 1717 1466
f 1467 1719 1532
f 1467 1532 1468
f 1472 1469 1470
f 1472 1470 1616
f 1471 1472 1616
f 1616 1623 1721
f 1616 1721 1471
f 1473 1471 1721
f 1473 1721 1722
f 1722 1723 1720
f 1722 1720 1473
f 1475 1724 1489
f 1475 1489 1474
f 1531 1725 1724
f 1531 1724 1475
f 1476 1477 1726
f 1476 1726 1497
f 1477 1488 1727
f 1477 1727 1726
f 1479 1478 1728
f 1729 1728 1478
f 1729 1478 1487
f 1480 1479 1728
f 1480 1728 1730
f 1730 1731 1481
f 1730 1481 1480
f 1482 1481 1731
f 1731 1732 1483
f 1731 1483 1482
f 1484 1483 1732
f 1484 1732 1733
f 1733 1485 1484
f 1486 1485 1733
f 1486 1733 1734
f 1488 1486 1734
f 1488 1734 1735
f 1736 1729 1487
f 1736 1487 1489
f 1735 1737 1727
f 1735 1727 1488
f 1738 1736 1489
f 1738 1489 1724
f 1739 1490 1491
f 1739 1491 1740
f 1741 1494 1490
f 1741 1490 1739
f 1740 1491 1492
f 1740 1492 1742
f 1742 1492 1493
f 1742 1493 1743
f 1743 1493 1505
f 1743 1505 1744
f 1745 1495 1494
f 1745 1494 1741
f 1746 1496 1495
f 1746 1495 1745
f 1521 1496 1747
f 1496 1746 1748
f 1496 1748 1747
f 1497 1726 1749
f 1497 1749 1498
f 1498 1749 1750
f 1498 1750 1499
f 1499 1750 1751
f 1499 1751 1500
f 1500 1751 1752
f 1500 1752 1501
f 1501 1752 1753
f 1501 1753 1502
f 1502 1753 1754
f 1502 1754 1508
f 1755 1505 1503
f 1755 1503 1756
f 1756 1503 1504
f 1756 1504 1757
f 1758 1757 1504
f 1758 1504 1506
f 1744 1505 1755
f 1744 1755 1759
f 1506 1507 1760
f 1506 1760 1758
f 1507 1508 1761
f 1507 1761 1760
f 1508 1754 1762
f 1508 1762 1761
f 1763 1540 1509
f 1511 1763 1509
f 1764 1763 1511
f 1764 1511 1510
f 1765 1764 1510
f 1765 1510 1512
f 1766 1765 1512
f 1766 1512 1513
f 1513 1514 1767
f 1513 1767 1766
f 1768 1767 1514
f 1768 1514 1515
f 1515 1516 1769
f 1515 1769 1768
f 1516 1517 1770
f 1516 1770 1769
f 1517 1520 1771
f 1517 1771 1770
f 1702 1772 1518
f 1518 1772 1519
f 1519 1772 1773
f 1519 1773 1774
f 1519 1774 1771
f 1519 1771 1520
f 1665 1521 1747
f 1523 1522 1681
f 1523 1681 1775
f 1524 1523 1776
f 1524 1776 1702
f 1523 1775 1777
f 1523 1777 1776
f 1526 1527 1778
f 1526 1778 1687
f 1527 1528 1778
f 1528 1648 1779
f 1528 1779 1778
f 1780 1530 1529
f 1780 1529 1646
f 1780 1781 1530
f 1530 1781 1537
f 1534 1782 1725
f 1534 1725 1531
f 1719 1783 1533
f 1719 1533 1532
f 1783 1784 1534
f 1783 1534 1533
f 1784 1785 1782
f 1784 1782 1534
f 1786 1536 1535
f 1786 1535 1538
f 1787 1716 1536
f 1787 1536 1786
f 1781 1788 1537
f 1537 1788 1538
f 1538 1788 1786
f 1553 1644 1539
f 1553 1539 1789
f 1789 1539 1540
f 1789 1540 1763
f 1552 1790 1791
f 1552 1791 1541
f 1541 1791 1792
f 1542 1541 1792
f 1542 1792 1543
f 1543 1792 1793
f 1543 1793 1794
f 1543 1794 1544
f 1544 1794 1795
f 1545 1544 1795
f 1545 1795 1645
f 1545 1645 1546
f 1546 1645 1643
f 1546 1643 1547
f 1547 1643 1644
f 1547 1644 1553
f 1615 1632 1790
f 1615 1790 1552
f 1554 1553 1789
f 1554 1789 1796
f 1555 1554 1796
f 1555 1796 1797
f 1556 1555 1797
f 1556 1797 1798
f 1798 1799 1557
f 1798 1557 1556
f 1558 1557 1799
f 1558 1799 1800
f 1800 1801 1559
f 1800 1559 1558
f 1801 1802 1560
f 1801 1560 1559
f 1802 1803 1590
f 1802 1590 1560
f 1561 1804 1805
f 1561 1805 1562
f 1806 1804 1561
f 1806 1561 1565
f 1805 1807 1562
f 1562 1807 1563
f 1807 1564 1563
f 1564 1808 1809
f 1564 1809 1566
f 1807 1808 1564
f 1569 1810 1806
f 1569 1806 1565
f 1566 1809 1811
f 1566 1811 1812
f 1567 1566 1812
f 1567 1812 1813
f 1568 1567 1813
f 1568 1813 1587
f 1589 1814 1810
f 1589 1810 1569
f 1680 1570 1574
f 1680 1574 1681
f 1571 1815 1816
f 1571 1816 1817
f 1572 1571 1817
f 1572 1817 1818
f 1571 1575 1815
f 1573 1572 1818
f 1573 1818 1819
f 1574 1573 1819
f 1574 1819 1820
f 1681 1574 1820
f 1681 1820 1775
f 1575 1581 1821
f 1575 1821 1822
f 1575 1822 1815
f 1583 1579 1576
f 1823 1824 1825
f 1823 1825 1826
f 1823 1826 1827
f 1823 1827 1577
f 1577 1828 1581
f 1577 1829 1828
f 1577 1578 1829
f 1578 1580 1829
f 1583 1582 1580
f 1583 1580 1579
f 1830 1829 1580
f 1830 1580 1831
f 1582 1682 1831
f 1582 1831 1580
f 1581 1828 1832
f 1581 1832 1821
f 1584 1833 1834
f 1584 1834 1585
f 1587 1813 1833
f 1587 1833 1584
f 1834 1611 1585
f 1590 1835 1814
f 1590 1814 1589
f 1803 1836 1835
f 1803 1835 1590
f 1603 1837 1838
f 1603 1838 1591
f 1591 1838 1839
f 1591 1839 1592
f 1592 1839 1840
f 1592 1840 1593
f 1593 1840 1841
f 1593 1841 1594
f 1594 1841 1629
f 1594 1629 1595
f 1595 1629 1626
f 1595 1626 1596
f 1596 1626 1625
f 1596 1625 1612
f 1842 1843 1599
f 1842 1599 1598
f 1842 1598 1600
f 1842 1600 1844
f 1843 1845 1603
f 1843 1603 1599
f 1844 1600 1602
f 1844 1602 1846
f 1601 1609 1847
f 1601 1847 1848
f 1602 1601 1848
f 1602 1848 1846
f 1845 1849 1837
f 1845 1837 1603
f 1604 1850 1851
f 1604 1851 1605
f 1606 1852 1850
f 1606 1850 1604
f 1605 1851 1853
f 1605 1853 1607
f 1608 1854 1852
f 1608 1852 1606
f 1607 1853 1855
f 1607 1855 1609
f 1610 1856 1854
f 1610 1854 1608
f 1609 1855 1857
f 1609 1857 1847
f 1858 1859 1856
f 1858 1856 1610
f 1858 1610 1611
f 1834 1858 1611
f 1612 1625 1630
f 1612 1630 1613
f 1613 1630 1631
f 1613 1631 1614
f 1614 1631 1632
f 1614 1632 1615
f 1618 1617 1715
f 1618 1715 1619
f 1619 1715 1716
f 1619 1716 1787
f 1620 1619 1860
f 1619 1787 1860
f 1622 1620 1860
f 1622 1860 1861
f 1632 1621 1622
f 1632 1622 1790
f 1790 1622 1861
f 1790 1861 1791
f 1721 1623 1862
f 1862 1623 1863
f 1624 1864 1863
f 1624 1863 1623
f 1642 1865 1864
f 1642 1864 1624
f 1866 1627 1628
f 1866 1628 1867
f 1868 1869 1627
f 1868 1627 1866
f 1869 1638 1627
f 1839 1867 1628
f 1839 1628 1840
f 1840 1628 1841
f 1841 1628 1629
f 1639 1870 1634
f 1639 1634 1633
f 1870 1871 1635
f 1870 1635 1634
f 1635 1872 1636
f 1872 1635 1873
f 1873 1635 1871
f 1873 1871 1874
f 1637 1636 1872
f 1637 1872 1875
f 1876 1877 1637
f 1876 1637 1875
f 1877 1640 1637
f 1869 1878 1639
f 1869 1639 1638
f 1878 1879 1870
f 1878 1870 1639
f 1641 1640 1880
f 1641 1880 1881
f 1877 1882 1880
f 1877 1880 1640
f 1642 1641 1881
f 1642 1881 1865
f 1795 1780 1646
f 1795 1646 1645
f 1648 1647 1883
f 1648 1883 1884
f 1885 1883 1647
f 1885 1647 1649
f 1886 1779 1648
f 1886 1648 1884
f 1649 1650 1887
f 1649 1887 1885
f 1709 1710 1887
f 1709 1887 1650
f 1888 1651 1658
f 1888 1658 1889
f 1890 1651 1888
f 1891 1651 1890
f 1652 1651 1891
f 1652 1892 1893
f 1652 1893 1653
f 1891 1894 1892
f 1891 1892 1652
f 1653 1893 1895
f 1653 1895 1654
f 1655 1654 1895
f 1655 1895 1657
f 1657 1895 1896
f 1657 1896 1664
f 1657 1664 1656
f 1658 1659 1897
f 1658 1897 1898
f 1898 1899 1658
f 1900 1658 1899
f 1900 1899 1901
f 1889 1658 1900
f 1659 1660 1897
f 1897 1660 1669
f 1897 1669 1902
f 1662 1661 1675
f 1662 1675 1674
f 1661 1663 1903
f 1661 1903 1675
f 1664 1903 1663
f 1664 1896 1904
f 1664 1904 1903
f 1665 1747 1905
f 1665 1905 1906
f 1665 1907 1666
f 1665 1906 1907
f 1667 1666 1668
f 1666 1908 1668
f 1908 1666 1907
f 1908 1907 1909
f 1910 1669 1668
f 1910 1668 1911
f 1668 1908 1911
f 1912 1902 1669
f 1912 1669 1910
f 1671 1670 1913
f 1671 1913 1914
f 1670 1672 1915
f 1670 1915 1913
f 1673 1671 1914
f 1673 1914 1679
f 1672 1916 1915
f 1676 1916 1672
f 1676 1675 1917
f 1676 1917 1916
f 1675 1903 1918
f 1675 1918 1917
f 1919 1920 1677
f 1919 1677 1678
f 1708 1677 1920
f 1921 1919 1678
f 1921 1678 1679
f 1922 1921 1679
f 1922 1679 1914
f 1682 1685 1923
f 1682 1923 1831
f 1683 1924 1925
f 1683 1925 1926
f 1926 1685 1683
f 1683 1684 1924
f 1927 1924 1684
f 1927 1684 1686
f 1926 1923 1685
f 1928 1929 1686
f 1928 1686 1703
f 1927 1686 1929
f 1688 1687 1778
f 1688 1778 1930
f 1930 1886 1689
f 1930 1689 1688
f 1689 1886 1931
f 1689 1931 1693
f 1691 1932 1695
f 1691 1695 1690
f 1692 1933 1932
f 1692 1932 1691
f 1693 1934 1933
f 1693 1933 1692
f 1931 1935 1934
f 1931 1934 1693
f 1694 1695 1936
f 1694 1936 1697
f 1695 1937 1936
f 1695 1932 1938
f 1695 1938 1937
f 1697 1939 1698
f 1697 1698 1696
f 1936 1940 1939
f 1936 1939 1697
f 1941 1701 1698
f 1941 1698 1939
f 1942 1943 1699
f 1942 1699 1701
f 1943 1944 1700
f 1943 1700 1699
f 1705 1700 1944
f 1945 1946 1701
f 1945 1701 1941
f 1942 1701 1946
f 1702 1776 1947
f 1702 1947 1772
f 1948 1949 1703
f 1948 1703 1704
f 1928 1703 1949
f 1950 1948 1704
f 1950 1704 1705
f 1951 1950 1705
f 1951 1705 1944
f 1707 1706 1952
f 1707 1952 1714
f 1706 1953 1952
f 1706 1708 1954
f 1706 1954 1953
f 1708 1920 1955
f 1708 1955 1954
f 1710 1956 1887
f 1712 1956 1710
f 1713 1957 1711
f 1956 1712 1711
f 1956 1711 1957
f 1952 1957 1713
f 1952 1713 1714
f 1720 1958 1959
f 1720 1959 1717
f 1717 1959 1960
f 1717 1960 1718
f 1718 1960 1783
f 1718 1783 1719
f 1723 1961 1958
f 1723 1958 1720
f 1962 1721 1862
f 1722 1721 1963
f 1722 1963 1964
f 1963 1721 1962
f 1964 1965 1723
f 1964 1723 1722
f 1965 1966 1961
f 1965 1961 1723
f 1967 1738 1724
f 1967 1724 1725
f 1968 1967 1725
f 1968 1725 1782
f 1726 1727 1969
f 1726 1969 1749
f 1969 1727 1737
f 1969 1737 1970
f 1729 1971 1728
f 1971 1972 1730
f 1971 1730 1728
f 1973 1971 1729
f 1973 1729 1736
f 1972 1974 1731
f 1972 1731 1730
f 1974 1975 1732
f 1974 1732 1731
f 1732 1975 1733
f 1975 1976 1734
f 1975 1734 1733
f 1976 1977 1735
f 1976 1735 1734
f 1735 1977 1737
f 1738 1973 1736
f 1977 1978 1970
f 1977 1970 1737
f 1979 1973 1738
f 1979 1738 1967
f 1980 1739 1740
f 1980 1740 1981
f 1982 1741 1739
f 1982 1739 1980
f 1981 1740 1742
f 1981 1742 1983
f 1984 1745 1741
f 1984 1741 1982
f 1983 1742 1743
f 1983 1743 1985
f 1985 1743 1744
f 1985 1744 1986
f 1986 1744 1759
f 1986 1759 1987
f 1988 1746 1745
f 1988 1745 1984
f 1989 1748 1746
f 1989 1746 1988
f 1747 1748 1990
f 1747 1990 1905
f 1991 1990 1748
f 1991 1748 1989
f 1749 1969 1992
f 1749 1992 1750
f 1750 1992 1993
f 1750 1993 1751
f 1751 1993 1994
f 1751 1994 1752
f 1752 1994 1995
f 1752 1995 1753
f 1753 1995 1996
f 1753 1996 1754
f 1754 1996 1997
f 1754 1997 1762
f 1998 1755 1756
f 1998 1756 1999
f 1759 1755 1998
f 1759 1998 2000
f 1999 1756 1757
f 1999 1757 2001
f 2002 2001 1757
f 2002 1757 1758
f 1758 1760 2003
f 1758 2003 2002
f 1987 1759 2000
f 1987 2000 2004
f 1760 1761 2005
f 1760 2005 2003
f 1761 1762 2006
f 1761 2006 2005
f 1762 1997 2007
f 1762 2007 2006
f 1796 1789 1763
f 1796 1763 1764
f 1797 1796 1764
f 1797 1764 1765
f 1798 1797 1765
f 1798 1765 1766
f 1766 1767 1799
f 1766 1799 1798
f 1800 1799 1767
f 1800 1767 1768
f 1768 1769 1801
f 1768 1801 1800
f 1769 1770 1802
f 1769 1802 1801
f 1770 1771 1803
f 1770 1803 1802
f 1771 1774 1836
f 1771 1836 1803
f 1772 1947 2008
f 1772 2008 1773
f 1773 2008 2009
f 1773 2009 2010
f 1773 2010 1774
f 1774 2010 1836
f 1775 1820 2011
f 1775 2011 1777
f 1776 1777 2012
f 1776 2012 1947
f 1777 2011 2013
f 1777 2013 2012
f 1930 1778 1779
f 1930 1779 2014
f 2014 1779 1886
f 2014 1886 1930
f 1794 2015 1780
f 1794 1780 1795
f 2015 1781 1780
f 2016 1788 1781
f 2016 1781 2015
f 2017 1968 1782
f 2017 1782 1785
f 1960 2018 1784
f 1960 1784 1783
f 2018 2019 1785
f 2018 1785 1784
f 2019 2017 1785
f 1788 2020 1786
f 1787 1786 2020
f 1787 2020 1860
f 2021 2020 1788
f 2021 1788 2016
f 1791 1861 2021
f 1791 2021 1792
f 1792 2021 2016
f 1792 2016 1793
f 1793 2016 2015
f 1793 2015 1794
f 1804 2022 2023
f 1804 2023 1805
f 1806 2024 2022
f 1806 2022 1804
f 1805 2023 2025
f 1805 2025 1807
f 1810 2026 2024
f 1810 2024 1806
f 1807 2025 2027
f 1807 2027 1808
f 1808 2027 2028
f 1808 2028 1809
f 1809 2028 2029
f 1809 2029 1811
f 1814 2030 2026
f 1814 2026 1810
f 1811 2029 2031
f 1811 2031 2032
f 1812 1811 2032
f 1812 2032 2033
f 1813 1812 2033
f 1813 2033 1833
f 1835 2034 2030
f 1835 2030 1814
f 2035 2036 1816
f 2035 1816 1815
f 2037 2035 1815
f 2037 1815 1822
f 2037 1822 2038
f 1817 1816 2039
f 1817 2039 2040
f 2036 2041 2039
f 2036 2039 1816
f 1818 1817 2040
f 1818 2040 2042
f 1819 1818 2042
f 1819 2042 2043
f 2043 1820 1819
f 2011 1820 2043
f 1821 1832 2044
f 1821 2044 2045
f 1821 2045 2038
f 1821 2038 1822
f 2046 1823 2047
f 1824 1823 2046
f 1824 2046 2048
f 1825 1824 2048
f 1825 2048 2049
f 1826 1825 2049
f 1826 2049 2050
f 1827 1826 2051
f 1827 2051 2052
f 1826 2050 2051
f 2052 2046 2047
f 2052 2047 1827
f 1832 1828 1830
f 1832 1830 2053
f 1828 1829 1830
f 2053 1830 1831
f 2053 1831 1923
f 2044 1832 2053
f 2044 2053 2054
f 1833 2033 2055
f 1833 2055 1834
f 2055 1858 1834
f 1836 2034 1835
f 2010 2034 1836
f 1849 2056 2057
f 1849 2057 1837
f 1837 2057 2058
f 1837 2058 1838
f 1838 2058 1867
f 1838 1867 1839
f 2059 2060 1843
f 2059 1843 1842
f 2059 1842 1844
f 2059 1844 2061
f 2060 2062 1845
f 2060 1845 1843
f 2061 1844 2063
f 2064 1844 1846
f 2064 1846 2065
f 2063 1844 2064
f 2062 2066 1849
f 2062 1849 1845
f 1846 1848 2067
f 1846 2067 2065
f 1847 1857 2068
f 1847 2068 2069
f 1848 1847 2069
f 1848 2069 2067
f 2066 2070 2056
f 2066 2056 1849
f 1850 2071 2072
f 1850 2072 1851
f 1852 2071 1850
f 1851 2072 2073
f 1851 2073 1853
f 1854 2071 1852
f 1853 2073 2074
f 1853 2074 1855
f 1856 2075 2071
f 1856 2071 1854
f 1855 2074 2076
f 1855 2076 1857
f 2077 2075 1856
f 2077 1856 1859
f 1857 2076 2078
f 1857 2078 2068
f 2055 2079 1859
f 2055 1859 1858
f 2079 2080 2081
f 2079 2081 1859
f 2082 2077 1859
f 2082 1859 2081
f 1861 1860 2020
f 1861 2020 2021
f 1962 1862 2083
f 2083 1862 1863
f 2083 1863 2084
f 2085 2086 1863
f 2085 1863 1864
f 2086 2087 2084
f 2086 2084 1863
f 2088 2085 1864
f 2088 1864 1865
f 2089 2088 1865
f 2089 1865 1881
f 1867 2058 2090
f 1867 2090 1866
f 2091 1868 1866
f 2091 1866 2090
f 2091 2092 2093
f 2091 2093 1868
f 1868 2093 1878
f 1868 1878 1869
f 1879 1874 1871
f 1879 1871 1870
f 1873 2094 1875
f 1873 1875 1872
f 2095 2096 1873
f 2095 1873 1874
f 2096 2094 1873
f 2097 2095 1874
f 2097 1874 1879
f 2094 1876 1875
f 1877 1876 1882
f 2094 2098 1876
f 2098 2099 1882
f 2098 1882 1876
f 2093 2097 1879
f 2093 1879 1878
f 2099 2089 1880
f 2099 1880 1882
f 1880 2089 1881
f 1884 1883 1935
f 1884 1935 1931
f 1883 1885 2100
f 1883 2100 2101
f 1883 2101 1935
f 1886 1884 1931
f 1885 1887 1956
f 1885 1956 2100
f 1888 2102 2103
f 1888 2103 2104
f 1888 2104 1890
f 1888 1889 2105
f 1888 2105 2102
f 1900 2106 2105
f 1900 2105 1889
f 1891 1890 2104
f 1891 2104 1894
f 1892 2107 2108
f 1892 2108 2109
f 1892 2109 1893
f 1894 2110 2107
f 1894 2107 1892
f 2109 1895 1893
f 2104 2111 2110
f 2104 2110 1894
f 2109 1896 1895
f 1896 2109 2112
f 1896 2112 1904
f 1897 1902 2113
f 1897 2113 1898
f 2114 1899 1898
f 1898 2113 2115
f 1898 2115 2114
f 1899 2114 2116
f 2117 1899 2116
f 2117 2116 2118
f 2119 2120 1899
f 2119 1899 2117
f 1901 1899 2120
f 2121 2106 1900
f 2121 1900 1901
f 2120 2121 1901
f 2113 1902 1912
f 2113 1912 2122
f 1903 1904 2123
f 1903 2123 2124
f 1903 2124 1918
f 1904 2112 2125
f 1904 2125 2123
f 2126 1906 1905
f 2126 1905 2127
f 1905 1990 2128
f 1905 2128 2127
f 1909 1907 1906
f 1909 1906 2126
f 1908 2129 1911
f 1908 1909 2129
f 2129 1909 2126
f 2129 2126 2130
f 1910 1911 2131
f 1910 2131 2132
f 1912 1910 2132
f 1912 2132 2133
f 2129 2134 2131
f 2129 2131 1911
f 2135 2122 1912
f 2135 1912 2133
f 2136 2137 1913
f 2136 1913 1915
f 2137 1922 1914
f 2137 1914 1913
f 2138 2136 1915
f 2138 1915 1916
f 2139 2138 1916
f 2139 1916 1917
f 2139 1917 1918
f 2139 1918 2140
f 2141 2140 1918
f 2141 1918 2124
f 1920 1919 2142
f 1920 2142 1955
f 1921 1922 2142
f 1921 2142 1919
f 1922 2137 2143
f 1922 2143 2142
f 2144 1923 1926
f 2053 1923 2054
f 2144 2054 1923
f 1924 1927 2145
f 1924 2145 1925
f 2146 2147 1925
f 2146 1925 2145
f 2147 2148 1926
f 2147 1926 1925
f 2144 1926 2148
f 1929 2145 1927
f 1929 1928 2149
f 1929 2149 2145
f 1928 2150 2149
f 1928 1949 2151
f 1928 2151 2150
f 1932 2152 1938
f 1932 1933 2153
f 1932 2153 2152
f 1933 2154 2153
f 1933 1934 2155
f 1933 2155 2154
f 1934 1935 2156
f 1934 2156 2155
f 1935 2101 2156
f 1937 2157 1940
f 1937 1940 1936
f 1938 2158 2157
f 1938 2157 1937
f 2152 2159 2158
f 2152 2158 1938
f 2160 1941 1939
f 2160 1939 1940
f 2160 1940 2157
f 1945 1941 2161
f 2162 2163 1941
f 2162 1941 2160
f 2161 1941 2163
f 2164 2165 1942
f 2164 1942 1946
f 2165 2166 1943
f 2165 1943 1942
f 2166 2167 1944
f 2166 1944 1943
f 1951 1944 2167
f 2168 1946 1945
f 2169 2168 1945
f 2169 1945 2161
f 2170 2164 1946
f 2170 1946 2168
f 1947 2012 2171
f 1947 2171 2172
f 1947 2172 2173
f 1947 2173 2174
f 1949 1948 2175
f 1949 2175 2151
f 1948 1950 2176
f 1948 2176 2175
f 1950 1951 2176
f 2177 2178 2176
f 2177 2176 1951
f 2167 2166 2177
f 2167 2177 1951
f 1957 1952 1953
f 2179 1957 1953
f 2179 1953 1954
f 2180 2181 1954
f 2180 1954 1955
f 2179 1954 2181
f 2182 2180 1955
f 2182 1955 2142
f 2100 1956 2183
f 2100 2183 2101
f 1957 2179 2183
f 1957 2183 1956
f 1961 2184 2185
f 1961 2185 1958
f 1958 2185 2186
f 1958 2186 1959
f 1959 2186 2018
f 1959 2018 1960
f 1966 2187 2184
f 1966 2184 1961
f 2188 1962 2189
f 2188 2189 2190
f 2189 1962 2191
f 1962 2084 2191
f 1962 2083 2084
f 1962 2188 1963
f 1964 1963 2188
f 1964 2188 2192
f 2192 2193 1965
f 2192 1965 1964
f 2193 2194 1966
f 2193 1966 1965
f 2194 2195 2187
f 2194 2187 1966
f 2196 1979 1967
f 2196 1967 1968
f 2197 2196 1968
f 2197 1968 2017
f 2198 1992 1969
f 2198 1969 1970
f 1970 1978 2198
f 2199 2200 1971
f 2199 1971 1973
f 2200 2201 1972
f 2200 1972 1971
f 1972 2201 1974
f 2202 2199 1973
f 2202 1973 1979
f 2201 2203 1975
f 2201 1975 1974
f 2203 2204 1976
f 2203 1976 1975
f 2204 2205 1977
f 2204 1977 1976
f 2205 2206 1978
f 2205 1978 1977
f 2198 1978 2207
f 2208 2207 1978
f 2208 1978 2209
f 2209 1978 2206
f 2209 2206 2210
f 2196 2202 1979
f 1983 2211 2212
f 1983 2212 1980
f 1983 1980 1981
f 2212 2213 1982
f 2212 1982 1980
f 2213 2214 1984
f 2213 1984 1982
f 1987 2211 1983
f 1987 1983 1985
f 1988 1984 2214
f 1987 1985 1986
f 2211 1987 2004
f 1989 1988 2214
f 1989 2214 2215
f 1991 1989 2215
f 1991 2215 2216
f 2216 2128 1990
f 2216 1990 1991
f 2207 1993 1992
f 2207 1992 2198
f 2207 2208 1994
f 2207 1994 1993
f 1995 1994 2208
f 1995 2208 2217
f 2217 2218 1996
f 2217 1996 1995
f 2218 2219 1997
f 2218 1997 1996
f 2007 1997 2219
f 1999 2220 2221
f 1999 2221 1998
f 2222 2000 1998
f 2222 1998 2221
f 2223 2220 1999
f 2223 1999 2001
f 2004 2000 2222
f 2004 2222 2211
f 2224 2223 2001
f 2224 2001 2002
f 2002 2003 2225
f 2002 2225 2224
f 2003 2005 2226
f 2003 2226 2225
f 2005 2006 2227
f 2005 2227 2226
f 2006 2007 2228
f 2006 2228 2227
f 2219 2229 2228
f 2219 2228 2007
f 2008 2230 2231
f 2008 2231 2009
f 2173 2230 2008
f 2010 2009 2232
f 2010 2232 2034
f 2231 2233 2232
f 2231 2232 2009
f 2011 2043 2234
f 2011 2234 2013
f 2013 2235 2171
f 2013 2171 2012
f 2234 2236 2013
f 2235 2013 2236
f 2237 2017 2019
f 2237 2019 2238
f 2239 2197 2017
f 2239 2017 2237
f 2186 2238 2019
f 2186 2019 2018
f 2022 2240 2241
f 2022 2241 2023
f 2024 2240 2022
f 2023 2241 2242
f 2023 2242 2025
f 2243 2240 2024
f 2026 2244 2243
f 2026 2243 2024
f 2025 2242 2245
f 2025 2245 2027
f 2030 2244 2026
f 2027 2245 2246
f 2027 2246 2028
f 2028 2246 2247
f 2028 2247 2029
f 2247 2031 2029
f 2248 2244 2030
f 2034 2232 2248
f 2034 2248 2030
f 2032 2031 2080
f 2032 2080 2079
f 2080 2031 2247
f 2080 2247 2174
f 2033 2032 2079
f 2033 2079 2055
f 2037 2249 2114
f 2037 2114 2035
f 2114 2036 2035
f 2114 2115 2041
f 2114 2041 2036
f 2249 2037 2250
f 2250 2037 2038
f 2251 2250 2038
f 2251 2038 2252
f 2038 2045 2252
f 2040 2039 2253
f 2040 2253 2254
f 2041 2255 2253
f 2041 2253 2039
f 2042 2040 2254
f 2042 2254 2256
f 2115 2257 2255
f 2115 2255 2041
f 2043 2042 2256
f 2043 2256 2234
f 2045 2044 2258
f 2045 2258 2252
f 2258 2044 2054
f 2258 2054 2259
f 2046 2052 2260
f 2046 2260 2261
f 2046 2261 2048
f 2049 2048 2261
f 2049 2261 2262
f 2050 2049 2262
f 2050 2262 2263
f 2263 2264 2051
f 2263 2051 2050
f 2265 2266 2052
f 2265 2052 2051
f 2265 2051 2264
f 2260 2052 2266
f 2054 2144 2259
f 2057 2056 2267
f 2057 2267 2268
f 2056 2070 2267
f 2058 2057 2268
f 2058 2268 2090
f 2269 2270 2060
f 2269 2060 2059
f 2271 2269 2059
f 2271 2059 2061
f 2270 2272 2062
f 2270 2062 2060
f 2061 2063 2273
f 2061 2273 2271
f 2272 2274 2066
f 2272 2066 2062
f 2275 2273 2063
f 2275 2063 2064
f 2064 2065 2276
f 2064 2276 2275
f 2065 2067 2277
f 2065 2277 2276
f 2274 2278 2070
f 2274 2070 2066
f 2067 2069 2279
f 2067 2279 2277
f 2068 2078 2280
f 2068 2280 2281
f 2069 2068 2281
f 2069 2281 2279
f 2070 2278 2282
f 2070 2282 2267
f 2071 2075 2283
f 2071 2283 2284
f 2072 2071 2284
f 2072 2284 2285
f 2285 2286 2073
f 2285 2073 2072
f 2286 2287 2074
f 2286 2074 2073
f 2287 2288 2076
f 2287 2076 2074
f 2289 2290 2075
f 2289 2075 2077
f 2283 2075 2290
f 2288 2078 2076
f 2291 2289 2077
f 2291 2077 2082
f 2288 2292 2280
f 2288 2280 2078
f 2081 2080 2174
f 2081 2174 2293
f 2081 2293 2082
f 2294 2291 2082
f 2294 2082 2293
f 2087 2295 2191
f 2087 2191 2084
f 2296 2086 2085
f 2296 2085 2297
f 2297 2085 2088
f 2297 2088 2298
f 2299 2087 2086
f 2299 2086 2296
f 2300 2295 2087
f 2300 2087 2299
f 2298 2088 2089
f 2298 2089 2301
f 2301 2089 2099
f 2301 2099 2302
f 2303 2304 2090
f 2303 2090 2268
f 2304 2091 2090
f 2304 2305 2092
f 2304 2092 2091
f 2305 2306 2307
f 2305 2307 2092
f 2092 2307 2097
f 2092 2097 2093
f 2308 2098 2094
f 2308 2094 2096
f 2309 2308 2096
f 2309 2096 2095
f 2307 2309 2095
f 2307 2095 2097
f 2310 2099 2098
f 2310 2098 2311
f 2311 2098 2308
f 2302 2099 2310
f 2101 2183 2312
f 2101 2312 2156
f 2102 2313 2314
f 2102 2314 2103
f 2105 2315 2313
f 2105 2313 2102
f 2103 2314 2111
f 2103 2111 2104
f 2106 2315 2105
f 2121 2316 2315
f 2121 2315 2106
f 2107 2110 2317
f 2107 2317 2318
f 2112 2108 2107
f 2112 2107 2318
f 2108 2112 2109
f 2110 2319 2317
f 2111 2319 2110
f 2111 2314 2320
f 2111 2320 2319
f 2318 2125 2112
f 2122 2257 2113
f 2257 2115 2113
f 2114 2249 2116
f 2116 2249 2321
f 2322 2116 2321
f 2118 2116 2322
f 2117 2323 2324
f 2117 2324 2119
f 2118 2325 2323
f 2118 2323 2117
f 2325 2118 2322
f 2325 2322 2326
f 2119 2324 2121
f 2119 2121 2120
f 2324 2327 2316
f 2324 2316 2121
f 2122 2328 2257
f 2328 2122 2135
f 2328 2135 2329
f 2330 2123 2125
f 2331 2123 2330
f 2331 2332 2124
f 2331 2124 2123
f 2141 2124 2332
f 2318 2317 2333
f 2318 2333 2125
f 2334 2330 2125
f 2334 2125 2333
f 2130 2126 2127
f 2130 2127 2335
f 2127 2128 2336
f 2127 2336 2335
f 2215 2336 2128
f 2215 2128 2216
f 2129 2130 2337
f 2129 2337 2134
f 2337 2130 2335
f 2337 2335 2338
f 2131 2134 2339
f 2131 2339 2340
f 2132 2131 2341
f 2132 2341 2342
f 2340 2343 2341
f 2340 2341 2131
f 2133 2132 2342
f 2133 2342 2344
f 2344 2345 2135
f 2344 2135 2133
f 2339 2134 2337
f 2339 2337 2346
f 2135 2345 2329
f 2137 2136 2347
f 2137 2347 2143
f 2138 2347 2136
f 2139 2348 2138
f 2138 2348 2347
f 2140 2348 2139
f 2141 2348 2140
f 2141 2332 2349
f 2141 2349 2348
f 2350 2182 2142
f 2350 2142 2143
f 2350 2143 2347
f 2144 2148 2259
f 2351 2146 2145
f 2351 2145 2149
f 2352 2353 2147
f 2352 2147 2146
f 2351 2354 2352
f 2351 2352 2146
f 2353 2259 2148
f 2353 2148 2147
f 2351 2149 2150
f 2355 2351 2150
f 2355 2150 2151
f 2355 2151 2175
f 2153 2356 2159
f 2153 2159 2152
f 2154 2357 2356
f 2154 2356 2153
f 2155 2358 2357
f 2155 2357 2154
f 2156 2312 2358
f 2156 2358 2155
f 2359 2360 2160
f 2359 2160 2157
f 2359 2157 2158
f 2361 2158 2159
f 2362 2158 2361
f 2359 2158 2362
f 2363 2361 2159
f 2363 2159 2356
f 2364 2162 2160
f 2364 2160 2360
f 2169 2161 2163
f 2365 2366 2162
f 2365 2162 2364
f 2366 2169 2163
f 2366 2163 2162
f 2165 2164 2367
f 2165 2367 2368
f 2164 2170 2369
f 2164 2369 2367
f 2166 2165 2368
f 2166 2368 2177
f 2170 2168 2370
f 2170 2370 2369
f 2168 2169 2371
f 2168 2371 2370
f 2169 2366 2372
f 2169 2372 2371
f 2235 2236 2171
f 2171 2236 2373
f 2373 2374 2172
f 2373 2172 2171
f 2172 2374 2375
f 2172 2375 2173
f 2173 2375 2376
f 2173 2376 2230
f 2293 2174 2377
f 2293 2377 2378
f 2379 2174 2247
f 2379 2247 2380
f 2174 2379 2377
f 2381 2355 2175
f 2381 2175 2176
f 2382 2381 2176
f 2382 2176 2178
f 2383 2384 2177
f 2383 2177 2368
f 2178 2177 2384
f 2384 2327 2382
f 2384 2382 2178
f 2179 2181 2312
f 2179 2312 2183
f 2182 2181 2180
f 2181 2182 2358
f 2181 2358 2312
f 2182 2350 2357
f 2182 2357 2358
f 2187 2385 2386
f 2187 2386 2184
f 2184 2386 2387
f 2184 2387 2185
f 2185 2387 2238
f 2185 2238 2186
f 2195 2388 2385
f 2195 2385 2187
f 2192 2188 2190
f 2192 2190 2389
f 2190 2189 2390
f 2190 2390 2391
f 2392 2390 2189
f 2392 2189 2191
f 2389 2190 2391
f 2389 2391 2393
f 2295 2392 2191
f 2389 2394 2193
f 2389 2193 2192
f 2394 2395 2194
f 2394 2194 2193
f 2395 2396 2195
f 2395 2195 2194
f 2396 2397 2388
f 2396 2388 2195
f 2398 2202 2196
f 2398 2196 2197
f 2399 2398 2197
f 2399 2197 2239
f 2202 2400 2199
f 2400 2401 2200
f 2400 2200 2199
f 2401 2402 2201
f 2401 2201 2200
f 2402 2403 2201
f 2403 2404 2203
f 2403 2203 2201
f 2405 2400 2202
f 2405 2202 2398
f 2203 2404 2204
f 2404 2406 2205
f 2404 2205 2204
f 2205 2406 2206
f 2206 2406 2210
f 2208 2209 2217
f 2218 2217 2209
f 2218 2209 2407
f 2407 2209 2210
f 2407 2210 2408
f 2408 2210 2406
f 2408 2406 2409
f 2211 2222 2410
f 2211 2410 2212
f 2212 2410 2411
f 2212 2411 2213
f 2213 2411 2412
f 2213 2412 2214
f 2214 2412 2336
f 2214 2336 2215
f 2219 2218 2407
f 2219 2407 2413
f 2219 2413 2229
f 2414 2415 2220
f 2414 2220 2223
f 2220 2415 2416
f 2220 2416 2221
f 2410 2222 2221
f 2410 2221 2416
f 2417 2414 2223
f 2417 2223 2224
f 2224 2225 2418
f 2224 2418 2417
f 2225 2226 2419
f 2225 2419 2418
f 2226 2227 2420
f 2226 2420 2419
f 2227 2228 2421
f 2227 2421 2420
f 2421 2228 2229
f 2421 2229 2422
f 2422 2229 2413
f 2422 2413 2423
f 2230 2376 2424
f 2230 2424 2231
f 2424 2233 2231
f 2233 2425 2248
f 2233 2248 2232
f 2233 2426 2427
f 2233 2427 2425
f 2424 2426 2233
f 2234 2256 2428
f 2234 2428 2429
f 2234 2429 2236
f 2236 2429 2430
f 2236 2430 2373
f 2431 2237 2387
f 2431 2387 2386
f 2387 2237 2238
f 2432 2239 2237
f 2432 2237 2431
f 2433 2399 2239
f 2433 2239 2432
f 2434 2241 2240
f 2434 2240 2243
f 2435 2241 2434
f 2436 2241 2435
f 2436 2242 2241
f 2245 2242 2437
f 2242 2436 2437
f 2438 2439 2243
f 2438 2243 2244
f 2434 2243 2439
f 2440 2438 2244
f 2440 2244 2248
f 2245 2441 2246
f 2245 2437 2441
f 2380 2247 2246
f 2380 2246 2441
f 2440 2248 2425
f 2442 2249 2443
f 2250 2443 2249
f 2321 2249 2442
f 2250 2251 2444
f 2250 2444 2443
f 2252 2258 2259
f 2252 2259 2251
f 2259 2444 2251
f 2254 2253 2445
f 2254 2445 2446
f 2255 2447 2445
f 2255 2445 2253
f 2256 2254 2446
f 2256 2446 2428
f 2255 2257 2448
f 2255 2448 2447
f 2448 2257 2328
f 2448 2328 2449
f 2259 2353 2444
f 2450 2451 2260
f 2452 2453 2450
f 2452 2450 2260
f 2454 2452 2260
f 2454 2260 2266
f 2455 2260 2456
f 2260 2451 2456
f 2261 2260 2455
f 2455 2456 2261
f 2456 2262 2261
f 2262 2457 2458
f 2262 2458 2459
f 2456 2457 2262
f 2263 2262 2459
f 2263 2459 2460
f 2461 2263 2460
f 2461 2460 2462
f 2463 2264 2263
f 2463 2263 2461
f 2464 2265 2264
f 2464 2264 2463
f 2378 2266 2265
f 2378 2265 2464
f 2377 2454 2266
f 2377 2266 2378
f 2465 2466 2267
f 2465 2267 2282
f 2466 2303 2268
f 2466 2268 2267
f 2467 2468 2270
f 2467 2270 2269
f 2469 2467 2269
f 2469 2269 2271
f 2468 2470 2272
f 2468 2272 2270
f 2271 2273 2471
f 2271 2471 2469
f 2470 2472 2274
f 2470 2274 2272
f 2473 2471 2273
f 2473 2273 2275
f 2472 2474 2278
f 2472 2278 2274
f 2275 2276 2475
f 2275 2475 2473
f 2276 2277 2476
f 2276 2476 2475
f 2277 2279 2477
f 2277 2477 2476
f 2278 2474 2478
f 2278 2478 2282
f 2279 2281 2479
f 2279 2479 2477
f 2281 2280 2480
f 2281 2480 2479
f 2292 2481 2480
f 2292 2480 2280
f 2482 2465 2282
f 2482 2282 2478
f 2284 2283 2483
f 2284 2483 2484
f 2283 2290 2483
f 2285 2284 2485
f 2285 2485 2486
f 2284 2484 2485
f 2286 2285 2486
f 2286 2486 2487
f 2287 2286 2488
f 2287 2488 2489
f 2286 2487 2488
f 2288 2287 2489
f 2288 2489 2490
f 2292 2288 2490
f 2292 2490 2491
f 2290 2289 2462
f 2290 2462 2492
f 2289 2461 2462
f 2289 2463 2461
f 2289 2291 2464
f 2289 2464 2463
f 2493 2290 2492
f 2483 2290 2493
f 2291 2294 2378
f 2291 2378 2464
f 2481 2292 2491
f 2481 2491 2494
f 2293 2378 2294
f 2495 2392 2295
f 2495 2295 2300
f 2496 2299 2296
f 2496 2296 2497
f 2497 2296 2297
f 2497 2297 2498
f 2498 2297 2298
f 2498 2298 2499
f 2499 2298 2301
f 2499 2301 2500
f 2501 2300 2299
f 2501 2299 2496
f 2502 2495 2300
f 2502 2300 2501
f 2500 2301 2302
f 2500 2302 2503
f 2503 2302 2310
f 2503 2310 2504
f 2466 2505 2506
f 2466 2506 2303
f 2303 2506 2305
f 2303 2305 2304
f 2506 2507 2306
f 2506 2306 2305
f 2507 2504 2508
f 2507 2508 2306
f 2306 2508 2309
f 2306 2309 2307
f 2508 2311 2308
f 2508 2308 2309
f 2504 2310 2311
f 2504 2311 2508
f 2315 2509 2313
f 2313 2509 2314
f 2314 2509 2320
f 2315 2316 2383
f 2315 2383 2509
f 2316 2327 2384
f 2316 2384 2383
f 2317 2372 2333
f 2317 2319 2371
f 2317 2371 2372
f 2319 2320 2370
f 2319 2370 2371
f 2320 2509 2369
f 2320 2369 2370
f 2322 2321 2510
f 2322 2510 2326
f 2511 2512 2510
f 2511 2510 2321
f 2511 2321 2442
f 2325 2513 2514
f 2325 2514 2323
f 2323 2514 2327
f 2323 2327 2324
f 2326 2515 2513
f 2326 2513 2325
f 2510 2516 2515
f 2510 2515 2326
f 2514 2513 2382
f 2514 2382 2327
f 2449 2328 2329
f 2449 2329 2517
f 2517 2329 2345
f 2517 2345 2518
f 2331 2330 2519
f 2331 2519 2520
f 2330 2334 2521
f 2330 2521 2519
f 2332 2331 2520
f 2332 2520 2522
f 2332 2522 2349
f 2334 2333 2372
f 2334 2372 2365
f 2334 2365 2364
f 2334 2364 2521
f 2335 2336 2412
f 2335 2412 2338
f 2346 2337 2523
f 2346 2523 2524
f 2523 2337 2338
f 2523 2338 2525
f 2338 2412 2411
f 2338 2411 2525
f 2526 2527 2339
f 2526 2339 2346
f 2340 2339 2527
f 2340 2527 2528
f 2529 2343 2340
f 2529 2340 2528
f 2530 2342 2341
f 2341 2531 2532
f 2341 2532 2530
f 2531 2341 2343
f 2531 2343 2533
f 2344 2342 2530
f 2344 2530 2534
f 2535 2533 2343
f 2535 2343 2529
f 2534 2518 2345
f 2534 2345 2344
f 2524 2536 2526
f 2524 2526 2346
f 2347 2348 2349
f 2347 2349 2537
f 2347 2537 2538
f 2350 2347 2538
f 2349 2522 2363
f 2349 2363 2537
f 2538 2537 2357
f 2538 2357 2350
f 2516 2354 2351
f 2516 2351 2355
f 2444 2353 2352
f 2444 2352 2511
f 2511 2352 2354
f 2511 2354 2512
f 2512 2354 2516
f 2512 2516 2510
f 2515 2516 2355
f 2515 2355 2381
f 2537 2363 2356
f 2537 2356 2357
f 2519 2521 2359
f 2519 2359 2362
f 2521 2364 2360
f 2521 2360 2359
f 2522 2520 2361
f 2522 2361 2363
f 2520 2519 2362
f 2520 2362 2361
f 2365 2372 2366
f 2509 2383 2367
f 2509 2367 2369
f 2383 2368 2367
f 2373 2430 2539
f 2373 2539 2374
f 2374 2539 2540
f 2374 2540 2375
f 2375 2540 2541
f 2375 2541 2376
f 2376 2541 2542
f 2376 2542 2424
f 2379 2454 2377
f 2543 2452 2379
f 2544 2543 2379
f 2379 2452 2454
f 2380 2545 2544
f 2380 2544 2379
f 2546 2545 2380
f 2547 2548 2546
f 2547 2546 2380
f 2547 2380 2441
f 2513 2515 2381
f 2513 2381 2382
f 2549 2431 2385
f 2549 2385 2388
f 2385 2431 2386
f 2550 2549 2388
f 2550 2388 2397
f 2393 2551 2394
f 2393 2394 2389
f 2390 2552 2553
f 2390 2553 2391
f 2552 2390 2392
f 2552 2392 2495
f 2393 2391 2553
f 2393 2553 2554
f 2554 2555 2551
f 2554 2551 2393
f 2551 2556 2395
f 2551 2395 2394
f 2556 2557 2396
f 2556 2396 2395
f 2557 2558 2397
f 2557 2397 2396
f 2559 2550 2397
f 2559 2397 2558
f 2560 2405 2398
f 2560 2398 2399
f 2561 2560 2399
f 2561 2399 2433
f 2401 2400 2562
f 2401 2562 2563
f 2400 2405 2564
f 2400 2564 2562
f 2402 2401 2563
f 2403 2402 2563
f 2403 2563 2565
f 2404 2403 2565
f 2406 2404 2565
f 2405 2560 2564
f 2565 2409 2406
f 2413 2407 2408
f 2413 2408 2566
f 2408 2409 2566
f 2567 2566 2409
f 2567 2409 2568
f 2565 2568 2409
f 2411 2410 2416
f 2411 2416 2525
f 2423 2413 2566
f 2423 2566 2567
f 2524 2523 2415
f 2524 2415 2414
f 2414 2569 2536
f 2414 2536 2524
f 2570 2569 2414
f 2570 2414 2417
f 2415 2523 2525
f 2415 2525 2416
f 2417 2418 2571
f 2417 2571 2570
f 2418 2419 2572
f 2418 2572 2571
f 2419 2420 2573
f 2419 2573 2572
f 2420 2421 2574
f 2420 2574 2573
f 2422 2574 2421
f 2575 2574 2422
f 2575 2422 2576
f 2576 2422 2423
f 2576 2423 2577
f 2423 2567 2577
f 2424 2542 2578
f 2424 2578 2426
f 2425 2427 2579
f 2425 2579 2440
f 2426 2578 2580
f 2426 2580 2427
f 2427 2580 2581
f 2427 2581 2579
f 2428 2446 2582
f 2428 2582 2583
f 2429 2428 2583
f 2429 2583 2430
f 2430 2583 2584
f 2430 2584 2539
f 2585 2432 2431
f 2585 2431 2549
f 2433 2432 2585
f 2433 2585 2586
f 2587 2561 2433
f 2587 2433 2586
f 2434 2588 2589
f 2434 2589 2435
f 2439 2590 2588
f 2439 2588 2434
f 2435 2589 2591
f 2435 2591 2436
f 2436 2591 2592
f 2436 2592 2437
f 2437 2592 2593
f 2437 2593 2441
f 2438 2594 2590
f 2438 2590 2439
f 2440 2579 2594
f 2440 2594 2438
f 2441 2593 2548
f 2441 2548 2547
f 2443 2444 2511
f 2443 2511 2442
f 2446 2445 2595
f 2446 2595 2582
f 2447 2595 2445
f 2447 2448 2596
f 2447 2596 2597
f 2447 2597 2595
f 2596 2448 2449
f 2596 2449 2598
f 2599 2449 2517
f 2599 2517 2600
f 2599 2601 2598
f 2599 2598 2449
f 2602 2603 2450
f 2453 2604 2602
f 2453 2602 2450
f 2450 2603 2451
f 2451 2603 2605
f 2451 2605 2456
f 2543 2606 2453
f 2543 2453 2452
f 2606 2607 2604
f 2606 2604 2453
f 2456 2605 2608
f 2456 2608 2457
f 2457 2608 2609
f 2457 2609 2458
f 2458 2609 2610
f 2458 2610 2611
f 2459 2458 2611
f 2459 2611 2612
f 2460 2459 2612
f 2460 2612 2613
f 2462 2460 2613
f 2462 2613 2492
f 2482 2614 2615
f 2482 2615 2465
f 2465 2615 2505
f 2465 2505 2466
f 2616 2617 2468
f 2616 2468 2467
f 2618 2616 2467
f 2618 2467 2469
f 2617 2619 2470
f 2617 2470 2468
f 2469 2471 2620
f 2469 2620 2618
f 2619 2621 2472
f 2619 2472 2470
f 2622 2620 2471
f 2622 2471 2473
f 2621 2623 2474
f 2621 2474 2472
f 2473 2475 2624
f 2473 2624 2622
f 2474 2623 2625
f 2474 2625 2478
f 2475 2476 2626
f 2475 2626 2624
f 2476 2477 2627
f 2476 2627 2626
f 2477 2479 2628
f 2477 2628 2627
f 2629 2482 2478
f 2629 2478 2625
f 2479 2480 2630
f 2479 2630 2628
f 2481 2631 2630
f 2481 2630 2480
f 2631 2481 2494
f 2631 2494 2632
f 2629 2633 2614
f 2629 2614 2482
f 2483 2634 2635
f 2483 2635 2484
f 2493 2636 2634
f 2493 2634 2483
f 2484 2635 2637
f 2484 2637 2485
f 2485 2637 2638
f 2485 2638 2486
f 2486 2638 2639
f 2486 2639 2487
f 2487 2639 2640
f 2487 2640 2488
f 2488 2640 2641
f 2488 2641 2489
f 2489 2641 2642
f 2489 2642 2490
f 2490 2642 2643
f 2490 2643 2491
f 2491 2643 2644
f 2491 2644 2494
f 2492 2613 2636
f 2492 2636 2493
f 2494 2644 2645
f 2494 2645 2632
f 2646 2552 2495
f 2646 2495 2502
f 2647 2501 2496
f 2647 2496 2648
f 2648 2496 2497
f 2648 2497 2649
f 2649 2497 2498
f 2649 2498 2650
f 2650 2498 2499
f 2650 2499 2651
f 2651 2499 2500
f 2651 2500 2652
f 2652 2500 2503
f 2652 2503 2653
f 2654 2502 2501
f 2654 2501 2647
f 2655 2646 2502
f 2655 2502 2654
f 2653 2503 2504
f 2653 2504 2507
f 2615 2652 2653
f 2615 2653 2505
f 2505 2653 2507
f 2505 2507 2506
f 2600 2517 2518
f 2600 2518 2656
f 2518 2534 2657
f 2518 2657 2658
f 2656 2518 2658
f 2536 2659 2660
f 2536 2660 2526
f 2660 2661 2526
f 2661 2528 2527
f 2661 2527 2526
f 2529 2528 2661
f 2529 2661 2656
f 2535 2529 2656
f 2535 2656 2662
f 2534 2530 2532
f 2534 2532 2657
f 2531 2663 2532
f 2531 2533 2664
f 2531 2664 2665
f 2663 2531 2665
f 2663 2665 2666
f 2532 2663 2667
f 2532 2667 2657
f 2668 2664 2533
f 2668 2533 2535
f 2535 2662 2668
f 2669 2659 2536
f 2669 2536 2569
f 2539 2584 2670
f 2539 2670 2540
f 2540 2670 2671
f 2540 2671 2541
f 2541 2671 2672
f 2541 2672 2542
f 2542 2672 2673
f 2542 2673 2578
f 2674 2675 2606
f 2674 2606 2543
f 2545 2543 2544
f 2546 2674 2543
f 2546 2543 2545
f 2546 2548 2676
f 2546 2676 2674
f 2548 2593 2677
f 2548 2677 2676
f 2678 2585 2549
f 2678 2549 2550
f 2679 2678 2550
f 2679 2550 2559
f 2555 2680 2556
f 2555 2556 2551
f 2552 2646 2681
f 2552 2681 2553
f 2554 2553 2681
f 2554 2681 2682
f 2682 2683 2555
f 2682 2555 2554
f 2683 2684 2680
f 2683 2680 2555
f 2680 2685 2557
f 2680 2557 2556
f 2685 2686 2558
f 2685 2558 2557
f 2686 2559 2558
f 2687 2559 2686
f 2687 2686 2688
f 2687 2679 2559
f 2560 2561 2689
f 2560 2689 2564
f 2561 2587 2690
f 2561 2690 2689
f 2564 2691 2562
f 2562 2691 2563
f 2563 2691 2565
f 2689 2691 2564
f 2565 2692 2693
f 2565 2693 2568
f 2565 2691 2692
f 2694 2567 2693
f 2694 2693 2695
f 2567 2568 2693
f 2696 2577 2567
f 2696 2567 2694
f 2697 2698 2669
f 2697 2669 2569
f 2697 2569 2570
f 2570 2571 2699
f 2570 2699 2697
f 2571 2572 2700
f 2571 2700 2699
f 2572 2573 2701
f 2572 2701 2700
f 2573 2574 2575
f 2573 2575 2701
f 2701 2575 2702
f 2701 2702 2703
f 2576 2704 2702
f 2576 2702 2575
f 2704 2576 2577
f 2704 2577 2696
f 2578 2673 2705
f 2578 2705 2580
f 2579 2581 2706
f 2579 2706 2594
f 2580 2705 2707
f 2580 2707 2581
f 2581 2707 2708
f 2581 2708 2706
f 2582 2595 2597
f 2582 2597 2709
f 2583 2582 2709
f 2583 2709 2584
f 2584 2709 2710
f 2584 2710 2670
f 2711 2586 2585
f 2711 2585 2678
f 2712 2587 2586
f 2712 2586 2711
f 2587 2712 2713
f 2587 2713 2690
f 2588 2714 2715
f 2588 2715 2589
f 2590 2716 2714
f 2590 2714 2588
f 2589 2715 2717
f 2589 2717 2591
f 2594 2706 2716
f 2594 2716 2590
f 2591 2717 2718
f 2591 2718 2592
f 2592 2718 2719
f 2592 2719 2593
f 2677 2593 2720
f 2719 2720 2593
f 2596 2598 2721
f 2596 2721 2597
f 2709 2597 2721
f 2709 2721 2710
f 2598 2601 2722
f 2598 2722 2721
f 2723 2599 2600
f 2723 2600 2660
f 2601 2599 2723
f 2601 2723 2724
f 2600 2661 2660
f 2656 2661 2600
f 2601 2725 2722
f 2724 2725 2601
f 2603 2602 2726
f 2603 2726 2727
f 2728 2602 2604
f 2728 2604 2729
f 2728 2726 2602
f 2603 2727 2605
f 2730 2731 2604
f 2607 2732 2730
f 2607 2730 2604
f 2604 2731 2729
f 2605 2727 2733
f 2605 2733 2608
f 2675 2734 2607
f 2675 2607 2606
f 2734 2735 2732
f 2734 2732 2607
f 2736 2608 2733
f 2737 2609 2608
f 2737 2608 2736
f 2609 2737 2738
f 2609 2738 2610
f 2611 2610 2739
f 2611 2739 2740
f 2610 2738 2741
f 2610 2741 2739
f 2612 2611 2740
f 2612 2740 2742
f 2613 2612 2742
f 2613 2742 2636
f 2633 2650 2651
f 2633 2651 2614
f 2614 2651 2652
f 2614 2652 2615
f 2743 2744 2617
f 2743 2617 2616
f 2745 2743 2616
f 2745 2616 2618
f 2744 2746 2619
f 2744 2619 2617
f 2618 2620 2747
f 2618 2747 2745
f 2746 2748 2621
f 2746 2621 2619
f 2749 2747 2620
f 2749 2620 2622
f 2748 2750 2623
f 2748 2623 2621
f 2622 2624 2751
f 2622 2751 2749
f 2623 2750 2625
f 2624 2626 2752
f 2624 2752 2751
f 2753 2754 2625
f 2753 2625 2755
f 2754 2629 2625
f 2756 2755 2625
f 2756 2625 2750
f 2626 2627 2757
f 2626 2757 2752
f 2627 2628 2758
f 2627 2758 2757
f 2628 2630 2759
f 2628 2759 2758
f 2754 2760 2633
f 2754 2633 2629
f 2631 2759 2630
f 2761 2631 2762
f 2761 2762 2763
f 2631 2632 2762
f 2759 2631 2761
f 2759 2761 2764
f 2632 2645 2765
f 2632 2765 2762
f 2760 2649 2650
f 2760 2650 2633
f 2634 2766 2767
f 2634 2767 2635
f 2636 2742 2766
f 2636 2766 2634
f 2635 2767 2768
f 2635 2768 2637
f 2637 2768 2769
f 2637 2769 2638
f 2638 2769 2770
f 2638 2770 2639
f 2639 2770 2771
f 2639 2771 2640
f 2640 2771 2772
f 2640 2772 2641
f 2641 2772 2773
f 2641 2773 2642
f 2642 2773 2774
f 2642 2774 2643
f 2643 2774 2775
f 2643 2775 2644
f 2644 2775 2776
f 2644 2776 2645
f 2645 2776 2777
f 2645 2777 2765
f 2646 2655 2778
f 2646 2778 2681
f 2779 2654 2647
f 2779 2647 2780
f 2780 2647 2648
f 2780 2648 2781
f 2781 2648 2649
f 2781 2649 2760
f 2782 2655 2654
f 2782 2654 2779
f 2655 2782 2783
f 2655 2783 2778
f 2658 2662 2656
f 2784 2658 2657
f 2784 2657 2667
f 2658 2784 2668
f 2658 2668 2662
f 2724 2723 2659
f 2724 2659 2785
f 2723 2660 2659
f 2786 2785 2659
f 2786 2659 2698
f 2659 2669 2698
f 2663 2666 2787
f 2663 2787 2667
f 2665 2664 2668
f 2668 2784 2788
f 2668 2788 2665
f 2789 2665 2788
f 2789 2788 2790
f 2666 2665 2789
f 2666 2789 2791
f 2666 2791 2792
f 2666 2792 2787
f 2667 2787 2788
f 2667 2788 2784
f 2670 2710 2793
f 2670 2793 2671
f 2671 2793 2794
f 2671 2794 2672
f 2672 2794 2795
f 2672 2795 2673
f 2673 2795 2796
f 2673 2796 2705
f 2676 2797 2675
f 2676 2675 2674
f 2797 2798 2734
f 2797 2734 2675
f 2677 2799 2797
f 2677 2797 2676
f 2720 2800 2799
f 2720 2799 2677
f 2801 2711 2678
f 2801 2678 2679
f 2802 2679 2687
f 2802 2687 2803
f 2804 2801 2679
f 2804 2679 2802
f 2684 2805 2685
f 2684 2685 2680
f 2682 2681 2778
f 2682 2778 2806
f 2806 2807 2683
f 2806 2683 2682
f 2807 2808 2684
f 2807 2684 2683
f 2808 2809 2805
f 2808 2805 2684
f 2805 2688 2686
f 2805 2686 2685
f 2803 2687 2688
f 2803 2688 2810
f 2809 2810 2688
f 2809 2688 2805
f 2690 2691 2689
f 2713 2691 2690
f 2811 2691 2812
f 2812 2691 2713
f 2813 2691 2811
f 2814 2691 2813
f 2815 2691 2814
f 2816 2691 2815
f 2817 2691 2816
f 2818 2691 2817
f 2692 2691 2818
f 2692 2695 2693
f 2692 2818 2819
f 2692 2819 2695
f 2820 2694 2695
f 2820 2695 2819
f 2821 2696 2694
f 2821 2694 2820
f 2822 2823 2696
f 2822 2696 2821
f 2704 2696 2823
f 2824 2786 2698
f 2824 2698 2697
f 2697 2699 2825
f 2697 2825 2824
f 2699 2700 2826
f 2699 2826 2825
f 2700 2701 2703
f 2700 2703 2826
f 2703 2702 2827
f 2703 2827 2828
f 2704 2827 2702
f 2826 2703 2828
f 2826 2828 2829
f 2830 2827 2704
f 2830 2704 2823
f 2705 2796 2831
f 2705 2831 2707
f 2706 2708 2832
f 2706 2832 2716
f 2707 2831 2833
f 2707 2833 2708
f 2708 2833 2834
f 2708 2834 2832
f 2710 2721 2722
f 2710 2722 2793
f 2835 2712 2711
f 2835 2711 2801
f 2712 2835 2812
f 2712 2812 2713
f 2714 2836 2837
f 2714 2837 2715
f 2716 2832 2836
f 2716 2836 2714
f 2715 2837 2838
f 2715 2838 2717
f 2717 2838 2839
f 2717 2839 2718
f 2718 2839 2840
f 2718 2840 2719
f 2719 2840 2800
f 2719 2800 2720
f 2793 2722 2725
f 2793 2725 2794
f 2724 2785 2841
f 2724 2842 2725
f 2724 2841 2843
f 2724 2843 2842
f 2794 2725 2842
f 2794 2842 2795
f 2728 2844 2726
f 2726 2844 2727
f 2727 2844 2733
f 2729 2845 2844
f 2729 2844 2728
f 2846 2845 2729
f 2846 2729 2731
f 2847 2848 2730
f 2847 2730 2732
f 2848 2849 2846
f 2848 2846 2731
f 2848 2731 2730
f 2847 2732 2735
f 2847 2735 2789
f 2847 2789 2850
f 2736 2733 2844
f 2736 2844 2851
f 2798 2852 2735
f 2798 2735 2734
f 2791 2789 2735
f 2791 2735 2852
f 2737 2736 2851
f 2737 2851 2853
f 2738 2737 2853
f 2738 2853 2854
f 2741 2738 2854
f 2741 2854 2855
f 2740 2739 2856
f 2740 2856 2857
f 2856 2739 2741
f 2856 2741 2858
f 2742 2740 2857
f 2742 2857 2766
f 2858 2741 2859
f 2858 2859 2860
f 2741 2855 2859
f 2861 2862 2744
f 2861 2744 2743
f 2863 2861 2743
f 2863 2743 2745
f 2862 2864 2746
f 2862 2746 2744
f 2745 2747 2865
f 2745 2865 2863
f 2864 2866 2748
f 2864 2748 2746
f 2867 2865 2747
f 2867 2747 2749
f 2866 2756 2750
f 2866 2750 2748
f 2749 2751 2868
f 2749 2868 2867
f 2751 2752 2869
f 2751 2869 2868
f 2752 2757 2870
f 2752 2870 2869
f 2871 2780 2781
f 2871 2781 2753
f 2753 2781 2760
f 2753 2760 2754
f 2871 2753 2755
f 2871 2755 2872
f 2873 2872 2755
f 2873 2755 2874
f 2874 2755 2756
f 2875 2874 2756
f 2875 2756 2866
f 2757 2758 2876
f 2757 2876 2870
f 2758 2759 2764
f 2758 2764 2876
f 2877 2761 2878
f 2877 2878 2879
f 2764 2761 2877
f 2878 2761 2763
f 2878 2763 2880
f 2762 2765 2881
f 2762 2881 2763
f 2763 2881 2882
f 2763 2882 2880
f 2876 2764 2877
f 2876 2877 2883
f 2765 2777 2884
f 2765 2884 2881
f 2766 2857 2885
f 2766 2885 2767
f 2767 2885 2886
f 2767 2886 2768
f 2768 2886 2887
f 2768 2887 2769
f 2769 2887 2888
f 2769 2888 2770
f 2770 2888 2889
f 2770 2889 2771
f 2771 2889 2890
f 2771 2890 2772
f 2772 2890 2891
f 2772 2891 2773
f 2773 2891 2892
f 2773 2892 2774
f 2774 2892 2893
f 2774 2893 2775
f 2775 2893 2894
f 2775 2894 2776
f 2776 2894 2895
f 2776 2895 2777
f 2777 2895 2896
f 2777 2896 2884
f 2806 2778 2783
f 2806 2783 2897
f 2898 2782 2779
f 2898 2779 2899
f 2899 2779 2780
f 2899 2780 2871
f 2782 2898 2900
f 2782 2900 2783
f 2897 2783 2900
f 2897 2900 2901
f 2786 2902 2841
f 2786 2841 2785
f 2903 2902 2786
f 2903 2786 2824
f 2787 2792 2904
f 2787 2904 2788
f 2790 2788 2904
f 2905 2850 2789
f 2905 2789 2790
f 2790 2904 2906
f 2790 2906 2907
f 2790 2907 2908
f 2790 2908 2909
f 2790 2909 2905
f 2852 2906 2792
f 2852 2792 2791
f 2792 2906 2904
f 2795 2842 2843
f 2795 2843 2796
f 2796 2843 2910
f 2796 2910 2831
f 2799 2911 2798
f 2799 2798 2797
f 2911 2906 2852
f 2911 2852 2798
f 2800 2912 2911
f 2800 2911 2799
f 2840 2913 2912
f 2840 2912 2800
f 2914 2835 2801
f 2914 2801 2804
f 2915 2802 2803
f 2915 2803 2916
f 2917 2804 2802
f 2917 2802 2915
f 2916 2803 2810
f 2916 2810 2918
f 2917 2914 2804
f 2897 2919 2807
f 2897 2807 2806
f 2919 2920 2808
f 2919 2808 2807
f 2920 2921 2809
f 2920 2809 2808
f 2921 2918 2810
f 2921 2810 2809
f 2922 2923 2811
f 2922 2811 2812
f 2813 2811 2923
f 2813 2923 2924
f 2835 2914 2812
f 2914 2922 2812
f 2814 2813 2925
f 2814 2925 2926
f 2813 2927 2925
f 2813 2924 2927
f 2815 2814 2926
f 2815 2926 2928
f 2816 2815 2928
f 2816 2928 2929
f 2817 2816 2929
f 2817 2929 2930
f 2818 2817 2931
f 2818 2931 2819
f 2817 2930 2931
f 2932 2933 2819
f 2932 2819 2931
f 2820 2819 2933
f 2934 2821 2820
f 2934 2820 2933
f 2935 2936 2821
f 2935 2821 2934
f 2822 2821 2936
f 2937 2938 2822
f 2937 2822 2936
f 2938 2830 2823
f 2938 2823 2822
f 2824 2825 2939
f 2824 2939 2903
f 2825 2826 2829
f 2825 2829 2939
f 2828 2827 2830
f 2828 2830 2940
f 2829 2828 2940
f 2829 2940 2941
f 2939 2829 2941
f 2939 2941 2942
f 2940 2830 2938
f 2940 2938 2943
f 2831 2910 2944
f 2831 2944 2833
f 2832 2834 2945
f 2832 2945 2836
f 2833 2944 2946
f 2833 2946 2834
f 2834 2946 2947
f 2834 2947 2945
f 2836 2945 2948
f 2836 2948 2837
f 2837 2948 2949
f 2837 2949 2838
f 2838 2949 2950
f 2838 2950 2839
f 2839 2950 2913
f 2839 2913 2840
f 2951 2952 2841
f 2951 2841 2902
f 2841 2910 2843
f 2841 2952 2944
f 2841 2944 2910
f 2844 2845 2953
f 2851 2844 2953
f 2845 2846 2953
f 2954 2955 2846
f 2954 2846 2849
f 2955 2953 2846
f 2847 2850 2905
f 2847 2905 2909
f 2956 2847 2909
f 2956 2848 2847
f 2956 2957 2848
f 2848 2957 2954
f 2848 2954 2849
f 2851 2953 2955
f 2955 2958 2853
f 2955 2853 2851
f 2959 2853 2958
f 2960 2853 2959
f 2853 2960 2961
f 2853 2961 2854
f 2854 2961 2962
f 2854 2962 2855
f 2962 2963 2859
f 2962 2859 2855
f 2856 2964 2857
f 2965 2964 2856
f 2965 2856 2858
f 2966 2857 2964
f 2886 2885 2857
f 2886 2857 2966
f 2965 2858 2967
f 2965 2967 2968
f 2858 2860 2967
f 2963 2969 2860
f 2963 2860 2859
f 2860 2969 2970
f 2860 2970 2967
f 2971 2972 2862
f 2971 2862 2861
f 2973 2971 2861
f 2973 2861 2863
f 2972 2974 2864
f 2972 2864 2862
f 2863 2865 2975
f 2863 2975 2973
f 2974 2875 2866
f 2974 2866 2864
f 2976 2975 2865
f 2976 2865 2867
f 2867 2868 2977
f 2867 2977 2976
f 2868 2869 2978
f 2868 2978 2977
f 2869 2870 2979
f 2869 2979 2978
f 2870 2876 2883
f 2870 2883 2979
f 2899 2871 2872
f 2899 2872 2980
f 2981 2980 2872
f 2981 2872 2873
f 2982 2981 2873
f 2982 2873 2983
f 2983 2873 2874
f 2983 2874 2875
f 2984 2983 2875
f 2984 2875 2974
f 2883 2877 2879
f 2883 2879 2985
f 2879 2878 2986
f 2879 2986 2987
f 2986 2878 2880
f 2986 2880 2988
f 2985 2879 2987
f 2985 2987 2989
f 2880 2882 2990
f 2880 2990 2988
f 2881 2884 2991
f 2881 2991 2882
f 2882 2991 2992
f 2882 2992 2990
f 2979 2883 2985
f 2979 2985 2993
f 2884 2896 2994
f 2884 2994 2991
f 2886 2966 2995
f 2886 2995 2887
f 2887 2995 2996
f 2887 2996 2888
f 2888 2996 2997
f 2888 2997 2889
f 2889 2997 2998
f 2889 2998 2890
f 2890 2998 2999
f 2890 2999 2891
f 2891 2999 3000
f 2891 3000 2892
f 2892 3000 3001
f 2892 3001 2893
f 2893 3001 3002
f 2893 3002 2894
f 2894 3002 3003
f 2894 3003 2895
f 2895 3003 3004
f 2895 3004 2896
f 2896 3004 3005
f 2896 3005 2994
f 2901 3006 2919
f 2901 2919 2897
f 3007 2900 2898
f 3007 2898 3008
f 2898 2899 2980
f 2898 2980 3008
f 2901 2900 3007
f 2901 3007 3009
f 3009 3010 3006
f 3009 3006 2901
f 3011 2951 2902
f 3011 2902 2903
f 2903 2939 2942
f 2903 2942 3011
f 2912 2907 2906
f 2912 2906 2911
f 2908 2907 2913
f 2913 2907 2912
f 2950 3012 2908
f 2950 2908 2913
f 3013 3014 2908
f 3013 2908 3012
f 3014 2909 2908
f 2956 2909 3014
f 2922 2914 2917
f 2922 2917 3015
f 3016 2915 2916
f 3016 2916 3017
f 3015 2917 2915
f 3015 2915 3016
f 3017 2916 3018
f 3017 3018 3019
f 3018 2916 2918
f 3020 3018 2918
f 3020 2918 2921
f 3006 3021 2920
f 3006 2920 2919
f 3021 3020 2921
f 3021 2921 2920
f 2923 2922 3022
f 2923 3022 3023
f 3022 2922 3015
f 3023 3024 2924
f 3023 2924 2923
f 3025 2924 3024
f 3025 3026 2927
f 3025 2927 2924
f 3027 3028 2925
f 3027 2925 2927
f 3028 3029 2926
f 3028 2926 2925
f 3029 3030 2928
f 3029 2928 2926
f 3027 2927 3026
f 3030 3031 2929
f 3030 2929 2928
f 3031 3032 2930
f 3031 2930 2929
f 3032 2932 2931
f 3032 2931 2930
f 3033 3034 2932
f 3033 2932 3032
f 3034 3035 2933
f 3034 2933 2932
f 2934 2933 3035
f 3036 2935 2934
f 3036 2934 3035
f 3037 3038 2935
f 3037 2935 3036
f 3038 2937 2936
f 3038 2936 2935
f 3039 2937 3038
f 3039 3038 3040
f 2943 2938 2937
f 2943 2937 3039
f 2941 2940 2943
f 2941 2943 3041
f 2942 2941 3041
f 2942 3041 3042
f 3011 2942 3042
f 3011 3042 3043
f 3041 2943 3039
f 3041 3039 3044
f 2944 2952 3045
f 2944 3045 2946
f 2945 2947 3046
f 2945 3046 2948
f 3045 3047 2947
f 3045 2947 2946
f 3047 3048 3046
f 3047 3046 2947
f 2948 3046 3049
f 2948 3049 2949
f 2949 3049 3012
f 2949 3012 2950
f 2951 3050 3045
f 2951 3045 2952
f 3043 3050 2951
f 3043 2951 3011
f 3051 2955 2954
f 3051 2954 3052
f 3052 2954 2957
f 3052 2957 3053
f 3054 2958 2955
f 3054 2955 3051
f 2956 3055 2957
f 2956 3056 3055
f 2956 3013 3056
f 2956 3014 3013
f 3053 2957 3055
f 3053 3055 3057
f 2959 2958 3058
f 3059 3060 2958
f 3059 2958 3054
f 3058 2958 3060
f 3061 2959 3058
f 2960 2959 3061
f 3062 2960 3061
f 2961 2960 3063
f 2961 3063 3064
f 2960 3062 3065
f 2960 3065 3063
f 2962 2961 3064
f 2962 3064 3066
f 2963 2962 3066
f 2963 3066 3067
f 2963 3067 2969
f 2964 2965 3068
f 2964 3068 2966
f 2965 2968 3068
f 2966 3068 2995
f 2970 2968 2967
f 2968 3069 3068
f 2968 2970 3070
f 2968 3070 3069
f 2970 2969 3067
f 2970 3067 3070
f 3071 3072 2972
f 3071 2972 2971
f 3073 3071 2971
f 3073 2971 2973
f 3072 2984 2974
f 3072 2974 2972
f 2973 2975 3074
f 2973 3074 3073
f 3073 3074 2975
f 3073 2975 2976
f 2976 2977 3075
f 2976 3075 3073
f 2977 2978 3076
f 2977 3076 3075
f 2978 2979 2993
f 2978 2993 3076
f 3077 3008 2980
f 3077 2980 2981
f 3078 3077 2981
f 3078 2981 2982
f 3079 3078 2982
f 3079 2982 3080
f 3080 2982 2983
f 3080 2983 2984
f 3081 3080 2984
f 3081 2984 3072
f 2993 2985 2989
f 2993 2989 3082
f 2987 2986 3083
f 2987 3083 3084
f 3083 2986 2988
f 3083 2988 3085
f 2989 2987 3084
f 2989 3084 3086
f 2988 2990 3087
f 2988 3087 3085
f 3082 2989 3086
f 3082 3086 3088
f 2990 2992 3089
f 2990 3089 3087
f 2991 2994 3090
f 2991 3090 2992
f 2992 3090 3091
f 2992 3091 3089
f 3076 2993 3082
f 3076 3082 3092
f 2994 3005 3093
f 2994 3093 3090
f 2995 3068 3069
f 2995 3069 2996
f 2996 3069 2997
f 2997 3069 3070
f 2997 3070 2998
f 2998 3070 2999
f 2999 3070 3067
f 2999 3067 3000
f 3000 3067 3066
f 3000 3066 3001
f 3001 3066 3064
f 3001 3064 3002
f 3002 3064 3063
f 3002 3063 3003
f 3003 3063 3065
f 3003 3065 3004
f 3004 3065 3094
f 3004 3094 3005
f 3005 3094 3095
f 3005 3095 3093
f 3010 3096 3021
f 3010 3021 3006
f 3097 3007 3008
f 3097 3008 3077
f 3009 3007 3097
f 3009 3097 3098
f 3098 3099 3010
f 3098 3010 3009
f 3099 3100 3096
f 3099 3096 3010
f 3013 3012 3049
f 3101 3056 3013
f 3101 3013 3048
f 3048 3013 3049
f 3048 3049 3046
f 3022 3015 3016
f 3022 3016 3102
f 3102 3016 3103
f 3102 3103 3104
f 3103 3016 3017
f 3103 3017 3019
f 3103 3019 3105
f 3106 3019 3018
f 3106 3018 3020
f 3107 3105 3019
f 3107 3019 3106
f 3096 3106 3020
f 3096 3020 3021
f 3023 3022 3102
f 3023 3102 3108
f 3108 3109 3024
f 3108 3024 3023
f 3109 3110 3025
f 3109 3025 3024
f 3110 3111 3026
f 3110 3026 3025
f 3111 3112 3027
f 3111 3027 3026
f 3112 3113 3028
f 3112 3028 3027
f 3113 3114 3029
f 3113 3029 3028
f 3114 3115 3030
f 3114 3030 3029
f 3030 3115 3116
f 3030 3116 3031
f 3116 3033 3032
f 3116 3032 3031
f 3117 3118 3033
f 3117 3033 3116
f 3118 3119 3034
f 3118 3034 3033
f 3119 3036 3035
f 3119 3035 3034
f 3120 3037 3036
f 3120 3036 3119
f 3121 3037 3120
f 3121 3120 3122
f 3040 3038 3037
f 3040 3037 3121
f 3044 3039 3040
f 3044 3040 3123
f 3123 3040 3121
f 3123 3121 3124
f 3042 3041 3044
f 3042 3044 3125
f 3043 3042 3125
f 3043 3125 3126
f 3126 3127 3050
f 3126 3050 3043
f 3125 3044 3123
f 3125 3123 3128
f 3050 3127 3047
f 3050 3047 3045
f 3127 3101 3048
f 3127 3048 3047
f 3051 3129 3130
f 3051 3130 3054
f 3052 3131 3129
f 3052 3129 3051
f 3053 3132 3131
f 3053 3131 3052
f 3057 3133 3132
f 3057 3132 3053
f 3054 3130 3134
f 3054 3134 3059
f 3057 3055 3056
f 3057 3056 3135
f 3135 3056 3101
f 3135 3101 3136
f 3135 3137 3133
f 3135 3133 3057
f 3138 3139 3058
f 3138 3058 3140
f 3141 3058 3139
f 3141 3062 3058
f 3062 3061 3058
f 3060 3140 3058
f 3142 3140 3060
f 3142 3060 3059
f 3059 3134 3143
f 3059 3143 3142
f 3062 3141 3094
f 3062 3094 3065
f 3144 3081 3072
f 3144 3072 3071
f 3145 3144 3071
f 3145 3071 3073
f 3073 3075 3146
f 3073 3146 3145
f 3075 3076 3092
f 3075 3092 3146
f 3147 3097 3077
f 3147 3077 3078
f 3148 3147 3078
f 3148 3078 3079
f 3149 3148 3079
f 3149 3079 3150
f 3150 3079 3080
f 3150 3080 3081
f 3151 3150 3081
f 3151 3081 3144
f 3092 3082 3088
f 3092 3088 3152
f 3084 3083 3153
f 3084 3153 3154
f 3083 3085 3155
f 3083 3155 3153
f 3086 3084 3154
f 3086 3154 3156
f 3157 3155 3085
f 3157 3085 3087
f 3088 3086 3156
f 3088 3156 3158
f 3159 3157 3087
f 3159 3087 3089
f 3152 3088 3158
f 3152 3158 3160
f 3161 3159 3089
f 3161 3089 3091
f 3090 3093 3162
f 3090 3162 3091
f 3163 3161 3091
f 3163 3091 3162
f 3146 3092 3152
f 3146 3152 3164
f 3093 3095 3165
f 3093 3165 3162
f 3141 3095 3094
f 3141 3139 3165
f 3141 3165 3095
f 3100 3107 3106
f 3100 3106 3096
f 3098 3097 3147
f 3098 3147 3166
f 3166 3167 3099
f 3166 3099 3098
f 3167 3168 3100
f 3167 3100 3099
f 3168 3169 3107
f 3168 3107 3100
f 3136 3101 3127
f 3136 3127 3126
f 3108 3102 3170
f 3108 3170 3171
f 3170 3102 3172
f 3172 3102 3104
f 3104 3103 3105
f 3104 3105 3173
f 3172 3104 3174
f 3172 3174 3175
f 3174 3104 3173
f 3169 3173 3105
f 3169 3105 3107
f 3176 3108 3171
f 3177 3108 3176
f 3177 3178 3109
f 3177 3109 3108
f 3179 3109 3178
f 3180 3109 3179
f 3180 3181 3110
f 3180 3110 3109
f 3182 3110 3181
f 3182 3183 3111
f 3182 3111 3110
f 3183 3184 3112
f 3183 3112 3111
f 3184 3185 3113
f 3184 3113 3112
f 3186 3113 3185
f 3186 3187 3114
f 3186 3114 3113
f 3187 3188 3115
f 3187 3115 3114
f 3188 3117 3116
f 3188 3116 3115
f 3189 3190 3117
f 3189 3117 3188
f 3191 3117 3190
f 3191 3192 3118
f 3191 3118 3117
f 3193 3118 3192
f 3193 3194 3119
f 3193 3119 3118
f 3120 3119 3194
f 3122 3120 3194
f 3122 3194 3195
f 3124 3121 3122
f 3124 3122 3196
f 3196 3122 3195
f 3196 3195 3197
f 3128 3123 3124
f 3128 3124 3137
f 3137 3124 3196
f 3137 3196 3133
f 3126 3125 3128
f 3126 3128 3136
f 3136 3128 3137
f 3136 3137 3135
f 3129 3198 3199
f 3129 3199 3130
f 3131 3200 3198
f 3131 3198 3129
f 3130 3199 3201
f 3130 3201 3134
f 3132 3197 3200
f 3132 3200 3131
f 3133 3196 3197
f 3133 3197 3132
f 3134 3201 3202
f 3134 3202 3143
f 3203 3165 3139
f 3203 3139 3138
f 3204 3203 3138
f 3204 3138 3205
f 3205 3138 3140
f 3205 3140 3142
f 3142 3143 3206
f 3142 3206 3205
f 3143 3202 3207
f 3143 3207 3206
f 3208 3151 3144
f 3208 3144 3145
f 3145 3146 3164
f 3145 3164 3208
f 3166 3147 3148
f 3166 3148 3209
f 3209 3148 3149
f 3209 3149 3210
f 3149 3150 3151
f 3149 3151 3211
f 3210 3149 3211
f 3210 3211 3212
f 3211 3151 3208
f 3211 3208 3213
f 3214 3164 3152
f 3214 3152 3160
f 3215 3154 3153
f 3215 3153 3216
f 3216 3153 3155
f 3216 3155 3217
f 3218 3156 3154
f 3218 3154 3215
f 3217 3155 3157
f 3217 3157 3219
f 3220 3158 3156
f 3220 3156 3218
f 3219 3157 3159
f 3219 3159 3221
f 3222 3160 3158
f 3222 3158 3220
f 3221 3159 3161
f 3221 3161 3223
f 3224 3214 3160
f 3224 3160 3222
f 3223 3161 3163
f 3223 3163 3225
f 3203 3163 3162
f 3203 3162 3165
f 3225 3163 3203
f 3225 3203 3204
f 3213 3208 3164
f 3213 3164 3214
f 3209 3226 3167
f 3209 3167 3166
f 3226 3227 3168
f 3226 3168 3167
f 3227 3228 3169
f 3227 3169 3168
f 3228 3174 3173
f 3228 3173 3169
f 3171 3170 3229
f 3171 3229 3230
f 3170 3172 3175
f 3170 3175 3229
f 3176 3171 3230
f 3176 3230 3231
f 3232 3175 3174
f 3232 3174 3228
f 3233 3229 3175
f 3233 3175 3232
f 3231 3234 3177
f 3231 3177 3176
f 3234 3235 3178
f 3234 3178 3177
f 3235 3236 3179
f 3235 3179 3178
f 3236 3237 3180
f 3236 3180 3179
f 3238 3180 3237
f 3238 3239 3181
f 3238 3181 3180
f 3239 3240 3182
f 3239 3182 3181
f 3240 3241 3183
f 3240 3183 3182
f 3242 3183 3241
f 3242 3243 3184
f 3242 3184 3183
f 3243 3244 3185
f 3243 3185 3184
f 3244 3245 3186
f 3244 3186 3185
f 3246 3186 3245
f 3246 3247 3187
f 3246 3187 3186
f 3247 3189 3188
f 3247 3188 3187
f 3248 3189 3247
f 3248 3247 3249
f 3250 3190 3189
f 3250 3189 3248
f 3251 3191 3190
f 3251 3190 3250
f 3252 3192 3191
f 3252 3191 3251
f 3253 3193 3192
f 3253 3192 3252
f 3195 3194 3193
f 3195 3193 3253
f 3197 3195 3253
f 3197 3253 3200
f 3198 3252 3251
f 3198 3251 3199
f 3200 3253 3252
f 3200 3252 3198
f 3199 3251 3250
f 3199 3250 3201
f 3201 3250 3248
f 3201 3248 3202
f 3202 3248 3249
f 3202 3249 3207
f 3204 3254 3255
f 3204 3255 3225
f 3205 3206 3254
f 3205 3254 3204
f 3206 3207 3256
f 3206 3256 3254
f 3207 3249 3257
f 3207 3257 3256
f 3210 3258 3226
f 3210 3226 3209
f 3212 3259 3258
f 3212 3258 3210
f 3212 3211 3213
f 3212 3213 3260
f 3260 3261 3259
f 3260 3259 3212
f 3260 3213 3262
f 3263 3213 3214
f 3263 3214 3224
f 3262 3213 3263
f 3215 3264 3265
f 3215 3265 3218
f 3216 3266 3264
f 3216 3264 3215
f 3217 3267 3266
f 3217 3266 3216
f 3219 3268 3267
f 3219 3267 3217
f 3218 3265 3269
f 3218 3269 3220
f 3221 3270 3268
f 3221 3268 3219
f 3220 3269 3271
f 3220 3271 3222
f 3223 3272 3270
f 3223 3270 3221
f 3222 3271 3273
f 3222 3273 3224
f 3225 3255 3272
f 3225 3272 3223
f 3224 3273 3274
f 3224 3274 3263
f 3258 3275 3227
f 3258 3227 3226
f 3275 3232 3228
f 3275 3228 3227
f 3276 3230 3229
f 3276 3229 3233
f 3277 3231 3230
f 3277 3230 3276
f 3278 3234 3231
f 3278 3231 3277
f 3279 3233 3232
f 3279 3232 3275
f 3280 3276 3233
f 3280 3233 3279
f 3281 3235 3234
f 3281 3234 3278
f 3282 3236 3235
f 3282 3235 3281
f 3283 3237 3236
f 3283 3236 3282
f 3284 3238 3237
f 3284 3237 3283
f 3285 3239 3238
f 3285 3238 3284
f 3286 3240 3239
f 3286 3239 3285
f 3287 3241 3240
f 3287 3240 3286
f 3288 3242 3241
f 3288 3241 3287
f 3289 3243 3242
f 3289 3242 3288
f 3290 3244 3243
f 3290 3243 3289
f 3291 3245 3244
f 3291 3244 3290
f 3257 3246 3245
f 3257 3245 3291
f 3249 3247 3246
f 3249 3246 3257
f 3254 3256 3292
f 3254 3292 3255
f 3255 3292 3293
f 3255 3293 3272
f 3256 3257 3291
f 3256 3291 3292
f 3259 3279 3275
f 3259 3275 3258
f 3261 3280 3279
f 3261 3279 3259
f 3262 3294 3261
f 3262 3261 3260
f 3294 3295 3280
f 3294 3280 3261
f 3263 3274 3294
f 3263 3294 3262
f 3264 3296 3297
f 3264 3297 3265
f 3266 3298 3296
f 3266 3296 3264
f 3265 3297 3299
f 3265 3299 3269
f 3267 3300 3298
f 3267 3298 3266
f 3268 3301 3300
f 3268 3300 3267
f 3270 3302 3301
f 3270 3301 3268
f 3269 3299 3303
f 3269 3303 3271
f 3272 3293 3302
f 3272 3302 3270
f 3271 3303 3304
f 3271 3304 3273
f 3273 3304 3305
f 3273 3305 3274
f 3274 3305 3295
f 3274 3295 3294
f 3295 3277 3276
f 3295 3276 3280
f 3305 3278 3277
f 3305 3277 3295
f 3304 3281 3278
f 3304 3278 3305
f 3303 3282 3281
f 3303 3281 3304
f 3299 3283 3282
f 3299 3282 3303
f 3297 3284 3283
f 3297 3283 3299
f 3296 3285 3284
f 3296 3284 3297
f 3298 3286 3285
f 3298 3285 3296
f 3300 3287 3286
f 3300 3286 3298
f 3301 3288 3287
f 3301 3287 3300
f 3302 3289 3288
f 3302 3288 3301
f 3293 3290 3289
f 3293 3289 3302
f 3292 3291 3290
f 3292 3290 3293
