v -0.0171892008 0.000213063122 0.0534195204
v -0.0173306115 0.000142360564 0.0547685773
v -0.0174175507 -0.000449056812 0.0553160533
v -0.0174452634 -0.000449056812 0.0540491449
v -0.0168519295 0.000921999639 0.0527392402
v -0.0164812221 0.00155354552 0.0538360714
v -0.0183385957 -0.000449056812 0.0514264596
v -0.0213491868 5.25492019e-05 0.0500219632
v -0.0145980509 0.000544600791 0.0571992317
v -0.016199369 -0.000449056812 0.058385871
v -0.0145082357 0.00223095254 0.057855622
v -0.0173306115 -0.00100225655 0.0547685773
v -0.0171892008 -0.0010729592 0.0534195204
v -0.0145980509 -0.00140449686 0.0571992317
v -0.0213491868 -0.000912445222 0.0500219632
v -0.0165652997 0.0026322373 0.0533631413
v -0.016903525 0.00253860413 0.0548106339
v -0.0180022853 0.00197776079 0.0502331003
v -0.0180127924 0.00364118186 0.0512668894
v -0.0230212066 0.000640144798 0.0450937967
v -0.0233001981 -0.000449056812 0.0460406536
v -0.0230212066 -0.00150004081 0.0450937967
v -0.0231186672 0.00274975642 0.045409093
v -0.013402791 0.000164335685 0.0634153207
v -0.0135480243 -0.000450012259 0.0632003395
v -0.013403752 0.00232171937 0.0629481138
v -0.013402791 -0.00102423172 0.0634153207
v -0.0173191434 0.00328480291 0.056295371
v -0.0153050756 0.00330773342 0.0605404098
v -0.0150987008 0.0030058143 0.0630130923
v -0.0164812221 -0.00241344142 0.0538360714
v -0.0168519295 -0.00178189565 0.0527392402
v -0.0145082357 -0.00309084844 0.057855622
v -0.013403752 -0.00318161527 0.0629481138
v -0.0180022853 -0.00283765691 0.0502331003
v -0.0231186672 -0.00360965232 0.045409093
v -0.017380292 0.00380169567 0.0540176238
v -0.0233575241 0.00351888572 0.046593853
v -0.0217055715 0.00457464698 0.0481502599
v -0.0182363657 0.00514313345 0.0506009602
v -0.0168633975 0.00474280437 0.0532589821
v -0.0219702262 -0.000449056812 0.0402994026
v -0.0221259594 0.00226439275 0.0409271193
v -0.0221259594 -0.00312428888 0.0409271193
v -0.0227469988 0.0058023872 0.0413150251
v -0.0146257564 0.000895247282 0.0634965295
v -0.0146840362 0.00260548499 0.0632939916
v -0.0142005848 -0.000450012259 0.0628382314
v -0.0146257564 -0.00175514335 0.0634965295
v -0.0143649244 -0.000273255843 0.0628391995
v -0.0146840362 -0.00346538089 0.0632939916
v -0.0169197696 0.00443324167 0.0553322837
v -0.015425458 0.00469503245 0.0580390536
v -0.0154560323 0.00419820341 0.0640994165
v -0.0164238962 0.00321410025 0.0601171388
v -0.0156671908 0.00199782518 0.0610143081
v -0.0169723189 0.00415138672 0.0617566909
v -0.016903525 -0.00339850025 0.0548106339
v -0.0165652997 -0.00349213319 0.0533631413
v -0.0180127924 -0.00450107776 0.0512668894
v -0.0153050756 -0.00416762954 0.0605404098
v -0.0173191434 -0.00414469881 0.056295371
v -0.0150987008 -0.00386571042 0.0630130923
v -0.0233575241 -0.00437878184 0.046593853
v -0.0227469988 -0.0066622831 0.0413150251
v -0.0234664455 0.00525969713 0.0456336131
v -0.0167582987 0.00645208647 0.0534596408
v -0.0184924211 0.00682948526 0.0504757871
v -0.0235610301 0.00737026443 0.0459575086
v -0.0234129423 0.00654667508 0.0455992445
v -0.0167754972 0.00619793927 0.0544953376
v -0.021653976 0.00317683803 0.0379404181
v -0.0212125598 -0.000449056812 0.0377187739
v -0.021653976 -0.00403673393 0.0379404181
v -0.0227613285 0.00683521795 0.0384229157
v -0.0227613285 -0.00769511429 0.0384229157
v -0.0240664638 0.0103349945 0.0390401253
v -0.0237798269 0.00912158577 0.0421739818
v -0.015243927 -0.000449056812 0.0605127043
v -0.0153719547 9.55440003e-05 0.0605700231
v -0.0156671908 -0.00285772108 0.0610143081
v -0.0153719547 -0.000955440072 0.0605700231
v -0.0164238962 -0.00407399615 0.0601171388
v -0.0154703691 0.00619698404 0.0578298242
v -0.0150012474 0.00565620487 0.0613391433
v -0.0154311956 0.00567722471 0.0645551482
v -0.0186280942 0.0037835424 0.0566899683
v -0.0188898872 0.00488229834 0.0602900635
v -0.0208332532 0.00568486829 0.0570033568
v -0.0177146946 0.00204177531 0.0595333581
v -0.0191249215 0.00309753657 0.0564215123
v -0.0166102037 0.00211247797 0.0604305273
v -0.0177576908 0.00703968233 0.0623471346
v -0.0191602795 0.00654571941 0.0606502637
v -0.0160980929 0.00668521383 0.0643879469
v -0.017380292 -0.00466159202 0.0540176238
v -0.0182363657 -0.0060030298 0.0506009602
v -0.0217055715 -0.00543454288 0.0481502599
v -0.0168633975 -0.00560270027 0.0532589821
v -0.015425458 -0.00555492835 0.0580390536
v -0.0169197696 -0.00529313757 0.0553322837
v -0.0154560323 -0.00505809931 0.0640994165
v -0.0169723189 -0.00501128306 0.0617566909
v -0.0237798269 -0.00998148211 0.0421739818
v -0.0240664638 -0.0111948908 0.0390401253
v -0.0234129423 -0.00740657098 0.0455992445
v -0.0234664455 -0.00611959348 0.0456336131
v -0.0235610301 -0.00823016033 0.0459575086
v -0.0172923918 0.00811550754 0.0532093229
v -0.0173286966 0.00759765911 0.0552730571
v -0.0189988087 0.00889323586 0.050978359
v -0.0241342967 0.00898686925 0.0463272763
v -0.0161726173 0.00762154551 0.0576779137
v -0.0214189346 0.00316250654 0.0357553264
v -0.0209096855 -0.000450012259 0.0356731779
v -0.0225110036 0.00677884678 0.0359798465
v -0.0214189346 -0.00402240244 0.0357553264
v -0.0225110036 -0.00763874312 0.0359798465
v -0.0239326985 0.0102346732 0.0363649049
v -0.0239326985 -0.0110945695 0.0363649049
v -0.0267082553 0.0138701228 0.0395904772
v -0.026279261 0.0124235867 0.0425408735
v -0.0263174807 0.0133752051 0.0372056949
v -0.0244314406 0.0102490056 0.0457520948
v -0.0249922853 0.0118885407 0.0455992445
v -0.0180118385 -0.000449056812 0.0558711604
v -0.018596566 0.000941108474 0.0582979707
v -0.0201338667 0.00111022131 0.0556389807
v -0.0171729633 0.000379309687 0.0597569385
v -0.0201338667 -0.00197011743 0.0556389807
v -0.018596566 -0.00180100448 0.0582979707
v -0.0171729633 -0.0012392057 0.0597569385
v -0.0166102037 -0.00297237387 0.0604305273
v -0.0177146946 -0.00290167143 0.0595333581
v -0.0208332532 -0.00654476419 0.0570033568
v -0.0188898872 -0.00574219468 0.0602900635
v -0.0186280942 -0.00464343874 0.0566899683
v -0.0191249215 -0.00395743247 0.0564215123
v -0.0156614532 0.0072728097 0.061864637
v -0.020824654 0.0036440482 0.0547007515
v -0.021505881 0.00546893854 0.0552893159
v -0.0207921648 0.00717822108 0.0569833108
v -0.0223667313 0.00730051744 0.0554631802
v -0.0211743401 0.00340423271 0.0543596574
v -0.0211724324 0.0014876201 0.0543587178
v -0.0193771613 0.00781741065 0.0605098283
v -0.0172532182 0.00832570417 0.0632844242
v -0.0166560688 0.00818812065 0.0630169078
v -0.020528464 0.00802474116 0.0578804516
v -0.0184924211 -0.00768938116 0.0504757871
v -0.0167582987 -0.00731198237 0.0534596408
v -0.0167754972 -0.00705783561 0.0544953376
v -0.0154703691 -0.00705687994 0.0578298242
v -0.0150012474 -0.00651610077 0.0613391433
v -0.0154311956 -0.00653712061 0.0645551482
v -0.0191602795 -0.00740561576 0.0606502637
v -0.0177576908 -0.00789957779 0.0623471346
v -0.0160980929 -0.00754510973 0.0643879469
v -0.0249024702 -0.0132834831 0.0425408735
v -0.0253314644 -0.0147300192 0.0395904772
v -0.0241342967 -0.00984676471 0.0463272763
v -0.0244314406 -0.011108901 0.0457520948
v -0.0249922853 -0.0127484361 0.0455992445
v -0.0249397359 -0.0142351006 0.0372056949
v -0.0189988087 -0.00975313221 0.050978359
v -0.0175904896 0.0089161666 0.0538704684
v -0.0181522881 0.00851297095 0.0569594209
v -0.018084448 0.0112340635 0.0533487902
v -0.0180385901 0.00973211192 0.0535781225
v -0.022994455 0.0105557017 0.0500945727
v -0.01694939 0.00825786852 0.0608213091
v -0.0217972873 0.00375583465 0.0325727503
v -0.0217313621 -0.000450012259 0.0335559121
v -0.0224871207 0.00784511796 0.0327351964
v -0.0217972873 -0.00461573099 0.0325727503
v -0.0240989459 0.0113066775 0.0322851596
v -0.0224871207 -0.0087050143 0.0327351964
v -0.0240989459 -0.012166573 0.0322851596
v -0.0260786167 0.0141901957 0.0344702513
v -0.0260786167 -0.015050092 0.0344702513
v -0.0279637028 0.0174874183 0.041703899
v -0.0276292932 0.0157724039 0.0428332195
v -0.0278414056 0.0165606428 0.03855572
v -0.0260728862 0.0142828734 0.0462957552
v -0.0282923749 0.0169657489 0.0357964148
v -0.0234626229 0.011795863 0.0498318401
v -0.0242021297 0.0127809209 0.0499502933
v -0.0210014084 -0.000448101364 0.054273665
v -0.0211724324 -0.00234751622 0.0543587178
v -0.0211743401 -0.00426412905 0.0543596574
v -0.0223667313 -0.00816041334 0.0554631802
v -0.0207921648 -0.00803811698 0.0569833108
v -0.021505881 -0.00632883488 0.0552893159
v -0.020824654 -0.00450394432 0.0547007515
v -0.0238944788 0.00613010318 0.053216954
v -0.0231368196 0.00310518015 0.0521707501
v -0.0227890341 0.00767791579 0.0556714699
v -0.0229896784 -0.000447145945 0.0511637269
v -0.0208523595 0.00914833829 0.0607047351
v -0.0224183267 0.00891712138 0.0575345739
v -0.0187819197 0.00863335598 0.0625697469
v -0.0171624492 0.00930980733 0.0653328961
v -0.0161439508 0.00973688938 0.0630159397
v -0.016778366 0.0106751311 0.0644644005
v -0.0228950938 0.00873272161 0.0557240335
v -0.0172923918 -0.00897540389 0.0532093229
v -0.0173286966 -0.00845755545 0.0552730571
v -0.0161726173 -0.00848144097 0.0576779137
v -0.0156614532 -0.00813270515 0.061864637
v -0.020528464 -0.00888463661 0.0578804516
v -0.0193771613 -0.00867730611 0.0605098283
v -0.0172532182 -0.00918560051 0.0632844242
v -0.0166560688 -0.00904801699 0.0630169078
v -0.0262525094 -0.0166323003 0.0428332195
v -0.0265859581 -0.0183473146 0.041703899
v -0.0260728862 -0.0151427688 0.0462957552
v -0.0264636608 -0.0174205374 0.03855572
v -0.022994455 -0.0114155972 0.0500945727
v -0.0234626229 -0.0126557584 0.0498318401
v -0.0242021297 -0.0136408172 0.0499502933
v -0.0269146302 -0.0178256453 0.0357964148
v -0.0180385901 -0.0105920083 0.0535781225
v -0.018084448 -0.0120939599 0.0533487902
v -0.0175904896 -0.00977606205 0.0538704684
v -0.0182029226 0.00963847942 0.0554526731
v -0.0161850393 0.00990026976 0.0593145613
v -0.0181618413 0.0113802463 0.0549185801
v -0.0195128344 0.0138357267 0.0540548682
v -0.0195118805 0.0133732938 0.0550714588
v -0.0224852058 0.00392303681 0.0303762119
v -0.022801456 -0.000449056812 0.0303523219
v -0.0233680311 0.00834576878 0.0297742645
v -0.0224852058 -0.00478293271 0.0303762119
v -0.0251795468 0.0121551076 0.0301192026
v -0.0233680311 -0.00920566424 0.0297742645
v -0.027825161 0.0151112389 0.031024003
v -0.0251795468 -0.0130150039 0.0301192026
v -0.027825161 -0.0159711352 0.031024003
v -0.0302538933 0.0181543156 0.0323568295
v -0.0302538933 -0.0190142119 0.0323568295
v -0.0297379527 0.019067717 0.0405267986
v -0.0306790578 0.0179660949 0.0425647635
v -0.0293118272 0.0184438141 0.0440523765
v -0.0276636902 0.0173364598 0.0499388466
v -0.0305949802 0.019669643 0.0368903987
v -0.0220189529 0.014119493 0.0514522573
v -0.0232361807 0.0152268482 0.0528194808
v -0.0326635087 0.0208687203 0.034509432
v -0.0231368196 -0.00396507605 0.0521707501
v -0.0238944788 -0.00698999907 0.053216954
v -0.0227890341 -0.00853781214 0.0556714699
v -0.032933901 0.00714191408 0.0425657031
v -0.0325068181 0.00434151962 0.0402287008
v -0.0252254118 0.00899833373 0.0542688813
v -0.0333762675 0.00955248961 0.0456766093
v -0.0327170156 -0.00044523505 0.0396573349
v -0.0325068181 -0.00520141552 0.0402287008
v -0.0224641847 0.0109101698 0.0607324407
v -0.0232715316 0.0107496555 0.0577046511
v -0.021223074 0.0117805758 0.0631984317
v -0.02431392 0.0102786242 0.0561625667
v -0.0176707445 0.0102948662 0.0660284386
v -0.0183596169 0.0115197403 0.0658708047
v -0.016142043 0.0109321448 0.0602212979
v -0.0176353936 0.0122678499 0.0650787342
v -0.0181522881 -0.0093728664 0.0569594209
v -0.01694939 -0.00911776398 0.0608213091
v -0.0228950938 -0.00959261795 0.0557240335
v -0.0224183267 -0.00977701772 0.0575345739
v -0.0208523595 -0.0100082346 0.0607047351
v -0.0187819197 -0.00949325232 0.0625697469
v -0.0171624492 -0.0101697037 0.0653328961
v -0.0161439508 -0.0105967857 0.0630159397
v -0.016778366 -0.0115350274 0.0644644005
v -0.0293118272 -0.0193037105 0.0440523765
v -0.0306790578 -0.0188259895 0.0425647635
v -0.0276636902 -0.0181963562 0.0499388466
v -0.0283611618 -0.0199276133 0.0405267986
v -0.0232361807 -0.0160867445 0.0528194808
v -0.0220189529 -0.0149793885 0.0514522573
v -0.0305949802 -0.0205295394 0.0368903987
v -0.0195128344 -0.0146956231 0.0540548682
v -0.0326635087 -0.0217286166 0.034509432
v -0.0182029226 -0.0104983749 0.0554526731
v -0.0181618413 -0.0122401426 0.0549185801
v -0.0195118805 -0.0142331901 0.0550714588
v -0.016709572 0.011210178 0.0574524255
v -0.0184905134 0.0133494083 0.0582521271
v -0.0213912291 0.0148733349 0.0554966375
v -0.0219396519 0.0134143778 0.0583266444
v -0.0222836076 0.0153405444 0.0574686558
v -0.0244562774 0.00473707169 0.0284978172
v -0.0243225192 -0.000449056812 0.0285035405
v -0.0257394375 0.00932987194 0.0285140476
v -0.0244562774 -0.00559696758 0.0284978172
v -0.0277410834 0.0134287093 0.0289277511
v -0.0257394375 -0.0101897683 0.0285140476
v -0.0302022979 0.0169093769 0.0301860603
v -0.0277410834 -0.0142886056 0.0289277511
v -0.0329912269 0.0199209254 0.0316001241
v -0.0302022979 -0.0177692732 0.0301860603
v -0.0329912269 -0.02078082 0.0316001241
v -0.0359282475 0.0224623948 0.0332339243
v -0.0359282475 -0.0233222911 0.0332339243
v -0.0316908718 0.0213397533 0.0426077597
v -0.0320692245 0.0196400244 0.0435392975
v -0.0329214791 0.022335321 0.0381143109
v -0.029723623 0.019985895 0.0465575482
v -0.0272920289 0.0199830279 0.051749387
v -0.0244734759 0.0167727499 0.0536822531
v -0.0271897919 0.0188107041 0.0545201672
v -0.035166762 0.0236977786 0.0361728455
v -0.0224813831 0.016018908 0.0560345461
v -0.0386980703 0.0252054642 0.0351992796
v -0.032933901 -0.00800181043 0.0425657031
v -0.0333762675 -0.0104123851 0.0456766093
v -0.0252254118 -0.00985823007 0.0542688813
v -0.0332883673 0.00701866249 0.0382585903
v -0.032547903 0.00347589081 0.0369773308
v -0.0341348878 0.0100034572 0.0400767903
v -0.0324437581 -0.00044523505 0.0356234902
v -0.0270674946 0.0116076405 0.055172742
v -0.0340269238 0.0115799332 0.0491477442
v -0.0253563012 0.012080584 0.0564253278
v -0.0350922375 0.0122210337 0.0430252789
v -0.032547903 -0.00433578693 0.0369773308
v -0.0332883673 -0.00787855839 0.0382585903
v -0.0219759566 0.0127885645 0.0628401392
v -0.0241285663 0.0131812504 0.0586314336
v -0.0220877469 0.0134669272 0.0617270491
v -0.0206278323 0.0135596049 0.0629309153
v -0.0172474878 0.0129022625 0.0614136606
v -0.0206574527 0.0136303075 0.0613229129
v -0.0161850393 -0.0107601652 0.0593145613
v -0.02431392 -0.0111385197 0.0561625667
v -0.0232715316 -0.0116095519 0.0577046511
v -0.0224641847 -0.0117700661 0.0607324407
v -0.021223074 -0.0126404713 0.0631984317
v -0.0183596169 -0.0123796366 0.0658708047
v -0.0176707445 -0.0111547625 0.0660284386
v -0.016142043 -0.0117920412 0.0602212979
v -0.0176353936 -0.0131277463 0.0650787342
v -0.029723623 -0.0208457913 0.0465575482
v -0.0320692245 -0.0204999207 0.0435392975
v -0.0272920289 -0.0208429243 0.051749387
v -0.0316908718 -0.0221996497 0.0426077597
v -0.0244734759 -0.0176326463 0.0536822531
v -0.0271897919 -0.0196705987 0.0545201672
v -0.0329214791 -0.0231952173 0.0381143109
v -0.0213912291 -0.0157332304 0.0554966375
v -0.0224813831 -0.0168788044 0.0560345461
v -0.035166762 -0.0245576749 0.0361728455
v -0.0386980703 -0.0260653588 0.0351992796
v -0.016709572 -0.0120700734 0.0574524255
v -0.0184905134 -0.0142093037 0.0582521271
v -0.0219396519 -0.0142742741 0.0583266444
v -0.0222836076 -0.0162004408 0.0574686558
v -0.0208112782 0.0155708057 0.0604582329
v -0.0227842575 0.0172905984 0.0556705302
v -0.0227364847 0.0172428255 0.0569269317
v -0.021278485 0.0174501561 0.0604391266
v -0.025813962 0.00452305327 0.027986646
v -0.0256754201 -0.000448101364 0.0280908051
v -0.0269738639 0.00914260605 0.0281605387
v -0.025813962 -0.00538294917 0.027986646
v -0.0291752002 0.0131124591 0.0286392207
v -0.0269738639 -0.0100025015 0.0281605387
v -0.0319975689 0.0163160501 0.029454213
v -0.0291752002 -0.0139723546 0.0286392207
v -0.0349603872 0.0191689931 0.0306676182
v -0.0319975689 -0.0171759447 0.029454213
v -0.0379595138 0.0215480395 0.0326052395
v -0.0349603872 -0.0200288894 0.0306676182
v -0.0379595138 -0.0224079341 0.0326052395
v -0.0420535745 0.0238449161 0.0351562834
v -0.0420535745 -0.0247048125 0.0351562834
v -0.0339371122 0.0239022439 0.0417975226
v -0.0329558761 0.0233490428 0.0450517686
v -0.0352766373 0.024880613 0.0389235799
v -0.0317157157 0.0225225877 0.0476008762
v -0.0377837132 0.0263577243 0.0378162131
v -0.0306064483 0.0230136845 0.0531347771
v -0.0303532545 0.0214419851 0.0555692471
v -0.0247362228 0.018342538 0.0563727642
v -0.0257623665 0.0188575195 0.0568791517
v -0.0269241833 0.0200346217 0.0566871208
v -0.0427080499 0.0276523454 0.0374120769
v -0.045838073 0.0258828703 0.0369190438
v -0.0341348878 -0.0108633535 0.0400767903
v -0.0350922375 -0.0130809291 0.0430252789
v -0.0340269238 -0.0124398296 0.0491477442
v -0.0270674946 -0.0124675369 0.055172742
v -0.0253563012 -0.0129404795 0.0564253278
v -0.0304029422 0.00849863946 0.0304622044
v -0.0293710609 0.00445999419 0.0302434076
v -0.0325326158 0.0115054088 0.0315322983
v -0.0290729631 -0.000447145945 0.029523007
v -0.0349890501 0.0139045189 0.0331785133
v -0.0293710609 -0.00531989009 0.0302434076
v -0.0294131033 0.0138242613 0.0558740363
v -0.0338606764 0.0140478347 0.0508111577
v -0.0261932686 0.0126261398 0.0568390314
v -0.0282274036 0.0145255548 0.0575919212
v -0.0368512038 0.0142895613 0.0456498719
v -0.0253285956 0.0130885727 0.0579444619
v -0.0375047253 0.0161373826 0.0347741009
v -0.0304029422 -0.00935853492 0.0304622044
v -0.0325326158 -0.0123653051 0.0315322983
v -0.0239871556 0.0125554371 0.063513728
v -0.0235791897 0.0138414598 0.0642561107
v -0.023256248 0.0145188669 0.0641118313
v -0.0251375115 0.0127637233 0.0610066485
v -0.0207711507 0.0154074253 0.0641596112
v -0.0229285298 0.0147347957 0.0648991181
v -0.0204319645 0.0155010596 0.0628439547
v -0.0241285663 -0.0140411468 0.0586314336
v -0.0219759566 -0.0136484608 0.0628401392
v -0.0220877469 -0.0143268235 0.0617270491
v -0.0206278323 -0.0144195012 0.0629309153
v -0.0172474878 -0.0137621579 0.0614136606
v -0.0206574527 -0.0144902039 0.0613229129
v -0.0317157157 -0.0233824841 0.0476008762
v -0.0329558761 -0.0242089391 0.0450517686
v -0.0306064483 -0.0238735791 0.0531347771
v -0.0339371122 -0.0247621384 0.0417975226
v -0.0303532545 -0.0223018814 0.0555692471
v -0.0352766373 -0.0257405093 0.0389235799
v -0.0227842575 -0.0181504947 0.0556705302
v -0.0247362228 -0.0192024344 0.0563727642
v -0.0257623665 -0.0197174158 0.0568791517
v -0.0269241833 -0.020894518 0.0566871208
v -0.0377837132 -0.0272176206 0.0378162131
v -0.0227364847 -0.0181027219 0.0569269317
v -0.0427080499 -0.0285122417 0.0374120769
v -0.045838073 -0.0267427667 0.0369190438
v -0.0208112782 -0.016430702 0.0604582329
v -0.021278485 -0.0183100524 0.0604391266
v -0.020562861 0.0170030112 0.0624446022
v -0.0245565996 0.017871505 0.0578250406
v -0.0228167467 0.0181113211 0.0613582495
v -0.0228884024 0.0177778725 0.063717234
v -0.0268659035 0.00444948405 0.027591109
v -0.0270875619 -0.000448101364 0.0282350561
v -0.0275710133 0.0091445165 0.0274621203
v -0.0268659035 -0.00530938039 0.027591109
v -0.0303379709 0.0122783596 0.0283115096
v -0.0275710133 -0.0100044128 0.0274621203
v -0.0331479176 0.0151876746 0.0294360464
v -0.0303379709 -0.013138256 0.0283115096
v -0.0360562788 0.0179183221 0.0307775007
v -0.0331479176 -0.016047571 0.0294360464
v -0.0385776844 0.0208180822 0.0328479263
v -0.0360562788 -0.0187782185 0.0307775007
v -0.0424835227 0.0233585977 0.0349202881
v -0.0385776844 -0.0216779786 0.0328479263
v -0.0424835227 -0.024218494 0.0349202881
v -0.046145724 0.0254729859 0.0371990035
v -0.046145724 -0.0263328822 0.0371990035
v -0.0361355798 0.0265163263 0.0429306871
v -0.0352699494 0.0260061215 0.045623106
v -0.0375945369 0.0273303612 0.0406414648
v -0.0340565407 0.0251920866 0.048250575
v -0.0415089745 0.0287014181 0.0394863181
v -0.0464791726 0.0295699137 0.0397891995
v -0.0335864651 0.0258981575 0.0535781225
v -0.0335883764 0.0238563824 0.0564004697
v -0.0367480164 0.0273351395 0.0493206689
v -0.0308749256 0.0225407419 0.0586381251
v -0.0299357283 0.0217945418 0.0584365268
v -0.0284356862 0.0207110739 0.0571820332
v -0.0261579177 0.0170068321 0.0593824157
v -0.0271439339 0.0197250594 0.0583381195
v -0.0282809069 0.0204559706 0.058637157
v -0.0496149262 0.0278128587 0.0393726201
v -0.049799326 0.0274631673 0.0395751865
v -0.0349890501 -0.0147644144 0.0331785133
v -0.0375047253 -0.0169972789 0.0347741009
v -0.0368512038 -0.0151494567 0.0456498719
v -0.0338606764 -0.014907731 0.0508111577
v -0.0294131033 -0.0146841577 0.0558740363
v -0.0282274036 -0.0153854502 0.0575919212
v -0.0261932686 -0.0134860361 0.0568390314
v -0.0253285956 -0.0139484691 0.0579444619
v -0.0321447064 0.0155249442 0.0565342422
v -0.0370480255 0.0157704926 0.0503553976
v -0.0295258474 0.0147787468 0.0584852464
v -0.031677496 0.0154379996 0.0580161318
v -0.0286277314 0.0146870238 0.0577896754
v -0.0401302722 0.0160810105 0.0460138878
v -0.0272920289 0.014965057 0.0594282593
v -0.0408745628 0.0183950874 0.0368216047
v -0.0266967873 0.0144796933 0.0621656107
v -0.0260241595 0.0144548521 0.0641901927
v -0.024711386 0.0148035879 0.0640678954
v -0.0236107179 0.0165596872 0.0654341793
v -0.0214753067 0.0166084139 0.0644758472
v -0.0251375115 -0.0136236196 0.0610066485
v -0.0239871556 -0.0134153335 0.063513728
v -0.0235791897 -0.0147013553 0.0642561107
v -0.023256248 -0.0153787623 0.0641118313
v -0.0207711507 -0.0162673216 0.0641596112
v -0.0229285298 -0.0155946921 0.0648991181
v -0.0204319645 -0.0163609541 0.0628439547
v -0.0340565407 -0.0260519829 0.048250575
v -0.0352699494 -0.0268660178 0.045623106
v -0.0361355798 -0.0273762227 0.0429306871
v -0.0335883764 -0.0247162787 0.0564004697
v -0.0335864651 -0.0267580538 0.0535781225
v -0.0367480164 -0.0281950359 0.0493206689
v -0.0375945369 -0.0281902575 0.0406414648
v -0.0299357283 -0.0226544381 0.0584365268
v -0.0308749256 -0.0234006365 0.0586381251
v -0.0284356862 -0.0215709702 0.0571820332
v -0.0415089745 -0.0295613144 0.0394863181
v -0.0245565996 -0.0187314013 0.0578250406
v -0.0261579177 -0.0178667284 0.0593824157
v -0.0271439339 -0.0205849557 0.0583381195
v -0.0282809069 -0.0213158669 0.058637157
v -0.0464791726 -0.03042981 0.0397891995
v -0.0228167467 -0.0189712175 0.0613582495
v -0.0496149262 -0.0286727551 0.0393726201
v -0.049799326 -0.0283230636 0.0395751865
v -0.020562861 -0.0178629075 0.0624446022
v -0.0228884024 -0.0186377688 0.063717234
v -0.0251967452 0.0173832752 0.0626557394
v -0.0258292456 0.0163963068 0.0641032321
v -0.0439587209 0.0208333694 0.0376700259
v -0.0408745628 -0.019254982 0.0368216047
v -0.0470400173 0.0230385248 0.0394433218
v -0.0439587209 -0.0216932657 0.0376700259
v -0.0470400173 -0.0238984212 0.0394433218
v -0.0501423313 0.0249102316 0.0416656865
v -0.0501423313 -0.025770128 0.0416656865
v -0.0383178027 0.028840912 0.0445663951
v -0.037598356 0.0284090543 0.047682085
v -0.0405678658 0.0300103724 0.0429698678
v -0.0451272256 0.0306189863 0.0414086772
v -0.0503802344 0.0312744192 0.0421070956
v -0.0533459214 0.0297858434 0.0418921144
v -0.0372792406 0.028875309 0.0551498201
v -0.0366304957 0.0260624935 0.0576416089
v -0.0369209517 0.0292517521 0.0510280467
v -0.0350282237 0.0246541744 0.0594101212
v -0.0332148003 0.0240168958 0.0585139201
v -0.0314997806 0.0231254712 0.0584327113
v -0.0404885648 0.0303543281 0.0495499726
v -0.0320482034 0.0202199771 0.0602451594
v -0.0301382804 0.0204301746 0.0598161652
v -0.0257919869 0.0196782423 0.0624646482
v -0.025995493 0.0189301326 0.0644166206
v -0.0272461639 0.020809483 0.0626509557
v -0.0287261387 0.0210617193 0.0630771026
v -0.0535207645 0.0292832821 0.0419771672
v -0.0532475106 0.0268669735 0.043659687
v -0.0401302722 -0.0169409069 0.0460138878
v -0.0370480255 -0.0166303889 0.0503553976
v -0.0321447064 -0.0163848405 0.0565342422
v -0.031677496 -0.016297896 0.0580161318
v -0.0295258474 -0.0156386422 0.0584852464
v -0.0286277314 -0.0155469193 0.0577896754
v -0.0272920289 -0.0158249533 0.0594282593
v -0.0266967873 -0.0153395888 0.0621656107
v -0.035121858 0.0167861257 0.0571849091
v -0.0427921311 0.0166686068 0.0488352954
v -0.0330896378 0.0161459818 0.0581995634
v -0.0343479505 0.0170612928 0.0588206171
v -0.0433548835 0.0178571735 0.0451644985
v -0.0280802625 0.0156950125 0.060583406
v -0.0276503143 0.0153185694 0.0603713007
v -0.0312427713 0.0154379996 0.059081442
v -0.0325440803 0.0167775265 0.0597235097
v -0.02630219 0.0155106127 0.0638567298
v -0.0260241595 -0.0153147485 0.0641901927
v -0.024711386 -0.0156634843 0.0640678954
v -0.0236107179 -0.0174195817 0.0654341793
v -0.0214753067 -0.0174683102 0.0644758472
v -0.037598356 -0.0292689506 0.047682085
v -0.0383178027 -0.0297008084 0.0445663951
v -0.0405678658 -0.0308702688 0.0429698678
v -0.0366304957 -0.0269223899 0.0576416089
v -0.0372792406 -0.0297352054 0.0551498201
v -0.0332148003 -0.0248767921 0.0585139201
v -0.0350282237 -0.0255140708 0.0594101212
v -0.0314997806 -0.0239853658 0.0584327113
v -0.0369209517 -0.0301116485 0.0510280467
v -0.0404885648 -0.0312142244 0.0495499726
v -0.0451272256 -0.0314788827 0.0414086772
v -0.0301382804 -0.021290071 0.0598161652
v -0.0320482034 -0.0210798734 0.0602451594
v -0.0503802344 -0.0321343155 0.0421070956
v -0.0251967452 -0.0182431715 0.0626557394
v -0.0257919869 -0.0205381386 0.0624646482
v -0.025995493 -0.0197900289 0.0644166206
v -0.0272461639 -0.0216693793 0.0626509557
v -0.0287261387 -0.0219216156 0.0630771026
v -0.0533459214 -0.030645738 0.0418921144
v -0.0535207645 -0.0301431767 0.0419771672
v -0.0532475106 -0.0277268698 0.043659687
v -0.0258292456 -0.0172562031 0.0641032321
v -0.0266700356 0.0183664245 0.0658822798
v -0.0279617879 0.0178017589 0.0659950097
v -0.0280506421 0.0163552219 0.0648714126
v -0.028245556 0.0152535998 0.0651876485
v -0.0463702512 0.0201225219 0.0450431693
v -0.0433548835 -0.0187170698 0.0451644985
v -0.0493187398 0.0223496524 0.0459756752
v -0.0463702512 -0.0209824183 0.0450431693
v -0.0493187398 -0.0232095488 0.0459756752
v -0.0522662744 0.0239786779 0.0478177652
v -0.0522662744 -0.0248385742 0.0478177652
v -0.0414927299 0.0310756861 0.0467218735
v -0.0435010672 0.0321868649 0.0450670593
v -0.0488696853 0.032412346 0.0430825977
v -0.0542975372 0.0332875295 0.0439358026
v -0.0569498393 0.0322890949 0.0440495006
v -0.0572746887 0.0312667738 0.0440342099
v -0.0411029127 0.0307259964 0.0578049662
v -0.040883162 0.0276829197 0.0597416478
v -0.0396191117 0.0311330121 0.0529293633
v -0.0422054887 0.0328174539 0.055093441
v -0.0371922943 0.0250525926 0.0599642602
v -0.0388012577 0.0254959166 0.0607592065
v -0.0410914482 0.0323865518 0.0512898397
v -0.0351925597 0.0237130657 0.0610324462
v -0.0331460063 0.0237617942 0.0597598144
v -0.0369973875 0.0246044921 0.0608958264
v -0.0320711394 0.0225932895 0.059742616
v -0.0445482285 0.0329989884 0.0482324368
v -0.0306953024 0.0204120204 0.0637315851
v -0.0308682413 0.0231770649 0.0635806142
v -0.0310488184 0.0224528399 0.0650548442
v -0.0272767382 0.0198215589 0.0654590089
v -0.0285589374 0.0179479408 0.0662634942
v -0.0293318874 0.0202429078 0.0656758979
v -0.0307736496 0.0203183879 0.0656271783
v -0.0563460019 0.0285275289 0.046067391
v -0.0532494219 0.0252580118 0.0502579584
v -0.0427921311 -0.0175285032 0.0488352954
v -0.035121858 -0.0176460221 0.0571849091
v -0.0343479505 -0.0179211891 0.0588206171
v -0.0330896378 -0.0170058764 0.0581995634
v -0.0325440803 -0.0176374228 0.0597235097
v -0.0312427713 -0.016297896 0.059081442
v -0.0280802625 -0.0165549088 0.060583406
v -0.0276503143 -0.0161784657 0.0603713007
v -0.02630219 -0.0163705091 0.0638567298
v -0.0382012395 0.0177931596 0.0577725054
v -0.0461266141 0.018067371 0.0480843418
v -0.0367719028 0.017459711 0.058737472
v -0.0382117501 0.018374068 0.0589352548
v -0.0336800993 0.0174998402 0.0600225471
v -0.0356760112 0.0181361632 0.0604945376
v -0.0279445894 0.0144529417 0.0645943289
v -0.0301048445 0.0147367071 0.0629987412
v -0.031893424 0.0160055322 0.0640401899
v -0.0313316254 0.0183463589 0.0654102893
v -0.0414927299 -0.0319355825 0.0467218735
v -0.0435010672 -0.0330467612 0.0450670593
v -0.0488696853 -0.0332722424 0.0430825977
v -0.040883162 -0.028542816 0.0597416478
v -0.0411029127 -0.0315858928 0.0578049662
v -0.0371922943 -0.025912489 0.0599642602
v -0.0388012577 -0.026355813 0.0607592065
v -0.0422054887 -0.0336773502 0.055093441
v -0.0396191117 -0.0319929084 0.0529293633
v -0.0320711394 -0.0234531858 0.059742616
v -0.0331460063 -0.0246216888 0.0597598144
v -0.0351925597 -0.0245729621 0.0610324462
v -0.0369973875 -0.0254643884 0.0608958264
v -0.0410914482 -0.0332464482 0.0512898397
v -0.0445482285 -0.0338588848 0.0482324368
v -0.0542975372 -0.0341474259 0.0439358026
v -0.0306953024 -0.0212719168 0.0637315851
v -0.0308682413 -0.0240369595 0.0635806142
v -0.0310488184 -0.0233127362 0.0650548442
v -0.0569498393 -0.0331489912 0.0440495006
v -0.0279617879 -0.0186616552 0.0659950097
v -0.0266700356 -0.019226319 0.0658822798
v -0.0272767382 -0.0206814552 0.0654590089
v -0.0285589374 -0.0188078371 0.0662634942
v -0.0293318874 -0.0211028042 0.0656758979
v -0.0307736496 -0.0211782843 0.0656271783
v -0.0572746887 -0.0321266702 0.0440342099
v -0.0563460019 -0.0293874252 0.046067391
v -0.0532494219 -0.0261179081 0.0502579584
v -0.0280506421 -0.0172151182 0.0648714126
v -0.028245556 -0.0161134962 0.0651876485
v -0.0290127755 0.0170775356 0.0655325866
v -0.0294465464 0.0155287669 0.0657274934
v -0.0492862541 0.0192052996 0.0489614367
v -0.0461266141 -0.0189272673 0.0480843418
v -0.0498748079 0.0200575524 0.0518745601
v -0.0492862541 -0.020065196 0.0489614367
v -0.0498748079 -0.0209174487 0.0518745601
v -0.0527420805 0.0211945253 0.054239268
v -0.0527420805 -0.0220544217 0.054239268
v -0.0471861974 0.0336964601 0.0459527534
v -0.0525309291 0.0338369097 0.0453995541
v -0.0580399969 0.035248094 0.0463435066
v -0.0604085345 0.0348496741 0.0465900089
v -0.0609837089 0.0330515378 0.0465078605
v -0.0594511812 0.0301880843 0.0484473896
v -0.0448797659 0.0322976941 0.062229621
v -0.0437179526 0.0283641485 0.0621694263
v -0.0446370827 0.0339821359 0.0578202569
v -0.0424099522 0.0267943604 0.0620375901
v -0.0413618369 0.0260644031 0.0615197275
v -0.0406796524 0.0259258648 0.0614347031
v -0.0437533035 0.0342229078 0.0537682456
v -0.0465861827 0.0351506371 0.0566527238
v -0.0388366086 0.0243713638 0.0620557283
v -0.0396019168 0.024278687 0.0624340952
v -0.0475865287 0.0346375688 0.0500878812
v -0.0335874189 0.0246073573 0.063637933
v -0.0321743233 0.024139193 0.0630035249
v -0.036144179 0.0251968649 0.0638510064
v -0.038047414 0.0247478069 0.0647061191
v -0.0502292741 0.0348955355 0.0485505806
v -0.0321189087 0.0231512672 0.0660026408
v -0.0316937406 0.0219349914 0.0655727069
v -0.0325517221 0.0226802359 0.0659587049
v -0.0301879681 0.0190715379 0.0660599881
v -0.0305376543 0.0182326627 0.0650539046
v -0.0316927796 0.0191709044 0.0653434031
v -0.0558826142 0.0264542238 0.0530812738
v -0.0551985184 0.0224595296 0.0569833108
v -0.0382012395 -0.018653056 0.0577725054
v -0.0382117501 -0.0192339626 0.0589352548
v -0.0367719028 -0.0183196073 0.058737472
v -0.0356760112 -0.0189960578 0.0604945376
v -0.0336800993 -0.0183597348 0.0600225471
v -0.0313316254 -0.0192062553 0.0654102893
v -0.031893424 -0.0168654268 0.0640401899
v -0.0301048445 -0.0155966034 0.0629987412
v -0.0279445894 -0.0153128371 0.0645943289
v -0.0413312626 0.0186014623 0.0583476584
v -0.0396458669 0.0190495628 0.0596432405
v -0.0375324308 0.0183501816 0.0611595272
v -0.0386073013 0.0195196402 0.0611767257
v -0.0345256624 0.0170813565 0.0626567075
v -0.0362129694 0.0175256362 0.0631850488
v -0.0307755573 0.0164670086 0.0656271783
v -0.0327829408 0.017927877 0.0667670058
v -0.0338501658 0.0190982913 0.0667794206
v -0.0471861974 -0.0345563564 0.0459527534
v -0.0525309291 -0.0346968061 0.0453995541
v -0.0580399969 -0.0361079904 0.0463435066
v -0.0437179526 -0.0292240448 0.0621694263
v -0.0448797659 -0.0331575905 0.062229621
v -0.0413618369 -0.0269242994 0.0615197275
v -0.0424099522 -0.0276542567 0.0620375901
v -0.0406796524 -0.0267857611 0.0614347031
v -0.0446370827 -0.0348420323 0.0578202569
v -0.0388366086 -0.0252312602 0.0620557283
v -0.0396019168 -0.0251385833 0.0624340952
v -0.0437533035 -0.0350828041 0.0537682456
v -0.0465861827 -0.0360105334 0.0566527238
v -0.0321743233 -0.0249990876 0.0630035249
v -0.0335874189 -0.0254672536 0.063637933
v -0.036144179 -0.0260567613 0.0638510064
v -0.038047414 -0.0256077033 0.0647061191
v -0.0475865287 -0.0354974616 0.0500878812
v -0.0502292741 -0.0357554319 0.0485505806
v -0.0604085345 -0.0357095704 0.0465900089
v -0.0321189087 -0.0240111635 0.0660026408
v -0.0316937406 -0.0227948878 0.0655727069
v -0.0325517221 -0.0235401322 0.0659587049
v -0.0609837089 -0.0339114342 0.0465078605
v -0.0290127755 -0.017937432 0.0655325866
v -0.0301879681 -0.0199314342 0.0660599881
v -0.0305376543 -0.0190925573 0.0650539046
v -0.0316927796 -0.0200308008 0.0653434031
v -0.0594511812 -0.0310479806 0.0484473896
v -0.0558826142 -0.0273141201 0.0530812738
v -0.0551985184 -0.0233194241 0.0569833108
v -0.0294465464 -0.0163886632 0.0657274934
v -0.0444889912 0.0192540281 0.0589734673
v -0.0413312626 -0.0194613586 0.0583476584
v -0.0476323902 0.019985895 0.059673822
v -0.0444889912 -0.0201139227 0.0589734673
v -0.0476323902 -0.0208457913 0.059673822
v -0.0506659102 0.0209556666 0.0605681153
v -0.0506659102 -0.021815563 0.0605681153
v -0.0560498155 0.0354602029 0.04783018
v -0.0617356377 0.0376280961 0.0483184009
v -0.0642761549 0.0369143799 0.0486241582
v -0.0645981373 0.0353856784 0.0485171517
v -0.0625850252 0.0319097847 0.0507490552
v -0.0597798533 0.0274125292 0.0563412431
v -0.0481139303 0.0332865756 0.0666380171
v -0.0485410132 0.0300514538 0.0663456426
v -0.0468479722 0.034663363 0.0610018648
v -0.0473505334 0.0280813379 0.065243088
v -0.0459231081 0.0276361025 0.064023931
v -0.0442912157 0.0269768488 0.0632185061
v -0.0499789492 0.035970406 0.0586830291
v -0.0425628237 0.0258761824 0.0631306058
v -0.0414936873 0.0249379407 0.0626022361
v -0.0444679701 0.0258972018 0.0630532126
v -0.0408411197 0.0239070204 0.0633083141
v -0.0488247777 0.0352958668 0.0522175619
v -0.0520541656 0.0365732894 0.0543462745
v -0.0386846945 0.0242309142 0.0652211058
v -0.0400977901 0.0230127289 0.0653969064
v -0.0519089394 0.0360611715 0.0503210291
v -0.0337689535 0.023642364 0.0655793984
v -0.0353138995 0.0245337885 0.06603513
v -0.0373738288 0.0241162623 0.0660341904
v -0.0594626457 0.0375182172 0.0500649594
v -0.0342610042 0.0233413992 0.0664966135
v -0.033757489 0.020669989 0.0653357435
v -0.0356205966 0.0211142687 0.0654752393
v -0.0370107633 0.0216063211 0.0656329016
v -0.0571858346 0.0240742217 0.059991026
v -0.0534261763 0.0221872277 0.0619114488
v -0.0396458669 -0.0199094592 0.0596432405
v -0.0386073013 -0.0203795366 0.0611767257
v -0.0375324308 -0.019210078 0.0611595272
v -0.0362129694 -0.0183855325 0.0631850488
v -0.0345256624 -0.0179412529 0.0626567075
v -0.0327829408 -0.0187877734 0.0667670058
v -0.0338501658 -0.0199581859 0.0667794206
v -0.0307755573 -0.0173269049 0.0656271783
v -0.041156416 0.0192635812 0.0611547435
v -0.0431303563 0.0196839763 0.061616227
v -0.039627711 0.0198034047 0.0621942559
v -0.0376833911 0.0183941318 0.0643124899
v -0.0396219805 0.0198244259 0.0661087077
v -0.035803085 0.018703694 0.0664918298
v -0.0376690613 0.0189091132 0.067091841
v -0.0560498155 -0.0363200957 0.04783018
v -0.0617356377 -0.0384879889 0.0483184009
v -0.0642761549 -0.0377742762 0.0486241582
v -0.0485410132 -0.0309113501 0.0663456426
v -0.0481139303 -0.034146472 0.0666380171
v -0.0459231081 -0.0284959989 0.064023931
v -0.0473505334 -0.0289412342 0.065243088
v -0.0442912157 -0.0278367451 0.0632185061
v -0.0468479722 -0.0355232593 0.0610018648
v -0.0408411197 -0.0247669168 0.0633083141
v -0.0414936873 -0.0257978353 0.0626022361
v -0.0425628237 -0.0267360788 0.0631306058
v -0.0444679701 -0.0267570982 0.0630532126
v -0.0499789492 -0.0368303023 0.0586830291
v -0.0386846945 -0.0250908105 0.0652211058
v -0.0400977901 -0.0238726252 0.0653969064
v -0.0488247777 -0.0361557632 0.0522175619
v -0.0520541656 -0.0374331858 0.0543462745
v -0.0337689535 -0.0245022603 0.0655793984
v -0.0353138995 -0.0253936849 0.06603513
v -0.0373738288 -0.0249761586 0.0660341904
v -0.0519089394 -0.0369210678 0.0503210291
v -0.0594626457 -0.0383781136 0.0500649594
v -0.0645981373 -0.0362455712 0.0485171517
v -0.0342610042 -0.0242012955 0.0664966135
v -0.033757489 -0.0215298853 0.0653357435
v -0.0356205966 -0.021974165 0.0654752393
v -0.0370107633 -0.0224662175 0.0656329016
v -0.0625850252 -0.0327696811 0.0507490552
v -0.0597798533 -0.0282724256 0.0563412431
v -0.0571858346 -0.024934118 0.059991026
v -0.0534261763 -0.0230471241 0.0619114488
v -0.0457014461 0.0194040309 0.0621197386
v -0.0431303563 -0.0205438708 0.061616227
v -0.041156416 -0.0201234776 0.0611547435
v -0.0480795333 0.0202257093 0.0622764328
v -0.0507270589 0.0211706407 0.0640879413
v -0.0457014461 -0.0202639272 0.0621197386
v -0.0507270589 -0.0220305353 0.0640879413
v -0.0480795333 -0.0210856057 0.0622764328
v -0.0654026173 0.0397768795 0.0503018943
v -0.0682230764 0.0390746313 0.0500754664
v -0.0683463293 0.0376605782 0.0503496743
v -0.0657370216 0.0336496412 0.0530258628
v -0.0618923319 0.0286765778 0.0596757297
v -0.0608881633 0.0264551795 0.0620872494
v -0.0504289611 0.0337365875 0.0708553503
v -0.0525538616 0.0311769622 0.0706250499
v -0.0487053493 0.0349366204 0.0645016449
v -0.0500572963 0.0350111449 0.0682488954
v -0.0533277655 0.0296367945 0.0699887625
v -0.0510261105 0.0284616037 0.0678246848
v -0.0485935626 0.0277096713 0.0661087077
v -0.0535408318 0.0371484638 0.0603149215
v -0.0483585248 0.0247764699 0.0652258895
v -0.0490407093 0.0266090049 0.0658153936
v -0.0465040129 0.0258800033 0.063796535
v -0.0552845073 0.0379319244 0.056378516
v -0.0418978377 0.0258303209 0.0652707936
v -0.0405688197 0.0248920793 0.0653701405
v -0.0436329176 0.0256201252 0.0660504208
v -0.0457329743 0.0253860413 0.0665252872
v -0.0555224139 0.0375507029 0.0520092722
v -0.0605738244 0.0390602981 0.0540137797
v -0.0388050768 0.0239528819 0.0664383266
v -0.0373642757 0.0236461849 0.0669552211
v -0.0396611541 0.022781512 0.0668224168
v -0.0410283883 0.0234417214 0.0681418889
v -0.0629968192 0.0395456644 0.0520035489
v -0.0361174274 0.0235554176 0.0671014083
v -0.0693332977 0.0414355236 0.0524076851
v -0.0372792406 0.0198024508 0.0671549116
v -0.0394929953 0.0213254218 0.0662892919
v -0.0560947195 0.0235372652 0.0634239199
v -0.0530631108 0.0213368863 0.0647376402
v -0.0545354438 0.0215891226 0.0652019996
v -0.039627711 -0.0206633011 0.0621942559
v -0.0396219805 -0.0206843205 0.0661087077
v -0.0376833911 -0.0192540281 0.0643124899
v -0.0376690613 -0.0197690095 0.067091841
v -0.035803085 -0.0195635904 0.0664918298
v -0.042843723 0.0190056127 0.0632681938
v -0.0454730962 0.0191259986 0.0643143977
v -0.0421424322 0.017927877 0.0652297051
v -0.0409777502 0.0177425216 0.0667163784
v -0.0411191537 0.0198292025 0.0674768994
v -0.0654026173 -0.0406367759 0.0503018943
v -0.0682230764 -0.0399345277 0.0500754664
v -0.0683463293 -0.0385204746 0.0503496743
v -0.0525538616 -0.0320368586 0.0706250499
v -0.0504289611 -0.0345964839 0.0708553503
v -0.0510261105 -0.0293214982 0.0678246848
v -0.0533277655 -0.0304966891 0.0699887625
v -0.0485935626 -0.0285695677 0.0661087077
v -0.0487053493 -0.0357965168 0.0645016449
v -0.0500572963 -0.0358710412 0.0682488954
v -0.0465040129 -0.0267398997 0.063796535
v -0.0483585248 -0.0256363663 0.0652258895
v -0.0490407093 -0.0274689013 0.0658153936
v -0.0535408318 -0.0380083602 0.0603149215
v -0.0405688197 -0.0257519756 0.0653701405
v -0.0418978377 -0.0266902173 0.0652707936
v -0.0436329176 -0.0264800198 0.0660504208
v -0.0457329743 -0.0262459376 0.0665252872
v -0.0552845073 -0.0387918207 0.056378516
v -0.0373642757 -0.0245060812 0.0669552211
v -0.0388050768 -0.0248127782 0.0664383266
v -0.0396611541 -0.0236414083 0.0668224168
v -0.0410283883 -0.0243016177 0.0681418889
v -0.0555224139 -0.0384105992 0.0520092722
v -0.0605738244 -0.0399201944 0.0540137797
v -0.0361174274 -0.0244153139 0.0671014083
v -0.0629968192 -0.0404055572 0.0520035489
v -0.0693332977 -0.0422954199 0.0524076851
v -0.0657370216 -0.0345095375 0.0530258628
v -0.0372792406 -0.0206623454 0.0671549116
v -0.0394929953 -0.0221853182 0.0662892919
v -0.0618923319 -0.0295364723 0.0596757297
v -0.0608881633 -0.0273150758 0.0620872494
v -0.0560947195 -0.0243971616 0.0634239199
v -0.0545354438 -0.022449019 0.0652019996
v -0.0530631108 -0.0221967827 0.0647376402
v -0.047595128 0.0204187084 0.0640831861
v -0.0454730962 -0.019985895 0.0643143977
v -0.042843723 -0.019865509 0.0632681938
v -0.0525194646 0.0213607727 0.0654867144
v -0.0492623713 0.0221021945 0.0656720823
v -0.047595128 -0.0212786047 0.0640831861
v -0.0525194646 -0.0222206691 0.0654867144
v -0.0492623713 -0.0229620908 0.0656720823
v -0.0723085379 0.0404523761 0.0522662815
v -0.0722817863 0.0389743091 0.0527143821
v -0.0687074853 0.0347847063 0.0559026815
v -0.0643736083 0.0312849298 0.0608346635
v -0.0633102042 0.0289440995 0.0637363403
v -0.0602566168 0.0252322158 0.0646898887
v -0.0525634148 0.033946785 0.0760109128
v -0.0557584056 0.0323340025 0.0763089821
v -0.0508808843 0.0350923572 0.0721853294
v -0.0516519265 0.0353808983 0.0761408127
v -0.0551182599 0.0293558952 0.0724050374
v -0.0559638266 0.0310861967 0.074868181
v -0.0560287943 0.0382500859 0.0633732926
v -0.0595801664 0.0392752722 0.0670316747
v -0.0544494548 0.0286956858 0.0692626101
v -0.055902678 0.0285093747 0.0702323889
v -0.0513901335 0.0284386729 0.0674902823
v -0.0598610657 0.0391080709 0.0589973573
v -0.0478693393 0.0244984376 0.0672552267
v -0.0484454676 0.0258828703 0.0684399867
v -0.0511168796 0.0272663473 0.0696390408
v -0.0638108541 0.0401475904 0.0564979374
v -0.0420602624 0.0244267802 0.067670838
v -0.0431972354 0.0243102152 0.0677138343
v -0.0451845515 0.0233901277 0.0693017908
v -0.0476925814 0.0231808858 0.0683396716
v -0.0669026593 0.0414221478 0.0533822475
v -0.0703737729 0.0426059361 0.055685821
v -0.0414554676 0.0218929526 0.0683339198
v -0.0424596363 0.0224308648 0.0683167213
v -0.0735104821 0.0425285464 0.0544494655
v -0.0758274243 0.0414001727 0.0556179666
v -0.0421481627 0.020815217 0.0670135081
v -0.0561186059 0.0229047631 0.0657322486
v -0.0542402112 0.0202094683 0.0683826394
v -0.0518602127 0.0193877898 0.0682345728
v -0.0421424322 -0.0187877734 0.0652297051
v -0.0409777502 -0.0186024179 0.0667163784
v -0.0411191537 -0.0206890988 0.0674768994
v -0.0450584352 0.0180243765 0.065524927
v -0.0437332398 0.0185183386 0.0670287988
v -0.043929104 0.0195731453 0.066878796
v -0.0723085379 -0.0413122725 0.0522662815
v -0.0722817863 -0.0398342055 0.0527143821
v -0.0687074853 -0.0356446027 0.0559026815
v -0.0557584056 -0.0331938988 0.0763089821
v -0.0525634148 -0.0348066814 0.0760109128
v -0.0559638266 -0.0319460931 0.074868181
v -0.0551182599 -0.0302157898 0.0724050374
v -0.0516519265 -0.0362407947 0.0761408127
v -0.0508808843 -0.0359522536 0.0721853294
v -0.0513901335 -0.0292985693 0.0674902823
v -0.0544494548 -0.0295555822 0.0692626101
v -0.055902678 -0.0293692711 0.0702323889
v -0.0560287943 -0.0391099822 0.0633732926
v -0.0595801664 -0.0401351685 0.0670316747
v -0.0478693393 -0.025358334 0.0672552267
v -0.0484454676 -0.0267427667 0.0684399867
v -0.0511168796 -0.0281262437 0.0696390408
v -0.0598610657 -0.0399679672 0.0589973573
v -0.0420602624 -0.0252866765 0.067670838
v -0.0431972354 -0.0251701115 0.0677138343
v -0.0451845515 -0.024250024 0.0693017908
v -0.0476925814 -0.0240407822 0.0683396716
v -0.0638108541 -0.0410074868 0.0564979374
v -0.0414554676 -0.022752849 0.0683339198
v -0.0424596363 -0.0232907611 0.0683167213
v -0.0669026593 -0.0422820441 0.0533822475
v -0.0703737729 -0.0434658324 0.055685821
v -0.0735104821 -0.0433884428 0.0544494655
v -0.0758274243 -0.0422600691 0.0556179666
v -0.0643736083 -0.0321448226 0.0608346635
v -0.0421481627 -0.0216751133 0.0670135081
v -0.0633102042 -0.0298039958 0.0637363403
v -0.0602566168 -0.0260921122 0.0646898887
v -0.0561186059 -0.0237646594 0.0657322486
v -0.0542402112 -0.0210693628 0.0683826394
v -0.0518602127 -0.0202476844 0.0682345728
v -0.0470562583 0.0181676914 0.0673565099
v -0.0450584352 -0.0188842729 0.065524927
v -0.048884015 0.0211926158 0.0672428119
v -0.0470562583 -0.0190275878 0.0673565099
v -0.048884015 -0.0220525121 0.0672428119
v -0.075597163 0.0396832453 0.0562485592
v -0.0714352657 0.0351477718 0.0594024616
v -0.0667918283 0.0332206504 0.0629997093
v -0.0652507032 0.0310221829 0.0661583954
v -0.0618264067 0.0276704978 0.066299799
v -0.0588301454 0.0275042522 0.0719292313
v -0.0530583343 0.0348592308 0.0836735263
v -0.0547991446 0.0345114488 0.0827391127
v -0.0522528986 0.0357898289 0.0800906012
v -0.0566956917 0.0317712464 0.0772759135
v -0.0567702161 0.0325164909 0.0796205469
v -0.0604324174 0.0400883531 0.0712222136
v -0.0577371225 0.039692802 0.0753535544
v -0.0591769698 0.0260519829 0.0689826505
v -0.0592658275 0.0296817003 0.0749665882
v -0.0596967296 0.0310202715 0.0777402159
v -0.0622267345 0.0401542783 0.0622095466
v -0.0633216704 0.0412912513 0.0662032994
v -0.0533822262 0.027409664 0.0708935629
v -0.0552921527 0.0271994665 0.0712843446
v -0.0662606023 0.0409320049 0.0599088491
v -0.0484588434 0.0245423878 0.0696084594
v -0.0506620875 0.0259717263 0.0708362156
v -0.0528414488 0.0263548573 0.0718145936
v -0.0726610964 0.0426556202 0.0601343373
v -0.0432956462 0.0229687787 0.0686922123
v -0.0451205377 0.0227585812 0.0692731456
v -0.0479945018 0.0222942378 0.0684743837
v -0.0491200103 0.0229229173 0.0708400311
v -0.0496378587 0.022692656 0.0701377972
v -0.076455148 0.0423919195 0.0586218663
v -0.077917927 0.0420909564 0.0636780533
v -0.0438889766 0.0210750969 0.0668606294
v -0.0779551892 0.0415205586 0.0604028218
v -0.0779742981 0.040152367 0.0608079261
v -0.0559150999 0.0219951844 0.0676775295
v -0.0554669958 0.0208228606 0.0701979919
v -0.0533707617 0.0202094683 0.0694861906
v -0.0509047707 0.0193877898 0.0695425697
v -0.0437332398 -0.0193782349 0.0670287988
v -0.043929104 -0.0204330398 0.066878796
v -0.0457845662 0.0190772701 0.0688747328
v -0.045293473 0.0199944942 0.0686549679
v -0.0454912486 0.0212795604 0.0680472972
v -0.075597163 -0.0405431416 0.0562485592
v -0.0714352657 -0.0360076682 0.0594024616
v -0.0667918283 -0.0340805468 0.0629997093
v -0.0547991446 -0.0353713452 0.0827391127
v -0.0530583343 -0.0357191271 0.0836735263
v -0.0566956917 -0.0326311428 0.0772759135
v -0.0567702161 -0.0333763872 0.0796205469
v -0.0522528986 -0.0366497252 0.0800906012
v -0.0588301454 -0.0283641485 0.0719292313
v -0.0592658275 -0.0305415967 0.0749665882
v -0.0596967296 -0.0318801679 0.0777402159
v -0.0591769698 -0.0269118793 0.0689826505
v -0.0604324174 -0.0409482495 0.0712222136
v -0.0577371225 -0.0405526947 0.0753535544
v -0.0533822262 -0.0282695603 0.0708935629
v -0.0552921527 -0.0280593628 0.0712843446
v -0.0622267345 -0.0410141747 0.0622095466
v -0.0633216704 -0.0421511476 0.0662032994
v -0.0484588434 -0.0254022841 0.0696084594
v -0.0506620875 -0.0268316226 0.0708362156
v -0.0528414488 -0.0272147536 0.0718145936
v -0.0662606023 -0.0417919012 0.0599088491
v -0.0432956462 -0.0238286751 0.0686922123
v -0.0451205377 -0.0236184776 0.0692731456
v -0.0479945018 -0.0231541342 0.0684743837
v -0.0491200103 -0.0237828136 0.0708400311
v -0.0496378587 -0.0235525524 0.0701377972
v -0.0726610964 -0.0435155166 0.0601343373
v -0.0438889766 -0.0219349914 0.0668606294
v -0.076455148 -0.0432518158 0.0586218663
v -0.077917927 -0.0429508492 0.0636780533
v -0.0779551892 -0.042380455 0.0604028218
v -0.0779742981 -0.0410122633 0.0608079261
v -0.0652507032 -0.0318820792 0.0661583954
v -0.0618264067 -0.0285303941 0.066299799
v -0.0559150999 -0.0228550807 0.0676775295
v -0.0554669958 -0.0216827551 0.0701979919
v -0.0533707617 -0.0210693628 0.0694861906
v -0.0509047707 -0.0202476844 0.0695425697
v -0.0512659285 0.0208190379 0.0701721942
v -0.0508655972 0.022198694 0.0688288321
v -0.0457845662 -0.0199371665 0.0688747328
v -0.0512659285 -0.0216789342 0.0701721942
v -0.0508655972 -0.0230585903 0.0688288321
v -0.045293473 -0.0208543888 0.0686549679
v -0.0454912486 -0.0221394567 0.0680472972
v -0.0729400843 0.0356885528 0.0636083197
v -0.0682488741 0.0337136586 0.0668701968
v -0.0664115625 0.0323703072 0.0697603984
v -0.0626652819 0.0293769146 0.0692282131
v -0.0619219488 0.0305750362 0.072498661
v -0.0514302645 0.0357965168 0.0908106745
v -0.0541035843 0.0353789905 0.0893087105
v -0.0521401545 0.0360153135 0.0841149354
v -0.0516624335 0.0361710468 0.0881469008
v -0.0563488672 0.035055095 0.086578079
v -0.0570893351 0.0340241747 0.0838703409
v -0.0572441144 0.0334308479 0.082162963
v -0.056412881 0.0393364208 0.0794504982
v -0.0597703002 0.0320053304 0.0795699196
v -0.0599757176 0.0331738315 0.0817177384
v -0.0645943164 0.0421377718 0.0701922401
v -0.0632490555 0.0426967051 0.074537594
v -0.0573310608 0.0240321829 0.0705687277
v -0.0625697381 0.0320282593 0.0756229785
v -0.0629891757 0.0336706623 0.0787262251
v -0.0670574405 0.0421683461 0.0643191529
v -0.0678896277 0.0428715482 0.0687533752
v -0.055430691 0.0252035528 0.0725101646
v -0.074210819 0.0425170819 0.0651427445
v -0.0516442811 0.0241449252 0.0712766565
v -0.0529245725 0.0250363498 0.0723190449
v -0.0778691994 0.0422400053 0.0690447815
v -0.0529045052 0.0224117567 0.0690476289
v -0.0790940735 0.0416734266 0.0656395931
v -0.0794514085 0.0415817037 0.0710378139
v -0.0795803928 0.0400654206 0.0657437237
v -0.0737416991 0.0358920588 0.0682087751
v -0.0554679532 0.0214305206 0.0708954422
v -0.0538876563 0.0233499984 0.0697183703
v -0.0729400843 -0.0365484456 0.0636083197
v -0.0682488741 -0.0345735514 0.0668701968
v -0.0664115625 -0.0332302036 0.0697603984
v -0.0541035843 -0.0362388833 0.0893087105
v -0.0514302645 -0.0366564131 0.0908106745
v -0.0570893351 -0.0348840711 0.0838703409
v -0.0563488672 -0.0359149914 0.086578079
v -0.0572441144 -0.0342907443 0.082162963
v -0.0516624335 -0.0370309431 0.0881469008
v -0.0521401545 -0.0368752063 0.0841149354
v -0.0597703002 -0.0328652267 0.0795699196
v -0.0599757176 -0.0340337279 0.0817177384
v -0.056412881 -0.0401963171 0.0794504982
v -0.0626652819 -0.030236811 0.0692282131
v -0.0619219488 -0.0314349325 0.072498661
v -0.0625697381 -0.0328881557 0.0756229785
v -0.0629891757 -0.0345305587 0.0787262251
v -0.0573310608 -0.0248920793 0.0705687277
v -0.0645943164 -0.0429976682 0.0701922401
v -0.0632490555 -0.0435566015 0.074537594
v -0.055430691 -0.0260634492 0.0725101646
v -0.0670574405 -0.0430282425 0.0643191529
v -0.0678896277 -0.0437314446 0.0687533752
v -0.0516442811 -0.0250048216 0.0712766565
v -0.0529245725 -0.0258962461 0.0723190449
v -0.074210819 -0.0433769783 0.0651427445
v -0.0529045052 -0.0232716531 0.0690476289
v -0.0778691994 -0.0430998981 0.0690447815
v -0.0790940735 -0.042533323 0.0656395931
v -0.0794514085 -0.0424416 0.0710378139
v -0.0795803928 -0.040925317 0.0657437237
v -0.0737416991 -0.0367519552 0.0682087751
v -0.0554679532 -0.0222904152 0.0708954422
v -0.0538876563 -0.0242098948 0.0697183703
v -0.0692110022 0.0342649465 0.0709604206
v -0.06681858 0.0330152295 0.0733519228
v -0.0674243287 0.0336830843 0.0773494342
v -0.0497916842 0.0359178566 0.0971671704
v -0.0525691488 0.0359398317 0.0949515257
v -0.0510423551 0.0363697798 0.0921234551
v -0.0501700369 0.0366306154 0.0960302473
v -0.0540519888 0.0360630828 0.0936368659
v -0.0556619061 0.0356398225 0.0895647517
v -0.0551478804 0.0387641116 0.0835731828
v -0.0546090108 0.0390459684 0.0876691585
v -0.0599575652 0.0353828097 0.0852863125
v -0.0601381423 0.0341588903 0.0833295564
v -0.0597301692 0.0364146874 0.0867165782
v -0.0633856843 0.0427941585 0.0788543027
v -0.0633082928 0.0351888567 0.0819164892
v -0.0673039427 0.04367603 0.0732047674
v -0.0681800819 0.0441690381 0.0776895886
v -0.0568533398 0.0236089226 0.0715174355
v -0.0674883443 0.0352863101 0.0810431815
v -0.067790263 0.0371704389 0.0846996843
v -0.073830555 0.0429785583 0.0698979864
v -0.0711696536 0.0439158443 0.0745739272
v -0.0556275127 0.0245729621 0.0719015542
v -0.0753162638 0.04311232 0.0739576288
v -0.0537214089 0.0245433434 0.0719712594
v -0.0788619018 0.0418673831 0.0764198042
v -0.0798116088 0.039817007 0.0710234628
v -0.0793654187 0.0398160531 0.0763175814
v -0.0741219631 0.0356761309 0.0725512246
v -0.0681686174 0.0363067199 0.0745127643
v -0.0551259053 0.0238181645 0.0707416239
v -0.0692110022 -0.0351248429 0.0709604206
v -0.06681858 -0.0338751258 0.0733519228
v -0.0525691488 -0.036799728 0.0949515257
v -0.0497916842 -0.0367777529 0.0971671704
v -0.0556619061 -0.0364997189 0.0895647517
v -0.0540519888 -0.0369229791 0.0936368659
v -0.0501700369 -0.0374905117 0.0960302473
v -0.0510423551 -0.0372296762 0.0921234551
v -0.0601381423 -0.0350187867 0.0833295564
v -0.0599575652 -0.036242706 0.0852863125
v -0.0597301692 -0.0372745802 0.0867165782
v -0.0551478804 -0.039624008 0.0835731828
v -0.0546090108 -0.0399058647 0.0876691585
v -0.0633082928 -0.0360487531 0.0819164892
v -0.0633856843 -0.0436540549 0.0788543027
v -0.0674243287 -0.034542977 0.0773494342
v -0.0674883443 -0.0361462065 0.0810431815
v -0.067790263 -0.0380303352 0.0846996843
v -0.0568533398 -0.024468819 0.0715174355
v -0.0673039427 -0.0445359263 0.0732047674
v -0.0681800819 -0.0450289344 0.0776895886
v -0.0556275127 -0.0254328584 0.0719015542
v -0.073830555 -0.0438384547 0.0698979864
v -0.0711696536 -0.0447757407 0.0745739272
v -0.0537214089 -0.0254032398 0.0719712594
v -0.0753162638 -0.0439722164 0.0739576288
v -0.0788619018 -0.0427272795 0.0764198042
v -0.0798116088 -0.0406769033 0.0710234628
v -0.0793654187 -0.0406759494 0.0763175814
v -0.0741219631 -0.0365360272 0.0725512246
v -0.0681686174 -0.0371666162 0.0745127643
v -0.0551259053 -0.0246780608 0.0707416239
v -0.0694766143 0.0372535626 0.078085154
v -0.0493168284 0.0364567262 0.100772078
v -0.050799672 0.0369468655 0.100738649
v -0.0490435745 0.0369497308 0.099871093
v -0.0526599143 0.0371608857 0.101395039
v -0.0547437299 0.0399584141 0.0919380872
v -0.0539296951 0.0395963025 0.0961372539
v -0.0595916309 0.0372067472 0.0884421227
v -0.0590183678 0.0382386214 0.0907189302
v -0.0634267674 0.042583961 0.0831413411
v -0.063294917 0.0427530736 0.0874952942
v -0.0638194534 0.0369096033 0.0849012826
v -0.0644204255 0.0389790857 0.0876251941
v -0.0687132175 0.0442559809 0.0822613703
v -0.069060042 0.0389179371 0.0879939936
v -0.0710836647 0.0444977066 0.0795717989
v -0.0721547124 0.0448531304 0.0844397706
v -0.0715155224 0.0378488007 0.0816613592
v -0.0735983824 0.0388204837 0.0850923453
v -0.0748681632 0.0441365524 0.0791600031
v -0.0764494158 0.0444938875 0.0842114065
v -0.0788227282 0.0427721835 0.081749231
v -0.0800237168 0.0409950648 0.0813795203
v -0.0759793384 0.0367118277 0.0765335307
v -0.0779580553 0.0384641061 0.0803409475
v -0.050799672 -0.0378067619 0.100738649
v -0.0493168284 -0.0373166225 0.100772078
v -0.0526599143 -0.0380207821 0.101395039
v -0.0490435745 -0.0378096271 0.099871093
v -0.0595916309 -0.03806664 0.0884421227
v -0.0590183678 -0.0390985177 0.0907189302
v -0.0547437299 -0.0408183104 0.0919380872
v -0.0539296951 -0.0404561988 0.0961372539
v -0.0638194534 -0.0377694997 0.0849012826
v -0.0644204255 -0.0398389821 0.0876251941
v -0.0634267674 -0.0434438574 0.0831413411
v -0.063294917 -0.04361297 0.0874952942
v -0.069060042 -0.0397778334 0.0879939936
v -0.0687132175 -0.0451158772 0.0822613703
v -0.0694766143 -0.0381134589 0.078085154
v -0.0715155224 -0.038708697 0.0816613592
v -0.0735983824 -0.03968038 0.0850923453
v -0.0710836647 -0.045357603 0.0795717989
v -0.0721547124 -0.0457130267 0.0844397706
v -0.0748681632 -0.0449964488 0.0791600031
v -0.0764494158 -0.0453537838 0.0842114065
v -0.0788227282 -0.0436320798 0.081749231
v -0.0800237168 -0.0418549612 0.0813795203
v -0.0759793384 -0.0375717241 0.0765335307
v -0.0779580553 -0.0393239989 0.0803409475
v -0.0483919643 0.0370175673 0.104921528
v -0.0484473789 0.0379109032 0.103921225
v -0.0497897728 0.0375086641 0.105097329
v -0.0514570161 0.0377456133 0.105668695
v -0.051628994 0.039180684 0.101652049
v -0.0552118942 0.0379825624 0.101123679
v -0.0633073372 0.0424616673 0.0918090985
v -0.0580657946 0.0422247182 0.099974284
v -0.0646803054 0.0410753233 0.090414141
v -0.061692645 0.0415473103 0.0920393419
v -0.0663236623 0.0425352343 0.0930463652
v -0.0682125676 0.0443219061 0.0869172083
v -0.0693332977 0.0438050151 0.0911975838
v -0.071478262 0.0406405986 0.0905421616
v -0.0732563345 0.0420489141 0.0938241131
v -0.0739748255 0.0454990101 0.089064116
v -0.075100334 0.0395943911 0.0889293754
v -0.0774679151 0.045493276 0.0893306927
v -0.0782867265 0.0469407687 0.0944451382
v -0.0796625599 0.0402631998 0.0842057116
v -0.0802062061 0.0408928349 0.088705795
v -0.0795603282 0.0436359025 0.087025183
v -0.0798383614 0.0455630239 0.0919667324
v -0.080745074 0.0422314061 0.0864280762
v -0.0514570161 -0.0386055096 0.105668695
v -0.0497897728 -0.0383685605 0.105097329
v -0.0483919643 -0.0378774637 0.104921528
v -0.0484473789 -0.0387707995 0.103921225
v -0.0552118942 -0.0388424588 0.101123679
v -0.051628994 -0.0400405803 0.101652049
v -0.0646803054 -0.0419352197 0.090414141
v -0.061692645 -0.0424072066 0.0920393419
v -0.0663236623 -0.0433951307 0.0930463652
v -0.0633073372 -0.0433215601 0.0918090985
v -0.0580657946 -0.043084611 0.099974284
v -0.071478262 -0.0415004914 0.0905421616
v -0.0732563345 -0.0429088104 0.0938241131
v -0.0682125676 -0.0451818024 0.0869172083
v -0.0693332977 -0.0446649115 0.0911975838
v -0.075100334 -0.0404542875 0.0889293754
v -0.0739748255 -0.0463589064 0.089064116
v -0.0796625599 -0.0411230926 0.0842057116
v -0.0802062061 -0.0417527277 0.088705795
v -0.0774679151 -0.0463531724 0.0893306927
v -0.0782867265 -0.047800665 0.0944451382
v -0.0795603282 -0.0444957988 0.087025183
v -0.0798383614 -0.0464229203 0.0919667324
v -0.080745074 -0.0430913024 0.0864280762
v -0.0488926143 0.0379089954 0.107979899
v -0.0488515294 0.0388032852 0.10719452
v -0.0502866001 0.0383991348 0.108165267
v -0.0526102301 0.0403702063 0.106491318
v -0.0519777298 0.0390841845 0.108223526
v -0.063212749 0.0435699773 0.0963684654
v -0.0597177508 0.0424845963 0.100023943
v -0.0561673362 0.0414985836 0.106715867
v -0.0694211979 0.0440639393 0.0950805145
v -0.0666322689 0.0439206209 0.0949830753
v -0.0754777328 0.0427244107 0.0970525328
v -0.0743340719 0.0459623978 0.0939291833
v -0.0724604538 0.0454235282 0.0960770591
v -0.0770608967 0.0400195627 0.0925877576
v -0.0778606001 0.0390946951 0.0964353232
v -0.0772271441 0.0491067506 0.0986834856
v -0.0806094018 0.0402555544 0.0933062789
v -0.0800084296 0.0470267576 0.0971270786
v -0.0800867759 0.0497650487 0.10162813
v -0.0818810921 0.0426336452 0.0915587522
v -0.0834241277 0.0422466932 0.0965069646
v -0.0519777298 -0.0399440808 0.108223526
v -0.0502866001 -0.0392590311 0.108165267
v -0.0488926143 -0.0387688882 0.107979899
v -0.0488515294 -0.0396631815 0.10719452
v -0.0526102301 -0.0412301027 0.106491318
v -0.063212749 -0.0444298736 0.0963684654
v -0.0597177508 -0.0433444926 0.100023943
v -0.0561673362 -0.0423584799 0.106715867
v -0.0754777328 -0.043584307 0.0970525328
v -0.0666322689 -0.0447805172 0.0949830753
v -0.0694211979 -0.0449238357 0.0950805145
v -0.0770608967 -0.0408794555 0.0925877576
v -0.0778606001 -0.0399545914 0.0964353232
v -0.0743340719 -0.0468222941 0.0939291833
v -0.0724604538 -0.0462834245 0.0960770591
v -0.0806094018 -0.0411154508 0.0933062789
v -0.0772271441 -0.0499666469 0.0986834856
v -0.0818810921 -0.0434935415 0.0915587522
v -0.0834241277 -0.043106586 0.0965069646
v -0.0800084296 -0.047886654 0.0971270786
v -0.0800867759 -0.050624945 0.10162813
v -0.0507089065 0.040231668 0.109392055
v -0.0542870301 0.0415683279 0.109627082
v -0.0725368878 0.0449534525 0.0968805478
v -0.0772825596 0.0435279385 0.104343499
v -0.0764599246 0.0469264354 0.101630066
v -0.0761455858 0.049153566 0.10019496
v -0.081099542 0.0385137867 0.0975207077
v -0.0782265344 0.0369344436 0.101221118
v -0.0817903257 0.0364920771 0.103242852
v -0.076119788 0.0506325904 0.100696564
v -0.0842486723 0.0399641445 0.101121743
v -0.0799243512 0.0502332165 0.106163636
v -0.0824256931 0.0468108296 0.105341923
v -0.0844665129 0.041725976 0.104565144
v -0.0507089065 -0.0410915644 0.109392055
v -0.0542870301 -0.0424282242 0.109627082
v -0.0764599246 -0.0477863318 0.101630066
v -0.0772825596 -0.0443878313 0.104343499
v -0.0725368878 -0.0458133489 0.0968805478
v -0.081099542 -0.039373683 0.0975207077
v -0.0782265344 -0.03779434 0.101221118
v -0.0817903257 -0.0373519734 0.103242852
v -0.0761455858 -0.0500134623 0.10019496
v -0.0842486723 -0.0408240409 0.101121743
v -0.076119788 -0.0514924832 0.100696564
v -0.0799243512 -0.0510931093 0.106163636
v -0.0824256931 -0.047670726 0.105341923
v -0.0844665129 -0.0425858724 0.104565144
v -0.0767293594 0.0447671414 0.106630842
v -0.0777440369 0.0414613213 0.106617459
v -0.0791829294 0.0365876191 0.102208095
v -0.0759468545 0.0478876078 0.105478543
v -0.0849470992 0.0391453331 0.10377407
v -0.0844149192 0.0384430849 0.106584942
v -0.0822967088 0.0363038546 0.106556297
v -0.0797026892 0.0357688077 0.105276034
v -0.0778233379 0.0499953099 0.106657608
v -0.0812485909 0.0466264299 0.107582455
v -0.0787615805 0.0461964817 0.108400294
v -0.0829225221 0.0421731227 0.107894875
v -0.0759468545 -0.0487475042 0.105478543
v -0.0767293594 -0.0456270378 0.106630842
v -0.0777440369 -0.0423212177 0.106617459
v -0.0791829294 -0.0374475155 0.102208095
v -0.0849470992 -0.0400052294 0.10377407
v -0.0844149192 -0.0393029812 0.106584942
v -0.0822967088 -0.037163751 0.106556297
v -0.0797026892 -0.036628704 0.105276034
v -0.0778233379 -0.0508552063 0.106657608
v -0.0787615805 -0.047056378 0.108400294
v -0.0812485909 -0.0474863262 0.107582455
v -0.0829225221 -0.043033019 0.107894875
v -0.0806256437 0.0408804129 0.108554113
v -0.0806256437 -0.0417403093 0.108554113
f 1 2 3
f 1 3 4
f 5 6 2
f 5 2 1
f 1 4 7
f 1 7 8
f 5 1 8
f 2 9 10
f 2 10 3
f 6 11 9
f 6 9 2
f 4 3 12
f 4 12 13
f 3 10 14
f 3 14 12
f 15 7 4
f 15 4 13
f 16 17 5
f 17 6 5
f 16 5 18
f 16 18 19
f 18 5 8
f 17 11 6
f 20 8 7
f 20 7 21
f 21 7 15
f 21 15 22
f 23 18 8
f 23 8 20
f 9 24 25
f 9 25 10
f 11 26 24
f 11 24 9
f 10 25 27
f 10 27 14
f 28 29 11
f 28 11 17
f 29 30 26
f 29 26 11
f 13 12 31
f 13 31 32
f 12 14 33
f 12 33 31
f 15 13 32
f 14 27 34
f 14 34 33
f 22 15 35
f 22 35 36
f 15 32 35
f 37 28 17
f 37 17 16
f 37 16 19
f 38 19 18
f 38 18 23
f 39 40 19
f 39 19 38
f 41 37 19
f 41 19 40
f 42 43 20
f 42 20 21
f 20 43 23
f 21 22 44
f 21 44 42
f 36 44 22
f 43 45 38
f 43 38 23
f 24 46 25
f 26 47 24
f 47 46 24
f 25 46 48
f 25 49 27
f 50 49 25
f 30 47 26
f 27 51 34
f 27 49 51
f 41 52 28
f 41 28 37
f 52 53 29
f 52 29 28
f 53 54 29
f 54 30 29
f 47 30 55
f 47 55 56
f 30 54 57
f 30 57 55
f 32 31 58
f 31 33 58
f 32 58 59
f 60 35 32
f 60 32 59
f 58 33 61
f 58 61 62
f 33 34 63
f 33 63 61
f 34 51 63
f 36 35 60
f 36 60 64
f 36 64 65
f 36 65 44
f 38 45 39
f 39 66 40
f 45 66 39
f 67 41 40
f 67 40 68
f 69 68 40
f 69 40 70
f 66 70 40
f 67 71 52
f 67 52 41
f 72 43 42
f 72 42 73
f 73 42 44
f 73 44 74
f 75 45 43
f 75 43 72
f 74 44 65
f 74 65 76
f 77 78 45
f 77 45 75
f 66 45 70
f 45 78 69
f 45 69 70
f 48 46 50
f 50 46 56
f 46 47 56
f 79 48 80
f 48 50 80
f 81 48 82
f 82 48 50
f 48 49 50
f 81 49 48
f 81 51 49
f 80 50 56
f 82 50 79
f 81 83 63
f 81 63 51
f 84 53 52
f 84 52 71
f 85 54 53
f 85 53 84
f 86 54 85
f 54 86 57
f 87 55 88
f 87 88 89
f 55 57 88
f 90 55 87
f 90 87 91
f 92 55 90
f 56 55 92
f 80 56 92
f 88 57 93
f 88 93 94
f 86 95 93
f 86 93 57
f 59 58 62
f 59 62 96
f 60 59 96
f 64 60 97
f 64 97 98
f 97 60 96
f 97 96 99
f 62 61 100
f 62 100 101
f 61 102 100
f 61 63 102
f 96 62 101
f 96 101 99
f 83 103 102
f 83 102 63
f 98 65 64
f 76 65 104
f 76 104 105
f 106 65 107
f 106 108 104
f 106 104 65
f 98 107 65
f 109 110 71
f 109 71 67
f 109 67 68
f 109 68 111
f 69 112 111
f 69 111 68
f 69 78 112
f 110 113 84
f 110 84 71
f 114 72 73
f 114 73 115
f 116 75 72
f 116 72 114
f 115 73 74
f 115 74 117
f 117 74 76
f 117 76 118
f 119 77 75
f 119 75 116
f 118 76 105
f 118 105 120
f 121 122 78
f 121 78 77
f 123 121 77
f 123 77 119
f 112 78 124
f 78 122 125
f 78 125 124
f 126 79 127
f 126 127 128
f 79 129 127
f 79 80 129
f 130 131 79
f 130 79 126
f 131 132 79
f 132 82 79
f 129 80 92
f 129 92 90
f 133 83 81
f 133 81 82
f 134 133 82
f 134 82 132
f 135 136 83
f 135 83 137
f 136 103 83
f 138 137 83
f 138 83 134
f 134 83 133
f 113 139 85
f 113 85 84
f 139 95 86
f 139 86 85
f 140 87 89
f 140 89 141
f 91 87 140
f 89 88 94
f 89 94 142
f 141 89 142
f 141 142 143
f 128 127 90
f 128 90 91
f 127 129 90
f 91 140 144
f 145 128 91
f 145 91 144
f 93 146 94
f 93 147 146
f 95 148 147
f 95 147 93
f 94 146 149
f 94 149 142
f 148 95 139
f 150 97 99
f 150 99 151
f 97 107 98
f 106 97 150
f 106 150 108
f 97 106 107
f 99 101 152
f 99 152 151
f 152 101 100
f 152 100 153
f 153 100 102
f 153 102 154
f 154 102 155
f 103 155 102
f 156 157 103
f 156 103 136
f 103 157 158
f 103 158 155
f 105 104 159
f 105 159 160
f 161 104 108
f 162 104 161
f 162 163 159
f 162 159 104
f 120 105 160
f 120 160 164
f 150 165 161
f 150 161 108
f 166 167 110
f 166 110 109
f 166 109 111
f 167 113 110
f 168 169 111
f 168 111 170
f 169 166 111
f 112 124 170
f 112 170 111
f 167 171 139
f 167 139 113
f 172 114 115
f 172 115 173
f 174 116 114
f 174 114 172
f 173 115 117
f 173 117 175
f 176 119 116
f 176 116 174
f 175 117 118
f 175 118 177
f 177 118 120
f 177 120 178
f 179 123 119
f 179 119 176
f 178 120 164
f 178 164 180
f 181 182 122
f 181 122 121
f 183 181 121
f 183 121 123
f 122 182 184
f 122 184 125
f 185 183 123
f 185 123 179
f 124 125 186
f 124 186 170
f 125 184 187
f 125 187 186
f 188 126 128
f 188 128 145
f 189 130 126
f 189 126 188
f 190 138 130
f 190 130 189
f 138 134 131
f 138 131 130
f 134 132 131
f 191 192 135
f 191 135 193
f 192 156 136
f 192 136 135
f 193 135 137
f 193 137 194
f 194 137 138
f 190 194 138
f 171 148 139
f 141 195 140
f 195 196 144
f 195 144 140
f 143 195 141
f 143 142 149
f 143 149 197
f 197 195 143
f 144 196 145
f 196 198 188
f 196 188 145
f 149 146 199
f 149 199 200
f 146 201 199
f 146 147 201
f 148 202 147
f 147 202 201
f 203 148 171
f 202 148 203
f 202 203 204
f 197 149 200
f 197 200 205
f 165 150 151
f 165 151 206
f 151 152 207
f 151 207 206
f 152 153 208
f 152 208 207
f 153 154 209
f 153 209 208
f 154 155 158
f 154 158 209
f 192 210 211
f 192 211 156
f 156 211 157
f 211 212 157
f 157 212 213
f 157 213 158
f 209 158 213
f 160 159 214
f 160 214 215
f 163 216 214
f 163 214 159
f 164 160 215
f 164 215 217
f 165 218 162
f 165 162 161
f 218 219 163
f 218 163 162
f 219 220 216
f 219 216 163
f 180 164 217
f 180 217 221
f 218 165 222
f 218 222 223
f 165 224 222
f 165 206 224
f 169 225 167
f 169 167 166
f 226 171 167
f 226 167 225
f 168 227 225
f 168 225 169
f 228 229 227
f 228 227 168
f 228 168 186
f 228 186 187
f 186 168 170
f 203 171 226
f 230 172 173
f 230 173 231
f 232 174 172
f 232 172 230
f 231 173 175
f 231 175 233
f 234 176 174
f 234 174 232
f 233 175 177
f 233 177 235
f 236 179 176
f 236 176 234
f 235 177 178
f 235 178 237
f 237 178 180
f 237 180 238
f 239 185 179
f 239 179 236
f 238 180 221
f 238 221 240
f 241 242 181
f 241 181 183
f 181 242 182
f 242 243 182
f 182 243 244
f 182 244 184
f 245 241 183
f 245 183 185
f 246 184 244
f 246 244 247
f 187 184 246
f 248 245 185
f 248 185 239
f 246 228 187
f 189 188 198
f 189 198 249
f 189 249 190
f 194 190 249
f 194 249 250
f 251 210 192
f 251 192 191
f 191 250 251
f 193 250 191
f 194 250 193
f 195 252 253
f 195 253 196
f 254 255 252
f 254 252 195
f 254 195 197
f 254 197 205
f 196 253 256
f 196 256 198
f 198 256 257
f 198 257 249
f 200 199 258
f 200 258 259
f 199 201 260
f 199 260 258
f 205 200 259
f 205 259 261
f 262 263 260
f 262 260 201
f 262 201 202
f 262 202 204
f 264 203 226
f 204 203 264
f 265 204 264
f 265 263 204
f 263 262 204
f 261 254 205
f 206 207 266
f 206 266 224
f 207 208 266
f 208 209 267
f 208 267 266
f 209 213 267
f 268 269 210
f 268 210 251
f 269 270 211
f 269 211 210
f 270 271 211
f 271 212 211
f 212 272 213
f 271 272 212
f 267 213 273
f 274 273 213
f 274 213 272
f 214 275 276
f 214 276 215
f 216 277 275
f 216 275 214
f 217 215 276
f 217 276 278
f 279 277 216
f 279 216 280
f 280 216 220
f 221 217 278
f 221 278 281
f 218 223 219
f 220 219 223
f 220 223 282
f 220 282 280
f 240 221 281
f 240 281 283
f 224 266 284
f 224 284 222
f 222 284 285
f 222 285 223
f 223 285 286
f 223 286 282
f 287 226 225
f 287 225 227
f 264 226 287
f 229 288 287
f 229 287 227
f 289 229 228
f 289 228 246
f 289 246 247
f 290 288 229
f 289 291 290
f 289 290 229
f 292 230 231
f 292 231 293
f 294 232 230
f 294 230 292
f 293 231 233
f 293 233 295
f 296 234 232
f 296 232 294
f 295 233 235
f 295 235 297
f 298 236 234
f 298 234 296
f 297 235 237
f 297 237 299
f 300 239 236
f 300 236 298
f 299 237 238
f 299 238 301
f 301 238 240
f 301 240 302
f 303 248 239
f 303 239 300
f 302 240 283
f 302 283 304
f 305 306 242
f 305 242 241
f 307 305 241
f 307 241 245
f 306 308 243
f 306 243 242
f 243 308 309
f 243 309 244
f 244 310 247
f 309 311 310
f 309 310 244
f 312 307 245
f 312 245 248
f 313 289 247
f 313 247 310
f 314 312 248
f 314 248 303
f 249 257 315
f 249 315 250
f 250 315 316
f 250 316 317
f 268 251 250
f 268 250 317
f 252 318 319
f 252 319 253
f 255 320 318
f 255 318 252
f 253 319 321
f 253 321 256
f 322 323 255
f 322 255 254
f 322 254 261
f 322 261 324
f 323 325 320
f 323 320 255
f 256 321 326
f 256 326 257
f 257 326 327
f 257 327 315
f 258 328 329
f 258 329 259
f 260 328 258
f 261 259 329
f 261 329 324
f 260 330 328
f 263 331 330
f 263 330 260
f 331 263 265
f 288 332 264
f 288 264 287
f 332 265 264
f 333 265 332
f 333 331 265
f 284 266 267
f 284 267 334
f 334 267 273
f 335 336 269
f 335 269 268
f 268 317 335
f 336 337 270
f 336 270 269
f 337 338 271
f 337 271 270
f 272 271 338
f 272 338 339
f 272 339 340
f 274 272 340
f 334 273 341
f 341 273 274
f 341 274 342
f 274 339 342
f 274 340 339
f 276 275 343
f 276 343 344
f 277 345 343
f 277 343 275
f 278 276 344
f 278 344 346
f 279 347 277
f 277 347 348
f 277 348 345
f 281 278 346
f 281 346 349
f 347 279 350
f 347 350 351
f 279 280 282
f 279 282 350
f 283 281 349
f 283 349 352
f 282 286 350
f 304 283 352
f 304 352 353
f 285 284 334
f 285 334 354
f 285 354 355
f 285 355 286
f 286 355 356
f 286 356 357
f 286 357 350
f 290 333 288
f 333 332 288
f 291 289 313
f 358 333 290
f 358 290 291
f 359 360 291
f 359 291 313
f 360 361 358
f 360 358 291
f 362 292 293
f 362 293 363
f 364 294 292
f 364 292 362
f 363 293 295
f 363 295 365
f 366 296 294
f 366 294 364
f 365 295 297
f 365 297 367
f 368 298 296
f 368 296 366
f 367 297 299
f 367 299 369
f 370 300 298
f 370 298 368
f 369 299 301
f 369 301 371
f 372 303 300
f 372 300 370
f 371 301 302
f 371 302 373
f 373 302 304
f 373 304 374
f 375 314 303
f 375 303 372
f 374 304 353
f 374 353 376
f 377 378 306
f 377 306 305
f 379 377 305
f 379 305 307
f 378 380 308
f 378 308 306
f 381 379 307
f 381 307 312
f 308 380 382
f 308 382 309
f 382 383 311
f 382 311 309
f 384 359 310
f 384 310 311
f 359 313 310
f 385 384 311
f 385 311 386
f 386 311 383
f 387 381 312
f 387 312 314
f 388 387 314
f 388 314 375
f 315 327 389
f 315 389 316
f 316 389 390
f 316 390 391
f 317 316 391
f 317 391 392
f 393 335 317
f 393 317 392
f 318 394 395
f 318 395 319
f 320 396 394
f 320 394 318
f 319 395 397
f 319 397 321
f 325 398 396
f 325 396 320
f 321 397 399
f 321 399 326
f 400 401 323
f 400 323 322
f 400 322 402
f 400 402 403
f 402 322 324
f 401 404 325
f 401 325 323
f 324 405 402
f 324 329 405
f 404 406 398
f 404 398 325
f 326 399 407
f 326 407 327
f 327 407 408
f 327 408 389
f 329 328 409
f 328 410 409
f 328 411 410
f 328 330 411
f 329 412 405
f 329 409 412
f 330 331 413
f 414 330 413
f 330 414 411
f 413 331 333
f 415 333 358
f 333 415 413
f 354 334 341
f 393 416 336
f 393 336 335
f 336 416 417
f 336 417 337
f 337 417 338
f 417 418 338
f 338 418 419
f 338 419 339
f 342 339 419
f 354 341 420
f 354 420 355
f 341 342 420
f 420 342 421
f 342 419 421
f 344 343 422
f 344 422 423
f 345 424 422
f 345 422 343
f 346 344 423
f 346 423 425
f 345 348 426
f 345 426 424
f 349 346 425
f 349 425 427
f 348 347 428
f 348 428 429
f 347 351 428
f 348 429 430
f 431 348 430
f 426 348 431
f 352 349 427
f 352 427 432
f 351 350 357
f 351 357 433
f 351 433 428
f 353 352 432
f 353 432 434
f 376 353 434
f 376 434 435
f 355 421 356
f 355 420 421
f 357 356 421
f 357 421 436
f 357 436 437
f 357 437 433
f 361 438 415
f 361 415 358
f 384 439 359
f 439 360 359
f 439 440 361
f 439 361 360
f 440 441 438
f 440 438 361
f 442 362 363
f 442 363 443
f 444 364 362
f 444 362 442
f 443 363 365
f 443 365 445
f 446 366 364
f 446 364 444
f 445 365 367
f 445 367 447
f 448 368 366
f 448 366 446
f 447 367 369
f 447 369 449
f 450 370 368
f 450 368 448
f 449 369 371
f 449 371 451
f 452 372 370
f 452 370 450
f 451 371 373
f 451 373 453
f 454 375 372
f 454 372 452
f 453 373 374
f 453 374 455
f 455 374 376
f 455 376 456
f 457 388 375
f 457 375 454
f 456 376 435
f 456 435 458
f 459 460 378
f 459 378 377
f 461 459 377
f 461 377 379
f 460 462 380
f 460 380 378
f 463 461 379
f 463 379 381
f 380 462 382
f 464 463 381
f 464 381 387
f 465 466 383
f 465 383 382
f 462 467 465
f 462 465 382
f 468 469 383
f 468 383 466
f 469 470 383
f 470 386 383
f 385 471 384
f 471 439 384
f 472 385 386
f 472 471 385
f 470 473 472
f 470 472 386
f 474 464 387
f 474 387 388
f 475 474 388
f 475 388 457
f 389 408 476
f 389 476 390
f 390 476 477
f 390 477 478
f 391 390 478
f 391 478 479
f 392 391 479
f 392 479 480
f 481 482 392
f 481 392 480
f 393 392 482
f 482 483 393
f 483 416 393
f 446 444 394
f 446 394 396
f 444 442 395
f 444 395 394
f 442 443 397
f 442 397 395
f 448 446 396
f 448 396 398
f 399 397 443
f 399 443 445
f 450 448 398
f 450 398 406
f 407 399 445
f 407 445 447
f 484 485 401
f 484 401 400
f 484 400 486
f 484 486 487
f 486 400 403
f 486 403 488
f 485 489 404
f 485 404 401
f 402 405 490
f 402 490 403
f 490 488 403
f 489 491 406
f 489 406 404
f 405 412 492
f 405 492 490
f 452 450 406
f 452 406 491
f 408 407 447
f 408 447 449
f 476 408 449
f 476 449 451
f 409 492 412
f 409 493 492
f 410 493 409
f 410 411 494
f 410 494 493
f 411 495 494
f 414 495 411
f 438 496 413
f 438 413 415
f 496 414 413
f 495 414 496
f 483 497 416
f 497 498 416
f 498 417 416
f 498 499 417
f 499 500 417
f 500 418 417
f 501 419 418
f 501 418 502
f 500 502 418
f 421 419 501
f 436 421 503
f 501 503 421
f 423 422 504
f 423 504 505
f 424 504 422
f 425 423 505
f 425 505 506
f 424 426 507
f 424 507 508
f 424 508 509
f 424 509 504
f 427 425 506
f 427 506 510
f 507 426 511
f 507 511 512
f 426 513 511
f 426 431 513
f 432 427 510
f 432 510 514
f 428 515 429
f 428 433 515
f 429 516 430
f 429 515 516
f 431 430 517
f 430 516 517
f 431 517 518
f 431 518 513
f 434 432 514
f 434 514 519
f 433 437 520
f 433 520 515
f 435 434 519
f 435 519 521
f 458 435 521
f 458 521 522
f 436 503 523
f 436 523 437
f 437 523 524
f 437 524 520
f 441 496 438
f 471 440 439
f 471 525 441
f 471 441 440
f 441 495 496
f 525 526 441
f 526 495 441
f 477 476 451
f 477 451 453
f 454 452 491
f 454 491 527
f 528 477 453
f 528 453 455
f 457 454 527
f 457 527 529
f 530 528 455
f 530 455 456
f 531 530 456
f 531 456 458
f 475 457 529
f 475 529 532
f 533 531 458
f 533 458 522
f 534 535 460
f 534 460 459
f 536 534 459
f 536 459 461
f 535 467 462
f 535 462 460
f 537 536 461
f 537 461 463
f 538 537 463
f 538 463 464
f 539 538 464
f 539 464 474
f 540 541 466
f 540 466 465
f 467 542 540
f 467 540 465
f 543 544 466
f 543 466 541
f 544 545 466
f 545 468 466
f 546 542 467
f 546 467 535
f 468 547 548
f 468 548 469
f 545 547 468
f 469 548 473
f 469 473 470
f 549 471 472
f 550 471 549
f 550 525 471
f 473 551 472
f 551 549 472
f 548 552 551
f 548 551 473
f 553 539 474
f 553 474 475
f 553 475 532
f 553 532 554
f 478 477 528
f 478 528 555
f 479 478 555
f 479 555 556
f 480 479 556
f 480 556 557
f 558 559 480
f 558 480 557
f 560 481 480
f 560 480 559
f 481 560 561
f 481 561 483
f 481 483 482
f 561 562 497
f 561 497 483
f 563 564 485
f 563 485 484
f 563 484 565
f 563 565 566
f 565 484 487
f 564 567 489
f 564 489 485
f 486 568 487
f 488 490 569
f 488 569 486
f 569 568 486
f 487 570 571
f 487 571 565
f 568 570 487
f 567 527 491
f 567 491 489
f 492 572 569
f 492 569 490
f 493 572 492
f 494 572 493
f 494 495 526
f 494 526 572
f 497 562 498
f 562 573 498
f 498 573 499
f 573 574 500
f 573 500 499
f 574 575 500
f 500 575 502
f 503 501 576
f 503 576 523
f 501 502 576
f 576 502 575
f 505 504 509
f 505 509 577
f 506 505 577
f 506 577 578
f 510 506 578
f 510 578 579
f 508 507 580
f 508 580 581
f 580 507 582
f 580 582 583
f 507 584 582
f 507 512 584
f 508 581 585
f 508 585 509
f 577 509 585
f 577 585 586
f 514 510 579
f 514 579 587
f 513 518 588
f 513 588 511
f 511 588 589
f 511 589 512
f 512 589 584
f 519 514 587
f 519 587 590
f 515 520 516
f 520 524 591
f 520 591 516
f 517 516 592
f 592 516 593
f 516 591 593
f 517 594 518
f 517 592 594
f 518 594 595
f 518 595 588
f 521 519 590
f 521 590 596
f 522 521 596
f 522 596 597
f 598 533 522
f 598 522 597
f 523 576 524
f 576 575 524
f 524 599 591
f 524 575 599
f 600 601 525
f 600 525 550
f 601 526 525
f 602 526 601
f 572 526 602
f 572 602 603
f 604 529 527
f 604 527 567
f 555 528 530
f 555 530 605
f 606 532 529
f 606 529 604
f 605 530 531
f 605 531 607
f 607 531 533
f 607 533 608
f 609 554 532
f 609 532 606
f 608 533 598
f 608 598 610
f 611 546 535
f 611 535 534
f 612 611 534
f 612 534 536
f 613 612 536
f 613 536 537
f 614 613 537
f 614 537 538
f 615 614 538
f 615 538 539
f 616 615 539
f 616 539 553
f 617 618 541
f 617 541 540
f 540 619 620
f 540 620 617
f 542 619 540
f 621 543 541
f 622 621 541
f 622 541 618
f 623 619 542
f 623 542 546
f 543 624 625
f 543 625 544
f 621 626 624
f 621 624 543
f 544 625 627
f 544 627 545
f 627 547 545
f 628 623 546
f 628 546 611
f 547 629 552
f 547 552 548
f 630 547 627
f 630 631 629
f 630 629 547
f 551 632 550
f 551 550 549
f 632 633 600
f 632 600 550
f 552 634 632
f 552 632 551
f 629 631 635
f 629 635 634
f 629 634 552
f 616 553 554
f 616 554 636
f 637 636 554
f 637 554 609
f 556 555 605
f 556 605 638
f 557 556 638
f 557 638 639
f 640 641 557
f 640 557 639
f 558 557 641
f 641 642 643
f 641 643 558
f 558 644 559
f 558 643 644
f 559 645 561
f 559 561 560
f 559 644 645
f 561 645 646
f 561 646 562
f 562 646 573
f 647 648 564
f 647 564 563
f 647 563 649
f 647 649 650
f 649 563 566
f 648 604 567
f 648 567 564
f 565 571 651
f 565 651 566
f 566 651 652
f 566 652 649
f 568 653 570
f 569 653 568
f 569 572 653
f 570 654 655
f 570 655 571
f 653 654 570
f 655 656 651
f 655 651 571
f 572 603 653
f 573 646 574
f 646 599 575
f 646 575 574
f 578 577 586
f 578 586 657
f 579 578 657
f 579 657 658
f 587 579 658
f 587 658 659
f 581 580 660
f 581 660 661
f 580 583 662
f 660 580 662
f 660 662 663
f 661 664 665
f 661 665 581
f 581 665 585
f 584 666 667
f 584 667 582
f 582 667 668
f 582 668 583
f 583 668 669
f 583 669 662
f 584 589 666
f 586 585 665
f 586 665 670
f 657 586 670
f 657 670 671
f 590 587 659
f 590 659 672
f 588 595 673
f 588 673 589
f 666 589 674
f 589 673 675
f 589 675 674
f 596 590 672
f 596 672 676
f 593 591 677
f 593 677 678
f 591 599 677
f 592 593 679
f 592 679 594
f 593 678 680
f 593 680 679
f 594 679 681
f 594 681 595
f 595 681 682
f 595 682 675
f 595 675 673
f 597 596 676
f 597 676 683
f 684 598 597
f 684 597 683
f 610 598 684
f 610 684 685
f 677 599 686
f 687 686 599
f 687 599 646
f 633 601 600
f 633 688 602
f 633 602 601
f 603 602 688
f 603 688 689
f 653 603 654
f 603 689 654
f 690 606 604
f 690 604 648
f 638 605 607
f 638 607 691
f 692 609 606
f 692 606 690
f 691 607 608
f 691 608 693
f 693 608 610
f 693 610 694
f 695 637 609
f 695 609 692
f 694 610 685
f 694 685 696
f 697 628 611
f 697 611 612
f 698 697 612
f 698 612 613
f 699 698 613
f 699 613 614
f 700 699 614
f 700 614 615
f 701 700 615
f 701 615 616
f 701 616 636
f 701 636 702
f 703 704 618
f 703 618 617
f 703 617 620
f 703 620 705
f 706 707 618
f 706 618 704
f 707 708 618
f 708 622 618
f 709 620 619
f 709 619 623
f 710 705 620
f 710 620 709
f 622 711 626
f 622 626 621
f 708 712 622
f 712 711 622
f 713 709 623
f 713 623 628
f 624 714 715
f 624 715 625
f 626 716 714
f 626 714 624
f 625 715 630
f 625 630 627
f 711 717 716
f 711 716 626
f 718 713 628
f 718 628 697
f 715 719 631
f 715 631 630
f 720 635 631
f 719 721 720
f 719 720 631
f 634 722 633
f 634 633 632
f 722 723 688
f 722 688 633
f 635 724 722
f 635 722 634
f 720 724 635
f 725 702 636
f 725 636 637
f 726 725 637
f 726 637 695
f 639 638 691
f 639 691 727
f 728 729 639
f 728 639 727
f 640 639 729
f 729 730 731
f 729 731 640
f 640 731 642
f 640 642 641
f 642 731 732
f 642 732 733
f 642 733 734
f 642 734 643
f 643 735 644
f 643 734 735
f 644 735 645
f 735 646 645
f 735 687 646
f 736 690 648
f 736 648 647
f 736 647 650
f 736 650 737
f 649 652 738
f 649 738 650
f 650 738 739
f 650 739 737
f 651 740 652
f 651 656 740
f 740 741 738
f 740 738 652
f 654 689 655
f 742 656 655
f 689 742 655
f 656 743 740
f 656 724 744
f 656 744 743
f 742 724 656
f 658 657 671
f 658 671 745
f 659 658 745
f 659 745 746
f 672 659 746
f 672 746 747
f 661 660 748
f 661 748 749
f 748 660 750
f 748 750 751
f 660 752 750
f 660 663 752
f 753 664 661
f 753 661 749
f 662 669 754
f 662 754 663
f 663 755 752
f 663 754 755
f 670 665 664
f 670 664 756
f 756 664 753
f 756 753 757
f 666 674 758
f 666 758 667
f 667 758 759
f 667 759 668
f 668 759 760
f 668 760 669
f 669 760 761
f 669 761 754
f 671 670 756
f 671 756 762
f 745 671 762
f 745 762 763
f 676 672 747
f 676 747 764
f 674 675 765
f 674 765 758
f 675 682 766
f 675 766 767
f 675 767 765
f 683 676 764
f 683 764 768
f 678 677 680
f 677 686 769
f 677 769 680
f 679 680 770
f 679 770 681
f 680 769 771
f 680 771 770
f 681 770 772
f 681 772 682
f 682 772 766
f 773 684 683
f 773 683 768
f 685 684 773
f 685 773 774
f 696 685 774
f 696 774 775
f 776 769 686
f 776 686 687
f 734 687 735
f 734 776 687
f 689 688 723
f 689 723 742
f 777 692 690
f 777 690 736
f 727 691 693
f 727 693 778
f 779 695 692
f 779 692 777
f 778 693 694
f 778 694 780
f 780 694 696
f 780 696 781
f 782 726 695
f 782 695 779
f 781 696 775
f 781 775 783
f 784 718 697
f 784 697 698
f 785 784 698
f 785 698 699
f 786 785 699
f 786 699 700
f 787 786 700
f 787 700 701
f 701 702 788
f 701 788 787
f 789 788 702
f 789 702 725
f 790 791 704
f 790 704 703
f 790 703 792
f 792 703 705
f 793 794 704
f 793 704 791
f 794 795 704
f 795 706 704
f 796 792 705
f 796 705 710
f 706 797 798
f 706 798 707
f 795 799 797
f 795 797 706
f 798 800 708
f 798 708 707
f 800 712 708
f 801 710 709
f 801 709 713
f 802 796 710
f 802 710 801
f 712 717 711
f 712 803 717
f 800 804 712
f 804 803 712
f 805 801 713
f 805 713 718
f 714 806 719
f 714 719 715
f 716 807 806
f 716 806 714
f 717 808 807
f 717 807 716
f 803 808 717
f 809 805 718
f 809 718 784
f 806 810 721
f 806 721 719
f 811 724 720
f 721 812 811
f 721 811 720
f 810 813 812
f 810 812 721
f 724 723 722
f 723 724 742
f 724 811 744
f 814 789 725
f 814 725 726
f 815 814 726
f 815 726 782
f 816 728 727
f 816 727 778
f 816 817 818
f 816 818 728
f 728 818 730
f 728 730 729
f 730 818 819
f 730 819 820
f 730 820 731
f 820 732 731
f 820 821 732
f 821 822 772
f 821 772 732
f 733 732 823
f 732 772 823
f 733 776 734
f 733 823 776
f 777 736 824
f 777 824 825
f 824 736 737
f 739 826 824
f 739 824 737
f 738 741 827
f 738 827 739
f 827 828 826
f 827 826 739
f 743 829 741
f 743 741 740
f 741 830 827
f 741 829 830
f 744 829 743
f 744 811 812
f 744 812 829
f 746 745 763
f 746 763 831
f 747 746 831
f 747 831 832
f 764 747 832
f 764 832 833
f 749 748 834
f 749 834 835
f 834 748 836
f 834 836 837
f 748 838 836
f 748 751 838
f 839 749 835
f 753 749 839
f 750 752 840
f 750 840 841
f 750 841 842
f 750 842 751
f 751 842 843
f 751 843 838
f 752 755 840
f 757 753 839
f 757 839 844
f 754 761 755
f 761 845 755
f 755 846 840
f 755 845 846
f 762 756 757
f 762 757 847
f 847 757 844
f 847 844 848
f 758 765 849
f 758 849 759
f 759 849 850
f 759 850 760
f 760 850 851
f 760 851 761
f 761 851 845
f 763 762 847
f 763 847 852
f 831 763 852
f 831 852 853
f 768 764 833
f 768 833 854
f 765 767 855
f 765 855 849
f 766 772 856
f 766 856 857
f 766 857 767
f 767 857 858
f 767 858 855
f 854 859 773
f 854 773 768
f 823 771 769
f 823 769 776
f 770 771 772
f 823 772 771
f 822 856 772
f 774 773 859
f 774 859 860
f 775 774 860
f 775 860 861
f 783 775 861
f 783 861 862
f 779 777 825
f 779 825 863
f 864 865 778
f 864 778 780
f 816 778 865
f 782 779 866
f 782 866 867
f 866 779 863
f 868 864 780
f 868 780 781
f 869 870 781
f 869 781 783
f 868 781 870
f 815 782 867
f 869 783 862
f 871 809 784
f 871 784 785
f 872 871 785
f 872 785 786
f 873 872 786
f 873 786 787
f 873 787 788
f 873 788 874
f 875 874 788
f 875 788 789
f 876 875 789
f 876 789 814
f 877 878 791
f 877 791 790
f 879 790 792
f 877 790 879
f 877 879 880
f 881 882 791
f 881 791 878
f 882 883 791
f 883 793 791
f 884 879 792
f 884 792 796
f 793 885 794
f 886 885 793
f 886 793 883
f 794 887 799
f 794 799 795
f 885 887 794
f 888 884 796
f 888 796 802
f 797 889 890
f 797 890 798
f 799 891 889
f 799 889 797
f 890 804 800
f 890 800 798
f 887 892 891
f 887 891 799
f 893 802 801
f 893 801 805
f 894 888 802
f 894 802 893
f 803 895 896
f 803 896 808
f 804 897 803
f 897 895 803
f 898 804 890
f 898 897 804
f 899 893 805
f 899 805 809
f 807 900 810
f 807 810 806
f 808 896 900
f 808 900 807
f 901 899 809
f 901 809 871
f 900 813 810
f 829 812 813
f 829 813 902
f 896 903 813
f 896 813 900
f 813 903 902
f 904 876 814
f 904 814 815
f 904 815 905
f 904 905 906
f 815 867 905
f 816 865 907
f 816 907 817
f 817 907 908
f 817 908 909
f 817 909 819
f 817 819 818
f 909 910 819
f 910 911 819
f 820 819 911
f 820 911 821
f 821 911 822
f 911 857 856
f 911 856 822
f 824 826 912
f 824 912 825
f 825 912 913
f 825 913 863
f 826 914 912
f 826 828 914
f 830 828 827
f 828 915 914
f 828 916 915
f 828 903 916
f 902 828 830
f 902 903 828
f 829 902 830
f 832 831 853
f 832 853 917
f 833 832 917
f 833 917 918
f 854 833 918
f 854 918 919
f 835 834 920
f 835 920 921
f 920 834 922
f 920 922 923
f 834 924 922
f 834 837 924
f 839 835 925
f 926 925 835
f 926 835 921
f 838 843 927
f 838 927 836
f 836 928 837
f 836 927 928
f 924 837 928
f 924 928 929
f 844 839 925
f 844 925 930
f 841 840 846
f 841 846 931
f 841 931 932
f 841 932 842
f 842 932 933
f 842 933 843
f 843 933 934
f 843 934 927
f 848 844 930
f 848 930 935
f 851 936 937
f 851 937 845
f 845 938 846
f 845 937 938
f 931 846 939
f 846 938 939
f 852 847 848
f 852 848 940
f 940 848 935
f 940 935 941
f 849 855 942
f 849 942 850
f 850 942 936
f 850 936 851
f 853 852 940
f 853 940 943
f 917 853 943
f 917 943 944
f 945 859 854
f 945 854 919
f 855 858 942
f 946 858 857
f 946 857 911
f 942 858 947
f 942 947 936
f 946 947 858
f 860 859 945
f 860 945 948
f 861 860 948
f 861 948 949
f 862 861 949
f 862 949 950
f 951 952 862
f 951 862 950
f 952 869 862
f 863 913 953
f 863 953 866
f 868 954 955
f 868 955 864
f 864 955 907
f 864 907 865
f 953 867 866
f 867 956 905
f 867 957 956
f 953 957 867
f 870 958 954
f 870 954 868
f 952 959 869
f 959 960 869
f 870 869 958
f 869 960 958
f 961 901 871
f 961 871 872
f 962 961 872
f 962 872 873
f 962 873 874
f 962 874 963
f 964 963 874
f 964 874 875
f 965 964 875
f 965 875 876
f 966 965 876
f 966 876 904
f 967 968 878
f 967 878 877
f 967 877 969
f 967 969 970
f 969 877 880
f 971 881 878
f 971 878 968
f 971 968 972
f 973 880 879
f 973 879 884
f 974 969 880
f 974 880 973
f 881 975 882
f 971 976 881
f 976 975 881
f 882 977 883
f 975 977 882
f 977 886 883
f 978 973 884
f 978 884 888
f 885 979 892
f 885 892 887
f 980 979 885
f 980 885 886
f 977 981 980
f 977 980 886
f 982 978 888
f 982 888 894
f 889 983 898
f 889 898 890
f 891 984 983
f 891 983 889
f 892 985 984
f 892 984 891
f 979 986 985
f 979 985 892
f 987 894 893
f 987 893 899
f 988 982 894
f 988 894 987
f 895 903 896
f 897 903 895
f 989 897 898
f 989 903 897
f 983 990 989
f 983 989 898
f 991 987 899
f 991 899 901
f 992 991 901
f 992 901 961
f 993 916 903
f 993 903 989
f 994 904 906
f 904 994 966
f 956 906 905
f 906 995 994
f 956 996 995
f 956 995 906
f 955 997 907
f 997 908 907
f 997 998 908
f 998 999 908
f 999 947 908
f 909 908 910
f 910 908 946
f 908 947 946
f 910 946 911
f 912 914 1000
f 912 1000 913
f 913 1000 953
f 914 915 1000
f 915 1001 1000
f 915 916 1001
f 916 993 1002
f 916 1002 1001
f 918 917 944
f 918 944 1003
f 919 918 1003
f 919 1003 1004
f 1005 945 919
f 1005 919 1004
f 921 920 1006
f 921 1006 1007
f 1008 1006 920
f 1008 920 923
f 1008 923 1009
f 1010 1011 921
f 1010 921 1007
f 926 921 1011
f 924 1012 922
f 922 1013 923
f 922 1012 1013
f 923 1014 1009
f 923 1013 1014
f 924 929 1012
f 930 925 926
f 930 926 1015
f 1015 926 1011
f 1015 1011 1016
f 927 934 1017
f 927 1017 928
f 929 928 1017
f 929 1017 1018
f 929 1018 1019
f 929 1019 1012
f 935 930 1015
f 935 1015 1020
f 931 939 1021
f 931 1021 932
f 932 1021 1022
f 932 1022 933
f 933 1022 1023
f 933 1023 934
f 934 1023 1024
f 934 1024 1017
f 941 935 1020
f 941 1020 1025
f 936 947 937
f 937 947 938
f 939 938 1026
f 938 947 1026
f 939 1026 1027
f 939 1027 1021
f 943 940 941
f 943 941 1028
f 1028 941 1025
f 1028 1025 1029
f 944 943 1028
f 944 1028 1030
f 1003 944 1030
f 1003 1030 1031
f 948 945 1005
f 948 1005 1032
f 1026 947 999
f 1026 999 1033
f 949 948 1032
f 949 1032 1034
f 950 949 1034
f 950 1034 1035
f 951 950 1036
f 1035 1036 950
f 1036 1037 951
f 952 951 959
f 951 1037 1038
f 951 1038 959
f 1039 957 953
f 1000 1039 953
f 958 1040 954
f 954 1040 997
f 954 997 955
f 957 996 956
f 957 1041 996
f 1039 1041 957
f 958 960 1042
f 958 1042 1040
f 959 1038 960
f 1038 1043 960
f 960 1043 1042
f 1044 992 961
f 1044 961 962
f 1044 962 963
f 1044 963 1045
f 1046 1045 963
f 1046 963 964
f 1047 1046 964
f 1047 964 965
f 1048 1047 965
f 1048 965 966
f 966 994 1049
f 966 1049 1048
f 1050 1051 968
f 1050 968 967
f 967 970 1052
f 967 1052 1050
f 1053 972 968
f 1053 968 1051
f 1053 1051 1054
f 1055 970 969
f 1055 969 974
f 1056 1052 970
f 1056 970 1055
f 1049 1057 971
f 1057 976 971
f 972 1058 1049
f 972 1049 971
f 1053 1059 1058
f 1053 1058 972
f 1060 974 973
f 1060 973 978
f 1061 1055 974
f 1061 974 1060
f 975 1062 981
f 975 981 977
f 976 1063 1062
f 976 1062 975
f 1057 1063 976
f 1064 1060 978
f 1064 978 982
f 1065 986 979
f 1065 979 980
f 981 1066 1065
f 981 1065 980
f 1062 1067 1066
f 1062 1066 981
f 1068 1064 982
f 1068 982 988
f 984 1069 990
f 984 990 983
f 985 1070 1069
f 985 1069 984
f 986 1071 1070
f 986 1070 985
f 1072 986 1065
f 1073 986 1072
f 1073 1071 986
f 1074 988 987
f 1074 987 991
f 1075 1068 988
f 1075 988 1074
f 990 1076 993
f 990 993 989
f 1069 1076 990
f 1077 1074 991
f 1077 991 992
f 1078 1077 992
f 1078 992 1044
f 993 1076 1002
f 995 1079 994
f 994 1079 1049
f 995 1080 1079
f 995 1081 1080
f 996 1082 1081
f 996 1081 995
f 1041 1082 996
f 1040 998 997
f 1040 1083 998
f 1083 999 998
f 1083 1084 1033
f 1083 1033 999
f 1000 1001 1039
f 1001 1085 1039
f 1001 1002 1085
f 1002 1086 1085
f 1002 1076 1087
f 1002 1087 1086
f 1004 1003 1031
f 1004 1031 1088
f 1089 1005 1004
f 1089 1004 1088
f 1032 1005 1089
f 1032 1089 1090
f 1007 1006 1091
f 1007 1091 1092
f 1006 1008 1093
f 1094 1091 1006
f 1094 1006 1093
f 1092 1095 1010
f 1092 1010 1007
f 1009 1096 1097
f 1009 1097 1008
f 1008 1097 1098
f 1008 1098 1093
f 1009 1099 1096
f 1009 1014 1099
f 1016 1011 1010
f 1016 1010 1100
f 1100 1010 1095
f 1100 1095 1101
f 1012 1019 1102
f 1012 1102 1013
f 1013 1102 1103
f 1013 1103 1014
f 1014 1103 1099
f 1020 1015 1016
f 1020 1016 1104
f 1104 1016 1100
f 1104 1100 1105
f 1018 1017 1024
f 1018 1024 1106
f 1018 1106 1107
f 1018 1107 1019
f 1019 1107 1108
f 1019 1108 1102
f 1025 1020 1104
f 1025 1104 1109
f 1021 1027 1110
f 1021 1110 1022
f 1022 1110 1111
f 1022 1111 1023
f 1023 1111 1112
f 1023 1112 1024
f 1106 1024 1113
f 1113 1024 1114
f 1024 1112 1114
f 1029 1025 1109
f 1029 1109 1115
f 1026 1033 1116
f 1026 1116 1027
f 1027 1116 1110
f 1030 1028 1029
f 1030 1029 1117
f 1117 1029 1115
f 1117 1115 1118
f 1031 1030 1117
f 1031 1117 1119
f 1088 1031 1119
f 1088 1119 1120
f 1034 1032 1090
f 1034 1090 1121
f 1084 1116 1033
f 1035 1034 1121
f 1035 1121 1122
f 1122 1096 1036
f 1122 1036 1035
f 1036 1123 1037
f 1096 1123 1036
f 1123 1124 1037
f 1124 1125 1037
f 1037 1125 1126
f 1037 1126 1038
f 1038 1126 1043
f 1085 1041 1039
f 1042 1083 1040
f 1041 1127 1082
f 1041 1071 1128
f 1041 1128 1127
f 1086 1041 1085
f 1086 1087 1071
f 1086 1071 1041
f 1042 1043 1129
f 1042 1129 1083
f 1126 1130 1043
f 1130 1131 1112
f 1130 1112 1043
f 1129 1043 1132
f 1043 1112 1133
f 1043 1133 1132
f 1078 1044 1045
f 1078 1045 1134
f 1135 1134 1045
f 1135 1045 1046
f 1136 1135 1046
f 1136 1046 1047
f 1137 1136 1047
f 1137 1047 1048
f 1137 1048 1049
f 1079 1057 1049
f 1138 1137 1049
f 1138 1049 1058
f 1139 1140 1051
f 1139 1051 1050
f 1139 1050 1141
f 1139 1141 1142
f 1141 1050 1052
f 1143 1144 1051
f 1143 1051 1140
f 1144 1145 1051
f 1145 1054 1051
f 1146 1141 1052
f 1146 1052 1056
f 1054 1147 1059
f 1054 1059 1053
f 1145 1148 1147
f 1145 1147 1054
f 1149 1056 1055
f 1149 1055 1061
f 1150 1146 1056
f 1150 1056 1149
f 1057 1151 1063
f 1079 1080 1057
f 1080 1151 1057
f 1152 1138 1058
f 1152 1058 1059
f 1153 1152 1059
f 1153 1059 1147
f 1154 1061 1060
f 1154 1060 1064
f 1155 1149 1061
f 1155 1061 1154
f 1063 1156 1067
f 1063 1067 1062
f 1151 1156 1063
f 1157 1154 1064
f 1157 1064 1068
f 1066 1158 1072
f 1066 1072 1065
f 1067 1159 1158
f 1067 1158 1066
f 1156 1159 1067
f 1160 1157 1068
f 1160 1068 1075
f 1070 1087 1076
f 1070 1076 1069
f 1071 1087 1070
f 1128 1071 1073
f 1158 1161 1073
f 1158 1073 1072
f 1161 1128 1073
f 1162 1075 1074
f 1162 1074 1077
f 1163 1160 1075
f 1163 1075 1162
f 1164 1162 1077
f 1164 1077 1078
f 1164 1078 1134
f 1164 1134 1165
f 1080 1166 1151
f 1081 1166 1080
f 1081 1161 1167
f 1081 1167 1166
f 1127 1081 1082
f 1127 1161 1081
f 1129 1084 1083
f 1129 1132 1084
f 1132 1133 1116
f 1132 1116 1084
f 1168 1089 1088
f 1168 1088 1120
f 1090 1089 1168
f 1090 1168 1169
f 1121 1090 1169
f 1121 1169 1170
f 1092 1091 1171
f 1092 1171 1172
f 1171 1091 1173
f 1171 1173 1174
f 1091 1175 1173
f 1091 1094 1175
f 1176 1177 1092
f 1176 1092 1172
f 1095 1092 1177
f 1093 1098 1178
f 1093 1178 1094
f 1094 1178 1179
f 1094 1179 1175
f 1101 1095 1177
f 1101 1177 1180
f 1096 1099 1123
f 1097 1096 1181
f 1097 1181 1182
f 1096 1122 1181
f 1098 1097 1182
f 1098 1182 1183
f 1178 1098 1183
f 1178 1183 1184
f 1103 1185 1099
f 1099 1124 1123
f 1099 1185 1124
f 1105 1100 1101
f 1105 1101 1186
f 1186 1101 1180
f 1186 1180 1187
f 1102 1108 1188
f 1102 1188 1103
f 1103 1188 1185
f 1109 1104 1105
f 1109 1105 1189
f 1189 1105 1186
f 1189 1186 1190
f 1106 1113 1191
f 1106 1191 1107
f 1107 1191 1192
f 1107 1192 1108
f 1108 1192 1188
f 1115 1109 1189
f 1115 1189 1193
f 1110 1116 1133
f 1110 1133 1111
f 1111 1133 1112
f 1114 1112 1131
f 1113 1114 1194
f 1113 1194 1191
f 1114 1131 1194
f 1118 1115 1193
f 1118 1193 1195
f 1119 1117 1118
f 1119 1118 1196
f 1196 1118 1195
f 1196 1195 1197
f 1120 1119 1196
f 1120 1196 1198
f 1199 1168 1120
f 1199 1120 1198
f 1122 1121 1170
f 1122 1170 1181
f 1185 1200 1124
f 1124 1200 1125
f 1200 1201 1194
f 1200 1194 1125
f 1126 1125 1130
f 1125 1194 1130
f 1128 1161 1127
f 1130 1194 1131
f 1202 1165 1134
f 1202 1134 1135
f 1203 1202 1135
f 1203 1135 1136
f 1138 1203 1136
f 1138 1136 1137
f 1152 1204 1203
f 1152 1203 1138
f 1205 1206 1140
f 1205 1140 1139
f 1205 1139 1207
f 1205 1207 1208
f 1207 1139 1142
f 1209 1210 1140
f 1209 1140 1206
f 1210 1143 1140
f 1211 1142 1141
f 1211 1141 1146
f 1212 1207 1142
f 1212 1142 1211
f 1143 1213 1214
f 1143 1214 1144
f 1210 1215 1213
f 1210 1213 1143
f 1144 1214 1148
f 1144 1148 1145
f 1216 1211 1146
f 1216 1146 1150
f 1148 1153 1147
f 1217 1153 1148
f 1217 1148 1214
f 1218 1150 1149
f 1218 1149 1155
f 1219 1216 1150
f 1219 1150 1218
f 1151 1220 1156
f 1166 1220 1151
f 1153 1221 1204
f 1153 1204 1152
f 1217 1222 1221
f 1217 1221 1153
f 1223 1155 1154
f 1223 1154 1157
f 1224 1218 1155
f 1224 1155 1223
f 1156 1225 1159
f 1220 1225 1156
f 1226 1223 1157
f 1226 1157 1160
f 1159 1227 1167
f 1159 1167 1158
f 1167 1161 1158
f 1225 1227 1159
f 1228 1226 1160
f 1228 1160 1163
f 1229 1163 1162
f 1229 1162 1164
f 1230 1228 1163
f 1230 1163 1229
f 1229 1164 1165
f 1229 1165 1231
f 1232 1231 1165
f 1232 1165 1202
f 1166 1167 1220
f 1233 1167 1227
f 1167 1233 1220
f 1169 1168 1199
f 1169 1199 1234
f 1170 1169 1234
f 1170 1234 1235
f 1181 1170 1235
f 1181 1235 1182
f 1172 1171 1236
f 1172 1236 1237
f 1236 1171 1238
f 1236 1238 1239
f 1171 1174 1238
f 1240 1241 1172
f 1240 1172 1237
f 1176 1172 1241
f 1175 1179 1242
f 1175 1242 1173
f 1173 1242 1243
f 1173 1243 1174
f 1174 1243 1244
f 1174 1244 1238
f 1180 1177 1176
f 1180 1176 1245
f 1245 1176 1241
f 1245 1241 1246
f 1178 1184 1179
f 1242 1179 1184
f 1242 1184 1247
f 1187 1180 1245
f 1187 1245 1248
f 1182 1235 1249
f 1182 1249 1183
f 1183 1249 1250
f 1183 1250 1184
f 1184 1250 1251
f 1184 1251 1247
f 1188 1252 1185
f 1185 1252 1200
f 1190 1186 1187
f 1190 1187 1253
f 1253 1187 1248
f 1253 1248 1254
f 1192 1255 1188
f 1188 1255 1252
f 1193 1189 1190
f 1193 1190 1256
f 1256 1190 1253
f 1256 1253 1257
f 1191 1201 1258
f 1191 1258 1192
f 1191 1194 1201
f 1192 1258 1255
f 1195 1193 1256
f 1195 1256 1259
f 1197 1195 1259
f 1197 1259 1260
f 1198 1196 1197
f 1198 1197 1261
f 1261 1197 1260
f 1261 1260 1262
f 1263 1199 1198
f 1263 1198 1261
f 1234 1199 1263
f 1234 1263 1264
f 1252 1201 1200
f 1258 1201 1265
f 1252 1265 1201
f 1204 1232 1202
f 1204 1202 1203
f 1221 1266 1232
f 1221 1232 1204
f 1267 1268 1206
f 1267 1206 1205
f 1267 1205 1208
f 1267 1208 1269
f 1270 1209 1206
f 1270 1206 1268
f 1271 1208 1207
f 1271 1207 1212
f 1272 1269 1208
f 1272 1208 1271
f 1209 1273 1215
f 1209 1215 1210
f 1270 1274 1273
f 1270 1273 1209
f 1275 1212 1211
f 1275 1211 1216
f 1276 1271 1212
f 1276 1212 1275
f 1215 1277 1213
f 1277 1217 1214
f 1277 1214 1213
f 1278 1277 1215
f 1278 1215 1273
f 1279 1275 1216
f 1279 1216 1219
f 1277 1280 1222
f 1277 1222 1217
f 1281 1219 1218
f 1281 1218 1224
f 1282 1279 1219
f 1282 1219 1281
f 1220 1233 1225
f 1222 1283 1266
f 1222 1266 1221
f 1280 1284 1283
f 1280 1283 1222
f 1285 1224 1223
f 1285 1223 1226
f 1286 1281 1224
f 1286 1224 1285
f 1225 1233 1227
f 1287 1285 1226
f 1287 1226 1228
f 1288 1287 1228
f 1288 1228 1230
f 1230 1229 1231
f 1230 1231 1289
f 1288 1230 1289
f 1288 1289 1290
f 1266 1289 1231
f 1266 1231 1232
f 1235 1234 1264
f 1235 1264 1249
f 1237 1236 1291
f 1237 1291 1292
f 1291 1236 1239
f 1291 1239 1293
f 1294 1240 1237
f 1294 1237 1292
f 1238 1244 1295
f 1238 1295 1239
f 1239 1295 1296
f 1239 1296 1293
f 1246 1241 1240
f 1246 1240 1297
f 1297 1240 1294
f 1297 1294 1298
f 1243 1242 1247
f 1243 1247 1299
f 1243 1299 1244
f 1295 1244 1299
f 1295 1299 1300
f 1248 1245 1246
f 1248 1246 1301
f 1301 1246 1297
f 1301 1297 1302
f 1247 1251 1303
f 1247 1303 1299
f 1254 1248 1301
f 1254 1301 1304
f 1249 1264 1305
f 1249 1305 1250
f 1250 1305 1306
f 1250 1306 1251
f 1251 1306 1307
f 1251 1307 1303
f 1255 1265 1252
f 1257 1253 1254
f 1257 1254 1308
f 1308 1254 1304
f 1308 1304 1309
f 1258 1265 1255
f 1259 1256 1257
f 1259 1257 1310
f 1310 1257 1308
f 1310 1308 1311
f 1260 1259 1310
f 1260 1310 1312
f 1262 1260 1312
f 1262 1312 1313
f 1314 1263 1261
f 1314 1261 1262
f 1315 1314 1262
f 1315 1262 1313
f 1264 1263 1314
f 1264 1314 1305
f 1283 1290 1289
f 1283 1289 1266
f 1316 1267 1269
f 1316 1269 1317
f 1316 1318 1268
f 1316 1268 1267
f 1318 1319 1270
f 1318 1270 1268
f 1269 1272 1320
f 1269 1320 1317
f 1274 1270 1321
f 1270 1319 1321
f 1322 1272 1271
f 1322 1271 1276
f 1320 1272 1323
f 1272 1322 1323
f 1273 1274 1324
f 1273 1324 1278
f 1325 1274 1321
f 1325 1326 1324
f 1325 1324 1274
f 1327 1276 1275
f 1327 1275 1279
f 1328 1322 1276
f 1328 1276 1327
f 1278 1329 1280
f 1278 1280 1277
f 1324 1330 1329
f 1324 1329 1278
f 1331 1327 1279
f 1331 1279 1282
f 1329 1332 1284
f 1329 1284 1280
f 1333 1282 1281
f 1333 1281 1286
f 1334 1331 1282
f 1334 1282 1333
f 1284 1335 1290
f 1284 1290 1283
f 1332 1336 1335
f 1332 1335 1284
f 1337 1286 1285
f 1337 1285 1287
f 1338 1333 1286
f 1338 1286 1337
f 1339 1337 1287
f 1339 1287 1288
f 1339 1288 1290
f 1339 1290 1335
f 1291 1293 1340
f 1291 1340 1341
f 1292 1291 1341
f 1292 1341 1342
f 1343 1294 1292
f 1343 1292 1342
f 1344 1293 1296
f 1344 1340 1293
f 1343 1345 1298
f 1343 1298 1294
f 1300 1346 1296
f 1300 1296 1295
f 1344 1296 1347
f 1296 1346 1348
f 1296 1348 1347
f 1302 1297 1298
f 1302 1298 1349
f 1350 1298 1345
f 1350 1349 1298
f 1299 1303 1351
f 1299 1351 1300
f 1300 1351 1352
f 1300 1352 1346
f 1304 1301 1302
f 1304 1302 1353
f 1353 1302 1349
f 1353 1349 1354
f 1303 1307 1355
f 1303 1355 1351
f 1309 1304 1353
f 1309 1353 1356
f 1305 1314 1315
f 1305 1315 1306
f 1306 1315 1357
f 1306 1357 1307
f 1307 1357 1358
f 1307 1358 1355
f 1311 1308 1309
f 1311 1309 1359
f 1359 1309 1356
f 1359 1356 1360
f 1312 1310 1311
f 1312 1311 1361
f 1361 1311 1359
f 1361 1359 1362
f 1313 1312 1361
f 1313 1361 1363
f 1357 1315 1313
f 1357 1313 1363
f 1364 1316 1317
f 1364 1317 1365
f 1364 1366 1318
f 1364 1318 1316
f 1317 1320 1367
f 1317 1367 1365
f 1366 1368 1319
f 1366 1319 1318
f 1319 1368 1321
f 1367 1320 1323
f 1369 1326 1321
f 1326 1325 1321
f 1370 1369 1321
f 1371 1370 1321
f 1371 1321 1368
f 1370 1323 1322
f 1370 1322 1369
f 1322 1328 1372
f 1322 1372 1373
f 1322 1373 1369
f 1371 1367 1323
f 1371 1323 1370
f 1326 1374 1330
f 1326 1330 1324
f 1369 1373 1326
f 1373 1372 1326
f 1374 1326 1372
f 1375 1328 1327
f 1375 1327 1331
f 1328 1375 1376
f 1328 1376 1372
f 1330 1377 1332
f 1330 1332 1329
f 1374 1378 1377
f 1374 1377 1330
f 1379 1375 1331
f 1379 1331 1334
f 1377 1380 1336
f 1377 1336 1332
f 1381 1334 1333
f 1381 1333 1338
f 1382 1379 1334
f 1382 1334 1381
f 1383 1339 1335
f 1383 1335 1336
f 1336 1380 1384
f 1336 1384 1383
f 1383 1338 1337
f 1383 1337 1339
f 1384 1381 1338
f 1384 1338 1383
f 1344 1385 1340
f 1341 1340 1385
f 1341 1385 1386
f 1342 1341 1386
f 1342 1386 1387
f 1388 1343 1342
f 1388 1342 1387
f 1388 1389 1345
f 1388 1345 1343
f 1344 1348 1390
f 1344 1347 1348
f 1344 1390 1391
f 1385 1344 1391
f 1385 1391 1392
f 1350 1345 1389
f 1346 1352 1393
f 1346 1393 1348
f 1348 1394 1390
f 1348 1395 1394
f 1395 1348 1393
f 1390 1349 1350
f 1390 1350 1391
f 1394 1395 1354
f 1394 1354 1349
f 1390 1394 1349
f 1350 1389 1392
f 1391 1350 1392
f 1351 1355 1396
f 1351 1396 1352
f 1352 1396 1397
f 1352 1397 1393
f 1356 1353 1354
f 1356 1354 1398
f 1395 1399 1398
f 1395 1398 1354
f 1355 1358 1400
f 1355 1400 1396
f 1360 1356 1398
f 1360 1398 1401
f 1358 1357 1363
f 1358 1363 1402
f 1402 1403 1400
f 1402 1400 1358
f 1362 1359 1360
f 1362 1360 1404
f 1404 1360 1401
f 1404 1401 1405
f 1363 1361 1362
f 1363 1362 1402
f 1402 1362 1404
f 1402 1404 1403
f 1365 1406 1364
f 1406 1366 1364
f 1406 1365 1367
f 1366 1406 1368
f 1406 1367 1371
f 1406 1371 1407
f 1407 1371 1368
f 1407 1368 1406
f 1372 1376 1408
f 1372 1408 1374
f 1409 1374 1410
f 1374 1408 1410
f 1409 1378 1374
f 1375 1379 1411
f 1411 1376 1375
f 1408 1376 1410
f 1376 1411 1410
f 1378 1412 1380
f 1378 1380 1377
f 1409 1413 1378
f 1412 1378 1413
f 1412 1413 1414
f 1411 1379 1415
f 1415 1379 1382
f 1412 1416 1384
f 1412 1384 1380
f 1416 1382 1381
f 1416 1381 1384
f 1382 1417 1415
f 1417 1382 1418
f 1382 1416 1419
f 1382 1419 1418
f 1420 1385 1392
f 1420 1392 1421
f 1385 1420 1386
f 1387 1386 1420
f 1387 1420 1388
f 1389 1388 1420
f 1421 1392 1389
f 1421 1389 1420
f 1422 1393 1423
f 1422 1424 1393
f 1393 1424 1395
f 1393 1397 1423
f 1424 1399 1395
f 1396 1400 1425
f 1396 1425 1397
f 1397 1426 1423
f 1427 1426 1397
f 1427 1397 1425
f 1428 1401 1398
f 1398 1399 1428
f 1422 1399 1424
f 1422 1428 1399
f 1400 1403 1429
f 1400 1429 1425
f 1430 1401 1428
f 1405 1401 1430
f 1403 1404 1405
f 1403 1405 1429
f 1430 1431 1405
f 1432 1405 1431
f 1432 1433 1429
f 1432 1429 1405
f 1434 1409 1410
f 1434 1435 1409
f 1435 1436 1409
f 1436 1413 1409
f 1411 1415 1410
f 1415 1437 1410
f 1437 1434 1410
f 1416 1412 1414
f 1414 1413 1436
f 1416 1414 1438
f 1414 1439 1438
f 1439 1414 1440
f 1441 1440 1414
f 1441 1414 1436
f 1437 1415 1442
f 1442 1415 1417
f 1419 1416 1438
f 1417 1443 1444
f 1417 1444 1442
f 1443 1417 1418
f 1418 1419 1445
f 1418 1445 1443
f 1445 1419 1438
f 1422 1430 1428
f 1422 1446 1430
f 1422 1447 1446
f 1422 1423 1447
f 1423 1448 1447
f 1423 1449 1448
f 1423 1426 1449
f 1427 1425 1429
f 1449 1426 1427
f 1450 1427 1429
f 1450 1451 1427
f 1452 1427 1451
f 1427 1452 1453
f 1449 1427 1453
f 1450 1429 1433
f 1454 1430 1446
f 1431 1430 1454
f 1454 1455 1456
f 1454 1456 1431
f 1432 1431 1456
f 1456 1457 1433
f 1456 1433 1432
f 1450 1433 1457
f 1458 1435 1434
f 1458 1434 1444
f 1434 1437 1442
f 1434 1442 1444
f 1441 1436 1435
f 1440 1441 1435
f 1440 1435 1458
f 1439 1445 1438
f 1458 1445 1439
f 1458 1439 1440
f 1444 1443 1445
f 1444 1445 1458
f 1455 1454 1446
f 1455 1446 1447
f 1455 1447 1448
f 1455 1448 1459
f 1448 1449 1453
f 1459 1448 1453
f 1459 1453 1452
f 1450 1457 1451
f 1452 1451 1457
f 1452 1457 1459
f 1459 1457 1456
f 1459 1456 1455
