v 0.0324795462 -0.00367451833 0.170149071
v 0.0354089232 0.000797896005 0.171440961
v 0.0346245072 -0.0101141843 0.168457408
v 0.0557072472 -0.00396592776 0.177750734
v 0.0527339172 0.00243456501 0.17644112
v 0.0478114912 0.00555121051 0.174271888
v 0.0398564962 0.00564102211 0.170765487
v 0.0337273482 -0.0101151397 0.170697538
v 0.0548100892 -0.00396592776 0.179990865
v 0.0518367602 0.00243456501 0.178682233
v 0.0333767012 -0.00367356311 0.167907973
v 0.0363060812 0.000797896005 0.169199863
v 0.0389583842 0.00564102211 0.173006585
v 0.0340818182 -0.0151636847 0.168216173
v 0.0331846592 -0.0151636847 0.170457286
v 0.0557034252 -0.0162786835 0.177745805
v 0.0548062672 -0.0162796387 0.179986917
v 0.0469143332 0.00555121051 0.176512019
v 0.0527272292 -0.0226772649 0.176433241
v 0.0478019362 -0.0257891339 0.17426106
v 0.0398469432 -0.0258732115 0.170755642
v 0.0362993942 -0.0210262644 0.169192966
v 0.0354022352 -0.0210272201 0.171433082
v 0.0389497842 -0.0258732115 0.172995757
v 0.0469047782 -0.0257891339 0.176502173
v 0.0518300712 -0.0226772649 0.178673371
v 0.0237602002 -0.00374426576 0.196757822
v 0.0267354402 0.000683243205 0.197818323
v 0.0257733112 -0.0101199169 0.194929292
v 0.0471866332 -0.00403280863 0.202554579
v 0.0441674422 0.00230462501 0.201480299
v 0.0391666702 0.00538878581 0.19970101
v 0.0310865142 0.00547859741 0.196824788
v 0.0250280662 -0.0101208724 0.19720782
v 0.0464413902 -0.00403280863 0.204832124
v 0.0434212442 0.00230366941 0.203758828
v 0.0245054412 -0.00374426576 0.194479293
v 0.0274806812 0.000683243205 0.195539795
v 0.0303412702 0.00547764171 0.199102334
v 0.0252220232 -0.0151187794 0.194732353
v 0.0244767782 -0.0151187794 0.197009899
v 0.0471828122 -0.0162223123 0.202549663
v 0.0464375672 -0.016223268 0.204828192
v 0.0441597992 -0.0225568799 0.201472435
v 0.0391571152 -0.0256381736 0.199691165
v 0.0310779152 -0.0257203417 0.19681396
v 0.0274749512 -0.020923077 0.195532898
v 0.0384214252 0.00538878581 0.201979539
v 0.0267287522 -0.020923077 0.197810444
v 0.0303317162 -0.0257212973 0.199092473
v 0.0384118722 -0.0256381736 0.201968696
v 0.0434145562 -0.0225568799 0.203749966
v 0.0171915492 -0.00375095367 0.224462508
v 0.0202374912 0.000676555305 0.225258122
v 0.0190622982 -0.010126605 0.222463628
v 0.0409839162 -0.00403854131 0.228185553
v 0.0378921122 0.00229793711 0.227381076
v 0.0327738212 0.00538305361 0.226045858
v 0.0245016182 0.00547190951 0.223887469
v 0.0184899932 -0.010126605 0.224799277
v 0.0404106532 -0.00403949653 0.230521188
v 0.0373198032 0.00229793711 0.229715729
v 0.0177648122 -0.00374999845 0.222126874
v 0.0208107542 0.000676555305 0.222922488
v 0.0239283552 0.00547190951 0.226222121
v 0.0184976352 -0.0151254673 0.222315932
v 0.0179253262 -0.0151254673 0.224650583
v 0.0409800952 -0.0162290007 0.228181621
v 0.0404077862 -0.0162290007 0.230517255
v 0.0378854252 -0.0225626121 0.227372214
v 0.0327642642 -0.0256439059 0.226035029
v 0.0244920652 -0.0257270296 0.223876641
v 0.0208040662 -0.0209297658 0.222915591
v 0.0322005542 0.00538209791 0.22838051
v 0.0202308032 -0.0209297658 0.225251241
v 0.0239197562 -0.0257279852 0.226212276
v 0.0321910012 -0.0256448615 0.228370664
v 0.0373121602 -0.0225635678 0.229707849
v 0.0127124442 -0.00375764158 0.249073362
v 0.0158348222 0.000669867405 0.24937763
v 0.0142946562 -0.0101323377 0.246801729
v 0.0367694692 -0.00404427399 0.248984738
v 0.0335993202 0.00229220401 0.248679502
v 0.0283510882 0.00537731951 0.248171414
v 0.0198706032 0.00546617551 0.247348229
v 0.0140433742 -0.0101332931 0.249200383
v 0.0365181892 -0.00404427399 0.25138439
v 0.0333480382 0.00229220401 0.251078156
v 0.0129637272 -0.00375668636 0.246674707
v 0.0160861042 0.000670823105 0.246978976
v 0.0196193202 0.00546522161 0.249746884
v 0.0137156592 -0.0151312 0.24674364
v 0.0134643772 -0.0151321552 0.249143277
v 0.0367656482 -0.0162337777 0.248980806
v 0.0365143682 -0.0162347329 0.25137946
v 0.0335926322 -0.0225683453 0.248670639
v 0.0283424892 -0.0256496399 0.248160571
v 0.0198620042 -0.0257327618 0.247337386
v 0.0160794162 -0.0209354981 0.246972079
v 0.0280998062 0.00537636571 0.250570068
v 0.0158290922 -0.0209364537 0.249370734
v 0.0196107212 -0.0257337175 0.249736056
v 0.0280912072 -0.0256505938 0.25055924
v 0.0333413502 -0.0225693009 0.251070277
v 0.0108512482 -0.00408249144 0.271990585
v 0.0138245772 0.000123356005 0.272177662
v 0.0122901412 -0.0101380703 0.269782955
v 0.0336939092 -0.00435479192 0.271121108
v 0.0306747182 0.00166543591 0.270934031
v 0.0256768112 0.00459577031 0.270622881
v 0.0176004762 0.00467984881 0.270118726
v 0.0121181642 -0.0101390257 0.27206838
v 0.0335219312 -0.00435479192 0.273406533
v 0.0305036942 0.00166448021 0.273220424
v 0.0110222722 -0.00408153577 0.26970516
v 0.0139965582 0.000124310805 0.269892237
v 0.0174294522 0.00467889401 0.27240415
v 0.0117388532 -0.0148866072 0.269746508
v 0.0115678292 -0.0148875625 0.272031933
v 0.0336900862 -0.0159347251 0.271117176
v 0.0335181082 -0.0159347251 0.273402601
v 0.0306680302 -0.021952086 0.270926166
v 0.0256682122 -0.0248795543 0.270613021
v 0.0175918772 -0.0249579005 0.270108866
v 0.0139898702 -0.020400452 0.26988537
v 0.0255057872 0.00459481471 0.272909274
v 0.0138188462 -0.0204014068 0.272170766
v 0.0174198992 -0.0249588562 0.272394291
v 0.0254962342 -0.0248795543 0.272899443
v 0.0304960522 -0.0219530416 0.273212559
v 0.00995122421 -0.00409682293 0.318148976
v 0.0129006672 0.000109979305 0.317679303
v 0.0109477482 -0.0101524019 0.315672542
v 0.0321776252 -0.00436625729 0.312286252
v 0.0291832752 0.00165301491 0.312766783
v 0.0242254992 0.00458239451 0.313558436
v 0.0162150902 0.00466647301 0.314837546
v 0.0112076292 -0.0101533573 0.317946141
v 0.0324375042 -0.00436721251 0.31455985
v 0.0294441112 0.00165205921 0.315040382
v 0.00969038921 -0.0040958677 0.315875378
v 0.0126398312 0.000110934905 0.315406673
v 0.0164749682 0.00466551731 0.317111145
v 0.0104012362 -0.0149009387 0.315758202
v 0.0106611142 -0.0149018944 0.3180318
v 0.0321738032 -0.0159461901 0.312282319
v 0.0324346382 -0.0159471457 0.314555918
v 0.0291765882 -0.021964507 0.31275889
v 0.0242178542 -0.0248919753 0.313548605
v 0.0162064902 -0.024972232 0.314827686
v 0.0126341012 -0.0204147835 0.315399776
v 0.0244863352 0.00458143881 0.315832065
v 0.0128949362 -0.0204157383 0.317672406
v 0.0164673262 -0.024972232 0.317101285
v 0.0244777362 -0.024892931 0.315822204
v 0.0294374232 -0.0219654627 0.315032488
v 0.0263637722 -0.00412070889 0.381650362
v 0.0286434522 8.60938054e-05 0.380872472
v 0.0267402172 -0.0101762879 0.378648115
v 0.0431470332 -0.00438918758 0.373043367
v 0.0408339112 0.00163008411 0.373837015
v 0.0370025972 0.00455946381 0.375146615
v 0.0308123032 0.00464258661 0.377262687
v 0.0273345012 -0.0101772433 0.381315589
v 0.0437413172 -0.00439014325 0.37571084
v 0.0414281962 0.00162912941 0.376504488
v 0.0257694882 -0.00411975366 0.37898192
v 0.0280491682 8.70485054e-05 0.378204999
v 0.0314065872 0.00464163181 0.37993016
v 0.0263169572 -0.0149248247 0.378789913
v 0.0269121952 -0.0149257803 0.381457386
v 0.0431432102 -0.0159691208 0.373039434
v 0.0437374942 -0.015970076 0.375707876
v 0.0408262682 -0.0219874377 0.37382915
v 0.0369930432 -0.024914906 0.375136784
v 0.0308027462 -0.0249951627 0.377252827
v 0.0280424802 -0.020438669 0.378198132
v 0.0375968822 0.00455850811 0.377815086
v 0.0286367642 -0.0204396247 0.380865606
v 0.0313970302 -0.0249961184 0.3799203
v 0.0375882822 -0.0249158608 0.377805226
v 0.0414205522 -0.0219883925 0.376496623
v 0.0146605872 -0.00410446651 0.340269588
v 0.0175737242 0.000102335705 0.339580322
v 0.0154965972 -0.0101600454 0.337725219
v 0.0346837442 -0.00437390042 0.333146505
v 0.0317266562 0.00164537131 0.333850532
v 0.0286109662 0.00457475091 0.334618591
v 0.0206989672 0.00465882941 0.336496348
v 0.0159026592 -0.0101610009 0.339973228
v 0.0350898062 -0.00437390042 0.335394485
v 0.0321327182 0.00164441651 0.336098541
v 0.0142545252 -0.00410351128 0.338022577
v 0.0171676632 0.000102335705 0.337332342
v 0.0211050292 0.00465787371 0.338744358
v 0.0149567732 -0.0149085823 0.337851258
v 0.0153628352 -0.014909538 0.340099238
v 0.0346799232 -0.0159538336 0.333142543
v 0.0350859852 -0.0159547893 0.335390552
v 0.0317199682 -0.0219711949 0.333842667
v 0.0286023672 -0.0248996189 0.334608731
v 0.0206903682 -0.0249798756 0.336486488
v 0.0171619292 -0.0204224271 0.337325446
v 0.0290170282 0.00457379531 0.336866571
v 0.0175679902 -0.0204233819 0.339573426
v 0.0210964342 -0.0249798756 0.338734498
v 0.0290084322 -0.0249005746 0.33685674
v 0.0321260302 -0.0219721506 0.336090647
v 0.0176797772 -0.00411211008 0.362217912
v 0.0205680752 9.46921054e-05 0.361403576
v 0.0183954012 -0.0101676889 0.359387953
v 0.0391781342 -0.004381544 0.353516366
v 0.0362468442 0.00163772771 0.354347429
v 0.0313941652 0.00456710741 0.355720063
v 0.0235519142 0.00465118581 0.357936556
v 0.0189103842 -0.0101686444 0.361867352
v 0.0396931162 -0.00438249967 0.355996762
v 0.0367627812 0.00163677291 0.356827825
v 0.0171647972 -0.00411115441 0.359737516
v 0.0200521372 9.46921054e-05 0.358923209
v 0.0240668942 0.00465023021 0.360415954
v 0.0178603582 -0.0149162259 0.359536647
v 0.0183753372 -0.0149171811 0.362017043
v 0.0391743132 -0.0159614772 0.353512433
v 0.0396902502 -0.0159624329 0.35599283
v 0.0362401562 -0.0219797942 0.354339565
v 0.0313846122 -0.0249072625 0.355710203
v 0.0235433152 -0.0249875191 0.357926696
v 0.0200464032 -0.0204300707 0.358916313
v 0.0319091482 0.00456615171 0.35820046
v 0.0205613872 -0.0204310254 0.36139668
v 0.0240582942 -0.0249884748 0.360406123
v 0.0319005492 -0.0249082172 0.3581906
v 0.0367551382 -0.0219807498 0.356819932
v 0.0312451162 -0.00412835247 0.400412297
v 0.0335075972 7.84502054e-05 0.399577272
v 0.0315556322 -0.0101839314 0.397401159
v 0.0478372872 -0.00439683116 0.391380878
v 0.0455423202 0.00162244061 0.39223263
v 0.0417406252 0.00455182021 0.393640714
v 0.0355971452 0.00463494301 0.395913314
v 0.0322082002 -0.0101848869 0.400052874
v 0.0484898532 -0.00439778683 0.394032593
v 0.0461948862 0.00162148581 0.394884345
v 0.0305925522 -0.00412739724 0.397760553
v 0.0328550332 7.94050054e-05 0.396925557
v 0.0362497112 0.00463398821 0.398565029
v 0.0311361952 -0.0149324683 0.397553785
v 0.0317887622 -0.0149334239 0.4002055
v 0.0478344222 -0.0159767644 0.391376946
v 0.0484860302 -0.0159777196 0.394028661
v 0.0455346762 -0.0219941257 0.392224736
v 0.0417310702 -0.0249225496 0.393630853
v 0.0355875902 -0.0250028063 0.395903484
v 0.0328483452 -0.0204453569 0.396918661
v 0.0423931912 0.00455086451 0.396292429
v 0.0335009102 -0.0204463126 0.399570405
v 0.0362401562 -0.025003762 0.398555199
v 0.0423836362 -0.0249235044 0.396282568
v 0.0461872422 -0.0219950813 0.39487648
v 0.0456493302 0.000802673505 0.145592389
v 0.0428240932 -0.00366878565 0.14405432
v 0.0440279482 -0.0101094071 0.144708152
v 0.0643587564 -0.0039611503 0.155775838
v 0.0614924365 0.00244029721 0.154216127
v 0.0438817662 -0.00366878565 0.141896916
v 0.0467060462 0.000803629105 0.143434969
v 0.0490726712 0.00564675441 0.14745637
v 0.0501303442 0.00564675441 0.14529895
v 0.0450856202 -0.0101094071 0.142550732
v 0.0445620402 -0.015157952 0.142264203
v 0.0435043682 -0.0151589077 0.144422591
v 0.0456426422 -0.0210214879 0.145585494
v 0.0490640722 -0.0258674792 0.147446524
v 0.0567353006 -0.0257843555 0.151622501
v 0.0643558901 -0.016273906 0.155770923
v 0.0654164285 -0.00396019508 0.15361745
v 0.0654126068 -0.016273906 0.153613503
v 0.0625491531 0.00244029721 0.152058707
v 0.0578015714 0.00555598711 0.149474942
v 0.0567438994 0.00555598711 0.151632346
v 0.0467003142 -0.0210214879 0.143427091
v 0.0501207892 -0.0258674792 0.145288121
v 0.0577929726 -0.0257843555 0.149464113
v 0.0625424649 -0.0226715327 0.152049845
v 0.0614847929 -0.0226724883 0.154208247
v 0.00830691321 -0.00377006262 0.295517314
v 0.0114388442 0.000657446405 0.295318411
v 0.00956140321 -0.0101447584 0.293019193
v 0.0321031012 -0.00405573892 0.291576658
v 0.0289243512 0.00228073951 0.291782458
v 0.0236608322 0.00536585511 0.292121193
v 0.0151545492 0.00545375531 0.292665698
v 0.00964166221 -0.0101457138 0.295429688
v 0.0321833602 -0.00405573892 0.293988121
v 0.0290046102 0.00228073951 0.294193922
v 0.00822760921 -0.00376910695 0.293106848
v 0.0113595432 0.000658402005 0.292907945
v 0.0152348072 0.00545279971 0.295077161
v 0.00898145321 -0.0151436206 0.293054643
v 0.00906171121 -0.0151445762 0.295465137
v 0.0320992782 -0.0162452431 0.291572726
v 0.0321795372 -0.0162461983 0.29398419
v 0.0289167092 -0.0225798106 0.291774593
v 0.0236512792 -0.0256611044 0.292110364
v 0.0151459502 -0.0257451837 0.292655867
v 0.0113528552 -0.0209479191 0.29290005
v 0.0237401332 0.00536489941 0.294532656
v 0.0114321562 -0.0209479191 0.295311514
v 0.0152252542 -0.0257461394 0.295066333
v 0.0237305802 -0.02566206 0.294521798
v 0.0289969642 -0.0225807654 0.294186027
v 0.0608828655 -0.00338502025 0.0947420317
v 0.0640358177 0.00127657181 0.0955081101
v 0.0629083985 -0.0100988973 0.0924891077
v 0.0856048756 -0.00368885027 0.0979924313
v 0.0824051082 0.00298394341 0.0972194644
v 0.0771052823 0.00623243931 0.095935454
v 0.0685407176 0.00632607181 0.0938587852
v 0.0622262142 -0.0100988973 0.0950659916
v 0.0849226929 -0.00368980549 0.100570298
v 0.081721968 0.00298298771 0.0997963484
v 0.0615650498 -0.00338502025 0.0921651478
v 0.0647189573 0.00127752741 0.0929312262
v 0.0678585334 0.00632607181 0.0964366523
v 0.0623236692 -0.0153624164 0.092345344
v 0.0616414849 -0.0153624164 0.0949232111
v 0.0856010547 -0.0165251867 0.0979884914
v 0.0849179146 -0.0165251867 0.100565375
v 0.0823955533 -0.0231951134 0.0972096192
v 0.0770938169 -0.0264388327 0.095922652
v 0.0685292522 -0.0265257773 0.0938469663
v 0.0647113138 -0.0214734111 0.0929223641
v 0.0764221421 0.00623148371 0.098512338
v 0.0640281742 -0.0214743659 0.0955002312
v 0.067847068 -0.026526733 0.0964238503
v 0.0764106768 -0.0264388327 0.0985005191
v 0.0817133688 -0.0231951134 0.0997865031
v 0.0648049469 -0.00320635272 0.0693257191
v 0.0681174574 0.00157658001 0.0693966178
v 0.0663231411 -0.0100922092 0.0645224983
v 0.0901642354 -0.00351591542 0.0650197567
v 0.086802999 0.00332885651 0.064952798
v 0.0812356496 0.00666047621 0.0648375951
v 0.0722392254 0.00675697571 0.0646514895
v 0.0662161319 -0.0100931646 0.0693532937
v 0.0900572271 -0.00351687109 0.0698505489
v 0.0866959889 0.00332790181 0.069782606
v 0.0649119562 -0.00320444182 0.0644959111
v 0.068224467 0.00157753571 0.0645658224
v 0.0721322162 0.00675602001 0.0694812985
v 0.0657087932 -0.0154914007 0.0645087131
v 0.065601784 -0.0154923564 0.0693385211
v 0.0901604145 -0.0166828344 0.0650158167
v 0.0900534045 -0.01668379 0.0698456258
v 0.0867934441 -0.0235247402 0.064943939
v 0.0812241833 -0.026852538 0.0648267625
v 0.0722277609 -0.0269423496 0.0646396748
v 0.0682168234 -0.0217600426 0.0645579477
v 0.0811286395 0.00665952051 0.0696683863
v 0.0681098138 -0.021761954 0.0693887389
v 0.0721207508 -0.026944261 0.069470466
v 0.081117175 -0.0268544494 0.0696565716
v 0.086686434 -0.0235256959 0.0697737439
v 0.0622548774 -0.00363630089 0.0166822862
v 0.0650762919 0.000836113905 0.0152614067
v 0.0605952781 -0.0100740558 0.0102454962
v 0.0809022009 -0.00392102196 3.93892887e-06
v 0.0780387465 0.00247851511 0.0014514046
v 0.073297853 0.00559420501 0.00384513867
v 0.0656352243 0.00568306091 0.00771095414
v 0.0634558656 -0.0100769221 0.0160727756
v 0.0837627875 -0.00392388852 0.00583121833
v 0.0808993339 0.00247660471 0.007278684
v 0.0593942902 -0.00363343477 0.0108550067
v 0.0622157045 0.000838980005 0.0094341273
v 0.0684958118 0.00568019571 0.0135382335
v 0.0600726525 -0.0151235564 0.0105074184
v 0.0629322844 -0.0151264225 0.0163346978
v 0.0808974226 -0.0162347329 0
v 0.0837580109 -0.0162375995 0.00582727941
v 0.0780301481 -0.0226333148 0.00144352777
v 0.0732854329 -0.0257461394 0.00383529238
v 0.065623759 -0.0258311727 0.00770110784
v 0.0622071055 -0.0209861361 0.00942625048
v 0.0761584404 0.00559133971 0.00967241807
v 0.065067693 -0.0209880474 0.0152535299
v 0.0684843464 -0.0258340397 0.0135283872
v 0.0761460203 -0.0257490046 0.00966257075
v 0.0808907347 -0.0226361809 0.00727080718
v 0.0662018002 -0.00288532509 0.041701777
v 0.0696117658 0.00211544781 0.0410243245
v 0.0668295244 -0.0100845657 0.0364426535
v 0.0913738233 -0.00320730838 0.0315537626
v 0.0879132203 0.00394893761 0.0322469729
v 0.0821815349 0.00743247221 0.0333901743
v 0.0729204542 0.00753279261 0.0352354471
v 0.0676540692 -0.0100864765 0.0414103138
v 0.0921983687 -0.00320921928 0.0365214259
v 0.088737764 0.00394702631 0.0372136489
v 0.0653772555 -0.0028834142 0.0367350989
v 0.0687872208 0.00211735921 0.0360566612
v 0.0737449997 0.00753088131 0.0402031093
v 0.066197023 -0.0157302607 0.0365657353
v 0.0670215677 -0.0157312164 0.0415333986
v 0.091368091 -0.016975199 0.0315498247
v 0.0921926347 -0.0169761547 0.036517488
v 0.0879027097 -0.0241285785 0.0322371255
v 0.0821691147 -0.027609247 0.0333783575
v 0.0729070784 -0.0277028795 0.0352246145
v 0.068778622 -0.022284579 0.0360487843
v 0.0830060803 0.00743056091 0.0383578356
v 0.0696031666 -0.0222864903 0.0410164466
v 0.0737325787 -0.0277047908 0.0401912926
v 0.0829936584 -0.0276111583 0.0383460198
v 0.0887272552 -0.0241304898 0.0372047878
v 0.0502507292 -0.00250219361 0.116685412
v 0.0536071902 0.00277565721 0.118219527
v 0.0528896542 -0.010102719 0.114977997
v 0.0770536877 -0.00284710764 0.126014182
v 0.0736465888 0.00470755701 0.124459385
v 0.0680037602 0.00838600111 0.121883491
v 0.0588869515 0.00849300941 0.117719319
v 0.0516800672 -0.0101036745 0.117337262
v 0.0758441007 -0.00284710764 0.128373454
v 0.0724370019 0.00470755701 0.126819641
v 0.0514603162 -0.00250123795 0.114326146
v 0.0548177322 0.00277661291 0.115860261
v 0.0576764089 0.00849205551 0.120079574
v 0.0522676632 -0.0160617985 0.114692444
v 0.0510580762 -0.0160627537 0.11705171
v 0.0770489111 -0.0173793503 0.126009258
v 0.0758393242 -0.0173793503 0.128368531
v 0.0736370348 -0.024931148 0.124449539
v 0.0679922949 -0.0286038589 0.121871672
v 0.0588745309 -0.0287022698 0.1177075
v 0.0548091332 -0.0229820506 0.115851399
v 0.0667941731 0.00838600111 0.124242757
v 0.0535995462 -0.0229820506 0.118210665
v 0.0576649435 -0.0287022698 0.120066772
v 0.0667827077 -0.0286038589 0.124230945
v 0.0724274479 -0.024931148 0.126809796
v 0.0502908572 -0.00354648973 0.449878187
v 0.0523335882 0.00108070661 0.448945705
v 0.0509768632 -0.0102078174 0.445790833
v 0.0635944044 -0.00384076527 0.440600618
v 0.0615230103 0.00278043471 0.441551822
v 0.0580929808 0.00600217811 0.443123359
v 0.0546247332 0.00609294531 0.444129674
v 0.0511603072 -0.0102087729 0.449477416
v 0.0645316911 -0.0038417205 0.444324645
v 0.0624602971 0.00277852331 0.445275849
v 0.0501074132 -0.00354553406 0.446191575
v 0.0521501442 0.00108166231 0.445259093
v 0.0548081782 0.00609198971 0.447816286
v 0.0505975532 -0.0154312082 0.445961154
v 0.0507809982 -0.0154321634 0.449647766
v 0.0635896272 -0.0165786917 0.440596686
v 0.0645269139 -0.0165806026 0.444320713
v 0.0615144115 -0.0231989351 0.441542959
v 0.0580815154 -0.0264197246 0.443112531
v 0.0546132682 -0.0265085806 0.444118846
v 0.0521415442 -0.021496341 0.445252197
v 0.059029312 0.00600122241 0.446847358
v 0.0523259442 -0.0214972966 0.448938809
v 0.0547967132 -0.0265095345 0.447805458
v 0.0590188023 -0.0264206785 0.446836529
v 0.0624516981 -0.0231998908 0.445267955
v 0.0367226542 -0.0101887086 0.417854743
v 0.0362573552 -0.0154120992 0.418009334
v 0.0381577252 -0.0214772329 0.417366346
v 0.0411979342 -0.0264894707 0.416340311
v 0.0480159552 -0.0264006148 0.414043089
v 0.0360805992 -0.0101877532 0.414916469
v 0.0356535162 -0.00352642511 0.4182171
v 0.0350114602 -0.00352546989 0.415279825
v 0.0356143442 -0.015411144 0.415071061
v 0.0547928912 -0.00382261155 0.411770459
v 0.0547890692 -0.016560538 0.411765529
v 0.0522456882 0.00279858801 0.412631074
v 0.0480264652 0.00602128611 0.414053918
v 0.0412074892 0.00611205341 0.41635114
v 0.0381644122 0.00110077031 0.417373242
v 0.0375147142 -0.0214753216 0.41442907
v 0.0405549232 -0.0264885151 0.413402067
v 0.0473738992 -0.0263996591 0.411105814
v 0.0515950332 -0.0231798271 0.409684936
v 0.0522380442 -0.0231807819 0.412622211
v 0.0405654342 0.00611300911 0.413412896
v 0.0473834532 0.00602224181 0.411116642
v 0.0516026772 0.00279954271 0.409693798
v 0.0541508352 -0.00382165633 0.408832215
v 0.0541470132 -0.0165595828 0.408828254
v 0.0375223572 0.00110172601 0.414435967
v 0.0457200322 -0.00353502436 0.435311949
v 0.0477484312 0.00109217201 0.434376533
v 0.0455872262 -0.0101963521 0.431246252
v 0.0601777508 -0.00382929991 0.424500287
v 0.0581216438 0.00279189921 0.425454426
v 0.0547145452 0.00601364261 0.427031862
v 0.0492093002 0.00610440981 0.429578226
v 0.0465837492 -0.0101973076 0.434909241
v 0.0611389236 -0.00383025513 0.428908651
v 0.0590818614 0.00278998871 0.429862789
v 0.0447244642 -0.00353406869 0.431647991
v 0.0467519082 0.00109312771 0.430712575
v 0.0502058232 0.00610345421 0.433242184
v 0.0452107832 -0.0154197428 0.4314176
v 0.0462073062 -0.015420698 0.435081558
v 0.060173929 -0.0165672264 0.424495357
v 0.0611341464 -0.0165681816 0.428903721
v 0.058113045 -0.0231874698 0.425445563
v 0.0547049902 -0.0264082584 0.427021033
v 0.0491997452 -0.0264971143 0.429567398
v 0.0467452202 -0.0214848765 0.430704681
v 0.0556757172 0.00601268871 0.431440226
v 0.0477407882 -0.0214858313 0.434368639
v 0.0501953132 -0.02649807 0.433231355
v 0.0556652072 -0.0264092141 0.431429397
v 0.0590742178 -0.0231884254 0.429853927
v 0.0532613212 -0.00355317764 0.466100624
v 0.0551473592 0.00107401871 0.465276456
v 0.0533167362 -0.0102145055 0.461804506
v 0.0668858953 -0.00384745318 0.455860054
v 0.0649731044 0.00277374591 0.456701946
v 0.0618048653 0.00599549021 0.458091337
v 0.0566856174 0.00608625741 0.460336382
v 0.0540638902 -0.0102164164 0.46574616
v 0.0676330494 -0.00384840841 0.459801708
v 0.065721214 0.00277183541 0.460642602
v 0.0525141662 -0.00355222197 0.462159968
v 0.0543992492 0.00107497351 0.461335801
v 0.0574327718 0.00608530181 0.464277009
v 0.0529660892 -0.0154378961 0.461956164
v 0.0537141992 -0.015439807 0.46589682
v 0.0668820736 -0.0165853796 0.455856122
v 0.067630183 -0.0165863349 0.459796778
v 0.0649654609 -0.0232056239 0.456693084
v 0.0617953108 -0.0264264125 0.458081477
v 0.0566751077 -0.0265152685 0.460325554
v 0.0543925612 -0.0215030297 0.461327936
v 0.0625529748 0.00599453451 0.462032961
v 0.0551406712 -0.0215039845 0.465268592
v 0.0574232173 -0.0265162224 0.46426618
v 0.0625424649 -0.0264273664 0.462022132
v 0.0657135704 -0.0232065787 0.46063374
v 0.0552495912 -0.00355413286 0.481613136
v 0.0571910452 0.00107306301 0.480958321
v 0.0556308112 -0.0102154609 0.477335711
v 0.0696003004 -0.00384840841 0.472613234
v 0.0676311385 0.00277183541 0.473282809
v 0.0643692663 0.00599453451 0.474386639
v 0.0590981038 0.00608530181 0.476169875
v 0.0560760469 -0.0102164164 0.481330539
v 0.0700455353 -0.00384936408 0.476609029
v 0.0680763738 0.00277087981 0.477278605
v 0.0548043562 -0.00355317764 0.47761734
v 0.0567448551 0.00107401871 0.476962525
v 0.0595433387 0.00608434611 0.480164673
v 0.0552706112 -0.0154388518 0.477454854
v 0.0557158452 -0.015439807 0.48145065
v 0.0695964787 -0.0165863349 0.472609301
v 0.0700417135 -0.0165872905 0.476605097
v 0.0676234951 -0.0232065787 0.473273947
v 0.0643597119 -0.0264273664 0.47437581
v 0.0590885493 -0.0265162224 0.476159046
v 0.0567391224 -0.0215039845 0.476955629
v 0.0648145013 0.00599357881 0.478382435
v 0.0571843573 -0.0215049402 0.480951425
v 0.0595347399 -0.026517178 0.480153844
v 0.0648059024 -0.0264283221 0.478371606
v 0.0680687302 -0.0232075344 0.477269743
v 0.0596646798 0.00608530181 0.489759319
v 0.065146039 0.00599453451 0.489065123
v 0.068537851 0.00277183541 0.488634801
v 0.0705853593 -0.00384936408 0.488372893
v 0.0560607597 -0.0102164164 0.490209303
v 0.0569703389 0.00107306301 0.494085956
v 0.0549524502 -0.00355413286 0.49434
v 0.0594162653 0.00608434611 0.49377774
v 0.0648966692 0.00599357881 0.493084542
v 0.057218753 0.00107401871 0.490066537
v 0.0682884813 0.00277087981 0.492654249
v 0.0703369447 -0.0038503193 0.492392312
v 0.0705824927 -0.0165872905 0.48836896
v 0.0703340782 -0.0165882457 0.492388379
v 0.0572139759 -0.0215039845 0.490059641
v 0.0596579914 -0.0265162224 0.489748491
v 0.0651383955 -0.0264283221 0.489054294
v 0.0685321184 -0.0232065787 0.488625939
v 0.0552008632 -0.00355317764 0.490320581
v 0.0558123452 -0.0102173718 0.494228722
v 0.0554378122 -0.0154407627 0.494274031
v 0.0556862272 -0.015439807 0.490254583
v 0.0682827486 -0.0232075344 0.492645387
v 0.0648899811 -0.0264292778 0.493073713
v 0.0594095769 -0.026517178 0.49376791
v 0.0569655614 -0.0215049402 0.49407906
v 0.0367618272 -0.0100864765 0.251566552
v 0.0361188152 -0.0166694581 0.251730006
v 0.0251790262 -0.0100692786 0.250054101
v 0.0368210632 -0.0179879651 0.255074935
v 0.0373150272 -0.010087432 0.252894875
v 0.0361188152 -0.00346336648 0.251730006
v 0.0368210632 -0.00214485944 0.255074935
v 0.0325712652 -0.0235209184 0.251724094
v 0.0269418152 -0.0268534937 0.251182523
v 0.0149061352 -0.014037221 0.248044392
v 0.0147666432 -0.0100683232 0.248258057
v 0.0145726872 -0.0217543104 0.248205866
v 0.0180992152 -0.0269433053 0.249758695
v 0.0325712652 0.00338809381 0.251724094
v 0.0269418152 0.00672066911 0.251182523
v 0.0149061352 -0.00609560356 0.248044392
v 0.0145726872 0.00162148581 0.248205866
v 0.0180992152 0.00681048071 0.249758695
v 0.0363013052 -0.0100883874 0.256501726
v 0.0351433112 -0.0185468976 0.256744926
v 0.0323601142 -0.0243597954 0.255214751
v 0.0351433112 -0.00158592699 0.256744926
v 0.0323601142 0.00422697081 0.255214751
v 0.0255487832 -0.0274277124 0.25500207
v 0.0113461672 -0.0141528295 0.250369198
v 0.0113891602 -0.0100683232 0.25027073
v 0.0113461672 -0.0059799951 0.250369198
v 0.0165007652 -0.0275509653 0.253886429
v 0.0120398162 -0.0231922472 0.248389026
v 0.0104098352 -0.017833184 0.251422788
v 0.0255487832 0.00729488781 0.25500207
v 0.0120398162 0.00305942261 0.248389026
v 0.0165007652 0.00741814071 0.253886429
v 0.0104098352 -0.00229964057 0.251422788
v 0.0355541512 -0.0100902983 0.264222518
v 0.0344725932 -0.0182516668 0.263251623
v 0.0305027402 -0.024003416 0.257314067
v 0.0344725932 -0.00188115776 0.263251623
v 0.0305027402 0.00387059141 0.257314067
v 0.0250452652 -0.0258607913 0.258346
v 0.0108283192 -0.0153060453 0.256135421
v 0.0112439342 -0.0100702341 0.256197458
v 0.0108283192 -0.00482677933 0.256135421
v 0.0162294192 -0.0266146332 0.256827651
v 0.0119452282 -0.0257136538 0.255163558
v 0.00920789121 -0.0180806429 0.256436725
v 0.0250452652 0.00572796671 0.258346
v 0.0119452282 0.00558082921 0.255163558
v 0.0162294192 0.00648180861 0.256827651
v 0.00920789121 -0.00205218172 0.256436725
v 0.0356439632 -0.0100912537 0.267313388
v 0.0351595542 -0.0191201624 0.266957926
v 0.0294832852 -0.024538462 0.263234896
v 0.0351595542 -0.00101266217 0.266957926
v 0.0294832852 0.00440563741 0.263234896
v 0.0253223452 -0.0259334044 0.262978886
v 0.00888877621 -0.015480891 0.263939921
v 0.00717949421 -0.0184456215 0.264133894
v 0.00949356721 -0.0100721449 0.264074822
v 0.00888877621 -0.00465193358 0.263939921
v 0.00717949421 -0.00168720307 0.264133894
v 0.0167424912 -0.0267340635 0.262547596
v 0.0126321892 -0.0270579572 0.262970992
v 0.00683744621 -0.0241629746 0.254388617
v 0.00897285321 -0.0273484114 0.256779393
v 0.00714127421 -0.0307316247 0.262375279
v 0.00199049521 -0.0131419738 0.257187045
v 0.0253223452 0.00580057981 0.262978886
v 0.0126321892 0.00692513261 0.262970992
v 0.0167424912 0.00660123891 0.262547596
v 0.00897285321 0.00721558681 0.256779393
v 0.00683744621 0.00403015001 0.254388617
v 0.00714127421 0.0105988001 0.262375279
v 0.00199049521 -0.00699085078 0.257187045
v 0.0351242032 -0.0100922092 0.270715436
v 0.0344401072 -0.0192864089 0.270470255
v 0.0307912812 -0.0253859373 0.266279488
v 0.0344401072 -0.000846415685 0.270470255
v 0.0307912812 0.00525311271 0.266279488
v 0.0256529252 -0.0276102026 0.265437596
v 0.00779766121 -0.0169694663 0.269477704
v 0.00731038721 -0.0190637912 0.268099171
v 0.00928050421 -0.0100740558 0.268886891
v 0.00779766121 -0.00316335825 0.269477704
v 0.00731038721 -0.00106903334 0.268099171
v 0.0182262892 -0.0284557657 0.266004785
v 0.0113958482 -0.0264866037 0.266265725
v 0.00596512721 -0.0265248216 0.266776746
v -0.00103537979 -0.0291427285 0.259729463
v 0.000868813206 -0.0242432313 0.256655335
v 0.00384883021 -0.0304717448 0.252218404
v 0.00540428621 -0.0187551838 0.252180005
v 0.00354308721 -0.0296911513 0.259337569
v 0.00276822921 -0.0279073447 0.253788957
v 0.00197711921 -0.0100692786 0.25292736
v 0.00355455521 -0.0142856355 0.245564979
v -0.00532721579 -0.0100702341 0.257348533
v -0.000443006794 -0.0164334646 0.261579665
v 0.0256529252 0.00747737801 0.265437596
v 0.0113958482 0.00635377911 0.266265725
v 0.0182262892 0.00832294111 0.266004785
v 0.00596512721 0.00639199701 0.266776746
v 0.000868813206 0.00411040671 0.256655335
v -0.00103537979 0.00900990391 0.259729463
v 0.00384883021 0.0103389202 0.252218404
v 0.00540428621 -0.00137764082 0.252180005
v 0.00276822921 0.00777452011 0.253788957
v 0.00354308721 0.00955832671 0.259337569
v 0.00355455521 -0.00584718904 0.245564979
v -0.000443006794 -0.00369935996 0.261579665
v 0.0222018752 -0.0100740558 0.269801648
v 0.0302151532 -0.0255970905 0.269967097
v 0.0243143532 -0.028457677 0.269631327
v 0.0302151532 0.00546426591 0.269967097
v 0.0243143532 0.00832485241 0.269631327
v 0.0167415372 -0.0285704194 0.268678157
v -0.000331223794 -0.0232648612 0.26867619
v 0.00605111621 -0.0217008053 0.268191727
v 0.000119746206 -0.0183682309 0.266641846
v 0.00944292921 -0.0241878158 0.269234489
v 0.00605111621 0.00156798071 0.268191727
v -0.000331223794 0.00313203661 0.26867619
v 0.000119746206 -0.00176459364 0.266641846
v 0.00944292921 0.00405499121 0.269234489
v 0.00110002421 -0.0275834492 0.263295935
v 0.00162743321 -0.0252397555 0.265757608
v -0.0112117708 -0.0387611425 0.266856508
v -0.00558900879 -0.0274649746 0.260384277
v -0.00148921779 -0.0276159349 0.264213655
v -0.00436795779 -0.0204950402 0.249883751
v -0.000849071794 -0.0228330017 0.251484825
v -0.0108152658 -0.0309599746 0.25935726
v -0.00389596779 -0.0205256145 0.25852423
v 0.00515491521 -0.0199638159 0.250562189
v -0.00385297179 -0.0241285785 0.246835212
v 0.000289816206 -0.0317730538 0.259227288
v -0.000852894794 -0.0298612196 0.257408603
v -0.00238827979 -0.0301402075 0.26268643
v 0.000834416206 -0.0100683232 0.249198417
v 0.00388131221 -0.0155955438 0.244816641
v -0.00977574679 -0.0100702341 0.248986719
v -0.00588806079 -0.0141556956 0.254557002
v -0.00254306679 -0.0169140508 0.254117832
v -0.00291951179 -0.0186481746 0.257396777
v -0.00588806079 -0.00597712898 0.254557002
v -0.00254306679 -0.00321877375 0.254117832
v -0.00291951179 -0.00148465002 0.257396777
v -0.00139940279 -0.0194306803 0.261871124
v 0.0167415372 0.00843759481 0.268678157
v 0.00110002421 0.00745062461 0.263295935
v 0.00162743321 0.00510693091 0.265757608
v -0.000849071794 0.00270017711 0.251484825
v -0.00436795779 0.000362215605 0.249883751
v -0.00558900879 0.00733215001 0.260384277
v -0.0108152658 0.01082715 0.25935726
v -0.00389596779 0.000392789905 0.25852423
v -0.0112117708 0.0186283179 0.266856508
v -0.00148921779 0.00748311031 0.264213655
v 0.00515491521 -0.000169008655 0.250562189
v -0.00385297179 0.00399575391 0.246835212
v -0.000852894794 0.00972839501 0.257408603
v 0.000289816206 0.0116402292 0.259227288
v -0.00238827979 0.0100073829 0.26268643
v 0.00388131221 -0.0045372808 0.244816641
v -0.00139940279 -0.000702144245 0.261871124
v -0.0155876848 -0.0341177033 0.263956648
v -0.00485713979 -0.0215517564 0.262875502
v -0.0155876848 0.0139848787 0.263956648
v -0.00485713979 0.00141893181 0.262875502
v -0.0139280868 -0.0418605913 0.263012369
v -0.0152122008 -0.0347721804 0.261117856
v -0.00612118679 -0.0185316113 0.247531375
v -0.00586321679 -0.0180768211 0.244115548
v -0.00319754179 -0.0239279359 0.241870502
v -0.00443770579 -0.0173669297 0.251459221
v 0.00311027721 -0.0210539726 0.243009767
v 0.00158729921 -0.0144633474 0.246953372
v -0.000868177794 -0.0100673677 0.245030305
v 0.00158729921 -0.00566947717 0.246953372
v -0.00870182979 -0.013520328 0.25101317
v -0.0129105428 -0.0100530361 0.244332176
v -0.00802824779 -0.0134257394 0.247671192
v -0.00870182979 -0.00661249654 0.25101317
v -0.00802824779 -0.00670708516 0.247671192
v -0.00443770579 -0.00276589485 0.251459221
v -0.00586321679 -0.00205600351 0.244115548
v -0.00612118679 -0.00160121326 0.247531375
v -0.00319754179 0.00379511131 0.241870502
v -0.0139280868 0.0217277667 0.263012369
v -0.0152122008 0.0146393558 0.261117856
v 0.00311027721 0.000921148005 0.243009767
v -0.00779512179 -0.0135709663 0.244425715
v -0.00679572979 -0.0141757598 0.242924093
v -0.00241026279 -0.0163675394 0.242403211
v -0.00621768679 -0.0100664123 0.239238479
v -0.00241026279 -0.00376528516 0.242403211
v -0.00679572979 -0.00595706481 0.242924093
v -0.0178100428 -0.0100492144 0.23798597
v -0.00779512179 -0.00656185828 0.244425715
v -0.0112710118 -0.0138795733 0.238511797
v -0.00838844879 -0.0138939048 0.237086971
v -0.0110044418 -0.0130387862 0.231828836
v -0.0124481118 -0.010063546 0.231185848
v -0.0110044418 -0.00709403842 0.231828836
v -0.00838844879 -0.00623891976 0.237086971
v -0.0186584708 -0.013921613 0.235239733
v -0.0192527588 -0.0100482589 0.234093573
v -0.0112710118 -0.00625325125 0.238511797
v -0.0186584708 -0.00621121157 0.235239733
v -0.0168603308 -0.0145560251 0.23275049
v -0.0158599848 -0.0100492144 0.231451704
v -0.0168603308 -0.00557679945 0.23275049
v 0.0411931582 -0.0100864765 0.230712213
v 0.0404660672 -0.0167822004 0.230815611
v 0.0284055492 -0.0100692786 0.228042773
v 0.0410030242 -0.0181226825 0.234277701
v 0.0417119622 -0.0100883874 0.232114383
v 0.0404660672 -0.00335062415 0.230815611
v 0.0410030242 -0.00201014204 0.234277701
v 0.0365143682 -0.0237492692 0.230461132
v 0.0302848982 -0.0271391696 0.229360266
v 0.0171112912 -0.0141050571 0.2249962
v 0.0169412242 -0.0100683232 0.22519905
v 0.0167281612 -0.0219530416 0.225127169
v 0.0205422772 -0.0272308925 0.227048254
v 0.0365143682 0.00361644461 0.230461132
v 0.0302848982 0.00700634501 0.229360266
v 0.0171112912 -0.00602776747 0.2249962
v 0.0167281612 0.00182021701 0.225127169
v 0.0205422772 0.00709806791 0.227048254
v 0.0403198862 -0.0100883874 0.235673973
v 0.0390118872 -0.018691169 0.235806908
v 0.0360251822 -0.0246034324 0.233981327
v 0.0390118872 -0.00144165556 0.235806908
v 0.0360251822 0.00447060781 0.233981327
v 0.0284542762 -0.0277229432 0.233098072
v 0.0149510432 -0.0142225765 0.22795908
v 0.0130315632 -0.0100683232 0.226909421
v 0.0149510432 -0.00591024811 0.22795908
v 0.0184594192 -0.0278481075 0.231078516
v 0.0138952792 -0.0234158206 0.225065132
v 0.0139678952 -0.0179650353 0.228997909
v 0.0284542762 0.00759011861 0.233098072
v 0.0138952792 0.00328299601 0.225065132
v 0.0184594192 0.00771528291 0.231078516
v 0.0139678952 -0.00216778928 0.228997909
v 0.0391418282 -0.0100902983 0.24288766
v 0.0380717362 -0.0183911617 0.241863607
v 0.0338028302 -0.0242403651 0.235928999
v 0.0380717362 -0.0017416629 0.241863607
v 0.0338028302 0.00410754051 0.235928999
v 0.0276497942 -0.0261292704 0.236440051
v 0.0142535712 -0.0153949012 0.23380408
v 0.0146739632 -0.0100702341 0.233880891
v 0.0142535712 -0.0047379234 0.23380408
v 0.0197215542 -0.0268964882 0.234695214
v 0.0154172962 -0.0259802215 0.232853874
v 0.0125968382 -0.0182163159 0.234053208
v 0.0276497942 0.00599644581 0.236440051
v 0.0154172962 0.00584739691 0.232853874
v 0.0197215542 0.00676366361 0.234695214
v 0.0125968382 -0.00191650865 0.234053208
v 0.0391408722 -0.0100912537 0.246032702
v 0.0386593302 -0.0192739879 0.245655569
v 0.0330012142 -0.0247849661 0.241672582
v 0.0386593302 -0.000858836715 0.245655569
v 0.0330012142 0.00465214151 0.241672582
v 0.0287800792 -0.0262028392 0.241266895
v 0.0120493702 -0.0155726131 0.241670616
v 0.0103056902 -0.0185879816 0.241807483
v 0.0126598952 -0.0100731004 0.241828157
v 0.0120493702 -0.00456021153 0.241670616
v 0.0103056902 -0.00154484298 0.241807483
v 0.0200731552 -0.0270178298 0.240528403
v 0.0158825952 -0.0273465001 0.240815915
v 0.0102483652 -0.0244027898 0.231888892
v 0.0123474672 -0.0276426865 0.234393894
v 0.0103200242 -0.0310832258 0.240018334
v 0.00464566621 -0.013194523 0.237412897
v 0.0287800792 0.00607001461 0.241266895
v 0.0158825952 0.00721367551 0.240815915
v 0.0200731552 0.00688500521 0.240528403
v 0.0123474672 0.00750986191 0.234393894
v 0.0102483652 0.00426996521 0.231888892
v 0.0103200242 0.0109504012 0.240018334
v 0.00464566621 -0.00693830163 0.237412897
v 0.0385102812 -0.0100922092 0.249474133
v 0.0378233202 -0.0194431005 0.249200383
v 0.0342394662 -0.0256467729 0.244813677
v 0.0378233202 -0.000689724105 0.249200383
v 0.0342394662 0.00551394831 0.244813677
v 0.0290428262 -0.0279082986 0.243777811
v 0.0107748122 -0.01708603 0.247262556
v 0.0103209782 -0.019216661 0.245843644
v 0.0122996952 -0.0100740558 0.246713105
v 0.0107748122 -0.00304679457 0.247262556
v 0.0103209782 -0.000916163555 0.245843644
v 0.0214766982 -0.028768195 0.244094874
v 0.0145277832 -0.0267655934 0.244122444
v 0.00899291721 -0.026804767 0.244452301
v 0.00155290921 -0.0294666223 0.239975989
v 0.00350869021 -0.0244849579 0.23686443
v 0.00656801121 -0.0308185693 0.23237434
v 0.00885820121 -0.0189023213 0.229592653
v 0.00621067621 -0.0300255538 0.239611665
v 0.00545874321 -0.028211173 0.233962618
v 0.00465999621 -0.0100692786 0.23308133
v 0.00651546221 -0.0143572934 0.221307637
v -0.00285740179 -0.0100702341 0.238806205
v 0.00214336721 -0.0165414295 0.241862624
v 0.0290428262 0.00777547401 0.243777811
v 0.0145277832 0.00663276881 0.244122444
v 0.0214766982 0.00863537041 0.244094874
v 0.00899291721 0.00667194241 0.244452301
v 0.00350869021 0.00435213331 0.23686443
v 0.00155290921 0.00933379771 0.239975989
v 0.00656801121 0.0106857447 0.23237434
v 0.00885820121 -0.00123050327 0.229592653
v 0.00545874321 0.00807834841 0.233962618
v 0.00621067621 0.00989272921 0.239611665
v 0.00651546221 -0.00577553116 0.221307637
v 0.00214336721 -0.00359139509 0.241862624
v 0.0254054652 -0.0100740558 0.248093619
v 0.0335439062 -0.025861747 0.248541636
v 0.0275571172 -0.0287701063 0.247994167
v 0.0335439062 0.00572892241 0.248541636
v 0.0275571172 0.00863728171 0.247994167
v 0.0198887552 -0.0288847582 0.246761364
v 0.00221120721 -0.0234893893 0.249080257
v 0.00903782521 -0.0218995366 0.245893869
v 0.00268319021 -0.0185096354 0.247014425
v 0.0124535202 -0.0244285867 0.247072515
v 0.00903782521 0.00176671201 0.245893869
v 0.00221120721 0.00335656471 0.249080257
v 0.00268319021 -0.00162318922 0.247014425
v 0.0124535202 0.00429576211 0.247072515
v 0.00370168921 -0.027881547 0.243619272
v 0.00422240621 -0.025497724 0.246127239
v -0.00471860579 -0.0340785315 0.248491427
v -0.00458674779 -0.0277611611 0.241819294
v 0.00106181221 -0.0279140327 0.244533046
v -0.00177297879 -0.020672752 0.22993827
v 0.00179558821 -0.0230498871 0.231592518
v -0.00989517479 -0.0313153984 0.240735171
v -0.00140991679 -0.0207033264 0.240012436
v 0.00790753621 -0.0201319729 0.230699418
v -0.00122933179 -0.024367439 0.226841472
v 0.00290294121 -0.0321418534 0.23947578
v 0.00175259221 -0.0301984891 0.237617713
v 0.000157965206 -0.0304822554 0.242973335
v 0.00372653221 -0.0100683232 0.224982422
v 0.00685177521 -0.0156891767 0.220548455
v -0.00726675879 -0.0100702341 0.228985099
v -0.00334945979 -0.0142254426 0.234678472
v 5.5728206e-05 -0.0170306145 0.23425801
v -0.000409570794 -0.0187943573 0.238874155
v -0.00334945979 -0.00590738199 0.234678472
v 5.5728206e-05 -0.00310221007 0.23425801
v -0.000409570794 -0.00133846725 0.238874155
v 0.00116881821 -0.0195892833 0.242152116
v 0.0198887552 0.00875193361 0.246761364
v 0.00370168921 0.00774872241 0.243619272
v 0.00422240621 0.00536489941 0.246127239
v 0.00179558821 0.00291706251 0.231592518
v -0.00177297879 0.000539927405 0.22993827
v -0.00458674779 0.00762833651 0.241819294
v -0.00989517479 0.0111825738 0.240735171
v -0.00140991679 0.000570501805 0.240012436
v -0.00471860579 0.0139457069 0.248491427
v 0.00106181221 0.00778120811 0.244533046
v 0.00790753621 -8.51694555e-07 0.230699418
v -0.00122933179 0.00423461441 0.226841472
v 0.00175259221 0.0100656645 0.237617713
v 0.00290294121 0.0120090288 0.23947578
v 0.000157965206 0.0103494308 0.242973335
v 0.00685177521 -0.00444364785 0.220548455
v 0.00116881821 -0.000543541335 0.242152116
v -0.00914993079 -0.0301937126 0.245508856
v -0.00241503879 -0.0217476225 0.244430644
v -0.00914993079 0.010060888 0.245508856
v -0.00241503879 0.00161479791 0.244430644
v -0.00745689679 -0.0366725502 0.244560616
v -0.00875055679 -0.0307411796 0.242623772
v -0.00354054379 -0.0186758828 0.227532719
v -0.00325582179 -0.0182124942 0.22406077
v -0.000531860794 -0.0241639302 0.221797016
v -0.00185419479 -0.0174911366 0.231540327
v 0.00607977921 -0.0212412385 0.218705149
v 0.00450617021 -0.0145378714 0.222703893
v 0.00181660921 -0.0100673677 0.225027717
v 0.00450617021 -0.00559495317 0.222703893
v -0.00618806579 -0.0135786099 0.231053896
v -0.0104254448 -0.0100530361 0.224227172
v -0.00548104079 -0.0134830658 0.227659741
v -0.00618806579 -0.0065542147 0.231053896
v -0.00548104079 -0.00664975876 0.227659741
v -0.00185419479 -0.00264168803 0.231540327
v -0.00325582179 -0.00192033043 0.22406077
v -0.00354054379 -0.00145694183 0.227532719
v -0.000531860794 0.00403110561 0.221797016
v -0.00745689679 0.0165397256 0.244560616
v -0.00875055679 0.010608355 0.242623772
v 0.00607977921 0.00110841391 0.218705149
v -0.00522307079 -0.013631159 0.224361091
v -0.00419693379 -0.0142455068 0.222840761
v 0.000265926206 -0.0164755039 0.222344485
v -0.00358544779 -0.0100664123 0.219098025
v 0.000265926206 -0.00365732073 0.222344485
v -0.00419693379 -0.00588731782 0.222840761
v -0.0153669808 -0.0100492144 0.217736235
v -0.00522307079 -0.00650166555 0.224361091
v -0.00871998179 -0.0139445433 0.218320136
v -0.00577913879 -0.0139588748 0.216893344
v -0.00840564679 -0.0130894246 0.211525913
v -0.00987033779 -0.010063546 0.210861267
v -0.00840564679 -0.00704339994 0.211525913
v -0.00577913879 -0.00617394979 0.216893344
v -0.0162115928 -0.0139875382 0.214937792
v -0.0168087428 -0.0100482589 0.213767025
v -0.00871998179 -0.00618828128 0.218320136
v -0.0162115928 -0.00614528637 0.214937792
v -0.0143675878 -0.01463246 0.212419995
v -0.0133414518 -0.0100492144 0.211105466
v -0.0143675878 -0.00550036456 0.212419995
v 0.0479863362 -0.010087432 0.206233311
v 0.0472401382 -0.0168825213 0.206260881
v 0.0355407732 -0.0100692786 0.201395623
v 0.0472602012 -0.0182440232 0.210429976
v 0.0482978102 -0.0100883874 0.20796239
v 0.0472401382 -0.00325030329 0.206260881
v 0.0472602012 -0.00188880134 0.210429976
v 0.0433247442 -0.0239546884 0.205322486
v 0.0372319032 -0.0273952285 0.203201514
v 0.0246525792 -0.0141652501 0.196307838
v 0.0244509802 -0.0100692786 0.196524467
v 0.0242484282 -0.0221317092 0.196412205
v 0.0277912012 -0.0274879054 0.199186027
v 0.0433247442 0.00382186381 0.205322486
v 0.0372319032 0.00726240391 0.203201514
v 0.0246525792 -0.00596757451 0.196307838
v 0.0242484282 0.00199888461 0.196412205
v 0.0277912012 0.00735508081 0.199186027
v 0.0463649542 -0.0100893429 0.211993635
v 0.0450311602 -0.018821109 0.211979843
v 0.0423043352 -0.0248212726 0.209426597
v 0.0450311602 -0.00131171562 0.211979843
v 0.0423043352 0.00468844801 0.209426597
v 0.0348318372 -0.0279885571 0.207387351
v 0.0220384962 -0.0142846799 0.199532627
v 0.0202671122 -0.0100683232 0.1980379
v 0.0220384962 -0.00584814471 0.199532627
v 0.0250949492 -0.0281156291 0.203685963
v 0.0214117262 -0.0236164632 0.195966154
v 0.0208948352 -0.0180835099 0.200632509
v 0.0348318372 0.00785573251 0.207387351
v 0.0214117262 0.00348363861 0.195966154
v 0.0250949492 0.00798280451 0.203685963
v 0.0208948352 -0.00204931471 0.200632509
v 0.0440996062 -0.0100912537 0.220381054
v 0.0431785632 -0.0185153685 0.219027127
v 0.0397800622 -0.0244534279 0.211441236
v 0.0431785632 -0.00161745609 0.219027127
v 0.0397800622 0.00432060331 0.211441236
v 0.0335228852 -0.0263700405 0.211239368
v 0.0204610642 -0.0154751583 0.206361316
v 0.0208709492 -0.0100702341 0.206508029
v 0.0204610642 -0.00465766627 0.206361316
v 0.0258201262 -0.0271487245 0.208133723
v 0.0217719272 -0.026219082 0.205389453
v 0.0187594242 -0.0183386123 0.206439111
v 0.0335228852 0.00623721591 0.211239368
v 0.0217719272 0.00608625741 0.205389453
v 0.0258201262 0.00701589991 0.208133723
v 0.0187594242 -0.00179421228 0.206439111
v 0.0436276192 -0.0100922092 0.224105081
v 0.0432005382 -0.0194125271 0.223594029
v 0.0381137742 -0.0250056733 0.218136007
v 0.0432005382 -0.000720297525 0.223594029
v 0.0381137742 0.00487284871 0.218136007
v 0.0339337232 -0.0264455206 0.217103092
v 0.0170673412 -0.0156557363 0.215386807
v 0.0152959562 -0.0187160111 0.215319856
v 0.0176568482 -0.0100731004 0.215653645
v 0.0170673412 -0.00447708828 0.215386807
v 0.0152959562 -0.00141681349 0.215319856
v 0.0252984582 -0.0272719756 0.215086486
v 0.0210457922 -0.02760638 0.214877737
v 0.0167243392 -0.0246177639 0.203568787
v 0.0184575072 -0.0279063891 0.206810331
v 0.0155778092 -0.031398522 0.213203798
v 0.0102684282 -0.0132413394 0.209374405
v 0.0339337232 0.00631269601 0.217103092
v 0.0210457922 0.00747355541 0.214877737
v 0.0252984582 0.00713915101 0.215086486
v 0.0184575072 0.00777356451 0.206810331
v 0.0167243392 0.00448493931 0.203568787
v 0.0155778092 0.0112656974 0.213203798
v 0.0102684282 -0.00689148515 0.209374405
v 0.0424782242 -0.0100931646 0.228095947
v 0.0418285252 -0.0195845058 0.227682381
v 0.0388867242 -0.025880855 0.22201856
v 0.0418285252 -0.000548318795 0.227682381
v 0.0388867242 0.00574803041 0.22201856
v 0.0338219362 -0.0281758221 0.220110268
v 0.0149481742 -0.017192084 0.221841327
v 0.0147054942 -0.0193532898 0.220101406
v 0.0165619142 -0.0100740558 0.221391329
v 0.0149481742 -0.00294074059 0.221841327
v 0.0147054942 -0.000779534815 0.220101406
v 0.0261745962 -0.0290490943 0.219493866
v 0.0191893722 -0.0270159184 0.218614559
v 0.0135799862 -0.0270560476 0.218279771
v 0.00677725121 -0.0297580304 0.212004464
v 0.00920789121 -0.0247008876 0.208575843
v 0.0129551272 -0.0311300429 0.203660359
v 0.0156723972 -0.0190351283 0.200667958
v 0.0115114572 -0.0303246073 0.212183677
v 0.0116031802 -0.0284834748 0.205396334
v 0.0109324602 -0.0100692786 0.204247225
v 0.0145621762 -0.0144222634 0.190550464
v 0.00252268021 -0.0100711895 0.210040049
v 0.00708777121 -0.0166388842 0.214314495
v 0.0338219362 0.00804299751 0.220110268
v 0.0191893722 0.00688309381 0.218614559
v 0.0261745962 0.00891626971 0.219493866
v 0.0135799862 0.00692322301 0.218279771
v 0.00920789121 0.00456806301 0.208575843
v 0.00677725121 0.00962520581 0.212004464
v 0.0129551272 0.0109972183 0.203660359
v 0.0156723972 -0.00109769631 0.200667958
v 0.0116031802 0.00835065021 0.205396334
v 0.0115114572 0.0101917827 0.212183677
v 0.0145621762 -0.00571056119 0.190550464
v 0.00708777121 -0.00349394035 0.214314495
v 0.0295205472 -0.0100740558 0.224743139
v 0.0376293662 -0.0260986961 0.226341264
v 0.0316970392 -0.0290510056 0.224908574
v 0.0376293662 0.00596587151 0.226341264
v 0.0316970392 0.00891818101 0.224908574
v 0.0241786802 -0.0291675688 0.222441971
v 0.00607309121 -0.0236909867 0.222870297
v 0.0134089622 -0.0220772485 0.219993092
v 0.00685655221 -0.0186357535 0.220486418
v 0.0166631902 -0.0246435608 0.221835415
v 0.0134089622 0.00194442391 0.219993092
v 0.00607309121 0.00355816211 0.222870297
v 0.00685655221 -0.00149707106 0.220486418
v 0.0166631902 0.00451073621 0.221835415
v 0.00838908021 -0.0281490705 0.21659992
v 0.00853621721 -0.0257298966 0.21963763
v 0.00100926321 -0.0264741836 0.221354898
v 0.00214241321 -0.022157506 0.213472602
v 0.00560110421 -0.02818251 0.217335464
v 0.00494089521 -0.020831355 0.199682303
v 0.00827824721 -0.0232447966 0.202109511
v -0.00302747179 -0.0245862339 0.21149243
v 0.00379532621 -0.020862885 0.211658847
v 0.0145516692 -0.0202838879 0.201852518
v 0.00595175221 -0.024582413 0.196087263
v 0.00820850321 -0.0324733925 0.211587948
v 0.00733140821 -0.0305004078 0.209237538
v 0.00492656521 -0.0307889507 0.215370066
v 0.0112085832 -0.0100683232 0.194535431
v 0.0150140992 -0.0157732557 0.189695777
v -0.000434406794 -0.0100702341 0.197833084
v 0.00264688521 -0.0142885017 0.205089116
v 0.00613042121 -0.0171347576 0.205036941
v 0.00497146921 -0.0189252521 0.210441788
v 0.00264688521 -0.00584432292 0.205089116
v 0.00613042121 -0.00299806698 0.205036941
v 0.00497146921 -0.00120757253 0.210441788
v 0.00606449221 -0.019732599 0.214529156
v 0.0241786802 0.00903474421 0.222441971
v 0.00838908021 0.00801624591 0.21659992
v 0.00853621721 0.00559707201 0.21963763
v 0.00827824721 0.00311197201 0.202109511
v 0.00494089521 0.000698530405 0.199682303
v 0.00214241321 0.00202468141 0.213472602
v -0.00302747179 0.00445340931 0.21149243
v 0.00379532621 0.000730060405 0.211658847
v 0.00100926321 0.00634135901 0.221354898
v 0.00560110421 0.00804968541 0.217335464
v 0.0145516692 0.000151063305 0.201852518
v 0.00595175221 0.00444958841 0.196087263
v 0.00733140821 0.0103675832 0.209237538
v 0.00820850321 0.0123405679 0.211587948
v 0.00492656521 0.0106561261 0.215370066
v 0.0150140992 -0.00435956893 0.189695777
v 0.00606449221 -0.000400225575 0.214529156
v -0.00299498979 -0.0238190162 0.217242908
v 0.00212330721 -0.0219224673 0.216758458
v -0.00299498979 0.00368619161 0.217242908
v 0.00212330721 0.00178964271 0.216758458
v -0.00115194579 -0.0282465256 0.216341944
v -0.00216089179 -0.0241935489 0.213879272
v 0.00352684221 -0.018804867 0.196602247
v 0.00433323521 -0.0183347905 0.192528671
v 0.00740879721 -0.0243750825 0.19020583
v 0.00461891421 -0.0176029237 0.20156794
v 0.0145144072 -0.0214084407 0.187412318
v 0.0123340922 -0.0146047523 0.191940822
v 0.00928337321 -0.0100673677 0.194339477
v 0.0123340922 -0.00552807231 0.191940822
v 0.000339496206 -0.013631159 0.200424743
v -0.00289371379 -0.0100530361 0.19178623
v 0.00155768521 -0.0135346595 0.196498863
v 0.000339496206 -0.00650166555 0.200424743
v 0.00155768521 -0.00659816506 0.196498863
v 0.00461891421 -0.00252990092 0.20156794
v 0.00433323521 -0.00179803407 0.192528671
v 0.00352684221 -0.00132795756 0.196602247
v 0.00740879721 0.00424225791 0.19020583
v -0.00115194579 0.00811370101 0.216341944
v -0.00216089179 0.00406072431 0.213879272
v 0.0145144072 0.00127561611 0.187412318
v 0.00231248321 -0.0136846636 0.192626156
v 0.00357079221 -0.0143085658 0.190961065
v 0.00812824421 -0.0165710481 0.1909591
v 0.00474598821 -0.0100664123 0.186608825
v 0.00812824421 -0.00356177644 0.1909591
v 0.00357079221 -0.00582425875 0.190961065
v -0.00688458379 -0.0100492144 0.183451972
v 0.00231248321 -0.00644816094 0.192626156
v -0.000294911794 -0.0140028254 0.185014647
v 0.00287332821 -0.0140171569 0.183710946
v 0.00103887621 -0.0131343302 0.177011243
v -0.000331223794 -0.010063546 0.176032484
v 0.00103887621 -0.00699849436 0.177011243
v 0.00287332821 -0.00611566773 0.183710946
v -0.00731262379 -0.0140467755 0.180027297
v -0.00773683479 -0.0100482589 0.178563091
v -0.000294911794 -0.00612999921 0.185014647
v -0.00731262379 -0.00608604908 0.180027297
v -0.00508262079 -0.0147012518 0.177287942
v -0.00385583979 -0.0100492144 0.175866081
v -0.00508262079 -0.0054315728 0.177287942
v 0.056037829 -0.010087432 0.181281757
v 0.0552925862 -0.0168825213 0.181242375
v 0.0440050182 -0.0100692786 0.175356996
v 0.0549983102 -0.0182440232 0.185401625
v 0.0562174522 -0.0100883874 0.183032507
v 0.0552925862 -0.00325030329 0.181242375
v 0.0549983102 -0.00188880134 0.185401625
v 0.0514622272 -0.0239546884 0.179960331
v 0.0455528312 -0.0273952285 0.177307633
v 0.0340072942 -0.0141652501 0.170406078
v 0.0337904082 -0.0100692786 0.170604981
v 0.0335964552 -0.0221317092 0.170475011
v 0.0364513082 -0.0274879054 0.172468962
v 0.0514622272 0.00382186381 0.179960331
v 0.0455528312 0.00726240391 0.177307633
v 0.0340072942 -0.00596757451 0.170406078
v 0.0335964552 0.00199888461 0.170475011
v 0.0364513082 0.00735508081 0.172468962
v 0.0539874542 -0.0100893429 0.186880593
v 0.0526603492 -0.018821109 0.186749639
v 0.0501360762 -0.0248212726 0.18396204
v 0.0526603492 -0.00131171562 0.186749639
v 0.0501360762 0.00468844801 0.18396204
v 0.0428460682 -0.0279885571 0.181268963
v 0.0311591272 -0.0142846799 0.173390615
v 0.0295081252 -0.0100683232 0.171744246
v 0.0311591272 -0.00584814471 0.173390615
v 0.0334254312 -0.0281156291 0.176715852
v 0.0308037032 -0.0236164632 0.169779832
v 0.0299371192 -0.0180835099 0.174386116
v 0.0428460682 0.00785573251 0.181268963
v 0.0308037032 0.00348363861 0.169779832
v 0.0334254312 0.00798280451 0.176715852
v 0.0299371192 -0.00204931471 0.174386116
v 0.0510762292 -0.0100912537 0.19548957
v 0.0502602832 -0.0185153685 0.194058846
v 0.0474684882 -0.0244534279 0.185748225
v 0.0502602832 -0.00161745609 0.194058846
v 0.0474684882 0.00432060331 0.185748225
v 0.0412504842 -0.0263700405 0.18499299
v 0.0273688952 -0.0154751583 0.179974124
v 0.0277673152 -0.0100702341 0.180156285
v 0.0273688952 -0.00465766627 0.179974124
v 0.0342757712 -0.0271487245 0.182300896
v 0.0287495082 -0.026219082 0.179121388
v 0.0256682122 -0.0183386123 0.179901259
v 0.0412504842 0.00623721591 0.18499299
v 0.0287495082 0.00608625741 0.179121388
v 0.0342757712 0.00701589991 0.182300896
v 0.0256682122 -0.00179421228 0.179901259
v 0.0503233422 -0.0100922092 0.199161406
v 0.0499363892 -0.0194125271 0.198613937
v 0.0452814842 -0.0250056733 0.192721661
v 0.0499363892 -0.000720297525 0.198613937
v 0.0452814842 0.00487284871 0.192721661
v 0.0411960232 -0.0264455206 0.191321457
v 0.0245427032 -0.0156557363 0.187671292
v 0.0227827832 -0.0187160111 0.18744875
v 0.0251102362 -0.0100731004 0.187990321
v 0.0245427032 -0.00447708828 0.187671292
v 0.0227827832 -0.00141681349 0.18744875
v 0.0327661762 -0.0272719756 0.188101585
v 0.0285450412 -0.02760638 0.1875167
v 0.0238586072 -0.0246177639 0.176858617
v 0.0253404972 -0.0279063891 0.180243926
v 0.0232241962 -0.031398522 0.18536421
v 0.0186896802 -0.0132413394 0.182162063
v 0.0411960232 0.00631269601 0.191321457
v 0.0285450412 0.00747355541 0.1875167
v 0.0327661762 0.00713915101 0.188101585
v 0.0253404972 0.00777356451 0.180243926
v 0.0238586072 0.00448493931 0.176858617
v 0.0232241962 0.0112656974 0.18536421
v 0.0186896802 -0.00689148515 0.182162063
v 0.0488768072 -0.0100931646 0.203039042
v 0.0482605472 -0.0195845058 0.202568371
v 0.0457582502 -0.025880855 0.196660351
v 0.0482605472 -0.000548318795 0.202568371
v 0.0457582502 0.00574803041 0.196660351
v 0.0408558862 -0.0281758221 0.194309941
v 0.0219439082 -0.017192084 0.193920013
v 0.0218330752 -0.0193532898 0.192163349
v 0.0235863072 -0.0100740558 0.193613778
v 0.0219439082 -0.00294074059 0.193920013
v 0.0218330752 -0.000779534815 0.192163349
v 0.0333050452 -0.0290490943 0.192572982
v 0.0264134562 -0.0270159184 0.191078241
v 0.0208499282 -0.0270560476 0.190247193
v 0.0150121912 -0.0297580304 0.184475042
v 0.0176931532 -0.0247008876 0.181271912
v 0.0200951302 -0.0311300429 0.176617383
v 0.0235203822 -0.0190351283 0.173897719
v 0.0197148662 -0.0303246073 0.185072736
v 0.0186170672 -0.0284834748 0.178228303
v 0.0180361582 -0.0100692786 0.177023055
v 0.0231687812 -0.0144222634 0.162313068
v 0.0109219502 -0.0100711895 0.182140391
v 0.0151469072 -0.0166388842 0.186806745
v 0.0408558862 0.00804299751 0.194309941
v 0.0264134562 0.00688309381 0.191078241
v 0.0333050452 0.00891626971 0.192572982
v 0.0208499282 0.00692322301 0.190247193
v 0.0176931532 0.00456806301 0.181271912
v 0.0150121912 0.00962520581 0.184475042
v 0.0200951302 0.0109972183 0.176617383
v 0.0235203822 -0.00109769631 0.173897719
v 0.0186170672 0.00835065021 0.178228303
v 0.0197148662 0.0101917827 0.185072736
v 0.0231687812 -0.00571056119 0.162313068
v 0.0151469072 -0.00349394035 0.186806745
v 0.0362210482 -0.0100740558 0.198548937
v 0.0441789072 -0.0260986961 0.200859965
v 0.0383765202 -0.0290510056 0.198906379
v 0.0441789072 0.00596587151 0.200859965
v 0.0383765202 0.00891818101 0.198906379
v 0.0310941562 -0.0291675688 0.195335961
v 0.0134901742 -0.0236909867 0.195247337
v 0.0205499192 -0.0220772485 0.191940822
v 0.0144503892 -0.0186357535 0.192939273
v 0.0236531902 -0.0246435608 0.194065743
v 0.0205499192 0.00194442391 0.191940822
v 0.0134901742 0.00355816211 0.195247337
v 0.0144503892 -0.00149707106 0.192939273
v 0.0236531902 0.00451073621 0.194065743
v 0.0162705042 -0.0281490705 0.189199501
v 0.0161873802 -0.0257298966 0.192241144
v 0.00855914621 -0.0264741836 0.193287853
v 0.0102837152 -0.022157506 0.185528647
v 0.0134376252 -0.02818251 0.189686914
v 0.0119098772 -0.020831355 0.17191558
v 0.0153542362 -0.0232447966 0.174647055
v 0.00528294321 -0.0245862339 0.18309651
v 0.0120684792 -0.020862885 0.18386652
v 0.0222066552 -0.0202838879 0.174974947
v 0.0132914412 -0.024582413 0.168425906
v 0.0164701912 -0.0324733925 0.184187531
v 0.0157736772 -0.0305004078 0.181766222
v 0.0129140422 -0.0307889507 0.187667345
v 0.0191387342 -0.0100683232 0.167369351
v 0.0237277152 -0.0157732557 0.161503677
v 0.00619921121 -0.0100702341 0.169571083
v 0.00971809821 -0.0142885017 0.177129403
v 0.0131930302 -0.0171347576 0.177385428
v 0.0133315722 -0.0189252521 0.182756792
v 0.00971809821 -0.00584432292 0.177129403
v 0.0131930302 -0.00299806698 0.177385428
v 0.0133315722 -0.00120757253 0.182756792
v 0.0141121642 -0.019732599 0.186929835
v 0.0310941562 0.00903474421 0.195335961
v 0.0162705042 0.00801624591 0.189199501
v 0.0161873802 0.00559707201 0.192241144
v 0.0153542362 0.00311197201 0.174647055
v 0.0119098772 0.000698530405 0.17191558
v 0.0102837152 0.00202468141 0.185528647
v 0.00528294321 0.00445340931 0.18309651
v 0.0120684792 0.000730060405 0.18386652
v 0.00855914621 0.00634135901 0.193287853
v 0.0134376252 0.00804968541 0.189686914
v 0.0222066552 0.000151063305 0.174974947
v 0.0132914412 0.00444958841 0.168425906
v 0.0157736772 0.0103675832 0.181766222
v 0.0164701912 0.0123405679 0.184187531
v 0.0129140422 0.0106561261 0.187667345
v 0.0237277152 -0.00435956893 0.161503677
v 0.0141121642 -0.000400225575 0.186929835
v 0.00488070421 -0.0238190162 0.188833196
v 0.0100171492 -0.0219224673 0.18880366
v 0.00488070421 0.00368619161 0.188833196
v 0.0100171492 0.00178964271 0.18880366
v 0.00678489621 -0.0282465256 0.188098635
v 0.00596608521 -0.0241935489 0.185553268
v 0.0106095222 -0.018804867 0.168713432
v 0.0108178082 -0.0183347905 0.163783188
v 0.0161033032 -0.0243750825 0.161842397
v 0.0114120932 -0.0176029237 0.173765768
v 0.0233627342 -0.0214084407 0.159180837
v 0.0206330422 -0.0146047523 0.163491715
v 0.0170577872 -0.0100673677 0.166994199
v 0.0206330422 -0.00552807231 0.163491715
v 0.00683935721 -0.013631159 0.172227713
v 0.00300517821 -0.0100530361 0.162369192
v 0.00847411521 -0.0135346595 0.168426888
v 0.00683935721 -0.00650166555 0.172227713
v 0.00847411521 -0.00659816506 0.168426888
v 0.0114120932 -0.00252990092 0.173765768
v 0.0108178082 -0.00179803407 0.163783188
v 0.0106095222 -0.00132795756 0.168713432
v 0.0161033032 0.00424225791 0.161842397
v 0.00678489621 0.00811370101 0.188098635
v 0.00596608521 0.00406072431 0.185553268
v 0.0233627342 0.00127561611 0.159180837
v 0.00860883021 -0.0136846636 0.163692599
v 0.0101098262 -0.0143085658 0.162149614
v 0.0168265692 -0.0165710481 0.162659668
v 0.0134834862 -0.0100664123 0.158008089
v 0.0168265692 -0.00356177644 0.162659668
v 0.0101098262 -0.00582425875 0.162149614
v -0.00157902579 -0.0100492144 0.157169146
v 0.00860883021 -0.00644816094 0.163692599
v 0.00547498821 -0.0140028254 0.159341341
v 0.00902826821 -0.0140171569 0.158335981
v 0.00755498121 -0.0131343302 0.151486617
v 0.00613901721 -0.010063546 0.150382802
v 0.00755498121 -0.00699849436 0.151486617
v 0.00902826821 -0.00611566773 0.158335981
v -0.00177775479 -0.0140467755 0.153714936
v -0.00212457979 -0.0100482589 0.15221528
v 0.00547498821 -0.00612999921 0.159341341
v -0.00177775479 -0.00608604908 0.153714936
v 0.000864990206 -0.0147012518 0.151191225
v 0.00231343721 -0.0100492144 0.14988949
v 0.000864990206 -0.0054315728 0.151191225
v 0.0649855251 -0.010087432 0.156219938
v 0.0642421928 -0.0168825213 0.156152971
v 0.0531543112 -0.0100692786 0.149840248
v 0.0638122448 -0.0182440232 0.160298429
v 0.0651078215 -0.0100883874 0.157976587
v 0.0642421928 -0.00325030329 0.156152971
v 0.0638122448 -0.00188880134 0.160298429
v 0.0604567394 -0.0239546884 0.15472618
v 0.0546371542 -0.0273952285 0.151848975
v 0.0433247442 -0.0141652501 0.144513181
v 0.0431011712 -0.0100692786 0.144703222
v 0.0429119952 -0.0221317092 0.144566355
v 0.0456999682 -0.0274879054 0.146666653
v 0.0604567394 0.00382186381 0.15472618
v 0.0546371542 0.00726240391 0.151848975
v 0.0433247442 -0.00596757451 0.144513181
v 0.0429119952 0.00199888461 0.144566355
v 0.0456999682 0.00735508081 0.146666653
v 0.0627545727 -0.0100893429 0.161739013
v 0.0614322437 -0.018821109 0.161556851
v 0.0590016043 -0.0248212726 0.158674715
v 0.0614322437 -0.00131171562 0.161556851
v 0.0590016043 0.00468844801 0.158674715
v 0.0518042742 -0.0279885571 0.155705938
v 0.0403819882 -0.0142846799 0.147387437
v 0.0387854482 -0.0100683232 0.145679032
v 0.0403819882 -0.00584814471 0.147387437
v 0.0425384172 -0.0281156291 0.150797351
v 0.0401440852 -0.0236164632 0.143764827
v 0.0391284522 -0.0180835099 0.14833666
v 0.0518042742 0.00785573251 0.155705938
v 0.0401440852 0.00348363861 0.143764827
v 0.0425384172 0.00798280451 0.150797351
v 0.0391284522 -0.00204931471 0.14833666
v 0.0595662694 -0.0100912537 0.170232778
v 0.0587980956 -0.0185153685 0.168771521
v 0.0562776451 -0.0244534279 0.160358499
v 0.0587980956 -0.00161745609 0.168771521
v 0.0562776451 0.00432060331 0.160358499
v 0.0500883042 -0.0263700405 0.159367929
v 0.0363815622 -0.0154751583 0.153823249
v 0.0367732922 -0.0100702341 0.154021155
v 0.0363815622 -0.00465766627 0.153823249
v 0.0432072262 -0.0271487245 0.156412928
v 0.0377879692 -0.026219082 0.153023688
v 0.0346837442 -0.0183386123 0.153686368
v 0.0500883042 0.00623721591 0.159367929
v 0.0377879692 0.00608625741 0.153023688
v 0.0432072262 0.00701589991 0.156412928
v 0.0346837442 -0.00179421228 0.153686368
v 0.0586958634 -0.0100922092 0.173874081
v 0.0583261081 -0.0194125271 0.17331282
v 0.0538661142 -0.0250056733 0.167246276
v 0.0583261081 -0.000720297525 0.17331282
v 0.0538661142 0.00487284871 0.167246276
v 0.0498293802 -0.0264455206 0.16569148
v 0.0333069572 -0.0156557363 0.161411106
v 0.0315556322 -0.0187160111 0.161121613
v 0.0338639792 -0.0100731004 0.161750824
v 0.0333069572 -0.00447708828 0.161411106
v 0.0315556322 -0.00141681349 0.161121613
v 0.0415103642 -0.0272719756 0.162152564
v 0.0373112042 -0.02760638 0.161408158
v 0.0329744622 -0.0246177639 0.150576791
v 0.0343455192 -0.0279063891 0.154017223
v 0.0320648852 -0.031398522 0.159053815
v 0.0276373762 -0.0132413394 0.155681317
v 0.0498293802 0.00631269601 0.16569148
v 0.0373112042 0.00747355541 0.161408158
v 0.0415103642 0.00713915101 0.162152564
v 0.0343455192 0.00777356451 0.154017223
v 0.0329744622 0.00448493931 0.150576791
v 0.0320648852 0.0112656974 0.159053815
v 0.0276373762 -0.00689148515 0.155681317
v 0.0571241648 -0.0100931646 0.177695594
v 0.0565241483 -0.0195845058 0.177202268
v 0.0542148502 -0.025880855 0.171201693
v 0.0565241483 -0.000548318795 0.177202268
v 0.0542148502 0.00574803041 0.171201693
v 0.0493927442 -0.0281758221 0.168666171
v 0.0305075172 -0.017192084 0.167557426
v 0.0304540102 -0.0193532898 0.165797814
v 0.0321585162 -0.0100740558 0.16731421
v 0.0305075172 -0.00294074059 0.167557426
v 0.0304540102 -0.000779534815 0.165797814
v 0.0419040052 -0.0290490943 0.166642669
v 0.0350659212 -0.0270159184 0.164887004
v 0.0295339232 -0.0270560476 0.163845225
v 0.0238882282 -0.0297580304 0.157853497
v 0.0266714232 -0.0247008876 0.154753751
v 0.0292224492 -0.0311300429 0.150192761
v 0.0327327362 -0.0190351283 0.147605048
v 0.0285679742 -0.0303246073 0.158629421
v 0.0276927902 -0.0284834748 0.151746574
v 0.0271520092 -0.0100692786 0.150519669
v 0.0327566232 -0.0144222634 0.136011543
v 0.0198772912 -0.0100711895 0.155365237
v 0.0239474652 -0.0166388842 0.160189132
v 0.0493927442 0.00804299751 0.168666171
v 0.0350659212 0.00688309381 0.164887004
v 0.0419040052 0.00891626971 0.166642669
v 0.0295339232 0.00692322301 0.163845225
v 0.0266714232 0.00456806301 0.154753751
v 0.0238882282 0.00962520581 0.157853497
v 0.0292224492 0.0109972183 0.150192761
v 0.0327327362 -0.00109769631 0.147605048
v 0.0276927902 0.00835065021 0.151746574
v 0.0285679742 0.0101917827 0.158629421
v 0.0327566232 -0.00571056119 0.136011543
v 0.0239474652 -0.00349394035 0.160189132
v 0.0446231862 -0.0100740558 0.172726938
v 0.0524998342 -0.0260986961 0.175339271
v 0.0467662392 -0.0290510056 0.173166108
v 0.0524998342 0.00596587151 0.175339271
v 0.0467662392 0.00891818101 0.173166108
v 0.0396052152 -0.0291675688 0.169320971
v 0.0220174752 -0.0236909867 0.168562773
v 0.0291794532 -0.0220772485 0.165527028
v 0.0230522182 -0.0186357535 0.166293107
v 0.0322110652 -0.0246435608 0.167769125
v 0.0291794532 0.00194442391 0.165527028
v 0.0220174752 0.00355816211 0.168562773
v 0.0230522182 -0.00149707106 0.166293107
v 0.0322110652 0.00451073621 0.167769125
v 0.0249927152 -0.0281490705 0.162624233
v 0.0248102272 -0.0257298966 0.165660947
v 0.0171542872 -0.0264741836 0.166418162
v 0.0191291812 -0.022157506 0.15872789
v 0.0221455062 -0.02818251 0.163003318
v 0.0211957982 -0.020831355 0.145182756
v 0.0245484372 -0.0232447966 0.14804322
v 0.0142105752 -0.0245862339 0.156106693
v 0.0209664912 -0.020862885 0.157133712
v 0.0313855662 -0.0202838879 0.148631068
v 0.0226891492 -0.024582413 0.141746255
v 0.0253538732 -0.0324733925 0.15762111
v 0.0247376142 -0.0305004078 0.155175195
v 0.0216878492 -0.0307889507 0.160965055
v 0.0285660622 -0.0100683232 0.140912243
v 0.0333423082 -0.0157732557 0.1352238
v 0.0155663452 -0.0100702341 0.142622613
v 0.0188368172 -0.0142885017 0.150309937
v 0.0223002862 -0.0171347576 0.150697899
v 0.0222639812 -0.0189252521 0.15607321
v 0.0188368172 -0.00584432292 0.150309937
v 0.0223002862 -0.00299806698 0.150697899
v 0.0222639812 -0.00120757253 0.15607321
v 0.0229089032 -0.019732599 0.160273823
v 0.0396052152 0.00903474421 0.169320971
v 0.0249927152 0.00801624591 0.162624233
v 0.0248102272 0.00559707201 0.165660947
v 0.0245484372 0.00311197201 0.14804322
v 0.0211957982 0.000698530405 0.145182756
v 0.0191291812 0.00202468141 0.15872789
v 0.0142105752 0.00445340931 0.156106693
v 0.0209664912 0.000730060405 0.157133712
v 0.0171542872 0.00634135901 0.166418162
v 0.0221455062 0.00804968541 0.163003318
v 0.0313855662 0.000151063305 0.148631068
v 0.0226891492 0.00444958841 0.141746255
v 0.0247376142 0.0103675832 0.155175195
v 0.0253538732 0.0123405679 0.15762111
v 0.0216878492 0.0106561261 0.160965055
v 0.0333423082 -0.00435956893 0.1352238
v 0.0229089032 -0.000400225575 0.160273823
v 0.0136229792 -0.0238190162 0.161825655
v 0.0187556052 -0.0219224673 0.161990093
v 0.0136229792 0.00368619161 0.161825655
v 0.0187556052 0.00178964271 0.161990093
v 0.0155501042 -0.0282465256 0.161162976
v 0.0148134582 -0.0241935489 0.158588058
v 0.0200005422 -0.018804867 0.141932365
v 0.0203683882 -0.0183347905 0.137010984
v 0.0257121622 -0.0243750825 0.135273035
v 0.0206378192 -0.0176029237 0.147013268
v 0.0330528092 -0.0214084407 0.132888166
v 0.0301855332 -0.0146047523 0.137093694
v 0.0264984912 -0.0100673677 0.140458312
v 0.0301855332 -0.00552807231 0.137093694
v 0.0161195442 -0.013631159 0.145300916
v 0.0126073452 -0.0100530361 0.135301596
v 0.0178756452 -0.0135346595 0.141565077
v 0.0161195442 -0.00650166555 0.145300916
v 0.0178756452 -0.00659816506 0.141565077
v 0.0206378192 -0.00252990092 0.147013268
v 0.0203683882 -0.00179803407 0.137010984
v 0.0200005422 -0.00132795756 0.141932365
v 0.0257121622 0.00424225791 0.135273035
v 0.0155501042 0.00811370101 0.161162976
v 0.0148134582 0.00406072431 0.158588058
v 0.0330528092 0.00127561611 0.132888166
v 0.0181641862 -0.0136846636 0.136836694
v 0.0197139092 -0.0143085658 0.135351812
v 0.0264096342 -0.0165710481 0.1361169
v 0.0232194192 -0.0100664123 0.131341249
v 0.0264096342 -0.00356177644 0.1361169
v 0.0197139092 -0.00582425875 0.135351812
v 0.00819608121 -0.0100492144 0.129929233
v 0.0181641862 -0.00644816094 0.136836694
v 0.0151746162 -0.0140028254 0.132369242
v 0.0187575162 -0.0140171569 0.131498797
v 0.0175068452 -0.0131343302 0.124596253
v 0.0161271892 -0.010063546 0.123440253
v 0.0175068452 -0.00699849436 0.124596253
v 0.0187575162 -0.00611566773 0.131498797
v 0.00810913421 -0.0140467755 0.126470085
v 0.00781103621 -0.0100482589 0.124957627
v 0.0151746162 -0.00612999921 0.132369242
v 0.00810913421 -0.00608604908 0.126470085
v 0.0108321382 -0.0147012518 0.124047792
v 0.0123216702 -0.0100492144 0.122801205
v 0.0108321382 -0.0054315728 0.124047792
v 0.0339375462 -0.0100855211 0.273589678
v 0.0333356202 -0.0163856927 0.273798442
v 0.0227789602 -0.0100692786 0.273090453
v 0.0342385092 -0.0176468738 0.276930689
v 0.0345585812 -0.0100864765 0.274811652
v 0.0333356202 -0.00374713188 0.273798442
v 0.0342385092 -0.00248595079 0.276930689
v 0.0299495382 -0.0229419223 0.274081039
v 0.0245388812 -0.0261311818 0.274022935
v 0.0128347412 -0.0138661971 0.272010276
v 0.0127162672 -0.0100683232 0.272224937
v 0.0125270912 -0.0212517491 0.272191455
v 0.0160010692 -0.0262171707 0.273384876
v 0.0299495382 0.00280909771 0.274081039
v 0.0245388812 0.00599835721 0.274022935
v 0.0128347412 -0.00626662751 0.272010276
v 0.0125270912 0.00111892451 0.272191455
v 0.0160010692 0.00608434611 0.273384876
v 0.0338420002 -0.010087432 0.278333842
v 0.0327537572 -0.0181819198 0.278659753
v 0.0299915802 -0.0237454474 0.27742695
v 0.0327537572 -0.00195090475 0.278659753
v 0.0299915802 0.00361262281 0.27742695
v 0.0234754782 -0.0266805584 0.277779448
v 0.00959866621 -0.0139770285 0.274517259
v 0.00963306321 -0.0100683232 0.274419773
v 0.00959866621 -0.00615579607 0.274517259
v 0.0147628202 -0.0267980773 0.27745157
v 0.0101232022 -0.0226275825 0.272572535
v 0.00877890021 -0.0174987801 0.275597437
v 0.0234754782 0.00654773381 0.277779448
v 0.0101232022 0.00249475791 0.272572535
v 0.0147628202 0.00666525271 0.27745157
v 0.00877890021 -0.00263404445 0.275597437
v 0.0336652462 -0.0100893429 0.285757247
v 0.0325664892 -0.0178991092 0.284919317
v 0.0283644642 -0.0234033995 0.279580438
v 0.0325664892 -0.00223371537 0.284919317
v 0.0283644642 0.00327057491 0.279580438
v 0.0232280182 -0.0251805182 0.28100918
v 0.00950598921 -0.0150805615 0.280057976
v 0.00990727421 -0.0100702341 0.280083594
v 0.00950598921 -0.00505226311 0.280057976
v 0.0147083602 -0.0259028301 0.280278566
v 0.0105044242 -0.0250400685 0.279039835
v 0.00798015321 -0.0177357297 0.28047747
v 0.0232280182 0.00504769361 0.28100918
v 0.0105044242 0.00490724391 0.279039835
v 0.0147083602 0.00577000551 0.280278566
v 0.00798015321 -0.00239709486 0.28047747
v 0.0339662092 -0.0100902983 0.288697486
v 0.0334789342 -0.0187303426 0.288398133
v 0.0278026652 -0.0239164705 0.285310227
v 0.0334789342 -0.001402482 0.288398133
v 0.0278026652 0.00378364591 0.285310227
v 0.0238146572 -0.025250266 0.285404749
v 0.00819799221 -0.0152477636 0.287658657
v 0.00657947521 -0.0180854203 0.287982631
v 0.00878463121 -0.0100721449 0.28773742
v 0.00819799221 -0.00488506095 0.287658657
v 0.00657947521 -0.00204740426 0.287982631
v 0.0155969192 -0.0260165281 0.285691278
v 0.0117025452 -0.026327046 0.286429787
v 0.00557531021 -0.0235562702 0.278717857
v 0.00777950821 -0.0266050783 0.280824069
v 0.00642182721 -0.0298421097 0.286308678
v 0.00114397521 -0.013010123 0.281780174
v 0.0238146572 0.00511744141 0.285404749
v 0.0117025452 0.00619422141 0.286429787
v 0.0155969192 0.00588370351 0.285691278
v 0.00777950821 0.00647225371 0.280824069
v 0.00557531021 0.00342344561 0.278717857
v 0.00642182721 0.00970928511 0.286308678
v 0.00114397521 -0.00712270162 0.281780174
v 0.0337063312 -0.0100912537 0.291984325
v 0.0330365642 -0.0188899012 0.29180608
v 0.0292635342 -0.0247266845 0.288107672
v 0.0330365642 -0.00124292341 0.29180608
v 0.0292635342 0.00459385991 0.288107672
v 0.0243009782 -0.0268544494 0.287722659
v 0.00754160521 -0.0166723247 0.293029053
v 0.00698076121 -0.0186758828 0.291752907
v 0.00891552721 -0.0100731004 0.292344717
v 0.00754160521 -0.00346049992 0.293029053
v 0.00698076121 -0.00145694183 0.291752907
v 0.0172517402 -0.0276646616 0.288867836
v 0.0107518832 -0.025779579 0.289672314
v 0.00560492721 -0.0258168412 0.290601831
v -0.00156660379 -0.0283220058 0.284451579
v 3.6622206e-05 -0.0236336608 0.281364642
v 0.00257236121 -0.0295936961 0.276891278
v 0.00405425121 -0.0183806511 0.276726855
v 0.00277586721 -0.0288465421 0.283704239
v 0.00165036221 -0.0271401252 0.278475609
v 0.000835370206 -0.0100692786 0.277719406
v -0.00144430679 -0.0141041019 0.268726401
v -0.00582786579 -0.0100702341 0.28252951
v -0.000872000794 -0.0161592532 0.28616688
v 0.0243009782 0.00672162481 0.287722659
v 0.0107518832 0.00564675441 0.289672314
v 0.0172517402 0.00753183701 0.288867836
v 0.00560492721 0.00568401661 0.290601831
v 3.6622206e-05 0.00350083621 0.281364642
v -0.00156660379 0.00818918121 0.284451579
v 0.00257236121 0.00946087151 0.276891278
v 0.00405425121 -0.00175217349 0.276726855
v 0.00165036221 0.00700730061 0.278475609
v 0.00277586721 0.00871371751 0.283704239
v -0.00144430679 -0.00602872269 0.268726401
v -0.000872000794 -0.00397357134 0.28616688
v 0.0213104502 -0.0100740558 0.292164507
v 0.0289702132 -0.0249292375 0.291670211
v 0.0233149652 -0.0276656172 0.291830701
v 0.0289702132 0.00479641291 0.291670211
v 0.0233149652 0.00753279261 0.291830701
v 0.0160211332 -0.027773583 0.291537277
v -0.000271982794 -0.0226973295 0.292925669
v 0.00578455021 -0.0212001545 0.291944944
v 1.6562206e-05 -0.0180108959 0.290949428
v 0.00909419321 -0.0235801557 0.292662764
v 0.00578455021 0.00106732991 0.291944944
v -0.000271982794 0.00256450491 0.292925669
v 1.6562206e-05 -0.0021219287 0.290949428
v 0.00909419321 0.00344733111 0.292662764
v 0.000719764206 -0.0268296073 0.287678348
v 0.00139430021 -0.0245871896 0.289983463
v -0.0107827768 -0.0375257587 0.292076881
v -0.00586608579 -0.026716865 0.285447095
v -0.00168794679 -0.0268601816 0.288764452
v -0.00870469879 -0.0200459831 0.273490226
v -0.00523453879 -0.0222836242 0.274729925
v -0.0109260948 -0.0300609065 0.284891732
v -0.00438037279 -0.0200756017 0.283534857
v 0.00370360321 -0.0195376895 0.275204559
v -0.00842475279 -0.0235237854 0.270541154
v -0.000336953794 -0.030838633 0.283864729
v -0.00155418179 -0.0290099225 0.28222329
v -0.00265198779 -0.0292764903 0.287381958
v -0.00378704579 -0.0100683232 0.272413013
v -0.00118442779 -0.015357639 0.267985927
v -0.0139280868 -0.0100702341 0.273074695
v -0.00655782679 -0.0139798946 0.279913244
v -0.00339531779 -0.0166188201 0.279222012
v -0.00352716779 -0.0182784193 0.282380816
v -0.00655782679 -0.00615292995 0.279913244
v -0.00339531779 -0.00351400452 0.279222012
v -0.00352716779 -0.00185440524 0.282380816
v -0.00176533979 -0.0190274847 0.28652334
v 0.0160211332 0.00764075841 0.291537277
v 0.000719764206 0.00669678271 0.287678348
v 0.00139430021 0.00445436501 0.289983463
v -0.00523453879 0.00215079961 0.274729925
v -0.00870469879 -8.68415246e-05 0.273490226
v -0.00586608579 0.00658404041 0.285447095
v -0.0109260948 0.00992808191 0.284891732
v -0.00438037279 -5.72228946e-05 0.283534857
v -0.0107827768 0.0173929341 0.292076881
v -0.00168794679 0.00672735701 0.288764452
v 0.00370360321 -0.000595135045 0.275204559
v -0.00842475279 0.00339096081 0.270541154
v -0.00155418179 0.00887709791 0.28222329
v -0.000336953794 0.0107058084 0.283864729
v -0.00265198779 0.00914366571 0.287381958
v -0.00118442779 -0.00477518562 0.267985927
v -0.00176533979 -0.00110533989 0.28652334
v -0.0151606058 -0.0330820064 0.289667383
v -0.00499472079 -0.0210577944 0.287762041
v -0.0151606058 0.0129491818 0.289667383
v -0.00499472079 0.000924969805 0.287762041
v -0.0136424108 -0.0404923996 0.288630521
v -0.0150000958 -0.0337087763 0.286929012
v -0.0105410508 -0.0181675883 0.271389942
v -0.0105324518 -0.0177319079 0.268110997
v -0.00814480779 -0.0233317412 0.265752707
v -0.00866170279 -0.0170525896 0.274997762
v -0.00204527879 -0.02058103 0.266325766
v -0.00322429379 -0.0142741702 0.270210313
v -0.00570270679 -0.0100673677 0.268576739
v -0.00322429379 -0.0058586544 0.270210313
v -0.0127624548 -0.0133712794 0.274919967
v -0.0190788658 -0.0100539916 0.263987196
v -0.0123516128 -0.013281468 0.271677469
v -0.0127624548 -0.00676154521 0.274919967
v -0.0123516128 -0.00685135659 0.271677469
v -0.00866170279 -0.00308023501 0.274997762
v -0.0105324518 -0.00240091665 0.268110997
v -0.0105410508 -0.00196523624 0.271389942
v -0.00814480779 0.00319891661 0.265752707
v -0.0136424108 0.020359575 0.288630521
v -0.0150000958 0.0135759517 0.286929012
v -0.00204527879 0.000448205405 0.266325766
v -0.0123544818 -0.0134209622 0.268563944
v -0.0115050918 -0.0139990036 0.267050481
v -0.00735657379 -0.0160971498 0.266196792
v -0.0112098628 -0.0100664123 0.263488939
v -0.00735657379 -0.00403567474 0.266196792
v -0.0115050918 -0.006133821 0.267050481
v -0.0241962018 -0.0100501698 0.258334188
v -0.0123544818 -0.00671186239 0.268563944
v -0.0179189638 -0.0137152377 0.258302686
v -0.0134312598 -0.0137295694 0.261613148
v -0.0181291618 -0.0129107573 0.251908236
v -0.0195518098 -0.010063546 0.251412943
v -0.0181291618 -0.00722206725 0.251908236
v -0.0134312598 -0.00640325514 0.261613148
v -0.0251965478 -0.0137563217 0.255784875
v -0.0258433848 -0.0100492144 0.254739163
v -0.0179189638 -0.00641758685 0.258302686
v -0.0251965478 -0.00637650284 0.255784875
v -0.0236535088 -0.0143630261 0.253264128
v -0.0227888358 -0.0100501698 0.251943685
v -0.0236535088 -0.00576979847 0.253264128
v 0.0323008772 -0.0100855211 0.294110228
v 0.0317218802 -0.0163856927 0.294384931
v 0.0211480252 -0.0100692786 0.294862499
v 0.0329190472 -0.0176468738 0.297398035
v 0.0330356112 -0.0100864765 0.295256374
v 0.0317218802 -0.00374713188 0.294384931
v 0.0329190472 -0.00248595079 0.297398035
v 0.0283787972 -0.0229419223 0.295044676
v 0.0229891582 -0.0261311818 0.295593142
v 0.0111493462 -0.0138661971 0.294900912
v 0.0110528462 -0.0100683232 0.295127372
v 0.0108608012 -0.0212517491 0.295115574
v 0.0144312832 -0.0262171707 0.295913155
v 0.0283787972 0.00280909771 0.295044676
v 0.0229891582 0.00599835721 0.295593142
v 0.0111493462 -0.00626662751 0.294900912
v 0.0108608012 0.00111892451 0.295115574
v 0.0144312832 0.00608434611 0.295913155
v 0.0326582122 -0.010087432 0.298837635
v 0.0316062742 -0.0181819198 0.299283687
v 0.0287399512 -0.0237454474 0.298366964
v 0.0316062742 -0.00195090475 0.299283687
v 0.0287399512 0.00361262281 0.298366964
v 0.0222897752 -0.0266805584 0.299446143
v 0.00816932921 -0.0139770285 0.297754495
v 0.00819321521 -0.0100683232 0.297654045
v 0.00816932921 -0.00615579607 0.297754495
v 0.0135876282 -0.0267980773 0.300094062
v 0.00850468921 -0.0226275825 0.295762495
v 0.00745657021 -0.0174987801 0.298920331
v 0.0222897752 0.00654773381 0.299446143
v 0.00850468921 0.00249475791 0.295762495
v 0.0135876282 0.00666525271 0.300094062
v 0.00745657021 -0.00263404445 0.298920331
v 0.0331923012 -0.0100893429 0.306237417
v 0.0320190232 -0.0178991092 0.305527463
v 0.0273268562 -0.0234033995 0.300689775
v 0.0320190232 -0.00223371537 0.305527463
v 0.0273268562 0.00327057491 0.300689775
v 0.0223518812 -0.0251805182 0.302683741
v 0.00860596521 -0.0150805615 0.303273555
v 0.00900725021 -0.0100702341 0.303253864
v 0.00860596521 -0.00505226311 0.303273555
v 0.0138035592 -0.0259028301 0.302911197
v 0.00950216621 -0.0250400685 0.302150064
v 0.00712694421 -0.0177357297 0.303861403
v 0.0223518812 0.00504769361 0.302683741
v 0.00950216621 0.00490724391 0.302150064
v 0.0138035592 0.00577000551 0.302911197
v 0.00712694421 -0.00239709486 0.303861403
v 0.0337732102 -0.0100902983 0.309126449
v 0.0332601382 -0.0187303426 0.308884202
v 0.0273153912 -0.0239164705 0.306448148
v 0.0332601382 -0.001402482 0.308884202
v 0.0273153912 0.00378364591 0.306448148
v 0.0233560462 -0.025250266 0.30698872
v 0.0101700212 -0.0152477636 0.309461222
v 0.00859163221 -0.0180854203 0.309964409
v 0.0107614362 -0.0100721449 0.309474046
v 0.0101700212 -0.00488506095 0.309461222
v 0.00859163221 -0.00204740426 0.309964409
v 0.0152051872 -0.0260165281 0.30819297
v 0.0114006282 -0.026327046 0.309362769
v 0.00456636521 -0.0235562702 0.302380456
v 0.00696165121 -0.0266050783 0.304227723
v 0.00827347021 -0.0298421097 0.30831804
v 0.000449372206 -0.013010123 0.305921337
v 0.0233560462 0.00511744141 0.30698872
v 0.0114006282 0.00619422141 0.309362769
v 0.0152051872 0.00588370351 0.30819297
v 0.00696165121 0.00647225371 0.304227723
v 0.00456636521 0.00342344561 0.302380456
v 0.00827347021 0.00970928511 0.30831804
v 0.000449372206 -0.00712270162 0.305921337
v 0.0338286242 -0.0100912537 0.312423119
v 0.0331445322 -0.0188899012 0.312320703
v 0.0290361382 -0.0247266845 0.309066379
v 0.0331445322 -0.00124292341 0.312320703
v 0.0290361382 0.00459385991 0.309066379
v 0.0240611632 -0.0268544494 0.309238695
v 0.0100305252 -0.0166723247 0.314873964
v 0.00935025221 -0.0186758828 0.313667748
v 0.0113327922 -0.0100731004 0.314039936
v 0.0100305252 -0.00346049992 0.314873964
v 0.00935025221 -0.00145694183 0.313667748
v 0.0171561982 -0.0276646616 0.311165695
v 0.0129044892 -0.025779579 0.311177521
v 0.00573104721 -0.0258168412 0.314192562
v -0.00199272879 -0.0283220058 0.308879302
v -0.000692377794 -0.0236336608 0.305631845
v 0.00140386021 -0.0295936961 0.300900505
v 0.00286281321 -0.0183806511 0.300572599
v 0.00225706521 -0.0288465421 0.3076514
v 0.000637594206 -0.0271401252 0.302579359
v -0.000245230794 -0.0100692786 0.301918646
v -0.00337334279 -0.0141041019 0.293233856
v -0.00641737679 -0.0100702341 0.307446597
v -0.00113760979 -0.0161592532 0.310507946
v 0.0240611632 0.00672162481 0.309238695
v 0.0129044892 0.00564675441 0.311177521
v 0.0171561982 0.00753183701 0.311165695
v 0.00573104721 0.00568401661 0.314192562
v -0.000692377794 0.00350083621 0.305631845
v -0.00199272879 0.00818918121 0.308879302
v 0.00140386021 0.00946087151 0.300900505
v 0.00286281321 -0.00175217349 0.300572599
v 0.000637594206 0.00700730061 0.302579359
v 0.00225706521 0.00871371751 0.3076514
v -0.00337334279 -0.00602872269 0.293233856
v -0.00113760979 -0.00397357134 0.310507946
v 0.0215101372 -0.0100740558 0.313988758
v 0.0290848652 -0.0249292375 0.312640745
v 0.0234726092 -0.0276656172 0.313432397
v 0.0290848652 0.00479641291 0.312640745
v 0.0234726092 0.00753279261 0.313432397
v 0.0161873802 -0.027773583 0.313957241
v 0.000105416206 -0.0226973295 0.317160358
v 0.00817888221 -0.0212001545 0.313991692
v 0.000203823206 -0.0180108959 0.315162489
v 0.0115410782 -0.0235801557 0.314335357
v 0.00817888221 0.00106732991 0.313991692
v 0.000105416206 0.00256450491 0.317160358
v 0.000203823206 -0.0021219287 0.315162489
v 0.0115410782 0.00344733111 0.314335357
v 0.000590775206 -0.0268296073 0.311832307
v 0.00148220721 -0.0245871896 0.314048799
v -0.0104349988 -0.0375257587 0.317491228
v -0.00617660479 -0.026716865 0.31035039
v -0.00170132279 -0.0268601816 0.313181318
v -0.0101435918 -0.0200459831 0.298781498
v -0.00657215579 -0.0222836242 0.299626354
v -0.0112643208 -0.0300609065 0.310365151
v -0.00488102979 -0.0200756017 0.30828356
v 0.00236885521 -0.0195376895 0.299097578
v -0.0101474148 -0.0235237854 0.295817635
v -0.000825181794 -0.030838633 0.308158519
v -0.00219337379 -0.0290099225 0.306663778
v -0.00279243779 -0.0292764903 0.311914034
v -0.00535301379 -0.0100683232 0.297160718
v -0.00318607379 -0.015357639 0.292468789
v -0.0153813098 -0.0100702341 0.298951849
v -0.00739383279 -0.0139798946 0.30492682
v -0.00431253979 -0.0166188201 0.303886024
v -0.00414151579 -0.0182784193 0.307040926
v -0.00739383279 -0.00615292995 0.30492682
v -0.00431253979 -0.00351400452 0.303886024
v -0.00414151579 -0.00185440524 0.307040926
v -0.00199272879 -0.0190274847 0.310961861
v 0.0161873802 0.00764075841 0.313957241
v 0.000590775206 0.00669678271 0.311832307
v 0.00148220721 0.00445436501 0.314048799
v -0.00657215579 0.00215079961 0.299626354
v -0.0101435918 -8.68415246e-05 0.298781498
v -0.00617660479 0.00658404041 0.31035039
v -0.0112643208 0.00992808191 0.310365151
v -0.00488102979 -5.72228946e-05 0.30828356
v -0.0104349988 0.0173929341 0.317491228
v -0.00170132279 0.00672735701 0.313181318
v 0.00236885521 -0.000595135045 0.299097578
v -0.0101474148 0.00339096081 0.295817635
v -0.00219337379 0.00887709791 0.306663778
v -0.000825181794 0.0107058084 0.308158519
v -0.00279243779 0.00914366571 0.311914034
v -0.00318607379 -0.00477518562 0.292468789
v -0.00199272879 -0.00110533989 0.310961861
v -0.0150220708 -0.0330820064 0.315585885
v -0.00508835879 -0.0210577944 0.312555056
v -0.0150220708 0.0129491818 0.315585885
v -0.00508835879 0.000924969805 0.312555056
v -0.0136108828 -0.0404923996 0.314385568
v -0.0151243008 -0.0337087763 0.312845546
v -0.0121719898 -0.0181675883 0.29689881
v -0.0124767718 -0.0177319079 0.293638558
v -0.0103260768 -0.0233317412 0.291027223
v -0.00995727779 -0.0170525896 0.300276239
v -0.00420171079 -0.02058103 0.290913979
v -0.00500331979 -0.0142741702 0.294907809
v -0.00762600579 -0.0100673677 0.293560764
v -0.00500331979 -0.0058586544 0.294907809
v -0.0140446538 -0.0133712794 0.300656321
v -0.0213757408 -0.0100539916 0.290494515
v -0.0139462398 -0.013281468 0.297387207
v -0.0140446538 -0.00676154521 0.300656321
v -0.0139462398 -0.00685135659 0.297387207
v -0.00995727779 -0.00308023501 0.300276239
v -0.0124767718 -0.00240091665 0.293638558
v -0.0121719898 -0.00196523624 0.29689881
v -0.0103260768 0.00319891661 0.291027223
v -0.0136108828 0.020359575 0.314385568
v -0.0151243008 0.0135759517 0.312845546
v -0.00420171079 0.000448205405 0.290913979
v -0.0142472058 -0.0134209622 0.294292375
v -0.0135459118 -0.0139990036 0.292692285
v -0.00949962379 -0.0160971498 0.291379721
v -0.0135927308 -0.0100664123 0.289118917
v -0.00949962379 -0.00403567474 0.291379721
v -0.0135459118 -0.006133821 0.292692285
v -0.0270090168 -0.0100501698 0.285446097
v -0.0142472058 -0.00671186239 0.294292375
v -0.0207652158 -0.0137152377 0.284713517
v -0.0159822818 -0.0137295694 0.287503096
v -0.0215849838 -0.0129107573 0.27838012
v -0.0230477608 -0.010063546 0.278046315
v -0.0215849838 -0.00722206725 0.27838012
v -0.0159822818 -0.00640325514 0.287503096
v -0.0282472658 -0.0137563217 0.283023805
v -0.0289906028 -0.0100492144 0.282056872
v -0.0207652158 -0.00641758685 0.284713517
v -0.0282472658 -0.00637650284 0.283023805
v -0.0269536058 -0.0143630261 0.280346501
v -0.0262188688 -0.0100501698 0.278936451
v -0.0269536058 -0.00576979847 0.280346501
v 0.0327852862 -0.0100855211 0.314416087
v 0.0322760362 -0.0163856927 0.314747925
v 0.0225802312 -0.0100692786 0.316288943
v 0.0336375372 -0.0176468738 0.317626128
v 0.0335601472 -0.0100864765 0.315482501
v 0.0322760362 -0.00374713188 0.314747925
v 0.0336375372 -0.00248595079 0.317626128
v 0.0292539772 -0.0229419223 0.315741474
v 0.0243382402 -0.0261311818 0.316830514
v 0.0133764762 -0.0138661971 0.317335638
v 0.0133067282 -0.0100683232 0.317570988
v 0.0131290172 -0.0212517491 0.317577884
v 0.0164854782 -0.0262171707 0.318012109
v 0.0292539772 0.00280909771 0.315741474
v 0.0243382402 0.00599835721 0.316830514
v 0.0133764762 -0.00626662751 0.317335638
v 0.0131290172 0.00111892451 0.317577884
v 0.0164854782 0.00608434611 0.318012109
v 0.0335219312 -0.010087432 0.319084422
v 0.0325913292 -0.0181819198 0.319633858
v 0.0298731052 -0.0237454474 0.31901056
v 0.0325913292 -0.00195090475 0.319633858
v 0.0298731052 0.00361262281 0.31901056
v 0.0240258122 -0.0266805584 0.320734723
v 0.0108770462 -0.0139770285 0.320475749
v 0.0108913752 -0.0100683232 0.320373363
v 0.0108770462 -0.00615579607 0.320475749
v 0.0160689062 -0.0267980773 0.322257019
v 0.0110155842 -0.0226275825 0.318459158
v 0.0103209782 -0.0174987801 0.321707584
v 0.0240258122 0.00654773381 0.320734723
v 0.0110155842 0.00249475791 0.318459158
v 0.0160689062 0.00666525271 0.322257019
v 0.0103209782 -0.00263404445 0.321707584
v 0.0346503042 -0.0100893429 0.326392646
v 0.0335085552 -0.0178991092 0.325805766
v 0.0287714832 -0.0234033995 0.321464368
v 0.0335085552 -0.00223371537 0.325805766
v 0.0287714832 0.00327057491 0.321464368
v 0.0243621262 -0.0251805182 0.323950663
v 0.0117550942 -0.0150805615 0.325922943
v 0.0121229402 -0.0100702341 0.325862902
v 0.0117550942 -0.00505226311 0.325922943
v 0.0165103192 -0.0259028301 0.325037736
v 0.0124831402 -0.0250400685 0.32471476
v 0.0104442322 -0.0177357297 0.32665652
v 0.0243621262 0.00504769361 0.323950663
v 0.0124831402 0.00490724391 0.32471476
v 0.0165103192 0.00577000551 0.325037736
v 0.0104442322 -0.00239709486 0.32665652
v 0.0354337652 -0.0100902983 0.329209781
v 0.0349398032 -0.0187303426 0.32901974
v 0.0292568462 -0.0239164705 0.327196125
v 0.0349398032 -0.001402482 0.32901974
v 0.0292568462 0.00378364591 0.327196125
v 0.0256567472 -0.025250266 0.328132539
v 0.0118879022 -0.0152477636 0.33364573
v 0.0126169022 -0.0180854203 0.332790045
v 0.0124334562 -0.0100721449 0.333598454
v 0.0118879022 -0.00488506095 0.33364573
v 0.0126169022 -0.00204740426 0.332790045
v 0.0182549522 -0.0260165281 0.330152123
v 0.0148526322 -0.026327046 0.331700008
v 0.00795817821 -0.0235562702 0.32544244
v 0.0103228892 -0.0266050783 0.327038599
v 0.0100429472 -0.0298421097 0.332699456
v 0.00447177721 -0.013010123 0.329379133
v 0.0256567472 0.00511744141 0.328132539
v 0.0148526322 0.00619422141 0.331700008
v 0.0182549522 0.00588370351 0.330152123
v 0.0103228892 0.00647225371 0.327038599
v 0.00795817821 0.00342344561 0.32544244
v 0.0100429472 0.00970928511 0.332699456
v 0.00447177721 -0.00712270162 0.329379133
v 0.0357681692 -0.0100912537 0.332483826
v 0.0351299352 -0.0188899012 0.33245131
v 0.0310664472 -0.0247266845 0.329627279
v 0.0351299352 -0.00124292341 0.33245131
v 0.0310664472 0.00459385991 0.329627279
v 0.0265003992 -0.0268544494 0.330299818
v 0.0143653582 -0.0166723247 0.337530248
v 0.0136354012 -0.0186758828 0.336398863
v 0.0154918202 -0.0100731004 0.336569213
v 0.0143653582 -0.00346049992 0.337530248
v 0.0136354012 -0.00145694183 0.336398863
v 0.0203081932 -0.0276646616 0.33291312
v 0.0145535802 -0.025779579 0.335077436
v 0.0121879082 -0.0258168412 0.335561901
v 0.00247776921 -0.0283220058 0.332569484
v 0.00339595321 -0.0236336608 0.329207815
v 0.00491796621 -0.0295936961 0.3242884
v 0.00623360821 -0.0183806511 0.323814765
v 0.00628520021 -0.0288465421 0.330919184
v 0.00435712521 -0.0271401252 0.326036187
v 0.00348767521 -0.0100692786 0.325467061
v -0.000141085794 -0.0141041019 0.317140666
v -0.00171947479 -0.0100702341 0.331589728
v 0.00340550621 -0.0161592532 0.334103607
v 0.0265003992 0.00672162481 0.330299818
v 0.0145535802 0.00564675441 0.335077436
v 0.0203081932 0.00753183701 0.33291312
v 0.0121879082 0.00568401661 0.335561901
v 0.00339595321 0.00350083621 0.329207815
v 0.00247776921 0.00818918121 0.332569484
v 0.00491796621 0.00946087151 0.3242884
v 0.00623360821 -0.00175217349 0.323814765
v 0.00435712521 0.00700730061 0.326036187
v 0.00628520021 0.00871371751 0.330919184
v -0.000141085794 -0.00602872269 0.317140666
v 0.00340550621 -0.00397357134 0.334103607
v 0.0245608562 -0.0100740558 0.335284205
v 0.0314190052 -0.0249292375 0.33317899
v 0.0263198222 -0.0276656172 0.334532902
v 0.0314190052 0.00479641291 0.33317899
v 0.0263198222 0.00753279261 0.334532902
v 0.0196556292 -0.027773583 0.335789357
v 0.00512243021 -0.0226973295 0.340597494
v 0.0125844162 -0.0212001545 0.336839015
v 0.00504121721 -0.0180108959 0.338599596
v 0.0157096592 -0.0235801557 0.33684195
v 0.0125844162 0.00106732991 0.336839015
v 0.00512243021 0.00256450491 0.340597494
v 0.00504121721 -0.0021219287 0.338599596
v 0.0157096592 0.00344733111 0.33684195
v 0.00511096521 -0.0268296073 0.335246789
v 0.00612277621 -0.0245871896 0.337362861
v -0.00455521979 -0.0375257587 0.341989819
v -0.00124844579 -0.026716865 0.334455107
v 0.00311600721 -0.0268601816 0.336821291
v -0.00589761379 -0.0200459831 0.323343124
v -0.00253542179 -0.0222836242 0.323823627
v -0.00593201079 -0.0300609065 0.334982915
v -0.000232808794 -0.0200756017 0.332267197
v 0.00565174221 -0.0195376895 0.32239685
v -0.00615558379 -0.0235237854 0.32039502
v 0.00349053721 -0.030838633 0.331735457
v 0.00210228521 -0.0290099225 0.330385478
v 0.00200291721 -0.0292764903 0.335670215
v -0.00162584479 -0.0100683232 0.32124774
v -3.4079794e-05 -0.015357639 0.316360811
v -0.0107053908 -0.0100702341 0.324041253
v -0.00283542679 -0.0139798946 0.329181229
v -8.8536794e-05 -0.0166188201 0.327835181
v 0.000340450206 -0.0182784193 0.330956599
v -0.00283542679 -0.00615292995 0.329181229
v -8.8536794e-05 -0.00351400452 0.327835181
v 0.000340450206 -0.00185440524 0.330956599
v 0.00265739221 -0.0190274847 0.334642214
v 0.0196556292 0.00764075841 0.335789357
v 0.00511096521 0.00669678271 0.335246789
v 0.00612277621 0.00445436501 0.337362861
v -0.00253542179 0.00215079961 0.323823627
v -0.00589761379 -8.68415246e-05 0.323343124
v -0.00124844579 0.00658404041 0.334455107
v -0.00593201079 0.00992808191 0.334982915
v -0.000232808794 -5.72228946e-05 0.332267197
v -0.00455521979 0.0173929341 0.341989819
v 0.00311600721 0.00672735701 0.336821291
v 0.00565174221 -0.000595135045 0.32239685
v -0.00615558379 0.00339096081 0.32039502
v 0.00210228521 0.00887709791 0.330385478
v 0.00349053721 0.0107058084 0.331735457
v 0.00200291721 0.00914366571 0.335670215
v -3.4079794e-05 -0.00477518562 0.316360811
v 0.00265739221 -0.00110533989 0.334642214
v -0.00894260179 -0.0330820064 0.340556147
v -5.6054794e-05 -0.0210577944 0.336538694
v -0.00894260179 0.0129491818 0.340556147
v -5.6054794e-05 0.000924969805 0.336538694
v -0.00774639479 -0.0404923996 0.33921993
v -0.00927222779 -0.0337087763 0.337839431
v -0.00792697179 -0.0181675883 0.321674101
v -0.00848877079 -0.0177319079 0.318461124
v -0.00673362679 -0.0233317412 0.315645955
v -0.00559665379 -0.0170525896 0.324812246
v -0.00110321979 -0.02058103 0.31491631
v -0.00149781679 -0.0142741702 0.318971178
v -0.00402781779 -0.0100673677 0.317894933
v -0.00149781679 -0.0058586544 0.318971178
v -0.00932859979 -0.0133712794 0.32560293
v -0.0169539688 -0.0100539916 0.316229872
v -0.00951872979 -0.013281468 0.322339744
v -0.00932859979 -0.00676154521 0.32560293
v -0.00951872979 -0.00685135659 0.322339744
v -0.00559665379 -0.00308023501 0.324812246
v -0.00848877079 -0.00240091665 0.318461124
v -0.00792697179 -0.00196523624 0.321674101
v -0.00673362679 0.00319891661 0.315645955
v -0.00774639479 0.020359575 0.33921993
v -0.00927222779 0.0135759517 0.337839431
v -0.00110321979 0.000448205405 0.31491631
v -0.0100623758 -0.0134209622 0.319290222
v -0.00955504179 -0.0139990036 0.317628095
v -0.00594156379 -0.0160971498 0.315913792
v -0.00990568879 -0.0100664123 0.314077381
v -0.00594156379 -0.00403567474 0.315913792
v -0.00955504179 -0.006133821 0.317628095
v -0.0225748228 -0.0100501698 0.311775201
v -0.0100623758 -0.00671186239 0.319290222
v -0.0177144968 -0.0124445026 0.310375011
v -0.0122446058 -0.0137295694 0.312709648
v -0.0190148488 -0.0119199659 0.304155826
v -0.0195651858 -0.010063546 0.304013061
v -0.0190148488 -0.00821285865 0.304155826
v -0.0122446058 -0.00640325514 0.312709648
v -0.0247494008 -0.0124712549 0.309448427
v -0.0255175738 -0.010054947 0.308561255
v -0.0177144968 -0.00768832197 0.310375011
v -0.0247494008 -0.00766156967 0.309448427
v -0.0237882288 -0.012866807 0.306652949
v -0.0224085758 -0.0100501698 0.305218279
v -0.0237882288 -0.0072660176 0.306652949
v 0.0357977882 -0.0113247268 0.335407309
v 0.0353019152 -0.0176248987 0.33576277
v 0.0256758572 -0.0113084843 0.337757704
v 0.0367780682 -0.0188860794 0.338573009
v 0.0366146882 -0.0113266377 0.33643528
v 0.0353019152 -0.00498633747 0.33576277
v 0.0367780682 -0.00372515682 0.338573009
v 0.0323218982 -0.0241811278 0.33689709
v 0.0274539302 -0.0273703865 0.338215582
v 0.0165198752 -0.0151054031 0.339235689
v 0.0164596802 -0.0113075289 0.339473005
v 0.0162829262 -0.0224909547 0.339488764
v 0.0196546712 -0.0274563754 0.339764465
v 0.0323218982 0.00156989211 0.33689709
v 0.0274539302 0.00475915071 0.338215582
v 0.0165198752 -0.0075058331 0.339235689
v 0.0162829262 -0.000120281955 0.339488764
v 0.0196546712 0.00484514051 0.339764465
v 0.0367207422 -0.0113266377 0.340035235
v 0.0358130752 -0.0194211254 0.340628014
v 0.0330719192 -0.024984653 0.340132721
v 0.0358130752 -0.00319011033 0.340628014
v 0.0330719192 0.00237246161 0.340132721
v 0.0272981932 -0.0279197649 0.34212965
v 0.0141494262 -0.0152162341 0.342489044
v 0.0141589832 -0.0113075289 0.342386629
v 0.0141494262 -0.00739500188 0.342489044
v 0.0194081692 -0.0280382395 0.344025133
v 0.0142057982 -0.0238667881 0.340469489
v 0.0136430462 -0.0187379862 0.343746468
v 0.0272981932 0.00530852911 0.34212965
v 0.0142057982 0.00125555241 0.340469489
v 0.0194081692 0.00542604801 0.344025133
v 0.0136430462 -0.00387325004 0.343746468
v 0.0381424372 -0.0113285486 0.347282421
v 0.0369777552 -0.0191383157 0.346748744
v 0.0320696622 -0.0246426051 0.342635772
v 0.0369777552 -0.00347292051 0.346748744
v 0.0320696622 0.00203136931 0.342635772
v 0.0277634922 -0.0264197246 0.34532587
v 0.0152453182 -0.0163197671 0.34788996
v 0.0156102952 -0.0113094398 0.347812165
v 0.0152453182 -0.0062914687 0.34788996
v 0.0199613682 -0.0271420366 0.346782198
v 0.0159246342 -0.0262802289 0.346648295
v 0.0139640732 -0.0189749353 0.348683608
v 0.0277634922 0.00380848801 0.34532587
v 0.0159246342 0.00366803831 0.346648295
v 0.0199613682 0.00453080081 0.346782198
v 0.0139640732 -0.00363630089 0.348683608
v 0.0390386402 -0.0113295041 0.350059206
v 0.0385370352 -0.0199705038 0.349892788
v 0.0327852862 -0.0251556761 0.348337977
v 0.0385370352 -0.00264168803 0.349892788
v 0.0327852862 0.00254444031 0.348337977
v 0.0292253142 -0.0264894707 0.349442775
v 0.0178278722 -0.0164869692 0.354081559
v 0.0164443932 -0.0193246259 0.354806275
v 0.0183715182 -0.0113113507 0.354008695
v 0.0178278722 -0.00612426653 0.354081559
v 0.0164443932 -0.00328660984 0.354806275
v 0.0219104682 -0.0272557346 0.351807961
v 0.0185721592 -0.0275662525 0.3535144
v 0.0114311992 -0.0247954758 0.347587672
v 0.0138580162 -0.0278442848 0.349070587
v 0.0159466092 -0.0310813162 0.353222941
v 0.00810626921 -0.0142493286 0.351683888
v 0.0292253142 0.00387823501 0.349442775
v 0.0185721592 0.00495501501 0.3535144
v 0.0219104682 0.00464449791 0.351807961
v 0.0138580162 0.00523304901 0.349070587
v 0.0114311992 0.00218424001 0.347587672
v 0.0159466092 0.00847008041 0.353222941
v 0.00810626921 -0.00836190732 0.351683888
v 0.0395039392 -0.0113304594 0.353314528
v 0.0388647492 -0.0201291068 0.353311564
v 0.0346913882 -0.0259658901 0.350680508
v 0.0388647492 -0.002482129 0.353311564
v 0.0346913882 0.00335465341 0.350680508
v 0.0301549582 -0.0280946097 0.35156771
v 0.0183810712 -0.0179115303 0.359458852
v 0.0176062102 -0.0199150883 0.358362916
v 0.0194693182 -0.0113132616 0.358445641
v 0.0183810712 -0.0046997055 0.359458852
v 0.0176062102 -0.00269614786 0.358362916
v 0.0240726282 -0.028903868 0.354469536
v 0.0205489652 -0.0270187854 0.355386259
v 0.0161271892 -0.0270560476 0.357595855
v 0.00624125021 -0.0295612105 0.354964829
v 0.00702375721 -0.0248728664 0.35156278
v 0.00834704121 -0.0308329008 0.346577396
v 0.00964261621 -0.0196208124 0.346042722
v 0.00997988721 -0.0300857468 0.353137281
v 0.00785689821 -0.0283793317 0.348349803
v 0.00696547321 -0.0113084843 0.347822025
v 0.00300517821 -0.0153433075 0.339675841
v 0.00200769421 -0.0113094398 0.354183007
v 0.00723013221 -0.0173984593 0.356453641
v 0.0301549582 0.00548241831 0.35156771
v 0.0205489652 0.00440754881 0.355386259
v 0.0240726282 0.00629263231 0.354469536
v 0.0161271892 0.00444481101 0.357595855
v 0.00702375721 0.00226163061 0.35156278
v 0.00624125021 0.00694901901 0.354964829
v 0.00834704121 0.00822070941 0.346577396
v 0.00964261621 -0.00299137907 0.346042722
v 0.00785689821 0.00576809591 0.348349803
v 0.00997988721 0.00747451101 0.353137281
v 0.00300517821 -0.0072679285 0.339675841
v 0.00723013221 -0.00521277692 0.356453641
v 0.0284170132 -0.0113132616 0.356637784
v 0.0351863052 -0.0261684422 0.354212528
v 0.0301444482 -0.0289048237 0.355803757
v 0.0351863052 0.00355720731 0.354212528
v 0.0301444482 0.00629358791 0.355803757
v 0.0235356692 -0.0290127877 0.357373328
v 0.00920693721 -0.0239365351 0.362858935
v 0.0165743362 -0.0224403158 0.358853279
v 0.00904546621 -0.0192501015 0.360866935
v 0.0196976682 -0.0248193622 0.358708547
v 0.0165743362 -0.000171875665 0.358853279
v 0.00920693721 0.00132529931 0.362858935
v 0.00904546621 -0.00336113429 0.360866935
v 0.0196976682 0.00220812551 0.358708547
v 0.00898049521 -0.0280688138 0.357515126
v 0.0100763872 -0.0258263961 0.359579961
v -0.000407655794 -0.0387649651 0.364704207
v 0.00259433621 -0.0279560714 0.357022797
v 0.00705050821 -0.0280993881 0.359180187
v -0.00249816279 -0.0212851887 0.346142173
v 0.000880274206 -0.0235228298 0.346464152
v -0.00206534579 -0.0313001112 0.357769169
v 0.00352015821 -0.0213148073 0.354789548
v 0.00900438121 -0.0207778508 0.344654329
v -0.00287460079 -0.024762991 0.343209828
v 0.00722057521 -0.0320778395 0.354082557
v 0.00577881621 -0.0302491272 0.352799544
v 0.00589060321 -0.030515695 0.358083283
v 0.00168666721 -0.0113075289 0.343847886
v 0.00308065621 -0.016596845 0.338892053
v -0.00727535879 -0.0113094398 0.347065792
v 0.000796196206 -0.0152191002 0.351829618
v 0.00348767521 -0.0178589809 0.350355566
v 0.00404087521 -0.0195185806 0.353453361
v 0.000796196206 -0.00739213576 0.351829618
v 0.00348767521 -0.00475321011 0.350355566
v 0.00404087521 -0.00309361082 0.353453361
v 0.00650399721 -0.0202666903 0.357025731
v 0.0235356692 0.00640155191 0.357373328
v 0.00898049521 0.00545757801 0.357515126
v 0.0100763872 0.00321515941 0.359579961
v 0.000880274206 0.000911594005 0.346464152
v -0.00249816279 -0.00132604711 0.346142173
v 0.00259433621 0.00534483571 0.357022797
v -0.00206534579 0.00868887541 0.357769169
v 0.00352015821 -0.00129642846 0.354789548
v -0.000407655794 0.0161537276 0.364704207
v 0.00705050821 0.00548815051 0.359180187
v 0.00900438121 -0.00183434062 0.344654329
v -0.00287460079 0.00215079961 0.343209828
v 0.00577881621 0.00763789141 0.352799544
v 0.00722057521 0.00946660371 0.354082557
v 0.00589060321 0.00790445921 0.358083283
v 0.00308065621 -0.0060143912 0.338892053
v 0.00650399721 -0.00234454637 0.357025731
v -0.00484949479 -0.0343221685 0.363478271
v 0.00386889021 -0.022297 0.35904825
v -0.00484949479 0.0117099771 0.363478271
v 0.00386889021 -0.000314235755 0.35904825
v -0.00370774479 -0.0417316061 0.362087941
v -0.00528900279 -0.034947981 0.360780278
v -0.00459343979 -0.0194067939 0.344570636
v -0.00528326579 -0.0189711135 0.34138721
v -0.00364277379 -0.0245709477 0.338493248
v -0.00213891679 -0.0182927508 0.347594568
v 0.00195419021 -0.0218211913 0.337499728
v 0.00172297221 -0.0155133758 0.341567391
v -0.000849071794 -0.0113065734 0.340612255
v 0.00172297221 -0.00709786021 0.341567391
v -0.00583551079 -0.014610485 0.348560533
v -0.0138315878 -0.0112931973 0.339556699
v -0.00615749179 -0.0145206738 0.345310141
v -0.00583551079 -0.00800075102 0.348560533
v -0.00615749179 -0.0080905624 0.345310141
v -0.00213891679 -0.00431944059 0.347594568
v -0.00528326579 -0.00364012268 0.34138721
v -0.00459343979 -0.00320444182 0.344570636
v -0.00364277379 0.00195875621 0.338493248
v -0.00370774479 0.0191203703 0.362087941
v -0.00528900279 0.0123367452 0.360780278
v 0.00195419021 -0.000791000185 0.337499728
v -0.00682248079 -0.0146601678 0.342289172
v -0.00638202579 -0.0152382092 0.340605359
v -0.00284020379 -0.0173363554 0.338723669
v -0.00687503079 -0.011305618 0.337075334
v -0.00284020379 -0.005275836 0.338723669
v -0.00638202579 -0.00737302681 0.340605359
v -0.0194438428 -0.0112893755 0.332303615
v -0.00682248079 -0.00795202343 0.342289172
v -0.0150717518 -0.0136837082 0.33065528
v -0.00926840479 -0.0149687753 0.335818879
v -0.0164848468 -0.0131591716 0.3251815
v -0.0169902738 -0.0113037071 0.325068256
v -0.0164848468 -0.00945206435 0.3251815
v -0.00926840479 -0.00764246095 0.335818879
v -0.0214942148 -0.0137104605 0.330092053
v -0.0222213068 -0.0112941527 0.329246228
v -0.0150717518 -0.00892752778 0.33065528
v -0.0214942148 -0.00890173093 0.330092053
v -0.0207107578 -0.0141060128 0.327252262
v -0.0195030838 -0.0112893755 0.32574866
v -0.0207107578 -0.00850617875 0.327252262
v 0.0398947142 -0.0106100577 0.355819515
v 0.0394380142 -0.0166111765 0.356180875
v 0.0303565572 -0.0105947706 0.35853623
v 0.0409571642 -0.0178131203 0.358784346
v 0.0407144812 -0.0106110131 0.356758893
v 0.0394380142 -0.00457263212 0.356180875
v 0.0409571642 -0.00337068876 0.358784346
v 0.0366481292 -0.0228559325 0.357401881
v 0.0320677502 -0.0258942326 0.358886762
v 0.0217031362 -0.0142111111 0.360376573
v 0.0216553632 -0.0105938152 0.360605995
v 0.0214881622 -0.021246016 0.360629619
v 0.0247079972 -0.0259763989 0.360731066
v 0.0366481292 0.00167212381 0.357401881
v 0.0320677502 0.00471042311 0.358886762
v 0.0217031362 -0.00697269751 0.360376573
v 0.0214881622 6.22074054e-05 0.360629619
v 0.0247079972 0.00479259111 0.360731066
v 0.0409619412 -0.0106119685 0.360177669
v 0.0401221082 -0.0183223695 0.360785208
v 0.0374927392 -0.0236212397 0.360444507
v 0.0401221082 -0.00286143913 0.360785208
v 0.0374927392 0.00243743111 0.360444507
v 0.0320792152 -0.0264178133 0.362618654
v 0.0195791932 -0.0143171651 0.363584619
v 0.0195839702 -0.0105938152 0.363487133
v 0.0195791932 -0.00686664375 0.363584619
v 0.0246468482 -0.0265296 0.364795765
v 0.0195514842 -0.0225568799 0.361660583
v 0.0191482912 -0.017671715 0.364804627
v 0.0320792152 0.00523400471 0.362618654
v 0.0195514842 0.00137307131 0.361660583
v 0.0246468482 0.00534579131 0.364795765
v 0.0191482912 -0.00351209363 0.364804627
v 0.0426091192 -0.0106138794 0.367005361
v 0.0414778782 -0.0180529356 0.366553411
v 0.0366404862 -0.0232963903 0.362873696
v 0.0414778782 -0.00313087305 0.366553411
v 0.0366404862 0.00211258171 0.362873696
v 0.0326515242 -0.0249884748 0.365637657
v 0.0208413282 -0.0153681491 0.368670452
v 0.0211852882 -0.0105957261 0.368578865
v 0.0208413282 -0.0058156595 0.368670452
v 0.0252841252 -0.0256763915 0.36739234
v 0.0214375242 -0.0248556688 0.36745734
v 0.0196546712 -0.0178971988 0.369486755
v 0.0326515242 0.00380562191 0.365637657
v 0.0214375242 0.00367186011 0.36745734
v 0.0252841252 0.00449258291 0.36739234
v 0.0196546712 -0.00328660984 0.369486755
v 0.0435741142 -0.0106148349 0.369603902
v 0.0430906602 -0.0188449954 0.36946903
v 0.0375529322 -0.0237846201 0.368263783
v 0.0430906602 -0.00233881324 0.36946903
v 0.0375529322 0.00260081151 0.368263783
v 0.0342098462 -0.0250553557 0.369483791
v 0.0235509572 -0.015526752 0.374437658
v 0.0222630232 -0.0182296918 0.375192892
v 0.0240649822 -0.0105976369 0.374343136
v 0.0235509572 -0.00565610091 0.374437658
v 0.0222630232 -0.00295411685 0.375192892
v 0.0273431002 -0.0257853112 0.372081334
v 0.0242360062 -0.026080542 0.373862604
v 0.0171991912 -0.0234416174 0.368564104
v 0.0195696402 -0.0263452002 0.369859941
v 0.0217251112 -0.0294293601 0.373710976
v 0.0142000642 -0.0133951653 0.372618972
v 0.0342098462 0.00387154711 0.369483791
v 0.0242360062 0.00489673331 0.373862604
v 0.0273431002 0.00460150261 0.372081334
v 0.0195696402 0.00516139161 0.369859941
v 0.0171991912 0.00225780881 0.368564104
v 0.0217251112 0.00824555141 0.373710976
v 0.0142000642 -0.00778768783 0.372618972
v 0.0441492882 -0.0106148349 0.372678045
v 0.0435416282 -0.0189969104 0.37270563
v 0.0394619012 -0.0245566162 0.37040248
v 0.0435416282 -0.00218689823 0.37270563
v 0.0394619012 0.00337280671 0.37040248
v 0.0351805732 -0.0265831032 0.371461
v 0.0242952442 -0.016883477 0.379527423
v 0.0235136942 -0.0187934017 0.378522077
v 0.0252898592 -0.0105985924 0.378512217
v 0.0242952442 -0.00429937642 0.379527423
v 0.0235136942 -0.00239040695 0.378522077
v 0.0295090822 -0.0273541436 0.374510522
v 0.0261937062 -0.0255588726 0.37555035
v 0.0220738472 -0.0255942235 0.377862361
v 0.0125595762 -0.0279809135 0.375828016
v 0.0131653252 -0.0235151862 0.37255497
v 0.0142229972 -0.0291924109 0.367749767
v 0.0154344942 -0.0185115467 0.367178675
v 0.0160431082 -0.0284806078 0.373911845
v 0.0138284002 -0.0268544494 0.36945917
v 0.0129579932 -0.0105947706 0.368999327
v 0.00885915521 -0.0144375506 0.361438057
v 0.00849800121 -0.0105957261 0.375285477
v 0.0135599222 -0.0163952472 0.377197687
v 0.0351805732 0.00539929461 0.371461
v 0.0261937062 0.00437601881 0.37555035
v 0.0295090822 0.00617033501 0.374510522
v 0.0220738472 0.00441041491 0.377862361
v 0.0131653252 0.00233137761 0.37255497
v 0.0125595762 0.00679710491 0.375828016
v 0.0142229972 0.00800860231 0.367749767
v 0.0154344942 -0.00267130667 0.367178675
v 0.0138284002 0.00567159641 0.36945917
v 0.0160431082 0.00729775481 0.373911845
v 0.00885915521 -0.00674625827 0.361438057
v 0.0135599222 -0.00478856143 0.377197687
v 0.0337321252 -0.0105985924 0.376366623
v 0.0400762492 -0.0247496143 0.373738561
v 0.0353429982 -0.027356055 0.375492245
v 0.0400762492 0.00356580571 0.373738561
v 0.0353429982 0.00617224641 0.375492245
v 0.0291163962 -0.0274582867 0.377298136
v 0.0157010602 -0.0226228051 0.383197279
v 0.0225506112 -0.0211972884 0.37903706
v 0.0154669802 -0.0181589891 0.381310659
v 0.0255172522 -0.0234645482 0.3787515
v 0.0225506112 1.34798054e-05 0.37903706
v 0.0157010602 0.00143899651 0.383197279
v 0.0154669802 -0.00302481951 0.381310659
v 0.0255172522 0.00228073951 0.3787515
v 0.0152692042 -0.0265592186 0.37812427
v 0.0163966242 -0.0244228545 0.380037477
v 0.00662629421 -0.0385633669 0.385409839
v 0.00917158621 -0.0264512528 0.377959818
v 0.0134997272 -0.0265888373 0.379801158
v 0.00388322721 -0.0200975768 0.367851215
v 0.00711165721 -0.0222291635 0.367996944
v 0.00476700621 -0.0296376462 0.378891331
v 0.00996268921 -0.0201262406 0.375791599
v 0.0147704622 -0.0196141244 0.365888766
v 0.00340550621 -0.0234100874 0.365078362
v 0.0134548232 -0.0303781123 0.37494281
v 0.0120312172 -0.0286353889 0.373790737
v 0.0123522442 -0.0288904922 0.37881157
v 0.00777282021 -0.0105938152 0.365469273
v 0.00889832921 -0.0156318503 0.36068872
v -0.000625498794 -0.0105947706 0.368956013
v 0.00724923821 -0.0143200312 0.373104405
v 0.00975058021 -0.0168337941 0.371575213
v 0.0104041012 -0.0184140915 0.374494764
v 0.00724923821 -0.0068637774 0.373104405
v 0.00975058021 -0.00435001446 0.371575213
v 0.0104041012 -0.00276876141 0.374494764
v 0.0128930252 -0.0191278051 0.377776673
v 0.0291163962 0.00627543381 0.377298136
v 0.0152692042 0.00537541001 0.37812427
v 0.0163966242 0.00323904581 0.380037477
v 0.00711165721 0.00104535481 0.367996944
v 0.00388322721 -0.00108527617 0.367851215
v 0.00917158621 0.00526839991 0.377959818
v 0.00476700621 0.00845383761 0.378891331
v 0.00996268921 -0.00105756797 0.375791599
v 0.00662629421 0.0173088547 0.385409839
v 0.0134997272 0.00540502861 0.379801158
v 0.0147704622 -0.00156968417 0.365888766
v 0.00340550621 0.00222627881 0.365078362
v 0.0120312172 0.00745253601 0.373790737
v 0.0134548232 0.00919430371 0.37494281
v 0.0123522442 0.00770668361 0.37881157
v 0.00889832921 -0.00555195827 0.36068872
v 0.0128930252 -0.00205600351 0.377776673
v 0.00234878821 -0.0340431806 0.384454703
v 0.0104671612 -0.0210616162 0.379825778
v 0.00234878821 0.0127877128 0.384454703
v 0.0104671612 -0.000122192405 0.379825778
v 0.00337875421 -0.0415816033 0.383077168
v 0.00182138621 -0.0346804575 0.381909336
v 0.00182520921 -0.0183089937 0.366454928
v 0.00103983721 -0.017893377 0.363459578
v 0.00248350721 -0.023227599 0.36062865
v 0.00428450821 -0.0172465443 0.369215955
v 0.00776995521 -0.0206077825 0.359417504
v 0.00771454121 -0.0145999753 0.363299058
v 0.00522848221 -0.0105928598 0.362511338
v 0.00771454121 -0.00658383335 0.363299058
v 0.000804795206 -0.0137400791 0.370309924
v -0.00717025979 -0.0105794836 0.362124359
v 0.000367202206 -0.0136540896 0.367232818
v 0.000804795206 -0.00744372947 0.370309924
v 0.000367202206 -0.00752971906 0.367232818
v 0.00428450821 -0.00393726434 0.369215955
v 0.00103983721 -0.00329043163 0.363459578
v 0.00182520921 -0.00287481539 0.366454928
v 0.00248350721 0.00204379041 0.36062865
v 0.00337875421 0.0203261355 0.383077168
v 0.00182138621 0.0134249914 0.381909336
v 0.00776995521 -0.000576026095 0.359417504
v -0.000388549794 -0.0137868958 0.364391062
v -3.7901794e-05 -0.0143372293 0.362767348
v 0.00325645721 -0.0163360099 0.360809829
v -0.000650334794 -0.0105919043 0.359432265
v 0.00325645721 -0.00484779872 0.360809829
v -3.7901794e-05 -0.00684657935 0.362767348
v -0.0123248608 -0.0106110131 0.356241943
v -0.000388549794 -0.00739691277 0.364391062
v -0.00822984679 -0.0130464297 0.354466572
v -0.00297874579 -0.0140811712 0.358352088
v -0.00979772179 -0.0125132941 0.349326596
v -0.0102830878 -0.0106253447 0.349241905
v -0.00979772179 -0.00874217245 0.349326596
v -0.00297874579 -0.00710263723 0.358352088
v -0.0143656808 -0.0130741375 0.354236151
v -0.0150918118 -0.0106157903 0.353465158
v -0.00822984679 -0.00820808141 0.354466572
v -0.0143656808 -0.00818132922 0.354236151
v -0.0137360418 -0.0134763777 0.351496811
v -0.0126468418 -0.0106110131 0.350008966
v -0.0137360418 -0.0077790888 0.351496811
v 0.0439113852 -0.0105785282 0.375261825
v 0.0434995892 -0.0162299559 0.375628144
v 0.0350773862 -0.0105632411 0.378374381
v 0.0450598222 -0.0173621523 0.377986405
v 0.0447301962 -0.0105794836 0.376095852
v 0.0434995892 -0.0048917493 0.375628144
v 0.0450598222 -0.00376050815 0.377986405
v 0.0409370992 -0.0221116446 0.376939711
v 0.0367045002 -0.0249731877 0.378603804
v 0.0270306692 -0.0139703402 0.38061253
v 0.0269972302 -0.0105632411 0.380831125
v 0.0268405362 -0.0205953615 0.380862642
v 0.0298740592 -0.0250505791 0.380770086
v 0.0409370992 0.000989939305 0.376939711
v 0.0367045002 0.00385052681 0.378603804
v 0.0270306692 -0.00715232026 0.38061253
v 0.0268405362 -0.000527299395 0.380862642
v 0.0298740592 0.00392791731 0.380770086
v 0.0451333912 -0.0105804391 0.379296034
v 0.0443747732 -0.0178417833 0.379915399
v 0.0418839402 -0.0228330017 0.37974995
v 0.0443747732 -0.00328087716 0.379915399
v 0.0418839402 0.00171034171 0.37974995
v 0.0369013212 -0.025466194 0.382111203
v 0.0251933602 -0.0140697058 0.383752642
v 0.0251933602 -0.0105632411 0.383660086
v 0.0251933602 -0.00705295441 0.383752642
v 0.0300202432 -0.0255722484 0.384593565
v 0.0250710622 -0.0218297896 0.381945783
v 0.0248494002 -0.0172293462 0.384924406
v 0.0369013212 0.00434353401 0.382111203
v 0.0250710622 0.000708085305 0.381945783
v 0.0300202432 0.00444958841 0.384593565
v 0.0248494002 -0.00389331421 0.384924406
v 0.0470251642 -0.0105813944 0.385616636
v 0.0459388292 -0.0175885913 0.385258211
v 0.0412046222 -0.0225263056 0.38208265
v 0.0459388292 -0.00353406869 0.385258211
v 0.0412046222 0.00140364561 0.38208265
v 0.0375911482 -0.0241209349 0.384914546
v 0.0266351182 -0.0150595421 0.388459361
v 0.0269551912 -0.0105641966 0.388353013
v 0.0266351182 -0.00606311879 0.388459361
v 0.0307501972 -0.0247677676 0.386997135
v 0.0271357682 -0.0239948167 0.387283664
v 0.0255602482 -0.0174414537 0.389296352
v 0.0375911482 0.00299827491 0.384914546
v 0.0271357682 0.00287215671 0.387283664
v 0.0307501972 0.00364510761 0.386997135
v 0.0255602482 -0.00368120669 0.389296352
v 0.0480627722 -0.0105823499 0.388002481
v 0.0476012942 -0.0183338348 0.387904996
v 0.0423329982 -0.0229858724 0.387095589
v 0.0476012942 -0.00278787036 0.387904996
v 0.0423329982 0.00186321151 0.387095589
v 0.0392497922 -0.0241830383 0.38843967
v 0.0294727742 -0.0152095457 0.393721443
v 0.0283004502 -0.0177548378 0.394507227
v 0.0299514492 -0.0105661075 0.3936023
v 0.0294727742 -0.00591311468 0.393721443
v 0.0283004502 -0.0033678222 0.394507227
v 0.0329219122 -0.0248700002 0.39128439
v 0.0300890332 -0.0251489882 0.393140491
v 0.0237879062 -0.0226629334 0.388266385
v 0.0254990992 -0.0253983593 0.389651814
v 0.0277195422 -0.0283028959 0.393144423
v 0.0213773332 -0.0132021665 0.392264147
v 0.0392497922 0.00306037831 0.38843967
v 0.0300890332 0.00402632821 0.393140491
v 0.0329219122 0.00374829501 0.39128439
v 0.0254990992 0.00427569841 0.389651814
v 0.0237879062 0.00154027341 0.388266385
v 0.0277195422 0.00718023591 0.393144423
v 0.0213773332 -0.00792049389 0.392264147
v 0.0487583322 -0.0105833053 0.390858998
v 0.0481879342 -0.0184771506 0.390921035
v 0.0442352792 -0.0237129618 0.388994035
v 0.0481879342 -0.00264550982 0.390921035
v 0.0442352792 0.00259125751 0.388994035
v 0.0402625602 -0.0256228865 0.390241628
v 0.0304291702 -0.0164869692 0.398461645
v 0.0296428442 -0.0182851073 0.397562647
v 0.0313129532 -0.0105680183 0.397449403
v 0.0304291702 -0.0046356912 0.398461645
v 0.0296428442 -0.00283755317 0.397562647
v 0.0350812082 -0.0263490211 0.393439844
v 0.0320142432 -0.0246578923 0.394611579
v 0.0282565002 -0.0246913327 0.397026975
v 0.0199948082 -0.026938527 0.395377672
v 0.0204008732 -0.0227326804 0.392265116
v 0.0209483392 -0.0280793226 0.387675573
v 0.0220585602 -0.0180204508 0.387068034
v 0.0231754692 -0.02740956 0.39337188
v 0.0208690382 -0.0258779898 0.389316043
v 0.0198209192 -0.0105641966 0.388925132
v 0.0155864082 -0.0141834034 0.382057031
v 0.0161482072 -0.010565152 0.395105903
v 0.0210047112 -0.0160274024 0.396605545
v 0.0402625602 0.00450022651 0.390241628
v 0.0320142432 0.00353523231 0.394611579
v 0.0350812082 0.00522636111 0.393439844
v 0.0282565002 0.00356867271 0.397026975
v 0.0204008732 0.00161002041 0.392265116
v 0.0199948082 0.00581586701 0.395377672
v 0.0209483392 0.00695666261 0.387675573
v 0.0220585602 -0.00310221007 0.387068034
v 0.0208690382 0.00475532891 0.389316043
v 0.0231754692 0.00628690001 0.39337188
v 0.0155864082 -0.00693925707 0.382057031
v 0.0210047112 -0.00509525802 0.396605545
v 0.0391456492 -0.0105680183 0.394937519
v 0.0449805212 -0.0238944954 0.392093797
v 0.0406160722 -0.0263499768 0.394020796
v 0.0449805212 0.00277279111 0.392093797
v 0.0406160722 0.00522731681 0.394020796
v 0.0348509472 -0.0264464763 0.396083665
v 0.0233197412 -0.0218928487 0.402119704
v 0.0287638382 -0.0205495 0.39810322
v 0.0230044452 -0.0176879578 0.400360091
v 0.0315393912 -0.0226849085 0.397661101
v 0.0287638382 -0.000572204305 0.39810322
v 0.0233197412 0.000770188705 0.402119704
v 0.0230044452 -0.00343470306 0.400360091
v 0.0315393912 0.00156224851 0.397661101
v 0.0226585752 -0.0255999557 0.397377536
v 0.0238146572 -0.0235877993 0.399108566
v 0.0148908482 -0.0369056785 0.405906736
v 0.0169144732 -0.0254986797 0.397579374
v 0.0210782782 -0.0256276648 0.39905639
v 0.0114589082 -0.0195147588 0.387885305
v 0.0142726772 -0.021521183 0.388325458
v 0.0128156322 -0.028498762 0.399888451
v 0.0175507962 -0.0195405557 0.395494848
v 0.0213696872 -0.0190580581 0.385894303
v 0.0108703582 -0.0226333148 0.385307453
v 0.0207926022 -0.0291962318 0.394493434
v 0.0193957472 -0.0275557419 0.393493986
v 0.0199499042 -0.0277955581 0.398194807
v 0.0147675972 -0.0105632411 0.38591103
v 0.0155864082 -0.0153079562 0.381350041
v 0.00727408221 -0.0105641966 0.389189007
v 0.0148640962 -0.0140725724 0.393128665
v 0.0171399542 -0.0164401525 0.391544332
v 0.0179004852 -0.0179287279 0.394251187
v 0.0148640962 -0.00705008807 0.393128665
v 0.0171399542 -0.0046825079 0.391544332
v 0.0179004852 -0.00319393212 0.394251187
v 0.0204056502 -0.0186004026 0.397189461
v 0.0348509472 0.00532381631 0.396083665
v 0.0226585752 0.00447729581 0.397377536
v 0.0238146572 0.00246513931 0.399108566
v 0.0142726772 0.000398522105 0.388325458
v 0.0114589082 -0.00160790206 0.387885305
v 0.0169144732 0.00437601881 0.397579374
v 0.0128156322 0.00737610021 0.399888451
v 0.0175507962 -0.0015821052 0.395494848
v 0.0148908482 0.0157161376 0.405906736
v 0.0210782782 0.00450500391 0.39905639
v 0.0213696872 -0.00206364619 0.385894303
v 0.0108703582 0.00151160961 0.385307453
v 0.0193957472 0.00643308191 0.393493986
v 0.0207926022 0.00807357181 0.394493434
v 0.0199499042 0.00667289631 0.398194807
v 0.0155864082 -0.00581470427 0.381350041
v 0.0204056502 -0.00252225823 0.397189461
v 0.0108197202 -0.0326482373 0.405259816
v 0.0182272462 -0.0204214714 0.399258257
v 0.0108197202 0.0114586965 0.405259816
v 0.0182272462 -0.000701189465 0.399258257
v 0.0117197442 -0.0397481126 0.403903938
v 0.0101967732 -0.0332482538 0.402897594
v 0.00945343921 -0.0178293622 0.38669385
v 0.00856392621 -0.0174376319 0.383924958
v 0.00978020021 -0.0224613361 0.381178722
v 0.0119041432 -0.0168290167 0.389144695
v 0.0144618572 -0.0199943894 0.380221619
v 0.0146042182 -0.0143362736 0.383873751
v 0.0124563892 -0.0105622857 0.382787675
v 0.0146042182 -0.00678638662 0.383873751
v 0.00868717721 -0.0135260607 0.390377498
v 0.000775175206 -0.010549865 0.383151001
v 0.00812060221 -0.0134458036 0.387511121
v 0.00868717721 -0.00759659992 0.390377498
v 0.00812060221 -0.00767685683 0.387511121
v 0.0119041432 -0.00429364374 0.389144695
v 0.00856392621 -0.00368407281 0.383924958
v 0.00945343921 -0.00329329775 0.38669385
v 0.00978020021 0.00133867521 0.381178722
v 0.0117197442 0.0185576161 0.403903938
v 0.0101967732 0.0120587129 0.402897594
v 0.0144618572 -0.00112827063 0.380221619
v 0.00726739421 -0.0135700109 0.384884027
v 0.00751580721 -0.0140888147 0.38333711
v 0.0105158882 -0.0159710317 0.381302794
v 0.00677247421 -0.0105613302 0.380238346
v 0.0105158882 -0.00515162874 0.381302794
v 0.00751580721 -0.00703384569 0.38333711
v -0.00436699679 -0.0105794836 0.377924368
v 0.00726739421 -0.00755264957 0.384884027
v -0.000605430794 -0.0128734951 0.376014125
v 0.00452910321 -0.0138470886 0.379359039
v -0.00233764579 -0.0123709336 0.371274891
v -0.00279721479 -0.0105928598 0.371224681
v -0.00233764579 -0.00881860757 0.371274891
v 0.00452910321 -0.00727557208 0.379359039
v -0.00638775679 -0.012899292 0.376157889
v -0.00710911079 -0.0105842608 0.375476487
v -0.000605430794 -0.00831604618 0.376014125
v -0.00638775679 -0.00829120477 0.376157889
v -0.00593201079 -0.0132776462 0.373546524
v -0.00498325979 -0.0105794836 0.37208333
v -0.00593201079 -0.00791189509 0.373546524
v 0.0490249002 -0.0101543128 0.393624955
v 0.0486322142 -0.0160665755 0.393985347
v 0.0405396362 -0.0101390257 0.396760137
v 0.0501666502 -0.0172503661 0.396236291
v 0.0498246022 -0.0101552682 0.394418603
v 0.0486322142 -0.00420574303 0.393985347
v 0.0501666502 -0.00302195294 0.396236291
v 0.0461757782 -0.0222196094 0.395288051
v 0.0421122912 -0.0252120481 0.396958072
v 0.0328034382 -0.0137018617 0.399039663
v 0.0327738212 -0.0101380703 0.399251361
v 0.0326238152 -0.0206326237 0.399283847
v 0.0355493732 -0.0252932605 0.399148945
v 0.0461757782 0.00194633521 0.395288051
v 0.0421122912 0.00493972961 0.396958072
v 0.0328034382 -0.00657045731 0.399039663
v 0.0326238152 0.000360305105 0.399283847
v 0.0355493732 0.00502094191 0.399148945
v 0.0502545512 -0.0101562237 0.397499642
v 0.0495303272 -0.0177529273 0.398109148
v 0.0471254842 -0.0229734514 0.397986043
v 0.0495303272 -0.00252034689 0.398109148
v 0.0471254842 0.00270017711 0.397986043
v 0.0423473292 -0.0257279852 0.400338434
v 0.0310712272 -0.0138060046 0.40209705
v 0.0310693162 -0.0101380703 0.402007458
v 0.0310712272 -0.00646631422 0.40209705
v 0.0357395062 -0.0258388162 0.402836555
v 0.0309298202 -0.0219243787 0.400355161
v 0.0307540192 -0.0171108716 0.403232367
v 0.0423473292 0.00545566671 0.400338434
v 0.0309298202 0.00165205921 0.400355161
v 0.0357395062 0.00556649771 0.402836555
v 0.0307540192 -0.00316144736 0.403232367
v 0.0521606532 -0.0101571791 0.403569135
v 0.0511077582 -0.0174873148 0.403239263
v 0.0464996722 -0.0226524237 0.400246847
v 0.0511077582 -0.00278500379 0.403239263
v 0.0464996722 0.00238010521 0.400246847
v 0.0430486222 -0.0243206218 0.403033463
v 0.0325225392 -0.0148417014 0.406615694
v 0.0328292362 -0.0101399812 0.406509375
v 0.0325225392 -0.00543061713 0.406615694
v 0.0364742382 -0.0249980297 0.405144605
v 0.0329897492 -0.0241887714 0.405474478
v 0.0314954412 -0.0173334893 0.40743989
v 0.0430486222 0.00404830321 0.403033463
v 0.0329897492 0.00391645291 0.405474478
v 0.0364742382 0.00472571031 0.405144605
v 0.0314954412 -0.0029388297 0.40743989
v 0.0531925292 -0.0101581345 0.405856526
v 0.0527463382 -0.0182679096 0.405767903
v 0.0476519322 -0.0231339656 0.405066811
v 0.0527463382 -0.00200536458 0.405767903
v 0.0476519322 0.00286069141 0.405066811
v 0.0446938902 -0.0243855922 0.406408925
v 0.0353277112 -0.0149983939 0.411651317
v 0.0342060232 -0.0176612053 0.412426242
v 0.0357882332 -0.0101418921 0.41152921
v 0.0353277112 -0.00527392511 0.411651317
v 0.0342060232 -0.00261111372 0.412426242
v 0.0386249352 -0.025105038 0.409247718
v 0.0359143512 -0.0253964479 0.411081193
v 0.0297727832 -0.0227957395 0.406472928
v 0.0314409802 -0.0256572835 0.407783526
v 0.0336279832 -0.0286955819 0.411120575
v 0.0274969262 -0.0128983365 0.410366308
v 0.0446938902 0.00411327281 0.406408925
v 0.0359143512 0.00512317371 0.411081193
v 0.0386249352 0.00483271951 0.409247718
v 0.0314409802 0.00538496311 0.407783526
v 0.0297727832 0.00252342091 0.406472928
v 0.0336279832 0.00842230761 0.411120575
v 0.0274969262 -0.00737398226 0.410366308
v 0.0539005102 -0.01015909 0.408601795
v 0.0533501772 -0.0184169585 0.408669729
v 0.0495121742 -0.0238944954 0.406869767
v 0.0533501772 -0.00185536091 0.408669729
v 0.0495121742 0.00362217691 0.406869767
v 0.0456942362 -0.0258913656 0.408132091
v 0.0363099042 -0.0163350542 0.41621034
v 0.0355407732 -0.0182163159 0.415354656
v 0.0371506912 -0.0101428475 0.415219755
v 0.0363099042 -0.00393726434 0.41621034
v 0.0355407732 -0.00205600351 0.415354656
v 0.0407355022 -0.0266509398 0.411295855
v 0.0377908352 -0.0248824204 0.41247252
v 0.0341955162 -0.0249177722 0.414858394
v 0.0262023052 -0.0272681547 0.413390241
v 0.0265548602 -0.0228683535 0.410381098
v 0.0270249392 -0.0284614997 0.40594515
v 0.0280883412 -0.0179392384 0.405342541
v 0.0292453822 -0.0277611611 0.411408101
v 0.0269695212 -0.0261588891 0.407528484
v 0.0259529342 -0.0101390257 0.407167124
v 0.0217795722 -0.0139254344 0.400604304
v 0.0224875542 -0.0101399812 0.413185439
v 0.0271930942 -0.015854468 0.414560039
v 0.0456942362 0.00561904701 0.408132091
v 0.0377908352 0.00461010181 0.41247252
v 0.0407355022 0.00637862121 0.411295855
v 0.0341955162 0.00464449791 0.414858394
v 0.0265548602 0.00259603401 0.410381098
v 0.0262023052 0.00699583621 0.413390241
v 0.0270249392 0.00818918121 0.40594515
v 0.0280883412 -0.002333081 0.405342541
v 0.0269695212 0.00588657051 0.407528484
v 0.0292453822 0.00748884251 0.411408101
v 0.0217795722 -0.00634688419 0.400604304
v 0.0271930942 -0.00441880622 0.414560039
v 0.0446766912 -0.0101428475 0.412679318
v 0.0502707932 -0.0240846283 0.409849358
v 0.0460840552 -0.0266528511 0.411773423
v 0.0502707932 0.00381230981 0.409849358
v 0.0460840552 0.00638053251 0.411773423
v 0.0405472802 -0.0267541272 0.413850084
v 0.0294966602 -0.0219893482 0.419845744
v 0.0346990312 -0.0205848518 0.41588933
v 0.0291699002 -0.0175914583 0.4181521
v 0.0373713972 -0.0228186702 0.415420624
v 0.0346990312 0.000312532305 0.41588933
v 0.0294966602 0.00171702961 0.419845744
v 0.0291699002 -0.0026808607 0.4181521
v 0.0373713972 0.00254635171 0.415420624
v 0.0287982352 -0.0258684349 0.415279825
v 0.0299361622 -0.0237636007 0.41693309
v 0.0172746732 -0.0442759442 0.426886132
v 0.0232585932 -0.0257614248 0.415560455
v 0.0272953282 -0.0258970979 0.416923229
v 0.0178699112 -0.0195023378 0.406288785
v 0.0205910032 -0.0216014397 0.406670863
v 0.0193326912 -0.0289000454 0.417849812
v 0.0238452322 -0.0195290903 0.413539903
v 0.0274080682 -0.0190255734 0.404220018
v 0.0172698962 -0.0227651661 0.403811353
v 0.0269609212 -0.0296300027 0.412524726
v 0.0256003752 -0.0279140327 0.411581386
v 0.0261946592 -0.0281643576 0.416108922
v 0.0210381502 -0.0101380703 0.40433423
v 0.0217700192 -0.0151015813 0.399922903
v 0.0138484632 -0.0101390257 0.407609243
v 0.0212225502 -0.0138088707 0.411296823
v 0.0233990422 -0.0162863271 0.409734148
v 0.0241672162 -0.0178436937 0.412334685
v 0.0212225502 -0.00646344788 0.411296823
v 0.0233990422 -0.0039869476 0.409734148
v 0.0241672162 -0.00242958051 0.412334685
v 0.0266226962 -0.0185459428 0.415132129
v 0.0405472802 0.00648180861 0.413850084
v 0.0287982352 0.00559516061 0.415279825
v 0.0299361622 0.00349032651 0.41693309
v 0.0205910032 0.00132912111 0.406670863
v 0.0178699112 -0.000770936455 0.406288785
v 0.0232585932 0.00548910621 0.415560455
v 0.0193326912 0.00862772681 0.417849812
v 0.0238452322 -0.000743228265 0.413539903
v 0.0172746732 0.023883238 0.426886132
v 0.0272953282 0.00562477931 0.416923229
v 0.0274080682 -0.00124770087 0.404220018
v 0.0172698962 0.00249284661 0.403811353
v 0.0256003752 0.00764075841 0.411581386
v 0.0269609212 0.00935768411 0.412524726
v 0.0261946592 0.00789203901 0.416108922
v 0.0217700192 -0.00517073769 0.399922903
v 0.0266226962 -0.00172637663 0.415132129
v 0.0133382602 -0.0387611425 0.426322905
v 0.0245465262 -0.0204510901 0.417160546
v 0.0133382602 0.018368438 0.426322905
v 0.0245465262 0.000178771505 0.417160546
v 0.0141895572 -0.0479572518 0.425002447
v 0.0127067142 -0.0395388708 0.424053238
v 0.0159198572 -0.0177385958 0.405170224
v 0.0150265212 -0.0173296675 0.402510615
v 0.0161654052 -0.0225845872 0.399843142
v 0.0183161002 -0.0166933445 0.407496997
v 0.0206703052 -0.0200039443 0.39885059
v 0.0208537502 -0.0140849929 0.402371782
v 0.0187680232 -0.0101371149 0.401355607
v 0.0208537502 -0.00618732561 0.402371782
v 0.0152271652 -0.0132375176 0.40873473
v 0.00750147421 -0.0101246941 0.401880421
v 0.0146443462 -0.0131534389 0.405977635
v 0.0152271652 -0.00703480114 0.40873473
v 0.0146443462 -0.00711887983 0.405977635
v 0.0183161002 -0.00357993016 0.407496997
v 0.0150265212 -0.00294265148 0.402510615
v 0.0159198572 -0.00253372271 0.405170224
v 0.0161654052 0.00231226861 0.399843142
v 0.0141895572 0.0275645491 0.425002447
v 0.0127067142 0.0191452106 0.424053238
v 0.0206703052 -0.000268375175 0.39885059
v 0.0137873152 -0.0132843343 0.403455891
v 0.0140080232 -0.0138270244 0.401960182
v 0.0168772102 -0.0157952307 0.399952454
v 0.0132513142 -0.0101361594 0.398981559
v 0.0168772102 -0.00447708828 0.399952454
v 0.0140080232 -0.00644625005 0.401960182
v 0.00247299321 -0.0101552682 0.396914728
v 0.0137873152 -0.00698893989 0.403455891
v 0.00607787221 -0.0125553336 0.395016282
v 0.0110748212 -0.0135738326 0.398166254
v 0.00434661121 -0.0120298416 0.390469085
v 0.00390137921 -0.0101686444 0.39042674
v 0.00434661121 -0.00831317984 0.390469085
v 0.0110748212 -0.00669848613 0.398166254
v 0.000500013206 -0.0125811305 0.395240804
v -0.000204149794 -0.0101600454 0.394593854
v 0.00607787221 -0.00778768783 0.395016282
v 0.000500013206 -0.00776189097 0.395240804
v 0.000906072206 -0.012977638 0.392714131
v 0.00180323421 -0.0101552682 0.39128932
v 0.000906072206 -0.00736538323 0.392714131
v 0.0637501412 -0.0100664123 0.123161589
v 0.0751695607 -0.00263882147 0.129312824
v 0.0759148034 -0.0100664123 0.129314798
v 0.0713086273 0.00513368251 0.128047528
v 0.0653399934 0.00891818101 0.125320975
v 0.0505612472 -0.0100664123 0.116922721
v 0.0507790872 -0.00560546287 0.116690335
v 0.0503711152 0.00314732291 0.1167957
v 0.0537495512 0.00902901201 0.12014062
v 0.0751695607 -0.0174940031 0.129312824
v 0.0713086273 -0.0252665071 0.128047528
v 0.0653399934 -0.0290510056 0.125320975
v 0.0507790872 -0.0145273617 0.116690335
v 0.0503711152 -0.0232801475 0.1167957
v 0.0537495512 -0.0291618366 0.12014062
v 0.075409376 -0.00114546912 0.130452089
v 0.0751370751 -0.0100664123 0.130994642
v 0.075409376 -0.0189873555 0.130452089
v 0.0698821554 0.00461392361 0.130247279
v 0.0628262307 0.00778120811 0.129742141
v 0.0494137632 -0.00589400573 0.123401848
v 0.0494806442 -0.0100664123 0.123292551
v 0.0494137632 -0.0142388189 0.123401848
v 0.0489159782 0.00342631171 0.124910366
v 0.0542597552 0.00791496981 0.125485413
v 0.0482003542 -0.00209995364 0.124388493
v 0.0698821554 -0.0247467482 0.130247279
v 0.0628262307 -0.0279140327 0.129742141
v 0.0542597552 -0.0280477944 0.125485413
v 0.0489159782 -0.0235591363 0.124910366
v 0.0482003542 -0.0180328709 0.124388493
v 0.0719373067 -0.00138241827 0.135000283
v 0.0731468937 -0.0100664123 0.135070191
v 0.0719373067 -0.0187504063 0.135000283
v 0.0671887699 0.00424512411 0.134198764
v 0.0615029462 0.00616364711 0.133694608
v 0.0473251712 -0.00470734908 0.130276823
v 0.0477169012 -0.0100664123 0.130482615
v 0.0473251712 -0.0154254755 0.130276823
v 0.0487019602 0.00602224181 0.129459544
v 0.0532269252 0.00694710771 0.13170065
v 0.0456378642 -0.00184676166 0.130122224
v 0.0671887699 -0.0243779487 0.134198764
v 0.0615029462 -0.0262964717 0.133694608
v 0.0532269252 -0.0270799323 0.13170065
v 0.0487019602 -0.0261550664 0.129459544
v 0.0456378642 -0.0182860629 0.130122224
v 0.0694942465 -0.00169102486 0.142727979
v 0.0702958607 -0.0100664123 0.144256188
v 0.0694942465 -0.0184417997 0.142727979
v 0.0645603543 0.00479545731 0.141098352
v 0.060510244 0.00623530631 0.13944114
v 0.0439658442 -0.00452963722 0.135289777
v 0.0422212112 -0.00147222899 0.134974679
v 0.0445247772 -0.0100664123 0.135644255
v 0.0439658442 -0.0156031874 0.135289777
v 0.0422212112 -0.0186605956 0.134974679
v 0.0479442972 0.00740380931 0.135327191
v 0.0521310352 0.00706749361 0.136139548
v 0.0453168372 0.00770954881 0.130473753
v 0.0438531022 0.00442761251 0.126860996
v 0.0426702672 0.0111959496 0.132826129
v 0.0382246052 -0.00693352439 0.129298056
v 0.0645603543 -0.0249282819 0.141098352
v 0.060510244 -0.0263681309 0.13944114
v 0.0521310352 -0.0272003182 0.136139548
v 0.0479442972 -0.0275366339 0.135327191
v 0.0438531022 -0.0245604371 0.126860996
v 0.0453168372 -0.0278423734 0.130473753
v 0.0426702672 -0.0313287742 0.132826129
v 0.0382246052 -0.0131993002 0.129298056
v 0.0691617535 -0.000797688985 0.14747606
v 0.0695401079 -0.0100664123 0.148058978
v 0.0691617535 -0.0193351356 0.14747606
v 0.0650237427 0.00566586241 0.14524086
v 0.0601662854 0.00796274081 0.142551716
v 0.0413708702 -0.00299806698 0.141699977
v 0.0412667262 -0.000837817325 0.139859636
v 0.0429979842 -0.0100664123 0.141451848
v 0.0413708702 -0.0171347576 0.141699977
v 0.0412667262 -0.0192950073 0.139859636
v 0.0458184432 0.00681334591 0.138949794
v 0.0526555712 0.00883983571 0.140842327
v 0.0402998202 0.00685729611 0.137816443
v 0.0372089722 0.00451360231 0.128393144
v 0.0346531702 0.00956310331 0.131771549
v 0.0404431372 0.0109341601 0.127471491
v 0.0430362022 -0.00114546912 0.12369528
v 0.0390281302 0.0145065498 0.129170051
v 0.0393577572 0.0169639416 0.13233281
v 0.0415160962 -0.0057497343 0.119148076
v 0.0383965852 -0.0100664123 0.127905731
v 0.0308037032 -0.0100664123 0.127825978
v 0.0348614562 -0.00354171227 0.134187928
v 0.0650237427 -0.025798687 0.14524086
v 0.0601662854 -0.0280955654 0.142551716
v 0.0526555712 -0.0289726603 0.140842327
v 0.0458184432 -0.0269461705 0.138949794
v 0.0402998202 -0.0269901207 0.137816443
v 0.0346531702 -0.0296959279 0.131771549
v 0.0372089722 -0.0246464269 0.128393144
v 0.0404431372 -0.0310669847 0.127471491
v 0.0430362022 -0.0189873555 0.12369528
v 0.0393577572 -0.0370967662 0.13233281
v 0.0390281302 -0.0346393744 0.129170051
v 0.0415160962 -0.0143830903 0.119148076
v 0.0348614562 -0.0165911123 0.134187928
v 0.0674887779 -0.000627620695 0.151531912
v 0.0680945271 -0.0100664123 0.152044929
v 0.0674887779 -0.0195052039 0.151531912
v 0.0634453558 0.00588179221 0.149556669
v 0.0576945621 0.00883505731 0.147239741
v 0.0504542372 0.00895735461 0.143625994
v 0.0399950362 0.00188327611 0.139568176
v 0.0335075972 0.00349797011 0.143011558
v 0.0343818252 -0.00154961955 0.140589266
v 0.0555457772 -0.0100664123 0.146748381
v 0.0430705972 0.00444385531 0.141940244
v 0.0335075972 -0.0236307947 0.143011558
v 0.0399950362 -0.0220161007 0.139568176
v 0.0343818252 -0.018583205 0.140589266
v 0.0430705972 -0.0245766799 0.141940244
v 0.0360710442 0.0140555822 0.136677178
v 0.0360901522 0.00553496771 0.13984486
v 0.0365449422 0.00306324441 0.121593998
v 0.0333231982 0.000656490705 0.118805409
v 0.0299199212 0.00783662271 0.131542119
v 0.0298473082 0.00195588921 0.130233494
v 0.0320104242 0.000682288405 0.129618076
v 0.0278972542 0.00645314561 0.139440157
v 0.0332649142 0.00798662721 0.137221699
v 0.0439276262 0.000102335705 0.117749845
v 0.0344764132 0.00440372701 0.115149331
v 0.0353200672 0.017202802 0.128940621
v 0.0360977952 0.0198379039 0.131456452
v 0.0326782752 0.0175859331 0.135129271
v 0.0426960652 -0.00439778683 0.114405901
v 0.0387109242 -0.0100664123 0.119135274
v 0.0308170792 -0.00588062947 0.124242757
v 0.0250691512 -0.0100664123 0.116057192
v 0.0342872352 -0.00304010622 0.124464308
v 0.0332286102 -0.00125343311 0.128443362
v 0.0308170792 -0.0142521951 0.124242757
v 0.0342872352 -0.0170927184 0.124464308
v 0.0332286102 -0.0188793915 0.128443362
v 0.0338362702 -0.000450863615 0.134333664
v 0.0634453558 -0.0260146168 0.149556669
v 0.0576945621 -0.0289678819 0.147239741
v 0.0504542372 -0.0290901792 0.143625994
v 0.0360710442 -0.0341884068 0.136677178
v 0.0360901522 -0.0256677923 0.13984486
v 0.0278972542 -0.0265859702 0.139440157
v 0.0299199212 -0.0279694473 0.131542119
v 0.0332649142 -0.0281194518 0.137221699
v 0.0333231982 -0.0207893153 0.118805409
v 0.0365449422 -0.023196069 0.121593998
v 0.0298473082 -0.0220887138 0.130233494
v 0.0320104242 -0.020815113 0.129618076
v 0.0439276262 -0.0202351603 0.117749845
v 0.0344764132 -0.0245365516 0.115149331
v 0.0360977952 -0.0399707285 0.131456452
v 0.0353200672 -0.0373356266 0.128940621
v 0.0326782752 -0.0377187577 0.135129271
v 0.0426960652 -0.0157350378 0.114405901
v 0.0338362702 -0.019681961 0.134333664
v 0.0240793162 0.00377791371 0.134845692
v 0.0301396712 0.00173804901 0.134790551
v 0.0240793162 -0.0239107383 0.134845692
v 0.0301396712 -0.0218708736 0.134790551
v 0.0330079012 -0.00183338584 0.111316006
v 0.0320400412 -0.00136521978 0.115490024
v 0.0361656322 0.00419926261 0.109147765
v 0.0329247782 -0.00256907448 0.120739304
v 0.0259529342 0.00824459581 0.13405894
v 0.0250462222 0.00415626811 0.131414114
v 0.0434441752 0.00123262161 0.106984439
v 0.0410871032 -0.00556437886 0.111516876
v 0.0378548502 -0.0100664123 0.113582716
v 0.0410871032 -0.0145684457 0.111516876
v 0.0287112882 -0.00653319508 0.119210104
v 0.0271071052 -0.00662682825 0.114829312
v 0.0182329762 -0.0100664123 0.113137648
v 0.0287112882 -0.0135996295 0.119210104
v 0.0271071052 -0.0135059963 0.114829312
v 0.0329247782 -0.0175637501 0.120739304
v 0.0259529342 -0.0283774204 0.13405894
v 0.0250462222 -0.0242890927 0.131414114
v 0.0320400412 -0.0187676048 0.115490024
v 0.0330079012 -0.0182994387 0.111316006
v 0.0361656322 -0.0243320872 0.109147765
v 0.0434441752 -0.0213654462 0.106984439
v 0.0280147742 -0.00647586869 0.110862075
v 0.0368459052 -0.00359617254 0.109980794
v 0.0323113872 -0.00585387739 0.10962336
v 0.0336547352 -0.0100664123 0.105186436
v 0.0368459052 -0.016536652 0.109980794
v 0.0323113872 -0.0142789472 0.10962336
v 0.0177294612 -0.0100664123 0.108310788
v 0.0280147742 -0.0136569559 0.110862075
v 0.0258373242 -0.00615292995 0.107027768
v 0.0290428262 -0.00613955369 0.105920996
v 0.0289081102 -0.00701760308 0.102104413
v 0.0275819572 -0.0100664123 0.100976968
v 0.0289081102 -0.0131152215 0.102104413
v 0.0290428262 -0.0139932709 0.105920996
v 0.0204763522 -0.00610420236 0.104584802
v 0.0201113752 -0.0100664123 0.103025083
v 0.0204763522 -0.0140286222 0.104584802
v 0.0258373242 -0.0139798946 0.107027768
v 0.0228066702 -0.00544972607 0.101911415
v 0.0240831382 -0.0100664123 0.10052697
v 0.0228066702 -0.0146830985 0.101911415
v 0.0740727152 -0.0100664123 0.0975089572
v 0.0848405249 -0.00263882147 0.103530214
v 0.0840513303 -0.0100664123 0.0997865031
v 0.0810158972 0.00513368251 0.102144785
v 0.0751227436 0.00891818101 0.0992331135
v 0.0601576866 -0.0100664123 0.0934875653
v 0.0603411312 -0.00560546287 0.0932217021
v 0.059952267 0.00314732291 0.093392053
v 0.0637587401 0.00902901201 0.0961481418
v 0.0848405249 -0.0174940031 0.103530214
v 0.0810158972 -0.0252665071 0.102144785
v 0.0751227436 -0.0290510056 0.0992331135
v 0.0603411312 -0.0145273617 0.0932217021
v 0.059952267 -0.0232801475 0.093392053
v 0.0637587401 -0.0291618366 0.0961481418
v 0.085049765 -0.00114546912 0.104676374
v 0.0847631334 -0.0100664123 0.105210066
v 0.085049765 -0.0189873555 0.104676374
v 0.0795311441 0.00461392361 0.104300231
v 0.0724924174 0.00778120811 0.103574525
v 0.061035736 -0.00589400573 0.0985300621
v 0.0611054832 -0.0100664123 0.098422731
v 0.061035736 -0.0142388189 0.0985300621
v 0.0604987788 0.00342631171 0.100021839
v 0.0640444167 0.00791496981 0.0990519341
v 0.0597974859 -0.00209995364 0.0994782948
v 0.0795311441 -0.0247467482 0.104300231
v 0.0724924174 -0.0279140327 0.103574525
v 0.0640444167 -0.0280477944 0.0990519341
v 0.0604987788 -0.0235591363 0.100021839
v 0.0597974859 -0.0180328709 0.0994782948
v 0.0814592229 -0.00138241827 0.109115265
v 0.082665942 -0.0100664123 0.109223579
v 0.0814592229 -0.0187504063 0.109115265
v 0.0767336157 0.00424512411 0.108166042
v 0.0710640346 0.00616364711 0.107484655
v 0.0569856256 -0.00470734908 0.103625726
v 0.0573716236 -0.0100664123 0.103843344
v 0.0569856256 -0.0154254755 0.103625726
v 0.0583843898 0.00602224181 0.102851776
v 0.0628462948 0.00694710771 0.105232713
v 0.0553040512 -0.00184676166 0.103418951
v 0.0767336157 -0.0243779487 0.108166042
v 0.0710640346 -0.0262964717 0.107484655
v 0.0628462948 -0.0270799323 0.105232713
v 0.0583843898 -0.0261550664 0.102851776
v 0.0553040512 -0.0182860629 0.103418951
v 0.0788107426 -0.00169102486 0.116764189
v 0.0795712733 -0.0100664123 0.118317013
v 0.0788107426 -0.0184417997 0.116764189
v 0.0739227116 0.00479545731 0.114981937
v 0.0699194176 0.00623530631 0.113198694
v 0.0534944482 -0.00452963722 0.108531356
v 0.0517593682 -0.00147222899 0.108163093
v 0.0540447812 -0.0100664123 0.108904549
v 0.0534944482 -0.0156031874 0.108531356
v 0.0517593682 -0.0186605956 0.108163093
v 0.057470034 0.00740380931 0.108693827
v 0.0616328861 0.00706749361 0.109636162
v 0.0549734692 0.00770954881 0.103759645
v 0.0536071902 0.00442761251 0.100101593
v 0.0522657522 0.0111959496 0.106029311
v 0.0479165882 -0.00693352439 0.10236338
v 0.0739227116 -0.0249282819 0.114981937
v 0.0699194176 -0.0263681309 0.113198694
v 0.0616328861 -0.0272003182 0.109636162
v 0.057470034 -0.0275366339 0.108693827
v 0.0536071902 -0.0245604371 0.100101593
v 0.0549734692 -0.0278423734 0.103759645
v 0.0522657522 -0.0313287742 0.106029311
v 0.0479165882 -0.0131993002 0.10236338
v 0.0783521314 -0.000797688985 0.121501436
v 0.0787142431 -0.0100664123 0.12209618
v 0.0783521314 -0.0193351356 0.121501436
v 0.0742762239 0.00566586241 0.11913724
v 0.0694923356 0.00796274081 0.11629745
v 0.0507303592 -0.00299806698 0.114859838
v 0.0506758992 -0.000837817325 0.113016531
v 0.0523632062 -0.0100664123 0.114662901
v 0.0507303592 -0.0171347576 0.114859838
v 0.0506758992 -0.0192950073 0.113016531
v 0.0552486362 0.00681334591 0.112248488
v 0.0620313045 0.00883983571 0.114353716
v 0.0497634552 0.00685729611 0.110943803
v 0.0469248412 0.00451360231 0.101426959
v 0.0442811402 0.00956310331 0.104723635
v 0.0501828922 0.0109341601 0.100605748
v 0.0528743672 -0.00114546912 0.0969112634
v 0.0487229792 0.0145065498 0.102259996
v 0.0489685282 0.0169639416 0.1054326
v 0.0514765592 -0.0057497343 0.0923187567
v 0.0481258302 -0.0100664123 0.100975984
v 0.0405386812 -0.0100664123 0.100659904
v 0.0444244552 -0.00354171227 0.10714691
v 0.0742762239 -0.025798687 0.11913724
v 0.0694923356 -0.0280955654 0.11629745
v 0.0620313045 -0.0289726603 0.114353716
v 0.0552486362 -0.0269461705 0.112248488
v 0.0497634552 -0.0269901207 0.110943803
v 0.0442811402 -0.0296959279 0.104723635
v 0.0469248412 -0.0246464269 0.101426959
v 0.0501828922 -0.0310669847 0.100605748
v 0.0528743672 -0.0189873555 0.0969112634
v 0.0489685282 -0.0370967662 0.1054326
v 0.0487229792 -0.0346393744 0.102259996
v 0.0514765592 -0.0143830903 0.0923187567
v 0.0444244552 -0.0165911123 0.10714691
v 0.0765721467 -0.000627620695 0.12550412
v 0.0771635639 -0.0100664123 0.126035846
v 0.0765721467 -0.0195052039 0.12550412
v 0.0725831838 0.00588179221 0.123402839
v 0.0668973605 0.00883505731 0.120907682
v 0.0597573571 0.00895735461 0.117068451
v 0.0494128072 0.00188327611 0.112685684
v 0.0428365152 0.00349797011 0.115925247
v 0.0437747562 -0.00154961955 0.113531515
v 0.0647629076 -0.0100664123 0.120349369
v 0.0524233992 0.00444385531 0.115153263
v 0.0428365152 -0.0236307947 0.115925247
v 0.0494128072 -0.0220161007 0.112685684
v 0.0437747562 -0.018583205 0.113531515
v 0.0524233992 -0.0245766799 0.115153263
v 0.0455671622 0.0140555822 0.109673577
v 0.0455021932 0.00553496771 0.112840275
v 0.0464432992 0.00306324441 0.0946091047
v 0.0432970372 0.000656490705 0.0917200808
v 0.0395564892 0.00783662271 0.104347492
v 0.0395192272 0.00195588921 0.103036894
v 0.0416966752 0.000682288405 0.102488435
v 0.0373245802 0.00645314561 0.112180546
v 0.0427486142 0.00798662721 0.110130464
v 0.0539243952 0.000102335705 0.0909963474
v 0.0445477082 0.00440372701 0.0881014171
v 0.0450225602 0.017202802 0.101915355
v 0.0457334082 0.0198379039 0.10445384
v 0.0422173882 0.0175859331 0.108019329
v 0.0527826452 -0.00439778683 0.0876149872
v 0.0486732972 -0.0100664123 0.0922183223
v 0.0406485562 -0.00588062947 0.0970776743
v 0.0350019052 -0.0100664123 0.0912267614
v 0.0441101162 -0.00304010622 0.0974085227
v 0.0429454342 -0.00125343311 0.101352127
v 0.0406485562 -0.0142521951 0.0970776743
v 0.0441101162 -0.0170927184 0.0974085227
v 0.0429454342 -0.0188793915 0.101352127
v 0.0433964022 -0.000450863615 0.107260148
v 0.0725831838 -0.0260146168 0.123402839
v 0.0668973605 -0.0289678819 0.120907682
v 0.0597573571 -0.0290901792 0.117068451
v 0.0455671622 -0.0341884068 0.109673577
v 0.0455021932 -0.0256677923 0.112840275
v 0.0373245802 -0.0265859702 0.112180546
v 0.0395564892 -0.0279694473 0.104347492
v 0.0427486142 -0.0281194518 0.110130464
v 0.0432970372 -0.0207893153 0.0917200808
v 0.0464432992 -0.023196069 0.0946091047
v 0.0395192272 -0.0220887138 0.103036894
v 0.0416966752 -0.020815113 0.102488435
v 0.0539243952 -0.0202351603 0.0909963474
v 0.0445477082 -0.0245365516 0.0881014171
v 0.0457334082 -0.0399707285 0.10445384
v 0.0450225602 -0.0373356266 0.101915355
v 0.0422173882 -0.0377187577 0.108019329
v 0.0527826452 -0.0157350378 0.0876149872
v 0.0433964022 -0.019681961 0.107260148
v 0.0336308492 0.00377791371 0.107467913
v 0.0396902502 0.00173804901 0.107601832
v 0.0336308492 -0.0239107383 0.107467913
v 0.0396902502 -0.0218708736 0.107601832
v 0.0431814282 -0.00183338584 0.0842237807
v 0.0421036922 -0.00136521978 0.0883653068
v 0.0463955282 0.00419926261 0.0821540086
v 0.0428470232 -0.00256907448 0.0936411743
v 0.0355245322 0.00824459581 0.106739258
v 0.0346885222 0.00415626811 0.104066862
v 0.0537285302 0.00123262161 0.0802191299
v 0.0512520302 -0.00556437886 0.0846767359
v 0.0479662722 -0.0100664123 0.0866401673
v 0.0512520302 -0.0145684457 0.0846767359
v 0.0386765292 -0.00653319508 0.0919810199
v 0.0371908202 -0.00662682825 0.0875509843
v 0.0283673292 -0.0100664123 0.085583613
v 0.0386765292 -0.0135996295 0.0919810199
v 0.0371908202 -0.0135059963 0.0875509843
v 0.0428470232 -0.0175637501 0.0936411743
v 0.0355245322 -0.0283774204 0.106739258
v 0.0346885222 -0.0242890927 0.104066862
v 0.0421036922 -0.0187676048 0.0883653068
v 0.0431814282 -0.0182994387 0.0842237807
v 0.0463955282 -0.0243320872 0.0821540086
v 0.0537285302 -0.0213654462 0.0802191299
v 0.0382035862 -0.00647586869 0.0836132859
v 0.0470538272 -0.00359617254 0.0830087026
v 0.0425307732 -0.00585387739 0.0825094707
v 0.0439925972 -0.0100664123 0.0781158748
v 0.0470538272 -0.016536652 0.0830087026
v 0.0425307732 -0.0142789472 0.0825094707
v 0.0279918422 -0.0100664123 0.0807419861
v 0.0382035862 -0.0136569559 0.0836132859
v 0.0361293252 -0.00615292995 0.0797130095
v 0.0393625342 -0.00613955369 0.0787056897
v 0.0393300502 -0.00701760308 0.0748861531
v 0.0380344732 -0.0100664123 0.0737173496
v 0.0393300502 -0.0131152215 0.0748861531
v 0.0393625342 -0.0139932709 0.0787056897
v 0.0308371432 -0.00610420236 0.0771026498
v 0.0305142052 -0.0100664123 0.0755320982
v 0.0308371432 -0.0140286222 0.0771026498
v 0.0361293252 -0.0139798946 0.0797130095
v 0.0332372092 -0.00544972607 0.0745031175
v 0.0345499822 -0.0100664123 0.0731590441
v 0.0332372092 -0.0146830985 0.0745031175
v 0.0788231627 -0.0100664123 0.0697028494
v 0.0907174365 -0.00240856022 0.0738758848
v 0.0893349134 -0.0100664123 0.0702129097
v 0.0866090443 0.00560567121 0.0731600273
v 0.0801588678 0.00950673301 0.071265521
v 0.0640339068 -0.0100664123 0.0681332852
v 0.0641791337 -0.00546692413 0.0678300072
v 0.0638103339 0.00355720731 0.0680742053
v 0.0681117247 0.00962138491 0.0701863235
v 0.0907174365 -0.0177242644 0.0738758848
v 0.0866090443 -0.0257384958 0.0731600273
v 0.0801588678 -0.0296395576 0.071265521
v 0.0641791337 -0.0146659005 0.0678300072
v 0.0638103339 -0.0236900319 0.0680742053
v 0.0681117247 -0.0297542095 0.0701863235
v 0.0911082112 -0.000869346415 0.0750033295
v 0.0908989693 -0.0100664123 0.0755980707
v 0.0911082112 -0.0192634782 0.0750033295
v 0.0854309864 0.00506871301 0.0756187485
v 0.0781524445 0.00833440741 0.0761553961
v 0.0634902614 -0.00576406579 0.0729886942
v 0.0635447215 -0.0100664123 0.0728665946
v 0.0634902614 -0.0143687588 0.0729886942
v 0.0631730554 0.00384479451 0.0746025698
v 0.0688512355 0.00847294571 0.0730871622
v 0.062375263 -0.00185249479 0.074176206
v 0.0854309864 -0.0252015376 0.0756187485
v 0.0781524445 -0.028467232 0.0761553961
v 0.0688512355 -0.0286057703 0.0730871622
v 0.0631730554 -0.0239776191 0.0746025698
v 0.062375263 -0.0182803298 0.074176206
v 0.0881377475 -0.00111298347 0.0801649732
v 0.0893826862 -0.0100664123 0.0800566589
v 0.0881377475 -0.0190198411 0.0801649732
v 0.0831809252 0.00468940371 0.0800546935
v 0.0773021022 0.00666716411 0.0803884904
v 0.0623714412 -0.00454110259 0.0790129066
v 0.0627985229 -0.0100664123 0.0791645492
v 0.0623714412 -0.015591722 0.0790129066
v 0.0636756168 0.00652098221 0.0779730943
v 0.0685875339 0.00747451101 0.0795869699
v 0.0606277631 -0.00159165923 0.0791074357
v 0.0831809252 -0.0248222283 0.0800546935
v 0.0773021022 -0.0267999887 0.0803884904
v 0.0685875339 -0.0276073356 0.0795869699
v 0.0636756168 -0.0266538068 0.0779730943
v 0.0606277631 -0.0185411654 0.0791074357
v 0.0866243314 -0.00143114497 0.0884204467
v 0.0876390089 -0.0100664123 0.0898610228
v 0.0866243314 -0.0187016796 0.0884204467
v 0.0813722766 0.00525597971 0.0874928876
v 0.0770202481 0.00674168851 0.0864048312
v 0.0595758239 -0.00435765804 0.0846324245
v 0.0577518885 -0.00120566119 0.0845713711
v 0.0601930379 -0.0100664123 0.084912072
v 0.0595758239 -0.0157751665 0.0846324245
v 0.0577518885 -0.0189271634 0.0845713711
v 0.0636479091 0.00794554231 0.0840780517
v 0.0680324232 0.00759871781 0.0842828606
v 0.060343042 0.00826083861 0.0795131227
v 0.0583872563 0.00487666961 0.0760421596
v 0.0579381997 0.0118552033 0.0823105671
v 0.0529431592 -0.00683606965 0.0793713254
v 0.0813722766 -0.0253888043 0.0874928876
v 0.0770202481 -0.0268745131 0.0864048312
v 0.0680324232 -0.0277315424 0.0842828606
v 0.0636479091 -0.0280783669 0.0840780517
v 0.0583872563 -0.0250094942 0.0760421596
v 0.060343042 -0.0283936632 0.0795131227
v 0.0579381997 -0.0319880279 0.0823105671
v 0.0529431592 -0.0132967549 0.0793713254
v 0.0868899436 -0.000510100895 0.093319188
v 0.0873504661 -0.0100664123 0.093857802
v 0.0868899436 -0.0196227237 0.093319188
v 0.0823735782 0.00615409221 0.091653121
v 0.077065153 0.00852167411 0.0896315931
v 0.0577404232 -0.00277831588 0.0915654886
v 0.0573993314 -0.000551184915 0.0897015086
v 0.0593713595 -0.0100664123 0.0910701956
v 0.0577404232 -0.0173545087 0.0915654886
v 0.0573993314 -0.0195816397 0.0897015086
v 0.0619367159 0.00733692841 0.0880935382
v 0.0691684414 0.00942551881 0.0890063288
v 0.0561496157 0.00738183421 0.0877597341
v 0.0517889872 0.00496552551 0.0785983658
v 0.0496058062 0.0101726746 0.0824287268
v 0.0549782462 0.0115848146 0.0771745306
v 0.0571470951 -0.000869346415 0.0729315838
v 0.0537476392 0.0152689909 0.0791202378
v 0.0544881052 0.0178028185 0.0823007219
v 0.0550145532 -0.00561597257 0.0685163207
v 0.0529412482 -0.0100664123 0.0779238598
v 0.0451677882 -0.0100664123 0.0789745087
v 0.0501265222 -0.00333915922 0.084865787
v 0.0823735782 -0.0262869168 0.091653121
v 0.077065153 -0.0286544987 0.0896315931
v 0.0691684414 -0.0295583434 0.0890063288
v 0.0619367159 -0.027469753 0.0880935382
v 0.0561496157 -0.0275146588 0.0877597341
v 0.0496058062 -0.0303054992 0.0824287268
v 0.0517889872 -0.0250983501 0.0785983658
v 0.0549782462 -0.0317176392 0.0771745306
v 0.0571470951 -0.0192634782 0.0729315838
v 0.0544881052 -0.0379356431 0.0823007219
v 0.0537476392 -0.0354018155 0.0791202378
v 0.0550145532 -0.014516852 0.0685163207
v 0.0501265222 -0.0167936654 0.084865787
v 0.0856956429 -0.000335256045 0.0977098271
v 0.0863806944 -0.0100664123 0.0981430835
v 0.0856956429 -0.0197975685 0.0977098271
v 0.081310174 0.00637670991 0.0962948622
v 0.0751351646 0.00942169791 0.0947873274
v 0.0672728486 0.00954686041 0.0921769666
v 0.0560617154 0.00225398701 0.0895941774
v 0.0498675982 0.00391931901 0.0940773792
v 0.0504523272 -0.00128591876 0.0914739163
v 0.0728755484 -0.0100664123 0.094606148
v 0.0595079873 0.00489386811 0.0915576087
v 0.0498675982 -0.0240521436 0.0940773792
v 0.0560617154 -0.0223868116 0.0895941774
v 0.0504523272 -0.0188469058 0.0914739163
v 0.0595079873 -0.0250266927 0.0915576087
v 0.0516810232 0.0148036919 0.0872270254
v 0.0521042822 0.00601842091 0.0904587166
v 0.0502440412 0.00347026191 0.0717549046
v 0.0465942602 0.000988984605 0.0693877557
v 0.0447378402 0.00839268901 0.0829013714
v 0.0444970682 0.00232851151 0.0815760064
v 0.0466296112 0.00101573621 0.0806238265
v 0.0436763452 0.00696526181 0.091268116
v 0.0488815832 0.00854747011 0.0882018526
v 0.0573018762 0.000417631105 0.0667281614
v 0.0473079742 0.00485278411 0.065482553
v 0.0499277902 0.0180493208 0.0794392673
v 0.0510437442 0.0207646829 0.0818920863
v 0.0480149992 0.0184439181 0.0861527542
v 0.0556174362 -0.00422198586 0.0634984397
v 0.0521453662 -0.0100664123 0.0689210204
v 0.0447254202 -0.00575068953 0.0753135001
v 0.0380717362 -0.0100664123 0.0703871965
v 0.0483006772 -0.00282226601 0.0750230242
v 0.0477255002 -0.000980177415 0.0792433205
v 0.0447254202 -0.0143821351 0.0753135001
v 0.0483006772 -0.0173105586 0.0750230242
v 0.0477255002 -0.0191526472 0.0792433205
v 0.0490975132 -0.000152766725 0.0851670986
v 0.081310174 -0.0265095345 0.0962948622
v 0.0751351646 -0.0295545225 0.0947873274
v 0.0672728486 -0.029679685 0.0921769666
v 0.0516810232 -0.0349365165 0.0872270254
v 0.0521042822 -0.0261512455 0.0904587166
v 0.0436763452 -0.0270980864 0.091268116
v 0.0447378402 -0.0285255136 0.0829013714
v 0.0488815832 -0.0286802947 0.0882018526
v 0.0465942602 -0.0211218092 0.0693877557
v 0.0502440412 -0.0236030865 0.0717549046
v 0.0444970682 -0.0224613361 0.0815760064
v 0.0466296112 -0.0211485608 0.0806238265
v 0.0573018762 -0.0205504557 0.0667281614
v 0.0473079742 -0.0249856087 0.065482553
v 0.0510437442 -0.0408975075 0.0818920863
v 0.0499277902 -0.0381821454 0.0794392673
v 0.0480149992 -0.0385767427 0.0861527542
v 0.0556174362 -0.0159108387 0.0634984397
v 0.0490975132 -0.0199800579 0.0851670986
v 0.0391867342 0.00420690621 0.0871452983
v 0.0453760742 0.00210493811 0.0861852467
v 0.0391867342 -0.0243397308 0.0871452983
v 0.0453760742 -0.0222377627 0.0861852467
v 0.0453177932 -0.00157732774 0.0617880696
v 0.0448601362 -0.00109578586 0.0661934833
v 0.0482701022 0.00464163181 0.0591028713
v 0.0464327912 -0.00233690279 0.0714220826
v 0.0410020702 0.00881212661 0.086062165
v 0.0397380212 0.00459768171 0.0834970999
v 0.0554368582 0.00158326791 0.0558081644
v 0.0536043232 -0.00542392922 0.0607876414
v 0.0505622022 -0.0100664123 0.0633783106
v 0.0536043232 -0.0147088954 0.0607876414
v 0.0419298012 -0.00642331953 0.0704886183
v 0.0397322892 -0.00652077427 0.0662545336
v 0.0304435032 -0.0100664123 0.0658508202
v 0.0419298012 -0.0137095051 0.0704886183
v 0.0397322892 -0.0136120503 0.0662545336
v 0.0464327912 -0.0177959218 0.0714220826
v 0.0410020702 -0.0289449512 0.086062165
v 0.0397380212 -0.0247305063 0.0834970999
v 0.0448601362 -0.0190370387 0.0661934833
v 0.0453177932 -0.0185554968 0.0617880696
v 0.0482701022 -0.0247744564 0.0591028713
v 0.0554368582 -0.0217160925 0.0558081644
v 0.0401545942 -0.00636408225 0.062067717
v 0.0490717152 -0.00339552995 0.0598522077
v 0.0443891042 -0.00572298178 0.0601633614
v 0.0451983632 -0.0100664123 0.0554320214
v 0.0490717152 -0.0167372946 0.0598522077
v 0.0443891042 -0.0144098428 0.0601633614
v 0.0293141722 -0.0100664123 0.0609973775
v 0.0401545942 -0.0137687423 0.062067717
v 0.0374401892 -0.00603158925 0.0584785902
v 0.0405759432 -0.00601725732 0.0568696408
v 0.0399520402 -0.00692301469 0.0529929907
v 0.0384529552 -0.0100664123 0.0520388455
v 0.0399520402 -0.0132098099 0.0529929907
v 0.0405759432 -0.0141155673 0.0568696408
v 0.0316473552 -0.00598095077 0.0567829875
v 0.0310760032 -0.0100664123 0.0552449326
v 0.0316473552 -0.0141518738 0.0567829875
v 0.0374401892 -0.0141012353 0.0584785902
v 0.0336891322 -0.00530640987 0.0537058956
v 0.0348184612 -0.0100664123 0.0521018642
v 0.0336891322 -0.0148264147 0.0537058956
v 0.0805353109 -0.0100664123 0.039214499
v 0.0937127405 -0.00240091665 0.0404778326
v 0.0916069498 -0.0100664123 0.0372343277
v 0.0895221802 0.00562095841 0.0407604317
v 0.0821672034 0.00952679671 0.0404207213
v 0.0656543331 -0.0100664123 0.0412143649
v 0.0657365009 -0.00546310234 0.0408835155
v 0.0654221612 0.00357058321 0.0412094428
v 0.0700866193 0.00964049291 0.0422433457
v 0.0937127405 -0.0177319079 0.0404778326
v 0.0895221802 -0.025753783 0.0407604317
v 0.0821672034 -0.0296596213 0.0404207213
v 0.0657365009 -0.0146697222 0.0408835155
v 0.0654221612 -0.0237034078 0.0412094428
v 0.0700866193 -0.0297733175 0.0422433457
v 0.0943261328 -0.000859792385 0.0414841661
v 0.0942410977 -0.0100664123 0.0421143535
v 0.0943261328 -0.0192730322 0.0414841661
v 0.0882428463 0.00508400011 0.0434091955
v 0.0811850116 0.00835255981 0.0456699994
v 0.0661053009 -0.005760244 0.0460806086
v 0.0661339641 -0.0100664123 0.0459486596
v 0.0661053009 -0.0143725806 0.0460806086
v 0.0661215433 0.00385817031 0.0477309126
v 0.0714041712 0.00849109981 0.0448960473
v 0.0652492266 -0.00184389554 0.0475054259
v 0.0882428463 -0.0252168247 0.0434091955
v 0.0811850116 -0.0284853844 0.0456699994
v 0.0714041712 -0.0286239244 0.0448960473
v 0.0661215433 -0.0239909949 0.0477309126
v 0.0652492266 -0.018288929 0.0475054259
v 0.0918314788 -0.00110438511 0.047198208
v 0.0930353326 -0.0100664123 0.0467954788
v 0.0918314788 -0.0190284395 0.047198208
v 0.0869281615 0.00470373521 0.0482734665
v 0.0812079405 0.00668340691 0.0500015618
v 0.066227597 -0.00453632557 0.0522249511
v 0.0666785648 -0.0100664123 0.0522702457
v 0.066227597 -0.015596499 0.0522249511
v 0.0673005564 0.00653818071 0.050899585
v 0.0724647092 0.00749266521 0.0513003448
v 0.0645297802 -0.00158305998 0.0527330379
v 0.0869281615 -0.0248365598 0.0482734665
v 0.0812079405 -0.0268162315 0.0500015618
v 0.0724647092 -0.0276254898 0.0513003448
v 0.0673005564 -0.0266710053 0.050899585
v 0.0645297802 -0.0185497646 0.0527330379
v 0.0920187455 -0.00142254662 0.0556122166
v 0.0933095439 -0.0100664123 0.0567760949
v 0.0920187455 -0.018710278 0.0556122166
v 0.0866587267 0.00527126691 0.0559617723
v 0.0821528719 0.00675793131 0.055939125
v 0.0646167253 -0.00435288102 0.0583742158
v 0.0628090327 -0.00119610716 0.0587503619
v 0.0652817116 -0.0100664123 0.058499268
v 0.0646167253 -0.0157799436 0.0583742158
v 0.0628090327 -0.0189367174 0.0587503619
v 0.0685139651 0.00796369651 0.0568607787
v 0.0728717275 0.00761687201 0.0560139595
v 0.0643329596 0.00827899101 0.0531968215
v 0.0617007222 0.00489195681 0.0502772703
v 0.0625329106 0.0118771784 0.0565003905
v 0.0570171551 -0.00683320331 0.0548244782
v 0.0866587267 -0.0254040915 0.0559617723
v 0.0821528719 -0.0268907559 0.055939125
v 0.0728717275 -0.0277496966 0.0560139595
v 0.0685139651 -0.0280965211 0.0568607787
v 0.0617007222 -0.0250247814 0.0502772703
v 0.0643329596 -0.0284118156 0.0531968215
v 0.0625329106 -0.032010003 0.0565003905
v 0.0570171551 -0.0132996213 0.0548244782
v 0.0932741931 -0.000500546875 0.0603278019
v 0.093837903 -0.0100664123 0.0607433341
v 0.0932741931 -0.0196322777 0.0603278019
v 0.088490306 0.00617033501 0.0597803258
v 0.0828522531 0.00854078221 0.0590762881
v 0.0642173513 -0.00277162753 0.0655751127
v 0.0635036376 -0.000541630885 0.0638391375
v 0.0657231248 -0.0100664123 0.0647026935
v 0.0642173513 -0.0173611971 0.0655751127
v 0.0635036376 -0.0195911937 0.0638391375
v 0.0676445147 0.00735508081 0.0611864358
v 0.0749498092 0.00944558431 0.0603514365
v 0.0618793895 0.00739903091 0.0622420028
v 0.0557234892 0.00498081271 0.0543469135
v 0.0543524332 0.0101927384 0.0586036455
v 0.0585754779 0.0116067897 0.0521963934
v 0.0598490796 -0.000859792385 0.0475389016
v 0.0577585769 0.015293833 0.054387286
v 0.0591334551 0.0178305258 0.0573137257
v 0.0568509086 -0.00561119556 0.0437400449
v 0.0567209687 -0.0100664123 0.0534124629
v 0.0492809572 -0.0100664123 0.056293608
v 0.0553604222 -0.00333247087 0.0608565706
v 0.088490306 -0.0263031596 0.0597803258
v 0.0828522531 -0.0286736068 0.0590762881
v 0.0749498092 -0.0295784089 0.0603514365
v 0.0676445147 -0.0274879054 0.0611864358
v 0.0618793895 -0.0275318555 0.0622420028
v 0.0543524332 -0.030325563 0.0586036455
v 0.0557234892 -0.0251136373 0.0543469135
v 0.0585754779 -0.0317396143 0.0521963934
v 0.0598490796 -0.0192730322 0.0475389016
v 0.0591334551 -0.0379633504 0.0573137257
v 0.0577585769 -0.0354266576 0.054387286
v 0.0568509086 -0.014521629 0.0437400449
v 0.0553604222 -0.0168003537 0.0608565706
v 0.0917531334 -0.000324745455 0.0648336552
v 0.0925155746 -0.0100664123 0.065093608
v 0.0917531334 -0.0198080791 0.0648336552
v 0.0883852073 0.00639295271 0.064563853
v 0.0819990464 0.00944080601 0.0645668097
v 0.0737278012 0.00956692421 0.0638972341
v 0.0621641108 0.00226640721 0.0640528094
v 0.0569760716 0.00393269481 0.0699047056
v 0.0570238435 -0.00127731952 0.067226404
v 0.0797384746 -0.0100664123 0.0649291675
v 0.0659572076 0.00490915531 0.0651457952
v 0.0569760716 -0.0240655194 0.0699047056
v 0.0621641108 -0.0223992318 0.0640528094
v 0.0570238435 -0.0188555051 0.067226404
v 0.0659572076 -0.0250419799 0.0651457952
v 0.057370668 0.0148285322 0.0627894799
v 0.058443627 0.00603466371 0.0658409708
v 0.0528132192 0.00348363861 0.0480391167
v 0.0487382672 0.000999494305 0.0466005111
v 0.0496554902 0.00841084321 0.0602263801
v 0.0491491072 0.00234093161 0.0589916043
v 0.0510552102 0.00102624681 0.0575539838
v 0.0503099662 0.00698246031 0.0686423592
v 0.0548120002 0.00856562431 0.0644082776
v 0.0587407692 0.000428140805 0.0414506862
v 0.0486475012 0.00486711471 0.0426204749
v 0.0540619792 0.0180770299 0.0556112303
v 0.0556585202 0.0207962111 0.0577371327
v 0.0535422202 0.0184716254 0.0626161763
v 0.0564257375 -0.00421625317 0.038701486
v 0.0541087962 -0.0100664123 0.0448202276
v 0.0481019442 -0.00574686774 0.052827567
v 0.0405501472 -0.0100664123 0.0496096642
v 0.0515635032 -0.00281462244 0.051690273
v 0.0518539572 -0.000970623385 0.0559450345
v 0.0481019442 -0.0143859568 0.052827567
v 0.0515635032 -0.0173182021 0.051690273
v 0.0518539572 -0.0191622012 0.0559450345
v 0.0544088032 -0.000142257025 0.0613961719
v 0.0883852073 -0.0265257773 0.064563853
v 0.0819990464 -0.0295736306 0.0645668097
v 0.0737278012 -0.0296997488 0.0638972341
v 0.057370668 -0.0349613568 0.0627894799
v 0.058443627 -0.0261674883 0.0658409708
v 0.0503099662 -0.0271152849 0.0686423592
v 0.0496554902 -0.0285436678 0.0602263801
v 0.0548120002 -0.0286984489 0.0644082776
v 0.0487382672 -0.0211323189 0.0466005111
v 0.0528132192 -0.0236164632 0.0480391167
v 0.0491491072 -0.0224737562 0.0589916043
v 0.0510552102 -0.0211590714 0.0575539838
v 0.0587407692 -0.0205609654 0.0414506862
v 0.0486475012 -0.0249999393 0.0426204749
v 0.0556585202 -0.0409290357 0.0577371327
v 0.0540619792 -0.0382098545 0.0556112303
v 0.0535422202 -0.03860445 0.0626161763
v 0.0564257375 -0.0159165714 0.038701486
v 0.0544088032 -0.0199905676 0.0613961719
v 0.0450521792 0.00422123771 0.065692285
v 0.0509510662 0.00211640351 0.0632778762
v 0.0450521792 -0.0243540623 0.065692285
v 0.0509510662 -0.0222492281 0.0632778762
v 0.0459369172 -0.0015687285 0.0394911918
v 0.0463811972 -0.00108623184 0.043898577
v 0.0482987652 0.00465691901 0.036166945
v 0.0489924142 -0.00232925921 0.0486230264
v 0.0466191022 0.00883123641 0.0642024815
v 0.0448534482 0.00461201321 0.0620017405
v 0.0546858822 0.00159473331 0.0312426078
v 0.0538928662 -0.00542010743 0.0365381659
v 0.0514240092 -0.0100664123 0.039791517
v 0.0538928662 -0.0147127172 0.0365381659
v 0.0443690412 -0.00641949774 0.04878845
v 0.0413450722 -0.00651695248 0.0451825874
v 0.0321183882 -0.0100664123 0.0470052108
v 0.0443690412 -0.0137133268 0.04878845
v 0.0413450722 -0.0136158721 0.0451825874
v 0.0489924142 -0.0178035654 0.0486230264
v 0.0466191022 -0.028964061 0.0642024815
v 0.0448534482 -0.0247448378 0.0620017405
v 0.0463811972 -0.0190465927 0.043898577
v 0.0459369172 -0.0185640961 0.0394911918
v 0.0482987652 -0.0247897436 0.036166945
v 0.0546858822 -0.0217275579 0.0312426078
v 0.0409113032 -0.00636026046 0.040996754
v 0.0492398732 -0.00338884204 0.0367065442
v 0.0446929342 -0.00571820476 0.0381274237
v 0.0445285982 -0.0100664123 0.0333192777
v 0.0492398732 -0.0167439825 0.0367065442
v 0.0446929342 -0.0144146198 0.0381274237
v 0.0300192852 -0.0100664123 0.042539731
v 0.0409113032 -0.0137725641 0.040996754
v 0.0375089812 -0.00602776747 0.0381431794
v 0.0402692482 -0.00601343553 0.035825263
v 0.0388676162 -0.00692014835 0.0321928152
v 0.0371975082 -0.0100664123 0.0316197371
v 0.0388676162 -0.0132126762 0.0321928152
v 0.0402692482 -0.0141193891 0.035825263
v 0.0314610442 -0.00597712898 0.037872394
v 0.0305858612 -0.0100664123 0.0365076407
v 0.0314610442 -0.0141556956 0.037872394
v 0.0375089812 -0.0141050571 0.0381431794
v 0.0328464342 -0.00530163285 0.0343827226
v 0.0336318062 -0.0100664123 0.0325482803
v 0.0328464342 -0.0148311917 0.0343827226
v 0.0741892785 -0.0100664123 0.0101322586
v 0.0855418174 -0.00240091665 0.00843074856
v 0.0846828768 -0.0100664123 0.00580167843
v 0.0814840632 0.00562095841 0.00961235301
v 0.077995752 0.00952679671 0.00949320815
v 0.0628520275 -0.0100664123 0.015450464
v 0.0628711364 -0.00546310234 0.015108783
v 0.062622722 0.00357058321 0.0154957585
v 0.0673894123 0.00964049291 0.0155006817
v 0.0855418174 -0.0177319079 0.00843074856
v 0.0814840632 -0.025753783 0.00961235301
v 0.077995752 -0.0296596213 0.00949320815
v 0.0628711364 -0.0146697222 0.015108783
v 0.062622722 -0.0237034078 0.0154957585
v 0.0673894123 -0.0297733175 0.0155006817
v 0.0863300546 -0.000859792385 0.00928347307
v 0.0863625402 -0.0100664123 0.00991858567
v 0.0863300546 -0.0192730322 0.00928347307
v 0.0807178012 0.00508400011 0.0124816823
v 0.0780014843 0.00835255981 0.0148448913
v 0.0632867527 -0.005760244 0.0185049116
v 0.0632905745 -0.0100664123 0.0183690268
v 0.0632867527 -0.0143725806 0.0185049116
v 0.0636068252 0.00385817031 0.0201168167
v 0.0682645953 0.00849109981 0.0162007825
v 0.062709667 -0.00184389554 0.0200843231
v 0.0807178012 -0.0252168247 0.0124816823
v 0.0780014843 -0.0284853844 0.0148448913
v 0.0682645953 -0.0286239244 0.0162007825
v 0.0636068252 -0.0239909949 0.0201168167
v 0.062709667 -0.018288929 0.0200843231
v 0.0874756285 -0.00110438511 0.0153195023
v 0.0855800353 -0.0100664123 0.0147375621
v 0.0874756285 -0.0190284395 0.0153195023
v 0.0841143903 0.00470373521 0.0161525342
v 0.0788241184 0.00668340691 0.0190799592
v 0.0645412455 -0.00453632557 0.0244926915
v 0.0649922132 -0.0100664123 0.0244405043
v 0.0645412455 -0.015596499 0.0244926915
v 0.0653485923 0.00653818071 0.0229634988
v 0.0704869489 0.00749266521 0.0222407517
v 0.0629695467 -0.00158305998 0.0253572328
v 0.0841143903 -0.0248365598 0.0161525342
v 0.0788241184 -0.0268162315 0.0190799592
v 0.0704869489 -0.0276254898 0.0222407517
v 0.0653485923 -0.0266710053 0.0229634988
v 0.0629695467 -0.0185497646 0.0253572328
v 0.0874603414 -0.00142254662 0.0223086936
v 0.0889412736 -0.0100664123 0.0231683107
v 0.0874603414 -0.018710278 0.0223086936
v 0.0852695174 0.00527126691 0.0237364656
v 0.0808458289 0.00675793131 0.0246876572
v 0.0640960104 -0.00435288102 0.0308605554
v 0.0623924608 -0.00119610716 0.0316187518
v 0.0647705511 -0.0100664123 0.0308388924
v 0.0640960104 -0.0157799436 0.0308605554
v 0.0623924608 -0.0189367174 0.0316187518
v 0.067638782 0.00796369651 0.028537719
v 0.0717576844 0.00761687201 0.0267662965
v 0.0628615819 0.00827899101 0.025853507
v 0.0597420704 0.00489195681 0.0235651336
v 0.0617064549 0.0118771784 0.0294761095
v 0.0559871909 -0.00683320331 0.0290280837
v 0.0852695174 -0.0254040915 0.0237364656
v 0.0808458289 -0.0268907559 0.0246876572
v 0.0717576844 -0.0277496966 0.0267662965
v 0.067638782 -0.0280965211 0.028537719
v 0.0597420704 -0.0250247814 0.0235651336
v 0.0628615819 -0.0284118156 0.025853507
v 0.0617064549 -0.032010003 0.0294761095
v 0.0559871909 -0.0132996213 0.0290280837
v 0.0925643013 -0.000500546875 0.0265811782
v 0.0931939364 -0.0100664123 0.0268657478
v 0.0925643013 -0.0196322777 0.0265811782
v 0.0877708593 0.00617033501 0.0270794218
v 0.0821108313 0.00854078221 0.0276081895
v 0.0650342525 -0.00277162753 0.0379964631
v 0.0640128872 -0.000541630885 0.0364505304
v 0.0663498934 -0.0100664123 0.036816826
v 0.0650342525 -0.0173611971 0.0379964631
v 0.0640128872 -0.0195911937 0.0364505304
v 0.0675852774 0.00735508081 0.0329598726
v 0.0745962959 0.00944558431 0.0305631859
v 0.0621249377 0.00739903091 0.035239385
v 0.0546304662 0.00498081271 0.0288400117
v 0.0540715342 0.0101927384 0.033303523
v 0.0570295762 0.0116067897 0.0261183829
v 0.0573085646 -0.000859792385 0.0236232281
v 0.0566340237 0.015293833 0.0284402362
v 0.058522929 0.0178305258 0.0310072718
v 0.0536654712 -0.00561119556 0.0205874888
v 0.0554359022 -0.0100664123 0.0277096102
v 0.0485920852 -0.0100664123 0.033794874
v 0.0554760302 -0.00333247087 0.0352915722
v 0.0877708593 -0.0263031596 0.0270794218
v 0.0821108313 -0.0286736068 0.0276081895
v 0.0745962959 -0.0295784089 0.0305631859
v 0.0675852774 -0.0274879054 0.0329598726
v 0.0621249377 -0.0275318555 0.035239385
v 0.0540715342 -0.030325563 0.033303523
v 0.0546304662 -0.0251136373 0.0288400117
v 0.0570295762 -0.0317396143 0.0261183829
v 0.0573085646 -0.0192730322 0.0236232281
v 0.058522929 -0.0379633504 0.0310072718
v 0.0566340237 -0.0354266576 0.0284402362
v 0.0536654712 -0.014521629 0.0205874888
v 0.0554760302 -0.0168003537 0.0352915722
v 0.0919040919 -0.000324745455 0.031320397
v 0.0926999743 -0.0100664123 0.031410001
v 0.0919040919 -0.0198080791 0.031320397
v 0.0885514529 0.00639295271 0.0317831913
v 0.0822885432 0.00944080601 0.033166654
v 0.0740516958 0.00956692421 0.034299026
v 0.0627392856 0.00226640721 0.0369497571
v 0.0587312147 0.00393269481 0.0437991247
v 0.0582831132 -0.00127731952 0.0411661156
v 0.0801378484 -0.0100664123 0.0340095322
v 0.066661367 0.00490915531 0.0371998637
v 0.0587312147 -0.0240655194 0.0437991247
v 0.0627392856 -0.0223992318 0.0369497571
v 0.0582831132 -0.0188555051 0.0411661156
v 0.066661367 -0.0250419799 0.0371998637
v 0.0578044379 0.0148285322 0.0367488841
v 0.0594200871 0.00603466371 0.0395039928
v 0.0505287622 0.00348363861 0.0250313066
v 0.0462665432 0.000999494305 0.0245064778
v 0.0497644092 0.00841084321 0.0359069922
v 0.0490392312 0.00234093161 0.0348071148
v 0.0506443702 0.00102624681 0.0329884283
v 0.0519590552 0.00698246031 0.0440039356
v 0.0555935492 0.00856562431 0.0388866043
v 0.0550948102 0.000428140805 0.0179702355
v 0.0453483652 0.00486711471 0.0226119715
v 0.0532336132 0.0180770299 0.0304361632
v 0.0551922652 0.0207962111 0.0321721363
v 0.0540180292 0.0184716254 0.037406644
v 0.0522485542 -0.00421625317 0.0172051465
v 0.0511765502 -0.0100664123 0.0222161339
v 0.0467939472 -0.00574686774 0.0306842992
v 0.0387930922 -0.0100664123 0.0291757843
v 0.0499784292 -0.00281462244 0.0288409969
v 0.0511297342 -0.000970623385 0.0312406394
v 0.0467939472 -0.0143859568 0.0306842992
v 0.0499784292 -0.0173182021 0.0288409969
v 0.0511297342 -0.0191622012 0.0312406394
v 0.0546419312 -0.000142257025 0.0360251518
v 0.0885514529 -0.0265257773 0.0317831913
v 0.0822885432 -0.0295736306 0.033166654
v 0.0740516958 -0.0296997488 0.034299026
v 0.0578044379 -0.0349613568 0.0367488841
v 0.0594200871 -0.0261674883 0.0395039928
v 0.0519590552 -0.0271152849 0.0440039356
v 0.0497644092 -0.0285436678 0.0359069922
v 0.0555935492 -0.0286984489 0.0388866043
v 0.0462665432 -0.0211323189 0.0245064778
v 0.0505287622 -0.0236164632 0.0250313066
v 0.0490392312 -0.0224737562 0.0348071148
v 0.0506443702 -0.0211590714 0.0329884283
v 0.0550948102 -0.0205609654 0.0179702355
v 0.0453483652 -0.0249999393 0.0226119715
v 0.0551922652 -0.0409290357 0.0321721363
v 0.0532336132 -0.0382098545 0.0304361632
v 0.0540180292 -0.03860445 0.037406644
v 0.0522485542 -0.0159165714 0.0172051465
v 0.0546419312 -0.0199905676 0.0360251518
v 0.0462579442 0.00422123771 0.0422522078
v 0.0515988552 0.00211640351 0.0386138505
v 0.0462579442 -0.0243540623 0.0422522078
v 0.0515988552 -0.0222492281 0.0386138505
v 0.0420731182 -0.0015687285 0.0209744654
v 0.0433639182 -0.00108623184 0.0243184058
v 0.0437604252 0.00465691901 0.0175163023
v 0.0468904462 -0.00232925921 0.0264147683
v 0.0475200812 0.00883123641 0.0404551853
v 0.0453818072 0.00461201321 0.0386817934
v 0.0491586622 0.00159473331 0.0104069819
v 0.0493640812 -0.00542010743 0.0156611833
v 0.0476127582 -0.0100664123 0.0179229715
v 0.0493640812 -0.0147127172 0.0156611833
v 0.0423865032 -0.00641949774 0.0275628939
v 0.0387539182 -0.00651695248 0.0247103045
v 0.0334483602 -0.0100664123 0.0282679178
v 0.0423865032 -0.0137133268 0.0275628939
v 0.0387539182 -0.0136158721 0.0247103045
v 0.0468904462 -0.0178035654 0.0264147683
v 0.0475200812 -0.028964061 0.0404551853
v 0.0453818072 -0.0247448378 0.0386817934
v 0.0433639182 -0.0190465927 0.0243184058
v 0.0420731182 -0.0185640961 0.0209744654
v 0.0437604252 -0.0247897436 0.0175163023
v 0.0491586622 -0.0217275579 0.0104069819
v 0.0380946652 -0.00636026046 0.0243223447
v 0.0448324282 -0.00338884204 0.01680537
v 0.0400590502 -0.00571820476 0.0224819951
v 0.0393797332 -0.0100664123 0.0200823537
v 0.0448324282 -0.0167439825 0.01680537
v 0.0400590502 -0.0144146198 0.0224819951
v 0.0316292032 -0.0100664123 0.0262434362
v 0.0380946652 -0.0137725641 0.0243223447
v 0.0356735812 -0.00602776747 0.0232460999
v 0.0370809432 -0.00601343553 0.0217897722
v 0.0357872772 -0.00692014835 0.0201118936
v 0.0346980752 -0.0100664123 0.0199996413
v 0.0357872772 -0.0132126762 0.0201118936
v 0.0370809432 -0.0141193891 0.0217897722
v 0.0319473642 -0.00597712898 0.0237463119
v 0.0312489392 -0.0100664123 0.023152556
v 0.0319473642 -0.0141556956 0.0237463119
v 0.0356735812 -0.0141050571 0.0232460999
v 0.0323734902 -0.00530163285 0.0218458983
v 0.0326324142 -0.0100664123 0.0208415343
v 0.0323734902 -0.0148311917 0.0218458983
v 0.0285498212 -0.0101906195 0.447748352
v 0.0377296882 -0.0101906195 0.448048673
v 0.0382647332 -0.00661058565 0.448089052
v 0.0277558502 -0.0101906195 0.447810388
v 0.0382647332 -0.0137706532 0.448089052
v 0.0326037512 -0.00831222439 0.435638857
v 0.0374908272 -0.00883867185 0.447512032
v 0.0326027972 -0.0101906195 0.435637889
v 0.0374908272 -0.0115435226 0.447512032
v 0.0326037512 -0.0120690145 0.435638857
v 0.0428451142 1.25250054e-05 0.449170198
v 0.0374736292 -0.00596566361 0.448192436
v 0.0349579552 -0.000298948605 0.44382049
v 0.0248771092 -0.00570865029 0.444318747
v 0.0187928672 -0.00696409848 0.445926702
v 0.0142545252 -0.00714945392 0.447033467
v 0.0145325592 -0.0101906195 0.448748768
v 0.0142545252 -0.0132317852 0.447033467
v 0.0187928672 -0.0134171404 0.445926702
v 0.0248771092 -0.0146725888 0.444318747
v 0.0349579552 -0.0200822905 0.44382049
v 0.0428451142 -0.0203937632 0.449170198
v 0.0374736292 -0.0144155755 0.448192436
v 0.0379895682 -0.0019317958 0.438975906
v 0.0241270882 -0.00454492437 0.440051183
v 0.0324241282 7.55832054e-05 0.437837625
v 0.0241232662 -0.0101906195 0.440046253
v 0.0241270882 -0.01583727 0.440051183
v 0.0379895682 -0.0184494433 0.438975906
v 0.0324241282 -0.0204568223 0.437837625
v 0.0457047452 7.84502054e-05 0.444633829
v 0.0448782902 0.00128708151 0.445374303
v 0.0407698972 0.00885512281 0.44666028
v 0.0191893722 -0.00531118733 0.440784761
v 0.0136602412 -0.0054420825 0.439971422
v 0.0102665202 -0.00556342364 0.440144707
v 0.00818748121 -0.00649784376 0.446834563
v 0.00942191121 -0.0101906195 0.450292721
v 0.00818748121 -0.0138833951 0.446834563
v 0.0102665202 -0.0148178155 0.440144707
v 0.0136602412 -0.0149391566 0.439971422
v 0.0191893722 -0.0150700518 0.440784761
v 0.0407698972 -0.029236361 0.44666028
v 0.0448782902 -0.0216683206 0.445374303
v 0.0457047452 -0.0204596893 0.444633829
v 0.0478248672 -0.001028905 0.4391896
v 0.0443604412 -0.0019423055 0.435268635
v 0.0475181702 0.00764649061 0.444304955
v 0.0345318302 0.00901850141 0.438216739
v 0.0191855532 -0.0101906195 0.440780828
v 0.0376465642 0.0102720394 0.44275704
v 0.0336165192 0.00431964851 0.438183256
v 0.0478248672 -0.0193523341 0.4391896
v 0.0443604412 -0.0184389336 0.435268635
v 0.0475181702 -0.0280277289 0.444304955
v 0.0345318302 -0.0293997414 0.438216739
v 0.0376465642 -0.0306532794 0.44275704
v 0.0336165192 -0.0247018424 0.438183256
v 0.0505765342 -0.00188784567 0.447355474
v 0.0508029732 -0.000982088755 0.448536072
v 0.0483732902 0.000802673505 0.444899699
v 0.0495589902 0.00369765701 0.44497946
v 0.0468531842 0.00553592341 0.448001397
v 0.0429893842 0.0110421241 0.447099435
v 0.0496010302 0.0121160389 0.45389564
v 0.0136573762 -0.0101906195 0.439968458
v 0.0102636522 -0.0101906195 0.440141772
v 0.00694254421 -0.00658574424 0.442631001
v 0.00694254421 -0.0137954946 0.442631001
v 0.0429893842 -0.0314233623 0.447099435
v 0.0496010302 -0.0324972771 0.45389564
v 0.0468531842 -0.0259171616 0.448001397
v 0.0483732902 -0.0211839126 0.444899699
v 0.0495589902 -0.0240788961 0.44497946
v 0.0508029732 -0.0193991504 0.448536072
v 0.0505765342 -0.0184943491 0.447355474
v 0.0452451782 -0.00667555562 0.434083078
v 0.0602293445 -0.003002844 0.42926018
v 0.0579888377 0.00233806551 0.431020761
v 0.0550862102 0.00378937901 0.432062555
v 0.0532364792 0.00514610441 0.437141463
v 0.0493077102 0.00504387091 0.442592617
v 0.0477379222 0.0140383837 0.452491488
v 0.0475573432 0.0106761898 0.444019394
v 0.0488385892 0.0161537276 0.450300615
v 0.0461757782 0.0181018702 0.44354479
v 0.0487096042 0.0151084776 0.441424785
v 0.0518061852 0.00609772191 0.441886595
v 0.0519972732 0.00935959361 0.440977736
v 0.0510790952 0.0128622372 0.440177222
v 0.0529832882 0.00869651901 0.439230948
v 0.0445114002 0.014461644 0.446299889
v 0.0452451782 -0.0137056833 0.434083078
v 0.0579888377 -0.0227193046 0.431020761
v 0.0602293445 -0.0173783947 0.42926018
v 0.0550862102 -0.0241706182 0.432062555
v 0.0532364792 -0.0255273426 0.437141463
v 0.0493077102 -0.0254251109 0.442592617
v 0.0477379222 -0.0344196237 0.452491488
v 0.0488385892 -0.0365349676 0.450300615
v 0.0475573432 -0.0310574298 0.444019394
v 0.0461757782 -0.0384831102 0.44354479
v 0.0487096042 -0.0354897158 0.441424785
v 0.0519972732 -0.0297408337 0.440977736
v 0.0518061852 -0.0264789619 0.441886595
v 0.0529832882 -0.0290777572 0.439230948
v 0.0510790952 -0.0332434772 0.440177222
v 0.0445114002 -0.0348438379 0.446299889
v 0.0530721432 -0.000421244965 0.45028289
v 0.0524415532 -0.00580037279 0.446109847
v 0.0540457372 0.00178104441 0.449208611
v 0.0515969442 -0.00808960695 0.446070466
v 0.0451085512 -0.0101906195 0.433507056
v 0.0531514452 0.00292470611 0.448704456
v 0.0531514452 -0.0233069 0.448704456
v 0.0540457372 -0.0221632383 0.449208611
v 0.0530721432 -0.0199609489 0.45028289
v 0.0524415532 -0.0145808663 0.446109847
v 0.0515969442 -0.0122916322 0.446070466
v 0.0612793733 -0.00827782851 0.429025827
v 0.0612889275 -0.0101906195 0.429152835
v 0.0627803695 -0.0038417205 0.440873384
v 0.0603344432 -0.000372517375 0.442523685
v 0.0586882198 0.000964142505 0.444169056
v 0.0551817552 0.00421072801 0.442626101
v 0.0531925292 0.00918761581 0.44034361
v 0.0498599542 0.0113010483 0.442889975
v 0.0482309292 0.0175458038 0.444078466
v 0.0511029822 0.0120988404 0.441288916
v 0.0612793733 -0.0121034104 0.429025827
v 0.0627803695 -0.0165395186 0.440873384
v 0.0603344432 -0.0200087208 0.442523685
v 0.0586882198 -0.0213453816 0.444169056
v 0.0551817552 -0.0245929227 0.442626101
v 0.0531925292 -0.029568854 0.44034361
v 0.0498599542 -0.0316822883 0.442889975
v 0.0482309292 -0.0379270439 0.444078466
v 0.0511029822 -0.0324800804 0.441288916
v 0.0555973712 0.00104248871 0.447867494
v 0.0536100562 -0.0101906195 0.444661414
v 0.063489306 -0.0101906195 0.440598652
v 0.0555973712 -0.0214237278 0.447867494
v 0.0548674152 -0.0101648226 0.411522314
v 0.0544565762 -0.016753537 0.411843324
v 0.0459407382 -0.0101466693 0.414275447
v 0.0560922897 -0.0180729993 0.413879635
v 0.0557177572 -0.0101657781 0.412242129
v 0.0544565762 -0.00353502436 0.411843324
v 0.0560922897 -0.0022155612 0.413879635
v 0.0518749772 -0.02361073 0.412995398
v 0.0476012942 -0.0269461705 0.414465488
v 0.0377975242 -0.0141184334 0.416264482
v 0.0377679062 -0.0101466693 0.416453555
v 0.0376093022 -0.0218422106 0.416482108
v 0.0406953732 -0.0270359821 0.416383625
v 0.0518749772 0.00332216861 0.412995398
v 0.0476012942 0.00665760911 0.414465488
v 0.0377975242 -0.006170128 0.416264482
v 0.0376093022 0.00155364931 0.416482108
v 0.0406953732 0.00674742071 0.416383625
v 0.0561945215 -0.0101657781 0.415015921
v 0.0554339912 -0.0186328874 0.415558489
v 0.0528963422 -0.0244505618 0.415429487
v 0.0554339912 -0.00165567398 0.415558489
v 0.0528963422 0.00416200041 0.415429487
v 0.0478745492 -0.0275213467 0.417507146
v 0.0359926972 -0.0142340418 0.41899992
v 0.0359907872 -0.0101466693 0.418919161
v 0.0359926972 -0.00605451954 0.41899992
v 0.0409227672 -0.0276445978 0.419701981
v 0.0358302722 -0.0232820588 0.417432315
v 0.0356668912 -0.0179172634 0.420019029
v 0.0478745492 0.00723278531 0.417507146
v 0.0358302722 0.00299349741 0.417432315
v 0.0409227672 0.00735603641 0.419701981
v 0.0356668912 -0.002371298 0.420019029
v 0.0582496728 -0.0101676889 0.420489701
v 0.0571365854 -0.018336701 0.420184479
v 0.0522533312 -0.0240932276 0.417457904
v 0.0571365854 -0.00195186042 0.420184479
v 0.0522533312 0.00380466621 0.417457904
v 0.0486341232 -0.0259525142 0.419936334
v 0.0375567522 -0.0153882133 0.423075447
v 0.0378796912 -0.0101485801 0.422981923
v 0.0375567522 -0.0049003481 0.423075447
v 0.0417148272 -0.0267073118 0.421782574
v 0.0380411612 -0.0258053767 0.422052377
v 0.0364799722 -0.018165677 0.423808057
v 0.0486341232 0.00566395281 0.419936334
v 0.0380411612 0.00551681531 0.422052377
v 0.0417148272 0.00641875041 0.421782574
v 0.0364799722 -0.00212288348 0.423808057
v 0.0593551171 -0.0101686444 0.422554565
v 0.0588831297 -0.0192061513 0.42247187
v 0.0535040022 -0.0246292293 0.421801297
v 0.0588831297 -0.00108241005 0.42247187
v 0.0535040022 0.00434066791 0.421801297
v 0.0503940452 -0.0260251273 0.422984858
v 0.0405530122 -0.0155630586 0.42762464
v 0.0393759102 -0.0185306557 0.428313906
v 0.0410383772 -0.010150491 0.42751929
v 0.0405530122 -0.00472550236 0.42762464
v 0.0393759102 -0.00175790573 0.428313906
v 0.0440136172 -0.0268267421 0.425489875
v 0.0411683162 -0.0271506358 0.427117521
v 0.0368430402 -0.0242527862 0.425253556
v 0.0364245562 -0.0274420439 0.424117241
v 0.0387567852 -0.0308281242 0.427135246
v 0.0338018732 -0.0132231862 0.429742649
v 0.0503940452 0.00573656601 0.422984858
v 0.0411683162 0.00686207441 0.427117521
v 0.0440136172 0.00653818071 0.425489875
v 0.0364245562 0.00715348251 0.424117241
v 0.0368430402 0.00396422481 0.425253556
v 0.0387567852 0.0105395628 0.427135246
v 0.0338018732 -0.00706537523 0.429742649
v 0.0601213801 -0.0101695998 0.425029034
v 0.0595423834 -0.0193723978 0.425085172
v 0.0554798522 -0.0254776603 0.423436837
v 0.0595423834 -0.000916163555 0.425085172
v 0.0554798522 0.00518909891 0.423436837
v 0.0514622272 -0.0277028795 0.424541635
v 0.0416231062 -0.0170525896 0.431732682
v 0.0408052482 -0.0191488254 0.430956759
v 0.0425021102 -0.0101514465 0.430848445
v 0.0416231062 -0.00323597136 0.431732682
v 0.0408052482 -0.00113973599 0.430956759
v 0.0462550792 -0.0285494 0.427347942
v 0.0431575412 -0.0265783267 0.428382839
v 0.0393825982 -0.0266175002 0.430499879
v 0.0334674702 -0.0292373167 0.431667682
v 0.0328244592 -0.0243339985 0.429943548
v 0.0326133082 -0.0305672887 0.425892612
v 0.0336241612 -0.0188402179 0.425143276
v 0.0365640502 -0.0297866951 0.429711161
v 0.0328053492 -0.0280009772 0.427316425
v 0.0316922632 -0.0101476247 0.427196314
v 0.0263179112 -0.0143668479 0.422172517
v 0.0290380492 -0.0101485801 0.433255976
v 0.0345757802 -0.0165165879 0.432659266
v 0.0514622272 0.00741431811 0.424541635
v 0.0431575412 0.00628976531 0.428382839
v 0.0462550792 0.00826083861 0.427347942
v 0.0393825982 0.00632893881 0.430499879
v 0.0328244592 0.00404543711 0.429943548
v 0.0334674702 0.00894875531 0.431667682
v 0.0326133082 0.0102787273 0.425892612
v 0.0336241612 -0.00144834347 0.425143276
v 0.0328053492 0.00771241581 0.427316425
v 0.0365640502 0.00949813371 0.429711161
v 0.0263179112 -0.00592171348 0.422172517
v 0.0345757802 -0.00377197351 0.432659266
v 0.0504227082 -0.0101524019 0.42862309
v 0.0563024863 -0.0256888117 0.426122035
v 0.0518998182 -0.0285513113 0.427819611
v 0.0563024863 0.00540025031 0.426122035
v 0.0518998182 0.00826274991 0.427819611
v 0.0460754562 -0.0286640519 0.429643197
v 0.0372978282 -0.0233546719 0.437265535
v 0.0399214672 -0.0217896613 0.431431363
v 0.0368592812 -0.0184532651 0.435765894
v 0.0427371482 -0.024278583 0.431030622
v 0.0399214672 0.00150109991 0.431431363
v 0.0372978282 0.00306611051 0.437265535
v 0.0368592812 -0.00183529629 0.435765894
v 0.0427371482 0.00399002161 0.431030622
v 0.0363079932 -0.0276770835 0.433210667
v 0.0375987912 -0.0253314784 0.434627613
v 0.0248111842 -0.0366286001 0.444297061
v 0.0304864962 -0.0275586089 0.433786689
v 0.0348155942 -0.0277086117 0.434773342
v 0.0236159282 -0.0205819857 0.428883032
v 0.0260389232 -0.0229218576 0.427821578
v 0.0264765162 -0.0310564741 0.436070148
v 0.0305065602 -0.0206125591 0.433301256
v 0.0327403782 -0.0200507605 0.424276763
v 0.0225611212 -0.0242183901 0.426815234
v 0.0342184452 -0.0318695533 0.430847447
v 0.0327317792 -0.0299567634 0.430080415
v 0.0336107852 -0.030236707 0.434106731
v 0.0261354222 -0.0101466693 0.425648399
v 0.0262003932 -0.0156777114 0.421565946
v 0.0196814272 -0.0101476247 0.430950861
v 0.0274252672 -0.0142378636 0.431822274
v 0.0294422002 -0.0169981298 0.429994727
v 0.0306508322 -0.0187332087 0.432162007
v 0.0274252672 -0.00605069776 0.431822274
v 0.0294422002 -0.00329043163 0.429994727
v 0.0306508322 -0.00155535268 0.432162007
v 0.0340072942 -0.0195166693 0.433205737
v 0.0460754562 0.00837549051 0.429643197
v 0.0363079932 0.00738852211 0.433210667
v 0.0375987912 0.00504291701 0.434627613
v 0.0260389232 0.00263329621 0.427821578
v 0.0236159282 0.000293424305 0.428883032
v 0.0304864962 0.00727004751 0.433786689
v 0.0264765162 0.0107679127 0.436070148
v 0.0305065602 0.000323997705 0.433301256
v 0.0248111842 0.0162932233 0.444297061
v 0.0348155942 0.00742005031 0.434773342
v 0.0327403782 -0.000237800865 0.424276763
v 0.0225611212 0.00392982871 0.426815234
v 0.0327317792 0.00966820201 0.430080415
v 0.0342184452 0.0115809919 0.430847447
v 0.0336107852 0.00994814561 0.434106731
v 0.0262003932 -0.00461084957 0.421565946
v 0.0340072942 -0.000771892125 0.433205737
v 0.0206320882 -0.0323463187 0.44402136
v 0.0319320772 -0.0216396576 0.435146528
v 0.0206320882 0.0120118958 0.44402136
v 0.0319320772 0.00135109621 0.435146528
v 0.0214556762 -0.0394872771 0.442786591
v 0.0198400292 -0.032950156 0.442022494
v 0.0214002622 -0.0186176002 0.428322769
v 0.0200110532 -0.0181618552 0.426159451
v 0.0207238112 -0.0240177475 0.423536289
v 0.0242895132 -0.0174519639 0.429857859
v 0.0248876162 -0.0211418729 0.420828436
v 0.0256347722 -0.0145445598 0.423933098
v 0.0236837642 -0.0101457138 0.424301384
v 0.0256347722 -0.00574400162 0.423933098
v 0.0213066282 -0.0136005849 0.431643061
v 0.0121057422 -0.0101313822 0.427274079
v 0.0202212502 -0.0135069518 0.429324183
v 0.0213066282 -0.00668797643 0.431643061
v 0.0202212502 -0.00678160938 0.429324183
v 0.0242895132 -0.0028365975 0.429857859
v 0.0200110532 -0.00212670527 0.426159451
v 0.0214002622 -0.00167096114 0.428322769
v 0.0207238112 0.00372918611 0.423536289
v 0.0214556762 0.0191518985 0.442786591
v 0.0198400292 0.0126157331 0.442022494
v 0.0248876162 0.000853311505 0.420828436
v 0.0188922322 -0.0136521787 0.427274079
v 0.0188587922 -0.0142569721 0.425896544
v 0.0214795632 -0.0164516179 0.423475221
v 0.0175546152 -0.0101438029 0.423419112
v 0.0214795632 -0.00383694349 0.423475221
v 0.0188587922 -0.00603158925 0.425896544
v 0.00602914121 -0.0101657781 0.423980374
v 0.0188922322 -0.0066363825 0.427274079
v 0.00943146421 -0.0128400547 0.421492113
v 0.0151574182 -0.0139751176 0.423178861
v 0.00684317621 -0.0122543699 0.417837986
v 0.00637501221 -0.0101810651 0.417900023
v 0.00684317621 -0.00811253746 0.417837986
v 0.0151574182 -0.00631344376 0.423178861
v 0.00369405021 -0.0128696733 0.422932682
v 0.00285135221 -0.0101705553 0.422514186
v 0.00943146421 -0.00752685271 0.421492113
v 0.00369405021 -0.00749723407 0.422932682
v 0.00367302921 -0.0133110866 0.420597047
v 0.00435330221 -0.0101657781 0.419131857
v 0.00367302921 -0.00705582075 0.420597047
v 0.0330537632 -0.0100664123 0.504526397
v 0.0333069572 -0.0129012029 0.504539221
v 0.0225869192 -0.0130492961 0.50722932
v 0.0223862752 -0.0100664123 0.507220458
v 0.0333117332 -0.0100664123 0.504542156
v 0.0325817762 -0.0100664123 0.512593789
v 0.0328349702 -0.0129059801 0.512606642
v 0.0225869192 -0.0070835285 0.50722932
v 0.0333069572 -0.00723162172 0.504539221
v 0.0328349702 -0.00722684449 0.512606642
v 0.0227942482 -0.0143142985 0.507242144
v 0.0336719342 -0.0140945474 0.504561847
v 0.0242618042 -0.0160388678 0.507333702
v 0.0331999472 -0.0140993244 0.512627301
v 0.0225076182 -0.0130502515 0.508583261
v 0.0223069732 -0.0100664123 0.508573401
v 0.0227149472 -0.0143152542 0.508593121
v 0.0225076182 -0.00708257306 0.508583261
v 0.0328397462 -0.0100664123 0.512610574
v 0.0241834572 -0.0160398234 0.508682684
v 0.0227942482 -0.00581852606 0.507242144
v 0.0227149472 -0.00581757039 0.508593121
v 0.0242618042 -0.00409395681 0.507333702
v 0.0336719342 -0.00603827716 0.504561847
v 0.0331999472 -0.00603350015 0.512627301
v 0.0241834572 -0.00409300114 0.508682684
v 0.0262491202 -0.0175675719 0.507458772
v 0.0282756102 -0.0198816479 0.507584811
v 0.0299772472 -0.0216664092 0.50544805
v 0.0358532032 -0.0171557774 0.505824201
v 0.0323820892 -0.0248117186 0.50727956
v 0.0355130662 -0.0171595992 0.511642643
v 0.0261707732 -0.0175685276 0.508806756
v 0.0281972632 -0.0198826027 0.508930829
v 0.0296371102 -0.021670231 0.511262561
v 0.0322378172 -0.0248126734 0.509741233
v 0.0262491202 -0.00256525269 0.507458772
v 0.0261707732 -0.00256429702 0.508806756
v 0.0282756102 -0.000251176685 0.507584811
v 0.0299772472 0.00153358461 0.50544805
v 0.0323820892 0.00467889401 0.50727956
v 0.0358532032 -0.00297704714 0.505824201
v 0.0355130662 -0.00297322535 0.511642643
v 0.0281972632 -0.000250221905 0.508930829
v 0.0296371102 0.00153740641 0.511262561
v 0.0322378172 0.00467984881 0.509741233
v 0.0373618422 -0.0191430923 0.506478018
v 0.0338792622 -0.0259534699 0.507935313
v 0.0370866772 -0.019146914 0.511178868
v 0.0337999612 -0.0259544238 0.509275462
v 0.0338792622 0.00582064531 0.507935313
v 0.0373618422 -0.000989732335 0.506478018
v 0.0337999612 0.00582159921 0.509275462
v 0.0370866772 -0.000985910545 0.511178868
v 0.0388207992 -0.0206077825 0.507690161
v 0.0367704252 -0.0291389059 0.505872445
v 0.0386765292 -0.020609693 0.510155767
v 0.0364302882 -0.0291427285 0.511681027
v 0.0367704252 0.00900608131 0.505872445
v 0.0388207992 0.000474957905 0.507690161
v 0.0364302882 0.00900990391 0.511681027
v 0.0386765292 0.000476868405 0.510155767
v 0.0416078192 -0.0221250213 0.507865412
v 0.0386851282 -0.0303246073 0.505992585
v 0.0414635462 -0.0221259761 0.510330079
v 0.0383459452 -0.0303284282 0.51180017
v 0.0386851282 0.0101917827 0.505992585
v 0.0416078192 0.00199219671 0.507865412
v 0.0383459452 0.0101956036 0.51180017
v 0.0414635462 0.00199315151 0.510330079
v 0.0470872662 -0.023044154 0.50439939
v 0.0447215972 -0.0253677849 0.502149415
v 0.0438951422 -0.0271171945 0.501612774
v 0.0465206912 -0.0225358605 0.508738851
v 0.0482997212 -0.0221680157 0.504719403
v 0.0464423462 -0.0225368153 0.510081934
v 0.0439515132 -0.0299366979 0.508570467
v 0.0404488692 -0.0312102996 0.508346913
v 0.0403714792 -0.0312112553 0.509683129
v 0.0438884542 -0.0253773381 0.516388744
v 0.0464987162 -0.0230508419 0.514459749
v 0.0430065832 -0.0271267494 0.516813138
v 0.0477398322 -0.022173748 0.514298291
v 0.0438731672 -0.0299376536 0.509907622
v 0.0438951422 0.00698436991 0.501612774
v 0.0404488692 0.011077475 0.508346913
v 0.0439515132 0.00980387331 0.508570467
v 0.0403714792 0.0110784307 0.509683129
v 0.0447215972 0.00523496031 0.502149415
v 0.0470872662 0.00291132941 0.50439939
v 0.0482997212 0.00203519111 0.504719403
v 0.0465206912 0.00240303591 0.508738851
v 0.0464423462 0.00240399071 0.510081934
v 0.0430065832 0.00699392481 0.516813138
v 0.0438731672 0.00980482901 0.509907622
v 0.0464987162 0.00291801731 0.514459749
v 0.0438884542 0.00524451351 0.516388744
v 0.0477398322 0.00204092341 0.514298291
v 0.0496908412 -0.0293844543 0.502811126
v 0.0467576402 -0.0294150286 0.502055861
v 0.0530979402 -0.0282732773 0.504175866
v 0.0499698292 -0.0214017528 0.508958414
v 0.0509080712 -0.0214638562 0.505920718
v 0.0498905282 -0.0214027084 0.510302495
v 0.0553164722 -0.0271305703 0.504633743
v 0.0504676132 -0.0214686336 0.51343571
v 0.0440566112 -0.0314262293 0.508575397
v 0.0439782662 -0.031427185 0.509911554
v 0.0458986992 -0.0294245835 0.516728447
v 0.0488987822 -0.0293930535 0.516349362
v 0.0524405972 -0.0282809209 0.515426682
v 0.0546954362 -0.02713726 0.515256361
v 0.0467576402 0.00928220401 0.502055861
v 0.0440566112 0.0112934047 0.508575397
v 0.0439782662 0.0112943604 0.509911554
v 0.0496908412 0.00925162971 0.502811126
v 0.0530979402 0.00814045271 0.504175866
v 0.0509080712 0.00133103161 0.505920718
v 0.0499698292 0.00126892821 0.508958414
v 0.0553164722 0.00699774571 0.504633743
v 0.0498905282 0.00126988381 0.510302495
v 0.0504676132 0.00133580901 0.51343571
v 0.0458986992 0.00929175891 0.516728447
v 0.0488987822 0.00926022891 0.516349362
v 0.0524405972 0.00814809631 0.515426682
v 0.0546954362 0.00700443541 0.515256361
v 0.0504427722 -0.0321131904 0.508979073
v 0.0491901902 -0.0330065281 0.508899312
v 0.0519724322 -0.0316249606 0.509076558
v 0.0561696803 -0.0304383053 0.509343426
v 0.0540801322 -0.0192090183 0.509220351
v 0.0562193626 -0.0195596646 0.505943343
v 0.0540008312 -0.0192099731 0.510566369
v 0.0576362805 -0.0255340306 0.504381666
v 0.0557425982 -0.0195653969 0.514088529
v 0.0569674723 -0.0255407185 0.51580383
v 0.0445429302 -0.033282649 0.508604918
v 0.0444645842 -0.0332836047 0.509939139
v 0.0491118442 -0.033007482 0.51023453
v 0.0503644262 -0.0321141461 0.510315289
v 0.0518940862 -0.0316259163 0.510412775
v 0.056091334 -0.0304392592 0.510680582
v 0.0491901902 0.0128737035 0.508899312
v 0.0504427722 0.0119803658 0.508979073
v 0.0445429302 0.0131498244 0.508604918
v 0.0444645842 0.0131507801 0.509939139
v 0.0491118442 0.0128746574 0.51023453
v 0.0519724322 0.011492136 0.509076558
v 0.0561696803 0.0103054807 0.509343426
v 0.0562193626 -0.000573159975 0.505943343
v 0.0540801322 -0.000923806245 0.509220351
v 0.0576362805 0.00540120601 0.504381666
v 0.0540008312 -0.000922851465 0.510566369
v 0.0557425982 -0.000567427735 0.514088529
v 0.0569674723 0.00540789391 0.51580383
v 0.0503644262 0.0119813215 0.510315289
v 0.0518940862 0.0114930917 0.510412775
v 0.056091334 0.0103064346 0.510680582
v 0.0490946462 -0.0341320365 0.508892445
v 0.0445056672 -0.0355766604 0.508600986
v 0.0490163012 -0.0341329904 0.510226666
v 0.0610901961 -0.0291236187 0.506174762
v 0.057568444 -0.0317711443 0.506340182
v 0.057129897 -0.0317759208 0.513834515
v 0.0558285882 -0.0179172634 0.509332568
v 0.0557502422 -0.0179182182 0.510679643
v 0.0577633539 -0.0178962431 0.509454704
v 0.0585993638 -0.019108697 0.50565878
v 0.0595777348 -0.0240913162 0.504343252
v 0.061307081 -0.022863576 0.503896233
v 0.0628892896 -0.0262381901 0.505865548
v 0.0580719609 -0.0191144293 0.514672445
v 0.0576850077 -0.0178971988 0.51080172
v 0.0588907733 -0.0240989598 0.51608942
v 0.0605541943 -0.0228712196 0.516755034
v 0.0606057881 -0.0291283971 0.514449889
v 0.0623551987 -0.026244878 0.514991489
v 0.0444282782 -0.0355776161 0.509933211
v 0.0445056672 0.0154438358 0.508600986
v 0.0490946462 0.0139992119 0.508892445
v 0.0490163012 0.0140001658 0.510226666
v 0.0444282782 0.0154447915 0.509933211
v 0.057568444 0.0116383197 0.506340182
v 0.0610901961 0.00899079411 0.506174762
v 0.057129897 0.0116430962 0.513834515
v 0.0558285882 -0.0022155612 0.509332568
v 0.0585993638 -0.00102412754 0.50565878
v 0.0577633539 -0.00223658149 0.509454704
v 0.0595777348 0.00395849161 0.504343252
v 0.061307081 0.00273075141 0.503896233
v 0.0557502422 -0.00221460642 0.510679643
v 0.0628892896 0.00610536551 0.505865548
v 0.0576850077 -0.00223562582 0.51080172
v 0.0580719609 -0.0010183953 0.514672445
v 0.0588907733 0.00396613521 0.51608942
v 0.0605541943 0.00273839501 0.516755034
v 0.0606057881 0.00899557251 0.514449889
v 0.0623551987 0.00611205341 0.514991489
v 0.0494108972 -0.035302449 0.508911167
v 0.0462923412 -0.0383713235 0.508711266
v 0.0493335062 -0.0353034047 0.510244391
v 0.0462149502 -0.0383722792 0.510041555
v 0.0602828491 -0.0325584257 0.506627709
v 0.0598576784 -0.0325622484 0.513890623
v 0.0595108539 -0.0345724935 0.506873859
v 0.0572684362 -0.0334498521 0.506567639
v 0.0568585522 -0.033453673 0.513567647
v 0.0591200788 -0.0345763162 0.513543056
v 0.0634529993 -0.0176640714 0.504759782
v 0.0627841913 -0.017671715 0.516180978
v 0.0607147082 -0.0199169988 0.504673125
v 0.0617198312 -0.0214858313 0.504302902
v 0.0636488645 -0.0247247731 0.505691266
v 0.0642603461 -0.0227651661 0.505927585
v 0.0630889767 -0.024731461 0.515264226
v 0.0600564101 -0.0199246424 0.515916106
v 0.06101185 -0.0214934748 0.516406469
v 0.0637224334 -0.0227708983 0.515111629
v 0.0462923412 0.0182384989 0.508711266
v 0.0494108972 0.0151696244 0.508911167
v 0.0462149502 0.0182394546 0.510041555
v 0.0493335062 0.0151705801 0.510244391
v 0.0572684362 0.0133170275 0.506567639
v 0.0595108539 0.0144396689 0.506873859
v 0.0602828491 0.0124256011 0.506627709
v 0.0568585522 0.0133208484 0.513567647
v 0.0598576784 0.0124294238 0.513890623
v 0.0591200788 0.0144434916 0.513543056
v 0.0634529993 -0.00246875318 0.504759782
v 0.0607147082 -0.000215825795 0.504673125
v 0.0617198312 0.00135300671 0.504302902
v 0.0627841913 -0.0024611096 0.516180978
v 0.0636488645 0.00459194851 0.505691266
v 0.0642603461 0.00263234151 0.505927585
v 0.0630889767 0.00459863641 0.515264226
v 0.0600564101 -0.000208182225 0.515916106
v 0.06101185 0.00136065021 0.516406469
v 0.0637224334 0.00263807371 0.515111629
v 0.0517182852 -0.0361910083 0.509056897
v 0.0471703902 -0.040795274 0.50876444
v 0.0516408942 -0.036191964 0.510389122
v 0.0470930002 -0.0407962314 0.510092733
v 0.0569856256 -0.0374493229 0.509389675
v 0.0564372028 -0.0346670817 0.509357218
v 0.056908235 -0.0374502785 0.510720961
v 0.0563588575 -0.0346680374 0.510690442
v 0.0646014382 -0.0173554644 0.506458327
v 0.0666451244 -0.019349468 0.507706888
v 0.0641227628 -0.0173611971 0.514640928
v 0.0662963888 -0.0193532898 0.513654334
v 0.0471703902 0.0206624494 0.50876444
v 0.0517182852 0.0160581837 0.509056897
v 0.0470930002 0.0206634068 0.510092733
v 0.0516408942 0.0160591394 0.510389122
v 0.0564372028 0.0145342571 0.509357218
v 0.0569856256 0.0173164983 0.509389675
v 0.0563588575 0.0145352128 0.510690442
v 0.056908235 0.0173174539 0.510720961
v 0.0666451244 -0.000783356605 0.507706888
v 0.0646014382 -0.00277736021 0.506458327
v 0.0641227628 -0.00277162753 0.514640928
v 0.0662963888 -0.000779534815 0.513654334
v 0.0484287042 -0.0427338634 0.508842206
v 0.0498542212 -0.043868925 0.508931827
v 0.0520975942 -0.0439291162 0.50692803
v 0.0551779332 -0.0428380047 0.507445948
v 0.0543046612 -0.0357333529 0.50922129
v 0.0561715907 -0.039800662 0.50761533
v 0.0542272712 -0.0357343085 0.510553574
v 0.0483513152 -0.0427348173 0.510168562
v 0.0497768302 -0.043868925 0.510257185
v 0.0517698792 -0.0439329389 0.512529815
v 0.0548884352 -0.0428418274 0.512406741
v 0.0558935572 -0.0398035272 0.512372289
v 0.0652482711 -0.0160130709 0.506388426
v 0.0695009348 -0.0149697305 0.507891002
v 0.0647562195 -0.0160188036 0.51479552
v 0.069152199 -0.0149735523 0.513842379
v 0.0484287042 0.0226010388 0.508842206
v 0.0483513152 0.0226019927 0.510168562
v 0.0498542212 0.0237361004 0.508931827
v 0.0520975942 0.0237962916 0.50692803
v 0.0551779332 0.0227051801 0.507445948
v 0.0561715907 0.0196678374 0.50761533
v 0.0543046612 0.0156005283 0.50922129
v 0.0542272712 0.0156014839 0.510553574
v 0.0497768302 0.0237361004 0.510257185
v 0.0517698792 0.0238001143 0.512529815
v 0.0548884352 0.0227090028 0.512406741
v 0.0558935572 0.0196707026 0.512372289
v 0.0695009348 -0.00516309411 0.507891002
v 0.0652482711 -0.00411975366 0.506388426
v 0.069152199 -0.00515927232 0.513842379
v 0.0647562195 -0.00411402098 0.51479552
v 0.0698257842 -0.011553077 0.50903524
v 0.0648431645 -0.0146821433 0.507484362
v 0.0644820082 -0.0146869203 0.513659205
v 0.069607944 -0.0115559433 0.512756304
v 0.0648431645 -0.0054506813 0.507484362
v 0.0698257842 -0.00857974763 0.50903524
v 0.069607944 -0.00857688129 0.512756304
v 0.0644820082 -0.00544590428 0.513659205
v 0.0644285036 -0.012747377 0.508020004
v 0.0643148062 -0.0100664123 0.50913566
v 0.0698792888 -0.0100664123 0.509600434
v 0.0697264186 -0.0100664123 0.512204844
v 0.0641332726 -0.0127502433 0.513080219
v 0.0641495151 -0.0100664123 0.511964622
v 0.0644285036 -0.00738544763 0.508020004
v 0.0641332726 -0.00738258128 0.513080219
v 0.0316922632 -0.0101906195 0.462578464
v 0.0408625742 -0.0101906195 0.46311707
v 0.0413957102 -0.00661058565 0.463171242
v 0.0308973342 -0.0101906195 0.462619811
v 0.0413957102 -0.0137706532 0.463171242
v 0.0360137182 -0.00831222439 0.450576315
v 0.0406351802 -0.00883867185 0.462573534
v 0.0360118062 -0.0101906195 0.450574349
v 0.0406351802 -0.0115435226 0.462573534
v 0.0360137182 -0.0120690145 0.450576315
v 0.0459502932 1.25250054e-05 0.464370562
v 0.0406026962 -0.00596566361 0.463253938
v 0.0381844762 -0.000298948605 0.458817021
v 0.0280969412 -0.00570865029 0.459054337
v 0.0219792592 -0.00696409848 0.460503769
v 0.0174189422 -0.00714945392 0.461492388
v 0.0176587602 -0.0101906195 0.463213588
v 0.0174189422 -0.0132317852 0.461492388
v 0.0219792592 -0.0134171404 0.460503769
v 0.0280969412 -0.0146725888 0.459054337
v 0.0381844762 -0.0200822905 0.458817021
v 0.0459502932 -0.0203937632 0.464370562
v 0.0406026962 -0.0144155755 0.463253938
v 0.0413221412 -0.0019317958 0.454052198
v 0.0274424652 -0.00454492437 0.454767082
v 0.0357844122 7.55832054e-05 0.452770153
v 0.0274386422 -0.0101906195 0.45476315
v 0.0274424652 -0.01583727 0.454767082
v 0.0413221412 -0.0184494433 0.454052198
v 0.0357844122 -0.0204568223 0.452770153
v 0.0489092912 7.84502054e-05 0.459909024
v 0.0480675482 0.00128708151 0.46062881
v 0.0439314492 0.00853313861 0.461806473
v 0.0224904192 -0.00531118733 0.455372656
v 0.0169813522 -0.0054420825 0.454416522
v 0.0135857162 -0.00556342364 0.454501213
v 0.0113585862 -0.00649784376 0.461135929
v 0.0125156262 -0.0101906195 0.464625603
v 0.0113585862 -0.0138833951 0.461135929
v 0.0135857162 -0.0148178155 0.454501213
v 0.0169813522 -0.0149391566 0.454416522
v 0.0224904192 -0.0150700518 0.455372656
v 0.0439314492 -0.028910556 0.461806473
v 0.0480675482 -0.0216683206 0.46062881
v 0.0489092912 -0.0204596893 0.459909024
v 0.0511497982 -0.001028905 0.454520903
v 0.0477732732 -0.0019423055 0.450511344
v 0.0507294052 0.00734552761 0.459626427
v 0.0378835132 0.00869365201 0.453202441
v 0.0224865972 -0.0101906195 0.455368723
v 0.0408960162 0.00992521491 0.457823501
v 0.0369691562 0.00431964851 0.453146303
v 0.0511497982 -0.0193523341 0.454520903
v 0.0477732732 -0.0184389336 0.450511344
v 0.0507294052 -0.0277219893 0.459626427
v 0.0378835132 -0.0290710693 0.453202441
v 0.0408960162 -0.0303026322 0.457823501
v 0.0369691562 -0.0247018424 0.453146303
v 0.0537189762 -0.00188784567 0.462757676
v 0.0539186632 -0.000982088755 0.463944202
v 0.0515711472 0.000802673505 0.460244795
v 0.0527549372 0.00369765701 0.460355075
v 0.0499832052 0.00527031121 0.463306143
v 0.0461404252 0.010330321 0.462302763
v 0.0527654472 0.00969399801 0.465740232
v 0.0169784862 -0.0101906195 0.454412589
v 0.0135818972 -0.0101906195 0.454498249
v 0.0102072832 -0.00658574424 0.45690085
v 0.0102072832 -0.0137954946 0.45690085
v 0.0461404252 -0.0307029617 0.462302763
v 0.0527654472 -0.0300484846 0.465740232
v 0.0499832052 -0.0256477286 0.463306143
v 0.0515711472 -0.0211839126 0.460244795
v 0.0527549372 -0.0240788961 0.460355075
v 0.0539186632 -0.0193991504 0.463944202
v 0.0537189762 -0.0184943491 0.462757676
v 0.0486838082 -0.00667555562 0.449348442
v 0.06376925 -0.003002844 0.444915458
v 0.0614905256 0.00233806551 0.446617935
v 0.0585659234 0.00378937901 0.447583899
v 0.056604405 0.00514610441 0.452613595
v 0.0525562062 0.00504387091 0.457962334
v 0.0509338682 0.0114071028 0.464305591
v 0.0507752652 0.00997680861 0.459342833
v 0.0520813522 0.0132912297 0.462175727
v 0.0495647222 0.0150272652 0.45544552
v 0.0519848522 0.01425909 0.456778743
v 0.0550690132 0.00609772191 0.457321312
v 0.0552801652 0.00902901201 0.456416386
v 0.0543810962 0.0120892872 0.455592218
v 0.0563043968 0.00837740181 0.454695186
v 0.0476796392 0.0136342333 0.461543567
v 0.0486838082 -0.0137056833 0.449348442
v 0.0614905256 -0.0227193046 0.446617935
v 0.06376925 -0.0173783947 0.444915458
v 0.0585659234 -0.0241706182 0.447583899
v 0.056604405 -0.0255273426 0.452613595
v 0.0525562062 -0.0254251109 0.457962334
v 0.0509338682 -0.0317615894 0.464305591
v 0.0520813522 -0.0336457163 0.462175727
v 0.0507752652 -0.0303494494 0.459342833
v 0.0495647222 -0.0353807961 0.45544552
v 0.0519848522 -0.0346317308 0.456778743
v 0.0552801652 -0.0294064293 0.456416386
v 0.0550690132 -0.0261999722 0.457320314
v 0.0563043968 -0.0287548192 0.454695186
v 0.0543810962 -0.0324619262 0.455592218
v 0.0476796392 -0.0340078279 0.461543567
v 0.05614866 -0.000421244965 0.465749094
v 0.0556117022 -0.00580037279 0.461560323
v 0.0571451842 0.00178104441 0.464699437
v 0.0547670942 -0.00808960695 0.461498287
v 0.0485596012 -0.0101906195 0.448769456
v 0.056262358 0.00292470611 0.464172656
v 0.056262358 -0.0233069 0.464172656
v 0.0571451842 -0.0221632383 0.464699437
v 0.05614866 -0.0199609489 0.465749094
v 0.0556117022 -0.0145808663 0.461560323
v 0.0547670942 -0.0122916322 0.461498287
v 0.0648240557 -0.00827782851 0.44470866
v 0.0648307438 -0.0101906195 0.444835697
v 0.0660613506 -0.0038417205 0.456592664
v 0.0635800728 -0.000372517375 0.458179931
v 0.061897543 0.000964142505 0.459781988
v 0.0584273847 0.00421072801 0.458148443
v 0.0564897522 0.00885989941 0.455813776
v 0.0531017622 0.0105796921 0.458273484
v 0.0516074532 0.0145313919 0.456025475
v 0.0543801402 0.0113507307 0.456703912
v 0.0648240557 -0.0121034104 0.44470866
v 0.0660613506 -0.0165395186 0.456592664
v 0.0635800728 -0.0200087208 0.458179931
v 0.061897543 -0.0213453816 0.459781988
v 0.0584273847 -0.0245929227 0.458148443
v 0.0564897522 -0.0292373167 0.455813776
v 0.0531017622 -0.030952331 0.458273484
v 0.0516074532 -0.0348858784 0.456025475
v 0.0543801402 -0.0317243271 0.456703912
v 0.0587264377 0.00104248871 0.463399667
v 0.0568107803 -0.0101906195 0.460142379
v 0.0667760198 -0.0101906195 0.456336654
v 0.0587264377 -0.0214237278 0.463399667
v 0.0364618182 -0.0101820205 0.47252461
v 0.0428804652 -0.0101820205 0.478385369
v 0.0434097782 -0.00684466846 0.47847006
v 0.0356659382 -0.0101820205 0.47251971
v 0.0434097782 -0.0135193726 0.47847006
v 0.0386660182 -0.00843069897 0.46557581
v 0.0426807782 -0.0089217951 0.477829038
v 0.0386650622 -0.0101820205 0.465574812
v 0.0426807782 -0.0114432014 0.477829038
v 0.0386660182 -0.0119333421 0.46557581
v 0.0478621292 -0.000670615155 0.480659965
v 0.0426148532 -0.00624369678 0.478507476
v 0.0404221172 -0.000961068465 0.473933691
v 0.0339767192 -0.0060038815 0.468840962
v 0.0292042972 -0.00717429533 0.468603675
v 0.0246019412 -0.00734722996 0.469324429
v 0.0247557662 -0.0101820205 0.471058452
v 0.0246019412 -0.0130168111 0.469324429
v 0.0292042972 -0.0131907012 0.468603675
v 0.0339767192 -0.01436016 0.468840962
v 0.0404221172 -0.0194029721 0.473933691
v 0.0478621292 -0.0196943811 0.480659965
v 0.0426148532 -0.0141212999 0.478507476
v 0.0437919552 -0.00248308467 0.469357912
v 0.0335161972 -0.00491850138 0.464967273
v 0.0383277932 -0.000611377865 0.467753889
v 0.0335123742 -0.0101820205 0.46496334
v 0.0335161972 -0.0154455397 0.464967273
v 0.0437919552 -0.0178819116 0.469357912
v 0.0383277932 -0.0197526636 0.467753889
v 0.0510733632 -0.000609466525 0.475651927
v 0.0501628282 0.000517952405 0.477046218
v 0.0460095302 0.00757292191 0.477256948
v 0.0313893882 -0.00563317062 0.465202623
v 0.0259586682 -0.00575546699 0.463479428
v 0.0226117592 -0.0058691641 0.462360867
v 0.0194616722 -0.00673957014 0.46726156
v 0.0204419552 -0.0101820205 0.470814239
v 0.0194616722 -0.0136244709 0.46726156
v 0.0226117592 -0.0144958322 0.462360867
v 0.0259586682 -0.0146085741 0.463479428
v 0.0313893882 -0.0147308704 0.465202623
v 0.0460095302 -0.0279369634 0.477256948
v 0.0501628282 -0.020881993 0.477046218
v 0.0510733632 -0.0197555298 0.475651927
v 0.0535794822 -0.00164134249 0.470400673
v 0.0504083762 -0.00249263959 0.466198109
v 0.0529049412 0.00644645771 0.475476676
v 0.0404010982 0.00772483601 0.468309252
v 0.0313855662 -0.0101820205 0.465198662
v 0.0431785632 0.00889333891 0.473100662
v 0.0394915192 0.00334509941 0.468198971
v 0.0535794822 -0.0187236547 0.470400673
v 0.0504083762 -0.0178714019 0.466198109
v 0.0529049412 -0.0268104992 0.475476676
v 0.0404010982 -0.0280898332 0.468309252
v 0.0431785632 -0.0292583361 0.473100662
v 0.0394915192 -0.0237100957 0.468198971
v 0.0557330442 -0.00244200066 0.478777278
v 0.0558734942 -0.00159739147 0.479973663
v 0.0537141992 6.60291054e-05 0.47614229
v 0.0548903452 0.00276514751 0.476321503
v 0.0519762542 0.00447920711 0.479108119
v 0.0482892102 0.00913888731 0.475793724
v 0.0545043482 0.00813758571 0.480686552
v 0.0259557992 -0.0101820205 0.463475496
v 0.0226088942 -0.0101820205 0.462357903
v 0.0191196282 -0.00682173794 0.464560603
v 0.0191196282 -0.0135432586 0.464560603
v 0.0481898442 -0.0299758715 0.477881214
v 0.0545043482 -0.0284748755 0.480686552
v 0.0519762542 -0.0248432477 0.479108119
v 0.0537141992 -0.0204300707 0.47614229
v 0.0548903452 -0.0231301438 0.476321503
v 0.0558734942 -0.0187666491 0.479973663
v 0.0557330442 -0.0179229956 0.478777278
v 0.0513762372 -0.00690581664 0.465090347
v 0.0666565898 -0.00348151976 0.461544564
v 0.0642966528 0.00149823381 0.463111172
v 0.0613290561 0.00285018171 0.46390482
v 0.0591200788 0.00411518411 0.468814375
v 0.0548110442 0.00402059511 0.473919899
v 0.0527472932 0.00971597301 0.479153428
v 0.0530625892 0.00880639431 0.473131181
v 0.0540008312 0.0114510529 0.477097426
v 0.0518281602 0.0130504597 0.470251012
v 0.0544451112 0.0121743205 0.469646436
v 0.0573525147 0.00500183211 0.473426572
v 0.0576076171 0.00804299751 0.472536436
v 0.0568958144 0.0101898713 0.468616469
v 0.0587168832 0.00742578431 0.470877273
v 0.0498781072 0.011602967 0.474814965
v 0.0513762372 -0.0134591799 0.465090347
v 0.0642966528 -0.0218622753 0.463111172
v 0.0666565898 -0.016883477 0.461544564
v 0.0613290561 -0.0232142223 0.46390482
v 0.0591200788 -0.0244801804 0.468814375
v 0.0548110442 -0.0243846366 0.473919899
v 0.0527472932 -0.0300523073 0.479153428
v 0.0540008312 -0.031788341 0.477097426
v 0.0529641792 -0.0296357349 0.475195048
v 0.0518281602 -0.0333867921 0.470251012
v 0.0544451112 -0.0325259419 0.469646436
v 0.0576076171 -0.0284079947 0.472536436
v 0.0573525147 -0.0253668293 0.473426572
v 0.0587168832 -0.0277898241 0.470877273
v 0.0568958144 -0.0305424484 0.468616469
v 0.0498781072 -0.031955544 0.474814965
v 0.0580089019 -0.00107476647 0.481907559
v 0.0576821416 -0.00608987087 0.477692171
v 0.0590560641 0.000978474005 0.480916973
v 0.0568423098 -0.00822336846 0.477580892
v 0.0512806932 -0.0101820205 0.464504495
v 0.0582019009 0.00204474521 0.480339953
v 0.0582019009 -0.0224097423 0.480339953
v 0.0590560641 -0.0213434712 0.480916973
v 0.0580089019 -0.0192902307 0.481907559
v 0.0576821416 -0.0142751254 0.477692171
v 0.0568423098 -0.0121406726 0.477580892
v 0.0677199944 -0.00839916943 0.461398835
v 0.0677199944 -0.0101820205 0.461525842
v 0.0683620501 -0.00426402509 0.473341911
v 0.0658052927 -0.001028905 0.474781482
v 0.0640463276 0.000216033705 0.476283119
v 0.0606631144 0.00324382241 0.474448675
v 0.0588449122 0.00788248411 0.472004726
v 0.0554378122 0.00937392511 0.472207562
v 0.0538384062 0.0125937581 0.470946206
v 0.0568403989 0.00951533041 0.469713373
v 0.0677199944 -0.0119658271 0.461398835
v 0.0683620501 -0.0161009716 0.473341911
v 0.0658052927 -0.0193351356 0.474781482
v 0.0640463276 -0.02058103 0.476283119
v 0.0606631144 -0.0236078639 0.474448675
v 0.0588449122 -0.0282474813 0.472004726
v 0.0554865402 -0.0291627923 0.471187425
v 0.0538384062 -0.032931048 0.470946206
v 0.0568403989 -0.0298679075 0.469713373
v 0.0606994212 0.000289602505 0.479711725
v 0.0589500106 -0.0101820205 0.476346123
v 0.0690881847 -0.0101820205 0.473127249
v 0.0606994212 -0.0206545988 0.479711725
v 0.0378424302 -0.0101753325 0.483386511
v 0.0434575502 -0.0101753325 0.490143334
v 0.0439715762 -0.00704053382 0.490305791
v 0.0370551472 -0.0101753325 0.483264434
v 0.0439715762 -0.0133091757 0.490305791
v 0.0408998372 -0.00853102015 0.476823692
v 0.0433304772 -0.00899154231 0.489562382
v 0.0408988832 -0.0101753325 0.476822694
v 0.0433304772 -0.0113591227 0.489562382
v 0.0408998372 -0.0118196447 0.476823692
v 0.0481038552 -0.00124196863 0.493133784
v 0.0431795162 -0.00647586869 0.490225061
v 0.0415848882 -0.00151522434 0.485367682
v 0.0358465152 -0.00625134035 0.479369058
v 0.0311514822 -0.0073500963 0.478429681
v 0.0265042222 -0.007512521 0.47846513
v 0.0264373432 -0.0101753325 0.480207018
v 0.0265042222 -0.0128371883 0.47846513
v 0.0311514822 -0.0130005687 0.478429681
v 0.0358465152 -0.0140993244 0.479369058
v 0.0415848882 -0.0188344857 0.485367682
v 0.0481038552 -0.0191077414 0.493133784
v 0.0431795162 -0.0138738407 0.490225061
v 0.0454983702 -0.00294456238 0.481329541
v 0.0358780452 -0.00523188587 0.475460917
v 0.0402902672 -0.00118750792 0.478932867
v 0.0358751782 -0.0101753325 0.475455987
v 0.0358780452 -0.0151187794 0.475460917
v 0.0454983702 -0.0174061024 0.481329541
v 0.0402902672 -0.0191631569 0.478932867
v 0.0519141502 -0.0011846418 0.488641697
v 0.0508364142 -0.000126969865 0.489890259
v 0.0466984032 0.00649900711 0.489486553
v 0.0337426352 -0.00590356021 0.475380159
v 0.0285842152 -0.00601821299 0.472870241
v 0.0254111992 -0.00612426653 0.471269153
v 0.0216754272 -0.00694212341 0.475661787
v 0.0221980562 -0.0101753325 0.479328708
v 0.0216754272 -0.0134085416 0.475661787
v 0.0254111992 -0.0142263983 0.471269153
v 0.0285842152 -0.0143324518 0.472870241
v 0.0337426352 -0.014447105 0.475380159
v 0.0466984032 -0.026849671 0.489486553
v 0.0508364142 -0.0202236949 0.489890259
v 0.0519141502 -0.0191650673 0.488641697
v 0.0550556372 -0.00215441347 0.483806005
v 0.0524472862 -0.00295411685 0.479173119
v 0.0537495512 0.00544133521 0.488739183
v 0.0422737602 0.00664136811 0.47978952
v 0.0337397702 -0.0101753325 0.475375229
v 0.0444196792 0.00773916751 0.484949187
v 0.0413871122 0.00252915321 0.479545307
v 0.0550556372 -0.0181962513 0.483806005
v 0.0524472862 -0.0173965484 0.479173119
v 0.0537495512 -0.0257910434 0.488739183
v 0.0422737602 -0.026992032 0.47978952
v 0.0444196792 -0.0280898332 0.484949187
v 0.0413871122 -0.0228788632 0.479545307
v 0.056132418 -0.00290538926 0.492427761
v 0.0561209527 -0.00211332945 0.493634975
v 0.0544661302 -0.000551184915 0.48951807
v 0.0556078812 0.00198359741 0.489868602
v 0.0523718062 0.00359351391 0.492201302
v 0.0489857262 0.00663850111 0.486052019
v 0.0541049742 0.00748788681 0.494097753
v 0.0285813492 -0.0101753325 0.472866309
v 0.0254092882 -0.0101753325 0.47126522
v 0.0216773382 -0.00701855853 0.472933246
v 0.0216773382 -0.0133311508 0.472933246
v 0.0487774402 -0.0287643741 0.490427897
v 0.0541049742 -0.0278175331 0.494097753
v 0.0523718062 -0.0239441787 0.492201302
v 0.0544661302 -0.0197994799 0.48951807
v 0.0556078812 -0.0223342622 0.489868602
v 0.0561209527 -0.0182373353 0.493634975
v 0.056132418 -0.0174443203 0.492427761
v 0.0535441302 -0.00709786021 0.478217014
v 0.0691197142 -0.00388184884 0.476955629
v 0.0665849317 0.000794074205 0.478161874
v 0.0635475879 0.00206385411 0.47851044
v 0.0607414605 0.00325146601 0.483051738
v 0.0558324102 0.00316261011 0.487476829
v 0.0525619392 0.00900894831 0.492321413
v 0.0540495592 0.00634900261 0.484127983
v 0.0540667562 0.0106828795 0.490464344
v 0.0527941102 0.0122249585 0.48335699
v 0.0556833612 0.00985642271 0.481894735
v 0.0584101871 0.00408460981 0.487362616
v 0.0587761205 0.00694041981 0.48651776
v 0.058241074 0.00807834841 0.481234021
v 0.0600822069 0.00636046881 0.485036842
v 0.0505039212 0.00934430651 0.486331681
v 0.0535441302 -0.0132528048 0.478217014
v 0.0665849317 -0.0211437842 0.478161874
v 0.0691197142 -0.0164678603 0.476955629
v 0.0635475879 -0.0224145189 0.47851044
v 0.0607414605 -0.0236021308 0.483051738
v 0.0558324102 -0.0235132749 0.487476829
v 0.0525619392 -0.0293385928 0.492321413
v 0.0540667562 -0.031012524 0.490464344
v 0.0538431832 -0.0284443012 0.488468412
v 0.0527941102 -0.0325546048 0.48335699
v 0.0556833612 -0.0301851133 0.481894735
v 0.0587761205 -0.0272910855 0.48651776
v 0.0584101871 -0.0244352746 0.487362616
v 0.0600822069 -0.0267111327 0.485036842
v 0.058241074 -0.0284079947 0.481234021
v 0.0505039212 -0.0296739528 0.486331681
v 0.0579917043 -0.00162223355 0.495867226
v 0.0581990348 -0.00633159704 0.491640041
v 0.0591535193 0.000305844405 0.495040094
v 0.0573811781 -0.00833611035 0.491405688
v 0.0535240672 -0.0101753325 0.47762227
v 0.0583796127 0.00130714611 0.494340968
v 0.0583796127 -0.0216578109 0.494340968
v 0.0591535193 -0.0206565092 0.495040094
v 0.0579917043 -0.0187284312 0.495867226
v 0.0581990348 -0.0140190678 0.491640041
v 0.0573811781 -0.0120145544 0.491405688
v 0.0701898068 -0.00850044606 0.476968453
v 0.07017452 -0.0101753325 0.47709546
v 0.0693213121 -0.00461753792 0.488902637
v 0.0666078622 -0.00157923819 0.489952295
v 0.0646778734 -0.000409779595 0.491182163
v 0.0615593171 0.00243360931 0.488864253
v 0.0600678755 0.00679041701 0.486173127
v 0.0565184152 0.00684296461 0.483565724
v 0.0546954362 0.0117854572 0.484338684
v 0.0580461641 0.00747451101 0.4823083
v 0.0701898068 -0.0118502188 0.476968453
v 0.0693213121 -0.0157331273 0.488902637
v 0.0666078622 -0.0187714266 0.489952295
v 0.0646778734 -0.0199408852 0.491182163
v 0.0615593171 -0.0227833193 0.488864253
v 0.0600678755 -0.0271401252 0.486173127
v 0.0565184152 -0.0271726109 0.483565724
v 0.0546954362 -0.0321141461 0.484338684
v 0.0580461641 -0.0278041555 0.4823083
v 0.0609325486 -0.000340988285 0.494086924
v 0.0596235958 -0.0101753325 0.490491899
v 0.0700665552 -0.0101753325 0.488797287
v 0.0609325486 -0.0200096765 0.494086924
v 0.0372213922 -0.0101724661 0.495956817
v 0.0421075132 -0.0101724661 0.503347766
v 0.0426014772 -0.00712174617 0.503571291
v 0.0364513082 -0.0101724661 0.495741187
v 0.0426014772 -0.0132222307 0.503571291
v 0.0409304112 -0.00857210405 0.489796735
v 0.0420406322 -0.0090202055 0.502754988
v 0.0409294552 -0.0101724661 0.489795737
v 0.0420406322 -0.0113247268 0.502754988
v 0.0409304112 -0.0117728282 0.489796735
v 0.0464165482 -0.0014789169 0.506877791
v 0.0418227932 -0.0065723682 0.50339601
v 0.0407364562 -0.00174548469 0.498375177
v 0.0356496952 -0.00635357233 0.491722736
v 0.0310826912 -0.00742366507 0.490226029
v 0.0264621832 -0.00758131277 0.489705147
v 0.0262185462 -0.0101724661 0.491428313
v 0.0264621832 -0.0127626641 0.489705147
v 0.0310826912 -0.012921267 0.490226029
v 0.0356496952 -0.0139904043 0.491722736
v 0.0407364562 -0.018599447 0.498375177
v 0.0464165482 -0.0188650591 0.506877791
v 0.0418227932 -0.0137716087 0.50339601
v 0.0450368922 -0.0031356505 0.494828396
v 0.0360815522 -0.00536182581 0.487840184
v 0.0401087322 -0.00142541274 0.49182122
v 0.0360786872 -0.0101724661 0.487835254
v 0.0360815522 -0.0149831067 0.487840184
v 0.0450368922 -0.0172083264 0.494828396
v 0.0401087322 -0.0189185641 0.49182122
v 0.0506606122 -0.0014235014 0.502868232
v 0.0494624912 -0.000393537665 0.503980895
v 0.0453932712 0.00605377181 0.503082894
v 0.0339690742 -0.00601534643 0.487503416
v 0.0291011092 -0.00612713309 0.484390889
v 0.0261134472 -0.00623032051 0.482417612
v 0.0219525072 -0.00702620211 0.486338577
v 0.0220967762 -0.0101724661 0.490046846
v 0.0219525072 -0.0133187302 0.486338577
v 0.0261134472 -0.0141146116 0.482417612
v 0.0291011092 -0.014217799 0.484390889
v 0.0339690742 -0.0143295857 0.487503416
v 0.0453932712 -0.0263987035 0.503082894
v 0.0494624912 -0.0199504392 0.503980895
v 0.0506606122 -0.0189214303 0.502868232
v 0.0542769532 -0.00236652143 0.498436216
v 0.0521596982 -0.00314520453 0.493515832
v 0.0524740372 0.00502380721 0.503184312
v 0.0419909502 0.00619326581 0.492910259
v 0.0339662092 -0.0101724661 0.487499484
v 0.0435941772 0.00726049261 0.498297382
v 0.0411358322 0.00218997231 0.492561694
v 0.0542769532 -0.0179774554 0.498436216
v 0.0521596982 -0.0171997276 0.493515832
v 0.0524740372 -0.0253687406 0.503184312
v 0.0419909502 -0.0265372435 0.492910259
v 0.0435941772 -0.0276054243 0.498297382
v 0.0411358322 -0.0225349048 0.492561694
v 0.0544642202 -0.00309838828 0.507138731
v 0.0543285472 -0.00232734787 0.508337111
v 0.0531065392 -0.000806287335 0.504044897
v 0.0542052952 0.00165970281 0.504530359
v 0.0507513802 0.00322662481 0.506462259
v 0.0475946062 0.00710762281 0.499382489
v 0.0518453582 0.00798089501 0.50797669
v 0.0290991982 -0.0101724661 0.484385959
v 0.0261115362 -0.0101724661 0.48241368
v 0.0222343602 -0.00710072655 0.483625794
v 0.0222343602 -0.0132442058 0.483625794
v 0.0475946062 -0.0274420439 0.499382489
v 0.0518453582 -0.0283162717 0.50797669
v 0.0507513802 -0.0235706017 0.506462259
v 0.0531065392 -0.0195376895 0.504044897
v 0.0542052952 -0.0220046354 0.504530359
v 0.0543285472 -0.0180175838 0.508337111
v 0.0544642202 -0.0172465443 0.507138731
v 0.0533482652 -0.00717811712 0.492697563
v 0.0689477351 -0.00404809578 0.493309035
v 0.0663068987 0.000501709605 0.494204101
v 0.0632533123 0.00173804901 0.494187374
v 0.0600019498 0.00289413181 0.498366315
v 0.0546725052 0.00280718631 0.502178966
v 0.0504962772 0.00954494911 0.506030998
v 0.0528256392 0.00680952501 0.498068928
v 0.0521845402 0.0112656974 0.504363941
v 0.0516590482 0.0128507727 0.497154171
v 0.0546820602 0.010415356 0.496042477
v 0.0572445498 0.00370434491 0.502373908
v 0.0576945621 0.00648372001 0.501578293
v 0.0572913665 0.00858855501 0.495687015
v 0.0591439648 0.00591905441 0.500261797
v 0.0490745822 0.00988986401 0.499839369
v 0.0533482652 -0.0131668152 0.492697563
v 0.0663068987 -0.0208466421 0.494204101
v 0.0689477351 -0.0162958811 0.493309035
v 0.0632533123 -0.0220820259 0.494187374
v 0.0600019498 -0.0232381087 0.498366315
v 0.0546725052 -0.0231521189 0.502178966
v 0.0504962772 -0.0298803276 0.506030998
v 0.0521845402 -0.0316010742 0.504363941
v 0.0528256392 -0.0271449036 0.498068928
v 0.0516590482 -0.0331861495 0.497154171
v 0.0546820602 -0.0307507328 0.496042477
v 0.0579238677 -0.026073854 0.496746533
v 0.0572445498 -0.0240492775 0.502373908
v 0.0593723152 -0.0255340306 0.49545366
v 0.0572913665 -0.0289229761 0.495687015
v 0.0490745822 -0.0302242869 0.499839369
v 0.0559585282 -0.001848673 0.510780063
v 0.0565967614 -0.00643191834 0.50660209
v 0.0571977336 2.78113054e-05 0.510097663
v 0.0558094792 -0.00838292693 0.506271249
v 0.0533883942 -0.0101724661 0.492102819
v 0.0565002619 0.00100140471 0.509309914
v 0.0565002619 -0.0213463373 0.509309914
v 0.0571977336 -0.0203717882 0.510097663
v 0.0559585282 -0.0184953039 0.510780063
v 0.0565967614 -0.0139130138 0.50660209
v 0.0558094792 -0.0119620053 0.506271249
v 0.070010184 -0.00854248541 0.493449864
v 0.069981521 -0.0101724661 0.493573907
v 0.067925414 -0.00476372025 0.505212729
v 0.0651231084 -0.00180758899 0.505931546
v 0.0630794222 -0.000668703815 0.5069231
v 0.0602197905 0.00209729451 0.504244798
v 0.0590130696 0.00633753811 0.501390248
v 0.0553374922 0.00731781861 0.497801121
v 0.0534457202 0.0123988495 0.49835352
v 0.0569865813 0.00796656351 0.496731772
v 0.070010184 -0.0118014914 0.493449864
v 0.067925414 -0.0155812123 0.505212729
v 0.0651231084 -0.0185373436 0.505931546
v 0.0630794222 -0.0196752731 0.5069231
v 0.0602197905 -0.0224422271 0.504244798
v 0.0592423752 -0.0259334044 0.496563388
v 0.0553374922 -0.0276522414 0.497801121
v 0.0534457202 -0.0327332724 0.49835352
v 0.0569865813 -0.0283019403 0.496731772
v 0.0590617968 -0.000601822955 0.509363088
v 0.058130243 -0.0101724661 0.505632193
v 0.0627364193 -0.0101724661 0.515977145
v 0.0590617968 -0.019742153 0.509363088
f 7 6 5
f 7 5 4
f 7 4 3
f 7 3 2
f 7 2 1
f 11 10 9
f 11 9 8
f 11 8 1
f 11 1 2
f 12 2 1
f 12 1 11
f 11 1 8
f 11 8 3
f 7 13 2
f 7 2 12
f 3 8 15
f 3 15 14
f 4 16 3
f 4 9 17
f 4 17 16
f 5 10 9
f 5 9 4
f 6 18 10
f 6 10 5
f 7 13 18
f 7 18 6
f 15 8 22
f 15 22 21
f 15 21 20
f 15 20 19
f 15 19 16
f 8 15 23
f 8 23 24
f 8 24 25
f 8 25 17
f 8 17 9
f 14 15 23
f 14 23 22
f 16 17 26
f 16 26 19
f 20 25 26
f 20 26 19
f 21 24 25
f 21 25 20
f 22 23 24
f 22 24 21
f 33 32 31
f 33 31 30
f 33 30 29
f 33 29 28
f 33 28 27
f 37 36 35
f 37 35 34
f 37 34 27
f 37 27 28
f 38 28 27
f 38 27 37
f 37 27 34
f 37 34 29
f 33 39 28
f 33 28 38
f 29 34 41
f 29 41 40
f 30 42 29
f 30 35 43
f 30 43 42
f 31 36 35
f 31 35 30
f 42 44 45
f 42 45 46
f 42 46 47
f 42 47 30
f 32 48 36
f 32 36 31
f 33 39 48
f 33 48 32
f 43 51 50
f 43 50 49
f 43 49 41
f 43 41 34
f 34 43 35
f 40 41 49
f 40 49 47
f 42 43 52
f 42 52 44
f 44 52 51
f 44 51 45
f 46 50 51
f 46 51 45
f 47 49 50
f 47 50 46
f 59 58 57
f 59 57 56
f 59 56 55
f 59 55 54
f 59 54 53
f 63 62 61
f 63 61 60
f 63 60 53
f 63 53 54
f 64 54 53
f 64 53 63
f 63 53 60
f 63 60 55
f 59 65 54
f 59 54 64
f 55 60 67
f 55 67 66
f 56 68 55
f 56 61 69
f 56 69 68
f 57 62 61
f 57 61 56
f 68 70 71
f 68 71 72
f 68 72 73
f 68 73 56
f 58 74 62
f 58 62 57
f 59 65 74
f 59 74 58
f 69 77 76
f 69 76 75
f 69 75 67
f 69 67 60
f 60 69 61
f 66 67 75
f 66 75 73
f 68 69 78
f 68 78 70
f 70 78 77
f 70 77 71
f 72 76 77
f 72 77 71
f 73 75 76
f 73 76 72
f 85 84 83
f 85 83 82
f 85 82 81
f 85 81 80
f 85 80 79
f 89 88 87
f 89 87 86
f 89 86 79
f 89 79 80
f 90 80 79
f 90 79 89
f 89 79 86
f 89 86 81
f 85 91 80
f 85 80 90
f 81 86 93
f 81 93 92
f 82 94 81
f 82 87 95
f 82 95 94
f 83 88 87
f 83 87 82
f 94 96 97
f 94 97 98
f 94 98 99
f 94 99 82
f 84 100 88
f 84 88 83
f 85 91 100
f 85 100 84
f 95 103 102
f 95 102 101
f 95 101 93
f 95 93 86
f 86 95 87
f 92 93 101
f 92 101 99
f 94 95 104
f 94 104 96
f 96 104 103
f 96 103 97
f 98 102 103
f 98 103 97
f 99 101 102
f 99 102 98
f 111 110 109
f 111 109 108
f 111 108 107
f 111 107 106
f 111 106 105
f 115 114 113
f 115 113 112
f 115 112 105
f 115 105 106
f 116 106 105
f 116 105 115
f 115 105 112
f 115 112 107
f 111 117 106
f 111 106 116
f 107 112 119
f 107 119 118
f 108 120 107
f 108 113 121
f 108 121 120
f 109 114 113
f 109 113 108
f 120 122 123
f 120 123 124
f 120 124 125
f 120 125 108
f 110 126 114
f 110 114 109
f 111 117 126
f 111 126 110
f 121 129 128
f 121 128 127
f 121 127 119
f 121 119 112
f 112 121 113
f 118 119 127
f 118 127 125
f 120 121 130
f 120 130 122
f 122 130 129
f 122 129 123
f 124 128 129
f 124 129 123
f 125 127 128
f 125 128 124
f 131 132 133
f 131 133 134
f 131 134 135
f 131 135 136
f 131 136 137
f 132 131 138
f 132 138 139
f 132 139 140
f 132 140 141
f 142 132 131
f 142 131 141
f 133 138 131
f 133 131 141
f 137 143 132
f 137 132 142
f 144 145 138
f 144 138 133
f 133 146 134
f 146 147 139
f 146 139 134
f 135 140 139
f 135 139 134
f 134 151 150
f 134 150 149
f 134 149 148
f 134 148 146
f 135 140 152
f 135 152 136
f 136 152 143
f 136 143 137
f 138 145 153
f 138 153 154
f 138 154 155
f 138 155 147
f 138 147 139
f 151 153 145
f 151 145 144
f 148 156 147
f 148 147 146
f 149 155 156
f 149 156 148
f 149 155 154
f 149 154 150
f 150 154 153
f 150 153 151
f 157 158 159
f 157 159 160
f 157 160 161
f 157 161 162
f 157 162 163
f 158 157 164
f 158 164 165
f 158 165 166
f 158 166 167
f 168 158 157
f 168 157 167
f 159 164 157
f 159 157 167
f 163 169 158
f 163 158 168
f 170 171 164
f 170 164 159
f 159 172 160
f 172 173 165
f 172 165 160
f 161 166 165
f 161 165 160
f 160 177 176
f 160 176 175
f 160 175 174
f 160 174 172
f 161 166 178
f 161 178 162
f 162 178 169
f 162 169 163
f 164 171 179
f 164 179 180
f 164 180 181
f 164 181 173
f 164 173 165
f 177 179 171
f 177 171 170
f 174 182 173
f 174 173 172
f 175 181 182
f 175 182 174
f 175 181 180
f 175 180 176
f 176 180 179
f 176 179 177
f 183 184 185
f 183 185 186
f 183 186 187
f 183 187 188
f 183 188 189
f 184 183 190
f 184 190 191
f 184 191 192
f 184 192 193
f 194 184 183
f 194 183 193
f 185 190 183
f 185 183 193
f 189 195 184
f 189 184 194
f 196 197 190
f 196 190 185
f 185 198 186
f 198 199 191
f 198 191 186
f 187 192 191
f 187 191 186
f 186 203 202
f 186 202 201
f 186 201 200
f 186 200 198
f 187 192 204
f 187 204 188
f 188 204 195
f 188 195 189
f 190 197 205
f 190 205 206
f 190 206 207
f 190 207 199
f 190 199 191
f 203 205 197
f 203 197 196
f 200 208 199
f 200 199 198
f 201 207 208
f 201 208 200
f 201 207 206
f 201 206 202
f 202 206 205
f 202 205 203
f 209 210 211
f 209 211 212
f 209 212 213
f 209 213 214
f 209 214 215
f 210 209 216
f 210 216 217
f 210 217 218
f 210 218 219
f 220 210 209
f 220 209 219
f 211 216 209
f 211 209 219
f 215 221 210
f 215 210 220
f 222 223 216
f 222 216 211
f 211 224 212
f 224 225 217
f 224 217 212
f 213 218 217
f 213 217 212
f 212 229 228
f 212 228 227
f 212 227 226
f 212 226 224
f 213 218 230
f 213 230 214
f 214 230 221
f 214 221 215
f 216 223 231
f 216 231 232
f 216 232 233
f 216 233 225
f 216 225 217
f 229 231 223
f 229 223 222
f 226 234 225
f 226 225 224
f 227 233 234
f 227 234 226
f 227 233 232
f 227 232 228
f 228 232 231
f 228 231 229
f 235 236 237
f 235 237 238
f 235 238 239
f 235 239 240
f 235 240 241
f 236 235 242
f 236 242 243
f 236 243 244
f 236 244 245
f 246 236 235
f 246 235 245
f 237 242 235
f 237 235 245
f 241 247 236
f 241 236 246
f 248 249 242
f 248 242 237
f 237 250 238
f 250 251 243
f 250 243 238
f 239 244 243
f 239 243 238
f 238 255 254
f 238 254 253
f 238 253 252
f 238 252 250
f 239 244 256
f 239 256 240
f 240 256 247
f 240 247 241
f 242 249 257
f 242 257 258
f 242 258 259
f 242 259 251
f 242 251 243
f 255 257 249
f 255 249 248
f 252 260 251
f 252 251 250
f 253 259 260
f 253 260 252
f 253 259 258
f 253 258 254
f 254 258 257
f 254 257 255
f 261 262 263
f 261 263 264
f 261 264 265
f 261 265 266
f 266 262 261
f 266 261 267
f 267 261 268
f 267 268 269
f 270 263 262
f 270 262 266
f 271 272 263
f 271 263 270
f 263 272 273
f 263 273 274
f 263 274 275
f 263 275 276
f 263 276 264
f 277 264 276
f 277 276 278
f 279 265 264
f 279 264 277
f 280 281 265
f 280 265 279
f 270 266 267
f 270 267 277
f 267 269 280
f 267 280 279
f 267 279 277
f 269 268 281
f 269 281 280
f 277 278 270
f 282 273 272
f 282 272 271
f 283 274 273
f 283 273 282
f 284 275 274
f 284 274 283
f 285 286 275
f 285 275 284
f 278 276 286
f 278 286 285
f 278 285 284
f 278 284 283
f 278 283 282
f 278 282 277
f 287 288 289
f 287 289 290
f 287 290 291
f 287 291 292
f 287 292 293
f 288 287 294
f 288 294 295
f 288 295 296
f 288 296 297
f 298 288 287
f 298 287 297
f 289 294 287
f 289 287 297
f 293 299 288
f 293 288 298
f 300 301 294
f 300 294 289
f 289 302 290
f 302 303 295
f 302 295 290
f 291 296 295
f 291 295 290
f 290 307 306
f 290 306 305
f 290 305 304
f 290 304 302
f 291 296 308
f 291 308 292
f 292 308 299
f 292 299 293
f 294 301 309
f 294 309 310
f 294 310 311
f 294 311 303
f 294 303 295
f 307 309 301
f 307 301 300
f 304 312 303
f 304 303 302
f 305 311 312
f 305 312 304
f 305 311 310
f 305 310 306
f 306 310 309
f 306 309 307
f 319 318 317
f 319 317 316
f 319 316 315
f 319 315 314
f 319 314 313
f 323 322 321
f 323 321 320
f 323 320 313
f 323 313 314
f 324 314 313
f 324 313 323
f 323 313 320
f 323 320 315
f 319 325 314
f 319 314 324
f 315 320 327
f 315 327 326
f 316 328 315
f 316 321 329
f 316 329 328
f 317 322 321
f 317 321 316
f 328 330 331
f 328 331 332
f 328 332 333
f 328 333 316
f 318 334 322
f 318 322 317
f 319 325 334
f 319 334 318
f 329 337 336
f 329 336 335
f 329 335 327
f 329 327 320
f 320 329 321
f 326 327 335
f 326 335 333
f 328 329 338
f 328 338 330
f 330 338 337
f 330 337 331
f 332 336 337
f 332 337 331
f 333 335 336
f 333 336 332
f 345 344 343
f 345 343 342
f 345 342 341
f 345 341 340
f 345 340 339
f 349 348 347
f 349 347 346
f 349 346 339
f 349 339 340
f 350 340 339
f 350 339 349
f 349 339 346
f 349 346 341
f 345 351 340
f 345 340 350
f 341 346 353
f 341 353 352
f 342 354 341
f 342 347 355
f 342 355 354
f 343 348 347
f 343 347 342
f 354 356 357
f 354 357 358
f 354 358 359
f 354 359 342
f 344 360 348
f 344 348 343
f 345 351 360
f 345 360 344
f 355 363 362
f 355 362 361
f 355 361 353
f 355 353 346
f 346 355 347
f 352 353 361
f 352 361 359
f 354 355 364
f 354 364 356
f 356 364 363
f 356 363 357
f 358 362 363
f 358 363 357
f 359 361 362
f 359 362 358
f 365 366 367
f 365 367 368
f 365 368 369
f 365 369 370
f 365 370 371
f 366 365 372
f 366 372 373
f 366 373 374
f 366 374 375
f 376 366 365
f 376 365 375
f 367 372 365
f 367 365 375
f 371 377 366
f 371 366 376
f 378 379 372
f 378 372 367
f 367 380 368
f 380 381 373
f 380 373 368
f 369 374 373
f 369 373 368
f 368 385 384
f 368 384 383
f 368 383 382
f 368 382 380
f 369 374 386
f 369 386 370
f 370 386 377
f 370 377 371
f 372 379 387
f 372 387 388
f 372 388 389
f 372 389 381
f 372 381 373
f 385 387 379
f 385 379 378
f 382 390 381
f 382 381 380
f 383 389 390
f 383 390 382
f 383 389 388
f 383 388 384
f 384 388 387
f 384 387 385
f 391 392 393
f 391 393 394
f 391 394 395
f 391 395 396
f 391 396 397
f 392 391 398
f 392 398 399
f 392 399 400
f 392 400 401
f 402 392 391
f 402 391 401
f 393 398 391
f 393 391 401
f 397 403 392
f 397 392 402
f 404 405 398
f 404 398 393
f 393 406 394
f 406 407 399
f 406 399 394
f 395 400 399
f 395 399 394
f 394 411 410
f 394 410 409
f 394 409 408
f 394 408 406
f 395 400 412
f 395 412 396
f 396 412 403
f 396 403 397
f 398 405 413
f 398 413 414
f 398 414 415
f 398 415 407
f 398 407 399
f 411 413 405
f 411 405 404
f 408 416 407
f 408 407 406
f 409 415 416
f 409 416 408
f 409 415 414
f 409 414 410
f 410 414 413
f 410 413 411
f 423 422 421
f 423 421 420
f 423 420 419
f 423 419 418
f 423 418 417
f 427 426 425
f 427 425 424
f 427 424 417
f 427 417 418
f 428 418 417
f 428 417 427
f 427 417 424
f 427 424 419
f 423 429 418
f 423 418 428
f 419 424 431
f 419 431 430
f 420 432 419
f 420 425 433
f 420 433 432
f 421 426 425
f 421 425 420
f 432 434 435
f 432 435 436
f 432 436 437
f 432 437 420
f 422 438 426
f 422 426 421
f 423 429 438
f 423 438 422
f 433 441 440
f 433 440 439
f 433 439 431
f 433 431 424
f 424 433 425
f 430 431 439
f 430 439 437
f 432 433 442
f 432 442 434
f 434 442 441
f 434 441 435
f 436 440 441
f 436 441 435
f 437 439 440
f 437 440 436
f 443 444 445
f 443 445 446
f 443 446 447
f 443 447 448
f 443 448 449
f 444 443 450
f 444 450 451
f 444 451 452
f 444 452 453
f 454 444 443
f 454 443 453
f 445 450 443
f 445 443 453
f 449 455 444
f 449 444 454
f 456 457 450
f 456 450 445
f 445 458 446
f 458 459 451
f 458 451 446
f 447 452 451
f 447 451 446
f 446 463 462
f 446 462 461
f 446 461 460
f 446 460 458
f 447 452 464
f 447 464 448
f 448 464 455
f 448 455 449
f 450 457 465
f 450 465 466
f 450 466 467
f 450 467 459
f 450 459 451
f 463 465 457
f 463 457 456
f 460 468 459
f 460 459 458
f 469 470 471
f 469 471 472
f 469 472 473
f 469 473 458
f 469 458 460
f 461 467 468
f 461 468 460
f 461 467 466
f 461 466 462
f 462 466 465
f 462 465 463
f 474 469 475
f 474 475 476
f 477 470 469
f 477 469 474
f 478 469 479
f 478 480 481
f 478 481 482
f 478 482 483
f 478 483 469
f 478 469 470
f 484 471 470
f 484 470 477
f 485 472 471
f 485 471 484
f 486 473 472
f 486 472 485
f 487 488 473
f 487 473 486
f 489 490 491
f 489 491 492
f 489 492 474
f 489 474 476
f 489 476 475
f 492 493 474
f 494 483 475
f 494 475 476
f 491 480 478
f 491 478 492
f 492 478 479
f 492 479 493
f 493 479 488
f 493 488 487
f 490 481 480
f 490 480 491
f 489 482 481
f 489 481 490
f 489 482 483
f 489 483 494
f 493 487 486
f 493 486 485
f 493 485 484
f 493 484 492
f 495 496 497
f 495 497 498
f 495 498 499
f 495 499 500
f 495 500 501
f 496 495 502
f 496 502 503
f 496 503 504
f 496 504 505
f 506 496 495
f 506 495 505
f 497 502 495
f 497 495 505
f 501 507 496
f 501 496 506
f 508 509 502
f 508 502 497
f 497 510 498
f 510 511 503
f 510 503 498
f 499 504 503
f 499 503 498
f 498 515 514
f 498 514 513
f 498 513 512
f 498 512 510
f 499 504 516
f 499 516 500
f 500 516 507
f 500 507 501
f 502 509 517
f 502 517 518
f 502 518 519
f 502 519 511
f 502 511 503
f 515 517 509
f 515 509 508
f 512 520 511
f 512 511 510
f 513 519 520
f 513 520 512
f 513 519 518
f 513 518 514
f 514 518 517
f 514 517 515
f 521 522 523
f 521 523 524
f 521 524 525
f 521 525 526
f 521 526 527
f 522 521 528
f 522 528 529
f 522 529 530
f 522 530 531
f 532 522 521
f 532 521 531
f 523 528 521
f 523 521 531
f 527 533 522
f 527 522 532
f 534 535 528
f 534 528 523
f 523 536 524
f 536 537 529
f 536 529 524
f 525 530 529
f 525 529 524
f 524 541 540
f 524 540 539
f 524 539 538
f 524 538 536
f 525 530 542
f 525 542 526
f 526 542 533
f 526 533 527
f 528 535 543
f 528 543 544
f 528 544 545
f 528 545 537
f 528 537 529
f 541 543 535
f 541 535 534
f 538 546 537
f 538 537 536
f 539 545 546
f 539 546 538
f 539 545 544
f 539 544 540
f 540 544 543
f 540 543 541
f 547 548 549
f 547 549 550
f 547 550 551
f 547 551 552
f 547 552 553
f 548 547 554
f 548 554 555
f 548 555 556
f 548 556 557
f 558 548 547
f 558 547 557
f 549 554 547
f 549 547 557
f 553 559 548
f 553 548 558
f 560 561 554
f 560 554 549
f 549 562 550
f 562 563 555
f 562 555 550
f 551 556 555
f 551 555 550
f 550 567 566
f 550 566 565
f 550 565 564
f 550 564 562
f 551 556 568
f 551 568 552
f 552 568 559
f 552 559 553
f 554 561 569
f 554 569 570
f 554 570 571
f 554 571 563
f 554 563 555
f 567 569 561
f 567 561 560
f 564 572 563
f 564 563 562
f 565 571 572
f 565 572 564
f 565 571 570
f 565 570 566
f 566 570 569
f 566 569 567
f 573 574 575
f 573 575 576
f 573 576 577
f 573 577 578
f 573 578 579
f 573 580 581
f 573 581 574
f 582 578 580
f 582 580 573
f 574 581 583
f 574 583 575
f 575 583 584
f 575 584 576
f 576 584 586
f 576 586 585
f 590 589 588
f 590 588 587
f 590 587 576
f 590 576 585
f 576 585 577
f 577 592 579
f 577 579 591
f 594 593 592
f 594 592 577
f 578 592 584
f 578 584 583
f 578 583 591
f 578 591 579
f 591 579 578
f 591 578 582
f 592 586 584
f 585 586 595
f 585 595 590
f 586 592 596
f 586 596 597
f 586 597 598
f 586 598 593
f 587 598 593
f 587 593 594
f 588 597 598
f 588 598 587
f 589 596 597
f 589 597 588
f 590 595 596
f 590 596 589
f 599 600 601
f 602 600 599
f 602 599 603
f 601 604 599
f 599 604 605
f 603 599 605
f 600 606 601
f 606 600 602
f 606 607 601
f 608 609 601
f 601 610 608
f 611 610 601
f 601 607 611
f 601 612 604
f 601 613 612
f 601 609 614
f 614 615 601
f 601 615 616
f 616 613 601
f 617 618 602
f 617 602 603
f 619 602 618
f 606 602 619
f 603 605 617
f 605 604 612
f 605 620 617
f 620 605 621
f 621 605 612
f 607 606 619
f 607 619 622
f 611 607 622
f 609 608 623
f 610 623 608
f 609 623 624
f 625 614 609
f 624 625 609
f 626 627 610
f 626 610 611
f 610 627 628
f 610 628 623
f 611 622 626
f 621 612 613
f 629 621 613
f 629 613 616
f 614 625 615
f 615 630 631
f 616 615 631
f 632 630 615
f 625 632 615
f 631 629 616
f 633 618 617
f 617 620 633
f 633 634 618
f 635 618 634
f 619 618 635
f 622 619 635
f 620 636 633
f 636 620 637
f 637 620 621
f 637 621 629
f 622 635 638
f 626 622 638
f 639 624 623
f 639 623 628
f 624 639 640
f 640 641 624
f 625 624 641
f 632 625 641
f 626 638 642
f 642 627 626
f 642 643 627
f 628 627 644
f 627 643 644
f 639 628 644
f 645 637 629
f 645 629 631
f 630 646 647
f 631 630 647
f 648 630 632
f 648 646 630
f 647 645 631
f 648 632 641
f 649 634 633
f 633 636 649
f 649 650 634
f 651 634 650
f 635 634 651
f 638 635 651
f 636 652 649
f 652 636 653
f 653 636 637
f 653 637 645
f 638 651 654
f 642 638 654
f 640 639 655
f 639 656 655
f 639 644 656
f 640 655 657
f 658 641 640
f 657 658 640
f 658 659 641
f 659 648 641
f 642 654 660
f 660 643 642
f 660 661 643
f 662 643 663
f 664 663 643
f 664 643 661
f 643 662 644
f 656 644 665
f 665 644 662
f 666 653 645
f 666 645 647
f 646 667 668
f 647 646 668
f 669 646 670
f 646 669 671
f 667 646 671
f 648 670 646
f 668 666 647
f 672 648 659
f 670 648 672
f 673 650 649
f 649 652 673
f 673 674 650
f 675 650 674
f 651 650 675
f 654 651 675
f 652 676 673
f 676 652 677
f 677 652 653
f 677 653 666
f 654 675 678
f 660 654 678
f 657 655 679
f 655 656 680
f 655 680 679
f 665 680 656
f 657 679 681
f 682 658 657
f 681 682 657
f 683 659 658
f 682 683 658
f 659 683 672
f 660 678 684
f 684 661 660
f 684 685 661
f 686 664 661
f 686 661 685
f 687 688 662
f 687 662 689
f 662 663 664
f 662 664 689
f 662 688 690
f 662 690 665
f 664 691 692
f 664 692 689
f 686 691 664
f 693 665 694
f 665 693 695
f 665 695 696
f 690 694 665
f 665 696 680
f 697 677 666
f 697 666 668
f 667 698 699
f 668 667 699
f 667 671 700
f 698 667 700
f 699 697 668
f 671 669 670
f 670 701 702
f 703 670 702
f 703 671 670
f 704 701 670
f 672 704 670
f 705 706 671
f 703 705 671
f 671 706 700
f 707 672 693
f 695 693 672
f 708 695 672
f 672 707 704
f 683 708 672
f 674 673 709
f 709 673 676
f 675 674 710
f 710 674 709
f 711 678 675
f 711 675 710
f 712 676 677
f 709 676 712
f 677 697 713
f 712 677 713
f 714 684 678
f 714 678 711
f 715 716 679
f 679 717 715
f 679 696 717
f 696 679 680
f 681 679 709
f 679 718 709
f 716 718 679
f 709 682 681
f 682 719 720
f 720 721 682
f 721 708 682
f 683 682 708
f 709 722 682
f 682 722 719
f 714 685 684
f 718 686 685
f 714 718 685
f 718 716 686
f 686 723 691
f 723 686 724
f 724 686 716
f 725 726 687
f 726 688 687
f 687 689 723
f 727 687 723
f 725 687 727
f 728 729 688
f 726 730 688
f 688 729 690
f 688 731 728
f 688 730 731
f 689 692 723
f 694 690 732
f 733 732 690
f 733 690 729
f 723 734 691
f 734 692 691
f 734 735 692
f 735 736 692
f 692 736 723
f 693 694 737
f 737 707 693
f 737 694 738
f 694 732 738
f 739 740 695
f 695 740 741
f 695 741 742
f 742 696 695
f 695 743 739
f 744 743 695
f 745 744 695
f 695 708 745
f 742 746 696
f 696 746 717
f 697 699 747
f 713 697 747
f 699 698 747
f 698 700 722
f 698 722 747
f 700 719 722
f 706 748 700
f 749 700 748
f 719 700 749
f 701 750 751
f 702 701 752
f 701 753 752
f 704 750 701
f 751 754 701
f 754 753 701
f 702 752 755
f 748 703 702
f 748 702 756
f 756 702 755
f 748 705 703
f 757 704 707
f 704 757 758
f 750 704 758
f 705 759 760
f 706 705 760
f 705 761 759
f 748 761 705
f 706 760 748
f 762 707 737
f 762 757 707
f 708 763 745
f 721 763 708
f 711 710 709
f 714 711 709
f 718 714 709
f 709 712 713
f 709 713 747
f 709 747 722
f 716 715 724
f 725 724 715
f 764 725 715
f 764 715 765
f 715 746 765
f 746 715 717
f 749 720 719
f 720 749 755
f 720 755 766
f 767 720 766
f 767 763 720
f 721 720 763
f 723 736 734
f 723 724 727
f 725 727 724
f 725 768 726
f 768 725 764
f 726 768 769
f 730 726 769
f 733 729 728
f 728 770 771
f 728 771 772
f 728 772 733
f 770 728 773
f 731 773 728
f 730 769 764
f 730 764 765
f 746 731 730
f 746 730 765
f 742 731 746
f 773 731 741
f 741 731 742
f 733 774 732
f 732 774 738
f 733 772 774
f 734 736 735
f 737 738 775
f 737 775 776
f 777 762 737
f 776 777 737
f 738 774 775
f 778 740 739
f 739 779 780
f 739 780 778
f 739 743 781
f 782 779 739
f 781 782 739
f 778 741 740
f 778 773 741
f 743 744 781
f 744 783 781
f 744 754 783
f 745 754 744
f 763 754 745
f 760 761 748
f 756 749 748
f 749 756 755
f 751 750 758
f 784 785 751
f 786 784 751
f 758 786 751
f 783 751 785
f 751 783 754
f 752 787 755
f 788 787 752
f 788 752 753
f 766 788 753
f 767 766 753
f 753 754 763
f 767 753 763
f 766 755 787
f 757 789 758
f 762 789 757
f 789 786 758
f 759 761 760
f 777 789 762
f 768 764 769
f 788 766 787
f 780 770 773
f 790 771 770
f 790 770 780
f 791 792 771
f 791 771 790
f 792 772 771
f 792 774 772
f 780 773 778
f 775 774 792
f 775 792 791
f 775 791 793
f 776 775 793
f 793 777 776
f 794 789 777
f 795 794 777
f 793 795 777
f 779 796 790
f 779 790 780
f 797 796 779
f 782 797 779
f 781 783 782
f 783 785 782
f 782 785 797
f 785 784 797
f 784 794 795
f 797 784 795
f 784 786 794
f 786 789 794
f 796 798 790
f 799 791 790
f 799 790 798
f 800 793 791
f 800 791 799
f 793 800 801
f 801 802 793
f 795 793 802
f 797 795 803
f 803 795 802
f 796 804 798
f 805 804 796
f 806 807 796
f 797 806 796
f 796 807 805
f 806 797 803
f 800 799 798
f 800 798 808
f 804 808 798
f 801 800 808
f 801 808 809
f 810 802 801
f 809 810 801
f 806 803 802
f 810 806 802
f 809 808 804
f 809 804 805
f 805 807 809
f 806 810 807
f 807 810 809
f 811 812 813
f 814 812 811
f 814 811 815
f 813 816 811
f 811 816 817
f 815 811 817
f 812 818 813
f 818 812 814
f 818 819 813
f 820 821 813
f 813 822 820
f 823 822 813
f 813 819 823
f 813 824 816
f 813 825 824
f 813 821 826
f 826 827 813
f 813 827 828
f 828 825 813
f 829 830 814
f 829 814 815
f 831 814 830
f 818 814 831
f 815 817 829
f 817 816 824
f 817 832 829
f 832 817 833
f 833 817 824
f 819 818 831
f 819 831 834
f 823 819 834
f 821 820 835
f 822 835 820
f 821 835 836
f 837 826 821
f 836 837 821
f 838 839 822
f 838 822 823
f 822 839 840
f 822 840 835
f 823 834 838
f 833 824 825
f 841 833 825
f 841 825 828
f 826 837 827
f 827 842 843
f 828 827 843
f 844 842 827
f 837 844 827
f 843 841 828
f 845 830 829
f 829 832 845
f 845 846 830
f 847 830 846
f 831 830 847
f 834 831 847
f 832 848 845
f 848 832 849
f 849 832 833
f 849 833 841
f 834 847 850
f 838 834 850
f 851 836 835
f 851 835 840
f 836 851 852
f 852 853 836
f 837 836 853
f 844 837 853
f 838 850 854
f 854 839 838
f 854 855 839
f 840 839 856
f 839 855 856
f 851 840 856
f 857 849 841
f 857 841 843
f 842 858 859
f 843 842 859
f 860 842 844
f 860 858 842
f 859 857 843
f 860 844 853
f 861 846 845
f 845 848 861
f 861 862 846
f 863 846 862
f 847 846 863
f 850 847 863
f 848 864 861
f 864 848 865
f 865 848 849
f 865 849 857
f 850 863 866
f 854 850 866
f 852 851 867
f 851 868 867
f 851 856 868
f 852 867 869
f 870 853 852
f 869 870 852
f 870 871 853
f 871 860 853
f 854 866 872
f 872 855 854
f 872 873 855
f 874 855 875
f 876 875 855
f 876 855 873
f 855 874 856
f 868 856 877
f 877 856 874
f 878 865 857
f 878 857 859
f 858 879 880
f 859 858 880
f 881 858 882
f 858 881 883
f 879 858 883
f 860 882 858
f 880 878 859
f 884 860 871
f 882 860 884
f 885 862 861
f 861 864 885
f 885 886 862
f 887 862 886
f 863 862 887
f 866 863 887
f 864 888 885
f 888 864 889
f 889 864 865
f 889 865 878
f 866 887 890
f 872 866 890
f 869 867 891
f 867 868 892
f 867 892 891
f 877 892 868
f 869 891 893
f 894 870 869
f 893 894 869
f 895 871 870
f 894 895 870
f 871 895 884
f 872 890 896
f 896 873 872
f 896 897 873
f 898 876 873
f 898 873 897
f 899 900 874
f 899 874 901
f 874 875 876
f 874 876 901
f 874 900 902
f 874 902 877
f 876 903 904
f 876 904 901
f 898 903 876
f 905 877 906
f 877 905 907
f 877 907 908
f 902 906 877
f 877 908 892
f 909 889 878
f 909 878 880
f 879 910 911
f 880 879 911
f 879 883 912
f 910 879 912
f 911 909 880
f 883 881 882
f 882 913 914
f 915 882 914
f 915 883 882
f 916 913 882
f 884 916 882
f 917 918 883
f 915 917 883
f 883 918 912
f 919 884 905
f 907 905 884
f 920 907 884
f 884 919 916
f 895 920 884
f 886 885 921
f 921 885 888
f 887 886 922
f 922 886 921
f 923 890 887
f 923 887 922
f 924 888 889
f 921 888 924
f 889 909 925
f 924 889 925
f 926 896 890
f 926 890 923
f 927 928 891
f 891 929 927
f 891 908 929
f 908 891 892
f 893 891 921
f 891 930 921
f 928 930 891
f 921 894 893
f 894 931 932
f 932 933 894
f 933 920 894
f 895 894 920
f 921 934 894
f 894 934 931
f 926 897 896
f 930 898 897
f 926 930 897
f 930 928 898
f 898 935 903
f 935 898 936
f 936 898 928
f 937 938 899
f 938 900 899
f 899 901 935
f 939 899 935
f 937 899 939
f 940 941 900
f 938 942 900
f 900 941 902
f 900 943 940
f 900 942 943
f 901 904 935
f 906 902 944
f 945 944 902
f 945 902 941
f 935 946 903
f 946 904 903
f 946 947 904
f 947 948 904
f 904 948 935
f 905 906 949
f 949 919 905
f 949 906 950
f 906 944 950
f 951 952 907
f 907 952 953
f 907 953 954
f 954 908 907
f 907 955 951
f 956 955 907
f 957 956 907
f 907 920 957
f 954 958 908
f 908 958 929
f 909 911 959
f 925 909 959
f 911 910 959
f 910 912 934
f 910 934 959
f 912 931 934
f 918 960 912
f 961 912 960
f 931 912 961
f 913 962 963
f 914 913 964
f 913 965 964
f 916 962 913
f 963 966 913
f 966 965 913
f 914 964 967
f 960 915 914
f 960 914 968
f 968 914 967
f 960 917 915
f 969 916 919
f 916 969 970
f 962 916 970
f 917 971 972
f 918 917 972
f 917 973 971
f 960 973 917
f 918 972 960
f 974 919 949
f 974 969 919
f 920 975 957
f 933 975 920
f 923 922 921
f 926 923 921
f 930 926 921
f 921 924 925
f 921 925 959
f 921 959 934
f 928 927 936
f 937 936 927
f 976 937 927
f 976 927 977
f 927 958 977
f 958 927 929
f 961 932 931
f 932 961 967
f 932 967 978
f 979 932 978
f 979 975 932
f 933 932 975
f 935 948 946
f 935 936 939
f 937 939 936
f 937 980 938
f 980 937 976
f 938 980 981
f 942 938 981
f 945 941 940
f 940 982 983
f 940 983 984
f 940 984 945
f 982 940 985
f 943 985 940
f 942 981 976
f 942 976 977
f 958 943 942
f 958 942 977
f 954 943 958
f 985 943 953
f 953 943 954
f 945 986 944
f 944 986 950
f 945 984 986
f 946 948 947
f 949 950 987
f 949 987 988
f 989 974 949
f 988 989 949
f 950 986 987
f 990 952 951
f 951 991 992
f 951 992 990
f 951 955 993
f 994 991 951
f 993 994 951
f 990 953 952
f 990 985 953
f 955 956 993
f 956 995 993
f 956 966 995
f 957 966 956
f 975 966 957
f 972 973 960
f 968 961 960
f 961 968 967
f 963 962 970
f 996 997 963
f 998 996 963
f 970 998 963
f 995 963 997
f 963 995 966
f 964 999 967
f 1000 999 964
f 1000 964 965
f 978 1000 965
f 979 978 965
f 965 966 975
f 979 965 975
f 978 967 999
f 969 1001 970
f 974 1001 969
f 1001 998 970
f 971 973 972
f 989 1001 974
f 980 976 981
f 1000 978 999
f 992 982 985
f 1002 983 982
f 1002 982 992
f 1003 1004 983
f 1003 983 1002
f 1004 984 983
f 1004 986 984
f 992 985 990
f 987 986 1004
f 987 1004 1003
f 987 1003 1005
f 988 987 1005
f 1005 989 988
f 1006 1001 989
f 1007 1006 989
f 1005 1007 989
f 991 1008 1002
f 991 1002 992
f 1009 1008 991
f 994 1009 991
f 993 995 994
f 995 997 994
f 994 997 1009
f 997 996 1009
f 996 1006 1007
f 1009 996 1007
f 996 998 1006
f 998 1001 1006
f 1008 1010 1002
f 1011 1003 1002
f 1011 1002 1010
f 1012 1005 1003
f 1012 1003 1011
f 1005 1012 1013
f 1013 1014 1005
f 1007 1005 1014
f 1009 1007 1015
f 1015 1007 1014
f 1008 1016 1010
f 1017 1016 1008
f 1018 1019 1008
f 1009 1018 1008
f 1008 1019 1017
f 1018 1009 1015
f 1012 1011 1010
f 1012 1010 1020
f 1016 1020 1010
f 1013 1012 1020
f 1013 1020 1021
f 1022 1014 1013
f 1021 1022 1013
f 1018 1015 1014
f 1022 1018 1014
f 1021 1020 1016
f 1021 1016 1017
f 1017 1019 1021
f 1018 1022 1019
f 1019 1022 1021
f 1023 1024 1025
f 1026 1024 1023
f 1026 1023 1027
f 1025 1028 1023
f 1023 1028 1029
f 1027 1023 1029
f 1024 1030 1025
f 1030 1024 1026
f 1030 1031 1025
f 1032 1033 1025
f 1025 1034 1032
f 1035 1034 1025
f 1025 1031 1035
f 1025 1036 1028
f 1025 1037 1036
f 1025 1033 1038
f 1038 1039 1025
f 1025 1039 1040
f 1040 1037 1025
f 1041 1042 1026
f 1041 1026 1027
f 1043 1026 1042
f 1030 1026 1043
f 1027 1029 1041
f 1029 1028 1036
f 1029 1044 1041
f 1044 1029 1045
f 1045 1029 1036
f 1031 1030 1043
f 1031 1043 1046
f 1035 1031 1046
f 1033 1032 1047
f 1034 1047 1032
f 1033 1047 1048
f 1049 1038 1033
f 1048 1049 1033
f 1050 1051 1034
f 1050 1034 1035
f 1034 1051 1052
f 1034 1052 1047
f 1035 1046 1050
f 1045 1036 1037
f 1053 1045 1037
f 1053 1037 1040
f 1038 1049 1039
f 1039 1054 1055
f 1040 1039 1055
f 1056 1054 1039
f 1049 1056 1039
f 1055 1053 1040
f 1057 1042 1041
f 1041 1044 1057
f 1057 1058 1042
f 1059 1042 1058
f 1043 1042 1059
f 1046 1043 1059
f 1044 1060 1057
f 1060 1044 1061
f 1061 1044 1045
f 1061 1045 1053
f 1046 1059 1062
f 1050 1046 1062
f 1063 1048 1047
f 1063 1047 1052
f 1048 1063 1064
f 1064 1065 1048
f 1049 1048 1065
f 1056 1049 1065
f 1050 1062 1066
f 1066 1051 1050
f 1066 1067 1051
f 1052 1051 1068
f 1051 1067 1068
f 1063 1052 1068
f 1069 1061 1053
f 1069 1053 1055
f 1054 1070 1071
f 1055 1054 1071
f 1072 1054 1056
f 1072 1070 1054
f 1071 1069 1055
f 1072 1056 1065
f 1073 1058 1057
f 1057 1060 1073
f 1073 1074 1058
f 1075 1058 1074
f 1059 1058 1075
f 1062 1059 1075
f 1060 1076 1073
f 1076 1060 1077
f 1077 1060 1061
f 1077 1061 1069
f 1062 1075 1078
f 1066 1062 1078
f 1064 1063 1079
f 1063 1080 1079
f 1063 1068 1080
f 1064 1079 1081
f 1082 1065 1064
f 1081 1082 1064
f 1082 1083 1065
f 1083 1072 1065
f 1066 1078 1084
f 1084 1067 1066
f 1084 1085 1067
f 1086 1067 1087
f 1088 1087 1067
f 1088 1067 1085
f 1067 1086 1068
f 1080 1068 1089
f 1089 1068 1086
f 1090 1077 1069
f 1090 1069 1071
f 1070 1091 1092
f 1071 1070 1092
f 1093 1070 1094
f 1070 1093 1095
f 1091 1070 1095
f 1072 1094 1070
f 1092 1090 1071
f 1096 1072 1083
f 1094 1072 1096
f 1097 1074 1073
f 1073 1076 1097
f 1097 1098 1074
f 1099 1074 1098
f 1075 1074 1099
f 1078 1075 1099
f 1076 1100 1097
f 1100 1076 1101
f 1101 1076 1077
f 1101 1077 1090
f 1078 1099 1102
f 1084 1078 1102
f 1081 1079 1103
f 1079 1080 1104
f 1079 1104 1103
f 1089 1104 1080
f 1081 1103 1105
f 1106 1082 1081
f 1105 1106 1081
f 1107 1083 1082
f 1106 1107 1082
f 1083 1107 1096
f 1084 1102 1108
f 1108 1085 1084
f 1108 1109 1085
f 1110 1088 1085
f 1110 1085 1109
f 1111 1112 1086
f 1111 1086 1113
f 1086 1087 1088
f 1086 1088 1113
f 1086 1112 1114
f 1086 1114 1089
f 1088 1115 1116
f 1088 1116 1113
f 1110 1115 1088
f 1117 1089 1118
f 1089 1117 1119
f 1089 1119 1120
f 1114 1118 1089
f 1089 1120 1104
f 1121 1101 1090
f 1121 1090 1092
f 1091 1122 1123
f 1092 1091 1123
f 1091 1095 1124
f 1122 1091 1124
f 1123 1121 1092
f 1095 1093 1094
f 1094 1125 1126
f 1127 1094 1126
f 1127 1095 1094
f 1128 1125 1094
f 1096 1128 1094
f 1129 1130 1095
f 1127 1129 1095
f 1095 1130 1124
f 1131 1096 1117
f 1119 1117 1096
f 1132 1119 1096
f 1096 1131 1128
f 1107 1132 1096
f 1098 1097 1133
f 1133 1097 1100
f 1099 1098 1134
f 1134 1098 1133
f 1135 1102 1099
f 1135 1099 1134
f 1136 1100 1101
f 1133 1100 1136
f 1101 1121 1137
f 1136 1101 1137
f 1138 1108 1102
f 1138 1102 1135
f 1139 1140 1103
f 1103 1141 1139
f 1103 1120 1141
f 1120 1103 1104
f 1105 1103 1133
f 1103 1142 1133
f 1140 1142 1103
f 1133 1106 1105
f 1106 1143 1144
f 1144 1145 1106
f 1145 1132 1106
f 1107 1106 1132
f 1133 1146 1106
f 1106 1146 1143
f 1138 1109 1108
f 1142 1110 1109
f 1138 1142 1109
f 1142 1140 1110
f 1110 1147 1115
f 1147 1110 1148
f 1148 1110 1140
f 1149 1150 1111
f 1150 1112 1111
f 1111 1113 1147
f 1151 1111 1147
f 1149 1111 1151
f 1152 1153 1112
f 1150 1154 1112
f 1112 1153 1114
f 1112 1155 1152
f 1112 1154 1155
f 1113 1116 1147
f 1118 1114 1156
f 1157 1156 1114
f 1157 1114 1153
f 1147 1158 1115
f 1158 1116 1115
f 1158 1159 1116
f 1159 1160 1116
f 1116 1160 1147
f 1117 1118 1161
f 1161 1131 1117
f 1161 1118 1162
f 1118 1156 1162
f 1163 1164 1119
f 1119 1164 1165
f 1119 1165 1166
f 1166 1120 1119
f 1119 1167 1163
f 1168 1167 1119
f 1169 1168 1119
f 1119 1132 1169
f 1166 1170 1120
f 1120 1170 1141
f 1121 1123 1171
f 1137 1121 1171
f 1123 1122 1171
f 1122 1124 1146
f 1122 1146 1171
f 1124 1143 1146
f 1130 1172 1124
f 1173 1124 1172
f 1143 1124 1173
f 1125 1174 1175
f 1126 1125 1176
f 1125 1177 1176
f 1128 1174 1125
f 1175 1178 1125
f 1178 1177 1125
f 1126 1176 1179
f 1172 1127 1126
f 1172 1126 1180
f 1180 1126 1179
f 1172 1129 1127
f 1181 1128 1131
f 1128 1181 1182
f 1174 1128 1182
f 1129 1183 1184
f 1130 1129 1184
f 1129 1185 1183
f 1172 1185 1129
f 1130 1184 1172
f 1186 1131 1161
f 1186 1181 1131
f 1132 1187 1169
f 1145 1187 1132
f 1135 1134 1133
f 1138 1135 1133
f 1142 1138 1133
f 1133 1136 1137
f 1133 1137 1171
f 1133 1171 1146
f 1140 1139 1148
f 1149 1148 1139
f 1188 1149 1139
f 1188 1139 1189
f 1139 1170 1189
f 1170 1139 1141
f 1173 1144 1143
f 1144 1173 1179
f 1144 1179 1190
f 1191 1144 1190
f 1191 1187 1144
f 1145 1144 1187
f 1147 1160 1158
f 1147 1148 1151
f 1149 1151 1148
f 1149 1192 1150
f 1192 1149 1188
f 1150 1192 1193
f 1154 1150 1193
f 1157 1153 1152
f 1152 1194 1195
f 1152 1195 1196
f 1152 1196 1157
f 1194 1152 1197
f 1155 1197 1152
f 1154 1193 1188
f 1154 1188 1189
f 1170 1155 1154
f 1170 1154 1189
f 1166 1155 1170
f 1197 1155 1165
f 1165 1155 1166
f 1157 1198 1156
f 1156 1198 1162
f 1157 1196 1198
f 1158 1160 1159
f 1161 1162 1199
f 1161 1199 1200
f 1201 1186 1161
f 1200 1201 1161
f 1162 1198 1199
f 1202 1164 1163
f 1163 1203 1204
f 1163 1204 1202
f 1163 1167 1205
f 1206 1203 1163
f 1205 1206 1163
f 1202 1165 1164
f 1202 1197 1165
f 1167 1168 1205
f 1168 1207 1205
f 1168 1178 1207
f 1169 1178 1168
f 1187 1178 1169
f 1184 1185 1172
f 1180 1173 1172
f 1173 1180 1179
f 1175 1174 1182
f 1208 1209 1175
f 1210 1208 1175
f 1182 1210 1175
f 1207 1175 1209
f 1175 1207 1178
f 1176 1211 1179
f 1212 1211 1176
f 1212 1176 1177
f 1190 1212 1177
f 1191 1190 1177
f 1177 1178 1187
f 1191 1177 1187
f 1190 1179 1211
f 1181 1213 1182
f 1186 1213 1181
f 1213 1210 1182
f 1183 1185 1184
f 1201 1213 1186
f 1192 1188 1193
f 1212 1190 1211
f 1204 1194 1197
f 1214 1195 1194
f 1214 1194 1204
f 1215 1216 1195
f 1215 1195 1214
f 1216 1196 1195
f 1216 1198 1196
f 1204 1197 1202
f 1199 1198 1216
f 1199 1216 1215
f 1199 1215 1217
f 1200 1199 1217
f 1217 1201 1200
f 1218 1213 1201
f 1219 1218 1201
f 1217 1219 1201
f 1203 1220 1214
f 1203 1214 1204
f 1221 1220 1203
f 1206 1221 1203
f 1205 1207 1206
f 1207 1209 1206
f 1206 1209 1221
f 1209 1208 1221
f 1208 1218 1219
f 1221 1208 1219
f 1208 1210 1218
f 1210 1213 1218
f 1220 1222 1214
f 1223 1215 1214
f 1223 1214 1222
f 1224 1217 1215
f 1224 1215 1223
f 1217 1224 1225
f 1225 1226 1217
f 1219 1217 1226
f 1221 1219 1227
f 1227 1219 1226
f 1220 1228 1222
f 1229 1228 1220
f 1230 1231 1220
f 1221 1230 1220
f 1220 1231 1229
f 1230 1221 1227
f 1224 1223 1222
f 1224 1222 1232
f 1228 1232 1222
f 1225 1224 1232
f 1225 1232 1233
f 1234 1226 1225
f 1233 1234 1225
f 1230 1227 1226
f 1234 1230 1226
f 1233 1232 1228
f 1233 1228 1229
f 1229 1231 1233
f 1230 1234 1231
f 1231 1234 1233
f 1235 1236 1237
f 1238 1236 1235
f 1238 1235 1239
f 1237 1240 1235
f 1235 1240 1241
f 1239 1235 1241
f 1236 1242 1237
f 1242 1236 1238
f 1242 1243 1237
f 1244 1245 1237
f 1237 1246 1244
f 1247 1246 1237
f 1237 1243 1247
f 1237 1248 1240
f 1237 1249 1248
f 1237 1245 1250
f 1250 1251 1237
f 1237 1251 1252
f 1252 1249 1237
f 1253 1254 1238
f 1253 1238 1239
f 1255 1238 1254
f 1242 1238 1255
f 1239 1241 1253
f 1241 1240 1248
f 1241 1256 1253
f 1256 1241 1257
f 1257 1241 1248
f 1243 1242 1255
f 1243 1255 1258
f 1247 1243 1258
f 1245 1244 1259
f 1246 1259 1244
f 1245 1259 1260
f 1261 1250 1245
f 1260 1261 1245
f 1262 1263 1246
f 1262 1246 1247
f 1246 1263 1264
f 1246 1264 1259
f 1247 1258 1262
f 1257 1248 1249
f 1265 1257 1249
f 1265 1249 1252
f 1250 1261 1251
f 1251 1266 1267
f 1252 1251 1267
f 1268 1266 1251
f 1261 1268 1251
f 1267 1265 1252
f 1269 1254 1253
f 1253 1256 1269
f 1269 1270 1254
f 1271 1254 1270
f 1255 1254 1271
f 1258 1255 1271
f 1256 1272 1269
f 1272 1256 1273
f 1273 1256 1257
f 1273 1257 1265
f 1258 1271 1274
f 1262 1258 1274
f 1275 1260 1259
f 1275 1259 1264
f 1260 1275 1276
f 1276 1277 1260
f 1261 1260 1277
f 1268 1261 1277
f 1262 1274 1278
f 1278 1263 1262
f 1278 1279 1263
f 1264 1263 1280
f 1263 1279 1280
f 1275 1264 1280
f 1281 1273 1265
f 1281 1265 1267
f 1266 1282 1283
f 1267 1266 1283
f 1284 1266 1268
f 1284 1282 1266
f 1283 1281 1267
f 1284 1268 1277
f 1285 1270 1269
f 1269 1272 1285
f 1285 1286 1270
f 1287 1270 1286
f 1271 1270 1287
f 1274 1271 1287
f 1272 1288 1285
f 1288 1272 1289
f 1289 1272 1273
f 1289 1273 1281
f 1274 1287 1290
f 1278 1274 1290
f 1276 1275 1291
f 1275 1292 1291
f 1275 1280 1292
f 1276 1291 1293
f 1294 1277 1276
f 1293 1294 1276
f 1294 1295 1277
f 1295 1284 1277
f 1278 1290 1296
f 1296 1279 1278
f 1296 1297 1279
f 1298 1279 1299
f 1300 1299 1279
f 1300 1279 1297
f 1279 1298 1280
f 1292 1280 1301
f 1301 1280 1298
f 1302 1289 1281
f 1302 1281 1283
f 1282 1303 1304
f 1283 1282 1304
f 1305 1282 1306
f 1282 1305 1307
f 1303 1282 1307
f 1284 1306 1282
f 1304 1302 1283
f 1308 1284 1295
f 1306 1284 1308
f 1309 1286 1285
f 1285 1288 1309
f 1309 1310 1286
f 1311 1286 1310
f 1287 1286 1311
f 1290 1287 1311
f 1288 1312 1309
f 1312 1288 1313
f 1313 1288 1289
f 1313 1289 1302
f 1290 1311 1314
f 1296 1290 1314
f 1293 1291 1315
f 1291 1292 1316
f 1291 1316 1315
f 1301 1316 1292
f 1293 1315 1317
f 1318 1294 1293
f 1317 1318 1293
f 1319 1295 1294
f 1318 1319 1294
f 1295 1319 1308
f 1296 1314 1320
f 1320 1297 1296
f 1320 1321 1297
f 1322 1300 1297
f 1322 1297 1321
f 1323 1324 1298
f 1323 1298 1325
f 1298 1299 1300
f 1298 1300 1325
f 1298 1324 1326
f 1298 1326 1301
f 1300 1327 1328
f 1300 1328 1325
f 1322 1327 1300
f 1329 1301 1330
f 1301 1329 1331
f 1301 1331 1332
f 1326 1330 1301
f 1301 1332 1316
f 1333 1313 1302
f 1333 1302 1304
f 1303 1334 1335
f 1304 1303 1335
f 1303 1307 1336
f 1334 1303 1336
f 1335 1333 1304
f 1307 1305 1306
f 1306 1337 1338
f 1339 1306 1338
f 1339 1307 1306
f 1340 1337 1306
f 1308 1340 1306
f 1341 1342 1307
f 1339 1341 1307
f 1307 1342 1336
f 1343 1308 1329
f 1331 1329 1308
f 1344 1331 1308
f 1308 1343 1340
f 1319 1344 1308
f 1310 1309 1345
f 1345 1309 1312
f 1311 1310 1346
f 1346 1310 1345
f 1347 1314 1311
f 1347 1311 1346
f 1348 1312 1313
f 1345 1312 1348
f 1313 1333 1349
f 1348 1313 1349
f 1350 1320 1314
f 1350 1314 1347
f 1351 1352 1315
f 1315 1353 1351
f 1315 1332 1353
f 1332 1315 1316
f 1317 1315 1345
f 1315 1354 1345
f 1352 1354 1315
f 1345 1318 1317
f 1318 1355 1356
f 1356 1357 1318
f 1357 1344 1318
f 1319 1318 1344
f 1345 1358 1318
f 1318 1358 1355
f 1350 1321 1320
f 1354 1322 1321
f 1350 1354 1321
f 1354 1352 1322
f 1322 1359 1327
f 1359 1322 1360
f 1360 1322 1352
f 1361 1362 1323
f 1362 1324 1323
f 1323 1325 1359
f 1363 1323 1359
f 1361 1323 1363
f 1364 1365 1324
f 1362 1366 1324
f 1324 1365 1326
f 1324 1367 1364
f 1324 1366 1367
f 1325 1328 1359
f 1330 1326 1368
f 1369 1368 1326
f 1369 1326 1365
f 1359 1370 1327
f 1370 1328 1327
f 1370 1371 1328
f 1371 1372 1328
f 1328 1372 1359
f 1329 1330 1373
f 1373 1343 1329
f 1373 1330 1374
f 1330 1368 1374
f 1375 1376 1331
f 1331 1376 1377
f 1331 1377 1378
f 1378 1332 1331
f 1331 1379 1375
f 1380 1379 1331
f 1381 1380 1331
f 1331 1344 1381
f 1378 1382 1332
f 1332 1382 1353
f 1333 1335 1383
f 1349 1333 1383
f 1335 1334 1383
f 1334 1336 1358
f 1334 1358 1383
f 1336 1355 1358
f 1342 1384 1336
f 1385 1336 1384
f 1355 1336 1385
f 1337 1386 1387
f 1338 1337 1388
f 1337 1389 1388
f 1340 1386 1337
f 1387 1390 1337
f 1390 1389 1337
f 1338 1388 1391
f 1384 1339 1338
f 1384 1338 1392
f 1392 1338 1391
f 1384 1341 1339
f 1393 1340 1343
f 1340 1393 1394
f 1386 1340 1394
f 1341 1395 1396
f 1342 1341 1396
f 1341 1397 1395
f 1384 1397 1341
f 1342 1396 1384
f 1398 1343 1373
f 1398 1393 1343
f 1344 1399 1381
f 1357 1399 1344
f 1347 1346 1345
f 1350 1347 1345
f 1354 1350 1345
f 1345 1348 1349
f 1345 1349 1383
f 1345 1383 1358
f 1352 1351 1360
f 1361 1360 1351
f 1400 1361 1351
f 1400 1351 1401
f 1351 1382 1401
f 1382 1351 1353
f 1385 1356 1355
f 1356 1385 1391
f 1356 1391 1402
f 1403 1356 1402
f 1403 1399 1356
f 1357 1356 1399
f 1359 1372 1370
f 1359 1360 1363
f 1361 1363 1360
f 1361 1404 1362
f 1404 1361 1400
f 1362 1404 1405
f 1366 1362 1405
f 1369 1365 1364
f 1364 1406 1407
f 1364 1407 1408
f 1364 1408 1369
f 1406 1364 1409
f 1367 1409 1364
f 1366 1405 1400
f 1366 1400 1401
f 1382 1367 1366
f 1382 1366 1401
f 1378 1367 1382
f 1409 1367 1377
f 1377 1367 1378
f 1369 1410 1368
f 1368 1410 1374
f 1369 1408 1410
f 1370 1372 1371
f 1373 1374 1411
f 1373 1411 1412
f 1413 1398 1373
f 1412 1413 1373
f 1374 1410 1411
f 1414 1376 1375
f 1375 1415 1416
f 1375 1416 1414
f 1375 1379 1417
f 1418 1415 1375
f 1417 1418 1375
f 1414 1377 1376
f 1414 1409 1377
f 1379 1380 1417
f 1380 1419 1417
f 1380 1390 1419
f 1381 1390 1380
f 1399 1390 1381
f 1396 1397 1384
f 1392 1385 1384
f 1385 1392 1391
f 1387 1386 1394
f 1420 1421 1387
f 1422 1420 1387
f 1394 1422 1387
f 1419 1387 1421
f 1387 1419 1390
f 1388 1423 1391
f 1424 1423 1388
f 1424 1388 1389
f 1402 1424 1389
f 1403 1402 1389
f 1389 1390 1399
f 1403 1389 1399
f 1402 1391 1423
f 1393 1425 1394
f 1398 1425 1393
f 1425 1422 1394
f 1395 1397 1396
f 1413 1425 1398
f 1404 1400 1405
f 1424 1402 1423
f 1416 1406 1409
f 1426 1407 1406
f 1426 1406 1416
f 1427 1428 1407
f 1427 1407 1426
f 1428 1408 1407
f 1428 1410 1408
f 1416 1409 1414
f 1411 1410 1428
f 1411 1428 1427
f 1411 1427 1429
f 1412 1411 1429
f 1429 1413 1412
f 1430 1425 1413
f 1431 1430 1413
f 1429 1431 1413
f 1415 1432 1426
f 1415 1426 1416
f 1433 1432 1415
f 1418 1433 1415
f 1417 1419 1418
f 1419 1421 1418
f 1418 1421 1433
f 1421 1420 1433
f 1420 1430 1431
f 1433 1420 1431
f 1420 1422 1430
f 1422 1425 1430
f 1432 1434 1426
f 1435 1427 1426
f 1435 1426 1434
f 1436 1429 1427
f 1436 1427 1435
f 1429 1436 1437
f 1437 1438 1429
f 1431 1429 1438
f 1433 1431 1439
f 1439 1431 1438
f 1432 1440 1434
f 1441 1440 1432
f 1442 1443 1432
f 1433 1442 1432
f 1432 1443 1441
f 1442 1433 1439
f 1436 1435 1434
f 1436 1434 1444
f 1440 1444 1434
f 1437 1436 1444
f 1437 1444 1445
f 1446 1438 1437
f 1445 1446 1437
f 1442 1439 1438
f 1446 1442 1438
f 1445 1444 1440
f 1445 1440 1441
f 1441 1443 1445
f 1442 1446 1443
f 1443 1446 1445
f 1447 1448 1449
f 1450 1448 1447
f 1450 1447 1451
f 1449 1452 1447
f 1447 1452 1453
f 1451 1447 1453
f 1448 1454 1449
f 1454 1448 1450
f 1454 1455 1449
f 1456 1457 1449
f 1449 1458 1456
f 1459 1458 1449
f 1449 1455 1459
f 1449 1460 1452
f 1449 1461 1460
f 1449 1457 1462
f 1462 1463 1449
f 1449 1463 1464
f 1464 1461 1449
f 1465 1466 1450
f 1465 1450 1451
f 1467 1450 1466
f 1454 1450 1467
f 1451 1453 1465
f 1453 1452 1460
f 1453 1468 1465
f 1468 1453 1469
f 1469 1453 1460
f 1455 1454 1467
f 1455 1467 1470
f 1459 1455 1470
f 1457 1456 1471
f 1458 1471 1456
f 1457 1471 1472
f 1473 1462 1457
f 1472 1473 1457
f 1474 1475 1458
f 1474 1458 1459
f 1458 1475 1476
f 1458 1476 1471
f 1459 1470 1474
f 1469 1460 1461
f 1477 1469 1461
f 1477 1461 1464
f 1462 1473 1463
f 1463 1478 1479
f 1464 1463 1479
f 1480 1478 1463
f 1473 1480 1463
f 1479 1477 1464
f 1481 1466 1465
f 1465 1468 1481
f 1481 1482 1466
f 1483 1466 1482
f 1467 1466 1483
f 1470 1467 1483
f 1468 1484 1481
f 1484 1468 1485
f 1485 1468 1469
f 1485 1469 1477
f 1470 1483 1486
f 1474 1470 1486
f 1487 1472 1471
f 1487 1471 1476
f 1472 1487 1488
f 1488 1489 1472
f 1473 1472 1489
f 1480 1473 1489
f 1474 1486 1490
f 1490 1475 1474
f 1490 1491 1475
f 1476 1475 1492
f 1475 1491 1492
f 1487 1476 1492
f 1493 1485 1477
f 1493 1477 1479
f 1478 1494 1495
f 1479 1478 1495
f 1496 1478 1480
f 1496 1494 1478
f 1495 1493 1479
f 1496 1480 1489
f 1497 1482 1481
f 1481 1484 1497
f 1497 1498 1482
f 1499 1482 1498
f 1483 1482 1499
f 1486 1483 1499
f 1484 1500 1497
f 1500 1484 1501
f 1501 1484 1485
f 1501 1485 1493
f 1486 1499 1502
f 1490 1486 1502
f 1488 1487 1503
f 1487 1504 1503
f 1487 1492 1504
f 1488 1503 1505
f 1506 1489 1488
f 1505 1506 1488
f 1506 1507 1489
f 1507 1496 1489
f 1490 1502 1508
f 1508 1491 1490
f 1508 1509 1491
f 1510 1491 1511
f 1512 1511 1491
f 1512 1491 1509
f 1491 1510 1492
f 1504 1492 1513
f 1513 1492 1510
f 1514 1501 1493
f 1514 1493 1495
f 1494 1515 1516
f 1495 1494 1516
f 1517 1494 1518
f 1494 1517 1519
f 1515 1494 1519
f 1496 1518 1494
f 1516 1514 1495
f 1520 1496 1507
f 1518 1496 1520
f 1521 1498 1497
f 1497 1500 1521
f 1521 1522 1498
f 1523 1498 1522
f 1499 1498 1523
f 1502 1499 1523
f 1500 1524 1521
f 1524 1500 1525
f 1525 1500 1501
f 1525 1501 1514
f 1502 1523 1526
f 1508 1502 1526
f 1505 1503 1527
f 1503 1504 1528
f 1503 1528 1527
f 1513 1528 1504
f 1505 1527 1529
f 1530 1506 1505
f 1529 1530 1505
f 1531 1507 1506
f 1530 1531 1506
f 1507 1531 1520
f 1508 1526 1532
f 1532 1509 1508
f 1532 1533 1509
f 1534 1512 1509
f 1534 1509 1533
f 1535 1536 1510
f 1535 1510 1537
f 1510 1511 1512
f 1510 1512 1537
f 1510 1536 1538
f 1510 1538 1513
f 1512 1539 1540
f 1512 1540 1537
f 1534 1539 1512
f 1541 1513 1542
f 1513 1541 1543
f 1513 1543 1544
f 1538 1542 1513
f 1513 1544 1528
f 1545 1525 1514
f 1545 1514 1516
f 1515 1546 1547
f 1516 1515 1547
f 1515 1519 1548
f 1546 1515 1548
f 1547 1545 1516
f 1519 1517 1518
f 1518 1549 1550
f 1551 1518 1550
f 1551 1519 1518
f 1552 1549 1518
f 1520 1552 1518
f 1553 1554 1519
f 1551 1553 1519
f 1519 1554 1548
f 1555 1520 1541
f 1543 1541 1520
f 1556 1543 1520
f 1520 1555 1552
f 1531 1556 1520
f 1522 1521 1557
f 1557 1521 1524
f 1523 1522 1558
f 1558 1522 1557
f 1559 1526 1523
f 1559 1523 1558
f 1560 1524 1525
f 1557 1524 1560
f 1525 1545 1561
f 1560 1525 1561
f 1562 1532 1526
f 1562 1526 1559
f 1563 1564 1527
f 1527 1565 1563
f 1527 1544 1565
f 1544 1527 1528
f 1529 1527 1557
f 1527 1566 1557
f 1564 1566 1527
f 1557 1530 1529
f 1530 1567 1568
f 1568 1569 1530
f 1569 1556 1530
f 1531 1530 1556
f 1557 1570 1530
f 1530 1570 1567
f 1562 1533 1532
f 1566 1534 1533
f 1562 1566 1533
f 1566 1564 1534
f 1534 1571 1539
f 1571 1534 1572
f 1572 1534 1564
f 1573 1574 1535
f 1574 1536 1535
f 1535 1537 1571
f 1575 1535 1571
f 1573 1535 1575
f 1576 1577 1536
f 1574 1578 1536
f 1536 1577 1538
f 1536 1579 1576
f 1536 1578 1579
f 1537 1540 1571
f 1542 1538 1580
f 1581 1580 1538
f 1581 1538 1577
f 1571 1582 1539
f 1582 1540 1539
f 1582 1583 1540
f 1583 1584 1540
f 1540 1584 1571
f 1541 1542 1585
f 1585 1555 1541
f 1585 1542 1586
f 1542 1580 1586
f 1587 1588 1543
f 1543 1588 1589
f 1543 1589 1590
f 1590 1544 1543
f 1543 1591 1587
f 1592 1591 1543
f 1593 1592 1543
f 1543 1556 1593
f 1590 1594 1544
f 1544 1594 1565
f 1545 1547 1595
f 1561 1545 1595
f 1547 1546 1595
f 1546 1548 1570
f 1546 1570 1595
f 1548 1567 1570
f 1554 1596 1548
f 1597 1548 1596
f 1567 1548 1597
f 1549 1598 1599
f 1550 1549 1600
f 1549 1601 1600
f 1552 1598 1549
f 1599 1602 1549
f 1602 1601 1549
f 1550 1600 1603
f 1596 1551 1550
f 1596 1550 1604
f 1604 1550 1603
f 1596 1553 1551
f 1605 1552 1555
f 1552 1605 1606
f 1598 1552 1606
f 1553 1607 1608
f 1554 1553 1608
f 1553 1609 1607
f 1596 1609 1553
f 1554 1608 1596
f 1610 1555 1585
f 1610 1605 1555
f 1556 1611 1593
f 1569 1611 1556
f 1559 1558 1557
f 1562 1559 1557
f 1566 1562 1557
f 1557 1560 1561
f 1557 1561 1595
f 1557 1595 1570
f 1564 1563 1572
f 1573 1572 1563
f 1612 1573 1563
f 1612 1563 1613
f 1563 1594 1613
f 1594 1563 1565
f 1597 1568 1567
f 1568 1597 1603
f 1568 1603 1614
f 1615 1568 1614
f 1615 1611 1568
f 1569 1568 1611
f 1571 1584 1582
f 1571 1572 1575
f 1573 1575 1572
f 1573 1616 1574
f 1616 1573 1612
f 1574 1616 1617
f 1578 1574 1617
f 1581 1577 1576
f 1576 1618 1619
f 1576 1619 1620
f 1576 1620 1581
f 1618 1576 1621
f 1579 1621 1576
f 1578 1617 1612
f 1578 1612 1613
f 1594 1579 1578
f 1594 1578 1613
f 1590 1579 1594
f 1621 1579 1589
f 1589 1579 1590
f 1581 1622 1580
f 1580 1622 1586
f 1581 1620 1622
f 1582 1584 1583
f 1585 1586 1623
f 1585 1623 1624
f 1625 1610 1585
f 1624 1625 1585
f 1586 1622 1623
f 1626 1588 1587
f 1587 1627 1628
f 1587 1628 1626
f 1587 1591 1629
f 1630 1627 1587
f 1629 1630 1587
f 1626 1589 1588
f 1626 1621 1589
f 1591 1592 1629
f 1592 1631 1629
f 1592 1602 1631
f 1593 1602 1592
f 1611 1602 1593
f 1608 1609 1596
f 1604 1597 1596
f 1597 1604 1603
f 1599 1598 1606
f 1632 1633 1599
f 1634 1632 1599
f 1606 1634 1599
f 1631 1599 1633
f 1599 1631 1602
f 1600 1635 1603
f 1636 1635 1600
f 1636 1600 1601
f 1614 1636 1601
f 1615 1614 1601
f 1601 1602 1611
f 1615 1601 1611
f 1614 1603 1635
f 1605 1637 1606
f 1610 1637 1605
f 1637 1634 1606
f 1607 1609 1608
f 1625 1637 1610
f 1616 1612 1617
f 1636 1614 1635
f 1628 1618 1621
f 1638 1619 1618
f 1638 1618 1628
f 1639 1640 1619
f 1639 1619 1638
f 1640 1620 1619
f 1640 1622 1620
f 1628 1621 1626
f 1623 1622 1640
f 1623 1640 1639
f 1623 1639 1641
f 1624 1623 1641
f 1641 1625 1624
f 1642 1637 1625
f 1643 1642 1625
f 1641 1643 1625
f 1627 1644 1638
f 1627 1638 1628
f 1645 1644 1627
f 1630 1645 1627
f 1629 1631 1630
f 1631 1633 1630
f 1630 1633 1645
f 1633 1632 1645
f 1632 1642 1643
f 1645 1632 1643
f 1632 1634 1642
f 1634 1637 1642
f 1644 1646 1638
f 1647 1639 1638
f 1647 1638 1646
f 1648 1641 1639
f 1648 1639 1647
f 1641 1648 1649
f 1649 1650 1641
f 1643 1641 1650
f 1645 1643 1651
f 1651 1643 1650
f 1644 1652 1646
f 1653 1652 1644
f 1654 1655 1644
f 1645 1654 1644
f 1644 1655 1653
f 1654 1645 1651
f 1648 1647 1646
f 1648 1646 1656
f 1652 1656 1646
f 1649 1648 1656
f 1649 1656 1657
f 1658 1650 1649
f 1657 1658 1649
f 1654 1651 1650
f 1658 1654 1650
f 1657 1656 1652
f 1657 1652 1653
f 1653 1655 1657
f 1654 1658 1655
f 1655 1658 1657
f 1659 1660 1661
f 1662 1660 1659
f 1662 1659 1663
f 1661 1664 1659
f 1659 1664 1665
f 1663 1659 1665
f 1660 1666 1661
f 1666 1660 1662
f 1666 1667 1661
f 1668 1669 1661
f 1661 1670 1668
f 1671 1670 1661
f 1661 1667 1671
f 1661 1672 1664
f 1661 1673 1672
f 1661 1669 1674
f 1674 1675 1661
f 1661 1675 1676
f 1676 1673 1661
f 1677 1678 1662
f 1677 1662 1663
f 1679 1662 1678
f 1666 1662 1679
f 1663 1665 1677
f 1665 1664 1672
f 1665 1680 1677
f 1680 1665 1681
f 1681 1665 1672
f 1667 1666 1679
f 1667 1679 1682
f 1671 1667 1682
f 1669 1668 1683
f 1670 1683 1668
f 1669 1683 1684
f 1685 1674 1669
f 1684 1685 1669
f 1686 1687 1670
f 1686 1670 1671
f 1670 1687 1688
f 1670 1688 1683
f 1671 1682 1686
f 1681 1672 1673
f 1689 1681 1673
f 1689 1673 1676
f 1674 1685 1675
f 1675 1690 1691
f 1676 1675 1691
f 1692 1690 1675
f 1685 1692 1675
f 1691 1689 1676
f 1693 1678 1677
f 1677 1680 1693
f 1693 1694 1678
f 1695 1678 1694
f 1679 1678 1695
f 1682 1679 1695
f 1680 1696 1693
f 1696 1680 1697
f 1697 1680 1681
f 1697 1681 1689
f 1682 1695 1698
f 1686 1682 1698
f 1699 1684 1683
f 1699 1683 1688
f 1684 1699 1700
f 1700 1701 1684
f 1685 1684 1701
f 1692 1685 1701
f 1686 1698 1702
f 1702 1687 1686
f 1702 1703 1687
f 1688 1687 1704
f 1687 1703 1704
f 1699 1688 1704
f 1705 1697 1689
f 1705 1689 1691
f 1690 1706 1707
f 1691 1690 1707
f 1708 1690 1692
f 1708 1706 1690
f 1707 1705 1691
f 1708 1692 1701
f 1709 1694 1693
f 1693 1696 1709
f 1709 1710 1694
f 1711 1694 1710
f 1695 1694 1711
f 1698 1695 1711
f 1696 1712 1709
f 1712 1696 1713
f 1713 1696 1697
f 1713 1697 1705
f 1698 1711 1714
f 1702 1698 1714
f 1700 1699 1715
f 1699 1716 1715
f 1699 1704 1716
f 1700 1715 1717
f 1718 1701 1700
f 1717 1718 1700
f 1718 1719 1701
f 1719 1708 1701
f 1702 1714 1720
f 1720 1703 1702
f 1720 1721 1703
f 1722 1703 1723
f 1724 1723 1703
f 1724 1703 1721
f 1703 1722 1704
f 1716 1704 1725
f 1725 1704 1722
f 1726 1713 1705
f 1726 1705 1707
f 1706 1727 1728
f 1707 1706 1728
f 1729 1706 1730
f 1706 1729 1731
f 1727 1706 1731
f 1708 1730 1706
f 1728 1726 1707
f 1732 1708 1719
f 1730 1708 1732
f 1733 1710 1709
f 1709 1712 1733
f 1733 1734 1710
f 1735 1710 1734
f 1711 1710 1735
f 1714 1711 1735
f 1712 1736 1733
f 1736 1712 1737
f 1737 1712 1713
f 1737 1713 1726
f 1714 1735 1738
f 1720 1714 1738
f 1717 1715 1739
f 1715 1716 1740
f 1715 1740 1739
f 1725 1740 1716
f 1717 1739 1741
f 1742 1718 1717
f 1741 1742 1717
f 1743 1719 1718
f 1742 1743 1718
f 1719 1743 1732
f 1720 1738 1744
f 1744 1721 1720
f 1744 1745 1721
f 1746 1724 1721
f 1746 1721 1745
f 1747 1748 1722
f 1747 1722 1749
f 1722 1723 1724
f 1722 1724 1749
f 1722 1748 1750
f 1722 1750 1725
f 1724 1751 1752
f 1724 1752 1749
f 1746 1751 1724
f 1753 1725 1754
f 1725 1753 1755
f 1725 1755 1756
f 1750 1754 1725
f 1725 1756 1740
f 1757 1737 1726
f 1757 1726 1728
f 1727 1758 1759
f 1728 1727 1759
f 1727 1731 1760
f 1758 1727 1760
f 1759 1757 1728
f 1731 1729 1730
f 1730 1761 1762
f 1763 1730 1762
f 1763 1731 1730
f 1764 1761 1730
f 1732 1764 1730
f 1765 1766 1731
f 1763 1765 1731
f 1731 1766 1760
f 1767 1732 1753
f 1755 1753 1732
f 1768 1755 1732
f 1732 1767 1764
f 1743 1768 1732
f 1734 1733 1769
f 1769 1733 1736
f 1735 1734 1770
f 1770 1734 1769
f 1771 1738 1735
f 1771 1735 1770
f 1772 1736 1737
f 1769 1736 1772
f 1737 1757 1773
f 1772 1737 1773
f 1774 1744 1738
f 1774 1738 1771
f 1775 1776 1739
f 1739 1777 1775
f 1739 1756 1777
f 1756 1739 1740
f 1741 1739 1769
f 1739 1778 1769
f 1776 1778 1739
f 1769 1742 1741
f 1742 1779 1780
f 1780 1781 1742
f 1781 1768 1742
f 1743 1742 1768
f 1769 1782 1742
f 1742 1782 1779
f 1774 1745 1744
f 1778 1746 1745
f 1774 1778 1745
f 1778 1776 1746
f 1746 1783 1751
f 1783 1746 1784
f 1784 1746 1776
f 1785 1786 1747
f 1786 1748 1747
f 1747 1749 1783
f 1787 1747 1783
f 1785 1747 1787
f 1788 1789 1748
f 1786 1790 1748
f 1748 1789 1750
f 1748 1791 1788
f 1748 1790 1791
f 1749 1752 1783
f 1754 1750 1792
f 1793 1792 1750
f 1793 1750 1789
f 1783 1794 1751
f 1794 1752 1751
f 1794 1795 1752
f 1795 1796 1752
f 1752 1796 1783
f 1753 1754 1797
f 1797 1767 1753
f 1797 1754 1798
f 1754 1792 1798
f 1799 1800 1755
f 1755 1800 1801
f 1755 1801 1802
f 1802 1756 1755
f 1755 1803 1799
f 1804 1803 1755
f 1805 1804 1755
f 1755 1768 1805
f 1802 1806 1756
f 1756 1806 1777
f 1757 1759 1807
f 1773 1757 1807
f 1759 1758 1807
f 1758 1760 1782
f 1758 1782 1807
f 1760 1779 1782
f 1766 1808 1760
f 1809 1760 1808
f 1779 1760 1809
f 1761 1810 1811
f 1762 1761 1812
f 1761 1813 1812
f 1764 1810 1761
f 1811 1814 1761
f 1814 1813 1761
f 1762 1812 1815
f 1808 1763 1762
f 1808 1762 1816
f 1816 1762 1815
f 1808 1765 1763
f 1817 1764 1767
f 1764 1817 1818
f 1810 1764 1818
f 1765 1819 1820
f 1766 1765 1820
f 1765 1821 1819
f 1808 1821 1765
f 1766 1820 1808
f 1822 1767 1797
f 1822 1817 1767
f 1768 1823 1805
f 1781 1823 1768
f 1771 1770 1769
f 1774 1771 1769
f 1778 1774 1769
f 1769 1772 1773
f 1769 1773 1807
f 1769 1807 1782
f 1776 1775 1784
f 1785 1784 1775
f 1824 1785 1775
f 1824 1775 1825
f 1775 1806 1825
f 1806 1775 1777
f 1809 1780 1779
f 1780 1809 1815
f 1780 1815 1826
f 1827 1780 1826
f 1827 1823 1780
f 1781 1780 1823
f 1783 1796 1794
f 1783 1784 1787
f 1785 1787 1784
f 1785 1828 1786
f 1828 1785 1824
f 1786 1828 1829
f 1790 1786 1829
f 1793 1789 1788
f 1788 1830 1831
f 1788 1831 1832
f 1788 1832 1793
f 1830 1788 1833
f 1791 1833 1788
f 1790 1829 1824
f 1790 1824 1825
f 1806 1791 1790
f 1806 1790 1825
f 1802 1791 1806
f 1833 1791 1801
f 1801 1791 1802
f 1793 1834 1792
f 1792 1834 1798
f 1793 1832 1834
f 1794 1796 1795
f 1797 1798 1835
f 1797 1835 1836
f 1837 1822 1797
f 1836 1837 1797
f 1798 1834 1835
f 1838 1800 1799
f 1799 1839 1840
f 1799 1840 1838
f 1799 1803 1841
f 1842 1839 1799
f 1841 1842 1799
f 1838 1801 1800
f 1838 1833 1801
f 1803 1804 1841
f 1804 1843 1841
f 1804 1814 1843
f 1805 1814 1804
f 1823 1814 1805
f 1820 1821 1808
f 1816 1809 1808
f 1809 1816 1815
f 1811 1810 1818
f 1844 1845 1811
f 1846 1844 1811
f 1818 1846 1811
f 1843 1811 1845
f 1811 1843 1814
f 1812 1847 1815
f 1848 1847 1812
f 1848 1812 1813
f 1826 1848 1813
f 1827 1826 1813
f 1813 1814 1823
f 1827 1813 1823
f 1826 1815 1847
f 1817 1849 1818
f 1822 1849 1817
f 1849 1846 1818
f 1819 1821 1820
f 1837 1849 1822
f 1828 1824 1829
f 1848 1826 1847
f 1840 1830 1833
f 1850 1831 1830
f 1850 1830 1840
f 1851 1852 1831
f 1851 1831 1850
f 1852 1832 1831
f 1852 1834 1832
f 1840 1833 1838
f 1835 1834 1852
f 1835 1852 1851
f 1835 1851 1853
f 1836 1835 1853
f 1853 1837 1836
f 1854 1849 1837
f 1855 1854 1837
f 1853 1855 1837
f 1839 1856 1850
f 1839 1850 1840
f 1857 1856 1839
f 1842 1857 1839
f 1841 1843 1842
f 1843 1845 1842
f 1842 1845 1857
f 1845 1844 1857
f 1844 1854 1855
f 1857 1844 1855
f 1844 1846 1854
f 1846 1849 1854
f 1856 1858 1850
f 1859 1851 1850
f 1859 1850 1858
f 1860 1853 1851
f 1860 1851 1859
f 1853 1860 1861
f 1861 1862 1853
f 1855 1853 1862
f 1857 1855 1863
f 1863 1855 1862
f 1856 1864 1858
f 1865 1864 1856
f 1866 1867 1856
f 1857 1866 1856
f 1856 1867 1865
f 1866 1857 1863
f 1860 1859 1858
f 1860 1858 1868
f 1864 1868 1858
f 1861 1860 1868
f 1861 1868 1869
f 1870 1862 1861
f 1869 1870 1861
f 1866 1863 1862
f 1870 1866 1862
f 1869 1868 1864
f 1869 1864 1865
f 1865 1867 1869
f 1866 1870 1867
f 1867 1870 1869
f 1871 1872 1873
f 1874 1872 1871
f 1874 1871 1875
f 1873 1876 1871
f 1871 1876 1877
f 1875 1871 1877
f 1872 1878 1873
f 1878 1872 1874
f 1878 1879 1873
f 1880 1881 1873
f 1873 1882 1880
f 1883 1882 1873
f 1873 1879 1883
f 1873 1884 1876
f 1873 1885 1884
f 1873 1881 1886
f 1886 1887 1873
f 1873 1887 1888
f 1888 1885 1873
f 1889 1890 1874
f 1889 1874 1875
f 1891 1874 1890
f 1878 1874 1891
f 1875 1877 1889
f 1877 1876 1884
f 1877 1892 1889
f 1892 1877 1893
f 1893 1877 1884
f 1879 1878 1891
f 1879 1891 1894
f 1883 1879 1894
f 1881 1880 1895
f 1882 1895 1880
f 1881 1895 1896
f 1897 1886 1881
f 1896 1897 1881
f 1898 1899 1882
f 1898 1882 1883
f 1882 1899 1900
f 1882 1900 1895
f 1883 1894 1898
f 1893 1884 1885
f 1901 1893 1885
f 1901 1885 1888
f 1886 1897 1887
f 1887 1902 1903
f 1888 1887 1903
f 1904 1902 1887
f 1897 1904 1887
f 1903 1901 1888
f 1905 1890 1889
f 1889 1892 1905
f 1905 1906 1890
f 1907 1890 1906
f 1891 1890 1907
f 1894 1891 1907
f 1892 1908 1905
f 1908 1892 1909
f 1909 1892 1893
f 1909 1893 1901
f 1894 1907 1910
f 1898 1894 1910
f 1911 1896 1895
f 1911 1895 1900
f 1896 1911 1912
f 1912 1913 1896
f 1897 1896 1913
f 1904 1897 1913
f 1898 1910 1914
f 1914 1899 1898
f 1914 1915 1899
f 1900 1899 1916
f 1899 1915 1916
f 1911 1900 1916
f 1917 1909 1901
f 1917 1901 1903
f 1902 1918 1919
f 1903 1902 1919
f 1920 1902 1904
f 1920 1918 1902
f 1919 1917 1903
f 1920 1904 1913
f 1921 1906 1905
f 1905 1908 1921
f 1921 1922 1906
f 1923 1906 1922
f 1907 1906 1923
f 1910 1907 1923
f 1908 1924 1921
f 1924 1908 1925
f 1925 1908 1909
f 1925 1909 1917
f 1910 1923 1926
f 1914 1910 1926
f 1912 1911 1927
f 1911 1928 1927
f 1911 1916 1928
f 1912 1927 1929
f 1930 1913 1912
f 1929 1930 1912
f 1930 1931 1913
f 1931 1920 1913
f 1914 1926 1932
f 1932 1915 1914
f 1932 1933 1915
f 1934 1915 1935
f 1936 1935 1915
f 1936 1915 1933
f 1915 1934 1916
f 1928 1916 1937
f 1937 1916 1934
f 1938 1925 1917
f 1938 1917 1919
f 1918 1939 1940
f 1919 1918 1940
f 1941 1918 1942
f 1918 1941 1943
f 1939 1918 1943
f 1920 1942 1918
f 1940 1938 1919
f 1944 1920 1931
f 1942 1920 1944
f 1945 1922 1921
f 1921 1924 1945
f 1945 1946 1922
f 1947 1922 1946
f 1923 1922 1947
f 1926 1923 1947
f 1924 1948 1945
f 1948 1924 1949
f 1949 1924 1925
f 1949 1925 1938
f 1926 1947 1950
f 1932 1926 1950
f 1929 1927 1951
f 1927 1928 1952
f 1927 1952 1951
f 1937 1952 1928
f 1929 1951 1953
f 1954 1930 1929
f 1953 1954 1929
f 1955 1931 1930
f 1954 1955 1930
f 1931 1955 1944
f 1932 1950 1956
f 1956 1933 1932
f 1956 1957 1933
f 1958 1936 1933
f 1958 1933 1957
f 1959 1960 1934
f 1959 1934 1961
f 1934 1935 1936
f 1934 1936 1961
f 1934 1960 1962
f 1934 1962 1937
f 1936 1963 1964
f 1936 1964 1961
f 1958 1963 1936
f 1965 1937 1966
f 1937 1965 1967
f 1937 1967 1968
f 1962 1966 1937
f 1937 1968 1952
f 1969 1949 1938
f 1969 1938 1940
f 1939 1970 1971
f 1940 1939 1971
f 1939 1943 1972
f 1970 1939 1972
f 1971 1969 1940
f 1943 1941 1942
f 1942 1973 1974
f 1975 1942 1974
f 1975 1943 1942
f 1976 1973 1942
f 1944 1976 1942
f 1977 1978 1943
f 1975 1977 1943
f 1943 1978 1972
f 1979 1944 1965
f 1967 1965 1944
f 1980 1967 1944
f 1944 1979 1976
f 1955 1980 1944
f 1946 1945 1981
f 1981 1945 1948
f 1947 1946 1982
f 1982 1946 1981
f 1983 1950 1947
f 1983 1947 1982
f 1984 1948 1949
f 1981 1948 1984
f 1949 1969 1985
f 1984 1949 1985
f 1986 1956 1950
f 1986 1950 1983
f 1987 1988 1951
f 1951 1989 1987
f 1951 1968 1989
f 1968 1951 1952
f 1953 1951 1981
f 1951 1990 1981
f 1988 1990 1951
f 1981 1954 1953
f 1954 1991 1992
f 1992 1993 1954
f 1993 1980 1954
f 1955 1954 1980
f 1981 1994 1954
f 1954 1994 1991
f 1986 1957 1956
f 1990 1958 1957
f 1986 1990 1957
f 1990 1988 1958
f 1958 1995 1963
f 1995 1958 1996
f 1996 1958 1988
f 1997 1998 1959
f 1998 1960 1959
f 1959 1961 1995
f 1999 1959 1995
f 1997 1959 1999
f 2000 2001 1960
f 1998 2002 1960
f 1960 2001 1962
f 1960 2003 2000
f 1960 2002 2003
f 1961 1964 1995
f 1966 1962 2004
f 2005 2004 1962
f 2005 1962 2001
f 1995 2006 1963
f 2006 1964 1963
f 2006 2007 1964
f 2007 2008 1964
f 1964 2008 1995
f 1965 1966 2009
f 2009 1979 1965
f 2009 1966 2010
f 1966 2004 2010
f 2011 2012 1967
f 1967 2012 2013
f 1967 2013 2014
f 2014 1968 1967
f 1967 2015 2011
f 2016 2015 1967
f 2017 2016 1967
f 1967 1980 2017
f 2014 2018 1968
f 1968 2018 1989
f 1969 1971 2019
f 1985 1969 2019
f 1971 1970 2019
f 1970 1972 1994
f 1970 1994 2019
f 1972 1991 1994
f 1978 2020 1972
f 2021 1972 2020
f 1991 1972 2021
f 1973 2022 2023
f 1974 1973 2024
f 1973 2025 2024
f 1976 2022 1973
f 2023 2026 1973
f 2026 2025 1973
f 1974 2024 2027
f 2020 1975 1974
f 2020 1974 2028
f 2028 1974 2027
f 2020 1977 1975
f 2029 1976 1979
f 1976 2029 2030
f 2022 1976 2030
f 1977 2031 2032
f 1978 1977 2032
f 1977 2033 2031
f 2020 2033 1977
f 1978 2032 2020
f 2034 1979 2009
f 2034 2029 1979
f 1980 2035 2017
f 1993 2035 1980
f 1983 1982 1981
f 1986 1983 1981
f 1990 1986 1981
f 1981 1984 1985
f 1981 1985 2019
f 1981 2019 1994
f 1988 1987 1996
f 1997 1996 1987
f 2036 1997 1987
f 2036 1987 2037
f 1987 2018 2037
f 2018 1987 1989
f 2021 1992 1991
f 1992 2021 2027
f 1992 2027 2038
f 2039 1992 2038
f 2039 2035 1992
f 1993 1992 2035
f 1995 2008 2006
f 1995 1996 1999
f 1997 1999 1996
f 1997 2040 1998
f 2040 1997 2036
f 1998 2040 2041
f 2002 1998 2041
f 2005 2001 2000
f 2000 2042 2043
f 2000 2043 2044
f 2000 2044 2005
f 2042 2000 2045
f 2003 2045 2000
f 2002 2041 2036
f 2002 2036 2037
f 2018 2003 2002
f 2018 2002 2037
f 2014 2003 2018
f 2045 2003 2013
f 2013 2003 2014
f 2005 2046 2004
f 2004 2046 2010
f 2005 2044 2046
f 2006 2008 2007
f 2009 2010 2047
f 2009 2047 2048
f 2049 2034 2009
f 2048 2049 2009
f 2010 2046 2047
f 2050 2012 2011
f 2011 2051 2052
f 2011 2052 2050
f 2011 2015 2053
f 2054 2051 2011
f 2053 2054 2011
f 2050 2013 2012
f 2050 2045 2013
f 2015 2016 2053
f 2016 2055 2053
f 2016 2026 2055
f 2017 2026 2016
f 2035 2026 2017
f 2032 2033 2020
f 2028 2021 2020
f 2021 2028 2027
f 2023 2022 2030
f 2056 2057 2023
f 2058 2056 2023
f 2030 2058 2023
f 2055 2023 2057
f 2023 2055 2026
f 2024 2059 2027
f 2060 2059 2024
f 2060 2024 2025
f 2038 2060 2025
f 2039 2038 2025
f 2025 2026 2035
f 2039 2025 2035
f 2038 2027 2059
f 2029 2061 2030
f 2034 2061 2029
f 2061 2058 2030
f 2031 2033 2032
f 2049 2061 2034
f 2040 2036 2041
f 2060 2038 2059
f 2052 2042 2045
f 2062 2043 2042
f 2062 2042 2052
f 2063 2064 2043
f 2063 2043 2062
f 2064 2044 2043
f 2064 2046 2044
f 2052 2045 2050
f 2047 2046 2064
f 2047 2064 2063
f 2047 2063 2065
f 2048 2047 2065
f 2065 2049 2048
f 2066 2061 2049
f 2067 2066 2049
f 2065 2067 2049
f 2051 2068 2062
f 2051 2062 2052
f 2069 2068 2051
f 2054 2069 2051
f 2053 2055 2054
f 2055 2057 2054
f 2054 2057 2069
f 2057 2056 2069
f 2056 2066 2067
f 2069 2056 2067
f 2056 2058 2066
f 2058 2061 2066
f 2068 2070 2062
f 2071 2063 2062
f 2071 2062 2070
f 2072 2065 2063
f 2072 2063 2071
f 2065 2072 2073
f 2073 2074 2065
f 2067 2065 2074
f 2069 2067 2075
f 2075 2067 2074
f 2068 2076 2070
f 2077 2076 2068
f 2078 2079 2068
f 2069 2078 2068
f 2068 2079 2077
f 2078 2069 2075
f 2072 2071 2070
f 2072 2070 2080
f 2076 2080 2070
f 2073 2072 2080
f 2073 2080 2081
f 2082 2074 2073
f 2081 2082 2073
f 2078 2075 2074
f 2082 2078 2074
f 2081 2080 2076
f 2081 2076 2077
f 2077 2079 2081
f 2078 2082 2079
f 2079 2082 2081
f 2083 2084 2085
f 2086 2084 2083
f 2086 2083 2087
f 2085 2088 2083
f 2083 2088 2089
f 2087 2083 2089
f 2084 2090 2085
f 2090 2084 2086
f 2090 2091 2085
f 2092 2093 2085
f 2085 2094 2092
f 2095 2094 2085
f 2085 2091 2095
f 2085 2096 2088
f 2085 2097 2096
f 2085 2093 2098
f 2098 2099 2085
f 2085 2099 2100
f 2100 2097 2085
f 2101 2102 2086
f 2101 2086 2087
f 2103 2086 2102
f 2090 2086 2103
f 2087 2089 2101
f 2089 2088 2096
f 2089 2104 2101
f 2104 2089 2105
f 2105 2089 2096
f 2091 2090 2103
f 2091 2103 2106
f 2095 2091 2106
f 2093 2092 2107
f 2094 2107 2092
f 2093 2107 2108
f 2109 2098 2093
f 2108 2109 2093
f 2110 2111 2094
f 2110 2094 2095
f 2094 2111 2112
f 2094 2112 2107
f 2095 2106 2110
f 2105 2096 2097
f 2113 2105 2097
f 2113 2097 2100
f 2098 2109 2099
f 2099 2114 2115
f 2100 2099 2115
f 2116 2114 2099
f 2109 2116 2099
f 2115 2113 2100
f 2117 2102 2101
f 2101 2104 2117
f 2117 2118 2102
f 2119 2102 2118
f 2103 2102 2119
f 2106 2103 2119
f 2104 2120 2117
f 2120 2104 2121
f 2121 2104 2105
f 2121 2105 2113
f 2106 2119 2122
f 2110 2106 2122
f 2123 2108 2107
f 2123 2107 2112
f 2108 2123 2124
f 2124 2125 2108
f 2109 2108 2125
f 2116 2109 2125
f 2110 2122 2126
f 2126 2111 2110
f 2126 2127 2111
f 2112 2111 2128
f 2111 2127 2128
f 2123 2112 2128
f 2129 2121 2113
f 2129 2113 2115
f 2114 2130 2131
f 2115 2114 2131
f 2132 2114 2116
f 2132 2130 2114
f 2131 2129 2115
f 2132 2116 2125
f 2133 2118 2117
f 2117 2120 2133
f 2133 2134 2118
f 2135 2118 2134
f 2119 2118 2135
f 2122 2119 2135
f 2120 2136 2133
f 2136 2120 2137
f 2137 2120 2121
f 2137 2121 2129
f 2122 2135 2138
f 2126 2122 2138
f 2124 2123 2139
f 2123 2140 2139
f 2123 2128 2140
f 2124 2139 2141
f 2142 2125 2124
f 2141 2142 2124
f 2142 2143 2125
f 2143 2132 2125
f 2126 2138 2144
f 2144 2127 2126
f 2144 2145 2127
f 2146 2127 2147
f 2148 2147 2127
f 2148 2127 2145
f 2127 2146 2128
f 2140 2128 2149
f 2149 2128 2146
f 2150 2137 2129
f 2150 2129 2131
f 2130 2151 2152
f 2131 2130 2152
f 2153 2130 2154
f 2130 2153 2155
f 2151 2130 2155
f 2132 2154 2130
f 2152 2150 2131
f 2156 2132 2143
f 2154 2132 2156
f 2157 2134 2133
f 2133 2136 2157
f 2157 2158 2134
f 2159 2134 2158
f 2135 2134 2159
f 2138 2135 2159
f 2136 2160 2157
f 2160 2136 2161
f 2161 2136 2137
f 2161 2137 2150
f 2138 2159 2162
f 2144 2138 2162
f 2141 2139 2163
f 2139 2140 2164
f 2139 2164 2163
f 2149 2164 2140
f 2141 2163 2165
f 2166 2142 2141
f 2165 2166 2141
f 2167 2143 2142
f 2166 2167 2142
f 2143 2167 2156
f 2144 2162 2168
f 2168 2145 2144
f 2168 2169 2145
f 2170 2148 2145
f 2170 2145 2169
f 2171 2172 2146
f 2171 2146 2173
f 2146 2147 2148
f 2146 2148 2173
f 2146 2172 2174
f 2146 2174 2149
f 2148 2175 2176
f 2148 2176 2173
f 2170 2175 2148
f 2177 2149 2178
f 2149 2177 2179
f 2149 2179 2180
f 2174 2178 2149
f 2149 2180 2164
f 2181 2161 2150
f 2181 2150 2152
f 2151 2182 2183
f 2152 2151 2183
f 2151 2155 2184
f 2182 2151 2184
f 2183 2181 2152
f 2155 2153 2154
f 2154 2185 2186
f 2187 2154 2186
f 2187 2155 2154
f 2188 2185 2154
f 2156 2188 2154
f 2189 2190 2155
f 2187 2189 2155
f 2155 2190 2184
f 2191 2156 2177
f 2179 2177 2156
f 2192 2179 2156
f 2156 2191 2188
f 2167 2192 2156
f 2158 2157 2193
f 2193 2157 2160
f 2159 2158 2194
f 2194 2158 2193
f 2195 2162 2159
f 2195 2159 2194
f 2196 2160 2161
f 2193 2160 2196
f 2161 2181 2197
f 2196 2161 2197
f 2198 2168 2162
f 2198 2162 2195
f 2199 2200 2163
f 2163 2201 2199
f 2163 2180 2201
f 2180 2163 2164
f 2165 2163 2193
f 2163 2202 2193
f 2200 2202 2163
f 2193 2166 2165
f 2166 2203 2204
f 2204 2205 2166
f 2205 2192 2166
f 2167 2166 2192
f 2193 2206 2166
f 2166 2206 2203
f 2198 2169 2168
f 2202 2170 2169
f 2198 2202 2169
f 2202 2200 2170
f 2170 2207 2175
f 2207 2170 2208
f 2208 2170 2200
f 2209 2210 2171
f 2210 2172 2171
f 2171 2173 2207
f 2211 2171 2207
f 2209 2171 2211
f 2212 2213 2172
f 2210 2214 2172
f 2172 2213 2174
f 2172 2215 2212
f 2172 2214 2215
f 2173 2176 2207
f 2178 2174 2216
f 2217 2216 2174
f 2217 2174 2213
f 2207 2218 2175
f 2218 2176 2175
f 2218 2219 2176
f 2219 2220 2176
f 2176 2220 2207
f 2177 2178 2221
f 2221 2191 2177
f 2221 2178 2222
f 2178 2216 2222
f 2223 2224 2179
f 2179 2224 2225
f 2179 2225 2226
f 2226 2180 2179
f 2179 2227 2223
f 2228 2227 2179
f 2229 2228 2179
f 2179 2192 2229
f 2226 2230 2180
f 2180 2230 2201
f 2181 2183 2231
f 2197 2181 2231
f 2183 2182 2231
f 2182 2184 2206
f 2182 2206 2231
f 2184 2203 2206
f 2190 2232 2184
f 2233 2184 2232
f 2203 2184 2233
f 2185 2234 2235
f 2186 2185 2236
f 2185 2237 2236
f 2188 2234 2185
f 2235 2238 2185
f 2238 2237 2185
f 2186 2236 2239
f 2232 2187 2186
f 2232 2186 2240
f 2240 2186 2239
f 2232 2189 2187
f 2241 2188 2191
f 2188 2241 2242
f 2234 2188 2242
f 2189 2243 2244
f 2190 2189 2244
f 2189 2245 2243
f 2232 2245 2189
f 2190 2244 2232
f 2246 2191 2221
f 2246 2241 2191
f 2192 2247 2229
f 2205 2247 2192
f 2195 2194 2193
f 2198 2195 2193
f 2202 2198 2193
f 2193 2196 2197
f 2193 2197 2231
f 2193 2231 2206
f 2200 2199 2208
f 2209 2208 2199
f 2248 2209 2199
f 2248 2199 2249
f 2199 2230 2249
f 2230 2199 2201
f 2233 2204 2203
f 2204 2233 2239
f 2204 2239 2250
f 2251 2204 2250
f 2251 2247 2204
f 2205 2204 2247
f 2207 2220 2218
f 2207 2208 2211
f 2209 2211 2208
f 2209 2252 2210
f 2252 2209 2248
f 2210 2252 2253
f 2214 2210 2253
f 2217 2213 2212
f 2212 2254 2255
f 2212 2255 2256
f 2212 2256 2217
f 2254 2212 2257
f 2215 2257 2212
f 2214 2253 2248
f 2214 2248 2249
f 2230 2215 2214
f 2230 2214 2249
f 2226 2215 2230
f 2257 2215 2225
f 2225 2215 2226
f 2217 2258 2216
f 2216 2258 2222
f 2217 2256 2258
f 2218 2220 2219
f 2221 2222 2259
f 2221 2259 2260
f 2261 2246 2221
f 2260 2261 2221
f 2222 2258 2259
f 2262 2224 2223
f 2223 2263 2264
f 2223 2264 2262
f 2223 2227 2265
f 2266 2263 2223
f 2265 2266 2223
f 2262 2225 2224
f 2262 2257 2225
f 2227 2228 2265
f 2228 2267 2265
f 2228 2238 2267
f 2229 2238 2228
f 2247 2238 2229
f 2244 2245 2232
f 2240 2233 2232
f 2233 2240 2239
f 2235 2234 2242
f 2268 2269 2235
f 2270 2268 2235
f 2242 2270 2235
f 2267 2235 2269
f 2235 2267 2238
f 2236 2271 2239
f 2272 2271 2236
f 2272 2236 2237
f 2250 2272 2237
f 2251 2250 2237
f 2237 2238 2247
f 2251 2237 2247
f 2250 2239 2271
f 2241 2273 2242
f 2246 2273 2241
f 2273 2270 2242
f 2243 2245 2244
f 2261 2273 2246
f 2252 2248 2253
f 2272 2250 2271
f 2264 2254 2257
f 2274 2255 2254
f 2274 2254 2264
f 2275 2276 2255
f 2275 2255 2274
f 2276 2256 2255
f 2276 2258 2256
f 2264 2257 2262
f 2259 2258 2276
f 2259 2276 2275
f 2259 2275 2277
f 2260 2259 2277
f 2277 2261 2260
f 2278 2273 2261
f 2279 2278 2261
f 2277 2279 2261
f 2263 2280 2274
f 2263 2274 2264
f 2281 2280 2263
f 2266 2281 2263
f 2265 2267 2266
f 2267 2269 2266
f 2266 2269 2281
f 2269 2268 2281
f 2268 2278 2279
f 2281 2268 2279
f 2268 2270 2278
f 2270 2273 2278
f 2280 2282 2274
f 2283 2275 2274
f 2283 2274 2282
f 2284 2277 2275
f 2284 2275 2283
f 2277 2284 2285
f 2285 2286 2277
f 2279 2277 2286
f 2281 2279 2287
f 2287 2279 2286
f 2280 2288 2282
f 2289 2288 2280
f 2290 2291 2280
f 2281 2290 2280
f 2280 2291 2289
f 2290 2281 2287
f 2284 2283 2282
f 2284 2282 2292
f 2288 2292 2282
f 2285 2284 2292
f 2285 2292 2293
f 2294 2286 2285
f 2293 2294 2285
f 2290 2287 2286
f 2294 2290 2286
f 2293 2292 2288
f 2293 2288 2289
f 2289 2291 2293
f 2290 2294 2291
f 2291 2294 2293
f 2295 2296 2297
f 2298 2296 2295
f 2298 2295 2299
f 2297 2300 2295
f 2295 2300 2301
f 2299 2295 2301
f 2296 2302 2297
f 2302 2296 2298
f 2302 2303 2297
f 2304 2305 2297
f 2297 2306 2304
f 2307 2306 2297
f 2297 2303 2307
f 2297 2308 2300
f 2297 2309 2308
f 2297 2305 2310
f 2310 2311 2297
f 2297 2311 2312
f 2312 2309 2297
f 2313 2314 2298
f 2313 2298 2299
f 2315 2298 2314
f 2302 2298 2315
f 2299 2301 2313
f 2301 2300 2308
f 2301 2316 2313
f 2316 2301 2317
f 2317 2301 2308
f 2303 2302 2315
f 2303 2315 2318
f 2307 2303 2318
f 2305 2304 2319
f 2306 2319 2304
f 2305 2319 2320
f 2321 2310 2305
f 2320 2321 2305
f 2322 2323 2306
f 2322 2306 2307
f 2306 2323 2324
f 2306 2324 2319
f 2307 2318 2322
f 2317 2308 2309
f 2325 2317 2309
f 2325 2309 2312
f 2310 2321 2311
f 2311 2326 2327
f 2312 2311 2327
f 2328 2326 2311
f 2321 2328 2311
f 2327 2325 2312
f 2329 2314 2313
f 2313 2316 2329
f 2329 2330 2314
f 2331 2314 2330
f 2315 2314 2331
f 2318 2315 2331
f 2316 2332 2329
f 2332 2316 2333
f 2333 2316 2317
f 2333 2317 2325
f 2318 2331 2334
f 2322 2318 2334
f 2335 2320 2319
f 2335 2319 2324
f 2320 2335 2336
f 2336 2337 2320
f 2321 2320 2337
f 2328 2321 2337
f 2322 2334 2338
f 2338 2323 2322
f 2338 2339 2323
f 2324 2323 2340
f 2323 2339 2340
f 2335 2324 2340
f 2341 2333 2325
f 2341 2325 2327
f 2326 2342 2343
f 2327 2326 2343
f 2344 2326 2328
f 2344 2342 2326
f 2343 2341 2327
f 2344 2328 2337
f 2345 2330 2329
f 2329 2332 2345
f 2345 2346 2330
f 2347 2330 2346
f 2331 2330 2347
f 2334 2331 2347
f 2332 2348 2345
f 2348 2332 2349
f 2349 2332 2333
f 2349 2333 2341
f 2334 2347 2350
f 2338 2334 2350
f 2336 2335 2351
f 2335 2352 2351
f 2335 2340 2352
f 2336 2351 2353
f 2354 2337 2336
f 2353 2354 2336
f 2354 2355 2337
f 2355 2344 2337
f 2338 2350 2356
f 2356 2339 2338
f 2356 2357 2339
f 2358 2339 2359
f 2360 2359 2339
f 2360 2339 2357
f 2339 2358 2340
f 2352 2340 2361
f 2361 2340 2358
f 2362 2349 2341
f 2362 2341 2343
f 2342 2363 2364
f 2343 2342 2364
f 2365 2342 2366
f 2342 2365 2367
f 2363 2342 2367
f 2344 2366 2342
f 2364 2362 2343
f 2368 2344 2355
f 2366 2344 2368
f 2369 2346 2345
f 2345 2348 2369
f 2369 2370 2346
f 2371 2346 2370
f 2347 2346 2371
f 2350 2347 2371
f 2348 2372 2369
f 2372 2348 2373
f 2373 2348 2349
f 2373 2349 2362
f 2350 2371 2374
f 2356 2350 2374
f 2353 2351 2375
f 2351 2352 2376
f 2351 2376 2375
f 2361 2376 2352
f 2353 2375 2377
f 2378 2354 2353
f 2377 2378 2353
f 2379 2355 2354
f 2378 2379 2354
f 2355 2379 2368
f 2356 2374 2380
f 2380 2357 2356
f 2380 2381 2357
f 2382 2360 2357
f 2382 2357 2381
f 2383 2384 2358
f 2383 2358 2385
f 2358 2359 2360
f 2358 2360 2385
f 2358 2384 2386
f 2358 2386 2361
f 2360 2387 2388
f 2360 2388 2385
f 2382 2387 2360
f 2389 2361 2390
f 2361 2389 2391
f 2361 2391 2392
f 2386 2390 2361
f 2361 2392 2376
f 2393 2373 2362
f 2393 2362 2364
f 2363 2394 2395
f 2364 2363 2395
f 2363 2367 2396
f 2394 2363 2396
f 2395 2393 2364
f 2367 2365 2366
f 2366 2397 2398
f 2399 2366 2398
f 2399 2367 2366
f 2400 2397 2366
f 2368 2400 2366
f 2401 2402 2367
f 2399 2401 2367
f 2367 2402 2396
f 2403 2368 2389
f 2391 2389 2368
f 2404 2391 2368
f 2368 2403 2400
f 2379 2404 2368
f 2370 2369 2405
f 2405 2369 2372
f 2371 2370 2406
f 2406 2370 2405
f 2407 2374 2371
f 2407 2371 2406
f 2408 2372 2373
f 2405 2372 2408
f 2373 2393 2409
f 2408 2373 2409
f 2410 2380 2374
f 2410 2374 2407
f 2411 2412 2375
f 2375 2413 2411
f 2375 2392 2413
f 2392 2375 2376
f 2377 2375 2405
f 2375 2414 2405
f 2412 2414 2375
f 2405 2378 2377
f 2378 2415 2416
f 2416 2417 2378
f 2417 2404 2378
f 2379 2378 2404
f 2405 2418 2378
f 2378 2418 2415
f 2410 2381 2380
f 2414 2382 2381
f 2410 2414 2381
f 2414 2412 2382
f 2382 2419 2387
f 2419 2382 2420
f 2420 2382 2412
f 2421 2422 2383
f 2422 2384 2383
f 2383 2385 2419
f 2423 2383 2419
f 2421 2383 2423
f 2424 2425 2384
f 2422 2426 2384
f 2384 2425 2386
f 2384 2427 2424
f 2384 2426 2427
f 2385 2388 2419
f 2390 2386 2428
f 2429 2428 2386
f 2429 2386 2425
f 2419 2430 2387
f 2430 2388 2387
f 2430 2431 2388
f 2431 2432 2388
f 2388 2432 2419
f 2389 2390 2433
f 2433 2403 2389
f 2433 2390 2434
f 2390 2428 2434
f 2435 2436 2391
f 2391 2436 2437
f 2391 2437 2438
f 2438 2392 2391
f 2391 2439 2435
f 2440 2439 2391
f 2441 2440 2391
f 2391 2404 2441
f 2438 2442 2392
f 2392 2442 2413
f 2393 2395 2443
f 2409 2393 2443
f 2395 2394 2443
f 2394 2396 2418
f 2394 2418 2443
f 2396 2415 2418
f 2402 2444 2396
f 2445 2396 2444
f 2415 2396 2445
f 2397 2446 2447
f 2398 2397 2448
f 2397 2449 2448
f 2400 2446 2397
f 2447 2450 2397
f 2450 2449 2397
f 2398 2448 2451
f 2444 2399 2398
f 2444 2398 2452
f 2452 2398 2451
f 2444 2401 2399
f 2453 2400 2403
f 2400 2453 2454
f 2446 2400 2454
f 2401 2455 2456
f 2402 2401 2456
f 2401 2457 2455
f 2444 2457 2401
f 2402 2456 2444
f 2458 2403 2433
f 2458 2453 2403
f 2404 2459 2441
f 2417 2459 2404
f 2407 2406 2405
f 2410 2407 2405
f 2414 2410 2405
f 2405 2408 2409
f 2405 2409 2443
f 2405 2443 2418
f 2412 2411 2420
f 2421 2420 2411
f 2460 2421 2411
f 2460 2411 2461
f 2411 2442 2461
f 2442 2411 2413
f 2445 2416 2415
f 2416 2445 2451
f 2416 2451 2462
f 2463 2416 2462
f 2463 2459 2416
f 2417 2416 2459
f 2419 2432 2430
f 2419 2420 2423
f 2421 2423 2420
f 2421 2464 2422
f 2464 2421 2460
f 2422 2464 2465
f 2426 2422 2465
f 2429 2425 2424
f 2424 2466 2467
f 2424 2467 2468
f 2424 2468 2429
f 2466 2424 2469
f 2427 2469 2424
f 2426 2465 2460
f 2426 2460 2461
f 2442 2427 2426
f 2442 2426 2461
f 2438 2427 2442
f 2469 2427 2437
f 2437 2427 2438
f 2429 2470 2428
f 2428 2470 2434
f 2429 2468 2470
f 2430 2432 2431
f 2433 2434 2471
f 2433 2471 2472
f 2473 2458 2433
f 2472 2473 2433
f 2434 2470 2471
f 2474 2436 2435
f 2435 2475 2476
f 2435 2476 2474
f 2435 2439 2477
f 2478 2475 2435
f 2477 2478 2435
f 2474 2437 2436
f 2474 2469 2437
f 2439 2440 2477
f 2440 2479 2477
f 2440 2450 2479
f 2441 2450 2440
f 2459 2450 2441
f 2456 2457 2444
f 2452 2445 2444
f 2445 2452 2451
f 2447 2446 2454
f 2480 2481 2447
f 2482 2480 2447
f 2454 2482 2447
f 2479 2447 2481
f 2447 2479 2450
f 2448 2483 2451
f 2484 2483 2448
f 2484 2448 2449
f 2462 2484 2449
f 2463 2462 2449
f 2449 2450 2459
f 2463 2449 2459
f 2462 2451 2483
f 2453 2485 2454
f 2458 2485 2453
f 2485 2482 2454
f 2455 2457 2456
f 2473 2485 2458
f 2464 2460 2465
f 2484 2462 2483
f 2476 2466 2469
f 2486 2467 2466
f 2486 2466 2476
f 2487 2488 2467
f 2487 2467 2486
f 2488 2468 2467
f 2488 2470 2468
f 2476 2469 2474
f 2471 2470 2488
f 2471 2488 2487
f 2471 2487 2489
f 2472 2471 2489
f 2489 2473 2472
f 2490 2485 2473
f 2491 2490 2473
f 2489 2491 2473
f 2475 2492 2486
f 2475 2486 2476
f 2493 2492 2475
f 2478 2493 2475
f 2477 2479 2478
f 2479 2481 2478
f 2478 2481 2493
f 2481 2480 2493
f 2480 2490 2491
f 2493 2480 2491
f 2480 2482 2490
f 2482 2485 2490
f 2492 2494 2486
f 2495 2487 2486
f 2495 2486 2494
f 2496 2489 2487
f 2496 2487 2495
f 2489 2496 2497
f 2497 2498 2489
f 2491 2489 2498
f 2493 2491 2499
f 2499 2491 2498
f 2492 2500 2494
f 2501 2500 2492
f 2502 2503 2492
f 2493 2502 2492
f 2492 2503 2501
f 2502 2493 2499
f 2496 2495 2494
f 2496 2494 2504
f 2500 2504 2494
f 2497 2496 2504
f 2497 2504 2505
f 2506 2498 2497
f 2505 2506 2497
f 2502 2499 2498
f 2506 2502 2498
f 2505 2504 2500
f 2505 2500 2501
f 2501 2503 2505
f 2502 2506 2503
f 2503 2506 2505
f 2507 2508 2509
f 2510 2508 2507
f 2510 2507 2511
f 2509 2512 2507
f 2507 2512 2513
f 2511 2507 2513
f 2508 2514 2509
f 2514 2508 2510
f 2514 2515 2509
f 2516 2517 2509
f 2509 2518 2516
f 2519 2518 2509
f 2509 2515 2519
f 2509 2520 2512
f 2509 2521 2520
f 2509 2517 2522
f 2522 2523 2509
f 2509 2523 2524
f 2524 2521 2509
f 2525 2526 2510
f 2525 2510 2511
f 2527 2510 2526
f 2514 2510 2527
f 2511 2513 2525
f 2513 2512 2520
f 2513 2528 2525
f 2528 2513 2529
f 2529 2513 2520
f 2515 2514 2527
f 2515 2527 2530
f 2519 2515 2530
f 2517 2516 2531
f 2518 2531 2516
f 2517 2531 2532
f 2533 2522 2517
f 2532 2533 2517
f 2534 2535 2518
f 2534 2518 2519
f 2518 2535 2536
f 2518 2536 2531
f 2519 2530 2534
f 2529 2520 2521
f 2537 2529 2521
f 2537 2521 2524
f 2522 2533 2523
f 2523 2538 2539
f 2524 2523 2539
f 2540 2538 2523
f 2533 2540 2523
f 2539 2537 2524
f 2541 2526 2525
f 2525 2528 2541
f 2541 2542 2526
f 2543 2526 2542
f 2527 2526 2543
f 2530 2527 2543
f 2528 2544 2541
f 2544 2528 2545
f 2545 2528 2529
f 2545 2529 2537
f 2530 2543 2546
f 2534 2530 2546
f 2547 2532 2531
f 2547 2531 2536
f 2532 2547 2548
f 2548 2549 2532
f 2533 2532 2549
f 2540 2533 2549
f 2534 2546 2550
f 2550 2535 2534
f 2550 2551 2535
f 2536 2535 2552
f 2535 2551 2552
f 2547 2536 2552
f 2553 2545 2537
f 2553 2537 2539
f 2538 2554 2555
f 2539 2538 2555
f 2556 2538 2540
f 2556 2554 2538
f 2555 2553 2539
f 2556 2540 2549
f 2557 2542 2541
f 2541 2544 2557
f 2557 2558 2542
f 2559 2542 2558
f 2543 2542 2559
f 2546 2543 2559
f 2544 2560 2557
f 2560 2544 2561
f 2561 2544 2545
f 2561 2545 2553
f 2546 2559 2562
f 2550 2546 2562
f 2548 2547 2563
f 2547 2564 2563
f 2547 2552 2564
f 2548 2563 2565
f 2566 2549 2548
f 2565 2566 2548
f 2566 2567 2549
f 2567 2556 2549
f 2550 2562 2568
f 2568 2551 2550
f 2568 2569 2551
f 2570 2551 2571
f 2572 2571 2551
f 2572 2551 2569
f 2551 2570 2552
f 2564 2552 2573
f 2573 2552 2570
f 2574 2561 2553
f 2574 2553 2555
f 2554 2575 2576
f 2555 2554 2576
f 2577 2554 2578
f 2554 2577 2579
f 2575 2554 2579
f 2556 2578 2554
f 2576 2574 2555
f 2580 2556 2567
f 2578 2556 2580
f 2581 2558 2557
f 2557 2560 2581
f 2581 2582 2558
f 2583 2558 2582
f 2559 2558 2583
f 2562 2559 2583
f 2560 2584 2581
f 2584 2560 2585
f 2585 2560 2561
f 2585 2561 2574
f 2562 2583 2586
f 2568 2562 2586
f 2565 2563 2587
f 2563 2564 2588
f 2563 2588 2587
f 2573 2588 2564
f 2565 2587 2589
f 2590 2566 2565
f 2589 2590 2565
f 2591 2567 2566
f 2590 2591 2566
f 2567 2591 2580
f 2568 2586 2592
f 2592 2569 2568
f 2592 2593 2569
f 2594 2572 2569
f 2594 2569 2593
f 2595 2596 2570
f 2595 2570 2597
f 2570 2571 2572
f 2570 2572 2597
f 2570 2596 2598
f 2570 2598 2573
f 2572 2599 2600
f 2572 2600 2597
f 2594 2599 2572
f 2601 2573 2602
f 2573 2601 2603
f 2573 2603 2604
f 2598 2602 2573
f 2573 2604 2588
f 2605 2585 2574
f 2605 2574 2576
f 2575 2606 2607
f 2576 2575 2607
f 2575 2579 2608
f 2606 2575 2608
f 2607 2605 2576
f 2579 2577 2578
f 2578 2609 2610
f 2611 2578 2610
f 2611 2579 2578
f 2612 2609 2578
f 2580 2612 2578
f 2613 2614 2579
f 2611 2613 2579
f 2579 2614 2608
f 2615 2580 2601
f 2603 2601 2580
f 2616 2603 2580
f 2580 2615 2612
f 2591 2616 2580
f 2582 2581 2617
f 2617 2581 2584
f 2583 2582 2618
f 2618 2582 2617
f 2619 2586 2583
f 2619 2583 2618
f 2620 2584 2585
f 2617 2584 2620
f 2585 2605 2621
f 2620 2585 2621
f 2622 2592 2586
f 2622 2586 2619
f 2623 2624 2587
f 2587 2625 2623
f 2587 2604 2625
f 2604 2587 2588
f 2589 2587 2617
f 2587 2626 2617
f 2624 2626 2587
f 2617 2590 2589
f 2590 2627 2628
f 2628 2629 2590
f 2629 2616 2590
f 2591 2590 2616
f 2617 2630 2590
f 2590 2630 2627
f 2622 2593 2592
f 2626 2594 2593
f 2622 2626 2593
f 2626 2624 2594
f 2594 2631 2599
f 2631 2594 2632
f 2632 2594 2624
f 2633 2634 2595
f 2634 2596 2595
f 2595 2597 2631
f 2635 2595 2631
f 2633 2595 2635
f 2636 2637 2596
f 2634 2638 2596
f 2596 2637 2598
f 2596 2639 2636
f 2596 2638 2639
f 2597 2600 2631
f 2602 2598 2640
f 2641 2640 2598
f 2641 2598 2637
f 2631 2642 2599
f 2642 2600 2599
f 2642 2643 2600
f 2643 2644 2600
f 2600 2644 2631
f 2601 2602 2645
f 2645 2615 2601
f 2645 2602 2646
f 2602 2640 2646
f 2647 2648 2603
f 2603 2648 2649
f 2603 2649 2650
f 2650 2604 2603
f 2603 2651 2647
f 2652 2651 2603
f 2653 2652 2603
f 2603 2616 2653
f 2650 2654 2604
f 2604 2654 2625
f 2605 2607 2655
f 2621 2605 2655
f 2607 2606 2655
f 2606 2608 2630
f 2606 2630 2655
f 2608 2627 2630
f 2614 2656 2608
f 2657 2608 2656
f 2627 2608 2657
f 2609 2658 2659
f 2610 2609 2660
f 2609 2661 2660
f 2612 2658 2609
f 2659 2662 2609
f 2662 2661 2609
f 2610 2660 2663
f 2656 2611 2610
f 2656 2610 2664
f 2664 2610 2663
f 2656 2613 2611
f 2665 2612 2615
f 2612 2665 2666
f 2658 2612 2666
f 2613 2667 2668
f 2614 2613 2668
f 2613 2669 2667
f 2656 2669 2613
f 2614 2668 2656
f 2670 2615 2645
f 2670 2665 2615
f 2616 2671 2653
f 2629 2671 2616
f 2619 2618 2617
f 2622 2619 2617
f 2626 2622 2617
f 2617 2620 2621
f 2617 2621 2655
f 2617 2655 2630
f 2624 2623 2632
f 2633 2632 2623
f 2672 2633 2623
f 2672 2623 2673
f 2623 2654 2673
f 2654 2623 2625
f 2657 2628 2627
f 2628 2657 2663
f 2628 2663 2674
f 2675 2628 2674
f 2675 2671 2628
f 2629 2628 2671
f 2631 2644 2642
f 2631 2632 2635
f 2633 2635 2632
f 2633 2676 2634
f 2676 2633 2672
f 2634 2676 2677
f 2638 2634 2677
f 2641 2637 2636
f 2636 2678 2679
f 2636 2679 2680
f 2636 2680 2641
f 2678 2636 2681
f 2639 2681 2636
f 2638 2677 2672
f 2638 2672 2673
f 2654 2639 2638
f 2654 2638 2673
f 2650 2639 2654
f 2681 2639 2649
f 2649 2639 2650
f 2641 2682 2640
f 2640 2682 2646
f 2641 2680 2682
f 2642 2644 2643
f 2645 2646 2683
f 2645 2683 2684
f 2685 2670 2645
f 2684 2685 2645
f 2646 2682 2683
f 2686 2648 2647
f 2647 2687 2688
f 2647 2688 2686
f 2647 2651 2689
f 2690 2687 2647
f 2689 2690 2647
f 2686 2649 2648
f 2686 2681 2649
f 2651 2652 2689
f 2652 2691 2689
f 2652 2662 2691
f 2653 2662 2652
f 2671 2662 2653
f 2668 2669 2656
f 2664 2657 2656
f 2657 2664 2663
f 2659 2658 2666
f 2692 2693 2659
f 2694 2692 2659
f 2666 2694 2659
f 2691 2659 2693
f 2659 2691 2662
f 2660 2695 2663
f 2696 2695 2660
f 2696 2660 2661
f 2674 2696 2661
f 2675 2674 2661
f 2661 2662 2671
f 2675 2661 2671
f 2674 2663 2695
f 2665 2697 2666
f 2670 2697 2665
f 2697 2694 2666
f 2667 2669 2668
f 2685 2697 2670
f 2676 2672 2677
f 2696 2674 2695
f 2688 2678 2681
f 2698 2679 2678
f 2698 2678 2688
f 2699 2700 2679
f 2699 2679 2698
f 2700 2680 2679
f 2700 2682 2680
f 2688 2681 2686
f 2683 2682 2700
f 2683 2700 2699
f 2683 2699 2701
f 2684 2683 2701
f 2701 2685 2684
f 2702 2697 2685
f 2703 2702 2685
f 2701 2703 2685
f 2687 2704 2698
f 2687 2698 2688
f 2705 2704 2687
f 2690 2705 2687
f 2689 2691 2690
f 2691 2693 2690
f 2690 2693 2705
f 2693 2692 2705
f 2692 2702 2703
f 2705 2692 2703
f 2692 2694 2702
f 2694 2697 2702
f 2704 2706 2698
f 2707 2699 2698
f 2707 2698 2706
f 2708 2701 2699
f 2708 2699 2707
f 2701 2708 2709
f 2709 2710 2701
f 2703 2701 2710
f 2705 2703 2711
f 2711 2703 2710
f 2704 2712 2706
f 2713 2712 2704
f 2714 2715 2704
f 2705 2714 2704
f 2704 2715 2713
f 2714 2705 2711
f 2708 2707 2706
f 2708 2706 2716
f 2712 2716 2706
f 2709 2708 2716
f 2709 2716 2717
f 2718 2710 2709
f 2717 2718 2709
f 2714 2711 2710
f 2718 2714 2710
f 2717 2716 2712
f 2717 2712 2713
f 2713 2715 2717
f 2714 2718 2715
f 2715 2718 2717
f 2719 2720 2721
f 2722 2720 2719
f 2722 2719 2723
f 2721 2724 2719
f 2719 2724 2725
f 2723 2719 2725
f 2720 2726 2721
f 2726 2720 2722
f 2726 2727 2721
f 2728 2729 2721
f 2721 2730 2728
f 2731 2730 2721
f 2721 2727 2731
f 2721 2732 2724
f 2721 2733 2732
f 2721 2729 2734
f 2734 2735 2721
f 2721 2735 2736
f 2736 2733 2721
f 2737 2738 2722
f 2737 2722 2723
f 2739 2722 2738
f 2726 2722 2739
f 2723 2725 2737
f 2725 2724 2732
f 2725 2740 2737
f 2740 2725 2741
f 2741 2725 2732
f 2727 2726 2739
f 2727 2739 2742
f 2731 2727 2742
f 2729 2728 2743
f 2730 2743 2728
f 2729 2743 2744
f 2745 2734 2729
f 2744 2745 2729
f 2746 2747 2730
f 2746 2730 2731
f 2730 2747 2748
f 2730 2748 2743
f 2731 2742 2746
f 2741 2732 2733
f 2749 2741 2733
f 2749 2733 2736
f 2734 2745 2735
f 2735 2750 2751
f 2736 2735 2751
f 2752 2750 2735
f 2745 2752 2735
f 2751 2749 2736
f 2753 2738 2737
f 2737 2740 2753
f 2753 2754 2738
f 2755 2738 2754
f 2739 2738 2755
f 2742 2739 2755
f 2740 2756 2753
f 2756 2740 2757
f 2757 2740 2741
f 2757 2741 2749
f 2742 2755 2758
f 2746 2742 2758
f 2759 2744 2743
f 2759 2743 2748
f 2744 2759 2760
f 2760 2761 2744
f 2745 2744 2761
f 2752 2745 2761
f 2746 2758 2762
f 2762 2747 2746
f 2762 2763 2747
f 2748 2747 2764
f 2747 2763 2764
f 2759 2748 2764
f 2765 2757 2749
f 2765 2749 2751
f 2750 2766 2767
f 2751 2750 2767
f 2768 2750 2752
f 2768 2766 2750
f 2767 2765 2751
f 2768 2752 2761
f 2769 2754 2753
f 2753 2756 2769
f 2769 2770 2754
f 2771 2754 2770
f 2755 2754 2771
f 2758 2755 2771
f 2756 2772 2769
f 2772 2756 2773
f 2773 2756 2757
f 2773 2757 2765
f 2758 2771 2774
f 2762 2758 2774
f 2760 2759 2775
f 2759 2776 2775
f 2759 2764 2776
f 2760 2775 2777
f 2778 2761 2760
f 2777 2778 2760
f 2778 2779 2761
f 2779 2768 2761
f 2762 2774 2780
f 2780 2763 2762
f 2780 2781 2763
f 2782 2763 2783
f 2784 2783 2763
f 2784 2763 2781
f 2763 2782 2764
f 2776 2764 2785
f 2785 2764 2782
f 2786 2773 2765
f 2786 2765 2767
f 2766 2787 2788
f 2767 2766 2788
f 2789 2766 2790
f 2766 2789 2791
f 2787 2766 2791
f 2768 2790 2766
f 2788 2786 2767
f 2792 2768 2779
f 2790 2768 2792
f 2793 2770 2769
f 2769 2772 2793
f 2793 2794 2770
f 2795 2770 2794
f 2771 2770 2795
f 2774 2771 2795
f 2772 2796 2793
f 2796 2772 2797
f 2797 2772 2773
f 2797 2773 2786
f 2774 2795 2798
f 2780 2774 2798
f 2777 2775 2799
f 2775 2776 2800
f 2775 2800 2799
f 2785 2800 2776
f 2777 2799 2801
f 2802 2778 2777
f 2801 2802 2777
f 2803 2779 2778
f 2802 2803 2778
f 2779 2803 2792
f 2780 2798 2804
f 2804 2781 2780
f 2804 2805 2781
f 2806 2784 2781
f 2806 2781 2805
f 2807 2808 2782
f 2807 2782 2809
f 2782 2783 2784
f 2782 2784 2809
f 2782 2808 2810
f 2782 2810 2785
f 2784 2811 2812
f 2784 2812 2809
f 2806 2811 2784
f 2813 2785 2814
f 2785 2813 2815
f 2785 2815 2816
f 2810 2814 2785
f 2785 2816 2800
f 2817 2797 2786
f 2817 2786 2788
f 2787 2818 2819
f 2788 2787 2819
f 2787 2791 2820
f 2818 2787 2820
f 2819 2817 2788
f 2791 2789 2790
f 2790 2821 2822
f 2823 2790 2822
f 2823 2791 2790
f 2824 2821 2790
f 2792 2824 2790
f 2825 2826 2791
f 2823 2825 2791
f 2791 2826 2820
f 2827 2792 2813
f 2815 2813 2792
f 2828 2815 2792
f 2792 2827 2824
f 2803 2828 2792
f 2794 2793 2829
f 2829 2793 2796
f 2795 2794 2830
f 2830 2794 2829
f 2831 2798 2795
f 2831 2795 2830
f 2832 2796 2797
f 2829 2796 2832
f 2797 2817 2833
f 2832 2797 2833
f 2834 2804 2798
f 2834 2798 2831
f 2835 2836 2799
f 2799 2837 2835
f 2799 2816 2837
f 2816 2799 2800
f 2801 2799 2829
f 2799 2838 2829
f 2836 2838 2799
f 2829 2802 2801
f 2802 2839 2840
f 2840 2841 2802
f 2841 2828 2802
f 2803 2802 2828
f 2829 2842 2802
f 2802 2842 2839
f 2834 2805 2804
f 2838 2806 2805
f 2834 2838 2805
f 2838 2836 2806
f 2806 2843 2811
f 2843 2806 2844
f 2844 2806 2836
f 2845 2846 2807
f 2846 2808 2807
f 2807 2809 2843
f 2847 2807 2843
f 2845 2807 2847
f 2848 2849 2808
f 2846 2850 2808
f 2808 2849 2810
f 2808 2851 2848
f 2808 2850 2851
f 2809 2812 2843
f 2814 2810 2852
f 2853 2852 2810
f 2853 2810 2849
f 2843 2854 2811
f 2854 2812 2811
f 2854 2855 2812
f 2855 2856 2812
f 2812 2856 2843
f 2813 2814 2857
f 2857 2827 2813
f 2857 2814 2858
f 2814 2852 2858
f 2859 2860 2815
f 2815 2860 2861
f 2815 2861 2862
f 2862 2816 2815
f 2815 2863 2859
f 2864 2863 2815
f 2865 2864 2815
f 2815 2828 2865
f 2862 2866 2816
f 2816 2866 2837
f 2817 2819 2867
f 2833 2817 2867
f 2819 2818 2867
f 2818 2820 2842
f 2818 2842 2867
f 2820 2839 2842
f 2826 2868 2820
f 2869 2820 2868
f 2839 2820 2869
f 2821 2870 2871
f 2822 2821 2872
f 2821 2873 2872
f 2824 2870 2821
f 2871 2874 2821
f 2874 2873 2821
f 2822 2872 2875
f 2868 2823 2822
f 2868 2822 2876
f 2876 2822 2875
f 2868 2825 2823
f 2877 2824 2827
f 2824 2877 2878
f 2870 2824 2878
f 2825 2879 2880
f 2826 2825 2880
f 2825 2881 2879
f 2868 2881 2825
f 2826 2880 2868
f 2882 2827 2857
f 2882 2877 2827
f 2828 2883 2865
f 2841 2883 2828
f 2831 2830 2829
f 2834 2831 2829
f 2838 2834 2829
f 2829 2832 2833
f 2829 2833 2867
f 2829 2867 2842
f 2836 2835 2844
f 2845 2844 2835
f 2884 2845 2835
f 2884 2835 2885
f 2835 2866 2885
f 2866 2835 2837
f 2869 2840 2839
f 2840 2869 2875
f 2840 2875 2886
f 2887 2840 2886
f 2887 2883 2840
f 2841 2840 2883
f 2843 2856 2854
f 2843 2844 2847
f 2845 2847 2844
f 2845 2888 2846
f 2888 2845 2884
f 2846 2888 2889
f 2850 2846 2889
f 2853 2849 2848
f 2848 2890 2891
f 2848 2891 2892
f 2848 2892 2853
f 2890 2848 2893
f 2851 2893 2848
f 2850 2889 2884
f 2850 2884 2885
f 2866 2851 2850
f 2866 2850 2885
f 2862 2851 2866
f 2893 2851 2861
f 2861 2851 2862
f 2853 2894 2852
f 2852 2894 2858
f 2853 2892 2894
f 2854 2856 2855
f 2857 2858 2895
f 2857 2895 2896
f 2897 2882 2857
f 2896 2897 2857
f 2858 2894 2895
f 2898 2860 2859
f 2859 2899 2900
f 2859 2900 2898
f 2859 2863 2901
f 2902 2899 2859
f 2901 2902 2859
f 2898 2861 2860
f 2898 2893 2861
f 2863 2864 2901
f 2864 2903 2901
f 2864 2874 2903
f 2865 2874 2864
f 2883 2874 2865
f 2880 2881 2868
f 2876 2869 2868
f 2869 2876 2875
f 2871 2870 2878
f 2904 2905 2871
f 2906 2904 2871
f 2878 2906 2871
f 2903 2871 2905
f 2871 2903 2874
f 2872 2907 2875
f 2908 2907 2872
f 2908 2872 2873
f 2886 2908 2873
f 2887 2886 2873
f 2873 2874 2883
f 2887 2873 2883
f 2886 2875 2907
f 2877 2909 2878
f 2882 2909 2877
f 2909 2906 2878
f 2879 2881 2880
f 2897 2909 2882
f 2888 2884 2889
f 2908 2886 2907
f 2900 2890 2893
f 2910 2891 2890
f 2910 2890 2900
f 2911 2912 2891
f 2911 2891 2910
f 2912 2892 2891
f 2912 2894 2892
f 2900 2893 2898
f 2895 2894 2912
f 2895 2912 2911
f 2895 2911 2913
f 2896 2895 2913
f 2913 2897 2896
f 2914 2909 2897
f 2915 2914 2897
f 2913 2915 2897
f 2899 2916 2910
f 2899 2910 2900
f 2917 2916 2899
f 2902 2917 2899
f 2901 2903 2902
f 2903 2905 2902
f 2902 2905 2917
f 2905 2904 2917
f 2904 2914 2915
f 2917 2904 2915
f 2904 2906 2914
f 2906 2909 2914
f 2916 2918 2910
f 2919 2911 2910
f 2919 2910 2918
f 2920 2913 2911
f 2920 2911 2919
f 2913 2920 2921
f 2921 2922 2913
f 2915 2913 2922
f 2917 2915 2923
f 2923 2915 2922
f 2916 2924 2918
f 2925 2924 2916
f 2926 2927 2916
f 2917 2926 2916
f 2916 2927 2925
f 2926 2917 2923
f 2920 2919 2918
f 2920 2918 2928
f 2924 2928 2918
f 2921 2920 2928
f 2921 2928 2929
f 2930 2922 2921
f 2929 2930 2921
f 2926 2923 2922
f 2930 2926 2922
f 2929 2928 2924
f 2929 2924 2925
f 2925 2927 2929
f 2926 2930 2927
f 2927 2930 2929
f 2931 2932 2933
f 2934 2932 2931
f 2934 2931 2935
f 2933 2936 2931
f 2931 2936 2937
f 2935 2931 2937
f 2932 2938 2933
f 2938 2932 2934
f 2938 2939 2933
f 2940 2941 2933
f 2933 2942 2940
f 2943 2942 2933
f 2933 2939 2943
f 2933 2944 2936
f 2933 2945 2944
f 2933 2941 2946
f 2946 2947 2933
f 2933 2947 2948
f 2948 2945 2933
f 2949 2950 2934
f 2949 2934 2935
f 2951 2934 2950
f 2938 2934 2951
f 2935 2937 2949
f 2937 2936 2944
f 2937 2952 2949
f 2952 2937 2953
f 2953 2937 2944
f 2939 2938 2951
f 2939 2951 2954
f 2943 2939 2954
f 2941 2940 2955
f 2942 2955 2940
f 2941 2955 2956
f 2957 2946 2941
f 2956 2957 2941
f 2958 2959 2942
f 2958 2942 2943
f 2942 2959 2960
f 2942 2960 2955
f 2943 2954 2958
f 2953 2944 2945
f 2961 2953 2945
f 2961 2945 2948
f 2946 2957 2947
f 2947 2962 2963
f 2948 2947 2963
f 2964 2962 2947
f 2957 2964 2947
f 2963 2961 2948
f 2965 2950 2949
f 2949 2952 2965
f 2965 2966 2950
f 2967 2950 2966
f 2951 2950 2967
f 2954 2951 2967
f 2952 2968 2965
f 2968 2952 2969
f 2969 2952 2953
f 2969 2953 2961
f 2954 2967 2970
f 2958 2954 2970
f 2971 2956 2955
f 2971 2955 2960
f 2956 2971 2972
f 2972 2973 2956
f 2957 2956 2973
f 2964 2957 2973
f 2958 2970 2974
f 2974 2959 2958
f 2974 2975 2959
f 2960 2959 2976
f 2959 2975 2976
f 2971 2960 2976
f 2977 2969 2961
f 2977 2961 2963
f 2962 2978 2979
f 2963 2962 2979
f 2980 2962 2964
f 2980 2978 2962
f 2979 2977 2963
f 2980 2964 2973
f 2981 2966 2965
f 2965 2968 2981
f 2981 2982 2966
f 2983 2966 2982
f 2967 2966 2983
f 2970 2967 2983
f 2968 2984 2981
f 2984 2968 2985
f 2985 2968 2969
f 2985 2969 2977
f 2970 2983 2986
f 2974 2970 2986
f 2972 2971 2987
f 2971 2988 2987
f 2971 2976 2988
f 2972 2987 2989
f 2990 2973 2972
f 2989 2990 2972
f 2990 2991 2973
f 2991 2980 2973
f 2974 2986 2992
f 2992 2975 2974
f 2992 2993 2975
f 2994 2975 2995
f 2996 2995 2975
f 2996 2975 2993
f 2975 2994 2976
f 2988 2976 2997
f 2997 2976 2994
f 2998 2985 2977
f 2998 2977 2979
f 2978 2999 3000
f 2979 2978 3000
f 3001 2978 3002
f 2978 3001 3003
f 2999 2978 3003
f 2980 3002 2978
f 3000 2998 2979
f 3004 2980 2991
f 3002 2980 3004
f 3005 2982 2981
f 2981 2984 3005
f 3005 3006 2982
f 3007 2982 3006
f 2983 2982 3007
f 2986 2983 3007
f 2984 3008 3005
f 3008 2984 3009
f 3009 2984 2985
f 3009 2985 2998
f 2986 3007 3010
f 2992 2986 3010
f 2989 2987 3011
f 2987 2988 3012
f 2987 3012 3011
f 2997 3012 2988
f 2989 3011 3013
f 3014 2990 2989
f 3013 3014 2989
f 3015 2991 2990
f 3014 3015 2990
f 2991 3015 3004
f 2992 3010 3016
f 3016 2993 2992
f 3016 3017 2993
f 3018 2996 2993
f 3018 2993 3017
f 3019 3020 2994
f 3019 2994 3021
f 2994 2995 2996
f 2994 2996 3021
f 2994 3020 3022
f 2994 3022 2997
f 2996 3023 3024
f 2996 3024 3021
f 3018 3023 2996
f 3025 2997 3026
f 2997 3025 3027
f 2997 3027 3028
f 3022 3026 2997
f 2997 3028 3012
f 3029 3009 2998
f 3029 2998 3000
f 2999 3030 3031
f 3000 2999 3031
f 2999 3003 3032
f 3030 2999 3032
f 3031 3029 3000
f 3003 3001 3002
f 3002 3033 3034
f 3035 3002 3034
f 3035 3003 3002
f 3036 3033 3002
f 3004 3036 3002
f 3037 3038 3003
f 3035 3037 3003
f 3003 3038 3032
f 3039 3004 3025
f 3027 3025 3004
f 3040 3027 3004
f 3004 3039 3036
f 3015 3040 3004
f 3006 3005 3041
f 3041 3005 3008
f 3007 3006 3042
f 3042 3006 3041
f 3043 3010 3007
f 3043 3007 3042
f 3044 3008 3009
f 3041 3008 3044
f 3009 3029 3045
f 3044 3009 3045
f 3046 3016 3010
f 3046 3010 3043
f 3047 3048 3011
f 3011 3049 3047
f 3011 3028 3049
f 3028 3011 3012
f 3013 3011 3041
f 3011 3050 3041
f 3048 3050 3011
f 3041 3014 3013
f 3014 3051 3052
f 3052 3053 3014
f 3053 3040 3014
f 3015 3014 3040
f 3041 3054 3014
f 3014 3054 3051
f 3046 3017 3016
f 3050 3018 3017
f 3046 3050 3017
f 3050 3048 3018
f 3018 3055 3023
f 3055 3018 3056
f 3056 3018 3048
f 3057 3058 3019
f 3058 3020 3019
f 3019 3021 3055
f 3059 3019 3055
f 3057 3019 3059
f 3060 3061 3020
f 3058 3062 3020
f 3020 3061 3022
f 3020 3063 3060
f 3020 3062 3063
f 3021 3024 3055
f 3026 3022 3064
f 3065 3064 3022
f 3065 3022 3061
f 3055 3066 3023
f 3066 3024 3023
f 3066 3067 3024
f 3067 3068 3024
f 3024 3068 3055
f 3025 3026 3069
f 3069 3039 3025
f 3069 3026 3070
f 3026 3064 3070
f 3071 3072 3027
f 3027 3072 3073
f 3027 3073 3074
f 3074 3028 3027
f 3027 3075 3071
f 3076 3075 3027
f 3077 3076 3027
f 3027 3040 3077
f 3074 3078 3028
f 3028 3078 3049
f 3029 3031 3079
f 3045 3029 3079
f 3031 3030 3079
f 3030 3032 3054
f 3030 3054 3079
f 3032 3051 3054
f 3038 3080 3032
f 3081 3032 3080
f 3051 3032 3081
f 3033 3082 3083
f 3034 3033 3084
f 3033 3085 3084
f 3036 3082 3033
f 3083 3086 3033
f 3086 3085 3033
f 3034 3084 3087
f 3080 3035 3034
f 3080 3034 3088
f 3088 3034 3087
f 3080 3037 3035
f 3089 3036 3039
f 3036 3089 3090
f 3082 3036 3090
f 3037 3091 3092
f 3038 3037 3092
f 3037 3093 3091
f 3080 3093 3037
f 3038 3092 3080
f 3094 3039 3069
f 3094 3089 3039
f 3040 3095 3077
f 3053 3095 3040
f 3043 3042 3041
f 3046 3043 3041
f 3050 3046 3041
f 3041 3044 3045
f 3041 3045 3079
f 3041 3079 3054
f 3048 3047 3056
f 3057 3056 3047
f 3096 3057 3047
f 3096 3047 3097
f 3047 3078 3097
f 3078 3047 3049
f 3081 3052 3051
f 3052 3081 3087
f 3052 3087 3098
f 3099 3052 3098
f 3099 3095 3052
f 3053 3052 3095
f 3055 3068 3066
f 3055 3056 3059
f 3057 3059 3056
f 3057 3100 3058
f 3100 3057 3096
f 3058 3100 3101
f 3062 3058 3101
f 3065 3061 3060
f 3060 3102 3103
f 3060 3103 3104
f 3060 3104 3065
f 3102 3060 3105
f 3063 3105 3060
f 3062 3101 3096
f 3062 3096 3097
f 3078 3063 3062
f 3078 3062 3097
f 3074 3063 3078
f 3105 3063 3073
f 3073 3063 3074
f 3065 3106 3064
f 3064 3106 3070
f 3065 3104 3106
f 3066 3068 3067
f 3069 3070 3107
f 3069 3107 3108
f 3109 3094 3069
f 3108 3109 3069
f 3070 3106 3107
f 3110 3072 3071
f 3071 3111 3112
f 3071 3112 3110
f 3071 3075 3113
f 3114 3111 3071
f 3113 3114 3071
f 3110 3073 3072
f 3110 3105 3073
f 3075 3076 3113
f 3076 3115 3113
f 3076 3086 3115
f 3077 3086 3076
f 3095 3086 3077
f 3092 3093 3080
f 3088 3081 3080
f 3081 3088 3087
f 3083 3082 3090
f 3116 3117 3083
f 3118 3116 3083
f 3090 3118 3083
f 3115 3083 3117
f 3083 3115 3086
f 3084 3119 3087
f 3120 3119 3084
f 3120 3084 3085
f 3098 3120 3085
f 3099 3098 3085
f 3085 3086 3095
f 3099 3085 3095
f 3098 3087 3119
f 3089 3121 3090
f 3094 3121 3089
f 3121 3118 3090
f 3091 3093 3092
f 3109 3121 3094
f 3100 3096 3101
f 3120 3098 3119
f 3112 3102 3105
f 3122 3103 3102
f 3122 3102 3112
f 3123 3124 3103
f 3123 3103 3122
f 3124 3104 3103
f 3124 3106 3104
f 3112 3105 3110
f 3107 3106 3124
f 3107 3124 3123
f 3107 3123 3125
f 3108 3107 3125
f 3125 3109 3108
f 3126 3121 3109
f 3127 3126 3109
f 3125 3127 3109
f 3111 3128 3122
f 3111 3122 3112
f 3129 3128 3111
f 3114 3129 3111
f 3113 3115 3114
f 3115 3117 3114
f 3114 3117 3129
f 3117 3116 3129
f 3116 3126 3127
f 3129 3116 3127
f 3116 3118 3126
f 3118 3121 3126
f 3128 3130 3122
f 3131 3123 3122
f 3131 3122 3130
f 3132 3125 3123
f 3132 3123 3131
f 3125 3132 3133
f 3133 3134 3125
f 3127 3125 3134
f 3129 3127 3135
f 3135 3127 3134
f 3128 3136 3130
f 3137 3136 3128
f 3138 3139 3128
f 3129 3138 3128
f 3128 3139 3137
f 3138 3129 3135
f 3132 3131 3130
f 3132 3130 3140
f 3136 3140 3130
f 3133 3132 3140
f 3133 3140 3141
f 3142 3134 3133
f 3141 3142 3133
f 3138 3135 3134
f 3142 3138 3134
f 3141 3140 3136
f 3141 3136 3137
f 3137 3139 3141
f 3138 3142 3139
f 3139 3142 3141
f 3143 3144 3145
f 3143 3146 3144
f 3143 3147 3146
f 3143 3148 3149
f 3149 3150 3143
f 3143 3150 3151
f 3151 3147 3143
f 3145 3152 3143
f 3152 3153 3143
f 3153 3154 3143
f 3155 3148 3143
f 3143 3156 3155
f 3157 3156 3143
f 3143 3154 3157
f 3145 3144 3158
f 3158 3144 3146
f 3159 3145 3158
f 3160 3152 3145
f 3160 3145 3159
f 3161 3158 3146
f 3161 3146 3147
f 3162 3161 3147
f 3162 3147 3151
f 3163 3149 3148
f 3164 3163 3148
f 3148 3155 3165
f 3148 3165 3164
f 3149 3163 3150
f 3150 3166 3167
f 3151 3150 3167
f 3168 3166 3150
f 3163 3168 3150
f 3167 3162 3151
f 3153 3152 3160
f 3153 3160 3169
f 3154 3153 3169
f 3154 3169 3170
f 3157 3154 3170
f 3156 3165 3155
f 3171 3172 3156
f 3171 3156 3157
f 3156 3172 3173
f 3156 3173 3165
f 3157 3170 3171
f 3158 3174 3175
f 3159 3158 3175
f 3174 3158 3161
f 3175 3160 3159
f 3175 3176 3160
f 3169 3160 3176
f 3177 3174 3161
f 3177 3161 3162
f 3178 3177 3162
f 3178 3162 3167
f 3163 3164 3179
f 3168 3163 3179
f 3180 3179 3164
f 3164 3181 3180
f 3181 3164 3165
f 3181 3165 3173
f 3166 3182 3183
f 3167 3166 3183
f 3184 3166 3168
f 3184 3182 3166
f 3183 3178 3167
f 3184 3168 3179
f 3169 3176 3185
f 3170 3169 3185
f 3170 3185 3186
f 3171 3170 3186
f 3171 3186 3187
f 3187 3172 3171
f 3187 3188 3172
f 3173 3172 3189
f 3172 3188 3189
f 3181 3173 3189
f 3174 3190 3191
f 3175 3174 3191
f 3190 3174 3177
f 3191 3176 3175
f 3191 3192 3176
f 3185 3176 3192
f 3193 3190 3177
f 3193 3177 3178
f 3194 3193 3178
f 3194 3178 3183
f 3195 3179 3180
f 3195 3196 3179
f 3196 3184 3179
f 3197 3195 3180
f 3180 3181 3198
f 3180 3198 3197
f 3181 3199 3198
f 3181 3189 3199
f 3182 3200 3201
f 3183 3182 3201
f 3202 3182 3203
f 3182 3202 3204
f 3200 3182 3204
f 3184 3203 3182
f 3201 3194 3183
f 3184 3205 3203
f 3205 3184 3196
f 3185 3192 3206
f 3186 3185 3206
f 3186 3206 3207
f 3187 3186 3207
f 3187 3207 3208
f 3208 3188 3187
f 3208 3209 3188
f 3210 3188 3211
f 3212 3211 3188
f 3212 3188 3209
f 3188 3210 3189
f 3210 3213 3189
f 3199 3189 3213
f 3190 3214 3215
f 3191 3190 3215
f 3214 3190 3193
f 3215 3192 3191
f 3215 3216 3192
f 3206 3192 3216
f 3217 3214 3193
f 3217 3193 3194
f 3218 3217 3194
f 3218 3194 3201
f 3219 3195 3197
f 3220 3196 3195
f 3219 3220 3195
f 3196 3220 3205
f 3221 3219 3197
f 3197 3198 3222
f 3197 3222 3221
f 3198 3199 3223
f 3198 3223 3222
f 3213 3223 3199
f 3200 3224 3225
f 3201 3200 3225
f 3200 3204 3226
f 3224 3200 3226
f 3225 3218 3201
f 3204 3202 3203
f 3203 3227 3228
f 3229 3203 3228
f 3229 3204 3203
f 3230 3227 3203
f 3205 3230 3203
f 3231 3232 3204
f 3229 3231 3204
f 3204 3232 3226
f 3233 3205 3234
f 3235 3234 3205
f 3236 3235 3205
f 3205 3233 3230
f 3220 3236 3205
f 3206 3216 3237
f 3207 3206 3237
f 3207 3237 3238
f 3208 3207 3238
f 3208 3238 3239
f 3239 3209 3208
f 3239 3240 3209
f 3241 3212 3209
f 3241 3209 3240
f 3242 3243 3210
f 3242 3210 3244
f 3210 3211 3212
f 3210 3212 3244
f 3210 3243 3245
f 3210 3245 3213
f 3212 3246 3247
f 3212 3247 3244
f 3241 3246 3212
f 3234 3213 3248
f 3213 3234 3235
f 3213 3235 3249
f 3245 3248 3213
f 3213 3249 3223
f 3214 3250 3251
f 3215 3214 3251
f 3250 3214 3217
f 3251 3216 3215
f 3251 3252 3216
f 3237 3216 3252
f 3253 3250 3217
f 3217 3218 3254
f 3253 3217 3254
f 3218 3225 3255
f 3254 3218 3255
f 3219 3256 3257
f 3257 3258 3219
f 3258 3236 3219
f 3220 3219 3236
f 3259 3219 3221
f 3259 3260 3219
f 3219 3260 3256
f 3221 3222 3259
f 3261 3262 3222
f 3222 3263 3261
f 3222 3249 3263
f 3249 3222 3223
f 3222 3264 3259
f 3262 3264 3222
f 3225 3224 3255
f 3224 3226 3260
f 3224 3260 3255
f 3226 3256 3260
f 3232 3265 3226
f 3266 3226 3265
f 3256 3226 3266
f 3227 3267 3268
f 3228 3227 3269
f 3227 3270 3269
f 3230 3267 3227
f 3268 3271 3227
f 3271 3270 3227
f 3228 3269 3272
f 3265 3229 3228
f 3265 3228 3273
f 3273 3228 3272
f 3265 3231 3229
f 3274 3230 3233
f 3230 3274 3275
f 3267 3230 3275
f 3231 3276 3277
f 3232 3231 3277
f 3231 3278 3276
f 3265 3278 3231
f 3232 3277 3265
f 3279 3233 3280
f 3280 3233 3234
f 3279 3274 3233
f 3234 3248 3280
f 3235 3281 3282
f 3283 3281 3235
f 3284 3283 3235
f 3235 3236 3284
f 3282 3285 3235
f 3235 3285 3286
f 3235 3286 3287
f 3287 3249 3235
f 3236 3288 3284
f 3258 3288 3236
f 3237 3252 3289
f 3290 3238 3237
f 3290 3237 3289
f 3291 3239 3238
f 3291 3238 3290
f 3291 3240 3239
f 3264 3241 3240
f 3291 3264 3240
f 3264 3262 3241
f 3241 3292 3246
f 3292 3241 3293
f 3293 3241 3262
f 3294 3295 3242
f 3295 3243 3242
f 3242 3244 3292
f 3296 3242 3292
f 3294 3242 3296
f 3297 3298 3243
f 3295 3299 3243
f 3243 3298 3245
f 3243 3300 3297
f 3243 3299 3300
f 3244 3247 3292
f 3248 3245 3301
f 3302 3301 3245
f 3302 3245 3298
f 3292 3303 3246
f 3303 3247 3246
f 3303 3304 3247
f 3304 3305 3247
f 3247 3305 3292
f 3280 3248 3306
f 3248 3301 3306
f 3287 3307 3249
f 3249 3307 3263
f 3259 3250 3253
f 3259 3251 3250
f 3252 3251 3259
f 3289 3252 3259
f 3259 3253 3254
f 3259 3254 3255
f 3259 3255 3260
f 3266 3257 3256
f 3257 3266 3272
f 3257 3272 3308
f 3309 3257 3308
f 3309 3288 3257
f 3258 3257 3288
f 3290 3289 3259
f 3291 3290 3259
f 3264 3291 3259
f 3262 3261 3293
f 3294 3293 3261
f 3310 3294 3261
f 3310 3261 3311
f 3261 3307 3311
f 3307 3261 3263
f 3277 3278 3265
f 3273 3266 3265
f 3266 3273 3272
f 3268 3267 3275
f 3312 3313 3268
f 3314 3312 3268
f 3275 3314 3268
f 3315 3268 3313
f 3268 3315 3271
f 3269 3316 3272
f 3317 3316 3269
f 3317 3269 3270
f 3308 3317 3270
f 3309 3308 3270
f 3270 3271 3288
f 3309 3270 3288
f 3288 3271 3284
f 3283 3271 3315
f 3284 3271 3283
f 3308 3272 3316
f 3274 3318 3275
f 3279 3318 3274
f 3318 3314 3275
f 3276 3278 3277
f 3319 3279 3280
f 3319 3318 3279
f 3320 3319 3280
f 3280 3306 3321
f 3280 3321 3320
f 3282 3281 3322
f 3281 3283 3322
f 3323 3324 3282
f 3322 3323 3282
f 3325 3285 3282
f 3282 3324 3326
f 3282 3326 3325
f 3283 3315 3322
f 3325 3286 3285
f 3325 3327 3286
f 3327 3300 3286
f 3286 3300 3287
f 3287 3300 3307
f 3292 3305 3303
f 3292 3293 3296
f 3294 3296 3293
f 3294 3328 3295
f 3328 3294 3310
f 3295 3328 3329
f 3299 3295 3329
f 3302 3298 3297
f 3297 3330 3331
f 3297 3331 3332
f 3297 3332 3302
f 3330 3297 3327
f 3300 3327 3297
f 3299 3329 3310
f 3299 3310 3311
f 3307 3300 3299
f 3307 3299 3311
f 3302 3333 3301
f 3301 3333 3306
f 3302 3332 3333
f 3303 3305 3304
f 3306 3333 3321
f 3317 3308 3316
f 3328 3310 3329
f 3313 3312 3334
f 3312 3335 3336
f 3334 3312 3336
f 3312 3314 3335
f 3315 3313 3323
f 3323 3313 3334
f 3314 3318 3335
f 3322 3315 3323
f 3335 3318 3319
f 3336 3335 3319
f 3337 3336 3319
f 3337 3319 3320
f 3320 3321 3337
f 3321 3333 3338
f 3321 3338 3339
f 3321 3339 3337
f 3323 3334 3324
f 3334 3340 3324
f 3324 3340 3341
f 3324 3341 3326
f 3326 3327 3325
f 3326 3330 3327
f 3341 3330 3326
f 3341 3331 3330
f 3339 3338 3331
f 3339 3331 3341
f 3338 3332 3331
f 3338 3333 3332
f 3334 3342 3340
f 3334 3336 3343
f 3342 3334 3343
f 3336 3337 3344
f 3343 3336 3344
f 3345 3344 3337
f 3337 3346 3345
f 3346 3337 3339
f 3347 3339 3341
f 3346 3339 3347
f 3342 3348 3340
f 3340 3348 3349
f 3340 3350 3351
f 3340 3351 3341
f 3349 3350 3340
f 3347 3341 3351
f 3342 3343 3344
f 3352 3342 3344
f 3342 3352 3348
f 3352 3344 3345
f 3353 3352 3345
f 3345 3346 3354
f 3345 3354 3353
f 3346 3347 3351
f 3346 3351 3354
f 3348 3352 3353
f 3349 3348 3353
f 3353 3350 3349
f 3353 3354 3350
f 3350 3354 3351
f 3355 3356 3357
f 3355 3358 3356
f 3355 3359 3358
f 3355 3360 3361
f 3361 3362 3355
f 3355 3362 3363
f 3363 3359 3355
f 3357 3364 3355
f 3364 3365 3355
f 3365 3366 3355
f 3367 3360 3355
f 3355 3368 3367
f 3369 3368 3355
f 3355 3366 3369
f 3357 3356 3370
f 3370 3356 3358
f 3371 3357 3370
f 3372 3364 3357
f 3372 3357 3371
f 3373 3370 3358
f 3373 3358 3359
f 3374 3373 3359
f 3374 3359 3363
f 3375 3361 3360
f 3376 3375 3360
f 3360 3367 3377
f 3360 3377 3376
f 3361 3375 3362
f 3362 3378 3379
f 3363 3362 3379
f 3380 3378 3362
f 3375 3380 3362
f 3379 3374 3363
f 3365 3364 3372
f 3365 3372 3381
f 3366 3365 3381
f 3366 3381 3382
f 3369 3366 3382
f 3368 3377 3367
f 3383 3384 3368
f 3383 3368 3369
f 3368 3384 3385
f 3368 3385 3377
f 3369 3382 3383
f 3370 3386 3387
f 3371 3370 3387
f 3386 3370 3373
f 3387 3372 3371
f 3387 3388 3372
f 3381 3372 3388
f 3389 3386 3373
f 3389 3373 3374
f 3390 3389 3374
f 3390 3374 3379
f 3375 3376 3391
f 3380 3375 3391
f 3392 3391 3376
f 3376 3393 3392
f 3393 3376 3377
f 3393 3377 3385
f 3378 3394 3395
f 3379 3378 3395
f 3396 3378 3380
f 3396 3394 3378
f 3395 3390 3379
f 3396 3380 3391
f 3381 3388 3397
f 3382 3381 3397
f 3382 3397 3398
f 3383 3382 3398
f 3383 3398 3399
f 3399 3384 3383
f 3399 3400 3384
f 3385 3384 3401
f 3384 3400 3401
f 3393 3385 3401
f 3386 3402 3403
f 3387 3386 3403
f 3402 3386 3389
f 3403 3388 3387
f 3403 3404 3388
f 3397 3388 3404
f 3405 3402 3389
f 3405 3389 3390
f 3406 3405 3390
f 3406 3390 3395
f 3407 3391 3392
f 3407 3408 3391
f 3408 3396 3391
f 3409 3407 3392
f 3392 3393 3410
f 3392 3410 3409
f 3393 3411 3410
f 3393 3401 3411
f 3394 3412 3413
f 3395 3394 3413
f 3414 3394 3415
f 3394 3414 3416
f 3412 3394 3416
f 3396 3415 3394
f 3413 3406 3395
f 3396 3417 3415
f 3417 3396 3408
f 3397 3404 3418
f 3398 3397 3418
f 3398 3418 3419
f 3399 3398 3419
f 3399 3419 3420
f 3420 3400 3399
f 3420 3421 3400
f 3422 3400 3423
f 3424 3423 3400
f 3424 3400 3421
f 3400 3422 3401
f 3422 3425 3401
f 3411 3401 3425
f 3402 3426 3427
f 3403 3402 3427
f 3426 3402 3405
f 3427 3404 3403
f 3427 3428 3404
f 3418 3404 3428
f 3429 3426 3405
f 3429 3405 3406
f 3430 3429 3406
f 3430 3406 3413
f 3431 3407 3409
f 3432 3408 3407
f 3431 3432 3407
f 3408 3432 3417
f 3433 3431 3409
f 3409 3410 3434
f 3409 3434 3433
f 3410 3411 3435
f 3410 3435 3434
f 3425 3435 3411
f 3412 3436 3437
f 3413 3412 3437
f 3412 3416 3438
f 3436 3412 3438
f 3437 3430 3413
f 3416 3414 3415
f 3415 3439 3440
f 3441 3415 3440
f 3441 3416 3415
f 3442 3439 3415
f 3417 3442 3415
f 3443 3444 3416
f 3441 3443 3416
f 3416 3444 3438
f 3445 3417 3446
f 3447 3446 3417
f 3448 3447 3417
f 3417 3445 3442
f 3432 3448 3417
f 3418 3428 3449
f 3419 3418 3449
f 3419 3449 3450
f 3420 3419 3450
f 3420 3450 3451
f 3451 3421 3420
f 3451 3452 3421
f 3453 3424 3421
f 3453 3421 3452
f 3454 3455 3422
f 3454 3422 3456
f 3422 3423 3424
f 3422 3424 3456
f 3422 3455 3457
f 3422 3457 3425
f 3424 3458 3459
f 3424 3459 3456
f 3453 3458 3424
f 3446 3425 3460
f 3425 3446 3447
f 3425 3447 3461
f 3457 3460 3425
f 3425 3461 3435
f 3426 3462 3463
f 3427 3426 3463
f 3462 3426 3429
f 3463 3428 3427
f 3463 3464 3428
f 3449 3428 3464
f 3465 3462 3429
f 3429 3430 3466
f 3465 3429 3466
f 3430 3437 3467
f 3466 3430 3467
f 3431 3468 3469
f 3469 3470 3431
f 3470 3448 3431
f 3432 3431 3448
f 3471 3431 3433
f 3471 3472 3431
f 3431 3472 3468
f 3433 3434 3471
f 3473 3474 3434
f 3434 3475 3473
f 3434 3461 3475
f 3461 3434 3435
f 3434 3476 3471
f 3474 3476 3434
f 3437 3436 3467
f 3436 3438 3472
f 3436 3472 3467
f 3438 3468 3472
f 3444 3477 3438
f 3478 3438 3477
f 3468 3438 3478
f 3439 3479 3480
f 3440 3439 3481
f 3439 3482 3481
f 3442 3479 3439
f 3480 3483 3439
f 3483 3482 3439
f 3440 3481 3484
f 3477 3441 3440
f 3477 3440 3485
f 3485 3440 3484
f 3477 3443 3441
f 3486 3442 3445
f 3442 3486 3487
f 3479 3442 3487
f 3443 3488 3489
f 3444 3443 3489
f 3443 3490 3488
f 3477 3490 3443
f 3444 3489 3477
f 3491 3445 3492
f 3492 3445 3446
f 3491 3486 3445
f 3446 3460 3492
f 3447 3493 3494
f 3495 3493 3447
f 3496 3495 3447
f 3447 3448 3496
f 3494 3497 3447
f 3447 3497 3498
f 3447 3498 3499
f 3499 3461 3447
f 3448 3500 3496
f 3470 3500 3448
f 3449 3464 3501
f 3502 3450 3449
f 3502 3449 3501
f 3503 3451 3450
f 3503 3450 3502
f 3503 3452 3451
f 3476 3453 3452
f 3503 3476 3452
f 3476 3474 3453
f 3453 3504 3458
f 3504 3453 3505
f 3505 3453 3474
f 3506 3507 3454
f 3507 3455 3454
f 3454 3456 3504
f 3508 3454 3504
f 3506 3454 3508
f 3509 3510 3455
f 3507 3511 3455
f 3455 3510 3457
f 3455 3512 3509
f 3455 3511 3512
f 3456 3459 3504
f 3460 3457 3513
f 3514 3513 3457
f 3514 3457 3510
f 3504 3515 3458
f 3515 3459 3458
f 3515 3516 3459
f 3516 3517 3459
f 3459 3517 3504
f 3492 3460 3518
f 3460 3513 3518
f 3499 3519 3461
f 3461 3519 3475
f 3471 3462 3465
f 3471 3463 3462
f 3464 3463 3471
f 3501 3464 3471
f 3471 3465 3466
f 3471 3466 3467
f 3471 3467 3472
f 3478 3469 3468
f 3469 3478 3484
f 3469 3484 3520
f 3521 3469 3520
f 3521 3500 3469
f 3470 3469 3500
f 3502 3501 3471
f 3503 3502 3471
f 3476 3503 3471
f 3474 3473 3505
f 3506 3505 3473
f 3522 3506 3473
f 3522 3473 3523
f 3473 3519 3523
f 3519 3473 3475
f 3489 3490 3477
f 3485 3478 3477
f 3478 3485 3484
f 3480 3479 3487
f 3524 3525 3480
f 3526 3524 3480
f 3487 3526 3480
f 3527 3480 3525
f 3480 3527 3483
f 3481 3528 3484
f 3529 3528 3481
f 3529 3481 3482
f 3520 3529 3482
f 3521 3520 3482
f 3482 3483 3500
f 3521 3482 3500
f 3500 3483 3496
f 3495 3483 3527
f 3496 3483 3495
f 3520 3484 3528
f 3486 3530 3487
f 3491 3530 3486
f 3530 3526 3487
f 3488 3490 3489
f 3531 3491 3492
f 3531 3530 3491
f 3532 3531 3492
f 3492 3518 3533
f 3492 3533 3532
f 3494 3493 3534
f 3493 3495 3534
f 3535 3536 3494
f 3534 3535 3494
f 3537 3497 3494
f 3494 3536 3538
f 3494 3538 3537
f 3495 3527 3534
f 3537 3498 3497
f 3537 3539 3498
f 3539 3512 3498
f 3498 3512 3499
f 3499 3512 3519
f 3504 3517 3515
f 3504 3505 3508
f 3506 3508 3505
f 3506 3540 3507
f 3540 3506 3522
f 3507 3540 3541
f 3511 3507 3541
f 3514 3510 3509
f 3509 3542 3543
f 3509 3543 3544
f 3509 3544 3514
f 3542 3509 3539
f 3512 3539 3509
f 3511 3541 3522
f 3511 3522 3523
f 3519 3512 3511
f 3519 3511 3523
f 3514 3545 3513
f 3513 3545 3518
f 3514 3544 3545
f 3515 3517 3516
f 3518 3545 3533
f 3529 3520 3528
f 3540 3522 3541
f 3525 3524 3546
f 3524 3547 3548
f 3546 3524 3548
f 3524 3526 3547
f 3527 3525 3535
f 3535 3525 3546
f 3526 3530 3547
f 3534 3527 3535
f 3547 3530 3531
f 3548 3547 3531
f 3549 3548 3531
f 3549 3531 3532
f 3532 3533 3549
f 3533 3545 3550
f 3533 3550 3551
f 3533 3551 3549
f 3535 3546 3536
f 3546 3552 3536
f 3536 3552 3553
f 3536 3553 3538
f 3538 3539 3537
f 3538 3542 3539
f 3553 3542 3538
f 3553 3543 3542
f 3551 3550 3543
f 3551 3543 3553
f 3550 3544 3543
f 3550 3545 3544
f 3546 3554 3552
f 3546 3548 3555
f 3554 3546 3555
f 3548 3549 3556
f 3555 3548 3556
f 3557 3556 3549
f 3549 3558 3557
f 3558 3549 3551
f 3559 3551 3553
f 3558 3551 3559
f 3554 3560 3552
f 3552 3560 3561
f 3552 3562 3563
f 3552 3563 3553
f 3561 3562 3552
f 3559 3553 3563
f 3554 3555 3556
f 3564 3554 3556
f 3554 3564 3560
f 3564 3556 3557
f 3565 3564 3557
f 3557 3558 3566
f 3557 3566 3565
f 3558 3559 3563
f 3558 3563 3566
f 3560 3564 3565
f 3561 3560 3565
f 3565 3562 3561
f 3565 3566 3562
f 3562 3566 3563
f 3567 3568 3569
f 3567 3570 3568
f 3567 3571 3570
f 3567 3572 3573
f 3573 3574 3567
f 3567 3574 3575
f 3575 3571 3567
f 3569 3576 3567
f 3576 3577 3567
f 3577 3578 3567
f 3579 3572 3567
f 3567 3580 3579
f 3581 3580 3567
f 3567 3578 3581
f 3569 3568 3582
f 3582 3568 3570
f 3583 3569 3582
f 3584 3576 3569
f 3584 3569 3583
f 3585 3582 3570
f 3585 3570 3571
f 3586 3585 3571
f 3586 3571 3575
f 3587 3573 3572
f 3588 3587 3572
f 3572 3579 3589
f 3572 3589 3588
f 3573 3587 3574
f 3574 3590 3591
f 3575 3574 3591
f 3592 3590 3574
f 3587 3592 3574
f 3591 3586 3575
f 3577 3576 3584
f 3577 3584 3593
f 3578 3577 3593
f 3578 3593 3594
f 3581 3578 3594
f 3580 3589 3579
f 3595 3596 3580
f 3595 3580 3581
f 3580 3596 3597
f 3580 3597 3589
f 3581 3594 3595
f 3582 3598 3599
f 3583 3582 3599
f 3598 3582 3585
f 3599 3584 3583
f 3599 3600 3584
f 3593 3584 3600
f 3601 3598 3585
f 3601 3585 3586
f 3602 3601 3586
f 3602 3586 3591
f 3587 3588 3603
f 3592 3587 3603
f 3604 3603 3588
f 3588 3605 3604
f 3605 3588 3589
f 3605 3589 3597
f 3590 3606 3607
f 3591 3590 3607
f 3608 3590 3592
f 3608 3606 3590
f 3607 3602 3591
f 3608 3592 3603
f 3593 3600 3609
f 3594 3593 3609
f 3594 3609 3610
f 3595 3594 3610
f 3595 3610 3611
f 3611 3596 3595
f 3611 3612 3596
f 3597 3596 3613
f 3596 3612 3613
f 3605 3597 3613
f 3598 3614 3615
f 3599 3598 3615
f 3614 3598 3601
f 3615 3600 3599
f 3615 3616 3600
f 3609 3600 3616
f 3617 3614 3601
f 3617 3601 3602
f 3618 3617 3602
f 3618 3602 3607
f 3619 3603 3604
f 3619 3620 3603
f 3620 3608 3603
f 3621 3619 3604
f 3604 3605 3622
f 3604 3622 3621
f 3605 3623 3622
f 3605 3613 3623
f 3606 3624 3625
f 3607 3606 3625
f 3626 3606 3627
f 3606 3626 3628
f 3624 3606 3628
f 3608 3627 3606
f 3625 3618 3607
f 3608 3629 3627
f 3629 3608 3620
f 3609 3616 3630
f 3610 3609 3630
f 3610 3630 3631
f 3611 3610 3631
f 3611 3631 3632
f 3632 3612 3611
f 3632 3633 3612
f 3634 3612 3635
f 3636 3635 3612
f 3636 3612 3633
f 3612 3634 3613
f 3634 3637 3613
f 3623 3613 3637
f 3614 3638 3639
f 3615 3614 3639
f 3638 3614 3617
f 3639 3616 3615
f 3639 3640 3616
f 3630 3616 3640
f 3641 3638 3617
f 3641 3617 3618
f 3642 3641 3618
f 3642 3618 3625
f 3643 3619 3621
f 3644 3620 3619
f 3643 3644 3619
f 3620 3644 3629
f 3645 3643 3621
f 3621 3622 3646
f 3621 3646 3645
f 3622 3623 3647
f 3622 3647 3646
f 3637 3647 3623
f 3624 3648 3649
f 3625 3624 3649
f 3624 3628 3650
f 3648 3624 3650
f 3649 3642 3625
f 3628 3626 3627
f 3627 3651 3652
f 3653 3627 3652
f 3653 3628 3627
f 3654 3651 3627
f 3629 3654 3627
f 3655 3656 3628
f 3653 3655 3628
f 3628 3656 3650
f 3657 3629 3658
f 3659 3658 3629
f 3660 3659 3629
f 3629 3657 3654
f 3644 3660 3629
f 3630 3640 3661
f 3631 3630 3661
f 3631 3661 3662
f 3632 3631 3662
f 3632 3662 3663
f 3663 3633 3632
f 3663 3664 3633
f 3665 3636 3633
f 3665 3633 3664
f 3666 3667 3634
f 3666 3634 3668
f 3634 3635 3636
f 3634 3636 3668
f 3634 3667 3669
f 3634 3669 3637
f 3636 3670 3671
f 3636 3671 3668
f 3665 3670 3636
f 3658 3637 3672
f 3637 3658 3659
f 3637 3659 3673
f 3669 3672 3637
f 3637 3673 3647
f 3638 3674 3675
f 3639 3638 3675
f 3674 3638 3641
f 3675 3640 3639
f 3675 3676 3640
f 3661 3640 3676
f 3677 3674 3641
f 3641 3642 3678
f 3677 3641 3678
f 3642 3649 3679
f 3678 3642 3679
f 3643 3680 3681
f 3681 3682 3643
f 3682 3660 3643
f 3644 3643 3660
f 3683 3643 3645
f 3683 3684 3643
f 3643 3684 3680
f 3645 3646 3683
f 3685 3686 3646
f 3646 3687 3685
f 3646 3673 3687
f 3673 3646 3647
f 3646 3688 3683
f 3686 3688 3646
f 3649 3648 3679
f 3648 3650 3684
f 3648 3684 3679
f 3650 3680 3684
f 3656 3689 3650
f 3690 3650 3689
f 3680 3650 3690
f 3651 3691 3692
f 3652 3651 3693
f 3651 3694 3693
f 3654 3691 3651
f 3692 3695 3651
f 3695 3694 3651
f 3652 3693 3696
f 3689 3653 3652
f 3689 3652 3697
f 3697 3652 3696
f 3689 3655 3653
f 3698 3654 3657
f 3654 3698 3699
f 3691 3654 3699
f 3655 3700 3701
f 3656 3655 3701
f 3655 3702 3700
f 3689 3702 3655
f 3656 3701 3689
f 3703 3657 3704
f 3704 3657 3658
f 3703 3698 3657
f 3658 3672 3704
f 3659 3705 3706
f 3707 3705 3659
f 3708 3707 3659
f 3659 3660 3708
f 3706 3709 3659
f 3659 3709 3710
f 3659 3710 3711
f 3711 3673 3659
f 3660 3712 3708
f 3682 3712 3660
f 3661 3676 3713
f 3714 3662 3661
f 3714 3661 3713
f 3715 3663 3662
f 3715 3662 3714
f 3715 3664 3663
f 3688 3665 3664
f 3715 3688 3664
f 3688 3686 3665
f 3665 3716 3670
f 3716 3665 3717
f 3717 3665 3686
f 3718 3719 3666
f 3719 3667 3666
f 3666 3668 3716
f 3720 3666 3716
f 3718 3666 3720
f 3721 3722 3667
f 3719 3723 3667
f 3667 3722 3669
f 3667 3724 3721
f 3667 3723 3724
f 3668 3671 3716
f 3672 3669 3725
f 3726 3725 3669
f 3726 3669 3722
f 3716 3727 3670
f 3727 3671 3670
f 3727 3728 3671
f 3728 3729 3671
f 3671 3729 3716
f 3704 3672 3730
f 3672 3725 3730
f 3711 3731 3673
f 3673 3731 3687
f 3683 3674 3677
f 3683 3675 3674
f 3676 3675 3683
f 3713 3676 3683
f 3683 3677 3678
f 3683 3678 3679
f 3683 3679 3684
f 3690 3681 3680
f 3681 3690 3696
f 3681 3696 3732
f 3733 3681 3732
f 3733 3712 3681
f 3682 3681 3712
f 3714 3713 3683
f 3715 3714 3683
f 3688 3715 3683
f 3686 3685 3717
f 3718 3717 3685
f 3734 3718 3685
f 3734 3685 3735
f 3685 3731 3735
f 3731 3685 3687
f 3701 3702 3689
f 3697 3690 3689
f 3690 3697 3696
f 3692 3691 3699
f 3736 3737 3692
f 3738 3736 3692
f 3699 3738 3692
f 3739 3692 3737
f 3692 3739 3695
f 3693 3740 3696
f 3741 3740 3693
f 3741 3693 3694
f 3732 3741 3694
f 3733 3732 3694
f 3694 3695 3712
f 3733 3694 3712
f 3712 3695 3708
f 3707 3695 3739
f 3708 3695 3707
f 3732 3696 3740
f 3698 3742 3699
f 3703 3742 3698
f 3742 3738 3699
f 3700 3702 3701
f 3743 3703 3704
f 3743 3742 3703
f 3744 3743 3704
f 3704 3730 3745
f 3704 3745 3744
f 3706 3705 3746
f 3705 3707 3746
f 3747 3748 3706
f 3746 3747 3706
f 3749 3709 3706
f 3706 3748 3750
f 3706 3750 3749
f 3707 3739 3746
f 3749 3710 3709
f 3749 3751 3710
f 3751 3724 3710
f 3710 3724 3711
f 3711 3724 3731
f 3716 3729 3727
f 3716 3717 3720
f 3718 3720 3717
f 3718 3752 3719
f 3752 3718 3734
f 3719 3752 3753
f 3723 3719 3753
f 3726 3722 3721
f 3721 3754 3755
f 3721 3755 3756
f 3721 3756 3726
f 3754 3721 3751
f 3724 3751 3721
f 3723 3753 3734
f 3723 3734 3735
f 3731 3724 3723
f 3731 3723 3735
f 3726 3757 3725
f 3725 3757 3730
f 3726 3756 3757
f 3727 3729 3728
f 3730 3757 3745
f 3741 3732 3740
f 3752 3734 3753
f 3737 3736 3758
f 3736 3759 3760
f 3758 3736 3760
f 3736 3738 3759
f 3739 3737 3747
f 3747 3737 3758
f 3738 3742 3759
f 3746 3739 3747
f 3759 3742 3743
f 3760 3759 3743
f 3761 3760 3743
f 3761 3743 3744
f 3744 3745 3761
f 3745 3757 3762
f 3745 3762 3763
f 3745 3763 3761
f 3747 3758 3748
f 3758 3764 3748
f 3748 3764 3765
f 3748 3765 3750
f 3750 3751 3749
f 3750 3754 3751
f 3765 3754 3750
f 3765 3755 3754
f 3763 3762 3755
f 3763 3755 3765
f 3762 3756 3755
f 3762 3757 3756
f 3758 3766 3764
f 3758 3760 3767
f 3766 3758 3767
f 3760 3761 3768
f 3767 3760 3768
f 3769 3768 3761
f 3761 3770 3769
f 3770 3761 3763
f 3771 3763 3765
f 3770 3763 3771
f 3766 3772 3764
f 3764 3772 3773
f 3764 3774 3775
f 3764 3775 3765
f 3773 3774 3764
f 3771 3765 3775
f 3766 3767 3768
f 3776 3766 3768
f 3766 3776 3772
f 3776 3768 3769
f 3777 3776 3769
f 3769 3770 3778
f 3769 3778 3777
f 3770 3771 3775
f 3770 3775 3778
f 3772 3776 3777
f 3773 3772 3777
f 3777 3774 3773
f 3777 3778 3774
f 3774 3778 3775
f 3779 3780 3781
f 3779 3782 3780
f 3779 3783 3782
f 3779 3784 3785
f 3785 3786 3779
f 3779 3786 3787
f 3787 3783 3779
f 3781 3788 3779
f 3788 3789 3779
f 3789 3790 3779
f 3791 3784 3779
f 3779 3792 3791
f 3793 3792 3779
f 3779 3790 3793
f 3781 3780 3794
f 3794 3780 3782
f 3795 3781 3794
f 3796 3788 3781
f 3796 3781 3795
f 3797 3794 3782
f 3797 3782 3783
f 3798 3797 3783
f 3798 3783 3787
f 3799 3785 3784
f 3800 3799 3784
f 3784 3791 3801
f 3784 3801 3800
f 3785 3799 3786
f 3786 3802 3803
f 3787 3786 3803
f 3804 3802 3786
f 3799 3804 3786
f 3803 3798 3787
f 3789 3788 3796
f 3789 3796 3805
f 3790 3789 3805
f 3790 3805 3806
f 3793 3790 3806
f 3792 3801 3791
f 3807 3808 3792
f 3807 3792 3793
f 3792 3808 3809
f 3792 3809 3801
f 3793 3806 3807
f 3794 3810 3811
f 3795 3794 3811
f 3810 3794 3797
f 3811 3796 3795
f 3811 3812 3796
f 3805 3796 3812
f 3813 3810 3797
f 3813 3797 3798
f 3814 3813 3798
f 3814 3798 3803
f 3799 3800 3815
f 3804 3799 3815
f 3816 3815 3800
f 3800 3817 3816
f 3817 3800 3801
f 3817 3801 3809
f 3802 3818 3819
f 3803 3802 3819
f 3820 3802 3804
f 3820 3818 3802
f 3819 3814 3803
f 3820 3804 3815
f 3805 3812 3821
f 3806 3805 3821
f 3806 3821 3822
f 3807 3806 3822
f 3807 3822 3823
f 3823 3808 3807
f 3823 3824 3808
f 3809 3808 3825
f 3808 3824 3825
f 3817 3809 3825
f 3810 3826 3827
f 3811 3810 3827
f 3826 3810 3813
f 3827 3812 3811
f 3827 3828 3812
f 3821 3812 3828
f 3829 3826 3813
f 3829 3813 3814
f 3830 3829 3814
f 3830 3814 3819
f 3831 3815 3816
f 3831 3832 3815
f 3832 3820 3815
f 3833 3831 3816
f 3816 3817 3834
f 3816 3834 3833
f 3817 3835 3834
f 3817 3825 3835
f 3818 3836 3837
f 3819 3818 3837
f 3838 3818 3839
f 3818 3838 3840
f 3836 3818 3840
f 3820 3839 3818
f 3837 3830 3819
f 3820 3841 3839
f 3841 3820 3832
f 3821 3828 3842
f 3822 3821 3842
f 3822 3842 3843
f 3823 3822 3843
f 3823 3843 3844
f 3844 3824 3823
f 3844 3845 3824
f 3846 3824 3847
f 3848 3847 3824
f 3848 3824 3845
f 3824 3846 3825
f 3846 3849 3825
f 3835 3825 3849
f 3826 3850 3851
f 3827 3826 3851
f 3850 3826 3829
f 3851 3828 3827
f 3851 3852 3828
f 3842 3828 3852
f 3853 3850 3829
f 3853 3829 3830
f 3854 3853 3830
f 3854 3830 3837
f 3855 3831 3833
f 3856 3832 3831
f 3855 3856 3831
f 3832 3856 3841
f 3857 3855 3833
f 3833 3834 3858
f 3833 3858 3857
f 3834 3835 3859
f 3834 3859 3858
f 3849 3859 3835
f 3836 3860 3861
f 3837 3836 3861
f 3836 3840 3862
f 3860 3836 3862
f 3861 3854 3837
f 3840 3838 3839
f 3839 3863 3864
f 3865 3839 3864
f 3865 3840 3839
f 3866 3863 3839
f 3841 3866 3839
f 3867 3868 3840
f 3865 3867 3840
f 3840 3868 3862
f 3869 3841 3870
f 3871 3870 3841
f 3872 3871 3841
f 3841 3869 3866
f 3856 3872 3841
f 3842 3852 3873
f 3843 3842 3873
f 3843 3873 3874
f 3844 3843 3874
f 3844 3874 3875
f 3875 3845 3844
f 3875 3876 3845
f 3877 3848 3845
f 3877 3845 3876
f 3878 3879 3846
f 3878 3846 3880
f 3846 3847 3848
f 3846 3848 3880
f 3846 3879 3881
f 3846 3881 3849
f 3848 3882 3883
f 3848 3883 3880
f 3877 3882 3848
f 3870 3849 3884
f 3849 3870 3871
f 3849 3871 3885
f 3881 3884 3849
f 3849 3885 3859
f 3850 3886 3887
f 3851 3850 3887
f 3886 3850 3853
f 3887 3852 3851
f 3887 3888 3852
f 3873 3852 3888
f 3889 3886 3853
f 3853 3854 3890
f 3889 3853 3890
f 3854 3861 3891
f 3890 3854 3891
f 3855 3892 3893
f 3893 3894 3855
f 3894 3872 3855
f 3856 3855 3872
f 3895 3855 3857
f 3895 3896 3855
f 3855 3896 3892
f 3857 3858 3895
f 3897 3898 3858
f 3858 3899 3897
f 3858 3885 3899
f 3885 3858 3859
f 3858 3900 3895
f 3898 3900 3858
f 3861 3860 3891
f 3860 3862 3896
f 3860 3896 3891
f 3862 3892 3896
f 3868 3901 3862
f 3902 3862 3901
f 3892 3862 3902
f 3863 3903 3904
f 3864 3863 3905
f 3863 3906 3905
f 3866 3903 3863
f 3904 3907 3863
f 3907 3906 3863
f 3864 3905 3908
f 3901 3865 3864
f 3901 3864 3909
f 3909 3864 3908
f 3901 3867 3865
f 3910 3866 3869
f 3866 3910 3911
f 3903 3866 3911
f 3867 3912 3913
f 3868 3867 3913
f 3867 3914 3912
f 3901 3914 3867
f 3868 3913 3901
f 3915 3869 3916
f 3916 3869 3870
f 3915 3910 3869
f 3870 3884 3916
f 3871 3917 3918
f 3919 3917 3871
f 3920 3919 3871
f 3871 3872 3920
f 3918 3921 3871
f 3871 3921 3922
f 3871 3922 3923
f 3923 3885 3871
f 3872 3924 3920
f 3894 3924 3872
f 3873 3888 3925
f 3926 3874 3873
f 3926 3873 3925
f 3927 3875 3874
f 3927 3874 3926
f 3927 3876 3875
f 3900 3877 3876
f 3927 3900 3876
f 3900 3898 3877
f 3877 3928 3882
f 3928 3877 3929
f 3929 3877 3898
f 3930 3931 3878
f 3931 3879 3878
f 3878 3880 3928
f 3932 3878 3928
f 3930 3878 3932
f 3933 3934 3879
f 3931 3935 3879
f 3879 3934 3881
f 3879 3936 3933
f 3879 3935 3936
f 3880 3883 3928
f 3884 3881 3937
f 3938 3937 3881
f 3938 3881 3934
f 3928 3939 3882
f 3939 3883 3882
f 3939 3940 3883
f 3940 3941 3883
f 3883 3941 3928
f 3916 3884 3942
f 3884 3937 3942
f 3923 3943 3885
f 3885 3943 3899
f 3895 3886 3889
f 3895 3887 3886
f 3888 3887 3895
f 3925 3888 3895
f 3895 3889 3890
f 3895 3890 3891
f 3895 3891 3896
f 3902 3893 3892
f 3893 3902 3908
f 3893 3908 3944
f 3945 3893 3944
f 3945 3924 3893
f 3894 3893 3924
f 3926 3925 3895
f 3927 3926 3895
f 3900 3927 3895
f 3898 3897 3929
f 3930 3929 3897
f 3946 3930 3897
f 3946 3897 3947
f 3897 3943 3947
f 3943 3897 3899
f 3913 3914 3901
f 3909 3902 3901
f 3902 3909 3908
f 3904 3903 3911
f 3948 3949 3904
f 3950 3948 3904
f 3911 3950 3904
f 3951 3904 3949
f 3904 3951 3907
f 3905 3952 3908
f 3953 3952 3905
f 3953 3905 3906
f 3944 3953 3906
f 3945 3944 3906
f 3906 3907 3924
f 3945 3906 3924
f 3924 3907 3920
f 3919 3907 3951
f 3920 3907 3919
f 3944 3908 3952
f 3910 3954 3911
f 3915 3954 3910
f 3954 3950 3911
f 3912 3914 3913
f 3955 3915 3916
f 3955 3954 3915
f 3956 3955 3916
f 3916 3942 3957
f 3916 3957 3956
f 3918 3917 3958
f 3917 3919 3958
f 3959 3960 3918
f 3958 3959 3918
f 3961 3921 3918
f 3918 3960 3962
f 3918 3962 3961
f 3919 3951 3958
f 3961 3922 3921
f 3961 3963 3922
f 3963 3936 3922
f 3922 3936 3923
f 3923 3936 3943
f 3928 3941 3939
f 3928 3929 3932
f 3930 3932 3929
f 3930 3964 3931
f 3964 3930 3946
f 3931 3964 3965
f 3935 3931 3965
f 3938 3934 3933
f 3933 3966 3967
f 3933 3967 3968
f 3933 3968 3938
f 3966 3933 3963
f 3936 3963 3933
f 3935 3965 3946
f 3935 3946 3947
f 3943 3936 3935
f 3943 3935 3947
f 3938 3969 3937
f 3937 3969 3942
f 3938 3968 3969
f 3939 3941 3940
f 3942 3969 3957
f 3953 3944 3952
f 3964 3946 3965
f 3949 3948 3970
f 3948 3971 3972
f 3970 3948 3972
f 3948 3950 3971
f 3951 3949 3959
f 3959 3949 3970
f 3950 3954 3971
f 3958 3951 3959
f 3971 3954 3955
f 3972 3971 3955
f 3973 3972 3955
f 3973 3955 3956
f 3956 3957 3973
f 3957 3969 3974
f 3957 3974 3975
f 3957 3975 3973
f 3959 3970 3960
f 3970 3976 3960
f 3960 3976 3977
f 3960 3977 3962
f 3962 3963 3961
f 3962 3966 3963
f 3977 3966 3962
f 3977 3967 3966
f 3975 3974 3967
f 3975 3967 3977
f 3974 3968 3967
f 3974 3969 3968
f 3970 3978 3976
f 3970 3972 3979
f 3978 3970 3979
f 3972 3973 3980
f 3979 3972 3980
f 3981 3980 3973
f 3973 3982 3981
f 3982 3973 3975
f 3983 3975 3977
f 3982 3975 3983
f 3978 3984 3976
f 3976 3984 3985
f 3976 3986 3987
f 3976 3987 3977
f 3985 3986 3976
f 3983 3977 3987
f 3978 3979 3980
f 3988 3978 3980
f 3978 3988 3984
f 3988 3980 3981
f 3989 3988 3981
f 3981 3982 3990
f 3981 3990 3989
f 3982 3983 3987
f 3982 3987 3990
f 3984 3988 3989
f 3985 3984 3989
f 3989 3986 3985
f 3989 3990 3986
f 3986 3990 3987
f 3991 3992 3993
f 3991 3994 3992
f 3991 3995 3994
f 3991 3996 3997
f 3997 3998 3991
f 3991 3998 3999
f 3999 3995 3991
f 3993 4000 3991
f 4000 4001 3991
f 4001 4002 3991
f 4003 3996 3991
f 3991 4004 4003
f 4005 4004 3991
f 3991 4002 4005
f 3993 3992 4006
f 4006 3992 3994
f 4007 3993 4006
f 4008 4000 3993
f 4008 3993 4007
f 4009 4006 3994
f 4009 3994 3995
f 4010 4009 3995
f 4010 3995 3999
f 4011 3997 3996
f 4012 4011 3996
f 3996 4003 4013
f 3996 4013 4012
f 3997 4011 3998
f 3998 4014 4015
f 3999 3998 4015
f 4016 4014 3998
f 4011 4016 3998
f 4015 4010 3999
f 4001 4000 4008
f 4001 4008 4017
f 4002 4001 4017
f 4002 4017 4018
f 4005 4002 4018
f 4004 4013 4003
f 4019 4020 4004
f 4019 4004 4005
f 4004 4020 4021
f 4004 4021 4013
f 4005 4018 4019
f 4006 4022 4023
f 4007 4006 4023
f 4022 4006 4009
f 4023 4008 4007
f 4023 4024 4008
f 4017 4008 4024
f 4025 4022 4009
f 4025 4009 4010
f 4026 4025 4010
f 4026 4010 4015
f 4011 4012 4027
f 4016 4011 4027
f 4028 4027 4012
f 4012 4029 4028
f 4029 4012 4013
f 4029 4013 4021
f 4014 4030 4031
f 4015 4014 4031
f 4032 4014 4016
f 4032 4030 4014
f 4031 4026 4015
f 4032 4016 4027
f 4017 4024 4033
f 4018 4017 4033
f 4018 4033 4034
f 4019 4018 4034
f 4019 4034 4035
f 4035 4020 4019
f 4035 4036 4020
f 4021 4020 4037
f 4020 4036 4037
f 4029 4021 4037
f 4022 4038 4039
f 4023 4022 4039
f 4038 4022 4025
f 4039 4024 4023
f 4039 4040 4024
f 4033 4024 4040
f 4041 4038 4025
f 4041 4025 4026
f 4042 4041 4026
f 4042 4026 4031
f 4043 4027 4028
f 4043 4044 4027
f 4044 4032 4027
f 4045 4043 4028
f 4028 4029 4046
f 4028 4046 4045
f 4029 4047 4046
f 4029 4037 4047
f 4030 4048 4049
f 4031 4030 4049
f 4050 4030 4051
f 4030 4050 4052
f 4048 4030 4052
f 4032 4051 4030
f 4049 4042 4031
f 4032 4053 4051
f 4053 4032 4044
f 4033 4040 4054
f 4034 4033 4054
f 4034 4054 4055
f 4035 4034 4055
f 4035 4055 4056
f 4056 4036 4035
f 4056 4057 4036
f 4058 4036 4059
f 4060 4059 4036
f 4060 4036 4057
f 4036 4058 4037
f 4058 4061 4037
f 4047 4037 4061
f 4038 4062 4063
f 4039 4038 4063
f 4062 4038 4041
f 4063 4040 4039
f 4063 4064 4040
f 4054 4040 4064
f 4065 4062 4041
f 4065 4041 4042
f 4066 4065 4042
f 4066 4042 4049
f 4067 4043 4045
f 4068 4044 4043
f 4067 4068 4043
f 4044 4068 4053
f 4069 4067 4045
f 4045 4046 4070
f 4045 4070 4069
f 4046 4047 4071
f 4046 4071 4070
f 4061 4071 4047
f 4048 4072 4073
f 4049 4048 4073
f 4048 4052 4074
f 4072 4048 4074
f 4073 4066 4049
f 4052 4050 4051
f 4051 4075 4076
f 4077 4051 4076
f 4077 4052 4051
f 4078 4075 4051
f 4053 4078 4051
f 4079 4080 4052
f 4077 4079 4052
f 4052 4080 4074
f 4081 4053 4082
f 4083 4082 4053
f 4084 4083 4053
f 4053 4081 4078
f 4068 4084 4053
f 4054 4064 4085
f 4055 4054 4085
f 4055 4085 4086
f 4056 4055 4086
f 4056 4086 4087
f 4087 4057 4056
f 4087 4088 4057
f 4089 4060 4057
f 4089 4057 4088
f 4090 4091 4058
f 4090 4058 4092
f 4058 4059 4060
f 4058 4060 4092
f 4058 4091 4093
f 4058 4093 4061
f 4060 4094 4095
f 4060 4095 4092
f 4089 4094 4060
f 4082 4061 4096
f 4061 4082 4083
f 4061 4083 4097
f 4093 4096 4061
f 4061 4097 4071
f 4062 4098 4099
f 4063 4062 4099
f 4098 4062 4065
f 4099 4064 4063
f 4099 4100 4064
f 4085 4064 4100
f 4101 4098 4065
f 4065 4066 4102
f 4101 4065 4102
f 4066 4073 4103
f 4102 4066 4103
f 4067 4104 4105
f 4105 4106 4067
f 4106 4084 4067
f 4068 4067 4084
f 4107 4067 4069
f 4107 4108 4067
f 4067 4108 4104
f 4069 4070 4107
f 4109 4110 4070
f 4070 4111 4109
f 4070 4097 4111
f 4097 4070 4071
f 4070 4112 4107
f 4110 4112 4070
f 4073 4072 4103
f 4072 4074 4108
f 4072 4108 4103
f 4074 4104 4108
f 4080 4113 4074
f 4114 4074 4113
f 4104 4074 4114
f 4075 4115 4116
f 4076 4075 4117
f 4075 4118 4117
f 4078 4115 4075
f 4116 4119 4075
f 4119 4118 4075
f 4076 4117 4120
f 4113 4077 4076
f 4113 4076 4121
f 4121 4076 4120
f 4113 4079 4077
f 4122 4078 4081
f 4078 4122 4123
f 4115 4078 4123
f 4079 4124 4125
f 4080 4079 4125
f 4079 4126 4124
f 4113 4126 4079
f 4080 4125 4113
f 4127 4081 4128
f 4128 4081 4082
f 4127 4122 4081
f 4082 4096 4128
f 4083 4129 4130
f 4131 4129 4083
f 4132 4131 4083
f 4083 4084 4132
f 4130 4133 4083
f 4083 4133 4134
f 4083 4134 4135
f 4135 4097 4083
f 4084 4136 4132
f 4106 4136 4084
f 4085 4100 4137
f 4138 4086 4085
f 4138 4085 4137
f 4139 4087 4086
f 4139 4086 4138
f 4139 4088 4087
f 4112 4089 4088
f 4139 4112 4088
f 4112 4110 4089
f 4089 4140 4094
f 4140 4089 4141
f 4141 4089 4110
f 4142 4143 4090
f 4143 4091 4090
f 4090 4092 4140
f 4144 4090 4140
f 4142 4090 4144
f 4145 4146 4091
f 4143 4147 4091
f 4091 4146 4093
f 4091 4148 4145
f 4091 4147 4148
f 4092 4095 4140
f 4096 4093 4149
f 4150 4149 4093
f 4150 4093 4146
f 4140 4151 4094
f 4151 4095 4094
f 4151 4152 4095
f 4152 4153 4095
f 4095 4153 4140
f 4128 4096 4154
f 4096 4149 4154
f 4135 4155 4097
f 4097 4155 4111
f 4107 4098 4101
f 4107 4099 4098
f 4100 4099 4107
f 4137 4100 4107
f 4107 4101 4102
f 4107 4102 4103
f 4107 4103 4108
f 4114 4105 4104
f 4105 4114 4120
f 4105 4120 4156
f 4157 4105 4156
f 4157 4136 4105
f 4106 4105 4136
f 4138 4137 4107
f 4139 4138 4107
f 4112 4139 4107
f 4110 4109 4141
f 4142 4141 4109
f 4158 4142 4109
f 4158 4109 4159
f 4109 4155 4159
f 4155 4109 4111
f 4125 4126 4113
f 4121 4114 4113
f 4114 4121 4120
f 4116 4115 4123
f 4160 4161 4116
f 4162 4160 4116
f 4123 4162 4116
f 4163 4116 4161
f 4116 4163 4119
f 4117 4164 4120
f 4165 4164 4117
f 4165 4117 4118
f 4156 4165 4118
f 4157 4156 4118
f 4118 4119 4136
f 4157 4118 4136
f 4136 4119 4132
f 4131 4119 4163
f 4132 4119 4131
f 4156 4120 4164
f 4122 4166 4123
f 4127 4166 4122
f 4166 4162 4123
f 4124 4126 4125
f 4167 4127 4128
f 4167 4166 4127
f 4168 4167 4128
f 4128 4154 4169
f 4128 4169 4168
f 4130 4129 4170
f 4129 4131 4170
f 4171 4172 4130
f 4170 4171 4130
f 4173 4133 4130
f 4130 4172 4174
f 4130 4174 4173
f 4131 4163 4170
f 4173 4134 4133
f 4173 4175 4134
f 4175 4148 4134
f 4134 4148 4135
f 4135 4148 4155
f 4140 4153 4151
f 4140 4141 4144
f 4142 4144 4141
f 4142 4176 4143
f 4176 4142 4158
f 4143 4176 4177
f 4147 4143 4177
f 4150 4146 4145
f 4145 4178 4179
f 4145 4179 4180
f 4145 4180 4150
f 4178 4145 4175
f 4148 4175 4145
f 4147 4177 4158
f 4147 4158 4159
f 4155 4148 4147
f 4155 4147 4159
f 4150 4181 4149
f 4149 4181 4154
f 4150 4180 4181
f 4151 4153 4152
f 4154 4181 4169
f 4165 4156 4164
f 4176 4158 4177
f 4161 4160 4182
f 4160 4183 4184
f 4182 4160 4184
f 4160 4162 4183
f 4163 4161 4171
f 4171 4161 4182
f 4162 4166 4183
f 4170 4163 4171
f 4183 4166 4167
f 4184 4183 4167
f 4185 4184 4167
f 4185 4167 4168
f 4168 4169 4185
f 4169 4181 4186
f 4169 4186 4187
f 4169 4187 4185
f 4171 4182 4172
f 4182 4188 4172
f 4172 4188 4189
f 4172 4189 4174
f 4174 4175 4173
f 4174 4178 4175
f 4189 4178 4174
f 4189 4179 4178
f 4187 4186 4179
f 4187 4179 4189
f 4186 4180 4179
f 4186 4181 4180
f 4182 4190 4188
f 4182 4184 4191
f 4190 4182 4191
f 4184 4185 4192
f 4191 4184 4192
f 4193 4192 4185
f 4185 4194 4193
f 4194 4185 4187
f 4195 4187 4189
f 4194 4187 4195
f 4190 4196 4188
f 4188 4196 4197
f 4188 4198 4199
f 4188 4199 4189
f 4197 4198 4188
f 4195 4189 4199
f 4190 4191 4192
f 4200 4190 4192
f 4190 4200 4196
f 4200 4192 4193
f 4201 4200 4193
f 4193 4194 4202
f 4193 4202 4201
f 4194 4195 4199
f 4194 4199 4202
f 4196 4200 4201
f 4197 4196 4201
f 4201 4198 4197
f 4201 4202 4198
f 4198 4202 4199
f 4203 4204 4205
f 4205 4206 4203
f 4207 4204 4203
f 4203 4206 4207
f 4208 4209 4204
f 4210 4208 4204
f 4204 4209 4205
f 4204 4211 4212
f 4204 4212 4210
f 4207 4211 4204
f 4213 4205 4209
f 4213 4214 4205
f 4205 4215 4216
f 4205 4216 4206
f 4215 4205 4214
f 4206 4217 4218
f 4206 4218 4219
f 4216 4217 4206
f 4219 4220 4221
f 4219 4221 4206
f 4206 4221 4222
f 4206 4222 4223
f 4206 4223 4207
f 4211 4207 4224
f 4207 4225 4224
f 4225 4207 4223
f 4226 4209 4208
f 4226 4208 4227
f 4226 4227 4228
f 4227 4208 4210
f 4227 4210 4229
f 4213 4209 4226
f 4229 4210 4212
f 4229 4212 4230
f 4231 4211 4224
f 4212 4211 4231
f 4232 4230 4212
f 4232 4212 4231
f 4233 4234 4213
f 4233 4213 4226
f 4213 4235 4215
f 4213 4215 4214
f 4213 4234 4235
f 4216 4215 4227
f 4216 4227 4236
f 4215 4228 4227
f 4215 4235 4228
f 4217 4216 4236
f 4217 4236 4237
f 4217 4237 4238
f 4218 4217 4238
f 4219 4218 4239
f 4219 4239 4240
f 4238 4239 4218
f 4240 4241 4220
f 4240 4220 4219
f 4242 4221 4220
f 4220 4241 4242
f 4242 4243 4221
f 4243 4244 4222
f 4243 4222 4221
f 4244 4230 4223
f 4244 4223 4222
f 4225 4223 4245
f 4225 4245 4224
f 4230 4232 4223
f 4232 4245 4223
f 4231 4224 4246
f 4231 4246 4247
f 4245 4246 4224
f 4233 4226 4248
f 4248 4226 4249
f 4250 4249 4226
f 4250 4226 4228
f 4250 4228 4251
f 4252 4236 4227
f 4252 4227 4229
f 4228 4235 4253
f 4228 4253 4254
f 4228 4254 4251
f 4229 4230 4244
f 4229 4244 4252
f 4255 4231 4247
f 4256 4231 4255
f 4231 4256 4257
f 4258 4232 4231
f 4258 4231 4257
f 4259 4245 4232
f 4260 4259 4232
f 4258 4260 4232
f 4261 4262 4233
f 4261 4233 4248
f 4262 4263 4233
f 4263 4234 4233
f 4264 4265 4234
f 4264 4234 4263
f 4265 4235 4234
f 4235 4266 4253
f 4235 4265 4267
f 4235 4267 4266
f 4268 4237 4236
f 4268 4236 4252
f 4269 4238 4237
f 4269 4237 4268
f 4269 4240 4238
f 4270 4238 4240
f 4270 4239 4238
f 4239 4270 4240
f 4242 4240 4269
f 4240 4271 4241
f 4240 4242 4271
f 4242 4241 4271
f 4268 4243 4242
f 4268 4242 4269
f 4252 4244 4243
f 4252 4243 4268
f 4259 4272 4245
f 4272 4273 4274
f 4272 4274 4245
f 4246 4245 4274
f 4275 4246 4274
f 4275 4274 4276
f 4247 4246 4275
f 4255 4247 4277
f 4255 4277 4278
f 4247 4275 4277
f 4261 4248 4249
f 4261 4249 4279
f 4280 4279 4249
f 4280 4249 4281
f 4281 4249 4282
f 4282 4249 4283
f 4249 4250 4283
f 4284 4250 4265
f 4284 4265 4264
f 4250 4267 4265
f 4250 4285 4267
f 4250 4286 4287
f 4250 4287 4285
f 4250 4251 4288
f 4250 4288 4289
f 4286 4250 4290
f 4286 4290 4291
f 4250 4284 4290
f 4292 4293 4250
f 4293 4283 4250
f 4250 4289 4292
f 4254 4253 4251
f 4253 4294 4251
f 4294 4288 4251
f 4266 4294 4253
f 4256 4255 4278
f 4295 4256 4278
f 4296 4256 4295
f 4296 4295 4297
f 4298 4256 4296
f 4299 4256 4298
f 4299 4257 4256
f 4276 4274 4257
f 4276 4257 4300
f 4274 4273 4257
f 4273 4301 4257
f 4301 4302 4303
f 4301 4303 4257
f 4304 4258 4257
f 4305 4304 4257
f 4306 4307 4257
f 4306 4257 4303
f 4307 4300 4257
f 4257 4308 4309
f 4257 4299 4308
f 4309 4305 4257
f 4258 4259 4260
f 4258 4310 4259
f 4258 4304 4310
f 4259 4310 4272
f 4311 4261 4312
f 4313 4262 4261
f 4313 4261 4311
f 4312 4261 4314
f 4314 4261 4279
f 4314 4279 4315
f 4313 4316 4263
f 4313 4263 4262
f 4316 4264 4263
f 4284 4264 4316
f 4285 4266 4267
f 4294 4266 4285
f 4273 4272 4301
f 4301 4272 4310
f 4277 4275 4317
f 4277 4317 4318
f 4275 4276 4317
f 4317 4276 4300
f 4319 4278 4277
f 4319 4277 4318
f 4320 4278 4319
f 4321 4278 4320
f 4315 4295 4278
f 4315 4278 4321
f 4279 4280 4322
f 4279 4322 4323
f 4279 4323 4315
f 4280 4324 4322
f 4281 4325 4324
f 4281 4324 4280
f 4282 4325 4281
f 4283 4326 4325
f 4283 4325 4282
f 4283 4327 4326
f 4283 4293 4328
f 4283 4328 4327
f 4290 4284 4316
f 4285 4287 4294
f 4329 4287 4286
f 4329 4286 4291
f 4287 4330 4294
f 4329 4330 4287
f 4294 4330 4288
f 4289 4288 4330
f 4292 4289 4330
f 4292 4330 4331
f 4328 4291 4290
f 4328 4290 4327
f 4327 4290 4316
f 4331 4329 4291
f 4331 4291 4328
f 4293 4292 4331
f 4293 4331 4328
f 4315 4323 4332
f 4315 4332 4297
f 4315 4297 4295
f 4297 4333 4334
f 4297 4334 4296
f 4296 4334 4298
f 4332 4333 4297
f 4298 4334 4335
f 4298 4335 4299
f 4335 4336 4299
f 4336 4337 4308
f 4336 4308 4299
f 4317 4300 4307
f 4310 4302 4301
f 4303 4302 4338
f 4310 4339 4302
f 4302 4339 4338
f 4306 4303 4338
f 4304 4339 4310
f 4339 4304 4305
f 4340 4339 4305
f 4340 4305 4309
f 4336 4307 4306
f 4336 4306 4337
f 4337 4306 4338
f 4337 4338 4340
f 4317 4307 4336
f 4337 4340 4309
f 4337 4309 4308
f 4326 4341 4311
f 4326 4311 4312
f 4341 4313 4311
f 4326 4312 4325
f 4325 4312 4324
f 4312 4342 4343
f 4312 4343 4324
f 4312 4314 4342
f 4327 4316 4313
f 4327 4313 4341
f 4342 4314 4315
f 4315 4321 4342
f 4344 4318 4317
f 4344 4317 4336
f 4319 4318 4344
f 4320 4319 4344
f 4320 4344 4335
f 4334 4320 4335
f 4333 4320 4334
f 4333 4343 4342
f 4333 4342 4320
f 4342 4321 4320
f 4324 4343 4323
f 4324 4323 4322
f 4332 4323 4343
f 4332 4343 4333
f 4326 4327 4341
f 4330 4329 4331
f 4344 4336 4335
f 4340 4338 4339
f 4345 4346 4347
f 4348 4346 4345
f 4348 4345 4349
f 4347 4350 4345
f 4345 4350 4351
f 4349 4345 4351
f 4346 4352 4347
f 4352 4346 4348
f 4352 4353 4347
f 4354 4355 4347
f 4347 4356 4354
f 4357 4356 4347
f 4347 4353 4357
f 4347 4358 4350
f 4347 4359 4358
f 4347 4355 4360
f 4360 4361 4347
f 4347 4361 4362
f 4362 4359 4347
f 4363 4364 4348
f 4363 4348 4349
f 4365 4348 4364
f 4352 4348 4365
f 4349 4351 4363
f 4351 4350 4358
f 4351 4366 4363
f 4366 4351 4367
f 4367 4351 4358
f 4353 4352 4365
f 4353 4365 4368
f 4357 4353 4368
f 4355 4354 4369
f 4356 4369 4354
f 4355 4369 4370
f 4371 4360 4355
f 4370 4371 4355
f 4372 4373 4356
f 4372 4356 4357
f 4356 4373 4374
f 4356 4374 4369
f 4357 4368 4372
f 4367 4358 4359
f 4375 4367 4359
f 4375 4359 4362
f 4360 4371 4361
f 4361 4376 4377
f 4362 4361 4377
f 4378 4376 4361
f 4371 4378 4361
f 4377 4375 4362
f 4379 4364 4363
f 4363 4366 4379
f 4379 4380 4364
f 4381 4364 4380
f 4365 4364 4381
f 4368 4365 4381
f 4366 4382 4379
f 4382 4366 4383
f 4383 4366 4367
f 4383 4367 4375
f 4368 4381 4384
f 4372 4368 4384
f 4385 4370 4369
f 4385 4369 4374
f 4370 4385 4386
f 4386 4387 4370
f 4371 4370 4387
f 4378 4371 4387
f 4372 4384 4388
f 4388 4373 4372
f 4388 4389 4373
f 4374 4373 4390
f 4373 4389 4390
f 4385 4374 4390
f 4391 4383 4375
f 4391 4375 4377
f 4376 4392 4393
f 4377 4376 4393
f 4394 4376 4378
f 4394 4392 4376
f 4393 4391 4377
f 4394 4378 4387
f 4395 4380 4379
f 4379 4382 4395
f 4395 4396 4380
f 4397 4380 4396
f 4381 4380 4397
f 4384 4381 4397
f 4382 4398 4395
f 4398 4382 4399
f 4399 4382 4383
f 4399 4383 4391
f 4384 4397 4400
f 4388 4384 4400
f 4386 4385 4401
f 4385 4402 4401
f 4385 4390 4402
f 4386 4401 4403
f 4404 4387 4386
f 4403 4404 4386
f 4404 4405 4387
f 4405 4394 4387
f 4388 4400 4406
f 4406 4389 4388
f 4406 4407 4389
f 4408 4389 4409
f 4410 4409 4389
f 4410 4389 4407
f 4389 4408 4390
f 4402 4390 4411
f 4411 4390 4408
f 4412 4399 4391
f 4412 4391 4393
f 4392 4413 4414
f 4393 4392 4414
f 4415 4392 4416
f 4392 4415 4417
f 4413 4392 4417
f 4394 4416 4392
f 4414 4412 4393
f 4418 4394 4405
f 4416 4394 4418
f 4419 4396 4395
f 4395 4398 4419
f 4419 4420 4396
f 4421 4396 4420
f 4397 4396 4421
f 4400 4397 4421
f 4398 4422 4419
f 4422 4398 4423
f 4423 4398 4399
f 4423 4399 4412
f 4400 4421 4424
f 4406 4400 4424
f 4403 4401 4425
f 4401 4402 4426
f 4401 4426 4425
f 4411 4426 4402
f 4403 4425 4427
f 4428 4404 4403
f 4427 4428 4403
f 4429 4405 4404
f 4428 4429 4404
f 4405 4429 4418
f 4406 4424 4430
f 4430 4407 4406
f 4430 4431 4407
f 4432 4410 4407
f 4432 4407 4431
f 4433 4434 4408
f 4433 4408 4435
f 4408 4409 4410
f 4408 4410 4435
f 4408 4434 4436
f 4408 4436 4411
f 4410 4437 4438
f 4410 4438 4435
f 4432 4437 4410
f 4439 4411 4440
f 4411 4439 4441
f 4411 4441 4442
f 4436 4440 4411
f 4411 4442 4426
f 4443 4423 4412
f 4443 4412 4414
f 4413 4444 4445
f 4414 4413 4445
f 4413 4417 4446
f 4444 4413 4446
f 4445 4443 4414
f 4417 4415 4416
f 4416 4447 4448
f 4449 4416 4448
f 4449 4417 4416
f 4450 4447 4416
f 4418 4450 4416
f 4451 4452 4417
f 4449 4451 4417
f 4417 4452 4446
f 4453 4418 4439
f 4441 4439 4418
f 4454 4441 4418
f 4418 4453 4450
f 4429 4454 4418
f 4420 4419 4455
f 4455 4419 4422
f 4421 4420 4456
f 4456 4420 4455
f 4457 4424 4421
f 4457 4421 4456
f 4458 4422 4423
f 4455 4422 4458
f 4423 4443 4459
f 4458 4423 4459
f 4460 4430 4424
f 4460 4424 4457
f 4461 4462 4425
f 4425 4463 4461
f 4425 4442 4463
f 4442 4425 4426
f 4427 4425 4455
f 4425 4464 4455
f 4462 4464 4425
f 4455 4428 4427
f 4428 4465 4466
f 4466 4467 4428
f 4467 4454 4428
f 4429 4428 4454
f 4455 4468 4428
f 4428 4468 4465
f 4460 4431 4430
f 4464 4432 4431
f 4460 4464 4431
f 4464 4462 4432
f 4432 4469 4437
f 4469 4432 4470
f 4470 4432 4462
f 4471 4472 4433
f 4472 4434 4433
f 4433 4435 4469
f 4473 4433 4469
f 4471 4433 4473
f 4474 4475 4434
f 4472 4476 4434
f 4434 4475 4436
f 4434 4477 4474
f 4434 4476 4477
f 4435 4438 4469
f 4440 4436 4478
f 4479 4478 4436
f 4479 4436 4475
f 4469 4480 4437
f 4480 4438 4437
f 4480 4481 4438
f 4481 4482 4438
f 4438 4482 4469
f 4439 4440 4483
f 4483 4453 4439
f 4483 4440 4484
f 4440 4478 4484
f 4485 4486 4441
f 4441 4486 4487
f 4441 4487 4488
f 4488 4442 4441
f 4441 4489 4485
f 4490 4489 4441
f 4491 4490 4441
f 4441 4454 4491
f 4488 4492 4442
f 4442 4492 4463
f 4443 4445 4493
f 4459 4443 4493
f 4445 4444 4493
f 4444 4446 4468
f 4444 4468 4493
f 4446 4465 4468
f 4452 4494 4446
f 4495 4446 4494
f 4465 4446 4495
f 4447 4496 4497
f 4448 4447 4498
f 4447 4499 4498
f 4450 4496 4447
f 4497 4500 4447
f 4500 4499 4447
f 4448 4498 4501
f 4494 4449 4448
f 4494 4448 4502
f 4502 4448 4501
f 4494 4451 4449
f 4503 4450 4453
f 4450 4503 4504
f 4496 4450 4504
f 4451 4505 4506
f 4452 4451 4506
f 4451 4507 4505
f 4494 4507 4451
f 4452 4506 4494
f 4508 4453 4483
f 4508 4503 4453
f 4454 4509 4491
f 4467 4509 4454
f 4457 4456 4455
f 4460 4457 4455
f 4464 4460 4455
f 4455 4458 4459
f 4455 4459 4493
f 4455 4493 4468
f 4462 4461 4470
f 4471 4470 4461
f 4510 4471 4461
f 4510 4461 4511
f 4461 4492 4511
f 4492 4461 4463
f 4495 4466 4465
f 4466 4495 4501
f 4466 4501 4512
f 4513 4466 4512
f 4513 4509 4466
f 4467 4466 4509
f 4469 4482 4480
f 4469 4470 4473
f 4471 4473 4470
f 4471 4514 4472
f 4514 4471 4510
f 4472 4514 4515
f 4476 4472 4515
f 4479 4475 4474
f 4474 4516 4517
f 4474 4517 4518
f 4474 4518 4479
f 4516 4474 4519
f 4477 4519 4474
f 4476 4515 4510
f 4476 4510 4511
f 4492 4477 4476
f 4492 4476 4511
f 4488 4477 4492
f 4519 4477 4487
f 4487 4477 4488
f 4479 4520 4478
f 4478 4520 4484
f 4479 4518 4520
f 4480 4482 4481
f 4483 4484 4521
f 4483 4521 4522
f 4523 4508 4483
f 4522 4523 4483
f 4484 4520 4521
f 4524 4486 4485
f 4485 4525 4526
f 4485 4526 4524
f 4485 4489 4527
f 4528 4525 4485
f 4527 4528 4485
f 4524 4487 4486
f 4524 4519 4487
f 4489 4490 4527
f 4490 4529 4527
f 4490 4500 4529
f 4491 4500 4490
f 4509 4500 4491
f 4506 4507 4494
f 4502 4495 4494
f 4495 4502 4501
f 4497 4496 4504
f 4530 4531 4497
f 4532 4530 4497
f 4504 4532 4497
f 4529 4497 4531
f 4497 4529 4500
f 4498 4533 4501
f 4534 4533 4498
f 4534 4498 4499
f 4512 4534 4499
f 4513 4512 4499
f 4499 4500 4509
f 4513 4499 4509
f 4512 4501 4533
f 4503 4535 4504
f 4508 4535 4503
f 4535 4532 4504
f 4505 4507 4506
f 4523 4535 4508
f 4514 4510 4515
f 4534 4512 4533
f 4526 4516 4519
f 4536 4517 4516
f 4536 4516 4526
f 4537 4538 4517
f 4537 4517 4536
f 4538 4518 4517
f 4538 4520 4518
f 4526 4519 4524
f 4521 4520 4538
f 4521 4538 4537
f 4521 4537 4539
f 4522 4521 4539
f 4539 4523 4522
f 4540 4535 4523
f 4541 4540 4523
f 4539 4541 4523
f 4525 4542 4536
f 4525 4536 4526
f 4543 4542 4525
f 4528 4543 4525
f 4527 4529 4528
f 4529 4531 4528
f 4528 4531 4543
f 4531 4530 4543
f 4530 4540 4541
f 4543 4530 4541
f 4530 4532 4540
f 4532 4535 4540
f 4542 4544 4536
f 4545 4537 4536
f 4545 4536 4544
f 4546 4539 4537
f 4546 4537 4545
f 4539 4546 4547
f 4547 4548 4539
f 4541 4539 4548
f 4543 4541 4549
f 4549 4541 4548
f 4542 4550 4544
f 4551 4550 4542
f 4552 4553 4542
f 4543 4552 4542
f 4542 4553 4551
f 4552 4543 4549
f 4546 4545 4544
f 4546 4544 4554
f 4550 4554 4544
f 4547 4546 4554
f 4547 4554 4555
f 4556 4548 4547
f 4555 4556 4547
f 4552 4549 4548
f 4556 4552 4548
f 4555 4554 4550
f 4555 4550 4551
f 4551 4553 4555
f 4552 4556 4553
f 4553 4556 4555
f 4557 4558 4559
f 4557 4559 4560
f 4557 4560 4561
f 4557 4562 4563
f 4557 4563 4558
f 4561 4560 4564
f 4561 4564 4565
f 4561 4565 4557
f 4565 4566 4562
f 4565 4562 4557
f 4558 4567 4559
f 4568 4569 4567
f 4568 4567 4558
f 4558 4563 4570
f 4558 4570 4568
f 4559 4571 4572
f 4559 4572 4560
f 4567 4573 4571
f 4567 4571 4559
f 4560 4572 4574
f 4560 4574 4564
f 4575 4572 4571
f 4575 4571 4563
f 4575 4563 4562
f 4562 4566 4574
f 4562 4574 4572
f 4562 4572 4575
f 4571 4573 4563
f 4563 4573 4576
f 4563 4576 4570
f 4564 4577 4565
f 4564 4574 4578
f 4564 4578 4577
f 4565 4577 4579
f 4565 4579 4580
f 4580 4581 4566
f 4580 4566 4565
f 4566 4578 4574
f 4581 4582 4578
f 4581 4578 4566
f 4569 4576 4573
f 4569 4573 4567
f 4583 4569 4568
f 4584 4583 4568
f 4585 4584 4568
f 4586 4587 4585
f 4586 4585 4568
f 4568 4570 4588
f 4568 4588 4586
f 4583 4589 4576
f 4583 4576 4569
f 4570 4576 4589
f 4570 4589 4590
f 4570 4590 4591
f 4570 4591 4592
f 4570 4592 4588
f 4577 4578 4582
f 4577 4582 4579
f 4580 4579 4593
f 4579 4582 4594
f 4579 4594 4593
f 4580 4593 4595
f 4580 4595 4596
f 4580 4596 4597
f 4580 4597 4598
f 4598 4599 4581
f 4598 4581 4580
f 4594 4582 4581
f 4600 4594 4581
f 4601 4600 4581
f 4599 4602 4601
f 4599 4601 4581
f 4584 4590 4589
f 4584 4589 4583
f 4585 4591 4590
f 4585 4590 4584
f 4587 4592 4591
f 4587 4591 4585
f 4586 4603 4604
f 4586 4604 4587
f 4586 4588 4605
f 4586 4605 4603
f 4604 4606 4592
f 4604 4592 4587
f 4592 4606 4605
f 4592 4605 4588
f 4593 4594 4600
f 4593 4600 4595
f 4595 4600 4601
f 4595 4601 4596
f 4596 4601 4602
f 4596 4602 4597
f 4597 4607 4608
f 4597 4608 4598
f 4597 4602 4609
f 4597 4609 4607
f 4608 4610 4599
f 4608 4599 4598
f 4599 4610 4609
f 4599 4609 4602
f 4603 4611 4612
f 4603 4612 4604
f 4603 4605 4613
f 4603 4613 4611
f 4612 4614 4606
f 4612 4606 4604
f 4606 4614 4613
f 4606 4613 4605
f 4607 4615 4616
f 4607 4616 4608
f 4607 4609 4617
f 4607 4617 4615
f 4616 4618 4610
f 4616 4610 4608
f 4610 4618 4617
f 4610 4617 4609
f 4619 4620 4612
f 4619 4612 4611
f 4611 4613 4621
f 4611 4621 4619
f 4620 4622 4614
f 4620 4614 4612
f 4613 4614 4622
f 4613 4622 4621
f 4616 4615 4623
f 4616 4623 4624
f 4615 4617 4625
f 4615 4625 4623
f 4624 4626 4618
f 4624 4618 4616
f 4626 4625 4617
f 4626 4617 4618
f 4627 4628 4619
f 4628 4629 4619
f 4629 4620 4619
f 4630 4631 4627
f 4630 4627 4619
f 4630 4619 4621
f 4630 4621 4632
f 4633 4634 4620
f 4633 4620 4629
f 4634 4635 4622
f 4634 4622 4620
f 4621 4636 4637
f 4621 4638 4636
f 4621 4622 4638
f 4621 4637 4639
f 4621 4639 4632
f 4638 4622 4635
f 4638 4635 4640
f 4624 4623 4641
f 4641 4623 4642
f 4641 4642 4643
f 4623 4625 4644
f 4623 4644 4642
f 4624 4645 4646
f 4624 4641 4645
f 4624 4646 4647
f 4624 4647 4648
f 4649 4626 4624
f 4649 4624 4648
f 4650 4625 4626
f 4651 4644 4625
f 4651 4625 4650
f 4652 4653 4626
f 4653 4650 4626
f 4649 4654 4652
f 4649 4652 4626
f 4627 4655 4656
f 4627 4656 4628
f 4631 4657 4655
f 4631 4655 4627
f 4656 4629 4628
f 4656 4633 4629
f 4658 4659 4631
f 4658 4631 4630
f 4658 4630 4632
f 4658 4632 4660
f 4659 4661 4657
f 4659 4657 4631
f 4632 4639 4662
f 4632 4662 4660
f 4663 4634 4633
f 4656 4663 4633
f 4663 4664 4635
f 4663 4635 4634
f 4640 4635 4664
f 4636 4638 4665
f 4636 4665 4666
f 4636 4666 4637
f 4637 4666 4667
f 4637 4667 4639
f 4638 4640 4665
f 4639 4667 4668
f 4639 4668 4662
f 4640 4664 4665
f 4645 4641 4669
f 4641 4643 4669
f 4643 4642 4670
f 4642 4644 4671
f 4642 4671 4670
f 4643 4670 4669
f 4671 4644 4651
f 4645 4669 4672
f 4645 4672 4646
f 4646 4672 4673
f 4646 4673 4647
f 4648 4647 4674
f 4648 4674 4675
f 4647 4673 4676
f 4647 4676 4674
f 4677 4649 4648
f 4677 4648 4675
f 4677 4678 4654
f 4677 4654 4649
f 4679 4650 4653
f 4679 4651 4650
f 4679 4671 4651
f 4652 4680 4679
f 4652 4679 4653
f 4654 4681 4680
f 4654 4680 4652
f 4678 4682 4681
f 4678 4681 4654
f 4655 4683 4684
f 4655 4684 4656
f 4657 4685 4683
f 4657 4683 4655
f 4684 4663 4656
f 4661 4686 4685
f 4661 4685 4657
f 4687 4688 4659
f 4687 4659 4658
f 4658 4660 4689
f 4658 4689 4687
f 4688 4690 4661
f 4688 4661 4659
f 4660 4662 4691
f 4660 4691 4689
f 4690 4686 4661
f 4662 4668 4692
f 4662 4692 4691
f 4693 4663 4684
f 4693 4694 4664
f 4693 4664 4663
f 4665 4664 4695
f 4695 4664 4694
f 4665 4695 4696
f 4665 4696 4666
f 4666 4696 4697
f 4666 4697 4667
f 4667 4697 4698
f 4667 4698 4668
f 4668 4698 4692
f 4669 4670 4699
f 4669 4699 4700
f 4669 4700 4672
f 4699 4670 4701
f 4670 4671 4702
f 4670 4702 4701
f 4703 4671 4679
f 4702 4671 4703
f 4672 4700 4704
f 4672 4704 4673
f 4673 4704 4705
f 4673 4705 4676
f 4675 4674 4706
f 4675 4706 4707
f 4674 4676 4708
f 4674 4708 4706
f 4707 4709 4677
f 4707 4677 4675
f 4676 4705 4708
f 4709 4710 4678
f 4709 4678 4677
f 4710 4711 4682
f 4710 4682 4678
f 4680 4712 4703
f 4680 4703 4679
f 4681 4713 4712
f 4681 4712 4680
f 4682 4714 4713
f 4682 4713 4681
f 4711 4714 4682
f 4685 4697 4696
f 4685 4696 4683
f 4683 4696 4695
f 4683 4695 4684
f 4715 4716 4693
f 4715 4693 4684
f 4684 4695 4717
f 4684 4717 4715
f 4686 4698 4697
f 4686 4697 4685
f 4718 4719 4686
f 4718 4686 4690
f 4719 4720 4698
f 4719 4698 4686
f 4721 4688 4687
f 4687 4689 4722
f 4687 4722 4721
f 4723 4724 4688
f 4723 4688 4721
f 4725 4690 4688
f 4724 4726 4725
f 4724 4725 4688
f 4689 4691 4722
f 4725 4727 4718
f 4725 4718 4690
f 4722 4691 4728
f 4722 4728 4729
f 4691 4692 4730
f 4691 4730 4731
f 4691 4731 4728
f 4692 4698 4720
f 4692 4720 4732
f 4692 4732 4733
f 4692 4733 4730
f 4716 4734 4694
f 4716 4694 4693
f 4695 4694 4734
f 4695 4734 4717
f 4699 4701 4735
f 4699 4735 4736
f 4699 4703 4712
f 4699 4712 4700
f 4736 4737 4703
f 4736 4703 4699
f 4700 4712 4713
f 4700 4713 4704
f 4701 4702 4738
f 4701 4738 4735
f 4737 4738 4702
f 4737 4702 4703
f 4704 4713 4714
f 4704 4714 4705
f 4708 4705 4739
f 4708 4739 4740
f 4705 4714 4741
f 4705 4741 4739
f 4707 4706 4742
f 4742 4706 4743
f 4742 4743 4744
f 4706 4708 4745
f 4706 4745 4746
f 4706 4746 4743
f 4742 4747 4709
f 4742 4709 4707
f 4708 4740 4748
f 4708 4748 4745
f 4747 4710 4709
f 4749 4750 4710
f 4749 4710 4747
f 4751 4711 4710
f 4750 4752 4751
f 4750 4751 4710
f 4753 4741 4714
f 4753 4714 4711
f 4751 4754 4753
f 4751 4753 4711
f 4755 4756 4716
f 4755 4716 4715
f 4715 4717 4757
f 4715 4757 4755
f 4756 4758 4734
f 4756 4734 4716
f 4717 4734 4758
f 4717 4758 4757
f 4718 4759 4719
f 4718 4732 4760
f 4718 4760 4759
f 4727 4733 4732
f 4727 4732 4718
f 4719 4759 4761
f 4719 4761 4762
f 4762 4763 4720
f 4762 4720 4719
f 4763 4764 4760
f 4763 4760 4720
f 4720 4760 4732
f 4721 4722 4729
f 4721 4729 4723
f 4765 4724 4723
f 4723 4729 4766
f 4723 4766 4765
f 4765 4767 4724
f 4767 4768 4726
f 4767 4726 4724
f 4726 4769 4727
f 4726 4727 4725
f 4768 4770 4769
f 4768 4769 4726
f 4769 4771 4733
f 4769 4733 4727
f 4729 4728 4766
f 4728 4772 4766
f 4728 4731 4773
f 4728 4773 4772
f 4730 4733 4771
f 4730 4771 4731
f 4731 4771 4774
f 4731 4774 4773
f 4736 4735 4775
f 4736 4775 4776
f 4735 4738 4777
f 4735 4777 4775
f 4776 4778 4737
f 4776 4737 4736
f 4778 4777 4738
f 4778 4738 4737
f 4779 4780 4781
f 4779 4781 4739
f 4739 4781 4740
f 4739 4741 4782
f 4739 4782 4779
f 4781 4783 4753
f 4781 4753 4740
f 4740 4753 4754
f 4740 4754 4748
f 4741 4783 4784
f 4741 4784 4782
f 4753 4783 4741
f 4744 4749 4747
f 4744 4747 4742
f 4744 4743 4785
f 4743 4786 4785
f 4743 4746 4787
f 4743 4787 4786
f 4785 4788 4749
f 4785 4749 4744
f 4745 4748 4789
f 4745 4789 4746
f 4746 4789 4790
f 4746 4790 4787
f 4748 4754 4791
f 4748 4791 4789
f 4788 4750 4749
f 4788 4792 4750
f 4792 4793 4752
f 4792 4752 4750
f 4752 4791 4754
f 4752 4754 4751
f 4793 4794 4791
f 4793 4791 4752
f 4795 4796 4756
f 4795 4756 4755
f 4755 4757 4797
f 4755 4797 4795
f 4796 4798 4758
f 4796 4758 4756
f 4757 4758 4798
f 4757 4798 4797
f 4759 4760 4764
f 4759 4764 4761
f 4762 4761 4799
f 4762 4799 4800
f 4761 4764 4801
f 4761 4801 4799
f 4800 4802 4763
f 4800 4763 4762
f 4802 4801 4764
f 4802 4764 4763
f 4765 4770 4768
f 4765 4768 4767
f 4803 4804 4770
f 4803 4770 4765
f 4765 4766 4805
f 4765 4805 4803
f 4772 4773 4774
f 4772 4774 4766
f 4766 4774 4806
f 4766 4806 4805
f 4770 4774 4771
f 4770 4771 4769
f 4804 4806 4774
f 4804 4774 4770
f 4776 4775 4807
f 4776 4807 4808
f 4775 4777 4809
f 4775 4809 4807
f 4808 4810 4778
f 4808 4778 4776
f 4810 4809 4777
f 4810 4777 4778
f 4811 4812 4780
f 4811 4780 4779
f 4779 4782 4813
f 4779 4813 4811
f 4812 4814 4784
f 4812 4784 4780
f 4780 4784 4783
f 4780 4783 4781
f 4782 4784 4814
f 4782 4814 4813
f 4786 4787 4790
f 4786 4790 4785
f 4785 4790 4815
f 4785 4815 4816
f 4816 4817 4788
f 4816 4788 4785
f 4788 4794 4793
f 4788 4793 4792
f 4817 4818 4794
f 4817 4794 4788
f 4789 4791 4794
f 4789 4794 4790
f 4790 4794 4818
f 4790 4818 4815
f 4819 4796 4795
f 4820 4819 4795
f 4821 4820 4795
f 4822 4821 4795
f 4823 4824 4822
f 4823 4822 4795
f 4795 4797 4825
f 4795 4825 4823
f 4819 4826 4798
f 4819 4798 4796
f 4797 4798 4826
f 4797 4826 4827
f 4797 4827 4828
f 4797 4828 4829
f 4797 4829 4830
f 4797 4830 4825
f 4800 4799 4824
f 4800 4824 4823
f 4799 4801 4830
f 4799 4830 4824
f 4823 4825 4802
f 4823 4802 4800
f 4825 4830 4801
f 4825 4801 4802
f 4831 4832 4804
f 4831 4804 4803
f 4803 4805 4833
f 4803 4833 4831
f 4832 4834 4806
f 4832 4806 4804
f 4805 4806 4834
f 4805 4834 4833
f 4808 4807 4835
f 4807 4809 4836
f 4807 4836 4835
f 4808 4835 4837
f 4808 4837 4838
f 4808 4838 4839
f 4808 4839 4840
f 4808 4840 4841
f 4841 4842 4810
f 4841 4810 4808
f 4836 4809 4810
f 4843 4836 4810
f 4844 4843 4810
f 4845 4844 4810
f 4842 4846 4845
f 4842 4845 4810
f 4841 4840 4812
f 4841 4812 4811
f 4811 4813 4842
f 4811 4842 4841
f 4840 4846 4814
f 4840 4814 4812
f 4813 4814 4846
f 4813 4846 4842
f 4816 4815 4847
f 4816 4847 4848
f 4815 4818 4849
f 4815 4849 4847
f 4848 4850 4817
f 4848 4817 4816
f 4850 4849 4818
f 4850 4818 4817
f 4820 4827 4826
f 4820 4826 4819
f 4821 4828 4827
f 4821 4827 4820
f 4822 4829 4828
f 4822 4828 4821
f 4824 4830 4829
f 4824 4829 4822
f 4851 4832 4831
f 4851 4831 4852
f 4831 4833 4853
f 4831 4853 4852
f 4851 4854 4834
f 4851 4834 4832
f 4853 4833 4834
f 4853 4834 4854
f 4835 4836 4843
f 4835 4843 4837
f 4837 4843 4844
f 4837 4844 4838
f 4838 4844 4845
f 4838 4845 4839
f 4839 4845 4846
f 4839 4846 4840
f 4855 4848 4847
f 4855 4847 4856
f 4847 4849 4857
f 4847 4857 4856
f 4855 4858 4850
f 4855 4850 4848
f 4857 4849 4850
f 4857 4850 4858
f 4859 4851 4852
f 4860 4861 4851
f 4860 4851 4859
f 4861 4862 4854
f 4861 4854 4851
f 4852 4853 4863
f 4852 4863 4859
f 4853 4854 4863
f 4863 4854 4862
f 4863 4862 4864
f 4855 4856 4865
f 4865 4866 4858
f 4865 4858 4855
f 4865 4856 4861
f 4865 4861 4860
f 4856 4857 4862
f 4856 4862 4861
f 4866 4857 4858
f 4864 4862 4857
f 4864 4857 4866
f 4859 4863 4864
f 4859 4864 4860
f 4860 4864 4866
f 4860 4866 4865
f 4867 4868 4869
f 4869 4870 4867
f 4871 4868 4867
f 4867 4870 4871
f 4872 4873 4868
f 4874 4872 4868
f 4868 4873 4869
f 4868 4875 4876
f 4868 4876 4874
f 4871 4875 4868
f 4877 4869 4873
f 4877 4878 4869
f 4869 4879 4880
f 4869 4880 4870
f 4879 4869 4878
f 4870 4881 4882
f 4870 4882 4883
f 4880 4881 4870
f 4883 4884 4885
f 4883 4885 4870
f 4870 4885 4886
f 4870 4886 4887
f 4870 4887 4871
f 4875 4871 4888
f 4871 4889 4888
f 4889 4871 4887
f 4890 4873 4872
f 4890 4872 4891
f 4890 4891 4892
f 4891 4872 4874
f 4891 4874 4893
f 4877 4873 4890
f 4893 4874 4876
f 4893 4876 4894
f 4895 4875 4888
f 4876 4875 4895
f 4896 4894 4876
f 4896 4876 4895
f 4897 4898 4877
f 4897 4877 4890
f 4877 4899 4879
f 4877 4879 4878
f 4877 4898 4899
f 4880 4879 4891
f 4880 4891 4900
f 4879 4892 4891
f 4879 4899 4892
f 4881 4880 4900
f 4881 4900 4901
f 4881 4901 4902
f 4882 4881 4902
f 4883 4882 4903
f 4883 4903 4904
f 4902 4903 4882
f 4904 4905 4884
f 4904 4884 4883
f 4906 4885 4884
f 4884 4905 4906
f 4906 4907 4885
f 4907 4908 4886
f 4907 4886 4885
f 4908 4894 4887
f 4908 4887 4886
f 4889 4887 4909
f 4889 4909 4888
f 4894 4896 4887
f 4896 4909 4887
f 4895 4888 4910
f 4895 4910 4911
f 4909 4910 4888
f 4897 4890 4912
f 4912 4890 4913
f 4914 4913 4890
f 4914 4890 4892
f 4914 4892 4915
f 4916 4900 4891
f 4916 4891 4893
f 4892 4899 4917
f 4892 4917 4918
f 4892 4918 4915
f 4893 4894 4908
f 4893 4908 4916
f 4919 4895 4911
f 4920 4895 4919
f 4895 4920 4921
f 4922 4896 4895
f 4922 4895 4921
f 4923 4909 4896
f 4924 4923 4896
f 4922 4924 4896
f 4925 4926 4897
f 4925 4897 4912
f 4926 4927 4897
f 4927 4898 4897
f 4928 4929 4898
f 4928 4898 4927
f 4929 4899 4898
f 4899 4930 4917
f 4899 4929 4931
f 4899 4931 4930
f 4932 4901 4900
f 4932 4900 4916
f 4933 4902 4901
f 4933 4901 4932
f 4933 4904 4902
f 4934 4902 4904
f 4934 4903 4902
f 4903 4934 4904
f 4906 4904 4933
f 4904 4935 4905
f 4904 4906 4935
f 4906 4905 4935
f 4932 4907 4906
f 4932 4906 4933
f 4916 4908 4907
f 4916 4907 4932
f 4923 4936 4909
f 4936 4937 4938
f 4936 4938 4909
f 4910 4909 4938
f 4939 4910 4938
f 4939 4938 4940
f 4911 4910 4939
f 4919 4911 4941
f 4919 4941 4942
f 4911 4939 4941
f 4925 4912 4913
f 4925 4913 4943
f 4944 4943 4913
f 4944 4913 4945
f 4945 4913 4946
f 4946 4913 4947
f 4913 4914 4947
f 4948 4914 4929
f 4948 4929 4928
f 4914 4931 4929
f 4914 4949 4931
f 4914 4950 4951
f 4914 4951 4949
f 4914 4915 4952
f 4914 4952 4953
f 4950 4914 4954
f 4950 4954 4955
f 4914 4948 4954
f 4956 4957 4914
f 4957 4947 4914
f 4914 4953 4956
f 4918 4917 4915
f 4917 4958 4915
f 4958 4952 4915
f 4930 4958 4917
f 4920 4919 4942
f 4959 4920 4942
f 4960 4920 4959
f 4960 4959 4961
f 4962 4920 4960
f 4963 4920 4962
f 4963 4921 4920
f 4940 4938 4921
f 4940 4921 4964
f 4938 4937 4921
f 4937 4965 4921
f 4965 4966 4967
f 4965 4967 4921
f 4968 4922 4921
f 4969 4968 4921
f 4970 4971 4921
f 4970 4921 4967
f 4971 4964 4921
f 4921 4972 4973
f 4921 4963 4972
f 4973 4969 4921
f 4922 4923 4924
f 4922 4974 4923
f 4922 4968 4974
f 4923 4974 4936
f 4975 4925 4976
f 4977 4926 4925
f 4977 4925 4975
f 4976 4925 4978
f 4978 4925 4943
f 4978 4943 4979
f 4977 4980 4927
f 4977 4927 4926
f 4980 4928 4927
f 4948 4928 4980
f 4949 4930 4931
f 4958 4930 4949
f 4937 4936 4965
f 4965 4936 4974
f 4941 4939 4981
f 4941 4981 4982
f 4939 4940 4981
f 4981 4940 4964
f 4983 4942 4941
f 4983 4941 4982
f 4984 4942 4983
f 4985 4942 4984
f 4979 4959 4942
f 4979 4942 4985
f 4943 4944 4986
f 4943 4986 4987
f 4943 4987 4979
f 4944 4988 4986
f 4945 4989 4988
f 4945 4988 4944
f 4946 4989 4945
f 4947 4990 4989
f 4947 4989 4946
f 4947 4991 4990
f 4947 4957 4992
f 4947 4992 4991
f 4954 4948 4980
f 4949 4951 4958
f 4993 4951 4950
f 4993 4950 4955
f 4951 4994 4958
f 4993 4994 4951
f 4958 4994 4952
f 4953 4952 4994
f 4956 4953 4994
f 4956 4994 4995
f 4992 4955 4954
f 4992 4954 4991
f 4991 4954 4980
f 4995 4993 4955
f 4995 4955 4992
f 4957 4956 4995
f 4957 4995 4992
f 4979 4987 4996
f 4979 4996 4961
f 4979 4961 4959
f 4961 4997 4998
f 4961 4998 4960
f 4960 4998 4962
f 4996 4997 4961
f 4962 4998 4999
f 4962 4999 4963
f 4999 5000 4963
f 5000 5001 4972
f 5000 4972 4963
f 4981 4964 4971
f 4974 4966 4965
f 4967 4966 5002
f 4974 5003 4966
f 4966 5003 5002
f 4970 4967 5002
f 4968 5003 4974
f 5003 4968 4969
f 5004 5003 4969
f 5004 4969 4973
f 5000 4971 4970
f 5000 4970 5001
f 5001 4970 5002
f 5001 5002 5004
f 4981 4971 5000
f 5001 5004 4973
f 5001 4973 4972
f 4990 5005 4975
f 4990 4975 4976
f 5005 4977 4975
f 4990 4976 4989
f 4989 4976 4988
f 4976 5006 5007
f 4976 5007 4988
f 4976 4978 5006
f 4991 4980 4977
f 4991 4977 5005
f 5006 4978 4979
f 4979 4985 5006
f 5008 4982 4981
f 5008 4981 5000
f 4983 4982 5008
f 4984 4983 5008
f 4984 5008 4999
f 4998 4984 4999
f 4997 4984 4998
f 4997 5007 5006
f 4997 5006 4984
f 5006 4985 4984
f 4988 5007 4987
f 4988 4987 4986
f 4996 4987 5007
f 4996 5007 4997
f 4990 4991 5005
f 4994 4993 4995
f 5008 5000 4999
f 5004 5002 5003
f 5009 5010 5011
f 5011 5012 5009
f 5013 5010 5009
f 5009 5012 5013
f 5014 5015 5010
f 5016 5014 5010
f 5010 5015 5011
f 5010 5017 5018
f 5010 5018 5016
f 5013 5017 5010
f 5019 5011 5015
f 5019 5020 5011
f 5011 5021 5022
f 5011 5022 5012
f 5021 5011 5020
f 5012 5023 5024
f 5012 5024 5025
f 5022 5023 5012
f 5025 5026 5027
f 5025 5027 5012
f 5012 5027 5028
f 5012 5028 5029
f 5012 5029 5013
f 5017 5013 5030
f 5013 5031 5030
f 5031 5013 5029
f 5032 5015 5014
f 5032 5014 5033
f 5032 5033 5034
f 5033 5014 5016
f 5033 5016 5035
f 5019 5015 5032
f 5035 5016 5018
f 5035 5018 5036
f 5037 5017 5030
f 5018 5017 5037
f 5038 5036 5018
f 5038 5018 5037
f 5039 5040 5019
f 5039 5019 5032
f 5019 5041 5021
f 5019 5021 5020
f 5019 5040 5041
f 5022 5021 5033
f 5022 5033 5042
f 5021 5034 5033
f 5021 5041 5034
f 5023 5022 5042
f 5023 5042 5043
f 5023 5043 5044
f 5024 5023 5044
f 5025 5024 5045
f 5025 5045 5046
f 5044 5045 5024
f 5046 5047 5026
f 5046 5026 5025
f 5048 5027 5026
f 5026 5047 5048
f 5048 5049 5027
f 5049 5050 5028
f 5049 5028 5027
f 5050 5036 5029
f 5050 5029 5028
f 5031 5029 5051
f 5031 5051 5030
f 5036 5038 5029
f 5038 5051 5029
f 5037 5030 5052
f 5037 5052 5053
f 5051 5052 5030
f 5039 5032 5054
f 5054 5032 5055
f 5056 5055 5032
f 5056 5032 5034
f 5056 5034 5057
f 5058 5042 5033
f 5058 5033 5035
f 5034 5041 5059
f 5034 5059 5060
f 5034 5060 5057
f 5035 5036 5050
f 5035 5050 5058
f 5061 5037 5053
f 5062 5037 5061
f 5037 5062 5063
f 5064 5038 5037
f 5064 5037 5063
f 5065 5051 5038
f 5066 5065 5038
f 5064 5066 5038
f 5067 5068 5039
f 5067 5039 5054
f 5068 5069 5039
f 5069 5040 5039
f 5070 5071 5040
f 5070 5040 5069
f 5071 5041 5040
f 5041 5072 5059
f 5041 5071 5073
f 5041 5073 5072
f 5074 5043 5042
f 5074 5042 5058
f 5075 5044 5043
f 5075 5043 5074
f 5075 5046 5044
f 5076 5044 5046
f 5076 5045 5044
f 5045 5076 5046
f 5048 5046 5075
f 5046 5077 5047
f 5046 5048 5077
f 5048 5047 5077
f 5074 5049 5048
f 5074 5048 5075
f 5058 5050 5049
f 5058 5049 5074
f 5065 5078 5051
f 5078 5079 5080
f 5078 5080 5051
f 5052 5051 5080
f 5081 5052 5080
f 5081 5080 5082
f 5053 5052 5081
f 5061 5053 5083
f 5061 5083 5084
f 5053 5081 5083
f 5067 5054 5055
f 5067 5055 5085
f 5086 5085 5055
f 5086 5055 5087
f 5087 5055 5088
f 5088 5055 5089
f 5055 5056 5089
f 5090 5056 5071
f 5090 5071 5070
f 5056 5073 5071
f 5056 5091 5073
f 5056 5092 5093
f 5056 5093 5091
f 5056 5057 5094
f 5056 5094 5095
f 5092 5056 5096
f 5092 5096 5097
f 5056 5090 5096
f 5098 5099 5056
f 5099 5089 5056
f 5056 5095 5098
f 5060 5059 5057
f 5059 5100 5057
f 5100 5094 5057
f 5072 5100 5059
f 5062 5061 5084
f 5101 5062 5084
f 5102 5062 5101
f 5102 5101 5103
f 5104 5062 5102
f 5105 5062 5104
f 5105 5063 5062
f 5082 5080 5063
f 5082 5063 5106
f 5080 5079 5063
f 5079 5107 5063
f 5107 5108 5109
f 5107 5109 5063
f 5110 5064 5063
f 5111 5110 5063
f 5112 5113 5063
f 5112 5063 5109
f 5113 5106 5063
f 5063 5114 5115
f 5063 5105 5114
f 5115 5111 5063
f 5064 5065 5066
f 5064 5116 5065
f 5064 5110 5116
f 5065 5116 5078
f 5117 5067 5118
f 5119 5068 5067
f 5119 5067 5117
f 5118 5067 5120
f 5120 5067 5085
f 5120 5085 5121
f 5119 5122 5069
f 5119 5069 5068
f 5122 5070 5069
f 5090 5070 5122
f 5091 5072 5073
f 5100 5072 5091
f 5079 5078 5107
f 5107 5078 5116
f 5083 5081 5123
f 5083 5123 5124
f 5081 5082 5123
f 5123 5082 5106
f 5125 5084 5083
f 5125 5083 5124
f 5126 5084 5125
f 5127 5084 5126
f 5121 5101 5084
f 5121 5084 5127
f 5085 5086 5128
f 5085 5128 5129
f 5085 5129 5121
f 5086 5130 5128
f 5087 5131 5130
f 5087 5130 5086
f 5088 5131 5087
f 5089 5132 5131
f 5089 5131 5088
f 5089 5133 5132
f 5089 5099 5134
f 5089 5134 5133
f 5096 5090 5122
f 5091 5093 5100
f 5135 5093 5092
f 5135 5092 5097
f 5093 5136 5100
f 5135 5136 5093
f 5100 5136 5094
f 5095 5094 5136
f 5098 5095 5136
f 5098 5136 5137
f 5134 5097 5096
f 5134 5096 5133
f 5133 5096 5122
f 5137 5135 5097
f 5137 5097 5134
f 5099 5098 5137
f 5099 5137 5134
f 5121 5129 5138
f 5121 5138 5103
f 5121 5103 5101
f 5103 5139 5140
f 5103 5140 5102
f 5102 5140 5104
f 5138 5139 5103
f 5104 5140 5141
f 5104 5141 5105
f 5141 5142 5105
f 5142 5143 5114
f 5142 5114 5105
f 5123 5106 5113
f 5116 5108 5107
f 5109 5108 5144
f 5116 5145 5108
f 5108 5145 5144
f 5112 5109 5144
f 5110 5145 5116
f 5145 5110 5111
f 5146 5145 5111
f 5146 5111 5115
f 5142 5113 5112
f 5142 5112 5143
f 5143 5112 5144
f 5143 5144 5146
f 5123 5113 5142
f 5143 5146 5115
f 5143 5115 5114
f 5132 5147 5117
f 5132 5117 5118
f 5147 5119 5117
f 5132 5118 5131
f 5131 5118 5130
f 5118 5148 5149
f 5118 5149 5130
f 5118 5120 5148
f 5133 5122 5119
f 5133 5119 5147
f 5148 5120 5121
f 5121 5127 5148
f 5150 5124 5123
f 5150 5123 5142
f 5125 5124 5150
f 5126 5125 5150
f 5126 5150 5141
f 5140 5126 5141
f 5139 5126 5140
f 5139 5149 5148
f 5139 5148 5126
f 5148 5127 5126
f 5130 5149 5129
f 5130 5129 5128
f 5138 5129 5149
f 5138 5149 5139
f 5132 5133 5147
f 5136 5135 5137
f 5150 5142 5141
f 5146 5144 5145
f 5151 5152 5153
f 5153 5154 5151
f 5155 5152 5151
f 5151 5154 5155
f 5156 5157 5152
f 5158 5156 5152
f 5152 5157 5153
f 5152 5159 5160
f 5152 5160 5158
f 5155 5159 5152
f 5161 5153 5157
f 5161 5162 5153
f 5153 5163 5164
f 5153 5164 5154
f 5163 5153 5162
f 5154 5165 5166
f 5154 5166 5167
f 5164 5165 5154
f 5167 5168 5169
f 5167 5169 5154
f 5154 5169 5170
f 5154 5170 5171
f 5154 5171 5155
f 5159 5155 5172
f 5155 5173 5172
f 5173 5155 5171
f 5174 5157 5156
f 5174 5156 5175
f 5174 5175 5176
f 5175 5156 5158
f 5175 5158 5177
f 5161 5157 5174
f 5177 5158 5160
f 5177 5160 5178
f 5179 5159 5172
f 5160 5159 5179
f 5180 5178 5160
f 5180 5160 5179
f 5181 5182 5161
f 5181 5161 5174
f 5161 5183 5163
f 5161 5163 5162
f 5161 5182 5183
f 5164 5163 5175
f 5164 5175 5184
f 5163 5176 5175
f 5163 5183 5176
f 5165 5164 5184
f 5165 5184 5185
f 5165 5185 5186
f 5166 5165 5186
f 5167 5166 5187
f 5167 5187 5188
f 5186 5187 5166
f 5188 5189 5168
f 5188 5168 5167
f 5190 5169 5168
f 5168 5189 5190
f 5190 5191 5169
f 5191 5192 5170
f 5191 5170 5169
f 5192 5178 5171
f 5192 5171 5170
f 5173 5171 5193
f 5173 5193 5172
f 5178 5180 5171
f 5180 5193 5171
f 5179 5172 5194
f 5179 5194 5195
f 5193 5194 5172
f 5181 5174 5196
f 5196 5174 5197
f 5198 5197 5174
f 5198 5174 5176
f 5198 5176 5199
f 5200 5184 5175
f 5200 5175 5177
f 5176 5183 5201
f 5176 5201 5202
f 5176 5202 5199
f 5177 5178 5192
f 5177 5192 5200
f 5203 5179 5195
f 5204 5179 5203
f 5179 5204 5205
f 5206 5180 5179
f 5206 5179 5205
f 5207 5193 5180
f 5208 5207 5180
f 5206 5208 5180
f 5209 5210 5181
f 5209 5181 5196
f 5210 5211 5181
f 5211 5182 5181
f 5212 5213 5182
f 5212 5182 5211
f 5213 5183 5182
f 5183 5214 5201
f 5183 5213 5215
f 5183 5215 5214
f 5216 5185 5184
f 5216 5184 5200
f 5217 5186 5185
f 5217 5185 5216
f 5217 5188 5186
f 5218 5186 5188
f 5218 5187 5186
f 5187 5218 5188
f 5190 5188 5217
f 5188 5219 5189
f 5188 5190 5219
f 5190 5189 5219
f 5216 5191 5190
f 5216 5190 5217
f 5200 5192 5191
f 5200 5191 5216
f 5207 5220 5193
f 5220 5221 5222
f 5220 5222 5193
f 5194 5193 5222
f 5223 5194 5222
f 5223 5222 5224
f 5195 5194 5223
f 5203 5195 5225
f 5203 5225 5226
f 5195 5223 5225
f 5209 5196 5197
f 5209 5197 5227
f 5228 5227 5197
f 5228 5197 5229
f 5229 5197 5230
f 5230 5197 5231
f 5197 5198 5231
f 5232 5198 5213
f 5232 5213 5212
f 5198 5215 5213
f 5198 5233 5215
f 5198 5234 5235
f 5198 5235 5233
f 5198 5199 5236
f 5198 5236 5237
f 5234 5198 5238
f 5234 5238 5239
f 5198 5232 5238
f 5240 5241 5198
f 5241 5231 5198
f 5198 5237 5240
f 5202 5201 5199
f 5201 5242 5199
f 5242 5236 5199
f 5214 5242 5201
f 5204 5203 5226
f 5243 5204 5226
f 5244 5204 5243
f 5244 5243 5245
f 5246 5204 5244
f 5247 5204 5246
f 5247 5205 5204
f 5224 5222 5205
f 5224 5205 5248
f 5222 5221 5205
f 5221 5249 5205
f 5249 5250 5251
f 5249 5251 5205
f 5252 5206 5205
f 5253 5252 5205
f 5254 5255 5205
f 5254 5205 5251
f 5255 5248 5205
f 5205 5256 5257
f 5205 5247 5256
f 5257 5253 5205
f 5206 5207 5208
f 5206 5258 5207
f 5206 5252 5258
f 5207 5258 5220
f 5259 5209 5260
f 5261 5210 5209
f 5261 5209 5259
f 5260 5209 5262
f 5262 5209 5227
f 5262 5227 5263
f 5261 5264 5211
f 5261 5211 5210
f 5264 5212 5211
f 5232 5212 5264
f 5233 5214 5215
f 5242 5214 5233
f 5221 5220 5249
f 5249 5220 5258
f 5225 5223 5265
f 5225 5265 5266
f 5223 5224 5265
f 5265 5224 5248
f 5267 5226 5225
f 5267 5225 5266
f 5268 5226 5267
f 5269 5226 5268
f 5263 5243 5226
f 5263 5226 5269
f 5227 5228 5270
f 5227 5270 5271
f 5227 5271 5263
f 5228 5272 5270
f 5229 5273 5272
f 5229 5272 5228
f 5230 5273 5229
f 5231 5274 5273
f 5231 5273 5230
f 5231 5275 5274
f 5231 5241 5276
f 5231 5276 5275
f 5238 5232 5264
f 5233 5235 5242
f 5277 5235 5234
f 5277 5234 5239
f 5235 5278 5242
f 5277 5278 5235
f 5242 5278 5236
f 5237 5236 5278
f 5240 5237 5278
f 5240 5278 5279
f 5276 5239 5238
f 5276 5238 5275
f 5275 5238 5264
f 5279 5277 5239
f 5279 5239 5276
f 5241 5240 5279
f 5241 5279 5276
f 5263 5271 5280
f 5263 5280 5245
f 5263 5245 5243
f 5245 5281 5282
f 5245 5282 5244
f 5244 5282 5246
f 5280 5281 5245
f 5246 5282 5283
f 5246 5283 5247
f 5283 5284 5247
f 5284 5285 5256
f 5284 5256 5247
f 5265 5248 5255
f 5258 5250 5249
f 5251 5250 5286
f 5258 5287 5250
f 5250 5287 5286
f 5254 5251 5286
f 5252 5287 5258
f 5287 5252 5253
f 5288 5287 5253
f 5288 5253 5257
f 5284 5255 5254
f 5284 5254 5285
f 5285 5254 5286
f 5285 5286 5288
f 5265 5255 5284
f 5285 5288 5257
f 5285 5257 5256
f 5274 5289 5259
f 5274 5259 5260
f 5289 5261 5259
f 5274 5260 5273
f 5273 5260 5272
f 5260 5290 5291
f 5260 5291 5272
f 5260 5262 5290
f 5275 5264 5261
f 5275 5261 5289
f 5290 5262 5263
f 5263 5269 5290
f 5292 5266 5265
f 5292 5265 5284
f 5267 5266 5292
f 5268 5267 5292
f 5268 5292 5283
f 5282 5268 5283
f 5281 5268 5282
f 5281 5291 5290
f 5281 5290 5268
f 5290 5269 5268
f 5272 5291 5271
f 5272 5271 5270
f 5280 5271 5291
f 5280 5291 5281
f 5274 5275 5289
f 5278 5277 5279
f 5292 5284 5283
f 5288 5286 5287
f 5293 5294 5295
f 5295 5296 5293
f 5297 5294 5293
f 5293 5296 5297
f 5298 5299 5294
f 5300 5298 5294
f 5294 5299 5295
f 5294 5301 5302
f 5294 5302 5300
f 5297 5301 5294
f 5303 5295 5299
f 5303 5304 5295
f 5295 5305 5306
f 5295 5306 5296
f 5305 5295 5304
f 5296 5307 5308
f 5296 5308 5309
f 5306 5307 5296
f 5309 5310 5311
f 5309 5311 5296
f 5296 5311 5312
f 5296 5312 5313
f 5296 5313 5297
f 5301 5297 5314
f 5297 5315 5314
f 5315 5297 5313
f 5316 5299 5298
f 5316 5298 5317
f 5316 5317 5318
f 5317 5298 5300
f 5317 5300 5319
f 5303 5299 5316
f 5319 5300 5302
f 5319 5302 5320
f 5321 5301 5314
f 5302 5301 5321
f 5322 5320 5302
f 5322 5302 5321
f 5323 5324 5303
f 5323 5303 5316
f 5303 5325 5305
f 5303 5305 5304
f 5303 5324 5325
f 5306 5305 5317
f 5306 5317 5326
f 5305 5318 5317
f 5305 5325 5318
f 5307 5306 5326
f 5307 5326 5327
f 5307 5327 5328
f 5308 5307 5328
f 5309 5308 5329
f 5309 5329 5330
f 5328 5329 5308
f 5330 5331 5310
f 5330 5310 5309
f 5332 5311 5310
f 5310 5331 5332
f 5332 5333 5311
f 5333 5334 5312
f 5333 5312 5311
f 5334 5320 5313
f 5334 5313 5312
f 5315 5313 5335
f 5315 5335 5314
f 5320 5322 5313
f 5322 5335 5313
f 5321 5314 5336
f 5321 5336 5337
f 5335 5336 5314
f 5323 5316 5338
f 5338 5316 5339
f 5340 5339 5316
f 5340 5316 5318
f 5340 5318 5341
f 5342 5326 5317
f 5342 5317 5319
f 5318 5325 5343
f 5318 5343 5344
f 5318 5344 5341
f 5319 5320 5334
f 5319 5334 5342
f 5345 5321 5337
f 5346 5321 5345
f 5321 5346 5347
f 5348 5322 5321
f 5348 5321 5347
f 5349 5335 5322
f 5350 5349 5322
f 5348 5350 5322
f 5351 5352 5323
f 5351 5323 5338
f 5352 5353 5323
f 5353 5324 5323
f 5354 5355 5324
f 5354 5324 5353
f 5355 5325 5324
f 5325 5356 5343
f 5325 5355 5357
f 5325 5357 5356
f 5358 5327 5326
f 5358 5326 5342
f 5359 5328 5327
f 5359 5327 5358
f 5359 5330 5328
f 5360 5328 5330
f 5360 5329 5328
f 5329 5360 5330
f 5332 5330 5359
f 5330 5361 5331
f 5330 5332 5361
f 5332 5331 5361
f 5358 5333 5332
f 5358 5332 5359
f 5342 5334 5333
f 5342 5333 5358
f 5349 5362 5335
f 5362 5363 5364
f 5362 5364 5335
f 5336 5335 5364
f 5365 5336 5364
f 5365 5364 5366
f 5337 5336 5365
f 5345 5337 5367
f 5345 5367 5368
f 5337 5365 5367
f 5351 5338 5339
f 5351 5339 5369
f 5370 5369 5339
f 5370 5339 5371
f 5371 5339 5372
f 5372 5339 5373
f 5339 5340 5373
f 5374 5340 5355
f 5374 5355 5354
f 5340 5357 5355
f 5340 5375 5357
f 5340 5376 5377
f 5340 5377 5375
f 5340 5341 5378
f 5340 5378 5379
f 5376 5340 5380
f 5376 5380 5381
f 5340 5374 5380
f 5382 5383 5340
f 5383 5373 5340
f 5340 5379 5382
f 5344 5343 5341
f 5343 5384 5341
f 5384 5378 5341
f 5356 5384 5343
f 5346 5345 5368
f 5385 5346 5368
f 5386 5346 5385
f 5386 5385 5387
f 5388 5346 5386
f 5389 5346 5388
f 5389 5347 5346
f 5366 5364 5347
f 5366 5347 5390
f 5364 5363 5347
f 5363 5391 5347
f 5391 5392 5393
f 5391 5393 5347
f 5394 5348 5347
f 5395 5394 5347
f 5396 5397 5347
f 5396 5347 5393
f 5397 5390 5347
f 5347 5398 5399
f 5347 5389 5398
f 5399 5395 5347
f 5348 5349 5350
f 5348 5400 5349
f 5348 5394 5400
f 5349 5400 5362
f 5401 5351 5402
f 5403 5352 5351
f 5403 5351 5401
f 5402 5351 5404
f 5404 5351 5369
f 5404 5369 5405
f 5403 5406 5353
f 5403 5353 5352
f 5406 5354 5353
f 5374 5354 5406
f 5375 5356 5357
f 5384 5356 5375
f 5363 5362 5391
f 5391 5362 5400
f 5367 5365 5407
f 5367 5407 5408
f 5365 5366 5407
f 5407 5366 5390
f 5409 5368 5367
f 5409 5367 5408
f 5410 5368 5409
f 5411 5368 5410
f 5405 5385 5368
f 5405 5368 5411
f 5369 5370 5412
f 5369 5412 5413
f 5369 5413 5405
f 5370 5414 5412
f 5371 5415 5414
f 5371 5414 5370
f 5372 5415 5371
f 5373 5416 5415
f 5373 5415 5372
f 5373 5417 5416
f 5373 5383 5418
f 5373 5418 5417
f 5380 5374 5406
f 5375 5377 5384
f 5419 5377 5376
f 5419 5376 5381
f 5377 5420 5384
f 5419 5420 5377
f 5384 5420 5378
f 5379 5378 5420
f 5382 5379 5420
f 5382 5420 5421
f 5418 5381 5380
f 5418 5380 5417
f 5417 5380 5406
f 5421 5419 5381
f 5421 5381 5418
f 5383 5382 5421
f 5383 5421 5418
f 5405 5413 5422
f 5405 5422 5387
f 5405 5387 5385
f 5387 5423 5424
f 5387 5424 5386
f 5386 5424 5388
f 5422 5423 5387
f 5388 5424 5425
f 5388 5425 5389
f 5425 5426 5389
f 5426 5427 5398
f 5426 5398 5389
f 5407 5390 5397
f 5400 5392 5391
f 5393 5392 5428
f 5400 5429 5392
f 5392 5429 5428
f 5396 5393 5428
f 5394 5429 5400
f 5429 5394 5395
f 5430 5429 5395
f 5430 5395 5399
f 5426 5397 5396
f 5426 5396 5427
f 5427 5396 5428
f 5427 5428 5430
f 5407 5397 5426
f 5427 5430 5399
f 5427 5399 5398
f 5416 5431 5401
f 5416 5401 5402
f 5431 5403 5401
f 5416 5402 5415
f 5415 5402 5414
f 5402 5432 5433
f 5402 5433 5414
f 5402 5404 5432
f 5417 5406 5403
f 5417 5403 5431
f 5432 5404 5405
f 5405 5411 5432
f 5434 5408 5407
f 5434 5407 5426
f 5409 5408 5434
f 5410 5409 5434
f 5410 5434 5425
f 5424 5410 5425
f 5423 5410 5424
f 5423 5433 5432
f 5423 5432 5410
f 5432 5411 5410
f 5414 5433 5413
f 5414 5413 5412
f 5422 5413 5433
f 5422 5433 5423
f 5416 5417 5431
f 5420 5419 5421
f 5434 5426 5425
f 5430 5428 5429
