v 0.150140073 -0.10610629 0.217937718
v 0.147799248 -0.104189675 0.207280524
v 0.145210959 -0.102405872 0.207849325
v 0.137914262 -0.11698206 0.229293495
v 0.138237204 -0.118090374 0.227124756
v 0.148623793 -0.103699532 0.222173833
v 0.135628849 -0.116320901 0.215850081
v 0.144020476 -0.101519217 0.213564737
v 0.145998239 -0.102899831 0.222746683
v 0.133650132 -0.115654003 0.214699288
v 0.136966466 -0.117007858 0.230240491
v 0.122731364 -0.127202402 0.234485731
v 0.124532366 -0.127222469 0.236156646
v 0.123908465 -0.128476963 0.233623901
v 0.122102687 -0.127596046 0.223128926
v 0.132712849 -0.114370843 0.219364286
v 0.121299159 -0.127433621 0.222700044
v 0.120889278 -0.125538028 0.227308263
v 0.105558285 -0.132528989 0.233210233
v 0.107040175 -0.133013394 0.241335693
v 0.109200423 -0.134005141 0.243433482
v 0.108286065 -0.134696882 0.242124518
v 0.106848129 -0.135252943 0.231594054
v 0.105863071 -0.134540188 0.230717025
v 0.0890071988 -0.138317037 0.237989796
v 0.0897218671 -0.136047861 0.240687814
v 0.0914951649 -0.137019547 0.249790683
v 0.0930964812 -0.138066719 0.25092525
v 0.0916585435 -0.139465478 0.249585873
v 0.0900371634 -0.139016424 0.239400152
v 0.0728335096 -0.140071227 0.247140334
v 0.0725755411 -0.140545125 0.246961872
v 0.0739169784 -0.137998879 0.248445232
v 0.0750711499 -0.138630426 0.257290564
v 0.0765062206 -0.139965174 0.258197009
v 0.0744329164 -0.141297061 0.255888336
v 0.0575158951 -0.140957875 0.264223683
v 0.0558543852 -0.138772783 0.25547364
v 0.0557894142 -0.139032668 0.255302296
v 0.0582716479 -0.136709035 0.257211486
v 0.0590188023 -0.13767403 0.265788144
v 0.0602876266 -0.138965782 0.266425886
v 0.0438024642 -0.13633259 0.273615516
v 0.0411033462 -0.13814602 0.273007161
v 0.0389392742 -0.135369503 0.263297975
v 0.0392708132 -0.135028409 0.263329415
v 0.0419632422 -0.133768192 0.263717747
v 0.0426759992 -0.134683499 0.27290681
v 0.0272437322 -0.129351189 0.280597299
v 0.0278867432 -0.131509522 0.281212725
v 0.0248895282 -0.131640419 0.280256635
v 0.0224369132 -0.129504061 0.27045009
v 0.0228945702 -0.12853142 0.269683579
v 0.0269991412 -0.128027902 0.271665774
v 0.0129341062 -0.119483402 0.278920295
v 0.0128395182 -0.121417215 0.288552427
v 0.0136392232 -0.122064045 0.287291115
v 0.00997224521 -0.122043031 0.285519834
v 0.00675145721 -0.119891375 0.274743995
v 0.00731325521 -0.11936875 0.274667968
v -0.00618711179 -0.106973824 0.278749962
v 0.000313699206 -0.107726714 0.283851956
v 9.9678206e-05 -0.109355738 0.293572291
v 0.000464662206 -0.110210857 0.291644849
v -0.00334372179 -0.110036011 0.290623852
v -0.00622533179 -0.10677701 0.279246757
v -0.0162966248 -0.0919476206 0.285742895
v -0.0140866888 -0.0904628692 0.284033438
v -0.00924739079 -0.0939473586 0.290629926
v -0.00927222779 -0.0944680759 0.297615758
v -0.00959325479 -0.0976735737 0.297855046
v -0.0144879778 -0.0951751006 0.293274202
v -0.0164418508 -0.0788924883 0.302811031
v -0.0180011268 -0.0765765 0.297170663
v -0.0148090048 -0.0744506491 0.294626768
v -0.0112432988 -0.0768631369 0.296561281
v -0.0115815248 -0.0778185789 0.304942255
v -0.0115757938 -0.0804794767 0.30531235
v -0.0105162138 -0.0632548017 0.312213002
v -0.0148328878 -0.060951239 0.310056426
v -0.0158112578 -0.0587432147 0.30368197
v -0.0141917878 -0.0570960351 0.30291546
v -0.00968975379 -0.0599375136 0.303430536
v -0.00977479279 -0.060080832 0.309700531
v -0.00453706679 -0.0426201654 0.310631301
v -0.00683776479 -0.0459536946 0.315369302
v -0.00977574679 -0.0432306907 0.310507624
v -0.0105257678 -0.0425284425 0.308850894
v -0.00518008179 -0.0464524332 0.303956763
v -0.00370679179 -0.0431676307 0.305142018
v 0.00852284121 -0.0314663586 0.30380163
v 0.00811486821 -0.0303886211 0.308059032
v 0.000121654206 -0.029486686 0.31421952
v 0.00156723821 -0.0294379593 0.308441275
v 0.000949068206 -0.027685681 0.304949356
v 0.00405520421 -0.0303848002 0.299068705
v 0.151811139 -0.116372489 0.188075061
v 0.148978256 -0.114371797 0.178089074
v 0.145018914 -0.113168899 0.177630775
v 0.138562054 -0.125875299 0.197005574
v 0.150649322 -0.114004912 0.19125975
v 0.137641009 -0.12536605 0.199076984
v 0.135832362 -0.123224908 0.185932672
v 0.144961588 -0.109920405 0.183944387
v 0.134254926 -0.122722343 0.184407748
v 0.124697659 -0.133840801 0.206412621
v 0.123020863 -0.133470094 0.207918266
v 0.146489336 -0.116521538 0.1931375
v 0.133976896 -0.126310978 0.200285567
v 0.120470794 -0.13350926 0.208250832
v 0.12410051 -0.132730587 0.195377233
v 0.133475285 -0.121695246 0.19109954
v 0.121652675 -0.132365603 0.194486002
v 0.108876531 -0.138159389 0.214807781
v 0.106926477 -0.137631034 0.216866017
v 0.105679628 -0.137704597 0.216724074
v 0.120823353 -0.130164267 0.200450837
v 0.106499394 -0.135624604 0.209342808
v 0.109471769 -0.138231999 0.203684191
v 0.106597805 -0.137881351 0.203868726
v 0.0929952051 -0.14062538 0.223836635
v 0.0903371707 -0.140011986 0.22553393
v 0.0899607276 -0.139522797 0.224470342
v 0.0904661559 -0.138322775 0.216149183
v 0.0897734608 -0.140159127 0.212045902
v 0.0935694238 -0.14067793 0.211085716
v 0.0766973092 -0.140243212 0.232397082
v 0.0739475527 -0.139170242 0.234666201
v 0.0747482109 -0.13994893 0.233440394
v 0.0749412099 -0.137910979 0.224648789
v 0.0735376692 -0.139971866 0.219504204
v 0.077226623 -0.141161381 0.217638617
v 0.060256097 -0.138424998 0.240333959
v 0.0569980466 -0.137551733 0.242637555
v 0.0587598781 -0.137965436 0.24047894
v 0.058882174 -0.136159651 0.231504839
v 0.0570687488 -0.138968644 0.227239324
v 0.0614054912 -0.139805618 0.225432537
v 0.0435999112 -0.136285778 0.247611791
v 0.0407383672 -0.134096857 0.251407874
v 0.0433572282 -0.135261542 0.248583127
v 0.0438492812 -0.133527413 0.239883773
v 0.0403131982 -0.137220192 0.234793957
v 0.0457945562 -0.137978805 0.233516434
v 0.0275475642 -0.131124492 0.254507396
v 0.0236025522 -0.129290994 0.257268264
v 0.0280845192 -0.12938654 0.254856174
v 0.0275647622 -0.128758816 0.244319636
v 0.0244013002 -0.13198342 0.242597004
v 0.0303995532 -0.133602898 0.24104268
v 0.0116633722 -0.123258344 0.25909735
v 0.00806709521 -0.11980539 0.261858233
v 0.0132494022 -0.120920388 0.258945269
v 0.0132618242 -0.120480887 0.250505493
v 0.00873972721 -0.123050062 0.245899297
v 0.0154392712 -0.127280749 0.247889605
v -0.00250580079 -0.112394041 0.263526112
v -0.00589665979 -0.107660789 0.265785108
v -0.000227078794 -0.109991107 0.262320581
v -7.0383794e-05 -0.109686325 0.254928166
v -0.00395998479 -0.110164038 0.250305744
v 0.00122901321 -0.117164552 0.25058457
v -0.0150822588 -0.0996752196 0.263071878
v -0.0162459828 -0.0935575379 0.270939814
v -0.0113359828 -0.0977805874 0.269065101
v -0.00871998179 -0.0962767227 0.262284079
v -0.0131790268 -0.0955849815 0.254073437
v -0.0114468128 -0.105572197 0.255400652
v -0.0196999048 -0.0833371962 0.269089426
v -0.0179428468 -0.0754653248 0.27734367
v -0.0144096308 -0.0811091082 0.275078585
v -0.0126927068 -0.0793912304 0.267442849
v -0.0156392808 -0.0791093773 0.262665309
v -0.0176437948 -0.0895743064 0.259103439
v -0.0195432108 -0.0657341686 0.275348301
v -0.0147927598 -0.0578431909 0.284357876
v -0.0138946508 -0.0638939935 0.280484742
v -0.0109633608 -0.0626356772 0.274275573
v -0.0149446778 -0.0625707095 0.271294681
v -0.0172511058 -0.0730155784 0.26626063
v -0.0170323158 -0.0474594671 0.27898517
v -0.0123248608 -0.0394481035 0.288777512
v -0.00924452179 -0.0467256907 0.283550815
v -0.00606099179 -0.045619292 0.277466351
v -0.00970122179 -0.0470381181 0.277015152
v -0.0161619058 -0.056405255 0.273552665
v -0.0106881918 -0.0367814717 0.285390053
v -0.00802155679 -0.0334164107 0.283706944
v -0.0110159098 -0.0421711074 0.279086578
v 0.00153379521 -0.0332893369 0.28617684
v 0.00188826521 -0.0302309748 0.284994636
v 0.00344754121 -0.031123355 0.28027691
v 0.00120321521 -0.0317386586 0.276756617
v -0.00715402179 -0.0283134065 0.260535083
v -0.0162526748 -0.0397385577 0.255153251
v -0.00824608379 -0.0300083571 0.262216136
v 0.00588296121 -0.0254518625 0.260722653
v -0.00863781979 -0.0345724935 0.253198433
v 0.00327270121 -0.0243158453 0.254166717
v -0.0151309848 -0.0469320655 0.248791986
v -0.0189126188 -0.0551918462 0.251101671
v -0.00824990679 -0.031126222 0.265966591
v 0.00738968821 -0.0273550993 0.258482921
v -0.0112557208 -0.0510796295 0.24678039
v -0.00642310779 -0.0378983809 0.252828352
v -0.00370201479 -0.0371034541 0.253911218
v -0.0133041858 -0.0634019393 0.236646371
v -0.0160606298 -0.0609760793 0.241074105
v -0.0197476708 -0.0700202709 0.244028648
v -0.0127471638 -0.0465995743 0.260854459
v -0.00515332979 -0.037030841 0.257554191
v -0.0125493878 -0.0641596057 0.239634364
v -0.0100595148 -0.0508675242 0.248634829
v -0.0113952168 -0.0509133857 0.252036489
v -0.0123793178 -0.0774946833 0.230094483
v -0.0135220288 -0.0755675619 0.225898935
v -0.0170848648 -0.0736375717 0.2306927
v -0.0177957128 -0.0847388309 0.236912008
v -0.0167848528 -0.0608060092 0.252076043
v -0.0146981748 -0.0798106645 0.237818453
v -0.0134694798 -0.0654131418 0.245063847
v -0.00703554779 -0.093044466 0.231050605
v -0.00597596079 -0.0912453723 0.223410804
v -0.00648043279 -0.0889962703 0.218583572
v -0.0118146578 -0.0866153108 0.221807816
v -0.00775021079 -0.0972570014 0.230246579
v -0.0164007698 -0.0755627782 0.243155668
v -0.0123172158 -0.0887927571 0.233955455
v -0.00108410579 -0.100736714 0.228291761
v 0.00341888121 -0.104447646 0.223800148
v 0.00469152821 -0.103594434 0.217685256
v 0.00356315421 -0.102102037 0.214062558
v -0.00226598979 -0.0997526128 0.216381369
v 0.00457783021 -0.109247777 0.226445437
v 0.0186982792 -0.119654426 0.222724383
v 0.0123168932 -0.112656788 0.224561583
v 0.0166020412 -0.114886784 0.218477118
v 0.0184011352 -0.113650443 0.212688719
v 0.0165609572 -0.112506778 0.207966945
v 0.0106926462 -0.11055482 0.21113642
v 0.0247586352 -0.119697423 0.205044855
v 0.0339805422 -0.126464803 0.215488114
v 0.0279966182 -0.121657987 0.218515645
v 0.0316960822 -0.122694638 0.212732307
v 0.0333862582 -0.121330269 0.206467374
v 0.0309747272 -0.12111721 0.201716183
v 0.0465904392 -0.126370218 0.194116934
v 0.0401049112 -0.126335822 0.198335809
v 0.0495780992 -0.131856354 0.207521836
v 0.0441922842 -0.127873122 0.210253302
v 0.0469525502 -0.127709744 0.204398985
v 0.0489723502 -0.126821181 0.199084084
v 0.0641237182 -0.131173212 0.190229612
v 0.0625644401 -0.13133086 0.186991183
v 0.0555352682 -0.131356658 0.190187037
v 0.0656648429 -0.135701997 0.199496741
v 0.0608073859 -0.132997149 0.201874353
v 0.0629848337 -0.132649364 0.197479056
v 0.0792693528 -0.135937993 0.190131272
v 0.0811831002 -0.133930609 0.184202938
v 0.0788757121 -0.132982813 0.179266216
v 0.0718847574 -0.135217592 0.183117036
v 0.0814487123 -0.137772437 0.190343167
v 0.0779785544 -0.135462187 0.193371711
v 0.0949615019 -0.137138029 0.184379359
v 0.0955920909 -0.136466348 0.182416428
v 0.0965054905 -0.133408945 0.174988538
v 0.095084753 -0.13298855 0.17135874
v 0.0883613208 -0.135804234 0.175409308
v 0.0967338404 -0.138277871 0.180311553
v 0.112534909 -0.136323991 0.171458108
v 0.111332011 -0.135480339 0.174568781
v 0.11075779 -0.134599414 0.172967817
v 0.110809386 -0.130326698 0.16466796
v 0.110517019 -0.130036246 0.162728341
v 0.104225448 -0.135009302 0.166801224
v 0.118842725 -0.131229577 0.157306971
v 0.127241998 -0.132282472 0.161867539
v 0.127095817 -0.132122916 0.164486463
v 0.125290032 -0.131109202 0.163292082
v 0.125275703 -0.125136746 0.155990921
v 0.124913587 -0.125083236 0.153692387
v 0.139510804 -0.118060754 0.147140514
v 0.132979412 -0.125775931 0.148458588
v 0.141739846 -0.126349197 0.153384159
v 0.142914078 -0.126129447 0.156359975
v 0.140211137 -0.125266682 0.156046687
v 0.139602527 -0.117900237 0.149222061
v 0.126380193 -0.120600315 0.125972111
v 0.123323737 -0.117635582 0.12713101
v 0.132082257 -0.123085412 0.133053255
v 0.118085062 -0.125610644 0.134731272
v 0.113261998 -0.119853156 0.128235157
v 0.132420482 -0.123894667 0.130296437
v 0.124299239 -0.11776361 0.129968946
v 0.128298716 -0.120846817 0.133695061
v 0.112196684 -0.117358505 0.129858428
v 0.114913954 -0.122768208 0.137221435
v 0.117201279 -0.124314108 0.136599912
v 0.0989485525 -0.126723727 0.145118766
v 0.0998906151 -0.128016441 0.142526206
v 0.0965360648 -0.123799129 0.135103377
v 0.111827884 -0.118744849 0.132759223
v 0.0941140239 -0.121403839 0.136137563
v 0.0946404716 -0.121695246 0.139405394
v 0.097409337 -0.126022433 0.144476974
v 0.0815643199 -0.125699498 0.152109674
v 0.0825761321 -0.126822142 0.153373009
v 0.0839404993 -0.128756901 0.150510735
v 0.0817573189 -0.125459681 0.142952051
v 0.0782842949 -0.122108956 0.144407008
v 0.0797738255 -0.122698461 0.146875875
v 0.0649243769 -0.121546197 0.15531059
v 0.0668658312 -0.125616375 0.161675904
v 0.0666642331 -0.125731027 0.162637086
v 0.0684881682 -0.127475663 0.159794089
v 0.0664721898 -0.124201364 0.151362426
v 0.0620399036 -0.120853502 0.15279407
v 0.0461595352 -0.117293534 0.161076689
v 0.0499765172 -0.11925123 0.163377248
v 0.0512233672 -0.12358224 0.17005384
v 0.0510236802 -0.123299433 0.172086725
v 0.0526823242 -0.125388979 0.168466052
v 0.0512462972 -0.121324538 0.159350007
v 0.0365296552 -0.117458828 0.16746533
v 0.0309431962 -0.113084821 0.169998076
v 0.0356038332 -0.115282335 0.171556449
v 0.0360519342 -0.119441367 0.178167139
v 0.0354538292 -0.119287542 0.181115578
v 0.0379484832 -0.121403839 0.177908589
v 0.0230445732 -0.116327585 0.18650451
v 0.0219458192 -0.112430346 0.175208547
v 0.0161224132 -0.106187499 0.177186693
v 0.0215626862 -0.109938558 0.179344281
v 0.0217595082 -0.113839619 0.186425433
v 0.0200129642 -0.113733566 0.189108235
v 0.00665973421 -0.105031419 0.196946756
v 0.00918018621 -0.108928658 0.194367371
v 0.00917445221 -0.104683641 0.1826182
v 0.00365773821 -0.097557968 0.185485538
v 0.00915247621 -0.102225288 0.186804623
v 0.00909610421 -0.105862649 0.194526553
v -0.00194687079 -0.0959136536 0.201632029
v -0.00449884779 -0.0945359088 0.204539932
v -0.00268542379 -0.0991640626 0.201578303
v -0.00187807679 -0.0951980296 0.189847369
v -0.00681388179 -0.0869697806 0.192461232
v -0.00157711779 -0.0927778965 0.193315945
v -0.0104713028 -0.0820005399 0.199749202
v -0.0107779998 -0.084692012 0.208707091
v -0.0153316298 -0.0835502625 0.211629181
v -0.0126095828 -0.0885777831 0.209582096
v -0.0115108228 -0.0841732097 0.195727023
v -0.0134924088 -0.0747726298 0.200104069
v -0.0130615058 -0.0697804601 0.20691552
v -0.0137446408 -0.063070402 0.209883222
v -0.0144344748 -0.0721528133 0.215373547
v -0.0171316768 -0.0704846161 0.219534633
v -0.0192059398 -0.0756048206 0.21543336
v -0.0164447198 -0.0730012487 0.204336135
v -0.0142137628 -0.0512697633 0.219515369
v -0.0118958668 -0.0584489396 0.2154283
v -0.0173380518 -0.0621617789 0.214010842
v -0.0136376348 -0.0593957823 0.222139354
v -0.0158208188 -0.0581603985 0.227622579
v -0.0186594248 -0.0632586244 0.223743355
v -0.0160080798 -0.0510022399 0.223078238
v -0.0163052238 -0.0397299585 0.228823048
v -0.00874004979 -0.0474852648 0.224001906
v -0.0179438008 -0.0500410674 0.23070385
v -0.0107703618 -0.0477250792 0.230359122
v -0.0131436688 -0.0452925313 0.235495578
v -0.0178138648 -0.0376604761 0.231179373
v -0.00731166279 -0.0302988095 0.232454871
v -0.00203954779 -0.0360132965 0.229220505
v -0.00697535279 -0.032921493 0.241826429
v -0.00333034679 -0.0357161561 0.235583796
v -0.00598169079 -0.0295277709 0.236302654
v 0.00667024421 -0.0243492857 0.230804231
v 0.00855723821 -0.0253706502 0.235568581
v 0.00646864621 -0.0250381572 0.238206769
v 0.00359372821 0.0708822901 0.179630208
v 0.00551893821 0.0655690865 0.169691873
v 0.0104260762 0.0773525267 0.173181752
v -0.00194209479 0.0628107282 0.186026963
v 0.00117741821 0.0579418097 0.175935519
v 0.00219973921 0.0728017661 0.179711326
v -0.00439853279 0.0648104663 0.18481838
v 0.0116805702 0.07205366 0.164248187
v 0.00738109221 0.0750136095 0.163919686
v 0.000969135206 0.0682930479 0.170175509
v 0.0179826512 0.0820838644 0.166501096
v 0.00920980221 0.0787503388 0.173319632
v -0.00428961079 0.0522789129 0.19186809
v -0.00171756779 0.0484762656 0.181309237
v -0.00629890279 0.0541678218 0.190337094
v -0.00280485279 0.0592803809 0.176747672
v 0.00124429721 0.0704523419 0.174590069
v -0.00408228279 0.0624553045 0.180350079
v -0.00677948479 0.0532066493 0.186907029
v 0.0177437912 0.0762145999 0.15725527
v 0.0154125192 0.080009609 0.158487165
v 0.0151765242 0.0823208135 0.162999054
v 0.00752727221 0.0775866142 0.168885809
v 0.0264688712 0.0869355915 0.16137174
v 0.0170415432 0.0843377501 0.167756318
v -0.00134112279 0.0387747262 0.187078389
v -0.00456955679 0.0412130081 0.197452708
v -0.00734032979 0.0432643381 0.195421848
v -0.00421986279 0.0483530144 0.18189629
v -0.00669540779 0.0419582526 0.191483822
v -0.00424183779 0.0378833016 0.187860113
v 0.0246669122 0.0808991186 0.151384726
v 0.0237334452 0.0834052442 0.152660224
v 0.0232891672 0.0870483356 0.157948777
v 0.0250567292 0.0892592251 0.161976017
v 0.0329649092 0.0847390317 0.147177001
v 0.0351156032 0.0906962037 0.155951383
v -0.000972322794 0.029195484 0.193038148
v -0.00324913779 0.0305321439 0.203392175
v -0.00627118979 0.0330162909 0.201956482
v -0.00741389979 0.0325471692 0.198120862
v -0.00247522679 0.0271202676 0.192872876
v 0.0320152012 0.088203461 0.147826919
v 0.0310712272 0.0896557302 0.151336062
v 0.0335362602 0.0926051727 0.156132865
v 0.0402033222 0.0889630351 0.141022577
v 0.0401947232 0.0869451446 0.140621071
v 0.0437852672 0.0916554687 0.149570855
v -2.2611794e-05 0.0179910392 0.200074668
v 0.000325167206 0.0209414373 0.209877148
v -0.00294052579 0.0231313056 0.207966945
v -0.00387590079 0.0219064324 0.202506021
v 0.0392669902 0.0907162707 0.144983923
v 0.0423702602 0.0941510727 0.150256248
v 0.0477264562 0.0910822017 0.138976512
v 0.0485758422 0.0889133545 0.134579191
v 0.0485433582 0.0875594926 0.135433912
v 0.0527711802 0.0932271657 0.14391831
v 0.00770020721 0.01052332 0.203500669
v 0.00864418121 0.013796658 0.212900615
v 0.00370742621 0.014464511 0.212017498
v 0.00191119421 0.0137622628 0.2078331
v 0.0513619062 0.0952412337 0.144576328
v 0.060551328 0.0949574657 0.139194504
v 0.0565977171 0.0918102477 0.133678834
v 0.0574786328 0.0890003009 0.128875951
v 0.0566531326 0.0881327592 0.129890873
v 0.0619271617 0.0920462427 0.138433054
v 0.0150752482 0.00181257351 0.204074547
v 0.0170253022 0.00919334801 0.209264743
v 0.0126484302 0.00814618491 0.213755344
v 0.00849513221 0.00538591881 0.207676954
v 0.0675910101 0.0929233377 0.131389432
v 0.0692381888 0.0893480793 0.131601336
v 0.065569299 0.0912379347 0.12861335
v 0.0672470518 0.0891053996 0.126899844
v 0.065743189 0.0858435226 0.126948508
v -0.0142137628 0.0311369387 0.219515369
v -0.00874004979 0.0273524402 0.224001906
v -0.0158943818 0.0192359779 0.231426758
v -0.0164447198 0.0528684241 0.204336135
v -0.0137446408 0.0429375774 0.209883222
v -0.0173380518 0.0420289543 0.214010842
v -0.0118958668 0.038316115 0.2154283
v -0.00203954779 0.0158804719 0.229220505
v -0.0107703618 0.0275922546 0.230359122
v -0.00333034679 0.0155833315 0.235583796
v -0.00731166279 0.0101659849 0.232454871
v -0.0172253148 0.0319289985 0.224417615
v -0.0179438008 0.0299082428 0.23070385
v -0.00697535279 0.0127886684 0.241826429
v -0.0131436688 0.0251597067 0.235495578
v -0.00598169079 0.00939494631 0.236302654
v -0.0126095828 0.0684449585 0.209582096
v -0.0115108228 0.0640403851 0.195727023
v -0.0192059398 0.055471996 0.21543336
v -0.0122245388 0.0556057613 0.202493858
v -0.0130615058 0.0496476355 0.20691552
v -0.0186594248 0.0431257998 0.223743355
v -0.0136376348 0.0392629577 0.222139354
v 0.00667024421 0.00421646111 0.230804231
v 0.00855723821 0.00523782561 0.235568581
v 0.00646864621 0.00490533261 0.238206769
v -0.0158208188 0.0380275739 0.227622579
v -0.0153316298 0.0634174379 0.211629181
v -0.00449884779 0.0744030842 0.204539932
v -0.00268542379 0.079031238 0.201578303
v -0.00434693679 0.0673070316 0.194543792
v -0.00187807679 0.075065205 0.189847369
v -0.0171316768 0.0503517915 0.219534633
v -0.0104713028 0.0618677153 0.199749202
v -0.0144344748 0.0520199887 0.215373547
v -0.00194687079 0.075780829 0.201632029
v -0.0107779998 0.0645591874 0.208707091
v 0.00909610421 0.0857298246 0.194526553
v 0.00665973421 0.0848985948 0.196946756
v 0.00918018621 0.0887958338 0.194367371
v 0.00365773821 0.0774251434 0.185485538
v -0.00157711779 0.0726450719 0.193315945
v 0.00917445221 0.0845508164 0.1826182
v 0.00915247621 0.0820924636 0.186804623
v 0.0215626862 0.089805733 0.179344281
v 0.0217595082 0.0937067947 0.186425433
v 0.0200129642 0.0936007417 0.189108235
v 0.0230445732 0.0961947607 0.18650451
v 0.0219458192 0.0922975217 0.175208547
v 0.0161224132 0.086054674 0.177186693
v 0.0309431962 0.0929519967 0.169998076
v 0.0356038332 0.0951495107 0.171556449
v 0.0360519342 0.0993085427 0.178167139
v 0.0354538292 0.0991547177 0.181115578
v 0.0379484832 0.101271015 0.177908589
v 0.0365296552 0.0973260037 0.16746533
v 0.0512462972 0.101191714 0.159350007
v 0.0461595352 0.0971607097 0.161076689
v 0.0499765172 0.0991184057 0.163377248
v 0.0512233672 0.103449416 0.17005384
v 0.0510236802 0.103166609 0.172086725
v 0.0526823242 0.105256155 0.168466052
v 0.0684881682 0.107342839 0.159794089
v 0.0664721898 0.10406854 0.151362426
v 0.0620399036 0.100720678 0.15279407
v 0.0649243769 0.101413373 0.15531059
v 0.0668658312 0.105483551 0.161675904
v 0.0666642331 0.105598203 0.162637086
v 0.0825761321 0.106689318 0.153373009
v 0.0839404993 0.108624077 0.150510735
v 0.0817573189 0.105326857 0.142952051
v 0.0782842949 0.101976132 0.144407008
v 0.0797738255 0.102565637 0.146875875
v 0.0815643199 0.105566674 0.152109674
v 0.097409337 0.105889609 0.144476974
v 0.0989485525 0.106590903 0.145118766
v 0.0998906151 0.107883617 0.142526206
v 0.0965360648 0.103666305 0.135103377
v 0.0941140239 0.101271015 0.136137563
v 0.0946404716 0.101562422 0.139405394
v 0.111827884 0.0986120247 0.132759223
v 0.114913954 0.102635384 0.137221435
v 0.117201279 0.104181284 0.136599912
v 0.118085062 0.10547782 0.134731272
v 0.113261998 0.0997203317 0.128235157
v 0.112196684 0.0972256807 0.129858428
v 0.126864599 0.0951227587 0.126857253
v 0.125567109 0.0968043317 0.129789481
v 0.129055421 0.101235665 0.133036017
v 0.132417613 0.102561814 0.132946793
v 0.132420482 0.103761843 0.130296437
v 0.127582131 0.0982661547 0.125308005
v 0.065569299 -0.111370759 0.12861335
v 0.0672470518 -0.109238224 0.126899844
v 0.0675910101 -0.113056162 0.131389432
v 0.060551328 -0.11509029 0.139194504
v 0.0565977171 -0.111943072 0.133678834
v 0.0692381888 -0.109480904 0.131601336
v 0.065743189 -0.105976347 0.126948508
v 0.0574786328 -0.109133125 0.128875951
v 0.0619271617 -0.112179067 0.138433054
v 0.0527711802 -0.11335999 0.14391831
v 0.0513619062 -0.115374058 0.144576328
v 0.0477264562 -0.111215026 0.138976512
v 0.0566531326 -0.108265584 0.129890873
v 0.0485758422 -0.109046179 0.134579191
v 0.0437852672 -0.111788293 0.149570855
v 0.0485433582 -0.107692317 0.135433912
v 0.0423702602 -0.114283897 0.150256248
v 0.0392669902 -0.110849095 0.144983923
v 0.0402033222 -0.10909586 0.141022577
v 0.0351156032 -0.110829028 0.155951383
v 0.0401947232 -0.107077969 0.140621071
v 0.0335362602 -0.112737997 0.156132865
v 0.0310712272 -0.109788555 0.151336062
v 0.0320152012 -0.108336286 0.147826919
v 0.0264688712 -0.107068416 0.16137174
v 0.0329649092 -0.104871856 0.147177001
v 0.0250567292 -0.10939205 0.161976017
v 0.0232891672 -0.10718116 0.157948777
v 0.0237334452 -0.103538069 0.152660224
v 0.0179826512 -0.102216689 0.166501096
v 0.0246669122 -0.101031943 0.151384726
v 0.0170415432 -0.104470575 0.167756318
v 0.0151765242 -0.102453638 0.162999054
v 0.0154125192 -0.100142434 0.158487165
v 0.0104260762 -0.0974853513 0.173181752
v 0.0116805702 -0.0921864846 0.164248187
v 0.0177437912 -0.0963474245 0.15725527
v 0.00920980221 -0.0988831634 0.173319632
v 0.00752727221 -0.0977194388 0.168885809
v 0.00738109221 -0.0951464341 0.163919686
v 0.00359372821 -0.0910151147 0.179630208
v 0.00551893821 -0.0857019111 0.169691873
v 0.000969135206 -0.0884258725 0.170175509
v 0.00219973921 -0.0929345907 0.179711326
v 0.00124429721 -0.0905851665 0.174590069
v -0.00194209479 -0.0829435528 0.186026963
v 0.00117741821 -0.0780746343 0.175935519
v -0.00280485279 -0.0794132055 0.176747672
v -0.00408228279 -0.0825881291 0.180350079
v -0.00439853279 -0.0849432909 0.18481838
v -0.00428961079 -0.0724117375 0.19186809
v -0.00171756779 -0.0686090902 0.181309237
v -0.00421986279 -0.068485839 0.18189629
v -0.00677948479 -0.0733394739 0.186907029
v -0.00629890279 -0.0743006464 0.190337094
v -0.00456955679 -0.0613458327 0.197452708
v -0.00134112279 -0.0589075508 0.187078389
v -0.000972322794 -0.0493283086 0.193038148
v -0.00424183779 -0.0580161262 0.187860113
v -0.00669540779 -0.0620910772 0.191483822
v -0.00734032979 -0.0633971627 0.195421848
v -0.00324913779 -0.0506649685 0.203392175
v -0.00247522679 -0.0472530922 0.192872876
v -2.2611794e-05 -0.0381238638 0.200074668
v 0.00311505321 -0.0408363589 0.198748481
v -0.00741389979 -0.0526799938 0.198120862
v -0.00627118979 -0.0531491155 0.201956482
v 0.000325167206 -0.0410742619 0.209877148
v -0.00387590079 -0.042039257 0.202506021
v 0.00191119421 -0.0338950874 0.2078331
v 0.00770020721 -0.0306561446 0.203500669
v 0.00921553621 -0.033256853 0.202932879
v -0.00294052579 -0.0432641302 0.207966945
v 0.00864418121 -0.0339294826 0.212900615
v 0.00370742621 -0.0345973356 0.212017498
v 0.00849513221 -0.0255187434 0.207676954
v 0.0126484302 -0.0282790095 0.213755344
v 0.0150752482 -0.0219453981 0.204074547
v 0.0176960222 -0.0281748664 0.205154361
v 0.0170253022 -0.0293261726 0.209264743
v 0.0100983622 -0.0317138165 0.212986809
v -0.00803015579 0.0516129766 0.377732819
v -0.00971842079 0.0374992149 0.376887231
v -0.00603806279 0.0350255785 0.379659263
v -0.00256408779 0.0668168887 0.366704547
v -0.00614985379 0.0661452148 0.370717586
v -0.00590430479 0.0518336811 0.372663278
v -0.0120821818 0.0543436223 0.371562177
v -0.0107789608 0.037515456 0.372757585
v -0.00307619879 0.0244985398 0.372528421
v -0.00296536979 0.0261820277 0.377730794
v -0.00130481779 0.026048266 0.379396649
v -0.00272842079 0.0358873862 0.375725272
v 0.00242522021 0.0833584253 0.353704203
v 0.00574537721 0.0799914566 0.361405842
v -0.00570939079 0.0711622355 0.361956393
v 0.00183284721 0.0798844429 0.363428588
v -0.00675177979 0.070064429 0.367326077
v -0.00672215879 0.0550888667 0.36785735
v -0.0125188138 0.0529582321 0.36692658
v 9.1086206e-05 0.0241908889 0.368894573
v -0.00826424379 0.0359752865 0.372071149
v 0.00751389621 0.00862677111 0.363670927
v 0.00434470321 0.00900799261 0.367299698
v 0.00397495021 0.0110918065 0.371350266
v 0.00427782421 0.0219637584 0.372276986
v 0.00895279021 0.0124915263 0.377018009
v -0.00544186779 0.0383772637 0.371306663
v 0.00985090221 0.0929529507 0.345790623
v 0.0136019612 0.0930074157 0.346014711
v -0.00173189679 0.0824736851 0.354251702
v 0.0161252782 0.0896175105 0.352928567
v -0.00899706579 0.0683112003 0.362369064
v 0.0130554502 0.0908939787 0.356480285
v 0.00255803121 0.083032622 0.360561251
v -0.00904387779 0.0706338729 0.362542449
v 0.00143634221 0.0231800359 0.369280865
v 0.00967223621 0.00908156141 0.365263778
v 0.0132990872 0.00973794811 0.369400524
v 0.0255698012 0.102458623 0.34063288
v 0.0234219712 0.101633124 0.338615211
v 0.0117560482 0.0943144587 0.347359149
v 0.0261124932 0.10071304 0.338192387
v 0.000157012206 0.0834835842 0.354889459
v 0.0292062082 0.0969428737 0.346892752
v 0.0261621742 0.0993715997 0.349565432
v 0.0148134582 0.0933322647 0.354155371
v 0.0405998292 0.10828299 0.339983973
v 0.0409027042 0.107769919 0.334920506
v 0.0277587152 0.10137516 0.346579464
v 0.0386593302 0.10605108 0.331705404
v 0.0414683252 0.103982555 0.334434862
v 0.0431785632 0.102011483 0.340943147
v 0.0411100342 0.104498488 0.343529617
v 0.056341659 0.107890301 0.337311324
v 0.058024189 0.110269346 0.334794805
v 0.056635935 0.110979239 0.32878129
v 0.0545540302 0.109107536 0.325819677
v 0.0564085399 0.106057771 0.328696138
v 0.0581923464 0.104432563 0.336027712
v 0.0736895842 0.103394959 0.332536821
v 0.0725592983 0.105401381 0.334098246
v 0.0743306838 0.108490319 0.331605024
v 0.072902301 0.110268392 0.32340656
v 0.0711471578 0.109719976 0.321273311
v 0.0714337898 0.106256501 0.322470713
v 0.086496302 0.101912115 0.318407998
v 0.0885715184 0.0987591587 0.329985824
v 0.088123416 0.100842975 0.329760739
v 0.089788748 0.103232534 0.326847775
v 0.0884998592 0.105657436 0.317807771
v 0.0874307227 0.106423702 0.316699568
v 0.10252763 0.0983865437 0.313881908
v 0.100622484 0.0942972597 0.315242573
v 0.102323167 0.0915866747 0.325815627
v 0.102653747 0.0934010517 0.325220446
v 0.104440422 0.0955928347 0.322771854
v 0.103659827 0.0977339767 0.315736346
v 0.115570341 0.0861081844 0.310528896
v 0.113872526 0.0860709186 0.308231388
v 0.112751795 0.0840692727 0.310290636
v 0.114650253 0.0817590149 0.321878615
v 0.114776373 0.0819692125 0.320934641
v 0.116456035 0.0839039792 0.318675659
v 0.123986812 0.069609644 0.312316433
v 0.123075324 0.0714402659 0.30346299
v 0.122090265 0.0715702086 0.301495994
v 0.120491812 0.0705239975 0.303900982
v 0.121714777 0.0683532355 0.315472734
v 0.122589003 0.0675363354 0.315556888
v 0.125570932 0.0510196427 0.309941843
v 0.129149059 0.0533518755 0.30808943
v 0.129853215 0.0554356912 0.299323191
v 0.128916886 0.0556487504 0.296404153
v 0.124950853 0.0549445944 0.298375168
v 0.124697659 0.0527547261 0.310178109
v 0.0281676422 -0.0306456358 0.187136178
v 0.0159150802 -0.0279484279 0.179830969
v 0.0148086822 -0.0301134541 0.183782169
v 0.0268825782 -0.0302988095 0.190318843
v 0.0259042072 -0.0277907797 0.179532879
v 0.0248608652 -0.0366534422 0.183680776
v 0.0233216532 -0.0369180986 0.187915878
v 0.0157899182 -0.0345352313 0.176241721
v 0.0208269992 -0.0320768838 0.176196094
v 0.0148000832 -0.0371817994 0.180112831
v 0.0209053422 -0.0426230306 0.181349804
v 0.0188836332 -0.0428609372 0.183778104
v 0.0127802812 -0.0441374024 0.17670407
v 0.0139201222 -0.041329367 0.17316249
v 0.0185262982 -0.0390659281 0.173730278
v 0.0193785522 -0.0489805303 0.177068062
v 0.0155787672 -0.0494190777 0.179374709
v 0.0124802752 -0.0504585937 0.171699405
v 0.0132197862 -0.0475244384 0.16876618
v 0.0156360922 -0.0452352053 0.170308327
v 0.0186705702 -0.0548220893 0.172086725
v 0.0155501042 -0.0554115969 0.173499105
v 0.0132847532 -0.0567587674 0.166756609
v 0.0136640632 -0.0539535937 0.164464163
v 0.0152023222 -0.0518239201 0.166200982
v 0.0158147582 -0.0618044439 0.167840472
v 0.0184001812 -0.0613725879 0.167938828
v 0.0146453002 -0.063155437 0.162075386
v 0.0133955862 -0.0598868756 0.159517288
v 0.0142459262 -0.0573692926 0.160956033
v 0.0175230862 -0.0683855168 0.1566165
v 0.0178632232 -0.0686310652 0.16303962
v 0.0197578592 -0.0669848395 0.162713142
v 0.0159275022 -0.065291802 0.154525828
v 0.0160889702 -0.0629366402 0.155873303
v 0.0186380842 -0.070372833 0.149309252
v 0.0217747952 -0.0736843835 0.152297244
v 0.0214843392 -0.0736757843 0.157042347
v 0.0218263872 -0.0722521816 0.157287708
v 0.0185520952 -0.06829284 0.150864588
v 0.0226346922 -0.0725722544 0.145891365
v 0.0226566672 -0.074918817 0.144448585
v 0.0259099372 -0.0784052142 0.147156725
v 0.0255640702 -0.0785705076 0.151261033
v 0.0252487742 -0.076679691 0.152080273
v 0.0291460132 -0.0795507863 0.145865015
v 0.0269227052 -0.0769806576 0.141394682
v 0.0276775032 -0.0797170337 0.141515338
v 0.0290915532 -0.0810001939 0.143599931
v 0.0297699182 -0.0803848849 0.14389802
v 0.0693537968 -0.0462651682 0.398382103
v 0.0795588514 -0.055626571 0.391971147
v 0.083368192 -0.0496827785 0.387093242
v 0.0647523978 -0.0466912937 0.396383682
v 0.0722678893 -0.042561882 0.395410337
v 0.0622892733 -0.0502531763 0.399774193
v 0.0656705756 -0.0494764036 0.401306218
v 0.0760915596 -0.061899032 0.396566192
v 0.0777425601 -0.0568715079 0.388006757
v 0.0803919961 -0.0506219758 0.383667226
v 0.0674553375 -0.0431857867 0.39316858
v 0.0752994998 -0.0625965037 0.393232458
v 0.0717500409 -0.0681667201 0.398224946
v 0.0587894967 -0.0529083437 0.403167756
v 0.0614714166 -0.0521583226 0.404385465
v 0.0731612252 -0.0684409314 0.401034477
v 0.0678814639 -0.0732009321 0.406351433
v 0.0672948237 -0.072577031 0.403963668
v 0.0541412812 -0.0549577623 0.406382859
v 0.0573305396 -0.0546195371 0.407713095
v 0.0535030462 -0.057416108 0.41100933
v 0.0611045278 -0.0757175647 0.412317266
v 0.0609755433 -0.0752341133 0.409662837
v 0.0505908652 -0.0575154763 0.40996703
v 0.0493755462 -0.0595448312 0.41488751
v 0.0505201632 -0.0598486595 0.415291056
v 0.0534610082 -0.0754223286 0.418063089
v 0.0529116292 -0.0758666136 0.414447493
v 0.0447636362 -0.0738200566 0.418777899
v 0.0447760582 -0.0612264042 0.418166491
v 0.0464136812 -0.0604458089 0.419308174
v 0.0454974142 -0.0731426522 0.42308395
v 0.0374908272 -0.0700154943 0.427518786
v 0.0376417872 -0.0710617054 0.42384339
v 0.0386325792 -0.061518768 0.420480255
v 0.0411062132 -0.0593527861 0.422570929
v 0.0359219952 -0.0570339326 0.4246251
v 0.0304043302 -0.0654857549 0.431739716
v 0.0304138832 -0.0673469512 0.428188995
v 0.0340942362 -0.0590537344 0.423145804
v 0.0307759942 -0.0550017125 0.425859035
v 0.0336967742 -0.0533497563 0.428035887
v 0.0244280512 -0.0601840195 0.436104569
v 0.0229633602 -0.0630159448 0.431344268
v 0.0168227502 -0.0576501919 0.433668155
v 0.0280147742 -0.0505149657 0.427937531
v 0.0314094522 -0.0487024962 0.429520259
v 0.0165791132 -0.0560727602 0.439308522
v 0.0129723262 -0.0497859659 0.43748554
v 0.0117149672 -0.0511723099 0.433175409
v 0.0265137782 -0.0456880824 0.429349926
v 0.0294746852 -0.044039949 0.431043157
v 0.0280950292 -0.0389560528 0.43070349
v 0.0214442122 -0.0465451136 0.437667022
v 0.0174906012 -0.0457769402 0.435069371
v 0.0259892382 -0.0406041863 0.429273871
v 0.0246602242 -0.0357056456 0.427790526
v 0.0279775122 -0.0346135766 0.428243748
v 0.0233168762 -0.038686618 0.436242479
v 0.0210085302 -0.0390659281 0.434271434
v 0.0183218342 -0.0324839013 0.430984356
v 0.0212684112 -0.0324399512 0.424667675
v 0.0265863912 -0.0302290634 0.425698825
v 0.0215989952 -0.0309351326 0.434028098
v 0.0997492116 -0.0630598949 0.354533565
v 0.102755026 -0.0508703895 0.351250535
v 0.105566884 -0.0518200974 0.349598882
v 0.0937882206 -0.0734426578 0.358693639
v 0.102149277 -0.0634936622 0.354883385
v 0.0958940113 -0.0669256022 0.367037083
v 0.100924401 -0.0582139018 0.363378911
v 0.103818429 -0.0489528212 0.358432051
v 0.104391695 -0.0483203209 0.357144391
v 0.08651541 -0.0829559747 0.362483647
v 0.0958682136 -0.0740503214 0.359460149
v 0.090124108 -0.0748930192 0.371125181
v 0.10214259 -0.0591922727 0.361863114
v 0.0902225188 -0.0776809909 0.370592881
v 0.0967424396 -0.0688508159 0.366357778
v 0.0771415888 -0.0904781528 0.366014062
v 0.0881979405 -0.0833897456 0.363774329
v 0.0823716669 -0.0810527433 0.374600873
v 0.08139903 -0.0845324561 0.373883012
v 0.0783024482 -0.0903004445 0.368010459
v 0.0666164612 -0.0963350025 0.369162264
v 0.0737832167 -0.0860974623 0.377803798
v 0.0718427186 -0.0900835627 0.377361726
v 0.067879553 -0.096534693 0.372026549
v 0.056734345 -0.101749482 0.374467012
v 0.0648546298 -0.0894892749 0.38205005
v 0.0623571096 -0.0938527669 0.383013273
v 0.0581531733 -0.102777534 0.377682115
v 0.0470232522 -0.105270276 0.381229784
v 0.0564295593 -0.0902861148 0.388484304
v 0.0528810552 -0.0942349494 0.389951453
v 0.0489656632 -0.1049932 0.386526464
v 0.0383688762 -0.100930667 0.390088335
v 0.0475047942 -0.0885930738 0.393841811
v 0.0441082052 -0.0914249955 0.396524614
v 0.0398536312 -0.100028735 0.394869909
v 0.0298616372 -0.0948359144 0.397853853
v 0.0394150832 -0.0851525345 0.400115885
v 0.0353582852 -0.0868732811 0.403600673
v 0.0303087842 -0.0944279484 0.402117328
v 0.0220222522 -0.0877303086 0.405589969
v 0.0320591512 -0.0800189542 0.406138495
v 0.0284294352 -0.0798785046 0.409960926
v 0.0229805592 -0.0866841047 0.41035027
v 0.0168217922 -0.0774994599 0.412098254
v 0.0261984822 -0.0722282987 0.411407799
v 0.0238079692 -0.0700556218 0.415705752
v 0.0174552502 -0.0761637504 0.416785551
v 0.0129274182 -0.066207113 0.416558441
v 0.0239283552 -0.0613162158 0.415622596
v 0.0202680652 -0.0597492947 0.421439398
v 0.0144274602 -0.0643869981 0.422595253
v 0.0125051152 -0.0540013665 0.416784554
v 0.0231296082 -0.052802291 0.417170846
v 0.0181985832 -0.049881508 0.422249512
v 0.0115458542 -0.0524516438 0.422939997
v 0.0166851652 -0.0432488431 0.412142884
v 0.0240038372 -0.0425829032 0.416155923
v 0.0204104262 -0.0420516789 0.417873478
v 0.0148067702 -0.0444211704 0.418108717
v 0.0183638732 -0.0321829383 0.40857491
v 0.0256997442 -0.0331393341 0.41323891
v 0.0237602002 -0.0368903913 0.415044668
v 0.0231678272 -0.031731015 0.412335517
v 0.0186820342 -0.0331651301 0.412056676
v 0.115593273 -0.0741257997 0.339422272
v 0.115615248 -0.0762927391 0.330449169
v 0.121098518 -0.0614413783 0.326692641
v 0.115606649 -0.0727948739 0.340330742
v 0.120101995 -0.0591349468 0.335483235
v 0.109213798 -0.0853159131 0.345262403
v 0.109260617 -0.088181278 0.343352184
v 0.108136063 -0.0892389499 0.336271048
v 0.113631755 -0.076088272 0.326746367
v 0.11815003 -0.0605317978 0.32366307
v 0.116683431 -0.0611824541 0.326580114
v 0.114739111 -0.059103415 0.33558159
v 0.11263905 -0.0732697261 0.339156636
v 0.11714873 -0.0579683534 0.336880402
v 0.106621691 -0.0857105104 0.343997042
v 0.0969631477 -0.0953585465 0.347971554
v 0.100418974 -0.0954731984 0.351262712
v 0.0990125664 -0.0987092706 0.348650859
v 0.0980504365 -0.100517917 0.341257462
v 0.10576466 -0.0892293968 0.331953817
v 0.112917084 -0.0765287343 0.329273038
v 0.105554466 -0.0894023285 0.334731923
v 0.0957936891 -0.100412819 0.340085381
v 0.0842557956 -0.109695878 0.344372184
v 0.0859211276 -0.102721162 0.352982293
v 0.0891514693 -0.103558129 0.355377159
v 0.0870733877 -0.107199313 0.353312835
v 0.085992785 -0.110138248 0.344219075
v 0.0960421028 -0.100567605 0.338041332
v 0.0842118455 -0.110495579 0.341738031
v 0.0710477922 -0.117916481 0.34611204
v 0.0712398356 -0.117127287 0.347156364
v 0.0735930847 -0.10810029 0.355815152
v 0.0763982566 -0.109289813 0.358251566
v 0.0739561511 -0.114073699 0.357063289
v 0.0731249186 -0.117613607 0.348633635
v 0.0596207292 -0.120754141 0.355509962
v 0.0571031449 -0.120581202 0.352433766
v 0.0572302183 -0.119607615 0.351596276
v 0.0609077072 -0.111001006 0.360473048
v 0.0634835734 -0.113767963 0.362219008
v 0.0600974941 -0.117691 0.361804312
v 0.0462952062 -0.115354945 0.367272321
v 0.0452633322 -0.118612999 0.360408173
v 0.0429530782 -0.118327323 0.358632812
v 0.0431145472 -0.11862446 0.356869629
v 0.0479079912 -0.110323601 0.364113997
v 0.0503051892 -0.112758064 0.367465981
v 0.0376274562 -0.108635337 0.372597375
v 0.0327336902 -0.111029672 0.372579125
v 0.0318852622 -0.113984845 0.36685965
v 0.0295301002 -0.113667641 0.365530441
v 0.0301606922 -0.113356168 0.362770556
v 0.0357691252 -0.106973824 0.370099107
v 0.0252506862 -0.101004238 0.377625337
v 0.0261593092 -0.102439308 0.378974852
v 0.0213333832 -0.103334556 0.37984277
v 0.0198887552 -0.106499933 0.373734979
v 0.0184603722 -0.105381113 0.373885036
v 0.0184833052 -0.106455976 0.370282614
v 0.00831073321 -0.0973745221 0.377955879
v 0.0160784592 -0.0926078335 0.384981265
v 0.0166631902 -0.0943839911 0.386906683
v 0.0117789812 -0.0932240892 0.387207794
v 0.0101375352 -0.0973487243 0.382501248
v 0.00713936321 -0.0961228972 0.380269613
v 0.000326121206 -0.0862054299 0.386227348
v -0.000610207794 -0.0835884751 0.387568764
v 0.00877985421 -0.0813517949 0.390661186
v 0.00894992421 -0.0831489737 0.393154378
v 0.00361283421 -0.0818992567 0.394675252
v 0.00131596021 -0.0860305832 0.389753744
v -0.00305422379 -0.0682985705 0.393558921
v 0.000120700206 -0.0715336888 0.392369616
v -0.00188572279 -0.0712002401 0.396141343
v 0.00491701221 -0.0676517369 0.39461645
v 0.00519217721 -0.0696801379 0.398787674
v 0.00106467421 -0.0677195734 0.400742462
v -0.000288226794 -0.0554928093 0.401110533
v -0.000817543794 -0.053660276 0.400867197
v 0.00304530521 -0.0563202199 0.394332533
v 0.00223318221 -0.0538322539 0.404097499
v 0.00699031421 -0.0534414792 0.397375278
v 0.00617246021 -0.0551154105 0.403300559
v 0.00811582221 -0.0445386876 0.401046655
v 0.00608837921 -0.0441641576 0.399141513
v 0.00413259121 -0.0435670046 0.394045593
v 0.00858112121 -0.0415949791 0.391708532
v 0.0113824722 -0.0415051675 0.401070979
v 0.0125777292 -0.0401474865 0.394700604
v 0.0183399872 -0.0298937034 0.395394111
v 0.0142306392 -0.0312217659 0.395233901
v 0.0129446172 -0.0304612342 0.393677552
v 0.0106104762 -0.0293433711 0.388702319
v 0.0155988302 -0.0287013141 0.385819753
v 0.0223920092 -0.0313440613 0.390382345
v 0.126057252 -0.101636738 0.289584574
v 0.126538795 -0.102953334 0.281445939
v 0.136268994 -0.0894443709 0.275514584
v 0.12533016 -0.0998548428 0.292414412
v 0.13588395 -0.0882366962 0.284220994
v 0.116138831 -0.112952017 0.298107507
v 0.116363358 -0.115106535 0.295185417
v 0.11623055 -0.11606293 0.287183665
v 0.124472178 -0.101884201 0.278189258
v 0.13364727 -0.0879796797 0.271947637
v 0.131487976 -0.0878411379 0.275598738
v 0.131323636 -0.0858863109 0.285560386
v 0.134454617 -0.0867185017 0.286379625
v 0.123044749 -0.0988621422 0.291523196
v 0.113481748 -0.111446245 0.295729895
v 0.102038445 -0.12091465 0.302059719
v 0.103920662 -0.122507369 0.30400644
v 0.103458228 -0.125035463 0.299911241
v 0.102752157 -0.125304901 0.292473214
v 0.114336868 -0.114718622 0.284638741
v 0.123825345 -0.101325264 0.281994466
v 0.11366424 -0.113044694 0.287837618
v 0.10140881 -0.122248445 0.293052169
v 0.0878855112 -0.128697668 0.298832439
v 0.0886680179 -0.12748617 0.307081607
v 0.0898890702 -0.129272842 0.308953299
v 0.0892021074 -0.132635041 0.304674594
v 0.0881482581 -0.132765938 0.297204113
v 0.1015655 -0.124419207 0.290983795
v 0.086853637 -0.131488508 0.295669068
v 0.0711204053 -0.134353866 0.300861288
v 0.0733542242 -0.132141069 0.304193995
v 0.0744052082 -0.130752817 0.312530369
v 0.0751896244 -0.133752901 0.313063666
v 0.0734822537 -0.135849138 0.308873194
v 0.0725707636 -0.135362811 0.302928635
v 0.0562738234 -0.13490325 0.306401275
v 0.0552505462 -0.133272311 0.306123462
v 0.0581789701 -0.132336944 0.308479802
v 0.0595662694 -0.131257297 0.316969254
v 0.0597879314 -0.133541749 0.317520832
v 0.0580624065 -0.135724933 0.314828904
v 0.0427753662 -0.132317823 0.320311085
v 0.0414253292 -0.131208563 0.313889009
v 0.0396768752 -0.129343544 0.31099632
v 0.0435129652 -0.128926018 0.313284702
v 0.0450235162 -0.128431098 0.321614972
v 0.0444693612 -0.131806666 0.322141199
v 0.0301826682 -0.126244099 0.32754941
v 0.0279345162 -0.126474356 0.325222471
v 0.0268109192 -0.124778454 0.317200443
v 0.0252497282 -0.122661195 0.316831374
v 0.0304301242 -0.122520745 0.319227237
v 0.0311065782 -0.122984136 0.326209021
v 0.0185912692 -0.115437114 0.332438465
v 0.0167319812 -0.118169675 0.332396886
v 0.0144580352 -0.117856287 0.330620529
v 0.0132226512 -0.117158815 0.324190324
v 0.0113987172 -0.113946626 0.321732607
v 0.0179406132 -0.114024973 0.324931482
v 0.00580366021 -0.10456612 0.329625881
v 0.00697693821 -0.105643852 0.337253519
v 0.00423865021 -0.108530238 0.337277844
v 0.00201056221 -0.107498364 0.335785373
v 0.000655747206 -0.10618846 0.328244941
v -0.000530906794 -0.102398227 0.326342851
v -0.00972701979 -0.0881344591 0.330746261
v -0.00295867779 -0.0917546215 0.334710651
v -0.00273606579 -0.0935823818 0.341808013
v -0.00450553879 -0.0947594822 0.341185456
v -0.00762122879 -0.0937409838 0.340176606
v -0.00943752079 -0.0931285436 0.333533493
v -0.0138220338 -0.0765449718 0.337666191
v -0.0108267268 -0.071782106 0.337059859
v -0.00732217679 -0.0759717123 0.338095058
v -0.00702980979 -0.0781224071 0.346047164
v -0.0110818358 -0.0793319896 0.344447213
v -0.0110407468 -0.0773360813 0.345032241
v -0.0100012278 -0.0599614 0.349636381
v -0.0117535098 -0.0597712698 0.344643894
v -0.00942509879 -0.054847887 0.343354209
v -0.00554888079 -0.0595218987 0.342081747
v -0.00593678679 -0.0618321529 0.349515726
v -0.00894833179 -0.0632204083 0.350349167
v -0.00209114379 -0.0479811382 0.353225629
v -0.00359213979 -0.0467008504 0.353367588
v -0.00583551079 -0.046215484 0.349386972
v -0.00597500679 -0.0432622189 0.349614081
v 0.00169908921 -0.0445062019 0.343568144
v -0.000114334794 -0.0464763196 0.351271838
v 0.0107862802 -0.0345810928 0.352464195
v 0.00806040821 -0.0344626182 0.35338886
v 0.00636737021 -0.0324380398 0.351412769
v 0.00527721221 -0.0326405938 0.347498056
v 0.00602627621 -0.0289659723 0.340988774
v 0.0107986992 -0.0310870484 0.340388517
v 0.132879097 -0.115091244 0.258439333
v 0.132571439 -0.113744073 0.246663784
v 0.144044366 -0.0991592861 0.244321661
v 0.132389908 -0.113463174 0.26113531
v 0.14302969 -0.100625885 0.254849073
v 0.118961199 -0.121937932 0.265293359
v 0.118671701 -0.123444659 0.263765399
v 0.11937586 -0.124804251 0.252909469
v 0.130162781 -0.110143024 0.242774438
v 0.138947091 -0.0941852617 0.240490104
v 0.139533733 -0.0953604543 0.245313257
v 0.140187254 -0.0984637222 0.257373706
v 0.141657676 -0.0993389093 0.257911081
v 0.131514728 -0.113064761 0.262829554
v 0.117443959 -0.12124906 0.263907342
v 0.102904075 -0.128430144 0.2677237
v 0.104919097 -0.129614883 0.268451685
v 0.104054424 -0.131965268 0.266778728
v 0.104030537 -0.132995242 0.256599082
v 0.118776799 -0.12275101 0.249160027
v 0.129400338 -0.109814352 0.248713921
v 0.119288914 -0.119158553 0.258494086
v 0.104989799 -0.126752394 0.263954994
v 0.0904938632 -0.133059252 0.270238179
v 0.0885084584 -0.134119793 0.273713872
v 0.090678263 -0.135251989 0.274089014
v 0.0890196189 -0.137363503 0.27304064
v 0.0883832959 -0.13853105 0.263218897
v 0.104012385 -0.131309846 0.25336674
v 0.089038727 -0.136698528 0.260914289
v 0.0739026469 -0.140370279 0.269216155
v 0.0754905883 -0.135836709 0.277564706
v 0.073563466 -0.136377494 0.28024343
v 0.0762052576 -0.137662555 0.281075874
v 0.0739083792 -0.140182063 0.280726054
v 0.0724847738 -0.141812988 0.270602172
v 0.0565461234 -0.140574739 0.278286587
v 0.0582792914 -0.140051167 0.276852919
v 0.0603678832 -0.135189886 0.285005785
v 0.0590426883 -0.135514736 0.288599082
v 0.0617523161 -0.137993142 0.288777512
v 0.0586528685 -0.139502737 0.288761286
v 0.0433151892 -0.136177803 0.295773497
v 0.0410049352 -0.137438035 0.286831819
v 0.0426578472 -0.136057428 0.28389858
v 0.0452088712 -0.131938516 0.291721902
v 0.0445735042 -0.131834372 0.296294647
v 0.0472936432 -0.135121092 0.295920503
v 0.0325406912 -0.130623828 0.30108435
v 0.0285555522 -0.129656925 0.301818408
v 0.0253280752 -0.130611413 0.291903385
v 0.0270755772 -0.130103118 0.289245934
v 0.0297641842 -0.126532643 0.294864
v 0.0301215192 -0.126128493 0.302557541
v 0.0163364292 -0.117676663 0.307412149
v 0.0192428792 -0.122623936 0.307128263
v 0.0142755462 -0.12133696 0.306993405
v 0.0107958332 -0.121782192 0.298291014
v 0.0126178562 -0.121569133 0.295209742
v 0.0156972412 -0.118136232 0.299912268
v 0.00272809421 -0.108261761 0.306024108
v 0.00353926421 -0.107749643 0.312899437
v 0.00618678921 -0.113571142 0.312155227
v 0.00117073321 -0.111165345 0.312550645
v -0.00261376879 -0.109949072 0.302787703
v -0.000394279794 -0.110415324 0.300859265
v -0.0114745178 -0.0959165224 0.303599841
v -0.00849354679 -0.0955037727 0.308712985
v -0.00611067979 -0.0934858823 0.314654492
v -0.00392463379 -0.100915383 0.316486631
v -0.0107235428 -0.098284099 0.313562516
v -0.0134866778 -0.0953079049 0.306765268
v -0.0152819488 -0.0772863936 0.312681423
v -0.0139605758 -0.0789679666 0.310063526
v -0.0116961838 -0.0788514069 0.313796727
v -0.0104177998 -0.076679691 0.318930146
v -0.00936395079 -0.0848487063 0.320464195
v -0.0139997498 -0.0819737811 0.320650753
v -0.0130376158 -0.0636579983 0.32535328
v -0.0132898558 -0.0591359007 0.320477369
v -0.0113264228 -0.0627541518 0.319709862
v -0.00874195679 -0.0615713174 0.319894395
v -0.00852889779 -0.0606072797 0.327450026
v -0.00859290879 -0.0682909287 0.327485531
v -0.00576576279 -0.0518707354 0.3331847
v -0.00725815979 -0.0483728702 0.330125728
v -0.00549059479 -0.047756611 0.322964487
v -0.00382717379 -0.0469091365 0.32116583
v -0.00246949579 -0.0446342332 0.321373691
v -0.00228318879 -0.0439577792 0.330339663
v 0.00849609021 -0.0321848496 0.326422956
v 0.00137519321 -0.036141326 0.335765097
v 0.00112964521 -0.0318762412 0.328496376
v 0.00207458021 -0.0293825429 0.322867158
v 0.00527147821 -0.0312017003 0.318983902
v 0.00767058721 -0.0306303486 0.322670477
v 0.0136019612 -0.11314024 0.346014711
v 0.0261124932 -0.120845864 0.338192387
v 0.0234219712 -0.121765948 0.338615211
v 0.00242522021 -0.10349125 0.353704203
v 0.00574537721 -0.100124281 0.361405842
v 0.00985090221 -0.113085775 0.345790623
v 0.0161252782 -0.109750335 0.352928567
v 0.0292062082 -0.117075698 0.346892752
v 0.0414683252 -0.124115379 0.334434862
v 0.0386593302 -0.126183904 0.331705404
v 0.0255698012 -0.122591447 0.34063288
v 0.0409027042 -0.127902743 0.334920506
v -0.000787922794 -0.103110982 0.354571094
v -0.00570939079 -0.0912950601 0.361956393
v -0.00256408779 -0.0869497133 0.366704547
v -0.00614985379 -0.0862780394 0.370717586
v 0.00183284721 -0.100017267 0.363428588
v 0.0130554502 -0.111026803 0.356480285
v 0.0117560482 -0.114447283 0.347359149
v 0.0431785632 -0.122144307 0.340943147
v 0.0261621742 -0.119504424 0.349565432
v 0.0564085399 -0.126190595 0.328696138
v 0.0545540302 -0.12924036 0.325819677
v 0.056635935 -0.131112063 0.32878129
v 0.0405998292 -0.128415814 0.339983973
v 0.0277587152 -0.121507984 0.346579464
v 0.058024189 -0.13040217 0.334794805
v -0.00904387779 -0.0907666975 0.362542449
v 0.00255803121 -0.103165447 0.360561251
v -0.00899706579 -0.0884440249 0.362369064
v 0.0148134582 -0.113465089 0.354155371
v -0.00672215879 -0.0752216913 0.36785735
v -0.00590430479 -0.0719665057 0.372663278
v -0.00803015579 -0.0717458012 0.377732819
v -0.00675177979 -0.0901972536 0.367326077
v -0.0120821818 -0.0744764469 0.371562177
v 0.0411100342 -0.124631312 0.343529617
v 0.0581923464 -0.124565387 0.336027712
v 0.0714337898 -0.126389325 0.322470713
v 0.0711471578 -0.1298528 0.321273311
v 0.072902301 -0.130401216 0.32340656
v 0.0743306838 -0.128623143 0.331605024
v 0.056341659 -0.128023125 0.337311324
v 0.0725592983 -0.125534205 0.334098246
v -0.0125188138 -0.0730910567 0.36692658
v -0.00544186779 -0.0585100883 0.371306663
v -0.00272842079 -0.0560202108 0.375725272
v -0.00616991379 -0.0557975949 0.379880269
v -0.00971842079 -0.0576320395 0.376887231
v -0.0107789608 -0.0576482806 0.372757585
v 0.0736895842 -0.123527783 0.332536821
v 0.086496302 -0.122044939 0.318407998
v 0.0874307227 -0.126556526 0.316699568
v 0.0884998592 -0.12579026 0.317807771
v 0.089788748 -0.123365358 0.326847775
v 0.088123416 -0.120975799 0.329760739
v 0.0885715184 -0.118891983 0.329985824
v -0.00686260879 -0.0570033583 0.370941674
v 0.00427782421 -0.042096583 0.372276986
v 0.00143634221 -0.0433128605 0.369280865
v -0.00130481779 -0.0461810906 0.379396649
v -0.00296536979 -0.0463148523 0.377730794
v -0.00307619879 -0.0446313644 0.372528421
v 0.100622484 -0.114430084 0.315242573
v 0.10252763 -0.118519368 0.313881908
v 0.103659827 -0.117866801 0.315736346
v 0.104440422 -0.115725659 0.322771854
v 0.102653747 -0.113533876 0.325220446
v 0.102323167 -0.111719499 0.325815627
v 9.1086206e-05 -0.0443237135 0.368894573
v 0.00895279021 -0.0326243509 0.377018009
v 0.0132990872 -0.0298707727 0.369400524
v 0.00967223621 -0.029214386 0.365263778
v 0.00397495021 -0.0312246311 0.371350266
v 0.00434470321 -0.0291408172 0.367299698
v 0.00751389621 -0.0287595957 0.363670927
v 0.112751795 -0.104202097 0.310290636
v 0.113872526 -0.106203743 0.308231388
v 0.115570341 -0.106241009 0.310528896
v 0.116456035 -0.104036804 0.318675659
v 0.114713313 -0.101996938 0.321406114
v 0.120829083 -0.091204291 0.30206682
v 0.120269196 -0.090203945 0.303096943
v 0.119470448 -0.08968132 0.304299452
v 0.120450731 -0.0885777831 0.309857689
v 0.122171477 -0.091158426 0.304199071
v 0.121322091 -0.0911393197 0.303050318
v 0.122627223 -0.0902431186 0.308626806
v 0.122203963 -0.0885500775 0.314349303
v 0.12306959 -0.0891414965 0.312699674
v 0.121333556 -0.0875306253 0.315714046
v 0.12106221 -0.0874924056 0.315643067
v 0.127786598 -0.0762057927 0.295903278
v 0.126188148 -0.0751595888 0.298308268
v 0.127411114 -0.0729888268 0.30988002
v 0.12877166 -0.0760758501 0.297870244
v 0.129683145 -0.0742452282 0.306723719
v 0.127952845 -0.0730633512 0.310021948
v 0.142744015 -0.0348304621 0.261963674
v 0.138684344 -0.0238476792 0.264413278
v 0.137661069 -0.0366926157 0.260726703
v 0.140415604 -0.0477537457 0.258410944
v 0.14606321 -0.0459871341 0.258849965
v 0.146217036 -0.0333227782 0.253306926
v 0.143117591 -0.0233909785 0.25589645
v 0.135973765 -0.0286181904 0.273567864
v 0.132382262 -0.0265955252 0.271278455
v 0.134157473 -0.0258464598 0.262325642
v 0.140393629 -0.0219711949 0.271036145
v 0.143510273 -0.0212909218 0.261901836
v 0.142044628 -0.0355088256 0.251945249
v 0.144702664 -0.0446390098 0.247761849
v 0.146884887 -0.0516748712 0.240326858
v 0.141818193 -0.058865512 0.254961616
v 0.148790033 -0.0426239881 0.24822116
v 0.146824699 -0.0575708909 0.255612547
v 0.138287839 -0.0263719518 0.255043745
v 0.144969234 -0.0199972564 0.254778109
v 0.142804202 -0.0229763184 0.253766222
v 0.145464146 -0.0194641208 0.249838335
v 0.134680098 -0.0269748353 0.286785196
v 0.136966466 -0.0364031172 0.283143219
v 0.138502813 -0.0205858066 0.283119892
v 0.136504036 -0.0386713309 0.271337257
v 0.129032492 -0.0268649582 0.285481308
v 0.132259965 -0.0195692186 0.279951444
v 0.134658123 -0.021036775 0.268125207
v 0.131300707 -0.0363219048 0.269638979
v 0.137943883 -0.0203842092 0.259076062
v 0.140289484 -0.0100272393 0.272210252
v 0.142386676 -0.0100262838 0.266458339
v 0.143232243 -0.0100262838 0.261141399
v 0.15134584 -0.0506888549 0.241850769
v 0.154066932 -0.0553093634 0.232017875
v 0.150229888 -0.0549185888 0.230681536
v 0.147469615 -0.0616544411 0.241727061
v 0.15059295 -0.0628076586 0.23012186
v 0.143427149 -0.0682288226 0.254313737
v 0.145334211 -0.0644433702 0.244638001
v 0.151971648 -0.0620968112 0.242431733
v 0.148093523 -0.0674759363 0.253496521
v 0.138882126 -0.0202838879 0.25210342
v 0.143944998 -0.0100262838 0.256774491
v 0.145145988 -0.0162012929 0.235996452
v 0.147158148 -0.0315561702 0.245450139
v 0.141068172 -0.0313249533 0.245232155
v 0.14548899 -0.0178245857 0.244942179
v 0.145310321 -0.0100253284 0.251958424
v 0.13335108 -0.0224422271 0.292950761
v 0.12717225 -0.0214351932 0.289814736
v 0.130394946 -0.0358699816 0.281494618
v 0.132763484 -0.0453670557 0.280229258
v 0.138666191 -0.0461724913 0.281227955
v 0.137760437 -0.0100281947 0.282255026
v 0.13691487 -0.0487942192 0.269148228
v 0.128272918 -0.010031061 0.289218557
v 0.131924609 -0.0100301056 0.279293413
v 0.134760353 -0.0100291501 0.269403742
v 0.136931115 -0.0100281947 0.263689343
v 0.132692782 -0.0463062531 0.268703134
v 0.140393629 0.00183837031 0.271036145
v 0.143510273 0.00115809721 0.261901836
v 0.144969234 -0.000135568225 0.254778109
v 0.145464146 -0.000668703815 0.249838335
v 0.155346263 -0.0629070234 0.230190814
v 0.151873241 -0.0570597304 0.225013792
v 0.155236387 -0.055933268 0.225048269
v 0.149127305 -0.0674252983 0.245876997
v 0.151902862 -0.0679383702 0.219918901
v 0.14279178 -0.0733003004 0.254095737
v 0.144764767 -0.0701444831 0.244234471
v 0.148544485 -0.073394885 0.2451186
v 0.147461976 -0.0734569946 0.252954085
v 0.138015539 -0.0100272393 0.258494086
v 0.140473884 -0.0186510407 0.247305589
v 0.138357586 -0.0173143804 0.238875951
v 0.141869781 -0.0232228215 0.228054498
v 0.14548899 -0.00230823892 0.244942179
v 0.149355655 -0.0241696625 0.227056814
v 0.14451635 -0.0100253284 0.234998767
v 0.144640562 -0.0405143747 0.237482848
v 0.150287214 -0.0401933479 0.236487189
v 0.146516088 -0.0313048895 0.219162527
v 0.130439857 -0.010031061 0.306667939
v 0.130889866 -0.0175933687 0.308092482
v 0.134260657 -0.0100291501 0.292257254
v 0.129866591 -0.0254480416 0.297702964
v 0.124166435 -0.0164984346 0.304680667
v 0.123138384 -0.0249827417 0.296285522
v 0.133054897 -0.055183247 0.280229258
v 0.133469555 -0.0562972874 0.269134056
v 0.139779281 -0.0562839116 0.280919713
v 0.138502813 0.000452982005 0.283119892
v 0.137377308 -0.0589772986 0.26813128
v 0.124044138 -0.0100329719 0.303421411
v 0.12717225 0.00130236861 0.289814736
v 0.132259965 -0.000563605945 0.279951444
v 0.134658123 0.000903950405 0.268125207
v 0.137943883 0.000251384605 0.259076062
v 0.135973765 0.00848536581 0.273567864
v 0.138684344 0.00371485461 0.264413278
v 0.143117591 0.00325815391 0.25589645
v 0.142804202 0.00284349381 0.253766222
v 0.157566705 -0.0696705812 0.220207864
v 0.150161094 -0.039771999 0.210176249
v 0.148254987 -0.0496980656 0.229773082
v 0.153520417 -0.0492499615 0.228080863
v 0.153306404 -0.0487808433 0.200161874
v 0.157229441 -0.0498423344 0.200153761
v 0.153930305 -0.0419198285 0.20948578
v 0.152854481 -0.0788609601 0.217423669
v 0.155847874 -0.0724251133 0.205766751
v 0.154422356 -0.0826359019 0.205318605
v 0.14278605 -0.0784243275 0.253989284
v 0.143772066 -0.0759459146 0.244355126
v 0.148119321 -0.0792746636 0.243959693
v 0.146320227 -0.0793855 0.253108191
v 0.138882126 0.000151063305 0.25210342
v 0.138921293 -0.0100272393 0.254225518
v 0.140872304 -0.0170726542 0.242599029
v 0.140921985 -0.0100262838 0.233174742
v 0.140409874 -0.0100272393 0.249471306
v 0.141429326 -0.0170994063 0.227006125
v 0.152282168 -0.032598555 0.217947856
v 0.147158148 0.0114233456 0.245450139
v 0.145145988 -0.00393153166 0.235996452
v 0.149355655 0.00403683791 0.227056814
v 0.140700326 -0.015632806 0.223400666
v 0.140842684 -0.0100262838 0.218628188
v 0.140700326 -0.00450001857 0.223400666
v 0.141429326 -0.00303341831 0.227006125
v 0.125031108 -0.0100329719 0.319378292
v 0.124780783 -0.0190723896 0.319460421
v 0.130889866 -0.00253945584 0.308092482
v 0.12450466 -0.0241247567 0.314081641
v 0.13335108 0.00230940251 0.292950761
v 0.131332236 -0.0336858455 0.299086956
v 0.126478601 -0.0310163449 0.310301786
v 0.118171051 -0.0179956087 0.316106412
v 0.118591442 -0.0100339273 0.316110461
v 0.120073332 -0.0250725542 0.310393041
v 0.124235229 -0.0327179852 0.294349952
v 0.133924347 -0.0651360652 0.279993023
v 0.13358516 -0.0662682616 0.270191554
v 0.137970635 -0.0691852184 0.269328713
v 0.140420381 -0.0665539375 0.280925816
v 0.134680098 0.00684201071 0.286785196
v 0.118171051 -0.00213721586 0.316106412
v 0.124166435 -0.00363438999 0.304680667
v 0.123138384 0.00484991711 0.296285522
v 0.129032492 0.00673213361 0.285481308
v 0.132382262 0.00646270061 0.271278455
v 0.134157473 0.00571363521 0.262325642
v 0.138287839 0.00623912721 0.255043745
v 0.136504036 0.0185385063 0.271337257
v 0.131300707 0.0161890802 0.269638979
v 0.142744015 0.0146976375 0.261963674
v 0.137661069 0.0165597911 0.260726703
v 0.146217036 0.0131899536 0.253306926
v 0.141068172 0.0111921287 0.245232155
v 0.158674065 -0.0723563264 0.206089179
v 0.157655566 -0.0808425458 0.215670624
v 0.154399427 -0.0595687141 0.18788749
v 0.15424464 -0.0675284857 0.199728927
v 0.161804084 -0.0790510903 0.190370544
v 0.158975024 -0.0588932211 0.185526088
v 0.159132672 -0.070053714 0.198838708
v 0.150807924 -0.0901533034 0.219080398
v 0.15076875 -0.092260048 0.206107431
v 0.157093768 -0.0829225387 0.204789342
v 0.154424264 -0.0933712304 0.205475762
v 0.142401967 -0.0835015358 0.254293462
v 0.143309629 -0.0818658207 0.244043847
v 0.1479053 -0.0850751413 0.242648705
v 0.146238057 -0.0854210119 0.252497825
v 0.140473884 -0.0014817839 0.247305589
v 0.138357586 -0.00281844422 0.238875951
v 0.141869781 0.00308999691 0.228054498
v 0.140872304 -0.00306017039 0.242599029
v 0.144640562 0.0203815501 0.237482848
v 0.150287214 0.0200605233 0.236487189
v 0.152282168 0.0124657304 0.217947856
v 0.121111894 -0.0100339273 0.331849388
v 0.121558083 -0.0179879651 0.332737581
v 0.124780783 -0.00106043498 0.319460421
v 0.119970144 -0.0224498707 0.331918342
v 0.120573024 -0.0249942071 0.324265353
v 0.121734841 -0.0230986138 0.317443778
v 0.12450466 0.00399193211 0.314081641
v 0.129866591 0.00531521701 0.297702964
v 0.121314446 -0.0320042707 0.306886951
v 0.132495006 -0.042023016 0.29873511
v 0.129310522 -0.0380894686 0.307360448
v 0.123172777 -0.0391977785 0.304527589
v 0.114554711 -0.01684717 0.329182811
v 0.114413304 -0.0100358382 0.328449751
v 0.115827357 -0.025671615 0.322229402
v 0.114554711 -0.00328565462 0.329182811
v 0.124834286 -0.0405726581 0.292674972
v 0.134980104 -0.0747535235 0.281027194
v 0.133468601 -0.0762459202 0.271106097
v 0.138244842 -0.0793033302 0.271551192
v 0.13997228 -0.0765163124 0.282266205
v 0.136966466 0.0162702926 0.283143219
v 0.115827357 0.00553879041 0.322229402
v 0.121734841 0.00296578921 0.317443778
v 0.120073332 0.00493972961 0.310393041
v 0.121314446 0.0118714461 0.306886951
v 0.124235229 0.0125851606 0.294349952
v 0.130394946 0.015737157 0.281494618
v 0.142044628 0.015376001 0.251945249
v 0.13691487 0.0286613946 0.269148228
v 0.132692782 0.0261734285 0.268703134
v 0.132763484 0.0252342311 0.280229258
v 0.140415604 0.0276209211 0.258410944
v 0.14606321 0.0258543095 0.258849965
v 0.144702664 0.0245061852 0.247761849
v 0.148790033 0.0224911635 0.24822116
v 0.146516088 0.0111720649 0.219162527
v 0.155390213 -0.0925514615 0.217012025
v 0.161800262 -0.0660465996 0.177151203
v 0.155912845 -0.0664536153 0.179712337
v 0.156103929 -0.0768841581 0.191432107
v 0.159754666 -0.0909893169 0.187441369
v 0.161553759 -0.0803371121 0.181467408
v 0.155899469 -0.0885835206 0.187692818
v 0.146886802 -0.100584804 0.222710196
v 0.146625009 -0.101586103 0.207856427
v 0.150984685 -0.10337946 0.207789496
v 0.151649668 -0.10361737 0.219969589
v 0.142432541 -0.0884574007 0.25570279
v 0.142744968 -0.0872650096 0.241866981
v 0.147126613 -0.0906988645 0.241460413
v 0.146113852 -0.0912740389 0.253971032
v 0.148254987 0.029565241 0.229773082
v 0.153520417 0.0291171369 0.228080863
v 0.153930305 0.0217870039 0.20948578
v 0.155236387 0.0358004434 0.225048269
v 0.116278323 -0.0100358382 0.341077974
v 0.116542024 -0.0175713937 0.341282783
v 0.121558083 -0.00214485944 0.332737581
v 0.115618113 -0.0242011925 0.338056531
v 0.120573024 0.00486138251 0.324265353
v 0.117266247 -0.0289545061 0.335967882
v 0.120913161 -0.0307153819 0.324737823
v 0.131332236 0.0135530209 0.299086956
v 0.126478601 0.0108835203 0.310301786
v 0.132158689 -0.0501729178 0.296184114
v 0.129298108 -0.045800823 0.30572197
v 0.123619924 -0.0468269667 0.302936763
v 0.126462356 -0.0483977105 0.292180201
v 0.10972687 -0.0164611724 0.337823348
v 0.109690565 -0.0100377491 0.337734118
v 0.11064027 -0.0246005663 0.335796523
v 0.10972687 -0.00367165221 0.337823348
v 0.11558372 -0.0311567963 0.322529546
v 0.11064027 0.00446774171 0.335796523
v 0.133999825 -0.0835149116 0.285772296
v 0.133026231 -0.086237912 0.271696203
v 0.137951521 -0.089272393 0.274219822
v 0.137834961 -0.0858203857 0.286168742
v 0.138666191 0.0260396667 0.281227955
v 0.110871488 0.00954399341 0.333156327
v 0.11558372 0.0110239717 0.322529546
v 0.129310522 0.017956644 0.307360448
v 0.123172777 0.0190649539 0.304527589
v 0.124834286 0.0204398335 0.292674972
v 0.133469555 0.0361644628 0.269134056
v 0.137377308 0.038844474 0.26813128
v 0.133054897 0.0350504224 0.280229258
v 0.139779281 0.036151087 0.280919713
v 0.146884887 0.0315420466 0.240326858
v 0.141818193 0.0387326874 0.254961616
v 0.146824699 0.0374380663 0.255612547
v 0.15134584 0.0305560303 0.241850769
v 0.150161094 0.0196391744 0.210176249
v 0.164428677 -0.0736003059 0.169100756
v 0.156585473 -0.078247566 0.177357026
v 0.158182968 -0.0729955111 0.171731857
v 0.154501657 -0.0893392721 0.177308361
v 0.159861672 -0.0918807415 0.177211018
v 0.156597895 -0.103079454 0.187207157
v 0.153630293 -0.10060964 0.188633725
v 0.16237639 -0.0855624154 0.170922756
v 0.158732345 -0.0836438932 0.170915656
v 0.158351123 -0.0789899417 0.178818071
v 0.15143947 -0.101472405 0.176807486
v 0.141766598 -0.0934944815 0.256401373
v 0.141683474 -0.092930768 0.240739514
v 0.145795687 -0.0964487005 0.240483004
v 0.146898263 -0.0971843918 0.252969283
v 0.151873241 0.0369269058 0.225013792
v 0.157229441 0.0297095098 0.200153761
v 0.157566705 0.0495377566 0.220207864
v 0.154066932 0.0351765388 0.232017875
v 0.150229888 0.0347857642 0.230681536
v 0.109792795 -0.0100377491 0.354282131
v 0.111004293 -0.0178083428 0.35372043
v 0.116542024 -0.0025614309 0.341282783
v 0.110342176 -0.0238438574 0.34773127
v 0.119970144 0.00231704611 0.331918342
v 0.10870646 -0.0243253993 0.346438533
v 0.110871488 -0.029676818 0.333156327
v 0.115618113 0.00406836791 0.338056531
v 0.120913161 0.0105825573 0.324737823
v 0.111957823 -0.0351782422 0.332000472
v 0.117894928 -0.0340880846 0.334185421
v 0.121413814 -0.036416493 0.324420486
v 0.132495006 0.0218901914 0.29873511
v 0.132766352 -0.0586667789 0.295757272
v 0.129572315 -0.0537902151 0.305668214
v 0.124351789 -0.0546128492 0.303107095
v 0.127680545 -0.0563154434 0.29251174
v 0.104171941 -0.0166952554 0.350252835
v 0.103295804 -0.01003966 0.350984899
v 0.104171941 -0.00343756918 0.350252835
v 0.115892325 -0.0366305114 0.322373385
v 0.10870646 0.00419257471 0.346438533
v 0.110342176 0.00371103281 0.34773127
v 0.117266247 0.00882168151 0.335967882
v 0.117894928 0.01395526 0.334185421
v 0.111957823 0.0150454176 0.332000472
v 0.115892325 0.0164976868 0.322373385
v 0.132158689 0.0300400932 0.296184114
v 0.129298108 0.0256679984 0.30572197
v 0.123619924 0.0266941421 0.302936763
v 0.126462356 0.0282648859 0.292180201
v 0.133924347 0.0450032406 0.279993023
v 0.13358516 0.046135437 0.270191554
v 0.137970635 0.0490523938 0.269328713
v 0.140420381 0.0464211129 0.280925816
v 0.147469615 0.0415216165 0.241727061
v 0.143427149 0.048095998 0.254313737
v 0.145334211 0.0443105456 0.244638001
v 0.151971648 0.0419639866 0.242431733
v 0.148093523 0.0473431117 0.253496521
v 0.153306404 0.0286480187 0.200161874
v 0.151902862 0.0478055456 0.219918901
v 0.161631153 -0.0913705384 0.165402018
v 0.164179306 -0.0813938302 0.160788736
v 0.157045041 -0.0805683308 0.177333697
v 0.158863241 -0.0806036817 0.164219799
v 0.155552637 -0.103439654 0.176073414
v 0.149359477 -0.111874278 0.191296252
v 0.153228057 -0.11485621 0.189678049
v 0.145642815 -0.112345315 0.178483479
v 0.156601717 -0.0891854466 0.165180997
v 0.150575751 -0.114707161 0.176914953
v 0.158674065 0.0522235018 0.206089179
v 0.159132672 0.0499208894 0.198838708
v 0.158975024 0.0387603965 0.185526088
v 0.155346263 0.0427741988 0.230190814
v 0.157655566 0.0607097212 0.215670624
v 0.152854481 0.0587281355 0.217423669
v 0.15059295 0.042674834 0.23012186
v 0.0996001627 -0.0100415709 0.374027992
v 0.100472477 -0.0216109937 0.370485399
v 0.10473852 -0.000917118335 0.363284635
v 0.10473852 -0.0192157063 0.363284635
v 0.111004293 -0.00232448175 0.35372043
v 0.10184258 -0.0247639458 0.359219865
v 0.109252972 -0.022743191 0.35272273
v 0.109968596 -0.0270388492 0.353281409
v 0.110831361 -0.0281395155 0.347916801
v 0.108952009 -0.0283898405 0.345988332
v 0.121413814 0.0162836684 0.324420486
v 0.112928549 -0.040817249 0.331778408
v 0.116004111 -0.042096583 0.321820809
v 0.118164363 -0.0394595698 0.333464538
v 0.122160013 -0.0420927603 0.324304876
v 0.13226761 -0.0670842078 0.296279418
v 0.130335712 -0.0616171789 0.307051209
v 0.125164873 -0.0619343865 0.305378254
v 0.12762035 -0.0643306296 0.293026817
v 0.0981689111 -0.0181456133 0.359950901
v 0.0933162336 -0.0100434817 0.370838241
v 0.093999372 0.000424319005 0.367200345
v 0.0981689111 -0.0019872113 0.359950901
v 0.10184258 0.00463112121 0.359219865
v 0.103815563 0.00723374101 0.357449581
v 0.108952009 0.00825701591 0.345988332
v 0.109252972 0.00261036641 0.35272273
v 0.110831361 0.00800669091 0.347916801
v 0.122160013 0.0219599357 0.324304876
v 0.118164363 0.0193267452 0.333464538
v 0.112928549 0.0206844244 0.331778408
v 0.116004111 0.0219637584 0.321820809
v 0.127680545 0.0361826188 0.29251174
v 0.132766352 0.0385339543 0.295757272
v 0.129572315 0.0336573905 0.305668214
v 0.124351789 0.0344800246 0.303107095
v 0.13997228 0.0563834878 0.282266205
v 0.134980104 0.0546206989 0.281027194
v 0.133468601 0.0561130956 0.271106097
v 0.138244842 0.0591705056 0.271551192
v 0.149127305 0.0472924737 0.245876997
v 0.14279178 0.0531674758 0.254095737
v 0.144764767 0.0500116585 0.244234471
v 0.148544485 0.0532620604 0.2451186
v 0.147461976 0.05332417 0.252954085
v 0.155847874 0.0522922887 0.205766751
v 0.15424464 0.0473956611 0.199728927
v 0.156103929 0.0567513335 0.191432107
v 0.154399427 0.0394358895 0.18788749
v 0.154422356 0.0625030773 0.205318605
v 0.153790809 -0.0960885002 0.162358275
v 0.159406887 -0.0975713438 0.160944883
v 0.160802785 -0.0881277747 0.152200929
v 0.155466652 -0.0864825065 0.156216007
v 0.157093768 0.0627897141 0.204789342
v 0.161804084 0.0589182657 0.190370544
v 0.161800262 0.045913775 0.177151203
v 0.155390213 0.0724186369 0.217012025
v 0.150807924 0.0700204788 0.219080398
v 0.15076875 0.0721272234 0.206107431
v 0.0943280441 -0.0100434817 0.385484164
v 0.096744351 -0.0269700569 0.376706745
v 0.0929684535 0.00402537251 0.386838755
v 0.096744351 0.00683723231 0.376706745
v 0.100472477 0.00147816911 0.370485399
v 0.0944646711 -0.028407039 0.37296034
v 0.0982300597 -0.0242451426 0.36708679
v 0.100232663 0.00322758051 0.363806782
v 0.100232663 -0.0233604051 0.363806782
v 0.103815563 -0.0273665656 0.357449581
v 0.105115918 -0.0303809776 0.356291702
v 0.110472115 -0.0313918341 0.353507491
v 0.110910662 -0.032427531 0.347972582
v 0.109472723 -0.0327399603 0.346231699
v 0.113734942 -0.0464333269 0.332251905
v 0.115776715 -0.04755119 0.321222607
v 0.12297309 -0.0477518344 0.324946682
v 0.11845195 -0.0448778703 0.33370585
v 0.129882835 -0.0752646876 0.297192963
v 0.129791112 -0.069253055 0.30975326
v 0.125873806 -0.0686281964 0.309761388
v 0.126968744 -0.0723133302 0.293581417
v 0.093999372 -0.0205571436 0.367200345
v 0.0902788891 -0.0259171616 0.37342574
v 0.0864533075 -0.0230967034 0.383532398
v 0.0880670458 -0.0100444372 0.382306561
v 0.0902788891 0.00578433701 0.37342574
v 0.0944646711 0.00827421441 0.37296034
v 0.0982300597 0.00411231801 0.36708679
v 0.109968596 0.00690602461 0.353281409
v 0.110472115 0.0112590095 0.353507491
v 0.105115918 0.010248153 0.356291702
v 0.109472723 0.0126071357 0.346231699
v 0.110910662 0.0122947064 0.347972582
v 0.115776715 0.0274183654 0.321222607
v 0.12297309 0.0276190098 0.324946682
v 0.11845195 0.0247450457 0.33370585
v 0.113734942 0.0263005023 0.332251905
v 0.125164873 0.0418015619 0.305378254
v 0.12762035 0.044197805 0.293026817
v 0.13226761 0.0469513832 0.296279418
v 0.130335712 0.0414843543 0.307051209
v 0.137951521 0.0691395684 0.274219822
v 0.137834961 0.0656875611 0.286168742
v 0.133999825 0.063382087 0.285772296
v 0.133026231 0.0661050874 0.271696203
v 0.146320227 0.0592526754 0.253108191
v 0.14278605 0.0582915029 0.253989284
v 0.143772066 0.05581309 0.244355126
v 0.148119321 0.059141839 0.243959693
v 0.155899469 0.068450696 0.187692818
v 0.154501657 0.0692064475 0.177308361
v 0.156585473 0.0581147414 0.177357026
v 0.155912845 0.0463207907 0.179712337
v 0.154424264 0.0732384058 0.205475762
v 0.150387529 -0.103207482 0.160243248
v 0.156238648 -0.104447646 0.157654736
v 0.155134157 -0.106385274 0.150899066
v 0.156320818 -0.094353424 0.14368206
v 0.152196183 -0.105204351 0.14421436
v 0.150261416 -0.0919074931 0.148574182
v 0.161553759 0.0602042875 0.181467408
v 0.159754666 0.0708564923 0.187441369
v 0.164428677 0.0534674813 0.169100756
v 0.16237639 0.0654295908 0.170922756
v 0.151649668 0.0834845452 0.219969589
v 0.146886802 0.0804519791 0.222710196
v 0.146625009 0.0814532789 0.207856427
v 0.150984685 0.0832466351 0.207789496
v 0.0873093812 -0.0100453926 0.396906857
v 0.0862259115 -0.0250123612 0.39808199
v 0.0929684535 -0.0241581971 0.386838755
v 0.0856727122 -0.0367308318 0.376066964
v 0.0914817873 -0.037331804 0.38186044
v 0.086277507 -0.0366133129 0.392552126
v 0.0862259115 0.00487953661 0.39808199
v 0.086277507 0.0164804883 0.392552126
v 0.0914817873 0.0171989794 0.38186044
v 0.105719756 -0.0338454032 0.355771549
v 0.109271124 -0.0370929435 0.346129294
v 0.110760656 -0.0358069216 0.35337771
v 0.110531352 -0.0367107681 0.347851926
v 0.114580505 -0.0519089516 0.333477713
v 0.116281188 -0.0529819106 0.321116153
v 0.123216727 -0.0534214155 0.324687119
v 0.118976486 -0.0501729178 0.33463257
v 0.0766476259 -0.0234521271 0.393220281
v 0.0813455249 -0.0100473035 0.393881365
v 0.0766476259 0.00331930251 0.393220281
v 0.0864533075 0.00296387881 0.383532398
v 0.0782909828 0.00465978511 0.393443341
v 0.078996098 0.0148696171 0.392396993
v 0.0856727122 0.0165980072 0.376066964
v 0.110531352 0.0165779435 0.347851926
v 0.110760656 0.015674097 0.35337771
v 0.105719756 0.0137125786 0.355771549
v 0.109271124 0.0169601189 0.346129294
v 0.114580505 0.031776127 0.333477713
v 0.116281188 0.032849086 0.321116153
v 0.123216727 0.0332885909 0.324687119
v 0.118976486 0.0300400932 0.33463257
v 0.129791112 0.0491202304 0.30975326
v 0.125873806 0.0484953718 0.309761388
v 0.126968744 0.0521805056 0.293581417
v 0.129882835 0.055131863 0.297192963
v 0.146238057 0.0652881873 0.252497825
v 0.142401967 0.0633687112 0.254293462
v 0.143309629 0.0617329961 0.244043847
v 0.1479053 0.0649423167 0.242648705
v 0.153630293 0.0804768158 0.188633725
v 0.15143947 0.0813395809 0.176807486
v 0.157045041 0.0604355062 0.177333697
v 0.159861672 0.0717479169 0.177211018
v 0.155552637 0.0833068298 0.176073414
v 0.158732345 0.0635110686 0.170915656
v 0.158351123 0.0588571171 0.178818071
v 0.158182968 0.0528626865 0.171731857
v 0.147805932 -0.105582704 0.158473975
v 0.147911031 -0.103740621 0.147122263
v 0.148398305 -0.10687064 0.148540717
v 0.154240825 -0.107964617 0.155473821
v 0.152061464 -0.108857957 0.145771736
v 0.148860735 -0.107981816 0.137394811
v 0.150430525 -0.100014406 0.135693474
v 0.1436469 -0.106464575 0.140933355
v 0.146322135 -0.0992194737 0.14211963
v 0.156597895 0.0829466295 0.187207157
v 0.164179306 0.0612610056 0.160788736
v 0.161631153 0.0712377138 0.165402018
v 0.156601717 0.069052622 0.165180997
v 0.0839271235 -0.0100463481 0.399398024
v 0.0837637431 -0.0218278792 0.399345295
v 0.0782909828 -0.0247926097 0.393443341
v 0.078996098 -0.0350024417 0.392396993
v 0.0846647226 -0.0389464979 0.377087991
v 0.0902540471 -0.039158605 0.382606675
v 0.0848223707 -0.0377770393 0.393228409
v 0.0780397022 -0.0358470509 0.392862362
v 0.0837637431 0.00169505461 0.399345295
v 0.0760944266 0.00106924131 0.396454661
v 0.0848223707 0.0176442147 0.393228409
v 0.0902540471 0.0190257804 0.382606675
v 0.0846647226 0.0188136733 0.377087991
v 0.105640455 -0.0373709775 0.355854706
v 0.107686051 -0.0412108924 0.346447658
v 0.109995351 -0.0409701206 0.347954331
v 0.110510331 -0.040095891 0.353665677
v 0.11547671 -0.0572383961 0.335452807
v 0.117481221 -0.0583887484 0.321476096
v 0.122865126 -0.0591043725 0.323429887
v 0.11970644 -0.0553666893 0.336226418
v 0.0760944266 -0.0212020659 0.396454661
v 0.0781811075 -0.0100482589 0.399095886
v 0.0780397022 0.0157142263 0.392862362
v 0.107686051 0.0210780678 0.346447658
v 0.109995351 0.020837296 0.347954331
v 0.110510331 0.0199630664 0.353665677
v 0.105640455 0.0172381529 0.355854706
v 0.11970644 0.0352338647 0.336226418
v 0.11547671 0.0371055715 0.335452807
v 0.117481221 0.0382559238 0.321476096
v 0.122865126 0.0389715479 0.323429887
v 0.146113852 0.0711412143 0.253971032
v 0.142432541 0.0683245761 0.25570279
v 0.142744968 0.067132185 0.241866981
v 0.147126613 0.0705660399 0.241460413
v 0.149359477 0.0917414537 0.191296252
v 0.145642815 0.0922124907 0.178483479
v 0.150575751 0.0945743367 0.176914953
v 0.153228057 0.0947233857 0.189678049
v 0.158863241 0.0604708571 0.164219799
v 0.145815754 -0.108422278 0.157134615
v 0.146286784 -0.109484726 0.149874005
v 0.150469699 -0.112401679 0.146338498
v 0.151178638 -0.111398472 0.155085504
v 0.143975572 -0.112443722 0.133271247
v 0.140128014 -0.108861779 0.137384673
v 0.14345677 -0.106497064 0.129699245
v 0.139993302 -0.104752428 0.135493734
v 0.160802785 0.0679949501 0.152200929
v 0.159406887 0.0774385192 0.160944883
v 0.153790809 0.0759556756 0.162358275
v 0.155466652 0.0663496819 0.156216007
v 0.0836576887 -0.0411621622 0.378107961
v 0.0890272625 -0.0409844503 0.383351913
v 0.0833662806 -0.0389407657 0.393904662
v 0.0770823515 -0.0366916601 0.393327762
v 0.0890272625 0.0208516257 0.383351913
v 0.0833662806 0.0188079411 0.393904662
v 0.0836576887 0.0210293376 0.378107961
v 0.0770823515 0.0165588355 0.393327762
v 0.104886611 -0.0407025971 0.356519809
v 0.106524238 -0.0452409358 0.34734395
v 0.109538648 -0.0451941204 0.34859106
v 0.109504254 -0.0441412251 0.354869183
v 0.104886611 0.0205697725 0.356519809
v 0.106524238 0.0251081112 0.34734395
v 0.109538648 0.0250612958 0.34859106
v 0.109504254 0.0240084005 0.354869183
v 0.146898263 0.0770515672 0.252969283
v 0.141766598 0.0733616569 0.256401373
v 0.141683474 0.0727979434 0.240739514
v 0.145795687 0.0763158759 0.240483004
v 0.144496289 -0.111782555 0.156256558
v 0.144013792 -0.11216473 0.150553325
v 0.14862857 -0.115856556 0.146267535
v 0.148711693 -0.115301441 0.155153432
v 0.134628503 -0.112902337 0.133876551
v 0.138140705 -0.117015504 0.130670566
v 0.132173026 -0.110379012 0.131257619
v 0.135574391 -0.113111573 0.125256297
v 0.156320818 0.0742205994 0.14368206
v 0.152196183 0.0850715265 0.14421436
v 0.155134157 0.0862524496 0.150899066
v 0.156238648 0.0843148211 0.157654736
v 0.150387529 0.0830746572 0.160243248
v 0.150261416 0.0717746685 0.148574182
v 0.0826497009 -0.0433778282 0.379127961
v 0.0877995223 -0.0428112531 0.384097121
v 0.0819092348 -0.0401044902 0.394579948
v 0.0761259557 -0.0375362692 0.393793132
v 0.0826497009 0.0232450036 0.379127961
v 0.0877995223 0.0226784285 0.384097121
v 0.0819092348 0.0199716656 0.394579948
v 0.0761259557 0.0174034446 0.393793132
v 0.103484026 -0.0439176517 0.357750692
v 0.107305787 -0.0493235321 0.348883045
v 0.10910488 -0.0493856346 0.349669862
v 0.1078351 -0.0479859147 0.356804723
v 0.1078351 0.0278530901 0.356804723
v 0.103484026 0.0237848271 0.357750692
v 0.107305787 0.0291907075 0.348883045
v 0.10910488 0.02925281 0.349669862
v 0.14295612 -0.115174368 0.156102452
v 0.141720733 -0.114845695 0.15113024
v 0.146213213 -0.118918742 0.146368926
v 0.147055911 -0.11955315 0.154905019
v 0.130128384 -0.1181477 0.133347288
v 0.124780783 -0.117509462 0.131635813
v 0.132834185 -0.122483486 0.131554695
v 0.127272572 -0.120184697 0.126448654
v 0.148860735 0.0878489911 0.137394811
v 0.150430525 0.0798815812 0.135693474
v 0.152061464 0.0887251321 0.145771736
v 0.147911031 0.0836077964 0.147122263
v 0.1436469 0.0863317506 0.140933355
v 0.154240825 0.0878317926 0.155473821
v 0.147805932 0.0854498792 0.158473975
v 0.148398305 0.0867378159 0.148540717
v 0.146322135 0.0790866491 0.14211963
v 0.081642667 -0.0455925404 0.38014796
v 0.0865727377 -0.0446370984 0.384843356
v 0.0804540986 -0.0412672609 0.395257228
v 0.0751686051 -0.0383818323 0.394259529
v 0.0751686051 0.0182490077 0.394259529
v 0.081642667 0.0254597158 0.38014796
v 0.0865727377 0.0245042738 0.384843356
v 0.0804540986 0.0211344363 0.395257228
v 0.140636309 -0.118054062 0.155561027
v 0.139464939 -0.117658511 0.151192094
v 0.1432781 -0.121625498 0.146630513
v 0.143810286 -0.122806421 0.154578541
v 0.143975572 0.0923108977 0.133271247
v 0.140128014 0.0887289547 0.137384673
v 0.14345677 0.0863642398 0.129699245
v 0.151178638 0.0912656477 0.155085504
v 0.150469699 0.0922688547 0.146338498
v 0.139993302 0.0846196033 0.135493734
v 0.145815754 0.0882894534 0.157134615
v 0.146286784 0.0893519019 0.149874005
v 0.0806346775 -0.0478082029 0.38116796
v 0.0853449975 -0.0464639012 0.385589591
v 0.0789980085 -0.0424309891 0.395932484
v 0.0742122092 -0.0392264415 0.394724929
v 0.0789980085 0.0222981645 0.395932484
v 0.0742122092 0.0190936169 0.394724929
v 0.0806346775 0.0276753783 0.38116796
v 0.0853449975 0.0263310766 0.385589591
v 0.138140705 0.0968826797 0.130670566
v 0.134628503 0.0927695127 0.133876551
v 0.132173026 0.0902461877 0.131257619
v 0.135574391 0.0929787487 0.125256297
v 0.148711693 0.0951686167 0.155153432
v 0.144496289 0.0916497307 0.156256558
v 0.14862857 0.0957237317 0.146267535
v 0.144013792 0.0920319057 0.150553325
v 0.0796276436 -0.050022915 0.38218793
v 0.0841172555 -0.0482907004 0.386334829
v 0.0775419184 -0.0435947136 0.396608767
v 0.0732548586 -0.0400710507 0.395191326
v 0.0841172555 0.0281578758 0.386334829
v 0.0775419184 0.023461889 0.396608767
v 0.0732548586 0.0199382261 0.395191326
v 0.0796276436 0.0298900904 0.38218793
v 0.130128384 0.0980148757 0.133347288
v 0.132834185 0.102350662 0.131554695
v 0.124780783 0.0973766377 0.131635813
v 0.127272572 0.100051873 0.126448654
v 0.147055911 0.0994203257 0.154905019
v 0.14295612 0.0950415437 0.156102452
v 0.141720733 0.0947128707 0.15113024
v 0.146213213 0.0987859177 0.146368926
v 0.143810286 0.102673597 0.154578541
v 0.140636309 0.0979212377 0.155561027
v 0.139464939 0.0975256867 0.151192094
v 0.1432781 0.101492674 0.146630513
v -0.00453706679 0.0224873408 0.310631301
v -0.00683776479 0.02582087 0.315369302
v 0.00290007921 0.0117319522 0.312342783
v -0.00968975379 0.039804689 0.303430536
v -0.00977479279 0.0399480074 0.309700531
v -0.00370679179 0.0230348061 0.305142018
v 0.00811486821 0.0102557965 0.308059032
v -0.0105162138 0.0431219771 0.312213002
v -0.00977574679 0.0230978661 0.310507624
v 0.00156723821 0.00930513471 0.308441275
v -0.0148090048 0.0543178245 0.294626768
v -0.0112432988 0.0567303123 0.296561281
v -0.0141917878 0.0369632105 0.30291546
v -0.0115815248 0.0576857543 0.304942255
v -0.00518008179 0.0263196086 0.303956763
v 0.00852284121 0.011333534 0.30380163
v -0.0115757938 0.0603466521 0.30531235
v -0.0148328878 0.0408184144 0.310056426
v -0.0105257678 0.0223956179 0.308850894
v 0.000949068206 0.00755285641 0.304949356
v -0.0162966248 0.071814796 0.285742895
v -0.0140866888 0.0703300446 0.284033438
v -0.0180011268 0.0564436754 0.297170663
v -0.00924739079 0.073814534 0.290629926
v -0.0158112578 0.0386103901 0.30368197
v -0.00927222779 0.0743352513 0.297615758
v 0.00405520421 0.0102519756 0.299068705
v -0.00959325479 0.0775407491 0.297855046
v -0.0164418508 0.0587596637 0.302811031
v -0.00334372179 0.0899031864 0.290623852
v -0.00622533179 0.0866441852 0.279246757
v -0.0144879778 0.075042276 0.293274202
v -0.00547340279 0.0865381254 0.279082529
v 0.000313699206 0.0875938896 0.283851956
v 9.9678206e-05 0.0892229132 0.293572291
v 0.000174203206 0.0907325087 0.292918308
v 0.0136392232 0.101931221 0.287291115
v 0.00997224521 0.101910207 0.285519834
v 0.00675145721 0.0997585507 0.274743995
v 0.00731325521 0.0992359257 0.274667968
v 0.0129341062 0.0993505777 0.278920295
v 0.0127764622 0.100241049 0.287580079
v 0.0272437322 0.109218365 0.280597299
v 0.0278867432 0.111376698 0.281212725
v 0.0248895282 0.111507595 0.280256635
v 0.0224369132 0.109371237 0.27045009
v 0.0228945702 0.108398596 0.269683579
v 0.0269991412 0.107895078 0.271665774
v 0.0419632422 0.113635368 0.263717747
v 0.0426759992 0.114550675 0.27290681
v 0.0438024642 0.116199766 0.273615516
v 0.0411033462 0.118013196 0.273007161
v 0.0391045652 0.115065662 0.263314201
v 0.0558543852 0.118639959 0.25547364
v 0.0561448382 0.117599479 0.255750442
v 0.0582716479 0.116576211 0.257211486
v 0.0575158951 0.120825051 0.264223683
v 0.0590188023 0.117541206 0.265788144
v 0.0602876266 0.118832958 0.266425886
v 0.0744329164 0.121164237 0.255888336
v 0.0728335096 0.119938403 0.247140334
v 0.0731516711 0.118760349 0.24767567
v 0.0739169784 0.117866055 0.248445232
v 0.0765062206 0.11983235 0.258197009
v 0.0750711499 0.118497602 0.257290564
v 0.0930964812 0.117933895 0.25092525
v 0.0916585435 0.119332654 0.249585873
v 0.0900371634 0.1188836 0.239400152
v 0.0890071988 0.118184213 0.237989796
v 0.0897218671 0.115915037 0.240687814
v 0.0914951649 0.116886723 0.249790683
v 0.107040175 0.11288057 0.241335693
v 0.109200423 0.113872317 0.243433482
v 0.108286065 0.114564058 0.242124518
v 0.106848129 0.115120119 0.231594054
v 0.105863071 0.114407364 0.230717025
v 0.105558285 0.112396165 0.233210233
v 0.120889278 0.105405204 0.227308263
v 0.122671173 0.106341532 0.234800046
v 0.124532366 0.107089645 0.236156646
v 0.123908465 0.108344139 0.233623901
v 0.122102687 0.107463222 0.223128926
v 0.121299159 0.107300797 0.222700044
v 0.133650132 0.0955211787 0.214699288
v 0.132712849 0.0942380187 0.219364286
v 0.137440364 0.0968616577 0.229766993
v 0.138237204 0.0979575497 0.227124756
v 0.135628849 0.0961880767 0.215850081
v 0.147799248 0.0840568508 0.207280524
v 0.145210959 0.0822730478 0.207849325
v 0.144020476 0.0813863927 0.213564737
v 0.145998239 0.0827670063 0.222746683
v 0.148623793 0.0835667079 0.222173833
v 0.150140073 0.0859734652 0.217937718
v 0.150649322 0.0938720877 0.19125975
v 0.147030113 0.0913134207 0.177035608
v 0.148978256 0.0942389727 0.178089074
v 0.146489336 0.0963887137 0.1931375
v 0.144961588 0.0897875806 0.183944387
v 0.138562054 0.105742475 0.197005574
v 0.137641009 0.105233226 0.199076984
v 0.151811139 0.0962396647 0.188075061
v 0.133475285 0.101562422 0.19109954
v 0.134254926 0.102589519 0.184407748
v 0.135832362 0.103092084 0.185932672
v 0.135349864 0.107432647 0.20134713
v 0.12410051 0.112597763 0.195377233
v 0.124697659 0.113707977 0.206412621
v 0.123020863 0.11333727 0.207918266
v 0.120470794 0.113376436 0.208250832
v 0.120823353 0.110031443 0.200450837
v 0.121652675 0.112232779 0.194486002
v 0.106597805 0.117748527 0.203868726
v 0.109471769 0.118099175 0.203684191
v 0.108876531 0.118026565 0.214807781
v 0.106926477 0.11749821 0.216866017
v 0.105679628 0.117571773 0.216724074
v 0.106499394 0.11549178 0.209342808
v 0.0904661559 0.118189951 0.216149183
v 0.0902769778 0.119401448 0.211544015
v 0.0936582798 0.12093015 0.21117697
v 0.0929952051 0.120492556 0.223836635
v 0.0903371707 0.119879162 0.22553393
v 0.0899607276 0.119389973 0.224470342
v 0.0747262358 0.118572119 0.233252823
v 0.0749412099 0.117778155 0.224648789
v 0.0738243007 0.119279151 0.219684689
v 0.0776517937 0.120112296 0.218630212
v 0.0766973092 0.120110388 0.232397082
v 0.0739475527 0.119037418 0.234666201
v 0.0569980466 0.117418909 0.242637555
v 0.0588181597 0.117352976 0.240493142
v 0.058882174 0.116026827 0.231504839
v 0.0582487176 0.11765012 0.22781015
v 0.0615650498 0.119082322 0.225657623
v 0.060256097 0.118292174 0.240333959
v 0.0435999112 0.116152954 0.247611791
v 0.0404010982 0.11415034 0.250531856
v 0.0435177432 0.114164677 0.248171468
v 0.0438492812 0.113394589 0.239883773
v 0.0412514392 0.11563606 0.236131309
v 0.0457945562 0.117845981 0.233516434
v 0.0303995532 0.113470074 0.24104268
v 0.0275475642 0.110991668 0.254507396
v 0.0236025522 0.10915817 0.257268264
v 0.0280845192 0.109253716 0.254856174
v 0.0275647622 0.108625992 0.244319636
v 0.0250586402 0.11024164 0.242591928
v 0.0154392712 0.107147925 0.247889605
v 0.00873972721 0.102917238 0.245899297
v 0.0116633722 0.10312552 0.25909735
v 0.00806709521 0.0996725657 0.261858233
v 0.0132494022 0.100787564 0.258945269
v 0.0132618242 0.100348063 0.250505493
v -0.00395998479 0.0900312137 0.250305744
v 0.00122901321 0.0970317277 0.25058457
v -7.0383794e-05 0.0895535002 0.254928166
v -0.00250580079 0.0922612167 0.263526112
v -0.00589665979 0.0875279644 0.265785108
v -0.000227078794 0.0898582823 0.262320581
v -0.00871998179 0.0761438981 0.262284079
v -0.0131790268 0.0754521569 0.254073437
v -0.0114468128 0.0854393721 0.255400652
v -0.0113359828 0.0776477628 0.269065101
v -0.0150822588 0.079542395 0.263071878
v -0.0162459828 0.0734247133 0.270939814
v -0.0144096308 0.0609762836 0.275078585
v -0.0126927068 0.0592584058 0.267442849
v -0.0156392808 0.0589765527 0.262665309
v -0.0176437948 0.0694414818 0.259103439
v -0.0179428468 0.0553325002 0.27734367
v -0.0196999048 0.0632043716 0.269089426
v -0.0147927598 0.0377103663 0.284357876
v -0.0138946508 0.0437611689 0.280484742
v -0.0109633608 0.0425028526 0.274275573
v -0.0149446778 0.0424378849 0.271294681
v -0.0172511058 0.0528827538 0.26626063
v -0.0195432108 0.045601344 0.275348301
v -0.0170323158 0.0273266425 0.27898517
v -0.0123248608 0.0193152789 0.288777512
v -0.00924452179 0.0265928661 0.283550815
v -0.00606099179 0.0254864674 0.277466351
v -0.00970122179 0.0269052935 0.277015152
v -0.0161619058 0.0362724304 0.273552665
v -0.0110159098 0.0220382828 0.279086578
v -0.00802155679 0.0132835861 0.283706944
v 0.00188826521 0.0100981502 0.284994636
v 0.00153379521 0.0131565123 0.28617684
v 0.00344754121 0.0109905304 0.28027691
v 0.00120321521 0.011605834 0.276756617
v 0.0159150802 0.00781560331 0.179830969
v 0.0268825782 0.0101659849 0.190318843
v 0.0148086822 0.00998062951 0.183782169
v 0.0259042072 0.00765795511 0.179532879
v 0.0281676422 0.0105128112 0.187136178
v 0.0148000832 0.0170489748 0.180112831
v 0.0157899182 0.0144024067 0.176241721
v 0.0248608652 0.0165206176 0.183680776
v 0.0233216532 0.016785274 0.187915878
v 0.0208269992 0.0119440592 0.176196094
v 0.0188836332 0.0227281126 0.183778104
v 0.0127802812 0.0240045778 0.17670407
v 0.0139201222 0.0211965424 0.17316249
v 0.0185262982 0.0189331035 0.173730278
v 0.0209053422 0.022490206 0.181349804
v 0.0193785522 0.0288477057 0.177068062
v 0.0155787672 0.0292862531 0.179374709
v 0.0124802752 0.0303257691 0.171699405
v 0.0132197862 0.0273916138 0.16876618
v 0.0156360922 0.0251023807 0.170308327
v 0.0152023222 0.0316910955 0.166200982
v 0.0186705702 0.0346892647 0.172086725
v 0.0155501042 0.0352787723 0.173499105
v 0.0132847532 0.0366259428 0.166756609
v 0.0136640632 0.0338207691 0.164464163
v 0.0133955862 0.039754051 0.159517288
v 0.0142459262 0.037236468 0.160956033
v 0.0184001812 0.0412397633 0.167938828
v 0.0158147582 0.0416716193 0.167840472
v 0.0146453002 0.0430226124 0.162075386
v 0.0175230862 0.0482526922 0.1566165
v 0.0159275022 0.0451589774 0.154525828
v 0.0160889702 0.0428038156 0.155873303
v 0.0197578592 0.0468520149 0.162713142
v 0.0178632232 0.0484982406 0.16303962
v 0.0214843392 0.0535429597 0.157042347
v 0.0217747952 0.0535515589 0.152297244
v 0.0186380842 0.0502400084 0.149309252
v 0.0185520952 0.0481600154 0.150864588
v 0.0218263872 0.052119357 0.157287708
v 0.0252487742 0.0565468664 0.152080273
v 0.0255640702 0.058437683 0.151261033
v 0.0259099372 0.0582723896 0.147156725
v 0.0226566672 0.0547859924 0.144448585
v 0.0226346922 0.0524394298 0.145891365
v 0.0269227052 0.056847833 0.141394682
v 0.0291460132 0.0594179617 0.145865015
v 0.0277740022 0.0599281719 0.145932943
v 0.0297699182 0.0602520603 0.14389802
v 0.0287208422 0.0606027075 0.143407299
v 0.0272657072 0.0592459839 0.140893816
v 0.142914078 0.105996623 0.156359975
v 0.139510804 0.0979279297 0.147140514
v 0.141739846 0.106216373 0.153384159
v 0.140211137 0.105133858 0.156046687
v 0.139602527 0.0977674127 0.149222061
v 0.127241998 0.112149648 0.161867539
v 0.127095817 0.111990092 0.164486463
v 0.132979412 0.105643107 0.148458588
v 0.125275703 0.105003922 0.155990921
v 0.124913587 0.104950412 0.153692387
v 0.118842725 0.111096753 0.157306971
v 0.125290032 0.110976378 0.163292082
v 0.104225448 0.114876478 0.166801224
v 0.112534909 0.116191167 0.171458108
v 0.111332011 0.115347515 0.174568781
v 0.11075779 0.11446659 0.172967817
v 0.110809386 0.110193874 0.16466796
v 0.110517019 0.109903422 0.162728341
v 0.095084753 0.112855726 0.17135874
v 0.0883613208 0.11567141 0.175409308
v 0.0967338404 0.118145047 0.180311553
v 0.0949615019 0.117005205 0.184379359
v 0.0955920909 0.116333524 0.182416428
v 0.0965054905 0.113276121 0.174988538
v 0.0811831002 0.113797785 0.184202938
v 0.0788757121 0.112849989 0.179266216
v 0.0718847574 0.115084768 0.183117036
v 0.0814487123 0.117639613 0.190343167
v 0.0779785544 0.115329363 0.193371711
v 0.0792693528 0.115805169 0.190131272
v 0.0629848337 0.11251654 0.197479056
v 0.0641237182 0.111040388 0.190229612
v 0.0625644401 0.111198036 0.186991183
v 0.0555352682 0.111223834 0.190187037
v 0.0656648429 0.115569173 0.199496741
v 0.0608073859 0.112864325 0.201874353
v 0.0441922842 0.107740298 0.210253302
v 0.0469525502 0.10757692 0.204398985
v 0.0489723502 0.106688357 0.199084084
v 0.0465904392 0.106237394 0.194116934
v 0.0401049112 0.106202998 0.198335809
v 0.0495780992 0.11172353 0.207521836
v 0.0339805422 0.106331979 0.215488114
v 0.0279966182 0.101525163 0.218515645
v 0.0316960822 0.102561814 0.212732307
v 0.0333862582 0.101197445 0.206467374
v 0.0309747272 0.100984386 0.201716183
v 0.0247586352 0.0995645987 0.205044855
v 0.0106926462 0.0904219957 0.21113642
v 0.0186982792 0.0995216017 0.222724383
v 0.0123168932 0.0925239637 0.224561583
v 0.0166020412 0.0947539597 0.218477118
v 0.0184011352 0.0935176187 0.212688719
v 0.0165609572 0.0923739537 0.207966945
v 0.00356315421 0.0819692125 0.214062558
v -0.00226598979 0.0796197882 0.216381369
v 0.00457783021 0.0891149528 0.226445437
v -0.00108410579 0.0806038896 0.228291761
v 0.00341888121 0.0843148211 0.223800148
v 0.00469152821 0.0834616091 0.217685256
v -0.00597596079 0.0711125477 0.223410804
v -0.00648043279 0.0688634457 0.218583572
v -0.0118146578 0.0664824862 0.221807816
v -0.00775021079 0.0771241768 0.230246579
v -0.0123172158 0.0686599325 0.233955455
v -0.00703554779 0.0729116414 0.231050605
v -0.0146981748 0.0596778399 0.237818453
v -0.0123793178 0.0573618587 0.230094483
v -0.0135220288 0.0554347373 0.225898935
v -0.0170848648 0.0535047471 0.2306927
v -0.0177957128 0.0646060063 0.236912008
v -0.0164007698 0.0554299536 0.243155668
v -0.0167848528 0.0406731846 0.252076043
v -0.0134694798 0.0452803172 0.245063847
v -0.0125493878 0.0440267811 0.239634364
v -0.0133041858 0.0432691147 0.236646371
v -0.0160606298 0.0408432547 0.241074105
v -0.0197476708 0.0498874463 0.244028648
v -0.0189126188 0.0350590216 0.251101671
v -0.0127471638 0.0264667497 0.260854459
v -0.0113952168 0.0307805611 0.252036489
v -0.0100595148 0.0307346996 0.248634829
v -0.0112557208 0.0309468049 0.24678039
v -0.0151309848 0.0267992409 0.248791986
v -0.00863781979 0.0144396689 0.253198433
v -0.0162526748 0.0196057331 0.255153251
v -0.00824990679 0.0109933974 0.265966591
v -0.00515332979 0.0168980164 0.257554191
v -0.00370201479 0.0169706295 0.253911218
v -0.00642310779 0.0177655563 0.252828352
v 0.00404182921 0.00383428481 0.254086611
v 0.00250356721 0.00453271121 0.254247833
v -0.00715402179 0.00818058191 0.260535083
v 0.00588296121 0.00531903791 0.260722653
v 0.00707630621 0.00624294811 0.257343293
v 0.00746803521 0.00534005731 0.257099956
v 0.0722678893 0.0224290574 0.395410337
v 0.083368192 0.0295499539 0.387093242
v 0.0795588514 0.0354937464 0.391971147
v 0.0674553375 0.0230529621 0.39316858
v 0.0693537968 0.0261323436 0.398382103
v 0.0803919961 0.0304891512 0.383667226
v 0.0777425601 0.0367386833 0.388006757
v 0.0760915596 0.0417662074 0.396566192
v 0.0752994998 0.0424636791 0.393232458
v 0.0647523978 0.0265584691 0.396383682
v 0.0656705756 0.029343579 0.401306218
v 0.0622892733 0.0301203517 0.399774193
v 0.0731612252 0.0483081068 0.401034477
v 0.0717500409 0.0480338955 0.398224946
v 0.0587894967 0.0327755191 0.403167756
v 0.0614714166 0.032025498 0.404385465
v 0.0678814639 0.0530681075 0.406351433
v 0.0672948237 0.0524442064 0.403963668
v 0.0541412812 0.0348249377 0.406382859
v 0.0573305396 0.0344867125 0.407713095
v 0.0611045278 0.0555847401 0.412317266
v 0.0609755433 0.0551012887 0.409662837
v 0.0505908652 0.0373826517 0.40996703
v 0.0535030462 0.0372832834 0.41100933
v 0.0534610082 0.055289504 0.418063089
v 0.0529116292 0.055733789 0.414447493
v 0.0493755462 0.0394120066 0.41488751
v 0.0505201632 0.0397158349 0.415291056
v 0.0454974142 0.0530098276 0.42308395
v 0.0447636362 0.053687232 0.418777899
v 0.0447760582 0.0410935796 0.418166491
v 0.0464136812 0.0403129843 0.419308174
v 0.0374908272 0.0498826697 0.427518786
v 0.0376417872 0.0509288808 0.42384339
v 0.0386325792 0.0413859434 0.420480255
v 0.0411062132 0.0392199615 0.422570929
v 0.0304043302 0.0453529303 0.431739716
v 0.0304138832 0.0472141266 0.428188995
v 0.0340942362 0.0389209098 0.423145804
v 0.0359219952 0.036901108 0.4246251
v 0.0244280512 0.0400511949 0.436104569
v 0.0229633602 0.0428831202 0.431344268
v 0.0307759942 0.0348688879 0.425859035
v 0.0336967742 0.0332169317 0.428035887
v 0.0165791132 0.0359399356 0.439308522
v 0.0168227502 0.0375173673 0.433668155
v 0.0280147742 0.0303821411 0.427937531
v 0.0314094522 0.0285696716 0.429520259
v 0.0129723262 0.0296531413 0.43748554
v 0.0117149672 0.0310394853 0.433175409
v 0.0265137782 0.0255552578 0.429349926
v 0.0294746852 0.0239071244 0.431043157
v 0.0214442122 0.026412289 0.437667022
v 0.0174906012 0.0256441156 0.435069371
v 0.0259892382 0.0204713617 0.429273871
v 0.0280950292 0.0188232282 0.43070349
v 0.0233168762 0.0185537934 0.436242479
v 0.0210085302 0.0189331035 0.434271434
v 0.0246602242 0.015572821 0.427790526
v 0.0279775122 0.014480752 0.428243748
v 0.0215989952 0.010802308 0.434028098
v 0.0183218342 0.0123510767 0.430984356
v 0.0212684112 0.0123071266 0.424667675
v 0.0265863912 0.0100962388 0.425698825
v 0.102755026 0.0307375649 0.351250535
v 0.0997492116 0.0429270703 0.354533565
v 0.102149277 0.0433608376 0.354883385
v 0.103818429 0.0288199966 0.358432051
v 0.104391695 0.0281874963 0.357144391
v 0.105566884 0.0316872728 0.349598882
v 0.0937882206 0.0533098332 0.358693639
v 0.0958682136 0.0539174968 0.359460149
v 0.100924401 0.0380810772 0.363378911
v 0.10214259 0.0390594481 0.361863114
v 0.0967424396 0.0487179913 0.366357778
v 0.08651541 0.0628231501 0.362483647
v 0.0881979405 0.063256921 0.363774329
v 0.0958940113 0.0467927776 0.367037083
v 0.0902225188 0.0575481663 0.370592881
v 0.090124108 0.0547601946 0.371125181
v 0.0771415888 0.0703453282 0.366014062
v 0.0783024482 0.0701676199 0.368010459
v 0.08139903 0.0643996315 0.373883012
v 0.0823716669 0.0609199187 0.374600873
v 0.0666164612 0.0762021779 0.369162264
v 0.067879553 0.0764018684 0.372026549
v 0.0718427186 0.0699507381 0.377361726
v 0.0737832167 0.0659646377 0.377803798
v 0.056734345 0.0816166575 0.374467012
v 0.0581531733 0.082644709 0.377682115
v 0.0623571096 0.0737199423 0.383013273
v 0.0648546298 0.0693564503 0.38205005
v 0.0470232522 0.0851374517 0.381229784
v 0.0489656632 0.0848603751 0.386526464
v 0.0528810552 0.0741021248 0.389951453
v 0.0564295593 0.0701532902 0.388484304
v 0.0383688762 0.0807978425 0.390088335
v 0.0398536312 0.0798959109 0.394869909
v 0.0441082052 0.0712921709 0.396524614
v 0.0475047942 0.0684602492 0.393841811
v 0.0298616372 0.0747030898 0.397853853
v 0.0303087842 0.0742951238 0.402117328
v 0.0353582852 0.0667404565 0.403600673
v 0.0394150832 0.0650197099 0.400115885
v 0.0220222522 0.067597484 0.405589969
v 0.0229805592 0.0665512801 0.41035027
v 0.0284294352 0.05974568 0.409960926
v 0.0320591512 0.0598861296 0.406138495
v 0.0168217922 0.0573666353 0.412098254
v 0.0174552502 0.0560309258 0.416785551
v 0.0238079692 0.0499227972 0.415705752
v 0.0261984822 0.0520954741 0.411407799
v 0.0129274182 0.0460742884 0.416558441
v 0.0144274602 0.0442541735 0.422595253
v 0.0202680652 0.0396164701 0.421439398
v 0.0239283552 0.0411833912 0.415622596
v 0.0125051152 0.0338685419 0.416784554
v 0.0115458542 0.0323188192 0.422939997
v 0.0181985832 0.0297486834 0.422249512
v 0.0231296082 0.0326694664 0.417170846
v 0.0166851652 0.0231160185 0.412142884
v 0.0148000832 0.0258046289 0.413749907
v 0.0200397162 0.0221567574 0.416451987
v 0.0240038372 0.0224500786 0.416155923
v 0.0183638732 0.0120501137 0.40857491
v 0.0186820342 0.0130323055 0.412056676
v 0.0231678272 0.0115981904 0.412335517
v 0.0286061902 0.0130829435 0.414306561
v 0.120101995 0.0390021222 0.335483235
v 0.121098518 0.0413085537 0.326692641
v 0.115615248 0.0561599145 0.330449169
v 0.11714873 0.0378355288 0.336880402
v 0.115593273 0.0539929751 0.339422272
v 0.116683431 0.0410496295 0.326580114
v 0.11815003 0.0403989732 0.32366307
v 0.113631755 0.0559554474 0.326746367
v 0.108136063 0.0691061253 0.336271048
v 0.10576466 0.0690965722 0.331953817
v 0.114739111 0.0389705904 0.33558159
v 0.115606649 0.0526620493 0.340330742
v 0.109260617 0.0680484534 0.343352184
v 0.112917084 0.0563959097 0.329273038
v 0.11263905 0.0531369015 0.339156636
v 0.105554466 0.0692695039 0.334731923
v 0.0980504365 0.0803850928 0.341257462
v 0.0960421028 0.0804347806 0.338041332
v 0.0957936891 0.0802799941 0.340085381
v 0.109213798 0.0651830885 0.345262403
v 0.0990125664 0.078576446 0.348650859
v 0.106621691 0.0655776858 0.343997042
v 0.0969631477 0.0752257219 0.347971554
v 0.085992785 0.0900054237 0.344219075
v 0.0842118455 0.0903627547 0.341738031
v 0.0842557956 0.0895630533 0.344372184
v 0.0859211276 0.082588337 0.352982293
v 0.100418974 0.0753403738 0.351262712
v 0.0870733877 0.087066488 0.353312835
v 0.0891514693 0.0834253044 0.355377159
v 0.0731249186 0.0974807827 0.348633635
v 0.0710477922 0.0977836567 0.34611204
v 0.0712398356 0.0969944627 0.347156364
v 0.0735930847 0.0879674657 0.355815152
v 0.0763982566 0.089156988 0.358251566
v 0.0739561511 0.0939408747 0.357063289
v 0.0596207292 0.100621317 0.355509962
v 0.0571031449 0.100448378 0.352433766
v 0.0572302183 0.0994747907 0.351596276
v 0.0609077072 0.0908681817 0.360473048
v 0.0634835734 0.0936351387 0.362219008
v 0.0600974941 0.0975581757 0.361804312
v 0.0452633322 0.0984801747 0.360408173
v 0.0429530782 0.0981944987 0.358632812
v 0.0431145472 0.0984916357 0.356869629
v 0.0479079912 0.0901907767 0.364113997
v 0.0503051892 0.0926252397 0.367465981
v 0.0462952062 0.0952221207 0.367272321
v 0.0318852622 0.0938520207 0.36685965
v 0.0295301002 0.0935348167 0.365530441
v 0.0301606922 0.0932233437 0.362770556
v 0.0357691252 0.0868409998 0.370099107
v 0.0376274562 0.0885025126 0.372597375
v 0.0327336902 0.0908968477 0.372579125
v 0.0198887552 0.0863671086 0.373734979
v 0.0184603722 0.085248288 0.373885036
v 0.0184833052 0.0863231513 0.370282614
v 0.0252506862 0.0808714131 0.377625337
v 0.0261593092 0.0823064838 0.378974852
v 0.0213333832 0.083201731 0.37984277
v 0.0101375352 0.0772158997 0.382501248
v 0.00713936321 0.0759900726 0.380269613
v 0.00831073321 0.0772416975 0.377955879
v 0.0160784592 0.0724750089 0.384981265
v 0.0166631902 0.0742511665 0.386906683
v 0.0117789812 0.0730912646 0.387207794
v 0.00131596021 0.0658977586 0.389753744
v -0.000610207794 0.0634556505 0.387568764
v 0.000326121206 0.0660726053 0.386227348
v 0.00877985421 0.0612189703 0.390661186
v 0.00894992421 0.0630161491 0.393154378
v 0.00361283421 0.0617664321 0.394675252
v -0.00188572279 0.0510674155 0.396141343
v -0.00305422379 0.0481657459 0.393558921
v 0.000120700206 0.0514008642 0.392369616
v 0.00491701221 0.0475189123 0.39461645
v 0.00519217721 0.0495473133 0.398787674
v 0.00106467421 0.0475867488 0.400742462
v -0.000288226794 0.0353599847 0.401110533
v -0.000817543794 0.0335274514 0.400867197
v 0.00304530521 0.0361873953 0.394332533
v 0.00699031421 0.0333086546 0.397375278
v 0.00617246021 0.0349825859 0.403300559
v 0.00223318221 0.0336994293 0.404097499
v 0.00608837921 0.024031333 0.399141513
v 0.00413259121 0.02343418 0.394045593
v 0.00858112121 0.0214621545 0.391708532
v 0.0125777292 0.0200146619 0.394700604
v 0.0113824722 0.0213723429 0.401070979
v 0.00811582221 0.024405863 0.401046655
v 0.0129446172 0.0103284096 0.393677552
v 0.0106104762 0.00921054651 0.388702319
v 0.0155988302 0.00856848951 0.385819753
v 0.0223920092 0.0112112367 0.390382345
v 0.0183399872 0.00976087881 0.395394111
v 0.0142306392 0.0110889413 0.395233901
v 0.13588395 0.0681038716 0.284220994
v 0.136268994 0.0693115463 0.275514584
v 0.126538795 0.0828205096 0.281445939
v 0.134454617 0.0665856771 0.286379625
v 0.126057252 0.0815039134 0.289584574
v 0.131323636 0.0657534863 0.285560386
v 0.131487976 0.0677083133 0.275598738
v 0.13364727 0.0678468551 0.271947637
v 0.124472178 0.0817513767 0.278189258
v 0.11623055 0.0959301057 0.287183665
v 0.114336868 0.0945857977 0.284638741
v 0.12533016 0.0797220182 0.292414412
v 0.116363358 0.0949737107 0.295185417
v 0.123044749 0.0787293176 0.291523196
v 0.123825345 0.0811924398 0.281994466
v 0.11366424 0.0929118697 0.287837618
v 0.102752157 0.105172077 0.292473214
v 0.1015655 0.104286383 0.290983795
v 0.10140881 0.102115621 0.293052169
v 0.116138831 0.0928191927 0.298107507
v 0.103458228 0.104902639 0.299911241
v 0.113481748 0.0913134207 0.295729895
v 0.102038445 0.100781826 0.302059719
v 0.0881482581 0.112633114 0.297204113
v 0.086853637 0.111355684 0.295669068
v 0.0878855112 0.108564844 0.298832439
v 0.0886680179 0.107353346 0.307081607
v 0.103920662 0.102374545 0.30400644
v 0.0892021074 0.112502217 0.304674594
v 0.0898890702 0.109140018 0.308953299
v 0.0725707636 0.115229987 0.302928635
v 0.0711204053 0.114221042 0.300861288
v 0.0733542242 0.112008245 0.304193995
v 0.0744052082 0.110619993 0.312530369
v 0.0751896244 0.113620077 0.313063666
v 0.0734822537 0.115716314 0.308873194
v 0.0562738234 0.114770426 0.306401275
v 0.0552505462 0.113139487 0.306123462
v 0.0581789701 0.11220412 0.308479802
v 0.0595662694 0.111124473 0.316969254
v 0.0597879314 0.113408925 0.317520832
v 0.0580624065 0.115592109 0.314828904
v 0.0414253292 0.111075739 0.313889009
v 0.0396768752 0.10921072 0.31099632
v 0.0435129652 0.108793194 0.313284702
v 0.0450235162 0.108298274 0.321614972
v 0.0444693612 0.111673842 0.322141199
v 0.0427753662 0.112184999 0.320311085
v 0.0268109192 0.10464563 0.317200443
v 0.0252497282 0.102528371 0.316831374
v 0.0304301242 0.102387921 0.319227237
v 0.0311065782 0.102851312 0.326209021
v 0.0301826682 0.106111275 0.32754941
v 0.0279345162 0.106341532 0.325222471
v 0.0132226512 0.0970259907 0.324190324
v 0.0113987172 0.0938138017 0.321732607
v 0.0179406132 0.0938921487 0.324931482
v 0.0185912692 0.0953042897 0.332438465
v 0.0167319812 0.0980368507 0.332396886
v 0.0144580352 0.0977234627 0.330620529
v 0.000655747206 0.086055635 0.328244941
v -0.000530906794 0.0822654025 0.326342851
v 0.00580366021 0.0844332957 0.329625881
v 0.00697693821 0.0855110278 0.337253519
v 0.00423865021 0.0883974139 0.337277844
v 0.00201056221 0.0873655397 0.335785373
v -0.00943752079 0.072995719 0.333533493
v -0.00972701979 0.0680016345 0.330746261
v -0.00295867779 0.0716217969 0.334710651
v -0.00273606579 0.0734495572 0.341808013
v -0.00450553879 0.0746266576 0.341185456
v -0.00762122879 0.0736081592 0.340176606
v -0.0138220338 0.0564121472 0.337666191
v -0.0108267268 0.0516492814 0.337059859
v -0.00732217679 0.0558388877 0.338095058
v -0.00702980979 0.0579895825 0.346047164
v -0.0110818358 0.059199165 0.344447213
v -0.0110407468 0.0572032567 0.345032241
v -0.0117535098 0.0396384452 0.344643894
v -0.00942509879 0.0347150624 0.343354209
v -0.00554888079 0.0393890741 0.342081747
v -0.00593678679 0.0416993283 0.349515726
v -0.00894833179 0.0430875837 0.350349167
v -0.0100012278 0.0398285754 0.349636381
v -0.00583551079 0.0260826594 0.349386972
v -0.00303989379 0.0253956984 0.343563067
v 0.00169908921 0.0243733773 0.343568144
v -0.000114334794 0.026343495 0.351271838
v -0.00209114379 0.0278483136 0.353225629
v -0.00359213979 0.0265680258 0.353367588
v 0.00611608821 0.011216969 0.34778702
v 0.00602627621 0.00883314771 0.340988774
v 0.0107986992 0.0109542238 0.340388517
v 0.0107862802 0.0144482682 0.352464195
v 0.00806040821 0.0143297936 0.35338886
v 0.00636737021 0.0123052152 0.351412769
v 0.14302969 0.0804930604 0.254849073
v 0.144044366 0.0790264615 0.244321661
v 0.132571439 0.0936112487 0.246663784
v 0.141657676 0.0792060847 0.257911081
v 0.132879097 0.0949584197 0.258439333
v 0.140187254 0.0783308976 0.257373706
v 0.139533733 0.0752276297 0.245313257
v 0.138947091 0.0740524371 0.240490104
v 0.130162781 0.0900101997 0.242774438
v 0.11937586 0.104671427 0.252909469
v 0.118776799 0.102618186 0.249160027
v 0.132389908 0.0933303497 0.26113531
v 0.118671701 0.103311835 0.263765399
v 0.131514728 0.0929319367 0.262829554
v 0.129400338 0.0896815279 0.248713921
v 0.119288914 0.0990257287 0.258494086
v 0.104030537 0.112862418 0.256599082
v 0.104012385 0.111177022 0.25336674
v 0.104989799 0.10661957 0.263954994
v 0.118961199 0.101805108 0.265293359
v 0.104054424 0.111832444 0.266778728
v 0.117443959 0.101116236 0.263907342
v 0.102904075 0.10829732 0.2677237
v 0.0883832959 0.118398226 0.263218897
v 0.089038727 0.116565704 0.260914289
v 0.0904938632 0.112926428 0.270238179
v 0.0885084584 0.113986969 0.273713872
v 0.104919097 0.109482059 0.268451685
v 0.0890196189 0.117230679 0.27304064
v 0.090678263 0.115119165 0.274089014
v 0.0724847738 0.121680164 0.270602172
v 0.0739026469 0.120237455 0.269216155
v 0.0754905883 0.115703885 0.277564706
v 0.073563466 0.11624467 0.28024343
v 0.0762052576 0.117529731 0.281075874
v 0.0739083792 0.120049239 0.280726054
v 0.0565461234 0.120441915 0.278286587
v 0.0582792914 0.119918343 0.276852919
v 0.0603678832 0.115057062 0.285005785
v 0.0590426883 0.115381912 0.288599082
v 0.0617523161 0.117860318 0.288777512
v 0.0586528685 0.119369913 0.288761286
v 0.0410049352 0.117305211 0.286831819
v 0.0426578472 0.115924604 0.28389858
v 0.0452088712 0.111805692 0.291721902
v 0.0445735042 0.111701548 0.296294647
v 0.0472936432 0.114988268 0.295920503
v 0.0433151892 0.116044979 0.295773497
v 0.0253280752 0.110478589 0.291903385
v 0.0270755772 0.109970294 0.289245934
v 0.0297641842 0.106399819 0.294864
v 0.0301215192 0.105995669 0.302557541
v 0.0325406912 0.110491004 0.30108435
v 0.0285555522 0.109524101 0.301818408
v 0.0107958332 0.101649368 0.298291014
v 0.0126178562 0.101436309 0.295209742
v 0.0156972412 0.0980034077 0.299912268
v 0.0163364292 0.0975438387 0.307412149
v 0.0192428792 0.102491112 0.307128263
v 0.0142755462 0.101204136 0.306993405
v -0.00261376879 0.0898162471 0.302787703
v -0.000394279794 0.0902824997 0.300859265
v 0.00272809421 0.0881289365 0.306024108
v 0.00353926421 0.0876168185 0.312899437
v 0.00618678921 0.0934383177 0.312155227
v 0.00117073321 0.0910325207 0.312550645
v -0.0134866778 0.0751750803 0.306765268
v -0.0114745178 0.0757836978 0.303599841
v -0.00849354679 0.0753709481 0.308712985
v -0.00611067979 0.0733530577 0.314654492
v -0.00392463379 0.0807825589 0.316486631
v -0.0107235428 0.0781512744 0.313562516
v -0.0152819488 0.057153569 0.312681423
v -0.0139605758 0.058835142 0.310063526
v -0.0116961838 0.0587185823 0.313796727
v -0.0104177998 0.0565468664 0.318930146
v -0.00936395079 0.0647158817 0.320464195
v -0.0139997498 0.0618409565 0.320650753
v -0.0132898558 0.0390030761 0.320477369
v -0.0113264228 0.0426213272 0.319709862
v -0.00874195679 0.0414384928 0.319894395
v -0.00852889779 0.0404744551 0.327450026
v -0.00859290879 0.0481581041 0.327485531
v -0.0130376158 0.0435251737 0.32535328
v -0.00549059479 0.0276237864 0.322964487
v -0.00382717379 0.0267763119 0.32116583
v -0.00246949579 0.0245014086 0.321373691
v -0.00228318879 0.0238249546 0.330339663
v -0.00576576279 0.0317379108 0.3331847
v -0.00725815979 0.0282400456 0.330125728
v 0.00207458021 0.00924971831 0.322867158
v 0.00527147821 0.0110688757 0.318983902
v 0.00767058721 0.010497524 0.322670477
v 0.00849609021 0.012052025 0.326422956
v 0.00144971821 0.0170527975 0.332247857
v 0.00112964521 0.0117434166 0.328496376
f 1 2 3
f 4 5 1
f 1 3 6
f 4 1 6
f 5 2 1
f 5 7 2
f 7 3 2
f 3 8 9
f 7 10 3
f 3 9 6
f 10 8 3
f 11 4 6
f 12 13 4
f 4 11 12
f 13 5 4
f 13 14 5
f 14 7 5
f 11 6 9
f 14 15 7
f 15 10 7
f 10 16 8
f 16 9 8
f 16 11 9
f 15 17 10
f 17 16 10
f 18 12 11
f 18 11 16
f 19 20 12
f 19 12 18
f 20 13 12
f 20 21 13
f 21 14 13
f 21 22 14
f 22 15 14
f 22 23 15
f 23 17 15
f 17 18 16
f 23 24 17
f 24 18 17
f 24 19 18
f 25 26 19
f 25 19 24
f 26 20 19
f 26 27 20
f 27 21 20
f 27 28 21
f 28 22 21
f 28 29 22
f 29 23 22
f 29 30 23
f 30 24 23
f 30 25 24
f 31 32 25
f 31 25 30
f 32 26 25
f 32 33 26
f 33 27 26
f 33 34 27
f 34 28 27
f 34 35 28
f 35 29 28
f 35 36 29
f 36 30 29
f 36 31 30
f 37 38 31
f 38 32 31
f 37 31 36
f 38 39 32
f 39 33 32
f 39 40 33
f 40 34 33
f 40 41 34
f 41 35 34
f 41 42 35
f 42 36 35
f 42 37 36
f 43 44 37
f 43 37 42
f 44 38 37
f 44 45 38
f 39 38 45
f 45 46 39
f 46 40 39
f 46 47 40
f 47 41 40
f 47 48 41
f 48 42 41
f 48 43 42
f 49 50 43
f 49 43 48
f 50 44 43
f 50 51 44
f 51 45 44
f 51 52 45
f 52 46 45
f 52 53 46
f 53 47 46
f 53 54 47
f 54 48 47
f 54 49 48
f 55 56 49
f 55 49 54
f 56 50 49
f 57 50 56
f 57 51 50
f 57 58 51
f 58 52 51
f 58 59 52
f 59 53 52
f 59 60 53
f 60 54 53
f 60 55 54
f 61 62 55
f 61 55 60
f 62 56 55
f 62 63 56
f 57 56 63
f 63 64 57
f 64 58 57
f 64 65 58
f 65 59 58
f 65 66 59
f 66 60 59
f 66 61 60
f 67 68 61
f 67 61 66
f 68 62 61
f 68 69 62
f 69 63 62
f 69 70 63
f 64 63 70
f 70 71 64
f 71 65 64
f 71 72 65
f 72 66 65
f 72 67 66
f 73 74 67
f 74 68 67
f 73 67 72
f 74 75 68
f 75 69 68
f 75 76 69
f 76 70 69
f 76 77 70
f 77 71 70
f 77 78 71
f 78 72 71
f 78 73 72
f 79 80 73
f 79 73 78
f 80 74 73
f 80 81 74
f 81 75 74
f 81 82 75
f 82 76 75
f 82 83 76
f 83 77 76
f 83 84 77
f 84 78 77
f 84 79 78
f 85 86 79
f 85 79 84
f 86 80 79
f 86 87 80
f 87 81 80
f 87 88 81
f 88 82 81
f 88 89 82
f 89 83 82
f 89 90 83
f 90 84 83
f 90 85 84
f 91 92 85
f 91 85 90
f 92 86 85
f 92 93 86
f 93 87 86
f 93 94 87
f 94 88 87
f 94 95 88
f 95 89 88
f 95 96 89
f 96 90 89
f 96 91 90
f 91 96 95
f 92 91 95
f 92 94 93
f 92 95 94
f 97 98 99
f 98 97 100
f 97 101 102
f 97 99 101
f 97 102 100
f 99 98 103
f 98 100 103
f 99 104 101
f 104 99 105
f 99 103 105
f 103 100 106
f 100 102 107
f 100 107 106
f 104 108 101
f 101 108 109
f 101 109 102
f 102 109 110
f 102 110 107
f 105 103 111
f 103 106 111
f 108 104 112
f 104 105 112
f 112 105 113
f 105 111 113
f 111 106 114
f 106 107 115
f 106 115 114
f 107 110 116
f 107 116 115
f 108 112 109
f 109 112 117
f 109 117 110
f 110 117 118
f 110 118 116
f 113 111 119
f 111 114 119
f 112 113 117
f 117 113 120
f 113 119 120
f 119 114 121
f 114 115 122
f 114 122 121
f 115 116 123
f 115 123 122
f 116 118 124
f 116 124 123
f 117 120 118
f 118 120 125
f 118 125 124
f 120 119 126
f 119 121 126
f 120 126 125
f 126 121 127
f 121 122 128
f 121 128 127
f 122 123 129
f 129 128 122
f 123 124 130
f 123 130 129
f 124 125 131
f 124 131 130
f 125 126 132
f 125 132 131
f 126 127 132
f 132 127 133
f 127 128 134
f 127 134 133
f 128 129 135
f 128 135 134
f 129 130 136
f 129 136 135
f 130 131 137
f 130 137 136
f 131 132 138
f 131 138 137
f 132 133 138
f 138 133 139
f 133 134 140
f 133 140 139
f 134 135 141
f 134 141 140
f 135 136 142
f 135 142 141
f 136 137 143
f 136 143 142
f 137 138 144
f 137 144 143
f 138 139 144
f 144 139 145
f 139 140 146
f 139 146 145
f 141 147 140
f 140 147 146
f 141 142 148
f 141 148 147
f 142 143 149
f 142 149 148
f 144 150 143
f 143 150 149
f 144 145 150
f 150 145 151
f 145 146 152
f 145 152 151
f 146 147 153
f 146 153 152
f 147 148 154
f 147 154 153
f 148 149 155
f 148 155 154
f 150 156 149
f 149 156 155
f 150 151 156
f 156 151 157
f 151 152 158
f 151 158 157
f 152 153 159
f 152 159 158
f 153 154 160
f 153 160 159
f 154 155 161
f 154 161 160
f 155 156 162
f 155 162 161
f 156 157 162
f 162 157 163
f 157 158 164
f 157 164 163
f 158 159 165
f 158 165 164
f 159 160 166
f 159 166 165
f 160 161 167
f 160 167 166
f 161 162 168
f 161 168 167
f 162 163 168
f 168 163 169
f 163 164 170
f 163 170 169
f 164 165 171
f 164 171 170
f 165 166 172
f 165 172 171
f 166 167 173
f 166 173 172
f 167 168 174
f 167 174 173
f 168 169 174
f 174 169 175
f 169 170 176
f 169 176 175
f 170 171 177
f 170 177 176
f 171 172 178
f 171 178 177
f 172 173 179
f 172 179 178
f 173 174 180
f 173 180 179
f 174 175 180
f 180 175 181
f 175 176 182
f 175 182 181
f 176 177 183
f 176 183 182
f 177 178 184
f 177 184 183
f 178 179 185
f 178 185 184
f 179 180 186
f 179 186 185
f 180 181 186
f 187 181 182
f 188 181 187
f 189 186 181
f 188 189 181
f 182 183 190
f 182 190 191
f 191 187 182
f 183 184 192
f 183 192 190
f 184 185 193
f 184 193 192
f 185 186 189
f 185 189 193
f 188 187 191
f 189 188 193
f 193 188 191
f 193 191 190
f 193 190 192
f 194 195 196
f 194 196 197
f 198 195 194
f 198 194 199
f 199 194 197
f 200 201 195
f 200 195 198
f 201 202 195
f 196 195 202
f 197 196 202
f 202 203 197
f 199 197 203
f 204 200 198
f 204 198 205
f 205 198 199
f 206 205 199
f 206 199 203
f 207 208 200
f 207 200 204
f 208 201 200
f 208 209 201
f 209 210 201
f 201 210 202
f 210 211 202
f 202 211 203
f 211 206 203
f 212 207 204
f 212 204 213
f 213 204 205
f 213 205 206
f 214 213 206
f 214 206 211
f 215 216 207
f 215 207 212
f 216 208 207
f 216 217 208
f 217 209 208
f 217 218 209
f 218 219 209
f 209 219 210
f 219 214 210
f 210 214 211
f 220 215 212
f 220 212 221
f 221 212 213
f 221 213 214
f 219 221 214
f 222 223 215
f 222 215 220
f 223 216 215
f 223 224 216
f 224 217 216
f 224 225 217
f 225 218 217
f 225 226 218
f 226 227 218
f 218 227 219
f 227 221 219
f 228 222 220
f 228 220 227
f 227 220 221
f 229 230 222
f 229 222 228
f 230 223 222
f 230 231 223
f 231 224 223
f 231 232 224
f 232 225 224
f 232 233 225
f 233 226 225
f 233 234 226
f 234 228 226
f 228 227 226
f 229 228 234
f 235 236 229
f 236 230 229
f 235 229 234
f 236 237 230
f 237 231 230
f 237 238 231
f 238 232 231
f 238 239 232
f 239 233 232
f 239 240 233
f 240 234 233
f 240 235 234
f 241 242 235
f 241 235 240
f 242 236 235
f 242 243 236
f 243 237 236
f 243 244 237
f 244 238 237
f 244 245 238
f 245 239 238
f 245 246 239
f 246 240 239
f 246 241 240
f 247 248 241
f 247 241 246
f 248 242 241
f 248 249 242
f 249 243 242
f 249 250 243
f 250 244 243
f 250 251 244
f 251 245 244
f 251 252 245
f 252 246 245
f 252 247 246
f 253 254 247
f 253 247 252
f 254 248 247
f 254 255 248
f 255 249 248
f 255 256 249
f 256 250 249
f 256 257 250
f 257 251 250
f 257 258 251
f 258 252 251
f 258 253 252
f 259 260 253
f 259 253 258
f 260 254 253
f 260 261 254
f 261 255 254
f 261 262 255
f 262 256 255
f 262 263 256
f 263 257 256
f 263 264 257
f 264 258 257
f 264 259 258
f 265 266 259
f 259 264 265
f 266 260 259
f 266 267 260
f 267 261 260
f 267 268 261
f 268 262 261
f 268 269 262
f 269 263 262
f 269 270 263
f 270 264 263
f 270 265 264
f 271 272 265
f 272 266 265
f 271 265 270
f 272 273 266
f 273 267 266
f 273 274 267
f 274 268 267
f 274 275 268
f 275 269 268
f 275 276 269
f 276 270 269
f 276 271 270
f 277 278 271
f 278 272 271
f 277 271 276
f 278 279 272
f 279 273 272
f 279 280 273
f 280 274 273
f 280 281 274
f 281 275 274
f 281 282 275
f 282 276 275
f 282 277 276
f 283 284 277
f 283 277 282
f 284 278 277
f 284 285 278
f 285 279 278
f 285 286 279
f 286 280 279
f 286 287 280
f 287 281 280
f 287 288 281
f 288 282 281
f 288 283 282
f 285 283 286
f 285 284 283
f 283 288 287
f 287 286 283
f 289 290 291
f 292 293 289
f 289 291 294
f 292 289 294
f 293 290 289
f 290 295 296
f 293 297 290
f 290 296 291
f 297 295 290
f 298 299 291
f 294 291 299
f 298 291 296
f 292 299 300
f 294 299 292
f 292 300 301
f 301 293 292
f 301 302 293
f 302 297 293
f 297 303 295
f 303 296 295
f 303 298 296
f 302 304 297
f 304 303 297
f 305 306 298
f 306 299 298
f 305 298 303
f 306 300 299
f 307 308 300
f 301 300 308
f 307 300 306
f 301 308 309
f 309 302 301
f 309 310 302
f 310 304 302
f 304 305 303
f 310 311 304
f 311 305 304
f 311 312 305
f 312 306 305
f 312 307 306
f 313 314 307
f 314 308 307
f 313 307 312
f 314 315 308
f 309 308 315
f 309 315 316
f 316 310 309
f 316 317 310
f 317 311 310
f 317 318 311
f 318 312 311
f 318 313 312
f 319 320 313
f 319 313 318
f 320 314 313
f 320 321 314
f 321 315 314
f 321 322 315
f 316 315 322
f 316 322 323
f 323 317 316
f 323 324 317
f 324 318 317
f 324 319 318
f 325 326 319
f 325 319 324
f 326 320 319
f 326 327 320
f 327 321 320
f 327 328 321
f 328 322 321
f 328 329 322
f 323 322 329
f 323 329 330
f 330 324 323
f 330 325 324
f 331 332 325
f 331 325 330
f 332 326 325
f 332 333 326
f 333 327 326
f 333 334 327
f 334 328 327
f 334 335 328
f 335 329 328
f 335 336 329
f 330 329 336
f 330 336 331
f 331 336 337
f 331 337 338
f 338 332 331
f 338 339 332
f 339 333 332
f 339 340 333
f 340 334 333
f 340 341 334
f 341 335 334
f 341 342 335
f 342 336 335
f 342 337 336
f 343 344 337
f 338 337 344
f 343 337 342
f 338 344 345
f 345 339 338
f 345 346 339
f 346 340 339
f 346 347 340
f 347 341 340
f 347 348 341
f 348 342 341
f 348 343 342
f 349 350 343
f 350 344 343
f 349 343 348
f 350 351 344
f 345 344 351
f 345 351 352
f 352 346 345
f 352 353 346
f 353 347 346
f 353 354 347
f 354 348 347
f 349 348 354
f 355 349 356
f 356 349 354
f 355 350 349
f 355 357 350
f 357 351 350
f 357 358 351
f 351 358 352
f 352 358 359
f 359 353 352
f 359 360 353
f 360 354 353
f 360 356 354
f 361 355 356
f 361 362 355
f 362 357 355
f 363 361 356
f 363 356 360
f 362 364 357
f 364 358 357
f 364 365 358
f 359 358 365
f 359 365 366
f 366 360 359
f 366 363 360
f 367 361 363
f 367 368 361
f 368 362 361
f 368 369 362
f 369 364 362
f 370 367 363
f 370 363 366
f 369 371 364
f 371 365 364
f 371 372 365
f 366 365 372
f 366 372 370
f 373 367 370
f 373 368 367
f 373 374 368
f 374 369 368
f 374 375 369
f 375 371 369
f 370 372 376
f 370 376 373
f 375 377 371
f 377 372 371
f 377 376 372
f 373 376 378
f 378 374 373
f 379 375 374
f 379 374 378
f 377 375 379
f 380 381 376
f 376 381 378
f 380 376 377
f 379 380 377
f 379 378 380
f 378 381 380
f 382 383 384
f 385 386 382
f 386 383 382
f 387 382 384
f 388 385 382
f 388 382 387
f 383 389 384
f 390 389 383
f 390 383 391
f 391 383 386
f 384 389 392
f 393 384 392
f 387 384 393
f 385 394 395
f 386 385 395
f 396 394 385
f 396 385 388
f 391 386 397
f 397 386 395
f 393 398 387
f 387 398 399
f 387 399 388
f 388 399 400
f 388 400 396
f 389 401 392
f 402 401 389
f 402 389 390
f 403 402 390
f 403 390 404
f 404 390 391
f 404 391 398
f 398 391 397
f 392 401 405
f 406 392 405
f 393 392 406
f 406 404 393
f 393 404 398
f 407 395 394
f 408 407 394
f 409 408 394
f 409 394 396
f 397 395 410
f 410 395 407
f 396 400 411
f 396 411 409
f 398 397 399
f 399 397 410
f 399 410 400
f 400 410 412
f 400 412 411
f 401 413 405
f 414 413 401
f 414 401 402
f 415 414 402
f 415 402 403
f 416 415 403
f 416 403 406
f 406 403 404
f 417 418 405
f 417 405 413
f 416 405 418
f 406 405 416
f 419 407 408
f 410 407 412
f 412 407 419
f 420 419 408
f 421 420 408
f 421 408 409
f 409 411 422
f 409 422 421
f 411 412 423
f 411 423 422
f 412 419 423
f 424 417 413
f 424 413 414
f 425 424 414
f 425 414 415
f 426 425 415
f 426 415 416
f 416 418 426
f 427 428 417
f 427 417 424
f 417 428 429
f 418 417 429
f 426 418 429
f 423 419 430
f 419 420 430
f 420 431 430
f 432 431 420
f 432 420 421
f 421 422 433
f 421 433 432
f 422 423 430
f 422 430 433
f 434 427 424
f 434 424 425
f 435 434 425
f 435 425 426
f 426 429 435
f 436 437 427
f 437 428 427
f 436 427 434
f 437 438 428
f 428 438 429
f 435 429 439
f 438 439 429
f 433 430 440
f 441 440 430
f 441 430 431
f 442 441 431
f 442 431 432
f 432 433 443
f 432 443 442
f 433 440 443
f 444 436 434
f 444 434 435
f 435 439 444
f 445 446 436
f 446 437 436
f 445 436 444
f 446 447 437
f 447 438 437
f 447 448 438
f 439 438 448
f 444 439 449
f 449 439 448
f 443 440 450
f 451 450 440
f 451 440 441
f 452 451 441
f 452 441 442
f 442 443 453
f 442 453 452
f 443 450 453
f 444 449 445
f 454 446 445
f 445 455 454
f 445 449 455
f 454 456 446
f 456 447 446
f 456 457 447
f 457 448 447
f 457 458 448
f 448 458 449
f 458 455 449
f 451 453 450
f 451 452 453
f 454 457 456
f 454 455 457
f 455 458 457
f 459 460 461
f 462 463 459
f 462 459 464
f 463 465 459
f 464 459 461
f 459 465 460
f 460 466 461
f 465 467 460
f 460 467 468
f 460 468 466
f 466 469 461
f 464 461 470
f 471 470 461
f 461 472 473
f 461 473 471
f 461 469 474
f 474 472 461
f 475 476 462
f 476 463 462
f 475 462 477
f 477 462 464
f 478 463 476
f 478 479 463
f 463 479 465
f 477 464 480
f 480 464 470
f 479 481 465
f 465 481 467
f 469 466 482
f 466 468 483
f 466 483 482
f 481 473 467
f 467 473 472
f 467 472 468
f 468 472 484
f 468 484 483
f 483 474 469
f 483 469 482
f 480 470 471
f 471 473 485
f 471 485 480
f 474 484 472
f 481 485 473
f 483 484 474
f 486 487 475
f 475 487 488
f 488 476 475
f 486 475 477
f 489 478 476
f 489 476 490
f 488 490 476
f 477 491 486
f 480 491 477
f 489 492 478
f 478 492 479
f 492 493 479
f 479 493 481
f 480 485 491
f 493 485 481
f 493 491 485
f 494 487 486
f 494 486 495
f 495 486 491
f 496 497 487
f 496 487 494
f 488 487 497
f 488 497 498
f 498 490 488
f 499 489 490
f 500 489 499
f 489 500 492
f 501 499 490
f 498 501 490
f 495 491 493
f 500 495 492
f 492 495 493
f 502 496 494
f 502 494 500
f 500 494 495
f 503 504 496
f 503 496 502
f 504 497 496
f 504 505 497
f 498 497 505
f 498 505 506
f 506 501 498
f 507 508 499
f 507 499 501
f 508 502 499
f 499 502 500
f 506 507 501
f 508 503 502
f 509 510 503
f 509 503 508
f 510 504 503
f 510 511 504
f 511 505 504
f 511 512 505
f 506 505 512
f 506 512 513
f 513 507 506
f 513 514 507
f 514 508 507
f 514 509 508
f 515 516 509
f 515 509 514
f 516 510 509
f 516 517 510
f 517 511 510
f 517 518 511
f 518 512 511
f 518 519 512
f 513 512 519
f 513 519 520
f 520 514 513
f 520 515 514
f 521 522 515
f 522 516 515
f 521 515 520
f 522 523 516
f 523 517 516
f 523 524 517
f 524 518 517
f 524 525 518
f 525 519 518
f 525 526 519
f 520 519 526
f 520 526 521
f 521 527 528
f 528 522 521
f 521 526 527
f 528 529 522
f 529 523 522
f 529 530 523
f 530 524 523
f 530 531 524
f 531 525 524
f 531 532 525
f 532 526 525
f 532 527 526
f 533 534 527
f 528 527 534
f 533 527 532
f 528 534 535
f 535 529 528
f 535 536 529
f 536 530 529
f 536 537 530
f 537 531 530
f 537 538 531
f 538 532 531
f 538 533 532
f 539 540 533
f 539 533 538
f 540 534 533
f 540 541 534
f 535 534 541
f 535 541 542
f 542 536 535
f 542 543 536
f 543 537 536
f 543 544 537
f 544 538 537
f 544 539 538
f 545 546 539
f 545 539 544
f 546 540 539
f 546 547 540
f 547 541 540
f 547 548 541
f 542 541 548
f 542 548 549
f 549 543 542
f 549 550 543
f 550 544 543
f 550 545 544
f 549 548 545
f 549 545 550
f 548 546 545
f 548 547 546
f 551 552 553
f 554 555 551
f 555 552 551
f 554 551 553
f 552 556 553
f 552 557 556
f 555 558 552
f 558 557 552
f 553 556 559
f 553 559 554
f 554 559 560
f 561 555 554
f 554 560 561
f 561 562 555
f 562 558 555
f 556 557 559
f 558 563 557
f 557 563 559
f 562 564 558
f 564 563 558
f 560 559 563
f 561 560 565
f 560 566 565
f 566 560 563
f 567 562 561
f 561 565 567
f 567 568 562
f 568 564 562
f 564 566 563
f 568 569 564
f 569 566 564
f 567 565 570
f 566 571 565
f 570 565 571
f 569 571 566
f 572 568 567
f 567 570 572
f 573 569 568
f 572 573 568
f 573 574 569
f 574 571 569
f 572 570 575
f 576 570 571
f 570 576 575
f 574 576 571
f 577 573 572
f 572 575 577
f 578 574 573
f 577 578 573
f 578 579 574
f 579 576 574
f 577 575 580
f 576 581 575
f 580 575 581
f 579 581 576
f 582 578 577
f 577 580 582
f 583 579 578
f 582 583 578
f 583 584 579
f 584 581 579
f 582 580 585
f 586 585 580
f 587 586 580
f 587 580 581
f 584 587 581
f 588 583 582
f 582 585 588
f 589 584 583
f 588 589 583
f 589 590 584
f 590 587 584
f 588 585 591
f 586 592 585
f 592 591 585
f 590 586 587
f 593 586 590
f 593 592 586
f 594 589 588
f 588 591 594
f 595 590 589
f 594 595 589
f 595 593 590
f 594 591 596
f 597 596 591
f 592 597 591
f 598 592 593
f 598 597 592
f 599 598 593
f 599 593 595
f 600 595 594
f 594 596 600
f 600 599 595
f 600 596 601
f 602 601 596
f 597 602 596
f 603 597 598
f 603 602 597
f 604 603 598
f 604 598 599
f 605 604 599
f 605 599 600
f 600 601 605
f 605 601 606
f 607 608 601
f 606 601 608
f 602 607 601
f 609 602 603
f 609 607 602
f 610 609 603
f 610 603 604
f 611 610 604
f 611 604 605
f 605 606 611
f 611 606 612
f 612 606 608
f 613 607 609
f 613 608 607
f 614 608 613
f 614 615 608
f 608 615 612
f 616 613 609
f 616 609 610
f 617 616 610
f 617 610 611
f 611 612 617
f 617 612 618
f 615 618 612
f 619 614 613
f 619 613 616
f 620 621 614
f 621 615 614
f 620 614 619
f 621 622 615
f 615 622 618
f 623 619 616
f 623 616 617
f 617 618 623
f 623 618 624
f 622 624 618
f 625 620 619
f 625 619 623
f 626 621 620
f 627 626 620
f 627 620 625
f 626 628 621
f 628 622 621
f 628 629 622
f 629 630 622
f 630 624 622
f 623 624 625
f 630 631 624
f 631 625 624
f 625 631 627
f 630 626 627
f 630 628 626
f 631 630 627
f 628 630 629
f 632 633 634
f 635 636 632
f 635 632 637
f 636 638 632
f 637 632 634
f 632 638 633
f 633 639 640
f 638 639 633
f 633 640 641
f 634 633 641
f 634 641 642
f 643 634 642
f 637 634 643
f 644 645 635
f 644 635 646
f 645 636 635
f 646 635 637
f 645 647 636
f 647 648 636
f 636 648 638
f 646 637 649
f 649 637 643
f 648 650 638
f 638 650 639
f 639 651 640
f 639 652 651
f 650 652 639
f 640 653 654
f 640 651 653
f 641 640 654
f 641 654 655
f 642 641 655
f 643 642 656
f 642 655 657
f 656 642 657
f 658 643 656
f 649 643 658
f 659 660 644
f 659 644 661
f 660 645 644
f 661 644 646
f 660 662 645
f 662 647 645
f 661 646 663
f 663 646 649
f 662 664 647
f 664 665 647
f 647 665 648
f 665 666 648
f 648 666 650
f 663 649 650
f 650 649 658
f 666 663 650
f 650 658 652
f 652 667 651
f 651 668 653
f 651 667 668
f 652 658 667
f 657 653 668
f 657 654 653
f 657 655 654
f 658 656 667
f 656 657 669
f 667 656 669
f 657 668 669
f 670 671 659
f 670 659 672
f 671 660 659
f 672 659 661
f 671 673 660
f 673 662 660
f 672 661 674
f 674 661 663
f 673 675 662
f 675 664 662
f 674 663 666
f 675 676 664
f 676 677 664
f 664 677 665
f 677 674 665
f 665 674 666
f 667 669 668
f 678 679 670
f 679 671 670
f 678 670 680
f 680 670 672
f 679 681 671
f 681 673 671
f 680 672 677
f 677 672 674
f 681 682 673
f 682 675 673
f 682 683 675
f 683 676 675
f 683 684 676
f 684 680 676
f 676 680 677
f 685 686 678
f 685 678 684
f 686 679 678
f 684 678 680
f 686 687 679
f 687 681 679
f 687 688 681
f 688 682 681
f 688 689 682
f 689 683 682
f 689 690 683
f 690 684 683
f 690 685 684
f 691 692 685
f 691 685 690
f 692 686 685
f 692 693 686
f 693 687 686
f 693 694 687
f 694 688 687
f 694 695 688
f 695 689 688
f 695 696 689
f 696 690 689
f 696 691 690
f 697 698 691
f 697 691 696
f 698 692 691
f 698 699 692
f 699 693 692
f 699 700 693
f 700 694 693
f 700 701 694
f 701 695 694
f 701 702 695
f 702 696 695
f 702 697 696
f 703 704 697
f 703 697 702
f 704 698 697
f 704 705 698
f 705 699 698
f 705 706 699
f 706 700 699
f 706 707 700
f 707 701 700
f 707 708 701
f 708 702 701
f 708 703 702
f 709 710 703
f 709 703 708
f 710 704 703
f 710 711 704
f 711 705 704
f 711 712 705
f 712 706 705
f 713 706 712
f 713 707 706
f 713 714 707
f 714 708 707
f 714 709 708
f 715 716 709
f 716 710 709
f 715 709 714
f 716 717 710
f 717 711 710
f 717 718 711
f 718 712 711
f 718 719 712
f 713 712 719
f 719 720 713
f 720 714 713
f 720 715 714
f 721 722 715
f 722 716 715
f 721 715 720
f 722 723 716
f 723 717 716
f 723 724 717
f 724 718 717
f 724 725 718
f 725 719 718
f 725 726 719
f 726 720 719
f 726 721 720
f 726 722 721
f 722 726 725
f 722 725 724
f 722 724 723
f 727 728 729
f 727 729 730
f 728 727 731
f 731 727 732
f 727 733 732
f 727 730 733
f 729 728 734
f 728 735 734
f 728 731 735
f 730 729 736
f 729 734 736
f 730 736 733
f 731 732 735
f 735 732 737
f 732 738 737
f 732 733 738
f 733 739 738
f 733 736 739
f 736 734 740
f 734 741 740
f 734 735 741
f 735 737 741
f 736 740 739
f 741 737 742
f 737 743 742
f 737 738 743
f 738 744 743
f 738 739 744
f 739 745 744
f 739 740 745
f 740 741 746
f 740 746 745
f 741 742 746
f 746 742 747
f 742 748 747
f 742 743 748
f 743 749 748
f 743 744 749
f 744 750 749
f 744 745 750
f 745 751 750
f 745 746 751
f 746 747 751
f 747 748 752
f 747 752 753
f 751 747 753
f 748 754 752
f 748 749 754
f 749 755 754
f 749 750 755
f 750 756 755
f 750 751 756
f 751 753 756
f 752 754 757
f 752 757 758
f 753 752 758
f 756 753 759
f 753 758 759
f 754 760 757
f 754 755 760
f 755 761 760
f 755 756 761
f 756 759 761
f 757 760 762
f 757 762 763
f 758 757 763
f 759 758 764
f 758 763 764
f 761 759 765
f 759 764 765
f 760 766 762
f 760 761 766
f 761 765 766
f 762 766 767
f 762 767 768
f 763 762 768
f 763 768 769
f 764 763 769
f 765 764 770
f 764 769 770
f 766 765 771
f 765 770 771
f 766 771 767
f 767 771 772
f 767 772 773
f 768 767 773
f 768 773 774
f 769 768 774
f 770 769 775
f 769 774 775
f 771 770 776
f 770 775 776
f 776 772 771
f 772 776 773
f 776 774 773
f 776 775 774
f 777 778 779
f 780 777 781
f 782 783 777
f 777 779 781
f 783 778 777
f 782 777 780
f 783 784 778
f 778 785 786
f 778 786 779
f 784 785 778
f 779 786 787
f 779 787 781
f 785 780 787
f 788 782 780
f 788 780 785
f 780 781 787
f 789 790 782
f 789 782 788
f 790 783 782
f 790 791 783
f 791 784 783
f 791 792 784
f 784 788 785
f 792 788 784
f 785 787 786
f 792 789 788
f 793 794 789
f 793 789 792
f 794 790 789
f 794 795 790
f 795 791 790
f 795 796 791
f 796 792 791
f 796 793 792
f 797 798 793
f 797 793 796
f 798 794 793
f 798 799 794
f 799 795 794
f 799 800 795
f 800 796 795
f 800 797 796
f 801 802 797
f 802 798 797
f 801 797 800
f 802 803 798
f 803 799 798
f 803 804 799
f 804 800 799
f 804 801 800
f 805 806 801
f 805 801 804
f 806 802 801
f 806 807 802
f 807 803 802
f 807 808 803
f 808 804 803
f 808 805 804
f 809 810 805
f 809 805 808
f 810 806 805
f 810 811 806
f 811 807 806
f 811 812 807
f 812 808 807
f 812 809 808
f 813 814 809
f 813 809 812
f 814 810 809
f 814 815 810
f 815 811 810
f 815 816 811
f 816 812 811
f 816 813 812
f 817 818 813
f 818 814 813
f 817 813 816
f 818 819 814
f 819 815 814
f 819 820 815
f 820 816 815
f 820 817 816
f 821 822 817
f 821 817 820
f 822 818 817
f 822 823 818
f 823 819 818
f 823 824 819
f 824 820 819
f 824 821 820
f 825 826 821
f 825 821 824
f 826 822 821
f 826 827 822
f 827 823 822
f 827 828 823
f 828 824 823
f 828 825 824
f 829 830 825
f 825 828 829
f 830 826 825
f 830 831 826
f 831 827 826
f 831 832 827
f 832 828 827
f 832 829 828
f 833 834 829
f 834 830 829
f 833 829 832
f 834 835 830
f 835 831 830
f 835 836 831
f 836 832 831
f 836 833 832
f 837 838 833
f 837 833 836
f 838 834 833
f 838 839 834
f 839 835 834
f 839 840 835
f 840 836 835
f 840 837 836
f 837 840 839
f 837 839 838
f 841 842 843
f 844 841 845
f 846 847 841
f 845 841 843
f 841 847 842
f 844 846 841
f 847 848 842
f 843 842 848
f 845 843 849
f 843 848 849
f 850 844 851
f 852 846 844
f 851 844 845
f 850 852 844
f 851 845 853
f 853 845 849
f 854 855 846
f 846 855 847
f 852 854 846
f 855 853 847
f 847 853 848
f 853 849 848
f 856 850 857
f 858 852 850
f 857 850 851
f 856 858 850
f 857 851 855
f 855 851 853
f 859 854 852
f 858 859 852
f 860 857 854
f 854 857 855
f 859 860 854
f 861 856 860
f 862 858 856
f 860 856 857
f 861 862 856
f 863 859 858
f 862 863 858
f 864 860 859
f 863 864 859
f 864 861 860
f 865 861 864
f 866 862 861
f 865 866 861
f 867 863 862
f 866 867 862
f 868 864 863
f 867 868 863
f 868 865 864
f 869 865 868
f 870 866 865
f 869 870 865
f 871 867 866
f 870 871 866
f 872 868 867
f 871 872 867
f 872 869 868
f 873 869 872
f 874 870 869
f 873 874 869
f 875 871 870
f 874 875 870
f 876 872 871
f 875 876 871
f 876 873 872
f 877 873 876
f 878 874 873
f 877 878 873
f 879 875 874
f 878 879 874
f 880 876 875
f 879 880 875
f 880 877 876
f 881 877 880
f 882 878 877
f 881 882 877
f 883 879 878
f 882 883 878
f 884 880 879
f 883 884 879
f 884 881 880
f 885 881 884
f 886 882 881
f 885 886 881
f 887 883 882
f 886 887 882
f 888 884 883
f 887 888 883
f 888 885 884
f 889 885 888
f 890 886 885
f 889 890 885
f 891 887 886
f 890 891 886
f 892 888 887
f 891 892 887
f 892 889 888
f 893 889 892
f 894 890 889
f 893 894 889
f 895 891 890
f 894 895 890
f 896 892 891
f 895 896 891
f 896 893 892
f 897 893 896
f 898 894 893
f 897 898 893
f 899 895 894
f 898 899 894
f 900 896 895
f 899 900 895
f 900 897 896
f 901 897 900
f 902 898 897
f 901 902 897
f 903 898 902
f 898 903 899
f 903 904 899
f 905 900 899
f 904 905 899
f 905 901 900
f 901 905 904
f 902 901 904
f 904 903 902
f 906 907 908
f 909 906 910
f 911 912 906
f 906 908 910
f 912 907 906
f 911 906 909
f 912 913 907
f 907 914 915
f 907 915 908
f 913 914 907
f 908 915 916
f 917 910 908
f 917 908 916
f 918 909 919
f 920 911 909
f 920 909 918
f 909 910 919
f 917 919 910
f 921 922 911
f 921 911 920
f 922 912 911
f 922 923 912
f 923 913 912
f 923 924 913
f 913 925 914
f 924 925 913
f 914 926 916
f 914 916 915
f 925 926 914
f 926 917 916
f 926 918 917
f 918 919 917
f 927 920 918
f 927 918 926
f 928 921 920
f 928 920 927
f 929 930 921
f 929 921 928
f 930 922 921
f 930 931 922
f 931 923 922
f 931 932 923
f 932 924 923
f 932 933 924
f 924 934 925
f 933 934 924
f 925 927 926
f 934 927 925
f 934 928 927
f 935 929 928
f 935 928 934
f 936 937 929
f 936 929 935
f 937 930 929
f 937 938 930
f 938 931 930
f 938 939 931
f 939 932 931
f 939 940 932
f 940 933 932
f 940 941 933
f 933 935 934
f 941 935 933
f 941 936 935
f 942 943 936
f 942 936 941
f 937 936 943
f 943 944 937
f 944 938 937
f 944 945 938
f 945 939 938
f 945 946 939
f 946 940 939
f 946 947 940
f 947 941 940
f 947 942 941
f 948 949 942
f 948 942 947
f 949 943 942
f 949 950 943
f 950 944 943
f 950 951 944
f 951 945 944
f 951 952 945
f 952 946 945
f 952 953 946
f 953 947 946
f 953 948 947
f 954 955 948
f 955 949 948
f 954 948 953
f 955 956 949
f 956 950 949
f 956 957 950
f 957 951 950
f 957 958 951
f 958 952 951
f 958 959 952
f 959 953 952
f 959 954 953
f 960 961 954
f 960 954 959
f 961 955 954
f 961 962 955
f 962 956 955
f 962 963 956
f 963 957 956
f 963 964 957
f 964 958 957
f 964 965 958
f 965 959 958
f 965 960 959
f 966 967 960
f 966 960 965
f 967 961 960
f 967 968 961
f 968 962 961
f 968 969 962
f 969 963 962
f 969 970 963
f 970 964 963
f 970 971 964
f 971 965 964
f 971 966 965
f 972 966 973
f 973 966 971
f 972 967 966
f 972 974 967
f 974 968 967
f 974 975 968
f 975 969 968
f 975 976 969
f 976 970 969
f 976 977 970
f 977 971 970
f 977 973 971
f 978 972 973
f 978 979 972
f 979 974 972
f 980 978 973
f 980 973 977
f 979 981 974
f 981 975 974
f 981 982 975
f 982 976 975
f 982 983 976
f 983 977 976
f 983 980 977
f 984 978 980
f 984 985 978
f 985 979 978
f 985 986 979
f 986 981 979
f 987 984 980
f 987 980 983
f 986 988 981
f 988 982 981
f 988 989 982
f 989 983 982
f 989 987 983
f 990 984 987
f 990 991 984
f 991 985 984
f 991 992 985
f 992 986 985
f 992 993 986
f 993 988 986
f 994 990 987
f 994 987 989
f 993 995 988
f 995 989 988
f 995 994 989
f 996 990 994
f 996 997 990
f 997 991 990
f 997 998 991
f 998 992 991
f 998 999 992
f 999 993 992
f 999 1000 993
f 1000 995 993
f 1001 996 994
f 1001 994 995
f 1000 1001 995
f 996 1001 1000
f 996 1000 999
f 996 999 998
f 996 998 997
f 1002 1003 1004
f 1005 1002 1006
f 1007 1008 1002
f 1002 1004 1006
f 1008 1003 1002
f 1007 1002 1005
f 1008 1009 1003
f 1003 1010 1011
f 1003 1011 1004
f 1009 1010 1003
f 1004 1011 1012
f 1004 1012 1013
f 1004 1013 1014
f 1004 1014 1006
f 1015 1005 1014
f 1016 1007 1005
f 1016 1005 1015
f 1005 1006 1014
f 1017 1018 1007
f 1017 1007 1016
f 1018 1008 1007
f 1018 1019 1008
f 1019 1009 1008
f 1019 1020 1009
f 1009 1021 1010
f 1020 1021 1009
f 1010 1022 1012
f 1010 1012 1011
f 1021 1022 1010
f 1022 1013 1012
f 1022 1015 1013
f 1015 1014 1013
f 1023 1016 1015
f 1023 1015 1022
f 1024 1017 1016
f 1024 1016 1023
f 1025 1026 1017
f 1025 1017 1024
f 1026 1018 1017
f 1026 1027 1018
f 1027 1019 1018
f 1027 1028 1019
f 1028 1020 1019
f 1028 1029 1020
f 1020 1030 1021
f 1029 1030 1020
f 1021 1023 1022
f 1030 1023 1021
f 1030 1024 1023
f 1031 1025 1024
f 1031 1024 1030
f 1032 1033 1025
f 1032 1025 1031
f 1033 1026 1025
f 1033 1034 1026
f 1034 1027 1026
f 1034 1035 1027
f 1035 1028 1027
f 1035 1036 1028
f 1036 1029 1028
f 1036 1037 1029
f 1029 1031 1030
f 1037 1031 1029
f 1037 1032 1031
f 1038 1039 1032
f 1038 1032 1037
f 1039 1033 1032
f 1039 1040 1033
f 1040 1034 1033
f 1040 1041 1034
f 1041 1035 1034
f 1041 1042 1035
f 1042 1036 1035
f 1042 1043 1036
f 1043 1037 1036
f 1043 1038 1037
f 1044 1045 1038
f 1044 1038 1043
f 1045 1039 1038
f 1045 1046 1039
f 1046 1040 1039
f 1046 1047 1040
f 1047 1041 1040
f 1047 1048 1041
f 1048 1042 1041
f 1048 1049 1042
f 1049 1043 1042
f 1049 1044 1043
f 1050 1051 1044
f 1051 1045 1044
f 1050 1044 1049
f 1051 1052 1045
f 1052 1046 1045
f 1052 1053 1046
f 1053 1047 1046
f 1053 1054 1047
f 1054 1048 1047
f 1054 1055 1048
f 1055 1049 1048
f 1055 1050 1049
f 1056 1057 1050
f 1056 1050 1055
f 1057 1051 1050
f 1057 1058 1051
f 1058 1052 1051
f 1058 1059 1052
f 1059 1053 1052
f 1059 1060 1053
f 1060 1054 1053
f 1060 1061 1054
f 1061 1055 1054
f 1061 1056 1055
f 1062 1063 1056
f 1062 1056 1061
f 1063 1057 1056
f 1063 1064 1057
f 1064 1058 1057
f 1064 1065 1058
f 1065 1059 1058
f 1065 1066 1059
f 1066 1060 1059
f 1066 1067 1060
f 1067 1061 1060
f 1067 1062 1061
f 1068 1069 1062
f 1068 1062 1067
f 1069 1063 1062
f 1069 1070 1063
f 1070 1064 1063
f 1070 1071 1064
f 1071 1065 1064
f 1071 1072 1065
f 1072 1066 1065
f 1072 1073 1066
f 1073 1067 1066
f 1073 1068 1067
f 1074 1075 1068
f 1074 1068 1073
f 1075 1069 1068
f 1075 1076 1069
f 1076 1070 1069
f 1076 1077 1070
f 1077 1071 1070
f 1077 1078 1071
f 1078 1072 1071
f 1079 1072 1078
f 1079 1073 1072
f 1079 1074 1073
f 1080 1081 1074
f 1080 1074 1079
f 1081 1075 1074
f 1081 1082 1075
f 1082 1076 1075
f 1082 1083 1076
f 1083 1077 1076
f 1083 1084 1077
f 1084 1078 1077
f 1084 1085 1078
f 1085 1079 1078
f 1085 1080 1079
f 1086 1087 1080
f 1087 1081 1080
f 1086 1080 1085
f 1087 1088 1081
f 1088 1082 1081
f 1088 1089 1082
f 1089 1083 1082
f 1089 1090 1083
f 1090 1084 1083
f 1090 1091 1084
f 1091 1085 1084
f 1091 1086 1085
f 1092 1093 1086
f 1092 1086 1091
f 1093 1087 1086
f 1093 1094 1087
f 1094 1088 1087
f 1094 1095 1088
f 1095 1089 1088
f 1095 1096 1089
f 1096 1090 1089
f 1096 1097 1090
f 1097 1091 1090
f 1097 1092 1091
f 1092 1097 1094
f 1092 1094 1093
f 1094 1097 1096
f 1094 1096 1095
f 1098 1099 1100
f 1101 1098 1102
f 1103 1104 1098
f 1098 1100 1102
f 1104 1099 1098
f 1103 1098 1101
f 1104 1105 1099
f 1099 1106 1107
f 1099 1107 1100
f 1105 1106 1099
f 1100 1107 1108
f 1100 1108 1109
f 1100 1109 1110
f 1100 1110 1102
f 1111 1101 1110
f 1112 1103 1101
f 1101 1111 1112
f 1101 1102 1110
f 1113 1114 1103
f 1113 1103 1112
f 1114 1104 1103
f 1114 1115 1104
f 1115 1105 1104
f 1115 1116 1105
f 1105 1117 1106
f 1116 1117 1105
f 1106 1118 1108
f 1106 1108 1107
f 1117 1118 1106
f 1118 1109 1108
f 1118 1111 1109
f 1111 1110 1109
f 1119 1112 1111
f 1119 1111 1118
f 1120 1113 1112
f 1120 1112 1119
f 1121 1122 1113
f 1121 1113 1120
f 1122 1114 1113
f 1122 1123 1114
f 1123 1115 1114
f 1123 1124 1115
f 1124 1116 1115
f 1124 1125 1116
f 1116 1126 1117
f 1125 1126 1116
f 1117 1119 1118
f 1126 1119 1117
f 1126 1120 1119
f 1127 1121 1120
f 1127 1120 1126
f 1128 1129 1121
f 1128 1121 1127
f 1129 1122 1121
f 1129 1130 1122
f 1130 1123 1122
f 1130 1131 1123
f 1131 1124 1123
f 1131 1132 1124
f 1132 1125 1124
f 1132 1133 1125
f 1125 1127 1126
f 1133 1127 1125
f 1133 1128 1127
f 1134 1135 1128
f 1134 1128 1133
f 1135 1129 1128
f 1135 1136 1129
f 1136 1130 1129
f 1136 1137 1130
f 1137 1131 1130
f 1137 1138 1131
f 1138 1132 1131
f 1138 1139 1132
f 1139 1133 1132
f 1139 1134 1133
f 1140 1141 1134
f 1140 1134 1139
f 1141 1135 1134
f 1141 1142 1135
f 1142 1136 1135
f 1142 1143 1136
f 1143 1137 1136
f 1143 1144 1137
f 1144 1138 1137
f 1144 1145 1138
f 1145 1139 1138
f 1145 1140 1139
f 1146 1147 1140
f 1147 1141 1140
f 1146 1140 1145
f 1147 1148 1141
f 1148 1142 1141
f 1148 1149 1142
f 1149 1143 1142
f 1149 1150 1143
f 1150 1144 1143
f 1150 1151 1144
f 1151 1145 1144
f 1151 1146 1145
f 1152 1153 1146
f 1152 1146 1151
f 1153 1147 1146
f 1153 1154 1147
f 1154 1148 1147
f 1154 1155 1148
f 1155 1149 1148
f 1155 1156 1149
f 1156 1150 1149
f 1156 1157 1150
f 1157 1151 1150
f 1157 1152 1151
f 1158 1159 1152
f 1158 1152 1157
f 1159 1153 1152
f 1159 1160 1153
f 1160 1154 1153
f 1160 1161 1154
f 1161 1155 1154
f 1161 1162 1155
f 1162 1156 1155
f 1162 1163 1156
f 1163 1157 1156
f 1163 1158 1157
f 1164 1165 1158
f 1164 1158 1163
f 1165 1159 1158
f 1165 1166 1159
f 1160 1159 1166
f 1166 1167 1160
f 1167 1161 1160
f 1167 1168 1161
f 1168 1162 1161
f 1168 1169 1162
f 1169 1163 1162
f 1169 1164 1163
f 1170 1171 1164
f 1170 1164 1169
f 1171 1165 1164
f 1171 1172 1165
f 1172 1166 1165
f 1172 1173 1166
f 1173 1167 1166
f 1173 1174 1167
f 1174 1168 1167
f 1174 1175 1168
f 1175 1169 1168
f 1175 1170 1169
f 1176 1177 1170
f 1176 1170 1175
f 1177 1171 1170
f 1177 1178 1171
f 1178 1172 1171
f 1178 1179 1172
f 1179 1173 1172
f 1179 1180 1173
f 1180 1174 1173
f 1180 1181 1174
f 1181 1175 1174
f 1181 1176 1175
f 1182 1183 1176
f 1183 1177 1176
f 1182 1176 1181
f 1183 1184 1177
f 1184 1178 1177
f 1184 1185 1178
f 1185 1179 1178
f 1185 1186 1179
f 1186 1180 1179
f 1186 1187 1180
f 1187 1181 1180
f 1187 1182 1181
f 1188 1189 1182
f 1182 1187 1188
f 1189 1183 1182
f 1189 1190 1183
f 1190 1184 1183
f 1190 1191 1184
f 1191 1185 1184
f 1191 1192 1185
f 1192 1186 1185
f 1192 1193 1186
f 1193 1187 1186
f 1193 1188 1187
f 1189 1188 1191
f 1193 1192 1188
f 1188 1192 1191
f 1189 1191 1190
f 1194 1195 1196
f 1197 1198 1194
f 1197 1194 1199
f 1198 1200 1194
f 1194 1196 1199
f 1194 1200 1195
f 1200 1201 1195
f 1195 1202 1203
f 1195 1201 1202
f 1196 1195 1203
f 1199 1196 1204
f 1196 1203 1205
f 1204 1196 1205
f 1206 1197 1199
f 1207 1208 1197
f 1208 1198 1197
f 1207 1197 1206
f 1209 1210 1198
f 1208 1209 1198
f 1210 1211 1198
f 1200 1198 1211
f 1206 1199 1212
f 1212 1199 1204
f 1200 1211 1201
f 1201 1213 1202
f 1201 1214 1213
f 1211 1214 1201
f 1202 1215 1216
f 1203 1202 1216
f 1202 1213 1215
f 1203 1216 1217
f 1205 1203 1217
f 1204 1205 1218
f 1219 1204 1218
f 1212 1204 1219
f 1218 1205 1220
f 1205 1217 1220
f 1221 1206 1222
f 1221 1223 1206
f 1223 1207 1206
f 1222 1206 1224
f 1206 1212 1224
f 1225 1207 1223
f 1225 1226 1207
f 1226 1208 1207
f 1226 1227 1208
f 1227 1209 1208
f 1209 1228 1210
f 1227 1229 1209
f 1229 1228 1209
f 1228 1222 1210
f 1211 1210 1222
f 1211 1224 1214
f 1224 1211 1222
f 1224 1212 1219
f 1213 1230 1231
f 1213 1231 1215
f 1214 1230 1213
f 1214 1219 1230
f 1224 1219 1214
f 1215 1232 1233
f 1216 1215 1233
f 1215 1231 1232
f 1216 1233 1234
f 1217 1216 1234
f 1217 1234 1235
f 1220 1217 1235
f 1218 1220 1236
f 1230 1218 1236
f 1219 1218 1230
f 1220 1235 1237
f 1236 1220 1237
f 1238 1223 1221
f 1238 1221 1228
f 1228 1221 1222
f 1238 1225 1223
f 1239 1225 1238
f 1239 1240 1225
f 1240 1226 1225
f 1240 1241 1226
f 1241 1227 1226
f 1242 1229 1227
f 1241 1242 1227
f 1229 1238 1228
f 1243 1238 1229
f 1242 1243 1229
f 1230 1236 1231
f 1231 1244 1232
f 1231 1236 1244
f 1232 1245 1246
f 1233 1232 1246
f 1232 1244 1245
f 1233 1246 1247
f 1234 1233 1247
f 1234 1247 1248
f 1235 1234 1248
f 1235 1248 1249
f 1237 1235 1249
f 1236 1237 1244
f 1237 1249 1250
f 1244 1237 1250
f 1251 1239 1238
f 1251 1238 1243
f 1252 1240 1239
f 1253 1252 1239
f 1253 1239 1251
f 1252 1254 1240
f 1254 1241 1240
f 1254 1255 1241
f 1255 1242 1241
f 1255 1256 1242
f 1256 1243 1242
f 1251 1243 1256
f 1244 1250 1245
f 1245 1257 1258
f 1246 1245 1258
f 1245 1250 1257
f 1246 1258 1259
f 1247 1246 1259
f 1247 1259 1260
f 1248 1247 1260
f 1248 1260 1261
f 1249 1248 1261
f 1249 1261 1262
f 1250 1249 1262
f 1250 1262 1257
f 1263 1253 1251
f 1263 1251 1256
f 1264 1254 1252
f 1265 1264 1252
f 1265 1252 1253
f 1266 1265 1253
f 1266 1253 1263
f 1264 1267 1254
f 1267 1255 1254
f 1267 1268 1255
f 1268 1256 1255
f 1268 1269 1256
f 1269 1263 1256
f 1257 1270 1271
f 1258 1257 1271
f 1257 1262 1270
f 1258 1271 1272
f 1259 1258 1272
f 1259 1272 1273
f 1260 1259 1273
f 1260 1273 1274
f 1261 1260 1274
f 1262 1261 1274
f 1262 1274 1270
f 1269 1266 1263
f 1266 1267 1264
f 1264 1265 1266
f 1268 1266 1269
f 1266 1268 1267
f 1275 1271 1270
f 1276 1275 1270
f 1270 1277 1276
f 1274 1278 1270
f 1278 1277 1270
f 1279 1272 1271
f 1280 1279 1271
f 1271 1275 1280
f 1272 1281 1273
f 1272 1279 1281
f 1273 1282 1274
f 1281 1283 1273
f 1273 1283 1282
f 1274 1284 1285
f 1285 1278 1274
f 1282 1284 1274
f 1280 1275 1286
f 1276 1286 1275
f 1276 1277 1287
f 1286 1276 1287
f 1278 1287 1277
f 1278 1285 1288
f 1287 1278 1288
f 1281 1279 1289
f 1280 1289 1279
f 1289 1280 1286
f 1281 1290 1283
f 1290 1281 1289
f 1282 1291 1284
f 1282 1283 1291
f 1283 1290 1291
f 1284 1291 1288
f 1285 1284 1288
f 1289 1286 1290
f 1286 1287 1290
f 1287 1288 1290
f 1288 1291 1290
f 1292 1293 1294
f 1295 1296 1292
f 1294 1295 1292
f 1297 1298 1292
f 1296 1297 1292
f 1293 1292 1298
f 1293 1299 1300
f 1293 1300 1301
f 1293 1302 1299
f 1303 1302 1293
f 1303 1293 1298
f 1293 1301 1294
f 1301 1304 1294
f 1294 1305 1295
f 1294 1304 1305
f 1295 1305 1306
f 1295 1306 1307
f 1296 1295 1307
f 1308 1296 1309
f 1296 1307 1309
f 1308 1297 1296
f 1310 1298 1297
f 1304 1310 1297
f 1304 1297 1308
f 1311 1303 1298
f 1312 1298 1310
f 1313 1311 1298
f 1313 1298 1312
f 1299 1314 1315
f 1316 1314 1299
f 1316 1299 1302
f 1300 1299 1317
f 1299 1315 1317
f 1318 1319 1300
f 1300 1319 1320
f 1318 1300 1321
f 1301 1300 1320
f 1300 1317 1321
f 1301 1320 1322
f 1301 1322 1310
f 1301 1310 1304
f 1323 1316 1302
f 1323 1302 1303
f 1323 1303 1324
f 1325 1324 1303
f 1325 1303 1311
f 1304 1308 1305
f 1305 1308 1326
f 1305 1326 1306
f 1306 1326 1327
f 1306 1327 1328
f 1307 1306 1329
f 1330 1329 1306
f 1330 1306 1328
f 1309 1307 1331
f 1307 1329 1332
f 1307 1332 1331
f 1308 1309 1326
f 1327 1326 1309
f 1327 1309 1333
f 1309 1334 1333
f 1309 1331 1334
f 1310 1322 1335
f 1312 1310 1335
f 1336 1325 1311
f 1336 1311 1313
f 1337 1312 1338
f 1339 1312 1335
f 1339 1338 1312
f 1340 1313 1312
f 1340 1312 1337
f 1341 1336 1313
f 1341 1313 1340
f 1314 1342 1343
f 1314 1343 1318
f 1316 1342 1314
f 1314 1318 1344
f 1314 1344 1315
f 1315 1344 1345
f 1317 1315 1346
f 1315 1345 1346
f 1347 1342 1316
f 1323 1347 1316
f 1321 1317 1348
f 1317 1346 1348
f 1318 1343 1319
f 1318 1321 1344
f 1319 1343 1349
f 1319 1349 1350
f 1320 1319 1350
f 1320 1350 1351
f 1352 1322 1320
f 1352 1320 1351
f 1344 1321 1353
f 1321 1348 1353
f 1335 1322 1352
f 1354 1347 1323
f 1324 1354 1323
f 1324 1355 1354
f 1356 1355 1324
f 1356 1324 1325
f 1357 1356 1325
f 1357 1325 1336
f 1327 1333 1358
f 1328 1327 1359
f 1359 1327 1360
f 1358 1360 1327
f 1330 1328 1359
f 1333 1329 1330
f 1361 1329 1333
f 1361 1332 1329
f 1333 1330 1358
f 1358 1330 1362
f 1330 1359 1362
f 1334 1331 1363
f 1331 1332 1364
f 1331 1364 1363
f 1332 1361 1365
f 1332 1365 1364
f 1334 1361 1333
f 1361 1334 1366
f 1334 1363 1366
f 1335 1352 1367
f 1368 1335 1367
f 1335 1368 1369
f 1370 1339 1335
f 1335 1369 1370
f 1371 1357 1336
f 1371 1336 1341
f 1372 1337 1338
f 1373 1340 1337
f 1373 1337 1372
f 1374 1338 1339
f 1374 1375 1338
f 1375 1372 1338
f 1376 1339 1370
f 1376 1374 1339
f 1341 1340 1373
f 1373 1371 1341
f 1377 1378 1342
f 1377 1342 1379
f 1380 1343 1342
f 1378 1380 1342
f 1347 1379 1342
f 1349 1343 1381
f 1382 1381 1343
f 1380 1382 1343
f 1344 1353 1345
f 1346 1345 1383
f 1345 1353 1384
f 1345 1384 1383
f 1348 1346 1385
f 1346 1383 1385
f 1386 1379 1347
f 1354 1386 1347
f 1353 1348 1387
f 1348 1385 1387
f 1349 1381 1388
f 1388 1389 1349
f 1350 1349 1389
f 1350 1389 1390
f 1351 1350 1390
f 1351 1390 1391
f 1351 1391 1392
f 1351 1392 1352
f 1367 1352 1392
f 1353 1387 1384
f 1354 1393 1386
f 1394 1354 1355
f 1393 1354 1394
f 1395 1355 1356
f 1395 1394 1355
f 1396 1395 1356
f 1396 1356 1357
f 1396 1357 1371
f 1358 1362 1397
f 1358 1397 1360
f 1376 1398 1359
f 1376 1359 1399
f 1400 1359 1360
f 1399 1359 1400
f 1401 1359 1398
f 1401 1362 1359
f 1402 1403 1360
f 1400 1360 1403
f 1402 1360 1397
f 1361 1366 1365
f 1397 1362 1404
f 1362 1405 1406
f 1362 1406 1404
f 1401 1405 1362
f 1366 1363 1407
f 1363 1364 1408
f 1363 1408 1407
f 1364 1409 1408
f 1364 1365 1409
f 1365 1366 1410
f 1365 1410 1409
f 1366 1407 1410
f 1367 1392 1411
f 1412 1367 1411
f 1368 1367 1412
f 1413 1368 1412
f 1369 1368 1413
f 1369 1414 1370
f 1369 1413 1415
f 1369 1415 1414
f 1416 1372 1370
f 1417 1376 1370
f 1417 1370 1372
f 1370 1414 1416
f 1396 1371 1418
f 1371 1419 1418
f 1419 1371 1373
f 1375 1417 1372
f 1372 1416 1373
f 1420 1419 1373
f 1421 1373 1416
f 1421 1422 1373
f 1373 1422 1423
f 1373 1423 1424
f 1373 1424 1420
f 1399 1374 1376
f 1399 1375 1374
f 1400 1417 1375
f 1399 1400 1375
f 1403 1376 1417
f 1403 1398 1376
f 1377 1425 1426
f 1427 1425 1377
f 1377 1426 1378
f 1379 1427 1377
f 1378 1426 1428
f 1378 1428 1380
f 1379 1429 1427
f 1386 1429 1379
f 1382 1380 1430
f 1380 1428 1431
f 1380 1431 1430
f 1381 1432 1433
f 1434 1432 1381
f 1381 1433 1388
f 1434 1381 1382
f 1434 1382 1435
f 1382 1430 1435
f 1385 1383 1436
f 1383 1384 1437
f 1383 1437 1436
f 1384 1387 1438
f 1384 1438 1437
f 1387 1385 1439
f 1385 1436 1439
f 1440 1429 1386
f 1393 1440 1386
f 1387 1439 1438
f 1388 1433 1441
f 1388 1442 1389
f 1388 1441 1442
f 1389 1442 1443
f 1429 1389 1443
f 1444 1389 1429
f 1390 1389 1444
f 1445 1390 1444
f 1391 1390 1445
f 1391 1445 1446
f 1392 1391 1446
f 1447 1392 1446
f 1411 1392 1447
f 1448 1440 1393
f 1446 1445 1393
f 1449 1393 1445
f 1449 1448 1393
f 1393 1394 1446
f 1394 1395 1450
f 1451 1446 1394
f 1450 1451 1394
f 1395 1452 1450
f 1411 1395 1396
f 1452 1395 1447
f 1395 1411 1447
f 1411 1396 1453
f 1396 1418 1453
f 1402 1397 1454
f 1454 1397 1455
f 1397 1404 1455
f 1402 1398 1403
f 1402 1401 1398
f 1400 1403 1417
f 1456 1401 1402
f 1401 1457 1405
f 1456 1457 1401
f 1458 1459 1402
f 1454 1460 1402
f 1458 1402 1460
f 1456 1402 1459
f 1455 1404 1461
f 1404 1406 1462
f 1404 1462 1461
f 1405 1454 1463
f 1454 1405 1457
f 1405 1463 1406
f 1406 1463 1464
f 1406 1464 1462
f 1410 1407 1465
f 1407 1408 1466
f 1407 1466 1465
f 1408 1467 1466
f 1408 1409 1467
f 1409 1410 1468
f 1409 1468 1467
f 1410 1465 1468
f 1412 1411 1469
f 1470 1469 1411
f 1411 1453 1471
f 1470 1411 1471
f 1415 1412 1469
f 1413 1412 1415
f 1414 1415 1470
f 1424 1414 1471
f 1414 1422 1421
f 1414 1421 1416
f 1423 1422 1414
f 1424 1423 1414
f 1414 1470 1471
f 1415 1469 1472
f 1415 1472 1470
f 1419 1420 1418
f 1453 1418 1473
f 1418 1474 1473
f 1418 1420 1474
f 1471 1420 1424
f 1420 1471 1475
f 1420 1475 1474
f 1425 1476 1477
f 1478 1476 1425
f 1425 1477 1426
f 1427 1478 1425
f 1426 1477 1479
f 1426 1480 1481
f 1426 1479 1480
f 1428 1426 1481
f 1482 1478 1427
f 1483 1482 1427
f 1429 1483 1427
f 1428 1481 1434
f 1428 1434 1484
f 1428 1484 1431
f 1429 1443 1483
f 1444 1429 1440
f 1435 1430 1485
f 1430 1431 1486
f 1430 1486 1485
f 1431 1484 1487
f 1431 1487 1486
f 1432 1488 1489
f 1490 1488 1432
f 1432 1489 1433
f 1481 1490 1432
f 1481 1432 1434
f 1433 1489 1491
f 1433 1491 1441
f 1434 1435 1484
f 1484 1435 1492
f 1435 1485 1492
f 1439 1436 1493
f 1436 1437 1494
f 1436 1494 1493
f 1437 1438 1495
f 1437 1495 1494
f 1438 1439 1496
f 1438 1496 1495
f 1439 1493 1496
f 1497 1444 1440
f 1448 1497 1440
f 1441 1491 1498
f 1441 1498 1499
f 1442 1441 1500
f 1500 1441 1499
f 1443 1442 1500
f 1501 1443 1500
f 1502 1483 1443
f 1501 1502 1443
f 1497 1503 1444
f 1503 1445 1444
f 1503 1449 1445
f 1504 1447 1446
f 1451 1504 1446
f 1504 1452 1447
f 1505 1497 1448
f 1506 1505 1448
f 1506 1448 1449
f 1507 1449 1503
f 1507 1506 1449
f 1508 1451 1450
f 1509 1450 1452
f 1509 1508 1450
f 1510 1504 1451
f 1508 1510 1451
f 1511 1452 1504
f 1511 1509 1452
f 1471 1453 1512
f 1453 1473 1512
f 1457 1460 1454
f 1454 1455 1463
f 1463 1455 1513
f 1455 1461 1513
f 1456 1459 1514
f 1456 1514 1515
f 1456 1516 1457
f 1515 1516 1456
f 1516 1460 1457
f 1517 1518 1458
f 1519 1458 1516
f 1516 1458 1460
f 1519 1517 1458
f 1518 1459 1458
f 1518 1514 1459
f 1513 1461 1520
f 1461 1462 1521
f 1461 1521 1520
f 1462 1464 1522
f 1462 1522 1521
f 1463 1513 1464
f 1464 1513 1523
f 1464 1523 1522
f 1468 1465 1524
f 1465 1466 1525
f 1465 1525 1524
f 1466 1467 1526
f 1466 1526 1525
f 1467 1468 1527
f 1467 1527 1526
f 1468 1524 1527
f 1472 1469 1470
f 1471 1512 1475
f 1512 1473 1528
f 1473 1474 1528
f 1474 1475 1529
f 1474 1529 1528
f 1475 1512 1530
f 1475 1530 1531
f 1475 1531 1529
f 1476 1532 1533
f 1534 1532 1476
f 1476 1533 1477
f 1478 1534 1476
f 1477 1533 1535
f 1477 1535 1479
f 1536 1534 1478
f 1499 1536 1478
f 1499 1478 1482
f 1479 1535 1480
f 1480 1535 1537
f 1490 1480 1538
f 1481 1480 1490
f 1480 1537 1538
f 1500 1499 1482
f 1539 1540 1482
f 1540 1500 1482
f 1539 1482 1483
f 1502 1539 1483
f 1484 1492 1487
f 1492 1485 1541
f 1485 1486 1542
f 1485 1542 1541
f 1486 1487 1543
f 1486 1543 1542
f 1487 1492 1544
f 1487 1544 1543
f 1488 1545 1546
f 1547 1545 1488
f 1488 1546 1489
f 1547 1488 1490
f 1489 1546 1548
f 1489 1548 1491
f 1547 1490 1549
f 1490 1538 1549
f 1491 1548 1550
f 1498 1491 1550
f 1492 1541 1544
f 1496 1493 1551
f 1493 1494 1552
f 1493 1552 1551
f 1494 1495 1553
f 1494 1553 1552
f 1495 1496 1554
f 1495 1554 1553
f 1496 1551 1554
f 1505 1555 1497
f 1555 1503 1497
f 1556 1498 1550
f 1556 1557 1498
f 1498 1536 1499
f 1557 1536 1498
f 1540 1501 1500
f 1558 1501 1540
f 1558 1559 1501
f 1559 1502 1501
f 1560 1539 1502
f 1559 1560 1502
f 1555 1507 1503
f 1510 1511 1504
f 1561 1562 1505
f 1561 1505 1506
f 1562 1555 1505
f 1563 1506 1507
f 1563 1561 1506
f 1564 1507 1555
f 1564 1563 1507
f 1565 1510 1508
f 1566 1565 1508
f 1566 1508 1509
f 1567 1509 1511
f 1567 1566 1509
f 1568 1511 1510
f 1565 1568 1510
f 1568 1567 1511
f 1512 1569 1530
f 1528 1569 1512
f 1513 1520 1523
f 1518 1570 1514
f 1515 1514 1570
f 1515 1571 1516
f 1515 1570 1572
f 1572 1571 1515
f 1573 1519 1516
f 1573 1516 1571
f 1517 1574 1518
f 1575 1574 1517
f 1576 1575 1517
f 1576 1517 1519
f 1518 1577 1570
f 1578 1577 1518
f 1574 1579 1518
f 1579 1578 1518
f 1580 1576 1519
f 1580 1519 1573
f 1523 1520 1521
f 1523 1521 1522
f 1527 1524 1581
f 1524 1525 1582
f 1524 1582 1581
f 1525 1526 1583
f 1525 1583 1582
f 1526 1527 1584
f 1526 1584 1583
f 1527 1581 1584
f 1528 1585 1569
f 1529 1585 1528
f 1531 1585 1529
f 1530 1569 1586
f 1587 1531 1530
f 1587 1530 1586
f 1531 1588 1589
f 1588 1531 1587
f 1531 1589 1585
f 1532 1590 1591
f 1592 1590 1532
f 1532 1591 1533
f 1534 1592 1532
f 1533 1591 1593
f 1533 1593 1535
f 1594 1592 1534
f 1536 1594 1534
f 1535 1593 1595
f 1535 1595 1547
f 1535 1547 1596
f 1535 1596 1537
f 1536 1597 1594
f 1598 1597 1536
f 1557 1598 1536
f 1537 1596 1599
f 1538 1537 1600
f 1537 1599 1600
f 1549 1538 1601
f 1538 1600 1601
f 1560 1602 1539
f 1602 1540 1539
f 1602 1558 1540
f 1544 1541 1603
f 1541 1542 1604
f 1541 1604 1603
f 1542 1543 1605
f 1542 1605 1604
f 1543 1544 1606
f 1543 1606 1605
f 1544 1603 1606
f 1545 1607 1608
f 1545 1608 1546
f 1595 1607 1545
f 1595 1545 1547
f 1546 1608 1609
f 1546 1609 1548
f 1547 1549 1596
f 1550 1548 1609
f 1596 1549 1610
f 1549 1601 1610
f 1550 1609 1611
f 1550 1611 1612
f 1613 1556 1550
f 1613 1550 1597
f 1550 1612 1597
f 1554 1551 1552
f 1554 1552 1553
f 1562 1564 1555
f 1614 1556 1613
f 1614 1615 1556
f 1615 1557 1556
f 1616 1598 1557
f 1615 1616 1557
f 1617 1558 1602
f 1617 1618 1558
f 1618 1559 1558
f 1619 1560 1559
f 1618 1619 1559
f 1619 1620 1560
f 1620 1602 1560
f 1621 1622 1561
f 1621 1561 1563
f 1622 1562 1561
f 1622 1623 1562
f 1623 1564 1562
f 1624 1563 1564
f 1624 1621 1563
f 1623 1624 1564
f 1588 1568 1565
f 1589 1588 1565
f 1625 1565 1566
f 1589 1565 1625
f 1626 1566 1567
f 1627 1625 1566
f 1626 1627 1566
f 1567 1568 1588
f 1628 1567 1588
f 1628 1629 1567
f 1629 1626 1567
f 1569 1630 1586
f 1569 1585 1631
f 1569 1631 1630
f 1632 1570 1577
f 1572 1570 1633
f 1632 1633 1570
f 1572 1578 1571
f 1634 1571 1579
f 1571 1634 1573
f 1579 1571 1578
f 1635 1578 1572
f 1572 1633 1635
f 1634 1574 1573
f 1636 1573 1574
f 1636 1580 1573
f 1574 1634 1579
f 1575 1636 1574
f 1637 1638 1575
f 1637 1575 1576
f 1638 1636 1575
f 1639 1637 1576
f 1639 1576 1580
f 1577 1640 1632
f 1577 1578 1640
f 1635 1640 1578
f 1641 1580 1636
f 1641 1639 1580
f 1583 1584 1581
f 1583 1581 1582
f 1631 1585 1589
f 1642 1587 1586
f 1643 1586 1644
f 1644 1586 1630
f 1586 1643 1642
f 1588 1587 1645
f 1587 1631 1645
f 1646 1587 1642
f 1646 1647 1587
f 1647 1631 1587
f 1645 1628 1588
f 1589 1625 1648
f 1631 1589 1648
f 1590 1649 1650
f 1651 1649 1590
f 1590 1650 1652
f 1590 1652 1591
f 1653 1651 1590
f 1592 1653 1590
f 1591 1652 1654
f 1591 1654 1655
f 1591 1655 1593
f 1612 1653 1592
f 1594 1597 1592
f 1597 1612 1592
f 1593 1655 1656
f 1595 1593 1657
f 1593 1656 1657
f 1654 1595 1658
f 1595 1654 1607
f 1595 1657 1658
f 1596 1610 1599
f 1598 1613 1597
f 1659 1613 1598
f 1616 1659 1598
f 1600 1599 1660
f 1599 1610 1661
f 1599 1661 1660
f 1601 1600 1662
f 1600 1660 1662
f 1610 1601 1663
f 1601 1662 1663
f 1620 1617 1602
f 1606 1603 1664
f 1603 1604 1665
f 1603 1665 1664
f 1604 1605 1666
f 1604 1666 1665
f 1605 1606 1667
f 1605 1667 1666
f 1606 1664 1667
f 1654 1668 1607
f 1668 1608 1607
f 1608 1669 1670
f 1668 1669 1608
f 1608 1670 1671
f 1609 1608 1671
f 1609 1671 1672
f 1609 1672 1611
f 1610 1663 1661
f 1673 1611 1672
f 1673 1674 1611
f 1674 1612 1611
f 1612 1675 1653
f 1676 1675 1612
f 1674 1676 1612
f 1659 1614 1613
f 1677 1614 1659
f 1677 1678 1614
f 1678 1615 1614
f 1678 1679 1615
f 1679 1616 1615
f 1680 1659 1616
f 1679 1680 1616
f 1681 1617 1620
f 1681 1682 1617
f 1682 1618 1617
f 1683 1619 1618
f 1682 1683 1618
f 1683 1684 1619
f 1684 1620 1619
f 1684 1681 1620
f 1685 1686 1621
f 1685 1621 1624
f 1686 1622 1621
f 1686 1687 1622
f 1687 1623 1622
f 1687 1688 1623
f 1688 1624 1623
f 1688 1685 1624
f 1648 1625 1628
f 1628 1625 1689
f 1625 1627 1689
f 1690 1626 1629
f 1691 1627 1626
f 1690 1691 1626
f 1692 1689 1627
f 1691 1692 1627
f 1645 1648 1628
f 1628 1689 1629
f 1693 1629 1689
f 1693 1690 1629
f 1631 1694 1630
f 1630 1695 1696
f 1694 1695 1630
f 1644 1630 1697
f 1630 1696 1697
f 1631 1648 1645
f 1698 1694 1631
f 1647 1698 1631
f 1632 1640 1699
f 1632 1699 1700
f 1701 1633 1632
f 1701 1632 1700
f 1635 1633 1701
f 1699 1640 1635
f 1635 1701 1702
f 1699 1635 1702
f 1638 1641 1636
f 1638 1637 1639
f 1638 1639 1641
f 1703 1646 1642
f 1643 1695 1642
f 1703 1642 1694
f 1695 1694 1642
f 1643 1704 1696
f 1695 1643 1696
f 1643 1644 1704
f 1705 1644 1697
f 1704 1644 1705
f 1706 1646 1703
f 1707 1647 1646
f 1706 1707 1646
f 1708 1698 1647
f 1707 1708 1647
f 1709 1710 1649
f 1649 1711 1709
f 1649 1712 1711
f 1649 1710 1650
f 1713 1712 1649
f 1651 1713 1649
f 1650 1710 1714
f 1650 1714 1715
f 1652 1650 1715
f 1716 1713 1651
f 1675 1672 1651
f 1716 1651 1672
f 1675 1651 1653
f 1652 1715 1717
f 1654 1652 1717
f 1654 1717 1668
f 1655 1654 1718
f 1654 1658 1718
f 1655 1718 1656
f 1656 1718 1719
f 1657 1656 1720
f 1656 1719 1720
f 1658 1657 1721
f 1657 1720 1721
f 1718 1658 1722
f 1658 1721 1722
f 1680 1677 1659
f 1662 1660 1723
f 1660 1661 1724
f 1660 1724 1723
f 1661 1663 1725
f 1661 1725 1724
f 1663 1662 1726
f 1662 1723 1726
f 1663 1726 1725
f 1667 1664 1727
f 1664 1665 1728
f 1664 1728 1727
f 1665 1666 1729
f 1665 1729 1728
f 1666 1667 1730
f 1666 1730 1729
f 1667 1727 1730
f 1668 1731 1669
f 1717 1731 1668
f 1669 1732 1733
f 1669 1733 1734
f 1734 1735 1669
f 1669 1735 1670
f 1731 1732 1669
f 1670 1735 1736
f 1671 1670 1737
f 1670 1736 1737
f 1671 1716 1672
f 1671 1737 1716
f 1738 1673 1672
f 1738 1672 1675
f 1739 1673 1738
f 1739 1740 1673
f 1740 1674 1673
f 1741 1676 1674
f 1740 1741 1674
f 1676 1738 1675
f 1742 1738 1676
f 1741 1742 1676
f 1743 1677 1680
f 1743 1744 1677
f 1744 1678 1677
f 1744 1745 1678
f 1745 1679 1678
f 1746 1680 1679
f 1745 1746 1679
f 1746 1743 1680
f 1747 1681 1684
f 1747 1748 1681
f 1748 1682 1681
f 1749 1683 1682
f 1748 1749 1682
f 1749 1750 1683
f 1750 1684 1683
f 1750 1747 1684
f 1751 1752 1685
f 1752 1686 1685
f 1751 1685 1688
f 1752 1753 1686
f 1753 1687 1686
f 1753 1754 1687
f 1754 1688 1687
f 1754 1751 1688
f 1692 1693 1689
f 1755 1690 1693
f 1755 1756 1690
f 1757 1691 1690
f 1756 1757 1690
f 1757 1758 1691
f 1758 1692 1691
f 1755 1693 1692
f 1758 1755 1692
f 1698 1703 1694
f 1696 1704 1759
f 1696 1759 1760
f 1761 1696 1760
f 1697 1696 1761
f 1762 1705 1697
f 1697 1761 1762
f 1763 1703 1698
f 1708 1763 1698
f 1700 1699 1764
f 1764 1699 1702
f 1700 1764 1765
f 1765 1766 1700
f 1766 1701 1700
f 1702 1701 1767
f 1701 1766 1768
f 1701 1768 1767
f 1702 1767 1769
f 1764 1702 1769
f 1763 1706 1703
f 1704 1770 1771
f 1704 1771 1759
f 1704 1705 1770
f 1772 1705 1762
f 1705 1772 1773
f 1705 1773 1770
f 1774 1706 1763
f 1774 1775 1706
f 1775 1707 1706
f 1776 1708 1707
f 1775 1776 1707
f 1777 1763 1708
f 1776 1777 1708
f 1709 1778 1779
f 1711 1778 1709
f 1709 1780 1710
f 1709 1779 1780
f 1781 1714 1710
f 1781 1710 1782
f 1783 1710 1780
f 1783 1782 1710
f 1711 1784 1778
f 1784 1711 1785
f 1711 1712 1786
f 1711 1786 1785
f 1737 1736 1712
f 1786 1712 1736
f 1737 1712 1713
f 1716 1737 1713
f 1781 1732 1714
f 1715 1714 1732
f 1715 1732 1731
f 1717 1715 1731
f 1718 1722 1719
f 1720 1719 1787
f 1719 1722 1788
f 1719 1788 1787
f 1721 1720 1789
f 1720 1787 1789
f 1722 1721 1790
f 1721 1789 1790
f 1722 1790 1788
f 1726 1723 1791
f 1723 1724 1792
f 1723 1792 1791
f 1724 1725 1793
f 1724 1793 1792
f 1725 1726 1794
f 1725 1794 1793
f 1726 1791 1794
f 1728 1730 1727
f 1728 1729 1730
f 1781 1733 1732
f 1733 1795 1796
f 1733 1796 1734
f 1781 1795 1733
f 1734 1796 1797
f 1734 1797 1798
f 1734 1798 1735
f 1735 1798 1797
f 1735 1797 1799
f 1735 1799 1800
f 1736 1735 1801
f 1735 1800 1801
f 1786 1736 1801
f 1742 1739 1738
f 1802 1739 1742
f 1802 1803 1739
f 1803 1740 1739
f 1803 1804 1740
f 1804 1741 1740
f 1805 1742 1741
f 1804 1805 1741
f 1805 1802 1742
f 1806 1743 1746
f 1806 1807 1743
f 1807 1744 1743
f 1807 1808 1744
f 1808 1745 1744
f 1809 1746 1745
f 1808 1809 1745
f 1809 1806 1746
f 1810 1747 1750
f 1810 1811 1747
f 1811 1748 1747
f 1812 1749 1748
f 1811 1812 1748
f 1812 1813 1749
f 1813 1750 1749
f 1813 1810 1750
f 1751 1754 1753
f 1751 1753 1752
f 1814 1755 1758
f 1814 1815 1755
f 1815 1756 1755
f 1816 1757 1756
f 1815 1816 1756
f 1816 1817 1757
f 1817 1758 1757
f 1817 1814 1758
f 1759 1771 1818
f 1759 1818 1819
f 1760 1759 1819
f 1760 1820 1761
f 1760 1821 1820
f 1821 1760 1822
f 1760 1819 1822
f 1762 1761 1823
f 1824 1761 1820
f 1761 1773 1823
f 1761 1824 1773
f 1825 1772 1762
f 1762 1823 1825
f 1777 1774 1763
f 1765 1764 1826
f 1764 1827 1828
f 1764 1828 1826
f 1764 1769 1827
f 1765 1826 1829
f 1829 1830 1765
f 1830 1766 1765
f 1830 1768 1766
f 1767 1768 1831
f 1767 1831 1832
f 1769 1767 1832
f 1827 1768 1830
f 1768 1827 1833
f 1768 1833 1831
f 1769 1832 1834
f 1834 1827 1769
f 1770 1824 1820
f 1770 1821 1771
f 1770 1820 1821
f 1824 1770 1773
f 1771 1821 1835
f 1771 1835 1818
f 1836 1772 1825
f 1773 1772 1836
f 1837 1838 1773
f 1838 1823 1773
f 1773 1836 1837
f 1777 1776 1774
f 1776 1775 1774
f 1778 1839 1840
f 1784 1839 1778
f 1778 1840 1779
f 1840 1841 1779
f 1842 1779 1841
f 1842 1783 1779
f 1783 1780 1779
f 1781 1842 1841
f 1781 1841 1795
f 1842 1781 1843
f 1781 1782 1844
f 1781 1844 1843
f 1782 1783 1845
f 1782 1845 1844
f 1783 1842 1846
f 1783 1846 1845
f 1784 1847 1839
f 1784 1848 1847
f 1784 1799 1848
f 1799 1784 1800
f 1784 1785 1800
f 1849 1800 1785
f 1850 1849 1785
f 1850 1785 1786
f 1851 1786 1801
f 1851 1850 1786
f 1789 1787 1852
f 1787 1788 1853
f 1787 1853 1852
f 1788 1790 1854
f 1788 1854 1853
f 1790 1789 1855
f 1789 1852 1855
f 1790 1855 1854
f 1794 1791 1856
f 1791 1792 1857
f 1791 1857 1856
f 1792 1793 1858
f 1792 1858 1857
f 1793 1794 1859
f 1793 1859 1858
f 1794 1856 1859
f 1841 1860 1795
f 1860 1796 1795
f 1860 1861 1796
f 1797 1796 1861
f 1797 1861 1848
f 1797 1848 1799
f 1849 1862 1800
f 1862 1801 1800
f 1862 1851 1801
f 1863 1802 1805
f 1863 1864 1802
f 1864 1803 1802
f 1864 1865 1803
f 1865 1804 1803
f 1866 1805 1804
f 1865 1866 1804
f 1866 1863 1805
f 1867 1806 1809
f 1867 1868 1806
f 1868 1807 1806
f 1868 1869 1807
f 1869 1808 1807
f 1870 1809 1808
f 1869 1870 1808
f 1870 1867 1809
f 1813 1811 1810
f 1813 1812 1811
f 1871 1814 1817
f 1871 1872 1814
f 1872 1815 1814
f 1873 1816 1815
f 1872 1873 1815
f 1874 1817 1816
f 1873 1874 1816
f 1874 1871 1817
f 1818 1835 1875
f 1818 1875 1876
f 1819 1818 1876
f 1822 1819 1877
f 1819 1876 1877
f 1821 1822 1835
f 1835 1822 1878
f 1822 1877 1878
f 1825 1823 1838
f 1879 1836 1825
f 1825 1838 1879
f 1829 1826 1880
f 1826 1828 1881
f 1826 1881 1880
f 1827 1830 1828
f 1834 1833 1827
f 1828 1830 1882
f 1828 1882 1881
f 1829 1880 1883
f 1830 1829 1883
f 1830 1883 1882
f 1832 1831 1884
f 1831 1885 1884
f 1831 1833 1885
f 1832 1884 1886
f 1834 1832 1886
f 1887 1833 1834
f 1887 1885 1833
f 1834 1886 1887
f 1835 1878 1875
f 1888 1836 1879
f 1889 1837 1836
f 1889 1836 1888
f 1889 1890 1837
f 1890 1838 1837
f 1891 1879 1838
f 1891 1838 1890
f 1839 1861 1860
f 1847 1861 1839
f 1839 1860 1840
f 1840 1860 1841
f 1842 1843 1846
f 1846 1843 1892
f 1843 1844 1893
f 1843 1893 1892
f 1844 1845 1894
f 1844 1894 1893
f 1845 1846 1895
f 1845 1895 1894
f 1846 1892 1895
f 1847 1848 1861
f 1896 1897 1849
f 1897 1862 1849
f 1896 1849 1850
f 1898 1896 1850
f 1898 1850 1851
f 1899 1851 1862
f 1899 1898 1851
f 1855 1852 1900
f 1852 1853 1901
f 1852 1901 1900
f 1853 1854 1902
f 1853 1902 1901
f 1854 1855 1903
f 1854 1903 1902
f 1855 1900 1903
f 1859 1856 1857
f 1859 1857 1858
f 1897 1899 1862
f 1904 1863 1866
f 1904 1905 1863
f 1905 1864 1863
f 1905 1906 1864
f 1906 1865 1864
f 1907 1866 1865
f 1906 1907 1865
f 1907 1904 1866
f 1870 1868 1867
f 1870 1869 1868
f 1908 1909 1871
f 1908 1871 1874
f 1909 1872 1871
f 1910 1873 1872
f 1909 1910 1872
f 1911 1874 1873
f 1910 1911 1873
f 1911 1908 1874
f 1876 1875 1878
f 1877 1876 1878
f 1891 1888 1879
f 1883 1880 1912
f 1880 1881 1913
f 1880 1913 1912
f 1881 1882 1914
f 1881 1914 1913
f 1882 1883 1915
f 1882 1915 1914
f 1883 1912 1915
f 1884 1916 1917
f 1886 1884 1917
f 1884 1885 1916
f 1918 1885 1887
f 1918 1916 1885
f 1887 1886 1919
f 1886 1917 1919
f 1887 1919 1918
f 1920 1888 1891
f 1921 1922 1888
f 1920 1921 1888
f 1889 1888 1922
f 1923 1924 1889
f 1924 1890 1889
f 1889 1922 1923
f 1925 1891 1890
f 1925 1890 1924
f 1925 1920 1891
f 1895 1892 1926
f 1892 1893 1927
f 1892 1927 1926
f 1893 1894 1928
f 1893 1928 1927
f 1894 1895 1929
f 1894 1929 1928
f 1895 1926 1929
f 1930 1931 1896
f 1930 1896 1898
f 1931 1897 1896
f 1931 1932 1897
f 1932 1899 1897
f 1933 1898 1899
f 1933 1930 1898
f 1932 1933 1899
f 1903 1900 1934
f 1900 1901 1935
f 1900 1935 1934
f 1901 1902 1936
f 1901 1936 1935
f 1902 1903 1937
f 1902 1937 1936
f 1903 1934 1937
f 1938 1904 1907
f 1938 1939 1904
f 1939 1905 1904
f 1939 1940 1905
f 1940 1906 1905
f 1941 1907 1906
f 1940 1941 1906
f 1941 1938 1907
f 1909 1908 1911
f 1910 1909 1911
f 1915 1912 1942
f 1912 1913 1943
f 1912 1943 1942
f 1913 1914 1944
f 1913 1944 1943
f 1914 1945 1944
f 1914 1915 1945
f 1915 1942 1945
f 1917 1916 1946
f 1947 1916 1918
f 1947 1946 1916
f 1917 1946 1948
f 1919 1917 1948
f 1918 1919 1949
f 1918 1949 1947
f 1919 1948 1949
f 1950 1921 1920
f 1951 1950 1920
f 1951 1920 1925
f 1922 1921 1952
f 1952 1921 1953
f 1954 1953 1921
f 1950 1954 1921
f 1923 1922 1952
f 1955 1956 1923
f 1956 1924 1923
f 1923 1952 1955
f 1957 1953 1924
f 1956 1957 1924
f 1953 1925 1924
f 1958 1951 1925
f 1925 1953 1958
f 1929 1926 1959
f 1926 1927 1960
f 1926 1960 1959
f 1927 1928 1961
f 1927 1961 1960
f 1928 1929 1962
f 1928 1962 1961
f 1929 1959 1962
f 1963 1964 1930
f 1963 1930 1933
f 1964 1931 1930
f 1964 1965 1931
f 1965 1932 1931
f 1965 1966 1932
f 1966 1933 1932
f 1966 1963 1933
f 1937 1934 1935
f 1937 1935 1936
f 1941 1939 1938
f 1941 1940 1939
f 1945 1942 1967
f 1942 1943 1968
f 1942 1968 1967
f 1943 1944 1969
f 1943 1969 1968
f 1944 1945 1970
f 1944 1970 1969
f 1945 1967 1970
f 1948 1946 1947
f 1948 1947 1949
f 1971 1950 1951
f 1971 1972 1950
f 1972 1954 1950
f 1973 1971 1951
f 1973 1951 1958
f 1974 1955 1952
f 1957 1952 1953
f 1975 1974 1952
f 1975 1952 1957
f 1953 1954 1958
f 1958 1954 1976
f 1954 1972 1976
f 1977 1956 1955
f 1974 1977 1955
f 1978 1957 1956
f 1977 1978 1956
f 1978 1975 1957
f 1976 1973 1958
f 1962 1959 1979
f 1959 1960 1980
f 1959 1980 1979
f 1960 1961 1981
f 1960 1981 1980
f 1961 1962 1982
f 1961 1982 1981
f 1962 1979 1982
f 1983 1984 1963
f 1983 1963 1966
f 1984 1964 1963
f 1984 1985 1964
f 1985 1965 1964
f 1985 1986 1965
f 1986 1966 1965
f 1986 1983 1966
f 1968 1970 1967
f 1968 1969 1970
f 1987 1988 1971
f 1987 1971 1973
f 1988 1972 1971
f 1976 1972 1989
f 1972 1988 1989
f 1990 1973 1976
f 1990 1987 1973
f 1991 1974 1975
f 1992 1977 1974
f 1991 1992 1974
f 1993 1975 1978
f 1993 1991 1975
f 1989 1990 1976
f 1994 1978 1977
f 1992 1994 1977
f 1994 1993 1978
f 1982 1979 1995
f 1979 1980 1996
f 1979 1996 1995
f 1980 1981 1997
f 1980 1997 1996
f 1981 1982 1998
f 1981 1998 1997
f 1982 1995 1998
f 1999 2000 1983
f 2000 1984 1983
f 1999 1983 1986
f 2000 2001 1984
f 2001 1985 1984
f 2001 2002 1985
f 2002 1986 1985
f 2002 1999 1986
f 2003 1988 1987
f 2004 2003 1987
f 2004 1987 1990
f 1989 1988 2005
f 1988 2003 2005
f 2006 1990 1989
f 2006 1989 2005
f 2006 2004 1990
f 2007 1991 1993
f 2008 1992 1991
f 2007 2008 1991
f 2009 1994 1992
f 2008 2009 1992
f 2010 2007 1993
f 2010 1993 1994
f 2009 2010 1994
f 1996 1998 1995
f 1996 1997 1998
f 2002 2000 1999
f 2002 2001 2000
f 2005 2003 2004
f 2006 2005 2004
f 2011 2007 2010
f 2012 2008 2007
f 2011 2012 2007
f 2013 2009 2008
f 2012 2013 2008
f 2014 2010 2009
f 2013 2014 2009
f 2014 2011 2010
f 2012 2011 2014
f 2012 2014 2013
f 2015 2016 2017
f 2018 2019 2015
f 2018 2015 2020
f 2019 2016 2015
f 2020 2015 2021
f 2015 2017 2021
f 2019 2022 2016
f 2022 2023 2016
f 2016 2023 2024
f 2016 2024 2017
f 2017 2024 2021
f 2025 2026 2018
f 2025 2018 2027
f 2026 2019 2018
f 2027 2018 2020
f 2026 2028 2019
f 2028 2022 2019
f 2020 2029 2027
f 2020 2030 2029
f 2020 2021 2030
f 2024 2030 2021
f 2028 2031 2022
f 2031 2032 2022
f 2022 2032 2023
f 2032 2033 2023
f 2023 2033 2034
f 2023 2034 2024
f 2024 2034 2030
f 2035 2036 2025
f 2036 2026 2025
f 2035 2025 2037
f 2037 2025 2027
f 2036 2038 2026
f 2038 2028 2026
f 2037 2027 2039
f 2039 2027 2029
f 2038 2040 2028
f 2040 2031 2028
f 2039 2029 2033
f 2033 2029 2041
f 2029 2030 2041
f 2034 2041 2030
f 2040 2042 2031
f 2042 2043 2031
f 2031 2043 2032
f 2043 2039 2032
f 2032 2039 2033
f 2033 2041 2034
f 2044 2045 2035
f 2044 2035 2046
f 2045 2036 2035
f 2046 2035 2037
f 2047 2038 2036
f 2045 2047 2036
f 2046 2037 2043
f 2043 2037 2039
f 2047 2048 2038
f 2048 2040 2038
f 2048 2049 2040
f 2049 2042 2040
f 2049 2050 2042
f 2050 2046 2042
f 2042 2046 2043
f 2051 2052 2044
f 2051 2044 2050
f 2052 2045 2044
f 2050 2044 2046
f 2052 2053 2045
f 2053 2047 2045
f 2053 2054 2047
f 2054 2048 2047
f 2054 2055 2048
f 2055 2049 2048
f 2055 2056 2049
f 2056 2050 2049
f 2056 2051 2050
f 2057 2058 2051
f 2058 2052 2051
f 2057 2051 2056
f 2058 2059 2052
f 2059 2053 2052
f 2059 2060 2053
f 2060 2054 2053
f 2060 2061 2054
f 2061 2055 2054
f 2061 2062 2055
f 2062 2056 2055
f 2062 2057 2056
f 2063 2064 2057
f 2063 2057 2062
f 2064 2058 2057
f 2064 2065 2058
f 2065 2059 2058
f 2065 2066 2059
f 2066 2060 2059
f 2066 2067 2060
f 2067 2061 2060
f 2067 2062 2061
f 2067 2063 2062
f 2068 2069 2063
f 2069 2070 2063
f 2070 2064 2063
f 2063 2067 2071
f 2071 2068 2063
f 2070 2072 2064
f 2072 2065 2064
f 2072 2073 2065
f 2073 2066 2065
f 2073 2071 2066
f 2071 2067 2066
f 2074 2068 2071
f 2074 2075 2068
f 2069 2068 2075
f 2076 2070 2069
f 2076 2069 2075
f 2076 2077 2070
f 2077 2072 2070
f 2078 2074 2071
f 2078 2071 2073
f 2077 2079 2072
f 2079 2073 2072
f 2079 2078 2073
f 2080 2081 2074
f 2080 2074 2078
f 2081 2075 2074
f 2081 2082 2075
f 2076 2075 2082
f 2082 2083 2076
f 2083 2077 2076
f 2083 2084 2077
f 2084 2079 2077
f 2085 2080 2078
f 2085 2078 2079
f 2084 2085 2079
f 2086 2087 2080
f 2086 2080 2085
f 2087 2081 2080
f 2087 2088 2081
f 2088 2082 2081
f 2088 2089 2082
f 2089 2083 2082
f 2089 2090 2083
f 2090 2084 2083
f 2090 2091 2084
f 2091 2085 2084
f 2091 2086 2085
f 2092 2093 2086
f 2092 2086 2091
f 2093 2087 2086
f 2093 2094 2087
f 2094 2088 2087
f 2094 2095 2088
f 2095 2089 2088
f 2095 2096 2089
f 2096 2090 2089
f 2096 2097 2090
f 2097 2091 2090
f 2097 2092 2091
f 2098 2099 2092
f 2098 2092 2097
f 2099 2093 2092
f 2099 2100 2093
f 2094 2093 2100
f 2095 2094 2100
f 2100 2101 2095
f 2101 2096 2095
f 2101 2102 2096
f 2102 2097 2096
f 2102 2098 2097
f 2103 2104 2098
f 2103 2098 2102
f 2104 2099 2098
f 2104 2105 2099
f 2105 2100 2099
f 2106 2107 2100
f 2107 2101 2100
f 2105 2106 2100
f 2107 2108 2101
f 2108 2102 2101
f 2108 2103 2102
f 2107 2104 2103
f 2107 2103 2108
f 2107 2105 2104
f 2107 2106 2105
f 2109 2110 2111
f 2109 2112 2113
f 2109 2113 2110
f 2114 2115 2109
f 2109 2111 2116
f 2115 2112 2109
f 2114 2109 2116
f 2117 2118 2110
f 2117 2110 2113
f 2118 2111 2110
f 2118 2119 2111
f 2119 2116 2111
f 2115 2120 2112
f 2120 2113 2112
f 2120 2117 2113
f 2119 2114 2116
f 2121 2122 2114
f 2121 2114 2119
f 2122 2115 2114
f 2122 2123 2115
f 2120 2115 2123
f 2124 2125 2117
f 2124 2117 2120
f 2125 2118 2117
f 2125 2126 2118
f 2126 2119 2118
f 2126 2121 2119
f 2123 2124 2120
f 2127 2128 2121
f 2127 2121 2126
f 2128 2122 2121
f 2128 2129 2122
f 2129 2123 2122
f 2129 2130 2123
f 2130 2124 2123
f 2130 2131 2124
f 2131 2125 2124
f 2131 2132 2125
f 2132 2126 2125
f 2132 2127 2126
f 2133 2134 2127
f 2133 2127 2132
f 2134 2128 2127
f 2134 2135 2128
f 2135 2129 2128
f 2135 2136 2129
f 2136 2130 2129
f 2136 2137 2130
f 2137 2131 2130
f 2137 2138 2131
f 2138 2132 2131
f 2138 2133 2132
f 2139 2140 2133
f 2139 2133 2138
f 2140 2134 2133
f 2140 2141 2134
f 2141 2135 2134
f 2141 2142 2135
f 2142 2136 2135
f 2142 2143 2136
f 2143 2137 2136
f 2143 2144 2137
f 2144 2138 2137
f 2144 2139 2138
f 2145 2146 2139
f 2145 2139 2144
f 2146 2140 2139
f 2146 2147 2140
f 2147 2141 2140
f 2147 2148 2141
f 2142 2141 2148
f 2148 2149 2142
f 2149 2143 2142
f 2149 2150 2143
f 2150 2144 2143
f 2150 2145 2144
f 2151 2152 2145
f 2152 2146 2145
f 2151 2145 2150
f 2152 2153 2146
f 2153 2147 2146
f 2153 2154 2147
f 2154 2148 2147
f 2154 2155 2148
f 2155 2149 2148
f 2155 2156 2149
f 2156 2150 2149
f 2156 2151 2150
f 2157 2158 2151
f 2157 2151 2156
f 2158 2152 2151
f 2158 2159 2152
f 2159 2153 2152
f 2159 2160 2153
f 2160 2154 2153
f 2160 2161 2154
f 2161 2155 2154
f 2161 2162 2155
f 2162 2156 2155
f 2162 2157 2156
f 2163 2157 2164
f 2164 2157 2162
f 2163 2158 2157
f 2163 2165 2158
f 2165 2159 2158
f 2165 2166 2159
f 2166 2160 2159
f 2166 2167 2160
f 2167 2161 2160
f 2167 2168 2161
f 2168 2162 2161
f 2168 2164 2162
f 2163 2164 2169
f 2169 2170 2163
f 2170 2165 2163
f 2171 2169 2164
f 2171 2164 2168
f 2170 2172 2165
f 2172 2166 2165
f 2172 2173 2166
f 2173 2167 2166
f 2173 2174 2167
f 2174 2168 2167
f 2174 2171 2168
f 2175 2169 2171
f 2175 2176 2169
f 2170 2169 2176
f 2176 2177 2170
f 2177 2172 2170
f 2178 2175 2171
f 2178 2171 2174
f 2177 2179 2172
f 2179 2173 2172
f 2179 2180 2173
f 2180 2174 2173
f 2180 2178 2174
f 2181 2175 2178
f 2181 2182 2175
f 2182 2176 2175
f 2182 2183 2176
f 2177 2176 2183
f 2183 2184 2177
f 2184 2179 2177
f 2185 2181 2178
f 2185 2178 2180
f 2184 2186 2179
f 2186 2180 2179
f 2186 2185 2180
f 2187 2181 2185
f 2187 2188 2181
f 2188 2182 2181
f 2188 2189 2182
f 2189 2183 2182
f 2189 2190 2183
f 2190 2184 2183
f 2190 2191 2184
f 2191 2186 2184
f 2192 2187 2185
f 2192 2185 2186
f 2191 2192 2186
f 2193 2187 2192
f 2193 2194 2187
f 2194 2188 2187
f 2194 2195 2188
f 2195 2189 2188
f 2195 2196 2189
f 2196 2190 2189
f 2196 2197 2190
f 2191 2190 2197
f 2198 2192 2191
f 2197 2198 2191
f 2198 2193 2192
f 2199 2193 2198
f 2199 2200 2193
f 2200 2194 2193
f 2200 2201 2194
f 2201 2195 2194
f 2201 2202 2195
f 2202 2196 2195
f 2202 2203 2196
f 2203 2197 2196
f 2198 2197 2204
f 2203 2204 2197
f 2204 2199 2198
f 2204 2200 2199
f 2201 2200 2204
f 2203 2201 2204
f 2203 2202 2201
f 2205 2206 2207
f 2205 2208 2209
f 2205 2209 2206
f 2210 2211 2205
f 2210 2205 2207
f 2211 2208 2205
f 2212 2213 2206
f 2212 2206 2209
f 2213 2207 2206
f 2213 2210 2207
f 2211 2214 2208
f 2214 2209 2208
f 2214 2212 2209
f 2215 2216 2210
f 2215 2210 2213
f 2216 2211 2210
f 2216 2217 2211
f 2217 2214 2211
f 2218 2219 2212
f 2219 2213 2212
f 2218 2212 2214
f 2219 2215 2213
f 2217 2218 2214
f 2220 2221 2215
f 2220 2215 2219
f 2221 2216 2215
f 2221 2222 2216
f 2222 2217 2216
f 2222 2223 2217
f 2223 2218 2217
f 2223 2224 2218
f 2224 2219 2218
f 2224 2220 2219
f 2225 2226 2220
f 2226 2221 2220
f 2225 2220 2224
f 2226 2227 2221
f 2227 2222 2221
f 2227 2228 2222
f 2228 2223 2222
f 2228 2229 2223
f 2229 2224 2223
f 2229 2225 2224
f 2230 2231 2225
f 2230 2225 2229
f 2231 2226 2225
f 2231 2232 2226
f 2232 2227 2226
f 2232 2233 2227
f 2233 2228 2227
f 2233 2234 2228
f 2234 2229 2228
f 2234 2230 2229
f 2235 2236 2230
f 2235 2230 2234
f 2236 2231 2230
f 2236 2237 2231
f 2237 2232 2231
f 2237 2238 2232
f 2238 2233 2232
f 2238 2239 2233
f 2239 2234 2233
f 2239 2235 2234
f 2240 2241 2235
f 2240 2235 2239
f 2241 2236 2235
f 2241 2242 2236
f 2242 2237 2236
f 2242 2243 2237
f 2243 2238 2237
f 2243 2244 2238
f 2244 2239 2238
f 2244 2240 2239
f 2245 2246 2240
f 2245 2240 2244
f 2246 2241 2240
f 2246 2247 2241
f 2247 2242 2241
f 2247 2248 2242
f 2248 2243 2242
f 2248 2249 2243
f 2249 2244 2243
f 2249 2245 2244
f 2250 2251 2245
f 2250 2245 2249
f 2251 2246 2245
f 2252 2247 2246
f 2253 2252 2246
f 2251 2253 2246
f 2247 2252 2254
f 2254 2248 2247
f 2254 2255 2248
f 2255 2249 2248
f 2255 2250 2249
f 2250 2253 2251
f 2250 2255 2254
f 2250 2254 2253
f 2252 2253 2254
f 2256 2257 2258
f 2256 2259 2260
f 2261 2262 2256
f 2256 2260 2257
f 2261 2256 2258
f 2262 2259 2256
f 2257 2263 2258
f 2264 2265 2257
f 2264 2257 2260
f 2265 2263 2257
f 2266 2261 2258
f 2266 2258 2263
f 2262 2267 2259
f 2267 2260 2259
f 2267 2264 2260
f 2268 2269 2261
f 2269 2262 2261
f 2268 2261 2266
f 2269 2270 2262
f 2270 2267 2262
f 2265 2266 2263
f 2271 2272 2264
f 2271 2264 2267
f 2272 2265 2264
f 2272 2273 2265
f 2273 2266 2265
f 2273 2268 2266
f 2270 2271 2267
f 2274 2275 2268
f 2274 2268 2273
f 2275 2269 2268
f 2275 2276 2269
f 2276 2270 2269
f 2276 2277 2270
f 2277 2271 2270
f 2277 2278 2271
f 2278 2272 2271
f 2278 2279 2272
f 2279 2273 2272
f 2279 2274 2273
f 2280 2281 2274
f 2280 2274 2279
f 2281 2275 2274
f 2281 2282 2275
f 2282 2276 2275
f 2282 2283 2276
f 2283 2277 2276
f 2283 2284 2277
f 2284 2278 2277
f 2284 2285 2278
f 2285 2279 2278
f 2285 2280 2279
f 2286 2287 2280
f 2286 2280 2285
f 2287 2281 2280
f 2287 2288 2281
f 2288 2282 2281
f 2288 2289 2282
f 2289 2283 2282
f 2289 2290 2283
f 2290 2284 2283
f 2290 2291 2284
f 2291 2285 2284
f 2291 2286 2285
f 2292 2293 2286
f 2292 2286 2291
f 2293 2287 2286
f 2293 2294 2287
f 2294 2288 2287
f 2294 2295 2288
f 2295 2289 2288
f 2295 2296 2289
f 2296 2290 2289
f 2296 2297 2290
f 2297 2291 2290
f 2297 2292 2291
f 2298 2299 2292
f 2298 2292 2297
f 2299 2293 2292
f 2299 2300 2293
f 2300 2294 2293
f 2300 2301 2294
f 2301 2295 2294
f 2301 2302 2295
f 2302 2296 2295
f 2302 2303 2296
f 2303 2297 2296
f 2303 2298 2297
f 2304 2305 2298
f 2305 2299 2298
f 2304 2298 2303
f 2305 2306 2299
f 2306 2300 2299
f 2306 2307 2300
f 2307 2301 2300
f 2307 2308 2301
f 2308 2302 2301
f 2308 2309 2302
f 2309 2303 2302
f 2309 2304 2303
f 2310 2311 2304
f 2310 2304 2309
f 2311 2305 2304
f 2311 2312 2305
f 2312 2306 2305
f 2312 2313 2306
f 2313 2307 2306
f 2313 2314 2307
f 2314 2308 2307
f 2314 2315 2308
f 2315 2309 2308
f 2315 2310 2309
f 2316 2317 2310
f 2316 2310 2315
f 2317 2311 2310
f 2317 2318 2311
f 2318 2312 2311
f 2318 2319 2312
f 2319 2313 2312
f 2319 2320 2313
f 2320 2314 2313
f 2320 2321 2314
f 2321 2315 2314
f 2321 2316 2315
f 2322 2323 2316
f 2322 2316 2321
f 2323 2317 2316
f 2323 2324 2317
f 2324 2318 2317
f 2324 2325 2318
f 2325 2319 2318
f 2325 2326 2319
f 2326 2320 2319
f 2326 2327 2320
f 2327 2321 2320
f 2322 2321 2327
f 2328 2329 2322
f 2328 2322 2327
f 2329 2323 2322
f 2329 2330 2323
f 2330 2324 2323
f 2330 2331 2324
f 2331 2325 2324
f 2331 2332 2325
f 2332 2326 2325
f 2332 2333 2326
f 2333 2327 2326
f 2333 2328 2327
f 2334 2335 2328
f 2334 2328 2333
f 2335 2329 2328
f 2335 2336 2329
f 2336 2330 2329
f 2336 2337 2330
f 2337 2331 2330
f 2337 2338 2331
f 2338 2332 2331
f 2338 2339 2332
f 2339 2333 2332
f 2339 2334 2333
f 2340 2341 2334
f 2341 2335 2334
f 2340 2334 2339
f 2341 2342 2335
f 2342 2336 2335
f 2342 2343 2336
f 2343 2337 2336
f 2343 2344 2337
f 2344 2338 2337
f 2344 2345 2338
f 2345 2339 2338
f 2345 2340 2339
f 2346 2340 2347
f 2347 2340 2345
f 2346 2341 2340
f 2346 2348 2341
f 2348 2342 2341
f 2348 2349 2342
f 2349 2343 2342
f 2349 2350 2343
f 2350 2344 2343
f 2350 2351 2344
f 2351 2345 2344
f 2351 2347 2345
f 2351 2346 2347
f 2349 2348 2346
f 2349 2346 2351
f 2349 2351 2350
f 2352 2353 2354
f 2355 2352 2356
f 2352 2355 2357
f 2352 2354 2356
f 2352 2357 2353
f 2353 2357 2358
f 2353 2358 2354
f 2356 2354 2359
f 2354 2358 2360
f 2354 2360 2359
f 2357 2355 2361
f 2355 2356 2361
f 2361 2356 2362
f 2356 2359 2362
f 2357 2361 2358
f 2358 2361 2363
f 2358 2363 2360
f 2362 2359 2364
f 2359 2360 2365
f 2359 2365 2364
f 2360 2363 2366
f 2360 2366 2365
f 2361 2362 2363
f 2363 2362 2367
f 2362 2364 2367
f 2363 2367 2366
f 2367 2364 2368
f 2364 2365 2369
f 2364 2369 2368
f 2365 2366 2370
f 2365 2370 2369
f 2366 2367 2371
f 2366 2371 2370
f 2367 2368 2371
f 2371 2368 2372
f 2368 2369 2373
f 2368 2373 2372
f 2369 2370 2374
f 2369 2374 2373
f 2370 2371 2375
f 2370 2375 2374
f 2371 2372 2375
f 2375 2372 2376
f 2372 2373 2377
f 2372 2377 2376
f 2373 2374 2378
f 2373 2378 2377
f 2374 2375 2379
f 2374 2379 2378
f 2375 2376 2379
f 2379 2376 2380
f 2376 2377 2381
f 2376 2381 2380
f 2377 2378 2382
f 2377 2382 2381
f 2378 2379 2383
f 2378 2383 2382
f 2379 2380 2383
f 2383 2380 2384
f 2380 2381 2385
f 2380 2385 2384
f 2381 2382 2386
f 2381 2386 2385
f 2382 2383 2387
f 2382 2387 2386
f 2383 2384 2387
f 2387 2384 2388
f 2384 2385 2389
f 2384 2389 2388
f 2385 2386 2390
f 2385 2390 2389
f 2386 2387 2391
f 2386 2391 2390
f 2387 2388 2391
f 2391 2388 2392
f 2388 2389 2393
f 2388 2393 2392
f 2389 2390 2394
f 2389 2394 2393
f 2390 2391 2395
f 2390 2395 2394
f 2391 2392 2395
f 2395 2392 2396
f 2392 2393 2397
f 2392 2397 2396
f 2393 2394 2398
f 2393 2398 2397
f 2394 2395 2399
f 2394 2399 2398
f 2395 2396 2399
f 2399 2396 2400
f 2396 2397 2401
f 2396 2401 2400
f 2397 2398 2402
f 2397 2402 2401
f 2398 2399 2403
f 2398 2403 2402
f 2399 2400 2403
f 2403 2400 2404
f 2400 2401 2405
f 2400 2405 2404
f 2401 2402 2406
f 2401 2406 2405
f 2402 2403 2407
f 2402 2407 2406
f 2403 2404 2407
f 2407 2404 2408
f 2404 2405 2409
f 2404 2409 2408
f 2405 2406 2410
f 2405 2410 2409
f 2406 2407 2411
f 2406 2411 2410
f 2407 2408 2411
f 2411 2408 2412
f 2408 2409 2413
f 2408 2413 2412
f 2409 2410 2414
f 2409 2414 2413
f 2410 2411 2415
f 2410 2415 2414
f 2411 2412 2415
f 2414 2415 2412
f 2414 2412 2413
f 2416 2417 2418
f 2419 2416 2420
f 2416 2418 2421
f 2416 2419 2417
f 2420 2416 2421
f 2417 2422 2423
f 2419 2424 2417
f 2418 2417 2423
f 2417 2424 2422
f 2421 2418 2425
f 2418 2423 2426
f 2425 2418 2426
f 2420 2424 2419
f 2420 2425 2424
f 2420 2421 2425
f 2422 2427 2428
f 2424 2429 2422
f 2423 2422 2428
f 2422 2429 2427
f 2423 2428 2430
f 2426 2423 2430
f 2424 2425 2429
f 2425 2426 2429
f 2426 2430 2431
f 2429 2426 2431
f 2427 2432 2433
f 2429 2431 2427
f 2428 2427 2433
f 2427 2431 2432
f 2428 2433 2434
f 2430 2428 2434
f 2430 2434 2435
f 2431 2430 2435
f 2431 2435 2432
f 2432 2436 2437
f 2433 2432 2437
f 2432 2435 2436
f 2433 2437 2438
f 2434 2433 2438
f 2434 2438 2439
f 2435 2434 2439
f 2435 2439 2436
f 2436 2440 2441
f 2437 2436 2441
f 2436 2439 2440
f 2437 2441 2442
f 2438 2437 2442
f 2438 2442 2443
f 2439 2438 2443
f 2439 2443 2440
f 2440 2444 2445
f 2441 2440 2445
f 2440 2443 2444
f 2441 2445 2446
f 2442 2441 2446
f 2442 2446 2447
f 2443 2442 2447
f 2443 2447 2444
f 2444 2448 2449
f 2445 2444 2449
f 2444 2447 2448
f 2445 2449 2450
f 2446 2445 2450
f 2446 2450 2451
f 2447 2446 2451
f 2447 2451 2448
f 2448 2452 2453
f 2449 2448 2453
f 2448 2451 2452
f 2449 2453 2454
f 2450 2449 2454
f 2450 2454 2455
f 2451 2450 2455
f 2451 2455 2452
f 2452 2456 2457
f 2453 2452 2457
f 2452 2455 2456
f 2453 2457 2458
f 2454 2453 2458
f 2454 2458 2459
f 2455 2454 2459
f 2455 2459 2456
f 2456 2460 2461
f 2457 2456 2461
f 2456 2459 2460
f 2457 2461 2462
f 2458 2457 2462
f 2458 2462 2463
f 2459 2458 2463
f 2459 2463 2460
f 2460 2464 2465
f 2461 2460 2465
f 2460 2463 2464
f 2461 2465 2466
f 2462 2461 2466
f 2462 2466 2467
f 2463 2462 2467
f 2463 2467 2464
f 2464 2468 2469
f 2465 2464 2469
f 2464 2467 2468
f 2465 2469 2470
f 2466 2465 2470
f 2466 2470 2471
f 2467 2466 2471
f 2467 2471 2468
f 2468 2472 2473
f 2469 2468 2473
f 2468 2471 2472
f 2469 2473 2474
f 2470 2469 2474
f 2470 2474 2475
f 2471 2470 2475
f 2471 2475 2472
f 2472 2476 2477
f 2473 2472 2477
f 2472 2475 2476
f 2473 2477 2478
f 2474 2473 2478
f 2474 2478 2479
f 2475 2474 2479
f 2475 2479 2476
f 2478 2477 2476
f 2476 2479 2478
f 2480 2481 2482
f 2483 2480 2484
f 2485 2481 2480
f 2480 2482 2484
f 2485 2480 2483
f 2481 2486 2487
f 2485 2486 2481
f 2481 2487 2482
f 2484 2482 2488
f 2482 2487 2489
f 2482 2489 2488
f 2490 2483 2491
f 2483 2484 2491
f 2485 2483 2490
f 2491 2484 2492
f 2484 2488 2492
f 2486 2485 2493
f 2485 2490 2494
f 2485 2494 2493
f 2486 2493 2487
f 2487 2493 2495
f 2487 2495 2489
f 2492 2488 2496
f 2488 2489 2497
f 2488 2497 2496
f 2489 2495 2498
f 2489 2498 2497
f 2490 2491 2494
f 2494 2491 2499
f 2491 2492 2499
f 2499 2492 2500
f 2492 2496 2500
f 2493 2494 2501
f 2493 2501 2495
f 2494 2499 2501
f 2495 2501 2502
f 2495 2502 2498
f 2500 2496 2503
f 2496 2497 2504
f 2496 2504 2503
f 2497 2498 2505
f 2497 2505 2504
f 2498 2502 2506
f 2498 2506 2505
f 2501 2499 2507
f 2499 2500 2507
f 2507 2500 2508
f 2500 2503 2508
f 2501 2507 2502
f 2502 2507 2509
f 2502 2509 2506
f 2508 2503 2510
f 2503 2504 2511
f 2503 2511 2510
f 2504 2505 2512
f 2504 2512 2511
f 2505 2506 2513
f 2505 2513 2512
f 2506 2509 2514
f 2506 2514 2513
f 2507 2508 2509
f 2509 2508 2515
f 2508 2510 2515
f 2509 2515 2514
f 2515 2510 2516
f 2510 2511 2517
f 2510 2517 2516
f 2512 2518 2511
f 2511 2518 2517
f 2512 2513 2519
f 2512 2519 2518
f 2513 2514 2520
f 2513 2520 2519
f 2514 2515 2521
f 2514 2521 2520
f 2515 2516 2521
f 2521 2516 2522
f 2516 2517 2523
f 2516 2523 2522
f 2517 2518 2524
f 2517 2524 2523
f 2518 2519 2525
f 2518 2525 2524
f 2519 2520 2526
f 2519 2526 2525
f 2520 2521 2527
f 2520 2527 2526
f 2521 2522 2527
f 2527 2522 2528
f 2522 2523 2529
f 2522 2529 2528
f 2523 2524 2530
f 2523 2530 2529
f 2524 2525 2531
f 2524 2531 2530
f 2525 2526 2532
f 2525 2532 2531
f 2526 2527 2533
f 2526 2533 2532
f 2527 2528 2533
f 2533 2528 2534
f 2528 2529 2535
f 2528 2535 2534
f 2529 2530 2536
f 2529 2536 2535
f 2530 2531 2537
f 2530 2537 2536
f 2531 2532 2538
f 2531 2538 2537
f 2532 2533 2539
f 2532 2539 2538
f 2533 2534 2539
f 2539 2534 2540
f 2534 2535 2541
f 2534 2541 2540
f 2535 2536 2542
f 2535 2542 2541
f 2536 2537 2543
f 2536 2543 2542
f 2537 2538 2544
f 2537 2544 2543
f 2538 2539 2545
f 2538 2545 2544
f 2539 2540 2545
f 2545 2540 2546
f 2540 2541 2547
f 2540 2547 2546
f 2541 2542 2548
f 2541 2548 2547
f 2542 2543 2549
f 2542 2549 2548
f 2543 2544 2550
f 2543 2550 2549
f 2544 2545 2551
f 2544 2551 2550
f 2545 2546 2551
f 2551 2546 2552
f 2546 2547 2553
f 2546 2553 2552
f 2547 2548 2554
f 2554 2553 2547
f 2548 2549 2555
f 2548 2555 2554
f 2549 2550 2556
f 2549 2556 2555
f 2550 2551 2557
f 2550 2557 2556
f 2551 2552 2557
f 2557 2552 2558
f 2552 2553 2559
f 2552 2559 2558
f 2553 2554 2560
f 2553 2560 2559
f 2554 2555 2561
f 2554 2561 2560
f 2555 2556 2562
f 2555 2562 2561
f 2556 2557 2563
f 2556 2563 2562
f 2557 2558 2563
f 2563 2558 2564
f 2558 2559 2565
f 2558 2565 2564
f 2559 2560 2566
f 2559 2566 2565
f 2560 2561 2567
f 2560 2567 2566
f 2561 2562 2568
f 2561 2568 2567
f 2562 2563 2569
f 2562 2569 2568
f 2563 2564 2569
f 2569 2564 2570
f 2564 2565 2571
f 2564 2571 2570
f 2565 2566 2572
f 2565 2572 2571
f 2566 2567 2573
f 2566 2573 2572
f 2567 2568 2574
f 2567 2574 2573
f 2568 2569 2575
f 2568 2575 2574
f 2569 2570 2575
f 2575 2570 2571
f 2575 2571 2572
f 2572 2573 2574
f 2575 2572 2574
f 2576 2577 2578
f 2579 2576 2580
f 2576 2579 2581
f 2576 2578 2580
f 2576 2581 2582
f 2576 2582 2577
f 2577 2583 2584
f 2582 2583 2577
f 2577 2584 2578
f 2580 2578 2585
f 2578 2584 2586
f 2578 2586 2585
f 2581 2579 2587
f 2579 2580 2587
f 2587 2580 2588
f 2580 2585 2588
f 2582 2581 2589
f 2581 2587 2589
f 2583 2582 2590
f 2582 2589 2590
f 2583 2590 2584
f 2584 2590 2591
f 2584 2591 2586
f 2588 2585 2592
f 2585 2586 2593
f 2585 2593 2592
f 2586 2591 2594
f 2586 2594 2593
f 2589 2587 2595
f 2587 2588 2595
f 2595 2588 2596
f 2588 2592 2596
f 2590 2589 2597
f 2589 2595 2597
f 2590 2597 2591
f 2591 2597 2598
f 2591 2598 2594
f 2596 2592 2599
f 2592 2593 2600
f 2592 2600 2599
f 2593 2594 2601
f 2593 2601 2600
f 2594 2598 2602
f 2594 2602 2601
f 2597 2595 2603
f 2595 2596 2603
f 2603 2596 2604
f 2596 2599 2604
f 2597 2603 2598
f 2598 2603 2605
f 2598 2605 2602
f 2604 2599 2606
f 2599 2600 2607
f 2599 2607 2606
f 2600 2601 2608
f 2600 2608 2607
f 2601 2602 2609
f 2601 2609 2608
f 2602 2605 2610
f 2602 2610 2609
f 2603 2604 2605
f 2605 2604 2611
f 2604 2606 2611
f 2605 2611 2610
f 2611 2606 2612
f 2606 2607 2613
f 2606 2613 2612
f 2607 2608 2614
f 2607 2614 2613
f 2608 2609 2615
f 2608 2615 2614
f 2609 2610 2616
f 2609 2616 2615
f 2610 2611 2617
f 2610 2617 2616
f 2611 2612 2617
f 2617 2612 2618
f 2612 2613 2619
f 2612 2619 2618
f 2613 2614 2620
f 2613 2620 2619
f 2614 2615 2621
f 2614 2621 2620
f 2615 2616 2622
f 2615 2622 2621
f 2616 2617 2623
f 2616 2623 2622
f 2617 2618 2623
f 2623 2618 2624
f 2618 2619 2625
f 2618 2625 2624
f 2619 2620 2626
f 2619 2626 2625
f 2620 2621 2627
f 2620 2627 2626
f 2621 2622 2628
f 2621 2628 2627
f 2622 2623 2629
f 2622 2629 2628
f 2623 2624 2629
f 2629 2624 2630
f 2624 2625 2631
f 2624 2631 2630
f 2625 2626 2632
f 2625 2632 2631
f 2626 2627 2633
f 2626 2633 2632
f 2627 2628 2634
f 2627 2634 2633
f 2628 2629 2635
f 2628 2635 2634
f 2629 2630 2635
f 2635 2630 2636
f 2630 2631 2637
f 2630 2637 2636
f 2631 2632 2638
f 2631 2638 2637
f 2632 2633 2639
f 2632 2639 2638
f 2633 2634 2640
f 2633 2640 2639
f 2634 2635 2641
f 2634 2641 2640
f 2635 2636 2641
f 2641 2636 2642
f 2636 2637 2643
f 2636 2643 2642
f 2637 2638 2644
f 2637 2644 2643
f 2638 2639 2645
f 2638 2645 2644
f 2639 2640 2646
f 2639 2646 2645
f 2640 2641 2647
f 2640 2647 2646
f 2641 2642 2647
f 2647 2642 2648
f 2642 2643 2649
f 2642 2649 2648
f 2643 2644 2650
f 2643 2650 2649
f 2644 2645 2651
f 2644 2651 2650
f 2645 2646 2652
f 2645 2652 2651
f 2646 2647 2653
f 2653 2652 2646
f 2647 2648 2653
f 2653 2648 2654
f 2648 2649 2655
f 2648 2655 2654
f 2649 2650 2656
f 2649 2656 2655
f 2650 2651 2657
f 2650 2657 2656
f 2651 2652 2658
f 2651 2658 2657
f 2652 2653 2659
f 2652 2659 2658
f 2653 2654 2659
f 2659 2654 2660
f 2654 2655 2661
f 2654 2661 2660
f 2655 2656 2662
f 2655 2662 2661
f 2656 2657 2663
f 2656 2663 2662
f 2657 2658 2664
f 2657 2664 2663
f 2658 2659 2665
f 2658 2665 2664
f 2659 2660 2665
f 2665 2660 2666
f 2660 2661 2667
f 2660 2667 2666
f 2661 2662 2668
f 2661 2668 2667
f 2662 2663 2669
f 2662 2669 2668
f 2663 2664 2670
f 2663 2670 2669
f 2664 2665 2671
f 2664 2671 2670
f 2665 2666 2671
f 2666 2667 2668
f 2666 2668 2671
f 2670 2671 2668
f 2670 2668 2669
f 2672 2673 2674
f 2675 2672 2676
f 2672 2675 2677
f 2672 2674 2676
f 2672 2677 2678
f 2672 2678 2673
f 2673 2679 2680
f 2678 2679 2673
f 2673 2680 2674
f 2676 2674 2681
f 2674 2680 2682
f 2674 2682 2681
f 2677 2675 2683
f 2675 2676 2683
f 2683 2676 2684
f 2676 2681 2684
f 2678 2677 2685
f 2677 2683 2685
f 2679 2678 2686
f 2678 2685 2686
f 2679 2686 2680
f 2680 2686 2687
f 2680 2687 2682
f 2684 2681 2688
f 2681 2682 2689
f 2681 2689 2688
f 2682 2687 2690
f 2682 2690 2689
f 2683 2691 2685
f 2683 2684 2691
f 2691 2684 2692
f 2684 2688 2692
f 2686 2685 2693
f 2685 2691 2693
f 2686 2693 2687
f 2687 2693 2694
f 2687 2694 2690
f 2692 2688 2695
f 2688 2689 2696
f 2688 2696 2695
f 2689 2690 2697
f 2689 2697 2696
f 2690 2694 2698
f 2690 2698 2697
f 2693 2691 2699
f 2691 2692 2699
f 2699 2692 2700
f 2692 2695 2700
f 2693 2699 2694
f 2694 2699 2701
f 2694 2701 2698
f 2700 2695 2702
f 2695 2696 2703
f 2695 2703 2702
f 2696 2697 2704
f 2696 2704 2703
f 2697 2698 2705
f 2697 2705 2704
f 2698 2701 2706
f 2698 2706 2705
f 2699 2700 2701
f 2701 2700 2707
f 2700 2702 2707
f 2701 2707 2706
f 2707 2702 2708
f 2702 2703 2709
f 2702 2709 2708
f 2703 2704 2710
f 2703 2710 2709
f 2704 2705 2711
f 2704 2711 2710
f 2705 2706 2712
f 2705 2712 2711
f 2706 2707 2713
f 2706 2713 2712
f 2707 2708 2713
f 2713 2708 2714
f 2708 2709 2715
f 2708 2715 2714
f 2709 2710 2716
f 2709 2716 2715
f 2710 2711 2717
f 2710 2717 2716
f 2711 2712 2718
f 2711 2718 2717
f 2712 2713 2719
f 2712 2719 2718
f 2713 2714 2719
f 2719 2714 2720
f 2714 2715 2721
f 2714 2721 2720
f 2715 2716 2722
f 2715 2722 2721
f 2716 2717 2723
f 2716 2723 2722
f 2717 2718 2724
f 2717 2724 2723
f 2718 2719 2725
f 2718 2725 2724
f 2719 2720 2725
f 2725 2720 2726
f 2720 2721 2727
f 2720 2727 2726
f 2721 2722 2728
f 2721 2728 2727
f 2722 2723 2729
f 2722 2729 2728
f 2723 2724 2730
f 2723 2730 2729
f 2724 2725 2731
f 2724 2731 2730
f 2725 2726 2731
f 2731 2726 2732
f 2726 2727 2733
f 2726 2733 2732
f 2727 2728 2734
f 2727 2734 2733
f 2728 2729 2735
f 2728 2735 2734
f 2729 2730 2736
f 2729 2736 2735
f 2730 2731 2737
f 2730 2737 2736
f 2731 2732 2737
f 2737 2732 2738
f 2732 2733 2739
f 2732 2739 2738
f 2733 2734 2740
f 2733 2740 2739
f 2734 2735 2741
f 2734 2741 2740
f 2735 2736 2742
f 2735 2742 2741
f 2736 2737 2743
f 2736 2743 2742
f 2737 2738 2743
f 2743 2738 2744
f 2738 2739 2745
f 2738 2745 2744
f 2739 2740 2746
f 2739 2746 2745
f 2740 2741 2747
f 2740 2747 2746
f 2741 2742 2748
f 2741 2748 2747
f 2742 2743 2749
f 2742 2749 2748
f 2743 2744 2749
f 2749 2744 2750
f 2744 2745 2751
f 2744 2751 2750
f 2745 2746 2752
f 2745 2752 2751
f 2746 2747 2753
f 2746 2753 2752
f 2747 2748 2754
f 2747 2754 2753
f 2748 2749 2755
f 2748 2755 2754
f 2749 2750 2755
f 2755 2750 2756
f 2750 2751 2757
f 2750 2757 2756
f 2751 2752 2758
f 2751 2758 2757
f 2752 2753 2759
f 2752 2759 2758
f 2753 2754 2760
f 2753 2760 2759
f 2754 2755 2761
f 2761 2760 2754
f 2755 2756 2761
f 2761 2756 2762
f 2756 2757 2763
f 2756 2763 2762
f 2758 2764 2757
f 2757 2764 2763
f 2758 2759 2765
f 2758 2765 2764
f 2759 2760 2766
f 2759 2766 2765
f 2760 2761 2767
f 2760 2767 2766
f 2761 2762 2767
f 2767 2762 2765
f 2762 2763 2764
f 2762 2764 2765
f 2767 2765 2766
