v 0.126779567 0.0107010319 0.518782454
v 0.124701482 0.0135539766 0.5076104
v 0.121924975 0.0147444546 0.509219354
v 0.130822033 0.011719532 0.506451431
v 0.131821425 0.00839937691 0.517397993
v 0.126041007 0.0150769476 0.526920773
v 0.129571362 0.0102519756 0.529667039
v 0.123900827 0.0153406484 0.521701036
v 0.123978213 0.0138721381 0.518590476
v 0.119028078 0.0145399893 0.509972593
v 0.120114413 0.0129768909 0.508728991
v 0.120562517 0.0107488047 0.507152523
v 0.122692191 0.0123443888 0.507767927
v 0.124219938 0.0123931173 0.507842758
v 0.122048226 0.0160428966 0.517815521
v 0.118478702 0.0163266629 0.516795414
v 0.115844552 0.0148915922 0.509491093
v 0.115604738 0.0134775408 0.50989383
v 0.117720081 0.0145046384 0.509874168
v 0.13368166 0.0107411611 0.506129452
v 0.125961706 0.0110411684 0.506826612
v 0.126606628 0.00967106721 0.505671575
v 0.127476078 0.0105214087 0.506267317
v 0.129229314 0.0111529551 0.506953619
v 0.130987319 0.0107688684 0.506911274
v 0.136215491 0.00848536581 0.506316529
v 0.134087725 0.00705889431 0.51757031
v 0.134182317 0.00629263231 0.527191573
v 0.129339189 0.0125803823 0.53425262
v 0.130054813 0.0168024725 0.535393865
v 0.12453715 0.0206232758 0.525612141
v 0.127381493 0.0230013666 0.530590658
v 0.133809695 0.0125612742 0.538741713
v 0.133913832 0.00656206531 0.537999273
v 0.135682352 0.00314445681 0.53574243
v 0.130477116 0.0118036096 0.537216512
v 0.122615755 0.0195713379 0.522332198
v 0.119487647 0.0131928189 0.506338216
v 0.11916184 0.0146555987 0.505960099
v 0.117845244 0.0146221573 0.505853752
v 0.120026513 0.010557717 0.505667642
v 0.119559303 0.0114214342 0.505922684
v 0.122932963 0.0130141531 0.505623331
v 0.124690014 0.0126386639 0.505582951
v 0.125608197 0.0111386236 0.505128038
v 0.119075851 0.0181869052 0.520419989
v 0.113595446 0.0162702926 0.518381712
v 0.114289095 0.0170996146 0.522510443
v 0.112712621 0.0150779033 0.511418092
v 0.110691865 0.0134689416 0.511236913
v 0.111787753 0.0116784471 0.509940137
v 0.114701848 0.0139170439 0.509845586
v 0.1125951 0.0126721052 0.509814069
v 0.115554099 0.0145017732 0.507112144
v 0.131686705 0.00988126481 0.506870924
v 0.125869983 0.00964718261 0.504495878
v 0.127325121 0.0110698314 0.504647535
v 0.129209246 0.011909664 0.504365907
v 0.130772345 0.0110688757 0.504232004
v 0.131739255 0.00947520301 0.504254629
v 0.137108823 0.00390212051 0.517738694
v 0.139923554 0.00588370351 0.507282494
v 0.131739255 0.00674264421 0.505142828
v 0.133110308 0.00725284901 0.506352977
v 0.134461301 0.00759298561 0.507268731
v 0.136761045 0.00678181771 0.508321324
v 0.136708496 0.00306897761 0.526403823
v 0.133114131 0.0195818467 0.540696297
v 0.124521859 0.028122525 0.525324614
v 0.1223597 0.0264036897 0.524179437
v 0.126952499 0.0300276713 0.530245027
v 0.129142367 0.0287416495 0.538245481
v 0.137726994 0.00958316701 0.539349281
v 0.135786497 0.0140871122 0.543134377
v 0.138718741 0.00235717441 0.543755679
v 0.136911048 0.00353618711 0.546760889
v 0.137330489 0.00914939791 0.542567188
v 0.136997994 0.00136829381 0.534423
v 0.136189693 0.000603942205 0.528806395
v 0.140157634 0.00118198271 0.541796165
v 0.119942435 0.0230376749 0.524204087
v 0.119672047 0.0115848146 0.501665948
v 0.118984128 0.0126529954 0.501994823
v 0.117895882 0.0138167217 0.502898751
v 0.115966849 0.0138750033 0.503392078
v 0.121924975 0.0121876963 0.500274592
v 0.121132915 0.0123902502 0.501427663
v 0.123946684 0.0121217711 0.501025894
v 0.125534627 0.0102271336 0.500399662
v 0.124834286 0.0111166486 0.500431179
v 0.115427026 0.0193105023 0.527915291
v 0.104896164 0.0129682916 0.514842825
v 0.10816186 0.0113115589 0.517640269
v 0.105397772 0.0103761825 0.514747276
v 0.109655211 0.0154629456 0.520434721
v 0.110135801 0.0158804719 0.524247401
v 0.110395679 0.0162827127 0.528083675
v 0.108212498 0.0136877383 0.513092074
v 0.109873054 0.0143364815 0.512535743
v 0.111584247 0.0121494784 0.507556229
v 0.110926903 0.0133514227 0.508407012
v 0.110270516 0.0145428563 0.509265602
v 0.112988744 0.0138931575 0.507282494
v 0.11297441 0.0142533578 0.504345219
v 0.131379055 0.00767610931 0.503884407
v 0.128493622 0.0111290687 0.499991995
v 0.126814918 0.0109255609 0.500653706
v 0.130291762 0.0108711002 0.500469563
v 0.131469816 0.00929940251 0.500471529
v 0.131959006 0.00817007131 0.50041049
v 0.1409239 0.00279285481 0.506700573
v 0.138910786 -0.001513313 0.517278851
v 0.137267432 0.00542795941 0.508196253
v 0.137462339 0.00447347401 0.507200767
v 0.134156519 0.00829810081 0.503692399
v 0.131647532 0.00675124341 0.503897201
v 0.136397976 0.00801911111 0.504368871
v 0.137762345 0.00712386391 0.504503772
v 0.13446417 0.019921985 0.541612052
v 0.130821079 0.0282429109 0.539940064
v 0.122759074 0.0334452816 0.526254161
v 0.123240614 0.0356657242 0.531481762
v 0.120759335 0.0322710464 0.524710179
v 0.118710874 0.0304872399 0.525052875
v 0.129080265 0.0321067104 0.540026751
v 0.126851223 0.0343577273 0.541069512
v 0.132575261 0.0203356886 0.545115489
v 0.134917047 0.0118322726 0.547249316
v 0.136654038 0.00968444311 0.545545811
v 0.135896372 0.0200834523 0.543152102
v 0.141685382 -0.000222513705 0.549101484
v 0.142712479 -0.000865524625 0.546942069
v 0.138283062 0.00171416351 0.549189109
v 0.138834354 0.00360115751 0.549671607
v 0.135807518 3.73662054e-05 0.535013783
v 0.13523139 -0.000542585665 0.529668976
v 0.138944229 -0.000274107415 0.541866124
v 0.139267163 -0.00165089652 0.525011498
v 0.142863443 -0.00237894158 0.546190766
v 0.117623582 0.024292165 0.529051606
v 0.118322011 0.0300620683 0.528271721
v 0.120690545 0.0107803329 0.500100309
v 0.119289871 0.0112360788 0.502137589
v 0.116798083 0.0119937416 0.5013538
v 0.115085935 0.0130714791 0.502560017
v 0.112676313 0.0134125713 0.502682123
v 0.124505614 0.00944080601 0.500590672
v 0.12263773 0.0102854152 0.499504596
v 0.12513143 0.00992712621 0.500627119
v 0.126372548 0.00931564351 0.499326352
v 0.111122767 0.0163065991 0.535046297
v 0.113905966 0.0195273878 0.536955572
v 0.115936275 0.0224567665 0.540157691
v 0.104216849 0.0105949774 0.512615504
v 0.10524968 0.0121704996 0.513100937
v 0.103188793 0.0116182542 0.51423332
v 0.103011082 0.0132702103 0.515498579
v 0.10634748 0.0139055777 0.518636724
v 0.103027326 0.0131039629 0.516099222
v 0.102157873 0.0136638519 0.516590582
v 0.107354513 0.0149154786 0.523167194
v 0.1072819 0.0144004954 0.527957607
v 0.10699049 0.0135702177 0.53274708
v 0.108527795 0.0154944756 0.509951934
v 0.106394295 0.0149126115 0.510075009
v 0.103933084 0.0130638355 0.510700302
v 0.112008461 0.0137230892 0.505597742
v 0.111531698 0.0120740001 0.506782301
v 0.110355551 0.0140508056 0.507130866
v 0.108992136 0.0149450972 0.506994967
v 0.111544116 0.0117606151 0.503697329
v 0.111911962 0.0120233603 0.505971896
v 0.129003825 0.00875862331 0.499139274
v 0.131571093 0.00725284901 0.500247036
v 0.131985757 0.00749744181 0.500252935
v 0.133887081 0.00811370101 0.499907333
v 0.142854844 0.000401388305 0.507434151
v 0.139148689 0.00194633521 0.507418393
v 0.137870312 0.00234857521 0.505147729
v 0.137383038 0.00324955551 0.505165454
v 0.137184309 0.00381422021 0.505824201
v 0.139910178 0.000907772205 0.508097829
v 0.140292353 -0.0055939975 0.523982529
v 0.140789181 -0.00672141665 0.518124704
v 0.143773974 -0.00228339774 0.505953203
v 0.137879866 0.00463398821 0.504166035
v 0.135341265 0.00773247961 0.498643982
v 0.137364886 0.00643594711 0.498597704
v 0.136431419 0.00695857391 0.49807779
v 0.138123506 0.00522636111 0.498991579
v 0.131568231 0.0272674052 0.542796611
v 0.129828371 0.0304194034 0.54524549
v 0.117005411 0.0373855169 0.525078464
v 0.115269377 0.0420432876 0.531649149
v 0.116343294 0.035986751 0.523836799
v 0.11599647 0.0418483772 0.544346462
v 0.118969798 0.0401027868 0.547867683
v 0.11252631 0.0440095826 0.543250527
v 0.115189123 0.0357937519 0.525694837
v 0.120684811 0.0348965969 0.550880758
v 0.119256428 0.0398429087 0.551548367
v 0.130992103 0.0257587675 0.545540881
v 0.129741432 0.019089796 0.544764987
v 0.130234436 0.0123195467 0.546172043
v 0.127345181 0.0242950338 0.545139142
v 0.135925039 0.00648467561 0.550932934
v 0.131077134 0.00646747711 0.550007378
v 0.144009969 -0.00216110137 0.551612341
v 0.144560307 -0.00244486678 0.548650502
v 0.142334127 -0.00270188054 0.555925243
v 0.142097177 -0.00144643213 0.554657931
v 0.144049143 -0.00384840841 0.548451599
v 0.138850591 0.00112561241 0.553886966
v 0.136771559 0.00354096451 0.554187287
v 0.10353371 0.000763500805 0.532133642
v 0.104886611 -9.25737646e-05 0.526245299
v 0.100933 0.000816049305 0.538255282
v 0.104995533 -0.00164516428 0.523606379
v 0.0985826182 0.000316354105 0.541435803
v 0.105689181 -0.00492136794 0.521512932
v 0.0998313778 -0.000922851465 0.545538944
v 0.0997310557 -0.00372993383 0.547917864
v 0.119014702 0.0309735601 0.535451969
v 0.110560015 0.0399728477 0.528213617
v 0.122048226 0.00797993931 0.501562564
v 0.120286395 0.00937870351 0.502343388
v 0.118577112 0.00945036091 0.50281406
v 0.117499377 0.00898315051 0.50258857
v 0.115753786 0.00931946621 0.502876096
v 0.114903443 0.0100522887 0.503653018
v 0.111609088 0.010605488 0.503671711
v 0.124714858 0.00835351541 0.502584637
v 0.123111628 0.00787770761 0.501152931
v 0.12595693 0.00774203451 0.5012839
v 0.12745028 0.00726049261 0.500488285
v 0.111838395 0.0161575503 0.541722332
v 0.107092724 0.0128956785 0.537569009
v 0.107855163 0.0116794028 0.542077823
v 0.112627586 0.0155565781 0.546016454
v 0.119074897 0.0338284144 0.544402629
v 0.118723293 0.0271756858 0.546186833
v 0.111651126 0.0208095869 0.548599265
v 0.103192616 0.0113144241 0.511141423
v 0.103012993 0.0114252551 0.511693822
v 0.102305968 0.0129377173 0.512126081
v 0.104653485 0.0123873832 0.52226623
v 0.103555685 0.0122861072 0.51824191
v 0.100113235 0.0126778374 0.517611687
v 0.104819732 0.0109169616 0.526367376
v 0.101411675 0.0145610105 0.513111736
v 0.0999068597 0.0148638848 0.513610961
v 0.0980198658 0.0136332776 0.51355585
v 0.104527365 0.00970928511 0.53047938
v 0.104377362 0.00850543131 0.534597253
v 0.104899987 0.00695761831 0.538714187
v 0.107211199 0.0149766254 0.506464255
v 0.105221971 0.014464511 0.508598051
v 0.103176375 0.0130791226 0.509279394
v 0.110318289 0.0131307163 0.505913822
v 0.108330019 0.0135377338 0.505751336
v 0.106533791 0.0144138729 0.50566371
v 0.110686131 0.0103886026 0.50574444
v 0.110652692 0.00986597761 0.504875961
v 0.130543995 0.00687353891 0.500778747
v 0.130976812 0.00667385201 0.500681261
v 0.132586729 0.00605090481 0.498332832
v 0.132956483 0.00489864471 0.499539048
v 0.140665929 -0.000917118335 0.508092898
v 0.139801256 0.00268966741 0.504993137
v 0.138424466 0.00279476621 0.504182762
v 0.137748015 0.00263043011 0.503720952
v 0.137661069 0.00343491101 0.503163623
v 0.141672967 0.000838024305 0.50535256
v 0.145303636 -0.0100664123 0.523285339
v 0.1416443 -0.0100664123 0.527063568
v 0.102198958 -0.0100664123 0.521790657
v 0.145350455 -0.0052863457 0.507332734
v 0.142929368 -0.00905077959 0.51280355
v 0.145245356 -0.00796253335 0.506731093
v 0.14102613 -0.00233212533 0.505961068
v 0.142068518 -0.00349776214 0.507331736
v 0.142894017 -0.00568189821 0.507988487
v 0.141484744 -0.00296844834 0.505760198
v 0.13846937 0.00371676591 0.499604048
v 0.13448423 0.00565057701 0.497258553
v 0.136437149 0.00361071151 0.498566187
v 0.135714841 0.00415626811 0.498025614
v 0.137614257 0.00344446501 0.499644427
v 0.128514644 0.0300802207 0.547843032
v 0.12173293 0.0328978163 0.551801443
v 0.112118337 0.0424866116 0.527602174
v 0.110602054 0.0412063202 0.526728736
v 0.103610142 0.0477463083 0.534363898
v 0.106404806 0.0484065177 0.537448869
v 0.109199469 0.0458507151 0.543826578
v 0.115980225 0.0401696694 0.54572699
v 0.112183308 0.0419936034 0.542829125
v 0.117453515 0.0402260415 0.548078384
v 0.117124843 0.0396604203 0.552011146
v 0.108383522 0.0438920619 0.542969925
v 0.121164443 0.0393852514 0.562290158
v 0.120494681 0.0359666872 0.561562448
v 0.121180684 0.0345000883 0.560894839
v 0.119177127 0.0402011976 0.562459481
v 0.126205347 0.0285954694 0.547779999
v 0.121542796 0.0131488687 0.550526264
v 0.123312273 0.0141501704 0.54924422
v 0.122886147 0.0158183694 0.547711096
v 0.116453169 0.011824629 0.553384748
v 0.119765677 0.0178152386 0.547887345
v 0.131427781 0.00324000061 0.552245499
v 0.111582336 0.0110249256 0.554347808
v 0.145991555 -0.00443791517 0.553385745
v 0.146548577 -0.004159882 0.551046208
v 0.144121759 -0.00470830475 0.558550372
v 0.146248564 -0.00530927643 0.550855169
v 0.141807679 -0.00515831709 0.563285614
v 0.141071995 -0.0041703917 0.562211336
v 0.138419689 -0.00123527984 0.560946076
v 0.147270885 -0.00775520284 0.553068698
v 0.136333012 0.000915415805 0.557917214
v 0.131932254 -0.000135568225 0.556443132
v 0.100122788 0.000931657705 0.530117022
v 0.0989686163 0.00137211561 0.526306337
v 0.102820951 0.000379413205 0.528109264
v 0.0979634937 0.00105586541 0.536241655
v 0.102442595 -0.000154677175 0.524232611
v 0.10376206 0.000640248705 0.521273708
v 0.0949901648 0.000239919205 0.541194524
v 0.105576441 -0.00206937932 0.519562339
v 0.0965169585 -0.000976355625 0.544361252
v 0.108250715 -0.000672525605 0.524207022
v 0.107686051 -0.00414363962 0.522708349
v 0.105474207 -0.00806381009 0.522075191
v 0.0967768366 -0.00354075705 0.546445778
v 0.0993937879 -0.00700613794 0.544523709
v 0.101467093 -0.00816222028 0.541410213
v 0.147355924 -0.0100664123 0.553497024
v 0.141302252 -0.0100664123 0.547778062
v 0.110844737 0.0416066515 0.542148721
v 0.103127645 0.045300381 0.534861127
v 0.102750246 0.0466771719 0.533716948
v 0.120734495 0.00715921651 0.500769884
v 0.119852624 0.00754999111 0.500965853
v 0.121705221 0.00573561031 0.501087931
v 0.123014175 0.00639677541 0.501577325
v 0.11786913 0.00782515821 0.503783957
v 0.117132485 0.00780127181 0.502609258
v 0.115543589 0.00789299471 0.501821508
v 0.11399482 0.00789203901 0.501502494
v 0.112498601 0.00796847311 0.501948545
v 0.110691865 0.00796178511 0.503928718
v 0.124502753 0.00631174031 0.501131274
v 0.125620612 0.00487189301 0.500417387
v 0.127354742 0.00436646481 0.499834468
v 0.129696521 0.00597542641 0.500427217
v 0.128594898 0.00515756891 0.499618809
v 0.108615695 0.0104354197 0.546980452
v 0.10557453 0.00595727231 0.542876372
v 0.105532491 0.00721845381 0.547114385
v 0.108669198 0.0136074799 0.549365358
v 0.117419118 0.0355596716 0.552796899
v 0.116820058 0.0304862824 0.552457197
v 0.115885637 0.0390861998 0.546499949
v 0.111103661 0.0227424423 0.551626132
v 0.108731301 0.0186053871 0.547430494
v 0.102165519 0.0118552033 0.509377878
v 0.101919016 0.0125039483 0.509556122
v 0.101191924 0.0140651371 0.509745166
v 0.101854045 0.011140535 0.519508167
v 0.0998992144 0.0118418275 0.516098283
v 0.097925274 0.0106121759 0.513915215
v 0.0988224326 0.0109561352 0.517771209
v 0.0996336023 0.00712386391 0.513659205
v 0.0964214129 0.0114309892 0.513747828
v 0.103328289 0.010026491 0.523039189
v 0.100141898 0.0147444546 0.510790862
v 0.0984536331 0.0147616531 0.51149392
v 0.0682569518 0.020757995 0.512039453
v 0.0674314515 0.0202095722 0.512270871
v 0.0668935389 0.0214315802 0.511863204
v 0.0674897334 0.0224118589 0.511758793
v 0.0683840251 0.0219723576 0.511807037
v 0.0966402097 0.0133418677 0.51239688
v 0.103942637 0.00850160861 0.52670614
v 0.103710465 0.00692895531 0.53046459
v 0.103560462 0.00554929921 0.534241821
v 0.104967823 0.0139285084 0.507752198
v 0.10349549 0.0131698899 0.50775613
v 0.102455017 0.0122115827 0.507661579
v 0.109534829 0.0112962718 0.505586913
v 0.108476199 0.0107917991 0.50559871
v 0.107693696 0.0105481621 0.5066474
v 0.107251326 0.0103398759 0.506405153
v 0.10599779 0.0107812886 0.507410499
v 0.11008707 0.00923920951 0.505552432
v 0.108466646 0.00919812461 0.504232972
v 0.111108438 0.00609198971 0.505211731
v 0.109972419 0.00797611661 0.50603
v 0.130624257 0.00628594441 0.501397114
v 0.130805788 0.00405212501 0.502120862
v 0.133856506 0.00406359041 0.499238726
v 0.131354211 0.00278330081 0.50276385
v 0.14188698 -0.000561694605 0.504252663
v 0.141651946 0.00322662481 0.498106373
v 0.140128975 0.00396613521 0.498707984
v 0.142614072 0.000837069605 0.497441698
v 0.138458863 0.00354478631 0.499317489
v 0.142968542 -0.000889411035 0.498002959
v 0.143668875 -0.0100664123 0.513242734
v 0.142929368 -0.011082045 0.51280355
v 0.140789181 -0.0134114079 0.518124704
v 0.140292353 -0.0145388271 0.523982529
v 0.102948025 -0.00928104062 0.527033049
v 0.132623988 -0.0100664123 0.530676288
v 0.102948025 -0.010851784 0.527033049
v 0.105689181 -0.0152114566 0.521512932
v 0.107768217 -0.00755551591 0.521162429
v 0.103813652 -0.0100664123 0.520919214
v 0.101191924 -0.0100664123 0.53890323
v 0.101891307 -0.00928008517 0.536558704
v 0.102888788 -0.00928104062 0.532404384
v 0.103185928 -0.00928104062 0.530295208
v 0.107768217 -0.0125773087 0.521162429
v 0.105474207 -0.0120690145 0.522075191
v 0.142953251 -0.00763290648 0.507275598
v 0.145241534 -0.0100664123 0.504967548
v 0.142701972 -0.00896383445 0.505741505
v 0.140450001 -0.00242862484 0.503997651
v 0.141000332 -0.00215250213 0.502736265
v 0.144284184 -0.00631917645 0.50566371
v 0.143922069 -0.00420001035 0.505430326
v 0.143271416 -0.00269614786 0.503595882
v 0.134960997 0.00386676961 0.499308627
v 0.13701137 0.00330879281 0.500190898
v 0.135854337 0.00342917781 0.499348038
v 0.138633709 0.00263902941 0.49807779
v 0.137905663 0.00168645531 0.499205243
v 0.119852624 0.0310499923 0.551355391
v 0.119570771 0.0321286855 0.560792424
v 0.0996622652 0.0489692701 0.537886058
v 0.0990402755 0.0474692317 0.537111103
v 0.104834062 0.0471319603 0.544647781
v 0.0960153511 0.0500173889 0.542340699
v 0.0962513428 0.0498893612 0.539518664
v 0.103266187 0.0459854307 0.54305755
v 0.105971035 0.0438366473 0.542742439
v 0.118295256 0.0366670241 0.562506785
v 0.123947638 0.0377610044 0.572142722
v 0.126324775 0.0366670241 0.571109819
v 0.121735795 0.037764827 0.571657288
v 0.126529242 0.034310912 0.569028228
v 0.12462505 0.0332981441 0.569025294
v 0.12047366 0.0363937702 0.571246686
v 0.112445098 0.0169677625 0.550756685
v 0.107613438 0.0100561096 0.557476093
v 0.107125206 0.0138100338 0.555761789
v 0.147364523 -0.00739022486 0.555893727
v 0.147740007 -0.00727175029 0.554324154
v 0.145251087 -0.00793673649 0.560052977
v 0.143680343 -0.00753354085 0.562040016
v 0.141333781 -0.00539908759 0.570706084
v 0.139797434 -0.00755073867 0.571291996
v 0.137839738 -0.00194708296 0.564369753
v 0.13775566 -0.00308692291 0.571162994
v 0.134291231 0.000581967105 0.568400999
v 0.148054349 -0.0100664123 0.554551583
v 0.131540525 0.00202659191 0.567558138
v 0.105956705 0.00809172601 0.562388583
v 0.0963344665 0.00172180711 0.529374582
v 0.0948248714 0.00227596211 0.525622001
v 0.0946299646 0.00137880351 0.535569116
v 0.0942038355 0.00217468511 0.520292923
v 0.0975173009 0.00218901661 0.521723691
v 0.100007178 0.000865732505 0.522626592
v 0.0915343366 0.00121542311 0.540651985
v 0.101871243 0.00163772771 0.519045389
v 0.105312737 0.00121924491 0.519190121
v 0.0932751487 -0.000297038155 0.543111722
v 0.106769782 0.00177626691 0.525838629
v 0.0936468153 -0.00312036335 0.545617708
v 0.109324631 0.00248042651 0.522938769
v 0.109973376 -0.000683036195 0.523864325
v 0.112559749 -0.00245824348 0.522260302
v 0.096744351 -0.00756315949 0.542829125
v 0.0986313449 -0.0100664123 0.537702883
v 0.0956914556 -0.0100664123 0.537103238
v 0.147740007 -0.0128610743 0.554324154
v 0.147270885 -0.0123776217 0.553068698
v 0.0997310557 -0.0164028908 0.547917864
v 0.134398245 -0.0100664123 0.539626948
v 0.101467093 -0.0119706043 0.541410213
v 0.0994042949 0.045522043 0.537630048
v 0.121977524 0.00490628831 0.504134518
v 0.120678123 0.00465500761 0.503975994
v 0.119153241 0.00499609991 0.504237902
v 0.118215001 0.00632320661 0.504408253
v 0.1177669 0.00735794781 0.504947857
v 0.123864518 0.00635569051 0.504239868
v 0.124546703 0.00450118221 0.503226657
v 0.117072294 0.00701207901 0.504199489
v 0.115820665 0.00604039601 0.504126624
v 0.112669625 0.00486042771 0.504741059
v 0.126137507 0.00299636361 0.502936167
v 0.128109539 0.00302407171 0.503210899
v 0.130320422 0.00536012281 0.502479287
v 0.12982264 0.00397569011 0.503479703
v 0.104698389 0.0104325527 0.549942348
v 0.103404725 0.00385434861 0.538259273
v 0.102806618 0.00243552071 0.542161516
v 0.103736262 0.013461298 0.548280222
v 0.113148303 0.0278244272 0.562613075
v 0.107278078 0.0257033528 0.558048153
v 0.107923954 0.0217898692 0.545850065
v 0.104957313 0.0237513876 0.549336776
v 0.103683713 0.0165722113 0.544861474
v 0.102632729 0.011001041 0.509124802
v 0.101196701 0.013049504 0.50901552
v 0.100087437 0.0142705563 0.509678199
v 0.100619615 0.0101335011 0.524108538
v 0.0996937934 0.0111434002 0.520853246
v 0.0982969424 0.0119440592 0.517779073
v 0.0970692004 0.0105940236 0.515760516
v 0.098529115 0.00793407781 0.517317293
v 0.0999173668 0.00701589991 0.517020904
v 0.0955892256 0.0108003984 0.510928727
v 0.102283993 0.00624963781 0.516449783
v 0.0990784916 0.00560853651 0.51797604
v 0.0966210998 0.0119765449 0.511075454
v 0.100997014 0.00867072131 0.527341235
v 0.0985272036 0.0140890218 0.509071628
v 0.0973329012 0.0139992119 0.510453154
v 0.0686505929 0.0212767973 0.511863204
v 0.0681203239 0.0232383157 0.523950014
v 0.0669671077 0.0216417742 0.524732834
v 0.0642842321 0.0235144384 0.525238925
v 0.0630144524 0.0247995064 0.526687418
v 0.0652798007 0.0255810556 0.525593419
v 0.0667645544 0.0253259541 0.524850978
v 0.101110712 0.00747164401 0.53068515
v 0.100964532 0.00637766551 0.534171861
v 0.100376935 0.00604803951 0.537620188
v 0.104025761 0.0105347863 0.507086554
v 0.102873501 0.0107411611 0.509284324
v 0.107802614 0.00920576821 0.504056723
v 0.106735389 0.00891913671 0.504119728
v 0.105259233 0.00894779961 0.504809992
v 0.104020984 0.00973890381 0.506399254
v 0.103449629 0.00973603851 0.507478463
v 0.10915265 0.00703118701 0.505911855
v 0.107882872 0.00628594441 0.505893133
v 0.113324104 0.00485278411 0.510704234
v 0.11125844 0.00624581511 0.510262115
v 0.110403321 0.00597351511 0.510303492
v 0.130943369 0.00200557251 0.505408669
v 0.132524627 0.00143039721 0.502817024
v 0.133614781 0.00136542771 0.505693232
v 0.142272024 -0.00233594712 0.499271212
v 0.142654199 -0.0019872113 0.498799571
v 0.14089141 0.000112845405 0.497226067
v 0.139935976 0.00210398241 0.497550012
v 0.141163711 -0.00252799047 0.498854711
v 0.140756698 -0.000885589245 0.497517527
v 0.145350455 -0.0148464789 0.507332734
v 0.145245356 -0.0121702912 0.506731093
v 0.138910786 -0.0186195116 0.517278851
v 0.143773974 -0.0178494268 0.505953203
v 0.139267163 -0.0184819281 0.525011498
v 0.104995533 -0.0184876603 0.523606379
v 0.101891307 -0.0108527394 0.536558704
v 0.102888788 -0.010851784 0.532404384
v 0.103185928 -0.010851784 0.530295208
v 0.107686051 -0.015989185 0.522708349
v 0.108250715 -0.019460299 0.524207022
v 0.105576441 -0.0180634453 0.519562339
v 0.10376206 -0.0207730733 0.521273708
v 0.109455524 -0.00757080285 0.520450509
v 0.105409236 -0.0100664123 0.520001464
v 0.113498947 -0.00330571879 0.521325884
v 0.109455524 -0.0125620217 0.520450509
v 0.0993937879 -0.0131266866 0.544523709
v 0.112559749 -0.0176745811 0.522260302
v 0.113498947 -0.0168271058 0.521325884
v 0.14406921 -0.00875937028 0.503870614
v 0.142416296 -0.0100664123 0.504366905
v 0.142701972 -0.0111689901 0.505741505
v 0.142953251 -0.0124999181 0.507275598
v 0.143155803 -0.0100664123 0.502508809
v 0.143533202 -0.00277544932 0.498255037
v 0.144310936 -0.0100664123 0.497268413
v 0.144528771 -0.0066631348 0.496994678
v 0.144213475 -0.00502837715 0.496902093
v 0.143719517 -0.00350253915 0.497312724
v 0.133791535 0.00177722261 0.502496014
v 0.135881088 0.00205525571 0.501545808
v 0.135963251 0.00186703331 0.50250291
v 0.139074164 -7.44204846e-05 0.498917716
v 0.135830447 0.00104822191 0.503083862
v 0.10567294 0.0113641083 0.56215329
v 0.0960764998 0.0473631755 0.538207039
v 0.0961729993 0.0463313013 0.538711194
v 0.0896712291 0.0466351331 0.539306965
v 0.0893406474 0.0505151701 0.540743543
v 0.0899034017 0.0493409385 0.538642291
v 0.0916900734 0.0468806779 0.537366174
v 0.117628358 0.0326140482 0.570970017
v 0.114519356 0.0306276895 0.568629424
v 0.128270049 0.0352453328 0.578593324
v 0.13023539 0.0336038836 0.574462598
v 0.125933047 0.0349051926 0.584175419
v 0.120950423 0.0358281489 0.580293835
v 0.130324244 0.0305866046 0.586267868
v 0.129874236 0.0325070381 0.57173705
v 0.115826399 0.0344953117 0.576419177
v 0.12588432 0.0322404721 0.573415904
v 0.105552555 0.0148075128 0.568379342
v 0.147678858 -0.0100664123 0.556130016
v 0.145418288 -0.0100664123 0.560379885
v 0.144068249 -0.0100664123 0.562267503
v 0.141771374 -0.0100664123 0.567873191
v 0.141475184 -0.00502646626 0.575807676
v 0.141433149 -0.00744564036 0.57626752
v 0.140111776 -0.0100664123 0.571383554
v 0.141768505 -0.0100664123 0.576593431
v 0.134266395 0.00234379861 0.572335756
v 0.138507589 -0.000683990975 0.574397626
v 0.130498137 0.00296483451 0.571922161
v 0.147364523 -0.0127425997 0.555893727
v 0.106061804 0.00674742071 0.565649802
v 0.105994921 0.00644836911 0.568617627
v 0.092615895 0.00184696961 0.528160443
v 0.0921926347 0.00303553711 0.523310987
v 0.0913098094 0.00216417541 0.534679949
v 0.0929674978 0.00348746041 0.52023881
v 0.0880230956 0.00211162601 0.539912538
v 0.0945554401 0.00329637181 0.516552198
v 0.0969230203 0.00270973201 0.516563995
v 0.0995667232 0.00125364101 0.516557128
v 0.0899979898 0.000414765005 0.541935028
v 0.103352176 0.00331834681 0.517551646
v 0.105082475 0.00296101271 0.522619725
v 0.090535902 -0.00306399218 0.544528639
v 0.107561842 0.00353045481 0.519302397
v 0.0938082843 -0.00843929788 0.541618919
v 0.110628805 0.00267246981 0.520649412
v 0.111193473 -0.000142257025 0.523204639
v 0.112686823 0.000638337405 0.52187529
v 0.0927888303 -0.0100664123 0.538945547
v 0.096744351 -0.0125696651 0.542829125
v 0.0938082843 -0.0116935267 0.541618919
v 0.146548577 -0.0159729426 0.551046208
v 0.146248564 -0.0148235482 0.550855169
v 0.145991555 -0.0156949094 0.553385745
v 0.144049143 -0.0162844162 0.548451599
v 0.0998313778 -0.0192099731 0.545538944
v 0.0965169585 -0.019156469 0.544361252
v 0.0967768366 -0.0165920675 0.546445778
v 0.142863443 -0.017753883 0.546190766
v 0.123553999 0.00534483571 0.508067309
v 0.123374375 0.00523686991 0.508569469
v 0.121333556 0.00464640841 0.509939139
v 0.117956077 0.00679997011 0.510087803
v 0.116900316 0.00668627391 0.510436427
v 0.124609759 0.00545948761 0.507718685
v 0.126371594 0.00313299141 0.50923115
v 0.128500314 0.00292566091 0.508431604
v 0.12951499 0.00313585841 0.507594671
v 0.131170765 0.00320560541 0.506410083
v 0.102738782 0.00414958021 0.544100312
v 0.0993775433 0.00779840481 0.540586017
v 0.0987488656 0.0109083624 0.542317047
v 0.102946114 0.00830096601 0.544040272
v 0.111257487 0.0299034663 0.568093751
v 0.102303103 0.0313910864 0.559954494
v 0.104846484 0.033231265 0.566361723
v 0.102864901 0.0265890434 0.55204859
v 0.100763887 0.0299435937 0.554311361
v 0.103494537 0.0197318513 0.542432257
v 0.100431396 0.0218892339 0.541252628
v 0.102445464 0.0128660599 0.542115209
v 0.10018489 0.0118265403 0.509105141
v 0.0996288257 0.0109819312 0.509730375
v 0.0967959465 0.0103570744 0.524732834
v 0.0954239321 0.0102443321 0.521405645
v 0.0955538748 0.00909207201 0.519101497
v 0.098938042 0.00833154041 0.520708455
v 0.0996460242 0.00530470641 0.520406197
v 0.0973873619 0.00388587851 0.518321671
v 0.102670945 0.00529801851 0.515167738
v 0.0969793888 0.00672831271 0.511847416
v 0.0633517226 -0.0100664123 0.530451795
v 0.0373398672 -0.0100664123 0.524081951
v 0.0387692052 -0.00510385682 0.524495546
v 0.0411673602 -0.00293500791 0.525024293
v 0.0440308142 -0.0027725832 0.526600731
v 0.10484075 0.00480214521 0.516589584
v 0.104702211 0.00443907791 0.518626864
v 0.0970682465 0.00724424981 0.510439362
v 0.0978354624 0.00951533041 0.510868686
v 0.098846319 0.0107382941 0.510780063
v 0.100225975 0.00333267831 0.516410401
v 0.0971800332 0.00982584841 0.528343617
v 0.0666470353 0.0297419954 0.534935958
v 0.0663221857 0.0263339418 0.528880287
v 0.0674859116 0.0212777548 0.527017261
v 0.063990912 0.0218395533 0.52767008
v 0.0625931033 0.024535802 0.529194401
v 0.0609975183 0.0265508273 0.530672356
v 0.063235159 0.0274976664 0.529245579
v 0.0970844875 0.00935481711 0.532027294
v 0.0967166454 0.00936437201 0.535699116
v 0.0961128045 0.0101870061 0.539227204
v 0.102466482 0.00965100351 0.508835339
v 0.100809749 0.0105023006 0.507714753
v 0.104942026 0.00675124341 0.507613335
v 0.103180194 0.00933284201 0.509429056
v 0.108570787 0.00521680621 0.511360986
v 0.107660253 0.00587319291 0.511363979
v 0.105886957 0.00709997921 0.511859272
v 0.115722258 0.00465787371 0.509299114
v 0.113437798 0.00412187201 0.509534465
v 0.118007669 0.00525884501 0.509559057
v 0.11111226 0.00396900131 0.51002876
v 0.134099193 0.00173231681 0.504762716
v 0.134457479 0.00146765941 0.505357461
v 0.13673907 0.000957454605 0.504524431
v 0.141787619 -0.00362483552 0.497517527
v 0.140731855 -0.00233690279 0.498951199
v 0.141064349 -0.00440829652 0.498940371
v 0.142894017 -0.0144509264 0.507988487
v 0.142068518 -0.0166350624 0.507331736
v 0.137108823 -0.0240349451 0.517738694
v 0.1409239 -0.0229256794 0.506700573
v 0.136708496 -0.0232018022 0.526403823
v 0.136189693 -0.0207367668 0.528806395
v 0.142854844 -0.0205342129 0.507434151
v 0.140665929 -0.0192157063 0.508092898
v 0.14102613 -0.0178006993 0.505961068
v 0.141484744 -0.0171643762 0.505760198
v 0.13523139 -0.0195902389 0.529668976
v 0.104886611 -0.0200402508 0.526245299
v 0.102442595 -0.0199781474 0.524232611
v 0.109973376 -0.0194497884 0.523864325
v 0.109324631 -0.0226132511 0.522938769
v 0.106769782 -0.0219090915 0.525838629
v 0.105312737 -0.0213520695 0.519190121
v 0.101871243 -0.0217705523 0.519045389
v 0.100007178 -0.0209985571 0.522626592
v 0.112230123 -0.0071284343 0.519969008
v 0.10711183 -0.0100664123 0.519187186
v 0.114580505 -0.00383216603 0.520491827
v 0.112230123 -0.0130043903 0.519969008
v 0.114429545 0.000410943205 0.520675999
v 0.114580505 -0.0163006586 0.520491827
v 0.0936468153 -0.0170124612 0.545617708
v 0.112686823 -0.020771162 0.52187529
v 0.111193473 -0.0199905676 0.523204639
v 0.114429545 -0.0205437678 0.520675999
v 0.144024299 -0.0100664123 0.499323417
v 0.144183862 -0.0100664123 0.498536665
v 0.14406921 -0.0113734543 0.503870614
v 0.144284184 -0.0138136481 0.50566371
v 0.143922069 -0.0159328142 0.505430326
v 0.142515665 -0.0100664123 0.497130548
v 0.142392406 -0.0076434164 0.496779019
v 0.144528771 -0.0134696898 0.496994678
v 0.142392406 -0.0124894082 0.496779019
v 0.142292091 -0.00559686362 0.497003541
v 0.135396676 -7.91979446e-05 0.505145763
v 0.135849553 -0.00151140255 0.504257593
v 0.137019969 -0.00286430525 0.504310767
v 0.135739678 -0.00175981707 0.505471703
v 0.0917368906 0.0461707879 0.537445935
v 0.0830280554 0.049777571 0.543098927
v 0.08479944 0.046749785 0.541179793
v 0.0868135078 0.0417910513 0.539171037
v 0.0867294284 0.0439207249 0.535446041
v 0.0812614456 0.0444337967 0.541579537
v 0.0839815842 0.0389333282 0.541072448
v 0.0840198021 0.0471596694 0.537239108
v 0.0804072832 0.047494072 0.53994699
v 0.0766887099 0.0470946981 0.542467706
v 0.0781839736 0.0478246554 0.543739949
v 0.110103315 0.0342039019 0.573662112
v 0.104615265 0.0372641771 0.572575039
v 0.132021108 0.0302158938 0.581266696
v 0.133988357 0.0289728682 0.577473736
v 0.134146005 0.0256250057 0.588129837
v 0.133537395 0.0275807901 0.576198617
v 0.120395312 0.0375670515 0.592607134
v 0.125384624 0.0339593074 0.592672163
v 0.129782513 0.0295346667 0.592962625
v 0.114866181 0.0399222097 0.591379261
v 0.133573699 0.0247928185 0.594461297
v 0.128250943 0.0286346429 0.579098477
v 0.109666679 0.0416639775 0.588421296
v 0.105685359 0.0135472887 0.573381452
v 0.106164991 0.0119144406 0.570499316
v 0.106714368 0.00686303011 0.573219993
v 0.145251087 -0.0121960881 0.560052977
v 0.143680343 -0.0125992837 0.562040016
v 0.139797434 -0.0125820859 0.571291996
v 0.142161195 -0.00146745242 0.579058098
v 0.142346548 -0.00722015636 0.579983653
v 0.139407613 0.00170269811 0.576601354
v 0.142249095 -0.0100664123 0.580355872
v 0.141433149 -0.0126871842 0.57626752
v 0.142346548 -0.0129126682 0.579983653
v 0.135658469 0.00439894951 0.575155855
v 0.131154527 0.00428525241 0.57592095
v 0.144121759 -0.0154245198 0.558550372
v 0.132723356 0.00745349161 0.578976341
v 0.0908884605 0.00409703081 0.528325892
v 0.0955147012 0.00401390711 0.526882389
v 0.0901355725 0.00437028651 0.536865951
v 0.0982625454 0.00420117391 0.523327714
v 0.0954764815 0.00390021001 0.52202008
v 0.0848787428 0.00390498751 0.540655918
v 0.0866224201 0.000681332805 0.541844409
v 0.0875358215 -0.00361432582 0.54310286
v 0.0915601344 -0.0101208724 0.540073997
v 0.101092559 0.00530088551 0.516305051
v 0.0895967046 -0.0100664123 0.539998168
v 0.105504782 0.00631174031 0.513037903
v 0.1123228 0.00236004051 0.519861662
v 0.1139996 0.00224634341 0.518948901
v 0.0915601344 -0.0100119522 0.540073997
v 0.090535902 -0.0170688324 0.544528639
v 0.0875358215 -0.0165184988 0.54310286
v 0.144560307 -0.0176879578 0.548650502
v 0.144009969 -0.0179717232 0.551612341
v 0.142334127 -0.017430944 0.555925243
v 0.142712479 -0.0192673 0.546942069
v 0.0985826182 -0.0204491787 0.541435803
v 0.0949901648 -0.0203727438 0.541194524
v 0.0915343366 -0.0213482477 0.540651985
v 0.0932751487 -0.0198357864 0.543111722
v 0.140157634 -0.0213148073 0.541796165
v 0.138944229 -0.0198587172 0.541866124
v 0.100933 -0.0209488739 0.538255282
v 0.126937215 0.00410085261 0.50792158
v 0.124734925 0.00463494301 0.50814707
v 0.122481039 0.00486233811 0.508632503
v 0.120284483 0.00547381911 0.509440912
v 0.12902007 0.00303553711 0.507413463
v 0.131286378 0.00244507471 0.507297284
v 0.133360633 0.00150969911 0.507044209
v 0.0990937788 0.0139934779 0.541076379
v 0.0948726442 0.0121189059 0.541796165
v 0.0921305322 0.0137804152 0.542859644
v 0.0972029621 0.0162215641 0.542583915
v 0.0991845442 0.0404238171 0.571983199
v 0.0977074347 0.0370291357 0.561050429
v 0.0983953532 0.0384737632 0.565578904
v 0.0977733599 0.0330191561 0.555437815
v 0.0933649603 0.0427407592 0.570697222
v 0.0984020411 0.0247842192 0.542881301
v 0.0972201606 0.0275750597 0.545680683
v 0.101094471 0.0159645512 0.539865233
v 0.101294158 0.0163667921 0.543666058
v 0.0956570622 0.0187792781 0.544371112
v 0.099796027 0.00888951801 0.507466637
v 0.0985883522 0.00822070941 0.508221901
v 0.0937824884 0.00950482161 0.525705694
v 0.0920216108 0.00987839781 0.524750558
v 0.0967080462 0.00896786341 0.524783073
v 0.099239005 0.00747546671 0.525189742
v 0.100954021 0.00516903511 0.524829321
v 0.0991864556 0.00592860931 0.511645578
v 0.0661091225 -0.00592362438 0.527220096
v 0.0614484861 -0.00740837814 0.528737492
v 0.06526738 -0.00469397282 0.524074087
v 0.067584322 -0.00844120878 0.529117574
v 0.0660986128 -0.0100664123 0.529437616
v 0.06526738 -0.0154388518 0.524074087
v 0.0614484861 -0.0127244464 0.528737492
v 0.0661091225 -0.0142092002 0.527220096
v 0.067584322 -0.0116916158 0.529117574
v 0.0366357092 -0.00466148806 0.521586824
v 0.0350124162 -0.0100664123 0.52478501
v 0.0353105142 -0.00793195926 0.521927524
v 0.0387825812 -0.0025824503 0.522709346
v 0.0353105142 -0.0122008653 0.521927524
v 0.0366357092 -0.0154713365 0.521586824
v 0.0387692052 -0.0150289678 0.524495546
v 0.0387825812 -0.0175503743 0.522709346
v 0.0416125952 -0.00112253839 0.524054366
v 0.0444779602 0.000448205405 0.524532932
v 0.0476662632 0.000637382605 0.525502859
v 0.0470098762 -0.0023541004 0.527315645
v 0.0978431078 0.00748502161 0.509400532
v 0.0937968198 0.0101048381 0.528001918
v 0.0684212874 0.0352052017 0.53714755
v 0.0706598833 0.0378498621 0.53840201
v 0.0727179012 0.0398591497 0.540976957
v 0.0677744544 0.0308961669 0.538029792
v 0.0695974343 0.022809325 0.528139783
v 0.0667358912 0.0338809638 0.533820361
v 0.0659533859 0.0282486449 0.531830328
v 0.0593885575 0.0230558273 0.532905604
v 0.0619090082 0.0212834852 0.532875085
v 0.0644342362 0.0200318604 0.531565456
v 0.0573486929 0.0241803783 0.530805291
v 0.0559088452 0.024292165 0.527623831
v 0.0578999818 0.0267896878 0.529414961
v 0.0609908304 0.0293808413 0.527984194
v 0.0545932042 0.023484818 0.524765348
v 0.0629351508 0.0330650176 0.526739594
v 0.0649587728 0.0333889095 0.530061853
v 0.0940156148 0.00979718541 0.531173576
v 0.0929885172 0.0103446525 0.534327451
v 0.0920120576 0.011409968 0.537313
v 0.102327943 0.00826465951 0.508781167
v 0.10423309 0.00763789141 0.51344064
v 0.109080037 0.00417346571 0.511321604
v 0.107182536 0.00533528081 0.512425463
v 0.118365961 0.00234953081 0.515299675
v 0.120249132 0.00259698971 0.51494125
v 0.122003318 0.00299063131 0.514386914
v 0.116728335 0.00222914581 0.516125809
v 0.12333329 0.00353905411 0.513041835
v 0.115486263 0.00223583371 0.517696378
v 0.135189347 -0.000137479565 0.506887651
v 0.137976365 0.00136065021 0.503962201
v 0.137639094 -9.63955546e-05 0.5041739
v 0.136538425 -0.00204835993 0.506394324
v 0.140751922 -0.00511532219 0.500073722
v 0.139285316 -0.00349394035 0.502129724
v 0.138734031 -0.00355126674 0.50344129
v 0.138535302 -0.00479716068 0.502673261
v 0.143271416 -0.0174366767 0.503595882
v 0.136215491 -0.0286181904 0.506316529
v 0.139923554 -0.0260165281 0.507282494
v 0.134087725 -0.0271917189 0.51757031
v 0.134182317 -0.0264254569 0.527191573
v 0.137462339 -0.0246062986 0.507200767
v 0.137267432 -0.025560784 0.508196253
v 0.137870312 -0.0224813998 0.505147729
v 0.139148689 -0.0220791598 0.507418393
v 0.137383038 -0.0233823801 0.505165454
v 0.137184309 -0.0239470448 0.505824201
v 0.139910178 -0.0210405968 0.508097829
v 0.136997994 -0.0215011184 0.534423
v 0.135682352 -0.0232772814 0.53574243
v 0.135807518 -0.0201701908 0.535013783
v 0.141672967 -0.0209708489 0.50535256
v 0.14188698 -0.01957113 0.504252663
v 0.139801256 -0.022822492 0.504993137
v 0.141000332 -0.0179803225 0.502736265
v 0.140450001 -0.0177041997 0.503997651
v 0.10353371 -0.0208963254 0.532133642
v 0.102820951 -0.0205122378 0.528109264
v 0.0989686163 -0.0215049402 0.526306337
v 0.107561842 -0.0236632794 0.519302397
v 0.105082475 -0.0230938373 0.522619725
v 0.110628805 -0.0228052944 0.520649412
v 0.103352176 -0.0234511714 0.517551646
v 0.0995667232 -0.0213864656 0.516557128
v 0.0975173009 -0.0223218412 0.521723691
v 0.114694203 -0.00650357644 0.518556963
v 0.108830669 -0.0100664123 0.519315191
v 0.115826399 -0.00396306119 0.519756312
v 0.114694203 -0.0136292481 0.518556963
v 0.116118763 0.000393744705 0.519355571
v 0.115826399 -0.0161697634 0.519756312
v 0.116118763 -0.0205265693 0.519355571
v 0.0899979898 -0.0205475896 0.541935028
v 0.1123228 -0.0224928651 0.519861662
v 0.1139996 -0.022379168 0.518948901
v 0.115486263 -0.0223686583 0.517696378
v 0.143719517 -0.0166302854 0.497312724
v 0.144213475 -0.0151044474 0.496902093
v 0.143533202 -0.0173573753 0.498255037
v 0.141399706 -0.0100664123 0.499118586
v 0.141139828 -0.00790425151 0.500139691
v 0.141139828 -0.0122285731 0.500139691
v 0.141043328 -0.00687333165 0.499635565
v 0.142292091 -0.014535961 0.497003541
v 0.141043328 -0.0132594929 0.499635565
v 0.14062771 -0.00593317885 0.500654674
v 0.13670085 -0.00295507208 0.505834061
v 0.137345772 -0.00432708417 0.504688883
v 0.137130798 -0.00332673819 0.505450017
v 0.137990695 -0.00199485488 0.504448632
v 0.139313982 -0.00280411274 0.504103001
v 0.0819665608 0.0419267244 0.534956676
v 0.0844707697 0.0390690013 0.536267245
v 0.0854013678 0.0365332624 0.539461557
v 0.079202472 0.0441911171 0.536851161
v 0.0765606813 0.0432433205 0.54765892
v 0.0799563157 0.0413544152 0.545062316
v 0.0852322552 0.037674058 0.545425671
v 0.0875549296 0.0353657151 0.542719784
v 0.0836414477 0.0406951597 0.55025253
v 0.0762740489 0.0443153221 0.539357146
v 0.0728277765 0.0426155967 0.540455078
v 0.0693566634 0.040702805 0.540972027
v 0.0726185356 0.0469150749 0.544121969
v 0.0728115346 0.0473421578 0.547298499
v 0.104474815 0.0429605099 0.585159078
v 0.0988768933 0.0445322076 0.583248864
v 0.137120291 0.0212108721 0.584369392
v 0.137171887 0.0201875972 0.581364182
v 0.137490045 0.0201168918 0.589289804
v 0.136429511 0.0193678283 0.579501155
v 0.136617734 0.0196458623 0.596566482
v 0.131663777 0.0182337206 0.581826959
v 0.11403304 0.0407419786 0.600893178
v 0.119013749 0.0376224661 0.602164364
v 0.123730757 0.0340644061 0.60352124
v 0.128069412 0.0302149399 0.6054679
v 0.131915055 0.0255170417 0.605974052
v 0.108883218 0.0432987351 0.599103985
v 0.134553024 0.0201637108 0.607262963
v 0.103722887 0.0457293753 0.597077562
v 0.133096932 0.0112437224 0.581059928
v 0.106413405 0.00860957441 0.576724429
v 0.141807679 -0.0149745075 0.563285614
v 0.141475184 -0.0151063583 0.575807676
v 0.141333781 -0.014733737 0.570706084
v 0.141071995 -0.0159624329 0.562211336
v 0.14199877 0.00464354221 0.584514124
v 0.139819409 0.00680188151 0.580239663
v 0.143162495 0.00191385041 0.589599986
v 0.142255779 0.00813758571 0.59132415
v 0.143172048 -0.00344425754 0.58548405
v 0.143074594 -0.0100664123 0.585868065
v 0.137508197 0.00744107151 0.57890151
v 0.143172048 -0.016688567 0.58548405
v 0.142161195 -0.0186653722 0.579058098
v 0.143162495 -0.022046675 0.589599986
v 0.137820632 0.0111434002 0.580219004
v 0.0945353728 0.00434353401 0.531889429
v 0.0986399442 0.00383046301 0.530217442
v 0.0880374271 0.00619804411 0.539263593
v 0.0821452283 0.00484227351 0.543154038
v 0.0827949271 0.000771144405 0.541770576
v 0.0844115324 -0.00380159216 0.543545918
v 0.0871851743 -0.0100664123 0.542198902
v 0.0889298073 -0.00779055417 0.540582085
v 0.0999584517 0.00600026671 0.510310359
v 0.101819648 0.00669964971 0.509494086
v 0.0889298073 -0.0123422704 0.540582085
v 0.0844115324 -0.0163312324 0.543545918
v 0.0866224201 -0.0208141574 0.541844409
v 0.0827949271 -0.020903969 0.541770576
v 0.141685382 -0.0199103109 0.549101484
v 0.142097177 -0.0186863925 0.554657931
v 0.138283062 -0.0218469881 0.549189109
v 0.138718741 -0.022489999 0.543755679
v 0.0979634937 -0.02118869 0.536241655
v 0.0946299646 -0.0215116281 0.535569116
v 0.0913098094 -0.022297 0.534679949
v 0.0880230956 -0.0222444506 0.539912538
v 0.100122788 -0.0210644823 0.530117022
v 0.126586568 0.00312439301 0.511382643
v 0.128129599 0.00217373031 0.51085683
v 0.129673592 0.00109503811 0.510976971
v 0.125020601 0.00373969581 0.512237359
v 0.131403891 0.000395656005 0.51076627
v 0.132881004 -0.000459462855 0.510236526
v 0.133670199 -0.00223849194 0.509963789
v 0.0902970415 0.0165769878 0.543671986
v 0.0915629996 0.0118007444 0.540642125
v 0.0897954359 0.0139925222 0.542132934
v 0.0885638748 0.0193802502 0.54325352
v 0.0934003112 0.0465109245 0.581247973
v 0.0932331099 0.0398648838 0.558713826
v 0.0919891269 0.0425993521 0.564525343
v 0.0953704289 0.0364281672 0.554196149
v 0.0878616248 0.0457895664 0.569581625
v 0.0952815712 0.030451889 0.548168943
v 0.0880183173 0.0485402794 0.57900193
v 0.0997291479 0.0197987303 0.543778334
v 0.0970520019 0.0224768302 0.54307234
v 0.0943481078 0.0216169339 0.543933924
v 0.0927047509 0.0245434474 0.543552843
v 0.0866807017 0.0218787233 0.541746924
v 0.0912840117 0.00968253351 0.532336478
v 0.0957287178 0.00914653091 0.53311337
v 0.0987068268 0.00620950861 0.53345994
v 0.0633650988 -0.000244488775 0.525107986
v 0.0659476532 -0.00162127788 0.527192512
v 0.0666623225 -0.00316240258 0.52983736
v 0.060486358 -0.00735773988 0.524954392
v 0.0623179365 -0.00365923162 0.522584276
v 0.0606325404 0.000812227505 0.523923427
v 0.0661616719 -0.00506755027 0.532986363
v 0.0692945595 -0.00823101204 0.532151367
v 0.0687604687 -0.0100664123 0.531556593
v 0.0692945595 -0.0119018125 0.532151367
v 0.0633650988 -0.0198883358 0.525107986
v 0.0606325404 -0.0209450521 0.523923427
v 0.0623179365 -0.016473593 0.522584276
v 0.0659476532 -0.0185115467 0.527192512
v 0.060486358 -0.0127750847 0.524954392
v 0.102283993 -0.0263824624 0.516449783
v 0.0999173668 -0.0271487245 0.517020904
v 0.102670945 -0.0254308431 0.515167738
v 0.10484075 -0.0249349698 0.516589584
v 0.104702211 -0.0245719025 0.518626864
v 0.0527711802 -0.0178532486 0.524135125
v 0.0553709322 -0.0162719951 0.523813147
v 0.0580948917 -0.0143515607 0.52440393
v 0.0666623225 -0.016970422 0.52983736
v 0.0661616719 -0.0150652743 0.532986363
v 0.0339203472 -0.00461180524 0.520127532
v 0.0355656152 -0.00174452991 0.520338233
v 0.0380421172 0.000477824005 0.520607037
v 0.0328407002 -0.0100664123 0.522258365
v 0.0326763642 -0.00773131688 0.521133847
v 0.0406495122 0.00247947081 0.521680377
v 0.0339203472 -0.0155210193 0.520127532
v 0.0326763642 -0.0124015077 0.521133847
v 0.0355656152 -0.0183882947 0.520338233
v 0.0380421172 -0.0206106486 0.520607037
v 0.0411673602 -0.0171978167 0.525024293
v 0.0416125952 -0.0190102862 0.524054366
v 0.0406495122 -0.0226122954 0.521680377
v 0.0422422302 0.00301929431 0.524748563
v 0.0446231862 0.00302025001 0.526698217
v 0.0481220092 0.00327248631 0.52655055
v 0.0509290912 0.000643114905 0.525107986
v 0.0500147352 -0.00146649675 0.526084779
v 0.0652874441 0.0312659239 0.535702051
v 0.068053443 0.0337003831 0.538723049
v 0.0674180755 0.0369393277 0.540516116
v 0.0761164017 0.0398725256 0.5424106
v 0.069239144 0.0324411129 0.540757335
v 0.0686935878 0.0231924542 0.531760427
v 0.0635026822 0.0331643823 0.533058201
v 0.0569005914 0.0203519332 0.530204648
v 0.0536444522 0.020536333 0.526886321
v 0.0600076825 0.0200729417 0.533408762
v 0.0650160992 0.0183665266 0.540424558
v 0.0625682618 0.0192990361 0.536715291
v 0.0558849592 0.0267065641 0.526407755
v 0.059735382 0.0290836974 0.524618621
v 0.0519017292 0.0231666565 0.523196775
v 0.0616472176 0.0321200862 0.523076634
v 0.0502803472 0.0214717077 0.524086881
v 0.0609067517 0.0382119737 0.527054705
v 0.0627192214 0.0366612936 0.530315926
v 0.0887215211 0.0119459706 0.532383725
v 0.0872023728 0.0115781267 0.536957509
v 0.117899705 0.000672733505 0.518214325
v 0.119815362 0.000747258005 0.517387194
v 0.121731976 0.000239919205 0.516793418
v 0.123727888 2.49451054e-05 0.516372017
v 0.125581446 -0.000352453655 0.515467062
v 0.134729779 -0.0036429888 0.509115001
v 0.137838784 -0.00402420938 0.505782853
v 0.135544771 -0.00517169291 0.508307531
v 0.137853114 -0.0070854394 0.503488566
v 0.137025707 -0.00600197061 0.504847407
v 0.137572215 -0.00766061422 0.505153657
v 0.142272024 -0.0177968775 0.499271212
v 0.13368166 -0.0308739857 0.506129452
v 0.131821425 -0.0285322015 0.517397993
v 0.131686705 -0.0300140894 0.506870924
v 0.131739255 -0.0268754688 0.505142828
v 0.133110308 -0.0273856736 0.506352977
v 0.134461301 -0.0277258102 0.507268731
v 0.136761045 -0.0269146423 0.508321324
v 0.129571362 -0.0303848002 0.529667039
v 0.133913832 -0.0266948899 0.537999273
v 0.137762345 -0.0272566885 0.504503772
v 0.137879866 -0.0247668128 0.504166035
v 0.136397976 -0.0281519357 0.504368871
v 0.137748015 -0.0227632547 0.503720952
v 0.138424466 -0.0229275908 0.504182762
v 0.137661069 -0.0235677356 0.503163623
v 0.142614072 -0.0209698942 0.497441698
v 0.142968542 -0.0192434136 0.498002959
v 0.141651946 -0.0233594494 0.498106373
v 0.142654199 -0.0181456133 0.498799571
v 0.140128975 -0.0240989598 0.498707984
v 0.0948248714 -0.0224087867 0.525622001
v 0.0963344665 -0.0218546317 0.529374582
v 0.0942038355 -0.0223075097 0.520292923
v 0.101092559 -0.0254337101 0.516305051
v 0.105504782 -0.0264445649 0.513037903
v 0.100225975 -0.0234655029 0.516410401
v 0.0969230203 -0.0228425566 0.516563995
v 0.117968495 -0.00700900428 0.518294086
v 0.110524664 -0.0100664123 0.520286057
v 0.117176435 -0.00393535345 0.519152676
v 0.118564691 -0.00399363551 0.518735207
v 0.117968495 -0.0131238203 0.518294086
v 0.117176435 -0.0161974711 0.519152676
v 0.118564691 -0.0161391891 0.518735207
v 0.117899705 -0.0208055581 0.518214325
v 0.116728335 -0.0223619704 0.516125809
v 0.118365961 -0.0224823554 0.515299675
v 0.0848787428 -0.0240378121 0.540655918
v 0.107182536 -0.0254681054 0.512425463
v 0.109080037 -0.0243062903 0.511321604
v 0.11111226 -0.0241018259 0.51002876
v 0.141787619 -0.0165079891 0.497517527
v 0.141163711 -0.0176048341 0.498854711
v 0.140329612 -0.0100664123 0.502273487
v 0.139246149 -0.0094386882 0.502779609
v 0.139246149 -0.0106941364 0.502779609
v 0.137853114 -0.0130473852 0.503488566
v 0.14062771 -0.0141996457 0.500654674
v 0.140751922 -0.0150175024 0.500073722
v 0.141064349 -0.0157245281 0.498940371
v 0.140578983 -0.00306494785 0.503385182
v 0.138107262 -0.00639847813 0.505442152
v 0.140011454 -0.00409013502 0.503723916
v 0.139232766 -0.00512869845 0.504084279
v 0.0818729283 0.038703067 0.537438011
v 0.0848147272 0.0366612936 0.536770402
v 0.087183263 0.0346634669 0.538798819
v 0.0894361913 0.0333029206 0.541853272
v 0.0918467659 0.0317388647 0.544386842
v 0.0790562901 0.0394731517 0.54009272
v 0.0683964462 0.0487170338 0.55342812
v 0.0719611932 0.0464545524 0.552726
v 0.0796477073 0.0444395307 0.555110906
v 0.0883192821 0.0377915787 0.54872234
v 0.0903983194 0.0354068 0.546082481
v 0.0936152853 0.0285658489 0.545450321
v 0.0879285057 0.041583719 0.555973488
v 0.0850440327 0.0443325206 0.56023216
v 0.0919260669 0.0373683184 0.551291359
v 0.0686009101 0.0456653614 0.543798993
v 0.0668008612 0.0417069701 0.542940345
v 0.0653008203 0.0375001688 0.542754295
v 0.0662830128 0.0478342085 0.544671434
v 0.0690910508 0.0472533001 0.546963726
v 0.065115465 0.0493648249 0.550702513
v 0.0985176469 0.0480711577 0.595156433
v 0.0930219568 0.0499008221 0.593718857
v 0.140738546 0.00962616141 0.586058106
v 0.139068434 0.0106093107 0.58195696
v 0.140187254 0.0144501795 0.59128377
v 0.138705365 0.0140670467 0.598811528
v 0.136342565 0.0145189699 0.609460762
v 0.109959997 0.0422764141 0.606840565
v 0.114784015 0.0392983086 0.607883326
v 0.11951631 0.0361252928 0.608863054
v 0.12427631 0.0329025929 0.609314035
v 0.128547126 0.0289451591 0.609684257
v 0.131999133 0.0243934446 0.610851092
v 0.134426904 0.0192837507 0.612676673
v 0.104944894 0.0449191595 0.605852914
v 0.136213576 0.0136705398 0.613531389
v 0.0998543104 0.0472982077 0.604445857
v 0.13775566 -0.0170459017 0.571162994
v 0.138507589 -0.0194488336 0.574397626
v 0.139407613 -0.0218355227 0.576601354
v 0.137839738 -0.0181857416 0.564369753
v 0.138850591 -0.021258437 0.553886966
v 0.138419689 -0.0188975447 0.560946076
v 0.140121329 0.00787961711 0.598753482
v 0.140581852 0.00156702511 0.597553135
v 0.141481876 -0.00378248321 0.59393842
v 0.141645254 -0.0100664123 0.593849797
v 0.141481876 -0.0163503414 0.59393842
v 0.140581852 -0.0216998497 0.597553135
v 0.139819409 -0.0269347061 0.580239663
v 0.14199877 -0.0247763668 0.584514124
v 0.142255779 -0.0282704103 0.59132415
v 0.140121329 -0.0280124417 0.598753482
v 0.0960077058 0.00390976411 0.535992512
v 0.085356462 0.00814522921 0.541270353
v 0.0804063276 0.00632320661 0.543156034
v 0.0806671631 0.000858089005 0.543969373
v 0.0812413818 -0.00354171227 0.544781714
v 0.0860099835 -0.00768258951 0.542157584
v 0.0841449646 -0.0100664123 0.542995515
v 0.0860099835 -0.0124502351 0.542157584
v 0.0812413818 -0.0165911123 0.544781714
v 0.0806671631 -0.0209909136 0.543969373
v 0.0821452283 -0.0249750981 0.543154038
v 0.0804063276 -0.0264560312 0.543156034
v 0.136911048 -0.0236690117 0.546760889
v 0.138834354 -0.0237339821 0.549671607
v 0.092615895 -0.0219797942 0.528160443
v 0.0908884605 -0.0242298554 0.528325892
v 0.0901355725 -0.0245031111 0.536865951
v 0.127384355 -0.00130120592 0.515201251
v 0.129133768 -0.00211906258 0.515433608
v 0.129548433 -0.00408153577 0.515044663
v 0.129779644 -0.00596184182 0.514385916
v 0.0876972905 0.016146084 0.542811401
v 0.0859488349 0.0121771875 0.5410961
v 0.0846169516 0.0163008669 0.543500667
v 0.0872864504 0.0512862123 0.59283462
v 0.0821509605 0.0478475843 0.567535484
v 0.0931241885 0.0330764821 0.546329628
v 0.0823410926 0.0503919189 0.57764212
v 0.0953379432 0.0256689559 0.543698573
v 0.0814649552 0.052460451 0.592361981
v 0.0907900497 0.0270772749 0.543859092
v 0.0889298073 0.0285209449 0.541323527
v 0.0847153624 0.0240026664 0.539850502
v 0.0821394961 0.0247832618 0.537842744
v 0.0836022741 0.0174875222 0.540839092
v 0.0876667162 0.00900703691 0.538574326
v 0.0913738233 0.00760158481 0.5391691
v 0.0947044854 0.00586172841 0.539277385
v 0.0624173023 0.00471424491 0.527725249
v 0.0652626027 0.00207914131 0.528627212
v 0.0650256536 0.000731015105 0.531681664
v 0.0665027639 -0.000505324335 0.53423783
v 0.0686658801 -0.000327612465 0.537119026
v 0.0580948917 -0.00578126384 0.52440393
v 0.0592041573 -0.00296749267 0.522359783
v 0.0575158951 0.00189856331 0.523998258
v 0.0594640372 0.00634804691 0.526813427
v 0.0699605012 -0.00231492772 0.540104516
v 0.0688015527 -0.00455830064 0.53446825
v 0.071627744 -0.00813451253 0.534759709
v 0.071564685 -0.0100664123 0.53322858
v 0.071627744 -0.0119983121 0.534759709
v 0.0688015527 -0.0155745239 0.53446825
v 0.0652626027 -0.0222119659 0.528627212
v 0.0624173023 -0.0248470695 0.527725249
v 0.0650256536 -0.0208638397 0.531681664
v 0.0594640372 -0.0264808715 0.526813427
v 0.0575158951 -0.0220313879 0.523998258
v 0.0592041573 -0.0171653319 0.522359783
v 0.0665027639 -0.0196275003 0.53423783
v 0.0990784916 -0.0257413611 0.51797604
v 0.0996336023 -0.0272566885 0.513659205
v 0.098529115 -0.0280669024 0.517317293
v 0.0988224326 -0.0310889598 0.517771209
v 0.0969793888 -0.0268611373 0.511847416
v 0.0955892256 -0.030933223 0.510928727
v 0.0964214129 -0.0315638138 0.513747828
v 0.0991864556 -0.0260614339 0.511645578
v 0.0509290912 -0.0207759395 0.525107986
v 0.0500147352 -0.0186663278 0.526084779
v 0.0535164232 -0.019679094 0.524314367
v 0.0560196757 -0.0176277649 0.522720145
v 0.0686658801 -0.0198052121 0.537119026
v 0.0699605012 -0.0178178969 0.540104516
v 0.0324594792 -0.00115120136 0.521080673
v 0.0353907712 0.000553303305 0.522017087
v 0.0379446622 0.00264476161 0.523659552
v 0.0402415382 0.00395658121 0.526170468
v 0.0428623112 0.00345115291 0.528695117
v 0.0322655262 -0.0100664123 0.522706353
v 0.0300078212 -0.00912912561 0.522233715
v 0.0300078212 -0.011003699 0.522233715
v 0.0291030212 -0.00222225 0.521495207
v 0.0353907712 -0.0206861279 0.522017087
v 0.0324594792 -0.0189816232 0.521080673
v 0.0379446622 -0.0227775862 0.523659552
v 0.0291030212 -0.0179105746 0.521495207
v 0.0402415382 -0.0240894058 0.526170468
v 0.0428623112 -0.0235839775 0.528695117
v 0.0440308142 -0.0173602414 0.526600731
v 0.0444779602 -0.02058103 0.524532932
v 0.0422422302 -0.0231521189 0.524748563
v 0.0459006112 0.00253297501 0.53033858
v 0.0469429962 0.00569452721 0.530467524
v 0.0493478382 0.00733406141 0.528755216
v 0.0525609832 0.00702927571 0.527288061
v 0.0512873812 0.00328204031 0.525911465
v 0.0535164232 -0.000453730625 0.524314367
v 0.0527711802 -0.00227957595 0.524135125
v 0.062279719 0.0347800301 0.540640189
v 0.0636307111 0.0306305548 0.543266314
v 0.0640931441 0.0330439964 0.54393093
v 0.0719764794 0.0337997514 0.541829677
v 0.0673378184 0.0243638242 0.53483947
v 0.0672671159 0.0265040119 0.537732464
v 0.0684661932 0.0281817622 0.540645118
v 0.0689162055 0.0211009968 0.538389215
v 0.0688445472 0.0170948363 0.537284417
v 0.0614360653 0.0380591021 0.537625118
v 0.060386037 0.0413811668 0.534506693
v 0.0535861702 0.0181582422 0.526557417
v 0.0507494682 0.0200958742 0.524630418
v 0.0472439592 0.0204197698 0.522432619
v 0.0563626793 0.0161279316 0.524330096
v 0.0599360246 0.0150492403 0.525619008
v 0.0605799912 0.0148715284 0.530309998
v 0.0541861872 0.0259842521 0.523126815
v 0.0573381832 0.0283365451 0.522583278
v 0.0491338202 0.02360425 0.521889082
v 0.0614351099 0.0310853468 0.519109362
v 0.0607720346 0.0372135391 0.522969289
v 0.0463439352 0.0241192332 0.523469511
v 0.0463582662 0.0243924872 0.520978257
v 0.0580146345 0.0428592338 0.525860286
v 0.0585582798 0.0432003243 0.530481317
v 0.0845099415 0.0105930679 0.540753404
v 0.081620692 0.012131326 0.542555391
v 0.119942435 -0.00393153166 0.518406303
v 0.121327822 -0.00374904278 0.518129634
v 0.122793467 -0.00376528516 0.51797604
v 0.124227584 -0.00425542584 0.517901209
v 0.136095102 -0.00704626628 0.508429667
v 0.130346219 -0.00803705757 0.514486336
v 0.138288792 -0.00877465733 0.505059106
v 0.140714656 -0.00851382221 0.503881443
v 0.139313982 -0.00672046142 0.503956274
v 0.130822033 -0.0318523566 0.506451431
v 0.130987319 -0.030901693 0.506911274
v 0.129229314 -0.0312857797 0.506953619
v 0.126779567 -0.0308338565 0.518782454
v 0.131739255 -0.0296080276 0.504254629
v 0.131379055 -0.0278089339 0.503884407
v 0.130772345 -0.0312017003 0.504232004
v 0.131647532 -0.026884068 0.503897201
v 0.134156519 -0.0284309254 0.503692399
v 0.133809695 -0.0326940988 0.538741713
v 0.129339189 -0.0327132069 0.53425262
v 0.126041007 -0.0352097722 0.526920773
v 0.130477116 -0.0319364342 0.537216512
v 0.137330489 -0.0292822225 0.542567188
v 0.137726994 -0.0297159916 0.539349281
v 0.137364886 -0.0265687717 0.498597704
v 0.138123506 -0.0253591857 0.498991579
v 0.135341265 -0.0278653042 0.498643982
v 0.136431419 -0.0270913985 0.49807779
v 0.13846937 -0.0238495905 0.499604048
v 0.133887081 -0.0282465256 0.499907333
v 0.138458863 -0.0236776109 0.499317489
v 0.140756698 -0.0192472353 0.497517527
v 0.14089141 -0.02024567 0.497226067
v 0.139935976 -0.022236807 0.497550012
v 0.138633709 -0.022771854 0.49807779
v 0.0921926347 -0.0231683617 0.523310987
v 0.0929674978 -0.023620285 0.52023881
v 0.0945554401 -0.0234291964 0.516552198
v 0.0999584517 -0.0261330913 0.510310359
v 0.101819648 -0.0268324743 0.509494086
v 0.102327943 -0.0283974841 0.508781167
v 0.10423309 -0.027770716 0.51344064
v 0.120387671 -0.00757749098 0.518119774
v 0.11221006 -0.0100664123 0.520341226
v 0.120387671 -0.0125553336 0.518119774
v 0.119942435 -0.0162012929 0.518406303
v 0.121327822 -0.0163837818 0.518129634
v 0.119815362 -0.0208800826 0.517387194
v 0.121731976 -0.0203727438 0.516793418
v 0.120249132 -0.0227298143 0.51494125
v 0.113437798 -0.0242546966 0.509534465
v 0.115722258 -0.0247906983 0.509299114
v 0.0880374271 -0.0263308687 0.539263593
v 0.105886957 -0.0272328038 0.511859272
v 0.107660253 -0.0260060175 0.511363979
v 0.108570787 -0.0253496308 0.511360986
v 0.110403321 -0.0261063397 0.510303492
v 0.140731855 -0.0177959218 0.498951199
v 0.140273247 -0.0100664123 0.504541187
v 0.138288792 -0.0113581673 0.505059106
v 0.138535302 -0.0153356639 0.502673261
v 0.137572215 -0.0124722104 0.505153657
v 0.137025707 -0.014130854 0.504847407
v 0.139285316 -0.0166388842 0.502129724
v 0.13929583 -0.00838292693 0.505102449
v 0.136996086 -0.00868389061 0.50885993
v 0.074478777 0.0341188668 0.544074723
v 0.0772858603 0.0337300036 0.544167279
v 0.0791021516 0.0331414534 0.540936578
v 0.0813617677 0.0325003502 0.538629496
v 0.0844124863 0.0319528849 0.537997336
v 0.0867781569 0.0299254413 0.539113931
v 0.0651498608 0.0505581663 0.558743347
v 0.0590245346 0.0519817761 0.557404196
v 0.0707965116 0.049590306 0.561655004
v 0.0764154542 0.0489988906 0.564792152
v 0.0624583862 0.0457695027 0.541389495
v 0.0602264784 0.0444185096 0.539584632
v 0.0578588977 0.051493541 0.545517229
v 0.0615459411 0.0478370738 0.542479562
v 0.0537505052 0.0537053844 0.560329646
v 0.0946758225 0.049403041 0.603097843
v 0.0892814102 0.051163915 0.60329082
v 0.137534956 0.00855320241 0.61056556
v 0.136851814 0.00778598461 0.614061133
v 0.10383945 0.0423127224 0.615876855
v 0.10877812 0.0399279437 0.615787292
v 0.113580159 0.0372746841 0.615906435
v 0.118190157 0.0342660044 0.616226418
v 0.122674038 0.0310891659 0.616720713
v 0.126848354 0.0274584964 0.617217004
v 0.130080611 0.0230892668 0.618636913
v 0.132473985 0.0180521878 0.619449254
v 0.13400747 0.0125689178 0.619237556
v 0.0989332654 0.0447443164 0.61563763
v 0.134740293 0.00691653341 0.619022923
v 0.0937251606 0.0461182385 0.615145273
v 0.134291231 -0.0207147917 0.568400999
v 0.134266395 -0.0224766232 0.572335756
v 0.135658469 -0.0245317741 0.575155855
v 0.137508197 -0.0275738961 0.57890151
v 0.136333012 -0.0210482404 0.557917214
v 0.136771559 -0.0236737891 0.554187287
v 0.135925039 -0.0266175002 0.550932934
v 0.137949613 0.00232660011 0.610323342
v 0.138241981 -0.00386082945 0.609831982
v 0.138441664 -0.0100664123 0.610024019
v 0.138241981 -0.0162719951 0.609831982
v 0.137949613 -0.0224594247 0.610323342
v 0.137534956 -0.028686027 0.61056556
v 0.139068434 -0.0307421353 0.58195696
v 0.140738546 -0.029758986 0.586058106
v 0.137820632 -0.0312762248 0.580219004
v 0.140187254 -0.0345830041 0.59128377
v 0.138705365 -0.0341998713 0.598811528
v 0.136342565 -0.0346517945 0.609460762
v 0.0823840888 0.00817102701 0.542905893
v 0.0805897717 -8.39745146e-05 0.548129562
v 0.0787247528 0.00378651291 0.54259178
v 0.0783406661 -0.00335062415 0.543690709
v 0.0827672198 -0.00788323189 0.542327905
v 0.0807827707 -0.0100664123 0.542400799
v 0.0827672198 -0.0122495927 0.542327905
v 0.0783406661 -0.0167822004 0.543690709
v 0.0805897717 -0.0200488501 0.548129562
v 0.085356462 -0.0282780538 0.541270353
v 0.0823840888 -0.0283038516 0.542905893
v 0.0787247528 -0.0239193375 0.54259178
v 0.136654038 -0.0298172677 0.545545811
v 0.0955147012 -0.0241467317 0.526882389
v 0.0986399442 -0.0239632876 0.530217442
v 0.0945353728 -0.0244763586 0.531889429
v 0.124991935 -0.00532169703 0.517491547
v 0.125276656 -0.00674625827 0.516974597
v 0.125881451 -0.00810393844 0.516899766
v 0.126293247 -0.00952658868 0.516743237
v 0.0834799768 0.0122335578 0.545696471
v 0.0813732322 0.01398679 0.547803651
v 0.0837322132 0.0525063089 0.603594075
v 0.0765339288 0.0522282784 0.577118304
v 0.0756587453 0.0535439207 0.59176034
v 0.0781820632 0.0535974239 0.602825048
v 0.0790773104 0.0256928423 0.537978613
v 0.0772533755 0.0268651661 0.540806577
v 0.0820143336 0.0198264394 0.539846511
v 0.079224447 0.0206634068 0.538247418
v 0.0787763465 0.00804013231 0.542438185
v 0.0804292583 0.00878824191 0.545689545
v 0.0615736488 0.00515374801 0.531874639
v 0.0598500348 0.00299445311 0.535027575
v 0.0629150866 0.00437028651 0.535230411
v 0.0654135623 0.00383810661 0.538046578
v 0.0665677338 0.00234188731 0.54161798
v 0.0696069883 0.000461581205 0.54267154
v 0.0721446373 7.94050054e-05 0.545273074
v 0.0553709322 -0.00386082945 0.523813147
v 0.0560196757 -0.00250505973 0.522720145
v 0.0543505222 0.00279667661 0.524823394
v 0.0560903784 0.00708755731 0.52663618
v 0.0599484452 0.00686111881 0.528858571
v 0.0739571068 -0.000201494315 0.548865135
v 0.0723643888 -0.003376421 0.542740502
v 0.071273276 -0.00387420526 0.536745811
v 0.0744587133 -0.00806572077 0.536586289
v 0.0742150762 -0.0100664123 0.535035439
v 0.0744587133 -0.0120671038 0.536586289
v 0.071273276 -0.0162586193 0.536745811
v 0.0723643888 -0.0167564036 0.542740502
v 0.0654135623 -0.0239709312 0.538046578
v 0.0629150866 -0.0245031111 0.535230411
v 0.0598500348 -0.0231272777 0.535027575
v 0.0615736488 -0.0252865726 0.531874639
v 0.0665677338 -0.0224747119 0.54161798
v 0.0599484452 -0.0269939434 0.528858571
v 0.0560903784 -0.0272203819 0.52663618
v 0.0543505222 -0.0229295012 0.524823394
v 0.0696069883 -0.0205944058 0.54267154
v 0.0973873619 -0.0240187031 0.518321671
v 0.103555685 -0.0324189318 0.51824191
v 0.097925274 -0.0307450005 0.513915215
v 0.0970692004 -0.0307268482 0.515760516
v 0.0996460242 -0.025437531 0.520406197
v 0.100113235 -0.032810662 0.517611687
v 0.0970682465 -0.0273770744 0.510439362
v 0.0966402097 -0.0334746923 0.51239688
v 0.0966210998 -0.0321093695 0.511075454
v 0.0978354624 -0.029648155 0.510868686
v 0.098846319 -0.0308711187 0.510780063
v 0.0980198658 -0.0337661022 0.51355585
v 0.0985883522 -0.028353534 0.508221901
v 0.0978431078 -0.0276178462 0.509400532
v 0.0481220092 -0.0234053109 0.52655055
v 0.0446231862 -0.0231530746 0.526698217
v 0.0476662632 -0.0207702072 0.525502859
v 0.0512873812 -0.0234148649 0.525911465
v 0.0470098762 -0.0177787242 0.527315645
v 0.0721446373 -0.0202122296 0.545273074
v 0.0739571068 -0.0199313303 0.548865135
v 0.0292062082 0.00398142241 0.522044672
v 0.0326180842 0.00514610441 0.522859008
v 0.0359181722 0.00610727681 0.524195225
v 0.0391055212 0.00615982621 0.526108432
v 0.0419479552 0.00508304441 0.528444037
v 0.0446623602 0.00581204611 0.530831878
v 0.0291507902 -0.0100664123 0.52311402
v 0.0268634682 -0.00824343274 0.522969289
v 0.0257752222 -0.00261111372 0.522852083
v 0.0261392452 -0.0100664123 0.52441379
v 0.0257752222 -0.0175217109 0.522852083
v 0.0268634682 -0.0118893918 0.522969289
v 0.0256586592 0.00303458141 0.52190487
v 0.0359181722 -0.0262401014 0.524195225
v 0.0326180842 -0.025278929 0.522859008
v 0.0391055212 -0.0262926508 0.526108432
v 0.0292062082 -0.024114247 0.522044672
v 0.0419479552 -0.025215869 0.528444037
v 0.0256586592 -0.023167406 0.52190487
v 0.0446623602 -0.0259448707 0.530831878
v 0.0459006112 -0.0226657996 0.53033858
v 0.0463773742 0.00901754751 0.529009231
v 0.0493382842 0.00909302591 0.527877846
v 0.0530320152 0.00900512561 0.528024573
v 0.0565566331 0.00805637331 0.527873913
v 0.0569302101 0.0470870563 0.538326181
v 0.0694684496 0.0288362376 0.543892546
v 0.0692162137 0.023854575 0.540970031
v 0.0713449339 0.0236118918 0.540460007
v 0.0719191535 0.0176843439 0.536504591
v 0.0596446152 0.015905314 0.535700114
v 0.0616691927 0.0146613309 0.536049677
v 0.0538957322 0.0464583751 0.535030509
v 0.0531715092 0.0459051758 0.53071074
v 0.0465627302 0.0142581362 0.526277755
v 0.0429674092 0.0132339038 0.525392578
v 0.0427944742 0.0242931224 0.523372026
v 0.0434413082 0.0197127432 0.521509997
v 0.0397743282 0.0122192263 0.524239536
v 0.0498446672 0.0140011215 0.526713007
v 0.0523125682 0.0114930917 0.52678191
v 0.0554750752 0.0101325454 0.527577524
v 0.0518596902 0.0253842339 0.520958596
v 0.0540629352 0.028150234 0.522306609
v 0.0602417655 0.0307375649 0.51516181
v 0.0615449856 0.0353714491 0.519178324
v 0.0586824871 0.041089757 0.521416444
v 0.0434546832 0.0252915571 0.521111192
v 0.0485863522 0.0256479347 0.520124598
v 0.0557550192 0.0430732504 0.522199263
v 0.0552409922 0.0439350581 0.524727904
v 0.0543151712 0.0447232952 0.527537145
v 0.0729309639 0.00575854101 0.54095037
v 0.0764221421 0.00596778291 0.541871993
v 0.0701468123 0.00500756431 0.539496009
v 0.0782928941 0.0144702432 0.542115209
v 0.130049083 -0.0100664123 0.514356394
v 0.126370633 -0.0100664123 0.516865314
v 0.138174141 -0.0100664123 0.509630953
v 0.140506373 -0.0100664123 0.505469737
v 0.124701482 -0.0336868012 0.5076104
v 0.124219938 -0.0325259419 0.507842758
v 0.125961706 -0.031173993 0.506826612
v 0.126606628 -0.0298038918 0.505671575
v 0.127476078 -0.0306542333 0.506267317
v 0.129209246 -0.0320424886 0.504365907
v 0.127325121 -0.031202656 0.504647535
v 0.121924975 -0.0348772792 0.509219354
v 0.123978213 -0.0340049627 0.518590476
v 0.123900827 -0.035473473 0.521701036
v 0.131469816 -0.0294322271 0.500471529
v 0.131959006 -0.0283028959 0.50041049
v 0.130291762 -0.0310039248 0.500469563
v 0.128493622 -0.0312618933 0.499991995
v 0.135786497 -0.0342199368 0.543134377
v 0.133114131 -0.0397146713 0.540696297
v 0.130054813 -0.0369352971 0.535393865
v 0.127381493 -0.0431341912 0.530590658
v 0.12453715 -0.0407561004 0.525612141
v 0.135714841 -0.0242890927 0.498025614
v 0.136437149 -0.0237435361 0.498566187
v 0.13448423 -0.0257834016 0.497258553
v 0.137614257 -0.0235772896 0.499644427
v 0.131985757 -0.0276302664 0.500252935
v 0.131571093 -0.0273856736 0.500247036
v 0.132586729 -0.0261837294 0.498332832
v 0.139074164 -0.0200584041 0.498917716
v 0.137905663 -0.0218192799 0.499205243
v 0.13701137 -0.0234416174 0.500190898
v 0.0954764815 -0.0240330346 0.52202008
v 0.0982625454 -0.0243339985 0.523327714
v 0.099796027 -0.0290223426 0.507466637
v 0.102466482 -0.0297838281 0.508835339
v 0.103180194 -0.0294656666 0.509429056
v 0.100809749 -0.0306351252 0.507714753
v 0.104942026 -0.026884068 0.507613335
v 0.120904565 -0.00875268226 0.518292091
v 0.113949916 -0.0100664123 0.520088151
v 0.120904565 -0.0113801423 0.518292091
v 0.122793467 -0.0163675394 0.51797604
v 0.124227584 -0.0158773987 0.517901209
v 0.124991935 -0.0148111276 0.517491547
v 0.125276656 -0.0133865663 0.516974597
v 0.123727888 -0.0201577697 0.516372017
v 0.125581446 -0.0197803709 0.515467062
v 0.122003318 -0.0231234559 0.514386914
v 0.12333329 -0.0236718787 0.513041835
v 0.118007669 -0.0253916696 0.509559057
v 0.113324104 -0.0249856087 0.510704234
v 0.11125844 -0.0263786397 0.510262115
v 0.116900316 -0.0268190985 0.510436427
v 0.0960077058 -0.0240425887 0.535992512
v 0.107882872 -0.026418769 0.505893133
v 0.10915265 -0.0271640116 0.505911855
v 0.109972419 -0.0281089412 0.50603
v 0.137019969 -0.0172685193 0.504310767
v 0.138734031 -0.0165815578 0.50344129
v 0.135849553 -0.018621422 0.504257593
v 0.140714656 -0.0116190024 0.503881443
v 0.139313982 -0.0134123632 0.503956274
v 0.140011454 -0.0160426896 0.503723916
v 0.139232766 -0.0150041261 0.504084279
v 0.140578983 -0.0170678767 0.503385182
v 0.137345772 -0.0158057404 0.504688883
v 0.0727656731 0.0282142479 0.544152489
v 0.0757332697 0.0275167763 0.544021549
v 0.05951372 0.0554347373 0.571651419
v 0.0649215107 0.0549952289 0.574585731
v 0.0707831353 0.0537980683 0.575982987
v 0.0535498642 0.0553812269 0.571627767
v 0.0554722082 0.0524040789 0.546272522
v 0.0492551602 0.0549187967 0.565261855
v 0.0478191352 0.0552694438 0.573956506
v 0.0889642043 0.0472790979 0.615161001
v 0.0839299905 0.0492654566 0.615814818
v 0.137147997 0.00181543961 0.613870094
v 0.135147305 0.00123071031 0.618888991
v 0.102558204 0.03645205 0.627833723
v 0.0951936709 0.0394311129 0.627641745
v 0.108421739 0.032753544 0.627782545
v 0.115844552 0.0267228051 0.629282156
v 0.121075589 0.0206423856 0.630527813
v 0.123568332 0.0159664626 0.6311767
v 0.126216808 0.0108319266 0.630677475
v 0.129031538 0.00523496031 0.629047803
v 0.0911894235 0.0411069555 0.627756955
v 0.130134114 0.000714773205 0.628628339
v 0.08765525 0.0416926404 0.627563921
v 0.131540525 -0.0221594165 0.567558138
v 0.130498137 -0.0230976591 0.571922161
v 0.131932254 -0.0199972564 0.556443132
v 0.131154527 -0.024418077 0.57592095
v 0.132723356 -0.0275863162 0.578976341
v 0.133096932 -0.031376547 0.581059928
v 0.131427781 -0.0233728252 0.552245499
v 0.131077134 -0.0266003017 0.550007378
v 0.134917047 -0.0319650972 0.547249316
v 0.130234436 -0.0324523713 0.546172043
v 0.137467116 -0.00413599604 0.614051274
v 0.137705019 -0.0100664123 0.614585009
v 0.137467116 -0.0159968285 0.614051274
v 0.137147997 -0.0219482642 0.613870094
v 0.136851814 -0.0279188092 0.614061133
v 0.136213576 -0.0338033644 0.613531389
v 0.136429511 -0.0395006529 0.579501155
v 0.137171887 -0.0403204218 0.581364182
v 0.137120291 -0.0413436967 0.584369392
v 0.137490045 -0.0402497164 0.589289804
v 0.131663777 -0.0383665452 0.581826959
v 0.136617734 -0.0397786869 0.596566482
v 0.134553024 -0.0402965354 0.607262963
v 0.134426904 -0.0394165753 0.612676673
v 0.0787467278 0.00308521951 0.546684063
v 0.0776680356 -0.00112636018 0.546952926
v 0.0760275457 -0.00415032753 0.540929653
v 0.0798254192 -0.00755551591 0.5406845
v 0.0779785544 -0.0100664123 0.540973964
v 0.0798254192 -0.0125773087 0.5406845
v 0.0760275457 -0.0159824971 0.540929653
v 0.0776680356 -0.0190064644 0.546952926
v 0.0787467278 -0.0232180441 0.546684063
v 0.0947044854 -0.025994553 0.539277385
v 0.0913738233 -0.0277344094 0.5391691
v 0.0804292583 -0.0289210665 0.545689545
v 0.100954021 -0.0253018597 0.524829321
v 0.0987068268 -0.0263423332 0.53345994
v 0.099239005 -0.0276082913 0.525189742
v 0.121172085 -0.00966894925 0.518307879
v 0.121728153 -0.0100664123 0.518610137
v 0.0747357908 0.0158709187 0.543620808
v 0.0803776646 0.0157075384 0.543549909
v 0.0785126448 0.0498473189 0.616427317
v 0.0699700557 0.054596816 0.590362088
v 0.0727064358 0.0547143296 0.601615898
v 0.0731210968 0.0506279142 0.618411423
v 0.076723106 0.0215338102 0.538552669
v 0.0742494714 0.0225360675 0.540133099
v 0.0787677472 0.0167604319 0.539358144
v 0.077511344 0.00116765121 0.549769035
v 0.0588152936 0.010684789 0.528858571
v 0.0609593009 0.010301658 0.531269066
v 0.0617618704 0.00865256891 0.535291449
v 0.0625825934 0.00791114711 0.53919469
v 0.0653313944 0.00930895561 0.538448317
v 0.0680553539 0.00803344441 0.53788506
v 0.0749106365 -0.00270092532 0.545303594
v 0.0739112462 -0.00501500089 0.538420732
v 0.0772715288 -0.00764914908 0.538396141
v 0.0758507895 -0.0100664123 0.53826121
v 0.0772715288 -0.0124836755 0.538396141
v 0.0739112462 -0.0151178237 0.538420732
v 0.0749106365 -0.0174318993 0.545303594
v 0.077511344 -0.0213004758 0.549769035
v 0.0653313944 -0.0294417802 0.538448317
v 0.0625825934 -0.0280439717 0.53919469
v 0.0680553539 -0.028166269 0.53788506
v 0.0617618704 -0.0287853935 0.535291449
v 0.0609593009 -0.0304344826 0.531269066
v 0.0588152936 -0.0308176136 0.528858571
v 0.0701468123 -0.0251403889 0.539496009
v 0.0554750752 -0.03026537 0.527577524
v 0.0565566331 -0.0281891979 0.527873913
v 0.0525609832 -0.0271621003 0.527288061
v 0.0729309639 -0.0258913656 0.54095037
v 0.103011082 -0.0334030349 0.515498579
v 0.10634748 -0.0340384023 0.518636724
v 0.104653485 -0.0325202078 0.52226623
v 0.0998992144 -0.0319746521 0.516098283
v 0.0982969424 -0.0320768838 0.517779073
v 0.098938042 -0.028464365 0.520708455
v 0.0999068597 -0.0349967094 0.513610961
v 0.102157873 -0.0337966765 0.516590582
v 0.0686505929 -0.0414096219 0.511863204
v 0.0683840251 -0.0421051822 0.511807037
v 0.0674897334 -0.0425446835 0.511758793
v 0.0668935389 -0.0415644048 0.511863204
v 0.0674314515 -0.0403423968 0.512270871
v 0.0984536331 -0.0348944777 0.51149392
v 0.0973329012 -0.0341320365 0.510453154
v 0.0985272036 -0.0342218464 0.509071628
v 0.0996288257 -0.0311147558 0.509730375
v 0.100141898 -0.0348772792 0.510790862
v 0.0493478382 -0.027466886 0.528755216
v 0.0469429962 -0.0258273518 0.530467524
v 0.0764221421 -0.0261006075 0.541871993
v 0.0787763465 -0.0281729569 0.542438185
v 0.0232375722 0.00925258531 0.523785562
v 0.0265605942 0.00922201101 0.522787112
v 0.0299629172 0.00978954181 0.522178604
v 0.0333566372 0.0105319193 0.522351919
v 0.0366586382 0.0113354435 0.523132743
v 0.0237869522 -0.00794533552 0.524187301
v 0.0226423332 -0.00235792218 0.524673732
v 0.0231286542 -0.0100664123 0.525712561
v 0.0225066602 0.00374160711 0.523846601
v 0.0237869522 -0.0121874891 0.524187301
v 0.0225066602 -0.0238744317 0.523846601
v 0.0226423332 -0.0177749024 0.524673732
v 0.0200206062 0.00988317611 0.52502036
v 0.0333566372 -0.0306647439 0.522351919
v 0.0299629172 -0.0299223664 0.522178604
v 0.0366586382 -0.0314682681 0.523132743
v 0.0265605942 -0.0293548356 0.522787112
v 0.0397743282 -0.0323520509 0.524239536
v 0.0232375722 -0.0293854099 0.523785562
v 0.0429674092 -0.0333667284 0.525392578
v 0.0200206062 -0.0300160007 0.52502036
v 0.0463773742 -0.0291503721 0.529009231
v 0.0465627302 -0.0343909608 0.526277755
v 0.0725612087 0.0185079319 0.539843577
v 0.064038684 0.0143403024 0.538491631
v 0.0485978172 0.0484428225 0.541406282
v 0.0465015832 0.0455669505 0.534459388
v 0.0497185492 0.0451092933 0.530439001
v 0.0522944152 0.0447892204 0.526784903
v 0.0396224142 0.0210236071 0.522838349
v 0.0396319692 0.0192063592 0.520476098
v 0.0388542412 0.0261590952 0.524914013
v 0.0411300982 0.0264447746 0.523037253
v 0.0509529772 0.0287101213 0.522307607
v 0.0567133256 0.0302951948 0.515068315
v 0.0612239578 0.0342392528 0.515107697
v 0.0586136958 0.0338446555 0.511938035
v 0.0536559172 0.0299827673 0.514893006
v 0.0590837718 0.0384384123 0.517239469
v 0.0558658502 0.0400989677 0.518480195
v 0.0561276406 0.0418283135 0.520361885
v 0.0454448652 0.0264218421 0.519629305
v 0.0479223222 0.0297773463 0.522176609
v 0.0537839462 0.0428181489 0.521872355
v 0.0532699192 0.0436885558 0.52440393
v 0.0546170902 0.0413362628 0.520173781
v 0.130346219 -0.012095767 0.514486336
v 0.126293247 -0.0106062359 0.516743237
v 0.136996086 -0.011448934 0.50885993
v 0.121172085 -0.0104638753 0.518307879
v 0.13929583 -0.0117498977 0.505102449
v 0.120114413 -0.0331097155 0.508728991
v 0.119028078 -0.0346728139 0.509972593
v 0.120562517 -0.0308816293 0.507152523
v 0.122692191 -0.0324772134 0.507767927
v 0.124690014 -0.0327714885 0.505582951
v 0.125608197 -0.0312714482 0.505128038
v 0.122932963 -0.0331469777 0.505623331
v 0.125869983 -0.0297800072 0.504495878
v 0.126814918 -0.0310583855 0.500653706
v 0.122048226 -0.0361757212 0.517815521
v 0.118478702 -0.0364594875 0.516795414
v 0.115844552 -0.0350244168 0.509491093
v 0.117720081 -0.034637463 0.509874168
v 0.115604738 -0.0336103654 0.50989383
v 0.122615755 -0.0397041625 0.522332198
v 0.129003825 -0.0288914479 0.499139274
v 0.126372548 -0.0294484681 0.499326352
v 0.132575261 -0.0404685132 0.545115489
v 0.135896372 -0.0402162769 0.543152102
v 0.13446417 -0.0400548096 0.541612052
v 0.129142367 -0.0488744741 0.538245481
v 0.130821079 -0.0483757355 0.539940064
v 0.124521859 -0.0482553496 0.525324614
v 0.126952499 -0.0501604959 0.530245027
v 0.1223597 -0.0465365143 0.524179437
v 0.134960997 -0.0239995942 0.499308627
v 0.135854337 -0.0235620024 0.499348038
v 0.133856506 -0.024196415 0.499238726
v 0.132956483 -0.0250314693 0.499539048
v 0.130976812 -0.0268066766 0.500681261
v 0.130543995 -0.0270063635 0.500778747
v 0.135963251 -0.0219998579 0.50250291
v 0.135830447 -0.0211810465 0.503083862
v 0.135881088 -0.0221880803 0.501545808
v 0.133791535 -0.0219100472 0.502496014
v 0.10018489 -0.0319593649 0.509105141
v 0.103449629 -0.0298688631 0.507478463
v 0.104025761 -0.0306676109 0.507086554
v 0.102873501 -0.0308739857 0.509284324
v 0.104020984 -0.0298717284 0.506399254
v 0.106735389 -0.0290519613 0.504119728
v 0.105259233 -0.0290806242 0.504809992
v 0.115779584 -0.0100664123 0.52002318
v 0.125881451 -0.0120288861 0.516899766
v 0.127384355 -0.0188316187 0.515201251
v 0.129133768 -0.018013762 0.515433608
v 0.129548433 -0.0160512888 0.515044663
v 0.129779644 -0.0141709828 0.514385916
v 0.125020601 -0.0238725204 0.512237359
v 0.126586568 -0.0232572176 0.511382643
v 0.128129599 -0.0223065549 0.51085683
v 0.120284483 -0.0256066437 0.509440912
v 0.122481039 -0.0249951627 0.508632503
v 0.117956077 -0.0269327947 0.510087803
v 0.115820665 -0.0261732206 0.504126624
v 0.112669625 -0.0249932523 0.504741059
v 0.111108438 -0.0262248143 0.505211731
v 0.1177669 -0.0274907724 0.504947857
v 0.117072294 -0.0271449036 0.504199489
v 0.0957287178 -0.0292793555 0.53311337
v 0.108466646 -0.0293309492 0.504232972
v 0.107802614 -0.0293385928 0.504056723
v 0.11008707 -0.0293720341 0.505552432
v 0.110652692 -0.0299988022 0.504875961
v 0.137130798 -0.0168060864 0.505450017
v 0.13670085 -0.0171777525 0.505834061
v 0.135739678 -0.0183730075 0.505471703
v 0.135396676 -0.0200536266 0.505145763
v 0.138107262 -0.0137343465 0.505442152
v 0.139313982 -0.0173287118 0.504103001
v 0.0524692612 0.0564551435 0.588039277
v 0.0584493597 0.0562573679 0.588427224
v 0.0643023855 0.0555608501 0.588841758
v 0.0465713292 0.0559965359 0.587905344
v 0.0458136662 0.0482173413 0.54773375
v 0.0502965902 0.0534053788 0.550643471
v 0.0435741142 0.0541286482 0.568346827
v 0.0421352222 0.0548175206 0.576485145
v 0.0411272332 0.055073576 0.590373944
v 0.0841803155 0.0423566725 0.628137038
v 0.0782546763 0.0434668938 0.628343806
v 0.135185525 -0.00440351906 0.61982247
v 0.130819164 -0.00326367911 0.628891275
v 0.0966468976 0.0280222028 0.6384721
v 0.102480815 0.0245969507 0.638238745
v 0.0908502426 0.0307452102 0.638786214
v 0.108823024 0.0202162601 0.638222018
v 0.114585282 0.0142390263 0.637916767
v 0.119334775 0.00452602331 0.63864248
v 0.120960934 -0.000592268925 0.639036354
v 0.121955549 -0.0100664123 0.639094399
v 0.0850669635 0.0324449356 0.63836675
v 0.105956705 -0.0282245506 0.562388583
v 0.106061804 -0.0268802453 0.565649802
v 0.107613438 -0.0301889342 0.557476093
v 0.105994921 -0.0265811937 0.568617627
v 0.111582336 -0.0311577502 0.554347808
v 0.106714368 -0.0269958547 0.573219993
v 0.106413405 -0.028742399 0.576724429
v 0.106164991 -0.0320472652 0.570499316
v 0.116453169 -0.0319574536 0.553384748
v 0.121542796 -0.0332816933 0.550526264
v 0.128919748 -0.0392226206 0.544764987
v 0.123312273 -0.034282995 0.54924422
v 0.135282978 -0.0100664123 0.620145446
v 0.135185525 -0.0157293055 0.61982247
v 0.135147305 -0.0213635349 0.618888991
v 0.134740293 -0.027049358 0.619022923
v 0.13400747 -0.0327017424 0.619237556
v 0.132473985 -0.0381850124 0.619449254
v 0.133537395 -0.0477136147 0.576198617
v 0.133988357 -0.0491056928 0.577473736
v 0.128250943 -0.0487674675 0.579098477
v 0.132021108 -0.0503487184 0.581266696
v 0.134146005 -0.0457578303 0.588129837
v 0.133573699 -0.0449256431 0.594461297
v 0.105685359 -0.0336801133 0.573381452
v 0.131915055 -0.0456498663 0.605974052
v 0.131999133 -0.0445262692 0.610851092
v 0.130080611 -0.0432220914 0.618636913
v 0.0912840117 -0.0298153581 0.532336478
v 0.0887215211 -0.0320787952 0.532383725
v 0.0876667162 -0.0291398615 0.538574326
v 0.0955538748 -0.0292248966 0.519101497
v 0.0967080462 -0.029100688 0.524783073
v 0.0954239321 -0.0303771567 0.521405645
v 0.117700018 -0.0100664123 0.520097013
v 0.0726309566 0.0135482426 0.541359974
v 0.0699547685 0.0115169781 0.539244929
v 0.065632358 0.0443888927 0.628118315
v 0.0671429087 0.0556955693 0.601005395
v 0.0638046012 0.0515480053 0.61829228
v 0.0755393159 0.0188958413 0.536208202
v 0.066292567 0.0117386401 0.537382901
v 0.0726309566 -0.0336810672 0.541359974
v 0.0699547685 -0.0316498027 0.539244929
v 0.0747357908 -0.0360037433 0.543620808
v 0.066292567 -0.0318714647 0.537382901
v 0.0782928941 -0.0346030678 0.542115209
v 0.064038684 -0.034473127 0.538491631
v 0.0616691927 -0.0347941555 0.536049677
v 0.0596446152 -0.0360381386 0.535700114
v 0.081620692 -0.0322641506 0.542555391
v 0.0605799912 -0.035004353 0.530309998
v 0.0523125682 -0.0316259163 0.52678191
v 0.0530320152 -0.0291379502 0.528024573
v 0.0845099415 -0.0307258925 0.540753404
v 0.10816186 -0.0314443835 0.517640269
v 0.109655211 -0.0355957702 0.520434721
v 0.105397772 -0.0305090071 0.514747276
v 0.103027326 -0.0332367875 0.516099222
v 0.107354513 -0.0350483032 0.523167194
v 0.104819732 -0.0310497862 0.526367376
v 0.110135801 -0.0360132965 0.524247401
v 0.101854045 -0.0312733596 0.519508167
v 0.0996937934 -0.0312762248 0.520853246
v 0.101191924 -0.0341979617 0.509745166
v 0.101411675 -0.0346938351 0.513111736
v 0.0681203239 -0.0433711403 0.523950014
v 0.0682569518 -0.0408908196 0.512039453
v 0.0667645544 -0.0454587787 0.524850978
v 0.0652798007 -0.0457138802 0.525593419
v 0.0630144524 -0.044932331 0.526687418
v 0.0642842321 -0.043647263 0.525238925
v 0.0669671077 -0.0417745988 0.524732834
v 0.100087437 -0.0344033809 0.509678199
v 0.101196701 -0.0331823286 0.50901552
v 0.0493382842 -0.0292258505 0.527877846
v 0.0282488552 0.0184334075 0.52275266
v 0.0320152012 0.018675135 0.521420376
v 0.0358226282 0.0188910647 0.520307714
v 0.0206875032 -0.00743321955 0.52496032
v 0.0194368322 -0.00172350962 0.526136955
v 0.0202556432 -0.0097320083 0.525693898
v 0.0193699532 0.00513272681 0.525452619
v 0.0199508582 -0.0100664123 0.525874079
v 0.0202556432 -0.0104008163 0.525693898
v 0.0206875032 -0.012699605 0.52496032
v 0.0167797532 0.00991757131 0.526710072
v 0.0194368322 -0.018409315 0.526136955
v 0.0167797532 -0.0300503959 0.526710072
v 0.0193699532 -0.0252655514 0.525452619
v 0.0246363382 0.0182136568 0.524405925
v 0.0434413082 -0.0398455678 0.521509997
v 0.0396319692 -0.0393391838 0.520476098
v 0.0358226282 -0.0390238893 0.520307714
v 0.0320152012 -0.0388079596 0.521420376
v 0.0472439592 -0.0405525944 0.522432619
v 0.0282488552 -0.0385662321 0.52275266
v 0.0507494682 -0.0402286988 0.524630418
v 0.0246363382 -0.0383464814 0.524405925
v 0.0498446672 -0.0341339461 0.526713007
v 0.0599360246 -0.0351820649 0.525619008
v 0.0563626793 -0.0362607562 0.524330096
v 0.0535861702 -0.0382910668 0.526557417
v 0.0471197522 0.0466704839 0.540671705
v 0.0411367862 0.0457962543 0.541450593
v 0.0437776232 0.0430168784 0.529449413
v 0.0407125722 0.0434812235 0.532899677
v 0.0376847822 0.0438146722 0.536355868
v 0.0469000012 0.0427503124 0.52605919
v 0.0496698212 0.0420499755 0.522451341
v 0.0354261212 0.0198914107 0.523256815
v 0.0360471572 0.0248510983 0.525248785
v 0.0400695612 0.0288295497 0.522827491
v 0.0428126282 0.0277632785 0.521066881
v 0.0575865977 0.036037389 0.514446955
v 0.0504303522 0.0316576524 0.515349915
v 0.0552448142 0.0345688787 0.513219082
v 0.0448066322 0.0303047515 0.522526172
v 0.0541623002 0.0382100624 0.515610854
v 0.0524931462 0.0411079094 0.518686963
v 0.136095102 -0.0130865583 0.508429667
v 0.135544771 -0.0149611317 0.508307531
v 0.119487647 -0.0333256435 0.506338216
v 0.119559303 -0.0315542588 0.505922684
v 0.120026513 -0.0306905416 0.505667642
v 0.11916184 -0.0347884233 0.505960099
v 0.117845244 -0.0347549819 0.505853752
v 0.123946684 -0.0322545957 0.501025894
v 0.124834286 -0.0312494732 0.500431179
v 0.125534627 -0.0303599582 0.500399662
v 0.121924975 -0.0323205209 0.500274592
v 0.121132915 -0.0325230748 0.501427663
v 0.12513143 -0.0300599508 0.500627119
v 0.119075851 -0.0383197298 0.520419989
v 0.113595446 -0.0364031172 0.518381712
v 0.114289095 -0.0372324392 0.522510443
v 0.112712621 -0.0352107279 0.511418092
v 0.111787753 -0.0318112717 0.509940137
v 0.110691865 -0.0336017662 0.511236913
v 0.1125951 -0.0328049298 0.509814069
v 0.114701848 -0.0340498685 0.509845586
v 0.115554099 -0.0346345978 0.507112144
v 0.119942435 -0.0431704995 0.524204087
v 0.12595693 -0.0278748591 0.5012839
v 0.12745028 -0.0273933172 0.500488285
v 0.124714858 -0.02848634 0.502584637
v 0.131568231 -0.0474002298 0.542796611
v 0.130992103 -0.0458915921 0.545540881
v 0.127345181 -0.0444278584 0.545139142
v 0.129080265 -0.052239535 0.540026751
v 0.129828371 -0.050552228 0.54524549
v 0.123240614 -0.0557985488 0.531481762
v 0.122759074 -0.0535781062 0.526254161
v 0.120759335 -0.052403871 0.524710179
v 0.126851223 -0.0544905519 0.541069512
v 0.118710874 -0.0506200645 0.525052875
v 0.131354211 -0.0229161254 0.50276385
v 0.132524627 -0.0215632218 0.502817024
v 0.130805788 -0.0241849496 0.502120862
v 0.130624257 -0.026418769 0.501397114
v 0.129696521 -0.026108251 0.500427217
v 0.128594898 -0.0252903935 0.499618809
v 0.134457479 -0.021600484 0.505357461
v 0.133614781 -0.0214982523 0.505693232
v 0.102632729 -0.0311338656 0.509124802
v 0.10599779 -0.0309141132 0.507410499
v 0.104967823 -0.034061333 0.507752198
v 0.10349549 -0.0333027145 0.50775613
v 0.102455017 -0.0323444073 0.507661579
v 0.107251326 -0.0304727005 0.506405153
v 0.107693696 -0.0306809867 0.5066474
v 0.108476199 -0.0309246237 0.50559871
v 0.129673592 -0.0212278627 0.510976971
v 0.131403891 -0.0205284806 0.51076627
v 0.132881004 -0.0196733617 0.510236526
v 0.133670199 -0.0178943326 0.509963789
v 0.134729779 -0.0164898358 0.509115001
v 0.124734925 -0.0247677676 0.50814707
v 0.126937215 -0.0242336772 0.50792158
v 0.12902007 -0.0231683617 0.507413463
v 0.121333556 -0.024779233 0.509939139
v 0.118215001 -0.0264560312 0.504408253
v 0.120678123 -0.0247878322 0.503975994
v 0.119153241 -0.0251289245 0.504237902
v 0.115543589 -0.0280258193 0.501821508
v 0.11399482 -0.0280248636 0.501502494
v 0.112498601 -0.0281012977 0.501948545
v 0.110691865 -0.0280946097 0.503928718
v 0.11786913 -0.0279579828 0.503783957
v 0.119852624 -0.0276828157 0.500965853
v 0.117132485 -0.0279340964 0.502609258
v 0.0937824884 -0.0296376462 0.525705694
v 0.0937968198 -0.0302376627 0.528001918
v 0.0940156148 -0.02993001 0.531173576
v 0.0650160992 -0.0384993512 0.540424558
v 0.109534829 -0.0314290964 0.505586913
v 0.110686131 -0.0305214272 0.50574444
v 0.111609088 -0.0307383126 0.503671711
v 0.111544116 -0.0318934397 0.503697329
v 0.137990695 -0.0181379697 0.504448632
v 0.137976365 -0.0214934748 0.503962201
v 0.137639094 -0.020036429 0.5041739
v 0.13673907 -0.0210902792 0.504524431
v 0.137838784 -0.0161086152 0.505782853
v 0.0479041682 0.0559583162 0.60386781
v 0.0533368002 0.0565554657 0.602012707
v 0.0614685503 0.0563901722 0.601128469
v 0.0423759922 0.0551939655 0.605363549
v 0.0414157752 0.0491479394 0.553757964
v 0.0346053992 0.0461449902 0.54759882
v 0.0334989982 0.0468329087 0.550912275
v 0.0376828712 0.0454924261 0.544561153
v 0.0375089812 0.0523859266 0.56780329
v 0.0363003492 0.0532381775 0.576982375
v 0.0356449162 0.0536576187 0.592499846
v 0.0368554602 0.0539748227 0.605866706
v 0.0798521726 0.0328290223 0.638827591
v 0.072329037 0.0344685565 0.63834609
v 0.130977766 -0.0100664123 0.629040937
v 0.0865727377 0.017899318 0.647455274
v 0.0921190659 0.0154371479 0.646971779
v 0.0973682556 0.0114319431 0.647183477
v 0.0810493385 0.0193019031 0.64743262
v 0.102267752 0.00601746521 0.647360724
v 0.105122606 0.00151160961 0.647239644
v 0.106462131 -0.00224517985 0.647723081
v 0.107402286 -0.0100664123 0.647752603
v 0.130819164 -0.0168691455 0.628891275
v 0.130134114 -0.0208475978 0.628628339
v 0.120960934 -0.0195405557 0.639036354
v 0.106462131 -0.0178876447 0.647723081
v 0.105552555 -0.0349403374 0.568379342
v 0.10567294 -0.0314969329 0.56215329
v 0.107125206 -0.0339428584 0.555761789
v 0.112445098 -0.0371005871 0.550756685
v 0.119765677 -0.0379480632 0.547887345
v 0.122886147 -0.035951194 0.547711096
v 0.129031538 -0.0253677849 0.629047803
v 0.126216808 -0.0309647512 0.630677475
v 0.123568332 -0.0360992872 0.6311767
v 0.13023539 -0.0537367082 0.574462598
v 0.129874236 -0.0526398627 0.57173705
v 0.12588432 -0.0523732967 0.573415904
v 0.128270049 -0.0553781574 0.578593324
v 0.130324244 -0.0507194292 0.586267868
v 0.129782513 -0.0496674913 0.592962625
v 0.128069412 -0.0503477645 0.6054679
v 0.128547126 -0.0490779837 0.609684257
v 0.126848354 -0.047591321 0.617217004
v 0.121075589 -0.0407752102 0.630527813
v 0.0929885172 -0.0304774771 0.534327451
v 0.0920120576 -0.0315427926 0.537313
v 0.0872023728 -0.0317109513 0.536957509
v 0.0915629996 -0.031933569 0.540642125
v 0.100619615 -0.0302663257 0.524108538
v 0.0920216108 -0.0300112224 0.524750558
v 0.0967959465 -0.030489899 0.524732834
v 0.0578531655 0.0441624541 0.62875834
v 0.0584130532 0.0520868749 0.617722157
v 0.0594095769 0.0338465668 0.638814796
v 0.0803776646 -0.035840363 0.543549909
v 0.0787677472 -0.0368932565 0.539358144
v 0.0755393159 -0.0390286659 0.536208202
v 0.0813732322 -0.0341196146 0.547803651
v 0.0834799768 -0.0323663824 0.545696471
v 0.0725612087 -0.0386407565 0.539843577
v 0.0719191535 -0.0378171685 0.536504591
v 0.0688445472 -0.0372276609 0.537284417
v 0.0859488349 -0.0323100121 0.5410961
v 0.104896164 -0.0331011162 0.514842825
v 0.103188793 -0.0317510788 0.51423332
v 0.103012993 -0.0315580797 0.511693822
v 0.102305968 -0.0330705419 0.512126081
v 0.1072819 -0.03453332 0.527957607
v 0.104527365 -0.0298421097 0.53047938
v 0.110395679 -0.0364155373 0.528083675
v 0.103328289 -0.0301593156 0.523039189
v 0.115427026 -0.0394433269 0.527915291
v 0.101919016 -0.0326367729 0.509556122
v 0.102165519 -0.0319880279 0.509377878
v 0.0666470353 -0.04987482 0.534935958
v 0.0663221857 -0.0464667664 0.528880287
v 0.063235159 -0.047630491 0.529245579
v 0.0609975183 -0.0466836519 0.530672356
v 0.0625931033 -0.0446686266 0.529194401
v 0.063990912 -0.0419723779 0.52767008
v 0.0674859116 -0.0414105794 0.527017261
v 0.0272093392 0.0206108574 0.526060188
v 0.0312240952 0.0199869528 0.524447302
v 0.0174867782 -0.00676632245 0.525476272
v 0.0160029812 -0.000812975245 0.526738596
v 0.0170864502 -0.0092590655 0.526565282
v 0.0159475662 0.00596587151 0.52659093
v 0.0167424912 -0.0100664123 0.526151745
v 0.0137271232 0.00995961011 0.52857797
v 0.0170864502 -0.0108737591 0.526565282
v 0.0174867782 -0.0133665021 0.525476272
v 0.0160029812 -0.0193198493 0.526738596
v 0.0212569472 0.0180798951 0.526693287
v 0.0159475662 -0.0260986961 0.52659093
v 0.0212569472 -0.0382127197 0.526693287
v 0.0137271232 -0.0300924347 0.52857797
v 0.0232700572 0.0215003706 0.52789064
v 0.0463439352 -0.0442520578 0.523469511
v 0.0427944742 -0.044425947 0.523372026
v 0.0396224142 -0.0411564317 0.522838349
v 0.0354261212 -0.0400242353 0.523256815
v 0.0312240952 -0.0401197774 0.524447302
v 0.0272093392 -0.040743682 0.526060188
v 0.0536444522 -0.0406691576 0.526886321
v 0.0502803472 -0.0416045323 0.524086881
v 0.0569005914 -0.0404847578 0.530204648
v 0.0232700572 -0.0416331952 0.52789064
v 0.0625682618 -0.0394318607 0.536715291
v 0.0600076825 -0.0402057663 0.533408762
v 0.0345509382 0.0434114757 0.539683057
v 0.0322559732 0.0402785873 0.53361553
v 0.0350659212 0.0402413287 0.530650699
v 0.0371239392 0.0388989348 0.527339239
v 0.0302017742 0.0394358895 0.537196792
v 0.0270870412 0.0389008461 0.539665332
v 0.0390711242 0.0374094033 0.523836799
v 0.0417090952 0.0363469548 0.5209566
v 0.0303078302 0.0238087135 0.526237434
v 0.0331225572 0.0241306977 0.525285233
v 0.0371449582 0.0292461221 0.524394128
v 0.0384185602 0.0307003026 0.521913732
v 0.0415466702 0.0304356444 0.522241638
v 0.0516695582 0.035321765 0.514571027
v 0.0472506462 0.0332990979 0.516423196
v 0.0451161952 0.0357880215 0.519078843
v 0.0484459032 0.0355501149 0.516855454
v 0.136538425 -0.0180844647 0.506394324
v 0.118984128 -0.03278582 0.501994823
v 0.119672047 -0.0317176392 0.501665948
v 0.117895882 -0.0339495463 0.502898751
v 0.115966849 -0.0340078279 0.503392078
v 0.12263773 -0.0304182398 0.499504596
v 0.124505614 -0.0295736306 0.500590672
v 0.120690545 -0.0309131575 0.500100309
v 0.119289871 -0.0313689034 0.502137589
v 0.108212498 -0.0338205629 0.513092074
v 0.109873054 -0.0344693061 0.512535743
v 0.111584247 -0.032282303 0.507556229
v 0.112988744 -0.0340259821 0.507282494
v 0.110926903 -0.0334842473 0.508407012
v 0.110270516 -0.0346756809 0.509265602
v 0.11297441 -0.0343861824 0.504345219
v 0.117623582 -0.0444249896 0.529051606
v 0.118322011 -0.0501948929 0.528271721
v 0.124502753 -0.0264445649 0.501131274
v 0.125620612 -0.0250047176 0.500417387
v 0.127354742 -0.0244992894 0.499834468
v 0.123111628 -0.0280105322 0.501152931
v 0.123014175 -0.0265296 0.501577325
v 0.128514644 -0.0502130453 0.547843032
v 0.126205347 -0.048728294 0.547779999
v 0.120684811 -0.0550294215 0.550880758
v 0.12173293 -0.0530306409 0.551801443
v 0.118969798 -0.0602356114 0.547867683
v 0.11599647 -0.0619812018 0.544346462
v 0.115269377 -0.0621761122 0.531649149
v 0.117005411 -0.0575183415 0.525078464
v 0.11252631 -0.0641424072 0.543250527
v 0.116343294 -0.0561195756 0.523836799
v 0.115189123 -0.0559265765 0.525694837
v 0.119256428 -0.0599757333 0.551548367
v 0.130943369 -0.0221383971 0.505408669
v 0.130320422 -0.0254929474 0.502479287
v 0.12982264 -0.0241085147 0.503479703
v 0.134099193 -0.0218651414 0.504762716
v 0.106533791 -0.0345466975 0.50566371
v 0.105221971 -0.0345973356 0.508598051
v 0.103176375 -0.0332119472 0.509279394
v 0.107211199 -0.03510945 0.506464255
v 0.108330019 -0.0336705584 0.505751336
v 0.131286378 -0.0225778993 0.507297284
v 0.133360633 -0.0216425237 0.507044209
v 0.135189347 -0.019995345 0.506887651
v 0.123553999 -0.0254776603 0.508067309
v 0.123374375 -0.0253696945 0.508569469
v 0.126371594 -0.023265816 0.50923115
v 0.124609759 -0.0255923122 0.507718685
v 0.128500314 -0.0230584855 0.508431604
v 0.121977524 -0.0250391129 0.504134518
v 0.121705221 -0.0258684349 0.501087931
v 0.120734495 -0.0272920411 0.500769884
v 0.115753786 -0.0294522908 0.502876096
v 0.114903443 -0.0301851133 0.503653018
v 0.117499377 -0.0291159751 0.50258857
v 0.118577112 -0.0295831855 0.50281406
v 0.120286395 -0.0295115281 0.502343388
v 0.122048226 -0.0281127639 0.501562564
v 0.0971800332 -0.029958673 0.528343617
v 0.0970844875 -0.0294876417 0.532027294
v 0.0967166454 -0.0294971966 0.535699116
v 0.0961128045 -0.0303198307 0.539227204
v 0.0644342362 -0.040164685 0.531565456
v 0.0619090082 -0.0414163098 0.532875085
v 0.0686935878 -0.0433252788 0.531760427
v 0.0689162055 -0.0412338214 0.538389215
v 0.110318289 -0.0332635409 0.505913822
v 0.111911962 -0.0321561849 0.505971896
v 0.115085935 -0.0332043037 0.502560017
v 0.112676313 -0.0335453959 0.502682123
v 0.0422517852 0.0506116696 0.619193244
v 0.0476672192 0.0511276102 0.61919524
v 0.0530444352 0.0517715786 0.618313937
v 0.0369070542 0.0496610113 0.618857474
v 0.0328215902 0.0499638857 0.563911905
v 0.0286463172 0.042805727 0.546797336
v 0.0241337762 0.0419897808 0.549918755
v 0.0315002182 0.0429423575 0.543118589
v 0.0288049232 0.0471224072 0.559228779
v 0.0310578512 0.0509307885 0.574618187
v 0.0300565482 0.0515441826 0.592192599
v 0.0314428922 0.0521785978 0.605312369
v 0.0316530892 0.0482526922 0.618396633
v 0.0741052 0.0193964913 0.647787113
v 0.0610003847 0.0206127652 0.647180543
v 0.0793094821 0.00662894621 0.652295926
v 0.0833796564 0.00419448511 0.652504632
v 0.0868326176 0.00106541951 0.652628704
v 0.0900190092 -0.00115024569 0.652746849
v 0.0921095128 -0.00361241493 0.652681879
v 0.0739494632 0.00835447111 0.651831153
v 0.0936277054 -0.0100664123 0.652661219
v 0.119334775 -0.0246588479 0.63864248
v 0.105122606 -0.0216444342 0.647239644
v 0.0921095128 -0.0165204097 0.652681879
v 0.12462505 -0.0534309687 0.569025294
v 0.119570771 -0.0522615101 0.560792424
v 0.119852624 -0.0511828169 0.551355391
v 0.114585282 -0.0343718509 0.637916767
v 0.123947638 -0.057893829 0.572142722
v 0.126324775 -0.0567998487 0.571109819
v 0.126529242 -0.0544437366 0.569028228
v 0.125933047 -0.0550380172 0.584175419
v 0.125384624 -0.054092132 0.592672163
v 0.123730757 -0.0541972307 0.60352124
v 0.12427631 -0.0530354175 0.609314035
v 0.122674038 -0.0512219905 0.616720713
v 0.115844552 -0.0468556297 0.629282156
v 0.108823024 -0.0403490847 0.638222018
v 0.0948726442 -0.0322517305 0.541796165
v 0.0897954359 -0.0341253468 0.542132934
v 0.0921305322 -0.0339132398 0.542859644
v 0.0902970415 -0.0367098124 0.543671986
v 0.103942637 -0.0286344332 0.52670614
v 0.100997014 -0.0288035459 0.527341235
v 0.101110712 -0.0276044686 0.53068515
v 0.0481974872 0.0428869393 0.629632718
v 0.0510886502 0.0319337751 0.639629074
v 0.0543037062 0.0200557468 0.647365654
v 0.0820143336 -0.039959264 0.539846511
v 0.079224447 -0.0407962314 0.538247418
v 0.076723106 -0.0416666348 0.538552669
v 0.0742494714 -0.0426688921 0.540133099
v 0.0846169516 -0.0364336915 0.543500667
v 0.0836022741 -0.0376203468 0.540839092
v 0.0876972905 -0.0362789086 0.542811401
v 0.0713449339 -0.0437447164 0.540460007
v 0.10524968 -0.0323033242 0.513100937
v 0.104216849 -0.030727802 0.512615504
v 0.103192616 -0.0314472487 0.511141423
v 0.10699049 -0.0337030423 0.53274708
v 0.104377362 -0.0286382559 0.534597253
v 0.111122767 -0.0364394237 0.535046297
v 0.113905966 -0.0396602124 0.536955572
v 0.115936275 -0.0425895911 0.540157691
v 0.0706598833 -0.0579826867 0.53840201
v 0.0684212874 -0.0553380263 0.53714755
v 0.0677744544 -0.0510289915 0.538029792
v 0.0727179012 -0.0599919743 0.540976957
v 0.0695974343 -0.0429421496 0.528139783
v 0.0659533859 -0.0483814695 0.531830328
v 0.0667358912 -0.0540137884 0.533820361
v 0.0649587728 -0.0535217341 0.530061853
v 0.0629351508 -0.0531978422 0.526739594
v 0.0609908304 -0.0495136659 0.527984194
v 0.0578999818 -0.0469225124 0.529414961
v 0.0559088452 -0.0444249896 0.527623831
v 0.0545932042 -0.0436176426 0.524765348
v 0.0573486929 -0.0443132029 0.530805291
v 0.0593885575 -0.0431886519 0.532905604
v 0.0247538552 0.0241316516 0.528984639
v 0.0275599822 0.0238144475 0.527755769
v 0.0143424252 -0.00650739823 0.526528893
v 0.0126904692 9.27817054e-05 0.527526346
v 0.0140070652 -0.00898103239 0.52779022
v 0.0125987502 0.00643594711 0.528152578
v 0.0136220252 -0.0100664123 0.527055645
v 0.0114493552 0.0123730517 0.529938778
v 0.0140070652 -0.0111517922 0.52779022
v 0.0181422112 0.0180206578 0.52944548
v 0.0143424252 -0.0136254264 0.526528893
v 0.0126904692 -0.0202256063 0.527526346
v 0.0125987502 -0.0265687717 0.528152578
v 0.0194951152 0.0222628136 0.530081573
v 0.0114493552 -0.0325058763 0.529938778
v 0.0181422112 -0.0381534824 0.52944548
v 0.0194951152 -0.0423956382 0.530081573
v 0.0219649262 0.0245663763 0.530171194
v 0.0463582662 -0.0445253118 0.520978257
v 0.0434546832 -0.0454243817 0.521111192
v 0.0411300982 -0.0465775992 0.523037253
v 0.0388542412 -0.0462919198 0.524914013
v 0.0360471572 -0.0449839229 0.525248785
v 0.0331225572 -0.0442635223 0.525285233
v 0.0303078302 -0.0439415381 0.526237434
v 0.0275599822 -0.0439472721 0.527755769
v 0.0247538552 -0.0442644762 0.528984639
v 0.0519017292 -0.0432994811 0.523196775
v 0.0491338202 -0.0437370746 0.521889082
v 0.0219649262 -0.0446992009 0.530171194
v 0.0247443022 0.0371323267 0.542519942
v 0.0259194942 0.0360698747 0.536687706
v 0.0284179672 0.0359619107 0.533677566
v 0.0306154812 0.0358252837 0.53037403
v 0.0328999372 0.0355290973 0.527178778
v 0.0349799302 0.0344284291 0.524024845
v 0.0233789792 0.0352348222 0.53941525
v 0.0213391132 0.0334366824 0.542119141
v 0.0373465572 0.033304832 0.521130912
v 0.0404278502 0.0330936806 0.518898662
v 0.0312288752 0.0293999475 0.527558861
v 0.0342509312 0.0292795652 0.526133023
v 0.0358895092 0.031423572 0.52392149
v 0.0438416372 0.0337433794 0.517634342
v 0.116798083 -0.0321265662 0.5013538
v 0.108527795 -0.0356273002 0.509951934
v 0.103933084 -0.0331966601 0.510700302
v 0.106394295 -0.0350454361 0.510075009
v 0.111531698 -0.0322068247 0.506782301
v 0.112008461 -0.0338559138 0.505597742
v 0.110355551 -0.0341836302 0.507130866
v 0.108992136 -0.0350779218 0.506994967
v 0.119014702 -0.0511063847 0.535451969
v 0.110560015 -0.0601056723 0.528213617
v 0.124546703 -0.0246340068 0.503226657
v 0.126137507 -0.0231291882 0.502936167
v 0.123864518 -0.0264885151 0.504239868
v 0.128109539 -0.0231568963 0.503210899
v 0.120494681 -0.0560995118 0.561562448
v 0.121164443 -0.059518076 0.562290158
v 0.121180684 -0.0546329129 0.560894839
v 0.117124843 -0.0597932449 0.552011146
v 0.117453515 -0.0603588661 0.548078384
v 0.115980225 -0.060302494 0.54572699
v 0.112183308 -0.062126428 0.542829125
v 0.112118337 -0.0626194362 0.527602174
v 0.106404806 -0.0685393423 0.537448869
v 0.103610142 -0.0678791329 0.534363898
v 0.109199469 -0.0659835397 0.543826578
v 0.110602054 -0.0613391448 0.526728736
v 0.108383522 -0.0640248865 0.542969925
v 0.119177127 -0.0603340222 0.562459481
v 0.12951499 -0.023268683 0.507594671
v 0.131170765 -0.02333843 0.506410083
v 0.100964532 -0.0265104901 0.534171861
v 0.100376935 -0.0261808641 0.537620188
v 0.0993775433 -0.0279312294 0.540586017
v 0.0987488656 -0.031041187 0.542317047
v 0.069239144 -0.0525739375 0.540757335
v 0.0673378184 -0.0444966488 0.53483947
v 0.0672671159 -0.0466368365 0.537732464
v 0.0684661932 -0.0483145868 0.540645118
v 0.0692162137 -0.0439873996 0.540970031
v 0.0694684496 -0.0489690622 0.543892546
v 0.0410765942 0.0420862803 0.629803098
v 0.0336556922 0.039345124 0.630326913
v 0.0265242852 0.0482995076 0.571067503
v 0.0214346592 0.036457784 0.544445943
v 0.0183638732 0.0357908867 0.549448054
v 0.0240840922 0.0440181818 0.556170396
v 0.0219601492 0.0450701197 0.568185368
v 0.0252659732 0.049073415 0.589358708
v 0.0261430672 0.0502705827 0.604163261
v 0.0265357532 0.0464688857 0.617690639
v 0.0261516672 0.0363956815 0.629542158
v 0.0631338824 0.00858186531 0.651981813
v 0.0566158704 0.00791687931 0.651603667
v 0.0765052658 -0.00272672217 0.65426624
v 0.0809394632 -0.00436721251 0.654107715
v 0.064748576 -0.00135184396 0.654288895
v 0.0841306331 -0.0100664123 0.653825119
v 0.102267752 -0.0261502898 0.647360724
v 0.0973682556 -0.0315647677 0.647183477
v 0.0900190092 -0.0189825789 0.652746849
v 0.121735795 -0.0578976516 0.571657288
v 0.120950423 -0.0559609735 0.580293835
v 0.120395312 -0.0576998761 0.592607134
v 0.119013749 -0.0577552907 0.602164364
v 0.11951631 -0.0562581174 0.608863054
v 0.118190157 -0.054398829 0.616226418
v 0.113580159 -0.0574075087 0.615906435
v 0.108421739 -0.0528863686 0.627782545
v 0.102480815 -0.0447297753 0.638238745
v 0.0990937788 -0.0341263025 0.541076379
v 0.0885638748 -0.0395130748 0.54325352
v 0.0972029621 -0.0363543887 0.542583915
v 0.0956570622 -0.0389121027 0.544371112
v 0.104899987 -0.0270904429 0.538714187
v 0.103710465 -0.0270617799 0.53046459
v 0.103560462 -0.0256821238 0.534241821
v 0.0439859082 0.0306955261 0.639705901
v 0.0444378312 0.0171368768 0.64712144
v 0.0492628042 0.00693086661 0.651511112
v 0.0821394961 -0.0449160864 0.537842744
v 0.0790773104 -0.0458256669 0.537978613
v 0.0847153624 -0.044135491 0.539850502
v 0.0772533755 -0.0469979907 0.540806577
v 0.0757332697 -0.0476496009 0.544021549
v 0.0727656731 -0.0483470725 0.544152489
v 0.0866807017 -0.0420115479 0.541746924
v 0.107092724 -0.0330285031 0.537569009
v 0.111838395 -0.0362903749 0.541722332
v 0.107855163 -0.0318122274 0.542077823
v 0.112627586 -0.0356894027 0.546016454
v 0.118723293 -0.0473085104 0.546186833
v 0.119074897 -0.053961239 0.544402629
v 0.111651126 -0.0409424115 0.548599265
v 0.0674180755 -0.0570721523 0.540516116
v 0.068053443 -0.0538332077 0.538723049
v 0.0693566634 -0.0608356296 0.540972027
v 0.0652874441 -0.0513987485 0.535702051
v 0.0761164017 -0.0600053502 0.5424106
v 0.0728277765 -0.0627484213 0.540455078
v 0.0635026822 -0.0532972069 0.533058201
v 0.0627192214 -0.0567941182 0.530315926
v 0.0609067517 -0.0583447983 0.527054705
v 0.0616472176 -0.0522529108 0.523076634
v 0.059735382 -0.049216522 0.524618621
v 0.0558849592 -0.0468393887 0.526407755
v 0.0253175652 0.0286910114 0.530596527
v 0.0282498122 0.0291878422 0.529029949
v 0.0116433082 -0.00650453189 0.528529726
v 0.00996268921 0.000667001305 0.52980191
v 0.0110690872 -0.00878325635 0.529455282
v 0.00986810121 0.00732164121 0.530755051
v 0.0106572952 -0.0100664123 0.528485414
v 0.00946777321 0.0133294476 0.532694904
v 0.0110690872 -0.0113495682 0.529455282
v 0.0151641062 0.0182079246 0.532338415
v 0.0116433082 -0.0136282927 0.528529726
v 0.0161004382 0.0223583556 0.533020815
v 0.00996268921 -0.0207998259 0.52980191
v 0.00986810121 -0.0274544658 0.530755051
v 0.00946777321 -0.0334622722 0.532694904
v 0.0193059362 0.0249495092 0.53171412
v 0.0151641062 -0.0383407492 0.532338415
v 0.0161004382 -0.0424911802 0.533020815
v 0.0193059362 -0.0450823338 0.53171412
v 0.0222248072 0.0285639376 0.531875637
v 0.0518596902 -0.0455170585 0.520958596
v 0.0485863522 -0.0457807593 0.520124598
v 0.0541861872 -0.0461170767 0.523126815
v 0.0454448652 -0.0465546667 0.519629305
v 0.0428126282 -0.0478961031 0.521066881
v 0.0400695612 -0.0489623743 0.522827491
v 0.0371449582 -0.0493789467 0.524394128
v 0.0342509312 -0.0494123898 0.526133023
v 0.0312288752 -0.0495327721 0.527558861
v 0.0282498122 -0.0493206668 0.529029949
v 0.0253175652 -0.048823836 0.530596527
v 0.0222248072 -0.0486967622 0.531875637
v 0.0178765992 0.0327774304 0.543524261
v 0.0176253202 0.030958273 0.537549289
v 0.0203445012 0.0318821832 0.535999438
v 0.0232098662 0.0327774304 0.534568729
v 0.0259347812 0.033389867 0.532728358
v 0.0284991802 0.0332283962 0.530623114
v 0.0309651712 0.0324917545 0.52841745
v 0.0334407182 0.031958619 0.526244301
v 0.0154325832 0.0301537912 0.53993713
v 0.0136783972 0.0294438977 0.543017172
v 0.110844737 -0.0617394761 0.542148721
v 0.102750246 -0.0668099965 0.533716948
v 0.103127645 -0.0654332056 0.534861127
v 0.118295256 -0.0567998487 0.562506785
v 0.117419118 -0.0556924962 0.552796899
v 0.115885637 -0.0592190244 0.546499949
v 0.105971035 -0.0639694719 0.542742439
v 0.0996622652 -0.0691020947 0.537886058
v 0.104834062 -0.0672647849 0.544647781
v 0.0960153511 -0.0701502135 0.542340699
v 0.0962513428 -0.0700221858 0.539518664
v 0.0990402755 -0.0676020563 0.537111103
v 0.103266187 -0.0661182553 0.54305755
v 0.12047366 -0.0565265948 0.571246686
v 0.103404725 -0.0239871732 0.538259273
v 0.102806618 -0.0225683453 0.542161516
v 0.102738782 -0.0242824048 0.544100312
v 0.102946114 -0.0284337906 0.544040272
v 0.0719764794 -0.053932576 0.541829677
v 0.0790562901 -0.0596059763 0.54009272
v 0.074478777 -0.0542516914 0.544074723
v 0.0772858603 -0.0538628282 0.544167279
v 0.0351289792 0.0286002459 0.639032364
v 0.0265911682 0.0268078401 0.636870072
v 0.0209254102 0.0468243094 0.585481116
v 0.0153809912 0.034321419 0.549212703
v 0.0186734352 0.0405164939 0.55532554
v 0.0171284892 0.0415875417 0.566476934
v 0.0167023642 0.0442188226 0.581788576
v 0.0223595232 0.0479708355 0.601896499
v 0.0216964482 0.0440716851 0.616631151
v 0.0187737572 0.0332580166 0.627435916
v 0.0172087482 0.0409923036 0.615600186
v 0.0587722987 -0.000329522915 0.653736495
v 0.0494003872 -0.000633352935 0.653289446
v 0.0568375324 -0.0100664123 0.655787567
v 0.0809394632 -0.0157656121 0.654107715
v 0.0868326176 -0.0211982441 0.652628704
v 0.0921190659 -0.0355699725 0.646971779
v 0.0833796564 -0.0243273097 0.652504632
v 0.0966468976 -0.0481550274 0.6384721
v 0.115826399 -0.0546281363 0.576419177
v 0.117628358 -0.0527468728 0.570970017
v 0.114866181 -0.0600550343 0.591379261
v 0.11403304 -0.0608748032 0.600893178
v 0.114784015 -0.0594311332 0.607883326
v 0.10877812 -0.0600607683 0.615787292
v 0.109959997 -0.0624092387 0.606840565
v 0.102558204 -0.0565848746 0.627833723
v 0.102445464 -0.0329988845 0.542115209
v 0.0943481078 -0.0417497585 0.543933924
v 0.101094471 -0.0360973758 0.539865233
v 0.101294158 -0.0364996167 0.543666058
v 0.10557453 -0.0260900969 0.542876372
v 0.105532491 -0.0273512784 0.547114385
v 0.0368678802 0.015341604 0.646361276
v 0.0401565052 0.00553210251 0.650779529
v 0.0437642462 -0.00190695462 0.652664153
v 0.0907900497 -0.0472100995 0.543859092
v 0.0889298073 -0.0486537695 0.541323527
v 0.0927047509 -0.044676272 0.543552843
v 0.0867781569 -0.0500582659 0.539113931
v 0.0844124863 -0.0520857095 0.537997336
v 0.0813617677 -0.0526331748 0.538629496
v 0.0791021516 -0.053274278 0.540936578
v 0.108615695 -0.0305682443 0.546980452
v 0.108669198 -0.0337403045 0.549365358
v 0.116820058 -0.050619107 0.552457197
v 0.111103661 -0.0428752669 0.551626132
v 0.108731301 -0.0387382117 0.547430494
v 0.0640931441 -0.053176821 0.54393093
v 0.0636307111 -0.0507633794 0.543266314
v 0.0653008203 -0.0576329934 0.542754295
v 0.0668008612 -0.0618397947 0.542940345
v 0.0726185356 -0.0670478995 0.544121969
v 0.0686009101 -0.065798186 0.543798993
v 0.0766887099 -0.0672275227 0.542467706
v 0.062279719 -0.0549128547 0.540640189
v 0.0762740489 -0.0644481467 0.539357146
v 0.0804072832 -0.0676268966 0.53994699
v 0.0614360653 -0.0581919267 0.537625118
v 0.060386037 -0.0615139914 0.534506693
v 0.0585582798 -0.0633331489 0.530481317
v 0.0607720346 -0.0573463637 0.522969289
v 0.0614351099 -0.0512181714 0.519109362
v 0.0580146345 -0.0629920584 0.525860286
v 0.0573381832 -0.0484693697 0.522583278
v 0.00914578921 -0.00643669557 0.530933296
v 0.00744606021 0.000706173905 0.532657459
v 0.00818939321 -0.00885778068 0.531252339
v 0.00710019321 0.00763502441 0.533476726
v 0.00801550421 -0.0100664123 0.530575868
v 0.00710496921 0.012904276 0.535702051
v 0.00818939321 -0.0112750439 0.531252339
v 0.0120455472 0.0188776872 0.534935019
v 0.00914578921 -0.013696129 0.530933296
v 0.00744606021 -0.0208389985 0.532657459
v 0.0143204502 0.0252456956 0.535593766
v 0.0167635122 0.0252112986 0.533558424
v 0.0128318762 0.0220201304 0.536229859
v 0.00904164421 0.0189512559 0.537834879
v 0.00710019321 -0.027767849 0.533476726
v 0.00710496921 -0.0330371006 0.535702051
v 0.0120455472 -0.0390105118 0.534935019
v 0.0191330042 0.0286585258 0.533146824
v 0.0128318762 -0.042152955 0.536229859
v 0.0167635122 -0.0453441232 0.533558424
v 0.0143204502 -0.0453785202 0.535593766
v 0.00904164421 -0.0390840805 0.537834879
v 0.0191330042 -0.0487913504 0.533146824
v 0.0540629352 -0.0482830586 0.522306609
v 0.0509529772 -0.0488429459 0.522307607
v 0.0479223222 -0.0499101709 0.522176609
v 0.0448066322 -0.0504375761 0.522526172
v 0.0415466702 -0.050568469 0.522241638
v 0.0384185602 -0.0508331272 0.521913732
v 0.0358895092 -0.0515563966 0.52392149
v 0.0334407182 -0.0520914436 0.526244301
v 0.0309651712 -0.0526245791 0.52841745
v 0.0284991802 -0.0533612208 0.530623114
v 0.0259347812 -0.0535226916 0.532728358
v 0.0232098662 -0.052910255 0.534568729
v 0.0109802332 0.0307566747 0.54867709
v 0.0122041522 0.0278597781 0.540780988
v 0.0142229972 0.0280537345 0.537844681
v 0.0164443932 0.0284875054 0.535112266
v 0.0103448642 0.0279772987 0.54383544
v 0.00928623821 0.0279553237 0.5472276
v 0.0994042949 -0.0656548676 0.537630048
v 0.113148303 -0.0479572518 0.562613075
v 0.114519356 -0.0507605141 0.568629424
v 0.0960764998 -0.0674960001 0.538207039
v 0.0961729993 -0.0664641259 0.538711194
v 0.0893406474 -0.0706479947 0.540743543
v 0.0896712291 -0.0667679577 0.539306965
v 0.0899034017 -0.0694737631 0.538642291
v 0.0916900734 -0.0670135025 0.537366174
v 0.104698389 -0.0305653773 0.549942348
v 0.103736262 -0.0335941226 0.548280222
v 0.103683713 -0.0367050359 0.544861474
v 0.103494537 -0.0398646759 0.542432257
v 0.0818729283 -0.0588358916 0.537438011
v 0.079202472 -0.0643239417 0.536851161
v 0.0848147272 -0.0567941182 0.536770402
v 0.087183263 -0.0547962915 0.538798819
v 0.0304186592 0.0125068135 0.645225958
v 0.0204887742 0.0224701423 0.636359989
v 0.0142535712 0.0303735419 0.625807302
v 0.0263083572 0.0111080493 0.64439783
v 0.0182348882 0.0451799951 0.598863763
v 0.0138790382 0.0362045938 0.555956702
v 0.0119977782 0.0381775767 0.56633813
v 0.0124602082 0.0406540783 0.579137858
v 0.0142688582 0.0418359553 0.596200192
v 0.0130860242 0.0373539887 0.61464012
v 0.0334120552 -0.0100664123 0.651260031
v 0.0356315412 -0.00573253625 0.651504245
v 0.0356315412 -0.0144002883 0.651504245
v 0.0437642462 -0.01822587 0.652664153
v 0.0494003872 -0.0194994717 0.653289446
v 0.0587722987 -0.0198033017 0.653736495
v 0.064748576 -0.0187809806 0.654288895
v 0.0765052658 -0.0174061024 0.65426624
v 0.0793094821 -0.0267617708 0.652295926
v 0.0865727377 -0.0380321426 0.647455274
v 0.0908502426 -0.0508780348 0.638786214
v 0.0911894235 -0.0612397801 0.627756955
v 0.0951936709 -0.0595639375 0.627641745
v 0.110103315 -0.0543367265 0.573662112
v 0.109666679 -0.0617968021 0.588421296
v 0.108883218 -0.0634315597 0.599103985
v 0.10383945 -0.062445547 0.615876855
v 0.104944894 -0.0650519841 0.605852914
v 0.103722887 -0.0658621999 0.597077562
v 0.0989332654 -0.064877141 0.61563763
v 0.100431396 -0.0420220585 0.541252628
v 0.0997291479 -0.0399315549 0.543778334
v 0.0984020411 -0.0449170438 0.542881301
v 0.0972201606 -0.0477078843 0.545680683
v 0.0331311562 0.00167307951 0.649975052
v 0.0970520019 -0.0426096548 0.54307234
v 0.0953379432 -0.0458017805 0.543698573
v 0.0936152853 -0.0486986735 0.545450321
v 0.0918467659 -0.0518716893 0.544386842
v 0.0894361913 -0.0534357452 0.541853272
v 0.107278078 -0.0458361774 0.558048153
v 0.107923954 -0.0419226938 0.545850065
v 0.104957313 -0.0438842122 0.549336776
v 0.0602264784 -0.0645513342 0.539584632
v 0.0624583862 -0.0659023273 0.541389495
v 0.0662830128 -0.0679670331 0.544671434
v 0.0781839736 -0.06795748 0.543739949
v 0.0728115346 -0.0674749824 0.547298499
v 0.0690910508 -0.0673861247 0.546963726
v 0.0830280554 -0.0699103956 0.543098927
v 0.0569302101 -0.0672198809 0.538326181
v 0.0840198021 -0.067292494 0.537239108
v 0.0538957322 -0.0665911997 0.535030509
v 0.0531715092 -0.0660380004 0.53071074
v 0.0543151712 -0.0648561198 0.527537145
v 0.0615449856 -0.0555042737 0.519178324
v 0.0602417655 -0.0508703895 0.51516181
v 0.0586824871 -0.0612225816 0.521416444
v 0.0552409922 -0.0640678827 0.524727904
v 0.0557550192 -0.063206075 0.522199263
v 0.00640654021 -0.00621312246 0.532938119
v 0.00479949121 0.000483556305 0.535254063
v 0.00531542921 -0.00933358978 0.532986363
v 0.00474025421 0.00738756641 0.536621738
v 0.00543390321 -0.0100664123 0.532726362
v 0.00474025421 0.0122927951 0.538412868
v 0.00531542921 -0.0107992348 0.532986363
v 0.00640654021 -0.0139197021 0.532938119
v 0.00479949121 -0.0206163809 0.535254063
v 0.00474025421 -0.027520391 0.536621738
v 0.0120761212 0.0250546079 0.537872266
v 0.00945248621 0.0215892284 0.539226207
v 0.00324594321 0.017120634 0.543087073
v 0.00583710021 0.0176021759 0.54005234
v 0.00266313021 0.0113946808 0.541421013
v 0.00474025421 -0.0324256197 0.538412868
v 0.00583710021 -0.0377350005 0.54005234
v 0.00945248621 -0.041722053 0.539226207
v 0.00324594321 -0.0372534586 0.543087073
v 0.0120761212 -0.0451874325 0.537872266
v 0.0164443932 -0.04862033 0.535112266
v 0.0142229972 -0.0481865591 0.537844681
v 0.00266313021 -0.0315275054 0.541421013
v 0.0203445012 -0.0520150078 0.535999438
v 0.0567133256 -0.0504280194 0.515068315
v 0.0536559172 -0.0501155919 0.514893006
v 0.0504303522 -0.051790477 0.515349915
v 0.0472506462 -0.0534319225 0.516423196
v 0.0438416372 -0.053876204 0.517634342
v 0.0404278502 -0.0532265052 0.518898662
v 0.0373465572 -0.0534376566 0.521130912
v 0.0349799302 -0.0545612537 0.524024845
v 0.0328999372 -0.0556619219 0.527178778
v 0.0306154812 -0.0559581083 0.53037403
v 0.0284179672 -0.0560947353 0.533677566
v 0.0259194942 -0.0562026993 0.536687706
v 0.00953082921 0.0315162489 0.5571915
v 0.00876170221 0.024939956 0.543586297
v 0.0102340352 0.0249514205 0.540547633
v 0.00833557621 0.0247803965 0.546613164
v 0.00448992921 0.0275683717 0.557783281
v 0.111257487 -0.0500362909 0.568093751
v 0.104615265 -0.0573970017 0.572575039
v 0.0917368906 -0.0663036125 0.537445935
v 0.08479944 -0.0668826096 0.541179793
v 0.0867294284 -0.0640535495 0.535446041
v 0.0868135078 -0.0619238759 0.539171037
v 0.0839815842 -0.0590661528 0.541072448
v 0.0812614456 -0.0645666213 0.541579537
v 0.102864901 -0.046721868 0.55204859
v 0.0819665608 -0.062059549 0.534956676
v 0.0844707697 -0.0592018259 0.536267245
v 0.0854013678 -0.056666087 0.539461557
v 0.0271290802 -0.00197001369 0.64835131
v 0.0136143792 0.0175792452 0.633789033
v 0.00859067821 0.0267658013 0.622888719
v 0.0218464512 0.00746782311 0.643085266
v 0.00908464021 0.0340137681 0.612684596
v 0.00725114921 0.0342039019 0.566617733
v 0.00811486821 0.0365466417 0.577959168
v 0.0102225702 0.0379568686 0.595065873
v 0.0239360012 -0.00486595244 0.64705647
v 0.0237344022 -0.0100664123 0.646835909
v 0.0239360012 -0.0152668721 0.64705647
v 0.0331311562 -0.0218059041 0.649975052
v 0.0401565052 -0.0256649271 0.650779529
v 0.0271290802 -0.0181628109 0.64835131
v 0.0492628042 -0.0270636912 0.651511112
v 0.0566158704 -0.0280497039 0.651603667
v 0.0631338824 -0.0287146899 0.651981813
v 0.0739494632 -0.0284872957 0.651831153
v 0.0741052 -0.0395293159 0.647787113
v 0.0810493385 -0.0394347277 0.64743262
v 0.0850669635 -0.0525777602 0.63836675
v 0.0841803155 -0.0624894971 0.628137038
v 0.08765525 -0.061825465 0.627563921
v 0.0889642043 -0.0674119225 0.615161001
v 0.0937251606 -0.0662510631 0.615145273
v 0.104474815 -0.0630933345 0.585159078
v 0.0998543104 -0.0674310323 0.604445857
v 0.0985176469 -0.0682039823 0.595156433
v 0.0988768933 -0.0646650322 0.583248864
v 0.0946758225 -0.0695358656 0.603097843
v 0.100763887 -0.0500764183 0.554311361
v 0.0952815712 -0.0505847136 0.548168943
v 0.0977733599 -0.0531519807 0.555437815
v 0.0953704289 -0.0565609918 0.554196149
v 0.0931241885 -0.0532093067 0.546329628
v 0.0903983194 -0.0555396246 0.546082481
v 0.0875549296 -0.0554985397 0.542719784
v 0.104846484 -0.0533640896 0.566361723
v 0.102303103 -0.051523911 0.559954494
v 0.0615459411 -0.0679698984 0.542479562
v 0.065115465 -0.0694976495 0.550702513
v 0.0578588977 -0.0716263656 0.545517229
v 0.0765606813 -0.0633761451 0.54765892
v 0.0683964462 -0.0688498584 0.55342812
v 0.0554722082 -0.0725369035 0.546272522
v 0.0485978172 -0.0685756471 0.541406282
v 0.0465015832 -0.0656997751 0.534459388
v 0.0497185492 -0.0652421179 0.530439001
v 0.0522944152 -0.064922045 0.526784903
v 0.0532699192 -0.0638213804 0.52440393
v 0.0612239578 -0.0543720774 0.515107697
v 0.0590837718 -0.0585712369 0.517239469
v 0.0586136958 -0.0539774801 0.511938035
v 0.0561276406 -0.0619611381 0.520361885
v 0.0558658502 -0.0602317923 0.518480195
v 0.0537839462 -0.0629509735 0.521872355
v 0.0546170902 -0.0614690874 0.520173781
v 0.00356506221 -0.00636408225 0.53472426
v 0.00202489221 0.000519862805 0.537675357
v 0.00246153221 -0.00975589428 0.534763642
v 0.00254083321 0.00721176591 0.539924335
v 0.00253318721 -0.0100664123 0.534208308
v 0.00246153221 -0.0103769303 0.534763642
v 0.00356506221 -0.0137687423 0.53472426
v 0.00202489221 -0.0206526874 0.537675357
v 0.00254083321 -0.0273445905 0.539924335
v 0.00626609021 0.0209462139 0.542416528
v 0.000946199206 0.0173776469 0.546754023
v -0.00269593879 0.0102214013 0.546232143
v 0.000128345206 0.0107526256 0.544015621
v -0.000309248794 0.00726431351 0.542552397
v 0.000128345206 -0.0308854502 0.544015621
v 0.00626609021 -0.0410790385 0.542416528
v 0.000946199206 -0.0375104715 0.546754023
v 0.0102340352 -0.0450842451 0.540547633
v -0.00269593879 -0.0303542259 0.546232143
v 0.0122041522 -0.0479926027 0.540780988
v 0.0176253202 -0.0510910976 0.537549289
v 0.0154325832 -0.0502866158 0.53993713
v -0.000309248794 -0.0273971381 0.542552397
v 0.0233789792 -0.0553676468 0.53941525
v 0.0552448142 -0.0547017033 0.513219082
v 0.0516695582 -0.0554545896 0.514571027
v 0.0484459032 -0.0556829395 0.516855454
v 0.0451161952 -0.0559208461 0.519078843
v 0.0417090952 -0.0564797794 0.5209566
v 0.0390711242 -0.0575422279 0.523836799
v 0.0371239392 -0.0590317594 0.527339239
v 0.0350659212 -0.0603741533 0.530650699
v 0.0322559732 -0.0604114119 0.53361553
v 0.0302017742 -0.0595687141 0.537196792
v 0.0270870412 -0.0590336707 0.539665332
v 0.00303288321 0.0296493186 0.567213505
v 0.00107041121 0.0215777603 0.551786652
v 0.00333480421 0.0200662538 0.545885515
v -0.000758302794 0.0238517098 0.558050148
v -0.00101531879 0.0248988711 0.567283406
v 0.0991845442 -0.0605566417 0.571983199
v 0.0852322552 -0.0578068826 0.545425671
v 0.0836414477 -0.0608279843 0.55025253
v 0.0799563157 -0.0614872398 0.545062316
v 0.0180944382 0.00331930251 0.642077014
v 0.00820563421 0.0124886611 0.630240286
v 0.00409820121 0.0215787178 0.619961274
v 0.00535077921 0.0307060367 0.610041744
v 0.00227904021 0.0263377645 0.608189576
v 0.00637501221 0.0336411459 0.595412501
v 0.00406571221 0.0319968351 0.578011403
v 0.0168265692 -0.00135279963 0.641918431
v 0.0166163752 -0.0100664123 0.641593519
v 0.0168265692 -0.018780025 0.641918431
v 0.0180944382 -0.0234521271 0.642077014
v 0.0218464512 -0.0276006477 0.643085266
v 0.0263083572 -0.0312408739 0.64439783
v 0.0304186592 -0.0326396381 0.645225958
v 0.0368678802 -0.0354744286 0.646361276
v 0.0444378312 -0.0372697014 0.64712144
v 0.0543037062 -0.0401885714 0.647365654
v 0.0610003847 -0.0407455898 0.647180543
v 0.0594095769 -0.0539793914 0.638814796
v 0.072329037 -0.0546013811 0.63834609
v 0.0798521726 -0.0529618469 0.638827591
v 0.0782546763 -0.0635997184 0.628343806
v 0.0785126448 -0.0699801435 0.616427317
v 0.0839299905 -0.0693982812 0.615814818
v 0.0892814102 -0.0712967396 0.60329082
v 0.0837322132 -0.0726391335 0.603594075
v 0.0930219568 -0.0700336467 0.593718857
v 0.0934003112 -0.0666437491 0.581247973
v 0.0933649603 -0.0628735838 0.570697222
v 0.0872864504 -0.0714190369 0.59283462
v 0.0977074347 -0.0571619603 0.561050429
v 0.0919260669 -0.057501143 0.551291359
v 0.0932331099 -0.0599977084 0.558713826
v 0.0879285057 -0.0617165436 0.555973488
v 0.0883192821 -0.0579244033 0.54872234
v 0.0983953532 -0.0586065878 0.565578904
v 0.0537505052 -0.073838209 0.560329646
v 0.0590245346 -0.0721146007 0.557404196
v 0.0651498608 -0.0706909909 0.558743347
v 0.0492551602 -0.0750516213 0.565261855
v 0.0719611932 -0.066587377 0.552726
v 0.0796477073 -0.0645723553 0.555110906
v 0.0707965116 -0.0697231306 0.561655004
v 0.0458136662 -0.0683501659 0.54773375
v 0.0435741142 -0.0742614728 0.568346827
v 0.0502965902 -0.0735382034 0.550643471
v 0.0471197522 -0.0668033085 0.540671705
v 0.0411367862 -0.0659290789 0.541450593
v 0.0407125722 -0.0636140481 0.532899677
v 0.0437776232 -0.063149703 0.529449413
v 0.0376847822 -0.0639474968 0.536355868
v 0.0469000012 -0.062883137 0.52605919
v 0.0496698212 -0.0621828001 0.522451341
v 0.0575865977 -0.0561702136 0.514446955
v 0.0541623002 -0.058342887 0.515610854
v 0.0524931462 -0.061240734 0.518686963
v 0.000690144206 -0.00679307475 0.5364199
v -0.000847156794 0.000755857205 0.539969645
v -0.000471672794 -0.0100664123 0.536444491
v -0.000486956794 -0.0100664123 0.535581911
v 0.000690144206 -0.0133397498 0.5364199
v -0.000847156794 -0.0208886818 0.539969645
v -0.00207394479 0.0165578798 0.549507156
v -0.00569792979 0.00970832951 0.548122695
v -0.00647756479 0.00664041241 0.54700704
v -0.00336474379 0.00712386391 0.544874269
v -0.00378799979 0.000880064005 0.542144731
v -0.00336474379 -0.0272566885 0.544874269
v 0.00333480421 -0.0401990784 0.545885515
v -0.00207394479 -0.0366907044 0.549507156
v 0.00876170221 -0.0450727806 0.543586297
v -0.00569792979 -0.0298411541 0.548122695
v 0.0103448642 -0.0481101233 0.54383544
v -0.00647756479 -0.026773237 0.54700704
v 0.0136783972 -0.0495767223 0.543017172
v 0.0213391132 -0.053569507 0.542119141
v 0.0178765992 -0.052910255 0.543524261
v -0.00378799979 -0.0210128886 0.542144731
v 0.0247443022 -0.0572651513 0.542519942
v 0.0345509382 -0.0635443003 0.539683057
v 0.0315002182 -0.0630751821 0.543118589
v 0.000456063206 0.0270791863 0.578518493
v -0.00393609479 0.0165511919 0.553752036
v -0.00488771479 0.0190248265 0.559063389
v -0.00475204179 0.0198885419 0.567350373
v -0.00286504779 0.0219341415 0.578722327
v 0.0850440327 -0.0644653452 0.56023216
v 0.00610366621 0.00237819381 0.629178802
v 1.1778206e-05 0.0158976704 0.616116137
v -0.00156087279 0.0110125055 0.614674571
v -0.000352244794 0.0216417742 0.606287168
v 0.00303288321 0.0288668119 0.595614339
v 1.2739206e-05 0.0240045778 0.594424851
v 0.00729701121 -0.0100664123 0.63034857
v 0.00610366621 -0.0225110184 0.629178802
v 0.00820563421 -0.0326214857 0.630240286
v 0.0136143792 -0.0377120698 0.633789033
v 0.0204887742 -0.0426029669 0.636359989
v 0.0265911682 -0.0469406647 0.636870072
v 0.0351289792 -0.0487330705 0.639032364
v 0.0439859082 -0.0508283507 0.639705901
v 0.0510886502 -0.0520665997 0.639629074
v 0.0481974872 -0.0630197639 0.629632718
v 0.0578531655 -0.0642952787 0.62875834
v 0.065632358 -0.0645217173 0.628118315
v 0.0731210968 -0.0707607388 0.618411423
v 0.0781820632 -0.0737302485 0.602825048
v 0.0727064358 -0.0748471542 0.601615898
v 0.0814649552 -0.0725932756 0.592361981
v 0.0756587453 -0.0736767453 0.59176034
v 0.0880183173 -0.068673104 0.57900193
v 0.0878616248 -0.065922391 0.569581625
v 0.0919891269 -0.0627321767 0.564525343
v 0.0823410926 -0.0705247435 0.57764212
v 0.0535498642 -0.0755140515 0.571627767
v 0.0478191352 -0.0754022684 0.573956506
v 0.05951372 -0.0755675619 0.571651419
v 0.0649215107 -0.0751280535 0.574585731
v 0.0707831353 -0.0739308929 0.575982987
v 0.0421352222 -0.0749503452 0.576485145
v 0.0764154542 -0.0691317152 0.564792152
v 0.0821509605 -0.0679804089 0.567535484
v 0.0765339288 -0.072361103 0.577118304
v 0.0334989982 -0.0669657333 0.550912275
v 0.0346053992 -0.0662778148 0.54759882
v 0.0414157752 -0.069280764 0.553757964
v 0.0376828712 -0.0656252507 0.544561153
v 0.0375089812 -0.0725187512 0.56780329
v 0.0363003492 -0.0733710021 0.576982375
v -0.00221439479 -0.00701378129 0.538073165
v -0.00360073879 -0.0100664123 0.537525696
v -0.00221439479 -0.0131190433 0.538073165
v -0.00758300879 0.00935099621 0.551785655
v -0.00816487479 0.00595345141 0.550075284
v -0.00913369279 9.65800545e-06 0.547063207
v -0.00679095279 0.000908727005 0.544212588
v -0.00514855379 -0.0069478561 0.539693915
v -0.00679095279 -0.0210415516 0.544212588
v 0.00107041121 -0.0417105849 0.551786652
v -0.00393609479 -0.0366840165 0.553752036
v 0.00833557621 -0.0449132211 0.546613164
v -0.00758300879 -0.0294838208 0.551785655
v 0.00928623821 -0.0480881483 0.5472276
v -0.00816487479 -0.026086276 0.550075284
v 0.0109802332 -0.0508894993 0.54867709
v -0.00913369279 -0.0201424826 0.547063207
v 0.0153809912 -0.0544542436 0.549212703
v 0.0214346592 -0.0565906086 0.544445943
v 0.0183638732 -0.0559237113 0.549448054
v -0.00514855379 -0.0131849685 0.539693915
v 0.0286463172 -0.0629385516 0.546797336
v -0.00835787379 0.0136772277 0.560995259
v -0.00820977879 0.0146957261 0.568185368
v -0.00621863979 0.0167604319 0.578778435
v -0.00217235279 0.0186655801 0.593215699
v -0.00184272679 0.00218901661 0.615707531
v -0.00133443079 -0.00542488444 0.616673467
v -0.00152552179 0.00760922841 0.615406212
v -0.00102295779 0.0169715851 0.60398795
v -0.00305899979 0.0120911968 0.601801009
v -0.00449024879 0.00686303011 0.598570308
v -0.00115576879 -0.0100664123 0.615630705
v -0.00133443079 -0.0147079401 0.616673467
v -0.00184272679 -0.0223218412 0.615707531
v -0.00152552179 -0.027742053 0.615406212
v -0.00156087279 -0.0311453301 0.614674571
v 1.1778206e-05 -0.036030495 0.616116137
v 0.00409820121 -0.0417115424 0.619961274
v 0.00859067821 -0.0468986259 0.622888719
v 0.0142535712 -0.0505063665 0.625807302
v 0.0187737572 -0.0533908412 0.627435916
v 0.0261516672 -0.0565285061 0.629542158
v 0.0336556922 -0.0594779486 0.630326913
v 0.0410765942 -0.0622191049 0.629803098
v 0.0369070542 -0.0697938359 0.618857474
v 0.0422517852 -0.0707444942 0.619193244
v 0.0476672192 -0.0712604348 0.61919524
v 0.0530444352 -0.0719044032 0.618313937
v 0.0584130532 -0.0722196995 0.617722157
v 0.0638046012 -0.0716808299 0.61829228
v 0.0671429087 -0.0758283939 0.601005395
v 0.0699700557 -0.0747296406 0.590362088
v 0.0643023855 -0.0756936747 0.588841758
v 0.0524692612 -0.0765879681 0.588039277
v 0.0465713292 -0.0761293605 0.587905344
v 0.0584493597 -0.0763901925 0.588427224
v 0.0411272332 -0.0752064006 0.590373944
v 0.0356449162 -0.0737904433 0.592499846
v 0.0241337762 -0.0621226054 0.549918755
v 0.0288049232 -0.0672552318 0.559228779
v 0.0328215902 -0.0700967103 0.563911905
v 0.0310578512 -0.0710636131 0.574618187
v 0.0300565482 -0.0716770072 0.592192599
v -0.00687598479 -0.0100664123 0.537435077
v -0.0112862958 0.00797802801 0.562303891
v -0.0124786868 0.00190142941 0.560143536
v -0.00788206079 -0.00796922148 0.543068409
v -0.0123411058 -0.00329998611 0.555466339
v -0.00722185479 -0.0100664123 0.541469257
v -0.00788206079 -0.0121636031 0.543068409
v -0.00488771479 -0.0391576511 0.559063389
v -0.000758302794 -0.0439845344 0.558050148
v 0.00448992921 -0.0477011963 0.557783281
v -0.00835787379 -0.0338100523 0.560995259
v 0.00953082921 -0.0516490735 0.5571915
v -0.0112862958 -0.0281108526 0.562303891
v 0.0138790382 -0.0563374184 0.555956702
v -0.0124786868 -0.022034254 0.560143536
v 0.0186734352 -0.0606493185 0.55532554
v -0.0123411058 -0.0168328385 0.555466339
v 0.0240840922 -0.0641510064 0.556170396
v -0.0113292918 0.00926691681 0.568915014
v -0.00865310279 0.0111424463 0.578602187
v -0.00403833179 0.0130409047 0.592810967
v -0.00531097779 0.00129281461 0.597614174
v -0.00604475479 -0.00434523745 0.59731978
v -0.00445012079 -0.0100664123 0.596987942
v -0.00554410479 0.00742196161 0.591449161
v -0.00657502479 0.00166161411 0.591600819
v -0.00604475479 -0.0157875871 0.598796797
v -0.00531097779 -0.0214256392 0.599092188
v -0.00449024879 -0.0269958547 0.600052254
v -0.00305899979 -0.0322240214 0.601801009
v -0.00102295779 -0.0371044097 0.60398795
v -0.000352244794 -0.0417745988 0.606287168
v 0.00227904021 -0.0464705891 0.608189576
v 0.00535077921 -0.0508388613 0.610041744
v 0.00908464021 -0.0541465927 0.612684596
v 0.0130860242 -0.0574868133 0.61464012
v 0.0172087482 -0.0611251282 0.615600186
v 0.0216964482 -0.0642045097 0.616631151
v 0.0265357532 -0.0666017103 0.617690639
v 0.0316530892 -0.0683855168 0.618396633
v 0.0368554602 -0.0741076473 0.605866706
v 0.0314428922 -0.0723114224 0.605312369
v 0.0423759922 -0.0753267901 0.605363549
v 0.0479041682 -0.0760911408 0.60386781
v 0.0533368002 -0.0766882903 0.602012707
v 0.0614685503 -0.0765229968 0.601128469
v 0.0265242852 -0.0684323322 0.571067503
v 0.0219601492 -0.0652029443 0.568185368
v 0.0252659732 -0.0692062396 0.589358708
v 0.0261430672 -0.0704034073 0.604163261
v -0.0129965348 0.00323044661 0.568047503
v -0.0134513268 -0.00261206939 0.565199819
v -0.0114831168 -0.00791571687 0.550305704
v -0.0130987648 -0.00727366118 0.560675276
v -0.00901904079 -0.0100664123 0.544275563
v -0.0114831168 -0.0122171077 0.550305704
v -0.00475204179 -0.0400213665 0.567350373
v -0.00820977879 -0.0348285507 0.568185368
v -0.00101531879 -0.0450316957 0.567283406
v 0.00303288321 -0.0497821432 0.567213505
v 0.00725114921 -0.0543367265 0.566617733
v -0.0113292918 -0.0293997414 0.568915014
v 0.0119977782 -0.0583104013 0.56633813
v -0.0129965348 -0.0233632712 0.568047503
v 0.0171284892 -0.0617203663 0.566476934
v -0.0134513268 -0.0175207552 0.565199819
v -0.0130987648 -0.0128591634 0.560675276
v -0.0102400918 0.00518049961 0.577838089
v -0.00759160879 -0.00410446651 0.592812963
v -0.00788302179 -0.0100664123 0.593015798
v -0.00759160879 -0.0160283581 0.592812963
v -0.0120047878 -0.000567427735 0.576191691
v -0.0128035358 -0.00626662751 0.573379515
v -0.00657502479 -0.0217944387 0.591600819
v -0.00554410479 -0.0275547862 0.591449161
v -0.00403833179 -0.0331737293 0.592810967
v -0.00217235279 -0.0387984047 0.593215699
v 1.2739206e-05 -0.0441374024 0.594424851
v 0.00303288321 -0.0489996365 0.595614339
v 0.00637501221 -0.0537739705 0.595412501
v 0.0102225702 -0.0580896932 0.595065873
v 0.0142688582 -0.0619687799 0.596200192
v 0.0182348882 -0.0653128197 0.598863763
v 0.0223595232 -0.0681036601 0.601896499
v 0.0209254102 -0.066957134 0.585481116
v 0.0167023642 -0.0643516472 0.581788576
v -0.0117162438 -0.0100664123 0.554540783
v -0.0131369848 -0.0100664123 0.568205029
v -0.00286504779 -0.0420669661 0.578722327
v -0.00621863979 -0.0368932565 0.578778435
v 0.000456063206 -0.0472120109 0.578518493
v -0.00865310279 -0.0312752709 0.578602187
v 0.00406571221 -0.0521296597 0.578011403
v 0.00811486821 -0.0566794663 0.577959168
v 0.0124602082 -0.0607869029 0.579137858
v -0.0102400918 -0.0253133242 0.577838089
v -0.0120047878 -0.0195653969 0.576191691
v -0.0128035358 -0.0138661971 0.573379515
f 1 2 3
f 1 4 2
f 1 5 4
f 1 6 7
f 7 5 1
f 8 6 1
f 8 1 9
f 3 9 1
f 10 3 2
f 10 2 11
f 11 2 12
f 12 2 13
f 13 2 14
f 14 2 4
f 15 9 3
f 16 15 3
f 3 17 16
f 18 17 3
f 18 3 19
f 19 3 10
f 5 20 4
f 14 4 21
f 21 4 22
f 22 4 23
f 23 4 24
f 24 4 20
f 24 20 25
f 5 26 20
f 5 27 26
f 5 7 28
f 5 28 27
f 6 29 7
f 6 30 29
f 31 32 6
f 31 6 8
f 32 30 6
f 7 33 34
f 7 34 35
f 7 35 28
f 7 29 36
f 33 7 36
f 15 8 9
f 37 31 8
f 37 8 15
f 38 39 10
f 38 10 11
f 10 39 40
f 10 40 19
f 12 41 42
f 12 42 38
f 12 38 11
f 43 41 12
f 43 12 13
f 14 44 43
f 14 43 13
f 21 45 44
f 21 44 14
f 16 46 37
f 16 37 15
f 16 17 47
f 47 48 46
f 47 46 16
f 49 47 17
f 50 49 17
f 50 17 51
f 51 17 52
f 51 52 53
f 52 17 18
f 18 19 40
f 18 40 54
f 18 54 52
f 25 20 55
f 55 20 26
f 22 56 45
f 22 45 21
f 57 56 22
f 57 22 23
f 58 57 23
f 58 23 24
f 25 59 58
f 25 58 24
f 60 59 25
f 60 25 55
f 61 62 26
f 27 61 26
f 55 26 63
f 63 26 64
f 64 26 65
f 65 26 62
f 65 62 66
f 27 28 67
f 27 67 61
f 28 35 67
f 29 30 36
f 30 33 36
f 30 68 33
f 32 68 30
f 69 31 37
f 69 37 70
f 71 32 31
f 71 31 69
f 32 72 68
f 71 72 32
f 33 73 34
f 73 33 74
f 33 68 74
f 35 34 75
f 34 76 75
f 77 76 34
f 73 77 34
f 35 78 79
f 35 79 67
f 75 80 78
f 75 78 35
f 81 70 37
f 81 37 46
f 42 82 83
f 42 83 38
f 38 83 84
f 38 84 39
f 39 84 40
f 40 84 85
f 40 85 54
f 43 86 87
f 43 87 41
f 41 87 82
f 41 82 42
f 44 88 86
f 44 86 43
f 45 89 90
f 45 90 88
f 45 88 44
f 45 56 89
f 46 91 81
f 46 48 91
f 49 92 47
f 93 47 92
f 93 92 94
f 93 95 47
f 95 96 48
f 95 48 47
f 96 97 91
f 96 91 48
f 98 92 49
f 98 49 99
f 99 49 50
f 51 100 101
f 51 101 50
f 102 99 50
f 102 50 101
f 53 103 100
f 53 100 51
f 52 54 103
f 52 103 53
f 54 85 104
f 54 104 103
f 63 105 60
f 63 60 55
f 58 106 107
f 58 107 56
f 58 56 57
f 56 107 89
f 106 58 59
f 106 59 108
f 60 109 108
f 60 108 59
f 105 110 109
f 105 109 60
f 61 111 62
f 111 61 112
f 61 67 112
f 113 62 111
f 113 111 114
f 66 62 113
f 64 115 116
f 64 116 63
f 116 105 63
f 65 117 115
f 65 115 64
f 66 117 65
f 113 118 117
f 113 117 66
f 67 79 112
f 68 119 74
f 120 119 68
f 120 68 72
f 121 122 71
f 121 71 69
f 123 121 69
f 123 69 70
f 123 70 81
f 123 81 124
f 71 125 72
f 71 122 126
f 71 126 125
f 125 120 72
f 77 73 74
f 127 128 74
f 128 129 74
f 129 77 74
f 130 127 74
f 119 130 74
f 131 132 80
f 131 80 75
f 76 133 131
f 76 131 75
f 76 134 133
f 129 134 76
f 129 76 77
f 135 136 79
f 135 79 78
f 80 137 135
f 80 135 78
f 79 138 112
f 79 136 138
f 139 137 80
f 139 80 132
f 91 140 81
f 141 124 81
f 141 81 140
f 142 143 82
f 142 82 87
f 82 144 83
f 143 144 82
f 83 144 84
f 144 145 85
f 144 85 84
f 145 146 104
f 145 104 85
f 147 148 86
f 147 86 88
f 148 142 86
f 86 142 87
f 147 88 90
f 147 90 149
f 150 149 89
f 150 89 107
f 89 149 90
f 151 152 91
f 151 91 97
f 153 140 91
f 153 91 152
f 154 92 155
f 92 154 156
f 156 94 92
f 155 92 98
f 157 158 95
f 157 95 93
f 157 93 94
f 159 160 157
f 159 157 94
f 159 94 156
f 158 161 96
f 158 96 95
f 161 162 97
f 161 97 96
f 162 163 151
f 162 151 97
f 102 164 98
f 102 98 99
f 155 98 164
f 155 164 165
f 155 165 166
f 100 167 168
f 100 168 101
f 103 104 167
f 103 167 100
f 101 168 169
f 101 169 102
f 102 169 170
f 102 170 164
f 171 172 104
f 171 104 146
f 104 172 168
f 104 168 167
f 116 110 105
f 108 173 106
f 173 150 107
f 173 107 106
f 174 173 108
f 174 108 109
f 175 174 109
f 175 109 110
f 110 115 176
f 116 115 110
f 175 110 176
f 177 111 112
f 178 179 111
f 179 180 111
f 180 181 111
f 181 114 111
f 182 111 177
f 178 111 182
f 138 183 112
f 183 184 112
f 184 185 112
f 185 177 112
f 181 186 118
f 181 118 113
f 181 113 114
f 117 187 176
f 117 176 115
f 117 118 188
f 117 188 189
f 117 189 187
f 186 190 188
f 186 188 118
f 191 130 119
f 191 119 120
f 192 191 120
f 192 120 125
f 193 194 122
f 193 122 121
f 195 193 121
f 195 121 123
f 196 197 126
f 196 126 122
f 122 194 198
f 122 198 196
f 123 124 199
f 123 199 195
f 141 199 124
f 126 200 192
f 126 192 125
f 201 200 126
f 201 126 197
f 202 127 130
f 202 130 191
f 127 203 204
f 127 204 128
f 202 205 203
f 202 203 127
f 128 206 129
f 128 204 207
f 128 207 206
f 129 206 134
f 208 209 132
f 208 132 131
f 131 210 208
f 133 211 210
f 133 210 131
f 212 139 132
f 212 132 209
f 213 211 133
f 213 133 134
f 206 214 213
f 206 213 134
f 136 135 215
f 136 215 216
f 137 217 215
f 137 215 135
f 136 216 218
f 136 218 138
f 139 219 217
f 139 217 137
f 138 218 220
f 138 220 183
f 139 221 219
f 212 222 221
f 212 221 139
f 223 141 140
f 223 140 153
f 224 199 141
f 224 141 223
f 225 226 142
f 225 142 148
f 226 227 143
f 226 143 142
f 227 228 144
f 227 144 143
f 228 229 145
f 228 145 144
f 229 230 145
f 230 231 146
f 230 146 145
f 146 231 171
f 149 232 147
f 232 233 148
f 232 148 147
f 233 225 148
f 234 232 149
f 234 149 150
f 235 234 150
f 235 150 173
f 236 152 151
f 163 237 151
f 237 238 236
f 237 236 151
f 239 153 152
f 239 152 236
f 240 223 153
f 240 153 241
f 153 239 242
f 153 242 241
f 155 166 243
f 155 243 154
f 154 243 244
f 154 244 156
f 245 159 156
f 245 156 244
f 246 158 157
f 246 157 247
f 157 160 248
f 157 248 247
f 249 161 158
f 249 158 246
f 245 250 159
f 160 159 250
f 160 250 251
f 160 251 252
f 160 252 248
f 253 162 161
f 253 161 249
f 254 163 162
f 254 162 253
f 255 237 163
f 255 163 254
f 164 170 256
f 164 256 165
f 165 256 257
f 165 257 166
f 166 257 258
f 166 258 243
f 172 259 169
f 172 169 168
f 259 260 170
f 259 170 169
f 260 261 256
f 260 256 170
f 171 262 259
f 171 259 172
f 263 262 171
f 263 171 231
f 264 235 173
f 265 264 173
f 265 173 174
f 187 174 175
f 187 175 176
f 266 174 187
f 267 265 174
f 267 174 266
f 185 268 177
f 268 182 177
f 269 270 178
f 269 178 182
f 178 270 271
f 178 271 179
f 179 271 272
f 179 272 180
f 180 272 186
f 180 186 181
f 273 269 182
f 273 182 268
f 183 274 184
f 275 274 183
f 275 183 220
f 275 220 276
f 184 277 185
f 278 279 277
f 278 277 184
f 184 274 278
f 280 268 185
f 281 185 277
f 281 277 282
f 280 185 281
f 280 281 283
f 186 272 284
f 186 284 190
f 285 266 187
f 285 187 189
f 286 287 188
f 286 188 190
f 287 285 189
f 287 189 188
f 288 286 190
f 284 288 190
f 289 202 191
f 289 191 192
f 290 289 192
f 290 192 200
f 194 193 291
f 292 291 193
f 292 193 195
f 291 293 294
f 291 294 194
f 295 198 194
f 295 194 294
f 195 199 224
f 195 224 292
f 296 196 198
f 296 198 297
f 296 298 197
f 296 197 196
f 201 197 298
f 201 298 299
f 297 198 295
f 297 295 300
f 301 302 200
f 301 200 201
f 303 290 200
f 303 200 302
f 201 299 304
f 201 304 301
f 289 305 205
f 289 205 202
f 306 204 203
f 306 203 307
f 307 203 205
f 307 205 308
f 309 207 204
f 309 204 306
f 308 205 305
f 308 305 310
f 311 214 206
f 311 206 207
f 312 311 207
f 312 207 309
f 313 314 209
f 313 209 208
f 210 315 313
f 210 313 208
f 314 316 212
f 314 212 209
f 210 317 315
f 318 317 210
f 318 210 211
f 319 318 211
f 319 211 213
f 316 320 222
f 316 222 212
f 321 319 213
f 321 213 214
f 322 321 214
f 322 214 311
f 323 324 325
f 323 325 215
f 326 323 215
f 326 215 217
f 327 216 215
f 327 215 325
f 327 328 218
f 327 218 216
f 329 326 217
f 329 217 219
f 328 330 220
f 328 220 218
f 331 329 219
f 331 219 221
f 330 332 333
f 330 333 220
f 220 333 334
f 220 334 276
f 335 331 221
f 335 221 222
f 336 335 222
f 336 222 337
f 320 338 222
f 338 339 222
f 339 337 222
f 340 224 223
f 340 223 240
f 341 342 292
f 341 292 224
f 341 224 340
f 226 225 343
f 226 343 344
f 343 225 345
f 345 225 346
f 225 233 346
f 227 226 344
f 227 344 347
f 228 227 347
f 228 347 348
f 229 228 348
f 229 348 349
f 230 229 349
f 230 349 350
f 231 230 350
f 231 350 351
f 263 231 351
f 263 351 352
f 233 232 353
f 233 353 346
f 232 234 353
f 353 234 354
f 234 235 355
f 234 355 354
f 235 264 356
f 235 356 357
f 355 235 357
f 238 358 239
f 238 239 236
f 359 238 237
f 359 237 255
f 360 358 238
f 360 238 359
f 358 361 242
f 358 242 239
f 362 240 241
f 362 241 363
f 362 364 240
f 240 364 340
f 365 363 241
f 365 241 242
f 361 366 242
f 242 366 365
f 243 258 367
f 244 243 367
f 244 367 368
f 244 368 245
f 245 368 369
f 245 369 250
f 370 249 246
f 370 246 371
f 371 246 247
f 371 247 372
f 372 247 373
f 372 373 374
f 247 248 375
f 247 375 373
f 248 252 375
f 376 253 249
f 376 249 370
f 250 369 377
f 250 377 251
f 251 377 378
f 251 378 252
f 379 380 381
f 379 381 382
f 379 382 383
f 379 383 252
f 252 378 384
f 375 252 384
f 385 254 253
f 385 253 376
f 386 255 254
f 386 254 385
f 387 359 255
f 387 255 386
f 388 257 256
f 388 256 261
f 388 389 258
f 388 258 257
f 389 390 367
f 389 367 258
f 262 391 260
f 262 260 259
f 391 392 260
f 392 393 261
f 392 261 260
f 393 394 261
f 394 395 388
f 394 388 261
f 262 263 396
f 391 262 396
f 391 396 397
f 352 398 263
f 398 399 396
f 398 396 263
f 356 264 265
f 356 265 400
f 265 267 401
f 265 401 400
f 285 267 266
f 402 267 285
f 267 402 403
f 267 403 401
f 280 404 273
f 280 273 268
f 269 405 406
f 269 406 270
f 273 407 405
f 273 405 269
f 406 408 271
f 406 271 270
f 408 284 272
f 408 272 271
f 409 407 273
f 409 273 404
f 274 410 278
f 411 410 274
f 411 274 412
f 412 274 413
f 413 274 275
f 275 276 414
f 275 414 415
f 415 416 276
f 415 276 275
f 276 417 413
f 276 413 275
f 276 334 418
f 276 418 419
f 276 420 421
f 276 421 422
f 276 422 423
f 276 423 414
f 419 424 425
f 419 425 276
f 426 282 277
f 426 277 279
f 278 427 279
f 278 410 427
f 426 279 427
f 426 427 428
f 429 430 404
f 429 404 280
f 429 280 283
f 426 431 432
f 426 432 281
f 426 281 282
f 433 283 281
f 433 281 432
f 433 430 429
f 433 429 283
f 408 288 284
f 434 402 285
f 434 285 287
f 435 436 286
f 435 286 288
f 436 434 287
f 436 287 286
f 408 437 288
f 438 435 288
f 438 288 437
f 290 439 305
f 290 305 289
f 303 440 439
f 303 439 290
f 342 293 291
f 342 291 292
f 293 441 294
f 342 442 441
f 342 441 293
f 443 295 294
f 444 443 294
f 445 444 294
f 445 294 441
f 300 295 443
f 300 443 446
f 299 298 296
f 299 296 364
f 340 364 296
f 340 296 297
f 447 340 297
f 447 297 300
f 299 362 448
f 299 448 304
f 299 364 362
f 446 447 300
f 449 450 302
f 449 302 301
f 301 304 451
f 301 451 449
f 452 303 302
f 452 302 450
f 303 452 453
f 303 453 440
f 451 304 448
f 451 448 454
f 310 305 439
f 310 439 455
f 308 310 306
f 308 306 307
f 310 455 309
f 310 309 306
f 455 312 309
f 456 322 311
f 456 311 312
f 456 312 455
f 456 455 457
f 458 459 314
f 458 314 313
f 315 460 458
f 315 458 313
f 459 320 316
f 459 316 314
f 317 461 460
f 317 460 315
f 318 462 463
f 318 463 317
f 463 461 317
f 319 464 318
f 465 462 318
f 465 318 464
f 321 466 464
f 321 464 319
f 467 338 320
f 467 320 459
f 468 466 321
f 468 321 322
f 469 468 322
f 469 322 456
f 470 471 324
f 470 324 323
f 472 470 323
f 472 323 326
f 473 474 324
f 473 324 471
f 475 324 474
f 324 475 327
f 324 327 325
f 476 472 326
f 476 326 329
f 475 477 328
f 475 328 327
f 477 478 330
f 477 330 328
f 479 476 329
f 479 329 331
f 330 480 332
f 478 480 330
f 481 479 331
f 481 331 335
f 480 482 483
f 480 483 332
f 483 484 333
f 483 333 332
f 333 484 334
f 334 484 418
f 485 481 335
f 485 335 336
f 336 486 487
f 336 487 485
f 337 420 486
f 337 486 336
f 339 420 337
f 488 489 338
f 488 338 467
f 490 338 489
f 490 339 338
f 339 491 420
f 490 492 339
f 492 420 339
f 420 491 339
f 340 447 341
f 442 342 341
f 442 341 493
f 447 446 493
f 447 493 341
f 494 495 343
f 494 343 345
f 495 496 344
f 495 344 343
f 496 497 344
f 497 498 347
f 497 347 344
f 499 494 345
f 499 345 346
f 500 499 346
f 500 346 353
f 347 501 349
f 347 349 348
f 498 501 347
f 501 502 350
f 501 350 349
f 502 503 351
f 502 351 350
f 503 398 352
f 503 352 351
f 504 500 353
f 504 353 354
f 505 504 354
f 505 354 355
f 506 507 355
f 506 355 357
f 507 505 355
f 400 506 356
f 356 506 357
f 508 361 358
f 508 358 360
f 509 360 359
f 509 359 387
f 510 508 360
f 510 360 509
f 511 366 361
f 511 361 508
f 448 362 363
f 512 448 363
f 512 363 365
f 513 512 365
f 366 514 365
f 514 515 513
f 514 513 365
f 516 514 366
f 516 366 511
f 367 390 517
f 367 518 369
f 367 369 368
f 367 517 518
f 518 519 377
f 518 377 369
f 520 376 370
f 520 370 521
f 521 370 371
f 521 371 522
f 522 371 372
f 522 372 523
f 523 372 374
f 523 374 524
f 374 373 525
f 525 373 375
f 525 375 526
f 524 374 527
f 524 527 528
f 527 374 525
f 529 526 375
f 529 375 384
f 530 385 376
f 530 376 520
f 519 531 378
f 519 378 377
f 531 532 378
f 378 532 384
f 379 533 534
f 380 379 534
f 380 534 535
f 535 536 381
f 535 381 380
f 536 537 381
f 537 538 382
f 537 382 381
f 538 539 383
f 538 383 382
f 539 534 533
f 539 533 383
f 532 529 384
f 540 386 385
f 540 385 530
f 541 387 386
f 541 386 540
f 542 509 387
f 542 387 541
f 395 543 389
f 395 389 388
f 543 544 390
f 543 390 389
f 390 544 517
f 392 391 397
f 392 397 545
f 393 392 545
f 393 545 546
f 394 393 546
f 395 394 546
f 395 546 547
f 543 395 548
f 543 548 549
f 548 395 547
f 399 550 397
f 399 397 396
f 550 551 545
f 550 545 397
f 552 553 398
f 552 398 503
f 398 553 399
f 553 554 550
f 553 550 399
f 401 506 400
f 403 555 401
f 555 506 401
f 402 434 556
f 402 556 403
f 557 555 403
f 557 403 556
f 404 430 558
f 404 558 559
f 404 559 409
f 560 561 405
f 560 405 407
f 561 437 406
f 561 406 405
f 408 406 437
f 562 563 407
f 562 407 409
f 563 560 407
f 559 562 409
f 427 410 411
f 412 564 565
f 412 565 411
f 565 427 411
f 566 412 413
f 566 567 412
f 567 564 412
f 566 413 568
f 413 417 569
f 413 569 568
f 414 423 415
f 423 422 491
f 423 491 415
f 415 420 570
f 415 570 571
f 415 571 572
f 415 572 416
f 416 572 415
f 415 491 571
f 415 571 572
f 417 573 574
f 417 574 575
f 569 417 575
f 569 575 576
f 425 573 417
f 419 418 577
f 419 577 578
f 484 579 577
f 484 577 418
f 578 580 424
f 578 424 419
f 422 421 420
f 422 420 491
f 581 486 420
f 581 420 492
f 571 570 420
f 571 420 491
f 424 582 425
f 424 580 583
f 424 583 582
f 425 582 573
f 428 584 431
f 428 431 426
f 428 427 585
f 586 427 565
f 586 565 587
f 585 427 586
f 584 428 585
f 584 585 588
f 589 558 430
f 589 430 433
f 590 591 431
f 590 431 584
f 431 591 592
f 431 592 593
f 431 593 432
f 593 589 433
f 593 433 432
f 434 436 594
f 434 594 556
f 436 435 595
f 436 595 594
f 435 438 596
f 435 596 595
f 561 438 437
f 597 438 561
f 597 561 560
f 438 597 598
f 438 598 596
f 455 439 440
f 455 440 457
f 457 440 453
f 457 453 599
f 442 600 445
f 442 445 441
f 493 601 600
f 493 600 442
f 446 443 444
f 444 601 493
f 444 493 446
f 602 601 444
f 602 444 603
f 604 603 444
f 604 444 445
f 600 605 604
f 600 604 445
f 606 448 512
f 606 512 607
f 606 454 448
f 608 609 450
f 608 450 449
f 610 449 451
f 610 451 611
f 612 608 449
f 612 449 610
f 613 452 450
f 613 450 609
f 611 451 454
f 611 454 606
f 611 606 614
f 452 613 615
f 452 615 453
f 599 453 615
f 599 615 616
f 469 456 457
f 469 457 599
f 617 467 459
f 617 459 458
f 460 618 617
f 460 617 458
f 461 619 618
f 461 618 460
f 463 620 619
f 463 619 461
f 462 621 622
f 462 622 463
f 465 621 462
f 463 623 620
f 624 623 463
f 624 463 622
f 466 465 464
f 625 626 465
f 625 465 466
f 626 621 465
f 627 625 466
f 627 466 468
f 628 488 467
f 628 467 617
f 629 627 468
f 629 468 469
f 629 469 599
f 629 599 616
f 629 616 630
f 631 632 471
f 631 471 470
f 633 631 470
f 633 470 472
f 471 632 634
f 471 634 473
f 635 633 472
f 635 472 476
f 634 636 637
f 634 637 473
f 473 637 638
f 473 638 474
f 474 638 477
f 474 477 475
f 639 635 476
f 639 476 479
f 638 640 478
f 638 478 477
f 640 641 480
f 640 480 478
f 642 639 479
f 642 479 481
f 641 643 482
f 641 482 480
f 644 642 481
f 644 481 485
f 643 645 646
f 643 646 482
f 482 646 483
f 646 484 483
f 484 646 647
f 484 647 579
f 485 487 648
f 485 648 644
f 649 487 486
f 649 486 581
f 650 648 487
f 650 487 649
f 651 652 489
f 651 489 488
f 653 651 488
f 653 488 628
f 654 490 489
f 654 489 652
f 490 655 656
f 490 656 657
f 492 490 657
f 492 657 581
f 658 655 490
f 658 490 654
f 659 660 494
f 659 494 499
f 660 661 495
f 660 495 494
f 661 662 496
f 661 496 495
f 496 662 497
f 497 662 498
f 662 663 501
f 662 501 498
f 664 659 499
f 664 499 500
f 665 664 500
f 665 500 504
f 501 663 502
f 663 552 503
f 663 503 502
f 666 665 504
f 666 504 505
f 667 666 505
f 667 505 507
f 507 506 555
f 668 667 507
f 668 507 555
f 669 511 508
f 669 508 510
f 670 510 509
f 670 509 542
f 671 669 510
f 671 510 670
f 672 516 511
f 672 511 669
f 512 513 673
f 512 673 607
f 673 513 674
f 673 674 675
f 515 676 513
f 676 677 674
f 676 674 513
f 678 515 514
f 678 514 516
f 679 676 515
f 679 515 678
f 680 678 516
f 680 516 672
f 544 681 517
f 681 518 517
f 518 681 519
f 681 682 531
f 681 531 519
f 683 530 520
f 684 520 521
f 684 521 685
f 684 683 520
f 522 686 521
f 521 686 685
f 686 522 523
f 686 523 687
f 687 523 524
f 687 524 688
f 688 524 528
f 688 528 636
f 689 525 526
f 689 526 690
f 691 692 693
f 691 693 694
f 691 694 695
f 691 695 527
f 691 527 525
f 691 525 689
f 691 689 696
f 691 696 697
f 697 696 689
f 697 689 525
f 697 525 527
f 690 526 698
f 698 526 699
f 699 526 529
f 699 529 700
f 528 527 697
f 528 697 701
f 636 528 701
f 636 701 637
f 532 700 529
f 702 540 530
f 702 530 683
f 682 700 532
f 682 532 531
f 703 535 534
f 704 703 534
f 539 704 534
f 536 535 705
f 536 705 706
f 705 535 703
f 537 536 707
f 537 707 708
f 707 536 706
f 708 709 538
f 708 538 537
f 709 704 539
f 709 539 538
f 710 541 540
f 710 540 702
f 711 542 541
f 711 541 710
f 712 670 542
f 712 542 711
f 544 543 549
f 544 549 713
f 714 681 544
f 713 714 544
f 545 551 546
f 551 715 547
f 551 547 546
f 547 715 548
f 715 716 549
f 715 549 548
f 549 716 713
f 554 717 551
f 554 551 550
f 717 718 551
f 718 719 715
f 718 715 551
f 553 552 720
f 553 720 721
f 722 720 552
f 722 552 663
f 554 553 721
f 717 554 721
f 717 721 723
f 555 557 724
f 668 555 724
f 725 557 556
f 725 556 594
f 557 725 726
f 557 726 724
f 558 589 559
f 727 562 559
f 727 559 589
f 563 597 560
f 562 728 563
f 729 728 562
f 729 562 727
f 728 597 563
f 730 564 567
f 730 567 731
f 565 564 730
f 565 730 587
f 566 732 733
f 566 734 732
f 566 735 734
f 566 568 735
f 566 736 567
f 566 733 736
f 567 737 738
f 736 737 567
f 739 731 567
f 739 567 738
f 568 740 735
f 568 569 741
f 568 741 740
f 741 569 576
f 741 576 742
f 574 573 582
f 574 582 743
f 574 743 744
f 574 744 745
f 574 745 575
f 576 575 746
f 576 746 747
f 575 745 746
f 742 576 747
f 742 747 748
f 578 577 749
f 578 749 750
f 579 751 749
f 579 749 577
f 750 752 580
f 750 580 578
f 579 647 753
f 579 753 751
f 580 752 754
f 580 754 583
f 581 657 755
f 581 755 649
f 583 756 757
f 583 757 582
f 743 582 757
f 754 758 756
f 754 756 583
f 584 588 759
f 584 759 760
f 584 760 590
f 588 585 586
f 588 586 761
f 587 762 761
f 587 761 586
f 730 731 763
f 730 763 762
f 730 762 587
f 590 760 759
f 590 759 588
f 590 588 761
f 593 727 589
f 764 765 591
f 764 591 590
f 761 762 766
f 761 766 590
f 590 766 767
f 590 767 764
f 765 768 592
f 765 592 591
f 768 727 593
f 768 593 592
f 596 725 594
f 596 594 595
f 769 725 596
f 769 596 598
f 598 597 770
f 770 597 728
f 770 728 771
f 772 769 598
f 772 598 770
f 601 773 605
f 601 605 600
f 773 601 602
f 602 603 774
f 602 774 775
f 776 777 773
f 776 773 602
f 775 778 779
f 775 779 776
f 775 776 602
f 780 781 603
f 780 603 604
f 774 603 781
f 774 781 782
f 774 782 783
f 604 605 777
f 604 777 780
f 773 777 605
f 614 606 607
f 614 607 784
f 784 607 673
f 784 673 785
f 786 787 609
f 786 609 608
f 788 786 608
f 788 608 612
f 789 613 609
f 789 609 787
f 611 790 791
f 611 791 610
f 610 791 792
f 610 792 612
f 614 793 790
f 614 790 611
f 612 792 794
f 612 794 788
f 613 789 795
f 613 795 615
f 784 796 793
f 784 793 614
f 616 615 795
f 616 795 797
f 797 798 616
f 799 630 616
f 799 616 798
f 628 617 618
f 628 618 800
f 800 618 619
f 800 619 801
f 801 619 620
f 801 620 802
f 620 623 802
f 803 804 622
f 803 622 621
f 805 803 621
f 805 621 626
f 806 624 622
f 806 622 804
f 807 802 623
f 807 623 624
f 808 807 624
f 808 624 806
f 809 805 626
f 809 626 625
f 810 809 625
f 810 625 627
f 630 810 627
f 630 627 629
f 653 628 800
f 653 800 811
f 799 812 810
f 799 810 630
f 813 814 632
f 813 632 631
f 815 813 631
f 815 631 633
f 816 817 632
f 816 632 814
f 632 817 634
f 818 815 633
f 818 633 635
f 817 688 636
f 817 636 634
f 819 818 635
f 819 635 639
f 637 701 640
f 637 640 638
f 820 819 639
f 820 639 642
f 640 697 641
f 701 697 640
f 697 696 643
f 697 643 641
f 821 820 642
f 821 642 644
f 645 643 696
f 645 696 822
f 644 648 823
f 644 823 821
f 645 822 824
f 645 824 825
f 645 825 647
f 645 647 646
f 825 826 753
f 825 753 647
f 827 823 648
f 827 648 650
f 649 755 828
f 649 828 650
f 650 828 829
f 650 829 827
f 830 654 652
f 830 652 651
f 831 830 651
f 831 651 653
f 831 653 811
f 831 811 832
f 830 833 658
f 830 658 654
f 655 834 835
f 655 835 656
f 834 655 658
f 656 835 836
f 656 836 837
f 657 656 837
f 657 837 755
f 833 838 839
f 833 839 658
f 839 840 834
f 839 834 658
f 664 841 659
f 841 842 661
f 841 661 660
f 841 660 659
f 842 843 661
f 843 844 662
f 843 662 661
f 844 722 663
f 844 663 662
f 665 841 664
f 845 841 665
f 846 845 665
f 846 665 666
f 847 846 666
f 847 666 667
f 724 847 667
f 724 667 668
f 848 672 669
f 848 669 671
f 849 671 670
f 849 670 712
f 850 848 671
f 850 671 849
f 851 680 672
f 851 672 848
f 785 673 675
f 785 675 852
f 674 853 854
f 674 854 675
f 855 853 674
f 855 674 677
f 852 675 854
f 852 854 856
f 857 677 676
f 857 676 679
f 858 855 677
f 858 677 857
f 859 679 678
f 859 678 680
f 860 857 679
f 860 679 859
f 861 859 680
f 861 680 851
f 682 681 714
f 682 714 862
f 700 682 862
f 700 862 863
f 864 683 865
f 702 683 864
f 683 684 865
f 866 684 685
f 866 685 867
f 866 864 865
f 866 865 684
f 867 685 686
f 867 686 868
f 868 686 687
f 868 687 816
f 816 687 688
f 816 688 817
f 822 689 690
f 822 690 869
f 689 822 696
f 869 690 698
f 870 691 871
f 870 871 872
f 873 874 691
f 873 691 870
f 875 876 691
f 875 691 877
f 877 691 874
f 877 874 878
f 879 692 880
f 879 880 881
f 882 693 692
f 882 692 879
f 883 880 692
f 883 692 884
f 884 692 885
f 884 885 886
f 887 694 693
f 887 693 882
f 888 695 694
f 888 694 887
f 889 890 695
f 889 695 888
f 698 699 891
f 891 869 698
f 699 700 863
f 699 863 891
f 864 892 710
f 864 710 702
f 703 893 894
f 703 894 895
f 703 895 896
f 705 703 896
f 705 896 897
f 898 703 899
f 898 893 703
f 899 703 704
f 704 898 899
f 704 709 898
f 900 706 705
f 900 705 901
f 901 705 897
f 901 897 902
f 903 707 706
f 903 706 900
f 904 708 707
f 904 707 903
f 905 906 709
f 905 709 708
f 907 905 708
f 907 708 904
f 906 908 909
f 906 909 709
f 709 909 898
f 910 711 710
f 910 710 892
f 911 712 711
f 911 711 910
f 912 849 712
f 912 712 911
f 716 913 713
f 713 913 862
f 713 862 714
f 719 914 716
f 719 716 715
f 716 914 913
f 718 717 723
f 718 723 915
f 719 718 915
f 914 719 915
f 914 915 916
f 917 721 720
f 917 720 918
f 918 720 722
f 918 722 919
f 920 723 721
f 920 721 917
f 919 722 844
f 919 844 921
f 922 915 723
f 922 723 920
f 923 847 724
f 923 724 726
f 725 769 924
f 725 924 726
f 924 925 726
f 926 923 726
f 926 726 925
f 927 729 727
f 927 727 768
f 729 928 728
f 929 771 728
f 929 728 928
f 930 928 729
f 930 729 927
f 763 731 739
f 763 739 931
f 932 933 732
f 932 732 934
f 933 733 732
f 732 734 935
f 732 935 934
f 936 733 933
f 936 933 937
f 733 938 939
f 733 940 938
f 733 941 940
f 733 936 941
f 736 733 942
f 942 733 939
f 734 735 943
f 734 943 944
f 734 944 935
f 943 735 740
f 943 740 945
f 736 942 737
f 737 946 947
f 737 947 738
f 737 942 948
f 737 948 946
f 738 947 949
f 738 949 950
f 739 738 950
f 739 950 949
f 739 949 931
f 741 951 945
f 741 945 740
f 952 951 741
f 952 741 742
f 952 742 748
f 952 748 953
f 743 757 744
f 745 744 954
f 745 954 955
f 744 757 956
f 744 956 954
f 746 745 955
f 746 955 957
f 747 746 957
f 747 957 958
f 748 747 958
f 748 958 959
f 959 953 748
f 750 749 960
f 750 960 961
f 751 962 960
f 751 960 749
f 961 963 752
f 961 752 750
f 751 753 964
f 751 964 962
f 752 963 965
f 752 965 754
f 826 922 964
f 826 964 753
f 965 966 758
f 965 758 754
f 755 837 967
f 755 967 828
f 757 756 968
f 757 968 956
f 756 758 969
f 756 969 968
f 758 966 970
f 758 970 969
f 763 971 972
f 763 972 766
f 763 766 762
f 763 931 973
f 763 973 971
f 974 975 765
f 974 765 764
f 764 767 976
f 764 976 974
f 975 977 768
f 975 768 765
f 766 972 978
f 766 978 767
f 767 978 979
f 767 979 976
f 977 980 768
f 980 927 768
f 769 772 925
f 769 925 924
f 981 772 770
f 981 770 771
f 982 983 771
f 982 771 929
f 983 981 771
f 925 772 984
f 772 981 985
f 772 985 984
f 778 775 774
f 778 774 783
f 986 777 776
f 986 776 987
f 988 776 779
f 987 776 988
f 989 780 777
f 989 777 986
f 778 783 990
f 991 778 990
f 779 778 991
f 988 779 992
f 988 992 993
f 992 779 991
f 992 991 994
f 995 781 780
f 995 780 989
f 996 782 781
f 996 781 995
f 997 998 782
f 997 782 996
f 782 998 999
f 782 999 783
f 783 999 990
f 785 1000 796
f 785 796 784
f 852 1001 1000
f 852 1000 785
f 786 1002 1003
f 786 1003 787
f 1004 1002 786
f 1004 786 788
f 787 1003 1005
f 787 1005 789
f 788 794 1006
f 788 1006 1004
f 795 789 1005
f 795 1005 1007
f 793 1008 1009
f 793 1009 790
f 790 1009 1010
f 790 1010 791
f 791 1010 1011
f 791 1011 792
f 792 1011 1012
f 792 1012 794
f 796 1013 1008
f 796 1008 793
f 794 1012 1014
f 794 1014 1006
f 797 795 1007
f 797 1007 798
f 1000 1015 1013
f 1000 1013 796
f 798 1007 1016
f 798 1016 1017
f 1017 799 798
f 1017 1016 812
f 1017 812 799
f 811 800 801
f 811 801 1018
f 1018 801 802
f 802 807 1019
f 802 1019 1020
f 1018 802 1020
f 1018 1020 1021
f 1022 803 805
f 1022 805 1023
f 1024 803 1022
f 1024 1022 1025
f 1026 804 803
f 1026 803 1024
f 1027 806 804
f 1027 804 1026
f 1028 1023 805
f 1028 805 809
f 1029 808 806
f 1029 806 1027
f 1019 807 808
f 1019 808 1030
f 1031 1030 808
f 1031 808 1029
f 812 1028 809
f 812 809 810
f 811 1018 832
f 1016 1032 1028
f 1016 1028 812
f 1033 1034 814
f 1033 814 813
f 1035 1033 813
f 1035 813 815
f 868 816 814
f 868 814 1034
f 1036 1035 815
f 1036 815 818
f 1037 1036 818
f 1037 818 819
f 1038 1037 819
f 1038 819 820
f 821 1038 820
f 821 823 1039
f 821 1039 1040
f 1040 1038 821
f 1041 822 869
f 1041 1042 824
f 1041 824 822
f 1043 1039 823
f 1043 823 827
f 914 824 1042
f 914 1042 913
f 825 824 916
f 825 916 826
f 824 914 916
f 826 916 915
f 826 915 922
f 829 1044 827
f 827 1044 1043
f 828 967 1045
f 828 1045 829
f 829 1045 1046
f 829 1046 1044
f 1047 833 830
f 1047 830 831
f 831 832 1047
f 1048 832 1018
f 1048 1018 1021
f 1047 832 1048
f 1047 1048 1049
f 1050 838 833
f 1050 833 1047
f 834 840 1051
f 834 1051 835
f 835 1051 1052
f 835 1052 836
f 836 1052 1053
f 836 1053 1054
f 837 836 1054
f 837 1054 967
f 943 945 839
f 943 839 838
f 944 943 838
f 944 838 1050
f 945 951 840
f 945 840 839
f 840 951 1055
f 840 1055 1051
f 1056 842 841
f 1056 841 1057
f 1057 841 845
f 1057 845 1058
f 1059 843 842
f 1059 842 1056
f 921 844 843
f 921 843 1059
f 1058 845 846
f 1058 846 1060
f 1060 846 847
f 1060 847 1061
f 1061 847 923
f 1061 923 1062
f 1063 851 848
f 1063 848 850
f 1064 850 849
f 912 1064 849
f 1065 1063 850
f 1065 850 1064
f 1066 861 851
f 1066 851 1063
f 856 1067 1001
f 856 1001 852
f 853 1068 1069
f 853 1069 854
f 855 1070 1068
f 855 1068 853
f 856 854 1069
f 856 1069 1071
f 1072 1070 855
f 1072 855 858
f 1071 1073 1067
f 1071 1067 856
f 1074 858 857
f 1074 857 860
f 1075 1072 858
f 1075 858 1074
f 1076 860 859
f 1076 859 861
f 1077 1074 860
f 1077 860 1076
f 1078 1076 861
f 1078 861 1066
f 913 1042 862
f 1042 1041 863
f 1042 863 862
f 1041 869 891
f 1041 891 863
f 1079 910 892
f 1079 892 864
f 1079 864 866
f 1079 866 902
f 1080 866 867
f 1080 867 1081
f 1081 867 868
f 1081 868 1034
f 872 1082 1083
f 872 1083 870
f 870 1083 1084
f 870 1084 873
f 872 871 1085
f 872 1085 1086
f 1086 1087 1082
f 1086 1082 872
f 873 1084 1088
f 1089 1090 874
f 1089 874 873
f 1089 873 1088
f 878 874 1090
f 878 1090 1091
f 875 1092 1093
f 875 1093 1094
f 877 1095 1092
f 877 1092 875
f 1094 1096 876
f 1094 876 875
f 876 1096 1104
f 876 1104 1103
f 876 1103 1102
f 876 1102 1101
f 876 1101 1100
f 876 1100 1099
f 876 1099 1098
f 876 1098 1097
f 878 1105 1095
f 878 1095 877
f 1106 1105 878
f 1106 878 1091
f 881 1107 1108
f 881 1108 879
f 879 1108 1109
f 879 1109 882
f 881 880 1110
f 1110 880 883
f 1110 1111 1107
f 1110 1107 881
f 882 1109 1112
f 882 1112 887
f 883 1113 1114
f 883 1114 1110
f 884 1115 1113
f 884 1113 883
f 886 1116 1115
f 886 1115 884
f 886 885 1117
f 886 1117 1118
f 1118 1119 1116
f 1118 1116 886
f 887 1112 1120
f 887 1120 888
f 888 1120 1121
f 888 1121 889
f 889 1121 1122
f 889 1122 1123
f 1123 1124 890
f 1123 890 889
f 898 1125 1126
f 898 1126 893
f 893 1126 894
f 894 1126 1127
f 894 1127 997
f 894 997 895
f 895 997 996
f 895 996 1128
f 896 895 1128
f 896 1128 1129
f 1130 896 1129
f 897 896 1130
f 902 897 1130
f 909 1131 1125
f 909 1125 898
f 903 900 1132
f 903 1132 1133
f 900 901 1134
f 900 1134 1132
f 901 902 1135
f 901 1135 1136
f 1134 901 1136
f 902 1130 1135
f 904 903 1133
f 907 904 1133
f 1137 1138 906
f 1137 906 905
f 1139 1137 905
f 1139 905 907
f 1138 1140 908
f 1138 908 906
f 1139 907 1133
f 1139 1133 1141
f 1140 1142 1143
f 1140 1143 908
f 908 1143 1131
f 908 1131 909
f 1079 911 910
f 1144 912 911
f 1144 911 1079
f 1144 1145 1064
f 1144 1064 912
f 920 917 1146
f 920 1146 964
f 917 918 1147
f 917 1147 1146
f 918 919 1148
f 918 1148 1147
f 919 921 1149
f 919 1149 1148
f 922 920 964
f 921 1059 1150
f 921 1150 1149
f 1062 923 926
f 1062 926 1151
f 1152 926 925
f 1152 925 984
f 1151 926 1152
f 1151 1152 1153
f 1154 930 927
f 1154 927 980
f 930 1155 928
f 928 1155 929
f 1155 982 929
f 1156 1155 930
f 1156 930 1154
f 931 949 1157
f 931 1157 973
f 1158 932 1159
f 932 934 1159
f 932 1158 1160
f 1161 932 1160
f 1162 932 1161
f 1163 932 1162
f 1164 933 932
f 1164 932 1163
f 937 933 1164
f 934 935 1165
f 934 1165 1159
f 935 944 1166
f 935 1166 1165
f 936 937 1167
f 936 1167 1168
f 936 1168 941
f 1164 1169 1167
f 1164 1167 937
f 938 1170 1171
f 938 1171 939
f 940 1172 1170
f 940 1170 938
f 942 939 1171
f 942 1171 948
f 941 1168 1172
f 941 1172 940
f 1050 1166 944
f 947 946 1173
f 947 1173 1174
f 948 1175 1173
f 948 1173 946
f 1176 1157 949
f 1176 949 947
f 1174 1176 947
f 1171 1177 1175
f 1171 1175 948
f 951 952 953
f 951 953 1055
f 1055 953 1178
f 1055 1178 1179
f 1178 953 959
f 1178 959 1180
f 955 954 1100
f 955 1100 1101
f 1181 1100 954
f 1181 954 956
f 955 1101 957
f 968 1182 1181
f 968 1181 956
f 958 957 1183
f 958 1183 1184
f 957 1101 1183
f 959 958 1184
f 959 1184 1180
f 961 960 1185
f 961 1185 1186
f 962 1187 960
f 1187 1188 1185
f 1187 1185 960
f 1186 1189 963
f 1186 963 961
f 962 964 1146
f 962 1146 1187
f 963 1190 965
f 963 1189 1191
f 963 1191 1190
f 1190 1192 966
f 1190 966 965
f 966 1193 970
f 966 1192 1194
f 966 1194 1193
f 967 1054 1195
f 967 1195 1045
f 969 1196 1182
f 969 1182 968
f 970 1197 1196
f 970 1196 969
f 1193 1198 1197
f 1193 1197 970
f 972 971 1199
f 972 1199 978
f 973 1199 971
f 1176 973 1157
f 973 1176 1200
f 973 1200 1199
f 1201 1202 975
f 1201 975 974
f 974 976 1203
f 974 1203 1201
f 1202 1154 977
f 1202 977 975
f 976 979 1204
f 976 1204 1203
f 977 1154 980
f 978 1205 979
f 978 1206 1205
f 978 1199 1207
f 978 1207 1206
f 1205 1204 979
f 981 983 985
f 1155 1208 982
f 982 1208 985
f 982 985 983
f 1209 1152 984
f 1209 984 985
f 1210 985 1208
f 985 1210 1211
f 985 1211 1209
f 1212 989 986
f 1212 986 1213
f 1213 986 987
f 1213 987 1214
f 1214 987 988
f 1214 988 1215
f 1215 988 993
f 1215 993 1216
f 1217 995 989
f 1217 989 1212
f 999 1218 990
f 1218 1219 990
f 1219 1220 990
f 1220 994 990
f 994 991 990
f 993 992 1221
f 993 1221 1222
f 1221 992 994
f 1216 993 1222
f 1216 1222 1223
f 1224 994 1220
f 1224 1220 1225
f 1226 1221 994
f 1226 994 1224
f 1128 996 995
f 1128 995 1217
f 997 1227 998
f 1228 1227 997
f 1228 997 1127
f 1228 1127 1229
f 998 1227 1230
f 998 1230 1231
f 998 1231 999
f 1231 1232 1218
f 1231 1218 999
f 1001 1233 1015
f 1001 1015 1000
f 1067 1234 1233
f 1067 1233 1001
f 1002 1235 1236
f 1002 1236 1003
f 1237 1235 1002
f 1237 1002 1004
f 1003 1236 1032
f 1003 1032 1005
f 1004 1006 1238
f 1004 1238 1237
f 1007 1005 1032
f 1007 1032 1016
f 1006 1014 1239
f 1006 1239 1238
f 1013 1240 1241
f 1013 1241 1008
f 1008 1241 1242
f 1008 1242 1009
f 1009 1242 1243
f 1009 1243 1010
f 1010 1243 1244
f 1010 1244 1011
f 1011 1244 1245
f 1011 1245 1012
f 1012 1245 1246
f 1012 1246 1014
f 1015 1247 1240
f 1015 1240 1013
f 1014 1246 1248
f 1014 1248 1239
f 1233 1249 1247
f 1233 1247 1015
f 1020 1019 1250
f 1250 1019 1251
f 1251 1019 1030
f 1251 1030 1252
f 1253 1021 1020
f 1253 1020 1250
f 1254 1048 1021
f 1254 1021 1255
f 1021 1253 1255
f 1235 1022 1023
f 1235 1023 1236
f 1025 1022 1235
f 1025 1235 1237
f 1023 1028 1032
f 1023 1032 1236
f 1025 1256 1257
f 1025 1257 1024
f 1024 1257 1258
f 1024 1258 1026
f 1237 1238 1256
f 1237 1256 1025
f 1026 1258 1259
f 1026 1259 1027
f 1027 1259 1260
f 1027 1260 1029
f 1029 1260 1261
f 1029 1261 1031
f 1262 1252 1030
f 1262 1030 1263
f 1264 1263 1030
f 1264 1030 1031
f 1031 1261 1265
f 1031 1265 1264
f 1266 1081 1034
f 1266 1034 1033
f 1267 1266 1033
f 1267 1033 1035
f 1268 1267 1035
f 1268 1035 1036
f 1269 1268 1036
f 1269 1036 1037
f 1270 1269 1037
f 1270 1037 1038
f 1271 1270 1038
f 1271 1038 1040
f 1040 1039 1272
f 1040 1272 1271
f 1273 1272 1039
f 1273 1039 1043
f 1043 1044 1274
f 1043 1274 1273
f 1044 1046 1275
f 1044 1275 1274
f 1045 1195 1276
f 1045 1276 1046
f 1046 1276 1277
f 1046 1277 1275
f 1050 1047 1049
f 1050 1049 1278
f 1279 1049 1048
f 1279 1048 1254
f 1049 1279 1278
f 1050 1278 1166
f 1051 1055 1179
f 1051 1179 1052
f 1052 1179 1280
f 1052 1280 1053
f 1053 1280 1281
f 1053 1281 1282
f 1054 1053 1282
f 1054 1282 1195
f 1059 1056 1150
f 1056 1057 1283
f 1056 1283 1150
f 1057 1058 1283
f 1058 1060 1284
f 1058 1284 1283
f 1060 1061 1284
f 1061 1062 1285
f 1061 1285 1284
f 1062 1151 1286
f 1062 1286 1285
f 1287 1066 1063
f 1287 1063 1065
f 1145 1288 1065
f 1145 1065 1064
f 1065 1288 1287
f 1289 1078 1066
f 1289 1066 1287
f 1073 1290 1234
f 1073 1234 1067
f 1068 1224 1225
f 1068 1225 1069
f 1070 1226 1224
f 1070 1224 1068
f 1071 1069 1225
f 1071 1225 1291
f 1292 1226 1070
f 1292 1070 1072
f 1291 1293 1073
f 1291 1073 1071
f 1294 1292 1072
f 1294 1072 1075
f 1293 1295 1290
f 1293 1290 1073
f 1296 1075 1074
f 1296 1074 1077
f 1297 1294 1075
f 1297 1075 1296
f 1298 1077 1076
f 1298 1076 1078
f 1299 1296 1077
f 1299 1077 1298
f 1300 1298 1078
f 1300 1078 1289
f 1301 1144 1079
f 1301 1079 1302
f 1302 1079 1080
f 1302 1080 1303
f 1303 1080 1081
f 1303 1081 1266
f 1087 1304 1305
f 1087 1305 1082
f 1082 1305 1306
f 1082 1306 1083
f 1083 1306 1307
f 1083 1307 1084
f 1084 1307 1308
f 1084 1308 1088
f 1086 1085 1309
f 1086 1309 1310
f 1310 1311 1087
f 1310 1087 1086
f 1311 1312 1304
f 1311 1304 1087
f 1088 1308 1313
f 1088 1313 1314
f 1089 1088 1314
f 1089 1314 1315
f 1315 1316 1090
f 1315 1090 1089
f 1091 1090 1316
f 1091 1316 1317
f 1317 1318 1106
f 1317 1106 1091
f 1092 1319 1320
f 1092 1320 1093
f 1095 1321 1319
f 1095 1319 1092
f 1093 1320 1322
f 1093 1322 1323
f 1094 1093 1323
f 1094 1323 1324
f 1324 1104 1096
f 1324 1096 1094
f 1105 1325 1321
f 1105 1321 1095
f 1326 1097 1327
f 1326 1327 1328
f 1183 1101 1097
f 1183 1097 1326
f 1098 1327 1097
f 1097 1098 1099
f 1097 1099 1100
f 1097 1100 1101
f 1098 1329 1327
f 1330 1331 1098
f 1330 1098 1099
f 1331 1332 1329
f 1331 1329 1098
f 1333 1330 1099
f 1333 1099 1181
f 1100 1181 1099
f 1334 1335 1102
f 1334 1102 1336
f 1336 1102 1103
f 1336 1103 1337
f 1337 1103 1104
f 1337 1104 1324
f 1106 1338 1325
f 1106 1325 1105
f 1318 1339 1338
f 1318 1338 1106
f 1111 1340 1341
f 1111 1341 1107
f 1107 1341 1342
f 1107 1342 1108
f 1108 1342 1343
f 1108 1343 1109
f 1109 1343 1344
f 1109 1344 1112
f 1110 1345 1346
f 1110 1346 1111
f 1114 1347 1345
f 1114 1345 1110
f 1346 1348 1340
f 1346 1340 1111
f 1112 1344 1120
f 1113 1349 1350
f 1113 1350 1114
f 1115 1351 1349
f 1115 1349 1113
f 1114 1350 1352
f 1114 1352 1347
f 1116 1353 1351
f 1116 1351 1115
f 1119 1354 1353
f 1119 1353 1116
f 1118 1117 1355
f 1118 1355 1356
f 1356 1357 1119
f 1356 1119 1118
f 1357 1354 1119
f 1120 1344 1358
f 1120 1358 1121
f 1121 1358 1359
f 1121 1359 1360
f 1121 1360 1122
f 1122 1360 1361
f 1122 1361 1362
f 1123 1122 1362
f 1123 1362 1363
f 1363 1364 1124
f 1363 1124 1123
f 1131 1365 1366
f 1131 1366 1125
f 1125 1366 1126
f 1366 1367 1127
f 1366 1127 1126
f 1127 1367 1229
f 1129 1128 1217
f 1129 1217 1368
f 1130 1129 1369
f 1369 1129 1370
f 1370 1129 1368
f 1370 1368 1371
f 1130 1369 1370
f 1130 1370 1372
f 1372 1373 1135
f 1372 1135 1130
f 1365 1131 1374
f 1374 1131 1143
f 1374 1143 1375
f 1136 1376 1132
f 1136 1132 1134
f 1376 1377 1133
f 1376 1133 1132
f 1377 1378 1141
f 1377 1141 1133
f 1376 1136 1135
f 1376 1135 1379
f 1135 1380 1379
f 1135 1373 1381
f 1135 1381 1380
f 1382 1383 1138
f 1382 1138 1137
f 1384 1382 1137
f 1384 1137 1139
f 1383 1385 1140
f 1383 1140 1138
f 1139 1141 1384
f 1385 1386 1142
f 1385 1142 1140
f 1141 1378 1387
f 1388 1141 1387
f 1384 1141 1388
f 1386 1389 1390
f 1386 1390 1142
f 1142 1390 1375
f 1142 1375 1143
f 1391 1145 1144
f 1391 1144 1301
f 1392 1288 1145
f 1392 1145 1391
f 1187 1146 1147
f 1187 1147 1188
f 1188 1147 1148
f 1188 1148 1393
f 1393 1148 1149
f 1393 1149 1394
f 1394 1149 1150
f 1394 1150 1395
f 1395 1150 1283
f 1395 1283 1396
f 1151 1153 1286
f 1153 1152 1209
f 1153 1209 1397
f 1286 1153 1397
f 1286 1397 1398
f 1202 1399 1154
f 1399 1156 1154
f 1210 1208 1155
f 1210 1155 1156
f 1400 1401 1156
f 1400 1156 1399
f 1211 1210 1156
f 1211 1156 1401
f 1402 1158 1159
f 1403 1158 1402
f 1403 1402 1404
f 1160 1158 1403
f 1402 1159 1405
f 1405 1159 1165
f 1160 1406 1407
f 1160 1407 1161
f 1160 1403 1408
f 1160 1408 1406
f 1161 1409 1410
f 1161 1410 1162
f 1161 1407 1409
f 1162 1410 1169
f 1162 1169 1163
f 1163 1169 1164
f 1166 1411 1165
f 1165 1412 1413
f 1414 1412 1165
f 1414 1165 1411
f 1165 1413 1405
f 1166 1278 1415
f 1166 1415 1416
f 1166 1416 1411
f 1167 1417 1418
f 1167 1418 1168
f 1419 1420 1417
f 1419 1417 1167
f 1419 1167 1169
f 1418 1421 1172
f 1418 1172 1168
f 1410 1422 1419
f 1410 1419 1169
f 1171 1170 1423
f 1171 1423 1177
f 1170 1172 1421
f 1170 1421 1423
f 1174 1173 1424
f 1174 1424 1200
f 1173 1425 1424
f 1173 1175 1426
f 1173 1426 1425
f 1174 1200 1176
f 1175 1177 1427
f 1175 1427 1426
f 1427 1177 1423
f 1179 1178 1428
f 1179 1428 1280
f 1180 1429 1428
f 1180 1428 1178
f 1180 1184 1430
f 1180 1430 1429
f 1333 1181 1431
f 1181 1182 1432
f 1181 1432 1431
f 1433 1432 1182
f 1433 1182 1434
f 1196 1434 1182
f 1184 1183 1326
f 1184 1326 1430
f 1186 1185 1435
f 1186 1435 1436
f 1188 1393 1185
f 1393 1394 1435
f 1393 1435 1185
f 1436 1437 1189
f 1436 1189 1186
f 1189 1438 1191
f 1189 1437 1439
f 1189 1439 1438
f 1191 1440 1192
f 1191 1192 1190
f 1438 1441 1440
f 1438 1440 1191
f 1192 1440 1442
f 1192 1442 1194
f 1194 1443 1198
f 1194 1198 1193
f 1442 1444 1443
f 1442 1443 1194
f 1195 1282 1445
f 1195 1445 1276
f 1196 1197 1446
f 1196 1446 1434
f 1197 1447 1446
f 1197 1198 1448
f 1197 1448 1447
f 1198 1443 1449
f 1198 1449 1448
f 1199 1200 1450
f 1199 1450 1207
f 1424 1450 1200
f 1451 1399 1202
f 1451 1202 1201
f 1201 1203 1452
f 1201 1452 1451
f 1204 1452 1203
f 1205 1206 1453
f 1205 1453 1204
f 1204 1454 1452
f 1204 1453 1455
f 1204 1455 1454
f 1206 1207 1456
f 1206 1456 1453
f 1450 1456 1207
f 1397 1209 1457
f 1397 1457 1458
f 1457 1209 1401
f 1401 1209 1211
f 1368 1217 1212
f 1368 1212 1459
f 1459 1212 1213
f 1459 1213 1460
f 1460 1213 1214
f 1460 1214 1461
f 1461 1214 1215
f 1461 1215 1462
f 1462 1215 1216
f 1462 1216 1463
f 1463 1216 1223
f 1463 1223 1464
f 1465 1218 1232
f 1465 1232 1466
f 1467 1219 1218
f 1467 1218 1465
f 1468 1220 1219
f 1468 1219 1467
f 1291 1225 1220
f 1291 1220 1468
f 1222 1221 1226
f 1222 1226 1292
f 1223 1222 1292
f 1223 1292 1294
f 1464 1223 1294
f 1464 1294 1297
f 1227 1228 1469
f 1227 1469 1230
f 1229 1470 1469
f 1229 1469 1228
f 1367 1470 1229
f 1231 1230 1471
f 1231 1471 1232
f 1230 1472 1471
f 1472 1230 1469
f 1466 1232 1471
f 1466 1471 1473
f 1234 1474 1249
f 1234 1249 1233
f 1290 1475 1474
f 1290 1474 1234
f 1238 1239 1476
f 1238 1476 1256
f 1239 1248 1477
f 1239 1477 1476
f 1247 1478 1479
f 1247 1479 1240
f 1240 1479 1480
f 1240 1480 1241
f 1241 1480 1481
f 1241 1481 1242
f 1242 1481 1482
f 1242 1482 1243
f 1243 1482 1483
f 1243 1483 1244
f 1244 1483 1484
f 1244 1484 1245
f 1245 1484 1485
f 1245 1485 1246
f 1246 1485 1486
f 1246 1486 1248
f 1249 1487 1478
f 1249 1478 1247
f 1248 1486 1488
f 1248 1488 1477
f 1474 1489 1487
f 1474 1487 1249
f 1490 1250 1251
f 1490 1251 1491
f 1253 1250 1490
f 1491 1251 1252
f 1491 1252 1492
f 1492 1252 1262
f 1492 1262 1493
f 1255 1253 1490
f 1255 1490 1494
f 1495 1254 1255
f 1495 1255 1494
f 1279 1254 1495
f 1279 1495 1496
f 1256 1476 1497
f 1256 1497 1257
f 1257 1497 1498
f 1257 1498 1258
f 1258 1498 1499
f 1258 1499 1259
f 1259 1499 1500
f 1259 1500 1260
f 1260 1500 1501
f 1260 1501 1261
f 1261 1501 1502
f 1261 1502 1265
f 1503 1262 1263
f 1503 1263 1504
f 1503 1505 1493
f 1503 1493 1262
f 1506 1504 1263
f 1506 1263 1264
f 1264 1265 1507
f 1264 1507 1506
f 1265 1502 1508
f 1265 1508 1507
f 1267 1303 1266
f 1268 1509 1267
f 1509 1303 1267
f 1510 1511 1268
f 1511 1509 1268
f 1269 1510 1268
f 1512 1510 1269
f 1512 1269 1270
f 1513 1512 1270
f 1513 1270 1271
f 1271 1272 1514
f 1271 1514 1513
f 1515 1514 1272
f 1515 1272 1273
f 1273 1274 1516
f 1273 1516 1515
f 1274 1275 1517
f 1274 1517 1516
f 1277 1517 1275
f 1276 1445 1518
f 1276 1518 1277
f 1518 1519 1277
f 1277 1520 1517
f 1277 1519 1520
f 1415 1278 1279
f 1415 1279 1521
f 1279 1496 1521
f 1280 1428 1522
f 1280 1522 1281
f 1281 1522 1523
f 1281 1523 1524
f 1282 1281 1524
f 1282 1524 1445
f 1396 1283 1284
f 1396 1284 1525
f 1525 1284 1285
f 1525 1285 1526
f 1526 1285 1286
f 1526 1286 1527
f 1527 1286 1398
f 1527 1398 1528
f 1288 1529 1289
f 1288 1289 1287
f 1392 1529 1288
f 1529 1530 1300
f 1529 1300 1289
f 1295 1531 1475
f 1295 1475 1290
f 1468 1532 1293
f 1468 1293 1291
f 1532 1533 1295
f 1532 1295 1293
f 1533 1534 1531
f 1533 1531 1295
f 1535 1297 1296
f 1535 1296 1299
f 1536 1464 1297
f 1536 1297 1535
f 1537 1299 1298
f 1537 1298 1300
f 1538 1535 1299
f 1538 1299 1537
f 1300 1530 1537
f 1539 1391 1301
f 1540 1301 1302
f 1539 1301 1540
f 1540 1302 1303
f 1540 1303 1509
f 1304 1541 1542
f 1304 1542 1543
f 1305 1304 1543
f 1312 1541 1304
f 1305 1543 1544
f 1306 1305 1544
f 1306 1544 1545
f 1306 1545 1307
f 1307 1545 1546
f 1307 1546 1308
f 1308 1546 1547
f 1308 1547 1313
f 1310 1309 1548
f 1310 1548 1549
f 1549 1550 1311
f 1549 1311 1310
f 1550 1551 1312
f 1550 1312 1311
f 1551 1552 1541
f 1551 1541 1312
f 1313 1547 1553
f 1313 1553 1554
f 1314 1313 1554
f 1314 1554 1555
f 1315 1314 1555
f 1315 1555 1556
f 1556 1557 1316
f 1556 1316 1315
f 1317 1316 1557
f 1317 1557 1558
f 1558 1559 1318
f 1558 1318 1317
f 1559 1560 1339
f 1559 1339 1318
f 1561 1562 1319
f 1562 1320 1319
f 1561 1319 1321
f 1563 1564 1320
f 1562 1563 1320
f 1320 1564 1322
f 1325 1565 1561
f 1325 1561 1321
f 1322 1564 1566
f 1322 1566 1567
f 1323 1322 1567
f 1323 1567 1568
f 1324 1323 1568
f 1324 1568 1337
f 1338 1569 1565
f 1338 1565 1325
f 1430 1326 1328
f 1430 1328 1570
f 1327 1329 1571
f 1327 1571 1572
f 1328 1327 1572
f 1328 1572 1573
f 1570 1328 1573
f 1570 1573 1574
f 1329 1332 1575
f 1329 1575 1571
f 1576 1331 1330
f 1576 1330 1333
f 1577 1332 1331
f 1577 1331 1578
f 1579 1331 1576
f 1580 1578 1331
f 1580 1331 1579
f 1332 1581 1575
f 1577 1581 1332
f 1582 1583 1333
f 1582 1333 1431
f 1576 1333 1583
f 1334 1584 1585
f 1334 1585 1586
f 1336 1587 1584
f 1336 1584 1334
f 1586 1588 1335
f 1586 1335 1334
f 1337 1568 1587
f 1337 1587 1336
f 1339 1589 1569
f 1339 1569 1338
f 1560 1590 1589
f 1560 1589 1339
f 1348 1591 1592
f 1348 1592 1340
f 1340 1592 1593
f 1340 1593 1341
f 1341 1593 1594
f 1341 1594 1342
f 1342 1594 1595
f 1342 1595 1343
f 1343 1595 1596
f 1343 1596 1344
f 1344 1596 1358
f 1346 1345 1597
f 1597 1345 1347
f 1598 1599 1348
f 1598 1348 1346
f 1598 1346 1597
f 1598 1597 1600
f 1347 1352 1601
f 1347 1601 1602
f 1600 1597 1347
f 1600 1347 1602
f 1599 1603 1591
f 1599 1591 1348
f 1349 1604 1605
f 1349 1605 1350
f 1351 1606 1604
f 1351 1604 1349
f 1350 1605 1607
f 1350 1607 1352
f 1353 1608 1606
f 1353 1606 1351
f 1352 1607 1609
f 1352 1609 1601
f 1354 1610 1608
f 1354 1608 1353
f 1611 1354 1357
f 1611 1610 1354
f 1356 1355 1588
f 1356 1588 1586
f 1586 1585 1357
f 1586 1357 1356
f 1585 1611 1357
f 1358 1596 1612
f 1358 1612 1359
f 1359 1612 1613
f 1359 1613 1614
f 1359 1614 1360
f 1360 1614 1615
f 1360 1615 1361
f 1361 1615 1552
f 1361 1552 1551
f 1362 1361 1551
f 1362 1551 1550
f 1363 1362 1550
f 1363 1550 1549
f 1549 1548 1364
f 1549 1364 1363
f 1616 1470 1365
f 1616 1365 1374
f 1365 1470 1366
f 1366 1470 1367
f 1368 1459 1617
f 1368 1617 1371
f 1372 1370 1371
f 1372 1371 1617
f 1372 1617 1618
f 1619 1620 1373
f 1619 1373 1372
f 1619 1372 1618
f 1621 1373 1620
f 1621 1620 1622
f 1621 1381 1373
f 1623 1616 1374
f 1623 1374 1375
f 1624 1623 1375
f 1624 1375 1390
f 1379 1625 1377
f 1379 1377 1376
f 1625 1626 1378
f 1625 1378 1377
f 1627 1387 1378
f 1627 1378 1628
f 1629 1628 1378
f 1629 1378 1626
f 1625 1379 1380
f 1625 1380 1630
f 1630 1380 1381
f 1630 1381 1631
f 1631 1381 1621
f 1631 1621 1632
f 1633 1634 1383
f 1633 1383 1382
f 1388 1633 1382
f 1388 1382 1384
f 1634 1635 1385
f 1634 1385 1383
f 1635 1636 1386
f 1635 1386 1385
f 1637 1389 1386
f 1637 1386 1636
f 1638 1388 1387
f 1638 1387 1627
f 1638 1639 1633
f 1638 1633 1388
f 1640 1641 1389
f 1640 1389 1637
f 1641 1642 1389
f 1642 1624 1390
f 1642 1390 1389
f 1643 1392 1391
f 1643 1391 1644
f 1644 1391 1539
f 1645 1646 1392
f 1645 1392 1643
f 1646 1529 1392
f 1394 1395 1435
f 1395 1396 1435
f 1396 1525 1435
f 1397 1458 1398
f 1528 1398 1647
f 1528 1647 1648
f 1649 1647 1398
f 1649 1398 1458
f 1451 1400 1399
f 1650 1457 1401
f 1650 1401 1400
f 1451 1650 1400
f 1651 1402 1405
f 1402 1651 1652
f 1653 1402 1652
f 1654 1402 1653
f 1655 1402 1654
f 1404 1402 1655
f 1404 1656 1408
f 1404 1408 1403
f 1404 1655 1657
f 1404 1657 1656
f 1658 1651 1405
f 1659 1405 1413
f 1659 1413 1660
f 1405 1659 1658
f 1406 1661 1662
f 1406 1662 1407
f 1408 1663 1661
f 1408 1661 1406
f 1407 1662 1409
f 1663 1408 1656
f 1663 1656 1664
f 1662 1410 1409
f 1422 1410 1662
f 1665 1411 1416
f 1665 1666 1411
f 1414 1411 1667
f 1411 1666 1667
f 1412 1667 1413
f 1414 1667 1412
f 1660 1413 1668
f 1660 1668 1669
f 1413 1667 1668
f 1665 1415 1521
f 1665 1416 1415
f 1418 1417 1670
f 1418 1670 1671
f 1417 1420 1672
f 1417 1672 1670
f 1418 1671 1673
f 1418 1673 1421
f 1422 1674 1675
f 1422 1675 1419
f 1420 1419 1676
f 1420 1676 1672
f 1419 1675 1676
f 1421 1673 1423
f 1422 1662 1674
f 1673 1427 1423
f 1424 1677 1450
f 1425 1677 1424
f 1425 1426 1678
f 1425 1678 1677
f 1427 1678 1426
f 1427 1673 1679
f 1427 1679 1678
f 1522 1428 1680
f 1522 1680 1681
f 1429 1680 1428
f 1429 1430 1570
f 1429 1570 1680
f 1682 1582 1431
f 1682 1431 1432
f 1682 1432 1433
f 1683 1433 1684
f 1685 1682 1433
f 1685 1433 1683
f 1433 1434 1684
f 1686 1684 1434
f 1686 1434 1446
f 1436 1435 1687
f 1436 1687 1688
f 1525 1526 1687
f 1525 1687 1435
f 1688 1689 1437
f 1688 1437 1436
f 1437 1690 1439
f 1437 1691 1690
f 1437 1692 1691
f 1437 1689 1693
f 1437 1693 1692
f 1439 1694 1441
f 1439 1441 1438
f 1690 1695 1694
f 1690 1694 1439
f 1440 1441 1696
f 1440 1696 1442
f 1441 1694 1697
f 1441 1697 1696
f 1696 1698 1444
f 1696 1444 1442
f 1443 1444 1699
f 1443 1699 1700
f 1443 1700 1449
f 1701 1699 1444
f 1701 1444 1698
f 1445 1524 1702
f 1445 1702 1518
f 1703 1686 1446
f 1703 1446 1447
f 1703 1447 1448
f 1704 1703 1448
f 1704 1448 1449
f 1705 1704 1449
f 1705 1449 1700
f 1456 1450 1706
f 1456 1706 1707
f 1706 1450 1677
f 1706 1677 1708
f 1452 1709 1451
f 1709 1650 1451
f 1452 1454 1710
f 1452 1710 1709
f 1456 1455 1453
f 1710 1454 1711
f 1710 1711 1712
f 1454 1455 1713
f 1454 1713 1711
f 1707 1455 1456
f 1707 1714 1455
f 1714 1713 1455
f 1458 1457 1650
f 1458 1650 1649
f 1459 1460 1715
f 1459 1715 1617
f 1461 1715 1460
f 1715 1461 1462
f 1715 1462 1463
f 1715 1463 1716
f 1716 1463 1464
f 1716 1464 1536
f 1466 1717 1718
f 1466 1718 1465
f 1465 1718 1719
f 1465 1719 1467
f 1473 1720 1717
f 1473 1717 1466
f 1467 1719 1532
f 1467 1532 1468
f 1472 1469 1470
f 1472 1470 1616
f 1471 1472 1616
f 1616 1623 1721
f 1616 1721 1471
f 1473 1471 1721
f 1473 1721 1722
f 1722 1723 1720
f 1722 1720 1473
f 1475 1724 1489
f 1475 1489 1474
f 1531 1725 1724
f 1531 1724 1475
f 1476 1477 1726
f 1476 1726 1497
f 1477 1488 1727
f 1477 1727 1726
f 1479 1478 1728
f 1729 1728 1478
f 1729 1478 1487
f 1480 1479 1728
f 1480 1728 1730
f 1730 1731 1481
f 1730 1481 1480
f 1482 1481 1731
f 1731 1732 1483
f 1731 1483 1482
f 1484 1483 1732
f 1484 1732 1733
f 1733 1485 1484
f 1486 1485 1733
f 1486 1733 1734
f 1488 1486 1734
f 1488 1734 1735
f 1736 1729 1487
f 1736 1487 1489
f 1735 1737 1727
f 1735 1727 1488
f 1738 1736 1489
f 1738 1489 1724
f 1739 1490 1491
f 1739 1491 1740
f 1741 1494 1490
f 1741 1490 1739
f 1740 1491 1492
f 1740 1492 1742
f 1742 1492 1493
f 1742 1493 1743
f 1743 1493 1505
f 1743 1505 1744
f 1745 1495 1494
f 1745 1494 1741
f 1746 1496 1495
f 1746 1495 1745
f 1521 1496 1747
f 1496 1746 1748
f 1496 1748 1747
f 1497 1726 1749
f 1497 1749 1498
f 1498 1749 1750
f 1498 1750 1499
f 1499 1750 1751
f 1499 1751 1500
f 1500 1751 1752
f 1500 1752 1501
f 1501 1752 1753
f 1501 1753 1502
f 1502 1753 1754
f 1502 1754 1508
f 1755 1505 1503
f 1755 1503 1756
f 1756 1503 1504
f 1756 1504 1757
f 1758 1757 1504
f 1758 1504 1506
f 1744 1505 1755
f 1744 1755 1759
f 1506 1507 1760
f 1506 1760 1758
f 1507 1508 1761
f 1507 1761 1760
f 1508 1754 1762
f 1508 1762 1761
f 1763 1540 1509
f 1511 1763 1509
f 1764 1763 1511
f 1764 1511 1510
f 1765 1764 1510
f 1765 1510 1512
f 1766 1765 1512
f 1766 1512 1513
f 1513 1514 1767
f 1513 1767 1766
f 1768 1767 1514
f 1768 1514 1515
f 1515 1516 1769
f 1515 1769 1768
f 1516 1517 1770
f 1516 1770 1769
f 1517 1520 1771
f 1517 1771 1770
f 1702 1772 1518
f 1518 1772 1519
f 1519 1772 1773
f 1519 1773 1774
f 1519 1774 1771
f 1519 1771 1520
f 1665 1521 1747
f 1523 1522 1681
f 1523 1681 1775
f 1524 1523 1776
f 1524 1776 1702
f 1523 1775 1777
f 1523 1777 1776
f 1526 1527 1778
f 1526 1778 1687
f 1527 1528 1778
f 1528 1648 1779
f 1528 1779 1778
f 1780 1530 1529
f 1780 1529 1646
f 1780 1781 1530
f 1530 1781 1537
f 1534 1782 1725
f 1534 1725 1531
f 1719 1783 1533
f 1719 1533 1532
f 1783 1784 1534
f 1783 1534 1533
f 1784 1785 1782
f 1784 1782 1534
f 1786 1536 1535
f 1786 1535 1538
f 1787 1716 1536
f 1787 1536 1786
f 1781 1788 1537
f 1537 1788 1538
f 1538 1788 1786
f 1553 1644 1539
f 1553 1539 1789
f 1789 1539 1540
f 1789 1540 1763
f 1552 1790 1791
f 1552 1791 1541
f 1541 1791 1792
f 1542 1541 1792
f 1542 1792 1543
f 1543 1792 1793
f 1543 1793 1794
f 1543 1794 1544
f 1544 1794 1795
f 1545 1544 1795
f 1545 1795 1645
f 1545 1645 1546
f 1546 1645 1643
f 1546 1643 1547
f 1547 1643 1644
f 1547 1644 1553
f 1615 1632 1790
f 1615 1790 1552
f 1554 1553 1789
f 1554 1789 1796
f 1555 1554 1796
f 1555 1796 1797
f 1556 1555 1797
f 1556 1797 1798
f 1798 1799 1557
f 1798 1557 1556
f 1558 1557 1799
f 1558 1799 1800
f 1800 1801 1559
f 1800 1559 1558
f 1801 1802 1560
f 1801 1560 1559
f 1802 1803 1590
f 1802 1590 1560
f 1561 1804 1805
f 1561 1805 1562
f 1806 1804 1561
f 1806 1561 1565
f 1805 1807 1562
f 1562 1807 1563
f 1807 1564 1563
f 1564 1808 1809
f 1564 1809 1566
f 1807 1808 1564
f 1569 1810 1806
f 1569 1806 1565
f 1566 1809 1811
f 1566 1811 1812
f 1567 1566 1812
f 1567 1812 1813
f 1568 1567 1813
f 1568 1813 1587
f 1589 1814 1810
f 1589 1810 1569
f 1680 1570 1574
f 1680 1574 1681
f 1571 1815 1816
f 1571 1816 1817
f 1572 1571 1817
f 1572 1817 1818
f 1571 1575 1815
f 1573 1572 1818
f 1573 1818 1819
f 1574 1573 1819
f 1574 1819 1820
f 1681 1574 1820
f 1681 1820 1775
f 1575 1581 1821
f 1575 1821 1822
f 1575 1822 1815
f 1583 1579 1576
f 1823 1824 1825
f 1823 1825 1826
f 1823 1826 1827
f 1823 1827 1577
f 1577 1828 1581
f 1577 1829 1828
f 1577 1578 1829
f 1578 1580 1829
f 1583 1582 1580
f 1583 1580 1579
f 1830 1829 1580
f 1830 1580 1831
f 1582 1682 1831
f 1582 1831 1580
f 1581 1828 1832
f 1581 1832 1821
f 1584 1833 1834
f 1584 1834 1585
f 1587 1813 1833
f 1587 1833 1584
f 1834 1611 1585
f 1590 1835 1814
f 1590 1814 1589
f 1803 1836 1835
f 1803 1835 1590
f 1603 1837 1838
f 1603 1838 1591
f 1591 1838 1839
f 1591 1839 1592
f 1592 1839 1840
f 1592 1840 1593
f 1593 1840 1841
f 1593 1841 1594
f 1594 1841 1629
f 1594 1629 1595
f 1595 1629 1626
f 1595 1626 1596
f 1596 1626 1625
f 1596 1625 1612
f 1842 1843 1599
f 1842 1599 1598
f 1842 1598 1600
f 1842 1600 1844
f 1843 1845 1603
f 1843 1603 1599
f 1844 1600 1602
f 1844 1602 1846
f 1601 1609 1847
f 1601 1847 1848
f 1602 1601 1848
f 1602 1848 1846
f 1845 1849 1837
f 1845 1837 1603
f 1604 1850 1851
f 1604 1851 1605
f 1606 1852 1850
f 1606 1850 1604
f 1605 1851 1853
f 1605 1853 1607
f 1608 1854 1852
f 1608 1852 1606
f 1607 1853 1855
f 1607 1855 1609
f 1610 1856 1854
f 1610 1854 1608
f 1609 1855 1857
f 1609 1857 1847
f 1858 1859 1856
f 1858 1856 1610
f 1858 1610 1611
f 1834 1858 1611
f 1612 1625 1630
f 1612 1630 1613
f 1613 1630 1631
f 1613 1631 1614
f 1614 1631 1632
f 1614 1632 1615
f 1618 1617 1715
f 1618 1715 1619
f 1619 1715 1716
f 1619 1716 1787
f 1620 1619 1860
f 1619 1787 1860
f 1622 1620 1860
f 1622 1860 1861
f 1632 1621 1622
f 1632 1622 1790
f 1790 1622 1861
f 1790 1861 1791
f 1721 1623 1862
f 1862 1623 1863
f 1624 1864 1863
f 1624 1863 1623
f 1642 1865 1864
f 1642 1864 1624
f 1866 1627 1628
f 1866 1628 1867
f 1868 1869 1627
f 1868 1627 1866
f 1869 1638 1627
f 1839 1867 1628
f 1839 1628 1840
f 1840 1628 1841
f 1841 1628 1629
f 1639 1870 1634
f 1639 1634 1633
f 1870 1871 1635
f 1870 1635 1634
f 1635 1872 1636
f 1872 1635 1873
f 1873 1635 1871
f 1873 1871 1874
f 1637 1636 1872
f 1637 1872 1875
f 1876 1877 1637
f 1876 1637 1875
f 1877 1640 1637
f 1869 1878 1639
f 1869 1639 1638
f 1878 1879 1870
f 1878 1870 1639
f 1641 1640 1880
f 1641 1880 1881
f 1877 1882 1880
f 1877 1880 1640
f 1642 1641 1881
f 1642 1881 1865
f 1795 1780 1646
f 1795 1646 1645
f 1648 1647 1883
f 1648 1883 1884
f 1885 1883 1647
f 1885 1647 1649
f 1886 1779 1648
f 1886 1648 1884
f 1649 1650 1887
f 1649 1887 1885
f 1709 1710 1887
f 1709 1887 1650
f 1888 1651 1658
f 1888 1658 1889
f 1890 1651 1888
f 1891 1651 1890
f 1652 1651 1891
f 1652 1892 1893
f 1652 1893 1653
f 1891 1894 1892
f 1891 1892 1652
f 1653 1893 1895
f 1653 1895 1654
f 1655 1654 1895
f 1655 1895 1657
f 1657 1895 1896
f 1657 1896 1664
f 1657 1664 1656
f 1658 1659 1897
f 1658 1897 1898
f 1898 1899 1658
f 1900 1658 1899
f 1900 1899 1901
f 1889 1658 1900
f 1659 1660 1897
f 1897 1660 1669
f 1897 1669 1902
f 1662 1661 1675
f 1662 1675 1674
f 1661 1663 1903
f 1661 1903 1675
f 1664 1903 1663
f 1664 1896 1904
f 1664 1904 1903
f 1665 1747 1905
f 1665 1905 1906
f 1665 1907 1666
f 1665 1906 1907
f 1667 1666 1668
f 1666 1908 1668
f 1908 1666 1907
f 1908 1907 1909
f 1910 1669 1668
f 1910 1668 1911
f 1668 1908 1911
f 1912 1902 1669
f 1912 1669 1910
f 1671 1670 1913
f 1671 1913 1914
f 1670 1672 1915
f 1670 1915 1913
f 1673 1671 1914
f 1673 1914 1679
f 1672 1916 1915
f 1676 1916 1672
f 1676 1675 1917
f 1676 1917 1916
f 1675 1903 1918
f 1675 1918 1917
f 1919 1920 1677
f 1919 1677 1678
f 1708 1677 1920
f 1921 1919 1678
f 1921 1678 1679
f 1922 1921 1679
f 1922 1679 1914
f 1682 1685 1923
f 1682 1923 1831
f 1683 1924 1925
f 1683 1925 1926
f 1926 1685 1683
f 1683 1684 1924
f 1927 1924 1684
f 1927 1684 1686
f 1926 1923 1685
f 1928 1929 1686
f 1928 1686 1703
f 1927 1686 1929
f 1688 1687 1778
f 1688 1778 1930
f 1930 1886 1689
f 1930 1689 1688
f 1689 1886 1931
f 1689 1931 1693
f 1691 1932 1695
f 1691 1695 1690
f 1692 1933 1932
f 1692 1932 1691
f 1693 1934 1933
f 1693 1933 1692
f 1931 1935 1934
f 1931 1934 1693
f 1694 1695 1936
f 1694 1936 1697
f 1695 1937 1936
f 1695 1932 1938
f 1695 1938 1937
f 1697 1939 1698
f 1697 1698 1696
f 1936 1940 1939
f 1936 1939 1697
f 1941 1701 1698
f 1941 1698 1939
f 1942 1943 1699
f 1942 1699 1701
f 1943 1944 1700
f 1943 1700 1699
f 1705 1700 1944
f 1945 1946 1701
f 1945 1701 1941
f 1942 1701 1946
f 1702 1776 1947
f 1702 1947 1772
f 1948 1949 1703
f 1948 1703 1704
f 1928 1703 1949
f 1950 1948 1704
f 1950 1704 1705
f 1951 1950 1705
f 1951 1705 1944
f 1707 1706 1952
f 1707 1952 1714
f 1706 1953 1952
f 1706 1708 1954
f 1706 1954 1953
f 1708 1920 1955
f 1708 1955 1954
f 1710 1956 1887
f 1712 1956 1710
f 1713 1957 1711
f 1956 1712 1711
f 1956 1711 1957
f 1952 1957 1713
f 1952 1713 1714
f 1720 1958 1959
f 1720 1959 1717
f 1717 1959 1960
f 1717 1960 1718
f 1718 1960 1783
f 1718 1783 1719
f 1723 1961 1958
f 1723 1958 1720
f 1962 1721 1862
f 1722 1721 1963
f 1722 1963 1964
f 1963 1721 1962
f 1964 1965 1723
f 1964 1723 1722
f 1965 1966 1961
f 1965 1961 1723
f 1967 1738 1724
f 1967 1724 1725
f 1968 1967 1725
f 1968 1725 1782
f 1726 1727 1969
f 1726 1969 1749
f 1969 1727 1737
f 1969 1737 1970
f 1729 1971 1728
f 1971 1972 1730
f 1971 1730 1728
f 1973 1971 1729
f 1973 1729 1736
f 1972 1974 1731
f 1972 1731 1730
f 1974 1975 1732
f 1974 1732 1731
f 1732 1975 1733
f 1975 1976 1734
f 1975 1734 1733
f 1976 1977 1735
f 1976 1735 1734
f 1735 1977 1737
f 1738 1973 1736
f 1977 1978 1970
f 1977 1970 1737
f 1979 1973 1738
f 1979 1738 1967
f 1980 1739 1740
f 1980 1740 1981
f 1982 1741 1739
f 1982 1739 1980
f 1981 1740 1742
f 1981 1742 1983
f 1984 1745 1741
f 1984 1741 1982
f 1983 1742 1743
f 1983 1743 1985
f 1985 1743 1744
f 1985 1744 1986
f 1986 1744 1759
f 1986 1759 1987
f 1988 1746 1745
f 1988 1745 1984
f 1989 1748 1746
f 1989 1746 1988
f 1747 1748 1990
f 1747 1990 1905
f 1991 1990 1748
f 1991 1748 1989
f 1749 1969 1992
f 1749 1992 1750
f 1750 1992 1993
f 1750 1993 1751
f 1751 1993 1994
f 1751 1994 1752
f 1752 1994 1995
f 1752 1995 1753
f 1753 1995 1996
f 1753 1996 1754
f 1754 1996 1997
f 1754 1997 1762
f 1998 1755 1756
f 1998 1756 1999
f 1759 1755 1998
f 1759 1998 2000
f 1999 1756 1757
f 1999 1757 2001
f 2002 2001 1757
f 2002 1757 1758
f 1758 1760 2003
f 1758 2003 2002
f 1987 1759 2000
f 1987 2000 2004
f 1760 1761 2005
f 1760 2005 2003
f 1761 1762 2006
f 1761 2006 2005
f 1762 1997 2007
f 1762 2007 2006
f 1796 1789 1763
f 1796 1763 1764
f 1797 1796 1764
f 1797 1764 1765
f 1798 1797 1765
f 1798 1765 1766
f 1766 1767 1799
f 1766 1799 1798
f 1800 1799 1767
f 1800 1767 1768
f 1768 1769 1801
f 1768 1801 1800
f 1769 1770 1802
f 1769 1802 1801
f 1770 1771 1803
f 1770 1803 1802
f 1771 1774 1836
f 1771 1836 1803
f 1772 1947 2008
f 1772 2008 1773
f 1773 2008 2009
f 1773 2009 2010
f 1773 2010 1774
f 1774 2010 1836
f 1775 1820 2011
f 1775 2011 1777
f 1776 1777 2012
f 1776 2012 1947
f 1777 2011 2013
f 1777 2013 2012
f 1930 1778 1779
f 1930 1779 2014
f 2014 1779 1886
f 2014 1886 1930
f 1794 2015 1780
f 1794 1780 1795
f 2015 1781 1780
f 2016 1788 1781
f 2016 1781 2015
f 2017 1968 1782
f 2017 1782 1785
f 1960 2018 1784
f 1960 1784 1783
f 2018 2019 1785
f 2018 1785 1784
f 2019 2017 1785
f 1788 2020 1786
f 1787 1786 2020
f 1787 2020 1860
f 2021 2020 1788
f 2021 1788 2016
f 1791 1861 2021
f 1791 2021 1792
f 1792 2021 2016
f 1792 2016 1793
f 1793 2016 2015
f 1793 2015 1794
f 1804 2022 2023
f 1804 2023 1805
f 1806 2024 2022
f 1806 2022 1804
f 1805 2023 2025
f 1805 2025 1807
f 1810 2026 2024
f 1810 2024 1806
f 1807 2025 2027
f 1807 2027 1808
f 1808 2027 2028
f 1808 2028 1809
f 1809 2028 2029
f 1809 2029 1811
f 1814 2030 2026
f 1814 2026 1810
f 1811 2029 2031
f 1811 2031 2032
f 1812 1811 2032
f 1812 2032 2033
f 1813 1812 2033
f 1813 2033 1833
f 1835 2034 2030
f 1835 2030 1814
f 2035 2036 1816
f 2035 1816 1815
f 2037 2035 1815
f 2037 1815 1822
f 2037 1822 2038
f 1817 1816 2039
f 1817 2039 2040
f 2036 2041 2039
f 2036 2039 1816
f 1818 1817 2040
f 1818 2040 2042
f 1819 1818 2042
f 1819 2042 2043
f 2043 1820 1819
f 2011 1820 2043
f 1821 1832 2044
f 1821 2044 2045
f 1821 2045 2038
f 1821 2038 1822
f 2046 1823 2047
f 1824 1823 2046
f 1824 2046 2048
f 1825 1824 2048
f 1825 2048 2049
f 1826 1825 2049
f 1826 2049 2050
f 1827 1826 2051
f 1827 2051 2052
f 1826 2050 2051
f 2052 2046 2047
f 2052 2047 1827
f 1832 1828 1830
f 1832 1830 2053
f 1828 1829 1830
f 2053 1830 1831
f 2053 1831 1923
f 2044 1832 2053
f 2044 2053 2054
f 1833 2033 2055
f 1833 2055 1834
f 2055 1858 1834
f 1836 2034 1835
f 2010 2034 1836
f 1849 2056 2057
f 1849 2057 1837
f 1837 2057 2058
f 1837 2058 1838
f 1838 2058 1867
f 1838 1867 1839
f 2059 2060 1843
f 2059 1843 1842
f 2059 1842 1844
f 2059 1844 2061
f 2060 2062 1845
f 2060 1845 1843
f 2061 1844 2063
f 2064 1844 1846
f 2064 1846 2065
f 2063 1844 2064
f 2062 2066 1849
f 2062 1849 1845
f 1846 1848 2067
f 1846 2067 2065
f 1847 1857 2068
f 1847 2068 2069
f 1848 1847 2069
f 1848 2069 2067
f 2066 2070 2056
f 2066 2056 1849
f 1850 2071 2072
f 1850 2072 1851
f 1852 2071 1850
f 1851 2072 2073
f 1851 2073 1853
f 1854 2071 1852
f 1853 2073 2074
f 1853 2074 1855
f 1856 2075 2071
f 1856 2071 1854
f 1855 2074 2076
f 1855 2076 1857
f 2077 2075 1856
f 2077 1856 1859
f 1857 2076 2078
f 1857 2078 2068
f 2055 2079 1859
f 2055 1859 1858
f 2079 2080 2081
f 2079 2081 1859
f 2082 2077 1859
f 2082 1859 2081
f 1861 1860 2020
f 1861 2020 2021
f 1962 1862 2083
f 2083 1862 1863
f 2083 1863 2084
f 2085 2086 1863
f 2085 1863 1864
f 2086 2087 2084
f 2086 2084 1863
f 2088 2085 1864
f 2088 1864 1865
f 2089 2088 1865
f 2089 1865 1881
f 1867 2058 2090
f 1867 2090 1866
f 2091 1868 1866
f 2091 1866 2090
f 2091 2092 2093
f 2091 2093 1868
f 1868 2093 1878
f 1868 1878 1869
f 1879 1874 1871
f 1879 1871 1870
f 1873 2094 1875
f 1873 1875 1872
f 2095 2096 1873
f 2095 1873 1874
f 2096 2094 1873
f 2097 2095 1874
f 2097 1874 1879
f 2094 1876 1875
f 1877 1876 1882
f 2094 2098 1876
f 2098 2099 1882
f 2098 1882 1876
f 2093 2097 1879
f 2093 1879 1878
f 2099 2089 1880
f 2099 1880 1882
f 1880 2089 1881
f 1884 1883 1935
f 1884 1935 1931
f 1883 1885 2100
f 1883 2100 2101
f 1883 2101 1935
f 1886 1884 1931
f 1885 1887 1956
f 1885 1956 2100
f 1888 2102 2103
f 1888 2103 2104
f 1888 2104 1890
f 1888 1889 2105
f 1888 2105 2102
f 1900 2106 2105
f 1900 2105 1889
f 1891 1890 2104
f 1891 2104 1894
f 1892 2107 2108
f 1892 2108 2109
f 1892 2109 1893
f 1894 2110 2107
f 1894 2107 1892
f 2109 1895 1893
f 2104 2111 2110
f 2104 2110 1894
f 2109 1896 1895
f 1896 2109 2112
f 1896 2112 1904
f 1897 1902 2113
f 1897 2113 1898
f 2114 1899 1898
f 1898 2113 2115
f 1898 2115 2114
f 1899 2114 2116
f 2117 1899 2116
f 2117 2116 2118
f 2119 2120 1899
f 2119 1899 2117
f 1901 1899 2120
f 2121 2106 1900
f 2121 1900 1901
f 2120 2121 1901
f 2113 1902 1912
f 2113 1912 2122
f 1903 1904 2123
f 1903 2123 2124
f 1903 2124 1918
f 1904 2112 2125
f 1904 2125 2123
f 2126 1906 1905
f 2126 1905 2127
f 1905 1990 2128
f 1905 2128 2127
f 1909 1907 1906
f 1909 1906 2126
f 1908 2129 1911
f 1908 1909 2129
f 2129 1909 2126
f 2129 2126 2130
f 1910 1911 2131
f 1910 2131 2132
f 1912 1910 2132
f 1912 2132 2133
f 2129 2134 2131
f 2129 2131 1911
f 2135 2122 1912
f 2135 1912 2133
f 2136 2137 1913
f 2136 1913 1915
f 2137 1922 1914
f 2137 1914 1913
f 2138 2136 1915
f 2138 1915 1916
f 2139 2138 1916
f 2139 1916 1917
f 2139 1917 1918
f 2139 1918 2140
f 2141 2140 1918
f 2141 1918 2124
f 1920 1919 2142
f 1920 2142 1955
f 1921 1922 2142
f 1921 2142 1919
f 1922 2137 2143
f 1922 2143 2142
f 2144 1923 1926
f 2053 1923 2054
f 2144 2054 1923
f 1924 1927 2145
f 1924 2145 1925
f 2146 2147 1925
f 2146 1925 2145
f 2147 2148 1926
f 2147 1926 1925
f 2144 1926 2148
f 1929 2145 1927
f 1929 1928 2149
f 1929 2149 2145
f 1928 2150 2149
f 1928 1949 2151
f 1928 2151 2150
f 1932 2152 1938
f 1932 1933 2153
f 1932 2153 2152
f 1933 2154 2153
f 1933 1934 2155
f 1933 2155 2154
f 1934 1935 2156
f 1934 2156 2155
f 1935 2101 2156
f 1937 2157 1940
f 1937 1940 1936
f 1938 2158 2157
f 1938 2157 1937
f 2152 2159 2158
f 2152 2158 1938
f 2160 1941 1939
f 2160 1939 1940
f 2160 1940 2157
f 1945 1941 2161
f 2162 2163 1941
f 2162 1941 2160
f 2161 1941 2163
f 2164 2165 1942
f 2164 1942 1946
f 2165 2166 1943
f 2165 1943 1942
f 2166 2167 1944
f 2166 1944 1943
f 1951 1944 2167
f 2168 1946 1945
f 2169 2168 1945
f 2169 1945 2161
f 2170 2164 1946
f 2170 1946 2168
f 1947 2012 2171
f 1947 2171 2172
f 1947 2172 2173
f 1947 2173 2174
f 1949 1948 2175
f 1949 2175 2151
f 1948 1950 2176
f 1948 2176 2175
f 1950 1951 2176
f 2177 2178 2176
f 2177 2176 1951
f 2167 2166 2177
f 2167 2177 1951
f 1957 1952 1953
f 2179 1957 1953
f 2179 1953 1954
f 2180 2181 1954
f 2180 1954 1955
f 2179 1954 2181
f 2182 2180 1955
f 2182 1955 2142
f 2100 1956 2183
f 2100 2183 2101
f 1957 2179 2183
f 1957 2183 1956
f 1961 2184 2185
f 1961 2185 1958
f 1958 2185 2186
f 1958 2186 1959
f 1959 2186 2018
f 1959 2018 1960
f 1966 2187 2184
f 1966 2184 1961
f 2188 1962 2189
f 2188 2189 2190
f 2189 1962 2191
f 1962 2084 2191
f 1962 2083 2084
f 1962 2188 1963
f 1964 1963 2188
f 1964 2188 2192
f 2192 2193 1965
f 2192 1965 1964
f 2193 2194 1966
f 2193 1966 1965
f 2194 2195 2187
f 2194 2187 1966
f 2196 1979 1967
f 2196 1967 1968
f 2197 2196 1968
f 2197 1968 2017
f 2198 1992 1969
f 2198 1969 1970
f 1970 1978 2198
f 2199 2200 1971
f 2199 1971 1973
f 2200 2201 1972
f 2200 1972 1971
f 1972 2201 1974
f 2202 2199 1973
f 2202 1973 1979
f 2201 2203 1975
f 2201 1975 1974
f 2203 2204 1976
f 2203 1976 1975
f 2204 2205 1977
f 2204 1977 1976
f 2205 2206 1978
f 2205 1978 1977
f 2198 1978 2207
f 2208 2207 1978
f 2208 1978 2209
f 2209 1978 2206
f 2209 2206 2210
f 2196 2202 1979
f 1983 2211 2212
f 1983 2212 1980
f 1983 1980 1981
f 2212 2213 1982
f 2212 1982 1980
f 2213 2214 1984
f 2213 1984 1982
f 1987 2211 1983
f 1987 1983 1985
f 1988 1984 2214
f 1987 1985 1986
f 2211 1987 2004
f 1989 1988 2214
f 1989 2214 2215
f 1991 1989 2215
f 1991 2215 2216
f 2216 2128 1990
f 2216 1990 1991
f 2207 1993 1992
f 2207 1992 2198
f 2207 2208 1994
f 2207 1994 1993
f 1995 1994 2208
f 1995 2208 2217
f 2217 2218 1996
f 2217 1996 1995
f 2218 2219 1997
f 2218 1997 1996
f 2007 1997 2219
f 1999 2220 2221
f 1999 2221 1998
f 2222 2000 1998
f 2222 1998 2221
f 2223 2220 1999
f 2223 1999 2001
f 2004 2000 2222
f 2004 2222 2211
f 2224 2223 2001
f 2224 2001 2002
f 2002 2003 2225
f 2002 2225 2224
f 2003 2005 2226
f 2003 2226 2225
f 2005 2006 2227
f 2005 2227 2226
f 2006 2007 2228
f 2006 2228 2227
f 2219 2229 2228
f 2219 2228 2007
f 2008 2230 2231
f 2008 2231 2009
f 2173 2230 2008
f 2010 2009 2232
f 2010 2232 2034
f 2231 2233 2232
f 2231 2232 2009
f 2011 2043 2234
f 2011 2234 2013
f 2013 2235 2171
f 2013 2171 2012
f 2234 2236 2013
f 2235 2013 2236
f 2237 2017 2019
f 2237 2019 2238
f 2239 2197 2017
f 2239 2017 2237
f 2186 2238 2019
f 2186 2019 2018
f 2022 2240 2241
f 2022 2241 2023
f 2024 2240 2022
f 2023 2241 2242
f 2023 2242 2025
f 2243 2240 2024
f 2026 2244 2243
f 2026 2243 2024
f 2025 2242 2245
f 2025 2245 2027
f 2030 2244 2026
f 2027 2245 2246
f 2027 2246 2028
f 2028 2246 2247
f 2028 2247 2029
f 2247 2031 2029
f 2248 2244 2030
f 2034 2232 2248
f 2034 2248 2030
f 2032 2031 2080
f 2032 2080 2079
f 2080 2031 2247
f 2080 2247 2174
f 2033 2032 2079
f 2033 2079 2055
f 2037 2249 2114
f 2037 2114 2035
f 2114 2036 2035
f 2114 2115 2041
f 2114 2041 2036
f 2249 2037 2250
f 2250 2037 2038
f 2251 2250 2038
f 2251 2038 2252
f 2038 2045 2252
f 2040 2039 2253
f 2040 2253 2254
f 2041 2255 2253
f 2041 2253 2039
f 2042 2040 2254
f 2042 2254 2256
f 2115 2257 2255
f 2115 2255 2041
f 2043 2042 2256
f 2043 2256 2234
f 2045 2044 2258
f 2045 2258 2252
f 2258 2044 2054
f 2258 2054 2259
f 2046 2052 2260
f 2046 2260 2261
f 2046 2261 2048
f 2049 2048 2261
f 2049 2261 2262
f 2050 2049 2262
f 2050 2262 2263
f 2263 2264 2051
f 2263 2051 2050
f 2265 2266 2052
f 2265 2052 2051
f 2265 2051 2264
f 2260 2052 2266
f 2054 2144 2259
f 2057 2056 2267
f 2057 2267 2268
f 2056 2070 2267
f 2058 2057 2268
f 2058 2268 2090
f 2269 2270 2060
f 2269 2060 2059
f 2271 2269 2059
f 2271 2059 2061
f 2270 2272 2062
f 2270 2062 2060
f 2061 2063 2273
f 2061 2273 2271
f 2272 2274 2066
f 2272 2066 2062
f 2275 2273 2063
f 2275 2063 2064
f 2064 2065 2276
f 2064 2276 2275
f 2065 2067 2277
f 2065 2277 2276
f 2274 2278 2070
f 2274 2070 2066
f 2067 2069 2279
f 2067 2279 2277
f 2068 2078 2280
f 2068 2280 2281
f 2069 2068 2281
f 2069 2281 2279
f 2070 2278 2282
f 2070 2282 2267
f 2071 2075 2283
f 2071 2283 2284
f 2072 2071 2284
f 2072 2284 2285
f 2285 2286 2073
f 2285 2073 2072
f 2286 2287 2074
f 2286 2074 2073
f 2287 2288 2076
f 2287 2076 2074
f 2289 2290 2075
f 2289 2075 2077
f 2283 2075 2290
f 2288 2078 2076
f 2291 2289 2077
f 2291 2077 2082
f 2288 2292 2280
f 2288 2280 2078
f 2081 2080 2174
f 2081 2174 2293
f 2081 2293 2082
f 2294 2291 2082
f 2294 2082 2293
f 2087 2295 2191
f 2087 2191 2084
f 2296 2086 2085
f 2296 2085 2297
f 2297 2085 2088
f 2297 2088 2298
f 2299 2087 2086
f 2299 2086 2296
f 2300 2295 2087
f 2300 2087 2299
f 2298 2088 2089
f 2298 2089 2301
f 2301 2089 2099
f 2301 2099 2302
f 2303 2304 2090
f 2303 2090 2268
f 2304 2091 2090
f 2304 2305 2092
f 2304 2092 2091
f 2305 2306 2307
f 2305 2307 2092
f 2092 2307 2097
f 2092 2097 2093
f 2308 2098 2094
f 2308 2094 2096
f 2309 2308 2096
f 2309 2096 2095
f 2307 2309 2095
f 2307 2095 2097
f 2310 2099 2098
f 2310 2098 2311
f 2311 2098 2308
f 2302 2099 2310
f 2101 2183 2312
f 2101 2312 2156
f 2102 2313 2314
f 2102 2314 2103
f 2105 2315 2313
f 2105 2313 2102
f 2103 2314 2111
f 2103 2111 2104
f 2106 2315 2105
f 2121 2316 2315
f 2121 2315 2106
f 2107 2110 2317
f 2107 2317 2318
f 2112 2108 2107
f 2112 2107 2318
f 2108 2112 2109
f 2110 2319 2317
f 2111 2319 2110
f 2111 2314 2320
f 2111 2320 2319
f 2318 2125 2112
f 2122 2257 2113
f 2257 2115 2113
f 2114 2249 2116
f 2116 2249 2321
f 2322 2116 2321
f 2118 2116 2322
f 2117 2323 2324
f 2117 2324 2119
f 2118 2325 2323
f 2118 2323 2117
f 2325 2118 2322
f 2325 2322 2326
f 2119 2324 2121
f 2119 2121 2120
f 2324 2327 2316
f 2324 2316 2121
f 2122 2328 2257
f 2328 2122 2135
f 2328 2135 2329
f 2330 2123 2125
f 2331 2123 2330
f 2331 2332 2124
f 2331 2124 2123
f 2141 2124 2332
f 2318 2317 2333
f 2318 2333 2125
f 2334 2330 2125
f 2334 2125 2333
f 2130 2126 2127
f 2130 2127 2335
f 2127 2128 2336
f 2127 2336 2335
f 2215 2336 2128
f 2215 2128 2216
f 2129 2130 2337
f 2129 2337 2134
f 2337 2130 2335
f 2337 2335 2338
f 2131 2134 2339
f 2131 2339 2340
f 2132 2131 2341
f 2132 2341 2342
f 2340 2343 2341
f 2340 2341 2131
f 2133 2132 2342
f 2133 2342 2344
f 2344 2345 2135
f 2344 2135 2133
f 2339 2134 2337
f 2339 2337 2346
f 2135 2345 2329
f 2137 2136 2347
f 2137 2347 2143
f 2138 2347 2136
f 2139 2348 2138
f 2138 2348 2347
f 2140 2348 2139
f 2141 2348 2140
f 2141 2332 2349
f 2141 2349 2348
f 2350 2182 2142
f 2350 2142 2143
f 2350 2143 2347
f 2144 2148 2259
f 2351 2146 2145
f 2351 2145 2149
f 2352 2353 2147
f 2352 2147 2146
f 2351 2354 2352
f 2351 2352 2146
f 2353 2259 2148
f 2353 2148 2147
f 2351 2149 2150
f 2355 2351 2150
f 2355 2150 2151
f 2355 2151 2175
f 2153 2356 2159
f 2153 2159 2152
f 2154 2357 2356
f 2154 2356 2153
f 2155 2358 2357
f 2155 2357 2154
f 2156 2312 2358
f 2156 2358 2155
f 2359 2360 2160
f 2359 2160 2157
f 2359 2157 2158
f 2361 2158 2159
f 2362 2158 2361
f 2359 2158 2362
f 2363 2361 2159
f 2363 2159 2356
f 2364 2162 2160
f 2364 2160 2360
f 2169 2161 2163
f 2365 2366 2162
f 2365 2162 2364
f 2366 2169 2163
f 2366 2163 2162
f 2165 2164 2367
f 2165 2367 2368
f 2164 2170 2369
f 2164 2369 2367
f 2166 2165 2368
f 2166 2368 2177
f 2170 2168 2370
f 2170 2370 2369
f 2168 2169 2371
f 2168 2371 2370
f 2169 2366 2372
f 2169 2372 2371
f 2235 2236 2171
f 2171 2236 2373
f 2373 2374 2172
f 2373 2172 2171
f 2172 2374 2375
f 2172 2375 2173
f 2173 2375 2376
f 2173 2376 2230
f 2293 2174 2377
f 2293 2377 2378
f 2379 2174 2247
f 2379 2247 2380
f 2174 2379 2377
f 2381 2355 2175
f 2381 2175 2176
f 2382 2381 2176
f 2382 2176 2178
f 2383 2384 2177
f 2383 2177 2368
f 2178 2177 2384
f 2384 2327 2382
f 2384 2382 2178
f 2179 2181 2312
f 2179 2312 2183
f 2182 2181 2180
f 2181 2182 2358
f 2181 2358 2312
f 2182 2350 2357
f 2182 2357 2358
f 2187 2385 2386
f 2187 2386 2184
f 2184 2386 2387
f 2184 2387 2185
f 2185 2387 2238
f 2185 2238 2186
f 2195 2388 2385
f 2195 2385 2187
f 2192 2188 2190
f 2192 2190 2389
f 2190 2189 2390
f 2190 2390 2391
f 2392 2390 2189
f 2392 2189 2191
f 2389 2190 2391
f 2389 2391 2393
f 2295 2392 2191
f 2389 2394 2193
f 2389 2193 2192
f 2394 2395 2194
f 2394 2194 2193
f 2395 2396 2195
f 2395 2195 2194
f 2396 2397 2388
f 2396 2388 2195
f 2398 2202 2196
f 2398 2196 2197
f 2399 2398 2197
f 2399 2197 2239
f 2202 2400 2199
f 2400 2401 2200
f 2400 2200 2199
f 2401 2402 2201
f 2401 2201 2200
f 2402 2403 2201
f 2403 2404 2203
f 2403 2203 2201
f 2405 2400 2202
f 2405 2202 2398
f 2203 2404 2204
f 2404 2406 2205
f 2404 2205 2204
f 2205 2406 2206
f 2206 2406 2210
f 2208 2209 2217
f 2218 2217 2209
f 2218 2209 2407
f 2407 2209 2210
f 2407 2210 2408
f 2408 2210 2406
f 2408 2406 2409
f 2211 2222 2410
f 2211 2410 2212
f 2212 2410 2411
f 2212 2411 2213
f 2213 2411 2412
f 2213 2412 2214
f 2214 2412 2336
f 2214 2336 2215
f 2219 2218 2407
f 2219 2407 2413
f 2219 2413 2229
f 2414 2415 2220
f 2414 2220 2223
f 2220 2415 2416
f 2220 2416 2221
f 2410 2222 2221
f 2410 2221 2416
f 2417 2414 2223
f 2417 2223 2224
f 2224 2225 2418
f 2224 2418 2417
f 2225 2226 2419
f 2225 2419 2418
f 2226 2227 2420
f 2226 2420 2419
f 2227 2228 2421
f 2227 2421 2420
f 2421 2228 2229
f 2421 2229 2422
f 2422 2229 2413
f 2422 2413 2423
f 2230 2376 2424
f 2230 2424 2231
f 2424 2233 2231
f 2233 2425 2248
f 2233 2248 2232
f 2233 2426 2427
f 2233 2427 2425
f 2424 2426 2233
f 2234 2256 2428
f 2234 2428 2429
f 2234 2429 2236
f 2236 2429 2430
f 2236 2430 2373
f 2431 2237 2387
f 2431 2387 2386
f 2387 2237 2238
f 2432 2239 2237
f 2432 2237 2431
f 2433 2399 2239
f 2433 2239 2432
f 2434 2241 2240
f 2434 2240 2243
f 2435 2241 2434
f 2436 2241 2435
f 2436 2242 2241
f 2245 2242 2437
f 2242 2436 2437
f 2438 2439 2243
f 2438 2243 2244
f 2434 2243 2439
f 2440 2438 2244
f 2440 2244 2248
f 2245 2441 2246
f 2245 2437 2441
f 2380 2247 2246
f 2380 2246 2441
f 2440 2248 2425
f 2442 2249 2443
f 2250 2443 2249
f 2321 2249 2442
f 2250 2251 2444
f 2250 2444 2443
f 2252 2258 2259
f 2252 2259 2251
f 2259 2444 2251
f 2254 2253 2445
f 2254 2445 2446
f 2255 2447 2445
f 2255 2445 2253
f 2256 2254 2446
f 2256 2446 2428
f 2255 2257 2448
f 2255 2448 2447
f 2448 2257 2328
f 2448 2328 2449
f 2259 2353 2444
f 2450 2451 2260
f 2452 2453 2450
f 2452 2450 2260
f 2454 2452 2260
f 2454 2260 2266
f 2455 2260 2456
f 2260 2451 2456
f 2261 2260 2455
f 2455 2456 2261
f 2456 2262 2261
f 2262 2457 2458
f 2262 2458 2459
f 2456 2457 2262
f 2263 2262 2459
f 2263 2459 2460
f 2461 2263 2460
f 2461 2460 2462
f 2463 2264 2263
f 2463 2263 2461
f 2464 2265 2264
f 2464 2264 2463
f 2378 2266 2265
f 2378 2265 2464
f 2377 2454 2266
f 2377 2266 2378
f 2465 2466 2267
f 2465 2267 2282
f 2466 2303 2268
f 2466 2268 2267
f 2467 2468 2270
f 2467 2270 2269
f 2469 2467 2269
f 2469 2269 2271
f 2468 2470 2272
f 2468 2272 2270
f 2271 2273 2471
f 2271 2471 2469
f 2470 2472 2274
f 2470 2274 2272
f 2473 2471 2273
f 2473 2273 2275
f 2472 2474 2278
f 2472 2278 2274
f 2275 2276 2475
f 2275 2475 2473
f 2276 2277 2476
f 2276 2476 2475
f 2277 2279 2477
f 2277 2477 2476
f 2278 2474 2478
f 2278 2478 2282
f 2279 2281 2479
f 2279 2479 2477
f 2281 2280 2480
f 2281 2480 2479
f 2292 2481 2480
f 2292 2480 2280
f 2482 2465 2282
f 2482 2282 2478
f 2284 2283 2483
f 2284 2483 2484
f 2283 2290 2483
f 2285 2284 2485
f 2285 2485 2486
f 2284 2484 2485
f 2286 2285 2486
f 2286 2486 2487
f 2287 2286 2488
f 2287 2488 2489
f 2286 2487 2488
f 2288 2287 2489
f 2288 2489 2490
f 2292 2288 2490
f 2292 2490 2491
f 2290 2289 2462
f 2290 2462 2492
f 2289 2461 2462
f 2289 2463 2461
f 2289 2291 2464
f 2289 2464 2463
f 2493 2290 2492
f 2483 2290 2493
f 2291 2294 2378
f 2291 2378 2464
f 2481 2292 2491
f 2481 2491 2494
f 2293 2378 2294
f 2495 2392 2295
f 2495 2295 2300
f 2496 2299 2296
f 2496 2296 2497
f 2497 2296 2297
f 2497 2297 2498
f 2498 2297 2298
f 2498 2298 2499
f 2499 2298 2301
f 2499 2301 2500
f 2501 2300 2299
f 2501 2299 2496
f 2502 2495 2300
f 2502 2300 2501
f 2500 2301 2302
f 2500 2302 2503
f 2503 2302 2310
f 2503 2310 2504
f 2466 2505 2506
f 2466 2506 2303
f 2303 2506 2305
f 2303 2305 2304
f 2506 2507 2306
f 2506 2306 2305
f 2507 2504 2508
f 2507 2508 2306
f 2306 2508 2309
f 2306 2309 2307
f 2508 2311 2308
f 2508 2308 2309
f 2504 2310 2311
f 2504 2311 2508
f 2315 2509 2313
f 2313 2509 2314
f 2314 2509 2320
f 2315 2316 2383
f 2315 2383 2509
f 2316 2327 2384
f 2316 2384 2383
f 2317 2372 2333
f 2317 2319 2371
f 2317 2371 2372
f 2319 2320 2370
f 2319 2370 2371
f 2320 2509 2369
f 2320 2369 2370
f 2322 2321 2510
f 2322 2510 2326
f 2511 2512 2510
f 2511 2510 2321
f 2511 2321 2442
f 2325 2513 2514
f 2325 2514 2323
f 2323 2514 2327
f 2323 2327 2324
f 2326 2515 2513
f 2326 2513 2325
f 2510 2516 2515
f 2510 2515 2326
f 2514 2513 2382
f 2514 2382 2327
f 2449 2328 2329
f 2449 2329 2517
f 2517 2329 2345
f 2517 2345 2518
f 2331 2330 2519
f 2331 2519 2520
f 2330 2334 2521
f 2330 2521 2519
f 2332 2331 2520
f 2332 2520 2522
f 2332 2522 2349
f 2334 2333 2372
f 2334 2372 2365
f 2334 2365 2364
f 2334 2364 2521
f 2335 2336 2412
f 2335 2412 2338
f 2346 2337 2523
f 2346 2523 2524
f 2523 2337 2338
f 2523 2338 2525
f 2338 2412 2411
f 2338 2411 2525
f 2526 2527 2339
f 2526 2339 2346
f 2340 2339 2527
f 2340 2527 2528
f 2529 2343 2340
f 2529 2340 2528
f 2530 2342 2341
f 2341 2531 2532
f 2341 2532 2530
f 2531 2341 2343
f 2531 2343 2533
f 2344 2342 2530
f 2344 2530 2534
f 2535 2533 2343
f 2535 2343 2529
f 2534 2518 2345
f 2534 2345 2344
f 2524 2536 2526
f 2524 2526 2346
f 2347 2348 2349
f 2347 2349 2537
f 2347 2537 2538
f 2350 2347 2538
f 2349 2522 2363
f 2349 2363 2537
f 2538 2537 2357
f 2538 2357 2350
f 2516 2354 2351
f 2516 2351 2355
f 2444 2353 2352
f 2444 2352 2511
f 2511 2352 2354
f 2511 2354 2512
f 2512 2354 2516
f 2512 2516 2510
f 2515 2516 2355
f 2515 2355 2381
f 2537 2363 2356
f 2537 2356 2357
f 2519 2521 2359
f 2519 2359 2362
f 2521 2364 2360
f 2521 2360 2359
f 2522 2520 2361
f 2522 2361 2363
f 2520 2519 2362
f 2520 2362 2361
f 2365 2372 2366
f 2509 2383 2367
f 2509 2367 2369
f 2383 2368 2367
f 2373 2430 2539
f 2373 2539 2374
f 2374 2539 2540
f 2374 2540 2375
f 2375 2540 2541
f 2375 2541 2376
f 2376 2541 2542
f 2376 2542 2424
f 2379 2454 2377
f 2543 2452 2379
f 2544 2543 2379
f 2379 2452 2454
f 2380 2545 2544
f 2380 2544 2379
f 2546 2545 2380
f 2547 2548 2546
f 2547 2546 2380
f 2547 2380 2441
f 2513 2515 2381
f 2513 2381 2382
f 2549 2431 2385
f 2549 2385 2388
f 2385 2431 2386
f 2550 2549 2388
f 2550 2388 2397
f 2393 2551 2394
f 2393 2394 2389
f 2390 2552 2553
f 2390 2553 2391
f 2552 2390 2392
f 2552 2392 2495
f 2393 2391 2553
f 2393 2553 2554
f 2554 2555 2551
f 2554 2551 2393
f 2551 2556 2395
f 2551 2395 2394
f 2556 2557 2396
f 2556 2396 2395
f 2557 2558 2397
f 2557 2397 2396
f 2559 2550 2397
f 2559 2397 2558
f 2560 2405 2398
f 2560 2398 2399
f 2561 2560 2399
f 2561 2399 2433
f 2401 2400 2562
f 2401 2562 2563
f 2400 2405 2564
f 2400 2564 2562
f 2402 2401 2563
f 2403 2402 2563
f 2403 2563 2565
f 2404 2403 2565
f 2406 2404 2565
f 2405 2560 2564
f 2565 2409 2406
f 2413 2407 2408
f 2413 2408 2566
f 2408 2409 2566
f 2567 2566 2409
f 2567 2409 2568
f 2565 2568 2409
f 2411 2410 2416
f 2411 2416 2525
f 2423 2413 2566
f 2423 2566 2567
f 2524 2523 2415
f 2524 2415 2414
f 2414 2569 2536
f 2414 2536 2524
f 2570 2569 2414
f 2570 2414 2417
f 2415 2523 2525
f 2415 2525 2416
f 2417 2418 2571
f 2417 2571 2570
f 2418 2419 2572
f 2418 2572 2571
f 2419 2420 2573
f 2419 2573 2572
f 2420 2421 2574
f 2420 2574 2573
f 2422 2574 2421
f 2575 2574 2422
f 2575 2422 2576
f 2576 2422 2423
f 2576 2423 2577
f 2423 2567 2577
f 2424 2542 2578
f 2424 2578 2426
f 2425 2427 2579
f 2425 2579 2440
f 2426 2578 2580
f 2426 2580 2427
f 2427 2580 2581
f 2427 2581 2579
f 2428 2446 2582
f 2428 2582 2583
f 2429 2428 2583
f 2429 2583 2430
f 2430 2583 2584
f 2430 2584 2539
f 2585 2432 2431
f 2585 2431 2549
f 2433 2432 2585
f 2433 2585 2586
f 2587 2561 2433
f 2587 2433 2586
f 2434 2588 2589
f 2434 2589 2435
f 2439 2590 2588
f 2439 2588 2434
f 2435 2589 2591
f 2435 2591 2436
f 2436 2591 2592
f 2436 2592 2437
f 2437 2592 2593
f 2437 2593 2441
f 2438 2594 2590
f 2438 2590 2439
f 2440 2579 2594
f 2440 2594 2438
f 2441 2593 2548
f 2441 2548 2547
f 2443 2444 2511
f 2443 2511 2442
f 2446 2445 2595
f 2446 2595 2582
f 2447 2595 2445
f 2447 2448 2596
f 2447 2596 2597
f 2447 2597 2595
f 2596 2448 2449
f 2596 2449 2598
f 2599 2449 2517
f 2599 2517 2600
f 2599 2601 2598
f 2599 2598 2449
f 2602 2603 2450
f 2453 2604 2602
f 2453 2602 2450
f 2450 2603 2451
f 2451 2603 2605
f 2451 2605 2456
f 2543 2606 2453
f 2543 2453 2452
f 2606 2607 2604
f 2606 2604 2453
f 2456 2605 2608
f 2456 2608 2457
f 2457 2608 2609
f 2457 2609 2458
f 2458 2609 2610
f 2458 2610 2611
f 2459 2458 2611
f 2459 2611 2612
f 2460 2459 2612
f 2460 2612 2613
f 2462 2460 2613
f 2462 2613 2492
f 2482 2614 2615
f 2482 2615 2465
f 2465 2615 2505
f 2465 2505 2466
f 2616 2617 2468
f 2616 2468 2467
f 2618 2616 2467
f 2618 2467 2469
f 2617 2619 2470
f 2617 2470 2468
f 2469 2471 2620
f 2469 2620 2618
f 2619 2621 2472
f 2619 2472 2470
f 2622 2620 2471
f 2622 2471 2473
f 2621 2623 2474
f 2621 2474 2472
f 2473 2475 2624
f 2473 2624 2622
f 2474 2623 2625
f 2474 2625 2478
f 2475 2476 2626
f 2475 2626 2624
f 2476 2477 2627
f 2476 2627 2626
f 2477 2479 2628
f 2477 2628 2627
f 2629 2482 2478
f 2629 2478 2625
f 2479 2480 2630
f 2479 2630 2628
f 2481 2631 2630
f 2481 2630 2480
f 2631 2481 2494
f 2631 2494 2632
f 2629 2633 2614
f 2629 2614 2482
f 2483 2634 2635
f 2483 2635 2484
f 2493 2636 2634
f 2493 2634 2483
f 2484 2635 2637
f 2484 2637 2485
f 2485 2637 2638
f 2485 2638 2486
f 2486 2638 2639
f 2486 2639 2487
f 2487 2639 2640
f 2487 2640 2488
f 2488 2640 2641
f 2488 2641 2489
f 2489 2641 2642
f 2489 2642 2490
f 2490 2642 2643
f 2490 2643 2491
f 2491 2643 2644
f 2491 2644 2494
f 2492 2613 2636
f 2492 2636 2493
f 2494 2644 2645
f 2494 2645 2632
f 2646 2552 2495
f 2646 2495 2502
f 2647 2501 2496
f 2647 2496 2648
f 2648 2496 2497
f 2648 2497 2649
f 2649 2497 2498
f 2649 2498 2650
f 2650 2498 2499
f 2650 2499 2651
f 2651 2499 2500
f 2651 2500 2652
f 2652 2500 2503
f 2652 2503 2653
f 2654 2502 2501
f 2654 2501 2647
f 2655 2646 2502
f 2655 2502 2654
f 2653 2503 2504
f 2653 2504 2507
f 2615 2652 2653
f 2615 2653 2505
f 2505 2653 2507
f 2505 2507 2506
f 2600 2517 2518
f 2600 2518 2656
f 2518 2534 2657
f 2518 2657 2658
f 2656 2518 2658
f 2536 2659 2660
f 2536 2660 2526
f 2660 2661 2526
f 2661 2528 2527
f 2661 2527 2526
f 2529 2528 2661
f 2529 2661 2656
f 2535 2529 2656
f 2535 2656 2662
f 2534 2530 2532
f 2534 2532 2657
f 2531 2663 2532
f 2531 2533 2664
f 2531 2664 2665
f 2663 2531 2665
f 2663 2665 2666
f 2532 2663 2667
f 2532 2667 2657
f 2668 2664 2533
f 2668 2533 2535
f 2535 2662 2668
f 2669 2659 2536
f 2669 2536 2569
f 2539 2584 2670
f 2539 2670 2540
f 2540 2670 2671
f 2540 2671 2541
f 2541 2671 2672
f 2541 2672 2542
f 2542 2672 2673
f 2542 2673 2578
f 2674 2675 2606
f 2674 2606 2543
f 2545 2543 2544
f 2546 2674 2543
f 2546 2543 2545
f 2546 2548 2676
f 2546 2676 2674
f 2548 2593 2677
f 2548 2677 2676
f 2678 2585 2549
f 2678 2549 2550
f 2679 2678 2550
f 2679 2550 2559
f 2555 2680 2556
f 2555 2556 2551
f 2552 2646 2681
f 2552 2681 2553
f 2554 2553 2681
f 2554 2681 2682
f 2682 2683 2555
f 2682 2555 2554
f 2683 2684 2680
f 2683 2680 2555
f 2680 2685 2557
f 2680 2557 2556
f 2685 2686 2558
f 2685 2558 2557
f 2686 2559 2558
f 2687 2559 2686
f 2687 2686 2688
f 2687 2679 2559
f 2560 2561 2689
f 2560 2689 2564
f 2561 2587 2690
f 2561 2690 2689
f 2564 2691 2562
f 2562 2691 2563
f 2563 2691 2565
f 2689 2691 2564
f 2565 2692 2693
f 2565 2693 2568
f 2565 2691 2692
f 2694 2567 2693
f 2694 2693 2695
f 2567 2568 2693
f 2696 2577 2567
f 2696 2567 2694
f 2697 2698 2669
f 2697 2669 2569
f 2697 2569 2570
f 2570 2571 2699
f 2570 2699 2697
f 2571 2572 2700
f 2571 2700 2699
f 2572 2573 2701
f 2572 2701 2700
f 2573 2574 2575
f 2573 2575 2701
f 2701 2575 2702
f 2701 2702 2703
f 2576 2704 2702
f 2576 2702 2575
f 2704 2576 2577
f 2704 2577 2696
f 2578 2673 2705
f 2578 2705 2580
f 2579 2581 2706
f 2579 2706 2594
f 2580 2705 2707
f 2580 2707 2581
f 2581 2707 2708
f 2581 2708 2706
f 2582 2595 2597
f 2582 2597 2709
f 2583 2582 2709
f 2583 2709 2584
f 2584 2709 2710
f 2584 2710 2670
f 2711 2586 2585
f 2711 2585 2678
f 2712 2587 2586
f 2712 2586 2711
f 2587 2712 2713
f 2587 2713 2690
f 2588 2714 2715
f 2588 2715 2589
f 2590 2716 2714
f 2590 2714 2588
f 2589 2715 2717
f 2589 2717 2591
f 2594 2706 2716
f 2594 2716 2590
f 2591 2717 2718
f 2591 2718 2592
f 2592 2718 2719
f 2592 2719 2593
f 2677 2593 2720
f 2719 2720 2593
f 2596 2598 2721
f 2596 2721 2597
f 2709 2597 2721
f 2709 2721 2710
f 2598 2601 2722
f 2598 2722 2721
f 2723 2599 2600
f 2723 2600 2660
f 2601 2599 2723
f 2601 2723 2724
f 2600 2661 2660
f 2656 2661 2600
f 2601 2725 2722
f 2724 2725 2601
f 2603 2602 2726
f 2603 2726 2727
f 2728 2602 2604
f 2728 2604 2729
f 2728 2726 2602
f 2603 2727 2605
f 2730 2731 2604
f 2607 2732 2730
f 2607 2730 2604
f 2604 2731 2729
f 2605 2727 2733
f 2605 2733 2608
f 2675 2734 2607
f 2675 2607 2606
f 2734 2735 2732
f 2734 2732 2607
f 2736 2608 2733
f 2737 2609 2608
f 2737 2608 2736
f 2609 2737 2738
f 2609 2738 2610
f 2611 2610 2739
f 2611 2739 2740
f 2610 2738 2741
f 2610 2741 2739
f 2612 2611 2740
f 2612 2740 2742
f 2613 2612 2742
f 2613 2742 2636
f 2633 2650 2651
f 2633 2651 2614
f 2614 2651 2652
f 2614 2652 2615
f 2743 2744 2617
f 2743 2617 2616
f 2745 2743 2616
f 2745 2616 2618
f 2744 2746 2619
f 2744 2619 2617
f 2618 2620 2747
f 2618 2747 2745
f 2746 2748 2621
f 2746 2621 2619
f 2749 2747 2620
f 2749 2620 2622
f 2748 2750 2623
f 2748 2623 2621
f 2622 2624 2751
f 2622 2751 2749
f 2623 2750 2625
f 2624 2626 2752
f 2624 2752 2751
f 2753 2754 2625
f 2753 2625 2755
f 2754 2629 2625
f 2756 2755 2625
f 2756 2625 2750
f 2626 2627 2757
f 2626 2757 2752
f 2627 2628 2758
f 2627 2758 2757
f 2628 2630 2759
f 2628 2759 2758
f 2754 2760 2633
f 2754 2633 2629
f 2631 2759 2630
f 2761 2631 2762
f 2761 2762 2763
f 2631 2632 2762
f 2759 2631 2761
f 2759 2761 2764
f 2632 2645 2765
f 2632 2765 2762
f 2760 2649 2650
f 2760 2650 2633
f 2634 2766 2767
f 2634 2767 2635
f 2636 2742 2766
f 2636 2766 2634
f 2635 2767 2768
f 2635 2768 2637
f 2637 2768 2769
f 2637 2769 2638
f 2638 2769 2770
f 2638 2770 2639
f 2639 2770 2771
f 2639 2771 2640
f 2640 2771 2772
f 2640 2772 2641
f 2641 2772 2773
f 2641 2773 2642
f 2642 2773 2774
f 2642 2774 2643
f 2643 2774 2775
f 2643 2775 2644
f 2644 2775 2776
f 2644 2776 2645
f 2645 2776 2777
f 2645 2777 2765
f 2646 2655 2778
f 2646 2778 2681
f 2779 2654 2647
f 2779 2647 2780
f 2780 2647 2648
f 2780 2648 2781
f 2781 2648 2649
f 2781 2649 2760
f 2782 2655 2654
f 2782 2654 2779
f 2655 2782 2783
f 2655 2783 2778
f 2658 2662 2656
f 2784 2658 2657
f 2784 2657 2667
f 2658 2784 2668
f 2658 2668 2662
f 2724 2723 2659
f 2724 2659 2785
f 2723 2660 2659
f 2786 2785 2659
f 2786 2659 2698
f 2659 2669 2698
f 2663 2666 2787
f 2663 2787 2667
f 2665 2664 2668
f 2668 2784 2788
f 2668 2788 2665
f 2789 2665 2788
f 2789 2788 2790
f 2666 2665 2789
f 2666 2789 2791
f 2666 2791 2792
f 2666 2792 2787
f 2667 2787 2788
f 2667 2788 2784
f 2670 2710 2793
f 2670 2793 2671
f 2671 2793 2794
f 2671 2794 2672
f 2672 2794 2795
f 2672 2795 2673
f 2673 2795 2796
f 2673 2796 2705
f 2676 2797 2675
f 2676 2675 2674
f 2797 2798 2734
f 2797 2734 2675
f 2677 2799 2797
f 2677 2797 2676
f 2720 2800 2799
f 2720 2799 2677
f 2801 2711 2678
f 2801 2678 2679
f 2802 2679 2687
f 2802 2687 2803
f 2804 2801 2679
f 2804 2679 2802
f 2684 2805 2685
f 2684 2685 2680
f 2682 2681 2778
f 2682 2778 2806
f 2806 2807 2683
f 2806 2683 2682
f 2807 2808 2684
f 2807 2684 2683
f 2808 2809 2805
f 2808 2805 2684
f 2805 2688 2686
f 2805 2686 2685
f 2803 2687 2688
f 2803 2688 2810
f 2809 2810 2688
f 2809 2688 2805
f 2690 2691 2689
f 2713 2691 2690
f 2811 2691 2812
f 2812 2691 2713
f 2813 2691 2811
f 2814 2691 2813
f 2815 2691 2814
f 2816 2691 2815
f 2817 2691 2816
f 2818 2691 2817
f 2692 2691 2818
f 2692 2695 2693
f 2692 2818 2819
f 2692 2819 2695
f 2820 2694 2695
f 2820 2695 2819
f 2821 2696 2694
f 2821 2694 2820
f 2822 2823 2696
f 2822 2696 2821
f 2704 2696 2823
f 2824 2786 2698
f 2824 2698 2697
f 2697 2699 2825
f 2697 2825 2824
f 2699 2700 2826
f 2699 2826 2825
f 2700 2701 2703
f 2700 2703 2826
f 2703 2702 2827
f 2703 2827 2828
f 2704 2827 2702
f 2826 2703 2828
f 2826 2828 2829
f 2830 2827 2704
f 2830 2704 2823
f 2705 2796 2831
f 2705 2831 2707
f 2706 2708 2832
f 2706 2832 2716
f 2707 2831 2833
f 2707 2833 2708
f 2708 2833 2834
f 2708 2834 2832
f 2710 2721 2722
f 2710 2722 2793
f 2835 2712 2711
f 2835 2711 2801
f 2712 2835 2812
f 2712 2812 2713
f 2714 2836 2837
f 2714 2837 2715
f 2716 2832 2836
f 2716 2836 2714
f 2715 2837 2838
f 2715 2838 2717
f 2717 2838 2839
f 2717 2839 2718
f 2718 2839 2840
f 2718 2840 2719
f 2719 2840 2800
f 2719 2800 2720
f 2793 2722 2725
f 2793 2725 2794
f 2724 2785 2841
f 2724 2842 2725
f 2724 2841 2843
f 2724 2843 2842
f 2794 2725 2842
f 2794 2842 2795
f 2728 2844 2726
f 2726 2844 2727
f 2727 2844 2733
f 2729 2845 2844
f 2729 2844 2728
f 2846 2845 2729
f 2846 2729 2731
f 2847 2848 2730
f 2847 2730 2732
f 2848 2849 2846
f 2848 2846 2731
f 2848 2731 2730
f 2847 2732 2735
f 2847 2735 2789
f 2847 2789 2850
f 2736 2733 2844
f 2736 2844 2851
f 2798 2852 2735
f 2798 2735 2734
f 2791 2789 2735
f 2791 2735 2852
f 2737 2736 2851
f 2737 2851 2853
f 2738 2737 2853
f 2738 2853 2854
f 2741 2738 2854
f 2741 2854 2855
f 2740 2739 2856
f 2740 2856 2857
f 2856 2739 2741
f 2856 2741 2858
f 2742 2740 2857
f 2742 2857 2766
f 2858 2741 2859
f 2858 2859 2860
f 2741 2855 2859
f 2861 2862 2744
f 2861 2744 2743
f 2863 2861 2743
f 2863 2743 2745
f 2862 2864 2746
f 2862 2746 2744
f 2745 2747 2865
f 2745 2865 2863
f 2864 2866 2748
f 2864 2748 2746
f 2867 2865 2747
f 2867 2747 2749
f 2866 2756 2750
f 2866 2750 2748
f 2749 2751 2868
f 2749 2868 2867
f 2751 2752 2869
f 2751 2869 2868
f 2752 2757 2870
f 2752 2870 2869
f 2871 2780 2781
f 2871 2781 2753
f 2753 2781 2760
f 2753 2760 2754
f 2871 2753 2755
f 2871 2755 2872
f 2873 2872 2755
f 2873 2755 2874
f 2874 2755 2756
f 2875 2874 2756
f 2875 2756 2866
f 2757 2758 2876
f 2757 2876 2870
f 2758 2759 2764
f 2758 2764 2876
f 2877 2761 2878
f 2877 2878 2879
f 2764 2761 2877
f 2878 2761 2763
f 2878 2763 2880
f 2762 2765 2881
f 2762 2881 2763
f 2763 2881 2882
f 2763 2882 2880
f 2876 2764 2877
f 2876 2877 2883
f 2765 2777 2884
f 2765 2884 2881
f 2766 2857 2885
f 2766 2885 2767
f 2767 2885 2886
f 2767 2886 2768
f 2768 2886 2887
f 2768 2887 2769
f 2769 2887 2888
f 2769 2888 2770
f 2770 2888 2889
f 2770 2889 2771
f 2771 2889 2890
f 2771 2890 2772
f 2772 2890 2891
f 2772 2891 2773
f 2773 2891 2892
f 2773 2892 2774
f 2774 2892 2893
f 2774 2893 2775
f 2775 2893 2894
f 2775 2894 2776
f 2776 2894 2895
f 2776 2895 2777
f 2777 2895 2896
f 2777 2896 2884
f 2806 2778 2783
f 2806 2783 2897
f 2898 2782 2779
f 2898 2779 2899
f 2899 2779 2780
f 2899 2780 2871
f 2782 2898 2900
f 2782 2900 2783
f 2897 2783 2900
f 2897 2900 2901
f 2786 2902 2841
f 2786 2841 2785
f 2903 2902 2786
f 2903 2786 2824
f 2787 2792 2904
f 2787 2904 2788
f 2790 2788 2904
f 2905 2850 2789
f 2905 2789 2790
f 2790 2904 2906
f 2790 2906 2907
f 2790 2907 2908
f 2790 2908 2909
f 2790 2909 2905
f 2852 2906 2792
f 2852 2792 2791
f 2792 2906 2904
f 2795 2842 2843
f 2795 2843 2796
f 2796 2843 2910
f 2796 2910 2831
f 2799 2911 2798
f 2799 2798 2797
f 2911 2906 2852
f 2911 2852 2798
f 2800 2912 2911
f 2800 2911 2799
f 2840 2913 2912
f 2840 2912 2800
f 2914 2835 2801
f 2914 2801 2804
f 2915 2802 2803
f 2915 2803 2916
f 2917 2804 2802
f 2917 2802 2915
f 2916 2803 2810
f 2916 2810 2918
f 2917 2914 2804
f 2897 2919 2807
f 2897 2807 2806
f 2919 2920 2808
f 2919 2808 2807
f 2920 2921 2809
f 2920 2809 2808
f 2921 2918 2810
f 2921 2810 2809
f 2922 2923 2811
f 2922 2811 2812
f 2813 2811 2923
f 2813 2923 2924
f 2835 2914 2812
f 2914 2922 2812
f 2814 2813 2925
f 2814 2925 2926
f 2813 2927 2925
f 2813 2924 2927
f 2815 2814 2926
f 2815 2926 2928
f 2816 2815 2928
f 2816 2928 2929
f 2817 2816 2929
f 2817 2929 2930
f 2818 2817 2931
f 2818 2931 2819
f 2817 2930 2931
f 2932 2933 2819
f 2932 2819 2931
f 2820 2819 2933
f 2934 2821 2820
f 2934 2820 2933
f 2935 2936 2821
f 2935 2821 2934
f 2822 2821 2936
f 2937 2938 2822
f 2937 2822 2936
f 2938 2830 2823
f 2938 2823 2822
f 2824 2825 2939
f 2824 2939 2903
f 2825 2826 2829
f 2825 2829 2939
f 2828 2827 2830
f 2828 2830 2940
f 2829 2828 2940
f 2829 2940 2941
f 2939 2829 2941
f 2939 2941 2942
f 2940 2830 2938
f 2940 2938 2943
f 2831 2910 2944
f 2831 2944 2833
f 2832 2834 2945
f 2832 2945 2836
f 2833 2944 2946
f 2833 2946 2834
f 2834 2946 2947
f 2834 2947 2945
f 2836 2945 2948
f 2836 2948 2837
f 2837 2948 2949
f 2837 2949 2838
f 2838 2949 2950
f 2838 2950 2839
f 2839 2950 2913
f 2839 2913 2840
f 2951 2952 2841
f 2951 2841 2902
f 2841 2910 2843
f 2841 2952 2944
f 2841 2944 2910
f 2844 2845 2953
f 2851 2844 2953
f 2845 2846 2953
f 2954 2955 2846
f 2954 2846 2849
f 2955 2953 2846
f 2847 2850 2905
f 2847 2905 2909
f 2956 2847 2909
f 2956 2848 2847
f 2956 2957 2848
f 2848 2957 2954
f 2848 2954 2849
f 2851 2953 2955
f 2955 2958 2853
f 2955 2853 2851
f 2959 2853 2958
f 2960 2853 2959
f 2853 2960 2961
f 2853 2961 2854
f 2854 2961 2962
f 2854 2962 2855
f 2962 2963 2859
f 2962 2859 2855
f 2856 2964 2857
f 2965 2964 2856
f 2965 2856 2858
f 2966 2857 2964
f 2886 2885 2857
f 2886 2857 2966
f 2965 2858 2967
f 2965 2967 2968
f 2858 2860 2967
f 2963 2969 2860
f 2963 2860 2859
f 2860 2969 2970
f 2860 2970 2967
f 2971 2972 2862
f 2971 2862 2861
f 2973 2971 2861
f 2973 2861 2863
f 2972 2974 2864
f 2972 2864 2862
f 2863 2865 2975
f 2863 2975 2973
f 2974 2875 2866
f 2974 2866 2864
f 2976 2975 2865
f 2976 2865 2867
f 2867 2868 2977
f 2867 2977 2976
f 2868 2869 2978
f 2868 2978 2977
f 2869 2870 2979
f 2869 2979 2978
f 2870 2876 2883
f 2870 2883 2979
f 2899 2871 2872
f 2899 2872 2980
f 2981 2980 2872
f 2981 2872 2873
f 2982 2981 2873
f 2982 2873 2983
f 2983 2873 2874
f 2983 2874 2875
f 2984 2983 2875
f 2984 2875 2974
f 2883 2877 2879
f 2883 2879 2985
f 2879 2878 2986
f 2879 2986 2987
f 2986 2878 2880
f 2986 2880 2988
f 2985 2879 2987
f 2985 2987 2989
f 2880 2882 2990
f 2880 2990 2988
f 2881 2884 2991
f 2881 2991 2882
f 2882 2991 2992
f 2882 2992 2990
f 2979 2883 2985
f 2979 2985 2993
f 2884 2896 2994
f 2884 2994 2991
f 2886 2966 2995
f 2886 2995 2887
f 2887 2995 2996
f 2887 2996 2888
f 2888 2996 2997
f 2888 2997 2889
f 2889 2997 2998
f 2889 2998 2890
f 2890 2998 2999
f 2890 2999 2891
f 2891 2999 3000
f 2891 3000 2892
f 2892 3000 3001
f 2892 3001 2893
f 2893 3001 3002
f 2893 3002 2894
f 2894 3002 3003
f 2894 3003 2895
f 2895 3003 3004
f 2895 3004 2896
f 2896 3004 3005
f 2896 3005 2994
f 2901 3006 2919
f 2901 2919 2897
f 3007 2900 2898
f 3007 2898 3008
f 2898 2899 2980
f 2898 2980 3008
f 2901 2900 3007
f 2901 3007 3009
f 3009 3010 3006
f 3009 3006 2901
f 3011 2951 2902
f 3011 2902 2903
f 2903 2939 2942
f 2903 2942 3011
f 2912 2907 2906
f 2912 2906 2911
f 2908 2907 2913
f 2913 2907 2912
f 2950 3012 2908
f 2950 2908 2913
f 3013 3014 2908
f 3013 2908 3012
f 3014 2909 2908
f 2956 2909 3014
f 2922 2914 2917
f 2922 2917 3015
f 3016 2915 2916
f 3016 2916 3017
f 3015 2917 2915
f 3015 2915 3016
f 3017 2916 3018
f 3017 3018 3019
f 3018 2916 2918
f 3020 3018 2918
f 3020 2918 2921
f 3006 3021 2920
f 3006 2920 2919
f 3021 3020 2921
f 3021 2921 2920
f 2923 2922 3022
f 2923 3022 3023
f 3022 2922 3015
f 3023 3024 2924
f 3023 2924 2923
f 3025 2924 3024
f 3025 3026 2927
f 3025 2927 2924
f 3027 3028 2925
f 3027 2925 2927
f 3028 3029 2926
f 3028 2926 2925
f 3029 3030 2928
f 3029 2928 2926
f 3027 2927 3026
f 3030 3031 2929
f 3030 2929 2928
f 3031 3032 2930
f 3031 2930 2929
f 3032 2932 2931
f 3032 2931 2930
f 3033 3034 2932
f 3033 2932 3032
f 3034 3035 2933
f 3034 2933 2932
f 2934 2933 3035
f 3036 2935 2934
f 3036 2934 3035
f 3037 3038 2935
f 3037 2935 3036
f 3038 2937 2936
f 3038 2936 2935
f 3039 2937 3038
f 3039 3038 3040
f 2943 2938 2937
f 2943 2937 3039
f 2941 2940 2943
f 2941 2943 3041
f 2942 2941 3041
f 2942 3041 3042
f 3011 2942 3042
f 3011 3042 3043
f 3041 2943 3039
f 3041 3039 3044
f 2944 2952 3045
f 2944 3045 2946
f 2945 2947 3046
f 2945 3046 2948
f 3045 3047 2947
f 3045 2947 2946
f 3047 3048 3046
f 3047 3046 2947
f 2948 3046 3049
f 2948 3049 2949
f 2949 3049 3012
f 2949 3012 2950
f 2951 3050 3045
f 2951 3045 2952
f 3043 3050 2951
f 3043 2951 3011
f 3051 2955 2954
f 3051 2954 3052
f 3052 2954 2957
f 3052 2957 3053
f 3054 2958 2955
f 3054 2955 3051
f 2956 3055 2957
f 2956 3056 3055
f 2956 3013 3056
f 2956 3014 3013
f 3053 2957 3055
f 3053 3055 3057
f 2959 2958 3058
f 3059 3060 2958
f 3059 2958 3054
f 3058 2958 3060
f 3061 2959 3058
f 2960 2959 3061
f 3062 2960 3061
f 2961 2960 3063
f 2961 3063 3064
f 2960 3062 3065
f 2960 3065 3063
f 2962 2961 3064
f 2962 3064 3066
f 2963 2962 3066
f 2963 3066 3067
f 2963 3067 2969
f 2964 2965 3068
f 2964 3068 2966
f 2965 2968 3068
f 2966 3068 2995
f 2970 2968 2967
f 2968 3069 3068
f 2968 2970 3070
f 2968 3070 3069
f 2970 2969 3067
f 2970 3067 3070
f 3071 3072 2972
f 3071 2972 2971
f 3073 3071 2971
f 3073 2971 2973
f 3072 2984 2974
f 3072 2974 2972
f 2973 2975 3074
f 2973 3074 3073
f 3073 3074 2975
f 3073 2975 2976
f 2976 2977 3075
f 2976 3075 3073
f 2977 2978 3076
f 2977 3076 3075
f 2978 2979 2993
f 2978 2993 3076
f 3077 3008 2980
f 3077 2980 2981
f 3078 3077 2981
f 3078 2981 2982
f 3079 3078 2982
f 3079 2982 3080
f 3080 2982 2983
f 3080 2983 2984
f 3081 3080 2984
f 3081 2984 3072
f 2993 2985 2989
f 2993 2989 3082
f 2987 2986 3083
f 2987 3083 3084
f 3083 2986 2988
f 3083 2988 3085
f 2989 2987 3084
f 2989 3084 3086
f 2988 2990 3087
f 2988 3087 3085
f 3082 2989 3086
f 3082 3086 3088
f 2990 2992 3089
f 2990 3089 3087
f 2991 2994 3090
f 2991 3090 2992
f 2992 3090 3091
f 2992 3091 3089
f 3076 2993 3082
f 3076 3082 3092
f 2994 3005 3093
f 2994 3093 3090
f 2995 3068 3069
f 2995 3069 2996
f 2996 3069 2997
f 2997 3069 3070
f 2997 3070 2998
f 2998 3070 2999
f 2999 3070 3067
f 2999 3067 3000
f 3000 3067 3066
f 3000 3066 3001
f 3001 3066 3064
f 3001 3064 3002
f 3002 3064 3063
f 3002 3063 3003
f 3003 3063 3065
f 3003 3065 3004
f 3004 3065 3094
f 3004 3094 3005
f 3005 3094 3095
f 3005 3095 3093
f 3010 3096 3021
f 3010 3021 3006
f 3097 3007 3008
f 3097 3008 3077
f 3009 3007 3097
f 3009 3097 3098
f 3098 3099 3010
f 3098 3010 3009
f 3099 3100 3096
f 3099 3096 3010
f 3013 3012 3049
f 3101 3056 3013
f 3101 3013 3048
f 3048 3013 3049
f 3048 3049 3046
f 3022 3015 3016
f 3022 3016 3102
f 3102 3016 3103
f 3102 3103 3104
f 3103 3016 3017
f 3103 3017 3019
f 3103 3019 3105
f 3106 3019 3018
f 3106 3018 3020
f 3107 3105 3019
f 3107 3019 3106
f 3096 3106 3020
f 3096 3020 3021
f 3023 3022 3102
f 3023 3102 3108
f 3108 3109 3024
f 3108 3024 3023
f 3109 3110 3025
f 3109 3025 3024
f 3110 3111 3026
f 3110 3026 3025
f 3111 3112 3027
f 3111 3027 3026
f 3112 3113 3028
f 3112 3028 3027
f 3113 3114 3029
f 3113 3029 3028
f 3114 3115 3030
f 3114 3030 3029
f 3030 3115 3116
f 3030 3116 3031
f 3116 3033 3032
f 3116 3032 3031
f 3117 3118 3033
f 3117 3033 3116
f 3118 3119 3034
f 3118 3034 3033
f 3119 3036 3035
f 3119 3035 3034
f 3120 3037 3036
f 3120 3036 3119
f 3121 3037 3120
f 3121 3120 3122
f 3040 3038 3037
f 3040 3037 3121
f 3044 3039 3040
f 3044 3040 3123
f 3123 3040 3121
f 3123 3121 3124
f 3042 3041 3044
f 3042 3044 3125
f 3043 3042 3125
f 3043 3125 3126
f 3126 3127 3050
f 3126 3050 3043
f 3125 3044 3123
f 3125 3123 3128
f 3050 3127 3047
f 3050 3047 3045
f 3127 3101 3048
f 3127 3048 3047
f 3051 3129 3130
f 3051 3130 3054
f 3052 3131 3129
f 3052 3129 3051
f 3053 3132 3131
f 3053 3131 3052
f 3057 3133 3132
f 3057 3132 3053
f 3054 3130 3134
f 3054 3134 3059
f 3057 3055 3056
f 3057 3056 3135
f 3135 3056 3101
f 3135 3101 3136
f 3135 3137 3133
f 3135 3133 3057
f 3138 3139 3058
f 3138 3058 3140
f 3141 3058 3139
f 3141 3062 3058
f 3062 3061 3058
f 3060 3140 3058
f 3142 3140 3060
f 3142 3060 3059
f 3059 3134 3143
f 3059 3143 3142
f 3062 3141 3094
f 3062 3094 3065
f 3144 3081 3072
f 3144 3072 3071
f 3145 3144 3071
f 3145 3071 3073
f 3073 3075 3146
f 3073 3146 3145
f 3075 3076 3092
f 3075 3092 3146
f 3147 3097 3077
f 3147 3077 3078
f 3148 3147 3078
f 3148 3078 3079
f 3149 3148 3079
f 3149 3079 3150
f 3150 3079 3080
f 3150 3080 3081
f 3151 3150 3081
f 3151 3081 3144
f 3092 3082 3088
f 3092 3088 3152
f 3084 3083 3153
f 3084 3153 3154
f 3083 3085 3155
f 3083 3155 3153
f 3086 3084 3154
f 3086 3154 3156
f 3157 3155 3085
f 3157 3085 3087
f 3088 3086 3156
f 3088 3156 3158
f 3159 3157 3087
f 3159 3087 3089
f 3152 3088 3158
f 3152 3158 3160
f 3161 3159 3089
f 3161 3089 3091
f 3090 3093 3162
f 3090 3162 3091
f 3163 3161 3091
f 3163 3091 3162
f 3146 3092 3152
f 3146 3152 3164
f 3093 3095 3165
f 3093 3165 3162
f 3141 3095 3094
f 3141 3139 3165
f 3141 3165 3095
f 3100 3107 3106
f 3100 3106 3096
f 3098 3097 3147
f 3098 3147 3166
f 3166 3167 3099
f 3166 3099 3098
f 3167 3168 3100
f 3167 3100 3099
f 3168 3169 3107
f 3168 3107 3100
f 3136 3101 3127
f 3136 3127 3126
f 3108 3102 3170
f 3108 3170 3171
f 3170 3102 3172
f 3172 3102 3104
f 3104 3103 3105
f 3104 3105 3173
f 3172 3104 3174
f 3172 3174 3175
f 3174 3104 3173
f 3169 3173 3105
f 3169 3105 3107
f 3176 3108 3171
f 3177 3108 3176
f 3177 3178 3109
f 3177 3109 3108
f 3179 3109 3178
f 3180 3109 3179
f 3180 3181 3110
f 3180 3110 3109
f 3182 3110 3181
f 3182 3183 3111
f 3182 3111 3110
f 3183 3184 3112
f 3183 3112 3111
f 3184 3185 3113
f 3184 3113 3112
f 3186 3113 3185
f 3186 3187 3114
f 3186 3114 3113
f 3187 3188 3115
f 3187 3115 3114
f 3188 3117 3116
f 3188 3116 3115
f 3189 3190 3117
f 3189 3117 3188
f 3191 3117 3190
f 3191 3192 3118
f 3191 3118 3117
f 3193 3118 3192
f 3193 3194 3119
f 3193 3119 3118
f 3120 3119 3194
f 3122 3120 3194
f 3122 3194 3195
f 3124 3121 3122
f 3124 3122 3196
f 3196 3122 3195
f 3196 3195 3197
f 3128 3123 3124
f 3128 3124 3137
f 3137 3124 3196
f 3137 3196 3133
f 3126 3125 3128
f 3126 3128 3136
f 3136 3128 3137
f 3136 3137 3135
f 3129 3198 3199
f 3129 3199 3130
f 3131 3200 3198
f 3131 3198 3129
f 3130 3199 3201
f 3130 3201 3134
f 3132 3197 3200
f 3132 3200 3131
f 3133 3196 3197
f 3133 3197 3132
f 3134 3201 3202
f 3134 3202 3143
f 3203 3165 3139
f 3203 3139 3138
f 3204 3203 3138
f 3204 3138 3205
f 3205 3138 3140
f 3205 3140 3142
f 3142 3143 3206
f 3142 3206 3205
f 3143 3202 3207
f 3143 3207 3206
f 3208 3151 3144
f 3208 3144 3145
f 3145 3146 3164
f 3145 3164 3208
f 3166 3147 3148
f 3166 3148 3209
f 3209 3148 3149
f 3209 3149 3210
f 3149 3150 3151
f 3149 3151 3211
f 3210 3149 3211
f 3210 3211 3212
f 3211 3151 3208
f 3211 3208 3213
f 3214 3164 3152
f 3214 3152 3160
f 3215 3154 3153
f 3215 3153 3216
f 3216 3153 3155
f 3216 3155 3217
f 3218 3156 3154
f 3218 3154 3215
f 3217 3155 3157
f 3217 3157 3219
f 3220 3158 3156
f 3220 3156 3218
f 3219 3157 3159
f 3219 3159 3221
f 3222 3160 3158
f 3222 3158 3220
f 3221 3159 3161
f 3221 3161 3223
f 3224 3214 3160
f 3224 3160 3222
f 3223 3161 3163
f 3223 3163 3225
f 3203 3163 3162
f 3203 3162 3165
f 3225 3163 3203
f 3225 3203 3204
f 3213 3208 3164
f 3213 3164 3214
f 3209 3226 3167
f 3209 3167 3166
f 3226 3227 3168
f 3226 3168 3167
f 3227 3228 3169
f 3227 3169 3168
f 3228 3174 3173
f 3228 3173 3169
f 3171 3170 3229
f 3171 3229 3230
f 3170 3172 3175
f 3170 3175 3229
f 3176 3171 3230
f 3176 3230 3231
f 3232 3175 3174
f 3232 3174 3228
f 3233 3229 3175
f 3233 3175 3232
f 3231 3234 3177
f 3231 3177 3176
f 3234 3235 3178
f 3234 3178 3177
f 3235 3236 3179
f 3235 3179 3178
f 3236 3237 3180
f 3236 3180 3179
f 3238 3180 3237
f 3238 3239 3181
f 3238 3181 3180
f 3239 3240 3182
f 3239 3182 3181
f 3240 3241 3183
f 3240 3183 3182
f 3242 3183 3241
f 3242 3243 3184
f 3242 3184 3183
f 3243 3244 3185
f 3243 3185 3184
f 3244 3245 3186
f 3244 3186 3185
f 3246 3186 3245
f 3246 3247 3187
f 3246 3187 3186
f 3247 3189 3188
f 3247 3188 3187
f 3248 3189 3247
f 3248 3247 3249
f 3250 3190 3189
f 3250 3189 3248
f 3251 3191 3190
f 3251 3190 3250
f 3252 3192 3191
f 3252 3191 3251
f 3253 3193 3192
f 3253 3192 3252
f 3195 3194 3193
f 3195 3193 3253
f 3197 3195 3253
f 3197 3253 3200
f 3198 3252 3251
f 3198 3251 3199
f 3200 3253 3252
f 3200 3252 3198
f 3199 3251 3250
f 3199 3250 3201
f 3201 3250 3248
f 3201 3248 3202
f 3202 3248 3249
f 3202 3249 3207
f 3204 3254 3255
f 3204 3255 3225
f 3205 3206 3254
f 3205 3254 3204
f 3206 3207 3256
f 3206 3256 3254
f 3207 3249 3257
f 3207 3257 3256
f 3210 3258 3226
f 3210 3226 3209
f 3212 3259 3258
f 3212 3258 3210
f 3212 3211 3213
f 3212 3213 3260
f 3260 3261 3259
f 3260 3259 3212
f 3260 3213 3262
f 3263 3213 3214
f 3263 3214 3224
f 3262 3213 3263
f 3215 3264 3265
f 3215 3265 3218
f 3216 3266 3264
f 3216 3264 3215
f 3217 3267 3266
f 3217 3266 3216
f 3219 3268 3267
f 3219 3267 3217
f 3218 3265 3269
f 3218 3269 3220
f 3221 3270 3268
f 3221 3268 3219
f 3220 3269 3271
f 3220 3271 3222
f 3223 3272 3270
f 3223 3270 3221
f 3222 3271 3273
f 3222 3273 3224
f 3225 3255 3272
f 3225 3272 3223
f 3224 3273 3274
f 3224 3274 3263
f 3258 3275 3227
f 3258 3227 3226
f 3275 3232 3228
f 3275 3228 3227
f 3276 3230 3229
f 3276 3229 3233
f 3277 3231 3230
f 3277 3230 3276
f 3278 3234 3231
f 3278 3231 3277
f 3279 3233 3232
f 3279 3232 3275
f 3280 3276 3233
f 3280 3233 3279
f 3281 3235 3234
f 3281 3234 3278
f 3282 3236 3235
f 3282 3235 3281
f 3283 3237 3236
f 3283 3236 3282
f 3284 3238 3237
f 3284 3237 3283
f 3285 3239 3238
f 3285 3238 3284
f 3286 3240 3239
f 3286 3239 3285
f 3287 3241 3240
f 3287 3240 3286
f 3288 3242 3241
f 3288 3241 3287
f 3289 3243 3242
f 3289 3242 3288
f 3290 3244 3243
f 3290 3243 3289
f 3291 3245 3244
f 3291 3244 3290
f 3257 3246 3245
f 3257 3245 3291
f 3249 3247 3246
f 3249 3246 3257
f 3254 3256 3292
f 3254 3292 3255
f 3255 3292 3293
f 3255 3293 3272
f 3256 3257 3291
f 3256 3291 3292
f 3259 3279 3275
f 3259 3275 3258
f 3261 3280 3279
f 3261 3279 3259
f 3262 3294 3261
f 3262 3261 3260
f 3294 3295 3280
f 3294 3280 3261
f 3263 3274 3294
f 3263 3294 3262
f 3264 3296 3297
f 3264 3297 3265
f 3266 3298 3296
f 3266 3296 3264
f 3265 3297 3299
f 3265 3299 3269
f 3267 3300 3298
f 3267 3298 3266
f 3268 3301 3300
f 3268 3300 3267
f 3270 3302 3301
f 3270 3301 3268
f 3269 3299 3303
f 3269 3303 3271
f 3272 3293 3302
f 3272 3302 3270
f 3271 3303 3304
f 3271 3304 3273
f 3273 3304 3305
f 3273 3305 3274
f 3274 3305 3295
f 3274 3295 3294
f 3295 3277 3276
f 3295 3276 3280
f 3305 3278 3277
f 3305 3277 3295
f 3304 3281 3278
f 3304 3278 3305
f 3303 3282 3281
f 3303 3281 3304
f 3299 3283 3282
f 3299 3282 3303
f 3297 3284 3283
f 3297 3283 3299
f 3296 3285 3284
f 3296 3284 3297
f 3298 3286 3285
f 3298 3285 3296
f 3300 3287 3286
f 3300 3286 3298
f 3301 3288 3287
f 3301 3287 3300
f 3302 3289 3288
f 3302 3288 3301
f 3293 3290 3289
f 3293 3289 3302
f 3292 3291 3290
f 3292 3290 3293
