v 0.138790403 -0.00985334917 0.506684832
v 0.138648993 -0.00992405173 0.508116445
v 0.138562054 -0.0105154691 0.508697425
v 0.138534341 -0.0105154691 0.507352987
v 0.139127675 -0.00914441266 0.505962921
v 0.139498382 -0.00851286677 0.507126874
v 0.137641009 -0.0105154691 0.504569804
v 0.134630417 -0.0100138631 0.503079358
v 0.141381553 -0.0095218115 0.510695846
v 0.139780235 -0.0105154691 0.511955103
v 0.141471369 -0.00783545975 0.511392404
v 0.138648993 -0.0110686688 0.508116445
v 0.138790403 -0.0111393715 0.506684832
v 0.141381553 -0.0114709092 0.510695846
v 0.134630417 -0.0109788575 0.503079358
v 0.139414305 -0.00743417499 0.506625002
v 0.139076079 -0.00752780816 0.508161076
v 0.137977319 -0.0080886515 0.503303416
v 0.137966812 -0.00642523043 0.504400469
v 0.132958398 -0.0094262675 0.497849608
v 0.132679406 -0.0105154691 0.498854409
v 0.132958398 -0.0115664531 0.497849608
v 0.132860937 -0.00731665587 0.498184199
v 0.142576813 -0.00990207661 0.517292334
v 0.14243158 -0.0105164246 0.517064197
v 0.142575852 -0.00774469292 0.516796536
v 0.142576813 -0.011090644 0.517292334
v 0.138660461 -0.00678160938 0.509736673
v 0.140674529 -0.00675867887 0.51424149
v 0.140880903 -0.00706059799 0.516865491
v 0.139498382 -0.0124798537 0.507126874
v 0.139127675 -0.0118483079 0.505962921
v 0.141471369 -0.0131572607 0.511392404
v 0.142575852 -0.0132480276 0.516796536
v 0.137977319 -0.0129040692 0.503303416
v 0.132860937 -0.0136760646 0.498184199
v 0.138599312 -0.00626471662 0.507319537
v 0.13262208 -0.00654752657 0.499441461
v 0.134274033 -0.00549176531 0.501093114
v 0.137743239 -0.00492327884 0.503693787
v 0.139116207 -0.00532360792 0.506514469
v 0.134009378 -0.0105154691 0.492761817
v 0.133853645 -0.00780201954 0.493427947
v 0.133853645 -0.0131907012 0.493427947
v 0.133232605 -0.00426402509 0.493839591
v 0.141353848 -0.00917116501 0.517378512
v 0.141295568 -0.0074609273 0.51716358
v 0.141779019 -0.0105164246 0.516679929
v 0.141353848 -0.0118215556 0.517378512
v 0.14161468 -0.0103396681 0.516680956
v 0.141295568 -0.0135317932 0.51716358
v 0.139059835 -0.00563317062 0.508714648
v 0.140554146 -0.00537137984 0.511587061
v 0.140523572 -0.00586820888 0.518018294
v 0.139555708 -0.00685231204 0.513792317
v 0.140312413 -0.00806858711 0.514744389
v 0.139007285 -0.00591502557 0.515532203
v 0.139076079 -0.0134649125 0.508161076
v 0.139414305 -0.0135585455 0.506625002
v 0.137966812 -0.0145674901 0.504400469
v 0.140674529 -0.0142340418 0.51424149
v 0.138660461 -0.0142111111 0.509736673
v 0.140880903 -0.0139321227 0.516865491
v 0.13262208 -0.0144451941 0.499441461
v 0.133232605 -0.0167286954 0.493839591
v 0.132513159 -0.00480671516 0.498422459
v 0.139221306 -0.00361432582 0.506727407
v 0.137487183 -0.00323692703 0.503560954
v 0.132418574 -0.00269614786 0.498766175
v 0.132566662 -0.00351973721 0.498385987
v 0.139204107 -0.00386847302 0.507826484
v 0.134325628 -0.00688957426 0.490258472
v 0.134767044 -0.0105154691 0.490023264
v 0.134325628 -0.0141031462 0.490258472
v 0.133218276 -0.00323119434 0.490770496
v 0.133218276 -0.0177615266 0.490770496
v 0.13191314 0.000268582205 0.491425477
v 0.132199777 -0.000944826525 0.494751112
v 0.140735677 -0.0105154691 0.514212089
v 0.14060765 -0.00997086829 0.514272916
v 0.140312413 -0.0129241334 0.514744389
v 0.14060765 -0.0110218524 0.514272916
v 0.139555708 -0.0141404084 0.513792317
v 0.140509235 -0.00386942825 0.511365028
v 0.140978357 -0.00441020742 0.515089103
v 0.140548409 -0.00438918758 0.518501914
v 0.13735151 -0.00628286989 0.510155418
v 0.137089717 -0.00518411395 0.513975824
v 0.135146351 -0.004381544 0.510487984
v 0.13826491 -0.00802463698 0.513172811
v 0.136854683 -0.00696887572 0.509870533
v 0.139369401 -0.00795393432 0.514124883
v 0.138221913 -0.00302672996 0.516158779
v 0.136819325 -0.00352069288 0.514358067
v 0.139881511 -0.00338119846 0.518324481
v 0.138599312 -0.0147280043 0.507319537
v 0.137743239 -0.0160694421 0.503693787
v 0.134274033 -0.0155009552 0.501093114
v 0.139116207 -0.0156691126 0.506514469
v 0.140554146 -0.0156213406 0.511587061
v 0.139059835 -0.0153595499 0.508714648
v 0.140523572 -0.0151245116 0.518018294
v 0.139007285 -0.0150776954 0.515532203
v 0.132199777 -0.0200478944 0.494751112
v 0.13191314 -0.0212613031 0.491425477
v 0.132566662 -0.0174729833 0.498385987
v 0.132513159 -0.0161860058 0.498422459
v 0.132418574 -0.0182965726 0.498766175
v 0.138687212 -0.00195090475 0.506461771
v 0.138650908 -0.00246875318 0.508651797
v 0.136980796 -0.00117317643 0.504094281
v 0.131845308 -0.00107954304 0.499158571
v 0.139806987 -0.00244486678 0.511203821
v 0.13456067 -0.00690390575 0.487939662
v 0.135069919 -0.0105164246 0.487852486
v 0.133468601 -0.00328756551 0.488177921
v 0.13456067 -0.0140888147 0.487939662
v 0.133468601 -0.0177051554 0.488177921
v 0.132046906 0.000168260905 0.488586544
v 0.132046906 -0.0211609818 0.488586544
v 0.129271349 0.00380371051 0.492009508
v 0.129700343 0.00235717441 0.495140456
v 0.129662124 0.00330879281 0.489478787
v 0.131548164 0.000182593305 0.498548191
v 0.130987319 0.00182212841 0.498385987
v 0.137967766 -0.0105154691 0.509286502
v 0.137383038 -0.00912530382 0.511861823
v 0.135845738 -0.00895619098 0.509040114
v 0.138806641 -0.00968710261 0.513410074
v 0.135845738 -0.0120365297 0.509040114
v 0.137383038 -0.0118674168 0.511861823
v 0.138806641 -0.011305618 0.513410074
v 0.139369401 -0.0130387862 0.514124883
v 0.13826491 -0.0129680837 0.513172811
v 0.135146351 -0.0166111765 0.510487984
v 0.137089717 -0.015808607 0.513975824
v 0.13735151 -0.014709851 0.510155418
v 0.136854683 -0.0140238448 0.509870533
v 0.140318151 -0.00279360259 0.515646755
v 0.13515495 -0.00642236409 0.508044469
v 0.134473723 -0.00459747375 0.508669051
v 0.135187439 -0.00288819121 0.510466711
v 0.133612873 -0.00276589485 0.508853555
v 0.134805264 -0.00666217958 0.507682501
v 0.134807172 -0.00857879219 0.507681504
v 0.136602443 -0.00224900164 0.514209037
v 0.138726386 -0.00174070812 0.517153427
v 0.139323535 -0.00187829164 0.51686954
v 0.13545114 -0.00204167113 0.511418754
v 0.137487183 -0.0177557935 0.503560954
v 0.139221306 -0.0173783947 0.506727407
v 0.139204107 -0.0171242479 0.507826484
v 0.140509235 -0.0171232922 0.511365028
v 0.140978357 -0.0165825131 0.515089103
v 0.140548409 -0.0166035329 0.518501914
v 0.136819325 -0.0174720281 0.514358067
v 0.138221913 -0.0179659901 0.516158779
v 0.139881511 -0.017611522 0.518324481
v 0.131077134 -0.0233498954 0.495140456
v 0.13064814 -0.0247964315 0.492009508
v 0.131845308 -0.019913177 0.499158571
v 0.131548164 -0.0211753133 0.498548191
v 0.130987319 -0.0228148484 0.498385987
v 0.131039868 -0.0243015129 0.489478787
v 0.136980796 -0.0198195445 0.504094281
v 0.138389115 -0.00115024569 0.507163376
v 0.137827316 -0.00155344134 0.51044136
v 0.137895156 0.00116765121 0.506609773
v 0.137941014 -0.000334300375 0.50685314
v 0.132985149 0.000489289405 0.503156411
v 0.139030214 -0.00180854377 0.514539579
v 0.134182317 -0.00631057764 0.484562325
v 0.134248242 -0.0105164246 0.485605652
v 0.133492484 -0.00222129433 0.484734712
v 0.134182317 -0.0146821433 0.484562325
v 0.131880658 0.00124026521 0.484257135
v 0.133492484 -0.0187714266 0.484734712
v 0.131880658 -0.0222329853 0.484257135
v 0.129900988 0.00412378341 0.486575945
v 0.129900988 -0.0251165043 0.486575945
v 0.128015901 0.00742100601 0.494252262
v 0.128350311 0.00570599161 0.495450693
v 0.128138199 0.00649423051 0.490911428
v 0.129906718 0.00421646111 0.499125121
v 0.127687229 0.00689933661 0.487983264
v 0.132516981 0.00172945071 0.5028776
v 0.131777475 0.00271450861 0.503003302
v 0.134978196 -0.0105145137 0.507591246
v 0.134807172 -0.0124139285 0.507681504
v 0.134805264 -0.0143305413 0.507682501
v 0.133612873 -0.0182268256 0.508853555
v 0.135187439 -0.0181045293 0.510466711
v 0.134473723 -0.0163952472 0.508669051
v 0.13515495 -0.0145703566 0.508044469
v 0.132085125 -0.00393630911 0.506469869
v 0.132842785 -0.00696123214 0.505359642
v 0.13319057 -0.0023884965 0.509074591
v 0.132989926 -0.0105135582 0.504290993
v 0.135127245 -0.000918074005 0.514415872
v 0.133561278 -0.00114929091 0.51105171
v 0.137197685 -0.00143305631 0.516395014
v 0.138817155 -0.000756604965 0.519327257
v 0.139835653 -0.000329522915 0.516868512
v 0.139201238 0.000608718805 0.518405613
v 0.13308451 -0.00133369068 0.509130372
v 0.138687212 -0.0190418162 0.506461771
v 0.138650908 -0.0185239677 0.508651797
v 0.139806987 -0.0185478533 0.511203821
v 0.140318151 -0.0181991174 0.515646755
v 0.13545114 -0.0189510489 0.511418754
v 0.136602443 -0.0187437184 0.514209037
v 0.138726386 -0.0192520128 0.517153427
v 0.139323535 -0.0191144293 0.51686954
v 0.129727095 -0.0266987126 0.495450693
v 0.129393646 -0.0284137269 0.494252262
v 0.129906718 -0.0252091811 0.499125121
v 0.129515943 -0.0274869497 0.490911428
v 0.132985149 -0.0214820095 0.503156411
v 0.132516981 -0.0227221707 0.5028776
v 0.131777475 -0.0237072295 0.503003302
v 0.129064974 -0.0278920576 0.487983264
v 0.137941014 -0.0206584206 0.50685314
v 0.137895156 -0.0221603722 0.506609773
v 0.138389115 -0.0198424743 0.507163376
v 0.137776682 -0.000427932875 0.508842405
v 0.139794565 -0.000166142535 0.512940625
v 0.137817763 0.00131383401 0.508275628
v 0.13646677 0.00376931441 0.50735906
v 0.136467724 0.00330688151 0.508437862
v 0.133494398 -0.00614337548 0.482231367
v 0.133178148 -0.0105154691 0.482206015
v 0.132611573 -0.00172064351 0.481592583
v 0.133494398 -0.014849345 0.482231367
v 0.130800057 0.00208869531 0.48195863
v 0.132611573 -0.0192720765 0.481592583
v 0.128154443 0.00504482661 0.482918801
v 0.130800057 -0.0230814162 0.48195863
v 0.128154443 -0.0260375475 0.482918801
v 0.125725711 0.00808790331 0.484333191
v 0.125725711 -0.0290806242 0.484333191
v 0.126241652 0.00900130471 0.493003128
v 0.125300546 0.00789968261 0.495165808
v 0.126667777 0.00837740181 0.496744457
v 0.128315914 0.00727004751 0.502991155
v 0.125384624 0.00960323071 0.489144196
v 0.133960651 0.00405308071 0.50459718
v 0.132743424 0.00516043591 0.506048072
v 0.123316096 0.010802308 0.486617524
v 0.132842785 -0.0140314883 0.505359642
v 0.132085125 -0.0170564114 0.506469869
v 0.13319057 -0.0186042244 0.509074591
v 0.123045703 -0.00292449821 0.495166805
v 0.123472786 -0.00572489267 0.492686788
v 0.130754192 -0.00106807856 0.50758617
v 0.122603337 -0.000513922685 0.498468086
v 0.123262589 -0.0105116473 0.492080457
v 0.123472786 -0.0152678278 0.492686788
v 0.13351542 0.000843757505 0.514445273
v 0.132708073 0.000683243205 0.511232195
v 0.13475653 0.00171416351 0.517062172
v 0.131665684 0.000212211905 0.509595741
v 0.13830886 0.000228453905 0.520065364
v 0.137619987 0.00145332801 0.519898083
v 0.139837561 0.000865732505 0.51390285
v 0.138344211 0.00220143761 0.519057541
v 0.137827316 -0.0194392787 0.51044136
v 0.139030214 -0.0191841763 0.514539579
v 0.13308451 -0.0196590302 0.509130372
v 0.133561278 -0.01984343 0.51105171
v 0.135127245 -0.0200746469 0.514415872
v 0.137197685 -0.0195596646 0.516395014
v 0.138817155 -0.020236116 0.519327257
v 0.139835653 -0.020663198 0.516868512
v 0.139201238 -0.0216014397 0.518405613
v 0.126667777 -0.0293701228 0.496744457
v 0.125300546 -0.0288924018 0.495165808
v 0.128315914 -0.0282627685 0.502991155
v 0.127618442 -0.0299940256 0.493003128
v 0.132743424 -0.0261531568 0.506048072
v 0.133960651 -0.0250458008 0.50459718
v 0.125384624 -0.0305959517 0.489144196
v 0.13646677 -0.0247620354 0.50735906
v 0.123316096 -0.0317950289 0.486617524
v 0.137776682 -0.0205647872 0.508842405
v 0.137817763 -0.0223065549 0.508275628
v 0.136467724 -0.0242996024 0.508437862
v 0.139270032 0.00114376571 0.510964534
v 0.137489091 0.00328299601 0.511813174
v 0.134588375 0.00480692261 0.50888906
v 0.134039952 0.00334796551 0.511892252
v 0.133695997 0.00527413211 0.510981758
v 0.131523327 -0.0053293406 0.480238023
v 0.131657085 -0.0105154691 0.480244096
v 0.130240167 -0.000736540355 0.480255246
v 0.131523327 -0.0156633799 0.480238023
v 0.128238521 0.00336229701 0.480694267
v 0.130240167 -0.0202561806 0.480255246
v 0.125777306 0.00684296461 0.482029579
v 0.128238521 -0.0243550179 0.480694267
v 0.122988377 0.00985451311 0.483530178
v 0.125777306 -0.0278356855 0.482029579
v 0.122988377 -0.0308472323 0.483530178
v 0.120051357 0.0123959825 0.48526396
v 0.120051357 -0.0333887034 0.48526396
v 0.124288732 0.011273341 0.495211436
v 0.12391038 0.00957361211 0.49619998
v 0.123058125 0.0122689087 0.490443006
v 0.126255981 0.00991948271 0.499402935
v 0.128687575 0.00991661561 0.504912493
v 0.131506128 0.00670633761 0.506963643
v 0.128789812 0.00874429181 0.507852834
v 0.120812842 0.0136313663 0.488382731
v 0.133498221 0.00595249571 0.509459886
v 0.117281534 0.0151390519 0.487349587
v 0.123045703 -0.0180682227 0.495166805
v 0.122603337 -0.0204787974 0.498468086
v 0.130754192 -0.0199246424 0.50758617
v 0.122691237 -0.0030477498 0.490596115
v 0.123431701 -0.00659052148 0.489236448
v 0.121844716 -6.29550946e-05 0.492525581
v 0.123535846 -0.0105116473 0.487799758
v 0.12891211 0.00154122821 0.508545343
v 0.12195268 0.00151352091 0.50215164
v 0.130623303 0.00201417171 0.509874582
v 0.120887367 0.00215462141 0.495654505
v 0.123431701 -0.0144021992 0.489236448
v 0.122691237 -0.0179449707 0.490596115
v 0.134003648 0.00272215221 0.516681954
v 0.131851038 0.00311483811 0.512215693
v 0.133891857 0.00340051491 0.515500747
v 0.135351772 0.00349319261 0.516778285
v 0.138732116 0.00283585021 0.51516818
v 0.135322152 0.00356389521 0.515071879
v 0.139794565 -0.0208265775 0.512940625
v 0.131665684 -0.021204932 0.509595741
v 0.132708073 -0.0216759642 0.511232195
v 0.13351542 -0.0218364784 0.514445273
v 0.13475653 -0.0227068836 0.517062172
v 0.137619987 -0.0224460489 0.519898083
v 0.13830886 -0.0212211748 0.520065364
v 0.139837561 -0.0218584535 0.51390285
v 0.138344211 -0.0231941586 0.519057541
v 0.126255981 -0.0309122036 0.499402935
v 0.12391038 -0.030566333 0.49619998
v 0.128687575 -0.0309093366 0.504912493
v 0.124288732 -0.032266062 0.495211436
v 0.131506128 -0.0276990586 0.506963643
v 0.128789812 -0.029737011 0.507852834
v 0.123058125 -0.0332616296 0.490443006
v 0.134588375 -0.0257996427 0.50888906
v 0.133498221 -0.0269452167 0.509459886
v 0.120812842 -0.0346240872 0.488382731
v 0.117281534 -0.0361317711 0.487349587
v 0.139270032 -0.0221364857 0.510964534
v 0.137489091 -0.024275716 0.511813174
v 0.134039952 -0.0243406864 0.511892252
v 0.133695997 -0.0262668531 0.510981758
v 0.135168326 0.00550439341 0.514154284
v 0.133195347 0.00722418611 0.509073594
v 0.13324312 0.00717641321 0.510406882
v 0.134701119 0.00738374381 0.514134009
v 0.130165642 -0.00554335902 0.47969557
v 0.130304184 -0.0105145137 0.479806103
v 0.12900574 -0.000923806245 0.479880104
v 0.130165642 -0.0154493615 0.47969557
v 0.126804404 0.00304604681 0.480388079
v 0.12900574 -0.0200689138 0.479880104
v 0.123982035 0.00624963781 0.481252946
v 0.126804404 -0.0240387669 0.480388079
v 0.121019217 0.00910258081 0.482540606
v 0.123982035 -0.027242357 0.481252946
v 0.11802009 0.0114816272 0.484596802
v 0.121019217 -0.0300953017 0.482540606
v 0.11802009 -0.0324743464 0.484596802
v 0.11392603 0.0137785038 0.48730396
v 0.11392603 -0.0347712248 0.48730396
v 0.122042492 0.0138358316 0.494351615
v 0.123023728 0.0132826305 0.497805008
v 0.120702967 0.0148142007 0.491301799
v 0.124263889 0.0124561754 0.50051011
v 0.118195891 0.016291312 0.490126666
v 0.125373156 0.0129472722 0.506382663
v 0.12562635 0.0113755728 0.508966113
v 0.131243381 0.00827612571 0.509818802
v 0.130217238 0.00879110721 0.510356178
v 0.129055421 0.00996820941 0.510152396
v 0.113271554 0.0175859331 0.489697798
v 0.110141531 0.015816458 0.489174594
v 0.121844716 -0.0209297658 0.492525581
v 0.120887367 -0.0231473414 0.495654505
v 0.12195268 -0.0225062419 0.50215164
v 0.12891211 -0.0225339492 0.508545343
v 0.130623303 -0.0230068918 0.509874582
v 0.125576662 -0.00156777283 0.482322622
v 0.126608543 -0.0056064181 0.482090436
v 0.123446988 0.00143899651 0.483458201
v 0.126906641 -0.0105135582 0.48132595
v 0.120990554 0.00383810661 0.485205158
v 0.126608543 -0.0153863024 0.482090436
v 0.126566501 0.00375784901 0.509289554
v 0.122118928 0.00398142241 0.503916848
v 0.129786336 0.00255972751 0.510313603
v 0.127752201 0.00445914251 0.511112566
v 0.1191284 0.00422314901 0.498439713
v 0.130651009 0.00302216041 0.511486681
v 0.118474879 0.00607097031 0.486898389
v 0.125576662 -0.0194249472 0.482322622
v 0.123446988 -0.0224317174 0.483458201
v 0.131992449 0.00248902481 0.517396763
v 0.132400415 0.00377504751 0.518184577
v 0.132723356 0.00445245461 0.518031468
v 0.130842093 0.00269731101 0.514736261
v 0.135208454 0.00534101301 0.518082172
v 0.133051074 0.00466838341 0.518866934
v 0.13554764 0.00543464731 0.516686003
v 0.131851038 -0.0241075591 0.512215693
v 0.134003648 -0.0237148731 0.516681954
v 0.133891857 -0.0243932358 0.515500747
v 0.135351772 -0.0244859135 0.516778285
v 0.138732116 -0.0238285702 0.51516818
v 0.135322152 -0.0245566162 0.515071879
v 0.124263889 -0.0334488964 0.50051011
v 0.123023728 -0.0342753514 0.497805008
v 0.125373156 -0.0339399914 0.506382663
v 0.122042492 -0.0348285507 0.494351615
v 0.12562635 -0.0323682937 0.508966113
v 0.120702967 -0.0358069216 0.491301799
v 0.133195347 -0.028216907 0.509073594
v 0.131243381 -0.0292688467 0.509818802
v 0.130217238 -0.0297838281 0.510356178
v 0.129055421 -0.0309609303 0.510152396
v 0.118195891 -0.0372840329 0.490126666
v 0.13324312 -0.0281691342 0.510406882
v 0.113271554 -0.038578654 0.489697798
v 0.110141531 -0.036809179 0.489174594
v 0.135168326 -0.0264971143 0.514154284
v 0.134701119 -0.0283764647 0.514134009
v 0.135416743 0.00693659891 0.516262211
v 0.131423005 0.00780509271 0.511359952
v 0.133162858 0.00804490881 0.515109378
v 0.133091202 0.00771146021 0.517612723
v 0.129113701 -0.00561692824 0.479275828
v 0.128892042 -0.0105145137 0.479959182
v 0.128408591 -0.000921895795 0.479138945
v 0.129113701 -0.0153757927 0.479275828
v 0.125641633 0.00221194731 0.480040314
v 0.128408591 -0.0200708251 0.479138945
v 0.122831687 0.00512126231 0.481233668
v 0.125641633 -0.0232046683 0.480040314
v 0.119923325 0.00785190981 0.482657213
v 0.122831687 -0.0261139833 0.481233668
v 0.11740192 0.0107516699 0.48485434
v 0.119923325 -0.0288446308 0.482657213
v 0.113496082 0.0132921854 0.487053522
v 0.11740192 -0.0317443909 0.48485434
v 0.113496082 -0.0342849063 0.487053522
v 0.10983388 0.0154065736 0.489471686
v 0.10983388 -0.0363992945 0.489471686
v 0.119844024 0.016449914 0.495554125
v 0.120709655 0.0159397092 0.498411309
v 0.118385067 0.0172639489 0.493124812
v 0.121923064 0.0151256743 0.501199568
v 0.11447063 0.0186350058 0.491898975
v 0.109500432 0.0195035014 0.492220391
v 0.122393139 0.0158317452 0.50685314
v 0.122391228 0.0137899701 0.509848203
v 0.119231588 0.0172687272 0.502335147
v 0.125104679 0.0124743296 0.512222794
v 0.126043876 0.0117281295 0.512008858
v 0.127543918 0.0106446616 0.510677595
v 0.129821687 0.00694041981 0.513012632
v 0.12883567 0.00965864711 0.511904429
v 0.127698697 0.0103895583 0.512221766
v 0.106364678 0.0177464464 0.491778319
v 0.106180278 0.017396755 0.491993281
v 0.120990554 -0.0248308267 0.485205158
v 0.118474879 -0.0270636912 0.486898389
v 0.1191284 -0.025215869 0.498439713
v 0.122118928 -0.0249741433 0.503916848
v 0.126566501 -0.02475057 0.509289554
v 0.127752201 -0.0254518625 0.511112566
v 0.129786336 -0.0235524484 0.510313603
v 0.130651009 -0.0240148814 0.511486681
v 0.123834898 0.00545853191 0.509990162
v 0.118931579 0.00570408031 0.503433197
v 0.126453757 0.00471233451 0.512060559
v 0.124302108 0.00537158731 0.511562737
v 0.127351873 0.00462061151 0.511322422
v 0.115849332 0.00601459821 0.498826005
v 0.128687575 0.00489864471 0.513061281
v 0.115105041 0.00832867511 0.489071192
v 0.129282817 0.00441328101 0.515966147
v 0.129955445 0.00438843981 0.518114625
v 0.131268218 0.00473717561 0.517984844
v 0.132368886 0.00649327491 0.519434738
v 0.134504298 0.00654200161 0.51841776
v 0.130842093 -0.0236900319 0.514736261
v 0.131992449 -0.0234817458 0.517396763
v 0.132400415 -0.0247677676 0.518184577
v 0.132723356 -0.0254451746 0.518031468
v 0.135208454 -0.0263337339 0.518082172
v 0.133051074 -0.0256611044 0.518866934
v 0.13554764 -0.0264273664 0.516686003
v 0.121923064 -0.0361183952 0.501199568
v 0.120709655 -0.0369324301 0.498411309
v 0.119844024 -0.037442635 0.495554125
v 0.122391228 -0.034782691 0.509848203
v 0.122393139 -0.0368244661 0.50685314
v 0.119231588 -0.0382614482 0.502335147
v 0.118385067 -0.0382566698 0.493124812
v 0.126043876 -0.0327208504 0.512008858
v 0.125104679 -0.0334670488 0.512222794
v 0.127543918 -0.0316373825 0.510677595
v 0.11447063 -0.0396277267 0.491898975
v 0.131423005 -0.0287978136 0.511359952
v 0.129821687 -0.0279331407 0.513012632
v 0.12883567 -0.030651368 0.511904429
v 0.127698697 -0.0313822792 0.512221766
v 0.109500432 -0.0404962223 0.492220391
v 0.133162858 -0.0290376298 0.515109378
v 0.106364678 -0.0387391674 0.491778319
v 0.106180278 -0.0383894759 0.491993281
v 0.135416743 -0.0279293198 0.516262211
v 0.133091202 -0.0287041811 0.517612723
v 0.130782859 0.00731686291 0.516486269
v 0.130150359 0.00632989451 0.518022343
v 0.112020883 0.0107669571 0.489971533
v 0.115105041 -0.0293213943 0.489071192
v 0.108939587 0.0129721125 0.491853347
v 0.112020883 -0.031759678 0.489971533
v 0.108939587 -0.0339648335 0.491853347
v 0.105837273 0.0148438193 0.494211711
v 0.105837273 -0.0358365403 0.494211711
v 0.117661802 0.0187744997 0.497289931
v 0.118381248 0.018342642 0.500596289
v 0.115411738 0.0199439601 0.495595703
v 0.110852379 0.020552574 0.493938974
v 0.10559937 0.0212080069 0.494680133
v 0.102633683 0.0197194311 0.494451996
v 0.118700364 0.0188088967 0.508521019
v 0.119349109 0.0159960812 0.511165295
v 0.119058653 0.0191853398 0.50414701
v 0.120951381 0.0145877621 0.513042033
v 0.122764804 0.0139504835 0.512090988
v 0.124479824 0.0130590589 0.512004809
v 0.115491039 0.0202879158 0.502578483
v 0.123931401 0.0101535648 0.513928172
v 0.125841324 0.0103637623 0.513472925
v 0.130187617 0.00961183001 0.516283484
v 0.129984111 0.00886372031 0.518354909
v 0.12873344 0.0107430707 0.516481193
v 0.127253466 0.010995307 0.516933418
v 0.10245884 0.0192168698 0.494542253
v 0.102732094 0.0168005612 0.496327737
v 0.115849332 -0.0270073192 0.498826005
v 0.118931579 -0.0266968012 0.503433197
v 0.123834898 -0.0264512528 0.509990162
v 0.124302108 -0.0263643083 0.511562737
v 0.126453757 -0.0257050545 0.512060559
v 0.127351873 -0.0256133316 0.511322422
v 0.128687575 -0.0258913656 0.513061281
v 0.129282817 -0.0254060011 0.515966147
v 0.120857746 0.00671971341 0.510680647
v 0.113187473 0.00660219451 0.501820071
v 0.122889966 0.00607956951 0.511757394
v 0.121631654 0.00699488051 0.512416453
v 0.112624721 0.00779076121 0.497924636
v 0.127899342 0.00562860021 0.514287118
v 0.12832929 0.00525215711 0.514062032
v 0.124736833 0.00537158731 0.51269324
v 0.123435524 0.00671111421 0.513374599
v 0.129677414 0.00544420041 0.517760755
v 0.129955445 -0.0253811608 0.518114625
v 0.131268218 -0.0257298966 0.517984844
v 0.132368886 -0.027485994 0.519434738
v 0.134504298 -0.0275347225 0.51841776
v 0.118381248 -0.0393353629 0.500596289
v 0.117661802 -0.0397672207 0.497289931
v 0.115411738 -0.0409366811 0.495595703
v 0.119349109 -0.0369888022 0.511165295
v 0.118700364 -0.0398016177 0.508521019
v 0.122764804 -0.0349432044 0.512090988
v 0.120951381 -0.0355804831 0.513042033
v 0.124479824 -0.0340517781 0.512004809
v 0.119058653 -0.0401780608 0.50414701
v 0.115491039 -0.0412806367 0.502578483
v 0.110852379 -0.041545295 0.493938974
v 0.125841324 -0.0313564833 0.513472925
v 0.123931401 -0.0311462857 0.513928172
v 0.10559937 -0.0422007278 0.494680133
v 0.130782859 -0.0283095838 0.516486269
v 0.130187617 -0.0306045509 0.516283484
v 0.129984111 -0.0298564412 0.518354909
v 0.12873344 -0.0317357916 0.516481193
v 0.127253466 -0.0319880279 0.516933418
v 0.102633683 -0.0407121503 0.494451996
v 0.10245884 -0.040209589 0.494542253
v 0.102732094 -0.0377932821 0.496327737
v 0.130150359 -0.0273226154 0.518022343
v 0.129309569 0.00830001221 0.519910261
v 0.128017816 0.00773534661 0.520029889
v 0.127928962 0.00628880961 0.518837533
v 0.127734048 0.00518718751 0.519173121
v 0.109609353 0.0100561096 0.497795882
v 0.112624721 -0.0287834821 0.497924636
v 0.106660864 0.0122832401 0.498785454
v 0.109609353 -0.0310488306 0.497795882
v 0.106660864 -0.0332759611 0.498785454
v 0.10371333 0.0139122656 0.500740272
v 0.10371333 -0.0349049865 0.500740272
v 0.114486874 0.0210092738 0.499577316
v 0.112478537 0.0221204526 0.497821234
v 0.107109919 0.0223459337 0.495715332
v 0.101682067 0.0232211172 0.496620749
v 0.0990297649 0.0222226826 0.496741405
v 0.0987049155 0.0212003615 0.496725179
v 0.114876692 0.0206595841 0.511338649
v 0.115096442 0.0176165074 0.513393847
v 0.116360493 0.0210665998 0.506164679
v 0.113774116 0.0227510416 0.508461189
v 0.11878731 0.0149861803 0.513630083
v 0.117178347 0.0154295043 0.514473676
v 0.114888156 0.0223201395 0.504424823
v 0.120787045 0.0136466534 0.514763637
v 0.122833598 0.0136953819 0.513413126
v 0.118982217 0.0145380798 0.514618657
v 0.123908465 0.0125268772 0.513394875
v 0.111431376 0.0229325761 0.50118032
v 0.125284302 0.0103456081 0.517627952
v 0.125111363 0.0131106526 0.517467743
v 0.124930786 0.0123864276 0.51903219
v 0.128702866 0.00975514661 0.519461087
v 0.127420667 0.00788152851 0.520314804
v 0.126647717 0.0101764955 0.519691249
v 0.125205955 0.0102519756 0.519639548
v 0.0996336023 0.0184611166 0.498882782
v 0.102730182 0.0151915995 0.503329795
v 0.113187473 -0.0275949155 0.501820071
v 0.120857746 -0.0277124344 0.510680647
v 0.121631654 -0.0279876014 0.512416453
v 0.122889966 -0.0270722887 0.511757394
v 0.123435524 -0.0277038351 0.513374599
v 0.124736833 -0.0263643083 0.51269324
v 0.127899342 -0.0266213211 0.514287118
v 0.12832929 -0.026244878 0.514062032
v 0.129677414 -0.0264369214 0.517760755
v 0.117778365 0.00772674731 0.511304201
v 0.10985299 0.00800095871 0.501023162
v 0.119207701 0.00739329871 0.51232822
v 0.117767854 0.00830765571 0.512538106
v 0.122299505 0.00743342791 0.513691936
v 0.120303593 0.00806975091 0.514192811
v 0.128035015 0.00438652941 0.518543493
v 0.12587476 0.00467029481 0.516850261
v 0.12408618 0.00593911991 0.517955443
v 0.124647979 0.00827994661 0.519409386
v 0.114486874 -0.0420019948 0.499577316
v 0.112478537 -0.0431131735 0.497821234
v 0.107109919 -0.0433386547 0.495715332
v 0.115096442 -0.0386092283 0.513393847
v 0.114876692 -0.0416523051 0.511338649
v 0.11878731 -0.0359789013 0.513630083
v 0.117178347 -0.0364222253 0.514473676
v 0.113774116 -0.0437437625 0.508461189
v 0.116360493 -0.0420593207 0.506164679
v 0.123908465 -0.0335195981 0.513394875
v 0.122833598 -0.0346881011 0.513413126
v 0.120787045 -0.0346393744 0.514763637
v 0.118982217 -0.0355308007 0.514618657
v 0.114888156 -0.0433128605 0.504424823
v 0.111431376 -0.0439252971 0.50118032
v 0.101682067 -0.0442138382 0.496620749
v 0.125284302 -0.0313383291 0.517627952
v 0.125111363 -0.0341033718 0.517467743
v 0.124930786 -0.0333791485 0.51903219
v 0.0990297649 -0.0432154035 0.496741405
v 0.128017816 -0.0287280675 0.520029889
v 0.129309569 -0.0292927313 0.519910261
v 0.128702866 -0.0307478675 0.519461087
v 0.127420667 -0.0288742494 0.520314804
v 0.126647717 -0.0311692165 0.519691249
v 0.125205955 -0.0312446966 0.519639548
v 0.0987049155 -0.0421930825 0.496725179
v 0.0996336023 -0.0394538375 0.498882782
v 0.102730182 -0.0361843204 0.503329795
v 0.127928962 -0.0272815305 0.518837533
v 0.127734048 -0.0261799085 0.519173121
v 0.126966829 0.00701112331 0.519539168
v 0.126533058 0.00546235461 0.519746002
v 0.10669335 0.00913888731 0.501953932
v 0.10985299 -0.0289936796 0.501023162
v 0.106104796 0.00999114011 0.505045326
v 0.10669335 -0.0301316083 0.501953932
v 0.106104796 -0.030983861 0.505045326
v 0.103237524 0.011128113 0.507554744
v 0.103237524 -0.032120834 0.507554744
v 0.108793407 0.0236300478 0.498761129
v 0.103448675 0.0237704974 0.498174076
v 0.0979396073 0.0251816817 0.499175795
v 0.0955710697 0.0247832618 0.499437382
v 0.0949958953 0.0229851255 0.499350207
v 0.096528423 0.020121672 0.501408427
v 0.111099838 0.0222312818 0.516034074
v 0.112261652 0.0182977362 0.515970196
v 0.111342522 0.0239157236 0.511354875
v 0.113569652 0.0167279481 0.515830292
v 0.114617767 0.0159979908 0.515280738
v 0.115299952 0.0158594525 0.515190511
v 0.112226301 0.0241564955 0.507054897
v 0.109393422 0.0250842248 0.510115894
v 0.117142996 0.0143049515 0.51584954
v 0.116377687 0.0142122747 0.516251061
v 0.108393076 0.0245711565 0.50314931
v 0.122392185 0.014540945 0.517528569
v 0.123805281 0.0140727807 0.516855338
v 0.119835425 0.0151304526 0.517754682
v 0.11793219 0.0146813946 0.518662124
v 0.10575033 0.0248291232 0.501517933
v 0.123860696 0.0130848549 0.520037987
v 0.124285864 0.0118685791 0.519581743
v 0.123427882 0.0126138236 0.519991363
v 0.125791636 0.00900512561 0.520098844
v 0.12544195 0.00816625041 0.519031192
v 0.124286825 0.00910449211 0.519338407
v 0.10009699 0.0163878115 0.506325886
v 0.100781086 0.0123931173 0.510466711
v 0.117778365 -0.0287194683 0.511304201
v 0.117767854 -0.0293003749 0.512538106
v 0.119207701 -0.0283860196 0.51232822
v 0.120303593 -0.0290624701 0.514192811
v 0.122299505 -0.0284261471 0.513691936
v 0.124647979 -0.0292726676 0.519409386
v 0.12408618 -0.0269318391 0.517955443
v 0.12587476 -0.0256630157 0.516850261
v 0.128035015 -0.0253792494 0.518543493
v 0.114648342 0.00853505001 0.511914551
v 0.116333737 0.00898315051 0.513289418
v 0.118447173 0.00828376931 0.514898495
v 0.117372303 0.00945322791 0.514916746
v 0.121453942 0.00701494421 0.516487297
v 0.119766635 0.00745922391 0.51704797
v 0.125204047 0.00640059631 0.519639548
v 0.123196663 0.00786146471 0.520849128
v 0.122129438 0.00903187901 0.520862303
v 0.108793407 -0.0446227687 0.498761129
v 0.103448675 -0.0447632184 0.498174076
v 0.0979396073 -0.0461744027 0.499175795
v 0.112261652 -0.0392904571 0.515970196
v 0.111099838 -0.0432240028 0.516034074
v 0.114617767 -0.0369907117 0.515280738
v 0.113569652 -0.037720669 0.515830292
v 0.115299952 -0.0368521734 0.515190511
v 0.111342522 -0.0449084446 0.511354875
v 0.117142996 -0.0352976725 0.51584954
v 0.116377687 -0.0352049956 0.516251061
v 0.112226301 -0.0451492164 0.507054897
v 0.109393422 -0.0460769457 0.510115894
v 0.123805281 -0.0350654999 0.516855338
v 0.122392185 -0.0355336659 0.517528569
v 0.119835425 -0.0361231736 0.517754682
v 0.11793219 -0.0356741156 0.518662124
v 0.108393076 -0.0455638739 0.50314931
v 0.10575033 -0.0458218442 0.501517933
v 0.0955710697 -0.0457759827 0.499437382
v 0.123860696 -0.0340775758 0.520037987
v 0.124285864 -0.0328613001 0.519581743
v 0.123427882 -0.0336065445 0.519991363
v 0.0949958953 -0.0439778465 0.499350207
v 0.126966829 -0.0280038443 0.519539168
v 0.125791636 -0.0299978465 0.520098844
v 0.12544195 -0.0291589696 0.519031192
v 0.124286825 -0.0300972131 0.519338407
v 0.096528423 -0.0411143929 0.501408427
v 0.10009699 -0.0373805324 0.506325886
v 0.100781086 -0.0333858364 0.510466711
v 0.126533058 -0.0264550755 0.519746002
v 0.111490613 0.00918761581 0.512578657
v 0.114648342 -0.0295277709 0.511914551
v 0.108347214 0.00991948271 0.513321871
v 0.111490613 -0.030180335 0.512578657
v 0.108347214 -0.0309122036 0.513321871
v 0.105313694 0.0108892543 0.514270891
v 0.105313694 -0.0318819753 0.514270891
v 0.0999297887 0.0253937906 0.500753447
v 0.0942439665 0.0275616838 0.501271545
v 0.0917034493 0.0268479676 0.501596013
v 0.0913814669 0.0253192661 0.501482458
v 0.093394579 0.0218433724 0.503850945
v 0.0961997509 0.0173461169 0.509785352
v 0.107865674 0.0232201633 0.520712246
v 0.107438591 0.0199850415 0.520401979
v 0.109131632 0.0245969507 0.514731184
v 0.108629071 0.0180149256 0.519231953
v 0.110056496 0.0175696902 0.517938189
v 0.111688389 0.0169104365 0.517083475
v 0.106000655 0.0259039937 0.512270445
v 0.113416781 0.0158097701 0.516990196
v 0.114485917 0.0148715284 0.516429492
v 0.111511634 0.0158307895 0.516908066
v 0.115138485 0.0138406081 0.517178779
v 0.107154827 0.0252294545 0.505409318
v 0.103925439 0.0265068771 0.507668299
v 0.11729491 0.0141645019 0.519208626
v 0.115881814 0.0129463166 0.519395185
v 0.104070665 0.0259947592 0.503396725
v 0.122210651 0.0135759517 0.519588844
v 0.120665705 0.0144673762 0.520072465
v 0.118605775 0.01404985 0.520071468
v 0.0965169585 0.0274518049 0.503124985
v 0.1217186 0.0132749869 0.520562189
v 0.122222115 0.0106035767 0.519330279
v 0.120359008 0.0110478564 0.519478311
v 0.118968841 0.0115399088 0.519645622
v 0.0987937696 0.0140078094 0.513658486
v 0.102553428 0.0121208154 0.515696431
v 0.116333737 -0.0299758715 0.513289418
v 0.117372303 -0.0304459489 0.514916746
v 0.118447173 -0.0292764903 0.514898495
v 0.119766635 -0.0284519448 0.51704797
v 0.121453942 -0.0280076652 0.516487297
v 0.123196663 -0.0288541857 0.520849128
v 0.122129438 -0.0300245982 0.520862303
v 0.125204047 -0.0273933172 0.519639548
v 0.114823188 0.00919716891 0.514893419
v 0.112849248 0.00961756401 0.515383143
v 0.116351893 0.00973699241 0.515996545
v 0.118296213 0.00832771951 0.518244406
v 0.116357624 0.00975801361 0.520150545
v 0.120176519 0.00863728171 0.520557113
v 0.118310543 0.00884270091 0.521193842
v 0.0999297887 -0.046386508 0.500753447
v 0.0942439665 -0.0485544012 0.501271545
v 0.0917034493 -0.0478406885 0.501596013
v 0.107438591 -0.0409777624 0.520401979
v 0.107865674 -0.0442128843 0.520712246
v 0.110056496 -0.0385624112 0.517938189
v 0.108629071 -0.0390076465 0.519231953
v 0.111688389 -0.0379031574 0.517083475
v 0.109131632 -0.0455896716 0.514731184
v 0.115138485 -0.0348333291 0.517178779
v 0.114485917 -0.0358642476 0.516429492
v 0.113416781 -0.0368024911 0.516990196
v 0.111511634 -0.0368235105 0.516908066
v 0.106000655 -0.0468967146 0.512270445
v 0.11729491 -0.0351572228 0.519208626
v 0.115881814 -0.0339390375 0.519395185
v 0.107154827 -0.0462221755 0.505409318
v 0.103925439 -0.0474995981 0.507668299
v 0.122210651 -0.0345686726 0.519588844
v 0.120665705 -0.0354600972 0.520072465
v 0.118605775 -0.0350425709 0.520071468
v 0.104070665 -0.0469874801 0.503396725
v 0.0965169585 -0.0484445259 0.503124985
v 0.0913814669 -0.0463119835 0.501482458
v 0.1217186 -0.0342677078 0.520562189
v 0.122222115 -0.0315962976 0.519330279
v 0.120359008 -0.0320405773 0.519478311
v 0.118968841 -0.0325326298 0.519645622
v 0.093394579 -0.0428360934 0.503850945
v 0.0961997509 -0.0383388379 0.509785352
v 0.0987937696 -0.0350005303 0.513658486
v 0.102553428 -0.0331135364 0.515696431
v 0.110278158 0.00933761861 0.515917468
v 0.112849248 -0.0306102831 0.515383143
v 0.114823188 -0.0301898899 0.514893419
v 0.107900071 0.010159297 0.516083751
v 0.105252545 0.0111042284 0.518006116
v 0.110278158 -0.0303303395 0.515917468
v 0.105252545 -0.0320969476 0.518006116
v 0.107900071 -0.031152018 0.516083751
v 0.0905769869 0.0297104672 0.50337642
v 0.0877565278 0.029008219 0.503136135
v 0.0876332749 0.0275941659 0.503427124
v 0.0902425826 0.0235832289 0.506267084
v 0.0940872723 0.0186101655 0.513323895
v 0.0950914409 0.0163887672 0.51588299
v 0.105550643 0.0236701752 0.525187663
v 0.103425743 0.0211105499 0.524943269
v 0.107274255 0.0248702081 0.518445137
v 0.105922308 0.0249447326 0.522421704
v 0.102651839 0.0195703822 0.524268043
v 0.104953494 0.0183951914 0.521971533
v 0.107386042 0.017643259 0.520150545
v 0.102438772 0.0270820515 0.514002203
v 0.107621079 0.0147100576 0.519213702
v 0.106938895 0.0165425926 0.519839281
v 0.109475591 0.015813591 0.517696877
v 0.100695097 0.0278655121 0.509824906
v 0.114081767 0.0157639086 0.519261354
v 0.115410785 0.014825667 0.519366781
v 0.112346687 0.0155537129 0.520088691
v 0.11024663 0.015319629 0.520592618
v 0.10045719 0.0274842906 0.505188282
v 0.0954057798 0.0289938858 0.507315457
v 0.117174527 0.0138864696 0.520500335
v 0.118615329 0.0135797726 0.521048862
v 0.11631845 0.0127150997 0.52090793
v 0.114951216 0.0133753091 0.522308149
v 0.092982785 0.0294792521 0.505182209
v 0.119862177 0.0134890053 0.521203995
v 0.0866463065 0.0313691113 0.505611076
v 0.118700364 0.00973603851 0.521260772
v 0.116486609 0.0112590095 0.52034218
v 0.0998848847 0.0134708529 0.517301459
v 0.102916493 0.011270474 0.518695574
v 0.10144416 0.0115227103 0.51918835
v 0.116351893 -0.0307297134 0.515996545
v 0.116357624 -0.0307507328 0.520150545
v 0.118296213 -0.0293204404 0.518244406
v 0.118310543 -0.0298354218 0.521193842
v 0.120176519 -0.0296300027 0.520557113
v 0.113135881 0.00893920041 0.517136203
v 0.110506508 0.00905958631 0.518246431
v 0.113837172 0.00786146471 0.519217751
v 0.115001854 0.00767610931 0.520795403
v 0.114860451 0.00976279021 0.521602465
v 0.0905769869 -0.0507031882 0.50337642
v 0.0877565278 -0.05000094 0.503136135
v 0.0876332749 -0.0485868869 0.503427124
v 0.103425743 -0.0421032709 0.524943269
v 0.105550643 -0.0446628962 0.525187663
v 0.104953494 -0.0393879105 0.521971533
v 0.102651839 -0.0405631014 0.524268043
v 0.107386042 -0.03863598 0.520150545
v 0.107274255 -0.0458629291 0.518445137
v 0.105922308 -0.0459374535 0.522421704
v 0.109475591 -0.036806312 0.517696877
v 0.107621079 -0.0357027786 0.519213702
v 0.106938895 -0.0375353136 0.519839281
v 0.102438772 -0.0480747725 0.514002203
v 0.115410785 -0.0358183879 0.519366781
v 0.114081767 -0.0367566296 0.519261354
v 0.112346687 -0.0365464321 0.520088691
v 0.11024663 -0.0363123499 0.520592618
v 0.100695097 -0.048858233 0.509824906
v 0.118615329 -0.0345724935 0.521048862
v 0.117174527 -0.0348791905 0.520500335
v 0.11631845 -0.0337078206 0.52090793
v 0.114951216 -0.03436803 0.522308149
v 0.10045719 -0.0484770115 0.505188282
v 0.0954057798 -0.0499866067 0.507315457
v 0.119862177 -0.0344817262 0.521203995
v 0.092982785 -0.0504719695 0.505182209
v 0.0866463065 -0.0523618322 0.505611076
v 0.0902425826 -0.0445759498 0.506267084
v 0.118700364 -0.0307287577 0.521260772
v 0.116486609 -0.0322517305 0.52034218
v 0.0940872723 -0.0396028846 0.513323895
v 0.0950914409 -0.0373814881 0.51588299
v 0.0998848847 -0.0344635739 0.517301459
v 0.10144416 -0.0325154313 0.51918835
v 0.102916493 -0.032263195 0.518695574
v 0.108384476 0.0103522961 0.51800107
v 0.110506508 -0.0300523073 0.518246431
v 0.113135881 -0.0299319213 0.517136203
v 0.10346014 0.0112943604 0.519490488
v 0.106717233 0.0120357822 0.5196872
v 0.108384476 -0.031345017 0.51800107
v 0.10346014 -0.0322870814 0.519490488
v 0.106717233 -0.0330285031 0.5196872
v 0.0836710663 0.0303859638 0.505461019
v 0.0836978179 0.0289078968 0.505936542
v 0.0872721189 0.024718294 0.509319952
v 0.0916059959 0.0212185175 0.514553751
v 0.0926694 0.0188776872 0.517632999
v 0.0957229874 0.0151658035 0.5186449
v 0.103416189 0.0238803727 0.530658725
v 0.100221199 0.0222675902 0.530975034
v 0.10509872 0.0250259449 0.526599031
v 0.104327678 0.025314486 0.530796574
v 0.100861344 0.0192894829 0.526832184
v 0.100015778 0.0210197844 0.529446062
v 0.0999508099 0.0281836736 0.517247734
v 0.0963994378 0.0292088599 0.521129994
v 0.101530149 0.0186292735 0.523497453
v 0.100076926 0.0184429624 0.524526579
v 0.104589471 0.0183722606 0.521616666
v 0.0961185385 0.0290416586 0.512604009
v 0.108110265 0.0144320253 0.521367226
v 0.107534137 0.015816458 0.522624489
v 0.104862725 0.017199935 0.52389692
v 0.0921687501 0.0300811781 0.509951635
v 0.113919342 0.0143603679 0.521808271
v 0.112782369 0.0142438029 0.521853899
v 0.110795053 0.0133237154 0.523539032
v 0.108287023 0.0131144735 0.522518035
v 0.0890769449 0.0313557355 0.506645278
v 0.0856058313 0.0325395238 0.509089821
v 0.114524137 0.0118265403 0.522511931
v 0.113519968 0.0123644525 0.52249368
v 0.0824691221 0.0324621341 0.507777805
v 0.0801521799 0.0313337604 0.509017814
v 0.113831442 0.0107488047 0.521110716
v 0.0998609983 0.0128383508 0.519751048
v 0.101739393 0.010143056 0.522563632
v 0.104119392 0.00932137751 0.522406504
v 0.113837172 -0.0288541857 0.519217751
v 0.115001854 -0.0286688302 0.520795403
v 0.114860451 -0.0307555111 0.521602465
v 0.110921169 0.00795796421 0.519531039
v 0.112246364 0.00845192631 0.521126942
v 0.1120505 0.00950673301 0.52096776
v 0.0836710663 -0.0513786848 0.505461019
v 0.0836978179 -0.0499006178 0.505936542
v 0.0872721189 -0.045711015 0.509319952
v 0.100221199 -0.0432603111 0.530975034
v 0.103416189 -0.0448730937 0.530658725
v 0.100015778 -0.0420125054 0.529446062
v 0.100861344 -0.0402822021 0.526832184
v 0.104327678 -0.046307207 0.530796574
v 0.10509872 -0.0460186659 0.526599031
v 0.104589471 -0.0393649816 0.521616666
v 0.101530149 -0.0396219945 0.523497453
v 0.100076926 -0.0394356834 0.524526579
v 0.0999508099 -0.0491763945 0.517247734
v 0.0963994378 -0.0502015808 0.521129994
v 0.108110265 -0.0354247463 0.521367226
v 0.107534137 -0.036809179 0.522624489
v 0.104862725 -0.038192656 0.52389692
v 0.0961185385 -0.0500343795 0.512604009
v 0.113919342 -0.0353530888 0.521808271
v 0.112782369 -0.0352365238 0.521853899
v 0.110795053 -0.0343164363 0.523539032
v 0.108287023 -0.0341071945 0.522518035
v 0.0921687501 -0.0510738991 0.509951635
v 0.114524137 -0.0328192613 0.522511931
v 0.113519968 -0.0333571734 0.52249368
v 0.0890769449 -0.0523484564 0.506645278
v 0.0856058313 -0.0535322447 0.509089821
v 0.0824691221 -0.0534548551 0.507777805
v 0.0801521799 -0.0523264814 0.509017814
v 0.0916059959 -0.0422112349 0.514553751
v 0.113831442 -0.0317415256 0.521110716
v 0.0926694 -0.0398704081 0.517632999
v 0.0957229874 -0.0361585245 0.5186449
v 0.0998609983 -0.0338310717 0.519751048
v 0.101739393 -0.0311357751 0.522563632
v 0.104119392 -0.0303140967 0.522406504
v 0.108923346 0.00810127911 0.521474708
v 0.110921169 -0.0289506852 0.519531039
v 0.107095589 0.0111262035 0.521354052
v 0.108923346 -0.0290940001 0.521474708
v 0.107095589 -0.0321189244 0.521354052
v 0.0803824412 0.029616833 0.509686996
v 0.0845443385 0.0250813595 0.513033904
v 0.0891877759 0.0231542381 0.516851289
v 0.090728901 0.0209557706 0.520203274
v 0.0941531975 0.0176040855 0.52035333
v 0.0971494588 0.0174378399 0.526327261
v 0.10292127 0.0247928185 0.538790259
v 0.10118046 0.0244450365 0.537798663
v 0.103726706 0.0257234166 0.534988073
v 0.0992839125 0.0217048341 0.532001138
v 0.0992093881 0.0224500786 0.534489253
v 0.0955471868 0.0300219408 0.525576977
v 0.0982424817 0.0296263897 0.529961138
v 0.0968026344 0.0159855706 0.523200361
v 0.0967137767 0.019615288 0.529550492
v 0.0962828746 0.0209538592 0.532493854
v 0.0937528697 0.030087866 0.516012771
v 0.0926579338 0.031224839 0.520250925
v 0.102597378 0.0173432517 0.525228214
v 0.100687452 0.0171330542 0.52564291
v 0.0897190019 0.0308655926 0.513571281
v 0.107520761 0.0144759755 0.523864467
v 0.105317517 0.015905314 0.525167357
v 0.103138155 0.016288445 0.526205608
v 0.0833185078 0.0325892079 0.513810568
v 0.112683958 0.0129023664 0.52289215
v 0.110859067 0.0126921689 0.523508634
v 0.107985102 0.0122278255 0.522660991
v 0.106859594 0.012856505 0.525171406
v 0.106341746 0.0126262437 0.524426198
v 0.0795244562 0.0323255072 0.51220554
v 0.0780616772 0.0320245441 0.517571145
v 0.112090628 0.0110086846 0.520948481
v 0.078024415 0.0314541463 0.514095482
v 0.0780053061 0.0300859547 0.514525377
v 0.100064504 0.0119287721 0.521815372
v 0.100512608 0.0107564483 0.524490077
v 0.102608843 0.010143056 0.523734716
v 0.105074834 0.00932137751 0.523794545
v 0.112246364 -0.0294446472 0.521126942
v 0.1120505 -0.0304994521 0.52096776
v 0.110195038 0.00901085781 0.52308584
v 0.110686131 0.00992808191 0.522852626
v 0.110488356 0.0112131481 0.522207768
v 0.0803824412 -0.0506095539 0.509686996
v 0.0845443385 -0.0460740805 0.513033904
v 0.0891877759 -0.0441469591 0.516851289
v 0.10118046 -0.0454377575 0.537798663
v 0.10292127 -0.0457855394 0.538790259
v 0.0992839125 -0.0426975551 0.532001138
v 0.0992093881 -0.0434427995 0.534489253
v 0.103726706 -0.0467161375 0.534988073
v 0.0971494588 -0.0384305608 0.526327261
v 0.0967137767 -0.040608009 0.529550492
v 0.0962828746 -0.0419465802 0.532493854
v 0.0968026344 -0.0369782916 0.523200361
v 0.0955471868 -0.0510146618 0.525576977
v 0.0982424817 -0.050619107 0.529961138
v 0.102597378 -0.0383359726 0.525228214
v 0.100687452 -0.0381257751 0.52564291
v 0.0937528697 -0.051080587 0.516012771
v 0.0926579338 -0.0522175599 0.520250925
v 0.107520761 -0.0354686964 0.523864467
v 0.105317517 -0.0368980349 0.525167357
v 0.103138155 -0.0372811659 0.526205608
v 0.0897190019 -0.0518583135 0.513571281
v 0.112683958 -0.0338950874 0.52289215
v 0.110859067 -0.0336848899 0.523508634
v 0.107985102 -0.0332205465 0.522660991
v 0.106859594 -0.0338492259 0.525171406
v 0.106341746 -0.0336189647 0.524426198
v 0.0833185078 -0.0535819289 0.513810568
v 0.112090628 -0.0320014037 0.520948481
v 0.0795244562 -0.0533182281 0.51220554
v 0.0780616772 -0.0530172615 0.517571145
v 0.078024415 -0.0524468673 0.514095482
v 0.0780053061 -0.0510786756 0.514525377
v 0.090728901 -0.0419484915 0.520203274
v 0.0941531975 -0.0385968064 0.52035333
v 0.100064504 -0.032921493 0.521815372
v 0.100512608 -0.0317491674 0.524490077
v 0.102608843 -0.0311357751 0.523734716
v 0.105074834 -0.0303140967 0.523794545
v 0.104713676 0.0107526256 0.5244627
v 0.105114007 0.0121322817 0.52303713
v 0.110195038 -0.0300035788 0.52308584
v 0.104713676 -0.0317453465 0.5244627
v 0.105114007 -0.0331250026 0.52303713
v 0.110686131 -0.0309208011 0.522852626
v 0.110488356 -0.032205869 0.522207768
v 0.0830395199 0.0256221405 0.517497144
v 0.0877307301 0.0236472463 0.520958634
v 0.0895680417 0.0223038949 0.524025704
v 0.0933143223 0.0193105023 0.523460951
v 0.0940576554 0.0205086239 0.526931537
v 0.10454934 0.0257301045 0.546364171
v 0.10187602 0.0253125782 0.544770293
v 0.10383945 0.0259489012 0.53925868
v 0.104317171 0.0261046345 0.543537385
v 0.099630737 0.0249886827 0.541872558
v 0.0988902691 0.0239577624 0.538999117
v 0.0987354898 0.0233644356 0.537187255
v 0.0995667232 0.0292700085 0.534308798
v 0.096209304 0.0219389181 0.534435528
v 0.0960038866 0.0231074192 0.536714784
v 0.0913852878 0.0320713595 0.524483973
v 0.0927305487 0.0326302928 0.529095245
v 0.0986485434 0.0139657706 0.5248835
v 0.0934098661 0.021961847 0.53024705
v 0.0929904285 0.02360425 0.533540203
v 0.0889221637 0.0321019338 0.518251477
v 0.0880899765 0.0328051359 0.522957055
v 0.100548913 0.0151371405 0.526943745
v 0.0817687852 0.0324506696 0.519125469
v 0.104335323 0.0140785129 0.525634751
v 0.103055032 0.0149699375 0.526740929
v 0.0781104048 0.032173593 0.523266295
v 0.103075099 0.0123453444 0.523269316
v 0.0768855307 0.0316070143 0.519652723
v 0.0765281957 0.0315152914 0.525381292
v 0.0763992114 0.0299990083 0.519763226
v 0.0822379051 0.0258256465 0.522379128
v 0.100511651 0.0113641083 0.525230208
v 0.102091948 0.0132835861 0.523981104
v 0.0830395199 -0.0466148579 0.517497144
v 0.0877307301 -0.0446399637 0.520958634
v 0.0895680417 -0.0432966159 0.524025704
v 0.10187602 -0.0463052956 0.544770293
v 0.10454934 -0.0467228254 0.546364171
v 0.0988902691 -0.0449504834 0.538999117
v 0.099630737 -0.0459814037 0.541872558
v 0.0987354898 -0.0443571566 0.537187255
v 0.104317171 -0.0470973554 0.543537385
v 0.10383945 -0.0469416186 0.53925868
v 0.096209304 -0.042931639 0.534435528
v 0.0960038866 -0.0441001402 0.536714784
v 0.0995667232 -0.0502627294 0.534308798
v 0.0933143223 -0.0403032233 0.523460951
v 0.0940576554 -0.0415013448 0.526931537
v 0.0934098661 -0.042954568 0.53024705
v 0.0929904285 -0.044596971 0.533540203
v 0.0986485434 -0.0349584916 0.5248835
v 0.0913852878 -0.0530640805 0.524483973
v 0.0927305487 -0.0536230138 0.529095245
v 0.100548913 -0.0361298615 0.526943745
v 0.0889221637 -0.0530946548 0.518251477
v 0.0880899765 -0.0537978569 0.522957055
v 0.104335323 -0.0350712339 0.525634751
v 0.103055032 -0.0359626584 0.526740929
v 0.0817687852 -0.0534433906 0.519125469
v 0.103075099 -0.0333380654 0.523269316
v 0.0781104048 -0.0531663104 0.523266295
v 0.0768855307 -0.0525997353 0.519652723
v 0.0765281957 -0.0525080123 0.525381292
v 0.0763992114 -0.0509917293 0.519763226
v 0.0822379051 -0.0468183675 0.522379128
v 0.100511651 -0.0323568275 0.525230208
v 0.102091948 -0.0342763071 0.523981104
v 0.086768602 0.0241985342 0.525299163
v 0.0891610242 0.0229488172 0.527837015
v 0.0885552755 0.023616672 0.532079158
v 0.10618792 0.0258514443 0.553109658
v 0.103410455 0.0258734194 0.550758425
v 0.104937249 0.0263033675 0.547757288
v 0.105809567 0.0265642031 0.55190316
v 0.101927615 0.0259966705 0.549363314
v 0.100317698 0.0255734102 0.545042003
v 0.100831724 0.0286976993 0.538683774
v 0.101370593 0.0289795561 0.543030407
v 0.096022039 0.0253163974 0.540501741
v 0.0958414619 0.024092478 0.538425239
v 0.096249435 0.0263482751 0.542019533
v 0.0925939199 0.0327277462 0.533676118
v 0.0926713114 0.0251224444 0.536925698
v 0.0886756615 0.0336096177 0.527680855
v 0.0877995223 0.0341026258 0.532440128
v 0.0991262644 0.0135425103 0.525890265
v 0.0884912599 0.0252198978 0.535998947
v 0.0881893412 0.0271040266 0.539879213
v 0.0821490492 0.032912146 0.524171712
v 0.0848099506 0.033849432 0.529133801
v 0.100352092 0.0145065498 0.52629789
v 0.0806633404 0.0330459077 0.528479788
v 0.102258195 0.0144769311 0.526371861
v 0.0771177024 0.0318009708 0.531092638
v 0.0761679954 0.0297505947 0.525366063
v 0.0766141855 0.0297496408 0.53098416
v 0.0818576411 0.0256097186 0.526987318
v 0.0878109868 0.0262403076 0.529068895
v 0.100853699 0.0137517522 0.525066977
v 0.086768602 -0.0451912552 0.525299163
v 0.0891610242 -0.0439415381 0.527837015
v 0.103410455 -0.0468661403 0.550758425
v 0.10618792 -0.0468441652 0.553109658
v 0.100317698 -0.0465661312 0.545042003
v 0.101927615 -0.0469893914 0.549363314
v 0.105809567 -0.047556924 0.55190316
v 0.104937249 -0.0472960885 0.547757288
v 0.0958414619 -0.045085199 0.538425239
v 0.096022039 -0.0463091183 0.540501741
v 0.096249435 -0.0473409925 0.542019533
v 0.100831724 -0.0496904203 0.538683774
v 0.101370593 -0.049972277 0.543030407
v 0.0926713114 -0.0461151654 0.536925698
v 0.0925939199 -0.0537204672 0.533676118
v 0.0885552755 -0.0446093893 0.532079158
v 0.0884912599 -0.0462126188 0.535998947
v 0.0881893412 -0.0480967475 0.539879213
v 0.0991262644 -0.0345352313 0.525890265
v 0.0886756615 -0.0546023386 0.527680855
v 0.0877995223 -0.0550953467 0.532440128
v 0.100352092 -0.0354992707 0.52629789
v 0.0821490492 -0.053904867 0.524171712
v 0.0848099506 -0.054842153 0.529133801
v 0.102258195 -0.0354696521 0.526371861
v 0.0806633404 -0.0540386287 0.528479788
v 0.0771177024 -0.0527936918 0.531092638
v 0.0761679954 -0.0507433156 0.525366063
v 0.0766141855 -0.0507423617 0.53098416
v 0.0818576411 -0.0466024395 0.526987318
v 0.0878109868 -0.0472330285 0.529068895
v 0.100853699 -0.0347444731 0.525066977
v 0.0865029899 0.0271871503 0.532859901
v 0.106662776 0.0263903139 0.556935171
v 0.105179932 0.0268804532 0.556899697
v 0.10693603 0.0268833185 0.55597905
v 0.10331969 0.0270944734 0.557596255
v 0.101235874 0.0298920018 0.547560577
v 0.102049909 0.0295298902 0.552016715
v 0.0963879733 0.0271403349 0.543850673
v 0.0969612364 0.0281722091 0.546266812
v 0.0925528368 0.0325175487 0.538225506
v 0.0926846872 0.0326866613 0.542845903
v 0.0921601508 0.026843191 0.540093148
v 0.0915591787 0.0289126734 0.542983752
v 0.0872663867 0.0341895686 0.537291684
v 0.0869195622 0.0288515248 0.543375121
v 0.0848959395 0.0344312943 0.534437522
v 0.0838248918 0.0347867181 0.539603394
v 0.0844640818 0.0277823884 0.536654955
v 0.0823812218 0.0287540714 0.540295903
v 0.081111441 0.0340701401 0.534000526
v 0.0795301884 0.0344274752 0.539361055
v 0.077156876 0.0327057712 0.536748204
v 0.0759558874 0.0309286525 0.536355869
v 0.0800002658 0.0266454154 0.531213324
v 0.0780215489 0.0283976938 0.53525374
v 0.105179932 -0.0478731742 0.556899697
v 0.106662776 -0.0473830348 0.556935171
v 0.10331969 -0.0480871944 0.557596255
v 0.10693603 -0.0478760394 0.55597905
v 0.0963879733 -0.0481330523 0.543850673
v 0.0969612364 -0.04916493 0.546266812
v 0.101235874 -0.0508847227 0.547560577
v 0.102049909 -0.0505226111 0.552016715
v 0.0921601508 -0.047835912 0.540093148
v 0.0915591787 -0.0499053944 0.542983752
v 0.0925528368 -0.0535102697 0.538225506
v 0.0926846872 -0.0536793823 0.542845903
v 0.0869195622 -0.0498442457 0.543375121
v 0.0872663867 -0.0551822895 0.537291684
v 0.0865029899 -0.0481798712 0.532859901
v 0.0844640818 -0.0487751093 0.536654955
v 0.0823812218 -0.0497467923 0.540295903
v 0.0848959395 -0.0554240153 0.534437522
v 0.0838248918 -0.055779439 0.539603394
v 0.081111441 -0.0550628611 0.534000526
v 0.0795301884 -0.0554201961 0.539361055
v 0.077156876 -0.0536984921 0.536748204
v 0.0759558874 -0.0519213735 0.536355869
v 0.0800002658 -0.0476381364 0.531213324
v 0.0780215489 -0.0493904112 0.53525374
v 0.10758764 0.026951155 0.561338551
v 0.107532225 0.0278444909 0.560277033
v 0.106189831 0.0274422518 0.56152511
v 0.104522588 0.027679201 0.562131441
v 0.10435061 0.0291142717 0.557868993
v 0.10076771 0.0279161501 0.557308289
v 0.092672267 0.032395255 0.547423694
v 0.0979138096 0.0321583059 0.556088556
v 0.0912992988 0.031008911 0.545943371
v 0.0942869592 0.031480898 0.547668028
v 0.0896559419 0.032468822 0.548736677
v 0.0877670366 0.0342554938 0.542232441
v 0.0866463065 0.0337386028 0.546774757
v 0.0845013422 0.0305741863 0.546079226
v 0.0827232697 0.0319825018 0.54956202
v 0.0820047787 0.0354325978 0.54451073
v 0.0808792702 0.0295279788 0.544367744
v 0.0785116891 0.0354268637 0.54479362
v 0.0776928777 0.0368743564 0.550221049
v 0.0763170443 0.0301967875 0.539355011
v 0.0757733981 0.0308264226 0.544130481
v 0.076419276 0.0335694902 0.542347023
v 0.0761412428 0.0354966116 0.547590975
v 0.0752345302 0.0321649938 0.541713376
v 0.104522588 -0.0486719219 0.562131441
v 0.106189831 -0.0484349728 0.56152511
v 0.10758764 -0.047943876 0.561338551
v 0.107532225 -0.0488372118 0.560277033
v 0.10076771 -0.0489088711 0.557308289
v 0.10435061 -0.0501069926 0.557868993
v 0.0912992988 -0.052001632 0.545943371
v 0.0942869592 -0.0524736189 0.547668028
v 0.0896559419 -0.053461543 0.548736677
v 0.092672267 -0.0533879724 0.547423694
v 0.0979138096 -0.0531510233 0.556088556
v 0.0845013422 -0.0515669037 0.546079226
v 0.0827232697 -0.0529752227 0.54956202
v 0.0877670366 -0.0552482147 0.542232441
v 0.0866463065 -0.0547313238 0.546774757
v 0.0808792702 -0.0505206998 0.544367744
v 0.0820047787 -0.0564253187 0.54451073
v 0.0763170443 -0.0511895049 0.539355011
v 0.0757733981 -0.05181914 0.544130481
v 0.0785116891 -0.0564195847 0.54479362
v 0.0776928777 -0.0578670773 0.550221049
v 0.076419276 -0.0545622111 0.542347023
v 0.0761412428 -0.0564893326 0.547590975
v 0.0752345302 -0.0531577147 0.541713376
v 0.10708699 0.0278425831 0.564584081
v 0.107128075 0.0287368729 0.56375064
v 0.105693004 0.0283327225 0.564780793
v 0.103369374 0.030303794 0.563004405
v 0.104001874 0.0290177722 0.564842617
v 0.0927668552 0.033503565 0.552262076
v 0.0962618534 0.032418184 0.556141254
v 0.099812268 0.0314321713 0.563242696
v 0.0865584063 0.033997527 0.550895308
v 0.0893473353 0.0338542086 0.550791905
v 0.0805018714 0.0326579984 0.552988005
v 0.0816455323 0.0358959855 0.54967352
v 0.0835191504 0.0353571159 0.551952837
v 0.0789187075 0.0299531504 0.548250004
v 0.0781190041 0.0290282828 0.552333025
v 0.0787524601 0.0390403383 0.554718766
v 0.0753702024 0.0301891421 0.549012496
v 0.0759711746 0.0369603453 0.553067113
v 0.0758928283 0.0396986364 0.55784361
v 0.0740985121 0.0325672329 0.547158028
v 0.0725554765 0.0321802809 0.552409051
v 0.104001874 -0.0500104931 0.564842617
v 0.105693004 -0.0493254434 0.564780793
v 0.10708699 -0.0488353005 0.564584081
v 0.107128075 -0.0497295938 0.56375064
v 0.103369374 -0.051296515 0.563004405
v 0.0927668552 -0.0544962859 0.552262076
v 0.0962618534 -0.0534109049 0.556141254
v 0.099812268 -0.0524248922 0.563242696
v 0.0805018714 -0.0536507193 0.552988005
v 0.0893473353 -0.0548469295 0.550791905
v 0.0865584063 -0.054990248 0.550895308
v 0.0789187075 -0.0509458678 0.548250004
v 0.0781190041 -0.0500210037 0.552333025
v 0.0816455323 -0.0568887064 0.54967352
v 0.0835191504 -0.0563498368 0.551952837
v 0.0753702024 -0.0511818631 0.549012496
v 0.0787524601 -0.0600330592 0.554718766
v 0.0740985121 -0.0535599538 0.547158028
v 0.0725554765 -0.0531729983 0.552409051
v 0.0759711746 -0.0579530663 0.553067113
v 0.0758928283 -0.0606913573 0.55784361
v 0.105270698 0.0301652557 0.566082656
v 0.101692574 0.0315019156 0.566332065
v 0.0834427164 0.0348870402 0.552805495
v 0.0786970446 0.0334615262 0.560725149
v 0.0795196796 0.0368600231 0.557845665
v 0.0798340184 0.0390871537 0.556322736
v 0.0748800622 0.0284473744 0.553484831
v 0.0777530698 0.0268680313 0.557411691
v 0.0741892785 0.0264256648 0.559557147
v 0.0798598162 0.0405661781 0.556855036
v 0.0717309319 0.0298977322 0.557306234
v 0.076055253 0.0401668042 0.562656671
v 0.0735539111 0.0367444173 0.561784672
v 0.0715130913 0.0316595637 0.560960357
v 0.105270698 -0.0511579767 0.566082656
v 0.101692574 -0.0524946365 0.566332065
v 0.0795196796 -0.0578527441 0.557845665
v 0.0786970446 -0.0544542436 0.560725149
v 0.0834427164 -0.0558797612 0.552805495
v 0.0748800622 -0.0494400953 0.553484831
v 0.0777530698 -0.0478607523 0.557411691
v 0.0741892785 -0.0474183857 0.559557147
v 0.0798340184 -0.0600798746 0.556322736
v 0.0717309319 -0.0508904532 0.557306234
v 0.0798598162 -0.0615588955 0.556855036
v 0.076055253 -0.0611595216 0.562656671
v 0.0735539111 -0.0577371383 0.561784672
v 0.0715130913 -0.0526522847 0.560960357
v 0.0792502448 0.0347007291 0.563152468
v 0.0782355673 0.031394909 0.563138266
v 0.0767966748 0.0265212068 0.558459067
v 0.0800327497 0.0378211955 0.561929653
v 0.071032505 0.0290789208 0.560120873
v 0.071564685 0.0283766726 0.563103759
v 0.0736828954 0.0262374423 0.563073361
v 0.076276915 0.0257023954 0.561714751
v 0.0781562663 0.0399288976 0.563180872
v 0.0747310133 0.0365600176 0.564162315
v 0.0772180237 0.0361300694 0.565030203
v 0.0730570821 0.0321067104 0.564493854
v 0.0800327497 -0.0588139165 0.561929653
v 0.0792502448 -0.0556934501 0.563152468
v 0.0782355673 -0.05238763 0.563138266
v 0.0767966748 -0.0475139278 0.558459067
v 0.071032505 -0.0500716417 0.560120873
v 0.071564685 -0.0493693935 0.563103759
v 0.0736828954 -0.0472301633 0.563073361
v 0.076276915 -0.0466951163 0.561714751
v 0.0781562663 -0.0609216186 0.563180872
v 0.0772180237 -0.0571227903 0.565030203
v 0.0747310133 -0.0575527385 0.564162315
v 0.0730570821 -0.0530994313 0.564493854
v 0.0753539605 0.0308140006 0.565193435
v 0.0753539605 -0.0518067216 0.565193435
f 1 2 3
f 1 3 4
f 5 6 2
f 5 2 1
f 1 4 7
f 1 7 8
f 5 1 8
f 2 9 10
f 2 10 3
f 6 11 9
f 6 9 2
f 4 3 12
f 4 12 13
f 3 10 14
f 3 14 12
f 15 7 4
f 15 4 13
f 16 17 5
f 17 6 5
f 16 5 18
f 16 18 19
f 18 5 8
f 17 11 6
f 20 8 7
f 20 7 21
f 21 7 15
f 21 15 22
f 23 18 8
f 23 8 20
f 9 24 25
f 9 25 10
f 11 26 24
f 11 24 9
f 10 25 27
f 10 27 14
f 28 29 11
f 28 11 17
f 29 30 26
f 29 26 11
f 13 12 31
f 13 31 32
f 12 14 33
f 12 33 31
f 15 13 32
f 14 27 34
f 14 34 33
f 22 15 35
f 22 35 36
f 15 32 35
f 37 28 17
f 37 17 16
f 37 16 19
f 38 19 18
f 38 18 23
f 39 40 19
f 39 19 38
f 41 37 19
f 41 19 40
f 42 43 20
f 42 20 21
f 20 43 23
f 21 22 44
f 21 44 42
f 36 44 22
f 43 45 38
f 43 38 23
f 24 46 25
f 26 47 24
f 47 46 24
f 25 46 48
f 25 49 27
f 50 49 25
f 30 47 26
f 27 51 34
f 27 49 51
f 41 52 28
f 41 28 37
f 52 53 29
f 52 29 28
f 53 54 29
f 54 30 29
f 47 30 55
f 47 55 56
f 30 54 57
f 30 57 55
f 32 31 58
f 31 33 58
f 32 58 59
f 60 35 32
f 60 32 59
f 58 33 61
f 58 61 62
f 33 34 63
f 33 63 61
f 34 51 63
f 36 35 60
f 36 60 64
f 36 64 65
f 36 65 44
f 38 45 39
f 39 66 40
f 45 66 39
f 67 41 40
f 67 40 68
f 69 68 40
f 69 40 70
f 66 70 40
f 67 71 52
f 67 52 41
f 72 43 42
f 72 42 73
f 73 42 44
f 73 44 74
f 75 45 43
f 75 43 72
f 74 44 65
f 74 65 76
f 77 78 45
f 77 45 75
f 66 45 70
f 45 78 69
f 45 69 70
f 48 46 50
f 50 46 56
f 46 47 56
f 79 48 80
f 48 50 80
f 81 48 82
f 82 48 50
f 48 49 50
f 81 49 48
f 81 51 49
f 80 50 56
f 82 50 79
f 81 83 63
f 81 63 51
f 84 53 52
f 84 52 71
f 85 54 53
f 85 53 84
f 86 54 85
f 54 86 57
f 87 55 88
f 87 88 89
f 55 57 88
f 90 55 87
f 90 87 91
f 92 55 90
f 56 55 92
f 80 56 92
f 88 57 93
f 88 93 94
f 86 95 93
f 86 93 57
f 59 58 62
f 59 62 96
f 60 59 96
f 64 60 97
f 64 97 98
f 97 60 96
f 97 96 99
f 62 61 100
f 62 100 101
f 61 102 100
f 61 63 102
f 96 62 101
f 96 101 99
f 83 103 102
f 83 102 63
f 98 65 64
f 76 65 104
f 76 104 105
f 106 65 107
f 106 108 104
f 106 104 65
f 98 107 65
f 109 110 71
f 109 71 67
f 109 67 68
f 109 68 111
f 69 112 111
f 69 111 68
f 69 78 112
f 110 113 84
f 110 84 71
f 114 72 73
f 114 73 115
f 116 75 72
f 116 72 114
f 115 73 74
f 115 74 117
f 117 74 76
f 117 76 118
f 119 77 75
f 119 75 116
f 118 76 105
f 118 105 120
f 121 122 78
f 121 78 77
f 123 121 77
f 123 77 119
f 112 78 124
f 78 122 125
f 78 125 124
f 126 79 127
f 126 127 128
f 79 129 127
f 79 80 129
f 130 131 79
f 130 79 126
f 131 132 79
f 132 82 79
f 129 80 92
f 129 92 90
f 133 83 81
f 133 81 82
f 134 133 82
f 134 82 132
f 135 136 83
f 135 83 137
f 136 103 83
f 138 137 83
f 138 83 134
f 134 83 133
f 113 139 85
f 113 85 84
f 139 95 86
f 139 86 85
f 140 87 89
f 140 89 141
f 91 87 140
f 89 88 94
f 89 94 142
f 141 89 142
f 141 142 143
f 128 127 90
f 128 90 91
f 127 129 90
f 91 140 144
f 145 128 91
f 145 91 144
f 93 146 94
f 93 147 146
f 95 148 147
f 95 147 93
f 94 146 149
f 94 149 142
f 148 95 139
f 150 97 99
f 150 99 151
f 97 107 98
f 106 97 150
f 106 150 108
f 97 106 107
f 99 101 152
f 99 152 151
f 152 101 100
f 152 100 153
f 153 100 102
f 153 102 154
f 154 102 155
f 103 155 102
f 156 157 103
f 156 103 136
f 103 157 158
f 103 158 155
f 105 104 159
f 105 159 160
f 161 104 108
f 162 104 161
f 162 163 159
f 162 159 104
f 120 105 160
f 120 160 164
f 150 165 161
f 150 161 108
f 166 167 110
f 166 110 109
f 166 109 111
f 167 113 110
f 168 169 111
f 168 111 170
f 169 166 111
f 112 124 170
f 112 170 111
f 167 171 139
f 167 139 113
f 172 114 115
f 172 115 173
f 174 116 114
f 174 114 172
f 173 115 117
f 173 117 175
f 176 119 116
f 176 116 174
f 175 117 118
f 175 118 177
f 177 118 120
f 177 120 178
f 179 123 119
f 179 119 176
f 178 120 164
f 178 164 180
f 181 182 122
f 181 122 121
f 183 181 121
f 183 121 123
f 122 182 184
f 122 184 125
f 185 183 123
f 185 123 179
f 124 125 186
f 124 186 170
f 125 184 187
f 125 187 186
f 188 126 128
f 188 128 145
f 189 130 126
f 189 126 188
f 190 138 130
f 190 130 189
f 138 134 131
f 138 131 130
f 134 132 131
f 191 192 135
f 191 135 193
f 192 156 136
f 192 136 135
f 193 135 137
f 193 137 194
f 194 137 138
f 190 194 138
f 171 148 139
f 141 195 140
f 195 196 144
f 195 144 140
f 143 195 141
f 143 142 149
f 143 149 197
f 197 195 143
f 144 196 145
f 196 198 188
f 196 188 145
f 149 146 199
f 149 199 200
f 146 201 199
f 146 147 201
f 148 202 147
f 147 202 201
f 203 148 171
f 202 148 203
f 202 203 204
f 197 149 200
f 197 200 205
f 165 150 151
f 165 151 206
f 151 152 207
f 151 207 206
f 152 153 208
f 152 208 207
f 153 154 209
f 153 209 208
f 154 155 158
f 154 158 209
f 192 210 211
f 192 211 156
f 156 211 157
f 211 212 157
f 157 212 213
f 157 213 158
f 209 158 213
f 160 159 214
f 160 214 215
f 163 216 214
f 163 214 159
f 164 160 215
f 164 215 217
f 165 218 162
f 165 162 161
f 218 219 163
f 218 163 162
f 219 220 216
f 219 216 163
f 180 164 217
f 180 217 221
f 218 165 222
f 218 222 223
f 165 224 222
f 165 206 224
f 169 225 167
f 169 167 166
f 226 171 167
f 226 167 225
f 168 227 225
f 168 225 169
f 228 229 227
f 228 227 168
f 228 168 186
f 228 186 187
f 186 168 170
f 203 171 226
f 230 172 173
f 230 173 231
f 232 174 172
f 232 172 230
f 231 173 175
f 231 175 233
f 234 176 174
f 234 174 232
f 233 175 177
f 233 177 235
f 236 179 176
f 236 176 234
f 235 177 178
f 235 178 237
f 237 178 180
f 237 180 238
f 239 185 179
f 239 179 236
f 238 180 221
f 238 221 240
f 241 242 181
f 241 181 183
f 181 242 182
f 242 243 182
f 182 243 244
f 182 244 184
f 245 241 183
f 245 183 185
f 246 184 244
f 246 244 247
f 187 184 246
f 248 245 185
f 248 185 239
f 246 228 187
f 189 188 198
f 189 198 249
f 189 249 190
f 194 190 249
f 194 249 250
f 251 210 192
f 251 192 191
f 191 250 251
f 193 250 191
f 194 250 193
f 195 252 253
f 195 253 196
f 254 255 252
f 254 252 195
f 254 195 197
f 254 197 205
f 196 253 256
f 196 256 198
f 198 256 257
f 198 257 249
f 200 199 258
f 200 258 259
f 199 201 260
f 199 260 258
f 205 200 259
f 205 259 261
f 262 263 260
f 262 260 201
f 262 201 202
f 262 202 204
f 264 203 226
f 204 203 264
f 265 204 264
f 265 263 204
f 263 262 204
f 261 254 205
f 206 207 266
f 206 266 224
f 207 208 266
f 208 209 267
f 208 267 266
f 209 213 267
f 268 269 210
f 268 210 251
f 269 270 211
f 269 211 210
f 270 271 211
f 271 212 211
f 212 272 213
f 271 272 212
f 267 213 273
f 274 273 213
f 274 213 272
f 214 275 276
f 214 276 215
f 216 277 275
f 216 275 214
f 217 215 276
f 217 276 278
f 279 277 216
f 279 216 280
f 280 216 220
f 221 217 278
f 221 278 281
f 218 223 219
f 220 219 223
f 220 223 282
f 220 282 280
f 240 221 281
f 240 281 283
f 224 266 284
f 224 284 222
f 222 284 285
f 222 285 223
f 223 285 286
f 223 286 282
f 287 226 225
f 287 225 227
f 264 226 287
f 229 288 287
f 229 287 227
f 289 229 228
f 289 228 246
f 289 246 247
f 290 288 229
f 289 291 290
f 289 290 229
f 292 230 231
f 292 231 293
f 294 232 230
f 294 230 292
f 293 231 233
f 293 233 295
f 296 234 232
f 296 232 294
f 295 233 235
f 295 235 297
f 298 236 234
f 298 234 296
f 297 235 237
f 297 237 299
f 300 239 236
f 300 236 298
f 299 237 238
f 299 238 301
f 301 238 240
f 301 240 302
f 303 248 239
f 303 239 300
f 302 240 283
f 302 283 304
f 305 306 242
f 305 242 241
f 307 305 241
f 307 241 245
f 306 308 243
f 306 243 242
f 243 308 309
f 243 309 244
f 244 310 247
f 309 311 310
f 309 310 244
f 312 307 245
f 312 245 248
f 313 289 247
f 313 247 310
f 314 312 248
f 314 248 303
f 249 257 315
f 249 315 250
f 250 315 316
f 250 316 317
f 268 251 250
f 268 250 317
f 252 318 319
f 252 319 253
f 255 320 318
f 255 318 252
f 253 319 321
f 253 321 256
f 322 323 255
f 322 255 254
f 322 254 261
f 322 261 324
f 323 325 320
f 323 320 255
f 256 321 326
f 256 326 257
f 257 326 327
f 257 327 315
f 258 328 329
f 258 329 259
f 260 328 258
f 261 259 329
f 261 329 324
f 260 330 328
f 263 331 330
f 263 330 260
f 331 263 265
f 288 332 264
f 288 264 287
f 332 265 264
f 333 265 332
f 333 331 265
f 284 266 267
f 284 267 334
f 334 267 273
f 335 336 269
f 335 269 268
f 268 317 335
f 336 337 270
f 336 270 269
f 337 338 271
f 337 271 270
f 272 271 338
f 272 338 339
f 272 339 340
f 274 272 340
f 334 273 341
f 341 273 274
f 341 274 342
f 274 339 342
f 274 340 339
f 276 275 343
f 276 343 344
f 277 345 343
f 277 343 275
f 278 276 344
f 278 344 346
f 279 347 277
f 277 347 348
f 277 348 345
f 281 278 346
f 281 346 349
f 347 279 350
f 347 350 351
f 279 280 282
f 279 282 350
f 283 281 349
f 283 349 352
f 282 286 350
f 304 283 352
f 304 352 353
f 285 284 334
f 285 334 354
f 285 354 355
f 285 355 286
f 286 355 356
f 286 356 357
f 286 357 350
f 290 333 288
f 333 332 288
f 291 289 313
f 358 333 290
f 358 290 291
f 359 360 291
f 359 291 313
f 360 361 358
f 360 358 291
f 362 292 293
f 362 293 363
f 364 294 292
f 364 292 362
f 363 293 295
f 363 295 365
f 366 296 294
f 366 294 364
f 365 295 297
f 365 297 367
f 368 298 296
f 368 296 366
f 367 297 299
f 367 299 369
f 370 300 298
f 370 298 368
f 369 299 301
f 369 301 371
f 372 303 300
f 372 300 370
f 371 301 302
f 371 302 373
f 373 302 304
f 373 304 374
f 375 314 303
f 375 303 372
f 374 304 353
f 374 353 376
f 377 378 306
f 377 306 305
f 379 377 305
f 379 305 307
f 378 380 308
f 378 308 306
f 381 379 307
f 381 307 312
f 308 380 382
f 308 382 309
f 382 383 311
f 382 311 309
f 384 359 310
f 384 310 311
f 359 313 310
f 385 384 311
f 385 311 386
f 386 311 383
f 387 381 312
f 387 312 314
f 388 387 314
f 388 314 375
f 315 327 389
f 315 389 316
f 316 389 390
f 316 390 391
f 317 316 391
f 317 391 392
f 393 335 317
f 393 317 392
f 318 394 395
f 318 395 319
f 320 396 394
f 320 394 318
f 319 395 397
f 319 397 321
f 325 398 396
f 325 396 320
f 321 397 399
f 321 399 326
f 400 401 323
f 400 323 322
f 400 322 402
f 400 402 403
f 402 322 324
f 401 404 325
f 401 325 323
f 324 405 402
f 324 329 405
f 404 406 398
f 404 398 325
f 326 399 407
f 326 407 327
f 327 407 408
f 327 408 389
f 329 328 409
f 328 410 409
f 328 411 410
f 328 330 411
f 329 412 405
f 329 409 412
f 330 331 413
f 414 330 413
f 330 414 411
f 413 331 333
f 415 333 358
f 333 415 413
f 354 334 341
f 393 416 336
f 393 336 335
f 336 416 417
f 336 417 337
f 337 417 338
f 417 418 338
f 338 418 419
f 338 419 339
f 342 339 419
f 354 341 420
f 354 420 355
f 341 342 420
f 420 342 421
f 342 419 421
f 344 343 422
f 344 422 423
f 345 424 422
f 345 422 343
f 346 344 423
f 346 423 425
f 345 348 426
f 345 426 424
f 349 346 425
f 349 425 427
f 348 347 428
f 348 428 429
f 347 351 428
f 348 429 430
f 431 348 430
f 426 348 431
f 352 349 427
f 352 427 432
f 351 350 357
f 351 357 433
f 351 433 428
f 353 352 432
f 353 432 434
f 376 353 434
f 376 434 435
f 355 421 356
f 355 420 421
f 357 356 421
f 357 421 436
f 357 436 437
f 357 437 433
f 361 438 415
f 361 415 358
f 384 439 359
f 439 360 359
f 439 440 361
f 439 361 360
f 440 441 438
f 440 438 361
f 442 362 363
f 442 363 443
f 444 364 362
f 444 362 442
f 443 363 365
f 443 365 445
f 446 366 364
f 446 364 444
f 445 365 367
f 445 367 447
f 448 368 366
f 448 366 446
f 447 367 369
f 447 369 449
f 450 370 368
f 450 368 448
f 449 369 371
f 449 371 451
f 452 372 370
f 452 370 450
f 451 371 373
f 451 373 453
f 454 375 372
f 454 372 452
f 453 373 374
f 453 374 455
f 455 374 376
f 455 376 456
f 457 388 375
f 457 375 454
f 456 376 435
f 456 435 458
f 459 460 378
f 459 378 377
f 461 459 377
f 461 377 379
f 460 462 380
f 460 380 378
f 463 461 379
f 463 379 381
f 380 462 382
f 464 463 381
f 464 381 387
f 465 466 383
f 465 383 382
f 462 467 465
f 462 465 382
f 468 469 383
f 468 383 466
f 469 470 383
f 470 386 383
f 385 471 384
f 471 439 384
f 472 385 386
f 472 471 385
f 470 473 472
f 470 472 386
f 474 464 387
f 474 387 388
f 475 474 388
f 475 388 457
f 389 408 476
f 389 476 390
f 390 476 477
f 390 477 478
f 391 390 478
f 391 478 479
f 392 391 479
f 392 479 480
f 481 482 392
f 481 392 480
f 393 392 482
f 482 483 393
f 483 416 393
f 446 444 394
f 446 394 396
f 444 442 395
f 444 395 394
f 442 443 397
f 442 397 395
f 448 446 396
f 448 396 398
f 399 397 443
f 399 443 445
f 450 448 398
f 450 398 406
f 407 399 445
f 407 445 447
f 484 485 401
f 484 401 400
f 484 400 486
f 484 486 487
f 486 400 403
f 486 403 488
f 485 489 404
f 485 404 401
f 402 405 490
f 402 490 403
f 490 488 403
f 489 491 406
f 489 406 404
f 405 412 492
f 405 492 490
f 452 450 406
f 452 406 491
f 408 407 447
f 408 447 449
f 476 408 449
f 476 449 451
f 409 492 412
f 409 493 492
f 410 493 409
f 410 411 494
f 410 494 493
f 411 495 494
f 414 495 411
f 438 496 413
f 438 413 415
f 496 414 413
f 495 414 496
f 483 497 416
f 497 498 416
f 498 417 416
f 498 499 417
f 499 500 417
f 500 418 417
f 501 419 418
f 501 418 502
f 500 502 418
f 421 419 501
f 436 421 503
f 501 503 421
f 423 422 504
f 423 504 505
f 424 504 422
f 425 423 505
f 425 505 506
f 424 426 507
f 424 507 508
f 424 508 509
f 424 509 504
f 427 425 506
f 427 506 510
f 507 426 511
f 507 511 512
f 426 513 511
f 426 431 513
f 432 427 510
f 432 510 514
f 428 515 429
f 428 433 515
f 429 516 430
f 429 515 516
f 431 430 517
f 430 516 517
f 431 517 518
f 431 518 513
f 434 432 514
f 434 514 519
f 433 437 520
f 433 520 515
f 435 434 519
f 435 519 521
f 458 435 521
f 458 521 522
f 436 503 523
f 436 523 437
f 437 523 524
f 437 524 520
f 441 496 438
f 471 440 439
f 471 525 441
f 471 441 440
f 441 495 496
f 525 526 441
f 526 495 441
f 477 476 451
f 477 451 453
f 454 452 491
f 454 491 527
f 528 477 453
f 528 453 455
f 457 454 527
f 457 527 529
f 530 528 455
f 530 455 456
f 531 530 456
f 531 456 458
f 475 457 529
f 475 529 532
f 533 531 458
f 533 458 522
f 534 535 460
f 534 460 459
f 536 534 459
f 536 459 461
f 535 467 462
f 535 462 460
f 537 536 461
f 537 461 463
f 538 537 463
f 538 463 464
f 539 538 464
f 539 464 474
f 540 541 466
f 540 466 465
f 467 542 540
f 467 540 465
f 543 544 466
f 543 466 541
f 544 545 466
f 545 468 466
f 546 542 467
f 546 467 535
f 468 547 548
f 468 548 469
f 545 547 468
f 469 548 473
f 469 473 470
f 549 471 472
f 550 471 549
f 550 525 471
f 473 551 472
f 551 549 472
f 548 552 551
f 548 551 473
f 553 539 474
f 553 474 475
f 553 475 532
f 553 532 554
f 478 477 528
f 478 528 555
f 479 478 555
f 479 555 556
f 480 479 556
f 480 556 557
f 558 559 480
f 558 480 557
f 560 481 480
f 560 480 559
f 481 560 561
f 481 561 483
f 481 483 482
f 561 562 497
f 561 497 483
f 563 564 485
f 563 485 484
f 563 484 565
f 563 565 566
f 565 484 487
f 564 567 489
f 564 489 485
f 486 568 487
f 488 490 569
f 488 569 486
f 569 568 486
f 487 570 571
f 487 571 565
f 568 570 487
f 567 527 491
f 567 491 489
f 492 572 569
f 492 569 490
f 493 572 492
f 494 572 493
f 494 495 526
f 494 526 572
f 497 562 498
f 562 573 498
f 498 573 499
f 573 574 500
f 573 500 499
f 574 575 500
f 500 575 502
f 503 501 576
f 503 576 523
f 501 502 576
f 576 502 575
f 505 504 509
f 505 509 577
f 506 505 577
f 506 577 578
f 510 506 578
f 510 578 579
f 508 507 580
f 508 580 581
f 580 507 582
f 580 582 583
f 507 584 582
f 507 512 584
f 508 581 585
f 508 585 509
f 577 509 585
f 577 585 586
f 514 510 579
f 514 579 587
f 513 518 588
f 513 588 511
f 511 588 589
f 511 589 512
f 512 589 584
f 519 514 587
f 519 587 590
f 515 520 516
f 520 524 591
f 520 591 516
f 517 516 592
f 592 516 593
f 516 591 593
f 517 594 518
f 517 592 594
f 518 594 595
f 518 595 588
f 521 519 590
f 521 590 596
f 522 521 596
f 522 596 597
f 598 533 522
f 598 522 597
f 523 576 524
f 576 575 524
f 524 599 591
f 524 575 599
f 600 601 525
f 600 525 550
f 601 526 525
f 602 526 601
f 572 526 602
f 572 602 603
f 604 529 527
f 604 527 567
f 555 528 530
f 555 530 605
f 606 532 529
f 606 529 604
f 605 530 531
f 605 531 607
f 607 531 533
f 607 533 608
f 609 554 532
f 609 532 606
f 608 533 598
f 608 598 610
f 611 546 535
f 611 535 534
f 612 611 534
f 612 534 536
f 613 612 536
f 613 536 537
f 614 613 537
f 614 537 538
f 615 614 538
f 615 538 539
f 616 615 539
f 616 539 553
f 617 618 541
f 617 541 540
f 540 619 620
f 540 620 617
f 542 619 540
f 621 543 541
f 622 621 541
f 622 541 618
f 623 619 542
f 623 542 546
f 543 624 625
f 543 625 544
f 621 626 624
f 621 624 543
f 544 625 627
f 544 627 545
f 627 547 545
f 628 623 546
f 628 546 611
f 547 629 552
f 547 552 548
f 630 547 627
f 630 631 629
f 630 629 547
f 551 632 550
f 551 550 549
f 632 633 600
f 632 600 550
f 552 634 632
f 552 632 551
f 629 631 635
f 629 635 634
f 629 634 552
f 616 553 554
f 616 554 636
f 637 636 554
f 637 554 609
f 556 555 605
f 556 605 638
f 557 556 638
f 557 638 639
f 640 641 557
f 640 557 639
f 558 557 641
f 641 642 643
f 641 643 558
f 558 644 559
f 558 643 644
f 559 645 561
f 559 561 560
f 559 644 645
f 561 645 646
f 561 646 562
f 562 646 573
f 647 648 564
f 647 564 563
f 647 563 649
f 647 649 650
f 649 563 566
f 648 604 567
f 648 567 564
f 565 571 651
f 565 651 566
f 566 651 652
f 566 652 649
f 568 653 570
f 569 653 568
f 569 572 653
f 570 654 655
f 570 655 571
f 653 654 570
f 655 656 651
f 655 651 571
f 572 603 653
f 573 646 574
f 646 599 575
f 646 575 574
f 578 577 586
f 578 586 657
f 579 578 657
f 579 657 658
f 587 579 658
f 587 658 659
f 581 580 660
f 581 660 661
f 580 583 662
f 660 580 662
f 660 662 663
f 661 664 665
f 661 665 581
f 581 665 585
f 584 666 667
f 584 667 582
f 582 667 668
f 582 668 583
f 583 668 669
f 583 669 662
f 584 589 666
f 586 585 665
f 586 665 670
f 657 586 670
f 657 670 671
f 590 587 659
f 590 659 672
f 588 595 673
f 588 673 589
f 666 589 674
f 589 673 675
f 589 675 674
f 596 590 672
f 596 672 676
f 593 591 677
f 593 677 678
f 591 599 677
f 592 593 679
f 592 679 594
f 593 678 680
f 593 680 679
f 594 679 681
f 594 681 595
f 595 681 682
f 595 682 675
f 595 675 673
f 597 596 676
f 597 676 683
f 684 598 597
f 684 597 683
f 610 598 684
f 610 684 685
f 677 599 686
f 687 686 599
f 687 599 646
f 633 601 600
f 633 688 602
f 633 602 601
f 603 602 688
f 603 688 689
f 653 603 654
f 603 689 654
f 690 606 604
f 690 604 648
f 638 605 607
f 638 607 691
f 692 609 606
f 692 606 690
f 691 607 608
f 691 608 693
f 693 608 610
f 693 610 694
f 695 637 609
f 695 609 692
f 694 610 685
f 694 685 696
f 697 628 611
f 697 611 612
f 698 697 612
f 698 612 613
f 699 698 613
f 699 613 614
f 700 699 614
f 700 614 615
f 701 700 615
f 701 615 616
f 701 616 636
f 701 636 702
f 703 704 618
f 703 618 617
f 703 617 620
f 703 620 705
f 706 707 618
f 706 618 704
f 707 708 618
f 708 622 618
f 709 620 619
f 709 619 623
f 710 705 620
f 710 620 709
f 622 711 626
f 622 626 621
f 708 712 622
f 712 711 622
f 713 709 623
f 713 623 628
f 624 714 715
f 624 715 625
f 626 716 714
f 626 714 624
f 625 715 630
f 625 630 627
f 711 717 716
f 711 716 626
f 718 713 628
f 718 628 697
f 715 719 631
f 715 631 630
f 720 635 631
f 719 721 720
f 719 720 631
f 634 722 633
f 634 633 632
f 722 723 688
f 722 688 633
f 635 724 722
f 635 722 634
f 720 724 635
f 725 702 636
f 725 636 637
f 726 725 637
f 726 637 695
f 639 638 691
f 639 691 727
f 728 729 639
f 728 639 727
f 640 639 729
f 729 730 731
f 729 731 640
f 640 731 642
f 640 642 641
f 642 731 732
f 642 732 733
f 642 733 734
f 642 734 643
f 643 735 644
f 643 734 735
f 644 735 645
f 735 646 645
f 735 687 646
f 736 690 648
f 736 648 647
f 736 647 650
f 736 650 737
f 649 652 738
f 649 738 650
f 650 738 739
f 650 739 737
f 651 740 652
f 651 656 740
f 740 741 738
f 740 738 652
f 654 689 655
f 742 656 655
f 689 742 655
f 656 743 740
f 656 724 744
f 656 744 743
f 742 724 656
f 658 657 671
f 658 671 745
f 659 658 745
f 659 745 746
f 672 659 746
f 672 746 747
f 661 660 748
f 661 748 749
f 748 660 750
f 748 750 751
f 660 752 750
f 660 663 752
f 753 664 661
f 753 661 749
f 662 669 754
f 662 754 663
f 663 755 752
f 663 754 755
f 670 665 664
f 670 664 756
f 756 664 753
f 756 753 757
f 666 674 758
f 666 758 667
f 667 758 759
f 667 759 668
f 668 759 760
f 668 760 669
f 669 760 761
f 669 761 754
f 671 670 756
f 671 756 762
f 745 671 762
f 745 762 763
f 676 672 747
f 676 747 764
f 674 675 765
f 674 765 758
f 675 682 766
f 675 766 767
f 675 767 765
f 683 676 764
f 683 764 768
f 678 677 680
f 677 686 769
f 677 769 680
f 679 680 770
f 679 770 681
f 680 769 771
f 680 771 770
f 681 770 772
f 681 772 682
f 682 772 766
f 773 684 683
f 773 683 768
f 685 684 773
f 685 773 774
f 696 685 774
f 696 774 775
f 776 769 686
f 776 686 687
f 734 687 735
f 734 776 687
f 689 688 723
f 689 723 742
f 777 692 690
f 777 690 736
f 727 691 693
f 727 693 778
f 779 695 692
f 779 692 777
f 778 693 694
f 778 694 780
f 780 694 696
f 780 696 781
f 782 726 695
f 782 695 779
f 781 696 775
f 781 775 783
f 784 718 697
f 784 697 698
f 785 784 698
f 785 698 699
f 786 785 699
f 786 699 700
f 787 786 700
f 787 700 701
f 701 702 788
f 701 788 787
f 789 788 702
f 789 702 725
f 790 791 704
f 790 704 703
f 790 703 792
f 792 703 705
f 793 794 704
f 793 704 791
f 794 795 704
f 795 706 704
f 796 792 705
f 796 705 710
f 706 797 798
f 706 798 707
f 795 799 797
f 795 797 706
f 798 800 708
f 798 708 707
f 800 712 708
f 801 710 709
f 801 709 713
f 802 796 710
f 802 710 801
f 712 717 711
f 712 803 717
f 800 804 712
f 804 803 712
f 805 801 713
f 805 713 718
f 714 806 719
f 714 719 715
f 716 807 806
f 716 806 714
f 717 808 807
f 717 807 716
f 803 808 717
f 809 805 718
f 809 718 784
f 806 810 721
f 806 721 719
f 811 724 720
f 721 812 811
f 721 811 720
f 810 813 812
f 810 812 721
f 724 723 722
f 723 724 742
f 724 811 744
f 814 789 725
f 814 725 726
f 815 814 726
f 815 726 782
f 816 728 727
f 816 727 778
f 816 817 818
f 816 818 728
f 728 818 730
f 728 730 729
f 730 818 819
f 730 819 820
f 730 820 731
f 820 732 731
f 820 821 732
f 821 822 772
f 821 772 732
f 733 732 823
f 732 772 823
f 733 776 734
f 733 823 776
f 777 736 824
f 777 824 825
f 824 736 737
f 739 826 824
f 739 824 737
f 738 741 827
f 738 827 739
f 827 828 826
f 827 826 739
f 743 829 741
f 743 741 740
f 741 830 827
f 741 829 830
f 744 829 743
f 744 811 812
f 744 812 829
f 746 745 763
f 746 763 831
f 747 746 831
f 747 831 832
f 764 747 832
f 764 832 833
f 749 748 834
f 749 834 835
f 834 748 836
f 834 836 837
f 748 838 836
f 748 751 838
f 839 749 835
f 753 749 839
f 750 752 840
f 750 840 841
f 750 841 842
f 750 842 751
f 751 842 843
f 751 843 838
f 752 755 840
f 757 753 839
f 757 839 844
f 754 761 755
f 761 845 755
f 755 846 840
f 755 845 846
f 762 756 757
f 762 757 847
f 847 757 844
f 847 844 848
f 758 765 849
f 758 849 759
f 759 849 850
f 759 850 760
f 760 850 851
f 760 851 761
f 761 851 845
f 763 762 847
f 763 847 852
f 831 763 852
f 831 852 853
f 768 764 833
f 768 833 854
f 765 767 855
f 765 855 849
f 766 772 856
f 766 856 857
f 766 857 767
f 767 857 858
f 767 858 855
f 854 859 773
f 854 773 768
f 823 771 769
f 823 769 776
f 770 771 772
f 823 772 771
f 822 856 772
f 774 773 859
f 774 859 860
f 775 774 860
f 775 860 861
f 783 775 861
f 783 861 862
f 779 777 825
f 779 825 863
f 864 865 778
f 864 778 780
f 816 778 865
f 782 779 866
f 782 866 867
f 866 779 863
f 868 864 780
f 868 780 781
f 869 870 781
f 869 781 783
f 868 781 870
f 815 782 867
f 869 783 862
f 871 809 784
f 871 784 785
f 872 871 785
f 872 785 786
f 873 872 786
f 873 786 787
f 873 787 788
f 873 788 874
f 875 874 788
f 875 788 789
f 876 875 789
f 876 789 814
f 877 878 791
f 877 791 790
f 879 790 792
f 877 790 879
f 877 879 880
f 881 882 791
f 881 791 878
f 882 883 791
f 883 793 791
f 884 879 792
f 884 792 796
f 793 885 794
f 886 885 793
f 886 793 883
f 794 887 799
f 794 799 795
f 885 887 794
f 888 884 796
f 888 796 802
f 797 889 890
f 797 890 798
f 799 891 889
f 799 889 797
f 890 804 800
f 890 800 798
f 887 892 891
f 887 891 799
f 893 802 801
f 893 801 805
f 894 888 802
f 894 802 893
f 803 895 896
f 803 896 808
f 804 897 803
f 897 895 803
f 898 804 890
f 898 897 804
f 899 893 805
f 899 805 809
f 807 900 810
f 807 810 806
f 808 896 900
f 808 900 807
f 901 899 809
f 901 809 871
f 900 813 810
f 829 812 813
f 829 813 902
f 896 903 813
f 896 813 900
f 813 903 902
f 904 876 814
f 904 814 815
f 904 815 905
f 904 905 906
f 815 867 905
f 816 865 907
f 816 907 817
f 817 907 908
f 817 908 909
f 817 909 819
f 817 819 818
f 909 910 819
f 910 911 819
f 820 819 911
f 820 911 821
f 821 911 822
f 911 857 856
f 911 856 822
f 824 826 912
f 824 912 825
f 825 912 913
f 825 913 863
f 826 914 912
f 826 828 914
f 830 828 827
f 828 915 914
f 828 916 915
f 828 903 916
f 902 828 830
f 902 903 828
f 829 902 830
f 832 831 853
f 832 853 917
f 833 832 917
f 833 917 918
f 854 833 918
f 854 918 919
f 835 834 920
f 835 920 921
f 920 834 922
f 920 922 923
f 834 924 922
f 834 837 924
f 839 835 925
f 926 925 835
f 926 835 921
f 838 843 927
f 838 927 836
f 836 928 837
f 836 927 928
f 924 837 928
f 924 928 929
f 844 839 925
f 844 925 930
f 841 840 846
f 841 846 931
f 841 931 932
f 841 932 842
f 842 932 933
f 842 933 843
f 843 933 934
f 843 934 927
f 848 844 930
f 848 930 935
f 851 936 937
f 851 937 845
f 845 938 846
f 845 937 938
f 931 846 939
f 846 938 939
f 852 847 848
f 852 848 940
f 940 848 935
f 940 935 941
f 849 855 942
f 849 942 850
f 850 942 936
f 850 936 851
f 853 852 940
f 853 940 943
f 917 853 943
f 917 943 944
f 945 859 854
f 945 854 919
f 855 858 942
f 946 858 857
f 946 857 911
f 942 858 947
f 942 947 936
f 946 947 858
f 860 859 945
f 860 945 948
f 861 860 948
f 861 948 949
f 862 861 949
f 862 949 950
f 951 952 862
f 951 862 950
f 952 869 862
f 863 913 953
f 863 953 866
f 868 954 955
f 868 955 864
f 864 955 907
f 864 907 865
f 953 867 866
f 867 956 905
f 867 957 956
f 953 957 867
f 870 958 954
f 870 954 868
f 952 959 869
f 959 960 869
f 870 869 958
f 869 960 958
f 961 901 871
f 961 871 872
f 962 961 872
f 962 872 873
f 962 873 874
f 962 874 963
f 964 963 874
f 964 874 875
f 965 964 875
f 965 875 876
f 966 965 876
f 966 876 904
f 967 968 878
f 967 878 877
f 967 877 969
f 967 969 970
f 969 877 880
f 971 881 878
f 971 878 968
f 971 968 972
f 973 880 879
f 973 879 884
f 974 969 880
f 974 880 973
f 881 975 882
f 971 976 881
f 976 975 881
f 882 977 883
f 975 977 882
f 977 886 883
f 978 973 884
f 978 884 888
f 885 979 892
f 885 892 887
f 980 979 885
f 980 885 886
f 977 981 980
f 977 980 886
f 982 978 888
f 982 888 894
f 889 983 898
f 889 898 890
f 891 984 983
f 891 983 889
f 892 985 984
f 892 984 891
f 979 986 985
f 979 985 892
f 987 894 893
f 987 893 899
f 988 982 894
f 988 894 987
f 895 903 896
f 897 903 895
f 989 897 898
f 989 903 897
f 983 990 989
f 983 989 898
f 991 987 899
f 991 899 901
f 992 991 901
f 992 901 961
f 993 916 903
f 993 903 989
f 994 904 906
f 904 994 966
f 956 906 905
f 906 995 994
f 956 996 995
f 956 995 906
f 955 997 907
f 997 908 907
f 997 998 908
f 998 999 908
f 999 947 908
f 909 908 910
f 910 908 946
f 908 947 946
f 910 946 911
f 912 914 1000
f 912 1000 913
f 913 1000 953
f 914 915 1000
f 915 1001 1000
f 915 916 1001
f 916 993 1002
f 916 1002 1001
f 918 917 944
f 918 944 1003
f 919 918 1003
f 919 1003 1004
f 1005 945 919
f 1005 919 1004
f 921 920 1006
f 921 1006 1007
f 1008 1006 920
f 1008 920 923
f 1008 923 1009
f 1010 1011 921
f 1010 921 1007
f 926 921 1011
f 924 1012 922
f 922 1013 923
f 922 1012 1013
f 923 1014 1009
f 923 1013 1014
f 924 929 1012
f 930 925 926
f 930 926 1015
f 1015 926 1011
f 1015 1011 1016
f 927 934 1017
f 927 1017 928
f 929 928 1017
f 929 1017 1018
f 929 1018 1019
f 929 1019 1012
f 935 930 1015
f 935 1015 1020
f 931 939 1021
f 931 1021 932
f 932 1021 1022
f 932 1022 933
f 933 1022 1023
f 933 1023 934
f 934 1023 1024
f 934 1024 1017
f 941 935 1020
f 941 1020 1025
f 936 947 937
f 937 947 938
f 939 938 1026
f 938 947 1026
f 939 1026 1027
f 939 1027 1021
f 943 940 941
f 943 941 1028
f 1028 941 1025
f 1028 1025 1029
f 944 943 1028
f 944 1028 1030
f 1003 944 1030
f 1003 1030 1031
f 948 945 1005
f 948 1005 1032
f 1026 947 999
f 1026 999 1033
f 949 948 1032
f 949 1032 1034
f 950 949 1034
f 950 1034 1035
f 951 950 1036
f 1035 1036 950
f 1036 1037 951
f 952 951 959
f 951 1037 1038
f 951 1038 959
f 1039 957 953
f 1000 1039 953
f 958 1040 954
f 954 1040 997
f 954 997 955
f 957 996 956
f 957 1041 996
f 1039 1041 957
f 958 960 1042
f 958 1042 1040
f 959 1038 960
f 1038 1043 960
f 960 1043 1042
f 1044 992 961
f 1044 961 962
f 1044 962 963
f 1044 963 1045
f 1046 1045 963
f 1046 963 964
f 1047 1046 964
f 1047 964 965
f 1048 1047 965
f 1048 965 966
f 966 994 1049
f 966 1049 1048
f 1050 1051 968
f 1050 968 967
f 967 970 1052
f 967 1052 1050
f 1053 972 968
f 1053 968 1051
f 1053 1051 1054
f 1055 970 969
f 1055 969 974
f 1056 1052 970
f 1056 970 1055
f 1049 1057 971
f 1057 976 971
f 972 1058 1049
f 972 1049 971
f 1053 1059 1058
f 1053 1058 972
f 1060 974 973
f 1060 973 978
f 1061 1055 974
f 1061 974 1060
f 975 1062 981
f 975 981 977
f 976 1063 1062
f 976 1062 975
f 1057 1063 976
f 1064 1060 978
f 1064 978 982
f 1065 986 979
f 1065 979 980
f 981 1066 1065
f 981 1065 980
f 1062 1067 1066
f 1062 1066 981
f 1068 1064 982
f 1068 982 988
f 984 1069 990
f 984 990 983
f 985 1070 1069
f 985 1069 984
f 986 1071 1070
f 986 1070 985
f 1072 986 1065
f 1073 986 1072
f 1073 1071 986
f 1074 988 987
f 1074 987 991
f 1075 1068 988
f 1075 988 1074
f 990 1076 993
f 990 993 989
f 1069 1076 990
f 1077 1074 991
f 1077 991 992
f 1078 1077 992
f 1078 992 1044
f 993 1076 1002
f 995 1079 994
f 994 1079 1049
f 995 1080 1079
f 995 1081 1080
f 996 1082 1081
f 996 1081 995
f 1041 1082 996
f 1040 998 997
f 1040 1083 998
f 1083 999 998
f 1083 1084 1033
f 1083 1033 999
f 1000 1001 1039
f 1001 1085 1039
f 1001 1002 1085
f 1002 1086 1085
f 1002 1076 1087
f 1002 1087 1086
f 1004 1003 1031
f 1004 1031 1088
f 1089 1005 1004
f 1089 1004 1088
f 1032 1005 1089
f 1032 1089 1090
f 1007 1006 1091
f 1007 1091 1092
f 1006 1008 1093
f 1094 1091 1006
f 1094 1006 1093
f 1092 1095 1010
f 1092 1010 1007
f 1009 1096 1097
f 1009 1097 1008
f 1008 1097 1098
f 1008 1098 1093
f 1009 1099 1096
f 1009 1014 1099
f 1016 1011 1010
f 1016 1010 1100
f 1100 1010 1095
f 1100 1095 1101
f 1012 1019 1102
f 1012 1102 1013
f 1013 1102 1103
f 1013 1103 1014
f 1014 1103 1099
f 1020 1015 1016
f 1020 1016 1104
f 1104 1016 1100
f 1104 1100 1105
f 1018 1017 1024
f 1018 1024 1106
f 1018 1106 1107
f 1018 1107 1019
f 1019 1107 1108
f 1019 1108 1102
f 1025 1020 1104
f 1025 1104 1109
f 1021 1027 1110
f 1021 1110 1022
f 1022 1110 1111
f 1022 1111 1023
f 1023 1111 1112
f 1023 1112 1024
f 1106 1024 1113
f 1113 1024 1114
f 1024 1112 1114
f 1029 1025 1109
f 1029 1109 1115
f 1026 1033 1116
f 1026 1116 1027
f 1027 1116 1110
f 1030 1028 1029
f 1030 1029 1117
f 1117 1029 1115
f 1117 1115 1118
f 1031 1030 1117
f 1031 1117 1119
f 1088 1031 1119
f 1088 1119 1120
f 1034 1032 1090
f 1034 1090 1121
f 1084 1116 1033
f 1035 1034 1121
f 1035 1121 1122
f 1122 1096 1036
f 1122 1036 1035
f 1036 1123 1037
f 1096 1123 1036
f 1123 1124 1037
f 1124 1125 1037
f 1037 1125 1126
f 1037 1126 1038
f 1038 1126 1043
f 1085 1041 1039
f 1042 1083 1040
f 1041 1127 1082
f 1041 1071 1128
f 1041 1128 1127
f 1086 1041 1085
f 1086 1087 1071
f 1086 1071 1041
f 1042 1043 1129
f 1042 1129 1083
f 1126 1130 1043
f 1130 1131 1112
f 1130 1112 1043
f 1129 1043 1132
f 1043 1112 1133
f 1043 1133 1132
f 1078 1044 1045
f 1078 1045 1134
f 1135 1134 1045
f 1135 1045 1046
f 1136 1135 1046
f 1136 1046 1047
f 1137 1136 1047
f 1137 1047 1048
f 1137 1048 1049
f 1079 1057 1049
f 1138 1137 1049
f 1138 1049 1058
f 1139 1140 1051
f 1139 1051 1050
f 1139 1050 1141
f 1139 1141 1142
f 1141 1050 1052
f 1143 1144 1051
f 1143 1051 1140
f 1144 1145 1051
f 1145 1054 1051
f 1146 1141 1052
f 1146 1052 1056
f 1054 1147 1059
f 1054 1059 1053
f 1145 1148 1147
f 1145 1147 1054
f 1149 1056 1055
f 1149 1055 1061
f 1150 1146 1056
f 1150 1056 1149
f 1057 1151 1063
f 1079 1080 1057
f 1080 1151 1057
f 1152 1138 1058
f 1152 1058 1059
f 1153 1152 1059
f 1153 1059 1147
f 1154 1061 1060
f 1154 1060 1064
f 1155 1149 1061
f 1155 1061 1154
f 1063 1156 1067
f 1063 1067 1062
f 1151 1156 1063
f 1157 1154 1064
f 1157 1064 1068
f 1066 1158 1072
f 1066 1072 1065
f 1067 1159 1158
f 1067 1158 1066
f 1156 1159 1067
f 1160 1157 1068
f 1160 1068 1075
f 1070 1087 1076
f 1070 1076 1069
f 1071 1087 1070
f 1128 1071 1073
f 1158 1161 1073
f 1158 1073 1072
f 1161 1128 1073
f 1162 1075 1074
f 1162 1074 1077
f 1163 1160 1075
f 1163 1075 1162
f 1164 1162 1077
f 1164 1077 1078
f 1164 1078 1134
f 1164 1134 1165
f 1080 1166 1151
f 1081 1166 1080
f 1081 1161 1167
f 1081 1167 1166
f 1127 1081 1082
f 1127 1161 1081
f 1129 1084 1083
f 1129 1132 1084
f 1132 1133 1116
f 1132 1116 1084
f 1168 1089 1088
f 1168 1088 1120
f 1090 1089 1168
f 1090 1168 1169
f 1121 1090 1169
f 1121 1169 1170
f 1092 1091 1171
f 1092 1171 1172
f 1171 1091 1173
f 1171 1173 1174
f 1091 1175 1173
f 1091 1094 1175
f 1176 1177 1092
f 1176 1092 1172
f 1095 1092 1177
f 1093 1098 1178
f 1093 1178 1094
f 1094 1178 1179
f 1094 1179 1175
f 1101 1095 1177
f 1101 1177 1180
f 1096 1099 1123
f 1097 1096 1181
f 1097 1181 1182
f 1096 1122 1181
f 1098 1097 1182
f 1098 1182 1183
f 1178 1098 1183
f 1178 1183 1184
f 1103 1185 1099
f 1099 1124 1123
f 1099 1185 1124
f 1105 1100 1101
f 1105 1101 1186
f 1186 1101 1180
f 1186 1180 1187
f 1102 1108 1188
f 1102 1188 1103
f 1103 1188 1185
f 1109 1104 1105
f 1109 1105 1189
f 1189 1105 1186
f 1189 1186 1190
f 1106 1113 1191
f 1106 1191 1107
f 1107 1191 1192
f 1107 1192 1108
f 1108 1192 1188
f 1115 1109 1189
f 1115 1189 1193
f 1110 1116 1133
f 1110 1133 1111
f 1111 1133 1112
f 1114 1112 1131
f 1113 1114 1194
f 1113 1194 1191
f 1114 1131 1194
f 1118 1115 1193
f 1118 1193 1195
f 1119 1117 1118
f 1119 1118 1196
f 1196 1118 1195
f 1196 1195 1197
f 1120 1119 1196
f 1120 1196 1198
f 1199 1168 1120
f 1199 1120 1198
f 1122 1121 1170
f 1122 1170 1181
f 1185 1200 1124
f 1124 1200 1125
f 1200 1201 1194
f 1200 1194 1125
f 1126 1125 1130
f 1125 1194 1130
f 1128 1161 1127
f 1130 1194 1131
f 1202 1165 1134
f 1202 1134 1135
f 1203 1202 1135
f 1203 1135 1136
f 1138 1203 1136
f 1138 1136 1137
f 1152 1204 1203
f 1152 1203 1138
f 1205 1206 1140
f 1205 1140 1139
f 1205 1139 1207
f 1205 1207 1208
f 1207 1139 1142
f 1209 1210 1140
f 1209 1140 1206
f 1210 1143 1140
f 1211 1142 1141
f 1211 1141 1146
f 1212 1207 1142
f 1212 1142 1211
f 1143 1213 1214
f 1143 1214 1144
f 1210 1215 1213
f 1210 1213 1143
f 1144 1214 1148
f 1144 1148 1145
f 1216 1211 1146
f 1216 1146 1150
f 1148 1153 1147
f 1217 1153 1148
f 1217 1148 1214
f 1218 1150 1149
f 1218 1149 1155
f 1219 1216 1150
f 1219 1150 1218
f 1151 1220 1156
f 1166 1220 1151
f 1153 1221 1204
f 1153 1204 1152
f 1217 1222 1221
f 1217 1221 1153
f 1223 1155 1154
f 1223 1154 1157
f 1224 1218 1155
f 1224 1155 1223
f 1156 1225 1159
f 1220 1225 1156
f 1226 1223 1157
f 1226 1157 1160
f 1159 1227 1167
f 1159 1167 1158
f 1167 1161 1158
f 1225 1227 1159
f 1228 1226 1160
f 1228 1160 1163
f 1229 1163 1162
f 1229 1162 1164
f 1230 1228 1163
f 1230 1163 1229
f 1229 1164 1165
f 1229 1165 1231
f 1232 1231 1165
f 1232 1165 1202
f 1166 1167 1220
f 1233 1167 1227
f 1167 1233 1220
f 1169 1168 1199
f 1169 1199 1234
f 1170 1169 1234
f 1170 1234 1235
f 1181 1170 1235
f 1181 1235 1182
f 1172 1171 1236
f 1172 1236 1237
f 1236 1171 1238
f 1236 1238 1239
f 1171 1174 1238
f 1240 1241 1172
f 1240 1172 1237
f 1176 1172 1241
f 1175 1179 1242
f 1175 1242 1173
f 1173 1242 1243
f 1173 1243 1174
f 1174 1243 1244
f 1174 1244 1238
f 1180 1177 1176
f 1180 1176 1245
f 1245 1176 1241
f 1245 1241 1246
f 1178 1184 1179
f 1242 1179 1184
f 1242 1184 1247
f 1187 1180 1245
f 1187 1245 1248
f 1182 1235 1249
f 1182 1249 1183
f 1183 1249 1250
f 1183 1250 1184
f 1184 1250 1251
f 1184 1251 1247
f 1188 1252 1185
f 1185 1252 1200
f 1190 1186 1187
f 1190 1187 1253
f 1253 1187 1248
f 1253 1248 1254
f 1192 1255 1188
f 1188 1255 1252
f 1193 1189 1190
f 1193 1190 1256
f 1256 1190 1253
f 1256 1253 1257
f 1191 1201 1258
f 1191 1258 1192
f 1191 1194 1201
f 1192 1258 1255
f 1195 1193 1256
f 1195 1256 1259
f 1197 1195 1259
f 1197 1259 1260
f 1198 1196 1197
f 1198 1197 1261
f 1261 1197 1260
f 1261 1260 1262
f 1263 1199 1198
f 1263 1198 1261
f 1234 1199 1263
f 1234 1263 1264
f 1252 1201 1200
f 1258 1201 1265
f 1252 1265 1201
f 1204 1232 1202
f 1204 1202 1203
f 1221 1266 1232
f 1221 1232 1204
f 1267 1268 1206
f 1267 1206 1205
f 1267 1205 1208
f 1267 1208 1269
f 1270 1209 1206
f 1270 1206 1268
f 1271 1208 1207
f 1271 1207 1212
f 1272 1269 1208
f 1272 1208 1271
f 1209 1273 1215
f 1209 1215 1210
f 1270 1274 1273
f 1270 1273 1209
f 1275 1212 1211
f 1275 1211 1216
f 1276 1271 1212
f 1276 1212 1275
f 1215 1277 1213
f 1277 1217 1214
f 1277 1214 1213
f 1278 1277 1215
f 1278 1215 1273
f 1279 1275 1216
f 1279 1216 1219
f 1277 1280 1222
f 1277 1222 1217
f 1281 1219 1218
f 1281 1218 1224
f 1282 1279 1219
f 1282 1219 1281
f 1220 1233 1225
f 1222 1283 1266
f 1222 1266 1221
f 1280 1284 1283
f 1280 1283 1222
f 1285 1224 1223
f 1285 1223 1226
f 1286 1281 1224
f 1286 1224 1285
f 1225 1233 1227
f 1287 1285 1226
f 1287 1226 1228
f 1288 1287 1228
f 1288 1228 1230
f 1230 1229 1231
f 1230 1231 1289
f 1288 1230 1289
f 1288 1289 1290
f 1266 1289 1231
f 1266 1231 1232
f 1235 1234 1264
f 1235 1264 1249
f 1237 1236 1291
f 1237 1291 1292
f 1291 1236 1239
f 1291 1239 1293
f 1294 1240 1237
f 1294 1237 1292
f 1238 1244 1295
f 1238 1295 1239
f 1239 1295 1296
f 1239 1296 1293
f 1246 1241 1240
f 1246 1240 1297
f 1297 1240 1294
f 1297 1294 1298
f 1243 1242 1247
f 1243 1247 1299
f 1243 1299 1244
f 1295 1244 1299
f 1295 1299 1300
f 1248 1245 1246
f 1248 1246 1301
f 1301 1246 1297
f 1301 1297 1302
f 1247 1251 1303
f 1247 1303 1299
f 1254 1248 1301
f 1254 1301 1304
f 1249 1264 1305
f 1249 1305 1250
f 1250 1305 1306
f 1250 1306 1251
f 1251 1306 1307
f 1251 1307 1303
f 1255 1265 1252
f 1257 1253 1254
f 1257 1254 1308
f 1308 1254 1304
f 1308 1304 1309
f 1258 1265 1255
f 1259 1256 1257
f 1259 1257 1310
f 1310 1257 1308
f 1310 1308 1311
f 1260 1259 1310
f 1260 1310 1312
f 1262 1260 1312
f 1262 1312 1313
f 1314 1263 1261
f 1314 1261 1262
f 1315 1314 1262
f 1315 1262 1313
f 1264 1263 1314
f 1264 1314 1305
f 1283 1290 1289
f 1283 1289 1266
f 1316 1267 1269
f 1316 1269 1317
f 1316 1318 1268
f 1316 1268 1267
f 1318 1319 1270
f 1318 1270 1268
f 1269 1272 1320
f 1269 1320 1317
f 1274 1270 1321
f 1270 1319 1321
f 1322 1272 1271
f 1322 1271 1276
f 1320 1272 1323
f 1272 1322 1323
f 1273 1274 1324
f 1273 1324 1278
f 1325 1274 1321
f 1325 1326 1324
f 1325 1324 1274
f 1327 1276 1275
f 1327 1275 1279
f 1328 1322 1276
f 1328 1276 1327
f 1278 1329 1280
f 1278 1280 1277
f 1324 1330 1329
f 1324 1329 1278
f 1331 1327 1279
f 1331 1279 1282
f 1329 1332 1284
f 1329 1284 1280
f 1333 1282 1281
f 1333 1281 1286
f 1334 1331 1282
f 1334 1282 1333
f 1284 1335 1290
f 1284 1290 1283
f 1332 1336 1335
f 1332 1335 1284
f 1337 1286 1285
f 1337 1285 1287
f 1338 1333 1286
f 1338 1286 1337
f 1339 1337 1287
f 1339 1287 1288
f 1339 1288 1290
f 1339 1290 1335
f 1291 1293 1340
f 1291 1340 1341
f 1292 1291 1341
f 1292 1341 1342
f 1343 1294 1292
f 1343 1292 1342
f 1344 1293 1296
f 1344 1340 1293
f 1343 1345 1298
f 1343 1298 1294
f 1300 1346 1296
f 1300 1296 1295
f 1344 1296 1347
f 1296 1346 1348
f 1296 1348 1347
f 1302 1297 1298
f 1302 1298 1349
f 1350 1298 1345
f 1350 1349 1298
f 1299 1303 1351
f 1299 1351 1300
f 1300 1351 1352
f 1300 1352 1346
f 1304 1301 1302
f 1304 1302 1353
f 1353 1302 1349
f 1353 1349 1354
f 1303 1307 1355
f 1303 1355 1351
f 1309 1304 1353
f 1309 1353 1356
f 1305 1314 1315
f 1305 1315 1306
f 1306 1315 1357
f 1306 1357 1307
f 1307 1357 1358
f 1307 1358 1355
f 1311 1308 1309
f 1311 1309 1359
f 1359 1309 1356
f 1359 1356 1360
f 1312 1310 1311
f 1312 1311 1361
f 1361 1311 1359
f 1361 1359 1362
f 1313 1312 1361
f 1313 1361 1363
f 1357 1315 1313
f 1357 1313 1363
f 1364 1316 1317
f 1364 1317 1365
f 1364 1366 1318
f 1364 1318 1316
f 1317 1320 1367
f 1317 1367 1365
f 1366 1368 1319
f 1366 1319 1318
f 1319 1368 1321
f 1367 1320 1323
f 1369 1326 1321
f 1326 1325 1321
f 1370 1369 1321
f 1371 1370 1321
f 1371 1321 1368
f 1370 1323 1322
f 1370 1322 1369
f 1322 1328 1372
f 1322 1372 1373
f 1322 1373 1369
f 1371 1367 1323
f 1371 1323 1370
f 1326 1374 1330
f 1326 1330 1324
f 1369 1373 1326
f 1373 1372 1326
f 1374 1326 1372
f 1375 1328 1327
f 1375 1327 1331
f 1328 1375 1376
f 1328 1376 1372
f 1330 1377 1332
f 1330 1332 1329
f 1374 1378 1377
f 1374 1377 1330
f 1379 1375 1331
f 1379 1331 1334
f 1377 1380 1336
f 1377 1336 1332
f 1381 1334 1333
f 1381 1333 1338
f 1382 1379 1334
f 1382 1334 1381
f 1383 1339 1335
f 1383 1335 1336
f 1336 1380 1384
f 1336 1384 1383
f 1383 1338 1337
f 1383 1337 1339
f 1384 1381 1338
f 1384 1338 1383
f 1344 1385 1340
f 1341 1340 1385
f 1341 1385 1386
f 1342 1341 1386
f 1342 1386 1387
f 1388 1343 1342
f 1388 1342 1387
f 1388 1389 1345
f 1388 1345 1343
f 1344 1348 1390
f 1344 1347 1348
f 1344 1390 1391
f 1385 1344 1391
f 1385 1391 1392
f 1350 1345 1389
f 1346 1352 1393
f 1346 1393 1348
f 1348 1394 1390
f 1348 1395 1394
f 1395 1348 1393
f 1390 1349 1350
f 1390 1350 1391
f 1394 1395 1354
f 1394 1354 1349
f 1390 1394 1349
f 1350 1389 1392
f 1391 1350 1392
f 1351 1355 1396
f 1351 1396 1352
f 1352 1396 1397
f 1352 1397 1393
f 1356 1353 1354
f 1356 1354 1398
f 1395 1399 1398
f 1395 1398 1354
f 1355 1358 1400
f 1355 1400 1396
f 1360 1356 1398
f 1360 1398 1401
f 1358 1357 1363
f 1358 1363 1402
f 1402 1403 1400
f 1402 1400 1358
f 1362 1359 1360
f 1362 1360 1404
f 1404 1360 1401
f 1404 1401 1405
f 1363 1361 1362
f 1363 1362 1402
f 1402 1362 1404
f 1402 1404 1403
f 1365 1406 1364
f 1406 1366 1364
f 1406 1365 1367
f 1366 1406 1368
f 1406 1367 1371
f 1406 1371 1407
f 1407 1371 1368
f 1407 1368 1406
f 1372 1376 1408
f 1372 1408 1374
f 1409 1374 1410
f 1374 1408 1410
f 1409 1378 1374
f 1375 1379 1411
f 1411 1376 1375
f 1408 1376 1410
f 1376 1411 1410
f 1378 1412 1380
f 1378 1380 1377
f 1409 1413 1378
f 1412 1378 1413
f 1412 1413 1414
f 1411 1379 1415
f 1415 1379 1382
f 1412 1416 1384
f 1412 1384 1380
f 1416 1382 1381
f 1416 1381 1384
f 1382 1417 1415
f 1417 1382 1418
f 1382 1416 1419
f 1382 1419 1418
f 1420 1385 1392
f 1420 1392 1421
f 1385 1420 1386
f 1387 1386 1420
f 1387 1420 1388
f 1389 1388 1420
f 1421 1392 1389
f 1421 1389 1420
f 1422 1393 1423
f 1422 1424 1393
f 1393 1424 1395
f 1393 1397 1423
f 1424 1399 1395
f 1396 1400 1425
f 1396 1425 1397
f 1397 1426 1423
f 1427 1426 1397
f 1427 1397 1425
f 1428 1401 1398
f 1398 1399 1428
f 1422 1399 1424
f 1422 1428 1399
f 1400 1403 1429
f 1400 1429 1425
f 1430 1401 1428
f 1405 1401 1430
f 1403 1404 1405
f 1403 1405 1429
f 1430 1431 1405
f 1432 1405 1431
f 1432 1433 1429
f 1432 1429 1405
f 1434 1409 1410
f 1434 1435 1409
f 1435 1436 1409
f 1436 1413 1409
f 1411 1415 1410
f 1415 1437 1410
f 1437 1434 1410
f 1416 1412 1414
f 1414 1413 1436
f 1416 1414 1438
f 1414 1439 1438
f 1439 1414 1440
f 1441 1440 1414
f 1441 1414 1436
f 1437 1415 1442
f 1442 1415 1417
f 1419 1416 1438
f 1417 1443 1444
f 1417 1444 1442
f 1443 1417 1418
f 1418 1419 1445
f 1418 1445 1443
f 1445 1419 1438
f 1422 1430 1428
f 1422 1446 1430
f 1422 1447 1446
f 1422 1423 1447
f 1423 1448 1447
f 1423 1449 1448
f 1423 1426 1449
f 1427 1425 1429
f 1449 1426 1427
f 1450 1427 1429
f 1450 1451 1427
f 1452 1427 1451
f 1427 1452 1453
f 1449 1427 1453
f 1450 1429 1433
f 1454 1430 1446
f 1431 1430 1454
f 1454 1455 1456
f 1454 1456 1431
f 1432 1431 1456
f 1456 1457 1433
f 1456 1433 1432
f 1450 1433 1457
f 1458 1435 1434
f 1458 1434 1444
f 1434 1437 1442
f 1434 1442 1444
f 1441 1436 1435
f 1440 1441 1435
f 1440 1435 1458
f 1439 1445 1438
f 1458 1445 1439
f 1458 1439 1440
f 1444 1443 1445
f 1444 1445 1458
f 1455 1454 1446
f 1455 1446 1447
f 1455 1447 1448
f 1455 1448 1459
f 1448 1449 1453
f 1459 1448 1453
f 1459 1453 1452
f 1450 1457 1451
f 1452 1451 1457
f 1452 1457 1459
f 1459 1457 1456
f 1459 1456 1455
